monotonic_offset_s,utc_timestamp,T,T_dot,U,U_dot,V,V_dot,f,f_dot,mem
0.000287,2026-05-05T22:09:45.087698+00:00,47.95,,0.0,,0.8473,,2400.0,,5.1
0.5,2026-05-05T22:09:45.584180+00:00,48.2045,,16.36,,0.8473,,2400.0,,5.5608
1.001232,2026-05-05T22:09:46.085741+00:00,48.782,,33.4234,,0.8473,0.0,2400.0,0.0,6.4513
1.5,2026-05-05T22:09:46.584322+00:00,49.7349,,47.9036,,0.8473,0.0,2400.0,0.0,6.8858
2.0,2026-05-05T22:09:47.084404+00:00,50.0855,1.0677,59.172,,0.8473,0.0,2400.0,0.0,7.0979
2.5,2026-05-05T22:09:47.590318+00:00,50.864,1.3297,67.694,,0.8473,0.0,2400.0,0.0,7.2014
3.000001,2026-05-05T22:09:48.084346+00:00,51.4624,1.3402,74.1283,24.7094,0.8473,0.0,2400.0,0.0,7.2519
3.5,2026-05-05T22:09:48.584294+00:00,52.0496,1.1574,79.3051,20.9817,0.8473,0.0,2400.0,0.0,7.2765
4.0,2026-05-05T22:09:49.084344+00:00,52.6282,1.2714,83.0757,16.5508,0.8473,0.0,2400.0,0.0,7.2885
4.5,2026-05-05T22:09:49.584222+00:00,53.0729,1.1044,86.2978,12.7981,0.8473,0.0,2400.0,0.0,7.2944
5.0,2026-05-05T22:09:50.089219+00:00,53.6693,1.1034,88.4272,9.7517,0.8473,0.0,2400.0,0.0,7.2973
5.503314,2026-05-05T22:09:50.614025+00:00,53.7458,0.8481,90.1101,7.472,0.8473,0.0,2400.0,0.0,7.2987
6.0,2026-05-05T22:09:51.084259+00:00,54.0592,0.7155,91.6582,5.8433,0.8473,0.0,2400.0,0.0,7.2993
6.5,2026-05-05T22:09:51.584385+00:00,54.4273,0.6772,92.8017,4.4989,0.8473,0.0,2400.0,0.0,7.2997
7.0,2026-05-05T22:09:52.084239+00:00,54.4557,0.3932,93.6344,3.5195,0.8473,0.0,2400.0,0.0,7.2998
7.5,2026-05-05T22:09:52.691181+00:00,54.9866,0.6204,94.2743,2.6588,0.8473,0.0,2400.0,0.0,7.2487
8.0,2026-05-05T22:09:53.084201+00:00,55.1401,0.5405,94.5579,2.0436,0.8473,0.0,2400.0,0.0,7.275
8.5,2026-05-05T22:09:53.584430+00:00,55.5126,0.5427,95.0073,1.6324,0.8473,0.0,2400.0,0.0,7.2366
9.0,2026-05-05T22:09:54.084697+00:00,55.5444,0.5444,95.4684,1.2701,0.8473,0.0,2400.0,0.0,7.2179
9.5,2026-05-05T22:09:54.584228+00:00,55.8234,0.4184,95.7071,0.9685,0.8473,0.0,2400.0,0.0,7.1575
10.0,2026-05-05T22:09:55.088253+00:00,55.7833,0.3216,95.8906,0.7521,0.8473,0.0,2400.0,0.0,7.1281
10.5,2026-05-05T22:09:55.584435+00:00,56.1342,0.3108,95.9159,0.5472,0.8473,0.0,2400.0,0.0,7.0113
11.000617,2026-05-05T22:09:56.084907+00:00,56.1495,0.3025,96.1668,0.5363,0.8473,0.0,2400.0,0.0,6.9543
11.5,2026-05-05T22:09:56.584233+00:00,56.2884,0.2325,96.1282,0.3736,0.8473,0.0,2400.0,0.0,6.9265
12.0,2026-05-05T22:09:57.084226+00:00,56.6498,0.4333,96.3299,0.2872,0.8473,0.0,2400.0,0.0,6.9129
12.5,2026-05-05T22:09:57.588586+00:00,56.8002,0.333,96.2536,0.1821,0.8473,0.0,2400.0,0.0,6.8551
13.0,2026-05-05T22:09:58.084248+00:00,57.0431,0.4468,96.0561,0.0552,0.8473,0.0,2400.0,0.0,6.8269
13.5,2026-05-05T22:09:58.584427+00:00,57.2299,0.4707,96.2745,0.1195,0.8473,0.0,2400.0,0.0,6.7619
14.0,2026-05-05T22:09:59.084287+00:00,57.3734,0.3618,96.2341,0.0224,0.8473,0.0,2400.0,0.0,6.7302
14.501167,2026-05-05T22:09:59.585845+00:00,57.3564,0.2781,96.1799,0.0173,0.8473,0.0,2400.0,0.0,6.7147
15.0,2026-05-05T22:10:00.088846+00:00,57.5979,0.2774,96.2309,-0.033,0.8473,0.0,2400.0,0.0,6.7072
15.5,2026-05-05T22:10:00.584221+00:00,57.5289,0.1495,96.1774,-0.0254,0.8473,0.0,2400.0,0.0,6.6523
16.0,2026-05-05T22:10:01.084209+00:00,57.6032,0.1149,96.1364,0.0268,0.8473,0.0,2400.0,0.0,6.6255
16.5,2026-05-05T22:10:01.584858+00:00,57.9149,0.2792,96.0817,-0.0643,0.8473,0.0,2400.0,0.0,6.6125
17.0,2026-05-05T22:10:02.084214+00:00,57.8999,0.151,96.0628,-0.0571,0.8473,0.0,2400.0,0.0,6.6061
17.5,2026-05-05T22:10:02.589889+00:00,58.1429,0.307,96.0483,-0.0439,0.8473,0.0,2400.0,0.0,6.5518
18.0,2026-05-05T22:10:03.084464+00:00,58.2024,0.2996,96.1528,-0.026,0.8473,0.0,2400.0,0.0,6.5253
18.501049,2026-05-05T22:10:03.585279+00:00,58.3754,0.2302,96.2331,0.0186,0.8473,0.0,2400.0,0.0,6.5123
19.0,2026-05-05T22:10:04.084220+00:00,58.2538,0.177,96.1792,0.0143,0.8473,0.0,2400.0,0.0,6.506
19.5,2026-05-05T22:10:04.584227+00:00,58.5422,0.1997,96.1609,0.0264,0.8473,0.0,2400.0,0.0,6.5029
20.0,2026-05-05T22:10:05.089379+00:00,58.5093,0.1535,96.2393,0.0589,0.8473,0.0,2400.0,0.0,6.5014
20.5,2026-05-05T22:10:05.584405+00:00,58.484,0.0543,96.2997,0.0838,0.8473,0.0,2400.0,0.0,6.5007
21.0,2026-05-05T22:10:06.084529+00:00,58.7191,0.2326,96.2072,0.0181,0.8473,0.0,2400.0,0.0,6.5003
21.5,2026-05-05T22:10:06.584683+00:00,58.7725,0.1152,96.2749,0.0139,0.8473,0.0,2400.0,0.0,6.5002
22.0,2026-05-05T22:10:07.084716+00:00,58.9409,0.2158,96.327,0.0493,0.8473,0.0,2400.0,0.0,6.5001
22.5,2026-05-05T22:10:07.587855+00:00,58.943,0.2295,96.4827,0.1073,0.8473,0.0,2400.0,0.0,6.4488
23.0,2026-05-05T22:10:08.084275+00:00,59.0719,0.1764,96.4867,0.0825,0.8473,0.0,2400.0,0.0,6.475
23.5,2026-05-05T22:10:08.584222+00:00,59.0437,0.1356,96.4898,0.0634,0.8473,0.0,2400.0,0.0,6.4878
24.0,2026-05-05T22:10:09.084312+00:00,59.1493,0.1042,96.3765,0.0564,0.8473,0.0,2400.0,0.0,6.4941
24.5,2026-05-05T22:10:09.584462+00:00,59.3577,0.2074,96.5208,0.0819,0.8473,0.0,2400.0,0.0,6.4459
25.0,2026-05-05T22:10:10.089326+00:00,59.3906,0.1594,96.5159,0.063,0.8473,0.0,2400.0,0.0,6.4224
25.5,2026-05-05T22:10:10.584560+00:00,59.5432,0.2498,96.3966,-0.0287,0.8473,0.0,2400.0,0.0,6.4109
26.0,2026-05-05T22:10:11.084280+00:00,59.6605,0.2556,96.1891,-0.0992,0.8473,0.0,2400.0,0.0,6.4053
26.5,2026-05-05T22:10:11.584431+00:00,59.4961,0.0692,96.2379,-0.084,0.8473,0.0,2400.0,0.0,6.4026
27.0,2026-05-05T22:10:12.084461+00:00,59.6243,0.1168,96.1828,-0.0645,0.8473,0.0,2400.0,0.0,6.4013
27.5,2026-05-05T22:10:12.589143+00:00,59.7228,0.0898,96.2562,-0.0882,0.8473,0.0,2400.0,0.0,6.4006
28.0,2026-05-05T22:10:13.084321+00:00,59.9258,0.1326,96.1969,-0.1063,0.8473,0.0,2400.0,0.0,6.4003
28.5,2026-05-05T22:10:13.584301+00:00,59.8272,0.1656,96.1514,-0.0817,0.8473,0.0,2400.0,0.0,6.4001
29.0,2026-05-05T22:10:14.084469+00:00,60.1333,0.2545,96.3477,0.0529,0.8473,0.0,2400.0,0.0,6.4001
29.5,2026-05-05T22:10:14.584190+00:00,60.114,0.1956,96.2673,0.0098,0.8473,0.0,2400.0,0.0,6.4
30.0,2026-05-05T22:10:15.088882+00:00,59.972,0.0231,96.4368,0.0847,0.8473,0.0,2400.0,0.0,6.4
30.5,2026-05-05T22:10:15.584370+00:00,60.2446,0.2087,96.3126,0.0188,0.8473,0.0,2400.0,0.0,6.4
31.0,2026-05-05T22:10:16.084705+00:00,60.3268,0.0967,96.2403,0.0144,0.8473,0.0,2400.0,0.0,6.4
31.5,2026-05-05T22:10:16.584279+00:00,60.2628,0.0744,96.1615,0.0034,0.8473,0.0,2400.0,0.0,6.4
32.0,2026-05-05T22:10:17.084401+00:00,60.0863,0.0571,96.1242,-0.0745,0.8473,0.0,2400.0,0.0,6.4
32.5,2026-05-05T22:10:17.588316+00:00,60.3324,0.0439,95.9334,-0.1113,0.8473,0.0,2400.0,0.0,6.3488
33.000051,2026-05-05T22:10:18.085090+00:00,60.3943,0.0338,96.0645,-0.1241,0.8473,0.0,2400.0,0.0,6.375
33.5,2026-05-05T22:10:18.584196+00:00,60.6965,0.2169,95.8413,-0.1571,0.8473,0.0,2400.0,0.0,6.3878
34.0,2026-05-05T22:10:19.084320+00:00,60.8014,0.3576,95.8781,-0.1207,0.8473,0.0,2400.0,0.0,6.394
34.5,2026-05-05T22:10:19.584428+00:00,60.8821,0.2748,96.022,-0.0465,0.8473,0.0,2400.0,0.0,6.3971
35.0,2026-05-05T22:10:20.090083+00:00,60.9441,0.2749,96.0169,-0.0358,0.8473,0.0,2400.0,0.0,6.3986
35.5,2026-05-05T22:10:20.584202+00:00,60.9917,0.1476,95.8973,-0.0121,0.8473,0.0,2400.0,0.0,6.3481
36.0,2026-05-05T22:10:21.084221+00:00,61.0283,0.1135,95.9211,-0.0478,0.8473,0.0,2400.0,0.0,6.3235
36.5,2026-05-05T22:10:21.584216+00:00,60.9292,0.0236,95.9393,0.0327,0.8473,0.0,2400.0,0.0,6.3115
37.0,2026-05-05T22:10:22.084697+00:00,61.3621,0.209,96.0691,0.0637,0.8473,0.0,2400.0,0.0,6.3056
37.5,2026-05-05T22:10:22.589108+00:00,61.4403,0.2243,96.0531,0.0104,0.8473,0.0,2400.0,0.0,6.3027
38.0,2026-05-05T22:10:23.084988+00:00,61.6277,0.2997,96.0408,0.008,0.8473,0.0,2400.0,0.0,6.3525
38.5,2026-05-05T22:10:23.584234+00:00,61.8989,0.4849,95.9157,0.0061,0.8473,0.0,2400.0,0.0,6.3256
39.0,2026-05-05T22:10:24.084740+00:00,61.8529,0.2454,95.7732,-0.0493,0.8473,0.0,2400.0,0.0,6.3125
39.5,2026-05-05T22:10:24.584195+00:00,61.8175,0.1886,95.71,-0.0764,0.8473,0.0,2400.0,0.0,6.3061
40.0,2026-05-05T22:10:25.088294+00:00,61.7903,0.0813,95.7771,-0.0973,0.8473,0.0,2400.0,0.0,6.303
40.5,2026-05-05T22:10:25.584227+00:00,61.6422,-0.1284,95.5973,-0.1519,0.8473,0.0,2400.0,0.0,6.3015
41.0,2026-05-05T22:10:26.084214+00:00,61.7828,-0.035,95.6905,-0.1168,0.8473,0.0,2400.0,0.0,6.3007
41.5,2026-05-05T22:10:26.584263+00:00,61.8909,0.0367,95.6464,-0.0898,0.8473,0.0,2400.0,0.0,6.3003
42.0,2026-05-05T22:10:27.084204+00:00,61.974,0.0918,95.9596,0.0621,0.8473,0.0,2400.0,0.0,6.3002
42.5,2026-05-05T22:10:27.590028+00:00,62.1651,0.2615,96.2004,0.1635,0.8473,0.0,2400.0,0.0,6.3001
43.000784,2026-05-05T22:10:28.085069+00:00,62.3121,0.2646,96.154,0.1256,0.8473,0.0,2400.0,0.0,6.3
43.5,2026-05-05T22:10:28.584282+00:00,62.425,0.267,95.9795,0.1274,0.8473,0.0,2400.0,0.0,6.3
44.0,2026-05-05T22:10:29.084504+00:00,62.5117,0.2689,95.9843,0.0979,0.8473,0.0,2400.0,0.0,6.3
44.5,2026-05-05T22:10:29.584251+00:00,62.4512,0.143,95.9879,0.1138,0.8473,0.0,2400.0,0.0,6.3
45.0,2026-05-05T22:10:30.107608+00:00,62.5319,0.1099,95.875,-0.0282,0.8473,0.0,2400.0,0.0,6.3
45.5,2026-05-05T22:10:30.584438+00:00,62.7212,0.1481,95.9965,-0.068,0.8473,0.0,2400.0,0.0,6.3
46.0,2026-05-05T22:10:31.084225+00:00,62.8667,0.1775,95.9742,-0.0599,0.8473,0.0,2400.0,0.0,6.3
46.5,2026-05-05T22:10:31.584230+00:00,62.9785,0.2637,95.8876,-0.0306,0.8473,0.0,2400.0,0.0,6.3
47.0,2026-05-05T22:10:32.084326+00:00,62.9372,0.2027,95.9136,-0.0236,0.8473,0.0,2400.0,0.0,6.3
47.5,2026-05-05T22:10:32.588364+00:00,63.0327,0.1558,96.0493,0.0205,0.8473,0.0,2400.0,0.0,6.3
48.0,2026-05-05T22:10:33.084227+00:00,62.9789,0.0561,96.0147,0.0466,0.8473,0.0,2400.0,0.0,6.3512
48.5,2026-05-05T22:10:33.584676+00:00,63.0648,0.0431,96.127,0.0435,0.8473,0.0,2400.0,0.0,6.325
49.0,2026-05-05T22:10:34.084400+00:00,63.258,0.1604,96.329,0.1183,0.8473,0.0,2400.0,0.0,6.3122
49.5,2026-05-05T22:10:34.584191+00:00,63.152,0.0597,96.2529,0.1218,0.8473,0.0,2400.0,0.0,6.306
50.0,2026-05-05T22:10:35.088076+00:00,63.4524,0.2368,96.1712,0.0859,0.8473,0.0,2400.0,0.0,6.3029
50.5,2026-05-05T22:10:35.584409+00:00,63.556,0.2456,96.2473,0.066,0.8473,0.0,2400.0,0.0,6.3014
51.000592,2026-05-05T22:10:36.084856+00:00,63.6356,0.1888,96.3058,0.097,0.8473,0.0,2400.0,0.0,6.3007
51.500576,2026-05-05T22:10:36.584840+00:00,63.6968,0.2724,96.1193,-0.0026,0.8473,0.0,2400.0,0.0,6.3003
52.0,2026-05-05T22:10:37.084218+00:00,63.4893,0.0184,96.2074,-0.0405,0.8473,0.0,2400.0,0.0,6.3002
52.5,2026-05-05T22:10:37.589506+00:00,63.5843,0.0142,96.3908,0.046,0.8473,0.0,2400.0,0.0,6.3001
53.0,2026-05-05T22:10:38.084245+00:00,63.6574,0.0109,96.1615,-0.0032,0.8473,0.0,2400.0,0.0,6.3
53.5,2026-05-05T22:10:38.584243+00:00,63.8408,0.072,96.3556,0.0361,0.8473,0.0,2400.0,0.0,6.3
54.0,2026-05-05T22:10:39.084327+00:00,63.9817,0.2462,96.4121,0.0354,0.8473,0.0,2400.0,0.0,6.3
54.50056,2026-05-05T22:10:39.584797+00:00,64.2174,0.3165,96.5482,0.1429,0.8473,0.0,2400.0,0.0,6.3
55.0,2026-05-05T22:10:40.088318+00:00,64.0167,0.1797,96.4213,0.0713,0.8473,0.0,2400.0,0.0,6.3
55.5,2026-05-05T22:10:40.584292+00:00,64.1169,0.1381,96.5552,0.0548,0.8473,0.0,2400.0,0.0,6.3
56.0,2026-05-05T22:10:41.084830+00:00,64.0667,0.0425,96.5424,0.127,0.8473,0.0,2400.0,0.0,6.3
56.500049,2026-05-05T22:10:41.584259+00:00,64.0282,-0.0946,96.4401,0.0282,0.8473,0.0,2400.0,0.0,6.3
57.0,2026-05-05T22:10:42.084234+00:00,64.1258,0.0546,96.4308,0.0062,0.8473,0.0,2400.0,0.0,6.3
57.5,2026-05-05T22:10:42.588241+00:00,64.0735,-0.0217,96.3311,-0.0724,0.8473,0.0,2400.0,0.0,6.3
58.0,2026-05-05T22:10:43.084319+00:00,64.0334,-0.0167,96.1388,-0.0942,0.8473,0.0,2400.0,0.0,6.3
58.500461,2026-05-05T22:10:43.584659+00:00,64.0025,-0.0128,96.1067,-0.1495,0.8473,0.0,2400.0,0.0,6.3
59.0,2026-05-05T22:10:44.084233+00:00,63.9788,-0.0735,96.1745,-0.1226,0.8473,0.0,2400.0,0.0,6.3
59.5,2026-05-05T22:10:44.584339+00:00,64.0878,0.0072,96.111,-0.1097,0.8473,0.0,2400.0,0.0,6.3
60.000001,2026-05-05T22:10:45.091719+00:00,64.1716,0.0691,96.1779,-0.0843,0.8473,0.0,2400.0,0.0,6.3
60.5,2026-05-05T22:10:45.584199+00:00,64.3633,0.1804,96.1367,-0.0648,0.8473,0.0,2400.0,0.0,6.3
61.0,2026-05-05T22:10:46.084325+00:00,64.5106,0.2659,96.0819,-0.0189,0.8473,0.0,2400.0,0.0,6.3
61.5,2026-05-05T22:10:46.584377+00:00,64.6239,0.268,96.1787,0.024,0.8473,0.0,2400.0,0.0,6.3
62.0,2026-05-05T22:10:47.084740+00:00,64.5836,0.206,96.1142,-0.0201,0.8473,0.0,2400.0,0.0,6.3
62.5,2026-05-05T22:10:47.589120+00:00,64.8073,0.222,96.1803,0.0231,0.8473,0.0,2400.0,0.0,6.3
63.0,2026-05-05T22:10:48.084219+00:00,64.9791,0.2342,96.1155,-0.0208,0.8473,0.0,2400.0,0.0,6.3
63.5,2026-05-05T22:10:48.584424+00:00,64.8567,0.1164,96.2044,0.0226,0.8473,0.0,2400.0,0.0,6.3
64.0,2026-05-05T22:10:49.084504+00:00,64.8899,0.1531,96.0414,-0.0135,0.8473,0.0,2400.0,0.0,6.3
64.5,2026-05-05T22:10:49.584227+00:00,65.0426,0.1177,96.2864,0.0359,0.8473,0.0,2400.0,0.0,6.3
65.0,2026-05-05T22:10:50.090405+00:00,65.16,0.0904,96.2201,0.0353,0.8473,0.0,2400.0,0.0,6.3
65.5,2026-05-05T22:10:50.584885+00:00,65.2503,0.1968,96.2617,0.0271,0.8473,0.0,2400.0,0.0,6.3512
66.0,2026-05-05T22:10:51.084396+00:00,65.3196,0.2149,96.178,0.0209,0.8473,0.0,2400.0,0.0,6.3762
66.5,2026-05-05T22:10:51.584222+00:00,65.5002,0.2288,96.1368,-0.0225,0.8473,0.0,2400.0,0.0,6.3884
67.0,2026-05-05T22:10:52.084435+00:00,65.639,0.2395,95.9895,-0.0173,0.8473,0.0,2400.0,0.0,6.3943
67.5,2026-05-05T22:10:52.591050+00:00,65.7457,0.2477,95.7605,-0.1753,0.8473,0.0,2400.0,0.0,6.346
68.0,2026-05-05T22:10:53.084681+00:00,65.8277,0.254,95.9316,-0.0962,0.8473,0.0,2400.0,0.0,6.3737
68.5,2026-05-05T22:10:53.584239+00:00,66.018,0.2589,95.9474,-0.1048,0.8473,0.0,2400.0,0.0,6.3359
69.0,2026-05-05T22:10:54.084207+00:00,65.7824,0.0717,96.191,0.0043,0.8473,0.0,2400.0,0.0,6.3175
69.500001,2026-05-05T22:10:54.584899+00:00,65.7286,-0.0085,96.3782,0.0805,0.8473,0.0,2400.0,0.0,6.3086
70.0,2026-05-05T22:10:55.088399+00:00,65.6873,-0.0702,96.0824,0.031,0.8473,0.0,2400.0,0.0,6.3042
70.500652,2026-05-05T22:10:55.584901+00:00,65.6555,-0.1812,96.0865,0.1087,0.8473,0.0,2400.0,0.0,6.302
71.0,2026-05-05T22:10:56.084214+00:00,65.7584,-0.012,96.0665,0.045,0.8473,0.0,2400.0,0.0,6.301
71.5,2026-05-05T22:10:56.584206+00:00,65.8374,0.0544,96.2825,0.1117,0.8473,0.0,2400.0,0.0,6.3005
72.0,2026-05-05T22:10:57.084181+00:00,65.8982,0.1054,96.3328,0.0473,0.8473,0.0,2400.0,0.0,6.3002
72.5,2026-05-05T22:10:57.590182+00:00,66.0722,0.2083,96.3715,-0.0022,0.8473,0.0,2400.0,0.0,6.3001
73.0,2026-05-05T22:10:58.084405+00:00,66.0786,0.1601,96.2855,0.0677,0.8473,0.0,2400.0,0.0,6.3001
73.5,2026-05-05T22:10:58.584247+00:00,66.3381,0.2503,96.3352,0.0829,0.8473,0.0,2400.0,0.0,6.3
74.0,2026-05-05T22:10:59.084197+00:00,66.4103,0.256,96.3965,0.11,0.8473,0.0,2400.0,0.0,6.3
74.5,2026-05-05T22:10:59.584283+00:00,66.2112,0.0695,96.2816,-0.0003,0.8473,0.0,2400.0,0.0,6.3
75.0,2026-05-05T22:11:00.088789+00:00,66.1855,0.0534,96.309,-0.008,0.8473,0.0,2400.0,0.0,6.3
75.5,2026-05-05T22:11:00.584652+00:00,66.5475,0.1047,96.0986,-0.091,0.8473,0.0,2400.0,0.0,6.3
76.0,2026-05-05T22:11:01.084211+00:00,66.1894,-0.1104,95.9601,-0.1085,0.8473,0.0,2400.0,0.0,6.3
76.5,2026-05-05T22:11:01.584253+00:00,66.4233,0.106,95.9693,-0.1219,0.8473,0.0,2400.0,0.0,6.2488
77.0,2026-05-05T22:11:02.084877+00:00,66.3485,0.0815,95.745,-0.2171,0.8473,0.0,2400.0,0.0,6.2238
77.5,2026-05-05T22:11:02.591825+00:00,66.6728,0.0626,95.9197,-0.1206,0.8473,0.0,2400.0,0.0,6.2116
78.000029,2026-05-05T22:11:03.084251+00:00,66.7948,0.3027,95.9383,-0.1236,0.8473,0.0,2400.0,0.0,6.2569
78.5,2026-05-05T22:11:03.584189+00:00,66.634,0.1054,96.0683,-0.0101,0.8473,0.0,2400.0,0.0,6.279
79.0,2026-05-05T22:11:04.084362+00:00,66.8922,0.2719,96.0525,0.0308,0.8473,0.0,2400.0,0.0,6.2897
79.5,2026-05-05T22:11:04.584896+00:00,66.9635,0.1453,96.2717,0.1008,0.8473,0.0,2400.0,0.0,6.295
80.0,2026-05-05T22:11:05.088271+00:00,67.1455,0.1753,96.3246,0.1932,0.8473,0.0,2400.0,0.0,6.2976
80.5,2026-05-05T22:11:05.584683+00:00,67.4126,0.3893,96.4809,0.187,0.8473,0.0,2400.0,0.0,6.2988
81.0,2026-05-05T22:11:06.084731+00:00,67.2362,0.172,96.3696,0.1438,0.8473,0.0,2400.0,0.0,6.2994
81.500078,2026-05-05T22:11:06.584298+00:00,67.4823,0.2594,96.3998,0.1105,0.8473,0.0,2400.0,0.0,6.2997
82.0,2026-05-05T22:11:07.084251+00:00,67.5443,0.1994,96.3073,0.0849,0.8473,0.0,2400.0,0.0,6.2999
82.5,2026-05-05T22:11:07.588815+00:00,67.4646,0.026,96.4676,0.0653,0.8473,0.0,2400.0,0.0,6.2487
83.0,2026-05-05T22:11:08.084235+00:00,67.6579,0.2109,96.4751,0.0502,0.8473,0.0,2400.0,0.0,6.275
83.5,2026-05-05T22:11:08.584211+00:00,67.6792,0.0984,96.342,-0.0463,0.8473,0.0,2400.0,0.0,6.2878
84.0,2026-05-05T22:11:09.084255+00:00,67.9501,0.2029,96.3786,0.003,0.8473,0.0,2400.0,0.0,6.294
84.5,2026-05-05T22:11:09.584782+00:00,68.0311,0.2832,96.291,-0.0363,0.8473,0.0,2400.0,0.0,6.2971
85.0,2026-05-05T22:11:10.089094+00:00,67.9661,0.1541,96.3393,0.0107,0.8473,0.0,2400.0,0.0,6.2986
85.5,2026-05-05T22:11:10.584230+00:00,68.0433,0.1821,96.3765,-0.0303,0.8473,0.0,2400.0,0.0,6.2993
86.0,2026-05-05T22:11:11.084283+00:00,67.9755,0.0127,96.2894,-0.0619,0.8473,0.0,2400.0,0.0,6.2997
86.5,2026-05-05T22:11:11.584224+00:00,67.6687,-0.1812,96.3381,-0.0013,0.8473,0.0,2400.0,0.0,6.2998
87.0,2026-05-05T22:11:12.084444+00:00,67.6875,-0.1393,96.3756,-0.001,0.8473,0.0,2400.0,0.0,6.2999
87.5,2026-05-05T22:11:12.588973+00:00,67.8293,-0.107,96.4044,0.0378,0.8473,0.0,2400.0,0.0,6.2488
88.0,2026-05-05T22:11:13.084226+00:00,67.8109,-0.0823,96.4265,0.0291,0.8473,0.0,2400.0,0.0,6.275
88.5,2026-05-05T22:11:13.584487+00:00,67.9241,0.1277,96.5592,0.0609,0.8473,0.0,2400.0,0.0,6.2878
89.0,2026-05-05T22:11:14.084252+00:00,68.0111,0.1618,96.4298,0.0468,0.8473,0.0,2400.0,0.0,6.294
89.5,2026-05-05T22:11:14.584276+00:00,67.9507,0.0607,96.3303,-0.0026,0.8473,0.0,2400.0,0.0,6.2971
90.0,2026-05-05T22:11:15.089835+00:00,68.286,0.2376,96.2539,-0.0406,0.8473,0.0,2400.0,0.0,6.2986
90.5,2026-05-05T22:11:15.584709+00:00,68.2893,0.1826,96.2877,-0.0389,0.8473,0.0,2400.0,0.0,6.2993
91.000459,2026-05-05T22:11:16.084746+00:00,68.419,0.204,96.2211,-0.0685,0.8473,0.0,2400.0,0.0,6.2997
91.5,2026-05-05T22:11:16.584642+00:00,68.3915,0.2204,96.17,-0.1297,0.8473,0.0,2400.0,0.0,6.2998
92.0,2026-05-05T22:11:17.084235+00:00,68.4976,0.1058,96.1306,-0.0997,0.8473,0.0,2400.0,0.0,6.2999
92.500832,2026-05-05T22:11:17.589228+00:00,68.5791,0.1449,96.2161,-0.0381,0.8473,0.0,2400.0,0.0,6.3
93.0,2026-05-05T22:11:18.084225+00:00,68.7691,0.175,96.2587,0.0016,0.8473,0.0,2400.0,0.0,6.3
93.5,2026-05-05T22:11:18.584259+00:00,68.5333,0.0709,96.3145,0.0089,0.8473,0.0,2400.0,0.0,6.3
94.0,2026-05-05T22:11:19.084738+00:00,68.6066,0.0545,96.2417,0.0069,0.8473,0.0,2400.0,0.0,6.3
94.5,2026-05-05T22:11:19.584240+00:00,68.7902,0.1055,96.3015,0.0438,0.8473,0.0,2400.0,0.0,6.3
95.0,2026-05-05T22:11:20.088333+00:00,68.6767,-0.0462,96.3474,0.0723,0.8473,0.0,2400.0,0.0,6.3
95.5,2026-05-05T22:11:20.584301+00:00,68.5896,0.0281,96.3596,0.0478,0.8473,0.0,2400.0,0.0,6.3
96.0,2026-05-05T22:11:21.084621+00:00,68.7771,0.0853,96.3921,0.0445,0.8473,0.0,2400.0,0.0,6.3
96.5,2026-05-05T22:11:21.584191+00:00,68.9212,0.0655,96.1857,-0.043,0.8473,0.0,2400.0,0.0,6.3
97.0,2026-05-05T22:11:22.084421+00:00,69.032,0.1776,96.1427,-0.033,0.8473,0.0,2400.0,0.0,6.3
97.5,2026-05-05T22:11:22.590023+00:00,69.1172,0.2638,96.1097,-0.0639,0.8473,0.0,2400.0,0.0,6.2488
98.0,2026-05-05T22:11:23.084225+00:00,69.0553,0.1391,96.2,-0.0491,0.8473,0.0,2400.0,0.0,6.275
98.5,2026-05-05T22:11:23.584246+00:00,69.2624,0.1706,96.1537,-0.0686,0.8473,0.0,2400.0,0.0,6.2878
99.000444,2026-05-05T22:11:24.084657+00:00,69.2942,0.1311,96.0024,-0.1299,0.8473,0.0,2400.0,0.0,6.294
99.5,2026-05-05T22:11:24.584212+00:00,69.1914,0.0371,96.0019,-0.0613,0.8473,0.0,2400.0,0.0,6.2971
100.0,2026-05-05T22:11:25.089180+00:00,69.2397,0.0922,96.1171,-0.0085,0.8473,0.0,2400.0,0.0,6.2986
100.5,2026-05-05T22:11:25.584817+00:00,69.2768,0.0072,96.09,-0.0065,0.8473,0.0,2400.0,0.0,6.2481
101.0,2026-05-05T22:11:26.084391+00:00,69.5598,0.1328,96.1849,-0.005,0.8473,0.0,2400.0,0.0,6.2235
101.50021,2026-05-05T22:11:26.584930+00:00,69.7774,0.293,96.1421,-0.0039,0.8473,0.0,2400.0,0.0,6.2115
102.000211,2026-05-05T22:11:27.084499+00:00,69.8173,0.2888,95.9935,-0.003,0.8473,0.0,2400.0,0.0,6.2056
102.5,2026-05-05T22:11:27.590020+00:00,69.848,0.2856,95.8793,-0.0409,0.8473,0.0,2400.0,0.0,6.2027
103.0,2026-05-05T22:11:28.084244+00:00,69.9989,0.2195,95.9073,-0.07,0.8473,0.0,2400.0,0.0,6.2525
103.5,2026-05-05T22:11:28.584234+00:00,69.9876,0.1051,95.9287,-0.0538,0.8473,0.0,2400.0,0.0,6.2768
104.0,2026-05-05T22:11:29.084234+00:00,70.1062,0.1444,95.9452,-0.0799,0.8473,0.0,2400.0,0.0,6.2887
104.5,2026-05-05T22:11:29.584370+00:00,69.9428,0.0474,95.9579,-0.0614,0.8473,0.0,2400.0,0.0,6.2945
105.0,2026-05-05T22:11:30.088446+00:00,70.0717,0.0364,96.0833,0.0299,0.8473,0.0,2400.0,0.0,6.2973
105.500625,2026-05-05T22:11:30.584886+00:00,70.1708,0.0916,95.9483,0.023,0.8473,0.0,2400.0,0.0,6.2987
106.0,2026-05-05T22:11:31.084249+00:00,69.9924,-0.0569,95.7289,-0.0595,0.8473,0.0,2400.0,0.0,6.2994
106.5,2026-05-05T22:11:31.584226+00:00,70.1099,0.0836,95.9073,-0.0071,0.8473,0.0,2400.0,0.0,6.2997
107.0,2026-05-05T22:11:32.084255+00:00,70.0729,0.0006,95.8131,-0.044,0.8473,0.0,2400.0,0.0,6.2998
107.5,2026-05-05T22:11:32.590098+00:00,70.0445,-0.0632,95.7406,-0.0724,0.8473,0.0,2400.0,0.0,6.2487
108.0,2026-05-05T22:11:33.084942+00:00,70.2771,0.1423,95.8006,-0.0942,0.8473,0.0,2400.0,0.0,6.3262
108.5,2026-05-05T22:11:33.584236+00:00,70.3287,0.1094,95.8468,-0.0339,0.8473,0.0,2400.0,0.0,6.3128
109.0,2026-05-05T22:11:34.084529+00:00,70.6229,0.275,95.8822,0.0511,0.8473,0.0,2400.0,0.0,6.3062
109.500562,2026-05-05T22:11:34.584845+00:00,70.5944,0.275,95.9095,0.0007,0.8473,0.0,2400.0,0.0,6.303
110.0,2026-05-05T22:11:35.088584+00:00,70.8271,0.275,95.9304,0.0391,0.8473,0.0,2400.0,0.0,6.3015
110.5,2026-05-05T22:11:35.584217+00:00,71.006,0.3386,95.8308,0.0301,0.8473,0.0,2400.0,0.0,6.3007
111.0,2026-05-05T22:11:36.084212+00:00,70.7616,0.0694,95.87,0.0231,0.8473,0.0,2400.0,0.0,6.3004
111.5,2026-05-05T22:11:36.584790+00:00,70.7011,0.0533,95.7844,-0.0208,0.8473,0.0,2400.0,0.0,6.3002
112.0,2026-05-05T22:11:37.084934+00:00,70.6546,-0.0863,95.6954,-0.0623,0.8473,0.0,2400.0,0.0,6.3001
112.5,2026-05-05T22:11:37.588257+00:00,70.8733,-0.0663,95.6502,-0.0864,0.8473,0.0,2400.0,0.0,6.3
113.0,2026-05-05T22:11:38.084899+00:00,70.7869,0.0127,95.7311,-0.0664,0.8473,0.0,2400.0,0.0,6.3
113.501597,2026-05-05T22:11:38.586364+00:00,70.8478,0.0734,95.6777,-0.0511,0.8473,0.0,2400.0,0.0,6.3
114.0,2026-05-05T22:11:39.084258+00:00,71.0219,0.1837,95.8679,-0.0007,0.8473,0.0,2400.0,0.0,6.3
114.5,2026-05-05T22:11:39.584233+00:00,71.1556,0.1412,95.8985,0.038,0.8473,0.0,2400.0,0.0,6.3
115.0,2026-05-05T22:11:40.089648+00:00,71.1312,0.1721,95.922,0.0755,0.8473,0.0,2400.0,0.0,6.3
115.5,2026-05-05T22:11:40.584595+00:00,70.9851,0.0687,95.8243,0.058,0.8473,0.0,2400.0,0.0,6.3
116.0,2026-05-05T22:11:41.084291+00:00,71.1274,0.0528,95.865,0.0446,0.8473,0.0,2400.0,0.0,6.3
116.5,2026-05-05T22:11:41.584379+00:00,71.1095,-0.0231,95.8962,0.0729,0.8473,0.0,2400.0,0.0,6.3
117.000189,2026-05-05T22:11:42.085274+00:00,71.223,0.0459,96.0359,0.056,0.8473,0.0,2400.0,0.0,6.3
117.5,2026-05-05T22:11:42.587541+00:00,71.3102,0.1626,96.0276,0.043,0.8473,0.0,2400.0,0.0,6.3
118.0,2026-05-05T22:11:43.084224+00:00,71.3773,0.1249,95.9055,-0.0055,0.8473,0.0,2400.0,0.0,6.3
118.5,2026-05-05T22:11:43.584455+00:00,71.4288,0.1597,95.9274,0.0344,0.8473,0.0,2400.0,0.0,6.3
119.0,2026-05-05T22:11:44.084219+00:00,71.4684,0.1227,95.8285,-0.0122,0.8473,0.0,2400.0,0.0,6.3
119.5,2026-05-05T22:11:44.584245+00:00,71.4989,0.0943,95.7525,-0.0479,0.8473,0.0,2400.0,0.0,6.3
120.0,2026-05-05T22:11:45.088311+00:00,71.395,0.0089,95.9255,-0.0368,0.8473,0.0,2400.0,0.0,6.3
120.500557,2026-05-05T22:11:45.585592+00:00,71.5697,0.0704,95.827,-0.0669,0.8473,0.0,2400.0,0.0,6.3
121.0,2026-05-05T22:11:46.084216+00:00,71.704,0.1178,95.867,-0.0128,0.8473,0.0,2400.0,0.0,6.3
121.5,2026-05-05T22:11:46.584245+00:00,71.6799,0.0905,95.8978,-0.0099,0.8473,0.0,2400.0,0.0,6.3
122.0,2026-05-05T22:11:47.084358+00:00,71.916,0.2605,95.9215,0.031,0.8473,0.0,2400.0,0.0,6.3
122.5,2026-05-05T22:11:47.588256+00:00,72.0974,0.2638,95.9396,0.0624,0.8473,0.0,2400.0,0.0,6.3
123.0,2026-05-05T22:11:48.084704+00:00,71.9823,0.1392,95.8379,-0.0292,0.8473,0.0,2400.0,0.0,6.3
123.5,2026-05-05T22:11:48.584359+00:00,72.1484,0.2342,95.644,-0.061,0.8473,0.0,2400.0,0.0,6.3
124.0,2026-05-05T22:11:49.084234+00:00,72.1488,0.1164,95.7264,-0.0469,0.8473,0.0,2400.0,0.0,6.3
124.5,2026-05-05T22:11:49.584404+00:00,72.2763,0.0895,95.5352,-0.1209,0.8473,0.0,2400.0,0.0,6.3
125.000811,2026-05-05T22:11:50.090119+00:00,72.2471,0.1324,95.6427,-0.0929,0.8473,0.0,2400.0,0.0,6.3
125.5,2026-05-05T22:11:50.584212+00:00,72.2246,0.0381,95.7254,-0.0714,0.8473,0.0,2400.0,0.0,6.3
126.0,2026-05-05T22:11:51.084250+00:00,72.0801,-0.0343,95.6732,-0.0549,0.8473,0.0,2400.0,0.0,6.3
126.5,2026-05-05T22:11:51.584523+00:00,72.0963,-0.09,95.7489,0.0349,0.8473,0.0,2400.0,0.0,6.3
127.0,2026-05-05T22:11:52.084223+00:00,72.1087,-0.0692,95.5756,-0.0503,0.8473,0.0,2400.0,0.0,6.3
127.5,2026-05-05T22:11:52.592976+00:00,72.3728,0.0741,95.5581,0.0076,0.8473,0.0,2400.0,0.0,6.3
128.0,2026-05-05T22:11:53.084270+00:00,72.3212,0.1206,95.5446,-0.0327,0.8473,0.0,2400.0,0.0,6.3
128.5,2026-05-05T22:11:53.585288+00:00,72.5362,0.2199,95.5343,-0.0637,0.8473,0.0,2400.0,0.0,6.3
129.0,2026-05-05T22:11:54.084789+00:00,72.4468,0.1691,95.5264,-0.049,0.8473,0.0,2400.0,0.0,6.3
129.5,2026-05-05T22:11:54.584277+00:00,72.5054,0.0663,95.5203,-0.0762,0.8473,0.0,2400.0,0.0,6.3
130.0,2026-05-05T22:11:55.088086+00:00,72.5504,0.1146,95.747,0.0571,0.8473,0.0,2400.0,0.0,6.3
130.5,2026-05-05T22:11:55.584242+00:00,72.7123,0.0881,95.6898,0.0439,0.8473,0.0,2400.0,0.0,6.3
131.0,2026-05-05T22:11:56.084238+00:00,72.7095,0.1313,95.993,0.1495,0.8473,0.0,2400.0,0.0,6.3
131.5,2026-05-05T22:11:56.584363+00:00,72.8345,0.1646,95.9946,0.1534,0.8473,0.0,2400.0,0.0,6.3
132.0,2026-05-05T22:11:57.084944+00:00,72.9307,0.1901,95.9959,0.1565,0.8473,0.0,2400.0,0.0,6.3
132.5,2026-05-05T22:11:57.588863+00:00,72.8773,0.0825,96.1125,0.1974,0.8473,0.0,2400.0,0.0,6.3
133.000434,2026-05-05T22:11:58.084658+00:00,72.9635,0.127,95.9708,0.0746,0.8473,0.0,2400.0,0.0,6.3512
133.5,2026-05-05T22:11:58.584247+00:00,73.1571,0.1613,95.9775,0.0959,0.8473,0.0,2400.0,0.0,6.325
134.0,2026-05-05T22:11:59.084423+00:00,73.3059,0.1876,95.9827,-0.0034,0.8473,0.0,2400.0,0.0,6.3122
134.5,2026-05-05T22:11:59.585031+00:00,73.4202,0.2715,96.1024,0.0359,0.8473,0.0,2400.0,0.0,6.306
135.0,2026-05-05T22:12:00.090581+00:00,73.3808,0.2086,96.0787,0.0276,0.8473,0.0,2400.0,0.0,6.3029
135.5,2026-05-05T22:12:00.584711+00:00,73.4778,0.1604,95.8291,-0.0945,0.8473,0.0,2400.0,0.0,6.3014
136.0,2026-05-05T22:12:01.086451+00:00,73.5524,0.1233,95.8687,-0.034,0.8473,0.0,2400.0,0.0,6.3007
136.5,2026-05-05T22:12:01.584218+00:00,73.3551,-0.0325,95.899,-0.0262,0.8473,0.0,2400.0,0.0,6.3003
137.0,2026-05-05T22:12:02.084243+00:00,73.4581,0.0386,96.0381,0.0185,0.8473,0.0,2400.0,0.0,6.3002
137.5,2026-05-05T22:12:02.590233+00:00,73.2827,-0.0976,95.7748,-0.1092,0.8473,0.0,2400.0,0.0,6.3001
138.0,2026-05-05T22:12:03.084412+00:00,73.4024,-0.075,95.7112,-0.1225,0.8473,0.0,2400.0,0.0,6.3
138.5,2026-05-05T22:12:03.584215+00:00,73.4944,0.0696,95.8937,0.0215,0.8473,0.0,2400.0,0.0,6.3
139.0,2026-05-05T22:12:04.084444+00:00,73.5651,0.0535,96.034,0.0551,0.8473,0.0,2400.0,0.0,6.3
139.501128,2026-05-05T22:12:04.585394+00:00,73.6195,0.1684,96.0261,0.0424,0.8473,0.0,2400.0,0.0,6.3
140.0,2026-05-05T22:12:05.088432+00:00,73.534,0.0658,96.1358,0.0326,0.8473,0.0,2400.0,0.0,6.3
140.5,2026-05-05T22:12:05.584532+00:00,73.5955,0.0506,96.1044,0.1099,0.8473,0.0,2400.0,0.0,6.3
141.0,2026-05-05T22:12:06.084224+00:00,73.8974,0.1661,96.1959,0.1616,0.8473,0.0,2400.0,0.0,6.3
141.5,2026-05-05T22:12:06.584218+00:00,73.7476,0.0641,96.1274,0.0779,0.8473,0.0,2400.0,0.0,6.3
142.0,2026-05-05T22:12:07.084346+00:00,73.6324,0.0492,96.1211,0.029,0.8473,0.0,2400.0,0.0,6.3
142.5,2026-05-05T22:12:07.589831+00:00,73.6712,0.0378,96.0931,0.0223,0.8473,0.0,2400.0,0.0,6.3
143.0,2026-05-05T22:12:08.084214+00:00,73.9556,0.0291,95.9558,-0.06,0.8473,0.0,2400.0,0.0,6.3
143.5,2026-05-05T22:12:08.584244+00:00,73.7923,0.0224,95.9661,-0.0461,0.8473,0.0,2400.0,0.0,6.3
144.0,2026-05-05T22:12:09.084237+00:00,73.9213,0.1445,95.9508,-0.0817,0.8473,0.0,2400.0,0.0,6.3
144.5,2026-05-05T22:12:09.584249+00:00,73.766,0.0474,96.0779,-0.0165,0.8473,0.0,2400.0,0.0,6.3
145.0,2026-05-05T22:12:10.088606+00:00,73.9011,-0.0272,96.0598,-0.0204,0.8473,0.0,2400.0,0.0,6.3
145.5,2026-05-05T22:12:10.584647+00:00,73.8777,0.0427,96.1617,0.0229,0.8473,0.0,2400.0,0.0,6.3
146.0,2026-05-05T22:12:11.084238+00:00,73.8597,-0.0308,96.1243,0.0561,0.8473,0.0,2400.0,0.0,6.3
146.5,2026-05-05T22:12:11.584237+00:00,74.1005,0.1672,96.3269,0.1203,0.8473,0.0,2400.0,0.0,6.3
147.0,2026-05-05T22:12:12.084300+00:00,74.1582,0.1285,96.1124,0.0539,0.8473,0.0,2400.0,0.0,6.3
147.5,2026-05-05T22:12:12.592677+00:00,74.3299,0.2261,95.9707,-0.0357,0.8473,0.0,2400.0,0.0,6.2488
148.0,2026-05-05T22:12:13.084252+00:00,74.2072,0.1738,95.6304,-0.1432,0.8473,0.0,2400.0,0.0,6.275
148.5,2026-05-05T22:12:13.584417+00:00,74.2403,0.0699,95.8316,-0.11,0.8473,0.0,2400.0,0.0,6.2878
149.0,2026-05-05T22:12:14.084210+00:00,74.5202,0.181,95.7549,-0.1231,0.8473,0.0,2400.0,0.0,6.294
149.5,2026-05-05T22:12:14.584728+00:00,74.6081,0.1391,95.9273,-0.1332,0.8473,0.0,2400.0,0.0,6.2971
150.0,2026-05-05T22:12:15.089761+00:00,74.5484,0.1706,95.9441,-0.0561,0.8473,0.0,2400.0,0.0,6.2986
150.5,2026-05-05T22:12:15.584226+00:00,74.757,0.2584,95.9571,-0.0046,0.8473,0.0,2400.0,0.0,6.2993
151.0,2026-05-05T22:12:16.084218+00:00,74.4083,-0.056,96.0827,0.1508,0.8473,0.0,2400.0,0.0,6.2997
151.5,2026-05-05T22:12:16.584231+00:00,74.6493,0.0206,95.809,-0.0075,0.8473,0.0,2400.0,0.0,6.2998
152.0,2026-05-05T22:12:17.084417+00:00,74.8346,0.1431,95.6218,-0.0444,0.8473,0.0,2400.0,0.0,6.2999
152.5,2026-05-05T22:12:17.591601+00:00,74.7225,-0.0173,95.7093,-0.0727,0.8473,0.0,2400.0,0.0,6.2488
153.0,2026-05-05T22:12:18.084299+00:00,74.6363,0.114,95.7766,-0.0558,0.8473,0.0,2400.0,0.0,6.275
153.5,2026-05-05T22:12:18.584253+00:00,74.57,-0.0397,95.7126,-0.0815,0.8473,0.0,2400.0,0.0,6.2878
154.0,2026-05-05T22:12:19.084233+00:00,74.6464,-0.0941,95.7791,-0.1012,0.8473,0.0,2400.0,0.0,6.294
154.5,2026-05-05T22:12:19.584240+00:00,74.7051,-0.0087,95.8302,0.0071,0.8473,0.0,2400.0,0.0,6.2971
155.0,2026-05-05T22:12:20.088687+00:00,74.8775,0.1206,95.7538,0.044,0.8473,0.0,2400.0,0.0,6.2986
155.5,2026-05-05T22:12:20.584750+00:00,74.8827,0.1563,95.8108,0.0338,0.8473,0.0,2400.0,0.0,6.2993
156.0,2026-05-05T22:12:21.084252+00:00,75.0139,0.1838,95.8314,0.0183,0.8473,0.0,2400.0,0.0,6.2997
156.5,2026-05-05T22:12:21.584310+00:00,75.2421,0.2685,95.8704,0.0526,0.8473,0.0,2400.0,0.0,6.2998
157.0,2026-05-05T22:12:22.084364+00:00,75.2902,0.2064,96.0161,0.079,0.8473,0.0,2400.0,0.0,6.2999
157.5,2026-05-05T22:12:22.588088+00:00,75.4545,0.2859,96.0124,0.0607,0.8473,0.0,2400.0,0.0,6.3
158.0,2026-05-05T22:12:23.084523+00:00,75.4534,0.2197,96.0095,0.0852,0.8473,0.0,2400.0,0.0,6.3
158.5,2026-05-05T22:12:23.584287+00:00,75.3254,0.0416,95.7528,-0.0193,0.8473,0.0,2400.0,0.0,6.3
159.0,2026-05-05T22:12:24.084281+00:00,75.2269,-0.0316,95.81,-0.0071,0.8473,0.0,2400.0,0.0,6.3
159.5,2026-05-05T22:12:24.584489+00:00,75.2786,-0.088,95.6226,-0.0826,0.8473,0.0,2400.0,0.0,6.3
160.0,2026-05-05T22:12:25.090463+00:00,75.5728,0.0597,95.7099,-0.1021,0.8473,0.0,2400.0,0.0,6.3
160.5,2026-05-05T22:12:25.584670+00:00,75.5444,0.1095,95.5456,-0.1556,0.8473,0.0,2400.0,0.0,6.3
161.0,2026-05-05T22:12:26.084261+00:00,75.6498,0.2114,95.6508,-0.1196,0.8473,0.0,2400.0,0.0,6.3
161.5,2026-05-05T22:12:26.584271+00:00,75.6036,0.1625,95.7084,-0.0148,0.8473,0.0,2400.0,0.0,6.3
162.0,2026-05-05T22:12:27.084498+00:00,75.8226,0.1249,95.7759,-0.0114,0.8473,0.0,2400.0,0.0,6.3
162.5,2026-05-05T22:12:27.590658+00:00,75.7364,0.096,95.8278,0.0684,0.8473,0.0,2400.0,0.0,6.3
163.0,2026-05-05T22:12:28.084249+00:00,75.7974,0.0738,95.8676,0.0526,0.8473,0.0,2400.0,0.0,6.3
163.5,2026-05-05T22:12:28.584277+00:00,75.5897,-0.0069,95.6437,0.0327,0.8473,0.0,2400.0,0.0,6.3
164.0,2026-05-05T22:12:29.084211+00:00,75.6847,-0.069,95.7262,0.0251,0.8473,0.0,2400.0,0.0,6.3
164.5,2026-05-05T22:12:29.584260+00:00,75.6304,-0.053,95.7895,0.027,0.8473,0.0,2400.0,0.0,6.3
165.0,2026-05-05T22:12:30.089167+00:00,75.9704,0.0865,95.6068,-0.0564,0.8473,0.0,2400.0,0.0,6.3
165.5,2026-05-05T22:12:30.584223+00:00,76.1045,0.2574,95.6978,-0.0433,0.8473,0.0,2400.0,0.0,6.3
166.0,2026-05-05T22:12:31.084379+00:00,76.2076,0.2615,95.8834,0.0053,0.8473,0.0,2400.0,0.0,6.3
166.5,2026-05-05T22:12:31.584414+00:00,76.2868,0.3282,95.9104,0.0889,0.8473,0.0,2400.0,0.0,6.3
167.0,2026-05-05T22:12:32.084228+00:00,76.3477,0.1887,95.8154,0.0298,0.8473,0.0,2400.0,0.0,6.3
167.5,2026-05-05T22:12:32.591904+00:00,76.2673,0.0814,95.8581,0.0229,0.8473,0.0,2400.0,0.0,6.2488
168.0,2026-05-05T22:12:33.084253+00:00,76.2054,-0.0011,95.891,0.0947,0.8473,0.0,2400.0,0.0,6.275
168.5,2026-05-05T22:12:33.584250+00:00,76.2852,-0.0008,96.0319,0.1114,0.8473,0.0,2400.0,0.0,6.2878
169.0,2026-05-05T22:12:34.084433+00:00,76.3464,-0.0006,96.0245,0.047,0.8473,0.0,2400.0,0.0,6.294
169.5,2026-05-05T22:12:34.584268+00:00,76.3935,0.0631,96.0188,0.0361,0.8473,0.0,2400.0,0.0,6.2971
170.0,2026-05-05T22:12:35.089851+00:00,76.4298,0.1122,95.8988,0.0278,0.8473,0.0,2400.0,0.0,6.2986
170.5,2026-05-05T22:12:35.584437+00:00,76.4576,0.0862,95.9222,0.0214,0.8473,0.0,2400.0,0.0,6.2481
171.00061,2026-05-05T22:12:36.084907+00:00,76.479,0.0663,95.6162,-0.0916,0.8473,0.0,2400.0,0.0,6.2235
171.5,2026-05-05T22:12:36.584257+00:00,76.4954,0.0509,95.9364,-0.0318,0.8473,0.0,2400.0,0.0,6.2115
172.0,2026-05-05T22:12:37.084215+00:00,76.508,0.0391,96.0669,0.0141,0.8473,0.0,2400.0,0.0,6.2056
172.5,2026-05-05T22:12:37.589756+00:00,76.645,0.0937,96.0514,0.0108,0.8473,0.0,2400.0,0.0,6.2027
173.0,2026-05-05T22:12:38.084309+00:00,76.7503,0.1357,96.0395,0.0469,0.8473,0.0,2400.0,0.0,6.2525
173.5,2026-05-05T22:12:38.584941+00:00,76.8312,0.1679,96.1461,0.0746,0.8473,0.0,2400.0,0.0,6.2768
174.0,2026-05-05T22:12:39.084260+00:00,76.8934,0.1927,96.228,0.2039,0.8473,0.0,2400.0,0.0,6.2887
174.5,2026-05-05T22:12:39.584227+00:00,76.6867,0.0208,96.2909,0.1182,0.8473,0.0,2400.0,0.0,6.2945
175.0,2026-05-05T22:12:40.090034+00:00,76.7823,0.016,96.1079,0.0137,0.8473,0.0,2400.0,0.0,6.2973
175.5,2026-05-05T22:12:40.584288+00:00,76.8558,0.0123,95.9672,-0.0281,0.8473,0.0,2400.0,0.0,6.2987
176.0,2026-05-05T22:12:41.084891+00:00,76.9123,0.0095,95.8591,-0.0601,0.8473,0.0,2400.0,0.0,6.2994
176.5,2026-05-05T22:12:41.584419+00:00,76.9558,0.1345,95.8917,-0.0848,0.8473,0.0,2400.0,0.0,6.2997
177.0,2026-05-05T22:12:42.084943+00:00,76.9891,0.1034,95.9168,-0.1037,0.8473,0.0,2400.0,0.0,6.2998
177.5,2026-05-05T22:12:42.592280+00:00,77.1421,0.1431,95.7046,-0.1954,0.8473,0.0,2400.0,0.0,6.2999
178.0,2026-05-05T22:12:43.084246+00:00,77.2596,0.1736,95.8887,-0.0731,0.8473,0.0,2400.0,0.0,6.3
178.5,2026-05-05T22:12:43.584828+00:00,77.0954,0.0698,95.9144,-0.0176,0.8473,0.0,2400.0,0.0,6.3
179.0,2026-05-05T22:12:44.084216+00:00,77.2237,0.1173,95.8185,-0.0135,0.8473,0.0,2400.0,0.0,6.3
179.5,2026-05-05T22:12:44.584222+00:00,77.3224,0.0902,95.7448,-0.049,0.8473,0.0,2400.0,0.0,6.3
180.0,2026-05-05T22:12:45.088969+00:00,77.2709,0.0057,95.8039,-0.0376,0.8473,0.0,2400.0,0.0,6.3
180.5,2026-05-05T22:12:45.584235+00:00,77.2314,0.068,95.7336,0.0096,0.8473,0.0,2400.0,0.0,6.3
181.0,2026-05-05T22:12:46.084271+00:00,77.4555,0.1159,95.9109,0.0074,0.8473,0.0,2400.0,0.0,6.3
181.5,2026-05-05T22:12:46.584370+00:00,77.3732,0.0254,95.5844,-0.11,0.8473,0.0,2400.0,0.0,6.3
182.0,2026-05-05T22:12:47.084727+00:00,77.4373,0.0832,95.5649,-0.0845,0.8473,0.0,2400.0,0.0,6.3
182.5,2026-05-05T22:12:47.590410+00:00,77.3592,0.0639,95.5499,-0.065,0.8473,0.0,2400.0,0.0,6.3
183.0,2026-05-05T22:12:48.084223+00:00,77.6811,0.1128,95.4226,-0.1271,0.8473,0.0,2400.0,0.0,6.3
183.5,2026-05-05T22:12:48.584311+00:00,77.5466,0.0867,95.5562,-0.0591,0.8473,0.0,2400.0,0.0,6.3
184.0,2026-05-05T22:12:49.084204+00:00,77.6978,0.1303,95.6589,-0.084,0.8473,0.0,2400.0,0.0,6.3
184.5,2026-05-05T22:12:49.584648+00:00,77.6867,0.1638,95.8535,0.0897,0.8473,0.0,2400.0,0.0,6.3
185.0,2026-05-05T22:12:50.088562+00:00,77.6782,-0.0014,95.8874,0.1075,0.8473,0.0,2400.0,0.0,6.3
185.5,2026-05-05T22:12:50.584711+00:00,77.799,0.1262,96.0292,0.1598,0.8473,0.0,2400.0,0.0,6.3
186.0,2026-05-05T22:12:51.084251+00:00,77.7645,0.0334,95.9067,0.1614,0.8473,0.0,2400.0,0.0,6.3
186.5,2026-05-05T22:12:51.584208+00:00,77.738,0.0256,95.8126,0.0855,0.8473,0.0,2400.0,0.0,6.3
187.0,2026-05-05T22:12:52.084225+00:00,77.7176,0.0197,95.856,0.0657,0.8473,0.0,2400.0,0.0,6.3
187.5,2026-05-05T22:12:52.588167+00:00,77.702,-0.0485,95.7736,-0.0266,0.8473,0.0,2400.0,0.0,6.3
188.0,2026-05-05T22:12:53.084219+00:00,77.9445,0.09,95.826,-0.0205,0.8473,0.0,2400.0,0.0,6.3
188.5,2026-05-05T22:12:53.584313+00:00,78.1309,0.1964,95.7274,-0.1006,0.8473,0.0,2400.0,0.0,6.3
189.0,2026-05-05T22:12:54.084510+00:00,77.6378,-0.0399,96.0219,0.0384,0.8473,0.0,1868.91,-531.09,6.3
189.5,2026-05-05T22:12:54.584361+00:00,77.0043,-0.3489,96.3639,0.1838,0.8473,0.0,1651.2162,-748.7838,6.3
190.0,2026-05-05T22:12:55.091096+00:00,76.3901,-0.7772,96.5111,0.2184,0.7899,-0.0574,1561.9835,-306.9265,6.3
190.5,2026-05-05T22:12:55.584366+00:00,75.6635,-1.2337,96.4854,0.2373,0.7663,-0.081,1525.407,-125.8092,6.3
191.000672,2026-05-05T22:12:56.085014+00:00,75.4868,-1.0755,96.6045,0.2595,0.7567,-0.0332,1510.4143,-51.5692,6.3
191.5,2026-05-05T22:12:56.584348+00:00,75.0965,-0.9539,96.6729,0.3151,0.7527,-0.0136,1504.2688,-21.1382,6.3
192.0,2026-05-05T22:12:57.084418+00:00,74.6692,-0.8604,96.6329,0.2037,0.7511,-0.0056,1501.7498,-8.6646,6.3
192.5,2026-05-05T22:12:57.589191+00:00,74.3408,-0.6613,96.8335,0.1565,0.7505,-0.0023,1500.7172,-3.5516,6.2488
193.0,2026-05-05T22:12:58.084582+00:00,74.0884,-0.6992,96.872,0.1203,0.7502,-0.0009,1500.294,-1.4558,6.275
193.5,2026-05-05T22:12:58.584331+00:00,74.0217,-0.5374,96.9017,0.1387,0.7501,-0.0004,1500.1205,-0.5967,6.2878
194.0,2026-05-05T22:12:59.084355+00:00,74.0976,-0.2858,97.0401,0.1452,0.75,-0.0002,1500.0494,-0.2446,6.294
194.5,2026-05-05T22:12:59.584439+00:00,73.7742,-0.2833,96.9151,0.0808,0.75,-0.0001,1500.0202,-0.1003,6.2971
195.000238,2026-05-05T22:13:00.090293+00:00,73.7802,-0.1541,96.8191,0.0621,0.75,-0.0,1500.0083,-0.0411,6.2986
195.5,2026-05-05T22:13:00.584350+00:00,73.5302,-0.2457,96.8609,0.0091,0.75,-0.0,1500.0034,-0.0168,6.2481
196.0,2026-05-05T22:13:01.084499+00:00,73.2108,-0.4434,96.7774,-0.0315,0.75,-0.0,1500.0014,-0.0069,6.2235
196.5,2026-05-05T22:13:01.584350+00:00,73.2199,-0.2772,96.5744,-0.1091,0.75,-0.0,1500.0006,-0.0028,6.2115
197.0,2026-05-05T22:13:02.084340+00:00,73.0996,-0.3403,96.6729,-0.1224,0.75,-0.0,1500.0002,-0.0012,6.2056
197.5,2026-05-05T22:13:02.593737+00:00,73.1344,-0.1979,96.6329,-0.0941,0.75,-0.0,1500.0001,-0.0005,6.2027
198.0,2026-05-05T22:13:03.084352+00:00,73.0339,-0.0885,96.579,-0.08,0.75,-0.0,1500.0,-0.0002,6.2013
198.501374,2026-05-05T22:13:03.585945+00:00,72.8294,-0.1953,96.445,-0.1386,0.75,-0.0,1500.0,-0.0001,6.2006
199.0,2026-05-05T22:13:04.084443+00:00,72.6721,-0.2137,96.4346,-0.1143,0.75,-0.0,1500.0,-0.0,6.2003
199.500487,2026-05-05T22:13:04.584828+00:00,72.8059,-0.1643,96.334,-0.0801,0.75,-0.0,1500.0,-0.0,6.2002
200.0,2026-05-05T22:13:05.090946+00:00,72.6541,-0.1899,96.2336,-0.1464,0.75,-0.0,1500.0,-0.0,6.2001
200.5,2026-05-05T22:13:05.584833+00:00,72.792,-0.0187,96.5266,-0.0354,0.75,-0.0,1500.0,-0.0,6.2512
201.0,2026-05-05T22:13:06.084320+00:00,73.0252,0.1765,96.4048,-0.0581,0.75,-0.0,1500.0,-0.0,6.2762
201.5,2026-05-05T22:13:06.584402+00:00,72.95,0.0721,96.5425,0.0325,0.75,-0.0,1500.0,-0.0,6.2884
202.0,2026-05-05T22:13:07.084516+00:00,73.0194,0.1827,96.5327,0.0327,0.75,-0.0,1500.0,-0.0,6.2943
202.5,2026-05-05T22:13:07.589926+00:00,72.9455,0.0768,96.7565,0.1408,0.75,-0.0,1500.0,-0.0,6.2972
203.0,2026-05-05T22:13:08.084359+00:00,72.7614,-0.1319,96.5815,0.116,0.75,-0.0,1500.0,-0.0,6.2987
203.5,2026-05-05T22:13:08.584874+00:00,72.6199,-0.165,96.5395,0.0043,0.75,-0.0,1500.0,-0.0,6.2993
204.0,2026-05-05T22:13:09.084356+00:00,72.6385,-0.1905,96.5303,0.0419,0.75,-0.0,1500.0,-0.0,6.2997
204.5,2026-05-05T22:13:09.584342+00:00,72.5254,-0.21,96.4076,-0.045,0.75,-0.0,1500.0,-0.0,6.2998
205.0,2026-05-05T22:13:10.092774+00:00,72.4386,-0.1614,96.429,-0.0346,0.75,-0.0,1500.0,-0.0,6.2999
205.5,2026-05-05T22:13:10.584322+00:00,72.4991,-0.0604,96.214,-0.1808,0.75,-0.0,1500.0,-0.0,6.3
206.0,2026-05-05T22:13:11.084343+00:00,72.5456,-0.0465,96.3959,-0.0619,0.75,-0.0,1500.0,-0.0,6.3
206.5,2026-05-05T22:13:11.584547+00:00,72.454,-0.0357,96.5357,-0.0013,0.75,-0.0,1500.0,-0.0,6.3
207.0,2026-05-05T22:13:12.084349+00:00,72.6382,0.0998,96.5274,-0.001,0.75,-0.0,1500.0,-0.0,6.3
207.5,2026-05-05T22:13:12.591035+00:00,72.6525,0.0767,96.5211,0.0378,0.75,-0.0,1500.0,-0.0,6.3
208.000001,2026-05-05T22:13:13.084468+00:00,72.6635,0.059,96.3774,-0.0172,0.75,-0.0,1500.0,-0.0,6.3
208.50036,2026-05-05T22:13:13.585182+00:00,72.5447,0.0453,96.1512,-0.0209,0.75,-0.0,1500.0,-0.0,6.3
209.0,2026-05-05T22:13:14.084479+00:00,72.7079,0.0348,96.2319,-0.0547,0.75,-0.0,1500.0,-0.0,6.3
209.5,2026-05-05T22:13:14.584450+00:00,72.8333,0.0904,96.5253,-0.0034,0.75,-0.0,1500.0,-0.0,6.3
210.0,2026-05-05T22:13:15.089944+00:00,72.6752,0.0059,96.4038,-0.0412,0.75,0.0,1500.0,-0.0,6.3
210.5,2026-05-05T22:13:15.584347+00:00,72.5537,0.0045,96.6574,0.0455,0.75,0.0,1500.0,0.0,6.3
211.0,2026-05-05T22:13:16.086204+00:00,72.4603,-0.1238,96.7367,0.1198,0.75,0.0,1500.0,0.0,6.3
211.5,2026-05-05T22:13:16.584333+00:00,72.5157,-0.1588,96.7976,0.2155,0.75,0.0,1500.0,0.0,6.3
212.0,2026-05-05T22:13:17.084417+00:00,72.4311,-0.1221,96.8445,0.2042,0.75,0.0,1500.0,0.0,6.3
212.5,2026-05-05T22:13:17.589659+00:00,72.3661,-0.0938,96.7416,0.0721,0.75,0.0,1500.0,0.0,6.3
213.0,2026-05-05T22:13:18.084385+00:00,72.4433,-0.0085,96.6626,0.0863,0.75,0.0,1500.0,0.0,6.3
213.5,2026-05-05T22:13:18.584505+00:00,72.5027,-0.0065,96.5092,-0.0494,0.75,0.0,1500.0,0.0,6.3
214.001776,2026-05-05T22:13:19.086159+00:00,72.5484,0.0586,96.5071,-0.0765,0.75,0.0,1500.0,0.0,6.3
214.5,2026-05-05T22:13:19.584570+00:00,72.7107,0.1723,96.7369,-0.0203,0.75,0.0,1500.0,0.0,6.3
215.0,2026-05-05T22:13:20.089930+00:00,72.4537,0.0052,96.9135,0.023,0.75,0.0,1500.0,0.0,6.3
215.5,2026-05-05T22:13:20.584328+00:00,72.638,0.0676,96.8178,0.0254,0.75,0.0,1500.0,0.0,6.3
216.0,2026-05-05T22:13:21.084566+00:00,72.5251,-0.0117,96.6285,-0.0113,0.75,0.0,1500.0,0.0,6.3
216.5,2026-05-05T22:13:21.584550+00:00,72.5655,-0.0726,96.4831,-0.0087,0.75,0.0,1500.0,0.0,6.3
217.00176,2026-05-05T22:13:22.086168+00:00,72.4694,0.0078,96.2325,-0.0915,0.75,0.0,1500.0,0.0,6.3
217.5,2026-05-05T22:13:22.589005+00:00,72.3955,-0.1212,96.2712,-0.1552,0.75,0.0,1500.0,0.0,6.2488
218.0,2026-05-05T22:13:23.084411+00:00,72.2114,-0.1568,96.4399,-0.1579,0.75,0.0,1500.0,0.0,6.275
218.5,2026-05-05T22:13:23.584709+00:00,72.3245,-0.1205,96.5695,-0.0828,0.75,0.0,1500.0,0.0,6.2878
219.0,2026-05-05T22:13:24.084358+00:00,72.4114,-0.029,96.6691,0.0135,0.75,0.0,1500.0,0.0,6.294
219.5,2026-05-05T22:13:24.584565+00:00,72.4782,0.0413,96.63,0.049,0.75,0.0,1500.0,0.0,6.2971
220.0,2026-05-05T22:13:25.090465+00:00,72.5295,0.159,96.5999,0.1225,0.75,0.0,1500.0,0.0,6.2986
220.5,2026-05-05T22:13:25.584336+00:00,72.6962,0.1859,96.5536,0.0941,0.75,0.0,1500.0,0.0,6.2993
221.0,2026-05-05T22:13:26.084391+00:00,72.6971,0.1429,96.5644,0.0415,0.75,0.0,1500.0,0.0,6.2997
221.500504,2026-05-05T22:13:26.584826+00:00,72.6978,0.1098,96.5263,-0.0144,0.75,0.0,1500.0,0.0,6.2998
222.0,2026-05-05T22:13:27.084419+00:00,72.571,0.0208,96.6359,-0.0111,0.75,0.0,1500.0,0.0,6.2999
222.5,2026-05-05T22:13:27.592409+00:00,72.3463,-0.1749,96.4656,-0.0548,0.75,0.0,1500.0,0.0,6.3
223.0,2026-05-05T22:13:28.084320+00:00,72.3009,-0.1981,96.4736,-0.0421,0.75,0.0,1500.0,0.0,6.3
223.5,2026-05-05T22:13:28.584890+00:00,72.266,-0.2159,96.4797,-0.0246,0.75,0.0,1500.0,0.0,6.3
224.0,2026-05-05T22:13:29.084474+00:00,72.3664,-0.1023,96.6001,0.0119,0.75,0.0,1500.0,0.0,6.3
224.5,2026-05-05T22:13:29.584317+00:00,72.4436,0.0486,96.3455,-0.0603,0.75,0.0,1500.0,0.0,6.3
225.0,2026-05-05T22:13:30.089123+00:00,72.5029,0.101,96.497,-0.0463,0.75,0.0,1500.0,0.0,6.3
225.5,2026-05-05T22:13:30.584372+00:00,72.294,0.014,96.4977,0.0107,0.75,0.0,1500.0,0.0,6.3
226.0,2026-05-05T22:13:31.084338+00:00,72.2607,-0.0529,96.4982,0.0082,0.75,0.0,1500.0,0.0,6.3
226.5,2026-05-05T22:13:31.584355+00:00,72.3623,-0.0406,96.73,0.0834,0.75,0.0,1500.0,0.0,6.3
227.0,2026-05-05T22:13:32.084802+00:00,72.3132,-0.0949,96.6768,0.0256,0.75,0.0,1500.0,0.0,6.3
227.5,2026-05-05T22:13:32.590891+00:00,72.4027,0.0544,96.5202,0.0582,0.75,0.0,1500.0,0.0,6.2488
228.0,2026-05-05T22:13:33.084359+00:00,72.4715,0.1054,96.5387,0.0139,0.75,0.0,1500.0,0.0,6.275
228.5,2026-05-05T22:13:33.584447+00:00,72.3971,0.0174,96.5066,0.003,0.75,0.0,1500.0,0.0,6.2878
229.000457,2026-05-05T22:13:34.084885+00:00,72.2127,-0.0503,96.2505,-0.0826,0.75,0.0,1500.0,0.0,6.294
229.5,2026-05-05T22:13:34.584376+00:00,72.3254,-0.0386,96.2851,-0.1483,0.75,0.0,1500.0,0.0,6.2971
230.0,2026-05-05T22:13:35.089713+00:00,72.2848,-0.0933,96.3348,-0.114,0.75,0.0,1500.0,0.0,6.2986
230.5,2026-05-05T22:13:35.584329+00:00,72.2536,-0.0717,96.3731,-0.049,0.75,0.0,1500.0,0.0,6.2993
231.0,2026-05-05T22:13:36.084843+00:00,72.1024,-0.0551,96.4024,-0.0454,0.75,0.0,1500.0,0.0,6.2997
231.5,2026-05-05T22:13:36.584392+00:00,72.1134,-0.106,96.425,-0.0272,0.75,0.0,1500.0,0.0,6.2998
232.0,2026-05-05T22:13:37.084349+00:00,72.1219,-0.0815,96.4192,0.0562,0.75,0.0,1500.0,0.0,6.2999
232.5,2026-05-05T22:13:37.591831+00:00,72.1284,-0.0626,96.5536,0.0895,0.75,0.0,1500.0,0.0,6.2488
233.0,2026-05-05T22:13:38.084675+00:00,72.2607,0.0791,96.6569,0.1074,0.75,0.0,1500.0,0.0,6.275
233.501077,2026-05-05T22:13:38.585465+00:00,72.235,0.0608,96.4818,0.0362,0.75,0.0,1500.0,0.0,6.2878
234.0,2026-05-05T22:13:39.084344+00:00,72.2154,0.0467,96.6017,0.0664,0.75,0.0,1500.0,0.0,6.294
234.5,2026-05-05T22:13:39.584410+00:00,72.3275,0.0996,96.6939,0.0896,0.75,0.0,1500.0,0.0,6.2971
235.0,2026-05-05T22:13:40.092812+00:00,72.2864,0.0129,96.649,0.0766,0.75,0.0,1500.0,0.0,6.2986
235.5,2026-05-05T22:13:40.584356+00:00,72.2549,0.0099,96.6145,0.0203,0.75,0.0,1500.0,0.0,6.2993
236.0,2026-05-05T22:13:41.085040+00:00,72.3579,0.0713,96.6112,-0.0152,0.75,0.0,1500.0,0.0,6.2997
236.5,2026-05-05T22:13:41.584327+00:00,72.3098,-0.0089,96.4697,-0.004,0.75,0.0,1500.0,0.0,6.2998
237.0,2026-05-05T22:13:42.084335+00:00,72.1455,-0.0705,96.5924,-0.0031,0.75,0.0,1500.0,0.0,6.2999
237.5,2026-05-05T22:13:42.594910+00:00,72.1466,-0.0542,96.571,-0.0409,0.75,0.0,1500.0,0.0,6.2488
238.0,2026-05-05T22:13:43.084424+00:00,72.0201,-0.1689,96.786,0.0457,0.75,0.0,1500.0,0.0,6.275
238.5,2026-05-05T22:13:43.584473+00:00,72.0501,-0.1298,96.7198,0.0351,0.75,0.0,1500.0,0.0,6.2878
239.001832,2026-05-05T22:13:44.086259+00:00,72.2005,0.0275,96.9004,0.0964,0.75,0.0,1500.0,0.0,6.294
239.5,2026-05-05T22:13:44.584347+00:00,72.0616,-0.0425,96.9234,0.1512,0.75,0.0,1500.0,0.0,6.2971
240.0,2026-05-05T22:13:45.091010+00:00,72.2093,0.0946,96.9411,0.1162,0.75,0.0,1500.0,0.0,6.2986
240.5,2026-05-05T22:13:45.584485+00:00,72.1956,0.0727,96.8159,0.0816,0.75,0.0,1500.0,0.0,6.2993
241.0,2026-05-05T22:13:46.084325+00:00,72.3123,0.0559,96.8354,0.0165,0.75,0.0,1500.0,0.0,6.2997
241.5,2026-05-05T22:13:46.584841+00:00,72.2747,0.1066,97.1049,0.1283,0.75,0.0,1500.0,0.0,6.2998
242.000241,2026-05-05T22:13:47.084592+00:00,72.2459,0.0183,96.9649,0.0215,0.75,0.0,1500.0,0.0,6.2999
242.5,2026-05-05T22:13:47.593334+00:00,72.351,0.0777,96.973,0.0165,0.75,0.0,1500.0,0.0,6.2488
243.0,2026-05-05T22:13:48.084361+00:00,72.3045,-0.0039,96.8636,-0.0259,0.75,0.0,1500.0,0.0,6.275
243.500438,2026-05-05T22:13:48.584846+00:00,72.2687,-0.003,96.548,-0.0893,0.75,0.0,1500.0,0.0,6.2878
244.0,2026-05-05T22:13:49.084342+00:00,72.3685,0.0613,96.6526,-0.0609,0.75,0.0,1500.0,0.0,6.294
244.5,2026-05-05T22:13:49.584828+00:00,72.1907,-0.0801,96.7099,-0.1317,0.75,0.0,1500.0,0.0,6.2971
245.0,2026-05-05T22:13:50.090164+00:00,71.7995,-0.2525,96.777,-0.0626,0.75,0.0,1500.0,0.0,6.2986
245.5,2026-05-05T22:13:50.584615+00:00,72.0078,-0.1304,96.7129,-0.0867,0.75,0.0,1500.0,0.0,6.2993
246.001575,2026-05-05T22:13:51.085947+00:00,71.9135,-0.2275,96.5479,-0.1052,0.75,0.0,1500.0,0.0,6.2997
246.5,2026-05-05T22:13:51.584384+00:00,71.7137,-0.2385,96.5137,-0.0114,0.75,0.0,1500.0,0.0,6.2998
247.0,2026-05-05T22:13:52.084459+00:00,71.8146,0.0076,96.5105,-0.0474,0.75,0.0,1500.0,0.0,6.2999
247.5,2026-05-05T22:13:52.595315+00:00,71.6377,-0.1851,96.3693,-0.1135,0.75,0.0,1500.0,0.0,6.3
248.0,2026-05-05T22:13:53.084392+00:00,71.7562,-0.0786,96.3995,-0.1258,0.75,0.0,1500.0,0.0,6.3512
248.5,2026-05-05T22:13:53.584743+00:00,71.8474,0.0668,96.5153,-0.0659,0.75,0.0,1500.0,0.0,6.325
249.0,2026-05-05T22:13:54.084382+00:00,71.9174,0.0514,96.3961,-0.0506,0.75,0.0,1500.0,0.0,6.3122
249.5,2026-05-05T22:13:54.584366+00:00,71.9712,0.1668,96.3044,-0.0698,0.75,0.0,1500.0,0.0,6.3059
250.0,2026-05-05T22:13:55.091075+00:00,72.0126,0.1282,96.2108,-0.0999,0.75,0.0,1500.0,0.0,6.3029
250.5,2026-05-05T22:13:55.584753+00:00,72.0444,0.0985,96.1389,-0.0768,0.75,0.0,1500.0,0.0,6.3014
251.0,2026-05-05T22:13:56.084365+00:00,72.0688,0.0757,96.3613,-0.0127,0.75,0.0,1500.0,0.0,6.3007
251.5,2026-05-05T22:13:56.584374+00:00,71.9603,-0.0054,96.6248,0.0365,0.75,0.0,1500.0,0.0,6.3003
252.000428,2026-05-05T22:13:57.085083+00:00,72.1315,0.0595,96.7116,0.1052,0.75,0.0,1500.0,0.0,6.3002
252.5,2026-05-05T22:13:57.589042+00:00,72.263,0.1093,96.8941,0.1965,0.75,0.0,1500.0,0.0,6.3001
253.0,2026-05-05T22:13:58.084425+00:00,72.3642,0.1477,96.8029,0.1973,0.75,0.0,1500.0,0.0,6.3
253.5,2026-05-05T22:13:58.584717+00:00,72.1873,0.1135,96.7559,0.2057,0.75,0.0,1500.0,0.0,6.3
254.0,2026-05-05T22:13:59.084419+00:00,72.1787,0.0236,96.9281,0.1889,0.75,0.0,1500.0,0.0,6.3
254.5,2026-05-05T22:13:59.584721+00:00,72.1721,-0.0455,97.0604,0.1452,0.75,0.0,1500.0,0.0,6.3
255.000272,2026-05-05T22:14:00.089454+00:00,71.9124,-0.2259,96.9308,0.073,0.75,0.0,1500.0,0.0,6.3
255.5,2026-05-05T22:14:00.584361+00:00,71.9674,-0.11,96.9468,0.0176,0.75,0.0,1500.0,0.0,6.3
256.0,2026-05-05T22:14:01.084403+00:00,72.0096,-0.0845,96.8203,0.0058,0.75,0.0,1500.0,0.0,6.3
256.5,2026-05-05T22:14:01.584335+00:00,72.0421,-0.065,96.7461,-0.0033,0.75,0.0,1500.0,0.0,6.3
257.0,2026-05-05T22:14:02.084348+00:00,72.0671,0.0773,96.9206,-0.0025,0.75,0.0,1500.0,0.0,6.3
257.5,2026-05-05T22:14:02.590860+00:00,72.0863,0.0594,96.939,-0.0405,0.75,0.0,1500.0,0.0,6.3
258.0,2026-05-05T22:14:03.084426+00:00,72.2283,0.1093,96.9531,0.0074,0.75,0.0,1500.0,0.0,6.3
258.5,2026-05-05T22:14:03.584486+00:00,72.2102,0.084,96.9639,0.0057,0.75,0.0,1500.0,0.0,6.3
259.000595,2026-05-05T22:14:04.084971+00:00,72.1962,0.0646,96.8334,0.0044,0.75,0.0,1500.0,0.0,6.3
259.5,2026-05-05T22:14:04.584388+00:00,72.1855,0.0496,96.9877,0.0805,0.75,0.0,1500.0,0.0,6.3
260.0,2026-05-05T22:14:05.089738+00:00,72.1773,-0.0255,96.9905,0.0233,0.75,0.0,1500.0,0.0,6.3
260.500331,2026-05-05T22:14:05.584666+00:00,72.171,-0.0196,96.877,-0.0206,0.75,0.0,1500.0,0.0,6.3
261.0,2026-05-05T22:14:06.084515+00:00,71.9116,-0.1423,96.6741,-0.093,0.75,0.0,1500.0,0.0,6.3
261.5,2026-05-05T22:14:06.584371+00:00,71.9668,-0.1094,96.7495,-0.0715,0.75,0.0,1500.0,0.0,6.2488
262.000497,2026-05-05T22:14:07.084836+00:00,72.0092,-0.0841,96.7149,-0.0395,0.75,0.0,1500.0,0.0,6.2238
262.5,2026-05-05T22:14:07.589024+00:00,72.169,-0.001,96.7809,-0.0689,0.75,0.0,1500.0,0.0,6.2116
263.0,2026-05-05T22:14:08.084841+00:00,72.0374,0.0629,96.6002,-0.1301,0.75,0.0,1500.0,0.0,6.2569
263.5,2026-05-05T22:14:08.584349+00:00,72.0634,0.0483,96.4382,-0.1463,0.75,0.0,1500.0,0.0,6.279
264.0,2026-05-05T22:14:09.084365+00:00,72.0835,0.0371,96.4525,-0.0739,0.75,0.0,1500.0,0.0,6.2897
264.5,2026-05-05T22:14:09.584529+00:00,72.2261,0.0285,96.4635,-0.0953,0.75,0.0,1500.0,0.0,6.295
265.000425,2026-05-05T22:14:10.091075+00:00,72.3358,0.1492,96.2405,-0.1581,0.75,0.0,1500.0,0.0,6.2976
265.5,2026-05-05T22:14:10.584632+00:00,72.1655,0.051,96.1849,-0.1987,0.75,0.0,1500.0,0.0,6.2988
266.0,2026-05-05T22:14:11.084364+00:00,72.2892,0.1029,96.3735,-0.0756,0.75,0.0,1500.0,0.0,6.2994
266.5,2026-05-05T22:14:11.584372+00:00,72.257,0.0154,96.3796,-0.0195,0.75,0.0,1500.0,0.0,6.2997
267.0,2026-05-05T22:14:12.084350+00:00,72.2322,-0.0518,96.6389,0.0621,0.75,0.0,1500.0,0.0,6.2999
267.5,2026-05-05T22:14:12.591034+00:00,72.2132,0.0238,96.8381,0.1249,0.75,0.0,1500.0,0.0,6.2999
268.0,2026-05-05T22:14:13.084359+00:00,72.0713,-0.1089,96.7599,0.1731,0.75,0.0,1500.0,0.0,6.3
268.5,2026-05-05T22:14:13.584335+00:00,72.0895,-0.0837,96.8155,0.2102,0.75,0.0,1500.0,0.0,6.3
269.0,2026-05-05T22:14:14.084413+00:00,72.1035,-0.0644,96.9739,0.2001,0.75,0.0,1500.0,0.0,6.3
269.5,2026-05-05T22:14:14.584375+00:00,71.987,-0.1131,96.8642,0.1615,0.75,0.0,1500.0,0.0,6.3
270.0,2026-05-05T22:14:15.089075+00:00,72.2793,0.104,96.6411,0.0007,0.75,0.0,1500.0,0.0,6.3
270.501549,2026-05-05T22:14:15.585920+00:00,72.2493,0.0799,96.701,-0.0457,0.75,0.0,1500.0,0.0,6.3512
271.0,2026-05-05T22:14:16.084344+00:00,71.9718,-0.0658,96.6545,-0.0351,0.75,0.0,1500.0,0.0,6.3762
271.5,2026-05-05T22:14:16.584409+00:00,72.013,0.013,96.8501,0.0116,0.75,0.0,1500.0,0.0,6.3372
272.0,2026-05-05T22:14:17.084410+00:00,72.0447,-0.1173,96.746,-0.076,0.75,0.0,1500.0,0.0,6.3181
272.5,2026-05-05T22:14:17.590727+00:00,72.1964,-0.0265,96.5734,-0.0969,0.75,0.0,1500.0,0.0,6.3089
273.0,2026-05-05T22:14:18.084627+00:00,72.3129,0.1705,96.6489,0.0026,0.75,0.0,1500.0,0.0,6.3555
273.5,2026-05-05T22:14:18.584484+00:00,72.4025,0.1947,96.6145,-0.0288,0.75,0.0,1500.0,0.0,6.3783
274.0,2026-05-05T22:14:19.084393+00:00,72.4713,0.2133,96.588,-0.0222,0.75,0.0,1500.0,0.0,6.3894
274.5,2026-05-05T22:14:19.584420+00:00,72.2697,0.0367,96.4288,-0.1405,0.75,0.0,1500.0,0.0,6.3436
275.000604,2026-05-05T22:14:20.096734+00:00,72.3693,0.0282,96.561,-0.0617,0.75,0.0,1500.0,0.0,6.3213
275.5,2026-05-05T22:14:20.584334+00:00,72.3185,-0.042,96.4312,-0.0474,0.75,0.0,1500.0,0.0,6.3104
276.0,2026-05-05T22:14:21.084429+00:00,72.2795,-0.0959,96.6785,0.0098,0.75,0.0,1500.0,0.0,6.3051
276.5,2026-05-05T22:14:21.584369+00:00,72.2496,-0.0101,96.614,-0.0001,0.75,0.0,1500.0,0.0,6.3025
277.0,2026-05-05T22:14:22.084309+00:00,72.3538,-0.0077,96.7034,0.0385,0.75,0.0,1500.0,0.0,6.3012
277.5,2026-05-05T22:14:22.589738+00:00,72.4339,0.0577,96.8646,0.1453,0.75,0.0,1500.0,0.0,6.3006
278.0,2026-05-05T22:14:23.084361+00:00,72.2409,-0.0193,96.6645,0.0345,0.75,0.0,1500.0,0.0,6.3003
278.5,2026-05-05T22:14:23.584436+00:00,72.2199,-0.0148,96.7421,0.1037,0.75,0.0,1500.0,0.0,6.3001
279.0,2026-05-05T22:14:24.084472+00:00,72.0765,-0.1387,97.0332,0.1182,0.75,0.0,1500.0,0.0,6.3001
279.5,2026-05-05T22:14:24.584345+00:00,72.2207,-0.1066,96.771,0.0523,0.75,0.0,1500.0,0.0,6.3
280.000435,2026-05-05T22:14:25.090817+00:00,72.0771,-0.0819,97.0554,0.1173,0.75,0.0,1500.0,0.0,6.3
280.5,2026-05-05T22:14:25.584413+00:00,72.094,-0.063,97.0194,0.0516,0.75,0.0,1500.0,0.0,6.3
281.0,2026-05-05T22:14:26.084364+00:00,72.1069,0.0152,97.0149,0.1168,0.75,0.0,1500.0,0.0,6.3
281.5,2026-05-05T22:14:26.584392+00:00,71.9896,-0.1156,96.8726,0.0435,0.75,0.0,1500.0,0.0,6.3
282.001798,2026-05-05T22:14:27.086115+00:00,71.8995,-0.0888,96.9021,-0.0437,0.75,0.0,1500.0,0.0,6.3
282.5,2026-05-05T22:14:27.591146+00:00,71.7029,-0.1955,96.9248,0.0513,0.75,0.0,1500.0,0.0,6.3
283.0,2026-05-05T22:14:28.084413+00:00,71.9336,-0.0867,96.9422,-0.0377,0.75,0.0,1500.0,0.0,6.3
283.5,2026-05-05T22:14:28.584370+00:00,71.8564,-0.0666,96.7473,-0.0907,0.75,0.0,1500.0,0.0,6.3
284.0,2026-05-05T22:14:29.084436+00:00,71.7971,-0.0512,96.6901,-0.1083,0.75,0.0,1500.0,0.0,6.3
284.5,2026-05-05T22:14:29.584371+00:00,72.006,0.1516,96.4147,-0.1526,0.75,0.0,1500.0,0.0,6.3
285.0,2026-05-05T22:14:30.091939+00:00,72.0393,0.0529,96.4344,-0.1559,0.75,0.0,1500.0,0.0,6.3
285.5,2026-05-05T22:14:30.584368+00:00,71.8104,-0.023,96.3108,-0.2047,0.75,0.0,1500.0,0.0,6.3
286.0,2026-05-05T22:14:31.084413+00:00,71.889,0.0459,96.3546,-0.1959,0.75,0.0,1500.0,0.0,6.3
286.5,2026-05-05T22:14:31.584569+00:00,71.9494,-0.0283,96.2725,-0.1583,0.75,0.0,1500.0,0.0,6.3
287.0,2026-05-05T22:14:32.084341+00:00,72.1231,0.0419,96.3251,-0.1216,0.75,0.0,1500.0,0.0,6.3
287.5,2026-05-05T22:14:32.590757+00:00,72.1293,0.1595,96.4813,0.0222,0.75,0.0,1500.0,0.0,6.3
288.0,2026-05-05T22:14:33.084373+00:00,71.8796,-0.0047,96.6939,0.0865,0.75,0.0,1500.0,0.0,6.3
288.5,2026-05-05T22:14:33.584357+00:00,71.8149,-0.0673,96.5333,0.0742,0.75,0.0,1500.0,0.0,6.3
289.0,2026-05-05T22:14:34.084619+00:00,71.8924,-0.1153,96.6413,0.0956,0.75,0.0,1500.0,0.0,6.3
289.500601,2026-05-05T22:14:34.584990+00:00,71.952,-0.0886,96.7012,0.1429,0.75,0.0,1500.0,0.0,6.3
290.000307,2026-05-05T22:14:35.089828+00:00,71.9978,0.0591,96.6546,0.1098,0.75,0.0,1500.0,0.0,6.3
290.5,2026-05-05T22:14:35.584688+00:00,72.1603,0.1727,96.5031,0.0073,0.75,0.0,1500.0,0.0,6.3
291.000623,2026-05-05T22:14:36.084997+00:00,72.2852,0.1964,96.6181,-0.0253,0.75,0.0,1500.0,0.0,6.3
291.5,2026-05-05T22:14:36.584334+00:00,72.3812,0.2146,96.5908,0.0192,0.75,0.0,1500.0,0.0,6.3
292.0,2026-05-05T22:14:37.084691+00:00,72.2004,0.1013,96.9169,0.0919,0.75,0.0,1500.0,0.0,6.3
292.5,2026-05-05T22:14:37.588923+00:00,72.1888,0.0142,96.7047,0.0012,0.75,0.0,1500.0,0.0,6.3
293.00068,2026-05-05T22:14:38.085180+00:00,72.0525,-0.1163,96.6573,0.0009,0.75,0.0,1500.0,0.0,6.3
293.5,2026-05-05T22:14:38.584473+00:00,72.2023,-0.0894,96.7366,0.0778,0.75,0.0,1500.0,0.0,6.3
294.0,2026-05-05T22:14:39.084351+00:00,72.1902,-0.0051,96.7976,0.0598,0.75,0.0,1500.0,0.0,6.3
294.5,2026-05-05T22:14:39.584568+00:00,72.3082,0.0597,96.8213,0.0768,0.75,0.0,1500.0,0.0,6.3
295.00094,2026-05-05T22:14:40.090877+00:00,72.3989,0.1732,96.8626,-0.0181,0.75,0.0,1500.0,0.0,6.3
295.5,2026-05-05T22:14:40.584385+00:00,72.3413,0.0695,96.8944,0.0632,0.75,0.0,1500.0,0.0,6.3
296.0,2026-05-05T22:14:41.084343+00:00,72.4243,0.117,97.1503,0.1643,0.75,0.0,1500.0,0.0,6.3
296.500913,2026-05-05T22:14:41.585257+00:00,72.2335,-0.0373,96.9998,0.0877,0.75,0.0,1500.0,0.0,6.3
297.0,2026-05-05T22:14:42.084322+00:00,72.3415,-0.0287,97.0924,0.0983,0.75,0.0,1500.0,0.0,6.3
297.5,2026-05-05T22:14:42.593910+00:00,72.2972,-0.022,96.9553,0.0447,0.75,0.0,1500.0,0.0,6.3
298.0,2026-05-05T22:14:43.084343+00:00,72.2631,-0.0806,96.7343,-0.0428,0.75,0.0,1500.0,0.0,6.3
298.5,2026-05-05T22:14:43.584383+00:00,72.1097,-0.0619,96.7957,-0.0329,0.75,0.0,1500.0,0.0,6.3
299.0,2026-05-05T22:14:44.084869+00:00,72.2463,-0.0476,96.7273,-0.141,0.75,0.0,1500.0,0.0,6.3
299.5,2026-05-05T22:14:44.584377+00:00,72.3513,0.027,96.6747,-0.1084,0.75,0.0,1500.0,0.0,6.3
300.0,2026-05-05T22:14:45.089139+00:00,72.432,0.0844,96.6111,-0.1604,0.75,0.0,1500.0,0.0,6.3
300.5,2026-05-05T22:14:45.584366+00:00,72.3667,0.1285,96.5854,-0.1233,0.75,0.0,1500.0,0.0,6.3
301.0,2026-05-05T22:14:46.084374+00:00,72.1893,-0.0285,96.6814,-0.0176,0.75,0.0,1500.0,0.0,6.3
301.5,2026-05-05T22:14:46.584833+00:00,72.1802,-0.0855,96.8477,0.0173,0.75,0.0,1500.0,0.0,6.3
302.001982,2026-05-05T22:14:47.086510+00:00,72.1732,-0.1294,96.8829,0.0519,0.75,0.0,1500.0,0.0,6.3
302.5,2026-05-05T22:14:47.590812+00:00,72.2951,-0.0358,96.7943,0.0399,0.75,0.0,1500.0,0.0,6.2488
303.0,2026-05-05T22:14:48.084523+00:00,72.1343,-0.0275,96.8419,0.0769,0.75,0.0,1500.0,0.0,6.275
303.501783,2026-05-05T22:14:48.586709+00:00,72.2652,0.0425,96.7628,0.0591,0.75,0.0,1500.0,0.0,6.2878
304.0,2026-05-05T22:14:49.084354+00:00,72.3658,0.0963,96.8177,0.0454,0.75,0.0,1500.0,0.0,6.294
304.5,2026-05-05T22:14:49.584338+00:00,72.1886,-0.0533,96.8367,-0.0036,0.75,0.0,1500.0,0.0,6.2971
305.0,2026-05-05T22:14:50.093510+00:00,72.1797,0.0227,96.62,-0.0876,0.75,0.0,1500.0,0.0,6.2986
305.5,2026-05-05T22:14:50.584345+00:00,72.0455,-0.1098,96.5922,-0.0674,0.75,0.0,1500.0,0.0,6.2993
306.0,2026-05-05T22:14:51.084331+00:00,71.6879,-0.339,96.5709,-0.0903,0.75,0.0,1500.0,0.0,6.2997
306.5,2026-05-05T22:14:51.584386+00:00,71.5403,-0.3242,96.5545,-0.0694,0.75,0.0,1500.0,0.0,6.2998
307.0,2026-05-05T22:14:52.084417+00:00,71.8086,-0.1855,96.6344,-0.0611,0.75,0.0,1500.0,0.0,6.2999
307.5,2026-05-05T22:14:52.589253+00:00,71.6331,-0.2062,96.5802,-0.0855,0.75,0.0,1500.0,0.0,6.3
308.001262,2026-05-05T22:14:53.085632+00:00,71.88,0.096,96.4228,-0.0657,0.75,0.0,1500.0,0.0,6.3
308.5,2026-05-05T22:14:53.584353+00:00,71.9425,0.2011,96.4407,-0.0505,0.75,0.0,1500.0,0.0,6.3
309.0,2026-05-05T22:14:54.084363+00:00,71.8632,0.0273,96.5701,-0.0003,0.75,0.0,1500.0,0.0,6.3
309.5,2026-05-05T22:14:54.584360+00:00,71.8023,0.0846,96.5307,-0.0079,0.75,0.0,1500.0,0.0,6.3
310.000153,2026-05-05T22:14:55.089538+00:00,71.8828,0.0014,96.7319,0.0325,0.75,0.0,1500.0,0.0,6.3
310.5,2026-05-05T22:14:55.584838+00:00,71.9446,0.0011,96.9096,0.1098,0.75,0.0,1500.0,0.0,6.3
311.0,2026-05-05T22:14:56.084380+00:00,71.9921,0.0645,96.8148,0.1307,0.75,0.0,1500.0,0.0,6.3
311.501015,2026-05-05T22:14:56.586037+00:00,71.9014,0.0495,96.9734,0.1776,0.75,0.0,1500.0,0.0,6.3
312.000599,2026-05-05T22:14:57.085672+00:00,71.8316,-0.0256,96.8638,0.0979,0.75,0.0,1500.0,0.0,6.3
312.5,2026-05-05T22:14:57.589159+00:00,72.0326,0.044,96.8722,0.1138,0.75,0.0,1500.0,0.0,6.3
313.0,2026-05-05T22:14:58.084330+00:00,72.0598,0.0338,96.9018,0.0566,0.75,0.0,1500.0,0.0,6.3512
313.5,2026-05-05T22:14:58.584389+00:00,71.9534,0.026,96.9245,0.005,0.75,0.0,1500.0,0.0,6.3762
314.0,2026-05-05T22:14:59.084497+00:00,71.7443,-0.0437,96.7106,-0.0348,0.75,0.0,1500.0,0.0,6.3884
314.5,2026-05-05T22:14:59.584360+00:00,71.8382,-0.0972,96.7544,-0.073,0.75,0.0,1500.0,0.0,6.3431
315.0,2026-05-05T22:15:00.090723+00:00,72.0376,-0.0111,96.4641,-0.1332,0.75,0.0,1500.0,0.0,6.321
315.5,2026-05-05T22:15:00.584399+00:00,72.0636,0.0551,96.5881,-0.0947,0.75,0.0,1500.0,0.0,6.3103
316.0,2026-05-05T22:15:01.084407+00:00,71.9563,0.106,96.6834,-0.0728,0.75,0.0,1500.0,0.0,6.305
316.501356,2026-05-05T22:15:01.585703+00:00,71.8739,0.0178,96.641,-0.0945,0.75,0.0,1500.0,0.0,6.3024
317.0,2026-05-05T22:15:02.084351+00:00,71.9378,-0.0499,96.8398,0.0431,0.75,0.0,1500.0,0.0,6.3012
317.502955,2026-05-05T22:15:02.593200+00:00,72.1142,0.0253,96.8768,0.0408,0.75,0.0,1500.0,0.0,6.3006
318.0,2026-05-05T22:15:03.084347+00:00,72.1225,0.0831,97.021,0.1856,0.75,0.0,1500.0,0.0,6.3003
318.5,2026-05-05T22:15:03.584373+00:00,72.1288,0.1275,96.9005,0.1041,0.75,0.0,1500.0,0.0,6.3001
319.000713,2026-05-05T22:15:04.085125+00:00,72.0065,0.0343,96.7847,0.0337,0.75,0.0,1500.0,0.0,6.3001
319.5,2026-05-05T22:15:04.584665+00:00,72.0397,-0.0372,96.8114,0.0568,0.75,0.0,1500.0,0.0,6.3
320.001009,2026-05-05T22:15:05.091990+00:00,71.9379,-0.0923,96.7624,-0.0258,0.75,0.0,1500.0,0.0,6.3
320.501682,2026-05-05T22:15:05.586066+00:00,71.987,-0.0709,96.586,-0.0969,0.75,0.0,1500.0,0.0,6.3
321.0,2026-05-05T22:15:06.084349+00:00,71.8975,-0.0545,96.6818,-0.1131,0.75,0.0,1500.0,0.0,6.3
321.5,2026-05-05T22:15:06.584528+00:00,71.8286,-0.1055,96.7323,-0.0561,0.75,0.0,1500.0,0.0,6.3
322.001979,2026-05-05T22:15:07.086402+00:00,71.903,-0.0175,96.6785,-0.0354,0.75,0.0,1500.0,0.0,6.3
322.5,2026-05-05T22:15:07.590728+00:00,71.9601,-0.0134,96.7529,-0.0195,0.75,0.0,1500.0,0.0,6.3
323.0,2026-05-05T22:15:08.084350+00:00,72.0041,0.0533,96.8101,0.0159,0.75,0.0,1500.0,0.0,6.3
323.501999,2026-05-05T22:15:08.586498+00:00,72.0378,0.1046,96.5995,0.0045,0.75,0.0,1500.0,0.0,6.3
324.0,2026-05-05T22:15:09.084329+00:00,72.1911,0.144,96.5765,-0.0351,0.75,0.0,1500.0,0.0,6.3
324.5,2026-05-05T22:15:09.584761+00:00,72.3088,0.1743,96.6745,-0.0193,0.75,0.0,1500.0,0.0,6.3
325.0,2026-05-05T22:15:10.090881+00:00,72.1448,0.0704,96.6341,-0.0148,0.75,0.0,1500.0,0.0,6.3
325.5,2026-05-05T22:15:10.584588+00:00,72.146,0.0541,96.7188,-0.0114,0.75,0.0,1500.0,0.0,6.3
326.0,2026-05-05T22:15:11.084727+00:00,72.2742,0.0416,96.5525,-0.0859,0.75,0.0,1500.0,0.0,6.3
326.501971,2026-05-05T22:15:11.586506+00:00,72.1182,-0.0953,96.5403,-0.0197,0.75,0.0,1500.0,0.0,6.3
327.0,2026-05-05T22:15:12.084512+00:00,72.2528,0.054,96.4153,-0.0537,0.75,0.0,1500.0,0.0,6.3
327.5,2026-05-05T22:15:12.593444+00:00,72.229,0.0415,96.5274,-0.049,0.75,0.0,1500.0,0.0,6.2488
328.0,2026-05-05T22:15:13.084403+00:00,72.0835,-0.0954,96.4054,-0.0762,0.75,0.0,1500.0,0.0,6.275
328.5,2026-05-05T22:15:13.584434+00:00,71.9716,-0.0733,96.5198,-0.0663,0.75,0.0,1500.0,0.0,6.2878
329.0,2026-05-05T22:15:14.084527+00:00,72.0129,-0.12,96.631,0.0262,0.75,0.0,1500.0,0.0,6.294
329.5,2026-05-05T22:15:14.584372+00:00,72.1719,-0.0286,96.5775,0.0124,0.75,0.0,1500.0,0.0,6.2971
330.000004,2026-05-05T22:15:15.089511+00:00,72.1668,0.0417,96.6753,0.0867,0.75,0.0,1500.0,0.0,6.2986
330.5,2026-05-05T22:15:15.584396+00:00,72.2902,0.1593,96.7504,0.0743,0.75,0.0,1500.0,0.0,6.2993
331.001749,2026-05-05T22:15:16.086254+00:00,72.2578,0.1224,96.4611,0.0186,0.75,0.0,1500.0,0.0,6.2997
331.5,2026-05-05T22:15:16.584564+00:00,72.1055,-0.0332,96.5858,0.022,0.75,0.0,1500.0,0.0,6.2998
332.0,2026-05-05T22:15:17.084991+00:00,71.9886,-0.0891,96.6816,0.0169,0.75,0.0,1500.0,0.0,6.2999
332.500448,2026-05-05T22:15:17.590832+00:00,72.1532,-0.0685,96.6396,0.0207,0.75,0.0,1500.0,0.0,6.2488
333.0,2026-05-05T22:15:18.084346+00:00,72.1525,-0.0527,96.723,0.0159,0.75,0.0,1500.0,0.0,6.275
333.5,2026-05-05T22:15:18.584339+00:00,72.1519,0.0232,96.7871,0.0122,0.75,0.0,1500.0,0.0,6.2878
334.000423,2026-05-05T22:15:19.084772+00:00,72.1514,0.0814,96.7438,0.0942,0.75,0.0,1500.0,0.0,6.294
334.5,2026-05-05T22:15:19.584369+00:00,72.2784,0.0626,97.0345,0.1496,0.75,0.0,1500.0,0.0,6.2971
335.001964,2026-05-05T22:15:20.195168+00:00,72.1214,-0.0155,97.0265,0.115,0.75,0.0,1500.0,0.0,6.2986
335.5,2026-05-05T22:15:20.584364+00:00,72.128,-0.0119,97.0204,0.1269,0.75,0.0,1500.0,0.0,6.2993
336.0,2026-05-05T22:15:21.084346+00:00,71.8786,-0.1364,97.0157,0.0976,0.75,0.0,1500.0,0.0,6.2997
336.501606,2026-05-05T22:15:21.585993+00:00,71.8141,-0.2321,97.012,0.075,0.75,0.0,1500.0,0.0,6.2998
337.0,2026-05-05T22:15:22.084619+00:00,71.8918,-0.1148,97.125,0.127,0.75,0.0,1500.0,0.0,6.2999
337.5,2026-05-05T22:15:22.591109+00:00,71.9516,-0.0882,97.096,0.0205,0.75,0.0,1500.0,0.0,6.3
338.0,2026-05-05T22:15:23.084359+00:00,72.1248,0.1231,96.7036,-0.1076,0.75,0.0,1500.0,0.0,6.3
338.5,2026-05-05T22:15:23.584393+00:00,71.8761,0.031,96.6565,-0.1213,0.75,0.0,1500.0,0.0,6.3
339.0,2026-05-05T22:15:24.084393+00:00,71.8122,-0.0398,96.3657,-0.2166,0.75,0.0,1500.0,0.0,6.3
339.5,2026-05-05T22:15:24.584353+00:00,72.0176,0.033,96.2811,-0.2436,0.75,0.0,1500.0,0.0,6.3
340.0,2026-05-05T22:15:25.090821+00:00,72.1755,0.0254,96.3086,-0.2721,0.75,0.0,1500.0,0.0,6.3
340.5,2026-05-05T22:15:25.584768+00:00,72.1696,0.1468,96.2372,-0.2863,0.75,0.0,1500.0,0.0,6.3
341.001578,2026-05-05T22:15:26.085956+00:00,72.0378,0.1128,96.4137,-0.0966,0.75,0.0,1500.0,0.0,6.3
341.5,2026-05-05T22:15:26.584386+00:00,72.191,0.0867,95.9709,-0.2285,0.75,0.0,1500.0,0.0,6.3
342.0,2026-05-05T22:15:27.084667+00:00,72.0543,-0.0606,96.3247,-0.0137,0.75,0.0,1500.0,0.0,6.3
342.5,2026-05-05T22:15:27.590006+00:00,71.9492,-0.1102,96.2496,-0.0105,0.75,0.0,1500.0,0.0,6.2488
343.000488,2026-05-05T22:15:28.084802+00:00,71.8684,-0.0847,96.0761,-0.0775,0.75,0.0,1500.0,0.0,6.275
343.5,2026-05-05T22:15:28.584385+00:00,71.8063,-0.1924,96.2899,0.0176,0.75,0.0,1500.0,0.0,6.2878
344.0,2026-05-05T22:15:29.084363+00:00,72.0131,-0.0206,96.4542,0.0135,0.75,0.0,1500.0,0.0,6.294
344.5,2026-05-05T22:15:29.584360+00:00,71.9175,-0.0158,96.4417,0.1569,0.75,0.0,1500.0,0.0,6.2971
345.0,2026-05-05T22:15:30.090909+00:00,72.0986,0.1151,96.5709,0.0821,0.75,0.0,1500.0,0.0,6.2986
345.5,2026-05-05T22:15:30.584362+00:00,72.2377,0.2157,96.5545,0.1016,0.75,0.0,1500.0,0.0,6.2993
346.0,2026-05-05T22:15:31.084401+00:00,72.2174,0.1022,96.5419,0.1552,0.75,0.0,1500.0,0.0,6.2997
346.5,2026-05-05T22:15:31.584493+00:00,72.0746,0.0785,96.6479,0.1193,0.75,0.0,1500.0,0.0,6.2998
347.0,2026-05-05T22:15:32.084794+00:00,71.8375,-0.1305,96.6137,0.0531,0.75,0.0,1500.0,0.0,6.2999
347.5,2026-05-05T22:15:32.589023+00:00,71.7825,-0.2276,96.6799,0.0794,0.75,0.0,1500.0,0.0,6.2488
348.0,2026-05-05T22:15:33.084520+00:00,71.9948,-0.1113,96.5226,-0.0161,0.75,0.0,1500.0,0.0,6.275
348.5,2026-05-05T22:15:33.584444+00:00,72.0307,-0.0219,96.4017,-0.0509,0.75,0.0,1500.0,0.0,6.2878
349.0,2026-05-05T22:15:34.084358+00:00,72.0583,0.1104,96.0773,-0.1549,0.75,0.0,1500.0,0.0,6.294
349.5,2026-05-05T22:15:34.584327+00:00,72.2068,0.2121,96.0594,-0.1962,0.75,0.0,1500.0,0.0,6.2971
350.0,2026-05-05T22:15:35.095290+00:00,72.1937,0.0994,96.1614,-0.1508,0.75,0.0,1500.0,0.0,6.2986
350.5,2026-05-05T22:15:35.584382+00:00,72.1836,0.0764,96.124,-0.1853,0.75,0.0,1500.0,0.0,6.2993
351.0,2026-05-05T22:15:36.084427+00:00,71.9213,-0.0685,96.1879,-0.1116,0.75,0.0,1500.0,0.0,6.2997
351.5,2026-05-05T22:15:36.584394+00:00,71.8469,-0.1799,96.3758,-0.0086,0.75,0.0,1500.0,0.0,6.2998
352.0,2026-05-05T22:15:37.084376+00:00,71.7898,-0.2019,96.2888,0.0705,0.75,0.0,1500.0,0.0,6.2999
352.5,2026-05-05T22:15:37.589376+00:00,71.7459,-0.2188,96.4534,0.1313,0.75,0.0,1500.0,0.0,6.3
353.0,2026-05-05T22:15:38.084406+00:00,71.8394,-0.0409,96.4642,0.1009,0.75,0.0,1500.0,0.0,6.3
353.5,2026-05-05T22:15:38.584852+00:00,72.0385,0.0958,96.3336,0.0699,0.75,0.0,1500.0,0.0,6.3
354.0,2026-05-05T22:15:39.084428+00:00,71.9371,0.0736,96.2564,0.0228,0.75,0.0,1500.0,0.0,6.3
354.5,2026-05-05T22:15:39.584552+00:00,72.1136,0.1839,96.4285,0.0176,0.75,0.0,1500.0,0.0,6.3
355.0,2026-05-05T22:15:40.093122+00:00,72.122,0.1413,96.2136,-0.0251,0.75,0.0,1500.0,0.0,6.3
355.5,2026-05-05T22:15:40.584335+00:00,72.1285,0.045,96.2799,-0.0578,0.75,0.0,1500.0,0.0,6.3
356.0,2026-05-05T22:15:41.084370+00:00,72.1335,0.0982,96.4465,-0.0059,0.75,0.0,1500.0,0.0,6.3
356.503547,2026-05-05T22:15:41.588168+00:00,72.1373,0.0118,96.4589,0.0418,0.75,0.0,1500.0,0.0,6.3
357.0,2026-05-05T22:15:42.084371+00:00,72.2675,0.0727,96.561,0.1015,0.75,0.0,1500.0,0.0,6.3
357.5,2026-05-05T22:15:42.589619+00:00,71.8585,-0.135,96.6626,0.078,0.75,0.0,1500.0,0.0,6.3
358.0,2026-05-05T22:15:43.084371+00:00,71.6714,-0.231,96.5324,0.1062,0.75,0.0,1500.0,0.0,6.3
358.5,2026-05-05T22:15:43.584368+00:00,71.7822,-0.1776,96.6406,0.1202,0.75,0.0,1500.0,0.0,6.3
359.001046,2026-05-05T22:15:44.085886+00:00,71.74,-0.2637,96.9552,0.1695,0.75,0.0,1500.0,0.0,6.3
359.500255,2026-05-05T22:15:44.584607+00:00,71.8349,-0.0118,97.0812,0.2074,0.75,0.0,1500.0,0.0,6.3
360.0,2026-05-05T22:15:45.093773+00:00,71.9078,0.1182,97.0624,0.1672,0.75,0.0,1500.0,0.0,6.3
360.5,2026-05-05T22:15:45.584758+00:00,71.9638,0.0908,97.1637,0.167,0.75,0.0,1500.0,0.0,6.3
361.0,2026-05-05T22:15:46.084336+00:00,72.0069,0.1335,96.8944,0.1207,0.75,0.0,1500.0,0.0,6.3
361.5,2026-05-05T22:15:46.584321+00:00,72.1673,0.1662,97.0345,0.1313,0.75,0.0,1500.0,0.0,6.3
362.002032,2026-05-05T22:15:47.086396+00:00,72.1633,0.1277,96.9109,-0.0148,0.75,0.0,1500.0,0.0,6.3
362.5,2026-05-05T22:15:47.589523+00:00,72.1602,0.0982,96.9315,-0.0499,0.75,0.0,1500.0,0.0,6.3
363.0,2026-05-05T22:15:48.084333+00:00,72.0306,0.0118,97.063,0.0002,0.75,0.0,1500.0,0.0,6.3
363.5,2026-05-05T22:15:48.584392+00:00,71.8037,-0.1818,97.0253,-0.0461,0.75,0.0,1500.0,0.0,6.3
364.0,2026-05-05T22:15:49.084519+00:00,71.7565,-0.2034,97.1352,0.0802,0.75,0.0,1500.0,0.0,6.3
364.5,2026-05-05T22:15:49.584443+00:00,71.7203,-0.2199,97.2196,0.0617,0.75,0.0,1500.0,0.0,6.3
365.0,2026-05-05T22:15:50.091042+00:00,71.8197,-0.1054,97.1919,0.0937,0.75,0.0,1500.0,0.0,6.3
365.5,2026-05-05T22:15:50.584829+00:00,71.7689,-0.0174,97.1706,0.0797,0.75,0.0,1500.0,0.0,6.3
366.0,2026-05-05T22:15:51.087597+00:00,71.8571,0.0503,97.2469,0.0613,0.75,0.0,1500.0,0.0,6.3
366.5,2026-05-05T22:15:51.584577+00:00,71.9249,0.1023,97.1897,0.0548,0.75,0.0,1500.0,0.0,6.3
367.0,2026-05-05T22:15:52.084359+00:00,71.977,0.0786,97.0301,-0.035,0.75,0.0,1500.0,0.0,6.3
367.5,2026-05-05T22:15:52.591540+00:00,72.017,0.1241,97.0232,-0.0655,0.75,0.0,1500.0,0.0,6.2488
368.000309,2026-05-05T22:15:53.084662+00:00,72.0478,0.0953,97.0178,-0.058,0.75,0.0,1500.0,0.0,6.275
368.5,2026-05-05T22:15:53.584537+00:00,72.0714,0.0733,97.0137,-0.0523,0.75,0.0,1500.0,0.0,6.2878
369.000035,2026-05-05T22:15:54.084394+00:00,72.0896,0.0563,96.8948,-0.1173,0.75,0.0,1500.0,0.0,6.294
369.500164,2026-05-05T22:15:54.584750+00:00,72.1036,0.0433,96.9192,-0.0902,0.75,0.0,1500.0,0.0,6.2971
370.0,2026-05-05T22:15:55.090776+00:00,71.9871,-0.0304,97.0536,0.0078,0.75,0.0,1500.0,0.0,6.2986
370.500485,2026-05-05T22:15:55.584803+00:00,72.152,0.0403,96.9255,-0.0326,0.75,0.0,1500.0,0.0,6.2993
371.0,2026-05-05T22:15:56.084433+00:00,72.1516,0.031,96.9427,-0.025,0.75,0.0,1500.0,0.0,6.2997
371.5,2026-05-05T22:15:56.584414+00:00,72.1512,0.0238,96.956,-0.0192,0.75,0.0,1500.0,0.0,6.2998
372.0,2026-05-05T22:15:57.084355+00:00,72.0237,0.0183,96.8736,-0.0071,0.75,0.0,1500.0,0.0,6.2999
372.5,2026-05-05T22:15:57.590135+00:00,71.9256,-0.1132,96.764,-0.0517,0.75,0.0,1500.0,0.0,6.2488
373.0,2026-05-05T22:15:58.084446+00:00,71.9775,-0.087,96.8186,-0.0783,0.75,0.0,1500.0,0.0,6.275
373.5,2026-05-05T22:15:58.584372+00:00,71.8902,-0.1305,96.6292,-0.0988,0.75,0.0,1500.0,0.0,6.2366
374.0,2026-05-05T22:15:59.084763+00:00,72.0776,0.027,96.8307,-0.0373,0.75,0.0,1500.0,0.0,6.2179
374.5,2026-05-05T22:15:59.584601+00:00,72.0943,0.0844,96.7542,-0.0673,0.75,0.0,1500.0,0.0,6.2087
375.0,2026-05-05T22:16:00.091890+00:00,71.9799,0.0012,96.8111,-0.0208,0.75,0.0,1500.0,0.0,6.2043
375.5,2026-05-05T22:16:00.584360+00:00,72.0193,0.0646,96.8548,0.0303,0.75,0.0,1500.0,0.0,6.2533
376.0,2026-05-05T22:16:01.084362+00:00,72.0495,-0.014,96.8884,0.0233,0.75,0.0,1500.0,0.0,6.2772
376.500402,2026-05-05T22:16:01.584740+00:00,72.2001,0.0529,96.9142,0.095,0.75,0.0,1500.0,0.0,6.2889
377.0,2026-05-05T22:16:02.084564+00:00,72.1885,0.1043,96.8184,-0.0041,0.75,0.0,1500.0,0.0,6.2946
377.502174,2026-05-05T22:16:02.590671+00:00,72.1796,0.0801,96.7447,-0.0032,0.75,0.0,1500.0,0.0,6.2462
378.0,2026-05-05T22:16:03.084345+00:00,72.1727,0.0616,96.8038,-0.0024,0.75,0.0,1500.0,0.0,6.2737
378.5,2026-05-05T22:16:03.584516+00:00,72.1675,-0.0163,96.9649,0.0367,0.75,0.0,1500.0,0.0,6.2872
379.0,2026-05-05T22:16:04.084350+00:00,72.0362,-0.0762,96.7185,-0.0566,0.75,0.0,1500.0,0.0,6.2937
379.5,2026-05-05T22:16:04.584356+00:00,72.0625,-0.0585,96.6448,-0.0898,0.75,0.0,1500.0,0.0,6.2969
380.0,2026-05-05T22:16:05.088908+00:00,72.0827,-0.045,96.727,-0.0305,0.75,0.0,1500.0,0.0,6.2985
380.500704,2026-05-05T22:16:05.585105+00:00,72.2256,0.0291,96.4431,-0.1005,0.75,0.0,1500.0,0.0,6.2993
381.0,2026-05-05T22:16:06.084357+00:00,72.2081,0.086,96.5719,-0.0773,0.75,0.0,1500.0,0.0,6.2996
381.50049,2026-05-05T22:16:06.585610+00:00,72.1946,0.0661,96.7867,-0.0594,0.75,0.0,1500.0,0.0,6.2998
382.0,2026-05-05T22:16:07.084481+00:00,72.1843,0.0508,96.836,0.0392,0.75,0.0,1500.0,0.0,6.2999
382.5,2026-05-05T22:16:07.589813+00:00,72.0491,-0.0882,96.9665,0.1073,0.75,0.0,1500.0,0.0,6.3
383.001511,2026-05-05T22:16:08.085860+00:00,72.0725,-0.0678,96.9743,0.0824,0.75,0.0,1500.0,0.0,6.3
383.5,2026-05-05T22:16:08.584366+00:00,72.0904,-0.0521,96.9802,0.1791,0.75,0.0,1500.0,0.0,6.3
384.0,2026-05-05T22:16:09.084379+00:00,72.2315,0.0236,96.9848,0.1376,0.75,0.0,1500.0,0.0,6.3
384.500499,2026-05-05T22:16:09.584827+00:00,72.2126,0.0818,96.8726,0.0286,0.75,0.0,1500.0,0.0,6.3
385.0,2026-05-05T22:16:10.090480+00:00,72.1981,0.0628,96.7864,-0.0165,0.75,0.0,1500.0,0.0,6.3
385.500026,2026-05-05T22:16:10.584583+00:00,72.187,0.0483,96.9515,-0.005,0.75,0.0,1500.0,0.0,6.3
386.000261,2026-05-05T22:16:11.084702+00:00,72.3057,0.0371,96.847,-0.0424,0.75,0.0,1500.0,0.0,6.3
386.5,2026-05-05T22:16:11.584347+00:00,72.2697,0.0285,96.8824,-0.0326,0.75,0.0,1500.0,0.0,6.3
387.0,2026-05-05T22:16:12.085536+00:00,72.242,0.0219,96.9096,-0.0251,0.75,0.0,1500.0,0.0,6.3
387.5,2026-05-05T22:16:12.591109+00:00,72.2207,0.0169,96.9306,0.0193,0.75,0.0,1500.0,0.0,6.3
388.0,2026-05-05T22:16:13.084682+00:00,72.3316,0.013,96.8309,0.0148,0.75,0.0,1500.0,0.0,6.3
388.5,2026-05-05T22:16:13.584401+00:00,72.4169,0.0736,96.87,-0.0272,0.75,0.0,1500.0,0.0,6.3
389.000787,2026-05-05T22:16:14.085155+00:00,72.2278,-0.0071,96.5299,-0.1057,0.75,0.0,1500.0,0.0,6.3
389.5,2026-05-05T22:16:14.584449+00:00,72.0826,-0.0691,96.6387,-0.0813,0.75,0.0,1500.0,0.0,6.3
390.0,2026-05-05T22:16:15.090853+00:00,71.9709,-0.1804,96.6066,-0.101,0.75,0.0,1500.0,0.0,6.3
390.5,2026-05-05T22:16:15.584346+00:00,72.0123,-0.2023,96.5819,-0.1162,0.75,0.0,1500.0,0.0,6.3
391.0,2026-05-05T22:16:16.084365+00:00,72.0442,-0.0918,96.4473,-0.1279,0.75,0.0,1500.0,0.0,6.3
391.501293,2026-05-05T22:16:16.585675+00:00,72.0687,-0.0069,96.4363,-0.1446,0.75,0.0,1500.0,0.0,6.3
392.0,2026-05-05T22:16:17.084488+00:00,71.833,-0.069,96.4511,-0.0263,0.75,0.0,1500.0,0.0,6.3
392.5,2026-05-05T22:16:17.589254+00:00,72.0336,0.0106,96.6938,0.0184,0.75,0.0,1500.0,0.0,6.3
393.0,2026-05-05T22:16:18.084363+00:00,71.806,-0.1191,96.6489,0.0141,0.75,0.0,1500.0,0.0,6.3
393.5,2026-05-05T22:16:18.584529+00:00,71.8856,-0.0915,96.6145,0.0109,0.75,0.0,1500.0,0.0,6.3
394.0,2026-05-05T22:16:19.084540+00:00,71.9468,0.0569,96.588,0.0469,0.75,0.0,1500.0,0.0,6.3
394.500377,2026-05-05T22:16:19.584798+00:00,71.9938,-0.0199,96.5676,0.0438,0.75,0.0,1500.0,0.0,6.3
395.0,2026-05-05T22:16:20.090462+00:00,71.9027,0.0483,96.6677,0.0722,0.75,0.0,1500.0,0.0,6.3
395.5,2026-05-05T22:16:20.584502+00:00,71.9599,0.0372,96.6289,-0.0216,0.75,0.0,1500.0,0.0,6.3
396.0,2026-05-05T22:16:21.084404+00:00,71.7494,-0.0987,96.5065,-0.0475,0.75,0.0,1500.0,0.0,6.3
396.5,2026-05-05T22:16:21.584360+00:00,71.8421,-0.0759,96.4819,-0.0442,0.75,0.0,1500.0,0.0,6.3
397.0,2026-05-05T22:16:22.084425+00:00,71.9133,0.0053,96.5786,-0.0031,0.75,0.0,1500.0,0.0,6.3
397.5,2026-05-05T22:16:22.689564+00:00,71.8408,-0.0595,96.4447,-0.041,0.75,0.0,1500.0,0.0,6.2488
398.0,2026-05-05T22:16:23.084324+00:00,71.7851,0.0179,96.5732,-0.0315,0.75,0.0,1500.0,0.0,6.275
398.500049,2026-05-05T22:16:23.584902+00:00,71.9968,0.0774,96.672,0.0144,0.75,0.0,1500.0,0.0,6.2878
399.000446,2026-05-05T22:16:24.084842+00:00,72.0323,0.0595,96.7479,0.0805,0.75,0.0,1500.0,0.0,6.294
399.5,2026-05-05T22:16:24.584343+00:00,72.1868,0.173,96.6674,0.0618,0.75,0.0,1500.0,0.0,6.2971
400.0,2026-05-05T22:16:25.089721+00:00,72.1783,0.1966,96.6055,0.009,0.75,0.0,1500.0,0.0,6.2986
400.5,2026-05-05T22:16:25.584347+00:00,72.299,0.1511,96.558,0.0377,0.75,0.0,1500.0,0.0,6.2993
401.0,2026-05-05T22:16:26.084382+00:00,72.2645,0.1161,96.5214,-0.0173,0.75,0.0,1500.0,0.0,6.2997
401.5,2026-05-05T22:16:26.584448+00:00,72.3653,0.0893,96.5164,-0.0518,0.75,0.0,1500.0,0.0,6.2998
402.0,2026-05-05T22:16:27.084328+00:00,72.3155,0.0686,96.2581,-0.1633,0.75,0.0,1500.0,0.0,6.2999
402.5,2026-05-05T22:16:27.591000+00:00,72.2772,-0.0109,96.4298,-0.0792,0.75,0.0,1500.0,0.0,6.2488
403.0,2026-05-05T22:16:28.084471+00:00,72.375,0.0553,96.6774,0.024,0.75,0.0,1500.0,0.0,6.275
403.5,2026-05-05T22:16:28.584469+00:00,72.323,-0.0212,96.6364,0.0261,0.75,0.0,1500.0,0.0,6.2878
404.001061,2026-05-05T22:16:29.086030+00:00,72.2829,-0.0163,96.7205,0.0664,0.75,0.0,1500.0,0.0,6.294
404.5,2026-05-05T22:16:29.584454+00:00,72.2522,-0.0125,96.6926,0.0587,0.75,0.0,1500.0,0.0,6.2971
405.0,2026-05-05T22:16:30.089284+00:00,72.3558,-0.0096,96.6249,0.1223,0.75,0.0,1500.0,0.0,6.2986
405.5,2026-05-05T22:16:30.584353+00:00,72.1809,-0.071,96.596,0.0554,0.75,0.0,1500.0,0.0,6.2993
406.0,2026-05-05T22:16:31.084781+00:00,72.1738,-0.0546,96.5738,-0.0345,0.75,0.0,1500.0,0.0,6.2997
406.5,2026-05-05T22:16:31.584430+00:00,72.1683,-0.042,96.7881,0.0506,0.75,0.0,1500.0,0.0,6.2998
407.0,2026-05-05T22:16:32.084495+00:00,72.2913,-0.0322,96.8371,0.0389,0.75,0.0,1500.0,0.0,6.2999
407.5,2026-05-05T22:16:32.590797+00:00,72.2586,0.0388,96.8748,0.0607,0.75,0.0,1500.0,0.0,6.2488
408.0,2026-05-05T22:16:33.084319+00:00,72.3607,0.0935,97.0195,0.1315,0.75,0.0,1500.0,0.0,6.275
408.5,2026-05-05T22:16:33.584344+00:00,72.1847,0.0082,97.1307,0.1782,0.75,0.0,1500.0,0.0,6.2878
409.0,2026-05-05T22:16:34.084324+00:00,72.4312,0.07,97.1004,0.1756,0.75,0.0,1500.0,0.0,6.294
409.5,2026-05-05T22:16:34.584332+00:00,72.6207,0.181,97.0541,0.0886,0.75,0.0,1500.0,0.0,6.2971
410.0,2026-05-05T22:16:35.092134+00:00,72.639,0.1391,96.9259,0.0296,0.75,0.0,1500.0,0.0,6.2986
410.5,2026-05-05T22:16:35.584377+00:00,72.3986,0.1069,96.8273,-0.0158,0.75,0.0,1500.0,0.0,6.2993
411.0,2026-05-05T22:16:36.084665+00:00,72.4683,0.0186,97.0987,0.0264,0.75,0.0,1500.0,0.0,6.2997
411.5,2026-05-05T22:16:36.584480+00:00,72.522,-0.0494,97.0758,-0.0183,0.75,0.0,1500.0,0.0,6.2998
412.0,2026-05-05T22:16:37.084348+00:00,72.4359,-0.1016,97.174,0.0245,0.75,0.0,1500.0,0.0,6.2999
412.5,2026-05-05T22:16:37.593987+00:00,72.6243,0.1128,97.1106,0.0188,0.75,0.0,1500.0,0.0,6.2488
413.0,2026-05-05T22:16:38.084388+00:00,72.5145,0.0231,96.761,-0.0549,0.75,0.0,1500.0,0.0,6.275
413.5,2026-05-05T22:16:38.584343+00:00,72.4302,-0.0459,96.8163,-0.0037,0.75,0.0,1500.0,0.0,6.2878
414.0,2026-05-05T22:16:39.084350+00:00,72.4926,0.0284,96.7431,-0.1185,0.75,0.0,1500.0,0.0,6.294
414.5,2026-05-05T22:16:39.584358+00:00,72.5406,-0.0418,96.548,-0.1759,0.75,0.0,1500.0,0.0,6.2971
415.0,2026-05-05T22:16:40.089364+00:00,72.4502,-0.0322,96.6526,-0.1738,0.75,0.0,1500.0,0.0,6.2986
415.5,2026-05-05T22:16:40.584417+00:00,72.6353,0.1026,96.8487,-0.0873,0.75,0.0,1500.0,0.0,6.2993
416.000492,2026-05-05T22:16:41.084817+00:00,72.3957,-0.0484,96.6523,-0.0362,0.75,0.0,1500.0,0.0,6.2997
416.500035,2026-05-05T22:16:41.584381+00:00,72.3389,-0.1009,96.8485,0.0107,0.75,0.0,1500.0,0.0,6.2998
417.0,2026-05-05T22:16:42.084441+00:00,72.4224,-0.0139,96.8835,0.0468,0.75,0.0,1500.0,0.0,6.2999
417.500379,2026-05-05T22:16:42.589193+00:00,72.1048,-0.2652,96.9105,0.1208,0.75,0.0,1500.0,0.0,6.3
418.0,2026-05-05T22:16:43.084646+00:00,72.1153,-0.1402,96.9312,0.0929,0.75,0.0,1500.0,0.0,6.3
418.5,2026-05-05T22:16:43.584427+00:00,72.1233,-0.1078,96.9703,0.0405,0.75,0.0,1500.0,0.0,6.3
419.0,2026-05-05T22:16:44.084570+00:00,72.0022,-0.2101,96.9771,0.1083,0.75,0.0,1500.0,0.0,6.3
419.5,2026-05-05T22:16:44.584792+00:00,72.1637,0.0294,97.2138,0.1218,0.75,0.0,1500.0,0.0,6.3
420.0,2026-05-05T22:16:45.089045+00:00,72.1605,0.0226,96.9329,0.0165,0.75,0.0,1500.0,0.0,6.3
420.500163,2026-05-05T22:16:45.584711+00:00,72.2854,0.081,96.9485,0.0127,0.75,0.0,1500.0,0.0,6.3
421.0,2026-05-05T22:16:46.084715+00:00,72.3813,0.1895,96.8447,-0.0288,0.75,0.0,1500.0,0.0,6.3
421.5,2026-05-05T22:16:46.584328+00:00,72.4551,0.1457,96.6492,-0.107,0.75,0.0,1500.0,0.0,6.2488
422.0,2026-05-05T22:16:47.084415+00:00,72.3845,0.112,96.5916,-0.1285,0.75,0.0,1500.0,0.0,6.2238
422.5,2026-05-05T22:16:47.589409+00:00,72.4575,0.0861,96.6861,-0.1759,0.75,0.0,1500.0,0.0,6.2116
423.0,2026-05-05T22:16:48.084342+00:00,72.5136,0.0661,96.3885,-0.1815,0.75,0.0,1500.0,0.0,6.2569
423.5,2026-05-05T22:16:48.584508+00:00,72.5567,0.0508,96.53,-0.1395,0.75,0.0,1500.0,0.0,6.279
424.001049,2026-05-05T22:16:49.087242+00:00,72.4626,0.0391,96.523,-0.1072,0.75,0.0,1500.0,0.0,6.2897
424.501695,2026-05-05T22:16:49.586032+00:00,72.6448,0.0937,96.1706,-0.1595,0.75,0.0,1500.0,0.0,6.295
425.0,2026-05-05T22:16:50.090757+00:00,72.403,-0.0553,96.3625,-0.0763,0.75,0.0,1500.0,0.0,6.2976
425.5,2026-05-05T22:16:50.584468+00:00,72.2172,-0.1698,96.3712,-0.105,0.75,0.0,1500.0,0.0,6.2988
426.000447,2026-05-05T22:16:51.085144+00:00,72.2017,-0.1305,96.2622,-0.0421,0.75,0.0,1500.0,0.0,6.2994
426.5,2026-05-05T22:16:51.584402+00:00,72.317,-0.1639,96.5486,0.0062,0.75,0.0,1500.0,0.0,6.2997
427.0,2026-05-05T22:16:52.084468+00:00,72.4056,0.0013,96.7688,0.0819,0.75,0.0,1500.0,0.0,6.2999
427.5,2026-05-05T22:16:52.591123+00:00,72.4737,0.1283,96.5677,0.1324,0.75,0.0,1500.0,0.0,6.2487
428.0,2026-05-05T22:16:53.084357+00:00,72.3988,0.0986,96.6446,0.094,0.75,0.0,1500.0,0.0,6.275
428.5,2026-05-05T22:16:53.584424+00:00,72.3412,0.0121,96.588,0.0723,0.75,0.0,1500.0,0.0,6.2878
429.000652,2026-05-05T22:16:54.085044+00:00,72.297,-0.0543,96.4519,0.0633,0.75,0.0,1500.0,0.0,6.294
429.5,2026-05-05T22:16:54.584503+00:00,72.263,-0.1054,96.2317,-0.1056,0.75,0.0,1500.0,0.0,6.2971
430.0,2026-05-05T22:16:55.093723+00:00,72.3641,-0.0174,96.1781,-0.1969,0.75,0.0,1500.0,0.0,6.2986
430.5,2026-05-05T22:16:55.584408+00:00,72.3146,-0.0133,96.1369,-0.1436,0.75,0.0,1500.0,0.0,6.2993
431.0,2026-05-05T22:16:56.084570+00:00,72.2765,-0.0103,96.3366,-0.1027,0.75,0.0,1500.0,0.0,6.2997
431.5,2026-05-05T22:16:56.584402+00:00,72.2472,-0.0079,96.2587,-0.1098,0.75,0.0,1500.0,0.0,6.2998
432.000606,2026-05-05T22:16:57.084983+00:00,72.2247,-0.0697,96.1757,-0.0921,0.75,0.0,1500.0,0.0,6.2999
432.5,2026-05-05T22:16:57.589049+00:00,72.3347,0.0101,96.2507,0.0064,0.75,0.0,1500.0,0.0,6.2488
433.0,2026-05-05T22:16:58.084347+00:00,72.292,0.0077,96.2853,0.0357,0.75,0.0,1500.0,0.0,6.275
433.502142,2026-05-05T22:16:58.586593+00:00,72.3864,0.0696,96.2193,0.0275,0.75,0.0,1500.0,0.0,6.2878
434.0,2026-05-05T22:16:59.084576+00:00,72.3317,0.0535,96.5156,0.0597,0.75,0.0,1500.0,0.0,6.294
434.5,2026-05-05T22:16:59.584401+00:00,72.0351,-0.1498,96.512,0.0844,0.75,0.0,1500.0,0.0,6.2971
435.0,2026-05-05T22:17:00.190672+00:00,72.0617,-0.1151,96.2547,0.0263,0.75,0.0,1500.0,0.0,6.2986
435.5,2026-05-05T22:17:00.584334+00:00,72.2094,-0.0885,96.6586,0.1359,0.75,0.0,1500.0,0.0,6.2993
436.0,2026-05-05T22:17:01.084581+00:00,72.3229,-0.0044,96.7144,0.143,0.75,0.0,1500.0,0.0,6.2997
436.5,2026-05-05T22:17:01.584389+00:00,72.4102,0.1875,96.3177,0.0328,0.75,0.0,1500.0,0.0,6.2998
437.0,2026-05-05T22:17:02.084502+00:00,72.35,0.1441,96.4525,-0.0211,0.75,0.0,1500.0,0.0,6.2999
437.5,2026-05-05T22:17:02.589206+00:00,72.3037,0.0472,96.3478,-0.0548,0.75,0.0,1500.0,0.0,6.3
438.0,2026-05-05T22:17:03.084416+00:00,72.2681,-0.0274,96.383,0.0428,0.75,0.0,1500.0,0.0,6.3
438.5,2026-05-05T22:17:03.584571+00:00,72.2408,-0.0847,96.5258,-0.0443,0.75,0.0,1500.0,0.0,6.3
439.0,2026-05-05T22:17:04.084378+00:00,72.2198,-0.0651,96.8669,0.0508,0.75,0.0,1500.0,0.0,6.3
439.5,2026-05-05T22:17:04.584365+00:00,72.2036,-0.05,96.782,0.1548,0.75,0.0,1500.0,0.0,6.3
440.0,2026-05-05T22:17:05.088889+00:00,72.1912,-0.0385,96.6936,0.0804,0.75,0.0,1500.0,0.0,6.3
440.5,2026-05-05T22:17:05.584646+00:00,72.1817,-0.0296,96.7645,0.1389,0.75,0.0,1500.0,0.0,6.3
441.0,2026-05-05T22:17:06.084325+00:00,72.3016,0.0409,96.4719,0.0296,0.75,0.0,1500.0,0.0,6.3
441.5,2026-05-05T22:17:06.584468+00:00,72.5211,0.1587,96.4784,-0.0158,0.75,0.0,1500.0,0.0,6.3
442.0,2026-05-05T22:17:07.084718+00:00,72.4352,0.122,96.4834,-0.1278,0.75,0.0,1500.0,0.0,6.3
442.5,2026-05-05T22:17:07.591660+00:00,72.4965,0.1574,96.3715,-0.1368,0.75,0.0,1500.0,0.0,6.3
443.000744,2026-05-05T22:17:08.085212+00:00,72.5436,0.121,96.517,-0.0589,0.75,0.0,1500.0,0.0,6.3
443.5,2026-05-05T22:17:08.584468+00:00,72.4525,-0.0343,96.4899,-0.0915,0.75,0.0,1500.0,0.0,6.3
444.000532,2026-05-05T22:17:09.084950+00:00,72.5098,0.0373,96.4922,0.0068,0.75,0.0,1500.0,0.0,6.3
444.5,2026-05-05T22:17:09.584372+00:00,72.6811,0.0923,96.6097,0.0438,0.75,0.0,1500.0,0.0,6.3
445.0,2026-05-05T22:17:10.092898+00:00,72.4309,-0.0563,96.5843,0.0336,0.75,0.0,1500.0,0.0,6.3
445.5,2026-05-05T22:17:10.584431+00:00,72.3659,-0.0433,96.7962,0.1416,0.75,0.0,1500.0,0.0,6.3
446.0,2026-05-05T22:17:11.084506+00:00,72.3159,-0.0969,96.8434,0.1088,0.75,0.0,1500.0,0.0,6.3
446.501116,2026-05-05T22:17:11.585518+00:00,72.4048,-0.1381,96.9953,0.1685,0.75,0.0,1500.0,0.0,6.3
447.0,2026-05-05T22:17:12.084337+00:00,72.3458,-0.0425,97.1121,0.2066,0.75,0.0,1500.0,0.0,6.3
447.5,2026-05-05T22:17:12.589673+00:00,72.3005,-0.0327,97.1787,0.1897,0.75,0.0,1500.0,0.0,6.2488
448.000492,2026-05-05T22:17:13.084817+00:00,72.393,0.0385,97.1374,0.1843,0.75,0.0,1500.0,0.0,6.275
448.5,2026-05-05T22:17:13.584546+00:00,72.3367,-0.034,97.013,0.0723,0.75,0.0,1500.0,0.0,6.2878
449.0,2026-05-05T22:17:14.084442+00:00,72.1663,-0.0898,97.01,0.0555,0.75,0.0,1500.0,0.0,6.294
449.5,2026-05-05T22:17:14.584367+00:00,72.1625,-0.069,96.5449,-0.1501,0.75,0.0,1500.0,0.0,6.2971
450.0,2026-05-05T22:17:15.095525+00:00,72.2869,-0.053,96.7659,-0.1154,0.75,0.0,1500.0,0.0,6.2986
450.5,2026-05-05T22:17:15.584729+00:00,72.3825,0.0229,96.7044,-0.1581,0.75,0.0,1500.0,0.0,6.2993
451.0,2026-05-05T22:17:16.084372+00:00,72.4559,0.1448,96.5414,-0.1987,0.75,0.0,1500.0,0.0,6.2997
451.5,2026-05-05T22:17:16.584365+00:00,72.5124,0.175,96.6475,-0.1218,0.75,0.0,1500.0,0.0,6.2998
452.0,2026-05-05T22:17:17.084593+00:00,72.3013,0.0072,96.6134,-0.1322,0.75,0.0,1500.0,0.0,6.2999
452.500496,2026-05-05T22:17:17.589702+00:00,72.2663,-0.0581,96.5871,0.0141,0.75,0.0,1500.0,0.0,6.3
453.0,2026-05-05T22:17:18.084504+00:00,72.3666,-0.0447,96.6595,-0.0355,0.75,0.0,1500.0,0.0,6.3
453.5,2026-05-05T22:17:18.584574+00:00,72.4438,-0.0343,96.854,0.0499,0.75,0.0,1500.0,0.0,6.3
454.0,2026-05-05T22:17:19.084359+00:00,72.3758,0.0373,96.8878,0.1155,0.75,0.0,1500.0,0.0,6.3
454.5,2026-05-05T22:17:19.584801+00:00,72.4508,0.0923,96.9138,0.0888,0.75,0.0,1500.0,0.0,6.3
455.0,2026-05-05T22:17:20.093128+00:00,72.2539,-0.0564,96.818,0.0682,0.75,0.0,1500.0,0.0,6.3
455.5,2026-05-05T22:17:20.584346+00:00,72.3572,-0.0433,96.8601,0.091,0.75,0.0,1500.0,0.0,6.3
456.0,2026-05-05T22:17:21.084494+00:00,72.3092,-0.0333,97.1239,0.1548,0.75,0.0,1500.0,0.0,6.3
456.5,2026-05-05T22:17:21.584355+00:00,72.1451,-0.1529,97.0952,0.0804,0.75,0.0,1500.0,0.0,6.3
457.0,2026-05-05T22:17:22.084411+00:00,72.1462,-0.0539,97.3046,0.1389,0.75,0.0,1500.0,0.0,6.3
457.5,2026-05-05T22:17:22.596744+00:00,72.2744,-0.0414,97.3498,0.1453,0.75,0.0,1500.0,0.0,6.3
458.0,2026-05-05T22:17:23.084335+00:00,72.2456,-0.0318,97.1532,0.1117,0.75,0.0,1500.0,0.0,6.3
458.5,2026-05-05T22:17:23.584459+00:00,72.2235,0.0392,97.2334,0.1244,0.75,0.0,1500.0,0.0,6.3
459.0,2026-05-05T22:17:24.084415+00:00,72.3337,0.0938,97.2951,0.0571,0.75,0.0,1500.0,0.0,6.3
459.5,2026-05-05T22:17:24.584369+00:00,72.4185,0.0721,97.3425,0.0824,0.75,0.0,1500.0,0.0,6.3
460.0,2026-05-05T22:17:25.090244+00:00,72.3564,0.0554,97.4947,0.0634,0.75,0.0,1500.0,0.0,6.3
460.5,2026-05-05T22:17:25.584343+00:00,72.3086,0.0426,97.0331,-0.1056,0.75,0.0,1500.0,0.0,6.3
461.0,2026-05-05T22:17:26.084346+00:00,72.2719,-0.0309,97.0254,-0.0426,0.75,0.0,1500.0,0.0,6.3
461.5,2026-05-05T22:17:26.584674+00:00,72.371,-0.0238,96.9039,-0.1099,0.75,0.0,1500.0,0.0,6.3
462.0,2026-05-05T22:17:27.084363+00:00,72.4471,0.0454,96.9261,-0.123,0.75,0.0,1500.0,0.0,6.3
462.5,2026-05-05T22:17:27.590957+00:00,72.5056,0.0985,96.9432,-0.1331,0.75,0.0,1500.0,0.0,6.2488
463.0,2026-05-05T22:17:28.084889+00:00,72.4233,0.0757,96.8175,-0.2257,0.75,0.0,1500.0,0.0,6.275
463.5,2026-05-05T22:17:28.584353+00:00,72.3601,-0.0054,96.6052,-0.1426,0.75,0.0,1500.0,0.0,6.2878
464.0,2026-05-05T22:17:29.084754+00:00,72.4387,-0.0042,96.6966,-0.1096,0.75,0.0,1500.0,0.0,6.294
464.5,2026-05-05T22:17:29.584392+00:00,72.3719,-0.0669,96.7668,-0.0457,0.75,0.0,1500.0,0.0,6.2971
465.0,2026-05-05T22:17:30.089725+00:00,72.5751,0.0759,96.8207,-0.0351,0.75,0.0,1500.0,0.0,6.2986
465.5,2026-05-05T22:17:30.584339+00:00,72.4767,0.0583,96.8622,-0.027,0.75,0.0,1500.0,0.0,6.2993
466.0016,2026-05-05T22:17:31.085934+00:00,72.2739,-0.0824,96.8941,0.0255,0.75,0.0,1500.0,0.0,6.2997
466.5,2026-05-05T22:17:31.584421+00:00,72.1179,-0.127,97.0343,0.143,0.75,0.0,1500.0,0.0,6.2998
467.0,2026-05-05T22:17:32.084358+00:00,71.9981,-0.2885,97.2578,0.1871,0.75,0.0,1500.0,0.0,6.2999
467.500271,2026-05-05T22:17:32.589829+00:00,72.1605,-0.1581,96.9667,0.0667,0.75,0.0,1500.0,0.0,6.2488
468.0,2026-05-05T22:17:33.084828+00:00,72.0308,-0.1215,97.0901,0.0898,0.75,0.0,1500.0,0.0,6.275
468.5,2026-05-05T22:17:33.584358+00:00,72.0584,-0.0298,97.185,0.1076,0.75,0.0,1500.0,0.0,6.2878
469.0,2026-05-05T22:17:34.084418+00:00,72.0796,0.0408,97.1422,0.0827,0.75,0.0,1500.0,0.0,6.294
469.5,2026-05-05T22:17:34.584402+00:00,72.0959,-0.0323,97.225,0.0636,0.75,0.0,1500.0,0.0,6.2971
470.000177,2026-05-05T22:17:35.094752+00:00,71.9811,-0.0248,96.9415,-0.1054,0.75,0.0,1500.0,0.0,6.2986
470.5,2026-05-05T22:17:35.584582+00:00,72.0202,-0.0191,96.8393,-0.0425,0.75,0.0,1500.0,0.0,6.2993
471.0,2026-05-05T22:17:36.084508+00:00,72.0502,-0.0147,96.8765,-0.0712,0.75,0.0,1500.0,0.0,6.2997
471.5,2026-05-05T22:17:36.584342+00:00,72.0733,-0.0113,96.6737,-0.1704,0.75,0.0,1500.0,0.0,6.2998
472.0,2026-05-05T22:17:37.084491+00:00,72.2183,0.1186,96.7261,-0.1387,0.75,0.0,1500.0,0.0,6.2999
472.5,2026-05-05T22:17:37.591554+00:00,72.0753,0.0275,96.6738,-0.1837,0.75,0.0,1500.0,0.0,6.2488
473.0,2026-05-05T22:17:38.084392+00:00,72.0926,0.0212,96.4021,-0.1798,0.75,0.0,1500.0,0.0,6.275
473.5,2026-05-05T22:17:38.584394+00:00,72.2331,0.0799,96.7719,-0.0225,0.75,0.0,1500.0,0.0,6.2878
474.0,2026-05-05T22:17:39.084745+00:00,72.2139,-0.0022,96.8015,-0.025,0.75,0.0,1500.0,0.0,6.294
474.500595,2026-05-05T22:17:39.585171+00:00,72.3264,0.1256,96.7318,0.0194,0.75,0.0,1500.0,0.0,6.2971
475.0,2026-05-05T22:17:40.090434+00:00,72.4128,0.1601,96.331,-0.1317,0.75,0.0,1500.0,0.0,6.2986
475.5,2026-05-05T22:17:40.584395+00:00,72.4793,0.1231,96.3933,-0.0935,0.75,0.0,1500.0,0.0,6.2993
476.0,2026-05-05T22:17:41.084357+00:00,72.5304,0.1582,96.2791,-0.041,0.75,0.0,1500.0,0.0,6.2997
476.5,2026-05-05T22:17:41.584328+00:00,72.1878,-0.0693,96.5385,-0.0778,0.75,0.0,1500.0,0.0,6.2998
477.000133,2026-05-05T22:17:42.084751+00:00,72.1791,-0.1169,96.5296,-0.0906,0.75,0.0,1500.0,0.0,6.2999
477.500159,2026-05-05T22:17:42.590436+00:00,72.2996,-0.0898,96.5227,-0.0697,0.75,0.0,1500.0,0.0,6.3
478.0,2026-05-05T22:17:43.084630+00:00,72.3923,-0.0691,96.4018,0.0236,0.75,0.0,1500.0,0.0,6.3
478.5,2026-05-05T22:17:43.584492+00:00,72.4635,0.1378,96.6328,0.0798,0.75,0.0,1500.0,0.0,6.3
479.000237,2026-05-05T22:17:44.084635+00:00,72.2637,0.0423,96.4863,0.0691,0.75,0.0,1500.0,0.0,6.3
479.5,2026-05-05T22:17:44.584553+00:00,72.2374,-0.0311,96.4664,-0.024,0.75,0.0,1500.0,0.0,6.3
480.0,2026-05-05T22:17:45.091196+00:00,72.3444,-0.0239,96.3584,-0.057,0.75,0.0,1500.0,0.0,6.3
480.5,2026-05-05T22:17:45.584421+00:00,72.2994,-0.082,96.021,-0.1673,0.75,0.0,1500.0,0.0,6.3
481.0,2026-05-05T22:17:46.084321+00:00,72.3921,0.0642,96.2475,-0.0514,0.75,0.0,1500.0,0.0,6.3
481.5,2026-05-05T22:17:46.584421+00:00,72.4634,0.113,96.5373,-0.0318,0.75,0.0,1500.0,0.0,6.3
482.000442,2026-05-05T22:17:47.084828+00:00,72.3909,0.0232,96.5056,0.0064,0.75,0.0,1500.0,0.0,6.3
482.5,2026-05-05T22:17:47.589957+00:00,72.3351,0.0178,96.2497,-0.0722,0.75,0.0,1500.0,0.0,6.3
483.0,2026-05-05T22:17:48.084349+00:00,72.2923,-0.0499,96.539,0.0602,0.75,0.0,1500.0,0.0,6.3
483.500446,2026-05-05T22:17:48.584858+00:00,72.3866,-0.0384,96.53,0.1697,0.75,0.0,1500.0,0.0,6.3
484.0,2026-05-05T22:17:49.084349+00:00,72.4591,0.0341,96.5231,0.0919,0.75,0.0,1500.0,0.0,6.3
484.5,2026-05-05T22:17:49.584379+00:00,72.3876,0.0262,96.5177,-0.0065,0.75,0.0,1500.0,0.0,6.3
485.0,2026-05-05T22:17:50.088959+00:00,72.3326,0.0202,96.5136,0.0027,0.75,0.0,1500.0,0.0,6.3
485.5,2026-05-05T22:17:50.584379+00:00,72.1631,-0.1118,96.6262,0.1255,0.75,0.0,1500.0,0.0,6.2488
486.0,2026-05-05T22:17:51.084437+00:00,71.9055,-0.2768,96.597,0.0193,0.75,0.0,1500.0,0.0,6.2238
486.500264,2026-05-05T22:17:51.584608+00:00,72.0894,-0.1491,96.4588,-0.0237,0.75,0.0,1500.0,0.0,6.2116
487.0,2026-05-05T22:17:52.084810+00:00,71.9761,-0.1782,96.6998,0.0589,0.75,0.0,1500.0,0.0,6.2057
487.5,2026-05-05T22:17:52.594189+00:00,72.0164,-0.0734,96.5378,0.0067,0.75,0.0,1500.0,0.0,6.2028
488.000456,2026-05-05T22:17:53.084864+00:00,72.1746,0.1345,96.2745,-0.0797,0.75,0.0,1500.0,0.0,6.2526
488.5,2026-05-05T22:17:53.584348+00:00,72.4234,0.167,96.4424,-0.0613,0.75,0.0,1500.0,0.0,6.2768
489.0,2026-05-05T22:17:54.084336+00:00,72.3601,0.192,96.4789,-0.0394,0.75,0.0,1500.0,0.0,6.2887
489.5,2026-05-05T22:17:54.584334+00:00,72.3115,0.1476,96.4838,0.0083,0.75,0.0,1500.0,0.0,6.2945
490.0,2026-05-05T22:17:55.091104+00:00,72.1469,-0.0138,96.3487,-0.117,0.75,0.0,1500.0,0.0,6.2973
490.5,2026-05-05T22:17:55.584796+00:00,72.1476,-0.1379,96.4763,-0.0205,0.75,0.0,1500.0,0.0,6.2987
491.0,2026-05-05T22:17:56.084340+00:00,72.2754,-0.0424,96.2272,-0.0158,0.75,0.0,1500.0,0.0,6.2994
491.5,2026-05-05T22:17:56.584355+00:00,72.2464,-0.0326,96.4986,0.0187,0.75,0.0,1500.0,0.0,6.2997
492.001603,2026-05-05T22:17:57.085970+00:00,72.3514,0.1022,96.4989,0.0067,0.75,0.0,1500.0,0.0,6.2998
492.5,2026-05-05T22:17:57.591598+00:00,72.432,0.1422,96.6149,0.0437,0.75,0.0,1500.0,0.0,6.2999
493.0,2026-05-05T22:17:58.084352+00:00,72.2395,-0.018,96.704,0.1184,0.75,0.0,1500.0,0.0,6.3512
493.5,2026-05-05T22:17:58.584376+00:00,72.4733,0.1135,96.6568,0.0602,0.75,0.0,1500.0,0.0,6.3762
494.0,2026-05-05T22:17:59.084547+00:00,72.6531,0.1508,96.7362,0.1697,0.75,0.0,1500.0,0.0,6.3884
494.5,2026-05-05T22:17:59.584443+00:00,72.5366,0.0523,96.7972,0.0996,0.75,0.0,1500.0,0.0,6.3943
495.000572,2026-05-05T22:18:00.090536+00:00,72.5744,0.1675,96.3814,-0.0392,0.75,0.0,1500.0,0.0,6.3972
495.5,2026-05-05T22:18:00.584573+00:00,72.7308,0.1287,96.6402,0.0084,0.75,0.0,1500.0,0.0,6.3986
496.0,2026-05-05T22:18:01.084852+00:00,72.7236,0.0353,96.816,0.0373,0.75,0.0,1500.0,0.0,6.3993
496.5,2026-05-05T22:18:01.584332+00:00,72.7182,0.0908,96.7198,0.021,0.75,0.0,1500.0,0.0,6.3997
497.0,2026-05-05T22:18:02.084354+00:00,72.714,0.0698,96.9003,0.0547,0.75,0.0,1500.0,0.0,6.3998
497.5,2026-05-05T22:18:02.592749+00:00,72.5835,-0.0737,96.9234,0.042,0.75,0.0,1500.0,0.0,6.3487
498.0,2026-05-05T22:18:03.084375+00:00,72.6104,-0.0566,96.8254,0.148,0.75,0.0,1500.0,0.0,6.375
498.5,2026-05-05T22:18:03.584410+00:00,72.3766,-0.1708,96.9815,0.1138,0.75,0.0,1500.0,0.0,6.3878
499.000625,2026-05-05T22:18:04.084996+00:00,72.4514,-0.1313,96.8701,0.018,0.75,0.0,1500.0,0.0,6.394
499.5,2026-05-05T22:18:04.584346+00:00,72.2544,-0.1645,96.9001,0.0601,0.75,0.0,1500.0,0.0,6.3971
500.0,2026-05-05T22:18:05.090029+00:00,72.3575,-0.1265,96.9001,-0.0001,0.75,0.0,1500.0,0.0,6.3986
500.5,2026-05-05T22:18:05.584374+00:00,72.3095,-0.0336,96.5993,-0.108,0.75,0.0,1500.0,0.0,6.3481
501.0,2026-05-05T22:18:06.084359+00:00,72.2726,-0.0894,96.5532,-0.0908,0.75,0.0,1500.0,0.0,6.3235
501.5,2026-05-05T22:18:06.584460+00:00,72.117,-0.0687,96.6566,-0.1083,0.75,0.0,1500.0,0.0,6.3115
502.000431,2026-05-05T22:18:07.085132+00:00,72.2519,-0.0528,96.5972,-0.091,0.75,0.0,1500.0,0.0,6.3056
502.5,2026-05-05T22:18:07.590012+00:00,72.3556,0.023,96.6904,-0.0699,0.75,0.0,1500.0,0.0,6.3027
503.0,2026-05-05T22:18:08.084347+00:00,72.308,0.0177,96.8777,-0.0075,0.75,0.0,1500.0,0.0,6.3013
503.5,2026-05-05T22:18:08.584331+00:00,72.2714,0.0772,96.7903,0.0637,0.75,0.0,1500.0,0.0,6.3006
504.000661,2026-05-05T22:18:09.085148+00:00,72.3706,0.0594,96.8388,0.0952,0.75,0.0,1500.0,0.0,6.3003
504.502802,2026-05-05T22:18:09.587314+00:00,72.3196,-0.018,96.9918,0.1118,0.75,0.0,1500.0,0.0,6.3002
505.0,2026-05-05T22:18:10.091887+00:00,72.2803,-0.0138,96.9706,0.1245,0.75,0.0,1500.0,0.0,6.3001
505.5,2026-05-05T22:18:10.584435+00:00,72.3774,0.053,97.0931,0.1342,0.75,0.0,1500.0,0.0,6.3
506.001456,2026-05-05T22:18:11.086013+00:00,72.4521,0.0407,97.0716,0.0646,0.75,0.0,1500.0,0.0,6.3
506.5,2026-05-05T22:18:11.584557+00:00,72.5094,0.0949,96.9624,0.0574,0.75,0.0,1500.0,0.0,6.3
507.0,2026-05-05T22:18:12.084496+00:00,72.5535,0.1366,96.9711,0.0441,0.75,0.0,1500.0,0.0,6.3
507.5,2026-05-05T22:18:12.588573+00:00,72.3329,-0.0223,96.6076,-0.1281,0.75,0.0,1500.0,0.0,6.3
508.0,2026-05-05T22:18:13.084353+00:00,72.036,-0.208,96.5827,-0.1293,0.75,0.0,1500.0,0.0,6.3
508.5,2026-05-05T22:18:13.584485+00:00,71.9351,-0.2872,96.5635,-0.1765,0.75,0.0,1500.0,0.0,6.3
509.0,2026-05-05T22:18:14.084365+00:00,72.2394,-0.1571,96.5257,-0.182,0.75,0.0,1500.0,0.0,6.3
509.5,2026-05-05T22:18:14.584380+00:00,72.346,0.0065,96.5198,-0.1476,0.75,0.0,1500.0,0.0,6.3
510.0,2026-05-05T22:18:15.090495+00:00,72.4279,0.1959,96.492,-0.1597,0.75,0.0,1500.0,0.0,6.3
510.501981,2026-05-05T22:18:15.586416+00:00,72.6181,0.3415,96.4939,-0.0379,0.75,0.0,1500.0,0.0,6.3
511.0,2026-05-05T22:18:16.084513+00:00,72.6371,0.1988,96.7267,0.048,0.75,0.0,1500.0,0.0,6.3
511.5,2026-05-05T22:18:16.584543+00:00,72.6516,0.1528,96.7899,0.0755,0.75,0.0,1500.0,0.0,6.3
512.000391,2026-05-05T22:18:17.085155+00:00,72.6628,0.1175,96.6997,0.058,0.75,0.0,1500.0,0.0,6.3
512.5,2026-05-05T22:18:17.590605+00:00,72.5442,-0.037,96.8849,0.1217,0.75,0.0,1500.0,0.0,6.3
513.0,2026-05-05T22:18:18.084731+00:00,72.5802,-0.0284,96.7958,0.1013,0.75,0.0,1500.0,0.0,6.3
513.5,2026-05-05T22:18:18.584352+00:00,72.4807,-0.0855,96.7274,0.0778,0.75,0.0,1500.0,0.0,6.3
514.0,2026-05-05T22:18:19.084586+00:00,72.6587,-0.0021,96.9062,0.0598,0.75,0.0,1500.0,0.0,6.3
514.501606,2026-05-05T22:18:19.585968+00:00,72.541,-0.0016,97.0436,0.0845,0.75,0.0,1500.0,0.0,6.3
515.0,2026-05-05T22:18:20.089780+00:00,72.4505,-0.0649,96.8252,0.0418,0.75,0.0,1500.0,0.0,6.3
515.5,2026-05-05T22:18:20.584457+00:00,72.381,-0.0498,96.8657,-0.0064,0.75,0.0,1500.0,0.0,6.2488
516.0,2026-05-05T22:18:21.084341+00:00,72.5821,-0.0383,96.8968,0.0336,0.75,0.0,1500.0,0.0,6.2238
516.5,2026-05-05T22:18:21.584379+00:00,72.6094,0.0342,96.7818,0.0181,0.75,0.0,1500.0,0.0,6.2116
517.0,2026-05-05T22:18:22.084481+00:00,72.6303,0.0899,96.8323,-0.0246,0.75,0.0,1500.0,0.0,6.2057
517.500588,2026-05-05T22:18:22.594796+00:00,72.6465,0.1327,96.8711,-0.0575,0.75,0.0,1500.0,0.0,6.2028
518.0,2026-05-05T22:18:23.084404+00:00,72.5316,-0.0252,96.9009,0.0252,0.75,0.0,1500.0,0.0,6.2526
518.5,2026-05-05T22:18:23.584557+00:00,72.316,-0.1467,96.9239,0.0194,0.75,0.0,1500.0,0.0,6.2768
519.000424,2026-05-05T22:18:24.085109+00:00,72.4049,-0.1127,96.8258,-0.0237,0.75,0.0,1500.0,0.0,6.2887
519.5,2026-05-05T22:18:24.584329+00:00,72.4732,-0.0866,96.7504,-0.0105,0.75,0.0,1500.0,0.0,6.2945
520.0,2026-05-05T22:18:25.089986+00:00,72.5256,-0.003,97.0396,0.0691,0.75,0.0,1500.0,0.0,6.2973
520.500275,2026-05-05T22:18:25.584709+00:00,72.4387,0.0614,96.9147,0.0145,0.75,0.0,1500.0,0.0,6.2987
521.0,2026-05-05T22:18:26.084346+00:00,72.4992,0.0472,96.9344,0.0112,0.75,0.0,1500.0,0.0,6.2994
521.5,2026-05-05T22:18:26.584481+00:00,72.5457,0.0362,96.9496,0.0086,0.75,0.0,1500.0,0.0,6.2997
522.000428,2026-05-05T22:18:27.084816+00:00,72.5814,0.0279,96.6142,-0.0705,0.75,0.0,1500.0,0.0,6.2998
522.5,2026-05-05T22:18:27.589068+00:00,72.4815,0.0214,96.8192,0.0229,0.75,0.0,1500.0,0.0,6.2999
523.0,2026-05-05T22:18:28.084523+00:00,72.6594,0.0801,96.9536,-0.0287,0.75,0.0,1500.0,0.0,6.3
523.5,2026-05-05T22:18:28.584328+00:00,72.6688,0.0616,97.08,0.0551,0.75,0.0,1500.0,0.0,6.3
524.0,2026-05-05T22:18:29.084415+00:00,72.676,0.0473,97.0615,0.0424,0.75,0.0,1500.0,0.0,6.3
524.5,2026-05-05T22:18:29.584362+00:00,72.427,-0.0273,96.8159,-0.0446,0.75,0.0,1500.0,0.0,6.3
525.000208,2026-05-05T22:18:30.089281+00:00,72.4902,-0.0846,96.7428,0.0429,0.75,0.0,1500.0,0.0,6.3
525.5,2026-05-05T22:18:30.584574+00:00,72.5387,-0.065,96.6866,-0.0442,0.75,0.0,1500.0,0.0,6.3
526.0,2026-05-05T22:18:31.084383+00:00,72.5761,-0.05,96.6434,-0.1034,0.75,0.0,1500.0,0.0,6.3
526.5,2026-05-05T22:18:31.584415+00:00,72.6047,0.0889,96.7028,-0.1257,0.75,0.0,1500.0,0.0,6.3
527.0,2026-05-05T22:18:32.084549+00:00,72.3722,-0.059,96.8873,-0.0581,0.75,0.0,1500.0,0.0,6.3
527.5,2026-05-05T22:18:32.590846+00:00,72.3208,-0.109,96.7977,-0.0061,0.75,0.0,1500.0,0.0,6.3
528.00028,2026-05-05T22:18:33.084622+00:00,72.154,-0.211,96.9602,0.0725,0.75,0.0,1500.0,0.0,6.3
528.5,2026-05-05T22:18:33.584420+00:00,72.2804,-0.1622,96.9694,0.0943,0.75,0.0,1500.0,0.0,6.3
529.000571,2026-05-05T22:18:34.084934+00:00,72.2502,-0.061,96.6294,-0.0047,0.75,0.0,1500.0,0.0,6.3
529.5,2026-05-05T22:18:34.584351+00:00,72.3543,0.0167,96.7151,0.0041,0.75,0.0,1500.0,0.0,6.3
530.0,2026-05-05T22:18:35.090893+00:00,72.307,0.0765,96.7811,-0.0354,0.75,0.0,1500.0,0.0,6.3
530.501792,2026-05-05T22:18:35.586143+00:00,72.3979,0.0588,96.716,-0.0272,0.75,0.0,1500.0,0.0,6.3
531.0,2026-05-05T22:18:36.084379+00:00,72.2133,-0.0184,96.8974,-0.0209,0.75,0.0,1500.0,0.0,6.3
531.5,2026-05-05T22:18:36.584800+00:00,72.3259,-0.0142,96.9212,-0.0161,0.75,0.0,1500.0,0.0,6.3
532.0,2026-05-05T22:18:37.086456+00:00,72.4125,0.0527,96.708,0.0262,0.75,0.0,1500.0,0.0,6.3
532.5,2026-05-05T22:18:37.589530+00:00,72.2245,-0.0867,97.007,0.0973,0.75,0.0,1500.0,0.0,6.3
533.0,2026-05-05T22:18:38.084696+00:00,72.2072,-0.003,97.0054,0.0748,0.75,0.0,1500.0,0.0,6.3
533.5,2026-05-05T22:18:38.584351+00:00,72.194,-0.066,96.8884,0.0575,0.75,0.0,1500.0,0.0,6.3
534.0,2026-05-05T22:18:39.084341+00:00,72.3111,-0.0507,96.9142,0.0056,0.75,0.0,1500.0,0.0,6.3
534.5,2026-05-05T22:18:39.584323+00:00,72.5284,0.1519,97.0498,0.0429,0.75,0.0,1500.0,0.0,6.3
535.0,2026-05-05T22:18:40.091093+00:00,72.5681,0.1804,97.0383,0.1101,0.75,0.0,1500.0,0.0,6.3
535.5,2026-05-05T22:18:40.584595+00:00,72.5986,0.2023,96.9137,-0.0311,0.75,0.0,1500.0,0.0,6.3
536.0,2026-05-05T22:18:41.084459+00:00,72.4948,0.0919,96.9337,-0.0239,0.75,0.0,1500.0,0.0,6.3
536.5,2026-05-05T22:18:41.584417+00:00,72.2877,-0.1203,96.949,0.0202,0.75,0.0,1500.0,0.0,6.3
537.0,2026-05-05T22:18:42.084333+00:00,72.3831,-0.0925,96.8451,-0.023,0.75,0.0,1500.0,0.0,6.3
537.5,2026-05-05T22:18:42.590751+00:00,72.5837,-0.0074,96.7653,-0.0948,0.75,0.0,1500.0,0.0,6.3
538.0,2026-05-05T22:18:43.084369+00:00,72.7379,0.1216,96.7039,-0.1115,0.75,0.0,1500.0,0.0,6.3
538.5,2026-05-05T22:18:43.584591+00:00,72.8564,0.2843,96.7493,-0.0548,0.75,0.0,1500.0,0.0,6.3
539.0,2026-05-05T22:18:44.084350+00:00,72.8202,0.2185,96.437,-0.1655,0.75,0.0,1500.0,0.0,6.3
539.5,2026-05-05T22:18:44.584543+00:00,72.9197,0.168,96.3359,-0.2044,0.75,0.0,1500.0,0.0,6.3
540.0,2026-05-05T22:18:45.089889+00:00,72.9961,0.1291,96.721,-0.0414,0.75,0.0,1500.0,0.0,6.3
540.50019,2026-05-05T22:18:45.584939+00:00,72.9276,0.0356,96.6698,-0.0318,0.75,0.0,1500.0,0.0,6.3
541.000156,2026-05-05T22:18:46.084737+00:00,73.0022,0.091,96.7462,0.0141,0.75,0.0,1500.0,0.0,6.3
541.5,2026-05-05T22:18:46.584465+00:00,72.805,-0.0573,96.9207,0.0571,0.75,0.0,1500.0,0.0,6.3
542.000426,2026-05-05T22:18:47.085161+00:00,72.3989,-0.2986,96.4531,0.0053,0.75,0.0,1500.0,0.0,6.3
542.5,2026-05-05T22:18:47.589497+00:00,72.3413,-0.2931,96.5796,0.0812,0.75,0.0,1500.0,0.0,6.3
543.0,2026-05-05T22:18:48.084801+00:00,72.4243,-0.2889,96.7926,0.0239,0.75,0.0,1500.0,0.0,6.3
543.5,2026-05-05T22:18:48.584750+00:00,72.3608,-0.2221,96.3778,-0.0973,0.75,0.0,1500.0,0.0,6.3
544.0,2026-05-05T22:18:49.084350+00:00,72.5666,0.0838,96.4061,-0.1134,0.75,0.0,1500.0,0.0,6.3
544.5,2026-05-05T22:18:49.584412+00:00,72.4702,0.0644,96.5435,-0.1257,0.75,0.0,1500.0,0.0,6.3
545.0,2026-05-05T22:18:50.091709+00:00,72.5234,0.0495,96.4177,-0.0118,0.75,0.0,1500.0,0.0,6.3
545.5,2026-05-05T22:18:50.584366+00:00,72.3097,-0.0256,96.5525,-0.0091,0.75,0.0,1500.0,0.0,6.3
546.0,2026-05-05T22:18:51.084480+00:00,72.4,-0.0833,96.4246,-0.1227,0.75,0.0,1500.0,0.0,6.3
546.5,2026-05-05T22:18:51.584896+00:00,72.4694,-0.0004,96.3032,-0.0249,0.75,0.0,1500.0,0.0,6.3
547.0,2026-05-05T22:18:52.084375+00:00,72.5228,-0.0003,96.4645,0.0195,0.75,0.0,1500.0,0.0,6.3
547.5,2026-05-05T22:18:52.589630+00:00,72.5638,0.127,96.4495,-0.0313,0.75,0.0,1500.0,0.0,6.3
548.000447,2026-05-05T22:18:53.085139+00:00,72.3408,-0.0296,96.3455,-0.0241,0.75,0.0,1500.0,0.0,6.3
548.5,2026-05-05T22:18:53.584319+00:00,72.5512,0.0409,96.497,-0.0185,0.75,0.0,1500.0,0.0,6.3
549.0,2026-05-05T22:18:54.084326+00:00,72.4583,-0.0322,96.6134,0.0629,0.75,0.0,1500.0,0.0,6.3
549.5,2026-05-05T22:18:54.584369+00:00,72.5143,-0.0248,96.4483,0.0484,0.75,0.0,1500.0,0.0,6.3
550.0,2026-05-05T22:18:55.090975+00:00,72.5572,0.1082,96.09,-0.1248,0.75,0.0,1500.0,0.0,6.3
550.5,2026-05-05T22:18:55.584346+00:00,72.5903,0.0196,96.3006,-0.0497,0.75,0.0,1500.0,0.0,6.3
551.000499,2026-05-05T22:18:56.085183+00:00,72.4884,0.015,96.4624,0.039,0.75,0.0,1500.0,0.0,6.3
551.5,2026-05-05T22:18:56.584342+00:00,72.5374,0.0116,96.4711,-0.0086,0.75,0.0,1500.0,0.0,6.3
552.0,2026-05-05T22:18:57.084426+00:00,72.575,0.0089,96.4547,-0.0529,0.75,0.0,1500.0,0.0,6.3
552.5,2026-05-05T22:18:57.595023+00:00,72.4767,-0.0568,96.3495,-0.0329,0.75,0.0,1500.0,0.0,6.3
553.0,2026-05-05T22:18:58.084686+00:00,72.6556,0.0836,96.3843,0.0981,0.75,0.0,1500.0,0.0,6.3512
553.5,2026-05-05T22:18:58.584414+00:00,72.6659,0.0643,96.5268,0.0754,0.75,0.0,1500.0,0.0,6.325
554.000425,2026-05-05T22:18:59.085065+00:00,72.6738,0.0494,96.4974,0.0117,0.75,0.0,1500.0,0.0,6.3122
554.5,2026-05-05T22:18:59.584386+00:00,72.5526,0.038,96.6137,0.0475,0.75,0.0,1500.0,0.0,6.306
555.0,2026-05-05T22:19:00.089660+00:00,72.714,0.0292,96.5874,0.0442,0.75,0.0,1500.0,0.0,6.3029
555.5,2026-05-05T22:19:00.584420+00:00,72.5835,-0.0412,96.5903,0.0803,0.75,0.0,1500.0,0.0,6.3014
556.0,2026-05-05T22:19:01.084328+00:00,72.6104,-0.0317,96.8008,0.1388,0.75,0.0,1500.0,0.0,6.3007
556.5,2026-05-05T22:19:01.584902+00:00,72.6312,0.0393,96.8469,0.1067,0.75,0.0,1500.0,0.0,6.3003
557.001252,2026-05-05T22:19:02.085595+00:00,72.7744,0.0302,96.5352,0.0126,0.75,0.0,1500.0,0.0,6.3002
557.5,2026-05-05T22:19:02.592065+00:00,72.7571,0.0868,96.2725,-0.1137,0.75,0.0,1500.0,0.0,6.3001
558.0,2026-05-05T22:19:03.084542+00:00,72.7439,0.0667,96.3252,-0.0874,0.75,0.0,1500.0,0.0,6.3
558.500716,2026-05-05T22:19:03.585069+00:00,72.6065,-0.0123,96.3425,-0.0826,0.75,0.0,1500.0,0.0,6.3
559.0,2026-05-05T22:19:04.084383+00:00,72.7554,-0.0095,96.6103,-0.0635,0.75,0.0,1500.0,0.0,6.3
559.5,2026-05-05T22:19:04.584541+00:00,72.3608,-0.1982,96.4691,-0.1259,0.75,0.0,1500.0,0.0,6.3
560.001332,2026-05-05T22:19:05.093136+00:00,72.5665,-0.0887,96.4763,-0.0197,0.75,0.0,1500.0,0.0,6.3
560.5,2026-05-05T22:19:05.584350+00:00,72.7247,0.0591,96.5974,0.1083,0.75,0.0,1500.0,0.0,6.3
561.0,2026-05-05T22:19:06.084575+00:00,72.8462,0.0454,96.6906,0.1218,0.75,0.0,1500.0,0.0,6.3
561.5,2026-05-05T22:19:06.584666+00:00,72.6851,0.1622,96.5077,0.0551,0.75,0.0,1500.0,0.0,6.3
562.0,2026-05-05T22:19:07.084420+00:00,72.5613,-0.0026,96.5984,-0.004,0.75,0.0,1500.0,0.0,6.3512
562.5,2026-05-05T22:19:07.594852+00:00,72.4661,-0.1293,96.3211,-0.0493,0.75,0.0,1500.0,0.0,6.325
563.0,2026-05-05T22:19:08.084360+00:00,72.393,-0.2266,96.27,-0.0688,0.75,0.0,1500.0,0.0,6.3122
563.50019,2026-05-05T22:19:08.584523+00:00,72.5913,-0.0469,96.2075,-0.13,0.75,0.0,1500.0,0.0,6.306
564.0,2026-05-05T22:19:09.084320+00:00,72.4892,-0.0361,96.3909,-0.0999,0.75,0.0,1500.0,0.0,6.3029
564.5,2026-05-05T22:19:09.584457+00:00,72.538,0.0359,96.0459,-0.1539,0.75,0.0,1500.0,0.0,6.3014
565.0,2026-05-05T22:19:10.090998+00:00,72.5755,0.0912,96.0353,-0.1877,0.75,0.0,1500.0,0.0,6.3007
565.5,2026-05-05T22:19:10.584356+00:00,72.477,-0.0571,96.3742,0.0177,0.75,0.0,1500.0,0.0,6.3003
566.0,2026-05-05T22:19:11.084375+00:00,72.5286,0.0197,96.4265,0.0522,0.75,0.0,1500.0,0.0,6.3002
566.5,2026-05-05T22:19:11.584368+00:00,72.441,-0.0485,96.4203,0.0709,0.75,0.0,1500.0,0.0,6.3001
567.0,2026-05-05T22:19:12.084332+00:00,72.6282,0.0264,96.5545,0.0545,0.75,0.0,1500.0,0.0,6.3
567.5,2026-05-05T22:19:12.594560+00:00,72.5175,0.0203,96.403,0.119,0.75,0.0,1500.0,0.0,6.3
568.0,2026-05-05T22:19:13.084332+00:00,72.687,0.0792,96.3329,0.0992,0.75,0.0,1500.0,0.0,6.3
568.5,2026-05-05T22:19:13.584510+00:00,72.69,0.1245,96.4873,0.0377,0.75,0.0,1500.0,0.0,6.3
569.0,2026-05-05T22:19:14.084353+00:00,72.5651,-0.0316,96.5134,0.029,0.75,0.0,1500.0,0.0,6.3
569.5,2026-05-05T22:19:14.584466+00:00,72.469,-0.0243,96.3946,-0.0086,0.75,0.0,1500.0,0.0,6.3
570.0,2026-05-05T22:19:15.089385+00:00,72.5225,-0.0823,96.2801,-0.0914,0.75,0.0,1500.0,0.0,6.3
570.501991,2026-05-05T22:19:15.586424+00:00,72.4363,-0.1269,96.4698,0.0223,0.75,0.0,1500.0,0.0,6.3
571.000788,2026-05-05T22:19:16.085124+00:00,72.4973,-0.0339,96.338,0.0017,0.75,0.0,1500.0,0.0,6.3
571.5,2026-05-05T22:19:16.584428+00:00,72.5442,0.0376,96.3986,-0.0296,0.75,0.0,1500.0,0.0,6.3
572.00022,2026-05-05T22:19:17.084577+00:00,72.5803,0.0289,96.3989,-0.0381,0.75,0.0,1500.0,0.0,6.3
572.5,2026-05-05T22:19:17.589771+00:00,72.608,0.0858,96.2835,-0.037,0.75,0.0,1500.0,0.0,6.3
573.0,2026-05-05T22:19:18.084601+00:00,72.6293,0.066,96.4493,0.0564,0.75,0.0,1500.0,0.0,6.3
573.501771,2026-05-05T22:19:18.586158+00:00,72.6456,0.0507,96.4379,-0.0107,0.75,0.0,1500.0,0.0,6.3
574.0,2026-05-05T22:19:19.084535+00:00,72.7855,0.1026,96.3366,-0.0005,0.75,0.0,1500.0,0.0,6.3
574.5,2026-05-05T22:19:19.584363+00:00,72.7657,0.0789,96.4669,0.0228,0.75,0.0,1500.0,0.0,6.3
575.001734,2026-05-05T22:19:20.091911+00:00,72.6232,-0.003,96.3589,-0.0133,0.75,0.0,1500.0,0.0,6.3
575.5,2026-05-05T22:19:20.584355+00:00,72.7683,0.0613,96.1601,-0.0411,0.75,0.0,1500.0,0.0,6.3
576.0,2026-05-05T22:19:21.084377+00:00,72.7525,-0.0165,96.3313,-0.0393,0.75,0.0,1500.0,0.0,6.3
576.501593,2026-05-05T22:19:21.585939+00:00,72.7403,-0.0127,96.3472,-0.0302,0.75,0.0,1500.0,0.0,6.3
577.0,2026-05-05T22:19:22.084410+00:00,72.731,0.0539,96.4057,0.0231,0.75,0.0,1500.0,0.0,6.3
577.5,2026-05-05T22:19:22.588938+00:00,72.8511,0.0414,96.5432,0.0254,0.75,0.0,1500.0,0.0,6.3
578.0,2026-05-05T22:19:23.084401+00:00,72.8161,0.0318,96.5101,0.0504,0.75,0.0,1500.0,0.0,6.3
578.5,2026-05-05T22:19:23.584378+00:00,72.662,-0.0392,96.6235,0.1544,0.75,0.0,1500.0,0.0,6.3
579.0,2026-05-05T22:19:24.084416+00:00,72.9253,0.0972,96.7106,0.1264,0.75,0.0,1500.0,0.0,6.3
579.500491,2026-05-05T22:19:24.584815+00:00,72.8732,0.011,96.7776,0.1434,0.75,0.0,1500.0,0.0,6.3
580.0,2026-05-05T22:19:25.092495+00:00,72.9604,0.0721,96.5745,0.0563,0.75,0.0,1500.0,0.0,6.3
580.5,2026-05-05T22:19:25.584752+00:00,72.6456,-0.0082,96.5341,-0.003,0.75,0.0,1500.0,0.0,6.3
581.0,2026-05-05T22:19:26.084731+00:00,72.6582,-0.1336,96.2717,-0.0795,0.75,0.0,1500.0,0.0,6.3
581.5,2026-05-05T22:19:26.585051+00:00,72.6679,-0.1027,96.6716,0.0161,0.75,0.0,1500.0,0.0,6.3
582.0,2026-05-05T22:19:27.084731+00:00,72.6753,-0.1425,96.5162,-0.0648,0.75,0.0,1500.0,0.0,6.3
582.5,2026-05-05T22:19:27.591105+00:00,72.681,0.0177,96.5125,-0.0884,0.75,0.0,1500.0,0.0,6.3
583.0,2026-05-05T22:19:28.084494+00:00,72.5581,-0.05,96.6253,0.0169,0.75,0.0,1500.0,0.0,6.3
583.5,2026-05-05T22:19:28.584525+00:00,72.591,-0.0384,96.9434,0.1364,0.75,0.0,1500.0,0.0,6.3
584.0,2026-05-05T22:19:29.084342+00:00,72.4889,-0.0932,96.8408,0.1897,0.75,0.0,1500.0,0.0,6.3
584.5,2026-05-05T22:19:29.584362+00:00,72.5378,-0.0716,96.8545,0.061,0.75,0.0,1500.0,0.0,6.3
585.0,2026-05-05T22:19:30.089329+00:00,72.7026,0.0722,96.7493,0.0777,0.75,0.0,1500.0,0.0,6.3
585.5,2026-05-05T22:19:30.584346+00:00,72.8293,0.1191,96.6916,0.0597,0.75,0.0,1500.0,0.0,6.3
586.0,2026-05-05T22:19:31.084364+00:00,72.7993,0.1552,96.763,0.0459,0.75,0.0,1500.0,0.0,6.3
586.5,2026-05-05T22:19:31.584395+00:00,72.9036,0.1829,96.9335,-0.0033,0.75,0.0,1500.0,0.0,6.3
587.0,2026-05-05T22:19:32.084413+00:00,72.8565,0.077,96.8332,-0.0025,0.75,0.0,1500.0,0.0,6.3
587.5,2026-05-05T22:19:32.592718+00:00,72.693,-0.0681,96.6173,-0.0791,0.75,0.0,1500.0,0.0,6.2488
588.001981,2026-05-05T22:19:33.086432+00:00,72.6946,-0.0524,96.6133,-0.0453,0.75,0.0,1500.0,0.0,6.275
588.5,2026-05-05T22:19:33.584364+00:00,72.5686,-0.1675,96.4714,-0.0734,0.75,0.0,1500.0,0.0,6.2878
589.0,2026-05-05T22:19:34.084442+00:00,72.599,-0.1287,96.5937,-0.0564,0.75,0.0,1500.0,0.0,6.294
589.5,2026-05-05T22:19:34.584349+00:00,72.6224,-0.0353,96.572,-0.1205,0.75,0.0,1500.0,0.0,6.2971
590.0,2026-05-05T22:19:35.090124+00:00,72.7676,0.0365,96.671,-0.0541,0.75,0.0,1500.0,0.0,6.2986
590.5,2026-05-05T22:19:35.584420+00:00,72.6247,0.028,96.6315,0.0047,0.75,0.0,1500.0,0.0,6.2993
591.0,2026-05-05T22:19:36.084355+00:00,72.3876,-0.1057,96.7167,0.0345,0.75,0.0,1500.0,0.0,6.2997
591.5,2026-05-05T22:19:36.584425+00:00,72.4599,-0.0813,96.5509,0.0265,0.75,0.0,1500.0,0.0,6.2998
592.0,2026-05-05T22:19:37.084500+00:00,72.5154,-0.1261,96.6548,0.0204,0.75,0.0,1500.0,0.0,6.2999
592.501759,2026-05-05T22:19:37.592690+00:00,72.5581,-0.0333,96.4801,-0.0306,0.75,0.0,1500.0,0.0,6.2488
593.0,2026-05-05T22:19:38.084345+00:00,72.8455,0.229,96.4616,-0.0698,0.75,0.0,1500.0,0.0,6.275
593.5,2026-05-05T22:19:38.584398+00:00,72.6846,0.1123,96.2391,-0.1308,0.75,0.0,1500.0,0.0,6.2878
594.000285,2026-05-05T22:19:39.085330+00:00,72.8154,0.15,96.0449,-0.2239,0.75,0.0,1500.0,0.0,6.294
594.5,2026-05-05T22:19:39.584648+00:00,72.6614,0.0516,96.2428,-0.1027,0.75,0.0,1500.0,0.0,6.2971
595.0,2026-05-05T22:19:40.090980+00:00,72.6704,-0.0876,96.418,-0.0789,0.75,0.0,1500.0,0.0,6.2986
595.5,2026-05-05T22:19:40.584364+00:00,72.4227,-0.1309,96.4601,-0.0067,0.75,0.0,1500.0,0.0,6.2993
596.0,2026-05-05T22:19:41.084336+00:00,72.3596,-0.2279,96.4462,-0.0051,0.75,0.0,1500.0,0.0,6.2997
596.5,2026-05-05T22:19:41.584474+00:00,72.1838,-0.2388,96.5512,0.104,0.75,0.0,1500.0,0.0,6.2998
597.000574,2026-05-05T22:19:42.084927+00:00,72.0487,-0.3108,96.5162,0.1571,0.75,0.0,1500.0,0.0,6.2999
597.5,2026-05-05T22:19:42.590112+00:00,72.0722,-0.1753,96.6282,0.1285,0.75,0.0,1500.0,0.0,6.3
598.0,2026-05-05T22:19:43.084552+00:00,72.2174,-0.0711,96.8299,0.1373,0.75,0.0,1500.0,0.0,6.3
598.5,2026-05-05T22:19:43.584319+00:00,72.3291,0.0726,96.7536,0.0978,0.75,0.0,1500.0,0.0,6.3
599.0,2026-05-05T22:19:44.084370+00:00,72.2877,0.1195,96.8106,0.1215,0.75,0.0,1500.0,0.0,6.3
599.5,2026-05-05T22:19:44.586813+00:00,72.3831,0.1555,96.9701,0.1396,0.75,0.0,1500.0,0.0,6.3
600.0,2026-05-05T22:19:45.089519+00:00,72.5837,0.1831,97.0927,0.1922,0.75,0.0,1500.0,0.0,6.3
600.5,2026-05-05T22:19:45.584621+00:00,72.4833,0.0771,97.187,0.1863,0.75,0.0,1500.0,0.0,6.3
601.000579,2026-05-05T22:19:46.084940+00:00,72.6607,0.1865,97.028,0.066,0.75,0.0,1500.0,0.0,6.3
601.5,2026-05-05T22:19:46.584379+00:00,72.6698,0.1434,97.0215,0.0893,0.75,0.0,1500.0,0.0,6.3
602.000209,2026-05-05T22:19:47.084764+00:00,72.6768,0.0466,97.1322,0.1072,0.75,0.0,1500.0,0.0,6.3
602.500482,2026-05-05T22:19:47.589483+00:00,72.5549,0.0358,96.9859,0.0053,0.75,0.0,1500.0,0.0,6.3
603.0,2026-05-05T22:19:48.084465+00:00,72.5885,-0.0361,97.1049,0.0041,0.75,0.0,1500.0,0.0,6.3
603.5,2026-05-05T22:19:48.584485+00:00,72.6143,-0.0278,97.1963,0.0031,0.75,0.0,1500.0,0.0,6.3
604.0,2026-05-05T22:19:49.084348+00:00,72.5068,-0.085,97.0352,0.0024,0.75,0.0,1500.0,0.0,6.3
604.5,2026-05-05T22:19:49.584725+00:00,72.6788,0.062,97.0271,0.0018,0.75,0.0,1500.0,0.0,6.3
605.001999,2026-05-05T22:19:50.093455+00:00,72.811,0.1113,97.1365,0.0014,0.75,0.0,1500.0,0.0,6.3
605.5,2026-05-05T22:19:50.584502+00:00,72.9126,0.1491,97.1049,0.0397,0.75,0.0,1500.0,0.0,6.3
606.0,2026-05-05T22:19:51.084345+00:00,72.8634,0.1783,97.0806,-0.0081,0.75,0.0,1500.0,0.0,6.3
606.501319,2026-05-05T22:19:51.587720+00:00,72.6983,0.0097,96.8306,-0.1219,0.75,0.0,1500.0,0.0,6.3
607.0,2026-05-05T22:19:52.084333+00:00,72.5714,-0.1198,96.9623,-0.0243,0.75,0.0,1500.0,0.0,6.3
607.5,2026-05-05T22:19:52.590785+00:00,72.4739,-0.2193,96.9479,-0.0264,0.75,0.0,1500.0,0.0,6.2488
608.0,2026-05-05T22:19:53.084369+00:00,72.5262,-0.1686,96.7286,-0.136,0.75,0.0,1500.0,0.0,6.275
608.5,2026-05-05T22:19:53.584342+00:00,72.4392,-0.1296,96.8839,-0.0737,0.75,0.0,1500.0,0.0,6.2878
609.0,2026-05-05T22:19:54.084352+00:00,72.4995,-0.036,96.9108,-0.0566,0.75,0.0,1500.0,0.0,6.294
609.5,2026-05-05T22:19:54.584357+00:00,72.4186,-0.0276,96.8157,-0.0049,0.75,0.0,1500.0,0.0,6.2971
610.0,2026-05-05T22:19:55.092035+00:00,72.611,0.0424,96.7195,-0.0809,0.75,0.0,1500.0,0.0,6.2986
610.5,2026-05-05T22:19:55.584512+00:00,72.7589,0.1599,96.7613,-0.0622,0.75,0.0,1500.0,0.0,6.2993
611.000196,2026-05-05T22:19:56.084581+00:00,72.8725,0.1865,96.7008,-0.0092,0.75,0.0,1500.0,0.0,6.2997
611.5,2026-05-05T22:19:56.584850+00:00,72.9599,0.2706,96.7701,-0.038,0.75,0.0,1500.0,0.0,6.2998
612.0,2026-05-05T22:19:57.084371+00:00,72.8997,0.1444,96.7076,-0.0677,0.75,0.0,1500.0,0.0,6.2999
612.5,2026-05-05T22:19:57.589432+00:00,72.7262,-0.0163,96.7752,-0.0135,0.75,0.0,1500.0,0.0,6.2488
613.0,2026-05-05T22:19:58.084687+00:00,72.8474,-0.0125,96.8272,0.0359,0.75,0.0,1500.0,0.0,6.275
613.501793,2026-05-05T22:19:58.586190+00:00,72.8133,-0.0733,96.8672,0.0353,0.75,0.0,1500.0,0.0,6.2878
614.0,2026-05-05T22:19:59.084325+00:00,72.7871,-0.0563,96.9905,0.0966,0.75,0.0,1500.0,0.0,6.294
614.5,2026-05-05T22:19:59.584428+00:00,72.7669,0.0203,97.1084,0.1128,0.75,0.0,1500.0,0.0,6.2971
615.0,2026-05-05T22:20:00.089699+00:00,72.7515,-0.048,96.9445,0.079,0.75,0.0,1500.0,0.0,6.2986
615.5,2026-05-05T22:20:00.584413+00:00,72.8668,0.0267,96.8416,0.0221,0.75,0.0,1500.0,0.0,6.2993
616.0,2026-05-05T22:20:01.084485+00:00,72.8282,0.0206,96.994,0.0556,0.75,0.0,1500.0,0.0,6.2997
616.5,2026-05-05T22:20:01.584410+00:00,72.6713,-0.0478,96.9954,0.0427,0.75,0.0,1500.0,0.0,6.2998
617.0,2026-05-05T22:20:02.084372+00:00,72.8052,0.0269,96.9733,-0.0057,0.75,0.0,1500.0,0.0,6.2999
617.501599,2026-05-05T22:20:02.592561+00:00,72.6536,-0.1066,96.8638,-0.0815,0.75,0.0,1500.0,0.0,6.2488
618.0,2026-05-05T22:20:03.084387+00:00,72.7916,-0.0183,96.9879,0.0145,0.75,0.0,1500.0,0.0,6.275
618.5,2026-05-05T22:20:03.584358+00:00,72.7704,0.0496,97.1064,0.0882,0.75,0.0,1500.0,0.0,6.2878
619.0,2026-05-05T22:20:04.084340+00:00,72.8814,0.0381,96.8272,-0.0556,0.75,0.0,1500.0,0.0,6.294
619.5,2026-05-05T22:20:04.584517+00:00,72.8394,0.0929,96.7515,-0.0813,0.75,0.0,1500.0,0.0,6.2971
620.0,2026-05-05T22:20:05.090710+00:00,72.8071,0.0078,96.809,-0.0548,0.75,0.0,1500.0,0.0,6.2986
620.5,2026-05-05T22:20:05.586193+00:00,72.7824,0.006,96.7144,-0.0498,0.75,0.0,1500.0,0.0,6.2993
621.0,2026-05-05T22:20:06.084333+00:00,72.7633,-0.059,96.7805,-0.0691,0.75,0.0,1500.0,0.0,6.2997
621.5,2026-05-05T22:20:06.584457+00:00,72.4941,-0.1726,96.6924,-0.138,0.75,0.0,1500.0,0.0,6.2998
622.00042,2026-05-05T22:20:07.085151+00:00,72.5418,-0.1327,96.6479,-0.0598,0.75,0.0,1500.0,0.0,6.2999
622.5,2026-05-05T22:20:07.589312+00:00,72.5784,-0.102,96.7294,-0.0074,0.75,0.0,1500.0,0.0,6.2488
623.0,2026-05-05T22:20:08.084581+00:00,72.4792,-0.142,96.5606,-0.0828,0.75,0.0,1500.0,0.0,6.275
623.5,2026-05-05T22:20:08.584352+00:00,72.6576,0.0817,96.6623,-0.0174,0.75,0.0,1500.0,0.0,6.2878
624.0,2026-05-05T22:20:09.084412+00:00,72.922,0.1901,96.8561,0.0252,0.75,0.0,1500.0,0.0,6.294
624.5,2026-05-05T22:20:09.584451+00:00,72.7433,0.0825,97.0051,0.1042,0.75,0.0,1500.0,0.0,6.2971
625.000584,2026-05-05T22:20:10.093561+00:00,72.8606,0.1907,96.6337,-0.0047,0.75,0.0,1500.0,0.0,6.2986
625.5,2026-05-05T22:20:10.584376+00:00,72.6961,0.0193,96.7185,-0.0036,0.75,0.0,1500.0,0.0,6.2993
626.0,2026-05-05T22:20:11.084759+00:00,72.697,-0.1125,96.6679,0.0358,0.75,0.0,1500.0,0.0,6.2997
626.5,2026-05-05T22:20:11.584333+00:00,72.5705,-0.0864,96.4902,-0.0574,0.75,0.0,1500.0,0.0,6.2998
627.0,2026-05-05T22:20:12.084366+00:00,72.6004,-0.1301,96.4925,-0.1212,0.75,0.0,1500.0,0.0,6.2999
627.5,2026-05-05T22:20:12.590407+00:00,72.6235,-0.0363,96.7256,-0.0932,0.75,0.0,1500.0,0.0,6.2488
628.0,2026-05-05T22:20:13.084325+00:00,72.7684,0.0357,96.5346,-0.033,0.75,0.0,1500.0,0.0,6.275
628.5,2026-05-05T22:20:13.584543+00:00,72.4981,-0.0362,96.4109,-0.1025,0.75,0.0,1500.0,0.0,6.2878
629.0,2026-05-05T22:20:14.084414+00:00,72.5448,-0.0278,96.4315,-0.0788,0.75,0.0,1500.0,0.0,6.294
629.5,2026-05-05T22:20:14.584361+00:00,72.708,0.0423,96.3316,-0.0529,0.75,0.0,1500.0,0.0,6.2971
630.0,2026-05-05T22:20:15.091675+00:00,72.7061,-0.0312,96.2318,-0.0869,0.75,0.0,1500.0,0.0,6.2986
630.5,2026-05-05T22:20:15.584412+00:00,72.7047,0.1033,96.4095,-0.1054,0.75,0.0,1500.0,0.0,6.2993
631.0,2026-05-05T22:20:16.084402+00:00,72.7036,0.0794,96.4536,-0.027,0.75,0.0,1500.0,0.0,6.2997
631.5,2026-05-05T22:20:16.584346+00:00,72.8301,0.061,96.4643,0.0178,0.75,0.0,1500.0,0.0,6.2998
632.0,2026-05-05T22:20:17.084603+00:00,72.8,0.0469,96.4726,0.0137,0.75,0.0,1500.0,0.0,6.2999
632.502051,2026-05-05T22:20:17.592122+00:00,72.9041,0.0997,96.3632,0.0105,0.75,0.0,1500.0,0.0,6.3
633.0,2026-05-05T22:20:18.084360+00:00,72.9841,0.1403,96.4874,0.0852,0.75,0.0,1500.0,0.0,6.3
633.501249,2026-05-05T22:20:18.585633+00:00,72.7911,-0.0195,96.2358,-0.0579,0.75,0.0,1500.0,0.0,6.3
634.001605,2026-05-05T22:20:19.086002+00:00,72.6428,-0.0786,96.2969,-0.0522,0.75,0.0,1500.0,0.0,6.3
634.5,2026-05-05T22:20:19.584374+00:00,72.5287,-0.1877,96.4596,-0.0016,0.75,0.0,1500.0,0.0,6.3
635.0,2026-05-05T22:20:20.093010+00:00,72.5684,-0.2079,96.4458,-0.0089,0.75,0.0,1500.0,0.0,6.3
635.5,2026-05-05T22:20:20.584363+00:00,72.5988,-0.0961,96.5741,0.0703,0.75,0.0,1500.0,0.0,6.3
636.0,2026-05-05T22:20:21.084341+00:00,72.495,-0.0739,96.5569,0.0232,0.75,0.0,1500.0,0.0,6.3
636.500021,2026-05-05T22:20:21.584446+00:00,72.6697,0.0705,96.5206,0.0949,0.75,0.0,1500.0,0.0,6.3
637.0,2026-05-05T22:20:22.084399+00:00,72.5494,-0.0095,96.5158,0.073,0.75,0.0,1500.0,0.0,6.3
637.5,2026-05-05T22:20:22.590116+00:00,72.5843,-0.0073,96.489,0.0098,0.75,0.0,1500.0,0.0,6.2488
638.0,2026-05-05T22:20:23.084487+00:00,72.4838,-0.0056,96.6073,0.0538,0.75,0.0,1500.0,0.0,6.275
638.5,2026-05-05T22:20:23.584888+00:00,72.6611,-0.0043,96.4436,-0.0435,0.75,0.0,1500.0,0.0,6.2878
639.0,2026-05-05T22:20:24.084350+00:00,72.6701,0.0603,96.341,-0.072,0.75,0.0,1500.0,0.0,6.294
639.5,2026-05-05T22:20:24.584397+00:00,72.677,0.0464,96.6092,0.0295,0.75,0.0,1500.0,0.0,6.2971
640.0,2026-05-05T22:20:25.091590+00:00,72.9369,0.2265,96.5839,0.0227,0.75,0.0,1500.0,0.0,6.2986
640.500265,2026-05-05T22:20:25.584692+00:00,73.0093,0.1741,96.5413,0.0174,0.75,0.0,1500.0,0.0,6.2993
641.0,2026-05-05T22:20:26.084709+00:00,72.9377,0.1338,96.6475,0.0134,0.75,0.0,1500.0,0.0,6.2997
641.500587,2026-05-05T22:20:26.584945+00:00,73.01,0.1665,96.7291,0.0951,0.75,0.0,1500.0,0.0,6.2998
642.0,2026-05-05T22:20:27.084354+00:00,72.9383,0.0007,96.676,0.1117,0.75,0.0,1500.0,0.0,6.2999
642.5,2026-05-05T22:20:27.591387+00:00,72.8831,-0.0631,96.9824,0.1244,0.75,0.0,1500.0,0.0,6.3
643.000605,2026-05-05T22:20:28.085208+00:00,72.8408,-0.0485,96.8708,0.0956,0.75,0.0,1500.0,0.0,6.3
643.5,2026-05-05T22:20:28.584382+00:00,72.8082,-0.1009,97.0164,0.1583,0.75,0.0,1500.0,0.0,6.3
644.0,2026-05-05T22:20:29.084364+00:00,72.7832,-0.0776,97.1283,0.1603,0.75,0.0,1500.0,0.0,6.3
644.5,2026-05-05T22:20:29.584368+00:00,72.8912,0.004,97.0986,0.1232,0.75,0.0,1500.0,0.0,6.3
645.0,2026-05-05T22:20:30.091145+00:00,72.8469,0.0031,97.3072,0.2104,0.75,0.0,1500.0,0.0,6.3
645.5,2026-05-05T22:20:30.584359+00:00,72.6857,-0.0613,96.889,-0.0311,0.75,0.0,1500.0,0.0,6.3
646.0,2026-05-05T22:20:31.084377+00:00,72.689,-0.0471,97.0072,0.0455,0.75,0.0,1500.0,0.0,6.3
646.5,2026-05-05T22:20:31.584498+00:00,72.5643,-0.1635,97.1213,0.035,0.75,0.0,1500.0,0.0,6.3
647.001085,2026-05-05T22:20:32.085467+00:00,72.5957,-0.1256,96.9544,-0.058,0.75,0.0,1500.0,0.0,6.3
647.5,2026-05-05T22:20:32.593676+00:00,72.8744,0.0943,96.9649,-0.0446,0.75,0.0,1500.0,0.0,6.2488
648.0,2026-05-05T22:20:33.084807+00:00,73.0885,0.1998,96.7185,-0.1962,0.75,0.0,1500.0,0.0,6.275
648.5,2026-05-05T22:20:33.584392+00:00,72.8714,0.1536,96.7836,-0.0351,0.75,0.0,1500.0,0.0,6.2878
649.0,2026-05-05T22:20:34.084754+00:00,72.5772,-0.0092,96.9494,-0.0193,0.75,0.0,1500.0,0.0,6.294
649.501093,2026-05-05T22:20:34.586125+00:00,72.6056,-0.1344,96.9611,-0.0534,0.75,0.0,1500.0,0.0,6.2971
650.0,2026-05-05T22:20:35.091092+00:00,72.7547,-0.1669,96.9701,0.0052,0.75,0.0,1500.0,0.0,6.2986
650.5,2026-05-05T22:20:35.584369+00:00,72.7421,-0.0647,96.977,0.004,0.75,0.0,1500.0,0.0,6.2993
651.001776,2026-05-05T22:20:36.086106+00:00,72.7323,0.0776,96.9823,0.0879,0.75,0.0,1500.0,0.0,6.2997
651.5,2026-05-05T22:20:36.584363+00:00,72.8521,0.1233,97.2178,0.1447,0.75,0.0,1500.0,0.0,6.2998
652.0,2026-05-05T22:20:37.084740+00:00,72.6896,-0.0325,97.1674,0.0727,0.75,0.0,1500.0,0.0,6.3511
652.5,2026-05-05T22:20:37.591295+00:00,72.8193,0.0386,96.7584,-0.0676,0.75,0.0,1500.0,0.0,6.3249
653.0,2026-05-05T22:20:38.084387+00:00,72.919,0.0933,96.7912,-0.0596,0.75,0.0,1500.0,0.0,6.3634
653.5,2026-05-05T22:20:38.584521+00:00,72.9956,0.0717,96.585,-0.1307,0.75,0.0,1500.0,0.0,6.3309
654.000035,2026-05-05T22:20:39.084372+00:00,72.7999,0.0551,96.4496,-0.1776,0.75,0.0,1500.0,0.0,6.3151
654.5,2026-05-05T22:20:39.584351+00:00,72.7768,-0.0213,96.4613,-0.2522,0.75,0.0,1500.0,0.0,6.3074
655.0,2026-05-05T22:20:40.089141+00:00,72.5045,-0.2072,96.3545,-0.271,0.75,0.0,1500.0,0.0,6.3036
655.5,2026-05-05T22:20:40.584365+00:00,72.5497,-0.2229,96.3882,-0.1234,0.75,0.0,1500.0,0.0,6.3018
656.0,2026-05-05T22:20:41.084346+00:00,72.5845,-0.1077,96.5298,-0.0871,0.75,0.0,1500.0,0.0,6.3009
656.5,2026-05-05T22:20:41.584419+00:00,72.6112,-0.0828,96.6386,0.0179,0.75,0.0,1500.0,0.0,6.3004
657.0,2026-05-05T22:20:42.084338+00:00,72.6318,0.0636,96.6065,0.0523,0.75,0.0,1500.0,0.0,6.3002
657.5,2026-05-05T22:20:42.588886+00:00,72.5203,-0.0147,96.8133,0.1173,0.75,0.0,1500.0,0.0,6.3001
658.0,2026-05-05T22:20:43.084811+00:00,72.4346,-0.0749,96.7408,0.1287,0.75,0.0,1500.0,0.0,6.3512
658.501806,2026-05-05T22:20:43.586225+00:00,72.496,-0.0576,96.6851,0.099,0.75,0.0,1500.0,0.0,6.3762
659.0,2026-05-05T22:20:44.084735+00:00,72.5432,-0.0443,96.7579,0.0761,0.75,0.0,1500.0,0.0,6.3884
659.5,2026-05-05T22:20:44.584549+00:00,72.325,-0.0977,96.7908,0.0507,0.75,0.0,1500.0,0.0,6.3431
660.0,2026-05-05T22:20:45.090052+00:00,72.2845,-0.0751,96.7235,0.039,0.75,0.0,1500.0,0.0,6.321
660.5,2026-05-05T22:20:45.584464+00:00,72.2534,-0.1213,96.9032,0.03,0.75,0.0,1500.0,0.0,6.3103
661.002859,2026-05-05T22:20:46.087219+00:00,72.484,-0.0296,96.9256,0.0616,0.75,0.0,1500.0,0.0,6.305
661.500136,2026-05-05T22:20:46.584468+00:00,72.4067,0.0409,96.9428,0.0859,0.75,0.0,1500.0,0.0,6.3024
662.0,2026-05-05T22:20:47.084701+00:00,72.6018,0.1587,97.1874,0.1432,0.75,0.0,1500.0,0.0,6.3012
662.500291,2026-05-05T22:20:47.589939+00:00,72.4973,0.122,97.0284,0.0792,0.75,0.0,1500.0,0.0,6.3006
663.0,2026-05-05T22:20:48.084594+00:00,72.4169,-0.0335,97.2532,0.1766,0.75,0.0,1500.0,0.0,6.3003
663.50032,2026-05-05T22:20:48.585288+00:00,72.6097,0.1015,97.1715,0.0894,0.75,0.0,1500.0,0.0,6.3001
664.0,2026-05-05T22:20:49.084354+00:00,72.6306,0.0144,97.1318,0.0687,0.75,0.0,1500.0,0.0,6.3001
664.5,2026-05-05T22:20:49.584409+00:00,72.7739,0.1383,97.1013,0.0528,0.75,0.0,1500.0,0.0,6.3
665.00212,2026-05-05T22:20:50.094086+00:00,72.8841,0.2336,96.9853,-0.0674,0.75,0.0,1500.0,0.0,6.3
665.5,2026-05-05T22:20:50.584331+00:00,72.8415,0.1159,96.873,-0.0518,0.75,0.0,1500.0,0.0,6.3
666.0,2026-05-05T22:20:51.084341+00:00,72.936,0.1527,97.1338,-0.0398,0.75,0.0,1500.0,0.0,6.3
666.5,2026-05-05T22:20:51.584369+00:00,72.8814,0.0537,96.8714,-0.1,0.75,0.0,1500.0,0.0,6.3
667.000148,2026-05-05T22:20:52.084480+00:00,72.9667,0.0413,96.8086,-0.1077,0.75,0.0,1500.0,0.0,6.3
667.5,2026-05-05T22:20:52.592004+00:00,72.7777,-0.0319,96.9686,-0.0442,0.75,0.0,1500.0,0.0,6.3
668.0,2026-05-05T22:20:53.084358+00:00,72.887,-0.0245,96.8602,-0.0417,0.75,0.0,1500.0,0.0,6.3
668.5,2026-05-05T22:20:53.584465+00:00,72.7165,-0.0825,97.0082,0.0451,0.75,0.0,1500.0,0.0,6.3
669.0,2026-05-05T22:20:54.084440+00:00,72.8399,-0.0634,97.0063,-0.0425,0.75,0.0,1500.0,0.0,6.3
669.500258,2026-05-05T22:20:54.584604+00:00,72.6803,-0.0487,96.7735,-0.0327,0.75,0.0,1500.0,0.0,6.3
670.0,2026-05-05T22:20:55.091079+00:00,72.4303,-0.2284,96.9416,0.0443,0.75,0.0,1500.0,0.0,6.3
670.5,2026-05-05T22:20:55.584395+00:00,72.3654,-0.1755,97.0708,0.0341,0.75,0.0,1500.0,0.0,6.3
671.0,2026-05-05T22:20:56.084337+00:00,72.3156,-0.2622,96.9156,0.0185,0.75,0.0,1500.0,0.0,6.3
671.5,2026-05-05T22:20:56.584363+00:00,72.4045,-0.1379,96.9351,-0.0244,0.75,0.0,1500.0,0.0,6.3
672.0,2026-05-05T22:20:57.084428+00:00,72.3456,-0.0423,96.7187,-0.0959,0.75,0.0,1500.0,0.0,6.3
672.5,2026-05-05T22:20:57.590148+00:00,72.4276,0.0311,96.8995,0.042,0.75,0.0,1500.0,0.0,6.2488
673.0,2026-05-05T22:20:58.084420+00:00,72.6179,0.1512,96.9228,-0.0063,0.75,0.0,1500.0,0.0,6.275
673.5,2026-05-05T22:20:58.584331+00:00,72.6369,0.1162,96.8481,-0.0742,0.75,0.0,1500.0,0.0,6.2878
674.0,2026-05-05T22:20:59.084347+00:00,72.6515,0.1529,96.8601,-0.0185,0.75,0.0,1500.0,0.0,6.294
674.5,2026-05-05T22:20:59.584439+00:00,72.5355,0.0539,96.8925,-0.0142,0.75,0.0,1500.0,0.0,6.2971
675.0,2026-05-05T22:21:00.090146+00:00,72.7008,0.0414,96.8017,0.0276,0.75,0.0,1500.0,0.0,6.2986
675.5,2026-05-05T22:21:00.584618+00:00,72.7006,0.0319,96.9632,0.0212,0.75,0.0,1500.0,0.0,6.2993
676.0,2026-05-05T22:21:01.084801+00:00,72.8277,0.0881,96.8561,-0.0222,0.75,0.0,1500.0,0.0,6.2997
676.5,2026-05-05T22:21:01.584349+00:00,72.6709,0.0677,96.8894,0.0138,0.75,0.0,1500.0,0.0,6.2998
677.0,2026-05-05T22:21:02.084616+00:00,72.5504,-0.0752,97.0307,0.0569,0.75,0.0,1500.0,0.0,6.2999
677.502003,2026-05-05T22:21:02.590982+00:00,72.7123,0.0058,96.9079,0.0051,0.75,0.0,1500.0,0.0,6.3
678.0,2026-05-05T22:21:03.084336+00:00,72.8367,0.0045,96.7903,-0.0038,0.75,0.0,1500.0,0.0,6.3
678.5,2026-05-05T22:21:03.584478+00:00,72.9323,0.1307,96.8389,-0.0415,0.75,0.0,1500.0,0.0,6.3
679.000509,2026-05-05T22:21:04.084892+00:00,72.7513,0.1005,96.6447,-0.0704,0.75,0.0,1500.0,0.0,6.3
679.5,2026-05-05T22:21:04.584512+00:00,72.8667,0.0772,96.727,-0.0541,0.75,0.0,1500.0,0.0,6.3
680.0,2026-05-05T22:21:05.089485+00:00,72.9554,0.0593,96.7901,-0.0802,0.75,0.0,1500.0,0.0,6.3
680.5,2026-05-05T22:21:05.584383+00:00,72.8963,-0.018,96.723,-0.0616,0.75,0.0,1500.0,0.0,6.3
681.0,2026-05-05T22:21:06.084359+00:00,72.8509,0.0498,96.9028,0.0375,0.75,0.0,1500.0,0.0,6.3
681.5,2026-05-05T22:21:06.584386+00:00,72.6887,-0.089,96.7864,-0.0175,0.75,0.0,1500.0,0.0,6.3
682.0,2026-05-05T22:21:07.085169+00:00,72.6913,-0.132,96.7202,0.0251,0.75,0.0,1500.0,0.0,6.3
682.5,2026-05-05T22:21:07.589253+00:00,72.6933,-0.1015,96.7849,0.0193,0.75,0.0,1500.0,0.0,6.3
683.0,2026-05-05T22:21:08.084923+00:00,72.8221,-0.0144,96.719,-0.0237,0.75,0.0,1500.0,0.0,6.3
683.5,2026-05-05T22:21:08.584354+00:00,72.7939,0.0526,96.5526,-0.0568,0.75,0.0,1500.0,0.0,6.3
684.0,2026-05-05T22:21:09.084355+00:00,72.8994,0.1041,96.6561,-0.0822,0.75,0.0,1500.0,0.0,6.3
684.5,2026-05-05T22:21:09.584415+00:00,72.8533,0.08,96.4812,-0.1018,0.75,0.0,1500.0,0.0,6.3
685.0,2026-05-05T22:21:10.091273+00:00,72.8178,-0.0022,96.2078,-0.1708,0.75,0.0,1500.0,0.0,6.3
685.50023,2026-05-05T22:21:10.584593+00:00,73.0451,0.1256,96.1598,-0.2084,0.75,0.0,1500.0,0.0,6.3
686.0,2026-05-05T22:21:11.084419+00:00,73.0925,0.0965,96.3542,-0.1216,0.75,0.0,1500.0,0.0,6.3
686.50159,2026-05-05T22:21:11.585990+00:00,73.0017,0.0742,96.1565,-0.132,0.75,0.0,1500.0,0.0,6.3
687.0,2026-05-05T22:21:12.084511+00:00,72.8046,-0.0066,96.3517,-0.1015,0.75,0.0,1500.0,0.0,6.3
687.5,2026-05-05T22:21:12.589753+00:00,72.7804,-0.1323,96.6174,0.0454,0.75,0.0,1500.0,0.0,6.3
688.0,2026-05-05T22:21:13.084492+00:00,72.7618,-0.1654,96.4745,0.0889,0.75,0.0,1500.0,0.0,6.3
688.500303,2026-05-05T22:21:13.584657+00:00,72.6202,-0.1907,96.5961,0.1455,0.75,0.0,1500.0,0.0,6.3
689.0,2026-05-05T22:21:14.084386+00:00,72.766,-0.0193,96.5739,0.0732,0.75,0.0,1500.0,0.0,6.3
689.5,2026-05-05T22:21:14.584409+00:00,72.878,0.0488,96.418,0.0871,0.75,0.0,1500.0,0.0,6.3
690.0,2026-05-05T22:21:15.088770+00:00,72.5822,-0.0898,96.4369,0.0284,0.75,0.0,1500.0,0.0,6.3
690.5,2026-05-05T22:21:15.584379+00:00,72.7368,0.0583,96.5441,-0.0244,0.75,0.0,1500.0,0.0,6.3
691.0,2026-05-05T22:21:16.084400+00:00,72.4737,-0.1461,96.4182,-0.0188,0.75,0.0,1500.0,0.0,6.3
691.5,2026-05-05T22:21:16.584337+00:00,72.5261,-0.1759,96.6685,0.0241,0.75,0.0,1500.0,0.0,6.3
692.0,2026-05-05T22:21:17.084730+00:00,72.8209,0.1193,96.7452,0.0571,0.75,0.0,1500.0,0.0,6.3
692.500497,2026-05-05T22:21:17.590222+00:00,72.7929,0.0281,96.5496,0.0439,0.75,0.0,1500.0,0.0,6.3
693.0,2026-05-05T22:21:18.084351+00:00,72.7714,0.1488,96.5382,0.0337,0.75,0.0,1500.0,0.0,6.3
693.5,2026-05-05T22:21:18.584346+00:00,72.7549,0.1144,96.645,0.0336,0.75,0.0,1500.0,0.0,6.3
694.0,2026-05-05T22:21:19.084356+00:00,72.8694,0.0243,96.3801,-0.0127,0.75,0.0,1500.0,0.0,6.3
694.5,2026-05-05T22:21:19.584347+00:00,72.9575,0.0823,96.5235,-0.0483,0.75,0.0,1500.0,0.0,6.3
695.0,2026-05-05T22:21:20.089387+00:00,72.8979,0.0633,96.8652,0.04,0.75,0.0,1500.0,0.0,6.3
695.5,2026-05-05T22:21:20.584387+00:00,72.7249,-0.015,96.4336,-0.0387,0.75,0.0,1500.0,0.0,6.3512
696.0,2026-05-05T22:21:21.084341+00:00,72.5918,-0.1388,96.5646,0.0088,0.75,0.0,1500.0,0.0,6.3762
696.5,2026-05-05T22:21:21.584858+00:00,72.7441,-0.1067,96.6654,0.0068,0.75,0.0,1500.0,0.0,6.3884
697.0,2026-05-05T22:21:22.084339+00:00,72.6066,-0.1456,96.5114,0.0438,0.75,0.0,1500.0,0.0,6.3943
697.5,2026-05-05T22:21:22.590002+00:00,72.501,-0.1119,96.3931,-0.0435,0.75,0.0,1500.0,0.0,6.346
698.0,2026-05-05T22:21:23.084438+00:00,72.547,-0.0224,96.4178,-0.1491,0.75,0.0,1500.0,0.0,6.3225
698.501988,2026-05-05T22:21:23.586411+00:00,72.5824,-0.0809,96.1823,-0.0838,0.75,0.0,1500.0,0.0,6.311
699.000803,2026-05-05T22:21:24.085134+00:00,72.6096,0.0015,96.2558,-0.1029,0.75,0.0,1500.0,0.0,6.3053
699.5,2026-05-05T22:21:24.584389+00:00,72.6305,0.0648,96.1735,-0.164,0.75,0.0,1500.0,0.0,6.3026
700.000857,2026-05-05T22:21:25.093513+00:00,72.6466,0.0498,96.1333,-0.126,0.75,0.0,1500.0,0.0,6.3013
700.5,2026-05-05T22:21:25.584339+00:00,72.7862,0.1019,96.1025,-0.0969,0.75,0.0,1500.0,0.0,6.3006
701.0,2026-05-05T22:21:26.084356+00:00,72.8936,0.142,96.1945,-0.0745,0.75,0.0,1500.0,0.0,6.3003
701.5,2026-05-05T22:21:26.584341+00:00,72.8488,0.1091,96.1495,-0.0109,0.75,0.0,1500.0,0.0,6.3001
702.000683,2026-05-05T22:21:27.085096+00:00,72.8143,0.0839,96.2537,-0.0007,0.75,0.0,1500.0,0.0,6.3001
702.500647,2026-05-05T22:21:27.590316+00:00,72.7879,0.0008,96.5421,0.1229,0.75,0.0,1500.0,0.0,6.3
703.0,2026-05-05T22:21:28.085047+00:00,72.7675,-0.063,96.5324,0.133,0.75,0.0,1500.0,0.0,6.3
703.500457,2026-05-05T22:21:28.584885+00:00,72.8792,0.0152,96.2935,0.0637,0.75,0.0,1500.0,0.0,6.3
704.0,2026-05-05T22:21:29.084359+00:00,72.8377,0.0117,96.3181,0.0412,0.75,0.0,1500.0,0.0,6.3
704.5,2026-05-05T22:21:29.584576+00:00,72.6786,-0.0546,96.3602,0.0702,0.75,0.0,1500.0,0.0,6.3
705.0,2026-05-05T22:21:30.092610+00:00,72.6835,-0.042,96.1612,-0.0309,0.75,0.0,1500.0,0.0,6.3
705.5,2026-05-05T22:21:30.584417+00:00,72.6873,-0.0959,96.1239,-0.1394,0.75,0.0,1500.0,0.0,6.3
706.0,2026-05-05T22:21:31.084575+00:00,72.8175,-0.0101,96.3266,-0.0686,0.75,0.0,1500.0,0.0,6.3
706.5,2026-05-05T22:21:31.584375+00:00,72.7903,0.0559,96.3436,0.0167,0.75,0.0,1500.0,0.0,6.3
707.0,2026-05-05T22:21:32.084330+00:00,72.7694,0.043,96.588,0.09,0.75,0.0,1500.0,0.0,6.3
707.5,2026-05-05T22:21:32.592683+00:00,72.6261,-0.0306,96.9148,0.1849,0.75,0.0,1500.0,0.0,6.3
708.000194,2026-05-05T22:21:33.084571+00:00,72.7705,-0.0235,96.68,0.1729,0.75,0.0,1500.0,0.0,6.3512
708.5,2026-05-05T22:21:33.584520+00:00,72.6269,-0.0817,96.7309,0.2023,0.75,0.0,1500.0,0.0,6.325
709.0,2026-05-05T22:21:34.084956+00:00,72.5165,-0.1264,96.6774,0.1169,0.75,0.0,1500.0,0.0,6.3122
709.500383,2026-05-05T22:21:34.584761+00:00,72.559,-0.0336,96.8678,0.1747,0.75,0.0,1500.0,0.0,6.306
710.0,2026-05-05T22:21:35.091026+00:00,72.5916,-0.0894,96.8984,0.1034,0.75,0.0,1500.0,0.0,6.3029
710.5,2026-05-05T22:21:35.584382+00:00,72.3622,-0.1324,96.9219,0.0024,0.75,0.0,1500.0,0.0,6.3014
711.0,2026-05-05T22:21:36.084514+00:00,72.5676,0.0255,97.0557,0.1252,0.75,0.0,1500.0,0.0,6.3007
711.5,2026-05-05T22:21:36.584719+00:00,72.5982,0.0196,97.1585,0.1425,0.75,0.0,1500.0,0.0,6.3003
712.001292,2026-05-05T22:21:37.085680+00:00,72.6218,0.0151,97.2144,0.179,0.75,0.0,1500.0,0.0,6.3002
712.500393,2026-05-05T22:21:37.592408+00:00,72.6399,0.1389,97.0259,0.0527,0.75,0.0,1500.0,0.0,6.3001
713.0,2026-05-05T22:21:38.084397+00:00,72.7811,0.1067,96.8811,-0.0058,0.75,0.0,1500.0,0.0,6.3
713.50048,2026-05-05T22:21:38.584815+00:00,72.8896,0.1457,96.5615,-0.1201,0.75,0.0,1500.0,0.0,6.3
714.0,2026-05-05T22:21:39.084333+00:00,72.973,0.1756,96.4316,-0.208,0.75,0.0,1500.0,0.0,6.3
714.50013,2026-05-05T22:21:39.584476+00:00,73.0371,0.1986,96.4474,-0.237,0.75,0.0,1500.0,0.0,6.3
715.0,2026-05-05T22:21:40.092867+00:00,72.8318,0.0254,96.3439,-0.2902,0.75,0.0,1500.0,0.0,6.3
715.5,2026-05-05T22:21:40.584369+00:00,72.674,-0.1078,96.6114,-0.1382,0.75,0.0,1500.0,0.0,6.3
716.0,2026-05-05T22:21:41.084935+00:00,72.68,-0.1465,96.5625,-0.1062,0.75,0.0,1500.0,0.0,6.3
716.5,2026-05-05T22:21:41.584382+00:00,72.6847,-0.1762,96.2009,-0.1202,0.75,0.0,1500.0,0.0,6.3
717.0,2026-05-05T22:21:42.084418+00:00,72.8155,-0.0082,96.1544,-0.0924,0.75,0.0,1500.0,0.0,6.3
717.5,2026-05-05T22:21:42.590053+00:00,72.7888,0.0574,96.4427,-0.0016,0.75,0.0,1500.0,0.0,6.3
718.00036,2026-05-05T22:21:43.084734+00:00,72.641,-0.0195,96.4791,0.0451,0.75,0.0,1500.0,0.0,6.3
718.5,2026-05-05T22:21:43.584489+00:00,72.7819,0.0486,96.5996,-0.0039,0.75,0.0,1500.0,0.0,6.3
719.0,2026-05-05T22:21:44.084560+00:00,72.7629,-0.0263,96.9237,0.1204,0.75,0.0,1500.0,0.0,6.3
719.5,2026-05-05T22:21:44.584444+00:00,72.8756,0.0434,96.9413,0.2468,0.75,0.0,1500.0,0.0,6.3
720.0,2026-05-05T22:21:45.089284+00:00,72.9623,0.1607,97.0706,0.3054,0.75,0.0,1500.0,0.0,6.3
720.5,2026-05-05T22:21:45.586944+00:00,72.7743,-0.0038,96.9386,0.1653,0.75,0.0,1500.0,0.0,6.3
721.0,2026-05-05T22:21:46.084343+00:00,72.8844,0.0607,96.8602,0.1271,0.75,0.0,1500.0,0.0,6.3
721.5,2026-05-05T22:21:46.584557+00:00,72.8417,-0.017,96.8694,0.0899,0.75,0.0,1500.0,0.0,6.3
722.000962,2026-05-05T22:21:47.085320+00:00,72.9362,-0.013,96.7608,-0.0543,0.75,0.0,1500.0,0.0,6.3
722.5,2026-05-05T22:21:47.590164+00:00,73.1361,0.1809,96.6773,-0.088,0.75,0.0,1500.0,0.0,6.3
723.0,2026-05-05T22:21:48.084490+00:00,72.9079,0.0118,96.3817,-0.2296,0.75,0.0,1500.0,0.0,6.3
723.5,2026-05-05T22:21:48.584445+00:00,72.8598,0.009,96.4091,-0.1765,0.75,0.0,1500.0,0.0,6.3
724.0,2026-05-05T22:21:49.084445+00:00,72.9501,0.0069,96.4533,-0.1356,0.75,0.0,1500.0,0.0,6.3
724.5,2026-05-05T22:21:49.584577+00:00,73.1468,0.0053,96.5798,-0.0965,0.75,0.0,1500.0,0.0,6.3
725.0,2026-05-05T22:21:50.093525+00:00,73.0434,0.0677,96.7927,0.0106,0.75,0.0,1500.0,0.0,6.3
725.5,2026-05-05T22:21:50.584359+00:00,73.0912,0.1157,96.8407,0.0545,0.75,0.0,1500.0,0.0,6.3
726.0,2026-05-05T22:21:51.084518+00:00,73.0007,0.0253,96.8776,0.1653,0.75,0.0,1500.0,0.0,6.3
726.5,2026-05-05T22:21:51.584357+00:00,72.8038,-0.1715,96.6745,0.0885,0.75,0.0,1500.0,0.0,6.3
727.0,2026-05-05T22:21:52.084676+00:00,72.9071,-0.0682,96.6341,0.0603,0.75,0.0,1500.0,0.0,6.3
727.5,2026-05-05T22:21:52.590729+00:00,72.8592,-0.116,96.8345,0.0849,0.75,0.0,1500.0,0.0,6.3
728.0,2026-05-05T22:21:53.084382+00:00,72.6951,-0.1528,96.6414,-0.0504,0.75,0.0,1500.0,0.0,6.3
728.5,2026-05-05T22:21:53.584348+00:00,72.8235,0.0098,96.3773,-0.1545,0.75,0.0,1500.0,0.0,6.3
729.0,2026-05-05T22:21:54.084315+00:00,73.0494,0.0712,96.4057,-0.1573,0.75,0.0,1500.0,0.0,6.3
729.5,2026-05-05T22:21:54.584387+00:00,73.0958,0.1183,96.3349,-0.1132,0.75,0.0,1500.0,0.0,6.3
730.000197,2026-05-05T22:21:55.089334+00:00,73.0042,0.1546,96.35,-0.0947,0.75,0.0,1500.0,0.0,6.3
730.5,2026-05-05T22:21:55.584715+00:00,72.8066,-0.0084,96.269,-0.1885,0.75,0.0,1500.0,0.0,6.3
731.0,2026-05-05T22:21:56.084372+00:00,72.9092,-0.0701,96.4382,-0.0677,0.75,0.0,1500.0,0.0,6.3
731.5,2026-05-05T22:21:56.584453+00:00,72.479,-0.3084,96.4525,0.0251,0.75,0.0,1500.0,0.0,6.3
732.0,2026-05-05T22:21:57.084422+00:00,72.6574,-0.1734,96.3246,-0.027,0.75,0.0,1500.0,0.0,6.3
732.501842,2026-05-05T22:21:57.593969+00:00,72.6672,-0.0697,96.4809,0.0487,0.75,0.0,1500.0,0.0,6.3
733.0,2026-05-05T22:21:58.084412+00:00,72.5476,-0.1808,96.601,0.0837,0.75,0.0,1500.0,0.0,6.3
733.5,2026-05-05T22:21:58.584416+00:00,72.7101,0.1156,96.809,0.18,0.75,0.0,1500.0,0.0,6.3
734.000576,2026-05-05T22:21:59.084944+00:00,72.5805,-0.0384,96.483,0.0149,0.75,0.0,1500.0,0.0,6.3
734.5,2026-05-05T22:21:59.584333+00:00,72.4809,-0.0932,96.5795,0.0423,0.75,0.0,1500.0,0.0,6.3
735.0,2026-05-05T22:22:00.089294+00:00,72.5316,-0.008,96.4454,0.0403,0.75,0.0,1500.0,0.0,6.3
735.5,2026-05-05T22:22:00.584364+00:00,72.5706,-0.0698,96.3423,-0.0462,0.75,0.0,1500.0,0.0,6.3
736.0,2026-05-05T22:22:01.084376+00:00,72.855,0.1373,96.3557,-0.0818,0.75,0.0,1500.0,0.0,6.3
736.501028,2026-05-05T22:22:01.585468+00:00,73.0737,0.2964,96.1577,-0.2171,0.75,0.0,1500.0,0.0,6.3
737.0,2026-05-05T22:22:02.084348+00:00,73.1145,0.2915,96.3526,-0.0435,0.75,0.0,1500.0,0.0,6.3
737.5,2026-05-05T22:22:02.588668+00:00,72.8913,0.1604,96.5024,-0.0257,0.75,0.0,1500.0,0.0,6.3
738.0,2026-05-05T22:22:03.084425+00:00,72.847,-0.004,96.5018,0.0188,0.75,0.0,1500.0,0.0,6.3
738.5,2026-05-05T22:22:03.584349+00:00,72.6857,-0.194,96.5014,0.053,0.75,0.0,1500.0,0.0,6.3
739.0,2026-05-05T22:22:04.084367+00:00,72.689,-0.2127,96.5011,0.0485,0.75,0.0,1500.0,0.0,6.3
739.5,2026-05-05T22:22:04.584435+00:00,72.5643,-0.1635,96.6165,0.153,0.75,0.0,1500.0,0.0,6.3
740.000491,2026-05-05T22:22:05.090820+00:00,72.723,-0.062,96.821,0.1561,0.75,0.0,1500.0,0.0,6.3
740.5,2026-05-05T22:22:05.584518+00:00,72.4631,-0.1113,96.8624,0.12,0.75,0.0,1500.0,0.0,6.3
741.0,2026-05-05T22:22:06.084702+00:00,72.5179,-0.0856,96.8942,0.1308,0.75,0.0,1500.0,0.0,6.3
741.500264,2026-05-05T22:22:06.584638+00:00,72.4328,-0.0658,96.9187,0.1391,0.75,0.0,1500.0,0.0,6.3
742.000211,2026-05-05T22:22:07.084626+00:00,72.3674,-0.1778,96.8218,0.1069,0.75,0.0,1500.0,0.0,6.3
742.5,2026-05-05T22:22:07.595694+00:00,72.4443,-0.0094,96.9788,0.1207,0.75,0.0,1500.0,0.0,6.3
743.0,2026-05-05T22:22:08.084348+00:00,72.6308,0.0564,96.9605,0.0465,0.75,0.0,1500.0,0.0,6.3512
743.500394,2026-05-05T22:22:08.585257+00:00,72.5195,0.0434,96.9465,0.028,0.75,0.0,1500.0,0.0,6.3762
744.0,2026-05-05T22:22:09.084975+00:00,72.6885,0.1606,96.8432,-0.017,0.75,0.0,1500.0,0.0,6.3884
744.500376,2026-05-05T22:22:09.584777+00:00,72.6912,0.1234,96.7638,-0.0516,0.75,0.0,1500.0,0.0,6.3431
745.0,2026-05-05T22:22:10.091127+00:00,72.9478,0.1585,96.5639,-0.086,0.75,0.0,1500.0,0.0,6.321
745.5,2026-05-05T22:22:10.584850+00:00,73.0177,0.2491,96.4334,-0.1818,0.75,0.0,1500.0,0.0,6.3103
746.000428,2026-05-05T22:22:11.084834+00:00,72.9442,0.1278,96.31,-0.2168,0.75,0.0,1500.0,0.0,6.305
746.5,2026-05-05T22:22:11.584494+00:00,73.015,0.1619,96.4697,-0.159,0.75,0.0,1500.0,0.0,6.3024
747.0,2026-05-05T22:22:12.084502+00:00,72.9421,-0.0028,96.5924,-0.0836,0.75,0.0,1500.0,0.0,6.3012
747.5,2026-05-05T22:22:12.589411+00:00,73.0133,-0.0022,96.571,-0.0643,0.75,0.0,1500.0,0.0,6.3006
748.0,2026-05-05T22:22:13.084380+00:00,73.0681,0.062,96.5314,-0.0108,0.75,0.0,1500.0,0.0,6.3003
748.5,2026-05-05T22:22:13.585570+00:00,72.9829,-0.016,96.4085,-0.0083,0.75,0.0,1500.0,0.0,6.3001
749.0,2026-05-05T22:22:14.084326+00:00,72.9175,-0.0123,96.5453,0.0785,0.75,0.0,1500.0,0.0,6.3001
749.5,2026-05-05T22:22:14.584394+00:00,72.7399,-0.1367,96.6505,0.0603,0.75,0.0,1500.0,0.0,6.3
750.0,2026-05-05T22:22:15.093655+00:00,72.7306,-0.1687,96.4769,-0.0385,0.75,0.0,1500.0,0.0,6.3
750.5,2026-05-05T22:22:15.584369+00:00,72.5963,-0.1933,96.3665,-0.0682,0.75,0.0,1500.0,0.0,6.3
751.0,2026-05-05T22:22:16.084388+00:00,72.7475,-0.085,96.2586,-0.091,0.75,0.0,1500.0,0.0,6.3
751.5,2026-05-05T22:22:16.584363+00:00,72.8638,0.062,96.3144,-0.0313,0.75,0.0,1500.0,0.0,6.3
752.0,2026-05-05T22:22:17.084340+00:00,72.9532,0.1113,96.3342,-0.0704,0.75,0.0,1500.0,0.0,6.3
752.5,2026-05-05T22:22:17.589817+00:00,72.7673,0.0855,96.4883,-0.0541,0.75,0.0,1500.0,0.0,6.3
753.0,2026-05-05T22:22:18.084375+00:00,72.7517,0.0021,96.6067,0.0433,0.75,0.0,1500.0,0.0,6.3
753.5,2026-05-05T22:22:18.584434+00:00,72.6125,-0.1257,96.6977,0.1104,0.75,0.0,1500.0,0.0,6.3
754.0,2026-05-05T22:22:19.084430+00:00,72.76,-0.0966,96.6288,0.1234,0.75,0.0,1500.0,0.0,6.3
754.501491,2026-05-05T22:22:19.585904+00:00,72.7461,-0.0106,96.4833,0.0563,0.75,0.0,1500.0,0.0,6.3
755.0,2026-05-05T22:22:20.088653+00:00,72.6082,-0.0718,96.4872,0.051,0.75,0.0,1500.0,0.0,6.3
755.5,2026-05-05T22:22:20.584533+00:00,72.6294,0.0085,96.4901,0.0006,0.75,0.0,1500.0,0.0,6.3
756.001867,2026-05-05T22:22:21.086170+00:00,72.773,0.0065,96.3767,-0.0767,0.75,0.0,1500.0,0.0,6.3
756.5,2026-05-05T22:22:21.584420+00:00,72.7561,0.005,96.4052,-0.0975,0.75,0.0,1500.0,0.0,6.3
757.0,2026-05-05T22:22:22.084353+00:00,72.8704,0.1311,96.1958,-0.1443,0.75,0.0,1500.0,0.0,6.3
757.5,2026-05-05T22:22:22.590845+00:00,72.831,0.1008,96.3819,-0.0338,0.75,0.0,1500.0,0.0,6.3
758.0,2026-05-05T22:22:23.084330+00:00,72.9279,0.0775,96.3861,-0.0337,0.75,0.0,1500.0,0.0,6.3
758.5,2026-05-05T22:22:23.584429+00:00,72.8752,0.0595,96.5281,0.0127,0.75,0.0,1500.0,0.0,6.3
759.000574,2026-05-05T22:22:24.084941+00:00,72.8347,-0.0179,96.4985,0.0406,0.75,0.0,1500.0,0.0,6.3
759.5,2026-05-05T22:22:24.584323+00:00,72.9308,0.0499,96.7302,0.1083,0.75,0.0,1500.0,0.0,6.3
760.0,2026-05-05T22:22:25.089896+00:00,72.7501,-0.0889,96.7927,0.199,0.75,0.0,1500.0,0.0,6.3
760.5,2026-05-05T22:22:25.584350+00:00,72.6112,-0.132,96.3778,-0.0013,0.75,0.0,1500.0,0.0,6.3
761.000121,2026-05-05T22:22:26.084460+00:00,72.5045,-0.1651,96.4061,0.0067,0.75,0.0,1500.0,0.0,6.3
761.5,2026-05-05T22:22:26.584386+00:00,72.4225,-0.2541,96.4047,-0.0411,0.75,0.0,1500.0,0.0,6.3
762.0,2026-05-05T22:22:27.084365+00:00,72.614,-0.0681,96.1953,-0.101,0.75,0.0,1500.0,0.0,6.3
762.500152,2026-05-05T22:22:27.590077+00:00,72.6339,0.0113,96.4972,-0.0777,0.75,0.0,1500.0,0.0,6.2488
763.0,2026-05-05T22:22:28.084501+00:00,72.5219,0.0087,96.521,-0.0905,0.75,0.0,1500.0,0.0,6.275
763.5,2026-05-05T22:22:28.584403+00:00,72.5631,0.0703,96.5162,0.0461,0.75,0.0,1500.0,0.0,6.2878
764.0,2026-05-05T22:22:29.084388+00:00,72.4675,-0.0732,96.7438,0.1126,0.75,0.0,1500.0,0.0,6.294
764.5,2026-05-05T22:22:29.584790+00:00,72.6486,0.0074,96.9188,0.1714,0.75,0.0,1500.0,0.0,6.2971
765.0,2026-05-05T22:22:30.090950+00:00,72.5332,0.0057,96.7062,0.1703,0.75,0.0,1500.0,0.0,6.2986
765.5,2026-05-05T22:22:30.584506+00:00,72.5718,0.0043,96.7742,0.0923,0.75,0.0,1500.0,0.0,6.2993
766.0,2026-05-05T22:22:31.084839+00:00,72.6015,0.067,96.8264,0.1018,0.75,0.0,1500.0,0.0,6.2997
766.500435,2026-05-05T22:22:31.584839+00:00,72.6243,-0.0122,96.8666,0.1168,0.75,0.0,1500.0,0.0,6.2998
767.0,2026-05-05T22:22:32.084346+00:00,72.6418,0.0543,96.6661,-0.0259,0.75,0.0,1500.0,0.0,6.2999
767.5,2026-05-05T22:22:32.590089+00:00,72.7825,0.1054,96.7202,-0.0662,0.75,0.0,1500.0,0.0,6.3
768.0,2026-05-05T22:22:33.084408+00:00,72.6362,0.0173,96.6692,-0.0123,0.75,0.0,1500.0,0.0,6.3
768.5,2026-05-05T22:22:33.584835+00:00,72.7782,0.077,96.7689,-0.0018,0.75,0.0,1500.0,0.0,6.3
769.0,2026-05-05T22:22:34.084389+00:00,73.0146,0.1864,96.9381,0.0372,0.75,0.0,1500.0,0.0,6.3
769.5,2026-05-05T22:22:34.584326+00:00,73.0691,0.1433,96.8136,-0.0177,0.75,0.0,1500.0,0.0,6.3
770.0,2026-05-05T22:22:35.090381+00:00,73.111,0.2374,96.6022,-0.0213,0.75,0.0,1500.0,0.0,6.3
770.502028,2026-05-05T22:22:35.586506+00:00,73.1431,0.1825,96.6942,-0.0087,0.75,0.0,1500.0,0.0,6.3
771.0,2026-05-05T22:22:36.084316+00:00,73.1679,0.0766,96.6493,-0.0067,0.75,0.0,1500.0,0.0,6.3
771.5,2026-05-05T22:22:36.584386+00:00,73.1869,0.0589,96.2676,-0.1671,0.75,0.0,1500.0,0.0,6.3
772.0,2026-05-05T22:22:37.086187+00:00,73.3288,0.1089,96.3214,-0.2056,0.75,0.0,1500.0,0.0,6.3
772.5,2026-05-05T22:22:37.590884+00:00,73.1833,0.0201,96.3627,-0.1503,0.75,0.0,1500.0,0.0,6.3
773.0,2026-05-05T22:22:38.084671+00:00,73.326,0.0791,96.5102,-0.0307,0.75,0.0,1500.0,0.0,6.3
773.5,2026-05-05T22:22:38.585022+00:00,73.1811,-0.0029,96.5078,-0.0621,0.75,0.0,1500.0,0.0,6.3
774.0,2026-05-05T22:22:39.084352+00:00,73.0698,-0.1295,96.3672,-0.094,0.75,0.0,1500.0,0.0,6.3
774.5,2026-05-05T22:22:39.584349+00:00,73.2388,0.0278,96.3979,0.0434,0.75,0.0,1500.0,0.0,6.3
775.0,2026-05-05T22:22:40.090490+00:00,73.1141,-0.1059,96.4215,0.0334,0.75,0.0,1500.0,0.0,6.3
775.5,2026-05-05T22:22:40.584331+00:00,72.891,-0.1451,96.1157,-0.0823,0.75,0.0,1500.0,0.0,6.3
776.0,2026-05-05T22:22:41.084380+00:00,72.7195,-0.1751,96.4361,-0.0247,0.75,0.0,1500.0,0.0,6.3
776.5,2026-05-05T22:22:41.584451+00:00,72.8423,-0.1982,96.5666,0.0196,0.75,0.0,1500.0,0.0,6.3
777.0,2026-05-05T22:22:42.084352+00:00,72.9366,-0.0887,96.6669,0.0999,0.75,0.0,1500.0,0.0,6.3
777.5,2026-05-05T22:22:42.591156+00:00,73.0091,0.0591,96.7439,0.1153,0.75,0.0,1500.0,0.0,6.3
778.001587,2026-05-05T22:22:43.085973+00:00,73.0649,0.1727,96.8958,0.1581,0.75,0.0,1500.0,0.0,6.3
778.5,2026-05-05T22:22:43.584374+00:00,72.8532,0.0054,96.8042,0.2295,0.75,0.0,1500.0,0.0,6.3
779.0,2026-05-05T22:22:44.084363+00:00,72.945,0.0042,96.8263,0.1301,0.75,0.0,1500.0,0.0,6.3
779.501974,2026-05-05T22:22:44.586371+00:00,72.761,-0.1241,96.6351,0.0229,0.75,0.0,1500.0,0.0,6.3
780.000477,2026-05-05T22:22:45.091444+00:00,72.7469,-0.159,96.6039,-0.021,0.75,0.0,1500.0,0.0,6.3
780.5,2026-05-05T22:22:45.584842+00:00,72.6088,-0.1222,96.441,-0.101,0.75,0.0,1500.0,0.0,6.3
781.0,2026-05-05T22:22:46.084418+00:00,72.7572,-0.0939,96.4546,-0.147,0.75,0.0,1500.0,0.0,6.3
781.5,2026-05-05T22:22:46.584522+00:00,72.7439,-0.0086,96.5808,-0.0744,0.75,0.0,1500.0,0.0,6.3
782.000001,2026-05-05T22:22:47.084486+00:00,72.861,0.0571,96.7935,-0.0109,0.75,0.0,1500.0,0.0,6.3
782.50093,2026-05-05T22:22:47.589435+00:00,72.6965,0.0439,96.7025,0.0224,0.75,0.0,1500.0,0.0,6.3
783.0,2026-05-05T22:22:48.084382+00:00,72.6973,-0.0299,96.6325,0.0095,0.75,0.0,1500.0,0.0,6.3
783.5,2026-05-05T22:22:48.584513+00:00,72.8252,0.0406,96.7175,0.0922,0.75,0.0,1500.0,0.0,6.3
784.001753,2026-05-05T22:22:49.086130+00:00,72.7962,-0.0324,96.2969,-0.0526,0.75,0.0,1500.0,0.0,6.3
784.5,2026-05-05T22:22:49.584412+00:00,72.9012,0.1024,96.3439,-0.079,0.75,0.0,1500.0,0.0,6.3
785.0,2026-05-05T22:22:50.088960+00:00,72.8547,0.0787,96.38,-0.1378,0.75,0.0,1500.0,0.0,6.3
785.5,2026-05-05T22:22:50.584360+00:00,72.8189,-0.0032,96.4078,-0.0982,0.75,0.0,1500.0,0.0,6.3
786.0,2026-05-05T22:22:51.084381+00:00,72.5368,-0.1297,96.4291,-0.0678,0.75,0.0,1500.0,0.0,6.3
786.5,2026-05-05T22:22:51.584711+00:00,72.7019,-0.0997,96.6538,-0.0212,0.75,0.0,1500.0,0.0,6.3
787.000502,2026-05-05T22:22:52.084827+00:00,72.956,0.0506,96.6182,0.1071,0.75,0.0,1500.0,0.0,6.3
787.5,2026-05-05T22:22:52.589167+00:00,72.8967,0.0389,96.7066,0.1209,0.75,0.0,1500.0,0.0,6.2488
788.0,2026-05-05T22:22:53.084366+00:00,72.7239,0.0936,96.7745,0.1315,0.75,0.0,1500.0,0.0,6.275
788.500493,2026-05-05T22:22:53.584814+00:00,72.8457,0.0719,96.7109,0.101,0.75,0.0,1500.0,0.0,6.2878
789.0,2026-05-05T22:22:54.084386+00:00,72.9392,-0.0084,96.7778,0.1162,0.75,0.0,1500.0,0.0,6.294
789.5,2026-05-05T22:22:54.584430+00:00,72.7566,-0.0701,96.8292,0.0585,0.75,0.0,1500.0,0.0,6.2971
790.0,2026-05-05T22:22:55.091053+00:00,72.6162,-0.0539,96.5217,-0.0322,0.75,0.0,1500.0,0.0,6.2986
790.5,2026-05-05T22:22:55.584344+00:00,72.6356,-0.105,96.4009,-0.1019,0.75,0.0,1500.0,0.0,6.2993
791.0,2026-05-05T22:22:56.084616+00:00,72.7778,-0.0807,96.6553,-0.0397,0.75,0.0,1500.0,0.0,6.2997
791.5,2026-05-05T22:22:56.584324+00:00,72.7598,0.0016,96.3879,-0.1077,0.75,0.0,1500.0,0.0,6.2998
792.0,2026-05-05T22:22:57.084496+00:00,72.8732,0.1285,96.6453,-0.0442,0.75,0.0,1500.0,0.0,6.2999
792.5,2026-05-05T22:22:57.594852+00:00,73.0877,0.226,96.8431,0.0046,0.75,0.0,1500.0,0.0,6.3
793.0,2026-05-05T22:22:58.084367+00:00,72.998,0.1101,96.7637,0.0807,0.75,0.0,1500.0,0.0,6.3
793.5,2026-05-05T22:22:58.584343+00:00,73.0563,0.1483,96.8184,0.1391,0.75,0.0,1500.0,0.0,6.3
794.0,2026-05-05T22:22:59.084848+00:00,72.9738,0.0503,96.8604,0.0684,0.75,0.0,1500.0,0.0,6.3
794.500526,2026-05-05T22:22:59.584870+00:00,73.0377,-0.025,96.6613,0.0911,0.75,0.0,1500.0,0.0,6.3
795.0,2026-05-05T22:23:00.090964+00:00,72.9596,-0.0192,96.7165,0.0238,0.75,0.0,1500.0,0.0,6.3
795.5,2026-05-05T22:23:00.584387+00:00,73.1541,0.0489,96.435,-0.136,0.75,0.0,1500.0,0.0,6.3
796.0,2026-05-05T22:23:01.084330+00:00,73.1763,0.1012,96.103,-0.2202,0.75,0.0,1500.0,0.0,6.3
796.5,2026-05-05T22:23:01.584450+00:00,73.3206,0.1414,96.3105,-0.1693,0.75,0.0,1500.0,0.0,6.3
797.0,2026-05-05T22:23:02.084841+00:00,73.3043,0.1723,96.4701,-0.1301,0.75,0.0,1500.0,0.0,6.3
797.5,2026-05-05T22:23:02.590237+00:00,73.1644,0.0052,96.2456,-0.1386,0.75,0.0,1500.0,0.0,6.2488
798.0,2026-05-05T22:23:03.084330+00:00,73.1842,0.004,96.3045,-0.1374,0.75,0.0,1500.0,0.0,6.275
798.5,2026-05-05T22:23:03.584698+00:00,73.0722,-0.1242,96.3497,-0.0284,0.75,0.0,1500.0,0.0,6.2878
799.0,2026-05-05T22:23:04.084337+00:00,72.9861,-0.1591,96.3614,0.0861,0.75,0.0,1500.0,0.0,6.294
799.5,2026-05-05T22:23:04.584737+00:00,72.7926,-0.1859,96.7405,0.1433,0.75,0.0,1500.0,0.0,6.2971
800.0,2026-05-05T22:23:05.091607+00:00,72.7712,-0.2065,96.9163,0.1487,0.75,0.0,1500.0,0.0,6.2986
800.500208,2026-05-05T22:23:05.584554+00:00,72.7547,-0.1587,96.8199,0.1914,0.75,0.0,1500.0,0.0,6.2481
801.0,2026-05-05T22:23:06.084531+00:00,72.6148,-0.1856,96.9773,0.2243,0.75,0.0,1500.0,0.0,6.2235
801.501774,2026-05-05T22:23:06.586147+00:00,72.7618,-0.0154,96.89,0.1801,0.75,0.0,1500.0,0.0,6.2115
802.0,2026-05-05T22:23:07.084412+00:00,72.7475,-0.0118,96.7766,0.1384,0.75,0.0,1500.0,0.0,6.2056
802.5,2026-05-05T22:23:07.590189+00:00,72.7365,-0.0091,96.7126,-0.0093,0.75,0.0,1500.0,0.0,6.2027
803.001999,2026-05-05T22:23:08.086520+00:00,72.8553,0.1203,96.5477,-0.1229,0.75,0.0,1500.0,0.0,6.2525
803.5,2026-05-05T22:23:08.584499+00:00,72.9466,0.0924,96.6524,-0.0559,0.75,0.0,1500.0,0.0,6.2768
804.0,2026-05-05T22:23:09.084556+00:00,73.0168,0.1347,96.7328,-0.0815,0.75,0.0,1500.0,0.0,6.2887
804.5,2026-05-05T22:23:09.584345+00:00,72.9435,0.1035,96.4244,-0.1552,0.75,0.0,1500.0,0.0,6.2945
805.0,2026-05-05T22:23:10.090901+00:00,72.7599,-0.0477,96.5576,-0.073,0.75,0.0,1500.0,0.0,6.2973
805.5,2026-05-05T22:23:10.584424+00:00,72.746,-0.1003,96.66,-0.0175,0.75,0.0,1500.0,0.0,6.2987
806.001735,2026-05-05T22:23:11.086225+00:00,72.7354,-0.1407,96.5998,0.0174,0.75,0.0,1500.0,0.0,6.2994
806.5,2026-05-05T22:23:11.584390+00:00,72.9817,0.0191,96.785,0.0442,0.75,0.0,1500.0,0.0,6.2997
807.0,2026-05-05T22:23:12.084561+00:00,73.1711,0.2056,96.8347,0.034,0.75,0.0,1500.0,0.0,6.2998
807.500672,2026-05-05T22:23:12.590795+00:00,72.9348,0.0944,96.873,0.1495,0.75,0.0,1500.0,0.0,6.2487
808.0,2026-05-05T22:23:13.084525+00:00,73.0077,0.1362,96.9024,0.1149,0.75,0.0,1500.0,0.0,6.275
808.5,2026-05-05T22:23:13.584468+00:00,72.8093,-0.0862,96.8093,0.0498,0.75,0.0,1500.0,0.0,6.2878
809.0,2026-05-05T22:23:14.084347+00:00,72.9112,-0.1299,96.3906,-0.0697,0.75,0.0,1500.0,0.0,6.294
809.5,2026-05-05T22:23:14.584350+00:00,73.1169,0.091,96.5085,-0.0922,0.75,0.0,1500.0,0.0,6.2971
810.0,2026-05-05T22:23:15.092352+00:00,73.1477,0.07,96.6222,-0.0708,0.75,0.0,1500.0,0.0,6.2986
810.501498,2026-05-05T22:23:15.585916+00:00,73.1714,0.1811,96.7096,-0.0544,0.75,0.0,1500.0,0.0,6.2993
811.0,2026-05-05T22:23:16.084535+00:00,73.0623,0.0755,96.8925,-0.0033,0.75,0.0,1500.0,0.0,6.2997
811.5,2026-05-05T22:23:16.584390+00:00,73.233,0.058,96.8017,-0.0025,0.75,0.0,1500.0,0.0,6.2998
812.00016,2026-05-05T22:23:17.084759+00:00,73.2369,0.0446,96.8476,0.1523,0.75,0.0,1500.0,0.0,6.2999
812.5,2026-05-05T22:23:17.589565+00:00,73.1127,-0.0293,96.9986,0.1634,0.75,0.0,1500.0,0.0,6.2488
813.0,2026-05-05T22:23:18.084365+00:00,72.8899,-0.0862,96.7675,0.0484,0.75,0.0,1500.0,0.0,6.275
813.5,2026-05-05T22:23:18.584367+00:00,72.9732,-0.1299,96.7982,0.0295,0.75,0.0,1500.0,0.0,6.2878
814.0,2026-05-05T22:23:19.084835+00:00,72.91,-0.1635,96.8449,-0.0159,0.75,0.0,1500.0,0.0,6.294
814.5,2026-05-05T22:23:19.584325+00:00,72.8614,-0.1256,96.7651,-0.0122,0.75,0.0,1500.0,0.0,6.2971
815.0,2026-05-05T22:23:20.091016+00:00,72.8241,-0.0329,96.9351,0.0292,0.75,0.0,1500.0,0.0,6.2986
815.5,2026-05-05T22:23:20.584597+00:00,72.6681,-0.1526,96.9501,-0.0161,0.75,0.0,1500.0,0.0,6.2993
816.0,2026-05-05T22:23:21.084356+00:00,72.8027,-0.0536,96.9617,0.0647,0.75,0.0,1500.0,0.0,6.2997
816.500001,2026-05-05T22:23:21.584836+00:00,72.9062,0.0224,96.8317,0.0112,0.75,0.0,1500.0,0.0,6.2998
817.0,2026-05-05T22:23:22.084366+00:00,72.9858,0.0809,96.9863,0.0472,0.75,0.0,1500.0,0.0,6.2999
817.5,2026-05-05T22:23:22.594603+00:00,73.1742,0.2531,96.8738,0.0362,0.75,0.0,1500.0,0.0,6.2488
818.0,2026-05-05T22:23:23.084355+00:00,73.1917,0.1945,96.903,-0.0107,0.75,0.0,1500.0,0.0,6.275
818.5,2026-05-05T22:23:23.584402+00:00,73.3325,0.2131,96.9255,-0.0082,0.75,0.0,1500.0,0.0,6.2878
819.000289,2026-05-05T22:23:24.084621+00:00,73.3134,0.1638,96.9427,-0.0063,0.75,0.0,1500.0,0.0,6.294
819.5,2026-05-05T22:23:24.584640+00:00,73.1715,-0.0014,96.8634,0.0106,0.75,0.0,1500.0,0.0,6.2971
820.000044,2026-05-05T22:23:25.090073+00:00,73.1896,-0.0011,96.7793,-0.069,0.75,0.0,1500.0,0.0,6.2986
820.5,2026-05-05T22:23:25.584530+00:00,73.0763,-0.1281,97.0618,0.0627,0.75,0.0,1500.0,0.0,6.2993
821.0,2026-05-05T22:23:26.084698+00:00,72.9892,-0.1621,97.1632,0.0867,0.75,0.0,1500.0,0.0,6.2997
821.5,2026-05-05T22:23:26.584401+00:00,72.9223,-0.1246,96.8709,-0.0182,0.75,0.0,1500.0,0.0,6.2998
822.0,2026-05-05T22:23:27.084383+00:00,72.9981,-0.0957,97.0165,0.0246,0.75,0.0,1500.0,0.0,6.2999
822.5,2026-05-05T22:23:27.591586+00:00,72.9292,-0.0736,97.1284,0.0883,0.75,0.0,1500.0,0.0,6.3
823.0,2026-05-05T22:23:28.084345+00:00,73.0034,0.0071,96.8441,0.0216,0.75,0.0,1500.0,0.0,6.3
823.5,2026-05-05T22:23:28.584416+00:00,72.9332,0.0054,96.8802,-0.0605,0.75,0.0,1500.0,0.0,6.3
824.0,2026-05-05T22:23:29.084406+00:00,72.8792,-0.0595,96.8848,-0.0928,0.75,0.0,1500.0,0.0,6.3
824.5,2026-05-05T22:23:29.584363+00:00,72.965,0.0179,97.0271,0.0521,0.75,0.0,1500.0,0.0,6.3
825.0,2026-05-05T22:23:30.088906+00:00,73.1582,0.0774,97.1366,0.04,0.75,0.0,1500.0,0.0,6.3
825.5,2026-05-05T22:23:30.584333+00:00,73.1795,0.1231,96.6422,-0.1621,0.75,0.0,1500.0,0.0,6.3
826.0,2026-05-05T22:23:31.084349+00:00,73.0685,0.0946,96.7018,-0.0474,0.75,0.0,1500.0,0.0,6.3
826.5,2026-05-05T22:23:31.584825+00:00,73.1105,0.0727,96.6551,-0.075,0.75,0.0,1500.0,0.0,6.3
827.001358,2026-05-05T22:23:32.085688+00:00,72.8883,-0.135,96.4804,-0.1348,0.75,0.0,1500.0,0.0,6.3
827.5,2026-05-05T22:23:32.589259+00:00,72.8447,-0.1674,96.4849,-0.1807,0.75,0.0,1500.0,0.0,6.3
828.0,2026-05-05T22:23:33.084458+00:00,72.8112,-0.1287,96.4653,-0.2238,0.75,0.0,1500.0,0.0,6.3
828.5,2026-05-05T22:23:33.584383+00:00,72.9127,-0.0989,96.265,-0.1257,0.75,0.0,1500.0,0.0,6.3
829.0,2026-05-05T22:23:34.084348+00:00,72.9908,0.0513,96.2037,-0.166,0.75,0.0,1500.0,0.0,6.3
829.500201,2026-05-05T22:23:34.584552+00:00,73.0508,0.103,96.6194,-0.0119,0.75,0.0,1500.0,0.0,6.3
830.0,2026-05-05T22:23:35.090775+00:00,73.0969,0.1428,96.3372,-0.0477,0.75,0.0,1500.0,0.0,6.3
830.5,2026-05-05T22:23:35.584414+00:00,73.2596,0.1734,96.3517,-0.0444,0.75,0.0,1500.0,0.0,6.3
831.0,2026-05-05T22:23:36.084547+00:00,73.1301,0.0697,96.386,-0.0264,0.75,0.0,1500.0,0.0,6.3
831.5,2026-05-05T22:23:36.584356+00:00,73.2851,0.1172,96.2967,0.0106,0.75,0.0,1500.0,0.0,6.3
832.0,2026-05-05T22:23:37.084429+00:00,73.277,0.0901,96.2049,0.0004,0.75,0.0,1500.0,0.0,6.3512
832.5,2026-05-05T22:23:37.590871+00:00,73.0162,-0.1217,96.3889,-0.0768,0.75,0.0,1500.0,0.0,6.325
833.0,2026-05-05T22:23:38.084362+00:00,73.0703,-0.0299,96.2989,-0.0128,0.75,0.0,1500.0,0.0,6.3634
833.5,2026-05-05T22:23:38.584347+00:00,72.8573,-0.2139,96.2297,-0.0407,0.75,0.0,1500.0,0.0,6.3821
834.0,2026-05-05T22:23:39.084500+00:00,72.6937,-0.2917,96.3154,-0.0235,0.75,0.0,1500.0,0.0,6.3913
834.5,2026-05-05T22:23:39.584364+00:00,72.8224,-0.0969,96.335,0.0128,0.75,0.0,1500.0,0.0,6.3957
835.0,2026-05-05T22:23:40.090127+00:00,72.7941,-0.1381,96.35,0.0484,0.75,0.0,1500.0,0.0,6.3979
835.5,2026-05-05T22:23:40.584584+00:00,73.0268,0.0848,96.5004,0.0372,0.75,0.0,1500.0,0.0,6.3478
836.001721,2026-05-05T22:23:41.086118+00:00,72.9512,0.1288,96.3846,0.0286,0.75,0.0,1500.0,0.0,6.3233
836.5,2026-05-05T22:23:41.584411+00:00,72.8931,0.0353,96.5039,0.0914,0.75,0.0,1500.0,0.0,6.3114
837.0,2026-05-05T22:23:42.084324+00:00,72.9757,0.0908,96.6187,0.1011,0.75,0.0,1500.0,0.0,6.3056
837.5,2026-05-05T22:23:42.592281+00:00,72.9119,-0.0575,96.5681,0.0777,0.75,0.0,1500.0,0.0,6.3027
838.000157,2026-05-05T22:23:43.084739+00:00,72.9901,0.0195,96.7837,0.1446,0.75,0.0,1500.0,0.0,6.3013
838.5,2026-05-05T22:23:43.584490+00:00,73.1775,0.1422,97.0652,0.1882,0.75,0.0,1500.0,0.0,6.3006
839.000068,2026-05-05T22:23:44.084432+00:00,73.1943,0.1093,96.9344,0.1833,0.75,0.0,1500.0,0.0,6.3003
839.5,2026-05-05T22:23:44.584439+00:00,73.0799,0.084,97.181,0.2257,0.75,0.0,1500.0,0.0,6.3002
840.0,2026-05-05T22:23:45.090861+00:00,72.992,0.0009,97.0003,0.1272,0.75,0.0,1500.0,0.0,6.3001
840.5,2026-05-05T22:23:45.584366+00:00,73.0517,-0.0629,96.8845,0.1055,0.75,0.0,1500.0,0.0,6.3
841.0,2026-05-05T22:23:46.084657+00:00,73.2249,0.0153,96.6798,-0.0346,0.75,0.0,1500.0,0.0,6.3
841.5,2026-05-05T22:23:46.584382+00:00,73.1034,0.0117,96.6614,-0.1346,0.75,0.0,1500.0,0.0,6.3
842.0,2026-05-05T22:23:47.084338+00:00,73.2646,0.1363,96.6009,-0.1112,0.75,0.0,1500.0,0.0,6.3
842.5,2026-05-05T22:23:47.590198+00:00,73.3885,0.1684,96.6932,-0.1626,0.75,0.0,1500.0,0.0,6.2488
843.0,2026-05-05T22:23:48.084396+00:00,73.2292,0.0022,96.7642,-0.0787,0.75,0.0,1500.0,0.0,6.275
843.5,2026-05-05T22:23:48.584543+00:00,73.234,0.0653,96.9345,0.0167,0.75,0.0,1500.0,0.0,6.2878
844.0,2026-05-05T22:23:49.084795+00:00,73.2377,-0.0135,96.9496,0.0899,0.75,0.0,1500.0,0.0,6.2941
844.5,2026-05-05T22:23:49.584345+00:00,73.1133,-0.1376,96.9613,0.1,0.75,0.0,1500.0,0.0,6.2971
845.0,2026-05-05T22:23:50.092304+00:00,73.0176,-0.1058,96.9703,0.1231,0.75,0.0,1500.0,0.0,6.2986
845.5,2026-05-05T22:23:50.584510+00:00,72.9441,-0.1449,96.8614,0.0561,0.75,0.0,1500.0,0.0,6.2993
846.000184,2026-05-05T22:23:51.084551+00:00,73.1422,-0.0478,96.7778,0.0045,0.75,0.0,1500.0,0.0,6.2997
846.5,2026-05-05T22:23:51.584345+00:00,73.0399,-0.0367,96.8292,-0.0351,0.75,0.0,1500.0,0.0,6.2998
847.0,2026-05-05T22:23:52.084718+00:00,73.0885,0.0354,96.753,-0.0655,0.75,0.0,1500.0,0.0,6.2999
847.5,2026-05-05T22:23:52.590095+00:00,73.1259,0.0909,96.5556,-0.1352,0.75,0.0,1500.0,0.0,6.2488
848.0,2026-05-05T22:23:53.084767+00:00,72.9,-0.1211,96.6353,-0.1116,0.75,0.0,1500.0,0.0,6.275
848.5,2026-05-05T22:23:53.584822+00:00,72.8538,-0.0931,96.5809,-0.0935,0.75,0.0,1500.0,0.0,6.2878
849.0,2026-05-05T22:23:54.084337+00:00,72.8182,-0.1352,96.4233,-0.1182,0.75,0.0,1500.0,0.0,6.294
849.500174,2026-05-05T22:23:54.584522+00:00,72.7908,-0.1675,96.5568,-0.0908,0.75,0.0,1500.0,0.0,6.2971
850.0,2026-05-05T22:23:55.093687+00:00,72.8971,-0.0015,96.2891,-0.1546,0.75,0.0,1500.0,0.0,6.2986
850.500255,2026-05-05T22:23:55.584591+00:00,72.9787,0.0625,96.2222,-0.1112,0.75,0.0,1500.0,0.0,6.2993
851.0,2026-05-05T22:23:56.084351+00:00,73.1688,0.1753,96.2865,-0.1163,0.75,0.0,1500.0,0.0,6.2997
851.5,2026-05-05T22:23:56.584456+00:00,73.1876,0.1984,96.4284,-0.0508,0.75,0.0,1500.0,0.0,6.2998
852.0,2026-05-05T22:23:57.084367+00:00,73.202,0.1525,96.3293,-0.0313,0.75,0.0,1500.0,0.0,6.2999
852.5,2026-05-05T22:23:57.591567+00:00,73.3404,0.1808,96.3688,-0.0627,0.75,0.0,1500.0,0.0,6.3
853.0,2026-05-05T22:23:58.084344+00:00,73.4467,0.139,96.5149,0.0753,0.75,0.0,1500.0,0.0,6.3
853.5,2026-05-05T22:23:58.584366+00:00,73.4012,0.1068,96.4883,0.0887,0.75,0.0,1500.0,0.0,6.3
854.0,2026-05-05T22:23:59.084352+00:00,73.1117,-0.0452,96.4679,0.0605,0.75,0.0,1500.0,0.0,6.3
854.5,2026-05-05T22:23:59.584543+00:00,73.1437,-0.0984,96.4753,0.0156,0.75,0.0,1500.0,0.0,6.3
855.0,2026-05-05T22:24:00.091504+00:00,73.1683,-0.1392,96.4579,0.0429,0.75,0.0,1500.0,0.0,6.3
855.500306,2026-05-05T22:24:00.585141+00:00,72.9327,-0.2343,96.5833,0.0715,0.75,0.0,1500.0,0.0,6.3
856.001945,2026-05-05T22:24:01.086350+00:00,73.0061,-0.0528,96.5409,0.0087,0.75,0.0,1500.0,0.0,6.3
856.5,2026-05-05T22:24:01.584355+00:00,73.0625,-0.0406,96.5314,0.0144,0.75,0.0,1500.0,0.0,6.3
857.0,2026-05-05T22:24:02.084744+00:00,72.8514,-0.1585,96.5242,0.0188,0.75,0.0,1500.0,0.0,6.3
857.5,2026-05-05T22:24:02.592701+00:00,72.8163,-0.0582,96.5186,0.0144,0.75,0.0,1500.0,0.0,6.3
858.0,2026-05-05T22:24:03.084371+00:00,72.7894,-0.1083,96.6068,0.0497,0.75,0.0,1500.0,0.0,6.3
858.5,2026-05-05T22:24:03.584379+00:00,73.0233,-0.0196,96.6978,0.0382,0.75,0.0,1500.0,0.0,6.3
859.0,2026-05-05T22:24:04.084355+00:00,73.0757,0.1122,96.8834,0.1142,0.75,0.0,1500.0,0.0,6.3
859.5,2026-05-05T22:24:04.584424+00:00,72.7343,-0.041,96.7947,0.0878,0.75,0.0,1500.0,0.0,6.3
860.0,2026-05-05T22:24:05.090892+00:00,72.7263,-0.0315,96.9579,0.1446,0.75,0.0,1500.0,0.0,6.3
860.5,2026-05-05T22:24:05.584721+00:00,72.3384,-0.3424,96.9677,0.1497,0.75,0.0,1500.0,0.0,6.3
861.0,2026-05-05T22:24:06.084323+00:00,72.4221,-0.3268,97.0908,0.1613,0.75,0.0,1500.0,0.0,6.3
861.5,2026-05-05T22:24:06.584694+00:00,72.4864,-0.1239,97.0698,0.124,0.75,0.0,1500.0,0.0,6.3
862.0,2026-05-05T22:24:07.084347+00:00,72.5358,-0.0952,97.1694,0.0953,0.75,0.0,1500.0,0.0,6.3
862.5,2026-05-05T22:24:07.590403+00:00,72.5738,0.1177,97.2459,0.1504,0.75,0.0,1500.0,0.0,6.2488
863.0,2026-05-05T22:24:08.084354+00:00,72.603,0.0905,97.4204,0.1542,0.75,0.0,1500.0,0.0,6.275
863.5,2026-05-05T22:24:08.584322+00:00,72.6255,0.0695,97.4388,0.157,0.75,0.0,1500.0,0.0,6.2878
864.0,2026-05-05T22:24:09.084549+00:00,72.6427,0.0534,97.453,0.1207,0.75,0.0,1500.0,0.0,6.294
864.5,2026-05-05T22:24:09.584313+00:00,72.7832,0.1047,97.2324,0.0542,0.75,0.0,1500.0,0.0,6.2971
865.0,2026-05-05T22:24:10.088704+00:00,73.0185,0.2077,97.4101,0.0802,0.75,0.0,1500.0,0.0,6.2986
865.5,2026-05-05T22:24:10.584691+00:00,73.1993,0.2869,97.3152,0.0231,0.75,0.0,1500.0,0.0,6.2481
866.0,2026-05-05T22:24:11.084351+00:00,73.2111,0.2842,97.1265,-0.0979,0.75,0.0,1500.0,0.0,6.2235
866.5,2026-05-05T22:24:11.584751+00:00,73.3473,0.2821,97.1898,-0.083,0.75,0.0,1500.0,0.0,6.2115
867.0,2026-05-05T22:24:12.084364+00:00,73.3248,0.1532,97.2616,-0.0638,0.75,0.0,1500.0,0.0,6.2056
867.5,2026-05-05T22:24:12.590222+00:00,73.3075,0.0541,97.0854,-0.049,0.75,0.0,1500.0,0.0,6.2027
868.0,2026-05-05T22:24:13.084493+00:00,73.0397,-0.0857,97.0656,-0.1148,0.75,0.0,1500.0,0.0,6.2525
868.500827,2026-05-05T22:24:13.585494+00:00,72.9611,-0.1931,97.0504,-0.0882,0.75,0.0,1500.0,0.0,6.2768
869.0,2026-05-05T22:24:14.084344+00:00,73.0279,-0.1484,97.0388,-0.0293,0.75,0.0,1500.0,0.0,6.2887
869.5,2026-05-05T22:24:14.584353+00:00,72.6975,-0.305,97.0298,-0.0533,0.75,0.0,1500.0,0.0,6.2945
870.000452,2026-05-05T22:24:15.090979+00:00,72.8253,-0.1072,96.9303,-0.1104,0.75,0.0,1500.0,0.0,6.2973
870.5,2026-05-05T22:24:15.584327+00:00,72.9236,-0.0187,97.0622,-0.0077,0.75,0.0,1500.0,0.0,6.2475
871.001025,2026-05-05T22:24:16.086184+00:00,73.1264,0.0492,97.0478,-0.0059,0.75,0.0,1500.0,0.0,6.2232
871.5,2026-05-05T22:24:16.584363+00:00,73.2823,0.2924,97.0367,-0.0046,0.75,0.0,1500.0,0.0,6.2113
872.0,2026-05-05T22:24:17.084506+00:00,73.1475,0.1611,97.0282,-0.0035,0.75,0.0,1500.0,0.0,6.2055
872.5,2026-05-05T22:24:17.591920+00:00,73.1712,0.1238,97.0217,-0.0027,0.75,0.0,1500.0,0.0,6.2027
873.000135,2026-05-05T22:24:18.084502+00:00,73.1895,0.0315,97.1324,0.0673,0.75,0.0,1500.0,0.0,6.2525
873.5,2026-05-05T22:24:18.584981+00:00,73.2035,-0.0394,97.1017,0.0132,0.75,0.0,1500.0,0.0,6.2768
874.0,2026-05-05T22:24:19.084328+00:00,72.8324,-0.1576,96.9394,-0.0361,0.75,0.0,1500.0,0.0,6.2887
874.5,2026-05-05T22:24:19.584533+00:00,72.8018,-0.1847,96.9534,-0.0278,0.75,0.0,1500.0,0.0,6.2945
875.0,2026-05-05T22:24:20.094526+00:00,72.7782,-0.2056,96.941,-0.0291,0.75,0.0,1500.0,0.0,6.2973
875.5,2026-05-05T22:24:20.584329+00:00,72.8874,-0.158,96.7233,-0.0995,0.75,0.0,1500.0,0.0,6.2987
876.0,2026-05-05T22:24:21.084373+00:00,73.0986,0.1331,96.7873,-0.115,0.75,0.0,1500.0,0.0,6.2994
876.5,2026-05-05T22:24:21.584835+00:00,73.2609,0.2295,96.8365,-0.0884,0.75,0.0,1500.0,0.0,6.2997
877.0,2026-05-05T22:24:22.084355+00:00,72.8766,0.0492,96.7587,-0.0602,0.75,0.0,1500.0,0.0,6.2998
877.5,2026-05-05T22:24:22.591005+00:00,73.0902,0.1014,96.8145,-0.0463,0.75,0.0,1500.0,0.0,6.2999
878.0,2026-05-05T22:24:23.084877+00:00,73.1272,0.0143,96.7417,-0.0664,0.75,0.0,1500.0,0.0,6.3
878.5,2026-05-05T22:24:23.584354+00:00,73.1556,-0.0526,96.6858,-0.0125,0.75,0.0,1500.0,0.0,6.3
879.0,2026-05-05T22:24:24.084336+00:00,73.1775,0.1505,96.6659,-0.0405,0.75,0.0,1500.0,0.0,6.3
879.5,2026-05-05T22:24:24.584426+00:00,73.067,-0.0116,96.6275,-0.0697,0.75,0.0,1500.0,0.0,6.3
880.0,2026-05-05T22:24:25.088771+00:00,72.9821,-0.0726,96.5055,-0.0844,0.75,0.0,1500.0,0.0,6.3
880.5,2026-05-05T22:24:25.584501+00:00,72.9168,-0.1194,96.5968,-0.0726,0.75,0.0,1500.0,0.0,6.3
881.0,2026-05-05T22:24:26.084310+00:00,72.8666,-0.1554,96.5744,-0.0558,0.75,0.0,1500.0,0.0,6.3
881.500278,2026-05-05T22:24:26.584622+00:00,72.9553,-0.0558,96.4183,-0.0892,0.75,0.0,1500.0,0.0,6.3
882.0,2026-05-05T22:24:27.084331+00:00,73.0235,0.0207,96.5529,-0.0377,0.75,0.0,1500.0,0.0,6.3
882.500516,2026-05-05T22:24:27.593190+00:00,72.9487,0.0159,96.5175,-0.0367,0.75,0.0,1500.0,0.0,6.3
883.0,2026-05-05T22:24:28.084350+00:00,72.8911,0.0122,96.5366,0.0104,0.75,0.0,1500.0,0.0,6.3
883.5,2026-05-05T22:24:28.584498+00:00,72.9742,0.0094,96.3893,-0.0692,0.75,0.0,1500.0,0.0,6.3
884.0,2026-05-05T22:24:29.084453+00:00,72.9107,-0.0564,96.3918,-0.0609,0.75,0.0,1500.0,0.0,6.3
884.5,2026-05-05T22:24:29.584381+00:00,72.862,-0.0433,96.4168,-0.0005,0.75,0.0,1500.0,0.0,6.3
885.0,2026-05-05T22:24:30.089713+00:00,72.6972,-0.097,96.5518,-0.0004,0.75,0.0,1500.0,0.0,6.3
885.5,2026-05-05T22:24:30.585273+00:00,72.8251,-0.0745,96.6555,0.046,0.75,0.0,1500.0,0.0,6.3
886.0,2026-05-05T22:24:31.084359+00:00,72.7962,-0.0573,96.6195,0.0276,0.75,0.0,1500.0,0.0,6.3
886.5,2026-05-05T22:24:31.584675+00:00,72.7739,-0.044,96.7076,0.1061,0.75,0.0,1500.0,0.0,6.3
887.001015,2026-05-05T22:24:32.085360+00:00,73.0114,0.1571,96.8909,0.1664,0.75,0.0,1500.0,0.0,6.3
887.500137,2026-05-05T22:24:32.588911+00:00,73.0666,0.1207,96.9162,0.1664,0.75,0.0,1500.0,0.0,6.3
888.0,2026-05-05T22:24:33.084562+00:00,73.109,0.1564,97.0513,0.1665,0.75,0.0,1500.0,0.0,6.3
888.5,2026-05-05T22:24:33.584352+00:00,73.1416,0.1839,96.808,0.0508,0.75,0.0,1500.0,0.0,6.3
889.0,2026-05-05T22:24:34.084557+00:00,73.0394,0.014,96.5979,-0.0072,0.75,0.0,1500.0,0.0,6.3
889.5,2026-05-05T22:24:34.584783+00:00,73.0882,0.0108,96.8066,0.033,0.75,0.0,1500.0,0.0,6.3
890.0,2026-05-05T22:24:35.091796+00:00,72.9983,-0.0553,96.7125,-0.0595,0.75,0.0,1500.0,0.0,6.3
890.5,2026-05-05T22:24:35.584350+00:00,72.802,-0.1698,96.8948,-0.0071,0.75,0.0,1500.0,0.0,6.3
891.0,2026-05-05T22:24:36.084902+00:00,72.9057,-0.0669,97.0348,-0.0055,0.75,0.0,1500.0,0.0,6.3
891.5,2026-05-05T22:24:36.584361+00:00,72.9854,-0.0514,96.7954,-0.0042,0.75,0.0,1500.0,0.0,6.3
892.0,2026-05-05T22:24:37.084347+00:00,72.9193,-0.0395,96.9584,0.1202,0.75,0.0,1500.0,0.0,6.3
892.5,2026-05-05T22:24:37.590183+00:00,72.8686,0.0333,97.0837,0.0924,0.75,0.0,1500.0,0.0,6.3
893.0,2026-05-05T22:24:38.084306+00:00,72.9568,0.0256,97.1801,0.1558,0.75,0.0,1500.0,0.0,6.3
893.500244,2026-05-05T22:24:38.584576+00:00,73.0247,0.0197,97.2541,0.1198,0.75,0.0,1500.0,0.0,6.3
894.0,2026-05-05T22:24:39.084325+00:00,73.2041,0.1424,97.0796,0.0149,0.75,0.0,1500.0,0.0,6.3
894.5,2026-05-05T22:24:39.584338+00:00,73.2147,0.1731,97.0612,0.0886,0.75,0.0,1500.0,0.0,6.3
895.0,2026-05-05T22:24:40.095145+00:00,73.0956,0.0694,97.047,0.0295,0.75,0.0,1500.0,0.0,6.3
895.502859,2026-05-05T22:24:40.587235+00:00,73.1313,0.0533,96.9436,-0.0467,0.75,0.0,1500.0,0.0,6.2488
896.0,2026-05-05T22:24:41.084354+00:00,73.1588,-0.0226,96.8409,-0.113,0.75,0.0,1500.0,0.0,6.2238
896.502233,2026-05-05T22:24:41.586762+00:00,73.3072,0.0462,96.8777,-0.1254,0.75,0.0,1500.0,0.0,6.2628
897.0,2026-05-05T22:24:42.084384+00:00,73.0394,-0.0281,96.906,-0.0579,0.75,0.0,1500.0,0.0,6.2819
897.5,2026-05-05T22:24:42.590572+00:00,73.0881,-0.0216,96.9278,-0.0445,0.75,0.0,1500.0,0.0,6.2399
898.000228,2026-05-05T22:24:43.085210+00:00,73.2529,0.047,96.8288,-0.0727,0.75,0.0,1500.0,0.0,6.2707
898.500609,2026-05-05T22:24:43.584987+00:00,73.1249,-0.0911,96.8684,-0.0251,0.75,0.0,1500.0,0.0,6.2857
899.0,2026-05-05T22:24:44.084412+00:00,73.1539,0.0572,97.0146,0.0579,0.75,0.0,1500.0,0.0,6.293
899.500473,2026-05-05T22:24:44.584840+00:00,73.0488,-0.0196,96.8955,0.0059,0.75,0.0,1500.0,0.0,6.2966
900.0,2026-05-05T22:24:45.089478+00:00,73.0954,-0.0787,97.0354,0.0431,0.75,0.0,1500.0,0.0,6.2983
900.5,2026-05-05T22:24:45.584675+00:00,73.1312,0.0031,97.0272,0.0331,0.75,0.0,1500.0,0.0,6.2992
901.000477,2026-05-05T22:24:46.084800+00:00,73.0314,-0.0612,96.9052,0.0255,0.75,0.0,1500.0,0.0,6.2996
901.500223,2026-05-05T22:24:46.584623+00:00,73.2093,0.0802,97.1585,0.0967,0.75,0.0,1500.0,0.0,6.2998
902.0,2026-05-05T22:24:47.085180+00:00,73.2187,0.0616,97.0061,-0.0028,0.75,0.0,1500.0,0.0,6.2999
902.5,2026-05-05T22:24:47.590165+00:00,72.9714,-0.0799,97.2361,0.1135,0.75,0.0,1500.0,0.0,6.2488
903.0,2026-05-05T22:24:48.084441+00:00,73.0359,0.0022,97.1815,0.0487,0.75,0.0,1500.0,0.0,6.275
903.5,2026-05-05T22:24:48.584387+00:00,73.0854,-0.0619,97.0238,-0.0011,0.75,0.0,1500.0,0.0,6.2878
904.0,2026-05-05T22:24:49.084420+00:00,72.9962,-0.1112,96.8794,-0.0086,0.75,0.0,1500.0,0.0,6.294
904.5,2026-05-05T22:24:49.584332+00:00,72.9277,-0.0219,96.9073,-0.0837,0.75,0.0,1500.0,0.0,6.2971
905.0,2026-05-05T22:24:50.089583+00:00,72.875,-0.0804,96.9288,-0.0258,0.75,0.0,1500.0,0.0,6.2986
905.5,2026-05-05T22:24:50.584335+00:00,73.089,0.0018,96.9453,-0.097,0.75,0.0,1500.0,0.0,6.2993
906.0,2026-05-05T22:24:51.084557+00:00,73.1263,0.065,96.7034,-0.1594,0.75,0.0,1500.0,0.0,6.2997
906.500423,2026-05-05T22:24:51.585133+00:00,73.0276,0.05,96.5406,-0.1611,0.75,0.0,1500.0,0.0,6.2998
907.0,2026-05-05T22:24:52.084418+00:00,72.9518,0.0384,96.6238,-0.0852,0.75,0.0,1500.0,0.0,6.2999
907.5,2026-05-05T22:24:52.589502+00:00,73.0208,-0.0341,96.7108,-0.0655,0.75,0.0,1500.0,0.0,6.3
908.0,2026-05-05T22:24:53.084385+00:00,72.9466,-0.0899,96.4075,-0.1738,0.75,0.0,1500.0,0.0,6.3
908.5,2026-05-05T22:24:53.584361+00:00,72.7623,-0.1327,96.5446,-0.1335,0.75,0.0,1500.0,0.0,6.3
909.0,2026-05-05T22:24:54.084825+00:00,72.7478,-0.102,96.7426,0.0131,0.75,0.0,1500.0,0.0,6.3
909.5,2026-05-05T22:24:54.586349+00:00,72.864,-0.0784,96.5476,0.0023,0.75,0.0,1500.0,0.0,6.3
910.0,2026-05-05T22:24:55.090375+00:00,72.9534,0.0034,96.768,0.0481,0.75,0.0,1500.0,0.0,6.3
910.5,2026-05-05T22:24:55.584584+00:00,72.8947,0.0662,96.8217,0.0369,0.75,0.0,1500.0,0.0,6.3
911.0,2026-05-05T22:24:56.084355+00:00,72.9769,0.1145,96.7472,0.1132,0.75,0.0,1500.0,0.0,6.3
911.500075,2026-05-05T22:24:56.584861+00:00,73.1674,0.1517,96.69,0.0485,0.75,0.0,1500.0,0.0,6.3
912.00199,2026-05-05T22:24:57.086504+00:00,73.0592,0.0529,96.8775,0.045,0.75,0.0,1500.0,0.0,6.3
912.501051,2026-05-05T22:24:57.591548+00:00,73.2307,0.168,96.9058,0.1194,0.75,0.0,1500.0,0.0,6.3
913.0,2026-05-05T22:24:58.084594+00:00,73.2351,0.1291,96.5805,-0.0625,0.75,0.0,1500.0,0.0,6.3
913.5,2026-05-05T22:24:58.584452+00:00,73.3658,0.0992,96.5387,-0.0943,0.75,0.0,1500.0,0.0,6.3
914.0,2026-05-05T22:24:59.084357+00:00,73.2118,0.0763,96.5298,-0.0725,0.75,0.0,1500.0,0.0,6.3
914.5,2026-05-05T22:24:59.584348+00:00,73.2206,-0.005,96.6386,-0.0171,0.75,0.0,1500.0,0.0,6.3
915.0,2026-05-05T22:25:00.193442+00:00,73.2274,-0.0039,96.352,-0.1752,0.75,0.0,1500.0,0.0,6.3
915.5,2026-05-05T22:25:00.584358+00:00,73.2326,-0.0666,96.1317,-0.258,0.75,0.0,1500.0,0.0,6.3
916.0,2026-05-05T22:25:01.084364+00:00,73.2367,0.0124,95.9624,-0.206,0.75,0.0,1500.0,0.0,6.3
916.5,2026-05-05T22:25:01.584393+00:00,73.367,0.0732,96.0868,-0.1507,0.75,0.0,1500.0,0.0,6.3
917.0,2026-05-05T22:25:02.084669+00:00,73.2127,-0.0074,95.9279,-0.2006,0.75,0.0,1500.0,0.0,6.3
917.5,2026-05-05T22:25:02.591873+00:00,73.3486,0.058,96.0603,-0.1928,0.75,0.0,1500.0,0.0,6.3
918.0,2026-05-05T22:25:03.084454+00:00,73.0712,-0.0827,96.2777,-0.0248,0.75,0.0,1500.0,0.0,6.3512
918.5,2026-05-05T22:25:03.584400+00:00,73.1126,-0.1272,96.4448,0.1044,0.75,0.0,1500.0,0.0,6.325
919.0,2026-05-05T22:25:04.084370+00:00,73.1444,-0.0341,96.5733,0.2036,0.75,0.0,1500.0,0.0,6.3122
919.5,2026-05-05T22:25:04.584367+00:00,73.1688,-0.0899,96.672,0.1951,0.75,0.0,1500.0,0.0,6.306
920.0008,2026-05-05T22:25:05.089718+00:00,73.1876,0.0582,96.7479,0.2734,0.75,0.0,1500.0,0.0,6.3029
920.5,2026-05-05T22:25:05.584567+00:00,73.202,0.0447,96.5749,0.1715,0.75,0.0,1500.0,0.0,6.3014
921.0,2026-05-05T22:25:06.084582+00:00,73.2131,0.0344,96.5344,0.0856,0.75,0.0,1500.0,0.0,6.3007
921.5,2026-05-05T22:25:06.584354+00:00,73.2217,0.0264,96.4107,-0.0114,0.75,0.0,1500.0,0.0,6.3003
922.0,2026-05-05T22:25:07.084391+00:00,73.101,-0.0433,96.4314,-0.0473,0.75,0.0,1500.0,0.0,6.3002
922.5,2026-05-05T22:25:07.595649+00:00,73.1354,-0.0333,96.563,-0.0364,0.75,0.0,1500.0,0.0,6.3001
923.0,2026-05-05T22:25:08.084341+00:00,73.162,-0.0256,96.6641,-0.0279,0.75,0.0,1500.0,0.0,6.3512
923.5,2026-05-05T22:25:08.584372+00:00,73.0551,-0.0833,96.3947,-0.06,0.75,0.0,1500.0,0.0,6.325
924.0,2026-05-05T22:25:09.084725+00:00,73.1002,-0.0004,96.2802,-0.0847,0.75,0.0,1500.0,0.0,6.3122
924.501336,2026-05-05T22:25:09.585670+00:00,73.1348,-0.0003,96.0766,-0.1114,0.75,0.0,1500.0,0.0,6.306
925.0,2026-05-05T22:25:10.090714+00:00,73.1615,-0.0002,96.4059,-0.0085,0.75,0.0,1500.0,0.0,6.3029
925.5,2026-05-05T22:25:10.584572+00:00,73.182,0.0635,96.4277,-0.0451,0.75,0.0,1500.0,0.0,6.3014
926.000506,2026-05-05T22:25:11.084827+00:00,73.0704,-0.0149,96.3287,-0.1118,0.75,0.0,1500.0,0.0,6.3007
926.5,2026-05-05T22:25:11.584360+00:00,73.112,-0.0114,96.137,-0.0859,0.75,0.0,1500.0,0.0,6.3003
927.0,2026-05-05T22:25:12.084474+00:00,73.2712,0.0549,96.221,-0.0198,0.75,0.0,1500.0,0.0,6.3002
927.5,2026-05-05T22:25:12.589632+00:00,73.6481,0.2331,96.1698,0.0311,0.75,0.0,1500.0,0.0,6.3001
928.0,2026-05-05T22:25:13.084496+00:00,73.556,0.2428,96.2231,-0.0609,0.75,0.0,1500.0,0.0,6.3512
928.5,2026-05-05T22:25:13.584467+00:00,73.6124,0.2502,96.2872,-0.0468,0.75,0.0,1500.0,0.0,6.325
929.0,2026-05-05T22:25:14.084397+00:00,73.5286,0.1287,96.1976,-0.0437,0.75,0.0,1500.0,0.0,6.3122
929.5,2026-05-05T22:25:14.584358+00:00,73.4641,-0.092,96.499,0.1207,0.75,0.0,1500.0,0.0,6.306
930.0,2026-05-05T22:25:15.089469+00:00,73.4146,-0.0707,96.7306,0.1699,0.75,0.0,1500.0,0.0,6.3029
930.500267,2026-05-05T22:25:15.584605+00:00,73.2492,-0.1816,96.6772,0.1691,0.75,0.0,1500.0,0.0,6.3014
931.0,2026-05-05T22:25:16.084326+00:00,73.2494,-0.1396,96.4974,0.0914,0.75,0.0,1500.0,0.0,6.3007
931.500123,2026-05-05T22:25:16.584676+00:00,73.3768,-0.0437,96.5906,0.1011,0.75,0.0,1500.0,0.0,6.3003
932.0,2026-05-05T22:25:17.084326+00:00,73.0929,-0.1608,96.4539,0.0854,0.75,0.0,1500.0,0.0,6.3002
932.5,2026-05-05T22:25:17.589454+00:00,73.002,-0.1236,96.696,0.0657,0.75,0.0,1500.0,0.0,6.3001
933.0,2026-05-05T22:25:18.084444+00:00,72.9321,-0.1586,96.7663,0.0119,0.75,0.0,1500.0,0.0,6.3
933.5,2026-05-05T22:25:18.584352+00:00,73.0057,-0.1856,96.8204,0.0477,0.75,0.0,1500.0,0.0,6.3
934.0,2026-05-05T22:25:19.084830+00:00,73.0622,-0.0154,96.862,0.1215,0.75,0.0,1500.0,0.0,6.3
934.5,2026-05-05T22:25:19.584365+00:00,73.1057,0.0518,96.8939,0.1011,0.75,0.0,1500.0,0.0,6.3
935.0,2026-05-05T22:25:20.090487+00:00,72.8845,-0.0238,96.9184,0.1549,0.75,0.0,1500.0,0.0,6.3
935.5,2026-05-05T22:25:20.584497+00:00,72.8418,-0.0819,97.053,0.119,0.75,0.0,1500.0,0.0,6.3
936.001226,2026-05-05T22:25:21.085604+00:00,72.809,-0.1266,96.8094,0.0143,0.75,0.0,1500.0,0.0,6.3
936.5,2026-05-05T22:25:21.584326+00:00,72.9111,-0.0973,96.8535,0.011,0.75,0.0,1500.0,0.0,6.3
937.0,2026-05-05T22:25:22.084407+00:00,73.1168,0.1161,97.0031,0.047,0.75,0.0,1500.0,0.0,6.3
937.5,2026-05-05T22:25:22.589862+00:00,73.2749,0.2165,96.771,-0.041,0.75,0.0,1500.0,0.0,6.3
938.0,2026-05-05T22:25:23.084547+00:00,73.2691,0.23,96.6851,-0.0778,0.75,0.0,1500.0,0.0,6.3
938.5,2026-05-05T22:25:23.584341+00:00,73.2647,0.1768,96.8737,-0.0598,0.75,0.0,1500.0,0.0,6.3
939.0,2026-05-05T22:25:24.084316+00:00,73.0067,-0.055,96.7872,-0.0074,0.75,0.0,1500.0,0.0,6.3
939.5,2026-05-05T22:25:24.584489+00:00,73.1903,-0.0423,96.6051,-0.0828,0.75,0.0,1500.0,0.0,6.3
940.0,2026-05-05T22:25:25.190833+00:00,73.0768,-0.0961,96.6039,-0.1331,0.75,0.0,1500.0,0.0,6.3
940.5,2026-05-05T22:25:25.584380+00:00,72.9896,-0.1375,96.441,-0.11,0.75,0.0,1500.0,0.0,6.3
941.0,2026-05-05T22:25:26.084319+00:00,72.9226,-0.0421,96.5704,-0.0383,0.75,0.0,1500.0,0.0,6.3
941.5,2026-05-05T22:25:26.584584+00:00,72.9984,-0.096,96.6698,-0.068,0.75,0.0,1500.0,0.0,6.3
942.000606,2026-05-05T22:25:27.084929+00:00,73.0566,-0.0101,96.5148,-0.0908,0.75,0.0,1500.0,0.0,6.3
942.5,2026-05-05T22:25:27.590796+00:00,73.2286,0.1195,96.5114,-0.0312,0.75,0.0,1500.0,0.0,6.3
943.0,2026-05-05T22:25:28.084481+00:00,73.1063,0.0918,96.7401,0.0454,0.75,0.0,1500.0,0.0,6.3
943.5,2026-05-05T22:25:28.584382+00:00,73.2668,0.1342,96.8003,0.1198,0.75,0.0,1500.0,0.0,6.3
944.0,2026-05-05T22:25:29.084641+00:00,73.3902,0.1668,96.8465,0.092,0.75,0.0,1500.0,0.0,6.3
944.5,2026-05-05T22:25:29.585237+00:00,73.485,0.1282,96.7663,0.0322,0.75,0.0,1500.0,0.0,6.3
945.0,2026-05-05T22:25:30.091015+00:00,73.4306,0.1622,96.8204,0.1019,0.75,0.0,1500.0,0.0,6.3
945.5,2026-05-05T22:25:30.584577+00:00,73.3888,0.061,96.8619,0.1169,0.75,0.0,1500.0,0.0,6.3
946.0,2026-05-05T22:25:31.084361+00:00,73.2294,-0.0804,97.0096,0.0898,0.75,0.0,1500.0,0.0,6.3
946.5,2026-05-05T22:25:31.584419+00:00,73.3615,-0.0618,96.9842,0.0613,0.75,0.0,1500.0,0.0,6.3
947.0,2026-05-05T22:25:32.084540+00:00,73.3357,-0.0475,97.1036,0.0857,0.75,0.0,1500.0,0.0,6.3
947.5,2026-05-05T22:25:32.590916+00:00,73.3159,-0.0365,96.9639,0.0659,0.75,0.0,1500.0,0.0,6.3
948.0,2026-05-05T22:25:33.084319+00:00,73.3006,0.0356,96.9723,0.0506,0.75,0.0,1500.0,0.0,6.3
948.5,2026-05-05T22:25:33.584597+00:00,73.2889,-0.0363,97.2101,0.116,0.75,0.0,1500.0,0.0,6.3
949.0,2026-05-05T22:25:34.084372+00:00,73.4072,0.0357,97.0458,0.0121,0.75,0.0,1500.0,0.0,6.3
949.5,2026-05-05T22:25:34.584848+00:00,73.3708,0.0275,97.0352,0.017,0.75,0.0,1500.0,0.0,6.3
950.0,2026-05-05T22:25:35.090851+00:00,73.3428,0.0211,97.1427,0.0131,0.75,0.0,1500.0,0.0,6.3
950.5,2026-05-05T22:25:35.584641+00:00,73.3214,0.0162,97.1097,0.0486,0.75,0.0,1500.0,0.0,6.3
951.0,2026-05-05T22:25:36.084338+00:00,73.1776,-0.1148,97.0843,0.0374,0.75,0.0,1500.0,0.0,6.3
951.501495,2026-05-05T22:25:36.585833+00:00,73.1943,-0.0882,96.9491,-0.087,0.75,0.0,1500.0,0.0,6.3
952.0,2026-05-05T22:25:37.084352+00:00,73.3345,-0.0042,97.1923,0.0488,0.75,0.0,1500.0,0.0,6.3
952.5,2026-05-05T22:25:37.592367+00:00,73.3149,-0.0032,97.2635,0.0761,0.75,0.0,1500.0,0.0,6.3
953.0,2026-05-05T22:25:38.084382+00:00,73.2999,0.0612,97.2025,0.0199,0.75,0.0,1500.0,0.0,6.3
953.500994,2026-05-05T22:25:38.585881+00:00,73.4156,0.1106,97.1557,0.0153,0.75,0.0,1500.0,0.0,6.3
954.001578,2026-05-05T22:25:39.085968+00:00,73.5046,0.085,97.1196,0.0118,0.75,0.0,1500.0,0.0,6.3
954.5,2026-05-05T22:25:39.584464+00:00,73.3184,0.0017,97.2077,0.0862,0.75,0.0,1500.0,0.0,6.3
955.0,2026-05-05T22:25:40.090738+00:00,73.4298,0.065,97.2753,0.0277,0.75,0.0,1500.0,0.0,6.3
955.5,2026-05-05T22:25:40.584353+00:00,73.3882,-0.0137,97.0959,-0.0559,0.75,0.0,1500.0,0.0,6.3
956.0,2026-05-05T22:25:41.084403+00:00,73.3562,-0.0742,97.1663,-0.0121,0.75,0.0,1500.0,0.0,6.3
956.500206,2026-05-05T22:25:41.584554+00:00,73.3317,0.0066,97.2435,0.0293,0.75,0.0,1500.0,0.0,6.3
957.0,2026-05-05T22:25:42.084349+00:00,73.3128,-0.0585,97.1871,0.0225,0.75,0.0,1500.0,0.0,6.3
957.5,2026-05-05T22:25:42.590827+00:00,73.2982,-0.045,97.3752,0.0559,0.75,0.0,1500.0,0.0,6.2488
958.001769,2026-05-05T22:25:43.086132+00:00,73.4143,0.0291,97.4041,0.0429,0.75,0.0,1500.0,0.0,6.275
958.5,2026-05-05T22:25:43.584307+00:00,73.5036,0.086,97.4263,0.1101,0.75,0.0,1500.0,0.0,6.2878
959.0,2026-05-05T22:25:44.084515+00:00,73.3176,0.0024,97.5591,0.1309,0.75,0.0,1500.0,0.0,6.294
959.5,2026-05-05T22:25:44.584350+00:00,73.1747,-0.0618,97.314,0.0235,0.75,0.0,1500.0,0.0,6.2971
960.0,2026-05-05T22:25:45.090220+00:00,73.3194,-0.0475,97.2413,0.0181,0.75,0.0,1500.0,0.0,6.2986
960.501569,2026-05-05T22:25:45.585938+00:00,73.0488,-0.2274,97.3012,-0.0247,0.75,0.0,1500.0,0.0,6.2993
961.0,2026-05-05T22:25:46.084504+00:00,72.9681,-0.1748,97.2315,-0.0575,0.75,0.0,1500.0,0.0,6.2997
961.5,2026-05-05T22:25:46.584339+00:00,73.1606,-0.0071,97.1779,-0.0828,0.75,0.0,1500.0,0.0,6.2998
962.0,2026-05-05T22:25:47.084355+00:00,73.1813,-0.0691,97.0442,-0.1716,0.75,0.0,1500.0,0.0,6.2999
962.5,2026-05-05T22:25:47.589211+00:00,72.9426,-0.0531,96.9183,-0.1319,0.75,0.0,1500.0,0.0,6.3
963.0,2026-05-05T22:25:48.084394+00:00,73.0138,0.0228,96.914,-0.1091,0.75,0.0,1500.0,0.0,6.3
963.5,2026-05-05T22:25:48.584494+00:00,73.1957,0.0176,96.7951,-0.1687,0.75,0.0,1500.0,0.0,6.3
964.0,2026-05-05T22:25:49.084399+00:00,73.2083,0.0135,96.7037,-0.1759,0.75,0.0,1500.0,0.0,6.3
964.5,2026-05-05T22:25:49.584483+00:00,73.0907,0.074,96.7722,-0.1352,0.75,0.0,1500.0,0.0,6.3
965.0,2026-05-05T22:25:50.093624+00:00,73.1275,0.0569,96.4547,-0.1965,0.75,0.0,1500.0,0.0,6.3
965.5,2026-05-05T22:25:50.584377+00:00,73.1559,-0.0199,96.3495,-0.1896,0.75,0.0,1500.0,0.0,6.3
966.0,2026-05-05T22:25:51.084465+00:00,73.1776,-0.0153,96.5,-0.138,0.75,0.0,1500.0,0.0,6.3
966.501679,2026-05-05T22:25:51.586142+00:00,73.1944,0.0519,96.5,-0.0984,0.75,0.0,1500.0,0.0,6.2488
967.0,2026-05-05T22:25:52.084619+00:00,73.08,-0.0238,96.3843,-0.1065,0.75,0.0,1500.0,0.0,6.2238
967.5,2026-05-05T22:25:52.595051+00:00,72.9921,-0.0819,96.4342,-0.1127,0.75,0.0,1500.0,0.0,6.2116
968.0,2026-05-05T22:25:53.084373+00:00,72.9245,-0.1266,96.5651,0.0368,0.75,0.0,1500.0,0.0,6.2569
968.5,2026-05-05T22:25:53.584478+00:00,72.9998,-0.0973,96.4112,0.0206,0.75,0.0,1500.0,0.0,6.2278
969.0,2026-05-05T22:25:54.084539+00:00,72.9304,-0.0748,96.5475,0.0158,0.75,0.0,1500.0,0.0,6.2135
969.5,2026-05-05T22:25:54.584397+00:00,73.2589,0.1334,96.5365,0.0122,0.75,0.0,1500.0,0.0,6.2066
970.0,2026-05-05T22:25:55.089723+00:00,73.3841,0.2298,96.8751,0.1636,0.75,0.0,1500.0,0.0,6.2032
970.5,2026-05-05T22:25:55.584629+00:00,73.6076,0.3039,96.904,0.1566,0.75,0.0,1500.0,0.0,6.2528
971.0,2026-05-05T22:25:56.084731+00:00,73.5249,0.2972,96.8105,0.0818,0.75,0.0,1500.0,0.0,6.277
971.5,2026-05-05T22:25:56.584339+00:00,73.5885,0.1648,96.8544,0.1477,0.75,0.0,1500.0,0.0,6.2888
972.0,2026-05-05T22:25:57.084477+00:00,73.3829,-0.0006,97.0038,0.1521,0.75,0.0,1500.0,0.0,6.2945
972.5,2026-05-05T22:25:57.588911+00:00,73.2249,-0.1914,96.8872,0.1169,0.75,0.0,1500.0,0.0,6.2461
973.0,2026-05-05T22:25:58.084481+00:00,73.2307,-0.1471,97.029,0.0513,0.75,0.0,1500.0,0.0,6.2737
973.501749,2026-05-05T22:25:58.586188+00:00,73.2352,-0.1767,97.0223,0.0394,0.75,0.0,1500.0,0.0,6.2872
974.0,2026-05-05T22:25:59.084346+00:00,73.3659,-0.0085,97.0171,0.0689,0.75,0.0,1500.0,0.0,6.2937
974.5,2026-05-05T22:25:59.584758+00:00,73.5936,0.1844,96.7586,-0.0319,0.75,0.0,1500.0,0.0,6.2969
975.0,2026-05-05T22:26:00.090194+00:00,73.5141,0.1417,96.6988,-0.1017,0.75,0.0,1500.0,0.0,6.2985
975.5,2026-05-05T22:26:00.584348+00:00,73.453,0.1089,96.6528,-0.0781,0.75,0.0,1500.0,0.0,6.2993
976.0,2026-05-05T22:26:01.084568+00:00,73.5333,0.0837,96.8488,-0.0601,0.75,0.0,1500.0,0.0,6.2996
976.5,2026-05-05T22:26:01.584362+00:00,73.595,0.0007,96.6524,-0.1233,0.75,0.0,1500.0,0.0,6.2998
977.0,2026-05-05T22:26:02.084426+00:00,73.3879,-0.0631,96.9642,-0.0176,0.75,0.0,1500.0,0.0,6.2999
977.5,2026-05-05T22:26:02.589698+00:00,73.356,-0.0485,97.0882,0.1099,0.75,0.0,1500.0,0.0,6.3
978.0,2026-05-05T22:26:03.084805+00:00,73.4587,-0.0373,96.8133,0.0382,0.75,0.0,1500.0,0.0,6.3
978.5,2026-05-05T22:26:03.584350+00:00,73.4104,-0.0923,96.7176,0.0216,0.75,0.0,1500.0,0.0,6.3
979.0,2026-05-05T22:26:04.084843+00:00,73.3733,-0.0073,96.8987,0.0166,0.75,0.0,1500.0,0.0,6.3
979.5,2026-05-05T22:26:04.584847+00:00,73.2175,-0.0692,96.9221,0.0899,0.75,0.0,1500.0,0.0,6.3
980.0,2026-05-05T22:26:05.092684+00:00,73.225,-0.1169,96.9401,-0.008,0.75,0.0,1500.0,0.0,6.3
980.5,2026-05-05T22:26:05.584381+00:00,73.2308,-0.0898,96.8383,-0.0833,0.75,0.0,1500.0,0.0,6.3
981.0,2026-05-05T22:26:06.084377+00:00,73.2352,-0.069,96.76,-0.0178,0.75,0.0,1500.0,0.0,6.3
981.5,2026-05-05T22:26:06.584515+00:00,73.1114,-0.0531,96.8155,0.0326,0.75,0.0,1500.0,0.0,6.3
982.000475,2026-05-05T22:26:07.084814+00:00,73.1435,-0.0408,96.7425,-0.052,0.75,0.0,1500.0,0.0,6.3
982.5,2026-05-05T22:26:07.595254+00:00,73.1681,-0.0313,96.8021,-0.04,0.75,0.0,1500.0,0.0,6.3
983.0,2026-05-05T22:26:08.084341+00:00,73.3143,0.0395,96.7322,-0.0693,0.75,0.0,1500.0,0.0,6.3
983.5,2026-05-05T22:26:08.584324+00:00,73.2994,0.094,96.4702,-0.1227,0.75,0.0,1500.0,0.0,6.3
984.0,2026-05-05T22:26:09.084464+00:00,73.288,0.0723,96.5928,-0.0557,0.75,0.0,1500.0,0.0,6.3
984.5,2026-05-05T22:26:09.584843+00:00,73.2792,0.0555,96.687,-0.0428,0.75,0.0,1500.0,0.0,6.3
985.0,2026-05-05T22:26:10.091214+00:00,73.2725,-0.0209,96.5049,-0.0792,0.75,0.0,1500.0,0.0,6.3
985.5,2026-05-05T22:26:10.584372+00:00,73.2673,-0.0161,96.5038,-0.0994,0.75,0.0,1500.0,0.0,6.3
986.0,2026-05-05T22:26:11.084422+00:00,73.3905,0.0513,96.6186,-0.0379,0.75,0.0,1500.0,0.0,6.3
986.5,2026-05-05T22:26:11.584360+00:00,73.2307,-0.0242,96.4755,0.0017,0.75,0.0,1500.0,0.0,6.3
987.000854,2026-05-05T22:26:12.085442+00:00,73.1079,-0.0823,96.5043,-0.0295,0.75,0.0,1500.0,0.0,6.3
987.5,2026-05-05T22:26:12.589924+00:00,73.2681,0.0004,96.2719,-0.1384,0.75,0.0,1500.0,0.0,6.3
988.0,2026-05-05T22:26:13.084388+00:00,73.1366,-0.127,96.209,-0.0986,0.75,0.0,1500.0,0.0,6.3
988.5,2026-05-05T22:26:13.584338+00:00,73.2901,0.0297,96.2532,-0.0835,0.75,0.0,1500.0,0.0,6.3
989.0,2026-05-05T22:26:14.084786+00:00,73.2808,0.0865,96.5417,-0.0256,0.75,0.0,1500.0,0.0,6.3
989.5,2026-05-05T22:26:14.584387+00:00,73.401,0.0665,96.6477,0.0574,0.75,0.0,1500.0,0.0,6.3
990.0,2026-05-05T22:26:15.090109+00:00,73.6206,0.242,96.7293,0.075,0.75,0.0,1500.0,0.0,6.3
990.5,2026-05-05T22:26:15.584907+00:00,73.6621,0.186,96.7919,0.1733,0.75,0.0,1500.0,0.0,6.3
991.0,2026-05-05T22:26:16.084361+00:00,73.8213,0.2702,96.3541,0.0484,0.75,0.0,1500.0,0.0,6.3
991.5,2026-05-05T22:26:16.584753+00:00,73.5618,0.0804,96.6193,0.122,0.75,0.0,1500.0,0.0,6.3
992.0,2026-05-05T22:26:17.084440+00:00,73.3624,-0.1291,96.5685,0.0089,0.75,0.0,1500.0,0.0,6.3
992.5,2026-05-05T22:26:17.588659+00:00,73.3364,-0.1629,96.5527,-0.0317,0.75,0.0,1500.0,0.0,6.3
993.0,2026-05-05T22:26:18.084641+00:00,73.4437,-0.1888,96.633,-0.0321,0.75,0.0,1500.0,0.0,6.3512
993.5,2026-05-05T22:26:18.584356+00:00,73.2716,-0.1451,96.8337,0.0139,0.75,0.0,1500.0,0.0,6.325
994.0,2026-05-05T22:26:19.084610+00:00,73.1393,-0.1115,96.6408,0.0955,0.75,0.0,1500.0,0.0,6.3122
994.5,2026-05-05T22:26:19.584357+00:00,73.1649,-0.0857,96.7007,0.0272,0.75,0.0,1500.0,0.0,6.306
995.0,2026-05-05T22:26:20.094816+00:00,73.3119,-0.0659,96.3997,-0.0563,0.75,0.0,1500.0,0.0,6.3029
995.5,2026-05-05T22:26:20.584346+00:00,73.2976,0.013,96.3072,-0.0818,0.75,0.0,1500.0,0.0,6.3014
996.0,2026-05-05T22:26:21.084661+00:00,73.2866,0.0736,96.375,-0.086,0.75,0.0,1500.0,0.0,6.3007
996.5,2026-05-05T22:26:21.584371+00:00,73.2781,0.0566,96.3808,-0.151,0.75,0.0,1500.0,0.0,6.3003
997.0,2026-05-05T22:26:22.084692+00:00,73.2716,-0.0201,96.3852,-0.0852,0.75,0.0,1500.0,0.0,6.3002
997.5,2026-05-05T22:26:22.593219+00:00,73.1393,-0.0791,96.3886,-0.104,0.75,0.0,1500.0,0.0,6.3001
998.0,2026-05-05T22:26:23.084381+00:00,72.9104,-0.1881,96.4144,0.0049,0.75,0.0,1500.0,0.0,6.3
998.5,2026-05-05T22:26:23.584342+00:00,72.989,-0.1446,96.4111,0.0346,0.75,0.0,1500.0,0.0,6.3
999.00001,2026-05-05T22:26:24.084423+00:00,73.1767,-0.0475,96.4317,0.0189,0.75,0.0,1500.0,0.0,6.3
999.501995,2026-05-05T22:26:24.586456+00:00,73.1936,0.0271,96.4475,0.0222,0.75,0.0,1500.0,0.0,6.3
1000.0,2026-05-05T22:26:25.089639+00:00,73.2067,0.1481,96.4365,0.0171,0.75,0.0,1500.0,0.0,6.3
1000.5,2026-05-05T22:26:25.584343+00:00,73.2167,0.1139,96.4512,0.0208,0.75,0.0,1500.0,0.0,6.3
1001.000048,2026-05-05T22:26:26.084524+00:00,73.3517,0.0875,96.3236,-0.0303,0.75,0.0,1500.0,0.0,6.3
1001.5,2026-05-05T22:26:26.584343+00:00,73.3281,0.0673,96.4801,0.023,0.75,0.0,1500.0,0.0,6.3
1002.0,2026-05-05T22:26:27.084389+00:00,73.4373,0.1153,96.6004,0.0563,0.75,0.0,1500.0,0.0,6.3
1002.500423,2026-05-05T22:26:27.590504+00:00,73.2667,0.025,96.5772,0.0432,0.75,0.0,1500.0,0.0,6.3
1003.0,2026-05-05T22:26:28.084321+00:00,73.2628,-0.0444,96.675,0.0795,0.75,0.0,1500.0,0.0,6.3
1003.5,2026-05-05T22:26:28.584564+00:00,73.0053,-0.1614,96.8428,0.1305,0.75,0.0,1500.0,0.0,6.3
1004.0,2026-05-05T22:26:29.084329+00:00,72.9347,-0.2513,96.5552,0.0772,0.75,0.0,1500.0,0.0,6.3
1004.50017,2026-05-05T22:26:29.584719+00:00,73.1349,-0.0659,96.4267,-0.0178,0.75,0.0,1500.0,0.0,6.3
1005.0,2026-05-05T22:26:30.090810+00:00,73.2888,0.013,96.5594,-0.0137,0.75,0.0,1500.0,0.0,6.3
1005.5,2026-05-05T22:26:30.584383+00:00,73.2798,0.1372,96.3142,-0.0877,0.75,0.0,1500.0,0.0,6.3
1006.0,2026-05-05T22:26:31.084360+00:00,73.0184,0.0419,96.4729,-0.0674,0.75,0.0,1500.0,0.0,6.3
1006.500189,2026-05-05T22:26:31.584561+00:00,73.072,-0.0315,96.5949,-0.0826,0.75,0.0,1500.0,0.0,6.3
1007.0,2026-05-05T22:26:32.084349+00:00,73.1132,-0.0878,96.4572,-0.0327,0.75,0.0,1500.0,0.0,6.3
1007.5,2026-05-05T22:26:32.591808+00:00,73.2721,-0.0039,96.606,0.0597,0.75,0.0,1500.0,0.0,6.2488
1008.0,2026-05-05T22:26:33.084480+00:00,73.1397,0.0607,96.5814,0.0074,0.75,0.0,1500.0,0.0,6.275
1008.5,2026-05-05T22:26:33.584351+00:00,73.1652,0.0466,96.5395,0.0751,0.75,0.0,1500.0,0.0,6.2878
1009.0,2026-05-05T22:26:34.084332+00:00,73.3121,0.0995,96.5303,0.0191,0.75,0.0,1500.0,0.0,6.294
1009.5,2026-05-05T22:26:34.584920+00:00,73.1705,-0.0508,96.6159,0.007,0.75,0.0,1500.0,0.0,6.2971
1010.0,2026-05-05T22:26:35.091171+00:00,73.0616,-0.0391,96.3577,-0.0332,0.75,0.0,1500.0,0.0,6.2986
1010.5,2026-05-05T22:26:35.584357+00:00,73.1052,-0.03,96.5063,-0.0332,0.75,0.0,1500.0,0.0,6.2993
1011.000001,2026-05-05T22:26:36.085485+00:00,73.266,-0.0231,96.6205,0.013,0.75,0.0,1500.0,0.0,6.2997
1011.5,2026-05-05T22:26:36.584439+00:00,73.3896,0.1095,96.5926,0.0177,0.75,0.0,1500.0,0.0,6.2998
1012.0,2026-05-05T22:26:37.084520+00:00,73.3573,0.1478,96.6869,0.0522,0.75,0.0,1500.0,0.0,6.2999
1012.5,2026-05-05T22:26:37.595710+00:00,73.2052,0.05,96.528,-0.0293,0.75,0.0,1500.0,0.0,6.3
1013.0,2026-05-05T22:26:38.084424+00:00,73.0883,-0.0889,96.6372,0.0932,0.75,0.0,1500.0,0.0,6.3
1013.5,2026-05-05T22:26:38.584807+00:00,72.8712,-0.2592,96.5823,0.0253,0.75,0.0,1500.0,0.0,6.3
1014.0,2026-05-05T22:26:39.084680+00:00,72.9588,-0.1992,96.4476,-0.0577,0.75,0.0,1500.0,0.0,6.3
1014.500505,2026-05-05T22:26:39.584872+00:00,72.8989,-0.1531,96.4366,-0.052,0.75,0.0,1500.0,0.0,6.3
1015.0,2026-05-05T22:26:40.091490+00:00,72.8529,-0.1177,96.4281,-0.0863,0.75,0.0,1500.0,0.0,6.3
1015.5,2026-05-05T22:26:40.584786+00:00,72.9448,0.0368,96.5604,0.0108,0.75,0.0,1500.0,0.0,6.3
1016.0,2026-05-05T22:26:41.084355+00:00,73.1427,0.0919,96.6621,0.0083,0.75,0.0,1500.0,0.0,6.3
1016.5,2026-05-05T22:26:41.584430+00:00,73.2948,0.1979,96.856,0.0912,0.75,0.0,1500.0,0.0,6.3
1017.0,2026-05-05T22:26:42.084386+00:00,73.2844,0.2158,96.8893,0.1473,0.75,0.0,1500.0,0.0,6.3
1017.5,2026-05-05T22:26:42.591950+00:00,73.2765,0.1658,96.9149,0.1595,0.75,0.0,1500.0,0.0,6.2488
1018.0,2026-05-05T22:26:43.084420+00:00,73.3976,0.1275,96.8189,0.1303,0.75,0.0,1500.0,0.0,6.275
1018.5,2026-05-05T22:26:43.584343+00:00,73.3634,0.0343,96.6294,0.023,0.75,0.0,1500.0,0.0,6.2878
1019.0,2026-05-05T22:26:44.084519+00:00,73.4645,0.09,96.7152,0.0177,0.75,0.0,1500.0,0.0,6.294
1019.5,2026-05-05T22:26:44.585033+00:00,73.4148,0.0692,96.6654,-0.0635,0.75,0.0,1500.0,0.0,6.2971
1020.000454,2026-05-05T22:26:45.093221+00:00,73.504,0.0532,96.7428,-0.0488,0.75,0.0,1500.0,0.0,6.2986
1020.5,2026-05-05T22:26:45.584332+00:00,73.3179,-0.0228,96.8023,-0.0375,0.75,0.0,1500.0,0.0,6.2993
1021.0,2026-05-05T22:26:46.084405+00:00,73.4295,-0.0175,96.6167,-0.0674,0.75,0.0,1500.0,0.0,6.2997
1021.5,2026-05-05T22:26:46.584368+00:00,73.5152,0.0502,96.5897,-0.0133,0.75,0.0,1500.0,0.0,6.2998
1022.0,2026-05-05T22:26:47.084811+00:00,73.7084,0.1022,96.8003,0.0284,0.75,0.0,1500.0,0.0,6.2999
1022.5,2026-05-05T22:26:47.590996+00:00,73.6023,0.1422,96.4763,-0.063,0.75,0.0,1500.0,0.0,6.3
1023.0,2026-05-05T22:26:48.084348+00:00,73.3935,-0.018,96.4818,-0.087,0.75,0.0,1500.0,0.0,6.3
1023.5,2026-05-05T22:26:48.584836+00:00,73.233,-0.1411,96.486,-0.1054,0.75,0.0,1500.0,0.0,6.3
1024.0,2026-05-05T22:26:49.084530+00:00,73.237,-0.2357,96.4892,-0.0425,0.75,0.0,1500.0,0.0,6.3
1024.5,2026-05-05T22:26:49.584353+00:00,73.24,-0.1812,96.6074,0.0059,0.75,0.0,1500.0,0.0,6.3
1025.0,2026-05-05T22:26:50.090496+00:00,73.3696,-0.012,96.814,0.0045,0.75,0.0,1500.0,0.0,6.3
1025.5,2026-05-05T22:26:50.584377+00:00,73.3419,0.0544,96.857,0.1269,0.75,0.0,1500.0,0.0,6.3
1026.0,2026-05-05T22:26:51.084351+00:00,73.4479,0.1055,96.8901,0.1361,0.75,0.0,1500.0,0.0,6.3
1026.5,2026-05-05T22:26:51.584796+00:00,73.4021,0.0811,96.8924,0.1355,0.75,0.0,1500.0,0.0,6.3
1027.000363,2026-05-05T22:26:52.084672+00:00,73.4942,0.0623,96.5702,0.027,0.75,0.0,1500.0,0.0,6.3
1027.5,2026-05-05T22:26:52.589278+00:00,73.4377,0.0479,96.4383,-0.0564,0.75,0.0,1500.0,0.0,6.2488
1028.0,2026-05-05T22:26:53.084356+00:00,73.267,-0.0905,96.4525,-0.1205,0.75,0.0,1500.0,0.0,6.3262
1028.5,2026-05-05T22:26:53.584402+00:00,73.2631,-0.0695,96.3478,-0.1697,0.75,0.0,1500.0,0.0,6.364
1029.0,2026-05-05T22:26:54.084372+00:00,73.26,-0.1171,96.383,-0.169,0.75,0.0,1500.0,0.0,6.3824
1029.5,2026-05-05T22:26:54.584380+00:00,73.385,-0.0263,96.5258,-0.1222,0.75,0.0,1500.0,0.0,6.3914
1030.000496,2026-05-05T22:26:55.089570+00:00,73.3537,0.0434,96.6355,0.0218,0.75,0.0,1500.0,0.0,6.3958
1030.5,2026-05-05T22:26:55.584546+00:00,73.457,0.097,96.6042,0.0553,0.75,0.0,1500.0,0.0,6.3468
1031.0,2026-05-05T22:26:56.084808+00:00,73.5364,0.1382,96.6726,0.0734,0.75,0.0,1500.0,0.0,6.3228
1031.5,2026-05-05T22:26:56.584335+00:00,73.4701,0.0426,96.517,0.0564,0.75,0.0,1500.0,0.0,6.3111
1032.0,2026-05-05T22:26:57.084347+00:00,73.2919,-0.0309,96.7445,0.1205,0.75,0.0,1500.0,0.0,6.3054
1032.500001,2026-05-05T22:26:57.597272+00:00,73.2822,-0.0874,96.9193,0.1312,0.75,0.0,1500.0,0.0,6.3027
1033.0,2026-05-05T22:26:58.084646+00:00,73.1475,-0.1944,96.938,0.1008,0.75,0.0,1500.0,0.0,6.3525
1033.5,2026-05-05T22:26:58.584412+00:00,72.9167,-0.2767,96.8598,0.0852,0.75,0.0,1500.0,0.0,6.3256
1034.001589,2026-05-05T22:26:59.085952+00:00,73.1211,-0.0854,96.8922,0.0732,0.75,0.0,1500.0,0.0,6.3125
1034.5,2026-05-05T22:26:59.584424+00:00,73.1509,-0.0657,96.9172,0.1334,0.75,0.0,1500.0,0.0,6.3061
1035.0,2026-05-05T22:27:00.091082+00:00,73.3011,0.0768,96.7049,-0.0132,0.75,0.0,1500.0,0.0,6.303
1035.501571,2026-05-05T22:27:00.585965+00:00,73.4165,0.2499,96.3104,-0.203,0.75,0.0,1500.0,0.0,6.3015
1036.0,2026-05-05T22:27:01.084359+00:00,73.5053,0.1921,96.47,-0.156,0.75,0.0,1500.0,0.0,6.3007
1036.5,2026-05-05T22:27:01.584345+00:00,73.5735,0.2113,96.5926,-0.089,0.75,0.0,1500.0,0.0,6.3003
1037.002111,2026-05-05T22:27:02.086602+00:00,73.6259,0.1624,96.4555,-0.1456,0.75,0.0,1500.0,0.0,6.3002
1037.5,2026-05-05T22:27:02.593309+00:00,73.4116,-0.0025,96.4658,-0.1505,0.75,0.0,1500.0,0.0,6.3001
1038.0,2026-05-05T22:27:03.084622+00:00,73.3742,-0.0655,96.5894,-0.0385,0.75,0.0,1500.0,0.0,6.3
1038.5,2026-05-05T22:27:03.584383+00:00,73.6,0.0133,96.453,0.0475,0.75,0.0,1500.0,0.0,6.3
1039.0,2026-05-05T22:27:04.084357+00:00,73.7736,0.0738,96.4407,-0.0097,0.75,0.0,1500.0,0.0,6.3
1039.5,2026-05-05T22:27:04.584389+00:00,73.7797,0.184,96.4313,-0.0538,0.75,0.0,1500.0,0.0,6.3
1040.001624,2026-05-05T22:27:05.093123+00:00,73.7844,0.2051,96.2158,-0.0799,0.75,0.0,1500.0,0.0,6.3
1040.5,2026-05-05T22:27:05.584663+00:00,73.6607,0.0304,96.2584,-0.0691,0.75,0.0,1500.0,0.0,6.3
1041.0,2026-05-05T22:27:06.084362+00:00,73.693,-0.0403,96.3143,-0.0917,0.75,0.0,1500.0,0.0,6.3
1041.501599,2026-05-05T22:27:06.585969+00:00,73.4632,-0.1583,96.3573,-0.0319,0.75,0.0,1500.0,0.0,6.3
1042.000802,2026-05-05T22:27:07.085135+00:00,73.4139,-0.1853,96.2746,-0.0554,0.75,0.0,1500.0,0.0,6.3
1042.5,2026-05-05T22:27:07.589055+00:00,73.6305,-0.0151,96.1879,-0.0811,0.75,0.0,1500.0,0.0,6.3
1043.0,2026-05-05T22:27:08.086974+00:00,73.5424,-0.0753,96.1444,-0.0238,0.75,0.0,1500.0,0.0,6.3
1043.5,2026-05-05T22:27:08.584434+00:00,73.602,0.0694,96.2267,-0.0106,0.75,0.0,1500.0,0.0,6.3
1044.0,2026-05-05T22:27:09.084729+00:00,73.5206,0.0534,96.29,-0.0081,0.75,0.0,1500.0,0.0,6.3
1044.5,2026-05-05T22:27:09.584837+00:00,73.458,-0.0863,96.1997,-0.0525,0.75,0.0,1500.0,0.0,6.3
1045.000381,2026-05-05T22:27:10.090995+00:00,73.4098,-0.0663,96.2692,-0.0018,0.75,0.0,1500.0,0.0,6.3
1045.500085,2026-05-05T22:27:10.584952+00:00,73.2456,-0.1782,96.3226,0.0449,0.75,0.0,1500.0,0.0,6.3
1046.0,2026-05-05T22:27:11.084513+00:00,73.2466,-0.137,96.248,0.0345,0.75,0.0,1500.0,0.0,6.3
1046.5,2026-05-05T22:27:11.584350+00:00,73.3747,-0.0417,96.422,0.0651,0.75,0.0,1500.0,0.0,6.3
1047.0,2026-05-05T22:27:12.084746+00:00,73.4731,0.0316,96.44,0.05,0.75,0.0,1500.0,0.0,6.3
1047.5,2026-05-05T22:27:12.591900+00:00,73.2942,0.0243,96.5696,0.1233,0.75,0.0,1500.0,0.0,6.2488
1048.0,2026-05-05T22:27:13.084488+00:00,73.284,0.0187,96.6692,0.1333,0.75,0.0,1500.0,0.0,6.275
1048.5,2026-05-05T22:27:13.584355+00:00,73.2761,-0.0493,96.8614,0.1796,0.75,0.0,1500.0,0.0,6.2878
1049.0,2026-05-05T22:27:14.084340+00:00,73.0155,-0.2288,96.7778,0.1766,0.75,0.0,1500.0,0.0,6.294
1049.5,2026-05-05T22:27:14.584407+00:00,73.0698,-0.1122,96.9449,0.1743,0.75,0.0,1500.0,0.0,6.2971
1050.0,2026-05-05T22:27:15.091668+00:00,73.1115,-0.0862,96.9577,0.1725,0.75,0.0,1500.0,0.0,6.2986
1050.500431,2026-05-05T22:27:15.584854+00:00,73.1435,-0.0663,96.8518,0.0941,0.75,0.0,1500.0,0.0,6.2993
1051.0,2026-05-05T22:27:16.084339+00:00,73.2954,0.14,96.8861,0.0723,0.75,0.0,1500.0,0.0,6.2997
1051.5,2026-05-05T22:27:16.584499+00:00,73.1577,0.0439,96.7967,-0.0216,0.75,0.0,1500.0,0.0,6.2998
1052.00051,2026-05-05T22:27:17.084855+00:00,73.3063,0.0974,96.3578,-0.14,0.75,0.0,1500.0,0.0,6.2999
1052.5,2026-05-05T22:27:17.589920+00:00,73.4205,0.1385,96.3907,-0.1847,0.75,0.0,1500.0,0.0,6.3
1053.0,2026-05-05T22:27:18.084463+00:00,73.3811,0.0428,96.416,-0.1806,0.75,0.0,1500.0,0.0,6.3
1053.500424,2026-05-05T22:27:18.585140+00:00,73.478,0.1602,96.3197,-0.1773,0.75,0.0,1500.0,0.0,6.3
1054.0,2026-05-05T22:27:19.084342+00:00,73.5525,0.1231,96.3383,-0.1826,0.75,0.0,1500.0,0.0,6.3
1054.500231,2026-05-05T22:27:19.584595+00:00,73.4825,0.031,96.6071,-0.0632,0.75,0.0,1500.0,0.0,6.3
1055.000284,2026-05-05T22:27:20.090861+00:00,73.556,0.0875,96.3509,-0.0023,0.75,0.0,1500.0,0.0,6.3
1055.5,2026-05-05T22:27:20.584342+00:00,73.6124,0.0672,96.6168,0.0754,0.75,0.0,1500.0,0.0,6.3
1056.0,2026-05-05T22:27:21.084702+00:00,73.6558,0.0517,96.5667,0.0502,0.75,0.0,1500.0,0.0,6.3
1056.5,2026-05-05T22:27:21.584343+00:00,73.5619,0.0397,96.5281,0.0694,0.75,0.0,1500.0,0.0,6.3
1057.0,2026-05-05T22:27:22.084332+00:00,73.3625,-0.0968,96.5447,0.0688,0.75,0.0,1500.0,0.0,6.3
1057.5,2026-05-05T22:27:22.592205+00:00,73.2092,-0.2016,96.6501,0.0143,0.75,0.0,1500.0,0.0,6.3
1058.0,2026-05-05T22:27:23.084333+00:00,73.3459,-0.155,96.6154,0.0881,0.75,0.0,1500.0,0.0,6.3
1058.5,2026-05-05T22:27:23.584350+00:00,73.5782,0.0082,96.8201,0.0677,0.75,0.0,1500.0,0.0,6.3
1059.0,2026-05-05T22:27:24.084610+00:00,73.375,0.0063,96.9543,0.1292,0.75,0.0,1500.0,0.0,6.3
1059.5,2026-05-05T22:27:24.584343+00:00,73.4734,0.1321,96.9648,0.1456,0.75,0.0,1500.0,0.0,6.3
1060.0,2026-05-05T22:27:25.093956+00:00,73.4217,0.0379,96.9498,0.135,0.75,0.0,1500.0,0.0,6.3
1060.5,2026-05-05T22:27:25.584395+00:00,73.3819,-0.0981,96.9614,0.1038,0.75,0.0,1500.0,0.0,6.3
1061.0,2026-05-05T22:27:26.084674+00:00,73.4787,0.0518,96.8315,0.0721,0.75,0.0,1500.0,0.0,6.3
1061.5,2026-05-05T22:27:26.584599+00:00,73.2985,-0.0874,96.9862,0.0554,0.75,0.0,1500.0,0.0,6.3
1062.0,2026-05-05T22:27:27.084342+00:00,73.5418,0.0601,96.758,-0.0654,0.75,0.0,1500.0,0.0,6.3
1062.5,2026-05-05T22:27:27.589389+00:00,73.4743,0.0462,96.9297,-0.0117,0.75,0.0,1500.0,0.0,6.3
1063.0,2026-05-05T22:27:28.084832+00:00,73.2951,-0.0918,96.946,-0.0013,0.75,0.0,1500.0,0.0,6.3
1063.500187,2026-05-05T22:27:28.584516+00:00,73.4119,0.0567,96.8428,-0.0396,0.75,0.0,1500.0,0.0,6.3
1064.0,2026-05-05T22:27:29.084328+00:00,73.3745,-0.0837,96.5089,-0.1075,0.75,0.0,1500.0,0.0,6.3
1064.5,2026-05-05T22:27:29.584423+00:00,73.3457,-0.0643,96.7383,-0.0827,0.75,0.0,1500.0,0.0,6.3
1065.0,2026-05-05T22:27:30.089155+00:00,73.4508,0.0778,96.5674,-0.0635,0.75,0.0,1500.0,0.0,6.3
1065.5,2026-05-05T22:27:30.584421+00:00,73.4043,-0.0038,96.8989,-0.0103,0.75,0.0,1500.0,0.0,6.3
1066.0,2026-05-05T22:27:31.084434+00:00,73.3686,-0.0029,96.8066,-0.0465,0.75,0.0,1500.0,0.0,6.3
1066.5,2026-05-05T22:27:31.586322+00:00,73.4684,0.0614,96.5968,-0.082,0.75,0.0,1500.0,0.0,6.3
1067.0,2026-05-05T22:27:32.084457+00:00,73.4179,-0.0165,96.6901,0.0604,0.75,0.0,1500.0,0.0,6.3
1067.5,2026-05-05T22:27:32.592075+00:00,73.2518,-0.0763,96.8775,0.0464,0.75,0.0,1500.0,0.0,6.3
1068.0,2026-05-05T22:27:33.084372+00:00,73.3786,0.005,96.7902,0.0742,0.75,0.0,1500.0,0.0,6.3
1068.5,2026-05-05T22:27:33.584376+00:00,73.3489,-0.0598,96.9544,0.0185,0.75,0.0,1500.0,0.0,6.2488
1069.001601,2026-05-05T22:27:34.085984+00:00,73.4533,0.0177,96.7567,-0.0166,0.75,0.0,1500.0,0.0,6.2238
1069.5,2026-05-05T22:27:34.584425+00:00,73.5335,0.1409,96.9287,0.1106,0.75,0.0,1500.0,0.0,6.2116
1070.0,2026-05-05T22:27:35.090131+00:00,73.4679,0.0446,97.0609,0.1236,0.75,0.0,1500.0,0.0,6.2057
1070.5,2026-05-05T22:27:35.584337+00:00,73.2902,-0.0293,96.9311,0.0179,0.75,0.0,1500.0,0.0,6.254
1071.0,2026-05-05T22:27:36.084602+00:00,73.2809,-0.0862,97.1785,0.1294,0.75,0.0,1500.0,0.0,6.2775
1071.501002,2026-05-05T22:27:36.585592+00:00,73.2738,-0.1299,97.0215,0.0223,0.75,0.0,1500.0,0.0,6.289
1072.0,2026-05-05T22:27:37.084351+00:00,73.3955,-0.0362,97.0165,0.0866,0.75,0.0,1500.0,0.0,6.2947
1072.5,2026-05-05T22:27:37.591872+00:00,73.4891,0.0995,97.1284,0.0666,0.75,0.0,1500.0,0.0,6.2462
1073.0,2026-05-05T22:27:38.084730+00:00,73.5611,0.1401,96.8673,-0.0645,0.75,0.0,1500.0,0.0,6.2737
1073.5,2026-05-05T22:27:38.584330+00:00,73.2345,-0.0196,96.8748,-0.0188,0.75,0.0,1500.0,0.0,6.2872
1074.0,2026-05-05T22:27:39.084331+00:00,73.1108,-0.1423,96.9964,-0.0607,0.75,0.0,1500.0,0.0,6.2937
1074.502029,2026-05-05T22:27:39.586374+00:00,73.143,-0.173,96.8584,-0.0544,0.75,0.0,1500.0,0.0,6.2969
1075.0,2026-05-05T22:27:40.088851+00:00,73.1678,-0.1966,96.8911,-0.0418,0.75,0.0,1500.0,0.0,6.2985
1075.5,2026-05-05T22:27:40.584426+00:00,73.1868,-0.0239,97.032,-0.0321,0.75,0.0,1500.0,0.0,6.2993
1076.001576,2026-05-05T22:27:41.085917+00:00,73.2014,0.0453,96.7932,-0.0247,0.75,0.0,1500.0,0.0,6.2996
1076.5,2026-05-05T22:27:41.584332+00:00,73.2127,0.0348,96.9568,0.0273,0.75,0.0,1500.0,0.0,6.2998
1077.0,2026-05-05T22:27:42.084572+00:00,73.3486,0.0904,96.9668,-0.0099,0.75,0.0,1500.0,0.0,6.2999
1077.5,2026-05-05T22:27:42.589787+00:00,73.1985,0.0058,96.8588,0.0001,0.75,0.0,1500.0,0.0,6.3
1078.0,2026-05-05T22:27:43.084978+00:00,73.0831,-0.0591,97.0071,0.0387,0.75,0.0,1500.0,0.0,6.3
1078.5,2026-05-05T22:27:43.584457+00:00,73.249,0.0182,97.0055,-0.0088,0.75,0.0,1500.0,0.0,6.3
1079.000456,2026-05-05T22:27:44.084880+00:00,73.3765,0.014,96.8885,0.0318,0.75,0.0,1500.0,0.0,6.3
1079.5,2026-05-05T22:27:44.584499+00:00,73.4745,0.138,97.03,0.0244,0.75,0.0,1500.0,0.0,6.3
1080.0,2026-05-05T22:27:45.092798+00:00,73.168,0.0424,97.0231,0.0188,0.75,0.0,1500.0,0.0,6.3
1080.5,2026-05-05T22:27:45.584356+00:00,73.187,-0.031,97.1334,0.0916,0.75,0.0,1500.0,0.0,6.3
1081.0,2026-05-05T22:27:46.084360+00:00,73.2016,-0.0875,97.1026,0.0318,0.75,0.0,1500.0,0.0,6.3
1081.501977,2026-05-05T22:27:46.586425+00:00,73.2128,-0.1309,97.1945,0.063,0.75,0.0,1500.0,0.0,6.3
1082.0,2026-05-05T22:27:47.084418+00:00,73.2214,0.0267,97.2652,0.1256,0.75,0.0,1500.0,0.0,6.3
1082.5,2026-05-05T22:27:47.592711+00:00,73.228,0.0205,97.4352,0.1351,0.75,0.0,1500.0,0.0,6.2488
1083.0,2026-05-05T22:27:48.084404+00:00,73.2331,0.0158,96.9643,-0.0196,0.75,0.0,1500.0,0.0,6.275
1083.5,2026-05-05T22:27:48.584335+00:00,73.237,0.0121,97.204,0.0235,0.75,0.0,1500.0,0.0,6.2878
1084.0,2026-05-05T22:27:49.084442+00:00,73.24,0.0093,97.2725,0.0566,0.75,0.0,1500.0,0.0,6.294
1084.5,2026-05-05T22:27:49.584342+00:00,73.1151,-0.0565,97.2094,0.005,0.75,0.0,1500.0,0.0,6.2971
1085.0,2026-05-05T22:27:50.090143+00:00,73.1463,-0.0434,97.2767,0.0038,0.75,0.0,1500.0,0.0,6.2986
1085.5,2026-05-05T22:27:50.585138+00:00,73.2976,0.0303,97.2126,-0.0742,0.75,0.0,1500.0,0.0,6.2993
1086.0,2026-05-05T22:27:51.084644+00:00,73.4138,0.0869,97.2791,0.1049,0.75,0.0,1500.0,0.0,6.2997
1086.5,2026-05-05T22:27:51.584922+00:00,73.5032,0.1941,97.3302,0.0421,0.75,0.0,1500.0,0.0,6.2998
1087.0,2026-05-05T22:27:52.084356+00:00,73.6991,0.2764,97.3695,0.0324,0.75,0.0,1500.0,0.0,6.2999
1087.5,2026-05-05T22:27:52.593280+00:00,73.3407,0.0216,97.3997,0.0634,0.75,0.0,1500.0,0.0,6.2488
1088.0,2026-05-05T22:27:53.084686+00:00,73.447,0.0166,97.3072,0.0102,0.75,0.0,1500.0,0.0,6.275
1088.5,2026-05-05T22:27:53.584385+00:00,73.4014,-0.0509,97.3518,0.0464,0.75,0.0,1500.0,0.0,6.2878
1089.0,2026-05-05T22:27:54.084531+00:00,73.2391,-0.23,97.2704,-0.0029,0.75,0.0,1500.0,0.0,6.294
1089.500227,2026-05-05T22:27:54.584632+00:00,73.2416,-0.0495,97.2078,-0.0408,0.75,0.0,1500.0,0.0,6.2971
1090.0,2026-05-05T22:27:55.090081+00:00,73.2435,-0.1017,97.044,-0.1085,0.75,0.0,1500.0,0.0,6.2986
1090.5,2026-05-05T22:27:55.584615+00:00,73.3723,-0.0145,96.9182,-0.1605,0.75,0.0,1500.0,0.0,6.2993
1091.0,2026-05-05T22:27:56.084366+00:00,73.4713,0.1161,96.8214,-0.1619,0.75,0.0,1500.0,0.0,6.2997
1091.5,2026-05-05T22:27:56.584315+00:00,73.5473,0.1529,96.9784,-0.1245,0.75,0.0,1500.0,0.0,6.2998
1092.0,2026-05-05T22:27:57.084343+00:00,73.3513,0.0539,97.0991,-0.0571,0.75,0.0,1500.0,0.0,6.2999
1092.500261,2026-05-05T22:27:57.589127+00:00,73.3278,-0.0222,97.0762,-0.0439,0.75,0.0,1500.0,0.0,6.3
1093.0,2026-05-05T22:27:58.084376+00:00,73.3098,-0.0807,97.0586,0.0048,0.75,0.0,1500.0,0.0,6.3
1093.5,2026-05-05T22:27:58.584449+00:00,73.5505,0.0016,96.7905,-0.0426,0.75,0.0,1500.0,0.0,6.3
1094.000258,2026-05-05T22:27:59.084610+00:00,73.3537,0.0012,96.7001,-0.0404,0.75,0.0,1500.0,0.0,6.3
1094.5,2026-05-05T22:27:59.584561+00:00,73.457,0.0646,96.5381,-0.1468,0.75,0.0,1500.0,0.0,6.3
1095.0,2026-05-05T22:28:00.094182+00:00,73.5364,0.1133,96.7607,-0.1128,0.75,0.0,1500.0,0.0,6.3
1095.5,2026-05-05T22:28:00.584369+00:00,73.4701,-0.0402,96.7004,-0.1253,0.75,0.0,1500.0,0.0,6.3
1096.0,2026-05-05T22:28:01.084481+00:00,73.5464,0.0964,97.0011,-0.0192,0.75,0.0,1500.0,0.0,6.3
1096.5,2026-05-05T22:28:01.584364+00:00,73.3506,-0.0532,97.0008,0.0701,0.75,0.0,1500.0,0.0,6.3
1097.0,2026-05-05T22:28:02.084439+00:00,73.3273,-0.1045,97.0006,0.1002,0.75,0.0,1500.0,0.0,6.3
1097.5,2026-05-05T22:28:02.594247+00:00,73.4367,-0.0167,97.0005,0.1541,0.75,0.0,1500.0,0.0,6.3
1098.0,2026-05-05T22:28:03.084353+00:00,73.3935,-0.0765,96.769,0.0028,0.75,0.0,1500.0,0.0,6.3
1098.5,2026-05-05T22:28:03.584468+00:00,73.3603,0.0049,96.9381,0.0793,0.75,0.0,1500.0,0.0,6.3
1099.0,2026-05-05T22:28:04.084340+00:00,73.3348,0.0037,96.9525,-0.0162,0.75,0.0,1500.0,0.0,6.3
1099.5,2026-05-05T22:28:04.584413+00:00,73.3151,-0.0608,96.9635,-0.0125,0.75,0.0,1500.0,0.0,6.3
1100.0,2026-05-05T22:28:05.090845+00:00,73.3001,-0.0467,96.9719,-0.0096,0.75,0.0,1500.0,0.0,6.3
1100.5,2026-05-05T22:28:05.584888+00:00,73.543,0.0914,97.2098,0.0698,0.75,0.0,1500.0,0.0,6.3
1101.0,2026-05-05T22:28:06.084344+00:00,73.4752,0.0702,97.1613,0.1308,0.75,0.0,1500.0,0.0,6.3512
1101.5,2026-05-05T22:28:06.584581+00:00,73.5504,0.1176,97.1239,0.0619,0.75,0.0,1500.0,0.0,6.325
1102.001581,2026-05-05T22:28:07.085997+00:00,73.6081,0.154,96.8639,-0.0295,0.75,0.0,1500.0,0.0,6.3122
1102.5,2026-05-05T22:28:07.589494+00:00,73.6525,0.0548,96.8954,-0.0227,0.75,0.0,1500.0,0.0,6.306
1103.0,2026-05-05T22:28:08.084476+00:00,73.6867,0.1057,96.9196,-0.0174,0.75,0.0,1500.0,0.0,6.3029
1103.5,2026-05-05T22:28:08.584372+00:00,73.7129,0.0813,96.8456,-0.1214,0.75,0.0,1500.0,0.0,6.3014
1104.000802,2026-05-05T22:28:09.085151+00:00,73.733,0.0625,96.5342,-0.209,0.75,0.0,1500.0,0.0,6.3007
1104.5,2026-05-05T22:28:09.584363+00:00,73.6213,-0.0156,96.2949,-0.2763,0.75,0.0,1500.0,0.0,6.3003
1105.0,2026-05-05T22:28:10.092743+00:00,73.5354,-0.0757,96.3424,-0.1738,0.75,0.0,1500.0,0.0,6.3002
1105.5,2026-05-05T22:28:10.584462+00:00,73.5966,-0.0581,96.24,-0.2185,0.75,0.0,1500.0,0.0,6.3001
1106.0,2026-05-05T22:28:11.084393+00:00,73.3891,-0.172,96.277,-0.2142,0.75,0.0,1500.0,0.0,6.3
1106.5,2026-05-05T22:28:11.584544+00:00,73.4842,-0.0685,96.3518,-0.1646,0.75,0.0,1500.0,0.0,6.3
1107.0,2026-05-05T22:28:12.084344+00:00,73.5573,0.011,96.6175,0.0277,0.75,0.0,1500.0,0.0,6.3
1107.5,2026-05-05T22:28:12.589091+00:00,73.6134,0.0084,96.5903,0.0985,0.75,0.0,1500.0,0.0,6.3
1108.0,2026-05-05T22:28:13.084367+00:00,73.7839,0.1974,96.5694,0.0757,0.75,0.0,1500.0,0.0,6.3
1108.500377,2026-05-05T22:28:13.584788+00:00,73.7876,0.1517,96.2988,0.0196,0.75,0.0,1500.0,0.0,6.3
1109.0,2026-05-05T22:28:14.084344+00:00,73.5359,-0.0107,96.3454,0.0228,0.75,0.0,1500.0,0.0,6.3
1109.501584,2026-05-05T22:28:14.585961+00:00,73.4698,-0.0718,96.2654,-0.0288,0.75,0.0,1500.0,0.0,6.3
1110.0,2026-05-05T22:28:15.088982+00:00,73.2916,-0.2461,96.3197,-0.0993,0.75,0.0,1500.0,0.0,6.3
1110.5,2026-05-05T22:28:15.584542+00:00,73.4093,-0.1892,96.4771,-0.0377,0.75,0.0,1500.0,0.0,6.3
1111.0,2026-05-05T22:28:16.084337+00:00,73.2452,-0.1454,96.4593,-0.0367,0.75,0.0,1500.0,0.0,6.3
1111.5,2026-05-05T22:28:16.584348+00:00,73.2463,-0.1117,96.4456,0.0489,0.75,0.0,1500.0,0.0,6.3
1112.0,2026-05-05T22:28:17.084546+00:00,73.5017,0.105,96.435,0.0299,0.75,0.0,1500.0,0.0,6.3
1112.5,2026-05-05T22:28:17.592006+00:00,73.4434,0.0171,96.3112,0.0153,0.75,0.0,1500.0,0.0,6.3
1113.0,2026-05-05T22:28:18.084447+00:00,73.3987,0.0768,96.2392,-0.0268,0.75,0.0,1500.0,0.0,6.3
1113.5,2026-05-05T22:28:18.584623+00:00,73.3643,0.059,96.3921,-0.0283,0.75,0.0,1500.0,0.0,6.3
1114.0,2026-05-05T22:28:19.084443+00:00,73.4651,-0.0183,96.4171,-0.0141,0.75,0.0,1500.0,0.0,6.3
1114.5,2026-05-05T22:28:19.584420+00:00,73.5426,0.0496,96.4131,-0.0108,0.75,0.0,1500.0,0.0,6.3
1115.0,2026-05-05T22:28:20.090271+00:00,73.4749,0.0381,96.4101,-0.0083,0.75,0.0,1500.0,0.0,6.3
1115.501751,2026-05-05T22:28:20.586115+00:00,73.5501,0.0929,96.5466,0.0785,0.75,0.0,1500.0,0.0,6.3
1116.0,2026-05-05T22:28:21.084387+00:00,73.6079,0.0714,96.6284,0.1297,0.75,0.0,1500.0,0.0,6.3
1116.5,2026-05-05T22:28:21.584487+00:00,73.3978,-0.0724,96.7144,0.1074,0.75,0.0,1500.0,0.0,6.3
1117.000478,2026-05-05T22:28:22.084815+00:00,73.3636,-0.0556,96.8962,0.1597,0.75,0.0,1500.0,0.0,6.3
1117.5,2026-05-05T22:28:22.690446+00:00,73.4646,-0.0428,96.9202,0.169,0.75,0.0,1500.0,0.0,6.3
1118.0,2026-05-05T22:28:23.084551+00:00,73.4149,-0.0965,97.1701,0.2533,0.75,0.0,1500.0,0.0,6.3
1118.5,2026-05-05T22:28:23.584352+00:00,73.7586,0.1804,97.015,0.1561,0.75,0.0,1500.0,0.0,6.3
1119.0,2026-05-05T22:28:24.084696+00:00,73.6409,0.1386,97.0115,0.1277,0.75,0.0,1500.0,0.0,6.3
1119.5,2026-05-05T22:28:24.584783+00:00,73.5504,0.0429,97.0089,0.0982,0.75,0.0,1500.0,0.0,6.3
1120.0,2026-05-05T22:28:25.088796+00:00,73.6082,0.0966,96.7754,-0.0402,0.75,0.0,1500.0,0.0,6.3
1120.5,2026-05-05T22:28:25.584445+00:00,73.5253,-0.1166,96.9431,0.0076,0.75,0.0,1500.0,0.0,6.3
1121.001974,2026-05-05T22:28:26.086360+00:00,73.5889,-0.026,96.9563,-0.0713,0.75,0.0,1500.0,0.0,6.3
1121.5,2026-05-05T22:28:26.584389+00:00,73.5105,-0.02,96.9664,-0.0162,0.75,0.0,1500.0,0.0,6.3
1122.0,2026-05-05T22:28:27.084652+00:00,73.5775,-0.0154,96.9742,-0.0125,0.75,0.0,1500.0,0.0,6.3
1122.500505,2026-05-05T22:28:27.590368+00:00,73.5017,-0.0118,96.9801,-0.0096,0.75,0.0,1500.0,0.0,6.3
1123.0,2026-05-05T22:28:28.084355+00:00,73.0616,-0.2636,96.9847,0.0698,0.75,0.0,1500.0,0.0,6.3
1123.5,2026-05-05T22:28:28.584855+00:00,73.1052,-0.2026,96.9883,0.0151,0.75,0.0,1500.0,0.0,6.3
1124.000888,2026-05-05T22:28:29.085477+00:00,73.266,-0.1557,96.8753,-0.027,0.75,0.0,1500.0,0.0,6.3
1124.5,2026-05-05T22:28:29.584496+00:00,73.5168,0.0076,97.0198,0.0178,0.75,0.0,1500.0,0.0,6.3
1125.0,2026-05-05T22:28:30.091188+00:00,73.4551,0.1967,97.0152,0.0137,0.75,0.0,1500.0,0.0,6.3
1125.5,2026-05-05T22:28:30.584351+00:00,73.5349,0.2148,96.896,-0.028,0.75,0.0,1500.0,0.0,6.3
1126.000841,2026-05-05T22:28:31.085185+00:00,73.5962,0.1651,96.9201,-0.0216,0.75,0.0,1500.0,0.0,6.3
1126.5,2026-05-05T22:28:31.585046+00:00,73.5161,-0.0004,96.8229,-0.0551,0.75,0.0,1500.0,0.0,6.3
1127.0,2026-05-05T22:28:32.084368+00:00,73.4545,-0.0003,96.8407,-0.0115,0.75,0.0,1500.0,0.0,6.3
1127.5,2026-05-05T22:28:32.589037+00:00,73.5345,-0.0002,96.8776,-0.0474,0.75,0.0,1500.0,0.0,6.3
1128.001994,2026-05-05T22:28:33.086480+00:00,73.5959,-0.0002,97.0216,0.0021,0.75,0.0,1500.0,0.0,6.3
1128.5,2026-05-05T22:28:33.584359+00:00,73.6431,0.0635,96.9009,0.0016,0.75,0.0,1500.0,0.0,6.3
1129.0,2026-05-05T22:28:34.084558+00:00,73.5522,0.0488,96.9238,0.0013,0.75,0.0,1500.0,0.0,6.3
1129.501672,2026-05-05T22:28:34.586775+00:00,73.4822,-0.0261,96.8258,0.001,0.75,0.0,1500.0,0.0,6.3
1130.0,2026-05-05T22:28:35.090037+00:00,73.5558,-0.0201,97.0975,0.0856,0.75,0.0,1500.0,0.0,6.3
1130.5,2026-05-05T22:28:35.584799+00:00,73.485,-0.0791,97.0749,0.0658,0.75,0.0,1500.0,0.0,6.3
1131.000057,2026-05-05T22:28:36.084817+00:00,73.4306,-0.0608,96.9187,-0.0343,0.75,0.0,1500.0,0.0,6.3
1131.5,2026-05-05T22:28:36.584337+00:00,73.5161,0.0169,97.0532,0.0508,0.75,0.0,1500.0,0.0,6.3
1132.001138,2026-05-05T22:28:37.086175+00:00,73.5818,0.013,97.1566,0.0776,0.75,0.0,1500.0,0.0,6.3
1132.5,2026-05-05T22:28:37.589730+00:00,73.505,0.01,97.1204,0.0982,0.75,0.0,1500.0,0.0,6.2488
1133.0,2026-05-05T22:28:38.084373+00:00,73.446,0.0077,97.0925,-0.0017,0.75,0.0,1500.0,0.0,6.275
1133.5,2026-05-05T22:28:38.584356+00:00,73.5279,0.0059,97.0711,-0.0013,0.75,0.0,1500.0,0.0,6.2878
1134.0,2026-05-05T22:28:39.084497+00:00,73.4636,-0.0591,97.1704,0.0839,0.75,0.0,1500.0,0.0,6.294
1134.5,2026-05-05T22:28:39.584560+00:00,73.5415,0.0182,97.2466,0.0645,0.75,0.0,1500.0,0.0,6.2971
1135.0,2026-05-05T22:28:40.090101+00:00,73.3467,-0.0496,97.3053,0.0495,0.75,0.0,1500.0,0.0,6.2986
1135.5,2026-05-05T22:28:40.584336+00:00,73.3244,-0.1018,97.2346,0.0381,0.75,0.0,1500.0,0.0,6.2993
1136.0,2026-05-05T22:28:41.084355+00:00,73.4344,-0.0146,97.296,0.0678,0.75,0.0,1500.0,0.0,6.2997
1136.5,2026-05-05T22:28:41.584406+00:00,73.519,-0.0112,97.4589,0.1293,0.75,0.0,1500.0,0.0,6.2998
1137.0,2026-05-05T22:28:42.084363+00:00,73.4568,0.055,97.4684,0.0994,0.75,0.0,1500.0,0.0,6.2999
1137.5,2026-05-05T22:28:42.589604+00:00,73.6635,0.1696,97.36,0.0378,0.75,0.0,1500.0,0.0,6.2488
1138.0,2026-05-05T22:28:43.084455+00:00,73.5678,0.0667,97.2767,-0.0095,0.75,0.0,1500.0,0.0,6.275
1138.5,2026-05-05T22:28:43.584364+00:00,73.6215,0.0513,97.2127,-0.0073,0.75,0.0,1500.0,0.0,6.2878
1139.0,2026-05-05T22:28:44.084339+00:00,73.4083,-0.0242,97.1635,-0.0442,0.75,0.0,1500.0,0.0,6.294
1139.5,2026-05-05T22:28:44.584590+00:00,73.3717,-0.1459,97.2413,-0.0725,0.75,0.0,1500.0,0.0,6.2971
1140.0,2026-05-05T22:28:45.090843+00:00,73.4708,-0.0485,97.3012,-0.0557,0.75,0.0,1500.0,0.0,6.2986
1140.5,2026-05-05T22:28:45.584601+00:00,73.4197,-0.1009,97.2315,-0.0428,0.75,0.0,1500.0,0.0,6.2993
1141.0,2026-05-05T22:28:46.084409+00:00,73.1259,-0.1412,97.2936,0.0056,0.75,0.0,1500.0,0.0,6.2997
1141.5,2026-05-05T22:28:46.584338+00:00,73.1546,-0.1085,97.3414,0.0429,0.75,0.0,1500.0,0.0,6.2486
1142.0,2026-05-05T22:28:47.084372+00:00,73.3039,-0.0834,97.3781,0.0715,0.75,0.0,1500.0,0.0,6.2237
1142.501594,2026-05-05T22:28:47.593963+00:00,73.2915,-0.0641,97.2906,0.0164,0.75,0.0,1500.0,0.0,6.2116
1143.0,2026-05-05T22:28:48.084393+00:00,73.4091,0.1416,97.2234,-0.0259,0.75,0.0,1500.0,0.0,6.2569
1143.5,2026-05-05T22:28:48.584357+00:00,73.4996,0.1725,97.1717,-0.0199,0.75,0.0,1500.0,0.0,6.2789
1144.0,2026-05-05T22:28:49.084369+00:00,73.5691,0.1326,97.1319,-0.0539,0.75,0.0,1500.0,0.0,6.2897
1144.5,2026-05-05T22:28:49.584344+00:00,73.4953,0.1019,97.1014,-0.08,0.75,0.0,1500.0,0.0,6.295
1145.0,2026-05-05T22:28:50.090426+00:00,73.5658,0.0783,97.0779,-0.1,0.75,0.0,1500.0,0.0,6.2976
1145.5005,2026-05-05T22:28:50.584831+00:00,73.4927,-0.0034,96.9442,-0.1155,0.75,0.0,1500.0,0.0,6.2988
1146.0,2026-05-05T22:28:51.084545+00:00,73.5638,-0.0026,96.8646,-0.1196,0.75,0.0,1500.0,0.0,6.2994
1146.5,2026-05-05T22:28:51.584952+00:00,73.3639,-0.0657,97.0116,-0.0534,0.75,0.0,1500.0,0.0,6.2997
1147.0,2026-05-05T22:28:52.084340+00:00,73.4648,-0.0505,97.0089,-0.041,0.75,0.0,1500.0,0.0,6.2999
1147.500105,2026-05-05T22:28:52.593997+00:00,73.6697,0.0885,96.868,-0.0778,0.75,0.0,1500.0,0.0,6.2999
1148.0,2026-05-05T22:28:53.084357+00:00,73.5726,0.0044,97.0143,-0.0212,0.75,0.0,1500.0,0.0,6.3
1148.5,2026-05-05T22:28:53.584337+00:00,73.4979,0.067,97.011,0.0222,0.75,0.0,1500.0,0.0,6.3
1149.0,2026-05-05T22:28:54.084434+00:00,73.5678,0.0515,96.9853,0.0402,0.75,0.0,1500.0,0.0,6.3
1149.500507,2026-05-05T22:28:54.584859+00:00,73.6215,-0.0241,96.8498,-0.0539,0.75,0.0,1500.0,0.0,6.3
1150.0,2026-05-05T22:28:55.089093+00:00,73.6628,0.0451,96.7689,-0.08,0.75,0.0,1500.0,0.0,6.3
1150.5,2026-05-05T22:28:55.584346+00:00,73.5673,0.0347,96.9149,0.0156,0.75,0.0,1500.0,0.0,6.3
1151.000501,2026-05-05T22:28:56.084822+00:00,73.4939,-0.037,96.7032,-0.1037,0.75,0.0,1500.0,0.0,6.3
1151.5,2026-05-05T22:28:56.584368+00:00,73.4374,-0.092,96.6562,-0.1183,0.75,0.0,1500.0,0.0,6.3
1152.000152,2026-05-05T22:28:57.084514+00:00,73.5213,-0.0707,96.7357,-0.0832,0.75,0.0,1500.0,0.0,6.3
1152.5,2026-05-05T22:28:57.591086+00:00,73.5858,0.0093,96.4267,-0.1411,0.75,0.0,1500.0,0.0,6.3
1153.000165,2026-05-05T22:28:58.084747+00:00,73.6354,0.0708,96.5593,-0.0699,0.75,0.0,1500.0,0.0,6.3
1153.5,2026-05-05T22:28:58.584937+00:00,73.8007,0.1816,96.5456,-0.1231,0.75,0.0,1500.0,0.0,6.3
1154.0,2026-05-05T22:28:59.084369+00:00,73.6733,0.076,96.1879,-0.1718,0.75,0.0,1500.0,0.0,6.3
1154.5,2026-05-05T22:28:59.584335+00:00,73.7026,0.0584,96.4916,-0.0549,0.75,0.0,1500.0,0.0,6.3
1155.0,2026-05-05T22:29:00.091536+00:00,73.5979,-0.0187,96.6092,-0.0422,0.75,0.0,1500.0,0.0,6.3
1155.500176,2026-05-05T22:29:00.584514+00:00,73.6447,-0.078,96.3525,-0.0247,0.75,0.0,1500.0,0.0,6.3
1156.0,2026-05-05T22:29:01.084344+00:00,73.6806,0.0036,96.2478,-0.1038,0.75,0.0,1500.0,0.0,6.3
1156.5,2026-05-05T22:29:01.584528+00:00,73.7082,0.0028,96.3062,-0.0798,0.75,0.0,1500.0,0.0,6.3
1157.000416,2026-05-05T22:29:02.085125+00:00,73.4749,-0.0615,96.2353,0.0158,0.75,0.0,1500.0,0.0,6.3
1157.5,2026-05-05T22:29:02.589913+00:00,73.5501,-0.0473,96.2734,-0.0727,0.75,0.0,1500.0,0.0,6.3
1158.0,2026-05-05T22:29:03.084493+00:00,73.4807,-0.1,96.3027,-0.1022,0.75,0.0,1500.0,0.0,6.3
1158.5,2026-05-05T22:29:03.584371+00:00,73.3,-0.2041,96.1401,-0.0708,0.75,0.0,1500.0,0.0,6.3
1159.0,2026-05-05T22:29:04.084423+00:00,73.4157,-0.0296,96.1077,-0.0467,0.75,0.0,1500.0,0.0,6.3
1159.5,2026-05-05T22:29:04.584499+00:00,73.3774,-0.0864,95.9439,-0.1207,0.75,0.0,1500.0,0.0,6.3
1160.0,2026-05-05T22:29:05.091853+00:00,73.3479,-0.0664,96.0726,-0.0542,0.75,0.0,1500.0,0.0,6.3
1160.5,2026-05-05T22:29:05.584509+00:00,73.4525,0.0762,96.0327,-0.0803,0.75,0.0,1500.0,0.0,6.3
1161.0,2026-05-05T22:29:06.084376+00:00,73.5329,0.0586,96.002,-0.1003,0.75,0.0,1500.0,0.0,6.3
1161.5,2026-05-05T22:29:06.585177+00:00,73.5947,0.1087,96.1172,-0.0076,0.75,0.0,1500.0,0.0,6.3
1162.0,2026-05-05T22:29:07.084340+00:00,73.6422,0.1472,96.3215,0.0713,0.75,0.0,1500.0,0.0,6.3
1162.5,2026-05-05T22:29:07.589547+00:00,73.5515,0.0495,96.4785,0.1782,0.75,0.0,1500.0,0.0,6.2488
1163.002865,2026-05-05T22:29:08.087220+00:00,73.4817,-0.0256,96.5066,0.1447,0.75,0.0,1500.0,0.0,6.275
1163.5,2026-05-05T22:29:08.584612+00:00,73.4281,-0.0833,96.5051,0.1575,0.75,0.0,1500.0,0.0,6.2878
1164.0,2026-05-05T22:29:09.084335+00:00,73.5141,-0.064,96.4808,0.1596,0.75,0.0,1500.0,0.0,6.294
1164.501978,2026-05-05T22:29:09.586472+00:00,73.7076,0.078,96.2538,0.0455,0.75,0.0,1500.0,0.0,6.2971
1165.0,2026-05-05T22:29:10.090559+00:00,73.6017,0.06,96.4265,0.035,0.75,0.0,1500.0,0.0,6.2986
1165.5,2026-05-05T22:29:10.584406+00:00,73.5203,0.0461,96.5361,0.0192,0.75,0.0,1500.0,0.0,6.2993
1166.0,2026-05-05T22:29:11.084403+00:00,73.4578,-0.0282,96.412,-0.0315,0.75,0.0,1500.0,0.0,6.2997
1166.5,2026-05-05T22:29:11.584592+00:00,73.2824,-0.2126,96.2935,-0.0705,0.75,0.0,1500.0,0.0,6.2998
1167.0,2026-05-05T22:29:12.084414+00:00,73.2749,-0.1634,96.457,-0.0079,0.75,0.0,1500.0,0.0,6.2999
1167.5,2026-05-05T22:29:12.593254+00:00,73.3964,-0.0619,96.2356,-0.0061,0.75,0.0,1500.0,0.0,6.2488
1168.0,2026-05-05T22:29:13.084446+00:00,73.108,-0.1749,96.2967,-0.0432,0.75,0.0,1500.0,0.0,6.275
1168.5,2026-05-05T22:29:13.584620+00:00,73.0136,-0.1344,96.3438,-0.0641,0.75,0.0,1500.0,0.0,6.2878
1169.001391,2026-05-05T22:29:14.085760+00:00,72.941,-0.1669,96.2642,-0.0493,0.75,0.0,1500.0,0.0,6.294
1169.502771,2026-05-05T22:29:14.587142+00:00,73.0125,-0.1919,96.2262,-0.0224,0.75,0.0,1500.0,0.0,6.2971
1170.0,2026-05-05T22:29:15.090558+00:00,73.1947,0.0434,96.1739,-0.0944,0.75,0.0,1500.0,0.0,6.2986
1170.501998,2026-05-05T22:29:15.586449+00:00,73.2075,0.097,96.4807,0.0817,0.75,0.0,1500.0,0.0,6.2993
1171.0,2026-05-05T22:29:16.084624+00:00,73.2174,0.1382,96.4852,0.0628,0.75,0.0,1500.0,0.0,6.2997
1171.5,2026-05-05T22:29:16.584354+00:00,73.2249,0.1062,96.72,0.1254,0.75,0.0,1500.0,0.0,6.2998
1172.001774,2026-05-05T22:29:17.086086+00:00,73.2307,0.018,96.6691,0.135,0.75,0.0,1500.0,0.0,6.2999
1172.5,2026-05-05T22:29:17.598600+00:00,73.3624,0.0775,96.7457,0.1732,0.75,0.0,1500.0,0.0,6.3
1173.0,2026-05-05T22:29:18.084368+00:00,73.4637,0.1232,96.8045,0.2102,0.75,0.0,1500.0,0.0,6.3
1173.50044,2026-05-05T22:29:18.584881+00:00,73.1597,-0.0326,96.7341,0.0844,0.75,0.0,1500.0,0.0,6.3
1174.0,2026-05-05T22:29:19.084364+00:00,73.1806,-0.0251,96.7956,0.1035,0.75,0.0,1500.0,0.0,6.3
1174.5,2026-05-05T22:29:19.584485+00:00,73.1967,-0.0829,96.8429,0.041,0.75,0.0,1500.0,0.0,6.3
1175.0,2026-05-05T22:29:20.090589+00:00,73.0817,-0.191,96.7636,0.0315,0.75,0.0,1500.0,0.0,6.3
1175.5,2026-05-05T22:29:20.584368+00:00,73.1207,-0.0195,96.7026,-0.0144,0.75,0.0,1500.0,0.0,6.3
1176.0,2026-05-05T22:29:21.084478+00:00,73.1506,-0.015,96.7714,-0.011,0.75,0.0,1500.0,0.0,6.3
1176.5,2026-05-05T22:29:21.584345+00:00,73.3009,0.0521,96.5929,-0.0471,0.75,0.0,1500.0,0.0,6.3
1177.0,2026-05-05T22:29:22.084721+00:00,73.2891,0.1037,96.8028,0.0024,0.75,0.0,1500.0,0.0,6.3
1177.500217,2026-05-05T22:29:22.592627+00:00,73.5346,0.207,96.8484,0.0018,0.75,0.0,1500.0,0.0,6.3
1178.0,2026-05-05T22:29:23.084676+00:00,73.4687,0.1591,96.8835,0.04,0.75,0.0,1500.0,0.0,6.3
1178.500065,2026-05-05T22:29:23.584873+00:00,73.2909,-0.005,96.7716,0.023,0.75,0.0,1500.0,0.0,6.3
1179.0,2026-05-05T22:29:24.084760+00:00,73.2814,-0.0038,96.5931,-0.0594,0.75,0.0,1500.0,0.0,6.3
1179.501242,2026-05-05T22:29:24.585598+00:00,73.2741,-0.1302,96.5484,-0.0148,0.75,0.0,1500.0,0.0,6.3
1180.0,2026-05-05T22:29:25.089823+00:00,73.3958,-0.0365,96.5603,-0.0808,0.75,0.0,1500.0,0.0,6.3
1180.5,2026-05-05T22:29:25.584497+00:00,73.3621,0.0356,96.5464,-0.1007,0.75,0.0,1500.0,0.0,6.3
1181.000431,2026-05-05T22:29:26.084855+00:00,73.3361,0.0274,96.4199,-0.1545,0.75,0.0,1500.0,0.0,6.3
1181.5,2026-05-05T22:29:26.584359+00:00,73.1889,-0.0426,96.5542,-0.0725,0.75,0.0,1500.0,0.0,6.3
1182.0,2026-05-05T22:29:27.084826+00:00,73.4576,0.0309,96.5185,-0.0249,0.75,0.0,1500.0,0.0,6.3
1182.5,2026-05-05T22:29:27.589501+00:00,73.4096,0.0237,96.5142,-0.0114,0.75,0.0,1500.0,0.0,6.3
1183.0,2026-05-05T22:29:28.084660+00:00,73.3726,0.0183,96.6035,0.0144,0.75,0.0,1500.0,0.0,6.3
1183.5,2026-05-05T22:29:28.585299+00:00,73.3443,0.0777,96.4407,-0.0352,0.75,0.0,1500.0,0.0,6.3
1184.0,2026-05-05T22:29:29.084332+00:00,73.3225,-0.0676,96.6627,0.0809,0.75,0.0,1500.0,0.0,6.3
1184.5,2026-05-05T22:29:29.584339+00:00,73.5602,0.0753,96.625,0.0236,0.75,0.0,1500.0,0.0,6.3
1185.001996,2026-05-05T22:29:30.092193+00:00,73.6157,0.1215,96.4573,-0.0204,0.75,0.0,1500.0,0.0,6.3
1185.5,2026-05-05T22:29:30.584587+00:00,73.5311,0.0934,96.5829,0.0229,0.75,0.0,1500.0,0.0,6.3
1186.0,2026-05-05T22:29:31.084426+00:00,73.5933,0.1354,96.7719,0.0562,0.75,0.0,1500.0,0.0,6.3
1186.500594,2026-05-05T22:29:31.584989+00:00,73.5139,-0.0232,96.5008,0.02,0.75,0.0,1500.0,0.0,6.3
1187.0,2026-05-05T22:29:32.084386+00:00,73.5801,-0.0178,96.6163,-0.0155,0.75,0.0,1500.0,0.0,6.3
1187.5,2026-05-05T22:29:32.589600+00:00,73.5037,-0.0137,96.7051,0.0267,0.75,0.0,1500.0,0.0,6.3
1188.001437,2026-05-05T22:29:33.085907+00:00,73.5723,-0.0105,96.4262,-0.0103,0.75,0.0,1500.0,0.0,6.3512
1188.5,2026-05-05T22:29:33.584432+00:00,73.625,0.0555,96.559,-0.008,0.75,0.0,1500.0,0.0,6.325
1189.0,2026-05-05T22:29:34.084570+00:00,73.4109,-0.0846,96.7767,0.0016,0.75,0.0,1500.0,0.0,6.3122
1189.5,2026-05-05T22:29:34.584333+00:00,73.501,-0.0014,96.6896,0.0629,0.75,0.0,1500.0,0.0,6.306
1190.0,2026-05-05T22:29:35.090785+00:00,73.3156,-0.1283,96.6457,0.0098,0.75,0.0,1500.0,0.0,6.3029
1190.5,2026-05-05T22:29:35.584606+00:00,73.3004,-0.1623,96.7277,0.0075,0.75,0.0,1500.0,0.0,6.3526
1191.0,2026-05-05T22:29:36.084336+00:00,73.416,0.0026,96.4205,-0.0019,0.75,0.0,1500.0,0.0,6.3769
1191.5,2026-05-05T22:29:36.584630+00:00,73.5049,0.002,96.5314,-0.0092,0.75,0.0,1500.0,0.0,6.3375
1192.0,2026-05-05T22:29:37.084556+00:00,73.4459,0.0651,96.7556,-0.0071,0.75,0.0,1500.0,0.0,6.3183
1192.500376,2026-05-05T22:29:37.590993+00:00,73.2733,-0.0136,96.8121,0.0409,0.75,0.0,1500.0,0.0,6.3089
1193.0,2026-05-05T22:29:38.084367+00:00,73.2679,-0.0741,96.8556,0.07,0.75,0.0,1500.0,0.0,6.3556
1193.501998,2026-05-05T22:29:38.586439+00:00,73.1365,-0.1842,96.889,0.0538,0.75,0.0,1500.0,0.0,6.3271
1194.0,2026-05-05T22:29:39.084500+00:00,73.1628,-0.1416,96.9147,0.1647,0.75,0.0,1500.0,0.0,6.3132
1194.5,2026-05-05T22:29:39.584361+00:00,73.0557,-0.1088,96.3559,-0.0585,0.75,0.0,1500.0,0.0,6.3065
1195.0,2026-05-05T22:29:40.093619+00:00,73.3552,0.0436,96.3893,-0.1221,0.75,0.0,1500.0,0.0,6.3032
1195.5,2026-05-05T22:29:40.584382+00:00,73.3308,0.0972,96.3918,-0.1401,0.75,0.0,1500.0,0.0,6.3015
1196.0,2026-05-05T22:29:41.084404+00:00,73.4394,0.1383,96.5325,-0.1077,0.75,0.0,1500.0,0.0,6.3008
1196.5,2026-05-05T22:29:41.584393+00:00,73.3956,0.17,96.4324,-0.1522,0.75,0.0,1500.0,0.0,6.3004
1197.0,2026-05-05T22:29:42.084430+00:00,73.4892,0.067,96.5638,-0.117,0.75,0.0,1500.0,0.0,6.3002
1197.5,2026-05-05T22:29:42.592613+00:00,73.4338,0.0515,96.7804,0.1415,0.75,0.0,1500.0,0.0,6.3001
1198.0,2026-05-05T22:29:43.084387+00:00,73.3913,-0.0241,96.3453,-0.0147,0.75,0.0,1500.0,0.0,6.3512
1198.5,2026-05-05T22:29:43.584334+00:00,73.4859,0.0451,96.4736,0.0273,0.75,0.0,1500.0,0.0,6.325
1199.0,2026-05-05T22:29:44.084742+00:00,73.5586,0.0347,96.5954,0.021,0.75,0.0,1500.0,0.0,6.3122
1199.5,2026-05-05T22:29:44.584329+00:00,73.6144,0.0903,96.5734,0.047,0.75,0.0,1500.0,0.0,6.306
1200.0,2026-05-05T22:29:45.089125+00:00,73.5301,0.0694,96.7878,0.0747,0.75,0.0,1500.0,0.0,6.3029
1200.5,2026-05-05T22:29:45.584736+00:00,73.4653,-0.0103,96.6055,-0.0583,0.75,0.0,1500.0,0.0,6.3014
1201.0,2026-05-05T22:29:46.084369+00:00,73.4155,-0.0715,96.5579,0.0709,0.75,0.0,1500.0,0.0,6.3007
1201.5,2026-05-05T22:29:46.584357+00:00,73.3772,-0.1186,96.6371,0.0545,0.75,0.0,1500.0,0.0,6.3003
1202.0,2026-05-05T22:29:47.084528+00:00,73.6023,0.0361,96.6285,0.011,0.75,0.0,1500.0,0.0,6.3002
1202.5,2026-05-05T22:29:47.589511+00:00,73.648,0.0914,96.3674,-0.0687,0.75,0.0,1500.0,0.0,6.3001
1203.0,2026-05-05T22:29:48.084463+00:00,73.5559,0.0702,96.6063,-0.0605,0.75,0.0,1500.0,0.0,6.3
1203.501695,2026-05-05T22:29:48.586266+00:00,73.6124,0.1176,96.8131,0.0692,0.75,0.0,1500.0,0.0,6.3
1204.0,2026-05-05T22:29:49.084332+00:00,73.6558,0.0268,96.625,0.0223,0.75,0.0,1500.0,0.0,6.3
1204.5,2026-05-05T22:29:49.584903+00:00,73.6892,0.0206,96.7117,0.0249,0.75,0.0,1500.0,0.0,6.3
1205.0,2026-05-05T22:29:50.090871+00:00,73.7148,0.0794,96.6627,0.0114,0.75,0.0,1500.0,0.0,6.3
1205.5,2026-05-05T22:29:50.584379+00:00,73.6073,-0.0026,96.7408,0.1245,0.75,0.0,1500.0,0.0,6.3
1206.0,2026-05-05T22:29:51.084550+00:00,73.3973,-0.1292,96.5694,-0.0123,0.75,0.0,1500.0,0.0,6.3
1206.5,2026-05-05T22:29:51.584876+00:00,73.6178,-0.0357,96.5533,-0.0866,0.75,0.0,1500.0,0.0,6.3
1207.0,2026-05-05T22:29:52.084370+00:00,73.5327,-0.0911,96.3096,-0.1051,0.75,0.0,1500.0,0.0,6.3
1207.5,2026-05-05T22:29:52.589200+00:00,73.7218,0.0573,96.3305,-0.1271,0.75,0.0,1500.0,0.0,6.3
1208.0,2026-05-05T22:29:53.084796+00:00,73.7399,0.1713,96.4854,-0.0591,0.75,0.0,1500.0,0.0,6.3
1208.5,2026-05-05T22:29:53.584384+00:00,73.6265,0.0044,96.2574,-0.1611,0.75,0.0,1500.0,0.0,6.3
1209.0,2026-05-05T22:29:54.084359+00:00,73.7939,0.1306,96.3135,-0.0853,0.75,0.0,1500.0,0.0,6.3
1209.5,2026-05-05T22:29:54.584463+00:00,73.7953,0.0368,96.3335,-0.0733,0.75,0.0,1500.0,0.0,6.3
1210.00044,2026-05-05T22:29:55.090641+00:00,73.6692,-0.0354,96.2564,-0.0177,0.75,0.0,1500.0,0.0,6.3
1210.500232,2026-05-05T22:29:55.584645+00:00,73.5722,-0.0272,96.5441,0.0712,0.75,0.0,1500.0,0.0,6.3
1211.0,2026-05-05T22:29:56.084705+00:00,73.4976,-0.1482,96.5339,0.0162,0.75,0.0,1500.0,0.0,6.3
1211.501403,2026-05-05T22:29:56.585817+00:00,73.5676,-0.1139,96.3872,0.0433,0.75,0.0,1500.0,0.0,6.2488
1212.00062,2026-05-05T22:29:57.084999+00:00,73.3668,-0.1512,96.4133,0.0333,0.75,0.0,1500.0,0.0,6.2238
1212.5,2026-05-05T22:29:57.589856+00:00,73.4671,-0.0525,96.4102,0.0256,0.75,0.0,1500.0,0.0,6.2116
1213.000251,2026-05-05T22:29:58.084599+00:00,73.5441,0.0232,96.3153,0.0197,0.75,0.0,1500.0,0.0,6.2569
1213.5,2026-05-05T22:29:58.584487+00:00,73.476,-0.0458,96.3581,-0.062,0.75,0.0,1500.0,0.0,6.2278
1214.0,2026-05-05T22:29:59.084730+00:00,73.551,0.0921,96.3678,-0.0554,0.75,0.0,1500.0,0.0,6.2135
1214.5,2026-05-05T22:29:59.584339+00:00,73.3541,-0.0565,96.3984,0.0037,0.75,0.0,1500.0,0.0,6.2066
1215.0,2026-05-05T22:30:00.090757+00:00,73.4573,-0.0434,96.5376,0.0414,0.75,0.0,1500.0,0.0,6.2032
1215.5,2026-05-05T22:30:00.584746+00:00,73.282,-0.097,96.39,-0.0067,0.75,0.0,1500.0,0.0,6.2528
1216.0,2026-05-05T22:30:01.084360+00:00,73.4019,-0.0746,96.5312,0.072,0.75,0.0,1500.0,0.0,6.277
1216.5,2026-05-05T22:30:01.584697+00:00,73.3667,0.0063,96.5008,0.0476,0.75,0.0,1500.0,0.0,6.2888
1217.0,2026-05-05T22:30:02.084396+00:00,73.3397,-0.0588,96.5006,0.0443,0.75,0.0,1500.0,0.0,6.2945
1217.5,2026-05-05T22:30:02.590068+00:00,73.4462,0.0821,96.4774,0.0263,0.75,0.0,1500.0,0.0,6.2461
1218.0,2026-05-05T22:30:03.084439+00:00,73.5281,0.0631,96.4826,-0.0183,0.75,0.0,1500.0,0.0,6.2737
1218.501767,2026-05-05T22:30:03.586129+00:00,73.3365,-0.0151,96.718,0.1093,0.75,0.0,1500.0,0.0,6.2872
1219.0,2026-05-05T22:30:04.084503+00:00,73.3165,-0.0116,96.8758,0.1149,0.75,0.0,1500.0,0.0,6.2937
1219.5,2026-05-05T22:30:04.584713+00:00,73.3011,-0.0726,97.0203,0.1731,0.75,0.0,1500.0,0.0,6.2969
1220.0,2026-05-05T22:30:05.094719+00:00,73.4165,-0.0558,96.8999,0.1331,0.75,0.0,1500.0,0.0,6.2985
1220.5,2026-05-05T22:30:05.584393+00:00,73.5053,0.0844,97.0387,0.1871,0.75,0.0,1500.0,0.0,6.2993
1221.0,2026-05-05T22:30:06.084460+00:00,73.4462,0.0649,97.0298,0.1824,0.75,0.0,1500.0,0.0,6.2996
1221.5,2026-05-05T22:30:06.584420+00:00,73.4008,0.0499,96.7915,0.0245,0.75,0.0,1500.0,0.0,6.2486
1222.0,2026-05-05T22:30:07.084574+00:00,73.3659,-0.0253,96.8397,-0.012,0.75,0.0,1500.0,0.0,6.2237
1222.5,2026-05-05T22:30:07.590510+00:00,73.3391,-0.0831,96.9925,-0.0092,0.75,0.0,1500.0,0.0,6.2116
1223.000207,2026-05-05T22:30:08.084555+00:00,73.573,0.0634,96.8554,-0.0148,0.75,0.0,1500.0,0.0,6.2569
1223.5,2026-05-05T22:30:08.584338+00:00,73.7528,0.176,96.8889,-0.05,0.75,0.0,1500.0,0.0,6.2789
1224.0,2026-05-05T22:30:09.084358+00:00,73.6365,0.1353,96.7989,-0.077,0.75,0.0,1500.0,0.0,6.2897
1224.5,2026-05-05T22:30:09.584350+00:00,73.6743,0.1676,96.8454,0.018,0.75,0.0,1500.0,0.0,6.295
1225.0,2026-05-05T22:30:10.089671+00:00,73.7034,0.0652,96.8812,0.0138,0.75,0.0,1500.0,0.0,6.2976
1225.5,2026-05-05T22:30:10.584725+00:00,73.4712,-0.1408,96.793,-0.0665,0.75,0.0,1500.0,0.0,6.2988
1226.0,2026-05-05T22:30:11.084339+00:00,73.42,-0.1082,96.7483,-0.0357,0.75,0.0,1500.0,0.0,6.2994
1226.5,2026-05-05T22:30:11.584630+00:00,73.6352,-0.0195,96.8066,-0.0274,0.75,0.0,1500.0,0.0,6.2997
1227.0,2026-05-05T22:30:12.084377+00:00,73.5461,-0.0787,96.6199,-0.0597,0.75,0.0,1500.0,0.0,6.2999
1227.5,2026-05-05T22:30:12.591497+00:00,73.6048,0.0668,96.7079,-0.0458,0.75,0.0,1500.0,0.0,6.2999
1228.0,2026-05-05T22:30:13.084508+00:00,73.5227,0.0514,96.6598,-0.0738,0.75,0.0,1500.0,0.0,6.3
1228.5,2026-05-05T22:30:13.584364+00:00,73.5869,-0.0242,96.7385,-0.0182,0.75,0.0,1500.0,0.0,6.3
1229.0,2026-05-05T22:30:14.084358+00:00,73.6362,0.0451,96.9147,0.0555,0.75,0.0,1500.0,0.0,6.3
1229.5,2026-05-05T22:30:14.584375+00:00,73.6741,0.0346,96.9344,0.0426,0.75,0.0,1500.0,0.0,6.3
1230.0,2026-05-05T22:30:15.089082+00:00,73.7032,0.0903,97.181,0.187,0.75,0.0,1500.0,0.0,6.3
1230.5,2026-05-05T22:30:15.584810+00:00,73.7256,0.0694,97.2548,0.1823,0.75,0.0,1500.0,0.0,6.3
1231.00046,2026-05-05T22:30:16.084890+00:00,73.7428,0.0533,97.0802,0.1401,0.75,0.0,1500.0,0.0,6.3
1231.5,2026-05-05T22:30:16.584345+00:00,73.7561,0.041,97.0616,0.1077,0.75,0.0,1500.0,0.0,6.3
1232.0,2026-05-05T22:30:17.085661+00:00,73.7662,0.0315,97.0474,0.0442,0.75,0.0,1500.0,0.0,6.3
1232.500374,2026-05-05T22:30:17.591009+00:00,73.774,0.0242,96.8976,-0.0123,0.75,0.0,1500.0,0.0,6.3
1233.0,2026-05-05T22:30:18.084531+00:00,73.6528,-0.045,96.8056,-0.1252,0.75,0.0,1500.0,0.0,6.3
1233.5,2026-05-05T22:30:18.585217+00:00,73.5596,-0.0982,96.4803,-0.2582,0.75,0.0,1500.0,0.0,6.3
1234.0,2026-05-05T22:30:19.084393+00:00,73.6152,-0.0755,96.4849,-0.1984,0.75,0.0,1500.0,0.0,6.3
1234.5,2026-05-05T22:30:19.584383+00:00,73.658,-0.058,96.7198,-0.1139,0.75,0.0,1500.0,0.0,6.3
1235.0,2026-05-05T22:30:20.090164+00:00,73.5636,-0.0446,96.5301,-0.1724,0.75,0.0,1500.0,0.0,6.3
1235.500302,2026-05-05T22:30:20.584652+00:00,73.6183,0.0293,96.7545,-0.0477,0.75,0.0,1500.0,0.0,6.3512
1236.0,2026-05-05T22:30:21.084480+00:00,73.6603,0.0226,96.6956,-0.0366,0.75,0.0,1500.0,0.0,6.3762
1236.500423,2026-05-05T22:30:21.585149+00:00,73.6926,0.0173,96.6272,0.049,0.75,0.0,1500.0,0.0,6.3884
1237.0,2026-05-05T22:30:22.084341+00:00,73.7175,0.077,96.8292,0.1148,0.75,0.0,1500.0,0.0,6.3943
1237.5,2026-05-05T22:30:22.591064+00:00,73.6093,-0.0045,96.9844,0.0882,0.75,0.0,1500.0,0.0,6.346
1238.0,2026-05-05T22:30:23.084348+00:00,73.7807,0.0602,96.8492,0.1064,0.75,0.0,1500.0,0.0,6.3225
1238.5,2026-05-05T22:30:23.584503+00:00,73.6579,-0.0174,96.7684,0.0046,0.75,0.0,1500.0,0.0,6.311
1239.0,2026-05-05T22:30:24.085036+00:00,73.5635,-0.077,96.7063,0.0036,0.75,0.0,1500.0,0.0,6.3053
1239.5,2026-05-05T22:30:24.584348+00:00,73.6182,0.0045,96.6585,0.0104,0.75,0.0,1500.0,0.0,6.3026
1240.0,2026-05-05T22:30:25.090215+00:00,73.6603,-0.0602,96.7376,-0.0305,0.75,0.0,1500.0,0.0,6.3013
1240.5,2026-05-05T22:30:25.584874+00:00,73.5654,-0.0463,96.7983,-0.062,0.75,0.0,1500.0,0.0,6.3006
1241.0,2026-05-05T22:30:26.084332+00:00,73.8742,0.1553,96.4979,-0.1171,0.75,0.0,1500.0,0.0,6.3003
1241.5,2026-05-05T22:30:26.584348+00:00,73.7298,0.0558,96.4984,-0.09,0.75,0.0,1500.0,0.0,6.3001
1242.0,2026-05-05T22:30:27.084344+00:00,73.746,0.0429,96.7301,0.008,0.75,0.0,1500.0,0.0,6.3001
1242.5,2026-05-05T22:30:27.588825+00:00,73.7585,0.0966,96.6769,0.0061,0.75,0.0,1500.0,0.0,6.3
1243.0,2026-05-05T22:30:28.084520+00:00,73.5136,-0.1803,96.7517,0.0047,0.75,0.0,1500.0,0.0,6.3
1243.501555,2026-05-05T22:30:28.585961+00:00,73.4526,-0.1386,96.6934,-0.035,0.75,0.0,1500.0,0.0,6.3
1244.000803,2026-05-05T22:30:29.085128+00:00,73.4057,-0.1702,96.6487,0.0503,0.75,0.0,1500.0,0.0,6.3
1244.5,2026-05-05T22:30:29.584330+00:00,73.6242,-0.0671,96.4986,0.0001,0.75,0.0,1500.0,0.0,6.3
1245.001776,2026-05-05T22:30:30.090788+00:00,73.4103,-0.0516,96.4989,-0.0771,0.75,0.0,1500.0,0.0,6.3
1245.5,2026-05-05T22:30:30.584552+00:00,73.5005,0.024,96.3603,-0.1055,0.75,0.0,1500.0,0.0,6.3
1246.0,2026-05-05T22:30:31.084445+00:00,73.5698,0.0821,96.2769,-0.1582,0.75,0.0,1500.0,0.0,6.3
1246.5,2026-05-05T22:30:31.584729+00:00,73.6231,-0.0006,95.9815,-0.2373,0.75,0.0,1500.0,0.0,6.3
1247.0,2026-05-05T22:30:32.084350+00:00,73.664,0.1268,95.9857,-0.221,0.75,0.0,1500.0,0.0,6.3
1247.5,2026-05-05T22:30:32.590134+00:00,73.5682,0.0339,95.8733,-0.2084,0.75,0.0,1500.0,0.0,6.3
1248.0,2026-05-05T22:30:33.084461+00:00,73.4946,-0.0376,95.9952,-0.1679,0.75,0.0,1500.0,0.0,6.3
1248.500607,2026-05-05T22:30:33.585176+00:00,73.438,-0.0925,95.8806,-0.1599,0.75,0.0,1500.0,0.0,6.3
1249.0,2026-05-05T22:30:34.084602+00:00,73.5218,-0.0711,96.0239,-0.0843,0.75,0.0,1500.0,0.0,6.3
1249.5,2026-05-05T22:30:34.584707+00:00,73.3316,-0.1183,96.0184,0.0123,0.75,0.0,1500.0,0.0,6.3
1250.0,2026-05-05T22:30:35.090058+00:00,73.44,-0.0273,96.1298,0.048,0.75,0.0,1500.0,0.0,6.3
1250.5,2026-05-05T22:30:35.584539+00:00,73.5233,0.0427,96.3081,0.1449,0.75,0.0,1500.0,0.0,6.3
1251.0,2026-05-05T22:30:36.084717+00:00,73.7146,0.0964,96.4682,0.1577,0.75,0.0,1500.0,0.0,6.3
1251.5,2026-05-05T22:30:36.584353+00:00,73.7344,0.2014,96.4755,0.1983,0.75,0.0,1500.0,0.0,6.3
1252.0,2026-05-05T22:30:37.084351+00:00,73.7495,0.1548,96.5969,0.191,0.75,0.0,1500.0,0.0,6.3
1252.5,2026-05-05T22:30:37.594993+00:00,73.5067,-0.0083,96.667,0.2162,0.75,0.0,1500.0,0.0,6.2488
1253.0,2026-05-05T22:30:38.084357+00:00,73.4473,-0.1337,96.7441,0.2047,0.75,0.0,1500.0,0.0,6.275
1253.5,2026-05-05T22:30:38.584369+00:00,73.5289,-0.1027,96.8033,0.1651,0.75,0.0,1500.0,0.0,6.2878
1254.00286,2026-05-05T22:30:39.087245+00:00,73.5916,-0.079,96.7331,0.0883,0.75,0.0,1500.0,0.0,6.294
1254.5,2026-05-05T22:30:39.584337+00:00,73.5126,0.0029,96.656,0.0602,0.75,0.0,1500.0,0.0,6.2971
1255.0,2026-05-05T22:30:40.089829+00:00,73.3245,-0.0614,96.3885,-0.0695,0.75,0.0,1500.0,0.0,6.2986
1255.5,2026-05-05T22:30:40.584328+00:00,73.4346,-0.0472,96.2755,-0.1305,0.75,0.0,1500.0,0.0,6.2993
1256.000367,2026-05-05T22:30:41.084788+00:00,73.6464,0.0274,96.3274,-0.1389,0.75,0.0,1500.0,0.0,6.2997
1256.5,2026-05-05T22:30:41.584499+00:00,73.6819,0.0847,96.3674,-0.1453,0.75,0.0,1500.0,0.0,6.2998
1257.0,2026-05-05T22:30:42.084826+00:00,73.582,0.1287,96.2592,-0.158,0.75,0.0,1500.0,0.0,6.2999
1257.5,2026-05-05T22:30:42.590001+00:00,73.5052,0.0353,96.1992,-0.1523,0.75,0.0,1500.0,0.0,6.3
1258.001365,2026-05-05T22:30:43.085750+00:00,73.4461,-0.1001,96.13,-0.0862,0.75,0.0,1500.0,0.0,6.3
1258.501206,2026-05-05T22:30:43.585722+00:00,73.4007,-0.1406,96.3313,0.0186,0.75,0.0,1500.0,0.0,6.3
1259.0,2026-05-05T22:30:44.084425+00:00,73.4931,-0.0444,96.3703,0.0143,0.75,0.0,1500.0,0.0,6.3
1259.5,2026-05-05T22:30:44.584531+00:00,73.5641,0.0295,96.4003,0.011,0.75,0.0,1500.0,0.0,6.3
1260.0,2026-05-05T22:30:45.094159+00:00,73.3642,-0.041,96.3077,0.0162,0.75,0.0,1500.0,0.0,6.3
1260.5,2026-05-05T22:30:45.584444+00:00,73.3378,-0.0315,96.4679,0.0896,0.75,0.0,1500.0,0.0,6.3
1261.0,2026-05-05T22:30:46.084421+00:00,73.4447,-0.0242,96.3596,0.0765,0.75,0.0,1500.0,0.0,6.3
1261.5,2026-05-05T22:30:46.584393+00:00,73.3997,-0.0822,96.5078,0.0588,0.75,0.0,1500.0,0.0,6.3
1262.0,2026-05-05T22:30:47.084689+00:00,73.4923,0.0641,96.7374,0.1224,0.75,0.0,1500.0,0.0,6.3
1262.5,2026-05-05T22:30:47.589552+00:00,73.6908,0.1765,96.5668,0.0555,0.75,0.0,1500.0,0.0,6.3
1263.002001,2026-05-05T22:30:48.086468+00:00,73.8433,0.1993,96.5513,0.0812,0.75,0.0,1500.0,0.0,6.3
1263.5,2026-05-05T22:30:48.584681+00:00,73.5788,0.0895,96.4237,-0.0147,0.75,0.0,1500.0,0.0,6.3
1264.0,2026-05-05T22:30:49.084561+00:00,73.5027,0.0052,96.4414,0.0273,0.75,0.0,1500.0,0.0,6.3
1264.5,2026-05-05T22:30:49.584355+00:00,73.4442,-0.1233,96.3393,-0.0562,0.75,0.0,1500.0,0.0,6.3
1265.0,2026-05-05T22:30:50.092813+00:00,73.5265,-0.1584,96.2376,-0.1666,0.75,0.0,1500.0,0.0,6.3
1265.5,2026-05-05T22:30:50.584380+00:00,73.7171,0.0692,96.1595,-0.1358,0.75,0.0,1500.0,0.0,6.3
1266.0,2026-05-05T22:30:51.084714+00:00,73.7363,0.1168,96.2383,-0.1043,0.75,0.0,1500.0,0.0,6.3
1266.500035,2026-05-05T22:30:51.584362+00:00,73.6238,0.0898,96.2988,-0.0416,0.75,0.0,1500.0,0.0,6.3
1267.0,2026-05-05T22:30:52.084684+00:00,73.7918,0.1326,96.3223,-0.0397,0.75,0.0,1500.0,0.0,6.3
1267.5,2026-05-05T22:30:52.590936+00:00,73.921,0.1019,96.3634,0.008,0.75,0.0,1500.0,0.0,6.3
1268.0,2026-05-05T22:30:53.084660+00:00,74.0202,0.142,96.3719,0.0447,0.75,0.0,1500.0,0.0,6.3
1268.5,2026-05-05T22:30:53.584372+00:00,73.7147,0.0455,96.4246,0.0884,0.75,0.0,1500.0,0.0,6.3
1269.001586,2026-05-05T22:30:54.085985+00:00,73.6072,-0.0923,96.4189,0.0602,0.75,0.0,1500.0,0.0,6.3
1269.5,2026-05-05T22:30:54.584362+00:00,73.5245,-0.1982,96.4377,0.0463,0.75,0.0,1500.0,0.0,6.3
1270.0,2026-05-05T22:30:55.090965+00:00,73.461,-0.2796,96.5678,0.0819,0.75,0.0,1500.0,0.0,6.3
1270.5,2026-05-05T22:30:55.584367+00:00,73.6667,-0.024,96.4133,0.0166,0.75,0.0,1500.0,0.0,6.3
1271.0,2026-05-05T22:30:56.084484+00:00,73.5703,-0.0185,96.4102,0.0128,0.75,0.0,1500.0,0.0,6.3
1271.5,2026-05-05T22:30:56.584640+00:00,73.7507,0.1131,96.431,0.0021,0.75,0.0,1500.0,0.0,6.3
1272.001999,2026-05-05T22:30:57.086425+00:00,73.8894,0.2142,96.3313,-0.0292,0.75,0.0,1500.0,0.0,6.3
1272.5,2026-05-05T22:30:57.590340+00:00,73.8687,0.101,96.486,0.0161,0.75,0.0,1500.0,0.0,6.3
1273.0,2026-05-05T22:30:58.084489+00:00,73.8528,0.1413,96.6049,0.0124,0.75,0.0,1500.0,0.0,6.3
1273.5,2026-05-05T22:30:58.584367+00:00,73.7133,-0.0187,96.6964,0.0944,0.75,0.0,1500.0,0.0,6.3
1274.0,2026-05-05T22:30:59.084582+00:00,73.7334,-0.078,96.8823,0.1574,0.75,0.0,1500.0,0.0,6.3
1274.5,2026-05-05T22:30:59.584494+00:00,73.6215,-0.1236,97.0253,0.1981,0.75,0.0,1500.0,0.0,6.3
1275.0,2026-05-05T22:31:00.088598+00:00,73.4083,-0.2223,96.9037,0.1908,0.75,0.0,1500.0,0.0,6.3
1275.5,2026-05-05T22:31:00.584357+00:00,73.3717,-0.1708,96.9029,0.1389,0.75,0.0,1500.0,0.0,6.3
1276.0,2026-05-05T22:31:01.084410+00:00,73.3435,-0.1949,97.041,0.1454,0.75,0.0,1500.0,0.0,6.3
1276.5,2026-05-05T22:31:01.584340+00:00,73.3219,-0.1498,97.0315,0.1117,0.75,0.0,1500.0,0.0,6.3
1277.0,2026-05-05T22:31:02.084509+00:00,73.4325,0.0121,97.0242,0.0473,0.75,0.0,1500.0,0.0,6.3
1277.5,2026-05-05T22:31:02.590021+00:00,73.5175,0.0729,97.0186,-0.0022,0.75,0.0,1500.0,0.0,6.3
1278.0,2026-05-05T22:31:03.084324+00:00,73.5829,0.1197,97.2457,0.114,0.75,0.0,1500.0,0.0,6.3
1278.5,2026-05-05T22:31:03.584481+00:00,73.5059,0.092,97.3046,0.1339,0.75,0.0,1500.0,0.0,6.3
1279.0,2026-05-05T22:31:04.084345+00:00,73.5739,0.0707,97.1184,0.0258,0.75,0.0,1500.0,0.0,6.3
1279.5,2026-05-05T22:31:04.584350+00:00,73.499,-0.0093,97.2067,0.0584,0.75,0.0,1500.0,0.0,6.3
1280.0,2026-05-05T22:31:05.091738+00:00,73.5686,-0.0071,97.02,-0.0014,0.75,0.0,1500.0,0.0,6.3
1280.5,2026-05-05T22:31:05.584379+00:00,73.6222,0.0581,96.8765,-0.0474,0.75,0.0,1500.0,0.0,6.3
1281.0,2026-05-05T22:31:06.084595+00:00,73.6633,0.0447,97.0208,-0.075,0.75,0.0,1500.0,0.0,6.3
1281.5,2026-05-05T22:31:06.584356+00:00,73.6949,0.098,96.9003,-0.1348,0.75,0.0,1500.0,0.0,6.3
1282.0,2026-05-05T22:31:07.084391+00:00,73.592,0.0117,97.0391,-0.0264,0.75,0.0,1500.0,0.0,6.3
1282.5,2026-05-05T22:31:07.590697+00:00,73.3856,-0.1183,97.2614,0.0182,0.75,0.0,1500.0,0.0,6.3
1283.000586,2026-05-05T22:31:08.085029+00:00,73.4815,-0.0909,97.0621,0.014,0.75,0.0,1500.0,0.0,6.3512
1283.5,2026-05-05T22:31:08.584521+00:00,73.4279,-0.1335,96.932,0.0185,0.75,0.0,1500.0,0.0,6.325
1284.0,2026-05-05T22:31:09.084461+00:00,73.6413,0.0246,96.8089,-0.0706,0.75,0.0,1500.0,0.0,6.3122
1284.500594,2026-05-05T22:31:09.585034+00:00,73.8053,0.2099,96.5986,-0.1006,0.75,0.0,1500.0,0.0,6.306
1285.0,2026-05-05T22:31:10.090872+00:00,73.8041,0.1613,96.8072,-0.0773,0.75,0.0,1500.0,0.0,6.3029
1285.5,2026-05-05T22:31:10.587065+00:00,73.5486,0.0603,96.9675,-0.098,0.75,0.0,1500.0,0.0,6.3014
1286.0,2026-05-05T22:31:11.084330+00:00,73.4795,-0.0809,96.8825,-0.0599,0.75,0.0,1500.0,0.0,6.3007
1286.5,2026-05-05T22:31:11.584367+00:00,73.6809,-0.0622,96.9097,-0.0075,0.75,0.0,1500.0,0.0,6.3003
1287.002057,2026-05-05T22:31:12.086404+00:00,73.7085,-0.0478,96.8149,0.002,0.75,0.0,1500.0,0.0,6.3002
1287.5,2026-05-05T22:31:12.589244+00:00,73.6024,0.0269,96.8577,0.0864,0.75,0.0,1500.0,0.0,6.3001
1288.0,2026-05-05T22:31:13.084410+00:00,73.3936,-0.043,96.6592,-0.0493,0.75,0.0,1500.0,0.0,6.3
1288.500724,2026-05-05T22:31:13.585082+00:00,73.4876,-0.0967,96.7381,-0.0765,0.75,0.0,1500.0,0.0,6.3
1289.0,2026-05-05T22:31:14.084327+00:00,73.3054,-0.2016,96.5673,-0.1051,0.75,0.0,1500.0,0.0,6.3
1289.5,2026-05-05T22:31:14.584459+00:00,73.2926,-0.1549,96.5517,-0.1193,0.75,0.0,1500.0,0.0,6.3
1290.0,2026-05-05T22:31:15.089037+00:00,73.41,0.0082,96.5629,-0.084,0.75,0.0,1500.0,0.0,6.3
1290.5,2026-05-05T22:31:15.584369+00:00,73.5002,0.0063,96.7797,-0.026,0.75,0.0,1500.0,0.0,6.3
1291.0,2026-05-05T22:31:16.084786+00:00,73.6969,0.1957,96.8307,0.0572,0.75,0.0,1500.0,0.0,6.3
1291.5,2026-05-05T22:31:16.584357+00:00,73.5935,0.1505,96.6153,-0.0409,0.75,0.0,1500.0,0.0,6.3
1292.000001,2026-05-05T22:31:17.084516+00:00,73.3867,-0.0116,96.7044,0.0457,0.75,0.0,1500.0,0.0,6.3
1292.5,2026-05-05T22:31:17.589793+00:00,73.4823,-0.0089,96.7728,0.0737,0.75,0.0,1500.0,0.0,6.3
1293.0,2026-05-05T22:31:18.084319+00:00,73.3013,-0.1978,96.5708,0.0026,0.75,0.0,1500.0,0.0,6.3512
1293.5,2026-05-05T22:31:18.584484+00:00,73.1622,-0.2156,96.7858,0.002,0.75,0.0,1500.0,0.0,6.3762
1294.0,2026-05-05T22:31:19.084771+00:00,73.437,0.0252,96.7197,-0.037,0.75,0.0,1500.0,0.0,6.3884
1294.5,2026-05-05T22:31:19.584341+00:00,73.521,0.0193,96.6457,0.0101,0.75,0.0,1500.0,0.0,6.3943
1295.0,2026-05-05T22:31:20.089350+00:00,73.4583,0.0785,96.612,-0.0308,0.75,0.0,1500.0,0.0,6.3972
1295.5,2026-05-05T22:31:20.584655+00:00,73.5374,0.1876,96.7018,-0.0237,0.75,0.0,1500.0,0.0,6.3986
1296.0,2026-05-05T22:31:21.084336+00:00,73.7254,0.1442,96.7708,0.0667,0.75,0.0,1500.0,0.0,6.3993
1296.5,2026-05-05T22:31:21.584414+00:00,73.6154,0.0472,96.7081,-0.0259,0.75,0.0,1500.0,0.0,6.3485
1297.0,2026-05-05T22:31:22.084365+00:00,73.7854,0.1635,96.8914,0.0572,0.75,0.0,1500.0,0.0,6.3237
1297.5,2026-05-05T22:31:22.590563+00:00,73.6615,0.0621,96.662,0.0054,0.75,0.0,1500.0,0.0,6.3115
1298.0,2026-05-05T22:31:23.084458+00:00,73.5663,-0.0796,96.6013,-0.0035,0.75,0.0,1500.0,0.0,6.3056
1298.501828,2026-05-05T22:31:23.586142+00:00,73.6204,0.0025,96.601,-0.0336,0.75,0.0,1500.0,0.0,6.3027
1299.0,2026-05-05T22:31:24.084498+00:00,73.5347,-0.1254,96.5777,-0.0644,0.75,0.0,1500.0,0.0,6.3013
1299.5,2026-05-05T22:31:24.584345+00:00,73.5961,-0.0327,96.6522,-0.0186,0.75,0.0,1500.0,0.0,6.3007
1300.000426,2026-05-05T22:31:25.094237+00:00,73.3887,-0.0888,96.617,-0.0914,0.75,0.0,1500.0,0.0,6.3003
1300.5,2026-05-05T22:31:25.584548+00:00,73.6112,-0.0046,96.7056,0.0146,0.75,0.0,1500.0,0.0,6.3002
1301.0,2026-05-05T22:31:26.084729+00:00,73.6549,0.0601,96.7738,0.0575,0.75,0.0,1500.0,0.0,6.3001
1301.5,2026-05-05T22:31:26.584333+00:00,73.6884,0.0462,96.7104,0.0365,0.75,0.0,1500.0,0.0,6.3
1302.0,2026-05-05T22:31:27.084371+00:00,73.587,0.0991,96.5229,-0.0183,0.75,0.0,1500.0,0.0,6.3
1302.5,2026-05-05T22:31:27.592422+00:00,73.3817,-0.1147,96.6333,-0.0063,0.75,0.0,1500.0,0.0,6.3
1303.0,2026-05-05T22:31:28.084341+00:00,73.224,-0.2154,96.6024,-0.0049,0.75,0.0,1500.0,0.0,6.3
1303.5,2026-05-05T22:31:28.584412+00:00,73.3573,-0.1656,96.8101,0.0348,0.75,0.0,1500.0,0.0,6.3
1304.0,2026-05-05T22:31:29.084724+00:00,73.3325,-0.1273,96.5995,-0.0581,0.75,0.0,1500.0,0.0,6.3
1304.5,2026-05-05T22:31:29.584341+00:00,73.4406,0.0295,96.2294,-0.1603,0.75,0.0,1500.0,0.0,6.3
1305.0,2026-05-05T22:31:30.088986+00:00,73.3965,0.0863,96.4077,-0.0384,0.75,0.0,1500.0,0.0,6.3
1305.5,2026-05-05T22:31:30.584398+00:00,73.2354,-0.061,96.5448,-0.0295,0.75,0.0,1500.0,0.0,6.3
1306.0,2026-05-05T22:31:31.084353+00:00,73.1115,-0.1105,96.4187,-0.0612,0.75,0.0,1500.0,0.0,6.3
1306.5,2026-05-05T22:31:31.584440+00:00,73.2708,-0.0849,96.6689,-0.0471,0.75,0.0,1500.0,0.0,6.3
1307.0,2026-05-05T22:31:32.084403+00:00,73.266,-0.0653,96.8381,0.0795,0.75,0.0,1500.0,0.0,6.3
1307.500514,2026-05-05T22:31:32.592444+00:00,73.135,-0.0502,96.8524,0.2077,0.75,0.0,1500.0,0.0,6.3
1308.0,2026-05-05T22:31:33.084362+00:00,73.2889,0.0887,96.8866,0.1596,0.75,0.0,1500.0,0.0,6.3
1308.5016,2026-05-05T22:31:33.585985+00:00,73.1526,-0.0591,96.9128,0.1227,0.75,0.0,1500.0,0.0,6.3
1309.0,2026-05-05T22:31:34.084352+00:00,73.3024,0.0182,96.8173,0.1329,0.75,0.0,1500.0,0.0,6.3
1309.5,2026-05-05T22:31:34.584652+00:00,73.4176,0.1413,96.8596,0.0635,0.75,0.0,1500.0,0.0,6.3
1310.001778,2026-05-05T22:31:35.090724+00:00,73.3788,0.0449,96.6375,-0.0669,0.75,0.0,1500.0,0.0,6.3
1310.5,2026-05-05T22:31:35.584453+00:00,73.4763,0.1618,96.6057,-0.0822,0.75,0.0,1500.0,0.0,6.3
1311.0,2026-05-05T22:31:36.084493+00:00,73.4239,0.0607,96.5812,-0.1018,0.75,0.0,1500.0,0.0,6.3
1311.5,2026-05-05T22:31:36.584387+00:00,73.5109,0.0467,96.5624,-0.1168,0.75,0.0,1500.0,0.0,6.3
1312.0,2026-05-05T22:31:37.084338+00:00,73.3233,-0.0278,96.548,-0.0898,0.75,0.0,1500.0,0.0,6.3
1312.5,2026-05-05T22:31:37.589623+00:00,73.3063,-0.085,96.4212,-0.1461,0.75,0.0,1500.0,0.0,6.2488
1313.0,2026-05-05T22:31:38.084450+00:00,73.4206,-0.0017,96.3237,-0.1046,0.75,0.0,1500.0,0.0,6.275
1313.5,2026-05-05T22:31:38.584396+00:00,73.5084,-0.0013,96.4802,-0.0418,0.75,0.0,1500.0,0.0,6.2878
1314.0,2026-05-05T22:31:39.084371+00:00,73.4486,0.0626,96.7162,0.045,0.75,0.0,1500.0,0.0,6.294
1314.500347,2026-05-05T22:31:39.584748+00:00,73.5299,0.1118,96.6662,0.0346,0.75,0.0,1500.0,0.0,6.2971
1315.0,2026-05-05T22:31:40.090926+00:00,73.5924,0.0859,96.6046,0.0189,0.75,0.0,1500.0,0.0,6.2986
1315.5,2026-05-05T22:31:40.584394+00:00,73.3859,-0.0612,96.6961,0.0916,0.75,0.0,1500.0,0.0,6.2993
1316.001283,2026-05-05T22:31:41.085678+00:00,73.4817,0.0166,96.6507,0.109,0.75,0.0,1500.0,0.0,6.2997
1316.5,2026-05-05T22:31:41.584358+00:00,73.6826,0.0764,96.7315,0.0838,0.75,0.0,1500.0,0.0,6.2998
1317.0,2026-05-05T22:31:42.084364+00:00,73.8371,0.1223,96.7937,0.0258,0.75,0.0,1500.0,0.0,6.2999
1317.5,2026-05-05T22:31:42.590109+00:00,73.8285,0.2213,96.7026,0.0121,0.75,0.0,1500.0,0.0,6.2488
1318.0,2026-05-05T22:31:43.084342+00:00,73.8219,0.1701,97.0028,0.1327,0.75,0.0,1500.0,0.0,6.275
1318.5,2026-05-05T22:31:43.584350+00:00,73.6896,0.0035,97.1178,0.1406,0.75,0.0,1500.0,0.0,6.2878
1319.0,2026-05-05T22:31:44.084410+00:00,73.3333,-0.2519,96.9749,0.1081,0.75,0.0,1500.0,0.0,6.294
1319.50017,2026-05-05T22:31:44.584563+00:00,73.4413,-0.1936,97.2121,0.1602,0.75,0.0,1500.0,0.0,6.2971
1320.0,2026-05-05T22:31:45.089256+00:00,73.6516,-0.0852,97.163,0.1231,0.75,0.0,1500.0,0.0,6.2986
1320.5,2026-05-05T22:31:45.584368+00:00,73.5586,-0.0655,97.1253,0.1409,0.75,0.0,1500.0,0.0,6.2993
1321.0,2026-05-05T22:31:46.084343+00:00,73.4872,0.077,97.212,0.0697,0.75,0.0,1500.0,0.0,6.2997
1321.5,2026-05-05T22:31:46.584390+00:00,73.5596,0.0592,97.1629,0.015,0.75,0.0,1500.0,0.0,6.2998
1322.0,2026-05-05T22:31:47.084370+00:00,73.6152,-0.0182,96.8938,-0.027,0.75,0.0,1500.0,0.0,6.2999
1322.5,2026-05-05T22:31:47.592041+00:00,73.658,0.0497,97.0341,-0.0593,0.75,0.0,1500.0,0.0,6.2488
1323.0,2026-05-05T22:31:48.084330+00:00,73.5636,0.0382,96.9105,-0.0842,0.75,0.0,1500.0,0.0,6.275
1323.5,2026-05-05T22:31:48.584348+00:00,73.3637,-0.0979,97.0469,-0.0261,0.75,0.0,1500.0,0.0,6.2878
1324.0,2026-05-05T22:31:49.084747+00:00,73.3374,-0.1389,96.9204,-0.0972,0.75,0.0,1500.0,0.0,6.294
1324.5,2026-05-05T22:31:49.584344+00:00,73.4445,-0.1068,96.8231,-0.1133,0.75,0.0,1500.0,0.0,6.2971
1325.0,2026-05-05T22:31:50.090730+00:00,73.2722,-0.1457,96.9797,0.0286,0.75,0.0,1500.0,0.0,6.2986
1325.5,2026-05-05T22:31:50.584405+00:00,73.2671,-0.0483,96.9844,-0.0166,0.75,0.0,1500.0,0.0,6.2993
1326.0,2026-05-05T22:31:51.084350+00:00,73.3904,0.0265,96.8723,-0.0127,0.75,0.0,1500.0,0.0,6.2997
1326.5,2026-05-05T22:31:51.584365+00:00,73.3579,-0.0433,97.1333,0.0288,0.75,0.0,1500.0,0.0,6.2998
1327.0,2026-05-05T22:31:52.084460+00:00,73.3329,0.0304,96.9867,0.0221,0.75,0.0,1500.0,0.0,6.2999
1327.502032,2026-05-05T22:31:52.592976+00:00,73.5683,0.1506,96.8741,0.017,0.75,0.0,1500.0,0.0,6.3
1328.0,2026-05-05T22:31:53.084705+00:00,73.4946,0.0521,96.9032,-0.0255,0.75,0.0,1500.0,0.0,6.3
1328.501984,2026-05-05T22:31:53.586425+00:00,73.5653,0.1037,97.0413,0.019,0.75,0.0,1500.0,0.0,6.3
1329.0,2026-05-05T22:31:54.084417+00:00,73.4923,0.0797,97.0318,0.0531,0.75,0.0,1500.0,0.0,6.3
1329.5,2026-05-05T22:31:54.584345+00:00,73.4363,-0.066,97.2558,0.0408,0.75,0.0,1500.0,0.0,6.3
1330.0,2026-05-05T22:31:55.094963+00:00,73.3932,-0.0507,97.0809,0.0314,0.75,0.0,1500.0,0.0,6.3
1330.5,2026-05-05T22:31:55.584500+00:00,73.36,-0.1026,97.0622,0.0627,0.75,0.0,1500.0,0.0,6.3
1331.0,2026-05-05T22:31:56.084777+00:00,73.2073,-0.1425,96.9321,0.0096,0.75,0.0,1500.0,0.0,6.3
1331.500501,2026-05-05T22:31:56.584847+00:00,73.3445,-0.0459,96.6933,-0.116,0.75,0.0,1500.0,0.0,6.3
1332.0,2026-05-05T22:31:57.084496+00:00,73.3226,-0.0353,96.7642,-0.0892,0.75,0.0,1500.0,0.0,6.3
1332.5,2026-05-05T22:31:57.590472+00:00,73.5603,0.1002,96.68,-0.192,0.75,0.0,1500.0,0.0,6.2488
1333.002008,2026-05-05T22:31:58.086349+00:00,73.4885,0.1406,96.5226,-0.1861,0.75,0.0,1500.0,0.0,6.275
1333.5,2026-05-05T22:31:58.584537+00:00,73.3061,-0.0192,96.5174,-0.1816,0.75,0.0,1500.0,0.0,6.2878
1334.0,2026-05-05T22:31:59.084385+00:00,73.4204,0.0489,96.5134,-0.1396,0.75,0.0,1500.0,0.0,6.294
1334.5,2026-05-05T22:31:59.584366+00:00,73.2537,-0.1533,96.3946,-0.0996,0.75,0.0,1500.0,0.0,6.2971
1335.0,2026-05-05T22:32:00.090082+00:00,73.1255,-0.1815,96.3033,-0.1537,0.75,0.0,1500.0,0.0,6.2986
1335.5,2026-05-05T22:32:00.584445+00:00,73.1543,-0.0759,96.4645,-0.0718,0.75,0.0,1500.0,0.0,6.2993
1336.000569,2026-05-05T22:32:01.084934+00:00,73.1765,-0.1219,96.5653,0.0142,0.75,0.0,1500.0,0.0,6.2997
1336.5,2026-05-05T22:32:01.584434+00:00,73.3208,0.0335,96.7816,0.0881,0.75,0.0,1500.0,0.0,6.2998
1337.0,2026-05-05T22:32:02.084446+00:00,73.1771,0.0258,97.0635,0.1834,0.75,0.0,1500.0,0.0,6.2999
1337.5,2026-05-05T22:32:02.591410+00:00,73.194,0.0198,96.586,0.0638,0.75,0.0,1500.0,0.0,6.3
1338.0,2026-05-05T22:32:03.084350+00:00,73.0797,-0.0484,96.7975,0.1647,0.75,0.0,1500.0,0.0,6.3
1338.5,2026-05-05T22:32:03.584709+00:00,73.3736,0.0264,96.7055,0.0803,0.75,0.0,1500.0,0.0,6.3
1339.0,2026-05-05T22:32:04.084330+00:00,73.2178,0.0203,96.658,0.0309,0.75,0.0,1500.0,0.0,6.3
1339.5,2026-05-05T22:32:04.584435+00:00,73.3525,0.0793,96.7371,-0.0148,0.75,0.0,1500.0,0.0,6.3
1340.0,2026-05-05T22:32:05.089723+00:00,73.2015,0.0609,96.6591,-0.1348,0.75,0.0,1500.0,0.0,6.3
1340.5,2026-05-05T22:32:05.584452+00:00,73.4673,0.0468,96.6223,0.0121,0.75,0.0,1500.0,0.0,6.3
1341.0,2026-05-05T22:32:06.084402+00:00,73.417,0.0996,96.594,-0.0678,0.75,0.0,1500.0,0.0,6.3
1341.5,2026-05-05T22:32:06.584364+00:00,73.5056,0.0766,96.5722,-0.0444,0.75,0.0,1500.0,0.0,6.3
1342.000495,2026-05-05T22:32:07.084825+00:00,73.4465,0.1225,96.5787,-0.0264,0.75,0.0,1500.0,0.0,6.3
1342.5,2026-05-05T22:32:07.590488+00:00,73.401,-0.0331,96.3291,-0.136,0.75,0.0,1500.0,0.0,6.3
1343.0,2026-05-05T22:32:08.084832+00:00,73.1115,-0.1527,96.6,-0.0197,0.75,0.0,1500.0,0.0,6.3
1343.5,2026-05-05T22:32:08.584309+00:00,73.0163,-0.2447,96.5769,-0.0151,0.75,0.0,1500.0,0.0,6.3
1344.0,2026-05-05T22:32:09.084448+00:00,73.0704,-0.188,96.5591,-0.0116,0.75,0.0,1500.0,0.0,6.3
1344.5,2026-05-05T22:32:09.584350+00:00,73.2392,-0.0809,96.6611,0.0296,0.75,0.0,1500.0,0.0,6.3
1345.0,2026-05-05T22:32:10.094664+00:00,73.369,0.1287,96.6238,0.0151,0.75,0.0,1500.0,0.0,6.3
1345.5,2026-05-05T22:32:10.585060+00:00,73.4687,0.2262,96.7109,0.1273,0.75,0.0,1500.0,0.0,6.3
1346.0,2026-05-05T22:32:11.084591+00:00,73.4181,0.1739,96.6621,0.0207,0.75,0.0,1500.0,0.0,6.3
1346.500264,2026-05-05T22:32:11.584593+00:00,73.3792,0.07,96.7171,0.0468,0.75,0.0,1500.0,0.0,6.3
1347.0,2026-05-05T22:32:12.084348+00:00,73.222,-0.0735,96.6669,0.0359,0.75,0.0,1500.0,0.0,6.3
1347.5,2026-05-05T22:32:12.591626+00:00,73.2285,-0.1201,96.4894,-0.0572,0.75,0.0,1500.0,0.0,6.3
1348.0,2026-05-05T22:32:13.084319+00:00,73.1062,-0.1559,96.4919,-0.044,0.75,0.0,1500.0,0.0,6.3
1348.5,2026-05-05T22:32:13.584436+00:00,73.2668,-0.0562,96.6095,-0.0338,0.75,0.0,1500.0,0.0,6.3
1349.0,2026-05-05T22:32:14.084898+00:00,73.1356,-0.0432,96.3527,-0.1031,0.75,0.0,1500.0,0.0,6.3
1349.5,2026-05-05T22:32:14.584347+00:00,73.1621,-0.0332,96.3637,-0.1178,0.75,0.0,1500.0,0.0,6.3
1350.0,2026-05-05T22:32:15.089097+00:00,73.1824,0.0381,96.3952,-0.0906,0.75,0.0,1500.0,0.0,6.3
1350.5,2026-05-05T22:32:15.584566+00:00,73.1981,-0.0343,96.7666,0.0924,0.75,0.0,1500.0,0.0,6.3
1351.000448,2026-05-05T22:32:16.084835+00:00,73.0828,-0.0264,96.7049,0.071,0.75,0.0,1500.0,0.0,6.3
1351.5,2026-05-05T22:32:16.584335+00:00,73.1215,-0.0203,96.8889,0.0931,0.75,0.0,1500.0,0.0,6.3
1352.001578,2026-05-05T22:32:17.085949+00:00,72.8967,-0.1429,97.0303,0.2259,0.75,0.0,1500.0,0.0,6.3
1352.5,2026-05-05T22:32:17.589282+00:00,73.1057,-0.0462,96.7919,0.1427,0.75,0.0,1500.0,0.0,6.2488
1353.0,2026-05-05T22:32:18.084507+00:00,73.1391,0.0281,96.84,0.1483,0.75,0.0,1500.0,0.0,6.275
1353.5,2026-05-05T22:32:18.584354+00:00,73.1648,0.0216,96.9928,0.0754,0.75,0.0,1500.0,0.0,6.2878
1354.0,2026-05-05T22:32:19.084400+00:00,73.1845,0.1439,96.9944,0.0965,0.75,0.0,1500.0,0.0,6.294
1354.5,2026-05-05T22:32:19.584328+00:00,73.3269,0.1106,96.9957,0.0356,0.75,0.0,1500.0,0.0,6.2971
1355.0,2026-05-05T22:32:20.089450+00:00,73.3091,0.085,96.9967,-0.0112,0.75,0.0,1500.0,0.0,6.2986
1355.5,2026-05-05T22:32:20.584464+00:00,73.4227,0.129,96.9975,0.0685,0.75,0.0,1500.0,0.0,6.2481
1356.0,2026-05-05T22:32:21.084570+00:00,73.3827,0.0991,97.1369,0.099,0.75,0.0,1500.0,0.0,6.2235
1356.5,2026-05-05T22:32:21.584317+00:00,73.352,0.0126,96.9895,-0.0011,0.75,0.0,1500.0,0.0,6.2115
1357.0,2026-05-05T22:32:22.084466+00:00,73.2011,-0.054,96.9919,-0.0008,0.75,0.0,1500.0,0.0,6.2056
1357.5,2026-05-05T22:32:22.592488+00:00,73.3397,-0.0415,96.855,-0.0469,0.75,0.0,1500.0,0.0,6.2027
1358.0,2026-05-05T22:32:23.084331+00:00,73.4462,0.0317,96.634,-0.1209,0.75,0.0,1500.0,0.0,6.2525
1358.5,2026-05-05T22:32:23.584303+00:00,73.5281,0.088,96.8344,-0.0544,0.75,0.0,1500.0,0.0,6.2768
1359.0,2026-05-05T22:32:24.084559+00:00,73.591,0.1949,96.6413,-0.1652,0.75,0.0,1500.0,0.0,6.2887
1359.500425,2026-05-05T22:32:24.585117+00:00,73.6394,0.1498,96.4929,-0.1655,0.75,0.0,1500.0,0.0,6.2945
1360.0,2026-05-05T22:32:25.090454+00:00,73.6765,0.1152,96.7259,-0.0887,0.75,0.0,1500.0,0.0,6.2973
1360.5,2026-05-05T22:32:25.584711+00:00,73.5778,0.0249,96.7894,-0.0219,0.75,0.0,1500.0,0.0,6.2987
1361.0,2026-05-05T22:32:26.084344+00:00,73.3747,-0.1082,96.6993,0.0218,0.75,0.0,1500.0,0.0,6.2994
1361.5,2026-05-05T22:32:26.584335+00:00,73.4731,-0.0831,96.7689,-0.0218,0.75,0.0,1500.0,0.0,6.2997
1362.0,2026-05-05T22:32:27.084695+00:00,73.4215,-0.1275,96.7066,0.0218,0.75,0.0,1500.0,0.0,6.2998
1362.5,2026-05-05T22:32:27.589073+00:00,73.3818,-0.098,96.5431,0.0167,0.75,0.0,1500.0,0.0,6.2999
1363.0,2026-05-05T22:32:28.084350+00:00,73.3513,-0.0117,96.5331,-0.0643,0.75,0.0,1500.0,0.0,6.3
1363.5,2026-05-05T22:32:28.584422+00:00,73.4551,-0.009,96.5023,-0.0957,0.75,0.0,1500.0,0.0,6.3
1364.0,2026-05-05T22:32:29.084442+00:00,73.4077,-0.0069,96.5018,-0.0658,0.75,0.0,1500.0,0.0,6.3
1364.500182,2026-05-05T22:32:29.584570+00:00,73.2439,-0.0689,96.6171,-0.0506,0.75,0.0,1500.0,0.0,6.3
1365.0,2026-05-05T22:32:30.093372+00:00,73.3726,0.0106,96.4743,-0.0775,0.75,0.0,1500.0,0.0,6.3
1365.500011,2026-05-05T22:32:30.584361+00:00,73.217,-0.1191,96.5959,0.0176,0.75,0.0,1500.0,0.0,6.3
1366.0,2026-05-05T22:32:31.084832+00:00,73.0973,-0.1552,96.5737,0.0135,0.75,0.0,1500.0,0.0,6.3
1366.501569,2026-05-05T22:32:31.585972+00:00,73.1327,-0.0556,96.5567,0.0181,0.75,0.0,1500.0,0.0,6.3
1367.0,2026-05-05T22:32:32.084556+00:00,73.2871,-0.0428,96.4279,-0.0246,0.75,0.0,1500.0,0.0,6.3
1367.5,2026-05-05T22:32:32.589972+00:00,73.1512,-0.0329,96.3289,-0.0961,0.75,0.0,1500.0,0.0,6.3
1368.0,2026-05-05T22:32:33.084501+00:00,73.3014,0.102,96.4842,0.0033,0.75,0.0,1500.0,0.0,6.3512
1368.5,2026-05-05T22:32:33.584379+00:00,73.4167,0.142,96.349,-0.0823,0.75,0.0,1500.0,0.0,6.3762
1369.0,2026-05-05T22:32:34.084833+00:00,73.5054,0.1092,96.5228,-0.017,0.75,0.0,1500.0,0.0,6.3884
1369.5,2026-05-05T22:32:34.584679+00:00,73.5736,0.2112,96.4944,-0.0208,0.75,0.0,1500.0,0.0,6.3431
1370.0,2026-05-05T22:32:35.090312+00:00,73.4987,0.0987,96.4725,0.0149,0.75,0.0,1500.0,0.0,6.321
1370.5,2026-05-05T22:32:35.584369+00:00,73.4412,0.0122,96.4557,0.0423,0.75,0.0,1500.0,0.0,6.3103
1371.0,2026-05-05T22:32:36.084448+00:00,73.5242,0.0094,96.466,-0.0061,0.75,0.0,1500.0,0.0,6.3562
1371.5,2026-05-05T22:32:36.584341+00:00,73.4607,-0.0564,96.5896,0.0802,0.75,0.0,1500.0,0.0,6.3786
1372.0,2026-05-05T22:32:37.084807+00:00,73.2847,-0.107,96.6845,0.0539,0.75,0.0,1500.0,0.0,6.3896
1372.501617,2026-05-05T22:32:37.594126+00:00,73.4039,-0.0186,96.5261,0.0106,0.75,0.0,1500.0,0.0,6.3437
1373.0,2026-05-05T22:32:38.084353+00:00,73.2411,-0.1416,96.6358,0.0544,0.75,0.0,1500.0,0.0,6.3725
1373.500333,2026-05-05T22:32:38.584882+00:00,73.2431,-0.1088,96.4887,0.011,0.75,0.0,1500.0,0.0,6.3866
1374.001995,2026-05-05T22:32:39.086433+00:00,73.372,0.0436,96.607,0.047,0.75,0.0,1500.0,0.0,6.3935
1374.5,2026-05-05T22:32:39.584353+00:00,73.471,0.0335,96.4434,-0.0487,0.75,0.0,1500.0,0.0,6.3456
1375.0,2026-05-05T22:32:40.091863+00:00,73.5472,0.153,96.5722,-0.0374,0.75,0.0,1500.0,0.0,6.3223
1375.50108,2026-05-05T22:32:40.585435+00:00,73.4784,0.1176,96.4166,-0.0365,0.75,0.0,1500.0,0.0,6.3621
1376.000196,2026-05-05T22:32:41.084535+00:00,73.2983,-0.0369,96.2971,-0.1129,0.75,0.0,1500.0,0.0,6.3815
1376.5,2026-05-05T22:32:41.584530+00:00,73.2871,-0.092,96.344,-0.0482,0.75,0.0,1500.0,0.0,6.3398
1377.001994,2026-05-05T22:32:42.086457+00:00,73.1512,-0.198,96.3801,-0.0756,0.75,0.0,1500.0,0.0,6.3194
1377.5,2026-05-05T22:32:42.590000+00:00,73.0468,-0.2158,96.4079,-0.0118,0.75,0.0,1500.0,0.0,6.3095
1378.0,2026-05-05T22:32:43.084552+00:00,73.0938,-0.1022,95.9432,-0.2096,0.75,0.0,1500.0,0.0,6.3558
1378.5,2026-05-05T22:32:43.584386+00:00,73.3845,0.0487,96.1878,-0.0763,0.75,0.0,1500.0,0.0,6.3784
1379.000382,2026-05-05T22:32:44.084789+00:00,73.4807,0.1647,96.26,-0.0124,0.75,0.0,1500.0,0.0,6.3895
1379.5,2026-05-05T22:32:44.584616+00:00,73.3,0.1266,96.1999,-0.0481,0.75,0.0,1500.0,0.0,6.3949
1380.0,2026-05-05T22:32:45.091988+00:00,73.1612,0.0337,96.2925,-0.0292,0.75,0.0,1500.0,0.0,6.3975
1380.5,2026-05-05T22:32:45.584360+00:00,73.4363,0.0259,96.2248,-0.061,0.75,0.0,1500.0,0.0,6.3476
1381.0,2026-05-05T22:32:46.084392+00:00,73.5204,0.0199,96.4042,0.1536,0.75,0.0,1500.0,0.0,6.3232
1381.501595,2026-05-05T22:32:46.585939+00:00,73.3306,0.0153,96.3106,0.041,0.75,0.0,1500.0,0.0,6.3113
1382.0,2026-05-05T22:32:47.084402+00:00,73.4392,0.139,96.4702,0.07,0.75,0.0,1500.0,0.0,6.3055
1382.5,2026-05-05T22:32:47.591810+00:00,73.3954,-0.0204,96.7085,0.1695,0.75,0.0,1500.0,0.0,6.3027
1383.0,2026-05-05T22:32:48.084369+00:00,73.489,-0.0157,96.4288,0.0455,0.75,0.0,1500.0,0.0,6.3013
1383.500306,2026-05-05T22:32:48.584663+00:00,73.561,0.1152,96.561,0.1121,0.75,0.0,1500.0,0.0,6.3006
1384.0,2026-05-05T22:32:49.084921+00:00,73.6163,0.0885,96.6626,0.0861,0.75,0.0,1500.0,0.0,6.3003
1384.5,2026-05-05T22:32:49.584323+00:00,73.5315,0.0681,96.625,0.1048,0.75,0.0,1500.0,0.0,6.3002
1385.0,2026-05-05T22:32:50.091336+00:00,73.7209,0.1159,96.596,0.042,0.75,0.0,1500.0,0.0,6.3001
1385.5,2026-05-05T22:32:50.584569+00:00,73.612,0.0255,96.8052,0.0323,0.75,0.0,1500.0,0.0,6.3
1386.000649,2026-05-05T22:32:51.085032+00:00,73.5282,-0.0441,96.7346,0.1019,0.75,0.0,1500.0,0.0,6.3
1386.5,2026-05-05T22:32:51.584373+00:00,73.5911,0.0298,96.6803,0.0398,0.75,0.0,1500.0,0.0,6.3
1387.0,2026-05-05T22:32:52.084739+00:00,73.3849,-0.168,96.87,0.0691,0.75,0.0,1500.0,0.0,6.3
1387.5,2026-05-05T22:32:52.589258+00:00,73.3537,-0.1291,96.8769,0.084,0.75,0.0,1500.0,0.0,6.3
1388.0,2026-05-05T22:32:53.084405+00:00,73.3297,-0.0993,96.5583,-0.0126,0.75,0.0,1500.0,0.0,6.3
1388.5,2026-05-05T22:32:53.584684+00:00,73.184,-0.2036,96.6605,-0.0482,0.75,0.0,1500.0,0.0,6.3
1389.0,2026-05-05T22:32:54.084381+00:00,73.1993,-0.0928,96.5077,-0.0756,0.75,0.0,1500.0,0.0,6.3
1389.5,2026-05-05T22:32:54.584885+00:00,73.3383,-0.0077,96.5059,-0.0581,0.75,0.0,1500.0,0.0,6.3
1390.0,2026-05-05T22:32:55.095459+00:00,73.3178,-0.0059,96.6202,-0.0833,0.75,0.0,1500.0,0.0,6.3
1390.5,2026-05-05T22:32:55.584326+00:00,73.3021,0.0591,96.7081,-0.0563,0.75,0.0,1500.0,0.0,6.3
1391.0,2026-05-05T22:32:56.084399+00:00,73.1628,-0.0182,96.8914,0.111,0.75,0.0,1500.0,0.0,6.3
1391.501922,2026-05-05T22:32:56.586306+00:00,73.0557,-0.1413,96.9165,0.0853,0.75,0.0,1500.0,0.0,6.3
1392.0,2026-05-05T22:32:57.084367+00:00,73.1007,-0.1086,96.8201,0.1041,0.75,0.0,1500.0,0.0,6.3
1392.5,2026-05-05T22:32:57.589446+00:00,73.3898,0.0438,96.8386,0.1109,0.75,0.0,1500.0,0.0,6.2488
1393.0,2026-05-05T22:32:58.084394+00:00,73.4847,0.1609,96.5288,-0.0305,0.75,0.0,1500.0,0.0,6.275
1393.5,2026-05-05T22:32:58.584422+00:00,73.4304,0.1873,96.5222,-0.062,0.75,0.0,1500.0,0.0,6.2878
1394.0,2026-05-05T22:32:59.084396+00:00,73.3886,0.144,96.7484,-0.0476,0.75,0.0,1500.0,0.0,6.294
1394.5,2026-05-05T22:32:59.584372+00:00,73.3566,-0.0166,96.5521,-0.1215,0.75,0.0,1500.0,0.0,6.2971
1395.0,2026-05-05T22:33:00.088748+00:00,73.3319,-0.0764,96.6558,-0.0548,0.75,0.0,1500.0,0.0,6.2986
1395.5,2026-05-05T22:33:00.584475+00:00,73.0584,-0.186,96.6197,-0.073,0.75,0.0,1500.0,0.0,6.2993
1396.0,2026-05-05T22:33:01.084384+00:00,72.9755,-0.2066,96.3375,-0.0638,0.75,0.0,1500.0,0.0,6.2997
1396.5,2026-05-05T22:33:01.584384+00:00,73.1663,-0.0951,96.3519,-0.0567,0.75,0.0,1500.0,0.0,6.2998
1397.0,2026-05-05T22:33:02.084471+00:00,73.1856,-0.0731,96.4788,-0.0899,0.75,0.0,1500.0,0.0,6.2999
1397.5,2026-05-05T22:33:02.588854+00:00,73.0733,0.0074,96.368,-0.0614,0.75,0.0,1500.0,0.0,6.2488
1398.0,2026-05-05T22:33:03.084360+00:00,72.9869,0.0057,96.0283,-0.2092,0.75,0.0,1500.0,0.0,6.275
1398.5,2026-05-05T22:33:03.584357+00:00,73.0478,-0.0592,96.3688,-0.0836,0.75,0.0,1500.0,0.0,6.2878
1399.00057,2026-05-05T22:33:04.084959+00:00,73.0946,-0.0455,96.3761,0.0129,0.75,0.0,1500.0,0.0,6.294
1399.5,2026-05-05T22:33:04.584375+00:00,73.1305,0.0286,96.3816,0.0099,0.75,0.0,1500.0,0.0,6.2971
1400.0,2026-05-05T22:33:05.095453+00:00,73.0309,0.022,96.2933,-0.0618,0.75,0.0,1500.0,0.0,6.2986
1400.5,2026-05-05T22:33:05.584453+00:00,73.2089,0.0806,96.3411,-0.009,0.75,0.0,1500.0,0.0,6.2993
1401.0,2026-05-05T22:33:06.084352+00:00,73.3457,0.1255,96.6093,0.1937,0.75,0.0,1500.0,0.0,6.2997
1401.5,2026-05-05T22:33:06.584371+00:00,73.4508,0.1601,96.6997,0.1103,0.75,0.0,1500.0,0.0,6.2998
1402.0,2026-05-05T22:33:07.084752+00:00,73.2771,0.1231,96.4221,0.0153,0.75,0.0,1500.0,0.0,6.2999
1402.500173,2026-05-05T22:33:07.591792+00:00,73.1435,-0.0327,96.3244,-0.0191,0.75,0.0,1500.0,0.0,6.3
1403.0,2026-05-05T22:33:08.084686+00:00,73.2954,-0.0251,96.1336,-0.0532,0.75,0.0,1500.0,0.0,6.3
1403.5,2026-05-05T22:33:08.584388+00:00,73.0304,-0.2102,96.2184,-0.0409,0.75,0.0,1500.0,0.0,6.3
1404.0,2026-05-05T22:33:09.084428+00:00,72.9539,-0.1616,96.2836,-0.1086,0.75,0.0,1500.0,0.0,6.3
1404.5,2026-05-05T22:33:09.584423+00:00,73.0224,-0.0605,96.4262,-0.0912,0.75,0.0,1500.0,0.0,6.3
1405.001083,2026-05-05T22:33:10.093283+00:00,73.0751,-0.1102,96.235,-0.0624,0.75,0.0,1500.0,0.0,6.3
1405.5,2026-05-05T22:33:10.584357+00:00,73.1156,0.0426,96.1575,-0.0556,0.75,0.0,1500.0,0.0,6.3
1406.0,2026-05-05T22:33:11.084380+00:00,73.0194,0.0327,96.0979,-0.0119,0.75,0.0,1500.0,0.0,6.3
1406.5,2026-05-05T22:33:11.584429+00:00,72.8182,-0.1021,96.3067,0.0294,0.75,0.0,1500.0,0.0,6.3
1407.0,2026-05-05T22:33:12.084634+00:00,72.9181,-0.0785,96.3514,0.0226,0.75,0.0,1500.0,0.0,6.3
1407.5,2026-05-05T22:33:12.589270+00:00,72.9949,-0.0603,96.2469,-0.0598,0.75,0.0,1500.0,0.0,6.3
1408.0,2026-05-05T22:33:13.086185+00:00,73.054,0.0173,96.0741,-0.0536,0.75,0.0,1500.0,0.0,6.3
1408.501247,2026-05-05T22:33:13.585632+00:00,73.2266,0.2042,95.9413,-0.0721,0.75,0.0,1500.0,0.0,6.3
1409.0,2026-05-05T22:33:14.084358+00:00,73.232,0.1569,96.0474,-0.0168,0.75,0.0,1500.0,0.0,6.3
1409.5,2026-05-05T22:33:14.586432+00:00,73.3634,0.1843,96.1521,-0.0515,0.75,0.0,1500.0,0.0,6.3
1410.0,2026-05-05T22:33:15.090023+00:00,73.4645,0.2053,96.2326,-0.0396,0.75,0.0,1500.0,0.0,6.3
1410.5,2026-05-05T22:33:15.584340+00:00,73.4148,0.0941,96.2945,0.0159,0.75,0.0,1500.0,0.0,6.3
1411.0,2026-05-05T22:33:16.084364+00:00,73.504,0.136,96.4578,0.1279,0.75,0.0,1500.0,0.0,6.3
1411.500815,2026-05-05T22:33:16.585140+00:00,73.3179,-0.0228,96.4675,0.1754,0.75,0.0,1500.0,0.0,6.3
1412.0,2026-05-05T22:33:17.084342+00:00,73.4295,-0.0175,96.4519,0.1348,0.75,0.0,1500.0,0.0,6.3
1412.5,2026-05-05T22:33:17.591714+00:00,73.2607,-0.0771,96.463,0.1036,0.75,0.0,1500.0,0.0,6.2488
1413.0,2026-05-05T22:33:18.084361+00:00,73.2582,-0.1229,96.3559,0.0411,0.75,0.0,1500.0,0.0,6.275
1413.5,2026-05-05T22:33:18.584447+00:00,73.2563,-0.0308,96.5049,0.0701,0.75,0.0,1500.0,0.0,6.2878
1414.0,2026-05-05T22:33:19.084369+00:00,73.2548,-0.0873,96.6195,0.0539,0.75,0.0,1500.0,0.0,6.294
1414.5,2026-05-05T22:33:19.584320+00:00,73.2537,-0.0035,96.7075,0.08,0.75,0.0,1500.0,0.0,6.2971
1415.0,2026-05-05T22:33:20.092050+00:00,73.1256,-0.0663,96.4281,-0.0079,0.75,0.0,1500.0,0.0,6.2986
1415.5,2026-05-05T22:33:20.584360+00:00,73.1544,-0.051,96.4448,-0.0061,0.75,0.0,1500.0,0.0,6.2993
1416.0,2026-05-05T22:33:21.084491+00:00,73.1765,-0.0392,96.5732,0.0724,0.75,0.0,1500.0,0.0,6.2997
1416.5,2026-05-05T22:33:21.584394+00:00,73.0662,-0.0937,96.672,0.0557,0.75,0.0,1500.0,0.0,6.2998
1417.0,2026-05-05T22:33:22.084358+00:00,72.9815,-0.072,96.6322,0.0042,0.75,0.0,1500.0,0.0,6.2999
1417.5,2026-05-05T22:33:22.590306+00:00,73.1709,0.0083,96.7173,0.0033,0.75,0.0,1500.0,0.0,6.2488
1418.0,2026-05-05T22:33:23.084442+00:00,73.1892,0.0063,96.7827,0.1182,0.75,0.0,1500.0,0.0,6.275
1418.5,2026-05-05T22:33:23.584331+00:00,73.2033,0.0685,96.3702,-0.0249,0.75,0.0,1500.0,0.0,6.2878
1419.0,2026-05-05T22:33:24.084327+00:00,73.2141,0.1163,96.2845,-0.0962,0.75,0.0,1500.0,0.0,6.294
1419.5,2026-05-05T22:33:24.584421+00:00,73.0951,-0.0379,96.3113,-0.1202,0.75,0.0,1500.0,0.0,6.2971
1420.001496,2026-05-05T22:33:25.093236+00:00,73.131,-0.0291,96.1235,-0.1696,0.75,0.0,1500.0,0.0,6.2986
1420.5,2026-05-05T22:33:25.584477+00:00,73.1585,-0.0224,96.3263,-0.1303,0.75,0.0,1500.0,0.0,6.2993
1421.0,2026-05-05T22:33:26.084566+00:00,72.7979,-0.2081,96.4822,-0.1002,0.75,0.0,1500.0,0.0,6.2997
1421.5,2026-05-05T22:33:26.584356+00:00,72.7752,-0.16,96.1161,-0.0847,0.75,0.0,1500.0,0.0,6.2998
1422.0,2026-05-05T22:33:27.084391+00:00,72.7578,-0.1866,96.0661,-0.0728,0.75,0.0,1500.0,0.0,6.2999
1422.5,2026-05-05T22:33:27.589453+00:00,72.7444,-0.207,95.9351,-0.1254,0.75,0.0,1500.0,0.0,6.2488
1423.001997,2026-05-05T22:33:28.086497+00:00,72.7342,-0.0319,96.2047,0.027,0.75,0.0,1500.0,0.0,6.275
1423.5,2026-05-05T22:33:28.584338+00:00,72.7263,-0.0245,96.3656,0.0131,0.75,0.0,1500.0,0.0,6.2878
1424.0,2026-05-05T22:33:29.084488+00:00,72.8474,0.0448,96.6281,0.0486,0.75,0.0,1500.0,0.0,6.294
1424.5,2026-05-05T22:33:29.584364+00:00,72.9406,0.0981,96.367,0.0836,0.75,0.0,1500.0,0.0,6.2971
1425.0,2026-05-05T22:33:30.091003+00:00,73.0122,0.139,96.5135,0.1491,0.75,0.0,1500.0,0.0,6.2986
1425.5,2026-05-05T22:33:30.584348+00:00,72.94,0.1069,96.4872,0.184,0.75,0.0,1500.0,0.0,6.2993
1426.000449,2026-05-05T22:33:31.085182+00:00,72.8844,0.0185,96.3745,0.0566,0.75,0.0,1500.0,0.0,6.2997
1426.5,2026-05-05T22:33:31.584433+00:00,72.969,0.0142,96.2647,-0.0336,0.75,0.0,1500.0,0.0,6.2998
1427.0,2026-05-05T22:33:32.084399+00:00,72.9068,-0.0527,96.2034,-0.1415,0.75,0.0,1500.0,0.0,6.2999
1427.500299,2026-05-05T22:33:32.590370+00:00,72.8589,-0.0405,96.3878,0.0069,0.75,0.0,1500.0,0.0,6.3
1428.0,2026-05-05T22:33:33.084415+00:00,72.9494,0.0325,96.4137,-0.0333,0.75,0.0,1500.0,0.0,6.3
1428.5,2026-05-05T22:33:33.584371+00:00,73.019,0.025,96.4106,-0.0256,0.75,0.0,1500.0,0.0,6.3
1429.001989,2026-05-05T22:33:34.086478+00:00,73.0724,0.0828,96.1999,-0.0582,0.75,0.0,1500.0,0.0,6.3
1429.5,2026-05-05T22:33:34.584336+00:00,73.1135,0.1273,96.1536,-0.037,0.75,0.0,1500.0,0.0,6.3
1430.0,2026-05-05T22:33:35.090453+00:00,73.1451,0.0978,96.4652,0.0872,0.75,0.0,1500.0,0.0,6.3
1430.501268,2026-05-05T22:33:35.585613+00:00,72.9148,-0.0521,96.4732,0.0285,0.75,0.0,1500.0,0.0,6.2488
1431.0,2026-05-05T22:33:36.084332+00:00,73.1197,0.0236,96.7108,0.099,0.75,0.0,1500.0,0.0,6.2238
1431.5,2026-05-05T22:33:36.584348+00:00,73.0226,-0.0455,96.662,0.0838,0.75,0.0,1500.0,0.0,6.2116
1432.0,2026-05-05T22:33:37.084835+00:00,73.2025,0.0287,96.7402,0.1801,0.75,0.0,1500.0,0.0,6.2057
1432.5,2026-05-05T22:33:37.589527+00:00,73.2135,0.1493,96.8003,0.2156,0.75,0.0,1500.0,0.0,6.2028
1433.0,2026-05-05T22:33:38.084533+00:00,73.0946,-0.0125,96.8465,0.1271,0.75,0.0,1500.0,0.0,6.2526
1433.5,2026-05-05T22:33:38.584350+00:00,73.1306,0.054,96.7664,0.0977,0.75,0.0,1500.0,0.0,6.2768
1434.0,2026-05-05T22:33:39.084579+00:00,73.2855,0.0415,96.7047,-0.002,0.75,0.0,1500.0,0.0,6.2887
1434.5,2026-05-05T22:33:39.584681+00:00,73.4046,0.0955,96.773,0.037,0.75,0.0,1500.0,0.0,6.2945
1435.000373,2026-05-05T22:33:40.093131+00:00,73.3688,0.1371,96.5942,-0.0487,0.75,0.0,1500.0,0.0,6.2973
1435.5,2026-05-05T22:33:40.584438+00:00,73.3413,0.1054,96.6649,-0.0451,0.75,0.0,1500.0,0.0,6.2987
1436.002143,2026-05-05T22:33:41.086534+00:00,73.0656,-0.1099,96.7425,-0.0347,0.75,0.0,1500.0,0.0,6.2994
1436.5,2026-05-05T22:33:41.584616+00:00,73.1083,-0.1481,96.7095,-0.019,0.75,0.0,1500.0,0.0,6.2997
1437.0,2026-05-05T22:33:42.084426+00:00,73.0138,-0.1775,97.0081,0.1011,0.75,0.0,1500.0,0.0,6.2998
1437.5,2026-05-05T22:33:42.590410+00:00,73.0685,-0.1364,96.8905,0.0392,0.75,0.0,1500.0,0.0,6.2999
1438.0,2026-05-05T22:33:43.084454+00:00,73.1105,0.0224,96.9159,0.1072,0.75,0.0,1500.0,0.0,6.3
1438.5,2026-05-05T22:33:43.584401+00:00,73.27,0.0809,97.051,0.1287,0.75,0.0,1500.0,0.0,6.3
1439.0,2026-05-05T22:33:44.084339+00:00,73.2654,0.1258,96.8078,0.0218,0.75,0.0,1500.0,0.0,6.3
1439.5,2026-05-05T22:33:44.584365+00:00,73.2618,0.0967,96.8523,0.0476,0.75,0.0,1500.0,0.0,6.3
1440.0,2026-05-05T22:33:45.092247+00:00,73.3864,0.1379,96.8865,-0.0405,0.75,0.0,1500.0,0.0,6.3
1440.5,2026-05-05T22:33:45.584334+00:00,73.2275,-0.0212,96.6813,-0.0697,0.75,0.0,1500.0,0.0,6.3
1441.0,2026-05-05T22:33:46.084460+00:00,73.1055,-0.08,96.8476,-0.0227,0.75,0.0,1500.0,0.0,6.3
1441.5,2026-05-05T22:33:46.584796+00:00,73.1389,-0.0615,96.7441,-0.1023,0.75,0.0,1500.0,0.0,6.3
1442.000492,2026-05-05T22:33:47.084818+00:00,73.2919,-0.0472,96.5719,-0.0786,0.75,0.0,1500.0,0.0,6.3
1442.5,2026-05-05T22:33:47.590844+00:00,73.1549,-0.0363,96.4395,-0.1376,0.75,0.0,1500.0,0.0,6.3
1443.0,2026-05-05T22:33:48.084379+00:00,73.1769,0.0357,96.4535,-0.1443,0.75,0.0,1500.0,0.0,6.3
1443.5,2026-05-05T22:33:48.584396+00:00,73.0666,-0.0362,96.3486,-0.1109,0.75,0.0,1500.0,0.0,6.3
1444.0,2026-05-05T22:33:49.084352+00:00,73.2363,-0.0278,96.615,-0.0775,0.75,0.0,1500.0,0.0,6.3
1444.5,2026-05-05T22:33:49.584585+00:00,73.2395,0.0423,96.4496,-0.0982,0.75,0.0,1500.0,0.0,6.3
1445.000901,2026-05-05T22:33:50.089421+00:00,73.2419,0.0325,96.3224,-0.0832,0.75,0.0,1500.0,0.0,6.3
1445.5,2026-05-05T22:33:50.584360+00:00,73.1165,0.025,96.4792,0.0132,0.75,0.0,1500.0,0.0,6.3
1446.0,2026-05-05T22:33:51.084833+00:00,73.1474,-0.0444,96.5997,0.0487,0.75,0.0,1500.0,0.0,6.3
1446.500491,2026-05-05T22:33:51.584834+00:00,73.1711,-0.0342,96.5766,0.076,0.75,0.0,1500.0,0.0,6.3
1447.0,2026-05-05T22:33:52.084614+00:00,73.1894,-0.0263,96.7903,0.0584,0.75,0.0,1500.0,0.0,6.3
1447.5,2026-05-05T22:33:52.592014+00:00,73.0761,-0.0202,96.7231,0.0912,0.75,0.0,1500.0,0.0,6.2488
1448.0,2026-05-05T22:33:53.084340+00:00,72.9891,-0.0791,96.5558,0.0778,0.75,0.0,1500.0,0.0,6.275
1448.5,2026-05-05T22:33:53.584358+00:00,73.0495,-0.0608,96.4272,-0.0173,0.75,0.0,1500.0,0.0,6.2878
1449.0,2026-05-05T22:33:54.084352+00:00,73.0959,-0.0468,96.3052,-0.0982,0.75,0.0,1500.0,0.0,6.294
1449.5,2026-05-05T22:33:54.584368+00:00,73.1315,0.0277,96.2346,-0.114,0.75,0.0,1500.0,0.0,6.2971
1450.0,2026-05-05T22:33:55.091435+00:00,72.9044,-0.0423,96.3886,-0.1339,0.75,0.0,1500.0,0.0,6.2986
1450.5,2026-05-05T22:33:55.584396+00:00,72.9844,-0.0325,96.4143,-0.1029,0.75,0.0,1500.0,0.0,6.2993
1451.0,2026-05-05T22:33:56.084308+00:00,72.9186,-0.0887,96.5499,-0.002,0.75,0.0,1500.0,0.0,6.2997
1451.5,2026-05-05T22:33:56.584336+00:00,72.868,-0.1318,96.8854,0.1527,0.75,0.0,1500.0,0.0,6.2998
1452.000532,2026-05-05T22:33:57.084905+00:00,73.0837,0.0896,97.0276,0.2408,0.75,0.0,1500.0,0.0,6.2999
1452.500868,2026-05-05T22:33:57.589773+00:00,72.8676,-0.0584,97.0212,0.2622,0.75,0.0,1500.0,0.0,6.3
1453.0,2026-05-05T22:33:58.084492+00:00,72.9561,0.0188,97.132,0.2478,0.75,0.0,1500.0,0.0,6.3
1453.503026,2026-05-05T22:33:58.587475+00:00,72.7696,-0.0492,97.0089,0.1982,0.75,0.0,1500.0,0.0,6.3
1454.0,2026-05-05T22:33:59.084381+00:00,72.7535,-0.1651,97.0069,0.1523,0.75,0.0,1500.0,0.0,6.3
1454.5,2026-05-05T22:33:59.584932+00:00,72.8684,0.0004,97.121,0.0785,0.75,0.0,1500.0,0.0,6.3
1455.00063,2026-05-05T22:34:00.089320+00:00,72.8294,-0.0633,96.9773,-0.0168,0.75,0.0,1500.0,0.0,6.3
1455.5,2026-05-05T22:34:00.584514+00:00,72.7995,0.0149,97.1214,0.0334,0.75,0.0,1500.0,0.0,6.3
1456.0,2026-05-05T22:34:01.084699+00:00,72.9037,0.0751,97.3247,0.0642,0.75,0.0,1500.0,0.0,6.3
1456.5,2026-05-05T22:34:01.584351+00:00,72.9838,0.0577,97.1339,0.0416,0.75,0.0,1500.0,0.0,6.3
1457.0,2026-05-05T22:34:02.084460+00:00,73.1727,0.1716,97.2186,0.0706,0.75,0.0,1500.0,0.0,6.3
1457.502851,2026-05-05T22:34:02.694604+00:00,73.3179,0.2592,97.168,0.0157,0.75,0.0,1500.0,0.0,6.2488
1458.0,2026-05-05T22:34:03.084312+00:00,72.9203,0.0083,97.2217,0.0815,0.75,0.0,1500.0,0.0,6.275
1458.5,2026-05-05T22:34:03.584562+00:00,72.9966,0.0064,97.1704,0.0163,0.75,0.0,1500.0,0.0,6.2878
1459.000001,2026-05-05T22:34:04.084739+00:00,73.0553,-0.0587,97.0153,-0.1031,0.75,0.0,1500.0,0.0,6.294
1459.5,2026-05-05T22:34:04.584316+00:00,73.1003,-0.1088,97.0117,-0.0407,0.75,0.0,1500.0,0.0,6.2971
1460.0,2026-05-05T22:34:05.090442+00:00,73.135,0.1073,97.009,-0.0699,0.75,0.0,1500.0,0.0,6.2986
1460.5,2026-05-05T22:34:05.584348+00:00,73.1616,0.0825,96.7524,-0.1385,0.75,0.0,1500.0,0.0,6.3505
1461.0,2026-05-05T22:34:06.084436+00:00,72.9275,-0.0639,96.9254,-0.0988,0.75,0.0,1500.0,0.0,6.3758
1461.5,2026-05-05T22:34:06.584506+00:00,73.1294,0.0145,96.9427,-0.0759,0.75,0.0,1500.0,0.0,6.3882
1462.0,2026-05-05T22:34:07.084358+00:00,73.1573,0.0112,96.6088,-0.1355,0.75,0.0,1500.0,0.0,6.3942
1462.5,2026-05-05T22:34:07.592321+00:00,73.306,0.0722,96.9076,-0.0347,0.75,0.0,1500.0,0.0,6.346
1463.0,2026-05-05T22:34:08.084743+00:00,73.4203,0.2464,96.8133,-0.0652,0.75,0.0,1500.0,0.0,6.3736
1463.500443,2026-05-05T22:34:08.584848+00:00,73.2536,0.0621,96.4862,-0.0887,0.75,0.0,1500.0,0.0,6.3871
1464.0,2026-05-05T22:34:09.084352+00:00,73.1255,-0.0159,96.4663,-0.153,0.75,0.0,1500.0,0.0,6.3937
1464.5,2026-05-05T22:34:09.584447+00:00,73.2816,-0.0122,96.5898,-0.1176,0.75,0.0,1500.0,0.0,6.3969
1465.0,2026-05-05T22:34:10.088584+00:00,73.2743,-0.073,96.5922,-0.0056,0.75,0.0,1500.0,0.0,6.3985
1465.5,2026-05-05T22:34:10.584351+00:00,73.3959,0.0711,96.6865,-0.0737,0.75,0.0,1500.0,0.0,6.3481
1466.0,2026-05-05T22:34:11.084799+00:00,73.3622,0.1183,96.6434,-0.0566,0.75,0.0,1500.0,0.0,6.3235
1466.502036,2026-05-05T22:34:11.586429+00:00,73.4635,0.0909,96.7259,0.0799,0.75,0.0,1500.0,0.0,6.3114
1467.0,2026-05-05T22:34:12.084381+00:00,73.2868,0.0063,96.7893,0.1077,0.75,0.0,1500.0,0.0,6.3056
1467.5,2026-05-05T22:34:12.590841+00:00,73.4056,0.0048,96.8381,0.0828,0.75,0.0,1500.0,0.0,6.3027
1468.0,2026-05-05T22:34:13.084421+00:00,73.4968,0.0673,96.9681,0.1253,0.75,0.0,1500.0,0.0,6.3013
1468.5,2026-05-05T22:34:13.584503+00:00,73.1852,-0.1392,96.6284,-0.0194,0.75,0.0,1500.0,0.0,6.3006
1469.001944,2026-05-05T22:34:14.086335+00:00,73.2002,-0.0433,96.5755,-0.0226,0.75,0.0,1500.0,0.0,6.3003
1469.5,2026-05-05T22:34:14.584524+00:00,73.2117,-0.0969,96.4655,-0.0868,0.75,0.0,1500.0,0.0,6.3002
1470.0,2026-05-05T22:34:15.088904+00:00,73.2206,-0.1381,96.5892,-0.0667,0.75,0.0,1500.0,0.0,6.3001
1470.5,2026-05-05T22:34:15.584370+00:00,73.1001,-0.0425,96.3603,-0.1593,0.75,0.0,1500.0,0.0,6.3
1471.0,2026-05-05T22:34:16.084614+00:00,73.2621,0.0309,96.3695,-0.1995,0.75,0.0,1500.0,0.0,6.3
1471.5,2026-05-05T22:34:16.584415+00:00,73.2593,0.0238,96.5154,-0.0377,0.75,0.0,1500.0,0.0,6.3
1472.0,2026-05-05T22:34:17.084346+00:00,73.3844,0.0819,96.4887,-0.029,0.75,0.0,1500.0,0.0,6.3
1472.5,2026-05-05T22:34:17.589344+00:00,73.3533,0.1266,96.4913,0.0086,0.75,0.0,1500.0,0.0,6.3
1473.0,2026-05-05T22:34:18.084417+00:00,73.3294,0.0337,96.4933,-0.032,0.75,0.0,1500.0,0.0,6.3512
1473.5,2026-05-05T22:34:18.584412+00:00,73.1838,-0.0378,96.4949,0.0449,0.75,0.0,1500.0,0.0,6.3762
1474.0,2026-05-05T22:34:19.084433+00:00,73.1991,-0.0927,96.496,0.0422,0.75,0.0,1500.0,0.0,6.3884
1474.5,2026-05-05T22:34:19.584514+00:00,73.2109,-0.0712,96.3813,-0.0447,0.75,0.0,1500.0,0.0,6.3943
1475.00178,2026-05-05T22:34:20.092241+00:00,73.2199,-0.0547,96.5244,0.0119,0.75,0.0,1500.0,0.0,6.3972
1475.5,2026-05-05T22:34:20.584346+00:00,73.3542,0.0852,96.4956,0.0014,0.75,0.0,1500.0,0.0,6.3474
1476.0,2026-05-05T22:34:21.084389+00:00,73.2028,0.0018,96.4967,0.0011,0.75,0.0,1500.0,0.0,6.3232
1476.5,2026-05-05T22:34:21.584374+00:00,73.0864,-0.0622,96.4743,-0.0069,0.75,0.0,1500.0,0.0,6.3113
1477.0,2026-05-05T22:34:22.084630+00:00,73.2516,0.0158,96.4802,-0.0053,0.75,0.0,1500.0,0.0,6.3055
1477.5,2026-05-05T22:34:22.594380+00:00,73.2512,-0.0515,96.2534,-0.0426,0.75,0.0,1500.0,0.0,6.3027
1478.0,2026-05-05T22:34:23.084392+00:00,73.2509,0.0241,96.4262,-0.0328,0.75,0.0,1500.0,0.0,6.3013
1478.5,2026-05-05T22:34:23.584432+00:00,73.1234,0.0185,96.6515,0.052,0.75,0.0,1500.0,0.0,6.3006
1479.0,2026-05-05T22:34:24.084364+00:00,73.0255,-0.1131,96.5008,0.0014,0.75,0.0,1500.0,0.0,6.3003
1479.5,2026-05-05T22:34:24.584394+00:00,73.2047,-0.0233,96.4774,0.0011,0.75,0.0,1500.0,0.0,6.3002
1480.0,2026-05-05T22:34:25.093166+00:00,72.8334,-0.2088,96.367,-0.0378,0.75,0.0,1500.0,0.0,6.3001
1480.5,2026-05-05T22:34:25.584748+00:00,72.8025,-0.1605,96.3977,0.0481,0.75,0.0,1500.0,0.0,6.3
1481.0,2026-05-05T22:34:26.084363+00:00,72.9061,-0.0597,96.3057,-0.0402,0.75,0.0,1500.0,0.0,6.3
1481.5,2026-05-05T22:34:26.584328+00:00,73.1129,-0.0459,96.5589,-0.0309,0.75,0.0,1500.0,0.0,6.3
1482.0,2026-05-05T22:34:27.084731+00:00,73.1446,0.1556,96.6379,0.0457,0.75,0.0,1500.0,0.0,6.3
1482.5,2026-05-05T22:34:27.589627+00:00,73.0417,0.1196,96.4903,0.0043,0.75,0.0,1500.0,0.0,6.3
1483.0,2026-05-05T22:34:28.084544+00:00,73.2172,0.1556,96.3768,0.0033,0.75,0.0,1500.0,0.0,6.3512
1483.5,2026-05-05T22:34:28.584928+00:00,73.0975,-0.0077,96.521,0.0411,0.75,0.0,1500.0,0.0,6.325
1484.0,2026-05-05T22:34:29.084356+00:00,72.8783,-0.1332,96.2848,-0.007,0.75,0.0,1500.0,0.0,6.3122
1484.5,2026-05-05T22:34:29.584326+00:00,72.837,-0.1024,96.3346,-0.0748,0.75,0.0,1500.0,0.0,6.306
1485.0,2026-05-05T22:34:30.092478+00:00,73.0599,-0.0787,96.234,-0.1346,0.75,0.0,1500.0,0.0,6.3029
1485.5,2026-05-05T22:34:30.584493+00:00,72.9766,-0.0605,96.1567,-0.1112,0.75,0.0,1500.0,0.0,6.3014
1486.0,2026-05-05T22:34:31.084420+00:00,72.9126,0.0172,96.0973,-0.0932,0.75,0.0,1500.0,0.0,6.3007
1486.5,2026-05-05T22:34:31.584471+00:00,72.9907,0.0768,96.4219,-0.033,0.75,0.0,1500.0,0.0,6.3003
1487.000509,2026-05-05T22:34:32.084847+00:00,73.0507,-0.0046,96.3243,0.0132,0.75,0.0,1500.0,0.0,6.3002
1487.5,2026-05-05T22:34:32.589976+00:00,72.8423,-0.0672,96.2261,-0.0362,0.75,0.0,1500.0,0.0,6.3001
1488.0,2026-05-05T22:34:33.084476+00:00,72.9366,0.012,96.4052,0.0571,0.75,0.0,1500.0,0.0,6.3
1488.5,2026-05-05T22:34:33.584720+00:00,73.0091,0.0092,96.4271,0.0901,0.75,0.0,1500.0,0.0,6.3
1489.0,2026-05-05T22:34:34.084504+00:00,72.9376,-0.0565,96.6754,0.1927,0.75,0.0,1500.0,0.0,6.3
1489.5,2026-05-05T22:34:34.584621+00:00,73.1372,0.1474,96.8431,0.1404,0.75,0.0,1500.0,0.0,6.3
1490.0,2026-05-05T22:34:35.090429+00:00,73.1633,0.1133,96.6248,0.1002,0.75,0.0,1500.0,0.0,6.3
1490.5,2026-05-05T22:34:35.584353+00:00,73.1833,0.0871,96.7116,0.1619,0.75,0.0,1500.0,0.0,6.3
1491.000419,2026-05-05T22:34:36.085487+00:00,73.0715,0.0669,96.8941,0.163,0.75,0.0,1500.0,0.0,6.3
1491.5,2026-05-05T22:34:36.584344+00:00,72.9855,-0.0758,96.9186,0.1638,0.75,0.0,1500.0,0.0,6.3
1492.0,2026-05-05T22:34:37.084430+00:00,73.0467,-0.0583,96.9374,0.0873,0.75,0.0,1500.0,0.0,6.3
1492.5,2026-05-05T22:34:37.592597+00:00,72.9665,-0.1084,96.9519,0.0363,0.75,0.0,1500.0,0.0,6.3
1493.0,2026-05-05T22:34:38.084321+00:00,73.0321,-0.0197,97.0787,0.1513,0.75,0.0,1500.0,0.0,6.3
1493.5,2026-05-05T22:34:38.584475+00:00,73.0825,0.0485,97.0605,0.1163,0.75,0.0,1500.0,0.0,6.3
1494.000497,2026-05-05T22:34:39.084817+00:00,72.994,-0.0264,96.9308,0.0122,0.75,0.0,1500.0,0.0,6.3
1494.5,2026-05-05T22:34:39.584623+00:00,73.1805,0.107,96.9468,0.0094,0.75,0.0,1500.0,0.0,6.3
1495.0,2026-05-05T22:34:40.091101+00:00,73.0693,0.0186,96.9591,0.0072,0.75,0.0,1500.0,0.0,6.3
1495.5,2026-05-05T22:34:40.584369+00:00,72.9839,-0.0493,96.8529,-0.033,0.75,0.0,1500.0,0.0,6.3
1496.0,2026-05-05T22:34:41.084354+00:00,72.7909,-0.1015,96.7712,-0.1025,0.75,0.0,1500.0,0.0,6.3
1496.5,2026-05-05T22:34:41.584692+00:00,72.8971,-0.1417,96.6853,-0.1251,0.75,0.0,1500.0,0.0,6.3
1497.000273,2026-05-05T22:34:42.084638+00:00,72.9788,-0.0453,96.6193,-0.1038,0.75,0.0,1500.0,0.0,6.3
1497.500318,2026-05-05T22:34:42.590808+00:00,73.0415,0.0288,96.7074,-0.0798,0.75,0.0,1500.0,0.0,6.3
1498.0,2026-05-05T22:34:43.084513+00:00,72.9625,0.0858,96.6594,-0.0999,0.75,0.0,1500.0,0.0,6.3
1498.500264,2026-05-05T22:34:43.584607+00:00,73.1563,0.1296,96.4837,-0.1231,0.75,0.0,1500.0,0.0,6.3
1499.000296,2026-05-05T22:34:44.084893+00:00,73.3053,0.1632,96.6032,-0.056,0.75,0.0,1500.0,0.0,6.3
1499.5,2026-05-05T22:34:44.584747+00:00,73.2925,0.1255,96.5793,-0.0353,0.75,0.0,1500.0,0.0,6.3
1500.0,2026-05-05T22:34:45.089439+00:00,73.1554,0.0964,96.5609,-0.0195,0.75,0.0,1500.0,0.0,6.3
1500.500208,2026-05-05T22:34:45.584599+00:00,73.1773,0.0105,96.5468,-0.0535,0.75,0.0,1500.0,0.0,6.3
1501.0,2026-05-05T22:34:46.084822+00:00,73.1941,-0.0556,96.5129,-0.0488,0.75,0.0,1500.0,0.0,6.3
1501.5,2026-05-05T22:34:46.584352+00:00,73.207,-0.0427,96.3016,-0.0607,0.75,0.0,1500.0,0.0,6.3
1502.0,2026-05-05T22:34:47.084380+00:00,73.217,0.0308,96.1161,-0.1623,0.75,0.0,1500.0,0.0,6.3
1502.5,2026-05-05T22:34:47.590073+00:00,73.0973,-0.04,96.3207,-0.0862,0.75,0.0,1500.0,0.0,6.3
1503.000455,2026-05-05T22:34:48.084897+00:00,73.0054,-0.0943,96.2233,-0.1125,0.75,0.0,1500.0,0.0,6.3
1503.5,2026-05-05T22:34:48.584362+00:00,72.8075,-0.1998,96.3799,-0.0556,0.75,0.0,1500.0,0.0,6.3
1504.0,2026-05-05T22:34:49.084634+00:00,72.9099,-0.1536,96.292,-0.0736,0.75,0.0,1500.0,0.0,6.3
1504.5,2026-05-05T22:34:49.584328+00:00,72.734,-0.1817,96.0856,-0.072,0.75,0.0,1500.0,0.0,6.3
1505.0,2026-05-05T22:34:50.088964+00:00,72.7262,-0.1396,96.0426,-0.0245,0.75,0.0,1500.0,0.0,6.3
1505.5,2026-05-05T22:34:50.584593+00:00,72.7201,-0.0437,96.0559,-0.0882,0.75,0.0,1500.0,0.0,6.3
1506.0,2026-05-05T22:34:51.084742+00:00,72.7155,-0.0972,96.1587,-0.0215,0.75,0.0,1500.0,0.0,6.3
1506.5,2026-05-05T22:34:51.584400+00:00,72.7119,-0.0111,96.3534,-0.0088,0.75,0.0,1500.0,0.0,6.3
1507.0,2026-05-05T22:34:52.084532+00:00,72.7091,-0.0085,96.5956,0.1012,0.75,0.0,1500.0,0.0,6.3
1507.500495,2026-05-05T22:34:52.590850+00:00,72.8343,0.0571,96.342,0.0855,0.75,0.0,1500.0,0.0,6.3
1508.0,2026-05-05T22:34:53.084548+00:00,72.8032,0.0439,96.4943,0.1506,0.75,0.0,1500.0,0.0,6.3
1508.5,2026-05-05T22:34:53.584410+00:00,72.7793,0.0337,96.6113,0.1851,0.75,0.0,1500.0,0.0,6.3
1509.0,2026-05-05T22:34:54.084374+00:00,72.8882,0.0896,96.7013,0.1809,0.75,0.0,1500.0,0.0,6.3
1509.5,2026-05-05T22:34:54.584745+00:00,72.8447,0.0052,96.7704,0.139,0.75,0.0,1500.0,0.0,6.3
1510.001579,2026-05-05T22:34:55.092730+00:00,72.9385,0.0676,96.7078,0.0374,0.75,0.0,1500.0,0.0,6.3
1510.5,2026-05-05T22:34:55.584509+00:00,73.1378,0.1793,96.7754,0.1445,0.75,0.0,1500.0,0.0,6.3
1511.0,2026-05-05T22:34:56.084373+00:00,73.0365,0.0741,96.596,0.0339,0.75,0.0,1500.0,0.0,6.3
1511.5,2026-05-05T22:34:56.584362+00:00,72.9586,0.057,96.5738,-0.0125,0.75,0.0,1500.0,0.0,6.3
1512.0,2026-05-05T22:34:57.084329+00:00,72.8988,-0.0198,96.5336,-0.0559,0.75,0.0,1500.0,0.0,6.3
1512.5,2026-05-05T22:34:57.590401+00:00,72.8528,-0.1425,96.5258,-0.0815,0.75,0.0,1500.0,0.0,6.3
1513.0,2026-05-05T22:34:58.086203+00:00,72.8174,-0.1095,96.6587,-0.0164,0.75,0.0,1500.0,0.0,6.3
1513.5,2026-05-05T22:34:58.584542+00:00,72.7903,-0.0842,96.8534,0.026,0.75,0.0,1500.0,0.0,6.3
1514.0,2026-05-05T22:34:59.084387+00:00,72.8966,-0.0011,96.8873,0.0971,0.75,0.0,1500.0,0.0,6.3
1514.501337,2026-05-05T22:34:59.585667+00:00,72.7239,-0.0645,96.7745,0.0669,0.75,0.0,1500.0,0.0,6.3
1515.0,2026-05-05T22:35:00.093725+00:00,72.9729,0.0777,96.8267,0.0977,0.75,0.0,1500.0,0.0,6.3
1515.5,2026-05-05T22:35:00.584400+00:00,73.1643,0.187,96.7742,0.0828,0.75,0.0,1500.0,0.0,6.3
1516.0,2026-05-05T22:35:01.084343+00:00,73.0568,0.0801,96.7108,0.0174,0.75,0.0,1500.0,0.0,6.3
1516.5,2026-05-05T22:35:01.584341+00:00,72.9743,0.1252,96.7777,-0.0252,0.75,0.0,1500.0,0.0,6.3
1517.0,2026-05-05T22:35:02.084915+00:00,72.9108,-0.031,96.5746,-0.1042,0.75,0.0,1500.0,0.0,6.3
1517.500421,2026-05-05T22:35:02.589445+00:00,72.9893,-0.0875,96.3259,-0.1495,0.75,0.0,1500.0,0.0,6.3
1518.0,2026-05-05T22:35:03.084351+00:00,73.0496,-0.0036,96.4588,-0.1226,0.75,0.0,1500.0,0.0,6.3
1518.5,2026-05-05T22:35:03.584370+00:00,72.7142,-0.13,96.3295,-0.1483,0.75,0.0,1500.0,0.0,6.3
1519.001976,2026-05-05T22:35:04.086436+00:00,72.8382,-0.0363,96.1375,-0.1911,0.75,0.0,1500.0,0.0,6.3
1519.5,2026-05-05T22:35:04.584390+00:00,72.8062,-0.0915,96.1057,-0.224,0.75,0.0,1500.0,0.0,6.3
1520.0,2026-05-05T22:35:05.089445+00:00,72.7816,-0.134,96.0812,-0.1645,0.75,0.0,1500.0,0.0,6.3
1520.5,2026-05-05T22:35:05.584436+00:00,72.89,0.0879,95.9467,-0.1264,0.75,0.0,1500.0,0.0,6.3
1521.0,2026-05-05T22:35:06.084355+00:00,72.846,0.0039,95.8434,-0.2051,0.75,0.0,1500.0,0.0,6.3
1521.5,2026-05-05T22:35:06.584407+00:00,72.9395,0.0667,95.9722,-0.1191,0.75,0.0,1500.0,0.0,6.3
1522.0,2026-05-05T22:35:07.084917+00:00,72.8841,0.0512,96.3257,0.0627,0.75,0.0,1500.0,0.0,6.3
1522.500392,2026-05-05T22:35:07.591042+00:00,73.096,0.103,96.366,0.0868,0.75,0.0,1500.0,0.0,6.2488
1523.0,2026-05-05T22:35:08.084351+00:00,73.1317,0.1428,96.1425,0.0204,0.75,0.0,1500.0,0.0,6.275
1523.5,2026-05-05T22:35:08.584442+00:00,73.0318,0.0461,96.3178,0.1237,0.75,0.0,1500.0,0.0,6.2878
1524.000268,2026-05-05T22:35:09.084606+00:00,72.955,0.0355,96.36,0.1722,0.75,0.0,1500.0,0.0,6.294
1524.5,2026-05-05T22:35:09.584355+00:00,73.0233,-0.0364,96.3924,0.1401,0.75,0.0,1500.0,0.0,6.2971
1525.0,2026-05-05T22:35:10.093081+00:00,72.9485,-0.0916,96.4173,0.0305,0.75,0.0,1500.0,0.0,6.2986
1525.5,2026-05-05T22:35:10.584330+00:00,73.0182,-0.0068,96.3207,-0.0151,0.75,0.0,1500.0,0.0,6.2993
1526.0,2026-05-05T22:35:11.084372+00:00,72.9446,-0.0052,96.2234,0.027,0.75,0.0,1500.0,0.0,6.2997
1526.5,2026-05-05T22:35:11.584346+00:00,73.1425,0.0596,96.3105,-0.0024,0.75,0.0,1500.0,0.0,6.2998
1527.0,2026-05-05T22:35:12.084315+00:00,73.2947,0.1731,96.3544,-0.0019,0.75,0.0,1500.0,0.0,6.2999
1527.5,2026-05-05T22:35:12.589081+00:00,73.5389,0.2603,96.5038,0.0371,0.75,0.0,1500.0,0.0,6.3
1528.0,2026-05-05T22:35:13.084344+00:00,73.472,0.2637,96.2715,-0.0486,0.75,0.0,1500.0,0.0,6.3
1528.501325,2026-05-05T22:35:13.585667+00:00,73.4207,0.1391,96.2087,-0.0373,0.75,0.0,1500.0,0.0,6.3
1529.0,2026-05-05T22:35:14.084376+00:00,73.5084,0.1069,96.2761,0.0176,0.75,0.0,1500.0,0.0,6.3
1529.5,2026-05-05T22:35:14.584557+00:00,73.3214,-0.1088,96.3048,-0.0019,0.75,0.0,1500.0,0.0,6.3
1530.0,2026-05-05T22:35:15.090351+00:00,73.4321,-0.02,96.3268,-0.0092,0.75,0.0,1500.0,0.0,6.3
1530.5,2026-05-05T22:35:15.584327+00:00,73.39,-0.0153,96.3669,-0.0456,0.75,0.0,1500.0,0.0,6.3
1531.0,2026-05-05T22:35:16.084473+00:00,73.2303,-0.1391,96.3977,0.0421,0.75,0.0,1500.0,0.0,6.3
1531.5,2026-05-05T22:35:16.584720+00:00,73.2349,-0.0432,96.4214,0.0709,0.75,0.0,1500.0,0.0,6.3
1532.0,2026-05-05T22:35:17.084326+00:00,73.3656,-0.0332,96.4396,0.0545,0.75,0.0,1500.0,0.0,6.3
1532.5,2026-05-05T22:35:17.590786+00:00,73.3389,-0.0255,96.5461,0.0804,0.75,0.0,1500.0,0.0,6.3
1533.0,2026-05-05T22:35:18.084406+00:00,73.3183,0.044,96.304,-0.0076,0.75,0.0,1500.0,0.0,6.3
1533.500364,2026-05-05T22:35:18.584719+00:00,73.048,-0.0935,96.3262,-0.0135,0.75,0.0,1500.0,0.0,6.3
1534.0,2026-05-05T22:35:19.084348+00:00,73.3493,-0.0082,96.3433,-0.0181,0.75,0.0,1500.0,0.0,6.3
1534.501394,2026-05-05T22:35:19.587670+00:00,73.3263,-0.0063,96.1713,-0.0834,0.75,0.0,1500.0,0.0,6.3
1535.0,2026-05-05T22:35:20.091894+00:00,73.1814,-0.0685,96.3631,-0.0255,0.75,0.0,1500.0,0.0,6.3
1535.5,2026-05-05T22:35:20.584405+00:00,73.07,0.011,96.2791,-0.089,0.75,0.0,1500.0,0.0,6.3
1536.001591,2026-05-05T22:35:21.086020+00:00,72.9844,-0.1824,96.2145,-0.0299,0.75,0.0,1500.0,0.0,6.3
1536.5,2026-05-05T22:35:21.584334+00:00,73.1731,-0.0766,96.2805,-0.0152,0.75,0.0,1500.0,0.0,6.3
1537.0,2026-05-05T22:35:22.084429+00:00,73.0636,-0.0589,96.3313,-0.004,0.75,0.0,1500.0,0.0,6.3
1537.5,2026-05-05T22:35:22.590816+00:00,73.1068,0.0184,96.3704,0.0664,0.75,0.0,1500.0,0.0,6.3
1538.0,2026-05-05T22:35:23.084394+00:00,73.1399,0.0778,96.169,-0.0647,0.75,0.0,1500.0,0.0,6.3
1538.5,2026-05-05T22:35:23.584735+00:00,73.0381,-0.0675,96.2224,-0.0189,0.75,0.0,1500.0,0.0,6.3
1539.001579,2026-05-05T22:35:24.085949+00:00,72.9599,-0.0519,96.4024,0.0626,0.75,0.0,1500.0,0.0,6.3
1539.50028,2026-05-05T22:35:24.584665+00:00,72.8997,-0.1035,96.4249,0.0481,0.75,0.0,1500.0,0.0,6.3
1540.0,2026-05-05T22:35:25.092977+00:00,72.9808,-0.0796,96.0721,-0.0864,0.75,0.0,1500.0,0.0,6.3
1540.5,2026-05-05T22:35:25.584666+00:00,73.0431,0.0025,96.2637,-0.0356,0.75,0.0,1500.0,0.0,6.3
1541.0,2026-05-05T22:35:26.084451+00:00,73.091,0.0655,96.3183,0.0498,0.75,0.0,1500.0,0.0,6.3
1541.5,2026-05-05T22:35:26.584456+00:00,73.255,0.1776,96.5918,0.1231,0.75,0.0,1500.0,0.0,6.3
1542.001571,2026-05-05T22:35:27.085948+00:00,73.2539,0.1365,96.6862,0.0946,0.75,0.0,1500.0,0.0,6.3
1542.5,2026-05-05T22:35:27.592819+00:00,73.3802,0.1686,96.7588,0.1113,0.75,0.0,1500.0,0.0,6.3
1543.0,2026-05-05T22:35:28.084378+00:00,73.4774,0.1932,96.5601,0.1627,0.75,0.0,1500.0,0.0,6.3
1543.503077,2026-05-05T22:35:28.587472+00:00,73.4248,0.0849,96.5693,0.1019,0.75,0.0,1500.0,0.0,6.3
1544.0,2026-05-05T22:35:29.084335+00:00,73.3843,0.0652,96.5302,0.0706,0.75,0.0,1500.0,0.0,6.3
1544.5,2026-05-05T22:35:29.584553+00:00,73.3532,-0.0135,96.4075,-0.0614,0.75,0.0,1500.0,0.0,6.3
1545.0,2026-05-05T22:35:30.091962+00:00,73.2021,-0.1376,96.5214,-0.0549,0.75,0.0,1500.0,0.0,6.3
1545.5,2026-05-05T22:35:30.584496+00:00,73.0859,-0.1694,96.5165,-0.0808,0.75,0.0,1500.0,0.0,6.3
1546.0,2026-05-05T22:35:31.084331+00:00,72.8693,-0.2575,96.6052,0.015,0.75,0.0,1500.0,0.0,6.3
1546.501996,2026-05-05T22:35:31.586492+00:00,72.9574,-0.1979,96.4652,-0.0347,0.75,0.0,1500.0,0.0,6.3
1547.0,2026-05-05T22:35:32.084382+00:00,73.0251,-0.0885,96.4732,-0.019,0.75,0.0,1500.0,0.0,6.3
1547.5,2026-05-05T22:35:32.589152+00:00,73.0772,-0.0044,96.572,0.0548,0.75,0.0,1500.0,0.0,6.3
1548.0,2026-05-05T22:35:33.084387+00:00,73.1172,0.1239,96.4396,-0.0273,0.75,0.0,1500.0,0.0,6.3
1548.5,2026-05-05T22:35:33.584507+00:00,73.1479,0.0952,96.5693,0.0176,0.75,0.0,1500.0,0.0,6.3
1549.0,2026-05-05T22:35:34.084409+00:00,73.1715,0.0732,96.7847,0.0598,0.75,0.0,1500.0,0.0,6.3
1549.5,2026-05-05T22:35:34.584732+00:00,73.1897,0.0563,96.6031,0.046,0.75,0.0,1500.0,0.0,6.3
1550.0,2026-05-05T22:35:35.089101+00:00,73.0764,-0.0204,96.209,-0.0881,0.75,0.0,1500.0,0.0,6.3
1550.5,2026-05-05T22:35:35.584410+00:00,73.1165,-0.0157,96.5077,-0.0214,0.75,0.0,1500.0,0.0,6.3
1551.0,2026-05-05T22:35:36.084355+00:00,73.0202,-0.0757,96.5059,0.0221,0.75,0.0,1500.0,0.0,6.3
1551.5,2026-05-05T22:35:36.584436+00:00,72.9461,-0.1218,96.736,0.0556,0.75,0.0,1500.0,0.0,6.3
1552.0,2026-05-05T22:35:37.084494+00:00,73.1437,0.0337,96.7971,0.0041,0.75,0.0,1500.0,0.0,6.3
1552.5,2026-05-05T22:35:37.592582+00:00,73.2955,0.0895,96.4969,-0.0354,0.75,0.0,1500.0,0.0,6.3
1553.0,2026-05-05T22:35:38.084348+00:00,73.0305,0.0052,96.4745,0.0885,0.75,0.0,1500.0,0.0,6.3512
1553.5,2026-05-05T22:35:38.584441+00:00,73.2085,0.1312,96.4804,-0.0091,0.75,0.0,1500.0,0.0,6.325
1554.0,2026-05-05T22:35:39.084382+00:00,73.3454,0.1009,96.1378,-0.1227,0.75,0.0,1500.0,0.0,6.3122
1554.5,2026-05-05T22:35:39.584327+00:00,73.3233,0.0139,96.453,-0.0943,0.75,0.0,1500.0,0.0,6.306
1555.0,2026-05-05T22:35:40.090184+00:00,73.5609,0.2652,96.5565,-0.0802,0.75,0.0,1500.0,0.0,6.3029
1555.500363,2026-05-05T22:35:40.584718+00:00,73.6162,0.2038,96.4046,-0.0308,0.75,0.0,1500.0,0.0,6.3014
1556.0,2026-05-05T22:35:41.084323+00:00,73.5315,0.093,96.5423,0.0226,0.75,0.0,1500.0,0.0,6.3007
1556.5,2026-05-05T22:35:41.584624+00:00,73.4663,0.0715,96.6482,0.0559,0.75,0.0,1500.0,0.0,6.3003
1557.0,2026-05-05T22:35:42.084355+00:00,73.4163,-0.0723,96.4751,0.1124,0.75,0.0,1500.0,0.0,6.3002
1557.5,2026-05-05T22:35:42.589825+00:00,73.7596,0.0717,96.7123,0.0864,0.75,0.0,1500.0,0.0,6.3001
1558.0,2026-05-05T22:35:43.084333+00:00,73.769,0.1187,96.6631,0.0356,0.75,0.0,1500.0,0.0,6.3
1558.500472,2026-05-05T22:35:43.584812+00:00,73.6489,0.0913,96.5097,0.035,0.75,0.0,1500.0,0.0,6.3
1559.0,2026-05-05T22:35:44.084543+00:00,73.5566,0.0701,96.4843,-0.0193,0.75,0.0,1500.0,0.0,6.3
1559.5,2026-05-05T22:35:44.584463+00:00,73.6129,-0.0734,96.7193,0.0237,0.75,0.0,1500.0,0.0,6.3
1560.000288,2026-05-05T22:35:45.089003+00:00,73.6562,-0.0564,96.5529,0.0259,0.75,0.0,1500.0,0.0,6.3
1560.5,2026-05-05T22:35:45.584494+00:00,73.3077,-0.1706,96.772,0.0199,0.75,0.0,1500.0,0.0,6.3512
1561.0,2026-05-05T22:35:46.084335+00:00,73.4216,-0.0675,96.8248,0.0539,0.75,0.0,1500.0,0.0,6.3762
1561.500456,2026-05-05T22:35:46.584897+00:00,73.3819,-0.1155,96.4951,-0.0049,0.75,0.0,1500.0,0.0,6.3884
1562.0,2026-05-05T22:35:47.084602+00:00,73.4786,-0.0888,96.3805,-0.0346,0.75,0.0,1500.0,0.0,6.3943
1562.5,2026-05-05T22:35:47.594552+00:00,73.4257,0.059,96.6396,-0.0266,0.75,0.0,1500.0,0.0,6.3972
1563.0,2026-05-05T22:35:48.084333+00:00,73.3851,-0.0183,96.2602,-0.0976,0.75,0.0,1500.0,0.0,6.3986
1563.500676,2026-05-05T22:35:48.585179+00:00,73.2265,-0.0777,96.4314,-0.1136,0.75,0.0,1500.0,0.0,6.3993
1564.0,2026-05-05T22:35:49.084369+00:00,73.232,-0.1233,96.6787,-0.0487,0.75,0.0,1500.0,0.0,6.3997
1564.500266,2026-05-05T22:35:49.584613+00:00,73.2361,-0.0948,96.4059,-0.0297,0.75,0.0,1500.0,0.0,6.3998
1565.0,2026-05-05T22:35:50.091120+00:00,73.2393,-0.0729,96.312,-0.0228,0.75,0.0,1500.0,0.0,6.3999
1565.5,2026-05-05T22:35:50.584846+00:00,73.3691,0.0713,96.3555,-0.0947,0.75,0.0,1500.0,0.0,6.3488
1566.0,2026-05-05T22:35:51.084360+00:00,73.3415,0.0548,96.2732,0.0044,0.75,0.0,1500.0,0.0,6.3238
1566.5,2026-05-05T22:35:51.584419+00:00,73.3203,0.0421,96.3257,-0.0352,0.75,0.0,1500.0,0.0,6.3116
1567.0,2026-05-05T22:35:52.084435+00:00,73.3041,0.0324,96.4817,-0.0656,0.75,0.0,1500.0,0.0,6.3057
1567.5,2026-05-05T22:35:52.593649+00:00,73.1643,-0.1024,96.2314,-0.0582,0.75,0.0,1500.0,0.0,6.3028
1568.000166,2026-05-05T22:35:53.084724+00:00,73.0569,-0.1423,96.2704,-0.0139,0.75,0.0,1500.0,0.0,6.3013
1568.5,2026-05-05T22:35:53.584562+00:00,73.1015,-0.1094,96.2079,-0.0492,0.75,0.0,1500.0,0.0,6.3007
1569.000908,2026-05-05T22:35:54.085255+00:00,73.1359,-0.0841,96.0441,-0.0764,0.75,0.0,1500.0,0.0,6.3003
1569.5,2026-05-05T22:35:54.584371+00:00,73.2896,0.0626,96.0107,-0.105,0.75,0.0,1500.0,0.0,6.3002
1570.0,2026-05-05T22:35:55.090489+00:00,73.4077,0.1754,96.1239,-0.1193,0.75,0.0,1500.0,0.0,6.3001
1570.5,2026-05-05T22:35:55.584405+00:00,73.6257,0.2621,96.2341,0.0009,0.75,0.0,1500.0,0.0,6.3
1571.0,2026-05-05T22:35:56.084435+00:00,73.6661,0.2651,96.1799,-0.0302,0.75,0.0,1500.0,0.0,6.3
1571.5,2026-05-05T22:35:56.584657+00:00,73.4425,0.0765,96.1383,-0.0232,0.75,0.0,1500.0,0.0,6.3
1572.0,2026-05-05T22:35:57.084408+00:00,73.5252,0.0588,96.2451,0.067,0.75,0.0,1500.0,0.0,6.3
1572.5,2026-05-05T22:35:57.590833+00:00,73.3343,-0.1457,96.281,0.0901,0.75,0.0,1500.0,0.0,6.3
1573.0,2026-05-05T22:35:58.084523+00:00,73.1875,-0.2393,96.3548,0.077,0.75,0.0,1500.0,0.0,6.3
1573.5,2026-05-05T22:35:58.584382+00:00,73.202,-0.1203,96.3884,0.0514,0.75,0.0,1500.0,0.0,6.3512
1574.0,2026-05-05T22:35:59.084557+00:00,73.2131,-0.1561,96.5068,0.1089,0.75,0.0,1500.0,0.0,6.325
1574.5,2026-05-05T22:35:59.584988+00:00,73.0944,-0.12,96.6209,0.1609,0.75,0.0,1500.0,0.0,6.3122
1575.0,2026-05-05T22:36:00.090423+00:00,73.0031,-0.0922,96.4541,0.0697,0.75,0.0,1500.0,0.0,6.306
1575.5,2026-05-05T22:36:00.584332+00:00,72.933,-0.1345,96.5804,0.0998,0.75,0.0,1500.0,0.0,6.3029
1576.0,2026-05-05T22:36:01.084384+00:00,73.1336,-0.0397,96.7701,0.1384,0.75,0.0,1500.0,0.0,6.3014
1576.500463,2026-05-05T22:36:01.584879+00:00,73.2878,0.0967,96.7076,0.1064,0.75,0.0,1500.0,0.0,6.3007
1577.0,2026-05-05T22:36:02.084348+00:00,73.2791,0.138,96.5438,0.0124,0.75,0.0,1500.0,0.0,6.3003
1577.5,2026-05-05T22:36:02.590949+00:00,73.3996,0.2333,96.6263,0.0018,0.75,0.0,1500.0,0.0,6.3002
1578.000293,2026-05-05T22:36:03.084717+00:00,73.365,0.1157,96.4813,0.0091,0.75,0.0,1500.0,0.0,6.3001
1578.5,2026-05-05T22:36:03.584338+00:00,73.4656,0.0889,96.7171,0.0455,0.75,0.0,1500.0,0.0,6.3
1579.0,2026-05-05T22:36:04.084502+00:00,73.4157,0.0683,96.69,-0.0267,0.75,0.0,1500.0,0.0,6.3
1579.5,2026-05-05T22:36:04.584321+00:00,73.5047,0.0525,96.4146,-0.0977,0.75,0.0,1500.0,0.0,6.3
1580.0,2026-05-05T22:36:05.089993+00:00,73.573,0.104,96.5501,0.0021,0.75,0.0,1500.0,0.0,6.3
1580.5,2026-05-05T22:36:05.584855+00:00,73.6255,0.0799,96.6542,0.0093,0.75,0.0,1500.0,0.0,6.3
1581.0,2026-05-05T22:36:06.084367+00:00,73.6659,0.1251,96.4797,-0.0006,0.75,0.0,1500.0,0.0,6.3
1581.5,2026-05-05T22:36:06.584364+00:00,73.6969,0.0961,96.5769,-0.0467,0.75,0.0,1500.0,0.0,6.3
1582.0,2026-05-05T22:36:07.086083+00:00,73.7208,0.0739,96.7905,0.0335,0.75,0.0,1500.0,0.0,6.3
1582.5,2026-05-05T22:36:07.589371+00:00,73.4846,-0.0705,96.839,0.1415,0.75,0.0,1500.0,0.0,6.3
1583.0,2026-05-05T22:36:08.084335+00:00,73.5576,-0.0542,96.992,0.1473,0.75,0.0,1500.0,0.0,6.3
1583.5,2026-05-05T22:36:08.584356+00:00,73.3591,-0.1689,96.9938,0.1132,0.75,0.0,1500.0,0.0,6.3
1584.0,2026-05-05T22:36:09.084343+00:00,73.4611,-0.1298,97.1109,0.2104,0.75,0.0,1500.0,0.0,6.3
1584.5,2026-05-05T22:36:09.584396+00:00,73.5396,0.0275,97.3167,0.2466,0.75,0.0,1500.0,0.0,6.3
1585.0,2026-05-05T22:36:10.094977+00:00,73.5998,0.0211,96.9889,0.0661,0.75,0.0,1500.0,0.0,6.3
1585.5,2026-05-05T22:36:10.584621+00:00,73.7734,0.2071,96.7369,-0.034,0.75,0.0,1500.0,0.0,6.3
1586.0,2026-05-05T22:36:11.084502+00:00,73.9068,0.2228,96.7978,-0.0647,0.75,0.0,1500.0,0.0,6.3
1586.5,2026-05-05T22:36:11.584342+00:00,73.8821,0.1713,96.7289,-0.0883,0.75,0.0,1500.0,0.0,6.3
1587.0,2026-05-05T22:36:12.084611+00:00,73.6086,0.0044,96.7916,-0.1064,0.75,0.0,1500.0,0.0,6.3
1587.5,2026-05-05T22:36:12.590856+00:00,73.5256,-0.1239,96.9555,-0.1204,0.75,0.0,1500.0,0.0,6.3
1588.0,2026-05-05T22:36:13.084385+00:00,73.5891,-0.1589,96.7113,-0.0925,0.75,0.0,1500.0,0.0,6.3
1588.5,2026-05-05T22:36:13.584347+00:00,73.3834,-0.2494,96.5467,-0.0634,0.75,0.0,1500.0,0.0,6.3
1589.0,2026-05-05T22:36:14.086203+00:00,73.4798,-0.0644,96.4202,-0.1259,0.75,0.0,1500.0,0.0,6.3
1589.5,2026-05-05T22:36:14.584345+00:00,73.1721,-0.1768,96.4387,-0.0967,0.75,0.0,1500.0,0.0,6.3
1590.0,2026-05-05T22:36:15.091393+00:00,73.1901,-0.1995,96.3372,-0.1515,0.75,0.0,1500.0,0.0,6.3
1590.5,2026-05-05T22:36:15.584446+00:00,73.204,-0.0897,96.3517,-0.2013,0.75,0.0,1500.0,0.0,6.3
1591.0,2026-05-05T22:36:16.084348+00:00,73.0873,-0.1962,96.386,-0.1084,0.75,0.0,1500.0,0.0,6.3
1591.5,2026-05-05T22:36:16.584335+00:00,73.125,-0.0235,96.5281,-0.0062,0.75,0.0,1500.0,0.0,6.3
1592.0,2026-05-05T22:36:17.084479+00:00,73.2812,0.0455,96.4059,-0.0048,0.75,0.0,1500.0,0.0,6.3
1592.5,2026-05-05T22:36:17.590207+00:00,73.4012,0.0986,96.5434,0.0349,0.75,0.0,1500.0,0.0,6.3
1593.0,2026-05-05T22:36:18.084641+00:00,73.4935,0.2031,96.649,0.104,0.75,0.0,1500.0,0.0,6.3
1593.501994,2026-05-05T22:36:18.586377+00:00,73.6917,0.2834,96.7302,0.1262,0.75,0.0,1500.0,0.0,6.3
1594.0,2026-05-05T22:36:19.084427+00:00,73.5895,0.1542,96.7927,0.1356,0.75,0.0,1500.0,0.0,6.3
1594.5,2026-05-05T22:36:19.584497+00:00,73.5109,0.0548,96.8175,0.0965,0.75,0.0,1500.0,0.0,6.3
1595.000419,2026-05-05T22:36:20.090660+00:00,73.5778,0.0422,96.744,0.1127,0.75,0.0,1500.0,0.0,6.3
1595.5,2026-05-05T22:36:20.584350+00:00,73.502,-0.0949,96.8958,0.1175,0.75,0.0,1500.0,0.0,6.3
1596.0,2026-05-05T22:36:21.084472+00:00,73.5709,-0.0093,97.0356,0.1289,0.75,0.0,1500.0,0.0,6.3
1596.5,2026-05-05T22:36:21.584368+00:00,73.6239,0.0565,96.9117,0.0605,0.75,0.0,1500.0,0.0,6.3
1597.0,2026-05-05T22:36:22.084812+00:00,73.6647,0.0434,97.0478,0.0851,0.75,0.0,1500.0,0.0,6.3
1597.5,2026-05-05T22:36:22.589650+00:00,73.5687,0.0334,96.7822,-0.0118,0.75,0.0,1500.0,0.0,6.2488
1598.0,2026-05-05T22:36:23.084343+00:00,73.6222,0.0257,96.6012,-0.0476,0.75,0.0,1500.0,0.0,6.275
1598.5,2026-05-05T22:36:23.584348+00:00,73.6634,0.0197,96.4621,-0.1446,0.75,0.0,1500.0,0.0,6.2878
1599.0,2026-05-05T22:36:24.084348+00:00,73.695,0.0152,96.5866,-0.1497,0.75,0.0,1500.0,0.0,6.294
1599.5,2026-05-05T22:36:24.584337+00:00,73.592,0.0116,96.4277,-0.1613,0.75,0.0,1500.0,0.0,6.2971
1600.0,2026-05-05T22:36:25.091169+00:00,73.5129,-0.0547,96.5601,-0.1626,0.75,0.0,1500.0,0.0,6.2986
1600.5,2026-05-05T22:36:25.584348+00:00,73.452,-0.1057,96.6619,-0.0401,0.75,0.0,1500.0,0.0,6.2993
1601.0,2026-05-05T22:36:26.084345+00:00,73.5326,-0.0812,96.7401,0.0463,0.75,0.0,1500.0,0.0,6.2997
1601.5,2026-05-05T22:36:26.584499+00:00,73.3399,-0.1261,96.6846,0.0742,0.75,0.0,1500.0,0.0,6.2998
1602.0,2026-05-05T22:36:27.084774+00:00,73.1918,-0.1605,96.7576,0.057,0.75,0.0,1500.0,0.0,6.2999
1602.5,2026-05-05T22:36:27.589296+00:00,73.2053,-0.1234,96.698,0.0901,0.75,0.0,1500.0,0.0,6.3
1603.0,2026-05-05T22:36:28.084824+00:00,73.0884,-0.2221,96.7679,0.0692,0.75,0.0,1500.0,0.0,6.3
1603.5,2026-05-05T22:36:28.584373+00:00,73.253,-0.0434,96.8216,0.0532,0.75,0.0,1500.0,0.0,6.3
1604.0,2026-05-05T22:36:29.084367+00:00,73.2523,0.0303,96.6083,-0.0439,0.75,0.0,1500.0,0.0,6.3
1604.5,2026-05-05T22:36:29.584359+00:00,73.2518,0.0233,96.5833,-0.0338,0.75,0.0,1500.0,0.0,6.3
1605.001833,2026-05-05T22:36:30.092136+00:00,73.3787,0.1451,96.4252,-0.1108,0.75,0.0,1500.0,0.0,6.3
1605.5,2026-05-05T22:36:30.584688+00:00,73.3489,0.0479,96.3268,-0.1237,0.75,0.0,1500.0,0.0,6.3
1606.0,2026-05-05T22:36:31.084797+00:00,73.4533,0.1005,96.2512,-0.1722,0.75,0.0,1500.0,0.0,6.3
1606.5,2026-05-05T22:36:31.584396+00:00,73.5335,0.1409,96.3087,-0.1709,0.75,0.0,1500.0,0.0,6.3
1607.0,2026-05-05T22:36:32.084343+00:00,73.3406,-0.019,96.4687,-0.0465,0.75,0.0,1500.0,0.0,6.3
1607.5,2026-05-05T22:36:32.589406+00:00,73.3197,-0.0146,96.4528,-0.0435,0.75,0.0,1500.0,0.0,6.3
1608.0,2026-05-05T22:36:33.084410+00:00,73.4308,-0.0112,96.348,-0.0257,0.75,0.0,1500.0,0.0,6.3
1608.5,2026-05-05T22:36:33.584339+00:00,73.2617,-0.1359,96.3832,0.0188,0.75,0.0,1500.0,0.0,6.3
1609.0,2026-05-05T22:36:34.084428+00:00,73.1317,-0.1045,96.4102,0.053,0.75,0.0,1500.0,0.0,6.3
1609.501738,2026-05-05T22:36:34.586227+00:00,73.1591,-0.0803,96.5467,0.0793,0.75,0.0,1500.0,0.0,6.3
1610.0,2026-05-05T22:36:35.092313+00:00,73.1801,-0.1253,96.6516,0.061,0.75,0.0,1500.0,0.0,6.3
1610.5,2026-05-05T22:36:35.584549+00:00,73.1963,-0.0327,96.5008,0.016,0.75,0.0,1500.0,0.0,6.3
1611.0,2026-05-05T22:36:36.085382+00:00,73.336,0.1021,96.2461,-0.034,0.75,0.0,1500.0,0.0,6.3
1611.5,2026-05-05T22:36:36.584353+00:00,73.4434,0.1421,96.4205,0.0125,0.75,0.0,1500.0,0.0,6.3
1612.0,2026-05-05T22:36:37.084371+00:00,73.5259,0.1729,96.6703,0.0867,0.75,0.0,1500.0,0.0,6.3
1612.501397,2026-05-05T22:36:37.590904+00:00,73.462,0.1329,96.3995,-0.0491,0.75,0.0,1500.0,0.0,6.2488
1613.0,2026-05-05T22:36:38.084356+00:00,73.413,0.0385,96.6542,0.0009,0.75,0.0,1500.0,0.0,6.275
1613.5,2026-05-05T22:36:38.584824+00:00,73.5025,0.0296,96.7111,0.0701,0.75,0.0,1500.0,0.0,6.2878
1614.0,2026-05-05T22:36:39.084367+00:00,73.3168,-0.1045,96.4308,0.0616,0.75,0.0,1500.0,0.0,6.294
1614.5,2026-05-05T22:36:39.584343+00:00,73.4286,-0.0167,96.5625,0.0473,0.75,0.0,1500.0,0.0,6.2971
1615.0,2026-05-05T22:36:40.095035+00:00,73.3873,-0.0128,96.4324,-0.0793,0.75,0.0,1500.0,0.0,6.2986
1615.5,2026-05-05T22:36:40.584385+00:00,73.3555,-0.0735,96.2166,-0.061,0.75,0.0,1500.0,0.0,6.2993
1616.0,2026-05-05T22:36:41.084351+00:00,73.4584,0.0708,96.0276,-0.2088,0.75,0.0,1500.0,0.0,6.2997
1616.5,2026-05-05T22:36:41.584393+00:00,73.2829,-0.0729,96.3683,-0.1142,0.75,0.0,1500.0,0.0,6.2998
1617.0,2026-05-05T22:36:42.084408+00:00,73.4025,0.0076,96.3063,-0.0415,0.75,0.0,1500.0,0.0,6.2999
1617.5,2026-05-05T22:36:42.590041+00:00,73.4945,0.0695,96.5825,0.0067,0.75,0.0,1500.0,0.0,6.3
1618.0,2026-05-05T22:36:43.084410+00:00,73.5652,0.0534,96.7948,0.1208,0.75,0.0,1500.0,0.0,6.3
1618.5,2026-05-05T22:36:43.584348+00:00,73.6195,0.1683,96.6109,0.1314,0.75,0.0,1500.0,0.0,6.3
1619.0,2026-05-05T22:36:44.084483+00:00,73.534,0.0657,96.7009,0.2244,0.75,0.0,1500.0,0.0,6.3
1619.5,2026-05-05T22:36:44.584488+00:00,73.4683,-0.0131,96.7701,0.1339,0.75,0.0,1500.0,0.0,6.3
1620.000242,2026-05-05T22:36:45.093250+00:00,73.4178,-0.0737,96.6845,0.1261,0.75,0.0,1500.0,0.0,6.3
1620.5,2026-05-05T22:36:45.584831+00:00,73.5062,-0.0567,96.8732,0.0969,0.75,0.0,1500.0,0.0,6.3
1621.0,2026-05-05T22:36:46.084867+00:00,73.3197,-0.1072,96.7637,-0.0104,0.75,0.0,1500.0,0.0,6.3
1621.5,2026-05-05T22:36:46.584342+00:00,73.5581,0.0449,96.7027,0.0306,0.75,0.0,1500.0,0.0,6.3
1622.0,2026-05-05T22:36:47.084656+00:00,73.6141,0.0981,96.7715,0.0235,0.75,0.0,1500.0,0.0,6.3
1622.502003,2026-05-05T22:36:47.594315+00:00,73.6571,0.0754,96.8475,0.0258,0.75,0.0,1500.0,0.0,6.3
1623.0,2026-05-05T22:36:48.084603+00:00,73.5629,0.1216,96.8828,0.0661,0.75,0.0,1500.0,0.0,6.3
1623.5,2026-05-05T22:36:48.584348+00:00,73.4905,-0.0338,97.0256,0.0508,0.75,0.0,1500.0,0.0,6.3
1624.0,2026-05-05T22:36:49.084365+00:00,73.1803,-0.2169,96.904,0.0468,0.75,0.0,1500.0,0.0,6.3
1624.5,2026-05-05T22:36:49.584486+00:00,73.0692,-0.294,97.0419,0.1131,0.75,0.0,1500.0,0.0,6.3
1625.0,2026-05-05T22:36:50.090569+00:00,72.9837,-0.2896,96.9165,0.0483,0.75,0.0,1500.0,0.0,6.3
1625.5,2026-05-05T22:36:50.584335+00:00,73.1726,-0.1589,96.797,-0.0168,0.75,0.0,1500.0,0.0,6.3
1626.0,2026-05-05T22:36:51.084960+00:00,73.0633,-0.0585,96.7283,-0.0515,0.75,0.0,1500.0,0.0,6.3
1626.5,2026-05-05T22:36:51.584342+00:00,73.1065,0.0187,96.7911,-0.0782,0.75,0.0,1500.0,0.0,6.3
1627.000183,2026-05-05T22:36:52.084609+00:00,73.267,0.1416,96.7238,-0.0601,0.75,0.0,1500.0,0.0,6.3
1627.5,2026-05-05T22:36:52.589551+00:00,73.263,0.0452,96.672,-0.1233,0.75,0.0,1500.0,0.0,6.3
1628.0,2026-05-05T22:36:53.084470+00:00,73.26,0.0984,96.7479,-0.0562,0.75,0.0,1500.0,0.0,6.3
1628.500262,2026-05-05T22:36:53.584606+00:00,73.385,0.1392,96.6674,-0.0432,0.75,0.0,1500.0,0.0,6.3
1629.0,2026-05-05T22:36:54.084709+00:00,73.481,0.107,96.7444,0.0054,0.75,0.0,1500.0,0.0,6.3
1629.501691,2026-05-05T22:36:54.586095+00:00,73.3003,0.0186,96.6647,-0.0422,0.75,0.0,1500.0,0.0,6.3
1630.0,2026-05-05T22:36:55.089497+00:00,73.2886,0.0143,96.7191,-0.0015,0.75,0.0,1500.0,0.0,6.3
1630.5,2026-05-05T22:36:55.584681+00:00,73.2797,-0.0526,96.7841,0.0374,0.75,0.0,1500.0,0.0,6.3
1631.001575,2026-05-05T22:36:56.085946+00:00,73.4001,-0.0405,96.6952,-0.0176,0.75,0.0,1500.0,0.0,6.3
1631.5,2026-05-05T22:36:56.584376+00:00,73.4926,0.0962,96.8815,0.0714,0.75,0.0,1500.0,0.0,6.3
1632.0,2026-05-05T22:36:57.084619+00:00,73.4365,0.0739,96.77,0.0086,0.75,0.0,1500.0,0.0,6.3
1632.501969,2026-05-05T22:36:57.592202+00:00,73.5206,0.1205,96.7076,0.0143,0.75,0.0,1500.0,0.0,6.3
1633.0,2026-05-05T22:36:58.084366+00:00,73.5853,0.0926,96.6364,-0.0276,0.75,0.0,1500.0,0.0,6.3
1633.5,2026-05-05T22:36:58.584402+00:00,73.5077,0.0075,96.8362,0.0174,0.75,0.0,1500.0,0.0,6.3
1634.001974,2026-05-05T22:36:59.086485+00:00,73.5753,0.0694,96.6196,-0.0252,0.75,0.0,1500.0,0.0,6.3
1634.5,2026-05-05T22:36:59.584415+00:00,73.5,-0.0103,96.5688,-0.1042,0.75,0.0,1500.0,0.0,6.3
1635.0,2026-05-05T22:37:00.089197+00:00,73.5695,-0.0079,96.5529,-0.0724,0.75,0.0,1500.0,0.0,6.3
1635.5,2026-05-05T22:37:00.584350+00:00,73.6228,0.0576,96.6563,-0.0171,0.75,0.0,1500.0,0.0,6.3
1636.0,2026-05-05T22:37:01.084316+00:00,73.5365,-0.0194,96.7359,0.0332,0.75,0.0,1500.0,0.0,6.3
1636.5,2026-05-05T22:37:01.584722+00:00,73.343,-0.0785,96.9127,0.0255,0.75,0.0,1500.0,0.0,6.3
1637.000315,2026-05-05T22:37:02.085025+00:00,73.4487,-0.0604,96.5858,-0.0113,0.75,0.0,1500.0,0.0,6.3
1637.5,2026-05-05T22:37:02.589340+00:00,73.6573,0.0172,96.7973,0.0762,0.75,0.0,1500.0,0.0,6.3
1638.0,2026-05-05T22:37:03.084715+00:00,73.8176,0.1405,96.8442,0.0971,0.75,0.0,1500.0,0.0,6.3
1638.501336,2026-05-05T22:37:03.585669+00:00,73.6862,0.1716,96.51,-0.0488,0.75,0.0,1500.0,0.0,6.3
1639.0,2026-05-05T22:37:04.084345+00:00,73.8398,0.1956,96.5077,-0.076,0.75,0.0,1500.0,0.0,6.3
1639.5,2026-05-05T22:37:04.584670+00:00,73.9579,0.1503,96.6216,-0.097,0.75,0.0,1500.0,0.0,6.3
1640.000336,2026-05-05T22:37:05.089093+00:00,73.9213,0.0519,96.3852,-0.0669,0.75,0.0,1500.0,0.0,6.3
1640.5,2026-05-05T22:37:05.584322+00:00,73.766,0.0399,96.4118,-0.1285,0.75,0.0,1500.0,0.0,6.3
1641.0,2026-05-05T22:37:06.084332+00:00,73.6466,-0.0966,96.2008,-0.2145,0.75,0.0,1500.0,0.0,6.3
1641.5,2026-05-05T22:37:06.584463+00:00,73.8094,-0.0743,96.1543,-0.1186,0.75,0.0,1500.0,0.0,6.3
1642.0,2026-05-05T22:37:07.084515+00:00,73.8072,-0.0571,96.2112,-0.0988,0.75,0.0,1500.0,0.0,6.3
1642.5,2026-05-05T22:37:07.589333+00:00,73.6783,-0.0439,96.3937,-0.076,0.75,0.0,1500.0,0.0,6.3
1643.001793,2026-05-05T22:37:08.086188+00:00,73.3246,-0.161,96.3026,-0.0275,0.75,0.0,1500.0,0.0,6.3512
1643.5,2026-05-05T22:37:08.584470+00:00,73.3074,-0.251,96.0937,-0.106,0.75,0.0,1500.0,0.0,6.325
1644.0,2026-05-05T22:37:09.084399+00:00,73.2941,-0.2566,96.0721,-0.0429,0.75,0.0,1500.0,0.0,6.3122
1644.502007,2026-05-05T22:37:09.586483+00:00,73.4112,-0.1336,96.1711,0.0056,0.75,0.0,1500.0,0.0,6.306
1645.0,2026-05-05T22:37:10.088920+00:00,73.2466,-0.039,96.1084,-0.0343,0.75,0.0,1500.0,0.0,6.3029
1645.5,2026-05-05T22:37:10.584559+00:00,73.3747,0.0336,96.199,-0.0649,0.75,0.0,1500.0,0.0,6.3014
1646.000584,2026-05-05T22:37:11.084949+00:00,73.3458,0.0259,96.2455,-0.019,0.75,0.0,1500.0,0.0,6.3007
1646.5,2026-05-05T22:37:11.584497+00:00,73.4509,0.0199,96.3044,0.0702,0.75,0.0,1500.0,0.0,6.3003
1647.0,2026-05-05T22:37:12.084356+00:00,73.5317,0.1425,96.3265,0.0848,0.75,0.0,1500.0,0.0,6.3002
1647.501752,2026-05-05T22:37:12.591794+00:00,73.4665,0.0459,96.3667,0.0652,0.75,0.0,1500.0,0.0,6.3001
1648.0,2026-05-05T22:37:13.084620+00:00,73.2891,-0.0283,96.3975,0.0964,0.75,0.0,1500.0,0.0,6.3512
1648.5,2026-05-05T22:37:13.584344+00:00,73.0255,-0.2127,96.4212,0.0741,0.75,0.0,1500.0,0.0,6.3762
1649.001637,2026-05-05T22:37:14.085998+00:00,73.0775,-0.2271,96.4163,0.0569,0.75,0.0,1500.0,0.0,6.3884
1649.5,2026-05-05T22:37:14.584601+00:00,73.2447,-0.1109,96.4588,0.0515,0.75,0.0,1500.0,0.0,6.3943
1650.0,2026-05-05T22:37:15.089952+00:00,73.3732,0.042,96.5609,0.0781,0.75,0.0,1500.0,0.0,6.3972
1650.5,2026-05-05T22:37:15.584384+00:00,73.2174,0.0959,96.2923,-0.0248,0.75,0.0,1500.0,0.0,6.3475
1651.0,2026-05-05T22:37:16.084322+00:00,73.3522,0.1374,96.2015,-0.0653,0.75,0.0,1500.0,0.0,6.3232
1651.5,2026-05-05T22:37:16.584516+00:00,73.5831,0.1692,96.3863,-0.0117,0.75,0.0,1500.0,0.0,6.3113
1652.0,2026-05-05T22:37:17.084381+00:00,73.6333,0.1301,96.3895,-0.009,0.75,0.0,1500.0,0.0,6.3055
1652.5,2026-05-05T22:37:17.588614+00:00,73.7991,0.2909,96.5076,0.0163,0.75,0.0,1500.0,0.0,6.3027
1653.0,2026-05-05T22:37:18.084324+00:00,73.5448,0.0963,96.5058,-0.0184,0.75,0.0,1500.0,0.0,6.3013
1653.5,2026-05-05T22:37:18.584370+00:00,73.4766,-0.0533,96.2499,-0.0141,0.75,0.0,1500.0,0.0,6.3006
1654.0,2026-05-05T22:37:19.084522+00:00,73.4242,-0.1046,96.1921,-0.0031,0.75,0.0,1500.0,0.0,6.3003
1654.5,2026-05-05T22:37:19.584335+00:00,73.6384,-0.0804,96.2402,-0.0487,0.75,0.0,1500.0,0.0,6.3002
1655.000818,2026-05-05T22:37:20.092032+00:00,73.6758,0.0655,96.2078,-0.0606,0.75,0.0,1500.0,0.0,6.3001
1655.5,2026-05-05T22:37:20.584350+00:00,73.7045,0.114,96.2754,-0.0774,0.75,0.0,1500.0,0.0,6.3
1656.0,2026-05-05T22:37:21.084580+00:00,73.5994,0.0876,96.4431,-0.0209,0.75,0.0,1500.0,0.0,6.3
1656.501748,2026-05-05T22:37:21.586253+00:00,73.5185,-0.0599,96.3405,0.0302,0.75,0.0,1500.0,0.0,6.3
1657.0,2026-05-05T22:37:22.084339+00:00,73.5836,-0.0461,96.5857,0.1312,0.75,0.0,1500.0,0.0,6.3
1657.5,2026-05-05T22:37:22.591420+00:00,73.6337,-0.0354,96.6816,0.1471,0.75,0.0,1500.0,0.0,6.2488
1658.0,2026-05-05T22:37:23.084374+00:00,73.6722,0.0364,96.4082,0.0668,0.75,0.0,1500.0,0.0,6.275
1658.5,2026-05-05T22:37:23.584406+00:00,73.5745,0.028,96.3137,0.0128,0.75,0.0,1500.0,0.0,6.2878
1659.0,2026-05-05T22:37:24.084390+00:00,73.8812,0.1488,96.5651,0.0407,0.75,0.0,1500.0,0.0,6.2941
1659.5,2026-05-05T22:37:24.584397+00:00,73.8624,0.1144,96.1798,-0.0536,0.75,0.0,1500.0,0.0,6.2971
1660.0,2026-05-05T22:37:25.091192+00:00,73.7207,0.0243,95.9993,-0.1955,0.75,0.0,1500.0,0.0,6.2986
1660.5,2026-05-05T22:37:25.584420+00:00,73.6118,0.0186,96.2309,-0.1502,0.75,0.0,1500.0,0.0,6.2481
1661.000606,2026-05-05T22:37:26.084992+00:00,73.6553,-0.1129,96.4089,0.0002,0.75,0.0,1500.0,0.0,6.2235
1661.5,2026-05-05T22:37:26.584463+00:00,73.6888,-0.0868,96.5457,0.0773,0.75,0.0,1500.0,0.0,6.2115
1662.0,2026-05-05T22:37:27.084553+00:00,73.5873,-0.0667,96.6508,0.0286,0.75,0.0,1500.0,0.0,6.2056
1662.5,2026-05-05T22:37:27.591052+00:00,73.6365,0.0124,96.6159,0.1454,0.75,0.0,1500.0,0.0,6.2027
1663.0,2026-05-05T22:37:28.084556+00:00,73.5471,-0.0541,96.7048,0.2351,0.75,0.0,1500.0,0.0,6.2525
1663.5,2026-05-05T22:37:28.584346+00:00,73.3511,-0.1689,96.6574,0.1422,0.75,0.0,1500.0,0.0,6.2768
1664.0,2026-05-05T22:37:29.084333+00:00,73.4549,-0.0662,96.3896,-0.0064,0.75,0.0,1500.0,0.0,6.2887
1664.5,2026-05-05T22:37:29.584348+00:00,73.5348,-0.0509,96.6465,0.0336,0.75,0.0,1500.0,0.0,6.2945
1665.0,2026-05-05T22:37:30.091756+00:00,73.5962,0.0245,96.7052,0.0181,0.75,0.0,1500.0,0.0,6.2973
1665.500239,2026-05-05T22:37:30.584651+00:00,73.5161,0.0825,96.6577,0.0139,0.75,0.0,1500.0,0.0,6.2987
1666.0,2026-05-05T22:37:31.084655+00:00,73.3272,-0.0639,96.8526,0.0493,0.75,0.0,1500.0,0.0,6.2994
1666.501612,2026-05-05T22:37:31.586039+00:00,73.3094,-0.1127,96.8636,0.0687,0.75,0.0,1500.0,0.0,6.2485
1667.0,2026-05-05T22:37:32.084423+00:00,73.1683,-0.2139,96.8951,0.1685,0.75,0.0,1500.0,0.0,6.2237
1667.5,2026-05-05T22:37:32.590421+00:00,73.3145,-0.1008,96.5954,-0.017,0.75,0.0,1500.0,0.0,6.2115
1668.001998,2026-05-05T22:37:33.086431+00:00,73.4269,0.0498,96.6891,-0.0054,0.75,0.0,1500.0,0.0,6.2568
1668.5,2026-05-05T22:37:33.584417+00:00,73.3859,0.0383,96.761,0.0344,0.75,0.0,1500.0,0.0,6.2789
1669.0,2026-05-05T22:37:34.084571+00:00,73.609,0.2203,96.7006,-0.0507,0.75,0.0,1500.0,0.0,6.2897
1669.500309,2026-05-05T22:37:34.584719+00:00,73.7805,0.233,96.7468,-0.0389,0.75,0.0,1500.0,0.0,6.295
1670.000145,2026-05-05T22:37:35.089642+00:00,73.785,0.1791,96.8054,-0.0299,0.75,0.0,1500.0,0.0,6.2976
1670.5,2026-05-05T22:37:35.584492+00:00,73.7885,0.2013,96.7347,0.0464,0.75,0.0,1500.0,0.0,6.2476
1671.001143,2026-05-05T22:37:36.085494+00:00,73.6639,0.0274,96.6804,-0.0029,0.75,0.0,1500.0,0.0,6.2232
1671.500286,2026-05-05T22:37:36.584629+00:00,73.6954,-0.0426,96.7543,-0.0022,0.75,0.0,1500.0,0.0,6.2113
1672.0,2026-05-05T22:37:37.084558+00:00,73.465,-0.16,96.8112,0.0369,0.75,0.0,1500.0,0.0,6.2055
1672.501553,2026-05-05T22:37:37.590152+00:00,73.5425,-0.123,96.7623,0.0052,0.75,0.0,1500.0,0.0,6.2027
1673.0,2026-05-05T22:37:38.084420+00:00,73.3476,-0.1581,96.8173,0.004,0.75,0.0,1500.0,0.0,6.2525
1673.5,2026-05-05T22:37:38.584566+00:00,73.325,-0.1852,96.9522,0.0725,0.75,0.0,1500.0,0.0,6.2768
1674.000445,2026-05-05T22:37:39.084831+00:00,73.4349,-0.0151,96.8475,0.0557,0.75,0.0,1500.0,0.0,6.2887
1674.5,2026-05-05T22:37:39.584342+00:00,73.5194,-0.0116,96.9985,0.0814,0.75,0.0,1500.0,0.0,6.2945
1675.0,2026-05-05T22:37:40.092703+00:00,73.4571,0.0547,96.9989,0.0626,0.75,0.0,1500.0,0.0,6.2973
1675.5,2026-05-05T22:37:40.584558+00:00,73.4091,0.0421,96.976,0.0712,0.75,0.0,1500.0,0.0,6.2987
1676.0,2026-05-05T22:37:41.084308+00:00,73.3723,-0.0313,96.9815,0.0547,0.75,0.0,1500.0,0.0,6.2994
1676.5,2026-05-05T22:37:41.584346+00:00,73.4713,-0.0241,96.9858,0.0112,0.75,0.0,1500.0,0.0,6.2485
1677.0,2026-05-05T22:37:42.084339+00:00,73.5473,0.0451,97.2205,0.1243,0.75,0.0,1500.0,0.0,6.2237
1677.500154,2026-05-05T22:37:42.590207+00:00,73.6058,0.0983,97.2852,0.0956,0.75,0.0,1500.0,0.0,6.2115
1678.0,2026-05-05T22:37:43.084384+00:00,73.5235,0.0756,97.1035,0.0349,0.75,0.0,1500.0,0.0,6.2568
1678.5,2026-05-05T22:37:43.584453+00:00,73.3329,-0.0692,96.9638,-0.004,0.75,0.0,1500.0,0.0,6.2789
1679.0,2026-05-05T22:37:44.084354+00:00,73.3137,-0.1168,97.0648,0.0277,0.75,0.0,1500.0,0.0,6.2897
1679.5,2026-05-05T22:37:44.584365+00:00,73.0444,-0.2807,96.7027,-0.0944,0.75,0.0,1500.0,0.0,6.295
1680.0,2026-05-05T22:37:45.089933+00:00,73.2193,-0.1521,96.864,-0.1188,0.75,0.0,1500.0,0.0,6.2976
1680.5,2026-05-05T22:37:45.584857+00:00,73.3537,0.0104,96.7567,-0.1762,0.75,0.0,1500.0,0.0,6.2988
1681.0,2026-05-05T22:37:46.084320+00:00,73.5842,0.1352,96.7204,-0.1277,0.75,0.0,1500.0,0.0,6.2994
1681.5,2026-05-05T22:37:46.584346+00:00,73.7614,0.3585,96.762,-0.0673,0.75,0.0,1500.0,0.0,6.2485
1682.0,2026-05-05T22:37:47.084357+00:00,73.7703,0.2755,96.817,-0.0826,0.75,0.0,1500.0,0.0,6.2237
1682.5,2026-05-05T22:37:47.589683+00:00,73.7772,0.2118,96.9751,0.0908,0.75,0.0,1500.0,0.0,6.2116
1683.0,2026-05-05T22:37:48.084429+00:00,73.9098,0.1628,97.0965,0.0775,0.75,0.0,1500.0,0.0,6.2568
1683.5,2026-05-05T22:37:48.584354+00:00,73.8844,0.0615,96.9585,0.0673,0.75,0.0,1500.0,0.0,6.2789
1684.0,2026-05-05T22:37:49.084360+00:00,73.8648,0.0472,97.0838,0.1211,0.75,0.0,1500.0,0.0,6.2897
1684.5,2026-05-05T22:37:49.584463+00:00,73.9771,0.0999,97.0644,0.1008,0.75,0.0,1500.0,0.0,6.295
1685.000261,2026-05-05T22:37:50.089844+00:00,73.8089,-0.0505,96.7024,-0.0382,0.75,0.0,1500.0,0.0,6.2976
1685.5,2026-05-05T22:37:50.584356+00:00,73.9341,0.0249,96.7713,-0.0679,0.75,0.0,1500.0,0.0,6.2476
1686.0,2026-05-05T22:37:51.084747+00:00,73.903,0.0191,96.7085,-0.1293,0.75,0.0,1500.0,0.0,6.2232
1686.5,2026-05-05T22:37:51.584358+00:00,73.8792,-0.0489,96.776,-0.0609,0.75,0.0,1500.0,0.0,6.2113
1687.0,2026-05-05T22:37:52.084616+00:00,73.8609,0.026,96.8047,-0.0931,0.75,0.0,1500.0,0.0,6.2055
1687.501589,2026-05-05T22:37:52.594032+00:00,73.7195,-0.1073,96.7342,-0.1101,0.75,0.0,1500.0,0.0,6.2027
1688.0,2026-05-05T22:37:53.084338+00:00,73.7381,-0.0825,96.7957,0.0311,0.75,0.0,1500.0,0.0,6.2525
1688.5,2026-05-05T22:37:53.584372+00:00,73.7525,-0.0634,96.8198,0.0162,0.75,0.0,1500.0,0.0,6.2768
1689.0,2026-05-05T22:37:54.084354+00:00,73.6362,-0.1123,96.7458,0.0124,0.75,0.0,1500.0,0.0,6.2887
1689.5,2026-05-05T22:37:54.584428+00:00,73.5468,-0.0863,96.6889,-0.029,0.75,0.0,1500.0,0.0,6.2945
1690.0,2026-05-05T22:37:55.089249+00:00,73.4781,-0.13,96.7609,-0.0146,0.75,0.0,1500.0,0.0,6.2973
1690.5,2026-05-05T22:37:55.584426+00:00,73.5526,-0.0999,96.7005,-0.0112,0.75,0.0,1500.0,0.0,6.2987
1691.0,2026-05-05T22:37:56.084336+00:00,73.6099,-0.0132,96.8855,0.03,0.75,0.0,1500.0,0.0,6.2994
1691.5,2026-05-05T22:37:56.584551+00:00,73.5266,-0.0101,97.0046,0.0616,0.75,0.0,1500.0,0.0,6.2997
1692.0,2026-05-05T22:37:57.084335+00:00,73.5899,0.0559,96.749,0.0011,0.75,0.0,1500.0,0.0,6.2998
1692.5,2026-05-05T22:37:57.589001+00:00,73.6385,0.0429,96.8071,0.0394,0.75,0.0,1500.0,0.0,6.2999
1693.0,2026-05-05T22:37:58.084830+00:00,73.6759,0.033,96.736,-0.0083,0.75,0.0,1500.0,0.0,6.3
1693.5,2026-05-05T22:37:58.584329+00:00,73.7046,0.089,96.45,-0.0835,0.75,0.0,1500.0,0.0,6.3
1694.0,2026-05-05T22:37:59.084545+00:00,73.5994,0.0048,96.693,-0.0642,0.75,0.0,1500.0,0.0,6.3
1694.5,2026-05-05T22:37:59.584404+00:00,73.6458,0.0037,96.8797,-0.0416,0.75,0.0,1500.0,0.0,6.3
1695.0,2026-05-05T22:38:00.088717+00:00,73.5542,-0.0608,96.6993,-0.0166,0.75,0.0,1500.0,0.0,6.3
1695.5,2026-05-05T22:38:00.584396+00:00,73.6111,-0.0467,96.63,-0.059,0.75,0.0,1500.0,0.0,6.3
1696.0,2026-05-05T22:38:01.084479+00:00,73.5275,-0.0359,96.5768,-0.0531,0.75,0.0,1500.0,0.0,6.3
1696.500325,2026-05-05T22:38:01.585126+00:00,73.4633,-0.0912,96.4433,-0.0022,0.75,0.0,1500.0,0.0,6.3
1697.0,2026-05-05T22:38:02.084523+00:00,73.5412,-0.0065,96.3407,-0.1174,0.75,0.0,1500.0,0.0,6.3
1697.5,2026-05-05T22:38:02.590919+00:00,73.6011,-0.005,96.4702,-0.1365,0.75,0.0,1500.0,0.0,6.3
1698.0,2026-05-05T22:38:03.084327+00:00,73.5199,-0.0038,96.2688,-0.1435,0.75,0.0,1500.0,0.0,6.3
1698.5,2026-05-05T22:38:03.584444+00:00,73.712,0.1243,96.4149,-0.0717,0.75,0.0,1500.0,0.0,6.3
1699.0,2026-05-05T22:38:04.084757+00:00,73.6051,0.0319,96.2957,-0.0937,0.75,0.0,1500.0,0.0,6.3
1699.5,2026-05-05T22:38:04.584331+00:00,73.5229,-0.0391,96.2273,-0.072,0.75,0.0,1500.0,0.0,6.3
1700.0,2026-05-05T22:38:05.089153+00:00,73.3325,-0.0937,96.4061,0.0218,0.75,0.0,1500.0,0.0,6.3
1700.5,2026-05-05T22:38:05.584568+00:00,73.5679,-0.072,96.4047,-0.0218,0.75,0.0,1500.0,0.0,6.2488
1701.0,2026-05-05T22:38:06.084331+00:00,73.6216,0.0083,96.311,0.0141,0.75,0.0,1500.0,0.0,6.2238
1701.5,2026-05-05T22:38:06.584329+00:00,73.6629,0.07,96.2159,-0.0663,0.75,0.0,1500.0,0.0,6.2116
1702.0,2026-05-05T22:38:07.084703+00:00,73.6946,0.1811,96.5131,0.0724,0.75,0.0,1500.0,0.0,6.2057
1702.500185,2026-05-05T22:38:07.591089+00:00,73.719,0.0755,96.51,0.0942,0.75,0.0,1500.0,0.0,6.2028
1703.000373,2026-05-05T22:38:08.084735+00:00,73.6105,-0.0056,96.6234,0.0724,0.75,0.0,1500.0,0.0,6.2526
1703.5,2026-05-05T22:38:08.584516+00:00,73.7816,0.0594,96.4792,0.0248,0.75,0.0,1500.0,0.0,6.2768
1704.0,2026-05-05T22:38:09.084316+00:00,73.6586,-0.018,96.2294,-0.0272,0.75,0.0,1500.0,0.0,6.2887
1704.5,2026-05-05T22:38:09.584442+00:00,73.6913,-0.0138,96.292,0.0254,0.75,0.0,1500.0,0.0,6.2945
1705.0,2026-05-05T22:38:10.089862+00:00,73.8437,0.1166,96.1088,-0.1348,0.75,0.0,1500.0,0.0,6.2973
1705.501988,2026-05-05T22:38:10.586416+00:00,73.9609,0.0896,95.9679,-0.1807,0.75,0.0,1500.0,0.0,6.2987
1706.0,2026-05-05T22:38:11.084335+00:00,73.7964,0.0689,95.9753,-0.216,0.75,0.0,1500.0,0.0,6.2994
1706.5,2026-05-05T22:38:11.584415+00:00,73.7972,0.053,96.3281,-0.0503,0.75,0.0,1500.0,0.0,6.2997
1707.000317,2026-05-05T22:38:12.084731+00:00,73.6706,-0.0866,96.3679,0.0462,0.75,0.0,1500.0,0.0,6.2998
1707.5,2026-05-05T22:38:12.590550+00:00,73.5733,-0.1938,96.7456,0.1512,0.75,0.0,1500.0,0.0,6.2999
1708.000088,2026-05-05T22:38:13.085060+00:00,73.6257,-0.0853,96.8044,0.2319,0.75,0.0,1500.0,0.0,6.3
1708.500491,2026-05-05T22:38:13.584811+00:00,73.5388,-0.1292,96.5952,0.2091,0.75,0.0,1500.0,0.0,6.3
1709.0,2026-05-05T22:38:14.084497+00:00,73.7265,0.028,96.55,0.1916,0.75,0.0,1500.0,0.0,6.3
1709.5,2026-05-05T22:38:14.584831+00:00,73.7435,0.0851,96.5384,0.0701,0.75,0.0,1500.0,0.0,6.3
1710.0,2026-05-05T22:38:15.089603+00:00,73.7566,0.0654,96.6452,0.0924,0.75,0.0,1500.0,0.0,6.3
1710.5,2026-05-05T22:38:15.584357+00:00,73.8939,0.1776,96.7273,-0.0061,0.75,0.0,1500.0,0.0,6.3
1711.0,2026-05-05T22:38:16.084534+00:00,73.8722,0.0728,96.7673,-0.0124,0.75,0.0,1500.0,0.0,6.3
1711.5,2026-05-05T22:38:16.584439+00:00,73.8555,0.056,96.7054,0.0368,0.75,0.0,1500.0,0.0,6.3
1712.0,2026-05-05T22:38:17.084353+00:00,73.8426,0.043,96.7736,0.0745,0.75,0.0,1500.0,0.0,6.3
1712.5,2026-05-05T22:38:17.593045+00:00,73.7055,-0.0942,96.9417,0.1344,0.75,0.0,1500.0,0.0,6.3
1713.0,2026-05-05T22:38:18.084492+00:00,73.7274,-0.0724,96.9552,0.1033,0.75,0.0,1500.0,0.0,6.3
1713.5,2026-05-05T22:38:18.584493+00:00,73.7442,-0.0556,97.0813,0.118,0.75,0.0,1500.0,0.0,6.3
1714.0,2026-05-05T22:38:19.084594+00:00,73.7571,-0.0428,96.9468,0.0598,0.75,0.0,1500.0,0.0,6.3
1714.5,2026-05-05T22:38:19.584365+00:00,73.8943,0.0944,96.9359,0.0768,0.75,0.0,1500.0,0.0,6.3
1715.0,2026-05-05T22:38:20.090896+00:00,73.8725,0.0726,96.9508,0.0591,0.75,0.0,1500.0,0.0,6.3
1715.5,2026-05-05T22:38:20.584350+00:00,73.8557,0.0558,96.7076,-0.078,0.75,0.0,1500.0,0.0,6.3
1716.0,2026-05-05T22:38:21.084443+00:00,73.7155,-0.0208,96.891,-0.0214,0.75,0.0,1500.0,0.0,6.3
1716.5,2026-05-05T22:38:21.584344+00:00,73.6078,-0.1432,96.9162,-0.055,0.75,0.0,1500.0,0.0,6.3
1717.0,2026-05-05T22:38:22.084354+00:00,73.7796,-0.0465,96.5885,-0.1194,0.75,0.0,1500.0,0.0,6.3
1717.5,2026-05-05T22:38:22.589194+00:00,73.7843,-0.0357,96.568,-0.1226,0.75,0.0,1500.0,0.0,6.2488
1718.0,2026-05-05T22:38:23.084316+00:00,73.7879,0.0362,96.4134,-0.1791,0.75,0.0,1500.0,0.0,6.275
1718.500448,2026-05-05T22:38:23.585146+00:00,73.918,0.1551,96.4335,-0.0914,0.75,0.0,1500.0,0.0,6.2878
1719.0,2026-05-05T22:38:24.084343+00:00,74.018,0.1192,96.4257,-0.1551,0.75,0.0,1500.0,0.0,6.294
1719.5,2026-05-05T22:38:24.584414+00:00,73.9675,0.0916,96.2115,-0.2349,0.75,0.0,1500.0,0.0,6.2971
1720.0,2026-05-05T22:38:25.092189+00:00,73.9288,0.0704,96.1626,-0.142,0.75,0.0,1500.0,0.0,6.2986
1720.5,2026-05-05T22:38:25.584460+00:00,74.0262,0.0541,96.3563,-0.0706,0.75,0.0,1500.0,0.0,6.2993
1721.0,2026-05-05T22:38:26.084590+00:00,73.9739,-0.022,96.4821,0.0229,0.75,0.0,1500.0,0.0,6.2997
1721.5,2026-05-05T22:38:26.584368+00:00,74.0609,0.0467,96.3706,-0.021,0.75,0.0,1500.0,0.0,6.2998
1722.000303,2026-05-05T22:38:27.084662+00:00,74.1278,0.0995,96.4005,-0.0084,0.75,0.0,1500.0,0.0,6.2999
1722.5,2026-05-05T22:38:27.590663+00:00,73.9247,-0.0508,96.4004,0.063,0.75,0.0,1500.0,0.0,6.2488
1723.0,2026-05-05T22:38:28.084430+00:00,73.7686,-0.1027,96.4235,0.087,0.75,0.0,1500.0,0.0,6.275
1723.5,2026-05-05T22:38:28.584325+00:00,73.7758,-0.1425,96.6726,0.1054,0.75,0.0,1500.0,0.0,6.2878
1724.0,2026-05-05T22:38:29.084494+00:00,73.7814,-0.1732,96.864,0.1273,0.75,0.0,1500.0,0.0,6.294
1724.5,2026-05-05T22:38:29.584353+00:00,73.5312,-0.1967,96.641,0.0901,0.75,0.0,1500.0,0.0,6.2971
1725.0,2026-05-05T22:38:30.089496+00:00,73.5934,-0.0876,96.9554,0.185,0.75,0.0,1500.0,0.0,6.2986
1725.5,2026-05-05T22:38:30.584400+00:00,73.6412,-0.0673,96.8501,0.1499,0.75,0.0,1500.0,0.0,6.2993
1726.0,2026-05-05T22:38:31.084458+00:00,73.6779,-0.0517,96.9773,0.1846,0.75,0.0,1500.0,0.0,6.2997
1726.5,2026-05-05T22:38:31.584565+00:00,73.8335,0.1511,96.9594,0.0956,0.75,0.0,1500.0,0.0,6.2998
1727.0,2026-05-05T22:38:32.084369+00:00,73.5712,-0.0111,96.5986,-0.0885,0.75,0.0,1500.0,0.0,6.2999
1727.5,2026-05-05T22:38:32.590701+00:00,73.4969,-0.0722,96.6915,0.0168,0.75,0.0,1500.0,0.0,6.2488
1728.0,2026-05-05T22:38:33.084484+00:00,73.4397,-0.1191,96.6472,-0.1028,0.75,0.0,1500.0,0.0,6.275
1728.500441,2026-05-05T22:38:33.585136+00:00,73.2686,-0.2824,96.6131,-0.079,0.75,0.0,1500.0,0.0,6.2878
1729.0,2026-05-05T22:38:34.084323+00:00,73.3915,-0.0898,96.5638,-0.1378,0.75,0.0,1500.0,0.0,6.294
1729.500119,2026-05-05T22:38:34.584476+00:00,73.4861,-0.0054,96.6647,-0.0982,0.75,0.0,1500.0,0.0,6.2971
1730.0,2026-05-05T22:38:35.090577+00:00,73.5587,0.0595,96.3952,-0.0678,0.75,0.0,1500.0,0.0,6.2986
1730.5,2026-05-05T22:38:35.584507+00:00,73.6145,0.173,96.4195,-0.0907,0.75,0.0,1500.0,0.0,6.3505
1731.0,2026-05-05T22:38:36.084499+00:00,73.6575,0.133,96.3224,-0.1083,0.75,0.0,1500.0,0.0,6.3758
1731.5,2026-05-05T22:38:36.584401+00:00,73.5632,0.0386,96.2247,-0.1295,0.75,0.0,1500.0,0.0,6.337
1732.0,2026-05-05T22:38:37.084358+00:00,73.618,0.0296,95.9413,-0.2075,0.75,0.0,1500.0,0.0,6.3181
1732.5,2026-05-05T22:38:37.590588+00:00,73.4056,-0.1045,96.1863,-0.1595,0.75,0.0,1500.0,0.0,6.3088
1733.0,2026-05-05T22:38:38.084360+00:00,73.3696,-0.1439,96.2589,-0.0455,0.75,0.0,1500.0,0.0,6.3555
1733.5,2026-05-05T22:38:38.584411+00:00,73.3419,-0.1106,96.3147,-0.0349,0.75,0.0,1500.0,0.0,6.3783
1734.0,2026-05-05T22:38:39.084599+00:00,73.3206,-0.1487,96.2187,-0.0346,0.75,0.0,1500.0,0.0,6.3894
1734.502861,2026-05-05T22:38:39.587217+00:00,73.4316,0.013,96.1912,-0.0111,0.75,0.0,1500.0,0.0,6.3948
1735.0,2026-05-05T22:38:40.089168+00:00,73.5168,0.0736,96.1238,0.0609,0.75,0.0,1500.0,0.0,6.3975
1735.5,2026-05-05T22:38:40.584526+00:00,73.5823,0.1202,96.3266,0.0468,0.75,0.0,1500.0,0.0,6.3988
1736.001777,2026-05-05T22:38:41.086175+00:00,73.6327,0.156,96.3436,0.0282,0.75,0.0,1500.0,0.0,6.3994
1736.5,2026-05-05T22:38:41.584366+00:00,73.5441,0.0563,96.3566,0.014,0.75,0.0,1500.0,0.0,6.3485
1737.0,2026-05-05T22:38:42.084383+00:00,73.4761,-0.0204,96.6212,0.1342,0.75,0.0,1500.0,0.0,6.3237
1737.501466,2026-05-05T22:38:42.590173+00:00,73.2965,-0.1429,96.3618,0.0568,0.75,0.0,1500.0,0.0,6.3116
1738.0,2026-05-05T22:38:43.084326+00:00,73.413,-0.1099,96.5094,0.1285,0.75,0.0,1500.0,0.0,6.3568
1738.5,2026-05-05T22:38:43.584493+00:00,73.5026,-0.0208,96.1602,-0.0555,0.75,0.0,1500.0,0.0,6.3789
1739.0,2026-05-05T22:38:44.084361+00:00,73.4441,-0.016,96.1231,-0.0735,0.75,0.0,1500.0,0.0,6.3897
1739.5,2026-05-05T22:38:44.584478+00:00,73.3992,0.0513,96.326,-0.0102,0.75,0.0,1500.0,0.0,6.3438
1740.0,2026-05-05T22:38:45.090851+00:00,73.2374,-0.0878,96.5977,-0.0078,0.75,0.0,1500.0,0.0,6.3214
1740.500491,2026-05-05T22:38:45.584823+00:00,73.2403,-0.1311,96.4362,0.0248,0.75,0.0,1500.0,0.0,6.3104
1741.0,2026-05-05T22:38:46.084355+00:00,73.3698,-0.0371,96.6824,0.0576,0.75,0.0,1500.0,0.0,6.3051
1741.5,2026-05-05T22:38:46.584344+00:00,73.4694,0.0351,96.5245,0.1214,0.75,0.0,1500.0,0.0,6.3025
1742.0,2026-05-05T22:38:47.084350+00:00,73.2913,0.027,96.542,0.1396,0.75,0.0,1500.0,0.0,6.3012
1742.5,2026-05-05T22:38:47.588860+00:00,73.1545,-0.0429,96.5091,0.061,0.75,0.0,1500.0,0.0,6.3006
1743.0,2026-05-05T22:38:48.084363+00:00,73.4311,0.0307,96.6227,0.0083,0.75,0.0,1500.0,0.0,6.3003
1743.5,2026-05-05T22:38:48.584349+00:00,73.5165,0.0236,96.3629,-0.0244,0.75,0.0,1500.0,0.0,6.3001
1744.0,2026-05-05T22:38:49.084359+00:00,73.3276,0.0181,96.7417,0.0198,0.75,0.0,1500.0,0.0,6.3001
1744.5,2026-05-05T22:38:49.585380+00:00,73.5642,0.2048,96.9172,0.1309,0.75,0.0,1500.0,0.0,6.3
1745.0,2026-05-05T22:38:50.091776+00:00,73.6187,0.0938,96.7975,0.0852,0.75,0.0,1500.0,0.0,6.3
1745.5,2026-05-05T22:38:50.584792+00:00,73.6607,0.0721,96.8212,0.104,0.75,0.0,1500.0,0.0,6.3
1746.0,2026-05-05T22:38:51.084840+00:00,73.4384,0.0554,96.6312,0.0028,0.75,0.0,1500.0,0.0,6.3
1746.5,2026-05-05T22:38:51.584366+00:00,73.3948,-0.0847,96.6008,0.0793,0.75,0.0,1500.0,0.0,6.3
1747.0,2026-05-05T22:38:52.084838+00:00,73.4886,-0.0651,96.5775,-0.0547,0.75,0.0,1500.0,0.0,6.3
1747.501991,2026-05-05T22:38:52.594023+00:00,73.4334,-0.1137,96.791,-0.0421,0.75,0.0,1500.0,0.0,6.3
1748.0,2026-05-05T22:38:53.084364+00:00,73.3909,-0.0237,96.6079,-0.0632,0.75,0.0,1500.0,0.0,6.3512
1748.5,2026-05-05T22:38:53.584544+00:00,73.6129,0.109,96.6987,-0.0409,0.75,0.0,1500.0,0.0,6.325
1749.0,2026-05-05T22:38:54.084388+00:00,73.6562,0.0838,96.6758,0.0149,0.75,0.0,1500.0,0.0,6.3122
1749.5,2026-05-05T22:38:54.584418+00:00,73.8167,0.1917,96.6351,0.0114,0.75,0.0,1500.0,0.0,6.306
1750.0,2026-05-05T22:38:55.089850+00:00,73.6856,0.1473,96.8353,0.0859,0.75,0.0,1500.0,0.0,6.3029
1750.5,2026-05-05T22:38:55.584376+00:00,73.5848,-0.014,96.642,-0.0497,0.75,0.0,1500.0,0.0,6.3014
1751.000308,2026-05-05T22:38:56.084638+00:00,73.6346,-0.0108,96.7248,0.039,0.75,0.0,1500.0,0.0,6.3007
1751.5,2026-05-05T22:38:56.584477+00:00,73.6729,-0.0719,96.6728,-0.0086,0.75,0.0,1500.0,0.0,6.3003
1752.0,2026-05-05T22:38:57.084362+00:00,73.575,-0.0553,96.5171,-0.0529,0.75,0.0,1500.0,0.0,6.3002
1752.5,2026-05-05T22:38:57.588906+00:00,73.3725,-0.1061,96.7446,0.0365,0.75,0.0,1500.0,0.0,6.3001
1753.0,2026-05-05T22:38:58.084492+00:00,73.3442,-0.1452,96.6648,-0.0568,0.75,0.0,1500.0,0.0,6.3
1753.5,2026-05-05T22:38:58.584348+00:00,73.4497,-0.1116,96.6267,-0.0051,0.75,0.0,1500.0,0.0,6.2488
1754.0,2026-05-05T22:38:59.084335+00:00,73.2762,-0.1494,96.7131,-0.0039,0.75,0.0,1500.0,0.0,6.2238
1754.5,2026-05-05T22:38:59.584706+00:00,73.2701,-0.0512,96.7795,0.0356,0.75,0.0,1500.0,0.0,6.2116
1755.0,2026-05-05T22:39:00.090894+00:00,73.3927,0.0243,96.5991,0.0273,0.75,0.0,1500.0,0.0,6.2057
1755.5,2026-05-05T22:39:00.584358+00:00,73.487,0.0187,96.5762,-0.0561,0.75,0.0,1500.0,0.0,6.254
1756.0,2026-05-05T22:39:01.084357+00:00,73.4321,0.078,96.6742,0.0031,0.75,0.0,1500.0,0.0,6.2775
1756.5,2026-05-05T22:39:01.584345+00:00,73.39,0.0599,96.4025,-0.0747,0.75,0.0,1500.0,0.0,6.289
1757.0,2026-05-05T22:39:02.084386+00:00,73.3576,-0.0176,96.5408,-0.0574,0.75,0.0,1500.0,0.0,6.2947
1757.5,2026-05-05T22:39:02.592737+00:00,73.3327,-0.0771,96.7627,-0.0056,0.75,0.0,1500.0,0.0,6.2462
1758.000269,2026-05-05T22:39:03.084622+00:00,73.5681,0.068,96.7019,0.0343,0.75,0.0,1500.0,0.0,6.2737
1758.5,2026-05-05T22:39:03.584878+00:00,73.6218,0.1159,96.8866,0.1035,0.75,0.0,1500.0,0.0,6.2872
1759.0,2026-05-05T22:39:04.084424+00:00,73.663,0.1527,96.774,0.0333,0.75,0.0,1500.0,0.0,6.2937
1759.5,2026-05-05T22:39:04.584347+00:00,73.5674,0.1174,96.8263,0.1413,0.75,0.0,1500.0,0.0,6.2969
1760.0,2026-05-05T22:39:05.090313+00:00,73.3667,-0.1007,96.8665,0.1086,0.75,0.0,1500.0,0.0,6.2985
1760.5,2026-05-05T22:39:05.586211+00:00,73.3397,-0.141,96.8048,0.014,0.75,0.0,1500.0,0.0,6.2993
1761.0,2026-05-05T22:39:06.084319+00:00,73.4462,-0.1084,96.9657,0.0879,0.75,0.0,1500.0,0.0,6.2996
1761.5,2026-05-05T22:39:06.584397+00:00,73.4008,-0.0833,96.7422,-0.0481,0.75,0.0,1500.0,0.0,6.2998
1762.001971,2026-05-05T22:39:07.086467+00:00,73.6205,0.1269,96.4548,-0.1064,0.75,0.0,1500.0,0.0,6.2999
1762.5,2026-05-05T22:39:07.590088+00:00,73.7893,0.2248,96.6966,-0.0432,0.75,0.0,1500.0,0.0,6.2488
1763.000034,2026-05-05T22:39:08.084429+00:00,73.7918,0.1728,96.6511,-0.0718,0.75,0.0,1500.0,0.0,6.275
1763.500577,2026-05-05T22:39:08.584941+00:00,73.7937,0.1964,96.6162,-0.0629,0.75,0.0,1500.0,0.0,6.2878
1764.0,2026-05-05T22:39:09.084319+00:00,73.6679,0.0237,96.8207,-0.0483,0.75,0.0,1500.0,0.0,6.294
1764.5,2026-05-05T22:39:09.584560+00:00,73.6984,-0.0454,96.9779,0.0785,0.75,0.0,1500.0,0.0,6.2971
1765.0,2026-05-05T22:39:10.088770+00:00,73.7219,-0.0349,96.8673,0.1375,0.75,0.0,1500.0,0.0,6.2986
1765.5,2026-05-05T22:39:10.584810+00:00,73.6127,-0.0905,97.0137,0.1057,0.75,0.0,1500.0,0.0,6.2481
1766.0,2026-05-05T22:39:11.084798+00:00,73.6561,-0.0059,96.8717,0.0735,0.75,0.0,1500.0,0.0,6.2235
1766.500291,2026-05-05T22:39:11.584647+00:00,73.5621,-0.0682,96.9014,0.0951,0.75,0.0,1500.0,0.0,6.2115
1767.0,2026-05-05T22:39:12.084438+00:00,73.6172,-0.0524,97.0399,0.0731,0.75,0.0,1500.0,0.0,6.2056
1767.5,2026-05-05T22:39:12.591025+00:00,73.5322,-0.0403,96.7993,-0.0595,0.75,0.0,1500.0,0.0,6.2027
1768.0,2026-05-05T22:39:13.084382+00:00,73.4669,-0.0946,96.9614,0.0314,0.75,0.0,1500.0,0.0,6.2525
1768.5,2026-05-05T22:39:13.584349+00:00,73.4167,-0.0727,97.086,0.0241,0.75,0.0,1500.0,0.0,6.2768
1769.0,2026-05-05T22:39:14.084358+00:00,73.5054,-0.0559,96.8347,-0.0123,0.75,0.0,1500.0,0.0,6.2887
1769.5,2026-05-05T22:39:14.584465+00:00,73.7008,0.0843,96.7573,-0.048,0.75,0.0,1500.0,0.0,6.2945
1770.0,2026-05-05T22:39:15.089919+00:00,73.5965,0.0648,96.9291,-0.0369,0.75,0.0,1500.0,0.0,6.2973
1770.5,2026-05-05T22:39:15.584374+00:00,73.5163,0.0498,96.7141,-0.0284,0.75,0.0,1500.0,0.0,6.2475
1771.0,2026-05-05T22:39:16.084388+00:00,73.4547,-0.0253,96.7803,-0.0604,0.75,0.0,1500.0,0.0,6.2232
1771.5,2026-05-05T22:39:16.584477+00:00,73.4073,-0.1468,96.7154,-0.1235,0.75,0.0,1500.0,0.0,6.2113
1772.0,2026-05-05T22:39:17.084337+00:00,73.4982,-0.0492,96.6656,-0.0564,0.75,0.0,1500.0,0.0,6.2055
1772.5,2026-05-05T22:39:17.593284+00:00,73.6953,0.0895,96.6041,-0.0511,0.75,0.0,1500.0,0.0,6.2027
1773.000733,2026-05-05T22:39:18.085726+00:00,73.7195,0.1324,96.6957,-0.0778,0.75,0.0,1500.0,0.0,6.2525
1773.5,2026-05-05T22:39:18.584342+00:00,73.8654,0.229,96.743,0.0096,0.75,0.0,1500.0,0.0,6.2768
1774.0,2026-05-05T22:39:19.084332+00:00,73.9776,0.2397,96.8025,0.0074,0.75,0.0,1500.0,0.0,6.2887
1774.5,2026-05-05T22:39:19.584377+00:00,73.9365,0.1206,96.7325,0.0057,0.75,0.0,1500.0,0.0,6.2945
1775.0,2026-05-05T22:39:20.090163+00:00,73.7776,0.029,96.9101,0.0815,0.75,0.0,1500.0,0.0,6.2973
1775.5,2026-05-05T22:39:20.584839+00:00,73.6555,-0.1049,97.0466,0.1475,0.75,0.0,1500.0,0.0,6.2987
1776.000484,2026-05-05T22:39:21.084893+00:00,73.8162,-0.0807,96.9201,0.0748,0.75,0.0,1500.0,0.0,6.2994
1776.5,2026-05-05T22:39:21.584333+00:00,73.8125,-0.062,97.0543,0.1038,0.75,0.0,1500.0,0.0,6.2997
1777.0,2026-05-05T22:39:22.084588+00:00,73.6823,-0.0477,96.926,0.0412,0.75,0.0,1500.0,0.0,6.2998
1777.5,2026-05-05T22:39:22.589236+00:00,73.5823,-0.0366,96.8274,0.0317,0.75,0.0,1500.0,0.0,6.2999
1778.0,2026-05-05T22:39:23.084496+00:00,73.6327,-0.0918,96.7285,-0.0605,0.75,0.0,1500.0,0.0,6.3
1778.5,2026-05-05T22:39:23.584367+00:00,73.6714,-0.0705,96.6757,-0.1236,0.75,0.0,1500.0,0.0,6.3
1779.0,2026-05-05T22:39:24.084354+00:00,73.7011,0.0094,96.4962,-0.1413,0.75,0.0,1500.0,0.0,6.3
1779.5,2026-05-05T22:39:24.584500+00:00,73.4695,-0.0564,96.5896,-0.1549,0.75,0.0,1500.0,0.0,6.3
1780.0,2026-05-05T22:39:25.090676+00:00,73.1642,-0.2343,96.43,-0.1653,0.75,0.0,1500.0,0.0,6.3
1780.5,2026-05-05T22:39:25.584422+00:00,73.0567,-0.3073,96.4462,-0.1271,0.75,0.0,1500.0,0.0,6.3
1781.0,2026-05-05T22:39:26.084351+00:00,73.2287,-0.2362,96.5744,-0.0514,0.75,0.0,1500.0,0.0,6.3
1781.5,2026-05-05T22:39:26.584783+00:00,73.3609,-0.0543,96.6729,-0.0009,0.75,0.0,1500.0,0.0,6.3
1782.0,2026-05-05T22:39:27.084331+00:00,73.3353,0.0856,96.7486,0.0841,0.75,0.0,1500.0,0.0,6.3
1782.5,2026-05-05T22:39:27.591147+00:00,73.4428,0.193,96.6679,0.0261,0.75,0.0,1500.0,0.0,6.3
1783.0,2026-05-05T22:39:28.085046+00:00,73.1436,-0.0425,96.6059,0.0586,0.75,0.0,1500.0,0.0,6.3512
1783.5,2026-05-05T22:39:28.584436+00:00,73.1683,-0.0963,96.6971,0.0836,0.75,0.0,1500.0,0.0,6.3762
1784.0,2026-05-05T22:39:29.084317+00:00,73.1872,-0.074,96.8829,0.1028,0.75,0.0,1500.0,0.0,6.3372
1784.5,2026-05-05T22:39:29.584369+00:00,73.329,-0.0569,96.91,0.079,0.75,0.0,1500.0,0.0,6.3181
1785.0,2026-05-05T22:39:30.088815+00:00,73.3107,0.0835,96.9308,0.0608,0.75,0.0,1500.0,0.0,6.3089
1785.5,2026-05-05T22:39:30.584773+00:00,73.4239,0.1278,97.0625,0.1315,0.75,0.0,1500.0,0.0,6.3043
1786.00049,2026-05-05T22:39:31.084815+00:00,73.2564,0.0346,96.8167,0.0702,0.75,0.0,1500.0,0.0,6.3021
1786.5,2026-05-05T22:39:31.584339+00:00,73.3822,0.0266,96.9748,0.0926,0.75,0.0,1500.0,0.0,6.301
1787.0,2026-05-05T22:39:32.085393+00:00,73.4789,0.0841,96.9806,0.0326,0.75,0.0,1500.0,0.0,6.3005
1787.5,2026-05-05T22:39:32.589392+00:00,73.4259,0.001,97.1008,0.0636,0.75,0.0,1500.0,0.0,6.249
1788.0,2026-05-05T22:39:33.084425+00:00,73.5125,0.128,97.1932,0.0875,0.75,0.0,1500.0,0.0,6.2751
1788.500152,2026-05-05T22:39:33.584876+00:00,73.4517,0.0348,97.1485,0.0286,0.75,0.0,1500.0,0.0,6.2879
1789.0,2026-05-05T22:39:34.084432+00:00,73.5323,0.0267,97.2298,0.1377,0.75,0.0,1500.0,0.0,6.2941
1789.5,2026-05-05T22:39:34.584880+00:00,73.5943,0.0842,97.408,0.1444,0.75,0.0,1500.0,0.0,6.2971
1790.000808,2026-05-05T22:39:35.093695+00:00,73.5146,0.0011,97.3136,0.111,0.75,0.0,1500.0,0.0,6.2986
1790.5,2026-05-05T22:39:35.584534+00:00,73.5806,0.0645,97.4724,0.1239,0.75,0.0,1500.0,0.0,6.2993
1791.0,2026-05-05T22:39:36.084377+00:00,73.6314,0.0495,97.3631,0.0566,0.75,0.0,1500.0,0.0,6.2997
1791.5,2026-05-05T22:39:36.584498+00:00,73.5431,-0.0256,97.2791,0.0435,0.75,0.0,1500.0,0.0,6.2998
1792.0,2026-05-05T22:39:37.084420+00:00,73.6026,0.044,97.4459,0.072,0.75,0.0,1500.0,0.0,6.2999
1792.5,2026-05-05T22:39:37.594761+00:00,73.521,-0.0298,97.227,-0.0603,0.75,0.0,1500.0,0.0,6.3
1793.0,2026-05-05T22:39:38.084346+00:00,73.4583,-0.0866,97.4059,0.0308,0.75,0.0,1500.0,0.0,6.3
1793.500637,2026-05-05T22:39:38.585008+00:00,73.4101,-0.0665,97.4277,-0.0149,0.75,0.0,1500.0,0.0,6.3
1794.0,2026-05-05T22:39:39.084450+00:00,73.373,-0.1148,97.3287,-0.0115,0.75,0.0,1500.0,0.0,6.3
1794.5,2026-05-05T22:39:39.584557+00:00,73.3446,-0.0882,97.3683,0.0297,0.75,0.0,1500.0,0.0,6.3
1795.0,2026-05-05T22:39:40.089922+00:00,73.45,-0.0042,97.1674,-0.0928,0.75,0.0,1500.0,0.0,6.3
1795.5,2026-05-05T22:39:40.584356+00:00,73.531,0.0604,97.1287,-0.0328,0.75,0.0,1500.0,0.0,6.2488
1796.0,2026-05-05T22:39:41.084460+00:00,73.4659,0.0464,97.0758,-0.11,0.75,0.0,1500.0,0.0,6.2238
1796.5,2026-05-05T22:39:41.584953+00:00,73.6705,0.163,96.8037,-0.208,0.75,0.0,1500.0,0.0,6.2116
1797.0,2026-05-05T22:39:42.084620+00:00,73.7005,0.1253,96.502,-0.2756,0.75,0.0,1500.0,0.0,6.2057
1797.5,2026-05-05T22:39:42.589237+00:00,73.8508,0.1599,96.5015,-0.2889,0.75,0.0,1500.0,0.0,6.2028
1798.001756,2026-05-05T22:39:43.086127+00:00,73.7118,0.1229,96.3855,-0.2606,0.75,0.0,1500.0,0.0,6.2526
1798.5,2026-05-05T22:39:43.584348+00:00,73.6049,-0.0328,96.6434,-0.1618,0.75,0.0,1500.0,0.0,6.2768
1799.0,2026-05-05T22:39:44.084388+00:00,73.5228,-0.0888,96.7028,-0.1243,0.75,0.0,1500.0,0.0,6.2887
1799.500493,2026-05-05T22:39:44.584822+00:00,73.5869,-0.1319,96.7715,-0.0107,0.75,0.0,1500.0,0.0,6.2945
