monotonic_offset_s,utc_timestamp,T,T_dot,U,U_dot,V,V_dot,f,f_dot,mem
0.000342,2026-05-06T01:14:27.937035+00:00,45.75,,0.0,,0.8486,,2400.0,,4.1
0.50027,2026-05-06T01:14:28.484656+00:00,45.8773,,13.6989,,0.8486,,2400.0,,4.7144
1.0,2026-05-06T01:14:28.928644+00:00,45.8478,,13.1669,,0.8486,0.0,2400.0,0.0,5.219
1.5,2026-05-06T01:14:29.428961+00:00,45.9525,,15.0258,,0.8486,0.0,2400.0,0.0,6.0797
2.0,2026-05-06T01:14:29.928727+00:00,46.4147,0.3323,33.5087,,0.8486,0.0,2400.0,0.0,6.6021
2.5,2026-05-06T01:14:30.433065+00:00,47.279,0.7009,48.0849,,0.8486,0.0,2400.0,0.0,6.857
3.000687,2026-05-06T01:14:30.947514+00:00,47.9434,1.0478,58.9642,19.6547,0.8486,0.0,2400.0,0.0,6.9814
3.5,2026-05-06T01:14:31.428674+00:00,48.7085,1.378,67.488,17.9297,0.8486,0.0,2400.0,0.0,7.0421
4.0,2026-05-06T01:14:31.928887+00:00,49.1694,1.3773,74.3171,20.3834,0.8486,0.0,2400.0,0.0,7.0718
4.5,2026-05-06T01:14:32.429234+00:00,50.0326,1.3768,79.5659,21.5134,0.8486,0.0,2400.0,0.0,7.0862
5.0,2026-05-06T01:14:32.935204+00:00,50.3143,1.1855,83.3687,16.62,0.8486,0.0,2400.0,0.0,7.0933
5.5,2026-05-06T01:14:33.428657+00:00,50.9127,1.1021,86.4073,12.7742,0.8486,0.0,2400.0,0.0,7.0967
6.0,2026-05-06T01:14:33.928663+00:00,51.3725,1.1016,88.7428,9.9262,0.8486,0.0,2400.0,0.0,7.0984
6.5,2026-05-06T01:14:34.429228+00:00,51.726,0.8467,90.5378,7.6833,0.8486,0.0,2400.0,0.0,7.0992
7.0,2026-05-06T01:14:34.928660+00:00,51.9976,0.8417,91.8017,5.8282,0.8486,0.0,2400.0,0.0,7.0996
7.5,2026-05-06T01:14:35.533426+00:00,52.2065,0.6469,92.5418,4.3253,0.8486,0.0,2400.0,0.0,7.0486
8.0,2026-05-06T01:14:35.928677+00:00,52.4942,0.5608,93.4346,3.3553,0.8486,0.0,2400.0,0.0,7.0749
8.5,2026-05-06T01:14:36.428716+00:00,52.5881,0.4311,94.0051,2.5326,0.8486,0.0,2400.0,0.0,7.0878
9.0,2026-05-06T01:14:36.929597+00:00,52.6603,0.3313,94.4667,1.908,0.8486,0.0,2400.0,0.0,7.094
9.5,2026-05-06T01:14:37.428678+00:00,52.7158,0.2546,94.8215,1.4279,0.8486,0.0,2400.0,0.0,7.0459
10.0,2026-05-06T01:14:37.932721+00:00,53.0129,0.2594,95.0942,1.0975,0.8486,0.0,2400.0,0.0,7.0224
10.5,2026-05-06T01:14:38.428736+00:00,53.2413,0.3266,95.0724,0.8435,0.8486,0.0,2400.0,0.0,7.0621
11.000795,2026-05-06T01:14:38.929721+00:00,53.6714,0.5056,95.4028,0.6561,0.8486,0.0,2400.0,0.0,7.0815
11.5,2026-05-06T01:14:39.428675+00:00,53.8747,0.5795,95.4253,0.4734,0.8486,0.0,2400.0,0.0,7.0398
12.0,2026-05-06T01:14:39.929301+00:00,54.031,0.509,95.7897,0.441,0.8486,0.0,2400.0,0.0,7.0194
12.5,2026-05-06T01:14:40.433893+00:00,54.1511,0.4549,95.8152,0.3312,0.8486,0.0,2400.0,0.0,7.0095
13.0,2026-05-06T01:14:40.928666+00:00,54.2434,0.286,95.8811,0.2623,0.8486,0.0,2400.0,0.0,7.0046
13.5,2026-05-06T01:14:41.428980+00:00,54.4416,0.2834,96.0243,0.3173,0.8486,0.0,2400.0,0.0,7.0023
14.0,2026-05-06T01:14:41.928805+00:00,54.3394,0.1542,96.1344,0.2439,0.8486,0.0,2400.0,0.0,7.0011
14.5,2026-05-06T01:14:42.428895+00:00,54.6427,0.2458,96.1033,0.226,0.8486,0.0,2400.0,0.0,6.9493
15.0,2026-05-06T01:14:42.932165+00:00,54.7485,0.2526,96.0794,0.0966,0.8486,0.0,2400.0,0.0,6.9241
15.5,2026-05-06T01:14:43.429425+00:00,54.8298,0.1941,96.0379,0.0742,0.8486,0.0,2400.0,0.0,6.9117
16.0,2026-05-06T01:14:43.929372+00:00,54.7651,0.2128,96.0291,0.0493,0.8486,0.0,2400.0,0.0,6.9057
16.5,2026-05-06T01:14:44.428677+00:00,54.9699,0.1636,96.0224,-0.0006,0.8486,0.0,2400.0,0.0,6.9028
17.0,2026-05-06T01:14:44.928696+00:00,55.1272,0.1894,96.1329,-0.0005,0.8486,0.0,2400.0,0.0,6.9014
17.5,2026-05-06T01:14:45.434352+00:00,55.2482,0.2092,96.2178,0.0382,0.8486,0.0,2400.0,0.0,6.8495
18.0,2026-05-06T01:14:45.929985+00:00,55.5957,0.4153,96.2831,0.0679,0.8486,0.0,2400.0,0.0,6.8241
18.5,2026-05-06T01:14:46.428679+00:00,55.7356,0.3828,96.1019,0.0213,0.8486,0.0,2400.0,0.0,6.8118
19.0,2026-05-06T01:14:46.928661+00:00,55.843,0.3579,96.194,0.055,0.8486,0.0,2400.0,0.0,6.8057
19.5,2026-05-06T01:14:47.429119+00:00,56.0529,0.4023,96.1491,0.0423,0.8486,0.0,2400.0,0.0,6.8028
20.0,2026-05-06T01:14:47.933171+00:00,56.2142,0.3092,96.1146,-0.0061,0.8486,0.0,2400.0,0.0,6.7502
20.5,2026-05-06T01:14:48.428760+00:00,56.0837,0.174,95.9724,-0.0818,0.8486,0.0,2400.0,0.0,6.7757
21.0,2026-05-06T01:14:48.928762+00:00,56.2378,0.1974,95.9788,-0.1014,0.8486,0.0,2400.0,0.0,6.7881
21.500073,2026-05-06T01:14:49.428878+00:00,56.3564,0.1517,96.0068,-0.0317,0.8486,0.0,2400.0,0.0,6.743
22.0,2026-05-06T01:14:49.928672+00:00,56.3202,0.053,95.8896,-0.1015,0.8486,0.0,2400.0,0.0,6.721
22.5,2026-05-06T01:14:50.434971+00:00,56.4196,0.168,96.1465,-0.0009,0.8486,0.0,2400.0,0.0,6.7102
23.0,2026-05-06T01:14:50.928850+00:00,56.4961,0.1291,96.0895,-0.0084,0.8486,0.0,2400.0,0.0,6.705
23.5,2026-05-06T01:14:51.428690+00:00,56.4276,0.0356,96.1845,0.0707,0.8486,0.0,2400.0,0.0,6.7024
24.0,2026-05-06T01:14:51.928725+00:00,56.6294,0.1546,96.1418,0.0543,0.8486,0.0,2400.0,0.0,6.65
24.5,2026-05-06T01:14:52.429226+00:00,56.7846,0.1825,96.109,0.034,0.8486,0.0,2400.0,0.0,6.6244
25.0,2026-05-06T01:14:52.933813+00:00,56.9039,0.2039,96.1995,0.1033,0.8486,0.0,2400.0,0.0,6.6119
25.5,2026-05-06T01:14:53.428673+00:00,56.8683,0.2203,96.0376,-0.0363,0.8486,0.0,2400.0,0.0,6.6058
26.0,2026-05-06T01:14:53.928658+00:00,57.0954,0.233,96.0289,-0.0202,0.8486,0.0,2400.0,0.0,6.6028
26.5,2026-05-06T01:14:54.428665+00:00,57.1428,0.1791,95.8834,-0.1004,0.8486,0.0,2400.0,0.0,6.5502
27.0,2026-05-06T01:14:54.928982+00:00,57.1792,0.1376,95.9104,-0.0771,0.8486,0.0,2400.0,0.0,6.5245
27.5,2026-05-06T01:14:55.432348+00:00,57.2071,0.1694,96.0468,-0.0207,0.8486,0.0,2400.0,0.0,6.512
28.0,2026-05-06T01:14:55.928719+00:00,57.2286,0.0666,96.036,-0.0545,0.8486,0.0,2400.0,0.0,6.5058
28.5,2026-05-06T01:14:56.429119+00:00,57.2451,0.0512,96.1433,0.0352,0.8486,0.0,2400.0,0.0,6.5028
29.0,2026-05-06T01:14:56.928681+00:00,57.1306,-0.0243,96.1102,0.0271,0.8486,0.0,2400.0,0.0,6.5014
29.5,2026-05-06T01:14:57.428659+00:00,57.297,0.045,96.0847,0.0671,0.8486,0.0,2400.0,0.0,6.5007
30.0,2026-05-06T01:14:57.932874+00:00,57.425,0.0982,95.9494,0.013,0.8486,0.0,2400.0,0.0,6.5003
30.5,2026-05-06T01:14:58.429187+00:00,57.5233,0.1391,95.9611,-0.0286,0.8486,0.0,2400.0,0.0,6.5002
31.0,2026-05-06T01:14:58.928669+00:00,57.7262,0.2978,95.7387,-0.0991,0.8486,0.0,2400.0,0.0,6.5001
31.5,2026-05-06T01:14:59.428993+00:00,57.8821,0.2925,95.9149,-0.0762,0.8486,0.0,2400.0,0.0,6.5
32.0,2026-05-06T01:14:59.929117+00:00,57.7474,0.1612,96.0503,-0.02,0.8486,0.0,2400.0,0.0,6.5
32.5,2026-05-06T01:15:00.434898+00:00,57.8984,0.1875,96.0386,-0.0153,0.8486,0.0,2400.0,0.0,6.5
33.0,2026-05-06T01:15:00.928897+00:00,57.8872,0.0805,96.0297,0.0268,0.8486,0.0,2400.0,0.0,6.5
33.5,2026-05-06T01:15:01.428799+00:00,58.2604,0.1891,96.1385,0.0591,0.8486,0.0,2400.0,0.0,6.5
34.0,2026-05-06T01:15:01.928720+00:00,58.42,0.3363,96.2222,0.1612,0.8486,0.0,2400.0,0.0,6.5
34.5,2026-05-06T01:15:02.428943+00:00,58.5426,0.3221,96.4022,0.1624,0.8486,0.0,2400.0,0.0,6.5
35.0,2026-05-06T01:15:02.933182+00:00,58.5096,0.3112,96.4248,0.1248,0.8486,0.0,2400.0,0.0,6.5
35.500966,2026-05-06T01:15:03.430458+00:00,58.6115,0.1756,96.3034,0.0882,0.8486,0.0,2400.0,0.0,6.5
36.0,2026-05-06T01:15:03.928755+00:00,58.5626,0.0713,96.2332,0.0678,0.8486,0.0,2400.0,0.0,6.5
36.5,2026-05-06T01:15:04.429125+00:00,58.6522,0.0548,96.4106,0.0907,0.8486,0.0,2400.0,0.0,6.5
37.0,2026-05-06T01:15:04.929274+00:00,58.5939,0.0421,96.4313,0.0697,0.8486,0.0,2400.0,0.0,6.5
37.5,2026-05-06T01:15:05.433548+00:00,58.6763,0.0324,96.4472,0.015,0.8486,0.0,2400.0,0.0,6.5
38.0,2026-05-06T01:15:05.928681+00:00,58.8669,0.1522,96.4363,0.0038,0.8486,0.0,2400.0,0.0,6.5
38.5,2026-05-06T01:15:06.428666+00:00,59.0134,0.1806,96.3353,0.0107,0.8486,0.0,2400.0,0.0,6.5
39.0,2026-05-06T01:15:06.928696+00:00,58.9987,0.2024,96.2577,0.0082,0.8486,0.0,2400.0,0.0,6.5
39.5,2026-05-06T01:15:07.428865+00:00,59.1147,0.2192,96.1981,-0.0708,0.8486,0.0,2400.0,0.0,6.5
40.0,2026-05-06T01:15:07.933347+00:00,59.2039,0.1685,96.1523,-0.093,0.8486,0.0,2400.0,0.0,6.5
40.5,2026-05-06T01:15:08.429160+00:00,58.8906,-0.0614,96.117,-0.1101,0.8486,0.0,2400.0,0.0,6.5
41.0,2026-05-06T01:15:08.928667+00:00,59.1589,0.0801,96.2056,-0.0769,0.8486,0.0,2400.0,0.0,6.5
41.5,2026-05-06T01:15:09.428774+00:00,59.3651,0.1252,96.1349,-0.0668,0.8486,0.0,2400.0,0.0,6.5
42.0,2026-05-06T01:15:09.928668+00:00,59.5236,0.1599,96.2194,-0.0128,0.8486,0.0,2400.0,0.0,6.5
42.5,2026-05-06T01:15:10.435165+00:00,59.2636,0.1865,96.1686,-0.0098,0.8486,0.0,2400.0,0.0,6.5
43.0,2026-05-06T01:15:10.928685+00:00,59.3183,0.0797,96.361,0.0696,0.8486,0.0,2400.0,0.0,6.5
43.5,2026-05-06T01:15:11.428718+00:00,59.3603,-0.0024,96.2543,0.0458,0.8486,0.0,2400.0,0.0,6.5
44.000807,2026-05-06T01:15:11.929696+00:00,59.5199,-0.0018,96.1955,-0.0034,0.8486,0.0,2400.0,0.0,6.5
44.5,2026-05-06T01:15:12.428663+00:00,59.6426,0.1895,96.0345,-0.0335,0.8486,0.0,2400.0,0.0,6.5
45.0,2026-05-06T01:15:12.945780+00:00,59.8641,0.2729,96.1423,-0.0257,0.8486,0.0,2400.0,0.0,6.5
45.5,2026-05-06T01:15:13.428894+00:00,59.9071,0.2734,96.1093,-0.0198,0.8486,0.0,2400.0,0.0,6.5
46.0,2026-05-06T01:15:13.928663+00:00,60.0675,0.2738,96.1997,-0.0538,0.8486,0.0,2400.0,0.0,6.5
46.5,2026-05-06T01:15:14.428728+00:00,60.318,0.3377,96.1535,-0.0336,0.8486,0.0,2400.0,0.0,6.5
47.0,2026-05-06T01:15:14.928750+00:00,60.3832,0.2595,96.118,-0.0258,0.8486,0.0,2400.0,0.0,6.4488
47.5,2026-05-06T01:15:15.433971+00:00,60.4334,0.2631,96.2064,0.0573,0.8486,0.0,2400.0,0.0,6.4238
48.0,2026-05-06T01:15:15.928674+00:00,60.5992,0.2659,96.0429,-0.0331,0.8486,0.0,2400.0,0.0,6.4628
48.5,2026-05-06T01:15:16.428670+00:00,60.4721,0.0771,96.033,-0.0254,0.8486,0.0,2400.0,0.0,6.4819
49.0,2026-05-06T01:15:16.928783+00:00,60.7563,0.1865,95.794,-0.1353,0.8486,0.0,2400.0,0.0,6.4399
49.5,2026-05-06T01:15:17.429117+00:00,60.8474,0.207,95.8185,-0.1117,0.8486,0.0,2400.0,0.0,6.4707
50.0,2026-05-06T01:15:17.933671+00:00,60.7901,0.0955,95.9762,-0.0473,0.8486,0.0,2400.0,0.0,6.4857
50.5,2026-05-06T01:15:18.428713+00:00,60.8734,0.2006,95.9817,-0.0749,0.8486,0.0,2400.0,0.0,6.493
51.0,2026-05-06T01:15:18.928758+00:00,61.0647,0.1542,95.9628,-0.0267,0.8486,0.0,2400.0,0.0,6.5478
51.5,2026-05-06T01:15:19.428838+00:00,60.7026,-0.0724,96.0871,0.018,0.8486,0.0,2400.0,0.0,6.5233
52.0,2026-05-06T01:15:19.928711+00:00,60.6789,-0.0556,96.067,0.091,0.8486,0.0,2400.0,0.0,6.5114
52.5,2026-05-06T01:15:20.433043+00:00,60.7879,-0.0428,96.0515,0.0777,0.8486,0.0,2400.0,0.0,6.5056
53.000597,2026-05-06T01:15:20.929337+00:00,60.8717,-0.0965,96.271,0.0983,0.8486,0.0,2400.0,0.0,6.5539
53.5,2026-05-06T01:15:21.428674+00:00,60.9361,0.1167,96.2083,0.0755,0.8486,0.0,2400.0,0.0,6.5775
54.0,2026-05-06T01:15:21.928671+00:00,61.1129,0.217,96.1601,0.0658,0.8486,0.0,2400.0,0.0,6.589
54.5,2026-05-06T01:15:22.429134+00:00,61.2487,0.2304,96.0999,0.0043,0.8486,0.0,2400.0,0.0,6.5946
55.0,2026-05-06T01:15:22.933556+00:00,61.2259,0.1771,96.1925,0.0418,0.8486,0.0,2400.0,0.0,6.5974
55.5,2026-05-06T01:15:23.429030+00:00,61.2083,0.1361,96.1479,0.0322,0.8486,0.0,2400.0,0.0,6.5987
56.0,2026-05-06T01:15:23.928993+00:00,61.3221,0.1046,96.3451,0.0247,0.8486,0.0,2400.0,0.0,6.5994
56.5,2026-05-06T01:15:24.428713+00:00,61.5368,0.144,96.3809,0.0576,0.8486,0.0,2400.0,0.0,6.5997
57.0,2026-05-06T01:15:24.929012+00:00,61.8291,0.3016,96.4085,0.0828,0.8486,0.0,2400.0,0.0,6.5487
57.5,2026-05-06T01:15:25.433024+00:00,61.7992,0.2955,96.314,0.0714,0.8486,0.0,2400.0,0.0,6.5237
58.0,2026-05-06T01:15:25.929142+00:00,61.7763,0.2271,96.357,0.0548,0.8486,0.0,2400.0,0.0,6.5116
58.5,2026-05-06T01:15:26.428665+00:00,61.6314,0.0473,96.2744,0.0422,0.8486,0.0,2400.0,0.0,6.5057
59.0,2026-05-06T01:15:26.928686+00:00,61.9018,0.0363,96.3266,-0.0062,0.8486,0.0,2400.0,0.0,6.5028
59.5,2026-05-06T01:15:27.428997+00:00,61.9824,0.0916,96.3667,-0.0047,0.8486,0.0,2400.0,0.0,6.5013
60.0,2026-05-06T01:15:27.934546+00:00,62.0443,0.134,96.3976,-0.0036,0.8486,0.0,2400.0,0.0,6.5007
60.5,2026-05-06T01:15:28.428748+00:00,62.2192,0.2939,96.3056,-0.0028,0.8486,0.0,2400.0,0.0,6.5003
61.0,2026-05-06T01:15:28.928698+00:00,62.3536,0.2259,96.3506,-0.0022,0.8486,0.0,2400.0,0.0,6.5002
61.5,2026-05-06T01:15:29.428699+00:00,62.3296,0.1736,96.5008,0.0755,0.8486,0.0,2400.0,0.0,6.5001
62.0,2026-05-06T01:15:29.928669+00:00,62.5657,0.2607,96.5006,0.058,0.8486,0.0,2400.0,0.0,6.5
62.5,2026-05-06T01:15:30.434101+00:00,62.4927,0.1368,96.6162,0.0832,0.8486,0.0,2400.0,0.0,6.4488
63.0,2026-05-06T01:15:30.928693+00:00,62.5638,0.1051,96.5893,0.0639,0.8486,0.0,2400.0,0.0,6.475
63.5,2026-05-06T01:15:31.428749+00:00,62.7457,0.2081,96.3141,0.0028,0.8486,0.0,2400.0,0.0,6.4366
64.0,2026-05-06T01:15:31.928808+00:00,62.7583,0.0963,96.3571,0.0022,0.8486,0.0,2400.0,0.0,6.4691
64.500148,2026-05-06T01:15:32.429608+00:00,63.0225,0.2649,96.3902,-0.0369,0.8486,0.0,2400.0,0.0,6.4337
65.0,2026-05-06T01:15:32.932046+00:00,62.971,0.2036,96.2999,-0.0669,0.8486,0.0,2400.0,0.0,6.4676
65.5,2026-05-06T01:15:33.429624+00:00,62.9314,0.0929,96.3462,-0.09,0.8486,0.0,2400.0,0.0,6.5354
66.0,2026-05-06T01:15:33.928818+00:00,63.0283,0.135,96.4975,-0.0306,0.8486,0.0,2400.0,0.0,6.5685
66.5,2026-05-06T01:15:34.428654+00:00,62.9755,-0.0235,96.2667,-0.0158,0.8486,0.0,2400.0,0.0,6.5846
67.0,2026-05-06T01:15:34.928900+00:00,62.9349,-0.0181,96.205,-0.0507,0.8486,0.0,2400.0,0.0,6.5925
67.5,2026-05-06T01:15:35.432951+00:00,63.0309,0.0497,96.2732,-0.039,0.8486,0.0,2400.0,0.0,6.5451
68.0,2026-05-06T01:15:35.928955+00:00,62.9775,-0.0254,96.0712,-0.0762,0.8486,0.0,2400.0,0.0,6.5732
68.5,2026-05-06T01:15:36.428681+00:00,63.0637,0.0441,96.1704,-0.0586,0.8486,0.0,2400.0,0.0,6.5869
69.0,2026-05-06T01:15:36.928681+00:00,63.0027,0.0339,96.131,-0.1222,0.8486,0.0,2400.0,0.0,6.5936
69.5,2026-05-06T01:15:37.429408+00:00,63.083,0.0261,96.3321,0.0218,0.8486,0.0,2400.0,0.0,6.5457
70.0,2026-05-06T01:15:37.932457+00:00,63.2721,0.1473,96.1395,-0.0218,0.8486,0.0,2400.0,0.0,6.5223
70.5,2026-05-06T01:15:38.428694+00:00,63.2901,0.1132,96.1072,-0.0553,0.8486,0.0,2400.0,0.0,6.5109
71.0,2026-05-06T01:15:38.928827+00:00,63.4312,0.2143,96.3138,0.0809,0.8486,0.0,2400.0,0.0,6.5053
71.5,2026-05-06T01:15:39.428906+00:00,63.4124,0.1647,96.2412,0.0236,0.8486,0.0,2400.0,0.0,6.5026
72.0,2026-05-06T01:15:39.928671+00:00,63.5253,0.1266,96.3011,0.0567,0.8486,0.0,2400.0,0.0,6.5013
72.5,2026-05-06T01:15:40.432854+00:00,63.612,0.1609,96.2314,-0.0335,0.8486,0.0,2400.0,0.0,6.4494
73.0,2026-05-06T01:15:40.929060+00:00,63.8059,0.1873,96.1779,0.0128,0.8486,0.0,2400.0,0.0,6.4753
73.5,2026-05-06T01:15:41.428690+00:00,63.7004,0.144,96.3681,0.087,0.8486,0.0,2400.0,0.0,6.488
74.0,2026-05-06T01:15:41.928936+00:00,63.8739,0.1743,96.5143,0.0668,0.8486,0.0,2400.0,0.0,6.4941
74.5,2026-05-06T01:15:42.428839+00:00,64.1344,0.2612,96.3953,0.0514,0.8486,0.0,2400.0,0.0,6.4459
75.0,2026-05-06T01:15:42.933144+00:00,64.0802,0.1372,96.1881,-0.0377,0.8486,0.0,2400.0,0.0,6.4224
75.5,2026-05-06T01:15:43.428668+00:00,64.1658,0.2327,96.2603,0.0096,0.8486,0.0,2400.0,0.0,6.4109
76.0,2026-05-06T01:15:43.929254+00:00,64.2315,0.1788,96.2001,0.0074,0.8486,0.0,2400.0,0.0,6.4053
76.5,2026-05-06T01:15:44.428850+00:00,64.2821,0.0738,96.1538,-0.0714,0.8486,0.0,2400.0,0.0,6.4026
77.0,2026-05-06T01:15:44.928922+00:00,64.3209,0.1204,95.9793,-0.1783,0.8486,0.0,2400.0,0.0,6.4013
77.5,2026-05-06T01:15:45.432566+00:00,64.3508,0.0925,96.0767,-0.1062,0.8486,0.0,2400.0,0.0,6.4006
78.0,2026-05-06T01:15:45.928893+00:00,64.2465,0.0075,95.9432,-0.0816,0.8486,0.0,2400.0,0.0,6.4003
78.5,2026-05-06T01:15:46.428868+00:00,64.1663,-0.0579,95.725,-0.1784,0.8486,0.0,2400.0,0.0,6.4001
79.0,2026-05-06T01:15:46.928894+00:00,64.232,-0.0445,95.6729,-0.1757,0.8486,0.0,2400.0,0.0,6.4001
79.5,2026-05-06T01:15:47.429346+00:00,64.4097,0.0294,95.6329,-0.1736,0.8486,0.0,2400.0,0.0,6.4
80.0,2026-05-06T01:15:47.934929+00:00,64.5463,0.1499,95.7178,-0.0872,0.8486,0.0,2400.0,0.0,6.4
80.5,2026-05-06T01:15:48.428925+00:00,64.6513,0.2425,95.5517,-0.175,0.8486,0.0,2400.0,0.0,6.4
81.0,2026-05-06T01:15:48.928692+00:00,64.8592,0.3136,95.5166,-0.1422,0.8486,0.0,2400.0,0.0,6.4
81.5,2026-05-06T01:15:49.429141+00:00,64.7645,0.1774,95.6285,-0.0322,0.8486,0.0,2400.0,0.0,6.4
82.0,2026-05-06T01:15:49.929020+00:00,64.6918,0.0727,95.5987,-0.0247,0.8486,0.0,2400.0,0.0,6.4
82.50001,2026-05-06T01:15:50.433829+00:00,64.7631,0.0559,95.5759,-0.019,0.8486,0.0,2400.0,0.0,6.3488
83.000053,2026-05-06T01:15:50.928719+00:00,64.8179,-0.0207,95.5352,-0.0609,0.8486,0.0,2400.0,0.0,6.375
83.5,2026-05-06T01:15:51.429021+00:00,64.9873,0.1114,95.5271,-0.0082,0.8486,0.0,2400.0,0.0,6.3878
84.0,2026-05-06T01:15:51.928681+00:00,64.9902,0.1492,95.5208,0.0014,0.8486,0.0,2400.0,0.0,6.394
84.5,2026-05-06T01:15:52.428700+00:00,65.1198,0.1783,95.516,-0.0375,0.8486,0.0,2400.0,0.0,6.3971
85.0,2026-05-06T01:15:52.934896+00:00,65.2193,0.2007,95.7437,0.0483,0.8486,0.0,2400.0,0.0,6.3986
85.5,2026-05-06T01:15:53.428865+00:00,65.1686,0.0906,95.9187,0.1143,0.8486,0.0,2400.0,0.0,6.3481
86.000578,2026-05-06T01:15:53.929302+00:00,65.1296,0.0697,96.0532,0.1727,0.8486,0.0,2400.0,0.0,6.3235
86.5,2026-05-06T01:15:54.428677+00:00,65.2269,0.0535,96.0409,0.1713,0.8486,0.0,2400.0,0.0,6.3115
87.0,2026-05-06T01:15:54.929241+00:00,65.0471,-0.0861,96.1471,0.2088,0.8486,0.0,2400.0,0.0,6.3056
87.5,2026-05-06T01:15:55.436637+00:00,65.2907,0.0611,96.1131,0.199,0.8486,0.0,2400.0,0.0,6.3027
88.000252,2026-05-06T01:15:55.928936+00:00,65.478,0.1742,95.8555,0.0373,0.8486,0.0,2400.0,0.0,6.3013
88.5,2026-05-06T01:15:56.428809+00:00,65.4947,0.1339,95.889,-0.0099,0.8486,0.0,2400.0,0.0,6.3006
89.0,2026-05-06T01:15:56.928849+00:00,65.762,0.3575,96.0303,-0.0076,0.8486,0.0,2400.0,0.0,6.3003
89.5,2026-05-06T01:15:57.429160+00:00,65.7129,0.2111,95.9076,-0.0444,0.8486,0.0,2400.0,0.0,6.3002
90.0,2026-05-06T01:15:57.934693+00:00,65.8025,0.1623,95.929,-0.0727,0.8486,0.0,2400.0,0.0,6.3001
90.5,2026-05-06T01:15:58.429055+00:00,65.8714,0.1883,96.0611,-0.0173,0.8486,0.0,2400.0,0.0,6.4536
91.0,2026-05-06T01:15:58.928679+00:00,65.797,0.0175,96.2784,0.141,0.8486,0.0,2400.0,0.0,6.5286
91.5,2026-05-06T01:15:59.428681+00:00,65.8671,0.0771,96.0751,0.0621,0.8486,0.0,2400.0,0.0,6.5139
92.0,2026-05-06T01:15:59.928852+00:00,65.921,0.0592,95.942,-0.0294,0.8486,0.0,2400.0,0.0,6.5068
92.5,2026-05-06T01:16:00.434538+00:00,65.9624,0.0455,96.0712,0.0545,0.8486,0.0,2400.0,0.0,6.5033
93.0,2026-05-06T01:16:00.928946+00:00,66.1215,0.1623,95.939,0.0033,0.8486,0.0,2400.0,0.0,6.5016
93.5,2026-05-06T01:16:01.428667+00:00,66.1165,0.1247,95.8374,-0.0746,0.8486,0.0,2400.0,0.0,6.5008
94.0,2026-05-06T01:16:01.928673+00:00,66.1127,0.0959,95.7593,-0.173,0.8486,0.0,2400.0,0.0,6.5004
94.5,2026-05-06T01:16:02.428649+00:00,66.237,0.1373,95.6993,-0.1253,0.8486,0.0,2400.0,0.0,6.5002
95.0,2026-05-06T01:16:02.934738+00:00,66.2053,0.0419,95.7458,-0.0654,0.8486,0.0,2400.0,0.0,6.5001
95.5,2026-05-06T01:16:03.429016+00:00,66.0537,-0.0314,95.6889,-0.1274,0.8486,0.0,2400.0,0.0,6.4488
96.0,2026-05-06T01:16:03.928831+00:00,66.1917,0.0395,95.7377,-0.0671,0.8486,0.0,2400.0,0.0,6.4238
96.5,2026-05-06T01:16:04.428712+00:00,66.5523,0.1576,95.7984,-0.013,0.8486,0.0,2400.0,0.0,6.4116
97.0,2026-05-06T01:16:04.928704+00:00,66.7022,0.2484,95.8682,0.0363,0.8486,0.0,2400.0,0.0,6.4057
97.5,2026-05-06T01:16:05.435485+00:00,66.8174,0.3818,95.8987,0.0665,0.8486,0.0,2400.0,0.0,6.4028
98.0,2026-05-06T01:16:05.928690+00:00,66.9059,0.3571,95.899,0.0511,0.8486,0.0,2400.0,0.0,6.4014
98.5,2026-05-06T01:16:06.429188+00:00,66.8467,0.1472,95.8067,0.0393,0.8486,0.0,2400.0,0.0,6.4007
99.0,2026-05-06T01:16:06.928854+00:00,67.0557,0.1768,95.9671,0.0765,0.8486,0.0,2400.0,0.0,6.4003
99.5,2026-05-06T01:16:07.428744+00:00,66.9618,0.0722,95.9747,0.0588,0.8486,0.0,2400.0,0.0,6.4002
100.0,2026-05-06T01:16:07.933247+00:00,67.0169,0.0555,96.0731,0.0683,0.8486,0.0,2400.0,0.0,6.4001
100.5,2026-05-06T01:16:08.429111+00:00,67.0593,0.1063,95.9405,0.0139,0.8486,0.0,2400.0,0.0,6.4
101.0,2026-05-06T01:16:08.928684+00:00,67.0919,0.0181,96.0468,0.0493,0.8486,0.0,2400.0,0.0,6.4
101.5,2026-05-06T01:16:09.428697+00:00,67.1169,0.0775,96.036,0.0764,0.8486,0.0,2400.0,0.0,6.4
102.0,2026-05-06T01:16:09.928799+00:00,67.1361,0.0596,96.1434,0.0588,0.8486,0.0,2400.0,0.0,6.4
102.5,2026-05-06T01:16:10.434596+00:00,66.8964,-0.0815,96.1102,0.0452,0.8486,0.0,2400.0,0.0,6.3488
103.0,2026-05-06T01:16:10.928657+00:00,67.0939,0.001,96.0847,0.0039,0.8486,0.0,2400.0,0.0,6.375
103.5,2026-05-06T01:16:11.428679+00:00,67.2457,0.0644,96.0651,0.0415,0.8486,0.0,2400.0,0.0,6.3878
104.0,2026-05-06T01:16:11.928705+00:00,67.2351,0.0495,96.05,0.0011,0.8486,0.0,2400.0,0.0,6.3941
104.5,2026-05-06T01:16:12.428693+00:00,67.3543,0.229,95.9228,-0.0377,0.8486,0.0,2400.0,0.0,6.3971
105.0,2026-05-06T01:16:12.935275+00:00,67.5731,0.2396,95.8249,-0.1061,0.8486,0.0,2400.0,0.0,6.3986
105.5,2026-05-06T01:16:13.429412+00:00,67.7413,0.2478,95.9811,-0.043,0.8486,0.0,2400.0,0.0,6.3993
106.0,2026-05-06T01:16:13.928691+00:00,67.7433,0.2541,95.9855,-0.0331,0.8486,0.0,2400.0,0.0,6.3485
106.5,2026-05-06T01:16:14.428681+00:00,67.7449,0.1953,96.1046,0.0132,0.8486,0.0,2400.0,0.0,6.3236
107.0,2026-05-06T01:16:14.928689+00:00,67.6188,0.0228,95.849,-0.067,0.8486,0.0,2400.0,0.0,6.3115
107.5,2026-05-06T01:16:15.434504+00:00,67.5219,-0.1097,95.7682,-0.0515,0.8486,0.0,2400.0,0.0,6.3056
108.0,2026-05-06T01:16:15.928730+00:00,67.7019,-0.0207,95.683,-0.0473,0.8486,0.0,2400.0,0.0,6.3539
108.5,2026-05-06T01:16:16.428664+00:00,67.8403,0.0477,95.8721,-0.0364,0.8486,0.0,2400.0,0.0,6.3775
109.0,2026-05-06T01:16:16.928809+00:00,67.8194,0.1003,95.7628,-0.0742,0.8486,0.0,2400.0,0.0,6.389
109.5,2026-05-06T01:16:17.429538+00:00,68.0579,0.268,95.8177,-0.0956,0.8486,0.0,2400.0,0.0,6.3946
110.0,2026-05-06T01:16:17.934129+00:00,68.1139,0.206,95.6285,-0.0735,0.8486,0.0,2400.0,0.0,6.3462
110.5,2026-05-06T01:16:18.429011+00:00,68.157,0.1583,95.5988,-0.0565,0.8486,0.0,2400.0,0.0,6.3737
111.0,2026-05-06T01:16:18.928817+00:00,68.1901,0.1853,95.6916,0.0029,0.8486,0.0,2400.0,0.0,6.3872
111.5,2026-05-06T01:16:19.428651+00:00,68.2155,0.0788,95.763,-0.0364,0.8486,0.0,2400.0,0.0,6.3937
112.0,2026-05-06T01:16:19.928677+00:00,68.2351,0.0606,95.5633,-0.0665,0.8486,0.0,2400.0,0.0,6.3969
112.5,2026-05-06T01:16:20.432906+00:00,68.2501,0.0466,95.4329,-0.1283,0.8486,0.0,2400.0,0.0,6.3473
113.0,2026-05-06T01:16:20.928680+00:00,68.2616,0.0358,95.5642,-0.0214,0.8486,0.0,2400.0,0.0,6.3743
113.5,2026-05-06T01:16:21.429130+00:00,68.1432,-0.0361,95.7807,0.0607,0.8486,0.0,2400.0,0.0,6.3363
114.0,2026-05-06T01:16:21.928653+00:00,68.1795,-0.0278,95.8546,0.0543,0.8486,0.0,2400.0,0.0,6.3177
114.5,2026-05-06T01:16:22.428666+00:00,68.2074,-0.0213,96.1196,0.1189,0.8486,0.0,2400.0,0.0,6.3086
115.0,2026-05-06T01:16:22.936139+00:00,68.2288,-0.0164,96.092,0.1762,0.8486,0.0,2400.0,0.0,6.3042
115.5,2026-05-06T01:16:23.428691+00:00,68.2453,0.051,96.1864,0.2511,0.8486,0.0,2400.0,0.0,6.3021
116.0,2026-05-06T01:16:23.928680+00:00,68.3852,0.1029,96.1432,0.193,0.8486,0.0,2400.0,0.0,6.301
116.5,2026-05-06T01:16:24.428643+00:00,68.3655,0.0791,96.2258,0.1484,0.8486,0.0,2400.0,0.0,6.3005
117.0,2026-05-06T01:16:24.929170+00:00,68.4776,0.1244,96.1736,0.1063,0.8486,0.0,2400.0,0.0,6.3002
117.5,2026-05-06T01:16:25.433266+00:00,68.5638,0.1592,95.7632,-0.1188,0.8486,0.0,2400.0,0.0,6.3001
118.0,2026-05-06T01:16:25.928689+00:00,68.63,0.1224,95.5866,-0.1685,0.8486,0.0,2400.0,0.0,6.3001
118.5,2026-05-06T01:16:26.428837+00:00,68.6809,0.1577,95.4508,-0.2452,0.8486,0.0,2400.0,0.0,6.3
119.0,2026-05-06T01:16:26.928682+00:00,68.5928,0.0576,95.8093,-0.1113,0.8486,0.0,2400.0,0.0,6.3
119.5,2026-05-06T01:16:27.428710+00:00,68.6523,0.0443,95.7377,-0.1627,0.8486,0.0,2400.0,0.0,6.3
120.0,2026-05-06T01:16:27.932993+00:00,68.8253,0.0976,95.6596,-0.1713,0.8486,0.0,2400.0,0.0,6.3
120.5,2026-05-06T01:16:28.429249+00:00,68.831,0.0751,95.7384,-0.0083,0.8486,0.0,2400.0,0.0,6.3
121.0,2026-05-06T01:16:28.928960+00:00,69.09,0.2486,95.8915,0.1016,0.8486,0.0,2400.0,0.0,6.3
121.5,2026-05-06T01:16:29.428660+00:00,68.7799,0.0638,95.8009,0.1167,0.8486,0.0,2400.0,0.0,6.3
122.0,2026-05-06T01:16:29.929246+00:00,68.9234,0.049,96.0784,0.0897,0.8486,0.0,2400.0,0.0,6.3
122.5,2026-05-06T01:16:30.435577+00:00,68.6519,-0.0896,95.9445,0.0689,0.8486,0.0,2400.0,0.0,6.2488
123.0,2026-05-06T01:16:30.928693+00:00,68.825,-0.1325,96.0731,0.1378,0.8486,0.0,2400.0,0.0,6.275
123.5,2026-05-06T01:16:31.428687+00:00,68.958,0.0891,95.9636,0.0751,0.8486,0.0,2400.0,0.0,6.2878
124.0,2026-05-06T01:16:31.928666+00:00,69.1876,0.1321,95.8563,-0.0117,0.8486,0.0,2400.0,0.0,6.294
124.5,2026-05-06T01:16:32.428689+00:00,69.2367,0.2924,96.0053,0.0681,0.8486,0.0,2400.0,0.0,6.2971
125.0,2026-05-06T01:16:32.935443+00:00,69.4018,0.2884,95.7726,-0.1019,0.8486,0.0,2400.0,0.0,6.2986
125.5,2026-05-06T01:16:33.429226+00:00,69.2741,0.158,95.6864,-0.086,0.8486,0.0,2400.0,0.0,6.2993
126.000083,2026-05-06T01:16:33.928773+00:00,69.3032,0.0578,95.6433,-0.1433,0.8486,0.0,2400.0,0.0,6.2997
126.5,2026-05-06T01:16:34.428706+00:00,69.4529,0.1081,95.7258,-0.0793,0.8486,0.0,2400.0,0.0,6.2998
127.0,2026-05-06T01:16:34.928698+00:00,69.6952,0.1467,95.905,0.0162,0.8486,0.0,2400.0,0.0,6.2999
127.5,2026-05-06T01:16:35.433059+00:00,69.7542,0.24,95.927,-0.0261,0.8486,0.0,2400.0,0.0,6.3
128.0,2026-05-06T01:16:35.928704+00:00,69.9267,0.3118,95.8282,0.0185,0.8486,0.0,2400.0,0.0,6.3
128.500804,2026-05-06T01:16:36.430233+00:00,69.9321,0.2396,95.8679,0.0605,0.8486,0.0,2400.0,0.0,6.3
129.000065,2026-05-06T01:16:36.928753+00:00,69.9363,0.1205,95.8753,0.0774,0.8486,0.0,2400.0,0.0,6.3
129.5,2026-05-06T01:16:37.428700+00:00,69.9394,0.0926,95.7885,0.0209,0.8486,0.0,2400.0,0.0,6.3
130.0,2026-05-06T01:16:37.932587+00:00,70.0692,0.0712,95.7217,-0.0611,0.8486,0.0,2400.0,0.0,6.3
130.5,2026-05-06T01:16:38.428688+00:00,69.9143,-0.0089,95.9018,-0.0084,0.8486,0.0,2400.0,0.0,6.3
131.0,2026-05-06T01:16:38.929024+00:00,69.9226,-0.0068,95.9245,0.0321,0.8486,0.0,2400.0,0.0,6.3
131.5,2026-05-06T01:16:39.429282+00:00,69.9289,-0.0053,95.7106,-0.0524,0.8486,0.0,2400.0,0.0,6.3
132.0,2026-05-06T01:16:39.928721+00:00,70.0611,-0.004,95.6619,-0.0712,0.8486,0.0,2400.0,0.0,6.3512
132.5,2026-05-06T01:16:40.434573+00:00,70.0354,0.0605,95.6244,-0.0547,0.8486,0.0,2400.0,0.0,6.325
133.0,2026-05-06T01:16:40.928685+00:00,70.1429,0.1102,95.6882,-0.0112,0.8486,0.0,2400.0,0.0,6.3634
133.5,2026-05-06T01:16:41.428915+00:00,70.0982,0.0847,95.6215,-0.0934,0.8486,0.0,2400.0,0.0,6.3821
134.0,2026-05-06T01:16:41.928833+00:00,70.3185,0.1287,95.5702,-0.1181,0.8486,0.0,2400.0,0.0,6.3913
134.5,2026-05-06T01:16:42.429382+00:00,70.2332,0.0989,95.554,-0.0522,0.8486,0.0,2400.0,0.0,6.3957
135.0,2026-05-06T01:16:42.935770+00:00,70.295,0.076,95.5415,-0.0401,0.8486,0.0,2400.0,0.0,6.3979
135.5,2026-05-06T01:16:43.428733+00:00,70.5969,0.2493,95.5319,-0.0308,0.8486,0.0,2400.0,0.0,6.3478
136.0,2026-05-06T01:16:43.928710+00:00,70.7018,0.1916,95.6402,-0.016,0.8486,0.0,2400.0,0.0,6.3233
136.5,2026-05-06T01:16:44.428931+00:00,70.6551,0.2109,95.6078,-0.0046,0.8486,0.0,2400.0,0.0,6.3114
137.0,2026-05-06T01:16:44.928773+00:00,70.7465,0.2258,95.5828,0.0042,0.8486,0.0,2400.0,0.0,6.3056
137.5,2026-05-06T01:16:45.432642+00:00,70.944,0.1735,95.7951,0.0804,0.8486,0.0,2400.0,0.0,6.3027
138.0,2026-05-06T01:16:45.929061+00:00,70.8412,0.0697,95.7268,0.0618,0.8486,0.0,2400.0,0.0,6.3013
138.5,2026-05-06T01:16:46.428700+00:00,71.0168,0.1809,95.79,0.086,0.8486,0.0,2400.0,0.0,6.3006
139.0,2026-05-06T01:16:46.928691+00:00,71.279,0.2663,95.8386,0.0661,0.8486,0.0,2400.0,0.0,6.3003
139.5,2026-05-06T01:16:47.429278+00:00,71.3533,0.2047,95.9916,0.128,0.8486,0.0,2400.0,0.0,6.3002
140.0,2026-05-06T01:16:47.934049+00:00,71.4104,0.2846,95.7622,0.0598,0.8486,0.0,2400.0,0.0,6.3001
140.5,2026-05-06T01:16:48.428990+00:00,71.4543,0.2187,95.5858,-0.0698,0.8486,0.0,2400.0,0.0,6.3
141.0,2026-05-06T01:16:48.928721+00:00,71.488,0.1045,95.566,-0.0536,0.8486,0.0,2400.0,0.0,6.3
141.5,2026-05-06T01:16:49.428898+00:00,71.2594,-0.047,95.7821,-0.0026,0.8486,0.0,2400.0,0.0,6.3
142.0,2026-05-06T01:16:49.928745+00:00,71.0837,-0.1634,95.6011,-0.0792,0.8486,0.0,2400.0,0.0,6.3
142.5,2026-05-06T01:16:50.434652+00:00,71.2031,-0.1256,95.6934,-0.0994,0.8486,0.0,2400.0,0.0,6.3
143.0,2026-05-06T01:16:50.928695+00:00,71.4222,-0.0329,95.533,-0.0764,0.8486,0.0,2400.0,0.0,6.3
143.5,2026-05-06T01:16:51.428699+00:00,71.4634,0.102,95.641,0.0184,0.8486,0.0,2400.0,0.0,6.3
144.0,2026-05-06T01:16:51.928926+00:00,71.3677,0.142,95.5853,0.0064,0.8486,0.0,2400.0,0.0,6.3
144.5,2026-05-06T01:16:52.428719+00:00,71.2942,0.0455,95.6812,-0.0336,0.8486,0.0,2400.0,0.0,6.3
145.0,2026-05-06T01:16:52.932852+00:00,71.365,-0.0286,95.755,0.0513,0.8486,0.0,2400.0,0.0,6.3
145.5,2026-05-06T01:16:53.428952+00:00,71.1648,-0.1493,95.8117,0.0394,0.8486,0.0,2400.0,0.0,6.3
146.0,2026-05-06T01:16:53.928693+00:00,71.1382,-0.1147,95.8553,0.1074,0.8486,0.0,2400.0,0.0,6.3
146.5,2026-05-06T01:16:54.428979+00:00,70.9906,-0.1518,96.0045,0.1211,0.8486,0.0,2400.0,0.0,6.3
147.0,2026-05-06T01:16:54.929187+00:00,71.1316,-0.1167,95.7952,0.07,0.8486,0.0,2400.0,0.0,6.3
147.501007,2026-05-06T01:16:55.435768+00:00,71.3672,0.1012,95.7269,0.0152,0.8486,0.0,2400.0,0.0,6.2488
148.000407,2026-05-06T01:16:55.929090+00:00,71.4211,0.1414,95.5587,-0.0654,0.8486,0.0,2400.0,0.0,6.275
148.5,2026-05-06T01:16:56.428705+00:00,71.3352,0.1723,95.3137,-0.166,0.8486,0.0,2400.0,0.0,6.2878
149.0,2026-05-06T01:16:56.928985+00:00,71.5238,0.1961,95.3337,-0.1739,0.8486,0.0,2400.0,0.0,6.294
149.5,2026-05-06T01:16:57.429288+00:00,71.5414,0.0871,95.3722,-0.2108,0.8486,0.0,2400.0,0.0,6.2971
150.0,2026-05-06T01:16:57.933315+00:00,71.8095,0.1942,95.6331,-0.054,0.8486,0.0,2400.0,0.0,6.2986
150.5,2026-05-06T01:16:58.428930+00:00,71.8883,0.2765,95.5792,-0.0492,0.8486,0.0,2400.0,0.0,6.2481
151.0,2026-05-06T01:16:58.928747+00:00,71.8216,0.1489,95.5609,0.0007,0.8486,0.0,2400.0,0.0,6.2235
151.5,2026-05-06T01:16:59.428985+00:00,71.8976,0.1781,95.5468,0.0777,0.8486,0.0,2400.0,0.0,6.2115
152.0,2026-05-06T01:16:59.928677+00:00,71.956,0.0732,95.7674,0.1446,0.8486,0.0,2400.0,0.0,6.2056
152.5,2026-05-06T01:17:00.432972+00:00,72.1282,0.1199,95.9369,0.1882,0.8486,0.0,2400.0,0.0,6.2027
153.0,2026-05-06T01:17:00.928740+00:00,72.1332,0.1558,95.9515,0.1061,0.8486,0.0,2400.0,0.0,6.2525
153.500592,2026-05-06T01:17:01.429339+00:00,72.1371,0.1198,96.0553,0.1587,0.8486,0.0,2400.0,0.0,6.2768
154.0,2026-05-06T01:17:01.928778+00:00,72.1401,0.092,96.1582,0.1991,0.8486,0.0,2400.0,0.0,6.2887
154.5,2026-05-06T01:17:02.428738+00:00,72.1424,0.0071,96.2373,0.2302,0.8486,0.0,2400.0,0.0,6.2945
155.0,2026-05-06T01:17:02.935474+00:00,72.2714,0.0691,96.1824,0.1383,0.8486,0.0,2400.0,0.0,6.2973
155.5,2026-05-06T01:17:03.429079+00:00,72.2433,0.0531,96.117,0.06,0.8486,0.0,2400.0,0.0,6.3499
156.0,2026-05-06T01:17:03.929176+00:00,72.2217,0.0408,96.2057,0.0847,0.8486,0.0,2400.0,0.0,6.3755
156.500088,2026-05-06T01:17:04.428780+00:00,72.2051,0.0314,96.1581,0.0343,0.8486,0.0,2400.0,0.0,6.3369
157.0,2026-05-06T01:17:04.928789+00:00,72.0651,-0.1032,96.1215,-0.0122,0.8486,0.0,2400.0,0.0,6.318
157.5,2026-05-06T01:17:05.432612+00:00,72.212,-0.0157,96.0702,-0.0557,0.8486,0.0,2400.0,0.0,6.3088
158.0,2026-05-06T01:17:05.929359+00:00,72.3249,0.0516,95.9383,-0.0814,0.8486,0.0,2400.0,0.0,6.3043
158.5,2026-05-06T01:17:06.428778+00:00,72.539,0.1669,96.0683,-0.0163,0.8486,0.0,2400.0,0.0,6.3021
159.0,2026-05-06T01:17:06.928788+00:00,72.5763,0.2556,96.0525,-0.0511,0.8486,0.0,2400.0,0.0,6.301
159.5,2026-05-06T01:17:07.428681+00:00,72.6049,0.1964,95.9246,-0.0778,0.8486,0.0,2400.0,0.0,6.3005
160.0,2026-05-06T01:17:07.932662+00:00,72.6269,0.151,95.8264,-0.0984,0.8486,0.0,2400.0,0.0,6.3002
160.500001,2026-05-06T01:17:08.428861+00:00,72.7711,0.116,96.0979,0.0092,0.8486,0.0,2400.0,0.0,6.3001
161.0,2026-05-06T01:17:08.928818+00:00,72.8819,0.1528,96.0753,0.0457,0.8486,0.0,2400.0,0.0,6.3001
161.5,2026-05-06T01:17:09.429016+00:00,73.0944,0.2447,96.0579,-0.0035,0.8486,0.0,2400.0,0.0,6.3
162.0,2026-05-06T01:17:09.928729+00:00,72.8758,0.1245,95.8131,-0.0798,0.8486,0.0,2400.0,0.0,6.3
162.5,2026-05-06T01:17:10.435334+00:00,72.7079,-0.0316,95.7406,-0.0613,0.8486,0.0,2400.0,0.0,6.2488
163.0,2026-05-06T01:17:10.928711+00:00,72.9606,0.0393,95.8006,-0.0086,0.8486,0.0,2400.0,0.0,6.275
163.5,2026-05-06T01:17:11.428695+00:00,72.9003,-0.097,95.8468,-0.0837,0.8486,0.0,2400.0,0.0,6.2878
164.0,2026-05-06T01:17:11.928864+00:00,72.8539,-0.0109,95.8822,-0.0643,0.8486,0.0,2400.0,0.0,6.2941
164.5,2026-05-06T01:17:12.429298+00:00,73.0729,0.1825,96.0252,-0.0109,0.8486,0.0,2400.0,0.0,6.2971
165.0,2026-05-06T01:17:12.934921+00:00,73.1139,0.0766,96.0194,0.0688,0.8486,0.0,2400.0,0.0,6.2986
165.5,2026-05-06T01:17:13.428688+00:00,73.2726,0.1862,96.0149,0.0914,0.8486,0.0,2400.0,0.0,6.2993
166.0,2026-05-06T01:17:13.928699+00:00,73.3947,0.2704,96.1271,0.1088,0.8486,0.0,2400.0,0.0,6.2997
166.5,2026-05-06T01:17:14.428697+00:00,73.3612,0.1442,95.982,0.0451,0.8486,0.0,2400.0,0.0,6.2998
167.0,2026-05-06T01:17:14.929722+00:00,73.2082,0.0472,95.8705,-0.0039,0.8486,0.0,2400.0,0.0,6.2999
167.500398,2026-05-06T01:17:15.438573+00:00,73.3451,0.0363,95.7847,-0.0801,0.8486,0.0,2400.0,0.0,6.3
168.000268,2026-05-06T01:17:15.928972+00:00,73.5777,0.0915,95.7189,-0.1002,0.8486,0.0,2400.0,0.0,6.3
168.5,2026-05-06T01:17:16.428687+00:00,73.6291,0.134,95.7608,-0.0847,0.8486,0.0,2400.0,0.0,6.3
169.0,2026-05-06T01:17:16.928748+00:00,73.4141,0.103,95.8161,-0.1037,0.8486,0.0,2400.0,0.0,6.3
169.5,2026-05-06T01:17:17.428822+00:00,73.3761,0.0155,95.9744,-0.0025,0.8486,0.0,2400.0,0.0,6.3
170.0,2026-05-06T01:17:17.933782+00:00,73.4742,-0.0517,95.9803,0.0366,0.8486,0.0,2400.0,0.0,6.3
170.5,2026-05-06T01:17:18.428701+00:00,73.5496,-0.0398,96.1006,0.1053,0.8486,0.0,2400.0,0.0,6.3
171.0,2026-05-06T01:17:18.928690+00:00,73.6075,0.0967,96.193,0.158,0.8486,0.0,2400.0,0.0,6.3
171.5,2026-05-06T01:17:19.429005+00:00,73.7794,0.2016,96.1483,0.1292,0.8486,0.0,2400.0,0.0,6.3
172.0,2026-05-06T01:17:19.928712+00:00,73.9114,0.2186,96.114,0.0993,0.8486,0.0,2400.0,0.0,6.3
172.5,2026-05-06T01:17:20.434043+00:00,73.8856,0.168,96.2033,0.0763,0.8486,0.0,2400.0,0.0,6.2488
173.0,2026-05-06T01:17:20.928709+00:00,73.9931,0.1928,96.1563,0.0587,0.8486,0.0,2400.0,0.0,6.275
173.5,2026-05-06T01:17:21.428693+00:00,73.9484,0.0845,96.1201,0.0065,0.8486,0.0,2400.0,0.0,6.2878
174.0,2026-05-06T01:17:21.928999+00:00,74.1686,0.1286,96.0923,-0.0336,0.8486,0.0,2400.0,0.0,6.294
174.5,2026-05-06T01:17:22.428677+00:00,74.2106,0.1625,96.1867,0.0128,0.8486,0.0,2400.0,0.0,6.2971
175.0,2026-05-06T01:17:22.933670+00:00,74.1156,0.0612,96.0046,-0.0365,0.8486,0.0,2400.0,0.0,6.2986
175.5,2026-05-06T01:17:23.429190+00:00,73.9153,-0.0166,95.8879,-0.1052,0.8486,0.0,2400.0,0.0,6.2993
176.0,2026-05-06T01:17:23.928682+00:00,73.8886,-0.14,95.9138,-0.0808,0.8486,0.0,2400.0,0.0,6.2997
176.5,2026-05-06T01:17:24.428709+00:00,73.7408,-0.2349,95.7024,-0.1393,0.8486,0.0,2400.0,0.0,6.2998
177.0,2026-05-06T01:17:24.928919+00:00,74.0091,-0.0533,95.7712,-0.107,0.8486,0.0,2400.0,0.0,6.2999
177.5,2026-05-06T01:17:25.432735+00:00,74.2152,0.15,95.9399,-0.0823,0.8486,0.0,2400.0,0.0,6.3
178.0,2026-05-06T01:17:25.928808+00:00,74.2464,0.1789,96.0463,0.0139,0.8486,0.0,2400.0,0.0,6.3
178.500273,2026-05-06T01:17:26.428978+00:00,74.1431,0.2011,96.0588,0.057,0.8486,0.0,2400.0,0.0,6.3
179.0,2026-05-06T01:17:26.928787+00:00,74.191,0.091,96.0452,0.0438,0.8486,0.0,2400.0,0.0,6.3
179.5,2026-05-06T01:17:27.428732+00:00,74.3551,0.0699,96.0347,0.1108,0.8486,0.0,2400.0,0.0,6.3
180.0,2026-05-06T01:17:27.934693+00:00,74.3539,0.0537,95.911,0.0466,0.8486,0.0,2400.0,0.0,6.3
180.5,2026-05-06T01:17:28.428772+00:00,74.4803,0.1686,95.8159,-0.0413,0.8486,0.0,2400.0,0.0,6.3
181.0,2026-05-06T01:17:28.929482+00:00,74.7047,0.2568,95.9742,-0.0241,0.8486,0.0,2400.0,0.0,6.3
181.5,2026-05-06T01:17:29.428681+00:00,74.7499,0.1974,95.9802,-0.0262,0.8486,0.0,2400.0,0.0,6.3
182.0,2026-05-06T01:17:29.928698+00:00,75.0391,0.3426,95.8459,-0.0664,0.8486,0.0,2400.0,0.0,6.3
182.5,2026-05-06T01:17:30.433151+00:00,75.2615,0.3906,95.789,-0.0819,0.8486,0.0,2400.0,0.0,6.3
183.0,2026-05-06T01:17:30.928765+00:00,75.3051,0.3002,96.0692,0.0528,0.8486,0.0,2400.0,0.0,6.3
183.5,2026-05-06T01:17:31.428884+00:00,74.575,-0.0874,96.1689,0.1177,0.8486,0.0,2045.94,-354.06,6.3
184.0,2026-05-06T01:17:31.929032+00:00,74.0139,-0.5126,96.1298,0.0519,0.8486,0.0,1900.8108,-499.1892,6.3
184.5,2026-05-06T01:17:32.428980+00:00,73.7098,-0.7758,96.0998,0.0399,0.8486,0.0,1841.3223,-204.6177,6.3
185.0,2026-05-06T01:17:32.936102+00:00,73.4762,-0.9145,96.0767,0.0769,0.7999,-0.0487,1816.938,-83.8728,6.3
185.5,2026-05-06T01:17:33.429161+00:00,73.2966,-0.6392,96.1515,0.1208,0.78,-0.0686,1806.9429,-34.3795,6.3
186.0,2026-05-06T01:17:33.928749+00:00,73.0312,-0.4913,96.1164,0.0157,0.7718,-0.0281,1802.8459,-14.0921,6.3
186.5,2026-05-06T01:17:34.428758+00:00,72.9546,-0.3776,96.2052,0.0121,0.7684,-0.0115,1801.1665,-5.7764,6.3
187.0,2026-05-06T01:17:34.928753+00:00,72.5139,-0.4811,96.3891,0.0864,0.7671,-0.0047,1800.4782,-2.3677,6.3
187.5,2026-05-06T01:17:35.433683+00:00,72.4297,-0.4334,96.2991,0.0664,0.7665,-0.0019,1800.196,-0.9705,6.3
188.0,2026-05-06T01:17:35.928765+00:00,72.2377,-0.3968,96.1142,0.0125,0.7663,-0.0008,1800.0803,-0.3978,6.3
188.5,2026-05-06T01:17:36.428736+00:00,72.2174,-0.3686,96.0878,-0.0213,0.7662,-0.0003,1800.0329,-0.1631,6.3
189.0,2026-05-06T01:17:36.929107+00:00,72.0745,-0.2197,96.0674,-0.0163,0.7661,-0.0001,1800.0135,-0.0668,6.3
189.5,2026-05-06T01:17:37.428780+00:00,71.8375,-0.2961,95.9361,-0.0897,0.7661,-0.0001,1800.0055,-0.0274,6.3
190.0,2026-05-06T01:17:37.932886+00:00,71.6552,-0.2912,96.0666,-0.1075,0.7661,-0.0,1800.0023,-0.0112,6.3
190.5,2026-05-06T01:17:38.428755+00:00,71.6425,-0.2875,96.1669,-0.0441,0.7661,-0.0,1800.0009,-0.0046,6.3
191.0,2026-05-06T01:17:38.928746+00:00,71.6326,-0.2209,96.1283,0.0047,0.7661,-0.0,1800.0004,-0.0019,6.3
191.5,2026-05-06T01:17:39.428768+00:00,71.3705,-0.2335,96.0986,0.0036,0.7661,-0.0,1800.0002,-0.0008,6.3
192.0,2026-05-06T01:17:39.928963+00:00,71.4236,-0.1158,96.1915,0.0413,0.7661,-0.0,1800.0001,-0.0003,6.3
192.5,2026-05-06T01:17:40.436793+00:00,71.4644,-0.089,96.1472,0.0703,0.7661,-0.0,1800.0,-0.0001,6.2488
193.0,2026-05-06T01:17:40.928744+00:00,71.2413,-0.1957,96.2288,0.0541,0.7661,-0.0,1800.0,-0.0001,6.275
193.5,2026-05-06T01:17:41.428763+00:00,71.3243,-0.0231,96.2916,0.0416,0.7661,-0.0,1800.0,-0.0,6.2878
194.0,2026-05-06T01:17:41.929142+00:00,71.5154,0.0459,96.3398,0.0705,0.7661,-0.0,1800.0,-0.0,6.294
194.5,2026-05-06T01:17:42.428721+00:00,71.1531,-0.1557,96.2612,0.0542,0.7661,-0.0,1800.0,-0.0,6.2971
195.0,2026-05-06T01:17:42.933856+00:00,71.1293,-0.056,96.1776,-0.0046,0.7661,-0.0,1800.0,-0.0,6.2986
195.5,2026-05-06T01:17:43.428746+00:00,71.2382,-0.043,96.0208,-0.0421,0.7661,-0.0,1800.0,-0.0,6.2993
196.0,2026-05-06T01:17:43.928746+00:00,71.1946,-0.1604,96.016,-0.0709,0.7661,-0.0,1800.0,-0.0,6.2997
196.5,2026-05-06T01:17:44.429127+00:00,71.1612,0.004,96.128,-0.0545,0.7661,-0.0,1800.0,-0.0,6.2998
197.0,2026-05-06T01:17:44.929002+00:00,71.2627,0.0667,96.2141,-0.0419,0.7661,-0.0,1800.0,-0.0,6.2999
197.5,2026-05-06T01:17:45.438158+00:00,71.2135,-0.0123,96.1645,-0.0322,0.7661,-0.0,1800.0,-0.0,6.3
198.000708,2026-05-06T01:17:45.929507+00:00,71.1757,-0.0095,96.1033,-0.0248,0.7661,-0.0,1800.0,-0.0,6.3
198.50013,2026-05-06T01:17:46.429188+00:00,71.4011,0.12,96.1951,0.0581,0.7661,-0.0,1800.0,-0.0,6.3
199.0,2026-05-06T01:17:46.928728+00:00,71.3199,0.0286,96.2657,0.0832,0.7661,-0.0,1800.0,-0.0,6.3
199.500142,2026-05-06T01:17:47.428949+00:00,71.3847,0.0856,96.3199,0.064,0.7661,-0.0,1800.0,-0.0,6.3
200.000004,2026-05-06T01:17:47.934967+00:00,71.3072,0.0658,96.2459,0.0106,0.7661,-0.0,1800.0,-0.0,6.3
200.5,2026-05-06T01:17:48.428768+00:00,71.375,-0.0131,96.189,0.0081,0.7661,-0.0,1800.0,-0.0,6.3
201.0,2026-05-06T01:17:48.928745+00:00,71.1725,-0.0737,96.1452,0.014,0.7661,-0.0,1800.0,-0.0,6.3
201.5,2026-05-06T01:17:49.428755+00:00,71.3987,0.007,96.1116,-0.0278,0.7661,-0.0,1800.0,-0.0,6.3
202.0,2026-05-06T01:17:49.928768+00:00,71.318,0.0054,96.2015,-0.0214,0.7661,-0.0,1800.0,-0.0,6.3
202.5,2026-05-06T01:17:50.433260+00:00,71.3833,0.0041,96.3863,0.0221,0.7661,-0.0,1800.0,-0.0,6.3
203.0,2026-05-06T01:17:50.928906+00:00,71.5607,0.1941,96.5283,0.0941,0.7661,-0.0,1800.0,-0.0,6.3
203.5,2026-05-06T01:17:51.429065+00:00,71.4425,0.0219,96.6374,0.1495,0.7661,-0.0,1800.0,-0.0,6.3
204.0,2026-05-06T01:17:51.929246+00:00,71.479,0.0805,96.3742,0.0763,0.7661,-0.0,1800.0,0.0,6.3
204.500116,2026-05-06T01:17:52.428869+00:00,71.507,0.0618,96.0562,-0.0185,0.7661,-0.0,1800.0,0.0,6.3
205.0,2026-05-06T01:17:52.933252+00:00,71.274,-0.1434,96.0432,-0.0528,0.7661,0.0,1800.0,0.0,6.3
205.5,2026-05-06T01:17:53.428791+00:00,71.2221,-0.1102,96.1489,-0.0791,0.7661,0.0,1800.0,0.0,6.3
206.0,2026-05-06T01:17:53.928848+00:00,70.9278,-0.2756,96.2302,-0.0994,0.7661,0.0,1800.0,0.0,6.3
206.5,2026-05-06T01:17:54.428950+00:00,70.956,-0.2755,96.524,-0.0378,0.7661,0.0,1800.0,0.0,6.3
207.0,2026-05-06T01:17:54.929195+00:00,71.1051,-0.0844,96.5184,0.0481,0.7661,0.0,1800.0,0.0,6.3
207.5,2026-05-06T01:17:55.434017+00:00,71.0923,-0.0649,96.5142,0.1526,0.7661,0.0,1800.0,0.0,6.2488
208.0,2026-05-06T01:17:55.928748+00:00,71.0825,0.0774,96.5109,0.1559,0.7661,0.0,1800.0,0.0,6.275
208.500142,2026-05-06T01:17:56.428948+00:00,71.2023,0.1231,96.6241,0.1584,0.7661,0.0,1800.0,0.0,6.2878
209.0,2026-05-06T01:17:56.928736+00:00,71.167,0.031,96.5954,0.1217,0.7661,0.0,1800.0,0.0,6.294
209.5,2026-05-06T01:17:57.428992+00:00,71.0127,-0.0398,96.689,0.055,0.7661,0.0,1800.0,0.0,6.2971
210.0,2026-05-06T01:17:57.933478+00:00,71.1486,0.033,96.6453,0.0423,0.7661,0.0,1800.0,0.0,6.2986
210.5,2026-05-06T01:17:58.428753+00:00,71.1258,-0.0382,96.843,0.1096,0.7661,0.0,1800.0,0.0,6.3505
211.0,2026-05-06T01:17:58.928747+00:00,71.2355,0.0342,96.9951,0.1614,0.7661,0.0,1800.0,0.0,6.3758
211.5,2026-05-06T01:17:59.428772+00:00,71.0653,0.0263,96.8805,0.0855,0.7661,0.0,1800.0,0.0,6.3882
212.0,2026-05-06T01:17:59.928963+00:00,71.0618,-0.0434,96.6768,0.0271,0.7661,0.0,1800.0,0.0,6.3942
212.5,2026-05-06T01:18:00.433555+00:00,71.059,-0.0334,96.7516,0.0209,0.7661,0.0,1800.0,0.0,6.3972
213.0,2026-05-06T01:18:00.929118+00:00,71.1842,-0.0256,96.6933,0.016,0.7661,0.0,1800.0,0.0,6.3986
213.5,2026-05-06T01:18:01.429239+00:00,71.0259,-0.0197,96.4172,-0.1419,0.7661,0.0,1800.0,0.0,6.3993
214.0,2026-05-06T01:18:01.928761+00:00,71.0315,-0.0151,96.5521,-0.1477,0.7661,0.0,1800.0,0.0,6.3997
214.5,2026-05-06T01:18:02.428738+00:00,71.0358,-0.0116,96.54,-0.1135,0.7661,0.0,1800.0,0.0,6.3998
215.0,2026-05-06T01:18:02.934115+00:00,70.9118,-0.1362,96.5308,-0.0487,0.7661,0.0,1800.0,0.0,6.3999
215.5,2026-05-06T01:18:03.428791+00:00,70.9438,-0.0411,96.5236,-0.076,0.7661,0.0,1800.0,0.0,6.4
216.0,2026-05-06T01:18:03.928761+00:00,70.9683,-0.0316,96.6339,-0.0198,0.7661,0.0,1800.0,0.0,6.4
216.5,2026-05-06T01:18:04.429080+00:00,71.1145,0.0394,96.4872,0.0233,0.7661,0.0,1800.0,0.0,6.4
217.0,2026-05-06T01:18:04.928791+00:00,71.2269,0.1575,96.6059,0.0179,0.7661,0.0,1800.0,0.0,6.4
217.5,2026-05-06T01:18:05.434461+00:00,71.3132,0.1847,96.6971,0.0523,0.7661,0.0,1800.0,0.0,6.3488
218.0,2026-05-06T01:18:05.928908+00:00,71.3796,0.2056,96.5358,0.0017,0.7661,0.0,1800.0,0.0,6.375
218.5,2026-05-06T01:18:06.428761+00:00,71.3033,0.0944,96.5275,0.0013,0.7661,0.0,1800.0,0.0,6.3878
219.0,2026-05-06T01:18:06.929090+00:00,71.2447,0.0089,96.6368,0.001,0.7661,0.0,1800.0,0.0,6.394
219.5,2026-05-06T01:18:07.428892+00:00,71.1996,-0.0568,96.8366,0.1165,0.7661,0.0,1800.0,0.0,6.3971
220.0,2026-05-06T01:18:07.934693+00:00,71.165,-0.1073,96.7587,0.0509,0.7661,0.0,1800.0,0.0,6.3986
220.5,2026-05-06T01:18:08.429303+00:00,71.1384,-0.0825,96.8145,0.0392,0.7661,0.0,1800.0,0.0,6.3481
221.001459,2026-05-06T01:18:08.930309+00:00,71.2452,0.0003,96.8574,0.1072,0.7661,0.0,1800.0,0.0,6.3235
221.5,2026-05-06T01:18:09.433869+00:00,71.0728,-0.0634,96.659,0.0438,0.7661,0.0,1800.0,0.0,6.3115
222.001188,2026-05-06T01:18:09.930195+00:00,71.322,0.0785,96.5065,-0.0434,0.7661,0.0,1800.0,0.0,6.3056
222.500178,2026-05-06T01:18:10.436556+00:00,71.2591,0.0603,96.505,-0.1105,0.7661,0.0,1800.0,0.0,6.3027
223.0,2026-05-06T01:18:10.928762+00:00,71.4652,0.11,96.7353,-0.0078,0.7661,0.0,1800.0,0.0,6.3013
223.5,2026-05-06T01:18:11.428995+00:00,71.4964,0.2118,96.7965,-0.006,0.7661,0.0,1800.0,0.0,6.3006
224.0,2026-05-06T01:18:11.928776+00:00,71.5204,0.0992,96.9593,0.034,0.7661,0.0,1800.0,0.0,6.3003
224.5,2026-05-06T01:18:12.428747+00:00,71.4115,0.0762,96.853,0.0647,0.7661,0.0,1800.0,0.0,6.3002
225.0,2026-05-06T01:18:12.933318+00:00,71.3279,-0.0687,96.887,0.1268,0.7661,0.0,1800.0,0.0,6.3001
225.5,2026-05-06T01:18:13.428747+00:00,71.3909,-0.0528,97.0289,0.1746,0.7661,0.0,1800.0,0.0,6.3
226.0,2026-05-06T01:18:13.929321+00:00,71.5665,0.0231,97.0222,0.0956,0.7661,0.0,1800.0,0.0,6.3
226.500896,2026-05-06T01:18:14.429688+00:00,71.447,0.0177,97.0171,0.0735,0.7661,0.0,1800.0,0.0,6.3
227.0,2026-05-06T01:18:14.928755+00:00,71.4824,0.0773,96.7817,-0.0592,0.7661,0.0,1800.0,0.0,6.3
227.5,2026-05-06T01:18:15.434656+00:00,71.3823,-0.0043,96.8322,-0.0069,0.7661,0.0,1800.0,0.0,6.3
228.0,2026-05-06T01:18:15.928752+00:00,71.3054,-0.1305,96.6396,-0.0825,0.7661,0.0,1800.0,0.0,6.3
228.5,2026-05-06T01:18:16.428756+00:00,71.6281,0.0906,96.723,-0.1019,0.7661,0.0,1800.0,0.0,6.3
229.0,2026-05-06T01:18:16.928747+00:00,71.6216,0.0696,96.7871,-0.0784,0.7661,0.0,1800.0,0.0,6.3
229.5,2026-05-06T01:18:17.428786+00:00,71.4894,0.0535,96.7207,-0.0988,0.7661,0.0,1800.0,0.0,6.3
230.0,2026-05-06T01:18:17.933348+00:00,71.3877,0.0411,96.901,0.0398,0.7661,0.0,1800.0,0.0,6.3
230.5,2026-05-06T01:18:18.428840+00:00,71.1823,-0.2229,96.6925,-0.0466,0.7661,0.0,1800.0,0.0,6.3
231.0,2026-05-06T01:18:18.928764+00:00,71.1517,-0.235,96.4166,-0.0744,0.7661,0.0,1800.0,0.0,6.3
231.5,2026-05-06T01:18:19.428752+00:00,71.3827,-0.0533,96.4127,-0.1034,0.7661,0.0,1800.0,0.0,6.3
232.0,2026-05-06T01:18:19.928750+00:00,71.1784,-0.1046,96.3172,-0.1566,0.7661,0.0,1800.0,0.0,6.3
232.5,2026-05-06T01:18:20.433597+00:00,71.276,0.0469,96.2438,-0.159,0.7661,0.0,1800.0,0.0,6.3
233.0,2026-05-06T01:18:20.928820+00:00,71.351,0.0996,96.1874,-0.2379,0.7661,0.0,1800.0,0.0,6.3
233.5,2026-05-06T01:18:21.429009+00:00,71.2813,-0.0507,96.144,-0.1828,0.7661,0.0,1800.0,0.0,6.3
234.0,2026-05-06T01:18:21.928757+00:00,71.6096,0.2156,96.1107,-0.102,0.7661,0.0,1800.0,0.0,6.3
234.5,2026-05-06T01:18:22.428756+00:00,71.7346,0.2293,96.3165,-0.0321,0.7661,0.0,1800.0,0.0,6.3
235.0,2026-05-06T01:18:22.942980+00:00,71.5762,0.1126,96.359,0.0139,0.7661,0.0,1800.0,0.0,6.3
235.5,2026-05-06T01:18:23.428781+00:00,71.4545,0.0866,96.5073,0.0878,0.7661,0.0,1800.0,0.0,6.3
236.0,2026-05-06T01:18:23.928759+00:00,71.4881,-0.0607,96.2742,0.0289,0.7661,0.0,1800.0,0.0,6.3
236.501271,2026-05-06T01:18:24.430044+00:00,71.514,-0.1103,96.2108,0.0222,0.7661,0.0,1800.0,0.0,6.3
237.000193,2026-05-06T01:18:24.928935+00:00,71.6612,0.0425,96.2777,0.0557,0.7661,0.0,1800.0,0.0,6.3
237.5,2026-05-06T01:18:25.433594+00:00,71.7743,0.1599,96.3291,0.0042,0.7661,0.0,1800.0,0.0,6.3
238.0,2026-05-06T01:18:25.928776+00:00,71.8612,0.1866,96.1373,-0.0739,0.7661,0.0,1800.0,0.0,6.3
238.5,2026-05-06T01:18:26.428747+00:00,71.8008,0.1434,96.2212,-0.0954,0.7661,0.0,1800.0,0.0,6.3
239.0,2026-05-06T01:18:26.928741+00:00,71.6271,-0.0171,96.2857,0.0038,0.7661,0.0,1800.0,0.0,6.3
239.5,2026-05-06T01:18:27.428890+00:00,71.6208,-0.0768,96.2196,0.0029,0.7661,0.0,1800.0,0.0,6.3
240.0,2026-05-06T01:18:27.933446+00:00,71.4887,-0.1863,96.2845,0.0023,0.7661,0.0,1800.0,0.0,6.3
240.5,2026-05-06T01:18:28.428916+00:00,71.3872,-0.2068,96.4501,0.0403,0.7661,0.0,1800.0,0.0,6.2488
241.0,2026-05-06T01:18:28.928753+00:00,71.4364,-0.0953,96.3459,0.0695,0.7661,0.0,1800.0,0.0,6.2238
241.5,2026-05-06T01:18:29.428756+00:00,71.6016,-0.0096,96.2659,0.0149,0.7661,0.0,1800.0,0.0,6.2116
242.0,2026-05-06T01:18:29.928760+00:00,71.7285,0.1199,96.2043,-0.0271,0.7661,0.0,1800.0,0.0,6.2057
242.5,2026-05-06T01:18:30.435129+00:00,71.5715,0.0921,96.2728,0.0177,0.7661,0.0,1800.0,0.0,6.2028
243.0,2026-05-06T01:18:30.928795+00:00,71.7053,0.1345,96.3253,0.0136,0.7661,0.0,1800.0,0.0,6.2526
243.5,2026-05-06T01:18:31.429314+00:00,71.8082,0.1033,96.3658,-0.0281,0.7661,0.0,1800.0,0.0,6.2768
244.0,2026-05-06T01:18:31.928749+00:00,71.8873,0.0794,96.3968,0.017,0.7661,0.0,1800.0,0.0,6.2887
244.5,2026-05-06T01:18:32.429247+00:00,71.5663,-0.0026,96.1893,-0.0255,0.7661,0.0,1800.0,0.0,6.2945
245.0,2026-05-06T01:18:32.936135+00:00,71.7014,-0.002,96.1455,-0.0196,0.7661,0.0,1800.0,0.0,6.2973
245.5,2026-05-06T01:18:33.428785+00:00,71.6779,-0.0652,96.3432,0.0235,0.7661,0.0,1800.0,0.0,6.2987
246.000149,2026-05-06T01:18:33.928976+00:00,71.6599,-0.1137,96.4952,0.0566,0.7661,0.0,1800.0,0.0,6.2994
246.5,2026-05-06T01:18:34.428747+00:00,71.9006,0.1671,96.7277,0.1207,0.7661,0.0,1800.0,0.0,6.2997
247.0,2026-05-06T01:18:34.928892+00:00,71.9583,0.1285,96.675,0.0927,0.7661,0.0,1800.0,0.0,6.2998
247.5,2026-05-06T01:18:35.435624+00:00,72.0026,0.1624,96.8659,0.2255,0.7661,0.0,1800.0,0.0,6.2487
248.0,2026-05-06T01:18:35.928785+00:00,71.9095,0.1248,96.7812,0.2119,0.7661,0.0,1800.0,0.0,6.275
248.500935,2026-05-06T01:18:36.429741+00:00,71.8379,-0.0314,96.7162,0.1243,0.7661,0.0,1800.0,0.0,6.2878
249.0,2026-05-06T01:18:36.928795+00:00,71.9101,-0.0241,96.6661,0.057,0.7661,0.0,1800.0,0.0,6.294
249.5,2026-05-06T01:18:37.428910+00:00,72.0929,0.0451,96.7434,0.0052,0.7661,0.0,1800.0,0.0,6.2971
250.0,2026-05-06T01:18:37.937317+00:00,71.9788,0.0347,96.8028,0.0426,0.7661,0.0,1800.0,0.0,6.2986
250.5,2026-05-06T01:18:38.428790+00:00,72.0184,0.0903,96.9641,0.0327,0.7661,0.0,1800.0,0.0,6.2481
251.0,2026-05-06T01:18:38.928751+00:00,72.0489,0.0694,96.9724,0.0637,0.7661,0.0,1800.0,0.0,6.2235
251.500133,2026-05-06T01:18:39.428865+00:00,72.0723,-0.0103,96.7243,0.0027,0.7661,0.0,1800.0,0.0,6.2115
252.0,2026-05-06T01:18:39.928744+00:00,72.2175,0.1194,96.6724,0.0021,0.7661,0.0,1800.0,0.0,6.2056
252.5,2026-05-06T01:18:40.434715+00:00,72.0746,0.0281,96.4936,-0.0833,0.7661,0.0,1800.0,0.0,6.2027
253.0,2026-05-06T01:18:40.928750+00:00,72.2193,0.0852,96.3794,-0.1411,0.7661,0.0,1800.0,0.0,6.2525
253.5,2026-05-06T01:18:41.428738+00:00,72.076,0.0019,96.4073,-0.1856,0.7661,0.0,1800.0,0.0,6.2256
254.0,2026-05-06T01:18:41.928946+00:00,72.2204,0.0014,96.3131,-0.2198,0.7661,0.0,1800.0,0.0,6.2125
254.5,2026-05-06T01:18:42.428752+00:00,72.2041,0.0647,96.2406,-0.1612,0.7661,0.0,1800.0,0.0,6.2061
255.0,2026-05-06T01:18:42.935535+00:00,72.3189,0.0498,96.0692,-0.201,0.7661,0.0,1800.0,0.0,6.203
255.5,2026-05-06T01:18:43.428736+00:00,72.0253,-0.0254,95.9375,-0.1854,0.7661,0.0,1800.0,0.0,6.2527
256.0,2026-05-06T01:18:43.928751+00:00,72.0541,-0.0831,95.952,-0.1425,0.7661,0.0,1800.0,0.0,6.2769
256.5,2026-05-06T01:18:44.429045+00:00,71.949,-0.1275,95.9631,-0.1481,0.7661,0.0,1800.0,0.0,6.2887
257.0,2026-05-06T01:18:44.929194+00:00,71.9955,-0.1617,96.3187,0.0019,0.7661,0.0,1800.0,0.0,6.2945
257.5,2026-05-06T01:18:45.433504+00:00,71.904,-0.0606,96.4764,0.0786,0.7661,0.0,1800.0,0.0,6.2973
258.0,2026-05-06T01:18:45.928999+00:00,71.8337,-0.1102,96.3661,0.099,0.7661,0.0,1800.0,0.0,6.2987
258.5,2026-05-06T01:18:46.428787+00:00,71.7796,-0.0847,96.3971,0.1532,0.7661,0.0,1800.0,0.0,6.2994
259.0,2026-05-06T01:18:46.929096+00:00,71.738,-0.1288,96.4209,0.1563,0.7661,0.0,1800.0,0.0,6.2997
259.5,2026-05-06T01:18:47.428873+00:00,71.8334,-0.0353,96.4392,0.1587,0.7661,0.0,1800.0,0.0,6.2998
260.000001,2026-05-06T01:18:48.037452+00:00,71.9066,0.0365,96.1987,-0.04,0.7661,0.0,1800.0,0.0,6.2999
260.5,2026-05-06T01:18:48.429176+00:00,72.0902,0.1553,96.0371,-0.1464,0.7661,0.0,1800.0,0.0,6.3
261.0,2026-05-06T01:18:48.928766+00:00,72.1041,0.183,96.1442,-0.074,0.7661,0.0,1800.0,0.0,6.3
261.5,2026-05-06T01:18:49.428758+00:00,72.1147,0.1407,96.1108,-0.0954,0.7661,0.0,1800.0,0.0,6.3
262.0,2026-05-06T01:18:49.929301+00:00,72.1229,0.1081,96.3166,-0.0348,0.7661,0.0,1800.0,0.0,6.3
262.5,2026-05-06T01:18:50.434630+00:00,72.1291,0.0195,96.359,-0.0267,0.7661,0.0,1800.0,0.0,6.3
263.0,2026-05-06T01:18:50.928748+00:00,72.134,0.015,96.3916,0.0643,0.7661,0.0,1800.0,0.0,6.3
263.500452,2026-05-06T01:18:51.429190+00:00,72.0104,-0.0521,96.4167,0.1266,0.7661,0.0,1800.0,0.0,6.3
264.0,2026-05-06T01:18:51.928956+00:00,72.0427,-0.0401,96.436,0.0973,0.7661,0.0,1800.0,0.0,6.3
264.5,2026-05-06T01:18:52.429004+00:00,72.0675,-0.0308,96.5665,0.1519,0.7661,0.0,1800.0,0.0,6.3
265.0,2026-05-06T01:18:52.933322+00:00,72.0866,-0.0237,96.4354,0.0396,0.7661,0.0,1800.0,0.0,6.3
265.5,2026-05-06T01:18:53.428746+00:00,71.974,-0.0182,96.3347,-0.0081,0.7661,0.0,1800.0,0.0,6.3
266.0,2026-05-06T01:18:53.928757+00:00,72.0147,-0.014,96.3729,-0.0062,0.7661,0.0,1800.0,0.0,6.3
266.5,2026-05-06T01:18:54.428769+00:00,71.9188,-0.0744,96.1709,-0.0819,0.7661,0.0,1800.0,0.0,6.3
267.0,2026-05-06T01:18:54.928932+00:00,71.9723,-0.0572,96.2471,-0.063,0.7661,0.0,1800.0,0.0,6.3
267.5,2026-05-06T01:18:55.434620+00:00,72.1407,0.0833,96.2825,-0.0947,0.7661,0.0,1800.0,0.0,6.3
268.0,2026-05-06T01:18:55.928743+00:00,72.2701,0.1277,96.1014,-0.1113,0.7661,0.0,1800.0,0.0,6.3
268.5,2026-05-06T01:18:56.429327+00:00,72.2423,0.1618,96.1936,-0.047,0.7661,0.0,1800.0,0.0,6.3
269.0,2026-05-06T01:18:56.929150+00:00,72.0937,0.0607,96.2645,-0.0361,0.7661,0.0,1800.0,0.0,6.3
269.5,2026-05-06T01:18:57.428774+00:00,72.1067,-0.017,96.4347,0.0879,0.7661,0.0,1800.0,0.0,6.3
270.0,2026-05-06T01:18:57.934246+00:00,71.9895,-0.1403,96.4498,0.0676,0.7661,0.0,1800.0,0.0,6.3
270.5,2026-05-06T01:18:58.428745+00:00,72.1539,-0.0442,96.4383,0.0519,0.7661,0.0,1800.0,0.0,6.3
271.0,2026-05-06T01:18:58.928754+00:00,71.8984,-0.0976,96.5683,0.1556,0.7661,0.0,1800.0,0.0,6.3
271.5,2026-05-06T01:18:59.428745+00:00,71.9567,-0.075,96.4368,0.081,0.7661,0.0,1800.0,0.0,6.3
272.0,2026-05-06T01:18:59.928793+00:00,72.0014,0.006,96.4514,0.0623,0.7661,0.0,1800.0,0.0,6.3
272.5,2026-05-06T01:19:00.433977+00:00,72.0358,-0.059,96.4626,0.0093,0.7661,0.0,1800.0,0.0,6.3
273.000019,2026-05-06T01:19:00.928753+00:00,72.0622,0.0819,96.4482,-0.0006,0.7661,0.0,1800.0,0.0,6.3
273.5,2026-05-06T01:19:01.428759+00:00,72.0825,0.0629,96.4602,0.0073,0.7661,0.0,1800.0,0.0,6.3
274.0,2026-05-06T01:19:01.928788+00:00,72.0981,0.0484,96.4694,-0.033,0.7661,0.0,1800.0,0.0,6.3
274.500173,2026-05-06T01:19:02.428934+00:00,72.2374,0.1008,96.3839,-0.0176,0.7661,0.0,1800.0,0.0,6.3
275.0,2026-05-06T01:19:02.933847+00:00,72.2172,0.0775,96.5265,0.025,0.7661,0.0,1800.0,0.0,6.3
275.5,2026-05-06T01:19:03.428868+00:00,72.2016,0.0596,96.5203,0.0192,0.7661,0.0,1800.0,0.0,6.3
276.0,2026-05-06T01:19:03.929079+00:00,72.0624,-0.0179,96.747,0.0996,0.7661,0.0,1800.0,0.0,6.3
276.5,2026-05-06T01:19:04.429001+00:00,72.0827,-0.0774,96.5742,0.038,0.7661,0.0,1800.0,0.0,6.3
277.001121,2026-05-06T01:19:04.929895+00:00,72.2255,0.0042,96.4413,-0.0094,0.7661,0.0,1800.0,0.0,6.3
277.500129,2026-05-06T01:19:05.434402+00:00,71.9535,-0.1241,96.4549,0.0237,0.7661,0.0,1800.0,0.0,6.3
278.000222,2026-05-06T01:19:05.928969+00:00,71.999,-0.0317,96.3496,-0.0589,0.7661,0.0,1800.0,0.0,6.3
278.5,2026-05-06T01:19:06.428954+00:00,72.1612,0.0393,96.3844,-0.0453,0.7661,0.0,1800.0,0.0,6.3
279.0,2026-05-06T01:19:06.928754+00:00,72.2859,0.0302,96.5269,-0.0734,0.7661,0.0,1800.0,0.0,6.3
279.500457,2026-05-06T01:19:07.429211+00:00,72.2544,0.1505,96.5207,-0.0178,0.7661,0.0,1800.0,0.0,6.3
280.0,2026-05-06T01:19:07.933196+00:00,72.3575,0.1793,96.6316,0.0634,0.7661,0.0,1800.0,0.0,6.3
280.5,2026-05-06T01:19:08.428738+00:00,72.4368,0.1378,96.6011,0.0487,0.7661,0.0,1800.0,0.0,6.3
281.0,2026-05-06T01:19:08.929314+00:00,72.3704,0.0423,96.6934,0.1146,0.7661,0.0,1800.0,0.0,6.3
281.5,2026-05-06T01:19:09.428782+00:00,72.1921,-0.0311,96.6487,0.0881,0.7661,0.0,1800.0,0.0,6.3
282.0,2026-05-06T01:19:09.928947+00:00,72.3097,-0.0239,96.73,0.0677,0.7661,0.0,1800.0,0.0,6.3
282.5,2026-05-06T01:19:10.433852+00:00,72.2727,-0.082,96.7925,0.0906,0.7661,0.0,1800.0,0.0,6.3
283.000758,2026-05-06T01:19:10.929551+00:00,72.2443,-0.0631,96.8405,0.0696,0.7661,0.0,1800.0,0.0,6.3
283.5,2026-05-06T01:19:11.428798+00:00,72.2225,0.0152,96.7617,0.0535,0.7661,0.0,1800.0,0.0,6.3
284.0,2026-05-06T01:19:11.928757+00:00,72.333,0.0117,96.5854,-0.036,0.7661,0.0,1800.0,0.0,6.3
284.5,2026-05-06T01:19:12.428726+00:00,72.5452,0.1362,96.5657,-0.0277,0.7661,0.0,1800.0,0.0,6.3
285.000193,2026-05-06T01:19:12.934955+00:00,72.4537,0.1047,96.3191,-0.137,0.7661,0.0,1800.0,0.0,6.3
285.5,2026-05-06T01:19:13.428759+00:00,72.3835,0.0805,96.4766,-0.1053,0.7661,0.0,1800.0,0.0,6.3
286.0,2026-05-06T01:19:13.928764+00:00,72.3294,-0.0018,96.4589,-0.1272,0.7661,0.0,1800.0,0.0,6.3
286.5,2026-05-06T01:19:14.428904+00:00,72.1606,-0.1923,96.5841,-0.0592,0.7661,0.0,1800.0,0.0,6.3
287.0,2026-05-06T01:19:14.928775+00:00,72.4127,-0.0205,96.5646,-0.0069,0.7661,0.0,1800.0,0.0,6.3
287.5,2026-05-06T01:19:15.435215+00:00,72.3519,-0.0158,96.6654,0.0332,0.7661,0.0,1800.0,0.0,6.3
288.0,2026-05-06T01:19:15.929090+00:00,72.3052,-0.0121,96.6271,0.1027,0.7661,0.0,1800.0,0.0,6.3
288.5,2026-05-06T01:19:16.428946+00:00,72.3966,0.118,96.7134,0.0789,0.7661,0.0,1800.0,0.0,6.3
289.0,2026-05-06T01:19:16.928771+00:00,72.3395,-0.0366,96.664,0.0684,0.7661,0.0,1800.0,0.0,6.3
289.5,2026-05-06T01:19:17.428764+00:00,72.4229,0.0355,96.7418,0.0526,0.7661,0.0,1800.0,0.0,6.3
290.0,2026-05-06T01:19:17.937127+00:00,72.487,0.0909,96.6858,0.0404,0.7661,0.0,1800.0,0.0,6.3
290.500303,2026-05-06T01:19:18.429090+00:00,72.5363,0.0699,96.7585,0.031,0.7661,0.0,1800.0,0.0,6.3
291.0,2026-05-06T01:19:18.928746+00:00,72.5742,0.1173,96.6987,0.0239,0.7661,0.0,1800.0,0.0,6.3
291.500145,2026-05-06T01:19:19.428955+00:00,72.6033,0.0902,96.7684,0.0183,0.7661,0.0,1800.0,0.0,6.3
292.0,2026-05-06T01:19:19.928754+00:00,72.6257,0.0693,96.7063,0.0141,0.7661,0.0,1800.0,0.0,6.3
292.5,2026-05-06T01:19:20.435701+00:00,72.6429,0.0533,96.5429,-0.0663,0.7661,0.0,1800.0,0.0,6.2488
293.0,2026-05-06T01:19:20.928773+00:00,72.7834,0.1046,96.4172,-0.0895,0.7661,0.0,1800.0,0.0,6.275
293.5,2026-05-06T01:19:21.428735+00:00,72.7641,0.0804,96.5521,-0.0688,0.7661,0.0,1800.0,0.0,6.2878
294.0,2026-05-06T01:19:21.928749+00:00,72.7492,0.0618,96.6557,-0.0143,0.7661,0.0,1800.0,0.0,6.294
294.5,2026-05-06T01:19:22.428758+00:00,72.7379,0.0475,96.6197,-0.0496,0.7661,0.0,1800.0,0.0,6.2971
295.0,2026-05-06T01:19:22.935126+00:00,72.4746,-0.1544,96.4763,-0.0767,0.7661,0.0,1800.0,0.0,6.2986
295.5,2026-05-06T01:19:23.428756+00:00,72.3995,-0.1823,96.3661,-0.0589,0.7661,0.0,1800.0,0.0,6.2481
296.0,2026-05-06T01:19:23.928736+00:00,72.3417,-0.2038,96.2814,-0.0453,0.7661,0.0,1800.0,0.0,6.2235
296.5,2026-05-06T01:19:24.428825+00:00,72.4246,-0.1566,96.4477,-0.0348,0.7661,0.0,1800.0,0.0,6.2627
297.0,2026-05-06T01:19:24.929314+00:00,72.4884,0.0069,96.3441,-0.1039,0.7661,0.0,1800.0,0.0,6.2818
297.5,2026-05-06T01:19:25.437954+00:00,72.4101,0.0053,96.3802,-0.0798,0.7661,0.0,1800.0,0.0,6.2399
298.0,2026-05-06T01:19:25.929318+00:00,72.2226,-0.0596,96.2922,-0.0614,0.7661,0.0,1800.0,0.0,6.3219
298.5,2026-05-06T01:19:26.428776+00:00,72.4603,0.0179,96.3403,-0.0086,0.7661,0.0,1800.0,0.0,6.3619
299.0,2026-05-06T01:19:26.928782+00:00,72.134,-0.1772,96.2615,-0.0066,0.7661,0.0,1800.0,0.0,6.3814
299.5,2026-05-06T01:19:27.428748+00:00,72.1377,-0.1362,96.3167,-0.0436,0.7661,0.0,1800.0,0.0,6.3909
300.0,2026-05-06T01:19:27.933589+00:00,72.3951,0.0862,96.3591,0.005,0.7661,0.0,1800.0,0.0,6.3956
300.500174,2026-05-06T01:19:28.428990+00:00,72.3384,-0.061,96.3917,0.0039,0.7661,0.0,1800.0,0.0,6.3978
301.0,2026-05-06T01:19:28.928814+00:00,72.4221,0.144,96.1854,-0.0356,0.7661,0.0,1800.0,0.0,6.3989
301.500144,2026-05-06T01:19:29.428953+00:00,72.4864,0.1743,96.0268,-0.1045,0.7661,0.0,1800.0,0.0,6.3995
302.0,2026-05-06T01:19:29.928773+00:00,72.4085,0.0067,96.2288,-0.0109,0.7661,0.0,1800.0,0.0,6.3997
302.5,2026-05-06T01:19:30.434446+00:00,72.2214,-0.0585,96.4073,0.0302,0.7661,0.0,1800.0,0.0,6.3999
303.0,2026-05-06T01:19:30.928834+00:00,72.2049,-0.1086,96.5444,0.0618,0.7661,0.0,1800.0,0.0,6.3999
303.5,2026-05-06T01:19:31.428750+00:00,72.0649,-0.2107,96.4185,0.0089,0.7661,0.0,1800.0,0.0,6.3488
304.0,2026-05-06T01:19:31.929241+00:00,72.3392,-0.0347,96.4373,0.084,0.7661,0.0,1800.0,0.0,6.3238
304.5,2026-05-06T01:19:32.428928+00:00,72.2954,0.037,96.4518,0.1417,0.7661,0.0,1800.0,0.0,6.3116
305.0,2026-05-06T01:19:32.934002+00:00,72.389,0.0921,96.3473,0.0395,0.7661,0.0,1800.0,0.0,6.3057
305.5,2026-05-06T01:19:33.429013+00:00,72.461,0.198,96.3826,-0.0082,0.7661,0.0,1800.0,0.0,6.354
306.0,2026-05-06T01:19:33.929315+00:00,72.7708,0.2158,96.5255,-0.0063,0.7661,0.0,1800.0,0.0,6.3775
306.5,2026-05-06T01:19:34.428979+00:00,72.7544,0.2295,96.4039,-0.0049,0.7661,0.0,1800.0,0.0,6.389
307.0,2026-05-06T01:19:34.929381+00:00,72.9964,0.3037,96.1947,-0.0809,0.7661,0.0,1800.0,0.0,6.3947
307.501425,2026-05-06T01:19:35.436932+00:00,72.9278,0.2334,96.3811,-0.0236,0.7661,0.0,1800.0,0.0,6.3462
308.0,2026-05-06T01:19:35.928775+00:00,72.8751,0.0521,96.2929,-0.0181,0.7661,0.0,1800.0,0.0,6.3737
308.5,2026-05-06T01:19:36.428767+00:00,72.9618,0.1037,96.3408,-0.0139,0.7661,0.0,1800.0,0.0,6.3872
309.0,2026-05-06T01:19:36.928761+00:00,72.9013,-0.0476,96.0305,-0.165,0.7661,0.0,1800.0,0.0,6.3937
309.5017,2026-05-06T01:19:37.430434+00:00,72.8547,-0.0366,95.7921,-0.2039,0.7661,0.0,1800.0,0.0,6.3457
310.0,2026-05-06T01:19:37.934513+00:00,72.8189,-0.0281,95.7245,-0.1567,0.7661,0.0,1800.0,0.0,6.3223
310.5,2026-05-06T01:19:38.428760+00:00,72.9186,-0.0216,95.9039,-0.159,0.7661,0.0,1800.0,0.0,6.3109
311.0,2026-05-06T01:19:38.928734+00:00,72.8681,-0.0166,96.0419,-0.0837,0.7661,0.0,1800.0,0.0,6.3053
311.500232,2026-05-06T01:19:39.428983+00:00,72.8292,-0.0128,95.9165,-0.1414,0.7661,0.0,1800.0,0.0,6.3026
312.0,2026-05-06T01:19:39.928738+00:00,72.7993,-0.0098,96.0515,0.007,0.7661,0.0,1800.0,0.0,6.3013
312.5,2026-05-06T01:19:40.435123+00:00,72.9036,-0.0075,95.9239,0.0439,0.7661,0.0,1800.0,0.0,6.3006
313.0,2026-05-06T01:19:40.928762+00:00,72.8565,-0.0058,96.0572,0.1109,0.7661,0.0,1800.0,0.0,6.3003
313.5,2026-05-06T01:19:41.428760+00:00,72.8203,-0.0045,96.044,0.0467,0.7661,0.0,1800.0,0.0,6.3001
314.000449,2026-05-06T01:19:41.929201+00:00,72.9197,0.0602,96.1495,0.0359,0.7661,0.0,1800.0,0.0,6.3001
314.5,2026-05-06T01:19:42.428778+00:00,72.8689,-0.0174,96.2306,0.1047,0.7661,0.0,1800.0,0.0,6.3
315.0,2026-05-06T01:19:42.936622+00:00,72.7025,-0.077,96.5243,0.1576,0.7661,0.0,1800.0,0.0,6.3
315.5,2026-05-06T01:19:43.429188+00:00,72.9565,0.0681,96.5187,0.1983,0.7661,0.0,1800.0,0.0,6.3
316.0,2026-05-06T01:19:43.928762+00:00,73.0244,0.0523,96.3987,0.1138,0.7661,0.0,1800.0,0.0,6.3
316.5,2026-05-06T01:19:44.428886+00:00,73.0766,0.1039,96.5378,0.1646,0.7661,0.0,1800.0,0.0,6.3
317.0,2026-05-06T01:19:44.929358+00:00,72.9895,0.1435,96.4134,0.088,0.7661,0.0,1800.0,0.0,6.3512
317.5,2026-05-06T01:19:45.434690+00:00,73.0497,0.0466,96.5491,0.1062,0.7661,0.0,1800.0,0.0,6.325
318.000551,2026-05-06T01:19:45.930118+00:00,73.0961,0.0358,96.5378,0.0045,0.7661,0.0,1800.0,0.0,6.3122
318.501487,2026-05-06T01:19:46.430251+00:00,73.0044,-0.0361,96.4133,-0.0351,0.7661,0.0,1800.0,0.0,6.306
319.000365,2026-05-06T01:19:46.929124+00:00,73.1885,0.0995,96.3177,-0.027,0.7661,0.0,1800.0,0.0,6.3029
319.5,2026-05-06T01:19:47.428731+00:00,73.2028,0.0765,96.2442,-0.0979,0.7661,0.0,1800.0,0.0,6.3014
320.0,2026-05-06T01:19:47.934693+00:00,73.341,0.1224,96.1877,-0.0752,0.7661,0.0,1800.0,0.0,6.3007
320.5,2026-05-06T01:19:48.428758+00:00,73.3199,0.1577,96.2368,-0.1041,0.7661,0.0,1800.0,0.0,6.3003
321.0,2026-05-06T01:19:48.928820+00:00,73.3037,0.0576,96.4134,-0.0414,0.7661,0.0,1800.0,0.0,6.3002
321.5,2026-05-06T01:19:49.428765+00:00,73.2913,0.0443,96.4334,0.0067,0.7661,0.0,1800.0,0.0,6.3001
322.001607,2026-05-06T01:19:49.930347+00:00,73.2817,-0.0296,96.3331,0.0052,0.7661,0.0,1800.0,0.0,6.3
322.5,2026-05-06T01:19:50.434397+00:00,73.2744,-0.0228,96.4875,0.0811,0.7661,0.0,1800.0,0.0,6.3
323.0,2026-05-06T01:19:50.928844+00:00,72.8869,-0.2084,96.3747,0.0623,0.7661,0.0,1800.0,0.0,6.3
323.5,2026-05-06T01:19:51.428777+00:00,72.8437,-0.2238,96.288,0.0171,0.7661,0.0,1800.0,0.0,6.3
324.0,2026-05-06T01:19:51.929263+00:00,72.8104,-0.2357,96.5684,0.0517,0.7661,0.0,1800.0,0.0,6.3
324.5,2026-05-06T01:19:52.428757+00:00,72.9122,-0.1811,96.5526,0.0397,0.7661,0.0,1800.0,0.0,6.3
325.0,2026-05-06T01:19:52.933523+00:00,72.7358,-0.0756,96.4247,0.0305,0.7661,0.0,1800.0,0.0,6.3
325.5,2026-05-06T01:19:53.428881+00:00,72.7275,-0.0581,96.5578,0.0235,0.7661,0.0,1800.0,0.0,6.3
326.0,2026-05-06T01:19:53.928776+00:00,72.7211,-0.0446,96.6602,0.0952,0.7661,0.0,1800.0,0.0,6.3
326.5,2026-05-06T01:19:54.428760+00:00,72.7162,-0.098,96.6231,0.1117,0.7661,0.0,1800.0,0.0,6.3
327.0,2026-05-06T01:19:54.929314+00:00,72.8398,0.052,96.4789,-0.0298,0.7661,0.0,1800.0,0.0,6.3
327.500792,2026-05-06T01:19:55.436005+00:00,72.8074,0.04,96.5995,0.0156,0.7661,0.0,1800.0,0.0,6.3
328.0,2026-05-06T01:19:55.928771+00:00,72.9098,0.0943,96.4608,0.012,0.7661,0.0,1800.0,0.0,6.3
328.5,2026-05-06T01:19:56.428736+00:00,72.9885,0.1361,96.4698,-0.0293,0.7661,0.0,1800.0,0.0,6.3
329.0,2026-05-06T01:19:56.928773+00:00,73.049,0.1046,96.338,-0.1074,0.7661,0.0,1800.0,0.0,6.3
329.5,2026-05-06T01:19:57.428751+00:00,73.0955,0.1441,96.3755,-0.0825,0.7661,0.0,1800.0,0.0,6.3
330.0,2026-05-06T01:19:57.934353+00:00,73.004,0.0471,96.4043,-0.0249,0.7661,0.0,1800.0,0.0,6.3
330.5,2026-05-06T01:19:58.428937+00:00,72.9337,-0.0274,96.4264,-0.0577,0.7661,0.0,1800.0,0.0,6.3
331.0,2026-05-06T01:19:58.928834+00:00,73.0069,-0.0211,96.6749,0.0714,0.7661,0.0,1800.0,0.0,6.3
331.5,2026-05-06T01:19:59.428764+00:00,73.0631,-0.0162,96.6344,0.0548,0.7661,0.0,1800.0,0.0,6.3
332.0,2026-05-06T01:19:59.928748+00:00,72.9791,-0.0125,96.4876,0.0499,0.7661,0.0,1800.0,0.0,6.3
332.500906,2026-05-06T01:20:00.435301+00:00,72.9145,-0.0096,96.6062,0.0769,0.7661,0.0,1800.0,0.0,6.3
333.0,2026-05-06T01:20:00.928785+00:00,73.2467,0.1199,96.4659,0.0205,0.7661,0.0,1800.0,0.0,6.3
333.5,2026-05-06T01:20:01.428925+00:00,73.2475,0.0922,96.4507,0.0081,0.7661,0.0,1800.0,0.0,6.3
334.0,2026-05-06T01:20:01.928983+00:00,73.248,0.1345,96.3464,-0.1095,0.7661,0.0,1800.0,0.0,6.3
334.5,2026-05-06T01:20:02.429025+00:00,73.1212,0.1034,96.2431,-0.1304,0.7661,0.0,1800.0,0.0,6.3
335.0,2026-05-06T01:20:02.937368+00:00,73.2783,0.0158,96.5339,0.0154,0.7661,0.0,1800.0,0.0,6.3
335.5,2026-05-06T01:20:03.428770+00:00,73.2717,0.0121,96.6418,0.0119,0.7661,0.0,1800.0,0.0,6.3
336.0,2026-05-06T01:20:03.928748+00:00,73.394,0.073,96.7247,0.0863,0.7661,0.0,1800.0,0.0,6.3
336.5,2026-05-06T01:20:04.428748+00:00,73.1061,-0.0075,96.7884,0.1126,0.7661,0.0,1800.0,0.0,6.3
337.0,2026-05-06T01:20:04.928749+00:00,73.2667,-0.0058,96.8374,0.1637,0.7661,0.0,1800.0,0.0,6.3
337.5,2026-05-06T01:20:05.433071+00:00,73.2628,-0.0045,96.9907,0.2492,0.7661,0.0,1800.0,0.0,6.3
338.0,2026-05-06T01:20:05.928762+00:00,73.3871,-0.0034,96.8771,0.1144,0.7661,0.0,1800.0,0.0,6.3
338.5,2026-05-06T01:20:06.429235+00:00,73.3554,0.1246,97.0213,0.1265,0.7661,0.0,1800.0,0.0,6.3
339.0,2026-05-06T01:20:06.928732+00:00,73.331,0.0322,96.9006,0.0587,0.7661,0.0,1800.0,0.0,6.3
339.5,2026-05-06T01:20:07.428988+00:00,73.4395,0.0884,96.9236,0.0451,0.7661,0.0,1800.0,0.0,6.3
340.0,2026-05-06T01:20:07.935414+00:00,73.3957,0.0043,96.8256,-0.0039,0.7661,0.0,1800.0,0.0,6.3
340.5,2026-05-06T01:20:08.428752+00:00,73.362,0.0033,96.7503,-0.0801,0.7661,0.0,1800.0,0.0,6.6072
341.0,2026-05-06T01:20:08.929131+00:00,73.3361,0.0025,96.6924,-0.0616,0.7661,0.0,1800.0,0.0,6.7571
341.5,2026-05-06T01:20:09.428808+00:00,73.3161,-0.0617,96.7635,-0.0859,0.7661,0.0,1800.0,0.0,6.7791
342.000356,2026-05-06T01:20:09.929738+00:00,73.1736,-0.1111,96.934,0.0111,0.7661,0.0,1800.0,0.0,6.7898
342.5,2026-05-06T01:20:10.434040+00:00,73.1913,-0.0854,97.0649,0.0471,0.7661,0.0,1800.0,0.0,6.7438
343.0,2026-05-06T01:20:10.928913+00:00,73.3321,-0.002,97.0499,0.0748,0.7661,0.0,1800.0,0.0,6.7726
343.5,2026-05-06T01:20:11.428848+00:00,73.4404,0.0621,97.1541,0.1346,0.7661,0.0,1800.0,0.0,6.7354
344.0,2026-05-06T01:20:11.929121+00:00,73.5236,0.175,97.0027,0.1035,0.7661,0.0,1800.0,0.0,6.7173
344.5,2026-05-06T01:20:12.428792+00:00,73.4603,0.1345,97.0021,0.0795,0.7661,0.0,1800.0,0.0,6.7084
345.0,2026-05-06T01:20:12.935518+00:00,73.4116,0.0398,96.8859,-0.016,0.7661,0.0,1800.0,0.0,6.7041
345.5,2026-05-06T01:20:13.429331+00:00,73.3742,-0.0331,96.9123,-0.0509,0.7661,0.0,1800.0,0.0,6.6508
346.0,2026-05-06T01:20:13.928874+00:00,73.2182,-0.1527,96.8169,-0.0777,0.7661,0.0,1800.0,0.0,6.6248
346.5,2026-05-06T01:20:14.429504+00:00,73.3528,-0.0537,96.7436,-0.1368,0.7661,0.0,1800.0,0.0,6.6121
347.000133,2026-05-06T01:20:14.929210+00:00,73.329,-0.0413,96.8029,-0.0666,0.7661,0.0,1800.0,0.0,6.6059
347.5,2026-05-06T01:20:15.433146+00:00,73.438,0.0319,96.7328,-0.0898,0.7661,0.0,1800.0,0.0,6.5517
348.0,2026-05-06T01:20:15.929293+00:00,73.2672,0.0245,96.6789,-0.069,0.7661,0.0,1800.0,0.0,6.5764
348.5,2026-05-06T01:20:16.428738+00:00,73.3905,0.0188,96.7532,-0.053,0.7661,0.0,1800.0,0.0,6.5373
349.0,2026-05-06T01:20:16.928739+00:00,73.358,0.0145,96.926,0.0364,0.7661,0.0,1800.0,0.0,6.5182
349.5,2026-05-06T01:20:17.428752+00:00,73.4603,0.0111,97.0589,0.1051,0.7661,0.0,1800.0,0.0,6.5089
350.000172,2026-05-06T01:20:17.934540+00:00,73.5389,0.1358,97.0452,0.0808,0.7661,0.0,1800.0,0.0,6.5043
350.5,2026-05-06T01:20:18.428812+00:00,73.5993,0.1044,97.0348,0.1007,0.7661,0.0,1800.0,0.0,6.4509
351.0,2026-05-06T01:20:18.928928+00:00,73.3912,0.0166,97.1424,0.1545,0.7661,0.0,1800.0,0.0,6.4248
351.500693,2026-05-06T01:20:19.429493+00:00,73.4858,0.0128,97.1095,0.1187,0.7661,0.0,1800.0,0.0,6.4121
352.000136,2026-05-06T01:20:19.929073+00:00,73.4312,-0.0538,97.0841,0.0527,0.7661,0.0,1800.0,0.0,6.4059
352.5,2026-05-06T01:20:20.433194+00:00,73.5166,-0.0414,96.949,-0.0366,0.7661,0.0,1800.0,0.0,6.4029
353.0,2026-05-06T01:20:20.928759+00:00,73.5822,0.0955,96.8451,-0.0667,0.7661,0.0,1800.0,0.0,6.4014
353.5,2026-05-06T01:20:21.428751+00:00,73.5053,0.0097,96.7652,-0.0898,0.7661,0.0,1800.0,0.0,6.3495
354.0,2026-05-06T01:20:21.928766+00:00,73.7008,0.1348,96.8196,-0.1076,0.7661,0.0,1800.0,0.0,6.3241
354.5,2026-05-06T01:20:22.428741+00:00,73.5965,0.0399,96.8613,-0.0827,0.7661,0.0,1800.0,0.0,6.3118
355.0,2026-05-06T01:20:22.933182+00:00,73.6436,0.0307,96.8934,-0.0636,0.7661,0.0,1800.0,0.0,6.3058
355.5,2026-05-06T01:20:23.429301+00:00,73.6798,0.0872,96.8024,-0.0489,0.7661,0.0,1800.0,0.0,6.3028
356.0,2026-05-06T01:20:23.929076+00:00,73.7076,0.0034,96.9638,0.0396,0.7661,0.0,1800.0,0.0,6.3014
356.5,2026-05-06T01:20:24.429008+00:00,73.4744,-0.061,96.9722,0.069,0.7661,0.0,1800.0,0.0,6.3007
357.0,2026-05-06T01:20:24.929044+00:00,73.4225,-0.1105,96.9786,0.053,0.7661,0.0,1800.0,0.0,6.3003
357.501456,2026-05-06T01:20:25.436154+00:00,73.5098,-0.085,96.8679,0.0022,0.7661,0.0,1800.0,0.0,6.3002
358.000139,2026-05-06T01:20:25.929081+00:00,73.577,-0.0653,96.7827,-0.0369,0.7661,0.0,1800.0,0.0,6.3001
358.5,2026-05-06T01:20:26.428729+00:00,73.6286,0.0771,96.833,0.0102,0.7661,0.0,1800.0,0.0,6.3512
359.0,2026-05-06T01:20:26.928739+00:00,73.6683,0.1229,96.8717,-0.0307,0.7661,0.0,1800.0,0.0,6.3762
359.5,2026-05-06T01:20:27.428939+00:00,73.6987,0.0944,96.9014,-0.0236,0.7661,0.0,1800.0,0.0,6.3372
360.0,2026-05-06T01:20:27.933725+00:00,73.5949,0.009,96.9242,-0.0181,0.7661,0.0,1800.0,0.0,6.3181
360.5,2026-05-06T01:20:28.428771+00:00,73.2606,-0.184,96.826,-0.0139,0.7661,0.0,1800.0,0.0,6.3089
361.0,2026-05-06T01:20:28.928973+00:00,73.5127,-0.0778,96.8663,0.0278,0.7661,0.0,1800.0,0.0,6.3043
361.5,2026-05-06T01:20:29.429045+00:00,73.5791,-0.0598,96.8972,0.0214,0.7661,0.0,1800.0,0.0,6.3021
362.0,2026-05-06T01:20:29.928827+00:00,73.503,-0.046,96.921,0.0165,0.7661,0.0,1800.0,0.0,6.301
362.5,2026-05-06T01:20:30.435676+00:00,73.5717,0.1556,96.8236,-0.0259,0.7661,0.0,1800.0,0.0,6.3005
363.000106,2026-05-06T01:20:30.929325+00:00,73.37,-0.0713,96.633,-0.0971,0.7661,0.0,1800.0,0.0,6.3002
363.5,2026-05-06T01:20:31.428784+00:00,73.4695,-0.0548,96.7179,-0.036,0.7661,0.0,1800.0,0.0,6.3001
364.000126,2026-05-06T01:20:31.929145+00:00,73.6732,0.0851,96.7832,-0.0277,0.7661,0.0,1800.0,0.0,6.3001
364.5,2026-05-06T01:20:32.428882+00:00,73.7026,0.0654,96.7177,-0.0599,0.7661,0.0,1800.0,0.0,6.3
365.000122,2026-05-06T01:20:32.935200+00:00,73.5979,0.1139,96.5516,-0.1231,0.7661,0.0,1800.0,0.0,6.3
365.5,2026-05-06T01:20:33.428736+00:00,73.5174,0.0239,96.424,-0.1332,0.7661,0.0,1800.0,0.0,6.3
366.0,2026-05-06T01:20:33.928761+00:00,73.4555,-0.1089,96.5573,-0.0253,0.7661,0.0,1800.0,0.0,6.3
366.5,2026-05-06T01:20:34.428798+00:00,73.5352,-0.0837,96.544,-0.058,0.7661,0.0,1800.0,0.0,6.3
367.0,2026-05-06T01:20:34.929006+00:00,73.4692,-0.0643,96.6495,-0.0446,0.7661,0.0,1800.0,0.0,6.3
367.5,2026-05-06T01:20:35.434097+00:00,73.5458,0.0142,96.7306,0.0043,0.7661,0.0,1800.0,0.0,6.3
368.0,2026-05-06T01:20:35.928917+00:00,73.7319,0.1382,96.6773,0.0419,0.7661,0.0,1800.0,0.0,6.3
368.5,2026-05-06T01:20:36.428749+00:00,73.8749,0.1698,96.6362,0.0708,0.7661,0.0,1800.0,0.0,6.3
369.0,2026-05-06T01:20:36.929114+00:00,73.8576,0.1942,96.6047,0.0158,0.7661,0.0,1800.0,0.0,6.3
369.5,2026-05-06T01:20:37.428800+00:00,73.8442,0.1492,96.5805,0.0122,0.7661,0.0,1800.0,0.0,6.3
370.0,2026-05-06T01:20:37.935362+00:00,73.834,0.0511,96.5619,-0.0292,0.7661,0.0,1800.0,0.0,6.3
370.5,2026-05-06T01:20:38.429157+00:00,73.9534,0.0393,96.6632,-0.0225,0.7661,0.0,1800.0,0.0,6.3
371.0,2026-05-06T01:20:38.928752+00:00,73.9179,0.0302,96.6255,-0.0173,0.7661,0.0,1800.0,0.0,6.3
371.5,2026-05-06T01:20:39.428810+00:00,74.0179,0.0868,96.4807,-0.0518,0.7661,0.0,1800.0,0.0,6.3
372.0,2026-05-06T01:20:39.930897+00:00,73.9675,0.0667,96.2538,-0.117,0.7661,0.0,1800.0,0.0,6.3
372.500293,2026-05-06T01:20:40.439250+00:00,73.8015,-0.076,96.4265,-0.0513,0.7661,0.0,1800.0,0.0,6.3
373.000134,2026-05-06T01:20:40.929069+00:00,73.8011,-0.0584,96.3278,-0.078,0.7661,0.0,1800.0,0.0,6.3
373.500098,2026-05-06T01:20:41.428836+00:00,73.8009,-0.1085,96.3676,-0.0985,0.7661,0.0,1800.0,0.0,6.3
374.000562,2026-05-06T01:20:41.929616+00:00,73.9279,-0.0198,96.2826,-0.1143,0.7661,0.0,1800.0,0.0,6.3
374.5,2026-05-06T01:20:42.428781+00:00,73.8983,0.0484,96.2172,-0.0879,0.7661,0.0,1800.0,0.0,6.3
375.0,2026-05-06T01:20:42.935178+00:00,73.8756,0.0372,96.1669,-0.029,0.7661,0.0,1800.0,0.0,6.3
375.5,2026-05-06T01:20:43.428765+00:00,73.9854,0.0922,96.0126,-0.138,0.7661,0.0,1800.0,0.0,6.3
376.0,2026-05-06T01:20:43.928759+00:00,73.9425,0.0073,96.0097,-0.106,0.7661,0.0,1800.0,0.0,6.3
376.5,2026-05-06T01:20:44.428738+00:00,73.9095,0.0056,96.2388,-0.0429,0.7661,0.0,1800.0,0.0,6.3
377.0,2026-05-06T01:20:44.928911+00:00,74.0114,0.0679,96.1836,-0.033,0.7661,0.0,1800.0,0.0,6.3
377.5,2026-05-06T01:20:45.433375+00:00,74.0898,0.0522,96.2568,0.0132,0.7661,0.0,1800.0,0.0,6.2488
378.0,2026-05-06T01:20:45.928934+00:00,74.0227,0.0401,96.1974,0.0101,0.7661,0.0,1800.0,0.0,6.275
378.5,2026-05-06T01:20:46.428871+00:00,74.2257,0.1581,96.2674,0.0849,0.7661,0.0,1800.0,0.0,6.2878
379.0,2026-05-06T01:20:46.928754+00:00,74.2545,0.1215,96.4369,0.1424,0.7661,0.0,1800.0,0.0,6.294
379.5,2026-05-06T01:20:47.428732+00:00,74.2766,0.0934,96.4515,0.0709,0.7661,0.0,1800.0,0.0,6.2971
380.0,2026-05-06T01:20:47.933938+00:00,74.1663,0.0718,96.2313,0.0159,0.7661,0.0,1800.0,0.0,6.2986
380.5,2026-05-06T01:20:48.428740+00:00,73.9543,-0.1357,96.4092,0.0508,0.7661,0.0,1800.0,0.0,6.2993
381.0,2026-05-06T01:20:48.928771+00:00,73.9186,-0.168,96.3145,0.039,0.7661,0.0,1800.0,0.0,6.2997
381.5,2026-05-06T01:20:49.429080+00:00,74.0184,-0.1291,96.2417,-0.0086,0.7661,0.0,1800.0,0.0,6.2998
382.0,2026-05-06T01:20:49.928933+00:00,74.0951,-0.0356,96.3015,-0.0451,0.7661,0.0,1800.0,0.0,6.2999
382.5,2026-05-06T01:20:50.436078+00:00,74.1541,0.0999,96.116,-0.1118,0.7661,0.0,1800.0,0.0,6.3
383.0,2026-05-06T01:20:50.928749+00:00,74.1994,0.1404,96.2049,-0.0088,0.7661,0.0,1800.0,0.0,6.3
383.5,2026-05-06T01:20:51.428780+00:00,73.9797,-0.0193,95.9029,-0.1688,0.7661,0.0,1800.0,0.0,6.3
384.000136,2026-05-06T01:20:51.929072+00:00,73.9381,-0.0785,96.0411,-0.0911,0.7661,0.0,1800.0,0.0,6.3
384.5,2026-05-06T01:20:52.428754+00:00,74.0335,-0.0603,96.1473,-0.0315,0.7661,0.0,1800.0,0.0,6.3
385.000618,2026-05-06T01:20:52.933358+00:00,73.9794,-0.11,95.8818,-0.1399,0.7661,0.0,1800.0,0.0,6.3
385.5,2026-05-06T01:20:53.428750+00:00,73.9379,-0.0209,96.0249,-0.0304,0.7661,0.0,1800.0,0.0,6.3
386.000847,2026-05-06T01:20:53.929703+00:00,73.906,-0.0161,96.0191,-0.0619,0.7661,0.0,1800.0,0.0,6.3
386.5,2026-05-06T01:20:54.428789+00:00,74.0087,-0.0124,96.1304,0.0758,0.7661,0.0,1800.0,0.0,6.3
387.0,2026-05-06T01:20:54.928755+00:00,74.0877,0.0541,96.2159,0.0583,0.7661,0.0,1800.0,0.0,6.3
387.5,2026-05-06T01:20:55.432926+00:00,74.2757,0.1689,96.513,0.1219,0.7661,0.0,1800.0,0.0,6.3
388.0,2026-05-06T01:20:55.928961+00:00,74.1656,0.1298,96.7414,0.2865,0.7661,0.0,1800.0,0.0,6.3
388.5,2026-05-06T01:20:56.428759+00:00,74.081,0.0361,96.917,0.2974,0.7661,0.0,1800.0,0.0,6.3
389.0,2026-05-06T01:20:56.928996+00:00,74.1432,0.0278,96.8205,0.2671,0.7661,0.0,1800.0,0.0,6.3
389.5,2026-05-06T01:20:57.428787+00:00,74.0638,-0.1059,96.7463,0.2053,0.7661,0.0,1800.0,0.0,6.3
390.0,2026-05-06T01:20:57.933463+00:00,74.0028,-0.0814,96.6893,0.1578,0.7661,0.0,1800.0,0.0,6.3
390.5,2026-05-06T01:20:58.428754+00:00,73.8286,-0.1262,96.4141,-0.033,0.7661,0.0,1800.0,0.0,6.3
391.0,2026-05-06T01:20:58.928875+00:00,74.0765,-0.0334,96.3183,-0.141,0.7661,0.0,1800.0,0.0,6.3
391.5,2026-05-06T01:20:59.428894+00:00,74.1398,0.038,96.1289,-0.2627,0.7661,0.0,1800.0,0.0,6.3
392.0,2026-05-06T01:20:59.929260+00:00,74.1884,0.0928,95.9834,-0.279,0.7661,0.0,1800.0,0.0,6.3
392.500294,2026-05-06T01:21:00.434760+00:00,74.2258,0.1986,96.2186,-0.1759,0.7661,0.0,1800.0,0.0,6.2488
393.0,2026-05-06T01:21:00.928769+00:00,74.2546,0.089,94.5482,-0.7137,0.7661,0.0,1800.0,0.0,6.275
393.5,2026-05-06T01:21:01.429032+00:00,74.2766,0.0684,95.1156,-0.4328,0.7661,0.0,1800.0,0.0,6.2878
394.0,2026-05-06T01:21:01.928753+00:00,74.2936,0.0526,95.2045,-0.3712,0.7661,0.0,1800.0,0.0,6.294
394.5,2026-05-06T01:21:02.429377+00:00,74.4339,0.1041,95.5043,-0.2082,0.7661,0.0,1800.0,0.0,6.2971
395.0,2026-05-06T01:21:02.933727+00:00,74.4145,0.08,95.7347,-0.0829,0.7661,0.0,1800.0,0.0,6.2986
395.5,2026-05-06T01:21:03.429233+00:00,74.3996,0.0615,95.7961,-0.1408,0.7661,0.0,1800.0,0.0,6.2993
396.0,2026-05-06T01:21:03.928807+00:00,74.3881,0.0472,96.0747,0.5088,0.7661,0.0,1800.0,0.0,6.2997
396.5,2026-05-06T01:21:04.428738+00:00,74.5066,0.0363,96.2888,0.3911,0.7661,0.0,1800.0,0.0,6.2998
397.0,2026-05-06T01:21:04.928752+00:00,74.3431,-0.0357,96.5691,0.4548,0.7661,0.0,1800.0,0.0,6.2999
397.5,2026-05-06T01:21:05.433870+00:00,74.4719,0.0362,96.6688,0.3882,0.7661,0.0,1800.0,0.0,6.3
398.0,2026-05-06T01:21:05.928999+00:00,74.571,0.0914,96.3983,0.2212,0.7661,0.0,1800.0,0.0,6.3
398.5,2026-05-06T01:21:06.428808+00:00,74.5199,0.0066,96.6533,0.2857,0.7661,0.0,1800.0,0.0,6.3
399.0,2026-05-06T01:21:06.928853+00:00,74.6078,0.1324,96.5021,0.1425,0.7661,0.0,1800.0,0.0,6.3
399.5,2026-05-06T01:21:07.429238+00:00,74.5482,0.0381,96.5016,0.0709,0.7661,0.0,1800.0,0.0,6.3
400.0,2026-05-06T01:21:07.933798+00:00,74.5023,-0.0343,96.3624,-0.0689,0.7661,0.0,1800.0,0.0,6.3
400.5,2026-05-06T01:21:08.428909+00:00,74.4671,-0.0264,96.3942,-0.0915,0.7661,0.0,1800.0,0.0,6.3
401.0,2026-05-06T01:21:08.928744+00:00,74.44,-0.0839,96.4187,0.0068,0.7661,0.0,1800.0,0.0,6.3
401.5,2026-05-06T01:21:09.429318+00:00,74.4192,-0.0645,96.4375,-0.0719,0.7661,0.0,1800.0,0.0,6.3
402.0,2026-05-06T01:21:09.929304+00:00,74.2759,-0.1132,96.452,-0.0167,0.7661,0.0,1800.0,0.0,6.3
402.5,2026-05-06T01:21:10.433693+00:00,74.0385,-0.2143,96.44,-0.0206,0.7661,0.0,1800.0,0.0,6.2488
403.0,2026-05-06T01:21:10.928883+00:00,73.856,-0.292,95.8753,-0.1624,0.7661,0.0,1800.0,0.0,6.275
403.500043,2026-05-06T01:21:11.428802+00:00,73.8431,-0.288,95.9042,-0.1633,0.7661,0.0,1800.0,0.0,6.2878
404.00285,2026-05-06T01:21:11.931691+00:00,73.8331,-0.2214,95.9264,-0.1641,0.7661,0.0,1800.0,0.0,6.294
404.5,2026-05-06T01:21:12.428829+00:00,73.9527,-0.0429,95.8046,-0.211,0.7661,0.0,1800.0,0.0,6.2971
405.000299,2026-05-06T01:21:12.934677+00:00,74.0446,0.0943,95.8498,-0.2007,0.7661,0.0,1800.0,0.0,6.2986
405.500218,2026-05-06T01:21:13.429020+00:00,74.2426,0.1998,95.7688,-0.2237,0.7661,0.0,1800.0,0.0,6.2993
406.000615,2026-05-06T01:21:13.929654+00:00,74.0129,0.0899,95.8223,-0.0177,0.7661,0.0,1800.0,0.0,6.2997
406.5,2026-05-06T01:21:14.428738+00:00,74.0909,0.0691,95.9791,0.025,0.7661,0.0,1800.0,0.0,6.2998
407.0,2026-05-06T01:21:14.928758+00:00,74.2781,0.1167,96.0997,0.0578,0.7661,0.0,1800.0,0.0,6.2487
407.5,2026-05-06T01:21:15.433581+00:00,74.2948,0.0261,96.1923,0.1292,0.7661,0.0,1800.0,0.0,6.2238
408.0,2026-05-06T01:21:15.928774+00:00,74.3075,0.1473,95.9164,0.0222,0.7661,0.0,1800.0,0.0,6.2628
408.5,2026-05-06T01:21:16.428753+00:00,74.0628,-0.014,96.0515,0.0942,0.7661,0.0,1800.0,0.0,6.2818
409.000223,2026-05-06T01:21:16.928983+00:00,74.002,-0.1381,96.1321,0.1033,0.7661,0.0,1800.0,0.0,6.2911
409.5,2026-05-06T01:21:17.428748+00:00,74.2098,-0.0425,95.9858,0.0022,0.7661,0.0,1800.0,0.0,6.2957
410.0,2026-05-06T01:21:17.935708+00:00,74.3695,0.031,95.9891,-0.0369,0.7661,0.0,1800.0,0.0,6.2979
410.5,2026-05-06T01:21:18.428758+00:00,74.365,0.1511,95.9916,-0.0669,0.7661,0.0,1800.0,0.0,6.299
411.0,2026-05-06T01:21:18.928757+00:00,74.3615,0.1798,95.9936,0.0257,0.7661,0.0,1800.0,0.0,6.2995
411.5,2026-05-06T01:21:19.428745+00:00,74.3589,0.0745,95.9951,-0.0188,0.7661,0.0,1800.0,0.0,6.2998
412.0,2026-05-06T01:21:19.928941+00:00,74.3568,-0.0064,95.9962,-0.0453,0.7661,0.0,1800.0,0.0,6.2999
412.5,2026-05-06T01:21:20.434916+00:00,73.9734,-0.1958,96.2285,0.0809,0.7661,0.0,1800.0,0.0,6.2999
413.0,2026-05-06T01:21:20.928743+00:00,73.806,-0.2778,95.574,-0.1384,0.7661,0.0,1800.0,0.0,6.3
413.5,2026-05-06T01:21:21.428916+00:00,73.9319,-0.2135,96.0197,0.0093,0.7661,0.0,1800.0,0.0,6.3
414.0,2026-05-06T01:21:21.928849+00:00,74.1559,-0.1004,96.0151,0.0072,0.7661,0.0,1800.0,0.0,6.3
414.5,2026-05-06T01:21:22.428767+00:00,74.2008,0.1137,96.0116,0.0055,0.7661,0.0,1800.0,0.0,6.3
415.0,2026-05-06T01:21:22.936436+00:00,74.1081,0.151,96.356,0.1199,0.7661,0.0,1800.0,0.0,6.3
415.5,2026-05-06T01:21:23.428748+00:00,73.9095,-0.0112,96.3893,0.0536,0.7661,0.0,1800.0,0.0,6.3
416.0,2026-05-06T01:21:23.929019+00:00,73.8842,-0.1359,96.5306,0.3189,0.7661,0.0,1800.0,0.0,6.3
416.5,2026-05-06T01:21:24.428956+00:00,74.1192,-0.0408,96.4079,0.1294,0.7661,0.0,1800.0,0.0,6.3
417.0,2026-05-06T01:21:24.928898+00:00,74.1726,0.0323,96.6606,0.2152,0.7661,0.0,1800.0,0.0,6.3
417.500886,2026-05-06T01:21:25.437643+00:00,74.2137,0.1521,96.5077,0.1654,0.7661,0.0,1800.0,0.0,6.3
418.0,2026-05-06T01:21:25.928759+00:00,74.118,0.1169,96.3902,0.0114,0.7661,0.0,1800.0,0.0,6.3
418.5,2026-05-06T01:21:26.428760+00:00,74.1716,0.0262,96.5313,0.0473,0.7661,0.0,1800.0,0.0,6.3
419.0,2026-05-06T01:21:26.928726+00:00,74.2129,0.0201,96.5241,-0.0022,0.7661,0.0,1800.0,0.0,6.3
419.5,2026-05-06T01:21:27.428748+00:00,74.3719,0.0791,96.6342,0.0755,0.7661,0.0,1800.0,0.0,6.3
420.0,2026-05-06T01:21:27.935665+00:00,74.3668,0.1244,96.6032,-0.0191,0.7661,0.0,1800.0,0.0,6.3
420.5,2026-05-06T01:21:28.428755+00:00,74.4902,0.1593,96.5793,0.0239,0.7661,0.0,1800.0,0.0,6.3
421.0,2026-05-06T01:21:28.928971+00:00,74.3305,0.0588,96.4452,0.0183,0.7661,0.0,1800.0,0.0,6.3
421.5,2026-05-06T01:21:29.428750+00:00,74.4623,0.0452,96.5736,0.0141,0.7661,0.0,1800.0,0.0,6.3
422.0,2026-05-06T01:21:29.928957+00:00,74.4363,0.0347,96.5566,0.0108,0.7661,0.0,1800.0,0.0,6.3
422.5,2026-05-06T01:21:30.433946+00:00,74.4163,-0.0369,96.6592,0.0083,0.7661,0.0,1800.0,0.0,6.2488
423.0,2026-05-06T01:21:30.928723+00:00,74.5283,0.0989,96.6223,0.0064,0.7661,0.0,1800.0,0.0,6.275
423.5,2026-05-06T01:21:31.428889+00:00,74.487,0.0124,96.8254,0.0821,0.7661,0.0,1800.0,0.0,6.2878
424.0,2026-05-06T01:21:31.928809+00:00,74.4553,0.0095,96.8658,0.1402,0.7661,0.0,1800.0,0.0,6.294
424.5,2026-05-06T01:21:32.428761+00:00,74.4309,0.0073,96.7812,0.0692,0.7661,0.0,1800.0,0.0,6.2971
425.000267,2026-05-06T01:21:32.938049+00:00,74.4122,-0.058,96.6004,0.0146,0.7661,0.0,1800.0,0.0,6.2986
425.500133,2026-05-06T01:21:33.429264+00:00,74.5251,0.019,96.5772,-0.0273,0.7661,0.0,1800.0,0.0,6.2993
426.0,2026-05-06T01:21:33.928738+00:00,74.4846,0.0146,96.5593,-0.021,0.7661,0.0,1800.0,0.0,6.2997
426.5,2026-05-06T01:21:34.428754+00:00,74.5807,0.0749,96.6613,-0.0547,0.7661,0.0,1800.0,0.0,6.2998
427.0,2026-05-06T01:21:34.928761+00:00,74.6546,0.1212,96.7397,-0.0421,0.7661,0.0,1800.0,0.0,6.2999
427.5,2026-05-06T01:21:35.433361+00:00,74.5841,0.0295,96.7999,0.0062,0.7661,0.0,1800.0,0.0,6.2488
428.0,2026-05-06T01:21:35.928854+00:00,74.5299,0.0227,96.8462,0.0819,0.7661,0.0,1800.0,0.0,6.275
428.5,2026-05-06T01:21:36.428825+00:00,74.7428,0.0811,96.5347,-0.0142,0.7661,0.0,1800.0,0.0,6.2878
429.0,2026-05-06T01:21:36.928794+00:00,74.6519,-0.0013,96.5267,-0.0109,0.7661,0.0,1800.0,0.0,6.294
429.5,2026-05-06T01:21:37.428761+00:00,74.7093,0.0626,96.2891,-0.1241,0.7661,0.0,1800.0,0.0,6.2971
430.0,2026-05-06T01:21:37.935520+00:00,74.4989,-0.0155,96.3148,-0.1416,0.7661,0.0,1800.0,0.0,6.2986
430.5,2026-05-06T01:21:38.429070+00:00,74.3372,-0.2028,96.3576,-0.1474,0.7661,0.0,1800.0,0.0,6.2481
431.0,2026-05-06T01:21:38.929057+00:00,74.3402,-0.1559,96.2749,-0.1904,0.7661,0.0,1800.0,0.0,6.2235
431.5,2026-05-06T01:21:39.429125+00:00,74.2152,-0.2471,96.5584,0.0079,0.7661,0.0,1800.0,0.0,6.2115
432.0,2026-05-06T01:21:39.929095+00:00,74.3736,-0.0626,96.5449,0.0061,0.7661,0.0,1800.0,0.0,6.2056
432.501437,2026-05-06T01:21:40.437079+00:00,74.4954,0.0791,96.5345,0.0818,0.7661,0.0,1800.0,0.0,6.2027
433.0,2026-05-06T01:21:40.928807+00:00,74.4618,0.0608,96.4108,0.032,0.7661,0.0,1800.0,0.0,6.2525
433.5,2026-05-06T01:21:41.428759+00:00,74.5632,0.174,96.4314,0.0246,0.7661,0.0,1800.0,0.0,6.2768
434.000001,2026-05-06T01:21:41.929055+00:00,74.6411,0.1337,96.563,0.096,0.7661,0.0,1800.0,0.0,6.2887
434.5,2026-05-06T01:21:42.428753+00:00,74.701,0.1028,96.6641,0.0353,0.7661,0.0,1800.0,0.0,6.2945
435.0,2026-05-06T01:21:42.933700+00:00,74.8743,0.2063,96.6261,0.0271,0.7661,0.0,1800.0,0.0,6.2973
435.5,2026-05-06T01:21:43.428787+00:00,74.753,0.0949,96.7127,0.0594,0.7661,0.0,1800.0,0.0,6.2987
436.0,2026-05-06T01:21:43.928867+00:00,74.6598,0.0093,96.6634,0.0842,0.7661,0.0,1800.0,0.0,6.2994
436.5,2026-05-06T01:21:44.428757+00:00,74.4608,-0.1201,96.4868,0.0184,0.7661,0.0,1800.0,0.0,6.2997
437.0,2026-05-06T01:21:44.929078+00:00,74.3079,-0.2832,96.4898,-0.0244,0.7661,0.0,1800.0,0.0,6.2998
437.5,2026-05-06T01:21:45.433867+00:00,74.4449,-0.154,96.4922,-0.0573,0.7661,0.0,1800.0,0.0,6.2487
438.0,2026-05-06T01:21:45.928889+00:00,74.4229,-0.1184,96.494,-0.044,0.7661,0.0,1800.0,0.0,6.275
438.5,2026-05-06T01:21:46.429027+00:00,74.6606,0.0999,96.1483,-0.1881,0.7661,0.0,1800.0,0.0,6.2878
439.0,2026-05-06T01:21:46.929075+00:00,74.716,0.2041,96.3454,-0.106,0.7661,0.0,1800.0,0.0,6.294
439.5,2026-05-06T01:21:47.428888+00:00,74.8858,0.2205,96.4969,0.0034,0.7661,0.0,1800.0,0.0,6.2971
440.0,2026-05-06T01:21:47.934950+00:00,74.8891,0.2331,96.3819,-0.036,0.7661,0.0,1800.0,0.0,6.3498
440.5,2026-05-06T01:21:48.429639+00:00,75.0189,0.1792,96.2935,-0.0662,0.7661,0.0,1800.0,0.0,6.3755
441.000962,2026-05-06T01:21:48.929770+00:00,74.8641,0.0741,96.3413,-0.0509,0.7661,0.0,1800.0,0.0,6.388
441.5,2026-05-06T01:21:49.428826+00:00,74.8724,-0.0067,96.0309,-0.0391,0.7661,0.0,1800.0,0.0,6.3942
442.0,2026-05-06T01:21:49.928761+00:00,74.8788,-0.0052,96.1395,-0.0686,0.7661,0.0,1800.0,0.0,6.3972
442.5,2026-05-06T01:21:50.434992+00:00,74.8837,-0.0676,96.1072,-0.1299,0.7661,0.0,1800.0,0.0,6.3986
443.0,2026-05-06T01:21:50.928741+00:00,74.8875,0.0117,95.9667,-0.1384,0.7661,0.0,1800.0,0.0,6.3993
443.5,2026-05-06T01:21:51.428864+00:00,74.8904,0.009,95.8587,-0.1449,0.7661,0.0,1800.0,0.0,6.3997
444.00016,2026-05-06T01:21:51.929269+00:00,74.8926,0.0069,95.8914,-0.15,0.7661,0.0,1800.0,0.0,6.3998
444.5,2026-05-06T01:21:52.428765+00:00,74.8943,0.0053,96.1479,0.039,0.7661,0.0,1800.0,0.0,6.3999
445.0,2026-05-06T01:21:52.933802+00:00,74.8956,0.0041,96.3451,0.0685,0.7661,0.0,1800.0,0.0,6.4
445.5,2026-05-06T01:21:53.428820+00:00,74.8966,0.0031,96.4966,0.1298,0.7661,0.0,1800.0,0.0,6.4
446.0,2026-05-06T01:21:53.928782+00:00,74.8974,0.0024,96.3817,0.1383,0.7661,0.0,1800.0,0.0,6.4
446.5,2026-05-06T01:21:54.428915+00:00,74.898,0.0019,96.5248,0.222,0.7661,0.0,1800.0,0.0,6.4
447.0,2026-05-06T01:21:54.928762+00:00,74.6439,-0.1258,96.6348,0.2478,0.7661,0.0,1800.0,0.0,6.4
447.5,2026-05-06T01:21:55.434093+00:00,74.3214,-0.2876,96.7193,0.1904,0.7661,0.0,1800.0,0.0,6.3488
448.0,2026-05-06T01:21:55.928906+00:00,74.4553,-0.2211,96.6685,0.1078,0.7661,0.0,1800.0,0.0,6.375
448.5,2026-05-06T01:21:56.428742+00:00,74.6855,-0.1063,96.051,-0.1485,0.7661,0.0,1800.0,0.0,6.3366
449.0,2026-05-06T01:21:56.928932+00:00,74.7351,0.0456,96.2706,-0.037,0.7661,0.0,1800.0,0.0,6.3179
449.5,2026-05-06T01:21:57.429176+00:00,74.7733,0.2259,96.4394,-0.0285,0.7661,0.0,1800.0,0.0,6.3087
450.0,2026-05-06T01:21:57.936663+00:00,74.8026,0.1737,96.4303,-0.0682,0.7661,0.0,1800.0,0.0,6.3043
450.5,2026-05-06T01:21:58.429261+00:00,75.0797,0.1971,96.4464,-0.091,0.7661,0.0,1800.0,0.0,6.3021
451.0,2026-05-06T01:21:58.928758+00:00,75.0381,0.1515,96.5745,-0.0313,0.7661,0.0,1800.0,0.0,6.301
451.5,2026-05-06T01:21:59.428741+00:00,74.8789,0.0528,96.5573,0.1687,0.7661,0.0,1800.0,0.0,6.3005
452.0,2026-05-06T01:21:59.928775+00:00,74.7565,-0.023,96.6597,0.1297,0.7661,0.0,1800.0,0.0,6.3002
452.5,2026-05-06T01:22:00.432842+00:00,74.7897,-0.145,96.6228,0.0611,0.7661,0.0,1800.0,0.0,6.3001
453.0,2026-05-06T01:22:00.928853+00:00,74.9425,-0.0478,96.5944,0.0547,0.7661,0.0,1800.0,0.0,6.3001
453.5,2026-05-06T01:22:01.428985+00:00,74.8054,-0.0367,96.1097,-0.1122,0.7661,0.0,1800.0,0.0,6.3
454.0,2026-05-06T01:22:01.928755+00:00,74.9546,0.099,96.2,-0.1248,0.7661,0.0,1800.0,0.0,6.3
454.5,2026-05-06T01:22:02.428753+00:00,74.9419,0.0761,96.2694,-0.0959,0.7661,0.0,1800.0,0.0,6.3
455.0,2026-05-06T01:22:02.935179+00:00,74.805,-0.0688,96.2071,-0.1509,0.7661,0.0,1800.0,0.0,6.3
455.5,2026-05-06T01:22:03.429135+00:00,75.0815,0.1381,96.2749,-0.116,0.7661,0.0,1800.0,0.0,6.3
456.0,2026-05-06T01:22:03.928730+00:00,74.9122,-0.0212,96.4427,-0.0506,0.7661,0.0,1800.0,0.0,6.3
456.5,2026-05-06T01:22:04.429271+00:00,75.0367,0.0474,96.4559,0.1154,0.7661,0.0,1800.0,0.0,6.3
457.0,2026-05-06T01:22:04.928747+00:00,75.2596,0.2273,96.4661,0.0887,0.7661,0.0,1800.0,0.0,6.3
457.5,2026-05-06T01:22:05.437638+00:00,75.1764,0.0474,96.474,0.0682,0.7661,0.0,1800.0,0.0,6.3
458.0,2026-05-06T01:22:05.928801+00:00,75.2397,0.1637,96.48,0.091,0.7661,0.0,1800.0,0.0,6.3
458.5,2026-05-06T01:22:06.428840+00:00,75.1611,0.0622,96.4846,0.0699,0.7661,0.0,1800.0,0.0,6.3
459.0,2026-05-06T01:22:06.929179+00:00,74.9734,-0.1431,96.6039,0.0537,0.7661,0.0,1800.0,0.0,6.3
459.5,2026-05-06T01:22:07.428785+00:00,74.9564,-0.11,96.6955,0.0799,0.7661,0.0,1800.0,0.0,6.3
460.001092,2026-05-06T01:22:07.935347+00:00,74.9434,-0.1482,96.5346,0.0228,0.7661,0.0,1800.0,0.0,6.3
460.5,2026-05-06T01:22:08.428808+00:00,75.0606,-0.0502,96.6423,0.0561,0.7661,0.0,1800.0,0.0,6.3
461.000203,2026-05-06T01:22:08.928954+00:00,75.1507,0.0887,96.4937,0.0046,0.7661,0.0,1800.0,0.0,6.3
461.500144,2026-05-06T01:22:09.428941+00:00,75.22,0.1318,96.6108,0.0421,0.7661,0.0,1800.0,0.0,6.3
462.0,2026-05-06T01:22:09.928766+00:00,75.2732,0.1649,96.7009,0.0323,0.7661,0.0,1800.0,0.0,6.3
462.5,2026-05-06T01:22:10.434379+00:00,75.1868,0.0631,96.7701,0.0249,0.7661,0.0,1800.0,0.0,6.3
463.0,2026-05-06T01:22:10.928916+00:00,75.2477,0.0485,96.7076,0.0577,0.7661,0.0,1800.0,0.0,6.3
463.5,2026-05-06T01:22:11.428756+00:00,75.1673,-0.0263,96.6596,0.0058,0.7661,0.0,1800.0,0.0,6.3
464.0,2026-05-06T01:22:11.928739+00:00,75.1054,-0.0839,96.4838,-0.0033,0.7661,0.0,1800.0,0.0,6.3
464.5,2026-05-06T01:22:12.429258+00:00,74.9306,-0.1281,96.6032,-0.0025,0.7661,0.0,1800.0,0.0,6.3
465.0,2026-05-06T01:22:12.933727+00:00,74.7963,-0.2257,96.5794,-0.0405,0.7661,0.0,1800.0,0.0,6.3
465.5,2026-05-06T01:22:13.428746+00:00,75.0748,-0.0462,96.561,-0.0697,0.7661,0.0,1800.0,0.0,6.3
466.0,2026-05-06T01:22:13.928993+00:00,74.7798,-0.1628,96.7783,0.0236,0.7661,0.0,1800.0,0.0,6.3
466.5,2026-05-06T01:22:14.429078+00:00,74.8076,-0.0615,96.5982,-0.0205,0.7661,0.0,1800.0,0.0,6.3
467.0,2026-05-06T01:22:14.930468+00:00,74.9563,0.08,96.6912,0.0691,0.7661,0.0,1800.0,0.0,6.3
467.5,2026-05-06T01:22:15.433607+00:00,75.0705,-0.0021,96.7626,0.0531,0.7661,0.0,1800.0,0.0,6.3
468.0,2026-05-06T01:22:15.928946+00:00,74.9038,0.062,96.7019,0.0408,0.7661,0.0,1800.0,0.0,6.3
468.5,2026-05-06T01:22:16.428754+00:00,75.1575,0.1749,96.6551,0.0314,0.7661,0.0,1800.0,0.0,6.3
469.0,2026-05-06T01:22:16.928761+00:00,75.0979,0.0708,96.3878,-0.1301,0.7661,0.0,1800.0,0.0,6.3
469.5,2026-05-06T01:22:17.428733+00:00,74.9248,-0.0729,96.2981,-0.1,0.7661,0.0,1800.0,0.0,6.3
470.0,2026-05-06T01:22:17.932882+00:00,74.7918,-0.056,96.3448,-0.1154,0.7661,0.0,1800.0,0.0,6.3
470.500455,2026-05-06T01:22:18.429197+00:00,74.9441,-0.1067,96.265,-0.1659,0.7661,0.0,1800.0,0.0,6.3
471.0,2026-05-06T01:22:18.928765+00:00,74.8066,-0.1456,96.3194,-0.1275,0.7661,0.0,1800.0,0.0,6.3
471.5,2026-05-06T01:22:19.428742+00:00,74.9555,0.0153,96.3381,-0.1057,0.7661,0.0,1800.0,0.0,6.3
472.0,2026-05-06T01:22:19.929073+00:00,74.9427,0.0754,96.2598,-0.0427,0.7661,0.0,1800.0,0.0,6.3
472.5,2026-05-06T01:22:20.433272+00:00,74.9328,-0.0057,96.1997,-0.0328,0.7661,0.0,1800.0,0.0,6.2488
473.0,2026-05-06T01:22:20.928752+00:00,75.0525,0.1229,96.1535,-0.0638,0.7661,0.0,1800.0,0.0,6.275
473.5,2026-05-06T01:22:21.428782+00:00,74.6354,-0.1601,96.4651,0.0667,0.7661,0.0,1800.0,0.0,6.2878
474.0,2026-05-06T01:22:21.928771+00:00,74.6966,-0.123,96.1261,-0.0644,0.7661,0.0,1800.0,0.0,6.294
474.5,2026-05-06T01:22:22.428956+00:00,74.7437,-0.0946,96.2126,-0.0418,0.7661,0.0,1800.0,0.0,6.2971
475.0,2026-05-06T01:22:22.936412+00:00,74.7799,-0.1363,96.3948,0.045,0.7661,0.0,1800.0,0.0,6.2986
475.5,2026-05-06T01:22:23.428762+00:00,74.8077,0.0861,96.4191,0.0731,0.7661,0.0,1800.0,0.0,6.2993
476.0,2026-05-06T01:22:23.928820+00:00,74.9563,0.1298,96.4378,0.0948,0.7661,0.0,1800.0,0.0,6.2997
476.5,2026-05-06T01:22:24.428763+00:00,75.0705,0.1634,96.4522,-0.0043,0.7661,0.0,1800.0,0.0,6.2998
477.000158,2026-05-06T01:22:24.929055+00:00,75.1583,0.1892,96.3476,0.0738,0.7661,0.0,1800.0,0.0,6.2999
477.5,2026-05-06T01:22:25.433416+00:00,75.2258,0.2091,96.3829,0.0568,0.7661,0.0,1800.0,0.0,6.2488
478.000146,2026-05-06T01:22:25.928961+00:00,75.2777,0.1607,96.41,0.0051,0.7661,0.0,1800.0,0.0,6.275
478.5,2026-05-06T01:22:26.428736+00:00,75.4448,0.1872,96.4308,0.0039,0.7661,0.0,1800.0,0.0,6.2878
479.0,2026-05-06T01:22:26.928756+00:00,75.5733,0.2075,96.2154,-0.0741,0.7661,0.0,1800.0,0.0,6.294
479.5,2026-05-06T01:22:27.429019+00:00,75.163,-0.0314,96.2813,-0.057,0.7661,0.0,1800.0,0.0,6.2971
480.0,2026-05-06T01:22:27.935304+00:00,74.9748,-0.1514,96.3319,-0.0052,0.7661,0.0,1800.0,0.0,6.2986
480.5,2026-05-06T01:22:28.428777+00:00,75.0848,-0.18,96.3708,-0.004,0.7661,0.0,1800.0,0.0,6.2993
481.0,2026-05-06T01:22:28.928747+00:00,75.1693,-0.202,96.4007,-0.0031,0.7661,0.0,1800.0,0.0,6.2997
481.5,2026-05-06T01:22:29.428719+00:00,75.2343,0.0356,96.6551,0.0748,0.7661,0.0,1800.0,0.0,6.2998
482.0,2026-05-06T01:22:29.928790+00:00,75.4114,0.2183,96.7349,0.1732,0.7661,0.0,1800.0,0.0,6.2999
482.5,2026-05-06T01:22:30.434782+00:00,75.4204,0.1678,96.5648,0.0945,0.7661,0.0,1800.0,0.0,6.2488
483.0,2026-05-06T01:22:30.928919+00:00,75.3,0.0653,96.5498,0.0726,0.7661,0.0,1800.0,0.0,6.275
483.5,2026-05-06T01:22:31.429071+00:00,75.3347,0.0502,96.4226,0.0173,0.7661,0.0,1800.0,0.0,6.2366
484.000692,2026-05-06T01:22:31.929459+00:00,75.3614,-0.025,96.3248,-0.0253,0.7661,0.0,1800.0,0.0,6.2691
484.5,2026-05-06T01:22:32.428930+00:00,75.2546,-0.0829,96.1339,-0.1737,0.7661,0.0,1800.0,0.0,6.2849
485.000306,2026-05-06T01:22:32.936138+00:00,75.0453,-0.1273,96.103,-0.2106,0.7661,0.0,1800.0,0.0,6.2926
485.5,2026-05-06T01:22:33.428777+00:00,74.7571,-0.2888,96.1948,-0.1233,0.7661,0.0,1800.0,0.0,6.2452
486.000145,2026-05-06T01:22:33.928958+00:00,74.9175,-0.222,96.3811,-0.0562,0.7661,0.0,1800.0,0.0,6.2221
486.5,2026-05-06T01:22:34.428768+00:00,74.9134,-0.1706,96.2929,-0.0432,0.7661,0.0,1800.0,0.0,6.2108
487.0,2026-05-06T01:22:34.928783+00:00,75.0376,-0.0038,96.2252,-0.0332,0.7661,0.0,1800.0,0.0,6.2053
487.5,2026-05-06T01:22:35.536642+00:00,75.0057,0.1243,96.1731,0.013,0.7661,0.0,1800.0,0.0,6.2026
488.000453,2026-05-06T01:22:35.929198+00:00,74.9813,0.0319,96.2487,0.0486,0.7661,0.0,1800.0,0.0,6.3037
488.5,2026-05-06T01:22:36.428758+00:00,74.8352,-0.0391,96.4226,0.0759,0.7661,0.0,1800.0,0.0,6.3018
489.00003,2026-05-06T01:22:36.928776+00:00,75.1047,0.0336,96.2091,-0.0574,0.7661,0.0,1800.0,0.0,6.3009
489.5,2026-05-06T01:22:37.428865+00:00,74.9301,-0.0378,96.3921,0.0331,0.7661,0.0,1800.0,0.0,6.3004
490.0,2026-05-06T01:22:37.935183+00:00,75.0504,0.0346,96.5328,0.1025,0.7661,0.0,1800.0,0.0,6.3002
490.5,2026-05-06T01:22:38.428785+00:00,75.0156,0.0902,96.5252,0.1174,0.7661,0.0,1800.0,0.0,6.3001
491.0,2026-05-06T01:22:38.928729+00:00,74.9888,-0.0579,96.6351,0.1288,0.7661,0.0,1800.0,0.0,6.3
491.5,2026-05-06T01:22:39.428767+00:00,75.2228,0.1464,96.6038,0.0604,0.7661,0.0,1800.0,0.0,6.3
492.0,2026-05-06T01:22:39.929149+00:00,75.2754,0.1125,96.5798,0.1236,0.7661,0.0,1800.0,0.0,6.3
492.501126,2026-05-06T01:22:40.438341+00:00,75.3158,0.1501,96.4456,0.0178,0.7661,0.0,1800.0,0.0,6.3
493.0,2026-05-06T01:22:40.928776+00:00,75.0923,0.0517,96.4351,-0.0326,0.7661,0.0,1800.0,0.0,6.3512
493.5,2026-05-06T01:22:41.428758+00:00,75.4296,0.1034,96.3344,-0.0636,0.7661,0.0,1800.0,0.0,6.325
494.0,2026-05-06T01:22:41.928764+00:00,75.3071,0.0158,96.4884,-0.0489,0.7661,0.0,1800.0,0.0,6.3122
494.5,2026-05-06T01:22:42.428747+00:00,75.4674,0.0758,96.4911,-0.0376,0.7661,0.0,1800.0,0.0,6.306
495.0,2026-05-06T01:22:42.934396+00:00,75.4634,0.1855,96.4932,-0.0289,0.7661,0.0,1800.0,0.0,6.3029
495.5,2026-05-06T01:22:43.428766+00:00,75.333,-0.0483,96.4947,0.0164,0.7661,0.0,1800.0,0.0,6.3014
496.0,2026-05-06T01:22:43.929024+00:00,75.2328,-0.0371,96.6117,0.0589,0.7661,0.0,1800.0,0.0,6.3007
496.5,2026-05-06T01:22:44.428760+00:00,75.2831,-0.0922,96.7015,0.1224,0.7661,0.0,1800.0,0.0,6.3003
497.0,2026-05-06T01:22:44.928742+00:00,75.449,-0.0072,96.8863,0.1326,0.7661,0.0,1800.0,0.0,6.3002
497.5,2026-05-06T01:22:45.433843+00:00,75.4492,0.0581,97.0283,0.1791,0.7661,0.0,1800.0,0.0,6.3001
498.0,2026-05-06T01:22:45.929322+00:00,75.3221,0.0447,97.0218,0.1762,0.7661,0.0,1800.0,0.0,6.3
498.5,2026-05-06T01:22:46.428868+00:00,75.2244,-0.0293,97.1324,0.2126,0.7661,0.0,1800.0,0.0,6.3
499.0,2026-05-06T01:22:46.928888+00:00,75.1494,-0.1498,96.639,0.0091,0.7661,0.0,1800.0,0.0,6.3
499.5,2026-05-06T01:22:47.429060+00:00,75.3462,-0.0515,96.6068,-0.0316,0.7661,0.0,1800.0,0.0,6.3
500.001181,2026-05-06T01:22:48.037651+00:00,75.6248,0.1513,96.5821,-0.1014,0.7661,0.0,1800.0,0.0,6.3
500.5,2026-05-06T01:22:48.428800+00:00,75.5843,0.1799,96.4474,-0.1936,0.7661,0.0,1800.0,0.0,6.3
501.0,2026-05-06T01:22:48.928741+00:00,75.5532,0.2019,96.691,-0.1103,0.7661,0.0,1800.0,0.0,6.3
501.5,2026-05-06T01:22:49.428769+00:00,75.6566,0.1552,96.7625,-0.1233,0.7661,0.0,1800.0,0.0,6.3
502.0,2026-05-06T01:22:49.928767+00:00,75.4815,-0.0716,96.9331,0.0981,0.7661,0.0,1800.0,0.0,6.3
502.5,2026-05-06T01:22:50.434204+00:00,75.0924,-0.2459,96.8329,0.0754,0.7661,0.0,1800.0,0.0,6.3
503.0,2026-05-06T01:22:50.928761+00:00,75.3024,-0.1254,96.9873,0.1351,0.7661,0.0,1800.0,0.0,6.3
503.5,2026-05-06T01:22:51.428755+00:00,75.4639,-0.0964,96.9902,0.1809,0.7661,0.0,1800.0,0.0,6.3
504.0,2026-05-06T01:22:51.929181+00:00,75.4607,-0.0104,96.7611,0.0234,0.7661,0.0,1800.0,0.0,6.3
504.5,2026-05-06T01:22:52.428756+00:00,75.4582,0.1829,96.585,-0.0592,0.7661,0.0,1800.0,0.0,6.3
505.0,2026-05-06T01:22:52.933851+00:00,75.4563,0.0769,96.5653,-0.1226,0.7661,0.0,1800.0,0.0,6.3
505.5,2026-05-06T01:22:53.428756+00:00,75.4548,-0.0045,96.5502,-0.0942,0.7661,0.0,1800.0,0.0,6.3
506.0,2026-05-06T01:22:53.929108+00:00,75.581,0.0602,96.6543,-0.111,0.7661,0.0,1800.0,0.0,6.3
506.5,2026-05-06T01:22:54.429117+00:00,75.5507,0.0462,96.6186,-0.1239,0.7661,0.0,1800.0,0.0,6.3
507.000302,2026-05-06T01:22:54.929076+00:00,75.5274,0.0355,96.8225,0.0205,0.7661,0.0,1800.0,0.0,6.3
507.50023,2026-05-06T01:22:55.434831+00:00,75.6367,0.091,96.7479,0.0543,0.7661,0.0,1800.0,0.0,6.2488
508.0,2026-05-06T01:22:55.929151+00:00,75.4663,-0.0574,96.6905,0.0417,0.7661,0.0,1800.0,0.0,6.275
508.5,2026-05-06T01:22:56.428772+00:00,75.4625,-0.0441,96.5307,-0.0065,0.7661,0.0,1800.0,0.0,6.2878
509.000169,2026-05-06T01:22:56.928965+00:00,75.4596,-0.0339,96.2922,-0.1207,0.7661,0.0,1800.0,0.0,6.294
509.5,2026-05-06T01:22:57.428794+00:00,75.4574,-0.0897,96.456,-0.0542,0.7661,0.0,1800.0,0.0,6.2971
510.0,2026-05-06T01:22:57.935435+00:00,75.5829,0.0583,96.4662,-0.1188,0.7661,0.0,1800.0,0.0,6.2986
510.5,2026-05-06T01:22:58.428969+00:00,75.6795,0.1085,96.3815,-0.1222,0.7661,0.0,1800.0,0.0,6.2481
511.0,2026-05-06T01:22:58.928766+00:00,75.7536,0.147,96.2932,-0.1325,0.7661,0.0,1800.0,0.0,6.2235
511.5,2026-05-06T01:22:59.428744+00:00,75.6834,0.113,96.341,-0.0632,0.7661,0.0,1800.0,0.0,6.2115
512.0,2026-05-06T01:22:59.928751+00:00,75.6294,0.0232,96.2621,-0.01,0.7661,0.0,1800.0,0.0,6.2056
512.5,2026-05-06T01:23:00.538444+00:00,75.7151,0.0178,96.5486,0.0309,0.7661,0.0,1800.0,0.0,6.2027
513.0,2026-05-06T01:23:00.929050+00:00,75.781,0.0137,96.5373,0.0237,0.7661,0.0,1800.0,0.0,6.2013
513.5,2026-05-06T01:23:01.429063+00:00,75.959,0.1378,96.6444,0.0876,0.7661,0.0,1800.0,0.0,6.2006
514.0,2026-05-06T01:23:01.928993+00:00,75.7139,0.0423,96.2639,-0.0098,0.7661,0.0,1800.0,0.0,6.2003
514.5,2026-05-06T01:23:02.428820+00:00,75.9074,0.0961,96.4342,0.0311,0.7661,0.0,1800.0,0.0,6.2002
515.0,2026-05-06T01:23:02.939459+00:00,75.9288,0.0739,96.4494,0.0624,0.7661,0.0,1800.0,0.0,6.2001
515.5,2026-05-06T01:23:03.428843+00:00,75.818,-0.0705,96.6925,0.048,0.7661,0.0,1800.0,0.0,6.2
516.0,2026-05-06T01:23:03.928730+00:00,75.7329,0.0095,96.648,0.0369,0.7661,0.0,1800.0,0.0,6.2
516.5,2026-05-06T01:23:04.428753+00:00,75.6674,-0.12,96.7294,0.0283,0.7661,0.0,1800.0,0.0,6.2
517.0,2026-05-06T01:23:04.928847+00:00,75.6171,-0.1559,96.6763,0.1375,0.7661,0.0,1800.0,0.0,6.2
517.5,2026-05-06T01:23:05.432962+00:00,75.7057,-0.0562,96.6355,0.0671,0.7661,0.0,1800.0,0.0,6.2
518.0,2026-05-06T01:23:05.928749+00:00,75.6465,-0.0432,96.8356,0.1287,0.7661,0.0,1800.0,0.0,6.2512
518.5,2026-05-06T01:23:06.429130+00:00,75.6011,-0.0332,96.9893,0.0989,0.7661,0.0,1800.0,0.0,6.2762
519.0,2026-05-06T01:23:06.928747+00:00,75.4388,-0.0891,96.9918,0.1146,0.7661,0.0,1800.0,0.0,6.2884
519.5,2026-05-06T01:23:07.429117+00:00,75.5687,-0.0685,96.878,0.0495,0.7661,0.0,1800.0,0.0,6.2943
520.0,2026-05-06T01:23:07.934842+00:00,75.7958,0.0746,96.7905,0.0381,0.7661,0.0,1800.0,0.0,6.2972
520.5,2026-05-06T01:23:08.429111+00:00,75.7158,0.0573,96.7233,0.0293,0.7661,0.0,1800.0,0.0,6.3498
521.0,2026-05-06T01:23:08.928761+00:00,75.7815,0.1713,96.903,0.0225,0.7661,0.0,1800.0,0.0,6.3755
521.500908,2026-05-06T01:23:09.429645+00:00,75.8321,0.1317,96.6709,-0.1061,0.7661,0.0,1800.0,0.0,6.3881
522.000202,2026-05-06T01:23:09.928946+00:00,75.8709,0.0376,96.5157,-0.1587,0.7661,0.0,1800.0,0.0,6.343
522.5002,2026-05-06T01:23:10.433833+00:00,76.0281,0.1562,96.2806,-0.1991,0.7661,0.0,1800.0,0.0,6.321
523.0,2026-05-06T01:23:10.928833+00:00,76.0216,0.12,96.4471,-0.1145,0.7661,0.0,1800.0,0.0,6.3102
523.5,2026-05-06T01:23:11.428753+00:00,75.8893,0.0286,96.2279,-0.1651,0.7661,0.0,1800.0,0.0,6.305
524.0,2026-05-06T01:23:11.928753+00:00,75.7877,-0.0416,96.2678,-0.2118,0.7661,0.0,1800.0,0.0,6.3024
524.5,2026-05-06T01:23:12.428760+00:00,75.5823,-0.2229,96.2058,-0.155,0.7661,0.0,1800.0,0.0,6.3012
525.0,2026-05-06T01:23:12.935330+00:00,75.5516,-0.235,96.2739,-0.0806,0.7661,0.0,1800.0,0.0,6.3006
525.5,2026-05-06T01:23:13.428788+00:00,75.5281,-0.1806,96.5576,0.0923,0.7661,0.0,1800.0,0.0,6.3003
526.0,2026-05-06T01:23:13.928742+00:00,75.51,-0.1388,96.5443,0.0324,0.7661,0.0,1800.0,0.0,6.3001
526.5,2026-05-06T01:23:14.429232+00:00,75.6234,0.0206,96.534,0.102,0.7661,0.0,1800.0,0.0,6.3001
527.0,2026-05-06T01:23:14.928759+00:00,75.8378,0.1431,96.5262,0.0861,0.7661,0.0,1800.0,0.0,6.3
527.5,2026-05-06T01:23:15.434227+00:00,75.8754,0.1736,96.6358,0.1433,0.7661,0.0,1800.0,0.0,6.3
528.0,2026-05-06T01:23:15.928764+00:00,75.9042,0.1971,96.7201,0.1487,0.7661,0.0,1800.0,0.0,6.3
528.5,2026-05-06T01:23:16.429177+00:00,75.9264,0.1515,96.7849,0.0757,0.7661,0.0,1800.0,0.0,6.2488
529.0,2026-05-06T01:23:16.928916+00:00,75.8161,-0.0108,96.7189,0.0582,0.7661,0.0,1800.0,0.0,6.2238
529.5,2026-05-06T01:23:17.428773+00:00,75.8587,-0.0083,96.3212,-0.071,0.7661,0.0,1800.0,0.0,6.2116
530.0,2026-05-06T01:23:17.934758+00:00,75.7641,-0.07,96.3626,-0.0545,0.7661,0.0,1800.0,0.0,6.2057
530.5,2026-05-06T01:23:18.428750+00:00,75.946,0.0098,96.2787,-0.119,0.7661,0.0,1800.0,0.0,6.254
531.0,2026-05-06T01:23:18.928787+00:00,76.0857,0.1348,96.3299,-0.1301,0.7661,0.0,1800.0,0.0,6.2775
531.5,2026-05-06T01:23:19.428760+00:00,76.1932,0.1672,96.4849,-0.1,0.7661,0.0,1800.0,0.0,6.289
532.0,2026-05-06T01:23:19.928944+00:00,76.1485,0.1922,96.6041,-0.0383,0.7661,0.0,1800.0,0.0,6.2947
532.5,2026-05-06T01:23:20.434398+00:00,76.1141,0.0841,96.3486,0.0092,0.7661,0.0,1800.0,0.0,6.2462
533.0,2026-05-06T01:23:20.928785+00:00,76.215,0.0646,96.3837,0.007,0.7661,0.0,1800.0,0.0,6.2737
533.5,2026-05-06T01:23:21.429037+00:00,76.1652,-0.014,96.2949,0.0054,0.7661,0.0,1800.0,0.0,6.2872
534.0,2026-05-06T01:23:21.929189+00:00,76.2543,0.0529,96.5737,0.0813,0.7661,0.0,1800.0,0.0,6.2937
534.5,2026-05-06T01:23:22.428751+00:00,76.1954,0.0407,96.2096,-0.0918,0.7661,0.0,1800.0,0.0,6.2969
535.0,2026-05-06T01:23:22.933523+00:00,76.2775,0.0312,96.2768,-0.1091,0.7661,0.0,1800.0,0.0,6.2985
535.5,2026-05-06T01:23:23.428841+00:00,76.3405,0.0877,96.4441,0.0318,0.7661,0.0,1800.0,0.0,6.2993
536.0,2026-05-06T01:23:23.928997+00:00,76.389,0.0674,96.3414,-0.0141,0.7661,0.0,1800.0,0.0,6.2996
536.5,2026-05-06T01:23:24.428753+00:00,76.0445,-0.0755,96.3781,0.0277,0.7661,0.0,1800.0,0.0,6.2998
537.0,2026-05-06T01:23:24.928968+00:00,76.0342,-0.1217,96.2906,-0.0944,0.7661,0.0,1800.0,0.0,6.2487
537.5,2026-05-06T01:23:25.435433+00:00,76.0263,-0.1571,96.2233,0.0046,0.7661,0.0,1800.0,0.0,6.2238
538.0,2026-05-06T01:23:25.929293+00:00,76.1475,-0.1208,95.9403,-0.1122,0.7661,0.0,1800.0,0.0,6.2628
538.5,2026-05-06T01:23:26.429236+00:00,76.1133,0.0344,95.9541,-0.1634,0.7661,0.0,1800.0,0.0,6.2818
539.0,2026-05-06T01:23:26.929684+00:00,76.2144,0.0901,95.8259,-0.1718,0.7661,0.0,1800.0,0.0,6.2911
539.500389,2026-05-06T01:23:27.429906+00:00,76.1648,0.0693,95.6116,-0.2555,0.7661,0.0,1800.0,0.0,6.2957
540.0,2026-05-06T01:23:27.934368+00:00,76.1266,-0.0104,95.9329,-0.1192,0.7661,0.0,1800.0,0.0,6.2979
540.5,2026-05-06T01:23:28.428811+00:00,76.0973,-0.008,95.9484,-0.0916,0.7661,0.0,1800.0,0.0,6.2478
541.0,2026-05-06T01:23:28.928753+00:00,76.0748,-0.0698,95.8447,-0.0319,0.7661,0.0,1800.0,0.0,6.2233
541.500145,2026-05-06T01:23:29.428964+00:00,76.0575,-0.0536,96.2277,0.0912,0.7661,0.0,1800.0,0.0,6.2114
542.0,2026-05-06T01:23:29.928755+00:00,76.1715,0.0224,96.2907,0.1549,0.7661,0.0,1800.0,0.0,6.2056
542.5,2026-05-06T01:23:30.434326+00:00,76.1318,0.0172,96.4548,0.2811,0.7661,0.0,1800.0,0.0,6.2027
543.0,2026-05-06T01:23:30.928792+00:00,76.2286,0.0769,96.4653,0.1775,0.7661,0.0,1800.0,0.0,6.2525
543.5,2026-05-06T01:23:31.428782+00:00,76.1757,0.0591,96.589,0.2135,0.7661,0.0,1800.0,0.0,6.2768
544.0,2026-05-06T01:23:31.929149+00:00,76.135,-0.0182,96.7998,0.3184,0.7661,0.0,1800.0,0.0,6.2887
544.5,2026-05-06T01:23:32.429152+00:00,76.1038,-0.014,96.499,0.0904,0.7661,0.0,1800.0,0.0,6.2945
545.0,2026-05-06T01:23:32.934397+00:00,76.0798,-0.0744,96.2679,-0.0076,0.7661,0.0,1800.0,0.0,6.2973
545.5,2026-05-06T01:23:33.428814+00:00,76.3158,0.0701,96.4373,-0.0059,0.7661,0.0,1800.0,0.0,6.2987
546.0,2026-05-06T01:23:33.929309+00:00,76.37,0.1175,96.5675,0.0341,0.7661,0.0,1800.0,0.0,6.2994
546.5,2026-05-06T01:23:34.429167+00:00,76.2844,0.0903,96.5519,-0.0124,0.7661,0.0,1800.0,0.0,6.2997
547.0,2026-05-06T01:23:34.929175+00:00,76.0913,0.0058,96.4242,-0.1252,0.7661,0.0,1800.0,0.0,6.2998
547.5,2026-05-06T01:23:35.435944+00:00,76.1975,-0.0592,96.5574,0.0195,0.7661,0.0,1800.0,0.0,6.2999
548.000124,2026-05-06T01:23:35.929166+00:00,76.279,-0.0455,96.5441,0.0921,0.7661,0.0,1800.0,0.0,6.3
548.500217,2026-05-06T01:23:36.428958+00:00,76.2145,-0.035,96.4182,-0.0064,0.7661,0.0,1800.0,0.0,6.3
549.000152,2026-05-06T01:23:36.928948+00:00,76.2921,0.1004,96.5528,-0.0049,0.7661,0.0,1800.0,0.0,6.3
549.500007,2026-05-06T01:23:37.428753+00:00,76.3518,0.0772,96.4249,-0.0423,0.7661,0.0,1800.0,0.0,6.3
550.0,2026-05-06T01:23:37.935111+00:00,76.3977,0.0593,96.6737,0.0832,0.7661,0.0,1800.0,0.0,6.3
550.5,2026-05-06T01:23:38.428926+00:00,76.4329,0.1092,96.6335,0.0254,0.7661,0.0,1800.0,0.0,6.3
551.0,2026-05-06T01:23:38.928756+00:00,76.46,0.0839,96.7183,0.0581,0.7661,0.0,1800.0,0.0,6.3
551.5,2026-05-06T01:23:39.428916+00:00,76.3536,0.0009,96.4364,0.0061,0.7661,0.0,1800.0,0.0,6.3
552.0,2026-05-06T01:23:39.928748+00:00,76.399,0.0007,96.3354,-0.0725,0.7661,0.0,1800.0,0.0,6.3
552.5,2026-05-06T01:23:40.436147+00:00,76.3067,-0.0631,96.2578,-0.0557,0.7661,0.0,1800.0,0.0,6.3
553.0,2026-05-06T01:23:40.928770+00:00,76.1084,-0.1758,96.1981,-0.1585,0.7661,0.0,1800.0,0.0,6.3
553.5,2026-05-06T01:23:41.428749+00:00,75.9561,-0.1987,96.268,-0.1218,0.7661,0.0,1800.0,0.0,6.3
554.0,2026-05-06T01:23:41.929021+00:00,75.9662,-0.2164,96.4374,-0.0936,0.7661,0.0,1800.0,0.0,6.3
554.5,2026-05-06T01:23:42.429010+00:00,75.9741,-0.1663,96.5676,0.0437,0.7661,0.0,1800.0,0.0,6.3
555.0,2026-05-06T01:23:42.938378+00:00,76.1073,-0.0006,96.6676,0.1107,0.7661,0.0,1800.0,0.0,6.3
555.5,2026-05-06T01:23:43.429592+00:00,76.337,0.1905,96.2817,0.008,0.7661,0.0,1800.0,0.0,6.3
556.000312,2026-05-06T01:23:43.929094+00:00,76.3863,0.21,96.4479,0.0833,0.7661,0.0,1800.0,0.0,6.3
556.5,2026-05-06T01:23:44.428742+00:00,76.2969,0.1614,96.46,0.064,0.7661,0.0,1800.0,0.0,6.3
557.0,2026-05-06T01:23:44.928739+00:00,76.3555,0.1241,96.3536,-0.0279,0.7661,0.0,1800.0,0.0,6.3
557.5,2026-05-06T01:23:45.434593+00:00,76.2732,-0.0319,96.3874,-0.06,0.7661,0.0,1800.0,0.0,6.2488
558.0,2026-05-06T01:23:45.928767+00:00,76.0827,-0.1518,96.0664,-0.2004,0.7661,0.0,1800.0,0.0,6.275
558.5,2026-05-06T01:23:46.428756+00:00,76.0636,-0.1167,96.1667,-0.0383,0.7661,0.0,1800.0,0.0,6.2878
559.0,2026-05-06T01:23:46.928774+00:00,76.0489,-0.1533,96.1281,-0.1066,0.7661,0.0,1800.0,0.0,6.294
559.5,2026-05-06T01:23:47.428769+00:00,76.0376,-0.1178,95.2886,-0.3905,0.7661,0.0,1800.0,0.0,6.2971
560.0,2026-05-06T01:23:47.937341+00:00,76.0289,-0.0269,95.3375,-0.3387,0.7661,0.0,1800.0,0.0,6.2986
560.5,2026-05-06T01:23:48.428754+00:00,76.2767,0.1066,95.4908,-0.2989,0.7661,0.0,1800.0,0.0,6.2993
561.000129,2026-05-06T01:23:48.929269+00:00,76.2127,0.0819,95.4929,-0.1911,0.7661,0.0,1800.0,0.0,6.2997
561.5,2026-05-06T01:23:49.428733+00:00,76.2907,0.1266,95.6103,-0.1855,0.7661,0.0,1800.0,0.0,6.2998
562.0,2026-05-06T01:23:49.928770+00:00,76.478,0.2246,95.9319,-0.0654,0.7661,0.0,1800.0,0.0,6.2999
562.5,2026-05-06T01:23:50.434819+00:00,76.3674,0.0453,96.0633,0.2582,0.7661,0.0,1800.0,0.0,6.3
563.0,2026-05-06T01:23:50.928814+00:00,76.2824,0.0348,96.1644,0.2756,0.7661,0.0,1800.0,0.0,6.3
563.5,2026-05-06T01:23:51.428760+00:00,76.217,-0.0369,96.4734,0.3275,0.7661,0.0,1800.0,0.0,6.3
564.0,2026-05-06T01:23:51.928756+00:00,76.1668,-0.1556,96.5953,0.3674,0.7661,0.0,1800.0,0.0,6.3
564.5,2026-05-06T01:23:52.428759+00:00,76.1282,-0.1196,96.4575,0.2824,0.7661,0.0,1800.0,0.0,6.3
565.0,2026-05-06T01:23:52.935407+00:00,76.2258,-0.0283,96.5831,0.2171,0.7661,0.0,1800.0,0.0,6.3
565.5,2026-05-06T01:23:53.429181+00:00,76.3008,0.0419,96.3324,0.0897,0.7661,0.0,1800.0,0.0,6.3
566.0,2026-05-06T01:23:53.928999+00:00,76.3585,0.0958,96.4869,0.1075,0.7661,0.0,1800.0,0.0,6.3
566.5,2026-05-06T01:23:54.428753+00:00,76.4028,0.1373,96.3742,-0.0331,0.7661,0.0,1800.0,0.0,6.3
567.0,2026-05-06T01:23:54.928754+00:00,76.5641,0.1692,96.519,-0.0254,0.7661,0.0,1800.0,0.0,6.3
567.5,2026-05-06T01:23:55.439042+00:00,76.5609,0.13,96.5146,0.019,0.7661,0.0,1800.0,0.0,6.2488
568.0,2026-05-06T01:23:55.928759+00:00,76.4311,0.0363,96.6269,0.0146,0.7661,0.0,1800.0,0.0,6.275
568.5,2026-05-06T01:23:56.428740+00:00,76.3313,-0.0357,96.5976,0.0884,0.7661,0.0,1800.0,0.0,6.2878
569.0,2026-05-06T01:23:56.928746+00:00,76.2547,-0.1547,96.575,0.0294,0.7661,0.0,1800.0,0.0,6.294
569.500479,2026-05-06T01:23:57.429858+00:00,76.0685,-0.2462,96.3262,-0.016,0.7661,0.0,1800.0,0.0,6.2971
570.0,2026-05-06T01:23:57.934153+00:00,76.0526,-0.1892,96.2507,-0.0894,0.7661,0.0,1800.0,0.0,6.2986
570.5,2026-05-06T01:23:58.428825+00:00,75.9132,-0.2091,96.1927,-0.1073,0.7661,0.0,1800.0,0.0,6.2993
571.0,2026-05-06T01:23:58.928745+00:00,75.9333,-0.1607,96.3795,-0.0825,0.7661,0.0,1800.0,0.0,6.2997
571.5,2026-05-06T01:23:59.428762+00:00,75.9487,-0.0599,96.2917,-0.102,0.7661,0.0,1800.0,0.0,6.2998
572.0,2026-05-06T01:23:59.928745+00:00,76.0878,0.0176,96.2242,-0.1169,0.7661,0.0,1800.0,0.0,6.2999
572.5,2026-05-06T01:24:00.435199+00:00,76.1948,0.1408,96.1723,-0.0513,0.7661,0.0,1800.0,0.0,6.2488
573.0,2026-05-06T01:24:00.928745+00:00,76.277,0.1719,96.1324,-0.0394,0.7661,0.0,1800.0,0.0,6.275
573.5,2026-05-06T01:24:01.428751+00:00,76.3402,0.1957,96.4489,0.0854,0.7661,0.0,1800.0,0.0,6.2878
574.0,2026-05-06T01:24:01.929296+00:00,76.0069,-0.0405,96.4607,0.0271,0.7661,0.0,1800.0,0.0,6.294
574.5,2026-05-06T01:24:02.428977+00:00,76.1326,-0.0311,96.5855,0.0979,0.7661,0.0,1800.0,0.0,6.2971
575.0,2026-05-06T01:24:02.936486+00:00,75.9746,-0.1512,96.6814,0.1524,0.7661,0.0,1800.0,0.0,6.2986
575.5,2026-05-06T01:24:03.428840+00:00,76.1078,-0.1162,96.7551,0.1943,0.7661,0.0,1800.0,0.0,6.2993
576.001122,2026-05-06T01:24:03.929913+00:00,76.3374,0.1652,96.6961,0.1879,0.7661,0.0,1800.0,0.0,6.2997
576.500135,2026-05-06T01:24:04.429212+00:00,76.2593,0.0634,96.6507,0.0673,0.7661,0.0,1800.0,0.0,6.2998
577.0,2026-05-06T01:24:04.928741+00:00,76.4538,0.2396,96.5001,0.0131,0.7661,0.0,1800.0,0.0,6.2999
577.5,2026-05-06T01:24:05.433993+00:00,76.6034,0.2478,96.3613,-0.0747,0.7661,0.0,1800.0,0.0,6.2488
578.00015,2026-05-06T01:24:05.928964+00:00,76.591,0.1268,96.5091,-0.0575,0.7661,0.0,1800.0,0.0,6.275
578.5,2026-05-06T01:24:06.428851+00:00,76.5815,0.1611,96.2756,-0.1599,0.7661,0.0,1800.0,0.0,6.2878
579.0,2026-05-06T01:24:06.928776+00:00,76.5742,0.0602,96.2118,-0.1614,0.7661,0.0,1800.0,0.0,6.294
579.5,2026-05-06T01:24:07.428744+00:00,76.5686,-0.0174,96.1628,-0.1626,0.7661,0.0,1800.0,0.0,6.2971
580.00047,2026-05-06T01:24:07.934048+00:00,76.5643,-0.0134,96.3565,-0.0479,0.7661,0.0,1800.0,0.0,6.2986
580.5,2026-05-06T01:24:08.428750+00:00,76.561,-0.0103,96.0195,-0.1139,0.7661,0.0,1800.0,0.0,6.2993
581.0,2026-05-06T01:24:08.928811+00:00,76.5585,-0.0079,96.2464,-0.0876,0.7661,0.0,1800.0,0.0,6.2997
581.5,2026-05-06T01:24:09.428782+00:00,76.4292,-0.0697,96.4208,0.0484,0.7661,0.0,1800.0,0.0,6.2998
582.0,2026-05-06T01:24:09.928824+00:00,76.4572,-0.0536,96.2077,-0.0014,0.7661,0.0,1800.0,0.0,6.2999
582.5,2026-05-06T01:24:10.434477+00:00,76.6059,0.0225,96.2753,0.0375,0.7661,0.0,1800.0,0.0,6.2488
583.0,2026-05-06T01:24:10.928749+00:00,76.593,0.0173,96.2116,-0.0483,0.7661,0.0,1800.0,0.0,6.275
583.5,2026-05-06T01:24:11.428745+00:00,76.4558,0.0133,96.047,0.0092,0.7661,0.0,1800.0,0.0,6.2878
584.0,2026-05-06T01:24:11.929056+00:00,76.4776,0.0102,96.1518,-0.0315,0.7661,0.0,1800.0,0.0,6.294
584.5,2026-05-06T01:24:12.428790+00:00,76.6216,0.0078,96.2324,-0.0628,0.7661,0.0,1800.0,0.0,6.2971
585.0,2026-05-06T01:24:12.933076+00:00,76.605,0.006,96.1786,-0.0097,0.7661,0.0,1800.0,0.0,6.2986
585.5,2026-05-06T01:24:13.428898+00:00,76.3378,-0.059,96.253,-0.0075,0.7661,0.0,1800.0,0.0,6.2481
586.0,2026-05-06T01:24:13.928829+00:00,76.5141,0.0183,96.0787,-0.0443,0.7661,0.0,1800.0,0.0,6.2235
586.500767,2026-05-06T01:24:14.430058+00:00,76.6497,0.0141,96.0605,0.0045,0.7661,0.0,1800.0,0.0,6.2115
587.0,2026-05-06T01:24:14.929331+00:00,76.4994,-0.0528,96.2779,0.042,0.7661,0.0,1800.0,0.0,6.2056
587.5,2026-05-06T01:24:15.437283+00:00,76.5111,0.0867,96.0979,-0.0448,0.7661,0.0,1800.0,0.0,6.2027
588.0,2026-05-06T01:24:15.928850+00:00,76.5201,0.003,96.3066,0.0427,0.7661,0.0,1800.0,0.0,6.2525
588.5,2026-05-06T01:24:16.428948+00:00,76.3997,-0.125,96.3514,0.0328,0.7661,0.0,1800.0,0.0,6.2768
589.000002,2026-05-06T01:24:16.928750+00:00,76.3072,-0.0961,96.5015,0.1409,0.7661,0.0,1800.0,0.0,6.2887
589.500448,2026-05-06T01:24:17.429196+00:00,76.4907,-0.0102,96.6168,0.1854,0.7661,0.0,1800.0,0.0,6.2945
590.0,2026-05-06T01:24:17.932885+00:00,76.6317,0.0558,96.5898,0.104,0.7661,0.0,1800.0,0.0,6.2973
590.5,2026-05-06T01:24:18.428815+00:00,76.6128,0.1065,96.8004,0.2342,0.7661,0.0,1800.0,0.0,6.2475
591.0,2026-05-06T01:24:18.928751+00:00,76.5983,0.1455,96.8466,0.18,0.7661,0.0,1800.0,0.0,6.2232
591.5,2026-05-06T01:24:19.428737+00:00,76.5871,0.0482,96.8821,0.1769,0.7661,0.0,1800.0,0.0,6.2113
592.0,2026-05-06T01:24:19.928974+00:00,76.5785,-0.0266,96.6548,0.0511,0.7661,0.0,1800.0,0.0,6.2055
592.5,2026-05-06T01:24:20.434160+00:00,76.5719,-0.0204,96.619,0.0007,0.7661,0.0,1800.0,0.0,6.2027
593.0,2026-05-06T01:24:20.928957+00:00,76.4396,-0.0793,96.7072,0.0391,0.7661,0.0,1800.0,0.0,6.2525
593.5,2026-05-06T01:24:21.428761+00:00,76.4651,-0.061,96.7749,-0.0085,0.7661,0.0,1800.0,0.0,6.2768
594.0,2026-05-06T01:24:21.928787+00:00,76.4848,-0.0469,96.7113,-0.0451,0.7661,0.0,1800.0,0.0,6.2887
594.500021,2026-05-06T01:24:22.429199+00:00,76.4999,-0.036,96.7781,-0.0347,0.7661,0.0,1800.0,0.0,6.2945
595.0,2026-05-06T01:24:22.934377+00:00,76.6387,0.0996,96.8295,0.0582,0.7661,0.0,1800.0,0.0,6.2973
595.5,2026-05-06T01:24:23.428947+00:00,76.6182,0.0765,96.9846,0.1219,0.7661,0.0,1800.0,0.0,6.2987
596.0,2026-05-06T01:24:23.928823+00:00,76.4751,-0.0048,97.1039,0.1322,0.7661,0.0,1800.0,0.0,6.2994
596.5,2026-05-06T01:24:24.428779+00:00,76.4925,-0.0037,97.1955,0.1402,0.7661,0.0,1800.0,0.0,6.2997
597.0,2026-05-06T01:24:24.928934+00:00,76.6331,-0.0028,97.0346,0.1078,0.7661,0.0,1800.0,0.0,6.2998
597.5,2026-05-06T01:24:25.435164+00:00,76.7411,0.0615,97.0266,0.0828,0.7661,0.0,1800.0,0.0,6.2487
598.0,2026-05-06T01:24:25.929046+00:00,76.8242,0.1745,96.789,-0.0135,0.7661,0.0,1800.0,0.0,6.275
598.501096,2026-05-06T01:24:26.429888+00:00,76.5062,0.0069,96.8379,-0.0489,0.7661,0.0,1800.0,0.0,6.339
599.0,2026-05-06T01:24:26.928770+00:00,76.6436,0.0053,96.8754,-0.0762,0.7661,0.0,1800.0,0.0,6.3702
599.500188,2026-05-06T01:24:27.428931+00:00,76.7492,0.004,96.7885,-0.1357,0.7661,0.0,1800.0,0.0,6.3855
600.0,2026-05-06T01:24:28.033155+00:00,76.7031,-0.0605,96.9532,-0.0271,0.7661,0.0,1800.0,0.0,6.3929
600.5,2026-05-06T01:24:28.428768+00:00,76.5404,0.0171,96.8483,-0.0594,0.7661,0.0,1800.0,0.0,6.3965
601.0,2026-05-06T01:24:28.928814+00:00,76.5426,-0.0505,96.8834,0.0315,0.7661,0.0,1800.0,0.0,6.3983
601.5,2026-05-06T01:24:29.428748+00:00,76.6716,-0.0388,96.9104,0.0242,0.7661,0.0,1800.0,0.0,6.3992
602.0,2026-05-06T01:24:29.928757+00:00,76.7707,0.0338,97.0468,0.0571,0.7661,0.0,1800.0,0.0,6.3996
602.5,2026-05-06T01:24:30.434486+00:00,76.8469,0.1533,97.036,0.0825,0.7661,0.0,1800.0,0.0,6.3486
603.000044,2026-05-06T01:24:30.929215+00:00,76.7782,0.1178,97.0277,0.0248,0.7661,0.0,1800.0,0.0,6.3237
603.5,2026-05-06T01:24:31.428985+00:00,76.7254,0.0269,96.9056,0.0191,0.7661,0.0,1800.0,0.0,6.3116
604.0,2026-05-06T01:24:31.928770+00:00,76.6848,-0.043,96.9274,0.0147,0.7661,0.0,1800.0,0.0,6.3056
604.500295,2026-05-06T01:24:32.429073+00:00,76.6536,-0.0967,96.5971,-0.1044,0.7661,0.0,1800.0,0.0,6.3028
605.0,2026-05-06T01:24:32.933961+00:00,76.6296,-0.0743,96.3432,-0.2345,0.7661,0.0,1800.0,0.0,6.3013
605.5,2026-05-06T01:24:33.428775+00:00,76.8658,0.0702,96.3795,-0.2188,0.7661,0.0,1800.0,0.0,6.3519
606.0,2026-05-06T01:24:33.928750+00:00,76.92,0.1176,96.2917,-0.2453,0.7661,0.0,1800.0,0.0,6.3765
606.5,2026-05-06T01:24:34.428754+00:00,76.9616,0.154,96.5713,-0.1114,0.7661,0.0,1800.0,0.0,6.3373
607.0,2026-05-06T01:24:34.929113+00:00,76.8664,0.1184,96.4391,-0.1628,0.7661,0.0,1800.0,0.0,6.3182
607.5,2026-05-06T01:24:35.433434+00:00,76.7932,-0.0363,96.4532,-0.048,0.7661,0.0,1800.0,0.0,6.3089
608.0,2026-05-06T01:24:35.928781+00:00,76.8642,-0.0279,96.464,0.0403,0.7661,0.0,1800.0,0.0,6.3043
608.5,2026-05-06T01:24:36.428970+00:00,76.9187,-0.0214,96.4723,0.0309,0.7661,0.0,1800.0,0.0,6.3021
609.0,2026-05-06T01:24:36.929329+00:00,76.7061,-0.0801,96.363,0.0238,0.7661,0.0,1800.0,0.0,6.301
609.5,2026-05-06T01:24:37.428758+00:00,76.67,-0.0616,96.3947,-0.0589,0.7661,0.0,1800.0,0.0,6.3005
610.0,2026-05-06T01:24:37.937026+00:00,76.7695,-0.0473,96.3034,-0.0452,0.7661,0.0,1800.0,0.0,6.3002
610.5,2026-05-06T01:24:38.428752+00:00,76.846,-0.0364,96.2332,-0.0733,0.7661,0.0,1800.0,0.0,6.3001
611.0,2026-05-06T01:24:38.929250+00:00,76.7775,0.0357,96.1792,-0.0949,0.7661,0.0,1800.0,0.0,6.3001
611.5,2026-05-06T01:24:39.428729+00:00,76.7249,0.0274,96.2535,-0.073,0.7661,0.0,1800.0,0.0,6.3
612.0,2026-05-06T01:24:39.928988+00:00,76.5571,-0.1062,96.3105,-0.0175,0.7661,0.0,1800.0,0.0,6.3
612.5,2026-05-06T01:24:40.434526+00:00,76.4282,-0.2089,96.2387,-0.052,0.7661,0.0,1800.0,0.0,6.3
613.0,2026-05-06T01:24:40.929193+00:00,76.5837,-0.0969,96.2991,-0.0014,0.7661,0.0,1800.0,0.0,6.3
613.5,2026-05-06T01:24:41.429023+00:00,76.4486,-0.1381,96.2299,-0.0011,0.7661,0.0,1800.0,0.0,6.3
614.000301,2026-05-06T01:24:41.929086+00:00,76.4721,-0.0425,96.4081,0.0763,0.7661,0.0,1800.0,0.0,6.3
614.5,2026-05-06T01:24:42.428774+00:00,76.4901,0.0309,96.198,-0.0185,0.7661,0.0,1800.0,0.0,6.3
615.0,2026-05-06T01:24:42.934908+00:00,76.504,-0.0398,96.1522,-0.0528,0.7661,0.0,1800.0,0.0,6.3
615.5,2026-05-06T01:24:43.428749+00:00,76.6419,0.0966,96.117,-0.0406,0.7661,0.0,1800.0,0.0,6.3
616.0,2026-05-06T01:24:43.929321+00:00,76.7479,0.1379,96.2056,-0.0312,0.7661,0.0,1800.0,0.0,6.3
616.5,2026-05-06T01:24:44.429079+00:00,76.8294,0.1696,96.0423,-0.0625,0.7661,0.0,1800.0,0.0,6.3
617.0,2026-05-06T01:24:44.928772+00:00,76.892,0.194,96.0325,-0.1252,0.7661,0.0,1800.0,0.0,6.3
617.501633,2026-05-06T01:24:45.435381+00:00,76.8129,0.0855,95.9093,-0.0962,0.7661,0.0,1800.0,0.0,6.3
618.001568,2026-05-06T01:24:45.930366+00:00,76.752,0.0021,96.046,-0.0354,0.7661,0.0,1800.0,0.0,6.3
618.5,2026-05-06T01:24:46.428771+00:00,76.8326,0.0016,95.9196,-0.0658,0.7661,0.0,1800.0,0.0,6.3
619.0,2026-05-06T01:24:46.928750+00:00,76.7672,-0.0624,95.9382,-0.0891,0.7661,0.0,1800.0,0.0,6.3
619.5,2026-05-06T01:24:47.428843+00:00,76.7169,-0.048,95.9525,-0.0299,0.7661,0.0,1800.0,0.0,6.3
620.0,2026-05-06T01:24:47.935110+00:00,76.8056,0.0268,95.9635,-0.023,0.7661,0.0,1800.0,0.0,6.3
620.5,2026-05-06T01:24:48.428775+00:00,76.7464,-0.0431,96.0877,0.0595,0.7661,0.0,1800.0,0.0,6.3
621.0,2026-05-06T01:24:48.928748+00:00,76.5737,-0.0967,96.2988,0.0843,0.7661,0.0,1800.0,0.0,6.3
621.5,2026-05-06T01:24:49.428755+00:00,76.6955,-0.0107,96.2296,0.1033,0.7661,0.0,1800.0,0.0,6.2488
622.0,2026-05-06T01:24:49.928746+00:00,76.7891,-0.0082,96.4079,0.1566,0.7661,0.0,1800.0,0.0,6.2238
622.5,2026-05-06T01:24:50.435389+00:00,76.6065,-0.07,96.3135,0.1203,0.7661,0.0,1800.0,0.0,6.2116
623.0,2026-05-06T01:24:50.928961+00:00,76.7207,0.0735,96.241,0.0925,0.7661,0.0,1800.0,0.0,6.2569
623.5,2026-05-06T01:24:51.428796+00:00,76.5539,-0.0708,96.3009,0.0711,0.7661,0.0,1800.0,0.0,6.279
624.0,2026-05-06T01:24:51.928775+00:00,76.8076,0.0092,96.3238,0.0084,0.7661,0.0,1800.0,0.0,6.2897
624.5,2026-05-06T01:24:52.428986+00:00,76.748,0.0707,96.2489,0.0064,0.7661,0.0,1800.0,0.0,6.295
625.0,2026-05-06T01:24:52.934285+00:00,76.7022,-0.0093,96.307,-0.0336,0.7661,0.0,1800.0,0.0,6.2976
625.5,2026-05-06T01:24:53.428991+00:00,76.6669,0.0565,96.1203,-0.0644,0.7661,0.0,1800.0,0.0,6.2988
626.0,2026-05-06T01:24:53.928927+00:00,76.6399,-0.0838,96.2081,-0.0109,0.7661,0.0,1800.0,0.0,6.2994
626.5,2026-05-06T01:24:54.428749+00:00,76.7464,-0.0008,96.0443,-0.0855,0.7661,0.0,1800.0,0.0,6.2997
627.001095,2026-05-06T01:24:54.932881+00:00,76.5736,-0.0643,96.1497,-0.058,0.7661,0.0,1800.0,0.0,6.2999
627.5,2026-05-06T01:24:55.435311+00:00,76.5682,-0.0494,96.1151,-0.0446,0.7661,0.0,1800.0,0.0,6.2999
628.000281,2026-05-06T01:24:55.929061+00:00,76.564,-0.038,96.0885,-0.0729,0.7661,0.0,1800.0,0.0,6.3
628.5,2026-05-06T01:24:56.428747+00:00,76.8153,0.0345,96.1837,0.0211,0.7661,0.0,1800.0,0.0,6.3
629.0,2026-05-06T01:24:56.928741+00:00,76.8812,0.1538,96.1412,-0.0223,0.7661,0.0,1800.0,0.0,6.3
629.50021,2026-05-06T01:24:57.429095+00:00,76.8045,0.1182,96.1085,0.0214,0.7661,0.0,1800.0,0.0,6.3
630.0,2026-05-06T01:24:57.933328+00:00,76.8729,0.1545,96.1991,0.0165,0.7661,0.0,1800.0,0.0,6.3
630.5,2026-05-06T01:24:58.428760+00:00,76.9255,0.0551,96.153,0.0126,0.7661,0.0,1800.0,0.0,6.3
631.0,2026-05-06T01:24:58.928747+00:00,76.8386,-0.0213,96.1176,0.0097,0.7661,0.0,1800.0,0.0,6.3
631.5,2026-05-06T01:24:59.428751+00:00,76.8991,0.0473,96.3218,0.046,0.7661,0.0,1800.0,0.0,6.3
632.0,2026-05-06T01:24:59.928737+00:00,77.0728,0.1,96.2473,0.0354,0.7661,0.0,1800.0,0.0,6.3
632.5,2026-05-06T01:25:00.433555+00:00,76.9518,0.0132,96.4215,0.1043,0.7661,0.0,1800.0,0.0,6.3
633.0,2026-05-06T01:25:00.928764+00:00,76.9861,0.0738,96.5554,0.1188,0.7661,0.0,1800.0,0.0,6.3
633.5,2026-05-06T01:25:01.429027+00:00,76.6307,-0.1342,96.6583,0.1684,0.7661,0.0,1800.0,0.0,6.3
634.0,2026-05-06T01:25:01.928731+00:00,76.7393,-0.1668,96.6216,0.168,0.7661,0.0,1800.0,0.0,6.3
634.5,2026-05-06T01:25:02.429133+00:00,76.5682,-0.1918,96.4778,0.052,0.7661,0.0,1800.0,0.0,6.3
635.0,2026-05-06T01:25:02.933971+00:00,76.6913,-0.1474,96.4829,0.0785,0.7661,0.0,1800.0,0.0,6.3
635.5,2026-05-06T01:25:03.429373+00:00,76.9131,0.1412,96.3712,-0.0168,0.7661,0.0,1800.0,0.0,6.3
636.000659,2026-05-06T01:25:03.929434+00:00,77.0836,0.1722,96.5167,-0.0129,0.7661,0.0,1800.0,0.0,6.3
636.5,2026-05-06T01:25:04.428746+00:00,77.0874,0.2596,96.5128,-0.0485,0.7661,0.0,1800.0,0.0,6.3
637.0,2026-05-06T01:25:04.928735+00:00,77.0903,0.1995,96.3942,-0.0758,0.7661,0.0,1800.0,0.0,6.3
637.5,2026-05-06T01:25:05.434823+00:00,77.0926,0.0897,96.2798,-0.066,0.7661,0.0,1800.0,0.0,6.2488
638.0,2026-05-06T01:25:05.928772+00:00,76.967,-0.0583,96.2151,-0.0893,0.7661,0.0,1800.0,0.0,6.275
638.5,2026-05-06T01:25:06.428772+00:00,77.1251,0.0188,96.1653,-0.0686,0.7661,0.0,1800.0,0.0,6.2878
639.0,2026-05-06T01:25:06.928747+00:00,76.992,-0.0492,96.2427,-0.0913,0.7661,0.0,1800.0,0.0,6.294
639.5,2026-05-06T01:25:07.428932+00:00,77.1443,0.0258,96.3023,-0.0702,0.7661,0.0,1800.0,0.0,6.2971
640.0,2026-05-06T01:25:07.933111+00:00,77.134,0.0835,96.348,-0.0154,0.7661,0.0,1800.0,0.0,6.2986
640.5,2026-05-06T01:25:08.428789+00:00,77.1261,0.0005,96.3832,0.0345,0.7661,0.0,1800.0,0.0,6.2993
641.0,2026-05-06T01:25:08.928758+00:00,77.2474,0.1277,96.4102,0.0651,0.7661,0.0,1800.0,0.0,6.2997
641.5,2026-05-06T01:25:09.428773+00:00,77.2133,0.0345,96.6624,0.1657,0.7661,0.0,1800.0,0.0,6.2998
642.0,2026-05-06T01:25:09.928812+00:00,77.0598,-0.0371,96.6248,0.1274,0.7661,0.0,1800.0,0.0,6.2999
642.500835,2026-05-06T01:25:10.435021+00:00,77.3236,0.0987,96.5959,0.0979,0.7661,0.0,1800.0,0.0,6.3
643.0,2026-05-06T01:25:10.929162+00:00,77.5264,0.1395,96.6894,0.1138,0.7661,0.0,1800.0,0.0,6.3
643.500131,2026-05-06T01:25:11.429092+00:00,77.555,0.1709,96.7613,0.126,0.7661,0.0,1800.0,0.0,6.3
644.000259,2026-05-06T01:25:11.929434+00:00,77.3225,0.1313,96.8165,0.1354,0.7661,0.0,1800.0,0.0,6.3
644.5,2026-05-06T01:25:12.428753+00:00,77.5255,0.1009,96.7433,0.027,0.7661,0.0,1800.0,0.0,6.3
645.0,2026-05-06T01:25:12.936159+00:00,77.4271,-0.0497,96.687,0.0207,0.7661,0.0,1800.0,0.0,6.3
645.5,2026-05-06T01:25:13.428793+00:00,77.3514,-0.1018,96.528,-0.0226,0.7661,0.0,1800.0,0.0,6.3
646.0,2026-05-06T01:25:13.928789+00:00,77.2932,-0.0146,96.6372,-0.0174,0.7661,0.0,1800.0,0.0,6.3
646.5,2026-05-06T01:25:14.429060+00:00,77.3758,-0.0749,96.6055,-0.0519,0.7661,0.0,1800.0,0.0,6.3
647.0,2026-05-06T01:25:14.929191+00:00,77.312,-0.0575,96.8125,-0.0014,0.7661,0.0,1800.0,0.0,6.3
647.5,2026-05-06T01:25:15.433529+00:00,77.2629,-0.0442,96.6245,-0.0396,0.7661,0.0,1800.0,0.0,6.3
648.0,2026-05-06T01:25:15.928851+00:00,77.2252,-0.034,96.5957,-0.0304,0.7661,0.0,1800.0,0.0,6.3
648.5,2026-05-06T01:25:16.428788+00:00,77.1962,-0.0898,96.4578,-0.0234,0.7661,0.0,1800.0,0.0,6.3
649.0,2026-05-06T01:25:16.928732+00:00,77.174,-0.069,96.3519,-0.0951,0.7661,0.0,1800.0,0.0,6.3
649.5,2026-05-06T01:25:17.428765+00:00,77.2841,0.0106,96.3862,-0.0731,0.7661,0.0,1800.0,0.0,6.3
650.0,2026-05-06T01:25:17.938250+00:00,77.2415,0.0082,96.4125,-0.1333,0.7661,0.0,1800.0,0.0,6.3
650.5,2026-05-06T01:25:18.429139+00:00,77.336,0.0699,96.2013,-0.141,0.7661,0.0,1800.0,0.0,6.3
651.000321,2026-05-06T01:25:18.929097+00:00,77.4087,0.1174,96.3862,-0.0698,0.7661,0.0,1800.0,0.0,6.3
651.500139,2026-05-06T01:25:19.429130+00:00,77.5918,0.1538,96.2737,-0.0614,0.7661,0.0,1800.0,0.0,6.3
652.000135,2026-05-06T01:25:19.929246+00:00,77.478,0.1182,96.2103,-0.0472,0.7661,0.0,1800.0,0.0,6.3
652.5,2026-05-06T01:25:20.434736+00:00,77.5178,0.0909,96.2774,-0.0363,0.7661,0.0,1800.0,0.0,6.2488
653.0,2026-05-06T01:25:20.928765+00:00,77.6757,0.1335,96.3289,-0.0279,0.7661,0.0,1800.0,0.0,6.275
653.5,2026-05-06T01:25:21.428842+00:00,77.6697,0.039,96.2528,0.0171,0.7661,0.0,1800.0,0.0,6.2878
654.000453,2026-05-06T01:25:21.929198+00:00,77.7924,0.1572,96.31,-0.0254,0.7661,0.0,1800.0,0.0,6.294
654.5,2026-05-06T01:25:22.428885+00:00,77.6322,0.0572,96.2383,-0.0118,0.7661,0.0,1800.0,0.0,6.2971
655.0,2026-05-06T01:25:22.934954+00:00,77.509,-0.0833,96.5302,0.1066,0.7661,0.0,1800.0,0.0,6.2986
655.5,2026-05-06T01:25:23.428771+00:00,77.2871,-0.1913,96.6389,0.1205,0.7661,0.0,1800.0,0.0,6.2993
656.0,2026-05-06T01:25:23.928761+00:00,77.3711,-0.2107,96.7225,0.1312,0.7661,0.0,1800.0,0.0,6.2997
656.5,2026-05-06T01:25:24.428748+00:00,77.3084,-0.1619,96.7867,0.178,0.7661,0.0,1800.0,0.0,6.2998
657.0,2026-05-06T01:25:24.929331+00:00,77.2601,-0.1245,96.8361,0.1754,0.7661,0.0,1800.0,0.0,6.2999
657.5,2026-05-06T01:25:25.437179+00:00,77.3504,0.0316,96.7583,0.1733,0.7661,0.0,1800.0,0.0,6.2488
658.0,2026-05-06T01:25:25.928730+00:00,77.4197,0.0243,96.4671,-0.021,0.7661,0.0,1800.0,0.0,6.275
658.5,2026-05-06T01:25:26.428830+00:00,77.473,0.0823,96.2433,-0.1319,0.7661,0.0,1800.0,0.0,6.2366
659.000294,2026-05-06T01:25:26.929081+00:00,77.2594,-0.0004,96.3027,-0.1399,0.7661,0.0,1800.0,0.0,6.2179
659.500137,2026-05-06T01:25:27.429239+00:00,77.0953,-0.1276,96.2327,-0.1847,0.7661,0.0,1800.0,0.0,6.2087
660.0,2026-05-06T01:25:27.934512+00:00,76.9691,-0.2253,96.2945,-0.1805,0.7661,0.0,1800.0,0.0,6.2043
660.5,2026-05-06T01:25:28.428937+00:00,76.9994,-0.2368,96.4578,-0.1002,0.7661,0.0,1800.0,0.0,6.2021
661.0,2026-05-06T01:25:28.928754+00:00,76.8954,-0.182,96.4675,0.0001,0.7661,0.0,1800.0,0.0,6.201
661.5,2026-05-06T01:25:29.428742+00:00,77.07,-0.0126,96.4751,0.0772,0.7661,0.0,1800.0,0.0,6.2005
662.0,2026-05-06T01:25:29.928938+00:00,77.2042,0.1176,96.3651,0.0208,0.7661,0.0,1800.0,0.0,6.2002
662.5,2026-05-06T01:25:30.434231+00:00,77.3074,0.154,96.3963,0.0546,0.7661,0.0,1800.0,0.0,6.2001
663.0,2026-05-06T01:25:30.928990+00:00,77.2594,0.182,96.4203,0.0419,0.7661,0.0,1800.0,0.0,6.2513
663.5,2026-05-06T01:25:31.428748+00:00,77.2225,0.0762,96.5545,0.0322,0.7661,0.0,1800.0,0.0,6.2762
664.0,2026-05-06T01:25:31.928757+00:00,77.3214,0.0586,96.4262,-0.0138,0.7661,0.0,1800.0,0.0,6.2884
664.5,2026-05-06T01:25:32.428786+00:00,77.3975,0.045,96.4432,-0.0106,0.7661,0.0,1800.0,0.0,6.2943
665.0,2026-05-06T01:25:32.934694+00:00,77.3286,0.0346,96.6878,0.1075,0.7661,0.0,1800.0,0.0,6.2972
665.5,2026-05-06T01:25:33.428749+00:00,77.2757,0.0266,96.6443,0.0827,0.7661,0.0,1800.0,0.0,6.2987
666.0,2026-05-06T01:25:33.929153+00:00,77.3623,0.0205,96.4952,0.025,0.7661,0.0,1800.0,0.0,6.2993
666.501424,2026-05-06T01:25:34.430380+00:00,77.3016,-0.0479,96.612,0.0192,0.7661,0.0,1800.0,0.0,6.2997
667.0,2026-05-06T01:25:34.928744+00:00,77.255,-0.0368,96.7018,0.0919,0.7661,0.0,1800.0,0.0,6.2998
667.500007,2026-05-06T01:25:35.434564+00:00,77.2191,-0.0283,96.7708,0.1092,0.7661,0.0,1800.0,0.0,6.2999
668.0,2026-05-06T01:25:35.928767+00:00,77.1915,-0.0854,96.7081,0.0068,0.7661,0.0,1800.0,0.0,6.3
668.5,2026-05-06T01:25:36.428766+00:00,77.2976,-0.002,96.66,0.0052,0.7661,0.0,1800.0,0.0,6.3
669.0,2026-05-06T01:25:36.928740+00:00,76.9974,-0.1288,96.7387,0.0811,0.7661,0.0,1800.0,0.0,6.3
669.5,2026-05-06T01:25:37.428898+00:00,77.1484,-0.0354,96.7991,0.0624,0.7661,0.0,1800.0,0.0,6.3
670.0,2026-05-06T01:25:37.936208+00:00,77.0099,-0.0908,96.6142,-0.0292,0.7661,0.0,1800.0,0.0,6.3
670.5,2026-05-06T01:25:38.429097+00:00,77.158,-0.0698,96.5878,-0.061,0.7661,0.0,1800.0,0.0,6.3
671.0,2026-05-06T01:25:38.928806+00:00,77.1446,0.0736,96.6832,-0.0083,0.7661,0.0,1800.0,0.0,6.3
671.5,2026-05-06T01:25:39.429171+00:00,77.007,-0.0707,96.7565,0.0322,0.7661,0.0,1800.0,0.0,6.3
672.0,2026-05-06T01:25:39.928975+00:00,77.0285,0.0093,96.6971,-0.0138,0.7661,0.0,1800.0,0.0,6.3
672.5,2026-05-06T01:25:40.438113+00:00,77.0451,-0.0565,96.6515,-0.0492,0.7661,0.0,1800.0,0.0,6.3
673.0,2026-05-06T01:25:40.928757+00:00,77.0578,-0.0434,96.6165,0.0007,0.7661,0.0,1800.0,0.0,6.3
673.5,2026-05-06T01:25:41.428769+00:00,76.9403,-0.0334,96.5895,0.0006,0.7661,0.0,1800.0,0.0,6.3
674.000103,2026-05-06T01:25:41.928848+00:00,77.1045,0.038,96.4531,-0.0767,0.7661,0.0,1800.0,0.0,6.3
674.5,2026-05-06T01:25:42.428732+00:00,76.9762,-0.0344,96.3251,-0.1438,0.7661,0.0,1800.0,0.0,6.3
675.0,2026-05-06T01:25:42.933471+00:00,76.8776,-0.0901,96.2499,-0.1491,0.7661,0.0,1800.0,0.0,6.3
675.5,2026-05-06T01:25:43.428732+00:00,77.0563,0.058,96.0764,-0.1917,0.7661,0.0,1800.0,0.0,6.3
676.0,2026-05-06T01:25:43.928772+00:00,77.1937,0.0446,96.1744,-0.1474,0.7661,0.0,1800.0,0.0,6.3
676.5,2026-05-06T01:25:44.428743+00:00,77.2993,0.1615,96.2497,-0.1133,0.7661,0.0,1800.0,0.0,6.3
677.0,2026-05-06T01:25:44.928756+00:00,77.2532,0.1878,96.3076,-0.0485,0.7661,0.0,1800.0,0.0,6.3
677.5,2026-05-06T01:25:45.433109+00:00,77.345,0.1443,96.4679,0.0476,0.7661,0.0,1800.0,0.0,6.3
678.0,2026-05-06T01:25:45.928827+00:00,77.2883,0.0473,96.7067,0.1523,0.7661,0.0,1800.0,0.0,6.3
678.5,2026-05-06T01:25:46.429253+00:00,77.372,0.0364,96.7746,0.2327,0.7661,0.0,1800.0,0.0,6.3
679.0,2026-05-06T01:25:46.928749+00:00,77.0545,-0.0993,96.711,0.1789,0.7661,0.0,1800.0,0.0,6.3
679.5,2026-05-06T01:25:47.429035+00:00,77.065,-0.14,96.7779,0.1761,0.7661,0.0,1800.0,0.0,6.3
680.0,2026-05-06T01:25:47.935877+00:00,77.0731,-0.1076,96.7136,0.1353,0.7661,0.0,1800.0,0.0,6.3
680.500561,2026-05-06T01:25:48.430111+00:00,76.9521,-0.21,96.7799,0.104,0.7661,0.0,1800.0,0.0,6.3
681.0,2026-05-06T01:25:48.930410+00:00,76.9863,-0.0341,96.8308,0.0414,0.7661,0.0,1800.0,0.0,6.3
681.5,2026-05-06T01:25:49.428736+00:00,77.1399,0.0374,96.87,0.0318,0.7661,0.0,1800.0,0.0,6.3
682.000145,2026-05-06T01:25:49.928961+00:00,77.3852,0.156,96.9,0.063,0.7661,0.0,1800.0,0.0,6.3
682.5,2026-05-06T01:25:50.433991+00:00,77.5737,0.3108,96.9232,0.0484,0.7661,0.0,1800.0,0.0,6.3
683.0,2026-05-06T01:25:50.928737+00:00,77.5914,0.3025,96.8253,0.0372,0.7661,0.0,1800.0,0.0,6.3
683.5,2026-05-06T01:25:51.428751+00:00,77.605,0.2325,96.8657,0.0286,0.7661,0.0,1800.0,0.0,6.3
684.0,2026-05-06T01:25:51.928816+00:00,77.4881,0.0515,96.6654,-0.0551,0.7661,0.0,1800.0,0.0,6.3
684.500168,2026-05-06T01:25:52.428932+00:00,77.5256,-0.0241,96.8585,-0.0038,0.7661,0.0,1800.0,0.0,6.3
685.0,2026-05-06T01:25:52.935829+00:00,77.5544,-0.0185,96.521,-0.1263,0.7661,0.0,1800.0,0.0,6.3
685.5,2026-05-06T01:25:53.429078+00:00,77.7038,0.0494,96.5161,-0.1357,0.7661,0.0,1800.0,0.0,6.3
686.0,2026-05-06T01:25:53.928760+00:00,77.6913,0.1016,96.6281,-0.0657,0.7661,0.0,1800.0,0.0,6.3
686.5,2026-05-06T01:25:54.428868+00:00,77.809,0.1417,96.5985,-0.0891,0.7661,0.0,1800.0,0.0,6.3
687.0,2026-05-06T01:25:54.929098+00:00,77.7722,0.1089,96.46,-0.0685,0.7661,0.0,1800.0,0.0,6.3
687.5,2026-05-06T01:25:55.434076+00:00,77.7439,0.0201,96.4692,-0.1298,0.7661,0.0,1800.0,0.0,6.3
688.0,2026-05-06T01:25:55.928813+00:00,77.7222,0.0154,96.4764,-0.0149,0.7661,0.0,1800.0,0.0,6.3
688.5,2026-05-06T01:25:56.428761+00:00,77.451,-0.179,96.4587,-0.0192,0.7661,0.0,1800.0,0.0,6.3
689.0,2026-05-06T01:25:56.928749+00:00,77.1152,-0.3285,96.4682,-0.0533,0.7661,0.0,1800.0,0.0,6.3
689.5,2026-05-06T01:25:57.429320+00:00,77.239,-0.2525,96.4756,-0.041,0.7661,0.0,1800.0,0.0,6.3
690.0,2026-05-06T01:25:57.935813+00:00,77.2068,-0.2577,96.5969,0.0457,0.7661,0.0,1800.0,0.0,6.3
690.5,2026-05-06T01:25:58.429075+00:00,77.3094,-0.0708,96.5514,0.0274,0.7661,0.0,1800.0,0.0,6.3512
691.0,2026-05-06T01:25:58.928745+00:00,77.3882,0.1365,96.7709,0.0982,0.7661,0.0,1800.0,0.0,6.3762
691.5,2026-05-06T01:25:59.428815+00:00,77.576,0.1685,96.7082,0.0832,0.7661,0.0,1800.0,0.0,6.3884
692.0,2026-05-06T01:25:59.928742+00:00,77.5932,0.1932,96.7757,0.1025,0.7661,0.0,1800.0,0.0,6.3943
692.5,2026-05-06T01:26:00.437607+00:00,77.6063,0.1485,96.4805,0.0016,0.7661,0.0,1800.0,0.0,6.346
693.0,2026-05-06T01:26:00.929211+00:00,77.7437,0.1778,96.6007,0.0013,0.7661,0.0,1800.0,0.0,6.3737
693.5,2026-05-06T01:26:01.428781+00:00,77.4675,-0.0543,96.4617,-0.0299,0.7661,0.0,1800.0,0.0,6.3871
694.0,2026-05-06T01:26:01.928833+00:00,77.3824,-0.1054,96.5863,-0.0615,0.7661,0.0,1800.0,0.0,6.3937
694.5,2026-05-06T01:26:02.428939+00:00,77.3171,-0.1446,96.5663,-0.0473,0.7661,0.0,1800.0,0.0,6.3457
695.0,2026-05-06T01:26:02.935024+00:00,77.3941,-0.1748,96.4353,-0.1135,0.7661,0.0,1800.0,0.0,6.3223
695.5,2026-05-06T01:26:03.428898+00:00,77.5806,0.0566,96.3345,-0.0487,0.7661,0.0,1800.0,0.0,6.3109
696.0,2026-05-06T01:26:03.928787+00:00,77.4694,0.0435,96.3728,-0.076,0.7661,0.0,1800.0,0.0,6.3053
696.501037,2026-05-06T01:26:04.429835+00:00,77.5112,0.0971,96.518,0.0187,0.7661,0.0,1800.0,0.0,6.3026
697.0,2026-05-06T01:26:04.928764+00:00,77.5433,0.0746,96.5138,-0.0242,0.7661,0.0,1800.0,0.0,6.3013
697.5,2026-05-06T01:26:05.433447+00:00,77.568,-0.0063,96.5106,-0.0186,0.7661,0.0,1800.0,0.0,6.3006
698.000162,2026-05-06T01:26:05.928984+00:00,77.4597,-0.0048,96.485,0.0166,0.7661,0.0,1800.0,0.0,6.3003
698.5,2026-05-06T01:26:06.428760+00:00,77.3765,-0.0674,96.2571,-0.0258,0.7661,0.0,1800.0,0.0,6.3001
699.0,2026-05-06T01:26:06.929100+00:00,77.1852,-0.179,96.3133,-0.0198,0.7661,0.0,1800.0,0.0,6.3001
699.500129,2026-05-06T01:26:07.428893+00:00,77.1655,-0.2012,96.2408,-0.0924,0.7661,0.0,1800.0,0.0,6.3
700.0,2026-05-06T01:26:07.933227+00:00,77.4049,-0.0274,96.4165,-0.0324,0.7661,0.0,1800.0,0.0,6.3
700.5,2026-05-06T01:26:08.428754+00:00,77.4616,0.0426,96.6672,0.0522,0.7661,0.0,1800.0,0.0,6.3
701.000001,2026-05-06T01:26:08.929229+00:00,77.5052,0.16,96.5128,0.0093,0.7661,0.0,1800.0,0.0,6.3
701.5,2026-05-06T01:26:09.428755+00:00,77.5387,0.1866,96.3941,0.0457,0.7661,0.0,1800.0,0.0,6.3
702.0,2026-05-06T01:26:09.928954+00:00,77.6917,0.1434,96.3029,-0.0035,0.7661,0.0,1800.0,0.0,6.3
702.5,2026-05-06T01:26:10.433134+00:00,77.5548,0.0466,96.1171,-0.0412,0.7661,0.0,1800.0,0.0,6.3
703.0,2026-05-06T01:26:10.928797+00:00,77.3223,-0.0915,96.2057,-0.0702,0.7661,0.0,1800.0,0.0,6.3
703.5,2026-05-06T01:26:11.428801+00:00,77.2709,-0.1339,96.2738,-0.1311,0.7661,0.0,1800.0,0.0,6.3
704.0,2026-05-06T01:26:11.929116+00:00,77.3586,-0.1666,96.3262,-0.0622,0.7661,0.0,1800.0,0.0,6.3
704.5,2026-05-06T01:26:12.428851+00:00,77.426,-0.0644,96.2507,-0.0478,0.7661,0.0,1800.0,0.0,6.3
705.0,2026-05-06T01:26:12.935644+00:00,77.7324,0.205,96.1927,-0.0368,0.7661,0.0,1800.0,0.0,6.3
705.5,2026-05-06T01:26:13.429067+00:00,77.8406,0.2849,96.0324,-0.0282,0.7661,0.0,1800.0,0.0,6.3
706.0,2026-05-06T01:26:13.928778+00:00,77.9238,0.2826,96.1406,-0.0217,0.7661,0.0,1800.0,0.0,6.3
706.5,2026-05-06T01:26:14.428829+00:00,77.7331,0.1536,96.1081,-0.0553,0.7661,0.0,1800.0,0.0,6.3
707.000217,2026-05-06T01:26:14.928965+00:00,77.7139,-0.0092,96.1988,-0.0425,0.7661,0.0,1800.0,0.0,6.3
707.5,2026-05-06T01:26:15.434465+00:00,77.5718,-0.1344,96.3842,0.0445,0.7661,0.0,1800.0,0.0,6.2488
708.0,2026-05-06T01:26:15.928750+00:00,77.7172,-0.1033,96.5267,0.1113,0.7661,0.0,1800.0,0.0,6.275
708.5,2026-05-06T01:26:16.428763+00:00,77.8289,0.0479,96.5205,0.1627,0.7661,0.0,1800.0,0.0,6.2878
709.000024,2026-05-06T01:26:16.928778+00:00,77.7875,0.0368,96.6083,0.1559,0.7661,0.0,1800.0,0.0,6.294
709.5,2026-05-06T01:26:17.429080+00:00,77.7557,0.0919,96.5833,0.1584,0.7661,0.0,1800.0,0.0,6.2971
710.0,2026-05-06T01:26:17.934991+00:00,77.604,-0.0566,96.6797,0.1603,0.7661,0.0,1800.0,0.0,6.2986
710.5,2026-05-06T01:26:18.428767+00:00,77.6146,-0.1072,96.291,-0.0311,0.7661,0.0,1800.0,0.0,6.2993
711.0,2026-05-06T01:26:18.929081+00:00,77.6228,-0.0824,96.2237,-0.101,0.7661,0.0,1800.0,0.0,6.2997
711.5,2026-05-06T01:26:19.428755+00:00,77.6291,-0.0633,96.1719,-0.1162,0.7661,0.0,1800.0,0.0,6.2998
712.0,2026-05-06T01:26:19.928918+00:00,77.8885,0.1423,96.1321,-0.1587,0.7661,0.0,1800.0,0.0,6.2999
712.5,2026-05-06T01:26:20.434752+00:00,77.8333,0.1093,96.333,-0.0834,0.7661,0.0,1800.0,0.0,6.2488
713.0,2026-05-06T01:26:20.929329+00:00,77.7909,0.084,96.3716,-0.1027,0.7661,0.0,1800.0,0.0,6.275
713.5,2026-05-06T01:26:21.429010+00:00,77.7583,0.0646,96.517,0.0753,0.7661,0.0,1800.0,0.0,6.2878
714.000307,2026-05-06T01:26:21.929084+00:00,77.7332,-0.0776,96.5131,0.0965,0.7661,0.0,1800.0,0.0,6.294
714.500113,2026-05-06T01:26:22.428858+00:00,77.8412,0.004,96.6258,0.1513,0.7661,0.0,1800.0,0.0,6.2971
715.0,2026-05-06T01:26:22.937351+00:00,77.797,0.0031,96.481,0.1163,0.7661,0.0,1800.0,0.0,6.2986
715.5,2026-05-06T01:26:23.428771+00:00,77.8902,0.066,96.4854,0.0508,0.7661,0.0,1800.0,0.0,6.2993
716.0,2026-05-06T01:26:23.928766+00:00,77.8346,0.0507,96.6044,0.0776,0.7661,0.0,1800.0,0.0,6.2997
716.5,2026-05-06T01:26:24.428911+00:00,77.7919,-0.0247,96.696,0.0597,0.7661,0.0,1800.0,0.0,6.2998
717.0,2026-05-06T01:26:24.928921+00:00,77.6318,-0.0826,96.6506,0.0458,0.7661,0.0,1800.0,0.0,6.2999
717.5,2026-05-06T01:26:25.439425+00:00,77.5087,-0.1907,96.8472,0.0738,0.7661,0.0,1800.0,0.0,6.3
718.0,2026-05-06T01:26:25.928746+00:00,77.4142,-0.2102,96.7668,0.0953,0.7661,0.0,1800.0,0.0,6.3
718.5,2026-05-06T01:26:26.429384+00:00,77.4687,-0.1616,96.9365,0.1504,0.7661,0.0,1800.0,0.0,6.3
719.0,2026-05-06T01:26:26.929250+00:00,77.5107,-0.0606,96.9512,0.1156,0.7661,0.0,1800.0,0.0,6.3
719.5,2026-05-06T01:26:27.428764+00:00,77.4156,-0.0466,96.9625,0.0888,0.7661,0.0,1800.0,0.0,6.3
720.000138,2026-05-06T01:26:27.935709+00:00,77.4699,0.0279,96.8555,0.0683,0.7661,0.0,1800.0,0.0,6.3
720.500107,2026-05-06T01:26:28.428859+00:00,77.5116,0.0214,96.7732,-0.0247,0.7661,0.0,1800.0,0.0,6.3
721.0,2026-05-06T01:26:28.928765+00:00,77.6709,0.0801,96.8257,0.0196,0.7661,0.0,1800.0,0.0,6.3
721.5,2026-05-06T01:26:29.428738+00:00,77.5388,0.0616,96.7272,-0.0698,0.7661,0.0,1800.0,0.0,6.3
722.0,2026-05-06T01:26:29.928904+00:00,77.5645,0.0473,96.7903,-0.0536,0.7661,0.0,1800.0,0.0,6.3
722.5,2026-05-06T01:26:30.435096+00:00,77.7116,0.1,96.6074,-0.1183,0.7661,0.0,1800.0,0.0,6.3
723.0,2026-05-06T01:26:30.928723+00:00,77.3155,-0.1777,96.4669,-0.1295,0.7661,0.0,1800.0,0.0,6.3
723.5,2026-05-06T01:26:31.428746+00:00,77.1384,-0.2002,96.7059,-0.0224,0.7661,0.0,1800.0,0.0,6.3
724.0,2026-05-06T01:26:31.928970+00:00,77.2568,-0.1539,96.8897,0.0213,0.7661,0.0,1800.0,0.0,6.3
724.5,2026-05-06T01:26:32.429228+00:00,77.475,-0.1183,96.9152,0.0627,0.7661,0.0,1800.0,0.0,6.3
725.0,2026-05-06T01:26:32.937026+00:00,77.3882,0.0364,96.8191,0.0096,0.7661,0.0,1800.0,0.0,6.3
725.501171,2026-05-06T01:26:33.429966+00:00,77.5761,0.2189,96.7221,0.0382,0.7661,0.0,1800.0,0.0,6.3
726.000144,2026-05-06T01:26:33.929086+00:00,77.7205,0.2318,96.6707,0.068,0.7661,0.0,1800.0,0.0,6.3
726.5,2026-05-06T01:26:34.428726+00:00,77.7042,0.1146,96.6081,-0.0326,0.7661,0.0,1800.0,0.0,6.2488
727.0,2026-05-06T01:26:34.928742+00:00,77.8189,0.2153,96.6988,-0.0636,0.7661,0.0,1800.0,0.0,6.2238
727.5,2026-05-06T01:26:35.434511+00:00,78.0344,0.2291,96.5371,-0.126,0.7661,0.0,1800.0,0.0,6.2116
728.0,2026-05-06T01:26:35.928819+00:00,77.9454,0.1125,96.5285,-0.0969,0.7661,0.0,1800.0,0.0,6.2569
728.5,2026-05-06T01:26:36.428776+00:00,77.7498,0.0228,96.6376,-0.0282,0.7661,0.0,1800.0,0.0,6.279
729.0,2026-05-06T01:26:36.928755+00:00,77.854,0.0175,96.7215,0.0169,0.7661,0.0,1800.0,0.0,6.2897
729.5,2026-05-06T01:26:37.428803+00:00,77.8068,-0.1138,96.7859,0.0593,0.7661,0.0,1800.0,0.0,6.295
730.0,2026-05-06T01:26:37.933984+00:00,77.8978,-0.0238,96.9512,0.0841,0.7661,0.0,1800.0,0.0,6.2976
730.5,2026-05-06T01:26:38.429118+00:00,77.9677,0.109,96.8468,0.1032,0.7661,0.0,1800.0,0.0,6.2988
731.0,2026-05-06T01:26:38.929109+00:00,78.0215,0.0837,96.8822,0.1179,0.7661,0.0,1800.0,0.0,6.2994
731.501117,2026-05-06T01:26:39.429904+00:00,77.9355,0.0644,96.6781,0.0135,0.7661,0.0,1800.0,0.0,6.2997
732.0,2026-05-06T01:26:39.928769+00:00,77.7422,-0.0778,96.6369,-0.0282,0.7661,0.0,1800.0,0.0,6.2999
732.500894,2026-05-06T01:26:40.436113+00:00,77.8481,-0.0598,96.6052,-0.0602,0.7661,0.0,1800.0,0.0,6.2999
733.0,2026-05-06T01:26:40.928738+00:00,77.9295,-0.046,96.4652,-0.162,0.7661,0.0,1800.0,0.0,6.3512
733.5,2026-05-06T01:26:41.428731+00:00,77.8649,-0.0353,96.3575,-0.1631,0.7661,0.0,1800.0,0.0,6.325
734.0,2026-05-06T01:26:41.928742+00:00,77.9424,0.1001,96.5062,-0.1253,0.7661,0.0,1800.0,0.0,6.3122
734.5,2026-05-06T01:26:42.428720+00:00,77.8747,0.0133,96.6205,-0.0192,0.7661,0.0,1800.0,0.0,6.3059
735.0,2026-05-06T01:26:42.933027+00:00,77.8227,-0.0534,96.5926,-0.0148,0.7661,0.0,1800.0,0.0,6.3029
735.5,2026-05-06T01:26:43.428770+00:00,77.91,0.0226,96.6869,0.0272,0.7661,0.0,1800.0,0.0,6.3014
736.0,2026-05-06T01:26:43.929082+00:00,77.8499,-0.0463,96.875,0.1366,0.7661,0.0,1800.0,0.0,6.3007
736.5,2026-05-06T01:26:44.428845+00:00,77.8036,-0.0356,96.7882,0.1436,0.7661,0.0,1800.0,0.0,6.3003
737.0,2026-05-06T01:26:44.928970+00:00,77.7681,-0.0273,96.8372,0.1104,0.7661,0.0,1800.0,0.0,6.3002
737.5,2026-05-06T01:26:45.433851+00:00,77.7407,-0.0846,96.8749,0.0848,0.7661,0.0,1800.0,0.0,6.3001
738.0,2026-05-06T01:26:45.928774+00:00,77.7197,-0.0651,96.6725,0.0266,0.7661,0.0,1800.0,0.0,6.3
738.5,2026-05-06T01:26:46.429006+00:00,77.7036,-0.05,96.5168,-0.0567,0.7661,0.0,1800.0,0.0,6.3
739.0,2026-05-06T01:26:46.930402+00:00,77.6912,-0.0384,96.5129,-0.1207,0.7661,0.0,1800.0,0.0,6.3
739.5,2026-05-06T01:26:47.428762+00:00,77.6817,-0.0295,96.51,-0.0928,0.7661,0.0,1800.0,0.0,6.3
740.0,2026-05-06T01:26:48.035396+00:00,77.8016,0.0409,96.3919,-0.1484,0.7661,0.0,1800.0,0.0,6.3
740.5,2026-05-06T01:26:48.428790+00:00,77.7665,0.0315,96.5327,-0.1141,0.7661,0.0,1800.0,0.0,6.3
741.0,2026-05-06T01:26:48.928763+00:00,77.7396,0.0242,96.6408,-0.0106,0.7661,0.0,1800.0,0.0,6.3
741.5,2026-05-06T01:26:49.428843+00:00,77.5916,-0.0451,96.7239,0.069,0.7661,0.0,1800.0,0.0,6.3
742.0,2026-05-06T01:26:49.928754+00:00,77.7324,-0.0346,96.5564,0.0145,0.7661,0.0,1800.0,0.0,6.3
742.5,2026-05-06T01:26:50.434971+00:00,77.8406,0.037,96.4277,-0.0274,0.7661,0.0,1800.0,0.0,6.3
743.0,2026-05-06T01:26:50.928797+00:00,77.6692,-0.0352,96.4444,0.0175,0.7661,0.0,1800.0,0.0,6.3
743.5,2026-05-06T01:26:51.428760+00:00,77.6648,0.0366,96.573,0.0134,0.7661,0.0,1800.0,0.0,6.3
744.0,2026-05-06T01:26:51.929004+00:00,77.7886,0.0281,96.7875,0.0489,0.7661,0.0,1800.0,0.0,6.3
744.5,2026-05-06T01:26:52.428759+00:00,77.8838,0.0216,96.721,-0.001,0.7661,0.0,1800.0,0.0,6.3
745.0,2026-05-06T01:26:52.934703+00:00,77.7024,0.0166,96.6698,0.0378,0.7661,0.0,1800.0,0.0,6.3
745.500005,2026-05-06T01:26:53.428778+00:00,77.6903,0.0128,96.7462,0.1062,0.7661,0.0,1800.0,0.0,6.3
746.001149,2026-05-06T01:26:53.929925+00:00,77.681,-0.0538,96.6893,0.0816,0.7661,0.0,1800.0,0.0,6.3
746.5,2026-05-06T01:26:54.428758+00:00,77.6738,-0.105,96.7612,0.0627,0.7661,0.0,1800.0,0.0,6.3
747.000098,2026-05-06T01:26:54.928832+00:00,77.6683,-0.0171,96.585,-0.0675,0.7661,0.0,1800.0,0.0,6.3
747.5,2026-05-06T01:26:55.434116+00:00,77.7913,0.0505,96.5422,-0.0596,0.7661,0.0,1800.0,0.0,6.3
748.000832,2026-05-06T01:26:55.929869+00:00,77.8859,0.1025,96.4167,-0.0844,0.7661,0.0,1800.0,0.0,6.3
748.500011,2026-05-06T01:26:56.428761+00:00,77.9586,0.1424,96.3203,-0.142,0.7661,0.0,1800.0,0.0,6.3
749.000151,2026-05-06T01:26:56.928974+00:00,77.8872,0.1094,96.1305,-0.1863,0.7661,0.0,1800.0,0.0,6.3
749.5,2026-05-06T01:26:57.428769+00:00,77.8323,0.0205,96.1003,-0.2203,0.7661,0.0,1800.0,0.0,6.3
750.0,2026-05-06T01:26:57.934559+00:00,77.7901,-0.0479,96.0771,-0.1693,0.7661,0.0,1800.0,0.0,6.3
750.5,2026-05-06T01:26:58.428752+00:00,77.885,-0.0368,95.9435,-0.1996,0.7661,0.0,1800.0,0.0,6.3
751.0,2026-05-06T01:26:58.928749+00:00,77.9579,0.0353,96.188,-0.0762,0.7661,0.0,1800.0,0.0,6.3
751.5,2026-05-06T01:26:59.428736+00:00,78.0139,0.0908,96.3759,0.0185,0.7661,0.0,1800.0,0.0,6.3
752.0,2026-05-06T01:26:59.928941+00:00,77.8024,0.0062,96.4046,0.0914,0.7661,0.0,1800.0,0.0,6.3
752.5,2026-05-06T01:27:00.435797+00:00,77.8944,0.0047,96.4267,0.1088,0.7661,0.0,1800.0,0.0,6.2488
753.0,2026-05-06T01:27:00.928750+00:00,77.7106,-0.1236,96.4437,0.1222,0.7661,0.0,1800.0,0.0,6.275
753.5,2026-05-06T01:27:01.428867+00:00,77.8238,-0.095,96.4567,0.171,0.7661,0.0,1800.0,0.0,6.2878
754.0,2026-05-06T01:27:01.928734+00:00,77.7836,-0.0094,96.5593,0.1238,0.7661,0.0,1800.0,0.0,6.294
754.5,2026-05-06T01:27:02.428749+00:00,77.7527,-0.0709,96.5456,0.0566,0.7661,0.0,1800.0,0.0,6.2971
755.0,2026-05-06T01:27:02.936422+00:00,77.6017,-0.0545,96.535,0.0435,0.7661,0.0,1800.0,0.0,6.2986
755.500903,2026-05-06T01:27:03.429672+00:00,77.3583,-0.2328,96.4112,-0.0052,0.7661,0.0,1800.0,0.0,6.2993
756.000132,2026-05-06T01:27:03.929138+00:00,77.2985,-0.2425,96.5475,0.0346,0.7661,0.0,1800.0,0.0,6.2997
756.5,2026-05-06T01:27:04.428736+00:00,77.3799,-0.1864,96.5365,0.0266,0.7661,0.0,1800.0,0.0,6.2998
757.0,2026-05-06T01:27:04.928748+00:00,77.5696,-0.016,96.6437,0.0282,0.7661,0.0,1800.0,0.0,6.3511
757.5,2026-05-06T01:27:05.433918+00:00,77.7155,0.1786,96.6105,0.0216,0.7661,0.0,1800.0,0.0,6.3761
758.0,2026-05-06T01:27:05.928748+00:00,77.8276,0.2645,96.4692,-0.0219,0.7661,0.0,1800.0,0.0,6.3884
758.5,2026-05-06T01:27:06.428821+00:00,77.9138,0.267,96.592,0.0603,0.7661,0.0,1800.0,0.0,6.3943
759.0,2026-05-06T01:27:06.928790+00:00,77.7255,0.0779,96.6864,0.0463,0.7661,0.0,1800.0,0.0,6.3972
759.5,2026-05-06T01:27:07.428964+00:00,77.5807,-0.0674,96.5276,-0.003,0.7661,0.0,1800.0,0.0,6.3986
760.0,2026-05-06T01:27:07.934111+00:00,77.724,-0.0518,96.4055,-0.0794,0.7661,0.0,1800.0,0.0,6.3993
760.5,2026-05-06T01:27:08.428761+00:00,77.8342,-0.0398,96.5431,-0.0225,0.7661,0.0,1800.0,0.0,6.3997
761.0,2026-05-06T01:27:08.928776+00:00,77.7916,0.033,96.4174,-0.0173,0.7661,0.0,1800.0,0.0,6.3998
761.5,2026-05-06T01:27:09.428754+00:00,77.8861,0.1527,96.4365,-0.0518,0.7661,0.0,1800.0,0.0,6.3999
762.0,2026-05-06T01:27:09.928813+00:00,77.8314,0.0537,96.3355,-0.117,0.7661,0.0,1800.0,0.0,6.4
762.5,2026-05-06T01:27:10.433393+00:00,78.044,0.1049,96.4893,-0.0128,0.7661,0.0,1800.0,0.0,6.3488
763.0,2026-05-06T01:27:10.929120+00:00,77.9528,0.0806,96.4918,0.0287,0.7661,0.0,1800.0,0.0,6.3238
763.5,2026-05-06T01:27:11.428772+00:00,77.8828,-0.0017,96.6094,0.0221,0.7661,0.0,1800.0,0.0,6.3116
764.000291,2026-05-06T01:27:11.929071+00:00,77.8289,-0.0013,96.4684,0.017,0.7661,0.0,1800.0,0.0,6.3057
764.5,2026-05-06T01:27:12.428750+00:00,77.7875,-0.1283,96.4757,0.0131,0.7661,0.0,1800.0,0.0,6.3028
765.0,2026-05-06T01:27:12.934486+00:00,77.7557,-0.0986,96.2499,-0.0285,0.7661,0.0,1800.0,0.0,6.3014
765.5,2026-05-06T01:27:13.428774+00:00,77.8585,-0.0121,96.4235,-0.0219,0.7661,0.0,1800.0,0.0,6.3519
766.0,2026-05-06T01:27:13.928755+00:00,78.0648,0.1179,96.5569,0.0217,0.7661,0.0,1800.0,0.0,6.3765
766.5,2026-05-06T01:27:14.428756+00:00,77.9688,0.0907,96.428,-0.0604,0.7661,0.0,1800.0,0.0,6.3885
767.0,2026-05-06T01:27:14.928758+00:00,77.6405,-0.0576,96.5604,0.0307,0.7661,0.0,1800.0,0.0,6.3944
767.5,2026-05-06T01:27:15.434885+00:00,77.77,-0.0443,96.6621,0.0621,0.7661,0.0,1800.0,0.0,6.3461
768.0,2026-05-06T01:27:15.928923+00:00,77.8695,-0.0977,96.6246,0.1249,0.7661,0.0,1800.0,0.0,6.3737
768.5,2026-05-06T01:27:16.428789+00:00,78.0732,0.0522,96.5958,0.0574,0.7661,0.0,1800.0,0.0,6.336
769.0,2026-05-06T01:27:16.928744+00:00,78.2298,0.2947,96.6893,0.0441,0.7661,0.0,1800.0,0.0,6.3175
769.5,2026-05-06T01:27:17.428991+00:00,78.0957,0.1628,96.4141,-0.0046,0.7661,0.0,1800.0,0.0,6.3086
770.0,2026-05-06T01:27:17.935676+00:00,78.1198,0.1252,96.2951,-0.0884,0.7661,0.0,1800.0,0.0,6.3042
770.5,2026-05-06T01:27:18.429080+00:00,78.1384,0.0326,96.3425,-0.1065,0.7661,0.0,1800.0,0.0,6.3532
771.0,2026-05-06T01:27:18.928757+00:00,78.0254,-0.1022,96.2633,-0.1204,0.7661,0.0,1800.0,0.0,6.3772
771.5,2026-05-06T01:27:19.429164+00:00,78.0658,-0.0149,96.3181,-0.0926,0.7661,0.0,1800.0,0.0,6.3889
772.0,2026-05-06T01:27:19.928761+00:00,78.0968,-0.0115,96.3602,-0.1097,0.7661,0.0,1800.0,0.0,6.3946
772.5,2026-05-06T01:27:20.435644+00:00,77.8662,-0.1361,96.0454,-0.1229,0.7661,0.0,1800.0,0.0,6.3461
773.0,2026-05-06T01:27:20.928806+00:00,77.8161,-0.1046,96.0349,-0.0867,0.7661,0.0,1800.0,0.0,6.3225
773.5,2026-05-06T01:27:21.428742+00:00,77.7777,-0.144,96.0268,-0.1052,0.7661,0.0,1800.0,0.0,6.311
774.000219,2026-05-06T01:27:21.929290+00:00,77.6209,-0.238,96.252,-0.0038,0.7661,0.0,1800.0,0.0,6.3054
774.5,2026-05-06T01:27:22.428773+00:00,77.5003,-0.1829,96.3094,-0.0029,0.7661,0.0,1800.0,0.0,6.3026
775.0,2026-05-06T01:27:22.933309+00:00,77.535,-0.1406,96.3535,-0.0022,0.7661,0.0,1800.0,0.0,6.3013
775.5,2026-05-06T01:27:23.428795+00:00,77.6889,-0.0444,96.5031,0.1526,0.7661,0.0,1800.0,0.0,6.3006
776.0,2026-05-06T01:27:23.928778+00:00,77.9344,0.1568,96.4792,0.1481,0.7661,0.0,1800.0,0.0,6.3003
776.5,2026-05-06T01:27:24.428838+00:00,78.1231,0.3114,96.3683,0.1138,0.7661,0.0,1800.0,0.0,6.3001
777.000186,2026-05-06T01:27:24.928954+00:00,78.0137,0.2393,96.6302,0.1261,0.7661,0.0,1800.0,0.0,6.3001
777.5,2026-05-06T01:27:25.434759+00:00,78.0568,0.184,96.4844,0.0583,0.7661,0.0,1800.0,0.0,6.3
778.0,2026-05-06T01:27:25.928905+00:00,78.2172,0.1414,96.3723,0.0063,0.7661,0.0,1800.0,0.0,6.3
778.5,2026-05-06T01:27:26.428974+00:00,78.0859,-0.0186,96.4018,-0.0338,0.7661,0.0,1800.0,0.0,6.3
779.0,2026-05-06T01:27:26.928864+00:00,78.2396,0.113,96.3089,-0.0568,0.7661,0.0,1800.0,0.0,6.3
779.500789,2026-05-06T01:27:27.430289+00:00,77.9759,-0.0404,96.2142,-0.0514,0.7661,0.0,1800.0,0.0,6.3
780.0,2026-05-06T01:27:27.936261+00:00,77.9005,-0.1584,96.1647,-0.1552,0.7661,0.0,1800.0,0.0,6.3
780.5,2026-05-06T01:27:28.429267+00:00,77.7153,-0.1853,96.2423,-0.0807,0.7661,0.0,1800.0,0.0,6.3
781.0,2026-05-06T01:27:28.928760+00:00,77.8274,-0.2061,96.3019,-0.0235,0.7661,0.0,1800.0,0.0,6.3
781.5,2026-05-06T01:27:29.428727+00:00,77.9136,-0.0311,96.5791,0.0591,0.7661,0.0,1800.0,0.0,6.3
782.0,2026-05-06T01:27:29.928773+00:00,78.1072,0.1033,96.5377,0.0763,0.7661,0.0,1800.0,0.0,6.3
782.5,2026-05-06T01:27:30.436200+00:00,78.1287,0.2067,96.4133,0.0663,0.7661,0.0,1800.0,0.0,6.3
783.0,2026-05-06T01:27:30.928744+00:00,78.0179,0.0952,96.4333,0.0896,0.7661,0.0,1800.0,0.0,6.3
783.5,2026-05-06T01:27:31.428794+00:00,78.1873,0.1368,96.4488,0.0688,0.7661,0.0,1800.0,0.0,6.3
784.0,2026-05-06T01:27:31.928787+00:00,78.063,-0.0221,96.4606,0.0529,0.7661,0.0,1800.0,0.0,6.3
784.5,2026-05-06T01:27:32.428868+00:00,78.2219,0.0466,96.5854,0.0021,0.7661,0.0,1800.0,0.0,6.3
785.000107,2026-05-06T01:27:32.935254+00:00,78.0896,0.0359,96.7971,0.0865,0.7661,0.0,1800.0,0.0,6.3
785.5,2026-05-06T01:27:33.428786+00:00,78.1151,-0.0361,96.7283,0.105,0.7661,0.0,1800.0,0.0,6.3
786.0,2026-05-06T01:27:33.928852+00:00,78.2621,0.0995,96.7912,0.1193,0.7661,0.0,1800.0,0.0,6.3
786.5,2026-05-06T01:27:34.428839+00:00,78.2477,0.0129,96.9552,0.1688,0.7661,0.0,1800.0,0.0,6.3
787.0,2026-05-06T01:27:34.928802+00:00,78.3639,0.1372,96.9656,0.1683,0.7661,0.0,1800.0,0.0,6.3
787.5,2026-05-06T01:27:35.434795+00:00,78.1987,0.0418,96.8578,0.0908,0.7661,0.0,1800.0,0.0,6.3
788.0,2026-05-06T01:27:35.928734+00:00,78.0717,-0.0952,96.8907,0.0312,0.7661,0.0,1800.0,0.0,6.3
788.5,2026-05-06T01:27:36.428804+00:00,78.2287,-0.0095,96.8003,0.024,0.7661,0.0,1800.0,0.0,6.3
789.0,2026-05-06T01:27:36.928755+00:00,78.3493,-0.0073,96.9622,0.057,0.7661,0.0,1800.0,0.0,6.3
789.5,2026-05-06T01:27:37.428835+00:00,78.442,0.1217,96.8553,-0.0333,0.7661,0.0,1800.0,0.0,6.3
790.0,2026-05-06T01:27:37.934851+00:00,78.386,0.1571,96.8888,-0.0256,0.7661,0.0,1800.0,0.0,6.3
790.5,2026-05-06T01:27:38.428742+00:00,78.2157,-0.0065,96.7988,-0.0197,0.7661,0.0,1800.0,0.0,6.3
791.0,2026-05-06T01:27:38.928983+00:00,77.9575,-0.1959,96.9611,0.0234,0.7661,0.0,1800.0,0.0,6.3
791.5,2026-05-06T01:27:39.429533+00:00,78.0136,-0.2142,96.9701,0.0566,0.7661,0.0,1800.0,0.0,6.3
792.0,2026-05-06T01:27:39.928794+00:00,77.8022,-0.2919,96.977,0.0049,0.7661,0.0,1800.0,0.0,6.3
792.5,2026-05-06T01:27:40.438574+00:00,77.767,-0.2244,96.8666,0.0038,0.7661,0.0,1800.0,0.0,6.2488
793.0,2026-05-06T01:27:40.928761+00:00,77.9945,0.0185,96.7818,-0.0357,0.7661,0.0,1800.0,0.0,6.275
793.5,2026-05-06T01:27:41.429033+00:00,77.9148,-0.0494,96.7166,-0.0274,0.7661,0.0,1800.0,0.0,6.2878
794.0,2026-05-06T01:27:41.928730+00:00,77.9808,0.0893,96.5508,-0.1368,0.7661,0.0,1800.0,0.0,6.294
794.5,2026-05-06T01:27:42.428762+00:00,77.777,0.005,96.6547,-0.1051,0.7661,0.0,1800.0,0.0,6.2971
795.0,2026-05-06T01:27:42.933712+00:00,78.0021,0.0038,96.6189,-0.1194,0.7661,0.0,1800.0,0.0,6.2986
795.5,2026-05-06T01:27:43.428771+00:00,77.7934,-0.0607,96.5914,-0.0917,0.7661,0.0,1800.0,0.0,6.2993
796.0,2026-05-06T01:27:43.928746+00:00,77.8875,-0.0467,96.8016,0.0066,0.7661,0.0,1800.0,0.0,6.2997
796.5,2026-05-06T01:27:44.428761+00:00,77.9598,0.0914,96.9632,0.0822,0.7661,0.0,1800.0,0.0,6.2998
797.0,2026-05-06T01:27:44.928821+00:00,77.8881,-0.057,96.9718,0.1403,0.7661,0.0,1800.0,0.0,6.2999
797.5,2026-05-06T01:27:45.435369+00:00,78.0875,0.1471,97.094,0.1464,0.7661,0.0,1800.0,0.0,6.3
798.0,2026-05-06T01:27:45.928953+00:00,78.2408,0.1767,96.9565,0.1125,0.7661,0.0,1800.0,0.0,6.3
798.500487,2026-05-06T01:27:46.429266+00:00,77.9768,0.0085,96.9666,0.1251,0.7661,0.0,1800.0,0.0,6.3
799.0,2026-05-06T01:27:46.928748+00:00,78.0285,0.0702,96.8586,0.019,0.7661,0.0,1800.0,0.0,6.3
799.5,2026-05-06T01:27:47.428747+00:00,78.0682,-0.0097,96.7756,-0.0625,0.7661,0.0,1800.0,0.0,6.3
800.0,2026-05-06T01:27:47.934698+00:00,78.2259,-0.0074,96.7119,-0.0866,0.7661,0.0,1800.0,0.0,6.3
800.5,2026-05-06T01:27:48.428989+00:00,78.2199,0.1215,96.6628,-0.1437,0.7661,0.0,1800.0,0.0,6.3
801.0,2026-05-06T01:27:48.928772+00:00,78.2153,0.0934,96.6252,-0.1105,0.7661,0.0,1800.0,0.0,6.3
801.5,2026-05-06T01:27:49.429062+00:00,78.4663,0.1991,96.5962,-0.1235,0.7661,0.0,1800.0,0.0,6.3
802.0,2026-05-06T01:27:49.928750+00:00,78.4047,0.0894,96.8053,-0.0178,0.7661,0.0,1800.0,0.0,6.3
802.5,2026-05-06T01:27:50.433277+00:00,78.4846,0.1323,96.9661,0.0635,0.7661,0.0,1800.0,0.0,6.3
803.0,2026-05-06T01:27:50.928805+00:00,78.4187,0.1017,96.8582,0.0488,0.7661,0.0,1800.0,0.0,6.3
803.5,2026-05-06T01:27:51.429093+00:00,78.3681,-0.0491,96.7522,0.0298,0.7661,0.0,1800.0,0.0,6.3
804.0,2026-05-06T01:27:51.928868+00:00,78.3292,-0.0377,96.6938,0.0229,0.7661,0.0,1800.0,0.0,6.3
804.5,2026-05-06T01:27:52.429193+00:00,78.2993,-0.0926,96.7647,0.0562,0.7661,0.0,1800.0,0.0,6.3
805.0,2026-05-06T01:27:52.936737+00:00,78.1491,-0.1348,96.7034,-0.034,0.7661,0.0,1800.0,0.0,6.3
805.5,2026-05-06T01:27:53.429263+00:00,78.1609,-0.1036,96.5407,-0.1418,0.7661,0.0,1800.0,0.0,6.3
806.0,2026-05-06T01:27:53.930433+00:00,78.0426,-0.1433,96.5313,-0.109,0.7661,0.0,1800.0,0.0,6.3
806.5,2026-05-06T01:27:54.428739+00:00,78.2063,-0.0465,96.6397,-0.0375,0.7661,0.0,1800.0,0.0,6.3
807.0,2026-05-06T01:27:54.929174+00:00,78.0776,-0.0357,96.4917,-0.0674,0.7661,0.0,1800.0,0.0,6.3
807.5,2026-05-06T01:27:55.432839+00:00,78.1059,-0.0275,96.6093,-0.0518,0.7661,0.0,1800.0,0.0,6.2488
808.0,2026-05-06T01:27:55.928765+00:00,78.0004,-0.0211,96.584,-0.0398,0.7661,0.0,1800.0,0.0,6.275
808.500453,2026-05-06T01:27:56.429199+00:00,78.1739,-0.0162,96.5646,0.008,0.7661,0.0,1800.0,0.0,6.2878
809.0,2026-05-06T01:27:56.928800+00:00,78.1799,0.0512,96.4339,-0.0324,0.7661,0.0,1800.0,0.0,6.294
809.500015,2026-05-06T01:27:57.428880+00:00,78.1846,0.0393,96.5649,-0.0249,0.7661,0.0,1800.0,0.0,6.2459
810.0,2026-05-06T01:27:57.936177+00:00,78.3154,0.1575,96.6656,0.058,0.7661,0.0,1800.0,0.0,6.2224
810.5,2026-05-06T01:27:58.429139+00:00,78.5432,0.1847,96.5116,-0.0326,0.7661,0.0,1800.0,0.0,6.2621
811.0,2026-05-06T01:27:58.929199+00:00,78.4638,0.1419,96.3701,-0.0713,0.7661,0.0,1800.0,0.0,6.2815
811.5,2026-05-06T01:27:59.429012+00:00,78.4028,0.1091,96.5158,-0.0162,0.7661,0.0,1800.0,0.0,6.291
812.0,2026-05-06T01:27:59.929315+00:00,78.3558,0.0202,96.7436,0.1032,0.7661,0.0,1800.0,0.0,6.2956
812.5,2026-05-06T01:28:00.438200+00:00,78.3198,-0.1117,96.8029,0.0793,0.7661,0.0,1800.0,0.0,6.2467
813.0,2026-05-06T01:28:00.928765+00:00,78.1648,-0.1495,96.9642,0.0995,0.7661,0.0,1800.0,0.0,6.274
813.5,2026-05-06T01:28:01.428737+00:00,77.9184,-0.2422,96.9725,0.1536,0.7661,0.0,1800.0,0.0,6.2873
814.0,2026-05-06T01:28:01.928742+00:00,77.9836,-0.1861,96.9789,0.2029,0.7661,0.0,1800.0,0.0,6.2938
814.5,2026-05-06T01:28:02.428737+00:00,78.0336,-0.1431,96.9838,0.156,0.7661,0.0,1800.0,0.0,6.297
815.0,2026-05-06T01:28:02.935689+00:00,78.1994,0.0173,96.9875,0.0813,0.7661,0.0,1800.0,0.0,6.2985
815.5,2026-05-06T01:28:03.428754+00:00,78.0723,0.0769,96.8747,0.0239,0.7661,0.0,1800.0,0.0,6.2993
816.0,2026-05-06T01:28:03.928782+00:00,78.1018,0.0591,97.0194,0.0184,0.7661,0.0,1800.0,0.0,6.2996
816.5,2026-05-06T01:28:04.428774+00:00,78.2518,0.1091,97.1306,0.0527,0.7661,0.0,1800.0,0.0,6.2998
817.0,2026-05-06T01:28:04.929103+00:00,78.1126,-0.0434,97.2161,0.0791,0.7661,0.0,1800.0,0.0,6.2999
817.500298,2026-05-06T01:28:05.435100+00:00,78.2601,0.0939,97.2818,0.0993,0.7661,0.0,1800.0,0.0,6.2488
818.0,2026-05-06T01:28:05.928731+00:00,78.3734,0.1358,97.2166,0.0764,0.7661,0.0,1800.0,0.0,6.275
818.5,2026-05-06T01:28:06.428775+00:00,78.206,-0.0229,97.0508,0.0587,0.7661,0.0,1800.0,0.0,6.2878
819.0,2026-05-06T01:28:06.928770+00:00,78.0774,-0.0176,96.9233,-0.032,0.7661,0.0,1800.0,0.0,6.294
819.5,2026-05-06T01:28:07.428786+00:00,77.9785,-0.1408,96.8254,-0.1017,0.7661,0.0,1800.0,0.0,6.2971
820.0,2026-05-06T01:28:07.933878+00:00,78.0297,-0.1718,96.5187,-0.2325,0.7661,0.0,1800.0,0.0,6.2986
820.500448,2026-05-06T01:28:08.429193+00:00,77.9419,-0.1321,96.6301,-0.2172,0.7661,0.0,1800.0,0.0,6.2993
821.0,2026-05-06T01:28:08.928787+00:00,78.0016,-0.0379,96.6,-0.2055,0.7661,0.0,1800.0,0.0,6.2997
821.5,2026-05-06T01:28:09.429015+00:00,78.0475,0.0345,96.5768,-0.158,0.7661,0.0,1800.0,0.0,6.2998
822.0,2026-05-06T01:28:09.928748+00:00,78.2101,0.0902,96.559,-0.1214,0.7661,0.0,1800.0,0.0,6.2999
822.5,2026-05-06T01:28:10.435931+00:00,78.2077,0.1329,96.4297,-0.1319,0.7661,0.0,1800.0,0.0,6.3
823.0,2026-05-06T01:28:10.929004+00:00,78.2059,0.1022,96.5617,0.0143,0.7661,0.0,1800.0,0.0,6.3
823.5,2026-05-06T01:28:11.428956+00:00,78.3318,0.1422,96.5474,-0.0276,0.7661,0.0,1800.0,0.0,6.3
824.0,2026-05-06T01:28:11.929041+00:00,78.4286,0.1093,96.4207,-0.0597,0.7661,0.0,1800.0,0.0,6.3
824.5,2026-05-06T01:28:12.429312+00:00,78.3757,0.084,96.4391,-0.0459,0.7661,0.0,1800.0,0.0,6.3
825.0,2026-05-06T01:28:12.934638+00:00,78.4623,0.1282,96.4532,-0.0353,0.7661,0.0,1800.0,0.0,6.3
825.501133,2026-05-06T01:28:13.429916+00:00,78.4016,0.0349,96.5797,0.05,0.7661,0.0,1800.0,0.0,6.3
826.000126,2026-05-06T01:28:13.929131+00:00,78.4822,0.0268,96.5613,-0.0001,0.7661,0.0,1800.0,0.0,6.3
826.5,2026-05-06T01:28:14.428751+00:00,78.4169,0.0206,96.4314,-0.0387,0.7661,0.0,1800.0,0.0,6.3
827.0,2026-05-06T01:28:14.928747+00:00,78.494,0.0158,96.563,0.0474,0.7661,0.0,1800.0,0.0,6.3
827.5,2026-05-06T01:28:15.434710+00:00,78.426,0.0122,96.4327,-0.0021,0.7661,0.0,1800.0,0.0,6.3
828.0,2026-05-06T01:28:15.928756+00:00,78.3737,-0.0543,96.4483,-0.0016,0.7661,0.0,1800.0,0.0,6.3
828.5,2026-05-06T01:28:16.428751+00:00,78.3335,-0.0417,96.3445,-0.0784,0.7661,0.0,1800.0,0.0,6.3
829.0,2026-05-06T01:28:16.928913+00:00,78.5571,0.0316,96.2648,-0.0988,0.7661,0.0,1800.0,0.0,6.3
829.5,2026-05-06T01:28:17.428753+00:00,78.4745,0.0243,96.3192,-0.0374,0.7661,0.0,1800.0,0.0,6.3
830.0,2026-05-06T01:28:17.934872+00:00,78.411,0.0187,96.4768,-0.0287,0.7661,0.0,1800.0,0.0,6.3
830.5,2026-05-06T01:28:18.428762+00:00,78.4894,0.078,96.3664,-0.0221,0.7661,0.0,1800.0,0.0,6.3
831.0,2026-05-06T01:28:18.929091+00:00,78.5497,-0.0037,96.3973,-0.017,0.7661,0.0,1800.0,0.0,6.3
831.5,2026-05-06T01:28:19.428751+00:00,78.7233,0.1244,96.1897,-0.0516,0.7661,0.0,1800.0,0.0,6.3
832.0,2026-05-06T01:28:19.929210+00:00,78.475,0.032,96.1458,-0.0397,0.7661,0.0,1800.0,0.0,6.3
832.5,2026-05-06T01:28:20.434493+00:00,78.5386,0.0246,96.1121,-0.0691,0.7661,0.0,1800.0,0.0,6.2488
833.0,2026-05-06T01:28:20.928790+00:00,78.5875,0.0189,96.2018,-0.0916,0.7661,0.0,1800.0,0.0,6.275
833.5,2026-05-06T01:28:21.428867+00:00,78.6251,-0.0491,96.3865,0.0067,0.7661,0.0,1800.0,0.0,6.2878
834.0,2026-05-06T01:28:21.928749+00:00,78.7813,0.1532,96.2971,-0.0334,0.7661,0.0,1800.0,0.0,6.294
834.5,2026-05-06T01:28:22.428840+00:00,78.774,0.1177,96.344,0.0514,0.7661,0.0,1800.0,0.0,6.2971
835.0,2026-05-06T01:28:22.933151+00:00,78.6412,0.0268,96.1487,0.001,0.7661,0.0,1800.0,0.0,6.2986
835.5,2026-05-06T01:28:23.429064+00:00,78.5391,-0.043,96.1143,0.0007,0.7661,0.0,1800.0,0.0,6.2481
836.0,2026-05-06T01:28:23.928780+00:00,78.4606,-0.1603,96.2036,0.0006,0.7661,0.0,1800.0,0.0,6.2747
836.5,2026-05-06T01:28:24.428749+00:00,78.4003,-0.1869,96.3879,0.0004,0.7661,0.0,1800.0,0.0,6.2876
837.000151,2026-05-06T01:28:24.928957+00:00,78.354,-0.1436,96.4138,0.0389,0.7661,0.0,1800.0,0.0,6.294
837.5,2026-05-06T01:28:25.434597+00:00,78.5729,0.0169,96.5495,0.0685,0.7661,0.0,1800.0,0.0,6.2971
838.0,2026-05-06T01:28:25.928754+00:00,78.6139,0.0766,96.4223,0.0912,0.7661,0.0,1800.0,0.0,6.3498
838.5,2026-05-06T01:28:26.428915+00:00,78.6454,0.1225,96.556,0.1472,0.7661,0.0,1800.0,0.0,6.3243
839.0,2026-05-06T01:28:26.928758+00:00,78.6696,0.1578,96.6587,0.1517,0.7661,0.0,1800.0,0.0,6.3119
839.5,2026-05-06T01:28:27.429092+00:00,78.6882,0.0577,96.8534,0.1552,0.7661,0.0,1800.0,0.0,6.3058
840.0,2026-05-06T01:28:27.934573+00:00,78.7025,0.0443,96.5402,0.0421,0.7661,0.0,1800.0,0.0,6.3028
840.5,2026-05-06T01:28:28.428792+00:00,78.5862,-0.0296,96.5309,-0.0062,0.7661,0.0,1800.0,0.0,6.3014
841.0,2026-05-06T01:28:28.928996+00:00,78.3696,-0.15,96.6395,0.0724,0.7661,0.0,1800.0,0.0,6.3007
841.5,2026-05-06T01:28:29.428746+00:00,78.3303,-0.1789,96.7229,0.0556,0.7661,0.0,1800.0,0.0,6.3003
842.0,2026-05-06T01:28:29.928805+00:00,78.3002,-0.2012,96.6713,0.0042,0.7661,0.0,1800.0,0.0,6.3002
842.5,2026-05-06T01:28:30.436989+00:00,78.5315,-0.0273,96.6317,-0.0739,0.7661,0.0,1800.0,0.0,6.3001
843.0,2026-05-06T01:28:30.928789+00:00,78.4548,0.0426,96.4855,-0.0182,0.7661,0.0,1800.0,0.0,6.3
843.5,2026-05-06T01:28:31.428746+00:00,78.2686,-0.0309,96.6046,0.0245,0.7661,0.0,1800.0,0.0,6.3
844.0,2026-05-06T01:28:31.928750+00:00,78.2527,-0.0237,96.349,-0.0968,0.7661,0.0,1800.0,0.0,6.3
844.5,2026-05-06T01:28:32.428958+00:00,78.1132,-0.2091,96.4996,-0.0744,0.7661,0.0,1800.0,0.0,6.3
845.0,2026-05-06T01:28:32.934219+00:00,78.1333,-0.1607,96.6154,-0.0186,0.7661,0.0,1800.0,0.0,6.3
845.5,2026-05-06T01:28:33.428751+00:00,78.0215,-0.1236,96.5887,-0.0143,0.7661,0.0,1800.0,0.0,6.3
846.0,2026-05-06T01:28:33.928988+00:00,78.1901,-0.0313,96.6839,0.0661,0.7661,0.0,1800.0,0.0,6.3
846.5,2026-05-06T01:28:34.428731+00:00,78.1924,0.0396,96.6413,0.0123,0.7661,0.0,1800.0,0.0,6.3
847.0,2026-05-06T01:28:34.928790+00:00,78.3214,0.094,96.7243,0.1251,0.7661,0.0,1800.0,0.0,6.3
847.5,2026-05-06T01:28:35.433554+00:00,78.4206,0.1995,96.7881,0.0962,0.7661,0.0,1800.0,0.0,6.3
848.0,2026-05-06T01:28:35.929024+00:00,78.6241,0.217,96.8371,0.0739,0.7661,0.0,1800.0,0.0,6.3
848.5,2026-05-06T01:28:36.428762+00:00,78.6532,0.2304,96.7591,0.0568,0.7661,0.0,1800.0,0.0,6.3
849.0,2026-05-06T01:28:36.928731+00:00,78.6756,0.1771,96.8149,0.0437,0.7661,0.0,1800.0,0.0,6.3
849.501451,2026-05-06T01:28:37.432143+00:00,78.6928,0.1361,96.8577,0.0721,0.7661,0.0,1800.0,0.0,6.3
850.0,2026-05-06T01:28:37.934285+00:00,78.5788,-0.0226,96.7749,0.0169,0.7661,0.0,1800.0,0.0,6.3
850.500208,2026-05-06T01:28:38.428950+00:00,78.4911,-0.081,96.7113,-0.0256,0.7661,0.0,1800.0,0.0,6.3
851.0,2026-05-06T01:28:38.928753+00:00,78.4238,-0.1259,96.5467,-0.0968,0.7661,0.0,1800.0,0.0,6.3
851.5,2026-05-06T01:28:39.428733+00:00,78.4993,-0.0968,96.6516,-0.0358,0.7661,0.0,1800.0,0.0,6.2488
852.0,2026-05-06T01:28:39.929043+00:00,78.43,-0.0744,96.5008,-0.1047,0.7661,0.0,1800.0,0.0,6.2238
852.5,2026-05-06T01:28:40.434250+00:00,78.5041,0.0065,96.4775,-0.1267,0.7661,0.0,1800.0,0.0,6.2116
853.0,2026-05-06T01:28:40.928752+00:00,78.561,0.0686,96.4827,-0.0974,0.7661,0.0,1800.0,0.0,6.2569
853.5,2026-05-06T01:28:41.428821+00:00,78.732,0.1164,96.7181,0.0023,0.7661,0.0,1800.0,0.0,6.279
854.0,2026-05-06T01:28:41.928827+00:00,78.7361,0.1531,96.899,0.1174,0.7661,0.0,1800.0,0.0,6.2897
854.5,2026-05-06T01:28:42.428742+00:00,78.8666,0.1813,96.9224,0.0903,0.7661,0.0,1800.0,0.0,6.295
855.0,2026-05-06T01:28:42.933647+00:00,78.8396,0.1393,96.9404,0.1465,0.7661,0.0,1800.0,0.0,6.2976
855.5,2026-05-06T01:28:43.429158+00:00,78.8189,0.0435,96.8153,0.1126,0.7661,0.0,1800.0,0.0,6.2988
856.000308,2026-05-06T01:28:43.929089+00:00,78.803,0.0334,96.8581,0.1251,0.7661,0.0,1800.0,0.0,6.2994
856.5,2026-05-06T01:28:44.428741+00:00,78.7907,-0.038,96.8909,0.0576,0.7661,0.0,1800.0,0.0,6.2997
857.0,2026-05-06T01:28:44.928766+00:00,78.9086,0.0345,96.9161,0.0057,0.7661,0.0,1800.0,0.0,6.2999
857.5,2026-05-06T01:28:45.436945+00:00,78.6173,-0.1008,97.0512,0.043,0.7661,0.0,1800.0,0.0,6.2999
858.000034,2026-05-06T01:28:45.928785+00:00,78.648,-0.0775,96.9237,-0.0056,0.7661,0.0,1800.0,0.0,6.3
858.5,2026-05-06T01:28:46.428870+00:00,78.2898,-0.2504,96.9413,0.042,0.7661,0.0,1800.0,0.0,6.3
859.0,2026-05-06T01:28:46.929090+00:00,78.269,-0.3198,96.9549,0.0323,0.7661,0.0,1800.0,0.0,6.3
859.5,2026-05-06T01:28:47.428883+00:00,78.3803,-0.1185,96.9654,0.0248,0.7661,0.0,1800.0,0.0,6.3
860.0,2026-05-06T01:28:47.936548+00:00,78.4659,-0.0911,96.9734,0.0191,0.7661,0.0,1800.0,0.0,6.3
860.5,2026-05-06T01:28:48.428759+00:00,78.5316,0.1209,96.9795,-0.0239,0.7661,0.0,1800.0,0.0,6.3
861.0,2026-05-06T01:28:48.929414+00:00,78.3276,0.0293,96.8686,-0.0184,0.7661,0.0,1800.0,0.0,6.3
861.5,2026-05-06T01:28:49.428817+00:00,78.2981,-0.0411,96.6676,-0.0913,0.7661,0.0,1800.0,0.0,6.3
862.000144,2026-05-06T01:28:49.929184+00:00,78.5299,0.032,96.7445,-0.0701,0.7661,0.0,1800.0,0.0,6.3
862.500156,2026-05-06T01:28:50.433644+00:00,78.4536,-0.039,96.9193,-0.0153,0.7661,0.0,1800.0,0.0,6.3
863.0,2026-05-06T01:28:50.928761+00:00,78.3949,0.0336,96.8223,-0.0504,0.7661,0.0,1800.0,0.0,6.3
863.5,2026-05-06T01:28:51.428744+00:00,78.4771,0.0895,96.7477,-0.0773,0.7661,0.0,1800.0,0.0,6.3
864.0,2026-05-06T01:28:51.928901+00:00,78.5402,0.0052,96.8061,-0.0208,0.7661,0.0,1800.0,0.0,6.3
864.5,2026-05-06T01:28:52.428741+00:00,78.5888,0.0676,96.9667,0.0997,0.7661,0.0,1800.0,0.0,6.3
865.0,2026-05-06T01:28:52.933974+00:00,78.4988,0.052,96.9744,0.0766,0.7661,0.0,1800.0,0.0,6.3
865.5,2026-05-06T01:28:53.428808+00:00,78.4297,-0.0237,96.8646,-0.0182,0.7661,0.0,1800.0,0.0,6.3
866.0,2026-05-06T01:28:53.928747+00:00,78.5038,-0.0182,96.7802,-0.014,0.7661,0.0,1800.0,0.0,6.3
866.5,2026-05-06T01:28:54.428769+00:00,78.8153,0.1133,96.9468,0.0664,0.7661,0.0,1800.0,0.0,6.3
867.0,2026-05-06T01:28:54.929464+00:00,78.8002,0.1507,96.7277,-0.0261,0.7661,0.0,1800.0,0.0,6.3
867.5,2026-05-06T01:28:55.436908+00:00,78.6613,0.1158,96.7907,-0.0587,0.7661,0.0,1800.0,0.0,6.2488
868.0,2026-05-06T01:28:55.928741+00:00,78.6818,0.089,96.8391,-0.0451,0.7661,0.0,1800.0,0.0,6.275
868.5,2026-05-06T01:28:56.428776+00:00,78.6976,-0.0588,96.8764,0.0039,0.7661,0.0,1800.0,0.0,6.2878
869.0,2026-05-06T01:28:56.928776+00:00,78.837,0.0184,96.905,0.0416,0.7661,0.0,1800.0,0.0,6.294
869.5,2026-05-06T01:28:57.428816+00:00,78.8169,0.0778,97.0427,0.032,0.7661,0.0,1800.0,0.0,6.2971
870.0,2026-05-06T01:28:57.935935+00:00,78.8014,0.0598,97.0328,0.1017,0.7661,0.0,1800.0,0.0,6.2986
870.5,2026-05-06T01:28:58.428756+00:00,78.6622,-0.0177,96.7938,0.001,0.7661,0.0,1800.0,0.0,6.2993
871.0,2026-05-06T01:28:58.928749+00:00,78.6825,-0.0772,96.7258,-0.0378,0.7661,0.0,1800.0,0.0,6.2997
871.5,2026-05-06T01:28:59.429005+00:00,78.5709,-0.123,96.905,0.0095,0.7661,0.0,1800.0,0.0,6.2998
872.0,2026-05-06T01:28:59.928749+00:00,78.6123,-0.0945,96.927,0.0073,0.7661,0.0,1800.0,0.0,6.2999
872.501048,2026-05-06T01:29:00.437493+00:00,78.6442,-0.009,96.8282,-0.0715,0.7661,0.0,1800.0,0.0,6.2488
873.0,2026-05-06T01:29:00.928851+00:00,78.6687,-0.0069,96.9836,-0.0164,0.7661,0.0,1800.0,0.0,6.275
873.500125,2026-05-06T01:29:01.429275+00:00,78.433,-0.069,96.756,-0.0126,0.7661,0.0,1800.0,0.0,6.2878
874.0,2026-05-06T01:29:01.928734+00:00,78.5063,-0.053,96.6968,-0.0097,0.7661,0.0,1800.0,0.0,6.294
874.500205,2026-05-06T01:29:02.428950+00:00,78.4354,-0.1044,96.5355,-0.1231,0.7661,0.0,1800.0,0.0,6.2971
875.0,2026-05-06T01:29:02.933470+00:00,78.381,-0.1439,96.5273,-0.1332,0.7661,0.0,1800.0,0.0,6.2986
875.5,2026-05-06T01:29:03.428777+00:00,78.4664,0.0167,96.2896,-0.1795,0.7661,0.0,1800.0,0.0,6.2993
876.0,2026-05-06T01:29:03.928749+00:00,78.4047,-0.0508,96.3383,-0.2151,0.7661,0.0,1800.0,0.0,6.2997
876.500462,2026-05-06T01:29:04.429201+00:00,78.3573,-0.039,96.4914,-0.0882,0.7661,0.0,1800.0,0.0,6.2998
877.0,2026-05-06T01:29:04.928796+00:00,78.4482,0.0336,96.4934,-0.0678,0.7661,0.0,1800.0,0.0,6.2999
877.5,2026-05-06T01:29:05.437045+00:00,78.6453,0.0895,96.7263,0.0636,0.7661,0.0,1800.0,0.0,6.2488
878.0,2026-05-06T01:29:05.928786+00:00,78.6695,0.1324,96.674,0.0489,0.7661,0.0,1800.0,0.0,6.275
878.5,2026-05-06T01:29:06.428753+00:00,78.5609,0.1018,96.7494,0.1533,0.7661,0.0,1800.0,0.0,6.2878
879.0,2026-05-06T01:29:06.928908+00:00,78.6046,0.0782,96.8074,0.1564,0.7661,0.0,1800.0,0.0,6.294
879.5,2026-05-06T01:29:07.429099+00:00,78.511,-0.0671,96.9677,0.1588,0.7661,0.0,1800.0,0.0,6.2971
880.0,2026-05-06T01:29:07.933218+00:00,78.5663,-0.0516,96.9751,0.1606,0.7661,0.0,1800.0,0.0,6.2986
880.5,2026-05-06T01:29:08.428759+00:00,78.7361,0.0876,96.8652,0.0463,0.7661,0.0,1800.0,0.0,6.2481
881.000838,2026-05-06T01:29:08.929605+00:00,78.7393,0.0673,97.0121,0.1127,0.7661,0.0,1800.0,0.0,6.2235
881.5,2026-05-06T01:29:09.429064+00:00,78.7418,0.1154,97.0093,0.0866,0.7661,0.0,1800.0,0.0,6.2115
882.0,2026-05-06T01:29:09.929012+00:00,78.4891,-0.0386,97.0071,0.0666,0.7661,0.0,1800.0,0.0,6.2056
882.5,2026-05-06T01:29:10.437361+00:00,78.5495,-0.0933,97.1212,0.0512,0.7661,0.0,1800.0,0.0,6.2027
883.0,2026-05-06T01:29:10.928798+00:00,78.7232,-0.0081,97.0931,0.0393,0.7661,0.0,1800.0,0.0,6.2525
883.5,2026-05-06T01:29:11.428729+00:00,78.7294,-0.0062,96.9559,0.0302,0.7661,0.0,1800.0,0.0,6.2768
884.0,2026-05-06T01:29:11.929133+00:00,78.3523,-0.0684,96.8504,-0.0539,0.7661,0.0,1800.0,0.0,6.2887
884.5,2026-05-06T01:29:12.428879+00:00,78.4444,-0.0526,96.7693,-0.08,0.7661,0.0,1800.0,0.0,6.2945
885.0,2026-05-06T01:29:12.934987+00:00,78.5151,-0.104,96.8227,-0.0615,0.7661,0.0,1800.0,0.0,6.2973
885.500143,2026-05-06T01:29:13.429143+00:00,78.5694,-0.08,96.748,-0.1244,0.7661,0.0,1800.0,0.0,6.2475
886.000196,2026-05-06T01:29:13.928932+00:00,78.6112,0.1294,96.6906,-0.1342,0.7661,0.0,1800.0,0.0,6.2232
886.5,2026-05-06T01:29:14.428755+00:00,78.5161,0.0359,96.8779,-0.026,0.7661,0.0,1800.0,0.0,6.2113
887.0,2026-05-06T01:29:14.928834+00:00,78.5702,0.0276,96.9062,0.0186,0.7661,0.0,1800.0,0.0,6.2055
887.5,2026-05-06T01:29:15.433110+00:00,78.4845,-0.0425,96.8122,0.0143,0.7661,0.0,1800.0,0.0,6.2027
888.0,2026-05-06T01:29:15.929040+00:00,78.546,-0.0326,96.8556,0.011,0.7661,0.0,1800.0,0.0,6.2525
888.5,2026-05-06T01:29:16.428749+00:00,78.7204,0.1022,96.889,0.047,0.7661,0.0,1800.0,0.0,6.2768
889.0,2026-05-06T01:29:16.929204+00:00,78.7273,0.0785,96.799,0.0361,0.7661,0.0,1800.0,0.0,6.2887
889.5,2026-05-06T01:29:17.428754+00:00,78.8598,0.1876,96.9612,0.0278,0.7661,0.0,1800.0,0.0,6.2945
890.0,2026-05-06T01:29:17.934018+00:00,78.8344,0.1442,96.9702,0.0213,0.7661,0.0,1800.0,0.0,6.2973
890.5,2026-05-06T01:29:18.429000+00:00,78.6876,-0.0164,96.9771,0.055,0.7661,0.0,1800.0,0.0,6.2987
891.0,2026-05-06T01:29:18.929139+00:00,78.702,-0.0126,96.751,-0.0349,0.7661,0.0,1800.0,0.0,6.2994
891.501433,2026-05-06T01:29:19.432043+00:00,78.5859,-0.137,96.8086,-0.0268,0.7661,0.0,1800.0,0.0,6.2997
892.000587,2026-05-06T01:29:19.929645+00:00,78.6238,-0.1053,96.7372,-0.0206,0.7661,0.0,1800.0,0.0,6.2998
892.5,2026-05-06T01:29:20.434449+00:00,78.653,-0.0173,96.9137,-0.0158,0.7661,0.0,1800.0,0.0,6.2487
893.0,2026-05-06T01:29:20.928743+00:00,78.8027,0.0504,96.818,-0.0507,0.7661,0.0,1800.0,0.0,6.275
893.5,2026-05-06T01:29:21.428925+00:00,78.7905,0.1023,96.9758,-0.0004,0.7661,0.0,1800.0,0.0,6.2878
894.0,2026-05-06T01:29:21.928721+00:00,78.9084,0.1423,96.8657,0.0382,0.7661,0.0,1800.0,0.0,6.294
894.5,2026-05-06T01:29:22.428972+00:00,78.8718,0.1094,97.0125,0.068,0.7661,0.0,1800.0,0.0,6.2971
895.0,2026-05-06T01:29:22.933383+00:00,78.7163,-0.0432,96.8939,0.0522,0.7661,0.0,1800.0,0.0,6.2986
895.5,2026-05-06T01:29:23.428812+00:00,78.7241,-0.0332,96.8027,-0.037,0.7661,0.0,1800.0,0.0,6.2481
896.0,2026-05-06T01:29:23.928957+00:00,78.6028,-0.1528,96.8484,0.0101,0.7661,0.0,1800.0,0.0,6.2235
896.5,2026-05-06T01:29:24.429091+00:00,78.6369,-0.1174,96.8835,-0.0308,0.7661,0.0,1800.0,0.0,6.2115
897.000574,2026-05-06T01:29:24.930103+00:00,78.7903,0.037,96.679,-0.0622,0.7661,0.0,1800.0,0.0,6.2056
897.500127,2026-05-06T01:29:25.436258+00:00,78.9083,0.0921,96.7533,-0.0864,0.7661,0.0,1800.0,0.0,6.2027
898.000207,2026-05-06T01:29:25.928944+00:00,78.7444,0.0708,96.8104,-0.0278,0.7661,0.0,1800.0,0.0,6.2525
898.5,2026-05-06T01:29:26.428757+00:00,78.6184,-0.0092,96.8543,0.0172,0.7661,0.0,1800.0,0.0,6.2768
899.000442,2026-05-06T01:29:26.929180+00:00,78.7761,-0.0071,96.888,0.0132,0.7661,0.0,1800.0,0.0,6.2887
899.500002,2026-05-06T01:29:27.428751+00:00,78.7701,-0.0691,96.7982,-0.0284,0.7661,0.0,1800.0,0.0,6.2945
900.0,2026-05-06T01:29:27.935233+00:00,78.7654,0.0105,96.9606,0.0939,0.7661,0.0,1800.0,0.0,6.2973
900.5,2026-05-06T01:29:28.429096+00:00,78.8891,0.1354,96.7383,-0.005,0.7661,0.0,1800.0,0.0,6.2475
901.0,2026-05-06T01:29:28.929081+00:00,78.8569,0.0404,96.6832,-0.0424,0.7661,0.0,1800.0,0.0,6.2232
901.5,2026-05-06T01:29:29.428786+00:00,78.9595,0.0947,96.7565,-0.0326,0.7661,0.0,1800.0,0.0,6.2113
902.0,2026-05-06T01:29:29.928940+00:00,79.0383,0.1364,96.9285,0.0135,0.7661,0.0,1800.0,0.0,6.2055
902.5,2026-05-06T01:29:30.436263+00:00,78.717,-0.0861,96.9451,0.049,0.7661,0.0,1800.0,0.0,6.2027
903.000647,2026-05-06T01:29:30.929591+00:00,78.8519,-0.0025,96.9578,-0.0009,0.7661,0.0,1800.0,0.0,6.2525
903.5,2026-05-06T01:29:31.428733+00:00,79.0829,0.0617,96.8519,0.0378,0.7661,0.0,1800.0,0.0,6.2768
904.0,2026-05-06T01:29:31.928762+00:00,78.8786,-0.0798,96.8861,0.0677,0.7661,0.0,1800.0,0.0,6.2887
904.5,2026-05-06T01:29:32.428905+00:00,78.8488,0.0659,97.0282,0.0906,0.7661,0.0,1800.0,0.0,6.2945
905.0,2026-05-06T01:29:33.033919+00:00,78.5714,-0.1403,96.906,-0.0075,0.7661,0.0,1800.0,0.0,6.2973
905.5,2026-05-06T01:29:33.428760+00:00,78.6127,-0.2351,96.5806,-0.1215,0.7661,0.0,1800.0,0.0,6.2987
906.0,2026-05-06T01:29:33.928756+00:00,78.6445,-0.117,96.6777,-0.0934,0.7661,0.0,1800.0,0.0,6.2994
906.5,2026-05-06T01:29:34.429215+00:00,78.6689,-0.09,96.6366,-0.0718,0.7661,0.0,1800.0,0.0,6.2997
907.0,2026-05-06T01:29:34.929038+00:00,78.9422,0.1854,96.7207,-0.0552,0.7661,0.0,1800.0,0.0,6.2998
907.5,2026-05-06T01:29:35.434329+00:00,79.025,0.2061,96.5539,-0.1581,0.7661,0.0,1800.0,0.0,6.2487
908.0,2026-05-06T01:29:35.928762+00:00,78.9614,0.1584,96.7728,-0.0444,0.7661,0.0,1800.0,0.0,6.275
908.5,2026-05-06T01:29:36.428741+00:00,79.0397,0.1854,96.594,0.0045,0.7661,0.0,1800.0,0.0,6.2878
909.001443,2026-05-06T01:29:36.930394+00:00,79.1,0.0789,96.6879,0.0034,0.7661,0.0,1800.0,0.0,6.294
909.5,2026-05-06T01:29:37.428742+00:00,79.019,-0.003,96.6445,0.0026,0.7661,0.0,1800.0,0.0,6.2971
910.0,2026-05-06T01:29:37.933974+00:00,78.8295,-0.066,96.7267,0.002,0.7566,-0.0095,1622.97,-177.03,6.2986
910.5,2026-05-06T01:29:38.428823+00:00,78.6838,-0.178,96.9057,0.1173,0.7527,-0.0134,1550.4054,-249.5946,6.3505
911.0,2026-05-06T01:29:38.928811+00:00,78.5719,-0.2641,97.0432,0.0901,0.7511,-0.0055,1520.6612,-102.3088,6.3758
911.5,2026-05-06T01:29:39.429215+00:00,78.4858,-0.2666,97.0332,0.1464,0.7505,-0.0023,1508.469,-41.9364,6.3882
912.001967,2026-05-06T01:29:39.930937+00:00,78.2924,-0.2685,97.0255,0.1125,0.7502,-0.0009,1503.4714,-17.1897,6.3942
912.5,2026-05-06T01:29:40.434243+00:00,78.271,-0.2064,97.1353,0.1636,0.7501,-0.0004,1501.4229,-7.0461,6.346
913.0,2026-05-06T01:29:40.928894+00:00,78.0,-0.2859,97.104,0.1258,0.75,-0.0002,1500.5833,-2.8882,6.3736
913.5,2026-05-06T01:29:41.429173+00:00,77.919,-0.2834,96.8485,-0.019,0.75,-0.0001,1500.2391,-1.1839,6.3871
914.0,2026-05-06T01:29:41.928821+00:00,78.1113,-0.0905,96.9993,-0.0146,0.75,-0.0,1500.098,-0.4853,6.3937
914.5,2026-05-06T01:29:42.428960+00:00,77.8773,-0.1969,97.1151,0.0273,0.75,-0.0,1500.0402,-0.1989,6.3969
915.0,2026-05-06T01:29:42.933098+00:00,77.8247,-0.0877,96.8571,-0.0561,0.75,-0.0,1500.0165,-0.0815,6.3473
915.5,2026-05-06T01:29:43.428820+00:00,77.9116,-0.0037,96.6588,-0.1588,0.75,-0.0,1500.0067,-0.0334,6.3743
916.0,2026-05-06T01:29:43.928960+00:00,77.5965,-0.2574,96.7377,-0.1221,0.75,-0.0,1500.0028,-0.0137,6.3363
916.5,2026-05-06T01:29:44.428813+00:00,77.7361,-0.0706,96.7984,-0.0167,0.75,-0.0,1500.0011,-0.0056,6.3177
917.0,2026-05-06T01:29:44.928815+00:00,77.7162,-0.0543,96.7294,-0.09,0.75,-0.0,1500.0005,-0.0023,6.3086
917.5,2026-05-06T01:29:45.536985+00:00,77.7009,-0.1053,96.6763,-0.1463,0.75,-0.0,1500.0002,-0.0009,6.3042
918.0,2026-05-06T01:29:45.928828+00:00,77.6891,0.0463,96.5198,-0.1124,0.75,-0.0,1500.0001,-0.0004,6.3021
918.5,2026-05-06T01:29:46.428846+00:00,77.5528,-0.0917,96.4921,-0.0556,0.75,-0.0,1500.0,-0.0002,6.301
919.0,2026-05-06T01:29:46.928839+00:00,77.448,-0.1341,96.3782,-0.1198,0.75,-0.0,1500.0,-0.0001,6.3005
919.5,2026-05-06T01:29:47.428999+00:00,77.2402,-0.2303,96.4064,-0.1307,0.75,-0.0,1500.0,-0.0,6.3002
920.0,2026-05-06T01:29:47.943744+00:00,77.335,-0.177,96.3124,-0.139,0.75,-0.0,1500.0,-0.0,6.3001
920.5,2026-05-06T01:29:48.428834+00:00,77.2807,-0.1361,96.3326,-0.1146,0.75,-0.0,1500.0,-0.0,6.3001
921.0,2026-05-06T01:29:48.928903+00:00,77.3661,-0.0409,96.3482,-0.0572,0.75,-0.0,1500.0,-0.0,6.3
921.5,2026-05-06T01:29:49.428984+00:00,77.4318,0.0958,96.3833,-0.0362,0.75,-0.0,1500.0,-0.0,6.3
922.0,2026-05-06T01:29:49.928932+00:00,77.355,0.01,96.2946,-0.0279,0.75,-0.0,1500.0,-0.0,6.3
922.5,2026-05-06T01:29:50.434920+00:00,77.4233,0.0713,96.319,-0.0291,0.75,-0.0,1500.0,-0.0,6.2488
923.0,2026-05-06T01:29:50.928852+00:00,77.3485,-0.0088,96.2221,-0.0301,0.75,-0.0,1500.0,-0.0,6.275
923.501944,2026-05-06T01:29:51.430916+00:00,77.4182,-0.0068,96.0318,-0.1003,0.75,-0.0,1500.0,-0.0,6.2878
924.0,2026-05-06T01:29:51.928795+00:00,77.4719,0.0584,96.117,-0.0771,0.75,-0.0,1500.0,-0.0,6.2941
924.5,2026-05-06T01:29:52.428897+00:00,77.5131,0.0449,96.3213,-0.0207,0.75,-0.0,1500.0,-0.0,6.2971
925.0,2026-05-06T01:29:52.936797+00:00,77.4175,0.0345,96.3395,0.015,0.75,-0.0,1500.0,-0.0,6.2986
925.5,2026-05-06T01:29:53.428963+00:00,77.4713,0.0265,96.6081,0.0964,0.75,-0.0,1500.0,-0.0,6.2993
926.0,2026-05-06T01:29:53.929390+00:00,77.5127,0.0204,96.6988,0.1589,0.75,-0.0,1500.0,-0.0,6.2997
926.5,2026-05-06T01:29:54.428782+00:00,77.4172,-0.048,96.5371,0.1684,0.75,-0.0,1500.0,-0.0,6.2998
927.00072,2026-05-06T01:29:54.929611+00:00,77.3438,-0.0369,96.6442,0.1757,0.75,-0.0,1500.0,-0.0,6.2999
927.5,2026-05-06T01:29:55.433888+00:00,77.2874,-0.092,96.6108,0.0965,0.75,-0.0,1500.0,-0.0,6.2488
928.000416,2026-05-06T01:29:55.929297+00:00,77.3713,-0.0707,96.5852,0.0819,0.75,-0.0,1500.0,-0.0,6.275
928.5,2026-05-06T01:29:56.428831+00:00,77.4358,0.0093,96.7969,0.0629,0.75,-0.0,1500.0,-0.0,6.2878
929.0,2026-05-06T01:29:56.928836+00:00,77.3581,0.0072,96.8439,0.0484,0.75,0.0,1500.0,-0.0,6.294
929.5,2026-05-06T01:29:57.428900+00:00,77.2984,0.0055,96.88,0.1143,0.75,0.0,1500.0,-0.0,6.2971
930.0,2026-05-06T01:29:58.034340+00:00,77.2525,-0.0594,96.8846,0.0801,0.75,0.0,1500.0,-0.0,6.2986
930.500292,2026-05-06T01:29:58.429102+00:00,77.0899,-0.1729,96.6799,0.023,0.75,0.0,1500.0,0.0,6.2993
931.0,2026-05-06T01:29:58.929031+00:00,77.2195,-0.0693,96.754,0.0563,0.75,0.0,1500.0,0.0,6.2997
931.5,2026-05-06T01:29:59.429367+00:00,77.1919,-0.0532,96.6952,-0.0339,0.75,0.0,1500.0,0.0,6.2998
932.0,2026-05-06T01:29:59.929154+00:00,77.1706,-0.0409,96.5343,-0.1032,0.75,0.0,1500.0,0.0,6.2999
932.5,2026-05-06T01:30:00.433385+00:00,77.027,-0.0315,96.6421,-0.0793,0.75,0.0,1500.0,0.0,6.2488
933.0,2026-05-06T01:30:00.928804+00:00,76.9166,-0.1514,96.7249,-0.0532,0.75,0.0,1500.0,0.0,6.275
933.5,2026-05-06T01:30:01.429120+00:00,76.9591,-0.1164,96.5572,-0.0409,0.75,0.0,1500.0,0.0,6.2878
934.0,2026-05-06T01:30:01.928969+00:00,77.1189,-0.0258,96.5208,-0.0777,0.75,0.0,1500.0,0.0,6.294
934.5,2026-05-06T01:30:02.429105+00:00,77.2418,0.1074,96.6317,-0.0212,0.75,0.0,1500.0,0.0,6.2971
935.0,2026-05-06T01:30:02.937311+00:00,77.3363,0.2098,96.4855,-0.0163,0.75,0.0,1500.0,0.0,6.2986
935.5,2026-05-06T01:30:03.428773+00:00,77.4089,0.2249,96.6046,-0.0125,0.75,0.0,1500.0,0.0,6.2993
936.0,2026-05-06T01:30:03.928914+00:00,77.2101,0.0456,96.4647,-0.0867,0.75,0.0,1500.0,0.0,6.2997
936.5,2026-05-06T01:30:04.428827+00:00,77.3119,0.035,96.334,-0.0744,0.75,0.0,1500.0,0.0,6.2998
937.0,2026-05-06T01:30:04.928777+00:00,77.3901,0.0269,96.4881,-0.0109,0.75,0.0,1500.0,0.0,6.2999
937.5,2026-05-06T01:30:05.434225+00:00,77.323,-0.0429,96.7223,0.0302,0.75,0.0,1500.0,0.0,6.3
938.0,2026-05-06T01:30:05.928804+00:00,77.1441,-0.033,96.532,0.0155,0.75,0.0,1500.0,0.0,6.3
938.5,2026-05-06T01:30:06.429045+00:00,77.1339,-0.089,96.756,0.0505,0.75,0.0,1500.0,0.0,6.3
939.0,2026-05-06T01:30:06.929324+00:00,77.2533,-0.0684,96.8125,0.1159,0.75,0.0,1500.0,0.0,6.3
939.5,2026-05-06T01:30:07.428815+00:00,77.0906,-0.1162,96.717,0.1277,0.75,0.0,1500.0,0.0,6.3
940.0,2026-05-06T01:30:07.935662+00:00,77.22,0.038,97.0139,0.1753,0.75,0.0,1500.0,0.0,6.3
940.501721,2026-05-06T01:30:08.430551+00:00,77.1923,0.0292,97.0107,0.0961,0.75,0.0,1500.0,0.0,6.3
941.0,2026-05-06T01:30:08.928805+00:00,76.9164,-0.1685,97.1239,0.1973,0.75,0.0,1500.0,0.0,6.3
941.5,2026-05-06T01:30:09.428875+00:00,76.9589,-0.0659,97.3266,0.1902,0.75,0.0,1500.0,0.0,6.3
942.0,2026-05-06T01:30:09.928806+00:00,76.9915,-0.1143,97.1354,0.1076,0.75,0.0,1500.0,0.0,6.3
942.5,2026-05-06T01:30:10.536799+00:00,77.0166,-0.0878,97.2197,0.1676,0.75,0.0,1500.0,0.0,6.3
943.0,2026-05-06T01:30:10.928866+00:00,76.9086,-0.0039,97.1689,0.0517,0.75,0.0,1500.0,0.0,6.3
943.5,2026-05-06T01:30:11.428984+00:00,76.9529,-0.003,97.0141,0.0011,0.75,0.0,1500.0,0.0,6.3
944.0,2026-05-06T01:30:11.928982+00:00,76.8597,-0.0659,97.1265,0.0009,0.75,0.0,1500.0,0.0,6.3
944.5,2026-05-06T01:30:12.428829+00:00,76.6608,-0.1779,96.8659,-0.1536,0.75,0.0,1500.0,0.0,6.3
945.0,2026-05-06T01:30:12.936862+00:00,76.7624,-0.0731,96.8969,-0.0795,0.75,0.0,1500.0,0.0,6.3
945.5,2026-05-06T01:30:13.428879+00:00,76.9678,0.0074,96.6894,-0.1768,0.75,0.0,1500.0,0.0,6.3
946.000779,2026-05-06T01:30:13.929898+00:00,76.9984,0.0693,96.6224,-0.1822,0.75,0.0,1500.0,0.0,6.3
946.5,2026-05-06T01:30:14.428774+00:00,76.7674,0.0533,96.5941,-0.14,0.75,0.0,1500.0,0.0,6.3
947.0,2026-05-06T01:30:14.929035+00:00,76.7171,-0.0227,96.688,-0.1462,0.75,0.0,1500.0,0.0,6.3
947.501853,2026-05-06T01:30:15.436551+00:00,76.8057,-0.0811,96.39,-0.1586,0.75,0.0,1500.0,0.0,6.3
948.0,2026-05-06T01:30:15.928835+00:00,76.8738,-0.0623,96.6468,-0.0834,0.75,0.0,1500.0,0.0,6.3
948.5,2026-05-06T01:30:16.429179+00:00,76.6716,-0.0479,96.7285,0.0131,0.75,0.0,1500.0,0.0,6.3
949.0,2026-05-06T01:30:16.928799+00:00,76.6435,-0.0368,96.6757,0.0178,0.75,0.0,1500.0,0.0,6.3
949.5,2026-05-06T01:30:17.429119+00:00,76.7491,-0.0283,96.7507,0.0522,0.75,0.0,1500.0,0.0,6.3
950.0,2026-05-06T01:30:17.939781+00:00,76.8303,-0.0217,96.6696,-0.0061,0.75,0.0,1500.0,0.0,6.3
950.5,2026-05-06T01:30:18.428827+00:00,77.02,0.1742,96.5146,0.0416,0.75,0.0,1500.0,0.0,6.3
951.0,2026-05-06T01:30:18.929242+00:00,76.9112,0.1339,96.6269,-0.0066,0.75,0.0,1500.0,0.0,6.3
951.5,2026-05-06T01:30:19.428840+00:00,76.9549,0.1029,96.7133,-0.0051,0.75,0.0,1500.0,0.0,6.3
952.0,2026-05-06T01:30:19.928815+00:00,76.8612,0.0155,96.7796,0.0347,0.75,0.0,1500.0,0.0,6.3
952.501009,2026-05-06T01:30:20.435459+00:00,76.7892,-0.1154,97.062,0.1038,0.75,0.0,1500.0,0.0,6.3
953.0,2026-05-06T01:30:20.928793+00:00,76.6066,-0.1523,96.932,0.0875,0.75,0.0,1500.0,0.0,6.3
953.5,2026-05-06T01:30:21.428816+00:00,76.7208,-0.1171,96.9477,0.1444,0.75,0.0,1500.0,0.0,6.3
954.0,2026-05-06T01:30:21.928963+00:00,76.6812,-0.09,96.9598,0.111,0.75,0.0,1500.0,0.0,6.3
954.5,2026-05-06T01:30:22.428812+00:00,76.6509,-0.0692,96.8534,0.0467,0.75,0.0,1500.0,0.0,6.3
955.0,2026-05-06T01:30:22.936655+00:00,76.6275,0.0105,96.5171,-0.0875,0.75,0.0,1500.0,0.0,6.3
955.5,2026-05-06T01:30:23.428817+00:00,76.6096,-0.0556,96.3743,-0.2292,0.75,0.0,1500.0,0.0,6.3
956.0,2026-05-06T01:30:23.928805+00:00,76.7231,0.0209,96.1951,-0.2456,0.75,0.0,1500.0,0.0,6.3
956.5,2026-05-06T01:30:24.428812+00:00,76.8103,0.0797,96.3814,-0.1888,0.75,0.0,1500.0,0.0,6.3
957.0,2026-05-06T01:30:24.930531+00:00,76.8773,0.1249,96.6402,-0.1065,0.75,0.0,1500.0,0.0,6.3
957.5,2026-05-06T01:30:25.434131+00:00,76.8016,0.096,96.6078,-0.0819,0.75,0.0,1500.0,0.0,6.3
958.0,2026-05-06T01:30:25.928836+00:00,76.7434,0.0101,96.8142,0.099,0.75,0.0,1500.0,0.0,6.3
958.501763,2026-05-06T01:30:26.430581+00:00,76.5714,-0.1195,96.7415,0.1224,0.75,0.0,1500.0,0.0,6.3
959.000106,2026-05-06T01:30:26.928900+00:00,76.4391,-0.2191,96.6856,0.1635,0.75,0.0,1500.0,0.0,6.3
959.5,2026-05-06T01:30:27.428795+00:00,76.5921,-0.1048,96.6195,0.0794,0.75,0.0,1500.0,0.0,6.3
960.0,2026-05-06T01:30:27.934935+00:00,76.5823,-0.0805,96.2448,-0.1318,0.75,0.0,1500.0,0.0,6.3
960.5,2026-05-06T01:30:28.428792+00:00,76.7021,0.0654,96.3038,-0.1013,0.75,0.0,1500.0,0.0,6.3
961.0,2026-05-06T01:30:28.928980+00:00,76.6669,0.1139,96.3492,-0.155,0.75,0.0,1500.0,0.0,6.3
961.501984,2026-05-06T01:30:29.430889+00:00,76.7671,0.0875,96.2916,-0.15,0.75,0.0,1500.0,0.0,6.3
962.0,2026-05-06T01:30:29.928836+00:00,76.5896,0.0036,96.4555,-0.0767,0.75,0.0,1500.0,0.0,6.3
962.5,2026-05-06T01:30:30.433416+00:00,76.5805,-0.0608,96.4426,-0.059,0.75,0.0,1500.0,0.0,6.3
963.0,2026-05-06T01:30:30.928834+00:00,76.7007,0.0169,96.5716,0.1089,0.75,0.0,1500.0,0.0,6.3
963.5,2026-05-06T01:30:31.428794+00:00,76.5385,-0.1143,96.6707,0.1223,0.75,0.0,1500.0,0.0,6.3
964.0,2026-05-06T01:30:31.929089+00:00,76.4139,-0.0878,96.8626,0.1711,0.75,0.0,1500.0,0.0,6.3
964.500432,2026-05-06T01:30:32.429309+00:00,76.4454,-0.0675,96.6399,0.1161,0.75,0.0,1500.0,0.0,6.3
965.0,2026-05-06T01:30:32.935807+00:00,76.3423,-0.1792,96.6075,0.0507,0.75,0.0,1500.0,0.0,6.3
965.5,2026-05-06T01:30:33.428945+00:00,76.5177,-0.0104,96.5826,0.0467,0.75,0.0,1500.0,0.0,6.3
966.00022,2026-05-06T01:30:33.929035+00:00,76.6524,0.1192,96.4247,-0.049,0.75,0.0,1500.0,0.0,6.3
966.5,2026-05-06T01:30:34.429217+00:00,76.5014,0.028,96.5578,-0.0376,0.75,0.0,1500.0,0.0,6.3
967.001563,2026-05-06T01:30:34.930414+00:00,76.5127,0.0852,96.5444,-0.1061,0.75,0.0,1500.0,0.0,6.3
967.5,2026-05-06T01:30:35.433853+00:00,76.5213,0.0018,96.6498,0.0033,0.75,0.0,1500.0,0.0,6.3
968.0,2026-05-06T01:30:35.928858+00:00,76.528,-0.0622,96.4995,-0.036,0.75,0.0,1500.0,0.0,6.3
968.5,2026-05-06T01:30:36.428822+00:00,76.5331,0.0158,96.2682,-0.1048,0.75,0.0,1500.0,0.0,6.3
969.0,2026-05-06T01:30:36.928947+00:00,76.4097,-0.0515,96.4375,0.0043,0.75,0.0,1500.0,0.0,6.3
969.5,2026-05-06T01:30:37.428788+00:00,76.5694,0.0241,96.5677,0.0033,0.75,0.0,1500.0,0.0,6.3
970.0,2026-05-06T01:30:37.939463+00:00,76.5649,0.0185,96.3206,-0.0746,0.75,0.0,1500.0,0.0,6.3
970.5,2026-05-06T01:30:38.428933+00:00,76.5615,0.0142,96.4778,-0.0573,0.75,0.0,1500.0,0.0,6.3
971.0,2026-05-06T01:30:38.929257+00:00,76.6861,0.1382,96.5987,0.0331,0.75,0.0,1500.0,0.0,6.3
971.5,2026-05-06T01:30:39.428809+00:00,76.6546,0.0426,96.3213,0.0177,0.75,0.0,1500.0,0.0,6.3
972.0,2026-05-06T01:30:39.928940+00:00,76.6304,0.0327,96.4783,0.0136,0.75,0.0,1500.0,0.0,6.3
972.5,2026-05-06T01:30:40.433833+00:00,76.6118,0.0252,96.5991,0.0105,0.75,0.0,1500.0,0.0,6.3
973.000406,2026-05-06T01:30:40.929281+00:00,76.5975,-0.0443,96.5761,0.0852,0.75,0.0,1500.0,0.0,6.3
973.500181,2026-05-06T01:30:41.429024+00:00,76.5865,-0.034,96.5585,0.0269,0.75,0.0,1500.0,0.0,6.3
974.0,2026-05-06T01:30:41.929226+00:00,76.5781,-0.0262,96.6607,0.0207,0.75,0.0,1500.0,0.0,6.3
974.500763,2026-05-06T01:30:42.429575+00:00,76.6988,0.0435,96.7392,0.1393,0.75,0.0,1500.0,0.0,6.3
975.0,2026-05-06T01:30:42.934729+00:00,76.5371,-0.0302,96.7995,0.1071,0.75,0.0,1500.0,0.0,6.3
975.5,2026-05-06T01:30:43.428845+00:00,76.6674,0.0404,96.8459,0.0823,0.75,0.0,1500.0,0.0,6.2488
976.0,2026-05-06T01:30:43.928850+00:00,76.6402,0.0311,96.8816,0.1018,0.75,0.0,1500.0,0.0,6.2238
976.5,2026-05-06T01:30:44.428869+00:00,76.6193,-0.0397,96.7933,0.0783,0.75,0.0,1500.0,0.0,6.2116
977.0,2026-05-06T01:30:44.928791+00:00,76.6033,0.0331,96.494,-0.0556,0.75,0.0,1500.0,0.0,6.2057
977.5,2026-05-06T01:30:45.434301+00:00,76.7182,0.0254,96.7268,-0.0041,0.75,0.0,1500.0,0.0,6.2028
978.0,2026-05-06T01:30:45.929252+00:00,76.4248,-0.1077,96.6512,-0.0495,0.75,0.0,1500.0,0.0,6.2526
978.5,2026-05-06T01:30:46.429137+00:00,76.3265,-0.1464,96.3848,-0.1537,0.75,0.0,1500.0,0.0,6.2768
979.0,2026-05-06T01:30:46.928790+00:00,76.3782,-0.1125,96.5272,-0.1181,0.75,0.0,1500.0,0.0,6.2887
979.5,2026-05-06T01:30:47.428808+00:00,76.5452,-0.0865,96.7523,-0.0137,0.75,0.0,1500.0,0.0,6.2945
980.000222,2026-05-06T01:30:47.933460+00:00,76.5463,0.0608,96.6939,0.0666,0.75,0.0,1500.0,0.0,6.2973
980.5,2026-05-06T01:30:48.428965+00:00,76.4199,0.0467,96.7647,0.0126,0.75,0.0,1500.0,0.0,6.2987
981.0,2026-05-06T01:30:48.929152+00:00,76.1955,-0.0914,96.8192,0.056,0.75,0.0,1500.0,0.0,6.2994
981.5,2026-05-06T01:30:49.428855+00:00,76.1502,-0.1975,96.6296,0.0816,0.75,0.0,1500.0,0.0,6.2997
982.0,2026-05-06T01:30:49.929213+00:00,76.2427,-0.1518,96.6922,0.055,0.75,0.0,1500.0,0.0,6.2998
982.501967,2026-05-06T01:30:50.438096+00:00,76.3138,-0.053,96.7634,0.0037,0.75,0.0,1500.0,0.0,6.2999
983.0,2026-05-06T01:30:50.928877+00:00,76.4958,0.1501,96.8182,0.0414,0.75,0.0,1500.0,0.0,6.3
983.5,2026-05-06T01:30:51.428825+00:00,76.6356,0.2427,96.9759,0.0704,0.75,0.0,1500.0,0.0,6.3
984.0,2026-05-06T01:30:51.928813+00:00,76.4885,0.1229,96.8427,0.0078,0.75,0.0,1500.0,0.0,6.3
984.5,2026-05-06T01:30:52.428870+00:00,76.3755,0.0308,96.9948,0.1217,0.75,0.0,1500.0,0.0,6.3
985.0,2026-05-06T01:30:52.934954+00:00,76.2886,-0.1036,96.996,0.1013,0.75,0.0,1500.0,0.0,6.3
985.5,2026-05-06T01:30:53.428922+00:00,76.0945,-0.2705,96.8812,0.0393,0.75,0.0,1500.0,0.0,6.2488
986.000177,2026-05-06T01:30:53.929008+00:00,76.1999,-0.1443,96.793,-0.0084,0.75,0.0,1500.0,0.0,6.2238
986.5,2026-05-06T01:30:54.429303+00:00,76.1537,-0.1109,96.6095,-0.1221,0.75,0.0,1500.0,0.0,6.2116
987.0,2026-05-06T01:30:54.928806+00:00,76.2454,-0.0216,96.4916,-0.117,0.75,0.0,1500.0,0.0,6.2057
987.5,2026-05-06T01:30:55.435306+00:00,76.4431,0.1743,96.3547,-0.2134,0.75,0.0,1500.0,0.0,6.2028
988.0,2026-05-06T01:30:55.929049+00:00,76.4679,0.134,96.3652,-0.2103,0.75,0.0,1500.0,0.0,6.2526
988.500425,2026-05-06T01:30:56.429283+00:00,76.4869,0.1666,96.3964,-0.1616,0.75,0.0,1500.0,0.0,6.2768
989.000614,2026-05-06T01:30:56.929476+00:00,76.3742,0.0644,96.5361,-0.0856,0.75,0.0,1500.0,0.0,6.2887
989.501162,2026-05-06T01:30:57.430014+00:00,76.4149,-0.0141,96.7591,0.0499,0.75,0.0,1500.0,0.0,6.2945
990.0,2026-05-06T01:30:57.933980+00:00,76.4462,-0.0109,96.6992,0.0692,0.75,0.0,1500.0,0.0,6.2973
990.5,2026-05-06T01:30:58.428802+00:00,76.4702,-0.0083,96.8845,0.1766,0.75,0.0,1500.0,0.0,6.2987
991.002076,2026-05-06T01:30:58.931016+00:00,76.4887,0.0572,96.6798,0.1049,0.75,0.0,1500.0,0.0,6.2994
991.5,2026-05-06T01:30:59.428807+00:00,76.5028,0.044,96.8696,0.1577,0.75,0.0,1500.0,0.0,6.2997
992.0,2026-05-06T01:30:59.929026+00:00,76.3865,-0.0298,96.8998,0.1212,0.75,0.0,1500.0,0.0,6.2998
992.500413,2026-05-06T01:31:00.435573+00:00,76.5516,0.0407,96.8073,0.0161,0.75,0.0,1500.0,0.0,6.2999
993.0,2026-05-06T01:31:00.928819+00:00,76.6785,0.0949,96.9676,0.0895,0.75,0.0,1500.0,0.0,6.3
993.500145,2026-05-06T01:31:01.429613+00:00,76.3942,-0.0543,96.9751,0.0302,0.75,0.0,1500.0,0.0,6.3
994.0,2026-05-06T01:31:01.928829+00:00,76.4303,0.0219,97.2122,0.1775,0.75,0.0,1500.0,0.0,6.3
994.5,2026-05-06T01:31:02.428832+00:00,76.3307,-0.1104,97.0474,0.0593,0.75,0.0,1500.0,0.0,6.3
995.0,2026-05-06T01:31:02.936415+00:00,75.8724,-0.4031,96.9208,0.007,0.75,0.0,1500.0,0.0,6.3
995.5,2026-05-06T01:31:03.428797+00:00,75.7746,-0.3098,96.9391,0.0439,0.75,0.0,1500.0,0.0,6.3
996.0,2026-05-06T01:31:03.929169+00:00,75.8268,-0.3017,97.0689,0.0338,0.75,0.0,1500.0,0.0,6.3
996.5,2026-05-06T01:31:04.428793+00:00,75.9941,-0.1683,96.9372,-0.0126,0.75,0.0,1500.0,0.0,6.3
997.000284,2026-05-06T01:31:04.929316+00:00,75.9955,0.0616,96.9518,-0.0868,0.75,0.0,1500.0,0.0,6.3
997.5,2026-05-06T01:31:05.439367+00:00,76.1238,0.1746,96.8241,-0.0744,0.75,0.0,1500.0,0.0,6.3
998.0,2026-05-06T01:31:05.928815+00:00,76.0952,0.1342,96.9805,0.0199,0.75,0.0,1500.0,0.0,6.3
998.5,2026-05-06T01:31:06.428980+00:00,76.2004,0.1031,96.985,0.0153,0.75,0.0,1500.0,0.0,6.3
999.001927,2026-05-06T01:31:06.930720+00:00,76.2813,0.1429,96.8728,-0.0654,0.75,0.0,1500.0,0.0,6.3
999.5,2026-05-06T01:31:07.429040+00:00,76.3435,0.1098,96.7865,-0.0502,0.75,0.0,1500.0,0.0,6.3
1000.0,2026-05-06T01:31:07.935673+00:00,76.3913,0.1481,96.8359,-0.0386,0.75,0.0,1500.0,0.0,6.3
1000.5,2026-05-06T01:31:08.428875+00:00,76.428,0.1138,96.6193,-0.0682,0.75,0.0,1500.0,0.0,6.3
1001.0,2026-05-06T01:31:08.928777+00:00,76.2017,-0.0398,96.7074,-0.091,0.75,0.0,1500.0,0.0,6.3
1001.5,2026-05-06T01:31:09.428801+00:00,76.2823,-0.0306,96.7751,-0.07,0.75,0.0,1500.0,0.0,6.3
1002.000864,2026-05-06T01:31:09.929696+00:00,76.3442,-0.0235,96.3644,-0.1695,0.75,0.0,1500.0,0.0,6.3
1002.5,2026-05-06T01:31:10.434569+00:00,76.3919,-0.0181,96.2569,-0.1765,0.75,0.0,1500.0,0.0,6.3
1003.0,2026-05-06T01:31:10.928975+00:00,76.3012,0.0497,96.29,-0.182,0.75,0.0,1500.0,0.0,6.3
1003.5,2026-05-06T01:31:11.428845+00:00,76.3588,0.0382,96.1072,-0.1707,0.75,0.0,1500.0,0.0,6.3
1004.0,2026-05-06T01:31:11.928779+00:00,76.2757,-0.0342,96.4295,-0.0926,0.75,0.0,1500.0,0.0,6.3
1004.5,2026-05-06T01:31:12.429298+00:00,76.4665,0.0373,96.4458,-0.1098,0.75,0.0,1500.0,0.0,6.3
1005.0,2026-05-06T01:31:12.935629+00:00,76.4858,0.0923,96.5741,0.0699,0.75,0.0,1500.0,0.0,6.3
1005.5,2026-05-06T01:31:13.428851+00:00,76.5007,0.071,96.4181,0.0537,0.75,0.0,1500.0,0.0,6.3
1006.0,2026-05-06T01:31:13.928922+00:00,76.3848,0.0545,95.9742,-0.1053,0.75,0.0,1500.0,0.0,6.3512
1006.5,2026-05-06T01:31:14.428819+00:00,76.2958,-0.0854,96.0959,-0.0038,0.75,0.0,1500.0,0.0,6.3762
1007.0,2026-05-06T01:31:14.928945+00:00,76.1001,-0.1929,96.0737,-0.1186,0.75,0.0,1500.0,0.0,6.3884
1007.5,2026-05-06T01:31:15.434131+00:00,75.9496,-0.2755,95.8253,-0.2069,0.75,0.0,1500.0,0.0,6.3431
1008.0,2026-05-06T01:31:15.929235+00:00,76.0886,-0.1481,95.8657,-0.2361,0.75,0.0,1500.0,0.0,6.3722
1008.5,2026-05-06T01:31:16.428820+00:00,75.9408,-0.1775,96.1282,-0.0966,0.75,0.0,1500.0,0.0,6.3353
1009.0,2026-05-06T01:31:16.929127+00:00,75.8272,-0.1364,96.2142,0.08,0.75,0.0,1500.0,0.0,6.3172
1009.50194,2026-05-06T01:31:17.432873+00:00,75.8672,-0.0412,96.4192,0.1078,0.75,0.0,1500.0,0.0,6.3084
1010.0,2026-05-06T01:31:17.933551+00:00,76.0252,-0.0317,96.5536,0.16,0.75,0.0,1500.0,0.0,6.3041
1010.5,2026-05-06T01:31:18.428888+00:00,76.1466,0.1029,96.6569,0.2772,0.75,0.0,1500.0,0.0,6.302
1011.0,2026-05-06T01:31:18.928813+00:00,76.24,0.2064,96.6206,0.2516,0.75,0.0,1500.0,0.0,6.301
1011.5,2026-05-06T01:31:19.428838+00:00,76.1844,0.1586,96.9398,0.2705,0.75,0.0,1500.0,0.0,6.3005
1012.0,2026-05-06T01:31:19.929199+00:00,76.1418,0.0583,96.8149,0.2002,0.75,0.0,1500.0,0.0,6.3002
1012.5,2026-05-06T01:31:20.434230+00:00,76.109,-0.0188,96.742,0.1076,0.75,0.0,1500.0,0.0,6.2489
1013.0,2026-05-06T01:31:20.928815+00:00,76.211,-0.0145,96.8017,0.0827,0.75,0.0,1500.0,0.0,6.3263
1013.501536,2026-05-06T01:31:21.430392+00:00,76.1622,-0.0111,96.8476,0.0636,0.75,0.0,1500.0,0.0,6.364
1014.0,2026-05-06T01:31:21.929112+00:00,75.9974,-0.0722,96.7672,0.0489,0.75,0.0,1500.0,0.0,6.3824
1014.5,2026-05-06T01:31:22.428904+00:00,75.998,-0.0555,96.7979,-0.0473,0.75,0.0,1500.0,0.0,6.3914
1015.000558,2026-05-06T01:31:22.934912+00:00,76.1257,-0.0426,96.7058,-0.0363,0.75,0.0,1500.0,0.0,6.3958
1015.5,2026-05-06T01:31:23.428930+00:00,76.0966,-0.0328,96.6813,-0.0202,0.75,0.0,1500.0,0.0,6.398
1016.0,2026-05-06T01:31:23.928852+00:00,75.947,-0.0252,96.7551,-0.0155,0.75,0.0,1500.0,0.0,6.399
1016.5,2026-05-06T01:31:24.429165+00:00,75.9593,-0.0194,96.5804,-0.0891,0.75,0.0,1500.0,0.0,6.3995
1017.0,2026-05-06T01:31:24.928919+00:00,76.096,-0.0149,96.9089,0.0472,0.75,0.0,1500.0,0.0,6.3998
1017.5,2026-05-06T01:31:25.434090+00:00,75.9465,-0.0751,96.9299,0.044,0.75,0.0,1500.0,0.0,6.3487
1018.0,2026-05-06T01:31:25.928881+00:00,75.9589,0.0059,96.8305,0.0415,0.75,0.0,1500.0,0.0,6.375
1018.5,2026-05-06T01:31:26.429170+00:00,76.0957,0.0682,96.7309,0.0165,0.75,0.0,1500.0,0.0,6.3878
1019.0,2026-05-06T01:31:26.929570+00:00,75.9463,-0.0749,96.6774,-0.0259,0.75,0.0,1500.0,0.0,6.394
1019.5,2026-05-06T01:31:27.428818+00:00,75.9587,0.0061,96.7521,0.0572,0.75,0.0,1500.0,0.0,6.3971
1020.0,2026-05-06T01:31:27.934087+00:00,75.9682,0.0047,96.6937,-0.0717,0.75,0.0,1500.0,0.0,6.3986
1020.5,2026-05-06T01:31:28.428838+00:00,75.8483,-0.1237,96.7646,-0.0551,0.75,0.0,1500.0,0.0,6.3993
1021.0,2026-05-06T01:31:28.928943+00:00,75.7562,-0.095,96.8191,-0.0038,0.75,0.0,1500.0,0.0,6.3997
1021.5,2026-05-06T01:31:29.429041+00:00,75.9398,-0.0094,96.9766,0.0819,0.75,0.0,1500.0,0.0,6.3998
1022.000146,2026-05-06T01:31:29.928932+00:00,76.2083,0.12,96.6349,-0.0142,0.75,0.0,1500.0,0.0,6.3999
1022.5,2026-05-06T01:31:30.436725+00:00,76.2874,0.2195,96.7194,-0.0109,0.75,0.0,1500.0,0.0,6.3488
1023.0,2026-05-06T01:31:30.928909+00:00,76.2209,0.2324,96.9,0.0688,0.75,0.0,1500.0,0.0,6.375
1023.500429,2026-05-06T01:31:31.429309+00:00,76.1698,0.115,96.8075,0.0143,0.75,0.0,1500.0,0.0,6.3366
1024.0,2026-05-06T01:31:31.928840+00:00,76.0032,-0.1025,96.9677,0.0495,0.75,0.0,1500.0,0.0,6.3179
1024.5,2026-05-06T01:31:32.428846+00:00,76.0025,-0.1425,97.0909,0.0381,0.75,0.0,1500.0,0.0,6.3087
1025.0,2026-05-06T01:31:32.933406+00:00,76.0019,-0.1095,97.0699,0.145,0.75,0.0,1500.0,0.0,6.3043
1025.5,2026-05-06T01:31:33.428795+00:00,75.8742,-0.1478,97.0537,0.1114,0.75,0.0,1500.0,0.0,6.3021
1026.0,2026-05-06T01:31:33.928825+00:00,75.9033,-0.05,96.671,-0.0763,0.75,0.0,1500.0,0.0,6.301
1026.5,2026-05-06T01:31:34.428787+00:00,75.7984,-0.102,96.8629,0.0185,0.75,0.0,1500.0,0.0,6.3005
1027.0,2026-05-06T01:31:34.929010+00:00,75.7178,-0.1421,96.7557,-0.0707,0.75,0.0,1500.0,0.0,6.3002
1027.5,2026-05-06T01:31:35.434783+00:00,75.6558,-0.1092,96.8123,-0.0929,0.75,0.0,1500.0,0.0,6.3001
1028.0,2026-05-06T01:31:35.929002+00:00,75.8627,-0.0203,96.6012,-0.1562,0.75,0.0,1500.0,0.0,6.3001
1028.5,2026-05-06T01:31:36.429256+00:00,75.8945,0.048,96.6935,-0.1201,0.75,0.0,1500.0,0.0,6.3
1029.0,2026-05-06T01:31:36.928827+00:00,75.7916,0.0369,96.6256,-0.0152,0.75,0.0,1500.0,0.0,6.3
1029.5,2026-05-06T01:31:37.428817+00:00,75.7126,0.0284,96.8279,-0.0117,0.75,0.0,1500.0,0.0,6.3
1030.0,2026-05-06T01:31:37.937592+00:00,75.9064,0.0218,96.6132,-0.0475,0.75,0.0,1500.0,0.0,6.3
1030.5,2026-05-06T01:31:38.428803+00:00,75.928,0.0168,96.587,-0.0751,0.75,0.0,1500.0,0.0,6.3
1031.0,2026-05-06T01:31:38.928818+00:00,75.9447,0.0765,96.6826,0.0271,0.75,0.0,1500.0,0.0,6.3
1031.5,2026-05-06T01:31:39.428874+00:00,75.9575,0.1224,96.756,0.0209,0.75,0.0,1500.0,0.0,6.3
1032.0,2026-05-06T01:31:39.928979+00:00,75.7128,-0.0968,96.9282,0.1009,0.75,0.0,1500.0,0.0,6.3
1032.5,2026-05-06T01:31:40.434995+00:00,75.7792,-0.0744,96.9448,0.039,0.75,0.0,1500.0,0.0,6.3
1033.0,2026-05-06T01:31:40.928812+00:00,75.7031,-0.1208,96.8419,0.0762,0.75,0.0,1500.0,0.0,6.3
1033.5,2026-05-06T01:31:41.428980+00:00,75.5172,-0.2201,97.1099,0.1743,0.75,0.0,1500.0,0.0,6.3
1034.0,2026-05-06T01:31:41.928877+00:00,75.5017,-0.1056,97.0844,0.134,0.75,0.0,1500.0,0.0,6.3
1034.5,2026-05-06T01:31:42.428946+00:00,75.4897,-0.1448,97.0649,0.103,0.75,0.0,1500.0,0.0,6.3
1035.0,2026-05-06T01:31:42.933980+00:00,75.4805,-0.1113,96.8185,-0.0366,0.75,0.0,1500.0,0.0,6.3
1035.501559,2026-05-06T01:31:43.430409+00:00,75.6007,0.0418,96.6291,-0.1052,0.75,0.0,1500.0,0.0,6.3
1036.0,2026-05-06T01:31:43.929110+00:00,75.5659,0.0321,96.3678,-0.158,0.75,0.0,1500.0,0.0,6.3
1036.5,2026-05-06T01:31:44.428853+00:00,75.539,0.0247,96.6298,-0.16,0.75,0.0,1500.0,0.0,6.3
1037.0,2026-05-06T01:31:44.928827+00:00,75.5184,0.019,96.4841,-0.2001,0.75,0.0,1500.0,0.0,6.3
1037.5,2026-05-06T01:31:45.437688+00:00,75.6299,0.0146,96.6035,-0.1538,0.75,0.0,1500.0,0.0,6.3
1038.0,2026-05-06T01:31:45.929086+00:00,75.461,-0.0524,96.6721,-0.0488,0.75,0.0,1500.0,0.0,6.3
1038.5,2026-05-06T01:31:46.428921+00:00,75.5857,0.0233,96.6323,0.0011,0.75,0.0,1500.0,0.0,6.3
1039.0,2026-05-06T01:31:46.928801+00:00,75.427,-0.0457,96.5785,0.0702,0.75,0.0,1500.0,0.0,6.3
1039.5,2026-05-06T01:31:47.428787+00:00,75.5596,-0.0351,96.676,0.0154,0.75,0.0,1500.0,0.0,6.3
1040.0,2026-05-06T01:31:47.934379+00:00,75.5343,0.0366,96.5196,0.0118,0.75,0.0,1500.0,0.0,6.3
1040.5,2026-05-06T01:31:48.428791+00:00,75.642,0.0282,96.7233,0.04,0.75,0.0,1500.0,0.0,6.2488
1041.0,2026-05-06T01:31:48.929263+00:00,75.7249,0.1489,96.7874,0.0384,0.75,0.0,1500.0,0.0,6.2238
1041.5,2026-05-06T01:31:49.428789+00:00,75.6613,0.0508,96.6052,-0.009,0.75,0.0,1500.0,0.0,6.2116
1042.0,2026-05-06T01:31:49.928833+00:00,75.4851,-0.0246,96.6965,0.0393,0.75,0.0,1500.0,0.0,6.2057
1042.5,2026-05-06T01:31:50.435540+00:00,75.477,-0.0825,96.7667,0.0302,0.75,0.0,1500.0,0.0,6.2028
1043.000171,2026-05-06T01:31:50.929038+00:00,75.7253,0.0002,96.5893,0.0232,0.75,0.0,1500.0,0.0,6.2526
1043.5,2026-05-06T01:31:51.428805+00:00,75.6616,0.0002,96.6844,-0.013,0.75,0.0,1500.0,0.0,6.2768
1044.00157,2026-05-06T01:31:51.930406+00:00,75.6126,0.0638,96.7574,-0.01,0.75,0.0,1500.0,0.0,6.2887
1044.5,2026-05-06T01:31:52.428792+00:00,75.575,0.049,96.8135,0.0695,0.75,0.0,1500.0,0.0,6.2945
1045.0,2026-05-06T01:31:52.933631+00:00,75.6733,-0.026,96.741,0.0148,0.75,0.0,1500.0,0.0,6.2973
1045.5,2026-05-06T01:31:53.428876+00:00,75.7489,0.0437,96.8009,0.0114,0.75,0.0,1500.0,0.0,6.2987
1046.0,2026-05-06T01:31:53.929033+00:00,75.6798,0.0336,96.847,0.0859,0.75,0.0,1500.0,0.0,6.2994
1046.5,2026-05-06T01:31:54.428971+00:00,75.7539,0.0894,96.7667,0.0274,0.75,0.0,1500.0,0.0,6.2997
1047.0,2026-05-06T01:31:54.928793+00:00,75.6835,0.0051,96.8207,0.0211,0.75,0.0,1500.0,0.0,6.2998
1047.5,2026-05-06T01:31:55.434763+00:00,75.6295,-0.0597,96.9779,0.0548,0.75,0.0,1500.0,0.0,6.2999
1048.0,2026-05-06T01:31:55.928883+00:00,75.7152,0.0177,97.0987,0.1192,0.75,0.0,1500.0,0.0,6.3
1048.5,2026-05-06T01:31:56.428815+00:00,75.6539,-0.05,96.9602,0.0531,0.75,0.0,1500.0,0.0,6.3
1049.000963,2026-05-06T01:31:56.930443+00:00,75.734,0.0252,96.9694,0.0408,0.75,0.0,1500.0,0.0,6.3
1049.501512,2026-05-06T01:31:57.430350+00:00,75.6682,0.0194,96.9996,0.0776,0.75,0.0,1500.0,0.0,6.3
1050.0,2026-05-06T01:31:57.933776+00:00,75.4905,-0.1124,96.8609,0.0134,0.75,0.0,1500.0,0.0,6.3
1050.5,2026-05-06T01:31:58.428820+00:00,75.7357,0.0409,97.0088,0.0103,0.75,0.0,1500.0,0.0,6.3
1051.0,2026-05-06T01:31:58.928874+00:00,75.6696,-0.0322,96.891,-0.0692,0.75,0.0,1500.0,0.0,6.3
1051.5,2026-05-06T01:31:59.428786+00:00,75.746,0.0389,96.8005,-0.0532,0.75,0.0,1500.0,0.0,6.3
1052.0,2026-05-06T01:31:59.928875+00:00,75.6775,0.0935,96.7079,-0.0872,0.75,0.0,1500.0,0.0,6.3
1052.500398,2026-05-06T01:32:00.435544+00:00,75.6249,-0.0554,96.5441,-0.1518,0.75,0.0,1500.0,0.0,6.2488
1053.0,2026-05-06T01:32:00.928786+00:00,75.7117,0.0211,96.5339,-0.109,0.75,0.0,1500.0,0.0,6.275
1053.5,2026-05-06T01:32:01.428865+00:00,75.7784,0.0162,96.526,-0.1609,0.75,0.0,1500.0,0.0,6.2878
1054.00039,2026-05-06T01:32:01.929560+00:00,75.8297,0.0761,96.4043,-0.1622,0.75,0.0,1500.0,0.0,6.294
1054.5,2026-05-06T01:32:02.429502+00:00,75.7418,0.0585,96.6578,-0.0476,0.75,0.0,1500.0,0.0,6.2971
1055.0,2026-05-06T01:32:02.933645+00:00,75.6743,-0.0187,96.7139,0.002,0.75,0.0,1500.0,0.0,6.2986
1055.500405,2026-05-06T01:32:03.429271+00:00,75.6224,-0.078,96.6644,0.0401,0.75,0.0,1500.0,0.0,6.2993
1056.0,2026-05-06T01:32:03.929209+00:00,75.5825,-0.1236,96.8578,0.108,0.75,0.0,1500.0,0.0,6.2997
1056.5,2026-05-06T01:32:04.428825+00:00,75.4246,-0.1586,96.8907,0.1215,0.75,0.0,1500.0,0.0,6.2998
1057.000269,2026-05-06T01:32:04.929056+00:00,75.3032,-0.1856,97.0317,0.2091,0.75,0.0,1500.0,0.0,6.2999
1057.5,2026-05-06T01:32:05.436286+00:00,75.4644,-0.079,97.14,0.1607,0.75,0.0,1500.0,0.0,6.3
1058.0,2026-05-06T01:32:05.930362+00:00,75.4611,-0.0607,96.9919,0.0927,0.75,0.0,1500.0,0.0,6.3
1058.5,2026-05-06T01:32:06.428816+00:00,75.5858,0.0806,97.2252,0.1869,0.75,0.0,1500.0,0.0,6.3
1059.0,2026-05-06T01:32:06.928837+00:00,75.4271,0.062,97.2888,0.1437,0.75,0.0,1500.0,0.0,6.3
1059.5,2026-05-06T01:32:07.428955+00:00,75.5597,0.0476,97.3377,0.149,0.75,0.0,1500.0,0.0,6.3
1060.0,2026-05-06T01:32:07.934408+00:00,75.5343,0.0366,97.3752,0.1145,0.75,0.0,1500.0,0.0,6.3
1060.5,2026-05-06T01:32:08.428775+00:00,75.3875,-0.0991,97.1727,0.0109,0.75,0.0,1500.0,0.0,6.3
1061.0,2026-05-06T01:32:08.928803+00:00,75.402,-0.0126,97.2484,0.0855,0.75,0.0,1500.0,0.0,6.3
1061.5,2026-05-06T01:32:09.429312+00:00,75.5404,-0.0097,97.0752,-0.05,0.75,0.0,1500.0,0.0,6.3
1062.0,2026-05-06T01:32:09.928823+00:00,75.6467,0.0562,97.0578,-0.077,0.75,0.0,1500.0,0.0,6.3
1062.5,2026-05-06T01:32:10.436215+00:00,75.4739,0.0432,97.0213,-0.1055,0.75,0.0,1500.0,0.0,6.3
1063.001741,2026-05-06T01:32:10.930578+00:00,75.4684,0.0332,97.0164,-0.1196,0.75,0.0,1500.0,0.0,6.3
1063.500066,2026-05-06T01:32:11.428876+00:00,75.7187,0.0892,96.8969,-0.0919,0.75,0.0,1500.0,0.0,6.3
1064.0,2026-05-06T01:32:11.928852+00:00,75.7838,0.0685,96.9208,-0.1092,0.75,0.0,1500.0,0.0,6.3
1064.5,2026-05-06T01:32:12.428780+00:00,75.7065,0.1163,96.8234,-0.084,0.75,0.0,1500.0,0.0,6.3
1065.0,2026-05-06T01:32:12.935386+00:00,75.6472,0.0894,96.7254,-0.1108,0.75,0.0,1500.0,0.0,6.3
1065.5,2026-05-06T01:32:13.428807+00:00,75.8561,0.0687,96.789,-0.0775,0.75,0.0,1500.0,0.0,6.3
1066.0,2026-05-06T01:32:13.928785+00:00,75.8894,0.0528,96.6064,-0.1367,0.75,0.0,1500.0,0.0,6.3
1066.5,2026-05-06T01:32:14.428797+00:00,75.915,0.1042,96.4429,-0.1513,0.75,0.0,1500.0,0.0,6.3
1067.0,2026-05-06T01:32:14.928914+00:00,75.9347,0.1437,96.5487,-0.124,0.75,0.0,1500.0,0.0,6.3
1067.5,2026-05-06T01:32:15.433799+00:00,75.8225,-0.0168,96.5374,-0.0953,0.75,0.0,1500.0,0.0,6.3
1068.0,2026-05-06T01:32:15.928809+00:00,75.9908,0.0507,96.7602,0.0116,0.75,0.0,1500.0,0.0,6.3
1068.5,2026-05-06T01:32:16.429493+00:00,75.8657,-0.0246,96.8157,0.0089,0.75,0.0,1500.0,0.0,6.3
1069.0,2026-05-06T01:32:16.928803+00:00,76.024,0.0447,96.7426,0.0454,0.75,0.0,1500.0,0.0,6.3
1069.5,2026-05-06T01:32:17.428977+00:00,76.0185,0.098,97.0336,0.1969,0.75,0.0,1500.0,0.0,6.3
1070.0,2026-05-06T01:32:17.935293+00:00,76.1415,0.0753,97.0258,0.159,0.75,0.0,1500.0,0.0,6.3
1070.5,2026-05-06T01:32:18.429017+00:00,75.9815,0.0579,97.0198,0.1608,0.75,0.0,1500.0,0.0,6.3
1071.0,2026-05-06T01:32:18.928873+00:00,75.8585,-0.0828,97.0152,0.085,0.75,0.0,1500.0,0.0,6.3
1071.500019,2026-05-06T01:32:19.429293+00:00,75.764,-0.1273,97.0117,0.0654,0.75,0.0,1500.0,0.0,6.3
1072.0,2026-05-06T01:32:19.929176+00:00,75.6913,-0.2251,97.1247,0.1274,0.75,0.0,1500.0,0.0,6.3
1072.501472,2026-05-06T01:32:20.438860+00:00,75.5082,-0.2366,97.119,0.0285,0.75,0.0,1500.0,0.0,6.3
1073.000781,2026-05-06T01:32:20.929582+00:00,75.622,-0.1182,97.0915,0.0219,0.75,0.0,1500.0,0.0,6.3
1073.5,2026-05-06T01:32:21.429146+00:00,75.8367,0.0364,97.0703,0.0168,0.75,0.0,1500.0,0.0,6.3
1074.000411,2026-05-06T01:32:21.929491+00:00,75.62,-0.0357,97.1697,0.0515,0.75,0.0,1500.0,0.0,6.3
1074.5,2026-05-06T01:32:22.428956+00:00,75.4534,-0.0274,97.1305,0.0396,0.75,0.0,1500.0,0.0,6.3
1075.0,2026-05-06T01:32:22.934673+00:00,75.4526,-0.0847,97.3317,0.069,0.75,0.0,1500.0,0.0,6.3
1075.5,2026-05-06T01:32:23.428827+00:00,75.452,-0.1924,97.2549,0.0453,0.75,0.0,1500.0,0.0,6.3
1076.0,2026-05-06T01:32:23.928820+00:00,75.5788,-0.0206,97.3116,0.0734,0.75,0.0,1500.0,0.0,6.3
1076.500922,2026-05-06T01:32:24.429734+00:00,75.6763,0.1114,97.2395,0.0564,0.75,0.0,1500.0,0.0,6.3
1077.0,2026-05-06T01:32:24.928948+00:00,75.6239,0.0857,97.1841,0.0048,0.75,0.0,1500.0,0.0,6.3
1077.5,2026-05-06T01:32:25.434077+00:00,75.5837,0.0658,97.0027,-0.0426,0.75,0.0,1500.0,0.0,6.2488
1078.001951,2026-05-06T01:32:25.930865+00:00,75.68,0.0506,96.6549,-0.2256,0.75,0.0,1500.0,0.0,6.275
1078.5,2026-05-06T01:32:26.428867+00:00,75.6268,-0.0247,96.7348,-0.1734,0.75,0.0,1500.0,0.0,6.2878
1079.0,2026-05-06T01:32:26.928923+00:00,75.5859,-0.019,96.8887,-0.141,0.75,0.0,1500.0,0.0,6.294
1079.500006,2026-05-06T01:32:27.429228+00:00,75.5544,-0.0146,96.9145,-0.1084,0.75,0.0,1500.0,0.0,6.2971
1080.0,2026-05-06T01:32:27.935013+00:00,75.403,-0.1385,97.05,-0.0447,0.75,0.0,1500.0,0.0,6.2986
1080.501557,2026-05-06T01:32:28.430399+00:00,75.4139,-0.1065,97.1541,0.0505,0.75,0.0,1500.0,0.0,6.2481
1081.0,2026-05-06T01:32:28.929013+00:00,75.295,-0.1455,97.0027,0.1159,0.75,0.0,1500.0,0.0,6.2235
1081.5,2026-05-06T01:32:29.428856+00:00,75.3308,-0.1118,97.2335,0.1662,0.75,0.0,1500.0,0.0,6.2115
1082.000459,2026-05-06T01:32:29.929251+00:00,75.3584,-0.0223,97.0638,0.0584,0.75,0.0,1500.0,0.0,6.2056
1082.5,2026-05-06T01:32:30.436006+00:00,75.1251,-0.1444,97.1647,0.0834,0.75,0.0,1500.0,0.0,6.2027
1083.0,2026-05-06T01:32:30.928941+00:00,75.073,-0.111,97.1266,0.0255,0.75,0.0,1500.0,0.0,6.2525
1083.5,2026-05-06T01:32:31.428808+00:00,75.1602,-0.0853,96.8659,-0.0961,0.75,0.0,1500.0,0.0,6.2768
1084.0,2026-05-06T01:32:31.929009+00:00,75.2273,-0.0656,97.0126,0.0033,0.75,0.0,1500.0,0.0,6.2887
1084.5,2026-05-06T01:32:32.428913+00:00,75.4061,0.1405,97.1254,-0.036,0.75,0.0,1500.0,0.0,6.2945
1085.0,2026-05-06T01:32:32.935358+00:00,75.289,0.108,97.0964,0.0109,0.75,0.0,1500.0,0.0,6.2973
1085.5,2026-05-06T01:32:33.428796+00:00,75.3262,0.083,96.9584,-0.0688,0.75,0.0,1500.0,0.0,6.2475
1086.000392,2026-05-06T01:32:33.929573+00:00,75.3549,0.0638,96.8523,-0.0914,0.75,0.0,1500.0,0.0,6.2232
1086.5,2026-05-06T01:32:34.428979+00:00,75.3769,-0.0146,97.0022,0.0454,0.75,0.0,1500.0,0.0,6.2113
1087.0,2026-05-06T01:32:34.928808+00:00,75.2665,-0.0112,96.886,-0.0422,0.75,0.0,1500.0,0.0,6.2055
1087.500401,2026-05-06T01:32:35.434273+00:00,75.0545,-0.1359,96.7967,-0.1096,0.75,0.0,1500.0,0.0,6.2027
1088.0,2026-05-06T01:32:35.928899+00:00,75.2733,-0.0408,96.728,-0.1228,0.75,0.0,1500.0,0.0,6.2525
1088.5,2026-05-06T01:32:36.428958+00:00,75.4414,0.0323,96.791,-0.0558,0.75,0.0,1500.0,0.0,6.2768
1089.000229,2026-05-06T01:32:36.929032+00:00,75.5707,0.1521,96.5848,-0.0892,0.75,0.0,1500.0,0.0,6.2887
1089.5,2026-05-06T01:32:37.428804+00:00,75.4155,0.1805,96.6809,-0.1071,0.75,0.0,1500.0,0.0,6.2945
1090.000809,2026-05-06T01:32:37.939303+00:00,75.4235,0.0751,96.639,-0.0823,0.75,0.0,1500.0,0.0,6.2973
1090.5,2026-05-06T01:32:38.428895+00:00,75.3023,-0.0695,96.7457,-0.017,0.75,0.0,1500.0,0.0,6.2987
1091.0,2026-05-06T01:32:38.929241+00:00,75.3365,-0.1171,96.6888,-0.0131,0.75,0.0,1500.0,0.0,6.2994
1091.503875,2026-05-06T01:32:39.432683+00:00,75.2355,-0.09,96.5294,-0.0872,0.75,0.0,1500.0,0.0,6.2997
1092.000775,2026-05-06T01:32:39.929580+00:00,75.4124,-0.0055,96.754,0.0564,0.75,0.0,1500.0,0.0,6.2998
1092.5,2026-05-06T01:32:40.434834+00:00,75.4211,0.0594,96.8109,0.0434,0.75,0.0,1500.0,0.0,6.2487
1093.0,2026-05-06T01:32:40.928807+00:00,75.4278,0.0456,96.5076,-0.0438,0.75,0.0,1500.0,0.0,6.3262
1093.501651,2026-05-06T01:32:41.430469+00:00,75.5602,0.1624,96.367,-0.1262,0.75,0.0,1500.0,0.0,6.364
1094.0,2026-05-06T01:32:41.928819+00:00,75.662,0.1248,96.2589,-0.1433,0.75,0.0,1500.0,0.0,6.3824
1094.5,2026-05-06T01:32:42.428832+00:00,75.4856,0.0323,96.5461,0.0056,0.75,0.0,1500.0,0.0,6.3914
1095.0,2026-05-06T01:32:42.934092+00:00,75.3501,-0.0388,96.6511,-0.0343,0.75,0.0,1500.0,0.0,6.3958
1095.5,2026-05-06T01:32:43.428829+00:00,75.3732,-0.0935,96.9633,0.0508,0.75,0.0,1500.0,0.0,6.3468
1096.000464,2026-05-06T01:32:43.929257+00:00,75.2637,-0.1991,96.8561,0.1162,0.75,0.0,1500.0,0.0,6.3228
1096.5,2026-05-06T01:32:44.428815+00:00,75.1796,-0.153,96.8894,0.1741,0.75,0.0,1500.0,0.0,6.3111
1097.0,2026-05-06T01:32:44.929163+00:00,75.2421,-0.054,96.915,0.2187,0.75,0.0,1500.0,0.0,6.3054
1097.5,2026-05-06T01:32:45.434825+00:00,75.2902,-0.0415,96.5875,0.0138,0.75,0.0,1500.0,0.0,6.3027
1098.0,2026-05-06T01:32:45.928802+00:00,75.1999,-0.0319,96.3359,-0.1051,0.75,0.0,1500.0,0.0,6.3525
1098.5,2026-05-06T01:32:46.428809+00:00,75.1305,-0.0245,96.6053,-0.1193,0.75,0.0,1500.0,0.0,6.3256
1099.000205,2026-05-06T01:32:46.929008+00:00,75.2045,-0.0188,96.5578,-0.0994,0.75,0.0,1500.0,0.0,6.3125
1099.5,2026-05-06T01:32:47.429146+00:00,75.3885,0.0492,96.8915,0.0007,0.75,0.0,1500.0,0.0,6.3061
1100.0,2026-05-06T01:32:47.937626+00:00,75.4028,0.1014,97.0323,0.0391,0.75,0.0,1500.0,0.0,6.303
1100.5,2026-05-06T01:32:48.428828+00:00,75.2864,0.0779,96.9091,0.1072,0.75,0.0,1500.0,0.0,6.3015
1101.0,2026-05-06T01:32:48.928950+00:00,75.3243,0.0599,96.8145,0.1595,0.75,0.0,1500.0,0.0,6.3007
1101.5,2026-05-06T01:32:49.428832+00:00,75.3534,-0.0176,96.8574,0.084,0.75,0.0,1500.0,0.0,6.3003
1102.0,2026-05-06T01:32:49.928823+00:00,75.3757,-0.0135,96.8904,0.1109,0.75,0.0,1500.0,0.0,6.3002
1102.5,2026-05-06T01:32:50.435319+00:00,75.3929,0.0532,96.9158,0.0081,0.75,0.0,1500.0,0.0,6.3001
1103.0,2026-05-06T01:32:50.928790+00:00,75.2789,-0.0227,96.7038,-0.1095,0.75,0.0,1500.0,0.0,6.3
1103.5,2026-05-06T01:32:51.428970+00:00,75.3185,-0.0175,96.8881,-0.007,0.75,0.0,1500.0,0.0,6.3
1104.001565,2026-05-06T01:32:51.930404+00:00,75.3489,-0.0134,97.0297,0.0717,0.75,0.0,1500.0,0.0,6.3
1104.5,2026-05-06T01:32:52.428778+00:00,75.245,-0.0739,96.9071,0.0166,0.75,0.0,1500.0,0.0,6.3
1105.0,2026-05-06T01:32:52.933890+00:00,75.1652,-0.0568,96.9286,0.0127,0.75,0.0,1500.0,0.0,6.3
1105.5,2026-05-06T01:32:53.428834+00:00,75.3584,0.02,96.6906,-0.0751,0.75,0.0,1500.0,0.0,6.3
1106.0,2026-05-06T01:32:53.928816+00:00,75.3796,0.0153,96.5308,-0.0577,0.75,0.0,1500.0,0.0,6.3
1106.5,2026-05-06T01:32:54.429033+00:00,75.3959,0.0754,96.6394,-0.0829,0.75,0.0,1500.0,0.0,6.3
1107.0,2026-05-06T01:32:54.928912+00:00,75.2811,0.058,96.4914,-0.1794,0.75,0.0,1500.0,0.0,6.3
1107.5,2026-05-06T01:32:55.434568+00:00,75.3202,-0.0191,96.8405,-0.0222,0.75,0.0,1500.0,0.0,6.3
1108.0,2026-05-06T01:32:55.928969+00:00,75.3502,-0.0147,96.7617,-0.0556,0.75,0.0,1500.0,0.0,6.3
1108.5,2026-05-06T01:32:56.428819+00:00,75.6279,0.116,96.4697,-0.0736,0.75,0.0,1500.0,0.0,6.3
1109.0,2026-05-06T01:32:56.928957+00:00,75.5867,0.1528,96.4536,-0.0257,0.75,0.0,1500.0,0.0,6.3
1109.5,2026-05-06T01:32:57.428863+00:00,75.3005,-0.0098,96.3486,-0.0969,0.75,0.0,1500.0,0.0,6.3
1110.001724,2026-05-06T01:32:57.936976+00:00,75.3351,-0.0076,96.2911,-0.0668,0.75,0.0,1500.0,0.0,6.3
1110.5,2026-05-06T01:32:58.428915+00:00,75.3617,-0.1331,96.4551,-0.1285,0.75,0.0,1500.0,0.0,6.3
1111.0,2026-05-06T01:32:58.929060+00:00,75.2549,-0.1659,96.5812,-0.0602,0.75,0.0,1500.0,0.0,6.3
1111.5,2026-05-06T01:32:59.428838+00:00,75.3,-0.0003,96.331,-0.0462,0.75,0.0,1500.0,0.0,6.3
1112.0,2026-05-06T01:32:59.928803+00:00,75.3347,-0.0002,96.4858,0.0107,0.75,0.0,1500.0,0.0,6.3
1112.5,2026-05-06T01:33:00.438821+00:00,75.2341,-0.0638,96.3734,0.0083,0.75,0.0,1500.0,0.0,6.3
1113.001755,2026-05-06T01:33:00.930588+00:00,75.2841,0.0146,96.287,-0.0014,0.75,0.0,1500.0,0.0,6.3
1113.5,2026-05-06T01:33:01.428786+00:00,75.1952,-0.0524,96.452,-0.0011,0.75,0.0,1500.0,0.0,6.3
1114.0,2026-05-06T01:33:01.928841+00:00,75.2542,-0.0403,96.4631,-0.0394,0.75,0.0,1500.0,0.0,6.3
1114.5,2026-05-06T01:33:02.428814+00:00,74.9177,-0.1582,96.4716,0.0469,0.75,0.0,1500.0,0.0,6.3
1115.0,2026-05-06T01:33:02.933791+00:00,75.1681,-0.058,96.5939,0.036,0.75,0.0,1500.0,0.0,6.3
1115.5,2026-05-06T01:33:03.428938+00:00,75.2333,0.0191,96.9193,0.182,0.75,0.0,1500.0,0.0,6.3
1116.0,2026-05-06T01:33:03.928879+00:00,75.2835,0.0147,96.938,0.217,0.75,0.0,1500.0,0.0,6.3
1116.5,2026-05-06T01:33:04.428889+00:00,75.322,0.2022,97.068,0.2053,0.75,0.0,1500.0,0.0,6.3
1117.0,2026-05-06T01:33:04.928934+00:00,75.2244,0.0281,96.9366,0.1578,0.75,0.0,1500.0,0.0,6.3
1117.5,2026-05-06T01:33:05.435183+00:00,75.022,-0.1057,97.1826,0.237,0.75,0.0,1500.0,0.0,6.3
1118.0,2026-05-06T01:33:05.928874+00:00,74.9938,-0.1448,97.1404,0.1822,0.75,0.0,1500.0,0.0,6.3
1118.5,2026-05-06T01:33:06.428776+00:00,75.0994,-0.1113,96.9922,0.0243,0.75,0.0,1500.0,0.0,6.3
1119.000323,2026-05-06T01:33:06.929170+00:00,74.926,-0.1492,97.1097,0.0573,0.75,0.0,1500.0,0.0,6.3
1119.5,2026-05-06T01:33:07.429280+00:00,75.1745,0.0762,97.0843,0.0054,0.75,0.0,1500.0,0.0,6.3
1120.0,2026-05-06T01:33:07.935533+00:00,75.3655,0.1859,97.0648,0.0427,0.75,0.0,1500.0,0.0,6.3
1120.5,2026-05-06T01:33:08.428875+00:00,75.1305,0.0156,97.1655,-0.0057,0.75,0.0,1500.0,0.0,6.3
1121.0,2026-05-06T01:33:08.928810+00:00,75.2045,0.1392,97.1272,-0.0044,0.75,0.0,1500.0,0.0,6.3
1121.5,2026-05-06T01:33:09.428789+00:00,75.0067,-0.0839,97.2135,0.0738,0.75,0.0,1500.0,0.0,6.3
1122.0,2026-05-06T01:33:09.929029+00:00,74.982,-0.1917,97.0252,-0.0282,0.75,0.0,1500.0,0.0,6.3
1122.500391,2026-05-06T01:33:10.436366+00:00,74.9631,-0.0837,96.6723,-0.1373,0.75,0.0,1500.0,0.0,6.3
1123.0,2026-05-06T01:33:10.928819+00:00,74.8212,-0.1916,96.4242,-0.2135,0.75,0.0,1500.0,0.0,6.3
1123.5,2026-05-06T01:33:11.428972+00:00,74.9667,-0.02,96.5574,-0.2027,0.75,0.0,1500.0,0.0,6.3
1124.00056,2026-05-06T01:33:11.929387+00:00,74.9513,-0.0154,96.3127,-0.2715,0.75,0.0,1500.0,0.0,6.3
1124.5,2026-05-06T01:33:12.428794+00:00,75.1939,0.1154,96.4718,-0.2472,0.75,0.0,1500.0,0.0,6.3
1125.000001,2026-05-06T01:33:12.934110+00:00,74.9987,0.0887,96.594,-0.1437,0.75,0.0,1500.0,0.0,6.3
1125.5,2026-05-06T01:33:13.428791+00:00,75.1031,0.0682,96.5722,-0.0334,0.75,0.0,1500.0,0.0,6.3
1126.0,2026-05-06T01:33:13.928846+00:00,75.0561,0.0524,96.4167,-0.0025,0.75,0.0,1500.0,0.0,6.3
1126.5,2026-05-06T01:33:14.429080+00:00,75.02,-0.087,96.3203,-0.079,0.75,0.0,1500.0,0.0,6.3
1127.001611,2026-05-06T01:33:14.930413+00:00,74.9922,-0.0032,96.2462,-0.0222,0.75,0.0,1500.0,0.0,6.3
1127.5,2026-05-06T01:33:15.434437+00:00,74.9709,-0.0661,96.3049,-0.0556,0.75,0.0,1500.0,0.0,6.3
1128.0,2026-05-06T01:33:15.929167+00:00,74.9545,-0.0508,96.4657,-0.0428,0.75,0.0,1500.0,0.0,6.3
1128.500477,2026-05-06T01:33:16.429285+00:00,75.0691,0.0246,96.5894,0.0057,0.75,0.0,1500.0,0.0,6.3
1129.0,2026-05-06T01:33:16.928818+00:00,75.1573,0.0825,96.8001,0.1278,0.75,0.0,1500.0,0.0,6.3
1129.5,2026-05-06T01:33:17.428830+00:00,75.3523,0.1907,97.0777,0.2525,0.75,0.0,1500.0,0.0,6.3
1130.0,2026-05-06T01:33:17.933082+00:00,75.3749,0.2102,97.0598,0.2712,0.75,0.0,1500.0,0.0,6.3
1130.5,2026-05-06T01:33:18.429163+00:00,75.265,0.0979,97.2773,0.3241,0.75,0.0,1500.0,0.0,6.2488
1131.0,2026-05-06T01:33:18.928809+00:00,75.4351,0.1389,97.0975,0.2106,0.75,0.0,1500.0,0.0,6.2238
1131.500027,2026-05-06T01:33:19.428842+00:00,75.5658,0.1068,97.1906,0.2004,0.75,0.0,1500.0,0.0,6.2116
1132.0,2026-05-06T01:33:19.928903+00:00,75.4117,0.0184,97.2622,0.154,0.75,0.0,1500.0,0.0,6.2057
1132.5,2026-05-06T01:33:20.434163+00:00,75.4206,0.0778,97.2015,0.0413,0.75,0.0,1500.0,0.0,6.2028
1133.0,2026-05-06T01:33:20.928982+00:00,75.4274,-0.0038,97.1549,0.0317,0.75,0.0,1500.0,0.0,6.2526
1133.501872,2026-05-06T01:33:21.430665+00:00,75.4326,-0.0666,97.0034,-0.0913,0.75,0.0,1500.0,0.0,6.2768
1134.0,2026-05-06T01:33:21.928875+00:00,75.1821,-0.1148,96.8869,-0.0702,0.75,0.0,1500.0,0.0,6.2887
1134.5,2026-05-06T01:33:22.428814+00:00,75.2441,-0.0882,96.7974,-0.1311,0.75,0.0,1500.0,0.0,6.2945
1135.0,2026-05-06T01:33:22.935867+00:00,75.2917,-0.0678,96.636,-0.2087,0.75,0.0,1500.0,0.0,6.2973
1135.5,2026-05-06T01:33:23.428971+00:00,75.3284,-0.0521,96.6045,-0.199,0.75,0.0,1500.0,0.0,6.2987
1136.0,2026-05-06T01:33:23.928995+00:00,75.3565,0.0872,96.696,-0.153,0.75,0.0,1500.0,0.0,6.2994
1136.500316,2026-05-06T01:33:24.429167+00:00,75.2509,0.0034,96.5118,-0.1638,0.75,0.0,1500.0,0.0,6.2997
1137.000129,2026-05-06T01:33:24.929168+00:00,75.297,0.0026,96.7405,-0.0488,0.75,0.0,1500.0,0.0,6.2998
1137.5,2026-05-06T01:33:25.439369+00:00,75.0778,-0.1253,96.9162,0.0396,0.75,0.0,1500.0,0.0,6.2999
1138.0,2026-05-06T01:33:25.928936+00:00,75.1639,-0.0963,96.8199,0.0613,0.75,0.0,1500.0,0.0,6.3
1138.5,2026-05-06T01:33:26.428998+00:00,75.1029,-0.074,96.7228,0.0394,0.75,0.0,1500.0,0.0,6.3
1139.002384,2026-05-06T01:33:26.931543+00:00,75.1832,-0.0569,96.6712,-0.0083,0.75,0.0,1500.0,0.0,6.3
1139.5,2026-05-06T01:33:27.428803+00:00,74.8631,-0.1074,96.6085,0.0322,0.75,0.0,1500.0,0.0,6.3
1140.0,2026-05-06T01:33:27.935580+00:00,74.9989,-0.0825,96.5834,-0.0524,0.75,0.0,1500.0,0.0,6.3
1140.5,2026-05-06T01:33:28.428915+00:00,75.2306,0.0639,96.5641,-0.1174,0.75,0.0,1500.0,0.0,6.3
1141.0,2026-05-06T01:33:28.928788+00:00,75.1541,-0.0146,96.5492,-0.0902,0.75,0.0,1500.0,0.0,6.3
1141.5,2026-05-06T01:33:29.429171+00:00,75.0953,0.1161,96.6535,-0.0231,0.75,0.0,1500.0,0.0,6.3
1142.0,2026-05-06T01:33:29.929782+00:00,75.1774,0.0892,96.5949,-0.0254,0.75,0.0,1500.0,0.0,6.3
1142.5,2026-05-06T01:33:30.433711+00:00,75.2405,0.0049,96.8043,0.0653,0.75,0.0,1500.0,0.0,6.3
1143.0,2026-05-06T01:33:30.928900+00:00,75.1617,0.0038,96.7108,0.0425,0.75,0.0,1500.0,0.0,6.3
1143.500557,2026-05-06T01:33:31.429373+00:00,75.2284,0.0666,96.662,0.0326,0.75,0.0,1500.0,0.0,6.3
1144.0,2026-05-06T01:33:31.928839+00:00,75.2797,0.0512,96.6245,0.0251,0.75,0.0,1500.0,0.0,6.3
1144.500126,2026-05-06T01:33:32.428946+00:00,75.1918,-0.0243,96.8271,0.0578,0.75,0.0,1500.0,0.0,6.3
1145.0,2026-05-06T01:33:32.936546+00:00,75.1243,-0.0187,96.6357,0.0136,0.75,0.0,1500.0,0.0,6.3
1145.5,2026-05-06T01:33:33.428981+00:00,75.0724,-0.078,96.72,-0.0281,0.75,0.0,1500.0,0.0,6.3
1146.0,2026-05-06T01:33:33.928894+00:00,75.0325,-0.1236,96.7848,0.0247,0.75,0.0,1500.0,0.0,6.3
1146.500435,2026-05-06T01:33:34.429295+00:00,75.0018,-0.095,96.6032,-0.0196,0.75,0.0,1500.0,0.0,6.3
1147.0,2026-05-06T01:33:34.928812+00:00,75.1055,-0.0094,96.8107,0.0621,0.75,0.0,1500.0,0.0,6.3
1147.5,2026-05-06T01:33:35.435103+00:00,74.9307,-0.0708,96.7157,-0.0371,0.75,0.0,1500.0,0.0,6.2488
1148.000227,2026-05-06T01:33:35.929043+00:00,75.0509,0.0092,96.4344,-0.0671,0.75,0.0,1500.0,0.0,6.275
1148.5,2026-05-06T01:33:36.428821+00:00,75.016,0.0071,96.195,-0.175,0.75,0.0,1500.0,0.0,6.2366
1149.0,2026-05-06T01:33:36.928941+00:00,74.9891,-0.0582,96.3813,-0.1345,0.75,0.0,1500.0,0.0,6.2179
1149.5,2026-05-06T01:33:37.428804+00:00,75.0958,0.0825,96.2931,-0.1034,0.75,0.0,1500.0,0.0,6.2087
1150.0,2026-05-06T01:33:37.937398+00:00,75.1777,0.0634,96.3178,-0.1643,0.75,0.0,1500.0,0.0,6.2043
1150.5,2026-05-06T01:33:38.429306+00:00,75.2407,0.1124,96.2443,-0.1571,0.75,0.0,1500.0,0.0,6.2021
1151.0,2026-05-06T01:33:38.928818+00:00,75.2892,0.15,96.1877,-0.0822,0.75,0.0,1500.0,0.0,6.201
1151.5,2026-05-06T01:33:39.428872+00:00,75.0718,-0.012,96.26,0.0217,0.75,0.0,1500.0,0.0,6.2005
1152.0,2026-05-06T01:33:39.928865+00:00,75.0321,-0.0728,96.5469,0.0552,0.75,0.0,1500.0,0.0,6.2002
1152.5,2026-05-06T01:33:40.433801+00:00,75.2561,0.0077,96.6518,0.1196,0.75,0.0,1500.0,0.0,6.2001
1153.0,2026-05-06T01:33:40.929259+00:00,75.3009,0.0059,96.7324,0.1382,0.75,0.0,1500.0,0.0,6.2513
1153.5,2026-05-06T01:33:41.429068+00:00,75.3354,0.1318,96.5629,0.1062,0.75,0.0,1500.0,0.0,6.225
1154.0,2026-05-06T01:33:41.928813+00:00,75.2347,0.1013,96.5715,0.1279,0.75,0.0,1500.0,0.0,6.2122
1154.5,2026-05-06T01:33:42.428919+00:00,75.03,-0.113,96.6475,0.1292,0.75,0.0,1500.0,0.0,6.206
1155.0,2026-05-06T01:33:42.937185+00:00,75.2544,-0.0233,96.3588,-0.0627,0.75,0.0,1500.0,0.0,6.2029
1155.5,2026-05-06T01:33:43.428820+00:00,75.2997,-0.0179,96.5072,-0.0482,0.75,0.0,1500.0,0.0,6.2526
1156.0,2026-05-06T01:33:43.928966+00:00,75.2072,-0.0137,96.6212,-0.037,0.75,0.0,1500.0,0.0,6.2769
1156.501943,2026-05-06T01:33:44.430895+00:00,75.0088,-0.0106,96.5006,-0.0208,0.75,0.0,1500.0,0.0,6.2887
1157.0,2026-05-06T01:33:44.928931+00:00,74.9837,-0.1354,96.6162,0.0149,0.75,0.0,1500.0,0.0,6.2945
1157.5,2026-05-06T01:33:45.435460+00:00,75.0916,-0.1041,96.8207,0.0577,0.75,0.0,1500.0,0.0,6.2461
1158.0,2026-05-06T01:33:45.928808+00:00,74.92,-0.1436,96.7465,0.1292,0.75,0.0,1500.0,0.0,6.2737
1158.500106,2026-05-06T01:33:46.428923+00:00,74.7881,-0.1104,96.5506,0.0145,0.75,0.0,1500.0,0.0,6.2872
1159.0,2026-05-06T01:33:46.928976+00:00,74.814,-0.0848,96.6546,0.0111,0.75,0.0,1500.0,0.0,6.2937
1159.5,2026-05-06T01:33:47.428814+00:00,74.8339,-0.1288,96.3643,-0.0454,0.75,0.0,1500.0,0.0,6.2969
1160.0,2026-05-06T01:33:47.934013+00:00,74.9765,0.0282,96.28,-0.1121,0.75,0.0,1500.0,0.0,6.2985
1160.5,2026-05-06T01:33:48.428827+00:00,74.9588,0.0853,96.4466,-0.1247,0.75,0.0,1500.0,0.0,6.2993
1161.0,2026-05-06T01:33:48.928840+00:00,74.9452,0.0656,96.3433,-0.1344,0.75,0.0,1500.0,0.0,6.2996
1161.5,2026-05-06T01:33:49.428785+00:00,74.8074,-0.0132,96.3564,-0.0647,0.75,0.0,1500.0,0.0,6.2998
1162.0,2026-05-06T01:33:49.928867+00:00,74.7016,-0.1374,96.3896,-0.0883,0.75,0.0,1500.0,0.0,6.2999
1162.5,2026-05-06T01:33:50.435453+00:00,74.7475,-0.1056,96.392,0.0092,0.75,0.0,1500.0,0.0,6.3
1163.0,2026-05-06T01:33:50.928816+00:00,74.7828,-0.0812,96.3939,0.038,0.75,0.0,1500.0,0.0,6.3
1163.5,2026-05-06T01:33:51.428825+00:00,74.9372,0.0649,96.6498,0.0677,0.75,0.0,1500.0,0.0,6.3
1164.0,2026-05-06T01:33:51.928828+00:00,74.9286,0.1135,96.4995,0.0521,0.75,0.0,1500.0,0.0,6.3
1164.5,2026-05-06T01:33:52.428818+00:00,74.922,0.0872,96.4996,0.0477,0.75,0.0,1500.0,0.0,6.3
1165.0,2026-05-06T01:33:52.935509+00:00,74.6623,-0.0602,96.4765,0.029,0.75,0.0,1500.0,0.0,6.3
1165.500434,2026-05-06T01:33:53.429313+00:00,74.5901,-0.1736,96.482,0.03,0.75,0.0,1500.0,0.0,6.3
1166.0,2026-05-06T01:33:53.928977+00:00,74.6618,-0.1334,96.4861,0.0308,0.75,0.0,1500.0,0.0,6.3
1166.5,2026-05-06T01:33:54.429299+00:00,74.7169,-0.1025,96.605,-0.0149,0.75,0.0,1500.0,0.0,6.3
1167.0,2026-05-06T01:33:54.928806+00:00,74.7593,0.0485,96.465,-0.0115,0.75,0.0,1500.0,0.0,6.3
1167.5,2026-05-06T01:33:55.437697+00:00,74.5373,-0.0264,96.4731,-0.0088,0.75,0.0,1500.0,0.0,6.3
1168.0,2026-05-06T01:33:55.929350+00:00,74.6212,-0.0203,96.595,0.0395,0.75,0.0,1500.0,0.0,6.3
1168.5,2026-05-06T01:33:56.428820+00:00,74.813,0.048,96.4574,-0.0082,0.75,0.0,1500.0,0.0,6.3
1169.0,2026-05-06T01:33:56.928828+00:00,74.8331,0.0369,96.8143,0.1094,0.75,0.0,1500.0,0.0,6.3
1169.5,2026-05-06T01:33:57.428884+00:00,74.8486,0.1557,96.8573,0.0841,0.75,0.0,1500.0,0.0,6.3
1170.0,2026-05-06T01:33:58.035846+00:00,74.8605,0.1196,96.8903,0.1418,0.75,0.0,1500.0,0.0,6.3
1170.5,2026-05-06T01:33:58.428848+00:00,74.8696,0.0283,96.8,0.109,0.75,0.0,1500.0,0.0,6.3
1171.000399,2026-05-06T01:33:58.929556+00:00,74.8767,0.0218,96.638,0.0143,0.75,0.0,1500.0,0.0,6.3
1171.5,2026-05-06T01:33:59.428795+00:00,74.7548,-0.0469,96.6061,0.0496,0.75,0.0,1500.0,0.0,6.3
1172.0,2026-05-06T01:33:59.929203+00:00,74.7884,-0.0361,96.6972,-0.039,0.75,0.0,1500.0,0.0,6.3
1172.5,2026-05-06T01:34:00.434046+00:00,74.8142,-0.0277,96.5128,-0.1148,0.75,0.0,1500.0,0.0,6.2488
1173.0,2026-05-06T01:34:00.928826+00:00,74.7068,-0.0849,96.5098,-0.1268,0.75,0.0,1500.0,0.0,6.275
1173.5,2026-05-06T01:34:01.428918+00:00,74.7515,-0.0016,96.7389,-0.0204,0.75,0.0,1500.0,0.0,6.2878
1174.0,2026-05-06T01:34:01.928807+00:00,74.6586,-0.0649,96.5679,-0.0234,0.75,0.0,1500.0,0.0,6.294
1174.5,2026-05-06T01:34:02.429033+00:00,74.5872,-0.1135,96.5522,-0.018,0.75,0.0,1500.0,0.0,6.2971
1175.0,2026-05-06T01:34:02.938590+00:00,74.5323,-0.0872,96.517,-0.0601,0.75,0.0,1500.0,0.0,6.2986
1175.500336,2026-05-06T01:34:03.429158+00:00,74.4901,-0.1307,96.6288,0.0387,0.75,0.0,1500.0,0.0,6.2993
1176.0,2026-05-06T01:34:03.928903+00:00,74.7122,0.0268,96.7147,0.0683,0.75,0.0,1500.0,0.0,6.2997
1176.500554,2026-05-06T01:34:04.429398+00:00,74.6284,0.0206,96.7807,0.0139,0.75,0.0,1500.0,0.0,6.2998
1177.000103,2026-05-06T01:34:04.928907+00:00,74.6913,0.0795,96.7157,0.0493,0.75,0.0,1500.0,0.0,6.2999
1177.5,2026-05-06T01:34:05.435842+00:00,74.7396,0.1247,96.7815,0.0764,0.75,0.0,1500.0,0.0,6.2488
1178.0,2026-05-06T01:34:05.929188+00:00,74.7767,0.0322,96.6007,0.0279,0.75,0.0,1500.0,0.0,6.275
1178.5,2026-05-06T01:34:06.428784+00:00,74.678,0.0248,96.5774,-0.0171,0.75,0.0,1500.0,0.0,6.2878
1179.0,2026-05-06T01:34:06.928818+00:00,74.6021,-0.0446,96.4438,-0.0903,0.75,0.0,1500.0,0.0,6.294
1179.5,2026-05-06T01:34:07.428808+00:00,74.5437,-0.0979,96.4568,-0.108,0.75,0.0,1500.0,0.0,6.2971
1180.0,2026-05-06T01:34:07.939365+00:00,74.4989,-0.1389,96.5825,-0.0444,0.75,0.0,1500.0,0.0,6.2986
1180.5,2026-05-06T01:34:08.429156+00:00,74.4644,-0.1068,96.7948,0.0044,0.75,0.0,1500.0,0.0,6.2993
1181.0,2026-05-06T01:34:08.928819+00:00,74.6925,0.0452,96.6109,0.0034,0.75,0.0,1500.0,0.0,6.2997
1181.5,2026-05-06T01:34:09.428895+00:00,74.6132,0.0348,96.9323,0.1183,0.75,0.0,1500.0,0.0,6.2998
1182.00282,2026-05-06T01:34:09.931618+00:00,74.5523,0.0267,96.8554,0.1372,0.75,0.0,1500.0,0.0,6.2999
1182.5,2026-05-06T01:34:10.535366+00:00,74.7601,0.1478,97.0046,0.1826,0.75,0.0,1500.0,0.0,6.3
1183.0,2026-05-06T01:34:10.929352+00:00,74.7924,0.05,97.0035,0.1403,0.75,0.0,1500.0,0.0,6.3
1183.500485,2026-05-06T01:34:11.429274+00:00,74.5628,-0.0252,96.887,0.0307,0.75,0.0,1500.0,0.0,6.3
1184.0,2026-05-06T01:34:11.929164+00:00,74.6408,0.0442,96.7975,0.0622,0.75,0.0,1500.0,0.0,6.3
1184.5,2026-05-06T01:34:12.428861+00:00,74.7008,-0.0296,96.7286,-0.0679,0.75,0.0,1500.0,0.0,6.3
1185.0,2026-05-06T01:34:12.934664+00:00,74.8742,0.0409,96.56,-0.0985,0.75,0.0,1500.0,0.0,6.3
1185.5,2026-05-06T01:34:13.428806+00:00,74.8801,0.1587,96.6618,-0.1142,0.75,0.0,1500.0,0.0,6.3
1186.002829,2026-05-06T01:34:13.932771+00:00,74.8847,0.122,96.6244,-0.1264,0.75,0.0,1500.0,0.0,6.3
1186.500344,2026-05-06T01:34:14.429214+00:00,74.8883,0.0937,96.6882,-0.0663,0.75,0.0,1500.0,0.0,6.3
1187.0,2026-05-06T01:34:14.928827+00:00,74.891,0.0084,96.876,0.0262,0.75,0.0,1500.0,0.0,6.3
1187.5,2026-05-06T01:34:15.436203+00:00,75.0203,0.0701,96.6733,-0.0184,0.75,0.0,1500.0,0.0,6.3
1188.0,2026-05-06T01:34:15.928943+00:00,74.8652,-0.0098,96.8646,0.1015,0.75,0.0,1500.0,0.0,6.3
1188.5,2026-05-06T01:34:16.428857+00:00,75.1278,0.1198,96.8728,0.0703,0.75,0.0,1500.0,0.0,6.3
1189.0,2026-05-06T01:34:16.929187+00:00,74.9478,0.0284,96.6708,0.0155,0.75,0.0,1500.0,0.0,6.3
1189.5,2026-05-06T01:34:17.428839+00:00,74.8095,-0.1054,96.6313,-0.019,0.75,0.0,1500.0,0.0,6.3
1190.0,2026-05-06T01:34:17.934051+00:00,74.7032,-0.081,96.4621,-0.138,0.75,0.0,1500.0,0.0,6.3
1190.5,2026-05-06T01:34:18.429189+00:00,74.876,-0.1259,96.4709,-0.0675,0.75,0.0,1500.0,0.0,6.3
1191.0,2026-05-06T01:34:18.928791+00:00,74.8815,-0.0331,96.5702,-0.0981,0.75,0.0,1500.0,0.0,6.3
1191.5,2026-05-06T01:34:19.428819+00:00,74.7585,-0.0255,96.5539,-0.1063,0.75,0.0,1500.0,0.0,6.3
1192.001343,2026-05-06T01:34:19.930143+00:00,74.7913,0.0441,96.2869,-0.128,0.75,0.0,1500.0,0.0,6.3
1192.5,2026-05-06T01:34:20.436533+00:00,74.9437,0.0339,96.2205,-0.1369,0.75,0.0,1500.0,0.0,6.3
1193.0,2026-05-06T01:34:20.928845+00:00,74.9336,0.026,96.2852,-0.059,0.75,0.0,1500.0,0.0,6.3
1193.501324,2026-05-06T01:34:21.430133+00:00,74.9258,0.0836,96.3349,-0.0453,0.75,0.0,1500.0,0.0,6.3
1194.0,2026-05-06T01:34:21.928799+00:00,74.7926,0.0006,96.3731,-0.0657,0.75,0.0,1500.0,0.0,6.3
1194.5,2026-05-06T01:34:22.429257+00:00,74.6902,-0.1268,96.2636,-0.0968,0.75,0.0,1500.0,0.0,6.3
1195.0,2026-05-06T01:34:22.938861+00:00,74.6114,-0.1611,96.0869,-0.0667,0.75,0.0,1500.0,0.0,6.3
1195.5,2026-05-06T01:34:23.428837+00:00,74.6782,-0.1238,96.4139,0.0645,0.75,0.0,1500.0,0.0,6.3512
1196.0,2026-05-06T01:34:23.928901+00:00,74.7295,-0.0315,96.5495,0.0881,0.75,0.0,1500.0,0.0,6.3762
1196.500437,2026-05-06T01:34:24.429312+00:00,74.6417,-0.0242,96.3992,0.0214,0.75,0.0,1500.0,0.0,6.3884
1197.0,2026-05-06T01:34:24.928821+00:00,74.4469,-0.0823,96.4225,0.0165,0.75,0.0,1500.0,0.0,6.3943
1197.5,2026-05-06T01:34:25.437502+00:00,74.5518,-0.0632,96.5562,0.0975,0.75,0.0,1500.0,0.0,6.346
1198.0,2026-05-06T01:34:25.928826+00:00,74.5051,-0.1122,96.4043,0.1058,0.75,0.0,1500.0,0.0,6.3225
1198.5,2026-05-06T01:34:26.428977+00:00,74.5965,-0.0226,96.4033,-0.0035,0.75,0.0,1500.0,0.0,6.311
1199.0,2026-05-06T01:34:26.929448+00:00,74.5394,0.0462,96.4257,-0.0413,0.75,0.0,1500.0,0.0,6.3053
1199.5,2026-05-06T01:34:27.428814+00:00,74.6229,0.0355,96.6743,0.0917,0.75,0.0,1500.0,0.0,6.3026
1200.0,2026-05-06T01:34:27.935212+00:00,74.687,0.091,96.8654,0.1476,0.75,0.0,1500.0,0.0,6.3013
1200.5,2026-05-06T01:34:28.428812+00:00,74.7363,0.0699,96.7808,0.0749,0.75,0.0,1500.0,0.0,6.3006
1201.0,2026-05-06T01:34:28.928805+00:00,74.7742,0.1174,96.9472,0.181,0.75,0.0,1500.0,0.0,6.3003
1201.5,2026-05-06T01:34:29.428979+00:00,74.676,0.0266,97.0751,0.2239,0.75,0.0,1500.0,0.0,6.3001
1202.0,2026-05-06T01:34:29.928822+00:00,74.8551,0.0841,96.9189,0.1644,0.75,0.0,1500.0,0.0,6.3001
1202.5,2026-05-06T01:34:30.434657+00:00,74.8655,0.0646,97.0534,0.1264,0.75,0.0,1500.0,0.0,6.3
1203.001965,2026-05-06T01:34:30.930931+00:00,74.7462,-0.014,97.041,0.0586,0.75,0.0,1500.0,0.0,6.3
1203.5,2026-05-06T01:34:31.428936+00:00,74.7818,0.0529,97.0315,0.0836,0.75,0.0,1500.0,0.0,6.3
1204.0,2026-05-06T01:34:31.928978+00:00,74.6819,-0.0866,96.7928,-0.0515,0.75,0.0,1500.0,0.0,6.3
1204.5,2026-05-06T01:34:32.428837+00:00,74.7324,-0.0666,96.6094,-0.1553,0.75,0.0,1500.0,0.0,6.3
1205.0,2026-05-06T01:34:32.933868+00:00,74.7711,0.0125,96.5841,-0.1116,0.75,0.0,1500.0,0.0,6.3
1205.5,2026-05-06T01:34:33.428893+00:00,74.801,0.0096,96.6803,-0.1244,0.75,0.0,1500.0,0.0,6.3
1206.0,2026-05-06T01:34:33.928831+00:00,74.9512,0.1346,96.2683,-0.2576,0.75,0.0,1500.0,0.0,6.3
1206.5,2026-05-06T01:34:34.428875+00:00,74.9393,0.1035,96.322,-0.2365,0.75,0.0,1500.0,0.0,6.2488
1207.0,2026-05-06T01:34:34.929124+00:00,74.9302,0.0795,96.4557,-0.1124,0.75,0.0,1500.0,0.0,6.2238
1207.5,2026-05-06T01:34:35.433478+00:00,74.796,-0.0025,96.3271,-0.0941,0.75,0.0,1500.0,0.0,6.2116
1208.000106,2026-05-06T01:34:35.928912+00:00,74.82,-0.0656,96.344,-0.08,0.75,0.0,1500.0,0.0,6.2569
1208.5,2026-05-06T01:34:36.428942+00:00,74.7113,-0.114,96.2644,-0.1386,0.75,0.0,1500.0,0.0,6.279
1209.0,2026-05-06T01:34:36.928836+00:00,74.7549,-0.0876,95.9487,-0.1066,0.75,0.0,1500.0,0.0,6.2897
1209.5,2026-05-06T01:34:37.428965+00:00,74.6612,-0.0674,96.1919,-0.0433,0.75,0.0,1500.0,0.0,6.295
1210.0,2026-05-06T01:34:37.935642+00:00,74.4619,-0.179,96.2401,-0.0719,0.75,0.0,1500.0,0.0,6.2976
1210.500571,2026-05-06T01:34:38.429408+00:00,74.5633,-0.074,96.0457,-0.0938,0.75,0.0,1500.0,0.0,6.2988
1211.0,2026-05-06T01:34:38.928790+00:00,74.3867,-0.1841,96.2665,-0.0258,0.75,0.0,1500.0,0.0,6.2994
1211.5,2026-05-06T01:34:39.429069+00:00,74.2509,-0.2052,96.2974,0.011,0.75,0.0,1500.0,0.0,6.2997
1212.0,2026-05-06T01:34:39.928804+00:00,74.4011,-0.0304,96.0897,0.047,0.75,0.0,1500.0,0.0,6.2999
1212.5,2026-05-06T01:34:40.435867+00:00,74.3893,-0.087,96.3004,0.0361,0.75,0.0,1500.0,0.0,6.2487
1213.0,2026-05-06T01:34:40.929314+00:00,74.2529,-0.0669,96.3466,0.0355,0.75,0.0,1500.0,0.0,6.275
1213.5,2026-05-06T01:34:41.428837+00:00,74.4027,0.0759,96.1275,0.0273,0.75,0.0,1500.0,0.0,6.2878
1214.0,2026-05-06T01:34:41.928825+00:00,74.5177,0.0583,96.3294,0.021,0.75,0.0,1500.0,0.0,6.294
1214.5,2026-05-06T01:34:42.429258+00:00,74.6062,0.1085,96.4846,0.0624,0.75,0.0,1500.0,0.0,6.2971
1215.0,2026-05-06T01:34:42.934244+00:00,74.5469,0.147,96.3725,0.0942,0.75,0.0,1500.0,0.0,6.2986
1215.5,2026-05-06T01:34:43.428822+00:00,74.5013,0.0493,96.5177,0.0724,0.75,0.0,1500.0,0.0,6.2993
1216.0,2026-05-06T01:34:43.928809+00:00,74.5936,0.0379,96.745,0.1328,0.75,0.0,1500.0,0.0,6.2997
1216.5,2026-05-06T01:34:44.428808+00:00,74.6645,0.0291,96.2255,0.0327,0.75,0.0,1500.0,0.0,6.2998
1217.0,2026-05-06T01:34:44.929124+00:00,74.719,0.086,96.4047,0.0251,0.75,0.0,1500.0,0.0,6.2999
1217.5,2026-05-06T01:34:45.435670+00:00,74.7609,0.1298,96.4036,-0.027,0.75,0.0,1500.0,0.0,6.2488
1218.0,2026-05-06T01:34:45.928838+00:00,74.5385,-0.0275,96.0788,-0.0979,0.75,0.0,1500.0,0.0,6.275
1218.5,2026-05-06T01:34:46.428816+00:00,74.4949,-0.0848,96.292,-0.0752,0.75,0.0,1500.0,0.0,6.2878
1219.0,2026-05-06T01:34:46.929303+00:00,74.5886,-0.0652,96.3401,-0.135,0.75,0.0,1500.0,0.0,6.294
1219.5,2026-05-06T01:34:47.428801+00:00,74.6607,-0.0501,96.6085,0.1277,0.75,0.0,1500.0,0.0,6.2971
1220.0,2026-05-06T01:34:47.935465+00:00,74.5888,0.0251,96.5603,0.0519,0.75,0.0,1500.0,0.0,6.2986
1220.5,2026-05-06T01:34:48.429013+00:00,74.6608,0.083,96.4306,0.009,0.75,0.0,1500.0,0.0,6.2993
1221.0,2026-05-06T01:34:48.928978+00:00,74.7162,0.0638,96.4467,0.1226,0.75,0.0,1500.0,0.0,6.2997
1221.5,2026-05-06T01:34:49.428913+00:00,74.886,0.1126,96.3433,0.0171,0.75,0.0,1500.0,0.0,6.2998
1222.002128,2026-05-06T01:34:49.931082+00:00,74.7619,0.0866,96.3796,0.0132,0.75,0.0,1500.0,0.0,6.2999
1222.5,2026-05-06T01:34:50.434347+00:00,74.7939,0.0665,96.4306,-0.0593,0.75,0.0,1500.0,0.0,6.3
1223.0,2026-05-06T01:34:50.928813+00:00,74.8184,0.0511,96.4466,-0.0379,0.75,0.0,1500.0,0.0,6.3
1223.5,2026-05-06T01:34:51.428819+00:00,74.71,-0.088,96.459,0.0095,0.75,0.0,1500.0,0.0,6.3
1224.0,2026-05-06T01:34:51.928913+00:00,74.754,-0.004,96.5842,0.0458,0.75,0.0,1500.0,0.0,6.3
1224.5,2026-05-06T01:34:52.428939+00:00,74.7878,-0.0031,96.9118,0.1895,0.75,0.0,1500.0,0.0,6.3
1225.0,2026-05-06T01:34:52.934002+00:00,74.6865,-0.066,96.8165,0.1456,0.75,0.0,1500.0,0.0,6.3
1225.5,2026-05-06T01:34:53.429060+00:00,74.6086,-0.0507,96.859,0.1428,0.75,0.0,1500.0,0.0,6.3
1226.0,2026-05-06T01:34:53.928840+00:00,74.4215,-0.1662,96.8916,0.1483,0.75,0.0,1500.0,0.0,6.3
1226.5,2026-05-06T01:34:54.428901+00:00,74.405,-0.1914,96.9167,0.1526,0.75,0.0,1500.0,0.0,6.3
1227.0,2026-05-06T01:34:54.928975+00:00,74.3922,-0.1471,96.936,0.1173,0.75,0.0,1500.0,0.0,6.3
1227.501296,2026-05-06T01:34:55.437340+00:00,74.2552,-0.1767,96.8351,-0.0256,0.75,0.0,1500.0,0.0,6.2488
1228.0,2026-05-06T01:34:55.928860+00:00,74.2771,-0.0722,96.9889,0.0575,0.75,0.0,1500.0,0.0,6.275
1228.5,2026-05-06T01:34:56.428903+00:00,74.294,-0.0555,96.9915,0.0442,0.75,0.0,1500.0,0.0,6.2878
1229.000174,2026-05-06T01:34:56.929030+00:00,74.1797,-0.1063,96.7389,-0.0509,0.75,0.0,1500.0,0.0,6.294
1229.5,2026-05-06T01:34:57.429308+00:00,74.4736,0.1092,96.6836,-0.0777,0.75,0.0,1500.0,0.0,6.2971
1230.0,2026-05-06T01:34:57.935162+00:00,74.445,0.0839,96.5254,-0.1368,0.75,0.0,1500.0,0.0,6.2986
1230.5,2026-05-06T01:34:58.428928+00:00,74.423,0.0645,96.4039,-0.1437,0.75,0.0,1500.0,0.0,6.2481
1231.00003,2026-05-06T01:34:58.929291+00:00,74.5334,0.1769,96.5418,-0.149,0.75,0.0,1500.0,0.0,6.2235
1231.5,2026-05-06T01:34:59.428829+00:00,74.6182,0.0723,96.6478,-0.1146,0.75,0.0,1500.0,0.0,6.2115
1232.0,2026-05-06T01:34:59.928960+00:00,74.5562,0.0556,96.7293,-0.0032,0.75,0.0,1500.0,0.0,6.2056
1232.5,2026-05-06T01:35:00.437020+00:00,74.3812,-0.0209,97.0234,0.1132,0.75,0.0,1500.0,0.0,6.2027
1233.000406,2026-05-06T01:35:00.929573+00:00,74.2467,-0.1434,96.7866,0.087,0.75,0.0,1500.0,0.0,6.2525
1233.5,2026-05-06T01:35:01.428812+00:00,74.3979,-0.1102,96.8359,0.144,0.75,0.0,1500.0,0.0,6.2768
1234.001668,2026-05-06T01:35:01.930790+00:00,74.6413,0.0426,96.8739,0.1107,0.75,0.0,1500.0,0.0,6.2887
1234.501293,2026-05-06T01:35:02.430101+00:00,74.7012,0.16,96.5328,-0.0383,0.75,0.0,1500.0,0.0,6.2945
1235.0,2026-05-06T01:35:02.934291+00:00,74.7472,0.2502,96.5252,-0.068,0.75,0.0,1500.0,0.0,6.2973
1235.5,2026-05-06T01:35:03.429184+00:00,74.6553,0.1287,96.8665,-0.0523,0.75,0.0,1500.0,0.0,6.2987
1236.0,2026-05-06T01:35:03.928839+00:00,74.5846,-0.0283,96.7817,-0.0016,0.75,0.0,1500.0,0.0,6.2994
1236.5,2026-05-06T01:35:04.428920+00:00,74.5303,-0.0854,96.9479,0.0373,0.75,0.0,1500.0,0.0,6.2485
1237.0,2026-05-06T01:35:04.928839+00:00,74.3613,-0.1929,96.96,0.0287,0.75,0.0,1500.0,0.0,6.2237
1237.5,2026-05-06T01:35:05.434035+00:00,74.3587,-0.1483,96.8535,0.1069,0.75,0.0,1500.0,0.0,6.2115
1238.0,2026-05-06T01:35:05.928804+00:00,74.3567,-0.114,96.8874,0.1207,0.75,0.0,1500.0,0.0,6.2568
1238.5,2026-05-06T01:35:06.428916+00:00,74.3552,-0.0876,96.7978,-0.0229,0.75,0.0,1500.0,0.0,6.2789
1239.0,2026-05-06T01:35:06.928819+00:00,74.354,-0.0037,96.8446,0.021,0.75,0.0,1500.0,0.0,6.2897
1239.5,2026-05-06T01:35:07.429052+00:00,74.353,-0.0028,96.9731,0.0084,0.75,0.0,1500.0,0.0,6.295
1240.000159,2026-05-06T01:35:07.934464+00:00,74.2251,-0.0658,96.9793,0.0065,0.75,0.0,1500.0,0.0,6.2976
1240.5,2026-05-06T01:35:08.429067+00:00,74.254,-0.0506,96.9841,0.0435,0.75,0.0,1500.0,0.0,6.2988
1241.001993,2026-05-06T01:35:08.930973+00:00,74.2762,-0.0389,97.1035,0.072,0.75,0.0,1500.0,0.0,6.2994
1241.5,2026-05-06T01:35:09.428808+00:00,74.2933,-0.0299,97.0795,0.0939,0.75,0.0,1500.0,0.0,6.2997
1242.0,2026-05-06T01:35:09.928803+00:00,74.3064,0.0407,96.9454,0.0336,0.75,0.0,1500.0,0.0,6.2999
1242.5,2026-05-06T01:35:10.436054+00:00,74.3165,0.0313,96.9581,-0.005,0.75,0.0,1500.0,0.0,6.2487
1243.0,2026-05-06T01:35:10.928803+00:00,74.4515,0.0877,97.0835,0.0347,0.75,0.0,1500.0,0.0,6.275
1243.5,2026-05-06T01:35:11.428932+00:00,74.428,0.0674,97.1799,0.0652,0.75,0.0,1500.0,0.0,6.2878
1244.0,2026-05-06T01:35:11.928803+00:00,74.41,0.0518,97.1382,0.0116,0.75,0.0,1500.0,0.0,6.294
1244.5,2026-05-06T01:35:12.429210+00:00,74.3961,0.0398,97.1062,0.0089,0.75,0.0,1500.0,0.0,6.2971
1245.0,2026-05-06T01:35:12.937250+00:00,74.3854,-0.033,96.8503,-0.0317,0.75,0.0,1500.0,0.0,6.2986
1245.5,2026-05-06T01:35:13.428813+00:00,74.3772,-0.0254,97.0006,0.0142,0.75,0.0,1500.0,0.0,6.2993
1246.0,2026-05-06T01:35:13.928900+00:00,74.3709,-0.0195,96.8848,-0.0662,0.75,0.0,1500.0,0.0,6.2997
1246.502311,2026-05-06T01:35:14.431142+00:00,74.6206,0.1123,96.8189,-0.1203,0.75,0.0,1500.0,0.0,6.2998
1247.0,2026-05-06T01:35:14.928841+00:00,74.558,0.0863,96.7451,-0.131,0.75,0.0,1500.0,0.0,6.2999
1247.5,2026-05-06T01:35:15.435754+00:00,74.3826,0.0027,96.8041,-0.1007,0.75,0.0,1500.0,0.0,6.3
1248.0,2026-05-06T01:35:15.929147+00:00,74.5023,0.0657,96.7106,-0.0466,0.75,0.0,1500.0,0.0,6.3
1248.5,2026-05-06T01:35:16.428809+00:00,74.3398,-0.1404,96.7775,-0.0744,0.75,0.0,1500.0,0.0,6.3
1249.0,2026-05-06T01:35:16.929310+00:00,74.3422,-0.1079,96.829,-0.0186,0.75,0.0,1500.0,0.0,6.3
1249.500427,2026-05-06T01:35:17.429298+00:00,74.344,-0.0193,96.7529,-0.022,0.75,0.0,1500.0,0.0,6.3
1250.0,2026-05-06T01:35:17.934332+00:00,74.4726,-0.0148,96.5787,-0.0555,0.75,0.0,1500.0,0.0,6.3
1250.5,2026-05-06T01:35:18.428840+00:00,74.5715,0.1159,96.6762,-0.0426,0.75,0.0,1500.0,0.0,6.3
1251.0,2026-05-06T01:35:18.928800+00:00,74.6475,0.1527,96.4966,-0.0713,0.75,0.0,1500.0,0.0,6.3
1251.5,2026-05-06T01:35:19.428891+00:00,74.5787,0.1174,96.4742,-0.1011,0.75,0.0,1500.0,0.0,6.3
1252.0,2026-05-06T01:35:19.929161+00:00,74.3985,-0.0371,96.457,-0.124,0.75,0.0,1500.0,0.0,6.3
1252.500342,2026-05-06T01:35:20.434707+00:00,74.3873,-0.0921,96.5827,-0.0567,0.75,0.0,1500.0,0.0,6.2488
1253.0,2026-05-06T01:35:20.929265+00:00,74.3787,-0.1344,96.5404,-0.0128,0.75,0.0,1500.0,0.0,6.275
1253.5,2026-05-06T01:35:21.428838+00:00,74.2448,-0.167,96.5311,-0.0484,0.75,0.0,1500.0,0.0,6.2878
1254.0,2026-05-06T01:35:21.928943+00:00,74.1418,-0.1283,96.6164,0.04,0.75,0.0,1500.0,0.0,6.294
1254.5,2026-05-06T01:35:22.428878+00:00,74.3173,-0.035,96.4506,-0.0079,0.75,0.0,1500.0,0.0,6.2971
1255.0,2026-05-06T01:35:22.936754+00:00,74.3248,-0.0269,96.4389,-0.006,0.75,0.0,1500.0,0.0,6.2986
1255.5,2026-05-06T01:35:23.428835+00:00,74.3307,0.043,96.4531,-0.0432,0.75,0.0,1500.0,0.0,6.2993
1256.0,2026-05-06T01:35:23.928970+00:00,74.3351,0.0967,96.4408,-0.0332,0.75,0.0,1500.0,0.0,6.2997
1256.5,2026-05-06T01:35:24.428823+00:00,74.4658,0.0743,96.3388,-0.0641,0.75,0.0,1500.0,0.0,6.2998
1257.0,2026-05-06T01:35:24.929016+00:00,74.439,0.0571,96.353,-0.0878,0.75,0.0,1500.0,0.0,6.2999
1257.5,2026-05-06T01:35:25.435627+00:00,74.5457,0.1075,96.387,-0.0212,0.75,0.0,1500.0,0.0,6.3
1258.0,2026-05-06T01:35:25.928813+00:00,74.6277,0.1463,96.2743,-0.0549,0.75,0.0,1500.0,0.0,6.3
1258.5,2026-05-06T01:35:26.428813+00:00,74.5634,0.0488,96.3497,-0.0345,0.75,0.0,1500.0,0.0,6.3
1259.0,2026-05-06T01:35:26.929258+00:00,74.514,0.0375,96.6158,0.0584,0.75,0.0,1500.0,0.0,6.3
1259.5,2026-05-06T01:35:27.428778+00:00,74.6034,0.0288,96.3808,0.014,0.75,0.0,1500.0,0.0,6.3
1260.0,2026-05-06T01:35:27.935257+00:00,74.5447,-0.0415,96.6398,0.0956,0.75,0.0,1500.0,0.0,6.3
1260.5,2026-05-06T01:35:28.429343+00:00,74.3724,-0.0955,96.7231,0.112,0.75,0.0,1500.0,0.0,6.3
1261.0,2026-05-06T01:35:28.928805+00:00,74.2399,-0.137,96.5327,0.0861,0.75,0.0,1500.0,0.0,6.3
1261.5,2026-05-06T01:35:29.429013+00:00,74.1381,-0.2326,96.5251,0.0585,0.75,0.0,1500.0,0.0,6.3
1262.0,2026-05-06T01:35:29.928836+00:00,74.1872,-0.1788,96.6119,-0.0013,0.75,0.0,1500.0,0.0,6.3
1262.500271,2026-05-06T01:35:30.436166+00:00,74.2248,-0.0738,96.7017,0.107,0.75,0.0,1500.0,0.0,6.3
1263.0,2026-05-06T01:35:30.928864+00:00,74.1265,-0.0567,96.7707,0.0436,0.75,0.0,1500.0,0.0,6.3
1263.500391,2026-05-06T01:35:31.429594+00:00,74.1782,0.0201,96.5924,-0.0436,0.75,0.0,1500.0,0.0,6.3
1264.0,2026-05-06T01:35:31.928984+00:00,74.218,0.0154,96.6867,0.0513,0.75,0.0,1500.0,0.0,6.3
1264.500186,2026-05-06T01:35:32.428996+00:00,74.3758,0.0755,96.6435,0.0395,0.75,0.0,1500.0,0.0,6.3
1265.000424,2026-05-06T01:35:32.935203+00:00,74.2426,0.058,96.726,0.038,0.75,0.0,1500.0,0.0,6.3
1265.5,2026-05-06T01:35:33.428811+00:00,74.3947,0.1082,96.5349,-0.0556,0.75,0.0,1500.0,0.0,6.3
1266.0,2026-05-06T01:35:33.928811+00:00,74.2571,0.0195,96.6425,-0.0427,0.75,0.0,1500.0,0.0,6.3
1266.500457,2026-05-06T01:35:34.429329+00:00,74.2786,-0.0486,96.4938,-0.0328,0.75,0.0,1500.0,0.0,6.3
1267.0,2026-05-06T01:35:34.928801+00:00,74.2951,0.0263,96.7266,0.0133,0.75,0.0,1500.0,0.0,6.3
1267.5,2026-05-06T01:35:35.438494+00:00,74.1805,-0.1071,96.5354,-0.036,0.75,0.0,1500.0,0.0,6.3
1268.0,2026-05-06T01:35:35.928886+00:00,74.0925,-0.0823,96.6197,-0.0354,0.75,0.0,1500.0,0.0,6.3
1268.5,2026-05-06T01:35:36.428902+00:00,74.2793,0.0004,96.7077,0.0576,0.75,0.0,1500.0,0.0,6.3
1269.001947,2026-05-06T01:35:36.930925+00:00,74.423,0.0639,96.7754,0.0443,0.75,0.0,1500.0,0.0,6.3
1269.5,2026-05-06T01:35:37.428802+00:00,74.2788,0.0491,96.5959,0.034,0.75,0.0,1500.0,0.0,6.3
1270.0,2026-05-06T01:35:37.935454+00:00,74.168,0.0378,96.6894,-0.0124,0.75,0.0,1500.0,0.0,6.3
1270.501348,2026-05-06T01:35:38.430177+00:00,74.0829,-0.0982,96.5299,-0.0018,0.75,0.0,1500.0,0.0,6.3
1271.0,2026-05-06T01:35:38.928786+00:00,74.1447,-0.1391,96.6155,-0.0014,0.75,0.0,1500.0,0.0,6.3
1271.5,2026-05-06T01:35:39.429048+00:00,74.3195,0.0203,96.8202,0.0375,0.75,0.0,1500.0,0.0,6.3
1272.0,2026-05-06T01:35:39.928804+00:00,74.3265,0.0793,96.7461,-0.0098,0.75,0.0,1500.0,0.0,6.3
1272.5,2026-05-06T01:35:40.438825+00:00,74.4592,0.1882,96.7817,0.0619,0.75,0.0,1500.0,0.0,6.3
1273.0,2026-05-06T01:35:40.929187+00:00,74.3067,0.081,96.6934,0.0013,0.75,0.0,1500.0,0.0,6.3
1273.5,2026-05-06T01:35:41.428804+00:00,74.3167,-0.0014,96.5098,-0.0067,0.75,0.0,1500.0,0.0,6.3
1274.0,2026-05-06T01:35:41.928826+00:00,74.3244,-0.0011,96.6232,0.0026,0.75,0.0,1500.0,0.0,6.3
1274.5,2026-05-06T01:35:42.430824+00:00,74.3303,-0.0644,96.479,-0.1137,0.75,0.0,1500.0,0.0,6.3
1275.000343,2026-05-06T01:35:42.934891+00:00,74.3349,0.0141,96.4839,-0.0874,0.75,0.0,1500.0,0.0,6.3
1275.5,2026-05-06T01:35:43.428815+00:00,74.3384,0.0108,96.3488,-0.1443,0.75,0.0,1500.0,0.0,6.3
1276.0,2026-05-06T01:35:43.929429+00:00,73.9593,-0.1826,96.3838,-0.1032,0.75,0.0,1500.0,0.0,6.3
1276.5,2026-05-06T01:35:44.428809+00:00,73.9224,-0.204,96.4107,-0.033,0.75,0.0,1500.0,0.0,6.3
1277.0,2026-05-06T01:35:44.928892+00:00,73.8941,-0.2204,96.6627,0.0132,0.75,0.0,1500.0,0.0,6.3
1277.5,2026-05-06T01:35:45.434646+00:00,73.8723,-0.233,96.6251,0.0487,0.75,0.0,1500.0,0.0,6.3
1278.0,2026-05-06T01:35:45.928790+00:00,73.8556,-0.0518,96.8275,0.1146,0.75,0.0,1500.0,0.0,6.3
1278.5,2026-05-06T01:35:46.429060+00:00,73.97,0.0238,96.8674,0.1729,0.75,0.0,1500.0,0.0,6.3
1279.000474,2026-05-06T01:35:46.929271+00:00,74.3125,0.2092,96.7824,0.1329,0.75,0.0,1500.0,0.0,6.3
1279.5,2026-05-06T01:35:47.428796+00:00,74.4484,0.2881,96.6014,0.0636,0.75,0.0,1500.0,0.0,6.3
1280.0,2026-05-06T01:35:47.937167+00:00,74.4256,0.285,96.5779,-0.0283,0.75,0.0,1500.0,0.0,6.3
1280.5,2026-05-06T01:35:48.428824+00:00,74.1536,0.0918,96.4442,-0.0603,0.75,0.0,1500.0,0.0,6.3
1281.0,2026-05-06T01:35:48.928784+00:00,74.0718,-0.1203,96.6885,-0.0463,0.75,0.0,1500.0,0.0,6.3
1281.5,2026-05-06T01:35:49.428852+00:00,74.0089,-0.2198,96.6449,-0.0742,0.75,0.0,1500.0,0.0,6.3
1282.0,2026-05-06T01:35:49.928806+00:00,73.8333,-0.2962,96.5188,-0.0879,0.75,0.0,1500.0,0.0,6.3
1282.5,2026-05-06T01:35:50.433791+00:00,73.6983,-0.2276,96.4913,-0.0367,0.75,0.0,1500.0,0.0,6.3
1283.0,2026-05-06T01:35:50.929400+00:00,73.8491,-0.1113,96.609,0.0104,0.75,0.0,1500.0,0.0,6.3
1283.5,2026-05-06T01:35:51.428805+00:00,73.8377,-0.0856,96.4681,0.008,0.75,0.0,1500.0,0.0,6.3
1284.0,2026-05-06T01:35:51.928796+00:00,73.829,-0.0021,96.4986,-0.0633,0.75,0.0,1500.0,0.0,6.3
1284.5,2026-05-06T01:35:52.428922+00:00,73.9496,0.1256,96.7303,0.0285,0.75,0.0,1500.0,0.0,6.3
1285.0,2026-05-06T01:35:52.933872+00:00,74.0422,0.0966,96.7927,0.0913,0.75,0.0,1500.0,0.0,6.3
1285.5,2026-05-06T01:35:53.429210+00:00,74.2407,0.2015,96.725,0.0779,0.75,0.0,1500.0,0.0,6.3
1286.001558,2026-05-06T01:35:53.930412+00:00,74.1387,0.1549,96.6729,0.0213,0.75,0.0,1500.0,0.0,6.3
1286.5,2026-05-06T01:35:54.428889+00:00,74.3149,0.1827,96.8643,0.1321,0.75,0.0,1500.0,0.0,6.3
1287.0,2026-05-06T01:35:54.928829+00:00,74.4503,0.204,96.8957,0.1324,0.75,0.0,1500.0,0.0,6.3
1287.500467,2026-05-06T01:35:55.434556+00:00,74.1725,-0.0341,96.8041,0.0246,0.75,0.0,1500.0,0.0,6.2488
1288.0,2026-05-06T01:35:55.928825+00:00,74.2136,0.0374,97.0809,0.096,0.75,0.0,1500.0,0.0,6.275
1288.5,2026-05-06T01:35:56.428841+00:00,74.1179,-0.0985,96.9233,0.0661,0.75,0.0,1500.0,0.0,6.2878
1289.0,2026-05-06T01:35:56.928817+00:00,74.0443,-0.203,96.6865,0.0045,0.75,0.0,1500.0,0.0,6.294
1289.5,2026-05-06T01:35:57.428914+00:00,74.1151,-0.0287,96.8748,0.0035,0.75,0.0,1500.0,0.0,6.2971
1290.0,2026-05-06T01:35:57.934088+00:00,74.1694,-0.0221,97.0194,0.0412,0.75,0.0,1500.0,0.0,6.2986
1290.5,2026-05-06T01:35:58.428790+00:00,74.2112,0.0467,97.1306,0.1088,0.75,0.0,1500.0,0.0,6.2993
1291.0,2026-05-06T01:35:58.928836+00:00,74.1161,0.0359,96.9847,-0.0321,0.75,0.0,1500.0,0.0,6.2997
1291.5,2026-05-06T01:35:59.428785+00:00,74.0429,-0.0361,96.8725,-0.0169,0.75,0.0,1500.0,0.0,6.2998
1292.0,2026-05-06T01:35:59.928803+00:00,74.114,-0.0277,97.1334,0.149,0.75,0.0,1500.0,0.0,6.2999
1292.501554,2026-05-06T01:36:00.438994+00:00,74.0413,-0.0849,97.1026,0.0759,0.75,0.0,1500.0,0.0,6.2488
1293.000167,2026-05-06T01:36:00.928978+00:00,73.9855,-0.0653,96.9631,-0.0188,0.75,0.0,1500.0,0.0,6.275
1293.5,2026-05-06T01:36:01.428827+00:00,74.0698,0.0135,96.7171,-0.1378,0.75,0.0,1500.0,0.0,6.2878
1294.000507,2026-05-06T01:36:01.929342+00:00,74.1347,0.0103,96.7826,-0.0674,0.75,0.0,1500.0,0.0,6.294
1294.5,2026-05-06T01:36:02.429016+00:00,74.0572,0.0079,96.6015,-0.0904,0.75,0.0,1500.0,0.0,6.2971
1295.0,2026-05-06T01:36:02.934808+00:00,73.7432,-0.1212,96.578,-0.1851,0.75,0.0,1500.0,0.0,6.2986
1295.501966,2026-05-06T01:36:03.430920+00:00,73.629,-0.2204,96.4443,-0.2194,0.75,0.0,1500.0,0.0,6.2993
1296.0,2026-05-06T01:36:03.928813+00:00,73.4141,-0.3603,96.4572,-0.1687,0.75,0.0,1500.0,0.0,6.2997
1296.5,2026-05-06T01:36:04.428825+00:00,73.6306,-0.2133,96.5828,-0.0448,0.75,0.0,1500.0,0.0,6.2998
1297.000387,2026-05-06T01:36:04.929356+00:00,73.5426,-0.1003,96.4479,-0.1116,0.75,0.0,1500.0,0.0,6.2999
1297.5,2026-05-06T01:36:05.435516+00:00,73.6021,-0.0135,96.5757,-0.0086,0.75,0.0,1500.0,0.0,6.2488
1298.0,2026-05-06T01:36:05.929389+00:00,73.6479,0.1169,96.6739,0.032,0.75,0.0,1500.0,0.0,6.275
1298.50042,2026-05-06T01:36:06.429584+00:00,73.8104,0.0899,96.3791,-0.0217,0.75,0.0,1500.0,0.0,6.2366
1299.0,2026-05-06T01:36:06.928783+00:00,74.0625,0.26,96.5228,0.0219,0.75,0.0,1500.0,0.0,6.2179
1299.5,2026-05-06T01:36:07.429296+00:00,74.0018,0.1998,96.7489,0.0554,0.75,0.0,1500.0,0.0,6.2087
1300.001049,2026-05-06T01:36:07.934162+00:00,74.0824,0.2172,96.6913,0.0811,0.75,0.0,1500.0,0.0,6.2043
1300.5,2026-05-06T01:36:08.428813+00:00,74.1443,0.167,96.6702,0.0315,0.75,0.0,1500.0,0.0,6.2533
1301.0,2026-05-06T01:36:08.929370+00:00,74.0646,0.001,96.7465,0.0242,0.75,0.0,1500.0,0.0,6.2772
1301.5,2026-05-06T01:36:09.428787+00:00,74.0034,0.0008,96.5738,0.0649,0.75,0.0,1500.0,0.0,6.2889
1302.0,2026-05-06T01:36:09.928962+00:00,73.9563,-0.063,96.5567,0.0113,0.75,0.0,1500.0,0.0,6.2946
1302.5,2026-05-06T01:36:10.434094+00:00,73.9201,-0.1121,96.451,-0.0993,0.75,0.0,1500.0,0.0,6.2462
1303.0,2026-05-06T01:36:10.928813+00:00,74.0196,-0.0225,96.578,-0.0378,0.75,0.0,1500.0,0.0,6.2737
1303.5,2026-05-06T01:36:11.428815+00:00,74.0961,0.0463,96.6757,0.0018,0.75,0.0,1500.0,0.0,6.2872
1304.0,2026-05-06T01:36:11.928827+00:00,74.2821,0.1629,96.7507,0.0014,0.75,0.0,1500.0,0.0,6.2937
1304.5,2026-05-06T01:36:12.428915+00:00,74.2978,0.1888,96.6696,0.0319,0.75,0.0,1500.0,0.0,6.2969
1305.0,2026-05-06T01:36:12.933943+00:00,74.1826,0.0815,96.6303,0.0245,0.75,0.0,1500.0,0.0,6.2985
1305.5,2026-05-06T01:36:13.428818+00:00,74.0941,-0.001,96.7159,0.0883,0.75,0.0,1500.0,0.0,6.2993
1306.0,2026-05-06T01:36:13.929025+00:00,74.1533,-0.0644,97.013,0.145,0.75,0.0,1500.0,0.0,6.2996
1306.5,2026-05-06T01:36:14.429302+00:00,74.0715,-0.1131,97.01,0.1114,0.75,0.0,1500.0,0.0,6.2998
1307.0,2026-05-06T01:36:14.928795+00:00,74.136,-0.0233,96.8689,0.0394,0.75,0.0,1500.0,0.0,6.2999
1307.500289,2026-05-06T01:36:15.436798+00:00,74.1855,0.0457,96.7835,0.038,0.75,0.0,1500.0,0.0,6.2488
1308.0,2026-05-06T01:36:15.928883+00:00,74.2236,0.0351,96.7179,0.0292,0.75,0.0,1500.0,0.0,6.275
1308.5,2026-05-06T01:36:16.428796+00:00,74.2528,0.0906,96.7832,0.0224,0.75,0.0,1500.0,0.0,6.2878
1309.0,2026-05-06T01:36:16.928824+00:00,74.148,0.006,96.4862,-0.1756,0.75,0.0,1500.0,0.0,6.294
1309.5,2026-05-06T01:36:17.429268+00:00,74.0675,-0.059,96.4663,-0.1812,0.75,0.0,1500.0,0.0,6.2971
1310.000168,2026-05-06T01:36:17.933901+00:00,74.2601,0.0183,96.5898,-0.093,0.75,0.0,1500.0,0.0,6.2986
1310.50026,2026-05-06T01:36:18.429522+00:00,74.1537,-0.0496,96.6847,-0.0329,0.75,0.0,1500.0,0.0,6.2993
1311.0,2026-05-06T01:36:18.928935+00:00,74.1991,0.0255,96.7577,0.0133,0.75,0.0,1500.0,0.0,6.2997
1311.5,2026-05-06T01:36:19.428805+00:00,74.1067,0.0196,96.5592,-0.0747,0.75,0.0,1500.0,0.0,6.2998
1312.0,2026-05-06T01:36:19.928813+00:00,74.0358,-0.1122,96.6612,0.0583,0.75,0.0,1500.0,0.0,6.2999
1312.5,2026-05-06T01:36:20.438501+00:00,74.1085,-0.0226,96.7396,0.0911,0.75,0.0,1500.0,0.0,6.2488
1313.0,2026-05-06T01:36:20.928790+00:00,74.1644,-0.0174,96.6842,0.0315,0.75,0.0,1500.0,0.0,6.275
1313.5,2026-05-06T01:36:21.428972+00:00,74.2073,0.0503,96.5258,-0.053,0.75,0.0,1500.0,0.0,6.2878
1314.000558,2026-05-06T01:36:21.929386+00:00,74.1131,0.0387,96.6356,-0.0407,0.75,0.0,1500.0,0.0,6.294
1314.5,2026-05-06T01:36:22.428801+00:00,74.1679,0.0297,96.7199,0.0536,0.75,0.0,1500.0,0.0,6.2971
1315.0,2026-05-06T01:36:22.934535+00:00,74.21,0.0228,96.9004,0.0797,0.75,0.0,1500.0,0.0,6.2986
1315.5,2026-05-06T01:36:23.428820+00:00,74.1152,-0.0461,96.8078,0.0227,0.75,0.0,1500.0,0.0,6.2993
1316.0,2026-05-06T01:36:23.928803+00:00,74.1695,0.0282,96.8522,0.056,0.75,0.0,1500.0,0.0,6.2997
1316.5,2026-05-06T01:36:24.429691+00:00,74.2113,0.0217,96.8864,0.1202,0.75,0.0,1500.0,0.0,6.2998
1317.0,2026-05-06T01:36:24.928807+00:00,74.1161,-0.047,96.797,0.0538,0.75,0.0,1500.0,0.0,6.2999
1317.5,2026-05-06T01:36:25.438802+00:00,73.9157,-0.0997,96.844,0.0414,0.75,0.0,1500.0,0.0,6.3
1318.0,2026-05-06T01:36:25.929032+00:00,74.0162,-0.0767,96.7644,-0.0453,0.75,0.0,1500.0,0.0,6.3
1318.5,2026-05-06T01:36:26.428818+00:00,73.9662,-0.1226,96.8189,0.0037,0.75,0.0,1500.0,0.0,6.3
1319.0,2026-05-06T01:36:26.928879+00:00,73.9277,-0.0942,96.8377,-0.0049,0.75,0.0,1500.0,0.0,6.3
1319.5,2026-05-06T01:36:27.428813+00:00,74.0254,0.0549,96.6438,-0.0809,0.75,0.0,1500.0,0.0,6.3
1320.0,2026-05-06T01:36:27.934088+00:00,74.1005,0.0422,96.842,0.015,0.75,0.0,1500.0,0.0,6.3
1320.5,2026-05-06T01:36:28.428794+00:00,74.2855,0.1597,96.6471,-0.0656,0.75,0.0,1500.0,0.0,6.3
1321.0,2026-05-06T01:36:28.928870+00:00,74.1732,0.1227,96.3817,-0.1276,0.75,0.0,1500.0,0.0,6.3
1321.5,2026-05-06T01:36:29.428787+00:00,74.0868,0.0307,96.4091,-0.1366,0.75,0.0,1500.0,0.0,6.3
1322.0,2026-05-06T01:36:29.928865+00:00,73.8932,-0.1037,96.5227,-0.105,0.75,0.0,1500.0,0.0,6.3
1322.5,2026-05-06T01:36:30.438303+00:00,73.7444,-0.2706,96.6331,-0.0036,0.75,0.0,1500.0,0.0,6.3
1323.0,2026-05-06T01:36:30.928886+00:00,73.7572,-0.208,96.718,-0.0413,0.75,0.0,1500.0,0.0,6.3
1323.5,2026-05-06T01:36:31.428963+00:00,73.7671,-0.1598,96.899,0.0839,0.75,0.0,1500.0,0.0,6.3
1324.000435,2026-05-06T01:36:31.929320+00:00,74.0293,0.068,96.6678,0.0954,0.75,0.0,1500.0,0.0,6.3
1324.5,2026-05-06T01:36:32.429470+00:00,73.9762,0.1159,96.5133,0.0347,0.75,0.0,1500.0,0.0,6.3
1325.0,2026-05-06T01:36:32.933896+00:00,73.9354,0.0891,96.4871,-0.0119,0.75,0.0,1500.0,0.0,6.3
1325.5,2026-05-06T01:36:33.428822+00:00,73.7768,0.0049,96.4901,-0.0477,0.75,0.0,1500.0,0.0,6.3
1326.0,2026-05-06T01:36:33.928817+00:00,73.7822,-0.1235,96.8395,0.0405,0.75,0.0,1500.0,0.0,6.3
1326.5,2026-05-06T01:36:34.429149+00:00,73.9136,-0.0313,96.7609,-0.046,0.75,0.0,1500.0,0.0,6.3
1327.0,2026-05-06T01:36:34.928814+00:00,73.6328,-0.1513,96.5848,-0.0277,0.75,0.0,1500.0,0.0,6.3
1327.5,2026-05-06T01:36:35.435594+00:00,73.6715,-0.0527,96.6809,0.0559,0.75,0.0,1500.0,0.0,6.3
1328.0,2026-05-06T01:36:35.929352+00:00,73.7012,-0.0405,96.7547,0.0892,0.75,0.0,1500.0,0.0,6.3
1328.5,2026-05-06T01:36:36.428794+00:00,73.8513,-0.0311,96.6958,0.0686,0.75,0.0,1500.0,0.0,6.3
1329.0,2026-05-06T01:36:36.928940+00:00,73.8395,0.1033,96.7662,-0.0244,0.75,0.0,1500.0,0.0,6.3
1329.5,2026-05-06T01:36:37.428815+00:00,73.7031,0.0158,96.7046,-0.0188,0.75,0.0,1500.0,0.0,6.3
1330.0,2026-05-06T01:36:37.933457+00:00,73.7255,0.0121,96.7729,0.0627,0.75,0.0,1500.0,0.0,6.3
1330.5,2026-05-06T01:36:38.428820+00:00,73.87,0.0093,96.5941,-0.0289,0.75,0.0,1500.0,0.0,6.3
1331.001723,2026-05-06T01:36:38.930548+00:00,73.8538,0.0072,96.5723,-0.0608,0.75,0.0,1500.0,0.0,6.3
1331.500082,2026-05-06T01:36:39.428900+00:00,73.8414,0.0691,96.6713,-0.0082,0.75,0.0,1500.0,0.0,6.3
1332.0,2026-05-06T01:36:39.928822+00:00,73.7045,-0.0105,96.863,0.0323,0.75,0.0,1500.0,0.0,6.3
1332.5,2026-05-06T01:36:40.435815+00:00,73.5993,-0.1353,96.6402,-0.0215,0.75,0.0,1500.0,0.0,6.3
1333.0,2026-05-06T01:36:40.928970+00:00,73.5185,-0.1677,96.8392,0.0221,0.75,0.0,1500.0,0.0,6.3
1333.5,2026-05-06T01:36:41.429315+00:00,73.4564,-0.1925,96.7607,0.0555,0.75,0.0,1500.0,0.0,6.3
1334.0,2026-05-06T01:36:41.928878+00:00,73.6632,-0.0207,96.6772,0.035,0.75,0.0,1500.0,0.0,6.3
1334.5,2026-05-06T01:36:42.428970+00:00,73.5676,-0.0159,96.7519,0.0269,0.75,0.0,1500.0,0.0,6.3
1335.001813,2026-05-06T01:36:42.936162+00:00,73.4941,-0.0122,96.5779,-0.095,0.75,0.0,1500.0,0.0,6.3
1335.5,2026-05-06T01:36:43.428813+00:00,73.6921,0.1179,96.7913,0.0504,0.75,0.0,1500.0,0.0,6.3
1336.0,2026-05-06T01:36:43.928792+00:00,73.7171,0.027,96.7239,-0.0384,0.75,0.0,1500.0,0.0,6.3
1336.5,2026-05-06T01:36:44.428824+00:00,73.609,0.0207,96.6721,-0.0295,0.75,0.0,1500.0,0.0,6.3
1337.0,2026-05-06T01:36:44.928823+00:00,73.7805,0.1432,96.8637,0.0621,0.75,0.0,1500.0,0.0,6.3
1337.5,2026-05-06T01:36:45.435709+00:00,73.785,0.0464,97.0109,0.0863,0.75,0.0,1500.0,0.0,6.3
1338.0,2026-05-06T01:36:45.928818+00:00,73.5339,-0.0916,97.0084,0.1435,0.75,0.0,1500.0,0.0,6.3
1338.5,2026-05-06T01:36:46.428835+00:00,73.7228,0.0569,97.1221,0.1103,0.75,0.0,1500.0,0.0,6.3
1339.0,2026-05-06T01:36:46.928811+00:00,73.7406,-0.0199,97.0939,0.1233,0.75,0.0,1500.0,0.0,6.3
1339.5,2026-05-06T01:36:47.428814+00:00,73.6271,-0.0789,97.0722,0.1334,0.75,0.0,1500.0,0.0,6.3
1340.0,2026-05-06T01:36:47.936817+00:00,73.6671,0.0666,96.8241,-0.0132,0.75,0.0,1500.0,0.0,6.3
1340.500392,2026-05-06T01:36:48.429571+00:00,73.5706,-0.0761,96.7491,-0.0873,0.75,0.0,1500.0,0.0,6.3
1341.0,2026-05-06T01:36:48.928801+00:00,73.3691,-0.1857,96.6914,-0.1056,0.75,0.0,1500.0,0.0,6.3
1341.5,2026-05-06T01:36:49.429303+00:00,73.4688,-0.0791,96.9942,-0.0426,0.75,0.0,1500.0,0.0,6.3
1342.0,2026-05-06T01:36:49.928807+00:00,73.5455,-0.0608,96.8799,-0.0713,0.75,0.0,1500.0,0.0,6.3
1342.5,2026-05-06T01:36:50.434359+00:00,73.7316,0.0805,97.0234,-0.0163,0.75,0.0,1500.0,0.0,6.3
1343.0,2026-05-06T01:36:50.928821+00:00,73.4929,0.0619,97.018,0.0646,0.75,0.0,1500.0,0.0,6.3
1343.5,2026-05-06T01:36:51.428878+00:00,73.4367,-0.0161,97.0138,0.0882,0.75,0.0,1500.0,0.0,6.3
1344.0,2026-05-06T01:36:51.928939+00:00,73.3935,-0.076,96.8949,0.0678,0.75,0.0,1500.0,0.0,6.3
1344.5,2026-05-06T01:36:52.428880+00:00,73.3603,-0.1857,96.6878,-0.1021,0.75,0.0,1500.0,0.0,6.3
1345.000125,2026-05-06T01:36:52.933411+00:00,73.3348,-0.0791,96.6444,-0.0785,0.75,0.0,1500.0,0.0,6.3
1345.5,2026-05-06T01:36:53.428949+00:00,73.3152,-0.0608,96.8424,-0.0603,0.75,0.0,1500.0,0.0,6.3
1346.0,2026-05-06T01:36:53.928805+00:00,73.1728,-0.1103,96.5317,-0.1621,0.75,0.0,1500.0,0.0,6.3
1346.5,2026-05-06T01:36:54.428798+00:00,73.3179,-0.0212,96.617,-0.1323,0.75,0.0,1500.0,0.0,6.3
1347.0,2026-05-06T01:36:54.928915+00:00,73.1749,-0.0799,96.7056,-0.0631,0.75,0.0,1500.0,0.0,6.3
1347.500476,2026-05-06T01:36:55.434607+00:00,73.3196,0.0022,96.658,-0.0099,0.75,0.0,1500.0,0.0,6.2488
1348.0,2026-05-06T01:36:55.928926+00:00,73.4308,0.129,96.4826,-0.0539,0.75,0.0,1500.0,0.0,6.275
1348.5,2026-05-06T01:36:56.428911+00:00,73.2617,-0.0281,96.718,-0.0414,0.75,0.0,1500.0,0.0,6.2878
1349.0,2026-05-06T01:36:56.928815+00:00,73.3862,0.1056,96.7833,0.0838,0.75,0.0,1500.0,0.0,6.294
1349.5,2026-05-06T01:36:57.429031+00:00,73.2274,-0.0461,96.9491,0.1107,0.75,0.0,1500.0,0.0,6.2971
1350.001781,2026-05-06T01:36:57.936164+00:00,73.3599,-0.0354,96.7295,0.008,0.75,0.0,1500.0,0.0,6.2986
1350.5,2026-05-06T01:36:58.428938+00:00,73.3345,0.0364,96.769,0.037,0.75,0.0,1500.0,0.0,6.2993
1351.0,2026-05-06T01:36:58.928869+00:00,73.4422,0.028,96.9381,0.1518,0.75,0.0,1500.0,0.0,6.2997
1351.5,2026-05-06T01:36:59.428812+00:00,73.3977,0.0851,96.8367,0.0396,0.75,0.0,1500.0,0.0,6.2998
1352.0,2026-05-06T01:36:59.928845+00:00,73.3635,0.0018,96.9902,0.069,0.75,0.0,1500.0,0.0,6.2999
1352.5,2026-05-06T01:37:00.434720+00:00,73.3373,0.0014,96.8768,-0.0241,0.75,0.0,1500.0,0.0,6.3
1353.000446,2026-05-06T01:37:00.929233+00:00,73.1898,-0.1262,96.7896,0.02,0.75,0.0,1500.0,0.0,6.3
1353.5,2026-05-06T01:37:01.428802+00:00,73.2037,-0.097,96.8383,0.0231,0.75,0.0,1500.0,0.0,6.3
1354.0,2026-05-06T01:37:01.928935+00:00,73.3417,-0.0109,96.76,-0.0594,0.75,0.0,1500.0,0.0,6.3
1354.5,2026-05-06T01:37:02.428822+00:00,73.3205,-0.0084,96.8155,-0.0071,0.75,0.0,1500.0,0.0,6.3
1355.0,2026-05-06T01:37:02.935218+00:00,73.1769,-0.0064,96.9739,-0.0054,0.75,0.0,1500.0,0.0,6.3
1355.50197,2026-05-06T01:37:03.430923+00:00,73.1938,-0.005,96.8643,-0.0042,0.75,0.0,1500.0,0.0,6.3
1356.0,2026-05-06T01:37:03.928793+00:00,73.0796,-0.1311,97.1271,0.1125,0.75,0.0,1500.0,0.0,6.3
1356.5,2026-05-06T01:37:04.429008+00:00,72.9917,-0.1644,97.0977,0.0865,0.75,0.0,1500.0,0.0,6.3
1357.0,2026-05-06T01:37:04.928802+00:00,73.0515,-0.0627,97.0751,0.105,0.75,0.0,1500.0,0.0,6.3
1357.5,2026-05-06T01:37:05.434556+00:00,73.0974,-0.0482,97.0577,0.0807,0.75,0.0,1500.0,0.0,6.3
1358.0,2026-05-06T01:37:05.929255+00:00,72.8782,-0.1007,96.9286,-0.0151,0.75,0.0,1500.0,0.0,6.3
1358.5,2026-05-06T01:37:06.428825+00:00,72.9642,-0.0137,96.5749,-0.0964,0.75,0.0,1500.0,0.0,6.3
1359.0,2026-05-06T01:37:06.929129+00:00,73.0304,-0.0106,96.5576,-0.1898,0.75,0.0,1500.0,0.0,6.3
1359.5,2026-05-06T01:37:07.428826+00:00,73.2085,0.0555,96.4054,-0.2307,0.75,0.0,1500.0,0.0,6.3
1360.0,2026-05-06T01:37:07.933698+00:00,73.0908,0.1063,96.4273,-0.2159,0.75,0.0,1500.0,0.0,6.3
1360.5,2026-05-06T01:37:08.428806+00:00,73.0004,0.0181,96.3053,-0.2508,0.75,0.0,1500.0,0.0,6.3
1361.0,2026-05-06T01:37:08.929070+00:00,73.0581,0.0139,96.3272,-0.2005,0.75,0.0,1500.0,0.0,6.3
1361.5,2026-05-06T01:37:09.428804+00:00,72.9753,-0.1166,96.3672,-0.0692,0.75,0.0,1500.0,0.0,6.2488
1362.0,2026-05-06T01:37:09.928838+00:00,73.0388,-0.026,96.3979,-0.0532,0.75,0.0,1500.0,0.0,6.2238
1362.5,2026-05-06T01:37:10.435128+00:00,73.0877,0.0437,96.5372,0.0439,0.75,0.0,1500.0,0.0,6.2116
1363.0,2026-05-06T01:37:10.928902+00:00,72.998,-0.0301,96.3898,-0.0125,0.75,0.0,1500.0,0.0,6.2569
1363.5,2026-05-06T01:37:11.429195+00:00,73.0563,0.0405,96.2996,-0.0019,0.75,0.0,1500.0,0.0,6.279
1364.0,2026-05-06T01:37:11.928955+00:00,72.9739,-0.0325,96.2303,-0.0323,0.75,0.0,1500.0,0.0,6.3409
1364.5,2026-05-06T01:37:12.429045+00:00,73.165,0.0387,96.2927,-0.0248,0.75,0.0,1500.0,0.0,6.3712
1365.0,2026-05-06T01:37:12.934272+00:00,73.1847,0.0934,96.4332,0.0118,0.75,0.0,1500.0,0.0,6.3859
1365.500575,2026-05-06T01:37:13.429393+00:00,73.1998,0.0717,96.4487,-0.0295,0.75,0.0,1500.0,0.0,6.3931
1366.0,2026-05-06T01:37:13.929067+00:00,73.0841,0.0551,96.5762,0.0622,0.75,0.0,1500.0,0.0,6.3966
1366.5,2026-05-06T01:37:14.429391+00:00,73.1225,-0.0212,96.6743,0.1249,0.75,0.0,1500.0,0.0,6.3472
1367.0,2026-05-06T01:37:14.928819+00:00,73.2793,0.0473,96.2406,0.0034,0.75,0.0,1500.0,0.0,6.323
1367.5,2026-05-06T01:37:15.437001+00:00,73.2725,0.0364,96.3006,0.0026,0.75,0.0,1500.0,0.0,6.3112
1368.0,2026-05-06T01:37:15.928957+00:00,73.3946,0.1552,96.2311,-0.0674,0.75,0.0,1500.0,0.0,6.3567
1368.5,2026-05-06T01:37:16.428869+00:00,73.3611,0.1193,96.2701,-0.0595,0.75,0.0,1500.0,0.0,6.3789
1369.0,2026-05-06T01:37:16.928873+00:00,73.2081,-0.0356,96.4159,-0.0535,0.75,0.0,1500.0,0.0,6.3897
1369.5,2026-05-06T01:37:17.428843+00:00,73.0906,-0.091,96.6668,-0.0025,0.75,0.0,1500.0,0.0,6.395
1370.0,2026-05-06T01:37:17.935574+00:00,73.1274,-0.1336,96.605,0.1215,0.75,0.0,1500.0,0.0,6.3975
1370.5,2026-05-06T01:37:18.428839+00:00,73.0285,-0.1663,96.8121,0.1705,0.75,0.0,1500.0,0.0,6.3476
1371.0,2026-05-06T01:37:18.928940+00:00,72.9525,-0.1278,96.9713,0.2467,0.75,0.0,1500.0,0.0,6.3232
1371.5,2026-05-06T01:37:19.428792+00:00,72.8941,-0.0982,96.6308,0.1202,0.75,0.0,1500.0,0.0,6.3113
1372.0,2026-05-06T01:37:19.928822+00:00,72.8492,-0.1391,96.7163,0.1001,0.75,0.0,1500.0,0.0,6.3055
1372.5,2026-05-06T01:37:20.437721+00:00,73.0692,0.0203,96.7819,0.0384,0.75,0.0,1500.0,0.0,6.3027
1373.0,2026-05-06T01:37:20.928805+00:00,73.111,0.0793,96.601,-0.0013,0.75,0.0,1500.0,0.0,6.3013
1373.5,2026-05-06T01:37:21.428963+00:00,73.1432,0.1246,96.6933,-0.0396,0.75,0.0,1500.0,0.0,6.3006
1374.000845,2026-05-06T01:37:21.929666+00:00,73.1679,0.1594,96.7643,-0.069,0.75,0.0,1500.0,0.0,6.3003
1374.5,2026-05-06T01:37:22.429089+00:00,72.9324,-0.0684,96.9345,0.1012,0.75,0.0,1500.0,0.0,6.3002
1375.0,2026-05-06T01:37:22.934665+00:00,73.0059,-0.0526,96.9497,0.0778,0.75,0.0,1500.0,0.0,6.3001
1375.5,2026-05-06T01:37:23.428851+00:00,73.0624,-0.0404,96.8225,0.0135,0.75,0.0,1500.0,0.0,6.3
1376.0,2026-05-06T01:37:23.928811+00:00,73.233,0.0326,96.8636,0.0875,0.75,0.0,1500.0,0.0,6.3
1376.5,2026-05-06T01:37:24.428993+00:00,73.1097,0.0887,97.0108,0.1058,0.75,0.0,1500.0,0.0,6.3
1377.00045,2026-05-06T01:37:24.929312+00:00,73.0149,0.0045,96.8695,0.0351,0.75,0.0,1500.0,0.0,6.3
1377.5,2026-05-06T01:37:25.435653+00:00,72.8148,-0.1238,96.784,-0.0502,0.75,0.0,1500.0,0.0,6.3
1378.0,2026-05-06T01:37:25.928791+00:00,72.9155,-0.1588,96.9497,-0.0,0.75,0.0,1500.0,0.0,6.3
1378.5,2026-05-06T01:37:26.428868+00:00,72.7383,-0.1857,96.8456,0.0077,0.75,0.0,1500.0,0.0,6.3
1379.0,2026-05-06T01:37:26.928997+00:00,72.8567,-0.0791,96.997,0.0445,0.75,0.0,1500.0,0.0,6.3
1379.500551,2026-05-06T01:37:27.429382+00:00,72.8205,0.0029,96.9977,-0.0044,0.75,0.0,1500.0,0.0,6.3
1380.0,2026-05-06T01:37:27.933470+00:00,72.7926,-0.0614,96.9983,0.0429,0.75,0.0,1500.0,0.0,6.3
1380.5,2026-05-06T01:37:28.428785+00:00,72.7712,0.0164,96.7673,-0.0056,0.75,0.0,1500.0,0.0,6.3
1381.000398,2026-05-06T01:37:28.929604+00:00,72.7547,-0.051,96.798,-0.0506,0.75,0.0,1500.0,0.0,6.3
1381.5,2026-05-06T01:37:29.428924+00:00,72.742,-0.0392,96.9604,0.0383,0.75,0.0,1500.0,0.0,6.3
1382.0,2026-05-06T01:37:29.928858+00:00,72.7323,-0.0301,96.9696,-0.0092,0.75,0.0,1500.0,0.0,6.3
1382.5,2026-05-06T01:37:30.434624+00:00,72.7248,-0.0232,96.8609,-0.0456,0.75,0.0,1500.0,0.0,6.3
1383.0,2026-05-06T01:37:30.928981+00:00,72.8464,0.0458,96.8931,-0.035,0.75,0.0,1500.0,0.0,6.3
1383.5,2026-05-06T01:37:31.428974+00:00,72.8125,0.0352,96.9178,0.0502,0.75,0.0,1500.0,0.0,6.3
1384.0,2026-05-06T01:37:31.928831+00:00,73.041,0.1543,96.9369,0.0463,0.75,0.0,1500.0,0.0,6.3
1384.5,2026-05-06T01:37:32.428815+00:00,73.2166,0.2459,97.044,0.0279,0.75,0.0,1500.0,0.0,6.3
1385.0,2026-05-06T01:37:32.937365+00:00,72.9698,0.0617,96.8024,-0.0557,0.75,0.0,1500.0,0.0,6.3
1385.5,2026-05-06T01:37:33.428873+00:00,72.9074,0.0474,96.7325,-0.0428,0.75,0.0,1500.0,0.0,6.3
1386.0,2026-05-06T01:37:33.929006+00:00,72.8594,-0.0908,96.6555,-0.0792,0.75,0.0,1500.0,0.0,6.3
1386.5,2026-05-06T01:37:34.428824+00:00,72.6952,-0.2607,96.6427,-0.0917,0.75,0.0,1500.0,0.0,6.3
1387.0,2026-05-06T01:37:34.928786+00:00,72.6963,-0.1367,96.7254,-0.0705,0.75,0.0,1500.0,0.0,6.3
1387.5,2026-05-06T01:37:35.434214+00:00,72.8245,-0.0415,96.9046,-0.0465,0.75,0.0,1500.0,0.0,6.3
1388.0,2026-05-06T01:37:35.928798+00:00,72.9229,0.0318,96.9267,0.0414,0.75,0.0,1500.0,0.0,6.3
1388.5,2026-05-06T01:37:36.428804+00:00,72.7441,0.0244,97.175,0.1475,0.75,0.0,1500.0,0.0,6.3
1389.001529,2026-05-06T01:37:36.930388+00:00,72.8611,0.0824,97.1345,0.1597,0.75,0.0,1500.0,0.0,6.3
1389.5,2026-05-06T01:37:37.428836+00:00,72.8239,-0.0003,97.2191,0.1921,0.75,0.0,1500.0,0.0,6.3
1390.0,2026-05-06T01:37:37.936123+00:00,72.9225,-0.0002,97.1684,0.1477,0.75,0.0,1500.0,0.0,6.3
1390.500392,2026-05-06T01:37:38.429567+00:00,72.9983,0.1271,97.0137,0.0364,0.75,0.0,1500.0,0.0,6.3
1391.0,2026-05-06T01:37:38.928981+00:00,72.9292,0.034,96.8949,-0.0106,0.75,0.0,1500.0,0.0,6.3
1391.5,2026-05-06T01:37:39.429305+00:00,72.7489,-0.0375,97.1506,-0.0082,0.75,0.0,1500.0,0.0,6.3
1392.0,2026-05-06T01:37:39.928799+00:00,72.7376,-0.0924,97.0,-0.0448,0.75,0.0,1500.0,0.0,6.3
1392.5,2026-05-06T01:37:40.436134+00:00,72.7289,-0.1347,96.8612,-0.1193,0.75,0.0,1500.0,0.0,6.3
1393.0,2026-05-06T01:37:40.929217+00:00,72.7222,-0.1035,96.8933,-0.0917,0.75,0.0,1500.0,0.0,6.3
1393.5,2026-05-06T01:37:41.428797+00:00,72.8443,0.0477,96.918,-0.0319,0.75,0.0,1500.0,0.0,6.3
1394.0,2026-05-06T01:37:41.929164+00:00,72.8109,0.0367,97.0527,0.0526,0.75,0.0,1500.0,0.0,6.3
1394.501589,2026-05-06T01:37:42.430440+00:00,72.7853,0.0282,96.8091,-0.1138,0.75,0.0,1500.0,0.0,6.3
1395.00011,2026-05-06T01:37:42.934832+00:00,72.6383,-0.042,96.8533,-0.0489,0.75,0.0,1500.0,0.0,6.3
1395.5,2026-05-06T01:37:43.429068+00:00,72.5253,-0.1595,96.6558,-0.0685,0.75,0.0,1500.0,0.0,6.3
1396.0,2026-05-06T01:37:43.928815+00:00,72.5657,-0.1226,96.6198,-0.0912,0.75,0.0,1500.0,0.0,6.3
1396.5,2026-05-06T01:37:44.428866+00:00,72.4695,-0.1579,96.4763,-0.1472,0.75,0.0,1500.0,0.0,6.3
1397.0,2026-05-06T01:37:44.928990+00:00,72.6501,0.0059,96.5975,-0.1517,0.75,0.0,1500.0,0.0,6.3
1397.5,2026-05-06T01:37:45.437332+00:00,72.6617,0.0682,96.5518,-0.0858,0.75,0.0,1500.0,0.0,6.2488
1398.0,2026-05-06T01:37:45.929032+00:00,72.7978,0.116,96.6555,-0.0659,0.75,0.0,1500.0,0.0,6.275
1398.5,2026-05-06T01:37:46.429380+00:00,72.9024,0.2165,96.7352,0.0265,0.75,0.0,1500.0,0.0,6.2878
1399.000465,2026-05-06T01:37:46.929260+00:00,72.7283,0.0391,96.6808,0.0203,0.75,0.0,1500.0,0.0,6.294
1399.5,2026-05-06T01:37:47.428817+00:00,72.849,0.0937,96.7547,0.0928,0.75,0.0,1500.0,0.0,6.2971
1400.0,2026-05-06T01:37:47.939157+00:00,72.8146,0.0084,96.6726,0.025,0.75,0.0,1500.0,0.0,6.2986
1400.501041,2026-05-06T01:37:48.429881+00:00,72.788,-0.0572,96.6327,0.0269,0.75,0.0,1500.0,0.0,6.2993
1401.0,2026-05-06T01:37:48.928821+00:00,72.7677,0.0197,96.602,-0.0179,0.75,0.0,1500.0,0.0,6.2997
1401.5,2026-05-06T01:37:49.429286+00:00,72.6247,-0.1121,96.5784,-0.0523,0.75,0.0,1500.0,0.0,6.2998
1402.0,2026-05-06T01:37:49.928810+00:00,72.5149,-0.1498,96.4214,-0.0865,0.75,0.0,1500.0,0.0,6.2999
1402.5,2026-05-06T01:37:50.435570+00:00,72.3032,-0.2424,96.671,-0.0279,0.75,0.0,1500.0,0.0,6.3
1403.0,2026-05-06T01:37:50.931047+00:00,72.2677,-0.25,96.5157,-0.0523,0.75,0.0,1500.0,0.0,6.3
1403.500341,2026-05-06T01:37:51.429215+00:00,72.495,-0.0649,96.5121,-0.0402,0.75,0.0,1500.0,0.0,6.3
1404.0,2026-05-06T01:37:51.928868+00:00,72.5425,0.0138,96.5093,-0.0309,0.75,0.0,1500.0,0.0,6.3
1404.5,2026-05-06T01:37:52.428819+00:00,72.7062,0.2015,96.484,-0.0315,0.75,0.0,1500.0,0.0,6.3
1405.000364,2026-05-06T01:37:52.933634+00:00,72.4502,0.0912,96.7191,0.0992,0.75,0.0,1500.0,0.0,6.3
1405.5,2026-05-06T01:37:53.428936+00:00,72.6353,0.0701,96.761,0.03,0.75,0.0,1500.0,0.0,6.3
1406.0,2026-05-06T01:37:53.928837+00:00,72.6503,0.0539,96.4692,-0.0155,0.75,0.0,1500.0,0.0,6.3
1406.5,2026-05-06T01:37:54.428859+00:00,72.5345,-0.0858,96.3606,-0.0505,0.75,0.0,1500.0,0.0,6.2488
1407.0,2026-05-06T01:37:54.928946+00:00,72.5728,0.0613,96.4854,-0.008,0.75,0.0,1500.0,0.0,6.2238
1407.500552,2026-05-06T01:37:55.437762+00:00,72.475,-0.0802,96.2574,-0.0755,0.75,0.0,1500.0,0.0,6.2116
1408.000136,2026-05-06T01:37:55.928936+00:00,72.527,-0.0616,96.4292,-0.0966,0.75,0.0,1500.0,0.0,6.2569
1408.5,2026-05-06T01:37:56.428808+00:00,72.5671,0.0163,96.677,-0.028,0.75,0.0,1500.0,0.0,6.279
1409.0,2026-05-06T01:37:56.928781+00:00,72.7251,0.0761,96.636,0.0556,0.75,0.0,1500.0,0.0,6.2897
1409.5,2026-05-06T01:37:57.428894+00:00,72.7193,0.1222,96.4657,0.035,0.75,0.0,1500.0,0.0,6.295
1410.0,2026-05-06T01:37:58.039365+00:00,72.5876,0.0303,96.4737,-0.0039,0.75,0.0,1500.0,0.0,6.2976
1410.5,2026-05-06T01:37:58.428789+00:00,72.4863,-0.0404,96.4798,0.0741,0.75,0.0,1500.0,0.0,6.2988
1411.0,2026-05-06T01:37:58.928816+00:00,72.4085,-0.1583,96.577,0.0493,0.75,0.0,1500.0,0.0,6.2994
1411.5,2026-05-06T01:37:59.428871+00:00,72.4759,-0.1217,96.6749,-0.0007,0.75,0.0,1500.0,0.0,6.2997
1412.0,2026-05-06T01:37:59.928810+00:00,72.5278,-0.0299,96.7501,0.038,0.75,0.0,1500.0,0.0,6.2999
1412.5,2026-05-06T01:38:00.435571+00:00,72.6949,0.1043,96.9236,0.1526,0.75,0.0,1500.0,0.0,6.2999
1413.0,2026-05-06T01:38:00.928835+00:00,72.5688,0.0802,96.9413,0.1559,0.75,0.0,1500.0,0.0,6.3
1413.5,2026-05-06T01:38:01.428797+00:00,72.3446,-0.0657,96.9549,0.1584,0.75,0.0,1500.0,0.0,6.3
1414.0,2026-05-06T01:38:01.928953+00:00,72.5541,0.0132,96.9653,0.1294,0.75,0.0,1500.0,0.0,6.3
1414.501752,2026-05-06T01:38:02.430599+00:00,72.5879,-0.0535,96.9734,0.0995,0.75,0.0,1500.0,0.0,6.3
1415.0,2026-05-06T01:38:02.935230+00:00,72.6138,0.0225,96.7481,-0.0007,0.75,0.0,1500.0,0.0,6.3
1415.5,2026-05-06T01:38:03.428977+00:00,72.6338,0.1446,96.8064,-0.0391,0.75,0.0,1500.0,0.0,6.3
1416.0,2026-05-06T01:38:03.928822+00:00,72.6491,0.0475,96.7355,-0.0686,0.75,0.0,1500.0,0.0,6.3
1416.5,2026-05-06T01:38:04.428972+00:00,72.5336,-0.0271,96.9124,-0.0142,0.75,0.0,1500.0,0.0,6.3
1417.0,2026-05-06T01:38:04.929102+00:00,72.5721,-0.0209,97.0484,0.0277,0.75,0.0,1500.0,0.0,6.3
1417.500152,2026-05-06T01:38:05.433961+00:00,72.729,0.0476,97.0372,0.0213,0.75,0.0,1500.0,0.0,6.3
1418.0,2026-05-06T01:38:05.928833+00:00,72.7223,0.0366,97.1443,0.1321,0.75,0.0,1500.0,0.0,6.3
1418.501575,2026-05-06T01:38:06.430418+00:00,72.8444,0.1554,97.2266,0.1401,0.75,0.0,1500.0,0.0,6.3
1419.0,2026-05-06T01:38:06.928823+00:00,72.6837,0.0558,97.0585,0.1077,0.75,0.0,1500.0,0.0,6.3
1419.5,2026-05-06T01:38:07.429002+00:00,72.5602,-0.0844,97.0449,0.0442,0.75,0.0,1500.0,0.0,6.3
1420.0,2026-05-06T01:38:07.935338+00:00,72.5926,-0.0649,96.9188,-0.0432,0.75,0.0,1500.0,0.0,6.3
1420.5,2026-05-06T01:38:08.428836+00:00,72.4901,-0.1771,96.8219,-0.0718,0.75,0.0,1500.0,0.0,6.3
1421.0,2026-05-06T01:38:08.929383+00:00,72.5387,-0.0725,96.8631,-0.0937,0.75,0.0,1500.0,0.0,6.3
1421.500461,2026-05-06T01:38:09.429250+00:00,72.7033,0.0715,96.8948,-0.1106,0.75,0.0,1500.0,0.0,6.3
1422.0,2026-05-06T01:38:09.929002+00:00,72.8298,0.1186,96.8034,-0.085,0.75,0.0,1500.0,0.0,6.3
1422.5,2026-05-06T01:38:10.539242+00:00,72.6725,0.0912,97.0803,0.0118,0.75,0.0,1500.0,0.0,6.3
1423.0,2026-05-06T01:38:10.928792+00:00,72.9334,0.1973,96.946,0.0091,0.75,0.0,1500.0,0.0,6.3
1423.5,2026-05-06T01:38:11.429058+00:00,72.6249,-0.0392,97.0742,0.0841,0.75,0.0,1500.0,0.0,6.3
1424.001952,2026-05-06T01:38:11.930918+00:00,72.6422,-0.0938,97.1727,0.1032,0.75,0.0,1500.0,0.0,6.3
1424.5,2026-05-06T01:38:12.428892+00:00,72.6556,-0.0084,97.0171,0.0408,0.75,0.0,1500.0,0.0,6.3
1425.0,2026-05-06T01:38:12.935674+00:00,72.6659,-0.1338,97.1288,0.1085,0.75,0.0,1500.0,0.0,6.3
1425.5,2026-05-06T01:38:13.428835+00:00,72.6738,0.0245,96.9833,-0.0323,0.75,0.0,1500.0,0.0,6.3
1426.0,2026-05-06T01:38:13.928818+00:00,72.5526,-0.0448,97.1029,0.0523,0.75,0.0,1500.0,0.0,6.3
1426.5,2026-05-06T01:38:14.429051+00:00,72.5867,-0.0345,97.0791,0.0016,0.75,0.0,1500.0,0.0,6.3
1427.000227,2026-05-06T01:38:14.929102+00:00,72.3584,-0.1538,96.9451,-0.0759,0.75,0.0,1500.0,0.0,6.3
1427.5,2026-05-06T01:38:15.434295+00:00,72.3102,-0.1818,96.9578,-0.0198,0.75,0.0,1500.0,0.0,6.3
1428.0,2026-05-06T01:38:15.928875+00:00,72.4004,-0.0761,96.9676,-0.0538,0.75,0.0,1500.0,0.0,6.3
1428.5,2026-05-06T01:38:16.428791+00:00,72.4697,-0.0585,96.8362,-0.049,0.75,0.0,1500.0,0.0,6.3
1429.0,2026-05-06T01:38:16.928813+00:00,72.6503,0.1459,96.8741,-0.0763,0.75,0.0,1500.0,0.0,6.3
1429.501222,2026-05-06T01:38:17.430586+00:00,72.6618,0.1758,96.9032,-0.0586,0.75,0.0,1500.0,0.0,6.3
1430.0,2026-05-06T01:38:17.933747+00:00,72.6706,0.1351,96.9256,-0.0065,0.75,0.0,1500.0,0.0,6.3
1430.5,2026-05-06T01:38:18.428822+00:00,72.5501,0.0402,96.8271,-0.0435,0.75,0.0,1500.0,0.0,6.3
1431.0,2026-05-06T01:38:18.930642+00:00,72.5848,-0.0327,96.6126,-0.1183,0.75,0.0,1500.0,0.0,6.3
1431.5,2026-05-06T01:38:19.428898+00:00,72.7387,0.0385,96.4708,-0.1218,0.75,0.0,1500.0,0.0,6.3
1432.0,2026-05-06T01:38:19.928847+00:00,72.6025,-0.0341,96.5933,-0.0936,0.75,0.0,1500.0,0.0,6.3
1432.50173,2026-05-06T01:38:20.436214+00:00,72.3705,-0.0898,96.78,-0.0411,0.75,0.0,1500.0,0.0,6.3
1433.0,2026-05-06T01:38:20.928792+00:00,72.1922,-0.1963,96.5995,-0.1087,0.75,0.0,1500.0,0.0,6.3
1433.5,2026-05-06T01:38:21.428812+00:00,72.3097,-0.2145,96.6922,-0.045,0.75,0.0,1500.0,0.0,6.3
1434.0,2026-05-06T01:38:21.928869+00:00,72.1455,-0.2285,96.4163,-0.0654,0.75,0.0,1500.0,0.0,6.3
1434.5,2026-05-06T01:38:22.428829+00:00,72.1465,-0.112,96.5514,0.0268,0.75,0.0,1500.0,0.0,6.3
1435.0,2026-05-06T01:38:23.043030+00:00,72.1473,-0.0224,96.6552,0.0206,0.75,0.0,1500.0,0.0,6.3
1435.5,2026-05-06T01:38:23.429419+00:00,72.2752,-0.0173,96.5961,-0.0613,0.75,0.0,1500.0,0.0,6.3
1436.0,2026-05-06T01:38:23.928807+00:00,72.3735,0.114,96.6896,0.03,0.75,0.0,1500.0,0.0,6.3
1436.5,2026-05-06T01:38:24.428800+00:00,72.5763,0.2149,96.7614,0.0231,0.75,0.0,1500.0,0.0,6.3
1437.0,2026-05-06T01:38:24.928791+00:00,72.605,0.2288,96.5852,0.0563,0.75,0.0,1500.0,0.0,6.3
1437.5,2026-05-06T01:38:25.434830+00:00,72.6269,0.1759,96.6812,0.0433,0.75,0.0,1500.0,0.0,6.3
1438.0,2026-05-06T01:38:25.929061+00:00,72.3893,0.0079,96.8707,0.0718,0.75,0.0,1500.0,0.0,6.3
1438.5,2026-05-06T01:38:26.428783+00:00,72.2067,-0.1848,96.4378,-0.0528,0.75,0.0,1500.0,0.0,6.3
1439.0,2026-05-06T01:38:26.928886+00:00,72.3208,-0.1421,96.4522,-0.0791,0.75,0.0,1500.0,0.0,6.3
1439.5,2026-05-06T01:38:27.428890+00:00,72.4086,-0.1092,96.5558,-0.0685,0.75,0.0,1500.0,0.0,6.3
1440.0,2026-05-06T01:38:27.933662+00:00,72.3487,-0.0203,96.2884,-0.099,0.75,0.0,1500.0,0.0,6.3
1440.5,2026-05-06T01:38:28.428807+00:00,72.3027,0.048,96.2216,-0.1532,0.75,0.0,1500.0,0.0,6.3
1441.0,2026-05-06T01:38:28.928876+00:00,72.1401,-0.0903,95.9389,-0.3106,0.75,0.0,1500.0,0.0,6.3
1441.503491,2026-05-06T01:38:29.432472+00:00,72.1424,-0.1331,95.8605,-0.1924,0.75,0.0,1500.0,0.0,6.3
1442.0,2026-05-06T01:38:29.928972+00:00,72.2714,-0.0386,95.9854,-0.1556,0.75,0.0,1500.0,0.0,6.3
1442.5,2026-05-06T01:38:30.434868+00:00,72.3706,0.0339,95.9656,-0.1967,0.75,0.0,1500.0,0.0,6.2488
1443.00174,2026-05-06T01:38:30.930578+00:00,72.5741,0.217,95.9504,-0.1126,0.75,0.0,1500.0,0.0,6.275
1443.5,2026-05-06T01:38:31.428783+00:00,72.7305,0.294,96.309,0.0291,0.75,0.0,1500.0,0.0,6.2878
1444.0,2026-05-06T01:38:31.929512+00:00,72.7234,0.226,96.3301,0.1304,0.75,0.0,1500.0,0.0,6.294
1444.500489,2026-05-06T01:38:32.429276+00:00,72.718,0.1737,96.2537,0.1311,0.75,0.0,1500.0,0.0,6.2971
1445.0,2026-05-06T01:38:32.934206+00:00,72.5866,0.0062,96.2875,0.1007,0.75,0.0,1500.0,0.0,6.2986
1445.5,2026-05-06T01:38:33.428997+00:00,72.4856,-0.1225,96.1979,0.0774,0.75,0.0,1500.0,0.0,6.2993
1446.0,2026-05-06T01:38:33.928817+00:00,72.4079,-0.1578,95.9207,-0.0099,0.75,0.0,1500.0,0.0,6.2997
1446.5,2026-05-06T01:38:34.428809+00:00,72.221,-0.2485,96.1704,-0.0462,0.75,0.0,1500.0,0.0,6.2998
1447.0,2026-05-06T01:38:34.928959+00:00,72.0773,-0.2547,96.131,-0.0664,0.75,0.0,1500.0,0.0,6.2999
1447.5,2026-05-06T01:38:35.434581+00:00,71.9668,-0.2594,95.985,-0.0896,0.75,0.0,1500.0,0.0,6.3
1448.0,2026-05-06T01:38:35.928936+00:00,72.1365,-0.1357,95.9885,-0.0997,0.75,0.0,1500.0,0.0,6.3
1448.5,2026-05-06T01:38:36.429131+00:00,72.2669,0.023,95.8523,-0.1152,0.75,0.0,1500.0,0.0,6.3
1449.0,2026-05-06T01:38:36.929697+00:00,72.2398,0.0813,95.7708,-0.05,0.75,0.0,1500.0,0.0,6.3
1449.5,2026-05-06T01:38:37.428818+00:00,72.3463,0.1897,96.0321,-0.0461,0.75,0.0,1500.0,0.0,6.3
1450.0,2026-05-06T01:38:37.937151+00:00,72.4282,0.1458,96.0015,-0.0432,0.75,0.0,1500.0,0.0,6.3
1450.5,2026-05-06T01:38:38.428832+00:00,72.3638,0.0485,96.14,0.0517,0.75,0.0,1500.0,0.0,6.3
1451.0,2026-05-06T01:38:38.929070+00:00,72.3143,0.0372,96.2233,0.0783,0.75,0.0,1500.0,0.0,6.3
1451.5,2026-05-06T01:38:39.428906+00:00,72.149,-0.0986,96.2873,0.145,0.75,0.0,1500.0,0.0,6.3
1452.0,2026-05-06T01:38:39.928836+00:00,72.022,-0.2031,96.244,0.1577,0.75,0.0,1500.0,0.0,6.3
1452.5,2026-05-06T01:38:40.436361+00:00,72.1789,-0.0925,96.5346,0.1675,0.75,0.0,1500.0,0.0,6.2488
1453.0,2026-05-06T01:38:40.929048+00:00,72.2995,-0.0074,96.6423,0.2136,0.75,0.0,1500.0,0.0,6.275
1453.5,2026-05-06T01:38:41.428797+00:00,72.2649,0.0579,96.6094,0.1565,0.75,0.0,1500.0,0.0,6.2878
1454.0,2026-05-06T01:38:41.928912+00:00,72.4928,0.2354,96.5609,0.1125,0.75,0.0,1500.0,0.0,6.294
1454.5,2026-05-06T01:38:42.429089+00:00,72.5408,0.1809,96.6625,0.1251,0.75,0.0,1500.0,0.0,6.2971
1455.000223,2026-05-06T01:38:42.933368+00:00,72.5776,0.1391,96.5092,0.0884,0.75,0.0,1500.0,0.0,6.2986
1455.5,2026-05-06T01:38:43.428811+00:00,72.4787,0.1069,96.5302,-0.0015,0.75,0.0,1500.0,0.0,6.2993
1456.0,2026-05-06T01:38:43.928880+00:00,72.4026,-0.0451,96.6158,-0.0088,0.75,0.0,1500.0,0.0,6.2997
1456.5,2026-05-06T01:38:44.428842+00:00,72.4714,-0.0347,96.4733,-0.0454,0.75,0.0,1500.0,0.0,6.2998
1457.0,2026-05-06T01:38:44.928809+00:00,72.5243,-0.0266,96.4795,-0.0272,0.75,0.0,1500.0,0.0,6.2999
1457.5,2026-05-06T01:38:45.437084+00:00,72.4377,-0.0205,96.4842,-0.0594,0.75,0.0,1500.0,0.0,6.3
1458.0,2026-05-06T01:38:45.928819+00:00,72.4984,0.0479,96.3722,-0.0457,0.75,0.0,1500.0,0.0,6.3
1458.5,2026-05-06T01:38:46.428847+00:00,72.6723,0.1004,96.6332,0.0343,0.75,0.0,1500.0,0.0,6.3
1459.0,2026-05-06T01:38:46.930752+00:00,72.6787,0.0772,96.718,0.0341,0.75,0.0,1500.0,0.0,6.3
1459.5,2026-05-06T01:38:47.428883+00:00,72.5564,0.0593,96.5519,0.0262,0.75,0.0,1500.0,0.0,6.3
1460.0,2026-05-06T01:38:47.939101+00:00,72.5896,0.0456,96.5399,0.0201,0.75,0.0,1500.0,0.0,6.3
1460.5,2026-05-06T01:38:48.429200+00:00,72.6152,-0.0286,96.6464,0.054,0.75,0.0,1500.0,0.0,6.3
1461.0,2026-05-06T01:38:48.928813+00:00,72.6348,-0.022,96.4968,0.0415,0.75,0.0,1500.0,0.0,6.3
1461.5,2026-05-06T01:38:49.428996+00:00,72.5226,-0.0169,96.7058,0.0242,0.75,0.0,1500.0,0.0,6.3
1462.0,2026-05-06T01:38:49.928870+00:00,72.3091,-0.1402,96.5656,-0.0508,0.75,0.0,1500.0,0.0,6.3
1462.5,2026-05-06T01:38:50.434955+00:00,72.3996,-0.1078,96.7818,0.0766,0.75,0.0,1500.0,0.0,6.3
1463.0,2026-05-06T01:38:50.928879+00:00,72.3418,-0.1465,96.6241,0.0281,0.75,0.0,1500.0,0.0,6.3
1463.50039,2026-05-06T01:38:51.429572+00:00,72.2974,-0.1126,96.4796,-0.0556,0.75,0.0,1500.0,0.0,6.3
1464.0,2026-05-06T01:38:51.928942+00:00,72.3906,0.0407,96.4844,-0.0041,0.75,0.0,1500.0,0.0,6.3
1464.500001,2026-05-06T01:38:52.428999+00:00,72.4622,0.0313,96.488,-0.0726,0.75,0.0,1500.0,0.0,6.3
1465.00061,2026-05-06T01:38:52.935268+00:00,72.3899,0.0241,96.4908,-0.025,0.75,0.0,1500.0,0.0,6.3
1465.5,2026-05-06T01:38:53.428851+00:00,72.3344,0.0185,96.6086,-0.0577,0.75,0.0,1500.0,0.0,6.3
1466.0,2026-05-06T01:38:53.928893+00:00,72.419,0.0142,96.6992,0.025,0.75,0.0,1500.0,0.0,6.3
1466.5,2026-05-06T01:38:54.428823+00:00,72.6113,0.0746,96.6531,0.0578,0.75,0.0,1500.0,0.0,6.3
1467.0,2026-05-06T01:38:54.928812+00:00,72.6318,0.1209,96.6408,0.0521,0.75,0.0,1500.0,0.0,6.3
1467.5,2026-05-06T01:38:55.437682+00:00,72.6476,0.1566,96.8396,0.1172,0.75,0.0,1500.0,0.0,6.3
1468.0,2026-05-06T01:38:55.928810+00:00,72.2779,-0.0705,96.7379,0.0824,0.75,0.0,1500.0,0.0,6.3
1468.5,2026-05-06T01:38:56.428988+00:00,72.3756,-0.1179,96.9142,0.1019,0.75,0.0,1500.0,0.0,6.3
1469.0,2026-05-06T01:38:56.928785+00:00,72.4507,-0.0906,96.9341,0.0783,0.75,0.0,1500.0,0.0,6.3
1469.5,2026-05-06T01:38:57.428795+00:00,72.5084,-0.0696,97.1807,0.1759,0.75,0.0,1500.0,0.0,6.3
1470.0,2026-05-06T01:38:57.939420+00:00,72.4254,0.0738,97.2546,0.2046,0.75,0.0,1500.0,0.0,6.3
1470.5,2026-05-06T01:38:58.428803+00:00,72.489,0.0567,97.1031,0.0878,0.75,0.0,1500.0,0.0,6.3
1471.0,2026-05-06T01:38:58.928948+00:00,72.5378,0.0436,97.0793,0.1138,0.75,0.0,1500.0,0.0,6.3
1471.500925,2026-05-06T01:38:59.429733+00:00,72.4481,-0.0301,97.1766,0.0875,0.75,0.0,1500.0,0.0,6.3
1472.0,2026-05-06T01:38:59.929544+00:00,72.3791,-0.0232,97.2515,0.1058,0.75,0.0,1500.0,0.0,6.3
1472.5,2026-05-06T01:39:00.439391+00:00,72.3261,-0.0814,97.309,0.0427,0.75,0.0,1500.0,0.0,6.3
1473.0,2026-05-06T01:39:00.928843+00:00,72.2853,-0.1262,97.2375,-0.0057,0.75,0.0,1500.0,0.0,6.3
1473.5,2026-05-06T01:39:01.428801+00:00,72.3813,-0.0334,97.1825,0.0265,0.75,0.0,1500.0,0.0,6.3
1474.0,2026-05-06T01:39:01.928802+00:00,72.455,0.038,97.0014,-0.0259,0.75,0.0,1500.0,0.0,6.3
1474.5,2026-05-06T01:39:02.428841+00:00,72.639,0.1565,97.0011,-0.0585,0.75,0.0,1500.0,0.0,6.3
1475.0,2026-05-06T01:39:02.934973+00:00,72.7804,0.2475,97.0009,-0.0835,0.75,0.0,1500.0,0.0,6.3
1475.500054,2026-05-06T01:39:03.428873+00:00,72.6345,0.1266,96.885,-0.1413,0.75,0.0,1500.0,0.0,6.3
1476.0,2026-05-06T01:39:03.928808+00:00,72.3951,-0.03,96.9116,-0.1086,0.75,0.0,1500.0,0.0,6.3
1476.5,2026-05-06T01:39:04.428915+00:00,72.4657,-0.0867,96.932,-0.0835,0.75,0.0,1500.0,0.0,6.2488
1477.000433,2026-05-06T01:39:04.929298+00:00,72.3926,-0.1939,96.8321,-0.0565,0.75,0.0,1500.0,0.0,6.2238
1477.5,2026-05-06T01:39:05.433620+00:00,72.4638,-0.0854,96.7321,-0.0897,0.75,0.0,1500.0,0.0,6.2116
1478.0,2026-05-06T01:39:05.929221+00:00,72.6457,0.1253,96.9098,-0.0304,0.75,0.0,1500.0,0.0,6.2569
1478.5,2026-05-06T01:39:06.429041+00:00,72.6583,0.0963,96.9307,0.0152,0.75,0.0,1500.0,0.0,6.279
1479.0,2026-05-06T01:39:06.928898+00:00,72.6679,0.1376,97.0624,0.0503,0.75,0.0,1500.0,0.0,6.2897
1479.5,2026-05-06T01:39:07.428829+00:00,72.2935,-0.0851,96.9323,0.0001,0.75,0.0,1500.0,0.0,6.295
1480.0,2026-05-06T01:39:07.933852+00:00,72.133,-0.2563,96.9479,0.0386,0.75,0.0,1500.0,0.0,6.2976
1480.5,2026-05-06T01:39:08.429446+00:00,72.3915,-0.1334,96.96,0.076,0.75,0.0,1500.0,0.0,6.2988
1481.0,2026-05-06T01:39:08.928774+00:00,72.3356,-0.1661,96.8535,-0.0187,0.75,0.0,1500.0,0.0,6.2994
1481.5,2026-05-06T01:39:09.428826+00:00,72.4199,0.0632,97.0031,0.0242,0.75,0.0,1500.0,0.0,6.2997
1482.0,2026-05-06T01:39:09.928798+00:00,72.612,0.2395,97.0024,-0.02,0.75,0.0,1500.0,0.0,6.2999
1482.5,2026-05-06T01:39:10.433371+00:00,72.6324,0.1204,96.8862,-0.0154,0.75,0.0,1500.0,0.0,6.2487
1483.0,2026-05-06T01:39:10.929061+00:00,72.648,0.1562,96.9125,-0.0118,0.75,0.0,1500.0,0.0,6.275
1483.5,2026-05-06T01:39:11.428826+00:00,72.5328,0.0564,96.9327,-0.0091,0.75,0.0,1500.0,0.0,6.2878
1484.0,2026-05-06T01:39:11.928818+00:00,72.6987,0.0434,96.9483,0.0316,0.75,0.0,1500.0,0.0,6.294
1484.5,2026-05-06T01:39:12.428969+00:00,72.699,0.0333,96.9603,-0.0143,0.75,0.0,1500.0,0.0,6.2971
1485.000386,2026-05-06T01:39:12.933859+00:00,72.6993,0.0256,96.8538,-0.0495,0.75,0.0,1500.0,0.0,6.2986
1485.5,2026-05-06T01:39:13.428789+00:00,72.6994,0.0833,96.8876,0.0005,0.75,0.0,1500.0,0.0,6.2993
1486.0,2026-05-06T01:39:13.929032+00:00,72.6996,0.0004,96.9136,0.0004,0.75,0.0,1500.0,0.0,6.2997
1486.5,2026-05-06T01:39:14.428811+00:00,72.6997,0.0003,96.7948,-0.046,0.75,0.0,1500.0,0.0,6.2998
1487.0,2026-05-06T01:39:14.928800+00:00,72.6997,0.0002,96.8423,-0.0354,0.75,0.0,1500.0,0.0,6.2999
1487.5,2026-05-06T01:39:15.434130+00:00,72.6998,0.0002,96.6474,-0.1043,0.75,0.0,1500.0,0.0,6.3
1488.0,2026-05-06T01:39:15.928805+00:00,72.4453,-0.1271,96.4976,-0.1187,0.75,0.0,1500.0,0.0,6.3
1488.5,2026-05-06T01:39:16.428965+00:00,72.377,-0.1613,96.3824,-0.1684,0.75,0.0,1500.0,0.0,6.3
1489.0,2026-05-06T01:39:16.928841+00:00,72.4517,-0.124,96.2939,-0.2066,0.75,0.0,1500.0,0.0,6.3
1489.500403,2026-05-06T01:39:17.429569+00:00,72.3819,-0.1589,96.1102,-0.2282,0.75,0.0,1500.0,0.0,6.3
1490.0,2026-05-06T01:39:17.936886+00:00,72.4555,0.0051,96.1773,-0.2217,0.75,0.0,1500.0,0.0,6.3
1490.5,2026-05-06T01:39:18.429034+00:00,72.5121,0.0676,96.2288,-0.1395,0.75,0.0,1500.0,0.0,6.3
1491.0,2026-05-06T01:39:18.928814+00:00,72.5556,0.0519,96.2916,-0.0687,0.75,0.0,1500.0,0.0,6.3
1491.5,2026-05-06T01:39:19.428987+00:00,72.4617,0.0399,96.5712,0.0629,0.75,0.0,1500.0,0.0,6.2488
1492.0,2026-05-06T01:39:19.928867+00:00,72.3896,-0.033,96.6704,0.1255,0.75,0.0,1500.0,0.0,6.2238
1492.500227,2026-05-06T01:39:20.435707+00:00,72.2069,-0.1526,96.5153,0.135,0.75,0.0,1500.0,0.0,6.2116
1493.0,2026-05-06T01:39:20.928831+00:00,72.1937,-0.1809,96.6274,0.1501,0.75,0.0,1500.0,0.0,6.2569
1493.500277,2026-05-06T01:39:21.429716+00:00,72.1836,-0.1391,96.598,0.123,0.75,0.0,1500.0,0.0,6.279
1494.0,2026-05-06T01:39:21.928809+00:00,72.1758,-0.1069,96.4596,0.056,0.75,0.0,1500.0,0.0,6.2897
1494.5,2026-05-06T01:39:22.429270+00:00,72.1698,-0.0185,96.4689,-0.0341,0.75,0.0,1500.0,0.0,6.295
1495.0,2026-05-06T01:39:22.943207+00:00,72.038,-0.0779,96.3373,-0.111,0.75,0.0,1500.0,0.0,6.2976
1495.5,2026-05-06T01:39:23.428808+00:00,72.0639,-0.0598,96.6063,0.0304,0.75,0.0,1500.0,0.0,6.2988
1496.0,2026-05-06T01:39:23.928785+00:00,72.0838,-0.046,96.5586,-0.023,0.75,0.0,1500.0,0.0,6.2994
1496.500585,2026-05-06T01:39:24.429410+00:00,72.0991,-0.0354,96.5219,-0.0254,0.75,0.0,1500.0,0.0,6.2997
1497.0,2026-05-06T01:39:24.928800+00:00,72.1109,0.0365,96.5168,0.0191,0.75,0.0,1500.0,0.0,6.2999
1497.500781,2026-05-06T01:39:25.434941+00:00,72.2472,0.0917,96.3972,-0.0239,0.75,0.0,1500.0,0.0,6.2999
1498.001968,2026-05-06T01:39:25.930927+00:00,72.2247,0.0704,96.3053,-0.0107,0.75,0.0,1500.0,0.0,6.3
1498.500164,2026-05-06T01:39:26.428973+00:00,72.2074,0.0541,96.2347,-0.1239,0.75,0.0,1500.0,0.0,6.3
1499.0,2026-05-06T01:39:26.929003+00:00,72.1941,0.0416,96.2961,-0.0875,0.75,0.0,1500.0,0.0,6.3
1499.5,2026-05-06T01:39:27.428838+00:00,72.3112,0.032,96.459,-0.021,0.75,0.0,1500.0,0.0,6.3
1500.00026,2026-05-06T01:39:27.933590+00:00,72.4012,0.0882,96.4685,-0.0161,0.75,0.0,1500.0,0.0,6.3
1500.5,2026-05-06T01:39:28.428938+00:00,72.4703,0.1314,96.5915,0.0647,0.75,0.0,1500.0,0.0,6.3
1501.0,2026-05-06T01:39:28.928802+00:00,72.5235,0.1647,96.5703,0.0883,0.75,0.0,1500.0,0.0,6.3
1501.5,2026-05-06T01:39:29.428814+00:00,72.6916,0.1902,96.7854,0.1836,0.75,0.0,1500.0,0.0,6.3
1502.0,2026-05-06T01:39:29.931117+00:00,72.5663,0.0825,96.9508,0.2182,0.75,0.0,1500.0,0.0,6.3
1502.5,2026-05-06T01:39:30.433106+00:00,72.5972,0.0634,97.0779,0.2063,0.75,0.0,1500.0,0.0,6.3
1503.0,2026-05-06T01:39:30.928989+00:00,72.4937,-0.0149,97.0598,0.1971,0.75,0.0,1500.0,0.0,6.3
1503.500388,2026-05-06T01:39:31.429506+00:00,72.5415,-0.0751,97.1617,0.1901,0.75,0.0,1500.0,0.0,6.3
1504.0,2026-05-06T01:39:31.928882+00:00,72.4509,-0.0577,97.24,0.2232,0.75,0.0,1500.0,0.0,6.3
1504.5,2026-05-06T01:39:32.428896+00:00,72.6358,0.0193,97.1845,0.133,0.75,0.0,1500.0,0.0,6.3
1505.0,2026-05-06T01:39:32.934374+00:00,72.7779,0.1421,97.0261,0.0251,0.75,0.0,1500.0,0.0,6.3
1505.5,2026-05-06T01:39:33.428960+00:00,72.6326,0.0456,97.02,-0.0193,0.75,0.0,1500.0,0.0,6.3
1506.0,2026-05-06T01:39:33.928941+00:00,72.5209,0.035,96.8997,-0.0534,0.75,0.0,1500.0,0.0,6.3
1506.5,2026-05-06T01:39:34.429010+00:00,72.4351,-0.1003,96.9229,-0.0796,0.75,0.0,1500.0,0.0,6.3
1507.0,2026-05-06T01:39:34.929151+00:00,72.3691,-0.2044,96.825,-0.1383,0.75,0.0,1500.0,0.0,6.3
1507.5,2026-05-06T01:39:35.435140+00:00,72.3184,-0.1571,96.7498,-0.1449,0.75,0.0,1500.0,0.0,6.3
1508.0,2026-05-06T01:39:35.928795+00:00,72.4067,-0.0571,96.9234,-0.0342,0.75,0.0,1500.0,0.0,6.3
1508.5,2026-05-06T01:39:36.428802+00:00,72.3473,-0.0439,96.9411,-0.0263,0.75,0.0,1500.0,0.0,6.3
1509.0,2026-05-06T01:39:36.928817+00:00,72.3017,-0.0337,96.9548,0.0184,0.75,0.0,1500.0,0.0,6.3
1509.5,2026-05-06T01:39:37.429041+00:00,72.3938,0.0377,97.0809,0.0527,0.75,0.0,1500.0,0.0,6.3
1510.0,2026-05-06T01:39:37.937910+00:00,72.4647,0.029,97.2936,0.1562,0.75,0.0,1500.0,0.0,6.3
1510.5,2026-05-06T01:39:38.428975+00:00,72.5191,0.0859,97.2257,0.1586,0.75,0.0,1500.0,0.0,6.3
1511.0,2026-05-06T01:39:38.928900+00:00,72.4337,0.066,97.0346,0.0371,0.75,0.0,1500.0,0.0,6.3
1511.5,2026-05-06T01:39:39.428813+00:00,72.3681,-0.0129,96.8183,-0.0409,0.75,0.0,1500.0,0.0,6.3
1512.0,2026-05-06T01:39:39.928960+00:00,72.3176,-0.0735,96.9761,0.0071,0.75,0.0,1500.0,0.0,6.3
1512.5,2026-05-06T01:39:40.435232+00:00,72.2788,-0.1202,96.9816,-0.0331,0.75,0.0,1500.0,0.0,6.2488
1513.0013,2026-05-06T01:39:40.930112+00:00,72.3763,-0.0287,96.6156,-0.226,0.75,0.0,1500.0,0.0,6.275
1513.5,2026-05-06T01:39:41.428944+00:00,72.3239,-0.0221,96.5657,-0.22,0.75,0.0,1500.0,0.0,6.2878
1514.000119,2026-05-06T01:39:41.928921+00:00,72.4109,0.0467,96.4348,-0.1999,0.75,0.0,1500.0,0.0,6.294
1514.5,2026-05-06T01:39:42.428815+00:00,72.4778,0.0995,96.3111,-0.1691,0.75,0.0,1500.0,0.0,6.2971
1515.0,2026-05-06T01:39:42.935421+00:00,72.402,0.0128,96.4705,-0.1685,0.75,0.0,1500.0,0.0,6.2986
1515.5,2026-05-06T01:39:43.429280+00:00,72.3437,0.0099,96.593,-0.1295,0.75,0.0,1500.0,0.0,6.3505
1516.0,2026-05-06T01:39:43.928816+00:00,72.4261,0.0076,96.5715,-0.0147,0.75,0.0,1500.0,0.0,6.3758
1516.5,2026-05-06T01:39:44.428815+00:00,72.3622,-0.0578,96.7863,0.0735,0.75,0.0,1500.0,0.0,6.3882
1517.0,2026-05-06T01:39:44.929423+00:00,72.3131,-0.0444,96.7201,0.0951,0.75,0.0,1500.0,0.0,6.3942
1517.500243,2026-05-06T01:39:45.435365+00:00,72.2754,-0.0341,96.4378,0.0422,0.75,0.0,1500.0,0.0,6.346
1518.0,2026-05-06T01:39:45.928810+00:00,72.2464,-0.0899,96.4522,-0.0061,0.75,0.0,1500.0,0.0,6.3224
1518.5,2026-05-06T01:39:46.429210+00:00,72.0968,-0.1327,96.5558,-0.0124,0.75,0.0,1500.0,0.0,6.311
1519.0,2026-05-06T01:39:46.928808+00:00,72.1091,-0.102,96.5429,-0.0095,0.75,0.0,1500.0,0.0,6.3053
1519.500152,2026-05-06T01:39:47.429586+00:00,72.2458,-0.0148,96.533,-0.0845,0.75,0.0,1500.0,0.0,6.3026
1520.00066,2026-05-06T01:39:47.934482+00:00,72.2237,-0.0113,96.641,-0.0264,0.75,0.0,1500.0,0.0,6.3013
1520.5,2026-05-06T01:39:48.428813+00:00,72.0793,-0.0087,96.7241,0.0954,0.75,0.0,1500.0,0.0,6.3006
1521.0,2026-05-06T01:39:48.928950+00:00,72.0957,-0.0067,96.6954,0.0811,0.75,0.0,1500.0,0.0,6.3003
1521.5,2026-05-06T01:39:49.428922+00:00,71.8537,-0.1961,96.6502,0.0315,0.75,0.0,1500.0,0.0,6.3001
1522.0,2026-05-06T01:39:49.928780+00:00,71.9223,-0.1507,96.8468,0.1013,0.75,0.0,1500.0,0.0,6.3001
1522.5,2026-05-06T01:39:50.436690+00:00,71.8477,-0.1158,96.7666,0.0779,0.75,0.0,1500.0,0.0,6.3
1523.000468,2026-05-06T01:39:50.929270+00:00,71.9177,-0.089,96.8206,0.0599,0.75,0.0,1500.0,0.0,6.3
1523.5,2026-05-06T01:39:51.428896+00:00,72.0987,0.1225,96.7464,0.0074,0.75,0.0,1500.0,0.0,6.3
1524.0019,2026-05-06T01:39:51.930983+00:00,72.2378,0.1578,96.9208,0.0751,0.75,0.0,1500.0,0.0,6.3
1524.5,2026-05-06T01:39:52.428800+00:00,72.2175,0.1849,96.8234,0.0577,0.75,0.0,1500.0,0.0,6.3
1525.0,2026-05-06T01:39:52.935140+00:00,72.2019,0.1421,96.7486,-0.0327,0.75,0.0,1500.0,0.0,6.3
1525.5,2026-05-06T01:39:53.429463+00:00,72.0626,-0.018,96.6911,-0.0252,0.75,0.0,1500.0,0.0,6.3
1526.0,2026-05-06T01:39:53.928815+00:00,72.0828,-0.0775,96.6237,-0.0656,0.75,0.0,1500.0,0.0,6.3
1526.5,2026-05-06T01:39:54.428832+00:00,71.8438,-0.1868,96.7108,-0.0119,0.75,0.0,1500.0,0.0,6.3
1527.001766,2026-05-06T01:39:54.930613+00:00,72.042,-0.08,96.7777,-0.0477,0.75,0.0,1500.0,0.0,6.3
1527.500001,2026-05-06T01:39:55.434088+00:00,72.1942,0.0658,96.6903,-0.0444,0.75,0.0,1500.0,0.0,6.3
1528.0,2026-05-06T01:39:55.928937+00:00,72.184,0.0506,96.6463,-0.0341,0.75,0.0,1500.0,0.0,6.3
1528.5,2026-05-06T01:39:56.428832+00:00,72.1761,0.1661,96.4967,-0.0648,0.75,0.0,1500.0,0.0,6.3
1529.000268,2026-05-06T01:39:56.929062+00:00,72.0428,0.0004,96.6132,-0.0035,0.75,0.0,1500.0,0.0,6.3
1529.5,2026-05-06T01:39:57.428888+00:00,72.1949,0.0003,96.587,-0.0413,0.75,0.0,1500.0,0.0,6.3
1530.00047,2026-05-06T01:39:57.934155+00:00,72.1845,0.0003,96.6826,-0.0317,0.75,0.0,1500.0,0.0,6.3
1530.500661,2026-05-06T01:39:58.429610+00:00,72.1765,0.0002,96.756,0.0219,0.75,0.0,1500.0,0.0,6.3
1531.0,2026-05-06T01:39:58.928903+00:00,72.0431,0.0001,96.8125,0.0554,0.75,0.0,1500.0,0.0,6.3
1531.5,2026-05-06T01:39:59.428821+00:00,72.1951,0.0001,96.5319,0.0117,0.75,0.0,1500.0,0.0,6.3
1532.0,2026-05-06T01:39:59.928817+00:00,72.1847,0.0001,96.6402,0.009,0.75,0.0,1500.0,0.0,6.3
1532.5,2026-05-06T01:40:00.437437+00:00,72.3039,0.0637,96.7235,0.0455,0.75,0.0,1500.0,0.0,6.3
1533.0,2026-05-06T01:40:00.928828+00:00,72.3956,0.1762,96.6718,-0.0036,0.75,0.0,1500.0,0.0,6.3
1533.5,2026-05-06T01:40:01.429254+00:00,72.3387,0.0718,96.7477,-0.0028,0.75,0.0,1500.0,0.0,6.3
1534.001819,2026-05-06T01:40:01.930684+00:00,72.2951,0.0552,96.6904,-0.0407,0.75,0.0,1500.0,0.0,6.3
1534.5,2026-05-06T01:40:02.429078+00:00,72.007,-0.1485,96.762,0.0767,0.75,0.0,1500.0,0.0,6.3
1535.0,2026-05-06T01:40:02.933720+00:00,72.1673,-0.1141,96.6783,0.0127,0.75,0.0,1500.0,0.0,6.3
1535.5,2026-05-06T01:40:03.428821+00:00,72.1633,-0.0877,96.637,-0.0288,0.75,0.0,1500.0,0.0,6.3
1536.0,2026-05-06T01:40:03.929035+00:00,72.1602,-0.0674,96.721,0.0164,0.75,0.0,1500.0,0.0,6.3
1536.5,2026-05-06T01:40:04.428811+00:00,72.1579,0.0755,97.017,0.0897,0.75,0.0,1500.0,0.0,6.3
1537.0,2026-05-06T01:40:04.928808+00:00,72.0288,-0.0693,96.8973,0.069,0.75,0.0,1500.0,0.0,6.3
1537.500981,2026-05-06T01:40:05.439535+00:00,71.9296,-0.1169,96.9211,0.053,0.75,0.0,1500.0,0.0,6.2488
1538.0,2026-05-06T01:40:05.929476+00:00,71.8533,-0.1535,96.8237,0.0485,0.75,0.0,1500.0,0.0,6.275
1538.5,2026-05-06T01:40:06.428827+00:00,71.922,-0.118,96.9802,0.1144,0.75,0.0,1500.0,0.0,6.2878
1539.0,2026-05-06T01:40:06.928823+00:00,71.7202,-0.1543,97.2162,0.165,0.75,0.0,1500.0,0.0,6.294
1539.500726,2026-05-06T01:40:07.429522+00:00,72.0742,0.0723,97.0504,0.0112,0.75,0.0,1500.0,0.0,6.2971
1540.0,2026-05-06T01:40:07.934345+00:00,71.8372,-0.0081,97.0388,0.0471,0.75,0.0,1500.0,0.0,6.2986
1540.5,2026-05-06T01:40:08.428868+00:00,72.0368,0.0574,97.0298,0.0362,0.75,0.0,1500.0,0.0,6.2993
1541.0,2026-05-06T01:40:08.928816+00:00,72.1903,0.2351,96.8146,-0.003,0.75,0.0,1500.0,0.0,6.2997
1541.5,2026-05-06T01:40:09.428809+00:00,72.0537,-0.0102,96.8575,-0.0409,0.75,0.0,1500.0,0.0,6.2998
1542.0,2026-05-06T01:40:09.928871+00:00,72.076,0.1194,96.8905,-0.1086,0.75,0.0,1500.0,0.0,6.2999
1542.5,2026-05-06T01:40:10.433957+00:00,72.0931,0.0281,97.1472,0.0323,0.75,0.0,1500.0,0.0,6.2488
1543.0,2026-05-06T01:40:10.928819+00:00,72.2335,0.0216,96.9975,-0.0138,0.75,0.0,1500.0,0.0,6.275
1543.5,2026-05-06T01:40:11.428891+00:00,72.2142,0.0803,96.9055,-0.0414,0.75,0.0,1500.0,0.0,6.339
1544.0,2026-05-06T01:40:11.928830+00:00,72.1994,0.0617,96.9042,0.0299,0.75,0.0,1500.0,0.0,6.3702
1544.5,2026-05-06T01:40:12.429028+00:00,72.3152,0.111,96.9264,0.023,0.75,0.0,1500.0,0.0,6.3855
1545.0,2026-05-06T01:40:12.934305+00:00,72.277,0.0217,96.9434,0.0176,0.75,0.0,1500.0,0.0,6.3929
1545.500246,2026-05-06T01:40:13.429295+00:00,72.2476,0.0167,96.9565,-0.0636,0.75,0.0,1500.0,0.0,6.3965
1546.0,2026-05-06T01:40:13.928838+00:00,72.0977,-0.0508,97.0823,0.0283,0.75,0.0,1500.0,0.0,6.3983
1546.5,2026-05-06T01:40:14.428862+00:00,72.2371,-0.0391,97.0632,0.0526,0.75,0.0,1500.0,0.0,6.3992
1547.0,2026-05-06T01:40:14.928893+00:00,72.2169,-0.03,97.1643,0.0867,0.75,0.0,1500.0,0.0,6.3996
1547.501622,2026-05-06T01:40:15.435302+00:00,72.0742,-0.0867,96.7792,-0.0491,0.75,0.0,1500.0,0.0,6.3486
1548.0,2026-05-06T01:40:15.928960+00:00,71.9645,-0.0666,96.8303,-0.0377,0.75,0.0,1500.0,0.0,6.3749
1548.5,2026-05-06T01:40:16.429066+00:00,71.8801,-0.1785,96.9853,0.0096,0.75,0.0,1500.0,0.0,6.3878
1549.000159,2026-05-06T01:40:16.929000+00:00,71.9426,-0.1372,96.9887,-0.0312,0.75,0.0,1500.0,0.0,6.394
1549.5,2026-05-06T01:40:17.429038+00:00,71.9906,-0.0418,97.107,0.0146,0.75,0.0,1500.0,0.0,6.3971
1550.001966,2026-05-06T01:40:17.937808+00:00,71.7729,-0.0958,97.0822,-0.0274,0.75,0.0,1500.0,0.0,6.3986
1550.5,2026-05-06T01:40:18.428796+00:00,71.7329,-0.0736,96.8087,0.0098,0.75,0.0,1500.0,0.0,6.3993
1551.0,2026-05-06T01:40:18.928900+00:00,71.8294,-0.0566,96.7372,-0.031,0.75,0.0,1500.0,0.0,6.3997
1551.5,2026-05-06T01:40:19.428831+00:00,71.9036,-0.0435,96.5666,-0.1395,0.75,0.0,1500.0,0.0,6.3998
1552.0,2026-05-06T01:40:19.928960+00:00,71.9606,0.0938,96.6669,-0.1072,0.75,0.0,1500.0,0.0,6.3999
1552.5,2026-05-06T01:40:20.435629+00:00,71.8772,0.0721,96.8597,-0.0824,0.75,0.0,1500.0,0.0,6.3488
1553.0,2026-05-06T01:40:20.928835+00:00,71.9403,0.0554,96.6608,-0.1405,0.75,0.0,1500.0,0.0,6.375
1553.5,2026-05-06T01:40:21.428811+00:00,71.9888,0.0426,96.7393,-0.0231,0.75,0.0,1500.0,0.0,6.3366
1554.0,2026-05-06T01:40:21.928938+00:00,72.0261,0.0328,96.7996,0.0208,0.75,0.0,1500.0,0.0,6.3179
1554.5,2026-05-06T01:40:22.428796+00:00,71.9275,0.0252,96.7303,0.0545,0.75,0.0,1500.0,0.0,6.3087
1555.0,2026-05-06T01:40:22.933294+00:00,71.979,0.0193,96.7927,0.0419,0.75,0.0,1500.0,0.0,6.3043
1555.5,2026-05-06T01:40:23.428972+00:00,72.0186,0.0149,96.7018,-0.0526,0.75,0.0,1500.0,0.0,6.3021
1556.0,2026-05-06T01:40:23.928814+00:00,72.049,0.0114,96.6551,-0.0019,0.75,0.0,1500.0,0.0,6.301
1556.500173,2026-05-06T01:40:24.429001+00:00,72.0724,0.0724,96.7349,-0.0014,0.75,0.0,1500.0,0.0,6.3005
1557.00053,2026-05-06T01:40:24.929384+00:00,71.5812,-0.1989,96.6806,-0.0397,0.75,0.0,1500.0,0.0,6.3002
1557.500348,2026-05-06T01:40:25.435426+00:00,71.5856,-0.2165,96.4999,-0.0768,0.75,0.0,1500.0,0.0,6.3001
1558.0,2026-05-06T01:40:25.928813+00:00,71.7162,-0.1664,96.3611,-0.1439,0.75,0.0,1500.0,0.0,6.3001
1558.5,2026-05-06T01:40:26.428866+00:00,71.6893,-0.1915,96.3933,-0.1029,0.75,0.0,1500.0,0.0,6.3
1559.0,2026-05-06T01:40:26.928914+00:00,71.6686,0.0437,96.418,-0.0791,0.75,0.0,1500.0,0.0,6.3
1559.5,2026-05-06T01:40:27.428822+00:00,71.6528,0.0336,96.5526,-0.0608,0.75,0.0,1500.0,0.0,6.3
1560.0,2026-05-06T01:40:27.935374+00:00,71.7678,0.0258,96.4248,-0.0853,0.75,0.0,1500.0,0.0,6.3
1560.5,2026-05-06T01:40:28.428953+00:00,71.729,0.0198,96.4422,-0.0193,0.75,0.0,1500.0,0.0,6.3
1561.0,2026-05-06T01:40:28.928991+00:00,71.9537,0.1425,96.5713,0.07,0.75,0.0,1500.0,0.0,6.3
1561.5,2026-05-06T01:40:29.428789+00:00,71.8718,0.1095,96.6705,0.0924,0.75,0.0,1500.0,0.0,6.3
1562.0,2026-05-06T01:40:29.928914+00:00,71.8089,0.0206,96.7236,0.1019,0.75,0.0,1500.0,0.0,6.3
1562.5,2026-05-06T01:40:30.434127+00:00,71.8879,0.0794,96.6718,0.0397,0.75,0.0,1500.0,0.0,6.3
1563.0,2026-05-06T01:40:30.928805+00:00,71.9485,-0.0026,96.4932,0.0228,0.75,0.0,1500.0,0.0,6.3
1563.500329,2026-05-06T01:40:31.429172+00:00,71.8679,-0.002,96.7262,0.0947,0.75,0.0,1500.0,0.0,6.3
1564.001573,2026-05-06T01:40:31.930410+00:00,71.8059,-0.0015,96.9053,0.1113,0.75,0.0,1500.0,0.0,6.3
1564.5,2026-05-06T01:40:32.428807+00:00,71.8855,-0.0012,96.8115,0.047,0.75,0.0,1500.0,0.0,6.3
1565.0,2026-05-06T01:40:32.934987+00:00,71.9467,-0.0009,96.8551,0.0438,0.75,0.0,1500.0,0.0,6.3
1565.5,2026-05-06T01:40:33.428816+00:00,71.9938,0.0629,96.9118,0.08,0.75,0.0,1500.0,0.0,6.3
1566.0,2026-05-06T01:40:33.928774+00:00,71.9026,0.0484,96.9322,0.1463,0.75,0.0,1500.0,0.0,6.3
1566.5,2026-05-06T01:40:34.429017+00:00,71.9599,0.0372,97.0636,0.1125,0.75,0.0,1500.0,0.0,6.3
1567.0,2026-05-06T01:40:34.928804+00:00,72.0039,0.0286,96.9332,0.0093,0.75,0.0,1500.0,0.0,6.3
1567.5,2026-05-06T01:40:35.433712+00:00,72.0377,0.022,96.6015,-0.07,0.75,0.0,1500.0,0.0,6.3
1568.0,2026-05-06T01:40:35.928857+00:00,72.0637,0.0805,96.6937,-0.0538,0.75,0.0,1500.0,0.0,6.3
1568.500458,2026-05-06T01:40:36.429246+00:00,71.9564,-0.0017,96.7646,-0.0491,0.75,0.0,1500.0,0.0,6.3
1569.0,2026-05-06T01:40:36.928987+00:00,71.8739,-0.065,96.6802,-0.084,0.75,0.0,1500.0,0.0,6.3
1569.5,2026-05-06T01:40:37.429133+00:00,71.8105,-0.1136,96.7542,-0.1031,0.75,0.0,1500.0,0.0,6.3
1570.000431,2026-05-06T01:40:37.936749+00:00,71.8891,-0.0873,96.5797,-0.1178,0.75,0.0,1500.0,0.0,6.3
1570.5,2026-05-06T01:40:38.428813+00:00,71.9495,-0.0035,96.9084,0.1023,0.75,0.0,1500.0,0.0,6.3
1571.0,2026-05-06T01:40:38.928883+00:00,71.9959,0.061,96.9296,0.0786,0.75,0.0,1500.0,0.0,6.3
1571.5,2026-05-06T01:40:39.428816+00:00,71.777,-0.0168,96.9459,0.0604,0.75,0.0,1500.0,0.0,6.3
1572.0,2026-05-06T01:40:39.928988+00:00,71.8633,-0.0129,96.8196,0.0464,0.75,0.0,1500.0,0.0,6.3
1572.501654,2026-05-06T01:40:40.436688+00:00,71.9296,-0.0099,96.7225,-0.0106,0.75,0.0,1500.0,0.0,6.2488
1573.0,2026-05-06T01:40:40.928824+00:00,71.9806,-0.0076,96.5553,-0.0081,0.75,0.0,1500.0,0.0,6.275
1573.5,2026-05-06T01:40:41.429118+00:00,72.0198,0.1214,96.5425,-0.122,0.75,0.0,1500.0,0.0,6.2878
1574.0,2026-05-06T01:40:41.928829+00:00,71.9227,0.0297,96.4401,-0.1632,0.75,0.0,1500.0,0.0,6.294
1574.5,2026-05-06T01:40:42.428825+00:00,71.848,-0.0408,96.6854,-0.0868,0.75,0.0,1500.0,0.0,6.2971
1575.0,2026-05-06T01:40:42.935415+00:00,71.6634,-0.1586,96.6425,-0.059,0.75,0.0,1500.0,0.0,6.2986
1575.501622,2026-05-06T01:40:43.430463+00:00,71.6487,-0.1856,96.5864,-0.0454,0.75,0.0,1500.0,0.0,6.2993
1576.0,2026-05-06T01:40:43.928817+00:00,71.6374,-0.1426,96.6821,0.0423,0.75,0.0,1500.0,0.0,6.2997
1576.5,2026-05-06T01:40:44.428808+00:00,71.756,-0.046,96.8713,0.1096,0.75,0.0,1500.0,0.0,6.2998
1577.0,2026-05-06T01:40:44.928787+00:00,71.8472,0.0919,96.9011,0.1537,0.75,0.0,1500.0,0.0,6.2999
1577.5,2026-05-06T01:40:45.435906+00:00,71.9173,0.1343,96.924,0.0795,0.75,0.0,1500.0,0.0,6.3
1578.0,2026-05-06T01:40:45.929053+00:00,71.8439,0.1032,96.8027,0.0534,0.75,0.0,1500.0,0.0,6.3
1578.5,2026-05-06T01:40:46.428780+00:00,71.9147,0.0793,96.7327,0.0488,0.75,0.0,1500.0,0.0,6.3
1579.0,2026-05-06T01:40:46.928799+00:00,71.7146,-0.0663,96.5631,-0.0396,0.75,0.0,1500.0,0.0,6.3
1579.5,2026-05-06T01:40:47.429036+00:00,71.6881,-0.1146,96.5254,-0.1153,0.75,0.0,1500.0,0.0,6.3
1580.0,2026-05-06T01:40:47.933682+00:00,71.795,-0.0244,96.4038,-0.1658,0.75,0.0,1500.0,0.0,6.3
1580.5,2026-05-06T01:40:48.428920+00:00,71.6226,-0.1461,96.4029,-0.1737,0.75,0.0,1500.0,0.0,6.3
1581.0,2026-05-06T01:40:48.928992+00:00,71.7446,0.015,96.6568,-0.0486,0.75,0.0,1500.0,0.0,6.3
1581.5,2026-05-06T01:40:49.428807+00:00,71.9657,0.1388,96.6205,-0.0374,0.75,0.0,1500.0,0.0,6.3
1582.0,2026-05-06T01:40:49.928959+00:00,71.7538,-0.0206,96.5926,0.0098,0.75,0.0,1500.0,0.0,6.3
1582.5,2026-05-06T01:40:50.439566+00:00,71.8455,0.1115,96.5712,0.0153,0.75,0.0,1500.0,0.0,6.2488
1583.0,2026-05-06T01:40:50.928817+00:00,71.7887,0.022,96.5547,0.0503,0.75,0.0,1500.0,0.0,6.275
1583.5,2026-05-06T01:40:51.429269+00:00,71.8723,-0.0467,96.6578,0.0849,0.75,0.0,1500.0,0.0,6.2878
1584.0,2026-05-06T01:40:51.928837+00:00,71.8093,0.0277,96.737,0.0267,0.75,0.0,1500.0,0.0,6.294
1584.5,2026-05-06T01:40:52.429014+00:00,71.7609,-0.0423,96.6821,0.0205,0.75,0.0,1500.0,0.0,6.2971
1585.0,2026-05-06T01:40:52.934157+00:00,71.8509,0.0311,96.8714,0.0929,0.75,0.0,1500.0,0.0,6.2986
1585.5,2026-05-06T01:40:53.428893+00:00,71.9201,0.0239,96.6697,0.0328,0.75,0.0,1500.0,0.0,6.2993
1586.0,2026-05-06T01:40:53.929017+00:00,71.9733,0.082,96.8619,0.1024,0.75,0.0,1500.0,0.0,6.2997
1586.5,2026-05-06T01:40:54.429266+00:00,71.8869,0.063,96.8938,0.0787,0.75,0.0,1500.0,0.0,6.2998
1587.0,2026-05-06T01:40:54.928771+00:00,71.9478,0.0484,96.6639,-0.0244,0.75,0.0,1500.0,0.0,6.2999
1587.5,2026-05-06T01:40:55.434612+00:00,71.6128,-0.1537,96.5102,-0.0573,0.75,0.0,1500.0,0.0,6.3
1588.0,2026-05-06T01:40:55.929039+00:00,71.4826,-0.2454,96.5079,-0.1212,0.75,0.0,1500.0,0.0,6.3
1588.500171,2026-05-06T01:40:56.428978+00:00,71.3825,-0.2522,96.506,-0.0546,0.75,0.0,1500.0,0.0,6.3
1589.000143,2026-05-06T01:40:56.929137+00:00,71.4328,-0.2575,96.5046,-0.1191,0.75,0.0,1500.0,0.0,6.3
1589.500138,2026-05-06T01:40:57.428955+00:00,71.726,0.0566,96.3879,-0.1687,0.75,0.0,1500.0,0.0,6.3
1590.0,2026-05-06T01:40:57.933974+00:00,71.5696,0.0435,96.1593,-0.1682,0.75,0.0,1500.0,0.0,6.3
1590.5,2026-05-06T01:40:58.428930+00:00,71.5766,0.0971,96.1224,-0.1293,0.75,0.0,1500.0,0.0,6.3
1591.0,2026-05-06T01:40:58.928808+00:00,71.582,0.0746,96.2098,-0.0994,0.75,0.0,1500.0,0.0,6.3
1591.5,2026-05-06T01:40:59.428824+00:00,71.5862,-0.0699,96.2538,-0.0841,0.75,0.0,1500.0,0.0,6.3
1592.0,2026-05-06T01:40:59.928799+00:00,71.5894,0.0099,96.4265,-0.0261,0.75,0.0,1500.0,0.0,6.3
1592.5,2026-05-06T01:41:00.433783+00:00,71.5918,0.0076,96.5592,0.0571,0.75,0.0,1500.0,0.0,6.2488
1593.000585,2026-05-06T01:41:00.929376+00:00,71.5937,0.0058,96.3141,0.0516,0.75,0.0,1500.0,0.0,6.275
1593.5,2026-05-06T01:41:01.428958+00:00,71.5952,0.0045,96.4728,0.1168,0.75,0.0,1500.0,0.0,6.2878
1594.0,2026-05-06T01:41:01.928910+00:00,71.5963,0.0035,96.7105,0.1669,0.75,0.0,1500.0,0.0,6.294
1594.5,2026-05-06T01:41:02.428832+00:00,71.4699,-0.061,96.6618,0.136,0.75,0.0,1500.0,0.0,6.2971
1595.0,2026-05-06T01:41:02.936745+00:00,71.5,-0.0469,96.5087,0.0274,0.75,0.0,1500.0,0.0,6.2986
1595.5,2026-05-06T01:41:03.428824+00:00,71.5231,-0.036,96.5067,-0.0175,0.75,0.0,1500.0,0.0,6.2993
1596.00042,2026-05-06T01:41:03.929286+00:00,71.4137,-0.0913,96.482,0.056,0.75,0.0,1500.0,0.0,6.2997
1596.5,2026-05-06T01:41:04.428957+00:00,71.3295,-0.0702,96.6018,0.043,0.75,0.0,1500.0,0.0,6.2998
1597.0,2026-05-06T01:41:04.928803+00:00,71.2648,-0.1176,96.694,-0.0055,0.75,0.0,1500.0,0.0,6.2999
1597.502014,2026-05-06T01:41:05.437447+00:00,71.5969,0.0369,96.626,-0.0119,0.75,0.0,1500.0,0.0,6.3
1598.0,2026-05-06T01:41:05.929119+00:00,71.7249,0.1556,96.7125,0.068,0.75,0.0,1500.0,0.0,6.3
1598.5,2026-05-06T01:41:06.428848+00:00,71.5687,0.1196,96.779,0.0908,0.75,0.0,1500.0,0.0,6.3
1599.0,2026-05-06T01:41:06.929031+00:00,71.4487,0.0919,96.9459,0.1546,0.75,0.0,1500.0,0.0,6.3
1599.5,2026-05-06T01:41:07.428811+00:00,71.4837,-0.0566,97.0741,0.1574,0.75,0.0,1500.0,0.0,6.3
1600.0,2026-05-06T01:41:07.934534+00:00,71.5106,-0.1071,97.1726,0.1596,0.75,0.0,1500.0,0.0,6.3
1600.5,2026-05-06T01:41:08.428901+00:00,71.6586,0.0449,97.2484,0.2075,0.75,0.0,1500.0,0.0,6.3
1601.001973,2026-05-06T01:41:08.930925+00:00,71.645,0.0982,97.1909,0.1595,0.75,0.0,1500.0,0.0,6.3
1601.5,2026-05-06T01:41:09.428822+00:00,71.6346,0.0754,97.2624,0.1611,0.75,0.0,1500.0,0.0,6.3
1602.0,2026-05-06T01:41:09.928811+00:00,71.6266,0.058,97.2017,0.0853,0.75,0.0,1500.0,0.0,6.3
1602.500282,2026-05-06T01:41:10.433972+00:00,71.6204,-0.0191,97.0393,-0.0116,0.75,0.0,1500.0,0.0,6.2488
1603.0,2026-05-06T01:41:10.928918+00:00,71.4884,-0.0783,97.0071,-0.0552,0.75,0.0,1500.0,0.0,6.275
1603.5,2026-05-06T01:41:11.428949+00:00,71.2597,-0.1874,97.0055,-0.081,0.75,0.0,1500.0,0.0,6.2878
1604.0,2026-05-06T01:41:11.928790+00:00,71.3385,-0.1441,96.6339,-0.1857,0.75,0.0,1500.0,0.0,6.294
1604.5,2026-05-06T01:41:12.428790+00:00,71.5262,-0.0471,96.7187,-0.1813,0.75,0.0,1500.0,0.0,6.2971
1605.003587,2026-05-06T01:41:12.941158+00:00,71.416,-0.0362,96.7838,-0.1393,0.75,0.0,1500.0,0.0,6.2986
1605.501473,2026-05-06T01:41:13.430353+00:00,71.3313,0.0358,96.8338,-0.0685,0.75,0.0,1500.0,0.0,6.2993
1606.0,2026-05-06T01:41:13.928983+00:00,71.3935,0.0275,96.988,-0.0064,0.75,0.0,1500.0,0.0,6.2997
1606.501864,2026-05-06T01:41:14.430732+00:00,71.314,-0.1061,96.7362,-0.0897,0.75,0.0,1500.0,0.0,6.2998
1607.0,2026-05-06T01:41:14.928787+00:00,71.2529,-0.0816,96.5658,-0.0227,0.75,0.0,1500.0,0.0,6.2999
1607.5,2026-05-06T01:41:15.434100+00:00,71.0787,-0.1263,96.6663,-0.0174,0.75,0.0,1500.0,0.0,6.3
1608.002832,2026-05-06T01:41:15.931648+00:00,71.3266,-0.0335,96.5121,-0.0905,0.75,0.0,1500.0,0.0,6.3
1608.5,2026-05-06T01:41:16.428796+00:00,71.2626,-0.0257,96.4862,-0.1159,0.75,0.0,1500.0,0.0,6.3
1609.0,2026-05-06T01:41:16.928906+00:00,71.2134,-0.0198,96.6051,-0.1276,0.75,0.0,1500.0,0.0,6.3
1609.5,2026-05-06T01:41:17.428838+00:00,71.0483,-0.0152,96.4419,-0.0981,0.75,0.0,1500.0,0.0,6.3
1610.0,2026-05-06T01:41:17.933403+00:00,71.176,-0.0753,96.5711,0.0017,0.75,0.0,1500.0,0.0,6.3
1610.5,2026-05-06T01:41:18.428827+00:00,71.2741,0.0058,96.6703,0.0013,0.75,0.0,1500.0,0.0,6.3
1611.0,2026-05-06T01:41:18.929642+00:00,71.2222,0.0044,96.3764,-0.0453,0.75,0.0,1500.0,0.0,6.3
1611.5,2026-05-06T01:41:19.428987+00:00,71.1824,0.067,96.6364,0.0501,0.75,0.0,1500.0,0.0,6.3
1612.0,2026-05-06T01:41:19.928801+00:00,71.4063,0.1152,96.6048,-0.0001,0.75,0.0,1500.0,0.0,6.3
1612.5,2026-05-06T01:41:20.439432+00:00,71.1966,-0.0388,96.4417,-0.0001,0.75,0.0,1500.0,0.0,6.3
1613.0,2026-05-06T01:41:20.928970+00:00,71.1627,-0.0298,96.5709,-0.0001,0.75,0.0,1500.0,0.0,6.3
1613.5,2026-05-06T01:41:21.429144+00:00,71.1366,-0.0229,96.6702,-0.0,0.75,0.0,1500.0,0.0,6.3
1614.000434,2026-05-06T01:41:21.929315+00:00,71.1166,-0.1449,96.6308,0.0848,0.75,0.0,1500.0,0.0,6.3
1614.5,2026-05-06T01:41:22.429183+00:00,71.2284,0.0159,96.7162,0.0266,0.75,0.0,1500.0,0.0,6.3
1615.0,2026-05-06T01:41:22.936627+00:00,71.4417,0.1395,96.8976,0.0976,0.75,0.0,1500.0,0.0,6.3
1615.5,2026-05-06T01:41:23.428786+00:00,71.351,0.1072,96.8056,0.1213,0.75,0.0,1500.0,0.0,6.3
1616.0,2026-05-06T01:41:23.928874+00:00,71.5359,0.2097,96.9663,0.1318,0.75,0.0,1500.0,0.0,6.3
1616.5,2026-05-06T01:41:24.428836+00:00,71.5507,0.1612,96.9741,0.1013,0.75,0.0,1500.0,0.0,6.3
1617.0,2026-05-06T01:41:24.928806+00:00,71.4349,-0.0034,96.8644,0.0779,0.75,0.0,1500.0,0.0,6.3
1617.5,2026-05-06T01:41:25.435293+00:00,71.2185,-0.0662,97.0115,0.0984,0.75,0.0,1500.0,0.0,6.3
1618.0,2026-05-06T01:41:25.930331+00:00,71.1795,-0.1782,96.7543,-0.0478,0.75,0.0,1500.0,0.0,6.3
1618.5,2026-05-06T01:41:26.428866+00:00,71.0223,-0.2642,96.8111,0.0018,0.75,0.0,1500.0,0.0,6.3
1619.0,2026-05-06T01:41:26.928824+00:00,71.156,-0.1394,96.878,-0.0294,0.75,0.0,1500.0,0.0,6.3
1619.500276,2026-05-06T01:41:27.429155+00:00,71.386,0.0837,96.5591,-0.1383,0.75,0.0,1500.0,0.0,6.3
1620.0,2026-05-06T01:41:27.937247+00:00,71.3082,0.0644,96.6611,-0.0677,0.75,0.0,1500.0,0.0,6.3
1620.5,2026-05-06T01:41:28.429181+00:00,71.3758,0.1767,96.7164,-0.0984,0.75,0.0,1500.0,0.0,6.3
1621.000159,2026-05-06T01:41:28.928997+00:00,71.5549,0.1995,96.5506,-0.0679,0.75,0.0,1500.0,0.0,6.3
1621.5,2026-05-06T01:41:29.428808+00:00,71.4381,0.026,96.5158,-0.0985,0.75,0.0,1500.0,0.0,6.3
1622.0,2026-05-06T01:41:29.929410+00:00,71.4755,0.0837,96.5121,-0.122,0.75,0.0,1500.0,0.0,6.3
1622.5,2026-05-06T01:41:30.433909+00:00,71.3771,0.0007,96.625,0.022,0.75,0.0,1500.0,0.0,6.3
1623.0,2026-05-06T01:41:30.929060+00:00,71.0469,-0.254,96.5729,-0.0294,0.75,0.0,1500.0,0.0,6.3
1623.5,2026-05-06T01:41:31.429817+00:00,71.0476,-0.1952,96.4172,-0.0997,0.75,0.0,1500.0,0.0,6.3
1624.000332,2026-05-06T01:41:31.929224+00:00,71.1754,-0.1501,96.4132,-0.0458,0.75,0.0,1500.0,0.0,6.3
1624.5,2026-05-06T01:41:32.428816+00:00,71.1464,-0.1153,96.4333,-0.0275,0.75,0.0,1500.0,0.0,6.3
1625.0,2026-05-06T01:41:32.934402+00:00,71.1241,0.0386,96.4487,-0.0211,0.75,0.0,1500.0,0.0,6.3
1625.5,2026-05-06T01:41:33.428798+00:00,71.2342,0.0933,96.3218,-0.1011,0.75,0.0,1500.0,0.0,6.3
1626.0,2026-05-06T01:41:33.928928+00:00,71.1916,0.0081,96.2242,-0.1163,0.75,0.0,1500.0,0.0,6.3
1626.501959,2026-05-06T01:41:34.430887+00:00,71.2861,0.0699,96.288,-0.0431,0.75,0.0,1500.0,0.0,6.3
1627.0,2026-05-06T01:41:34.928985+00:00,71.3587,0.1173,96.1982,-0.0717,0.75,0.0,1500.0,0.0,6.3
1627.5,2026-05-06T01:41:35.435404+00:00,71.4146,0.0902,96.2449,-0.0628,0.75,0.0,1500.0,0.0,6.3
1628.001725,2026-05-06T01:41:35.930569+00:00,71.3302,0.0693,96.3039,-0.0483,0.75,0.0,1500.0,0.0,6.3
1628.5,2026-05-06T01:41:36.428785+00:00,71.2654,-0.0104,96.5807,0.0863,0.75,0.0,1500.0,0.0,6.3
1629.0,2026-05-06T01:41:36.929272+00:00,71.3428,-0.008,96.7934,0.1898,0.75,0.0,1500.0,0.0,6.3
1629.5,2026-05-06T01:41:37.428833+00:00,71.4023,-0.0061,96.4941,0.0687,0.75,0.0,1500.0,0.0,6.3
1630.0,2026-05-06T01:41:37.934668+00:00,71.4481,0.0589,96.4723,0.0914,0.75,0.0,1500.0,0.0,6.3
1630.5,2026-05-06T01:41:38.428916+00:00,71.3559,0.0453,96.687,0.1474,0.75,0.0,1500.0,0.0,6.3
1631.0,2026-05-06T01:41:38.928809+00:00,71.1579,-0.0925,96.5049,0.067,0.75,0.0,1500.0,0.0,6.3
1631.5,2026-05-06T01:41:39.429053+00:00,71.1329,-0.1347,96.5269,-0.0179,0.75,0.0,1500.0,0.0,6.3
1632.0,2026-05-06T01:41:39.929468+00:00,71.241,-0.1035,96.4975,-0.0986,0.75,0.0,1500.0,0.0,6.3
1632.5,2026-05-06T01:41:40.434688+00:00,71.1968,-0.0796,96.6138,0.0399,0.75,0.0,1500.0,0.0,6.3
1633.0,2026-05-06T01:41:40.928911+00:00,71.2901,0.0661,96.5643,0.0307,0.75,0.0,1500.0,0.0,6.3
1633.5,2026-05-06T01:41:41.428834+00:00,71.2345,0.0508,96.4106,-0.0921,0.75,0.0,1500.0,0.0,6.3
1634.0,2026-05-06T01:41:41.929020+00:00,71.3191,0.0391,96.4082,-0.0322,0.75,0.0,1500.0,0.0,6.3
1634.5,2026-05-06T01:41:42.428793+00:00,71.1296,-0.0336,96.6377,0.0369,0.75,0.0,1500.0,0.0,6.3
1635.0,2026-05-06T01:41:42.933980+00:00,71.2384,-0.0258,96.6058,0.0361,0.75,0.0,1500.0,0.0,6.3
1635.5,2026-05-06T01:41:43.428813+00:00,71.3221,0.0438,96.697,0.0277,0.75,0.0,1500.0,0.0,6.3
1636.0,2026-05-06T01:41:43.928930+00:00,71.3864,0.0336,96.6514,0.029,0.75,0.0,1500.0,0.0,6.3
1636.5,2026-05-06T01:41:44.428829+00:00,71.3086,0.0895,96.385,-0.0085,0.75,0.0,1500.0,0.0,6.3
1637.0,2026-05-06T01:41:44.928850+00:00,71.2487,0.0052,96.643,0.0783,0.75,0.0,1500.0,0.0,6.3
1637.5,2026-05-06T01:41:45.434579+00:00,71.0755,-0.1233,96.7025,0.0216,0.75,0.0,1500.0,0.0,6.2488
1638.000468,2026-05-06T01:41:45.929266+00:00,71.0696,-0.1584,96.3085,-0.0991,0.75,0.0,1500.0,0.0,6.275
1638.5,2026-05-06T01:41:46.428796+00:00,71.065,-0.1218,96.2371,-0.1533,0.75,0.0,1500.0,0.0,6.2878
1639.0,2026-05-06T01:41:46.928806+00:00,71.1888,-0.0299,96.4137,-0.0793,0.75,0.0,1500.0,0.0,6.294
1639.500901,2026-05-06T01:41:47.430126+00:00,71.284,0.1043,96.2948,-0.0301,0.75,0.0,1500.0,0.0,6.2971
1640.0,2026-05-06T01:41:47.939418+00:00,71.3571,0.1438,96.2034,-0.1465,0.75,0.0,1500.0,0.0,6.2986
1640.5,2026-05-06T01:41:48.429054+00:00,71.286,0.1105,96.2721,-0.1435,0.75,0.0,1500.0,0.0,6.2993
1641.0,2026-05-06T01:41:48.928810+00:00,71.2314,0.0213,96.186,-0.0409,0.75,0.0,1500.0,0.0,6.2997
1641.5,2026-05-06T01:41:49.428869+00:00,71.1894,-0.0473,96.3743,0.0457,0.75,0.0,1500.0,0.0,6.2998
1642.0,2026-05-06T01:41:49.929091+00:00,71.1572,-0.1,96.5191,0.0352,0.75,0.0,1500.0,0.0,6.2999
1642.5,2026-05-06T01:41:50.435308+00:00,71.1324,-0.0768,96.0288,-0.0887,0.75,0.0,1500.0,0.0,6.3
1643.0,2026-05-06T01:41:50.928963+00:00,71.2406,0.0046,96.4849,0.0938,0.75,0.0,1500.0,0.0,6.3
1643.5,2026-05-06T01:41:51.428904+00:00,71.1965,0.0035,96.3727,0.0335,0.75,0.0,1500.0,0.0,6.3
1644.000188,2026-05-06T01:41:51.929019+00:00,71.4171,0.13,96.4022,0.0721,0.75,0.0,1500.0,0.0,6.3
1644.5,2026-05-06T01:41:52.428814+00:00,71.3322,0.0999,96.4248,0.0168,0.75,0.0,1500.0,0.0,6.3
1645.0,2026-05-06T01:41:52.933865+00:00,71.3941,0.0768,96.3265,-0.0642,0.75,0.0,1500.0,0.0,6.3
1645.5,2026-05-06T01:41:53.428833+00:00,71.1872,-0.0046,96.2741,0.0818,0.75,0.0,1500.0,0.0,6.3
1646.0,2026-05-06T01:41:53.928928+00:00,71.2828,-0.0672,96.1875,-0.0991,0.75,0.0,1500.0,0.0,6.3
1646.5,2026-05-06T01:41:54.429058+00:00,71.2289,-0.0516,96.2598,-0.0376,0.75,0.0,1500.0,0.0,6.2488
1647.0,2026-05-06T01:41:54.928794+00:00,71.1875,-0.1033,96.1997,-0.0675,0.75,0.0,1500.0,0.0,6.2238
1647.5,2026-05-06T01:41:55.434215+00:00,71.283,0.0479,96.3849,-0.0133,0.75,0.0,1500.0,0.0,6.2116
1648.0,2026-05-06T01:41:55.928840+00:00,71.3563,0.0368,96.5272,0.0669,0.75,0.0,1500.0,0.0,6.2569
1648.5,2026-05-06T01:41:56.428801+00:00,71.2854,0.0283,96.5209,0.0823,0.75,0.0,1500.0,0.0,6.2278
1649.0,2026-05-06T01:41:56.929115+00:00,71.231,0.0217,96.7475,0.1867,0.75,0.0,1500.0,0.0,6.2135
1649.5,2026-05-06T01:41:57.428821+00:00,71.1891,-0.0469,96.6902,0.1435,0.75,0.0,1500.0,0.0,6.2066
1650.0,2026-05-06T01:41:58.036193+00:00,71.1569,-0.0997,96.7619,0.1874,0.75,0.0,1500.0,0.0,6.2032
1650.5,2026-05-06T01:41:58.428819+00:00,71.2594,-0.013,96.817,0.144,0.75,0.0,1500.0,0.0,6.2528
1651.000387,2026-05-06T01:41:58.929556+00:00,71.4655,0.1173,96.7436,0.0721,0.75,0.0,1500.0,0.0,6.277
1651.5,2026-05-06T01:41:59.428819+00:00,71.4966,0.1538,96.803,0.094,0.75,0.0,1500.0,0.0,6.2888
1652.0,2026-05-06T01:41:59.928849+00:00,71.5206,0.1818,96.9643,0.0723,0.75,0.0,1500.0,0.0,6.2945
1652.5,2026-05-06T01:42:00.434687+00:00,71.5389,0.1398,96.9725,0.0941,0.75,0.0,1500.0,0.0,6.2461
1653.0,2026-05-06T01:42:00.928807+00:00,71.4258,-0.0199,96.9789,0.0723,0.75,0.0,1500.0,0.0,6.2737
1653.5,2026-05-06T01:42:01.428931+00:00,71.4661,-0.0153,96.7524,-0.0215,0.75,0.0,1500.0,0.0,6.2872
1654.0,2026-05-06T01:42:01.928793+00:00,71.6244,0.0519,96.4394,-0.1014,0.75,0.0,1500.0,0.0,6.2937
1654.500652,2026-05-06T01:42:02.429599+00:00,71.3642,-0.0874,96.4534,-0.1165,0.75,0.0,1500.0,0.0,6.2969
1655.000001,2026-05-06T01:42:02.933787+00:00,71.2915,-0.0672,96.3485,-0.2052,0.75,0.0,1500.0,0.0,6.2985
1655.5,2026-05-06T01:42:03.428797+00:00,71.3629,-0.0516,96.4993,-0.1578,0.75,0.0,1500.0,0.0,6.2993
1656.0,2026-05-06T01:42:03.928967+00:00,71.545,-0.0397,96.4994,-0.1598,0.75,0.0,1500.0,0.0,6.2996
1656.501897,2026-05-06T01:42:04.431298+00:00,71.4305,0.0331,96.3839,-0.1228,0.75,0.0,1500.0,0.0,6.2998
1657.0,2026-05-06T01:42:04.928808+00:00,71.2152,-0.0382,96.5264,0.029,0.75,0.0,1500.0,0.0,6.2999
1657.5,2026-05-06T01:42:05.434799+00:00,71.4315,0.0343,96.636,0.0609,0.75,0.0,1500.0,0.0,6.3
1658.001589,2026-05-06T01:42:05.930439+00:00,71.4705,-0.0373,96.4657,0.0391,0.75,0.0,1500.0,0.0,6.3
1658.5,2026-05-06T01:42:06.429009+00:00,71.3732,-0.0286,96.5893,0.03,0.75,0.0,1500.0,0.0,6.3
1659.0,2026-05-06T01:42:06.928964+00:00,71.1711,-0.022,96.8001,0.1002,0.75,0.0,1500.0,0.0,6.3
1659.5,2026-05-06T01:42:07.428814+00:00,71.3976,-0.0169,96.4992,0.0385,0.75,0.0,1500.0,0.0,6.3
1660.0,2026-05-06T01:42:07.933217+00:00,71.4445,-0.013,96.4994,-0.009,0.75,0.0,1500.0,0.0,6.3
1660.5,2026-05-06T01:42:08.428888+00:00,71.4805,0.0536,96.6152,-0.0069,0.75,0.0,1500.0,0.0,6.3
1661.0,2026-05-06T01:42:08.928828+00:00,71.5081,0.1685,96.4729,0.0024,0.75,0.0,1500.0,0.0,6.2488
1661.5,2026-05-06T01:42:09.428788+00:00,71.4021,0.0022,96.4792,-0.0367,0.75,0.0,1500.0,0.0,6.2238
1662.0,2026-05-06T01:42:09.928998+00:00,71.5752,0.0654,96.3683,-0.1439,0.75,0.0,1500.0,0.0,6.2116
1662.500587,2026-05-06T01:42:10.536949+00:00,71.5809,0.0502,96.1674,-0.1106,0.75,0.0,1500.0,0.0,6.2057
1663.0,2026-05-06T01:42:10.928828+00:00,71.3308,-0.0887,96.2212,-0.0927,0.75,0.0,1500.0,0.0,6.254
1663.5,2026-05-06T01:42:11.428822+00:00,71.5204,0.0591,96.4014,-0.0713,0.75,0.0,1500.0,0.0,6.2775
1664.0,2026-05-06T01:42:11.928818+00:00,71.6661,0.0454,96.3085,-0.0548,0.75,0.0,1500.0,0.0,6.289
1664.5,2026-05-06T01:42:12.428831+00:00,71.6508,0.0349,96.4685,-0.0035,0.75,0.0,1500.0,0.0,6.2947
1665.0,2026-05-06T01:42:12.938205+00:00,71.5118,0.0905,96.8229,0.1515,0.75,0.0,1500.0,0.0,6.2974
1665.5,2026-05-06T01:42:13.428842+00:00,71.5322,0.0059,96.7251,0.1859,0.75,0.0,1500.0,0.0,6.2987
1666.0,2026-05-06T01:42:13.928822+00:00,71.4206,-0.1227,96.7887,0.1892,0.75,0.0,1500.0,0.0,6.2994
1666.5,2026-05-06T01:42:14.428836+00:00,71.3348,-0.158,96.8376,0.1454,0.75,0.0,1500.0,0.0,6.2997
1667.0,2026-05-06T01:42:14.928825+00:00,71.3962,-0.0578,96.852,0.1812,0.75,0.0,1500.0,0.0,6.2999
1667.5,2026-05-06T01:42:15.436989+00:00,71.3161,-0.108,96.8863,0.1392,0.75,0.0,1500.0,0.0,6.2999
1668.0,2026-05-06T01:42:15.928825+00:00,71.1272,-0.1467,96.658,-0.055,0.75,0.0,1500.0,0.0,6.3
1668.5,2026-05-06T01:42:16.428782+00:00,71.1094,-0.1127,96.7372,0.004,0.75,0.0,1500.0,0.0,6.3
1669.0,2026-05-06T01:42:16.929225+00:00,71.2229,-0.0866,96.798,0.0031,0.75,0.0,1500.0,0.0,6.3
1669.5,2026-05-06T01:42:17.428802+00:00,71.3102,-0.003,96.4745,-0.121,0.75,0.0,1500.0,0.0,6.3
1670.0,2026-05-06T01:42:17.937400+00:00,71.3772,0.125,96.7118,-0.0467,0.75,0.0,1500.0,0.0,6.3
1670.5,2026-05-06T01:42:18.429037+00:00,71.556,0.2233,96.7785,-0.0359,0.75,0.0,1500.0,0.0,6.3
1671.0,2026-05-06T01:42:18.928812+00:00,71.5662,0.1717,96.8297,0.0572,0.75,0.0,1500.0,0.0,6.3
1671.5,2026-05-06T01:42:19.429084+00:00,71.574,0.1319,96.9848,0.0826,0.75,0.0,1500.0,0.0,6.3
1672.001975,2026-05-06T01:42:19.930888+00:00,71.7073,0.165,96.9883,0.0635,0.75,0.0,1500.0,0.0,6.3
1672.5,2026-05-06T01:42:20.435258+00:00,71.5552,-0.0004,96.8985,0.1413,0.75,0.0,1500.0,0.0,6.3
1673.0,2026-05-06T01:42:20.928793+00:00,71.5656,-0.0003,96.922,0.0701,0.75,0.0,1500.0,0.0,6.3
1673.50088,2026-05-06T01:42:21.429694+00:00,71.5735,-0.0002,96.8243,0.0153,0.75,0.0,1500.0,0.0,6.3
1674.0,2026-05-06T01:42:21.928883+00:00,71.3251,-0.1911,96.4022,-0.1425,0.75,0.0,1500.0,0.0,6.3
1674.5,2026-05-06T01:42:22.429110+00:00,71.2615,-0.1469,96.286,-0.233,0.75,0.0,1500.0,0.0,6.3
1675.001994,2026-05-06T01:42:22.936696+00:00,71.3398,-0.1129,96.2198,-0.2562,0.75,0.0,1500.0,0.0,6.3
1675.5,2026-05-06T01:42:23.428829+00:00,71.2727,-0.1504,96.2846,-0.2046,0.75,0.0,1500.0,0.0,6.3
1676.0,2026-05-06T01:42:23.928903+00:00,71.2212,-0.052,96.3345,-0.1958,0.75,0.0,1500.0,0.0,6.3
1676.501766,2026-05-06T01:42:24.430585+00:00,71.0543,-0.1036,96.3728,-0.1505,0.75,0.0,1500.0,0.0,6.3
1677.00026,2026-05-06T01:42:24.929062+00:00,71.1806,-0.0796,96.5179,0.0386,0.75,0.0,1500.0,0.0,6.3
1677.5,2026-05-06T01:42:25.435490+00:00,71.2776,0.0024,96.7452,0.1531,0.75,0.0,1500.0,0.0,6.3
1678.0,2026-05-06T01:42:25.928822+00:00,70.9704,-0.1254,96.8041,0.1948,0.75,0.0,1500.0,0.0,6.3
1678.5,2026-05-06T01:42:26.428806+00:00,70.9888,-0.0327,96.8495,0.1883,0.75,0.0,1500.0,0.0,6.3
1679.000648,2026-05-06T01:42:26.929481+00:00,71.1303,-0.0252,97.0,0.2218,0.75,0.0,1500.0,0.0,6.3
1679.5,2026-05-06T01:42:27.428829+00:00,71.1117,-0.083,96.9769,0.2014,0.75,0.0,1500.0,0.0,6.3
1680.0,2026-05-06T01:42:27.933779+00:00,71.0974,0.0635,96.8665,0.1162,0.75,0.0,1500.0,0.0,6.3
1680.501985,2026-05-06T01:42:28.430954+00:00,70.9592,-0.0148,96.8974,0.0507,0.75,0.0,1500.0,0.0,6.3
1681.000172,2026-05-06T01:42:28.929038+00:00,70.9802,-0.075,96.8054,0.0004,0.75,0.0,1500.0,0.0,6.3
1681.5,2026-05-06T01:42:29.428854+00:00,70.9963,-0.0577,96.9662,0.0389,0.75,0.0,1500.0,0.0,6.3
1682.0,2026-05-06T01:42:29.929342+00:00,71.2633,0.0829,96.974,-0.0087,0.75,0.0,1677.03,177.03,6.3
1682.5,2026-05-06T01:42:30.437043+00:00,71.3412,0.191,96.6329,-0.1146,0.7595,0.0095,1749.5946,249.5946,6.3
1683.0,2026-05-06T01:42:30.928762+00:00,71.5284,0.2741,96.4865,-0.1267,0.7634,0.0134,1779.3388,102.3088,6.3
1683.5,2026-05-06T01:42:31.428773+00:00,71.7995,0.4016,96.4896,-0.1359,0.765,0.0055,1791.531,41.9364,6.3
1684.0,2026-05-06T01:42:31.928797+00:00,72.0079,0.3723,96.3763,-0.143,0.7656,0.0023,1796.5286,17.1897,6.3
1684.500159,2026-05-06T01:42:32.429290+00:00,72.2953,0.477,96.5206,-0.1485,0.7659,0.0009,1798.5771,7.0461,6.3
1685.0,2026-05-06T01:42:32.935528+00:00,72.2617,0.3667,96.4002,-0.1913,0.766,0.0004,1799.4167,2.8882,6.3
1685.5,2026-05-06T01:42:33.428757+00:00,72.1086,0.1545,96.3076,-0.1085,0.7661,0.0002,1799.7609,1.1839,6.3
1686.0,2026-05-06T01:42:33.928731+00:00,71.9909,-0.0085,96.3521,-0.0448,0.7661,0.0001,1799.902,0.4853,6.3
1686.5,2026-05-06T01:42:34.428754+00:00,72.0277,-0.1338,96.3863,-0.0344,0.7661,0.0,1799.9598,0.1989,6.3
1687.0,2026-05-06T01:42:34.928791+00:00,72.3105,0.0244,96.4126,0.0121,0.7661,0.0,1799.9835,0.0815,6.3
1687.5,2026-05-06T01:42:35.433490+00:00,72.1461,0.0188,96.6642,0.0479,0.7661,0.0,1799.9933,0.0334,6.2488
1688.0,2026-05-06T01:42:35.928761+00:00,72.147,0.0781,96.5105,0.0368,0.7661,0.0,1799.9972,0.0137,6.275
1688.5,2026-05-06T01:42:36.428796+00:00,72.275,0.1236,96.2767,-0.0103,0.7661,0.0,1799.9989,0.0056,6.2878
1689.0,2026-05-06T01:42:36.928801+00:00,72.3733,0.0314,96.4441,0.0307,0.7661,0.0,1799.9995,0.0023,6.294
1689.5,2026-05-06T01:42:37.428865+00:00,72.4489,0.1514,96.3413,-0.015,0.7661,0.0,1799.9998,0.0009,6.2971
1690.0,2026-05-06T01:42:37.934775+00:00,72.3798,0.1164,96.0309,-0.1272,0.7661,0.0,1799.9999,0.0004,6.2986
1690.5,2026-05-06T01:42:38.429059+00:00,72.4539,0.0894,96.1163,-0.1826,0.7661,0.0,1800.0,0.0002,6.2993
1691.0,2026-05-06T01:42:38.929047+00:00,72.5108,0.0687,95.9737,-0.1789,0.7661,0.0,1800.0,0.0001,6.2997
1691.5,2026-05-06T01:42:39.428792+00:00,72.5546,0.0528,95.7253,-0.1838,0.7661,0.0,1800.0,0.0,6.2998
1692.0,2026-05-06T01:42:39.928746+00:00,72.461,0.0406,95.9045,-0.1798,0.7661,0.0,1800.0,0.0,6.2999
1692.5,2026-05-06T01:42:40.437197+00:00,72.5163,0.0312,95.9266,-0.1382,0.7661,0.0,1800.0,0.0,6.3
1693.0,2026-05-06T01:42:40.928834+00:00,72.4315,-0.0396,95.851,-0.06,0.7661,0.0,1800.0,0.0,6.3
1693.5,2026-05-06T01:42:41.428960+00:00,72.4936,-0.0305,96.1169,0.0002,0.7661,0.0,1800.0,0.0,6.3
1694.0,2026-05-06T01:42:41.928774+00:00,72.6687,0.1038,96.3213,0.1158,0.7661,0.0,1800.0,0.0,6.3
1694.500269,2026-05-06T01:42:42.429030+00:00,72.6759,0.0798,96.3626,0.2125,0.7661,0.0,1800.0,0.0,6.3
1695.0,2026-05-06T01:42:42.936140+00:00,72.6815,0.125,96.2787,0.1247,0.7661,0.0,1800.0,0.0,6.3
1695.500137,2026-05-06T01:42:43.429223+00:00,72.813,0.1597,96.0985,0.0573,0.7661,0.0,1800.0,0.0,6.3
1696.000586,2026-05-06T01:42:43.929352+00:00,72.7869,0.0591,96.0757,0.0749,0.7661,0.0,1800.0,0.0,6.3
1696.5,2026-05-06T01:42:44.428733+00:00,72.6395,-0.0182,96.0582,-0.0196,0.7661,0.0,1800.0,0.0,6.3
1697.0,2026-05-06T01:42:44.928969+00:00,72.5262,-0.0776,96.0216,-0.0999,0.7661,0.0,1800.0,0.0,6.3
1697.5,2026-05-06T01:42:45.435789+00:00,72.5664,-0.1233,95.9009,-0.1539,0.7661,0.0,1800.0,0.0,6.3
1698.000143,2026-05-06T01:42:45.928969+00:00,72.5974,-0.0948,95.9238,-0.1183,0.7661,0.0,1800.0,0.0,6.3
1698.5,2026-05-06T01:42:46.428765+00:00,72.4938,-0.0728,96.0572,-0.0138,0.7661,0.0,1800.0,0.0,6.3
1699.0,2026-05-06T01:42:46.928849+00:00,72.5415,0.0077,96.0439,-0.0106,0.7661,0.0,1800.0,0.0,6.3
1699.5,2026-05-06T01:42:47.428751+00:00,72.7055,0.0695,96.0338,-0.0081,0.7661,0.0,1800.0,0.0,6.3
1700.0,2026-05-06T01:42:47.933699+00:00,72.8315,0.1171,96.2574,0.0786,0.7661,0.0,1800.0,0.0,6.3
1700.5,2026-05-06T01:42:48.428775+00:00,72.9283,0.2172,96.4292,0.1761,0.7661,0.0,1800.0,0.0,6.3
1701.0,2026-05-06T01:42:48.928748+00:00,72.8755,0.167,96.677,0.2511,0.7661,0.0,1800.0,0.0,6.3
1701.5,2026-05-06T01:42:49.428853+00:00,73.0894,0.192,96.636,0.193,0.7661,0.0,1800.0,0.0,6.3
1702.0,2026-05-06T01:42:49.929026+00:00,72.9993,0.0839,96.6046,0.1869,0.7661,0.0,1800.0,0.0,6.3
1702.5,2026-05-06T01:42:50.435097+00:00,72.8028,-0.0628,96.5804,0.1822,0.7661,0.0,1800.0,0.0,6.3
1703.0,2026-05-06T01:42:50.929041+00:00,72.9063,0.0154,96.4461,0.0629,0.7661,0.0,1800.0,0.0,6.3
1703.5,2026-05-06T01:42:51.428747+00:00,72.8585,-0.1154,96.4585,0.0098,0.7661,0.0,1800.0,0.0,6.3
1704.0,2026-05-06T01:42:51.928984+00:00,72.5673,-0.216,96.4681,-0.0696,0.7661,0.0,1800.0,0.0,6.3
1704.5,2026-05-06T01:42:52.428885+00:00,72.598,-0.1024,96.4755,-0.0535,0.7661,0.0,1800.0,0.0,6.3
1705.0,2026-05-06T01:42:52.933949+00:00,72.6216,-0.1423,96.5969,-0.0026,0.7661,0.0,1800.0,0.0,6.3
1705.5,2026-05-06T01:42:53.428765+00:00,72.6398,-0.1094,96.5745,-0.002,0.7661,0.0,1800.0,0.0,6.3
1706.0,2026-05-06T01:42:53.928745+00:00,72.9082,0.1705,96.5572,0.0371,0.7661,0.0,1800.0,0.0,6.3
1706.500478,2026-05-06T01:42:54.429225+00:00,72.86,0.131,96.6597,0.067,0.7661,0.0,1800.0,0.0,6.2488
1707.0,2026-05-06T01:42:54.928765+00:00,73.0776,0.228,96.507,0.013,0.7661,0.0,1800.0,0.0,6.2238
1707.5,2026-05-06T01:42:55.433288+00:00,73.2447,0.3025,96.6211,0.0485,0.7661,0.0,1800.0,0.0,6.2116
1708.0,2026-05-06T01:42:55.928865+00:00,73.1187,0.1052,96.5699,-0.009,0.7661,0.0,1800.0,0.0,6.2569
1708.5,2026-05-06T01:42:56.429320+00:00,73.1491,0.1445,96.5538,-0.0069,0.7661,0.0,1800.0,0.0,6.279
1709.0,2026-05-06T01:42:56.928759+00:00,73.1724,0.0474,96.4256,-0.0439,0.7661,0.0,1800.0,0.0,6.2897
1709.5,2026-05-06T01:42:57.428937+00:00,73.1904,-0.0272,96.3271,-0.1109,0.7661,0.0,1800.0,0.0,6.295
1710.0,2026-05-06T01:42:57.934280+00:00,73.2042,0.0427,96.4828,-0.0081,0.7661,0.0,1800.0,0.0,6.2976
1710.5,2026-05-06T01:42:58.428977+00:00,73.2148,0.0329,96.4868,-0.0448,0.7661,0.0,1800.0,0.0,6.2988
1711.0,2026-05-06T01:42:58.929281+00:00,73.0957,-0.0384,96.3742,-0.0653,0.7661,0.0,1800.0,0.0,6.2994
1711.5,2026-05-06T01:42:59.428765+00:00,73.2586,0.0341,96.4033,-0.0502,0.7661,0.0,1800.0,0.0,6.2997
1712.0,2026-05-06T01:42:59.928766+00:00,73.3839,0.0899,96.4257,0.0,0.7661,0.0,1800.0,0.0,6.2999
1712.5,2026-05-06T01:43:00.433009+00:00,73.3529,0.0691,96.4197,0.0309,0.7661,0.0,1800.0,0.0,6.2487
1713.000209,2026-05-06T01:43:00.928942+00:00,73.3291,0.1167,96.4383,-0.0148,0.7661,0.0,1800.0,0.0,6.275
1713.5,2026-05-06T01:43:01.428768+00:00,73.3108,0.0261,96.4757,-0.0037,0.7661,0.0,1800.0,0.0,6.2878
1714.0,2026-05-06T01:43:01.928755+00:00,73.2967,-0.0436,96.7127,0.1129,0.7661,0.0,1800.0,0.0,6.294
1714.5,2026-05-06T01:43:02.429015+00:00,73.2859,-0.0335,96.6635,0.0867,0.7661,0.0,1800.0,0.0,6.2971
1715.0,2026-05-06T01:43:02.934453+00:00,73.1503,-0.0894,96.6257,0.0667,0.7661,0.0,1800.0,0.0,6.2986
1715.5,2026-05-06T01:43:03.428745+00:00,73.3007,-0.0051,96.4809,0.0204,0.7661,0.0,1800.0,0.0,6.2993
1716.0,2026-05-06T01:43:03.928884+00:00,73.1617,-0.0675,96.3465,-0.0306,0.7661,0.0,1800.0,0.0,6.2997
1716.500162,2026-05-06T01:43:04.428932+00:00,73.1821,-0.0519,96.4977,0.0073,0.7661,0.0,1800.0,0.0,6.2998
1717.0,2026-05-06T01:43:04.929105+00:00,73.1978,0.0237,96.3825,-0.1101,0.7661,0.0,1800.0,0.0,6.2999
1717.5,2026-05-06T01:43:05.433876+00:00,73.0826,-0.109,96.3866,-0.0923,0.7661,0.0,1800.0,0.0,6.3
1718.0,2026-05-06T01:43:05.928874+00:00,72.9941,-0.0838,96.4128,-0.071,0.7661,0.0,1800.0,0.0,6.3
1718.5,2026-05-06T01:43:06.429026+00:00,73.1806,-0.0008,96.5487,0.0226,0.7661,0.0,1800.0,0.0,6.3
1719.001101,2026-05-06T01:43:06.929897+00:00,73.1966,-0.0006,96.6531,0.1022,0.7661,0.0,1800.0,0.0,6.3
1719.5,2026-05-06T01:43:07.428827+00:00,73.0817,-0.0005,96.6177,0.04,0.7661,0.0,1800.0,0.0,6.3
1720.0,2026-05-06T01:43:07.936389+00:00,73.1207,0.0633,96.5905,0.0693,0.7661,0.0,1800.0,0.0,6.3
1720.500202,2026-05-06T01:43:08.428949+00:00,73.0233,-0.0786,96.5695,0.061,0.7661,0.0,1800.0,0.0,6.3512
1721.000204,2026-05-06T01:43:08.928936+00:00,73.203,0.0032,96.4377,0.0083,0.7661,0.0,1800.0,0.0,6.3762
1721.500177,2026-05-06T01:43:09.428998+00:00,73.3412,0.1297,96.3364,-0.0707,0.7661,0.0,1800.0,0.0,6.3884
1722.000003,2026-05-06T01:43:09.928749+00:00,73.3201,0.0997,96.2586,-0.1315,0.7661,0.0,1800.0,0.0,6.3943
1722.5,2026-05-06T01:43:10.434510+00:00,73.1766,0.0766,96.2219,-0.1319,0.7661,0.0,1800.0,0.0,6.346
1723.0,2026-05-06T01:43:10.928737+00:00,73.1936,-0.0047,96.2862,-0.1014,0.7661,0.0,1800.0,0.0,6.3225
1723.5,2026-05-06T01:43:11.428957+00:00,73.0794,-0.1309,96.4514,-0.0394,0.7661,0.0,1800.0,0.0,6.311
1724.0,2026-05-06T01:43:11.928777+00:00,73.1189,-0.1006,96.5784,0.0469,0.7661,0.0,1800.0,0.0,6.3053
1724.5,2026-05-06T01:43:12.428742+00:00,73.4037,0.1136,96.3288,-0.0025,0.7661,0.0,1800.0,0.0,6.3026
1725.0,2026-05-06T01:43:12.935888+00:00,73.3682,0.0873,96.3684,0.0366,0.7661,0.0,1800.0,0.0,6.3013
1725.5,2026-05-06T01:43:13.429163+00:00,73.5954,0.258,96.3989,0.059,0.7661,0.0,1800.0,0.0,6.3006
1726.0,2026-05-06T01:43:13.928781+00:00,73.6427,0.2619,96.3066,0.0068,0.7661,0.0,1800.0,0.0,6.3003
1726.5,2026-05-06T01:43:14.428825+00:00,73.5518,0.0741,96.3513,-0.0334,0.7661,0.0,1800.0,0.0,6.3001
1727.0,2026-05-06T01:43:14.929303+00:00,73.3547,-0.0067,96.5014,-0.0256,0.7661,0.0,1800.0,0.0,6.3001
1727.5,2026-05-06T01:43:15.439290+00:00,73.3305,-0.1324,96.5011,0.0574,0.7661,0.0,1800.0,0.0,6.3
1728.0,2026-05-06T01:43:15.929134+00:00,73.4391,-0.1018,96.3851,0.0056,0.7661,0.0,1800.0,0.0,6.3
1728.500301,2026-05-06T01:43:16.429086+00:00,73.5226,-0.0146,96.4349,0.012,0.7661,0.0,1800.0,0.0,6.3
1729.0,2026-05-06T01:43:16.928775+00:00,73.5868,0.116,96.4499,0.0478,0.7661,0.0,1800.0,0.0,6.3
1729.5,2026-05-06T01:43:17.428752+00:00,73.6362,0.1528,96.5772,0.0753,0.7661,0.0,1800.0,0.0,6.3
1730.0,2026-05-06T01:43:17.935009+00:00,73.6741,0.1175,96.6751,0.0579,0.7661,0.0,1800.0,0.0,6.3
1730.5,2026-05-06T01:43:18.429040+00:00,73.7032,0.0903,96.7502,0.083,0.7661,0.0,1800.0,0.0,6.3
1731.0,2026-05-06T01:43:18.928756+00:00,73.7256,0.0694,96.808,0.141,0.7661,0.0,1800.0,0.0,6.3
1731.5,2026-05-06T01:43:19.428785+00:00,73.6155,-0.0103,96.7368,0.1006,0.7661,0.0,1800.0,0.0,6.3
1732.0,2026-05-06T01:43:19.928766+00:00,73.4037,-0.1352,96.682,0.0773,0.7661,0.0,1800.0,0.0,6.3
1732.5,2026-05-06T01:43:20.433427+00:00,73.4954,-0.1039,96.8713,0.098,0.7661,0.0,1800.0,0.0,6.2488
1733.0,2026-05-06T01:43:20.928844+00:00,73.5659,-0.0799,96.6697,-0.0018,0.7661,0.0,1800.0,0.0,6.275
1733.5,2026-05-06T01:43:21.428751+00:00,73.7473,0.0659,96.6304,-0.0399,0.7661,0.0,1800.0,0.0,6.2878
1734.0,2026-05-06T01:43:21.928990+00:00,73.505,0.0506,96.6002,-0.0693,0.7661,0.0,1800.0,0.0,6.294
1734.5,2026-05-06T01:43:22.428795+00:00,73.446,-0.0247,96.6927,-0.0147,0.7661,0.0,1800.0,0.0,6.2971
1735.0,2026-05-06T01:43:22.935285+00:00,73.4006,-0.0826,96.5324,-0.0498,0.7661,0.0,1800.0,0.0,6.2986
1735.5,2026-05-06T01:43:23.428752+00:00,73.2385,-0.2544,96.4092,-0.154,0.7661,0.0,1800.0,0.0,6.2481
1736.0,2026-05-06T01:43:23.928743+00:00,73.2412,-0.1319,96.1988,-0.1569,0.7661,0.0,1800.0,0.0,6.2235
1736.5,2026-05-06T01:43:24.428736+00:00,73.3705,-0.0377,96.0371,-0.1978,0.7661,0.0,1800.0,0.0,6.2115
1737.0,2026-05-06T01:43:24.928828+00:00,73.4699,0.0346,96.1442,-0.152,0.7661,0.0,1800.0,0.0,6.2056
1737.5,2026-05-06T01:43:25.434926+00:00,73.419,0.0902,96.1109,-0.194,0.7661,0.0,1800.0,0.0,6.2027
1738.00001,2026-05-06T01:43:25.928764+00:00,73.5072,0.133,96.0852,-0.1491,0.7661,0.0,1800.0,0.0,6.2525
1738.50021,2026-05-06T01:43:26.428971+00:00,73.4477,0.0386,96.0655,-0.1146,0.7661,0.0,1800.0,0.0,6.2768
1739.0,2026-05-06T01:43:26.928759+00:00,73.2746,-0.0976,95.9346,-0.0881,0.7661,0.0,1800.0,0.0,6.2887
1739.5,2026-05-06T01:43:27.428749+00:00,73.2689,-0.075,95.8341,-0.0677,0.7661,0.0,1800.0,0.0,6.2945
1740.0,2026-05-06T01:43:27.934981+00:00,73.3918,-0.0577,95.9882,-0.052,0.7661,0.0,1800.0,0.0,6.2973
1740.5,2026-05-06T01:43:28.428752+00:00,73.359,-0.0443,95.8752,-0.0786,0.7661,0.0,1800.0,0.0,6.2987
1741.0,2026-05-06T01:43:28.928776+00:00,73.5883,0.1568,95.9041,-0.0604,0.7661,0.0,1800.0,0.0,6.2994
1741.500448,2026-05-06T01:43:29.429195+00:00,73.51,0.1205,95.9263,-0.0464,0.7661,0.0,1800.0,0.0,6.2997
1742.0,2026-05-06T01:43:29.928750+00:00,73.4499,0.029,96.059,0.0415,0.7661,0.0,1800.0,0.0,6.2998
1742.5,2026-05-06T01:43:30.436043+00:00,73.5309,0.0859,96.1611,0.109,0.7661,0.0,1800.0,0.0,6.2487
1743.0,2026-05-06T01:43:30.928829+00:00,73.5932,0.0024,96.0312,0.0144,0.7661,0.0,1800.0,0.0,6.275
1743.5,2026-05-06T01:43:31.428748+00:00,73.641,0.0655,96.1397,0.0882,0.7661,0.0,1800.0,0.0,6.2878
1744.0,2026-05-06T01:43:31.928757+00:00,73.4233,-0.0133,96.1074,0.0678,0.7661,0.0,1800.0,0.0,6.294
1744.5,2026-05-06T01:43:32.428760+00:00,73.3832,-0.0739,96.0825,0.0521,0.7661,0.0,1800.0,0.0,6.2971
1745.0,2026-05-06T01:43:32.935157+00:00,73.4796,-0.0568,96.0634,0.0015,0.7661,0.0,1800.0,0.0,6.2986
1745.5,2026-05-06T01:43:33.429034+00:00,73.4265,-0.1073,96.1413,-0.0066,0.7661,0.0,1800.0,0.0,6.2993
1746.0,2026-05-06T01:43:33.929035+00:00,73.5129,0.0448,95.9929,-0.0128,0.7661,0.0,1800.0,0.0,6.2997
1746.5,2026-05-06T01:43:34.428827+00:00,73.4521,0.0345,96.1103,-0.0098,0.7661,0.0,1800.0,0.0,6.2998
1747.000879,2026-05-06T01:43:34.930578+00:00,73.4053,-0.0372,96.0847,-0.0075,0.7661,0.0,1800.0,0.0,6.2999
1747.5,2026-05-06T01:43:35.437943+00:00,73.4966,0.0351,96.1808,0.0328,0.7661,0.0,1800.0,0.0,6.3
1748.000807,2026-05-06T01:43:35.930291+00:00,73.6941,0.0906,96.139,0.0252,0.7661,0.0,1800.0,0.0,6.3
1748.5,2026-05-06T01:43:36.428833+00:00,73.5913,0.0696,96.2225,0.0271,0.7661,0.0,1800.0,0.0,6.3
1749.000121,2026-05-06T01:43:36.929267+00:00,73.6396,0.1172,96.171,0.0594,0.7661,0.0,1800.0,0.0,6.3
1749.500139,2026-05-06T01:43:37.428962+00:00,73.5495,0.0264,96.3629,0.0842,0.7661,0.0,1800.0,0.0,6.3
1750.0,2026-05-06T01:43:37.933797+00:00,73.6074,-0.0433,96.5103,0.1418,0.7661,0.0,1800.0,0.0,6.3
1750.5,2026-05-06T01:43:38.428838+00:00,73.652,0.0303,96.3922,0.0705,0.7661,0.0,1800.0,0.0,6.3
1751.0,2026-05-06T01:43:38.928745+00:00,73.6862,0.0233,96.3015,0.0542,0.7661,0.0,1800.0,0.0,6.3
1751.5,2026-05-06T01:43:39.428744+00:00,73.7126,0.0816,96.4631,0.0802,0.7661,0.0,1800.0,0.0,6.3
1752.0,2026-05-06T01:43:39.929299+00:00,73.7328,0.0627,96.4716,0.1002,0.7661,0.0,1800.0,0.0,6.3
1752.50087,2026-05-06T01:43:40.434904+00:00,73.7484,0.0482,96.7096,0.1156,0.7661,0.0,1800.0,0.0,6.2488
1753.0,2026-05-06T01:43:40.928729+00:00,73.633,-0.0266,96.8925,0.1274,0.7661,0.0,1800.0,0.0,6.275
1753.5,2026-05-06T01:43:41.428824+00:00,73.5444,-0.0841,96.9174,0.1751,0.7661,0.0,1800.0,0.0,6.2878
1754.0,2026-05-06T01:43:41.931139+00:00,73.6035,-0.0646,96.8208,0.1731,0.7661,0.0,1800.0,0.0,6.294
1754.5,2026-05-06T01:43:42.428785+00:00,73.7763,0.014,96.7466,0.0945,0.7661,0.0,1800.0,0.0,6.2971
1755.0,2026-05-06T01:43:42.934341+00:00,73.7818,0.0744,96.6895,0.0726,0.7661,0.0,1800.0,0.0,6.2986
1755.5,2026-05-06T01:43:43.429125+00:00,73.6587,0.0572,96.7614,0.0173,0.7661,0.0,1800.0,0.0,6.2993
1756.0,2026-05-06T01:43:43.928780+00:00,73.6914,0.0439,96.7009,-0.0639,0.7661,0.0,1800.0,0.0,6.2997
1756.5,2026-05-06T01:43:44.428775+00:00,73.8438,0.0338,96.7701,-0.0491,0.7661,0.0,1800.0,0.0,6.2998
1757.0,2026-05-06T01:43:44.928921+00:00,73.5791,-0.1013,96.5919,-0.0763,0.7661,0.0,1800.0,0.0,6.2999
1757.5,2026-05-06T01:43:45.433270+00:00,73.6302,-0.0142,96.6863,-0.0201,0.7661,0.0,1800.0,0.0,6.3
1758.0,2026-05-06T01:43:45.928743+00:00,73.6695,-0.0109,96.8746,0.0617,0.7661,0.0,1800.0,0.0,6.3
1758.5,2026-05-06T01:43:46.428767+00:00,73.5724,-0.1357,96.9036,0.0474,0.7661,0.0,1800.0,0.0,6.3
1759.0,2026-05-06T01:43:46.928875+00:00,73.4978,-0.0406,96.8102,0.0365,0.7661,0.0,1800.0,0.0,6.3
1759.5,2026-05-06T01:43:47.428816+00:00,73.3132,-0.1585,96.6227,-0.0491,0.7661,0.0,1800.0,0.0,6.3
1760.0,2026-05-06T01:43:47.937432+00:00,73.5531,-0.0582,96.8257,0.0779,0.7661,0.0,1800.0,0.0,6.3
1760.5,2026-05-06T01:43:48.428994+00:00,73.6103,0.0189,96.6115,-0.0249,0.7661,0.0,1800.0,0.0,6.3
1761.000383,2026-05-06T01:43:48.929399+00:00,73.5269,0.0145,96.5857,-0.0963,0.7661,0.0,1800.0,0.0,6.3
1761.5,2026-05-06T01:43:49.428796+00:00,73.4628,0.0748,96.3345,-0.1897,0.7661,0.0,1800.0,0.0,6.3
1762.000294,2026-05-06T01:43:49.929077+00:00,73.2863,-0.1334,96.3728,-0.1458,0.7661,0.0,1800.0,0.0,6.3
1762.5,2026-05-06T01:43:50.433631+00:00,73.2779,-0.1662,96.2865,-0.1121,0.7661,0.0,1800.0,0.0,6.3
1763.0,2026-05-06T01:43:50.928758+00:00,73.3987,-0.0641,96.3359,-0.1633,0.7661,0.0,1800.0,0.0,6.3
1763.5,2026-05-06T01:43:51.428749+00:00,73.6188,0.078,96.4896,-0.0406,0.7661,0.0,1800.0,0.0,6.3
1764.0,2026-05-06T01:43:51.928773+00:00,73.5335,0.1236,96.2606,-0.1084,0.7661,0.0,1800.0,0.0,6.3
1764.5,2026-05-06T01:43:52.428736+00:00,73.5952,0.1586,96.2003,-0.0447,0.7661,0.0,1800.0,0.0,6.3
1765.0,2026-05-06T01:43:52.933271+00:00,73.6426,0.1219,96.2696,-0.0344,0.7661,0.0,1800.0,0.0,6.3
1765.5,2026-05-06T01:43:53.428778+00:00,73.679,0.0301,96.323,0.0121,0.7661,0.0,1800.0,0.0,6.3
1766.0,2026-05-06T01:43:53.928788+00:00,73.707,0.0868,96.2482,-0.0292,0.7661,0.0,1800.0,0.0,6.3
1766.5,2026-05-06T01:43:54.428753+00:00,73.7285,0.0667,96.4222,-0.0225,0.7661,0.0,1800.0,0.0,6.3
1767.0,2026-05-06T01:43:54.928757+00:00,73.6178,-0.0124,96.4402,0.0599,0.7661,0.0,1800.0,0.0,6.3
1767.5,2026-05-06T01:43:55.433582+00:00,73.5327,-0.0732,96.454,0.0846,0.7661,0.0,1800.0,0.0,6.3
1768.0,2026-05-06T01:43:55.928852+00:00,73.5945,-0.0562,96.5804,0.1036,0.7661,0.0,1800.0,0.0,6.3
1768.5,2026-05-06T01:43:56.429161+00:00,73.7694,0.0204,96.5618,0.0796,0.7661,0.0,1800.0,0.0,6.3
1769.0,2026-05-06T01:43:56.928754+00:00,73.7764,0.0793,96.5475,0.0998,0.7661,0.0,1800.0,0.0,6.3
1769.5011,2026-05-06T01:43:57.429898+00:00,73.7819,0.1246,96.4208,-0.0005,0.7661,0.0,1800.0,0.0,6.3
1770.0,2026-05-06T01:43:57.933826+00:00,73.5315,-0.0315,96.5548,0.0382,0.7661,0.0,1800.0,0.0,6.3
1770.5,2026-05-06T01:43:58.430375+00:00,73.5937,-0.0878,96.3107,-0.0478,0.7661,0.0,1800.0,0.0,6.3
1771.0,2026-05-06T01:43:58.928741+00:00,73.7687,-0.0039,96.3545,-0.0753,0.7661,0.0,1800.0,0.0,6.3
1771.5,2026-05-06T01:43:59.428744+00:00,73.7759,-0.003,96.2725,-0.0964,0.7661,0.0,1800.0,0.0,6.3
1772.0,2026-05-06T01:43:59.928777+00:00,73.7815,0.125,96.302,-0.0818,0.7661,0.0,1800.0,0.0,6.3
1772.5,2026-05-06T01:44:00.433791+00:00,73.913,0.1597,96.2321,-0.0629,0.7661,0.0,1800.0,0.0,6.3
1773.0,2026-05-06T01:44:00.928821+00:00,74.0142,0.1227,96.2941,-0.0869,0.7661,0.0,1800.0,0.0,6.3
1773.5,2026-05-06T01:44:01.428762+00:00,73.9646,0.0943,96.4574,0.0489,0.7661,0.0,1800.0,0.0,6.3
1774.0,2026-05-06T01:44:01.928762+00:00,73.9265,0.0725,96.6987,0.1147,0.7661,0.0,1800.0,0.0,6.3
1774.5,2026-05-06T01:44:02.428750+00:00,73.77,-0.0715,96.7684,0.1653,0.7661,0.0,1800.0,0.0,6.3
1775.000194,2026-05-06T01:44:02.933604+00:00,73.9042,-0.055,96.7063,0.1348,0.7661,0.0,1800.0,0.0,6.3
1775.5,2026-05-06T01:44:03.428743+00:00,73.7528,-0.1059,96.6586,0.1422,0.7661,0.0,1800.0,0.0,6.3
1776.0,2026-05-06T01:44:03.928864+00:00,73.891,-0.0178,96.7144,0.1401,0.7661,0.0,1800.0,0.0,6.3
1776.5,2026-05-06T01:44:04.429065+00:00,73.8699,0.05,96.6648,0.0691,0.7661,0.0,1800.0,0.0,6.3
1777.0,2026-05-06T01:44:04.928770+00:00,73.981,0.0384,96.6267,-0.024,0.7661,0.0,1800.0,0.0,6.3
1777.5,2026-05-06T01:44:05.436894+00:00,73.9391,0.0932,96.5974,-0.057,0.7661,0.0,1800.0,0.0,6.2488
1778.0,2026-05-06T01:44:05.929000+00:00,73.7797,-0.0557,96.6905,-0.0053,0.7661,0.0,1800.0,0.0,6.275
1778.5,2026-05-06T01:44:06.428812+00:00,73.9116,0.0209,96.7621,0.0345,0.7661,0.0,1800.0,0.0,6.2878
1779.0,2026-05-06T01:44:06.928752+00:00,74.0131,0.016,96.9329,0.0728,0.7661,0.0,1800.0,0.0,6.294
1779.50003,2026-05-06T01:44:07.428778+00:00,73.7092,-0.115,96.9484,0.0945,0.7661,0.0,1800.0,0.0,6.2971
1780.0,2026-05-06T01:44:07.934566+00:00,73.7302,-0.0247,96.8447,0.0727,0.7661,0.0,1800.0,0.0,6.2986
1780.5,2026-05-06T01:44:08.428758+00:00,73.7464,-0.0826,96.8806,0.0944,0.7661,0.0,1800.0,0.0,6.2993
1781.0,2026-05-06T01:44:08.928750+00:00,73.8861,-0.0635,96.5611,-0.0431,0.7661,0.0,1800.0,0.0,6.2997
1781.5,2026-05-06T01:44:09.428746+00:00,73.8661,0.0785,96.547,-0.0717,0.7661,0.0,1800.0,0.0,6.2998
1782.0,2026-05-06T01:44:09.928726+00:00,73.8508,0.0603,96.5361,-0.1323,0.7661,0.0,1800.0,0.0,6.2999
1782.5,2026-05-06T01:44:10.433940+00:00,73.8391,0.0463,96.5278,-0.1402,0.7661,0.0,1800.0,0.0,6.3
1783.0,2026-05-06T01:44:10.928773+00:00,73.83,-0.028,96.5213,-0.1078,0.7661,0.0,1800.0,0.0,6.3
1783.5,2026-05-06T01:44:11.429302+00:00,73.9504,0.0421,96.7478,-0.0443,0.7661,0.0,1800.0,0.0,6.3
1784.000303,2026-05-06T01:44:11.929084+00:00,73.9156,0.0324,96.6905,0.0431,0.7661,0.0,1800.0,0.0,6.3
1784.5,2026-05-06T01:44:12.429207+00:00,74.0161,0.0885,96.8778,0.1103,0.7661,0.0,1800.0,0.0,6.3
1785.0,2026-05-06T01:44:12.933328+00:00,73.9661,0.068,96.9061,0.1233,0.7661,0.0,1800.0,0.0,6.3
1785.5,2026-05-06T01:44:13.428769+00:00,74.0549,0.0523,96.8121,0.0948,0.7661,0.0,1800.0,0.0,6.3
1786.0,2026-05-06T01:44:13.928834+00:00,73.9959,0.0402,96.8556,0.1114,0.7661,0.0,1800.0,0.0,6.3
1786.5,2026-05-06T01:44:14.428767+00:00,73.8233,-0.0964,96.7733,0.0085,0.7661,0.0,1800.0,0.0,6.3
1787.0,2026-05-06T01:44:14.928832+00:00,73.6907,-0.1377,96.5944,-0.032,0.7661,0.0,1800.0,0.0,6.3
1787.5,2026-05-06T01:44:15.434452+00:00,73.716,-0.1695,96.5725,-0.1018,0.7661,0.0,1800.0,0.0,6.3
1788.0,2026-05-06T01:44:15.928804+00:00,73.7354,-0.1303,96.44,-0.1553,0.7661,0.0,1800.0,0.0,6.3
1788.5,2026-05-06T01:44:16.428990+00:00,73.6231,-0.1001,96.5696,-0.0808,0.7661,0.0,1800.0,0.0,6.3
1789.0,2026-05-06T01:44:16.929552+00:00,73.5368,-0.077,96.7849,-0.0236,0.7661,0.0,1800.0,0.0,6.3
1789.5,2026-05-06T01:44:17.429166+00:00,73.3431,-0.1864,96.8347,0.0205,0.7661,0.0,1800.0,0.0,6.3
1790.0,2026-05-06T01:44:17.938158+00:00,73.4488,-0.1433,96.7572,0.0543,0.7661,0.0,1800.0,0.0,6.3
1790.5,2026-05-06T01:44:18.428864+00:00,73.6574,0.0171,96.6977,0.0417,0.7661,0.0,1800.0,0.0,6.3
1791.0,2026-05-06T01:44:18.928749+00:00,73.5631,0.0132,96.5363,0.0321,0.7661,0.0,1800.0,0.0,6.3
1791.5,2026-05-06T01:44:19.428748+00:00,73.6179,0.1374,96.2965,-0.091,0.7661,0.0,1800.0,0.0,6.3
1792.0,2026-05-06T01:44:19.928942+00:00,73.5328,0.042,96.3436,-0.1471,0.7661,0.0,1800.0,0.0,6.3
1792.5,2026-05-06T01:44:20.434923+00:00,73.7219,0.0323,96.3798,-0.1516,0.7661,0.0,1800.0,0.0,6.2488
1793.0,2026-05-06T01:44:20.928768+00:00,73.74,0.0884,96.2919,-0.1551,0.7661,0.0,1800.0,0.0,6.275
1793.5,2026-05-06T01:44:21.428767+00:00,73.6266,0.0043,96.34,-0.1192,0.7661,0.0,1800.0,0.0,6.2878
1794.0,2026-05-06T01:44:21.929063+00:00,73.6667,0.067,96.2614,-0.0916,0.7661,0.0,1800.0,0.0,6.294
1794.5,2026-05-06T01:44:22.428763+00:00,73.8248,0.0515,96.4323,0.0453,0.7661,0.0,1800.0,0.0,6.2971
1795.0,2026-05-06T01:44:22.933478+00:00,73.6918,-0.0241,96.5637,0.0734,0.7661,0.0,1800.0,0.0,6.2986
1795.500123,2026-05-06T01:44:23.428898+00:00,73.8441,0.1088,96.5489,0.0564,0.7661,0.0,1800.0,0.0,6.2993
1796.0,2026-05-06T01:44:23.928895+00:00,73.9612,0.1472,96.6533,0.1205,0.7661,0.0,1800.0,0.0,6.2997
1796.5,2026-05-06T01:44:24.428867+00:00,73.9239,0.0495,96.6178,0.0926,0.7661,0.0,1800.0,0.0,6.2998
1797.0,2026-05-06T01:44:24.928980+00:00,73.8952,0.1017,96.7063,0.1483,0.7661,0.0,1800.0,0.0,6.2999
1797.5,2026-05-06T01:44:25.436275+00:00,73.7459,-0.0491,96.6585,0.0754,0.7661,0.0,1800.0,0.0,6.3
1798.0,2026-05-06T01:44:25.928769+00:00,73.7584,-0.1014,96.5061,-0.0192,0.7661,0.0,1800.0,0.0,6.3
1798.5,2026-05-06T01:44:26.428749+00:00,73.8953,-0.0143,96.5047,-0.0147,0.7661,0.0,1800.0,0.0,6.3
1799.0,2026-05-06T01:44:26.928752+00:00,74.0005,0.0527,96.6193,-0.0113,0.7661,0.0,1800.0,0.0,6.3
1799.5,2026-05-06T01:44:27.428747+00:00,73.9541,0.1041,96.5917,-0.0087,0.7661,0.0,1800.0,0.0,6.3
1800.0,2026-05-06T01:44:27.933884+00:00,74.0457,0.1437,96.3391,-0.1224,0.7661,0.0,1800.0,0.0,6.3
