monotonic_offset_s,utc_timestamp,T,T_dot,U,U_dot,V,V_dot,f,f_dot,mem
0.000271,2026-05-05T21:32:47.740653+00:00,48.5,,0.0,,0.8473,,2400.0,,4.6
0.5,2026-05-05T21:32:48.305096+00:00,48.7545,,14.0691,,0.8473,,2400.0,,5.112
1.0,2026-05-05T21:32:48.734153+00:00,48.4411,,13.6366,,0.8473,0.0,2400.0,0.0,5.4643
1.5,2026-05-05T21:32:49.234544+00:00,48.8365,,19.9222,,0.8473,0.0,2400.0,0.0,6.353
2.0,2026-05-05T21:32:49.734311+00:00,49.6496,0.5748,37.2952,,0.8473,0.0,2400.0,0.0,6.7866
2.5,2026-05-05T21:32:50.237623+00:00,50.529,0.8872,50.7638,,0.8473,0.0,2400.0,0.0,7.0495
3.00445,2026-05-05T21:32:50.738914+00:00,51.0776,1.3183,60.7687,20.2562,0.8473,0.0,2400.0,0.0,7.1777
3.5,2026-05-05T21:32:51.234171+00:00,51.6266,1.395,68.7824,18.2377,0.8473,0.0,2400.0,0.0,7.2403
4.0,2026-05-05T21:32:51.735237+00:00,52.1758,1.2631,74.9417,20.435,0.8473,0.0,2400.0,0.0,7.2709
4.5,2026-05-05T21:32:52.234351+00:00,52.8525,1.1617,79.6989,19.9256,0.8473,0.0,2400.0,0.0,7.2858
5.0,2026-05-05T21:32:52.745561+00:00,53.3725,1.1475,83.3553,15.3533,0.8473,0.0,2400.0,0.0,7.2419
5.500312,2026-05-05T21:32:53.249787+00:00,53.645,1.0092,86.2812,11.8391,0.8473,0.0,2400.0,0.0,7.2204
6.0,2026-05-05T21:32:53.734189+00:00,53.9817,0.9029,88.4839,9.2384,0.8473,0.0,2400.0,0.0,7.21
6.5,2026-05-05T21:32:54.234442+00:00,54.3677,0.7576,90.2,7.1392,0.8473,0.0,2400.0,0.0,7.2049
7.0,2026-05-05T21:32:54.734174+00:00,54.7917,0.7096,91.6347,5.5643,0.8473,0.0,2400.0,0.0,7.2024
7.5,2026-05-05T21:32:55.239019+00:00,55.1176,0.7363,92.7374,4.3462,0.8473,0.0,2400.0,0.0,7.2012
8.0,2026-05-05T21:32:55.734212+00:00,55.3681,0.6932,93.4923,3.379,0.8473,0.0,2400.0,0.0,7.2006
8.5,2026-05-05T21:32:56.234190+00:00,55.5606,0.5964,94.0957,2.6048,0.8473,0.0,2400.0,0.0,7.2515
9.0,2026-05-05T21:32:56.734369+00:00,55.7085,0.4584,94.6521,2.0561,0.8473,0.0,2400.0,0.0,7.2251
9.5,2026-05-05T21:32:57.234245+00:00,55.8223,0.3523,94.964,1.588,0.8473,0.0,2400.0,0.0,7.2123
10.0,2026-05-05T21:32:57.738401+00:00,56.0369,0.3344,95.3194,1.2283,0.8473,0.0,2400.0,0.0,7.206
10.5,2026-05-05T21:32:58.234456+00:00,56.3292,0.3843,95.3381,0.8669,0.8473,0.0,2400.0,0.0,7.2029
11.0,2026-05-05T21:32:58.734164+00:00,56.2993,0.2954,95.6069,0.7049,0.8473,0.0,2400.0,0.0,7.1502
11.5,2026-05-05T21:32:59.234734+00:00,56.4036,0.2907,95.6979,0.534,0.8473,0.0,2400.0,0.0,7.1245
12.0,2026-05-05T21:32:59.734225+00:00,56.7383,0.3507,95.8835,0.4105,0.8473,0.0,2400.0,0.0,7.0608
12.5,2026-05-05T21:33:00.240245+00:00,56.9955,0.3332,96.0262,0.3541,0.8473,0.0,2400.0,0.0,7.0297
13.0,2026-05-05T21:33:00.734348+00:00,57.066,0.3833,96.0201,0.2336,0.8473,0.0,2400.0,0.0,7.0145
13.5,2026-05-05T21:33:01.235736+00:00,57.1201,0.3583,96.1312,0.2644,0.8473,0.0,2400.0,0.0,7.0071
14.0,2026-05-05T21:33:01.734194+00:00,57.289,0.2754,96.1239,0.1723,0.8473,0.0,2400.0,0.0,7.0034
14.5,2026-05-05T21:33:02.234488+00:00,57.2916,0.148,96.3035,0.2019,0.8473,0.0,2400.0,0.0,7.0017
15.0,2026-05-05T21:33:02.738380+00:00,57.6753,0.3047,96.2564,0.1243,0.8473,0.0,2400.0,0.0,6.9496
15.5,2026-05-05T21:33:03.238691+00:00,57.7157,0.2978,96.3128,0.0955,0.8473,0.0,2400.0,0.0,6.9242
16.0,2026-05-05T21:33:03.734216+00:00,57.8741,0.2925,96.1247,0.0349,0.8473,0.0,2400.0,0.0,6.9118
16.5,2026-05-05T21:33:04.234422+00:00,57.7412,0.2248,96.2116,0.0268,0.8473,0.0,2400.0,0.0,6.9058
17.0,2026-05-05T21:33:04.734331+00:00,57.8937,0.1092,96.2783,0.0515,0.8473,0.0,2400.0,0.0,6.8516
17.5,2026-05-05T21:33:05.240114+00:00,58.1381,0.2112,96.3296,0.0087,0.8473,0.0,2400.0,0.0,6.8252
18.0,2026-05-05T21:33:05.734199+00:00,58.326,0.2259,96.1145,-0.0473,0.8473,0.0,2400.0,0.0,6.8123
18.5,2026-05-05T21:33:06.234447+00:00,58.2158,0.2373,96.1806,-0.0441,0.8473,0.0,2400.0,0.0,6.806
19.0,2026-05-05T21:33:06.734166+00:00,58.3857,0.246,96.2545,0.0433,0.8473,0.0,2400.0,0.0,6.7517
19.5,2026-05-05T21:33:07.234225+00:00,58.5163,0.1891,96.2882,0.0255,0.8473,0.0,2400.0,0.0,6.7252
20.0,2026-05-05T21:33:07.738170+00:00,58.6167,0.1453,96.1058,-0.0575,0.8473,0.0,2400.0,0.0,6.7123
20.5,2026-05-05T21:33:08.234215+00:00,58.6938,0.239,96.197,-0.0442,0.8473,0.0,2400.0,0.0,6.706
21.0,2026-05-05T21:33:08.734174+00:00,58.7531,0.1837,96.3828,0.0894,0.8473,0.0,2400.0,0.0,6.7029
21.5,2026-05-05T21:33:09.234273+00:00,58.9259,0.2048,96.2942,0.0379,0.8473,0.0,2400.0,0.0,6.7014
22.0,2026-05-05T21:33:09.734207+00:00,59.0588,0.2211,96.3187,0.0214,0.8473,0.0,2400.0,0.0,6.6495
22.5,2026-05-05T21:33:10.239020+00:00,59.0336,0.1699,96.3375,0.0165,0.8473,0.0,2400.0,0.0,6.6242
23.0,2026-05-05T21:33:10.734173+00:00,59.1415,0.1942,96.3751,0.0898,0.8473,0.0,2400.0,0.0,6.6118
23.5,2026-05-05T21:33:11.234227+00:00,59.0972,0.0856,96.3809,0.0613,0.8473,0.0,2400.0,0.0,6.6058
24.0,2026-05-05T21:33:11.735011+00:00,59.3177,0.1295,96.3853,0.0008,0.8473,0.0,2400.0,0.0,6.6028
24.5,2026-05-05T21:33:12.234181+00:00,59.3599,0.1631,96.4118,0.0392,0.8473,0.0,2400.0,0.0,6.6014
25.0,2026-05-05T21:33:12.740510+00:00,59.3923,0.1254,96.4322,0.0378,0.8473,0.0,2400.0,0.0,6.5495
25.5,2026-05-05T21:33:13.234287+00:00,59.4172,0.16,96.3322,-0.0018,0.8473,0.0,2400.0,0.0,6.5753
26.0,2026-05-05T21:33:13.734307+00:00,59.4364,0.0593,96.371,-0.0014,0.8473,0.0,2400.0,0.0,6.5368
26.5,2026-05-05T21:33:14.234492+00:00,59.4511,0.0456,96.1695,-0.0705,0.8473,0.0,2400.0,0.0,6.5691
27.0,2026-05-05T21:33:14.734203+00:00,59.4624,0.0351,96.246,-0.0464,0.8473,0.0,2400.0,0.0,6.5337
27.5,2026-05-05T21:33:15.240283+00:00,59.7257,0.1542,96.3047,-0.0357,0.8473,0.0,2400.0,0.0,6.5165
28.0,2026-05-05T21:33:15.734174+00:00,59.8007,0.1822,96.3731,-0.0197,0.8473,0.0,2400.0,0.0,6.508
28.5,2026-05-05T21:33:16.234190+00:00,60.1129,0.3309,96.4024,0.0234,0.8473,0.0,2400.0,0.0,6.5039
29.0,2026-05-05T21:33:16.734512+00:00,60.0984,0.318,96.5407,0.0566,0.8473,0.0,2400.0,0.0,6.5019
29.5,2026-05-05T21:33:17.234190+00:00,60.3417,0.308,96.5082,0.1129,0.8473,0.0,2400.0,0.0,6.5009
30.0,2026-05-05T21:33:17.739095+00:00,60.5288,0.364,96.5063,0.0868,0.8473,0.0,2400.0,0.0,6.5005
30.5,2026-05-05T21:33:18.234205+00:00,60.418,0.1525,96.3891,0.0281,0.8473,0.0,2400.0,0.0,6.5002
31.0,2026-05-05T21:33:18.734234+00:00,60.4601,0.1809,96.4148,0.0139,0.8473,0.0,2400.0,0.0,6.5001
31.5,2026-05-05T21:33:19.234194+00:00,60.747,0.2026,96.4576,0.0184,0.8473,0.0,2400.0,0.0,6.5001
32.0,2026-05-05T21:33:19.734170+00:00,60.713,0.0921,96.4443,-0.0321,0.8473,0.0,2400.0,0.0,6.5
32.5,2026-05-05T21:33:20.239818+00:00,60.6868,0.1344,96.4572,-0.017,0.8473,0.0,2400.0,0.0,6.5
33.0,2026-05-05T21:33:20.735271+00:00,60.794,0.167,96.5828,0.0255,0.8473,0.0,2400.0,0.0,6.5
33.5,2026-05-05T21:33:21.234218+00:00,60.8764,0.0647,96.4479,0.0196,0.8473,0.0,2400.0,0.0,6.5
34.0,2026-05-05T21:33:21.734161+00:00,60.8124,0.0497,96.5757,0.0536,0.8473,0.0,2400.0,0.0,6.4488
34.5,2026-05-05T21:33:22.234248+00:00,61.0178,0.1655,96.6739,0.0721,0.8473,0.0,2400.0,0.0,6.475
35.0,2026-05-05T21:33:22.742519+00:00,61.1757,0.1908,96.4948,0.0168,0.8473,0.0,2400.0,0.0,6.4878
35.5,2026-05-05T21:33:23.234179+00:00,61.1697,0.1467,96.5191,0.0207,0.8473,0.0,2400.0,0.0,6.494
36.0,2026-05-05T21:33:23.734190+00:00,61.1652,0.1764,96.6304,0.0159,0.8473,0.0,2400.0,0.0,6.4971
36.5,2026-05-05T21:33:24.235891+00:00,61.2889,0.1356,96.8316,0.1279,0.8473,0.0,2400.0,0.0,6.4986
37.0,2026-05-05T21:33:24.734208+00:00,61.384,0.1042,96.7318,0.052,0.8473,0.0,2400.0,0.0,6.4993
37.5,2026-05-05T21:33:25.238001+00:00,61.4572,0.1437,96.6781,0.0014,0.8473,0.0,2400.0,0.0,6.4997
38.0,2026-05-05T21:33:25.734166+00:00,61.3861,0.1105,96.7295,0.0782,0.8473,0.0,2400.0,0.0,6.4998
38.5,2026-05-05T21:33:26.234556+00:00,61.7133,0.2122,96.6764,0.0524,0.8473,0.0,2400.0,0.0,6.4999
39.0,2026-05-05T21:33:26.734179+00:00,61.5829,0.0994,96.6356,0.0017,0.8473,0.0,2400.0,0.0,6.5
39.5,2026-05-05T21:33:27.234329+00:00,61.61,0.0764,96.6042,-0.0758,0.8473,0.0,2400.0,0.0,6.5
40.0,2026-05-05T21:33:27.741214+00:00,61.6308,0.1224,96.6958,-0.012,0.8473,0.0,2400.0,0.0,6.5
40.5,2026-05-05T21:33:28.234322+00:00,61.5196,-0.0968,96.5116,-0.0555,0.8473,0.0,2400.0,0.0,6.5
41.0,2026-05-05T21:33:28.734187+00:00,61.4341,-0.0744,96.6246,-0.0349,0.8473,0.0,2400.0,0.0,6.5
41.5,2026-05-05T21:33:29.234214+00:00,61.7501,0.0701,96.5958,-0.0269,0.8473,0.0,2400.0,0.0,6.5
42.0,2026-05-05T21:33:29.735758+00:00,61.8658,0.1175,96.5736,-0.0206,0.8473,0.0,2400.0,0.0,6.5
42.5,2026-05-05T21:33:30.239705+00:00,61.8274,0.1539,96.5335,-0.0236,0.8473,0.0,2400.0,0.0,6.5
43.0,2026-05-05T21:33:30.734195+00:00,62.0525,0.3092,96.41,-0.0953,0.8473,0.0,2400.0,0.0,6.5
43.5,2026-05-05T21:33:31.235701+00:00,62.2255,0.2377,96.292,-0.0732,0.8473,0.0,2400.0,0.0,6.5
44.0,2026-05-05T21:33:31.734185+00:00,62.3584,0.2463,96.3401,-0.0948,0.8473,0.0,2400.0,0.0,6.5
44.5,2026-05-05T21:33:32.235907+00:00,62.5879,0.3802,96.2614,-0.1115,0.8473,0.0,2400.0,0.0,6.5
45.0,2026-05-05T21:33:32.747433+00:00,62.5097,0.2286,96.2009,-0.1242,0.8473,0.0,2400.0,0.0,6.5
45.5,2026-05-05T21:33:33.234374+00:00,62.3223,0.0484,96.1544,-0.1263,0.8473,0.0,2400.0,0.0,6.5
46.0,2026-05-05T21:33:33.734390+00:00,62.5601,0.1009,96.1418,-0.0894,0.8473,0.0,2400.0,0.0,6.5512
46.5,2026-05-05T21:33:34.234443+00:00,62.6156,0.0139,95.8776,-0.1381,0.8473,0.0,2400.0,0.0,6.5762
47.0,2026-05-05T21:33:34.734232+00:00,62.6583,0.0743,95.8828,-0.1524,0.8473,0.0,2400.0,0.0,6.5884
47.5,2026-05-05T21:33:35.239029+00:00,62.8184,0.248,96.0025,-0.0863,0.8473,0.0,2400.0,0.0,6.5943
48.0,2026-05-05T21:33:35.735256+00:00,62.9414,0.1906,95.9788,-0.0741,0.8473,0.0,2400.0,0.0,6.546
48.5,2026-05-05T21:33:36.234459+00:00,63.1632,0.2738,96.0994,-0.0184,0.8473,0.0,2400.0,0.0,6.5225
49.0,2026-05-05T21:33:36.734246+00:00,62.9519,0.1468,96.0532,-0.0295,0.8473,0.0,2400.0,0.0,6.511
49.5,2026-05-05T21:33:37.234193+00:00,63.1713,0.1765,96.1566,0.093,0.8473,0.0,2400.0,0.0,6.5053
50.0,2026-05-05T21:33:37.738077+00:00,63.0854,0.072,96.2129,0.11,0.8473,0.0,2400.0,0.0,6.5026
50.5,2026-05-05T21:33:38.234179+00:00,63.2739,0.0553,96.1405,0.046,0.8473,0.0,2400.0,0.0,6.5525
51.0,2026-05-05T21:33:38.735731+00:00,63.2915,0.1698,95.9923,0.0045,0.8473,0.0,2400.0,0.0,6.5256
51.5,2026-05-05T21:33:39.234199+00:00,63.305,0.0669,96.1098,0.0035,0.8473,0.0,2400.0,0.0,6.5125
52.0,2026-05-05T21:33:39.734164+00:00,63.4427,0.1787,95.9687,-0.0282,0.8473,0.0,2400.0,0.0,6.5061
52.5,2026-05-05T21:33:40.238463+00:00,63.4213,0.0737,96.0916,-0.0217,0.8473,0.0,2400.0,0.0,6.503
53.0,2026-05-05T21:33:40.734300+00:00,63.532,0.1203,96.0704,-0.0475,0.8473,0.0,2400.0,0.0,6.5015
53.5,2026-05-05T21:33:41.234179+00:00,63.7445,0.2197,96.0078,-0.0442,0.8473,0.0,2400.0,0.0,6.5007
54.0,2026-05-05T21:33:41.734360+00:00,63.7804,0.1689,96.006,0.0046,0.8473,0.0,2400.0,0.0,6.5003
54.5,2026-05-05T21:33:42.236101+00:00,63.8081,0.1934,96.1203,0.0035,0.8473,0.0,2400.0,0.0,6.5002
55.0,2026-05-05T21:33:42.740426+00:00,63.9566,0.2123,96.2082,0.0798,0.8473,0.0,2400.0,0.0,6.5001
55.5,2026-05-05T21:33:43.234195+00:00,63.9435,0.0995,96.0443,-0.0158,0.8473,0.0,2400.0,0.0,6.5
56.0,2026-05-05T21:33:43.734302+00:00,63.9335,0.0765,96.1266,0.0187,0.8473,0.0,2400.0,0.0,6.5
56.5,2026-05-05T21:33:44.234195+00:00,63.9257,0.0588,96.1899,0.0607,0.8473,0.0,2400.0,0.0,6.5512
57.0,2026-05-05T21:33:44.735080+00:00,63.9198,-0.0184,96.1228,0.0389,0.8473,0.0,2400.0,0.0,6.5762
57.5,2026-05-05T21:33:45.238091+00:00,64.0425,0.0495,96.0481,-0.0241,0.8473,0.0,2400.0,0.0,6.5884
58.0,2026-05-05T21:33:45.734217+00:00,64.1368,0.1017,96.0138,-0.0648,0.8473,0.0,2400.0,0.0,6.5943
58.5,2026-05-05T21:33:46.236261+00:00,64.2092,0.1418,95.9875,-0.0189,0.8473,0.0,2400.0,0.0,6.5972
59.000001,2026-05-05T21:33:46.736050+00:00,64.1377,0.109,96.1061,-0.0068,0.8473,0.0,2400.0,0.0,6.5986
59.5,2026-05-05T21:33:47.234260+00:00,64.0827,0.0201,95.9658,-0.0747,0.8473,0.0,2400.0,0.0,6.5993
60.0,2026-05-05T21:33:47.738930+00:00,64.295,0.0791,95.9737,-0.0497,0.8473,0.0,2400.0,0.0,6.5997
60.5,2026-05-05T21:33:48.234190+00:00,64.4581,0.1244,95.9798,-0.0228,0.8473,0.0,2400.0,0.0,6.8046
61.0,2026-05-05T21:33:48.734501+00:00,64.7108,0.2865,95.8456,-0.0561,0.8473,0.0,2400.0,0.0,6.9047
61.5,2026-05-05T21:33:49.234459+00:00,64.7777,0.3475,95.8814,-0.0354,0.8473,0.0,2400.0,0.0,6.9535
62.0,2026-05-05T21:33:49.734207+00:00,64.9564,0.3307,95.7931,-0.1043,0.8473,0.0,2400.0,0.0,6.9261
62.5,2026-05-05T21:33:50.239546+00:00,64.9665,0.2542,95.9336,-0.0108,0.8473,0.0,2400.0,0.0,6.9127
63.0,2026-05-05T21:33:50.734202+00:00,65.2288,0.259,95.9258,-0.016,0.8473,0.0,2400.0,0.0,6.855
63.5,2026-05-05T21:33:51.235321+00:00,65.3031,0.2627,95.943,-0.0123,0.8473,0.0,2400.0,0.0,6.8268
64.0,2026-05-05T21:33:51.734227+00:00,65.233,0.1383,95.9562,0.0368,0.8473,0.0,2400.0,0.0,6.7619
64.5,2026-05-05T21:33:52.234222+00:00,65.1791,0.1063,96.0589,0.0592,0.8473,0.0,2400.0,0.0,6.7302
65.0,2026-05-05T21:33:52.739367+00:00,65.2649,0.0181,96.0452,0.084,0.8473,0.0,2400.0,0.0,6.7147
65.5,2026-05-05T21:33:53.234465+00:00,65.2036,-0.0498,96.0348,0.0337,0.8473,0.0,2400.0,0.0,6.7072
66.000351,2026-05-05T21:33:53.735400+00:00,65.411,0.089,95.8879,-0.0126,0.8473,0.0,2400.0,0.0,6.6523
66.5,2026-05-05T21:33:54.234314+00:00,65.3159,0.0684,96.0295,0.0289,0.8473,0.0,2400.0,0.0,6.6255
67.0,2026-05-05T21:33:54.734178+00:00,65.3701,0.0526,95.907,-0.0164,0.8473,0.0,2400.0,0.0,6.6125
67.5,2026-05-05T21:33:55.238671+00:00,65.4117,0.1041,96.0211,-0.0126,0.8473,0.0,2400.0,0.0,6.6061
68.0,2026-05-05T21:33:55.734231+00:00,65.4437,0.0163,96.0162,-0.0097,0.8473,0.0,2400.0,0.0,6.603
68.5,2026-05-05T21:33:56.235716+00:00,65.4683,0.0762,96.0125,-0.0074,0.8473,0.0,2400.0,0.0,6.6014
69.0,2026-05-05T21:33:56.734214+00:00,65.6145,0.1222,96.1253,0.0791,0.8473,0.0,2400.0,0.0,6.6007
69.5,2026-05-05T21:33:57.234348+00:00,65.8541,0.2212,96.3508,0.1071,0.8473,0.0,2400.0,0.0,6.6003
70.0,2026-05-05T21:33:57.740778+00:00,65.6565,0.1064,96.3853,0.1594,0.8473,0.0,2400.0,0.0,6.549
70.5,2026-05-05T21:33:58.234174+00:00,65.6318,0.0818,96.5276,0.1688,0.8473,0.0,2400.0,0.0,6.5751
71.0,2026-05-05T21:33:58.734565+00:00,65.6129,-0.0008,96.6369,0.2069,0.8473,0.0,2400.0,0.0,6.5366
71.5,2026-05-05T21:33:59.235931+00:00,65.8529,-0.0006,96.6052,0.1976,0.8473,0.0,2400.0,0.0,6.5179
72.0,2026-05-05T21:33:59.734215+00:00,65.7828,0.0632,96.5577,0.1442,0.8473,0.0,2400.0,0.0,6.5087
72.5,2026-05-05T21:34:00.238674+00:00,65.7289,0.0485,96.6601,0.1031,0.8473,0.0,2400.0,0.0,6.5043
73.0,2026-05-05T21:34:00.734253+00:00,66.0693,0.2282,96.6462,0.0869,0.8473,0.0,2400.0,0.0,6.5021
73.5,2026-05-05T21:34:01.236082+00:00,66.331,0.239,96.6123,0.0283,0.8473,0.0,2400.0,0.0,6.501
74.0,2026-05-05T21:34:01.734195+00:00,66.2775,0.2474,96.4706,-0.0554,0.8473,0.0,2400.0,0.0,6.5005
74.5,2026-05-05T21:34:02.234241+00:00,66.491,0.381,96.4774,-0.0426,0.8473,0.0,2400.0,0.0,6.5002
75.0,2026-05-05T21:34:02.738670+00:00,66.4005,0.1656,96.2513,-0.1022,0.8473,0.0,2400.0,0.0,6.4489
75.5,2026-05-05T21:34:03.234338+00:00,66.331,0.0,96.3088,-0.1171,0.8473,0.0,2400.0,0.0,6.4751
76.0,2026-05-05T21:34:03.734181+00:00,66.5321,0.1273,96.1217,-0.1748,0.8473,0.0,2400.0,0.0,6.4366
76.5,2026-05-05T21:34:04.234349+00:00,66.6866,0.0978,96.2092,-0.1344,0.8473,0.0,2400.0,0.0,6.4179
77.0,2026-05-05T21:34:04.734246+00:00,66.6782,0.1388,96.1608,-0.1033,0.8473,0.0,2400.0,0.0,6.4087
77.5,2026-05-05T21:34:05.239658+00:00,66.6716,0.1703,96.1236,-0.118,0.8473,0.0,2400.0,0.0,6.4043
78.0,2026-05-05T21:34:05.734229+00:00,66.7939,0.1309,96.095,-0.0521,0.8473,0.0,2400.0,0.0,6.4021
78.5,2026-05-05T21:34:06.234178+00:00,66.8879,0.1006,96.073,-0.0786,0.8473,0.0,2400.0,0.0,6.401
79.0,2026-05-05T21:34:06.736043+00:00,66.8328,0.0773,96.1718,0.0167,0.8473,0.0,2400.0,0.0,6.4005
79.5,2026-05-05T21:34:07.234180+00:00,66.9178,0.1231,96.1552,-0.018,0.8473,0.0,2400.0,0.0,6.4002
80.0,2026-05-05T21:34:07.738244+00:00,66.7286,-0.0327,96.235,0.0247,0.8473,0.0,2400.0,0.0,6.3489
80.5,2026-05-05T21:34:08.234265+00:00,67.0922,0.1022,96.2963,0.0576,0.8473,0.0,2400.0,0.0,6.3751
81.0,2026-05-05T21:34:08.734265+00:00,67.2444,0.2058,96.3434,0.0828,0.8473,0.0,2400.0,0.0,6.3878
81.5,2026-05-05T21:34:09.234659+00:00,67.2341,0.1582,96.3797,0.1022,0.8473,0.0,2400.0,0.0,6.3941
82.0,2026-05-05T21:34:09.734218+00:00,67.3535,0.3125,96.4075,0.0786,0.8473,0.0,2400.0,0.0,6.3971
82.5,2026-05-05T21:34:10.238975+00:00,67.0634,-0.0144,96.4289,0.0912,0.8473,0.0,2400.0,0.0,6.3986
83.0,2026-05-05T21:34:10.734287+00:00,67.095,-0.0747,96.3297,0.0316,0.8473,0.0,2400.0,0.0,6.3993
83.5,2026-05-05T21:34:11.234287+00:00,67.1193,-0.0574,96.3691,0.0243,0.8473,0.0,2400.0,0.0,6.3997
84.0,2026-05-05T21:34:11.734319+00:00,67.2653,-0.0441,96.2837,-0.0199,0.8473,0.0,2400.0,0.0,6.3998
84.5,2026-05-05T21:34:12.234202+00:00,67.3774,0.157,96.3337,-0.0153,0.8473,0.0,2400.0,0.0,6.3999
85.0,2026-05-05T21:34:12.742639+00:00,67.5909,0.2479,96.2334,-0.058,0.8473,0.0,2400.0,0.0,6.3488
85.5,2026-05-05T21:34:13.234708+00:00,67.6277,0.2542,96.0868,-0.114,0.8473,0.0,2400.0,0.0,6.375
86.0,2026-05-05T21:34:13.734212+00:00,67.7833,0.259,96.0667,-0.0876,0.8473,0.0,2400.0,0.0,6.3878
86.5,2026-05-05T21:34:14.234170+00:00,67.9029,0.2627,96.167,-0.0674,0.8473,0.0,2400.0,0.0,6.394
87.0,2026-05-05T21:34:14.734176+00:00,67.7402,0.0747,96.1283,-0.0518,0.8473,0.0,2400.0,0.0,6.3971
87.5,2026-05-05T21:34:15.240152+00:00,67.7425,0.0574,96.2375,-0.0321,0.8473,0.0,2400.0,0.0,6.3986
88.0,2026-05-05T21:34:15.734169+00:00,67.7442,-0.0195,96.0668,-0.0555,0.8473,0.0,2400.0,0.0,6.3993
88.5,2026-05-05T21:34:16.234174+00:00,67.7456,-0.0786,96.1902,0.0345,0.8473,0.0,2400.0,0.0,6.3997
89.0,2026-05-05T21:34:16.735094+00:00,67.6193,-0.0605,96.0305,-0.0121,0.8473,0.0,2400.0,0.0,6.3998
89.5,2026-05-05T21:34:17.234397+00:00,67.6496,-0.0465,96.1391,-0.0093,0.8473,0.0,2400.0,0.0,6.3999
90.0,2026-05-05T21:34:17.739766+00:00,67.6728,-0.0357,96.1069,-0.0071,0.8473,0.0,2400.0,0.0,6.3488
90.5,2026-05-05T21:34:18.234353+00:00,67.5634,-0.0911,96.3136,0.0254,0.8473,0.0,2400.0,0.0,6.375
91.0,2026-05-05T21:34:18.734487+00:00,67.7338,0.0573,96.241,0.0581,0.8473,0.0,2400.0,0.0,6.3878
91.5,2026-05-05T21:34:19.234768+00:00,67.7376,0.044,96.0696,-0.0402,0.8473,0.0,2400.0,0.0,6.394
92.0,2026-05-05T21:34:19.734223+00:00,67.8677,0.0975,96.0535,0.0077,0.8473,0.0,2400.0,0.0,6.3459
92.5,2026-05-05T21:34:20.237646+00:00,67.8405,0.1385,96.0179,-0.0404,0.8473,0.0,2400.0,0.0,6.3736
93.0,2026-05-05T21:34:20.734200+00:00,67.9468,0.1065,96.1295,0.0075,0.8473,0.0,2400.0,0.0,6.3359
93.5,2026-05-05T21:34:21.234288+00:00,67.9013,0.0818,96.0995,-0.0714,0.8473,0.0,2400.0,0.0,6.3175
94.0,2026-05-05T21:34:21.734233+00:00,67.9935,0.0629,96.1922,-0.0163,0.8473,0.0,2400.0,0.0,6.3086
94.5,2026-05-05T21:34:22.234180+00:00,68.1917,0.1756,96.2634,0.0646,0.8473,0.0,2400.0,0.0,6.3042
95.0,2026-05-05T21:34:22.742083+00:00,68.2168,0.135,96.295,0.0805,0.8473,0.0,2400.0,0.0,6.302
95.5,2026-05-05T21:34:23.237074+00:00,68.6178,0.3583,96.3425,0.1082,0.8473,0.0,2400.0,0.0,6.3522
96.0,2026-05-05T21:34:23.734226+00:00,68.6716,0.339,96.2632,0.0446,0.8473,0.0,2400.0,0.0,6.3767
96.5,2026-05-05T21:34:24.234176+00:00,68.5856,0.1969,96.2023,0.0343,0.8473,0.0,2400.0,0.0,6.3374
97.0,2026-05-05T21:34:24.734201+00:00,68.774,0.2786,96.2712,0.0263,0.8473,0.0,2400.0,0.0,6.3183
97.5,2026-05-05T21:34:25.238025+00:00,68.7916,0.0869,96.0927,-0.0569,0.8473,0.0,2400.0,0.0,6.3089
98.0,2026-05-05T21:34:25.734247+00:00,68.9324,0.1304,96.0713,-0.0746,0.8473,0.0,2400.0,0.0,6.3555
98.5,2026-05-05T21:34:26.234210+00:00,69.0406,0.2275,96.0316,-0.1036,0.8473,0.0,2400.0,0.0,6.3783
99.0,2026-05-05T21:34:26.734421+00:00,68.8692,0.0476,96.14,-0.0411,0.8473,0.0,2400.0,0.0,6.3894
99.5,2026-05-05T21:34:27.234261+00:00,68.992,0.1002,96.1076,-0.0316,0.8473,0.0,2400.0,0.0,6.3948
100.0,2026-05-05T21:34:27.741142+00:00,68.7046,-0.1139,96.0827,-0.0628,0.8473,0.0,2400.0,0.0,6.3463
100.5,2026-05-05T21:34:28.234228+00:00,68.9928,-0.0239,96.0636,-0.0097,0.8473,0.0,2400.0,0.0,6.3738
101.0,2026-05-05T21:34:28.734199+00:00,68.9598,0.0453,96.2803,0.0697,0.8473,0.0,2400.0,0.0,6.336
101.5,2026-05-05T21:34:29.234215+00:00,69.1889,0.0984,96.0997,0.0227,0.8473,0.0,2400.0,0.0,6.3176
102.0,2026-05-05T21:34:29.734363+00:00,69.365,0.3302,96.1692,0.0097,0.8473,0.0,2400.0,0.0,6.3086
102.5,2026-05-05T21:34:30.242044+00:00,69.5004,0.2538,96.0143,-0.0311,0.8473,0.0,2400.0,0.0,6.3042
103.0,2026-05-05T21:34:30.734571+00:00,69.4772,0.2587,96.1267,0.0147,0.8473,0.0,2400.0,0.0,6.302
103.5,2026-05-05T21:34:31.234203+00:00,69.5866,0.1988,96.0974,0.0113,0.8473,0.0,2400.0,0.0,6.301
104.0,2026-05-05T21:34:31.734235+00:00,69.5434,0.0892,96.1906,-0.0299,0.8473,0.0,2400.0,0.0,6.3005
104.5,2026-05-05T21:34:32.235054+00:00,69.7648,0.1322,96.0308,-0.023,0.8473,0.0,2400.0,0.0,6.3002
105.0,2026-05-05T21:34:32.740015+00:00,69.6804,0.1016,95.9079,-0.0871,0.8473,0.0,2400.0,0.0,6.3001
105.5,2026-05-05T21:34:33.234222+00:00,69.7427,0.0781,95.9292,-0.0284,0.8473,0.0,2400.0,0.0,6.3513
106.0,2026-05-05T21:34:33.735034+00:00,69.6634,0.06,95.9456,-0.0604,0.8473,0.0,2400.0,0.0,6.325
106.5,2026-05-05T21:34:34.236377+00:00,69.857,0.0461,95.8656,-0.0773,0.8473,0.0,2400.0,0.0,6.3122
107.0,2026-05-05T21:34:34.734191+00:00,69.8785,0.0991,95.8736,-0.1057,0.8473,0.0,2400.0,0.0,6.306
107.5,2026-05-05T21:34:35.237958+00:00,70.0223,0.1398,96.1342,0.0345,0.8473,0.0,2400.0,0.0,6.3029
108.0,2026-05-05T21:34:35.734458+00:00,70.1329,0.2347,96.1032,0.0651,0.8473,0.0,2400.0,0.0,6.3014
108.5,2026-05-05T21:34:36.235953+00:00,70.3451,0.244,96.0793,0.05,0.8473,0.0,2400.0,0.0,6.3007
109.0,2026-05-05T21:34:36.734326+00:00,70.3809,0.2512,96.061,0.0384,0.8473,0.0,2400.0,0.0,6.3003
109.5,2026-05-05T21:34:37.234308+00:00,70.5358,0.2567,96.1625,0.099,0.8473,0.0,2400.0,0.0,6.3002
110.0,2026-05-05T21:34:37.739511+00:00,70.5275,0.1973,96.0092,0.0452,0.8473,0.0,2400.0,0.0,6.3001
110.5,2026-05-05T21:34:38.234191+00:00,70.6484,0.1517,96.1228,-0.0038,0.8473,0.0,2400.0,0.0,6.3
111.0,2026-05-05T21:34:38.734218+00:00,70.4868,0.0529,96.2101,0.0356,0.8473,0.0,2400.0,0.0,6.3
111.5,2026-05-05T21:34:39.234297+00:00,70.6171,0.0407,96.2772,0.066,0.8473,0.0,2400.0,0.0,6.3
112.0,2026-05-05T21:34:39.734209+00:00,70.8446,0.1585,96.3287,0.0893,0.8473,0.0,2400.0,0.0,6.3
112.5,2026-05-05T21:34:40.240001+00:00,70.6376,-0.0054,96.2527,0.03,0.8473,0.0,2400.0,0.0,6.3
113.0,2026-05-05T21:34:40.734297+00:00,70.733,0.1231,96.0785,0.0231,0.8473,0.0,2400.0,0.0,6.3
113.5,2026-05-05T21:34:41.234244+00:00,70.8063,0.0946,96.0603,-0.0208,0.8473,0.0,2400.0,0.0,6.3
114.0,2026-05-05T21:34:41.734219+00:00,70.8627,0.0091,96.1621,-0.016,0.8473,0.0,2400.0,0.0,6.3
114.5,2026-05-05T21:34:42.234241+00:00,70.7788,0.0706,96.0089,-0.0894,0.8473,0.0,2400.0,0.0,6.3
115.0,2026-05-05T21:34:42.739396+00:00,70.9688,0.1179,95.8911,-0.1459,0.8473,0.0,2400.0,0.0,6.3
115.5,2026-05-05T21:34:43.234203+00:00,70.8603,0.027,95.9163,-0.1121,0.8473,0.0,2400.0,0.0,6.3512
116.0,2026-05-05T21:34:43.734207+00:00,70.777,-0.0429,95.9357,-0.0476,0.8473,0.0,2400.0,0.0,6.3762
116.500001,2026-05-05T21:34:44.234429+00:00,70.9674,0.0943,96.0663,0.002,0.8473,0.0,2400.0,0.0,6.3884
117.0,2026-05-05T21:34:44.734242+00:00,70.8592,-0.0548,96.0509,-0.037,0.8473,0.0,2400.0,0.0,6.3431
117.5,2026-05-05T21:34:45.239696+00:00,70.9034,0.0215,96.0391,0.0101,0.8473,0.0,2400.0,0.0,6.321
118.0,2026-05-05T21:34:45.734196+00:00,71.0646,0.1438,96.1458,0.0849,0.8473,0.0,2400.0,0.0,6.4127
118.5,2026-05-05T21:34:46.234545+00:00,71.1885,0.1105,96.2278,0.1038,0.8473,0.0,2400.0,0.0,6.4062
119.0,2026-05-05T21:34:46.734176+00:00,71.2837,0.2122,96.2907,0.1184,0.8473,0.0,2400.0,0.0,6.403
119.5,2026-05-05T21:34:47.235876+00:00,71.2296,0.1631,96.3392,0.091,0.8473,0.0,2400.0,0.0,6.4015
120.0,2026-05-05T21:34:47.740546+00:00,71.3153,0.1254,96.2607,0.0699,0.8473,0.0,2400.0,0.0,6.4007
120.5,2026-05-05T21:34:48.234491+00:00,71.5085,0.16,96.0847,0.0152,0.8473,0.0,2400.0,0.0,6.4004
121.0,2026-05-05T21:34:48.734201+00:00,71.5297,0.123,96.1808,0.0117,0.8473,0.0,2400.0,0.0,6.4002
121.5,2026-05-05T21:34:49.234472+00:00,71.5459,0.1582,96.1389,-0.0296,0.8473,0.0,2400.0,0.0,6.4001
122.0,2026-05-05T21:34:49.734212+00:00,71.813,0.2488,96.1068,-0.0613,0.8473,0.0,2400.0,0.0,6.4
122.5,2026-05-05T21:34:50.238349+00:00,71.7637,0.1276,96.1978,-0.0471,0.8473,0.0,2400.0,0.0,6.4
123.0,2026-05-05T21:34:50.734210+00:00,71.7258,0.0981,96.2677,0.0023,0.8473,0.0,2400.0,0.0,6.3488
123.5,2026-05-05T21:34:51.234328+00:00,71.824,0.139,96.2058,0.0404,0.8473,0.0,2400.0,0.0,6.3238
124.0,2026-05-05T21:34:51.734216+00:00,71.8994,0.0432,96.1582,-0.0075,0.8473,0.0,2400.0,0.0,6.3116
124.5,2026-05-05T21:34:52.234256+00:00,71.8301,0.0332,96.2373,0.0328,0.8473,0.0,2400.0,0.0,6.3057
125.0,2026-05-05T21:34:52.738159+00:00,71.7769,0.0255,96.1824,0.0252,0.8473,0.0,2400.0,0.0,6.3028
125.5,2026-05-05T21:34:53.234305+00:00,71.9905,0.0833,96.2559,0.0194,0.8473,0.0,2400.0,0.0,6.3014
126.0,2026-05-05T21:34:53.734404+00:00,72.1547,0.1276,96.3124,0.0149,0.8473,0.0,2400.0,0.0,6.3007
126.5,2026-05-05T21:34:54.234218+00:00,72.0263,0.0981,96.1244,-0.0271,0.8473,0.0,2400.0,0.0,6.3003
127.000905,2026-05-05T21:34:54.735175+00:00,72.0549,0.139,95.8873,-0.0903,0.8473,0.0,2400.0,0.0,6.3002
127.5,2026-05-05T21:34:55.240842+00:00,72.0769,0.0432,96.006,-0.0771,0.8473,0.0,2400.0,0.0,6.3001
128.0,2026-05-05T21:34:55.734192+00:00,71.9666,-0.094,95.8889,-0.0978,0.8473,0.0,2400.0,0.0,6.3
128.5,2026-05-05T21:34:56.234208+00:00,72.1363,0.055,95.8915,-0.1215,0.8473,0.0,2400.0,0.0,6.3
129.0,2026-05-05T21:34:56.734174+00:00,72.2667,0.1059,96.0323,-0.0934,0.8473,0.0,2400.0,0.0,6.3
129.5,2026-05-05T21:34:57.234244+00:00,72.2397,0.0814,96.1405,0.0054,0.8473,0.0,2400.0,0.0,6.3
130.0,2026-05-05T21:34:57.739093+00:00,72.0917,0.0626,96.108,0.0736,0.8473,0.0,2400.0,0.0,6.3
130.5,2026-05-05T21:34:58.235099+00:00,72.2325,0.0481,95.9673,-0.0129,0.8473,0.0,2400.0,0.0,6.3
131.0,2026-05-05T21:34:58.736251+00:00,72.3406,0.037,95.8592,-0.0099,0.8473,0.0,2400.0,0.0,6.3
131.5,2026-05-05T21:34:59.234241+00:00,72.4238,0.092,95.8918,0.0001,0.8473,0.0,2400.0,0.0,6.3
132.0,2026-05-05T21:34:59.734218+00:00,72.3604,0.1344,95.9168,-0.0385,0.8473,0.0,2400.0,0.0,6.3
132.5,2026-05-05T21:35:00.239195+00:00,72.1845,-0.024,95.9361,-0.0681,0.8473,0.0,2400.0,0.0,6.3
133.0,2026-05-05T21:35:00.734495+00:00,72.3038,-0.0184,95.9509,-0.0524,0.8473,0.0,2400.0,0.0,6.3
133.5,2026-05-05T21:35:01.234238+00:00,72.3955,-0.0142,95.8465,-0.0403,0.8473,0.0,2400.0,0.0,6.3
134.0,2026-05-05T21:35:01.734381+00:00,72.5932,0.1164,95.882,0.0076,0.8473,0.0,2400.0,0.0,6.3
134.5,2026-05-05T21:35:02.234201+00:00,72.6179,0.2167,95.9093,0.0059,0.8473,0.0,2400.0,0.0,6.3
135.0,2026-05-05T21:35:02.742777+00:00,72.6369,0.1666,95.9303,0.0045,0.8473,0.0,2400.0,0.0,6.3
135.5,2026-05-05T21:35:03.234216+00:00,72.7788,0.1917,95.9464,0.0035,0.8473,0.0,2400.0,0.0,6.3
136.0,2026-05-05T21:35:03.734227+00:00,72.6333,0.02,96.0745,0.0412,0.8473,0.0,2400.0,0.0,6.3
136.5,2026-05-05T21:35:04.234471+00:00,72.776,0.079,96.173,0.1088,0.8473,0.0,2400.0,0.0,6.3
137.0,2026-05-05T21:35:04.734204+00:00,72.7584,0.0607,96.3644,0.1608,0.8473,0.0,2400.0,0.0,6.3
137.5,2026-05-05T21:35:05.241760+00:00,72.8722,0.0467,96.3957,0.1621,0.8473,0.0,2400.0,0.0,6.3
138.0,2026-05-05T21:35:05.734688+00:00,72.9596,0.1632,96.4199,0.1632,0.8473,0.0,2400.0,0.0,6.3
138.5,2026-05-05T21:35:06.234236+00:00,73.0268,0.1254,96.3227,0.1254,0.8473,0.0,2400.0,0.0,6.3
139.0,2026-05-05T21:35:06.734208+00:00,73.0784,0.16,96.4794,0.135,0.8473,0.0,2400.0,0.0,6.3
139.5,2026-05-05T21:35:07.234215+00:00,73.2454,0.1866,96.3685,0.0652,0.8473,0.0,2400.0,0.0,6.3
140.0,2026-05-05T21:35:07.740892+00:00,73.501,0.2707,96.3989,0.0115,0.8473,0.0,2400.0,0.0,6.3
140.5,2026-05-05T21:35:08.234298+00:00,73.5702,0.2717,96.4223,0.0089,0.8473,0.0,2400.0,0.0,6.3
141.0,2026-05-05T21:35:08.734791+00:00,73.4961,0.2088,96.3246,-0.0318,0.8473,0.0,2400.0,0.0,6.3
141.5,2026-05-05T21:35:09.234327+00:00,73.4392,0.0969,96.2495,-0.0244,0.8473,0.0,2400.0,0.0,6.3
142.0,2026-05-05T21:35:09.734179+00:00,73.6499,0.0745,96.3075,-0.0573,0.8473,0.0,2400.0,0.0,6.3
142.5,2026-05-05T21:35:10.241733+00:00,73.5574,-0.0064,96.2363,-0.0441,0.8473,0.0,2400.0,0.0,6.3
143.0,2026-05-05T21:35:10.734305+00:00,73.6135,0.0587,96.1585,-0.0801,0.8473,0.0,2400.0,0.0,6.3512
143.5,2026-05-05T21:35:11.234900+00:00,73.5294,0.0451,96.2375,-0.0616,0.8473,0.0,2400.0,0.0,6.3762
144.0,2026-05-05T21:35:11.734192+00:00,73.7193,0.0347,96.2983,-0.0088,0.8473,0.0,2400.0,0.0,6.3884
144.5,2026-05-05T21:35:12.234535+00:00,73.6107,0.0267,96.4606,0.0704,0.8473,0.0,2400.0,0.0,6.3943
145.0,2026-05-05T21:35:12.738403+00:00,73.6545,0.0205,96.354,0.0155,0.8473,0.0,2400.0,0.0,6.346
145.5,2026-05-05T21:35:13.234208+00:00,73.8154,0.143,96.3647,0.0428,0.8473,0.0,2400.0,0.0,6.3737
146.0,2026-05-05T21:35:13.734423+00:00,73.6846,-0.0173,96.2803,0.0406,0.8473,0.0,2400.0,0.0,6.3871
146.5,2026-05-05T21:35:14.234468+00:00,73.7113,0.0503,96.1923,-0.0151,0.8473,0.0,2400.0,0.0,6.3937
147.0,2026-05-05T21:35:14.734312+00:00,73.8591,0.1023,96.1478,-0.0502,0.8473,0.0,2400.0,0.0,6.3969
147.5,2026-05-05T21:35:15.239914+00:00,73.8454,0.015,96.2293,-0.0771,0.8473,0.0,2400.0,0.0,6.3985
148.0,2026-05-05T21:35:15.734206+00:00,74.0895,0.2024,95.9448,-0.1364,0.8473,0.0,2400.0,0.0,6.3993
148.5,2026-05-05T21:35:16.234250+00:00,74.0225,0.1556,95.9576,-0.1357,0.8473,0.0,2400.0,0.0,6.3484
149.0,2026-05-05T21:35:16.734338+00:00,73.971,0.0559,96.1063,-0.058,0.8473,0.0,2400.0,0.0,6.3236
149.5,2026-05-05T21:35:17.234230+00:00,73.8042,-0.0206,95.966,-0.0754,0.8473,0.0,2400.0,0.0,6.3115
150.0,2026-05-05T21:35:17.739606+00:00,73.9305,-0.0795,95.9738,-0.058,0.8473,0.0,2400.0,0.0,6.3056
150.5,2026-05-05T21:35:18.235362+00:00,74.0275,0.0025,96.0956,-0.0446,0.8473,0.0,2400.0,0.0,6.3539
151.0,2026-05-05T21:35:18.734198+00:00,74.3567,0.1929,96.0735,0.0429,0.8473,0.0,2400.0,0.0,6.3263
151.5,2026-05-05T21:35:19.234873+00:00,74.2279,0.2119,96.0565,0.033,0.8473,0.0,2400.0,0.0,6.3128
152.0,2026-05-05T21:35:19.734238+00:00,74.2561,0.1628,96.0434,-0.0209,0.8473,0.0,2400.0,0.0,6.3063
152.5,2026-05-05T21:35:20.237762+00:00,74.2779,0.1252,96.1491,0.061,0.8473,0.0,2400.0,0.0,6.3031
153.0,2026-05-05T21:35:20.734198+00:00,74.4218,0.0326,96.0914,0.0392,0.8473,0.0,2400.0,0.0,6.3015
153.5,2026-05-05T21:35:21.234206+00:00,74.4052,0.0887,96.186,0.0301,0.8473,0.0,2400.0,0.0,6.3007
154.0,2026-05-05T21:35:21.734301+00:00,74.3924,0.0681,96.1429,0.0232,0.8473,0.0,2400.0,0.0,6.3004
154.5,2026-05-05T21:35:22.236081+00:00,74.3826,0.0524,96.2256,0.0564,0.8473,0.0,2400.0,0.0,6.3002
155.0,2026-05-05T21:35:22.742283+00:00,74.5023,0.0403,96.0577,0.0048,0.8473,0.0,2400.0,0.0,6.3001
155.5,2026-05-05T21:35:23.234221+00:00,74.2125,-0.0963,96.16,0.0037,0.8473,0.0,2400.0,0.0,6.3
156.0,2026-05-05T21:35:23.734322+00:00,74.3716,-0.0104,96.123,0.0105,0.8473,0.0,2400.0,0.0,6.3
156.5,2026-05-05T21:35:24.234372+00:00,74.3666,-0.008,96.0945,-0.0305,0.8473,0.0,2400.0,0.0,6.3
157.0,2026-05-05T21:35:24.734217+00:00,74.3628,-0.0698,96.1884,0.0151,0.8473,0.0,2400.0,0.0,6.3
157.5,2026-05-05T21:35:25.239444+00:00,74.4871,0.1373,96.2605,0.0116,0.8473,0.0,2400.0,0.0,6.3
158.0,2026-05-05T21:35:25.734321+00:00,74.7099,0.1691,96.2002,0.0475,0.8473,0.0,2400.0,0.0,6.3
158.5,2026-05-05T21:35:26.234698+00:00,74.6266,0.13,96.0382,-0.0406,0.8473,0.0,2400.0,0.0,6.3
159.0,2026-05-05T21:35:26.734298+00:00,74.4353,0.0363,96.0293,-0.0312,0.8473,0.0,2400.0,0.0,6.3
159.5,2026-05-05T21:35:27.234240+00:00,74.5429,0.0279,96.0226,-0.024,0.8473,0.0,2400.0,0.0,6.3
160.0,2026-05-05T21:35:27.740224+00:00,74.88,0.0851,95.9016,-0.0956,0.8473,0.0,2400.0,0.0,6.2488
160.5,2026-05-05T21:35:28.234211+00:00,75.0119,0.1927,95.9244,-0.112,0.8473,0.0,2400.0,0.0,6.275
161.0,2026-05-05T21:35:28.734194+00:00,75.1133,0.339,96.0576,-0.0475,0.8473,0.0,2400.0,0.0,6.2878
161.5,2026-05-05T21:35:29.234301+00:00,74.9367,0.1969,96.1368,0.0329,0.8473,0.0,2400.0,0.0,6.294
162.0,2026-05-05T21:35:29.734593+00:00,75.1827,0.1513,96.1052,0.0253,0.8473,0.0,2400.0,0.0,6.2971
162.5,2026-05-05T21:35:30.239594+00:00,75.2446,0.1163,96.0577,0.0117,0.8473,0.0,2400.0,0.0,6.2986
163.0,2026-05-05T21:35:30.734205+00:00,75.1648,0.0258,96.0443,0.0476,0.8473,0.0,2400.0,0.0,6.2993
163.5,2026-05-05T21:35:31.234207+00:00,75.2308,0.1471,95.8027,-0.0406,0.8473,0.0,2400.0,0.0,6.2997
164.0,2026-05-05T21:35:31.734201+00:00,75.4088,0.113,95.7326,-0.1083,0.8473,0.0,2400.0,0.0,6.2998
164.5,2026-05-05T21:35:32.234190+00:00,75.1638,-0.0404,95.7945,-0.1141,0.8473,0.0,2400.0,0.0,6.2999
165.0,2026-05-05T21:35:32.741089+00:00,75.23,0.0326,95.8421,-0.0877,0.8473,0.0,2400.0,0.0,6.3
165.5,2026-05-05T21:35:33.234374+00:00,75.2809,0.0251,95.8786,-0.0597,0.8473,0.0,2400.0,0.0,6.3
166.0,2026-05-05T21:35:33.735094+00:00,75.5746,0.0829,96.0224,-0.0073,0.8473,0.0,2400.0,0.0,6.3
166.5,2026-05-05T21:35:34.234312+00:00,75.5458,0.191,95.9015,0.0329,0.8473,0.0,2400.0,0.0,6.3
167.0,2026-05-05T21:35:34.734236+00:00,75.6509,0.2104,95.9243,0.0639,0.8473,0.0,2400.0,0.0,6.3
167.5,2026-05-05T21:35:35.239025+00:00,75.6044,0.1617,96.0344,0.08,0.8473,0.0,2400.0,0.0,6.3
168.0,2026-05-05T21:35:35.734528+00:00,75.6959,0.0607,96.0264,0.0615,0.8473,0.0,2400.0,0.0,6.3
168.5,2026-05-05T21:35:36.234419+00:00,75.639,0.0466,96.0203,0.0472,0.8473,0.0,2400.0,0.0,6.3
169.0,2026-05-05T21:35:36.735476+00:00,75.5953,-0.0278,95.9925,-0.01,0.8473,0.0,2400.0,0.0,6.3
169.5,2026-05-05T21:35:37.234226+00:00,75.5617,-0.0214,95.9942,0.0309,0.8473,0.0,2400.0,0.0,6.3
170.0,2026-05-05T21:35:37.743891+00:00,75.5358,-0.0801,96.0187,0.0315,0.8473,0.0,2400.0,0.0,6.3
170.5,2026-05-05T21:35:38.234338+00:00,75.516,-0.0615,96.1301,0.0319,0.8473,0.0,2400.0,0.0,6.3
171.0,2026-05-05T21:35:38.734233+00:00,75.628,0.0163,96.1,0.0245,0.8473,0.0,2400.0,0.0,6.3
171.5,2026-05-05T21:35:39.234524+00:00,75.8413,0.1398,96.0768,0.0188,0.8473,0.0,2400.0,0.0,6.3
172.0,2026-05-05T21:35:39.734344+00:00,75.878,0.1711,96.1748,0.0608,0.8473,0.0,2400.0,0.0,6.3
172.5,2026-05-05T21:35:40.238068+00:00,75.9063,0.1951,96.25,0.0853,0.8473,0.0,2400.0,0.0,6.3
173.0,2026-05-05T21:35:40.734328+00:00,75.928,0.15,96.1922,0.0578,0.8473,0.0,2400.0,0.0,6.3
173.5,2026-05-05T21:35:41.234211+00:00,75.9446,0.0516,96.2634,0.0444,0.8473,0.0,2400.0,0.0,6.3
174.0,2026-05-05T21:35:41.734225+00:00,75.8302,-0.0239,96.0867,-0.0044,0.8473,0.0,2400.0,0.0,6.3
174.5,2026-05-05T21:35:42.234205+00:00,75.8695,-0.0184,96.1824,0.0352,0.8473,0.0,2400.0,0.0,6.3
175.0,2026-05-05T21:35:42.739308+00:00,76.0269,0.0495,96.3716,0.0656,0.8473,0.0,2400.0,0.0,6.3
175.5,2026-05-05T21:35:43.235249+00:00,76.0207,0.038,96.4013,0.0504,0.8473,0.0,2400.0,0.0,6.3
176.000001,2026-05-05T21:35:43.734291+00:00,76.1432,0.1565,96.4241,0.0773,0.8473,0.0,2400.0,0.0,6.3
176.5,2026-05-05T21:35:44.234292+00:00,76.2373,0.1839,96.4417,0.0594,0.8473,0.0,2400.0,0.0,6.3
177.0,2026-05-05T21:35:44.734197+00:00,76.3097,0.1414,96.4552,0.1228,0.8473,0.0,2400.0,0.0,6.3
177.5,2026-05-05T21:35:45.240537+00:00,76.3653,0.1723,96.4656,0.0944,0.8473,0.0,2400.0,0.0,6.3
178.0,2026-05-05T21:35:45.734230+00:00,76.2808,0.0688,96.3578,-0.0046,0.8473,0.0,2400.0,0.0,6.3
178.5,2026-05-05T21:35:46.234203+00:00,76.3431,0.0529,96.3907,-0.0035,0.8473,0.0,2400.0,0.0,6.3
179.0,2026-05-05T21:35:46.734372+00:00,76.6455,0.1679,96.3003,-0.0413,0.8473,0.0,2400.0,0.0,6.3
179.5,2026-05-05T21:35:47.234220+00:00,76.7507,0.1927,96.3465,-0.0317,0.8473,0.0,2400.0,0.0,6.3
180.0,2026-05-05T21:35:47.740150+00:00,76.8315,0.2754,96.382,-0.0244,0.8473,0.0,2400.0,0.0,6.3
180.5,2026-05-05T21:35:48.234550+00:00,76.7664,0.2116,96.2936,-0.0573,0.8473,0.0,2400.0,0.0,6.3
181.0,2026-05-05T21:35:48.734203+00:00,76.8436,0.099,96.3414,-0.0055,0.8473,0.0,2400.0,0.0,6.3
181.5,2026-05-05T21:35:49.234499+00:00,76.6484,-0.0511,96.2624,-0.0428,0.8473,0.0,2400.0,0.0,6.3
182.0,2026-05-05T21:35:49.734204+00:00,76.7529,-0.0393,96.3174,0.0057,0.8473,0.0,2400.0,0.0,6.3
182.5,2026-05-05T21:35:50.238720+00:00,76.8332,0.0334,96.2439,-0.0342,0.8473,0.0,2400.0,0.0,6.3
183.0,2026-05-05T21:35:50.734221+00:00,76.7677,-0.0379,96.4189,0.0123,0.8473,0.0,2400.0,0.0,6.3
183.5,2026-05-05T21:35:51.234302+00:00,77.0991,0.2254,96.322,0.0094,0.8473,0.0,2400.0,0.0,6.3
184.0,2026-05-05T21:35:51.734441+00:00,77.2266,0.2369,96.3632,0.0073,0.8473,0.0,2400.0,0.0,6.3
184.5,2026-05-05T21:35:52.234198+00:00,77.3246,0.2457,96.2791,0.0056,0.8473,0.0,2400.0,0.0,6.3
185.0,2026-05-05T21:35:52.827739+00:00,77.5271,0.3797,96.3302,0.0043,0.8473,0.0,2400.0,0.0,6.3
185.5,2026-05-05T21:35:53.234744+00:00,77.5556,0.2282,96.3695,0.0419,0.8473,0.0,2400.0,0.0,6.3
186.0,2026-05-05T21:35:53.734458+00:00,77.4502,0.1118,96.3997,-0.0064,0.8473,0.0,2400.0,0.0,6.3
186.5,2026-05-05T21:35:54.234515+00:00,77.4964,0.0859,96.3072,-0.0049,0.8473,0.0,2400.0,0.0,6.3
187.0,2026-05-05T21:35:54.734223+00:00,77.2774,-0.1249,96.3287,-0.0115,0.8473,0.0,2400.0,0.0,6.3
187.5,2026-05-05T21:35:55.237665+00:00,77.3636,-0.096,96.3683,0.0297,0.8473,0.0,2400.0,0.0,6.3
188.0,2026-05-05T21:35:55.734411+00:00,77.3026,-0.0738,96.3988,0.0229,0.8473,0.0,2400.0,0.0,6.2488
188.5,2026-05-05T21:35:56.234321+00:00,77.383,-0.0567,96.4222,0.0176,0.8473,0.0,2400.0,0.0,6.2238
189.0,2026-05-05T21:35:56.734228+00:00,77.4448,0.0837,96.4402,0.0135,0.8473,0.0,2400.0,0.0,6.2116
189.5,2026-05-05T21:35:57.234887+00:00,77.365,0.0007,96.454,0.0489,0.8473,0.0,2400.0,0.0,6.2057
190.0,2026-05-05T21:35:57.740305+00:00,77.431,0.0642,96.349,0.0068,0.8473,0.0,2400.0,0.0,6.2028
190.5,2026-05-05T21:35:58.234306+00:00,77.3544,-0.0143,96.3839,0.0052,0.8473,0.0,2400.0,0.0,6.2526
191.0,2026-05-05T21:35:58.734219+00:00,77.55,0.0526,96.4108,0.004,0.8473,0.0,2400.0,0.0,6.2768
191.5,2026-05-05T21:35:59.234483+00:00,77.4459,0.0405,96.2,-0.0741,0.8473,0.0,2400.0,0.0,6.2887
192.0,2026-05-05T21:35:59.735339+00:00,77.4931,0.0311,96.1537,-0.0955,0.8473,0.0,2400.0,0.0,6.2945
192.5,2026-05-05T21:36:00.239338+00:00,77.4022,0.0239,96.1182,-0.112,0.8473,0.0,2400.0,0.0,6.2973
193.0,2026-05-05T21:36:00.734512+00:00,77.3322,-0.1089,96.0908,-0.0861,0.8473,0.0,2400.0,0.0,6.2987
193.5,2026-05-05T21:36:01.234825+00:00,77.533,0.0436,96.0698,-0.1047,0.8473,0.0,2400.0,0.0,6.2994
194.0,2026-05-05T21:36:01.734295+00:00,77.6874,0.0971,96.0537,-0.119,0.8473,0.0,2400.0,0.0,6.2997
194.5,2026-05-05T21:36:02.234221+00:00,77.9333,0.2656,96.0412,-0.0529,0.8473,0.0,2400.0,0.0,6.2998
195.0,2026-05-05T21:36:02.738704+00:00,77.4859,0.0768,96.1474,-0.0021,0.8473,0.0,2400.0,0.0,6.2999
195.5,2026-05-05T21:36:03.234459+00:00,77.5239,-0.0046,96.1133,-0.0016,0.8473,0.0,2400.0,0.0,6.3
196.0,2026-05-05T21:36:03.734213+00:00,77.6803,-0.0035,96.0871,-0.0013,0.8473,0.0,2400.0,0.0,6.3
196.5,2026-05-05T21:36:04.234446+00:00,77.9279,-0.0027,96.0669,-0.001,0.8473,0.0,2400.0,0.0,6.3
197.0,2026-05-05T21:36:04.734221+00:00,78.1181,0.3161,96.1671,0.0378,0.8473,0.0,2400.0,0.0,6.3
197.5,2026-05-05T21:36:05.238947+00:00,77.5007,-0.0116,96.1285,0.0291,0.7899,-0.0574,1868.91,-531.09,6.3
198.0,2026-05-05T21:36:05.734472+00:00,77.0262,-0.3271,96.3301,0.0609,0.7663,-0.081,1651.2162,-748.7838,6.3
198.5,2026-05-05T21:36:06.234326+00:00,76.5342,-0.6968,96.4851,0.124,0.7567,-0.0332,1561.9835,-306.9265,6.3
199.0,2026-05-05T21:36:06.734328+00:00,76.0288,-1.0447,96.234,0.049,0.7527,-0.0136,1525.407,-125.8092,6.3
199.5,2026-05-05T21:36:07.234352+00:00,75.7676,-0.8666,96.2956,0.0762,0.7511,-0.0056,1510.4143,-51.5692,6.3
200.0,2026-05-05T21:36:07.740269+00:00,75.3123,-0.857,96.3429,0.0586,0.7505,-0.0023,1504.2688,-21.1382,6.2488
200.500008,2026-05-05T21:36:08.234413+00:00,74.9623,-0.7859,96.4024,0.0913,0.7502,-0.0009,1501.7498,-8.6646,6.275
201.0,2026-05-05T21:36:08.734570+00:00,74.8206,-0.6041,96.425,0.0316,0.7501,-0.0004,1500.7172,-3.5516,6.339
201.5,2026-05-05T21:36:09.234457+00:00,74.5845,-0.5916,96.5349,0.0166,0.75,-0.0002,1500.294,-1.4558,6.3702
202.0,2026-05-05T21:36:09.734351+00:00,74.2757,-0.5183,96.4111,0.059,0.75,-0.0001,1500.1205,-0.5967,6.3855
202.5,2026-05-05T21:36:10.238881+00:00,74.1656,-0.3984,96.6399,0.1148,0.75,-0.0,1500.0494,-0.2446,6.3929
203.0,2026-05-05T21:36:10.734370+00:00,73.9537,-0.4335,96.6076,0.0882,0.75,-0.0,1500.0202,-0.1003,6.3965
203.5,2026-05-05T21:36:11.234337+00:00,73.6636,-0.4604,96.4901,0.0292,0.75,-0.0,1500.0083,-0.0411,6.3983
204.0,2026-05-05T21:36:11.734383+00:00,73.4406,-0.4175,96.6081,0.061,0.75,-0.0,1500.0034,-0.0168,6.348
204.5,2026-05-05T21:36:12.234357+00:00,73.2693,-0.4482,96.4674,-0.0225,0.75,-0.0,1500.0014,-0.0069,6.3234
205.0,2026-05-05T21:36:12.742302+00:00,73.1375,-0.4081,96.4518,0.0136,0.75,-0.0,1500.0006,-0.0028,6.3114
205.5,2026-05-05T21:36:13.234379+00:00,73.1636,-0.25,96.3472,-0.0976,0.75,-0.0,1500.0002,-0.0012,6.3056
206.0,2026-05-05T21:36:13.734556+00:00,73.1836,-0.1285,96.3826,-0.075,0.75,-0.0,1500.0001,-0.0005,6.3027
206.5,2026-05-05T21:36:14.234961+00:00,73.0717,-0.0988,96.4098,-0.0268,0.75,-0.0,1500.0,-0.0002,6.3013
207.0,2026-05-05T21:36:14.734321+00:00,72.9857,-0.0759,96.4306,-0.0592,0.75,-0.0,1500.0,-0.0001,6.3006
207.5,2026-05-05T21:36:15.245266+00:00,73.0468,-0.0584,96.5624,0.0317,0.75,-0.0,1500.0,-0.0,6.3003
208.0,2026-05-05T21:36:15.735085+00:00,73.2211,0.0188,96.548,0.0321,0.75,-0.0,1500.0,-0.0,6.3002
208.5,2026-05-05T21:36:16.234348+00:00,73.1005,0.0144,96.5369,0.0632,0.75,-0.0,1500.0,-0.0,6.3001
209.0,2026-05-05T21:36:16.734382+00:00,72.8806,-0.0525,96.5283,0.0486,0.75,-0.0,1500.0,-0.0,6.3
209.5,2026-05-05T21:36:17.235326+00:00,72.8388,-0.104,96.6375,0.0759,0.75,-0.0,1500.0,-0.0,6.3
210.0,2026-05-05T21:36:17.741403+00:00,73.0612,-0.0799,96.5131,0.0275,0.75,-0.0,1500.0,-0.0,6.3
210.5,2026-05-05T21:36:18.234417+00:00,73.1049,0.0022,96.6258,0.0211,0.75,-0.0,1500.0,-0.0,6.3
211.0,2026-05-05T21:36:18.735439+00:00,72.8839,0.0017,96.7124,0.0548,0.75,-0.0,1500.0,-0.0,6.3
211.5,2026-05-05T21:36:19.234298+00:00,72.8414,0.0013,96.5244,-0.0042,0.75,-0.0,1500.0,-0.0,6.3
212.0,2026-05-05T21:36:19.734328+00:00,72.8087,-0.1263,96.7501,0.0739,0.75,-0.0,1500.0,-0.0,6.3
212.5,2026-05-05T21:36:20.246850+00:00,72.9108,-0.0971,96.9237,0.0954,0.75,-0.0,1500.0,-0.0,6.3
213.0,2026-05-05T21:36:20.734343+00:00,72.9893,0.0527,96.9413,0.1427,0.75,-0.0,1500.0,-0.0,6.3
213.5,2026-05-05T21:36:21.234929+00:00,73.0496,0.1041,97.1863,0.1868,0.75,-0.0,1500.0,-0.0,6.3
214.0,2026-05-05T21:36:21.734360+00:00,73.096,0.1437,97.2589,0.1822,0.75,-0.0,1500.0,-0.0,6.3
214.5,2026-05-05T21:36:22.234341+00:00,73.1316,0.1104,97.3147,0.2634,0.75,-0.0,1500.0,-0.0,6.3
215.0,2026-05-05T21:36:22.739824+00:00,73.0317,0.0212,97.4733,0.241,0.75,-0.0,1500.0,-0.0,6.3
215.5,2026-05-05T21:36:23.234321+00:00,72.8277,-0.111,97.3638,0.1467,0.75,-0.0,1500.0,-0.0,6.3512
216.0,2026-05-05T21:36:23.734338+00:00,72.6709,-0.2125,97.511,0.1899,0.75,-0.0,1500.0,-0.0,6.3762
216.5,2026-05-05T21:36:24.235030+00:00,72.6776,-0.227,97.3927,0.0688,0.75,-0.0,1500.0,-0.0,6.3884
217.0,2026-05-05T21:36:24.734330+00:00,72.6828,-0.1745,97.2787,0.0066,0.75,-0.0,1500.0,-0.0,6.3431
217.5,2026-05-05T21:36:25.242502+00:00,72.6868,-0.0705,97.3068,-0.0026,0.75,0.0,1500.0,-0.0,6.321
218.0,2026-05-05T21:36:25.736780+00:00,72.4353,-0.1178,97.2358,-0.0792,0.75,0.0,1500.0,-0.0,6.3103
218.5,2026-05-05T21:36:26.234329+00:00,72.3693,-0.1542,97.1812,-0.0608,0.75,0.0,1500.0,-0.0,6.305
219.0,2026-05-05T21:36:26.734681+00:00,72.4458,-0.1185,97.3707,-0.0468,0.75,0.0,1500.0,0.0,6.3024
219.500015,2026-05-05T21:36:27.234456+00:00,72.2501,-0.2183,97.3081,-0.0282,0.75,0.0,1500.0,0.0,6.3012
220.0,2026-05-05T21:36:27.740511+00:00,72.2269,-0.1042,97.2368,-0.014,0.75,0.0,1500.0,0.0,6.3006
220.5,2026-05-05T21:36:28.234875+00:00,72.3364,-0.0164,97.2977,-0.003,0.75,0.0,1500.0,0.0,6.3003
221.0,2026-05-05T21:36:28.734299+00:00,72.4205,-0.0126,97.3445,0.0362,0.75,0.0,1500.0,0.0,6.3001
221.5,2026-05-05T21:36:29.234309+00:00,72.4852,0.1176,97.3805,0.0664,0.75,0.0,1500.0,0.0,6.3001
222.0,2026-05-05T21:36:29.736304+00:00,72.4076,0.0904,97.4081,0.0125,0.75,0.0,1500.0,0.0,6.3
222.5,2026-05-05T21:36:30.239039+00:00,72.4753,0.0694,97.3137,0.0019,0.75,0.0,1500.0,0.0,6.3
223.0,2026-05-05T21:36:30.734520+00:00,72.5273,0.0534,97.2411,0.0014,0.75,0.0,1500.0,0.0,6.3
223.5,2026-05-05T21:36:31.236297+00:00,72.3127,-0.0862,97.0465,-0.0837,0.75,0.0,1500.0,0.0,6.3
224.0,2026-05-05T21:36:31.734327+00:00,72.2751,-0.0663,97.0357,-0.1029,0.75,0.0,1500.0,0.0,6.3
224.5,2026-05-05T21:36:32.234398+00:00,72.2461,-0.1146,97.0275,-0.1177,0.75,0.0,1500.0,0.0,6.3
225.0,2026-05-05T21:36:32.743808+00:00,72.3511,-0.0881,97.0211,-0.129,0.75,0.0,1500.0,0.0,6.2488
225.5,2026-05-05T21:36:33.234381+00:00,72.3046,-0.0041,96.8774,-0.1454,0.75,0.0,1500.0,0.0,6.275
226.0,2026-05-05T21:36:33.734306+00:00,72.1416,-0.0668,96.9058,-0.1118,0.75,0.0,1500.0,0.0,6.2878
226.5,2026-05-05T21:36:34.234364+00:00,72.1435,-0.0513,96.9276,-0.0396,0.75,0.0,1500.0,0.0,6.294
227.0,2026-05-05T21:36:34.734392+00:00,72.145,-0.1031,96.9443,-0.0305,0.75,0.0,1500.0,0.0,6.2971
227.5,2026-05-05T21:36:35.243567+00:00,72.2734,-0.0156,96.8415,-0.062,0.75,0.0,1500.0,0.0,6.2986
228.001075,2026-05-05T21:36:35.735432+00:00,72.2449,0.0517,96.7625,-0.0862,0.75,0.0,1500.0,0.0,6.2993
228.5,2026-05-05T21:36:36.234412+00:00,72.2229,0.0397,96.7943,-0.0277,0.75,0.0,1500.0,0.0,6.2997
229.0,2026-05-05T21:36:36.734466+00:00,72.3333,0.0942,96.865,-0.0136,0.75,0.0,1500.0,0.0,6.2998
229.5,2026-05-05T21:36:37.234340+00:00,72.1636,-0.0549,96.7574,-0.0567,0.75,0.0,1500.0,0.0,6.2999
230.0,2026-05-05T21:36:37.739171+00:00,72.2877,0.0214,96.9293,-0.005,0.75,0.0,1500.0,0.0,6.2488
230.5,2026-05-05T21:36:38.234346+00:00,72.1286,-0.0472,96.8068,-0.0116,0.75,0.0,1500.0,0.0,6.275
231.0,2026-05-05T21:36:38.734346+00:00,72.0063,-0.1635,96.7589,-0.0012,0.75,0.0,1500.0,0.0,6.2878
231.5,2026-05-05T21:36:39.234410+00:00,72.0395,-0.062,96.699,-0.0318,0.75,0.0,1500.0,0.0,6.294
232.0,2026-05-05T21:36:39.734289+00:00,72.0651,-0.1113,96.8612,-0.0013,0.75,0.0,1500.0,0.0,6.2971
232.5,2026-05-05T21:36:40.239226+00:00,72.212,0.0417,96.6388,-0.0395,0.75,0.0,1500.0,0.0,6.2986
233.0,2026-05-05T21:36:40.734293+00:00,72.1977,0.0957,96.7224,-0.069,0.75,0.0,1500.0,0.0,6.2993
233.5,2026-05-05T21:36:41.234562+00:00,72.3139,0.1372,96.9023,0.0318,0.75,0.0,1500.0,0.0,6.2997
234.0,2026-05-05T21:36:41.734301+00:00,72.276,0.1054,96.8324,0.0245,0.75,0.0,1500.0,0.0,6.2998
234.5,2026-05-05T21:36:42.234318+00:00,72.1196,-0.0462,97.1026,0.1345,0.75,0.0,1500.0,0.0,6.2999
235.0,2026-05-05T21:36:42.743022+00:00,71.9993,-0.0992,97.1945,0.1111,0.75,0.0,1500.0,0.0,6.3
235.5,2026-05-05T21:36:43.234316+00:00,72.0342,-0.1399,97.1495,0.1702,0.75,0.0,1500.0,0.0,6.3
236.0,2026-05-05T21:36:43.736144+00:00,72.1883,-0.0439,97.2306,0.1694,0.75,0.0,1500.0,0.0,6.3
236.5,2026-05-05T21:36:44.237437+00:00,72.1794,0.0299,97.0616,0.0531,0.75,0.0,1500.0,0.0,6.3
237.0,2026-05-05T21:36:44.734312+00:00,72.2999,0.1503,97.0473,0.0716,0.75,0.0,1500.0,0.0,6.3
237.5,2026-05-05T21:36:45.239818+00:00,72.1379,0.0519,97.1521,0.0165,0.75,0.0,1500.0,0.0,6.3
238.0,2026-05-05T21:36:45.734350+00:00,72.1407,-0.0238,97.1169,-0.0259,0.75,0.0,1500.0,0.0,6.3
238.5,2026-05-05T21:36:46.234352+00:00,72.1429,-0.0183,97.0898,-0.0199,0.75,0.0,1500.0,0.0,6.3
239.0,2026-05-05T21:36:46.734841+00:00,71.89,-0.2049,97.069,-0.0539,0.75,0.0,1500.0,0.0,6.3
239.5,2026-05-05T21:36:47.234321+00:00,71.9501,-0.0939,96.9374,-0.0414,0.75,0.0,1500.0,0.0,6.3
240.0,2026-05-05T21:36:47.741027+00:00,71.8691,-0.1358,96.8362,-0.0704,0.75,0.0,1500.0,0.0,6.2488
240.5,2026-05-05T21:36:48.234337+00:00,71.9341,-0.1044,96.8741,-0.0927,0.75,0.0,1500.0,0.0,6.275
241.0,2026-05-05T21:36:48.734313+00:00,71.9841,0.047,96.7875,-0.1098,0.75,0.0,1500.0,0.0,6.2878
241.5,2026-05-05T21:36:49.234381+00:00,72.0225,0.0362,96.8367,-0.0844,0.75,0.0,1500.0,0.0,6.294
242.0,2026-05-05T21:36:49.734327+00:00,72.1792,0.1551,96.7588,-0.1034,0.75,0.0,1500.0,0.0,6.2971
242.5,2026-05-05T21:36:50.246549+00:00,72.1725,0.1192,96.3518,-0.1952,0.75,0.0,1500.0,0.0,6.2986
243.0,2026-05-05T21:36:50.734518+00:00,72.04,0.028,96.5018,-0.1115,0.75,0.0,1500.0,0.0,6.2481
243.5,2026-05-05T21:36:51.234362+00:00,72.0655,0.0215,96.5939,-0.0934,0.75,0.0,1500.0,0.0,6.2235
244.0,2026-05-05T21:36:51.734333+00:00,71.9578,-0.1107,96.4565,-0.1103,0.75,0.0,1500.0,0.0,6.2115
244.5,2026-05-05T21:36:52.234467+00:00,72.0022,-0.0851,96.698,-0.0462,0.75,0.0,1500.0,0.0,6.2056
245.0,2026-05-05T21:36:52.746256+00:00,72.0364,-0.0018,96.8836,0.0416,0.75,0.0,1500.0,0.0,6.2027
245.5,2026-05-05T21:36:53.234303+00:00,72.0627,-0.0014,96.7948,0.1477,0.75,0.0,1500.0,0.0,6.2525
246.0,2026-05-05T21:36:53.734480+00:00,71.9556,-0.0011,96.8423,0.1135,0.75,0.0,1500.0,0.0,6.2768
246.5,2026-05-05T21:36:54.235284+00:00,72.0006,-0.0008,96.9945,0.1335,0.75,0.0,1500.0,0.0,6.2887
247.0,2026-05-05T21:36:54.734335+00:00,72.0352,-0.0006,96.9726,0.172,0.75,0.0,1500.0,0.0,6.2945
247.5,2026-05-05T21:36:55.240928+00:00,72.0618,-0.0005,96.979,0.0937,0.75,0.0,1500.0,0.0,6.2973
248.0,2026-05-05T21:36:55.734539+00:00,72.0822,0.0633,96.8681,-0.0051,0.75,0.0,1500.0,0.0,6.2987
248.5,2026-05-05T21:36:56.234419+00:00,72.0979,0.0486,97.0143,0.0732,0.75,0.0,1500.0,0.0,6.2994
249.0,2026-05-05T21:36:56.734577+00:00,72.1099,0.0374,97.1267,0.0948,0.75,0.0,1500.0,0.0,6.2997
249.5,2026-05-05T21:36:57.234383+00:00,71.9919,-0.0349,97.0974,0.0343,0.75,0.0,1500.0,0.0,6.2998
250.0,2026-05-05T21:36:57.741257+00:00,72.0285,-0.0268,96.936,-0.0122,0.75,0.0,1500.0,0.0,6.2999
250.5,2026-05-05T21:36:58.234570+00:00,72.0566,-0.0206,96.9277,-0.0171,0.75,0.0,1500.0,0.0,6.3
251.0,2026-05-05T21:36:58.735046+00:00,72.2055,0.0478,96.8287,-0.0131,0.75,0.0,1500.0,0.0,6.3
251.5,2026-05-05T21:36:59.234360+00:00,72.1927,0.1004,96.9841,-0.0101,0.75,0.0,1500.0,0.0,6.3
252.0,2026-05-05T21:36:59.734312+00:00,71.801,-0.1138,97.1034,-0.0078,0.75,0.0,1500.0,0.0,6.3
252.5,2026-05-05T21:37:00.242711+00:00,71.8817,-0.0874,97.0564,-0.0137,0.75,0.0,1500.0,0.0,6.3
253.0,2026-05-05T21:37:00.734296+00:00,71.9438,-0.1308,97.0433,0.0358,0.75,0.0,1500.0,0.0,6.3
253.5,2026-05-05T21:37:01.234386+00:00,72.1188,-0.0369,97.149,0.0738,0.75,0.0,1500.0,0.0,6.3
254.0,2026-05-05T21:37:01.734770+00:00,72.126,0.1625,96.9757,0.049,0.75,0.0,1500.0,0.0,6.3
254.5,2026-05-05T21:37:02.234292+00:00,72.0043,0.0613,96.8656,-0.0395,0.75,0.0,1500.0,0.0,6.3
255.0,2026-05-05T21:37:02.745884+00:00,72.1653,0.1107,97.0124,-0.0303,0.75,0.0,1500.0,0.0,6.3
255.5,2026-05-05T21:37:03.234711+00:00,72.289,0.0851,96.7781,-0.0927,0.75,0.0,1500.0,0.0,6.3
256.0,2026-05-05T21:37:03.734341+00:00,72.2568,0.0654,96.6906,-0.1176,0.75,0.0,1500.0,0.0,6.3512
256.5,2026-05-05T21:37:04.234308+00:00,72.3594,0.1775,96.6465,-0.1675,0.75,0.0,1500.0,0.0,6.3762
257.0,2026-05-05T21:37:04.734348+00:00,72.3109,0.0728,96.4969,-0.1596,0.75,0.0,1500.0,0.0,6.3372
257.5,2026-05-05T21:37:05.239217+00:00,72.1464,-0.0713,96.729,-0.0455,0.75,0.0,1500.0,0.0,6.3181
258.0,2026-05-05T21:37:05.734863+00:00,72.02,-0.1184,96.9074,-0.035,0.75,0.0,1500.0,0.0,6.3601
258.5,2026-05-05T21:37:06.235027+00:00,71.9228,-0.2183,96.9289,0.0502,0.75,0.0,1500.0,0.0,6.3805
259.0,2026-05-05T21:37:06.734366+00:00,71.9754,-0.1678,97.0379,0.1157,0.75,0.0,1500.0,0.0,6.3905
259.5,2026-05-05T21:37:07.235244+00:00,72.0158,-0.0653,97.0291,0.1275,0.75,0.0,1500.0,0.0,6.3954
260.0,2026-05-05T21:37:07.738561+00:00,72.0468,0.0134,96.9992,0.1674,0.75,0.0,1500.0,0.0,6.3465
260.5,2026-05-05T21:37:08.234316+00:00,71.9434,0.0103,96.9994,0.0901,0.75,0.0,1500.0,0.0,6.3227
261.0,2026-05-05T21:37:08.734840+00:00,71.9912,0.0079,96.9764,0.023,0.75,0.0,1500.0,0.0,6.3111
261.5,2026-05-05T21:37:09.234308+00:00,72.1552,0.0697,96.9587,0.01,0.75,0.0,1500.0,0.0,6.3054
262.0,2026-05-05T21:37:09.734544+00:00,71.7722,-0.1373,96.9683,-0.0232,0.75,0.0,1500.0,0.0,6.3026
262.5,2026-05-05T21:37:10.242816+00:00,71.9869,0.0217,96.9756,-0.0178,0.75,0.0,1500.0,0.0,6.3013
263.0,2026-05-05T21:37:10.735369+00:00,71.7701,-0.1106,96.8656,-0.0446,0.75,0.0,1500.0,0.0,6.3006
263.5,2026-05-05T21:37:11.234290+00:00,71.9853,-0.085,96.8967,-0.0342,0.75,0.0,1500.0,0.0,6.3003
264.0,2026-05-05T21:37:11.734379+00:00,71.8961,0.062,96.9206,-0.0186,0.75,0.0,1500.0,0.0,6.3001
264.5,2026-05-05T21:37:12.234457+00:00,71.9549,-0.016,96.8001,-0.0529,0.75,0.0,1500.0,0.0,6.3001
265.0,2026-05-05T21:37:12.738959+00:00,72.0,0.115,96.615,-0.1178,0.75,0.0,1500.0,0.0,6.3
265.5,2026-05-05T21:37:13.234934+00:00,72.0347,0.0247,96.4495,-0.1754,0.75,0.0,1500.0,0.0,6.3
266.0,2026-05-05T21:37:13.734305+00:00,72.0614,0.0826,96.4381,-0.1425,0.75,0.0,1500.0,0.0,6.3
266.5,2026-05-05T21:37:14.234494+00:00,72.0819,0.0635,96.4524,-0.1481,0.75,0.0,1500.0,0.0,6.3
267.0,2026-05-05T21:37:14.734918+00:00,72.0977,0.0488,96.4634,-0.1524,0.75,0.0,1500.0,0.0,6.3
267.5,2026-05-05T21:37:15.239302+00:00,72.1098,0.0375,96.4719,-0.1094,0.75,0.0,1500.0,0.0,6.3
268.0,2026-05-05T21:37:15.734534+00:00,71.9918,-0.0348,96.7098,0.0316,0.75,0.0,1500.0,0.0,6.3
268.5,2026-05-05T21:37:16.234311+00:00,72.0284,-0.0267,96.6612,0.0706,0.75,0.0,1500.0,0.0,6.3
269.0,2026-05-05T21:37:16.734325+00:00,72.0566,-0.0206,96.5082,0.0234,0.75,0.0,1500.0,0.0,6.3
269.5,2026-05-05T21:37:17.234478+00:00,72.0782,-0.0158,96.3675,-0.0283,0.75,0.0,1500.0,0.0,6.3
270.0,2026-05-05T21:37:17.741016+00:00,71.9675,-0.0121,96.4213,-0.014,0.75,0.0,1500.0,0.0,6.3
270.5,2026-05-05T21:37:18.234336+00:00,72.0098,-0.0093,96.2081,-0.0879,0.75,0.0,1500.0,0.0,6.3
271.0,2026-05-05T21:37:18.734528+00:00,72.0422,-0.0072,96.2756,-0.1447,0.75,0.0,1500.0,0.0,6.3
271.5,2026-05-05T21:37:19.234322+00:00,71.9399,-0.0691,96.5358,-0.0418,0.75,0.0,1500.0,0.0,6.3
272.0,2026-05-05T21:37:19.734314+00:00,71.9885,0.0105,96.5275,0.0064,0.75,0.0,1500.0,0.0,6.3
272.5,2026-05-05T21:37:20.242154+00:00,72.0259,0.0081,96.6369,0.0898,0.75,0.0,1500.0,0.0,6.3
273.0,2026-05-05T21:37:20.734311+00:00,71.9273,-0.0574,96.5821,0.0536,0.75,0.0,1500.0,0.0,6.3
273.5,2026-05-05T21:37:21.234340+00:00,71.9789,0.0195,96.3085,0.0335,0.75,0.0,1500.0,0.0,6.3
274.0,2026-05-05T21:37:21.734295+00:00,71.8912,-0.0487,96.6999,0.1414,0.75,0.0,1500.0,0.0,6.3
274.5,2026-05-05T21:37:22.234430+00:00,71.9511,-0.0374,96.8851,0.1164,0.75,0.0,1500.0,0.0,6.3
275.0,2026-05-05T21:37:22.740623+00:00,71.9971,0.0349,96.6803,0.0509,0.75,0.0,1500.0,0.0,6.3
275.5,2026-05-05T21:37:23.234350+00:00,71.9052,-0.0368,96.9857,0.1163,0.75,0.0,1500.0,0.0,6.3
276.0,2026-05-05T21:37:23.735356+00:00,71.9619,0.0353,96.8501,0.0894,0.75,0.0,1500.0,0.0,6.3
276.5,2026-05-05T21:37:24.234303+00:00,72.0054,0.0272,96.5377,0.0764,0.75,0.0,1500.0,0.0,6.3
277.0,2026-05-05T21:37:24.734403+00:00,72.1661,0.0845,96.7604,0.0202,0.75,0.0,1500.0,0.0,6.3
277.5,2026-05-05T21:37:25.240601+00:00,72.1624,0.1286,96.9315,0.0155,0.75,0.0,1500.0,0.0,6.3
278.0,2026-05-05T21:37:25.734330+00:00,72.1595,0.0988,96.5771,-0.0344,0.75,0.0,1500.0,0.0,6.3
278.5,2026-05-05T21:37:26.234308+00:00,71.9028,-0.0513,96.7907,-0.065,0.75,0.0,1500.0,0.0,6.3
279.0,2026-05-05T21:37:26.734392+00:00,71.8327,-0.1667,96.9548,0.0349,0.75,0.0,1500.0,0.0,6.3
279.5,2026-05-05T21:37:27.234365+00:00,71.6516,-0.2554,96.8264,0.0962,0.75,0.0,1500.0,0.0,6.3
280.0,2026-05-05T21:37:27.740267+00:00,71.7669,-0.1963,96.8666,0.0354,0.75,0.0,1500.0,0.0,6.2488
280.5,2026-05-05T21:37:28.234446+00:00,71.7283,-0.0872,97.0132,0.0272,0.75,0.0,1500.0,0.0,6.275
281.0,2026-05-05T21:37:28.734296+00:00,71.8259,-0.0034,96.987,0.1366,0.75,0.0,1500.0,0.0,6.2878
281.500001,2026-05-05T21:37:29.234518+00:00,71.9009,0.1246,96.99,0.0664,0.75,0.0,1500.0,0.0,6.294
282.0,2026-05-05T21:37:29.734349+00:00,71.9585,0.0958,96.9923,0.0125,0.75,0.0,1500.0,0.0,6.2971
282.5,2026-05-05T21:37:30.242989+00:00,71.7483,0.01,96.9941,0.0559,0.75,0.0,1500.0,0.0,6.2986
283.0,2026-05-05T21:37:30.734387+00:00,71.714,-0.056,96.9955,0.043,0.75,0.0,1500.0,0.0,6.2993
283.5,2026-05-05T21:37:31.234345+00:00,71.8149,-0.043,96.8808,-0.0441,0.75,0.0,1500.0,0.0,6.2997
284.0,2026-05-05T21:37:31.735370+00:00,71.3833,-0.2876,96.7927,-0.0648,0.75,0.0,1500.0,0.0,6.2998
284.5,2026-05-05T21:37:32.234344+00:00,71.4335,-0.1574,96.8407,-0.0498,0.75,0.0,1500.0,0.0,6.2999
285.0,2026-05-05T21:37:32.745860+00:00,71.472,-0.121,96.785,-0.0691,0.75,0.0,1500.0,0.0,6.2488
285.5,2026-05-05T21:37:33.234420+00:00,71.5016,-0.1566,96.719,-0.0917,0.75,0.0,1500.0,0.0,6.275
286.0,2026-05-05T21:37:33.734551+00:00,71.7789,0.1978,96.8997,-0.0319,0.75,0.0,1500.0,0.0,6.2878
286.5,2026-05-05T21:37:34.234593+00:00,71.6103,0.0884,96.8304,-0.0168,0.75,0.0,1500.0,0.0,6.294
287.0,2026-05-05T21:37:34.734313+00:00,71.6079,0.0679,96.4994,-0.0978,0.75,0.0,1500.0,0.0,6.2971
287.5,2026-05-05T21:37:35.241888+00:00,71.6061,0.0522,96.7309,-0.0366,0.75,0.0,1500.0,0.0,6.2986
288.0,2026-05-05T21:37:35.734981+00:00,71.7319,-0.0235,96.7932,0.0027,0.75,0.0,1500.0,0.0,6.2993
288.5,2026-05-05T21:37:36.234317+00:00,71.8287,0.1092,96.8411,0.0407,0.75,0.0,1500.0,0.0,6.2997
289.0,2026-05-05T21:37:36.734460+00:00,71.7758,0.0839,96.8778,-0.0073,0.75,0.0,1500.0,0.0,6.2998
289.5,2026-05-05T21:37:37.234378+00:00,71.7351,0.0645,96.559,-0.0905,0.75,0.0,1500.0,0.0,6.2999
290.0,2026-05-05T21:37:37.738732+00:00,71.8311,0.0496,96.661,0.0539,0.75,0.0,1500.0,0.0,6.3
290.500001,2026-05-05T21:37:38.234520+00:00,71.9049,0.0381,96.6006,-0.0434,0.75,0.0,1500.0,0.0,6.3
291.0,2026-05-05T21:37:38.734314+00:00,71.9616,0.0929,96.5774,-0.0719,0.75,0.0,1500.0,0.0,6.3
291.5,2026-05-05T21:37:39.234299+00:00,71.8779,0.0714,96.6752,-0.0553,0.75,0.0,1500.0,0.0,6.3
292.0,2026-05-05T21:37:39.734498+00:00,71.8136,-0.0087,96.6115,-0.0888,0.75,0.0,1500.0,0.0,6.3
292.5,2026-05-05T21:37:40.247769+00:00,71.7642,-0.0704,96.7014,0.0475,0.75,0.0,1500.0,0.0,6.3
293.0,2026-05-05T21:37:40.734325+00:00,71.5989,-0.1813,96.6548,-0.0021,0.75,0.0,1500.0,0.0,6.3
293.5,2026-05-05T21:37:41.236234+00:00,71.7264,-0.0757,96.7347,0.0447,0.75,0.0,1500.0,0.0,6.3
294.0,2026-05-05T21:37:41.734605+00:00,71.6972,-0.0582,96.4258,-0.0505,0.75,0.0,1500.0,0.0,6.3
294.5,2026-05-05T21:37:42.234327+00:00,71.6747,-0.0447,96.3273,-0.116,0.75,0.0,1500.0,0.0,6.3
295.0,2026-05-05T21:37:42.740177+00:00,71.5301,-0.0344,96.5987,-0.0043,0.75,0.0,1500.0,0.0,6.3
295.5,2026-05-05T21:37:43.234335+00:00,71.419,-0.1537,96.5758,-0.0419,0.75,0.0,1500.0,0.0,6.3
296.0,2026-05-05T21:37:43.734311+00:00,71.3336,-0.1818,96.5351,-0.0399,0.75,0.0,1500.0,0.0,6.3
296.5,2026-05-05T21:37:44.234307+00:00,71.3953,-0.1397,96.6427,-0.0307,0.75,0.0,1500.0,0.0,6.3
297.0,2026-05-05T21:37:44.734386+00:00,71.5699,0.0199,96.494,0.0227,0.75,0.0,1500.0,0.0,6.3
297.5,2026-05-05T21:37:45.239760+00:00,71.5769,0.0789,96.4722,0.0483,0.75,0.0,1500.0,0.0,6.3
298.0,2026-05-05T21:37:45.734315+00:00,71.5822,0.1243,96.4787,-0.04,0.75,0.0,1500.0,0.0,6.3
298.5,2026-05-05T21:37:46.234742+00:00,71.4591,0.0319,96.3679,-0.0693,0.75,0.0,1500.0,0.0,6.3
299.0,2026-05-05T21:37:46.734359+00:00,71.4917,-0.0391,96.2828,-0.0841,0.75,0.0,1500.0,0.0,6.3
299.5,2026-05-05T21:37:47.234565+00:00,71.1349,-0.221,96.333,-0.1032,0.75,0.0,1500.0,0.0,6.3
300.0,2026-05-05T21:37:47.743051+00:00,71.2426,-0.1698,96.3485,-0.0485,0.75,0.0,1500.0,0.0,6.3
300.5,2026-05-05T21:37:48.234336+00:00,71.198,-0.1305,96.3836,-0.0296,0.75,0.0,1500.0,0.0,6.3
301.0,2026-05-05T21:37:48.734510+00:00,71.291,-0.1003,96.5262,0.0159,0.75,0.0,1500.0,0.0,6.3
301.5,2026-05-05T21:37:49.234330+00:00,71.3625,0.1138,96.3813,0.0045,0.75,0.0,1500.0,0.0,6.3
302.0,2026-05-05T21:37:49.734458+00:00,71.1629,-0.0398,96.2931,0.0034,0.75,0.0,1500.0,0.0,6.3
302.5,2026-05-05T21:37:50.239925+00:00,71.0095,-0.0942,96.5724,0.0798,0.75,0.0,1500.0,0.0,6.3
303.0,2026-05-05T21:37:50.734501+00:00,71.1462,-0.0724,96.5325,0.0613,0.75,0.0,1500.0,0.0,6.3
303.5,2026-05-05T21:37:51.234456+00:00,71.1239,-0.1193,96.6407,0.0857,0.75,0.0,1500.0,0.0,6.3
304.0,2026-05-05T21:37:51.734299+00:00,71.2341,0.0356,96.747,0.0736,0.75,0.0,1500.0,0.0,6.3
304.5,2026-05-05T21:37:52.234949+00:00,71.3188,0.1546,97.0369,0.2185,0.75,0.0,1500.0,0.0,6.3
305.0,2026-05-05T21:37:52.740705+00:00,71.5111,0.1825,97.0284,0.2451,0.75,0.0,1500.0,0.0,6.3
305.5,2026-05-05T21:37:53.234351+00:00,71.5317,0.2039,97.1144,0.1807,0.75,0.0,1500.0,0.0,6.3
306.0,2026-05-05T21:37:53.735025+00:00,71.4202,0.0931,97.2036,0.2237,0.75,0.0,1500.0,0.0,6.3
306.5,2026-05-05T21:37:54.234321+00:00,71.4618,0.0715,97.1565,0.1719,0.75,0.0,1500.0,0.0,6.3
307.0,2026-05-05T21:37:54.734464+00:00,71.4938,-0.0087,97.0046,0.0859,0.75,0.0,1500.0,0.0,6.3
307.500091,2026-05-05T21:37:55.241070+00:00,71.3911,-0.0703,97.0961,0.0197,0.75,0.0,1500.0,0.0,6.3
308.0,2026-05-05T21:37:55.734378+00:00,71.1849,-0.1177,96.9581,-0.0234,0.75,0.0,1500.0,0.0,6.3
308.5,2026-05-05T21:37:56.234313+00:00,71.1537,-0.1541,96.9678,-0.0488,0.75,0.0,1500.0,0.0,6.3
309.000001,2026-05-05T21:37:56.735982+00:00,71.257,-0.1184,96.9753,-0.0761,0.75,0.0,1500.0,0.0,6.2488
309.5,2026-05-05T21:37:57.234322+00:00,71.2091,-0.091,97.0967,-0.0199,0.75,0.0,1500.0,0.0,6.2238
310.0,2026-05-05T21:37:57.739320+00:00,71.2995,0.0573,97.0743,0.0232,0.75,0.0,1500.0,0.0,6.2116
310.5,2026-05-05T21:37:58.234340+00:00,71.4963,0.1713,97.0571,-0.013,0.75,0.0,1500.0,0.0,6.2569
311.0,2026-05-05T21:37:58.734357+00:00,71.2658,0.0044,97.1365,0.0594,0.75,0.0,1500.0,0.0,6.2278
311.5,2026-05-05T21:37:59.234601+00:00,71.3431,0.067,97.1049,0.0457,0.75,0.0,1500.0,0.0,6.2647
312.0,2026-05-05T21:37:59.734327+00:00,71.4026,0.0515,96.9418,-0.0112,0.75,0.0,1500.0,0.0,6.2828
312.5,2026-05-05T21:38:00.238896+00:00,71.321,-0.0877,96.9552,-0.0471,0.75,0.0,1500.0,0.0,6.2916
313.0,2026-05-05T21:38:00.734695+00:00,71.5128,0.1235,96.8268,-0.0825,0.75,0.0,1500.0,0.0,6.2447
313.500005,2026-05-05T21:38:01.234425+00:00,71.4057,0.0313,96.7512,-0.102,0.75,0.0,1500.0,0.0,6.2218
314.0,2026-05-05T21:38:01.734346+00:00,71.3234,-0.0396,97.0401,-0.0321,0.75,0.0,1500.0,0.0,6.2106
314.5,2026-05-05T21:38:02.235892+00:00,71.3874,0.0332,97.2622,0.0525,0.75,0.0,1500.0,0.0,6.2052
315.0,2026-05-05T21:38:02.740345+00:00,71.1821,-0.1654,97.2016,0.0866,0.75,0.0,1500.0,0.0,6.2025
315.5,2026-05-05T21:38:03.234368+00:00,71.0242,-0.1907,97.1549,0.0666,0.75,0.0,1500.0,0.0,6.2012
316.0,2026-05-05T21:38:03.734841+00:00,71.0302,-0.1466,97.2348,0.136,0.75,0.0,1500.0,0.0,6.2006
316.5,2026-05-05T21:38:04.234338+00:00,71.162,-0.1127,97.1804,0.1431,0.75,0.0,1500.0,0.0,6.2003
317.0,2026-05-05T21:38:04.734486+00:00,71.2634,0.0407,97.1387,0.0329,0.75,0.0,1500.0,0.0,6.2001
317.5,2026-05-05T21:38:05.242001+00:00,71.214,0.0949,96.9678,-0.0982,0.75,0.0,1500.0,0.0,6.2001
318.0,2026-05-05T21:38:05.734352+00:00,71.3033,0.1366,96.8364,-0.1217,0.75,0.0,1500.0,0.0,6.2
318.5,2026-05-05T21:38:06.234328+00:00,71.2447,0.0413,96.8511,-0.1013,0.75,0.0,1500.0,0.0,6.2
319.0,2026-05-05T21:38:06.734448+00:00,71.0724,-0.0955,96.8856,-0.1164,0.75,0.0,1500.0,0.0,6.2
319.5,2026-05-05T21:38:07.234325+00:00,71.0672,-0.0734,96.7963,-0.128,0.75,0.0,1500.0,0.0,6.2
320.0,2026-05-05T21:38:07.738568+00:00,70.936,-0.1837,96.6121,-0.1755,0.75,0.0,1500.0,0.0,6.2
320.5,2026-05-05T21:38:08.234471+00:00,70.9623,-0.1412,96.8175,-0.0501,0.75,0.0,1500.0,0.0,6.2512
321.0,2026-05-05T21:38:08.735085+00:00,70.9826,-0.0449,96.6284,-0.0693,0.75,0.0,1500.0,0.0,6.2762
321.5,2026-05-05T21:38:09.234321+00:00,71.1255,0.0291,96.7144,-0.0456,0.75,0.0,1500.0,0.0,6.2884
322.0,2026-05-05T21:38:09.734316+00:00,71.108,0.086,96.6648,-0.0736,0.75,0.0,1500.0,0.0,6.2431
322.5,2026-05-05T21:38:10.239817+00:00,71.2219,0.1298,96.7192,-0.0257,0.75,0.0,1500.0,0.0,6.221
323.0,2026-05-05T21:38:10.734343+00:00,71.1821,0.0997,96.8999,0.0959,0.75,0.0,1500.0,0.0,6.2615
323.5,2026-05-05T21:38:11.234303+00:00,71.0243,-0.0506,96.8073,-0.0034,0.75,0.0,1500.0,0.0,6.2812
324.0,2026-05-05T21:38:11.734665+00:00,71.0302,-0.0389,96.7362,0.036,0.75,0.0,1500.0,0.0,6.2908
324.5,2026-05-05T21:38:12.234301+00:00,71.1621,-0.0299,96.913,0.0662,0.75,0.0,1500.0,0.0,6.2955
325.0,2026-05-05T21:38:12.745033+00:00,71.1361,-0.023,97.0488,0.128,0.75,0.0,1500.0,0.0,6.2978
325.5,2026-05-05T21:38:13.234304+00:00,71.1162,0.046,97.0375,0.1061,0.75,0.0,1500.0,0.0,6.2989
326.0,2026-05-05T21:38:13.734314+00:00,71.1009,0.0353,97.1445,0.0816,0.75,0.0,1500.0,0.0,6.2995
326.5,2026-05-05T21:38:14.234326+00:00,71.0891,-0.0365,97.1111,0.1012,0.75,0.0,1500.0,0.0,6.2997
327.0,2026-05-05T21:38:14.735307+00:00,71.0801,-0.028,96.9697,0.0778,0.75,0.0,1500.0,0.0,6.2999
327.5,2026-05-05T21:38:15.241172+00:00,70.9458,-0.0852,97.0924,0.0598,0.75,0.0,1500.0,0.0,6.2999
328.0,2026-05-05T21:38:15.734455+00:00,70.8427,-0.1291,97.1867,0.046,0.75,0.0,1500.0,0.0,6.3
328.5,2026-05-05T21:38:16.234337+00:00,70.7634,-0.1629,97.0278,-0.0032,0.75,0.0,1500.0,0.0,6.3
329.0,2026-05-05T21:38:16.734313+00:00,70.957,-0.0615,97.1371,-0.0025,0.75,0.0,1500.0,0.0,6.3
329.5,2026-05-05T21:38:17.237793+00:00,70.9785,0.0163,97.1054,-0.0019,0.75,0.0,1500.0,0.0,6.3
330.0,2026-05-05T21:38:17.739259+00:00,70.995,0.0762,97.1967,0.0757,0.75,0.0,1500.0,0.0,6.2488
330.5,2026-05-05T21:38:18.234698+00:00,71.0078,0.1222,97.2669,0.0582,0.75,0.0,1500.0,0.0,6.275
331.0,2026-05-05T21:38:18.734336+00:00,71.0175,0.0303,97.0663,-0.0401,0.75,0.0,1500.0,0.0,6.2878
331.5,2026-05-05T21:38:19.234310+00:00,71.025,0.0233,97.1666,0.0463,0.75,0.0,1500.0,0.0,6.294
332.0,2026-05-05T21:38:19.734320+00:00,71.0308,0.0179,97.0124,-0.0416,0.75,0.0,1500.0,0.0,6.2971
332.5,2026-05-05T21:38:20.244349+00:00,71.1625,0.0774,96.6624,-0.1476,0.75,0.0,1500.0,0.0,6.2986
333.0,2026-05-05T21:38:20.734310+00:00,71.1365,0.0595,96.6248,-0.1906,0.75,0.0,1500.0,0.0,6.2993
333.5,2026-05-05T21:38:21.234400+00:00,71.2437,0.1093,96.8273,-0.1465,0.75,0.0,1500.0,0.0,6.2997
334.0,2026-05-05T21:38:21.734343+00:00,71.3262,0.1477,96.7516,-0.1049,0.75,0.0,1500.0,0.0,6.2998
334.500001,2026-05-05T21:38:22.234474+00:00,71.3895,0.1135,96.8091,-0.1192,0.75,0.0,1500.0,0.0,6.2999
335.0,2026-05-05T21:38:22.741784+00:00,71.311,0.0872,96.969,-0.0145,0.75,0.0,1500.0,0.0,6.3
335.5,2026-05-05T21:38:23.234495+00:00,71.3779,0.0671,96.8604,0.066,0.75,0.0,1500.0,0.0,6.3
336.0,2026-05-05T21:38:23.734301+00:00,71.0474,-0.1394,96.8927,0.0893,0.75,0.0,1500.0,0.0,6.3
336.5,2026-05-05T21:38:24.234451+00:00,71.048,-0.1708,97.0333,0.0686,0.75,0.0,1500.0,0.0,6.3
337.0,2026-05-05T21:38:24.734308+00:00,71.1758,-0.0676,97.0256,0.0913,0.75,0.0,1500.0,0.0,6.3
337.5,2026-05-05T21:38:25.240677+00:00,71.0194,-0.1792,97.0196,0.0702,0.75,0.0,1500.0,0.0,6.3
338.0,2026-05-05T21:38:25.734970+00:00,71.1537,0.0531,96.8994,-0.0232,0.75,0.0,1500.0,0.0,6.3
338.5,2026-05-05T21:38:26.234340+00:00,71.257,0.1045,96.7838,-0.0255,0.75,0.0,1500.0,0.0,6.3
339.0,2026-05-05T21:38:26.734309+00:00,71.2091,0.0167,96.7182,-0.0582,0.75,0.0,1500.0,0.0,6.3
339.5,2026-05-05T21:38:27.234361+00:00,71.1723,0.0764,96.7834,-0.0833,0.75,0.0,1500.0,0.0,6.3
340.0,2026-05-05T21:38:27.745273+00:00,71.0167,-0.0685,96.6021,-0.1412,0.75,0.0,1500.0,0.0,6.3
340.5,2026-05-05T21:38:28.234516+00:00,71.0244,-0.1163,96.5785,-0.1471,0.75,0.0,1500.0,0.0,6.3
341.0,2026-05-05T21:38:28.734361+00:00,70.9031,-0.153,96.7917,-0.0359,0.75,0.0,1500.0,0.0,6.3
341.5,2026-05-05T21:38:29.234338+00:00,71.0643,-0.054,96.5854,-0.0662,0.75,0.0,1500.0,0.0,6.3
342.0,2026-05-05T21:38:29.734339+00:00,71.1883,0.0858,96.6813,-0.0123,0.75,0.0,1500.0,0.0,6.3
342.5,2026-05-05T21:38:30.240982+00:00,71.2836,0.1296,96.7551,-0.0094,0.75,0.0,1500.0,0.0,6.3
343.001487,2026-05-05T21:38:30.736094+00:00,71.2295,0.1632,96.6729,0.0236,0.75,0.0,1500.0,0.0,6.3
343.5,2026-05-05T21:38:31.234455+00:00,71.4425,0.1891,96.7255,0.049,0.75,0.0,1500.0,0.0,6.3
344.0,2026-05-05T21:38:31.734393+00:00,71.479,0.1453,96.8815,0.0299,0.75,0.0,1500.0,0.0,6.3
344.5,2026-05-05T21:38:32.234314+00:00,71.3797,0.0481,96.7933,0.0693,0.75,0.0,1500.0,0.0,6.3
345.0,2026-05-05T21:38:32.739298+00:00,71.4307,0.1006,96.7254,0.0147,0.75,0.0,1500.0,0.0,6.2488
345.5,2026-05-05T21:38:33.234393+00:00,71.3426,-0.05,96.8815,0.0421,0.75,0.0,1500.0,0.0,6.275
346.0,2026-05-05T21:38:33.734294+00:00,71.2749,-0.102,96.7932,0.0401,0.75,0.0,1500.0,0.0,6.2878
346.5,2026-05-05T21:38:34.234483+00:00,71.0956,-0.1421,96.9336,0.0694,0.75,0.0,1500.0,0.0,6.294
347.0,2026-05-05T21:38:34.734359+00:00,71.085,-0.1728,96.949,0.0225,0.75,0.0,1500.0,0.0,6.2971
347.5,2026-05-05T21:38:35.239004+00:00,70.9497,-0.1965,96.6137,-0.0599,0.75,0.0,1500.0,0.0,6.2986
348.0,2026-05-05T21:38:35.734294+00:00,70.8456,-0.2146,96.4717,-0.0846,0.75,0.0,1500.0,0.0,6.2481
348.5,2026-05-05T21:38:36.234344+00:00,71.0202,-0.0377,96.5939,-0.0959,0.75,0.0,1500.0,0.0,6.2235
349.0,2026-05-05T21:38:36.734325+00:00,71.0271,-0.029,96.711,-0.0274,0.75,0.0,1500.0,0.0,6.2115
349.5,2026-05-05T21:38:37.234314+00:00,71.0324,0.0414,96.8705,-0.0211,0.75,0.0,1500.0,0.0,6.2056
350.0,2026-05-05T21:38:37.740041+00:00,70.9092,0.0318,97.0161,0.0224,0.75,0.0,1500.0,0.0,6.2027
350.5,2026-05-05T21:38:38.234331+00:00,70.9418,-0.0392,97.0124,0.1329,0.75,0.0,1500.0,0.0,6.2525
351.0,2026-05-05T21:38:38.734328+00:00,70.8395,-0.0938,97.0095,0.1793,0.75,0.0,1500.0,0.0,6.2256
351.5,2026-05-05T21:38:39.234445+00:00,71.0155,-0.0084,97.0073,0.1378,0.75,0.0,1500.0,0.0,6.2125
352.0,2026-05-05T21:38:39.734322+00:00,71.1508,0.1208,96.7742,0.0211,0.75,0.0,1500.0,0.0,6.2061
352.5,2026-05-05T21:38:40.242360+00:00,71.1274,0.0928,96.8265,-0.0147,0.75,0.0,1500.0,0.0,6.203
353.0,2026-05-05T21:38:40.734913+00:00,71.2368,0.1986,96.8666,-0.0498,0.75,0.0,1500.0,0.0,6.2527
353.5,2026-05-05T21:38:41.234311+00:00,71.3208,0.1527,96.8975,-0.0383,0.75,0.0,1500.0,0.0,6.2769
354.0,2026-05-05T21:38:41.734516+00:00,71.3854,0.1173,96.7824,-0.0757,0.75,0.0,1500.0,0.0,6.2887
354.5,2026-05-05T21:38:42.234362+00:00,71.1805,0.0266,96.8096,-0.0659,0.75,0.0,1500.0,0.0,6.2945
355.0,2026-05-05T21:38:42.741883+00:00,71.1503,-0.0432,96.9694,0.065,0.75,0.0,1500.0,0.0,6.2461
355.500001,2026-05-05T21:38:43.234735+00:00,70.9999,-0.1605,96.9764,0.05,0.75,0.0,1500.0,0.0,6.2737
356.000015,2026-05-05T21:38:43.734457+00:00,71.1387,-0.1234,96.8662,-0.0001,0.75,0.0,1500.0,0.0,6.2872
356.5,2026-05-05T21:38:44.234447+00:00,71.1182,-0.0312,97.1286,0.077,0.75,0.0,1500.0,0.0,6.2937
357.0,2026-05-05T21:38:44.734394+00:00,71.2297,0.0397,96.96,0.0592,0.75,0.0,1500.0,0.0,6.2969
357.5,2026-05-05T21:38:45.239350+00:00,71.0608,0.0305,96.9692,0.0532,0.75,0.0,1500.0,0.0,6.2985
358.0,2026-05-05T21:38:45.734363+00:00,71.0583,-0.0402,96.9764,0.0023,0.75,0.0,1500.0,0.0,6.2993
358.5,2026-05-05T21:38:46.235544+00:00,71.0564,-0.0309,97.0975,0.0404,0.75,0.0,1500.0,0.0,6.2996
359.0,2026-05-05T21:38:46.734322+00:00,70.9276,-0.151,96.9361,0.0233,0.75,0.0,1500.0,0.0,6.2998
359.5,2026-05-05T21:38:47.234362+00:00,70.956,-0.0524,96.9509,-0.0592,0.75,0.0,1500.0,0.0,6.2999
360.0,2026-05-05T21:38:47.740968+00:00,71.2323,0.087,96.9391,-0.0069,0.75,0.0,1500.0,0.0,6.3
360.5,2026-05-05T21:38:48.234317+00:00,71.1901,0.0668,96.9763,0.0024,0.75,0.0,1500.0,0.0,6.3
361.0,2026-05-05T21:38:48.734372+00:00,71.1577,0.115,97.0975,0.0404,0.75,0.0,1500.0,0.0,6.3
361.5,2026-05-05T21:38:49.235376+00:00,71.26,0.152,97.1675,0.0233,0.75,0.0,1500.0,0.0,6.3
362.0,2026-05-05T21:38:49.734320+00:00,71.0842,-0.0741,97.1288,0.0642,0.75,0.0,1500.0,0.0,6.3
362.5,2026-05-05T21:38:50.241524+00:00,70.949,-0.1206,97.2147,0.0879,0.75,0.0,1500.0,0.0,6.3
363.0,2026-05-05T21:38:50.736872+00:00,70.9724,-0.0927,96.9336,-0.0018,0.75,0.0,1500.0,0.0,6.3
363.5,2026-05-05T21:38:51.234319+00:00,70.9903,-0.1349,96.8333,-0.0477,0.75,0.0,1500.0,0.0,6.3
364.0,2026-05-05T21:38:51.734343+00:00,71.1314,0.0236,96.8718,-0.0752,0.75,0.0,1500.0,0.0,6.3
364.5,2026-05-05T21:38:52.234972+00:00,71.1126,0.0818,96.7627,-0.135,0.75,0.0,1500.0,0.0,6.3
365.0,2026-05-05T21:38:52.741760+00:00,71.2254,0.1265,96.9101,-0.0729,0.75,0.0,1500.0,0.0,6.2488
365.5,2026-05-05T21:38:53.235869+00:00,71.1848,0.0972,97.0466,-0.056,0.75,0.0,1500.0,0.0,6.275
366.000857,2026-05-05T21:38:53.735214+00:00,71.1536,0.0111,97.0358,0.0341,0.75,0.0,1500.0,0.0,6.2878
366.5,2026-05-05T21:38:54.234323+00:00,71.1296,0.0085,96.9118,0.0262,0.75,0.0,1500.0,0.0,6.294
367.0,2026-05-05T21:38:54.734466+00:00,71.1112,-0.0571,97.0248,0.051,0.75,0.0,1500.0,0.0,6.2971
367.5,2026-05-05T21:38:55.241194+00:00,71.2243,0.0198,96.7877,0.0083,0.75,0.0,1500.0,0.0,6.2986
368.0,2026-05-05T21:38:55.734301+00:00,71.184,0.0152,96.698,-0.0707,0.75,0.0,1500.0,0.0,6.2993
368.5,2026-05-05T21:38:56.234463+00:00,71.4075,0.1389,96.8836,-0.0544,0.75,0.0,1500.0,0.0,6.2997
369.0,2026-05-05T21:38:56.734353+00:00,71.5793,0.2341,96.7717,-0.0881,0.75,0.0,1500.0,0.0,6.2998
369.5,2026-05-05T21:38:57.234357+00:00,71.3296,0.0526,96.7088,-0.0677,0.75,0.0,1500.0,0.0,6.2999
370.0,2026-05-05T21:38:57.740872+00:00,71.2649,0.0405,96.6605,-0.1214,0.75,0.0,1500.0,0.0,6.3
370.500607,2026-05-05T21:38:58.234982+00:00,71.4697,0.0311,96.6233,-0.0548,0.75,0.0,1500.0,0.0,6.3
371.0,2026-05-05T21:38:58.734334+00:00,71.2453,-0.167,96.7105,0.0042,0.75,0.0,1500.0,0.0,6.3
371.5,2026-05-05T21:38:59.234401+00:00,71.3274,-0.0011,96.7544,-0.0431,0.75,0.0,1500.0,0.0,6.3
372.0,2026-05-05T21:38:59.734355+00:00,71.2632,-0.0008,96.8112,0.0132,0.75,0.0,1500.0,0.0,6.3
372.5,2026-05-05T21:39:00.240572+00:00,71.2139,-0.1279,96.6003,-0.0362,0.75,0.0,1500.0,0.0,6.3
373.0,2026-05-05T21:39:00.734322+00:00,71.1759,-0.0347,96.6928,0.0108,0.75,0.0,1500.0,0.0,6.3
373.5,2026-05-05T21:39:01.234349+00:00,71.1468,-0.0903,96.7639,0.0469,0.75,0.0,1500.0,0.0,6.3
374.0,2026-05-05T21:39:01.734320+00:00,70.8699,-0.1967,96.5871,-0.0411,0.75,0.0,1500.0,0.0,6.3
374.5,2026-05-05T21:39:02.234461+00:00,71.0388,-0.0875,96.6827,-0.0239,0.75,0.0,1500.0,0.0,6.3
375.0,2026-05-05T21:39:02.742208+00:00,71.0414,-0.0673,96.5016,-0.1032,0.75,0.0,1500.0,0.0,6.2488
375.5,2026-05-05T21:39:03.234421+00:00,70.9161,-0.1153,96.7326,0.0441,0.75,0.0,1500.0,0.0,6.275
376.0,2026-05-05T21:39:03.734405+00:00,71.0744,0.1023,96.6788,-0.0047,0.75,0.0,1500.0,0.0,6.2878
376.5,2026-05-05T21:39:04.234359+00:00,71.0687,0.015,96.7531,-0.0036,0.75,0.0,1500.0,0.0,6.294
377.0,2026-05-05T21:39:04.734333+00:00,70.9371,-0.0521,96.4631,-0.0413,0.75,0.0,1500.0,0.0,6.2971
377.5,2026-05-05T21:39:05.239298+00:00,70.7087,-0.1037,96.5874,-0.0318,0.75,0.0,1500.0,0.0,6.2986
378.0,2026-05-05T21:39:05.734358+00:00,70.7877,-0.1433,96.5672,0.0219,0.75,0.0,1500.0,0.0,6.2993
378.5,2026-05-05T21:39:06.234319+00:00,70.8484,-0.1102,96.5748,-0.0526,0.75,0.0,1500.0,0.0,6.2997
379.0,2026-05-05T21:39:06.734317+00:00,70.895,-0.021,96.5343,-0.0482,0.75,0.0,1500.0,0.0,6.2998
379.5,2026-05-05T21:39:07.235073+00:00,70.8036,0.0475,96.5264,-0.0756,0.75,0.0,1500.0,0.0,6.2999
380.0,2026-05-05T21:39:07.740668+00:00,70.8606,0.0365,96.5203,0.019,0.75,0.0,1500.0,0.0,6.2488
380.5,2026-05-05T21:39:08.234350+00:00,71.0317,0.0917,96.3999,-0.0625,0.75,0.0,1500.0,0.0,6.275
381.0,2026-05-05T21:39:08.734329+00:00,71.036,0.0705,96.3999,-0.0557,0.75,0.0,1500.0,0.0,6.2878
381.5,2026-05-05T21:39:09.234320+00:00,71.1665,0.1814,96.0528,-0.174,0.75,0.0,1500.0,0.0,6.294
382.0,2026-05-05T21:39:09.734326+00:00,70.7577,-0.0515,96.1332,-0.1337,0.75,0.0,1500.0,0.0,6.2971
382.5,2026-05-05T21:39:10.239289+00:00,70.6981,-0.1668,96.1024,-0.1413,0.75,0.0,1500.0,0.0,6.2986
383.0,2026-05-05T21:39:10.734463+00:00,70.9068,-0.0646,96.3101,-0.0701,0.75,0.0,1500.0,0.0,6.2993
383.5,2026-05-05T21:39:11.234293+00:00,70.9399,-0.1133,96.5854,0.0618,0.75,0.0,1500.0,0.0,6.2997
384.0,2026-05-05T21:39:11.734341+00:00,71.0927,0.1675,96.4268,0.009,0.75,0.0,1500.0,0.0,6.2998
384.5,2026-05-05T21:39:12.234349+00:00,71.0828,0.1924,96.4206,0.1226,0.75,0.0,1500.0,0.0,6.2999
385.0,2026-05-05T21:39:12.739023+00:00,71.0752,0.0842,96.6472,0.1714,0.75,0.0,1500.0,0.0,6.2488
385.5,2026-05-05T21:39:13.234345+00:00,71.1966,0.1284,96.6132,0.1703,0.75,0.0,1500.0,0.0,6.275
386.0,2026-05-05T21:39:13.734392+00:00,71.0354,-0.0286,96.5638,0.0846,0.75,0.0,1500.0,0.0,6.2878
386.5,2026-05-05T21:39:14.234454+00:00,71.2933,0.1053,96.7805,0.065,0.75,0.0,1500.0,0.0,6.294
387.0,2026-05-05T21:39:14.734343+00:00,71.3643,0.1446,96.8313,0.1348,0.75,0.0,1500.0,0.0,6.2971
387.5,2026-05-05T21:39:15.241434+00:00,71.1643,-0.0162,96.6158,0.0651,0.75,0.0,1500.0,0.0,6.2986
388.0,2026-05-05T21:39:15.734319+00:00,71.1379,0.0512,96.7047,0.0191,0.75,0.0,1500.0,0.0,6.2993
388.5,2026-05-05T21:39:16.234302+00:00,71.3721,0.0394,96.773,0.0533,0.75,0.0,1500.0,0.0,6.2997
389.0,2026-05-05T21:39:16.734351+00:00,71.4248,0.0303,96.7098,0.0487,0.75,0.0,1500.0,0.0,6.2998
389.5,2026-05-05T21:39:17.234311+00:00,71.4653,0.1505,96.777,-0.0012,0.75,0.0,1500.0,0.0,6.2999
390.0,2026-05-05T21:39:17.739115+00:00,71.3692,0.1157,96.8286,-0.0009,0.75,0.0,1500.0,0.0,6.2488
390.5,2026-05-05T21:39:18.234341+00:00,71.4226,0.0253,96.6137,-0.0007,0.75,0.0,1500.0,0.0,6.275
391.0,2026-05-05T21:39:18.734293+00:00,71.4637,0.0194,96.7957,0.0303,0.75,0.0,1500.0,0.0,6.2878
391.5,2026-05-05T21:39:19.235754+00:00,71.4952,0.0149,96.8429,0.0233,0.75,0.0,1500.0,0.0,6.294
392.0,2026-05-05T21:39:19.734317+00:00,71.3922,0.0115,96.6479,-0.0207,0.75,0.0,1500.0,0.0,6.2971
392.5,2026-05-05T21:39:20.242770+00:00,71.4403,0.0088,96.8451,0.0227,0.75,0.0,1500.0,0.0,6.2986
393.0,2026-05-05T21:39:20.734408+00:00,71.2227,-0.1205,96.7652,-0.0211,0.75,0.0,1500.0,0.0,6.2481
393.5,2026-05-05T21:39:21.234354+00:00,71.1827,-0.1562,96.565,-0.0162,0.75,0.0,1500.0,0.0,6.2747
394.0,2026-05-05T21:39:21.734310+00:00,71.152,-0.1201,96.7814,-0.0048,0.75,0.0,1500.0,0.0,6.2876
394.5,2026-05-05T21:39:22.234392+00:00,71.1284,-0.1559,96.7163,-0.0422,0.75,0.0,1500.0,0.0,6.294
395.0,2026-05-05T21:39:22.741815+00:00,71.2375,0.0074,96.5505,-0.0325,0.75,0.0,1500.0,0.0,6.2459
395.5,2026-05-05T21:39:23.234469+00:00,71.1941,0.0057,96.7702,-0.0249,0.75,0.0,1500.0,0.0,6.2736
396.0,2026-05-05T21:39:23.734317+00:00,71.2881,0.068,96.6846,-0.0269,0.75,0.0,1500.0,0.0,6.2871
396.5,2026-05-05T21:39:24.234332+00:00,71.3602,0.1159,96.503,-0.0207,0.75,0.0,1500.0,0.0,6.2937
397.0,2026-05-05T21:39:24.734348+00:00,71.2885,0.0255,96.5023,-0.093,0.75,0.0,1500.0,0.0,6.2969
397.5,2026-05-05T21:39:25.240247+00:00,71.2333,0.0196,96.6175,-0.0329,0.75,0.0,1500.0,0.0,6.2985
398.0,2026-05-05T21:39:25.734357+00:00,71.3181,0.015,96.4746,-0.0253,0.75,0.0,1500.0,0.0,6.2993
398.5,2026-05-05T21:39:26.234319+00:00,71.3834,0.0116,96.5962,-0.058,0.75,0.0,1500.0,0.0,6.2996
399.0,2026-05-05T21:39:26.734355+00:00,71.1789,-0.0548,96.5739,-0.0369,0.75,0.0,1500.0,0.0,6.2998
399.5,2026-05-05T21:39:27.234336+00:00,71.0218,-0.1057,96.5337,0.0102,0.75,0.0,1500.0,0.0,6.2999
400.0,2026-05-05T21:39:27.740537+00:00,71.0284,-0.1449,96.7341,0.0773,0.75,0.0,1500.0,0.0,6.2488
400.5,2026-05-05T21:39:28.234345+00:00,71.2879,-0.0477,96.7031,0.0285,0.75,0.0,1500.0,0.0,6.275
401.0,2026-05-05T21:39:28.734336+00:00,71.4874,0.1542,96.6561,0.0605,0.75,0.0,1500.0,0.0,6.2878
401.5,2026-05-05T21:39:29.234468+00:00,71.3862,0.1822,96.8514,0.0851,0.75,0.0,1500.0,0.0,6.294
402.0,2026-05-05T21:39:29.734399+00:00,71.3084,0.14,96.8858,0.104,0.75,0.0,1500.0,0.0,6.2971
402.5,2026-05-05T21:39:30.240527+00:00,71.1213,-0.0833,96.7734,0.0799,0.75,0.0,1500.0,0.0,6.2986
403.0,2026-05-05T21:39:30.734458+00:00,71.2321,-0.1277,96.8258,0.0306,0.75,0.0,1500.0,0.0,6.2993
403.5,2026-05-05T21:39:31.236099+00:00,71.0627,-0.1617,96.9818,0.0929,0.75,0.0,1500.0,0.0,6.2997
404.0,2026-05-05T21:39:31.734310+00:00,71.0598,-0.1243,96.986,0.11,0.75,0.0,1500.0,0.0,6.2998
404.5,2026-05-05T21:39:32.234458+00:00,71.0575,-0.0319,96.9893,0.046,0.75,0.0,1500.0,0.0,6.2999
405.0,2026-05-05T21:39:32.739063+00:00,71.3103,0.0391,97.1074,0.0739,0.75,0.0,1500.0,0.0,6.3
405.5,2026-05-05T21:39:33.234538+00:00,71.3773,0.1573,96.9437,0.0568,0.75,0.0,1500.0,0.0,6.3512
406.0,2026-05-05T21:39:33.734324+00:00,71.0471,-0.0063,96.9568,0.0437,0.75,0.0,1500.0,0.0,6.325
406.5,2026-05-05T21:39:34.234442+00:00,71.175,0.0588,97.0593,0.0258,0.75,0.0,1500.0,0.0,6.3122
407.0,2026-05-05T21:39:34.734311+00:00,71.2733,-0.0185,97.0456,0.0199,0.75,0.0,1500.0,0.0,6.3059
407.5,2026-05-05T21:39:35.242094+00:00,71.2217,-0.0778,97.035,0.0153,0.75,0.0,1500.0,0.0,6.3029
408.0,2026-05-05T21:39:35.734518+00:00,71.1819,0.0674,97.0269,-0.0268,0.75,0.0,1500.0,0.0,6.3014
408.5,2026-05-05T21:39:36.234309+00:00,71.0241,-0.0754,97.0207,0.0257,0.75,0.0,1500.0,0.0,6.3007
409.0,2026-05-05T21:39:36.734551+00:00,70.9029,-0.1852,97.1316,0.0583,0.75,0.0,1500.0,0.0,6.3003
409.50086,2026-05-05T21:39:37.235213+00:00,70.9369,-0.1424,97.2169,0.0525,0.75,0.0,1500.0,0.0,6.3002
410.0,2026-05-05T21:39:37.739218+00:00,71.2176,0.0178,97.1435,0.0326,0.75,0.0,1500.0,0.0,6.3001
410.5,2026-05-05T21:39:38.234444+00:00,71.0516,0.0137,97.226,0.0637,0.75,0.0,1500.0,0.0,6.3
411.0,2026-05-05T21:39:38.734332+00:00,71.0512,0.0742,97.2894,0.0875,0.75,0.0,1500.0,0.0,6.3
411.5,2026-05-05T21:39:39.234467+00:00,71.3055,0.1843,97.4538,0.1444,0.75,0.0,1500.0,0.0,6.3
412.0,2026-05-05T21:39:39.734447+00:00,71.2463,0.0144,97.5802,0.1495,0.75,0.0,1500.0,0.0,6.3
412.5,2026-05-05T21:39:40.240026+00:00,71.2009,0.0747,97.5617,0.1149,0.75,0.0,1500.0,0.0,6.3
413.0,2026-05-05T21:39:40.734534+00:00,71.2933,0.121,97.5474,0.1346,0.75,0.0,1500.0,0.0,6.3
413.5,2026-05-05T21:39:41.234338+00:00,71.3642,0.0294,97.5364,0.1035,0.75,0.0,1500.0,0.0,6.3
414.0,2026-05-05T21:39:41.734547+00:00,71.2915,0.0226,97.4123,0.041,0.75,0.0,1500.0,0.0,6.3
414.5,2026-05-05T21:39:42.234452+00:00,71.4902,0.1446,97.4326,-0.0071,0.75,0.0,1500.0,0.0,6.3
415.0,2026-05-05T21:39:42.741779+00:00,71.6429,0.1748,97.078,-0.1674,0.75,0.0,1500.0,0.0,6.2488
415.5,2026-05-05T21:39:43.234360+00:00,71.7602,0.198,97.0599,-0.1673,0.75,0.0,1500.0,0.0,6.275
416.0,2026-05-05T21:39:43.734347+00:00,71.7231,0.2158,97.046,-0.1671,0.75,0.0,1500.0,0.0,6.2878
416.5,2026-05-05T21:39:44.234345+00:00,71.6946,0.1022,96.804,-0.2441,0.75,0.0,1500.0,0.0,6.294
417.0,2026-05-05T21:39:44.734328+00:00,71.5455,-0.0487,96.5948,-0.2725,0.75,0.0,1500.0,0.0,6.2971
417.5,2026-05-05T21:39:45.238972+00:00,71.5581,-0.1011,96.6886,-0.248,0.75,0.0,1500.0,0.0,6.2986
418.0,2026-05-05T21:39:45.734359+00:00,71.3132,-0.2049,96.7375,-0.1135,0.75,0.0,1500.0,0.0,6.2993
418.5,2026-05-05T21:39:46.234358+00:00,71.2523,-0.2212,96.7751,-0.0949,0.75,0.0,1500.0,0.0,6.2997
419.0,2026-05-05T21:39:46.734325+00:00,71.2055,-0.17,96.7114,-0.1115,0.75,0.0,1500.0,0.0,6.2998
419.5,2026-05-05T21:39:47.234328+00:00,71.1695,-0.1943,96.6625,-0.0472,0.75,0.0,1500.0,0.0,6.2999
420.0,2026-05-05T21:39:47.741786+00:00,71.1419,-0.0857,96.7406,0.0486,0.75,0.0,1500.0,0.0,6.2488
420.5,2026-05-05T21:39:48.234731+00:00,71.2479,-0.0022,96.7081,0.0065,0.75,0.0,1500.0,0.0,6.275
421.0,2026-05-05T21:39:48.734347+00:00,71.2021,-0.0017,96.5211,-0.0721,0.75,0.0,1500.0,0.0,6.2878
421.5,2026-05-05T21:39:49.234446+00:00,71.2942,0.0623,96.6319,-0.0477,0.75,0.0,1500.0,0.0,6.294
422.000001,2026-05-05T21:39:49.734661+00:00,71.2377,0.0479,96.6014,-0.0367,0.75,0.0,1500.0,0.0,6.2971
422.5,2026-05-05T21:39:50.241300+00:00,71.3215,0.0368,96.5548,-0.0359,0.75,0.0,1500.0,0.0,6.2986
423.0,2026-05-05T21:39:50.734373+00:00,71.386,0.0919,96.8892,0.0495,0.75,0.0,1500.0,0.0,6.2481
423.5,2026-05-05T21:39:51.236066+00:00,71.1809,-0.0566,96.8917,0.0612,0.75,0.0,1500.0,0.0,6.2235
424.0,2026-05-05T21:39:51.734305+00:00,71.2779,0.0201,96.9168,0.1319,0.75,0.0,1500.0,0.0,6.2115
424.5,2026-05-05T21:39:52.234321+00:00,71.4797,0.0791,96.936,0.1014,0.75,0.0,1500.0,0.0,6.2056
425.0,2026-05-05T21:39:52.739668+00:00,71.5075,0.0608,96.8351,0.0779,0.75,0.0,1500.0,0.0,6.2027
425.5,2026-05-05T21:39:53.234370+00:00,71.4017,0.1104,96.503,-0.0172,0.75,0.0,1500.0,0.0,6.2525
426.0,2026-05-05T21:39:53.734339+00:00,71.4476,0.0848,96.5023,-0.129,0.75,0.0,1500.0,0.0,6.2768
426.5,2026-05-05T21:39:54.234449+00:00,71.4828,0.0016,96.7332,-0.0528,0.75,0.0,1500.0,0.0,6.2887
427.0,2026-05-05T21:39:54.734304+00:00,71.6372,0.0648,96.9106,-0.002,0.75,0.0,1500.0,0.0,6.2945
427.5,2026-05-05T21:39:55.342244+00:00,71.5013,0.0498,97.047,0.037,0.75,0.0,1500.0,0.0,6.2973
428.0,2026-05-05T21:39:55.734469+00:00,71.6514,0.1019,97.1518,0.1056,0.75,0.0,1500.0,0.0,6.2987
428.5,2026-05-05T21:39:56.234333+00:00,71.6395,0.0783,96.9779,0.1583,0.75,0.0,1500.0,0.0,6.2994
429.0,2026-05-05T21:39:56.734398+00:00,71.6304,-0.0034,96.7516,0.0831,0.75,0.0,1500.0,0.0,6.2997
429.5,2026-05-05T21:39:57.234589+00:00,71.7506,0.1246,96.8091,0.0253,0.75,0.0,1500.0,0.0,6.2998
430.0,2026-05-05T21:39:57.739231+00:00,71.843,0.0958,96.7375,-0.0577,0.75,0.0,1500.0,0.0,6.2487
430.5,2026-05-05T21:39:58.234305+00:00,71.6595,0.01,96.7983,-0.0829,0.75,0.0,1500.0,0.0,6.275
431.0,2026-05-05T21:39:58.734358+00:00,71.6458,0.0077,96.7293,-0.1409,0.75,0.0,1500.0,0.0,6.2878
431.5,2026-05-05T21:39:59.234330+00:00,71.7624,0.0059,96.7919,-0.062,0.75,0.0,1500.0,0.0,6.294
432.0,2026-05-05T21:39:59.734353+00:00,71.7248,-0.0591,97.0483,0.0989,0.75,0.0,1500.0,0.0,6.2971
432.5,2026-05-05T21:40:00.239624+00:00,71.696,0.0182,97.0371,0.076,0.75,0.0,1500.0,0.0,6.2986
433.0,2026-05-05T21:40:00.734311+00:00,71.5465,-0.0496,96.7971,0.0199,0.75,0.0,1500.0,0.0,6.2993
433.5,2026-05-05T21:40:01.234314+00:00,71.3043,-0.2291,96.7052,-0.031,0.75,0.0,1500.0,0.0,6.2997
434.0,2026-05-05T21:40:01.734389+00:00,71.3727,-0.1761,96.6346,-0.0315,0.75,0.0,1500.0,0.0,6.2998
434.5,2026-05-05T21:40:02.234456+00:00,71.5526,-0.0717,96.3721,-0.1399,0.75,0.0,1500.0,0.0,6.2999
435.0,2026-05-05T21:40:02.742993+00:00,71.4363,-0.0551,96.4017,-0.2156,0.75,0.0,1500.0,0.0,6.2488
435.5,2026-05-05T21:40:03.234382+00:00,71.4742,0.0849,96.5401,-0.1657,0.75,0.0,1500.0,0.0,6.275
436.0,2026-05-05T21:40:03.734360+00:00,71.5033,0.0653,96.4383,-0.1196,0.75,0.0,1500.0,0.0,6.2878
436.5,2026-05-05T21:40:04.234309+00:00,71.6529,0.0502,96.6608,-0.0148,0.75,0.0,1500.0,0.0,6.294
437.0,2026-05-05T21:40:04.734389+00:00,71.6407,0.1022,96.855,0.0735,0.75,0.0,1500.0,0.0,6.2971
437.5,2026-05-05T21:40:05.240101+00:00,71.504,0.0149,96.8654,0.1645,0.75,0.0,1500.0,0.0,6.2986
438.0,2026-05-05T21:40:05.734367+00:00,71.6535,0.0751,96.8734,0.1573,0.75,0.0,1500.0,0.0,6.2993
438.5,2026-05-05T21:40:06.236117+00:00,71.6411,-0.0059,97.0184,0.1594,0.75,0.0,1500.0,0.0,6.2997
439.0,2026-05-05T21:40:06.734427+00:00,71.6316,-0.0045,96.9216,0.1611,0.75,0.0,1500.0,0.0,6.2998
439.5,2026-05-05T21:40:07.234327+00:00,71.6243,0.0601,97.0554,0.1315,0.75,0.0,1500.0,0.0,6.2999
440.0,2026-05-05T21:40:07.742051+00:00,71.7459,0.0462,97.1583,0.1011,0.75,0.0,1500.0,0.0,6.3
440.5,2026-05-05T21:40:08.234327+00:00,71.9667,0.1628,97.2374,0.124,0.75,0.0,1500.0,0.0,6.3
441.0,2026-05-05T21:40:08.734326+00:00,72.0091,0.1888,97.2981,0.1416,0.75,0.0,1500.0,0.0,6.3
441.5,2026-05-05T21:40:09.237777+00:00,72.169,0.2724,97.2292,0.0702,0.75,0.0,1500.0,0.0,6.3
442.0,2026-05-05T21:40:09.734315+00:00,72.0373,0.1457,97.2918,0.1234,0.75,0.0,1500.0,0.0,6.3
442.5,2026-05-05T21:40:10.239050+00:00,72.0634,0.0483,97.3169,0.0871,0.75,0.0,1500.0,0.0,6.3
443.0,2026-05-05T21:40:10.734386+00:00,72.0834,0.0372,97.2435,0.0284,0.75,0.0,1500.0,0.0,6.3
443.5,2026-05-05T21:40:11.234465+00:00,71.9716,-0.0987,97.1872,-0.0167,0.75,0.0,1500.0,0.0,6.3
444.0,2026-05-05T21:40:11.734391+00:00,71.8856,-0.0759,97.2364,-0.0206,0.75,0.0,1500.0,0.0,6.3
444.5,2026-05-05T21:40:12.234334+00:00,71.6922,-0.1856,97.1586,-0.0235,0.75,0.0,1500.0,0.0,6.3
445.0,2026-05-05T21:40:12.739532+00:00,71.6709,-0.2063,97.1219,-0.0566,0.75,0.0,1500.0,0.0,6.3
445.5,2026-05-05T21:40:13.234331+00:00,71.7818,-0.0949,97.0937,-0.0744,0.75,0.0,1500.0,0.0,6.3
446.0,2026-05-05T21:40:13.735063+00:00,71.9942,0.0543,97.0489,-0.0649,0.75,0.0,1500.0,0.0,6.3
446.5,2026-05-05T21:40:14.235305+00:00,71.903,0.1054,97.0144,-0.0576,0.75,0.0,1500.0,0.0,6.3
447.0,2026-05-05T21:40:14.734322+00:00,71.8329,0.081,97.1268,-0.0365,0.75,0.0,1500.0,0.0,6.3
447.5,2026-05-05T21:40:15.239805+00:00,71.9063,0.0623,97.0974,-0.0204,0.75,0.0,1500.0,0.0,6.3
448.0,2026-05-05T21:40:15.734334+00:00,71.8354,-0.0794,97.0749,-0.0157,0.75,0.0,1500.0,0.0,6.3
448.501851,2026-05-05T21:40:16.236213+00:00,71.9082,0.0026,97.0576,-0.012,0.75,0.0,1500.0,0.0,6.3
449.0,2026-05-05T21:40:16.734302+00:00,71.8369,0.002,97.2756,0.0756,0.75,0.0,1500.0,0.0,6.3
449.5,2026-05-05T21:40:17.234414+00:00,71.9093,0.0015,97.2119,0.0658,0.75,0.0,1500.0,0.0,6.3
450.0,2026-05-05T21:40:17.740317+00:00,71.8378,0.0012,97.1628,0.012,0.75,0.0,1500.0,0.0,6.2488
450.5,2026-05-05T21:40:18.234543+00:00,71.7827,-0.0627,97.1252,0.0092,0.75,0.0,1500.0,0.0,6.275
451.0,2026-05-05T21:40:18.734341+00:00,71.8677,0.0154,97.0962,0.0071,0.75,0.0,1500.0,0.0,6.2878
451.5,2026-05-05T21:40:19.234335+00:00,71.8058,-0.0518,96.9351,-0.0408,0.75,0.0,1500.0,0.0,6.294
452.0,2026-05-05T21:40:19.734470+00:00,71.7582,-0.0398,97.0427,-0.0777,0.75,0.0,1500.0,0.0,6.2971
452.5,2026-05-05T21:40:20.351559+00:00,71.7216,-0.0306,97.0097,-0.0674,0.75,0.0,1500.0,0.0,6.2986
453.0,2026-05-05T21:40:20.734347+00:00,71.5662,-0.1508,96.8917,-0.0904,0.75,0.0,1500.0,0.0,6.2993
453.5,2026-05-05T21:40:21.234385+00:00,71.574,-0.1159,97.0325,-0.0309,0.75,0.0,1500.0,0.0,6.2997
454.0,2026-05-05T21:40:21.734332+00:00,71.4527,-0.1527,97.1407,0.0148,0.75,0.0,1500.0,0.0,6.2998
454.5,2026-05-05T21:40:22.234308+00:00,71.4868,-0.1174,96.9693,0.0114,0.75,0.0,1500.0,0.0,6.2999
455.0,2026-05-05T21:40:22.739614+00:00,71.6403,0.0371,96.9764,-0.0221,0.75,0.0,1500.0,0.0,6.3
455.5,2026-05-05T21:40:23.234427+00:00,71.631,0.0285,96.9818,-0.0093,0.75,0.0,1500.0,0.0,6.3
456.0,2026-05-05T21:40:23.734309+00:00,71.7511,0.1492,96.986,0.0314,0.75,0.0,1500.0,0.0,6.3
456.5,2026-05-05T21:40:24.234355+00:00,71.8434,0.1783,96.9893,-0.0144,0.75,0.0,1500.0,0.0,6.3
457.0,2026-05-05T21:40:24.734450+00:00,71.7871,0.0734,97.1075,-0.0111,0.75,0.0,1500.0,0.0,6.3
457.5,2026-05-05T21:40:25.238805+00:00,71.6165,-0.0072,96.9669,-0.0008,0.75,0.0,1500.0,0.0,6.3
458.0,2026-05-05T21:40:25.734360+00:00,71.6127,-0.0692,97.0903,0.038,0.75,0.0,1500.0,0.0,6.3
458.5,2026-05-05T21:40:26.234435+00:00,71.737,-0.0532,97.0694,0.0292,0.75,0.0,1500.0,0.0,6.3
459.0,2026-05-05T21:40:26.734326+00:00,71.8326,0.0228,96.8219,-0.0547,0.75,0.0,1500.0,0.0,6.3
459.5,2026-05-05T21:40:27.234344+00:00,71.7788,0.0811,96.9788,-0.0035,0.75,0.0,1500.0,0.0,6.3
460.0,2026-05-05T21:40:27.743472+00:00,71.7374,0.0624,96.6598,-0.1492,0.75,0.0,1500.0,0.0,6.2488
460.5,2026-05-05T21:40:28.234658+00:00,71.7056,-0.0157,96.8542,-0.0376,0.75,0.0,1500.0,0.0,6.275
461.0,2026-05-05T21:40:28.734463+00:00,71.8084,-0.0121,96.8879,-0.0674,0.75,0.0,1500.0,0.0,6.2878
461.5,2026-05-05T21:40:29.234332+00:00,71.6329,-0.0729,96.7982,-0.0904,0.75,0.0,1500.0,0.0,6.294
462.0,2026-05-05T21:40:29.734656+00:00,71.6253,-0.056,96.9606,0.0462,0.75,0.0,1500.0,0.0,6.2971
462.5,2026-05-05T21:40:30.239405+00:00,71.6195,-0.0431,97.0623,0.0278,0.75,0.0,1500.0,0.0,6.2986
463.0,2026-05-05T21:40:30.734325+00:00,71.4877,-0.1604,96.8164,0.0522,0.75,0.0,1500.0,0.0,6.2481
463.5,2026-05-05T21:40:31.234563+00:00,71.6409,0.004,96.8358,-0.0061,0.75,0.0,1500.0,0.0,6.2235
464.0,2026-05-05T21:40:31.734896+00:00,71.886,0.1303,96.9663,0.0261,0.75,0.0,1500.0,0.0,6.2115
464.5,2026-05-05T21:40:32.234320+00:00,71.6926,0.0366,96.8353,0.0124,0.75,0.0,1500.0,0.0,6.2056
465.0,2026-05-05T21:40:32.742335+00:00,71.5439,0.0281,96.9891,0.0095,0.75,0.0,1500.0,0.0,6.2027
465.5,2026-05-05T21:40:33.234568+00:00,71.6841,0.0216,96.9685,-0.0313,0.75,0.0,1500.0,0.0,6.2525
466.0,2026-05-05T21:40:33.734341+00:00,71.9192,0.0166,96.7444,-0.024,0.75,0.0,1500.0,0.0,6.2768
466.5,2026-05-05T21:40:34.234356+00:00,71.8453,0.0764,96.8035,-0.0108,0.75,0.0,1500.0,0.0,6.2887
467.0,2026-05-05T21:40:34.734392+00:00,71.9158,0.186,96.849,-0.0391,0.75,0.0,1500.0,0.0,6.2945
467.5,2026-05-05T21:40:35.241535+00:00,71.97,0.1429,96.7451,-0.0301,0.75,0.0,1500.0,0.0,6.2973
468.000001,2026-05-05T21:40:35.734457+00:00,71.8844,-0.0174,96.6884,-0.1002,0.75,0.0,1500.0,0.0,6.2987
468.5,2026-05-05T21:40:36.234334+00:00,71.8186,-0.0134,96.9919,0.0078,0.75,0.0,1500.0,0.0,6.2994
469.0,2026-05-05T21:40:36.734300+00:00,71.768,-0.0739,96.8549,0.0368,0.75,0.0,1500.0,0.0,6.2997
469.5,2026-05-05T21:40:37.234335+00:00,71.6019,-0.1841,97.0042,0.0669,0.75,0.0,1500.0,0.0,6.2998
470.0,2026-05-05T21:40:37.742400+00:00,71.4742,-0.2051,97.1189,0.09,0.75,0.0,1500.0,0.0,6.2487
470.5,2026-05-05T21:40:38.234302+00:00,71.6305,-0.094,96.7443,-0.0003,0.75,0.0,1500.0,0.0,6.275
471.0,2026-05-05T21:40:38.734451+00:00,71.878,0.055,96.8035,0.0384,0.75,0.0,1500.0,0.0,6.2878
471.5,2026-05-05T21:40:39.234572+00:00,71.8137,0.1059,96.8489,-0.0476,0.75,0.0,1500.0,0.0,6.294
472.0,2026-05-05T21:40:39.734317+00:00,71.637,0.0814,96.7451,-0.0366,0.75,0.0,1500.0,0.0,6.2971
472.5,2026-05-05T21:40:40.240259+00:00,71.7557,0.0626,96.8041,-0.0667,0.75,0.0,1500.0,0.0,6.2986
473.0,2026-05-05T21:40:40.734367+00:00,71.7197,-0.0792,96.618,-0.167,0.75,0.0,1500.0,0.0,6.2993
473.5,2026-05-05T21:40:41.234342+00:00,71.692,-0.0609,96.3362,-0.1361,0.75,0.0,1500.0,0.0,6.2997
474.0,2026-05-05T21:40:41.734292+00:00,71.6707,0.0169,96.5823,-0.0737,0.75,0.0,1500.0,0.0,6.2998
474.5,2026-05-05T21:40:42.234476+00:00,71.5271,-0.1143,96.679,-0.0567,0.75,0.0,1500.0,0.0,6.2999
475.0,2026-05-05T21:40:42.738867+00:00,71.5439,-0.0879,96.6376,-0.0358,0.75,0.0,1500.0,0.0,6.3
475.5,2026-05-05T21:40:43.234317+00:00,71.5569,-0.0675,96.7214,-0.0275,0.75,0.0,1500.0,0.0,6.3
476.0,2026-05-05T21:40:43.734958+00:00,71.5669,-0.0519,96.7628,0.0483,0.75,0.0,1500.0,0.0,6.3
476.5,2026-05-05T21:40:44.234326+00:00,71.4473,-0.0399,96.5863,0.0834,0.75,0.0,1500.0,0.0,6.3
477.0,2026-05-05T21:40:44.734490+00:00,71.4826,-0.0307,96.682,0.0332,0.75,0.0,1500.0,0.0,6.3
477.5,2026-05-05T21:40:45.239819+00:00,71.5098,-0.0236,96.987,0.1027,0.75,0.0,1500.0,0.0,6.3
478.0,2026-05-05T21:40:45.734425+00:00,71.5307,-0.0181,96.8743,0.0789,0.75,0.0,1500.0,0.0,6.3
478.5,2026-05-05T21:40:46.234387+00:00,71.5467,0.0497,97.0191,0.0992,0.75,0.0,1500.0,0.0,6.3
479.0,2026-05-05T21:40:46.738640+00:00,71.559,0.0382,97.1304,0.1225,0.75,0.0,1500.0,0.0,6.3
479.5,2026-05-05T21:40:47.234308+00:00,71.4412,-0.0343,97.1002,0.1713,0.75,0.0,1500.0,0.0,6.3
480.0,2026-05-05T21:40:47.741457+00:00,71.6053,0.0373,97.3084,0.2088,0.75,0.0,1500.0,0.0,6.2488
480.5,2026-05-05T21:40:48.234362+00:00,71.604,0.0287,97.3527,0.1219,0.75,0.0,1500.0,0.0,6.275
481.0,2026-05-05T21:40:48.734430+00:00,71.7304,0.0857,97.3868,0.1708,0.75,0.0,1500.0,0.0,6.2878
481.5,2026-05-05T21:40:49.235673+00:00,71.7002,0.1295,97.5287,0.1699,0.75,0.0,1500.0,0.0,6.294
482.0,2026-05-05T21:40:49.735407+00:00,71.5497,-0.0278,97.2907,0.0534,0.75,0.0,1500.0,0.0,6.2971
482.5,2026-05-05T21:40:50.239142+00:00,71.5614,-0.0213,97.316,0.0719,0.75,0.0,1500.0,0.0,6.2986
483.0,2026-05-05T21:40:50.734324+00:00,71.443,-0.1437,97.2429,-0.0219,0.75,0.0,1500.0,0.0,6.3505
483.5,2026-05-05T21:40:51.235191+00:00,71.4794,-0.1104,96.9553,-0.1325,0.75,0.0,1500.0,0.0,6.3758
484.0,2026-05-05T21:40:51.734379+00:00,71.5073,-0.0212,97.0582,-0.1096,0.75,0.0,1500.0,0.0,6.3882
484.5,2026-05-05T21:40:52.234303+00:00,71.656,0.0473,97.1604,-0.1228,0.75,0.0,1500.0,0.0,6.3942
485.0,2026-05-05T21:40:52.740429+00:00,71.8976,0.2273,97.1233,-0.0558,0.75,0.0,1500.0,0.0,6.3972
485.5,2026-05-05T21:40:53.234337+00:00,71.956,0.2383,97.0948,-0.0737,0.75,0.0,1500.0,0.0,6.3986
486.0,2026-05-05T21:40:53.734334+00:00,72.0009,0.2468,97.0728,-0.0567,0.75,0.0,1500.0,0.0,6.3993
486.5,2026-05-05T21:40:54.234322+00:00,71.9081,0.1261,97.056,0.0336,0.75,0.0,1500.0,0.0,6.3997
487.0,2026-05-05T21:40:54.734328+00:00,71.9641,0.0333,96.9042,-0.0513,0.75,0.0,1500.0,0.0,6.3998
487.5,2026-05-05T21:40:55.240854+00:00,71.7526,-0.1017,96.9264,-0.078,0.75,0.0,1500.0,0.0,6.3999
488.0,2026-05-05T21:40:55.734537+00:00,71.7173,-0.1418,96.9434,-0.06,0.75,0.0,1500.0,0.0,6.3488
488.5,2026-05-05T21:40:56.234339+00:00,71.8174,-0.0454,96.5863,-0.1695,0.75,0.0,1500.0,0.0,6.3238
489.0,2026-05-05T21:40:56.737840+00:00,71.8944,-0.0349,96.4506,-0.2074,0.75,0.0,1500.0,0.0,6.3116
489.5,2026-05-05T21:40:57.234329+00:00,71.699,-0.0268,96.5777,-0.1594,0.75,0.0,1500.0,0.0,6.3057
490.0,2026-05-05T21:40:57.743128+00:00,71.6761,-0.0206,96.5597,-0.1148,0.75,0.0,1500.0,0.0,6.3028
490.5,2026-05-05T21:40:58.235029+00:00,71.7857,-0.0158,96.6385,-0.096,0.75,0.0,1500.0,0.0,6.3013
491.0,2026-05-05T21:40:58.734317+00:00,71.87,-0.0122,96.375,-0.1895,0.75,0.0,1500.0,0.0,6.3007
491.5,2026-05-05T21:40:59.234332+00:00,71.8075,0.0543,96.3808,-0.0685,0.75,0.0,1500.0,0.0,6.3003
492.0,2026-05-05T21:40:59.734469+00:00,71.6322,-0.0219,96.501,0.0168,0.75,0.0,1500.0,0.0,6.3002
492.5,2026-05-05T21:41:00.239012+00:00,71.4975,-0.1441,96.7321,0.0515,0.75,0.0,1500.0,0.0,6.3001
493.0,2026-05-05T21:41:00.734536+00:00,71.6485,-0.1108,96.9098,0.1167,0.75,0.0,1500.0,0.0,6.3512
493.5,2026-05-05T21:41:01.234951+00:00,71.7645,-0.0215,96.9075,0.0897,0.75,0.0,1500.0,0.0,6.3762
494.0,2026-05-05T21:41:01.734321+00:00,71.7265,0.0471,96.9289,0.1846,0.75,0.0,1500.0,0.0,6.3372
494.5,2026-05-05T21:41:02.234337+00:00,71.8245,0.1635,96.9454,0.1882,0.75,0.0,1500.0,0.0,6.3181
495.0,2026-05-05T21:41:02.743209+00:00,71.7725,0.062,96.9349,0.1446,0.75,0.0,1500.0,0.0,6.3089
495.5,2026-05-05T21:41:03.234309+00:00,71.8599,0.0477,96.9499,0.0726,0.75,0.0,1500.0,0.0,6.3043
496.0,2026-05-05T21:41:03.734339+00:00,71.6725,-0.027,96.8458,-0.0213,0.75,0.0,1500.0,0.0,6.3021
496.5,2026-05-05T21:41:04.234375+00:00,71.6557,-0.0844,96.8815,-0.0087,0.75,0.0,1500.0,0.0,6.301
497.0,2026-05-05T21:41:04.734306+00:00,71.6428,-0.0649,96.9089,-0.0067,0.75,0.0,1500.0,0.0,6.3005
497.5,2026-05-05T21:41:05.243465+00:00,71.6329,-0.1135,96.6755,-0.09,0.75,0.0,1500.0,0.0,6.3002
498.0,2026-05-05T21:41:05.735056+00:00,71.6253,-0.0236,96.6349,-0.1,0.75,0.0,1500.0,0.0,6.3001
498.5,2026-05-05T21:41:06.234320+00:00,71.6194,-0.0181,96.4648,-0.1617,0.75,0.0,1500.0,0.0,6.3001
499.0,2026-05-05T21:41:06.734321+00:00,71.7422,0.0497,96.5655,-0.0934,0.75,0.0,1500.0,0.0,6.3
499.5,2026-05-05T21:41:07.234369+00:00,71.7093,0.0382,96.7818,-0.0333,0.75,0.0,1500.0,0.0,6.3
500.0,2026-05-05T21:41:07.740911+00:00,71.684,0.0294,96.6009,-0.1027,0.75,0.0,1500.0,0.0,6.3
500.5,2026-05-05T21:41:08.234336+00:00,71.6646,0.0226,96.5775,-0.0326,0.75,0.0,1500.0,0.0,6.3
501.0,2026-05-05T21:41:08.734538+00:00,71.7769,0.0173,96.5596,-0.0251,0.75,0.0,1500.0,0.0,6.3
501.5,2026-05-05T21:41:09.234941+00:00,71.8632,0.077,96.4532,-0.0039,0.75,0.0,1500.0,0.0,6.3
502.0,2026-05-05T21:41:09.734383+00:00,71.9296,0.1228,96.4409,-0.0415,0.75,0.0,1500.0,0.0,6.3
502.5,2026-05-05T21:41:10.241573+00:00,72.1079,0.2216,96.686,-0.0319,0.75,0.0,1500.0,0.0,6.3
503.0,2026-05-05T21:41:10.734325+00:00,72.1176,0.1704,96.5273,-0.0245,0.75,0.0,1500.0,0.0,6.3
503.5,2026-05-05T21:41:11.234291+00:00,72.2524,0.1946,96.4052,-0.0574,0.75,0.0,1500.0,0.0,6.3
504.0,2026-05-05T21:41:11.734329+00:00,72.2287,0.1495,96.6586,0.033,0.75,0.0,1500.0,0.0,6.3
504.5,2026-05-05T21:41:12.234302+00:00,72.0832,-0.0123,96.6219,0.0562,0.75,0.0,1500.0,0.0,6.3
505.0,2026-05-05T21:41:12.740093+00:00,72.0987,-0.0095,96.8251,0.1281,0.75,0.0,1500.0,0.0,6.3
505.5,2026-05-05T21:41:13.235334+00:00,71.9833,-0.1346,96.9813,0.0984,0.75,0.0,1500.0,0.0,6.3
506.0,2026-05-05T21:41:13.734329+00:00,71.7673,-0.2307,96.9856,0.1528,0.75,0.0,1500.0,0.0,6.3
506.5,2026-05-05T21:41:14.234516+00:00,71.8559,-0.1137,97.1046,0.2331,0.75,0.0,1500.0,0.0,6.3
507.0,2026-05-05T21:41:14.734984+00:00,71.7967,-0.151,97.0573,0.1329,0.75,0.0,1500.0,0.0,6.3
507.5,2026-05-05T21:41:15.238508+00:00,72.0057,0.0112,96.9283,0.1021,0.75,0.0,1500.0,0.0,6.3
508.0,2026-05-05T21:41:15.734323+00:00,72.0391,0.1359,96.8061,-0.0063,0.75,0.0,1500.0,0.0,6.3
508.500469,2026-05-05T21:41:16.235010+00:00,72.192,0.1681,96.8509,-0.0434,0.75,0.0,1500.0,0.0,6.3
509.0,2026-05-05T21:41:16.734315+00:00,72.3096,0.2565,96.6309,-0.1182,0.75,0.0,1500.0,0.0,6.3
509.5,2026-05-05T21:41:17.234327+00:00,71.8908,-0.0574,96.7163,-0.1294,0.75,0.0,1500.0,0.0,6.3
510.0,2026-05-05T21:41:17.746788+00:00,71.8235,-0.1078,96.7588,-0.0995,0.75,0.0,1500.0,0.0,6.3
510.5,2026-05-05T21:41:18.234314+00:00,71.7718,-0.2101,96.9072,-0.007,0.75,0.0,1500.0,0.0,6.3
511.0,2026-05-05T21:41:18.734313+00:00,71.8593,-0.2251,96.9287,0.0409,0.75,0.0,1500.0,0.0,6.3
511.5,2026-05-05T21:41:19.234346+00:00,71.672,-0.1094,96.8526,0.0006,0.75,0.0,1500.0,0.0,6.3
512.0,2026-05-05T21:41:19.734453+00:00,71.6554,-0.0841,97.0024,0.1238,0.75,0.0,1500.0,0.0,6.3
512.5,2026-05-05T21:41:20.240126+00:00,71.7698,-0.001,97.1176,0.1338,0.75,0.0,1500.0,0.0,6.3
513.0,2026-05-05T21:41:20.734331+00:00,71.7305,-0.0644,96.9515,0.0642,0.75,0.0,1500.0,0.0,6.3
513.5,2026-05-05T21:41:21.234332+00:00,71.8276,0.0778,96.9627,0.0185,0.75,0.0,1500.0,0.0,6.3
514.0,2026-05-05T21:41:21.734464+00:00,71.9022,0.1234,97.0639,0.0451,0.75,0.0,1500.0,0.0,6.3
514.5,2026-05-05T21:41:22.234303+00:00,71.8323,0.0312,96.8177,-0.0116,0.75,0.0,1500.0,0.0,6.3
515.0,2026-05-05T21:41:22.739742+00:00,71.7785,0.024,96.7211,-0.0938,0.75,0.0,1500.0,0.0,6.3
515.5,2026-05-05T21:41:23.234310+00:00,71.8645,0.0184,96.7856,-0.1106,0.75,0.0,1500.0,0.0,6.3
516.0,2026-05-05T21:41:23.734333+00:00,71.9306,0.0142,96.6964,-0.085,0.75,0.0,1500.0,0.0,6.3
516.5,2026-05-05T21:41:24.234345+00:00,71.8541,0.0109,96.8823,-0.0268,0.75,0.0,1500.0,0.0,6.3
517.0,2026-05-05T21:41:24.734360+00:00,71.7953,0.0084,96.9096,-0.0515,0.75,0.0,1500.0,0.0,6.3
517.5,2026-05-05T21:41:25.242265+00:00,71.8774,0.0064,96.7917,-0.0087,0.75,0.0,1500.0,0.0,6.3
518.0,2026-05-05T21:41:25.734400+00:00,72.0677,0.0686,96.8399,0.0396,0.75,0.0,1500.0,0.0,6.3
518.5,2026-05-05T21:41:26.234563+00:00,72.214,0.18,97.1083,0.1076,0.75,0.0,1500.0,0.0,6.3
519.0,2026-05-05T21:41:26.734326+00:00,72.1992,0.202,97.1064,0.1367,0.75,0.0,1500.0,0.0,6.3
519.5,2026-05-05T21:41:27.234318+00:00,72.1878,0.1552,97.1975,0.105,0.75,0.0,1500.0,0.0,6.3
520.0,2026-05-05T21:41:27.744611+00:00,72.1791,0.0557,97.1518,0.0807,0.75,0.0,1500.0,0.0,6.2488
520.5,2026-05-05T21:41:28.234331+00:00,72.1723,-0.0208,96.9778,0.0621,0.75,0.0,1500.0,0.0,6.275
521.0,2026-05-05T21:41:28.734544+00:00,72.0399,-0.0797,96.983,0.0477,0.75,0.0,1500.0,0.0,6.2878
521.5,2026-05-05T21:41:29.234880+00:00,72.1926,0.0024,96.8481,-0.0868,0.75,0.0,1500.0,0.0,6.294
522.0,2026-05-05T21:41:29.734310+00:00,72.3101,0.0655,96.7675,-0.113,0.75,0.0,1500.0,0.0,6.2971
522.5,2026-05-05T21:41:30.241709+00:00,72.273,0.0503,96.8213,-0.1254,0.75,0.0,1500.0,0.0,6.2986
523.0,2026-05-05T21:41:30.734922+00:00,72.2445,0.1023,96.8627,-0.0964,0.75,0.0,1500.0,0.0,6.2993
523.5,2026-05-05T21:41:31.234316+00:00,72.2227,0.015,96.987,0.0031,0.75,0.0,1500.0,0.0,6.2997
524.0,2026-05-05T21:41:31.734489+00:00,72.2059,-0.0521,97.1057,0.0409,0.75,0.0,1500.0,0.0,6.2998
524.5,2026-05-05T21:41:32.234347+00:00,72.1929,-0.04,96.8267,-0.0071,0.75,0.0,1500.0,0.0,6.2999
525.0,2026-05-05T21:41:32.739130+00:00,72.183,-0.0308,96.9594,0.064,0.75,0.0,1500.0,0.0,6.2488
525.5,2026-05-05T21:41:33.234446+00:00,72.1754,-0.0237,96.8299,0.0029,0.75,0.0,1500.0,0.0,6.275
526.0,2026-05-05T21:41:33.734337+00:00,72.0422,-0.0818,96.7536,-0.0364,0.75,0.0,1500.0,0.0,6.2878
526.5,2026-05-05T21:41:34.234307+00:00,72.0672,-0.0629,96.9263,-0.0202,0.75,0.0,1500.0,0.0,6.294
527.0,2026-05-05T21:41:34.734536+00:00,72.2136,0.0153,96.9202,-0.0618,0.75,0.0,1500.0,0.0,6.2459
527.5,2026-05-05T21:41:35.240536+00:00,72.3262,0.0754,96.7073,-0.0398,0.75,0.0,1500.0,0.0,6.2224
528.0,2026-05-05T21:41:35.734385+00:00,72.2854,0.1216,96.775,-0.0615,0.75,0.0,1500.0,0.0,6.2621
528.5,2026-05-05T21:41:36.234302+00:00,72.2541,0.0934,96.5725,-0.0858,0.75,0.0,1500.0,0.0,6.2815
529.0,2026-05-05T21:41:36.734351+00:00,72.1027,-0.0554,96.4169,-0.1122,0.75,0.0,1500.0,0.0,6.291
529.5,2026-05-05T21:41:37.234526+00:00,71.9864,-0.1699,96.3204,-0.202,0.75,0.0,1500.0,0.0,6.2956
530.0,2026-05-05T21:41:37.739128+00:00,71.7697,-0.2578,96.5934,-0.1089,0.75,0.0,1500.0,0.0,6.2979
530.5,2026-05-05T21:41:38.234344+00:00,71.985,-0.1345,96.5718,-0.0452,0.75,0.0,1500.0,0.0,6.299
531.0,2026-05-05T21:41:38.734349+00:00,72.1504,0.0239,96.7634,-0.0039,0.75,0.0,1500.0,0.0,6.2995
531.5,2026-05-05T21:41:39.234444+00:00,72.2776,0.1456,96.9339,0.1204,0.75,0.0,1500.0,0.0,6.2998
532.0,2026-05-05T21:41:39.734330+00:00,72.2481,0.2392,96.8335,0.1389,0.75,0.0,1500.0,0.0,6.2999
532.5,2026-05-05T21:41:40.241089+00:00,72.2254,0.1202,96.8489,0.1761,0.75,0.0,1500.0,0.0,6.2999
533.0,2026-05-05T21:41:40.734342+00:00,72.2079,0.0288,96.7681,0.0583,0.75,0.0,1500.0,0.0,6.3
533.5,2026-05-05T21:41:41.234512+00:00,72.1945,-0.0415,96.7061,0.0448,0.75,0.0,1500.0,0.0,6.3
534.0,2026-05-05T21:41:41.734306+00:00,72.1842,-0.0319,96.8898,0.0421,0.75,0.0,1500.0,0.0,6.3
534.5,2026-05-05T21:41:42.234977+00:00,72.1763,-0.0245,97.0079,0.0247,0.75,0.0,1500.0,0.0,6.3
535.0,2026-05-05T21:41:42.741626+00:00,72.2975,0.0448,96.7746,-0.0196,0.75,0.0,1500.0,0.0,6.3
535.5,2026-05-05T21:41:43.234310+00:00,72.2634,0.0344,96.8268,-0.0074,0.75,0.0,1500.0,0.0,6.3
536.0,2026-05-05T21:41:43.734317+00:00,72.1099,-0.0372,97.0983,0.11,0.75,0.0,1500.0,0.0,6.3
536.5,2026-05-05T21:41:44.234332+00:00,72.2464,0.0351,97.1912,0.1617,0.75,0.0,1500.0,0.0,6.3
537.0,2026-05-05T21:41:44.734643+00:00,72.2241,-0.0367,97.2627,0.1243,0.75,0.0,1500.0,0.0,6.3
537.5,2026-05-05T21:41:45.243323+00:00,72.207,-0.0282,97.3176,0.1032,0.75,0.0,1500.0,0.0,6.3
538.0,2026-05-05T21:41:45.734340+00:00,72.0665,-0.0217,97.3598,0.1951,0.75,0.0,1500.0,0.0,6.3
538.5,2026-05-05T21:41:46.234490+00:00,72.0858,-0.0803,97.2765,0.1499,0.75,0.0,1500.0,0.0,6.3
539.0,2026-05-05T21:41:46.734344+00:00,71.9734,-0.1253,97.3283,0.0767,0.75,0.0,1500.0,0.0,6.3
539.5,2026-05-05T21:41:47.234356+00:00,72.0143,-0.0963,97.2523,0.0204,0.75,0.0,1500.0,0.0,6.3
540.0,2026-05-05T21:41:47.739053+00:00,72.1729,0.0532,97.2865,0.0079,0.75,0.0,1500.0,0.0,6.3
540.5,2026-05-05T21:41:48.234351+00:00,72.0404,-0.0227,97.2202,-0.0325,0.75,0.0,1500.0,0.0,6.3
541.0,2026-05-05T21:41:48.734300+00:00,72.193,0.1098,97.2849,-0.025,0.75,0.0,1500.0,0.0,6.3
541.5,2026-05-05T21:41:49.234369+00:00,71.8012,-0.1065,97.219,-0.0192,0.75,0.0,1500.0,0.0,6.3
542.0,2026-05-05T21:41:49.734485+00:00,71.8819,-0.1455,96.7055,-0.2076,0.75,0.0,1500.0,0.0,6.3
542.5,2026-05-05T21:41:50.239085+00:00,71.8167,-0.1118,96.8894,-0.121,0.75,0.0,1500.0,0.0,6.3
543.0,2026-05-05T21:41:50.734463+00:00,72.0211,-0.086,97.0307,-0.0853,0.75,0.0,1500.0,0.0,6.3
543.5,2026-05-05T21:41:51.234337+00:00,72.1782,0.1885,96.9079,-0.1041,0.75,0.0,1500.0,0.0,6.3
544.0,2026-05-05T21:41:51.734356+00:00,72.2989,0.2085,97.0449,-0.08,0.75,0.0,1500.0,0.0,6.3
544.5,2026-05-05T21:41:52.235304+00:00,72.1372,0.1603,97.1502,-0.0229,0.75,0.0,1500.0,0.0,6.3
545.0,2026-05-05T21:41:52.741272+00:00,72.1402,0.0595,96.9997,0.0981,0.75,0.0,1500.0,0.0,6.3
545.5,2026-05-05T21:41:53.234300+00:00,72.1424,-0.0179,96.8841,-0.0018,0.75,0.0,1500.0,0.0,6.3
546.0,2026-05-05T21:41:53.734335+00:00,72.2715,-0.0137,96.9109,-0.0399,0.75,0.0,1500.0,0.0,6.3
546.5,2026-05-05T21:41:54.234434+00:00,72.1161,-0.0106,96.9315,0.0079,0.75,0.0,1500.0,0.0,6.3
547.0,2026-05-05T21:41:54.734326+00:00,72.2512,0.0555,97.0399,-0.0017,0.75,0.0,1500.0,0.0,6.3
547.5,2026-05-05T21:41:55.244842+00:00,72.1005,-0.021,97.1464,-0.0013,0.75,0.0,1500.0,0.0,6.3
548.0,2026-05-05T21:41:55.734319+00:00,71.8574,-0.207,97.0894,0.0299,0.75,0.0,1500.0,0.0,6.3
548.5,2026-05-05T21:41:56.235886+00:00,71.6706,-0.2227,97.1613,0.0924,0.75,0.0,1500.0,0.0,6.3
549.000282,2026-05-05T21:41:56.735311+00:00,71.6543,-0.2985,97.1239,0.071,0.75,0.0,1500.0,0.0,6.3
549.5,2026-05-05T21:41:57.234368+00:00,71.6417,-0.2294,97.0953,0.0546,0.75,0.0,1500.0,0.0,6.3
550.0,2026-05-05T21:41:57.742808+00:00,71.8866,0.0146,96.9344,-0.0352,0.75,0.0,1500.0,0.0,6.2488
550.5,2026-05-05T21:41:58.235782+00:00,71.9475,0.1385,96.9496,-0.0656,0.75,0.0,1500.0,0.0,6.275
551.0,2026-05-05T21:41:58.734336+00:00,71.9944,0.1701,97.0769,-0.0041,0.75,0.0,1500.0,0.0,6.2878
551.5,2026-05-05T21:41:59.234667+00:00,72.0304,0.1944,96.9666,-0.0649,0.75,0.0,1500.0,0.0,6.294
552.0,2026-05-05T21:41:59.734382+00:00,72.1853,0.1494,96.8586,-0.0884,0.75,0.0,1500.0,0.0,6.2971
552.5,2026-05-05T21:42:00.240500+00:00,72.0499,0.0512,96.9839,-0.0371,0.75,0.0,1500.0,0.0,6.2986
553.0,2026-05-05T21:42:00.734691+00:00,72.3276,0.1666,96.9876,0.0177,0.75,0.0,1500.0,0.0,6.2993
553.5,2026-05-05T21:42:01.234346+00:00,72.2865,0.1281,96.8516,-0.0326,0.75,0.0,1500.0,0.0,6.2997
554.0,2026-05-05T21:42:01.734305+00:00,72.2549,0.0348,96.886,-0.0637,0.75,0.0,1500.0,0.0,6.2998
554.5,2026-05-05T21:42:02.234341+00:00,72.3579,0.154,97.0281,0.0205,0.75,0.0,1500.0,0.0,6.2999
555.0,2026-05-05T21:42:02.741168+00:00,72.4371,0.0547,96.9059,0.0158,0.75,0.0,1500.0,0.0,6.3
555.5,2026-05-05T21:42:03.234465+00:00,72.4979,0.1057,96.8119,-0.0573,0.75,0.0,1500.0,0.0,6.3
556.0,2026-05-05T21:42:03.734414+00:00,72.5447,0.1449,96.7166,-0.0903,0.75,0.0,1500.0,0.0,6.3
556.5,2026-05-05T21:42:04.234334+00:00,72.4533,0.0477,96.6665,-0.0617,0.75,0.0,1500.0,0.0,6.3
557.0,2026-05-05T21:42:04.734411+00:00,72.3832,-0.027,96.5123,-0.1246,0.75,0.0,1500.0,0.0,6.3
557.5,2026-05-05T21:42:05.239728+00:00,72.4565,-0.0207,96.7408,-0.0957,0.75,0.0,1500.0,0.0,6.3
558.0,2026-05-05T21:42:05.734346+00:00,72.5128,-0.0159,96.5694,-0.1122,0.75,0.0,1500.0,0.0,6.3
558.5,2026-05-05T21:42:06.234657+00:00,72.4289,-0.0122,96.7616,-0.0168,0.75,0.0,1500.0,0.0,6.3
559.0,2026-05-05T21:42:06.734460+00:00,72.4916,0.0542,96.7936,0.0257,0.75,0.0,1500.0,0.0,6.3
559.5,2026-05-05T21:42:07.234305+00:00,72.4126,-0.022,96.8414,0.0583,0.75,0.0,1500.0,0.0,6.3
560.0,2026-05-05T21:42:07.741417+00:00,72.3518,-0.0805,96.9938,0.1605,0.75,0.0,1500.0,0.0,6.2488
560.5,2026-05-05T21:42:08.236152+00:00,72.3051,-0.0619,96.9952,0.0848,0.75,0.0,1500.0,0.0,6.275
561.0,2026-05-05T21:42:08.734336+00:00,72.2692,-0.1112,96.8575,0.096,0.75,0.0,1500.0,0.0,6.339
561.5,2026-05-05T21:42:09.234500+00:00,72.1144,-0.1491,96.7748,0.0044,0.75,0.0,1500.0,0.0,6.3702
562.0,2026-05-05T21:42:09.734533+00:00,72.2499,-0.051,96.8269,0.0111,0.75,0.0,1500.0,0.0,6.3855
562.5,2026-05-05T21:42:10.242264+00:00,72.0995,-0.1028,96.7512,-0.03,0.75,0.0,1500.0,0.0,6.3929
563.0,2026-05-05T21:42:10.734392+00:00,72.2385,-0.0154,96.7162,-0.0925,0.75,0.0,1500.0,0.0,6.3965
563.5,2026-05-05T21:42:11.234388+00:00,72.218,0.0518,96.7819,-0.0711,0.75,0.0,1500.0,0.0,6.3983
564.0,2026-05-05T21:42:11.734372+00:00,72.3295,0.0398,96.4853,-0.1241,0.75,0.0,1500.0,0.0,6.3992
564.5,2026-05-05T21:42:12.234356+00:00,72.1607,0.0306,96.7201,-0.0182,0.75,0.0,1500.0,0.0,6.3996
565.0,2026-05-05T21:42:12.740343+00:00,72.1582,-0.0401,96.5535,-0.0911,0.75,0.0,1500.0,0.0,6.3998
565.5,2026-05-05T21:42:13.237478+00:00,72.0291,-0.0945,96.3097,-0.1472,0.75,0.0,1500.0,0.0,6.3999
566.0,2026-05-05T21:42:13.734327+00:00,72.057,-0.1362,96.1223,-0.198,0.75,0.0,1500.0,0.0,6.4
566.5,2026-05-05T21:42:14.234313+00:00,72.2058,0.0226,96.3254,-0.1522,0.75,0.0,1500.0,0.0,6.4
567.0,2026-05-05T21:42:14.734429+00:00,72.3202,0.081,96.3658,-0.0398,0.75,0.0,1500.0,0.0,6.4
567.5,2026-05-05T21:42:15.238864+00:00,72.2808,0.1259,96.3969,-0.1077,0.75,0.0,1500.0,0.0,6.4
568.0,2026-05-05T21:42:15.734729+00:00,72.2505,0.0967,96.6521,0.0329,0.75,0.0,1500.0,0.0,6.3488
568.5,2026-05-05T21:42:16.234355+00:00,72.2273,0.0107,96.8483,0.1795,0.75,0.0,1500.0,0.0,6.3238
569.0,2026-05-05T21:42:16.734567+00:00,72.3367,0.0082,96.9991,0.2923,0.75,0.0,1500.0,0.0,6.3116
569.5,2026-05-05T21:42:17.234330+00:00,72.2935,0.0063,96.8836,0.1861,0.75,0.0,1500.0,0.0,6.3057
570.000021,2026-05-05T21:42:17.739820+00:00,72.2603,0.0049,96.8874,0.1739,0.75,0.0,1500.0,0.0,6.3028
570.5,2026-05-05T21:42:18.234316+00:00,72.1075,-0.0599,96.6821,0.0951,0.75,0.0,1500.0,0.0,6.3014
571.0,2026-05-05T21:42:18.734323+00:00,71.9901,-0.1733,96.8713,0.0731,0.75,0.0,1500.0,0.0,6.3007
571.5,2026-05-05T21:42:19.234321+00:00,72.0271,-0.1332,96.6929,-0.0518,0.75,0.0,1500.0,0.0,6.3003
572.000001,2026-05-05T21:42:19.734476+00:00,71.9282,-0.166,96.8796,-0.0398,0.75,0.0,1500.0,0.0,6.3002
572.5,2026-05-05T21:42:20.240615+00:00,71.9796,-0.064,96.9075,0.008,0.75,0.0,1500.0,0.0,6.3001
573.0,2026-05-05T21:42:20.734324+00:00,72.1463,0.0781,96.6975,-0.0633,0.75,0.0,1500.0,0.0,6.3
573.5,2026-05-05T21:42:21.234520+00:00,72.1471,0.06,96.6286,-0.0178,0.75,0.0,1500.0,0.0,6.3
574.0,2026-05-05T21:42:21.734317+00:00,72.1478,0.1098,96.7146,-0.0523,0.75,0.0,1500.0,0.0,6.3
574.5,2026-05-05T21:42:22.234336+00:00,72.1483,0.0844,96.7806,0.0293,0.75,0.0,1500.0,0.0,6.3
575.0,2026-05-05T21:42:22.741049+00:00,72.276,0.0649,96.9471,0.0225,0.75,0.0,1500.0,0.0,6.3
575.5,2026-05-05T21:42:23.234359+00:00,71.9923,-0.0774,96.9593,0.0173,0.75,0.0,1500.0,0.0,6.3
576.0,2026-05-05T21:42:23.734324+00:00,72.0288,-0.0595,96.9456,0.0827,0.75,0.0,1500.0,0.0,6.3
576.5,2026-05-05T21:42:24.234499+00:00,72.0568,-0.0457,96.9582,0.1098,0.75,0.0,1500.0,0.0,6.3
577.0,2026-05-05T21:42:24.734321+00:00,72.0784,-0.0988,96.9447,0.0767,0.75,0.0,1500.0,0.0,6.3
577.5,2026-05-05T21:42:25.240314+00:00,72.4768,0.2422,96.8187,0.0127,0.75,0.0,1500.0,0.0,6.3
578.0,2026-05-05T21:42:25.734308+00:00,72.5284,0.2498,96.7218,-0.0751,0.75,0.0,1500.0,0.0,6.3
578.5,2026-05-05T21:42:26.235006+00:00,72.4409,0.192,96.7862,-0.0577,0.75,0.0,1500.0,0.0,6.3
579.0,2026-05-05T21:42:26.734302+00:00,72.5008,0.2112,96.72,-0.0752,0.75,0.0,1500.0,0.0,6.3
579.5,2026-05-05T21:42:27.234354+00:00,72.4196,-0.0286,96.9005,-0.0192,0.75,0.0,1500.0,0.0,6.3
580.0,2026-05-05T21:42:27.740432+00:00,72.4845,-0.022,96.9466,0.0006,0.75,0.0,1500.0,0.0,6.3
580.5,2026-05-05T21:42:28.234305+00:00,72.5344,0.0468,96.9358,0.0391,0.75,0.0,1500.0,0.0,6.3
581.0,2026-05-05T21:42:28.734329+00:00,72.5727,0.0359,97.0664,0.1149,0.75,0.0,1500.0,0.0,6.3
581.5,2026-05-05T21:42:29.235132+00:00,72.4749,0.0276,97.051,0.0883,0.75,0.0,1500.0,0.0,6.3
582.0,2026-05-05T21:42:29.734331+00:00,72.2724,-0.106,97.0392,0.1064,0.75,0.0,1500.0,0.0,6.3
582.5,2026-05-05T21:42:30.239398+00:00,72.3714,-0.0815,97.1458,0.0818,0.75,0.0,1500.0,0.0,6.3
583.001786,2026-05-05T21:42:30.736152+00:00,72.1929,-0.1899,96.9964,0.0166,0.75,0.0,1500.0,0.0,6.3
583.5,2026-05-05T21:42:31.234323+00:00,72.183,-0.146,97.1129,0.059,0.75,0.0,1500.0,0.0,6.3
584.0,2026-05-05T21:42:31.734534+00:00,72.3026,0.0151,97.2025,0.0454,0.75,0.0,1500.0,0.0,6.3
584.5,2026-05-05T21:42:32.234346+00:00,72.14,-0.1157,96.9011,-0.05,0.75,0.0,1500.0,0.0,6.3
585.0,2026-05-05T21:42:32.738603+00:00,72.1423,-0.0253,96.8083,-0.077,0.75,0.0,1500.0,0.0,6.3
585.5,2026-05-05T21:42:33.234331+00:00,72.0168,-0.0831,96.7369,-0.1363,0.75,0.0,1500.0,0.0,6.3
586.0,2026-05-05T21:42:33.734376+00:00,72.1749,-0.0638,96.7747,-0.0739,0.75,0.0,1500.0,0.0,6.3
586.5,2026-05-05T21:42:34.235010+00:00,72.2964,0.0782,96.9194,-0.0645,0.75,0.0,1500.0,0.0,6.3
587.0,2026-05-05T21:42:34.734502+00:00,72.3898,0.1237,96.938,-0.0882,0.75,0.0,1500.0,0.0,6.3
587.501073,2026-05-05T21:42:35.240864+00:00,72.4616,0.2224,96.8367,-0.0215,0.75,0.0,1500.0,0.0,6.3
588.0,2026-05-05T21:42:35.734310+00:00,72.5168,0.1709,96.9902,0.0606,0.75,0.0,1500.0,0.0,6.3
588.5,2026-05-05T21:42:36.234441+00:00,72.5592,0.1314,97.1081,0.1237,0.75,0.0,1500.0,0.0,6.3
589.0,2026-05-05T21:42:36.734320+00:00,72.4645,0.0373,97.0831,0.1028,0.75,0.0,1500.0,0.0,6.3
589.5,2026-05-05T21:42:37.234341+00:00,72.3917,-0.0349,97.1796,0.0867,0.75,0.0,1500.0,0.0,6.3
590.0,2026-05-05T21:42:37.743615+00:00,72.463,-0.0269,97.2537,0.1052,0.75,0.0,1500.0,0.0,6.2488
590.5,2026-05-05T21:42:38.234347+00:00,72.3906,-0.0843,97.195,0.1194,0.75,0.0,1500.0,0.0,6.275
591.0,2026-05-05T21:42:38.734328+00:00,72.4622,-0.0011,97.2656,0.0918,0.75,0.0,1500.0,0.0,6.2878
591.501783,2026-05-05T21:42:39.236736+00:00,72.39,-0.0009,97.2041,0.032,0.75,0.0,1500.0,0.0,6.294
592.0,2026-05-05T21:42:39.734343+00:00,72.4617,-0.0007,97.3652,0.094,0.75,0.0,1500.0,0.0,6.2971
592.5,2026-05-05T21:42:40.239029+00:00,72.5168,0.0631,97.2807,0.0337,0.75,0.0,1500.0,0.0,6.2986
593.0,2026-05-05T21:42:40.734358+00:00,72.5592,0.0485,97.3314,0.0259,0.75,0.0,1500.0,0.0,6.2993
593.5,2026-05-05T21:42:41.234315+00:00,72.4645,0.0373,97.3704,0.0585,0.75,0.0,1500.0,0.0,6.2997
594.0,2026-05-05T21:42:41.734336+00:00,72.519,0.0287,97.2847,0.0064,0.75,0.0,1500.0,0.0,6.2998
594.5,2026-05-05T21:42:42.234600+00:00,72.4336,-0.0416,97.2188,0.0049,0.75,0.0,1500.0,0.0,6.2999
595.0,2026-05-05T21:42:42.740675+00:00,72.2407,-0.1592,97.1682,-0.0657,0.75,0.0,1500.0,0.0,6.3
595.5,2026-05-05T21:42:43.234437+00:00,72.347,-0.0588,97.245,-0.0119,0.75,0.0,1500.0,0.0,6.3
596.0,2026-05-05T21:42:43.734316+00:00,72.4287,-0.0452,97.0957,-0.0786,0.75,0.0,1500.0,0.0,6.3
596.5,2026-05-05T21:42:44.234452+00:00,72.3642,-0.0347,97.0736,-0.099,0.75,0.0,1500.0,0.0,6.3
597.0,2026-05-05T21:42:44.734364+00:00,72.1874,-0.0267,97.1491,-0.0452,0.75,0.0,1500.0,0.0,6.3
597.5,2026-05-05T21:42:45.241468+00:00,72.306,-0.0205,96.9989,-0.0733,0.75,0.0,1500.0,0.0,6.3
598.0,2026-05-05T21:42:45.734450+00:00,72.1426,-0.143,96.8835,-0.0949,0.75,0.0,1500.0,0.0,6.2488
598.5,2026-05-05T21:42:46.234550+00:00,72.2716,-0.0463,96.9104,-0.1115,0.75,0.0,1500.0,0.0,6.2238
599.000192,2026-05-05T21:42:46.734510+00:00,72.2435,0.028,96.8386,-0.0857,0.75,0.0,1500.0,0.0,6.2116
599.5,2026-05-05T21:42:47.234309+00:00,72.2218,-0.0421,96.8759,-0.0659,0.75,0.0,1500.0,0.0,6.2057
600.0,2026-05-05T21:42:47.739207+00:00,72.3325,0.0949,96.7889,-0.1201,0.75,0.0,1500.0,0.0,6.2028
600.5,2026-05-05T21:42:48.234334+00:00,72.163,-0.0543,96.6064,-0.1308,0.75,0.0,1500.0,0.0,6.2526
601.0,2026-05-05T21:42:48.734632+00:00,72.16,-0.0417,96.4661,-0.1391,0.75,0.0,1500.0,0.0,6.2768
601.5,2026-05-05T21:42:49.234416+00:00,72.2849,0.0316,96.4739,-0.1455,0.75,0.0,1500.0,0.0,6.2887
602.0,2026-05-05T21:42:49.734347+00:00,72.2537,-0.0394,96.3643,-0.1581,0.75,0.0,1500.0,0.0,6.2945
602.5,2026-05-05T21:42:50.239090+00:00,72.1024,-0.0303,96.6271,-0.083,0.75,0.0,1500.0,0.0,6.2973
603.0,2026-05-05T21:42:50.734604+00:00,71.9862,-0.0869,96.7134,-0.0252,0.75,0.0,1500.0,0.0,6.2987
603.5,2026-05-05T21:42:51.234343+00:00,71.8968,-0.1941,96.664,0.0192,0.75,0.0,1500.0,0.0,6.2994
604.0,2026-05-05T21:42:51.734451+00:00,71.9554,-0.1492,96.7417,0.0919,0.75,0.0,1500.0,0.0,6.2997
604.5,2026-05-05T21:42:52.234440+00:00,71.8732,-0.1146,96.8015,0.1092,0.75,0.0,1500.0,0.0,6.2998
605.0,2026-05-05T21:42:52.739998+00:00,72.0645,0.0392,96.7317,0.1225,0.75,0.0,1500.0,0.0,6.2999
605.5,2026-05-05T21:42:53.234452+00:00,71.957,0.0301,96.9095,0.0941,0.75,0.0,1500.0,0.0,6.3
606.0,2026-05-05T21:42:53.734323+00:00,72.1289,0.0868,96.7916,0.0261,0.75,0.0,1500.0,0.0,6.3
606.5,2026-05-05T21:42:54.239543+00:00,72.2611,0.194,96.7241,0.02,0.75,0.0,1500.0,0.0,6.3
607.0,2026-05-05T21:42:54.734310+00:00,72.3626,0.1491,96.788,0.0154,0.75,0.0,1500.0,0.0,6.3
607.5,2026-05-05T21:42:55.241251+00:00,72.3134,0.1782,96.7213,-0.0267,0.75,0.0,1500.0,0.0,6.3
608.000016,2026-05-05T21:42:55.734483+00:00,72.2756,0.0733,96.5544,-0.0591,0.75,0.0,1500.0,0.0,6.3
608.5,2026-05-05T21:42:56.234321+00:00,72.2466,-0.0073,96.5418,-0.1226,0.75,0.0,1500.0,0.0,6.3
609.0,2026-05-05T21:42:56.735465+00:00,72.2242,-0.0692,96.4164,-0.1251,0.75,0.0,1500.0,0.0,6.3
609.5,2026-05-05T21:42:57.236264+00:00,72.207,-0.0532,96.4358,-0.0961,0.75,0.0,1500.0,0.0,6.3
610.0,2026-05-05T21:42:57.739834+00:00,72.3211,0.0227,96.682,-0.0353,0.75,0.0,1500.0,0.0,6.3
610.5,2026-05-05T21:42:58.234378+00:00,72.4088,0.0811,96.7325,0.0037,0.75,0.0,1500.0,0.0,6.3
611.0,2026-05-05T21:42:58.734475+00:00,72.3489,0.0623,96.5398,-0.0049,0.75,0.0,1500.0,0.0,6.3
611.5,2026-05-05T21:42:59.234339+00:00,72.4301,0.1116,96.6463,0.0348,0.75,0.0,1500.0,0.0,6.3
612.0,2026-05-05T21:42:59.735993+00:00,72.3653,0.0221,96.7282,0.1039,0.75,0.0,1500.0,0.0,6.3
612.5,2026-05-05T21:43:00.245806+00:00,72.3155,-0.0466,96.5365,0.0336,0.75,0.0,1500.0,0.0,6.3
613.0,2026-05-05T21:43:00.734327+00:00,72.2772,-0.0359,96.5049,-0.059,0.75,0.0,1500.0,0.0,6.2488
613.5,2026-05-05T21:43:01.234330+00:00,72.375,-0.0276,96.6195,-0.0377,0.75,0.0,1500.0,0.0,6.2238
614.0,2026-05-05T21:43:01.734293+00:00,72.4502,0.0425,96.453,-0.0289,0.75,0.0,1500.0,0.0,6.2116
614.5,2026-05-05T21:43:02.234303+00:00,72.508,0.0963,96.325,-0.1071,0.75,0.0,1500.0,0.0,6.2057
615.0,2026-05-05T21:43:02.740570+00:00,72.5525,0.1376,96.3655,-0.1209,0.75,0.0,1500.0,0.0,6.2028
615.5,2026-05-05T21:43:03.235536+00:00,72.5866,0.1058,96.5123,-0.0081,0.75,0.0,1500.0,0.0,6.2526
616.0,2026-05-05T21:43:03.734328+00:00,72.6128,0.0813,96.3706,-0.0448,0.75,0.0,1500.0,0.0,6.2768
616.5,2026-05-05T21:43:04.234414+00:00,72.633,0.0625,96.4237,-0.0653,0.75,0.0,1500.0,0.0,6.2887
617.0,2026-05-05T21:43:04.734462+00:00,72.6485,0.048,96.5571,0.0347,0.75,0.0,1500.0,0.0,6.2945
617.5,2026-05-05T21:43:05.239178+00:00,72.4059,-0.0904,96.5207,0.0652,0.75,0.0,1500.0,0.0,6.2973
618.0,2026-05-05T21:43:05.734342+00:00,72.4739,-0.0694,96.6085,0.081,0.75,0.0,1500.0,0.0,6.2987
618.5,2026-05-05T21:43:06.234483+00:00,72.0172,-0.3079,96.5834,0.0237,0.75,0.0,1500.0,0.0,6.2994
619.0,2026-05-05T21:43:06.734324+00:00,72.1752,-0.2367,96.217,-0.0512,0.75,0.0,1500.0,0.0,6.2997
619.5,2026-05-05T21:43:07.234300+00:00,72.2966,-0.0546,96.375,-0.0162,0.75,0.0,1500.0,0.0,6.2998
620.0,2026-05-05T21:43:07.741397+00:00,72.39,-0.042,96.5197,-0.0125,0.75,0.0,1500.0,0.0,6.2999
620.5,2026-05-05T21:43:08.234370+00:00,72.4617,0.2223,96.168,-0.1176,0.75,0.0,1500.0,0.0,6.3
621.0,2026-05-05T21:43:08.734317+00:00,72.3896,0.1072,96.3605,-0.0827,0.75,0.0,1500.0,0.0,6.3
621.5,2026-05-05T21:43:09.234405+00:00,72.4614,0.0824,96.6242,0.0136,0.75,0.0,1500.0,0.0,6.3
622.0,2026-05-05T21:43:09.734327+00:00,72.2621,-0.0639,96.5955,0.1262,0.75,0.0,1500.0,0.0,6.3
622.5,2026-05-05T21:43:10.238677+00:00,72.3634,-0.0491,96.5734,0.0661,0.75,0.0,1500.0,0.0,6.3
623.0,2026-05-05T21:43:10.734394+00:00,72.4413,0.0259,96.7878,0.0894,0.75,0.0,1500.0,0.0,6.2488
623.5,2026-05-05T21:43:11.234321+00:00,72.5012,0.0199,96.7212,0.1844,0.75,0.0,1500.0,0.0,6.2238
624.0,2026-05-05T21:43:11.734480+00:00,72.5472,0.1425,96.7857,0.1417,0.75,0.0,1500.0,0.0,6.2116
624.5,2026-05-05T21:43:12.234478+00:00,72.328,-0.0177,96.9279,0.1012,0.75,0.0,1500.0,0.0,6.2057
625.0,2026-05-05T21:43:12.740981+00:00,72.4141,-0.0136,96.8057,0.0701,0.75,0.0,1500.0,0.0,6.2028
625.5,2026-05-05T21:43:13.234481+00:00,72.4802,-0.0105,96.8507,0.0924,0.75,0.0,1500.0,0.0,6.2526
626.0,2026-05-05T21:43:13.734548+00:00,72.4038,-0.0717,97.0009,0.071,0.75,0.0,1500.0,0.0,6.2768
626.5,2026-05-05T21:43:14.234345+00:00,72.3451,0.0085,97.0007,0.0932,0.75,0.0,1500.0,0.0,6.2887
627.0,2026-05-05T21:43:14.734319+00:00,72.4272,0.0066,97.0005,0.0716,0.75,0.0,1500.0,0.0,6.2945
627.5,2026-05-05T21:43:15.246904+00:00,72.3631,-0.0586,97.1161,0.0628,0.75,0.0,1500.0,0.0,6.2973
628.0,2026-05-05T21:43:15.734332+00:00,72.3138,-0.045,96.9967,0.0637,0.75,0.0,1500.0,0.0,6.2987
628.5,2026-05-05T21:43:16.234552+00:00,72.4031,0.029,96.9975,0.0489,0.75,0.0,1500.0,0.0,6.2994
629.0,2026-05-05T21:43:16.734996+00:00,72.3446,-0.0413,96.998,-0.001,0.75,0.0,1500.0,0.0,6.2997
629.5,2026-05-05T21:43:17.234300+00:00,72.2995,-0.0318,96.9985,-0.0007,0.75,0.0,1500.0,0.0,6.2998
630.0,2026-05-05T21:43:17.741403+00:00,72.2649,-0.0244,96.6286,-0.124,0.75,0.0,1500.0,0.0,6.2999
630.5,2026-05-05T21:43:18.234353+00:00,72.2383,-0.0824,96.5988,-0.1724,0.75,0.0,1500.0,0.0,6.3
631.0,2026-05-05T21:43:18.734326+00:00,72.2179,-0.0633,96.6917,-0.1017,0.75,0.0,1500.0,0.0,6.3
631.5,2026-05-05T21:43:19.234318+00:00,72.4567,0.0786,96.8787,-0.0396,0.75,0.0,1500.0,0.0,6.3
632.0,2026-05-05T21:43:19.734437+00:00,72.513,0.124,97.0225,0.0081,0.75,0.0,1500.0,0.0,6.3
632.5,2026-05-05T21:43:20.238970+00:00,72.5563,0.159,97.0173,0.0063,0.75,0.0,1500.0,0.0,6.3
633.0,2026-05-05T21:43:20.734322+00:00,72.5895,0.1858,97.129,0.1668,0.75,0.0,1500.0,0.0,6.3
633.500233,2026-05-05T21:43:21.235097+00:00,72.6151,0.0792,97.076,0.1591,0.75,0.0,1500.0,0.0,6.3
634.0,2026-05-05T21:43:21.734322+00:00,72.762,0.1245,97.0584,0.1222,0.75,0.0,1500.0,0.0,6.3
634.5,2026-05-05T21:43:22.234335+00:00,72.7477,0.0957,97.2763,0.1325,0.75,0.0,1500.0,0.0,6.3
635.0,2026-05-05T21:43:22.740324+00:00,72.7366,0.0735,97.3281,0.1019,0.75,0.0,1500.0,0.0,6.3
635.5,2026-05-05T21:43:23.234431+00:00,72.7282,0.0565,97.2521,0.0783,0.75,0.0,1500.0,0.0,6.3
636.0,2026-05-05T21:43:23.734395+00:00,72.5944,-0.0838,97.2864,0.0525,0.75,0.0,1500.0,0.0,6.3
636.5,2026-05-05T21:43:24.234320+00:00,72.6188,-0.0644,97.2201,0.048,0.75,0.0,1500.0,0.0,6.3
637.0,2026-05-05T21:43:24.734469+00:00,72.6376,-0.0495,97.4006,0.1141,0.75,0.0,1500.0,0.0,6.3
637.5,2026-05-05T21:43:25.240182+00:00,72.3975,-0.1653,97.4236,0.0491,0.75,0.0,1500.0,0.0,6.3
638.0,2026-05-05T21:43:25.734300+00:00,72.3402,-0.1271,97.1867,-0.0471,0.75,0.0,1500.0,0.0,6.2488
638.5,2026-05-05T21:43:26.234310+00:00,72.4235,-0.0977,97.2592,0.0024,0.75,0.0,1500.0,0.0,6.2238
639.0,2026-05-05T21:43:26.734337+00:00,72.4875,-0.0751,97.1992,-0.029,0.75,0.0,1500.0,0.0,6.2116
639.5,2026-05-05T21:43:27.234297+00:00,72.5366,0.0696,97.0374,-0.0609,0.75,0.0,1500.0,0.0,6.2057
640.0,2026-05-05T21:43:27.741449+00:00,72.5744,0.1171,97.1445,-0.0854,0.75,0.0,1500.0,0.0,6.2028
640.5,2026-05-05T21:43:28.234320+00:00,72.6035,0.09,97.0879,-0.1119,0.75,0.0,1500.0,0.0,6.2526
641.0,2026-05-05T21:43:28.734322+00:00,72.3713,-0.0581,96.9519,-0.0783,0.75,0.0,1500.0,0.0,6.2768
641.5,2026-05-05T21:43:29.234305+00:00,72.4474,-0.0446,96.963,-0.0987,0.75,0.0,1500.0,0.0,6.2887
642.0,2026-05-05T21:43:29.734483+00:00,72.5058,-0.0343,97.0873,-0.0373,0.75,0.0,1500.0,0.0,6.2945
642.5,2026-05-05T21:43:30.243735+00:00,72.4235,-0.09,96.9745,-0.021,0.75,0.0,1500.0,0.0,6.2973
643.0,2026-05-05T21:43:30.734332+00:00,72.4875,0.0581,96.9804,-0.0547,0.75,0.0,1500.0,0.0,6.2987
643.5,2026-05-05T21:43:31.235000+00:00,72.6639,0.1083,96.8924,-0.0652,0.75,0.0,1500.0,0.0,6.2994
644.0,2026-05-05T21:43:31.734371+00:00,72.6723,0.0832,96.6859,-0.0887,0.75,0.0,1500.0,0.0,6.2997
644.5,2026-05-05T21:43:32.234301+00:00,72.6787,0.1276,96.7586,-0.0681,0.75,0.0,1500.0,0.0,6.2998
645.0,2026-05-05T21:43:32.741466+00:00,72.5563,0.0344,96.6987,-0.1295,0.75,0.0,1500.0,0.0,6.2999
645.5,2026-05-05T21:43:33.234332+00:00,72.5896,-0.0372,96.7684,-0.0687,0.75,0.0,1500.0,0.0,6.3
646.0,2026-05-05T21:43:33.734347+00:00,72.6151,-0.0286,96.9377,-0.0142,0.75,0.0,1500.0,0.0,6.3
646.5,2026-05-05T21:43:34.234436+00:00,72.5075,-0.0856,96.9521,0.0199,0.75,0.0,1500.0,0.0,6.3
647.0,2026-05-05T21:43:34.734334+00:00,72.6793,0.0615,96.8475,0.0539,0.75,0.0,1500.0,0.0,6.3
647.5,2026-05-05T21:43:35.239052+00:00,72.5568,-0.0164,96.8828,0.0414,0.75,0.0,1500.0,0.0,6.3
648.0,2026-05-05T21:43:35.734328+00:00,72.4627,-0.0762,96.6785,-0.0067,0.75,0.0,1500.0,0.0,6.3512
648.5,2026-05-05T21:43:36.234342+00:00,72.3903,-0.0586,96.6141,-0.0515,0.75,0.0,1500.0,0.0,6.3762
649.0,2026-05-05T21:43:36.734315+00:00,72.3347,-0.1723,96.7034,-0.0781,0.75,0.0,1500.0,0.0,6.3372
649.5,2026-05-05T21:43:37.234521+00:00,72.292,-0.1324,96.772,-0.06,0.75,0.0,1500.0,0.0,6.3181
650.0,2026-05-05T21:43:37.741598+00:00,72.2591,-0.1018,96.5934,-0.0847,0.75,0.0,1500.0,0.0,6.3089
650.5,2026-05-05T21:43:38.234338+00:00,72.3611,-0.0146,96.6875,-0.0651,0.75,0.0,1500.0,0.0,6.3555
651.0,2026-05-05T21:43:38.734464+00:00,72.4396,0.0524,96.7366,0.0194,0.75,0.0,1500.0,0.0,6.3783
651.5,2026-05-05T21:43:39.234345+00:00,72.3726,0.0403,96.6819,0.0226,0.75,0.0,1500.0,0.0,6.3894
652.0,2026-05-05T21:43:39.734303+00:00,72.4483,0.0946,96.8481,0.0482,0.75,0.0,1500.0,0.0,6.3948
652.5,2026-05-05T21:43:40.239209+00:00,72.5066,0.0727,96.9989,0.0756,0.75,0.0,1500.0,0.0,6.3975
653.0,2026-05-05T21:43:40.734460+00:00,72.6786,0.1195,96.9992,0.1353,0.75,0.0,1500.0,0.0,6.3988
653.5,2026-05-05T21:43:41.234417+00:00,72.8108,0.2191,96.9994,0.104,0.75,0.0,1500.0,0.0,6.3994
654.0,2026-05-05T21:43:41.735954+00:00,72.9124,0.2321,96.9995,0.0876,0.75,0.0,1500.0,0.0,6.3485
654.5,2026-05-05T21:43:42.234319+00:00,72.736,0.1147,96.8608,0.0596,0.75,0.0,1500.0,0.0,6.3237
655.0,2026-05-05T21:43:42.739794+00:00,72.855,0.0882,96.893,0.015,0.75,0.0,1500.0,0.0,6.3116
655.5,2026-05-05T21:43:43.234476+00:00,72.9464,0.0678,97.0335,0.0115,0.75,0.0,1500.0,0.0,6.3568
656.0,2026-05-05T21:43:43.734311+00:00,72.8894,-0.0115,96.7943,-0.0683,0.75,0.0,1500.0,0.0,6.3789
656.5,2026-05-05T21:43:44.234377+00:00,72.8455,0.0548,96.7031,-0.0988,0.75,0.0,1500.0,0.0,6.3897
657.0,2026-05-05T21:43:44.734397+00:00,72.8119,-0.0215,96.7718,-0.0759,0.75,0.0,1500.0,0.0,6.3438
657.5,2026-05-05T21:43:45.240455+00:00,72.786,-0.0802,96.4775,-0.1278,0.75,0.0,1500.0,0.0,6.3214
658.0,2026-05-05T21:43:45.734306+00:00,72.6388,-0.1253,96.7141,-0.0596,0.75,0.0,1500.0,0.0,6.3104
658.5,2026-05-05T21:43:46.234582+00:00,72.653,-0.0963,96.6646,-0.123,0.75,0.0,1500.0,0.0,6.3051
659.0,2026-05-05T21:43:46.734451+00:00,72.7911,-0.0104,96.5108,-0.0945,0.75,0.0,1500.0,0.0,6.3025
659.5,2026-05-05T21:43:47.234538+00:00,72.6428,-0.0716,96.5083,-0.0649,0.75,0.0,1500.0,0.0,6.3012
660.0,2026-05-05T21:43:47.742411+00:00,72.656,0.0086,96.6221,-0.0499,0.75,0.0,1500.0,0.0,6.3006
660.5,2026-05-05T21:43:48.234390+00:00,72.6662,0.0066,96.4781,0.0002,0.75,0.0,1500.0,0.0,6.3515
661.0,2026-05-05T21:43:48.734307+00:00,72.674,-0.0586,96.6914,-0.0076,0.75,0.0,1500.0,0.0,6.3763
661.5,2026-05-05T21:43:49.234429+00:00,72.68,0.0186,96.6471,-0.0058,0.75,0.0,1500.0,0.0,6.3884
662.0,2026-05-05T21:43:49.734337+00:00,72.8119,0.078,96.7288,0.0727,0.75,0.0,1500.0,0.0,6.3432
662.5,2026-05-05T21:43:50.238989+00:00,72.786,0.0599,96.7916,0.0944,0.75,0.0,1500.0,0.0,6.3211
663.0,2026-05-05T21:43:50.734375+00:00,72.7661,0.0461,96.8166,0.0649,0.75,0.0,1500.0,0.0,6.3615
663.5,2026-05-05T21:43:51.234303+00:00,72.6235,-0.0282,96.8591,0.127,0.75,0.0,1500.0,0.0,6.3812
664.0,2026-05-05T21:43:51.735166+00:00,72.6412,-0.0853,96.8917,0.0667,0.75,0.0,1500.0,0.0,6.3908
664.5,2026-05-05T21:43:52.235379+00:00,72.7821,-0.002,97.1481,0.167,0.75,0.0,1500.0,0.0,6.3955
665.0,2026-05-05T21:43:52.741228+00:00,72.6358,-0.0651,97.1139,0.1284,0.75,0.0,1500.0,0.0,6.3466
665.5,2026-05-05T21:43:53.234330+00:00,72.9052,0.1408,97.0875,0.0987,0.75,0.0,1500.0,0.0,6.3227
666.0,2026-05-05T21:43:53.734344+00:00,72.985,0.1719,97.1598,0.1144,0.75,0.0,1500.0,0.0,6.3111
666.5,2026-05-05T21:43:54.234573+00:00,73.0463,0.1321,97.2385,0.1265,0.75,0.0,1500.0,0.0,6.3054
667.0,2026-05-05T21:43:54.734308+00:00,72.9662,0.1652,97.2759,0.1281,0.75,0.0,1500.0,0.0,6.3026
667.5,2026-05-05T21:43:55.341050+00:00,72.9046,-0.0003,97.0732,-0.025,0.75,0.0,1500.0,0.0,6.3013
668.0,2026-05-05T21:43:55.734304+00:00,72.9845,-0.0002,97.172,0.0194,0.75,0.0,1500.0,0.0,6.3006
668.5,2026-05-05T21:43:56.234325+00:00,73.046,-0.0002,97.2479,0.0535,0.75,0.0,1500.0,0.0,6.3003
669.0,2026-05-05T21:43:56.734324+00:00,72.9659,-0.0001,97.2831,0.0411,0.75,0.0,1500.0,0.0,6.3001
669.5,2026-05-05T21:43:57.236097+00:00,72.7771,-0.0637,97.3333,0.0316,0.75,0.0,1500.0,0.0,6.3001
670.0,2026-05-05T21:43:57.744816+00:00,72.7593,-0.1126,97.2562,-0.0066,0.75,0.0,1500.0,0.0,6.3
670.5,2026-05-05T21:43:58.234339+00:00,72.6183,-0.2138,97.058,-0.0051,0.75,0.0,1500.0,0.0,6.3
671.0,2026-05-05T21:43:58.734910+00:00,72.6372,-0.1644,97.1372,-0.0116,0.75,0.0,1500.0,0.0,6.3
671.5,2026-05-05T21:43:59.235068+00:00,72.779,0.0009,96.9666,-0.0938,0.75,0.0,1500.0,0.0,6.3
672.0,2026-05-05T21:43:59.734342+00:00,72.6334,-0.0629,96.9743,-0.1029,0.75,0.0,1500.0,0.0,6.3
672.5,2026-05-05T21:44:00.241052+00:00,72.7761,0.0789,97.096,-0.0791,0.75,0.0,1500.0,0.0,6.3
673.0,2026-05-05T21:44:00.734346+00:00,72.6312,-0.003,97.0506,-0.0685,0.75,0.0,1500.0,0.0,6.3
673.5,2026-05-05T21:44:01.234311+00:00,72.6471,-0.0659,97.0389,-0.0064,0.75,0.0,1500.0,0.0,6.3
674.0,2026-05-05T21:44:01.734293+00:00,72.6594,0.013,97.1456,0.0028,0.75,0.0,1500.0,0.0,6.3
674.5,2026-05-05T21:44:02.234342+00:00,72.6688,-0.0537,96.8805,-0.0287,0.75,0.0,1500.0,0.0,6.3
675.0,2026-05-05T21:44:02.742784+00:00,72.5487,-0.0413,96.7925,-0.0606,0.75,0.0,1500.0,0.0,6.3
675.5,2026-05-05T21:44:03.234338+00:00,72.5837,-0.0317,96.7248,-0.1237,0.75,0.0,1500.0,0.0,6.3512
676.00088,2026-05-05T21:44:03.735205+00:00,72.4834,-0.088,96.6496,-0.1337,0.75,0.0,1500.0,0.0,6.3762
676.5,2026-05-05T21:44:04.234333+00:00,72.5335,-0.0676,96.615,-0.1413,0.75,0.0,1500.0,0.0,6.3884
677.0,2026-05-05T21:44:04.734329+00:00,72.572,0.0116,96.4727,-0.2243,0.75,0.0,1500.0,0.0,6.3431
677.5,2026-05-05T21:44:05.240232+00:00,72.6016,0.009,96.479,-0.1338,0.75,0.0,1500.0,0.0,6.321
678.0,2026-05-05T21:44:05.734333+00:00,72.4971,0.0069,96.4839,-0.1029,0.75,0.0,1500.0,0.0,6.3103
678.5,2026-05-05T21:44:06.234335+00:00,72.4168,-0.0583,96.719,-0.0019,0.75,0.0,1500.0,0.0,6.305
679.0,2026-05-05T21:44:06.735015+00:00,72.3551,-0.1085,96.6452,-0.0015,0.75,0.0,1500.0,0.0,6.3024
679.5,2026-05-05T21:44:07.234299+00:00,72.3076,-0.147,96.7041,0.0297,0.75,0.0,1500.0,0.0,6.3012
680.0,2026-05-05T21:44:07.741455+00:00,72.5257,0.0143,96.7726,0.1,0.75,0.0,1500.0,0.0,6.3006
680.5,2026-05-05T21:44:08.234307+00:00,72.566,0.0746,96.8484,0.1231,0.75,0.0,1500.0,0.0,6.3003
681.0,2026-05-05T21:44:08.734296+00:00,72.7243,0.1846,96.8603,0.1255,0.75,0.0,1500.0,0.0,6.3001
681.5,2026-05-05T21:44:09.234575+00:00,72.9732,0.3328,96.8926,0.0579,0.75,0.0,1500.0,0.0,6.3001
682.0,2026-05-05T21:44:09.734388+00:00,72.91,0.1922,96.6861,0.0136,0.75,0.0,1500.0,0.0,6.3
682.5,2026-05-05T21:44:10.238893+00:00,72.7341,0.0841,96.6199,-0.0281,0.75,0.0,1500.0,0.0,6.3
683.0,2026-05-05T21:44:10.734308+00:00,72.7262,0.001,96.7078,-0.0216,0.75,0.0,1500.0,0.0,6.3
683.5,2026-05-05T21:44:11.234338+00:00,72.5929,-0.1902,96.7754,-0.0243,0.75,0.0,1500.0,0.0,6.3
684.0,2026-05-05T21:44:11.734306+00:00,72.8722,-0.0189,96.8274,-0.011,0.75,0.0,1500.0,0.0,6.3
684.5,2026-05-05T21:44:12.234552+00:00,72.7051,-0.0145,96.7285,-0.0547,0.75,0.0,1500.0,0.0,6.3
685.0,2026-05-05T21:44:12.742652+00:00,72.5766,-0.0748,96.4442,-0.0806,0.75,0.0,1500.0,0.0,6.3
685.5,2026-05-05T21:44:13.234316+00:00,72.7325,0.0698,96.3414,-0.0928,0.75,0.0,1500.0,0.0,6.3
686.0,2026-05-05T21:44:13.734423+00:00,72.5977,-0.1373,96.4938,-0.0713,0.75,0.0,1500.0,0.0,6.3
686.5,2026-05-05T21:44:14.234337+00:00,72.6214,-0.0419,96.4721,-0.1011,0.75,0.0,1500.0,0.0,6.3
687.0,2026-05-05T21:44:14.734326+00:00,72.6396,0.0315,96.4786,-0.1163,0.75,0.0,1500.0,0.0,6.3
687.5,2026-05-05T21:44:15.241082+00:00,72.6535,-0.0395,96.5992,-0.0431,0.75,0.0,1500.0,0.0,6.3
688.0,2026-05-05T21:44:15.734396+00:00,72.537,-0.0303,96.5763,0.044,0.75,0.0,1500.0,0.0,6.3
688.5,2026-05-05T21:44:16.234355+00:00,72.5747,-0.0233,96.6743,0.111,0.75,0.0,1500.0,0.0,6.3
689.0,2026-05-05T21:44:16.734341+00:00,72.4765,-0.0816,96.634,0.0467,0.75,0.0,1500.0,0.0,6.3
689.500916,2026-05-05T21:44:17.235682+00:00,72.5282,-0.0627,96.5104,0.0128,0.75,0.0,1500.0,0.0,6.3
690.0,2026-05-05T21:44:17.740354+00:00,72.5679,0.0155,96.3923,-0.0288,0.75,0.0,1500.0,0.0,6.2488
690.5,2026-05-05T21:44:18.234344+00:00,72.5985,0.0119,96.4172,-0.0607,0.75,0.0,1500.0,0.0,6.275
691.0,2026-05-05T21:44:18.734725+00:00,72.4947,0.0091,96.4364,-0.0466,0.75,0.0,1500.0,0.0,6.2878
691.5,2026-05-05T21:44:19.234299+00:00,72.6695,0.0707,96.2197,-0.1515,0.75,0.0,1500.0,0.0,6.294
692.0,2026-05-05T21:44:19.734361+00:00,72.5493,-0.0093,96.2614,-0.1242,0.75,0.0,1500.0,0.0,6.2971
692.5,2026-05-05T21:44:20.343271+00:00,72.5842,-0.0072,96.548,0.0125,0.75,0.0,1500.0,0.0,6.2986
693.0,2026-05-05T21:44:20.734345+00:00,72.611,0.0581,96.3055,-0.0289,0.75,0.0,1500.0,0.0,6.2993
693.5,2026-05-05T21:44:21.234460+00:00,72.7588,0.0447,96.4662,0.0163,0.75,0.0,1500.0,0.0,6.2997
694.0,2026-05-05T21:44:21.734746+00:00,72.618,0.0343,96.5897,0.0511,0.75,0.0,1500.0,0.0,6.2998
694.5,2026-05-05T21:44:22.234337+00:00,72.7642,0.09,96.4301,0.0701,0.75,0.0,1500.0,0.0,6.2999
695.0,2026-05-05T21:44:22.738824+00:00,72.7493,0.0692,96.562,0.1002,0.75,0.0,1500.0,0.0,6.3
695.5,2026-05-05T21:44:23.235722+00:00,72.7379,-0.0105,96.7791,0.077,0.75,0.0,1500.0,0.0,6.3
696.0,2026-05-05T21:44:23.734310+00:00,72.6019,-0.008,96.8302,0.1749,0.75,0.0,1500.0,0.0,6.3
696.5,2026-05-05T21:44:24.234392+00:00,72.7519,-0.0062,96.9852,0.173,0.75,0.0,1500.0,0.0,6.3
697.0,2026-05-05T21:44:24.734449+00:00,72.6126,-0.0684,97.1043,0.1715,0.75,0.0,1500.0,0.0,6.3
697.5,2026-05-05T21:44:25.238533+00:00,72.6328,-0.0526,97.1959,0.2552,0.75,0.0,1500.0,0.0,6.3
698.0,2026-05-05T21:44:25.734489+00:00,72.7756,0.0869,97.1505,0.1962,0.75,0.0,1500.0,0.0,6.3
698.5,2026-05-05T21:44:26.234352+00:00,72.7581,0.0031,97.1157,0.1122,0.75,0.0,1500.0,0.0,6.3
699.0,2026-05-05T21:44:26.734326+00:00,72.7447,0.066,97.2046,0.1248,0.75,0.0,1500.0,0.0,6.3
699.5,2026-05-05T21:44:27.234543+00:00,72.7343,0.0508,97.0184,0.0111,0.75,0.0,1500.0,0.0,6.3
700.0,2026-05-05T21:44:27.743061+00:00,72.7264,-0.0246,96.7828,-0.1072,0.75,0.0,1500.0,0.0,6.3
700.5,2026-05-05T21:44:28.234301+00:00,72.7203,-0.0189,96.7173,-0.1595,0.75,0.0,1500.0,0.0,6.3
701.000001,2026-05-05T21:44:28.734774+00:00,72.7156,-0.0145,96.7827,-0.1226,0.75,0.0,1500.0,0.0,6.3
701.5,2026-05-05T21:44:29.234343+00:00,72.8393,0.0525,96.6942,-0.1405,0.75,0.0,1500.0,0.0,6.3
702.0,2026-05-05T21:44:29.734308+00:00,72.807,0.0403,96.6492,-0.1851,0.75,0.0,1500.0,0.0,6.3
702.5,2026-05-05T21:44:30.239587+00:00,72.655,-0.0326,96.7304,-0.096,0.75,0.0,1500.0,0.0,6.3
703.0,2026-05-05T21:44:30.734348+00:00,72.7927,0.0385,96.654,-0.0429,0.75,0.0,1500.0,0.0,6.3
703.5,2026-05-05T21:44:31.234343+00:00,72.7712,-0.034,96.734,0.0056,0.75,0.0,1500.0,0.0,6.3
704.0,2026-05-05T21:44:31.734538+00:00,72.882,0.0375,96.7724,-0.0034,0.75,0.0,1500.0,0.0,6.3
704.5,2026-05-05T21:44:32.234330+00:00,72.7126,0.0288,96.478,-0.0721,0.75,0.0,1500.0,0.0,6.3
705.0,2026-05-05T21:44:32.738790+00:00,72.7097,-0.0415,96.5988,-0.0168,0.75,0.0,1500.0,0.0,6.2488
705.5,2026-05-05T21:44:33.234988+00:00,72.8347,0.0317,96.8073,0.0256,0.75,0.0,1500.0,0.0,6.275
706.0,2026-05-05T21:44:33.735008+00:00,72.8036,-0.0392,96.8519,0.066,0.75,0.0,1500.0,0.0,6.2878
706.5,2026-05-05T21:44:34.234326+00:00,72.9069,0.0971,97.0019,0.0893,0.75,0.0,1500.0,0.0,6.294
707.0,2026-05-05T21:44:34.734425+00:00,72.7317,0.011,97.0014,0.0763,0.75,0.0,1500.0,0.0,6.2971
707.5,2026-05-05T21:44:35.241294+00:00,72.5971,-0.1188,96.978,0.1667,0.75,0.0,1500.0,0.0,6.2986
708.0,2026-05-05T21:44:35.734334+00:00,72.7482,-0.0277,97.0988,0.1667,0.75,0.0,1500.0,0.0,6.2993
708.5,2026-05-05T21:44:36.234409+00:00,72.8643,-0.0213,97.1916,0.1281,0.75,0.0,1500.0,0.0,6.2997
709.0,2026-05-05T21:44:36.734407+00:00,72.8263,0.0473,97.263,0.137,0.75,0.0,1500.0,0.0,6.2486
709.5,2026-05-05T21:44:37.234450+00:00,72.7971,0.1,97.4335,0.1439,0.75,0.0,1500.0,0.0,6.2237
710.0,2026-05-05T21:44:37.739520+00:00,72.7746,0.0132,97.3332,0.1106,0.75,0.0,1500.0,0.0,6.2116
710.5,2026-05-05T21:44:38.234332+00:00,72.3755,-0.2444,97.3718,0.1313,0.75,0.0,1500.0,0.0,6.2569
711.0,2026-05-05T21:44:38.735321+00:00,72.5779,-0.1242,97.4015,0.1009,0.75,0.0,1500.0,0.0,6.2789
711.5,2026-05-05T21:44:39.234326+00:00,72.8607,0.0318,97.3086,0.039,0.75,0.0,1500.0,0.0,6.2897
712.0,2026-05-05T21:44:39.734708+00:00,72.9508,0.0881,97.4454,0.0608,0.75,0.0,1500.0,0.0,6.295
712.5,2026-05-05T21:44:40.244676+00:00,72.8927,0.2586,97.111,-0.1075,0.75,0.0,1500.0,0.0,6.2976
713.0,2026-05-05T21:44:40.734332+00:00,72.7209,0.0715,96.9696,-0.1212,0.75,0.0,1500.0,0.0,6.2988
713.5,2026-05-05T21:44:41.234318+00:00,72.8433,-0.0087,96.9766,-0.1317,0.75,0.0,1500.0,0.0,6.2994
714.0,2026-05-05T21:44:41.735033+00:00,72.9374,-0.0067,97.0977,-0.1012,0.75,0.0,1500.0,0.0,6.2485
714.5,2026-05-05T21:44:42.234332+00:00,72.8825,-0.0051,97.1908,-0.0393,0.75,0.0,1500.0,0.0,6.2237
715.0,2026-05-05T21:44:42.739379+00:00,72.8403,0.0597,97.031,-0.1382,0.75,0.0,1500.0,0.0,6.2116
715.5,2026-05-05T21:44:43.234337+00:00,72.9351,0.0459,97.0007,-0.0368,0.75,0.0,1500.0,0.0,6.2568
716.0,2026-05-05T21:44:43.734324+00:00,73.0079,0.0353,97.0005,0.0103,0.75,0.0,1500.0,0.0,6.2789
716.5,2026-05-05T21:44:44.234505+00:00,72.9367,0.0271,97.1161,0.0465,0.75,0.0,1500.0,0.0,6.2897
717.000855,2026-05-05T21:44:44.735206+00:00,72.8819,0.0208,96.9967,-0.0337,0.75,0.0,1500.0,0.0,6.295
717.5,2026-05-05T21:44:45.240466+00:00,72.9671,0.016,96.766,-0.1416,0.75,0.0,1500.0,0.0,6.2976
718.0,2026-05-05T21:44:45.734333+00:00,73.0326,0.0123,96.8202,-0.0703,0.75,0.0,1500.0,0.0,6.2476
718.5,2026-05-05T21:44:46.235086+00:00,72.9556,0.0095,96.7229,-0.0926,0.75,0.0,1500.0,0.0,6.2232
719.0,2026-05-05T21:44:46.734320+00:00,72.8965,0.0073,96.6482,-0.1174,0.75,0.0,1500.0,0.0,6.2113
719.5,2026-05-05T21:44:47.237168+00:00,72.9783,0.0056,96.6139,-0.1674,0.75,0.0,1500.0,0.0,6.2055
720.000908,2026-05-05T21:44:47.742961+00:00,72.9139,-0.0593,96.7033,-0.0978,0.75,0.0,1500.0,0.0,6.2027
720.5,2026-05-05T21:44:48.234349+00:00,72.8644,-0.0456,96.5174,-0.0829,0.75,0.0,1500.0,0.0,6.2525
721.0,2026-05-05T21:44:48.734318+00:00,73.0809,0.0922,96.6291,-0.0637,0.75,0.0,1500.0,0.0,6.2768
721.5,2026-05-05T21:44:49.236526+00:00,73.12,0.0709,96.8306,0.0359,0.75,0.0,1500.0,0.0,6.2887
722.0,2026-05-05T21:44:49.734293+00:00,73.0228,0.0545,96.8698,0.0739,0.75,0.0,1500.0,0.0,6.2945
722.5,2026-05-05T21:44:50.239605+00:00,72.9481,0.0419,97.1313,0.1725,0.75,0.0,1500.0,0.0,6.2973
723.000011,2026-05-05T21:44:50.734418+00:00,73.1452,0.0322,97.1009,0.1326,0.75,0.0,1500.0,0.0,6.2987
723.5,2026-05-05T21:44:51.234341+00:00,73.1695,0.0247,97.309,0.2639,0.75,0.0,1500.0,0.0,6.2994
724.0,2026-05-05T21:44:51.734322+00:00,72.9336,-0.0446,97.3532,0.2414,0.75,0.0,1500.0,0.0,6.2485
724.5,2026-05-05T21:44:52.234394+00:00,72.8795,-0.0343,97.2715,0.147,0.75,0.0,1500.0,0.0,6.2237
725.0,2026-05-05T21:44:52.741436+00:00,72.9653,-0.09,97.44,0.1901,0.75,0.0,1500.0,0.0,6.2115
725.5,2026-05-05T21:44:53.234862+00:00,72.9039,-0.1328,97.4539,0.1075,0.75,0.0,1500.0,0.0,6.2568
726.0,2026-05-05T21:44:53.734359+00:00,72.984,0.0252,97.2332,0.0441,0.75,0.0,1500.0,0.0,6.2789
726.5,2026-05-05T21:44:54.234346+00:00,72.791,-0.0443,96.9478,-0.1204,0.75,0.0,1500.0,0.0,6.2897
727.0,2026-05-05T21:44:54.734607+00:00,72.6427,-0.1613,96.7285,-0.2082,0.75,0.0,1500.0,0.0,6.295
727.5,2026-05-05T21:44:55.240554+00:00,72.5287,-0.1876,96.6756,-0.1986,0.75,0.0,1500.0,0.0,6.2976
728.0,2026-05-05T21:44:55.734309+00:00,72.3138,-0.3351,96.635,-0.2684,0.75,0.0,1500.0,0.0,6.2988
728.5,2026-05-05T21:44:56.234325+00:00,72.4031,-0.1939,96.8351,-0.2063,0.75,0.0,1500.0,0.0,6.2994
729.0,2026-05-05T21:44:56.734454+00:00,72.3446,-0.149,96.8502,-0.1277,0.75,0.0,1500.0,0.0,6.2997
729.5,2026-05-05T21:44:57.234378+00:00,72.5541,0.0127,97.0005,0.0176,0.75,0.0,1500.0,0.0,6.2999
730.0,2026-05-05T21:44:57.742023+00:00,72.5878,0.137,97.1161,0.1292,0.75,0.0,1500.0,0.0,6.2999
730.5,2026-05-05T21:44:58.234331+00:00,72.4865,0.0417,97.0892,0.1379,0.75,0.0,1500.0,0.0,6.3
731.0,2026-05-05T21:44:58.734568+00:00,72.4087,0.032,97.0686,0.1445,0.75,0.0,1500.0,0.0,6.3
731.500882,2026-05-05T21:44:59.236110+00:00,72.6033,0.0246,96.937,0.034,0.75,0.0,1500.0,0.0,6.3
732.0,2026-05-05T21:44:59.734321+00:00,72.753,0.0826,96.9285,0.0261,0.75,0.0,1500.0,0.0,6.3
732.5,2026-05-05T21:45:00.239695+00:00,72.868,0.1907,96.945,-0.0185,0.75,0.0,1500.0,0.0,6.3
733.0,2026-05-05T21:45:00.734922+00:00,72.8291,0.2102,96.842,-0.0914,0.75,0.0,1500.0,0.0,6.3
733.5,2026-05-05T21:45:01.234300+00:00,72.7992,0.0979,96.8554,-0.0779,0.75,0.0,1500.0,0.0,6.3
734.0,2026-05-05T21:45:01.735455+00:00,72.649,-0.052,97.0046,-0.0213,0.75,0.0,1500.0,0.0,6.3
734.5,2026-05-05T21:45:02.234338+00:00,72.6608,-0.1036,97.0035,0.0222,0.75,0.0,1500.0,0.0,6.3
735.0,2026-05-05T21:45:02.740573+00:00,72.5426,-0.1433,97.1184,0.0633,0.75,0.0,1500.0,0.0,6.2488
735.5,2026-05-05T21:45:03.234530+00:00,72.4518,-0.1737,97.1836,0.0795,0.75,0.0,1500.0,0.0,6.275
736.0,2026-05-05T21:45:03.734340+00:00,72.6365,-0.0063,97.0254,0.0611,0.75,0.0,1500.0,0.0,6.2878
736.5,2026-05-05T21:45:04.234420+00:00,72.5239,-0.0685,96.9038,0.0161,0.75,0.0,1500.0,0.0,6.294
737.0,2026-05-05T21:45:04.734367+00:00,72.4374,-0.0526,97.0186,0.0047,0.75,0.0,1500.0,0.0,6.2971
737.5,2026-05-05T21:45:05.242920+00:00,72.6254,0.0868,96.8986,-0.035,0.75,0.0,1500.0,0.0,6.2986
738.0,2026-05-05T21:45:05.734306+00:00,72.6427,0.0031,97.0378,-0.0269,0.75,0.0,1500.0,0.0,6.2993
738.5,2026-05-05T21:45:06.234381+00:00,72.5287,0.0024,97.029,-0.0515,0.75,0.0,1500.0,0.0,6.2997
739.0,2026-05-05T21:45:06.734319+00:00,72.6956,0.1291,97.0223,-0.001,0.75,0.0,1500.0,0.0,6.2998
739.5,2026-05-05T21:45:07.234461+00:00,72.6966,0.0356,97.0172,0.0378,0.75,0.0,1500.0,0.0,6.2999
740.0,2026-05-05T21:45:07.740007+00:00,72.9519,0.1546,97.1289,0.0368,0.75,0.0,1500.0,0.0,6.3
740.5,2026-05-05T21:45:08.234304+00:00,72.7664,0.1188,96.9834,0.0282,0.75,0.0,1500.0,0.0,6.3
741.0,2026-05-05T21:45:08.734489+00:00,72.6237,-0.0359,96.8715,-0.0554,0.75,0.0,1500.0,0.0,6.3512
741.5,2026-05-05T21:45:09.234332+00:00,72.7687,0.036,96.9012,-0.0426,0.75,0.0,1500.0,0.0,6.3762
742.0,2026-05-05T21:45:09.734710+00:00,72.88,-0.0359,96.901,-0.0405,0.75,0.0,1500.0,0.0,6.3884
742.5,2026-05-05T21:45:10.241610+00:00,72.8384,0.036,97.0396,0.0075,0.75,0.0,1500.0,0.0,6.3943
743.0,2026-05-05T21:45:10.734492+00:00,72.8064,0.0913,97.0304,-0.0328,0.75,0.0,1500.0,0.0,6.3972
743.5,2026-05-05T21:45:11.234531+00:00,72.7817,0.0065,96.9077,-0.0252,0.75,0.0,1500.0,0.0,6.3986
744.0,2026-05-05T21:45:11.734409+00:00,72.6356,-0.1222,96.929,0.0192,0.75,0.0,1500.0,0.0,6.3993
744.5,2026-05-05T21:45:12.235382+00:00,72.7777,-0.0303,97.0612,0.0533,0.75,0.0,1500.0,0.0,6.3997
745.0,2026-05-05T21:45:12.738580+00:00,73.0143,0.104,97.0239,0.041,0.75,0.0,1500.0,0.0,6.3486
745.5,2026-05-05T21:45:13.234322+00:00,72.8143,0.0163,96.9026,-0.0456,0.75,0.0,1500.0,0.0,6.3749
746.0,2026-05-05T21:45:13.734343+00:00,73.0424,0.2034,96.8095,-0.0736,0.75,0.0,1500.0,0.0,6.3878
746.5,2026-05-05T21:45:14.234340+00:00,72.8359,0.0291,96.8536,-0.018,0.75,0.0,1500.0,0.0,6.394
747.0,2026-05-05T21:45:14.734334+00:00,72.9317,-0.0413,96.7486,-0.0601,0.75,0.0,1500.0,0.0,6.3459
747.5,2026-05-05T21:45:15.240368+00:00,72.8781,0.0319,96.8068,-0.0848,0.75,0.0,1500.0,0.0,6.3224
748.0,2026-05-05T21:45:15.734313+00:00,72.8369,-0.1028,96.3887,-0.2117,0.75,0.0,1500.0,0.0,6.3109
748.5,2026-05-05T21:45:16.234320+00:00,72.8052,-0.0153,96.6458,-0.0856,0.75,0.0,1500.0,0.0,6.3053
749.0,2026-05-05T21:45:16.734337+00:00,72.6536,-0.1391,96.6121,-0.0658,0.75,0.0,1500.0,0.0,6.3026
749.5,2026-05-05T21:45:17.234341+00:00,72.7916,-0.0432,96.7019,-0.0506,0.75,0.0,1500.0,0.0,6.3013
750.0,2026-05-05T21:45:17.739434+00:00,72.6431,-0.0969,96.6551,-0.0312,0.75,0.0,1500.0,0.0,6.3006
750.5,2026-05-05T21:45:18.235301+00:00,72.6563,-0.0745,96.7349,-0.0239,0.75,0.0,1500.0,0.0,6.3003
751.0,2026-05-05T21:45:18.734325+00:00,72.5391,-0.0572,96.6806,0.0973,0.75,0.0,1500.0,0.0,6.3001
751.5,2026-05-05T21:45:19.234318+00:00,72.5764,-0.1076,96.8702,0.0748,0.75,0.0,1500.0,0.0,6.3001
752.0,2026-05-05T21:45:19.737693+00:00,72.605,-0.0191,97.0159,0.1346,0.75,0.0,1500.0,0.0,6.3
752.5,2026-05-05T21:45:20.239292+00:00,72.3724,-0.1419,97.1279,0.142,0.75,0.0,1500.0,0.0,6.3
753.0,2026-05-05T21:45:20.734329+00:00,72.4482,-0.0455,97.1909,0.1786,0.75,0.0,1500.0,0.0,6.3
753.5,2026-05-05T21:45:21.234359+00:00,72.6338,0.0287,97.1467,0.1373,0.75,0.0,1500.0,0.0,6.3
754.0,2026-05-05T21:45:21.734434+00:00,72.9036,0.1493,97.2285,0.1826,0.75,0.0,1500.0,0.0,6.3
754.5,2026-05-05T21:45:22.234367+00:00,72.8565,0.242,97.1525,0.0941,0.75,0.0,1500.0,0.0,6.3
755.0,2026-05-05T21:45:22.739965+00:00,72.693,0.1224,97.2329,0.0723,0.75,0.0,1500.0,0.0,6.3
755.5,2026-05-05T21:45:23.234444+00:00,72.6946,0.0304,97.2947,0.0556,0.75,0.0,1500.0,0.0,6.3
756.0,2026-05-05T21:45:23.735269+00:00,72.8231,-0.0402,97.3422,0.0504,0.75,0.0,1500.0,0.0,6.3
756.5,2026-05-05T21:45:24.234344+00:00,72.6674,-0.0946,97.263,0.0388,0.75,0.0,1500.0,0.0,6.3
757.0,2026-05-05T21:45:24.734323+00:00,72.6749,-0.009,97.2022,-0.0088,0.75,0.0,1500.0,0.0,6.3
757.5,2026-05-05T21:45:25.246138+00:00,72.6807,-0.007,97.3868,0.0781,0.75,0.0,1500.0,0.0,6.3
758.0,2026-05-05T21:45:25.734441+00:00,72.9397,0.0583,97.2741,0.0138,0.75,0.0,1500.0,0.0,6.3
758.5,2026-05-05T21:45:26.234331+00:00,73.0115,0.1721,97.3264,0.0106,0.75,0.0,1500.0,0.0,6.3
759.0,2026-05-05T21:45:26.734344+00:00,72.9394,0.1323,97.3666,0.0081,0.75,0.0,1500.0,0.0,6.3
759.5,2026-05-05T21:45:27.234305+00:00,72.7568,0.038,97.3743,0.0371,0.75,0.0,1500.0,0.0,6.3
760.0,2026-05-05T21:45:27.739952+00:00,72.7436,-0.0981,97.2877,0.0285,0.75,0.0,1500.0,0.0,6.2488
760.5,2026-05-05T21:45:28.234335+00:00,72.7335,-0.139,97.1054,-0.0938,0.75,0.0,1500.0,0.0,6.275
761.0,2026-05-05T21:45:28.734312+00:00,72.7258,-0.1068,97.0579,-0.0721,0.75,0.0,1500.0,0.0,6.2878
761.5,2026-05-05T21:45:29.234333+00:00,72.7198,-0.0185,97.0214,-0.1017,0.75,0.0,1500.0,0.0,6.294
762.0,2026-05-05T21:45:29.734352+00:00,72.8425,0.0494,96.8776,-0.163,0.75,0.0,1500.0,0.0,6.2971
762.5,2026-05-05T21:45:30.240485+00:00,72.8095,0.038,96.7902,-0.1947,0.75,0.0,1500.0,0.0,6.2986
763.0,2026-05-05T21:45:30.734313+00:00,72.7842,0.0292,96.9544,-0.1111,0.75,0.0,1500.0,0.0,6.2993
763.5,2026-05-05T21:45:31.234327+00:00,72.7647,0.0224,96.7336,-0.1239,0.75,0.0,1500.0,0.0,6.2997
764.0,2026-05-05T21:45:31.734314+00:00,72.7497,-0.0464,96.7952,-0.0875,0.75,0.0,1500.0,0.0,6.2998
764.5,2026-05-05T21:45:32.234459+00:00,72.7382,-0.0357,96.9583,-0.021,0.75,0.0,1500.0,0.0,6.2999
765.0,2026-05-05T21:45:32.741689+00:00,72.4748,-0.1547,96.8291,-0.0161,0.75,0.0,1500.0,0.0,6.2488
765.5,2026-05-05T21:45:33.234299+00:00,72.5269,-0.1189,96.8687,0.0262,0.75,0.0,1500.0,0.0,6.275
766.0,2026-05-05T21:45:33.734581+00:00,72.567,-0.0914,96.7834,-0.057,0.75,0.0,1500.0,0.0,6.2878
766.500016,2026-05-05T21:45:34.234467+00:00,72.725,-0.0066,96.4632,-0.0901,0.75,0.0,1500.0,0.0,6.294
767.0,2026-05-05T21:45:34.734537+00:00,72.7192,0.1222,96.4486,-0.1155,0.75,0.0,1500.0,0.0,6.2971
767.5,2026-05-05T21:45:35.239110+00:00,72.5875,0.0303,96.6919,-0.0888,0.75,0.0,1500.0,0.0,6.2986
768.0,2026-05-05T21:45:35.734352+00:00,72.6135,0.0233,96.5318,-0.0991,0.75,0.0,1500.0,0.0,6.2993
768.5,2026-05-05T21:45:36.234420+00:00,72.7608,0.0179,96.617,-0.0839,0.75,0.0,1500.0,0.0,6.2997
769.0,2026-05-05T21:45:36.735139+00:00,72.4922,-0.1135,96.5899,-0.0645,0.75,0.0,1500.0,0.0,6.2998
769.5,2026-05-05T21:45:37.234351+00:00,72.413,-0.0872,96.546,0.0276,0.75,0.0,1500.0,0.0,6.2999
770.0,2026-05-05T21:45:37.742604+00:00,72.3522,-0.1307,96.651,0.0675,0.75,0.0,1500.0,0.0,6.3
770.5,2026-05-05T21:45:38.234332+00:00,72.3054,-0.2277,96.6161,-0.0253,0.75,0.0,1500.0,0.0,6.3
771.0,2026-05-05T21:45:38.734351+00:00,72.3967,-0.0478,96.5661,0.0114,0.75,0.0,1500.0,0.0,6.3
771.5,2026-05-05T21:45:39.234319+00:00,72.5941,0.0906,96.6434,0.0088,0.75,0.0,1500.0,0.0,6.3
772.0,2026-05-05T21:45:39.734460+00:00,72.4914,0.0696,96.9573,0.1225,0.75,0.0,1500.0,0.0,6.3
772.5,2026-05-05T21:45:40.239908+00:00,72.5396,0.1171,96.8283,0.0941,0.75,0.0,1500.0,0.0,6.3
773.0,2026-05-05T21:45:40.734325+00:00,72.4495,0.0264,96.6367,-0.0048,0.75,0.0,1500.0,0.0,6.3
773.5,2026-05-05T21:45:41.234502+00:00,72.6347,0.0203,96.8364,0.0734,0.75,0.0,1500.0,0.0,6.3
774.000015,2026-05-05T21:45:41.734470+00:00,72.6498,0.0792,96.6429,0.0256,0.75,0.0,1500.0,0.0,6.3
774.5,2026-05-05T21:45:42.234321+00:00,72.6614,0.0609,96.6098,-0.0112,0.75,0.0,1500.0,0.0,6.3
775.0,2026-05-05T21:45:42.738915+00:00,72.5431,0.0468,96.4687,-0.1629,0.75,0.0,1500.0,0.0,6.2488
775.5,2026-05-05T21:45:43.234324+00:00,72.7067,0.036,96.2214,-0.2023,0.75,0.0,1500.0,0.0,6.275
776.0,2026-05-05T21:45:43.734337+00:00,72.5779,-0.036,96.2627,-0.1246,0.75,0.0,1500.0,0.0,6.2878
776.5,2026-05-05T21:45:44.234318+00:00,72.4789,-0.0913,96.5259,-0.1035,0.75,0.0,1500.0,0.0,6.294
777.000911,2026-05-05T21:45:44.736071+00:00,72.4028,-0.0702,96.5199,-0.041,0.75,0.0,1500.0,0.0,6.2971
777.5,2026-05-05T21:45:45.241493+00:00,72.4715,-0.1176,96.6079,-0.0007,0.75,0.0,1500.0,0.0,6.2986
778.0,2026-05-05T21:45:45.734332+00:00,72.6517,0.0369,96.5598,0.0304,0.75,0.0,1500.0,0.0,6.2481
778.5,2026-05-05T21:45:46.234769+00:00,72.6629,0.092,96.6616,0.1467,0.75,0.0,1500.0,0.0,6.2235
779.0,2026-05-05T21:45:46.735035+00:00,72.4169,0.0071,96.3928,0.0434,0.75,0.0,1500.0,0.0,6.2115
779.5,2026-05-05T21:45:47.234357+00:00,72.6097,0.0691,96.5102,-0.0052,0.75,0.0,1500.0,0.0,6.2056
780.0,2026-05-05T21:45:47.742760+00:00,72.5033,-0.0742,96.4847,-0.0117,0.75,0.0,1500.0,0.0,6.2027
780.5,2026-05-05T21:45:48.234427+00:00,72.4216,-0.1206,96.4882,-0.0399,0.75,0.0,1500.0,0.0,6.2525
781.0,2026-05-05T21:45:48.734490+00:00,72.3587,-0.0291,96.6067,0.0156,0.75,0.0,1500.0,0.0,6.2768
781.5,2026-05-05T21:45:49.235312+00:00,72.4377,-0.086,96.6977,0.012,0.75,0.0,1500.0,0.0,6.2887
782.0,2026-05-05T21:45:49.734334+00:00,72.6257,0.0612,96.6288,0.0787,0.75,0.0,1500.0,0.0,6.2945
782.5,2026-05-05T21:45:50.238927+00:00,72.5156,0.047,96.599,0.0296,0.75,0.0,1500.0,0.0,6.2973
783.0,2026-05-05T21:45:50.734347+00:00,72.8128,0.227,96.4604,-0.0081,0.75,0.0,1500.0,0.0,6.2987
783.5,2026-05-05T21:45:51.234362+00:00,72.6594,0.1109,96.215,-0.0911,0.75,0.0,1500.0,0.0,6.2994
784.0,2026-05-05T21:45:51.734404+00:00,72.5415,-0.0421,96.5124,-0.0314,0.75,0.0,1500.0,0.0,6.2997
784.5,2026-05-05T21:45:52.234966+00:00,72.5782,0.0313,96.7178,0.0067,0.75,0.0,1500.0,0.0,6.2998
785.0,2026-05-05T21:45:52.739764+00:00,72.6064,-0.1032,96.5517,-0.0257,0.75,0.0,1500.0,0.0,6.2487
785.5,2026-05-05T21:45:53.234319+00:00,72.7553,0.0479,96.5397,-0.0198,0.75,0.0,1500.0,0.0,6.275
786.0,2026-05-05T21:45:53.734570+00:00,72.7425,0.1005,96.6462,0.0619,0.75,0.0,1500.0,0.0,6.2878
786.5,2026-05-05T21:45:54.234359+00:00,72.7327,0.0772,96.4735,0.0862,0.75,0.0,1500.0,0.0,6.294
787.0,2026-05-05T21:45:54.734335+00:00,72.8524,0.123,96.5954,0.0277,0.75,0.0,1500.0,0.0,6.2971
787.5,2026-05-05T21:45:55.241383+00:00,72.9444,0.0945,96.5733,-0.0482,0.75,0.0,1500.0,0.0,6.2986
788.0,2026-05-05T21:45:55.734381+00:00,73.1424,0.1999,96.3249,-0.0756,0.75,0.0,1500.0,0.0,6.2481
788.5,2026-05-05T21:45:56.234332+00:00,73.04,0.1537,96.3654,-0.0581,0.75,0.0,1500.0,0.0,6.2235
789.0,2026-05-05T21:45:56.735940+00:00,72.9613,0.0545,96.3966,-0.0832,0.75,0.0,1500.0,0.0,6.2115
789.5,2026-05-05T21:45:57.234347+00:00,73.0281,0.0419,96.6519,0.0595,0.75,0.0,1500.0,0.0,6.2056
790.0,2026-05-05T21:45:57.742136+00:00,72.8249,-0.1587,96.4779,-0.0391,0.75,0.0,1500.0,0.0,6.2027
790.5,2026-05-05T21:45:58.234324+00:00,72.9233,-0.0584,96.2516,-0.1072,0.75,0.0,1500.0,0.0,6.2525
791.0,2026-05-05T21:45:58.735451+00:00,72.9989,0.0188,96.4248,0.0333,0.75,0.0,1500.0,0.0,6.2768
791.5,2026-05-05T21:45:59.234980+00:00,73.057,0.0144,96.4422,0.0256,0.75,0.0,1500.0,0.0,6.2887
792.0,2026-05-05T21:45:59.734298+00:00,72.9744,0.0747,96.4324,0.012,0.75,0.0,1500.0,0.0,6.2945
792.5,2026-05-05T21:46:00.241009+00:00,72.9109,-0.0062,96.4481,-0.0679,0.75,0.0,1500.0,0.0,6.2973
793.0,2026-05-05T21:46:00.734487+00:00,72.9894,-0.0048,96.4369,-0.0137,0.75,0.0,1500.0,0.0,6.2987
793.5,2026-05-05T21:46:01.234332+00:00,73.0497,-0.0037,96.2201,-0.0105,0.75,0.0,1500.0,0.0,6.2994
794.0,2026-05-05T21:46:01.734319+00:00,73.096,0.0608,96.2849,-0.0466,0.75,0.0,1500.0,0.0,6.2997
794.5,2026-05-05T21:46:02.234324+00:00,73.1317,0.1104,95.9876,-0.1515,0.75,0.0,1500.0,0.0,6.2998
795.0,2026-05-05T21:46:02.740136+00:00,73.159,0.0848,96.1061,-0.1088,0.75,0.0,1500.0,0.0,6.2999
795.5,2026-05-05T21:46:03.234328+00:00,73.0528,0.0016,96.0816,-0.1222,0.75,0.0,1500.0,0.0,6.3
796.0,2026-05-05T21:46:03.734320+00:00,72.9712,-0.0624,96.2941,-0.0476,0.75,0.0,1500.0,0.0,6.3
796.5,2026-05-05T21:46:04.234319+00:00,72.7812,-0.1753,96.1335,-0.0289,0.75,0.0,1500.0,0.0,6.3
797.0,2026-05-05T21:46:04.734321+00:00,72.6351,-0.262,96.1952,-0.0299,0.75,0.0,1500.0,0.0,6.3
797.5,2026-05-05T21:46:05.239870+00:00,72.5229,-0.265,96.3583,0.1236,0.75,0.0,1500.0,0.0,6.3
798.0,2026-05-05T21:46:05.734344+00:00,72.6911,-0.14,96.6225,0.1721,0.75,0.0,1500.0,0.0,6.3
798.5,2026-05-05T21:46:06.234333+00:00,72.9477,0.0833,96.5016,0.14,0.75,0.0,1500.0,0.0,6.3
799.0,2026-05-05T21:46:06.734375+00:00,73.0177,0.1913,96.7326,0.1462,0.75,0.0,1500.0,0.0,6.3
799.5,2026-05-05T21:46:07.234345+00:00,72.8169,0.147,96.6788,0.1818,0.75,0.0,1500.0,0.0,6.3
800.0,2026-05-05T21:46:07.740647+00:00,72.5353,-0.0779,96.8457,0.2168,0.75,0.0,1500.0,0.0,6.2488
800.5,2026-05-05T21:46:08.234452+00:00,72.7007,-0.1235,96.7425,0.1281,0.75,0.0,1500.0,0.0,6.275
801.0,2026-05-05T21:46:08.734349+00:00,72.7005,-0.1586,96.6864,0.0213,0.75,0.0,1500.0,0.0,6.2878
801.5,2026-05-05T21:46:09.234734+00:00,72.7004,-0.0582,96.5044,0.001,0.75,0.0,1500.0,0.0,6.294
802.0,2026-05-05T21:46:09.734339+00:00,72.8276,0.1461,96.4803,-0.0841,0.75,0.0,1500.0,0.0,6.2971
802.5,2026-05-05T21:46:10.240873+00:00,72.9253,0.1123,96.5774,-0.0338,0.75,0.0,1500.0,0.0,6.2986
803.0,2026-05-05T21:46:10.734348+00:00,72.7459,0.0227,96.3281,-0.1725,0.75,0.0,1500.0,0.0,6.2993
803.5,2026-05-05T21:46:11.234341+00:00,72.7353,0.0174,96.4836,-0.0863,0.75,0.0,1500.0,0.0,6.2997
804.0,2026-05-05T21:46:11.734343+00:00,72.7271,-0.0502,96.7188,0.0108,0.75,0.0,1500.0,0.0,6.2998
804.5,2026-05-05T21:46:12.234305+00:00,72.8481,-0.0386,96.5524,0.016,0.75,0.0,1500.0,0.0,6.2999
805.0,2026-05-05T21:46:12.744187+00:00,72.8138,0.034,96.7717,0.0971,0.75,0.0,1500.0,0.0,6.3
805.5,2026-05-05T21:46:13.234842+00:00,72.6602,-0.0375,96.7088,0.0438,0.75,0.0,1500.0,0.0,6.3
806.0,2026-05-05T21:46:13.734318+00:00,72.6694,-0.0288,96.7531,0.1417,0.75,0.0,1500.0,0.0,6.3
806.5,2026-05-05T21:46:14.234317+00:00,72.8038,-0.0222,96.5788,0.0317,0.75,0.0,1500.0,0.0,6.3
807.0,2026-05-05T21:46:14.734903+00:00,72.6525,-0.0807,96.5606,-0.0527,0.75,0.0,1500.0,0.0,6.3
807.5,2026-05-05T21:46:15.241799+00:00,72.5362,-0.062,96.5466,-0.002,0.75,0.0,1500.0,0.0,6.3
808.0,2026-05-05T21:46:15.734471+00:00,72.7014,0.016,96.744,-0.0092,0.75,0.0,1500.0,0.0,6.3
808.5,2026-05-05T21:46:16.234796+00:00,72.8283,0.0123,96.6876,-0.0071,0.75,0.0,1500.0,0.0,6.3
809.0,2026-05-05T21:46:16.734332+00:00,72.7986,0.0731,96.621,-0.044,0.75,0.0,1500.0,0.0,6.3
809.5,2026-05-05T21:46:17.235509+00:00,72.9031,0.1834,96.8244,0.0819,0.75,0.0,1500.0,0.0,6.3
810.0,2026-05-05T21:46:17.746170+00:00,72.8561,0.0774,96.8651,0.1015,0.75,0.0,1500.0,0.0,6.3
810.5,2026-05-05T21:46:18.234350+00:00,73.0745,0.1231,97.012,0.1551,0.75,0.0,1500.0,0.0,6.3
811.0,2026-05-05T21:46:18.734334+00:00,72.9878,0.0946,96.9861,0.0807,0.75,0.0,1500.0,0.0,6.3
811.5,2026-05-05T21:46:19.234358+00:00,73.1758,0.1363,96.8736,0.062,0.75,0.0,1500.0,0.0,6.3
812.0,2026-05-05T21:46:19.734540+00:00,73.0657,0.1048,96.9028,0.0939,0.75,0.0,1500.0,0.0,6.3
812.5,2026-05-05T21:46:20.239257+00:00,73.2356,0.0805,96.9022,0.0259,0.75,0.0,1500.0,0.0,6.3
813.0,2026-05-05T21:46:20.734342+00:00,73.1117,0.0619,96.8091,-0.0186,0.75,0.0,1500.0,0.0,6.3
813.5,2026-05-05T21:46:21.234307+00:00,73.2709,0.0476,96.7376,-0.0915,0.75,0.0,1500.0,0.0,6.3
814.0,2026-05-05T21:46:21.734501+00:00,73.2661,0.1002,96.7983,-0.0626,0.75,0.0,1500.0,0.0,6.2488
814.5,2026-05-05T21:46:22.234341+00:00,73.3896,0.077,96.845,-0.0095,0.75,0.0,1500.0,0.0,6.2238
815.0,2026-05-05T21:46:22.738876+00:00,73.2301,0.0592,96.8577,-0.015,0.75,0.0,1500.0,0.0,6.2116
815.5,2026-05-05T21:46:23.234343+00:00,73.2347,-0.0181,96.8675,-0.0116,0.75,0.0,1500.0,0.0,6.2569
816.0,2026-05-05T21:46:23.734340+00:00,73.3655,0.0497,96.7825,-0.0089,0.75,0.0,1500.0,0.0,6.279
816.5,2026-05-05T21:46:24.234306+00:00,73.3388,-0.0254,96.9485,0.0703,0.75,0.0,1500.0,0.0,6.2897
817.0,2026-05-05T21:46:24.735509+00:00,73.3182,0.0441,97.1918,0.1312,0.75,0.0,1500.0,0.0,6.295
817.5,2026-05-05T21:46:25.240941+00:00,73.3024,0.0339,97.1474,0.1008,0.75,0.0,1500.0,0.0,6.2976
818.0,2026-05-05T21:46:25.734330+00:00,73.2903,-0.0376,97.1133,0.0852,0.75,0.0,1500.0,0.0,6.2988
818.5,2026-05-05T21:46:26.234433+00:00,73.4082,0.0347,97.0871,0.0732,0.75,0.0,1500.0,0.0,6.2994
819.0,2026-05-05T21:46:26.734347+00:00,73.3716,0.0267,97.0669,0.0948,0.75,0.0,1500.0,0.0,6.2997
819.5,2026-05-05T21:46:27.234311+00:00,73.3435,0.0205,97.1672,0.0729,0.75,0.0,1500.0,0.0,6.2999
820.0,2026-05-05T21:46:27.740581+00:00,73.3219,0.0158,96.8971,-0.0982,0.75,0.0,1500.0,0.0,6.2999
820.5,2026-05-05T21:46:28.235145+00:00,73.3052,-0.0515,96.6895,-0.1526,0.75,0.0,1500.0,0.0,6.3
821.0,2026-05-05T21:46:28.734358+00:00,73.2924,-0.0396,96.8539,-0.0865,0.75,0.0,1500.0,0.0,6.3
821.5,2026-05-05T21:46:29.234354+00:00,73.1554,-0.0941,96.772,-0.105,0.75,0.0,1500.0,0.0,6.3
822.0,2026-05-05T21:46:29.734295+00:00,73.05,-0.1359,96.5702,-0.1656,0.75,0.0,1500.0,0.0,6.3
822.5,2026-05-05T21:46:30.242891+00:00,73.0963,-0.1045,96.7854,-0.1273,0.75,0.0,1500.0,0.0,6.3
823.0,2026-05-05T21:46:30.734907+00:00,73.0046,-0.1439,96.9507,0.0179,0.75,0.0,1500.0,0.0,6.3
823.5,2026-05-05T21:46:31.234333+00:00,73.0614,-0.047,96.9621,0.0909,0.75,0.0,1500.0,0.0,6.3
824.0,2026-05-05T21:46:31.734678+00:00,73.105,0.0275,97.0866,0.0776,0.75,0.0,1500.0,0.0,6.3
824.5,2026-05-05T21:46:32.236190+00:00,73.0113,-0.0425,97.0666,0.0982,0.75,0.0,1500.0,0.0,6.3
825.0,2026-05-05T21:46:32.739848+00:00,72.9393,-0.0327,97.028,0.1526,0.75,0.0,1500.0,0.0,6.2488
825.5,2026-05-05T21:46:33.234331+00:00,73.1384,0.0385,96.9984,0.071,0.75,0.0,1500.0,0.0,6.275
826.0,2026-05-05T21:46:33.734850+00:00,73.1643,0.0296,96.8831,-0.0226,0.75,0.0,1500.0,0.0,6.2878
826.5,2026-05-05T21:46:34.235338+00:00,73.1841,0.0864,97.0258,0.0212,0.75,0.0,1500.0,0.0,6.294
827.0,2026-05-05T21:46:34.734365+00:00,73.1993,0.13,96.881,-0.0685,0.75,0.0,1500.0,0.0,6.2971
827.5,2026-05-05T21:46:35.242004+00:00,73.0838,-0.0273,96.8854,-0.0604,0.75,0.0,1500.0,0.0,6.2986
828.0,2026-05-05T21:46:35.734576+00:00,72.8677,-0.1483,96.9119,-0.0387,0.75,0.0,1500.0,0.0,6.2993
828.5,2026-05-05T21:46:36.234389+00:00,72.9562,-0.114,96.9323,-0.022,0.75,0.0,1500.0,0.0,6.2997
829.0,2026-05-05T21:46:36.734461+00:00,73.0242,-0.0876,96.948,0.0216,0.75,0.0,1500.0,0.0,6.2998
829.5,2026-05-05T21:46:37.234316+00:00,73.0764,-0.0037,96.96,-0.0219,0.75,0.0,1500.0,0.0,6.2999
830.0,2026-05-05T21:46:37.739116+00:00,72.8621,-0.0028,96.9461,0.0217,0.75,0.0,1500.0,0.0,6.2488
830.5,2026-05-05T21:46:38.234354+00:00,73.0791,0.0615,96.7503,-0.045,0.75,0.0,1500.0,0.0,6.275
831.0,2026-05-05T21:46:38.734567+00:00,73.2459,0.1109,96.8081,-0.0346,0.75,0.0,1500.0,0.0,6.2878
831.5,2026-05-05T21:46:39.234396+00:00,73.2469,0.0852,96.7368,-0.0652,0.75,0.0,1500.0,0.0,6.294
832.0,2026-05-05T21:46:39.734351+00:00,73.2476,0.1928,96.6589,-0.0964,0.75,0.0,1500.0,0.0,6.2971
832.5,2026-05-05T21:46:40.239375+00:00,73.2481,0.0845,96.6221,-0.1126,0.75,0.0,1500.0,0.0,6.2986
833.0,2026-05-05T21:46:40.734327+00:00,73.1213,-0.0623,96.4782,-0.156,0.75,0.0,1500.0,0.0,6.2993
833.5,2026-05-05T21:46:41.234692+00:00,73.1511,-0.0479,96.3675,-0.1276,0.75,0.0,1500.0,0.0,6.2997
834.0,2026-05-05T21:46:41.734321+00:00,73.3012,0.0268,96.2825,-0.1752,0.75,0.0,1500.0,0.0,6.2998
834.5,2026-05-05T21:46:42.234358+00:00,73.2894,0.0206,96.3097,-0.1424,0.75,0.0,1500.0,0.0,6.2999
835.0,2026-05-05T21:46:42.739701+00:00,73.2803,0.0795,96.4463,-0.0709,0.75,0.0,1500.0,0.0,6.3
835.5,2026-05-05T21:46:43.234346+00:00,73.4005,0.1247,96.4356,-0.0622,0.75,0.0,1500.0,0.0,6.3
836.0,2026-05-05T21:46:43.735639+00:00,73.2384,-0.0314,96.6587,0.0602,0.75,0.0,1500.0,0.0,6.3
836.5,2026-05-05T21:46:44.234309+00:00,73.3684,0.0395,96.4832,0.0386,0.75,0.0,1500.0,0.0,6.3
837.0,2026-05-05T21:46:44.734343+00:00,73.2137,-0.0333,96.3482,0.0219,0.75,0.0,1500.0,0.0,6.3
837.5,2026-05-05T21:46:45.240296+00:00,73.0948,-0.1528,96.6147,0.1017,0.75,0.0,1500.0,0.0,6.3
838.0,2026-05-05T21:46:45.734764+00:00,73.0035,-0.1175,96.7039,0.0859,0.75,0.0,1500.0,0.0,6.3
838.5,2026-05-05T21:46:46.234392+00:00,72.6787,-0.3448,96.541,0.0351,0.75,0.0,1500.0,0.0,6.3
839.0,2026-05-05T21:46:46.734380+00:00,72.4291,-0.3923,96.5315,-0.0424,0.75,0.0,1500.0,0.0,6.3
839.5,2026-05-05T21:46:47.235902+00:00,72.6191,-0.2379,96.5011,0.006,0.75,0.0,1500.0,0.0,6.3
840.0,2026-05-05T21:46:47.743013+00:00,72.7651,-0.1192,96.4083,0.02,0.75,0.0,1500.0,0.0,6.3
840.5,2026-05-05T21:46:48.234298+00:00,73.0045,0.1629,96.5452,-0.0232,0.75,0.0,1500.0,0.0,6.3
841.0,2026-05-05T21:46:48.734381+00:00,73.1886,0.3798,96.6504,-0.0178,0.75,0.0,1500.0,0.0,6.3512
841.5,2026-05-05T21:46:49.234470+00:00,73.2028,0.2919,96.7082,0.0557,0.75,0.0,1500.0,0.0,6.3762
842.0,2026-05-05T21:46:49.734434+00:00,73.2137,0.2243,96.7526,0.0737,0.75,0.0,1500.0,0.0,6.3372
842.5,2026-05-05T21:46:50.240229+00:00,73.0949,0.0452,96.9255,0.1415,0.75,0.0,1500.0,0.0,6.3181
843.0,2026-05-05T21:46:50.735035+00:00,73.0035,-0.0926,96.8502,0.1473,0.75,0.0,1500.0,0.0,6.3089
843.5,2026-05-05T21:46:51.234319+00:00,72.806,-0.1984,97.0006,0.1518,0.75,0.0,1500.0,0.0,6.3043
844.0,2026-05-05T21:46:51.734450+00:00,72.9087,-0.1525,97.1161,0.1552,0.75,0.0,1500.0,0.0,6.3021
844.5,2026-05-05T21:46:52.234309+00:00,72.8604,-0.1172,96.9736,0.0885,0.75,0.0,1500.0,0.0,6.301
845.0,2026-05-05T21:46:52.741966+00:00,72.9506,-0.0265,96.9565,0.068,0.75,0.0,1500.0,0.0,6.3005
845.5,2026-05-05T21:46:53.234789+00:00,73.0199,0.1069,96.9666,0.0137,0.75,0.0,1500.0,0.0,6.3514
846.0,2026-05-05T21:46:53.735239+00:00,73.0731,0.0822,96.7429,-0.0358,0.75,0.0,1500.0,0.0,6.3251
846.5,2026-05-05T21:46:54.234384+00:00,73.114,0.1268,96.8024,-0.0661,0.75,0.0,1500.0,0.0,6.3123
847.0,2026-05-05T21:46:54.734458+00:00,73.0182,0.0338,96.9638,-0.0508,0.75,0.0,1500.0,0.0,6.306
847.5,2026-05-05T21:46:55.239643+00:00,73.0719,0.026,96.7408,-0.0776,0.75,0.0,1500.0,0.0,6.3029
848.0,2026-05-05T21:46:55.734332+00:00,73.2404,0.0836,96.5694,-0.1291,0.75,0.0,1500.0,0.0,6.3014
848.5,2026-05-05T21:46:56.234357+00:00,73.3699,0.1279,96.7847,-0.0606,0.75,0.0,1500.0,0.0,6.3007
849.0,2026-05-05T21:46:56.734365+00:00,73.2149,0.0983,96.6031,-0.0466,0.75,0.0,1500.0,0.0,6.3003
849.5,2026-05-05T21:46:57.234969+00:00,73.223,0.0756,96.9264,0.0413,0.75,0.0,1500.0,0.0,6.3002
850.0,2026-05-05T21:46:57.745106+00:00,73.2292,-0.0056,96.9434,-0.0068,0.75,0.0,1500.0,0.0,6.3001
850.5,2026-05-05T21:46:58.234304+00:00,73.1068,-0.1315,96.9334,0.0642,0.75,0.0,1500.0,0.0,6.3
851.0,2026-05-05T21:46:58.734337+00:00,73.1399,-0.0375,97.0645,0.165,0.75,0.0,1500.0,0.0,6.3
851.500015,2026-05-05T21:46:59.234474+00:00,73.0381,-0.0924,97.1653,0.1268,0.75,0.0,1500.0,0.0,6.3
852.0,2026-05-05T21:46:59.734483+00:00,73.2144,-0.0074,97.2427,0.2132,0.75,0.0,1500.0,0.0,6.3
852.5,2026-05-05T21:47:00.239347+00:00,73.0954,-0.0057,96.932,0.0019,0.75,0.0,1500.0,0.0,6.3
853.0,2026-05-05T21:47:00.734339+00:00,73.1312,-0.0044,96.9477,0.0014,0.75,0.0,1500.0,0.0,6.3
853.5,2026-05-05T21:47:01.234315+00:00,73.2859,0.1239,96.8441,-0.0297,0.75,0.0,1500.0,0.0,6.3
854.0,2026-05-05T21:47:01.734421+00:00,73.2776,0.0316,96.9959,-0.0229,0.75,0.0,1500.0,0.0,6.3
854.5,2026-05-05T21:47:02.234332+00:00,73.2712,0.0879,96.9043,-0.087,0.75,0.0,1500.0,0.0,6.3
855.0,2026-05-05T21:47:02.740800+00:00,73.139,0.0039,97.0421,-0.0669,0.75,0.0,1500.0,0.0,6.2488
855.5,2026-05-05T21:47:03.237475+00:00,73.1647,-0.0606,97.0324,0.0335,0.75,0.0,1500.0,0.0,6.275
856.0,2026-05-05T21:47:03.734315+00:00,72.9299,-0.1739,96.8861,-0.0206,0.75,0.0,1500.0,0.0,6.2878
856.5,2026-05-05T21:47:04.234305+00:00,73.004,-0.1336,96.9124,0.0228,0.75,0.0,1500.0,0.0,6.294
857.0,2026-05-05T21:47:04.734377+00:00,73.1882,0.0246,96.8401,-0.0519,0.75,0.0,1500.0,0.0,6.2971
857.5,2026-05-05T21:47:05.238704+00:00,73.3298,0.0825,96.9697,0.0218,0.75,0.0,1500.0,0.0,6.2986
858.0,2026-05-05T21:47:05.734403+00:00,73.4386,0.2543,96.9767,-0.0218,0.75,0.0,1500.0,0.0,6.2481
858.5,2026-05-05T21:47:06.234338+00:00,73.5222,0.2591,96.9589,-0.0245,0.75,0.0,1500.0,0.0,6.2235
859.0,2026-05-05T21:47:06.734327+00:00,73.5865,0.1992,96.6213,-0.0882,0.75,0.0,1500.0,0.0,6.2115
859.5,2026-05-05T21:47:07.234489+00:00,73.3814,0.0258,96.709,-0.0678,0.75,0.0,1500.0,0.0,6.2056
860.0,2026-05-05T21:47:07.740212+00:00,73.351,-0.0438,96.7763,-0.0213,0.75,0.0,1500.0,0.0,6.2027
860.5,2026-05-05T21:47:08.234333+00:00,73.3276,-0.0973,96.8281,-0.0472,0.75,0.0,1500.0,0.0,6.2525
861.0,2026-05-05T21:47:08.734472+00:00,73.4369,-0.0748,97.0993,0.0409,0.75,0.0,1500.0,0.0,6.2768
861.5,2026-05-05T21:47:09.234323+00:00,73.3937,0.0062,97.192,0.0777,0.75,0.0,1500.0,0.0,6.2887
862.0,2026-05-05T21:47:09.734320+00:00,73.2331,-0.0589,97.1476,0.1754,0.75,0.0,1500.0,0.0,6.2945
862.5,2026-05-05T21:47:10.241026+00:00,73.3643,0.0184,97.206,0.1657,0.75,0.0,1500.0,0.0,6.2973
863.0,2026-05-05T21:47:10.735027+00:00,73.3379,-0.0495,97.274,0.1659,0.75,0.0,1500.0,0.0,6.2475
863.5,2026-05-05T21:47:11.234340+00:00,73.3175,-0.0381,97.442,0.2046,0.75,0.0,1500.0,0.0,6.2232
864.0,2026-05-05T21:47:11.734361+00:00,73.4292,0.098,97.4554,0.1187,0.75,0.0,1500.0,0.0,6.2113
864.5,2026-05-05T21:47:12.234350+00:00,73.3877,0.0117,97.35,0.0527,0.75,0.0,1500.0,0.0,6.2055
865.0,2026-05-05T21:47:12.740477+00:00,73.3558,0.009,97.269,0.0405,0.75,0.0,1500.0,0.0,6.2027
865.5,2026-05-05T21:47:13.234443+00:00,73.3314,0.0069,97.3225,0.0388,0.75,0.0,1500.0,0.0,6.2525
866.0,2026-05-05T21:47:13.734326+00:00,73.4398,0.0053,97.2479,-0.0087,0.75,0.0,1500.0,0.0,6.2768
866.5,2026-05-05T21:47:14.234503+00:00,73.3959,0.0041,97.1905,-0.0838,0.75,0.0,1500.0,0.0,6.2887
867.0,2026-05-05T21:47:14.734529+00:00,73.2349,-0.0605,97.2621,-0.0644,0.75,0.0,1500.0,0.0,6.2945
867.5,2026-05-05T21:47:15.239465+00:00,73.2384,-0.0465,97.2015,-0.0495,0.75,0.0,1500.0,0.0,6.2973
868.0,2026-05-05T21:47:15.734361+00:00,73.1138,-0.163,97.1548,-0.0381,0.75,0.0,1500.0,0.0,6.2987
868.5,2026-05-05T21:47:16.234535+00:00,73.2726,-0.0617,97.0959,-0.0755,0.75,0.0,1500.0,0.0,6.2994
869.0,2026-05-05T21:47:16.734338+00:00,73.1401,-0.0474,97.0737,-0.0581,0.75,0.0,1500.0,0.0,6.2997
869.5,2026-05-05T21:47:17.235023+00:00,73.1655,-0.0364,97.1723,-0.0061,0.75,0.0,1500.0,0.0,6.2998
870.0,2026-05-05T21:47:17.745644+00:00,73.1851,0.0356,97.0168,-0.0818,0.75,0.0,1500.0,0.0,6.2999
870.5,2026-05-05T21:47:18.234336+00:00,73.0728,-0.0999,96.8972,-0.1014,0.75,0.0,1500.0,0.0,6.3512
871.0,2026-05-05T21:47:18.734343+00:00,72.9866,-0.0768,96.921,-0.078,0.75,0.0,1500.0,0.0,6.325
871.5,2026-05-05T21:47:19.234296+00:00,73.1748,0.0046,96.9393,-0.0522,0.75,0.0,1500.0,0.0,6.3122
872.0,2026-05-05T21:47:19.734309+00:00,73.1922,0.0036,96.9302,-0.0478,0.75,0.0,1500.0,0.0,6.3059
872.5,2026-05-05T21:47:20.242604+00:00,73.3328,0.13,96.9463,-0.0753,0.75,0.0,1500.0,0.0,6.3029
873.0,2026-05-05T21:47:20.734365+00:00,73.3137,0.1636,97.0513,0.0115,0.75,0.0,1500.0,0.0,6.3014
873.5,2026-05-05T21:47:21.234516+00:00,73.0444,-0.0652,97.0394,0.0474,0.75,0.0,1500.0,0.0,6.3007
874.0,2026-05-05T21:47:21.734337+00:00,72.8374,-0.1774,97.0303,0.0364,0.75,0.0,1500.0,0.0,6.3003
874.5,2026-05-05T21:47:22.234345+00:00,72.9329,-0.2,96.9076,-0.0106,0.75,0.0,1500.0,0.0,6.3002
875.0,2026-05-05T21:47:22.739133+00:00,72.879,-0.2173,97.0447,0.0382,0.75,0.0,1500.0,0.0,6.3001
875.5,2026-05-05T21:47:23.234396+00:00,72.9649,-0.0398,97.15,0.0679,0.75,0.0,1500.0,0.0,6.3
876.0,2026-05-05T21:47:23.734299+00:00,72.9036,0.0331,97.1153,0.0213,0.75,0.0,1500.0,0.0,6.3
876.5,2026-05-05T21:47:24.234324+00:00,73.111,0.0891,97.2043,0.055,0.75,0.0,1500.0,0.0,6.3
877.0,2026-05-05T21:47:24.734747+00:00,73.0159,0.0684,97.3885,0.1194,0.75,0.0,1500.0,0.0,6.3
877.5,2026-05-05T21:47:25.240168+00:00,73.0701,0.0526,97.2986,0.1303,0.75,0.0,1500.0,0.0,6.3
878.0,2026-05-05T21:47:25.734502+00:00,72.8572,-0.0232,97.2295,0.0616,0.75,0.0,1500.0,0.0,6.3
878.5,2026-05-05T21:47:26.234793+00:00,72.9481,-0.0815,96.8293,-0.1069,0.75,0.0,1500.0,0.0,6.3
879.0,2026-05-05T21:47:26.734326+00:00,73.1452,0.0647,96.4985,-0.2056,0.75,0.0,1500.0,0.0,6.3
879.500911,2026-05-05T21:47:27.235256+00:00,73.1695,0.0497,96.3832,-0.2737,0.75,0.0,1500.0,0.0,6.3
880.0,2026-05-05T21:47:27.740418+00:00,73.1881,0.1655,96.3871,-0.3338,0.75,0.0,1500.0,0.0,6.3
880.5,2026-05-05T21:47:28.234328+00:00,73.0751,0.0635,96.4132,-0.2951,0.75,0.0,1500.0,0.0,6.3
881.0,2026-05-05T21:47:28.734311+00:00,73.1156,-0.0148,96.549,-0.2268,0.75,0.0,1500.0,0.0,6.3
881.5,2026-05-05T21:47:29.234740+00:00,73.1467,-0.0114,96.6534,-0.0586,0.75,0.0,1500.0,0.0,6.3
882.0,2026-05-05T21:47:29.734313+00:00,73.1706,-0.0087,96.6179,0.0398,0.75,0.0,1500.0,0.0,6.3
882.5,2026-05-05T21:47:30.239431+00:00,73.189,0.0569,96.822,0.1463,0.75,0.0,1500.0,0.0,6.3
883.0,2026-05-05T21:47:30.734328+00:00,73.2031,0.0437,96.7243,0.1124,0.75,0.0,1500.0,0.0,6.3
883.5,2026-05-05T21:47:31.234309+00:00,73.3412,0.0973,96.5336,0.0401,0.75,0.0,1500.0,0.0,6.3
884.0,2026-05-05T21:47:31.734461+00:00,73.3201,0.0748,96.5027,-0.0154,0.75,0.0,1500.0,0.0,6.3
884.5,2026-05-05T21:47:32.234374+00:00,73.3039,0.0575,96.4789,-0.0581,0.75,0.0,1500.0,0.0,6.3
885.0,2026-05-05T21:47:32.739695+00:00,73.4187,0.1078,96.345,-0.091,0.75,0.0,1500.0,0.0,6.3
885.5,2026-05-05T21:47:33.234436+00:00,73.2524,-0.0444,96.3808,-0.1471,0.75,0.0,1500.0,0.0,6.3
886.0,2026-05-05T21:47:33.734582+00:00,73.2518,-0.0341,96.3853,-0.113,0.75,0.0,1500.0,0.0,6.3
886.500871,2026-05-05T21:47:34.235199+00:00,73.2514,-0.0262,96.4118,-0.0406,0.75,0.0,1500.0,0.0,6.3
887.0,2026-05-05T21:47:34.734297+00:00,73.3784,-0.0202,96.5479,0.0151,0.75,0.0,1500.0,0.0,6.3
887.5,2026-05-05T21:47:35.240570+00:00,73.4759,0.1118,96.6525,0.0579,0.75,0.0,1500.0,0.0,6.3
888.0,2026-05-05T21:47:35.734345+00:00,73.2964,0.0223,96.3858,0.0136,0.75,0.0,1500.0,0.0,6.3
888.5,2026-05-05T21:47:36.234299+00:00,73.1584,-0.0465,96.6205,0.0799,0.75,0.0,1500.0,0.0,6.3
889.0,2026-05-05T21:47:36.734454+00:00,73.1796,-0.0994,96.5926,0.0691,0.75,0.0,1500.0,0.0,6.3
889.5,2026-05-05T21:47:37.234317+00:00,73.3231,-0.0764,96.6869,0.0917,0.75,0.0,1500.0,0.0,6.3
890.0,2026-05-05T21:47:37.740254+00:00,73.4335,0.0686,96.7593,0.0705,0.75,0.0,1500.0,0.0,6.2488
890.5,2026-05-05T21:47:38.234322+00:00,73.5183,0.18,96.9307,0.0927,0.75,0.0,1500.0,0.0,6.275
891.0,2026-05-05T21:47:38.734303+00:00,73.3289,0.0747,96.9236,0.1793,0.75,0.0,1500.0,0.0,6.2878
891.5,2026-05-05T21:47:39.234331+00:00,73.4379,0.0574,97.057,0.1455,0.75,0.0,1500.0,0.0,6.294
892.0,2026-05-05T21:47:39.734325+00:00,73.3945,-0.0195,97.0669,0.1581,0.75,0.0,1500.0,0.0,6.2971
892.5,2026-05-05T21:47:40.240643+00:00,73.361,-0.0786,96.9126,0.0752,0.75,0.0,1500.0,0.0,6.2986
893.0,2026-05-05T21:47:40.734861+00:00,73.2081,-0.0604,97.0485,0.0964,0.75,0.0,1500.0,0.0,6.2481
893.5,2026-05-05T21:47:41.235109+00:00,73.345,-0.0465,96.9216,-0.003,0.75,0.0,1500.0,0.0,6.2235
894.0,2026-05-05T21:47:41.734306+00:00,73.323,-0.0357,96.9397,0.0054,0.75,0.0,1500.0,0.0,6.2115
894.5,2026-05-05T21:47:42.234513+00:00,73.1789,-0.0911,96.9537,-0.0344,0.75,0.0,1500.0,0.0,6.2056
895.0,2026-05-05T21:47:42.742996+00:00,73.0681,-0.07,96.8487,-0.0727,0.75,0.0,1500.0,0.0,6.2027
895.5,2026-05-05T21:47:43.234323+00:00,73.2374,-0.0538,96.7449,-0.0559,0.75,0.0,1500.0,0.0,6.2525
896.0,2026-05-05T21:47:43.736156+00:00,72.9858,-0.1686,96.9196,-0.043,0.75,0.0,1500.0,0.0,6.2256
896.5,2026-05-05T21:47:44.235497+00:00,73.0469,-0.066,96.8225,-0.033,0.75,0.0,1500.0,0.0,6.2125
897.0,2026-05-05T21:47:44.734317+00:00,73.0939,0.0129,96.8636,-0.0254,0.75,0.0,1500.0,0.0,6.2061
897.5,2026-05-05T21:47:45.242730+00:00,73.2573,0.0099,96.872,-0.0272,0.75,0.0,1500.0,0.0,6.203
898.0,2026-05-05T21:47:45.734498+00:00,73.2556,0.1349,96.9016,0.0176,0.75,0.0,1500.0,0.0,6.2527
898.5,2026-05-05T21:47:46.234330+00:00,73.2543,0.1037,96.9244,0.0598,0.75,0.0,1500.0,0.0,6.2769
899.0,2026-05-05T21:47:46.734294+00:00,72.9988,-0.0476,96.9419,0.0074,0.75,0.0,1500.0,0.0,6.2887
899.5,2026-05-05T21:47:47.234337+00:00,73.0569,-0.1002,97.071,0.0828,0.75,0.0,1500.0,0.0,6.2945
900.0,2026-05-05T21:47:47.738887+00:00,73.1016,-0.077,97.0546,0.0637,0.75,0.0,1500.0,0.0,6.2461
900.5,2026-05-05T21:47:48.234432+00:00,73.0087,-0.1228,97.1577,0.0952,0.75,0.0,1500.0,0.0,6.2737
901.0,2026-05-05T21:47:48.734361+00:00,73.1918,0.0965,97.1212,0.0732,0.75,0.0,1500.0,0.0,6.2872
901.5,2026-05-05T21:47:49.234319+00:00,73.3325,0.1378,97.1857,0.0871,0.75,0.0,1500.0,0.0,6.2937
902.0,2026-05-05T21:47:49.734384+00:00,73.1862,0.0423,97.2584,0.1055,0.75,0.0,1500.0,0.0,6.2969
902.5,2026-05-05T21:47:50.241525+00:00,73.2009,0.0961,97.1986,0.0425,0.75,0.0,1500.0,0.0,6.2985
903.0,2026-05-05T21:47:50.734309+00:00,73.2123,0.0103,97.2684,0.0713,0.75,0.0,1500.0,0.0,6.2993
903.5,2026-05-05T21:47:51.234350+00:00,73.3483,0.0079,97.322,0.0548,0.75,0.0,1500.0,0.0,6.2996
904.0,2026-05-05T21:47:51.734535+00:00,73.3255,0.0697,97.34,0.0729,0.75,0.0,1500.0,0.0,6.2998
904.5,2026-05-05T21:47:52.235112+00:00,73.3081,0.0536,97.2613,0.0252,0.75,0.0,1500.0,0.0,6.2999
905.0,2026-05-05T21:47:52.741597+00:00,73.2946,0.0412,97.062,-0.0655,0.75,0.0,1500.0,0.0,6.3
905.5,2026-05-05T21:47:53.234322+00:00,73.2843,-0.032,97.1634,-0.0118,0.75,0.0,1500.0,0.0,6.3
906.0,2026-05-05T21:47:53.734428+00:00,73.4036,0.039,97.2413,-0.009,0.75,0.0,1500.0,0.0,6.3
906.5,2026-05-05T21:47:54.234308+00:00,73.4954,0.0936,97.0466,-0.0918,0.75,0.0,1500.0,0.0,6.3
907.0,2026-05-05T21:47:54.734322+00:00,73.4386,0.072,97.1284,-0.0705,0.75,0.0,1500.0,0.0,6.3
907.5,2026-05-05T21:47:55.240098+00:00,73.5222,0.119,97.0987,-0.0542,0.75,0.0,1500.0,0.0,6.3
908.0,2026-05-05T21:47:55.734342+00:00,73.4592,0.0278,97.0758,0.0046,0.75,0.0,1500.0,0.0,6.3
908.5,2026-05-05T21:47:56.234315+00:00,73.5381,0.0214,97.2897,0.0421,0.75,0.0,1500.0,0.0,6.3
909.0,2026-05-05T21:47:56.734305+00:00,73.5987,0.0801,97.2227,-0.0062,0.75,0.0,1500.0,0.0,6.3
909.5,2026-05-05T21:47:57.234302+00:00,73.6453,0.0615,97.1711,0.0415,0.75,0.0,1500.0,0.0,6.3
910.0,2026-05-05T21:47:57.741046+00:00,73.4265,-0.0163,97.1315,0.0011,0.75,0.0,1500.0,0.0,6.2488
910.5,2026-05-05T21:47:58.235975+00:00,73.513,-0.0126,97.1011,0.0008,0.75,0.0,1500.0,0.0,6.275
911.0,2026-05-05T21:47:58.734329+00:00,73.4521,-0.0733,97.1934,0.0392,0.75,0.0,1500.0,0.0,6.2878
911.5,2026-05-05T21:47:59.234543+00:00,73.5326,-0.0563,97.38,0.0301,0.75,0.0,1500.0,0.0,6.294
912.000877,2026-05-05T21:47:59.735211+00:00,73.4672,0.0203,97.1533,-0.0231,0.75,0.0,1500.0,0.0,6.2971
912.5,2026-05-05T21:48:00.239696+00:00,73.2897,-0.1116,97.2104,0.0131,0.75,0.0,1500.0,0.0,6.2986
913.0,2026-05-05T21:48:00.734602+00:00,73.2805,-0.0858,97.1617,0.0101,0.75,0.0,1500.0,0.0,6.2993
913.5,2026-05-05T21:48:01.234318+00:00,73.2734,-0.1296,96.8929,-0.0694,0.75,0.0,1500.0,0.0,6.2997
914.0,2026-05-05T21:48:01.734280+00:00,73.3953,-0.036,96.9177,-0.0919,0.75,0.0,1500.0,0.0,6.2998
914.5,2026-05-05T21:48:02.234406+00:00,73.4889,0.0996,96.821,-0.1863,0.75,0.0,1500.0,0.0,6.2999
915.0,2026-05-05T21:48:02.739955+00:00,73.4336,0.0766,96.7236,-0.1432,0.75,0.0,1500.0,0.0,6.2488
915.5,2026-05-05T21:48:03.234315+00:00,73.3912,0.0589,96.9033,-0.1024,0.75,0.0,1500.0,0.0,6.275
916.0,2026-05-05T21:48:03.734344+00:00,73.4858,0.0452,97.157,-0.0015,0.75,0.0,1500.0,0.0,6.2878
916.5,2026-05-05T21:48:04.234326+00:00,73.4312,-0.0289,97.2364,0.1145,0.75,0.0,1500.0,0.0,6.294
917.0,2026-05-05T21:48:04.734521+00:00,73.262,-0.0858,97.2974,0.1266,0.75,0.0,1500.0,0.0,6.2971
917.500868,2026-05-05T21:48:05.240938+00:00,73.3865,-0.0023,97.3443,0.1744,0.75,0.0,1500.0,0.0,6.2986
918.0,2026-05-05T21:48:05.734585+00:00,73.3549,-0.0654,97.3803,0.2189,0.75,0.0,1500.0,0.0,6.2993
918.5,2026-05-05T21:48:06.234582+00:00,73.3306,-0.0503,97.2923,0.1297,0.75,0.0,1500.0,0.0,6.2997
919.0,2026-05-05T21:48:06.734354+00:00,73.312,0.025,96.9933,-0.0546,0.75,0.0,1500.0,0.0,6.2998
919.5,2026-05-05T21:48:07.234310+00:00,73.1704,-0.1081,96.9948,-0.0805,0.75,0.0,1500.0,0.0,6.2999
920.0,2026-05-05T21:48:07.739932+00:00,73.3161,-0.0194,97.1117,-0.0619,0.75,0.0,1500.0,0.0,6.3
920.5,2026-05-05T21:48:08.234399+00:00,73.428,0.0487,96.7619,-0.1941,0.75,0.0,1500.0,0.0,6.3
921.0,2026-05-05T21:48:08.734427+00:00,73.2596,-0.0262,96.7939,-0.1955,0.75,0.0,1500.0,0.0,6.3
921.5,2026-05-05T21:48:09.234450+00:00,73.3846,0.1071,96.8416,-0.1502,0.75,0.0,1500.0,0.0,6.3
922.0,2026-05-05T21:48:09.734350+00:00,73.4807,0.0823,96.6468,-0.1155,0.75,0.0,1500.0,0.0,6.3
922.5,2026-05-05T21:48:10.239754+00:00,73.4274,-0.0003,96.7054,-0.0965,0.75,0.0,1500.0,0.0,6.3
923.0,2026-05-05T21:48:10.734731+00:00,73.5136,0.127,96.6579,-0.1513,0.75,0.0,1500.0,0.0,6.3
923.5,2026-05-05T21:48:11.234386+00:00,73.4526,0.034,96.3899,-0.124,0.75,0.0,1500.0,0.0,6.3
924.0,2026-05-05T21:48:11.734342+00:00,73.2784,-0.1012,96.4154,-0.1262,0.75,0.0,1500.0,0.0,6.3
924.5,2026-05-05T21:48:12.234713+00:00,73.1446,-0.1414,96.4118,-0.1432,0.75,0.0,1500.0,0.0,6.3
925.0,2026-05-05T21:48:12.740655+00:00,73.4235,-0.045,96.4322,-0.0715,0.75,0.0,1500.0,0.0,6.3
925.5,2026-05-05T21:48:13.234605+00:00,73.3834,-0.0346,96.6793,-0.0087,0.75,0.0,1500.0,0.0,6.3
926.0,2026-05-05T21:48:13.734356+00:00,73.4798,0.1007,96.6378,-0.0067,0.75,0.0,1500.0,0.0,6.3
926.5,2026-05-05T21:48:14.234351+00:00,73.4266,0.141,96.4902,0.0334,0.75,0.0,1500.0,0.0,6.3
927.0,2026-05-05T21:48:14.734446+00:00,73.513,0.0447,96.4694,0.018,0.75,0.0,1500.0,0.0,6.3
927.5,2026-05-05T21:48:15.239406+00:00,73.4521,0.0344,96.5921,0.0601,0.75,0.0,1500.0,0.0,6.3
928.0,2026-05-05T21:48:15.734345+00:00,73.4054,-0.0372,96.5708,0.0462,0.75,0.0,1500.0,0.0,6.3
928.5,2026-05-05T21:48:16.234516+00:00,73.4967,0.035,96.647,-0.0108,0.75,0.0,1500.0,0.0,6.3
929.0,2026-05-05T21:48:16.734348+00:00,73.4396,-0.0367,96.613,-0.0083,0.75,0.0,1500.0,0.0,6.3
929.500007,2026-05-05T21:48:17.234421+00:00,73.3957,-0.0282,96.5868,0.0322,0.75,0.0,1500.0,0.0,6.3
930.0,2026-05-05T21:48:17.740891+00:00,73.362,-0.0217,96.5436,0.0247,0.75,0.0,1500.0,0.0,6.3
930.5,2026-05-05T21:48:18.234401+00:00,73.3361,-0.0803,96.6261,0.0113,0.75,0.0,1500.0,0.0,6.3
931.0,2026-05-05T21:48:18.734477+00:00,73.4434,0.0019,96.7126,0.0473,0.75,0.0,1500.0,0.0,6.3
931.5,2026-05-05T21:48:19.234415+00:00,73.3987,0.0015,96.7791,0.044,0.75,0.0,1500.0,0.0,6.3
932.0,2026-05-05T21:48:19.734463+00:00,73.3643,0.0011,96.8302,0.0724,0.75,0.0,1500.0,0.0,6.3
932.5,2026-05-05T21:48:20.240747+00:00,73.3378,0.0009,96.615,0.0094,0.75,0.0,1500.0,0.0,6.3
933.0,2026-05-05T21:48:20.734324+00:00,73.4448,0.0007,96.8198,0.0921,0.75,0.0,1500.0,0.0,6.3512
933.5,2026-05-05T21:48:21.234328+00:00,73.6542,0.1278,96.7458,0.0399,0.75,0.0,1500.0,0.0,6.3762
934.0,2026-05-05T21:48:21.734369+00:00,73.5607,0.0982,96.6889,-0.0079,0.75,0.0,1500.0,0.0,6.3372
934.5,2026-05-05T21:48:22.234360+00:00,73.6161,0.1391,96.8766,0.0325,0.75,0.0,1500.0,0.0,6.3181
935.0,2026-05-05T21:48:22.740500+00:00,73.6586,0.1069,96.7894,-0.0136,0.75,0.0,1500.0,0.0,6.3089
935.5,2026-05-05T21:48:23.234346+00:00,73.5641,-0.0451,96.6068,-0.0027,0.75,0.0,1500.0,0.0,6.3555
936.0,2026-05-05T21:48:23.734362+00:00,73.3641,-0.0983,96.5821,-0.0792,0.75,0.0,1500.0,0.0,6.3271
936.5,2026-05-05T21:48:24.234338+00:00,73.3377,-0.1392,96.4474,-0.0995,0.75,0.0,1500.0,0.0,6.3132
937.0,2026-05-05T21:48:24.734348+00:00,73.4447,-0.107,96.3439,-0.115,0.75,0.0,1500.0,0.0,6.3065
937.5,2026-05-05T21:48:25.239805+00:00,73.6542,0.0451,96.6114,-0.0884,0.75,0.0,1500.0,0.0,6.3031
938.0,2026-05-05T21:48:25.734470+00:00,73.6879,0.1619,96.7013,-0.0294,0.75,0.0,1500.0,0.0,6.3015
938.5,2026-05-05T21:48:26.234358+00:00,73.7139,0.1881,96.4233,-0.0611,0.75,0.0,1500.0,0.0,6.3007
939.0,2026-05-05T21:48:26.734309+00:00,73.6065,0.0809,96.5568,-0.0084,0.75,0.0,1500.0,0.0,6.3004
939.5,2026-05-05T21:48:27.234449+00:00,73.7786,0.0622,96.5205,0.0244,0.75,0.0,1500.0,0.0,6.3002
940.0,2026-05-05T21:48:27.743063+00:00,73.7835,0.0478,96.5158,0.0573,0.75,0.0,1500.0,0.0,6.3001
940.5,2026-05-05T21:48:28.234332+00:00,73.6601,-0.0269,96.5121,-0.0331,0.75,0.0,1500.0,0.0,6.3
941.0,2026-05-05T21:48:28.734464+00:00,73.5652,-0.0207,96.7407,0.0131,0.75,0.0,1500.0,0.0,6.3
941.500006,2026-05-05T21:48:29.234455+00:00,73.4922,-0.1432,96.685,0.0872,0.75,0.0,1500.0,0.0,6.3
942.0,2026-05-05T21:48:29.734311+00:00,73.1816,-0.3009,96.9893,0.1442,0.75,0.0,1500.0,0.0,6.3
942.5,2026-05-05T21:48:30.239849+00:00,73.3247,-0.1677,96.9918,0.1571,0.75,0.0,1500.0,0.0,6.3
943.0,2026-05-05T21:48:30.734321+00:00,73.1802,-0.1925,96.9937,0.1593,0.75,0.0,1500.0,0.0,6.3
943.5,2026-05-05T21:48:31.234414+00:00,73.4509,-0.0207,97.0877,0.1919,0.75,0.0,1500.0,0.0,6.3
944.0,2026-05-05T21:48:31.734539+00:00,73.4044,0.1114,97.1831,0.1475,0.75,0.0,1500.0,0.0,6.3
944.5,2026-05-05T21:48:32.234330+00:00,73.4959,0.0856,97.1407,0.1519,0.75,0.0,1500.0,0.0,6.3
945.0,2026-05-05T21:48:32.742795+00:00,73.3118,0.0658,97.2239,0.0782,0.75,0.0,1500.0,0.0,6.2488
945.5,2026-05-05T21:48:33.234277+00:00,73.2975,-0.0767,97.1721,0.0601,0.75,0.0,1500.0,0.0,6.275
946.0,2026-05-05T21:48:33.734327+00:00,73.541,0.0683,96.9934,-0.0001,0.75,0.0,1500.0,0.0,6.2878
946.5,2026-05-05T21:48:34.234553+00:00,73.4737,-0.0111,96.9949,-0.0309,0.75,0.0,1500.0,0.0,6.294
947.0,2026-05-05T21:48:34.734344+00:00,73.4219,0.0551,97.1118,-0.0238,0.75,0.0,1500.0,0.0,6.2971
947.5,2026-05-05T21:48:35.239790+00:00,73.6367,0.1696,96.8545,-0.0954,0.75,0.0,1500.0,0.0,6.2986
948.0,2026-05-05T21:48:35.734341+00:00,73.6745,0.0667,97.0039,-0.0733,0.75,0.0,1500.0,0.0,6.2481
948.5,2026-05-05T21:48:36.234384+00:00,73.5762,0.0513,96.8873,-0.0949,0.75,0.0,1500.0,0.0,6.2235
949.0,2026-05-05T21:48:36.734329+00:00,73.628,0.1031,96.9134,-0.0267,0.75,0.0,1500.0,0.0,6.2115
949.5,2026-05-05T21:48:37.234398+00:00,73.5405,-0.0481,97.0491,0.0181,0.75,0.0,1500.0,0.0,6.2056
950.0,2026-05-05T21:48:37.742858+00:00,73.4733,-0.1006,97.0378,-0.0247,0.75,0.0,1500.0,0.0,6.2027
950.5,2026-05-05T21:48:38.234329+00:00,73.2944,-0.1409,97.0059,0.0504,0.75,0.0,1500.0,0.0,6.2525
951.0,2026-05-05T21:48:38.734461+00:00,73.1568,-0.2356,96.8657,-0.0461,0.75,0.0,1500.0,0.0,6.2768
951.5,2026-05-05T21:48:39.234342+00:00,73.3057,-0.1174,96.8968,0.0032,0.75,0.0,1500.0,0.0,6.2887
952.0,2026-05-05T21:48:39.734338+00:00,73.2928,-0.0903,96.8975,-0.0053,0.75,0.0,1500.0,0.0,6.2433
952.5,2026-05-05T21:48:40.239821+00:00,73.4102,0.0579,96.9444,-0.0349,0.75,0.0,1500.0,0.0,6.2211
953.000764,2026-05-05T21:48:40.735154+00:00,73.5004,0.1718,96.8415,-0.0654,0.75,0.0,1500.0,0.0,6.2615
953.5,2026-05-05T21:48:41.234535+00:00,73.4424,0.0684,96.7394,-0.0888,0.75,0.0,1500.0,0.0,6.2812
954.0,2026-05-05T21:48:41.736403+00:00,73.3979,0.0526,96.7997,-0.022,0.75,0.0,1500.0,0.0,6.2908
954.5,2026-05-05T21:48:42.234424+00:00,73.1091,-0.1505,96.8229,-0.0246,0.75,0.0,1500.0,0.0,6.2955
955.0,2026-05-05T21:48:42.742777+00:00,73.269,-0.1157,97.0953,0.0659,0.75,0.0,1500.0,0.0,6.2466
955.5,2026-05-05T21:48:43.234435+00:00,73.3919,-0.0253,97.1889,0.0815,0.75,0.0,1500.0,0.0,6.2739
956.0,2026-05-05T21:48:43.734349+00:00,73.359,-0.0194,97.1452,0.1012,0.75,0.0,1500.0,0.0,6.2873
956.5,2026-05-05T21:48:44.234534+00:00,73.3338,0.1123,97.2273,0.1626,0.75,0.0,1500.0,0.0,6.2938
957.0,2026-05-05T21:48:44.734348+00:00,73.3144,0.0227,97.1978,0.1327,0.75,0.0,1500.0,0.0,6.297
957.5,2026-05-05T21:48:45.341722+00:00,73.2995,-0.0462,97.2678,0.1483,0.75,0.0,1500.0,0.0,6.2985
958.0,2026-05-05T21:48:45.734346+00:00,73.1608,-0.0991,97.3215,0.0754,0.75,0.0,1500.0,0.0,6.2481
958.5,2026-05-05T21:48:46.234328+00:00,73.5632,0.1147,97.2471,0.0194,0.75,0.0,1500.0,0.0,6.2235
959.0,2026-05-05T21:48:46.734408+00:00,73.4908,0.0882,97.3056,0.0535,0.75,0.0,1500.0,0.0,6.2114
959.5,2026-05-05T21:48:47.235081+00:00,73.5623,0.1314,97.4663,0.0797,0.75,0.0,1500.0,0.0,6.2056
960.0,2026-05-05T21:48:47.741311+00:00,73.49,0.1646,97.2196,0.0072,0.75,0.0,1500.0,0.0,6.2027
960.5,2026-05-05T21:48:48.234317+00:00,73.3072,-0.128,97.1456,-0.0407,0.75,0.0,1500.0,0.0,6.2525
961.0,2026-05-05T21:48:48.734841+00:00,73.4213,-0.0347,97.1119,-0.0699,0.75,0.0,1500.0,0.0,6.2768
961.5,2026-05-05T21:48:49.234322+00:00,73.5089,-0.0267,96.9703,-0.0923,0.75,0.0,1500.0,0.0,6.2887
962.0,2026-05-05T21:48:49.734327+00:00,73.7035,0.1067,97.0697,-0.0786,0.75,0.0,1500.0,0.0,6.2945
962.5,2026-05-05T21:48:50.243021+00:00,73.7259,0.2093,97.0536,-0.1376,0.75,0.0,1500.0,0.0,6.2973
963.0,2026-05-05T21:48:50.734376+00:00,73.8703,0.2245,97.0412,-0.0595,0.75,0.0,1500.0,0.0,6.2987
963.5,2026-05-05T21:48:51.234396+00:00,73.9813,0.2362,96.916,-0.0765,0.75,0.0,1500.0,0.0,6.2994
964.0,2026-05-05T21:48:51.734348+00:00,73.9393,0.1179,96.9354,-0.0588,0.75,0.0,1500.0,0.0,6.2997
964.5,2026-05-05T21:48:52.234379+00:00,73.9071,0.0906,96.719,-0.0838,0.75,0.0,1500.0,0.0,6.2998
965.0,2026-05-05T21:48:52.739604+00:00,73.6278,-0.1213,96.8997,-0.0567,0.75,0.0,1500.0,0.0,6.2999
965.5,2026-05-05T21:48:53.234364+00:00,73.5404,-0.2205,96.9229,-0.0436,0.75,0.0,1500.0,0.0,6.3
966.0,2026-05-05T21:48:53.734310+00:00,73.6004,-0.1694,97.0564,0.0051,0.75,0.0,1500.0,0.0,6.3
966.5,2026-05-05T21:48:54.234387+00:00,73.6466,-0.1302,97.1591,0.081,0.75,0.0,1500.0,0.0,6.3
967.0,2026-05-05T21:48:54.734319+00:00,73.6821,0.0272,97.1223,0.0623,0.75,0.0,1500.0,0.0,6.3
967.5,2026-05-05T21:48:55.240436+00:00,73.7094,0.0845,97.2097,0.1636,0.75,0.0,1500.0,0.0,6.3
968.0,2026-05-05T21:48:55.735298+00:00,73.7304,0.065,97.2769,0.1257,0.75,0.0,1500.0,0.0,6.3
968.5,2026-05-05T21:48:56.235486+00:00,73.6192,-0.0137,97.0971,0.0581,0.75,0.0,1500.0,0.0,6.3
969.0,2026-05-05T21:48:56.734361+00:00,73.4065,-0.1378,96.9589,-0.0325,0.75,0.0,1500.0,0.0,6.3
969.5,2026-05-05T21:48:57.234485+00:00,73.243,-0.2332,96.9453,-0.0713,0.75,0.0,1500.0,0.0,6.3
970.0,2026-05-05T21:48:57.742961+00:00,73.3719,-0.1792,96.8191,-0.1011,0.75,0.0,1500.0,0.0,6.3
970.5,2026-05-05T21:48:58.234331+00:00,73.3437,-0.1378,96.861,-0.1162,0.75,0.0,1500.0,0.0,6.3
971.0,2026-05-05T21:48:58.734438+00:00,73.322,-0.0422,96.87,-0.1356,0.75,0.0,1500.0,0.0,6.3
971.5,2026-05-05T21:48:59.234351+00:00,73.3053,0.0312,96.7612,-0.112,0.75,0.0,1500.0,0.0,6.3
972.0,2026-05-05T21:48:59.734573+00:00,73.4198,0.024,96.9322,-0.0089,0.75,0.0,1500.0,0.0,6.3
972.5,2026-05-05T21:49:00.247894+00:00,73.5078,0.082,96.9479,0.0009,0.75,0.0,1500.0,0.0,6.3
973.0,2026-05-05T21:49:00.734398+00:00,73.5754,0.1267,96.9599,0.0469,0.75,0.0,1500.0,0.0,6.3
973.5,2026-05-05T21:49:01.234324+00:00,73.5001,0.0974,97.0849,0.0746,0.75,0.0,1500.0,0.0,6.3
974.0,2026-05-05T21:49:01.734377+00:00,73.5695,0.0748,97.0653,0.0651,0.75,0.0,1500.0,0.0,6.3
974.5,2026-05-05T21:49:02.234345+00:00,73.4956,-0.0061,97.1659,0.1349,0.75,0.0,1500.0,0.0,6.3
975.0,2026-05-05T21:49:02.740244+00:00,73.566,-0.0047,97.2432,0.1037,0.75,0.0,1500.0,0.0,6.3
975.5,2026-05-05T21:49:03.234313+00:00,73.6202,0.06,97.1638,0.072,0.75,0.0,1500.0,0.0,6.3
976.0,2026-05-05T21:49:03.734438+00:00,73.789,0.1098,97.1259,0.0553,0.75,0.0,1500.0,0.0,6.3
976.5,2026-05-05T21:49:04.234333+00:00,73.7916,0.148,97.0967,0.0039,0.75,0.0,1500.0,0.0,6.3
977.0,2026-05-05T21:49:04.734849+00:00,73.6663,0.0501,96.843,-0.0741,0.75,0.0,1500.0,0.0,6.3
977.5,2026-05-05T21:49:05.239877+00:00,73.8245,0.1022,96.995,-0.057,0.75,0.0,1500.0,0.0,6.3
978.0,2026-05-05T21:49:05.734336+00:00,73.8188,0.0149,96.9962,-0.0823,0.75,0.0,1500.0,0.0,6.3
978.5,2026-05-05T21:49:06.234399+00:00,73.8145,0.0114,96.8813,-0.0941,0.75,0.0,1500.0,0.0,6.3
979.0,2026-05-05T21:49:06.734323+00:00,73.8111,0.0724,97.0245,-0.0338,0.75,0.0,1500.0,0.0,6.3
979.5,2026-05-05T21:49:07.234817+00:00,73.6813,-0.0716,97.0188,-0.026,0.75,0.0,1500.0,0.0,6.3
980.0,2026-05-05T21:49:07.742919+00:00,73.7087,-0.055,96.6674,-0.0585,0.75,0.0,1500.0,0.0,6.2488
980.5,2026-05-05T21:49:08.234461+00:00,73.8571,0.0213,96.7443,-0.0836,0.75,0.0,1500.0,0.0,6.275
981.0,2026-05-05T21:49:08.734331+00:00,73.7166,-0.0472,96.7804,-0.0719,0.75,0.0,1500.0,0.0,6.2878
981.5,2026-05-05T21:49:09.234331+00:00,73.6087,-0.0363,96.7155,-0.0553,0.75,0.0,1500.0,0.0,6.294
982.0,2026-05-05T21:49:09.734302+00:00,73.6529,-0.0279,96.6656,-0.1196,0.75,0.0,1500.0,0.0,6.2971
982.5,2026-05-05T21:49:10.239484+00:00,73.687,-0.0851,96.743,-0.0919,0.75,0.0,1500.0,0.0,6.2986
983.0,2026-05-05T21:49:10.734340+00:00,73.7131,-0.0018,96.4554,-0.0707,0.75,0.0,1500.0,0.0,6.2993
983.5,2026-05-05T21:49:11.234339+00:00,73.606,-0.0014,96.8128,0.0228,0.75,0.0,1500.0,0.0,6.2997
984.0,2026-05-05T21:49:11.734501+00:00,73.6509,-0.001,96.6247,-0.0519,0.75,0.0,1500.0,0.0,6.2998
984.5,2026-05-05T21:49:12.234315+00:00,73.8126,0.0628,96.4802,-0.0784,0.75,0.0,1500.0,0.0,6.2999
985.0,2026-05-05T21:49:12.740618+00:00,73.5552,-0.079,96.6004,-0.0217,0.75,0.0,1500.0,0.0,6.2488
985.5,2026-05-05T21:49:13.234631+00:00,73.6118,0.0029,96.8086,0.0219,0.75,0.0,1500.0,0.0,6.275
986.0,2026-05-05T21:49:13.734347+00:00,73.5281,-0.0614,96.8529,0.1325,0.75,0.0,1500.0,0.0,6.2878
986.5,2026-05-05T21:49:14.234300+00:00,73.7183,-0.0472,97.0026,0.0633,0.75,0.0,1500.0,0.0,6.294
987.0,2026-05-05T21:49:14.735922+00:00,73.7372,0.091,97.1177,0.1643,0.75,0.0,1500.0,0.0,6.2971
987.5,2026-05-05T21:49:15.240887+00:00,73.6245,0.0063,96.8591,0.1263,0.75,0.0,1500.0,0.0,6.2986
988.0,2026-05-05T21:49:15.734313+00:00,73.6651,0.0685,97.1231,0.1742,0.75,0.0,1500.0,0.0,6.2993
988.5,2026-05-05T21:49:16.236104+00:00,73.569,-0.0746,97.0715,0.0876,0.75,0.0,1500.0,0.0,6.2997
989.0,2026-05-05T21:49:16.734321+00:00,73.4952,-0.121,97.0318,0.0596,0.75,0.0,1500.0,0.0,6.2998
989.5,2026-05-05T21:49:17.234371+00:00,73.5657,-0.0294,97.1401,0.0458,0.75,0.0,1500.0,0.0,6.2999
990.0,2026-05-05T21:49:17.745663+00:00,73.6199,-0.0226,96.992,-0.0419,0.75,0.0,1500.0,0.0,6.3
990.5,2026-05-05T21:49:18.234305+00:00,73.6616,0.0463,96.855,-0.0014,0.75,0.0,1500.0,0.0,6.3
991.0,2026-05-05T21:49:18.734452+00:00,73.5664,0.0356,97.0043,-0.0396,0.75,0.0,1500.0,0.0,6.3
991.5,2026-05-05T21:49:19.235638+00:00,73.4932,-0.0363,97.119,0.0158,0.75,0.0,1500.0,0.0,6.3
992.0,2026-05-05T21:49:19.735373+00:00,73.5642,-0.0279,96.8832,-0.0495,0.75,0.0,1500.0,0.0,6.3
992.5,2026-05-05T21:49:20.238756+00:00,73.746,0.0422,97.0028,-0.0458,0.75,0.0,1500.0,0.0,6.3
993.0,2026-05-05T21:49:20.734383+00:00,73.7585,0.0961,97.0947,0.0342,0.75,0.0,1500.0,0.0,6.3
993.5,2026-05-05T21:49:21.234386+00:00,73.8954,0.2011,96.9339,0.0263,0.75,0.0,1500.0,0.0,6.3
994.0,2026-05-05T21:49:21.734439+00:00,73.746,0.0909,97.0649,0.0202,0.75,0.0,1500.0,0.0,6.3
994.5,2026-05-05T21:49:22.234436+00:00,73.7585,0.0063,97.0499,-0.023,0.75,0.0,1500.0,0.0,6.3
995.0,2026-05-05T21:49:22.740983+00:00,73.7681,0.0048,97.0384,0.0517,0.75,0.0,1500.0,0.0,6.3
995.500001,2026-05-05T21:49:23.234491+00:00,73.7755,-0.0599,97.122,0.0398,0.75,0.0,1500.0,0.0,6.3
996.001829,2026-05-05T21:49:23.736195+00:00,73.9084,0.0812,96.9781,-0.0389,0.75,0.0,1500.0,0.0,6.3
996.5,2026-05-05T21:49:24.234329+00:00,73.7561,-0.0012,97.2146,0.0935,0.75,0.0,1500.0,0.0,6.3
997.0,2026-05-05T21:49:24.734341+00:00,73.5117,-0.1282,97.2806,0.0719,0.75,0.0,1500.0,0.0,6.3
997.5,2026-05-05T21:49:25.243107+00:00,73.4511,-0.1622,97.2157,0.0553,0.75,0.0,1500.0,0.0,6.3
998.0,2026-05-05T21:49:25.734329+00:00,73.4046,-0.2519,97.2815,0.081,0.75,0.0,1500.0,0.0,6.3
998.5,2026-05-05T21:49:26.234457+00:00,73.6234,-0.0664,97.4477,0.1086,0.75,0.0,1500.0,0.0,6.3
999.0,2026-05-05T21:49:26.734344+00:00,73.6642,0.0763,97.3441,0.122,0.75,0.0,1500.0,0.0,6.3
999.5,2026-05-05T21:49:27.236064+00:00,73.8229,0.1859,97.2645,0.0166,0.75,0.0,1500.0,0.0,6.3
1000.000204,2026-05-05T21:49:27.742661+00:00,73.6903,0.1429,97.2033,-0.0258,0.75,0.0,1500.0,0.0,6.3
1000.5,2026-05-05T21:49:28.234329+00:00,73.7157,0.0462,97.0174,-0.0661,0.75,0.0,1500.0,0.0,6.3
1001.0,2026-05-05T21:49:28.735106+00:00,73.8625,0.0991,97.1291,-0.0508,0.75,0.0,1500.0,0.0,6.3
1001.5,2026-05-05T21:49:29.234823+00:00,73.848,0.0126,97.0992,-0.1162,0.75,0.0,1500.0,0.0,6.3
1002.0,2026-05-05T21:49:29.734373+00:00,73.7096,0.0096,97.0763,-0.0893,0.75,0.0,1500.0,0.0,6.3
1002.5,2026-05-05T21:49:30.243133+00:00,73.7306,0.0074,97.1743,-0.0301,0.75,0.0,1500.0,0.0,6.3
1003.0,2026-05-05T21:49:30.734355+00:00,73.7466,-0.0579,97.2497,0.0155,0.75,0.0,1500.0,0.0,6.3
1003.5,2026-05-05T21:49:31.235236+00:00,73.8862,0.0191,97.1688,0.0504,0.75,0.0,1500.0,0.0,6.3
1004.0,2026-05-05T21:49:31.735499+00:00,73.739,0.0147,97.014,-0.0384,0.75,0.0,1500.0,0.0,6.3
1004.5,2026-05-05T21:49:32.234472+00:00,73.7531,0.0113,97.0108,-0.0295,0.75,0.0,1500.0,0.0,6.3
1005.0,2026-05-05T21:49:32.740713+00:00,73.8912,0.0723,97.0083,-0.0227,0.75,0.0,1500.0,0.0,6.3
1005.5,2026-05-05T21:49:33.234343+00:00,73.8701,-0.0081,97.0064,-0.056,0.75,0.0,1500.0,0.0,6.3
1006.0,2026-05-05T21:49:33.734353+00:00,73.7266,-0.0062,96.866,-0.1279,0.75,0.0,1500.0,0.0,6.3
1006.5,2026-05-05T21:49:34.234523+00:00,73.7436,-0.0048,96.9896,-0.0597,0.75,0.0,1500.0,0.0,6.3
1007.0,2026-05-05T21:49:34.735243+00:00,73.8839,-0.0037,96.992,-0.0073,0.75,0.0,1500.0,0.0,6.2488
1007.5,2026-05-05T21:49:35.241932+00:00,73.7372,-0.0664,96.855,-0.0519,0.75,0.0,1500.0,0.0,6.2238
1008.0,2026-05-05T21:49:35.734466+00:00,73.7518,0.0126,97.0043,-0.0013,0.75,0.0,1500.0,0.0,6.2628
1008.5,2026-05-05T21:49:36.234572+00:00,74.0175,0.1369,97.0033,-0.001,0.75,0.0,1500.0,0.0,6.2819
1009.0,2026-05-05T21:49:36.735436+00:00,73.8399,-0.022,97.0025,0.0455,0.75,0.0,1500.0,0.0,6.2911
1009.5,2026-05-05T21:49:37.234427+00:00,73.9579,0.1103,97.0019,0.0041,0.75,0.0,1500.0,0.0,6.2957
1010.0,2026-05-05T21:49:37.745346+00:00,74.0486,0.1484,97.0015,0.0032,0.75,0.0,1500.0,0.0,6.2979
1010.5,2026-05-05T21:49:38.234321+00:00,73.9911,-0.0132,97.0011,0.0487,0.75,0.0,1500.0,0.0,6.299
1011.0,2026-05-05T21:49:38.734338+00:00,73.9469,0.0535,97.1166,0.0374,0.75,0.0,1500.0,0.0,6.2995
1011.5,2026-05-05T21:49:39.234350+00:00,73.9129,-0.0225,97.2053,0.0673,0.75,0.0,1500.0,0.0,6.2998
1012.0,2026-05-05T21:49:39.734317+00:00,73.8868,-0.0809,97.3892,0.1289,0.75,0.0,1500.0,0.0,6.2999
1012.5,2026-05-05T21:49:40.241166+00:00,73.8667,-0.0622,97.4148,0.1376,0.75,0.0,1500.0,0.0,6.2999
1013.0,2026-05-05T21:49:40.734325+00:00,73.724,-0.1114,97.3188,0.1058,0.75,0.0,1500.0,0.0,6.3
1013.5,2026-05-05T21:49:41.234359+00:00,73.8688,-0.022,97.2451,0.0813,0.75,0.0,1500.0,0.0,6.3
1014.0,2026-05-05T21:49:41.735955+00:00,73.7256,-0.0806,97.3041,0.0625,0.75,0.0,1500.0,0.0,6.3
1014.5,2026-05-05T21:49:42.234329+00:00,73.7429,-0.0619,97.0023,-0.0677,0.75,0.0,1500.0,0.0,6.3
1015.0,2026-05-05T21:49:42.740721+00:00,73.6288,-0.0476,97.0018,-0.1291,0.75,0.0,1500.0,0.0,6.3
1015.5,2026-05-05T21:49:43.234472+00:00,73.4139,-0.2275,97.0014,-0.1378,0.75,0.0,1500.0,0.0,6.3
1016.0,2026-05-05T21:49:43.734366+00:00,73.376,-0.1748,96.8853,-0.1445,0.75,0.0,1500.0,0.0,6.3
1016.5,2026-05-05T21:49:44.234307+00:00,73.4741,-0.1344,97.0276,-0.0725,0.75,0.0,1500.0,0.0,6.3
1017.0,2026-05-05T21:49:44.734315+00:00,73.4222,-0.1033,97.1369,-0.0557,0.75,0.0,1500.0,0.0,6.3
1017.5,2026-05-05T21:49:45.239877+00:00,73.6369,0.1115,97.2209,0.0729,0.75,0.0,1500.0,0.0,6.3
1018.0,2026-05-05T21:49:45.734541+00:00,73.5474,0.0857,97.2855,0.0946,0.75,0.0,1500.0,0.0,6.3
1018.5,2026-05-05T21:49:46.234337+00:00,73.6058,0.0659,97.312,0.1035,0.75,0.0,1500.0,0.0,6.3
1019.0,2026-05-05T21:49:46.734316+00:00,73.5235,0.0506,97.0084,0.041,0.75,0.0,1500.0,0.0,6.3
1019.5,2026-05-05T21:49:47.236126+00:00,73.4602,-0.0884,97.1222,0.0315,0.75,0.0,1500.0,0.0,6.3
1020.0,2026-05-05T21:49:47.743581+00:00,73.6661,0.0594,97.0707,-0.022,0.75,0.0,1500.0,0.0,6.3
1020.5,2026-05-05T21:49:48.234309+00:00,73.4426,-0.0816,96.9387,-0.0941,0.75,0.0,1500.0,0.0,6.3
1021.0,2026-05-05T21:49:48.734585+00:00,73.5253,0.0009,96.8372,-0.1494,0.75,0.0,1500.0,0.0,6.3
1021.5,2026-05-05T21:49:49.234767+00:00,73.4616,0.0007,96.8748,-0.1457,0.75,0.0,1500.0,0.0,6.3
1022.0,2026-05-05T21:49:49.734314+00:00,73.5399,-0.0631,96.7881,-0.0734,0.75,0.0,1500.0,0.0,6.3
1022.5,2026-05-05T21:49:50.239855+00:00,73.7273,0.1424,96.814,-0.1027,0.75,0.0,1500.0,0.0,6.3
1023.0,2026-05-05T21:49:50.739741+00:00,73.6169,0.0458,96.857,-0.0712,0.75,0.0,1500.0,0.0,6.3
1023.5,2026-05-05T21:49:51.234324+00:00,73.6593,0.0988,96.867,-0.0239,0.75,0.0,1500.0,0.0,6.3
1024.0,2026-05-05T21:49:51.734873+00:00,73.4373,-0.0513,97.0135,0.0588,0.75,0.0,1500.0,0.0,6.3
1024.5,2026-05-05T21:49:52.234581+00:00,73.5212,-0.1031,96.8715,-0.0011,0.75,0.0,1500.0,0.0,6.3
1025.0,2026-05-05T21:49:52.739692+00:00,73.713,0.0481,96.9012,0.0377,0.75,0.0,1500.0,0.0,6.3
1025.5,2026-05-05T21:49:53.234323+00:00,73.7331,0.0369,96.8084,-0.0019,0.75,0.0,1500.0,0.0,6.3
1026.0,2026-05-05T21:49:53.734824+00:00,73.6213,0.092,96.737,-0.04,0.75,0.0,1500.0,0.0,6.3
1026.5,2026-05-05T21:49:54.234329+00:00,73.5354,0.0071,96.8904,0.0078,0.75,0.0,1500.0,0.0,6.3
1027.0,2026-05-05T21:49:54.734407+00:00,73.4694,-0.1218,96.9158,-0.0326,0.75,0.0,1500.0,0.0,6.3
1027.5,2026-05-05T21:49:55.238992+00:00,73.5459,-0.0936,96.9353,0.0213,0.75,0.0,1500.0,0.0,6.3
1028.0,2026-05-05T21:49:55.734540+00:00,73.7319,0.0553,96.9271,0.0086,0.75,0.0,1500.0,0.0,6.3
1028.5,2026-05-05T21:49:56.234426+00:00,73.7477,0.1061,96.944,0.0452,0.75,0.0,1500.0,0.0,6.3
1029.0,2026-05-05T21:49:56.734380+00:00,73.8871,0.2089,96.8412,0.0347,0.75,0.0,1500.0,0.0,6.3
1029.5,2026-05-05T21:49:57.234356+00:00,73.8669,0.1605,96.9937,0.0344,0.75,0.0,1500.0,0.0,6.3
1030.0,2026-05-05T21:49:57.741590+00:00,73.9787,0.1234,97.2265,0.1036,0.75,0.0,1500.0,0.0,6.3
1030.5,2026-05-05T21:49:58.234315+00:00,73.9374,0.0948,97.1741,0.0796,0.75,0.0,1500.0,0.0,6.3
1031.0,2026-05-05T21:49:58.734361+00:00,74.0328,0.0729,97.0181,0.0303,0.75,0.0,1500.0,0.0,6.3
1031.5,2026-05-05T21:49:59.234334+00:00,73.979,0.056,97.1296,0.0619,0.75,0.0,1500.0,0.0,6.3
1032.0,2026-05-05T21:49:59.734331+00:00,74.0648,0.0431,97.0765,0.0784,0.75,0.0,1500.0,0.0,6.3
1032.5,2026-05-05T21:50:00.240054+00:00,74.0035,0.0331,97.0588,0.0217,0.75,0.0,1500.0,0.0,6.3
1033.0,2026-05-05T21:50:00.736061+00:00,74.0837,0.0254,97.1378,-0.0296,0.75,0.0,1500.0,0.0,6.3
1033.5,2026-05-05T21:50:01.234328+00:00,74.1453,0.0832,97.2216,0.0158,0.75,0.0,1500.0,0.0,6.3
1034.0,2026-05-05T21:50:01.734408+00:00,74.0654,0.0003,97.1703,0.0507,0.75,0.0,1500.0,0.0,6.3
1034.5,2026-05-05T21:50:02.234380+00:00,73.7495,-0.127,97.1309,0.0004,0.75,0.0,1500.0,0.0,6.3
1035.0,2026-05-05T21:50:02.740609+00:00,73.7612,-0.1613,97.1006,0.008,0.75,0.0,1500.0,0.0,6.2488
1035.5,2026-05-05T21:50:03.234335+00:00,73.6429,-0.2512,96.9616,-0.0324,0.75,0.0,1500.0,0.0,6.275
1036.0,2026-05-05T21:50:03.734383+00:00,73.6792,-0.1931,96.9474,-0.0635,0.75,0.0,1500.0,0.0,6.2878
1036.5,2026-05-05T21:50:04.234425+00:00,73.5799,-0.0848,97.0752,-0.0488,0.75,0.0,1500.0,0.0,6.294
1037.0,2026-05-05T21:50:04.734722+00:00,73.5036,-0.1288,97.0347,-0.0452,0.75,0.0,1500.0,0.0,6.2971
1037.5,2026-05-05T21:50:05.239813+00:00,73.6994,0.0283,96.7953,-0.1119,0.75,0.0,1500.0,0.0,6.2986
1038.0,2026-05-05T21:50:05.734314+00:00,73.85,0.0854,96.8195,-0.0937,0.75,0.0,1500.0,0.0,6.2993
1038.5,2026-05-05T21:50:06.234354+00:00,73.7111,0.0656,96.7224,-0.0797,0.75,0.0,1500.0,0.0,6.2997
1039.000007,2026-05-05T21:50:06.734418+00:00,73.859,0.1777,96.5553,-0.1307,0.75,0.0,1500.0,0.0,6.2998
1039.5,2026-05-05T21:50:07.234324+00:00,73.7181,0.0093,96.4036,-0.2239,0.75,0.0,1500.0,0.0,6.2999
1040.0,2026-05-05T21:50:07.739569+00:00,73.737,-0.0565,96.4028,-0.2106,0.75,0.0,1500.0,0.0,6.2488
1040.5,2026-05-05T21:50:08.234409+00:00,73.6243,-0.0434,96.3096,-0.1619,0.75,0.0,1500.0,0.0,6.275
1041.0,2026-05-05T21:50:08.734328+00:00,73.5377,-0.1606,96.2379,-0.1939,0.75,0.0,1500.0,0.0,6.2878
1041.5,2026-05-05T21:50:09.234395+00:00,73.5984,-0.0598,96.5068,-0.0719,0.75,0.0,1500.0,0.0,6.294
1042.0,2026-05-05T21:50:09.734455+00:00,73.8996,0.0813,96.3664,-0.0629,0.75,0.0,1500.0,0.0,6.2971
1042.5,2026-05-05T21:50:10.241169+00:00,73.8765,0.1261,96.513,0.0365,0.75,0.0,1500.0,0.0,6.2986
1043.0,2026-05-05T21:50:10.734325+00:00,73.8588,0.1606,96.6257,0.0743,0.75,0.0,1500.0,0.0,6.2993
1043.5,2026-05-05T21:50:11.235384+00:00,73.8452,0.1234,96.7123,0.1342,0.75,0.0,1500.0,0.0,6.2997
1044.0,2026-05-05T21:50:11.734308+00:00,73.8348,-0.0324,96.7789,0.1803,0.75,0.0,1500.0,0.0,6.2998
1044.5,2026-05-05T21:50:12.236190+00:00,73.8267,-0.0249,96.8301,0.1077,0.75,0.0,1500.0,0.0,6.2999
1045.0,2026-05-05T21:50:12.743962+00:00,73.6933,-0.0828,96.7305,0.1214,0.75,0.0,1500.0,0.0,6.3
1045.5,2026-05-05T21:50:13.234335+00:00,73.5907,-0.1273,96.7929,0.0933,0.75,0.0,1500.0,0.0,6.3
1046.0,2026-05-05T21:50:13.734319+00:00,73.6391,-0.0978,96.7251,0.0331,0.75,0.0,1500.0,0.0,6.3
1046.500106,2026-05-05T21:50:14.234926+00:00,73.5491,-0.1388,96.7887,0.0255,0.75,0.0,1500.0,0.0,6.3
1047.0,2026-05-05T21:50:14.734354+00:00,73.4799,-0.1067,96.6988,-0.0267,0.75,0.0,1500.0,0.0,6.3
1047.5,2026-05-05T21:50:15.240620+00:00,73.6812,0.0453,96.8842,0.018,0.75,0.0,1500.0,0.0,6.3
1048.0,2026-05-05T21:50:15.738390+00:00,73.5814,-0.0288,96.7953,0.0216,0.75,0.0,1500.0,0.0,6.3
1048.5,2026-05-05T21:50:16.234328+00:00,73.7593,0.1051,96.6113,-0.0605,0.75,0.0,1500.0,0.0,6.3
1049.0,2026-05-05T21:50:16.734325+00:00,73.896,0.2081,96.8169,0.0306,0.75,0.0,1500.0,0.0,6.3
1049.5,2026-05-05T21:50:17.240389+00:00,74.001,0.1599,96.7436,-0.0151,0.75,0.0,1500.0,0.0,6.3
1050.0,2026-05-05T21:50:17.739551+00:00,74.2091,0.3138,96.5484,-0.0501,0.75,0.0,1500.0,0.0,6.3
1050.5,2026-05-05T21:50:18.234317+00:00,74.1144,0.1776,96.7454,-0.0462,0.75,0.0,1500.0,0.0,6.3
1051.0,2026-05-05T21:50:18.734355+00:00,74.1689,0.1365,96.92,0.0416,0.75,0.0,1500.0,0.0,6.3
1051.5,2026-05-05T21:50:19.234451+00:00,74.2108,0.1049,97.0542,0.1477,0.75,0.0,1500.0,0.0,6.3
1052.0,2026-05-05T21:50:19.734375+00:00,74.243,0.017,97.1574,0.1135,0.75,0.0,1500.0,0.0,6.3
1052.5,2026-05-05T21:50:20.241054+00:00,74.1405,0.0131,96.8896,0.0487,0.75,0.0,1500.0,0.0,6.3
1053.0,2026-05-05T21:50:20.734344+00:00,73.9344,-0.1172,97.0077,0.1531,0.75,0.0,1500.0,0.0,6.3
1053.5,2026-05-05T21:50:21.234381+00:00,74.0306,-0.0901,97.2373,0.164,0.75,0.0,1500.0,0.0,6.3
1054.0,2026-05-05T21:50:21.734330+00:00,73.9772,-0.1329,96.9741,0.018,0.75,0.0,1500.0,0.0,6.3
1054.5,2026-05-05T21:50:22.234528+00:00,73.9362,-0.1021,96.8644,-0.0633,0.75,0.0,1500.0,0.0,6.3
1055.0,2026-05-05T21:50:22.740194+00:00,73.9047,-0.0149,96.8958,-0.0872,0.75,0.0,1500.0,0.0,6.2488
1055.5,2026-05-05T21:50:23.234380+00:00,73.8805,-0.0751,96.8042,-0.0285,0.75,0.0,1500.0,0.0,6.275
1056.0,2026-05-05T21:50:23.734427+00:00,73.8619,-0.0577,97.0809,0.0244,0.75,0.0,1500.0,0.0,6.2878
1056.5,2026-05-05T21:50:24.234418+00:00,73.9748,0.0193,97.0622,-0.0584,0.75,0.0,1500.0,0.0,6.294
1057.0,2026-05-05T21:50:24.734312+00:00,73.6798,-0.1124,97.0478,0.0246,0.75,0.0,1500.0,0.0,6.2971
1057.5,2026-05-05T21:50:25.240164+00:00,73.8349,-0.0228,97.2681,0.1346,0.75,0.0,1500.0,0.0,6.2986
1058.0,2026-05-05T21:50:25.734772+00:00,73.6996,-0.0812,97.3218,0.142,0.75,0.0,1500.0,0.0,6.2993
1058.5,2026-05-05T21:50:26.234327+00:00,73.5955,-0.1896,97.2473,0.1477,0.75,0.0,1500.0,0.0,6.2997
1059.0,2026-05-05T21:50:26.734524+00:00,73.5156,-0.0821,97.4215,0.1135,0.75,0.0,1500.0,0.0,6.2998
1059.5,2026-05-05T21:50:27.234384+00:00,73.5814,-0.1268,97.4397,0.1258,0.75,0.0,1500.0,0.0,6.2999
1060.0,2026-05-05T21:50:27.740949+00:00,73.5047,-0.0974,97.3379,0.0967,0.75,0.0,1500.0,0.0,6.3
1060.5,2026-05-05T21:50:28.234326+00:00,73.7003,0.0524,97.3754,0.0358,0.75,0.0,1500.0,0.0,6.3
1061.0,2026-05-05T21:50:28.734353+00:00,73.7234,0.1039,97.0572,-0.0882,0.75,0.0,1500.0,0.0,6.3
1061.5,2026-05-05T21:50:29.234303+00:00,73.4866,-0.0474,97.1596,-0.0292,0.75,0.0,1500.0,0.0,6.3
1062.0,2026-05-05T21:50:29.734322+00:00,73.5591,0.0272,97.2384,-0.061,0.75,0.0,1500.0,0.0,6.3
1062.5,2026-05-05T21:50:30.240004+00:00,73.7421,0.0209,97.1832,-0.0855,0.75,0.0,1500.0,0.0,6.3
1063.0,2026-05-05T21:50:30.734404+00:00,73.8828,0.0797,97.2565,-0.0271,0.75,0.0,1500.0,0.0,6.3
1063.5,2026-05-05T21:50:31.234437+00:00,73.6091,0.0613,97.1972,-0.0594,0.75,0.0,1500.0,0.0,6.3
1064.0,2026-05-05T21:50:31.734331+00:00,73.6533,0.0471,97.0358,-0.0071,0.75,0.0,1500.0,0.0,6.3
1064.5,2026-05-05T21:50:32.234307+00:00,73.6872,-0.0274,97.0275,-0.044,0.75,0.0,1500.0,0.0,6.3
1065.0,2026-05-05T21:50:32.746036+00:00,73.8406,-0.0211,97.0212,-0.0724,0.75,0.0,1500.0,0.0,6.2488
1065.5,2026-05-05T21:50:33.234317+00:00,73.5767,-0.0162,96.9006,-0.0942,0.75,0.0,1500.0,0.0,6.275
1066.0,2026-05-05T21:50:33.734329+00:00,73.7556,0.0512,96.669,-0.1958,0.75,0.0,1500.0,0.0,6.2878
1066.5,2026-05-05T21:50:34.235460+00:00,73.7659,0.0393,96.8845,-0.1042,0.75,0.0,1500.0,0.0,6.294
1067.0,2026-05-05T21:50:34.734302+00:00,73.7738,-0.0334,96.7724,-0.0878,0.75,0.0,1500.0,0.0,6.2971
1067.5,2026-05-05T21:50:35.240881+00:00,73.6526,0.038,96.825,-0.0675,0.75,0.0,1500.0,0.0,6.2986
1068.0,2026-05-05T21:50:35.734773+00:00,73.5594,-0.0981,96.7498,-0.0905,0.75,0.0,1500.0,0.0,6.2481
1068.5,2026-05-05T21:50:36.234329+00:00,73.6151,-0.0754,96.4606,-0.1467,0.75,0.0,1500.0,0.0,6.2235
1069.0,2026-05-05T21:50:36.734314+00:00,73.6579,-0.0579,96.5854,-0.0279,0.75,0.0,1500.0,0.0,6.2115
1069.5,2026-05-05T21:50:37.235013+00:00,73.9453,0.1464,96.7971,-0.0291,0.75,0.0,1500.0,0.0,6.2056
1070.0,2026-05-05T21:50:37.739372+00:00,73.9117,0.1761,96.844,0.0239,0.75,0.0,1500.0,0.0,6.2027
1070.5,2026-05-05T21:50:38.234324+00:00,73.8858,0.1354,96.7644,-0.0202,0.75,0.0,1500.0,0.0,6.2525
1071.0,2026-05-05T21:50:38.734400+00:00,73.9932,0.1677,96.6801,-0.0232,0.75,0.0,1500.0,0.0,6.2768
1071.5,2026-05-05T21:50:39.234348+00:00,73.9485,0.0016,96.4996,0.013,0.75,0.0,1500.0,0.0,6.2887
1072.0,2026-05-05T21:50:39.734327+00:00,73.9142,0.0012,96.6154,0.01,0.75,0.0,1500.0,0.0,6.2945
1072.5,2026-05-05T21:50:40.247044+00:00,73.7605,-0.0627,96.7044,-0.0309,0.75,0.0,1500.0,0.0,6.2973
1073.0,2026-05-05T21:50:40.734329+00:00,73.7696,-0.1118,96.6571,-0.0623,0.75,0.0,1500.0,0.0,6.2987
1073.5,2026-05-05T21:50:41.234318+00:00,73.6494,-0.1496,96.7364,-0.0093,0.75,0.0,1500.0,0.0,6.2994
1074.0,2026-05-05T21:50:41.734306+00:00,73.6842,-0.115,96.7974,0.0391,0.75,0.0,1500.0,0.0,6.2485
1074.5,2026-05-05T21:50:42.234339+00:00,73.5838,-0.0884,96.5898,0.0301,0.75,0.0,1500.0,0.0,6.2237
1075.0,2026-05-05T21:50:42.738983+00:00,73.6338,-0.0679,96.6847,0.0231,0.75,0.0,1500.0,0.0,6.2115
1075.5,2026-05-05T21:50:43.234452+00:00,73.7995,0.0751,96.8734,0.0563,0.75,0.0,1500.0,0.0,6.2568
1076.0,2026-05-05T21:50:43.735327+00:00,73.9269,0.1213,96.4399,-0.0724,0.75,0.0,1500.0,0.0,6.2789
1076.500001,2026-05-05T21:50:44.234451+00:00,73.8975,0.1569,96.2224,-0.1714,0.75,0.0,1500.0,0.0,6.2897
1077.0,2026-05-05T21:50:44.734372+00:00,73.7477,0.057,96.4023,-0.1317,0.75,0.0,1500.0,0.0,6.295
1077.5,2026-05-05T21:50:45.246941+00:00,73.7598,-0.0199,96.0778,-0.1706,0.75,0.0,1500.0,0.0,6.2976
1078.0,2026-05-05T21:50:45.734299+00:00,73.8964,-0.0153,96.0598,-0.2083,0.75,0.0,1500.0,0.0,6.2988
1078.5,2026-05-05T21:50:46.234321+00:00,73.8741,-0.0117,96.1617,-0.2372,0.75,0.0,1500.0,0.0,6.2994
1079.0,2026-05-05T21:50:46.734358+00:00,73.9842,0.1183,96.2168,-0.0743,0.75,0.0,1500.0,0.0,6.2997
1079.5,2026-05-05T21:50:47.234353+00:00,74.0688,0.1545,96.5137,0.0971,0.75,0.0,1500.0,0.0,6.2999
1080.0,2026-05-05T21:50:47.738878+00:00,74.1339,0.1188,96.6263,0.0746,0.75,0.0,1500.0,0.0,6.2999
1080.5,2026-05-05T21:50:48.234328+00:00,74.1839,0.1549,96.597,0.1731,0.75,0.0,1500.0,0.0,6.3
1081.0,2026-05-05T21:50:48.734416+00:00,74.0951,0.0554,96.5515,0.1639,0.75,0.0,1500.0,0.0,6.3
1081.5,2026-05-05T21:50:49.234343+00:00,74.0268,-0.021,96.6321,0.1568,0.75,0.0,1500.0,0.0,6.3
1082.0,2026-05-05T21:50:49.734338+00:00,74.1016,-0.0162,96.7172,0.1668,0.75,0.0,1500.0,0.0,6.3
1082.5,2026-05-05T21:50:50.240382+00:00,74.0318,-0.0761,96.8984,0.1282,0.75,0.0,1500.0,0.0,6.3
1083.0,2026-05-05T21:50:50.734450+00:00,73.9782,-0.0585,96.8987,0.0908,0.75,0.0,1500.0,0.0,6.3
1083.5,2026-05-05T21:50:51.234343+00:00,73.9369,-0.0449,96.5751,-0.0073,0.75,0.0,1500.0,0.0,6.3
1084.0,2026-05-05T21:50:51.734471+00:00,74.0325,-0.0345,96.6734,0.0407,0.75,0.0,1500.0,0.0,6.3
1084.5,2026-05-05T21:50:52.234384+00:00,74.106,0.0371,96.749,0.039,0.75,0.0,1500.0,0.0,6.3
1085.0,2026-05-05T21:50:52.740162+00:00,73.9079,-0.0351,96.6914,-0.0086,0.75,0.0,1500.0,0.0,6.3
1085.5,2026-05-05T21:50:53.234511+00:00,74.1375,0.1003,96.7628,-0.0452,0.75,0.0,1500.0,0.0,6.3
1086.0,2026-05-05T21:50:53.734443+00:00,74.0594,0.0134,96.6788,-0.0733,0.75,0.0,1500.0,0.0,6.3
1086.5,2026-05-05T21:50:54.234372+00:00,73.9994,-0.0533,96.4986,-0.0255,0.75,0.0,1500.0,0.0,6.3
1087.0,2026-05-05T21:50:54.734454+00:00,73.6987,-0.1046,96.4758,-0.0659,0.75,0.0,1500.0,0.0,6.3
1087.5,2026-05-05T21:50:55.239675+00:00,73.7221,-0.2077,96.4814,-0.0892,0.75,0.0,1500.0,0.0,6.3
1088.0,2026-05-05T21:50:55.734359+00:00,73.7402,-0.1596,96.4857,-0.0686,0.75,0.0,1500.0,0.0,6.3
1088.5,2026-05-05T21:50:56.234300+00:00,73.754,-0.1227,96.6973,-0.0218,0.75,0.0,1500.0,0.0,6.3
1089.0,2026-05-05T21:50:56.734552+00:00,73.7646,0.033,96.883,0.0681,0.75,0.0,1500.0,0.0,6.3
1089.5,2026-05-05T21:50:57.234321+00:00,73.9001,0.089,96.7944,0.0986,0.75,0.0,1500.0,0.0,6.3
1090.0,2026-05-05T21:50:57.740627+00:00,73.7497,0.0048,96.9577,0.1606,0.75,0.0,1500.0,0.0,6.3
1090.5,2026-05-05T21:50:58.234342+00:00,73.8886,0.0673,97.0832,0.2006,0.75,0.0,1500.0,0.0,6.3
1091.0,2026-05-05T21:50:58.735312+00:00,73.9954,0.1154,96.9482,0.1542,0.75,0.0,1500.0,0.0,6.3
1091.5,2026-05-05T21:50:59.234400+00:00,74.0774,0.0887,96.9602,0.0876,0.75,0.0,1500.0,0.0,6.3
1092.0,2026-05-05T21:50:59.734451+00:00,74.1405,0.1954,96.9694,0.0288,0.75,0.0,1500.0,0.0,6.3
1092.5,2026-05-05T21:51:00.240088+00:00,74.0617,0.0866,96.8608,0.0221,0.75,0.0,1500.0,0.0,6.3
1093.0,2026-05-05T21:51:00.734477+00:00,74.0011,0.0029,96.6616,-0.0987,0.75,0.0,1500.0,0.0,6.2488
1093.5,2026-05-05T21:51:01.234953+00:00,74.0819,0.0022,96.6242,-0.153,0.75,0.0,1500.0,0.0,6.2238
1094.0,2026-05-05T21:51:01.734341+00:00,74.0166,-0.0619,96.4566,-0.1639,0.75,0.0,1500.0,0.0,6.2116
1094.5,2026-05-05T21:51:02.234311+00:00,73.9665,-0.0476,96.5824,-0.1259,0.75,0.0,1500.0,0.0,6.2057
1095.0,2026-05-05T21:51:02.739176+00:00,74.0553,0.0271,96.5402,-0.1431,0.75,0.0,1500.0,0.0,6.2028
1095.5,2026-05-05T21:51:03.234358+00:00,74.1235,0.0208,96.5077,-0.1177,0.75,0.0,1500.0,0.0,6.2526
1096.0,2026-05-05T21:51:03.734361+00:00,74.1759,0.0796,96.4828,-0.0596,0.75,0.0,1500.0,0.0,6.2768
1096.5,2026-05-05T21:51:04.234439+00:00,74.0889,0.0612,96.8339,0.0699,0.75,0.0,1500.0,0.0,6.2887
1097.0,2026-05-05T21:51:04.734350+00:00,73.8948,-0.0802,96.6409,0.0614,0.75,0.0,1500.0,0.0,6.2945
1097.5,2026-05-05T21:51:05.240101+00:00,73.8728,-0.1253,96.724,0.0472,0.75,0.0,1500.0,0.0,6.2973
1098.0,2026-05-05T21:51:05.734535+00:00,73.9833,-0.0963,96.9036,0.1211,0.75,0.0,1500.0,0.0,6.2987
1098.5,2026-05-05T21:51:06.234326+00:00,73.9409,-0.074,96.8102,0.1008,0.75,0.0,1500.0,0.0,6.2994
1099.0,2026-05-05T21:51:06.734386+00:00,74.0355,0.0704,96.8541,0.1238,0.75,0.0,1500.0,0.0,6.2997
1099.5,2026-05-05T21:51:07.234484+00:00,74.1083,0.1177,96.7722,-0.0206,0.75,0.0,1500.0,0.0,6.2998
1100.0,2026-05-05T21:51:07.739935+00:00,74.1642,0.0905,96.8249,0.0613,0.75,0.0,1500.0,0.0,6.2487
1100.5,2026-05-05T21:51:08.234472+00:00,73.9527,0.0059,96.7497,0.0086,0.75,0.0,1500.0,0.0,6.3262
1101.0,2026-05-05T21:51:08.734365+00:00,73.7901,-0.1227,96.9002,-0.0011,0.75,0.0,1500.0,0.0,6.3128
1101.5,2026-05-05T21:51:09.234310+00:00,73.7924,-0.158,96.7844,-0.0086,0.75,0.0,1500.0,0.0,6.3062
1102.0,2026-05-05T21:51:09.734362+00:00,73.7941,-0.185,96.8343,-0.0066,0.75,0.0,1500.0,0.0,6.303
1102.5,2026-05-05T21:51:10.243074+00:00,73.7955,-0.0786,96.7338,-0.0128,0.75,0.0,1500.0,0.0,6.3015
1103.0,2026-05-05T21:51:10.734337+00:00,73.9238,0.0669,96.4252,-0.1332,0.75,0.0,1500.0,0.0,6.3007
1103.5,2026-05-05T21:51:11.234337+00:00,74.0224,0.115,96.3268,-0.141,0.75,0.0,1500.0,0.0,6.3004
1104.0,2026-05-05T21:51:11.734330+00:00,74.0982,0.152,96.3669,-0.1778,0.75,0.0,1500.0,0.0,6.3002
1104.500791,2026-05-05T21:51:12.235170+00:00,74.0292,0.1169,96.3977,-0.1289,0.75,0.0,1500.0,0.0,6.3001
1105.0,2026-05-05T21:51:12.739337+00:00,73.8489,-0.0374,96.5371,-0.0991,0.75,0.0,1500.0,0.0,6.3
1105.5,2026-05-05T21:51:13.234541+00:00,73.9649,-0.0288,96.5053,-0.0762,0.75,0.0,1500.0,0.0,6.3
1106.0,2026-05-05T21:51:13.734864+00:00,74.054,-0.0221,96.2727,-0.0508,0.75,0.0,1500.0,0.0,6.3
1106.5,2026-05-05T21:51:14.234317+00:00,73.9952,-0.017,96.4179,0.0304,0.75,0.0,1500.0,0.0,6.3
1107.0,2026-05-05T21:51:14.734535+00:00,74.2046,0.1778,96.5526,0.0619,0.75,0.0,1500.0,0.0,6.3
1107.500503,2026-05-05T21:51:15.242983+00:00,74.2382,0.1367,96.4247,0.009,0.75,0.0,1500.0,0.0,6.3
1108.0,2026-05-05T21:51:15.734312+00:00,74.1368,0.0414,96.5347,-0.0008,0.75,0.0,1500.0,0.0,6.3
1108.5,2026-05-05T21:51:16.234329+00:00,74.1862,0.0955,96.7581,0.0842,0.75,0.0,1500.0,0.0,6.3
1109.0,2026-05-05T21:51:16.734364+00:00,74.2241,0.0097,96.6983,0.1419,0.75,0.0,1500.0,0.0,6.3
1109.5,2026-05-05T21:51:17.234308+00:00,74.1259,-0.0561,96.745,0.109,0.75,0.0,1500.0,0.0,6.3
1110.0,2026-05-05T21:51:17.742353+00:00,74.1778,0.0205,96.7115,0.053,0.75,0.0,1500.0,0.0,6.3
1110.5,2026-05-05T21:51:18.234831+00:00,74.2176,0.0157,96.6625,0.0793,0.75,0.0,1500.0,0.0,6.3
1111.0,2026-05-05T21:51:18.734387+00:00,73.9937,-0.1152,96.7406,0.0686,0.75,0.0,1500.0,0.0,6.3
1111.5,2026-05-05T21:51:19.234332+00:00,74.0762,-0.0249,96.8006,0.0142,0.75,0.0,1500.0,0.0,6.3
1112.0,2026-05-05T21:51:19.734343+00:00,74.0123,-0.0828,96.7542,0.0186,0.75,0.0,1500.0,0.0,6.3
1112.5,2026-05-05T21:51:20.238536+00:00,73.9631,-0.1272,96.8111,0.022,0.75,0.0,1500.0,0.0,6.3
1113.0,2026-05-05T21:51:20.734569+00:00,74.0527,0.0295,96.8548,0.0478,0.75,0.0,1500.0,0.0,6.3
1113.50011,2026-05-05T21:51:21.235139+00:00,73.8669,-0.1046,96.7958,0.0444,0.75,0.0,1500.0,0.0,6.3
1114.0,2026-05-05T21:51:21.734315+00:00,74.106,0.0469,96.8431,0.0342,0.75,0.0,1500.0,0.0,6.3
1114.5,2026-05-05T21:51:22.234494+00:00,73.9079,-0.0276,96.8794,0.0263,0.75,0.0,1500.0,0.0,6.3
1115.0,2026-05-05T21:51:22.743693+00:00,74.0102,-0.0212,96.7916,0.0125,0.75,0.0,1500.0,0.0,6.2488
1115.5,2026-05-05T21:51:23.234339+00:00,74.0888,0.111,96.8398,0.0096,0.75,0.0,1500.0,0.0,6.275
1116.0,2026-05-05T21:51:23.734566+00:00,74.2765,0.0853,96.8769,0.0074,0.75,0.0,1500.0,0.0,6.2878
1116.5,2026-05-05T21:51:24.234358+00:00,74.2935,0.1928,96.9054,0.0365,0.75,0.0,1500.0,0.0,6.294
1117.0,2026-05-05T21:51:24.734299+00:00,74.3066,0.1482,97.1587,0.1052,0.75,0.0,1500.0,0.0,6.2971
1117.5,2026-05-05T21:51:25.240761+00:00,74.3166,0.1139,97.3534,0.158,0.75,0.0,1500.0,0.0,6.2986
1118.0,2026-05-05T21:51:25.734317+00:00,74.0698,-0.1034,97.2716,0.16,0.75,0.0,1500.0,0.0,6.2993
1118.5,2026-05-05T21:51:26.234355+00:00,74.2619,-0.0158,97.3244,0.1615,0.75,0.0,1500.0,0.0,6.2997
1119.000879,2026-05-05T21:51:26.738745+00:00,74.4096,0.0515,97.2262,0.1164,0.75,0.0,1500.0,0.0,6.2998
1119.5,2026-05-05T21:51:27.234320+00:00,74.3958,0.0396,97.1507,0.0818,0.75,0.0,1500.0,0.0,6.2999
1120.0,2026-05-05T21:51:27.741380+00:00,74.2579,0.0941,97.2084,0.0166,0.75,0.0,1500.0,0.0,6.3
1120.5,2026-05-05T21:51:28.234431+00:00,74.152,-0.055,96.9288,-0.1415,0.75,0.0,1500.0,0.0,6.3
1121.0,2026-05-05T21:51:28.734384+00:00,74.0705,-0.1695,96.9453,-0.1088,0.75,0.0,1500.0,0.0,6.3
1121.5,2026-05-05T21:51:29.235908+00:00,74.1352,-0.1303,96.8422,-0.1607,0.75,0.0,1500.0,0.0,6.3
1122.000797,2026-05-05T21:51:29.735598+00:00,74.0576,-0.1001,96.763,-0.1544,0.75,0.0,1500.0,0.0,6.3
1122.5,2026-05-05T21:51:30.242529+00:00,74.1253,-0.0133,96.7947,-0.1187,0.75,0.0,1500.0,0.0,6.3
1123.0,2026-05-05T21:51:30.735519+00:00,74.05,-0.0103,96.9579,-0.0835,0.75,0.0,1500.0,0.0,6.3
1123.5,2026-05-05T21:51:31.234350+00:00,74.1194,-0.0079,97.0834,0.0515,0.75,0.0,1500.0,0.0,6.3
1124.0,2026-05-05T21:51:31.734400+00:00,74.0455,-0.0061,96.9484,0.001,0.75,0.0,1500.0,0.0,6.2488
1124.5,2026-05-05T21:51:32.234318+00:00,73.9887,-0.0683,96.9603,0.0394,0.75,0.0,1500.0,0.0,6.2238
1125.0,2026-05-05T21:51:32.743528+00:00,73.945,-0.0525,96.9695,0.0688,0.75,0.0,1500.0,0.0,6.2116
1125.5,2026-05-05T21:51:33.235279+00:00,73.9115,-0.104,96.9766,0.0606,0.75,0.0,1500.0,0.0,6.2569
1126.0,2026-05-05T21:51:33.734342+00:00,74.0129,-0.0163,96.982,0.008,0.75,0.0,1500.0,0.0,6.279
1126.5,2026-05-05T21:51:34.234351+00:00,74.0909,0.0511,96.8473,-0.0787,0.75,0.0,1500.0,0.0,6.2897
1127.0,2026-05-05T21:51:34.734451+00:00,73.8963,-0.0243,96.9983,0.0167,0.75,0.0,1500.0,0.0,6.295
1127.5,2026-05-05T21:51:35.243241+00:00,73.8741,-0.0187,96.9987,0.0128,0.75,0.0,1500.0,0.0,6.2976
1128.0,2026-05-05T21:51:35.734807+00:00,73.8569,-0.078,96.8602,-0.0364,0.75,0.0,1500.0,0.0,6.2988
1128.5,2026-05-05T21:51:36.234307+00:00,73.971,-0.06,96.7768,-0.0666,0.75,0.0,1500.0,0.0,6.2994
1129.0,2026-05-05T21:51:36.734400+00:00,74.0587,0.0812,96.8285,-0.0512,0.75,0.0,1500.0,0.0,6.2997
1129.5,2026-05-05T21:51:37.234307+00:00,74.1261,0.126,96.9839,0.0455,0.75,0.0,1500.0,0.0,6.2999
1130.0,2026-05-05T21:51:37.741945+00:00,74.0507,0.0969,97.1033,0.035,0.75,0.0,1500.0,0.0,6.2999
1130.5,2026-05-05T21:51:38.234472+00:00,73.9927,0.0108,97.172,0.0577,0.75,0.0,1500.0,0.0,6.3
1131.0,2026-05-05T21:51:38.734359+00:00,73.9481,-0.0553,96.9933,0.0444,0.75,0.0,1500.0,0.0,6.3
1131.5,2026-05-05T21:51:39.234323+00:00,74.0411,-0.0425,96.9949,0.0727,0.75,0.0,1500.0,0.0,6.3
1132.0,2026-05-05T21:51:39.734465+00:00,74.1126,0.031,97.1118,0.0944,0.75,0.0,1500.0,0.0,6.3
1132.5,2026-05-05T21:51:40.240450+00:00,74.0402,0.0238,96.9702,-0.0046,0.75,0.0,1500.0,0.0,6.3
1133.0,2026-05-05T21:51:40.734322+00:00,73.9846,0.0183,97.0928,-0.0035,0.75,0.0,1500.0,0.0,6.3
1133.500001,2026-05-05T21:51:41.234490+00:00,73.9419,-0.0496,97.0713,-0.0335,0.75,0.0,1500.0,0.0,6.3
1134.0,2026-05-05T21:51:41.734432+00:00,74.0363,-0.0381,96.9391,-0.0181,0.75,0.0,1500.0,0.0,6.3
1134.5,2026-05-05T21:51:42.234309+00:00,73.8544,-0.0929,97.0689,0.0247,0.75,0.0,1500.0,0.0,6.3
1135.000027,2026-05-05T21:51:42.741548+00:00,74.0963,0.0558,97.053,-0.0196,0.75,0.0,1500.0,0.0,6.2488
1135.5,2026-05-05T21:51:43.234334+00:00,74.0278,0.0429,97.1564,0.0621,0.75,0.0,1500.0,0.0,6.275
1136.0,2026-05-05T21:51:43.734540+00:00,74.1023,0.033,97.1202,0.0091,0.75,0.0,1500.0,0.0,6.2878
1136.5,2026-05-05T21:51:44.234361+00:00,74.0324,0.089,96.861,-0.0701,0.75,0.0,1500.0,0.0,6.294
1137.0,2026-05-05T21:51:44.734298+00:00,74.1059,0.0048,97.0089,0.0232,0.75,0.0,1500.0,0.0,6.2971
1137.5,2026-05-05T21:51:45.241756+00:00,74.0351,0.0037,97.0068,-0.0207,0.75,0.0,1500.0,0.0,6.2986
1138.0,2026-05-05T21:51:45.734317+00:00,74.2352,0.0664,96.8895,-0.0545,0.75,0.0,1500.0,0.0,6.2993
1138.5,2026-05-05T21:51:46.234355+00:00,74.1345,0.0511,97.0308,-0.0419,0.75,0.0,1500.0,0.0,6.2997
1139.0,2026-05-05T21:51:46.734418+00:00,74.1844,0.0393,97.1162,-0.0013,0.75,0.0,1500.0,0.0,6.2998
1139.5,2026-05-05T21:51:47.234327+00:00,74.35,0.1574,96.8579,-0.001,0.75,0.0,1500.0,0.0,6.2999
1140.0,2026-05-05T21:51:47.739146+00:00,74.2227,-0.0063,96.8908,-0.0394,0.75,0.0,1500.0,0.0,6.2488
1140.5,2026-05-05T21:51:48.234428+00:00,74.2522,0.0588,96.9161,-0.0302,0.75,0.0,1500.0,0.0,6.275
1141.0,2026-05-05T21:51:48.735282+00:00,74.2748,0.0452,97.0512,0.0539,0.75,0.0,1500.0,0.0,6.2878
1141.5,2026-05-05T21:51:49.234348+00:00,74.2922,-0.0289,97.155,0.0414,0.75,0.0,1500.0,0.0,6.294
1142.0,2026-05-05T21:51:49.734348+00:00,74.1783,-0.0222,97.0035,-0.0376,0.75,0.0,1500.0,0.0,6.2971
1142.5,2026-05-05T21:51:50.239435+00:00,74.218,-0.0171,97.1184,0.0868,0.75,0.0,1500.0,0.0,6.2986
1143.0,2026-05-05T21:51:50.734355+00:00,74.1213,-0.0768,97.0678,0.059,0.75,0.0,1500.0,0.0,6.2993
1143.5,2026-05-05T21:51:51.234334+00:00,74.3015,0.0046,97.029,0.0376,0.75,0.0,1500.0,0.0,6.2997
1144.0,2026-05-05T21:51:51.734511+00:00,74.44,0.1308,97.0223,-0.0096,0.75,0.0,1500.0,0.0,6.2998
1144.5,2026-05-05T21:51:52.234890+00:00,74.2919,0.0369,97.1328,-0.0074,0.75,0.0,1500.0,0.0,6.2999
1145.0,2026-05-05T21:51:52.738650+00:00,74.4326,0.1557,96.8476,-0.052,0.75,0.0,1500.0,0.0,6.2488
1145.5,2026-05-05T21:51:53.234307+00:00,74.4135,0.056,96.8828,-0.0785,0.75,0.0,1500.0,0.0,6.275
1146.0,2026-05-05T21:51:53.734458+00:00,74.3988,-0.0206,96.9099,-0.0526,0.75,0.0,1500.0,0.0,6.2878
1146.5,2026-05-05T21:51:54.234306+00:00,74.2602,-0.0158,96.9539,-0.025,0.75,0.0,1500.0,0.0,6.294
1147.0,2026-05-05T21:51:54.734354+00:00,74.1537,-0.1394,97.0571,0.0116,0.75,0.0,1500.0,0.0,6.2971
1147.5,2026-05-05T21:51:55.245829+00:00,73.9446,-0.2344,96.9051,-0.0759,0.75,0.0,1500.0,0.0,6.2986
1148.0,2026-05-05T21:51:55.735041+00:00,73.9112,-0.2438,96.927,0.0265,0.75,0.0,1500.0,0.0,6.2993
1148.5,2026-05-05T21:51:56.234315+00:00,73.8854,-0.1874,96.9439,0.0204,0.75,0.0,1500.0,0.0,6.2997
1149.0,2026-05-05T21:51:56.734450+00:00,73.9929,-0.0804,96.7255,-0.0615,0.75,0.0,1500.0,0.0,6.2998
1149.5,2026-05-05T21:51:57.234334+00:00,74.0756,0.0655,96.4419,-0.1707,0.75,0.0,1500.0,0.0,6.2999
1150.0,2026-05-05T21:51:57.740446+00:00,74.0118,0.0503,96.4554,-0.2006,0.75,0.0,1500.0,0.0,6.2488
1150.5,2026-05-05T21:51:58.234449+00:00,74.2173,0.1659,96.4657,-0.1465,0.75,0.0,1500.0,0.0,6.275
1151.0,2026-05-05T21:51:58.734342+00:00,73.9935,0.0003,96.4736,-0.1511,0.75,0.0,1500.0,0.0,6.2878
1151.5,2026-05-05T21:51:59.234341+00:00,73.6942,-0.1907,96.5954,-0.1162,0.75,0.0,1500.0,0.0,6.294
1152.0,2026-05-05T21:51:59.734358+00:00,73.7187,-0.1466,96.9204,0.065,0.75,0.0,1500.0,0.0,6.2971
1152.5,2026-05-05T21:52:00.240340+00:00,73.8648,-0.1763,96.9389,0.1656,0.75,0.0,1500.0,0.0,6.2986
1153.0,2026-05-05T21:52:00.734399+00:00,73.8498,-0.0719,97.0456,0.1967,0.75,0.0,1500.0,0.0,6.2993
1153.5,2026-05-05T21:52:01.235352+00:00,74.0928,0.1993,97.035,0.1898,0.75,0.0,1500.0,0.0,6.2997
1154.0,2026-05-05T21:52:01.734332+00:00,74.1523,0.2168,96.9112,0.1459,0.75,0.0,1500.0,0.0,6.2998
1154.5,2026-05-05T21:52:02.234316+00:00,74.3253,0.2303,97.0475,0.1507,0.75,0.0,1500.0,0.0,6.2999
1155.0,2026-05-05T21:52:02.745796+00:00,74.331,0.2406,97.1522,0.0772,0.75,0.0,1500.0,0.0,6.2488
1155.5,2026-05-05T21:52:03.234366+00:00,74.4627,0.185,97.0938,0.0517,0.75,0.0,1500.0,0.0,6.275
1156.0,2026-05-05T21:52:03.734435+00:00,74.4366,0.1422,97.1647,0.0397,0.75,0.0,1500.0,0.0,6.2878
1156.50001,2026-05-05T21:52:04.234419+00:00,74.4166,0.0456,97.1266,0.0305,0.75,0.0,1500.0,0.0,6.294
1157.0,2026-05-05T21:52:04.734303+00:00,74.5284,0.0987,97.213,0.1006,0.75,0.0,1500.0,0.0,6.2971
1157.5,2026-05-05T21:52:05.241805+00:00,74.4871,0.0122,97.2794,0.0773,0.75,0.0,1500.0,0.0,6.2986
1158.0,2026-05-05T21:52:05.734329+00:00,74.3281,-0.0542,96.9833,-0.0563,0.75,0.0,1500.0,0.0,6.2993
1158.5,2026-05-05T21:52:06.234289+00:00,74.2059,-0.1053,97.1029,0.003,0.75,0.0,1500.0,0.0,6.2997
1159.0,2026-05-05T21:52:06.734537+00:00,74.112,-0.2082,97.3105,0.0486,0.75,0.0,1500.0,0.0,6.2998
1159.5,2026-05-05T21:52:07.234513+00:00,74.2943,-0.0964,97.1461,0.0065,0.75,0.0,1500.0,0.0,6.2999
1160.0,2026-05-05T21:52:07.740967+00:00,74.3072,-0.0105,97.228,0.005,0.75,0.0,1500.0,0.0,6.3
1160.5,2026-05-05T21:52:08.234444+00:00,74.1898,-0.008,97.1521,-0.0424,0.75,0.0,1500.0,0.0,6.3
1161.0,2026-05-05T21:52:08.734329+00:00,74.2269,0.0575,97.1169,0.0445,0.75,0.0,1500.0,0.0,6.3
1161.5,2026-05-05T21:52:09.234693+00:00,74.2554,-0.0195,97.0898,-0.0044,0.75,0.0,1500.0,0.0,6.3
1162.000031,2026-05-05T21:52:09.734526+00:00,74.15,-0.0786,97.0691,-0.0805,0.75,0.0,1500.0,0.0,6.3
1162.5,2026-05-05T21:52:10.242198+00:00,74.3236,0.0669,96.9374,-0.0696,0.75,0.0,1500.0,0.0,6.3
1163.0,2026-05-05T21:52:10.734318+00:00,74.3297,0.0514,96.9287,-0.0998,0.75,0.0,1500.0,0.0,6.3
1163.5,2026-05-05T21:52:11.234453+00:00,74.3344,0.0395,96.9452,-0.069,0.75,0.0,1500.0,0.0,6.3
1164.0,2026-05-05T21:52:11.734303+00:00,74.338,0.094,96.6108,-0.1687,0.75,0.0,1500.0,0.0,6.3
1164.5,2026-05-05T21:52:12.234515+00:00,74.0862,-0.1187,96.8166,-0.0911,0.75,0.0,1500.0,0.0,6.3
1165.0,2026-05-05T21:52:12.744853+00:00,74.02,-0.1548,96.859,-0.07,0.75,0.0,1500.0,0.0,6.3
1165.5,2026-05-05T21:52:13.235415+00:00,73.9691,-0.1826,96.8916,-0.0152,0.75,0.0,1500.0,0.0,6.3
1166.0,2026-05-05T21:52:13.734398+00:00,73.93,-0.204,96.801,-0.0426,0.75,0.0,1500.0,0.0,6.3
1166.5,2026-05-05T21:52:14.234341+00:00,74.1544,0.0341,96.8471,-0.0327,0.75,0.0,1500.0,0.0,6.3
1167.0,2026-05-05T21:52:14.734322+00:00,74.327,0.1535,96.5585,-0.0174,0.75,0.0,1500.0,0.0,6.3
1167.5,2026-05-05T21:52:15.241378+00:00,74.4596,0.2452,96.5218,-0.0982,0.75,0.0,1500.0,0.0,6.3
1168.0,2026-05-05T21:52:15.734411+00:00,74.5615,0.3158,96.6093,-0.0832,0.75,0.0,1500.0,0.0,6.3
1168.5,2026-05-05T21:52:16.234344+00:00,74.3853,0.1154,96.4452,-0.1488,0.75,0.0,1500.0,0.0,6.3
1169.0,2026-05-05T21:52:16.734430+00:00,74.2498,-0.0386,96.5504,-0.0835,0.75,0.0,1500.0,0.0,6.3
1169.5,2026-05-05T21:52:17.235034+00:00,74.273,-0.0933,96.6313,-0.0719,0.75,0.0,1500.0,0.0,6.3
1170.0,2026-05-05T21:52:17.744788+00:00,74.2908,-0.1353,96.3695,-0.063,0.75,0.0,1500.0,0.0,6.3
1170.5,2026-05-05T21:52:18.234321+00:00,74.1773,-0.104,96.284,-0.0793,0.75,0.0,1500.0,0.0,6.3
1171.0,2026-05-05T21:52:18.734465+00:00,74.09,-0.0799,96.5654,-0.0146,0.75,0.0,1500.0,0.0,6.3
1171.500014,2026-05-05T21:52:19.234461+00:00,73.7683,-0.2523,96.4114,-0.0113,0.75,0.0,1500.0,0.0,6.3
1172.0,2026-05-05T21:52:19.734378+00:00,73.7757,-0.2576,96.5476,-0.0009,0.75,0.0,1500.0,0.0,6.3
1172.5,2026-05-05T21:52:20.240930+00:00,73.7813,-0.198,96.6523,0.007,0.75,0.0,1500.0,0.0,6.3
1173.0,2026-05-05T21:52:20.734366+00:00,74.0402,-0.0249,96.4782,0.0362,0.75,0.0,1500.0,0.0,6.3
1173.5,2026-05-05T21:52:21.234320+00:00,73.8573,0.0445,96.3676,0.0278,0.75,0.0,1500.0,0.0,6.3
1174.0,2026-05-05T21:52:21.734322+00:00,73.8441,0.0342,96.5139,-0.0172,0.75,0.0,1500.0,0.0,6.3
1174.5,2026-05-05T21:52:22.234361+00:00,73.8339,0.0263,96.395,-0.0055,0.75,0.0,1500.0,0.0,6.3
1175.0,2026-05-05T21:52:22.739835+00:00,73.9533,-0.0434,96.4193,-0.0428,0.75,0.0,1500.0,0.0,6.2488
1175.5,2026-05-05T21:52:23.234442+00:00,74.0451,0.0939,96.6462,-0.002,0.75,0.0,1500.0,0.0,6.275
1176.0,2026-05-05T21:52:23.736743+00:00,74.1156,0.1358,96.381,-0.0324,0.75,0.0,1500.0,0.0,6.2878
1176.5,2026-05-05T21:52:24.234355+00:00,74.1699,0.168,96.2928,-0.0249,0.75,0.0,1500.0,0.0,6.294
1177.0,2026-05-05T21:52:24.734322+00:00,74.0843,0.0655,96.4565,-0.0191,0.75,0.0,1500.0,0.0,6.2971
1177.500001,2026-05-05T21:52:25.240448+00:00,74.1458,0.0503,96.3508,-0.0147,0.75,0.0,1500.0,0.0,6.2986
1178.0,2026-05-05T21:52:25.734336+00:00,73.9385,-0.0886,96.154,-0.0884,0.75,0.0,1500.0,0.0,6.2993
1178.5,2026-05-05T21:52:26.234292+00:00,74.0337,-0.0681,96.3497,-0.0988,0.75,0.0,1500.0,0.0,6.2997
1179.0,2026-05-05T21:52:26.734549+00:00,74.1069,0.0113,96.3845,0.0012,0.75,0.0,1500.0,0.0,6.2998
1179.5,2026-05-05T21:52:27.234342+00:00,74.0359,-0.0549,96.2955,0.0009,0.75,0.0,1500.0,0.0,6.2999
1180.0,2026-05-05T21:52:27.739130+00:00,74.1086,0.085,96.5742,0.0393,0.75,0.0,1500.0,0.0,6.3
1180.5,2026-05-05T21:52:28.234580+00:00,73.9099,-0.0619,96.7885,0.1459,0.75,0.0,1500.0,0.0,6.3
1181.0,2026-05-05T21:52:28.734317+00:00,74.0117,-0.0476,96.7217,0.1893,0.75,0.0,1500.0,0.0,6.3
1181.5,2026-05-05T21:52:29.234369+00:00,74.2173,0.0907,96.7861,0.1455,0.75,0.0,1500.0,0.0,6.3
1182.0,2026-05-05T21:52:29.735824+00:00,74.248,0.0697,96.7199,0.1118,0.75,0.0,1500.0,0.0,6.3
1182.5,2026-05-05T21:52:30.239306+00:00,74.2716,0.1808,96.7847,0.1631,0.75,0.0,1500.0,0.0,6.3
1183.0,2026-05-05T21:52:30.734301+00:00,74.1625,0.0754,96.7188,0.0482,0.75,0.0,1500.0,0.0,6.3
1183.5,2026-05-05T21:52:31.234327+00:00,74.2059,-0.0057,96.7839,-0.0015,0.75,0.0,1500.0,0.0,6.3
1184.0,2026-05-05T21:52:31.735004+00:00,74.1119,-0.068,96.6951,-0.0089,0.75,0.0,1500.0,0.0,6.3
1184.5,2026-05-05T21:52:32.234362+00:00,74.167,-0.0523,96.7656,-0.0068,0.75,0.0,1500.0,0.0,6.3
1185.0,2026-05-05T21:52:32.739841+00:00,74.2094,0.0235,96.9356,0.0719,0.75,0.0,1500.0,0.0,6.3
1185.5,2026-05-05T21:52:33.234332+00:00,74.2419,0.018,96.6034,-0.0604,0.75,0.0,1500.0,0.0,6.3
1186.0,2026-05-05T21:52:33.734400+00:00,74.2669,0.0775,96.6952,-0.0079,0.75,0.0,1500.0,0.0,6.3
1186.5,2026-05-05T21:52:34.234383+00:00,74.0316,-0.0677,96.65,-0.0446,0.75,0.0,1500.0,0.0,6.3
1187.0,2026-05-05T21:52:34.734304+00:00,74.1053,-0.052,96.731,0.012,0.75,0.0,1500.0,0.0,6.3
1187.5,2026-05-05T21:52:35.240481+00:00,74.2892,0.0236,96.9089,0.0478,0.75,0.0,1500.0,0.0,6.3
1188.0,2026-05-05T21:52:35.736008+00:00,74.3033,0.0182,96.9069,-0.0096,0.75,0.0,1500.0,0.0,6.3
1188.5,2026-05-05T21:52:36.236445+00:00,74.3141,0.1412,96.6739,0.0235,0.75,0.0,1500.0,0.0,6.3
1189.0,2026-05-05T21:52:36.734354+00:00,74.3224,0.1086,96.6336,-0.0205,0.75,0.0,1500.0,0.0,6.3
1189.5,2026-05-05T21:52:37.234339+00:00,74.456,0.0834,96.7184,0.0228,0.75,0.0,1500.0,0.0,6.3
1190.0,2026-05-05T21:52:37.742348+00:00,74.3042,0.0005,96.529,-0.0673,0.75,0.0,1500.0,0.0,6.3
1190.5,2026-05-05T21:52:38.234305+00:00,74.3148,0.0004,96.638,-0.0903,0.75,0.0,1500.0,0.0,6.3512
1191.0,2026-05-05T21:52:38.734409+00:00,74.323,0.0003,96.6061,-0.1003,0.75,0.0,1500.0,0.0,6.325
1191.5,2026-05-05T21:52:39.234362+00:00,74.3292,-0.0634,96.5584,-0.0385,0.75,0.0,1500.0,0.0,6.3122
1192.0,2026-05-05T21:52:39.734528+00:00,74.4613,0.0785,96.406,-0.0759,0.75,0.0,1500.0,0.0,6.306
1192.5,2026-05-05T21:52:40.242547+00:00,74.4355,0.0604,96.4278,-0.0969,0.75,0.0,1500.0,0.0,6.3029
1193.0,2026-05-05T21:52:40.734358+00:00,74.4157,0.0464,96.6528,0.0412,0.75,0.0,1500.0,0.0,6.3014
1193.5,2026-05-05T21:52:41.234463+00:00,74.5278,0.0993,96.5943,-0.0146,0.75,0.0,1500.0,0.0,6.3007
1194.0,2026-05-05T21:52:41.734345+00:00,74.6139,0.0763,96.6882,0.0274,0.75,0.0,1500.0,0.0,6.3003
1194.5,2026-05-05T21:52:42.234342+00:00,74.6801,0.1223,96.876,0.1059,0.75,0.0,1500.0,0.0,6.3002
1195.0,2026-05-05T21:52:42.739197+00:00,74.6037,0.094,96.789,0.1277,0.75,0.0,1500.0,0.0,6.3001
1195.5,2026-05-05T21:52:43.234326+00:00,74.4178,-0.055,96.9535,0.1752,0.75,0.0,1500.0,0.0,6.3
1196.0,2026-05-05T21:52:43.734311+00:00,74.4021,-0.1059,96.9643,0.1038,0.75,0.0,1500.0,0.0,6.3
1196.5,2026-05-05T21:52:44.234540+00:00,74.39,-0.1451,97.0882,0.1647,0.75,0.0,1500.0,0.0,6.3
1197.0,2026-05-05T21:52:44.734744+00:00,74.2535,-0.1751,97.1835,0.1651,0.75,0.0,1500.0,0.0,6.3
1197.5,2026-05-05T21:52:45.240351+00:00,74.2758,-0.071,97.1411,0.0883,0.75,0.0,1500.0,0.0,6.3
1198.0,2026-05-05T21:52:45.734336+00:00,74.293,-0.0545,97.1084,0.1065,0.75,0.0,1500.0,0.0,6.3
1198.5,2026-05-05T21:52:46.234907+00:00,74.4335,0.0217,97.1759,0.0741,0.75,0.0,1500.0,0.0,6.3
1199.0,2026-05-05T21:52:46.734341+00:00,74.4141,0.0803,97.0195,0.0184,0.75,0.0,1500.0,0.0,6.3
1199.5,2026-05-05T21:52:47.234318+00:00,74.5266,0.1254,97.015,-0.0244,0.75,0.0,1500.0,0.0,6.3
1200.0,2026-05-05T21:52:47.743973+00:00,74.4857,0.0964,97.0115,-0.0573,0.75,0.0,1500.0,0.0,6.3
1200.5,2026-05-05T21:52:48.234311+00:00,74.4543,0.0104,97.0088,-0.0441,0.75,0.0,1500.0,0.0,6.3
1201.0,2026-05-05T21:52:48.734539+00:00,74.5574,0.0716,97.1225,0.0047,0.75,0.0,1500.0,0.0,6.3
1201.5,2026-05-05T21:52:49.234444+00:00,74.5094,-0.0086,96.8396,-0.1121,0.75,0.0,1500.0,0.0,6.3
1202.0,2026-05-05T21:52:49.735310+00:00,74.4725,-0.0066,96.9924,-0.009,0.75,0.0,1500.0,0.0,6.3
1202.5,2026-05-05T21:52:50.241464+00:00,74.4442,-0.0051,96.7628,-0.0841,0.75,0.0,1500.0,0.0,6.3
1203.0,2026-05-05T21:52:50.734343+00:00,74.4224,-0.0675,96.8177,-0.0646,0.75,0.0,1500.0,0.0,6.3
1203.5,2026-05-05T21:52:51.234336+00:00,74.2784,-0.1155,96.721,-0.0959,0.75,0.0,1500.0,0.0,6.3
1204.0,2026-05-05T21:52:51.734328+00:00,74.2949,-0.0888,97.017,-0.0352,0.75,0.0,1500.0,0.0,6.3
1204.5,2026-05-05T21:52:52.234338+00:00,74.3077,-0.0683,97.013,0.0578,0.75,0.0,1500.0,0.0,6.3
1205.0,2026-05-05T21:52:52.741271+00:00,74.4447,0.0112,97.01,0.0059,0.75,0.0,1500.0,0.0,6.3
1205.5,2026-05-05T21:52:53.234342+00:00,74.2956,0.0086,96.6606,-0.0341,0.75,0.0,1500.0,0.0,6.3
1206.000315,2026-05-05T21:52:53.735199+00:00,74.3082,0.0066,96.3689,-0.1496,0.75,0.0,1500.0,0.0,6.3
1206.5,2026-05-05T21:52:54.234328+00:00,74.1906,-0.0586,96.2835,-0.1458,0.75,0.0,1500.0,0.0,6.3
1207.0,2026-05-05T21:52:54.734315+00:00,74.3547,-0.045,96.4262,-0.1969,0.75,0.0,1500.0,0.0,6.3
1207.5,2026-05-05T21:52:55.239988+00:00,74.4809,0.0927,96.3276,-0.2285,0.75,0.0,1500.0,0.0,6.3
1208.0,2026-05-05T21:52:55.734327+00:00,74.4506,0.0712,96.1129,-0.299,0.75,0.0,1500.0,0.0,6.3
1208.5,2026-05-05T21:52:56.234488+00:00,74.3001,0.0547,96.3182,-0.1141,0.75,0.0,1500.0,0.0,6.3
1209.0,2026-05-05T21:52:56.734977+00:00,74.1843,-0.0852,96.476,0.0357,0.75,0.0,1500.0,0.0,6.3
1209.5,2026-05-05T21:52:57.234290+00:00,74.2227,-0.1291,96.4815,0.066,0.75,0.0,1500.0,0.0,6.3
1210.0,2026-05-05T21:52:57.741102+00:00,74.2521,-0.0992,96.7172,0.097,0.75,0.0,1500.0,0.0,6.2488
1210.5,2026-05-05T21:52:58.235263+00:00,74.2748,-0.0126,96.7826,0.1517,0.75,0.0,1500.0,0.0,6.275
1211.0,2026-05-05T21:52:58.734326+00:00,74.2922,0.0539,96.8329,0.24,0.75,0.0,1500.0,0.0,6.2878
1211.5,2026-05-05T21:52:59.234924+00:00,74.4328,0.1051,96.9873,0.223,0.75,0.0,1500.0,0.0,6.294
1212.0,2026-05-05T21:52:59.735323+00:00,74.5409,0.1444,97.1059,0.21,0.75,0.0,1500.0,0.0,6.2971
1212.5,2026-05-05T21:53:00.238773+00:00,74.4968,0.111,97.0814,0.2,0.75,0.0,1500.0,0.0,6.2986
1213.0,2026-05-05T21:53:00.734320+00:00,74.3355,0.0217,97.1551,0.146,0.75,0.0,1500.0,0.0,6.2993
1213.5,2026-05-05T21:53:01.235467+00:00,74.3389,-0.047,97.1192,0.1122,0.75,0.0,1500.0,0.0,6.2997
1214.0,2026-05-05T21:53:01.734325+00:00,74.4687,-0.0361,97.2073,0.1248,0.75,0.0,1500.0,0.0,6.2998
1214.5,2026-05-05T21:53:02.234446+00:00,74.5685,0.0359,97.1594,0.0574,0.75,0.0,1500.0,0.0,6.2999
1215.0,2026-05-05T21:53:02.741595+00:00,74.3907,0.0276,97.0068,-0.033,0.75,0.0,1500.0,0.0,6.3
1215.5,2026-05-05T21:53:03.234333+00:00,74.3813,0.0212,96.9821,-0.0331,0.75,0.0,1500.0,0.0,6.3
1216.0,2026-05-05T21:53:03.734526+00:00,74.2468,-0.111,96.9862,-0.0563,0.75,0.0,1500.0,0.0,6.3
1216.5,2026-05-05T21:53:04.234356+00:00,74.2707,-0.1489,96.7349,-0.1281,0.75,0.0,1500.0,0.0,6.3
1217.0,2026-05-05T21:53:04.734402+00:00,74.0345,-0.1781,96.7962,-0.137,0.75,0.0,1500.0,0.0,6.2488
1217.5,2026-05-05T21:53:05.239194+00:00,73.9802,-0.2005,96.9591,-0.0668,0.75,0.0,1500.0,0.0,6.2238
1218.0,2026-05-05T21:53:05.734356+00:00,74.0658,-0.0905,96.8528,-0.0513,0.75,0.0,1500.0,0.0,6.2628
1218.5,2026-05-05T21:53:06.234431+00:00,74.1316,-0.0696,96.7712,-0.0703,0.75,0.0,1500.0,0.0,6.2819
1219.0,2026-05-05T21:53:06.734401+00:00,74.3094,0.1374,96.8241,-0.054,0.75,0.0,1500.0,0.0,6.2911
1219.5,2026-05-05T21:53:07.234349+00:00,74.446,0.2329,96.726,-0.003,0.75,0.0,1500.0,0.0,6.2957
1220.0,2026-05-05T21:53:07.740360+00:00,74.4238,0.179,96.9051,0.0363,0.75,0.0,1500.0,0.0,6.2467
1220.5,2026-05-05T21:53:08.234340+00:00,74.2795,0.074,96.8114,-0.0492,0.75,0.0,1500.0,0.0,6.274
1221.0,2026-05-05T21:53:08.734351+00:00,74.2958,-0.0068,96.7393,-0.0378,0.75,0.0,1500.0,0.0,6.2873
1221.5,2026-05-05T21:53:09.234306+00:00,74.3083,-0.0689,96.7996,0.0095,0.75,0.0,1500.0,0.0,6.2938
1222.0,2026-05-05T21:53:09.734378+00:00,74.4452,0.0107,96.9617,0.0459,0.75,0.0,1500.0,0.0,6.297
1222.5,2026-05-05T21:53:10.239906+00:00,74.2959,0.0082,96.9474,0.0738,0.75,0.0,1500.0,0.0,6.2985
1223.0,2026-05-05T21:53:10.734447+00:00,74.3084,0.0063,96.9596,0.0182,0.75,0.0,1500.0,0.0,6.2993
1223.5,2026-05-05T21:53:11.234370+00:00,74.1908,-0.0588,96.7144,-0.0323,0.75,0.0,1500.0,0.0,6.2996
1224.0,2026-05-05T21:53:11.734329+00:00,74.3549,-0.0452,96.7805,0.0137,0.75,0.0,1500.0,0.0,6.2486
1224.5,2026-05-05T21:53:12.234349+00:00,74.481,0.0926,96.947,0.0491,0.75,0.0,1500.0,0.0,6.2237
1225.0,2026-05-05T21:53:12.739561+00:00,74.4507,0.0711,97.075,0.0378,0.75,0.0,1500.0,0.0,6.2116
1225.5,2026-05-05T21:53:13.234302+00:00,74.4274,0.1183,97.0576,0.0367,0.75,0.0,1500.0,0.0,6.2569
1226.0,2026-05-05T21:53:13.734323+00:00,74.4095,0.0273,97.2757,0.1054,0.75,0.0,1500.0,0.0,6.2789
1226.5,2026-05-05T21:53:14.235077+00:00,74.3957,-0.0427,97.2119,0.1658,0.75,0.0,1500.0,0.0,6.2897
1227.0,2026-05-05T21:53:14.734316+00:00,74.3851,-0.0328,97.1629,0.1275,0.75,0.0,1500.0,0.0,6.295
1227.5,2026-05-05T21:53:15.239468+00:00,74.377,-0.0252,97.3566,0.1365,0.75,0.0,1500.0,0.0,6.2976
1228.0,2026-05-05T21:53:15.734367+00:00,74.3708,-0.0194,97.2741,0.0664,0.75,0.0,1500.0,0.0,6.2988
1228.5,2026-05-05T21:53:16.234401+00:00,73.9841,-0.2058,97.2106,0.051,0.75,0.0,1500.0,0.0,6.2994
1229.0,2026-05-05T21:53:16.734317+00:00,74.1961,-0.0945,97.1619,-0.0379,0.75,0.0,1500.0,0.0,6.2997
1229.5,2026-05-05T21:53:17.234348+00:00,74.359,-0.009,96.8699,-0.114,0.75,0.0,1500.0,0.0,6.2999
1230.0,2026-05-05T21:53:17.740622+00:00,74.4842,0.0567,96.9,-0.0876,0.75,0.0,1500.0,0.0,6.2999
1230.5,2026-05-05T21:53:18.234319+00:00,74.4531,0.2345,96.9231,-0.1445,0.75,0.0,1500.0,0.0,6.3
1231.0,2026-05-05T21:53:18.734344+00:00,74.1747,-0.0107,96.8252,-0.1496,0.75,0.0,1500.0,0.0,6.3
1231.5,2026-05-05T21:53:19.234493+00:00,74.3425,-0.0082,96.8425,-0.1227,0.75,0.0,1500.0,0.0,6.3
1232.0,2026-05-05T21:53:19.734454+00:00,74.3443,-0.0699,96.879,-0.0943,0.75,0.0,1500.0,0.0,6.3
1232.5,2026-05-05T21:53:20.240524+00:00,74.0911,-0.181,96.7913,-0.0262,0.75,0.0,1500.0,0.0,6.3
1233.0,2026-05-05T21:53:20.734331+00:00,74.2782,0.0518,96.6082,-0.0973,0.75,0.0,1500.0,0.0,6.2488
1233.5,2026-05-05T21:53:21.234432+00:00,74.4221,0.0398,96.4674,-0.1519,0.75,0.0,1500.0,0.0,6.2238
1234.00002,2026-05-05T21:53:21.734472+00:00,74.5327,0.0942,96.475,-0.1168,0.75,0.0,1500.0,0.0,6.2116
1234.5,2026-05-05T21:53:22.234476+00:00,74.2359,0.0724,96.5965,-0.082,0.75,0.0,1500.0,0.0,6.2057
1235.0,2026-05-05T21:53:22.739091+00:00,74.3896,0.0557,96.5741,-0.1016,0.75,0.0,1500.0,0.0,6.2028
1235.5,2026-05-05T21:53:23.234350+00:00,74.2531,-0.0845,96.6727,-0.0395,0.75,0.0,1500.0,0.0,6.2526
1236.0,2026-05-05T21:53:23.734538+00:00,74.4028,-0.0649,96.7484,0.0468,0.75,0.0,1500.0,0.0,6.2768
1236.5,2026-05-05T21:53:24.234334+00:00,74.2633,0.0137,96.8066,0.1131,0.75,0.0,1500.0,0.0,6.2887
1237.0,2026-05-05T21:53:24.734348+00:00,74.1561,-0.1167,96.7357,0.0869,0.75,0.0,1500.0,0.0,6.2945
1237.5,2026-05-05T21:53:25.239378+00:00,74.3282,0.0376,96.9125,0.1054,0.75,0.0,1500.0,0.0,6.2973
1238.0,2026-05-05T21:53:25.734576+00:00,74.206,-0.0984,97.1642,0.1967,0.75,0.0,1500.0,0.0,6.2987
1238.5,2026-05-05T21:53:26.234297+00:00,74.2393,-0.012,96.9874,0.1049,0.75,0.0,1500.0,0.0,6.2994
1239.0,2026-05-05T21:53:26.734399+00:00,74.5195,0.1817,96.9903,0.0806,0.75,0.0,1500.0,0.0,6.2997
1239.5,2026-05-05T21:53:27.234477+00:00,74.2257,-0.0513,97.1082,0.1005,0.75,0.0,1500.0,0.0,6.2998
1240.0,2026-05-05T21:53:27.741591+00:00,74.2545,0.0242,97.0832,0.1158,0.75,0.0,1500.0,0.0,6.2999
1240.5,2026-05-05T21:53:28.234606+00:00,74.2766,0.0186,97.1796,0.089,0.75,0.0,1500.0,0.0,6.3
1241.0,2026-05-05T21:53:28.734578+00:00,74.2936,-0.113,97.0224,-0.0473,0.75,0.0,1500.0,0.0,6.3
1241.5,2026-05-05T21:53:29.234405+00:00,74.3066,0.0405,97.0172,0.0099,0.75,0.0,1500.0,0.0,6.3
1242.0,2026-05-05T21:53:29.734327+00:00,74.4439,0.0947,97.1289,0.0462,0.75,0.0,1500.0,0.0,6.3
1242.5,2026-05-05T21:53:30.241523+00:00,74.4222,0.0728,97.0759,-0.0108,0.75,0.0,1500.0,0.0,6.3
1243.0,2026-05-05T21:53:30.734335+00:00,74.4055,0.056,96.9427,-0.0468,0.75,0.0,1500.0,0.0,6.3
1243.5,2026-05-05T21:53:31.234333+00:00,74.3927,0.043,96.8171,-0.1208,0.75,0.0,1500.0,0.0,6.3
1244.0,2026-05-05T21:53:31.734365+00:00,74.2555,-0.0942,96.8594,-0.0543,0.75,0.0,1500.0,0.0,6.3
1244.5,2026-05-05T21:53:32.234573+00:00,74.4046,-0.0088,96.8688,-0.0495,0.75,0.0,1500.0,0.0,6.3
1245.0,2026-05-05T21:53:32.739517+00:00,74.5193,0.0569,96.5521,-0.1923,0.75,0.0,1500.0,0.0,6.2488
1245.5,2026-05-05T21:53:33.234895+00:00,74.4801,0.0437,96.4243,-0.2172,0.75,0.0,1500.0,0.0,6.3262
1246.0,2026-05-05T21:53:33.734323+00:00,74.3227,0.0336,96.6732,-0.0898,0.75,0.0,1500.0,0.0,6.3128
1246.5,2026-05-05T21:53:34.234450+00:00,74.2018,-0.1014,96.7488,-0.0228,0.75,0.0,1500.0,0.0,6.3062
1247.0,2026-05-05T21:53:34.734338+00:00,74.2361,-0.1416,96.9227,0.0211,0.75,0.0,1500.0,0.0,6.303
1247.5,2026-05-05T21:53:35.239112+00:00,74.3897,-0.0452,97.0563,0.0625,0.75,0.0,1500.0,0.0,6.3015
1248.0,2026-05-05T21:53:35.734363+00:00,74.2532,-0.0347,97.1589,0.2023,0.75,0.0,1500.0,0.0,6.3007
1248.5,2026-05-05T21:53:36.234323+00:00,74.4029,0.1006,97.0065,0.194,0.75,0.0,1500.0,0.0,6.3004
1249.0,2026-05-05T21:53:36.734306+00:00,74.5179,0.1409,97.005,0.1106,0.75,0.0,1500.0,0.0,6.3002
1249.5,2026-05-05T21:53:37.234516+00:00,74.4791,0.0447,96.8881,0.0464,0.75,0.0,1500.0,0.0,6.3001
1250.0,2026-05-05T21:53:37.739527+00:00,74.3219,0.0343,96.6595,-0.0877,0.75,0.0,1500.0,0.0,6.3
1250.5,2026-05-05T21:53:38.234503+00:00,74.2012,-0.1009,96.7383,-0.106,0.75,0.0,1500.0,0.0,6.3
1251.0,2026-05-05T21:53:38.734443+00:00,74.2356,-0.1412,96.5443,-0.2049,0.75,0.0,1500.0,0.0,6.3
1251.5,2026-05-05T21:53:39.234343+00:00,74.2621,-0.1085,96.6497,-0.1189,0.75,0.0,1500.0,0.0,6.3
1252.0,2026-05-05T21:53:39.734716+00:00,74.4097,0.0439,96.592,-0.1377,0.75,0.0,1500.0,0.0,6.3
1252.5,2026-05-05T21:53:40.239976+00:00,74.5231,0.161,96.6864,-0.0672,0.75,0.0,1500.0,0.0,6.3
1253.0,2026-05-05T21:53:40.734349+00:00,74.6104,0.1874,96.7589,0.0332,0.75,0.0,1500.0,0.0,6.3
1253.5,2026-05-05T21:53:41.234456+00:00,74.6774,0.2077,96.699,-0.0131,0.75,0.0,1500.0,0.0,6.3
1254.0,2026-05-05T21:53:41.735257+00:00,74.7289,0.1596,96.8612,0.1056,0.75,0.0,1500.0,0.0,6.3
1254.5,2026-05-05T21:53:42.234314+00:00,74.5139,-0.0046,96.8008,0.0503,0.75,0.0,1500.0,0.0,6.3
1255.0,2026-05-05T21:53:42.739451+00:00,74.476,-0.0672,96.8469,0.085,0.75,0.0,1500.0,0.0,6.3
1255.5,2026-05-05T21:53:43.234836+00:00,74.3196,-0.1789,96.8823,0.0653,0.75,0.0,1500.0,0.0,6.3
1256.0,2026-05-05T21:53:43.734356+00:00,74.3266,-0.2011,96.655,-0.0346,0.75,0.0,1500.0,0.0,6.3
1256.5,2026-05-05T21:53:44.234295+00:00,74.4593,-0.0273,96.7117,0.0042,0.75,0.0,1500.0,0.0,6.3
1257.0,2026-05-05T21:53:44.734341+00:00,74.434,-0.021,96.7784,-0.0276,0.75,0.0,1500.0,0.0,6.3
1257.5,2026-05-05T21:53:45.240259+00:00,74.6691,0.1748,96.714,-0.0289,0.75,0.0,1500.0,0.0,6.3
1258.0,2026-05-05T21:53:45.734314+00:00,74.5953,0.1343,96.6645,-0.0608,0.75,0.0,1500.0,0.0,6.3
1258.5,2026-05-05T21:53:46.234295+00:00,74.6658,0.1032,96.6264,-0.0853,0.75,0.0,1500.0,0.0,6.3
1259.0,2026-05-05T21:53:46.734386+00:00,74.4654,0.0157,96.4815,-0.0578,0.75,0.0,1500.0,0.0,6.3
1259.5,2026-05-05T21:53:47.234491+00:00,74.4387,-0.1152,96.4858,-0.0753,0.75,0.0,1500.0,0.0,6.3
1260.0,2026-05-05T21:53:47.739756+00:00,74.2909,-0.1522,96.489,-0.0965,0.75,0.0,1500.0,0.0,6.3
1260.5,2026-05-05T21:53:48.237683+00:00,74.3046,-0.1806,96.2602,-0.1513,0.75,0.0,1500.0,0.0,6.3
1261.0,2026-05-05T21:53:48.734317+00:00,74.1878,-0.1388,96.3157,-0.1163,0.75,0.0,1500.0,0.0,6.3
1261.5,2026-05-05T21:53:49.234499+00:00,74.2254,-0.1067,96.474,-0.0508,0.75,0.0,1500.0,0.0,6.3
1262.0,2026-05-05T21:53:49.737176+00:00,74.3815,0.0453,96.48,-0.0005,0.75,0.0,1500.0,0.0,6.3
1262.5,2026-05-05T21:53:50.239478+00:00,74.5015,0.0984,96.6004,0.0382,0.75,0.0,1500.0,0.0,6.3
1263.0,2026-05-05T21:53:50.734314+00:00,74.4664,0.1393,96.5771,0.0294,0.75,0.0,1500.0,0.0,6.3
1263.5,2026-05-05T21:53:51.234992+00:00,74.3122,0.0434,96.675,0.1383,0.75,0.0,1500.0,0.0,6.3
1264.0,2026-05-05T21:53:51.734329+00:00,74.0664,-0.1575,96.6114,0.0986,0.75,0.0,1500.0,0.0,6.3
1264.5,2026-05-05T21:53:52.234814+00:00,74.2593,-0.1211,96.7013,0.0758,0.75,0.0,1500.0,0.0,6.3
1265.0,2026-05-05T21:53:52.745846+00:00,74.4076,-0.0294,96.7704,0.0968,0.75,0.0,1500.0,0.0,6.3
1265.5,2026-05-05T21:53:53.234338+00:00,74.5215,0.1047,96.7078,0.0358,0.75,0.0,1500.0,0.0,6.3
1266.0,2026-05-05T21:53:53.734527+00:00,74.4818,0.2077,96.868,0.097,0.75,0.0,1500.0,0.0,6.3
1266.5,2026-05-05T21:53:54.234341+00:00,74.5786,0.1596,97.0142,0.1131,0.75,0.0,1500.0,0.0,6.3
1267.0,2026-05-05T21:53:54.734600+00:00,74.5257,0.0591,97.011,0.1332,0.75,0.0,1500.0,0.0,6.3
1267.5,2026-05-05T21:53:55.243047+00:00,74.485,-0.0182,97.1241,0.1409,0.75,0.0,1500.0,0.0,6.3
1268.000019,2026-05-05T21:53:55.734475+00:00,74.4538,-0.014,97.0954,0.1083,0.75,0.0,1500.0,0.0,6.3
1268.5,2026-05-05T21:53:56.234527+00:00,74.557,-0.0108,97.1659,0.1527,0.75,0.0,1500.0,0.0,6.3
1269.0,2026-05-05T21:53:56.734353+00:00,74.2546,-0.1356,97.1275,0.0865,0.75,0.0,1500.0,0.0,6.3
1269.5,2026-05-05T21:53:57.234396+00:00,74.4039,-0.0405,96.9823,-0.0107,0.75,0.0,1500.0,0.0,6.3
1270.0,2026-05-05T21:53:57.740506+00:00,74.3915,-0.0312,97.1021,0.0304,0.75,0.0,1500.0,0.0,6.3
1270.5,2026-05-05T21:53:58.234351+00:00,74.2546,-0.1512,97.0553,-0.0229,0.75,0.0,1500.0,0.0,6.3
1271.0,2026-05-05T21:53:58.734351+00:00,74.4039,0.0747,97.0425,-0.0176,0.75,0.0,1500.0,0.0,6.3
1271.5,2026-05-05T21:53:59.234481+00:00,74.3915,-0.0062,97.2641,0.0327,0.75,0.0,1500.0,0.0,6.3
1272.0,2026-05-05T21:53:59.734518+00:00,74.5091,0.0588,97.3187,0.0637,0.75,0.0,1500.0,0.0,6.3
1272.5,2026-05-05T21:54:00.239490+00:00,74.5996,0.1725,97.2449,0.0875,0.75,0.0,1500.0,0.0,6.3
1273.0,2026-05-05T21:54:00.734482+00:00,74.5418,0.0689,97.1883,0.0287,0.75,0.0,1500.0,0.0,6.3
1273.5,2026-05-05T21:54:01.238357+00:00,74.6247,0.1166,97.1447,0.0298,0.75,0.0,1500.0,0.0,6.3
1274.0,2026-05-05T21:54:01.734313+00:00,74.6884,0.0896,96.9724,-0.0234,0.75,0.0,1500.0,0.0,6.3
1274.5,2026-05-05T21:54:02.234322+00:00,74.6101,0.0053,97.0945,-0.0565,0.75,0.0,1500.0,0.0,6.3
1275.0,2026-05-05T21:54:02.742639+00:00,74.4226,-0.0596,97.0495,-0.0897,0.75,0.0,1500.0,0.0,6.3
1275.5,2026-05-05T21:54:03.234331+00:00,74.2786,-0.1731,96.9455,-0.0998,0.75,0.0,1500.0,0.0,6.3
1276.0,2026-05-05T21:54:03.734329+00:00,74.4224,-0.133,97.0738,-0.0382,0.75,0.0,1500.0,0.0,6.3
1276.5,2026-05-05T21:54:04.235146+00:00,74.4056,-0.1022,97.0336,-0.037,0.75,0.0,1500.0,0.0,6.3
1277.0,2026-05-05T21:54:04.734343+00:00,74.52,0.0487,96.9101,-0.0208,0.75,0.0,1500.0,0.0,6.2488
1277.5,2026-05-05T21:54:05.241398+00:00,74.4807,0.1011,96.9309,-0.0545,0.75,0.0,1500.0,0.0,6.2238
1278.0,2026-05-05T21:54:05.734827+00:00,74.5777,0.0777,96.8081,-0.0805,0.75,0.0,1500.0,0.0,6.2628
1278.5,2026-05-05T21:54:06.234377+00:00,74.6523,0.1233,96.6211,-0.1081,0.75,0.0,1500.0,0.0,6.2819
1279.0,2026-05-05T21:54:06.734509+00:00,74.5823,0.0312,96.5931,-0.1602,0.75,0.0,1500.0,0.0,6.2911
1279.5,2026-05-05T21:54:07.235931+00:00,74.7831,0.1512,96.5715,-0.154,0.75,0.0,1500.0,0.0,6.2957
1280.0,2026-05-05T21:54:07.741596+00:00,74.9374,0.1799,96.555,-0.1184,0.75,0.0,1500.0,0.0,6.2979
1280.5,2026-05-05T21:54:08.234338+00:00,74.8015,0.0746,96.5423,-0.1296,0.75,0.0,1500.0,0.0,6.3502
1281.0,2026-05-05T21:54:08.735999+00:00,74.697,0.0573,96.7639,-0.0147,0.75,0.0,1500.0,0.0,6.3245
1281.5,2026-05-05T21:54:09.234379+00:00,74.744,-0.0196,96.7954,0.0581,0.75,0.0,1500.0,0.0,6.3119
1282.0,2026-05-05T21:54:09.734322+00:00,74.6528,-0.1423,96.9584,0.1218,0.75,0.0,1500.0,0.0,6.3058
1282.500345,2026-05-05T21:54:10.246089+00:00,74.5827,-0.1094,97.0837,0.1707,0.75,0.0,1500.0,0.0,6.3028
1283.0,2026-05-05T21:54:10.734315+00:00,74.6562,-0.0204,97.0644,0.1698,0.75,0.0,1500.0,0.0,6.3014
1283.5,2026-05-05T21:54:11.234958+00:00,74.458,-0.143,96.9338,0.1305,0.75,0.0,1500.0,0.0,6.3007
1284.0,2026-05-05T21:54:11.735206+00:00,74.433,-0.1099,96.7177,-0.0154,0.75,0.0,1500.0,0.0,6.3003
1284.5,2026-05-05T21:54:12.234311+00:00,74.5411,-0.0208,96.5516,-0.0813,0.75,0.0,1500.0,0.0,6.3002
1285.0,2026-05-05T21:54:12.739528+00:00,74.4969,-0.0796,96.6554,-0.101,0.75,0.0,1500.0,0.0,6.3001
1285.5,2026-05-05T21:54:13.234386+00:00,74.3356,-0.0612,96.7351,-0.1162,0.75,0.0,1500.0,0.0,6.3
1286.0,2026-05-05T21:54:13.734332+00:00,74.3389,-0.047,96.6576,-0.1356,0.75,0.0,1500.0,0.0,6.3
1286.5,2026-05-05T21:54:14.234358+00:00,74.3415,-0.0998,96.7368,-0.0657,0.75,0.0,1500.0,0.0,6.3
1287.0,2026-05-05T21:54:14.734561+00:00,74.4707,-0.0131,96.9134,0.0652,0.75,0.0,1500.0,0.0,6.3
1287.5,2026-05-05T21:54:15.241075+00:00,74.6973,0.1809,96.9334,0.1273,0.75,0.0,1500.0,0.0,6.3
1288.0,2026-05-05T21:54:15.734547+00:00,74.3624,0.0117,96.9488,0.0978,0.75,0.0,1500.0,0.0,6.3
1288.5,2026-05-05T21:54:16.234668+00:00,74.3596,0.009,96.8218,0.0289,0.75,0.0,1500.0,0.0,6.3
1289.0,2026-05-05T21:54:16.735005+00:00,74.4846,0.0069,96.7705,0.0376,0.75,0.0,1500.0,0.0,6.3
1289.5,2026-05-05T21:54:17.234405+00:00,74.4535,-0.1219,96.9162,0.0598,0.75,0.0,1500.0,0.0,6.3
1290.0,2026-05-05T21:54:17.740503+00:00,74.3023,-0.0301,96.9356,0.0074,0.75,0.0,1500.0,0.0,6.3
1290.5,2026-05-05T21:54:18.235045+00:00,74.4406,0.0405,96.6034,-0.11,0.75,0.0,1500.0,0.0,6.3
1291.0,2026-05-05T21:54:18.734319+00:00,74.5469,0.0311,96.5795,-0.1231,0.75,0.0,1500.0,0.0,6.3
1291.5,2026-05-05T21:54:19.234433+00:00,74.3741,-0.0397,96.7925,-0.0098,0.75,0.0,1500.0,0.0,6.3
1292.0,2026-05-05T21:54:19.734421+00:00,74.3685,0.0331,96.8405,0.0233,0.75,0.0,1500.0,0.0,6.3
1292.5,2026-05-05T21:54:20.239675+00:00,74.4915,0.0255,97.1088,0.0642,0.75,0.0,1500.0,0.0,6.3
1293.0,2026-05-05T21:54:20.734355+00:00,74.586,0.0196,97.0836,0.0494,0.75,0.0,1500.0,0.0,6.3
1293.5,2026-05-05T21:54:21.234347+00:00,74.5314,0.0787,97.0643,0.1536,0.75,0.0,1500.0,0.0,6.3
1294.0,2026-05-05T21:54:21.734331+00:00,74.4894,0.0605,96.9106,0.1104,0.75,0.0,1500.0,0.0,6.3
1294.5,2026-05-05T21:54:22.234340+00:00,74.4572,-0.0172,96.9081,0.0385,0.75,0.0,1500.0,0.0,6.3
1295.0,2026-05-05T21:54:22.739572+00:00,74.5596,-0.0132,96.9294,0.0296,0.75,0.0,1500.0,0.0,6.3
1295.5,2026-05-05T21:54:23.234345+00:00,74.6384,0.0535,97.0614,-0.0158,0.75,0.0,1500.0,0.0,6.3
1296.0,2026-05-05T21:54:23.734309+00:00,74.6989,0.1048,97.0472,-0.0121,0.75,0.0,1500.0,0.0,6.3
1296.5,2026-05-05T21:54:24.234454+00:00,74.7455,0.1441,96.8049,-0.0865,0.75,0.0,1500.0,0.0,6.3
1297.0,2026-05-05T21:54:24.734515+00:00,74.6539,0.0472,96.7112,-0.0665,0.75,0.0,1500.0,0.0,6.3
1297.5,2026-05-05T21:54:25.239910+00:00,74.5836,-0.0274,96.6392,-0.0896,0.75,0.0,1500.0,0.0,6.3
1298.0,2026-05-05T21:54:25.734307+00:00,74.4023,-0.1483,96.8384,-0.0303,0.75,0.0,1500.0,0.0,6.3
1298.5,2026-05-05T21:54:26.234372+00:00,74.3902,-0.1776,96.8758,-0.0619,0.75,0.0,1500.0,0.0,6.3
1299.0,2026-05-05T21:54:26.734309+00:00,74.5082,-0.0729,96.7657,-0.0938,0.75,0.0,1500.0,0.0,6.3
1299.5,2026-05-05T21:54:27.234420+00:00,74.5988,0.0076,96.9356,0.0436,0.75,0.0,1500.0,0.0,6.3
1300.0,2026-05-05T21:54:27.739970+00:00,74.6685,0.1331,97.0662,0.1183,0.75,0.0,1500.0,0.0,6.3
1300.5,2026-05-05T21:54:28.234346+00:00,74.5948,0.1023,97.1434,0.1681,0.75,0.0,1500.0,0.0,6.3
1301.0,2026-05-05T21:54:28.734567+00:00,74.7927,0.1423,97.226,0.1292,0.75,0.0,1500.0,0.0,6.3
1301.5,2026-05-05T21:54:29.234347+00:00,74.8175,0.1094,97.1737,0.0993,0.75,0.0,1500.0,0.0,6.3
1302.0,2026-05-05T21:54:29.734538+00:00,74.8366,0.084,97.2492,0.1612,0.75,0.0,1500.0,0.0,6.3
1302.5,2026-05-05T21:54:30.239320+00:00,74.8513,0.1282,97.1915,0.0853,0.75,0.0,1500.0,0.0,6.3
1303.0,2026-05-05T21:54:30.734396+00:00,74.7353,-0.0287,97.1241,0.0193,0.75,0.0,1500.0,0.0,6.3
1303.5,2026-05-05T21:54:31.234449+00:00,74.7734,-0.0221,97.2111,0.0225,0.75,0.0,1500.0,0.0,6.3
1304.0,2026-05-05T21:54:31.734324+00:00,74.93,0.0467,97.3936,0.0559,0.75,0.0,1500.0,0.0,6.3
1304.5,2026-05-05T21:54:32.234483+00:00,74.6685,-0.0914,97.3025,0.043,0.75,0.0,1500.0,0.0,6.3
1305.0,2026-05-05T21:54:32.738873+00:00,74.7221,-0.0066,97.3482,0.033,0.75,0.0,1500.0,0.0,6.3
1305.5,2026-05-05T21:54:33.234496+00:00,74.636,-0.0687,97.2676,0.0254,0.75,0.0,1500.0,0.0,6.3
1306.0,2026-05-05T21:54:33.734332+00:00,74.8243,-0.0528,97.0669,-0.0191,0.75,0.0,1500.0,0.0,6.3
1306.5,2026-05-05T21:54:34.234510+00:00,74.8418,0.0867,97.2828,0.0239,0.75,0.0,1500.0,0.0,6.3
1307.000573,2026-05-05T21:54:34.734958+00:00,74.728,0.003,97.2174,-0.0588,0.75,0.0,1500.0,0.0,6.3
1307.5,2026-05-05T21:54:35.239985+00:00,74.8951,0.1296,97.2828,-0.0066,0.75,0.0,1500.0,0.0,6.3
1308.0,2026-05-05T21:54:35.734415+00:00,74.6417,-0.0913,97.2173,-0.0436,0.75,0.0,1500.0,0.0,6.3
1308.5,2026-05-05T21:54:36.234360+00:00,74.5742,-0.1338,96.8199,-0.1492,0.75,0.0,1500.0,0.0,6.3
1309.0,2026-05-05T21:54:36.734304+00:00,74.395,-0.1665,96.8385,-0.0761,0.75,0.0,1500.0,0.0,6.3
1309.5,2026-05-05T21:54:37.234820+00:00,74.6392,-0.128,96.8758,-0.1357,0.75,0.0,1500.0,0.0,6.3
1310.0,2026-05-05T21:54:37.742702+00:00,74.6995,0.0289,96.9046,-0.1043,0.75,0.0,1500.0,0.0,6.3
1310.5,2026-05-05T21:54:38.234306+00:00,74.7459,0.0859,97.0424,-0.0801,0.75,0.0,1500.0,0.0,6.3512
1311.0,2026-05-05T21:54:38.734325+00:00,74.7816,0.1933,97.1483,-0.023,0.75,0.0,1500.0,0.0,6.325
1311.5,2026-05-05T21:54:39.234331+00:00,74.809,0.0849,97.2296,0.1366,0.75,0.0,1500.0,0.0,6.3122
1312.0,2026-05-05T21:54:39.734318+00:00,74.7028,0.0016,97.4079,0.1898,0.75,0.0,1500.0,0.0,6.306
1312.5,2026-05-05T21:54:40.239903+00:00,74.7484,0.0012,97.4061,0.1767,0.75,0.0,1500.0,0.0,6.3029
1313.0,2026-05-05T21:54:40.734304+00:00,74.5289,-0.1263,96.965,0.0201,0.75,0.0,1500.0,0.0,6.3014
1313.5,2026-05-05T21:54:41.234459+00:00,74.3603,-0.2244,97.0657,0.0078,0.75,0.0,1500.0,0.0,6.3007
1314.0,2026-05-05T21:54:41.734326+00:00,74.3579,-0.1724,97.0505,-0.0326,0.75,0.0,1500.0,0.0,6.3003
1314.5,2026-05-05T21:54:42.234317+00:00,74.2288,-0.2598,96.8074,-0.1408,0.75,0.0,1500.0,0.0,6.3002
1315.0,2026-05-05T21:54:42.739219+00:00,74.3841,-0.0724,96.852,-0.1853,0.75,0.0,1500.0,0.0,6.3001
1315.5,2026-05-05T21:54:43.236139+00:00,74.5035,0.0716,97.1176,-0.0962,0.75,0.0,1500.0,0.0,6.3
1316.0,2026-05-05T21:54:43.734945+00:00,74.468,0.055,96.9747,0.0032,0.75,0.0,1500.0,0.0,6.3
1316.5,2026-05-05T21:54:44.234387+00:00,74.3134,0.0423,97.0963,0.0102,0.75,0.0,1500.0,0.0,6.3
1317.0,2026-05-05T21:54:44.735248+00:00,74.4491,0.0325,97.074,0.0078,0.75,0.0,1500.0,0.0,6.3
1317.5,2026-05-05T21:54:45.239508+00:00,74.2989,-0.1023,97.0337,0.0754,0.75,0.0,1500.0,0.0,6.3
1318.0,2026-05-05T21:54:45.734345+00:00,74.3107,-0.0786,97.1185,0.0888,0.75,0.0,1500.0,0.0,6.3
1318.5,2026-05-05T21:54:46.234368+00:00,74.3198,0.0032,97.0911,-0.0089,0.75,0.0,1500.0,0.0,6.3
1319.0,2026-05-05T21:54:46.734455+00:00,74.3268,-0.0612,97.1857,0.0703,0.75,0.0,1500.0,0.0,6.3
1319.5,2026-05-05T21:54:47.234518+00:00,74.5867,0.1439,97.2584,0.0541,0.75,0.0,1500.0,0.0,6.3
1320.0,2026-05-05T21:54:47.739656+00:00,74.6592,0.1742,96.9441,-0.0433,0.75,0.0,1500.0,0.0,6.3
1320.5,2026-05-05T21:54:48.234575+00:00,74.8422,0.2612,96.8413,-0.0641,0.75,0.0,1500.0,0.0,6.3
1321.0,2026-05-05T21:54:48.734385+00:00,74.7283,0.2007,96.878,-0.0801,0.75,0.0,1500.0,0.0,6.3
1321.5,2026-05-05T21:54:49.234327+00:00,74.6408,0.027,96.7906,-0.1002,0.75,0.0,1500.0,0.0,6.3
1322.0,2026-05-05T21:54:49.734367+00:00,74.5735,-0.0429,96.8159,-0.1233,0.75,0.0,1500.0,0.0,6.3
1322.5,2026-05-05T21:54:50.240381+00:00,74.5218,-0.1602,96.9742,-0.0947,0.75,0.0,1500.0,0.0,6.3
1323.0,2026-05-05T21:54:50.734339+00:00,74.3548,-0.1868,96.8645,-0.0265,0.75,0.0,1500.0,0.0,6.3
1323.5,2026-05-05T21:54:51.234425+00:00,74.4809,-0.0799,96.8958,0.0182,0.75,0.0,1500.0,0.0,6.3
1324.0,2026-05-05T21:54:51.734675+00:00,74.5779,0.0022,97.0356,0.0525,0.75,0.0,1500.0,0.0,6.3
1324.5,2026-05-05T21:54:52.234464+00:00,74.5252,0.0017,96.9348,0.0481,0.75,0.0,1500.0,0.0,6.3
1325.0,2026-05-05T21:54:52.740260+00:00,74.6119,0.1286,97.0656,0.0832,0.75,0.0,1500.0,0.0,6.2488
1325.5,2026-05-05T21:54:53.234435+00:00,74.424,-0.0284,97.0504,0.0254,0.75,0.0,1500.0,0.0,6.275
1326.0,2026-05-05T21:54:53.734315+00:00,74.4069,-0.0855,96.9462,0.0272,0.75,0.0,1500.0,0.0,6.2878
1326.5,2026-05-05T21:54:54.234314+00:00,74.2665,-0.1294,97.19,0.0981,0.75,0.0,1500.0,0.0,6.294
1327.0,2026-05-05T21:54:54.734367+00:00,74.1585,-0.2267,97.1461,0.0368,0.75,0.0,1500.0,0.0,6.2971
1327.5,2026-05-05T21:54:55.240137+00:00,74.2028,-0.1106,96.9734,0.0129,0.75,0.0,1500.0,0.0,6.2986
1328.0,2026-05-05T21:54:55.734564+00:00,74.3642,-0.0214,96.8639,-0.0672,0.75,0.0,1500.0,0.0,6.2993
1328.5,2026-05-05T21:54:56.237721+00:00,74.2336,-0.0164,96.7797,-0.0902,0.75,0.0,1500.0,0.0,6.2997
1329.0,2026-05-05T21:54:56.734328+00:00,74.3878,0.1146,96.8307,-0.0385,0.75,0.0,1500.0,0.0,6.2998
1329.5,2026-05-05T21:54:57.234511+00:00,73.9973,-0.1028,96.9855,-0.0682,0.75,0.0,1500.0,0.0,6.2999
1330.0,2026-05-05T21:54:57.743346+00:00,74.2061,-0.079,96.8732,-0.091,0.75,0.0,1500.0,0.0,6.2488
1330.5,2026-05-05T21:54:58.234529+00:00,74.2394,0.0029,97.0182,0.0149,0.75,0.0,1500.0,0.0,6.275
1331.0,2026-05-05T21:54:58.734374+00:00,74.265,-0.0614,96.8983,0.0115,0.75,0.0,1500.0,0.0,6.2878
1331.5,2026-05-05T21:54:59.234376+00:00,74.2847,0.1437,96.8987,0.0397,0.75,0.0,1500.0,0.0,6.294
1332.0,2026-05-05T21:54:59.734493+00:00,74.1725,-0.0168,96.9221,0.0305,0.75,0.0,1500.0,0.0,6.2459
1332.5,2026-05-05T21:55:00.240728+00:00,74.0863,-0.0766,96.9402,-0.0151,0.75,0.0,1500.0,0.0,6.2224
1333.0,2026-05-05T21:55:00.734349+00:00,74.1473,-0.0588,96.8152,-0.0193,0.75,0.0,1500.0,0.0,6.2621
1333.5,2026-05-05T21:55:01.234436+00:00,74.1942,-0.0452,96.8348,-0.0611,0.75,0.0,1500.0,0.0,6.2815
1334.0,2026-05-05T21:55:01.735822+00:00,74.2303,0.0289,96.873,-0.0084,0.75,0.0,1500.0,0.0,6.291
1334.5,2026-05-05T21:55:02.234431+00:00,74.3853,0.1495,96.9024,0.0012,0.75,0.0,1500.0,0.0,6.2956
1335.0,2026-05-05T21:55:02.742676+00:00,74.5044,0.1785,97.1564,0.0781,0.75,0.0,1500.0,0.0,6.2467
1335.5,2026-05-05T21:55:03.234816+00:00,74.4686,0.1372,97.2359,0.0986,0.75,0.0,1500.0,0.0,6.2228
1336.0,2026-05-05T21:55:03.734372+00:00,74.3139,0.0418,96.9499,0.0449,0.75,0.0,1500.0,0.0,6.2111
1336.5,2026-05-05T21:55:04.234332+00:00,74.3223,-0.0315,97.0772,0.0808,0.75,0.0,1500.0,0.0,6.2054
1337.0,2026-05-05T21:55:04.734513+00:00,74.2014,-0.1515,96.8279,-0.015,0.75,0.0,1500.0,0.0,6.2026
1337.5,2026-05-05T21:55:05.242213+00:00,74.3631,-0.0528,96.7521,-0.0501,0.75,0.0,1500.0,0.0,6.2013
1338.0,2026-05-05T21:55:05.735150+00:00,74.2328,-0.0406,96.4623,-0.2314,0.75,0.0,1500.0,0.0,6.2518
1338.5,2026-05-05T21:55:06.235868+00:00,74.3872,0.0325,96.471,-0.255,0.75,0.0,1500.0,0.0,6.2765
1339.0,2026-05-05T21:55:06.734345+00:00,74.5058,0.1522,95.8992,-0.3502,0.75,0.0,1500.0,0.0,6.2885
1339.5,2026-05-05T21:55:07.234310+00:00,74.597,0.117,96.0614,-0.3386,0.75,0.0,1500.0,0.0,6.2944
1340.0,2026-05-05T21:55:07.739005+00:00,74.6672,0.2172,96.2555,-0.1908,0.75,0.0,1500.0,0.0,6.2973
1340.5,2026-05-05T21:55:08.234380+00:00,74.5938,0.1033,96.312,-0.1467,0.75,0.0,1500.0,0.0,6.2987
1341.0,2026-05-05T21:55:08.734319+00:00,74.5374,0.0158,96.4712,0.003,0.75,0.0,1500.0,0.0,6.2993
1341.5,2026-05-05T21:55:09.234324+00:00,74.494,-0.0515,96.5936,0.0408,0.75,0.0,1500.0,0.0,6.2997
1342.0,2026-05-05T21:55:09.734343+00:00,74.4607,-0.1032,96.5719,0.2242,0.75,0.0,1500.0,0.0,6.2998
1342.5,2026-05-05T21:55:10.239972+00:00,74.5623,-0.0157,96.7635,0.234,0.75,0.0,1500.0,0.0,6.2999
1343.0,2026-05-05T21:55:10.734373+00:00,74.5132,-0.0121,96.5869,0.1105,0.75,0.0,1500.0,0.0,6.3
1343.5,2026-05-05T21:55:11.234349+00:00,74.6027,0.0544,96.6593,0.1158,0.75,0.0,1500.0,0.0,6.3
1344.0,2026-05-05T21:55:11.734443+00:00,74.5442,0.0418,96.7382,0.089,0.75,0.0,1500.0,0.0,6.3
1344.5,2026-05-05T21:55:12.234386+00:00,74.372,-0.0952,96.6599,0.0221,0.75,0.0,1500.0,0.0,6.3
1345.0,2026-05-05T21:55:12.740210+00:00,74.3669,-0.0731,96.3915,-0.0601,0.75,0.0,1500.0,0.0,6.3
1345.5,2026-05-05T21:55:13.234433+00:00,74.363,-0.1199,96.5323,-0.0771,0.75,0.0,1500.0,0.0,6.3
1346.0,2026-05-05T21:55:13.734425+00:00,74.2327,-0.1558,96.5248,-0.0207,0.75,0.0,1500.0,0.0,6.3
1346.5,2026-05-05T21:55:14.234363+00:00,74.2599,-0.0561,96.6348,-0.0082,0.75,0.0,1500.0,0.0,6.3
1347.0,2026-05-05T21:55:14.734331+00:00,74.408,0.0205,96.6036,-0.0449,0.75,0.0,1500.0,0.0,6.3
1347.5,2026-05-05T21:55:15.239503+00:00,74.5218,0.0794,96.6953,0.0118,0.75,0.0,1500.0,0.0,6.3
1348.0,2026-05-05T21:55:15.734399+00:00,74.4821,0.1247,96.6501,0.0862,0.75,0.0,1500.0,0.0,6.3
1348.5,2026-05-05T21:55:16.234295+00:00,74.4515,0.0958,96.8468,0.1048,0.75,0.0,1500.0,0.0,6.3
1349.0,2026-05-05T21:55:16.734845+00:00,74.1735,-0.1173,96.9979,0.1577,0.75,0.0,1500.0,0.0,6.2488
1349.5,2026-05-05T21:55:17.234328+00:00,74.3416,-0.0901,96.767,0.0441,0.75,0.0,1500.0,0.0,6.2238
1350.0,2026-05-05T21:55:17.742629+00:00,74.4708,-0.0056,96.7978,0.0647,0.75,0.0,1500.0,0.0,6.2116
1350.500001,2026-05-05T21:55:18.235532+00:00,74.1883,-0.1316,96.9603,0.0883,0.75,0.0,1500.0,0.0,6.2569
1351.0,2026-05-05T21:55:18.734329+00:00,74.2257,0.0261,96.8538,0.0679,0.75,0.0,1500.0,0.0,6.279
1351.5,2026-05-05T21:55:19.234478+00:00,74.2545,-0.0436,96.8876,0.0136,0.75,0.0,1500.0,0.0,6.2897
1352.0,2026-05-05T21:55:19.735633+00:00,74.4039,-0.0335,96.9136,-0.0281,0.75,0.0,1500.0,0.0,6.295
1352.5,2026-05-05T21:55:20.240535+00:00,74.3914,0.1015,96.8179,0.017,0.75,0.0,1500.0,0.0,6.2976
1353.0,2026-05-05T21:55:20.734313+00:00,74.3818,0.078,96.86,0.0208,0.75,0.0,1500.0,0.0,6.2988
1353.5,2026-05-05T21:55:21.234381+00:00,74.5017,0.1236,96.7767,-0.0612,0.75,0.0,1500.0,0.0,6.2994
1354.0,2026-05-05T21:55:21.734319+00:00,74.3393,-0.0323,96.6896,-0.0547,0.75,0.0,1500.0,0.0,6.2997
1354.5,2026-05-05T21:55:22.234498+00:00,74.3418,-0.0248,96.9928,0.0351,0.75,0.0,1500.0,0.0,6.2999
1355.0,2026-05-05T21:55:22.740380+00:00,74.2164,-0.0827,96.9945,0.0269,0.75,0.0,1500.0,0.0,6.2487
1355.5,2026-05-05T21:55:23.234351+00:00,74.3746,-0.0636,96.7643,-0.0179,0.75,0.0,1500.0,0.0,6.275
1356.0,2026-05-05T21:55:23.734498+00:00,74.3689,0.0148,96.8189,-0.0137,0.75,0.0,1500.0,0.0,6.2878
1356.5,2026-05-05T21:55:24.234502+00:00,74.3645,0.0114,96.8608,0.028,0.75,0.0,1500.0,0.0,6.294
1357.0,2026-05-05T21:55:24.734318+00:00,74.3612,0.0724,96.893,0.0678,0.75,0.0,1500.0,0.0,6.2971
1357.5,2026-05-05T21:55:25.239205+00:00,74.3586,-0.008,97.0335,0.0136,0.75,0.0,1500.0,0.0,6.2986
1358.0,2026-05-05T21:55:25.734341+00:00,74.3566,-0.0062,97.1414,0.049,0.75,0.0,1500.0,0.0,6.2993
1358.5,2026-05-05T21:55:26.234299+00:00,74.4823,0.0589,96.993,0.0762,0.75,0.0,1500.0,0.0,6.2997
1359.0,2026-05-05T21:55:26.734341+00:00,74.4517,0.0453,96.9946,0.0586,0.75,0.0,1500.0,0.0,6.2998
1359.5,2026-05-05T21:55:27.235145+00:00,74.4282,0.0348,97.1116,0.0836,0.75,0.0,1500.0,0.0,6.2999
1360.0,2026-05-05T21:55:27.738606+00:00,74.5374,0.0904,97.0626,0.0565,0.75,0.0,1500.0,0.0,6.3
1360.5,2026-05-05T21:55:28.234338+00:00,74.2395,-0.1214,97.0481,0.0049,0.75,0.0,1500.0,0.0,6.3
1361.0,2026-05-05T21:55:28.734352+00:00,74.265,-0.0933,97.1527,0.0038,0.75,0.0,1500.0,0.0,6.3
1361.5,2026-05-05T21:55:29.234301+00:00,74.412,-0.0081,96.9785,-0.0048,0.75,0.0,1500.0,0.0,6.3
1362.0,2026-05-05T21:55:29.734312+00:00,74.5249,-0.0062,97.0992,0.0349,0.75,0.0,1500.0,0.0,6.3
1362.5,2026-05-05T21:55:30.240114+00:00,74.2299,-0.0048,96.9605,-0.0503,0.75,0.0,1500.0,0.0,6.3
1363.0,2026-05-05T21:55:30.734318+00:00,74.0031,-0.1309,96.854,-0.0695,0.75,0.0,1500.0,0.0,6.3
1363.5,2026-05-05T21:55:31.234449+00:00,74.2107,-0.1006,96.8878,-0.0535,0.75,0.0,1500.0,0.0,6.3
1364.0,2026-05-05T21:55:31.734346+00:00,74.2429,-0.141,96.798,-0.1182,0.75,0.0,1500.0,0.0,6.3
1364.5,2026-05-05T21:55:32.234308+00:00,74.395,0.0825,96.8448,-0.0446,0.75,0.0,1500.0,0.0,6.3
1365.0,2026-05-05T21:55:32.739528+00:00,74.2573,0.1271,96.9964,-0.0343,0.75,0.0,1500.0,0.0,6.2488
1365.5,2026-05-05T21:55:33.234347+00:00,74.2787,0.034,96.7658,-0.0649,0.75,0.0,1500.0,0.0,6.275
1366.0,2026-05-05T21:55:33.734295+00:00,74.4225,0.0898,96.9126,0.0195,0.75,0.0,1500.0,0.0,6.2878
1366.5,2026-05-05T21:55:34.234371+00:00,74.533,0.069,96.9328,0.015,0.75,0.0,1500.0,0.0,6.294
1367.0,2026-05-05T21:55:34.734315+00:00,74.6179,0.1803,96.8327,0.0115,0.75,0.0,1500.0,0.0,6.2971
1367.5,2026-05-05T21:55:35.240208+00:00,74.6832,0.2022,96.8482,0.0012,0.75,0.0,1500.0,0.0,6.2986
1368.0,2026-05-05T21:55:35.735040+00:00,74.7334,0.1554,96.9991,0.0009,0.75,0.0,1500.0,0.0,6.2993
1368.5,2026-05-05T21:55:36.234316+00:00,74.6447,0.0558,96.8836,0.0392,0.75,0.0,1500.0,0.0,6.2997
1369.0,2026-05-05T21:55:36.734437+00:00,74.5765,-0.0207,96.9105,-0.0007,0.75,0.0,1500.0,0.0,6.2998
1369.5,2026-05-05T21:55:37.234971+00:00,74.3968,-0.1432,96.6998,-0.0777,0.75,0.0,1500.0,0.0,6.2999
1370.0,2026-05-05T21:55:37.741515+00:00,74.5132,-0.1101,96.6536,-0.0597,0.75,0.0,1500.0,0.0,6.2488
1370.5,2026-05-05T21:55:38.234359+00:00,74.6027,-0.021,96.8263,-0.0073,0.75,0.0,1500.0,0.0,6.275
1371.0,2026-05-05T21:55:38.735060+00:00,74.417,-0.0797,96.9822,-0.0056,0.75,0.0,1500.0,0.0,6.2878
1371.5,2026-05-05T21:55:39.234926+00:00,74.5288,0.066,96.8938,0.0034,0.75,0.0,1500.0,0.0,6.294
1372.0,2026-05-05T21:55:39.734566+00:00,74.2328,-0.1402,97.0109,0.0335,0.75,0.0,1500.0,0.0,6.2971
1372.5,2026-05-05T21:55:40.240838+00:00,74.1327,-0.235,96.9852,0.0951,0.75,0.0,1500.0,0.0,6.2986
1373.0,2026-05-05T21:55:40.734330+00:00,74.3102,-0.0534,96.9887,0.1117,0.75,0.0,1500.0,0.0,6.2993
1373.500001,2026-05-05T21:55:41.234491+00:00,74.1922,-0.1683,97.107,0.0936,0.75,0.0,1500.0,0.0,6.2997
1374.0,2026-05-05T21:55:41.734473+00:00,74.1014,-0.0657,97.0822,0.0333,0.75,0.0,1500.0,0.0,6.2998
1374.5,2026-05-05T21:55:42.234344+00:00,74.1589,0.0131,97.0632,0.0565,0.75,0.0,1500.0,0.0,6.2999
1375.0,2026-05-05T21:55:42.740132+00:00,74.3304,0.0101,97.1643,0.0511,0.75,0.0,1500.0,0.0,6.3
1375.5,2026-05-05T21:55:43.234351+00:00,74.5895,0.1987,96.8717,-0.0378,0.75,0.0,1500.0,0.0,6.3
1376.0,2026-05-05T21:55:43.734321+00:00,74.6613,0.28,97.0171,0.0095,0.75,0.0,1500.0,0.0,6.3
1376.5,2026-05-05T21:55:44.234463+00:00,74.5893,0.2152,97.1288,0.0073,0.75,0.0,1500.0,0.0,6.3
1377.0,2026-05-05T21:55:44.734326+00:00,74.6612,0.1654,97.099,0.0056,0.75,0.0,1500.0,0.0,6.3
1377.5,2026-05-05T21:55:45.241654+00:00,74.4619,-0.0638,97.1918,0.0429,0.75,0.0,1500.0,0.0,6.3
1378.000899,2026-05-05T21:55:45.735859+00:00,74.5633,-0.049,97.1474,-0.0056,0.75,0.0,1500.0,0.0,6.3
1378.5,2026-05-05T21:55:46.234314+00:00,74.6412,0.026,97.1133,0.0805,0.75,0.0,1500.0,0.0,6.3
1379.0,2026-05-05T21:55:46.734370+00:00,74.7011,0.0199,97.2028,0.0619,0.75,0.0,1500.0,0.0,6.3
1379.5,2026-05-05T21:55:47.234357+00:00,74.4926,0.0153,96.9245,-0.0681,0.75,0.0,1500.0,0.0,6.3
1380.0,2026-05-05T21:55:47.740211+00:00,74.3323,-0.1155,96.9419,-0.0524,0.75,0.0,1500.0,0.0,6.2488
1380.5,2026-05-05T21:55:48.234338+00:00,74.4637,-0.0888,96.8397,-0.1174,0.75,0.0,1500.0,0.0,6.3262
1381.0,2026-05-05T21:55:48.734347+00:00,74.3101,-0.1955,96.7611,-0.1288,0.75,0.0,1500.0,0.0,6.364
1381.5,2026-05-05T21:55:49.234301+00:00,74.3193,-0.0866,96.5618,-0.1838,0.75,0.0,1500.0,0.0,6.3824
1382.0,2026-05-05T21:55:49.734542+00:00,74.3264,-0.0029,96.5475,-0.2184,0.75,0.0,1500.0,0.0,6.3914
1382.5,2026-05-05T21:55:50.245488+00:00,74.2046,-0.1295,96.7679,-0.0522,0.75,0.0,1500.0,0.0,6.3958
1383.0,2026-05-05T21:55:50.734311+00:00,74.4928,0.0913,96.5902,-0.1172,0.75,0.0,1500.0,0.0,6.3468
1383.5,2026-05-05T21:55:51.234337+00:00,74.4598,0.0702,96.8007,-0.013,0.75,0.0,1500.0,0.0,6.3228
1384.0,2026-05-05T21:55:51.734339+00:00,74.4344,0.054,96.8469,0.0286,0.75,0.0,1500.0,0.0,6.3111
1384.5,2026-05-05T21:55:52.234330+00:00,74.4148,0.1051,96.6509,0.0297,0.75,0.0,1500.0,0.0,6.3054
1385.0,2026-05-05T21:55:52.738909+00:00,74.5271,0.0172,96.7317,0.0614,0.75,0.0,1500.0,0.0,6.3027
1385.5,2026-05-05T21:55:53.234952+00:00,74.6134,0.0768,96.5624,-0.0685,0.75,0.0,1500.0,0.0,6.3525
1386.0,2026-05-05T21:55:53.734307+00:00,74.4252,-0.0046,96.5248,-0.0218,0.75,0.0,1500.0,0.0,6.3768
1386.5,2026-05-05T21:55:54.237070+00:00,74.4078,-0.0035,96.6348,-0.0553,0.75,0.0,1500.0,0.0,6.3887
1387.0,2026-05-05T21:55:54.734353+00:00,74.5217,-0.0027,96.7193,-0.0425,0.75,0.0,1500.0,0.0,6.3945
1387.5,2026-05-05T21:55:55.240573+00:00,74.482,-0.0657,96.8999,0.083,0.75,0.0,1500.0,0.0,6.3973
1388.0,2026-05-05T21:55:55.734435+00:00,74.5787,0.0768,96.6917,-0.0133,0.75,0.0,1500.0,0.0,6.3475
1388.5,2026-05-05T21:55:56.234461+00:00,74.7803,0.1863,96.8787,0.1055,0.75,0.0,1500.0,0.0,6.3232
1389.0,2026-05-05T21:55:56.734409+00:00,74.808,0.1432,96.7911,0.0888,0.75,0.0,1500.0,0.0,6.3113
1389.5,2026-05-05T21:55:57.234317+00:00,74.8293,0.1737,96.9551,0.1068,0.75,0.0,1500.0,0.0,6.3055
1390.0,2026-05-05T21:55:57.741294+00:00,74.7184,0.0698,96.7341,0.0049,0.75,0.0,1500.0,0.0,6.3027
1390.5,2026-05-05T21:55:58.234397+00:00,74.6331,-0.0736,96.7956,-0.0348,0.75,0.0,1500.0,0.0,6.3013
1391.0,2026-05-05T21:55:58.734379+00:00,74.8222,0.0071,96.9586,0.089,0.75,0.0,1500.0,0.0,6.3006
1391.5,2026-05-05T21:55:59.234344+00:00,74.8402,0.0054,96.8525,-0.0087,0.75,0.0,1500.0,0.0,6.3003
1392.0,2026-05-05T21:55:59.734308+00:00,74.854,0.0678,97.0023,0.0704,0.75,0.0,1500.0,0.0,6.3002
1392.5,2026-05-05T21:56:00.240045+00:00,74.8647,0.1158,97.1175,0.0541,0.75,0.0,1500.0,0.0,6.3001
1393.0,2026-05-05T21:56:00.734677+00:00,75.0001,0.089,97.0903,0.1187,0.75,0.0,1500.0,0.0,6.3
1393.5,2026-05-05T21:56:01.234413+00:00,74.8497,0.0047,97.1851,0.1298,0.75,0.0,1500.0,0.0,6.3
1394.0,2026-05-05T21:56:01.734435+00:00,74.8613,0.0037,97.258,0.0998,0.75,0.0,1500.0,0.0,6.3
1394.5,2026-05-05T21:56:02.234314+00:00,74.8703,0.0028,97.1983,0.1153,0.75,0.0,1500.0,0.0,6.3
1395.0,2026-05-05T21:56:02.743065+00:00,74.6226,-0.1887,97.1293,0.0423,0.75,0.0,1500.0,0.0,6.3
1395.5,2026-05-05T21:56:03.236989+00:00,74.5595,-0.1451,97.0993,-0.006,0.75,0.0,1500.0,0.0,6.3
1396.0,2026-05-05T21:56:03.734313+00:00,74.511,-0.1751,97.0764,-0.0046,0.75,0.0,1500.0,0.0,6.3
1396.5,2026-05-05T21:56:04.234336+00:00,74.092,-0.3892,97.1744,-0.0036,0.75,0.0,1500.0,0.0,6.3
1397.001647,2026-05-05T21:56:04.736005+00:00,74.1517,-0.2355,97.134,-0.0413,0.75,0.0,1500.0,0.0,6.3
1397.5,2026-05-05T21:56:05.238924+00:00,74.3248,-0.1173,97.3344,0.0454,0.75,0.0,1500.0,0.0,6.3
1398.0,2026-05-05T21:56:05.734346+00:00,74.4579,-0.0266,97.257,0.0426,0.75,0.0,1500.0,0.0,6.3
1398.5,2026-05-05T21:56:06.234341+00:00,74.6875,0.2978,97.1976,0.0327,0.75,0.0,1500.0,0.0,6.3
1399.0,2026-05-05T21:56:06.734437+00:00,74.4821,0.1652,97.1518,0.0252,0.75,0.0,1500.0,0.0,6.3
1399.5,2026-05-05T21:56:07.234384+00:00,74.4516,0.0634,97.2093,0.0116,0.75,0.0,1500.0,0.0,6.3
1400.0,2026-05-05T21:56:07.739542+00:00,74.4281,-0.0149,97.0451,-0.0296,0.75,0.0,1500.0,0.0,6.2488
1400.5,2026-05-05T21:56:08.234327+00:00,74.6645,-0.0115,97.1504,-0.0613,0.75,0.0,1500.0,0.0,6.275
1401.0,2026-05-05T21:56:08.734386+00:00,74.719,0.1184,97.347,0.03,0.75,0.0,1500.0,0.0,6.2878
1401.5,2026-05-05T21:56:09.234325+00:00,74.5064,0.0274,96.8965,-0.1004,0.75,0.0,1500.0,0.0,6.294
1402.0,2026-05-05T21:56:09.734497+00:00,74.4702,0.0211,97.0361,-0.0386,0.75,0.0,1500.0,0.0,6.2971
1402.5,2026-05-05T21:56:10.240974+00:00,74.3151,-0.1747,96.6575,-0.1839,0.75,0.0,1500.0,0.0,6.2986
1403.0,2026-05-05T21:56:10.734357+00:00,74.1959,-0.2616,96.5054,-0.1799,0.75,0.0,1500.0,0.0,6.2993
1403.5,2026-05-05T21:56:11.234525+00:00,74.3588,-0.0738,96.3884,-0.254,0.75,0.0,1500.0,0.0,6.2997
1404.0,2026-05-05T21:56:11.734533+00:00,74.4841,0.0069,96.4142,-0.3109,0.75,0.0,1500.0,0.0,6.2998
1404.50002,2026-05-05T21:56:12.234446+00:00,74.5803,0.1326,96.5498,-0.1156,0.75,0.0,1500.0,0.0,6.2999
1405.0,2026-05-05T21:56:12.739478+00:00,74.6543,0.2292,96.5151,-0.1737,0.75,0.0,1500.0,0.0,6.2488
1405.5,2026-05-05T21:56:13.234470+00:00,74.4566,0.0489,96.6273,-0.0101,0.75,0.0,1500.0,0.0,6.275
1406.000052,2026-05-05T21:56:13.734526+00:00,74.4319,-0.0261,96.5979,0.0308,0.75,0.0,1500.0,0.0,6.2878
1406.5,2026-05-05T21:56:14.234352+00:00,74.5402,-0.02,96.7141,0.1085,0.75,0.0,1500.0,0.0,6.294
1407.0,2026-05-05T21:56:14.734366+00:00,74.4962,-0.079,96.8728,0.1528,0.75,0.0,1500.0,0.0,6.2971
1407.5,2026-05-05T21:56:15.240210+00:00,74.5897,0.0665,96.8097,0.0866,0.75,0.0,1500.0,0.0,6.2986
1408.0,2026-05-05T21:56:15.734309+00:00,74.5342,0.0511,96.9463,0.1437,0.75,0.0,1500.0,0.0,6.2481
1408.5,2026-05-05T21:56:16.234786+00:00,74.6188,0.0393,97.0744,0.149,0.75,0.0,1500.0,0.0,6.2235
1409.0,2026-05-05T21:56:16.734308+00:00,74.5566,0.0302,96.9183,0.1068,0.75,0.0,1500.0,0.0,6.2115
1409.5,2026-05-05T21:56:17.235127+00:00,74.5088,-0.0404,97.0529,0.113,0.75,0.0,1500.0,0.0,6.2056
1410.0,2026-05-05T21:56:17.743550+00:00,74.4721,-0.0311,97.0407,0.056,0.75,0.0,1500.0,0.0,6.2027
1410.5,2026-05-05T21:56:18.234320+00:00,74.3166,-0.1511,97.0081,0.0662,0.75,0.0,1500.0,0.0,6.2525
1411.0,2026-05-05T21:56:18.734321+00:00,74.4516,-0.0525,96.7749,-0.0571,0.75,0.0,1500.0,0.0,6.2768
1411.5,2026-05-05T21:56:19.234452+00:00,74.4281,-0.0404,96.827,-0.0825,0.75,0.0,1500.0,0.0,6.2887
1412.0,2026-05-05T21:56:19.734317+00:00,74.41,-0.031,96.8439,-0.0248,0.75,0.0,1500.0,0.0,6.2945
1412.5,2026-05-05T21:56:20.241295+00:00,74.6507,0.1671,96.7643,-0.0962,0.75,0.0,1500.0,0.0,6.2973
1413.0,2026-05-05T21:56:20.734407+00:00,74.7084,0.1284,96.8188,-0.074,0.75,0.0,1500.0,0.0,6.2987
1413.5,2026-05-05T21:56:21.234323+00:00,74.88,0.226,96.7219,-0.0954,0.75,0.0,1500.0,0.0,6.2994
1414.0,2026-05-05T21:56:21.734310+00:00,75.0119,0.3009,96.6706,-0.0348,0.75,0.0,1500.0,0.0,6.2997
1414.5,2026-05-05T21:56:22.235042+00:00,74.986,0.1677,96.8625,0.0118,0.75,0.0,1500.0,0.0,6.2998
1415.0,2026-05-05T21:56:22.741054+00:00,74.8388,0.0652,96.7555,-0.0295,0.75,0.0,1500.0,0.0,6.2999
1415.5,2026-05-05T21:56:23.234495+00:00,74.7257,-0.0771,96.6732,-0.0304,0.75,0.0,1500.0,0.0,6.3
1416.0,2026-05-05T21:56:23.738137+00:00,74.6388,-0.1866,96.7488,-0.0233,0.75,0.0,1500.0,0.0,6.3
1416.5,2026-05-05T21:56:24.234323+00:00,74.6992,-0.1434,96.6681,-0.0179,0.75,0.0,1500.0,0.0,6.3
1417.0,2026-05-05T21:56:24.734316+00:00,74.6184,-0.1102,96.6524,-0.0061,0.75,0.0,1500.0,0.0,6.3
1417.5,2026-05-05T21:56:25.245148+00:00,74.8108,0.0426,96.8485,-0.0047,0.75,0.0,1500.0,0.0,6.3
1418.0,2026-05-05T21:56:25.734330+00:00,74.8315,0.0964,96.8836,0.0427,0.75,0.0,1500.0,0.0,6.3
1418.5,2026-05-05T21:56:26.234326+00:00,74.8473,0.0741,96.9105,0.0791,0.75,0.0,1500.0,0.0,6.3
1419.0,2026-05-05T21:56:26.734333+00:00,74.7322,0.0569,96.9312,0.0608,0.75,0.0,1500.0,0.0,6.3
1419.5,2026-05-05T21:56:27.234349+00:00,74.7711,-0.0199,96.9471,0.093,0.75,0.0,1500.0,0.0,6.3
1420.0,2026-05-05T21:56:27.739784+00:00,74.5464,-0.1426,96.9594,0.1023,0.75,0.0,1500.0,0.0,6.3
1420.5,2026-05-05T21:56:28.234321+00:00,74.6282,-0.1096,96.9688,0.0401,0.75,0.0,1500.0,0.0,6.3
1421.0,2026-05-05T21:56:28.734366+00:00,74.9456,0.1067,97.0917,0.0694,0.75,0.0,1500.0,0.0,6.3
1421.5,2026-05-05T21:56:29.234522+00:00,74.9351,0.082,97.3019,0.1305,0.75,0.0,1500.0,0.0,6.3
1422.0,2026-05-05T21:56:29.734338+00:00,75.0542,0.2539,97.1163,0.0617,0.75,0.0,1500.0,0.0,6.3
1422.5,2026-05-05T21:56:30.241678+00:00,75.0185,0.1952,97.2051,0.086,0.75,0.0,1500.0,0.0,6.3
1423.0,2026-05-05T21:56:30.734792+00:00,74.7366,-0.1045,97.1576,0.0661,0.75,0.0,1500.0,0.0,6.3
1423.5,2026-05-05T21:56:31.234324+00:00,74.6471,-0.144,97.098,0.0431,0.75,0.0,1500.0,0.0,6.3
1424.0,2026-05-05T21:56:31.734489+00:00,74.4511,-0.3016,96.9365,-0.0517,0.75,0.0,1500.0,0.0,6.3
1424.5,2026-05-05T21:56:32.234669+00:00,74.4277,-0.2954,96.8124,-0.1632,0.75,0.0,1500.0,0.0,6.3
1425.0,2026-05-05T21:56:32.738751+00:00,74.4097,-0.1634,96.9715,-0.0483,0.75,0.0,1500.0,0.0,6.3
1425.5,2026-05-05T21:56:33.234340+00:00,74.5232,-0.062,97.0938,-0.0371,0.75,0.0,1500.0,0.0,6.3
1426.0,2026-05-05T21:56:33.734350+00:00,74.6104,0.0796,97.0721,-0.0285,0.75,0.0,1500.0,0.0,6.3
1426.5,2026-05-05T21:56:34.234358+00:00,74.6774,0.1248,97.0554,-0.0142,0.75,0.0,1500.0,0.0,6.3
1427.0,2026-05-05T21:56:34.734324+00:00,74.7289,0.1596,97.0426,0.0354,0.75,0.0,1500.0,0.0,6.3
1427.5,2026-05-05T21:56:35.239851+00:00,74.7685,0.1227,97.0327,0.0735,0.75,0.0,1500.0,0.0,6.3
1428.0,2026-05-05T21:56:35.734351+00:00,74.5444,-0.033,97.0252,0.0179,0.75,0.0,1500.0,0.0,6.3
1428.5,2026-05-05T21:56:36.234380+00:00,74.4994,-0.089,97.0193,-0.0248,0.75,0.0,1500.0,0.0,6.3
1429.0,2026-05-05T21:56:36.734336+00:00,74.5921,-0.0684,97.0149,-0.0191,0.75,0.0,1500.0,0.0,6.3
1429.5,2026-05-05T21:56:37.234298+00:00,74.5361,-0.1162,97.0114,-0.0147,0.75,0.0,1500.0,0.0,6.3
1430.0,2026-05-05T21:56:37.741843+00:00,74.6203,0.038,97.1245,0.0273,0.75,0.0,1500.0,0.0,6.3
1430.5,2026-05-05T21:56:38.234299+00:00,74.5577,0.0292,96.98,-0.0176,0.75,0.0,1500.0,0.0,6.3
1431.0,2026-05-05T21:56:38.735182+00:00,74.6369,0.0224,97.1003,0.0251,0.75,0.0,1500.0,0.0,6.3
1431.5,2026-05-05T21:56:39.234324+00:00,74.6978,0.0809,96.9614,-0.0193,0.75,0.0,1500.0,0.0,6.3
1432.0,2026-05-05T21:56:39.734466+00:00,74.7446,0.0622,96.8315,-0.0611,0.75,0.0,1500.0,0.0,6.3
1432.5,2026-05-05T21:56:40.241145+00:00,74.6533,0.0478,96.6391,-0.1241,0.75,0.0,1500.0,0.0,6.3
1433.0,2026-05-05T21:56:40.734353+00:00,74.8376,0.1004,96.6069,-0.1725,0.75,0.0,1500.0,0.0,6.3
1433.5,2026-05-05T21:56:41.234340+00:00,74.7248,0.0135,96.5822,-0.1326,0.75,0.0,1500.0,0.0,6.3
1434.0,2026-05-05T21:56:41.734310+00:00,74.7653,0.0104,96.7946,-0.1019,0.75,0.0,1500.0,0.0,6.3
1434.5,2026-05-05T21:56:42.234383+00:00,74.6692,0.008,96.9347,-0.0089,0.75,0.0,1500.0,0.0,6.3
1435.0,2026-05-05T21:56:42.740459+00:00,74.5954,-0.1211,96.7184,-0.0377,0.75,0.0,1500.0,0.0,6.3
1435.5,2026-05-05T21:56:43.234309+00:00,74.6659,-0.0295,96.5521,-0.029,0.75,0.0,1500.0,0.0,6.3512
1436.0,2026-05-05T21:56:43.735076+00:00,74.8473,0.041,96.6558,0.0163,0.75,0.0,1500.0,0.0,6.325
1436.5,2026-05-05T21:56:44.234327+00:00,74.8595,0.0951,96.504,-0.026,0.75,0.0,1500.0,0.0,6.3122
1437.0,2026-05-05T21:56:44.734313+00:00,74.8689,0.1368,96.6188,-0.0586,0.75,0.0,1500.0,0.0,6.306
1437.5,2026-05-05T21:56:45.242218+00:00,74.8761,0.1051,96.7996,-0.045,0.75,0.0,1500.0,0.0,6.3029
1438.0,2026-05-05T21:56:45.734314+00:00,74.8816,0.0172,96.7302,0.004,0.75,0.0,1500.0,0.0,6.3014
1438.5,2026-05-05T21:56:46.234335+00:00,74.8859,0.0132,96.677,0.0416,0.75,0.0,1500.0,0.0,6.3007
1439.0,2026-05-05T21:56:46.734445+00:00,74.8891,0.0101,96.6129,-0.0143,0.75,0.0,1500.0,0.0,6.3003
1439.5,2026-05-05T21:56:47.236501+00:00,75.0189,0.0714,96.6793,0.0584,0.75,0.0,1500.0,0.0,6.3002
1440.0,2026-05-05T21:56:47.740307+00:00,74.9914,0.0549,96.5221,-0.0322,0.75,0.0,1500.0,0.0,6.3001
1440.5,2026-05-05T21:56:48.234456+00:00,74.7157,-0.0851,96.6327,-0.0556,0.75,0.0,1500.0,0.0,6.3
1441.0,2026-05-05T21:56:48.734347+00:00,74.3765,-0.2563,96.4863,-0.0813,0.75,0.0,1500.0,0.0,6.3
1441.5,2026-05-05T21:56:49.234310+00:00,74.4977,-0.2606,96.4895,-0.0625,0.75,0.0,1500.0,0.0,6.3
1442.0,2026-05-05T21:56:49.734317+00:00,74.5908,-0.2003,96.7233,0.0368,0.75,0.0,1500.0,0.0,6.3
1442.5,2026-05-05T21:56:50.244744+00:00,74.7896,0.0369,96.5791,-0.0334,0.75,0.0,1500.0,0.0,6.3
1443.0,2026-05-05T21:56:50.734519+00:00,74.8151,0.2193,96.6533,0.0437,0.75,0.0,1500.0,0.0,6.3
1443.5,2026-05-05T21:56:51.234366+00:00,74.7075,0.1049,96.7336,0.0336,0.75,0.0,1500.0,0.0,6.3
1444.0,2026-05-05T21:56:51.734340+00:00,74.6248,0.017,96.6795,0.0644,0.75,0.0,1500.0,0.0,6.3
1444.5,2026-05-05T21:56:52.234317+00:00,74.6885,-0.0506,96.7537,0.0881,0.75,0.0,1500.0,0.0,6.3
1445.0,2026-05-05T21:56:52.741125+00:00,74.7374,-0.0389,96.695,-0.0094,0.75,0.0,1500.0,0.0,6.3
1445.5,2026-05-05T21:56:53.234337+00:00,74.775,0.0338,96.7424,0.0544,0.75,0.0,1500.0,0.0,6.3
1446.0,2026-05-05T21:56:53.734309+00:00,74.5494,-0.0377,96.9177,0.0881,0.75,0.0,1500.0,0.0,6.3
1446.5,2026-05-05T21:56:54.235629+00:00,74.6305,-0.029,96.9368,0.0677,0.75,0.0,1500.0,0.0,6.3
1447.0,2026-05-05T21:56:54.734312+00:00,74.5656,-0.0859,96.8357,0.0521,0.75,0.0,1500.0,0.0,6.3
1447.5,2026-05-05T21:56:55.239021+00:00,74.3885,-0.1933,96.7349,-0.0063,0.75,0.0,1500.0,0.0,6.3
1448.0,2026-05-05T21:56:55.734959+00:00,74.6341,0.0423,96.9119,0.0723,0.75,0.0,1500.0,0.0,6.3
1448.5,2026-05-05T21:56:56.234348+00:00,74.6956,0.0325,96.6778,-0.0215,0.75,0.0,1500.0,0.0,6.3
1449.0,2026-05-05T21:56:56.734336+00:00,74.4884,-0.0386,96.7523,-0.0551,0.75,0.0,1500.0,0.0,6.3
1449.5,2026-05-05T21:56:57.235854+00:00,74.7109,0.1612,96.8096,-0.0424,0.75,0.0,1500.0,0.0,6.3
1450.0,2026-05-05T21:56:57.742992+00:00,74.7547,0.0603,96.6917,-0.048,0.75,0.0,1500.0,0.0,6.2488
1450.5,2026-05-05T21:56:58.235425+00:00,74.9156,0.11,96.763,0.0094,0.75,0.0,1500.0,0.0,6.275
1451.0,2026-05-05T21:56:58.735838+00:00,75.0392,0.2754,96.8179,-0.0313,0.75,0.0,1500.0,0.0,6.2878
1451.5,2026-05-05T21:56:59.234382+00:00,75.007,0.1481,96.7212,0.0145,0.75,0.0,1500.0,0.0,6.294
1452.0,2026-05-05T21:56:59.734369+00:00,74.9822,0.1138,96.5543,-0.066,0.75,0.0,1500.0,0.0,6.2971
1452.5,2026-05-05T21:57:00.241060+00:00,74.8359,-0.0398,96.7731,-0.0122,0.75,0.0,1500.0,0.0,6.2986
1453.0,2026-05-05T21:57:00.734436+00:00,74.7235,-0.1579,96.8256,0.0446,0.75,0.0,1500.0,0.0,6.2993
1453.5,2026-05-05T21:57:01.236140+00:00,74.3825,-0.3122,96.866,0.0343,0.75,0.0,1500.0,0.0,6.2997
1454.0,2026-05-05T21:57:01.734887+00:00,74.6295,-0.1764,96.897,0.0264,0.75,0.0,1500.0,0.0,6.2998
1454.5,2026-05-05T21:57:02.234311+00:00,74.6921,-0.0719,96.6894,-0.0106,0.75,0.0,1500.0,0.0,6.2999
1455.0,2026-05-05T21:57:02.739967+00:00,74.7402,0.0084,96.6456,0.0304,0.75,0.0,1500.0,0.0,6.2488
1455.5,2026-05-05T21:57:03.234847+00:00,74.6499,0.1337,96.8433,0.0234,0.75,0.0,1500.0,0.0,6.275
1456.0,2026-05-05T21:57:03.734323+00:00,74.5805,-0.0245,96.7639,-0.0206,0.75,0.0,1500.0,0.0,6.2878
1456.5,2026-05-05T21:57:04.235488+00:00,74.909,0.1084,96.9342,0.0227,0.75,0.0,1500.0,0.0,6.294
1457.000742,2026-05-05T21:57:04.735112+00:00,74.7796,0.0197,96.9494,0.0175,0.75,0.0,1500.0,0.0,6.2971
1457.5,2026-05-05T21:57:05.238867+00:00,74.8075,0.0788,96.9611,0.0906,0.75,0.0,1500.0,0.0,6.2986
1458.0,2026-05-05T21:57:05.734525+00:00,74.9562,0.1878,96.8544,0.0696,0.75,0.0,1500.0,0.0,6.2993
1458.5,2026-05-05T21:57:06.234356+00:00,74.8159,-0.0465,97.0038,0.0535,0.75,0.0,1500.0,0.0,6.2997
1459.0,2026-05-05T21:57:06.734369+00:00,74.8354,0.0279,97.0955,0.1105,0.75,0.0,1500.0,0.0,6.2998
1459.5,2026-05-05T21:57:07.234440+00:00,74.723,-0.0422,97.0734,0.0464,0.75,0.0,1500.0,0.0,6.2999
1460.0,2026-05-05T21:57:07.739907+00:00,74.764,-0.0961,96.9407,-0.0029,0.75,0.0,1500.0,0.0,6.3
1460.5,2026-05-05T21:57:08.234357+00:00,74.7955,-0.0102,97.0701,0.0363,0.75,0.0,1500.0,0.0,6.3512
1461.0,2026-05-05T21:57:08.734331+00:00,74.8197,-0.0079,97.1696,0.1051,0.75,0.0,1500.0,0.0,6.325
1461.5,2026-05-05T21:57:09.235531+00:00,74.711,-0.006,97.1304,0.0422,0.75,0.0,1500.0,0.0,6.3122
1462.0,2026-05-05T21:57:09.734350+00:00,74.7547,-0.0046,97.1928,0.0324,0.75,0.0,1500.0,0.0,6.3059
1462.5,2026-05-05T21:57:10.242187+00:00,74.6611,-0.0672,97.2638,0.0635,0.75,0.0,1500.0,0.0,6.3029
1463.0,2026-05-05T21:57:10.734311+00:00,74.5891,-0.1153,97.2028,0.0874,0.75,0.0,1500.0,0.0,6.3014
1463.5,2026-05-05T21:57:11.234414+00:00,74.661,-0.025,96.9245,-0.0486,0.75,0.0,1500.0,0.0,6.3007
1464.0,2026-05-05T21:57:11.735269+00:00,74.5891,-0.0828,96.8262,-0.1145,0.75,0.0,1500.0,0.0,6.3003
1464.5,2026-05-05T21:57:12.237157+00:00,74.5337,-0.0637,96.7508,-0.1265,0.75,0.0,1500.0,0.0,6.3002
1465.0,2026-05-05T21:57:12.742065+00:00,74.4912,-0.0489,96.577,-0.2052,0.75,0.0,1500.0,0.0,6.3001
1465.5,2026-05-05T21:57:13.234424+00:00,74.4585,-0.1012,96.7906,-0.1577,0.75,0.0,1500.0,0.0,6.3
1466.0,2026-05-05T21:57:13.734338+00:00,74.4334,-0.0778,96.5845,-0.2061,0.75,0.0,1500.0,0.0,6.3
1466.5,2026-05-05T21:57:14.234474+00:00,74.5414,0.0038,96.6807,-0.0813,0.75,0.0,1500.0,0.0,6.3
1467.0,2026-05-05T21:57:14.734436+00:00,74.8789,0.1938,96.7314,-0.0316,0.75,0.0,1500.0,0.0,6.3
1467.5,2026-05-05T21:57:15.239434+00:00,74.7565,0.149,96.701,-0.0166,0.75,0.0,1500.0,0.0,6.3
1468.0,2026-05-05T21:57:15.734481+00:00,74.7897,0.1781,96.7702,0.0644,0.75,0.0,1500.0,0.0,6.3
1468.5,2026-05-05T21:57:16.235315+00:00,74.688,0.0733,96.8234,0.0109,0.75,0.0,1500.0,0.0,6.3
1469.0,2026-05-05T21:57:16.734347+00:00,74.737,-0.0709,96.7254,0.047,0.75,0.0,1500.0,0.0,6.3
1469.5,2026-05-05T21:57:17.234388+00:00,74.7747,0.0091,97.0203,0.1132,0.75,0.0,1500.0,0.0,6.3
1470.0,2026-05-05T21:57:17.740579+00:00,74.6765,-0.0566,97.0156,0.0947,0.75,0.0,1500.0,0.0,6.3
1470.5,2026-05-05T21:57:18.234331+00:00,74.7282,0.0201,97.012,0.1037,0.75,0.0,1500.0,0.0,6.3
1471.0,2026-05-05T21:57:18.734548+00:00,74.7679,0.0155,97.1249,0.1182,0.75,0.0,1500.0,0.0,6.3
1471.5,2026-05-05T21:57:19.234359+00:00,74.6712,-0.0518,97.096,0.0909,0.75,0.0,1500.0,0.0,6.3
1472.0,2026-05-05T21:57:19.734462+00:00,74.5969,-0.0398,97.1895,0.1547,0.75,0.0,1500.0,0.0,6.3
1472.5,2026-05-05T21:57:20.241596+00:00,74.5398,-0.0942,96.9143,-0.0354,0.75,0.0,1500.0,0.0,6.3
1473.0,2026-05-05T21:57:20.734361+00:00,74.4959,-0.136,96.8184,-0.0657,0.75,0.0,1500.0,0.0,6.3
1473.5,2026-05-05T21:57:21.234519+00:00,74.8439,0.0863,96.8604,-0.0505,0.75,0.0,1500.0,0.0,6.3
1474.0,2026-05-05T21:57:21.734534+00:00,74.8569,0.13,96.6613,-0.1545,0.75,0.0,1500.0,0.0,6.3
1474.5,2026-05-05T21:57:22.234349+00:00,74.8669,0.1636,96.624,-0.1573,0.75,0.0,1500.0,0.0,6.3
1475.0,2026-05-05T21:57:22.742250+00:00,75.0018,0.253,96.5953,-0.1981,0.75,0.0,1500.0,0.0,6.3
1475.5,2026-05-05T21:57:23.234315+00:00,75.1055,0.1308,96.5732,-0.1137,0.75,0.0,1500.0,0.0,6.3
1476.0,2026-05-05T21:57:23.734500+00:00,74.9307,0.0369,96.5563,-0.0874,0.75,0.0,1500.0,0.0,6.3
1476.5,2026-05-05T21:57:24.234326+00:00,74.9236,0.0284,96.5201,-0.1134,0.75,0.0,1500.0,0.0,6.3
1477.0,2026-05-05T21:57:24.734321+00:00,74.9181,-0.0418,96.6312,-0.01,0.75,0.0,1500.0,0.0,6.3
1477.5,2026-05-05T21:57:25.246865+00:00,75.0412,-0.0322,96.6008,-0.0077,0.75,0.0,1500.0,0.0,6.3
1478.0,2026-05-05T21:57:25.734372+00:00,74.8813,-0.0247,96.4618,-0.0445,0.75,0.0,1500.0,0.0,6.3
1478.5,2026-05-05T21:57:26.234315+00:00,74.7583,-0.0826,96.5863,0.0044,0.75,0.0,1500.0,0.0,6.3
1479.0,2026-05-05T21:57:26.734448+00:00,74.6638,-0.1271,96.7978,0.0805,0.75,0.0,1500.0,0.0,6.3
1479.5,2026-05-05T21:57:27.234297+00:00,74.5912,-0.225,96.7057,0.0619,0.75,0.0,1500.0,0.0,6.3
1480.0,2026-05-05T21:57:27.739161+00:00,74.5354,-0.1729,97.0052,0.1247,0.75,0.0,1500.0,0.0,6.3
1480.5,2026-05-05T21:57:28.234346+00:00,74.4925,-0.1329,97.004,0.1344,0.75,0.0,1500.0,0.0,6.3
1481.0,2026-05-05T21:57:28.734536+00:00,74.5868,-0.0385,96.8642,0.1341,0.75,0.0,1500.0,0.0,6.3
1481.5,2026-05-05T21:57:29.234457+00:00,74.6593,0.034,96.9882,0.134,0.75,0.0,1500.0,0.0,6.3
1482.0,2026-05-05T21:57:29.734346+00:00,74.8422,0.1534,96.6207,-0.059,0.75,0.0,1500.0,0.0,6.3
1482.5,2026-05-05T21:57:30.238770+00:00,74.7283,0.1179,96.6853,-0.0068,0.75,0.0,1500.0,0.0,6.3
1483.0,2026-05-05T21:57:30.734556+00:00,74.6408,0.027,96.8738,-0.0438,0.75,0.0,1500.0,0.0,6.3
1483.5,2026-05-05T21:57:31.234328+00:00,74.7008,0.0208,96.6716,-0.1108,0.75,0.0,1500.0,0.0,6.3
1484.0,2026-05-05T21:57:31.734345+00:00,74.8741,0.0159,96.979,0.0383,0.75,0.0,1500.0,0.0,6.3
1484.5,2026-05-05T21:57:32.235213+00:00,74.8801,0.0759,97.0996,0.0371,0.75,0.0,1500.0,0.0,6.3
1485.0,2026-05-05T21:57:32.741711+00:00,74.6302,-0.0053,97.0534,0.1442,0.75,0.0,1500.0,0.0,6.2488
1485.5,2026-05-05T21:57:33.234328+00:00,74.5654,-0.0677,97.1567,0.1571,0.75,0.0,1500.0,0.0,6.275
1486.0,2026-05-05T21:57:33.734439+00:00,74.6428,-0.1157,96.9816,0.0359,0.75,0.0,1500.0,0.0,6.2878
1486.5,2026-05-05T21:57:34.234343+00:00,74.7023,-0.0889,96.7313,0.0199,0.75,0.0,1500.0,0.0,6.294
1487.0,2026-05-05T21:57:34.734311+00:00,74.6208,-0.0047,96.7935,-0.0618,0.75,0.0,1500.0,0.0,6.2971
1487.5,2026-05-05T21:57:35.243104+00:00,74.6854,0.06,96.8413,-0.0861,0.75,0.0,1500.0,0.0,6.2986
1488.0,2026-05-05T21:57:35.734336+00:00,74.8623,0.1098,96.7623,-0.097,0.75,0.0,1500.0,0.0,6.2993
1488.5,2026-05-05T21:57:36.234318+00:00,74.6165,-0.0429,96.7016,-0.1517,0.75,0.0,1500.0,0.0,6.2997
1489.0,2026-05-05T21:57:36.734440+00:00,74.5548,-0.033,96.7707,-0.0703,0.75,0.0,1500.0,0.0,6.2998
1489.5,2026-05-05T21:57:37.234339+00:00,74.3802,-0.1526,96.9163,0.0617,0.75,0.0,1500.0,0.0,6.2999
1490.0,2026-05-05T21:57:37.739428+00:00,74.5005,-0.1809,97.0514,0.086,0.75,0.0,1500.0,0.0,6.2488
1490.5,2026-05-05T21:57:38.234389+00:00,74.4656,-0.0754,96.9006,0.0198,0.75,0.0,1500.0,0.0,6.275
1491.0,2026-05-05T21:57:38.734331+00:00,74.5662,0.0057,96.9236,0.0538,0.75,0.0,1500.0,0.0,6.2878
1491.5,2026-05-05T21:57:39.234311+00:00,74.7707,0.1953,97.057,0.1185,0.75,0.0,1500.0,0.0,6.294
1492.0,2026-05-05T21:57:39.734342+00:00,74.6733,0.0864,97.0438,0.091,0.75,0.0,1500.0,0.0,6.2971
1492.5,2026-05-05T21:57:40.238946+00:00,74.7258,0.1301,97.0337,0.0391,0.75,0.0,1500.0,0.0,6.2986
1493.0,2026-05-05T21:57:40.734343+00:00,74.5116,-0.0273,97.1416,0.0301,0.75,0.0,1500.0,0.0,6.2993
1493.5,2026-05-05T21:57:41.234337+00:00,74.6014,-0.0846,97.0163,0.0385,0.75,0.0,1500.0,0.0,6.2997
1494.0,2026-05-05T21:57:41.734297+00:00,74.416,-0.1287,96.9894,0.0219,0.75,0.0,1500.0,0.0,6.2998
1494.5,2026-05-05T21:57:42.234422+00:00,74.2734,-0.2262,96.9918,-0.0217,0.75,0.0,1500.0,0.0,6.2999
1495.0,2026-05-05T21:57:42.739968+00:00,74.2912,-0.1102,96.9706,-0.0244,0.75,0.0,1500.0,0.0,6.2488
1495.5,2026-05-05T21:57:43.234581+00:00,74.1775,-0.212,96.746,-0.0959,0.75,0.0,1500.0,0.0,6.275
1496.0,2026-05-05T21:57:43.734478+00:00,74.2174,-0.0993,96.6891,-0.1508,0.75,0.0,1500.0,0.0,6.2878
1496.501328,2026-05-05T21:57:44.235690+00:00,74.2481,-0.0127,96.6453,-0.1236,0.75,0.0,1500.0,0.0,6.294
1497.0,2026-05-05T21:57:44.734306+00:00,74.2717,-0.0097,96.7274,-0.0873,0.75,0.0,1500.0,0.0,6.2971
1497.5,2026-05-05T21:57:45.241106+00:00,74.2898,0.0561,96.7905,-0.0671,0.75,0.0,1500.0,0.0,6.2986
1498.0,2026-05-05T21:57:45.734349+00:00,74.3037,0.0432,96.353,-0.2059,0.75,0.0,1500.0,0.0,6.2993
1498.5,2026-05-05T21:57:46.234541+00:00,74.4417,0.0968,96.5259,-0.0734,0.75,0.0,1500.0,0.0,6.2997
1499.0,2026-05-05T21:57:46.734334+00:00,74.675,0.2017,96.5199,-0.0564,0.75,0.0,1500.0,0.0,6.2998
1499.500023,2026-05-05T21:57:47.234525+00:00,74.7271,0.2186,96.4921,-0.0511,0.75,0.0,1500.0,0.0,6.2999
1500.0,2026-05-05T21:57:47.738788+00:00,74.6398,0.168,96.6097,-0.0392,0.75,0.0,1500.0,0.0,6.2488
1500.5,2026-05-05T21:57:48.234320+00:00,74.5728,0.0655,96.8157,0.0084,0.75,0.0,1500.0,0.0,6.275
1501.0,2026-05-05T21:57:48.734347+00:00,74.6485,-0.0133,96.6269,0.0913,0.75,0.0,1500.0,0.0,6.2878
1501.5,2026-05-05T21:57:49.234303+00:00,74.7067,-0.0102,96.829,0.101,0.75,0.0,1500.0,0.0,6.294
1502.0,2026-05-05T21:57:49.734393+00:00,74.3696,-0.1351,96.8685,0.1162,0.75,0.0,1500.0,0.0,6.2971
1502.5,2026-05-05T21:57:50.240535+00:00,74.3651,-0.1038,96.8064,0.1048,0.75,0.0,1500.0,0.0,6.2986
1503.0,2026-05-05T21:57:50.734463+00:00,74.2343,-0.2071,96.8512,0.0805,0.75,0.0,1500.0,0.0,6.2993
1503.5,2026-05-05T21:57:51.234544+00:00,74.3884,-0.1592,96.8856,0.0233,0.75,0.0,1500.0,0.0,6.2997
1504.000018,2026-05-05T21:57:51.734482+00:00,74.634,0.1322,96.4262,-0.0669,0.75,0.0,1500.0,0.0,6.2998
1504.5,2026-05-05T21:57:52.234548+00:00,74.441,0.038,96.4201,-0.1363,0.75,0.0,1500.0,0.0,6.2999
1505.0,2026-05-05T21:57:52.738922+00:00,74.2927,0.0292,96.5543,-0.1047,0.75,0.0,1500.0,0.0,6.2488
1505.5,2026-05-05T21:57:53.234416+00:00,74.306,-0.0412,96.5417,-0.0882,0.75,0.0,1500.0,0.0,6.275
1506.0,2026-05-05T21:57:53.734352+00:00,74.4434,-0.0953,96.4164,-0.1449,0.75,0.0,1500.0,0.0,6.2878
1506.5,2026-05-05T21:57:54.234333+00:00,74.5491,0.054,96.5514,-0.1114,0.75,0.0,1500.0,0.0,6.294
1507.0,2026-05-05T21:57:54.734458+00:00,74.6303,0.1688,96.7709,0.1149,0.75,0.0,1500.0,0.0,6.2971
1507.5,2026-05-05T21:57:55.238867+00:00,74.6927,0.1934,96.8239,0.1346,0.75,0.0,1500.0,0.0,6.2986
1508.0,2026-05-05T21:57:55.734377+00:00,74.7407,0.1486,96.8647,0.1035,0.75,0.0,1500.0,0.0,6.2993
1508.5,2026-05-05T21:57:56.234349+00:00,74.7775,0.1142,96.7803,0.0795,0.75,0.0,1500.0,0.0,6.2997
1509.0,2026-05-05T21:57:56.734564+00:00,74.8059,0.0878,96.6923,0.092,0.75,0.0,1500.0,0.0,6.2998
1509.5,2026-05-05T21:57:57.234538+00:00,74.7004,0.0038,96.8792,0.1093,0.75,0.0,1500.0,0.0,6.2999
1510.0,2026-05-05T21:57:57.742914+00:00,74.6193,-0.0607,96.6757,-0.0317,0.75,0.0,1500.0,0.0,6.2488
1510.5,2026-05-05T21:57:58.234472+00:00,74.6843,-0.0466,96.8433,0.0065,0.75,0.0,1500.0,0.0,6.275
1511.0,2026-05-05T21:57:58.734538+00:00,74.7342,-0.0358,96.7639,-0.0336,0.75,0.0,1500.0,0.0,6.2878
1511.5,2026-05-05T21:57:59.234339+00:00,74.7726,0.0361,96.7028,-0.0258,0.75,0.0,1500.0,0.0,6.294
1512.0,2026-05-05T21:57:59.734296+00:00,74.5475,-0.0359,96.8642,0.0573,0.75,0.0,1500.0,0.0,6.2459
1512.5,2026-05-05T21:58:00.242054+00:00,74.5018,-0.0912,96.8724,-0.0022,0.75,0.0,1500.0,0.0,6.2224
1513.0,2026-05-05T21:58:00.734340+00:00,74.4667,-0.1338,96.7863,0.0368,0.75,0.0,1500.0,0.0,6.3133
1513.5,2026-05-05T21:58:01.234295+00:00,74.4397,-0.1664,96.9514,0.036,0.75,0.0,1500.0,0.0,6.3577
1514.0,2026-05-05T21:58:01.734448+00:00,74.4189,-0.0643,97.1941,0.1434,0.75,0.0,1500.0,0.0,6.3794
1514.5,2026-05-05T21:58:02.234335+00:00,74.5302,0.0142,97.1492,0.1488,0.75,0.0,1500.0,0.0,6.3899
1515.0,2026-05-05T21:58:02.742350+00:00,74.8703,0.2018,97.1146,0.0835,0.75,0.0,1500.0,0.0,6.3439
1515.5,2026-05-05T21:58:03.239036+00:00,74.8772,0.2188,97.2038,0.1105,0.75,0.0,1500.0,0.0,6.3726
1516.0,2026-05-05T21:58:03.734342+00:00,75.0098,0.2954,96.9021,0.0386,0.75,0.0,1500.0,0.0,6.3354
1516.5,2026-05-05T21:58:04.234345+00:00,75.1116,0.2907,96.9248,-0.0089,0.75,0.0,1500.0,0.0,6.3173
1517.0,2026-05-05T21:58:04.734799+00:00,74.9354,0.0325,97.0579,-0.0454,0.75,0.0,1500.0,0.0,6.3084
1517.5,2026-05-05T21:58:05.241429+00:00,74.9272,0.025,96.9056,-0.0812,0.75,0.0,1500.0,0.0,6.3041
1518.0,2026-05-05T21:58:05.734318+00:00,74.9209,-0.0444,96.9043,-0.0701,0.75,0.0,1500.0,0.0,6.302
1518.5,2026-05-05T21:58:06.237213+00:00,74.9161,-0.0978,96.9265,-0.0924,0.75,0.0,1500.0,0.0,6.301
1519.0,2026-05-05T21:58:06.735329+00:00,74.9123,-0.0115,96.9435,0.0138,0.75,0.0,1500.0,0.0,6.3005
1519.5,2026-05-05T21:58:07.234363+00:00,74.7822,-0.0725,97.0723,0.0492,0.75,0.0,1500.0,0.0,6.3002
1520.000011,2026-05-05T21:58:07.741394+00:00,74.6822,-0.1193,97.1712,0.0378,0.75,0.0,1500.0,0.0,6.3001
1520.5,2026-05-05T21:58:08.234332+00:00,74.6053,-0.1554,97.2242,0.1062,0.75,0.0,1500.0,0.0,6.3513
1521.0,2026-05-05T21:58:08.734379+00:00,74.419,-0.2467,97.288,0.1279,0.75,0.0,1500.0,0.0,6.325
1521.5,2026-05-05T21:58:09.234335+00:00,74.5303,-0.126,96.99,0.0212,0.75,0.0,1500.0,0.0,6.3122
1522.0,2026-05-05T21:58:09.734319+00:00,74.4886,-0.0968,96.7377,-0.0686,0.75,0.0,1500.0,0.0,6.306
1522.5,2026-05-05T21:58:10.239735+00:00,74.4565,-0.0744,96.6827,-0.1298,0.75,0.0,1500.0,0.0,6.3029
1523.0,2026-05-05T21:58:10.734385+00:00,74.4319,0.0064,96.7561,-0.1384,0.75,0.0,1500.0,0.0,6.3014
1523.5,2026-05-05T21:58:11.234293+00:00,74.4129,-0.0587,96.9283,-0.0986,0.75,0.0,1500.0,0.0,6.3007
1524.0,2026-05-05T21:58:11.735938+00:00,74.3984,-0.0451,97.0606,-0.0758,0.75,0.0,1500.0,0.0,6.3003
1524.5,2026-05-05T21:58:12.234299+00:00,74.3872,-0.0347,96.9077,-0.0274,0.75,0.0,1500.0,0.0,6.3002
1525.0,2026-05-05T21:58:12.739415+00:00,74.6331,0.1006,97.0448,0.1023,0.75,0.0,1500.0,0.0,6.3001
1525.5,2026-05-05T21:58:13.235546+00:00,74.5676,0.0773,96.9187,0.0787,0.75,0.0,1500.0,0.0,6.3
1526.0,2026-05-05T21:58:13.734297+00:00,74.6445,0.1231,96.9144,0.0527,0.75,0.0,1500.0,0.0,6.3
1526.5,2026-05-05T21:58:14.234426+00:00,74.5764,0.0946,96.9342,0.002,0.75,0.0,1500.0,0.0,6.3
1527.0,2026-05-05T21:58:14.735724+00:00,74.6513,0.0091,97.042,-0.0062,0.75,0.0,1500.0,0.0,6.3
1527.5,2026-05-05T21:58:15.241139+00:00,74.5815,0.007,97.0323,0.0415,0.75,0.0,1500.0,0.0,6.3
1528.0,2026-05-05T21:58:15.734363+00:00,74.7825,0.069,97.0248,-0.0067,0.75,0.0,1500.0,0.0,6.3
1528.5,2026-05-05T21:58:16.235299+00:00,74.6824,0.053,97.0191,0.0335,0.75,0.0,1500.0,0.0,6.3
1529.0,2026-05-05T21:58:16.734361+00:00,74.7328,0.0408,97.0147,0.0334,0.75,0.0,1500.0,0.0,6.3
1529.5,2026-05-05T21:58:17.234556+00:00,74.7715,0.095,97.2427,0.1028,0.75,0.0,1500.0,0.0,6.3
1530.0,2026-05-05T21:58:17.741344+00:00,74.6739,-0.0543,97.3022,0.0867,0.75,0.0,1500.0,0.0,6.3
1530.5,2026-05-05T21:58:18.234311+00:00,74.7262,0.0219,97.2091,0.059,0.75,0.0,1500.0,0.0,6.3
1531.0,2026-05-05T21:58:18.734312+00:00,74.8937,0.0805,97.3921,0.1224,0.75,0.0,1500.0,0.0,6.3
1531.5,2026-05-05T21:58:19.234327+00:00,74.6406,-0.0654,97.1626,0.0478,0.75,0.0,1500.0,0.0,6.3
1532.0,2026-05-05T21:58:19.734349+00:00,74.7007,0.0134,97.3563,0.1139,0.75,0.0,1500.0,0.0,6.3
1532.5,2026-05-05T21:58:20.240748+00:00,74.8741,0.0739,97.3896,0.049,0.75,0.0,1500.0,0.0,6.3
1533.0,2026-05-05T21:58:20.734323+00:00,74.7528,-0.0705,97.1606,-0.0472,0.75,0.0,1500.0,0.0,6.3
1533.5,2026-05-05T21:58:21.234321+00:00,74.6596,0.0095,97.3548,0.0486,0.75,0.0,1500.0,0.0,6.3
1534.001395,2026-05-05T21:58:21.735739+00:00,74.5879,-0.0564,97.3884,-0.0012,0.75,0.0,1500.0,0.0,6.3
1534.5,2026-05-05T21:58:22.234314+00:00,74.5329,-0.1706,97.4142,0.0839,0.75,0.0,1500.0,0.0,6.3
1535.0,2026-05-05T21:58:22.741101+00:00,74.6178,-0.0675,97.4341,0.0259,0.75,0.0,1500.0,0.0,6.2488
1535.5,2026-05-05T21:58:23.234348+00:00,74.6831,0.0118,97.3336,-0.0186,0.75,0.0,1500.0,0.0,6.275
1536.0,2026-05-05T21:58:23.734316+00:00,74.4788,-0.0546,97.2564,0.0319,0.75,0.0,1500.0,0.0,6.2878
1536.5,2026-05-05T21:58:24.234343+00:00,74.3217,-0.1056,97.4285,0.0246,0.75,0.0,1500.0,0.0,6.294
1537.0,2026-05-05T21:58:24.734318+00:00,74.3283,-0.1448,97.3293,-0.0197,0.75,0.0,1500.0,0.0,6.2971
1537.5,2026-05-05T21:58:25.242494+00:00,74.3333,-0.1749,97.3688,-0.0151,0.75,0.0,1500.0,0.0,6.2986
1538.0,2026-05-05T21:58:25.734523+00:00,74.4644,-0.0072,97.3992,-0.0116,0.75,0.0,1500.0,0.0,6.2993
1538.5,2026-05-05T21:58:26.234328+00:00,74.3107,-0.0055,97.168,-0.0552,0.75,0.0,1500.0,0.0,6.2997
1539.0,2026-05-05T21:58:26.734330+00:00,74.3198,-0.0042,97.2448,-0.0039,0.75,0.0,1500.0,0.0,6.2998
1539.5,2026-05-05T21:58:27.234811+00:00,74.1995,-0.0669,97.1882,-0.0801,0.75,0.0,1500.0,0.0,6.2999
1540.0,2026-05-05T21:58:27.742396+00:00,74.3616,-0.0514,96.9364,-0.131,0.75,0.0,1500.0,0.0,6.2488
1540.5,2026-05-05T21:58:28.234331+00:00,74.3589,0.0241,97.0668,-0.1007,0.75,0.0,1500.0,0.0,6.275
1541.000654,2026-05-05T21:58:28.736155+00:00,74.2296,-0.0451,97.0513,-0.116,0.75,0.0,1500.0,0.0,6.2878
1541.5,2026-05-05T21:58:29.234321+00:00,74.3847,0.0926,97.1552,-0.0043,0.75,0.0,1500.0,0.0,6.294
1542.0,2026-05-05T21:58:29.734565+00:00,74.1221,-0.1197,97.1193,-0.0419,0.75,0.0,1500.0,0.0,6.2971
1542.5,2026-05-05T21:58:30.246022+00:00,74.1749,-0.092,96.8603,-0.1093,0.75,0.0,1500.0,0.0,6.2986
1543.0,2026-05-05T21:58:30.734374+00:00,74.3427,0.0565,96.8695,-0.0223,0.75,0.0,1500.0,0.0,6.2993
1543.5,2026-05-05T21:58:31.234297+00:00,74.4716,0.0435,96.8765,-0.0634,0.75,0.0,1500.0,0.0,6.2997
1544.0,2026-05-05T21:58:31.734387+00:00,74.5708,0.2243,96.9051,-0.0487,0.75,0.0,1500.0,0.0,6.2486
1544.5,2026-05-05T21:58:32.234325+00:00,74.5197,0.1724,97.0196,-0.0452,0.75,0.0,1500.0,0.0,6.2237
1545.000001,2026-05-05T21:58:32.741071+00:00,74.4804,0.0689,97.1308,0.0038,0.75,0.0,1500.0,0.0,6.2116
1545.5,2026-05-05T21:58:33.234325+00:00,74.4502,-0.0107,96.9848,0.0415,0.75,0.0,1500.0,0.0,6.2569
1546.0,2026-05-05T21:58:33.734296+00:00,74.6816,0.0554,97.0809,0.0705,0.75,0.0,1500.0,0.0,6.2789
1546.5,2026-05-05T21:58:34.234858+00:00,74.7321,0.1062,97.1779,0.1004,0.75,0.0,1500.0,0.0,6.2897
1547.0,2026-05-05T21:58:34.734305+00:00,74.6437,0.0816,96.9979,0.0309,0.75,0.0,1500.0,0.0,6.295
1547.5,2026-05-05T21:58:35.240836+00:00,74.5757,0.0628,96.9984,-0.0071,0.75,0.0,1500.0,0.0,6.2976
1548.0,2026-05-05T21:58:35.734336+00:00,74.6508,-0.0154,96.9987,-0.044,0.75,0.0,1500.0,0.0,6.2988
1548.5,2026-05-05T21:58:36.234955+00:00,74.4539,-0.1391,96.9759,-0.003,0.75,0.0,1500.0,0.0,6.2994
1549.0,2026-05-05T21:58:36.734322+00:00,74.4299,-0.1069,97.0972,0.0054,0.75,0.0,1500.0,0.0,6.2997
1549.503796,2026-05-05T21:58:37.238256+00:00,74.5387,-0.0185,96.959,-0.073,0.75,0.0,1500.0,0.0,6.2999
1550.0,2026-05-05T21:58:37.839268+00:00,74.495,-0.0779,97.061,0.0211,0.75,0.0,1500.0,0.0,6.2487
1550.5,2026-05-05T21:58:38.234313+00:00,74.3342,-0.0599,96.9312,-0.0224,0.75,0.0,1500.0,0.0,6.3262
1551.0,2026-05-05T21:58:38.735354+00:00,74.3378,-0.046,96.9471,-0.0172,0.75,0.0,1500.0,0.0,6.364
1551.5,2026-05-05T21:58:39.236096+00:00,74.3407,-0.099,96.9594,-0.0055,0.75,0.0,1500.0,0.0,6.3824
1552.0,2026-05-05T21:58:39.734570+00:00,74.3428,-0.0761,96.8531,-0.0814,0.75,0.0,1500.0,0.0,6.3914
1552.5,2026-05-05T21:58:40.241485+00:00,74.3445,0.0052,96.7714,-0.0625,0.75,0.0,1500.0,0.0,6.3958
1553.0,2026-05-05T21:58:40.734338+00:00,74.473,0.0676,96.7086,-0.1175,0.75,0.0,1500.0,0.0,6.3468
1553.5,2026-05-05T21:58:41.234497+00:00,74.3173,-0.0117,96.8917,-0.0132,0.75,0.0,1500.0,0.0,6.3228
1554.0,2026-05-05T21:58:41.734389+00:00,74.3249,-0.009,96.8011,-0.0487,0.75,0.0,1500.0,0.0,6.3111
1554.5,2026-05-05T21:58:42.234322+00:00,74.3307,-0.0069,96.824,-0.0451,0.75,0.0,1500.0,0.0,6.3054
1555.0,2026-05-05T21:58:42.739456+00:00,74.3351,-0.0689,96.8647,0.0039,0.75,0.0,1500.0,0.0,6.3027
1555.5,2026-05-05T21:58:43.234366+00:00,74.3386,0.0106,96.896,0.0415,0.75,0.0,1500.0,0.0,6.3525
1556.0,2026-05-05T21:58:43.734379+00:00,74.4685,0.0718,96.8044,0.0319,0.75,0.0,1500.0,0.0,6.3256
1556.5,2026-05-05T21:58:44.234544+00:00,74.4411,0.0552,97.081,0.0631,0.75,0.0,1500.0,0.0,6.3125
1557.0,2026-05-05T21:58:44.734353+00:00,74.42,0.0424,96.8309,0.0099,0.75,0.0,1500.0,0.0,6.3061
1557.5,2026-05-05T21:58:45.240558+00:00,74.4038,0.0326,96.7312,-0.0309,0.75,0.0,1500.0,0.0,6.303
1558.0,2026-05-05T21:58:45.734337+00:00,74.2641,-0.1022,96.6777,-0.0623,0.75,0.0,1500.0,0.0,6.3015
1558.5,2026-05-05T21:58:46.234343+00:00,74.1567,-0.1422,96.7523,-0.0479,0.75,0.0,1500.0,0.0,6.3007
1559.0,2026-05-05T21:58:46.734383+00:00,74.0742,-0.1729,96.8096,0.0017,0.75,0.0,1500.0,0.0,6.3003
1559.5,2026-05-05T21:58:47.234353+00:00,74.138,-0.1329,96.738,-0.1144,0.75,0.0,1500.0,0.0,6.3002
1560.0,2026-05-05T21:58:47.741267+00:00,74.187,-0.0385,96.6598,-0.057,0.75,0.0,1500.0,0.0,6.3001
1560.5,2026-05-05T21:58:48.234356+00:00,74.2248,0.034,96.7153,-0.0053,0.75,0.0,1500.0,0.0,6.3
1561.0,2026-05-05T21:58:48.734362+00:00,74.1265,0.0262,96.7812,0.0345,0.75,0.0,1500.0,0.0,6.3
1561.5,2026-05-05T21:58:49.234339+00:00,74.1782,0.0201,96.8318,0.0265,0.75,0.0,1500.0,0.0,6.3
1562.0,2026-05-05T21:58:49.734431+00:00,74.0907,-0.0482,96.7551,-0.0182,0.75,0.0,1500.0,0.0,6.3
1562.5,2026-05-05T21:58:50.242663+00:00,74.1507,-0.037,96.9274,0.0632,0.75,0.0,1500.0,0.0,6.3
1563.0,2026-05-05T21:58:50.734310+00:00,74.0695,-0.0285,96.9211,0.0871,0.75,0.0,1500.0,0.0,6.2488
1563.5,2026-05-05T21:58:51.234366+00:00,74.0072,-0.0855,96.8236,0.0361,0.75,0.0,1500.0,0.0,6.2238
1564.0,2026-05-05T21:58:51.734800+00:00,74.0865,-0.0021,96.9802,0.0663,0.75,0.0,1500.0,0.0,6.2116
1564.5,2026-05-05T21:58:52.234303+00:00,74.1475,-0.0016,96.9847,0.051,0.75,0.0,1500.0,0.0,6.2057
1565.0,2026-05-05T21:58:52.739274+00:00,74.3216,0.126,96.9883,0.0777,0.75,0.0,1500.0,0.0,6.2028
1565.5,2026-05-05T21:58:53.235331+00:00,74.3282,0.1605,97.1067,0.0598,0.75,0.0,1500.0,0.0,6.2526
1566.0,2026-05-05T21:58:53.734358+00:00,74.206,0.0597,96.9432,0.0074,0.75,0.0,1500.0,0.0,6.2768
1566.5,2026-05-05T21:58:54.234339+00:00,74.3666,0.1095,96.9332,0.0365,0.75,0.0,1500.0,0.0,6.2887
1567.0,2026-05-05T21:58:54.734463+00:00,74.2355,-0.0431,96.9486,-0.0105,0.75,0.0,1500.0,0.0,6.2945
1567.5,2026-05-05T21:58:55.240974+00:00,74.3892,0.0305,96.9605,-0.0081,0.75,0.0,1500.0,0.0,6.2973
1568.0,2026-05-05T21:58:55.734324+00:00,74.2529,0.0235,97.0854,0.0324,0.75,0.0,1500.0,0.0,6.2475
1568.5,2026-05-05T21:58:56.235160+00:00,74.2754,-0.0456,96.9499,-0.0523,0.75,0.0,1500.0,0.0,6.2232
1569.0,2026-05-05T21:58:56.734324+00:00,74.4199,0.0922,96.8227,-0.0402,0.75,0.0,1500.0,0.0,6.2113
1569.5,2026-05-05T21:58:57.234524+00:00,74.4037,0.0072,96.8637,-0.0232,0.75,0.0,1500.0,0.0,6.2055
1570.0,2026-05-05T21:58:57.740168+00:00,74.3913,0.0692,96.7795,-0.0564,0.75,0.0,1500.0,0.0,6.2027
1570.5,2026-05-05T21:58:58.234326+00:00,74.509,0.1168,96.738,-0.0742,0.75,0.0,1500.0,0.0,6.2525
1571.0,2026-05-05T21:58:58.734332+00:00,74.5995,0.0898,96.6829,-0.1341,0.75,0.0,1500.0,0.0,6.2768
1571.5,2026-05-05T21:58:59.234442+00:00,74.5418,0.069,96.7563,-0.0645,0.75,0.0,1500.0,0.0,6.2887
1572.0,2026-05-05T21:58:59.734333+00:00,74.3701,-0.0106,96.5813,-0.0805,0.75,0.0,1500.0,0.0,6.2945
1572.5,2026-05-05T21:59:00.242425+00:00,74.3655,-0.0718,96.7939,-0.0233,0.75,0.0,1500.0,0.0,6.2973
1573.0,2026-05-05T21:59:00.734536+00:00,74.4892,-0.0552,96.9573,0.0592,0.75,0.0,1500.0,0.0,6.2987
1573.5,2026-05-05T21:59:01.234332+00:00,74.5842,0.0212,96.944,0.0687,0.75,0.0,1500.0,0.0,6.2994
1574.0,2026-05-05T21:59:01.734305+00:00,74.4028,0.0163,97.0727,0.1299,0.75,0.0,1500.0,0.0,6.2997
1574.5,2026-05-05T21:59:02.234341+00:00,74.136,-0.1147,97.0559,0.0999,0.75,0.0,1500.0,0.0,6.2998
1575.0,2026-05-05T21:59:02.742792+00:00,74.1855,-0.1518,97.0429,0.1539,0.75,0.0,1500.0,0.0,6.2487
1575.5,2026-05-05T21:59:03.234343+00:00,74.3509,-0.1167,97.1487,0.1183,0.75,0.0,1500.0,0.0,6.275
1576.0,2026-05-05T21:59:03.734344+00:00,74.4779,0.0376,96.9754,0.0061,0.75,0.0,1500.0,0.0,6.2878
1576.5,2026-05-05T21:59:04.234302+00:00,74.5756,0.2198,97.0968,0.0509,0.75,0.0,1500.0,0.0,6.294
1577.0,2026-05-05T21:59:04.735203+00:00,74.6507,0.2326,97.167,0.0314,0.75,0.0,1500.0,0.0,6.2971
1577.5,2026-05-05T21:59:05.239969+00:00,74.4538,0.0515,97.1283,0.0242,0.75,0.0,1500.0,0.0,6.2986
1578.0,2026-05-05T21:59:05.734429+00:00,74.4298,-0.0241,96.9598,-0.0277,0.75,0.0,1500.0,0.0,6.2993
1578.5,2026-05-05T21:59:06.235197+00:00,74.4113,-0.0821,97.0848,-0.0213,0.75,0.0,1500.0,0.0,6.2997
1579.0,2026-05-05T21:59:06.734362+00:00,74.2699,-0.1904,97.0652,0.0299,0.75,0.0,1500.0,0.0,6.2998
1579.5,2026-05-05T21:59:07.234332+00:00,74.543,0.0446,97.1658,0.023,0.75,0.0,1500.0,0.0,6.2999
1580.0,2026-05-05T21:59:07.743956+00:00,74.6256,0.0979,97.2431,0.0254,0.75,0.0,1500.0,0.0,6.2488
1580.5,2026-05-05T21:59:08.234312+00:00,74.6891,0.1389,97.1637,0.0118,0.75,0.0,1500.0,0.0,6.275
1581.0,2026-05-05T21:59:08.734327+00:00,74.7379,0.234,97.1027,0.0476,0.75,0.0,1500.0,0.0,6.2878
1581.5,2026-05-05T21:59:09.234346+00:00,74.6481,0.0526,97.0558,-0.0097,0.75,0.0,1500.0,0.0,6.294
1582.0,2026-05-05T21:59:09.734306+00:00,74.7064,0.0404,97.1354,0.0234,0.75,0.0,1500.0,0.0,6.2971
1582.5,2026-05-05T21:59:10.238973+00:00,74.6239,-0.0326,96.8727,-0.0977,0.75,0.0,1500.0,0.0,6.2986
1583.000859,2026-05-05T21:59:10.735211+00:00,74.5605,-0.0887,96.7865,-0.1522,0.75,0.0,1500.0,0.0,6.2993
1583.5,2026-05-05T21:59:11.234345+00:00,74.5118,-0.0681,96.697,-0.1556,0.75,0.0,1500.0,0.0,6.2997
1584.0,2026-05-05T21:59:11.734325+00:00,74.3471,-0.1796,96.7671,-0.1119,0.75,0.0,1500.0,0.0,6.2998
1584.5,2026-05-05T21:59:12.234348+00:00,74.475,-0.0744,96.3351,-0.2402,0.75,0.0,1500.0,0.0,6.2999
1585.0,2026-05-05T21:59:12.738544+00:00,74.3188,-0.1209,96.1418,-0.3312,0.75,0.0,1500.0,0.0,6.2488
1585.5,2026-05-05T21:59:13.234326+00:00,74.1988,-0.1565,96.3404,-0.1774,0.75,0.0,1500.0,0.0,6.275
1586.0,2026-05-05T21:59:13.734438+00:00,74.361,0.007,96.3773,-0.1364,0.75,0.0,1500.0,0.0,6.2878
1586.5,2026-05-05T21:59:14.234303+00:00,74.4858,0.0054,95.9429,-0.2514,0.75,0.0,1500.0,0.0,6.294
1587.0,2026-05-05T21:59:14.734389+00:00,74.4543,0.0678,96.1875,-0.1932,0.75,0.0,1500.0,0.0,6.2971
1587.5,2026-05-05T21:59:15.239231+00:00,74.4302,0.1157,96.4912,0.0521,0.75,0.0,1500.0,0.0,6.2986
1588.0,2026-05-05T21:59:15.734325+00:00,74.4116,0.0253,96.5164,0.1249,0.75,0.0,1500.0,0.0,6.2993
1588.5,2026-05-05T21:59:16.235818+00:00,74.5246,0.0194,96.8597,0.1731,0.75,0.0,1500.0,0.0,6.2997
1589.001329,2026-05-05T21:59:16.735692+00:00,74.6115,0.0786,96.8922,0.1716,0.75,0.0,1500.0,0.0,6.2998
1589.5,2026-05-05T21:59:17.234496+00:00,74.6783,0.124,97.0328,0.3633,0.75,0.0,1500.0,0.0,6.2999
1590.0,2026-05-05T21:59:17.739255+00:00,74.6023,0.0953,97.1409,0.3178,0.75,0.0,1500.0,0.0,6.3
1590.5,2026-05-05T21:59:18.234365+00:00,74.5439,0.0096,96.8769,0.1286,0.75,0.0,1500.0,0.0,6.3
1591.0,2026-05-05T21:59:18.734342+00:00,74.6263,0.0074,96.7897,0.0911,0.75,0.0,1500.0,0.0,6.3
1591.5,2026-05-05T21:59:19.234322+00:00,74.5624,-0.0579,96.7227,-0.0457,0.75,0.0,1500.0,0.0,6.3
1592.0,2026-05-05T21:59:19.736222+00:00,74.386,-0.1082,96.4397,-0.1508,0.75,0.0,1500.0,0.0,6.3
1592.5,2026-05-05T21:59:20.240490+00:00,74.5049,-0.0195,96.4537,-0.193,0.75,0.0,1500.0,0.0,6.3
1593.0,2026-05-05T21:59:20.734327+00:00,74.4691,-0.0786,96.3487,-0.2641,0.75,0.0,1500.0,0.0,6.3
1593.500591,2026-05-05T21:59:21.235551+00:00,74.3142,-0.1241,96.4994,-0.1258,0.75,0.0,1500.0,0.0,6.3
1594.0,2026-05-05T21:59:21.734322+00:00,74.4498,0.0319,96.5921,-0.0659,0.75,0.0,1500.0,0.0,6.3
1594.5,2026-05-05T21:59:22.234334+00:00,74.4267,-0.0391,96.8022,0.0265,0.75,0.0,1500.0,0.0,6.3
1595.0,2026-05-05T21:59:22.740751+00:00,74.5362,0.0336,96.9637,0.1746,0.75,0.0,1500.0,0.0,6.2488
1595.5,2026-05-05T21:59:23.234456+00:00,74.6204,0.1531,97.0878,0.2114,0.75,0.0,1500.0,0.0,6.275
1596.0,2026-05-05T21:59:23.734392+00:00,74.6851,0.1177,97.0443,0.2319,0.75,0.0,1500.0,0.0,6.2878
1596.5,2026-05-05T21:59:24.234427+00:00,74.4803,0.0268,96.7795,0.0934,0.75,0.0,1500.0,0.0,6.294
1597.0,2026-05-05T21:59:24.734336+00:00,74.3229,-0.1067,96.8305,0.0795,0.75,0.0,1500.0,0.0,6.2971
1597.5,2026-05-05T21:59:25.241619+00:00,74.4564,-0.082,96.6384,-0.0546,0.75,0.0,1500.0,0.0,6.2986
1598.0,2026-05-05T21:59:25.734353+00:00,74.5591,-0.063,96.4675,-0.1654,0.75,0.0,1500.0,0.0,6.2481
1598.5,2026-05-05T21:59:26.234293+00:00,74.638,0.0788,96.7064,-0.1271,0.75,0.0,1500.0,0.0,6.2235
1599.0,2026-05-05T21:59:26.734511+00:00,74.6986,0.1879,96.6587,-0.1286,0.75,0.0,1500.0,0.0,6.2115
1599.5,2026-05-05T21:59:27.234319+00:00,74.6179,0.0808,96.6219,-0.0525,0.75,0.0,1500.0,0.0,6.2056
1600.0,2026-05-05T21:59:27.738851+00:00,74.5559,-0.0016,96.802,-0.0095,0.75,0.0,1500.0,0.0,6.2027
1600.5,2026-05-05T21:59:28.234372+00:00,74.6355,-0.0012,96.7321,0.0312,0.75,0.0,1500.0,0.0,6.2525
1601.0,2026-05-05T21:59:28.734323+00:00,74.6967,-0.0009,96.6784,0.0703,0.75,0.0,1500.0,0.0,6.2768
1601.5,2026-05-05T21:59:29.234534+00:00,74.6165,-0.0007,96.7528,0.0155,0.75,0.0,1500.0,0.0,6.2887
1602.0,2026-05-05T21:59:29.734357+00:00,74.6821,0.0631,96.81,0.0505,0.75,0.0,1500.0,0.0,6.2945
1602.5,2026-05-05T21:59:30.239346+00:00,74.6053,-0.0151,96.5994,-0.0075,0.75,0.0,1500.0,0.0,6.2973
1603.0,2026-05-05T21:59:30.734415+00:00,74.4189,-0.1389,96.5764,-0.0752,0.75,0.0,1500.0,0.0,6.2987
1603.5,2026-05-05T21:59:31.234458+00:00,74.403,-0.1068,96.6744,-0.0192,0.75,0.0,1500.0,0.0,6.2994
1604.0,2026-05-05T21:59:31.734326+00:00,74.518,-0.0821,96.6572,-0.0071,0.75,0.0,1500.0,0.0,6.2997
1604.5,2026-05-05T21:59:32.234303+00:00,74.6064,0.0006,96.7365,-0.0054,0.75,0.0,1500.0,0.0,6.2998
1605.0,2026-05-05T21:59:32.741241+00:00,74.6743,0.1277,96.7975,-0.0042,0.75,0.0,1500.0,0.0,6.2487
1605.5,2026-05-05T21:59:33.234340+00:00,74.7265,0.1618,96.8444,0.0816,0.75,0.0,1500.0,0.0,6.275
1606.0,2026-05-05T21:59:33.734364+00:00,74.5121,-0.0029,96.9961,0.1399,0.75,0.0,1500.0,0.0,6.2878
1606.5,2026-05-05T21:59:34.234434+00:00,74.3474,-0.1295,97.2284,0.1846,0.75,0.0,1500.0,0.0,6.294
1607.0,2026-05-05T21:59:34.734327+00:00,74.348,-0.1632,97.1755,0.1728,0.75,0.0,1500.0,0.0,6.2971
1607.5,2026-05-05T21:59:35.241160+00:00,74.0939,-0.3163,97.2506,0.1714,0.75,0.0,1500.0,0.0,6.2986
1608.0,2026-05-05T21:59:35.734362+00:00,74.0259,-0.2431,97.2158,0.1394,0.75,0.0,1500.0,0.0,6.2993
1608.5,2026-05-05T21:59:36.234550+00:00,74.2282,-0.0596,97.2815,0.1457,0.75,0.0,1500.0,0.0,6.2997
1609.0,2026-05-05T21:59:36.736188+00:00,74.3836,0.0178,97.3321,0.112,0.75,0.0,1500.0,0.0,6.2486
1609.5,2026-05-05T21:59:37.235177+00:00,74.3758,0.141,97.2552,0.009,0.75,0.0,1500.0,0.0,6.2237
1610.0,2026-05-05T21:59:37.739008+00:00,74.4971,0.2356,97.1962,0.0069,0.75,0.0,1500.0,0.0,6.2116
1610.5,2026-05-05T21:59:38.234966+00:00,74.5904,0.1811,97.2665,0.0053,0.75,0.0,1500.0,0.0,6.2569
1611.0,2026-05-05T21:59:38.734330+00:00,74.7893,0.2028,97.1817,-0.0114,0.75,0.0,1500.0,0.0,6.2789
1611.5,2026-05-05T21:59:39.234331+00:00,74.4331,0.0286,97.2553,-0.0087,0.75,0.0,1500.0,0.0,6.2897
1612.0,2026-05-05T21:59:39.734375+00:00,74.4139,-0.0416,97.1963,-0.0453,0.75,0.0,1500.0,0.0,6.295
1612.5,2026-05-05T21:59:40.239409+00:00,74.5264,-0.032,97.1277,-0.0425,0.75,0.0,1500.0,0.0,6.2976
1613.0,2026-05-05T21:59:40.734521+00:00,74.4855,-0.1519,97.075,-0.0404,0.75,0.0,1500.0,0.0,6.2988
1613.5,2026-05-05T21:59:41.234336+00:00,74.4542,0.0105,96.9651,-0.1005,0.75,0.0,1500.0,0.0,6.2994
1614.0,2026-05-05T21:59:41.734325+00:00,74.4301,0.0081,97.2046,0.0076,0.75,0.0,1500.0,0.0,6.2997
1614.5,2026-05-05T21:59:42.234552+00:00,74.4115,-0.0574,97.2729,0.0059,0.75,0.0,1500.0,0.0,6.2999
1615.0,2026-05-05T21:59:42.747535+00:00,74.5246,0.0195,97.0709,-0.0418,0.75,0.0,1500.0,0.0,6.2487
1615.5,2026-05-05T21:59:43.234294+00:00,74.4842,0.015,97.1702,0.0142,0.75,0.0,1500.0,0.0,6.275
1616.0,2026-05-05T21:59:43.734316+00:00,74.4531,0.0115,97.3622,0.0957,0.75,0.0,1500.0,0.0,6.2878
1616.5,2026-05-05T21:59:44.234333+00:00,74.5565,0.0725,97.2784,0.1044,0.75,0.0,1500.0,0.0,6.294
1617.0,2026-05-05T21:59:44.734690+00:00,74.5087,-0.0079,97.4454,0.0803,0.75,0.0,1500.0,0.0,6.2971
1617.5,2026-05-05T21:59:45.243296+00:00,74.472,-0.0061,97.458,0.0617,0.75,0.0,1500.0,0.0,6.2986
1618.0,2026-05-05T21:59:45.734538+00:00,74.571,0.059,97.4677,0.1323,0.75,0.0,1500.0,0.0,6.2993
1618.5,2026-05-05T21:59:46.234335+00:00,74.6472,0.0453,97.3595,0.0631,0.75,0.0,1500.0,0.0,6.2997
1619.0,2026-05-05T21:59:46.734345+00:00,74.7057,0.0985,97.1375,-0.0749,0.75,0.0,1500.0,0.0,6.2998
1619.5,2026-05-05T21:59:47.234473+00:00,74.7506,0.1393,97.1057,-0.0576,0.75,0.0,1500.0,0.0,6.2999
1620.0,2026-05-05T21:59:47.739107+00:00,74.6579,0.0434,96.9424,-0.1677,0.75,0.0,1500.0,0.0,6.2488
1620.5,2026-05-05T21:59:48.234346+00:00,74.5867,-0.0302,96.7243,-0.2446,0.75,0.0,1500.0,0.0,6.275
1621.0,2026-05-05T21:59:48.734314+00:00,74.6592,-0.0232,96.6724,-0.2651,0.75,0.0,1500.0,0.0,6.2878
1621.5,2026-05-05T21:59:49.234377+00:00,74.7149,-0.0179,96.8639,-0.1652,0.75,0.0,1500.0,0.0,6.294
1622.0,2026-05-05T21:59:49.734349+00:00,74.3759,-0.141,97.0111,-0.0421,0.75,0.0,1500.0,0.0,6.2971
1622.5,2026-05-05T21:59:50.239767+00:00,74.3699,-0.1084,97.1242,0.0062,0.75,0.0,1500.0,0.0,6.2986
1623.0,2026-05-05T21:59:50.734535+00:00,74.3653,-0.1469,97.2112,0.0896,0.75,0.0,1500.0,0.0,6.2993
1623.5,2026-05-05T21:59:51.234400+00:00,74.2345,-0.2402,97.1623,0.146,0.75,0.0,1500.0,0.0,6.2997
1624.0,2026-05-05T21:59:51.734325+00:00,74.3885,0.0063,97.2405,0.1894,0.75,0.0,1500.0,0.0,6.2998
1624.5,2026-05-05T21:59:52.234310+00:00,74.3796,0.0048,97.3005,0.1455,0.75,0.0,1500.0,0.0,6.2999
1625.0,2026-05-05T21:59:52.738627+00:00,74.3727,0.0037,97.0921,0.027,0.75,0.0,1500.0,0.0,6.2488
1625.5,2026-05-05T21:59:53.234492+00:00,74.2402,0.0029,96.9551,-0.0564,0.75,0.0,1500.0,0.0,6.275
1626.0,2026-05-05T21:59:53.734745+00:00,74.3929,0.0022,96.9424,-0.0896,0.75,0.0,1500.0,0.0,6.2878
1626.5,2026-05-05T21:59:54.234308+00:00,74.2557,-0.0619,96.84,-0.1074,0.75,0.0,1500.0,0.0,6.294
1627.0,2026-05-05T21:59:54.734564+00:00,74.4048,0.016,96.9927,-0.0826,0.75,0.0,1500.0,0.0,6.2971
1627.5,2026-05-05T21:59:55.243955+00:00,74.3921,0.0759,97.0175,-0.0943,0.75,0.0,1500.0,0.0,6.2986
1628.0,2026-05-05T21:59:55.734491+00:00,74.3824,-0.0053,96.8978,-0.0648,0.75,0.0,1500.0,0.0,6.2993
1628.5,2026-05-05T21:59:56.234341+00:00,74.5021,0.1232,96.9214,-0.0112,0.75,0.0,1500.0,0.0,6.2997
1629.0,2026-05-05T21:59:56.734563+00:00,74.5942,0.0947,96.7082,-0.078,0.75,0.0,1500.0,0.0,6.2486
1629.5,2026-05-05T21:59:57.234320+00:00,74.5377,0.0728,96.4055,-0.1448,0.75,0.0,1500.0,0.0,6.2237
1630.0,2026-05-05T21:59:57.742435+00:00,74.4943,0.056,96.4274,-0.1885,0.75,0.0,1500.0,0.0,6.2116
1630.5,2026-05-05T21:59:58.235564+00:00,74.5882,0.043,96.5599,-0.1526,0.75,0.0,1500.0,0.0,6.2569
1631.0,2026-05-05T21:59:58.734313+00:00,74.533,-0.0306,96.3146,-0.1944,0.75,0.0,1500.0,0.0,6.2789
1631.5,2026-05-05T21:59:59.234508+00:00,74.3634,-0.0871,96.5658,-0.1186,0.75,0.0,1500.0,0.0,6.2897
1632.0,2026-05-05T21:59:59.735813+00:00,74.3603,-0.067,96.5506,-0.0526,0.75,0.0,1500.0,0.0,6.2438
1632.5,2026-05-05T22:00:00.239235+00:00,74.4852,-0.0515,96.5389,0.0445,0.75,0.0,1500.0,0.0,6.2214
1633.0,2026-05-05T22:00:00.734311+00:00,74.4539,-0.0396,96.4142,-0.0044,0.75,0.0,1500.0,0.0,6.2616
1633.5,2026-05-05T22:00:01.234540+00:00,74.6844,0.1605,96.3183,-0.0805,0.75,0.0,1500.0,0.0,6.2813
1634.0,2026-05-05T22:00:01.734350+00:00,74.607,0.1234,96.2215,-0.031,0.75,0.0,1500.0,0.0,6.2909
1634.5,2026-05-05T22:00:02.234352+00:00,74.6748,0.0948,96.286,-0.0933,0.75,0.0,1500.0,0.0,6.2955
1635.0,2026-05-05T22:00:02.741466+00:00,74.7269,0.1365,96.4281,-0.0408,0.75,0.0,1500.0,0.0,6.2978
1635.5,2026-05-05T22:00:03.234380+00:00,74.6397,-0.0224,96.2133,-0.1085,0.75,0.0,1500.0,0.0,6.2989
1636.0,2026-05-05T22:00:03.734337+00:00,74.6999,0.0465,96.1408,-0.0911,0.75,0.0,1500.0,0.0,6.2995
1636.5,2026-05-05T22:00:04.234333+00:00,74.7462,0.0357,96.3396,0.0071,0.75,0.0,1500.0,0.0,6.2997
1637.0,2026-05-05T22:00:04.735061+00:00,74.7818,0.0274,96.261,0.0132,0.75,0.0,1500.0,0.0,6.2999
1637.5,2026-05-05T22:00:05.243452+00:00,74.6819,0.0211,96.3163,0.0101,0.75,0.0,1500.0,0.0,6.2999
1638.0,2026-05-05T22:00:05.734374+00:00,74.7324,0.0162,96.22,-0.0694,0.75,0.0,1500.0,0.0,6.3
1638.5,2026-05-05T22:00:06.234321+00:00,74.5166,-0.1148,96.2616,0.0161,0.75,0.0,1500.0,0.0,6.3
1639.0,2026-05-05T22:00:06.734330+00:00,74.6053,-0.0882,96.178,0.0124,0.75,0.0,1500.0,0.0,6.3
1639.5,2026-05-05T22:00:07.234419+00:00,74.6735,-0.0042,96.4607,0.0404,0.75,0.0,1500.0,0.0,6.3
1640.0,2026-05-05T22:00:07.743302+00:00,74.5987,-0.0669,96.331,0.0233,0.75,0.0,1500.0,0.0,6.3
1640.5,2026-05-05T22:00:08.234339+00:00,74.5411,0.0123,96.1387,-0.0592,0.75,0.0,1500.0,0.0,6.3
1641.0,2026-05-05T22:00:08.734313+00:00,74.4969,-0.0542,96.2223,0.0008,0.75,0.0,1500.0,0.0,6.3
1641.5,2026-05-05T22:00:09.234714+00:00,74.5902,-0.0417,96.1709,-0.0303,0.75,0.0,1500.0,0.0,6.3
1642.0,2026-05-05T22:00:09.734359+00:00,74.5346,-0.032,96.247,0.023,0.75,0.0,1500.0,0.0,6.3
1642.5,2026-05-05T22:00:10.238958+00:00,74.6191,0.039,96.4213,-0.0132,0.75,0.0,1500.0,0.0,6.3
1643.0,2026-05-05T22:00:10.734344+00:00,74.5569,0.03,96.5552,0.0747,0.75,0.0,1500.0,0.0,6.3
1643.5,2026-05-05T22:00:11.234386+00:00,74.509,-0.0406,96.4267,0.096,0.75,0.0,1500.0,0.0,6.3
1644.0,2026-05-05T22:00:11.734350+00:00,74.4722,-0.0312,96.5594,0.1124,0.75,0.0,1500.0,0.0,6.3
1644.5,2026-05-05T22:00:12.235683+00:00,74.4439,-0.0876,96.777,0.2021,0.75,0.0,1500.0,0.0,6.3
1645.0,2026-05-05T22:00:12.741012+00:00,74.6767,0.0599,96.8286,0.1939,0.75,0.0,1500.0,0.0,6.3
1645.5,2026-05-05T22:00:13.234444+00:00,74.6011,0.0461,96.984,0.1876,0.75,0.0,1500.0,0.0,6.3
1646.0,2026-05-05T22:00:13.734521+00:00,74.6703,0.099,97.1034,0.1827,0.75,0.0,1500.0,0.0,6.3
1646.5,2026-05-05T22:00:14.234338+00:00,74.978,0.267,97.0795,0.2176,0.75,0.0,1500.0,0.0,6.3
1647.0,2026-05-05T22:00:14.734689+00:00,74.9599,0.1416,97.0611,0.1672,0.75,0.0,1500.0,0.0,6.3
1647.5,2026-05-05T22:00:15.245627+00:00,74.8188,0.1088,97.0469,0.09,0.75,0.0,1500.0,0.0,6.3
1648.0,2026-05-05T22:00:15.734340+00:00,74.7103,0.02,96.8972,0.0229,0.75,0.0,1500.0,0.0,6.2488
1648.5,2026-05-05T22:00:16.234313+00:00,74.7542,-0.1119,96.8979,-0.0287,0.75,0.0,1500.0,0.0,6.2238
1649.0,2026-05-05T22:00:16.735174+00:00,74.7879,-0.086,96.8058,-0.0992,0.75,0.0,1500.0,0.0,6.2116
1649.5,2026-05-05T22:00:17.234307+00:00,74.6866,-0.0661,96.7119,-0.1225,0.75,0.0,1500.0,0.0,6.2057
1650.0,2026-05-05T22:00:17.741762+00:00,74.736,0.0128,96.6629,-0.1327,0.75,0.0,1500.0,0.0,6.2028
1650.5,2026-05-05T22:00:18.234361+00:00,74.9012,0.0735,96.5095,-0.1792,0.75,0.0,1500.0,0.0,6.2526
1651.0,2026-05-05T22:00:18.734387+00:00,74.6464,-0.0708,96.623,-0.0914,0.75,0.0,1500.0,0.0,6.2768
1651.5,2026-05-05T22:00:19.234375+00:00,74.7051,0.0092,96.4557,-0.1474,0.75,0.0,1500.0,0.0,6.2887
1652.0,2026-05-05T22:00:19.734425+00:00,74.6229,-0.0565,96.4659,-0.1133,0.75,0.0,1500.0,0.0,6.2945
1652.5,2026-05-05T22:00:20.240527+00:00,74.4325,-0.2344,96.3581,-0.1179,0.75,0.0,1500.0,0.0,6.2973
1653.0,2026-05-05T22:00:20.734491+00:00,74.4134,-0.1165,96.5067,-0.0521,0.75,0.0,1500.0,0.0,6.2987
1653.5,2026-05-05T22:00:21.234469+00:00,74.3987,-0.1532,96.3894,-0.04,0.75,0.0,1500.0,0.0,6.2994
1654.0,2026-05-05T22:00:21.734333+00:00,74.5147,-0.0541,96.3919,-0.077,0.75,0.0,1500.0,0.0,6.2997
1654.5,2026-05-05T22:00:22.234312+00:00,74.4766,0.0221,96.5326,0.0256,0.75,0.0,1500.0,0.0,6.2998
1655.0,2026-05-05T22:00:22.739827+00:00,74.5746,0.0806,96.4093,-0.0189,0.75,0.0,1500.0,0.0,6.2487
1655.5,2026-05-05T22:00:23.234383+00:00,74.5226,0.0619,96.4072,0.0164,0.75,0.0,1500.0,0.0,6.275
1656.0,2026-05-05T22:00:23.734438+00:00,74.6099,0.0476,96.5444,0.0126,0.75,0.0,1500.0,0.0,6.2878
1656.5,2026-05-05T22:00:24.235753+00:00,74.6771,0.1002,96.7424,0.1176,0.75,0.0,1500.0,0.0,6.294
1657.0,2026-05-05T22:00:24.734326+00:00,74.6014,0.0134,96.5706,0.0596,0.75,0.0,1500.0,0.0,6.2971
1657.5,2026-05-05T22:00:25.240052+00:00,74.6705,0.0739,96.7856,0.0844,0.75,0.0,1500.0,0.0,6.2986
1658.0,2026-05-05T22:00:25.734410+00:00,74.7236,0.0568,96.7195,0.1034,0.75,0.0,1500.0,0.0,6.2993
1658.5,2026-05-05T22:00:26.234327+00:00,74.6371,-0.02,96.6456,0.0795,0.75,0.0,1500.0,0.0,6.2997
1659.0,2026-05-05T22:00:26.734331+00:00,74.4434,-0.079,96.959,0.1382,0.75,0.0,1500.0,0.0,6.2998
1659.5,2026-05-05T22:00:27.234348+00:00,74.5491,-0.0607,97.0842,0.1139,0.75,0.0,1500.0,0.0,6.2999
1660.0,2026-05-05T22:00:27.740261+00:00,74.6303,-0.0467,96.8102,0.0799,0.75,0.0,1500.0,0.0,6.2488
1660.5,2026-05-05T22:00:28.234312+00:00,74.6927,0.0278,96.8541,0.0228,0.75,0.0,1500.0,0.0,6.275
1661.000001,2026-05-05T22:00:28.740327+00:00,74.7407,0.1486,96.8879,0.0561,0.75,0.0,1500.0,0.0,6.2878
1661.5,2026-05-05T22:00:29.234332+00:00,74.7775,0.1142,96.9138,0.0894,0.75,0.0,1500.0,0.0,6.294
1662.0,2026-05-05T22:00:29.735011+00:00,74.8059,0.0878,96.8412,-0.0393,0.75,0.0,1500.0,0.0,6.2971
1662.5,2026-05-05T22:00:30.245555+00:00,74.5731,-0.0598,96.8779,-0.0688,0.75,0.0,1500.0,0.0,6.2986
1663.0,2026-05-05T22:00:30.734330+00:00,74.6488,-0.046,96.9062,0.032,0.75,0.0,1500.0,0.0,6.2993
1663.5,2026-05-05T22:00:31.234513+00:00,74.5796,-0.099,97.0436,0.0632,0.75,0.0,1500.0,0.0,6.2997
1664.0,2026-05-05T22:00:31.734939+00:00,74.6538,-0.0761,96.8021,-0.0286,0.75,0.0,1500.0,0.0,6.2998
1664.5,2026-05-05T22:00:32.234403+00:00,74.4562,-0.0585,96.8248,-0.0297,0.75,0.0,1500.0,0.0,6.2999
1665.0,2026-05-05T22:00:32.744931+00:00,74.6862,0.0187,96.7265,-0.0382,0.75,0.0,1500.0,0.0,6.3
1665.5,2026-05-05T22:00:33.234799+00:00,74.9902,0.2053,96.6741,-0.068,0.75,0.0,1500.0,0.0,6.3
1666.0,2026-05-05T22:00:33.734297+00:00,74.842,0.0941,96.4255,-0.1602,0.75,0.0,1500.0,0.0,6.3
1666.5,2026-05-05T22:00:34.234414+00:00,74.7282,0.136,96.4428,-0.2003,0.75,0.0,1500.0,0.0,6.3
1667.0,2026-05-05T22:00:34.734747+00:00,74.8952,0.1045,96.456,-0.1154,0.75,0.0,1500.0,0.0,6.3
1667.5,2026-05-05T22:00:35.241008+00:00,74.8963,-0.0469,96.5819,-0.081,0.75,0.0,1500.0,0.0,6.3
1668.0,2026-05-05T22:00:35.734379+00:00,74.8972,0.0276,96.7943,0.0226,0.75,0.0,1500.0,0.0,6.3
1668.5,2026-05-05T22:00:36.234530+00:00,74.7706,0.0212,96.8419,0.056,0.75,0.0,1500.0,0.0,6.3
1669.0,2026-05-05T22:00:36.734299+00:00,74.9278,0.0163,96.7628,0.1124,0.75,0.0,1500.0,0.0,6.3
1669.5,2026-05-05T22:00:37.234773+00:00,74.7941,-0.0511,96.8177,0.125,0.75,0.0,1500.0,0.0,6.3
1670.0,2026-05-05T22:00:37.740132+00:00,74.6913,-0.1029,96.7442,0.0961,0.75,0.0,1500.0,0.0,6.3
1670.5,2026-05-05T22:00:38.234318+00:00,74.6123,-0.0791,96.6877,0.0353,0.75,0.0,1500.0,0.0,6.3
1671.0,2026-05-05T22:00:38.734352+00:00,74.5516,-0.1881,96.8756,0.0271,0.75,0.0,1500.0,0.0,6.3
1671.5,2026-05-05T22:00:39.234322+00:00,74.7595,-0.0173,96.9276,0.0285,0.75,0.0,1500.0,0.0,6.3
1672.0,2026-05-05T22:00:39.734327+00:00,74.9193,0.114,96.9443,0.0605,0.75,0.0,1500.0,0.0,6.3
1672.5,2026-05-05T22:00:40.239674+00:00,74.7876,0.0876,97.0729,0.0851,0.75,0.0,1500.0,0.0,6.3
1673.0,2026-05-05T22:00:40.734379+00:00,74.6863,0.0673,97.056,0.104,0.75,0.0,1500.0,0.0,6.3
1673.5,2026-05-05T22:00:41.234313+00:00,74.7358,-0.0119,97.0431,0.1185,0.75,0.0,1500.0,0.0,6.3
1674.0,2026-05-05T22:00:41.734367+00:00,74.6465,-0.1364,97.2645,0.1296,0.75,0.0,1500.0,0.0,6.3
1674.501436,2026-05-05T22:00:42.236059+00:00,74.5779,-0.1048,97.1107,0.0611,0.75,0.0,1500.0,0.0,6.3
1675.0,2026-05-05T22:00:42.739066+00:00,74.6524,-0.0169,97.1777,0.0778,0.75,0.0,1500.0,0.0,6.3
1675.5,2026-05-05T22:00:43.234482+00:00,74.7097,-0.013,97.1366,0.0212,0.75,0.0,1500.0,0.0,6.3
1676.0,2026-05-05T22:00:43.734332+00:00,74.7537,0.0536,97.105,0.0163,0.75,0.0,1500.0,0.0,6.3
1676.5,2026-05-05T22:00:44.234334+00:00,74.533,-0.0224,97.1732,0.0434,0.75,0.0,1500.0,0.0,6.3
1677.0,2026-05-05T22:00:44.734334+00:00,74.618,-0.0172,97.2257,-0.0129,0.75,0.0,1500.0,0.0,6.3
1677.5,2026-05-05T22:00:45.238648+00:00,74.556,-0.0769,97.1735,0.0209,0.75,0.0,1500.0,0.0,6.3
1678.0,2026-05-05T22:00:45.734327+00:00,74.381,-0.1864,96.9945,-0.0611,0.75,0.0,1500.0,0.0,6.3
1678.5,2026-05-05T22:00:46.234439+00:00,74.5011,-0.016,96.9958,-0.0469,0.75,0.0,1500.0,0.0,6.3
1679.0,2026-05-05T22:00:46.734384+00:00,74.4661,-0.0759,96.7653,-0.1132,0.75,0.0,1500.0,0.0,6.3
1679.5,2026-05-05T22:00:47.234333+00:00,74.4393,-0.0583,96.8196,-0.1179,0.75,0.0,1500.0,0.0,6.3
1680.0,2026-05-05T22:00:47.740149+00:00,74.5459,0.0824,96.7225,-0.1677,0.75,0.0,1500.0,0.0,6.2488
1680.5,2026-05-05T22:00:48.234941+00:00,74.6278,0.0634,96.671,-0.1675,0.75,0.0,1500.0,0.0,6.275
1681.0,2026-05-05T22:00:48.734516+00:00,74.6908,0.1123,96.3769,-0.2059,0.75,0.0,1500.0,0.0,6.2878
1681.5,2026-05-05T22:00:49.234388+00:00,74.7392,0.15,96.498,-0.1659,0.75,0.0,1500.0,0.0,6.294
1682.0,2026-05-05T22:00:49.734307+00:00,74.6492,0.0516,96.591,-0.0581,0.75,0.0,1500.0,0.0,6.2971
1682.5,2026-05-05T22:00:50.239253+00:00,74.5799,-0.0239,96.917,0.0325,0.75,0.0,1500.0,0.0,6.2986
1683.0,2026-05-05T22:00:50.735175+00:00,74.7813,0.0452,97.0519,0.1098,0.75,0.0,1500.0,0.0,6.2993
1683.5,2026-05-05T22:00:51.234330+00:00,74.8087,0.0348,97.0399,0.123,0.75,0.0,1500.0,0.0,6.2997
1684.0,2026-05-05T22:00:51.734320+00:00,74.7026,0.0267,96.915,0.1794,0.75,0.0,1500.0,0.0,6.2998
1684.5,2026-05-05T22:00:52.234453+00:00,74.621,0.0205,96.819,0.107,0.75,0.0,1500.0,0.0,6.2999
1685.0,2026-05-05T22:00:52.738717+00:00,74.6856,-0.0479,96.7451,0.0514,0.75,0.0,1500.0,0.0,6.3
1685.5,2026-05-05T22:00:53.234368+00:00,74.6079,-0.1004,96.7116,-0.0685,0.75,0.0,1500.0,0.0,6.3
1686.0,2026-05-05T22:00:53.734410+00:00,74.6755,-0.0135,96.7783,-0.0912,0.75,0.0,1500.0,0.0,6.3
1686.5,2026-05-05T22:00:54.234310+00:00,74.4729,-0.074,96.8296,-0.0701,0.75,0.0,1500.0,0.0,6.3
1687.0,2026-05-05T22:00:54.734352+00:00,74.4445,-0.1205,96.9616,0.0155,0.75,0.0,1500.0,0.0,6.3
1687.5,2026-05-05T22:00:55.240538+00:00,74.6771,0.0346,97.0862,0.0891,0.75,0.0,1500.0,0.0,6.3
1688.0,2026-05-05T22:00:55.734365+00:00,74.856,0.0902,96.9505,0.0685,0.75,0.0,1500.0,0.0,6.3
1688.5,2026-05-05T22:00:56.234328+00:00,74.8662,0.1966,96.8463,0.0449,0.75,0.0,1500.0,0.0,6.3
1689.0,2026-05-05T22:00:56.734452+00:00,74.874,0.2148,96.8587,0.0268,0.75,0.0,1500.0,0.0,6.3
1689.5,2026-05-05T22:00:57.234332+00:00,74.7527,0.0378,96.66,-0.0565,0.75,0.0,1500.0,0.0,6.3
1690.0,2026-05-05T22:00:57.741518+00:00,74.7868,-0.0346,96.5998,-0.1206,0.75,0.0,1500.0,0.0,6.3
1690.5,2026-05-05T22:00:58.235566+00:00,74.813,-0.0266,96.8081,-0.0927,0.75,0.0,1500.0,0.0,6.3512
1691.0,2026-05-05T22:00:58.734330+00:00,74.9604,0.0432,96.7368,-0.0712,0.75,0.0,1500.0,0.0,6.3762
1691.5,2026-05-05T22:00:59.234337+00:00,74.9464,0.0968,96.7977,-0.0162,0.75,0.0,1500.0,0.0,6.3884
1692.0,2026-05-05T22:00:59.738356+00:00,74.8084,0.0108,96.9602,0.0338,0.75,0.0,1500.0,0.0,6.3943
1692.5,2026-05-05T22:01:00.241321+00:00,74.8296,0.0083,96.8537,0.0646,0.75,0.0,1500.0,0.0,6.3972
1693.0,2026-05-05T22:01:00.734316+00:00,75.1004,0.07,96.7487,0.0496,0.75,0.0,1500.0,0.0,6.3474
1693.500897,2026-05-05T22:01:01.235936+00:00,75.0541,0.0538,96.9226,0.0381,0.75,0.0,1500.0,0.0,6.3232
1694.0,2026-05-05T22:01:01.734305+00:00,74.8911,0.0414,96.8017,0.0216,0.75,0.0,1500.0,0.0,6.3113
1694.5,2026-05-05T22:01:02.234385+00:00,74.8932,0.0318,96.7087,-0.0297,0.75,0.0,1500.0,0.0,6.3055
1695.0,2026-05-05T22:01:02.740168+00:00,74.7675,-0.1665,96.6373,-0.1077,0.75,0.0,1500.0,0.0,6.3027
1695.5,2026-05-05T22:01:03.234335+00:00,74.7982,-0.1279,96.351,-0.1676,0.75,0.0,1500.0,0.0,6.3013
1696.0,2026-05-05T22:01:03.734299+00:00,74.5672,-0.162,96.3623,-0.1288,0.75,0.0,1500.0,0.0,6.3006
1696.5,2026-05-05T22:01:04.234475+00:00,74.5169,-0.1881,96.3942,-0.1761,0.75,0.0,1500.0,0.0,6.3003
1697.0,2026-05-05T22:01:04.734343+00:00,74.6056,-0.081,96.303,-0.1662,0.75,0.0,1500.0,0.0,6.3002
1697.5,2026-05-05T22:01:05.239618+00:00,74.6737,-0.0622,96.58,-0.0429,0.75,0.0,1500.0,0.0,6.3001
1698.0,2026-05-05T22:01:05.734363+00:00,74.8533,0.1431,96.6772,0.0133,0.75,0.0,1500.0,0.0,6.3
1698.5,2026-05-05T22:01:06.234306+00:00,74.8641,0.1736,96.7519,0.1336,0.75,0.0,1500.0,0.0,6.3
1699.0,2026-05-05T22:01:06.734327+00:00,74.8724,0.1334,96.8093,0.149,0.75,0.0,1500.0,0.0,6.3
1699.5,2026-05-05T22:01:07.234682+00:00,74.8788,0.1026,96.9691,0.1916,0.75,0.0,1500.0,0.0,6.3
1700.0,2026-05-05T22:01:07.746258+00:00,74.7564,-0.0484,96.9763,0.2244,0.75,0.0,1500.0,0.0,6.3
1700.5,2026-05-05T22:01:08.234321+00:00,74.6624,-0.1009,97.0975,0.1725,0.75,0.0,1500.0,0.0,6.3
1701.0,2026-05-05T22:01:08.734790+00:00,74.3356,-0.2684,97.1906,0.1711,0.75,0.0,1500.0,0.0,6.3
1701.5,2026-05-05T22:01:09.234308+00:00,74.3389,-0.27,97.1465,0.1315,0.75,0.0,1500.0,0.0,6.3
1702.0,2026-05-05T22:01:09.734521+00:00,74.0869,-0.3348,97.2052,0.132,0.75,0.0,1500.0,0.0,6.3
1702.501093,2026-05-05T22:01:10.243947+00:00,74.2751,-0.1937,97.042,0.0243,0.75,0.0,1500.0,0.0,6.3
1703.0,2026-05-05T22:01:10.734329+00:00,74.2924,-0.0216,97.0091,0.011,0.75,0.0,1500.0,0.0,6.3
1703.5,2026-05-05T22:01:11.235429+00:00,74.3057,-0.0166,97.1227,0.0084,0.75,0.0,1500.0,0.0,6.3
1704.0,2026-05-05T22:01:11.734360+00:00,74.1887,0.0509,97.21,0.0065,0.75,0.0,1500.0,0.0,6.3
1704.5,2026-05-05T22:01:12.234307+00:00,74.3533,0.0391,97.2771,0.0435,0.75,0.0,1500.0,0.0,6.3
1705.0,2026-05-05T22:01:12.739981+00:00,74.3525,0.0301,97.1899,-0.0051,0.75,0.0,1500.0,0.0,6.3
1705.5,2026-05-05T22:01:13.234358+00:00,74.2247,-0.0405,97.0302,-0.0039,0.75,0.0,1500.0,0.0,6.3
1706.0,2026-05-05T22:01:13.734304+00:00,74.5082,0.1598,97.1389,0.0433,0.75,0.0,1500.0,0.0,6.3
1706.5,2026-05-05T22:01:14.235962+00:00,74.4716,0.0592,97.3382,0.0718,0.75,0.0,1500.0,0.0,6.3
1707.0,2026-05-05T22:01:14.734331+00:00,74.5707,0.1091,97.2599,0.0166,0.75,0.0,1500.0,0.0,6.3
1707.5,2026-05-05T22:01:15.240161+00:00,74.6469,0.2111,97.0841,-0.0643,0.75,0.0,1500.0,0.0,6.3
1708.0,2026-05-05T22:01:15.735244+00:00,74.7055,0.0986,97.0646,-0.0417,0.75,0.0,1500.0,0.0,6.2488
1708.5,2026-05-05T22:01:16.234322+00:00,74.6232,0.0758,97.0497,0.0065,0.75,0.0,1500.0,0.0,6.2238
1709.0,2026-05-05T22:01:16.734309+00:00,74.6873,0.0583,97.1539,0.005,0.75,0.0,1500.0,0.0,6.2116
1709.5,2026-05-05T22:01:17.234479+00:00,74.6092,-0.0189,97.1183,-0.0733,0.75,0.0,1500.0,0.0,6.2057
1710.0,2026-05-05T22:01:17.741417+00:00,74.6765,-0.0145,97.2066,-0.0178,0.75,0.0,1500.0,0.0,6.2028
1710.5,2026-05-05T22:01:18.235428+00:00,74.7282,0.0525,97.3902,0.102,0.75,0.0,1500.0,0.0,6.2526
1711.0,2026-05-05T22:01:18.734345+00:00,74.768,0.0404,97.2999,0.0784,0.75,0.0,1500.0,0.0,6.2768
1711.5,2026-05-05T22:01:19.234329+00:00,74.9258,0.1583,97.3462,0.0988,0.75,0.0,1500.0,0.0,6.2887
1712.0,2026-05-05T22:01:19.735849+00:00,74.9198,0.1217,97.3818,0.076,0.75,0.0,1500.0,0.0,6.2945
1712.5,2026-05-05T22:01:20.242007+00:00,74.6607,-0.0338,97.1777,0.0198,0.75,0.0,1500.0,0.0,6.2973
1713.0,2026-05-05T22:01:20.734351+00:00,74.7161,-0.026,97.368,0.0538,0.75,0.0,1500.0,0.0,6.2987
1713.5,2026-05-05T22:01:21.235335+00:00,74.6314,-0.1472,97.5143,0.0414,0.75,0.0,1500.0,0.0,6.2994
1714.0,2026-05-05T22:01:21.734329+00:00,74.5663,-0.1768,97.3953,0.0318,0.75,0.0,1500.0,0.0,6.2997
1714.5,2026-05-05T22:01:22.234524+00:00,74.6435,-0.0086,97.4195,0.0244,0.75,0.0,1500.0,0.0,6.2998
1715.001535,2026-05-05T22:01:22.742979+00:00,74.7028,-0.0066,97.3224,-0.0198,0.75,0.0,1500.0,0.0,6.2487
1715.5,2026-05-05T22:01:23.234320+00:00,74.6212,-0.0051,97.2247,0.0156,0.75,0.0,1500.0,0.0,6.275
1716.0,2026-05-05T22:01:23.734579+00:00,74.5584,-0.0039,97.1727,-0.0651,0.75,0.0,1500.0,0.0,6.2878
1716.50086,2026-05-05T22:01:24.235215+00:00,74.6375,-0.003,97.2716,-0.0809,0.75,0.0,1500.0,0.0,6.294
1717.0,2026-05-05T22:01:24.734319+00:00,74.571,-0.0659,97.3013,-0.0313,0.75,0.0,1500.0,0.0,6.2971
1717.5,2026-05-05T22:01:25.239395+00:00,74.6471,0.013,97.3473,-0.0241,0.75,0.0,1500.0,0.0,6.2986
1718.0,2026-05-05T22:01:25.734321+00:00,74.8329,0.1372,97.1512,-0.0571,0.75,0.0,1500.0,0.0,6.2993
1718.5,2026-05-05T22:01:26.234673+00:00,74.8484,0.1055,97.1162,-0.0362,0.75,0.0,1500.0,0.0,6.2997
1719.0,2026-05-05T22:01:26.735683+00:00,74.8604,0.1447,97.2976,0.0416,0.75,0.0,1500.0,0.0,6.2998
1719.5,2026-05-05T22:01:27.234307+00:00,74.7423,0.0476,96.9973,-0.0914,0.75,0.0,1500.0,0.0,6.2999
1720.0,2026-05-05T22:01:27.739179+00:00,74.6515,-0.0907,97.0905,-0.0703,0.75,0.0,1500.0,0.0,6.2488
1720.5,2026-05-05T22:01:28.237031+00:00,74.5817,-0.1333,97.0696,-0.0926,0.75,0.0,1500.0,0.0,6.275
1721.0,2026-05-05T22:01:28.734419+00:00,74.6554,-0.1025,97.0535,-0.0326,0.75,0.0,1500.0,0.0,6.2878
1721.5,2026-05-05T22:01:29.234319+00:00,74.5847,-0.0788,97.1568,0.0135,0.75,0.0,1500.0,0.0,6.294
1722.0,2026-05-05T22:01:29.734987+00:00,74.5304,-0.0605,97.2362,-0.0205,0.75,0.0,1500.0,0.0,6.2971
1722.5,2026-05-05T22:01:30.239258+00:00,74.7432,0.0807,97.1816,0.0614,0.75,0.0,1500.0,0.0,6.2986
1723.0,2026-05-05T22:01:30.734335+00:00,74.7795,0.0621,97.1395,0.0163,0.75,0.0,1500.0,0.0,6.2993
1723.5,2026-05-05T22:01:31.234338+00:00,74.9346,0.175,97.1073,0.0126,0.75,0.0,1500.0,0.0,6.2997
1724.0,2026-05-05T22:01:31.734333+00:00,74.5448,0.0072,96.851,-0.0675,0.75,0.0,1500.0,0.0,6.2998
1724.5,2026-05-05T22:01:32.234327+00:00,74.627,-0.0581,96.8855,-0.0904,0.75,0.0,1500.0,0.0,6.2999
1725.0,2026-05-05T22:01:32.746828+00:00,74.6902,-0.0447,96.912,-0.1081,0.75,0.0,1500.0,0.0,6.3
1725.5,2026-05-05T22:01:33.234330+00:00,74.6115,-0.1616,96.8167,-0.1216,0.75,0.0,1500.0,0.0,6.3
1726.0,2026-05-05T22:01:33.734298+00:00,74.6782,0.0667,96.9516,-0.0626,0.75,0.0,1500.0,0.0,6.3
1726.5,2026-05-05T22:01:34.234351+00:00,74.7295,0.0513,96.8471,-0.0867,0.75,0.0,1500.0,0.0,6.3
1727.0,2026-05-05T22:01:34.734353+00:00,74.8963,0.103,96.8594,0.0028,0.75,0.0,1500.0,0.0,6.3
1727.5,2026-05-05T22:01:35.244738+00:00,75.0244,0.2065,96.7762,-0.0364,0.75,0.0,1500.0,0.0,6.3
1728.0,2026-05-05T22:01:35.734400+00:00,74.9956,0.1587,96.2264,-0.2285,0.75,0.0,1500.0,0.0,6.3
1728.5,2026-05-05T22:01:36.234318+00:00,75.1008,0.1856,95.9426,-0.2914,0.75,0.0,1500.0,0.0,6.3
1729.0,2026-05-05T22:01:36.734465+00:00,75.0543,0.079,95.9559,-0.3319,0.75,0.0,1500.0,0.0,6.3
1729.5,2026-05-05T22:01:37.234312+00:00,74.7641,-0.1302,95.9429,-0.3014,0.75,0.0,1500.0,0.0,6.3
1730.0,2026-05-05T22:01:37.740804+00:00,74.6682,-0.1637,95.8404,-0.3396,0.75,0.0,1500.0,0.0,6.2488
1730.5,2026-05-05T22:01:38.235191+00:00,74.5946,-0.2531,96.0856,-0.2302,0.75,0.0,1500.0,0.0,6.275
1731.0,2026-05-05T22:01:38.734338+00:00,74.7925,-0.1309,96.1815,-0.0149,0.75,0.0,1500.0,0.0,6.2878
1731.5,2026-05-05T22:01:39.234340+00:00,74.8174,0.0267,96.3478,0.1351,0.75,0.0,1500.0,0.0,6.294
1732.0,2026-05-05T22:01:39.734292+00:00,74.8365,0.0841,96.4756,0.1732,0.75,0.0,1500.0,0.0,6.2971
1732.5,2026-05-05T22:01:40.243290+00:00,74.7239,0.0647,96.7126,0.2566,0.75,0.0,1500.0,0.0,6.2986
1733.00001,2026-05-05T22:01:40.734477+00:00,74.7647,-0.0139,96.6634,0.2743,0.75,0.0,1500.0,0.0,6.2993
1733.5,2026-05-05T22:01:41.234409+00:00,74.6687,-0.0743,96.5099,0.1414,0.75,0.0,1500.0,0.0,6.2997
1734.0,2026-05-05T22:01:41.734354+00:00,74.8495,0.0065,96.739,0.1858,0.75,0.0,1500.0,0.0,6.2998
1734.5,2026-05-05T22:01:42.234335+00:00,74.7339,0.005,96.6837,0.112,0.75,0.0,1500.0,0.0,6.2999
1735.0,2026-05-05T22:01:42.738976+00:00,74.7724,0.0038,96.7569,0.0938,0.75,0.0,1500.0,0.0,6.3
1735.5,2026-05-05T22:01:43.234339+00:00,74.8019,0.0666,96.6974,-0.0051,0.75,0.0,1500.0,0.0,6.3
1736.0,2026-05-05T22:01:43.734323+00:00,74.8246,-0.0125,96.6518,-0.0039,0.75,0.0,1500.0,0.0,6.3
1736.5,2026-05-05T22:01:44.234445+00:00,74.5875,-0.0732,96.7092,0.0664,0.75,0.0,1500.0,0.0,6.3
1737.0,2026-05-05T22:01:44.734330+00:00,74.5325,-0.1199,96.522,-0.0724,0.75,0.0,1500.0,0.0,6.3
1737.5,2026-05-05T22:01:45.244816+00:00,74.6176,-0.0922,96.1466,-0.179,0.75,0.0,1500.0,0.0,6.3
1738.0,2026-05-05T22:01:45.734335+00:00,74.5557,-0.1345,96.2053,-0.1839,0.75,0.0,1500.0,0.0,6.3
1738.5,2026-05-05T22:01:46.234488+00:00,74.5081,-0.0397,96.2735,-0.1413,0.75,0.0,1500.0,0.0,6.3
1739.0,2026-05-05T22:01:46.734933+00:00,74.726,0.0967,96.4416,-0.0701,0.75,0.0,1500.0,0.0,6.3
1739.5,2026-05-05T22:01:47.234331+00:00,74.8936,0.138,96.5477,-0.0538,0.75,0.0,1500.0,0.0,6.3
1740.0,2026-05-05T22:01:47.743249+00:00,74.895,0.1697,96.5598,0.0126,0.75,0.0,1500.0,0.0,6.3
1740.5,2026-05-05T22:01:48.235089+00:00,74.8962,0.1941,96.6616,0.1717,0.75,0.0,1500.0,0.0,6.3
1741.0,2026-05-05T22:01:48.734307+00:00,74.8971,0.0855,96.8325,0.2091,0.75,0.0,1500.0,0.0,6.3
1741.5,2026-05-05T22:01:49.234332+00:00,75.025,0.0657,96.987,0.2378,0.75,0.0,1500.0,0.0,6.3
1742.0,2026-05-05T22:01:49.734361+00:00,74.9961,0.0505,96.8743,0.1442,0.75,0.0,1500.0,0.0,6.3
1742.5,2026-05-05T22:01:50.240368+00:00,74.9739,0.0388,97.0191,0.1571,0.75,0.0,1500.0,0.0,6.3
1743.0,2026-05-05T22:01:50.734410+00:00,74.8295,-0.0338,97.1304,0.1902,0.75,0.0,1500.0,0.0,6.3
1743.5,2026-05-05T22:01:51.234330+00:00,74.7185,-0.1532,96.8688,0.0691,0.75,0.0,1500.0,0.0,6.3
1744.0,2026-05-05T22:01:51.734328+00:00,74.7605,-0.1178,97.0149,0.0608,0.75,0.0,1500.0,0.0,6.3
1744.5,2026-05-05T22:01:52.234400+00:00,74.7928,-0.0905,96.78,-0.069,0.75,0.0,1500.0,0.0,6.3
1745.000013,2026-05-05T22:01:52.741497+00:00,74.8176,-0.0059,96.8309,-0.0145,0.75,0.0,1500.0,0.0,6.3
1745.5,2026-05-05T22:01:53.234326+00:00,74.8367,0.0591,96.9857,-0.0111,0.75,0.0,1500.0,0.0,6.3
1746.0,2026-05-05T22:01:53.734343+00:00,74.9786,0.109,96.7576,-0.1242,0.75,0.0,1500.0,0.0,6.3
1746.5,2026-05-05T22:01:54.234376+00:00,74.8331,0.0202,96.6749,-0.0646,0.75,0.0,1500.0,0.0,6.3
1747.0,2026-05-05T22:01:54.734337+00:00,74.7213,-0.0481,96.7501,-0.0882,0.75,0.0,1500.0,0.0,6.3
1747.5,2026-05-05T22:01:55.239454+00:00,74.89,0.0266,96.6922,-0.0293,0.75,0.0,1500.0,0.0,6.3
1748.0,2026-05-05T22:01:55.734348+00:00,74.8923,-0.0432,96.7635,-0.0225,0.75,0.0,1500.0,0.0,6.3
1748.5,2026-05-05T22:01:56.234373+00:00,75.0213,0.0941,96.9339,-0.0173,0.75,0.0,1500.0,0.0,6.3
1749.0,2026-05-05T22:01:56.734684+00:00,74.866,0.0723,97.0649,0.1024,0.75,0.0,1500.0,0.0,6.3
1749.5,2026-05-05T22:01:57.234331+00:00,75.0011,0.0556,96.9342,0.0864,0.75,0.0,1500.0,0.0,6.3
1750.0,2026-05-05T22:01:57.742928+00:00,74.8505,-0.0209,96.8337,0.0279,0.75,0.0,1500.0,0.0,6.2488
1750.5,2026-05-05T22:01:58.234462+00:00,74.4801,-0.2706,96.7333,0.0137,0.75,0.0,1500.0,0.0,6.275
1751.0,2026-05-05T22:01:58.734299+00:00,74.45,-0.208,96.6794,-0.028,0.75,0.0,1500.0,0.0,6.2366
1751.5,2026-05-05T22:01:59.234336+00:00,74.5541,-0.2235,96.7535,-0.0601,0.75,0.0,1500.0,0.0,6.2179
1752.0,2026-05-05T22:01:59.734371+00:00,74.5069,-0.1718,96.4635,-0.2005,0.75,0.0,1500.0,0.0,6.2087
1752.5,2026-05-05T22:02:00.240735+00:00,74.5979,0.0589,96.5876,-0.1155,0.75,0.0,1500.0,0.0,6.2043
1753.0,2026-05-05T22:02:00.734499+00:00,74.6678,0.1089,96.7988,-0.0117,0.75,0.0,1500.0,0.0,6.2533
1753.5,2026-05-05T22:02:01.234436+00:00,74.7215,0.0837,96.961,0.0759,0.75,0.0,1500.0,0.0,6.2772
1754.0,2026-05-05T22:02:01.734342+00:00,74.8901,0.1916,96.7155,0.0121,0.75,0.0,1500.0,0.0,6.2889
1754.5,2026-05-05T22:02:02.234315+00:00,74.7651,0.0836,96.7582,0.0015,0.75,0.0,1500.0,0.0,6.2946
1755.0,2026-05-05T22:02:02.745716+00:00,74.9236,0.1279,96.5827,0.0398,0.75,0.0,1500.0,0.0,6.2462
1755.5,2026-05-05T22:02:03.234463+00:00,74.9181,0.0983,96.6562,0.0228,0.75,0.0,1500.0,0.0,6.2737
1756.0,2026-05-05T22:02:03.734385+00:00,74.7867,-0.0517,96.8514,0.0176,0.75,0.0,1500.0,0.0,6.2872
1756.5,2026-05-05T22:02:04.234450+00:00,74.6856,-0.0397,96.7701,-0.0636,0.75,0.0,1500.0,0.0,6.2937
1757.0,2026-05-05T22:02:04.734317+00:00,74.7352,-0.0942,96.6845,-0.0103,0.75,0.0,1500.0,0.0,6.2969
1757.5,2026-05-05T22:02:05.241427+00:00,74.7734,-0.0724,96.7343,-0.008,0.75,0.0,1500.0,0.0,6.2985
1758.0,2026-05-05T22:02:05.734437+00:00,74.9299,0.0716,96.9115,0.1096,0.75,0.0,1500.0,0.0,6.2993
1758.5,2026-05-05T22:02:06.234312+00:00,74.6685,-0.0086,96.7006,0.0148,0.75,0.0,1500.0,0.0,6.2996
1759.0,2026-05-05T22:02:06.734310+00:00,74.8493,0.057,96.8856,0.0114,0.75,0.0,1500.0,0.0,6.2998
1759.5,2026-05-05T22:02:07.234354+00:00,74.9883,0.1075,96.9121,0.0473,0.75,0.0,1500.0,0.0,6.2999
1760.0,2026-05-05T22:02:07.741516+00:00,74.9679,0.019,96.9093,0.0749,0.75,0.0,1500.0,0.0,6.3
1760.5,2026-05-05T22:02:08.234482+00:00,74.9522,0.1419,96.9303,0.0653,0.75,0.0,1500.0,0.0,6.3
1761.0,2026-05-05T22:02:08.734332+00:00,74.9401,0.0454,96.8307,-0.0269,0.75,0.0,1500.0,0.0,6.3
1761.5,2026-05-05T22:02:09.234525+00:00,74.6763,-0.156,96.7542,0.0179,0.75,0.0,1500.0,0.0,6.3
1762.0,2026-05-05T22:02:09.734461+00:00,74.728,-0.1199,96.8111,-0.0248,0.75,0.0,1500.0,0.0,6.3
1762.500022,2026-05-05T22:02:10.242296+00:00,74.6406,-0.1558,96.7159,-0.0654,0.75,0.0,1500.0,0.0,6.3
1763.0,2026-05-05T22:02:10.734444+00:00,74.7006,-0.1197,96.7817,-0.0425,0.75,0.0,1500.0,0.0,6.3
1763.5,2026-05-05T22:02:11.234316+00:00,74.874,0.0989,96.9479,0.0059,0.75,0.0,1500.0,0.0,6.3
1764.0,2026-05-05T22:02:11.734345+00:00,75.0073,0.1396,96.8211,-0.0032,0.75,0.0,1500.0,0.0,6.3
1764.5,2026-05-05T22:02:12.234311+00:00,74.9825,0.1709,96.7468,-0.0025,0.75,0.0,1500.0,0.0,6.3
1765.0,2026-05-05T22:02:12.739476+00:00,74.8361,0.0678,96.9211,0.0367,0.75,0.0,1500.0,0.0,6.3
1765.5,2026-05-05T22:02:13.234348+00:00,74.8509,-0.0116,96.5691,-0.0489,0.75,0.0,1500.0,0.0,6.3
1766.0,2026-05-05T22:02:13.734303+00:00,74.4804,-0.2634,96.6688,-0.0376,0.75,0.0,1500.0,0.0,6.3
1766.5,2026-05-05T22:02:14.234415+00:00,74.5775,-0.2025,96.6298,-0.106,0.75,0.0,1500.0,0.0,6.3
1767.0,2026-05-05T22:02:14.734363+00:00,74.5249,-0.1556,96.5997,-0.0738,0.75,0.0,1500.0,0.0,6.3
1767.5,2026-05-05T22:02:15.239098+00:00,74.6117,-0.1196,96.6692,-0.0259,0.75,0.0,1500.0,0.0,6.3
1768.0,2026-05-05T22:02:15.734389+00:00,74.5511,0.0353,96.7458,-0.0584,0.75,0.0,1500.0,0.0,6.2488
1768.5,2026-05-05T22:02:16.236489+00:00,74.6319,0.0272,96.8046,0.0785,0.75,0.0,1500.0,0.0,6.2238
1769.0,2026-05-05T22:02:16.734333+00:00,74.8212,0.1481,96.8498,0.0603,0.75,0.0,1500.0,0.0,6.2116
1769.5,2026-05-05T22:02:17.234520+00:00,74.9667,0.1775,96.9771,0.1158,0.75,0.0,1500.0,0.0,6.2057
1770.0,2026-05-05T22:02:17.740692+00:00,74.824,0.1364,96.9824,0.1276,0.75,0.0,1500.0,0.0,6.2028
1770.5,2026-05-05T22:02:18.234327+00:00,74.8416,0.1049,96.9865,0.1058,0.75,0.0,1500.0,0.0,6.2526
1771.0,2026-05-05T22:02:18.734580+00:00,74.9824,0.0806,97.1053,0.1199,0.75,0.0,1500.0,0.0,6.2768
1771.5,2026-05-05T22:02:19.234331+00:00,74.7088,-0.129,97.1966,0.1307,0.75,0.0,1500.0,0.0,6.2887
1772.0,2026-05-05T22:02:19.734459+00:00,74.753,-0.0355,97.1511,0.1004,0.75,0.0,1500.0,0.0,6.2945
1772.500028,2026-05-05T22:02:20.244008+00:00,74.787,-0.0273,97.1162,0.0463,0.75,0.0,1500.0,0.0,6.2973
1773.0,2026-05-05T22:02:20.734443+00:00,74.8132,-0.0846,97.3207,0.1128,0.75,0.0,1500.0,0.0,6.2475
1773.5,2026-05-05T22:02:21.234534+00:00,74.706,-0.0014,97.3622,0.1252,0.75,0.0,1500.0,0.0,6.2232
1774.0,2026-05-05T22:02:21.734384+00:00,74.8782,0.0626,97.3941,0.0963,0.75,0.0,1500.0,0.0,6.2113
1774.5,2026-05-05T22:02:22.234314+00:00,75.0105,0.1117,97.4186,0.074,0.75,0.0,1500.0,0.0,6.2055
1775.0,2026-05-05T22:02:22.747006+00:00,74.9849,0.0859,97.3217,0.0569,0.75,0.0,1500.0,0.0,6.2027
1775.5,2026-05-05T22:02:23.234328+00:00,74.838,0.066,97.2473,0.0437,0.75,0.0,1500.0,0.0,6.2525
1776.0,2026-05-05T22:02:23.736231+00:00,74.8523,-0.0129,97.3058,-0.005,0.75,0.0,1500.0,0.0,6.2768
1776.5,2026-05-05T22:02:24.234447+00:00,74.8634,-0.0736,97.235,-0.0424,0.75,0.0,1500.0,0.0,6.2887
1777.0,2026-05-05T22:02:24.734329+00:00,74.7446,-0.1202,97.0649,-0.1097,0.75,0.0,1500.0,0.0,6.2945
1777.5,2026-05-05T22:02:25.240944+00:00,74.6533,-0.0924,97.0499,-0.1229,0.75,0.0,1500.0,0.0,6.2973
1778.0,2026-05-05T22:02:25.734450+00:00,74.7104,-0.071,97.0384,-0.0945,0.75,0.0,1500.0,0.0,6.2987
1778.5,2026-05-05T22:02:26.234331+00:00,74.4997,-0.1818,96.9138,-0.1112,0.75,0.0,1500.0,0.0,6.2994
1779.0,2026-05-05T22:02:26.734541+00:00,74.7196,-0.0125,96.9337,-0.124,0.75,0.0,1500.0,0.0,6.2997
1779.5,2026-05-05T22:02:27.234987+00:00,74.7613,0.054,96.8565,-0.1262,0.75,0.0,1500.0,0.0,6.2998
1780.0,2026-05-05T22:02:27.742960+00:00,74.6662,-0.0221,96.774,-0.097,0.75,0.0,1500.0,0.0,6.2999
1780.5,2026-05-05T22:02:28.234493+00:00,74.7203,0.1103,96.8263,-0.0745,0.75,0.0,1500.0,0.0,6.3
1781.0,2026-05-05T22:02:28.734472+00:00,74.6346,-0.0425,96.8665,-0.0573,0.75,0.0,1500.0,0.0,6.3
1781.5,2026-05-05T22:02:29.235270+00:00,74.696,-0.0327,97.0131,0.0331,0.75,0.0,1500.0,0.0,6.3
1782.0,2026-05-05T22:02:29.734329+00:00,74.7432,0.0385,96.8944,-0.0131,0.75,0.0,1500.0,0.0,6.3
1782.5,2026-05-05T22:02:30.243828+00:00,74.6522,-0.034,96.8031,-0.0178,0.75,0.0,1500.0,0.0,6.3
1783.0,2026-05-05T22:02:30.734344+00:00,74.8368,0.1011,96.7098,-0.0214,0.75,0.0,1500.0,0.0,6.3
1783.5,2026-05-05T22:02:31.234320+00:00,74.8514,0.0777,96.8927,0.0221,0.75,0.0,1500.0,0.0,6.3
1784.0,2026-05-05T22:02:31.734606+00:00,74.7354,-0.0039,96.8018,-0.0216,0.75,0.0,1500.0,0.0,6.3
1784.5,2026-05-05T22:02:32.234300+00:00,74.6462,-0.003,96.8477,-0.0551,0.75,0.0,1500.0,0.0,6.3
1785.0,2026-05-05T22:02:32.739476+00:00,74.5777,-0.1296,97.1143,0.0733,0.75,0.0,1500.0,0.0,6.3
1785.5,2026-05-05T22:02:33.234346+00:00,74.7795,-0.036,97.2036,0.1335,0.75,0.0,1500.0,0.0,6.3
1786.0,2026-05-05T22:02:33.734298+00:00,74.8074,0.036,97.2722,0.1874,0.75,0.0,1500.0,0.0,6.3
1786.5,2026-05-05T22:02:34.234581+00:00,74.9561,0.1549,97.3017,0.1364,0.75,0.0,1500.0,0.0,6.3
1787.0,2026-05-05T22:02:34.734315+00:00,74.9431,0.1827,97.3476,0.1819,0.75,0.0,1500.0,0.0,6.3
1787.5,2026-05-05T22:02:35.242739+00:00,75.0604,0.1404,97.3829,0.1784,0.75,0.0,1500.0,0.0,6.3
1788.0,2026-05-05T22:02:35.734806+00:00,74.6415,-0.083,97.41,0.0986,0.75,0.0,1500.0,0.0,6.3
1788.5,2026-05-05T22:02:36.234329+00:00,74.7013,-0.1274,97.4308,0.0757,0.75,0.0,1500.0,0.0,6.3
1789.0,2026-05-05T22:02:36.734322+00:00,74.4927,-0.2252,97.4237,0.0505,0.75,0.0,1500.0,0.0,6.3
1789.500009,2026-05-05T22:02:37.234459+00:00,74.4597,-0.3004,97.1868,-0.0383,0.75,0.0,1500.0,0.0,6.3
1790.0,2026-05-05T22:02:37.741167+00:00,74.5616,-0.0399,97.1436,-0.068,0.75,0.0,1500.0,0.0,6.3
1790.5,2026-05-05T22:02:38.234504+00:00,74.3854,-0.158,96.9947,-0.1294,0.75,0.0,1500.0,0.0,6.3
1791.0,2026-05-05T22:02:38.734360+00:00,74.5044,0.0059,96.8802,-0.1766,0.75,0.0,1500.0,0.0,6.3
1791.5,2026-05-05T22:02:39.234323+00:00,74.7232,0.1318,96.8848,-0.182,0.75,0.0,1500.0,0.0,6.3
1792.0,2026-05-05T22:02:39.734345+00:00,74.7641,0.1013,96.68,-0.2479,0.75,0.0,1500.0,0.0,6.3
1792.5,2026-05-05T22:02:40.241673+00:00,74.9229,0.2687,96.7309,-0.152,0.75,0.0,1500.0,0.0,6.3
1793.0,2026-05-05T22:02:40.734318+00:00,74.7903,0.1429,96.7701,-0.1245,0.75,0.0,1500.0,0.0,6.3
1793.5,2026-05-05T22:02:41.234458+00:00,75.0702,0.1735,96.8233,-0.0571,0.75,0.0,1500.0,0.0,6.3
1794.0,2026-05-05T22:02:41.734329+00:00,75.1581,0.197,96.8642,-0.0053,0.75,0.0,1500.0,0.0,6.3
1794.5,2026-05-05T22:02:42.234317+00:00,75.0984,0.0878,97.127,0.0807,0.75,0.0,1500.0,0.0,6.3
1795.0,2026-05-05T22:02:42.739221+00:00,75.0525,0.1311,97.2133,0.1778,0.75,0.0,1500.0,0.0,6.3
1795.5,2026-05-05T22:02:43.234337+00:00,75.0172,-0.0265,97.2796,0.1829,0.75,0.0,1500.0,0.0,6.3
1796.0,2026-05-05T22:02:43.734499+00:00,74.9901,-0.084,97.3306,0.1869,0.75,0.0,1500.0,0.0,6.3
1796.5,2026-05-05T22:02:44.234981+00:00,74.9692,-0.0646,97.3698,0.1822,0.75,0.0,1500.0,0.0,6.3
1797.0,2026-05-05T22:02:44.734317+00:00,74.9532,-0.0496,97.2843,0.14,0.75,0.0,1500.0,0.0,6.3
1797.5,2026-05-05T22:02:45.239108+00:00,74.8136,-0.1018,97.2185,0.0305,0.75,0.0,1500.0,0.0,6.3
1798.0,2026-05-05T22:02:45.734355+00:00,74.8336,-0.0782,97.2836,0.0234,0.75,0.0,1500.0,0.0,6.3
1798.5,2026-05-05T22:02:46.234341+00:00,74.849,-0.0601,97.3337,0.018,0.75,0.0,1500.0,0.0,6.3
1799.0,2026-05-05T22:02:46.735860+00:00,74.8608,-0.0462,97.3722,0.0138,0.75,0.0,1500.0,0.0,6.3
1799.5,2026-05-05T22:02:47.235029+00:00,74.8699,0.0281,97.4018,0.0106,0.75,0.0,1500.0,0.0,6.3
