monotonic_offset_s,utc_timestamp,T,T_dot,U,U_dot,V,V_dot,f,f_dot,mem
0.000392,2026-05-06T20:01:26.462736+00:00,52.9,,0.0,,0.8483,,2400.0,,5.2
0.500002,2026-05-06T20:01:26.957944+00:00,53.6636,,14.5319,,0.8483,,2400.0,,5.8144
1.000136,2026-05-06T20:01:27.457829+00:00,54.6323,,33.3605,,0.8483,0.0,2400.0,0.0,6.1142
1.5,2026-05-06T20:01:27.957655+00:00,55.6315,,47.7627,,0.8483,0.0,2400.0,0.0,6.3117
2.0,2026-05-06T20:01:28.458263+00:00,56.3994,1.7497,59.0405,,0.8483,0.0,2400.0,0.0,6.4081
2.5,2026-05-06T20:01:28.963701+00:00,57.1169,1.7266,67.7086,,0.8483,0.0,2400.0,0.0,6.404
3.0,2026-05-06T20:01:29.457683+00:00,57.9229,1.6453,74.2321,24.744,0.8483,0.0,2400.0,0.0,6.4019
3.5,2026-05-06T20:01:29.957673+00:00,58.5423,1.4554,79.3618,21.61,0.8483,0.0,2400.0,0.0,6.4009
4.0,2026-05-06T20:01:30.457676+00:00,59.1458,1.3732,83.2119,16.6171,0.8483,0.0,2400.0,0.0,6.4005
4.5,2026-05-06T20:01:30.958253+00:00,59.4823,1.1827,86.2867,12.8413,0.8483,0.0,2400.0,0.0,6.4002
5.0,2026-05-06T20:01:31.463283+00:00,59.6136,0.8454,88.5344,9.8313,0.8483,0.0,2400.0,0.0,6.4001
5.5,2026-05-06T20:01:31.957797+00:00,59.9692,0.7134,90.3776,7.5563,0.8483,0.0,2400.0,0.0,6.4001
6.0,2026-05-06T20:01:32.457664+00:00,60.2424,0.5483,91.7943,5.8541,0.8483,0.0,2400.0,0.0,6.4
6.5,2026-05-06T20:01:32.958070+00:00,60.5797,0.5487,92.9989,4.5457,0.8483,0.0,2400.0,0.0,6.3488
7.0,2026-05-06T20:01:33.457634+00:00,60.9662,0.6763,93.6934,3.4938,0.8483,0.0,2400.0,0.0,6.3238
7.5,2026-05-06T20:01:33.962941+00:00,61.136,0.5834,94.2271,2.6468,0.8483,0.0,2400.0,0.0,6.2604
8.0,2026-05-06T20:01:34.457910+00:00,61.2665,0.5121,94.8688,2.1115,0.8483,0.0,2400.0,0.0,6.2295
8.5,2026-05-06T20:01:34.958221+00:00,61.7486,0.5845,95.1305,1.5843,0.8483,0.0,2400.0,0.0,6.1632
9.0,2026-05-06T20:01:35.457641+00:00,61.8646,0.4492,95.4474,1.2177,0.8483,0.0,2400.0,0.0,6.1308
9.5,2026-05-06T20:01:35.957654+00:00,61.9538,0.4089,95.6679,0.8896,0.8483,0.0,2400.0,0.0,6.0638
10.0,2026-05-06T20:01:36.463447+00:00,62.2769,0.5052,95.9761,0.7609,0.8483,0.0,2400.0,0.0,6.0312
10.500471,2026-05-06T20:01:36.958149+00:00,62.5252,0.3883,95.8891,0.554,0.8483,0.0,2400.0,0.0,6.0152
11.0,2026-05-06T20:01:37.457862+00:00,62.8433,0.4893,96.0304,0.3872,0.8483,0.0,2400.0,0.0,6.0074
11.5,2026-05-06T20:01:37.957690+00:00,62.8333,0.4397,96.1622,0.3439,0.8483,0.0,2400.0,0.0,5.9524
12.0,2026-05-06T20:01:38.457758+00:00,62.9529,0.338,96.1247,0.2258,0.8483,0.0,2400.0,0.0,5.9256
12.5,2026-05-06T20:01:38.962267+00:00,62.9175,0.1961,95.9801,0.1041,0.8483,0.0,2400.0,0.0,5.8613
13.0,2026-05-06T20:01:39.457668+00:00,63.0176,0.0871,95.8922,-0.028,0.8483,0.0,2400.0,0.0,5.8299
13.5,2026-05-06T20:01:39.957764+00:00,63.2218,0.1942,95.894,0.0016,0.8483,0.0,2400.0,0.0,5.8146
14.0,2026-05-06T20:01:40.457704+00:00,63.2514,0.1493,96.0342,0.0013,0.8483,0.0,2400.0,0.0,5.8071
14.5,2026-05-06T20:01:40.957644+00:00,63.5288,0.3056,96.0494,-0.0376,0.8483,0.0,2400.0,0.0,5.8035
15.0,2026-05-06T20:01:41.464751+00:00,63.742,0.3622,96.1537,0.0097,0.8483,0.0,2400.0,0.0,5.7505
15.5,2026-05-06T20:01:41.957888+00:00,63.9058,0.342,95.8636,-0.0388,0.8483,0.0,2400.0,0.0,5.7246
16.0,2026-05-06T20:01:42.457858+00:00,64.159,0.4538,96.0109,0.0396,0.8483,0.0,2400.0,0.0,5.712
16.5,2026-05-06T20:01:42.958071+00:00,64.2263,0.3488,95.8001,-0.0313,0.8483,0.0,2400.0,0.0,5.7059
17.000101,2026-05-06T20:01:43.457735+00:00,64.1508,0.2044,95.7306,-0.1012,0.8483,0.0,2400.0,0.0,5.7029
17.5,2026-05-06T20:01:43.961865+00:00,64.2201,0.1571,95.793,-0.0855,0.8483,0.0,2400.0,0.0,5.6502
18.0,2026-05-06T20:01:44.458174+00:00,64.4005,0.1208,95.5863,-0.1891,0.8483,0.0,2400.0,0.0,5.6245
18.5,2026-05-06T20:01:44.957808+00:00,64.412,0.0928,95.4275,-0.1454,0.8483,0.0,2400.0,0.0,5.612
19.0,2026-05-06T20:01:45.457640+00:00,64.548,0.1986,95.4443,-0.1889,0.8483,0.0,2400.0,0.0,5.6058
19.5,2026-05-06T20:01:45.957742+00:00,64.5254,0.1527,95.3183,-0.1606,0.8483,0.0,2400.0,0.0,5.5516
20.0,2026-05-06T20:01:46.462587+00:00,64.6352,0.1173,95.4529,-0.0926,0.8483,0.0,2400.0,0.0,5.5252
20.5,2026-05-06T20:01:46.957643+00:00,64.8469,0.2174,95.4638,-0.1097,0.8483,0.0,2400.0,0.0,5.5123
21.0,2026-05-06T20:01:47.457984+00:00,64.8823,0.1671,95.5416,-0.0149,0.8483,0.0,2400.0,0.0,5.506
21.5,2026-05-06T20:01:47.957679+00:00,64.9095,0.1921,95.6477,0.0734,0.8483,0.0,2400.0,0.0,5.5029
22.0,2026-05-06T20:01:48.457667+00:00,65.0577,0.2113,95.8681,0.1413,0.8483,0.0,2400.0,0.0,5.5014
22.5,2026-05-06T20:01:48.962573+00:00,64.9171,0.0351,96.0143,0.232,0.8483,0.0,2400.0,0.0,5.5007
23.0,2026-05-06T20:01:49.457655+00:00,65.0636,0.0906,96.011,0.186,0.8483,0.0,2400.0,0.0,5.5003
23.5,2026-05-06T20:01:49.957829+00:00,65.3034,0.1969,95.777,0.1044,0.8483,0.0,2400.0,0.0,5.5002
24.000062,2026-05-06T20:01:50.457819+00:00,65.3605,0.1514,95.8286,0.0957,0.8483,0.0,2400.0,0.0,5.5001
24.5,2026-05-06T20:01:50.958295+00:00,65.5316,0.3072,95.7294,0.0273,0.8483,0.0,2400.0,0.0,5.5
25.0,2026-05-06T20:01:51.463279+00:00,65.5358,0.2361,95.6301,-0.0793,0.8483,0.0,2400.0,0.0,5.5
25.5,2026-05-06T20:01:51.958196+00:00,65.6664,0.1815,95.6,-0.1381,0.8483,0.0,2400.0,0.0,5.5
26.0,2026-05-06T20:01:52.457649+00:00,66.0213,0.3304,95.6925,-0.1061,0.8483,0.0,2400.0,0.0,5.5
26.5,2026-05-06T20:01:52.957877+00:00,65.9122,0.1903,95.8562,0.0264,0.8483,0.0,2400.0,0.0,5.5
27.0,2026-05-06T20:01:53.457856+00:00,65.9557,0.2099,95.8664,0.0126,0.8483,0.0,2400.0,0.0,5.5
27.5001,2026-05-06T20:01:53.963722+00:00,65.9891,0.1613,95.8047,0.0251,0.8483,0.0,2400.0,0.0,5.4488
28.000074,2026-05-06T20:01:54.457726+00:00,65.8875,-0.0669,95.7342,0.0347,0.8483,0.0,2400.0,0.0,5.475
28.5,2026-05-06T20:01:54.957656+00:00,65.9366,0.0122,95.5643,-0.0119,0.8483,0.0,2400.0,0.0,5.4878
29.0,2026-05-06T20:01:55.457638+00:00,66.1017,0.073,95.804,0.0371,0.8483,0.0,2400.0,0.0,5.494
29.5,2026-05-06T20:01:55.957724+00:00,66.1013,0.0561,95.965,0.0363,0.8483,0.0,2400.0,0.0,5.4459
30.000186,2026-05-06T20:01:56.461614+00:00,66.2283,0.1704,96.0657,0.0664,0.8483,0.0,2400.0,0.0,5.4224
30.5,2026-05-06T20:01:56.957652+00:00,66.1986,0.131,96.0505,0.0819,0.8483,0.0,2400.0,0.0,5.4109
31.0,2026-05-06T20:01:57.457675+00:00,66.5576,0.2279,95.9231,0.063,0.8483,0.0,2400.0,0.0,5.4053
31.5,2026-05-06T20:01:57.957661+00:00,66.579,0.2388,96.1723,0.2027,0.8483,0.0,2400.0,0.0,5.4026
32.0,2026-05-06T20:01:58.457859+00:00,66.5954,0.1836,95.9936,0.0632,0.8483,0.0,2400.0,0.0,5.4013
32.5,2026-05-06T20:01:58.962314+00:00,66.608,0.2047,96.1339,0.0563,0.8483,0.0,2400.0,0.0,5.4006
33.0,2026-05-06T20:01:59.458269+00:00,66.745,0.0937,96.3343,0.0895,0.8483,0.0,2400.0,0.0,5.4003
33.5,2026-05-06T20:01:59.957657+00:00,66.8503,0.1357,96.257,0.0688,0.8483,0.0,2400.0,0.0,5.4001
34.0,2026-05-06T20:02:00.457672+00:00,66.9312,0.1679,96.1975,0.0915,0.8483,0.0,2400.0,0.0,5.4001
34.5,2026-05-06T20:02:00.957643+00:00,66.9934,0.1927,96.1518,-0.0068,0.8483,0.0,2400.0,0.0,5.4
35.0,2026-05-06T20:02:01.463764+00:00,67.1685,0.2117,96.0935,0.0333,0.8483,0.0,2400.0,0.0,5.4
35.5,2026-05-06T20:02:01.958371+00:00,67.1758,0.1627,95.9562,-0.0592,0.8483,0.0,2400.0,0.0,5.4
36.0,2026-05-06T20:02:02.459898+00:00,67.3087,0.1887,95.8506,-0.1612,0.8483,0.0,2400.0,0.0,5.4
36.5,2026-05-06T20:02:02.957772+00:00,67.4108,0.2087,95.8852,-0.1239,0.8483,0.0,2400.0,0.0,5.4
37.0,2026-05-06T20:02:03.457786+00:00,67.4893,0.1604,95.7961,-0.1338,0.8483,0.0,2400.0,0.0,5.4
37.5,2026-05-06T20:02:03.961804+00:00,67.5496,0.1869,95.8433,-0.1028,0.8483,0.0,2400.0,0.0,5.4
38.0,2026-05-06T20:02:04.458094+00:00,67.596,0.1437,95.7638,-0.1099,0.8483,0.0,2400.0,0.0,5.4
38.500076,2026-05-06T20:02:04.957727+00:00,67.6316,0.1104,95.7028,-0.0845,0.8483,0.0,2400.0,0.0,5.4
39.0,2026-05-06T20:02:05.457711+00:00,67.5317,0.0212,95.517,-0.1112,0.8483,0.0,2400.0,0.0,5.4
39.5,2026-05-06T20:02:05.957725+00:00,67.5822,0.0163,95.3742,-0.1703,0.8483,0.0,2400.0,0.0,5.4512
40.0,2026-05-06T20:02:06.463235+00:00,67.6211,0.0125,95.519,-0.0923,0.8483,0.0,2400.0,0.0,5.4762
40.5,2026-05-06T20:02:06.958139+00:00,67.9054,0.1369,95.7229,-0.0401,0.8483,0.0,2400.0,0.0,5.4884
41.0,2026-05-06T20:02:07.457632+00:00,67.9967,0.2325,95.6945,-0.0231,0.8483,0.0,2400.0,0.0,5.4943
41.5,2026-05-06T20:02:07.957827+00:00,68.0669,0.2423,95.6495,-0.0178,0.8483,0.0,2400.0,0.0,5.4972
42.0,2026-05-06T20:02:08.458316+00:00,68.2481,0.3135,95.8463,0.1098,0.8483,0.0,2400.0,0.0,5.4986
42.5,2026-05-06T20:02:08.965124+00:00,68.3874,0.241,95.9975,0.2078,0.8483,0.0,2400.0,0.0,5.4481
43.0,2026-05-06T20:02:09.457636+00:00,68.3672,0.1852,95.9981,0.1597,0.8483,0.0,2400.0,0.0,5.4747
43.5,2026-05-06T20:02:09.957663+00:00,68.3516,0.1424,95.9986,0.0919,0.8483,0.0,2400.0,0.0,5.4365
44.0,2026-05-06T20:02:10.458234+00:00,68.3397,0.0458,95.7675,0.0243,0.8483,0.0,2400.0,0.0,5.4178
44.5,2026-05-06T20:02:10.957765+00:00,68.3305,-0.0284,95.937,0.0958,0.8483,0.0,2400.0,0.0,5.4087
45.000028,2026-05-06T20:02:11.462431+00:00,68.3234,-0.0219,95.859,0.0042,0.8483,0.0,2400.0,0.0,5.4042
45.5,2026-05-06T20:02:11.957654+00:00,68.4453,0.0468,95.8916,-0.0353,0.8483,0.0,2400.0,0.0,5.4021
46.0,2026-05-06T20:02:12.457909+00:00,68.6662,0.1633,95.801,-0.0657,0.8483,0.0,2400.0,0.0,5.401
46.5,2026-05-06T20:02:12.957750+00:00,68.7087,0.1891,95.7082,-0.0968,0.8483,0.0,2400.0,0.0,5.4005
47.00042,2026-05-06T20:02:13.458490+00:00,68.7414,0.209,95.7526,-0.005,0.8483,0.0,2400.0,0.0,5.4002
47.5,2026-05-06T20:02:13.963292+00:00,68.7665,0.1606,95.9255,-0.0038,0.8483,0.0,2400.0,0.0,5.4001
48.0,2026-05-06T20:02:14.457650+00:00,68.6586,-0.0038,96.0585,0.0665,0.8483,0.0,2400.0,0.0,5.4001
48.5,2026-05-06T20:02:14.957666+00:00,68.7029,-0.0029,96.1606,0.0897,0.8483,0.0,2400.0,0.0,5.4
49.0,2026-05-06T20:02:15.458362+00:00,68.7369,-0.0023,96.2392,0.1461,0.8483,0.0,2400.0,0.0,5.4
49.5,2026-05-06T20:02:15.957697+00:00,68.7631,-0.0017,96.1838,0.1585,0.8483,0.0,2400.0,0.0,5.4
50.0,2026-05-06T20:02:16.463697+00:00,68.9105,0.1259,96.257,0.1681,0.8483,0.0,2400.0,0.0,5.4
50.5,2026-05-06T20:02:16.957675+00:00,69.151,0.2241,96.0818,0.0521,0.8483,0.0,2400.0,0.0,5.4
51.0,2026-05-06T20:02:17.457664+00:00,69.3359,0.2995,96.0629,0.0015,0.8483,0.0,2400.0,0.0,5.4
51.5,2026-05-06T20:02:17.957861+00:00,69.2235,0.2302,96.164,0.0011,0.8483,0.0,2400.0,0.0,5.4
52.0,2026-05-06T20:02:18.457890+00:00,69.2643,0.1769,96.2418,0.0009,0.8483,0.0,2400.0,0.0,5.4
52.5,2026-05-06T20:02:18.964367+00:00,69.423,0.136,96.1858,0.0007,0.8483,0.0,2400.0,0.0,5.4
53.0,2026-05-06T20:02:19.457946+00:00,69.2904,-0.0228,96.2585,0.0005,0.8483,0.0,2400.0,0.0,5.4
53.5,2026-05-06T20:02:19.957715+00:00,69.3158,0.0461,96.083,0.0004,0.8483,0.0,2400.0,0.0,5.4
54.0,2026-05-06T20:02:20.457681+00:00,69.5898,0.1627,95.9481,-0.0383,0.8483,0.0,2400.0,0.0,5.4
54.5,2026-05-06T20:02:20.958118+00:00,69.8004,0.1887,95.9601,-0.068,0.8483,0.0,2400.0,0.0,5.4
55.0,2026-05-06T20:02:21.462057+00:00,69.7078,0.2087,96.085,-0.0522,0.8483,0.0,2400.0,0.0,5.4
55.5,2026-05-06T20:02:21.957709+00:00,69.8911,0.2877,95.834,-0.1173,0.8483,0.0,2400.0,0.0,5.3488
56.0,2026-05-06T20:02:22.458152+00:00,70.1593,0.2847,95.8492,-0.1364,0.8483,0.0,2400.0,0.0,5.3238
56.500776,2026-05-06T20:02:22.958495+00:00,70.2381,0.2188,95.8841,-0.0663,0.8483,0.0,2400.0,0.0,5.3116
57.0,2026-05-06T20:02:23.457691+00:00,70.0442,0.1682,96.0266,0.0262,0.8483,0.0,2400.0,0.0,5.3057
57.5,2026-05-06T20:02:23.964704+00:00,70.0224,0.0656,96.0205,0.0201,0.8483,0.0,2400.0,0.0,5.3028
58.0,2026-05-06T20:02:24.457935+00:00,70.2602,0.0505,95.9,-0.0617,0.8483,0.0,2400.0,0.0,5.3526
58.5,2026-05-06T20:02:24.957817+00:00,70.1884,-0.0249,96.0389,0.0683,0.8483,0.0,2400.0,0.0,5.3768
59.0,2026-05-06T20:02:25.457904+00:00,70.2605,0.1082,95.9142,0.0216,0.8483,0.0,2400.0,0.0,5.3887
59.5,2026-05-06T20:02:25.957676+00:00,70.4432,0.2104,96.0497,0.0552,0.8483,0.0,2400.0,0.0,5.3945
60.0,2026-05-06T20:02:26.466626+00:00,70.7109,0.2254,95.9225,-0.0347,0.8483,0.0,2400.0,0.0,5.3973
60.5,2026-05-06T20:02:26.957708+00:00,70.5348,0.1732,96.0562,0.0119,0.8483,0.0,2400.0,0.0,5.3987
61.0,2026-05-06T20:02:27.457648+00:00,70.9086,0.324,95.9275,0.0091,0.8483,0.0,2400.0,0.0,5.3994
61.5,2026-05-06T20:02:27.957671+00:00,70.814,0.1854,95.8285,-0.0701,0.8483,0.0,2400.0,0.0,5.3997
62.0,2026-05-06T20:02:28.457832+00:00,70.9959,0.1425,95.8682,-0.0153,0.8483,0.0,2400.0,0.0,5.3998
62.5,2026-05-06T20:02:28.963853+00:00,70.8811,0.1732,96.0144,-0.0118,0.8483,0.0,2400.0,0.0,5.3999
63.0,2026-05-06T20:02:29.457731+00:00,70.9202,0.0058,96.1268,0.0681,0.8483,0.0,2400.0,0.0,5.4
63.5,2026-05-06T20:02:29.957971+00:00,70.9503,0.0681,96.0974,0.0138,0.8483,0.0,2400.0,0.0,5.4
64.0,2026-05-06T20:02:30.457685+00:00,71.1006,0.0524,96.0749,0.0491,0.8483,0.0,2400.0,0.0,5.4
64.5,2026-05-06T20:02:30.957662+00:00,71.2162,0.1675,96.1733,0.1149,0.8483,0.0,2400.0,0.0,5.4
65.0,2026-05-06T20:02:31.462709+00:00,71.305,0.1924,96.0175,0.0498,0.8483,0.0,2400.0,0.0,5.4
65.5,2026-05-06T20:02:31.957647+00:00,71.3733,0.2115,96.1291,0.0382,0.8483,0.0,2400.0,0.0,5.4
66.0,2026-05-06T20:02:32.457898+00:00,71.553,0.2262,95.8678,-0.0863,0.8483,0.0,2400.0,0.0,5.4
66.5,2026-05-06T20:02:32.957778+00:00,71.6911,0.2375,95.8984,-0.0663,0.8483,0.0,2400.0,0.0,5.3488
67.0,2026-05-06T20:02:33.458149+00:00,71.7973,0.2462,95.8062,-0.0896,0.8483,0.0,2400.0,0.0,5.375
67.501012,2026-05-06T20:02:33.962799+00:00,71.7517,0.1892,95.8511,-0.1074,0.8483,0.0,2400.0,0.0,5.3878
68.000028,2026-05-06T20:02:34.457994+00:00,71.9711,0.2091,95.7698,-0.0825,0.8483,0.0,2400.0,0.0,5.394
68.5,2026-05-06T20:02:34.957671+00:00,72.0125,0.1607,95.8231,-0.102,0.8483,0.0,2400.0,0.0,5.3971
69.0,2026-05-06T20:02:35.457681+00:00,72.0443,0.1235,95.7483,-0.0398,0.8483,0.0,2400.0,0.0,5.3986
69.5,2026-05-06T20:02:35.957815+00:00,71.9415,0.0949,95.9223,0.0079,0.8483,0.0,2400.0,0.0,5.3993
70.0,2026-05-06T20:02:36.462447+00:00,72.117,0.073,95.9403,0.0447,0.8483,0.0,2400.0,0.0,5.3997
70.5,2026-05-06T20:02:36.957887+00:00,71.9974,-0.0076,95.9541,0.0343,0.8483,0.0,2400.0,0.0,5.3998
71.0,2026-05-06T20:02:37.458407+00:00,72.0327,-0.0058,95.9647,0.065,0.8483,0.0,2400.0,0.0,5.3999
71.5,2026-05-06T20:02:37.957671+00:00,72.0598,0.0592,96.0886,0.0885,0.8483,0.0,2400.0,0.0,5.4
72.0,2026-05-06T20:02:38.457652+00:00,72.0807,-0.0182,96.1838,0.1451,0.8483,0.0,2400.0,0.0,5.4
72.5,2026-05-06T20:02:38.961594+00:00,71.9695,-0.014,96.0256,0.0344,0.8483,0.0,2400.0,0.0,5.3488
73.0,2026-05-06T20:02:39.457692+00:00,71.7567,-0.138,96.0196,0.0265,0.8483,0.0,2400.0,0.0,5.375
73.5,2026-05-06T20:02:39.957665+00:00,71.8477,-0.1061,96.0151,0.0203,0.8483,0.0,2400.0,0.0,5.3878
74.0,2026-05-06T20:02:40.457921+00:00,72.0449,-0.0179,96.0116,0.0156,0.8483,0.0,2400.0,0.0,5.394
74.500741,2026-05-06T20:02:40.958433+00:00,72.1965,0.1135,96.1246,0.012,0.8483,0.0,2400.0,0.0,5.3971
75.0,2026-05-06T20:02:41.461936+00:00,72.4403,0.3418,95.8644,-0.1065,0.8483,0.0,2400.0,0.0,5.3986
75.5,2026-05-06T20:02:41.957701+00:00,72.5004,0.3263,95.7801,-0.0818,0.8483,0.0,2400.0,0.0,5.3993
76.0,2026-05-06T20:02:42.457785+00:00,72.4193,0.1872,95.5996,-0.14,0.8483,0.0,2400.0,0.0,5.3997
76.5,2026-05-06T20:02:42.957633+00:00,72.4843,0.1439,95.5765,-0.1462,0.8483,0.0,2400.0,0.0,5.3486
77.0,2026-05-06T20:02:43.457743+00:00,72.5342,0.0469,95.7902,-0.0738,0.8483,0.0,2400.0,0.0,5.3237
77.5,2026-05-06T20:02:43.961640+00:00,72.6998,0.0997,95.7231,-0.1339,0.8483,0.0,2400.0,0.0,5.3116
78.000177,2026-05-06T20:02:44.458237+00:00,72.6999,0.1403,95.9028,0.0128,0.8483,0.0,2400.0,0.0,5.3569
78.5,2026-05-06T20:02:44.958177+00:00,72.8272,0.1715,95.8096,0.0099,0.8483,0.0,2400.0,0.0,5.3789
79.000314,2026-05-06T20:02:45.457981+00:00,72.925,0.1954,95.9694,0.1233,0.8483,0.0,2400.0,0.0,5.3897
79.5,2026-05-06T20:02:45.957779+00:00,72.8729,0.0866,95.8376,0.087,0.8483,0.0,2400.0,0.0,5.395
80.0,2026-05-06T20:02:46.473231+00:00,73.0875,0.1938,95.7595,-0.0102,0.8483,0.0,2400.0,0.0,5.3976
80.5,2026-05-06T20:02:46.957824+00:00,73.2523,0.2126,95.6994,-0.0079,0.8483,0.0,2400.0,0.0,5.45
81.0,2026-05-06T20:02:47.457965+00:00,73.3791,0.227,95.769,-0.0446,0.8483,0.0,2400.0,0.0,5.4244
81.5,2026-05-06T20:02:47.958019+00:00,73.6037,0.3654,95.8225,0.0043,0.8483,0.0,2400.0,0.0,5.4119
82.0,2026-05-06T20:02:48.457941+00:00,73.7764,0.3445,95.7478,-0.0738,0.8483,0.0,2400.0,0.0,5.4058
82.5,2026-05-06T20:02:48.968353+00:00,73.6546,0.2011,95.8062,-0.0105,0.8483,0.0,2400.0,0.0,5.4028
83.0,2026-05-06T20:02:49.457683+00:00,74.0701,0.3455,95.9436,0.0614,0.8483,0.0,2400.0,0.0,5.4014
83.5,2026-05-06T20:02:49.957653+00:00,74.0076,0.2019,95.9566,0.0857,0.8483,0.0,2400.0,0.0,5.4007
84.0,2026-05-06T20:02:50.457702+00:00,74.0868,0.1552,95.9667,0.0659,0.8483,0.0,2400.0,0.0,5.4003
84.5,2026-05-06T20:02:50.957724+00:00,74.0204,0.1829,95.9744,0.0506,0.8483,0.0,2400.0,0.0,5.4002
85.0,2026-05-06T20:02:51.462456+00:00,73.8422,-0.114,95.8646,0.0389,0.8483,0.0,2400.0,0.0,5.4001
85.5,2026-05-06T20:02:51.957807+00:00,73.8324,-0.0876,95.7802,-0.0086,0.8483,0.0,2400.0,0.0,5.4
86.0,2026-05-06T20:02:52.458208+00:00,73.8249,-0.131,95.9468,0.0011,0.8483,0.0,2400.0,0.0,5.4
86.500163,2026-05-06T20:02:52.958051+00:00,73.6919,-0.1643,95.8434,-0.0377,0.8483,0.0,2400.0,0.0,5.4
87.000061,2026-05-06T20:02:53.457812+00:00,73.7169,-0.0626,95.8796,-0.029,0.8483,0.0,2400.0,0.0,5.4
87.5,2026-05-06T20:02:53.961648+00:00,73.9907,0.0791,95.7918,-0.0609,0.8483,0.0,2400.0,0.0,5.4
88.0,2026-05-06T20:02:54.457702+00:00,74.0738,0.1245,95.84,-0.0082,0.8483,0.0,2400.0,0.0,5.4
88.5,2026-05-06T20:02:54.957726+00:00,74.265,0.2866,95.9927,0.0708,0.8483,0.0,2400.0,0.0,5.4
89.0,2026-05-06T20:02:55.457666+00:00,74.4119,0.3475,96.1101,0.0544,0.8483,0.0,2400.0,0.0,5.4
89.5,2026-05-06T20:02:55.957677+00:00,74.3976,0.2035,96.0846,0.0804,0.8483,0.0,2400.0,0.0,5.4
90.001005,2026-05-06T20:02:56.463919+00:00,74.5139,0.22,96.065,0.0618,0.8483,0.0,2400.0,0.0,5.4
90.500141,2026-05-06T20:02:56.957795+00:00,74.4759,0.1055,95.9343,0.0475,0.8483,0.0,2400.0,0.0,5.4
91.0,2026-05-06T20:02:57.457720+00:00,74.4468,0.0174,96.0652,0.0751,0.8483,0.0,2400.0,0.0,5.4
91.5,2026-05-06T20:02:57.957860+00:00,74.5517,0.077,96.0501,0.0191,0.8483,0.0,2400.0,0.0,5.4
92.0,2026-05-06T20:02:58.457671+00:00,74.8868,0.1865,96.0385,-0.0239,0.8483,0.0,2400.0,0.0,5.4
92.5,2026-05-06T20:02:58.961909+00:00,74.8899,0.207,96.0296,-0.0183,0.8483,0.0,2400.0,0.0,5.3488
93.0,2026-05-06T20:02:59.457797+00:00,75.0195,0.2863,95.9071,-0.0527,0.8483,0.0,2400.0,0.0,5.375
93.5,2026-05-06T20:02:59.958671+00:00,74.9918,0.2201,95.9286,-0.0019,0.8483,0.0,2400.0,0.0,5.3878
94.0,2026-05-06T20:03:00.457644+00:00,74.9706,0.0419,96.0608,-0.0015,0.8483,0.0,2400.0,0.0,5.394
94.5,2026-05-06T20:03:00.957671+00:00,74.827,-0.0314,95.931,-0.0397,0.8483,0.0,2400.0,0.0,5.3971
95.0,2026-05-06T20:03:01.463299+00:00,74.8439,-0.0878,96.1784,0.0466,0.8483,0.0,2400.0,0.0,5.3986
95.5,2026-05-06T20:03:01.958065+00:00,74.8569,-0.0675,96.1371,0.0358,0.8483,0.0,2400.0,0.0,5.3993
96.0,2026-05-06T20:03:02.457725+00:00,74.7396,-0.1155,96.2211,0.1047,0.8483,0.0,2400.0,0.0,5.3997
96.5,2026-05-06T20:03:02.957837+00:00,75.0312,0.1021,96.0542,0.0419,0.8483,0.0,2400.0,0.0,5.3998
97.00005,2026-05-06T20:03:03.458041+00:00,75.2554,0.2058,96.0417,-0.0064,0.8483,0.0,2400.0,0.0,5.3999
97.5,2026-05-06T20:03:03.961805+00:00,75.4277,0.2854,96.1477,0.0722,0.8483,0.0,2400.0,0.0,5.4
98.0,2026-05-06T20:03:04.457726+00:00,75.1783,0.2194,96.1135,-0.0216,0.8483,0.0,2045.94,-354.06,5.4512
98.5,2026-05-06T20:03:04.957725+00:00,74.7321,-0.1496,95.9716,-0.0552,0.8483,0.0,1900.8108,-499.1892,5.4762
99.000347,2026-05-06T20:03:05.458129+00:00,74.3892,-0.4331,95.7236,-0.1658,0.8483,0.0,1841.3223,-204.6177,5.4884
99.5,2026-05-06T20:03:05.957732+00:00,73.871,-0.7783,95.9033,-0.0503,0.8483,0.0,1816.938,-83.8728,5.4943
100.0,2026-05-06T20:03:06.462012+00:00,73.6,-0.7891,95.9257,-0.0387,0.7996,-0.0487,1806.9429,-34.3795,5.4972
100.5,2026-05-06T20:03:06.957719+00:00,73.1372,-0.7974,95.9429,-0.0683,0.7797,-0.0686,1802.8459,-14.0921,5.4986
101.0,2026-05-06T20:03:07.458078+00:00,73.0361,-0.6765,95.7015,-0.1373,0.7715,-0.0281,1801.1665,-5.7764,5.4993
101.500212,2026-05-06T20:03:07.957947+00:00,72.9583,-0.4564,95.8863,-0.0284,0.7681,-0.0115,1800.4782,-2.3677,5.4997
102.000072,2026-05-06T20:03:08.457832+00:00,72.8985,-0.3508,96.0283,0.1016,0.7668,-0.0047,1800.196,-0.9705,5.4998
102.5,2026-05-06T20:03:08.962070+00:00,72.7253,-0.206,96.1375,0.0781,0.7662,-0.0019,1800.0803,-0.3978,5.4487
103.0,2026-05-06T20:03:09.457735+00:00,72.5922,-0.2219,96.0825,0.0523,0.766,-0.0008,1800.0329,-0.1631,5.475
103.5,2026-05-06T20:03:09.958036+00:00,72.4899,-0.2342,96.1791,0.0788,0.7659,-0.0003,1800.0135,-0.0668,5.4878
104.000654,2026-05-06T20:03:10.458353+00:00,72.4112,-0.2437,96.2534,0.1839,0.7658,-0.0001,1800.0055,-0.0274,5.494
104.5,2026-05-06T20:03:10.957854+00:00,72.478,-0.1236,96.3104,0.1414,0.7658,-0.0001,1800.0023,-0.0112,5.4971
105.000141,2026-05-06T20:03:11.463834+00:00,72.4021,-0.095,96.2386,0.0701,0.7658,-0.0,1800.0009,-0.0046,5.4986
105.5,2026-05-06T20:03:11.957716+00:00,72.4711,-0.0094,96.1834,0.0153,0.7658,-0.0,1800.0004,-0.0019,5.4481
106.0,2026-05-06T20:03:12.457884+00:00,72.3968,-0.0072,96.3724,0.0966,0.7658,-0.0,1800.0002,-0.0008,5.4235
106.5,2026-05-06T20:03:12.957806+00:00,72.3397,-0.0692,96.4019,0.0743,0.7658,-0.0,1800.0001,-0.0003,5.4115
107.0,2026-05-06T20:03:13.457732+00:00,72.2958,-0.0532,96.5403,0.0956,0.7658,-0.0,1800.0,-0.0001,5.4056
107.5,2026-05-06T20:03:13.963034+00:00,72.3893,-0.0409,96.7624,0.1506,0.7658,-0.0,1800.0,-0.0001,5.4027
108.0,2026-05-06T20:03:14.458004+00:00,72.5885,0.0959,96.8174,0.1929,0.7658,-0.0,1800.0,-0.0,5.4525
108.5,2026-05-06T20:03:14.958088+00:00,72.3597,0.01,96.8596,0.2254,0.7658,-0.0,1800.0,-0.0,5.4768
109.0,2026-05-06T20:03:15.457762+00:00,72.1839,-0.0559,96.8921,0.1732,0.7658,-0.0,1800.0,-0.0,5.4887
109.500513,2026-05-06T20:03:15.958265+00:00,72.0488,-0.1702,96.8014,0.1332,0.7658,-0.0,1800.0,-0.0,5.4945
110.0,2026-05-06T20:03:16.463145+00:00,72.1995,-0.1945,96.7316,0.0638,0.7658,-0.0,1800.0,-0.0,5.4973
110.5,2026-05-06T20:03:16.957732+00:00,72.0608,-0.1495,96.678,-0.0281,0.7658,-0.0,1800.0,-0.0,5.4475
111.000399,2026-05-06T20:03:17.458102+00:00,72.0814,-0.0513,96.7525,-0.0216,0.7658,-0.0,1800.0,-0.0,5.4232
111.5,2026-05-06T20:03:17.957758+00:00,72.0973,0.0242,96.5784,-0.0937,0.7658,-0.0,1800.0,-0.0,5.4113
112.0,2026-05-06T20:03:18.457750+00:00,71.9822,-0.1086,96.4446,-0.1492,0.7658,-0.0,1800.0,-0.0,5.4055
112.5,2026-05-06T20:03:18.964573+00:00,72.021,-0.0199,96.226,-0.1918,0.7658,-0.0,1800.0,-0.0,5.4027
113.0,2026-05-06T20:03:19.458227+00:00,72.1782,0.0484,96.2894,-0.1474,0.7658,-0.0,1800.0,-0.0,5.4525
113.5,2026-05-06T20:03:19.957725+00:00,72.0444,-0.0265,96.2224,-0.1519,0.7658,-0.0,1800.0,-0.0,5.4256
114.0,2026-05-06T20:03:20.457751+00:00,72.0688,0.0433,96.171,-0.1939,0.7658,-0.0,1800.0,-0.0,5.4125
114.5,2026-05-06T20:03:20.957736+00:00,72.2149,0.0969,96.1314,-0.149,0.7658,-0.0,1800.0,-0.0,5.4061
115.0,2026-05-06T20:03:21.462408+00:00,72.4544,0.1381,96.101,-0.1145,0.7658,-0.0,1800.0,-0.0,5.403
115.5,2026-05-06T20:03:21.957749+00:00,72.7658,0.3607,96.309,0.0277,0.7658,-0.0,1800.0,-0.0,5.4527
116.000656,2026-05-06T20:03:22.458360+00:00,72.6233,0.2772,96.2375,-0.0173,0.7658,-0.0,1800.0,-0.0,5.4769
116.5,2026-05-06T20:03:22.957833+00:00,72.5138,0.1494,96.2983,0.0253,0.7658,-0.0,1800.0,-0.0,5.4887
117.0,2026-05-06T20:03:23.457779+00:00,72.5569,0.0512,96.2292,0.0194,0.7658,-0.0,1800.0,-0.0,5.4945
117.5,2026-05-06T20:03:23.962974+00:00,72.59,-0.0879,96.1531,0.0072,0.7658,-0.0,1800.0,-0.0,5.4461
118.0,2026-05-06T20:03:24.457846+00:00,72.4882,-0.0676,96.0019,-0.033,0.7658,-0.0,1800.0,-0.0,5.4737
118.5,2026-05-06T20:03:24.957945+00:00,72.5372,0.0117,96.2329,-0.0254,0.7658,-0.0,1800.0,0.0,5.436
119.0,2026-05-06T20:03:25.457716+00:00,72.4476,-0.0546,96.2947,0.0191,0.7658,-0.0,1800.0,0.0,5.4176
119.5,2026-05-06T20:03:25.958314+00:00,72.3787,-0.1056,96.4579,0.0532,0.7658,-0.0,1800.0,0.0,5.4086
120.0,2026-05-06T20:03:26.462547+00:00,72.4531,-0.0175,96.5833,0.118,0.7658,-0.0,1800.0,0.0,5.4042
120.5,2026-05-06T20:03:26.957698+00:00,72.5102,-0.0135,96.5641,0.137,0.7658,0.0,1800.0,0.0,5.402
121.0,2026-05-06T20:03:27.457794+00:00,72.6814,0.1169,96.3178,0.1053,0.7658,0.0,1800.0,0.0,5.401
121.5,2026-05-06T20:03:27.958298+00:00,72.6857,0.1535,96.3368,0.0347,0.7658,0.0,1800.0,0.0,5.4005
122.0,2026-05-06T20:03:28.457909+00:00,72.689,0.118,96.3746,0.0266,0.7658,0.0,1800.0,0.0,5.4002
122.5,2026-05-06T20:03:28.967468+00:00,72.8188,0.1543,96.2879,-0.0567,0.7658,0.0,1800.0,0.0,5.4001
123.0,2026-05-06T20:03:29.457998+00:00,72.9186,0.1186,96.2213,-0.1207,0.7658,0.0,1800.0,0.0,5.4001
123.5,2026-05-06T20:03:29.957795+00:00,72.9953,0.1548,95.9387,-0.2085,0.7658,0.0,1800.0,0.0,5.4
124.0,2026-05-06T20:03:30.457768+00:00,72.927,0.119,95.9529,-0.1217,0.7658,0.0,1800.0,0.0,5.4
124.5,2026-05-06T20:03:30.958108+00:00,73.0017,0.0914,95.9638,-0.1244,0.7658,0.0,1800.0,0.0,5.4
125.0,2026-05-06T20:03:31.463810+00:00,73.0592,0.0703,96.0879,-0.0956,0.7658,0.0,1800.0,0.0,5.4
125.500334,2026-05-06T20:03:31.958370+00:00,73.1033,0.054,96.1832,-0.0349,0.7658,0.0,1800.0,0.0,5.4
126.0,2026-05-06T20:03:32.457723+00:00,73.1373,0.1052,96.3722,0.0503,0.7658,0.0,1800.0,0.0,5.4
126.500212,2026-05-06T20:03:32.957951+00:00,73.1634,0.0808,96.5175,0.1929,0.7658,0.0,1800.0,0.0,5.4
127.0,2026-05-06T20:03:33.457737+00:00,73.0561,-0.0015,96.5134,0.1869,0.7658,0.0,1800.0,0.0,5.3488
127.5,2026-05-06T20:03:33.962398+00:00,72.9737,-0.0648,96.7417,0.2593,0.7658,0.0,1800.0,0.0,5.3238
128.0,2026-05-06T20:03:34.457717+00:00,72.7831,-0.1771,96.8015,0.2379,0.7658,0.0,1800.0,0.0,5.3628
128.5,2026-05-06T20:03:34.957735+00:00,72.7639,-0.1997,96.8474,0.2214,0.7658,0.0,1800.0,0.0,5.3819
129.0,2026-05-06T20:03:35.457719+00:00,72.7491,-0.1535,96.7439,0.1239,0.7658,0.0,1800.0,0.0,5.3911
129.5,2026-05-06T20:03:35.958419+00:00,72.4832,-0.2453,96.6875,0.0567,0.7658,0.0,1800.0,0.0,5.3957
130.0,2026-05-06T20:03:36.468589+00:00,72.5334,-0.1249,96.4127,-0.0336,0.7658,0.0,1800.0,0.0,5.3979
130.5,2026-05-06T20:03:36.957948+00:00,72.5719,-0.096,96.0858,-0.2186,0.7658,0.0,1800.0,0.0,5.399
131.0,2026-05-06T20:03:37.457886+00:00,72.8561,0.0535,96.2973,-0.1681,0.7658,0.0,1800.0,0.0,5.3995
131.500397,2026-05-06T20:03:37.958125+00:00,72.82,0.1684,96.3442,-0.1677,0.7658,0.0,1800.0,0.0,5.3998
132.0,2026-05-06T20:03:38.458044+00:00,72.7922,0.1294,96.2646,-0.1598,0.7658,0.0,1800.0,0.0,5.3999
132.5,2026-05-06T20:03:38.962809+00:00,72.8981,0.1631,96.5505,-0.0457,0.7658,0.0,1800.0,0.0,5.3999
133.0,2026-05-06T20:03:39.457781+00:00,72.8523,-0.0019,96.5388,0.042,0.7658,0.0,1800.0,0.0,5.4512
133.5,2026-05-06T20:03:39.957804+00:00,72.6898,-0.0651,96.7612,0.2251,0.7658,0.0,1800.0,0.0,5.4762
134.0,2026-05-06T20:03:40.457729+00:00,72.9467,0.0772,96.8165,0.173,0.7658,0.0,1800.0,0.0,5.4884
134.5,2026-05-06T20:03:40.957745+00:00,73.0169,0.0594,96.7432,0.133,0.7658,0.0,1800.0,0.0,5.4943
135.0,2026-05-06T20:03:41.465388+00:00,73.1981,0.1729,96.5712,0.1022,0.7658,0.0,1800.0,0.0,5.4972
135.500446,2026-05-06T20:03:41.958181+00:00,73.2101,0.2602,96.5316,-0.0063,0.7658,0.0,1800.0,0.0,5.4474
136.000124,2026-05-06T20:03:42.457857+00:00,73.2193,0.1363,96.2929,-0.082,0.7658,0.0,1800.0,0.0,5.4232
136.500086,2026-05-06T20:03:42.957814+00:00,73.2264,0.1048,96.2251,-0.1787,0.7658,0.0,1800.0,0.0,5.4113
137.0,2026-05-06T20:03:43.457704+00:00,72.9773,-0.1104,96.2887,-0.1759,0.7658,0.0,1800.0,0.0,5.4055
137.5,2026-05-06T20:03:43.962750+00:00,73.0404,-0.0848,96.3376,-0.1352,0.7658,0.0,1800.0,0.0,5.4027
138.000468,2026-05-06T20:03:44.458703+00:00,73.0889,-0.0652,96.2595,-0.1039,0.7658,0.0,1800.0,0.0,5.4013
138.5,2026-05-06T20:03:44.957712+00:00,73.2535,0.0135,96.0837,-0.1493,0.7658,0.0,1800.0,0.0,5.4006
139.0,2026-05-06T20:03:45.457712+00:00,73.3799,0.2013,96.0644,-0.0762,0.7658,0.0,1800.0,0.0,5.4003
139.500116,2026-05-06T20:03:45.957853+00:00,73.4771,0.2184,95.9338,-0.0971,0.7658,0.0,1800.0,0.0,5.4002
140.000343,2026-05-06T20:03:46.463922+00:00,73.17,0.0406,95.8334,-0.1518,0.7658,0.0,1800.0,0.0,5.4001
140.5,2026-05-06T20:03:46.957826+00:00,73.1885,-0.0325,95.7562,-0.1938,0.7658,0.0,1800.0,0.0,5.4
141.0,2026-05-06T20:03:47.457725+00:00,73.33,-0.025,95.9284,-0.1104,0.7658,0.0,1800.0,0.0,5.4
141.500078,2026-05-06T20:03:47.957794+00:00,73.3115,-0.0828,95.9449,-0.0463,0.7658,0.0,1800.0,0.0,5.4
142.0,2026-05-06T20:03:48.457760+00:00,73.2973,0.0636,95.9577,-0.0356,0.7658,0.0,1800.0,0.0,5.4512
142.5,2026-05-06T20:03:48.963587+00:00,73.2863,0.0489,95.9675,0.0112,0.7658,0.0,1800.0,0.0,5.4762
143.0,2026-05-06T20:03:49.457688+00:00,73.2779,-0.0261,96.0907,0.0858,0.7658,0.0,1800.0,0.0,5.4884
143.500997,2026-05-06T20:03:49.958945+00:00,73.3987,0.0436,96.1854,0.1431,0.7658,0.0,1800.0,0.0,5.4943
144.0,2026-05-06T20:03:50.457726+00:00,73.4916,0.0972,96.2582,0.11,0.7658,0.0,1800.0,0.0,5.4972
144.5,2026-05-06T20:03:50.957692+00:00,73.563,0.1383,96.4299,0.1616,0.7658,0.0,1800.0,0.0,5.4474
145.0,2026-05-06T20:03:51.463541+00:00,73.3633,0.0427,96.2147,0.0857,0.7658,0.0,1800.0,0.0,5.4232
145.5,2026-05-06T20:03:51.958079+00:00,73.5916,0.0964,95.9105,-0.019,0.7658,0.0,1800.0,0.0,5.4625
146.0,2026-05-06T20:03:52.457756+00:00,73.5126,0.0105,95.9312,-0.0532,0.7658,0.0,1800.0,0.0,5.4817
146.5,2026-05-06T20:03:52.958325+00:00,73.4518,-0.0556,95.8314,-0.118,0.7658,0.0,1800.0,0.0,5.4399
147.0,2026-05-06T20:03:53.457754+00:00,73.6596,0.1482,95.963,-0.0984,0.7658,0.0,1800.0,0.0,5.4195
147.5,2026-05-06T20:03:53.962502+00:00,73.6921,0.0503,96.0872,-0.1142,0.7658,0.0,1800.0,0.0,5.4095
148.0,2026-05-06T20:03:54.457701+00:00,73.4625,-0.025,95.8357,-0.1263,0.7658,0.0,1800.0,0.0,5.4046
148.5,2026-05-06T20:03:54.958256+00:00,73.6679,0.1081,95.9662,0.0186,0.7658,0.0,1800.0,0.0,5.4023
149.000197,2026-05-06T20:03:55.457931+00:00,73.6985,0.0194,96.0898,0.0529,0.7658,0.0,1800.0,0.0,5.4011
149.5,2026-05-06T20:03:55.957720+00:00,73.5947,-0.0487,96.1847,0.1178,0.7658,0.0,1800.0,0.0,5.4005
150.0,2026-05-06T20:03:56.462260+00:00,73.6422,0.0898,96.0263,0.0211,0.7658,0.0,1800.0,0.0,5.4003
150.500349,2026-05-06T20:03:56.958149+00:00,73.6787,0.0054,95.9045,-0.0609,0.7658,0.0,1800.0,0.0,5.4001
151.0,2026-05-06T20:03:57.457740+00:00,73.7068,0.0042,96.0423,0.0689,0.7658,0.0,1800.0,0.0,5.4001
151.5,2026-05-06T20:03:57.957737+00:00,73.7284,0.0668,96.0325,0.0221,0.7658,0.0,1800.0,0.0,5.4
152.0,2026-05-06T20:03:58.457755+00:00,73.8722,0.115,96.1407,0.017,0.7658,0.0,1800.0,0.0,5.4
152.5,2026-05-06T20:03:58.962504+00:00,73.601,-0.0389,96.2238,0.013,0.7658,0.0,1800.0,0.0,5.4
153.0,2026-05-06T20:03:59.457697+00:00,73.7743,0.0338,96.4034,0.1257,0.7658,0.0,1800.0,0.0,5.4512
153.5,2026-05-06T20:03:59.957698+00:00,73.7802,0.0259,96.4258,0.1738,0.7658,0.0,1800.0,0.0,5.425
154.0,2026-05-06T20:04:00.457912+00:00,73.9121,0.0199,96.443,0.1336,0.7658,0.0,1800.0,0.0,5.4122
154.5,2026-05-06T20:04:00.957804+00:00,74.1407,0.2699,96.4562,0.1412,0.7658,0.0,1800.0,0.0,5.406
155.0,2026-05-06T20:04:01.464366+00:00,74.3164,0.2711,96.4663,0.1085,0.7658,0.0,1800.0,0.0,5.4029
155.5,2026-05-06T20:04:01.958083+00:00,74.1969,0.2083,96.451,0.0757,0.7658,0.0,1800.0,0.0,5.4014
156.0,2026-05-06T20:04:02.457737+00:00,73.9778,0.0329,96.3466,-0.0189,0.7658,0.0,1800.0,0.0,5.4007
156.5,2026-05-06T20:04:02.957936+00:00,73.9366,-0.102,96.3821,-0.0146,0.7658,0.0,1800.0,0.0,5.4003
157.0,2026-05-06T20:04:03.457729+00:00,74.0323,-0.142,96.4094,-0.0112,0.7658,0.0,1800.0,0.0,5.4002
157.5,2026-05-06T20:04:03.963151+00:00,73.9785,-0.1092,95.9676,-0.1629,0.7658,0.0,1800.0,0.0,5.4513
158.0,2026-05-06T20:04:04.457905+00:00,74.0645,0.0434,96.2065,-0.0866,0.7658,0.0,1800.0,0.0,5.4762
158.5,2026-05-06T20:04:04.957999+00:00,74.2578,0.1606,96.3901,-0.0203,0.7658,0.0,1800.0,0.0,5.4884
159.0,2026-05-06T20:04:05.457726+00:00,74.1519,0.0598,96.4155,0.023,0.7658,0.0,1800.0,0.0,5.4943
159.5,2026-05-06T20:04:05.958483+00:00,73.9432,-0.0177,96.4351,0.0177,0.7658,0.0,1800.0,0.0,5.4972
160.001046,2026-05-06T20:04:06.466684+00:00,74.0373,-0.0136,96.3344,-0.025,0.7658,0.0,1800.0,0.0,5.4987
160.501641,2026-05-06T20:04:06.959538+00:00,74.1097,-0.0741,96.4884,0.1736,0.7658,0.0,1800.0,0.0,5.4993
161.0,2026-05-06T20:04:07.457760+00:00,74.1653,0.0067,96.468,0.0872,0.7658,0.0,1800.0,0.0,5.4997
161.5,2026-05-06T20:04:07.957740+00:00,74.208,0.1324,96.4754,0.0284,0.7658,0.0,1800.0,0.0,5.4486
162.0,2026-05-06T20:04:08.457740+00:00,74.2409,0.1018,96.2497,-0.0553,0.7658,0.0,1800.0,0.0,5.4237
162.5,2026-05-06T20:04:08.963998+00:00,74.0116,-0.049,96.3076,-0.0425,0.7658,0.0,1800.0,0.0,5.4116
163.000419,2026-05-06T20:04:09.458139+00:00,73.9626,-0.1013,96.3521,0.0059,0.7658,0.0,1800.0,0.0,5.4569
163.5,2026-05-06T20:04:09.958086+00:00,74.1795,-0.0142,96.3863,-0.034,0.7658,0.0,1800.0,0.0,5.4789
164.001739,2026-05-06T20:04:10.459524+00:00,74.219,-0.011,96.4126,-0.0184,0.7658,0.0,1800.0,0.0,5.4897
164.5,2026-05-06T20:04:10.957727+00:00,74.122,0.0552,96.4329,-0.0142,0.7658,0.0,1800.0,0.0,5.495
165.0,2026-05-06T20:04:11.462383+00:00,74.1748,0.1061,96.3327,0.0277,0.7658,0.0,1800.0,0.0,5.4976
165.5,2026-05-06T20:04:11.957737+00:00,74.3426,0.0815,96.3714,0.0213,0.7658,0.0,1800.0,0.0,5.4476
166.0,2026-05-06T20:04:12.457721+00:00,74.217,-0.001,96.1698,-0.0608,0.7658,0.0,1800.0,0.0,5.4232
166.5,2026-05-06T20:04:12.957735+00:00,74.2478,0.0629,96.1305,-0.0853,0.7658,0.0,1800.0,0.0,5.4113
167.0,2026-05-06T20:04:13.457717+00:00,74.1442,-0.0153,96.1003,-0.1041,0.7658,0.0,1800.0,0.0,5.4055
167.5,2026-05-06T20:04:13.961962+00:00,74.3191,-0.0118,95.9614,-0.1572,0.7658,0.0,1800.0,0.0,5.4027
168.0,2026-05-06T20:04:14.457779+00:00,74.4535,0.1182,95.9472,-0.1285,0.7658,0.0,1800.0,0.0,5.4013
168.500343,2026-05-06T20:04:14.958128+00:00,74.4296,0.0909,95.8437,-0.1759,0.7658,0.0,1800.0,0.0,5.4006
169.000333,2026-05-06T20:04:15.458451+00:00,74.4111,0.1335,95.4171,-0.2509,0.7658,0.0,1800.0,0.0,5.4003
169.5,2026-05-06T20:04:15.961418+00:00,74.5243,0.1026,95.4363,-0.2314,0.7658,0.0,1800.0,0.0,5.4002
170.0,2026-05-06T20:04:16.463407+00:00,74.6112,0.0789,95.5667,-0.1779,0.7658,0.0,1800.0,0.0,5.4001
170.500343,2026-05-06T20:04:16.958376+00:00,74.5508,0.0606,95.6901,-0.0904,0.7658,0.0,1800.0,0.0,5.4
171.0,2026-05-06T20:04:17.457736+00:00,74.2498,-0.0807,95.7618,-0.0618,0.7658,0.0,1800.0,0.0,5.4
171.500972,2026-05-06T20:04:17.958876+00:00,74.0184,-0.2529,95.7012,-0.0475,0.7658,0.0,1800.0,0.0,5.4
172.0,2026-05-06T20:04:18.457750+00:00,74.2224,-0.1944,95.7704,0.1178,0.7658,0.0,1800.0,0.0,5.4
172.5,2026-05-06T20:04:18.963444+00:00,74.1247,-0.213,95.9392,0.1676,0.7658,0.0,1800.0,0.0,5.4
173.0,2026-05-06T20:04:19.457758+00:00,74.3041,0.0272,95.8376,0.0903,0.7658,0.0,1800.0,0.0,5.4
173.5,2026-05-06T20:04:19.957686+00:00,74.1874,0.0845,95.9909,0.1002,0.7658,0.0,1800.0,0.0,5.4
174.000192,2026-05-06T20:04:20.457902+00:00,74.3523,0.065,96.2244,0.1542,0.7658,0.0,1800.0,0.0,5.4
174.5,2026-05-06T20:04:20.957704+00:00,74.4791,0.1772,96.4039,0.2342,0.7658,0.0,1800.0,0.0,5.4
175.0,2026-05-06T20:04:21.466117+00:00,74.4492,0.0726,96.1947,0.1414,0.7658,0.0,1800.0,0.0,5.4
175.5,2026-05-06T20:04:21.957741+00:00,74.5535,0.183,96.2653,0.1087,0.7658,0.0,1800.0,0.0,5.4
176.0,2026-05-06T20:04:22.457740+00:00,74.6337,0.1407,96.0882,0.0836,0.7658,0.0,1800.0,0.0,5.4
176.5,2026-05-06T20:04:22.957795+00:00,74.4408,-0.0191,95.9521,-0.0129,0.7658,0.0,1800.0,0.0,5.4
177.0,2026-05-06T20:04:23.457756+00:00,74.6743,0.1126,95.8475,-0.1256,0.7658,0.0,1800.0,0.0,5.4
177.500348,2026-05-06T20:04:23.963882+00:00,74.472,-0.0408,95.8828,-0.1737,0.7658,0.0,1800.0,0.0,5.4
178.000412,2026-05-06T20:04:24.458128+00:00,74.571,-0.0313,95.9099,-0.0949,0.7658,0.0,1800.0,0.0,5.4512
178.5,2026-05-06T20:04:24.957729+00:00,74.6472,0.1032,96.0465,-0.073,0.7658,0.0,1800.0,0.0,5.4762
179.0,2026-05-06T20:04:25.457733+00:00,74.5784,-0.048,96.1514,0.0211,0.7658,0.0,1800.0,0.0,5.4372
179.500427,2026-05-06T20:04:25.958167+00:00,74.6528,0.0904,96.1164,0.0547,0.7658,0.0,1800.0,0.0,5.4181
180.0,2026-05-06T20:04:26.566488+00:00,74.8373,0.1331,96.0663,0.0729,0.7658,0.0,1800.0,0.0,5.4089
180.5,2026-05-06T20:04:26.957724+00:00,74.8518,0.1023,96.051,0.0561,0.7658,0.0,1800.0,0.0,5.4555
181.0,2026-05-06T20:04:27.457739+00:00,74.7357,0.0786,95.9235,0.0045,0.7658,0.0,1800.0,0.0,5.4783
181.5,2026-05-06T20:04:27.957717+00:00,74.901,0.1241,96.0569,0.0035,0.7658,0.0,1800.0,0.0,5.4382
182.0,2026-05-06T20:04:28.457729+00:00,74.9007,0.0317,96.0437,-0.0359,0.7658,0.0,1800.0,0.0,5.4186
182.5,2026-05-06T20:04:28.963972+00:00,75.0278,0.088,96.0336,-0.0276,0.7658,0.0,1800.0,0.0,5.4091
183.0,2026-05-06T20:04:29.457724+00:00,74.9983,0.1313,96.1415,0.0251,0.7658,0.0,1800.0,0.0,5.4556
183.5,2026-05-06T20:04:29.957717+00:00,75.1028,0.1009,96.1088,0.0193,0.7658,0.0,1800.0,0.0,5.4784
184.0,2026-05-06T20:04:30.458003+00:00,75.0559,0.0776,96.1993,0.0919,0.7658,0.0,1800.0,0.0,5.4894
184.5,2026-05-06T20:04:30.957776+00:00,74.8925,-0.0677,96.1532,0.0321,0.7658,0.0,1800.0,0.0,5.4948
185.0,2026-05-06T20:04:31.463230+00:00,75.1488,0.0753,96.002,-0.0139,0.7658,0.0,1800.0,0.0,5.4975
185.5,2026-05-06T20:04:31.957699+00:00,75.0912,-0.0058,96.0016,-0.0107,0.7658,0.0,1800.0,0.0,5.4988
186.0,2026-05-06T20:04:32.457731+00:00,75.047,-0.0044,96.0012,-0.0468,0.7658,0.0,1800.0,0.0,5.4994
186.5,2026-05-06T20:04:32.957739+00:00,75.2675,0.1875,95.8852,-0.0745,0.7658,0.0,1800.0,0.0,5.4997
187.000206,2026-05-06T20:04:33.457926+00:00,75.1825,0.0168,95.7961,-0.1344,0.7658,0.0,1800.0,0.0,5.4999
187.5,2026-05-06T20:04:33.963013+00:00,74.9898,-0.0507,95.8433,-0.1033,0.7658,0.0,1800.0,0.0,5.4487
188.0,2026-05-06T20:04:34.457739+00:00,75.0963,0.0247,95.6481,-0.118,0.7658,0.0,1800.0,0.0,5.475
188.5,2026-05-06T20:04:34.957691+00:00,75.0509,-0.1083,95.8453,-0.0521,0.7658,0.0,1800.0,0.0,5.4366
189.0,2026-05-06T20:04:35.458227+00:00,75.016,-0.0832,95.8811,-0.04,0.7658,0.0,1800.0,0.0,5.4179
189.5,2026-05-06T20:04:35.957748+00:00,74.9891,-0.0003,96.2557,0.1235,0.7658,0.0,1800.0,0.0,5.4087
190.0,2026-05-06T20:04:36.464628+00:00,75.2231,0.0634,96.1965,0.1335,0.7658,0.0,1800.0,0.0,5.4043
190.5,2026-05-06T20:04:36.957725+00:00,75.5301,0.2396,96.151,0.1026,0.7658,0.0,1800.0,0.0,5.4533
191.0,2026-05-06T20:04:37.457746+00:00,75.3843,0.1842,95.9773,0.1097,0.7658,0.0,1800.0,0.0,5.4772
191.5,2026-05-06T20:04:37.957702+00:00,75.3995,0.2052,96.0982,0.0843,0.7658,0.0,1800.0,0.0,5.4377
192.0,2026-05-06T20:04:38.457716+00:00,75.4112,0.0941,96.1912,0.1034,0.7658,0.0,1800.0,0.0,5.4184
192.500096,2026-05-06T20:04:38.963102+00:00,75.2929,-0.1186,96.3783,0.0409,0.7658,0.0,1800.0,0.0,5.409
193.0,2026-05-06T20:04:39.457731+00:00,74.9474,-0.2184,96.5222,0.1086,0.7658,0.0,1800.0,0.0,5.4044
193.5,2026-05-06T20:04:39.957730+00:00,75.191,-0.1042,96.6328,0.1606,0.7658,0.0,1800.0,0.0,5.4021
194.0,2026-05-06T20:04:40.458059+00:00,75.1237,-0.1438,96.7177,0.2468,0.7658,0.0,1800.0,0.0,5.401
194.5,2026-05-06T20:04:40.957874+00:00,75.0719,-0.1105,96.8988,0.2668,0.7658,0.0,1800.0,0.0,5.4005
195.0,2026-05-06T20:04:41.467538+00:00,75.0321,0.0423,96.8065,0.2051,0.7658,0.0,1800.0,0.0,5.4002
195.5,2026-05-06T20:04:41.957950+00:00,75.2561,0.0325,96.6199,0.0805,0.7658,0.0,1800.0,0.0,5.4513
196.0,2026-05-06T20:04:42.457732+00:00,75.0464,-0.0386,96.7078,0.0619,0.7658,0.0,1800.0,0.0,5.4762
196.5,2026-05-06T20:04:42.958502+00:00,75.0125,-0.0297,96.6597,0.009,0.7658,0.0,1800.0,0.0,5.4884
197.000343,2026-05-06T20:04:43.458258+00:00,75.241,0.1045,96.8542,0.0455,0.7658,0.0,1800.0,0.0,5.4943
197.5,2026-05-06T20:04:43.964573+00:00,75.4167,0.0803,96.7722,-0.0422,0.7658,0.0,1800.0,0.0,5.446
198.000135,2026-05-06T20:04:44.457864+00:00,75.2971,0.1253,96.6861,-0.0401,0.7658,0.0,1800.0,0.0,5.4737
198.5,2026-05-06T20:04:44.957711+00:00,75.4598,0.2236,96.643,0.0077,0.7658,0.0,1800.0,0.0,5.4871
199.0,2026-05-06T20:04:45.457775+00:00,75.5848,0.1719,96.6099,-0.0326,0.7658,0.0,1800.0,0.0,5.4937
199.5,2026-05-06T20:04:45.957743+00:00,75.5536,0.0685,96.5845,-0.0251,0.7658,0.0,1800.0,0.0,5.4969
200.0,2026-05-06T20:04:46.462361+00:00,75.7842,0.2435,96.5649,-0.0964,0.7658,0.0,1800.0,0.0,5.4985
200.5,2026-05-06T20:04:46.957719+00:00,75.9614,0.2508,96.4342,-0.1127,0.7658,0.0,1800.0,0.0,5.4481
201.0,2026-05-06T20:04:47.457747+00:00,75.7158,0.0655,96.4494,-0.0789,0.7658,0.0,1800.0,0.0,5.4235
201.5,2026-05-06T20:04:47.957848+00:00,75.527,-0.0133,96.4611,-0.0606,0.7658,0.0,1800.0,0.0,5.4114
202.0,2026-05-06T20:04:48.457933+00:00,75.7637,-0.0102,96.4701,-0.0466,0.7658,0.0,1800.0,0.0,5.4056
202.5,2026-05-06T20:04:48.963792+00:00,75.8184,-0.0715,96.5927,0.0027,0.7658,0.0,1800.0,0.0,5.4027
203.0,2026-05-06T20:04:49.457930+00:00,75.8604,0.0723,96.3399,-0.075,0.7658,0.0,1800.0,0.0,5.4013
203.5,2026-05-06T20:04:49.957732+00:00,75.8927,0.1829,96.4926,0.0195,0.7658,0.0,1800.0,0.0,5.4006
204.0,2026-05-06T20:04:50.458396+00:00,75.7903,0.0133,96.3786,-0.0236,0.7658,0.0,1800.0,0.0,5.4003
204.5,2026-05-06T20:04:50.958033+00:00,75.8388,0.0102,96.5224,0.0204,0.7658,0.0,1800.0,0.0,5.4002
205.0,2026-05-06T20:04:51.464462+00:00,76.1306,0.1351,96.4015,-0.0229,0.7658,0.0,1800.0,0.0,5.4001
205.5,2026-05-06T20:04:51.957861+00:00,76.2277,0.1675,96.3086,-0.0947,0.7658,0.0,1800.0,0.0,5.4
206.0,2026-05-06T20:04:52.457877+00:00,76.4295,0.3196,96.3529,0.0043,0.7658,0.0,1800.0,0.0,5.4
206.5,2026-05-06T20:04:52.957784+00:00,76.4574,0.3093,96.3869,-0.0352,0.7658,0.0,1800.0,0.0,5.4
207.0,2026-05-06T20:04:53.457844+00:00,76.3516,0.1105,96.5288,0.0501,0.7658,0.0,1800.0,0.0,5.4
207.5,2026-05-06T20:04:53.963322+00:00,76.2702,0.0213,96.4064,-0.0387,0.7658,0.0,1800.0,0.0,5.4
208.0,2026-05-06T20:04:54.457804+00:00,76.4622,0.0163,96.4281,0.0089,0.7658,0.0,1800.0,0.0,5.4512
208.5,2026-05-06T20:04:54.958173+00:00,76.228,-0.1147,96.4447,0.0454,0.7658,0.0,1800.0,0.0,5.425
209.001308,2026-05-06T20:04:55.459059+00:00,76.048,-0.1518,96.3418,-0.0037,0.7658,0.0,1800.0,0.0,5.4122
209.500488,2026-05-06T20:04:55.958227+00:00,76.1641,-0.053,96.3784,-0.0028,0.7658,0.0,1800.0,0.0,5.406
210.0,2026-05-06T20:04:56.462907+00:00,76.1262,-0.168,96.2909,-0.0793,0.7658,0.0,1800.0,0.0,5.4029
210.500504,2026-05-06T20:04:56.958251+00:00,76.097,-0.0655,96.2236,-0.061,0.7658,0.0,1800.0,0.0,5.4014
211.0,2026-05-06T20:04:57.457790+00:00,76.3291,0.1405,96.2875,-0.0469,0.7658,0.0,1800.0,0.0,5.4007
211.500436,2026-05-06T20:04:57.958476+00:00,76.1257,-0.0192,96.3367,-0.036,0.7658,0.0,1800.0,0.0,5.4003
212.0,2026-05-06T20:04:58.457703+00:00,75.9693,-0.0784,96.4902,0.0495,0.7658,0.0,1800.0,0.0,5.4002
212.5,2026-05-06T20:04:58.962195+00:00,76.2309,0.067,96.4925,0.038,0.7658,0.0,1800.0,0.0,5.4001
213.0,2026-05-06T20:04:59.457744+00:00,76.1775,-0.0758,96.6099,0.1063,0.7658,0.0,1800.0,0.0,5.4
213.5,2026-05-06T20:04:59.957792+00:00,76.2637,0.069,96.5845,0.1203,0.7658,0.0,1800.0,0.0,5.4
214.0,2026-05-06T20:05:00.457746+00:00,76.0754,0.0531,96.5649,0.0925,0.7658,0.0,1800.0,0.0,5.4
214.5,2026-05-06T20:05:00.957721+00:00,76.1852,-0.0229,96.6656,0.1096,0.7658,0.0,1800.0,0.0,5.4
215.0,2026-05-06T20:05:01.463165+00:00,76.2696,0.0461,96.6273,0.0457,0.7658,0.0,1800.0,0.0,5.4
215.5,2026-05-06T20:05:01.957875+00:00,76.3345,0.0354,96.4821,-0.0034,0.7658,0.0,1800.0,0.0,5.4
216.0,2026-05-06T20:05:02.457734+00:00,76.2571,0.0908,96.602,-0.0026,0.7658,0.0,1800.0,0.0,5.4
216.5,2026-05-06T20:05:02.957724+00:00,76.3249,0.0698,96.5784,-0.002,0.7658,0.0,1800.0,0.0,5.4
217.0,2026-05-06T20:05:03.457712+00:00,76.377,0.0537,96.4445,-0.0401,0.7658,0.0,1800.0,0.0,5.4
217.5,2026-05-06T20:05:03.962760+00:00,76.417,0.0412,96.6888,0.0077,0.7658,0.0,1800.0,0.0,5.4
218.0,2026-05-06T20:05:04.457917+00:00,76.3205,0.0317,96.5294,-0.0326,0.7658,0.0,1800.0,0.0,5.4
218.5,2026-05-06T20:05:04.957717+00:00,76.3736,0.0244,96.6383,0.0521,0.7658,0.0,1800.0,0.0,5.4
219.0,2026-05-06T20:05:05.457744+00:00,76.5417,0.0824,96.6063,0.0014,0.7658,0.0,1800.0,0.0,5.4
219.501293,2026-05-06T20:05:05.959042+00:00,76.4164,-0.0003,96.6974,0.0397,0.7658,0.0,1800.0,0.0,5.4
220.0,2026-05-06T20:05:06.462790+00:00,76.32,-0.0003,96.6517,0.0691,0.7658,0.0,1800.0,0.0,5.4
220.5,2026-05-06T20:05:06.957786+00:00,76.3732,-0.0002,96.6166,-0.0241,0.7658,0.0,1800.0,0.0,5.4
221.000678,2026-05-06T20:05:07.458612+00:00,76.4141,-0.0638,96.4739,-0.0185,0.7658,0.0,1800.0,0.0,5.4
221.500307,2026-05-06T20:05:07.958024+00:00,76.3183,-0.049,96.5957,-0.0142,0.7658,0.0,1800.0,0.0,5.4512
222.0,2026-05-06T20:05:08.457714+00:00,76.3719,0.026,96.4578,-0.0495,0.7658,0.0,1800.0,0.0,5.4762
222.5,2026-05-06T20:05:08.963776+00:00,76.5404,0.0836,96.4676,-0.0766,0.7658,0.0,1800.0,0.0,5.4884
223.0,2026-05-06T20:05:09.458336+00:00,76.6699,0.1279,96.3594,-0.0974,0.7658,0.0,1800.0,0.0,5.4943
223.5,2026-05-06T20:05:09.957715+00:00,76.7694,0.2256,96.5076,-0.0363,0.7658,0.0,1800.0,0.0,5.4972
224.0,2026-05-06T20:05:10.457731+00:00,76.8459,0.237,96.5059,0.0106,0.7658,0.0,1800.0,0.0,5.4986
224.5,2026-05-06T20:05:10.957731+00:00,76.9047,0.1822,96.2731,-0.1075,0.7658,0.0,1800.0,0.0,5.4993
225.0,2026-05-06T20:05:11.461937+00:00,76.8226,0.0764,96.3256,-0.0441,0.7658,0.0,1800.0,0.0,5.4997
225.5,2026-05-06T20:05:11.957756+00:00,76.8868,0.0587,96.2503,-0.0724,0.7658,0.0,1800.0,0.0,5.4486
226.0,2026-05-06T20:05:12.457747+00:00,76.8089,-0.0185,96.3081,-0.0171,0.7658,0.0,1800.0,0.0,5.4237
226.5,2026-05-06T20:05:12.957723+00:00,76.8762,-0.0142,96.1211,-0.1289,0.7658,0.0,1800.0,0.0,5.4116
227.0,2026-05-06T20:05:13.457723+00:00,76.8007,-0.0109,96.0931,-0.1376,0.7658,0.0,1800.0,0.0,5.4057
227.5,2026-05-06T20:05:13.962821+00:00,76.7427,-0.072,96.3029,0.0099,0.7658,0.0,1800.0,0.0,5.4028
228.0,2026-05-06T20:05:14.457738+00:00,76.6981,-0.0554,96.2328,-0.0309,0.7658,0.0,1800.0,0.0,5.4013
228.5,2026-05-06T20:05:14.957720+00:00,76.7911,-0.0426,96.2946,0.0148,0.7658,0.0,1800.0,0.0,5.4007
229.0,2026-05-06T20:05:15.457718+00:00,76.7353,-0.0327,96.2265,-0.0272,0.7658,0.0,1800.0,0.0,5.4003
229.5,2026-05-06T20:05:15.958004+00:00,76.8197,0.0385,96.1741,0.0177,0.7658,0.0,1800.0,0.0,5.4002
230.0,2026-05-06T20:05:16.463493+00:00,76.8846,0.0932,96.2495,0.0521,0.7658,0.0,1800.0,0.0,5.4001
230.5,2026-05-06T20:05:16.957721+00:00,76.9344,0.0716,96.1918,-0.0371,0.7658,0.0,1800.0,0.0,5.4
231.0,2026-05-06T20:05:17.457714+00:00,76.9727,0.1187,96.1474,-0.0285,0.7658,0.0,1800.0,0.0,5.4
231.5,2026-05-06T20:05:17.957746+00:00,77.0022,0.0912,95.9976,-0.099,0.7658,0.0,1800.0,0.0,5.4
232.0,2026-05-06T20:05:18.457742+00:00,77.0248,0.0701,95.8824,-0.1147,0.7658,0.0,1800.0,0.0,5.4
232.500209,2026-05-06T20:05:18.964321+00:00,76.9149,-0.0097,95.9328,-0.0804,0.7658,0.0,1800.0,0.0,5.4
233.000347,2026-05-06T20:05:19.458119+00:00,76.8305,-0.0711,95.8326,-0.1389,0.7658,0.0,1800.0,0.0,5.4512
233.500347,2026-05-06T20:05:19.958131+00:00,77.0201,0.009,95.8714,-0.1068,0.7658,0.0,1800.0,0.0,5.425
234.000204,2026-05-06T20:05:20.457915+00:00,77.0386,0.0069,96.0168,-0.0435,0.7658,0.0,1800.0,0.0,5.4122
234.5,2026-05-06T20:05:20.957748+00:00,77.0528,0.0689,96.0129,0.0051,0.7658,0.0,1800.0,0.0,5.406
235.0,2026-05-06T20:05:21.464858+00:00,77.0637,0.1166,96.0099,0.0425,0.7658,0.0,1800.0,0.0,5.4029
235.500374,2026-05-06T20:05:21.958150+00:00,77.0721,0.026,95.8919,-0.0136,0.7658,0.0,1800.0,0.0,5.4014
236.0,2026-05-06T20:05:22.457737+00:00,76.9513,-0.0437,95.9169,0.0281,0.7658,0.0,1800.0,0.0,5.4007
236.5,2026-05-06T20:05:22.957744+00:00,77.113,0.0301,96.0519,0.0602,0.7658,0.0,1800.0,0.0,5.4003
237.0,2026-05-06T20:05:23.457749+00:00,76.9827,-0.0405,95.9242,-0.0309,0.7658,0.0,1800.0,0.0,5.4002
237.5,2026-05-06T20:05:23.963106+00:00,76.8826,-0.0948,96.1731,0.0534,0.7658,0.0,1800.0,0.0,5.4001
238.0,2026-05-06T20:05:24.457761+00:00,76.6784,-0.1365,96.2488,0.0796,0.7658,0.0,1800.0,0.0,5.4
238.5,2026-05-06T20:05:24.957759+00:00,76.9032,-0.1049,96.3069,0.1383,0.7658,0.0,1800.0,0.0,5.4
239.0,2026-05-06T20:05:25.457775+00:00,76.6942,-0.1443,96.4673,0.1834,0.7658,0.0,1800.0,0.0,5.4
239.5,2026-05-06T20:05:25.957741+00:00,76.9154,0.0164,96.3591,0.1024,0.7658,0.0,1800.0,0.0,5.4
240.0,2026-05-06T20:05:26.463411+00:00,76.9581,0.1399,96.5074,0.1944,0.7658,0.0,1800.0,0.0,5.4
240.5,2026-05-06T20:05:26.957782+00:00,77.1182,0.1075,96.6214,0.1494,0.7658,0.0,1800.0,0.0,5.4
241.0,2026-05-06T20:05:27.458106+00:00,77.2413,0.2735,96.8247,0.192,0.7658,0.0,1800.0,0.0,5.4
241.5,2026-05-06T20:05:27.957800+00:00,77.2086,0.1466,96.8653,0.1861,0.7658,0.0,1800.0,0.0,5.4
242.0,2026-05-06T20:05:28.457729+00:00,77.0562,0.049,96.6651,0.0659,0.7658,0.0,1800.0,0.0,5.4
242.5,2026-05-06T20:05:28.966682+00:00,77.1936,0.0377,96.6269,0.0892,0.7658,0.0,1800.0,0.0,5.4
243.0,2026-05-06T20:05:29.459176+00:00,77.1719,-0.0347,96.5744,0.0223,0.7658,0.0,1800.0,0.0,5.4512
243.5,2026-05-06T20:05:29.957748+00:00,77.2826,0.037,96.6729,0.0171,0.7658,0.0,1800.0,0.0,5.4762
244.001321,2026-05-06T20:05:30.459282+00:00,77.3676,0.1557,96.6329,-0.064,0.7658,0.0,1800.0,0.0,5.4884
244.5,2026-05-06T20:05:30.957710+00:00,77.5602,0.1833,96.7178,-0.0492,0.7658,0.0,1800.0,0.0,5.4943
245.000475,2026-05-06T20:05:31.463960+00:00,77.4537,0.1409,96.6674,0.0008,0.7658,0.0,1800.0,0.0,5.4972
245.5,2026-05-06T20:05:31.957716+00:00,77.3719,0.0447,96.513,-0.038,0.7658,0.0,1800.0,0.0,5.4474
246.00032,2026-05-06T20:05:32.458429+00:00,77.309,-0.0293,96.2786,-0.0986,0.7658,0.0,1800.0,0.0,5.4232
246.500355,2026-05-06T20:05:32.958352+00:00,77.3879,-0.0862,96.0984,-0.1915,0.7658,0.0,1800.0,0.0,5.4113
247.0,2026-05-06T20:05:33.457730+00:00,77.4485,-0.0026,96.0756,-0.1857,0.7658,0.0,1800.0,0.0,5.4055
247.5,2026-05-06T20:05:33.963787+00:00,77.3679,-0.002,96.0581,-0.2199,0.7658,0.0,1800.0,0.0,5.4027
248.000413,2026-05-06T20:05:34.458118+00:00,77.3059,-0.0015,96.1604,-0.169,0.7658,0.0,1800.0,0.0,5.4525
248.501112,2026-05-06T20:05:34.959090+00:00,77.5128,0.0625,96.239,-0.0913,0.7658,0.0,1800.0,0.0,5.4768
249.0,2026-05-06T20:05:35.457698+00:00,77.5445,0.048,96.1837,-0.0316,0.7658,0.0,1800.0,0.0,5.4887
249.5,2026-05-06T20:05:35.957693+00:00,77.5689,0.1005,96.1412,0.0143,0.7658,0.0,1800.0,0.0,5.4945
250.0,2026-05-06T20:05:36.463390+00:00,77.5877,0.1409,96.1085,0.011,0.7658,0.0,1800.0,0.0,5.4973
250.500339,2026-05-06T20:05:36.958036+00:00,77.6021,0.0447,96.0834,0.0084,0.7658,0.0,1800.0,0.0,5.4475
251.0,2026-05-06T20:05:37.457745+00:00,77.6132,0.0343,96.041,-0.0398,0.7658,0.0,1800.0,0.0,5.4232
251.5,2026-05-06T20:05:37.957755+00:00,77.749,0.09,95.9158,-0.1077,0.7658,0.0,1800.0,0.0,5.4113
252.000108,2026-05-06T20:05:38.457844+00:00,77.8533,0.1328,95.9353,-0.0828,0.7658,0.0,1800.0,0.0,5.4055
252.5,2026-05-06T20:05:38.965447+00:00,77.679,0.0385,95.9502,-0.0636,0.7658,0.0,1800.0,0.0,5.4027
253.0,2026-05-06T20:05:39.457764+00:00,77.7996,0.0932,95.9618,-0.0489,0.7658,0.0,1800.0,0.0,5.4013
253.500647,2026-05-06T20:05:39.958928+00:00,77.765,0.008,96.0863,0.001,0.7658,0.0,1800.0,0.0,5.4006
254.0002,2026-05-06T20:05:40.457906+00:00,77.7384,-0.0575,96.182,0.047,0.7658,0.0,1800.0,0.0,5.4003
254.5,2026-05-06T20:05:40.957746+00:00,77.7179,0.0194,96.1399,0.0747,0.7658,0.0,1800.0,0.0,5.4002
255.0,2026-05-06T20:05:41.463164+00:00,77.8295,0.0149,96.2232,0.096,0.7658,0.0,1800.0,0.0,5.4001
255.5,2026-05-06T20:05:41.958254+00:00,77.7879,0.0115,95.9402,-0.0034,0.7658,0.0,1800.0,0.0,5.4
256.0,2026-05-06T20:05:42.457736+00:00,77.756,0.0088,95.954,-0.0026,0.7658,0.0,1800.0,0.0,5.4
256.5,2026-05-06T20:05:42.957720+00:00,77.7315,0.0068,95.849,-0.0791,0.7658,0.0,1800.0,0.0,5.4
257.0,2026-05-06T20:05:43.457748+00:00,77.7126,-0.0584,95.9996,-0.0608,0.7658,0.0,1800.0,0.0,5.4
257.5,2026-05-06T20:05:43.964962+00:00,77.8254,0.0187,95.9997,-0.0467,0.7658,0.0,1800.0,0.0,5.4
258.0,2026-05-06T20:05:44.457709+00:00,77.9121,0.078,95.7684,-0.1516,0.7658,0.0,1800.0,0.0,5.4
258.5,2026-05-06T20:05:44.957767+00:00,77.7242,-0.0037,95.7063,-0.078,0.7658,0.0,1800.0,0.0,5.4
259.0,2026-05-06T20:05:45.457743+00:00,77.8343,0.0608,95.7742,-0.0599,0.7658,0.0,1800.0,0.0,5.4
259.500439,2026-05-06T20:05:45.958173+00:00,77.9189,0.0467,95.8265,-0.0075,0.7658,0.0,1800.0,0.0,5.4
260.0,2026-05-06T20:05:46.465730+00:00,77.8567,-0.0277,95.8666,-0.0443,0.7658,0.0,1800.0,0.0,5.4
260.5,2026-05-06T20:05:46.957703+00:00,77.9361,0.106,96.1289,0.0431,0.7658,0.0,1800.0,0.0,5.4
261.00107,2026-05-06T20:05:47.459079+00:00,77.8699,0.0178,95.8677,0.0331,0.7658,0.0,1800.0,0.0,5.4
261.5,2026-05-06T20:05:47.957720+00:00,77.9463,0.0137,95.8983,0.064,0.7658,0.0,1800.0,0.0,5.4
262.0,2026-05-06T20:05:48.457766+00:00,78.005,0.0742,96.0375,0.0878,0.7658,0.0,1800.0,0.0,5.4
262.5,2026-05-06T20:05:48.963841+00:00,78.0501,0.057,95.9131,0.0289,0.7658,0.0,1800.0,0.0,5.4
263.0,2026-05-06T20:05:49.457754+00:00,77.9575,0.0438,95.7018,-0.0549,0.7658,0.0,1800.0,0.0,5.4
263.500347,2026-05-06T20:05:49.958387+00:00,77.8864,-0.03,95.7708,-0.1194,0.7658,0.0,1800.0,0.0,5.4
264.000343,2026-05-06T20:05:50.458336+00:00,77.9589,-0.023,95.7082,-0.0532,0.7658,0.0,1800.0,0.0,5.4
264.5,2026-05-06T20:05:50.957704+00:00,78.0147,-0.0177,95.8914,-0.0023,0.7658,0.0,1800.0,0.0,5.4
265.0,2026-05-06T20:05:51.463886+00:00,78.1849,0.1137,96.0322,-0.0018,0.7658,0.0,1800.0,0.0,5.4
265.5,2026-05-06T20:05:51.957728+00:00,78.1884,0.151,96.1405,0.0758,0.7658,0.0,1800.0,0.0,5.4
266.000198,2026-05-06T20:05:52.457903+00:00,78.1911,0.1161,96.2237,0.1739,0.7658,0.0,1800.0,0.0,5.4
266.500445,2026-05-06T20:05:52.958181+00:00,78.1931,0.0892,96.2876,0.1723,0.7658,0.0,1800.0,0.0,5.4
267.0,2026-05-06T20:05:53.457787+00:00,78.322,0.0686,96.3368,0.2095,0.7658,0.0,1800.0,0.0,5.4
267.5,2026-05-06T20:05:53.962824+00:00,78.421,0.1163,96.3745,0.161,0.7658,0.0,1800.0,0.0,5.4
268.0,2026-05-06T20:05:54.457705+00:00,78.2426,0.0258,96.2879,0.0852,0.7658,0.0,1800.0,0.0,5.5024
268.5,2026-05-06T20:05:54.957737+00:00,78.2328,0.0198,96.2213,0.0269,0.7658,0.0,1800.0,0.0,5.5012
269.0,2026-05-06T20:05:55.457698+00:00,78.0979,-0.112,96.0312,-0.0641,0.7658,0.0,1800.0,0.0,5.5006
269.500665,2026-05-06T20:05:55.958380+00:00,78.1215,-0.1498,95.9083,-0.1264,0.7658,0.0,1800.0,0.0,5.5003
270.0,2026-05-06T20:05:56.462508+00:00,78.1397,-0.0515,96.1609,-0.0586,0.7658,0.0,1800.0,0.0,5.5001
270.50024,2026-05-06T20:05:56.957947+00:00,78.2809,0.0241,96.1237,-0.0836,0.7658,0.0,1800.0,0.0,5.5001
271.0,2026-05-06T20:05:57.457689+00:00,78.2622,0.0821,96.0951,-0.0643,0.7658,0.0,1800.0,0.0,5.5
271.5,2026-05-06T20:05:57.957726+00:00,78.2478,0.0631,96.0731,-0.0494,0.7658,0.0,1800.0,0.0,5.5
272.0,2026-05-06T20:05:58.457709+00:00,78.364,0.1122,96.1719,0.0469,0.7658,0.0,1800.0,0.0,5.5
272.5,2026-05-06T20:05:58.964534+00:00,78.4533,0.0862,96.3635,0.1517,0.7658,0.0,1800.0,0.0,5.5
273.0,2026-05-06T20:05:59.457736+00:00,78.3947,0.0663,96.2562,0.0318,0.7658,0.0,1800.0,0.0,5.5
273.5,2026-05-06T20:05:59.957726+00:00,78.3497,0.0509,96.1738,0.0167,0.7658,0.0,1800.0,0.0,5.5
274.0,2026-05-06T20:06:00.457822+00:00,78.315,-0.0245,96.1336,0.0128,0.7658,0.0,1800.0,0.0,5.5
274.5,2026-05-06T20:06:00.957737+00:00,78.4157,-0.0188,95.987,-0.0287,0.7658,0.0,1800.0,0.0,5.5
275.0,2026-05-06T20:06:01.462322+00:00,78.3658,-0.0145,95.99,-0.0606,0.7658,0.0,1800.0,0.0,5.5
275.5,2026-05-06T20:06:01.957958+00:00,78.3274,-0.0111,95.7378,-0.2086,0.7658,0.0,1800.0,0.0,5.5
276.0,2026-05-06T20:06:02.457731+00:00,78.4252,0.0551,95.9141,-0.114,0.7658,0.0,1800.0,0.0,5.5
276.5,2026-05-06T20:06:02.957796+00:00,78.5004,0.0423,95.9109,-0.0876,0.7658,0.0,1800.0,0.0,5.4488
277.0,2026-05-06T20:06:03.457739+00:00,78.4309,0.0325,95.9315,-0.0674,0.7658,0.0,1800.0,0.0,5.4238
277.5,2026-05-06T20:06:03.963720+00:00,78.3774,0.025,96.1787,0.0639,0.7658,0.0,1800.0,0.0,5.4116
278.0,2026-05-06T20:06:04.458012+00:00,78.5909,0.0829,96.2531,0.0877,0.7658,0.0,1800.0,0.0,5.4569
278.5,2026-05-06T20:06:04.957751+00:00,78.6277,0.0637,96.1945,0.1523,0.7658,0.0,1800.0,0.0,5.479
279.0,2026-05-06T20:06:05.457836+00:00,78.656,0.1126,96.1495,0.0785,0.7658,0.0,1800.0,0.0,5.4897
279.5,2026-05-06T20:06:05.957724+00:00,78.6778,0.1502,95.9992,0.0294,0.7658,0.0,1800.0,0.0,5.495
280.0,2026-05-06T20:06:06.463321+00:00,78.8218,0.1154,95.9994,0.0226,0.7658,0.0,1800.0,0.0,5.4464
280.5,2026-05-06T20:06:06.957695+00:00,78.8051,0.0887,96.1152,-0.0212,0.7658,0.0,1800.0,0.0,5.4226
281.0,2026-05-06T20:06:07.457915+00:00,78.6651,0.0045,96.0886,-0.0548,0.7658,0.0,1800.0,0.0,5.411
281.5,2026-05-06T20:06:07.958327+00:00,78.6848,0.0035,96.1838,-0.0036,0.7658,0.0,1800.0,0.0,5.4054
282.0,2026-05-06T20:06:08.457726+00:00,78.6999,-0.0609,96.2569,0.0358,0.7658,0.0,1800.0,0.0,5.4026
282.5,2026-05-06T20:06:08.963362+00:00,78.7115,-0.0468,96.3132,0.1047,0.7658,0.0,1800.0,0.0,5.4013
283.0,2026-05-06T20:06:09.457914+00:00,78.8476,0.0913,96.2176,0.0727,0.7658,0.0,1800.0,0.0,5.4006
283.5,2026-05-06T20:06:09.958194+00:00,78.8251,0.0701,96.1672,0.0173,0.7658,0.0,1800.0,0.0,5.4003
284.0,2026-05-06T20:06:10.460770+00:00,79.0622,0.1812,96.2442,0.0519,0.7658,0.0,1800.0,0.0,5.4001
284.5,2026-05-06T20:06:10.957741+00:00,79.1172,0.2029,96.3034,0.0399,0.7658,0.0,1800.0,0.0,5.4001
285.0,2026-05-06T20:06:11.463501+00:00,79.1595,0.1559,96.2332,-0.0079,0.7658,0.0,1800.0,0.0,5.4
285.500982,2026-05-06T20:06:11.958749+00:00,79.0648,0.1199,96.0635,-0.0832,0.7658,0.0,1622.97,-177.03,5.4
286.0,2026-05-06T20:06:12.458028+00:00,78.7374,-0.1624,96.0488,-0.0562,0.7658,0.0,1550.4054,-249.5946,5.4
286.501743,2026-05-06T20:06:12.959587+00:00,78.613,-0.2521,96.1301,-0.0124,0.7658,0.0,1520.6612,-102.3088,5.4
287.0,2026-05-06T20:06:13.458004+00:00,78.2629,-0.4483,96.4471,0.0676,0.7658,0.0,1508.469,-41.9364,5.4
287.5,2026-05-06T20:06:13.963721+00:00,78.1211,-0.4718,96.4593,0.052,0.7565,-0.0093,1503.4714,-17.1897,5.4
288.0,2026-05-06T20:06:14.457820+00:00,78.1394,-0.299,96.3299,0.0322,0.7527,-0.0131,1501.4229,-7.0461,5.4
288.5,2026-05-06T20:06:14.957996+00:00,78.1534,-0.2298,96.3461,0.0942,0.7511,-0.0054,1500.5833,-2.8882,5.4
289.0,2026-05-06T20:06:15.457964+00:00,78.0369,-0.113,96.3817,0.111,0.7504,-0.0022,1500.2391,-1.1839,5.4
289.500574,2026-05-06T20:06:15.958387+00:00,78.0746,-0.0232,96.4091,0.093,0.7502,-0.0009,1500.098,-0.4853,5.4
290.0,2026-05-06T20:06:16.463628+00:00,77.8491,-0.1451,96.5458,0.0329,0.7501,-0.0004,1500.0402,-0.1989,5.4
290.5,2026-05-06T20:06:16.957851+00:00,77.9303,-0.1115,96.7666,0.1024,0.75,-0.0002,1500.0165,-0.0815,5.4
291.0,2026-05-06T20:06:17.457791+00:00,77.8654,-0.0857,96.7049,0.125,0.75,-0.0001,1500.0067,-0.0334,5.4
291.5,2026-05-06T20:06:17.957808+00:00,77.8156,-0.1295,96.7732,0.1424,0.75,-0.0,1500.0028,-0.0137,5.4
292.0,2026-05-06T20:06:18.457800+00:00,77.7773,-0.0359,96.8257,0.148,0.75,-0.0,1500.0011,-0.0056,5.4
292.500634,2026-05-06T20:06:18.966050+00:00,77.7478,-0.0912,96.7503,0.1137,0.75,-0.0,1500.0005,-0.0023,5.4
293.0,2026-05-06T20:06:19.458155+00:00,77.7252,-0.0701,96.6924,0.0489,0.75,-0.0,1500.0002,-0.0009,5.4
293.5,2026-05-06T20:06:19.958067+00:00,77.5805,-0.1175,96.7636,-0.001,0.75,-0.0,1500.0001,-0.0004,5.4
294.000401,2026-05-06T20:06:20.458226+00:00,77.7239,-0.0267,96.4712,-0.0779,0.75,-0.0,1500.0,-0.0002,5.4
294.5,2026-05-06T20:06:20.958296+00:00,77.7068,-0.0205,96.7093,-0.0213,0.75,-0.0,1500.0,-0.0001,5.4
295.0,2026-05-06T20:06:21.462618+00:00,77.8209,0.0479,96.7534,-0.0241,0.75,-0.0,1500.0,-0.0,5.4
295.5,2026-05-06T20:06:21.957899+00:00,77.7814,0.1004,96.7873,0.0123,0.75,-0.0,1500.0,-0.0,5.4
296.0,2026-05-06T20:06:22.457953+00:00,77.8782,0.0772,96.8597,0.0558,0.75,-0.0,1500.0,-0.0,5.4
296.5,2026-05-06T20:06:22.957805+00:00,77.6981,-0.0043,96.6607,-0.0343,0.75,-0.0,1500.0,-0.0,5.4
297.0,2026-05-06T20:06:23.457783+00:00,77.687,-0.0669,96.6004,0.0431,0.75,-0.0,1500.0,-0.0,5.4
297.5,2026-05-06T20:06:23.964434+00:00,77.6784,-0.0515,96.3458,-0.1212,0.75,-0.0,1500.0,-0.0,5.4
298.001747,2026-05-06T20:06:24.459570+00:00,77.5446,-0.1668,96.3815,-0.124,0.75,-0.0,1500.0,-0.0,5.4
298.500527,2026-05-06T20:06:24.958390+00:00,77.569,-0.0646,96.2932,-0.1647,0.75,-0.0,1500.0,-0.0,5.4
299.0,2026-05-06T20:06:25.458273+00:00,77.5877,-0.0496,96.2022,-0.2192,0.75,-0.0,1500.0,-0.0,5.4
299.5,2026-05-06T20:06:25.958278+00:00,77.4749,-0.1018,96.1323,-0.1762,0.75,-0.0,1500.0,-0.0,5.4
300.0,2026-05-06T20:06:26.464994+00:00,77.6427,0.049,96.1942,-0.1354,0.75,-0.0,1500.0,-0.0,5.4
300.5,2026-05-06T20:06:26.957770+00:00,77.7716,0.1013,96.3807,0.0116,0.75,-0.0,1500.0,-0.0,5.4
301.0,2026-05-06T20:06:27.458282+00:00,77.8708,0.1415,96.3852,0.0012,0.75,-0.0,1500.0,-0.0,5.4
301.5,2026-05-06T20:06:27.957794+00:00,77.8197,0.1724,96.3886,0.0318,0.75,-0.0,1500.0,-0.0,5.4
302.0,2026-05-06T20:06:28.458219+00:00,77.7804,0.0689,96.4375,0.0784,0.75,-0.0,1500.0,-0.0,5.4
302.501464,2026-05-06T20:06:28.968472+00:00,77.7502,-0.0107,96.5677,0.1451,0.75,-0.0,1500.0,-0.0,5.4
303.0,2026-05-06T20:06:29.457822+00:00,77.8543,-0.0082,96.6677,0.1578,0.75,-0.0,1500.0,-0.0,5.4
303.5,2026-05-06T20:06:29.957798+00:00,77.807,-0.0063,96.7446,0.1213,0.75,-0.0,1500.0,-0.0,5.4512
304.0,2026-05-06T20:06:30.458429+00:00,77.898,0.0588,96.5954,0.0701,0.75,-0.0,1500.0,-0.0,5.4762
304.5,2026-05-06T20:06:30.957766+00:00,77.7133,-0.0185,96.6891,0.1002,0.75,-0.0,1500.0,-0.0,5.4884
305.0,2026-05-06T20:06:31.462323+00:00,77.5714,-0.1415,96.761,0.1078,0.75,-0.0,1500.0,-0.0,5.4943
305.5,2026-05-06T20:06:31.957925+00:00,77.4623,-0.1724,96.7006,0.0443,0.75,-0.0,1500.0,-0.0,5.4972
306.0,2026-05-06T20:06:32.457929+00:00,77.633,-0.1325,96.7699,0.0341,0.75,-0.0,1500.0,0.0,5.4986
306.500515,2026-05-06T20:06:32.958413+00:00,77.6369,-0.0382,96.8231,0.0262,0.75,0.0,1500.0,0.0,5.4993
307.0,2026-05-06T20:06:33.457792+00:00,77.3854,-0.093,96.7484,0.051,0.75,0.0,1500.0,0.0,5.4997
307.5,2026-05-06T20:06:33.963004+00:00,77.4466,-0.0078,96.9223,0.0777,0.75,0.0,1500.0,0.0,5.4486
308.0,2026-05-06T20:06:34.457931+00:00,77.4937,-0.0697,97.056,0.0983,0.75,0.0,1500.0,0.0,5.4749
308.50052,2026-05-06T20:06:34.958383+00:00,77.6571,0.0101,97.1587,0.1527,0.75,0.0,1500.0,0.0,5.4878
309.000121,2026-05-06T20:06:35.457959+00:00,77.5282,0.0714,97.122,0.1174,0.75,0.0,1500.0,0.0,5.494
309.5,2026-05-06T20:06:35.959591+00:00,77.3019,-0.0724,97.0938,0.0902,0.75,0.0,1500.0,0.0,5.4971
310.0,2026-05-06T20:06:36.463414+00:00,77.3824,-0.0556,97.1878,0.1465,0.75,0.0,1500.0,0.0,5.4986
310.5,2026-05-06T20:06:36.957825+00:00,77.1898,-0.2337,97.2369,0.1049,0.75,0.0,1500.0,0.0,5.4993
311.0,2026-05-06T20:06:37.457778+00:00,77.4236,-0.0523,96.7424,-0.1045,0.75,0.0,1500.0,0.0,5.4997
311.5,2026-05-06T20:06:37.957803+00:00,77.476,0.087,96.802,-0.1189,0.75,0.0,1500.0,0.0,5.4998
312.0,2026-05-06T20:06:38.457767+00:00,77.5162,0.0669,96.8478,-0.0914,0.75,0.0,1500.0,0.0,5.4999
312.5,2026-05-06T20:06:38.963229+00:00,77.5472,0.1787,96.883,-0.0702,0.75,0.0,1500.0,0.0,5.4488
313.0,2026-05-06T20:06:39.458143+00:00,77.4437,0.0101,96.7944,-0.1311,0.75,0.0,1500.0,0.0,5.475
313.501554,2026-05-06T20:06:39.959599+00:00,77.6187,0.0714,96.9577,-0.0931,0.75,0.0,1500.0,0.0,5.4366
314.0,2026-05-06T20:06:40.457765+00:00,77.626,0.0549,96.9675,0.075,0.75,0.0,1500.0,0.0,5.4179
314.5,2026-05-06T20:06:40.957888+00:00,77.6315,0.0422,96.975,0.0577,0.75,0.0,1500.0,0.0,5.4087
315.0,2026-05-06T20:06:41.464128+00:00,77.6358,0.096,96.8651,0.0058,0.75,0.0,1500.0,0.0,5.4043
315.5,2026-05-06T20:06:41.957743+00:00,77.7664,0.0738,97.012,0.043,0.75,0.0,1500.0,0.0,5.4021
316.0,2026-05-06T20:06:42.458124+00:00,77.7394,0.0567,97.0092,0.0716,0.75,0.0,1500.0,0.0,5.401
316.5,2026-05-06T20:06:42.957748+00:00,77.7187,0.0436,96.8914,-0.0221,0.75,0.0,1500.0,0.0,5.4005
317.0,2026-05-06T20:06:43.457779+00:00,77.7028,0.0335,97.1479,0.0602,0.75,0.0,1500.0,0.0,5.4002
317.5,2026-05-06T20:06:43.965923+00:00,77.6906,-0.0379,97.2294,0.0848,0.75,0.0,1500.0,0.0,5.4001
318.0,2026-05-06T20:06:44.457943+00:00,77.8085,0.0345,97.1763,0.1037,0.75,0.0,1500.0,0.0,5.4001
318.5,2026-05-06T20:06:44.957886+00:00,77.8991,0.0902,97.1355,0.0412,0.75,0.0,1500.0,0.0,5.4
319.0,2026-05-06T20:06:45.457817+00:00,77.7142,0.0057,96.8728,-0.0455,0.75,0.0,1500.0,0.0,5.4
319.5,2026-05-06T20:06:45.957781+00:00,77.8266,0.068,96.7634,-0.0427,0.75,0.0,1500.0,0.0,5.4
320.0,2026-05-06T20:06:46.468425+00:00,77.7857,-0.0114,96.5867,-0.1871,0.75,0.0,1500.0,0.0,5.4
320.502178,2026-05-06T20:06:46.960093+00:00,77.8816,-0.0087,96.5898,-0.2132,0.75,0.0,1500.0,0.0,5.4512
321.000978,2026-05-06T20:06:47.458735+00:00,77.9553,0.1206,96.569,-0.2024,0.75,0.0,1500.0,0.0,5.425
321.5,2026-05-06T20:06:47.957929+00:00,78.0119,0.0927,96.6687,-0.1556,0.75,0.0,1500.0,0.0,5.4122
322.00103,2026-05-06T20:06:48.458821+00:00,78.0554,0.1348,96.4909,-0.1273,0.75,0.0,1500.0,0.0,5.406
322.500004,2026-05-06T20:06:48.962793+00:00,78.0889,0.1036,96.7244,-0.013,0.75,0.0,1500.0,0.0,5.4029
323.0,2026-05-06T20:06:49.457754+00:00,78.2419,0.1433,96.6956,0.0363,0.75,0.0,1500.0,0.0,5.4014
323.5,2026-05-06T20:06:49.957805+00:00,78.3594,0.1738,96.5346,-0.0184,0.75,0.0,1500.0,0.0,5.4007
324.0,2026-05-06T20:06:50.457886+00:00,78.3226,0.1336,96.758,0.063,0.75,0.0,1500.0,0.0,5.4003
324.5,2026-05-06T20:06:50.958179+00:00,78.2942,0.1027,96.9066,0.0793,0.75,0.0,1500.0,0.0,5.4002
325.0,2026-05-06T20:06:51.462650+00:00,78.1451,-0.0484,96.9282,0.1458,0.75,0.0,1500.0,0.0,5.4001
325.5,2026-05-06T20:06:51.957795+00:00,78.1578,-0.1008,96.9448,0.0735,0.75,0.0,1500.0,0.0,5.4
326.00152,2026-05-06T20:06:52.459694+00:00,78.1676,-0.0775,96.8419,0.0488,0.75,0.0,1500.0,0.0,5.4
326.500251,2026-05-06T20:06:52.958031+00:00,78.1751,-0.0596,96.7628,0.076,0.75,0.0,1500.0,0.0,5.4
327.0,2026-05-06T20:06:53.457964+00:00,77.9263,-0.1094,96.9334,0.0584,0.75,0.0,1500.0,0.0,5.4
327.5,2026-05-06T20:06:53.963963+00:00,77.8624,-0.1477,96.9488,0.0141,0.75,0.0,1500.0,0.0,5.4
328.0,2026-05-06T20:06:54.457810+00:00,77.9405,-0.1135,96.8218,-0.0355,0.75,0.0,1500.0,0.0,5.4512
328.5,2026-05-06T20:06:54.957917+00:00,78.0005,-0.0873,96.863,-0.0273,0.75,0.0,1500.0,0.0,5.425
329.0,2026-05-06T20:06:55.457864+00:00,78.0467,0.0602,96.8947,0.0176,0.75,0.0,1500.0,0.0,5.4122
329.5,2026-05-06T20:06:55.957777+00:00,77.9549,0.0463,97.0348,0.0907,0.75,0.0,1500.0,0.0,5.406
330.0,2026-05-06T20:06:56.466697+00:00,77.8843,-0.0281,97.1424,0.0697,0.75,0.0,1500.0,0.0,5.4029
330.500674,2026-05-06T20:06:56.958451+00:00,77.9574,-0.0216,96.9938,0.015,0.75,0.0,1500.0,0.0,5.4526
331.000862,2026-05-06T20:06:57.458789+00:00,77.8863,-0.0802,96.9952,0.0578,0.75,0.0,1500.0,0.0,5.4257
331.5,2026-05-06T20:06:57.958194+00:00,78.0861,0.0656,97.112,0.083,0.75,0.0,1500.0,0.0,5.4125
332.000451,2026-05-06T20:06:58.458251+00:00,78.2397,0.1777,96.9704,0.0252,0.75,0.0,1500.0,0.0,5.4061
332.5,2026-05-06T20:06:58.962905+00:00,78.2306,0.1366,97.2087,0.058,0.75,0.0,1500.0,0.0,5.403
333.0,2026-05-06T20:06:59.457810+00:00,78.2235,0.1686,97.2761,0.0445,0.75,0.0,1500.0,0.0,5.4015
333.500552,2026-05-06T20:06:59.958309+00:00,78.0908,0.0023,97.3279,0.1114,0.75,0.0,1500.0,0.0,5.4007
334.0,2026-05-06T20:07:00.457807+00:00,78.1161,-0.0618,97.252,0.0856,0.75,0.0,1500.0,0.0,5.4003
334.500076,2026-05-06T20:07:00.957841+00:00,78.0082,-0.1112,96.8466,-0.0885,0.75,0.0,1500.0,0.0,5.4002
335.0,2026-05-06T20:07:01.462553+00:00,78.0526,-0.0854,96.9747,0.0014,0.75,0.0,1500.0,0.0,5.4001
335.5,2026-05-06T20:07:01.958196+00:00,77.9594,-0.0657,96.8648,-0.1146,0.75,0.0,1500.0,0.0,5.4
336.000669,2026-05-06T20:07:02.458428+00:00,78.0151,-0.0505,96.7573,-0.1729,0.75,0.0,1500.0,0.0,5.4
336.5,2026-05-06T20:07:02.957786+00:00,78.0579,0.0248,96.6977,-0.2101,0.75,0.0,1500.0,0.0,5.4
337.0,2026-05-06T20:07:03.457814+00:00,77.9635,-0.0445,96.6751,-0.1923,0.75,0.0,1500.0,0.0,5.4
337.5,2026-05-06T20:07:03.963082+00:00,78.0182,0.0294,96.4032,-0.1478,0.75,0.0,1500.0,0.0,5.4
338.0,2026-05-06T20:07:04.457756+00:00,78.0603,0.0226,96.5413,-0.1445,0.75,0.0,1500.0,0.0,5.4
338.5,2026-05-06T20:07:04.958229+00:00,78.2199,0.081,96.6474,-0.0725,0.75,0.0,1500.0,0.0,5.4
339.000519,2026-05-06T20:07:05.458266+00:00,78.088,0.0623,96.4976,-0.0865,0.75,0.0,1500.0,0.0,5.4
339.5,2026-05-06T20:07:05.957778+00:00,78.2412,0.1115,96.7296,0.0106,0.75,0.0,1500.0,0.0,5.4
340.0,2026-05-06T20:07:06.467106+00:00,78.2317,0.0857,96.7921,0.039,0.75,0.0,1500.0,0.0,5.4
340.5,2026-05-06T20:07:06.957757+00:00,77.9698,-0.125,96.6088,0.0686,0.75,0.0,1500.0,0.0,5.4
341.0,2026-05-06T20:07:07.458227+00:00,78.1503,0.0312,96.6994,0.0527,0.75,0.0,1500.0,0.0,5.4
341.5,2026-05-06T20:07:07.958744+00:00,78.2891,0.024,96.7458,0.0328,0.75,0.0,1500.0,0.0,5.4
342.0,2026-05-06T20:07:08.457806+00:00,78.2685,0.0184,96.5501,0.0175,0.75,0.0,1500.0,0.0,5.4
342.5,2026-05-06T20:07:08.967075+00:00,78.2526,0.1414,96.5385,-0.0637,0.75,0.0,1500.0,0.0,5.3488
343.0,2026-05-06T20:07:09.458333+00:00,78.3677,0.1087,96.275,-0.1724,0.75,0.0,1500.0,0.0,5.375
343.500588,2026-05-06T20:07:09.958723+00:00,78.2016,-0.0437,95.9569,-0.2173,0.75,0.0,1500.0,0.0,5.3878
344.00033,2026-05-06T20:07:10.458335+00:00,78.2013,-0.0336,96.1751,-0.1748,0.75,0.0,1500.0,0.0,5.394
344.5,2026-05-06T20:07:10.958193+00:00,78.3282,0.0378,96.366,-0.1266,0.75,0.0,1500.0,0.0,5.3971
345.0,2026-05-06T20:07:11.464423+00:00,78.044,-0.1618,96.5127,-0.0125,0.75,0.0,1500.0,0.0,5.3986
345.5,2026-05-06T20:07:11.957898+00:00,78.0801,-0.0608,96.7412,0.0676,0.75,0.0,1500.0,0.0,5.3993
346.0,2026-05-06T20:07:12.457801+00:00,78.1079,-0.0467,96.9168,0.2139,0.75,0.0,1500.0,0.0,5.3997
346.5,2026-05-06T20:07:12.957792+00:00,78.1292,-0.0995,96.936,0.3264,0.75,0.0,1500.0,0.0,5.3998
347.0,2026-05-06T20:07:13.457992+00:00,78.0183,-0.0129,96.9277,0.2509,0.75,0.0,1500.0,0.0,5.3999
347.5,2026-05-06T20:07:13.964201+00:00,78.1876,0.0537,96.7362,0.1234,0.75,0.0,1500.0,0.0,5.3488
348.0,2026-05-06T20:07:14.457924+00:00,78.3178,0.1049,96.9129,0.1334,0.75,0.0,1500.0,0.0,5.375
348.5,2026-05-06T20:07:14.958136+00:00,78.2905,0.0807,97.0488,0.1025,0.75,0.0,1500.0,0.0,5.3878
349.0,2026-05-06T20:07:15.457802+00:00,78.2696,0.1256,96.9218,0.0017,0.75,0.0,1500.0,0.0,5.394
349.5,2026-05-06T20:07:15.957793+00:00,78.2535,0.0329,96.9167,-0.0064,0.75,0.0,1500.0,0.0,5.4483
350.0,2026-05-06T20:07:16.467088+00:00,78.3684,0.0253,96.8203,-0.0358,0.75,0.0,1500.0,0.0,5.4748
350.500444,2026-05-06T20:07:16.958222+00:00,78.3294,0.0195,96.723,-0.0044,0.75,0.0,1500.0,0.0,5.4877
351.0,2026-05-06T20:07:17.458308+00:00,78.2995,0.0149,96.9028,-0.0034,0.75,0.0,1500.0,0.0,5.494
351.502214,2026-05-06T20:07:17.960165+00:00,78.2764,0.0115,96.9253,-0.0411,0.75,0.0,1500.0,0.0,5.4971
352.0,2026-05-06T20:07:18.457739+00:00,78.2588,-0.0548,97.0583,0.0455,0.75,0.0,1500.0,0.0,5.4986
352.5,2026-05-06T20:07:18.964358+00:00,78.3724,0.0215,97.1605,0.0813,0.75,0.0,1500.0,0.0,5.4481
353.0,2026-05-06T20:07:19.457781+00:00,78.3325,0.0165,96.8688,0.0162,0.75,0.0,1500.0,0.0,5.4747
353.5,2026-05-06T20:07:19.957776+00:00,78.3019,0.0127,96.8992,0.0587,0.75,0.0,1500.0,0.0,5.4876
354.0,2026-05-06T20:07:20.458318+00:00,78.2783,0.0098,96.8068,-0.032,0.75,0.0,1500.0,0.0,5.494
354.5,2026-05-06T20:07:20.958068+00:00,78.3874,0.0075,96.5044,-0.1403,0.75,0.0,1500.0,0.0,5.4971
355.0,2026-05-06T20:07:21.462917+00:00,78.4713,0.0694,96.3877,-0.2235,0.75,0.0,1500.0,0.0,5.4986
355.5,2026-05-06T20:07:21.957878+00:00,78.4086,0.0533,96.2748,-0.2952,0.75,0.0,1500.0,0.0,5.4993
356.003609,2026-05-06T20:07:22.462116+00:00,78.3603,0.041,95.8641,-0.3349,0.75,0.0,1500.0,0.0,5.4485
356.500546,2026-05-06T20:07:22.958412+00:00,78.3232,-0.0321,96.127,-0.2574,0.75,0.0,1500.0,0.0,5.4236
357.0,2026-05-06T20:07:23.458126+00:00,78.5492,0.0389,96.2133,-0.1978,0.75,0.0,1500.0,0.0,5.4115
357.50009,2026-05-06T20:07:23.966216+00:00,78.5957,0.0936,96.2565,-0.0826,0.75,0.0,1500.0,0.0,5.4056
358.0,2026-05-06T20:07:24.457787+00:00,78.6314,0.1356,96.1971,-0.0635,0.75,0.0,1500.0,0.0,5.4027
358.5,2026-05-06T20:07:24.957766+00:00,78.5316,0.1042,96.2441,-0.0103,0.75,0.0,1500.0,0.0,5.4013
359.0,2026-05-06T20:07:25.458164+00:00,78.4548,-0.0472,96.419,0.185,0.75,0.0,1500.0,0.0,5.4007
359.500535,2026-05-06T20:07:25.958392+00:00,78.6504,0.0274,96.4146,0.0959,0.75,0.0,1500.0,0.0,5.4003
360.0,2026-05-06T20:07:26.462878+00:00,78.5462,-0.0426,96.5501,0.1123,0.75,0.0,1500.0,0.0,5.4002
360.5,2026-05-06T20:07:26.957814+00:00,78.3388,-0.0964,96.5616,0.1017,0.75,0.0,1500.0,0.0,5.4001
361.0,2026-05-06T20:07:27.457917+00:00,78.3067,-0.0741,96.6631,0.1553,0.75,0.0,1500.0,0.0,5.4
361.5,2026-05-06T20:07:27.958023+00:00,78.4093,-0.1206,96.8567,0.2042,0.75,0.0,1500.0,0.0,5.4
362.0,2026-05-06T20:07:28.457809+00:00,78.6154,0.0346,96.751,0.1107,0.75,0.0,1500.0,0.0,5.4
362.5,2026-05-06T20:07:28.963773+00:00,78.6465,0.1539,96.7855,0.1236,0.75,0.0,1500.0,0.0,5.4
363.0,2026-05-06T20:07:29.458181+00:00,78.5432,0.1183,96.7194,0.0565,0.75,0.0,1500.0,0.0,5.4
363.50067,2026-05-06T20:07:29.958420+00:00,78.5911,0.0909,96.5298,-0.0106,0.75,0.0,1500.0,0.0,5.4
364.000944,2026-05-06T20:07:30.458848+00:00,78.5006,-0.0574,96.6386,-0.0081,0.75,0.0,1500.0,0.0,5.4
364.5,2026-05-06T20:07:30.958051+00:00,78.5583,-0.0441,96.5834,-0.0911,0.75,0.0,1500.0,0.0,5.4
365.0,2026-05-06T20:07:31.463483+00:00,78.6026,0.0297,96.1939,-0.1857,0.75,0.0,1500.0,0.0,5.4
365.5,2026-05-06T20:07:31.957919+00:00,78.6367,0.0228,96.2416,-0.1813,0.75,0.0,1500.0,0.0,5.4
366.0,2026-05-06T20:07:32.457942+00:00,78.5357,0.0176,96.1857,-0.1779,0.75,0.0,1500.0,0.0,5.4
366.502179,2026-05-06T20:07:32.960093+00:00,78.458,-0.0501,95.8882,-0.2139,0.75,0.0,1500.0,0.0,5.4
367.0,2026-05-06T20:07:33.457798+00:00,78.3983,-0.1022,95.914,-0.2415,0.75,0.0,1500.0,0.0,5.4
367.5,2026-05-06T20:07:33.964998+00:00,78.3524,-0.1422,95.9339,-0.2165,0.75,0.0,1500.0,0.0,5.4
368.0,2026-05-06T20:07:34.459836+00:00,78.4444,-0.0456,95.9261,-0.0893,0.75,0.0,1500.0,0.0,5.4
368.5,2026-05-06T20:07:34.957784+00:00,78.3879,-0.0351,95.92,-0.1072,0.75,0.0,1500.0,0.0,5.4
369.0,2026-05-06T20:07:35.458128+00:00,78.5989,0.1003,96.2856,0.0333,0.75,0.0,1500.0,0.0,5.4
369.5,2026-05-06T20:07:35.957834+00:00,78.5066,0.0771,96.1964,0.1027,0.75,0.0,1500.0,0.0,5.4
370.0,2026-05-06T20:07:36.462473+00:00,78.4357,-0.0044,96.3824,0.1561,0.75,0.0,1500.0,0.0,5.4
370.5,2026-05-06T20:07:36.957894+00:00,78.5084,0.0603,96.641,0.2357,0.75,0.0,1500.0,0.0,5.4
371.0,2026-05-06T20:07:37.457808+00:00,78.5643,-0.0173,96.6084,0.2274,0.75,0.0,1500.0,0.0,5.4
371.500169,2026-05-06T20:07:37.957995+00:00,78.48,-0.0133,96.8147,0.2982,0.75,0.0,1500.0,0.0,5.4
372.0,2026-05-06T20:07:38.458089+00:00,78.6698,0.117,96.9733,0.2292,0.75,0.0,1500.0,0.0,5.4
372.5,2026-05-06T20:07:38.966122+00:00,78.4338,-0.0373,96.7249,0.1762,0.75,0.0,1500.0,0.0,5.4
373.0,2026-05-06T20:07:39.457806+00:00,78.3797,-0.0923,96.9043,0.174,0.75,0.0,1500.0,0.0,5.4
373.5,2026-05-06T20:07:39.958214+00:00,78.5926,0.0563,97.1578,0.1723,0.75,0.0,1500.0,0.0,5.4
374.0,2026-05-06T20:07:40.457755+00:00,78.6291,-0.0203,97.0056,0.1324,0.75,0.0,1500.0,0.0,5.4
374.5,2026-05-06T20:07:40.958025+00:00,78.657,0.1116,96.8655,0.0169,0.75,0.0,1500.0,0.0,5.4
375.00174,2026-05-06T20:07:41.468368+00:00,78.6786,0.1494,96.7578,-0.0718,0.75,0.0,1500.0,0.0,5.4
375.5,2026-05-06T20:07:41.957851+00:00,78.6951,0.0512,96.8138,0.0296,0.75,0.0,1500.0,0.0,5.4
376.0,2026-05-06T20:07:42.457892+00:00,78.4533,-0.0879,96.9726,0.0228,0.75,0.0,1500.0,0.0,5.4
376.5,2026-05-06T20:07:42.957775+00:00,78.3947,-0.1312,96.7475,-0.1368,0.75,0.0,1500.0,0.0,5.4
377.0,2026-05-06T20:07:43.457883+00:00,78.4769,-0.1008,96.6671,-0.1128,0.75,0.0,1500.0,0.0,5.4
377.5,2026-05-06T20:07:43.965758+00:00,78.6673,-0.0139,96.5127,-0.1176,0.75,0.0,1500.0,0.0,5.3488
378.002163,2026-05-06T20:07:44.460101+00:00,78.8137,0.1802,96.5098,-0.0827,0.75,0.0,1500.0,0.0,5.375
378.5,2026-05-06T20:07:44.957776+00:00,78.6717,0.1385,96.2761,-0.1792,0.75,0.0,1500.0,0.0,5.3878
379.0,2026-05-06T20:07:45.457750+00:00,78.6898,0.1065,96.4436,-0.1763,0.75,0.0,1500.0,0.0,5.394
379.5,2026-05-06T20:07:45.957786+00:00,78.7038,0.0182,96.4335,-0.1047,0.75,0.0,1500.0,0.0,5.3971
380.0,2026-05-06T20:07:46.463550+00:00,78.5872,-0.1133,96.5646,-0.0342,0.75,0.0,1500.0,0.0,5.3986
380.5,2026-05-06T20:07:46.957803+00:00,78.7521,0.0402,96.6654,0.0509,0.75,0.0,1500.0,0.0,5.3993
381.002302,2026-05-06T20:07:47.460159+00:00,78.8789,0.0945,96.3726,-0.0457,0.75,0.0,1500.0,0.0,5.3997
381.5,2026-05-06T20:07:47.957890+00:00,78.9764,0.1363,96.5177,0.0805,0.75,0.0,1500.0,0.0,5.3998
382.0,2026-05-06T20:07:48.457864+00:00,78.924,0.1684,96.3979,-0.0152,0.75,0.0,1500.0,0.0,5.3999
382.5,2026-05-06T20:07:48.966590+00:00,78.7564,0.0022,96.4216,-0.004,0.75,0.0,1500.0,0.0,5.4
383.0,2026-05-06T20:07:49.457809+00:00,78.755,-0.062,96.4397,-0.0416,0.75,0.0,1500.0,0.0,5.4
383.5,2026-05-06T20:07:49.957795+00:00,78.8811,-0.0476,96.5694,-0.032,0.75,0.0,1500.0,0.0,5.4
384.0,2026-05-06T20:07:50.457810+00:00,78.8507,-0.0366,96.5533,0.0603,0.75,0.0,1500.0,0.0,5.4
384.5,2026-05-06T20:07:50.957801+00:00,78.8274,0.0355,96.7724,0.0849,0.75,0.0,1500.0,0.0,5.4
385.0,2026-05-06T20:07:51.462933+00:00,78.8095,0.0273,97.0564,0.2195,0.75,0.0,1500.0,0.0,5.4
385.5,2026-05-06T20:07:51.957798+00:00,78.7957,-0.0427,96.9277,0.1687,0.75,0.0,1500.0,0.0,5.4
386.0,2026-05-06T20:07:52.457944+00:00,78.6579,-0.0964,96.713,0.0911,0.75,0.0,1500.0,0.0,5.4
386.5,2026-05-06T20:07:52.957923+00:00,78.2974,-0.265,96.8951,0.1086,0.75,0.0,1500.0,0.0,5.4
387.0,2026-05-06T20:07:53.457801+00:00,78.5294,-0.1401,96.6649,0.0372,0.75,0.0,1500.0,0.0,5.4
387.5,2026-05-06T20:07:53.963899+00:00,78.4532,-0.1713,96.7424,-0.01,0.75,0.0,1500.0,0.0,5.3488
388.0,2026-05-06T20:07:54.460480+00:00,78.6491,-0.0044,96.802,-0.0848,0.75,0.0,1500.0,0.0,5.375
388.5,2026-05-06T20:07:54.957784+00:00,78.5452,0.1239,96.8478,-0.0266,0.75,0.0,1500.0,0.0,5.3878
389.0,2026-05-06T20:07:55.457840+00:00,78.5926,0.0316,96.9987,0.0952,0.75,0.0,1500.0,0.0,5.3428
389.5,2026-05-06T20:07:55.957799+00:00,78.629,0.0879,96.7676,-0.0425,0.75,0.0,1500.0,0.0,5.3209
390.0,2026-05-06T20:07:56.462873+00:00,78.4025,-0.1233,96.8214,0.0522,0.75,0.0,1500.0,0.0,5.3102
390.5,2026-05-06T20:07:56.957985+00:00,78.3556,-0.0948,96.8627,0.0401,0.75,0.0,1500.0,0.0,5.3562
391.002168,2026-05-06T20:07:57.460027+00:00,78.4469,-0.0729,96.6631,-0.0463,0.75,0.0,1500.0,0.0,5.3786
391.5,2026-05-06T20:07:57.957882+00:00,78.517,-0.056,96.8568,0.003,0.75,0.0,1500.0,0.0,5.3896
392.0,2026-05-06T20:07:58.457794+00:00,78.6982,0.1479,96.7742,-0.0748,0.75,0.0,1500.0,0.0,5.3949
392.5,2026-05-06T20:07:58.964446+00:00,78.8375,0.2409,96.4794,-0.0961,0.75,0.0,1500.0,0.0,5.3975
393.0,2026-05-06T20:07:59.457789+00:00,78.69,0.1215,96.5767,-0.0816,0.75,0.0,1500.0,0.0,5.3988
393.5,2026-05-06T20:07:59.957961+00:00,78.8311,0.157,96.5589,-0.1013,0.75,0.0,1500.0,0.0,5.3994
394.0,2026-05-06T20:08:00.457814+00:00,78.9396,0.1207,96.5453,-0.0393,0.75,0.0,1500.0,0.0,5.3997
394.5,2026-05-06T20:08:00.958013+00:00,78.8957,0.0291,96.5348,-0.1073,0.75,0.0,1500.0,0.0,5.3999
395.0,2026-05-06T20:08:01.462698+00:00,78.9893,0.1497,96.5036,-0.0902,0.75,0.0,1500.0,0.0,5.3999
395.5,2026-05-06T20:08:01.957816+00:00,78.9339,0.0514,96.5028,0.0078,0.75,0.0,1500.0,0.0,5.4
396.0,2026-05-06T20:08:02.458051+00:00,78.7641,-0.0878,96.6178,0.0137,0.75,0.0,1500.0,0.0,5.4
396.5,2026-05-06T20:08:02.957850+00:00,78.8881,-0.0038,96.4749,-0.028,0.75,0.0,1500.0,0.0,5.4
397.0,2026-05-06T20:08:03.457877+00:00,78.8561,-0.0666,96.5964,0.017,0.75,0.0,1500.0,0.0,5.4
397.5,2026-05-06T20:08:03.963697+00:00,78.8316,-0.0512,96.6898,0.0517,0.75,0.0,1500.0,0.0,5.4
398.0,2026-05-06T20:08:04.458043+00:00,78.94,0.0879,96.7616,0.086,0.75,0.0,1500.0,0.0,5.4
398.5,2026-05-06T20:08:04.957798+00:00,78.896,0.004,96.701,0.0661,0.75,0.0,1500.0,0.0,5.4
399.000332,2026-05-06T20:08:05.458338+00:00,78.8622,0.003,96.7702,0.0508,0.75,0.0,1500.0,0.0,5.4
399.5,2026-05-06T20:08:05.957940+00:00,78.9635,0.066,96.8234,0.1162,0.75,0.0,1500.0,0.0,5.4
400.000576,2026-05-06T20:08:06.463532+00:00,79.0414,0.0507,96.7254,0.043,0.75,0.0,1500.0,0.0,5.4
400.5,2026-05-06T20:08:06.957859+00:00,78.974,0.039,96.6733,-0.0055,0.75,0.0,1500.0,0.0,5.4
401.0,2026-05-06T20:08:07.457799+00:00,79.0494,0.0936,96.6563,-0.0351,0.75,0.0,1500.0,0.0,5.4
401.5,2026-05-06T20:08:07.957747+00:00,78.9801,0.0083,96.4813,-0.0732,0.75,0.0,1500.0,0.0,5.4
402.0,2026-05-06T20:08:08.457763+00:00,79.0541,0.0064,96.6013,-0.0563,0.75,0.0,1500.0,0.0,5.4
402.5,2026-05-06T20:08:08.969344+00:00,79.111,0.0685,96.7861,-0.0124,0.75,0.0,1500.0,0.0,5.4
403.0,2026-05-06T20:08:09.457790+00:00,79.0275,-0.011,96.6274,-0.0327,0.75,0.0,1500.0,0.0,5.4
403.5,2026-05-06T20:08:09.957999+00:00,78.9633,-0.0084,96.8293,0.052,0.75,0.0,1500.0,0.0,5.4
404.002308,2026-05-06T20:08:10.460168+00:00,78.9139,-0.0701,96.9845,0.1094,0.75,0.0,1500.0,0.0,5.4
404.5,2026-05-06T20:08:10.958023+00:00,78.6215,-0.2448,96.8492,0.1226,0.75,0.0,1500.0,0.0,5.4
405.0,2026-05-06T20:08:11.463997+00:00,78.7785,-0.1245,96.861,0.0866,0.75,0.0,1500.0,0.0,5.4
405.5,2026-05-06T20:08:11.958339+00:00,78.6446,-0.1593,96.2915,-0.1649,0.75,0.0,1500.0,0.0,5.4512
406.0,2026-05-06T20:08:12.457855+00:00,78.669,-0.1225,96.3398,-0.0959,0.75,0.0,1500.0,0.0,5.4762
406.5,2026-05-06T20:08:12.957826+00:00,78.815,0.0968,96.4925,-0.1123,0.75,0.0,1500.0,0.0,5.4884
407.001952,2026-05-06T20:08:13.459744+00:00,78.9272,0.0744,96.61,-0.1248,0.75,0.0,1500.0,0.0,5.4943
407.5,2026-05-06T20:08:13.964067+00:00,78.8862,0.1208,96.5845,-0.0882,0.75,0.0,1500.0,0.0,5.446
408.0,2026-05-06T20:08:14.457792+00:00,78.7274,0.0292,96.565,-0.0987,0.75,0.0,1500.0,0.0,5.4737
408.5,2026-05-06T20:08:14.957801+00:00,78.7327,-0.0412,96.5499,0.0861,0.75,0.0,1500.0,0.0,5.4359
409.0,2026-05-06T20:08:15.457867+00:00,78.6094,-0.1589,96.5152,0.0585,0.75,0.0,1500.0,0.0,5.4175
409.5,2026-05-06T20:08:15.957941+00:00,78.5147,-0.1858,96.8588,0.1221,0.75,0.0,1500.0,0.0,5.4086
410.0,2026-05-06T20:08:16.465579+00:00,78.6964,-0.0155,96.8915,0.0938,0.75,0.0,1500.0,0.0,5.4042
410.5,2026-05-06T20:08:16.957802+00:00,79.0906,0.179,97.0323,0.1493,0.75,0.0,1500.0,0.0,5.4532
411.0,2026-05-06T20:08:17.457812+00:00,79.0118,0.2012,97.0248,0.1533,0.75,0.0,1500.0,0.0,5.426
411.5,2026-05-06T20:08:17.957774+00:00,79.0785,0.2819,97.0191,0.1564,0.75,0.0,1500.0,0.0,5.4127
412.0,2026-05-06T20:08:18.457749+00:00,79.1297,0.2167,96.899,0.1279,0.75,0.0,1500.0,0.0,5.4062
412.5,2026-05-06T20:08:18.966550+00:00,79.0419,-0.0244,96.8992,0.0135,0.75,0.0,1500.0,0.0,5.403
413.0,2026-05-06T20:08:19.457761+00:00,79.1016,0.0449,96.668,-0.0745,0.75,0.0,1500.0,0.0,5.4015
413.5,2026-05-06T20:08:19.957755+00:00,79.2748,0.0981,96.8605,-0.0573,0.75,0.0,1500.0,0.0,5.4007
414.002172,2026-05-06T20:08:20.460042+00:00,79.4079,0.1391,96.9159,-0.0363,0.75,0.0,1500.0,0.0,5.4004
414.5,2026-05-06T20:08:20.957943+00:00,79.3829,0.1705,96.9354,-0.0279,0.75,0.0,1500.0,0.0,5.4002
415.0,2026-05-06T20:08:21.462744+00:00,79.3637,0.1311,96.8346,-0.0214,0.75,0.0,1500.0,0.0,5.4001
415.500065,2026-05-06T20:08:21.957969+00:00,79.2217,-0.0265,96.7572,-0.0473,0.75,0.0,1500.0,0.0,5.4
416.0,2026-05-06T20:08:22.457793+00:00,79.2398,-0.084,96.6977,0.0099,0.75,0.0,1500.0,0.0,5.4
416.5,2026-05-06T20:08:22.957808+00:00,79.2538,-0.0646,96.7676,-0.031,0.75,0.0,1500.0,0.0,5.4
417.000572,2026-05-06T20:08:23.458318+00:00,79.2645,-0.0496,96.7057,-0.0701,0.75,0.0,1500.0,0.0,5.4
417.5,2026-05-06T20:08:23.963901+00:00,79.2727,0.0255,97.0052,0.0233,0.75,0.0,1500.0,0.0,5.4512
418.0,2026-05-06T20:08:24.457818+00:00,79.279,0.0196,97.004,0.0565,0.75,0.0,1500.0,0.0,5.5274
418.5,2026-05-06T20:08:24.957765+00:00,79.0293,-0.1122,96.7485,-0.0029,0.75,0.0,1500.0,0.0,5.5646
419.0,2026-05-06T20:08:25.457792+00:00,79.2192,-0.0226,96.8067,0.0363,0.75,0.0,1500.0,0.0,5.5827
419.5,2026-05-06T20:08:25.957874+00:00,79.1106,-0.081,96.7357,-0.0106,0.75,0.0,1500.0,0.0,5.5404
420.00045,2026-05-06T20:08:26.465847+00:00,79.1545,-0.0623,96.6581,-0.0159,0.75,0.0,1500.0,0.0,5.5197
420.5,2026-05-06T20:08:26.957759+00:00,79.0609,0.0158,96.3901,-0.205,0.75,0.0,1500.0,0.0,5.5096
421.0,2026-05-06T20:08:27.457954+00:00,79.2435,0.0121,96.5312,-0.1576,0.75,0.0,1500.0,0.0,5.5047
421.501119,2026-05-06T20:08:27.958907+00:00,79.3838,0.1366,96.2695,-0.1597,0.75,0.0,1500.0,0.0,5.5023
422.0,2026-05-06T20:08:28.457939+00:00,79.3644,0.105,96.5542,-0.0842,0.75,0.0,1500.0,0.0,5.5011
422.5,2026-05-06T20:08:28.963437+00:00,79.4768,0.208,96.7499,0.0047,0.75,0.0,1500.0,0.0,5.5005
423.000429,2026-05-06T20:08:29.458201+00:00,79.3086,0.0326,96.6921,0.0113,0.75,0.0,1500.0,0.0,5.5515
423.5,2026-05-06T20:08:29.957914+00:00,79.3066,-0.0386,96.7633,0.1244,0.75,0.0,1500.0,0.0,5.5251
424.0,2026-05-06T20:08:30.458228+00:00,79.4324,0.034,96.7024,0.0571,0.75,0.0,1500.0,0.0,5.5123
424.5,2026-05-06T20:08:30.957737+00:00,79.2745,-0.1012,96.2853,0.0053,0.75,0.0,1500.0,0.0,5.506
425.0,2026-05-06T20:08:31.462475+00:00,79.4076,0.0495,96.1036,-0.1502,0.75,0.0,1500.0,0.0,5.5029
425.5,2026-05-06T20:08:31.957809+00:00,79.3827,0.0381,96.1953,-0.1849,0.75,0.0,1500.0,0.0,5.5014
426.0,2026-05-06T20:08:32.457858+00:00,79.4909,0.0293,96.1501,-0.1807,0.75,0.0,1500.0,0.0,5.5007
426.5,2026-05-06T20:08:32.957777+00:00,79.4467,0.0861,96.4625,-0.1003,0.75,0.0,1500.0,0.0,5.5003
427.0,2026-05-06T20:08:33.458081+00:00,79.2855,-0.0611,96.5637,-0.0462,0.75,0.0,1500.0,0.0,5.5002
427.5,2026-05-06T20:08:33.965067+00:00,79.2888,-0.0469,96.549,0.0879,0.75,0.0,1500.0,0.0,5.5001
428.0,2026-05-06T20:08:34.457845+00:00,79.1642,-0.1634,96.6302,0.1755,0.75,0.0,1500.0,0.0,5.5
428.5,2026-05-06T20:08:34.958041+00:00,79.1956,-0.1256,96.6001,0.1349,0.75,0.0,1500.0,0.0,5.5
429.0,2026-05-06T20:08:35.457763+00:00,79.2197,-0.0329,96.3455,0.0651,0.75,0.0,1500.0,0.0,5.5
429.5,2026-05-06T20:08:35.957777+00:00,79.2383,-0.0253,96.3581,-0.0348,0.75,0.0,1500.0,0.0,5.5
430.0,2026-05-06T20:08:36.463289+00:00,79.1253,-0.0194,96.2753,-0.0962,0.75,0.0,1500.0,0.0,5.5
430.500646,2026-05-06T20:08:36.958410+00:00,79.0385,-0.0786,96.1884,-0.1202,0.75,0.0,1500.0,0.0,5.4488
431.00282,2026-05-06T20:08:37.460580+00:00,79.099,-0.0604,96.0291,-0.2004,0.75,0.0,1500.0,0.0,5.4238
431.5,2026-05-06T20:08:37.957766+00:00,79.2728,0.0172,95.9992,-0.2003,0.75,0.0,1500.0,0.0,5.4116
432.002161,2026-05-06T20:08:38.460070+00:00,79.0245,-0.0504,95.8837,-0.1539,0.75,0.0,1500.0,0.0,5.4057
432.5,2026-05-06T20:08:38.962669+00:00,78.8337,-0.1024,95.7949,-0.1877,0.75,0.0,1500.0,0.0,5.4028
433.0,2026-05-06T20:08:39.457959+00:00,78.9416,-0.0787,95.7267,-0.1829,0.75,0.0,1500.0,0.0,5.4526
433.50046,2026-05-06T20:08:39.958623+00:00,79.1518,-0.0605,95.8825,-0.102,0.75,0.0,1500.0,0.0,5.4768
434.0,2026-05-06T20:08:40.457769+00:00,79.1861,0.0808,95.5394,-0.1632,0.75,0.0,1500.0,0.0,5.4887
434.5,2026-05-06T20:08:40.957792+00:00,79.2125,0.1894,95.6692,-0.11,0.75,0.0,1500.0,0.0,5.4433
435.0,2026-05-06T20:08:41.463184+00:00,79.36,0.2092,96.0928,0.0697,0.75,0.0,1500.0,0.0,5.4211
435.5,2026-05-06T20:08:41.957800+00:00,79.4734,0.1608,95.9325,0.0459,0.75,0.0,1500.0,0.0,5.4103
436.0,2026-05-06T20:08:42.457780+00:00,79.4333,0.1236,96.1795,0.1509,0.75,0.0,1500.0,0.0,5.405
436.500528,2026-05-06T20:08:42.958527+00:00,79.5297,0.1586,96.2537,0.1237,0.75,0.0,1500.0,0.0,5.4025
437.001453,2026-05-06T20:08:43.459243+00:00,79.4765,0.0583,95.9636,0.1414,0.75,0.0,1500.0,0.0,5.4012
437.5,2026-05-06T20:08:43.963928+00:00,79.563,0.0448,96.3191,0.2167,0.75,0.0,1500.0,0.0,5.4006
438.0,2026-05-06T20:08:44.457794+00:00,79.3748,-0.0292,96.4535,0.1202,0.75,0.0,1500.0,0.0,5.4003
438.5,2026-05-06T20:08:44.957787+00:00,79.3575,-0.0861,96.2329,0.1001,0.75,0.0,1500.0,0.0,5.4001
439.0,2026-05-06T20:08:45.457773+00:00,79.3442,-0.0662,96.179,-0.0002,0.75,0.0,1500.0,0.0,5.4001
439.5,2026-05-06T20:08:45.957921+00:00,79.334,-0.1145,96.2533,-0.0001,0.75,0.0,1500.0,0.0,5.4512
440.000764,2026-05-06T20:08:46.465045+00:00,79.4534,0.0393,95.9633,-0.0001,0.75,0.0,1500.0,0.0,5.425
440.5,2026-05-06T20:08:46.957781+00:00,79.5452,0.0938,96.0875,-0.0772,0.75,0.0,1500.0,0.0,5.4122
441.0,2026-05-06T20:08:47.457839+00:00,79.2339,-0.0552,96.0441,-0.1365,0.75,0.0,1500.0,0.0,5.406
441.5,2026-05-06T20:08:47.957809+00:00,79.3765,0.0212,96.1496,-0.0278,0.75,0.0,1500.0,0.0,5.4029
442.0,2026-05-06T20:08:48.457823+00:00,79.486,0.0163,95.9993,-0.0599,0.75,0.0,1500.0,0.0,5.4014
442.5,2026-05-06T20:08:48.963021+00:00,79.6975,0.0762,96.2308,-0.0075,0.75,0.0,1500.0,0.0,5.4007
443.0,2026-05-06T20:08:49.457800+00:00,79.7328,0.2495,96.27,0.1022,0.75,0.0,1500.0,0.0,5.4003
443.5,2026-05-06T20:08:49.957867+00:00,79.6327,0.1281,96.3232,0.0786,0.75,0.0,1500.0,0.0,5.4002
444.0,2026-05-06T20:08:50.457773+00:00,79.683,0.0985,96.3641,0.1067,0.75,0.0,1500.0,0.0,5.4001
444.5,2026-05-06T20:08:50.959699+00:00,79.7216,0.012,96.2799,0.0434,0.75,0.0,1500.0,0.0,5.4
445.0,2026-05-06T20:08:51.462703+00:00,79.4968,-0.118,96.3077,0.1028,0.75,0.0,1500.0,0.0,5.4
445.5,2026-05-06T20:08:51.957926+00:00,79.7058,0.0366,96.2133,-0.0058,0.75,0.0,1500.0,0.0,5.4512
446.002177,2026-05-06T20:08:52.460072+00:00,79.7392,0.0281,96.3028,0.0109,0.75,0.0,1500.0,0.0,5.4762
446.5,2026-05-06T20:08:52.957806+00:00,79.7648,0.0216,96.4641,0.047,0.75,0.0,1500.0,0.0,5.4884
447.0,2026-05-06T20:08:53.457981+00:00,79.53,0.0166,96.4493,0.0284,0.75,0.0,1500.0,0.0,5.4943
447.502147,2026-05-06T20:08:53.965339+00:00,79.4768,-0.1145,96.2065,-0.0245,0.75,0.0,1500.0,0.0,5.4972
448.0,2026-05-06T20:08:54.457764+00:00,79.5631,-0.088,96.4827,0.0583,0.75,0.0,1500.0,0.0,5.4986
448.5,2026-05-06T20:08:54.957797+00:00,79.7568,-0.004,96.5098,0.0988,0.75,0.0,1500.0,0.0,5.4993
449.0,2026-05-06T20:08:55.457767+00:00,79.7784,0.1242,96.2761,-0.0089,0.75,0.0,1500.0,0.0,5.4997
449.5,2026-05-06T20:08:55.957733+00:00,79.6677,0.0954,96.5593,0.0317,0.75,0.0,1500.0,0.0,5.4998
450.0,2026-05-06T20:08:56.463605+00:00,79.7099,0.0734,96.7539,0.1015,0.75,0.0,1500.0,0.0,5.4487
450.5,2026-05-06T20:08:56.957776+00:00,79.8696,0.0564,96.6951,0.1629,0.75,0.0,1500.0,0.0,5.475
451.0,2026-05-06T20:08:57.457793+00:00,79.865,0.0433,96.8814,0.1329,0.75,0.0,1500.0,0.0,5.4878
451.5,2026-05-06T20:08:57.957997+00:00,79.8616,0.0969,96.9088,0.133,0.75,0.0,1500.0,0.0,5.494
452.0,2026-05-06T20:08:58.457764+00:00,79.7316,0.0109,96.8374,0.1871,0.75,0.0,1500.0,0.0,5.4971
452.5,2026-05-06T20:08:58.963547+00:00,79.6317,-0.1189,96.875,0.1052,0.75,0.0,1500.0,0.0,5.4474
453.0,2026-05-06T20:08:59.458277+00:00,79.8095,-0.0278,96.7882,0.0114,0.75,0.0,1500.0,0.0,5.4743
453.500536,2026-05-06T20:08:59.958380+00:00,79.9462,0.0423,96.7215,0.0088,0.75,0.0,1500.0,0.0,5.4875
454.0,2026-05-06T20:09:00.458215+00:00,80.0512,0.1598,96.5314,-0.1166,0.75,0.0,1500.0,0.0,5.4939
454.501755,2026-05-06T20:09:00.959599+00:00,79.8774,0.1228,96.501,-0.1359,0.75,0.0,1500.0,0.0,5.497
455.0,2026-05-06T20:09:01.462497+00:00,79.7438,-0.0329,96.5008,-0.1122,0.75,0.0,1500.0,0.0,5.4985
455.5,2026-05-06T20:09:01.957931+00:00,79.8956,-0.0253,96.732,-0.0477,0.75,0.0,1500.0,0.0,5.4481
456.000764,2026-05-06T20:09:02.458546+00:00,80.0123,-0.0194,96.6783,-0.0366,0.75,0.0,1500.0,0.0,5.4235
456.5,2026-05-06T20:09:02.957993+00:00,79.9748,0.0487,96.8685,0.049,0.75,0.0,1500.0,0.0,5.4115
457.0,2026-05-06T20:09:03.458122+00:00,79.9459,0.1011,97.0146,0.1611,0.75,0.0,1500.0,0.0,5.4056
457.5,2026-05-06T20:09:03.963503+00:00,79.9237,0.014,97.0112,0.1701,0.75,0.0,1500.0,0.0,5.4027
458.0,2026-05-06T20:09:04.458169+00:00,80.0339,0.0108,97.0086,0.1693,0.75,0.0,1500.0,0.0,5.4013
458.5,2026-05-06T20:09:04.958158+00:00,79.9914,0.0083,96.8909,0.053,0.75,0.0,1500.0,0.0,5.4006
459.0,2026-05-06T20:09:05.457758+00:00,79.8314,-0.0573,96.6848,0.0022,0.75,0.0,1500.0,0.0,5.4003
459.5,2026-05-06T20:09:05.957990+00:00,79.7084,-0.1076,96.4106,-0.1526,0.75,0.0,1500.0,0.0,5.4002
460.0,2026-05-06T20:09:06.462835+00:00,79.8684,-0.0827,96.0842,-0.3101,0.75,0.0,1500.0,0.0,5.4001
460.502184,2026-05-06T20:09:06.960092+00:00,79.9915,0.0,96.1573,-0.2846,0.75,0.0,1500.0,0.0,5.4
461.0,2026-05-06T20:09:07.457804+00:00,79.8314,0.0,96.1209,-0.2959,0.75,0.0,1500.0,0.0,5.4
461.5,2026-05-06T20:09:07.957938+00:00,79.8357,0.0637,96.0929,-0.266,0.75,0.0,1500.0,0.0,5.4
462.00177,2026-05-06T20:09:08.459598+00:00,79.9663,0.0489,96.1871,-0.1659,0.75,0.0,1500.0,0.0,5.4
462.5,2026-05-06T20:09:08.962871+00:00,79.9394,-0.026,96.3752,-0.0118,0.75,0.0,1500.0,0.0,5.4
463.0,2026-05-06T20:09:09.457923+00:00,80.046,0.1073,96.5198,0.1452,0.75,0.0,1500.0,0.0,5.4
463.5,2026-05-06T20:09:09.957778+00:00,80.0006,0.0824,96.3995,0.0807,0.75,0.0,1500.0,0.0,5.4
464.0,2026-05-06T20:09:10.457781+00:00,80.093,0.0634,96.4228,0.1006,0.75,0.0,1500.0,0.0,5.4
464.5,2026-05-06T20:09:10.957763+00:00,80.1641,0.1123,96.4175,0.1082,0.75,0.0,1500.0,0.0,5.4
465.0,2026-05-06T20:09:11.463271+00:00,79.9641,-0.0409,96.4366,0.0832,0.75,0.0,1500.0,0.0,5.4
465.5,2026-05-06T20:09:11.957822+00:00,79.5559,-0.2224,96.4513,0.0253,0.75,0.0,1500.0,0.0,5.4
466.0,2026-05-06T20:09:12.457747+00:00,79.624,-0.2345,96.5782,0.0195,0.75,0.0,1500.0,0.0,5.4
466.5,2026-05-06T20:09:12.957765+00:00,79.8035,-0.1803,96.6758,0.0921,0.75,0.0,1500.0,0.0,5.3488
467.0,2026-05-06T20:09:13.457770+00:00,80.0688,0.0524,96.8665,0.1479,0.75,0.0,1500.0,0.0,5.3238
467.5,2026-05-06T20:09:13.967695+00:00,80.1455,0.2948,96.8743,0.1523,0.75,0.0,1500.0,0.0,5.3628
468.0,2026-05-06T20:09:14.457772+00:00,80.0771,0.2266,96.7877,0.117,0.75,0.0,1500.0,0.0,5.3819
468.5,2026-05-06T20:09:14.957870+00:00,80.0245,0.1105,96.698,0.0822,0.75,0.0,1500.0,0.0,5.3911
469.0,2026-05-06T20:09:15.459499+00:00,79.9842,-0.0423,96.7679,0.0632,0.75,0.0,1500.0,0.0,5.3957
469.5,2026-05-06T20:09:15.957858+00:00,79.9531,-0.0962,96.7059,0.01,0.75,0.0,1500.0,0.0,5.3979
470.0,2026-05-06T20:09:16.464426+00:00,79.802,-0.1376,96.7739,-0.0309,0.75,0.0,1500.0,0.0,5.399
470.5,2026-05-06T20:09:16.958291+00:00,79.6858,-0.1694,96.6874,-0.0623,0.75,0.0,1500.0,0.0,5.4507
471.0,2026-05-06T20:09:17.457760+00:00,79.8511,-0.0665,96.644,-0.0479,0.75,0.0,1500.0,0.0,5.4759
471.5,2026-05-06T20:09:17.957778+00:00,79.7236,-0.1148,96.5182,-0.0599,0.75,0.0,1500.0,0.0,5.4883
472.0,2026-05-06T20:09:18.458037+00:00,79.7528,-0.0246,96.2826,-0.1618,0.75,0.0,1500.0,0.0,5.4943
472.5,2026-05-06T20:09:18.964522+00:00,79.7753,0.0447,96.1015,-0.2015,0.75,0.0,1500.0,0.0,5.446
473.0,2026-05-06T20:09:19.457741+00:00,79.6653,-0.0929,96.1937,-0.1934,0.75,0.0,1500.0,0.0,5.4736
473.5,2026-05-06T20:09:19.958214+00:00,79.8353,0.0559,96.3803,-0.1024,0.75,0.0,1500.0,0.0,5.4359
474.000663,2026-05-06T20:09:20.458410+00:00,79.966,0.1066,96.2691,-0.125,0.75,0.0,1500.0,0.0,5.4175
474.5,2026-05-06T20:09:20.957856+00:00,79.9392,0.0819,95.9755,-0.1809,0.75,0.0,1500.0,0.0,5.4086
475.0,2026-05-06T20:09:21.463065+00:00,79.7913,0.063,96.0737,-0.0696,0.75,0.0,1500.0,0.0,5.4042
475.500781,2026-05-06T20:09:21.958578+00:00,79.9321,0.0484,96.0566,-0.0149,0.75,0.0,1500.0,0.0,5.402
476.000034,2026-05-06T20:09:22.457797+00:00,80.0404,0.0372,96.1592,-0.0115,0.75,0.0,1500.0,0.0,5.401
476.5,2026-05-06T20:09:22.957891+00:00,80.1236,0.0922,96.2149,-0.0551,0.75,0.0,1500.0,0.0,5.4005
477.0,2026-05-06T20:09:23.457791+00:00,79.933,0.0709,96.1883,-0.0269,0.75,0.0,1500.0,0.0,5.4002
477.5,2026-05-06T20:09:23.964071+00:00,80.0411,0.0545,96.2605,0.095,0.75,0.0,1500.0,0.0,5.4001
478.0,2026-05-06T20:09:24.457791+00:00,79.9969,-0.0218,96.4316,0.1193,0.75,0.0,1500.0,0.0,5.4001
478.5,2026-05-06T20:09:24.957788+00:00,79.9629,-0.0804,96.3317,0.0917,0.75,0.0,1500.0,0.0,5.4
479.0,2026-05-06T20:09:25.457803+00:00,79.9368,0.0019,96.6021,0.1476,0.75,0.0,1500.0,0.0,5.4
479.5,2026-05-06T20:09:25.958052+00:00,80.044,0.0014,96.671,0.152,0.75,0.0,1500.0,0.0,5.4
480.000375,2026-05-06T20:09:26.462679+00:00,80.1263,0.0647,96.5157,0.1091,0.75,0.0,1500.0,0.0,5.4
480.5,2026-05-06T20:09:26.957779+00:00,80.1897,0.1134,96.6278,0.1224,0.75,0.0,1500.0,0.0,5.4
481.0,2026-05-06T20:09:27.457811+00:00,80.1111,0.0872,96.5751,0.0478,0.75,0.0,1500.0,0.0,5.4
481.5,2026-05-06T20:09:27.957885+00:00,80.0507,0.0034,96.5577,0.0753,0.75,0.0,1500.0,0.0,5.4
482.0,2026-05-06T20:09:28.457891+00:00,80.2588,0.0662,96.8915,0.0965,0.75,0.0,1500.0,0.0,5.4
482.5,2026-05-06T20:09:28.963500+00:00,80.2914,0.0509,96.8009,0.0433,0.75,0.0,1500.0,0.0,5.4
483.0,2026-05-06T20:09:29.457800+00:00,80.1893,0.0391,96.5924,0.0256,0.75,0.0,1500.0,0.0,5.4
483.500103,2026-05-06T20:09:29.957924+00:00,80.3653,0.1573,96.5479,-0.0266,0.75,0.0,1500.0,0.0,5.4512
484.0,2026-05-06T20:09:30.457800+00:00,80.3733,0.0573,96.398,-0.059,0.75,0.0,1500.0,0.0,5.4762
484.5,2026-05-06T20:09:30.957751+00:00,80.2522,-0.0196,96.3984,-0.0531,0.75,0.0,1500.0,0.0,5.4884
485.0,2026-05-06T20:09:31.462116+00:00,80.4137,0.1122,96.5608,-0.1102,0.75,0.0,1500.0,0.0,5.4943
485.500891,2026-05-06T20:09:31.958694+00:00,80.5378,0.0862,96.431,-0.1233,0.75,0.0,1500.0,0.0,5.4972
486.0,2026-05-06T20:09:32.458068+00:00,80.3786,0.0026,96.4238,-0.0562,0.75,0.0,1500.0,0.0,5.4986
486.5,2026-05-06T20:09:32.958065+00:00,80.129,-0.0616,96.4415,-0.0355,0.75,0.0,1500.0,0.0,5.4993
487.0,2026-05-06T20:09:33.457796+00:00,80.1917,-0.111,96.4319,0.0113,0.75,0.0,1500.0,0.0,5.4997
487.5,2026-05-06T20:09:33.963447+00:00,80.2399,-0.1489,96.679,0.0935,0.75,0.0,1500.0,0.0,5.4486
488.001129,2026-05-06T20:09:34.459500+00:00,80.277,-0.0508,96.869,0.1027,0.75,0.0,1500.0,0.0,5.4749
488.5,2026-05-06T20:09:34.957787+00:00,80.3054,0.0882,96.6679,0.079,0.75,0.0,1500.0,0.0,5.4878
489.0,2026-05-06T20:09:35.457798+00:00,80.3273,0.0678,96.9762,0.1841,0.75,0.0,1500.0,0.0,5.494
489.5026,2026-05-06T20:09:35.960633+00:00,80.3441,0.0521,96.866,0.1415,0.75,0.0,1500.0,0.0,5.4459
490.0,2026-05-06T20:09:36.462693+00:00,80.3571,0.04,96.897,0.155,0.75,0.0,1500.0,0.0,5.4224
490.5,2026-05-06T20:09:36.957781+00:00,80.2397,-0.0329,96.9208,0.0806,0.75,0.0,1500.0,0.0,5.4109
491.001586,2026-05-06T20:09:37.459362+00:00,80.4041,0.0384,96.8234,-0.0152,0.75,0.0,1500.0,0.0,5.4053
491.5,2026-05-06T20:09:37.957794+00:00,80.2759,-0.0341,96.5172,-0.0502,0.75,0.0,1500.0,0.0,5.4026
492.0,2026-05-06T20:09:38.457956+00:00,80.3046,-0.0262,96.3744,-0.2006,0.75,0.0,1500.0,0.0,5.4013
492.5,2026-05-06T20:09:38.964101+00:00,80.4539,0.1071,96.172,-0.2313,0.75,0.0,1500.0,0.0,5.4006
493.0,2026-05-06T20:09:39.457745+00:00,80.4415,0.0187,96.1554,-0.2472,0.75,0.0,1500.0,0.0,5.4003
493.5,2026-05-06T20:09:39.957845+00:00,80.3046,0.0144,96.3508,-0.19,0.75,0.0,1500.0,0.0,5.4513
494.0,2026-05-06T20:09:40.458056+00:00,80.4539,0.0747,96.6167,-0.0689,0.75,0.0,1500.0,0.0,5.4763
494.5,2026-05-06T20:09:40.957805+00:00,80.5687,0.0574,96.474,-0.0144,0.75,0.0,1500.0,0.0,5.4884
495.0,2026-05-06T20:09:41.462607+00:00,80.4024,-0.0195,96.48,0.0352,0.75,0.0,1500.0,0.0,5.4943
495.5,2026-05-06T20:09:41.957766+00:00,80.4019,0.0486,96.4615,0.0965,0.75,0.0,1500.0,0.0,5.446
496.0,2026-05-06T20:09:42.457771+00:00,80.5287,0.0374,96.4704,0.105,0.75,0.0,1500.0,0.0,5.4225
496.5,2026-05-06T20:09:42.957952+00:00,80.4989,-0.0349,96.1302,-0.0736,0.75,0.0,1500.0,0.0,5.411
497.0,2026-05-06T20:09:43.457993+00:00,80.476,0.0368,96.2157,-0.1337,0.75,0.0,1500.0,0.0,5.4054
497.500779,2026-05-06T20:09:43.965668+00:00,80.4584,0.0283,96.1658,-0.1027,0.75,0.0,1500.0,0.0,5.4026
498.0,2026-05-06T20:09:44.458042+00:00,80.3176,-0.1055,96.1275,-0.1175,0.75,0.0,1500.0,0.0,5.4013
498.5,2026-05-06T20:09:44.957832+00:00,80.464,-0.0175,96.4451,-0.0055,0.75,0.0,1500.0,0.0,5.4006
499.000588,2026-05-06T20:09:45.458723+00:00,80.3219,-0.0771,96.3421,-0.0428,0.75,0.0,1500.0,0.0,5.4003
499.500333,2026-05-06T20:09:45.958346+00:00,80.2127,-0.1229,96.4943,0.1214,0.75,0.0,1500.0,0.0,5.4001
500.0,2026-05-06T20:09:46.467694+00:00,80.3833,0.0328,96.727,0.1704,0.75,0.0,1500.0,0.0,5.4001
500.5,2026-05-06T20:09:46.957772+00:00,80.2599,-0.102,96.6514,0.1618,0.75,0.0,1500.0,0.0,5.4
501.0,2026-05-06T20:09:47.458320+00:00,80.4196,0.0488,96.8477,0.2401,0.75,0.0,1500.0,0.0,5.4
501.5,2026-05-06T20:09:47.957801+00:00,80.5423,0.1648,96.883,0.146,0.75,0.0,1500.0,0.0,5.4
502.000313,2026-05-06T20:09:48.458100+00:00,80.5094,0.063,97.0257,0.2279,0.75,0.0,1500.0,0.0,5.4
502.5,2026-05-06T20:09:48.965129+00:00,80.4841,0.1121,97.0198,0.1752,0.75,0.0,1500.0,0.0,5.4
503.000154,2026-05-06T20:09:49.458064+00:00,80.5919,0.0862,96.5293,-0.0659,0.75,0.0,1500.0,0.0,5.4
503.5,2026-05-06T20:09:49.957825+00:00,80.6748,0.0662,96.3837,-0.0892,0.75,0.0,1500.0,0.0,5.4
504.0,2026-05-06T20:09:50.457820+00:00,80.6112,0.0509,96.5263,-0.1072,0.75,0.0,1500.0,0.0,5.4
504.5,2026-05-06T20:09:50.957878+00:00,80.6896,0.1028,96.4276,-0.1518,0.75,0.0,1500.0,0.0,5.4
505.0,2026-05-06T20:09:51.466936+00:00,80.6226,0.0153,96.4444,-0.1938,0.75,0.0,1500.0,0.0,5.4
505.5,2026-05-06T20:09:51.957893+00:00,80.6983,0.0118,96.3184,-0.2338,0.75,0.0,1500.0,0.0,5.4
506.0,2026-05-06T20:09:52.457806+00:00,80.502,-0.0546,96.4761,-0.0177,0.75,0.0,1500.0,0.0,5.4
506.5,2026-05-06T20:09:52.957788+00:00,80.6057,-0.0419,96.7131,0.1098,0.75,0.0,1500.0,0.0,5.4
507.0,2026-05-06T20:09:53.457957+00:00,80.6854,0.0314,96.7795,0.0844,0.75,0.0,1500.0,0.0,5.4
507.500617,2026-05-06T20:09:53.963688+00:00,80.7466,0.0241,96.8305,0.1343,0.75,0.0,1500.0,0.0,5.4512
508.0,2026-05-06T20:09:54.457791+00:00,80.7937,0.1458,96.8929,0.1495,0.75,0.0,1500.0,0.0,5.4762
508.503501,2026-05-06T20:09:54.961916+00:00,80.8298,0.1121,96.9176,0.1997,0.75,0.0,1500.0,0.0,5.4372
509.0,2026-05-06T20:09:55.457782+00:00,80.7304,0.0225,96.9367,0.1535,0.75,0.0,1500.0,0.0,5.4181
509.5,2026-05-06T20:09:55.958049+00:00,80.6539,-0.0463,96.8125,0.0332,0.75,0.0,1500.0,0.0,5.4089
510.001626,2026-05-06T20:09:56.468896+00:00,80.7224,-0.0356,96.9716,0.064,0.75,0.0,1500.0,0.0,5.4043
510.5,2026-05-06T20:09:56.957798+00:00,80.7751,-0.0274,96.955,0.0415,0.75,0.0,1500.0,0.0,5.4021
511.0,2026-05-06T20:09:57.458044+00:00,80.8156,0.0426,96.8497,-0.0144,0.75,0.0,1500.0,0.0,5.401
511.501741,2026-05-06T20:09:57.959574+00:00,80.7194,0.0327,96.5143,-0.1345,0.75,0.0,1500.0,0.0,5.4005
512.0,2026-05-06T20:09:58.457884+00:00,80.9,0.0888,96.1639,-0.2576,0.75,0.0,1500.0,0.0,5.4002
512.5,2026-05-06T20:09:58.963485+00:00,80.6571,-0.059,96.3573,-0.1517,0.75,0.0,1500.0,0.0,5.4001
513.0,2026-05-06T20:09:59.457910+00:00,80.5976,-0.109,96.2747,-0.2323,0.75,0.0,1500.0,0.0,5.4001
513.50034,2026-05-06T20:09:59.958179+00:00,80.5519,-0.0838,96.3499,-0.2017,0.75,0.0,1500.0,0.0,5.4
514.0,2026-05-06T20:10:00.457825+00:00,80.7713,-0.0644,96.5004,-0.1165,0.75,0.0,1500.0,0.0,5.4
514.5,2026-05-06T20:10:00.958168+00:00,80.6853,0.0141,96.616,0.0339,0.75,0.0,1500.0,0.0,5.4
515.0,2026-05-06T20:10:01.462799+00:00,80.7466,0.0745,96.7048,0.1803,0.75,0.0,1500.0,0.0,5.4
515.5,2026-05-06T20:10:01.958033+00:00,80.9209,0.1845,96.5417,0.0615,0.75,0.0,1500.0,0.0,5.4
516.0,2026-05-06T20:10:02.457782+00:00,80.9277,0.0782,96.4164,0.0472,0.75,0.0,1500.0,0.0,5.4
516.5,2026-05-06T20:10:02.957797+00:00,80.8056,0.0601,96.4126,0.0209,0.75,0.0,1500.0,0.0,5.4
517.0,2026-05-06T20:10:03.457791+00:00,80.839,0.0462,96.2014,-0.0996,0.75,0.0,1500.0,0.0,5.4
517.5,2026-05-06T20:10:03.964752+00:00,80.9919,0.0355,96.3631,-0.0843,0.75,0.0,1500.0,0.0,5.4
518.0,2026-05-06T20:10:04.457778+00:00,80.9822,0.0273,96.3022,-0.1342,0.75,0.0,1500.0,0.0,5.4512
518.500821,2026-05-06T20:10:04.958654+00:00,80.9748,0.0846,96.5562,0.0048,0.75,0.0,1500.0,0.0,5.4762
519.0,2026-05-06T20:10:05.458207+00:00,81.0963,0.1287,96.2887,-0.0426,0.75,0.0,1500.0,0.0,5.4372
519.5,2026-05-06T20:10:05.958066+00:00,80.9352,-0.0284,95.9905,-0.1407,0.75,0.0,1500.0,0.0,5.4181
520.0,2026-05-06T20:10:06.463546+00:00,80.9386,-0.0218,96.0852,-0.0387,0.75,0.0,1500.0,0.0,5.4089
520.5,2026-05-06T20:10:06.958027+00:00,80.9412,-0.0168,96.0655,-0.0992,0.75,0.0,1500.0,0.0,5.4043
521.0,2026-05-06T20:10:07.457824+00:00,80.816,-0.1402,96.0272,-0.0917,0.75,0.0,1500.0,0.0,5.4021
521.5,2026-05-06T20:10:07.957898+00:00,80.9743,0.0195,95.9978,-0.1861,0.75,0.0,1500.0,0.0,5.401
522.0,2026-05-06T20:10:08.458002+00:00,80.9687,0.015,96.0909,-0.0659,0.75,0.0,1500.0,0.0,5.4005
522.5,2026-05-06T20:10:08.967801+00:00,80.8371,-0.0521,96.2087,0.0727,0.75,0.0,1500.0,0.0,5.4002
523.0,2026-05-06T20:10:09.457770+00:00,80.7359,-0.04,96.1604,0.025,0.75,0.0,1500.0,0.0,5.4513
523.5,2026-05-06T20:10:09.957952+00:00,80.9127,-0.0308,96.239,0.0578,0.75,0.0,1500.0,0.0,5.4762
524.002148,2026-05-06T20:10:10.460084+00:00,80.9214,-0.0237,96.4151,0.1293,0.75,0.0,1500.0,0.0,5.4884
524.5,2026-05-06T20:10:10.957807+00:00,80.928,0.0455,96.4347,0.1456,0.75,0.0,1500.0,0.0,5.4431
525.0,2026-05-06T20:10:11.465631+00:00,80.8058,0.0349,96.4498,0.1197,0.75,0.0,1500.0,0.0,5.4211
525.503056,2026-05-06T20:10:11.960854+00:00,80.7119,-0.1004,96.4614,0.0843,0.75,0.0,1500.0,0.0,5.4103
526.0,2026-05-06T20:10:12.457841+00:00,80.6397,-0.1408,96.4472,0.0956,0.75,0.0,1500.0,0.0,5.405
526.5,2026-05-06T20:10:12.957938+00:00,80.457,-0.2355,96.5751,0.1121,0.75,0.0,1500.0,0.0,5.4024
527.000595,2026-05-06T20:10:13.458725+00:00,80.3165,-0.2446,96.4652,0.0167,0.75,0.0,1500.0,0.0,5.4012
527.5,2026-05-06T20:10:13.963735+00:00,80.2086,-0.2517,96.5658,0.0437,0.75,0.0,1500.0,0.0,5.4006
528.000186,2026-05-06T20:10:14.458176+00:00,80.2529,-0.1934,96.2035,-0.0821,0.75,0.0,1500.0,0.0,5.4003
528.5,2026-05-06T20:10:14.957893+00:00,80.4142,-0.0214,96.249,-0.0708,0.75,0.0,1500.0,0.0,5.4001
529.0,2026-05-06T20:10:15.457885+00:00,80.6654,0.1745,96.307,-0.0467,0.75,0.0,1500.0,0.0,5.4001
529.5,2026-05-06T20:10:15.957886+00:00,80.7313,0.2614,96.4674,-0.0359,0.75,0.0,1500.0,0.0,5.4512
530.000595,2026-05-06T20:10:16.463028+00:00,80.7819,0.2645,96.4749,0.0033,0.75,0.0,1500.0,0.0,5.425
530.5,2026-05-06T20:10:16.957793+00:00,80.8208,0.2033,96.4576,-0.0361,0.75,0.0,1500.0,0.0,5.4122
531.0,2026-05-06T20:10:17.458025+00:00,80.978,0.1563,96.4674,0.088,0.75,0.0,1500.0,0.0,5.406
531.5,2026-05-06T20:10:17.957907+00:00,80.8442,0.0565,96.1047,-0.0481,0.75,0.0,1500.0,0.0,5.4029
532.0,2026-05-06T20:10:18.457896+00:00,80.8687,0.0434,96.173,-0.0447,0.75,0.0,1500.0,0.0,5.4014
532.5,2026-05-06T20:10:18.962394+00:00,80.8875,0.0334,96.2487,-0.0729,0.75,0.0,1500.0,0.0,5.4007
533.002179,2026-05-06T20:10:19.460062+00:00,80.902,-0.038,96.1912,-0.0946,0.75,0.0,1500.0,0.0,5.4003
533.5,2026-05-06T20:10:19.957851+00:00,81.0404,0.0981,96.3783,-0.0264,0.75,0.0,1500.0,0.0,5.4002
534.0,2026-05-06T20:10:20.457920+00:00,80.8922,0.0117,96.7536,0.0954,0.75,0.0,1500.0,0.0,5.4001
534.500229,2026-05-06T20:10:20.958016+00:00,80.9056,0.009,96.4635,0.1196,0.75,0.0,1500.0,0.0,5.4
535.0,2026-05-06T20:10:21.462811+00:00,81.0431,0.0706,96.5876,0.1382,0.75,0.0,1500.0,0.0,5.4
535.5,2026-05-06T20:10:21.957859+00:00,81.1488,0.0542,96.5674,0.1062,0.75,0.0,1500.0,0.0,5.4512
536.000181,2026-05-06T20:10:22.457975+00:00,80.9756,0.0417,96.4592,0.0894,0.75,0.0,1500.0,0.0,5.4762
536.500453,2026-05-06T20:10:22.958218+00:00,81.0969,0.0957,96.4687,0.0301,0.75,0.0,1500.0,0.0,5.4884
537.0,2026-05-06T20:10:23.457894+00:00,81.0629,0.0099,96.5685,-0.0617,0.75,0.0,1500.0,0.0,5.4943
537.5,2026-05-06T20:10:23.965415+00:00,81.0368,-0.056,96.4601,-0.0011,0.75,0.0,1500.0,0.0,5.4972
538.0,2026-05-06T20:10:24.457896+00:00,80.8894,-0.0431,96.4693,-0.0394,0.75,0.0,1500.0,0.0,5.4986
538.500465,2026-05-06T20:10:24.958371+00:00,80.9034,-0.0967,96.3607,-0.0689,0.75,0.0,1500.0,0.0,5.4993
539.0,2026-05-06T20:10:25.459714+00:00,80.9142,-0.0743,96.2772,-0.0607,0.75,0.0,1500.0,0.0,5.4997
539.5,2026-05-06T20:10:25.957795+00:00,80.7952,-0.1208,96.4213,-0.0158,0.75,0.0,1500.0,0.0,5.4998
540.0,2026-05-06T20:10:26.464260+00:00,80.9583,0.0344,96.3238,-0.0815,0.75,0.0,1500.0,0.0,5.4999
540.502187,2026-05-06T20:10:26.960111+00:00,80.9564,0.0265,96.2258,-0.0781,0.75,0.0,1500.0,0.0,5.5
541.000115,2026-05-06T20:10:27.457880+00:00,81.0822,0.084,96.2892,-0.06,0.75,0.0,1500.0,0.0,5.5
541.5,2026-05-06T20:10:27.957892+00:00,80.9243,0.0645,96.3149,-0.0153,0.75,0.0,1500.0,0.0,5.5
542.002159,2026-05-06T20:10:28.460047+00:00,80.9303,-0.014,96.3577,0.0268,0.75,0.0,1500.0,0.0,5.5
542.500979,2026-05-06T20:10:28.965957+00:00,81.0621,0.0529,96.2749,-0.0488,0.75,0.0,1500.0,0.0,5.4488
543.0,2026-05-06T20:10:29.458235+00:00,80.9089,-0.0866,96.327,0.0011,0.75,0.0,1500.0,0.0,5.475
543.501265,2026-05-06T20:10:29.959079+00:00,81.0457,0.0607,96.367,0.0471,0.75,0.0,1500.0,0.0,5.4878
544.0,2026-05-06T20:10:30.457794+00:00,81.0235,0.0466,96.5135,0.0748,0.75,0.0,1500.0,0.0,5.494
544.5,2026-05-06T20:10:30.958059+00:00,81.1338,0.0358,96.6261,0.1037,0.75,0.0,1500.0,0.0,5.4971
545.0,2026-05-06T20:10:31.464355+00:00,81.0913,0.0912,96.7126,0.1183,0.75,0.0,1500.0,0.0,5.4986
545.5,2026-05-06T20:10:31.957874+00:00,81.1858,0.0701,96.6634,0.1295,0.75,0.0,1500.0,0.0,5.4993
546.0,2026-05-06T20:10:32.457929+00:00,81.1313,0.0539,96.7413,0.1381,0.75,0.0,1500.0,0.0,5.4997
546.5,2026-05-06T20:10:32.957784+00:00,80.9621,-0.0859,96.5466,0.0599,0.75,0.0,1500.0,0.0,5.4998
547.0,2026-05-06T20:10:33.457742+00:00,80.832,-0.1296,96.5127,-0.0003,0.75,0.0,1500.0,0.0,5.4999
547.5,2026-05-06T20:10:33.964521+00:00,80.8593,-0.1633,96.3941,-0.0773,0.75,0.0,1500.0,0.0,5.4488
548.002161,2026-05-06T20:10:34.460043+00:00,81.1348,0.0018,96.164,-0.1829,0.75,0.0,1500.0,0.0,5.475
548.500453,2026-05-06T20:10:34.958291+00:00,81.0921,0.065,96.1029,-0.1868,0.75,0.0,1500.0,0.0,5.4366
549.0,2026-05-06T20:10:35.457901+00:00,81.0592,0.1136,96.1948,-0.1822,0.75,0.0,1500.0,0.0,5.4179
549.501813,2026-05-06T20:10:35.959622+00:00,81.0339,0.0873,96.358,-0.0629,0.75,0.0,1500.0,0.0,5.4087
550.0,2026-05-06T20:10:36.463682+00:00,81.0145,-0.0602,96.1595,-0.1177,0.75,0.0,1500.0,0.0,5.4043
550.5,2026-05-06T20:10:36.957884+00:00,81.2541,0.081,96.4697,0.0252,0.75,0.0,1500.0,0.0,5.4533
551.0,2026-05-06T20:10:37.457855+00:00,81.311,0.1259,96.4767,0.1042,0.75,0.0,1500.0,0.0,5.426
551.5,2026-05-06T20:10:37.957819+00:00,81.2275,0.0968,96.135,0.0107,0.75,0.0,1500.0,0.0,5.4127
552.0,2026-05-06T20:10:38.457920+00:00,81.1633,0.0744,96.2426,0.0159,0.75,0.0,1500.0,0.0,5.4062
552.5,2026-05-06T20:10:38.964500+00:00,80.9866,-0.1337,96.1864,-0.0572,0.75,0.0,1500.0,0.0,5.403
553.0,2026-05-06T20:10:39.457822+00:00,81.1054,-0.1028,96.1433,-0.0054,0.75,0.0,1500.0,0.0,5.4015
553.5,2026-05-06T20:10:39.957852+00:00,81.0695,-0.079,95.9944,-0.1584,0.75,0.0,1500.0,0.0,5.4007
554.0,2026-05-06T20:10:40.457998+00:00,81.0418,-0.0607,96.2271,-0.0832,0.75,0.0,1500.0,0.0,5.4004
554.500676,2026-05-06T20:10:40.958435+00:00,81.1478,0.0806,95.92,-0.0716,0.75,0.0,1500.0,0.0,5.4002
555.0,2026-05-06T20:10:41.462617+00:00,81.2293,0.0619,96.0311,-0.0705,0.75,0.0,1500.0,0.0,5.4001
555.5,2026-05-06T20:10:41.958485+00:00,81.292,0.1112,96.2553,0.023,0.75,0.0,1500.0,0.0,5.4
556.001507,2026-05-06T20:10:42.459283+00:00,81.2128,0.0855,96.2888,0.0485,0.75,0.0,1500.0,0.0,5.4
556.5,2026-05-06T20:10:42.957764+00:00,81.2793,0.0657,96.4534,0.153,0.75,0.0,1500.0,0.0,5.4
557.0,2026-05-06T20:10:43.458237+00:00,81.3304,0.0505,96.5799,0.1176,0.75,0.0,1500.0,0.0,5.4
557.5,2026-05-06T20:10:43.963239+00:00,81.3696,0.0388,96.6771,0.2523,0.75,0.0,1500.0,0.0,5.4
558.0,2026-05-06T20:10:44.457770+00:00,81.3998,0.0935,96.7518,0.2402,0.75,0.0,1500.0,0.0,5.4512
558.5,2026-05-06T20:10:44.958103+00:00,81.423,0.0718,96.8092,0.1846,0.75,0.0,1500.0,0.0,5.4762
559.0,2026-05-06T20:10:45.457781+00:00,81.4408,0.0552,96.622,0.1111,0.75,0.0,1500.0,0.0,5.4372
559.5,2026-05-06T20:10:45.957746+00:00,81.3272,-0.0212,96.8252,0.1239,0.75,0.0,1500.0,0.0,5.4181
560.0,2026-05-06T20:10:46.467038+00:00,81.3672,-0.0163,96.8656,0.0953,0.75,0.0,1500.0,0.0,5.4089
560.5,2026-05-06T20:10:46.957830+00:00,81.5252,0.0511,96.8041,0.0424,0.75,0.0,1500.0,0.0,5.4043
561.0,2026-05-06T20:10:47.458346+00:00,81.3921,-0.0243,96.8495,0.0326,0.75,0.0,1500.0,0.0,5.4021
561.501773,2026-05-06T20:10:47.959602+00:00,81.1625,-0.0823,96.7917,-0.0058,0.75,0.0,1500.0,0.0,5.401
562.0,2026-05-06T20:10:48.457770+00:00,81.1134,-0.1269,96.3771,-0.0816,0.75,0.0,1500.0,0.0,5.4005
562.500001,2026-05-06T20:10:48.962759+00:00,81.2028,-0.1612,96.151,-0.2247,0.75,0.0,1500.0,0.0,5.4002
563.0,2026-05-06T20:10:49.457793+00:00,81.3989,0.0034,96.2086,-0.219,0.75,0.0,1500.0,0.0,5.4001
563.500676,2026-05-06T20:10:49.958438+00:00,81.4223,0.1299,96.1372,-0.2223,0.75,0.0,1500.0,0.0,5.4001
564.0,2026-05-06T20:10:50.457749+00:00,81.313,0.0998,96.2212,-0.2094,0.75,0.0,1500.0,0.0,5.4
564.5,2026-05-06T20:10:50.957786+00:00,81.3563,0.0767,96.4939,-0.0993,0.75,0.0,1500.0,0.0,5.4
565.0,2026-05-06T20:10:51.465395+00:00,81.2622,-0.0683,96.2408,-0.0454,0.75,0.0,1500.0,0.0,5.4
565.5,2026-05-06T20:10:51.957800+00:00,81.3173,-0.0525,96.1851,0.0114,0.75,0.0,1500.0,0.0,5.4
566.0,2026-05-06T20:10:52.457753+00:00,81.105,-0.104,96.0266,-0.0607,0.75,0.0,1500.0,0.0,5.4
566.500595,2026-05-06T20:10:52.958594+00:00,80.9419,-0.2072,96.0204,-0.0389,0.75,0.0,1500.0,0.0,5.4
567.0,2026-05-06T20:10:53.457798+00:00,81.071,-0.0956,96.3628,0.0472,0.75,0.0,1500.0,0.0,5.4
567.5,2026-05-06T20:10:53.963200+00:00,81.1703,-0.0735,96.6259,0.044,0.75,0.0,1500.0,0.0,5.4
568.000641,2026-05-06T20:10:54.458470+00:00,81.2466,0.0708,96.5968,0.1187,0.75,0.0,1500.0,0.0,5.4
568.5,2026-05-06T20:10:54.957754+00:00,81.178,0.118,96.7827,0.1992,0.75,0.0,1500.0,0.0,5.4
569.0,2026-05-06T20:10:55.458740+00:00,81.3797,0.1544,96.833,0.2688,0.75,0.0,1500.0,0.0,5.4
569.5,2026-05-06T20:10:55.958070+00:00,81.4076,0.1186,96.7559,0.2452,0.75,0.0,1500.0,0.0,5.4
570.0,2026-05-06T20:10:56.466786+00:00,81.429,0.0912,96.4653,0.0342,0.75,0.0,1500.0,0.0,5.4
570.502062,2026-05-06T20:10:56.960277+00:00,81.4454,0.1337,96.5659,-0.02,0.75,0.0,1500.0,0.0,5.4
571.000536,2026-05-06T20:10:57.458381+00:00,81.2035,-0.0881,96.6663,0.0232,0.75,0.0,1500.0,0.0,5.4
571.5,2026-05-06T20:10:57.958044+00:00,81.2721,-0.0677,96.6278,-0.0516,0.75,0.0,1500.0,0.0,5.4
572.0,2026-05-06T20:10:58.457800+00:00,81.4521,0.0116,96.6908,-0.0474,0.75,0.0,1500.0,0.0,5.4
572.5,2026-05-06T20:10:58.963198+00:00,81.4632,0.0089,96.6467,-0.0364,0.75,0.0,1500.0,0.0,5.4
573.0,2026-05-06T20:10:59.457858+00:00,81.4717,0.1341,96.5896,0.0414,0.75,0.0,1500.0,0.0,5.4
573.501681,2026-05-06T20:10:59.959544+00:00,81.6055,0.1667,96.4532,-0.0376,0.75,0.0,1500.0,0.0,5.4512
574.0,2026-05-06T20:11:00.457929+00:00,81.3266,-0.0628,96.6954,0.0097,0.75,0.0,1500.0,0.0,5.4762
574.5,2026-05-06T20:11:00.958029+00:00,81.494,0.0154,96.9973,0.1231,0.75,0.0,1500.0,0.0,5.4884
575.000613,2026-05-06T20:11:01.463365+00:00,81.3681,-0.0518,96.8822,0.0638,0.75,0.0,1500.0,0.0,5.4943
575.500501,2026-05-06T20:11:01.958323+00:00,81.2713,-0.1671,97.0252,0.1262,0.75,0.0,1500.0,0.0,5.4972
576.0,2026-05-06T20:11:02.457751+00:00,81.4515,0.0625,96.9036,0.1047,0.75,0.0,1500.0,0.0,5.4986
576.5,2026-05-06T20:11:02.957861+00:00,81.59,0.048,96.9259,0.1576,0.75,0.0,1500.0,0.0,5.4993
577.0,2026-05-06T20:11:03.457815+00:00,81.6965,0.1642,96.9431,0.0826,0.75,0.0,1500.0,0.0,5.4485
577.5,2026-05-06T20:11:03.964883+00:00,81.5237,0.1262,96.9562,-0.0137,0.75,0.0,1500.0,0.0,5.4237
578.0,2026-05-06T20:11:04.457853+00:00,81.5182,0.0334,96.9664,0.0281,0.75,0.0,1500.0,0.0,5.4627
578.5,2026-05-06T20:11:04.957877+00:00,81.6413,0.0256,96.9742,-0.017,0.75,0.0,1500.0,0.0,5.4306
579.0,2026-05-06T20:11:05.457784+00:00,81.6086,-0.0439,96.9801,0.0255,0.75,0.0,1500.0,0.0,5.4149
579.500125,2026-05-06T20:11:05.958161+00:00,81.5835,0.0299,96.869,-0.019,0.75,0.0,1500.0,0.0,5.4073
580.0,2026-05-06T20:11:06.464020+00:00,81.6914,0.0866,96.6679,-0.0917,0.75,0.0,1500.0,0.0,5.4036
580.5,2026-05-06T20:11:06.957801+00:00,81.6471,0.0029,96.3745,-0.1939,0.75,0.0,1500.0,0.0,5.4017
581.0,2026-05-06T20:11:07.458026+00:00,81.6131,0.0022,96.1722,-0.2647,0.75,0.0,1500.0,0.0,5.4008
581.5,2026-05-06T20:11:07.957816+00:00,81.8415,0.129,96.4794,-0.1649,0.75,0.0,1500.0,0.0,5.4004
582.0,2026-05-06T20:11:08.457798+00:00,81.7624,0.0355,96.2296,-0.2502,0.75,0.0,1500.0,0.0,5.4002
582.5,2026-05-06T20:11:08.962591+00:00,81.7017,0.0273,96.4079,-0.1537,0.75,0.0,1500.0,0.0,5.4001
583.0,2026-05-06T20:11:09.457876+00:00,81.5278,-0.0427,96.6606,-0.0024,0.75,0.0,1500.0,0.0,5.4512
583.5,2026-05-06T20:11:09.958061+00:00,81.7759,-0.0328,96.4152,0.0136,0.75,0.0,1500.0,0.0,5.425
584.0,2026-05-06T20:11:10.457951+00:00,81.8393,0.0384,96.6662,0.1647,0.75,0.0,1500.0,0.0,5.4122
584.5,2026-05-06T20:11:10.957921+00:00,81.7608,0.0295,96.8592,0.1266,0.75,0.0,1500.0,0.0,5.406
585.0,2026-05-06T20:11:11.462466+00:00,81.7004,0.0863,96.776,0.1821,0.75,0.0,1500.0,0.0,5.4029
585.500461,2026-05-06T20:11:11.958704+00:00,81.6541,-0.0609,96.7122,0.1014,0.75,0.0,1500.0,0.0,5.4526
586.0,2026-05-06T20:11:12.458374+00:00,81.7457,-0.0468,96.6399,-0.0069,0.75,0.0,1500.0,0.0,5.4257
586.5,2026-05-06T20:11:12.957764+00:00,81.6888,-0.036,96.5844,0.0564,0.75,0.0,1500.0,0.0,5.4125
587.0,2026-05-06T20:11:13.457960+00:00,81.6451,-0.0277,96.7963,0.0434,0.75,0.0,1500.0,0.0,5.4061
587.5,2026-05-06T20:11:13.972695+00:00,81.6116,-0.0213,96.8434,-0.0052,0.75,0.0,1500.0,0.0,5.403
588.0,2026-05-06T20:11:14.457877+00:00,81.5857,-0.08,96.764,-0.004,0.75,0.0,1500.0,0.0,5.4015
588.5,2026-05-06T20:11:14.957985+00:00,81.5659,-0.0615,96.7029,-0.0031,0.75,0.0,1500.0,0.0,5.4007
589.002174,2026-05-06T20:11:15.460030+00:00,81.5506,-0.0472,96.5634,-0.0255,0.75,0.0,1500.0,0.0,5.4003
589.5,2026-05-06T20:11:15.957930+00:00,81.5389,-0.0363,96.6644,0.0267,0.75,0.0,1500.0,0.0,5.4002
590.0,2026-05-06T20:11:16.465456+00:00,81.6572,0.0357,96.6032,-0.0644,0.75,0.0,1500.0,0.0,5.4001
590.501991,2026-05-06T20:11:16.959789+00:00,81.7481,0.0911,96.5562,-0.0957,0.75,0.0,1500.0,0.0,5.4512
591.0,2026-05-06T20:11:17.457799+00:00,81.6907,0.07,96.3118,-0.1507,0.75,0.0,1500.0,0.0,5.425
591.5,2026-05-06T20:11:17.957916+00:00,81.9011,0.1811,96.471,-0.0773,0.75,0.0,1500.0,0.0,5.4122
592.002052,2026-05-06T20:11:18.459957+00:00,81.681,0.0119,96.4777,-0.0285,0.75,0.0,1500.0,0.0,5.406
592.5,2026-05-06T20:11:18.962666+00:00,81.5119,-0.1181,96.5755,-0.0297,0.75,0.0,1500.0,0.0,5.4029
593.0,2026-05-06T20:11:19.457838+00:00,81.5091,-0.0908,96.4423,-0.0536,0.75,0.0,1500.0,0.0,5.4526
593.5,2026-05-06T20:11:19.957812+00:00,81.507,-0.197,96.3399,-0.0721,0.75,0.0,1500.0,0.0,5.4769
594.0,2026-05-06T20:11:20.457832+00:00,81.6327,-0.0242,96.4927,0.0603,0.75,0.0,1500.0,0.0,5.4887
594.5,2026-05-06T20:11:20.957894+00:00,81.602,0.0451,96.4944,0.0078,0.75,0.0,1500.0,0.0,5.4945
595.0,2026-05-06T20:11:21.465824+00:00,81.7056,0.0983,96.5188,0.0137,0.75,0.0,1500.0,0.0,5.4973
595.5,2026-05-06T20:11:21.957852+00:00,81.7853,0.1392,96.5145,-0.0203,0.75,0.0,1500.0,0.0,5.4475
596.0,2026-05-06T20:11:22.457826+00:00,81.8466,0.107,96.5111,0.0229,0.75,0.0,1500.0,0.0,5.4232
596.5,2026-05-06T20:11:22.957769+00:00,81.8936,0.1458,96.4854,0.0485,0.75,0.0,1500.0,0.0,5.4113
597.0,2026-05-06T20:11:23.457748+00:00,81.6753,-0.0152,96.4888,-0.0013,0.75,0.0,1500.0,0.0,5.4055
597.5,2026-05-06T20:11:23.964144+00:00,81.8893,0.052,96.4914,-0.001,0.75,0.0,1500.0,0.0,5.4027
598.002276,2026-05-06T20:11:24.460055+00:00,81.9265,0.0399,96.3777,-0.047,0.75,0.0,1500.0,0.0,5.4525
598.5,2026-05-06T20:11:24.957781+00:00,82.0823,0.0943,96.6374,0.041,0.75,0.0,1500.0,0.0,5.4768
599.0,2026-05-06T20:11:25.458283+00:00,81.9476,0.1361,96.6056,0.0315,0.75,0.0,1500.0,0.0,5.4887
599.5,2026-05-06T20:11:25.957784+00:00,82.0985,0.1046,96.6969,0.0705,0.75,0.0,1500.0,0.0,5.4945
600.0,2026-05-06T20:11:26.463292+00:00,82.0873,0.0804,96.6282,0.0465,0.75,0.0,1500.0,0.0,5.4973
600.5,2026-05-06T20:11:26.958109+00:00,82.0787,-0.0018,96.5985,0.0357,0.75,0.0,1500.0,0.0,5.4987
601.0,2026-05-06T20:11:27.457756+00:00,82.072,0.0622,96.4369,0.0197,0.75,0.0,1500.0,0.0,5.4994
601.5,2026-05-06T20:11:27.957782+00:00,82.0669,-0.0158,96.4515,-0.062,0.75,0.0,1500.0,0.0,5.4485
602.0,2026-05-06T20:11:28.457829+00:00,82.063,-0.0121,96.4627,-0.0476,0.75,0.0,1500.0,0.0,5.4237
602.5,2026-05-06T20:11:28.966955+00:00,82.06,-0.0093,96.3556,-0.1137,0.75,0.0,1500.0,0.0,5.4115
603.0,2026-05-06T20:11:29.457780+00:00,81.9304,-0.0708,96.1345,-0.1646,0.75,0.0,1500.0,0.0,5.4568
603.5,2026-05-06T20:11:29.957926+00:00,81.9581,-0.0544,96.3348,-0.0879,0.75,0.0,1500.0,0.0,5.4789
604.001729,2026-05-06T20:11:30.459507+00:00,81.8521,-0.1055,96.0259,-0.137,0.75,0.0,1500.0,0.0,5.4897
604.5,2026-05-06T20:11:30.957965+00:00,81.7706,-0.1447,96.367,-0.0282,0.75,0.0,1500.0,0.0,5.495
605.0,2026-05-06T20:11:31.468653+00:00,81.708,-0.1112,96.1664,-0.0988,0.75,0.0,1500.0,0.0,5.4976
605.501738,2026-05-06T20:11:31.959579+00:00,81.9144,-0.0218,96.2204,-0.0451,0.75,0.0,1500.0,0.0,5.4988
606.0,2026-05-06T20:11:32.457804+00:00,81.8185,-0.0168,96.3083,0.0579,0.75,0.0,1500.0,0.0,5.4994
606.5,2026-05-06T20:11:32.957765+00:00,81.9993,0.1144,96.3526,0.006,0.75,0.0,1500.0,0.0,5.4485
607.000349,2026-05-06T20:11:33.458166+00:00,81.7565,0.0243,96.3636,0.1126,0.75,0.0,1500.0,0.0,5.4237
607.5,2026-05-06T20:11:33.962749+00:00,81.5699,-0.1723,96.5109,0.0479,0.75,0.0,1500.0,0.0,5.4116
608.0,2026-05-06T20:11:34.457851+00:00,81.681,-0.0688,96.624,0.1526,0.75,0.0,1500.0,0.0,5.4568
608.5,2026-05-06T20:11:34.957796+00:00,81.7664,-0.1165,96.4565,0.0787,0.75,0.0,1500.0,0.0,5.4277
609.0,2026-05-06T20:11:35.457843+00:00,81.832,0.0377,96.4666,0.0528,0.75,0.0,1500.0,0.0,5.4135
609.5,2026-05-06T20:11:35.957848+00:00,81.8825,0.1563,96.3586,0.002,0.75,0.0,1500.0,0.0,5.4066
610.0,2026-05-06T20:11:36.463575+00:00,81.9212,0.1201,96.1599,-0.0679,0.75,0.0,1500.0,0.0,5.4032
610.500527,2026-05-06T20:11:36.958385+00:00,82.0783,0.156,96.1229,-0.1293,0.75,0.0,1500.0,0.0,5.4528
611.0,2026-05-06T20:11:37.457967+00:00,82.0717,0.1199,96.187,-0.1457,0.75,0.0,1500.0,0.0,5.477
611.501541,2026-05-06T20:11:37.959339+00:00,82.0667,0.0921,96.2595,-0.0657,0.75,0.0,1500.0,0.0,5.4888
612.0,2026-05-06T20:11:38.457789+00:00,82.0628,0.0708,96.0606,-0.1353,0.75,0.0,1500.0,0.0,5.4433
612.5,2026-05-06T20:11:38.963201+00:00,82.1871,0.0544,96.1623,-0.0654,0.75,0.0,1500.0,0.0,5.4211
613.0,2026-05-06T20:11:39.458763+00:00,82.1554,0.0418,96.333,0.0577,0.75,0.0,1500.0,0.0,5.4615
613.5,2026-05-06T20:11:39.957786+00:00,82.2583,0.0958,96.1402,0.0058,0.75,0.0,1500.0,0.0,5.4812
614.0,2026-05-06T20:11:40.457799+00:00,82.3374,0.1373,96.1078,-0.0264,0.75,0.0,1500.0,0.0,5.4908
614.5,2026-05-06T20:11:40.958065+00:00,82.2709,0.0419,96.1985,-0.0203,0.75,0.0,1500.0,0.0,5.4955
615.000669,2026-05-06T20:11:41.463858+00:00,82.2198,0.0322,96.0369,-0.0079,0.75,0.0,1500.0,0.0,5.4978
615.5,2026-05-06T20:11:41.957772+00:00,82.0532,-0.1025,96.1441,-0.0061,0.75,0.0,1500.0,0.0,5.4989
616.0,2026-05-06T20:11:42.458350+00:00,81.9252,-0.2061,96.2033,-0.0432,0.75,0.0,1500.0,0.0,5.4483
616.500094,2026-05-06T20:11:42.957886+00:00,81.9541,-0.1584,96.1562,0.0053,0.75,0.0,1500.0,0.0,5.4236
617.0,2026-05-06T20:11:43.457958+00:00,81.9763,-0.1217,96.0044,-0.0345,0.75,0.0,1500.0,0.0,5.4115
617.5,2026-05-06T20:11:43.962831+00:00,81.9933,-0.0299,96.0959,-0.0342,0.75,0.0,1500.0,0.0,5.4056
618.0,2026-05-06T20:11:44.459730+00:00,82.1337,0.1043,96.3051,0.0894,0.75,0.0,1500.0,0.0,5.4539
618.5,2026-05-06T20:11:44.957793+00:00,82.2416,0.1438,96.5816,0.1459,0.75,0.0,1500.0,0.0,5.4775
619.0,2026-05-06T20:11:45.458187+00:00,82.3245,0.1741,96.7941,0.197,0.75,0.0,1500.0,0.0,5.489
619.50051,2026-05-06T20:11:45.958345+00:00,82.3883,0.1975,96.8418,0.2285,0.75,0.0,1500.0,0.0,5.4946
620.0,2026-05-06T20:11:46.462077+00:00,82.31,0.0881,96.8784,0.2913,0.75,0.0,1500.0,0.0,5.4974
620.5,2026-05-06T20:11:46.957887+00:00,82.3771,0.0677,96.9065,0.2702,0.75,0.0,1500.0,0.0,5.4475
621.0,2026-05-06T20:11:47.457756+00:00,82.4287,0.0521,97.0439,0.2462,0.75,0.0,1500.0,0.0,5.4232
621.5,2026-05-06T20:11:47.958043+00:00,82.3411,-0.0236,97.0106,0.143,0.75,0.0,1500.0,0.0,5.4113
622.0,2026-05-06T20:11:48.457816+00:00,82.401,0.0455,97.0081,0.0713,0.75,0.0,1500.0,0.0,5.4055
622.5,2026-05-06T20:11:48.963721+00:00,82.3198,-0.0287,97.1219,0.0934,0.75,0.0,1500.0,0.0,5.4027
623.0,2026-05-06T20:11:49.457923+00:00,82.2573,-0.0857,97.0937,0.0718,0.75,0.0,1500.0,0.0,5.4013
623.501718,2026-05-06T20:11:49.959506+00:00,82.2094,-0.0658,96.7018,-0.0682,0.75,0.0,1500.0,0.0,5.4006
624.0,2026-05-06T20:11:50.457807+00:00,82.1725,-0.1142,96.632,-0.1373,0.75,0.0,1500.0,0.0,5.4003
624.5,2026-05-06T20:11:50.958020+00:00,82.0169,-0.1514,96.4857,-0.1749,0.75,0.0,1500.0,0.0,5.4002
625.0,2026-05-06T20:11:51.465075+00:00,81.8973,-0.18,96.2576,-0.2502,0.75,0.0,1500.0,0.0,5.4001
625.5,2026-05-06T20:11:51.957797+00:00,81.8053,-0.202,96.198,-0.308,0.75,0.0,1500.0,0.0,5.4512
626.0,2026-05-06T20:11:52.458067+00:00,81.862,-0.1553,96.3836,-0.2367,0.75,0.0,1500.0,0.0,5.425
626.5,2026-05-06T20:11:52.957805+00:00,81.9055,-0.0557,96.5031,-0.0662,0.75,0.0,1500.0,0.0,5.4122
627.0,2026-05-06T20:11:53.457963+00:00,82.1935,0.1481,96.4792,-0.0509,0.75,0.0,1500.0,0.0,5.406
627.5,2026-05-06T20:11:53.963106+00:00,82.2875,0.2411,96.4609,-0.0083,0.75,0.0,1500.0,0.0,5.4029
628.002179,2026-05-06T20:11:54.460101+00:00,82.1053,0.1217,96.4699,0.0708,0.75,0.0,1500.0,0.0,5.4526
628.5,2026-05-06T20:11:54.957804+00:00,82.2198,0.1572,96.4769,0.093,0.75,0.0,1500.0,0.0,5.4257
629.000007,2026-05-06T20:11:55.457848+00:00,82.3078,0.0572,96.5979,0.0715,0.75,0.0,1500.0,0.0,5.4125
629.502174,2026-05-06T20:11:55.960046+00:00,82.3754,0.0439,96.2282,-0.0916,0.75,0.0,1500.0,0.0,5.4061
630.0,2026-05-06T20:11:56.463194+00:00,82.3001,0.0974,96.2911,-0.0627,0.75,0.0,1500.0,0.0,5.403
630.5,2026-05-06T20:11:56.957780+00:00,82.2422,0.0112,96.0849,-0.1253,0.75,0.0,1500.0,0.0,5.4527
631.0,2026-05-06T20:11:57.458730+00:00,82.325,0.0086,96.0421,-0.1426,0.75,0.0,1500.0,0.0,5.4769
631.5,2026-05-06T20:11:57.957784+00:00,82.2614,-0.057,96.0324,-0.1482,0.75,0.0,1500.0,0.0,5.4887
632.0,2026-05-06T20:11:58.458210+00:00,82.0852,-0.1074,96.2331,-0.1216,0.75,0.0,1500.0,0.0,5.4945
632.5,2026-05-06T20:11:58.964592+00:00,82.2043,-0.019,96.1792,-0.0163,0.75,0.0,1500.0,0.0,5.4461
633.0,2026-05-06T20:11:59.457768+00:00,82.1686,-0.0782,95.9063,-0.1283,0.75,0.0,1500.0,0.0,5.4225
633.5,2026-05-06T20:11:59.957812+00:00,82.2684,0.0035,96.0206,-0.0214,0.75,0.0,1500.0,0.0,5.411
634.0,2026-05-06T20:12:00.458011+00:00,82.3452,0.13,96.1315,0.0298,0.75,0.0,1500.0,0.0,5.4054
634.501503,2026-05-06T20:12:00.959296+00:00,82.4041,0.0999,95.8697,-0.0542,0.75,0.0,1500.0,0.0,5.4026
635.000306,2026-05-06T20:12:01.462783+00:00,82.4495,0.1404,95.8998,-0.1111,0.75,0.0,1500.0,0.0,5.4013
635.5,2026-05-06T20:12:01.957842+00:00,82.4843,0.1079,96.0387,-0.0468,0.75,0.0,1500.0,0.0,5.4006
636.0,2026-05-06T20:12:02.457805+00:00,82.6383,0.1466,95.9141,0.0026,0.75,0.0,1500.0,0.0,5.4003
636.5,2026-05-06T20:12:02.958008+00:00,82.6295,0.1127,95.9339,-0.0289,0.75,0.0,1500.0,0.0,5.4001
637.0,2026-05-06T20:12:03.457905+00:00,82.7499,0.1502,96.1806,0.0164,0.75,0.0,1500.0,0.0,5.4001
637.5,2026-05-06T20:12:03.965919+00:00,82.588,0.0518,96.2545,0.1283,0.75,0.0,1500.0,0.0,5.4
638.000385,2026-05-06T20:12:04.458161+00:00,82.718,0.0398,96.1725,0.0909,0.75,0.0,1500.0,0.0,5.4
638.5,2026-05-06T20:12:04.957900+00:00,82.5634,-0.033,96.2483,0.0699,0.75,0.0,1500.0,0.0,5.4
639.0,2026-05-06T20:12:05.457797+00:00,82.4446,-0.1526,96.1908,0.0923,0.75,0.0,1500.0,0.0,5.4
639.5,2026-05-06T20:12:05.957794+00:00,82.4806,-0.0537,96.2392,0.1018,0.75,0.0,1500.0,0.0,5.4
640.0,2026-05-06T20:12:06.462903+00:00,82.3809,-0.1685,96.2996,0.0396,0.75,0.0,1500.0,0.0,5.4
640.501348,2026-05-06T20:12:06.959118+00:00,82.4316,-0.0659,96.4385,0.0613,0.75,0.0,1500.0,0.0,5.4
641.0,2026-05-06T20:12:07.457795+00:00,82.4706,0.013,96.2213,0.0163,0.75,0.0,1500.0,0.0,5.4
641.5,2026-05-06T20:12:07.957853+00:00,82.5005,0.01,96.2858,0.0125,0.75,0.0,1500.0,0.0,5.4
642.0,2026-05-06T20:12:08.457799+00:00,82.6508,0.1349,96.2428,0.0173,0.75,0.0,1500.0,0.0,5.4
642.5,2026-05-06T20:12:08.963133+00:00,82.5118,0.0401,96.3949,0.0519,0.75,0.0,1500.0,0.0,5.4
643.0,2026-05-06T20:12:09.457849+00:00,82.4049,-0.0328,96.3961,0.0322,0.75,0.0,1500.0,0.0,5.4
643.502207,2026-05-06T20:12:09.959982+00:00,82.5773,0.0384,96.3044,-0.0447,0.75,0.0,1500.0,0.0,5.4
644.0,2026-05-06T20:12:10.457962+00:00,82.5826,-0.0341,96.3497,0.0428,0.75,0.0,1500.0,0.0,5.4
644.5,2026-05-06T20:12:10.958083+00:00,82.5866,0.0374,96.3613,0.0252,0.75,0.0,1500.0,0.0,5.4
645.00219,2026-05-06T20:12:11.467384+00:00,82.5897,0.0924,96.2777,0.0116,0.75,0.0,1500.0,0.0,5.4
645.5,2026-05-06T20:12:11.957749+00:00,82.7194,0.071,96.1903,-0.0682,0.75,0.0,1500.0,0.0,5.4
646.0,2026-05-06T20:12:12.458010+00:00,82.6917,0.0546,96.1463,-0.0833,0.75,0.0,1500.0,0.0,5.4
646.5,2026-05-06T20:12:12.957803+00:00,82.7978,0.1056,96.3207,0.0054,0.75,0.0,1500.0,0.0,5.4
647.0,2026-05-06T20:12:13.457781+00:00,82.752,0.0812,96.1076,-0.0807,0.75,0.0,1500.0,0.0,5.4
647.5,2026-05-06T20:12:13.964042+00:00,82.8441,0.0624,96.1753,-0.062,0.75,0.0,1500.0,0.0,5.4
648.0,2026-05-06T20:12:14.457797+00:00,82.7876,0.0479,96.343,0.0218,0.75,0.0,1500.0,0.0,5.4
648.5,2026-05-06T20:12:14.957920+00:00,82.6169,-0.0904,96.6107,0.1401,0.75,0.0,1500.0,0.0,5.4
649.0,2026-05-06T20:12:15.457997+00:00,82.613,-0.0695,96.8165,0.2234,0.75,0.0,1500.0,0.0,5.4
649.500632,2026-05-06T20:12:15.958473+00:00,82.4827,-0.1807,96.859,0.1794,0.75,0.0,1500.0,0.0,5.4
650.0,2026-05-06T20:12:16.462691+00:00,82.3826,-0.2025,96.8916,0.2613,0.75,0.0,1500.0,0.0,5.4
650.5,2026-05-06T20:12:16.958017+00:00,82.4329,-0.092,96.801,0.2086,0.75,0.0,1500.0,0.0,5.4
651.000629,2026-05-06T20:12:17.458477+00:00,82.4716,-0.0707,96.6156,0.0909,0.75,0.0,1500.0,0.0,5.4
651.5,2026-05-06T20:12:17.958113+00:00,82.374,-0.0544,96.4732,-0.0458,0.75,0.0,1500.0,0.0,5.4
652.0,2026-05-06T20:12:18.457922+00:00,82.4263,0.0219,96.5951,-0.0738,0.75,0.0,1500.0,0.0,5.4
652.5,2026-05-06T20:12:18.962595+00:00,82.212,-0.1105,96.4574,-0.1339,0.75,0.0,1500.0,0.0,5.4
653.0,2026-05-06T20:12:19.457789+00:00,82.429,-0.0213,96.5829,-0.1029,0.75,0.0,1500.0,0.0,5.4512
653.5,2026-05-06T20:12:19.957824+00:00,82.3413,-0.0164,96.6795,-0.0405,0.75,0.0,1500.0,0.0,5.4762
654.0,2026-05-06T20:12:20.457810+00:00,82.4012,-0.0126,96.7536,0.046,0.75,0.0,1500.0,0.0,5.4884
654.5,2026-05-06T20:12:20.957776+00:00,82.3199,0.054,96.5792,0.0354,0.75,0.0,1500.0,0.0,5.4943
655.0,2026-05-06T20:12:21.464955+00:00,82.3847,-0.0221,96.5609,-0.0114,0.75,0.0,1500.0,0.0,5.4972
655.5,2026-05-06T20:12:21.958074+00:00,82.4345,0.0466,96.5237,0.0221,0.75,0.0,1500.0,0.0,5.4474
656.0,2026-05-06T20:12:22.457851+00:00,82.4728,0.0358,96.4951,-0.0293,0.75,0.0,1500.0,0.0,5.4232
656.502095,2026-05-06T20:12:22.959952+00:00,82.6295,0.1548,96.6119,-0.0225,0.75,0.0,1500.0,0.0,5.4113
657.0,2026-05-06T20:12:23.457876+00:00,82.4954,0.0553,96.6091,-0.0482,0.75,0.0,1500.0,0.0,5.4055
657.5,2026-05-06T20:12:23.964981+00:00,82.6469,0.1062,96.5607,-0.0062,0.75,0.0,1500.0,0.0,5.4027
658.0,2026-05-06T20:12:24.457896+00:00,82.5088,0.018,96.4541,-0.0356,0.75,0.0,1500.0,0.0,5.4013
658.5,2026-05-06T20:12:24.957779+00:00,82.5299,-0.0498,96.6961,0.0575,0.75,0.0,1500.0,0.0,5.4006
659.0,2026-05-06T20:12:25.458018+00:00,82.4188,-0.0383,96.8822,0.129,0.75,0.0,1500.0,0.0,5.4003
659.5,2026-05-06T20:12:25.957764+00:00,82.4608,-0.0931,96.7937,0.0606,0.75,0.0,1500.0,0.0,5.4002
660.0,2026-05-06T20:12:26.462507+00:00,82.6202,0.0557,96.9572,0.116,0.75,0.0,1500.0,0.0,5.4001
660.5,2026-05-06T20:12:26.957795+00:00,82.7428,0.1065,97.0828,0.174,0.75,0.0,1500.0,0.0,5.4
661.0,2026-05-06T20:12:27.457818+00:00,82.7098,0.1455,97.0636,0.2032,0.75,0.0,1500.0,0.0,5.4
661.5,2026-05-06T20:12:27.958151+00:00,82.8116,0.1754,97.1646,0.1562,0.75,0.0,1500.0,0.0,5.4
662.001492,2026-05-06T20:12:28.459252+00:00,82.7627,0.0712,96.9877,0.0352,0.75,0.0,1500.0,0.0,5.4
662.500389,2026-05-06T20:12:28.964686+00:00,82.5978,-0.0725,96.6434,-0.0501,0.75,0.0,1500.0,0.0,5.4
663.0,2026-05-06T20:12:29.458023+00:00,82.471,-0.1194,96.8416,-0.0385,0.75,0.0,1500.0,0.0,5.4512
663.5,2026-05-06T20:12:29.957775+00:00,82.6281,-0.0918,96.4155,-0.2224,0.75,0.0,1500.0,0.0,5.425
664.0,2026-05-06T20:12:30.458112+00:00,82.6216,-0.0705,96.3193,-0.2481,0.75,0.0,1500.0,0.0,5.4634
664.5,2026-05-06T20:12:30.957916+00:00,82.7439,0.0731,96.2454,-0.3064,0.75,0.0,1500.0,0.0,5.4821
665.0,2026-05-06T20:12:31.466400+00:00,82.4561,-0.0075,96.3043,-0.2278,0.75,0.0,1500.0,0.0,5.4913
665.5,2026-05-06T20:12:31.957784+00:00,82.3621,-0.133,96.3496,-0.0979,0.75,0.0,1500.0,0.0,5.4957
666.0,2026-05-06T20:12:32.457919+00:00,82.5444,-0.0386,96.3844,-0.1524,0.75,0.0,1500.0,0.0,5.4979
666.5,2026-05-06T20:12:32.959755+00:00,82.6845,-0.0297,96.4112,-0.0014,0.75,0.0,1500.0,0.0,5.499
667.0,2026-05-06T20:12:33.457907+00:00,82.5377,0.0408,96.5474,0.076,0.75,0.0,1500.0,0.0,5.4995
667.5,2026-05-06T20:12:33.963069+00:00,82.5521,0.095,96.4207,0.0584,0.75,0.0,1500.0,0.0,5.4486
668.00206,2026-05-06T20:12:34.459846+00:00,82.5632,0.0094,96.3465,0.0141,0.75,0.0,1500.0,0.0,5.4237
668.5,2026-05-06T20:12:34.958022+00:00,82.5717,-0.0564,96.382,0.0108,0.75,0.0,1500.0,0.0,5.4116
669.0,2026-05-06T20:12:35.457939+00:00,82.5783,0.0203,96.2936,-0.0303,0.75,0.0,1500.0,0.0,5.4056
669.502161,2026-05-06T20:12:35.959997+00:00,82.7106,0.0792,96.2257,-0.0618,0.75,0.0,1500.0,0.0,5.4028
670.0,2026-05-06T20:12:36.463723+00:00,82.9395,0.1882,96.266,-0.0938,0.75,0.0,1500.0,0.0,5.4013
670.5,2026-05-06T20:12:36.957773+00:00,82.861,0.1446,96.0656,-0.1184,0.75,0.0,1500.0,0.0,5.4519
671.0,2026-05-06T20:12:37.457798+00:00,82.9278,0.1748,96.3975,0.017,0.75,0.0,1500.0,0.0,5.4765
671.5,2026-05-06T20:12:37.957759+00:00,82.852,0.0707,96.2824,-0.0332,0.75,0.0,1500.0,0.0,5.4885
672.0,2026-05-06T20:12:38.457783+00:00,82.7937,-0.0729,96.4485,0.0516,0.75,0.0,1500.0,0.0,5.4944
672.5,2026-05-06T20:12:38.966432+00:00,82.7489,-0.056,96.5761,0.1168,0.75,0.0,1500.0,0.0,5.4973
673.0,2026-05-06T20:12:39.457772+00:00,82.7144,-0.1067,96.5585,0.0975,0.75,0.0,1500.0,0.0,5.4987
673.500368,2026-05-06T20:12:39.958196+00:00,82.8152,-0.0184,96.6606,0.1983,0.75,0.0,1500.0,0.0,5.4993
674.0,2026-05-06T20:12:40.458125+00:00,82.7654,-0.0141,96.5078,0.0367,0.75,0.0,1500.0,0.0,5.4997
674.50044,2026-05-06T20:12:40.958234+00:00,82.4726,-0.1381,96.3903,0.036,0.75,0.0,1500.0,0.0,5.4998
675.0,2026-05-06T20:12:41.463698+00:00,82.3748,-0.1698,96.2768,-0.0572,0.75,0.0,1500.0,0.0,5.4999
675.5,2026-05-06T20:12:41.957784+00:00,82.4269,-0.1941,96.3285,-0.0825,0.75,0.0,1500.0,0.0,5.5
676.0,2026-05-06T20:12:42.457778+00:00,82.5942,-0.0856,96.2293,-0.1097,0.75,0.0,1500.0,0.0,5.5
676.5,2026-05-06T20:12:42.957804+00:00,82.7228,0.1251,96.5234,-0.0458,0.75,0.0,1500.0,0.0,5.5
677.0,2026-05-06T20:12:43.458250+00:00,82.5671,0.0962,96.3791,-0.0429,0.75,0.0,1500.0,0.0,5.5
677.500646,2026-05-06T20:12:43.963481+00:00,82.702,0.1376,96.4071,0.0056,0.75,0.0,1500.0,0.0,5.5
678.0,2026-05-06T20:12:44.457902+00:00,82.6784,0.0421,96.4286,0.0506,0.75,0.0,1500.0,0.0,5.5
678.5,2026-05-06T20:12:44.958300+00:00,82.7875,0.0323,96.422,0.0312,0.75,0.0,1500.0,0.0,5.4488
679.0,2026-05-06T20:12:45.457788+00:00,82.8714,0.1521,96.4632,0.0779,0.75,0.0,1500.0,0.0,5.4238
679.5,2026-05-06T20:12:45.957781+00:00,82.9359,0.1169,96.6799,0.0522,0.75,0.0,1500.0,0.0,5.4116
680.000202,2026-05-06T20:12:46.466273+00:00,82.8582,0.0899,96.8697,0.1635,0.75,0.0,1500.0,0.0,5.4057
680.5,2026-05-06T20:12:46.957781+00:00,83.053,0.1327,96.8999,0.1643,0.75,0.0,1500.0,0.0,5.454
681.0,2026-05-06T20:12:47.458102+00:00,83.0754,0.102,97.0156,0.1957,0.75,0.0,1500.0,0.0,5.4263
681.502152,2026-05-06T20:12:47.959999+00:00,82.9654,0.0148,96.8963,0.1581,0.75,0.0,1500.0,0.0,5.4129
682.0,2026-05-06T20:12:48.457817+00:00,82.8808,0.0113,96.8046,0.1138,0.75,0.0,1500.0,0.0,5.4063
682.5,2026-05-06T20:12:48.963971+00:00,83.0704,0.0087,96.9424,0.0875,0.75,0.0,1500.0,0.0,5.4031
683.0,2026-05-06T20:12:49.459733+00:00,83.0888,0.0067,96.6086,-0.087,0.75,0.0,1500.0,0.0,5.4527
683.5,2026-05-06T20:12:49.957738+00:00,83.103,0.0688,96.9306,0.0102,0.75,0.0,1500.0,0.0,5.4257
684.0,2026-05-06T20:12:50.458129+00:00,82.9866,0.0529,97.0623,0.0156,0.75,0.0,1500.0,0.0,5.4125
684.5,2026-05-06T20:12:50.957770+00:00,83.1517,0.0406,97.0479,0.0505,0.75,0.0,1500.0,0.0,5.4061
685.0,2026-05-06T20:12:51.464838+00:00,83.024,-0.0324,97.0368,0.0774,0.75,0.0,1500.0,0.0,5.403
685.5,2026-05-06T20:12:51.958007+00:00,82.9259,-0.0885,97.0283,0.0286,0.75,0.0,1500.0,0.0,5.4015
686.0,2026-05-06T20:12:52.457766+00:00,82.9778,-0.0044,97.0218,0.1377,0.75,0.0,1500.0,0.0,5.4007
686.5,2026-05-06T20:12:52.957909+00:00,83.1449,-0.0034,97.2481,0.1059,0.75,0.0,1500.0,0.0,5.4003
687.002173,2026-05-06T20:12:53.460064+00:00,83.1461,0.061,97.075,0.0042,0.75,0.0,1500.0,0.0,5.4002
687.5,2026-05-06T20:12:53.966203+00:00,83.0197,0.0469,97.0576,0.0032,0.75,0.0,1500.0,0.0,5.4001
688.0,2026-05-06T20:12:54.457917+00:00,82.7953,-0.0912,97.0212,-0.0052,0.75,0.0,1500.0,0.0,5.4512
688.5,2026-05-06T20:12:54.957847+00:00,82.7501,-0.1974,96.9006,-0.0426,0.75,0.0,1500.0,0.0,5.4762
689.0,2026-05-06T20:12:55.457875+00:00,82.8427,-0.1517,96.8079,-0.0713,0.75,0.0,1500.0,0.0,5.4884
689.5,2026-05-06T20:12:55.957883+00:00,82.9138,-0.053,96.9449,-0.1011,0.75,0.0,1500.0,0.0,5.4943
690.0,2026-05-06T20:12:56.464256+00:00,82.9684,0.0866,96.8651,-0.07,0.75,0.0,1500.0,0.0,5.4972
690.5,2026-05-06T20:12:56.957804+00:00,83.0104,0.1302,96.8963,-0.0538,0.75,0.0,1500.0,0.0,5.4987
691.0,2026-05-06T20:12:57.457927+00:00,82.9155,0.0364,96.8046,-0.0722,0.75,0.0,1500.0,0.0,5.4993
691.5,2026-05-06T20:12:57.957825+00:00,83.097,0.0916,96.8267,-0.0246,0.75,0.0,1500.0,0.0,5.4997
692.0,2026-05-06T20:12:58.457917+00:00,83.1093,0.0704,96.7511,-0.0189,0.75,0.0,1500.0,0.0,5.4998
692.5,2026-05-06T20:12:58.963222+00:00,83.1187,0.0541,96.6698,-0.0917,0.75,0.0,1500.0,0.0,5.4487
693.00217,2026-05-06T20:12:59.460059+00:00,83.1259,0.1052,96.4917,-0.1245,0.75,0.0,1500.0,0.0,5.4238
693.5,2026-05-06T20:12:59.957864+00:00,83.1315,0.0172,96.3548,-0.1805,0.75,0.0,1500.0,0.0,5.4116
694.0,2026-05-06T20:13:00.457945+00:00,83.1358,0.0133,96.5041,-0.1002,0.75,0.0,1500.0,0.0,5.4057
694.5,2026-05-06T20:13:00.957787+00:00,83.1391,0.0102,96.6188,-0.0693,0.75,0.0,1500.0,0.0,5.4028
695.0,2026-05-06T20:13:01.463513+00:00,83.0143,-0.0558,96.8227,0.0239,0.75,0.0,1500.0,0.0,5.4013
695.5,2026-05-06T20:13:01.957926+00:00,82.9185,-0.1065,96.8638,0.0646,0.75,0.0,1500.0,0.0,5.4007
696.000677,2026-05-06T20:13:02.458442+00:00,82.972,-0.0819,96.8953,0.1345,0.75,0.0,1500.0,0.0,5.4003
696.5,2026-05-06T20:13:02.958113+00:00,83.1405,0.0007,96.9195,0.1882,0.75,0.0,1500.0,0.0,5.4002
697.0,2026-05-06T20:13:03.457915+00:00,83.1427,0.0642,96.9381,0.1447,0.75,0.0,1500.0,0.0,5.4001
697.5,2026-05-06T20:13:03.965065+00:00,83.0171,0.0493,96.7442,0.0418,0.75,0.0,1500.0,0.0,5.4
698.0,2026-05-06T20:13:04.457827+00:00,83.0479,0.0379,96.6877,-0.045,0.75,0.0,1500.0,0.0,5.4
698.5,2026-05-06T20:13:04.957907+00:00,83.1988,0.0291,96.9914,0.0425,0.75,0.0,1500.0,0.0,5.4
699.0,2026-05-06T20:13:05.457754+00:00,83.3148,0.086,96.9934,0.0327,0.75,0.0,1500.0,0.0,5.4
699.5,2026-05-06T20:13:05.958218+00:00,83.2766,0.1298,96.8561,-0.0212,0.75,0.0,1500.0,0.0,5.4
700.0,2026-05-06T20:13:06.466403+00:00,83.3746,0.1634,96.7737,-0.0548,0.75,0.0,1500.0,0.0,5.4
700.5,2026-05-06T20:13:06.957808+00:00,83.1954,-0.0017,96.7335,-0.0036,0.75,0.0,1500.0,0.0,5.4
701.000094,2026-05-06T20:13:07.457921+00:00,83.0576,-0.1286,96.6563,-0.0105,0.75,0.0,1500.0,0.0,5.4
701.502169,2026-05-06T20:13:07.960055+00:00,82.9517,-0.1625,96.7358,-0.0852,0.75,0.0,1500.0,0.0,5.4
702.0,2026-05-06T20:13:08.457910+00:00,82.9976,-0.1885,96.6581,-0.1117,0.75,0.0,1500.0,0.0,5.4
702.5,2026-05-06T20:13:08.963180+00:00,83.1601,-0.0176,96.9686,0.0375,0.75,0.0,1500.0,0.0,5.4
703.0,2026-05-06T20:13:09.457784+00:00,83.1578,0.0501,96.9759,0.0674,0.75,0.0,1500.0,0.0,5.4
703.5,2026-05-06T20:13:09.958166+00:00,83.156,0.1021,97.0972,0.1212,0.75,0.0,1500.0,0.0,5.4
704.0,2026-05-06T20:13:10.457916+00:00,83.1546,0.0785,97.1904,0.178,0.75,0.0,1500.0,0.0,5.4
704.5,2026-05-06T20:13:10.957810+00:00,83.2808,0.0603,97.1232,0.1291,0.75,0.0,1500.0,0.0,5.4
705.0,2026-05-06T20:13:11.464258+00:00,83.3778,0.11,97.2104,0.1841,0.75,0.0,1500.0,0.0,5.4
705.501734,2026-05-06T20:13:11.959556+00:00,83.1978,0.0209,97.1617,0.0644,0.75,0.0,1500.0,0.0,5.3488
706.0,2026-05-06T20:13:12.457771+00:00,83.1868,0.0161,97.1243,0.0495,0.75,0.0,1500.0,0.0,5.3238
706.5,2026-05-06T20:13:12.957914+00:00,83.051,-0.1149,96.9798,-0.0391,0.75,0.0,1500.0,0.0,5.3116
707.0,2026-05-06T20:13:13.457813+00:00,83.2012,-0.0883,96.9845,-0.0686,0.75,0.0,1500.0,0.0,5.3057
707.5,2026-05-06T20:13:13.963520+00:00,83.1893,-0.0042,97.1038,-0.0065,0.75,0.0,1500.0,0.0,5.3028
708.0,2026-05-06T20:13:14.457840+00:00,83.1802,-0.0033,96.9641,-0.0821,0.75,0.0,1500.0,0.0,5.3526
708.500601,2026-05-06T20:13:14.958752+00:00,83.1732,0.0611,96.741,-0.1402,0.75,0.0,1500.0,0.0,5.3768
709.0,2026-05-06T20:13:15.457772+00:00,83.1679,-0.0167,96.5695,-0.1849,0.75,0.0,1500.0,0.0,5.3887
709.5,2026-05-06T20:13:15.958064+00:00,83.1637,-0.0128,96.6691,-0.1036,0.75,0.0,1500.0,0.0,5.4457
710.0,2026-05-06T20:13:16.464457+00:00,83.0333,-0.0735,96.5143,-0.1567,0.75,0.0,1500.0,0.0,5.4735
710.5,2026-05-06T20:13:16.957783+00:00,83.0603,-0.0565,96.6267,-0.159,0.75,0.0,1500.0,0.0,5.4871
711.0,2026-05-06T20:13:17.457748+00:00,83.2083,0.0202,96.4817,-0.1608,0.75,0.0,1500.0,0.0,5.4937
711.5,2026-05-06T20:13:17.957822+00:00,83.1948,0.0155,96.3471,-0.1313,0.75,0.0,1500.0,0.0,5.4969
712.0,2026-05-06T20:13:18.457974+00:00,83.1845,0.0756,96.4982,-0.0238,0.75,0.0,1500.0,0.0,5.4985
712.5,2026-05-06T20:13:18.963878+00:00,83.1765,0.0581,96.73,0.0203,0.75,0.0,1500.0,0.0,5.4993
713.0,2026-05-06T20:13:19.457806+00:00,83.4249,0.1083,96.4454,-0.023,0.75,0.0,1500.0,0.0,5.4996
713.5,2026-05-06T20:13:19.957790+00:00,83.4886,0.1469,96.6894,0.0209,0.75,0.0,1500.0,0.0,5.4998
714.0,2026-05-06T20:13:20.457788+00:00,83.4102,0.1129,96.6224,0.0469,0.75,0.0,1500.0,0.0,5.4999
714.5,2026-05-06T20:13:20.957803+00:00,83.2227,0.0231,96.7098,0.1209,0.75,0.0,1500.0,0.0,5.5
715.000078,2026-05-06T20:13:21.464265+00:00,83.2059,-0.1095,96.777,0.0929,0.75,0.0,1500.0,0.0,5.5
715.5,2026-05-06T20:13:21.957918+00:00,83.193,-0.1478,96.9443,0.0714,0.75,0.0,1500.0,0.0,5.5
716.0,2026-05-06T20:13:22.457771+00:00,83.3103,-0.05,96.4944,0.0163,0.75,0.0,1500.0,0.0,5.4488
716.5,2026-05-06T20:13:22.957985+00:00,83.2732,0.0252,96.38,-0.1031,0.75,0.0,1500.0,0.0,5.4238
717.0,2026-05-06T20:13:23.457791+00:00,83.372,0.083,96.4077,-0.0716,0.75,0.0,1500.0,0.0,5.4116
717.5,2026-05-06T20:13:23.968182+00:00,83.4479,0.1275,96.1977,-0.1707,0.75,0.0,1500.0,0.0,5.4057
718.0,2026-05-06T20:13:24.457917+00:00,83.3789,0.0343,96.2676,-0.1698,0.75,0.0,1500.0,0.0,5.454
718.5,2026-05-06T20:13:24.957825+00:00,83.326,0.0264,96.4371,-0.1691,0.75,0.0,1500.0,0.0,5.4263
719.0,2026-05-06T20:13:25.457817+00:00,83.4125,0.0203,96.4517,-0.0142,0.75,0.0,1500.0,0.0,5.4129
719.5,2026-05-06T20:13:25.957916+00:00,83.3518,-0.048,96.5785,0.0662,0.75,0.0,1500.0,0.0,5.4063
720.000001,2026-05-06T20:13:26.465805+00:00,83.4324,0.0267,96.4215,0.0046,0.75,0.0,1500.0,0.0,5.4031
720.50057,2026-05-06T20:13:26.958339+00:00,83.2397,-0.0431,96.2083,0.0035,0.75,0.0,1500.0,0.0,5.4015
721.0,2026-05-06T20:13:27.457776+00:00,83.3462,-0.0331,96.3915,0.0413,0.75,0.0,1500.0,0.0,5.4007
721.5,2026-05-06T20:13:27.958355+00:00,83.3008,-0.0255,96.1852,-0.084,0.75,0.0,1500.0,0.0,5.4004
722.0,2026-05-06T20:13:28.457863+00:00,83.3932,-0.0196,96.3737,-0.026,0.75,0.0,1500.0,0.0,5.4002
722.5,2026-05-06T20:13:28.962676+00:00,83.3369,0.0486,96.5187,-0.02,0.75,0.0,1500.0,0.0,5.4001
723.0,2026-05-06T20:13:29.457900+00:00,83.4209,0.0373,96.4912,0.0232,0.75,0.0,1500.0,0.0,5.4
723.5,2026-05-06T20:13:29.957808+00:00,83.231,-0.0349,96.4701,0.0873,0.75,0.0,1500.0,0.0,5.4
724.0,2026-05-06T20:13:30.458034+00:00,83.2122,-0.0905,96.4539,0.0208,0.75,0.0,1500.0,0.0,5.4
724.5,2026-05-06T20:13:30.957952+00:00,83.3251,-0.0059,96.3257,0.0468,0.75,0.0,1500.0,0.0,5.4
725.000804,2026-05-06T20:13:31.465294+00:00,83.4119,-0.0045,96.3892,0.0051,0.75,0.0,1500.0,0.0,5.4
725.500681,2026-05-06T20:13:31.958438+00:00,83.6058,0.1874,95.5818,-0.3123,0.75,0.0,1500.0,0.0,5.4
726.0,2026-05-06T20:13:32.457834+00:00,83.5003,0.144,95.6554,-0.2786,0.75,0.0,1500.0,0.0,5.4
726.5,2026-05-06T20:13:32.958036+00:00,83.292,-0.0166,95.9666,-0.1678,0.75,0.0,1500.0,0.0,5.4
727.000633,2026-05-06T20:13:33.458478+00:00,83.3864,-0.0127,96.2057,-0.0827,0.75,0.0,1500.0,0.0,5.4
727.5,2026-05-06T20:13:33.962136+00:00,83.459,-0.0734,96.2738,-0.0173,0.75,0.0,1500.0,0.0,5.4
728.001216,2026-05-06T20:13:34.459499+00:00,83.2602,-0.1201,96.2104,-0.0596,0.75,0.0,1500.0,0.0,5.4
728.50068,2026-05-06T20:13:34.958449+00:00,83.1074,-0.0923,96.1617,0.1933,0.75,0.0,1500.0,0.0,5.4
729.0,2026-05-06T20:13:35.457872+00:00,83.1173,-0.1346,96.3557,0.2334,0.75,0.0,1500.0,0.0,5.4
729.5,2026-05-06T20:13:35.958023+00:00,83.2521,-0.1034,96.2503,0.0946,0.75,0.0,1500.0,0.0,5.4
730.000624,2026-05-06T20:13:36.464643+00:00,83.3558,0.0478,95.9841,-0.0739,0.75,0.0,1500.0,0.0,5.4
730.5,2026-05-06T20:13:36.957798+00:00,83.69,0.2913,95.8489,-0.1416,0.75,0.0,1500.0,0.0,5.4
731.0,2026-05-06T20:13:37.457858+00:00,83.6923,0.2875,95.8608,-0.1166,0.75,0.0,1500.0,0.0,5.4
731.5,2026-05-06T20:13:37.958866+00:00,83.6941,0.221,95.7541,-0.1359,0.75,0.0,1500.0,0.0,5.4
732.0,2026-05-06T20:13:38.457798+00:00,83.4409,0.0426,96.0424,-0.1044,0.75,0.0,1500.0,0.0,5.4
732.5,2026-05-06T20:13:38.963403+00:00,83.3736,-0.1582,96.2871,0.0123,0.75,0.0,1500.0,0.0,5.4
733.0,2026-05-06T20:13:39.457787+00:00,83.3218,-0.1852,96.4521,0.156,0.75,0.0,1500.0,0.0,5.4
733.5,2026-05-06T20:13:39.958043+00:00,83.4094,-0.1424,96.3475,0.1662,0.75,0.0,1500.0,0.0,5.4
734.0,2026-05-06T20:13:40.457887+00:00,83.4766,0.0179,96.1514,0.0969,0.75,0.0,1500.0,0.0,5.4
734.501026,2026-05-06T20:13:40.959766+00:00,83.5283,0.0774,96.0006,0.0822,0.75,0.0,1500.0,0.0,5.4
735.000026,2026-05-06T20:13:41.464661+00:00,83.568,0.1231,96.0005,-0.014,0.75,0.0,1500.0,0.0,5.4
735.5,2026-05-06T20:13:41.957793+00:00,83.5986,0.0946,95.9772,-0.1033,0.75,0.0,1500.0,0.0,5.4
736.0,2026-05-06T20:13:42.457961+00:00,83.4948,0.0091,96.0751,-0.1257,0.75,0.0,1500.0,0.0,5.4
736.5,2026-05-06T20:13:42.957787+00:00,83.2877,-0.1203,95.9651,-0.1274,0.75,0.0,1500.0,0.0,5.4
737.0,2026-05-06T20:13:43.457950+00:00,83.3831,-0.0925,95.9732,-0.0594,0.75,0.0,1500.0,0.0,5.4
737.5,2026-05-06T20:13:43.967286+00:00,83.2019,-0.1983,95.9794,-0.0071,0.75,0.0,1500.0,0.0,5.4
738.002172,2026-05-06T20:13:44.460085+00:00,83.3172,-0.0888,95.7528,-0.0826,0.75,0.0,1500.0,0.0,5.4
738.5,2026-05-06T20:13:44.957780+00:00,83.533,0.1227,95.9257,-0.0172,0.75,0.0,1500.0,0.0,5.4
739.0,2026-05-06T20:13:45.457806+00:00,83.4444,0.0306,96.29,0.0716,0.75,0.0,1500.0,0.0,5.4
739.5,2026-05-06T20:13:45.957887+00:00,83.3763,0.0872,96.2229,0.0859,0.75,0.0,1500.0,0.0,5.4
740.0,2026-05-06T20:13:46.462481+00:00,83.4512,0.067,96.4027,0.1432,0.75,0.0,1500.0,0.0,5.4
740.5,2026-05-06T20:13:46.957888+00:00,83.3815,-0.0758,96.3095,0.11,0.75,0.0,1500.0,0.0,5.4
741.0,2026-05-06T20:13:47.457821+00:00,83.3279,-0.0582,96.1222,0.1231,0.75,0.0,1500.0,0.0,5.4
741.5,2026-05-06T20:13:47.957802+00:00,83.0322,-0.172,96.441,0.1718,0.75,0.0,1500.0,0.0,5.4
742.0,2026-05-06T20:13:48.457771+00:00,83.0595,-0.1959,96.4547,0.0549,0.75,0.0,1500.0,0.0,5.4
742.502318,2026-05-06T20:13:48.967863+00:00,83.0804,-0.1505,96.2338,0.0036,0.75,0.0,1500.0,0.0,5.4
743.0,2026-05-06T20:13:49.457789+00:00,83.2238,-0.0521,96.064,-0.1129,0.75,0.0,1500.0,0.0,5.4
743.5,2026-05-06T20:13:49.958232+00:00,83.2067,0.0873,96.1417,-0.0559,0.75,0.0,1500.0,0.0,5.4
744.0,2026-05-06T20:13:50.457818+00:00,83.1936,0.0671,96.2015,0.0264,0.75,0.0,1500.0,0.0,5.4
744.5,2026-05-06T20:13:50.957814+00:00,83.1835,0.0515,96.3863,-0.0183,0.75,0.0,1500.0,0.0,5.4
745.0,2026-05-06T20:13:51.462421+00:00,83.1758,-0.024,96.5051,0.0168,0.75,0.0,1500.0,0.0,5.4
745.5,2026-05-06T20:13:51.958023+00:00,83.2971,0.0452,96.2957,0.0206,0.75,0.0,1500.0,0.0,5.4
746.0,2026-05-06T20:13:52.457830+00:00,83.3903,0.0984,96.4587,0.1316,0.75,0.0,1500.0,0.0,5.4
746.50018,2026-05-06T20:13:52.958030+00:00,83.5892,0.2029,96.5839,0.1474,0.75,0.0,1500.0,0.0,5.4
747.0,2026-05-06T20:13:53.459685+00:00,83.6149,0.2196,96.6802,0.1596,0.75,0.0,1500.0,0.0,5.4
747.5,2026-05-06T20:13:53.965606+00:00,83.6346,0.1688,96.5228,0.0455,0.75,0.0,1500.0,0.0,5.4
748.0,2026-05-06T20:13:54.457931+00:00,83.5224,0.0661,96.5407,0.0118,0.75,0.0,1500.0,0.0,5.4
748.501881,2026-05-06T20:13:54.959655+00:00,83.4363,-0.0765,96.4156,0.04,0.75,0.0,1500.0,0.0,5.4
749.0,2026-05-06T20:13:55.457958+00:00,83.4973,-0.0588,96.4351,-0.0079,0.75,0.0,1500.0,0.0,5.4
749.5,2026-05-06T20:13:55.958081+00:00,83.5442,-0.0452,96.3113,-0.0909,0.75,0.0,1500.0,0.0,5.4
750.0,2026-05-06T20:13:56.464131+00:00,83.7075,0.0925,95.9847,-0.2318,0.75,0.0,1500.0,0.0,5.4
750.500453,2026-05-06T20:13:56.958228+00:00,83.7058,0.1348,95.9651,-0.1859,0.75,0.0,1500.0,0.0,5.4
751.0,2026-05-06T20:13:57.457784+00:00,83.8317,0.1672,96.0889,-0.1506,0.75,0.0,1500.0,0.0,5.4
751.5,2026-05-06T20:13:57.957902+00:00,83.8012,0.1285,96.3229,-0.0309,0.75,0.0,1500.0,0.0,5.4
752.0,2026-05-06T20:13:58.457795+00:00,83.5233,-0.0921,96.225,-0.07,0.75,0.0,1500.0,0.0,5.4
752.5,2026-05-06T20:13:58.962967+00:00,83.3096,-0.1981,96.4043,0.031,0.75,0.0,1500.0,0.0,5.4
753.0,2026-05-06T20:13:59.457913+00:00,83.2727,-0.2795,96.3108,0.1087,0.75,0.0,1500.0,0.0,5.4
753.500642,2026-05-06T20:13:59.958498+00:00,83.3716,-0.2148,96.2157,0.0835,0.75,0.0,1500.0,0.0,5.4512
754.0,2026-05-06T20:14:00.457797+00:00,83.4476,-0.0379,96.2584,0.0565,0.75,0.0,1500.0,0.0,5.4762
754.5,2026-05-06T20:14:00.957918+00:00,83.3787,0.0345,96.43,0.0357,0.75,0.0,1500.0,0.0,5.4884
755.0,2026-05-06T20:14:01.463140+00:00,83.3258,0.0265,96.4462,0.0737,0.75,0.0,1500.0,0.0,5.4943
755.5,2026-05-06T20:14:01.958358+00:00,83.4124,0.0204,96.5512,0.049,0.75,0.0,1500.0,0.0,5.446
756.0,2026-05-06T20:14:02.458339+00:00,83.4789,0.0157,96.5162,0.0685,0.75,0.0,1500.0,0.0,5.4225
756.5,2026-05-06T20:14:02.957766+00:00,83.6574,0.1393,96.6282,0.1375,0.75,0.0,1500.0,0.0,5.411
757.0,2026-05-06T20:14:03.457933+00:00,83.6672,0.1707,96.9456,0.2291,0.75,0.0,1500.0,0.0,5.4053
757.5,2026-05-06T20:14:03.965877+00:00,83.6748,0.1312,96.9582,0.1761,0.75,0.0,1500.0,0.0,5.4026
758.0,2026-05-06T20:14:04.457744+00:00,83.8079,0.1645,97.0836,0.2125,0.75,0.0,1500.0,0.0,5.4013
758.5,2026-05-06T20:14:04.958228+00:00,83.9102,0.1264,97.0642,0.171,0.75,0.0,1500.0,0.0,5.4006
759.0,2026-05-06T20:14:05.457747+00:00,83.8616,0.0972,96.9105,0.1314,0.75,0.0,1500.0,0.0,5.4003
759.5,2026-05-06T20:14:05.957943+00:00,83.6969,0.011,96.9312,0.101,0.75,0.0,1500.0,0.0,5.4001
760.0,2026-05-06T20:14:06.467030+00:00,83.6976,-0.0551,97.0628,0.0391,0.75,0.0,1500.0,0.0,5.4001
760.5,2026-05-06T20:14:06.957784+00:00,83.6982,-0.106,96.9326,-0.0085,0.75,0.0,1500.0,0.0,5.4
761.0,2026-05-06T20:14:07.457791+00:00,83.8259,-0.0178,97.0639,-0.0066,0.75,0.0,1500.0,0.0,5.4
761.501745,2026-05-06T20:14:07.959546+00:00,83.7967,0.0499,97.0491,-0.005,0.75,0.0,1500.0,0.0,5.4
762.0,2026-05-06T20:14:08.457776+00:00,83.9016,0.102,97.0377,0.0424,0.75,0.0,1500.0,0.0,5.4
762.5,2026-05-06T20:14:08.964291+00:00,83.9822,0.142,97.1447,0.0712,0.75,0.0,1500.0,0.0,5.4
763.0,2026-05-06T20:14:09.457811+00:00,83.7897,-0.0181,96.9955,-0.0224,0.75,0.0,1500.0,0.0,5.4
763.5,2026-05-06T20:14:09.957754+00:00,83.8962,0.0497,96.9966,0.0213,0.75,0.0,1500.0,0.0,5.4
764.0,2026-05-06T20:14:10.458144+00:00,83.9781,0.0382,96.9742,-0.0299,0.75,0.0,1500.0,0.0,5.4
764.5,2026-05-06T20:14:10.957764+00:00,84.041,0.0294,96.7719,-0.0924,0.75,0.0,1500.0,0.0,5.4
765.0,2026-05-06T20:14:11.462566+00:00,84.0893,0.1498,96.9404,-0.0324,0.75,0.0,1500.0,0.0,5.4
765.5,2026-05-06T20:14:11.957923+00:00,83.9993,0.0515,97.0468,-0.0327,0.75,0.0,1500.0,0.0,5.4
766.0,2026-05-06T20:14:12.457764+00:00,83.8027,-0.0877,96.9202,-0.0251,0.75,0.0,1500.0,0.0,5.4
766.5,2026-05-06T20:14:12.957898+00:00,83.6517,-0.1946,96.9387,-0.0193,0.75,0.0,1500.0,0.0,5.4
767.0,2026-05-06T20:14:13.458218+00:00,83.6629,-0.2132,96.8603,-0.038,0.75,0.0,1500.0,0.0,5.4
767.5,2026-05-06T20:14:13.962391+00:00,83.6715,-0.1639,96.8926,0.0402,0.75,0.0,1500.0,0.0,5.4
768.0,2026-05-06T20:14:14.458101+00:00,83.8053,0.0013,97.0332,0.0309,0.75,0.0,1500.0,0.0,5.4
768.5,2026-05-06T20:14:14.957867+00:00,83.781,0.0646,96.8867,-0.0534,0.75,0.0,1500.0,0.0,5.4
769.0,2026-05-06T20:14:15.457787+00:00,83.8895,0.1133,97.1443,0.0747,0.75,0.0,1500.0,0.0,5.4
769.5,2026-05-06T20:14:15.958060+00:00,83.8456,0.0871,97.2266,0.096,0.75,0.0,1500.0,0.0,5.4
770.0,2026-05-06T20:14:16.464083+00:00,83.6847,-0.0603,97.1742,0.1046,0.75,0.0,1500.0,0.0,5.4
770.5,2026-05-06T20:14:16.957957+00:00,83.6882,-0.0464,97.1339,0.0804,0.75,0.0,1500.0,0.0,5.4512
771.0,2026-05-06T20:14:17.460070+00:00,83.6909,-0.0993,97.2186,0.0618,0.75,0.0,1500.0,0.0,5.4762
771.5,2026-05-06T20:14:17.957779+00:00,83.8203,-0.0127,96.9366,0.0166,0.75,0.0,1500.0,0.0,5.4884
772.0,2026-05-06T20:14:18.457786+00:00,83.9197,0.1175,96.9513,-0.0643,0.75,0.0,1500.0,0.0,5.4943
772.501619,2026-05-06T20:14:18.966568+00:00,83.7416,0.0267,96.8237,-0.1343,0.75,0.0,1500.0,0.0,5.446
773.0,2026-05-06T20:14:19.458103+00:00,83.6047,-0.0431,96.8645,-0.1032,0.75,0.0,1500.0,0.0,5.4737
773.5,2026-05-06T20:14:19.958006+00:00,83.754,-0.0331,96.7802,-0.1179,0.75,0.0,1500.0,0.0,5.4871
774.001866,2026-05-06T20:14:20.459656+00:00,83.7415,-0.0891,96.831,-0.1292,0.75,0.0,1500.0,0.0,5.4937
774.5,2026-05-06T20:14:20.958005+00:00,83.7319,-0.0048,96.8701,-0.0222,0.75,0.0,1500.0,0.0,5.4969
775.0,2026-05-06T20:14:21.465086+00:00,83.7245,0.0599,96.8076,-0.0479,0.75,0.0,1500.0,0.0,5.4985
775.5,2026-05-06T20:14:21.959726+00:00,83.5916,-0.0812,96.8521,0.0095,0.75,0.0,1500.0,0.0,5.4481
776.0,2026-05-06T20:14:22.457777+00:00,83.7439,0.0012,97.0021,0.0458,0.75,0.0,1500.0,0.0,5.4235
776.5,2026-05-06T20:14:22.958053+00:00,83.7338,0.0009,97.1173,0.1124,0.75,0.0,1500.0,0.0,5.4114
777.0,2026-05-06T20:14:23.457746+00:00,83.726,0.0007,96.8356,0.0015,0.75,0.0,1500.0,0.0,5.4056
777.5,2026-05-06T20:14:23.965054+00:00,83.72,0.0642,96.8736,0.0012,0.75,0.0,1500.0,0.0,5.4027
778.0,2026-05-06T20:14:24.457790+00:00,83.7153,-0.0143,96.8797,0.024,0.75,0.0,1500.0,0.0,5.4013
778.5,2026-05-06T20:14:24.957778+00:00,83.8391,0.0526,96.5373,-0.1049,0.75,0.0,1500.0,0.0,5.4006
779.0,2026-05-06T20:14:25.457751+00:00,83.8069,0.0405,96.5287,-0.1578,0.75,0.0,1500.0,0.0,5.4003
779.5,2026-05-06T20:14:25.957771+00:00,83.9094,0.0947,96.7535,-0.1213,0.75,0.0,1500.0,0.0,5.4002
780.000603,2026-05-06T20:14:26.465738+00:00,83.861,0.0728,96.7179,-0.0392,0.75,0.0,1500.0,0.0,5.4001
780.5,2026-05-06T20:14:26.957854+00:00,84.0783,0.1196,96.7601,-0.0379,0.75,0.0,1500.0,0.0,5.4
781.0,2026-05-06T20:14:27.457912+00:00,84.118,0.1556,96.8156,-0.0214,0.75,0.0,1500.0,0.0,5.4
781.500605,2026-05-06T20:14:27.958422+00:00,84.0213,0.0559,96.6269,0.0298,0.75,0.0,1500.0,0.0,5.4
782.0,2026-05-06T20:14:28.458226+00:00,84.2015,0.1703,96.9446,0.1386,0.75,0.0,1500.0,0.0,5.4
782.50174,2026-05-06T20:14:28.967545+00:00,84.2127,0.0672,96.9343,0.0603,0.75,0.0,1500.0,0.0,5.4
783.0,2026-05-06T20:14:29.457772+00:00,84.2213,0.0517,97.0652,0.1157,0.75,0.0,1500.0,0.0,5.4512
783.5,2026-05-06T20:14:29.957941+00:00,84.228,0.1033,96.9344,0.0581,0.75,0.0,1500.0,0.0,5.425
784.0,2026-05-06T20:14:30.457810+00:00,84.3603,0.0794,96.9496,0.0447,0.75,0.0,1500.0,0.0,5.4122
784.5,2026-05-06T20:14:30.957753+00:00,84.3348,0.0611,97.0538,0.1423,0.75,0.0,1500.0,0.0,5.406
785.000362,2026-05-06T20:14:31.466666+00:00,84.4424,0.1106,97.0414,0.0323,0.75,0.0,1500.0,0.0,5.4029
785.50065,2026-05-06T20:14:31.958480+00:00,84.2706,0.0213,97.1475,0.0711,0.75,0.0,1500.0,0.0,5.4526
786.0,2026-05-06T20:14:32.457767+00:00,84.2659,-0.0472,97.2291,0.0546,0.75,0.0,1500.0,0.0,5.4769
786.5,2026-05-06T20:14:32.958071+00:00,84.2622,-0.0363,97.0604,0.042,0.75,0.0,1500.0,0.0,5.4887
787.000526,2026-05-06T20:14:33.458386+00:00,84.2594,-0.0915,97.1621,0.0708,0.75,0.0,1500.0,0.0,5.4945
787.5,2026-05-06T20:14:33.964115+00:00,84.2572,-0.0067,97.2403,0.0622,0.75,0.0,1500.0,0.0,5.4461
788.00217,2026-05-06T20:14:34.460089+00:00,84.1283,-0.0688,97.1847,0.0478,0.75,0.0,1500.0,0.0,5.4737
788.5,2026-05-06T20:14:34.958041+00:00,84.1564,-0.0529,97.0494,-0.0327,0.75,0.0,1500.0,0.0,5.4872
789.0,2026-05-06T20:14:35.457777+00:00,84.1781,-0.0406,97.0148,-0.0714,0.75,0.0,1500.0,0.0,5.4937
789.5,2026-05-06T20:14:35.957817+00:00,84.0675,-0.0949,96.8957,-0.0549,0.75,0.0,1500.0,0.0,5.4969
790.0,2026-05-06T20:14:36.462752+00:00,84.1097,-0.0093,97.0355,-0.0422,0.75,0.0,1500.0,0.0,5.4985
790.5,2026-05-06T20:14:36.957837+00:00,84.1422,-0.0071,97.0273,-0.071,0.75,0.0,1500.0,0.0,5.4481
791.000638,2026-05-06T20:14:37.458474+00:00,84.2944,0.0581,97.1367,-0.016,0.75,0.0,1500.0,0.0,5.4235
791.5,2026-05-06T20:14:37.957947+00:00,84.2841,0.1083,97.1051,0.0186,0.75,0.0,1500.0,0.0,5.4114
792.0,2026-05-06T20:14:38.458481+00:00,84.4035,0.1469,96.965,-0.0166,0.75,0.0,1500.0,0.0,5.4056
792.5,2026-05-06T20:14:38.962521+00:00,84.4952,0.1765,96.8574,-0.0128,0.75,0.0,1500.0,0.0,5.4027
793.0,2026-05-06T20:14:39.458126+00:00,84.4385,0.0721,97.0061,-0.0098,0.75,0.0,1500.0,0.0,5.4525
793.5,2026-05-06T20:14:39.957801+00:00,84.3949,0.0554,97.1204,0.031,0.75,0.0,1500.0,0.0,5.4256
794.0,2026-05-06T20:14:40.457886+00:00,84.3614,-0.0211,97.2082,0.0239,0.75,0.0,1500.0,0.0,5.4125
794.5,2026-05-06T20:14:40.958012+00:00,84.4629,-0.0162,97.1601,0.0183,0.75,0.0,1500.0,0.0,5.4061
795.0,2026-05-06T20:14:41.462990+00:00,84.4136,-0.0124,97.123,0.0527,0.75,0.0,1500.0,0.0,5.403
795.5,2026-05-06T20:14:41.958129+00:00,84.3757,-0.0096,97.2103,0.1176,0.75,0.0,1500.0,0.0,5.4015
796.0,2026-05-06T20:14:42.458107+00:00,84.3466,-0.0074,97.1616,0.0518,0.75,0.0,1500.0,0.0,5.4007
796.500371,2026-05-06T20:14:42.958193+00:00,84.197,-0.1329,97.0085,-0.0373,0.75,0.0,1500.0,0.0,5.4003
797.0,2026-05-06T20:14:43.457775+00:00,84.082,-0.1658,96.8908,-0.1058,0.75,0.0,1500.0,0.0,5.4002
797.500773,2026-05-06T20:14:43.969785+00:00,84.2481,-0.0638,97.0318,-0.0428,0.75,0.0,1500.0,0.0,5.4001
798.0,2026-05-06T20:14:44.457799+00:00,84.2486,-0.049,97.0244,-0.0329,0.75,0.0,1500.0,0.0,5.4
798.5,2026-05-06T20:14:44.958047+00:00,84.2489,0.0259,97.0188,-0.0638,0.75,0.0,1500.0,0.0,5.4
799.002183,2026-05-06T20:14:45.460067+00:00,84.1219,0.0199,97.0144,-0.0491,0.75,0.0,1500.0,0.0,5.4
799.5,2026-05-06T20:14:45.957835+00:00,84.0243,-0.1119,97.1268,0.0394,0.75,0.0,1500.0,0.0,5.4512
800.0,2026-05-06T20:14:46.463370+00:00,84.0765,-0.086,96.9818,0.0303,0.75,0.0,1500.0,0.0,5.4762
800.5,2026-05-06T20:14:46.957792+00:00,84.1166,-0.0661,96.8703,-0.0538,0.75,0.0,1500.0,0.0,5.4884
801.0,2026-05-06T20:14:47.457819+00:00,84.1475,0.0128,97.1317,0.0358,0.75,0.0,1500.0,0.0,5.4943
801.5,2026-05-06T20:14:47.957870+00:00,84.044,0.0098,97.2169,0.066,0.75,0.0,1500.0,0.0,5.4972
802.0,2026-05-06T20:14:48.457774+00:00,83.9644,-0.0561,97.1436,0.043,0.75,0.0,1500.0,0.0,5.4986
802.5,2026-05-06T20:14:48.962577+00:00,84.1577,0.0205,97.3418,0.0717,0.75,0.0,1500.0,0.0,5.4993
803.0,2026-05-06T20:14:49.459726+00:00,84.0518,-0.0478,97.2627,0.0936,0.75,0.0,1500.0,0.0,5.4997
803.5,2026-05-06T20:14:49.957785+00:00,84.0977,0.0269,97.2019,0.1105,0.75,0.0,1500.0,0.0,5.4998
804.0,2026-05-06T20:14:50.457884+00:00,84.1329,0.0843,97.0163,-0.0385,0.75,0.0,1500.0,0.0,5.4999
804.500508,2026-05-06T20:14:50.958284+00:00,84.2873,0.0648,96.8969,-0.1067,0.75,0.0,1500.0,0.0,5.5
805.0,2026-05-06T20:14:51.463565+00:00,84.2787,0.1134,96.9207,-0.0743,0.75,0.0,1500.0,0.0,5.5
805.5,2026-05-06T20:14:51.957824+00:00,84.1448,0.0235,97.0548,-0.0957,0.75,0.0,1500.0,0.0,5.4488
806.001068,2026-05-06T20:14:52.458852+00:00,83.9146,-0.1092,96.695,-0.1892,0.75,0.0,1500.0,0.0,5.4238
806.5,2026-05-06T20:14:52.957915+00:00,84.1195,-0.0839,96.6267,-0.1917,0.75,0.0,1500.0,0.0,5.4116
807.0,2026-05-06T20:14:53.457870+00:00,84.1497,-0.0645,96.7131,-0.1011,0.75,0.0,1500.0,0.0,5.4057
807.5,2026-05-06T20:14:53.963168+00:00,84.0456,-0.0496,96.5481,-0.1163,0.75,0.0,1500.0,0.0,5.4028
808.0,2026-05-06T20:14:54.457779+00:00,84.0929,0.0892,96.6527,-0.0894,0.75,0.0,1500.0,0.0,5.4014
808.5,2026-05-06T20:14:54.957850+00:00,84.1293,0.0049,96.6173,-0.1458,0.75,0.0,1500.0,0.0,5.4007
809.0,2026-05-06T20:14:55.457900+00:00,84.1572,0.0038,96.3588,-0.1121,0.75,0.0,1500.0,0.0,5.4003
809.5,2026-05-06T20:14:55.957790+00:00,84.3059,0.1302,96.3683,-0.0861,0.75,0.0,1500.0,0.0,5.4002
810.0,2026-05-06T20:14:56.462541+00:00,84.293,0.1,96.5145,-0.0662,0.75,0.0,1500.0,0.0,5.4001
810.5,2026-05-06T20:14:56.959704+00:00,84.283,0.0769,96.3954,-0.0509,0.75,0.0,1500.0,0.0,5.4512
811.0,2026-05-06T20:14:57.457842+00:00,84.2754,0.0591,96.5353,-0.0391,0.75,0.0,1500.0,0.0,5.425
811.5,2026-05-06T20:14:57.957830+00:00,84.2695,-0.0182,96.7586,0.0471,0.75,0.0,1500.0,0.0,5.4122
812.0,2026-05-06T20:14:58.457955+00:00,84.1377,-0.0776,96.7219,0.121,0.75,0.0,1500.0,0.0,5.406
812.5,2026-05-06T20:14:58.962777+00:00,84.291,0.004,96.9019,0.1779,0.75,0.0,1500.0,0.0,5.4029
813.0,2026-05-06T20:14:59.457778+00:00,84.2815,0.003,96.9246,0.1367,0.75,0.0,1500.0,0.0,5.4014
813.500643,2026-05-06T20:14:59.958477+00:00,84.4015,0.066,96.9421,0.1822,0.75,0.0,1500.0,0.0,5.4007
814.0,2026-05-06T20:15:00.457770+00:00,84.3664,0.1143,97.0712,0.1786,0.75,0.0,1500.0,0.0,5.4003
814.502658,2026-05-06T20:15:00.960814+00:00,84.3395,0.0243,96.939,0.0601,0.75,0.0,1500.0,0.0,5.4002
815.000513,2026-05-06T20:15:01.462630+00:00,84.446,0.0823,97.0688,0.1156,0.75,0.0,1500.0,0.0,5.4001
815.5,2026-05-06T20:15:01.957817+00:00,84.2734,-0.064,97.0529,0.0503,0.75,0.0,1500.0,0.0,5.4512
816.0,2026-05-06T20:15:02.459719+00:00,84.3953,0.0144,97.0407,0.0387,0.75,0.0,1500.0,0.0,5.4762
816.5,2026-05-06T20:15:02.957736+00:00,84.3617,0.0111,97.2626,0.1069,0.75,0.0,1500.0,0.0,5.4884
817.0,2026-05-06T20:15:03.458139+00:00,84.3358,-0.0551,97.063,-0.0027,0.75,0.0,1500.0,0.0,5.4431
817.5,2026-05-06T20:15:03.962961+00:00,84.4432,0.0849,96.9327,-0.0021,0.75,0.0,1500.0,0.0,5.421
818.0,2026-05-06T20:15:04.457782+00:00,84.3985,0.0016,96.8326,-0.0787,0.75,0.0,1500.0,0.0,5.4615
818.5,2026-05-06T20:15:04.957829+00:00,84.3641,0.0012,96.8713,-0.0605,0.75,0.0,1500.0,0.0,5.4812
819.0,2026-05-06T20:15:05.458461+00:00,84.465,0.0646,96.6697,-0.1236,0.75,0.0,1500.0,0.0,5.4908
819.5,2026-05-06T20:15:05.957768+00:00,84.288,-0.0776,96.8618,-0.1336,0.75,0.0,1500.0,0.0,5.4955
820.0,2026-05-06T20:15:06.463221+00:00,84.1519,-0.1233,96.9864,-0.0256,0.75,0.0,1500.0,0.0,5.4978
820.5,2026-05-06T20:15:06.957756+00:00,84.1746,-0.0948,96.7813,-0.0505,0.75,0.0,1500.0,0.0,5.4477
821.0,2026-05-06T20:15:07.458162+00:00,84.3193,-0.0728,96.9244,0.0306,0.75,0.0,1500.0,0.0,5.4233
821.503022,2026-05-06T20:15:07.960900+00:00,84.3033,0.0077,97.0576,0.0621,0.75,0.0,1500.0,0.0,5.4114
822.0,2026-05-06T20:15:08.457757+00:00,84.4182,0.1332,96.8129,0.0477,0.75,0.0,1500.0,0.0,5.4055
822.5,2026-05-06T20:15:08.963924+00:00,84.6338,0.2296,96.9719,0.0367,0.75,0.0,1500.0,0.0,5.4027
823.0,2026-05-06T20:15:09.457916+00:00,84.4177,0.0492,96.8627,-0.0412,0.75,0.0,1500.0,0.0,5.4013
823.500483,2026-05-06T20:15:09.958322+00:00,84.5062,0.1015,96.6631,-0.0394,0.75,0.0,1500.0,0.0,5.4006
824.0,2026-05-06T20:15:10.457767+00:00,84.5742,0.078,96.6253,-0.0997,0.75,0.0,1500.0,0.0,5.4003
824.5,2026-05-06T20:15:10.957796+00:00,84.6264,-0.0037,96.712,-0.1152,0.75,0.0,1500.0,0.0,5.4002
825.000449,2026-05-06T20:15:11.464554+00:00,84.5393,0.0608,96.4316,-0.1271,0.75,0.0,1500.0,0.0,5.4001
825.5,2026-05-06T20:15:11.958022+00:00,84.3451,-0.0805,96.6788,-0.0977,0.75,0.0,1500.0,0.0,5.4
826.0,2026-05-06T20:15:12.459768+00:00,84.1958,-0.1892,96.6374,-0.0751,0.75,0.0,1500.0,0.0,5.4
826.5,2026-05-06T20:15:12.957792+00:00,84.3356,-0.1454,96.837,0.058,0.75,0.0,1500.0,0.0,5.4
827.0,2026-05-06T20:15:13.458038+00:00,84.5704,0.0155,96.8747,0.0831,0.75,0.0,1500.0,0.0,5.4
827.5,2026-05-06T20:15:13.965260+00:00,84.4962,0.0756,96.788,0.0253,0.75,0.0,1500.0,0.0,5.4
828.0,2026-05-06T20:15:14.457902+00:00,84.4393,0.1217,97.0685,0.2123,0.75,0.0,1500.0,0.0,5.4
828.5,2026-05-06T20:15:14.958024+00:00,84.65,0.1572,97.1683,0.1632,0.75,0.0,1500.0,0.0,5.4
829.0,2026-05-06T20:15:15.457867+00:00,84.6847,0.0572,97.1294,0.164,0.75,0.0,1500.0,0.0,5.4
829.5,2026-05-06T20:15:15.957786+00:00,84.7114,0.1076,97.2151,0.126,0.75,0.0,1500.0,0.0,5.4
830.0,2026-05-06T20:15:16.463982+00:00,84.6046,0.0827,97.1654,0.0969,0.75,0.0,1500.0,0.0,5.4
830.500062,2026-05-06T20:15:16.957850+00:00,84.6498,-0.0001,97.0114,0.0745,0.75,0.0,1500.0,0.0,5.4
831.0,2026-05-06T20:15:17.457836+00:00,84.9391,0.1272,97.1245,0.0187,0.75,0.0,1500.0,0.0,5.4
831.500775,2026-05-06T20:15:17.958575+00:00,84.7797,0.0341,96.98,-0.0628,0.75,0.0,1500.0,0.0,5.4
832.000165,2026-05-06T20:15:18.457988+00:00,84.6571,0.0262,97.1003,-0.0097,0.75,0.0,1500.0,0.0,5.4
832.5,2026-05-06T20:15:18.966137+00:00,84.5629,-0.0435,96.9382,-0.0923,0.75,0.0,1500.0,0.0,5.4
833.0,2026-05-06T20:15:19.457775+00:00,84.3632,-0.288,96.7443,-0.1404,0.75,0.0,1500.0,0.0,5.4
833.5,2026-05-06T20:15:19.957910+00:00,84.2098,-0.285,96.9192,-0.0307,0.75,0.0,1500.0,0.0,5.4
834.0,2026-05-06T20:15:20.457781+00:00,84.3463,-0.1554,96.9379,-0.0622,0.75,0.0,1500.0,0.0,5.4
834.5,2026-05-06T20:15:20.957757+00:00,84.324,-0.1194,96.8365,-0.0478,0.75,0.0,1500.0,0.0,5.4
835.0,2026-05-06T20:15:21.463640+00:00,84.4342,0.0355,96.8744,-0.0753,0.75,0.0,1500.0,0.0,5.4
835.5,2026-05-06T20:15:21.957884+00:00,84.3916,0.0909,96.996,0.0192,0.75,0.0,1500.0,0.0,5.4512
836.0,2026-05-06T20:15:22.457752+00:00,84.4861,0.0699,96.8812,0.0456,0.75,0.0,1500.0,0.0,5.4762
836.5,2026-05-06T20:15:22.957778+00:00,84.686,0.181,96.8856,-0.0112,0.75,0.0,1500.0,0.0,5.4372
837.00018,2026-05-06T20:15:23.458462+00:00,84.7124,0.1391,96.7963,-0.0472,0.75,0.0,1500.0,0.0,5.4181
837.5,2026-05-06T20:15:23.963709+00:00,84.2236,-0.084,96.4964,-0.1134,0.75,0.0,1500.0,0.0,5.4089
838.0,2026-05-06T20:15:24.457774+00:00,84.2297,-0.1282,96.289,-0.1951,0.75,0.0,1500.0,0.0,5.4043
838.5,2026-05-06T20:15:24.957929+00:00,84.3617,-0.1622,96.4303,-0.1885,0.75,0.0,1500.0,0.0,5.4021
839.00042,2026-05-06T20:15:25.458196+00:00,84.4631,-0.1246,96.3076,-0.1912,0.75,0.0,1500.0,0.0,5.401
839.5,2026-05-06T20:15:25.958276+00:00,84.4138,0.0951,96.4678,-0.1392,0.75,0.0,1500.0,0.0,5.4005
840.0,2026-05-06T20:15:26.463958+00:00,84.5032,0.1367,96.4521,-0.1147,0.75,0.0,1500.0,0.0,5.4002
840.5,2026-05-06T20:15:26.957761+00:00,84.4446,0.0415,96.4864,-0.0033,0.75,0.0,1500.0,0.0,5.4001
841.0,2026-05-06T20:15:27.458222+00:00,84.5268,0.0319,96.5821,0.0977,0.75,0.0,1500.0,0.0,5.4001
841.502198,2026-05-06T20:15:27.959971+00:00,84.59,0.0881,96.4474,0.0057,0.75,0.0,1500.0,0.0,5.4
842.0,2026-05-06T20:15:28.457796+00:00,84.7659,0.1314,96.4596,0.0506,0.75,0.0,1500.0,0.0,5.4
842.5,2026-05-06T20:15:28.964019+00:00,84.7738,0.1646,96.3532,-0.0382,0.75,0.0,1500.0,0.0,5.4
843.0,2026-05-06T20:15:29.458096+00:00,84.7798,0.1265,96.5029,0.0169,0.75,0.0,1500.0,0.0,5.4
843.500651,2026-05-06T20:15:29.958486+00:00,84.7845,0.0972,96.2477,-0.0796,0.75,0.0,1500.0,0.0,5.4
844.0,2026-05-06T20:15:30.457764+00:00,84.7881,0.0111,96.5375,-0.0149,0.75,0.0,1500.0,0.0,5.4
844.5,2026-05-06T20:15:30.957748+00:00,84.9181,0.0722,96.39,-0.0191,0.75,0.0,1500.0,0.0,5.4
845.0,2026-05-06T20:15:31.463037+00:00,85.0181,0.1191,96.3923,-0.0224,0.75,0.0,1500.0,0.0,5.4
845.5,2026-05-06T20:15:31.958023+00:00,84.9676,0.0915,96.5098,0.0522,0.75,0.0,1500.0,0.0,5.4512
846.0,2026-05-06T20:15:32.457795+00:00,84.9288,0.0704,96.6232,0.0401,0.75,0.0,1500.0,0.0,5.4762
846.5,2026-05-06T20:15:32.957778+00:00,84.899,-0.0096,96.4559,0.0694,0.75,0.0,1500.0,0.0,5.4884
847.0,2026-05-06T20:15:33.457971+00:00,85.0034,-0.0073,96.5818,0.0148,0.75,0.0,1500.0,0.0,5.4943
847.5,2026-05-06T20:15:33.965337+00:00,85.0836,0.058,96.586,0.0653,0.75,0.0,1500.0,0.0,5.446
848.0,2026-05-06T20:15:34.457768+00:00,85.018,0.0446,96.4504,0.0194,0.75,0.0,1500.0,0.0,5.4737
848.5,2026-05-06T20:15:34.957807+00:00,85.0948,0.0979,96.6933,0.0612,0.75,0.0,1500.0,0.0,5.4359
849.0,2026-05-06T20:15:35.458010+00:00,85.0266,0.0116,96.7642,0.047,0.75,0.0,1500.0,0.0,5.4175
849.5,2026-05-06T20:15:35.957935+00:00,84.9741,-0.0547,96.9345,0.1595,0.75,0.0,1500.0,0.0,5.4086
850.0,2026-05-06T20:15:36.566069+00:00,84.8066,-0.1057,97.0654,0.1612,0.75,0.0,1500.0,0.0,5.4042
850.5,2026-05-06T20:15:36.957802+00:00,84.9323,-0.0812,96.9114,0.1085,0.75,0.0,1500.0,0.0,5.402
851.0,2026-05-06T20:15:37.458012+00:00,84.9017,-0.0624,97.0476,0.1991,0.75,0.0,1500.0,0.0,5.401
851.5,2026-05-06T20:15:37.957791+00:00,84.7509,-0.1116,97.0366,0.1144,0.75,0.0,1500.0,0.0,5.4005
852.0,2026-05-06T20:15:38.457989+00:00,84.8895,0.0415,97.0281,0.088,0.75,0.0,1500.0,0.0,5.4002
852.5,2026-05-06T20:15:38.962393+00:00,84.9961,0.0319,97.1142,0.0599,0.75,0.0,1500.0,0.0,5.4001
853.000598,2026-05-06T20:15:39.458726+00:00,84.9507,0.0245,97.0878,0.0075,0.75,0.0,1500.0,0.0,5.4001
853.5,2026-05-06T20:15:39.958035+00:00,85.0431,0.1461,97.0674,0.052,0.75,0.0,1500.0,0.0,5.4
854.0,2026-05-06T20:15:40.457809+00:00,85.1141,0.1123,97.0518,0.0014,0.75,0.0,1500.0,0.0,5.4
854.5,2026-05-06T20:15:40.957758+00:00,84.9142,-0.041,96.9241,-0.0375,0.75,0.0,1500.0,0.0,5.4
855.0,2026-05-06T20:15:41.463164+00:00,85.015,0.0322,96.9648,-0.0211,0.75,0.0,1500.0,0.0,5.4
855.5,2026-05-06T20:15:41.957785+00:00,84.9653,-0.0389,96.973,-0.0471,0.75,0.0,1500.0,0.0,5.4
856.0,2026-05-06T20:15:42.457814+00:00,84.7998,-0.1572,96.8635,-0.0747,0.75,0.0,1500.0,0.0,5.4
856.5,2026-05-06T20:15:42.957768+00:00,84.7998,-0.0572,96.872,-0.0652,0.75,0.0,1500.0,0.0,5.4
857.0,2026-05-06T20:15:43.458013+00:00,85.0544,0.0197,96.7628,-0.0964,0.75,0.0,1500.0,0.0,5.4
857.5,2026-05-06T20:15:43.962883+00:00,84.9955,0.0151,96.702,-0.0741,0.75,0.0,1500.0,0.0,5.4
858.0,2026-05-06T20:15:44.457879+00:00,84.9503,0.0753,96.7709,-0.0646,0.75,0.0,1500.0,0.0,5.4
858.5,2026-05-06T20:15:44.958051+00:00,84.9155,0.0578,96.6851,-0.096,0.75,0.0,1500.0,0.0,5.4
859.000469,2026-05-06T20:15:45.458325+00:00,84.7615,-0.1464,96.5266,-0.1123,0.75,0.0,1500.0,0.0,5.4
859.5,2026-05-06T20:15:45.957783+00:00,84.6431,-0.1762,96.6361,-0.0786,0.75,0.0,1500.0,0.0,5.4
860.001801,2026-05-06T20:15:46.465084+00:00,84.6794,-0.1354,96.836,0.0244,0.75,0.0,1500.0,0.0,5.4
860.5,2026-05-06T20:15:46.957817+00:00,84.7073,-0.1041,96.7583,0.0188,0.75,0.0,1500.0,0.0,5.4
861.0,2026-05-06T20:15:47.457908+00:00,84.8561,0.0473,96.9299,0.053,0.75,0.0,1500.0,0.0,5.4
861.5,2026-05-06T20:15:47.957773+00:00,84.7158,0.0363,96.8304,0.0484,0.75,0.0,1500.0,0.0,5.4
862.0,2026-05-06T20:15:48.457816+00:00,84.7353,0.0279,96.754,0.0758,0.75,0.0,1500.0,0.0,5.4
862.5,2026-05-06T20:15:49.065595+00:00,84.8775,0.0851,96.8109,0.0583,0.75,0.0,1500.0,0.0,5.4
863.0,2026-05-06T20:15:49.459700+00:00,84.7323,-0.0619,96.6464,-0.0632,0.75,0.0,1500.0,0.0,5.4
863.5,2026-05-06T20:15:49.957797+00:00,84.6207,-0.0475,96.7051,-0.0177,0.75,0.0,1500.0,0.0,5.4
864.0,2026-05-06T20:15:50.457832+00:00,84.7895,0.0271,96.889,-0.0136,0.75,0.0,1500.0,0.0,5.4
864.50059,2026-05-06T20:15:50.958745+00:00,84.9192,0.0208,96.6833,-0.049,0.75,0.0,1500.0,0.0,5.4
865.0,2026-05-06T20:15:51.467002+00:00,84.8916,0.0796,96.7797,0.0086,0.75,0.0,1500.0,0.0,5.4
865.5,2026-05-06T20:15:51.957847+00:00,84.8704,0.1248,96.8307,0.0066,0.75,0.0,1500.0,0.0,5.4512
866.0,2026-05-06T20:15:52.458011+00:00,85.1087,0.1596,96.6385,-0.0026,0.75,0.0,1500.0,0.0,5.4762
866.5,2026-05-06T20:15:52.957730+00:00,85.1645,0.1227,96.7221,0.0057,0.75,0.0,1500.0,0.0,5.4884
867.0,2026-05-06T20:15:53.458200+00:00,85.0802,0.0943,96.6476,-0.0805,0.75,0.0,1500.0,0.0,5.4943
867.5,2026-05-06T20:15:53.963325+00:00,85.1426,0.1361,96.382,-0.1004,0.75,0.0,1500.0,0.0,5.4972
868.001007,2026-05-06T20:15:54.458769+00:00,84.936,-0.0863,96.2705,-0.1697,0.75,0.0,1500.0,0.0,5.4474
868.5,2026-05-06T20:15:54.957887+00:00,84.7773,-0.1936,96.3236,-0.169,0.75,0.0,1500.0,0.0,5.4232
869.0,2026-05-06T20:15:55.457809+00:00,84.6553,-0.2124,96.457,-0.0605,0.75,0.0,1500.0,0.0,5.4113
869.5,2026-05-06T20:15:55.957834+00:00,84.816,-0.1633,96.5826,-0.0465,0.75,0.0,1500.0,0.0,5.4055
870.0,2026-05-06T20:15:56.463316+00:00,84.8123,-0.0619,96.7949,0.0491,0.75,0.0,1500.0,0.0,5.4027
870.500754,2026-05-06T20:15:56.958559+00:00,84.8095,0.0161,96.5878,0.0686,0.75,0.0,1500.0,0.0,5.4013
871.0,2026-05-06T20:15:57.457790+00:00,84.9346,0.1396,96.5675,0.099,0.75,0.0,1500.0,0.0,5.4006
871.5,2026-05-06T20:15:57.957746+00:00,84.7761,-0.0199,96.5287,0.0684,0.75,0.0,1500.0,0.0,5.4003
872.001679,2026-05-06T20:15:58.459466+00:00,84.9089,0.0483,96.2676,-0.0631,0.75,0.0,1500.0,0.0,5.4002
872.5,2026-05-06T20:15:58.962854+00:00,84.8837,0.0371,96.3213,-0.0871,0.75,0.0,1500.0,0.0,5.4001
873.0,2026-05-06T20:15:59.457887+00:00,84.9916,0.0285,96.4784,-0.1055,0.75,0.0,1500.0,0.0,5.4
873.500773,2026-05-06T20:15:59.958568+00:00,85.0746,0.1492,96.5759,-0.004,0.75,0.0,1500.0,0.0,5.4
874.000483,2026-05-06T20:16:00.458244+00:00,85.1383,0.1147,96.5815,0.0047,0.75,0.0,1500.0,0.0,5.4
874.500005,2026-05-06T20:16:00.957848+00:00,85.1873,0.1518,96.5395,0.0036,0.75,0.0,1500.0,0.0,5.4
875.0,2026-05-06T20:16:01.566802+00:00,85.0977,0.053,96.4147,0.049,0.75,0.0,1500.0,0.0,5.4
875.5,2026-05-06T20:16:01.957837+00:00,84.9015,-0.0865,96.3187,-0.0009,0.75,0.0,1500.0,0.0,5.4
876.0,2026-05-06T20:16:02.458024+00:00,85.1326,-0.0029,96.3607,-0.0392,0.75,0.0,1500.0,0.0,5.4
876.5,2026-05-06T20:16:02.957819+00:00,84.9283,-0.1295,96.3698,-0.0687,0.75,0.0,1500.0,0.0,5.4
877.0,2026-05-06T20:16:03.457978+00:00,85.0259,-0.0359,96.3999,-0.0605,0.75,0.0,1500.0,0.0,5.4
877.5,2026-05-06T20:16:03.964306+00:00,84.8464,-0.0276,96.5388,-0.0002,0.75,0.0,1500.0,0.0,5.4
878.0,2026-05-06T20:16:04.457904+00:00,84.9629,-0.0848,96.391,-0.0079,0.75,0.0,1500.0,0.0,5.4
878.5,2026-05-06T20:16:04.957911+00:00,84.9252,-0.0016,96.5087,0.0633,0.75,0.0,1500.0,0.0,5.4
879.000013,2026-05-06T20:16:05.457862+00:00,84.8962,-0.0648,96.5067,0.0487,0.75,0.0,1500.0,0.0,5.4
879.50205,2026-05-06T20:16:05.959812+00:00,85.0012,0.0774,96.1349,-0.0783,0.75,0.0,1500.0,0.0,5.4
880.0,2026-05-06T20:16:06.462829+00:00,84.9547,-0.0041,96.1963,-0.0679,0.75,0.0,1500.0,0.0,5.4
880.5,2026-05-06T20:16:06.957825+00:00,85.0462,0.0605,96.2665,-0.0907,0.75,0.0,1500.0,0.0,5.4
881.000452,2026-05-06T20:16:07.458244+00:00,84.9892,0.0465,96.4363,0.0151,0.75,0.0,1500.0,0.0,5.4
881.5,2026-05-06T20:16:07.957779+00:00,85.0727,0.0357,96.3122,-0.0655,0.75,0.0,1500.0,0.0,5.4
882.0,2026-05-06T20:16:08.457814+00:00,85.1369,0.0911,96.2399,-0.0889,0.75,0.0,1500.0,0.0,5.4
882.5,2026-05-06T20:16:08.964590+00:00,85.1862,0.07,96.0687,-0.0221,0.75,0.0,1500.0,0.0,5.4
883.0,2026-05-06T20:16:09.457767+00:00,84.9695,-0.0098,96.1454,-0.017,0.75,0.0,1500.0,0.0,5.4
883.5,2026-05-06T20:16:09.957782+00:00,84.9303,-0.0712,96.0886,-0.0593,0.75,0.0,1500.0,0.0,5.4
884.0,2026-05-06T20:16:10.457891+00:00,84.9002,-0.1183,96.045,-0.1304,0.75,0.0,1500.0,0.0,5.4
884.500626,2026-05-06T20:16:10.958476+00:00,85.1315,-0.0273,96.0114,-0.1003,0.75,0.0,1500.0,0.0,5.4
885.0,2026-05-06T20:16:11.462554+00:00,85.0548,0.0426,96.0088,-0.0771,0.75,0.0,1500.0,0.0,5.4
885.5,2026-05-06T20:16:11.957885+00:00,85.1231,0.0964,96.3538,0.095,0.75,0.0,1500.0,0.0,5.4
886.0,2026-05-06T20:16:12.457767+00:00,85.3029,0.2014,96.5034,0.1193,0.75,0.0,1500.0,0.0,5.4
886.5,2026-05-06T20:16:12.957773+00:00,85.4411,0.1548,96.734,0.2151,0.75,0.0,1500.0,0.0,5.4
887.002174,2026-05-06T20:16:13.460089+00:00,85.2927,0.119,96.7955,0.2502,0.75,0.0,1500.0,0.0,5.4
887.5,2026-05-06T20:16:13.962666+00:00,85.306,0.0914,96.8429,0.2771,0.75,0.0,1500.0,0.0,5.4
888.0,2026-05-06T20:16:14.457779+00:00,85.3162,0.0066,96.7404,0.2439,0.75,0.0,1500.0,0.0,5.4
888.502161,2026-05-06T20:16:14.960060+00:00,85.324,-0.0585,96.6848,0.1103,0.75,0.0,1500.0,0.0,5.4
889.0,2026-05-06T20:16:15.457973+00:00,85.2027,-0.045,96.642,0.0462,0.75,0.0,1500.0,0.0,5.4
889.5,2026-05-06T20:16:15.957751+00:00,85.2368,-0.0346,96.7248,-0.003,0.75,0.0,1500.0,0.0,5.4512
890.0,2026-05-06T20:16:16.465190+00:00,85.1357,-0.0902,96.4414,-0.118,0.75,0.0,1500.0,0.0,5.4762
890.5,2026-05-06T20:16:16.957866+00:00,84.9308,-0.1966,96.4318,-0.137,0.75,0.0,1500.0,0.0,5.4884
891.0,2026-05-06T20:16:17.457890+00:00,84.9005,-0.1511,96.3319,-0.1362,0.75,0.0,1500.0,0.0,5.4943
891.502157,2026-05-06T20:16:17.960062+00:00,84.8773,-0.1798,96.2551,-0.1432,0.75,0.0,1500.0,0.0,5.4972
892.0,2026-05-06T20:16:18.457854+00:00,84.9866,-0.0745,96.4275,-0.0715,0.75,0.0,1500.0,0.0,5.4986
892.5,2026-05-06T20:16:18.964637+00:00,85.198,0.1336,96.3286,-0.1321,0.75,0.0,1500.0,0.0,5.4993
893.000174,2026-05-06T20:16:19.458669+00:00,85.2332,0.1663,95.998,-0.1478,0.75,0.0,1500.0,0.0,5.4997
893.5,2026-05-06T20:16:19.957847+00:00,85.3875,0.2551,96.1142,-0.1059,0.75,0.0,1500.0,0.0,5.4486
894.0,2026-05-06T20:16:20.457776+00:00,85.3788,0.1961,95.972,-0.12,0.75,0.0,1500.0,0.0,5.4237
894.5,2026-05-06T20:16:20.958297+00:00,85.4994,0.1507,95.9785,-0.0922,0.75,0.0,1500.0,0.0,5.4116
895.0,2026-05-06T20:16:21.463579+00:00,85.4648,0.1158,95.9835,-0.148,0.75,0.0,1500.0,0.0,5.4057
895.5,2026-05-06T20:16:21.957757+00:00,85.311,-0.0382,96.103,-0.0752,0.75,0.0,1500.0,0.0,5.4028
896.0,2026-05-06T20:16:22.457904+00:00,85.1927,-0.093,96.1717,0.0579,0.75,0.0,1500.0,0.0,5.4013
896.500639,2026-05-06T20:16:22.958480+00:00,85.1019,-0.1988,96.1089,-0.0018,0.75,0.0,1500.0,0.0,5.4007
897.0,2026-05-06T20:16:23.457848+00:00,85.1593,-0.1528,95.9448,-0.0091,0.75,0.0,1500.0,0.0,5.4003
897.5,2026-05-06T20:16:23.962870+00:00,85.2034,-0.0538,96.3047,0.1087,0.75,0.0,1500.0,0.0,5.4002
898.0,2026-05-06T20:16:24.459552+00:00,85.1101,-0.0413,96.1185,0.045,0.75,0.0,1500.0,0.0,5.4001
898.5,2026-05-06T20:16:24.958142+00:00,85.1656,0.0319,96.2068,0.0346,0.75,0.0,1500.0,0.0,5.4
899.0,2026-05-06T20:16:25.457785+00:00,85.081,-0.0391,95.9275,-0.0814,0.75,0.0,1500.0,0.0,5.4
899.500597,2026-05-06T20:16:25.958718+00:00,85.016,-0.0937,95.9443,-0.0549,0.75,0.0,1500.0,0.0,5.4
900.0,2026-05-06T20:16:26.464692+00:00,85.0933,-0.0084,96.1886,0.0813,0.75,0.0,1500.0,0.0,5.4
900.5,2026-05-06T20:16:26.957829+00:00,85.0254,-0.0701,96.3532,0.0162,0.75,0.0,1500.0,0.0,5.4
901.000668,2026-05-06T20:16:27.458437+00:00,84.846,-0.1175,96.6186,0.1667,0.75,0.0,1500.0,0.0,5.4
901.5,2026-05-06T20:16:27.957841+00:00,84.9626,-0.0267,96.4754,0.0896,0.75,0.0,1500.0,0.0,5.4
902.0,2026-05-06T20:16:28.458016+00:00,85.0522,-0.0205,96.5968,0.2231,0.75,0.0,1500.0,0.0,5.4
902.5,2026-05-06T20:16:28.965043+00:00,85.1211,0.0479,96.343,0.1329,0.75,0.0,1500.0,0.0,5.4
903.0,2026-05-06T20:16:29.457794+00:00,85.1741,0.1641,96.495,0.1022,0.75,0.0,1500.0,0.0,5.4
903.5,2026-05-06T20:16:29.957818+00:00,85.2148,0.1261,96.473,0.0399,0.75,0.0,1500.0,0.0,5.4
904.0,2026-05-06T20:16:30.457756+00:00,85.2461,0.0969,96.4793,-0.0464,0.75,0.0,1500.0,0.0,5.4
904.5,2026-05-06T20:16:30.957772+00:00,85.2701,0.0745,96.4609,-0.0048,0.75,0.0,1500.0,0.0,5.4
905.0,2026-05-06T20:16:31.465784+00:00,85.1613,-0.0064,96.4468,-0.05,0.75,0.0,1500.0,0.0,5.4
905.502158,2026-05-06T20:16:31.960055+00:00,85.0777,-0.0685,96.0195,-0.1078,0.75,0.0,1500.0,0.0,5.4
906.0,2026-05-06T20:16:32.457765+00:00,85.1407,-0.0527,96.1075,-0.1292,0.75,0.0,1500.0,0.0,5.4
906.5,2026-05-06T20:16:32.957807+00:00,85.1892,-0.0405,96.3372,-0.0453,0.75,0.0,1500.0,0.0,5.4
907.0,2026-05-06T20:16:33.457774+00:00,85.2264,0.0325,96.236,-0.0811,0.75,0.0,1500.0,0.0,5.4
907.500321,2026-05-06T20:16:33.962757+00:00,85.1277,0.025,96.4128,-0.016,0.75,0.0,1500.0,0.0,5.4
908.0,2026-05-06T20:16:34.458017+00:00,85.1792,0.0192,96.3173,-0.0432,0.75,0.0,1500.0,0.0,5.4
908.501761,2026-05-06T20:16:34.959535+00:00,85.0914,-0.0489,96.3364,0.1056,0.75,0.0,1500.0,0.0,5.4
909.0,2026-05-06T20:16:35.457794+00:00,85.1513,-0.0376,96.2586,0.0503,0.75,0.0,1500.0,0.0,5.4
909.5,2026-05-06T20:16:35.957833+00:00,85.07,-0.0289,96.1756,-0.0539,0.75,0.0,1500.0,0.0,5.4
910.002195,2026-05-06T20:16:36.467549+00:00,85.262,0.0414,96.2738,0.0126,0.75,0.0,1500.0,0.0,5.4
910.5,2026-05-06T20:16:36.957813+00:00,85.2824,0.0955,96.3261,-0.0289,0.75,0.0,1500.0,0.0,5.4512
911.000151,2026-05-06T20:16:37.457969+00:00,85.298,0.0734,96.3664,0.0164,0.75,0.0,1500.0,0.0,5.4762
911.5,2026-05-06T20:16:37.957817+00:00,85.3101,0.12,96.1659,-0.0568,0.75,0.0,1500.0,0.0,5.4372
912.0,2026-05-06T20:16:38.457805+00:00,85.4466,0.0923,96.2432,-0.0051,0.75,0.0,1500.0,0.0,5.4181
912.5,2026-05-06T20:16:38.965276+00:00,85.4242,0.0709,96.1869,0.0038,0.75,0.0,1500.0,0.0,5.4089
913.0,2026-05-06T20:16:39.458316+00:00,85.4071,0.0545,96.2594,-0.0048,0.75,0.0,1500.0,0.0,5.4043
913.50044,2026-05-06T20:16:39.958203+00:00,85.5211,0.1055,96.1762,-0.05,0.75,0.0,1500.0,0.0,5.4021
914.0,2026-05-06T20:16:40.457853+00:00,85.6088,0.0811,96.1354,-0.077,0.75,0.0,1500.0,0.0,5.401
914.5,2026-05-06T20:16:40.957868+00:00,85.5489,0.0623,95.8727,-0.0977,0.75,0.0,1500.0,0.0,5.4005
915.0,2026-05-06T20:16:41.464848+00:00,85.3756,-0.0157,95.9022,-0.1137,0.75,0.0,1500.0,0.0,5.4002
915.5,2026-05-06T20:16:41.958017+00:00,85.3697,-0.0757,95.9248,-0.0874,0.75,0.0,1500.0,0.0,5.4001
916.0,2026-05-06T20:16:42.457990+00:00,85.3651,-0.1218,96.1505,-0.0363,0.75,0.0,1500.0,0.0,5.4001
916.5,2026-05-06T20:16:42.957850+00:00,85.3616,-0.0936,96.2545,0.0261,0.75,0.0,1500.0,0.0,5.4
917.0,2026-05-06T20:16:43.457921+00:00,85.4862,0.0553,96.2882,0.0509,0.75,0.0,1500.0,0.0,5.4
917.5,2026-05-06T20:16:43.962461+00:00,85.3274,-0.0211,96.4529,0.1934,0.75,0.0,1500.0,0.0,5.4
918.001016,2026-05-06T20:16:44.458815+00:00,85.2054,-0.0799,96.3481,0.1486,0.75,0.0,1500.0,0.0,5.4
918.5,2026-05-06T20:16:44.958006+00:00,85.2388,-0.0614,96.4064,0.1605,0.75,0.0,1500.0,0.0,5.4
919.0,2026-05-06T20:16:45.457922+00:00,85.1373,-0.1745,96.5206,0.1234,0.75,0.0,1500.0,0.0,5.4
919.500176,2026-05-06T20:16:45.958083+00:00,85.0592,-0.1341,96.1687,-0.0286,0.75,0.0,1500.0,0.0,5.4
920.0,2026-05-06T20:16:46.462823+00:00,85.1265,-0.0394,96.1065,-0.0605,0.75,0.0,1500.0,0.0,5.4
920.5,2026-05-06T20:16:46.958031+00:00,85.3055,0.0333,96.0588,-0.1314,0.75,0.0,1500.0,0.0,5.4
921.001739,2026-05-06T20:16:47.459572+00:00,85.1885,0.0256,96.2766,-0.0238,0.75,0.0,1500.0,0.0,5.4
921.5,2026-05-06T20:16:47.957779+00:00,85.2259,0.0833,96.2126,-0.0646,0.75,0.0,1500.0,0.0,5.4
922.0,2026-05-06T20:16:48.457800+00:00,85.2546,0.064,96.5105,-0.0034,0.75,0.0,1500.0,0.0,5.4
922.500841,2026-05-06T20:16:48.966899+00:00,85.2767,-0.0144,96.4849,0.1054,0.75,0.0,1500.0,0.0,5.4
923.0,2026-05-06T20:16:49.457818+00:00,85.4209,0.1162,96.3496,0.081,0.75,0.0,1500.0,0.0,5.4
923.5,2026-05-06T20:16:49.957919+00:00,85.4045,0.0893,96.3844,0.1085,0.75,0.0,1500.0,0.0,5.4
924.0,2026-05-06T20:16:50.457819+00:00,85.5192,0.1323,96.064,-0.0708,0.75,0.0,1500.0,0.0,5.4
924.5,2026-05-06T20:16:50.957782+00:00,85.48,0.1017,96.2806,0.0227,0.75,0.0,1500.0,0.0,5.4
925.0,2026-05-06T20:16:51.463504+00:00,85.4499,0.0145,96.2157,-0.0983,0.75,0.0,1500.0,0.0,5.4
925.5,2026-05-06T20:16:51.958294+00:00,85.5541,0.0748,96.1658,-0.1064,0.75,0.0,1500.0,0.0,5.4
926.0,2026-05-06T20:16:52.457781+00:00,85.6341,0.0575,96.1274,-0.0741,0.75,0.0,1500.0,0.0,5.4
926.5,2026-05-06T20:16:52.957928+00:00,85.6956,0.1078,96.0979,-0.0955,0.75,0.0,1500.0,0.0,5.4
927.002532,2026-05-06T20:16:53.460495+00:00,85.6157,0.0829,96.191,0.0423,0.75,0.0,1500.0,0.0,5.4
927.5,2026-05-06T20:16:53.962222+00:00,85.5542,0.0001,96.1699,-0.0369,0.75,0.0,1500.0,0.0,5.4
928.0,2026-05-06T20:16:54.457950+00:00,85.5069,-0.0636,96.362,0.0488,0.75,0.0,1500.0,0.0,5.4
928.5,2026-05-06T20:16:54.958266+00:00,85.3434,-0.1761,96.5096,0.1146,0.75,0.0,1500.0,0.0,5.4
929.0,2026-05-06T20:16:55.457770+00:00,85.3449,-0.1354,96.3686,0.0804,0.75,0.0,1500.0,0.0,5.4
929.5,2026-05-06T20:16:55.957786+00:00,85.4733,-0.0404,96.2833,0.0618,0.75,0.0,1500.0,0.0,5.4
930.0,2026-05-06T20:16:56.464707+00:00,85.4448,-0.0311,96.3103,0.0398,0.75,0.0,1500.0,0.0,5.4
930.5,2026-05-06T20:16:56.957793+00:00,85.5501,0.1034,96.4699,0.1,0.75,0.0,1500.0,0.0,5.4512
931.0,2026-05-06T20:16:57.458102+00:00,85.6311,0.1431,96.7083,0.1154,0.75,0.0,1500.0,0.0,5.4762
931.5,2026-05-06T20:16:57.957799+00:00,85.566,0.0464,96.8683,0.1196,0.75,0.0,1500.0,0.0,5.4372
932.0,2026-05-06T20:16:58.457812+00:00,85.5161,0.0356,96.76,0.1305,0.75,0.0,1500.0,0.0,5.4181
932.5,2026-05-06T20:16:58.962541+00:00,85.3504,-0.0999,96.8155,0.1774,0.75,0.0,1500.0,0.0,5.4089
933.0,2026-05-06T20:16:59.457876+00:00,85.3503,-0.1404,96.7194,0.1364,0.75,0.0,1500.0,0.0,5.4555
933.5,2026-05-06T20:16:59.957763+00:00,85.4775,-0.0443,96.5298,0.02,0.75,0.0,1500.0,0.0,5.4783
934.0,2026-05-06T20:17:00.457872+00:00,85.3207,-0.0977,96.4072,-0.1004,0.75,0.0,1500.0,0.0,5.4894
934.5,2026-05-06T20:17:00.957820+00:00,85.3275,-0.0114,96.313,-0.1851,0.75,0.0,1500.0,0.0,5.4948
935.0,2026-05-06T20:17:01.462240+00:00,85.3327,-0.0088,96.4488,-0.1037,0.75,0.0,1500.0,0.0,5.4975
935.5,2026-05-06T20:17:01.958016+00:00,85.464,-0.0068,96.5763,-0.0797,0.75,0.0,1500.0,0.0,5.4988
936.0,2026-05-06T20:17:02.457815+00:00,85.4376,0.0584,96.6975,-0.0073,0.75,0.0,1500.0,0.0,5.4994
936.5,2026-05-06T20:17:02.957973+00:00,85.1628,-0.0824,96.6518,0.0407,0.75,0.0,1500.0,0.0,5.4997
937.0,2026-05-06T20:17:03.457799+00:00,85.2061,-0.0633,96.7324,0.1084,0.75,0.0,1500.0,0.0,5.4999
937.500595,2026-05-06T20:17:03.968373+00:00,85.2394,-0.1123,96.7943,0.1605,0.75,0.0,1500.0,0.0,5.4999
938.0,2026-05-06T20:17:04.457769+00:00,85.3923,-0.0227,96.9576,0.1696,0.75,0.0,1500.0,0.0,5.5
938.5,2026-05-06T20:17:04.957768+00:00,85.5098,0.1735,97.0831,0.1689,0.75,0.0,1500.0,0.0,5.5
939.000604,2026-05-06T20:17:05.458421+00:00,85.7273,0.2606,96.9482,0.0836,0.75,0.0,1500.0,0.0,5.5
939.5,2026-05-06T20:17:05.957959+00:00,85.3855,0.073,96.9602,0.1028,0.75,0.0,1500.0,0.0,5.5
940.0,2026-05-06T20:17:06.470082+00:00,85.3773,-0.0075,96.9694,0.079,0.75,0.0,1500.0,0.0,5.5
940.5,2026-05-06T20:17:06.957788+00:00,85.371,-0.0694,96.9765,0.0607,0.75,0.0,1500.0,0.0,5.4488
941.0,2026-05-06T20:17:07.458046+00:00,85.4934,-0.117,96.9819,0.0081,0.75,0.0,1500.0,0.0,5.4238
941.5,2026-05-06T20:17:07.958028+00:00,85.2057,-0.0899,96.7547,-0.1095,0.75,0.0,1500.0,0.0,5.4116
942.0,2026-05-06T20:17:08.458047+00:00,85.3663,-0.0055,96.9272,-0.007,0.75,0.0,1500.0,0.0,5.4057
942.5,2026-05-06T20:17:08.962265+00:00,85.4898,0.0594,96.8283,-0.044,0.75,0.0,1500.0,0.0,5.4028
943.0,2026-05-06T20:17:09.457804+00:00,85.5847,0.0457,96.7755,-0.0646,0.75,0.0,1500.0,0.0,5.4526
943.5,2026-05-06T20:17:09.957768+00:00,85.4031,0.0987,96.9431,-0.0111,0.75,0.0,1500.0,0.0,5.4256
944.0,2026-05-06T20:17:10.458393+00:00,85.2636,-0.0514,96.9563,-0.0085,0.75,0.0,1500.0,0.0,5.4125
944.5,2026-05-06T20:17:10.957780+00:00,85.2836,-0.1031,96.7119,-0.0143,0.75,0.0,1500.0,0.0,5.4061
945.000001,2026-05-06T20:17:11.463867+00:00,85.4262,-0.0793,96.8942,-0.011,0.75,0.0,1500.0,0.0,5.403
945.500303,2026-05-06T20:17:11.958076+00:00,85.4086,0.0027,96.8262,-0.0007,0.75,0.0,1500.0,0.0,5.4015
946.000371,2026-05-06T20:17:12.458144+00:00,85.395,0.0657,96.5193,-0.0854,0.75,0.0,1500.0,0.0,5.4007
946.5,2026-05-06T20:17:12.957867+00:00,85.5119,0.1141,96.3991,-0.1813,0.75,0.0,1500.0,0.0,5.4003
947.0,2026-05-06T20:17:13.457908+00:00,85.6017,0.0877,96.3068,-0.2165,0.75,0.0,1500.0,0.0,5.4002
947.5,2026-05-06T20:17:13.965920+00:00,85.6707,0.1311,96.2126,-0.1664,0.75,0.0,1500.0,0.0,5.4001
948.000965,2026-05-06T20:17:14.458732+00:00,85.851,0.228,96.256,-0.2127,0.75,0.0,1500.0,0.0,5.4
948.5,2026-05-06T20:17:14.957832+00:00,85.8624,0.1752,96.1736,-0.2175,0.75,0.0,1500.0,0.0,5.4
949.0,2026-05-06T20:17:15.457830+00:00,85.8711,0.1347,96.3648,-0.0515,0.75,0.0,1500.0,0.0,5.4
949.50046,2026-05-06T20:17:15.958220+00:00,85.8778,0.1035,96.5118,0.0376,0.75,0.0,1500.0,0.0,5.4
950.000369,2026-05-06T20:17:16.465068+00:00,85.7556,-0.0477,96.7405,0.1446,0.75,0.0,1500.0,0.0,5.4
950.501505,2026-05-06T20:17:16.959260+00:00,85.789,-0.0367,96.6617,0.1497,0.75,0.0,1500.0,0.0,5.4
951.0,2026-05-06T20:17:17.457928+00:00,85.8147,-0.0282,96.8557,0.1999,0.75,0.0,1500.0,0.0,5.4
951.5,2026-05-06T20:17:17.957999+00:00,85.8345,-0.0217,97.0048,0.2771,0.75,0.0,1500.0,0.0,5.4
952.0,2026-05-06T20:17:18.457858+00:00,85.8496,0.047,97.0037,0.2129,0.75,0.0,1500.0,0.0,5.4
952.5,2026-05-06T20:17:18.963812+00:00,85.8613,0.0361,96.8871,0.1251,0.75,0.0,1500.0,0.0,5.4
953.0,2026-05-06T20:17:19.457916+00:00,85.8702,0.0278,96.7975,0.019,0.75,0.0,1500.0,0.0,5.4
953.500432,2026-05-06T20:17:19.958196+00:00,85.7499,-0.0423,96.5899,-0.0239,0.75,0.0,1500.0,0.0,5.4
954.0,2026-05-06T20:17:20.457940+00:00,85.6573,-0.0961,96.5691,-0.0955,0.75,0.0,1500.0,0.0,5.4
954.502218,2026-05-06T20:17:20.960200+00:00,85.5862,-0.1375,96.6688,-0.112,0.75,0.0,1500.0,0.0,5.4
955.0,2026-05-06T20:17:21.463225+00:00,85.6588,-0.1057,96.8611,-0.0475,0.75,0.0,1500.0,0.0,5.4
955.5,2026-05-06T20:17:21.957898+00:00,85.8419,0.046,97.009,0.0406,0.75,0.0,1500.0,0.0,5.4
956.002168,2026-05-06T20:17:22.460005+00:00,85.9826,0.1626,96.8912,0.0312,0.75,0.0,1500.0,0.0,5.4
956.500311,2026-05-06T20:17:22.958093+00:00,86.0908,0.2523,97.1478,0.186,0.75,0.0,1500.0,0.0,5.4
957.0,2026-05-06T20:17:23.457997+00:00,86.0466,0.1939,97.2293,0.2201,0.75,0.0,1500.0,0.0,5.4
957.500674,2026-05-06T20:17:23.963038+00:00,85.8854,0.0218,97.1531,0.1614,0.75,0.0,1500.0,0.0,5.4512
958.0,2026-05-06T20:17:24.457856+00:00,85.7615,-0.1105,97.0945,0.0778,0.75,0.0,1500.0,0.0,5.4762
958.5,2026-05-06T20:17:24.958008+00:00,85.7936,-0.1486,97.0726,0.0212,0.75,0.0,1500.0,0.0,5.4884
959.0,2026-05-06T20:17:25.457761+00:00,85.5637,-0.2415,96.9401,0.0163,0.75,0.0,1500.0,0.0,5.4943
959.5,2026-05-06T20:17:25.957862+00:00,85.5142,-0.1856,96.954,-0.0646,0.75,0.0,1500.0,0.0,5.4972
960.0,2026-05-06T20:17:26.464260+00:00,85.6035,-0.079,96.8489,-0.1268,0.75,0.0,1500.0,0.0,5.4986
960.502202,2026-05-06T20:17:26.960024+00:00,85.6721,-0.0607,96.8839,-0.0897,0.75,0.0,1500.0,0.0,5.4481
961.0,2026-05-06T20:17:27.458299+00:00,85.7248,0.0806,96.7719,-0.1075,0.75,0.0,1500.0,0.0,5.4235
961.5,2026-05-06T20:17:27.957907+00:00,85.8926,0.1892,96.4776,-0.1983,0.75,0.0,1500.0,0.0,5.4115
962.0,2026-05-06T20:17:28.457806+00:00,85.8943,0.1454,96.3671,-0.191,0.75,0.0,1500.0,0.0,5.4056
962.5,2026-05-06T20:17:28.963448+00:00,85.8957,0.1118,96.5135,-0.1468,0.75,0.0,1500.0,0.0,5.4027
963.0,2026-05-06T20:17:29.458265+00:00,85.7694,0.0223,96.5104,-0.1128,0.75,0.0,1500.0,0.0,5.4013
963.5,2026-05-06T20:17:29.957984+00:00,85.7996,-0.0465,96.7394,-0.0482,0.75,0.0,1500.0,0.0,5.4007
964.0,2026-05-06T20:17:30.457913+00:00,85.8228,-0.0358,96.6609,-0.037,0.75,0.0,1500.0,0.0,5.4003
964.500829,2026-05-06T20:17:30.958632+00:00,86.0952,0.0998,96.6005,0.041,0.75,0.0,1500.0,0.0,5.4002
965.0,2026-05-06T20:17:31.462516+00:00,86.0501,0.1403,96.5772,0.0701,0.75,0.0,1500.0,0.0,5.4001
965.50015,2026-05-06T20:17:31.957976+00:00,86.1426,0.1715,96.4437,-0.0233,0.75,0.0,1500.0,0.0,5.4
966.0,2026-05-06T20:17:32.457801+00:00,85.9592,0.0682,96.4336,-0.0256,0.75,0.0,1500.0,0.0,5.4
966.5,2026-05-06T20:17:32.957801+00:00,85.8182,-0.1385,96.5646,-0.0583,0.75,0.0,1500.0,0.0,5.4
967.0,2026-05-06T20:17:33.457808+00:00,85.8372,-0.1065,96.5265,-0.0448,0.75,0.0,1500.0,0.0,5.4
967.5,2026-05-06T20:17:33.963705+00:00,85.979,-0.0818,96.4047,-0.0653,0.75,0.0,1500.0,0.0,5.4
968.0,2026-05-06T20:17:34.457838+00:00,85.9607,0.0007,96.3111,-0.0887,0.75,0.0,1500.0,0.0,5.4
968.5,2026-05-06T20:17:34.957925+00:00,85.9466,0.0642,96.3316,-0.0373,0.75,0.0,1500.0,0.0,5.4
969.0,2026-05-06T20:17:35.457805+00:00,85.6813,-0.0779,96.2549,-0.0596,0.75,0.0,1500.0,0.0,5.4
969.5,2026-05-06T20:17:35.957785+00:00,85.6046,-0.1872,95.9414,-0.2078,0.75,0.0,1500.0,0.0,5.4
970.0,2026-05-06T20:17:36.465964+00:00,85.673,-0.1438,96.1632,-0.1211,0.75,0.0,1500.0,0.0,5.4
970.5,2026-05-06T20:17:36.958273+00:00,85.5983,-0.1742,96.2411,-0.0545,0.75,0.0,1500.0,0.0,5.4
971.0,2026-05-06T20:17:37.457783+00:00,85.6681,-0.0066,96.4167,0.0352,0.75,0.0,1500.0,0.0,5.4
971.5,2026-05-06T20:17:37.957928+00:00,85.7217,0.0585,96.6674,0.1119,0.75,0.0,1500.0,0.0,5.4
972.0,2026-05-06T20:17:38.457896+00:00,86.0175,0.1723,96.6287,0.1246,0.75,0.0,1500.0,0.0,5.4
972.5,2026-05-06T20:17:38.962449+00:00,85.9903,0.196,96.5758,0.2115,0.75,0.0,1500.0,0.0,5.4
973.0,2026-05-06T20:17:39.457879+00:00,85.9694,0.1507,96.6739,0.1702,0.75,0.0,1500.0,0.0,5.4
973.500179,2026-05-06T20:17:39.958097+00:00,85.9534,0.1158,96.4948,0.0846,0.75,0.0,1500.0,0.0,5.4
974.0,2026-05-06T20:17:40.457750+00:00,85.941,-0.0383,96.7274,0.1036,0.75,0.0,1500.0,0.0,5.4
974.5,2026-05-06T20:17:40.957925+00:00,85.8043,-0.093,96.9062,0.0796,0.75,0.0,1500.0,0.0,5.4
975.0,2026-05-06T20:17:41.467250+00:00,85.8264,-0.0715,96.3725,-0.0854,0.75,0.0,1500.0,0.0,5.4
975.5,2026-05-06T20:17:41.958003+00:00,85.7162,-0.1186,96.402,-0.0579,0.75,0.0,1500.0,0.0,5.4
976.0,2026-05-06T20:17:42.458037+00:00,85.6314,-0.1548,96.6561,-0.0059,0.75,0.0,1500.0,0.0,5.4
976.5,2026-05-06T20:17:42.957798+00:00,85.5663,-0.119,96.3654,-0.0431,0.75,0.0,1500.0,0.0,5.4
977.0,2026-05-06T20:17:43.457859+00:00,85.6435,-0.0914,96.2809,-0.1489,0.75,0.0,1500.0,0.0,5.4
977.5,2026-05-06T20:17:43.964692+00:00,85.7029,-0.0066,96.3084,-0.1993,0.75,0.0,1500.0,0.0,5.4
978.002172,2026-05-06T20:17:44.460059+00:00,85.7485,0.0585,96.3296,-0.0143,0.75,0.0,1500.0,0.0,5.4512
978.5,2026-05-06T20:17:44.958053+00:00,85.6563,0.045,96.4848,0.0276,0.75,0.0,1500.0,0.0,5.4762
979.0,2026-05-06T20:17:45.458176+00:00,85.8399,0.0982,96.3726,-0.0945,0.75,0.0,1500.0,0.0,5.4884
979.5,2026-05-06T20:17:45.959752+00:00,85.8538,0.0755,96.4021,0.0122,0.75,0.0,1500.0,0.0,5.4943
980.0,2026-05-06T20:17:46.465107+00:00,85.9918,0.1217,96.309,0.0094,0.75,0.0,1500.0,0.0,5.4972
980.5,2026-05-06T20:17:46.957752+00:00,86.0978,0.2208,96.3532,0.0149,0.75,0.0,1500.0,0.0,5.4986
981.002327,2026-05-06T20:17:47.460211+00:00,85.9248,0.0424,96.2946,-0.0117,0.75,0.0,1500.0,0.0,5.4993
981.5,2026-05-06T20:17:47.957877+00:00,85.7918,-0.031,96.4347,-0.0167,0.75,0.0,1500.0,0.0,5.4997
982.0,2026-05-06T20:17:48.457921+00:00,85.8168,-0.0875,96.3341,-0.0128,0.75,0.0,1500.0,0.0,5.4998
982.501304,2026-05-06T20:17:48.967118+00:00,85.9633,-0.0672,96.3725,-0.0099,0.75,0.0,1500.0,0.0,5.4999
983.0,2026-05-06T20:17:49.457780+00:00,85.9487,0.012,96.0318,-0.0924,0.75,0.0,1500.0,0.0,5.5
983.500608,2026-05-06T20:17:49.958607+00:00,85.9374,0.0728,96.3715,0.0061,0.75,0.0,1500.0,0.0,5.5
984.000811,2026-05-06T20:17:50.458598+00:00,85.9288,0.056,96.3781,0.0278,0.75,0.0,1500.0,0.0,5.5
984.5,2026-05-06T20:17:50.958029+00:00,85.9221,-0.0206,96.3832,-0.0172,0.75,0.0,1500.0,0.0,5.5
985.0,2026-05-06T20:17:51.463749+00:00,85.917,-0.0158,96.4102,0.0254,0.75,0.0,1500.0,0.0,5.5
985.501766,2026-05-06T20:17:51.959569+00:00,85.9131,-0.0122,96.1996,-0.0576,0.75,0.0,1500.0,0.0,5.4488
986.0,2026-05-06T20:17:52.458032+00:00,85.91,-0.0094,96.3848,0.1177,0.75,0.0,1500.0,0.0,5.4238
986.5,2026-05-06T20:17:52.957848+00:00,85.9077,-0.0072,96.504,0.0442,0.75,0.0,1500.0,0.0,5.4116
987.0,2026-05-06T20:17:53.457774+00:00,86.0332,0.0581,96.3642,-0.0046,0.75,0.0,1500.0,0.0,5.4057
987.5,2026-05-06T20:17:53.968347+00:00,86.1296,0.1083,96.3957,0.0042,0.75,0.0,1500.0,0.0,5.4028
988.000102,2026-05-06T20:17:54.457944+00:00,86.0765,0.0832,96.4198,0.0032,0.75,0.0,1500.0,0.0,5.4526
988.5,2026-05-06T20:17:54.957992+00:00,86.0357,0.064,96.1838,-0.0053,0.75,0.0,1500.0,0.0,5.4256
989.0,2026-05-06T20:17:55.457755+00:00,86.0043,-0.0145,96.3727,-0.004,0.75,0.0,1500.0,0.0,5.4125
989.5,2026-05-06T20:17:55.957803+00:00,86.1074,-0.0111,96.5178,0.0046,0.75,0.0,1500.0,0.0,5.4061
990.002166,2026-05-06T20:17:56.467239+00:00,86.0594,-0.0085,96.5137,0.0498,0.75,0.0,1500.0,0.0,5.403
990.5,2026-05-06T20:17:56.957828+00:00,86.1498,0.0571,96.5105,0.0383,0.75,0.0,1500.0,0.0,5.4015
991.0,2026-05-06T20:17:57.457902+00:00,86.092,0.0439,96.485,0.0217,0.75,0.0,1500.0,0.0,5.4007
991.5,2026-05-06T20:17:57.957792+00:00,86.1748,0.0337,96.3727,0.063,0.75,0.0,1500.0,0.0,5.4003
992.0,2026-05-06T20:17:58.457845+00:00,85.8567,-0.1014,96.1476,-0.075,0.75,0.0,1500.0,0.0,5.4002
992.5,2026-05-06T20:17:58.966792+00:00,86.1213,-0.0143,95.9978,-0.1734,0.75,0.0,1500.0,0.0,5.4001
993.0,2026-05-06T20:17:59.457986+00:00,85.9428,-0.0746,95.9983,-0.1718,0.75,0.0,1500.0,0.0,5.4
993.500634,2026-05-06T20:17:59.958463+00:00,85.9329,-0.121,96.0913,-0.1398,0.75,0.0,1500.0,0.0,5.4
994.0,2026-05-06T20:18:00.458136+00:00,85.9253,0.0343,96.1627,-0.1074,0.75,0.0,1500.0,0.0,5.4
994.5,2026-05-06T20:18:00.957997+00:00,85.9194,-0.1009,96.2407,-0.044,0.75,0.0,1500.0,0.0,5.4
995.0,2026-05-06T20:18:01.465830+00:00,85.9149,-0.0139,96.4164,0.0896,0.75,0.0,1500.0,0.0,5.4
995.5,2026-05-06T20:18:01.957798+00:00,85.9115,-0.0107,96.5515,0.1846,0.75,0.0,1500.0,0.0,5.4
996.0,2026-05-06T20:18:02.457899+00:00,85.9088,-0.0082,96.4007,0.1341,0.75,0.0,1500.0,0.0,5.4
996.5,2026-05-06T20:18:02.957807+00:00,85.9068,-0.0063,96.4006,0.1031,0.75,0.0,1500.0,0.0,5.4
997.0,2026-05-06T20:18:03.457775+00:00,85.7779,-0.0685,96.4004,0.0792,0.75,0.0,1500.0,0.0,5.4
997.503038,2026-05-06T20:18:03.970100+00:00,85.8062,-0.0526,96.4466,0.0686,0.75,0.0,1500.0,0.0,5.4
998.000434,2026-05-06T20:18:04.458208+00:00,85.8279,-0.0405,96.3201,-0.0321,0.75,0.0,1500.0,0.0,5.4
998.5,2026-05-06T20:18:04.958219+00:00,85.9718,0.0325,96.5931,0.0139,0.75,0.0,1500.0,0.0,5.4
999.000483,2026-05-06T20:18:05.458287+00:00,85.9552,0.0886,96.803,0.1341,0.75,0.0,1500.0,0.0,5.4
999.5,2026-05-06T20:18:05.957993+00:00,85.9424,0.0681,96.7329,0.1108,0.75,0.0,1500.0,0.0,5.4
1000.0,2026-05-06T20:18:06.463320+00:00,85.9326,0.0524,96.6559,0.0851,0.75,0.0,1500.0,0.0,5.4
1000.5,2026-05-06T20:18:06.957788+00:00,86.0523,0.0402,96.5041,0.0192,0.75,0.0,1500.0,0.0,5.4
1001.0,2026-05-06T20:18:07.457926+00:00,86.1444,0.0946,96.5957,0.0919,0.75,0.0,1500.0,0.0,5.4
1001.5,2026-05-06T20:18:07.957819+00:00,86.0878,0.0727,96.4579,-0.0451,0.75,0.0,1500.0,0.0,5.4
1002.0,2026-05-06T20:18:08.458226+00:00,86.1716,0.1195,96.1205,-0.2275,0.75,0.0,1500.0,0.0,5.4
1002.5,2026-05-06T20:18:08.962036+00:00,86.1088,0.0282,96.2083,-0.1749,0.75,0.0,1500.0,0.0,5.4
1003.0,2026-05-06T20:18:09.457776+00:00,86.1877,0.0217,96.137,-0.173,0.75,0.0,1500.0,0.0,5.4
1003.5,2026-05-06T20:18:09.958502+00:00,85.9939,-0.047,96.3367,-0.0558,0.75,0.0,1500.0,0.0,5.4
1004.0,2026-05-06T20:18:10.457809+00:00,86.0994,-0.0361,96.0042,-0.1972,0.75,0.0,1500.0,0.0,5.4
1004.5,2026-05-06T20:18:10.957785+00:00,86.0533,-0.0277,96.2115,-0.0821,0.75,0.0,1500.0,0.0,5.4
1005.0,2026-05-06T20:18:11.468177+00:00,86.0178,-0.085,96.1626,0.014,0.75,0.0,1500.0,0.0,5.4
1005.5,2026-05-06T20:18:11.957767+00:00,85.9905,-0.0017,96.125,-0.0278,0.75,0.0,1500.0,0.0,5.4
1006.0,2026-05-06T20:18:12.457798+00:00,86.0969,-0.0013,96.2349,0.0326,0.75,0.0,1500.0,0.0,5.4
1006.5,2026-05-06T20:18:12.958078+00:00,86.0513,-0.001,96.5276,0.0636,0.75,0.0,1500.0,0.0,5.4
1007.0,2026-05-06T20:18:13.457791+00:00,86.2708,0.1265,96.1741,0.0566,0.75,0.0,1500.0,0.0,5.4
1007.50034,2026-05-06T20:18:13.963840+00:00,86.185,0.0972,96.3652,0.0512,0.75,0.0,1500.0,0.0,5.4
1008.0,2026-05-06T20:18:14.458323+00:00,86.3736,0.1384,96.3733,0.0702,0.75,0.0,1500.0,0.0,5.4
1008.5,2026-05-06T20:18:14.958375+00:00,86.3913,0.17,96.2869,0.054,0.75,0.0,1500.0,0.0,5.4
1009.000336,2026-05-06T20:18:15.458343+00:00,86.4049,0.067,96.4519,0.0723,0.75,0.0,1500.0,0.0,5.4
1009.5,2026-05-06T20:18:15.957794+00:00,86.4153,0.1151,96.4399,-0.0292,0.75,0.0,1500.0,0.0,5.4
1010.0,2026-05-06T20:18:16.465237+00:00,86.4233,0.0249,96.3381,0.0547,0.75,0.0,1500.0,0.0,5.4
1010.5,2026-05-06T20:18:16.957799+00:00,86.4295,0.0191,96.3756,0.0034,0.75,0.0,1500.0,0.0,5.4
1011.0,2026-05-06T20:18:17.458012+00:00,86.307,-0.0489,96.4275,0.0181,0.75,0.0,1500.0,0.0,5.4
1011.5,2026-05-06T20:18:17.957800+00:00,86.3401,-0.0376,96.0972,-0.0632,0.75,0.0,1500.0,0.0,5.4
1012.0,2026-05-06T20:18:18.457982+00:00,86.2382,-0.0925,96.3061,-0.0486,0.75,0.0,1500.0,0.0,5.4
1012.5,2026-05-06T20:18:18.964394+00:00,86.2872,-0.0711,96.1196,-0.1068,0.75,0.0,1500.0,0.0,5.4
1013.002146,2026-05-06T20:18:19.460081+00:00,86.3249,0.009,95.9762,-0.1206,0.75,0.0,1500.0,0.0,5.4
1013.5,2026-05-06T20:18:19.958043+00:00,86.0993,-0.1204,95.8429,-0.1776,0.75,0.0,1500.0,0.0,5.4
1014.0,2026-05-06T20:18:20.458027+00:00,86.1805,-0.0289,95.9949,-0.1442,0.75,0.0,1500.0,0.0,5.4
1014.5,2026-05-06T20:18:20.958266+00:00,86.1156,-0.0858,95.8804,-0.0723,0.75,0.0,1500.0,0.0,5.4
1015.000185,2026-05-06T20:18:21.465058+00:00,86.193,-0.066,96.0238,-0.0941,0.75,0.0,1500.0,0.0,5.4
1015.5,2026-05-06T20:18:21.957778+00:00,86.1252,0.0129,96.2265,0.0357,0.75,0.0,1500.0,0.0,5.4
1016.001552,2026-05-06T20:18:22.459327+00:00,86.0731,-0.0537,96.2898,0.1045,0.75,0.0,1500.0,0.0,5.4
1016.5,2026-05-06T20:18:22.958059+00:00,86.033,-0.0413,96.3385,0.1652,0.75,0.0,1500.0,0.0,5.4
1017.0,2026-05-06T20:18:23.457761+00:00,86.0022,-0.0954,96.0287,0.0113,0.75,0.0,1500.0,0.0,5.4
1017.5,2026-05-06T20:18:23.966429+00:00,85.8513,-0.1369,96.2535,0.1244,0.75,0.0,1500.0,0.0,5.4
1018.0,2026-05-06T20:18:24.457766+00:00,86.1171,0.022,96.1948,0.057,0.75,0.0,1500.0,0.0,5.4
1018.5,2026-05-06T20:18:24.957758+00:00,86.0669,0.0169,96.2423,0.0053,0.75,0.0,1500.0,0.0,5.4
1019.0,2026-05-06T20:18:25.458013+00:00,86.1555,0.0766,96.1862,-0.0345,0.75,0.0,1500.0,0.0,5.4
1019.5,2026-05-06T20:18:25.957746+00:00,86.2237,0.1862,96.0043,-0.1114,0.75,0.0,1500.0,0.0,5.4
1020.0,2026-05-06T20:18:26.463778+00:00,86.276,0.0795,96.0033,-0.0085,0.75,0.0,1500.0,0.0,5.4
1020.5,2026-05-06T20:18:26.958309+00:00,86.3163,0.1247,96.2108,-0.0142,0.75,0.0,1500.0,0.0,5.4
1021.000667,2026-05-06T20:18:27.458437+00:00,86.3472,0.0959,96.2777,0.0276,0.75,0.0,1500.0,0.0,5.4
1021.5,2026-05-06T20:18:27.957920+00:00,86.2437,0.01,96.3292,0.029,0.75,0.0,1500.0,0.0,5.4
1022.0,2026-05-06T20:18:28.458036+00:00,86.1642,-0.0559,96.4844,0.0994,0.75,0.0,1500.0,0.0,5.4
1022.5,2026-05-06T20:18:28.963221+00:00,86.2303,-0.043,96.1178,0.0378,0.75,0.0,1500.0,0.0,5.4
1023.0,2026-05-06T20:18:29.457849+00:00,86.1539,-0.0967,96.0674,0.0214,0.75,0.0,1500.0,0.0,5.4
1023.5,2026-05-06T20:18:29.957942+00:00,85.9679,-0.1379,96.0286,-0.0607,0.75,0.0,1500.0,0.0,5.4
1024.0,2026-05-06T20:18:30.461581+00:00,86.0794,-0.0424,96.022,-0.0852,0.75,0.0,1500.0,0.0,5.4
1024.5,2026-05-06T20:18:30.958001+00:00,86.0379,-0.0962,96.3409,0.0039,0.75,0.0,1500.0,0.0,5.4
1025.0,2026-05-06T20:18:31.462896+00:00,86.006,-0.0739,96.3777,-0.0356,0.75,0.0,1500.0,0.0,5.4
1025.50001,2026-05-06T20:18:31.957941+00:00,86.236,0.1341,96.1515,0.0112,0.75,0.0,1500.0,0.0,5.4
1026.0,2026-05-06T20:18:32.457845+00:00,86.1583,0.0394,96.209,0.0472,0.75,0.0,1500.0,0.0,5.4
1026.5,2026-05-06T20:18:32.957777+00:00,86.0985,0.0303,96.2532,0.0748,0.75,0.0,1500.0,0.0,5.4
1027.0,2026-05-06T20:18:33.457856+00:00,86.0526,0.0233,96.1946,0.0575,0.75,0.0,1500.0,0.0,5.4
1027.5,2026-05-06T20:18:33.962678+00:00,86.1445,-0.0457,96.381,0.0134,0.75,0.0,1500.0,0.0,5.4
1028.0,2026-05-06T20:18:34.457787+00:00,86.0879,-0.0352,96.3854,0.0026,0.75,0.0,1500.0,0.0,5.4512
1028.501258,2026-05-06T20:18:34.959068+00:00,86.0445,-0.027,96.2962,0.0482,0.75,0.0,1500.0,0.0,5.4762
1029.0,2026-05-06T20:18:35.457979+00:00,86.1383,0.0429,96.4591,0.0834,0.75,0.0,1500.0,0.0,5.4884
1029.5,2026-05-06T20:18:35.957792+00:00,86.2104,0.0329,96.4454,0.0641,0.75,0.0,1500.0,0.0,5.4943
1030.000728,2026-05-06T20:18:36.463962+00:00,86.1386,0.0253,96.0878,-0.0356,0.75,0.0,1500.0,0.0,5.4972
1030.5,2026-05-06T20:18:36.957773+00:00,86.2107,0.0831,96.1832,-0.0659,0.75,0.0,1500.0,0.0,5.4986
1031.0,2026-05-06T20:18:37.457953+00:00,86.1388,0.0002,96.3722,-0.0044,0.75,0.0,1500.0,0.0,5.4993
1031.5,2026-05-06T20:18:37.957832+00:00,86.2108,0.0002,96.4249,0.0429,0.75,0.0,1500.0,0.0,5.4997
1032.000034,2026-05-06T20:18:38.457800+00:00,86.3934,0.1274,96.4654,0.0021,0.75,0.0,1500.0,0.0,5.4998
1032.5,2026-05-06T20:18:38.964266+00:00,86.4065,0.0979,96.5891,0.0479,0.75,0.0,1500.0,0.0,5.4487
1033.000764,2026-05-06T20:18:39.458568+00:00,86.2893,0.0753,96.314,0.0754,0.75,0.0,1500.0,0.0,5.475
1033.5,2026-05-06T20:18:39.957802+00:00,86.3265,0.0578,96.2413,0.0194,0.75,0.0,1500.0,0.0,5.4878
1034.0,2026-05-06T20:18:40.458004+00:00,86.4823,0.0445,96.3012,-0.0237,0.75,0.0,1500.0,0.0,5.494
1034.500021,2026-05-06T20:18:40.957906+00:00,86.6021,0.0978,96.2315,-0.0645,0.75,0.0,1500.0,0.0,5.4971
1035.0,2026-05-06T20:18:41.462229+00:00,86.5669,0.1388,96.4093,-0.0187,0.75,0.0,1500.0,0.0,5.4986
1035.5,2026-05-06T20:18:41.958010+00:00,86.5399,0.1067,96.546,-0.0144,0.75,0.0,1500.0,0.0,5.4993
1036.001428,2026-05-06T20:18:42.459212+00:00,86.5191,0.0184,96.5122,0.0661,0.75,0.0,1500.0,0.0,5.4485
1036.5,2026-05-06T20:18:42.957826+00:00,86.5031,-0.0495,96.6019,0.1202,0.75,0.0,1500.0,0.0,5.4236
1037.0,2026-05-06T20:18:43.457779+00:00,86.6181,0.0256,96.4395,0.0461,0.75,0.0,1500.0,0.0,5.4115
1037.500605,2026-05-06T20:18:43.964460+00:00,86.4519,-0.044,96.3378,0.0354,0.75,0.0,1500.0,0.0,5.4056
1038.000354,2026-05-06T20:18:44.458381+00:00,86.4515,-0.0338,96.2365,-0.0576,0.75,0.0,1500.0,0.0,5.4027
1038.5,2026-05-06T20:18:44.957821+00:00,86.4511,-0.026,96.2049,-0.1137,0.75,0.0,1500.0,0.0,5.4013
1039.001628,2026-05-06T20:18:45.459428+00:00,86.4509,-0.0836,96.1344,-0.126,0.75,0.0,1500.0,0.0,5.4007
1039.5,2026-05-06T20:18:45.957781+00:00,86.3234,-0.0643,95.9876,-0.2048,0.75,0.0,1500.0,0.0,5.4003
1040.0,2026-05-06T20:18:46.462592+00:00,86.3527,-0.0494,96.3375,-0.034,0.75,0.0,1500.0,0.0,5.4002
1040.5,2026-05-06T20:18:46.957799+00:00,86.5025,0.0257,96.352,0.0047,0.75,0.0,1500.0,0.0,5.4001
1041.0,2026-05-06T20:18:47.457767+00:00,86.3631,-0.0439,96.1548,-0.0272,0.75,0.0,1500.0,0.0,5.4
1041.5,2026-05-06T20:18:47.957919+00:00,86.2559,-0.0337,96.3504,0.0485,0.75,0.0,1500.0,0.0,5.4
1042.000695,2026-05-06T20:18:48.458469+00:00,86.3008,-0.0259,96.2693,0.045,0.75,0.0,1500.0,0.0,5.4
1042.5,2026-05-06T20:18:48.962463+00:00,86.3353,-0.0836,96.3458,0.1194,0.75,0.0,1500.0,0.0,5.4
1043.0,2026-05-06T20:18:49.458016+00:00,86.3619,-0.0006,96.4972,0.0532,0.75,0.0,1500.0,0.0,5.4512
1043.5,2026-05-06T20:18:49.957788+00:00,86.255,-0.0005,96.359,0.0023,0.75,0.0,1500.0,0.0,5.425
1044.0,2026-05-06T20:18:50.457794+00:00,86.1729,-0.064,96.3916,0.0789,0.75,0.0,1500.0,0.0,5.4122
1044.5,2026-05-06T20:18:50.957852+00:00,86.237,-0.0492,96.625,0.0915,0.75,0.0,1500.0,0.0,5.406
1045.000608,2026-05-06T20:18:51.466984+00:00,86.2863,-0.0378,96.5035,0.0781,0.75,0.0,1500.0,0.0,5.4029
1045.5,2026-05-06T20:18:51.958004+00:00,86.3242,0.0346,96.6184,0.0908,0.75,0.0,1500.0,0.0,5.4014
1046.0,2026-05-06T20:18:52.458223+00:00,86.3533,0.0902,96.7067,0.0698,0.75,0.0,1500.0,0.0,5.4007
1046.5,2026-05-06T20:18:52.957805+00:00,86.3757,0.0693,96.6589,0.0999,0.75,0.0,1500.0,0.0,5.4003
1047.0,2026-05-06T20:18:53.457933+00:00,86.3929,0.0533,96.599,0.0691,0.75,0.0,1500.0,0.0,5.4002
1047.5,2026-05-06T20:18:53.963521+00:00,86.4061,0.041,96.6918,0.0223,0.75,0.0,1500.0,0.0,5.4001
1048.0,2026-05-06T20:18:54.457785+00:00,86.289,-0.0322,96.5317,0.0094,0.75,0.0,1500.0,0.0,5.4512
1048.5,2026-05-06T20:18:54.958271+00:00,86.199,-0.0883,96.7558,0.0458,0.75,0.0,1500.0,0.0,5.4762
1049.000883,2026-05-06T20:18:55.458694+00:00,86.2571,-0.0679,96.7891,0.0275,0.75,0.0,1500.0,0.0,5.4884
1049.500533,2026-05-06T20:18:55.958347+00:00,86.3017,-0.0522,96.6991,0.0134,0.75,0.0,1500.0,0.0,5.4943
1050.0,2026-05-06T20:18:56.462851+00:00,86.336,0.0235,96.6762,0.0257,0.75,0.0,1500.0,0.0,5.4972
1050.5,2026-05-06T20:18:56.957801+00:00,86.3624,0.0817,96.7511,0.0198,0.75,0.0,1500.0,0.0,5.4475
1051.0,2026-05-06T20:18:57.457785+00:00,86.3827,0.0628,96.6699,0.0461,0.75,0.0,1500.0,0.0,5.4232
1051.5,2026-05-06T20:18:57.957898+00:00,86.271,-0.0154,96.5148,-0.0803,0.75,0.0,1500.0,0.0,5.4113
1052.0,2026-05-06T20:18:58.457784+00:00,86.5669,0.1155,96.6271,-0.054,0.75,0.0,1500.0,0.0,5.4055
1052.500476,2026-05-06T20:18:58.963270+00:00,86.6672,0.1524,96.8291,0.0433,0.75,0.0,1500.0,0.0,5.4027
1053.0,2026-05-06T20:18:59.457895+00:00,86.7442,0.1808,96.7529,0.0256,0.75,0.0,1500.0,0.0,5.4013
1053.5001,2026-05-06T20:18:59.957976+00:00,86.6761,0.2026,96.5787,-0.0575,0.75,0.0,1500.0,0.0,5.4006
1054.0,2026-05-06T20:19:00.457790+00:00,86.7511,0.0921,96.9076,0.0792,0.75,0.0,1500.0,0.0,5.4003
1054.5,2026-05-06T20:19:00.958061+00:00,86.6814,0.0071,97.0447,0.1766,0.75,0.0,1500.0,0.0,5.4002
1055.000444,2026-05-06T20:19:01.462651+00:00,86.6278,-0.0582,97.0343,0.1357,0.75,0.0,1500.0,0.0,5.4001
1055.5,2026-05-06T20:19:01.957793+00:00,86.5867,-0.0447,97.1421,0.1043,0.75,0.0,1500.0,0.0,5.4
1056.00169,2026-05-06T20:19:02.459462+00:00,86.5551,-0.098,97.1092,0.1188,0.75,0.0,1500.0,0.0,5.4
1056.5,2026-05-06T20:19:02.957875+00:00,86.5308,-0.0753,97.1996,0.207,0.75,0.0,1500.0,0.0,5.4
1057.0,2026-05-06T20:19:03.457966+00:00,86.6393,0.0057,97.1534,0.0819,0.75,0.0,1500.0,0.0,5.4
1057.5,2026-05-06T20:19:03.963879+00:00,86.5955,0.0044,96.9791,-0.0219,0.75,0.0,1500.0,0.0,5.4
1058.000458,2026-05-06T20:19:04.458223+00:00,86.5618,0.0034,96.8682,-0.0554,0.75,0.0,1500.0,0.0,5.4
1058.5,2026-05-06T20:19:04.957886+00:00,86.6632,0.0662,96.7599,-0.1274,0.75,0.0,1500.0,0.0,5.4
1059.000599,2026-05-06T20:19:05.458757+00:00,86.7412,0.0509,96.6997,-0.1365,0.75,0.0,1500.0,0.0,5.4
1059.5,2026-05-06T20:19:05.957760+00:00,86.6738,0.0391,96.7692,-0.1435,0.75,0.0,1500.0,0.0,5.4
1060.0,2026-05-06T20:19:06.469680+00:00,86.8765,0.1573,96.9383,-0.0717,0.75,0.0,1500.0,0.0,5.4
1060.5,2026-05-06T20:19:06.957802+00:00,86.7778,0.0573,96.9526,-0.0088,0.75,0.0,1500.0,0.0,5.4
1061.0,2026-05-06T20:19:07.457943+00:00,86.702,-0.0196,96.9636,0.0318,0.75,0.0,1500.0,0.0,5.4
1061.5,2026-05-06T20:19:07.957797+00:00,86.6437,-0.0151,96.972,0.0707,0.75,0.0,1500.0,0.0,5.4
1062.0,2026-05-06T20:19:08.457887+00:00,86.4716,-0.2025,96.8396,0.0466,0.75,0.0,1500.0,0.0,5.4
1062.5,2026-05-06T20:19:08.963170+00:00,86.4666,-0.1556,96.9924,0.0744,0.75,0.0,1500.0,0.0,5.4
1063.0,2026-05-06T20:19:09.457893+00:00,86.3355,-0.1832,96.6471,-0.0971,0.75,0.0,1500.0,0.0,5.4512
1063.5,2026-05-06T20:19:09.957891+00:00,86.4893,-0.0772,96.7288,-0.0746,0.75,0.0,1500.0,0.0,5.425
1064.0,2026-05-06T20:19:10.457816+00:00,86.4802,0.0043,96.6527,-0.1036,0.75,0.0,1500.0,0.0,5.4122
1064.5,2026-05-06T20:19:10.957817+00:00,86.7277,0.1306,96.3628,-0.2031,0.75,0.0,1500.0,0.0,5.406
1065.0,2026-05-06T20:19:11.564521+00:00,86.5362,0.1004,96.3946,-0.1484,0.75,0.0,1500.0,0.0,5.4029
1065.5,2026-05-06T20:19:11.957770+00:00,86.6435,0.0771,96.419,-0.1912,0.75,0.0,1500.0,0.0,5.4526
1066.0006,2026-05-06T20:19:12.458727+00:00,86.5987,0.0593,96.5534,-0.0312,0.75,0.0,1500.0,0.0,5.4769
1066.5,2026-05-06T20:19:12.957931+00:00,86.5643,-0.0817,96.4022,-0.1088,0.75,0.0,1500.0,0.0,5.4375
1067.0,2026-05-06T20:19:13.457814+00:00,86.6651,0.0645,96.5405,-0.0374,0.75,0.0,1500.0,0.0,5.4183
1067.5,2026-05-06T20:19:13.963071+00:00,86.6154,-0.0141,96.5312,0.0561,0.75,0.0,1500.0,0.0,5.4089
1068.0,2026-05-06T20:19:14.457855+00:00,86.5771,-0.0108,96.2925,-0.034,0.75,0.0,1500.0,0.0,5.4556
1068.5,2026-05-06T20:19:14.957879+00:00,86.5477,-0.0083,96.3406,-0.0261,0.75,0.0,1500.0,0.0,5.4271
1069.001203,2026-05-06T20:19:15.459016+00:00,86.6523,-0.0064,96.3774,-0.0587,0.75,0.0,1500.0,0.0,5.4132
1069.5,2026-05-06T20:19:15.957785+00:00,86.6055,-0.0049,96.4058,0.0012,0.75,0.0,1500.0,0.0,5.4577
1070.0,2026-05-06T20:19:16.462462+00:00,86.6968,0.0599,96.4276,-0.0376,0.75,0.0,1500.0,0.0,5.4281
1070.5,2026-05-06T20:19:16.959697+00:00,86.6397,0.046,96.4444,-0.0289,0.75,0.0,1500.0,0.0,5.4137
1071.0,2026-05-06T20:19:17.458064+00:00,86.5958,-0.0283,96.4572,0.0549,0.75,0.0,1500.0,0.0,5.4067
1071.5,2026-05-06T20:19:17.957949+00:00,86.6893,0.0419,96.4671,0.0422,0.75,0.0,1500.0,0.0,5.4033
1072.00215,2026-05-06T20:19:18.460005+00:00,86.7612,0.0322,96.359,-0.0061,0.75,0.0,1500.0,0.0,5.4016
1072.5,2026-05-06T20:19:18.964878+00:00,86.8165,0.0884,96.3917,-0.0047,0.75,0.0,1500.0,0.0,5.4008
1073.0,2026-05-06T20:19:19.457952+00:00,86.7317,0.0679,96.4167,-0.0036,0.75,0.0,1500.0,0.0,5.4004
1073.502322,2026-05-06T20:19:19.960192+00:00,86.5392,-0.0751,96.2972,-0.0491,0.75,0.0,1500.0,0.0,5.4002
1074.0,2026-05-06T20:19:20.457814+00:00,86.3913,-0.185,96.2284,-0.0763,0.75,0.0,1500.0,0.0,5.4001
1074.5,2026-05-06T20:19:20.957893+00:00,86.2776,-0.2694,96.5226,0.0185,0.75,0.0,1500.0,0.0,5.4
1075.0,2026-05-06T20:19:21.463041+00:00,86.4448,-0.1434,96.3786,0.0065,0.75,0.0,1500.0,0.0,5.4
1075.500316,2026-05-06T20:19:21.958094+00:00,86.3187,-0.1103,96.6381,0.0821,0.75,0.0,1500.0,0.0,5.4512
1076.0,2026-05-06T20:19:22.457878+00:00,86.4764,0.0425,96.4904,0.0246,0.75,0.0,1500.0,0.0,5.4762
1076.5,2026-05-06T20:19:22.957800+00:00,86.5975,0.16,96.4695,0.0574,0.75,0.0,1500.0,0.0,5.4884
1077.0,2026-05-06T20:19:23.457771+00:00,86.6907,0.1229,96.5923,0.1213,0.75,0.0,1500.0,0.0,5.4943
1077.5,2026-05-06T20:19:23.965904+00:00,86.7622,0.2218,96.5478,0.0084,0.75,0.0,1500.0,0.0,5.446
1078.000599,2026-05-06T20:19:24.458760+00:00,86.9445,0.2341,96.5136,0.045,0.75,0.0,1500.0,0.0,5.4737
1078.5,2026-05-06T20:19:24.957761+00:00,86.7028,0.0526,96.6261,-0.004,0.75,0.0,1500.0,0.0,5.4871
1079.0,2026-05-06T20:19:25.458243+00:00,86.6443,-0.0232,96.7126,0.0741,0.75,0.0,1500.0,0.0,5.4937
1079.5,2026-05-06T20:19:25.959289+00:00,86.7266,-0.0178,96.6403,0.0569,0.75,0.0,1500.0,0.0,5.4969
1080.0,2026-05-06T20:19:26.461932+00:00,86.5353,-0.2046,96.8392,0.0823,0.75,0.0,1500.0,0.0,5.4985
1080.5,2026-05-06T20:19:26.957863+00:00,86.5156,-0.0936,96.8764,0.1096,0.75,0.0,1500.0,0.0,5.4993
1081.0,2026-05-06T20:19:27.457755+00:00,86.6277,-0.0083,97.0207,0.1691,0.75,0.0,1500.0,0.0,5.4996
1081.5,2026-05-06T20:19:27.957894+00:00,86.8411,0.0572,97.1316,0.1685,0.75,0.0,1500.0,0.0,5.4998
1082.0,2026-05-06T20:19:28.457801+00:00,86.7506,0.1076,96.9855,0.0909,0.75,0.0,1500.0,0.0,5.4999
1082.5,2026-05-06T20:19:28.962548+00:00,86.8083,0.1464,96.9888,0.1162,0.75,0.0,1500.0,0.0,5.4488
1083.0,2026-05-06T20:19:29.457806+00:00,86.7254,0.0489,96.8526,0.0044,0.75,0.0,1500.0,0.0,5.475
1083.500067,2026-05-06T20:19:29.957975+00:00,86.7889,-0.0261,96.771,-0.0351,0.75,0.0,1500.0,0.0,5.4878
1084.0,2026-05-06T20:19:30.457773+00:00,86.8378,0.0436,96.9397,-0.027,0.75,0.0,1500.0,0.0,5.494
1084.5,2026-05-06T20:19:30.957775+00:00,86.748,-0.0301,97.0693,-0.0208,0.75,0.0,1500.0,0.0,5.4971
1085.00063,2026-05-06T20:19:31.464622+00:00,86.8064,0.0405,96.9145,-0.0237,0.75,0.0,1500.0,0.0,5.4986
1085.5,2026-05-06T20:19:31.958127+00:00,86.8512,0.0311,96.9111,-0.0259,0.75,0.0,1500.0,0.0,5.4481
1086.0,2026-05-06T20:19:32.457910+00:00,86.8856,0.0239,96.9317,0.0264,0.75,0.0,1500.0,0.0,5.4235
1086.5,2026-05-06T20:19:32.957779+00:00,86.7848,0.0184,96.8318,0.0203,0.75,0.0,1500.0,0.0,5.4115
1087.0,2026-05-06T20:19:33.457755+00:00,86.9619,0.0778,96.755,-0.0616,0.75,0.0,1500.0,0.0,5.4056
1087.5,2026-05-06T20:19:33.963893+00:00,86.8434,-0.0039,96.9274,-0.0473,0.75,0.0,1500.0,0.0,5.4027
1088.0,2026-05-06T20:19:34.457809+00:00,86.7524,-0.0666,96.8285,-0.0287,0.75,0.0,1500.0,0.0,5.4013
1088.5,2026-05-06T20:19:34.957943+00:00,86.6824,-0.0512,96.9607,0.0165,0.75,0.0,1500.0,0.0,5.4006
1089.002151,2026-05-06T20:19:35.460046+00:00,86.7559,-0.103,96.7384,-0.0644,0.75,0.0,1500.0,0.0,5.4003
1089.500377,2026-05-06T20:19:35.958152+00:00,86.8124,-0.0155,96.5444,-0.0958,0.75,0.0,1500.0,0.0,5.4002
1090.0,2026-05-06T20:19:36.463322+00:00,86.7285,-0.0119,96.7655,0.0035,0.75,0.0,1500.0,0.0,5.4001
1090.5,2026-05-06T20:19:36.959711+00:00,86.7913,0.0545,96.681,-0.0821,0.75,0.0,1500.0,0.0,5.4
1091.0,2026-05-06T20:19:37.457955+00:00,86.8396,0.0419,96.7548,-0.0246,0.75,0.0,1500.0,0.0,5.4
1091.5,2026-05-06T20:19:37.957889+00:00,86.7495,-0.0315,96.5801,-0.1269,0.75,0.0,1500.0,0.0,5.4
1092.0,2026-05-06T20:19:38.457792+00:00,86.8074,0.0395,96.307,-0.1438,0.75,0.0,1500.0,0.0,5.4
1092.5,2026-05-06T20:19:38.963466+00:00,86.9793,0.094,96.3517,-0.0642,0.75,0.0,1500.0,0.0,5.4
1093.0,2026-05-06T20:19:39.457898+00:00,86.9841,0.0722,96.2703,-0.1651,0.75,0.0,1500.0,0.0,5.4512
1093.501705,2026-05-06T20:19:39.959475+00:00,86.8605,0.0555,96.2078,-0.1577,0.75,0.0,1500.0,0.0,5.4762
1094.0,2026-05-06T20:19:40.457822+00:00,86.8928,0.0427,96.3911,-0.1212,0.75,0.0,1500.0,0.0,5.4884
1094.5,2026-05-06T20:19:40.957929+00:00,86.5358,-0.2217,96.532,-0.016,0.75,0.0,1500.0,0.0,5.4943
1095.0,2026-05-06T20:19:41.466710+00:00,86.5159,-0.2341,96.4089,0.0339,0.75,0.0,1500.0,0.0,5.4972
1095.5,2026-05-06T20:19:41.957993+00:00,86.6279,-0.1163,96.6614,0.1032,0.75,0.0,1500.0,0.0,5.4474
1096.0,2026-05-06T20:19:42.458229+00:00,86.5868,-0.153,96.7397,0.1565,0.75,0.0,1500.0,0.0,5.4232
1096.500521,2026-05-06T20:19:42.958293+00:00,86.6824,0.0733,96.5917,0.128,0.75,0.0,1500.0,0.0,5.4113
1097.0,2026-05-06T20:19:43.457800+00:00,86.7559,0.12,96.5705,0.0598,0.75,0.0,1500.0,0.0,5.4055
1097.5,2026-05-06T20:19:43.963501+00:00,86.6851,0.0286,96.7624,0.0768,0.75,0.0,1500.0,0.0,5.4027
1098.000751,2026-05-06T20:19:44.458522+00:00,86.8852,0.1492,96.4703,0.0205,0.75,0.0,1500.0,0.0,5.4013
1098.5,2026-05-06T20:19:44.957836+00:00,86.9118,0.1147,96.4772,-0.0614,0.75,0.0,1500.0,0.0,5.4006
1099.0,2026-05-06T20:19:45.458299+00:00,86.9322,0.0882,96.4825,-0.0858,0.75,0.0,1500.0,0.0,5.4003
1099.5,2026-05-06T20:19:45.957794+00:00,86.9479,0.1314,96.1394,-0.1508,0.75,0.0,1500.0,0.0,5.4002
1100.0,2026-05-06T20:19:46.463361+00:00,87.0872,0.101,96.2229,-0.1159,0.75,0.0,1500.0,0.0,5.4001
1100.5,2026-05-06T20:19:46.958203+00:00,87.067,0.0776,96.4027,-0.1199,0.75,0.0,1500.0,0.0,5.4
1101.0,2026-05-06T20:19:47.457876+00:00,87.0515,0.0597,95.9624,-0.1693,0.75,0.0,1500.0,0.0,5.4
1101.5,2026-05-06T20:19:47.957752+00:00,87.0396,0.0459,96.3182,-0.053,0.75,0.0,1500.0,0.0,5.4
1102.0,2026-05-06T20:19:48.457765+00:00,87.0304,-0.0284,96.4528,-0.0099,0.75,0.0,1500.0,0.0,5.4
1102.5,2026-05-06T20:19:48.967468+00:00,87.0234,-0.0218,96.2092,0.0233,0.75,0.0,1500.0,0.0,5.4
1103.0,2026-05-06T20:19:49.457808+00:00,87.018,-0.0168,96.1608,-0.0207,0.75,0.0,1500.0,0.0,5.4
1103.5,2026-05-06T20:19:49.957889+00:00,87.0138,-0.0129,96.4707,0.0227,0.75,0.0,1500.0,0.0,5.4
1104.0,2026-05-06T20:19:50.457900+00:00,86.7561,-0.1372,96.2229,0.0868,0.75,0.0,1500.0,0.0,5.4
1104.5,2026-05-06T20:19:50.957868+00:00,86.6853,-0.1691,96.2639,-0.0181,0.75,0.0,1500.0,0.0,5.4
1105.0,2026-05-06T20:19:51.463386+00:00,86.7581,-0.1299,96.3185,-0.0448,0.75,0.0,1500.0,0.0,5.4
1105.5,2026-05-06T20:19:51.957853+00:00,86.6868,-0.1635,96.3605,0.0504,0.75,0.0,1500.0,0.0,5.4
1106.0,2026-05-06T20:19:52.457830+00:00,86.8865,0.0652,96.2771,0.0388,0.75,0.0,1500.0,0.0,5.4
1106.5,2026-05-06T20:19:52.957905+00:00,86.7855,0.0501,96.3287,-0.0473,0.75,0.0,1500.0,0.0,5.4
1107.0,2026-05-06T20:19:53.460754+00:00,86.7079,-0.0251,96.3683,0.0485,0.75,0.0,1500.0,0.0,5.4
1107.5,2026-05-06T20:19:53.962215+00:00,86.7755,0.0443,96.4914,0.0758,0.75,0.0,1500.0,0.0,5.4
1108.0,2026-05-06T20:19:54.457872+00:00,86.7002,-0.0932,96.4702,0.0506,0.75,0.0,1500.0,0.0,5.4
1108.5,2026-05-06T20:19:54.957857+00:00,86.6423,-0.0716,96.2226,-0.046,0.75,0.0,1500.0,0.0,5.4
1109.0,2026-05-06T20:19:55.457902+00:00,86.7251,0.0086,96.495,0.0726,0.75,0.0,1500.0,0.0,5.4
1109.5,2026-05-06T20:19:55.958125+00:00,86.9159,0.0702,96.7276,0.133,0.75,0.0,1500.0,0.0,5.4
1110.001532,2026-05-06T20:19:56.466802+00:00,86.9354,0.1176,96.5592,0.0636,0.75,0.0,1500.0,0.0,5.4
1110.5,2026-05-06T20:19:56.957745+00:00,86.9503,0.154,96.5455,0.0181,0.75,0.0,1500.0,0.0,5.4
1111.0,2026-05-06T20:19:57.457744+00:00,86.9618,0.1184,96.4193,-0.017,0.75,0.0,1500.0,0.0,5.4
1111.5,2026-05-06T20:19:57.957780+00:00,87.0979,0.091,96.3223,0.0332,0.75,0.0,1500.0,0.0,5.4
1112.0,2026-05-06T20:19:58.457786+00:00,86.948,0.0063,96.7105,0.0718,0.75,0.0,1500.0,0.0,5.4
1112.5,2026-05-06T20:19:58.964138+00:00,87.0873,0.0685,96.6618,-0.0219,0.75,0.0,1500.0,0.0,5.4
1113.0,2026-05-06T20:19:59.457818+00:00,87.0671,0.0526,96.2541,-0.1017,0.75,0.0,1500.0,0.0,5.4
1113.5,2026-05-06T20:19:59.958038+00:00,87.0516,-0.0232,96.1722,-0.1244,0.75,0.0,1500.0,0.0,5.4512
1114.0,2026-05-06T20:20:00.457820+00:00,87.0396,0.0458,96.4794,0.02,0.75,0.0,1500.0,0.0,5.4762
1114.501068,2026-05-06T20:20:00.958867+00:00,87.0305,-0.0284,96.4842,0.054,0.75,0.0,1500.0,0.0,5.4884
1115.0,2026-05-06T20:20:01.564135+00:00,87.0234,-0.0218,96.6035,-0.0356,0.75,0.0,1500.0,0.0,5.4943
1115.5,2026-05-06T20:20:01.958243+00:00,87.1453,0.0468,96.811,0.0497,0.75,0.0,1500.0,0.0,5.4972
1116.001506,2026-05-06T20:20:02.459266+00:00,86.7298,-0.1549,96.4845,0.0768,0.75,0.0,1500.0,0.0,5.4986
1116.5,2026-05-06T20:20:02.957833+00:00,86.7924,-0.1191,96.6038,0.1439,0.75,0.0,1500.0,0.0,5.4993
1117.0,2026-05-06T20:20:03.458100+00:00,86.8404,-0.0915,96.5798,0.0334,0.75,0.0,1500.0,0.0,5.4997
1117.5,2026-05-06T20:20:03.964299+00:00,86.8773,-0.134,96.5382,0.018,0.75,0.0,1500.0,0.0,5.4998
1118.0,2026-05-06T20:20:04.457929+00:00,86.7785,0.0243,96.645,0.0138,0.75,0.0,1500.0,0.0,5.4999
1118.5,2026-05-06T20:20:04.957894+00:00,86.8297,0.0187,96.8429,0.0106,0.75,0.0,1500.0,0.0,5.5
1119.0,2026-05-06T20:20:05.457777+00:00,86.7419,-0.0493,96.6247,0.0467,0.75,0.0,1500.0,0.0,5.5
1119.5,2026-05-06T20:20:05.957901+00:00,86.9289,0.0258,96.7115,0.0359,0.75,0.0,1500.0,0.0,5.5
1120.0,2026-05-06T20:20:06.467297+00:00,86.818,0.0198,96.894,0.1047,0.75,0.0,1500.0,0.0,5.5
1120.5,2026-05-06T20:20:06.957814+00:00,86.6056,-0.1121,96.8028,0.0882,0.75,0.0,1500.0,0.0,5.5
1121.0,2026-05-06T20:20:07.457780+00:00,86.6969,-0.0225,96.7096,0.0215,0.75,0.0,1500.0,0.0,5.5
1121.502311,2026-05-06T20:20:07.960178+00:00,86.6397,-0.1446,96.6842,-0.0529,0.75,0.0,1500.0,0.0,5.4488
1122.0,2026-05-06T20:20:08.458055+00:00,86.7231,-0.0475,96.5028,-0.0406,0.75,0.0,1500.0,0.0,5.4238
1122.500116,2026-05-06T20:20:08.962458+00:00,86.7872,0.0908,96.641,-0.0235,0.75,0.0,1500.0,0.0,5.4116
1123.0,2026-05-06T20:20:09.457789+00:00,86.9637,0.1334,96.5852,-0.1029,0.75,0.0,1500.0,0.0,5.4569
1123.5,2026-05-06T20:20:09.958018+00:00,86.8448,0.1025,96.6812,-0.0405,0.75,0.0,1500.0,0.0,5.4278
1124.0,2026-05-06T20:20:10.457854+00:00,86.8807,0.0788,96.8707,0.0537,0.75,0.0,1500.0,0.0,5.4135
1124.5,2026-05-06T20:20:10.957775+00:00,86.9083,0.0606,96.9006,0.0721,0.75,0.0,1500.0,0.0,5.4066
1125.0,2026-05-06T20:20:11.462853+00:00,86.9295,-0.0171,96.9236,0.1403,0.75,0.0,1500.0,0.0,5.4032
1125.5,2026-05-06T20:20:11.957840+00:00,87.0731,0.1141,96.9181,0.0924,0.75,0.0,1500.0,0.0,5.4016
1126.0,2026-05-06T20:20:12.457798+00:00,86.9289,0.0241,96.9371,0.1173,0.75,0.0,1500.0,0.0,5.4008
1126.5,2026-05-06T20:20:12.957778+00:00,86.9454,0.0185,96.9516,0.0901,0.75,0.0,1500.0,0.0,5.4004
1127.000116,2026-05-06T20:20:13.458626+00:00,87.0853,0.0779,96.9628,0.0307,0.75,0.0,1500.0,0.0,5.4002
1127.5,2026-05-06T20:20:13.962868+00:00,87.1928,0.0599,97.2028,0.1007,0.75,0.0,1500.0,0.0,5.4001
1128.0,2026-05-06T20:20:14.457762+00:00,87.1482,0.1096,97.1559,0.0774,0.75,0.0,1500.0,0.0,5.4512
1128.501903,2026-05-06T20:20:14.959687+00:00,87.3684,0.2115,96.8653,-0.0176,0.75,0.0,1500.0,0.0,5.4762
1129.0,2026-05-06T20:20:15.457878+00:00,87.4105,0.1626,96.6651,-0.0907,0.75,0.0,1500.0,0.0,5.4884
1129.5,2026-05-06T20:20:15.957799+00:00,87.3155,0.0613,96.8583,-0.0311,0.75,0.0,1500.0,0.0,5.4943
1130.0,2026-05-06T20:20:16.464044+00:00,87.2425,0.0471,96.6597,-0.1011,0.75,0.0,1500.0,0.0,5.446
1130.5,2026-05-06T20:20:16.957792+00:00,87.3136,-0.0274,96.507,-0.2319,0.75,0.0,1500.0,0.0,5.4225
1131.0,2026-05-06T20:20:17.458312+00:00,87.2411,-0.0847,96.274,-0.294,0.75,0.0,1500.0,0.0,5.4622
1131.5,2026-05-06T20:20:17.959821+00:00,87.058,-0.1287,96.2106,-0.2182,0.75,0.0,1500.0,0.0,5.4815
1132.000986,2026-05-06T20:20:18.458834+00:00,87.1719,-0.0353,96.3933,-0.0906,0.75,0.0,1500.0,0.0,5.491
1132.5,2026-05-06T20:20:18.965022+00:00,87.1321,-0.0908,96.4411,-0.1391,0.75,0.0,1500.0,0.0,5.4444
1133.0,2026-05-06T20:20:19.457799+00:00,87.2288,-0.0061,96.5704,-0.0297,0.75,0.0,1500.0,0.0,5.4729
1133.5,2026-05-06T20:20:19.957778+00:00,87.1759,0.0589,96.531,0.008,0.75,0.0,1500.0,0.0,5.4356
1134.0,2026-05-06T20:20:20.457907+00:00,87.1352,-0.0183,96.6395,0.1218,0.75,0.0,1500.0,0.0,5.4174
1134.5,2026-05-06T20:20:20.957879+00:00,87.1039,-0.0141,96.6072,0.1322,0.75,0.0,1500.0,0.0,5.4085
1135.0,2026-05-06T20:20:21.462169+00:00,87.2071,-0.0108,96.675,0.0939,0.75,0.0,1500.0,0.0,5.4041
1135.5,2026-05-06T20:20:21.957798+00:00,87.2865,0.0553,96.6345,0.0645,0.75,0.0,1500.0,0.0,5.402
1136.0,2026-05-06T20:20:22.457797+00:00,87.3474,0.1061,96.6265,0.0187,0.75,0.0,1500.0,0.0,5.401
1136.5,2026-05-06T20:20:22.957795+00:00,87.3943,0.1452,96.6204,0.0298,0.75,0.0,1500.0,0.0,5.4005
1137.0,2026-05-06T20:20:23.458409+00:00,87.1758,-0.0157,96.9396,0.1,0.75,0.0,1500.0,0.0,5.4002
1137.501512,2026-05-06T20:20:23.964506+00:00,87.2624,-0.012,96.6991,0.0306,0.75,0.0,1500.0,0.0,5.4001
1138.0,2026-05-06T20:20:24.457774+00:00,87.2017,-0.0729,96.653,-0.0073,0.75,0.0,1500.0,0.0,5.4001
1138.5,2026-05-06T20:20:24.957850+00:00,87.2823,-0.056,96.4787,-0.0519,0.75,0.0,1500.0,0.0,5.4
1139.001508,2026-05-06T20:20:25.459337+00:00,87.217,0.0206,96.2523,-0.1247,0.75,0.0,1500.0,0.0,5.4
1139.5,2026-05-06T20:20:25.957804+00:00,87.1668,-0.0478,96.4253,-0.065,0.75,0.0,1500.0,0.0,5.4
1140.0,2026-05-06T20:20:26.463942+00:00,87.1282,-0.0368,96.674,-0.0885,0.75,0.0,1500.0,0.0,5.4
1140.501068,2026-05-06T20:20:26.958844+00:00,87.0985,-0.0919,96.6569,-0.0141,0.75,0.0,1500.0,0.0,5.4
1141.0,2026-05-06T20:20:27.458221+00:00,87.203,-0.007,96.852,0.0663,0.75,0.0,1500.0,0.0,5.4
1141.500001,2026-05-06T20:20:27.957990+00:00,87.2833,0.0583,97.0019,0.1744,0.75,0.0,1500.0,0.0,5.4
1142.0,2026-05-06T20:20:28.457760+00:00,87.345,0.1084,97.0015,0.2497,0.75,0.0,1500.0,0.0,5.4
1142.5,2026-05-06T20:20:28.963702+00:00,87.2652,0.0833,97.2325,0.2691,0.75,0.0,1500.0,0.0,5.4
1143.0,2026-05-06T20:20:29.457798+00:00,87.4583,0.1277,97.063,0.1297,0.75,0.0,1500.0,0.0,5.4
1143.5,2026-05-06T20:20:29.957795+00:00,87.6068,0.1618,96.5856,-0.0237,0.75,0.0,1500.0,0.0,5.4
1144.0,2026-05-06T20:20:30.457788+00:00,87.5937,0.1243,96.5658,-0.0954,0.75,0.0,1500.0,0.0,5.4
1144.5,2026-05-06T20:20:30.957742+00:00,87.5836,0.1592,96.4349,-0.189,0.75,0.0,1500.0,0.0,5.4
1145.000629,2026-05-06T20:20:31.462609+00:00,87.4485,-0.0049,95.9872,-0.3381,0.75,0.0,1500.0,0.0,5.4
1145.5,2026-05-06T20:20:31.958101+00:00,87.472,-0.0674,96.1058,-0.3756,0.75,0.0,1500.0,0.0,5.4
1146.0,2026-05-06T20:20:32.458066+00:00,87.2355,-0.1791,96.197,-0.2887,0.75,0.0,1500.0,0.0,5.4
1146.5,2026-05-06T20:20:32.958652+00:00,87.0537,-0.2649,96.0357,-0.1833,0.75,0.0,1500.0,0.0,5.4
1147.000202,2026-05-06T20:20:33.458019+00:00,87.0413,-0.2036,96.1432,-0.1409,0.75,0.0,1500.0,0.0,5.4
1147.5,2026-05-06T20:20:33.963380+00:00,87.159,-0.1565,96.3414,-0.0311,0.75,0.0,1500.0,0.0,5.4
1148.0,2026-05-06T20:20:34.457762+00:00,87.1222,-0.0566,96.2624,0.0918,0.75,0.0,1500.0,0.0,5.4
1148.5,2026-05-06T20:20:34.957744+00:00,87.2212,0.0837,96.3174,0.0705,0.75,0.0,1500.0,0.0,5.4
1149.0,2026-05-06T20:20:35.457830+00:00,87.0428,0.0007,96.2208,0.0079,0.75,0.0,1500.0,0.0,5.4
1149.5,2026-05-06T20:20:35.957871+00:00,86.9056,-0.1267,96.0309,-0.0016,0.75,0.0,1500.0,0.0,5.4
1150.0,2026-05-06T20:20:36.462448+00:00,86.9274,-0.0974,96.1163,-0.009,0.75,0.0,1500.0,0.0,5.4
1150.5,2026-05-06T20:20:36.957870+00:00,86.9442,-0.1385,96.3208,-0.0069,0.75,0.0,1500.0,0.0,5.4
1151.0,2026-05-06T20:20:37.457815+00:00,87.0844,0.0208,96.154,-0.0361,0.75,0.0,1500.0,0.0,5.4
1151.5,2026-05-06T20:20:37.957767+00:00,87.3194,0.2069,96.2109,-0.0355,0.75,0.0,1500.0,0.0,5.4
1152.000628,2026-05-06T20:20:38.458638+00:00,86.8637,-0.0319,96.2778,0.019,0.75,0.0,1500.0,0.0,5.4
1152.502167,2026-05-06T20:20:38.967620+00:00,86.8952,-0.0245,96.2135,0.0609,0.75,0.0,1500.0,0.0,5.4
1153.0,2026-05-06T20:20:39.457792+00:00,86.9195,-0.0825,96.2798,0.0545,0.75,0.0,1500.0,0.0,5.4
1153.5,2026-05-06T20:20:39.958239+00:00,86.9381,-0.1907,96.0994,-0.0738,0.75,0.0,1500.0,0.0,5.4
1154.0,2026-05-06T20:20:40.457824+00:00,86.9524,0.0444,95.9375,-0.0722,0.75,0.0,1500.0,0.0,5.4
1154.5,2026-05-06T20:20:40.957808+00:00,86.9634,0.0341,96.0677,-0.0477,0.75,0.0,1500.0,0.0,5.4
1155.0,2026-05-06T20:20:41.464762+00:00,87.0992,0.0898,96.2603,-0.0058,0.75,0.0,1500.0,0.0,5.4
1155.5,2026-05-06T20:20:41.957760+00:00,86.949,0.0054,96.3158,0.0341,0.75,0.0,1500.0,0.0,5.4
1156.000427,2026-05-06T20:20:42.458267+00:00,87.2153,0.1314,96.127,-0.0509,0.75,0.0,1500.0,0.0,5.4
1156.5,2026-05-06T20:20:42.957789+00:00,87.2928,0.1647,96.2133,0.038,0.75,0.0,1500.0,0.0,5.4
1157.0,2026-05-06T20:20:43.457904+00:00,87.3523,0.1266,96.2796,0.114,0.75,0.0,1500.0,0.0,5.4
1157.5,2026-05-06T20:20:43.964415+00:00,87.0162,0.0336,96.1224,0.0182,0.75,0.0,1500.0,0.0,5.4
1158.0,2026-05-06T20:20:44.457777+00:00,87.0125,-0.1014,96.1866,-0.0246,0.75,0.0,1500.0,0.0,5.4
1158.5,2026-05-06T20:20:44.957793+00:00,86.8823,-0.2052,96.0277,-0.096,0.75,0.0,1500.0,0.0,5.4
1159.0,2026-05-06T20:20:45.459706+00:00,86.9095,-0.2214,95.9982,-0.0429,0.75,0.0,1500.0,0.0,5.4
1159.5,2026-05-06T20:20:45.957958+00:00,87.0577,0.0208,95.9755,-0.0793,0.75,0.0,1500.0,0.0,5.4
1160.0,2026-05-06T20:20:46.463112+00:00,87.1717,0.0796,95.9811,-0.0995,0.75,0.0,1500.0,0.0,5.4
1160.5,2026-05-06T20:20:46.957797+00:00,87.2592,0.1884,96.1012,-0.0071,0.75,0.0,1500.0,0.0,5.4
1161.000677,2026-05-06T20:20:47.458480+00:00,87.1992,0.1448,96.0778,-0.0363,0.75,0.0,1500.0,0.0,5.4
1161.5,2026-05-06T20:20:47.957982+00:00,87.1531,0.0477,96.2912,0.0878,0.75,0.0,1500.0,0.0,5.4
1162.0,2026-05-06T20:20:48.457858+00:00,87.245,0.0367,96.4552,0.1523,0.75,0.0,1500.0,0.0,5.4
1162.5,2026-05-06T20:20:48.965708+00:00,87.4428,0.0918,96.6738,0.2328,0.75,0.0,1500.0,0.0,5.4
1163.0,2026-05-06T20:20:49.457841+00:00,87.4676,0.1342,96.7262,0.2483,0.75,0.0,1500.0,0.0,5.4
1163.5,2026-05-06T20:20:49.957795+00:00,87.3594,0.1031,96.5581,0.1523,0.75,0.0,1500.0,0.0,5.4
1164.000373,2026-05-06T20:20:50.458145+00:00,87.4035,0.0793,96.429,0.1171,0.75,0.0,1500.0,0.0,5.4
1164.5,2026-05-06T20:20:50.957795+00:00,87.4374,-0.0027,96.4454,0.0514,0.75,0.0,1500.0,0.0,5.4
1165.0,2026-05-06T20:20:51.464095+00:00,87.4635,-0.0021,96.3423,-0.0376,0.75,0.0,1500.0,0.0,5.4
1165.5,2026-05-06T20:20:51.957840+00:00,87.4835,0.062,96.3557,-0.106,0.75,0.0,1500.0,0.0,5.4512
1166.0,2026-05-06T20:20:52.457988+00:00,87.4989,0.0477,96.5048,-0.0738,0.75,0.0,1500.0,0.0,5.4762
1166.5,2026-05-06T20:20:52.957905+00:00,87.638,0.1003,96.2723,-0.0953,0.75,0.0,1500.0,0.0,5.4884
1167.0,2026-05-06T20:20:53.457873+00:00,87.6176,0.0771,96.325,-0.0347,0.75,0.0,1500.0,0.0,5.4943
1167.500007,2026-05-06T20:20:53.963957+00:00,87.3474,-0.068,96.4812,0.0119,0.75,0.0,1500.0,0.0,5.446
1168.0,2026-05-06T20:20:54.457898+00:00,87.267,-0.1159,96.3698,0.0092,0.75,0.0,1500.0,0.0,5.4737
1168.5,2026-05-06T20:20:54.957770+00:00,87.3325,-0.1527,96.6314,0.0919,0.75,0.0,1500.0,0.0,5.4871
1169.000002,2026-05-06T20:20:55.457813+00:00,87.2556,-0.181,96.9481,0.1478,0.75,0.0,1500.0,0.0,5.4937
1169.500634,2026-05-06T20:20:55.958491+00:00,87.3237,-0.0119,96.8444,0.1907,0.75,0.0,1500.0,0.0,5.4969
1170.000103,2026-05-06T20:20:56.464066+00:00,87.2488,-0.0091,96.8804,0.1851,0.75,0.0,1500.0,0.0,5.4985
1170.5,2026-05-06T20:20:56.957899+00:00,87.3185,-0.007,97.0238,0.1809,0.75,0.0,1500.0,0.0,5.4993
1171.0,2026-05-06T20:20:57.457751+00:00,87.2448,-0.0054,97.0183,0.2161,0.75,0.0,1500.0,0.0,5.4996
1171.5,2026-05-06T20:20:57.958060+00:00,87.3154,-0.0041,97.014,0.1276,0.75,0.0,1500.0,0.0,5.4486
1172.0,2026-05-06T20:20:58.457819+00:00,87.3697,0.0605,97.1265,0.0595,0.75,0.0,1500.0,0.0,5.4237
1172.5,2026-05-06T20:20:58.963280+00:00,87.2842,-0.0172,96.9584,0.038,0.75,0.0,1500.0,0.0,5.4116
1173.0,2026-05-06T20:20:59.457872+00:00,87.4729,0.1141,97.0837,0.0678,0.75,0.0,1500.0,0.0,5.4057
1173.5,2026-05-06T20:20:59.957811+00:00,87.4908,0.0877,96.9486,-0.025,0.75,0.0,1500.0,0.0,5.4028
1174.000175,2026-05-06T20:21:00.458009+00:00,87.3772,0.0038,97.1919,0.0579,0.75,0.0,1500.0,0.0,5.4013
1174.5,2026-05-06T20:21:00.957830+00:00,87.2899,0.0029,96.9161,-0.0326,0.75,0.0,1500.0,0.0,5.4007
1175.000674,2026-05-06T20:21:01.465157+00:00,87.3501,-0.0614,97.0512,-0.0251,0.75,0.0,1500.0,0.0,5.4003
1175.5,2026-05-06T20:21:01.957859+00:00,87.1418,-0.1745,97.1551,0.0656,0.75,0.0,1500.0,0.0,5.4002
1176.0,2026-05-06T20:21:02.458010+00:00,87.2363,-0.0705,97.0266,-0.019,0.75,0.0,1500.0,0.0,5.4001
1176.5,2026-05-06T20:21:02.957779+00:00,87.3089,0.0095,97.0205,0.0239,0.75,0.0,1500.0,0.0,5.4
1177.0,2026-05-06T20:21:03.458238+00:00,87.2374,-0.0564,97.0157,-0.0587,0.75,0.0,1500.0,0.0,5.4
1177.5,2026-05-06T20:21:03.962701+00:00,87.1825,0.0203,97.0121,0.032,0.75,0.0,1500.0,0.0,5.4
1178.0,2026-05-06T20:21:04.457858+00:00,87.3948,0.0793,97.125,0.0246,0.75,0.0,1500.0,0.0,5.4
1178.5,2026-05-06T20:21:04.958042+00:00,87.4307,0.0609,97.3275,0.0575,0.75,0.0,1500.0,0.0,5.4
1179.000239,2026-05-06T20:21:05.458023+00:00,87.2038,-0.0168,97.1591,0.0442,0.75,0.0,1500.0,0.0,5.4
1179.5,2026-05-06T20:21:05.957765+00:00,87.1566,-0.0129,97.1223,0.0339,0.75,0.0,1500.0,0.0,5.4
1180.0,2026-05-06T20:21:06.464802+00:00,87.1204,-0.1372,97.2097,0.0647,0.75,0.0,1500.0,0.0,5.4
1180.5,2026-05-06T20:21:06.957778+00:00,87.2198,-0.1055,97.0455,0.0111,0.75,0.0,1500.0,0.0,5.4
1181.0,2026-05-06T20:21:07.457788+00:00,87.2962,0.0462,97.1507,0.0086,0.75,0.0,1500.0,0.0,5.4
1181.5,2026-05-06T20:21:07.958301+00:00,87.2277,0.0355,97.2315,-0.032,0.75,0.0,1500.0,0.0,5.4
1182.0,2026-05-06T20:21:08.457775+00:00,87.3022,0.0909,97.1779,0.0063,0.75,0.0,1500.0,0.0,5.4
1182.5,2026-05-06T20:21:08.964037+00:00,87.3596,0.0699,97.1368,0.0048,0.75,0.0,1500.0,0.0,5.4
1183.0,2026-05-06T20:21:09.457789+00:00,87.4036,0.0537,97.0125,-0.0657,0.75,0.0,1500.0,0.0,5.4
1183.5,2026-05-06T20:21:09.957830+00:00,87.4375,0.1049,96.8708,-0.0582,0.75,0.0,1500.0,0.0,5.4
1184.0,2026-05-06T20:21:10.457804+00:00,87.3363,0.017,96.9933,-0.0525,0.75,0.0,1500.0,0.0,5.4
1184.502167,2026-05-06T20:21:10.960065+00:00,87.3857,0.0131,96.7634,-0.156,0.75,0.0,1500.0,0.0,5.4
1185.0,2026-05-06T20:21:11.462650+00:00,87.4237,0.01,96.8182,-0.1199,0.75,0.0,1500.0,0.0,5.4
1185.5,2026-05-06T20:21:11.958067+00:00,87.3257,-0.0559,96.8371,-0.0999,0.75,0.0,1500.0,0.0,5.4
1186.0,2026-05-06T20:21:12.457819+00:00,87.3776,0.0207,96.7591,-0.0845,0.75,0.0,1500.0,0.0,5.4
1186.500319,2026-05-06T20:21:12.958099+00:00,87.2902,-0.0478,96.838,-0.0109,0.75,0.0,1500.0,0.0,5.4
1187.0,2026-05-06T20:21:13.457828+00:00,87.3503,-0.0367,96.9912,-0.0007,0.75,0.0,1500.0,0.0,5.4
1187.5,2026-05-06T20:21:13.965716+00:00,87.5238,0.0991,97.0164,0.0843,0.75,0.0,1500.0,0.0,5.4
1188.0,2026-05-06T20:21:14.457913+00:00,87.5299,0.0761,97.1283,0.1034,0.75,0.0,1500.0,0.0,5.4
1188.5,2026-05-06T20:21:14.958066+00:00,87.5345,0.1222,96.9597,0.0409,0.75,0.0,1500.0,0.0,5.4
1189.000624,2026-05-06T20:21:15.458455+00:00,87.5381,0.0939,96.8302,0.0237,0.75,0.0,1500.0,0.0,5.4
1189.5,2026-05-06T20:21:15.957788+00:00,87.6681,0.0722,96.7538,-0.0281,0.75,0.0,1500.0,0.0,5.4
1190.000348,2026-05-06T20:21:16.463177+00:00,87.6408,0.0555,96.6951,-0.0987,0.75,0.0,1500.0,0.0,5.4
1190.5,2026-05-06T20:21:16.957766+00:00,87.6198,0.0426,96.6499,-0.1221,0.75,0.0,1500.0,0.0,5.4
1191.0,2026-05-06T20:21:17.457776+00:00,87.7309,0.0964,96.7078,-0.1402,0.75,0.0,1500.0,0.0,5.4
1191.5,2026-05-06T20:21:17.958215+00:00,87.689,0.0105,96.6829,-0.0923,0.75,0.0,1500.0,0.0,5.4
1192.000533,2026-05-06T20:21:18.458347+00:00,87.6569,0.008,96.6405,-0.0632,0.75,0.0,1500.0,0.0,5.4
1192.5,2026-05-06T20:21:18.965412+00:00,87.6321,0.0062,96.4692,-0.0949,0.75,0.0,1500.0,0.0,5.4
1193.0,2026-05-06T20:21:19.458522+00:00,87.7404,0.0047,96.4763,-0.0729,0.75,0.0,1500.0,0.0,5.4
1193.500601,2026-05-06T20:21:19.958442+00:00,87.8236,0.0673,96.0884,-0.1872,0.75,0.0,1500.0,0.0,5.4
1194.0,2026-05-06T20:21:20.457771+00:00,87.7603,0.0517,96.4151,-0.0976,0.75,0.0,1500.0,0.0,5.4
1194.5,2026-05-06T20:21:20.958366+00:00,87.9662,0.167,96.4347,-0.0827,0.75,0.0,1500.0,0.0,5.4
1195.0,2026-05-06T20:21:21.463156+00:00,87.7426,0.0011,96.5655,-0.025,0.75,0.0,1500.0,0.0,5.4
1195.5,2026-05-06T20:21:21.957920+00:00,87.8253,0.0008,96.7818,0.1042,0.75,0.0,1500.0,0.0,5.4
1196.0,2026-05-06T20:21:22.457855+00:00,87.7616,0.0006,96.7166,0.0801,0.75,0.0,1500.0,0.0,5.4
1196.5,2026-05-06T20:21:22.957885+00:00,87.5854,-0.1904,96.759,0.2235,0.75,0.0,1500.0,0.0,5.4
1197.0,2026-05-06T20:21:23.458021+00:00,87.7045,-0.0191,96.8148,0.1332,0.75,0.0,1500.0,0.0,5.4
1197.5006,2026-05-06T20:21:23.963808+00:00,87.6687,-0.0783,96.7188,0.0947,0.75,0.0,1500.0,0.0,5.4
1198.000326,2026-05-06T20:21:24.458105+00:00,87.7685,0.0035,96.6682,0.0342,0.75,0.0,1500.0,0.0,5.4
1198.5,2026-05-06T20:21:24.957828+00:00,87.7179,0.0663,96.745,-0.0123,0.75,0.0,1500.0,0.0,5.4
1199.000598,2026-05-06T20:21:25.458745+00:00,87.5518,-0.0763,96.5726,-0.048,0.75,0.0,1500.0,0.0,5.4
1199.5,2026-05-06T20:21:25.957795+00:00,87.8059,0.0686,96.6715,-0.0292,0.75,0.0,1500.0,0.0,5.4
1200.0,2026-05-06T20:21:26.463777+00:00,87.874,0.0527,96.8632,0.0161,0.75,0.0,1500.0,0.0,5.4
1200.5,2026-05-06T20:21:26.957787+00:00,87.799,0.0405,96.7792,0.0201,0.75,0.0,1500.0,0.0,5.4
1201.0,2026-05-06T20:21:27.457753+00:00,87.7414,0.0948,96.8071,0.0463,0.75,0.0,1500.0,0.0,5.4
1201.5,2026-05-06T20:21:27.957768+00:00,87.6971,-0.0544,96.8286,0.0279,0.75,0.0,1500.0,0.0,5.4
1202.0,2026-05-06T20:21:28.457880+00:00,87.6631,-0.1055,96.5212,-0.0171,0.75,0.0,1500.0,0.0,5.4
1202.5,2026-05-06T20:21:28.964282+00:00,87.8914,0.0462,96.4006,-0.0903,0.75,0.0,1500.0,0.0,5.4
1203.0,2026-05-06T20:21:29.458089+00:00,87.9397,0.0992,96.4004,-0.1543,0.75,0.0,1500.0,0.0,5.4
1203.5,2026-05-06T20:21:29.957775+00:00,87.8495,0.0762,96.1921,-0.1957,0.75,0.0,1500.0,0.0,5.4512
1204.0,2026-05-06T20:21:30.458143+00:00,87.7802,0.0586,96.4947,-0.1041,0.75,0.0,1500.0,0.0,5.4762
1204.5,2026-05-06T20:21:30.957897+00:00,87.9815,0.045,96.6117,-0.0723,0.75,0.0,1500.0,0.0,5.4884
1205.000386,2026-05-06T20:21:31.465870+00:00,87.8816,-0.029,96.447,-0.0247,0.75,0.0,1500.0,0.0,5.4943
1205.5,2026-05-06T20:21:31.957760+00:00,87.9322,0.0413,96.5749,0.0581,0.75,0.0,1500.0,0.0,5.4972
1206.0,2026-05-06T20:21:32.458011+00:00,87.5892,-0.0955,96.5345,0.0447,0.75,0.0,1500.0,0.0,5.4474
1206.5,2026-05-06T20:21:32.957780+00:00,87.5801,-0.2007,96.4339,0.0806,0.75,0.0,1500.0,0.0,5.4232
1207.0,2026-05-06T20:21:33.457801+00:00,87.4459,-0.2179,96.5418,0.0157,0.75,0.0,1500.0,0.0,5.4113
1207.5,2026-05-06T20:21:33.963710+00:00,87.5972,-0.1675,96.5321,-0.0265,0.75,0.0,1500.0,0.0,5.4055
1208.0,2026-05-06T20:21:34.457762+00:00,87.7136,0.0622,96.3858,-0.0204,0.75,0.0,1500.0,0.0,5.4539
1208.5,2026-05-06T20:21:34.957756+00:00,87.6757,0.0478,96.4123,-0.0542,0.75,0.0,1500.0,0.0,5.4263
1209.0,2026-05-06T20:21:35.457908+00:00,87.3921,-0.0269,96.4326,-0.034,0.75,0.0,1500.0,0.0,5.4128
1209.500704,2026-05-06T20:21:35.958468+00:00,87.5559,-0.0207,96.3325,-0.0338,0.75,0.0,1500.0,0.0,5.4063
1210.0,2026-05-06T20:21:36.465665+00:00,87.6818,-0.0159,96.6026,0.0203,0.75,0.0,1500.0,0.0,5.4031
1210.5,2026-05-06T20:21:36.958179+00:00,87.7786,0.0514,96.6946,0.0542,0.75,0.0,1500.0,0.0,5.4015
1211.0,2026-05-06T20:21:37.457764+00:00,87.7257,0.1668,96.881,0.165,0.75,0.0,1500.0,0.0,5.4007
1211.5,2026-05-06T20:21:37.958035+00:00,87.685,0.0646,96.9085,0.1654,0.75,0.0,1500.0,0.0,5.4004
1212.0,2026-05-06T20:21:38.457756+00:00,87.5265,-0.0776,96.9065,0.158,0.75,0.0,1500.0,0.0,5.4002
1212.5,2026-05-06T20:21:38.962684+00:00,87.5319,-0.1233,96.6736,0.1137,0.75,0.0,1500.0,0.0,5.4001
1213.0,2026-05-06T20:21:39.457963+00:00,87.5361,-0.0948,96.7491,0.0488,0.75,0.0,1500.0,0.0,5.4
1213.5,2026-05-06T20:21:39.957794+00:00,87.5393,-0.0728,96.6684,-0.0087,0.75,0.0,1500.0,0.0,5.4
1214.0,2026-05-06T20:21:40.457972+00:00,87.7963,0.1349,96.6294,-0.0839,0.75,0.0,1500.0,0.0,5.4
1214.5,2026-05-06T20:21:40.957775+00:00,87.7393,0.1037,96.8077,-0.0336,0.75,0.0,1500.0,0.0,5.4
1215.000278,2026-05-06T20:21:41.464136+00:00,87.8228,0.1433,96.6208,-0.0952,0.75,0.0,1500.0,0.0,5.4
1215.5,2026-05-06T20:21:41.957760+00:00,87.8869,0.1738,96.8243,0.0502,0.75,0.0,1500.0,0.0,5.4
1216.0,2026-05-06T20:21:42.458218+00:00,87.9362,0.0699,96.9806,0.0772,0.75,0.0,1500.0,0.0,5.4
1216.5,2026-05-06T20:21:42.957773+00:00,87.8469,0.0538,96.8694,0.067,0.75,0.0,1500.0,0.0,5.4
1217.0,2026-05-06T20:21:43.457771+00:00,87.9054,0.0413,96.8996,0.0901,0.75,0.0,1500.0,0.0,5.4
1217.5,2026-05-06T20:21:43.964583+00:00,87.8232,-0.0319,96.784,-0.0079,0.75,0.0,1500.0,0.0,5.4
1218.0,2026-05-06T20:21:44.457858+00:00,87.6327,-0.1518,96.834,0.0711,0.75,0.0,1500.0,0.0,5.4
1218.5,2026-05-06T20:21:44.958199+00:00,87.7408,-0.053,96.8493,0.0083,0.75,0.0,1500.0,0.0,5.4
1219.001735,2026-05-06T20:21:45.459584+00:00,87.6967,-0.1044,96.6527,-0.1093,0.75,0.0,1500.0,0.0,5.4
1219.5,2026-05-06T20:21:45.957791+00:00,87.6627,-0.0802,96.8488,-0.0069,0.75,0.0,1500.0,0.0,5.4
1220.0,2026-05-06T20:21:46.462554+00:00,87.6366,0.002,96.7912,-0.0361,0.75,0.0,1500.0,0.0,5.4
1220.5,2026-05-06T20:21:46.957804+00:00,87.6166,-0.0621,96.7238,-0.0201,0.75,0.0,1500.0,0.0,5.4512
1221.0,2026-05-06T20:21:47.457954+00:00,87.6012,-0.0477,96.7877,-0.0154,0.75,0.0,1500.0,0.0,5.4762
1221.5,2026-05-06T20:21:47.957792+00:00,87.5893,-0.0367,96.8369,-0.0041,0.75,0.0,1500.0,0.0,5.4884
1222.0,2026-05-06T20:21:48.457803+00:00,87.8348,0.0991,96.6432,-0.0032,0.75,0.0,1500.0,0.0,5.4943
1222.5,2026-05-06T20:21:48.962710+00:00,87.8962,0.1398,96.8415,-0.0024,0.75,0.0,1500.0,0.0,5.446
1223.0,2026-05-06T20:21:49.457776+00:00,87.6888,0.0438,96.8782,0.029,0.75,0.0,1500.0,0.0,5.4737
1223.500672,2026-05-06T20:21:49.958425+00:00,87.6567,0.0337,96.7675,0.0146,0.75,0.0,1500.0,0.0,5.4871
1224.0,2026-05-06T20:21:50.457757+00:00,87.632,-0.1014,96.5899,-0.0659,0.75,0.0,1500.0,0.0,5.4937
1224.5,2026-05-06T20:21:50.957962+00:00,87.613,-0.1416,96.6848,-0.0507,0.75,0.0,1500.0,0.0,5.4969
1225.0,2026-05-06T20:21:51.464999+00:00,87.7257,0.0185,96.2949,-0.1161,0.75,0.0,1500.0,0.0,5.4985
1225.5,2026-05-06T20:21:51.957765+00:00,87.5578,-0.0494,96.2036,-0.2126,0.75,0.0,1500.0,0.0,5.4993
1226.0,2026-05-06T20:21:52.457904+00:00,87.6832,0.0256,96.3878,-0.1634,0.75,0.0,1500.0,0.0,5.4996
1226.5,2026-05-06T20:21:52.957773+00:00,87.7797,0.0833,96.4138,-0.1179,0.75,0.0,1500.0,0.0,5.4998
1227.0,2026-05-06T20:21:53.457807+00:00,87.7265,0.0004,96.7808,0.0636,0.75,0.0,1500.0,0.0,5.4999
1227.5,2026-05-06T20:21:53.963588+00:00,87.813,0.1276,96.8316,0.0489,0.75,0.0,1500.0,0.0,5.5
1228.0,2026-05-06T20:21:54.457786+00:00,87.8794,0.0981,96.6391,0.1147,0.75,0.0,1500.0,0.0,5.4488
1228.5,2026-05-06T20:21:54.957855+00:00,87.9304,0.0754,96.8383,0.2116,0.75,0.0,1500.0,0.0,5.4238
1229.0,2026-05-06T20:21:55.458084+00:00,87.9697,0.1216,96.8757,0.1626,0.75,0.0,1500.0,0.0,5.4116
1229.5,2026-05-06T20:21:55.957796+00:00,87.7453,-0.0338,96.8119,0.1327,0.75,0.0,1500.0,0.0,5.4057
1230.0,2026-05-06T20:21:56.463058+00:00,87.5728,-0.1533,96.8555,0.0249,0.75,0.0,1500.0,0.0,5.4028
1230.5,2026-05-06T20:21:56.957961+00:00,87.5675,-0.1814,96.8889,0.0191,0.75,0.0,1500.0,0.0,5.4014
1231.0,2026-05-06T20:21:57.457761+00:00,87.6908,-0.1395,96.3361,-0.101,0.75,0.0,1500.0,0.0,5.4007
1231.5,2026-05-06T20:21:57.957787+00:00,87.5309,-0.1072,96.374,-0.1548,0.75,0.0,1500.0,0.0,5.4003
1232.0,2026-05-06T20:21:58.457791+00:00,87.7899,0.1085,96.5189,-0.119,0.75,0.0,1500.0,0.0,5.4002
1232.5,2026-05-06T20:21:58.963517+00:00,87.8616,0.147,96.2831,-0.1763,0.75,0.0,1500.0,0.0,5.4001
1233.0,2026-05-06T20:21:59.457793+00:00,87.9168,0.113,96.1019,-0.2512,0.75,0.0,1500.0,0.0,5.4
1233.5,2026-05-06T20:21:59.957808+00:00,87.9592,0.2141,96.4023,-0.1622,0.75,0.0,1500.0,0.0,5.4
1234.0,2026-05-06T20:22:00.457790+00:00,87.9918,0.101,96.2166,-0.0398,0.75,0.0,1500.0,0.0,5.4
1234.5,2026-05-06T20:22:00.957855+00:00,88.0168,0.0776,96.1665,-0.0692,0.75,0.0,1500.0,0.0,5.4
1235.0,2026-05-06T20:22:01.463333+00:00,88.2906,0.1869,96.4751,-0.0146,0.75,0.0,1500.0,0.0,5.4
1235.500682,2026-05-06T20:22:01.958451+00:00,88.2465,0.1437,96.5965,0.1045,0.75,0.0,1500.0,0.0,5.4
1236.0,2026-05-06T20:22:02.457983+00:00,88.0853,0.0468,96.5742,0.1574,0.75,0.0,1500.0,0.0,5.4
1236.5,2026-05-06T20:22:02.958053+00:00,88.216,0.0996,96.6727,0.0902,0.75,0.0,1500.0,0.0,5.4
1237.0,2026-05-06T20:22:03.457775+00:00,88.1892,-0.0507,96.3782,0.0539,0.75,0.0,1500.0,0.0,5.4
1237.5,2026-05-06T20:22:03.964658+00:00,88.0413,-0.1026,96.5221,0.1185,0.75,0.0,1500.0,0.0,5.4
1238.0,2026-05-06T20:22:04.457942+00:00,87.8003,-0.1425,96.7484,0.0911,0.75,0.0,1500.0,0.0,5.4512
1238.5,2026-05-06T20:22:04.957810+00:00,87.7424,-0.2368,96.5752,-0.0071,0.75,0.0,1500.0,0.0,5.4762
1239.0,2026-05-06T20:22:05.457770+00:00,87.8251,-0.182,96.6735,0.0331,0.75,0.0,1500.0,0.0,5.4884
1239.5,2026-05-06T20:22:05.957908+00:00,87.6342,-0.2035,96.6102,-0.0208,0.75,0.0,1500.0,0.0,5.4943
1240.0,2026-05-06T20:22:06.465062+00:00,87.742,-0.0292,96.1219,-0.0854,0.75,0.0,1500.0,0.0,5.4972
1240.5,2026-05-06T20:22:06.957919+00:00,87.6976,-0.0224,96.1863,-0.1119,0.75,0.0,1500.0,0.0,5.4986
1241.0,2026-05-06T20:22:07.457888+00:00,87.7907,-0.0172,96.2589,-0.1632,0.75,0.0,1500.0,0.0,5.4993
1241.501128,2026-05-06T20:22:07.960778+00:00,87.8623,0.114,96.2915,-0.0946,0.75,0.0,1500.0,0.0,5.4485
1242.0,2026-05-06T20:22:08.457798+00:00,87.9173,0.0876,96.1084,-0.1884,0.75,0.0,1500.0,0.0,5.4237
1242.5,2026-05-06T20:22:08.965357+00:00,88.0868,0.1946,96.3147,-0.0985,0.75,0.0,1500.0,0.0,5.4115
1243.0,2026-05-06T20:22:09.459726+00:00,87.8353,0.0223,96.3576,0.0786,0.75,0.0,1500.0,0.0,5.4568
1243.500207,2026-05-06T20:22:09.957980+00:00,87.7693,-0.0465,96.5062,0.1067,0.75,0.0,1500.0,0.0,5.4789
1244.0,2026-05-06T20:22:10.457767+00:00,87.7186,-0.0994,96.6205,0.1205,0.75,0.0,1500.0,0.0,5.4897
1244.5,2026-05-06T20:22:10.957790+00:00,87.9341,-0.0764,96.5926,0.1004,0.75,0.0,1500.0,0.0,5.495
1245.0,2026-05-06T20:22:11.462203+00:00,87.8452,0.0049,96.6869,0.1928,0.75,0.0,1500.0,0.0,5.4976
1245.5,2026-05-06T20:22:11.958124+00:00,87.7769,0.0038,96.7593,0.1482,0.75,0.0,1500.0,0.0,5.4988
1246.000606,2026-05-06T20:22:12.458754+00:00,87.8517,0.0666,96.4679,0.0368,0.75,0.0,1500.0,0.0,5.4994
1246.5,2026-05-06T20:22:12.957910+00:00,87.9091,-0.0125,96.4522,-0.018,0.75,0.0,1500.0,0.0,5.4997
1247.0,2026-05-06T20:22:13.457949+00:00,87.9533,0.054,96.579,-0.0138,0.75,0.0,1500.0,0.0,5.4999
1247.5,2026-05-06T20:22:13.964415+00:00,87.9872,0.1052,96.3293,-0.0878,0.75,0.0,1500.0,0.0,5.4487
1248.0,2026-05-06T20:22:14.457797+00:00,88.0133,0.0808,96.3457,-0.1137,0.75,0.0,1500.0,0.0,5.475
1248.5,2026-05-06T20:22:14.957916+00:00,88.0334,0.0621,96.3814,-0.126,0.75,0.0,1500.0,0.0,5.4366
1249.0,2026-05-06T20:22:15.457854+00:00,87.9215,-0.0159,96.4088,-0.0197,0.75,0.0,1500.0,0.0,5.4179
1249.5,2026-05-06T20:22:15.957898+00:00,88.0901,0.0514,96.4068,-0.0151,0.75,0.0,1500.0,0.0,5.4087
1250.0,2026-05-06T20:22:16.463909+00:00,87.9651,-0.0241,96.4284,-0.0502,0.75,0.0,1500.0,0.0,5.4043
1250.5,2026-05-06T20:22:16.957790+00:00,88.1236,0.0451,96.4449,0.0385,0.75,0.0,1500.0,0.0,5.4533
1251.000027,2026-05-06T20:22:17.457775+00:00,88.1181,0.0983,96.4577,0.0373,0.75,0.0,1500.0,0.0,5.4772
1251.5,2026-05-06T20:22:17.958254+00:00,88.1139,0.0119,96.5832,0.0673,0.75,0.0,1500.0,0.0,5.4889
1252.00022,2026-05-06T20:22:18.458450+00:00,88.1107,0.0728,96.6796,0.0903,0.75,0.0,1500.0,0.0,5.4946
1252.500001,2026-05-06T20:22:18.965118+00:00,88.1082,-0.0077,96.8695,0.1542,0.75,0.0,1500.0,0.0,5.4462
1253.000984,2026-05-06T20:22:19.458785+00:00,88.1063,-0.0059,97.0154,0.1957,0.75,0.0,1500.0,0.0,5.4737
1253.5,2026-05-06T20:22:19.957781+00:00,87.9776,-0.0682,97.1275,0.2275,0.75,0.0,1500.0,0.0,5.4872
1254.0,2026-05-06T20:22:20.457838+00:00,88.0059,-0.0524,97.098,0.2134,0.75,0.0,1500.0,0.0,5.4425
1254.5,2026-05-06T20:22:20.957820+00:00,88.0277,-0.0403,96.9596,0.1255,0.75,0.0,1500.0,0.0,5.4208
1255.000474,2026-05-06T20:22:21.464445+00:00,88.1717,0.0327,96.8764,0.0656,0.75,0.0,1500.0,0.0,5.4101
1255.5,2026-05-06T20:22:21.957766+00:00,88.2824,0.1524,96.905,0.0118,0.75,0.0,1500.0,0.0,5.4049
1256.0,2026-05-06T20:22:22.457789+00:00,87.9856,-0.0101,96.7187,-0.0989,0.75,0.0,1500.0,0.0,5.4024
1256.5,2026-05-06T20:22:22.957752+00:00,88.0121,-0.0078,96.8995,-0.076,0.75,0.0,1500.0,0.0,5.4012
1257.0,2026-05-06T20:22:23.457754+00:00,87.7779,-0.1969,96.9228,-0.0584,0.75,0.0,1500.0,0.0,5.4006
1257.500678,2026-05-06T20:22:23.963810+00:00,87.7252,-0.2786,96.8249,-0.0449,0.75,0.0,1500.0,0.0,5.4003
1258.0,2026-05-06T20:22:24.457937+00:00,87.6846,-0.1505,96.8654,-0.0037,0.75,0.0,1500.0,0.0,5.4001
1258.5,2026-05-06T20:22:24.957899+00:00,87.5262,-0.2429,97.0123,0.0358,0.75,0.0,1500.0,0.0,5.4001
1259.0,2026-05-06T20:22:25.457760+00:00,87.5317,-0.1231,97.0094,0.0969,0.75,0.0,1500.0,0.0,5.4
1259.500001,2026-05-06T20:22:25.958258+00:00,87.6632,-0.031,97.0073,0.0359,0.75,0.0,1500.0,0.0,5.4
1260.0,2026-05-06T20:22:26.469981+00:00,87.8916,0.1035,96.8667,-0.0187,0.75,0.0,1500.0,0.0,5.4
1260.5,2026-05-06T20:22:26.957761+00:00,87.9398,0.2068,96.7587,-0.0221,0.75,0.0,1500.0,0.0,5.4
1261.0,2026-05-06T20:22:27.457948+00:00,88.1041,0.2862,96.6989,-0.0555,0.75,0.0,1500.0,0.0,5.4
1261.500037,2026-05-06T20:22:27.958325+00:00,88.3577,0.3473,96.6528,-0.1198,0.75,0.0,1500.0,0.0,5.4
1262.000438,2026-05-06T20:22:28.458277+00:00,88.4254,0.2669,96.7332,-0.0921,0.75,0.0,1500.0,0.0,5.4
1262.5,2026-05-06T20:22:28.963906+00:00,88.4773,0.2688,96.7718,-0.0785,0.75,0.0,1500.0,0.0,5.4
1263.0,2026-05-06T20:22:29.458073+00:00,88.5173,0.2066,96.4544,-0.1375,0.75,0.0,1500.0,0.0,5.4512
1263.5,2026-05-06T20:22:29.957756+00:00,88.4207,0.0315,96.6963,-0.0208,0.75,0.0,1500.0,0.0,5.4762
1264.0,2026-05-06T20:22:30.457965+00:00,88.2192,-0.1031,96.7666,0.0226,0.75,0.0,1500.0,0.0,5.4884
1264.501735,2026-05-06T20:22:30.959520+00:00,88.0644,-0.2065,96.4735,-0.0598,0.75,0.0,1500.0,0.0,5.4943
1265.0,2026-05-06T20:22:31.463560+00:00,87.9454,-0.286,96.5953,-0.0459,0.75,0.0,1500.0,0.0,5.4972
1265.5,2026-05-06T20:22:31.957933+00:00,88.1084,-0.1562,96.689,-0.0276,0.75,0.0,1500.0,0.0,5.4474
1266.0,2026-05-06T20:22:32.457800+00:00,88.1065,-0.0564,96.6452,0.0636,0.75,0.0,1500.0,0.0,5.4232
1266.5,2026-05-06T20:22:32.957874+00:00,88.105,0.0203,96.7273,0.0103,0.75,0.0,1500.0,0.0,5.4113
1267.000007,2026-05-06T20:22:33.458033+00:00,88.1038,0.0792,96.6979,-0.0229,0.75,0.0,1500.0,0.0,5.4055
1267.5,2026-05-06T20:22:33.965173+00:00,88.1029,-0.0027,96.5364,0.021,0.75,0.0,1500.0,0.0,5.4027
1268.0,2026-05-06T20:22:34.457925+00:00,88.2295,0.0615,96.6437,0.0161,0.75,0.0,1500.0,0.0,5.4013
1268.5,2026-05-06T20:22:34.957974+00:00,88.3268,0.1109,96.8418,0.0509,0.75,0.0,1500.0,0.0,5.4006
1269.001059,2026-05-06T20:22:35.458836+00:00,88.2743,0.0853,96.7627,0.0392,0.75,0.0,1500.0,0.0,5.4003
1269.500363,2026-05-06T20:22:35.958223+00:00,88.3613,0.1292,97.049,0.1072,0.75,0.0,1500.0,0.0,5.4002
1270.0,2026-05-06T20:22:36.465005+00:00,88.3008,0.0356,97.1534,0.1518,0.75,0.0,1500.0,0.0,5.4001
1270.5,2026-05-06T20:22:36.957747+00:00,88.3816,0.0274,97.0022,0.1553,0.75,0.0,1500.0,0.0,5.4
1271.000543,2026-05-06T20:22:37.458373+00:00,88.4437,0.0847,96.886,0.0808,0.75,0.0,1500.0,0.0,5.4
1271.5,2026-05-06T20:22:37.958137+00:00,88.4915,0.0651,96.681,-0.0536,0.75,0.0,1500.0,0.0,5.4
1272.0,2026-05-06T20:22:38.457784+00:00,88.4009,0.05,96.5234,-0.0798,0.75,0.0,1500.0,0.0,5.4
1272.500112,2026-05-06T20:22:38.962612+00:00,88.3312,-0.0252,96.6337,-0.1385,0.75,0.0,1500.0,0.0,5.4
1273.0,2026-05-06T20:22:39.457758+00:00,88.405,-0.0194,96.8341,-0.1064,0.75,0.0,1500.0,0.0,5.4
1273.500635,2026-05-06T20:22:39.958478+00:00,88.3344,-0.0785,96.5254,-0.1589,0.75,0.0,1500.0,0.0,5.4
1274.0,2026-05-06T20:22:40.457862+00:00,88.1529,-0.124,96.4038,-0.1607,0.75,0.0,1500.0,0.0,5.4
1274.5,2026-05-06T20:22:40.958006+00:00,88.0134,-0.1589,96.5418,-0.0464,0.75,0.0,1500.0,0.0,5.4
1275.0,2026-05-06T20:22:41.466306+00:00,88.0334,-0.1858,96.3007,-0.0742,0.75,0.0,1500.0,0.0,5.4
1275.5,2026-05-06T20:22:41.957801+00:00,87.9216,-0.2064,96.3468,-0.0956,0.75,0.0,1500.0,0.0,5.4
1276.0,2026-05-06T20:22:42.457819+00:00,87.8356,-0.1587,96.3591,-0.1583,0.75,0.0,1500.0,0.0,5.4
1276.500756,2026-05-06T20:22:42.958567+00:00,87.8968,-0.0583,96.1603,-0.1217,0.75,0.0,1500.0,0.0,5.4
1277.0,2026-05-06T20:22:43.457937+00:00,88.0711,0.0188,96.2389,-0.055,0.75,0.0,1500.0,0.0,5.4
1277.5,2026-05-06T20:22:43.962741+00:00,88.0778,0.0781,96.2762,-0.0885,0.75,0.0,1500.0,0.0,5.4
1278.0,2026-05-06T20:22:44.457772+00:00,88.2102,0.1873,95.9577,-0.1143,0.75,0.0,1500.0,0.0,5.4
1278.5,2026-05-06T20:22:44.957746+00:00,88.1847,0.144,95.8518,-0.165,0.75,0.0,1500.0,0.0,5.4
1279.0,2026-05-06T20:22:45.458370+00:00,88.1651,0.047,95.9787,-0.1268,0.75,0.0,1500.0,0.0,5.4
1279.501751,2026-05-06T20:22:45.959584+00:00,88.0228,-0.0275,96.0993,-0.0203,0.75,0.0,1500.0,0.0,5.4
1280.0,2026-05-06T20:22:46.463325+00:00,88.1679,-0.0211,96.0763,-0.0542,0.75,0.0,1500.0,0.0,5.4
1280.5,2026-05-06T20:22:46.958067+00:00,88.2795,0.0474,96.1512,-0.0417,0.75,0.0,1500.0,0.0,5.4
1281.0,2026-05-06T20:22:47.458158+00:00,88.2379,0.0364,96.2319,0.0914,0.75,0.0,1500.0,0.0,5.4
1281.500378,2026-05-06T20:22:47.958239+00:00,88.206,0.0916,96.0394,0.0625,0.75,0.0,1500.0,0.0,5.4
1282.0,2026-05-06T20:22:48.457779+00:00,88.1815,0.0068,96.146,0.0558,0.75,0.0,1500.0,0.0,5.4
1282.5,2026-05-06T20:22:48.963046+00:00,88.1626,-0.0584,96.3205,0.0737,0.75,0.0,1500.0,0.0,5.4
1283.0,2026-05-06T20:22:49.457902+00:00,88.0209,-0.1085,96.2463,0.0567,0.75,0.0,1500.0,0.0,5.4
1283.5,2026-05-06T20:22:49.958238+00:00,88.1664,-0.0198,96.3282,0.059,0.75,0.0,1500.0,0.0,5.4
1284.000072,2026-05-06T20:22:50.458475+00:00,88.2783,0.0484,96.5993,0.1225,0.75,0.0,1500.0,0.0,5.4
1284.5,2026-05-06T20:22:50.957787+00:00,88.2371,0.0372,96.692,0.2175,0.75,0.0,1500.0,0.0,5.4
1285.0,2026-05-06T20:22:51.463237+00:00,88.3326,0.1559,96.7633,0.2058,0.75,0.0,1500.0,0.0,5.4
1285.5,2026-05-06T20:22:51.957814+00:00,88.0243,-0.0711,96.5867,0.0887,0.75,0.0,1500.0,0.0,5.4
1286.000377,2026-05-06T20:22:52.458154+00:00,87.9145,-0.1819,96.5435,0.0991,0.75,0.0,1500.0,0.0,5.4
1286.5,2026-05-06T20:22:52.957828+00:00,88.0847,-0.0762,96.5334,0.0684,0.75,0.0,1500.0,0.0,5.4
1287.002176,2026-05-06T20:22:53.460056+00:00,88.0882,-0.1222,96.3868,-0.0708,0.75,0.0,1500.0,0.0,5.4
1287.5,2026-05-06T20:22:53.963405+00:00,88.091,0.0334,96.413,-0.093,0.75,0.0,1500.0,0.0,5.3488
1288.000167,2026-05-06T20:22:54.457981+00:00,88.0931,0.0893,96.41,-0.1178,0.75,0.0,1500.0,0.0,5.375
1288.502316,2026-05-06T20:22:54.960207+00:00,88.0947,0.005,96.454,-0.0442,0.75,0.0,1500.0,0.0,5.3878
1289.0,2026-05-06T20:22:55.457919+00:00,88.0959,0.0038,96.5803,0.0123,0.75,0.0,1500.0,0.0,5.394
1289.5,2026-05-06T20:22:55.957785+00:00,88.0968,0.0029,96.446,-0.0291,0.75,0.0,1500.0,0.0,5.3971
1290.0,2026-05-06T20:22:56.464868+00:00,88.0976,0.0023,96.4585,0.0239,0.75,0.0,1500.0,0.0,5.3986
1290.500273,2026-05-06T20:22:56.958306+00:00,88.2254,0.0654,96.445,0.0107,0.75,0.0,1500.0,0.0,5.3993
1291.0,2026-05-06T20:22:57.457909+00:00,88.1964,0.0502,96.4577,0.0159,0.75,0.0,1500.0,0.0,5.3997
1291.5,2026-05-06T20:22:57.957774+00:00,88.1741,0.0386,96.4675,0.0045,0.75,0.0,1500.0,0.0,5.3998
1292.0,2026-05-06T20:22:58.457738+00:00,88.1569,0.0297,96.7064,0.042,0.75,0.0,1500.0,0.0,5.3999
1292.5,2026-05-06T20:22:58.964437+00:00,88.0165,-0.1045,96.543,0.0323,0.75,0.0,1500.0,0.0,5.4
1293.0,2026-05-06T20:22:59.457882+00:00,88.1631,-0.0167,96.4173,-0.0137,0.75,0.0,1500.0,0.0,5.4512
1293.5,2026-05-06T20:22:59.957771+00:00,88.1485,-0.0128,96.4133,-0.0106,0.75,0.0,1500.0,0.0,5.4762
1294.0,2026-05-06T20:23:00.457961+00:00,88.2645,0.0538,96.5491,0.0305,0.75,0.0,1500.0,0.0,5.4884
1294.5,2026-05-06T20:23:00.957800+00:00,88.2265,0.105,96.5377,0.0234,0.75,0.0,1500.0,0.0,5.4943
1295.0,2026-05-06T20:23:01.462343+00:00,88.1972,0.0171,96.6447,-0.0206,0.75,0.0,1500.0,0.0,5.4972
1295.5,2026-05-06T20:23:01.958156+00:00,88.1747,0.0131,96.5881,0.015,0.75,0.0,1500.0,0.0,5.4986
1296.0,2026-05-06T20:23:02.457765+00:00,88.412,0.0737,96.3594,-0.0193,0.75,0.0,1500.0,0.0,5.4993
1296.5,2026-05-06T20:23:02.957779+00:00,87.958,-0.1343,96.3688,-0.0148,0.75,0.0,1500.0,0.0,5.4997
1297.0,2026-05-06T20:23:03.457839+00:00,87.9908,-0.1032,96.5149,-0.0114,0.75,0.0,1500.0,0.0,5.4998
1297.5,2026-05-06T20:23:03.968530+00:00,88.0161,-0.0793,96.3726,-0.055,0.75,0.0,1500.0,0.0,5.4487
1298.0,2026-05-06T20:23:04.457849+00:00,88.0355,-0.1882,96.3789,-0.0886,0.75,0.0,1500.0,0.0,5.475
1298.5,2026-05-06T20:23:04.957925+00:00,88.305,0.1735,96.3838,-0.0681,0.75,0.0,1500.0,0.0,5.4878
1299.0,2026-05-06T20:23:05.457857+00:00,88.3848,0.197,96.1793,-0.06,0.75,0.0,1500.0,0.0,5.494
1299.5,2026-05-06T20:23:05.957779+00:00,88.3189,0.1514,96.3692,0.0001,0.75,0.0,1500.0,0.0,5.4971
1300.0,2026-05-06T20:23:06.465438+00:00,88.3955,0.18,96.5152,0.0001,0.75,0.0,1500.0,0.0,5.4986
1300.5,2026-05-06T20:23:06.957799+00:00,88.4544,0.0747,96.396,0.0078,0.75,0.0,1500.0,0.0,5.4481
1301.0,2026-05-06T20:23:07.457837+00:00,88.4997,0.0574,96.6283,0.0831,0.75,0.0,1500.0,0.0,5.4235
1301.5,2026-05-06T20:23:07.958077+00:00,88.6617,0.1714,96.7143,0.1102,0.75,0.0,1500.0,0.0,5.4115
1302.0,2026-05-06T20:23:08.457750+00:00,88.5317,0.0681,96.549,0.1232,0.75,0.0,1500.0,0.0,5.4056
1302.5,2026-05-06T20:23:08.963032+00:00,88.3046,-0.0749,96.5377,0.0562,0.75,0.0,1500.0,0.0,5.4027
1303.0,2026-05-06T20:23:09.458341+00:00,88.2572,-0.1212,96.5058,-0.0031,0.75,0.0,1500.0,0.0,5.4013
1303.5,2026-05-06T20:23:09.957793+00:00,88.2208,-0.2204,96.5045,0.0362,0.75,0.0,1500.0,0.0,5.4006
1304.0,2026-05-06T20:23:10.457913+00:00,88.0656,-0.2331,96.7348,0.0355,0.75,0.0,1500.0,0.0,5.4003
1304.5,2026-05-06T20:23:10.958077+00:00,87.9463,-0.1791,96.9119,0.0659,0.75,0.0,1500.0,0.0,5.4002
1305.0,2026-05-06T20:23:11.466648+00:00,88.2364,-0.0104,96.7009,0.0506,0.75,0.0,1500.0,0.0,5.4001
1305.5,2026-05-06T20:23:11.957819+00:00,88.2048,-0.008,96.6313,0.0312,0.75,0.0,1500.0,0.0,5.4
1306.001552,2026-05-06T20:23:12.459587+00:00,88.3079,0.1211,96.7397,0.078,0.75,0.0,1500.0,0.0,5.4
1306.500537,2026-05-06T20:23:12.958376+00:00,88.387,0.2204,96.8925,0.1293,0.75,0.0,1500.0,0.0,5.4
1307.0,2026-05-06T20:23:13.457987+00:00,88.5751,0.1694,96.8248,0.03,0.75,0.0,1500.0,0.0,5.4
1307.502171,2026-05-06T20:23:13.965821+00:00,88.5925,0.1938,96.9811,0.0231,0.75,0.0,1500.0,0.0,5.4
1308.000038,2026-05-06T20:23:14.457790+00:00,88.6058,0.149,97.1011,0.1334,0.75,0.0,1500.0,0.0,5.4
1308.5,2026-05-06T20:23:14.957758+00:00,88.3615,-0.0128,97.3091,0.226,0.75,0.0,1500.0,0.0,5.4
1309.000353,2026-05-06T20:23:15.458148+00:00,88.301,-0.1371,97.2376,0.166,0.75,0.0,1500.0,0.0,5.4
1309.5,2026-05-06T20:23:15.957773+00:00,88.3817,-0.1054,97.414,0.1738,0.75,0.0,1500.0,0.0,5.4
1310.0,2026-05-06T20:23:16.464502+00:00,88.1893,-0.2083,97.3182,0.1645,0.75,0.0,1500.0,0.0,5.4
1310.5,2026-05-06T20:23:16.957974+00:00,88.1686,-0.0964,97.3603,0.1264,0.75,0.0,1500.0,0.0,5.4
1311.0,2026-05-06T20:23:17.458183+00:00,88.0255,-0.1378,97.5083,0.1357,0.75,0.0,1500.0,0.0,5.4
1311.5,2026-05-06T20:23:17.957779+00:00,88.0427,-0.1695,97.5064,0.0658,0.75,0.0,1500.0,0.0,5.4
1312.0,2026-05-06T20:23:18.457834+00:00,88.1832,-0.003,97.3892,0.0505,0.75,0.0,1500.0,0.0,5.4
1312.5,2026-05-06T20:23:18.963334+00:00,88.2912,0.0613,97.2991,-0.0383,0.75,0.0,1500.0,0.0,5.4
1313.000023,2026-05-06T20:23:19.457789+00:00,88.247,0.1108,97.3456,0.0091,0.75,0.0,1500.0,0.0,5.4
1313.5,2026-05-06T20:23:19.957809+00:00,88.4675,0.2124,97.2656,-0.0315,0.75,0.0,1500.0,0.0,5.4
1314.0,2026-05-06T20:23:20.457757+00:00,88.3825,0.0996,97.0885,-0.1399,0.75,0.0,1500.0,0.0,5.4
1314.500003,2026-05-06T20:23:20.957783+00:00,88.1898,-0.0507,97.1837,-0.1076,0.75,0.0,1500.0,0.0,5.4
1315.0,2026-05-06T20:23:21.465414+00:00,88.1691,-0.039,97.0255,-0.1212,0.75,0.0,1500.0,0.0,5.4
1315.500409,2026-05-06T20:23:21.958259+00:00,87.8985,-0.2845,96.7882,-0.1703,0.75,0.0,1500.0,0.0,5.4
1316.0,2026-05-06T20:23:22.457786+00:00,87.9452,-0.2187,96.8141,-0.1772,0.75,0.0,1500.0,0.0,5.4
1316.5,2026-05-06T20:23:22.957783+00:00,87.981,-0.1044,96.834,-0.1439,0.75,0.0,1500.0,0.0,5.4
1317.0,2026-05-06T20:23:23.457776+00:00,88.1358,-0.0166,96.7798,-0.1029,0.75,0.0,1500.0,0.0,5.4
1317.500253,2026-05-06T20:23:23.963658+00:00,88.0002,0.0509,96.7151,-0.1562,0.75,0.0,1500.0,0.0,5.4
1318.0,2026-05-06T20:23:24.458307+00:00,87.7688,-0.0882,96.5496,-0.1586,0.75,0.0,1500.0,0.0,5.4
1318.5,2026-05-06T20:23:24.957762+00:00,87.9727,-0.0041,96.3067,-0.1605,0.75,0.0,1500.0,0.0,5.4
1319.0,2026-05-06T20:23:25.457778+00:00,87.7476,-0.1941,96.3283,-0.1619,0.75,0.0,1500.0,0.0,5.4
1319.5,2026-05-06T20:23:25.958038+00:00,87.9564,-0.0219,96.1135,-0.2402,0.75,0.0,1500.0,0.0,5.4
1320.000677,2026-05-06T20:23:26.463804+00:00,88.1169,0.1741,96.0872,-0.2309,0.75,0.0,1500.0,0.0,5.4
1320.5,2026-05-06T20:23:26.957913+00:00,88.2403,0.1338,96.0439,-0.2237,0.75,0.0,1500.0,0.0,5.4
1321.0,2026-05-06T20:23:27.457896+00:00,88.4624,0.3574,96.2651,-0.0948,0.75,0.0,1500.0,0.0,5.4
1321.5,2026-05-06T20:23:27.957819+00:00,88.2512,0.1474,96.1112,-0.0652,0.75,0.0,1500.0,0.0,5.4
1322.0,2026-05-06T20:23:28.457795+00:00,88.4708,0.1769,96.4326,0.0348,0.75,0.0,1500.0,0.0,5.4
1322.5,2026-05-06T20:23:28.964512+00:00,88.385,0.0724,96.5639,0.1501,0.75,0.0,1500.0,0.0,5.4
1323.0,2026-05-06T20:23:29.457760+00:00,88.5736,0.0556,96.526,0.1462,0.75,0.0,1500.0,0.0,5.4512
1323.5,2026-05-06T20:23:29.957906+00:00,88.5913,0.17,96.6357,0.1973,0.75,0.0,1500.0,0.0,5.425
1324.0,2026-05-06T20:23:30.457883+00:00,88.6049,0.067,96.8357,0.1902,0.75,0.0,1500.0,0.0,5.4122
1324.5,2026-05-06T20:23:30.957748+00:00,88.6153,0.1152,96.758,0.2156,0.75,0.0,1500.0,0.0,5.406
1325.0,2026-05-06T20:23:31.465280+00:00,88.3688,-0.1024,96.814,0.1271,0.75,0.0,1500.0,0.0,5.4029
1325.5,2026-05-06T20:23:31.957907+00:00,88.5611,-0.0151,96.6025,0.0129,0.75,0.0,1500.0,0.0,5.4526
1326.000636,2026-05-06T20:23:32.458500+00:00,88.4544,-0.0752,96.6019,0.0253,0.75,0.0,1500.0,0.0,5.4769
1326.5,2026-05-06T20:23:32.957790+00:00,88.3724,-0.1214,96.5783,-0.0191,0.75,0.0,1500.0,0.0,5.4375
1327.0,2026-05-06T20:23:33.458054+00:00,88.3094,-0.0297,96.5602,-0.0918,0.75,0.0,1500.0,0.0,5.4183
1327.5,2026-05-06T20:23:33.964635+00:00,88.2609,-0.1501,96.5231,-0.0783,0.75,0.0,1500.0,0.0,5.4089
1328.0,2026-05-06T20:23:34.457949+00:00,88.4782,0.0119,96.4946,-0.1065,0.75,0.0,1500.0,0.0,5.4044
1328.5,2026-05-06T20:23:34.958083+00:00,88.3907,0.0091,96.7273,0.0416,0.75,0.0,1500.0,0.0,5.4021
1329.0,2026-05-06T20:23:35.457978+00:00,88.4507,0.0707,96.6515,0.0165,0.75,0.0,1500.0,0.0,5.401
1329.500451,2026-05-06T20:23:35.958310+00:00,88.3696,0.0543,96.6165,0.0127,0.75,0.0,1500.0,0.0,5.4005
1330.0,2026-05-06T20:23:36.464175+00:00,88.0526,-0.2128,96.5895,0.0098,0.75,0.0,1500.0,0.0,5.4002
1330.5,2026-05-06T20:23:36.957904+00:00,88.1909,-0.0999,96.8002,0.0924,0.75,0.0,1500.0,0.0,5.4001
1331.0,2026-05-06T20:23:37.457754+00:00,88.4244,-0.0132,96.7307,0.0787,0.75,0.0,1500.0,0.0,5.4001
1331.5,2026-05-06T20:23:37.958222+00:00,88.7311,0.1808,96.793,0.0219,0.75,0.0,1500.0,0.0,5.4
1332.0,2026-05-06T20:23:38.457820+00:00,88.4578,0.2026,96.9566,0.1017,0.75,0.0,1500.0,0.0,5.4
1332.5,2026-05-06T20:23:38.962650+00:00,88.1205,-0.0352,97.0824,0.1553,0.75,0.0,1500.0,0.0,5.4
1333.0,2026-05-06T20:23:39.457796+00:00,88.1157,-0.1543,97.179,0.1965,0.75,0.0,1500.0,0.0,5.4
1333.5,2026-05-06T20:23:39.958005+00:00,88.2394,-0.2459,97.2533,0.151,0.75,0.0,1500.0,0.0,5.4
1334.0,2026-05-06T20:23:40.457930+00:00,88.0798,-0.189,97.3104,0.1932,0.75,0.0,1500.0,0.0,5.4
1334.5,2026-05-06T20:23:40.957946+00:00,88.0845,-0.018,97.2386,0.1485,0.75,0.0,1500.0,0.0,5.4
1335.000663,2026-05-06T20:23:41.462650+00:00,88.2154,0.0498,97.0908,0.0447,0.75,0.0,1500.0,0.0,5.4
1335.5,2026-05-06T20:23:41.957781+00:00,88.1887,-0.0253,97.1855,0.0344,0.75,0.0,1500.0,0.0,5.4
1336.0,2026-05-06T20:23:42.458119+00:00,88.4227,0.1714,97.1426,-0.0121,0.75,0.0,1500.0,0.0,5.4
1336.500689,2026-05-06T20:23:42.958465+00:00,88.348,0.1318,96.9707,-0.0942,0.75,0.0,1500.0,0.0,5.4
1337.0,2026-05-06T20:23:43.457933+00:00,88.4179,0.1013,97.0932,-0.0724,0.75,0.0,1500.0,0.0,5.4
1337.5,2026-05-06T20:23:43.967810+00:00,88.5989,0.2051,96.9328,-0.1019,0.75,0.0,1500.0,0.0,5.4
1338.0,2026-05-06T20:23:44.457804+00:00,88.6107,0.094,96.9715,-0.0398,0.75,0.0,1500.0,0.0,5.4512
1338.5,2026-05-06T20:23:44.957771+00:00,88.4925,0.0723,96.8392,-0.1154,0.75,0.0,1500.0,0.0,5.425
1339.0,2026-05-06T20:23:45.457801+00:00,88.6562,0.1192,96.7839,-0.1196,0.75,0.0,1500.0,0.0,5.4122
1339.5,2026-05-06T20:23:45.958012+00:00,88.5275,-0.0357,96.5794,-0.1305,0.75,0.0,1500.0,0.0,5.406
1340.0,2026-05-06T20:23:46.464743+00:00,88.5559,-0.0274,96.561,-0.1774,0.75,0.0,1500.0,0.0,5.4029
1340.502175,2026-05-06T20:23:46.960046+00:00,88.5776,0.0426,96.5469,-0.1286,0.75,0.0,1500.0,0.0,5.4014
1341.0,2026-05-06T20:23:47.460165+00:00,88.4671,-0.0946,96.6517,-0.1066,0.75,0.0,1500.0,0.0,5.4007
1341.500453,2026-05-06T20:23:47.958219+00:00,88.5094,-0.009,96.6166,-0.0742,0.75,0.0,1500.0,0.0,5.4003
1342.0,2026-05-06T20:23:48.457851+00:00,88.7965,0.1203,96.821,0.0124,0.75,0.0,1500.0,0.0,5.4002
1342.500586,2026-05-06T20:23:48.964628+00:00,88.7626,0.0925,96.6542,0.0249,0.75,0.0,1500.0,0.0,5.4001
1343.0,2026-05-06T20:23:49.457745+00:00,88.7365,0.1347,96.8499,0.0963,0.75,0.0,1500.0,0.0,5.4
1343.5,2026-05-06T20:23:49.958170+00:00,88.8438,0.1672,96.7458,0.0663,0.75,0.0,1500.0,0.0,5.4
1344.00069,2026-05-06T20:23:50.458448+00:00,88.7989,0.0012,96.6658,0.0047,0.75,0.0,1500.0,0.0,5.4
1344.5,2026-05-06T20:23:50.957886+00:00,88.8918,0.0646,96.7431,0.0422,0.75,0.0,1500.0,0.0,5.4
1345.0,2026-05-06T20:23:51.465232+00:00,88.8358,0.0496,97.034,0.071,0.75,0.0,1500.0,0.0,5.4
1345.5,2026-05-06T20:23:51.957771+00:00,88.7928,-0.0255,97.0261,0.124,0.75,0.0,1500.0,0.0,5.4
1346.0,2026-05-06T20:23:52.457974+00:00,88.6325,-0.0832,96.9044,0.0182,0.75,0.0,1500.0,0.0,5.4
1346.500107,2026-05-06T20:23:52.957918+00:00,88.6365,-0.1276,96.9034,0.0525,0.75,0.0,1500.0,0.0,5.4
1347.001009,2026-05-06T20:23:53.458803+00:00,88.5124,-0.1617,96.6943,0.0095,0.75,0.0,1500.0,0.0,5.4
1347.500564,2026-05-06T20:23:53.962783+00:00,88.417,-0.1879,96.8808,0.0459,0.75,0.0,1500.0,0.0,5.4
1348.000006,2026-05-06T20:23:54.457853+00:00,88.4709,-0.0808,96.9083,-0.0419,0.75,0.0,1500.0,0.0,5.4
1348.5,2026-05-06T20:23:54.957807+00:00,88.3851,-0.1257,96.7213,-0.1016,0.75,0.0,1500.0,0.0,5.4
1349.0,2026-05-06T20:23:55.457770+00:00,88.5736,0.0306,97.0172,0.0376,0.75,0.0,1500.0,0.0,5.4
1349.5,2026-05-06T20:23:55.957992+00:00,88.464,0.0235,96.8975,-0.0019,0.75,0.0,1500.0,0.0,5.4
1350.0,2026-05-06T20:23:56.466034+00:00,88.3798,-0.0455,96.9212,0.0756,0.75,0.0,1500.0,0.0,5.4
1350.5,2026-05-06T20:23:56.957826+00:00,88.4423,0.0286,96.8238,-0.019,0.75,0.0,1500.0,0.0,5.4
1351.0,2026-05-06T20:23:57.458141+00:00,88.4904,-0.0416,96.9802,0.024,0.75,0.0,1500.0,0.0,5.4
1351.5,2026-05-06T20:23:57.957831+00:00,88.5273,0.0316,96.9848,0.0878,0.75,0.0,1500.0,0.0,5.4
1352.0,2026-05-06T20:23:58.457839+00:00,88.5557,0.088,97.104,0.0289,0.75,0.0,1500.0,0.0,5.4
1352.5,2026-05-06T20:23:58.962456+00:00,88.4503,0.004,97.1957,0.0994,0.75,0.0,1500.0,0.0,5.4
1353.001065,2026-05-06T20:23:59.458841+00:00,88.4965,0.003,97.1504,0.0764,0.75,0.0,1500.0,0.0,5.4
1353.5,2026-05-06T20:23:59.957770+00:00,88.6593,0.066,96.9999,0.0587,0.75,0.0,1500.0,0.0,5.4
1354.0,2026-05-06T20:24:00.458096+00:00,88.7844,0.1143,97.1156,0.0451,0.75,0.0,1500.0,0.0,5.4
1354.50068,2026-05-06T20:24:00.958437+00:00,88.8806,0.2152,96.8343,-0.0502,0.75,0.0,1500.0,0.0,5.4
1355.0,2026-05-06T20:24:01.462833+00:00,88.8272,0.1654,96.8958,-0.0694,0.75,0.0,1500.0,0.0,5.4
1355.5,2026-05-06T20:24:01.958154+00:00,88.7862,0.0635,96.8042,-0.1305,0.75,0.0,1500.0,0.0,5.4
1356.001511,2026-05-06T20:24:02.459300+00:00,88.7547,-0.0149,96.6181,-0.1774,0.75,0.0,1500.0,0.0,5.4
1356.5,2026-05-06T20:24:02.957746+00:00,88.4759,-0.2023,96.5908,-0.1364,0.75,0.0,1500.0,0.0,5.4
1357.0,2026-05-06T20:24:03.457852+00:00,88.3889,-0.2191,96.5698,-0.1819,0.75,0.0,1500.0,0.0,5.4
1357.5,2026-05-06T20:24:03.965843+00:00,88.5766,-0.1048,96.4379,-0.1321,0.75,0.0,1500.0,0.0,5.4
1358.000593,2026-05-06T20:24:04.458517+00:00,88.5936,-0.0805,96.3366,-0.1864,0.75,0.0,1500.0,0.0,5.4
1358.5,2026-05-06T20:24:04.957735+00:00,88.4794,0.0017,96.4901,-0.1047,0.75,0.0,1500.0,0.0,5.4
1359.0,2026-05-06T20:24:05.458096+00:00,88.6461,0.1286,96.8395,0.0738,0.75,0.0,1500.0,0.0,5.4
1359.50062,2026-05-06T20:24:05.958439+00:00,88.7743,0.0988,96.7609,0.0567,0.75,0.0,1500.0,0.0,5.4
1360.0,2026-05-06T20:24:06.464213+00:00,88.7455,0.076,96.8163,0.0822,0.75,0.0,1500.0,0.0,5.4
1360.5,2026-05-06T20:24:06.958168+00:00,88.8507,0.1857,96.396,-0.014,0.75,0.0,1500.0,0.0,5.4
1361.000765,2026-05-06T20:24:07.458574+00:00,88.677,0.0154,96.1655,-0.057,0.75,0.0,1500.0,0.0,5.4
1361.5,2026-05-06T20:24:07.957785+00:00,88.798,0.0119,96.2429,-0.0824,0.75,0.0,1500.0,0.0,5.4
1362.0,2026-05-06T20:24:08.457830+00:00,88.5092,-0.1182,96.5107,-0.1096,0.75,0.0,1500.0,0.0,5.4
1362.5,2026-05-06T20:24:08.964455+00:00,88.4145,-0.2181,96.1611,-0.1999,0.75,0.0,1500.0,0.0,5.4
1363.0,2026-05-06T20:24:09.457934+00:00,88.5963,-0.0403,96.3321,-0.1614,0.75,0.0,1500.0,0.0,5.4512
1363.5,2026-05-06T20:24:09.957971+00:00,88.6087,-0.0946,96.2552,-0.0469,0.75,0.0,1500.0,0.0,5.4762
1364.0,2026-05-06T20:24:10.457789+00:00,88.7455,0.1182,96.173,0.0025,0.75,0.0,1500.0,0.0,5.4884
1364.5,2026-05-06T20:24:10.957758+00:00,88.5962,0.0908,96.0173,-0.0752,0.75,0.0,1500.0,0.0,5.4943
1365.0,2026-05-06T20:24:11.466151+00:00,88.4813,-0.0575,95.9902,-0.1735,0.75,0.0,1500.0,0.0,5.4972
1365.5,2026-05-06T20:24:11.958115+00:00,88.5204,-0.0442,95.9924,-0.0562,0.75,0.0,1500.0,0.0,5.4986
1366.0,2026-05-06T20:24:12.457780+00:00,88.2958,-0.2249,96.2024,-0.0432,0.75,0.0,1500.0,0.0,5.4993
1366.5,2026-05-06T20:24:12.957773+00:00,88.2505,-0.1728,96.387,0.0439,0.75,0.0,1500.0,0.0,5.4997
1367.0,2026-05-06T20:24:13.457778+00:00,88.343,-0.0692,96.6445,0.1572,0.75,0.0,1500.0,0.0,5.4998
1367.5,2026-05-06T20:24:13.962150+00:00,88.1595,-0.1805,96.8425,0.2751,0.75,0.0,1500.0,0.0,5.4487
1368.0,2026-05-06T20:24:14.458082+00:00,88.4002,0.0522,96.7401,0.25,0.75,0.0,1500.0,0.0,5.475
1368.501785,2026-05-06T20:24:14.959591+00:00,88.458,0.1038,96.6845,0.2307,0.75,0.0,1500.0,0.0,5.4878
1369.0,2026-05-06T20:24:15.457796+00:00,88.6297,0.1434,96.6418,0.1465,0.75,0.0,1500.0,0.0,5.494
1369.5,2026-05-06T20:24:15.957833+00:00,88.5071,0.1738,96.7016,0.1049,0.75,0.0,1500.0,0.0,5.4971
1370.0,2026-05-06T20:24:16.463804+00:00,88.5402,0.07,96.7706,0.042,0.75,0.0,1500.0,0.0,5.4986
1370.5,2026-05-06T20:24:16.957798+00:00,88.6929,0.1174,96.8237,-0.0063,0.75,0.0,1500.0,0.0,5.4481
1371.0,2026-05-06T20:24:17.457787+00:00,88.683,0.0266,96.9571,0.0723,0.75,0.0,1500.0,0.0,5.4235
1371.5,2026-05-06T20:24:17.958413+00:00,88.6753,0.0841,96.9439,0.0864,0.75,0.0,1500.0,0.0,5.4115
1372.0,2026-05-06T20:24:18.457790+00:00,88.7967,0.1283,96.7254,0.0279,0.75,0.0,1500.0,0.0,5.4056
1372.5,2026-05-06T20:24:18.964413+00:00,88.7628,0.035,96.6501,-0.0171,0.75,0.0,1500.0,0.0,5.4027
1373.0,2026-05-06T20:24:19.458311+00:00,88.864,0.0905,96.4997,-0.0903,0.75,0.0,1500.0,0.0,5.4013
1373.5,2026-05-06T20:24:19.957764+00:00,88.8144,0.0696,96.3841,-0.1465,0.75,0.0,1500.0,0.0,5.4006
1374.0,2026-05-06T20:24:20.457910+00:00,88.6491,-0.0738,96.6423,-0.1049,0.75,0.0,1500.0,0.0,5.4003
1374.500001,2026-05-06T20:24:20.958288+00:00,88.6493,-0.0567,96.7019,-0.0806,0.75,0.0,1500.0,0.0,5.4002
1375.0,2026-05-06T20:24:21.467428+00:00,88.6495,-0.1072,96.7709,0.0152,0.75,0.0,1500.0,0.0,5.4001
1375.5,2026-05-06T20:24:21.957851+00:00,88.7769,-0.0188,96.8239,0.0579,0.75,0.0,1500.0,0.0,5.4
1376.000309,2026-05-06T20:24:22.458088+00:00,88.8748,0.1128,96.749,0.0831,0.75,0.0,1500.0,0.0,5.4
1376.5,2026-05-06T20:24:22.957923+00:00,88.95,0.1504,96.8071,0.141,0.75,0.0,1500.0,0.0,5.4
1377.0,2026-05-06T20:24:23.457805+00:00,89.0079,0.1792,96.6203,-0.0073,0.75,0.0,1500.0,0.0,5.4
1377.5,2026-05-06T20:24:23.962783+00:00,88.7978,0.0105,96.5693,-0.0442,0.75,0.0,1500.0,0.0,5.4
1378.0,2026-05-06T20:24:24.457783+00:00,88.7636,-0.0556,96.4144,-0.1188,0.75,0.0,1500.0,0.0,5.4
1378.5,2026-05-06T20:24:24.957774+00:00,88.7373,-0.1064,96.3185,-0.1685,0.75,0.0,1500.0,0.0,5.4
1379.0,2026-05-06T20:24:25.457921+00:00,88.7171,-0.1454,96.3374,-0.1372,0.75,0.0,1500.0,0.0,5.4
1379.5,2026-05-06T20:24:25.958109+00:00,88.8288,0.0155,96.4907,-0.1054,0.75,0.0,1500.0,0.0,5.4
1380.0,2026-05-06T20:24:26.463748+00:00,88.7875,0.0119,96.6086,-0.0039,0.75,0.0,1500.0,0.0,5.4
1380.501515,2026-05-06T20:24:26.959293+00:00,88.7557,0.0092,96.5603,-0.003,0.75,0.0,1500.0,0.0,5.4
1381.0,2026-05-06T20:24:27.457759+00:00,88.7312,0.007,96.5463,0.044,0.75,0.0,1500.0,0.0,5.4
1381.5,2026-05-06T20:24:27.958075+00:00,88.4579,-0.1855,96.4431,0.0415,0.75,0.0,1500.0,0.0,5.4
1382.0,2026-05-06T20:24:28.457827+00:00,88.3751,-0.2062,96.4562,0.0396,0.75,0.0,1500.0,0.0,5.4
1382.5,2026-05-06T20:24:28.962736+00:00,88.3114,-0.2221,96.2581,-0.0775,0.75,0.0,1500.0,0.0,5.4
1383.0,2026-05-06T20:24:29.457840+00:00,88.517,-0.1071,96.2909,-0.1059,0.75,0.0,1500.0,0.0,5.4
1383.500042,2026-05-06T20:24:29.957915+00:00,88.4205,-0.0187,96.2236,-0.1122,0.75,0.0,1500.0,0.0,5.4512
1384.0,2026-05-06T20:24:30.457963+00:00,88.6009,0.1129,96.4033,-0.0477,0.75,0.0,1500.0,0.0,5.4762
1384.5,2026-05-06T20:24:30.957952+00:00,88.6123,0.1504,96.5414,0.0328,0.75,0.0,1500.0,0.0,5.4884
1385.0,2026-05-06T20:24:31.462995+00:00,88.621,0.052,96.6475,0.0637,0.75,0.0,1500.0,0.0,5.4943
1385.5,2026-05-06T20:24:31.957779+00:00,88.5004,0.04,96.3588,0.0336,0.75,0.0,1500.0,0.0,5.4972
1386.0,2026-05-06T20:24:32.457928+00:00,88.6623,0.0307,96.2758,-0.0051,0.75,0.0,1500.0,0.0,5.4986
1386.5,2026-05-06T20:24:32.958038+00:00,88.6595,0.0236,96.4434,0.0733,0.75,0.0,1500.0,0.0,5.4993
1387.0,2026-05-06T20:24:33.458281+00:00,88.7845,0.0818,96.3408,-0.0208,0.75,0.0,1500.0,0.0,5.4997
1387.5,2026-05-06T20:24:33.964244+00:00,88.8807,0.1901,96.3776,-0.0546,0.75,0.0,1500.0,0.0,5.4486
1388.0,2026-05-06T20:24:34.457757+00:00,88.8273,0.0825,96.4059,-0.0805,0.75,0.0,1500.0,0.0,5.4749
1388.5,2026-05-06T20:24:34.957915+00:00,88.7863,0.0634,96.312,-0.0156,0.75,0.0,1500.0,0.0,5.4878
1389.0,2026-05-06T20:24:35.458303+00:00,88.7547,-0.0149,96.2398,-0.012,0.75,0.0,1500.0,0.0,5.494
1389.501393,2026-05-06T20:24:35.959435+00:00,88.7305,-0.0751,96.1612,-0.0941,0.75,0.0,1500.0,0.0,5.4971
1390.0,2026-05-06T20:24:36.465969+00:00,88.7119,-0.0577,96.1007,-0.08,0.75,0.0,1500.0,0.0,5.4986
1390.5,2026-05-06T20:24:36.957760+00:00,88.6976,-0.0444,96.0774,-0.1001,0.75,0.0,1500.0,0.0,5.4481
1391.0,2026-05-06T20:24:37.457976+00:00,88.5593,-0.0977,96.2909,-0.0383,0.75,0.0,1500.0,0.0,5.4235
1391.5,2026-05-06T20:24:37.957862+00:00,88.5803,-0.0751,96.3393,0.0091,0.75,0.0,1500.0,0.0,5.4115
1392.0,2026-05-06T20:24:38.457778+00:00,88.4691,-0.1214,96.3533,0.0378,0.75,0.0,1500.0,0.0,5.4056
1392.5,2026-05-06T20:24:38.964709+00:00,88.511,-0.0933,96.503,0.1139,0.75,0.0,1500.0,0.0,5.4027
1393.0,2026-05-06T20:24:39.457867+00:00,88.6704,0.0556,96.5948,0.1647,0.75,0.0,1500.0,0.0,5.4525
1393.5,2026-05-06T20:24:39.957766+00:00,88.5384,-0.0209,96.6886,0.2037,0.75,0.0,1500.0,0.0,5.4768
1394.0,2026-05-06T20:24:40.458082+00:00,88.5642,0.0476,96.645,0.118,0.75,0.0,1500.0,0.0,5.4887
1394.5,2026-05-06T20:24:40.957777+00:00,88.4568,-0.0271,96.5883,0.083,0.75,0.0,1500.0,0.0,5.4433
1395.000633,2026-05-06T20:24:41.463217+00:00,88.6288,-0.0208,96.3364,-0.0056,0.75,0.0,1500.0,0.0,5.4211
1395.5,2026-05-06T20:24:41.957914+00:00,88.6337,0.0476,96.3743,-0.0429,0.75,0.0,1500.0,0.0,5.4103
1396.0,2026-05-06T20:24:42.457784+00:00,88.6375,0.0366,96.5191,-0.0253,0.75,0.0,1500.0,0.0,5.405
1396.5,2026-05-06T20:24:42.958071+00:00,88.6404,0.0918,96.7461,0.0192,0.75,0.0,1500.0,0.0,5.4025
1397.0,2026-05-06T20:24:43.457769+00:00,88.7699,0.0705,96.6891,0.0147,0.75,0.0,1500.0,0.0,5.4012
1397.5,2026-05-06T20:24:43.962813+00:00,88.7421,0.0542,96.6222,0.0113,0.75,0.0,1500.0,0.0,5.4006
1398.0,2026-05-06T20:24:44.457939+00:00,88.8481,0.1053,96.8253,0.163,0.75,0.0,1500.0,0.0,5.4515
1398.5006,2026-05-06T20:24:44.958682+00:00,88.8022,0.0809,96.8658,0.1638,0.75,0.0,1500.0,0.0,5.4251
1399.00253,2026-05-06T20:24:45.460731+00:00,88.767,-0.0014,96.7811,0.0873,0.75,0.0,1500.0,0.0,5.4123
1399.5,2026-05-06T20:24:45.957873+00:00,88.6127,-0.0647,96.9475,0.0671,0.75,0.0,1500.0,0.0,5.406
1400.0,2026-05-06T20:24:46.464483+00:00,88.7486,-0.0498,96.8439,0.0516,0.75,0.0,1500.0,0.0,5.4029
1400.5,2026-05-06T20:24:46.957770+00:00,88.853,0.0254,96.6486,0.0088,0.75,0.0,1500.0,0.0,5.4526
1401.000075,2026-05-06T20:24:47.457857+00:00,88.8061,0.0195,96.8456,0.0068,0.75,0.0,1500.0,0.0,5.4769
1401.5,2026-05-06T20:24:47.958128+00:00,88.6427,0.015,96.9739,0.0361,0.75,0.0,1500.0,0.0,5.4887
1402.0,2026-05-06T20:24:48.459706+00:00,88.7716,0.0115,96.98,0.0663,0.75,0.0,1500.0,0.0,5.4945
1402.5,2026-05-06T20:24:48.962291+00:00,88.8708,0.0089,97.1003,0.0509,0.75,0.0,1500.0,0.0,5.4461
1403.0,2026-05-06T20:24:49.458011+00:00,88.9469,0.0704,97.0771,0.0777,0.75,0.0,1500.0,0.0,5.4737
1403.5,2026-05-06T20:24:49.957779+00:00,88.8782,0.1178,97.1749,0.1754,0.75,0.0,1500.0,0.0,5.436
1404.000001,2026-05-06T20:24:50.458289+00:00,88.9527,0.0905,97.2502,0.1348,0.75,0.0,1500.0,0.0,5.4176
1404.5,2026-05-06T20:24:50.958165+00:00,88.8826,0.0059,97.1923,0.0728,0.75,0.0,1500.0,0.0,5.4086
1405.000081,2026-05-06T20:24:51.463672+00:00,88.9561,0.0046,97.1478,0.0559,0.75,0.0,1500.0,0.0,5.4042
1405.5,2026-05-06T20:24:51.957927+00:00,89.0125,0.0671,97.1136,0.0044,0.75,0.0,1500.0,0.0,5.402
1406.0,2026-05-06T20:24:52.457841+00:00,88.9286,-0.012,97.203,0.042,0.75,0.0,1500.0,0.0,5.401
1406.5,2026-05-06T20:24:52.957758+00:00,89.1187,0.118,97.156,-0.0063,0.75,0.0,1500.0,0.0,5.4005
1407.0,2026-05-06T20:24:53.457785+00:00,88.883,-0.0366,97.3513,0.0337,0.75,0.0,1500.0,0.0,5.4002
1407.502171,2026-05-06T20:24:53.969427+00:00,88.8291,-0.0917,97.1543,-0.0127,0.75,0.0,1500.0,0.0,5.4001
1408.000586,2026-05-06T20:24:54.458425+00:00,88.6604,-0.1341,97.0029,-0.0483,0.75,0.0,1500.0,0.0,5.4001
1408.5,2026-05-06T20:24:54.957809+00:00,88.7852,-0.1667,96.8634,-0.0834,0.75,0.0,1500.0,0.0,5.4
1409.0,2026-05-06T20:24:55.458048+00:00,88.7539,-0.0645,96.6636,-0.1798,0.75,0.0,1500.0,0.0,5.4
1409.500352,2026-05-06T20:24:55.958142+00:00,88.9844,0.0777,96.2555,-0.3002,0.75,0.0,1500.0,0.0,5.4
1410.0,2026-05-06T20:24:56.462344+00:00,88.907,0.1233,96.4278,-0.3078,0.75,0.0,1500.0,0.0,5.4
1410.5,2026-05-06T20:24:56.958316+00:00,88.7203,-0.0325,96.3288,-0.2752,0.75,0.0,1500.0,0.0,5.4
1411.0,2026-05-06T20:24:57.457762+00:00,88.704,-0.025,96.461,-0.1806,0.75,0.0,1500.0,0.0,5.4
1411.500637,2026-05-06T20:24:57.958482+00:00,88.8188,-0.0828,96.5857,-0.0926,0.75,0.0,1500.0,0.0,5.4
1412.0,2026-05-06T20:24:58.457755+00:00,88.7797,-0.0637,96.7973,0.0446,0.75,0.0,1500.0,0.0,5.4
1412.5,2026-05-06T20:24:58.964328+00:00,88.6224,-0.0489,96.9599,0.2348,0.75,0.0,1500.0,0.0,5.4
1413.0,2026-05-06T20:24:59.458018+00:00,88.5016,-0.1012,96.8535,0.1419,0.75,0.0,1500.0,0.0,5.4
1413.5,2026-05-06T20:24:59.957798+00:00,88.6632,-0.0778,96.8874,0.1862,0.75,0.0,1500.0,0.0,5.4
1414.0,2026-05-06T20:25:00.457796+00:00,88.6601,-0.0598,97.0291,0.1894,0.75,0.0,1500.0,0.0,5.4
1414.5,2026-05-06T20:25:00.958185+00:00,88.6578,0.0177,97.1381,0.1841,0.75,0.0,1500.0,0.0,5.4
1415.0,2026-05-06T20:25:01.462211+00:00,88.5287,0.0136,97.083,0.0952,0.75,0.0,1500.0,0.0,5.4
1415.5,2026-05-06T20:25:01.957980+00:00,88.684,0.0104,97.1795,0.0732,0.75,0.0,1500.0,0.0,5.4
1416.0,2026-05-06T20:25:02.457792+00:00,88.6762,0.008,97.138,0.0948,0.75,0.0,1500.0,0.0,5.4
1416.5,2026-05-06T20:25:02.957956+00:00,88.6701,0.0062,97.0829,0.0652,0.75,0.0,1500.0,0.0,5.4
1417.0,2026-05-06T20:25:03.457968+00:00,88.7927,0.132,97.1794,0.0501,0.75,0.0,1500.0,0.0,5.4
1417.50076,2026-05-06T20:25:03.962999+00:00,88.887,0.1015,96.9991,-0.0463,0.75,0.0,1500.0,0.0,5.4
1418.001193,2026-05-06T20:25:04.459109+00:00,88.9594,0.1416,96.9993,-0.0279,0.75,0.0,1500.0,0.0,5.4512
1418.5,2026-05-06T20:25:04.957786+00:00,88.7605,0.0452,96.8837,-0.0986,0.75,0.0,1500.0,0.0,5.425
1419.0,2026-05-06T20:25:05.458167+00:00,88.735,-0.0289,96.7718,-0.1221,0.75,0.0,1500.0,0.0,5.4122
1419.5,2026-05-06T20:25:05.957764+00:00,88.8426,-0.0222,96.5701,-0.1709,0.75,0.0,1500.0,0.0,5.406
1420.0,2026-05-06T20:25:06.463019+00:00,88.798,-0.0807,96.6696,-0.17,0.75,0.0,1500.0,0.0,5.4029
1420.5,2026-05-06T20:25:06.958148+00:00,88.7638,0.0016,96.8617,-0.0458,0.75,0.0,1500.0,0.0,5.4526
1421.0,2026-05-06T20:25:07.457790+00:00,88.7374,0.0012,96.8706,-0.0429,0.75,0.0,1500.0,0.0,5.4769
1421.5,2026-05-06T20:25:07.957873+00:00,88.5899,-0.1263,96.9005,0.0056,0.75,0.0,1500.0,0.0,5.4887
1422.0,2026-05-06T20:25:08.457852+00:00,88.4766,-0.1607,96.5533,-0.0728,0.75,0.0,1500.0,0.0,5.4945
1422.5,2026-05-06T20:25:08.962778+00:00,88.5167,-0.1235,96.5178,-0.0174,0.75,0.0,1500.0,0.0,5.4461
1423.0,2026-05-06T20:25:09.457971+00:00,88.6748,-0.0313,96.398,-0.0905,0.75,0.0,1500.0,0.0,5.4737
1423.5,2026-05-06T20:25:09.958096+00:00,88.6691,0.0396,96.3059,-0.1853,0.75,0.0,1500.0,0.0,5.4872
1424.000735,2026-05-06T20:25:10.458513+00:00,88.7919,0.1577,96.212,-0.2195,0.75,0.0,1500.0,0.0,5.4937
1424.5,2026-05-06T20:25:10.957785+00:00,88.7591,0.1212,96.2555,-0.215,0.75,0.0,1500.0,0.0,5.4969
1425.0,2026-05-06T20:25:11.466172+00:00,88.7338,0.0295,96.0575,-0.1653,0.75,0.0,1500.0,0.0,5.4985
1425.5,2026-05-06T20:25:11.958254+00:00,88.8417,0.0863,96.0442,-0.1579,0.75,0.0,1500.0,0.0,5.4993
1426.000627,2026-05-06T20:25:12.458453+00:00,88.9246,0.0663,95.8026,-0.1985,0.75,0.0,1500.0,0.0,5.4484
1426.501007,2026-05-06T20:25:12.959039+00:00,88.9883,0.1146,95.8483,-0.1525,0.75,0.0,1500.0,0.0,5.4236
1427.0,2026-05-06T20:25:13.457816+00:00,88.9101,0.0881,95.9759,-0.0787,0.75,0.0,1500.0,0.0,5.4115
1427.5,2026-05-06T20:25:13.963149+00:00,88.9771,0.0677,95.9815,-0.0913,0.75,0.0,1500.0,0.0,5.4056
1428.0,2026-05-06T20:25:14.458012+00:00,88.7742,-0.0752,96.194,0.0455,0.75,0.0,1500.0,0.0,5.4027
1428.5,2026-05-06T20:25:14.957747+00:00,88.6182,-0.1851,95.6863,-0.1193,0.75,0.0,1500.0,0.0,5.4013
1429.0,2026-05-06T20:25:15.457759+00:00,88.4983,-0.2059,96.106,0.1011,0.75,0.0,1500.0,0.0,5.4007
1429.5,2026-05-06T20:25:15.958010+00:00,88.7879,-0.0946,96.4286,0.1934,0.75,0.0,1500.0,0.0,5.4003
1430.0,2026-05-06T20:25:16.462384+00:00,88.8833,0.0545,96.7922,0.2721,0.75,0.0,1500.0,0.0,5.4002
1430.5,2026-05-06T20:25:16.957916+00:00,88.9566,0.1692,96.6089,0.2091,0.75,0.0,1500.0,0.0,5.4001
1431.0,2026-05-06T20:25:17.457992+00:00,89.1402,0.3209,96.8151,0.207,0.75,0.0,1500.0,0.0,5.4
1431.5,2026-05-06T20:25:17.957883+00:00,89.154,0.183,96.7422,0.3519,0.75,0.0,1500.0,0.0,5.4
1432.000208,2026-05-06T20:25:18.457972+00:00,89.1647,0.1407,96.5704,0.1548,0.75,0.0,1500.0,0.0,5.4
1432.5,2026-05-06T20:25:18.962460+00:00,89.1728,0.1081,96.531,0.0341,0.75,0.0,1500.0,0.0,5.3488
1433.000673,2026-05-06T20:25:19.458426+00:00,89.1791,0.0195,96.2924,-0.1666,0.75,0.0,1500.0,0.0,5.375
1433.501619,2026-05-06T20:25:19.959561+00:00,89.3112,0.0786,96.1322,-0.1589,0.75,0.0,1500.0,0.0,5.3878
1434.0,2026-05-06T20:25:20.457897+00:00,89.1582,-0.0032,96.333,-0.1607,0.75,0.0,1500.0,0.0,5.3941
1434.5,2026-05-06T20:25:20.957807+00:00,89.0406,-0.0661,96.4642,-0.0927,0.75,0.0,1500.0,0.0,5.3971
1435.0,2026-05-06T20:25:21.462389+00:00,88.9502,-0.1144,96.5882,0.0059,0.75,0.0,1500.0,0.0,5.3986
1435.501173,2026-05-06T20:25:21.959562+00:00,88.7535,-0.2789,96.1975,-0.1112,0.75,0.0,1500.0,0.0,5.3993
1436.0,2026-05-06T20:25:22.458450+00:00,88.7295,-0.2143,96.1518,-0.0469,0.75,0.0,1500.0,0.0,5.3997
1436.5,2026-05-06T20:25:22.957926+00:00,88.7111,-0.1647,96.001,-0.0437,0.75,0.0,1500.0,0.0,5.451
1437.0,2026-05-06T20:25:23.457774+00:00,88.5697,-0.1903,96.0008,-0.1107,0.75,0.0,1500.0,0.0,5.4761
1437.501385,2026-05-06T20:25:23.964579+00:00,88.5883,-0.0826,96.2088,-0.0851,0.75,0.0,1500.0,0.0,5.4883
1438.0,2026-05-06T20:25:24.457940+00:00,88.7298,0.0002,96.2994,-0.0963,0.75,0.0,1500.0,0.0,5.4943
1438.5006,2026-05-06T20:25:24.958729+00:00,88.8386,0.0638,96.2301,0.0108,0.75,0.0,1500.0,0.0,5.4972
1439.0,2026-05-06T20:25:25.457779+00:00,88.6677,0.049,96.4082,0.0855,0.75,0.0,1500.0,0.0,5.4986
1439.5,2026-05-06T20:25:25.957819+00:00,88.6636,0.0377,96.522,0.1737,0.75,0.0,1500.0,0.0,5.4993
1440.0,2026-05-06T20:25:26.463224+00:00,88.7877,0.0289,96.1467,0.0486,0.75,0.0,1500.0,0.0,5.4997
1440.5,2026-05-06T20:25:26.957910+00:00,88.7559,-0.0414,96.3442,0.0451,0.75,0.0,1500.0,0.0,5.4998
1441.0,2026-05-06T20:25:27.458247+00:00,88.9859,0.1591,96.6116,0.1041,0.75,0.0,1500.0,0.0,5.4999
1441.5,2026-05-06T20:25:27.957900+00:00,88.7809,0.0586,96.8172,0.1957,0.75,0.0,1500.0,0.0,5.5
1442.0,2026-05-06T20:25:28.457905+00:00,88.7506,-0.0186,96.8595,0.1504,0.75,0.0,1500.0,0.0,5.5
1442.5,2026-05-06T20:25:28.962801+00:00,88.7273,-0.0143,96.892,0.1233,0.75,0.0,1500.0,0.0,5.4488
1443.0,2026-05-06T20:25:29.457885+00:00,88.5822,-0.2019,96.917,0.2568,0.75,0.0,1500.0,0.0,5.475
1443.502336,2026-05-06T20:25:29.960169+00:00,88.5979,-0.0915,96.5891,0.0816,0.75,0.0,1500.0,0.0,5.4878
1444.0,2026-05-06T20:25:30.457848+00:00,88.3554,-0.1976,96.7767,0.055,0.75,0.0,1500.0,0.0,5.494
1444.5,2026-05-06T20:25:30.958030+00:00,88.2963,-0.2155,96.8284,0.0037,0.75,0.0,1500.0,0.0,5.4971
1445.0,2026-05-06T20:25:31.464007+00:00,88.3781,-0.102,96.7293,-0.0434,0.75,0.0,1500.0,0.0,5.4986
1445.5,2026-05-06T20:25:31.958049+00:00,88.441,-0.0784,96.5605,-0.1105,0.75,0.0,1500.0,0.0,5.4993
1446.0,2026-05-06T20:25:32.458030+00:00,88.4894,0.067,96.6391,-0.0926,0.75,0.0,1500.0,0.0,5.4997
1446.500421,2026-05-06T20:25:32.958268+00:00,88.272,-0.0121,96.5143,-0.0249,0.75,0.0,1500.0,0.0,5.4998
1447.001431,2026-05-06T20:25:33.459504+00:00,88.3595,-0.0093,96.511,-0.0886,0.75,0.0,1500.0,0.0,5.4999
1447.5,2026-05-06T20:25:33.968168+00:00,88.4267,-0.0072,96.6242,-0.0681,0.75,0.0,1500.0,0.0,5.4488
1448.0,2026-05-06T20:25:34.457989+00:00,88.6057,0.0581,96.8268,0.0325,0.75,0.0,1500.0,0.0,5.475
1448.5,2026-05-06T20:25:34.957794+00:00,88.6159,0.1719,96.7512,0.0636,0.75,0.0,1500.0,0.0,5.4878
1449.0,2026-05-06T20:25:35.458020+00:00,88.6238,0.1322,96.7856,0.0489,0.75,0.0,1500.0,0.0,5.494
1449.502452,2026-05-06T20:25:35.960205+00:00,88.6299,0.1016,96.627,0.0375,0.75,0.0,1500.0,0.0,5.4971
1450.0,2026-05-06T20:25:36.467099+00:00,88.7618,0.0781,96.5745,0.0211,0.75,0.0,1500.0,0.0,5.4986
1450.5,2026-05-06T20:25:36.957924+00:00,88.8632,0.1236,96.5341,-0.03,0.75,0.0,1500.0,0.0,5.4481
1451.0,2026-05-06T20:25:37.457890+00:00,88.6866,0.0314,96.5262,-0.1002,0.75,0.0,1500.0,0.0,5.4235
1451.5,2026-05-06T20:25:37.958056+00:00,88.8054,0.0878,96.6358,-0.0385,0.75,0.0,1500.0,0.0,5.4115
1452.0,2026-05-06T20:25:38.457874+00:00,89.024,0.1311,96.4887,-0.099,0.75,0.0,1500.0,0.0,5.4056
1452.5,2026-05-06T20:25:38.968492+00:00,88.9374,0.0371,96.3756,-0.0838,0.75,0.0,1500.0,0.0,5.4027
1453.0,2026-05-06T20:25:39.457784+00:00,88.8709,0.0922,96.4044,-0.0567,0.75,0.0,1500.0,0.0,5.4525
1453.5,2026-05-06T20:25:39.957752+00:00,88.6925,-0.0564,96.4265,-0.0359,0.75,0.0,1500.0,0.0,5.4256
1454.0,2026-05-06T20:25:40.457828+00:00,88.81,-0.107,96.5824,0.0187,0.75,0.0,1500.0,0.0,5.4125
1454.5,2026-05-06T20:25:40.957778+00:00,88.7729,-0.0822,96.7947,0.053,0.75,0.0,1500.0,0.0,5.4061
1455.0,2026-05-06T20:25:41.463350+00:00,88.7445,-0.0632,96.9579,0.1564,0.75,0.0,1500.0,0.0,5.403
1455.5,2026-05-06T20:25:41.958494+00:00,88.8499,0.0787,96.9677,0.1973,0.75,0.0,1500.0,0.0,5.4015
1456.0,2026-05-06T20:25:42.457752+00:00,88.9309,0.0605,96.8594,0.1517,0.75,0.0,1500.0,0.0,5.4007
1456.5,2026-05-06T20:25:42.958323+00:00,88.9932,0.1101,96.7763,0.1166,0.75,0.0,1500.0,0.0,5.4003
1457.0,2026-05-06T20:25:43.460431+00:00,89.041,0.1483,96.8049,0.0742,0.75,0.0,1500.0,0.0,5.4002
1457.5,2026-05-06T20:25:43.964744+00:00,89.0778,0.114,96.6186,-0.0587,0.75,0.0,1500.0,0.0,5.4001
1458.0,2026-05-06T20:25:44.457759+00:00,89.1061,0.0876,96.5912,-0.1222,0.75,0.0,1500.0,0.0,5.4
1458.5,2026-05-06T20:25:44.958426+00:00,89.0006,0.0037,96.5701,-0.1325,0.75,0.0,1500.0,0.0,5.4
1459.0,2026-05-06T20:25:45.458802+00:00,89.0467,0.0028,96.4382,-0.1404,0.75,0.0,1500.0,0.0,5.4
1459.5,2026-05-06T20:25:45.957784+00:00,88.9549,-0.0615,96.545,-0.0771,0.75,0.0,1500.0,0.0,5.4
1460.0,2026-05-06T20:25:46.463445+00:00,89.0116,-0.0472,96.766,-0.013,0.75,0.0,1500.0,0.0,5.4
1460.5,2026-05-06T20:25:46.958465+00:00,89.0552,0.0273,96.7045,0.0286,0.75,0.0,1500.0,0.0,5.4
1461.0,2026-05-06T20:25:47.457804+00:00,88.9614,-0.0426,96.6571,0.022,0.75,0.0,1500.0,0.0,5.4
1461.5,2026-05-06T20:25:47.957996+00:00,89.1439,0.0945,96.3894,-0.0602,0.75,0.0,1500.0,0.0,5.4
1462.000211,2026-05-06T20:25:48.457986+00:00,89.1569,0.0726,96.2993,-0.0463,0.75,0.0,1500.0,0.0,5.4
1462.5,2026-05-06T20:25:48.962220+00:00,89.1669,0.0558,96.3689,-0.0587,0.75,0.0,1500.0,0.0,5.4
1463.0,2026-05-06T20:25:49.457840+00:00,89.1745,0.1065,96.2604,-0.1685,0.75,0.0,1500.0,0.0,5.4
1463.5,2026-05-06T20:25:49.958051+00:00,89.1804,0.0183,96.3158,-0.1295,0.75,0.0,1500.0,0.0,5.4
1464.000597,2026-05-06T20:25:50.458774+00:00,89.185,0.014,96.2196,-0.1458,0.75,0.0,1500.0,0.0,5.4
1464.5,2026-05-06T20:25:50.957939+00:00,89.1884,0.0108,96.4002,0.0036,0.75,0.0,1500.0,0.0,5.4
1465.0,2026-05-06T20:25:51.462475+00:00,89.1911,0.0083,96.4233,0.0413,0.75,0.0,1500.0,0.0,5.4
1465.5,2026-05-06T20:25:51.958198+00:00,89.1932,0.0064,96.4179,0.0163,0.75,0.0,1500.0,0.0,5.4512
1466.001091,2026-05-06T20:25:52.459612+00:00,89.0675,-0.0587,96.4138,0.0511,0.75,0.0,1500.0,0.0,5.425
1466.5,2026-05-06T20:25:52.957752+00:00,89.2254,0.0185,96.4337,0.0393,0.75,0.0,1500.0,0.0,5.4122
1467.0,2026-05-06T20:25:53.457770+00:00,88.965,-0.1131,96.3334,0.0379,0.75,0.0,1500.0,0.0,5.406
1467.5,2026-05-06T20:25:53.965768+00:00,89.0194,-0.0869,96.4645,0.0214,0.75,0.0,1500.0,0.0,5.4029
1468.0,2026-05-06T20:25:54.457874+00:00,89.1884,0.0605,96.7041,0.0936,0.75,0.0,1500.0,0.0,5.4014
1468.5,2026-05-06T20:25:54.958019+00:00,89.0638,-0.0808,96.6569,0.0797,0.75,0.0,1500.0,0.0,5.4007
1469.0,2026-05-06T20:25:55.457801+00:00,89.2226,0.1288,96.6206,0.0689,0.75,0.0,1500.0,0.0,5.4003
1469.502179,2026-05-06T20:25:55.960092+00:00,89.0901,0.0354,96.3613,-0.0241,0.75,0.0,1500.0,0.0,5.4002
1470.0,2026-05-06T20:25:56.463040+00:00,89.1155,-0.0364,96.3702,0.0123,0.75,0.0,1500.0,0.0,5.4001
1470.5,2026-05-06T20:25:56.957855+00:00,89.2624,0.0993,96.4003,-0.0214,0.75,0.0,1500.0,0.0,5.4
1471.0,2026-05-06T20:25:57.457833+00:00,89.1207,-0.051,96.6547,-0.0165,0.75,0.0,1500.0,0.0,5.4
1471.5,2026-05-06T20:25:57.957961+00:00,89.139,0.0245,96.7346,0.0259,0.75,0.0,1500.0,0.0,5.4
1472.0,2026-05-06T20:25:58.459710+00:00,88.8986,-0.1085,96.9117,0.0971,0.75,0.0,1500.0,0.0,5.4
1472.500328,2026-05-06T20:25:58.967510+00:00,88.8411,-0.2106,96.9322,0.1903,0.75,0.0,1500.0,0.0,5.4
1473.0,2026-05-06T20:25:59.457771+00:00,88.9241,-0.0983,96.9479,0.1925,0.75,0.0,1500.0,0.0,5.4
1473.5,2026-05-06T20:25:59.957779+00:00,88.988,-0.0755,97.0756,0.2251,0.75,0.0,1500.0,0.0,5.4
1474.0,2026-05-06T20:26:00.457790+00:00,88.9098,0.0056,96.8267,0.0573,0.75,0.0,1500.0,0.0,5.4
1474.5,2026-05-06T20:26:00.957769+00:00,88.7224,-0.0593,96.6354,-0.0331,0.75,0.0,1500.0,0.0,5.4
1475.0,2026-05-06T20:26:01.462598+00:00,88.9602,0.018,96.8355,-0.0254,0.75,0.0,1500.0,0.0,5.4
1475.5,2026-05-06T20:26:01.957863+00:00,88.7611,-0.1134,96.781,-0.0504,0.75,0.0,1500.0,0.0,5.4
1476.0,2026-05-06T20:26:02.457824+00:00,88.8627,-0.0235,96.8317,-0.0387,0.75,0.0,1500.0,0.0,5.4
1476.5,2026-05-06T20:26:02.957993+00:00,89.1953,0.2364,96.8706,-0.0683,0.75,0.0,1500.0,0.0,5.4
1477.0,2026-05-06T20:26:03.457883+00:00,89.3236,0.1817,96.9006,0.0246,0.75,0.0,1500.0,0.0,5.4
1477.5,2026-05-06T20:26:03.964717+00:00,89.0405,0.1397,96.9236,0.096,0.75,0.0,1500.0,0.0,5.4
1478.000628,2026-05-06T20:26:04.458470+00:00,89.2047,0.171,96.8256,-0.0033,0.75,0.0,1500.0,0.0,5.4512
1478.5,2026-05-06T20:26:04.957789+00:00,89.2036,0.0042,96.8659,0.0283,0.75,0.0,1500.0,0.0,5.4762
1479.0,2026-05-06T20:26:05.457799+00:00,89.0755,-0.1241,96.8969,0.0218,0.75,0.0,1500.0,0.0,5.4884
1479.5,2026-05-06T20:26:05.957746+00:00,88.8498,-0.0954,97.0365,0.0553,0.75,0.0,1500.0,0.0,5.4943
1480.001559,2026-05-06T20:26:06.467258+00:00,88.9308,-0.1369,97.1437,0.0811,0.75,0.0,1500.0,0.0,5.4972
1480.5,2026-05-06T20:26:06.957928+00:00,88.7386,-0.2325,96.9716,0.016,0.75,0.0,1500.0,0.0,5.4474
1481.0,2026-05-06T20:26:07.458021+00:00,88.8453,-0.1151,97.0939,0.0895,0.75,0.0,1500.0,0.0,5.4232
1481.5,2026-05-06T20:26:07.957973+00:00,88.6729,-0.0884,97.049,0.061,0.75,0.0,1500.0,0.0,5.4113
1482.000026,2026-05-06T20:26:08.457871+00:00,88.7948,-0.068,96.922,0.0083,0.75,0.0,1500.0,0.0,5.4055
1482.5,2026-05-06T20:26:08.964674+00:00,88.7613,0.0114,96.8243,-0.0707,0.75,0.0,1500.0,0.0,5.4027
1483.0,2026-05-06T20:26:09.457806+00:00,88.8628,0.0088,96.8881,-0.0852,0.75,0.0,1500.0,0.0,5.4525
1483.5,2026-05-06T20:26:09.957737+00:00,89.0681,0.1976,96.6826,-0.0963,0.75,0.0,1500.0,0.0,5.4256
1484.0,2026-05-06T20:26:10.458277+00:00,88.7168,-0.039,96.7561,-0.1126,0.75,0.0,1500.0,0.0,5.4125
1484.5,2026-05-06T20:26:10.958125+00:00,88.7014,-0.03,96.9282,-0.0403,0.75,0.0,1500.0,0.0,5.4573
1485.000641,2026-05-06T20:26:11.462642+00:00,88.6895,-0.0867,96.8291,-0.031,0.75,0.0,1500.0,0.0,5.428
1485.5,2026-05-06T20:26:11.957770+00:00,88.8076,-0.1303,96.7298,-0.0315,0.75,0.0,1500.0,0.0,5.4136
1486.0,2026-05-06T20:26:12.457944+00:00,88.6439,-0.0365,96.6535,-0.0782,0.75,0.0,1500.0,0.0,5.4067
1486.501498,2026-05-06T20:26:12.959427+00:00,88.6453,-0.028,96.618,-0.0215,0.75,0.0,1500.0,0.0,5.4032
1487.0,2026-05-06T20:26:13.457881+00:00,88.7737,0.0421,96.7064,-0.0166,0.75,0.0,1500.0,0.0,5.4016
1487.5,2026-05-06T20:26:13.964265+00:00,88.745,-0.0313,96.6586,-0.0899,0.75,0.0,1500.0,0.0,5.4008
1488.0,2026-05-06T20:26:14.458081+00:00,88.5958,-0.024,96.8533,0.0081,0.75,0.0,1500.0,0.0,5.4004
1488.5,2026-05-06T20:26:14.958329+00:00,88.7356,0.0452,97.1187,0.1296,0.75,0.0,1500.0,0.0,5.4002
1489.0,2026-05-06T20:26:15.457768+00:00,88.9703,0.0983,97.0912,0.1459,0.75,0.0,1500.0,0.0,5.4001
1489.5,2026-05-06T20:26:15.957955+00:00,89.0235,0.1392,96.8387,0.0736,0.75,0.0,1500.0,0.0,5.4
1490.0,2026-05-06T20:26:16.463669+00:00,89.1916,0.2979,96.876,0.0565,0.75,0.0,1500.0,0.0,5.4
1490.5,2026-05-06T20:26:16.958545+00:00,89.1935,0.229,96.789,0.0435,0.75,0.0,1500.0,0.0,5.4
1491.000617,2026-05-06T20:26:17.458437+00:00,89.3223,0.176,96.4907,-0.1209,0.75,0.0,1500.0,0.0,5.4
1491.5,2026-05-06T20:26:17.957775+00:00,89.4213,0.1989,96.3772,-0.2472,0.75,0.0,1500.0,0.0,5.4
1492.0,2026-05-06T20:26:18.457892+00:00,89.2428,0.0256,96.2899,-0.2671,0.75,0.0,1500.0,0.0,5.4
1492.5,2026-05-06T20:26:18.963044+00:00,89.2329,0.0197,96.5468,-0.0973,0.75,0.0,1500.0,0.0,5.4
1493.0,2026-05-06T20:26:19.457871+00:00,89.098,-0.1121,96.4434,-0.1442,0.75,0.0,1500.0,0.0,5.4512
1493.50301,2026-05-06T20:26:19.960950+00:00,88.8671,-0.2771,96.4565,-0.1108,0.75,0.0,1500.0,0.0,5.4762
1494.001496,2026-05-06T20:26:20.459431+00:00,88.8168,-0.213,96.698,0.0691,0.75,0.0,1500.0,0.0,5.4884
1494.5,2026-05-06T20:26:20.957926+00:00,88.9055,-0.1637,96.6522,0.0917,0.75,0.0,1500.0,0.0,5.4943
1495.0,2026-05-06T20:26:21.464614+00:00,88.8464,-0.1258,96.8483,0.1861,0.75,0.0,1500.0,0.0,5.4972
1495.5,2026-05-06T20:26:21.957785+00:00,88.6737,-0.0967,96.8834,0.1122,0.75,0.0,1500.0,0.0,5.4986
1496.0,2026-05-06T20:26:22.457899+00:00,88.7955,-0.0107,97.0261,0.1942,0.75,0.0,1500.0,0.0,5.4993
1496.5,2026-05-06T20:26:22.959726+00:00,88.8891,-0.0082,97.1358,0.2264,0.75,0.0,1500.0,0.0,5.4997
1497.0,2026-05-06T20:26:23.457778+00:00,88.8338,-0.0063,97.1044,0.1355,0.75,0.0,1500.0,0.0,5.4998
1497.500677,2026-05-06T20:26:23.963217+00:00,88.9185,0.1224,96.9645,0.1041,0.75,0.0,1500.0,0.0,5.4487
1498.0,2026-05-06T20:26:24.457795+00:00,88.8564,0.0305,96.857,0.0029,0.75,0.0,1500.0,0.0,5.475
1498.5,2026-05-06T20:26:24.958001+00:00,88.5541,-0.1675,96.867,-0.0055,0.75,0.0,1500.0,0.0,5.4366
1499.0,2026-05-06T20:26:25.458112+00:00,88.7035,-0.0651,96.782,-0.0814,0.75,0.0,1500.0,0.0,5.4179
1499.5,2026-05-06T20:26:25.957804+00:00,88.6912,-0.1137,96.8325,-0.1011,0.75,0.0,1500.0,0.0,5.4087
1500.0,2026-05-06T20:26:26.463720+00:00,89.0634,0.1035,96.9869,-0.0391,0.75,0.0,1500.0,0.0,5.4043
1500.5,2026-05-06T20:26:26.957783+00:00,89.095,0.2705,96.8743,-0.0301,0.75,0.0,1500.0,0.0,5.4533
1501.0,2026-05-06T20:26:27.457820+00:00,89.1193,0.2079,96.9034,0.0154,0.75,0.0,1500.0,0.0,5.426
1501.5,2026-05-06T20:26:27.957786+00:00,89.138,0.2234,96.4861,-0.127,0.75,0.0,1500.0,0.0,5.4127
1502.0,2026-05-06T20:26:28.457755+00:00,89.1523,0.0445,96.5818,-0.0667,0.75,0.0,1500.0,0.0,5.4062
1502.5,2026-05-06T20:26:28.963956+00:00,89.1634,0.0342,96.3315,-0.167,0.75,0.0,1500.0,0.0,5.403
1503.0,2026-05-06T20:26:29.457932+00:00,89.1718,0.0263,96.3705,-0.2055,0.75,0.0,1500.0,0.0,5.4015
1503.5,2026-05-06T20:26:29.957851+00:00,89.3056,0.0838,96.3773,-0.1656,0.75,0.0,1500.0,0.0,5.4007
1504.0,2026-05-06T20:26:30.458026+00:00,89.1539,0.0008,96.5214,-0.1273,0.75,0.0,1500.0,0.0,5.4004
1504.5,2026-05-06T20:26:30.958299+00:00,89.1646,0.0006,96.4933,0.0024,0.75,0.0,1500.0,0.0,5.4002
1505.000507,2026-05-06T20:26:31.463407+00:00,89.3,0.0641,96.4023,-0.0598,0.75,0.0,1500.0,0.0,5.4001
1505.5,2026-05-06T20:26:31.957794+00:00,89.4042,0.0493,96.4481,0.0388,0.75,0.0,1500.0,0.0,5.4
1506.0,2026-05-06T20:26:32.458289+00:00,89.3569,0.1015,96.5758,0.0684,0.75,0.0,1500.0,0.0,5.4
1506.5,2026-05-06T20:26:32.957791+00:00,89.3206,0.078,96.6739,0.0989,0.75,0.0,1500.0,0.0,5.4
1507.0,2026-05-06T20:26:33.457958+00:00,89.1654,-0.0673,96.4948,-0.0089,0.75,0.0,1500.0,0.0,5.4
1507.5,2026-05-06T20:26:33.963909+00:00,89.0462,-0.179,96.6117,0.0395,0.75,0.0,1500.0,0.0,5.4
1508.0,2026-05-06T20:26:34.458075+00:00,89.0818,-0.1376,96.447,0.0149,0.75,0.0,1500.0,0.0,5.4
1508.5,2026-05-06T20:26:34.957805+00:00,89.2364,-0.0421,96.4362,-0.004,0.75,0.0,1500.0,0.0,5.4
1509.001491,2026-05-06T20:26:35.459396+00:00,89.1007,-0.0324,96.1038,-0.1573,0.75,0.0,1500.0,0.0,5.4
1509.501391,2026-05-06T20:26:35.959354+00:00,89.2509,0.1024,95.9872,-0.2289,0.75,0.0,1500.0,0.0,5.4
1510.003017,2026-05-06T20:26:36.468271+00:00,89.1119,0.0151,96.2216,-0.0911,0.75,0.0,1500.0,0.0,5.4
1510.5,2026-05-06T20:26:36.957791+00:00,89.1323,-0.0521,96.286,-0.1086,0.75,0.0,1500.0,0.0,5.4
1511.0,2026-05-06T20:26:37.457777+00:00,89.0207,-0.04,96.3355,-0.0372,0.75,0.0,1500.0,0.0,5.4
1511.501513,2026-05-06T20:26:37.959275+00:00,88.9349,-0.158,96.3505,-0.0286,0.75,0.0,1500.0,0.0,5.4
1512.0,2026-05-06T20:26:38.457756+00:00,88.6144,-0.2487,96.3851,0.0937,0.75,0.0,1500.0,0.0,5.4
1512.5,2026-05-06T20:26:38.964912+00:00,88.4954,-0.3184,96.296,0.1029,0.75,0.0,1500.0,0.0,5.4
1513.0,2026-05-06T20:26:39.459702+00:00,88.4039,-0.3084,96.3663,0.0482,0.75,0.0,1500.0,0.0,5.4512
1513.5,2026-05-06T20:26:39.958051+00:00,88.5881,-0.1734,96.3972,0.0371,0.75,0.0,1500.0,0.0,5.4762
1514.0,2026-05-06T20:26:40.457926+00:00,88.9842,0.1849,96.421,0.0285,0.75,0.0,1500.0,0.0,5.4884
1514.5,2026-05-06T20:26:40.957797+00:00,89.0342,0.2694,96.4393,0.0296,0.75,0.0,1500.0,0.0,5.4943
1515.000757,2026-05-06T20:26:41.467021+00:00,89.0725,0.3343,96.5459,0.0536,0.75,0.0,1500.0,0.0,5.4972
1515.500616,2026-05-06T20:26:41.958554+00:00,88.8475,0.1297,96.5353,0.0798,0.75,0.0,1500.0,0.0,5.4986
1516.0,2026-05-06T20:26:42.457752+00:00,88.9291,-0.0276,96.6428,0.0922,0.75,0.0,1500.0,0.0,5.4993
1516.5,2026-05-06T20:26:42.957790+00:00,88.9918,-0.0212,96.6098,0.0708,0.75,0.0,1500.0,0.0,5.4997
1517.0,2026-05-06T20:26:43.458000+00:00,89.0399,-0.0163,96.8158,0.1316,0.75,0.0,1500.0,0.0,5.4998
1517.5,2026-05-06T20:26:43.963914+00:00,89.2043,0.1784,96.627,0.0626,0.75,0.0,1500.0,0.0,5.4999
1518.000612,2026-05-06T20:26:44.458462+00:00,89.4578,0.2644,96.5051,-0.0136,0.75,0.0,1500.0,0.0,5.5
1518.500518,2026-05-06T20:26:44.958328+00:00,89.3982,0.2032,96.7121,0.059,0.75,0.0,1500.0,0.0,5.5
1519.0,2026-05-06T20:26:45.457812+00:00,89.225,0.0925,96.6631,0.0067,0.75,0.0,1500.0,0.0,5.5
1519.5,2026-05-06T20:26:45.957980+00:00,89.2192,0.0075,96.7179,0.036,0.75,0.0,1500.0,0.0,5.5
1520.002181,2026-05-06T20:26:46.468356+00:00,89.3421,-0.0579,96.5286,-0.0957,0.75,0.0,1500.0,0.0,5.5
1520.501542,2026-05-06T20:26:46.959477+00:00,89.3092,-0.0445,96.4989,-0.0427,0.75,0.0,1500.0,0.0,5.5
1521.0,2026-05-06T20:26:47.458179+00:00,89.0294,-0.0978,96.7305,0.0752,0.75,0.0,1500.0,0.0,5.5
1521.5,2026-05-06T20:26:47.957778+00:00,89.0689,-0.0752,96.7929,0.0269,0.75,0.0,1500.0,0.0,5.5
1522.0,2026-05-06T20:26:48.457861+00:00,88.9719,-0.1851,96.9565,0.0978,0.75,0.0,1500.0,0.0,5.5
1522.5,2026-05-06T20:26:48.965756+00:00,88.7702,-0.2695,96.9666,0.0829,0.75,0.0,1500.0,0.0,5.5
1523.0,2026-05-06T20:26:49.457915+00:00,88.6151,-0.2071,96.9743,0.1486,0.75,0.0,1500.0,0.0,5.5
1523.5,2026-05-06T20:26:49.957987+00:00,88.6232,-0.2228,96.8414,0.1142,0.75,0.0,1500.0,0.0,5.5
1524.0,2026-05-06T20:26:50.457918+00:00,88.7566,-0.1076,96.8781,0.0492,0.75,0.0,1500.0,0.0,5.5
1524.5,2026-05-06T20:26:50.957832+00:00,88.732,-0.0191,96.9063,0.0378,0.75,0.0,1500.0,0.0,5.5
1525.000311,2026-05-06T20:26:51.462960+00:00,88.713,0.049,97.0437,0.0291,0.75,0.0,1500.0,0.0,5.5
1525.5,2026-05-06T20:26:51.957960+00:00,88.6984,0.0376,96.9179,-0.0162,0.75,0.0,1500.0,0.0,5.4488
1526.0,2026-05-06T20:26:52.457888+00:00,88.6872,-0.0347,96.9369,-0.0125,0.75,0.0,1500.0,0.0,5.4238
1526.5,2026-05-06T20:26:52.958219+00:00,88.6786,-0.0267,96.6969,-0.0482,0.75,0.0,1500.0,0.0,5.4116
1527.00014,2026-05-06T20:26:53.457920+00:00,88.7993,0.0431,96.3043,-0.1913,0.75,0.0,1500.0,0.0,5.4057
1527.5,2026-05-06T20:26:53.965077+00:00,89.0193,0.1604,96.4653,-0.147,0.75,0.0,1500.0,0.0,5.4028
1528.0,2026-05-06T20:26:54.457936+00:00,88.8065,0.0597,96.7047,-0.113,0.75,0.0,1500.0,0.0,5.4014
1528.5,2026-05-06T20:26:54.957770+00:00,88.8976,0.1095,96.5416,-0.1254,0.75,0.0,1500.0,0.0,5.4007
1529.0,2026-05-06T20:26:55.457791+00:00,88.9676,0.0842,96.3006,-0.2121,0.75,0.0,1500.0,0.0,5.4515
1529.5,2026-05-06T20:26:55.957770+00:00,89.0214,0.001,96.3467,-0.1167,0.75,0.0,1500.0,0.0,5.4763
1530.0,2026-05-06T20:26:56.467062+00:00,89.0627,0.1281,96.4979,0.0645,0.75,0.0,1500.0,0.0,5.4885
1530.501088,2026-05-06T20:26:56.958907+00:00,89.0945,0.0984,96.6141,0.0496,0.75,0.0,1500.0,0.0,5.4944
1531.0,2026-05-06T20:26:57.457789+00:00,88.9916,0.012,96.3563,-0.1161,0.75,0.0,1500.0,0.0,5.4973
1531.500531,2026-05-06T20:26:57.958374+00:00,88.7853,-0.118,96.3895,-0.0507,0.75,0.0,1500.0,0.0,5.4987
1532.0,2026-05-06T20:26:58.457774+00:00,89.0085,-0.0271,96.6465,0.1153,0.75,0.0,1500.0,0.0,5.4993
1532.5,2026-05-06T20:26:58.963877+00:00,89.1801,0.0428,96.7283,0.1272,0.75,0.0,1500.0,0.0,5.4997
1533.0,2026-05-06T20:26:59.457882+00:00,89.312,0.1602,96.7912,0.0978,0.75,0.0,1500.0,0.0,5.4998
1533.5,2026-05-06T20:26:59.957813+00:00,89.0315,0.1231,96.7007,0.0289,0.75,0.0,1500.0,0.0,5.4999
1534.00027,2026-05-06T20:27:00.458600+00:00,89.1978,0.0946,96.6542,0.0993,0.75,0.0,1500.0,0.0,5.5
1534.502139,2026-05-06T20:27:00.960067+00:00,89.071,-0.0545,96.7342,0.1149,0.75,0.0,1500.0,0.0,5.5
1535.0,2026-05-06T20:27:01.463684+00:00,88.9736,-0.1692,96.6569,0.0035,0.75,0.0,1500.0,0.0,5.5
1535.5,2026-05-06T20:27:01.957776+00:00,89.026,-0.0028,96.5049,-0.0745,0.75,0.0,1500.0,0.0,5.4488
1536.0,2026-05-06T20:27:02.457764+00:00,89.0663,-0.0658,96.3649,-0.1421,0.75,0.0,1500.0,0.0,5.4238
1536.5,2026-05-06T20:27:02.957979+00:00,88.9699,-0.0505,96.5119,-0.0629,0.75,0.0,1500.0,0.0,5.4116
1537.0,2026-05-06T20:27:03.457786+00:00,88.7686,-0.1025,96.5091,-0.0484,0.75,0.0,1500.0,0.0,5.4057
1537.5,2026-05-06T20:27:03.966754+00:00,88.7412,-0.1424,96.507,-0.0757,0.75,0.0,1500.0,0.0,5.4028
1538.0,2026-05-06T20:27:04.457803+00:00,88.7201,-0.1731,96.4823,-0.0582,0.75,0.0,1500.0,0.0,5.4526
1538.5,2026-05-06T20:27:04.958134+00:00,88.8311,-0.0694,96.6021,0.0324,0.75,0.0,1500.0,0.0,5.4256
1539.0,2026-05-06T20:27:05.457934+00:00,89.0438,0.1376,96.6941,0.1097,0.75,0.0,1500.0,0.0,5.4125
1539.5,2026-05-06T20:27:05.958115+00:00,89.0799,0.1694,96.8806,0.1229,0.75,0.0,1500.0,0.0,5.4061
1540.0,2026-05-06T20:27:06.462944+00:00,89.1077,0.1938,96.9082,0.133,0.75,0.0,1500.0,0.0,5.403
1540.5,2026-05-06T20:27:06.957914+00:00,89.3836,0.2762,96.9295,0.1408,0.75,0.0,1500.0,0.0,5.4015
1541.0,2026-05-06T20:27:07.457824+00:00,89.3411,0.1487,96.8301,0.1159,0.75,0.0,1500.0,0.0,5.4007
1541.502318,2026-05-06T20:27:07.960173+00:00,89.1812,0.0506,96.7537,0.0506,0.75,0.0,1500.0,0.0,5.4003
1542.0,2026-05-06T20:27:08.457921+00:00,89.0583,-0.0247,96.9264,0.0774,0.75,0.0,1500.0,0.0,5.4002
1542.500129,2026-05-06T20:27:08.963146+00:00,89.0911,-0.1463,97.0591,0.0595,0.75,0.0,1500.0,0.0,5.4001
1543.00064,2026-05-06T20:27:09.458501+00:00,88.989,-0.1761,96.9297,0.0072,0.75,0.0,1500.0,0.0,5.4
1543.5,2026-05-06T20:27:09.957902+00:00,89.0378,-0.0717,96.8303,-0.0331,0.75,0.0,1500.0,0.0,5.4
1544.0,2026-05-06T20:27:10.458115+00:00,89.0754,0.0085,96.8696,0.0132,0.75,0.0,1500.0,0.0,5.4
1544.5,2026-05-06T20:27:10.958013+00:00,88.8497,-0.1207,97.0155,0.0872,0.75,0.0,1500.0,0.0,5.4
1545.0,2026-05-06T20:27:11.462613+00:00,88.8035,-0.0928,96.8962,-0.0101,0.75,0.0,1500.0,0.0,5.4
1545.5,2026-05-06T20:27:11.957850+00:00,88.7679,-0.1349,96.9202,-0.0463,0.75,0.0,1500.0,0.0,5.4
1546.0,2026-05-06T20:27:12.457985+00:00,88.8679,-0.1037,96.823,-0.0356,0.75,0.0,1500.0,0.0,5.4
1546.500277,2026-05-06T20:27:12.958395+00:00,88.8175,-0.0161,96.6325,-0.0659,0.75,0.0,1500.0,0.0,5.4
1547.0,2026-05-06T20:27:13.457957+00:00,88.7787,-0.0124,96.3705,-0.1664,0.75,0.0,1500.0,0.0,5.4
1547.5,2026-05-06T20:27:13.966576+00:00,88.8762,0.0541,96.2616,-0.2513,0.75,0.0,1500.0,0.0,5.4
1548.0015,2026-05-06T20:27:14.459267+00:00,89.0784,0.1052,96.2011,-0.2317,0.75,0.0,1500.0,0.0,5.4512
1548.5,2026-05-06T20:27:14.957950+00:00,88.9793,0.0809,96.5016,-0.1395,0.75,0.0,1500.0,0.0,5.425
1549.0,2026-05-06T20:27:15.457768+00:00,89.1576,0.1894,96.617,-0.0687,0.75,0.0,1500.0,0.0,5.4122
1549.5,2026-05-06T20:27:15.957960+00:00,89.1674,0.1456,96.6825,0.0166,0.75,0.0,1500.0,0.0,5.406
1550.0,2026-05-06T20:27:16.463973+00:00,89.175,0.0483,96.8716,0.1671,0.75,0.0,1500.0,0.0,5.4029
1550.501519,2026-05-06T20:27:16.959464+00:00,89.0535,0.0371,96.9013,0.2132,0.75,0.0,1500.0,0.0,5.4526
1551.0,2026-05-06T20:27:17.457795+00:00,89.0874,-0.0351,97.0399,0.2796,0.75,0.0,1500.0,0.0,5.4769
1551.5,2026-05-06T20:27:17.958286+00:00,89.1134,-0.027,97.1463,0.2149,0.75,0.0,1500.0,0.0,5.4375
1552.0,2026-05-06T20:27:18.457913+00:00,89.0062,-0.0844,97.3439,0.2423,0.75,0.0,1500.0,0.0,5.4183
1552.5,2026-05-06T20:27:18.964039+00:00,89.0511,-0.0012,97.38,0.2325,0.75,0.0,1500.0,0.0,5.4089
1553.0,2026-05-06T20:27:19.458068+00:00,89.2128,0.0627,97.2921,0.1401,0.75,0.0,1500.0,0.0,5.4556
1553.5,2026-05-06T20:27:19.957810+00:00,89.0826,-0.0154,97.1088,0.0691,0.75,0.0,1500.0,0.0,5.4783
1554.0,2026-05-06T20:27:20.458014+00:00,89.1097,0.0518,97.1993,0.0531,0.75,0.0,1500.0,0.0,5.4894
1554.5,2026-05-06T20:27:20.957781+00:00,88.8761,-0.0875,97.1532,0.0023,0.75,0.0,1500.0,0.0,5.4948
1555.0,2026-05-06T20:27:21.463627+00:00,88.951,-0.1309,97.1177,-0.0754,0.75,0.0,1500.0,0.0,5.4975
1555.5,2026-05-06T20:27:21.957897+00:00,89.0086,-0.037,97.0905,-0.0965,0.75,0.0,1500.0,0.0,5.4988
1556.0,2026-05-06T20:27:22.458208+00:00,89.0529,-0.0284,96.815,-0.159,0.75,0.0,1500.0,0.0,5.4994
1556.5,2026-05-06T20:27:22.957851+00:00,89.087,0.1054,96.7421,-0.1222,0.75,0.0,1500.0,0.0,5.4997
1557.0,2026-05-06T20:27:23.457911+00:00,89.2404,0.1447,96.8018,-0.1325,0.75,0.0,1500.0,0.0,5.4999
1557.5,2026-05-06T20:27:23.967769+00:00,89.231,0.1112,96.8477,-0.1018,0.75,0.0,1500.0,0.0,5.4487
1558.002165,2026-05-06T20:27:24.460069+00:00,89.2239,0.0855,96.7672,-0.1168,0.75,0.0,1500.0,0.0,5.475
1558.5,2026-05-06T20:27:24.957786+00:00,89.2183,0.0657,96.7054,-0.1284,0.75,0.0,1500.0,0.0,5.4366
1559.000674,2026-05-06T20:27:25.458429+00:00,89.2141,-0.0131,96.7736,-0.0138,0.75,0.0,1500.0,0.0,5.4179
1559.500838,2026-05-06T20:27:25.958784+00:00,89.0836,-0.0737,96.7103,-0.0106,0.75,0.0,1500.0,0.0,5.4087
1560.0,2026-05-06T20:27:26.463242+00:00,89.1105,-0.0567,96.4302,-0.1239,0.75,0.0,1500.0,0.0,5.4555
1560.5,2026-05-06T20:27:26.958167+00:00,89.2585,0.0201,96.3307,-0.1723,0.75,0.0,1500.0,0.0,5.4271
1561.0,2026-05-06T20:27:27.457773+00:00,89.3722,0.0791,96.4855,-0.0939,0.75,0.0,1500.0,0.0,5.4132
1561.5,2026-05-06T20:27:27.957932+00:00,89.4596,0.188,96.3732,-0.1107,0.75,0.0,1500.0,0.0,5.4064
1562.0,2026-05-06T20:27:28.459016+00:00,89.5268,0.2082,96.5182,-0.0851,0.75,0.0,1500.0,0.0,5.4031
1562.5,2026-05-06T20:27:28.962031+00:00,89.4512,0.0964,96.4909,-0.0731,0.75,0.0,1500.0,0.0,5.4015
1563.0,2026-05-06T20:27:29.457954+00:00,89.3931,0.0104,96.493,0.0209,0.75,0.0,1500.0,0.0,5.4007
1563.500244,2026-05-06T20:27:29.958326+00:00,89.0939,-0.1829,96.4946,0.0547,0.75,0.0,1500.0,0.0,5.4004
1564.0,2026-05-06T20:27:30.457911+00:00,88.8639,-0.3315,96.357,-0.0428,0.75,0.0,1500.0,0.0,5.4002
1564.501411,2026-05-06T20:27:30.959204+00:00,89.0689,-0.1911,96.5058,0.0442,0.75,0.0,1500.0,0.0,5.4001
1565.0,2026-05-06T20:27:31.463146+00:00,89.0993,-0.1469,96.5045,-0.0046,0.75,0.0,1500.0,0.0,5.4
1565.501399,2026-05-06T20:27:31.959448+00:00,89.1226,0.0144,96.6191,0.0428,0.75,0.0,1500.0,0.0,5.4
1566.0,2026-05-06T20:27:32.458245+00:00,89.0132,0.0747,96.823,0.11,0.75,0.0,1500.0,0.0,5.4
1566.500068,2026-05-06T20:27:32.957853+00:00,89.0564,-0.0062,96.9565,0.154,0.75,0.0,1500.0,0.0,5.4
1567.0,2026-05-06T20:27:33.457840+00:00,89.0897,-0.0048,96.7352,0.126,0.75,0.0,1500.0,0.0,5.4
1567.5,2026-05-06T20:27:33.962746+00:00,89.1152,-0.0037,96.9121,0.1354,0.75,0.0,1500.0,0.0,5.4
1568.0,2026-05-06T20:27:34.457941+00:00,89.0075,-0.0028,96.7936,0.0964,0.75,0.0,1500.0,0.0,5.4
1568.5,2026-05-06T20:27:34.958141+00:00,89.0521,-0.0022,96.9571,0.1127,0.75,0.0,1500.0,0.0,5.4512
1569.0,2026-05-06T20:27:35.457771+00:00,88.959,-0.0653,96.8513,0.0095,0.75,0.0,1500.0,0.0,5.4762
1569.5,2026-05-06T20:27:35.957738+00:00,88.7603,-0.1775,96.6543,-0.1007,0.75,0.0,1500.0,0.0,5.4884
1570.000641,2026-05-06T20:27:36.565746+00:00,88.862,-0.0728,96.3641,-0.1237,0.75,0.0,1500.0,0.0,5.4943
1570.5,2026-05-06T20:27:36.957954+00:00,88.813,-0.1196,96.2567,-0.2185,0.75,0.0,1500.0,0.0,5.4972
1571.0,2026-05-06T20:27:37.458420+00:00,88.9025,-0.0283,96.1973,-0.1988,0.75,0.0,1500.0,0.0,5.4986
1571.5,2026-05-06T20:27:37.957811+00:00,88.8441,0.0419,96.383,-0.1913,0.75,0.0,1500.0,0.0,5.4993
1572.0,2026-05-06T20:27:38.457866+00:00,88.9264,0.0322,96.4101,-0.1471,0.75,0.0,1500.0,0.0,5.4997
1572.500373,2026-05-06T20:27:38.963132+00:00,88.9897,0.0884,96.5235,-0.0436,0.75,0.0,1500.0,0.0,5.4998
1573.0,2026-05-06T20:27:39.457834+00:00,89.1657,0.1316,96.2866,-0.0258,0.75,0.0,1500.0,0.0,5.4999
1573.500484,2026-05-06T20:27:39.958292+00:00,89.1736,0.1648,96.5674,0.1036,0.75,0.0,1500.0,0.0,5.5
1574.001762,2026-05-06T20:27:40.459828+00:00,88.9252,-0.0006,96.5749,0.1259,0.75,0.0,1500.0,0.0,5.5
1574.5,2026-05-06T20:27:40.957806+00:00,88.9888,-0.0005,96.5576,0.0582,0.75,0.0,1500.0,0.0,5.5
1575.0,2026-05-06T20:27:41.465694+00:00,88.9104,-0.1276,96.4286,0.0062,0.75,0.0,1500.0,0.0,5.5
1575.5,2026-05-06T20:27:41.957788+00:00,88.7229,-0.2254,96.4451,-0.0261,0.75,0.0,1500.0,0.0,5.5
1576.000681,2026-05-06T20:27:42.458447+00:00,88.8333,-0.046,96.5735,0.0956,0.75,0.0,1500.0,0.0,5.5
1576.5,2026-05-06T20:27:42.957802+00:00,88.9181,-0.0353,96.5565,-0.0036,0.75,0.0,1500.0,0.0,5.5
1577.000465,2026-05-06T20:27:43.458306+00:00,88.9834,0.0365,96.5203,-0.0182,0.75,0.0,1500.0,0.0,5.5
1577.5,2026-05-06T20:27:43.963601+00:00,89.0335,0.1553,96.5156,-0.014,0.75,0.0,1500.0,0.0,5.5
1578.0,2026-05-06T20:27:44.458131+00:00,89.072,0.1194,96.3963,-0.0108,0.75,0.0,1500.0,0.0,5.5
1578.5,2026-05-06T20:27:44.958209+00:00,89.2289,0.1554,96.536,0.0303,0.75,0.0,1500.0,0.0,5.5
1579.0,2026-05-06T20:27:45.457941+00:00,89.2222,0.1194,96.6665,0.031,0.75,0.0,1500.0,0.0,5.5
1579.5,2026-05-06T20:27:45.957943+00:00,89.2171,0.0918,96.628,0.0238,0.75,0.0,1500.0,0.0,5.5
1580.0,2026-05-06T20:27:46.463033+00:00,89.0859,0.0069,96.7141,0.0646,0.75,0.0,1500.0,0.0,5.5
1580.5,2026-05-06T20:27:46.958427+00:00,89.2395,0.0053,96.5257,0.0034,0.75,0.0,1500.0,0.0,5.4488
1581.0,2026-05-06T20:27:47.458088+00:00,89.1031,-0.0595,96.5197,0.0412,0.75,0.0,1500.0,0.0,5.4238
1581.5,2026-05-06T20:27:47.957952+00:00,88.9983,-0.1094,96.6309,0.0316,0.75,0.0,1500.0,0.0,5.4116
1582.0,2026-05-06T20:27:48.458970+00:00,88.9177,-0.0841,96.3692,-0.0991,0.75,0.0,1500.0,0.0,5.4057
1582.502184,2026-05-06T20:27:48.969066+00:00,88.8557,-0.1919,96.492,-0.0453,0.75,0.0,1500.0,0.0,5.4028
1583.0,2026-05-06T20:27:49.457767+00:00,88.8081,-0.1475,96.4707,-0.0811,0.75,0.0,1500.0,0.0,5.4526
1583.5,2026-05-06T20:27:49.957825+00:00,88.8988,-0.0497,96.2461,-0.0932,0.75,0.0,1500.0,0.0,5.4256
1584.0,2026-05-06T20:27:50.457813+00:00,89.0958,0.089,96.2817,-0.0793,0.75,0.0,1500.0,0.0,5.4125
1584.5,2026-05-06T20:27:50.957882+00:00,89.2472,0.1957,96.3322,-0.0995,0.75,0.0,1500.0,0.0,5.4061
1585.0,2026-05-06T20:27:51.464999+00:00,89.109,0.1504,96.6024,0.0778,0.75,0.0,1500.0,0.0,5.403
1585.500614,2026-05-06T20:27:51.958452+00:00,89.0028,0.052,96.5787,0.0289,0.75,0.0,1500.0,0.0,5.4015
1586.0,2026-05-06T20:27:52.457756+00:00,89.0484,-0.0237,96.6762,0.0685,0.75,0.0,1500.0,0.0,5.4007
1586.5,2026-05-06T20:27:52.958144+00:00,89.0835,-0.0818,96.7511,0.1683,0.75,0.0,1500.0,0.0,5.4515
1587.0,2026-05-06T20:27:53.458935+00:00,89.1104,0.0007,96.693,0.1371,0.75,0.0,1500.0,0.0,5.4764
1587.5,2026-05-06T20:27:53.966243+00:00,88.8766,-0.0631,96.9955,0.2211,0.75,0.0,1500.0,0.0,5.4885
1588.0,2026-05-06T20:27:54.457748+00:00,88.9515,-0.0485,97.1122,0.1699,0.75,0.0,1500.0,0.0,5.4944
1588.501509,2026-05-06T20:27:54.959419+00:00,89.009,-0.0373,96.9705,0.1306,0.75,0.0,1500.0,0.0,5.4461
1589.0,2026-05-06T20:27:55.457774+00:00,88.9259,-0.0923,96.9774,0.1004,0.75,0.0,1500.0,0.0,5.4225
1589.5,2026-05-06T20:27:55.957969+00:00,88.9893,0.0563,97.0983,0.1157,0.75,0.0,1500.0,0.0,5.411
1590.0,2026-05-06T20:27:56.463347+00:00,89.0381,0.0433,97.0756,0.1275,0.75,0.0,1500.0,0.0,5.4054
1590.5,2026-05-06T20:27:56.958225+00:00,88.9483,-0.0303,96.8267,-0.0563,0.75,0.0,1500.0,0.0,5.4026
1591.0,2026-05-06T20:27:57.458002+00:00,88.752,-0.087,96.8668,-0.0818,0.75,0.0,1500.0,0.0,5.4013
1591.500212,2026-05-06T20:27:57.958548+00:00,88.6011,-0.1941,96.8976,-0.0243,0.75,0.0,1500.0,0.0,5.4006
1592.000828,2026-05-06T20:27:58.458770+00:00,88.6124,-0.2128,96.9213,-0.0187,0.75,0.0,1500.0,0.0,5.4003
1592.5,2026-05-06T20:27:58.965294+00:00,88.8757,-0.0363,97.0552,-0.0144,0.75,0.0,1500.0,0.0,5.4001
1593.00177,2026-05-06T20:27:59.459611+00:00,88.8234,0.0357,97.2738,0.0661,0.75,0.0,1500.0,0.0,5.4513
1593.501644,2026-05-06T20:27:59.959463+00:00,88.656,0.0275,97.0948,0.0894,0.75,0.0,1500.0,0.0,5.4762
1594.000597,2026-05-06T20:28:00.458738+00:00,88.6546,0.0211,97.1885,0.1073,0.75,0.0,1500.0,0.0,5.4884
1594.5,2026-05-06T20:28:00.958148+00:00,88.6536,-0.111,97.2606,0.121,0.75,0.0,1500.0,0.0,5.4943
1595.0,2026-05-06T20:28:01.463640+00:00,88.9073,0.0419,97.316,0.1316,0.75,0.0,1500.0,0.0,5.4972
1595.5,2026-05-06T20:28:01.958056+00:00,88.975,0.1595,97.0115,-0.0146,0.75,0.0,1500.0,0.0,5.4987
1596.0,2026-05-06T20:28:02.457797+00:00,88.8998,0.1226,97.0088,-0.0883,0.75,0.0,1500.0,0.0,5.4993
1596.5,2026-05-06T20:28:02.957991+00:00,89.0965,0.2215,96.8679,-0.0756,0.75,0.0,1500.0,0.0,5.4997
1597.0,2026-05-06T20:28:03.457826+00:00,88.9932,0.043,96.8059,-0.1275,0.75,0.0,1500.0,0.0,5.4998
1597.5,2026-05-06T20:28:03.964164+00:00,89.1683,0.0967,96.7351,-0.1752,0.75,0.0,1500.0,0.0,5.4487
1598.0,2026-05-06T20:28:04.457927+00:00,89.0484,0.0743,96.7964,-0.1732,0.75,0.0,1500.0,0.0,5.475
1598.502175,2026-05-06T20:28:04.960058+00:00,89.0835,-0.0065,96.9592,-0.0174,0.75,0.0,1500.0,0.0,5.4878
1599.000768,2026-05-06T20:28:05.458573+00:00,89.1104,0.0586,96.7373,-0.0905,0.75,0.0,1500.0,0.0,5.494
1599.5,2026-05-06T20:28:05.957759+00:00,89.0039,-0.0822,96.9138,0.0153,0.75,0.0,1500.0,0.0,5.4971
1600.0,2026-05-06T20:28:06.463365+00:00,88.922,-0.0632,96.9337,0.0426,0.75,0.0,1500.0,0.0,5.4474
1600.5,2026-05-06T20:28:06.957770+00:00,88.9863,-0.0486,96.8334,0.0327,0.75,0.0,1500.0,0.0,5.4231
1601.0,2026-05-06T20:28:07.457884+00:00,88.9085,-0.101,96.8719,0.0252,0.75,0.0,1500.0,0.0,5.4113
1601.5,2026-05-06T20:28:07.957910+00:00,88.976,-0.014,97.0173,0.0193,0.75,0.0,1500.0,0.0,5.4055
1602.0,2026-05-06T20:28:08.457789+00:00,89.0278,0.0529,97.129,0.1306,0.75,0.0,1500.0,0.0,5.4027
1602.500778,2026-05-06T20:28:08.966040+00:00,88.9404,-0.023,96.9834,0.0232,0.75,0.0,1500.0,0.0,5.4013
1603.0,2026-05-06T20:28:09.457827+00:00,88.8732,-0.0177,97.103,0.0564,0.75,0.0,1500.0,0.0,5.4006
1603.5,2026-05-06T20:28:09.957784+00:00,88.9488,-0.0136,97.0791,0.0819,0.75,0.0,1500.0,0.0,5.4003
1604.000368,2026-05-06T20:28:10.458137+00:00,89.1342,0.0532,96.9451,0.0244,0.75,0.0,1500.0,0.0,5.4002
1604.5,2026-05-06T20:28:10.957842+00:00,89.0222,0.0409,96.9578,-0.0198,0.75,0.0,1500.0,0.0,5.4001
1605.0,2026-05-06T20:28:11.467022+00:00,89.0633,0.0951,96.8287,-0.1001,0.75,0.0,1500.0,0.0,5.4
1605.500773,2026-05-06T20:28:11.958592+00:00,88.9677,0.0094,96.3824,-0.2003,0.75,0.0,1500.0,0.0,5.4512
1606.0,2026-05-06T20:28:12.457795+00:00,88.8942,-0.12,96.2708,-0.2774,0.75,0.0,1500.0,0.0,5.4762
1606.500758,2026-05-06T20:28:12.958566+00:00,88.9649,-0.0286,96.185,-0.298,0.75,0.0,1500.0,0.0,5.4372
1607.0,2026-05-06T20:28:13.457794+00:00,89.0193,-0.022,96.0265,-0.3062,0.75,0.0,1500.0,0.0,5.4181
1607.5,2026-05-06T20:28:13.962650+00:00,88.8066,-0.0805,96.2518,-0.2354,0.75,0.0,1500.0,0.0,5.4089
1608.0,2026-05-06T20:28:14.458288+00:00,88.8976,0.0017,96.4249,-0.1346,0.75,0.0,1500.0,0.0,5.4555
1608.5,2026-05-06T20:28:14.958238+00:00,88.8403,-0.0623,96.6737,0.0971,0.75,0.0,1500.0,0.0,5.4783
1609.0,2026-05-06T20:28:15.457810+00:00,89.0508,0.0157,96.726,0.1518,0.75,0.0,1500.0,0.0,5.4894
1609.500249,2026-05-06T20:28:15.958641+00:00,89.0853,0.1394,96.9051,0.24,0.75,0.0,1500.0,0.0,5.4948
1610.0,2026-05-06T20:28:16.462730+00:00,89.2391,0.1708,96.58,0.1845,0.75,0.0,1500.0,0.0,5.4975
1610.500237,2026-05-06T20:28:16.958481+00:00,89.1028,0.1312,96.7929,0.1804,0.75,0.0,1500.0,0.0,5.4988
1611.0,2026-05-06T20:28:17.457762+00:00,89.1253,0.0372,96.7251,0.1001,0.75,0.0,1500.0,0.0,5.4994
1611.5,2026-05-06T20:28:17.957780+00:00,89.1426,0.0286,96.5573,-0.0388,0.75,0.0,1500.0,0.0,5.4997
1612.0,2026-05-06T20:28:18.457807+00:00,89.1559,-0.0416,96.4284,-0.0992,0.75,0.0,1500.0,0.0,5.4999
1612.500335,2026-05-06T20:28:18.962431+00:00,89.0388,-0.032,96.6763,-0.0763,0.75,0.0,1500.0,0.0,5.4999
1613.0,2026-05-06T20:28:19.457761+00:00,89.2034,0.039,96.6355,0.0185,0.75,0.0,1500.0,0.0,5.5
1613.5,2026-05-06T20:28:19.957957+00:00,89.0753,-0.0336,96.6042,-0.0629,0.75,0.0,1500.0,0.0,5.5
1614.001845,2026-05-06T20:28:20.459596+00:00,89.2314,0.0378,96.4644,-0.0869,0.75,0.0,1500.0,0.0,5.5
1614.502166,2026-05-06T20:28:20.960063+00:00,88.9696,-0.0346,96.2412,-0.1054,0.75,0.0,1500.0,0.0,5.5
1615.0,2026-05-06T20:28:21.462469+00:00,88.8957,-0.1539,96.3937,-0.0116,0.75,0.0,1500.0,0.0,5.5
1615.5,2026-05-06T20:28:21.957868+00:00,88.9661,-0.0546,96.4183,-0.086,0.75,0.0,1500.0,0.0,5.4488
1616.0,2026-05-06T20:28:22.457759+00:00,88.8929,-0.1693,96.6686,0.011,0.75,0.0,1500.0,0.0,5.4238
1616.5,2026-05-06T20:28:22.958438+00:00,88.964,-0.0028,96.7453,0.047,0.75,0.0,1500.0,0.0,5.4116
1617.0,2026-05-06T20:28:23.457929+00:00,88.8913,-0.0022,96.8042,0.1133,0.75,0.0,1500.0,0.0,5.4057
1617.5,2026-05-06T20:28:23.962404+00:00,88.8355,-0.0653,96.9652,0.2413,0.75,0.0,1500.0,0.0,5.4028
1618.0,2026-05-06T20:28:24.457830+00:00,88.7926,-0.0502,96.9733,0.1932,0.75,0.0,1500.0,0.0,5.4526
1618.50068,2026-05-06T20:28:24.958453+00:00,88.8868,-0.0386,96.8638,0.1485,0.75,0.0,1500.0,0.0,5.4768
1619.0,2026-05-06T20:28:25.457820+00:00,88.832,-0.0296,96.7796,0.037,0.75,0.0,1500.0,0.0,5.4887
1619.5,2026-05-06T20:28:25.957951+00:00,88.6626,-0.0864,96.8306,0.0284,0.75,0.0,1500.0,0.0,5.4945
1620.0,2026-05-06T20:28:26.463668+00:00,88.9143,0.0608,96.8698,0.0219,0.75,0.0,1500.0,0.0,5.4973
1620.5,2026-05-06T20:28:26.959336+00:00,88.5986,-0.1441,96.6454,-0.1066,0.75,0.0,1500.0,0.0,5.4475
1621.0,2026-05-06T20:28:27.457807+00:00,88.7377,-0.0472,96.6117,-0.1205,0.75,0.0,1500.0,0.0,5.4232
1621.501651,2026-05-06T20:28:27.959494+00:00,88.8447,0.091,96.7016,-0.0541,0.75,0.0,1500.0,0.0,5.4113
1622.0,2026-05-06T20:28:28.457994+00:00,88.9269,0.0063,96.6549,-0.0415,0.75,0.0,1500.0,0.0,5.4055
1622.5,2026-05-06T20:28:28.964453+00:00,88.9901,0.1958,96.7579,-0.0242,0.75,0.0,1500.0,0.0,5.4027
1623.0,2026-05-06T20:28:29.457794+00:00,89.0387,0.1505,96.5825,-0.0957,0.75,0.0,1500.0,0.0,5.4525
1623.5,2026-05-06T20:28:29.957801+00:00,88.9487,0.052,96.5634,-0.0273,0.75,0.0,1500.0,0.0,5.4768
1624.0,2026-05-06T20:28:30.457773+00:00,89.2614,0.1672,96.5488,-0.021,0.75,0.0,1500.0,0.0,5.4887
1624.5,2026-05-06T20:28:30.957899+00:00,89.2472,0.1285,96.7689,0.0224,0.75,0.0,1500.0,0.0,5.4945
1625.0,2026-05-06T20:28:31.465540+00:00,89.2363,0.0988,96.9381,0.0944,0.75,0.0,1500.0,0.0,5.4973
1625.501187,2026-05-06T20:28:31.959636+00:00,89.1006,0.0759,96.8367,0.0263,0.75,0.0,1500.0,0.0,5.4987
1626.0,2026-05-06T20:28:32.457860+00:00,88.9963,-0.1325,96.9902,0.1359,0.75,0.0,1500.0,0.0,5.4994
1626.5,2026-05-06T20:28:32.958233+00:00,89.0435,-0.1019,97.1082,0.1816,0.75,0.0,1500.0,0.0,5.4997
1627.003046,2026-05-06T20:28:33.460997+00:00,89.207,-0.0147,96.9674,0.1396,0.75,0.0,1500.0,0.0,5.4998
1627.5,2026-05-06T20:28:33.968465+00:00,89.2054,0.0524,96.975,0.0687,0.75,0.0,1500.0,0.0,5.4999
1628.0,2026-05-06T20:28:34.457960+00:00,89.2041,0.1039,96.9808,0.0142,0.75,0.0,1500.0,0.0,5.5
1628.5,2026-05-06T20:28:34.958303+00:00,89.0759,0.0162,97.1009,0.0881,0.75,0.0,1500.0,0.0,5.5
1629.0,2026-05-06T20:28:35.457762+00:00,89.2319,0.0125,97.1933,0.0677,0.75,0.0,1500.0,0.0,5.5
1629.5,2026-05-06T20:28:35.957747+00:00,89.3518,0.0732,97.1485,0.0135,0.75,0.0,1500.0,0.0,5.5
1630.0,2026-05-06T20:28:36.463037+00:00,89.5712,0.1835,97.2299,0.0875,0.75,0.0,1500.0,0.0,5.5
1630.5,2026-05-06T20:28:36.957905+00:00,89.2308,0.0774,97.1767,0.0672,0.75,0.0,1500.0,0.0,5.4488
1631.000524,2026-05-06T20:28:37.458381+00:00,89.2236,-0.0041,97.0201,0.0131,0.75,0.0,1500.0,0.0,5.4238
1631.5,2026-05-06T20:28:37.957778+00:00,89.2182,-0.0668,96.8997,-0.0671,0.75,0.0,1500.0,0.0,5.4116
1632.0,2026-05-06T20:28:38.457959+00:00,89.214,-0.1786,96.8072,-0.1287,0.75,0.0,1500.0,0.0,5.4057
1632.5,2026-05-06T20:28:38.966357+00:00,89.0835,-0.0736,96.5047,-0.2146,0.75,0.0,1500.0,0.0,5.4028
1633.0,2026-05-06T20:28:39.457838+00:00,88.9832,-0.1202,96.3879,-0.2806,0.75,0.0,1500.0,0.0,5.4526
1633.5,2026-05-06T20:28:39.957802+00:00,88.9061,-0.1561,96.1825,-0.3314,0.75,0.0,1500.0,0.0,5.4768
1634.0,2026-05-06T20:28:40.457882+00:00,88.9741,-0.1199,96.1403,-0.2933,0.75,0.0,1500.0,0.0,5.4887
1634.500369,2026-05-06T20:28:40.958284+00:00,89.1536,0.0351,96.3392,-0.1868,0.75,0.0,1500.0,0.0,5.4945
1635.0,2026-05-06T20:28:41.464145+00:00,89.0371,0.027,96.4921,-0.105,0.75,0.0,1500.0,0.0,5.4973
1635.5,2026-05-06T20:28:41.957796+00:00,89.2021,0.148,96.1468,-0.1193,0.75,0.0,1500.0,0.0,5.4475
1636.0,2026-05-06T20:28:42.457786+00:00,89.3289,0.1774,96.136,-0.084,0.75,0.0,1500.0,0.0,5.4232
1636.5,2026-05-06T20:28:42.957779+00:00,88.9172,-0.1182,96.1045,-0.026,0.75,0.0,1500.0,0.0,5.4113
1637.0,2026-05-06T20:28:43.457852+00:00,88.9827,-0.0272,96.3117,0.0572,0.75,0.0,1500.0,0.0,5.4055
1637.5,2026-05-06T20:28:43.963187+00:00,88.9057,-0.1482,96.3322,-0.0023,0.75,0.0,1500.0,0.0,5.4027
1638.0,2026-05-06T20:28:44.457796+00:00,88.8465,-0.2412,96.3941,-0.0327,0.75,0.0,1500.0,0.0,5.4525
1638.5,2026-05-06T20:28:44.958015+00:00,88.9283,0.0055,96.5343,0.1292,0.75,0.0,1500.0,0.0,5.4256
1639.0,2026-05-06T20:28:45.458079+00:00,88.7366,-0.123,96.6421,0.1687,0.75,0.0,1500.0,0.0,5.4125
1639.501646,2026-05-06T20:28:45.959452+00:00,88.8439,-0.0309,96.4935,0.1297,0.75,0.0,1500.0,0.0,5.4061
1640.001458,2026-05-06T20:28:46.468109+00:00,88.9263,0.0399,96.3793,0.0225,0.75,0.0,1500.0,0.0,5.403
1640.501377,2026-05-06T20:28:46.959624+00:00,89.1169,0.0943,96.2915,-0.0135,0.75,0.0,1500.0,0.0,5.4527
1641.0,2026-05-06T20:28:47.457790+00:00,89.1361,0.1997,96.0852,-0.103,0.75,0.0,1500.0,0.0,5.4769
1641.501125,2026-05-06T20:28:47.959042+00:00,88.8964,0.0262,96.2969,-0.0791,0.75,0.0,1500.0,0.0,5.4887
1642.002881,2026-05-06T20:28:48.460631+00:00,88.9666,0.0202,96.2513,-0.1302,0.75,0.0,1500.0,0.0,5.4945
1642.5,2026-05-06T20:28:48.962731+00:00,89.0206,-0.0481,96.5171,0.0079,0.75,0.0,1500.0,0.0,5.4461
1643.0,2026-05-06T20:28:49.458256+00:00,89.1894,0.0266,96.49,0.0369,0.75,0.0,1500.0,0.0,5.4737
1643.500229,2026-05-06T20:28:49.958191+00:00,89.1919,0.1477,96.608,0.1055,0.75,0.0,1500.0,0.0,5.4872
1644.0,2026-05-06T20:28:50.457894+00:00,88.9392,-0.0137,96.5599,0.1582,0.75,0.0,1500.0,0.0,5.4425
1644.5,2026-05-06T20:28:50.957779+00:00,88.8723,-0.0742,96.1758,-0.0404,0.75,0.0,1500.0,0.0,5.4208
1645.0,2026-05-06T20:28:51.462802+00:00,88.8208,-0.1843,96.274,0.0075,0.75,0.0,1500.0,0.0,5.4101
1645.5,2026-05-06T20:28:51.957788+00:00,88.654,-0.2689,96.442,-0.0251,0.75,0.0,1500.0,0.0,5.4561
1646.0,2026-05-06T20:28:52.457911+00:00,88.6531,-0.143,96.4554,-0.0115,0.75,0.0,1500.0,0.0,5.4786
1646.5,2026-05-06T20:28:52.957947+00:00,88.6524,-0.1099,96.5814,-0.0089,0.75,0.0,1500.0,0.0,5.4896
1647.0,2026-05-06T20:28:53.457749+00:00,88.6518,-0.0845,96.5626,0.0009,0.75,0.0,1500.0,0.0,5.4949
1647.500242,2026-05-06T20:28:53.962977+00:00,88.7787,0.0623,96.5481,0.1241,0.75,0.0,1500.0,0.0,5.4463
1648.0,2026-05-06T20:28:54.457748+00:00,88.8762,0.1115,96.6527,0.1262,0.75,0.0,1500.0,0.0,5.4738
1648.5,2026-05-06T20:28:54.957778+00:00,88.8238,0.0857,96.8487,0.1356,0.75,0.0,1500.0,0.0,5.4872
1649.0,2026-05-06T20:28:55.459697+00:00,88.9109,0.1295,96.9994,0.1813,0.75,0.0,1500.0,0.0,5.4938
1649.500069,2026-05-06T20:28:55.957948+00:00,89.1051,0.1632,96.8607,0.0931,0.75,0.0,1500.0,0.0,5.497
1650.0,2026-05-06T20:28:56.463484+00:00,89.127,0.1254,96.893,0.1101,0.75,0.0,1500.0,0.0,5.4985
1650.5,2026-05-06T20:28:56.957959+00:00,89.1439,0.16,96.6863,0.0461,0.75,0.0,1500.0,0.0,5.4481
1651.0,2026-05-06T20:28:57.457806+00:00,89.2842,0.1866,96.6432,-0.0032,0.75,0.0,1500.0,0.0,5.4235
1651.5,2026-05-06T20:28:57.957771+00:00,89.2647,0.0798,96.8415,-0.0024,0.75,0.0,1500.0,0.0,5.4114
1652.000863,2026-05-06T20:28:58.459416+00:00,89.2497,0.0613,96.8782,-0.0404,0.75,0.0,1500.0,0.0,5.4056
1652.5,2026-05-06T20:28:58.963190+00:00,89.2382,0.0472,97.0221,0.0538,0.75,0.0,1500.0,0.0,5.4027
1653.0,2026-05-06T20:28:59.458032+00:00,89.2294,-0.0274,97.0169,0.0413,0.75,0.0,1500.0,0.0,5.4013
1653.500603,2026-05-06T20:28:59.958748+00:00,89.4771,0.1062,96.9205,0.078,0.75,0.0,1500.0,0.0,5.4006
1654.0,2026-05-06T20:29:00.459700+00:00,89.413,0.0816,97.0546,0.1371,0.75,0.0,1500.0,0.0,5.4003
1654.5,2026-05-06T20:29:00.957813+00:00,89.491,0.1264,96.7874,-0.018,0.75,0.0,1500.0,0.0,5.4002
1655.0,2026-05-06T20:29:01.466865+00:00,89.4236,0.0971,96.8366,-0.0139,0.75,0.0,1500.0,0.0,5.4001
1655.5,2026-05-06T20:29:01.957797+00:00,89.4992,0.011,96.8744,-0.0492,0.75,0.0,1500.0,0.0,5.4
1656.0,2026-05-06T20:29:02.457794+00:00,89.3027,-0.0552,96.6721,-0.115,0.75,0.0,1500.0,0.0,5.4
1656.5,2026-05-06T20:29:02.957780+00:00,89.2789,-0.106,96.5166,-0.1346,0.75,0.0,1500.0,0.0,5.4
1657.0,2026-05-06T20:29:03.457792+00:00,89.3879,-0.0179,96.2813,-0.2577,0.75,0.0,1500.0,0.0,5.4
1657.5,2026-05-06T20:29:03.967407+00:00,89.3444,-0.0774,96.4476,-0.1133,0.75,0.0,1500.0,0.0,5.4
1658.0,2026-05-06T20:29:04.457798+00:00,89.1837,-0.0595,96.344,-0.1642,0.75,0.0,1500.0,0.0,5.4512
1658.5,2026-05-06T20:29:04.957908+00:00,89.0602,-0.1093,96.4958,-0.1262,0.75,0.0,1500.0,0.0,5.425
1659.001272,2026-05-06T20:29:05.459321+00:00,88.9653,-0.2113,96.3811,-0.097,0.75,0.0,1500.0,0.0,5.4122
1659.500001,2026-05-06T20:29:05.957853+00:00,88.8923,-0.226,96.6169,0.0334,0.75,0.0,1500.0,0.0,5.406
1660.000123,2026-05-06T20:29:06.463979+00:00,88.9635,-0.1101,96.4741,0.0643,0.75,0.0,1500.0,0.0,5.4029
1660.5,2026-05-06T20:29:06.958080+00:00,88.891,-0.0846,96.4801,0.0108,0.75,0.0,1500.0,0.0,5.4014
1661.001776,2026-05-06T20:29:07.459586+00:00,88.8352,-0.065,96.4847,0.0469,0.75,0.0,1500.0,0.0,5.4007
1661.5,2026-05-06T20:29:07.957916+00:00,88.6651,-0.1136,96.2569,-0.0797,0.75,0.0,1500.0,0.0,5.4003
1662.0,2026-05-06T20:29:08.457833+00:00,88.6616,-0.151,96.1974,-0.0612,0.75,0.0,1500.0,0.0,5.4002
1662.5,2026-05-06T20:29:08.963192+00:00,88.9135,0.0112,96.1517,-0.155,0.75,0.0,1500.0,0.0,5.4001
1663.000246,2026-05-06T20:29:09.458209+00:00,88.7252,-0.055,96.1166,-0.1192,0.75,0.0,1500.0,0.0,5.4512
1663.5,2026-05-06T20:29:09.957842+00:00,88.8351,0.085,96.0896,-0.1302,0.75,0.0,1500.0,0.0,5.425
1664.0,2026-05-06T20:29:10.457785+00:00,88.9195,0.129,96.3003,-0.0615,0.75,0.0,1500.0,0.0,5.4122
1664.501582,2026-05-06T20:29:10.959684+00:00,88.7299,-0.0918,96.2308,-0.0087,0.75,0.0,1500.0,0.0,5.406
1665.0,2026-05-06T20:29:11.462683+00:00,88.8387,0.0567,96.3857,0.0627,0.75,0.0,1500.0,0.0,5.4029
1665.5,2026-05-06T20:29:11.957774+00:00,88.9223,0.0436,96.1807,0.0097,0.75,0.0,1500.0,0.0,5.4014
1666.0,2026-05-06T20:29:12.457921+00:00,88.9865,0.0335,96.486,0.1231,0.75,0.0,1500.0,0.0,5.4007
1666.5,2026-05-06T20:29:12.958238+00:00,89.0359,0.153,96.4661,0.1255,0.75,0.0,1500.0,0.0,5.4003
1667.0,2026-05-06T20:29:13.457816+00:00,89.0739,0.1176,96.4739,0.0579,0.75,0.0,1500.0,0.0,5.4002
1667.5,2026-05-06T20:29:13.964664+00:00,89.1031,0.0904,96.48,0.0831,0.75,0.0,1500.0,0.0,5.4001
1668.0,2026-05-06T20:29:14.458353+00:00,89.2528,0.1331,96.4615,0.0253,0.75,0.0,1500.0,0.0,5.4
1668.5,2026-05-06T20:29:14.958785+00:00,89.3678,0.1659,96.2158,0.0117,0.75,0.0,1500.0,0.0,5.4
1669.0,2026-05-06T20:29:15.457908+00:00,89.4563,0.1912,96.3973,-0.0296,0.75,0.0,1500.0,0.0,5.4
1669.5,2026-05-06T20:29:15.957772+00:00,89.2697,0.0833,96.6525,0.0621,0.75,0.0,1500.0,0.0,5.4
1670.0,2026-05-06T20:29:16.463051+00:00,89.1263,-0.0632,96.6172,0.0477,0.75,0.0,1500.0,0.0,5.4
1670.5,2026-05-06T20:29:16.957959+00:00,88.8888,-0.2395,96.4512,-0.0096,0.75,0.0,1500.0,0.0,5.4
1671.0,2026-05-06T20:29:17.458345+00:00,88.8336,-0.3114,96.4394,-0.0074,0.75,0.0,1500.0,0.0,5.4
1671.5,2026-05-06T20:29:17.957776+00:00,88.9183,-0.1757,96.3377,0.0406,0.75,0.0,1500.0,0.0,5.4
1672.0,2026-05-06T20:29:18.457973+00:00,88.9835,-0.0714,96.3521,-0.0151,0.75,0.0,1500.0,0.0,5.4
1672.5,2026-05-06T20:29:18.965785+00:00,89.1609,0.136,96.3863,-0.0887,0.75,0.0,1500.0,0.0,5.4
1673.000332,2026-05-06T20:29:19.458329+00:00,89.0427,0.1046,96.4126,-0.0682,0.75,0.0,1500.0,0.0,5.4
1673.5,2026-05-06T20:29:19.957785+00:00,88.9518,0.0167,96.4329,-0.0061,0.75,0.0,1500.0,0.0,5.4
1674.000543,2026-05-06T20:29:20.458396+00:00,88.7547,-0.1144,96.5641,0.0416,0.75,0.0,1500.0,0.0,5.4
1674.502298,2026-05-06T20:29:20.960189+00:00,88.7305,-0.2152,96.4336,0.032,0.75,0.0,1500.0,0.0,5.4
1675.0,2026-05-06T20:29:21.463254+00:00,88.5846,-0.229,96.5415,0.0631,0.75,0.0,1500.0,0.0,5.4
1675.5,2026-05-06T20:29:21.957751+00:00,88.727,-0.1124,96.555,0.0562,0.75,0.0,1500.0,0.0,5.4
1676.0,2026-05-06T20:29:22.457830+00:00,88.8364,0.0409,96.4035,-0.0031,0.75,0.0,1500.0,0.0,5.4
1676.500614,2026-05-06T20:29:22.958667+00:00,88.7933,0.0314,96.3101,-0.0409,0.75,0.0,1500.0,0.0,5.4
1677.0,2026-05-06T20:29:23.458037+00:00,88.7601,0.0878,96.354,-0.07,0.75,0.0,1500.0,0.0,5.4
1677.500666,2026-05-06T20:29:23.963966+00:00,88.8619,0.0675,96.3878,-0.0152,0.75,0.0,1500.0,0.0,5.4
1678.000466,2026-05-06T20:29:24.458235+00:00,88.8129,-0.0118,96.1592,-0.1274,0.75,0.0,1500.0,0.0,5.4
1678.5,2026-05-06T20:29:24.957783+00:00,88.9025,0.0546,96.1224,-0.1442,0.75,0.0,1500.0,0.0,5.4
1679.000454,2026-05-06T20:29:25.458394+00:00,88.7168,-0.0217,96.2098,-0.0646,0.75,0.0,1500.0,0.0,5.4
1679.5,2026-05-06T20:29:25.958067+00:00,88.8286,-0.0167,96.2769,-0.0111,0.75,0.0,1500.0,0.0,5.4
1680.0,2026-05-06T20:29:26.468754+00:00,88.9145,0.0508,96.2128,-0.0471,0.75,0.0,1500.0,0.0,5.4
1680.5,2026-05-06T20:29:26.957791+00:00,88.9806,0.0391,96.2793,-0.0362,0.75,0.0,1500.0,0.0,5.4
1681.000085,2026-05-06T20:29:27.458304+00:00,89.2859,0.2846,96.3304,0.057,0.75,0.0,1500.0,0.0,5.4512
1681.5,2026-05-06T20:29:27.957919+00:00,89.1388,0.1551,96.1382,0.0053,0.75,0.0,1500.0,0.0,5.425
1682.0,2026-05-06T20:29:28.460254+00:00,89.2802,0.1828,96.1988,-0.0037,0.75,0.0,1500.0,0.0,5.4122
1682.5,2026-05-06T20:29:28.964741+00:00,89.1344,0.0769,96.1528,-0.0414,0.75,0.0,1500.0,0.0,5.406
1683.0,2026-05-06T20:29:29.458070+00:00,89.0223,-0.1318,96.4645,0.0839,0.75,0.0,1500.0,0.0,5.4029
1683.50055,2026-05-06T20:29:29.958627+00:00,88.9361,-0.1013,96.2413,-0.0127,0.75,0.0,1500.0,0.0,5.4014
1684.0,2026-05-06T20:29:30.457854+00:00,88.9972,-0.1415,96.4169,0.0288,0.75,0.0,1500.0,0.0,5.4007
1684.5,2026-05-06T20:29:30.957742+00:00,89.1714,0.0185,96.5518,0.1379,0.75,0.0,1500.0,0.0,5.4003
1685.0,2026-05-06T20:29:31.465948+00:00,89.0507,0.0142,96.3084,0.0365,0.75,0.0,1500.0,0.0,5.4002
1685.5,2026-05-06T20:29:31.957967+00:00,89.2126,0.1382,96.3296,0.0589,0.75,0.0,1500.0,0.0,5.4513
1686.0,2026-05-06T20:29:32.457946+00:00,88.9551,-0.021,96.369,-0.0318,0.75,0.0,1500.0,0.0,5.4762
1686.5,2026-05-06T20:29:32.957755+00:00,89.139,-0.0162,96.5151,0.0912,0.75,0.0,1500.0,0.0,5.4884
1687.0,2026-05-06T20:29:33.457904+00:00,89.0259,-0.0124,96.5116,0.0316,0.75,0.0,1500.0,0.0,5.4943
1687.5,2026-05-06T20:29:33.961914+00:00,89.0662,-0.0732,96.3932,-0.0529,0.75,0.0,1500.0,0.0,5.446
1688.0,2026-05-06T20:29:34.457785+00:00,89.0971,0.071,96.1865,-0.0406,0.75,0.0,1500.0,0.0,5.4737
1688.5,2026-05-06T20:29:34.957807+00:00,89.1209,-0.0091,96.3747,0.015,0.75,0.0,1500.0,0.0,5.4871
1689.0,2026-05-06T20:29:35.457802+00:00,88.8847,-0.0706,96.0566,-0.1041,0.75,0.0,1500.0,0.0,5.4425
1689.500606,2026-05-06T20:29:35.958687+00:00,88.8304,-0.1179,96.2749,-0.08,0.75,0.0,1500.0,0.0,5.4208
1690.00012,2026-05-06T20:29:36.465735+00:00,88.7886,-0.1542,96.4427,-0.023,0.75,0.0,1500.0,0.0,5.4101
1690.500466,2026-05-06T20:29:36.958461+00:00,88.7566,-0.1822,96.456,0.0209,0.75,0.0,1500.0,0.0,5.4049
1691.0,2026-05-06T20:29:37.458233+00:00,88.8592,-0.0128,96.443,0.0855,0.75,0.0,1500.0,0.0,5.4024
1691.5,2026-05-06T20:29:37.958254+00:00,88.938,0.0538,96.3405,-0.0114,0.75,0.0,1500.0,0.0,5.4012
1692.00217,2026-05-06T20:29:38.460075+00:00,89.1259,0.1686,96.6088,0.1841,0.75,0.0,1500.0,0.0,5.4006
1692.5,2026-05-06T20:29:38.968204+00:00,89.0158,0.1296,96.5836,0.1029,0.75,0.0,1500.0,0.0,5.4003
1693.0,2026-05-06T20:29:39.458084+00:00,88.9312,0.036,96.68,0.0791,0.75,0.0,1500.0,0.0,5.4513
1693.5,2026-05-06T20:29:39.957998+00:00,88.8661,-0.036,96.6383,0.0608,0.75,0.0,1500.0,0.0,5.4251
1694.0,2026-05-06T20:29:40.457809+00:00,89.0706,-0.0276,96.722,0.093,0.75,0.0,1500.0,0.0,5.4122
1694.502112,2026-05-06T20:29:40.960019+00:00,89.1006,0.0424,96.5549,0.0715,0.75,0.0,1500.0,0.0,5.406
1695.0,2026-05-06T20:29:41.463561+00:00,89.2508,0.1598,96.5191,-0.0299,0.75,0.0,1500.0,0.0,5.4029
1695.5,2026-05-06T20:29:41.957943+00:00,88.9845,0.0592,96.6304,0.0156,0.75,0.0,1500.0,0.0,5.4014
1696.0,2026-05-06T20:29:42.457788+00:00,88.9071,-0.0818,96.3457,-0.1114,0.75,0.0,1500.0,0.0,5.4007
1696.500437,2026-05-06T20:29:42.958226+00:00,88.9749,-0.0628,95.4326,-0.4019,0.75,0.0,1500.0,0.0,5.4003
1697.0,2026-05-06T20:29:43.457785+00:00,89.1543,-0.0483,95.6796,-0.3475,0.75,0.0,1500.0,0.0,5.4002
1697.5,2026-05-06T20:29:43.964027+00:00,89.1648,0.0902,95.8695,-0.2285,0.75,0.0,1500.0,0.0,5.4001
1698.0,2026-05-06T20:29:44.457946+00:00,89.0457,0.0693,96.1311,-0.1293,0.75,0.0,1500.0,0.0,5.4512
1698.5,2026-05-06T20:29:44.957979+00:00,88.9541,-0.0104,96.2164,-0.138,0.75,0.0,1500.0,0.0,5.4762
1699.0,2026-05-06T20:29:45.458013+00:00,89.011,-0.0716,96.3746,0.0096,0.75,0.0,1500.0,0.0,5.4884
1699.5,2026-05-06T20:29:45.957823+00:00,89.182,0.0086,96.635,0.4008,0.75,0.0,1500.0,0.0,5.4943
1700.0,2026-05-06T20:29:46.465889+00:00,89.3135,0.1339,96.5806,0.3003,0.75,0.0,1500.0,0.0,5.4972
1700.501731,2026-05-06T20:29:46.959572+00:00,89.0327,0.0393,96.562,0.2308,0.75,0.0,1500.0,0.0,5.4475
1701.0,2026-05-06T20:29:47.457924+00:00,89.0714,0.0302,96.4319,0.1003,0.75,0.0,1500.0,0.0,5.4232
1701.5,2026-05-06T20:29:47.957783+00:00,88.9739,-0.1041,96.332,0.0385,0.75,0.0,1500.0,0.0,5.4113
1702.0,2026-05-06T20:29:48.457811+00:00,88.7717,-0.2709,96.232,-0.0475,0.75,0.0,1500.0,0.0,5.4055
1702.5,2026-05-06T20:29:48.963153+00:00,88.8708,-0.0809,96.0626,-0.1908,0.75,0.0,1500.0,0.0,5.4027
1703.0,2026-05-06T20:29:49.458036+00:00,88.947,-0.0622,96.3952,-0.0618,0.75,0.0,1500.0,0.0,5.4525
1703.5,2026-05-06T20:29:49.958397+00:00,88.8782,-0.0478,96.5352,-0.0089,0.75,0.0,1500.0,0.0,5.4768
1704.0,2026-05-06T20:29:50.457920+00:00,88.8254,0.0269,96.6427,0.0703,0.75,0.0,1500.0,0.0,5.4375
1704.500598,2026-05-06T20:29:50.958538+00:00,88.9121,0.0207,96.6097,0.0926,0.75,0.0,1500.0,0.0,5.4183
1705.0,2026-05-06T20:29:51.463452+00:00,88.9787,0.0159,96.5843,0.1174,0.75,0.0,1500.0,0.0,5.4089
1705.500064,2026-05-06T20:29:51.958324+00:00,88.7754,-0.0514,96.5648,0.1674,0.75,0.0,1500.0,0.0,5.4044
1706.0,2026-05-06T20:29:52.457949+00:00,88.7464,-0.0395,96.5498,0.0515,0.75,0.0,1500.0,0.0,5.4021
1706.5,2026-05-06T20:29:52.957757+00:00,88.5968,-0.1577,96.2837,-0.0838,0.75,0.0,1500.0,0.0,5.401
1707.0,2026-05-06T20:29:53.458380+00:00,88.6091,-0.1848,96.1024,-0.1801,0.75,0.0,1500.0,0.0,5.4005
1707.501182,2026-05-06T20:29:53.964858+00:00,88.7458,-0.0148,96.1944,-0.1384,0.75,0.0,1500.0,0.0,5.4002
1708.0,2026-05-06T20:29:54.458142+00:00,88.7237,-0.0114,96.242,-0.1141,0.75,0.0,1500.0,0.0,5.4001
1708.5,2026-05-06T20:29:54.957810+00:00,88.5793,-0.0087,96.3017,-0.0877,0.75,0.0,1500.0,0.0,5.4001
1709.0,2026-05-06T20:29:55.457776+00:00,88.5957,-0.0067,96.255,-0.0983,0.75,0.0,1500.0,0.0,5.4
1709.5,2026-05-06T20:29:55.958051+00:00,88.8628,0.0585,96.4274,0.0479,0.75,0.0,1500.0,0.0,5.4
1710.0,2026-05-06T20:29:56.463338+00:00,88.9408,0.1086,96.6756,0.1911,0.75,0.0,1500.0,0.0,5.4
1710.5,2026-05-06T20:29:56.957889+00:00,89.2553,0.338,96.8664,0.224,0.75,0.0,1500.0,0.0,5.4
1711.0,2026-05-06T20:29:57.457754+00:00,89.2425,0.3234,97.1287,0.2956,0.75,0.0,1500.0,0.0,5.4
1711.5,2026-05-06T20:29:57.958044+00:00,89.36,0.2486,97.1221,0.2735,0.75,0.0,1500.0,0.0,5.4
1712.0,2026-05-06T20:29:58.458127+00:00,89.1957,0.1274,96.7236,0.1562,0.75,0.0,1500.0,0.0,5.4
1712.5,2026-05-06T20:29:58.967660+00:00,89.3239,0.0343,96.9032,0.1586,0.75,0.0,1500.0,0.0,5.4
1713.0,2026-05-06T20:29:59.457786+00:00,89.168,-0.0373,96.9256,0.0833,0.75,0.0,1500.0,0.0,5.4512
1713.5,2026-05-06T20:29:59.958388+00:00,88.9209,-0.2196,96.9428,0.0255,0.75,0.0,1500.0,0.0,5.425
1714.0,2026-05-06T20:30:00.457798+00:00,88.9855,-0.1051,97.0718,-0.019,0.75,0.0,1500.0,0.0,5.4122
1714.500601,2026-05-06T20:30:00.958752+00:00,89.0351,-0.1444,97.1709,0.0163,0.75,0.0,1500.0,0.0,5.406
1715.0,2026-05-06T20:30:01.465559+00:00,89.0733,-0.0474,97.1313,0.1359,0.75,0.0,1500.0,0.0,5.4029
1715.500294,2026-05-06T20:30:01.958062+00:00,89.2299,0.1545,97.1009,0.0659,0.75,0.0,1500.0,0.0,5.4014
1716.0,2026-05-06T20:30:02.457736+00:00,89.0957,0.0551,97.0776,0.0507,0.75,0.0,1500.0,0.0,5.4007
1716.500617,2026-05-06T20:30:02.958468+00:00,88.9925,-0.0213,96.9439,0.0004,0.75,0.0,1500.0,0.0,5.4003
1717.000119,2026-05-06T20:30:03.457898+00:00,89.0406,-0.0164,96.9338,-0.046,0.75,0.0,1500.0,0.0,5.4002
1717.5,2026-05-06T20:30:03.968424+00:00,89.0774,-0.0762,96.9259,-0.0816,0.75,0.0,1500.0,0.0,5.4001
1718.000589,2026-05-06T20:30:04.458701+00:00,89.1058,0.0051,97.0356,-0.0319,0.75,0.0,1500.0,0.0,5.4
1718.503028,2026-05-06T20:30:04.960947+00:00,89.0003,0.0039,96.9348,-0.0554,0.75,0.0,1500.0,0.0,5.4
1719.0,2026-05-06T20:30:05.457836+00:00,88.9193,-0.0606,97.0425,-0.0117,0.75,0.0,1500.0,0.0,5.4
1719.5,2026-05-06T20:30:05.957790+00:00,88.9842,-0.0466,97.0326,0.0296,0.75,0.0,1500.0,0.0,5.4
1720.0,2026-05-06T20:30:06.462695+00:00,88.7796,-0.1631,97.1408,0.069,0.75,0.0,1500.0,0.0,5.4
1720.5,2026-05-06T20:30:06.957841+00:00,88.8769,-0.0617,96.9925,0.0222,0.75,0.0,1500.0,0.0,5.4
1721.0,2026-05-06T20:30:07.457790+00:00,88.9517,0.0162,96.9942,-0.0138,0.75,0.0,1500.0,0.0,5.4
1721.5,2026-05-06T20:30:07.958110+00:00,89.0091,0.0124,96.9724,0.0125,0.75,0.0,1500.0,0.0,5.4
1722.0,2026-05-06T20:30:08.458026+00:00,88.926,0.0732,96.4929,-0.1832,0.75,0.0,1500.0,0.0,5.4
1722.501496,2026-05-06T20:30:08.965275+00:00,89.1167,0.1199,96.1474,-0.2951,0.75,0.0,1500.0,0.0,5.4
1723.0,2026-05-06T20:30:09.457771+00:00,89.2632,0.1558,96.3216,-0.2731,0.75,0.0,1500.0,0.0,5.4
1723.5,2026-05-06T20:30:09.957747+00:00,89.2486,0.1197,96.5943,-0.1328,0.75,0.0,1500.0,0.0,5.4
1724.0,2026-05-06T20:30:10.457802+00:00,89.2374,0.1557,96.5724,-0.1406,0.75,0.0,1500.0,0.0,5.4
1724.5,2026-05-06T20:30:10.957769+00:00,89.1014,-0.0076,96.5557,-0.1389,0.75,0.0,1500.0,0.0,5.4
1725.0,2026-05-06T20:30:11.471483+00:00,89.2515,-0.0059,96.5428,0.0166,0.75,0.0,1500.0,0.0,5.4
1725.5,2026-05-06T20:30:11.957778+00:00,89.1123,-0.0681,96.5329,0.1285,0.75,0.0,1500.0,0.0,5.4
1726.0,2026-05-06T20:30:12.457801+00:00,89.0053,-0.116,96.3864,0.0216,0.75,0.0,1500.0,0.0,5.4
1726.500141,2026-05-06T20:30:12.958039+00:00,88.9231,-0.0892,96.3896,-0.0682,0.75,0.0,1500.0,0.0,5.4
1727.000059,2026-05-06T20:30:13.457825+00:00,88.9872,-0.1322,95.9523,-0.2067,0.75,0.0,1500.0,0.0,5.4
1727.5,2026-05-06T20:30:13.962359+00:00,88.9092,-0.1016,96.1716,-0.128,0.75,0.0,1500.0,0.0,5.4
1728.000217,2026-05-06T20:30:14.458224+00:00,88.9765,-0.0144,96.3633,-0.0598,0.75,0.0,1500.0,0.0,5.4512
1728.5,2026-05-06T20:30:14.958310+00:00,89.0282,0.0525,96.2561,-0.0923,0.75,0.0,1500.0,0.0,5.4762
1729.0,2026-05-06T20:30:15.458243+00:00,88.9407,-0.0233,96.2894,-0.0323,0.75,0.0,1500.0,0.0,5.4884
1729.5,2026-05-06T20:30:15.957802+00:00,89.128,0.1094,96.4538,0.0214,0.75,0.0,1500.0,0.0,5.4943
1730.002183,2026-05-06T20:30:16.466916+00:00,89.2719,0.1477,96.3488,0.1322,0.75,0.0,1500.0,0.0,5.4972
1730.5,2026-05-06T20:30:16.957741+00:00,89.2553,0.1135,96.3838,0.0707,0.75,0.0,1500.0,0.0,5.4986
1731.0,2026-05-06T20:30:17.457775+00:00,88.9879,0.0236,96.5264,0.0544,0.75,0.0,1500.0,0.0,5.4993
1731.502169,2026-05-06T20:30:17.960091+00:00,88.7825,-0.1727,96.636,0.1266,0.75,0.0,1500.0,0.0,5.4997
1732.001895,2026-05-06T20:30:18.459697+00:00,88.8791,-0.1964,96.6045,0.105,0.75,0.0,1500.0,0.0,5.4998
1732.5,2026-05-06T20:30:18.963026+00:00,88.9533,-0.151,96.5803,0.0422,0.75,0.0,1500.0,0.0,5.4487
1733.000308,2026-05-06T20:30:19.458088+00:00,89.1377,0.0749,96.6774,0.1095,0.75,0.0,1500.0,0.0,5.475
1733.5,2026-05-06T20:30:19.957845+00:00,89.1521,0.1848,96.8678,0.1613,0.75,0.0,1500.0,0.0,5.4366
1734.0,2026-05-06T20:30:20.458026+00:00,89.0359,0.0784,97.0141,0.1626,0.75,0.0,1500.0,0.0,5.4179
1734.5,2026-05-06T20:30:20.958006+00:00,88.9466,-0.0034,97.1034,0.1558,0.75,0.0,1500.0,0.0,5.4087
1735.003113,2026-05-06T20:30:21.568136+00:00,88.7507,-0.1935,96.9869,0.1275,0.75,0.0,1500.0,0.0,5.4043
1735.5,2026-05-06T20:30:21.957844+00:00,88.8547,-0.1487,96.9899,0.1365,0.75,0.0,1500.0,0.0,5.4533
1736.0,2026-05-06T20:30:22.457860+00:00,88.8073,-0.1143,97.108,0.1435,0.75,0.0,1500.0,0.0,5.4772
1736.5,2026-05-06T20:30:22.957928+00:00,88.8982,-0.0242,97.1987,0.1103,0.75,0.0,1500.0,0.0,5.4889
1737.0,2026-05-06T20:30:23.457783+00:00,88.968,0.1087,96.8056,-0.0695,0.75,0.0,1500.0,0.0,5.4946
1737.5,2026-05-06T20:30:23.963330+00:00,88.8944,0.0199,96.8506,-0.0843,0.75,0.0,1500.0,0.0,5.4462
1738.00173,2026-05-06T20:30:24.459563+00:00,89.0924,0.1425,96.8852,-0.0339,0.75,0.0,1500.0,0.0,5.4737
1738.5,2026-05-06T20:30:24.957770+00:00,88.8628,-0.0177,96.6803,-0.1032,0.75,0.0,1500.0,0.0,5.4872
1739.0,2026-05-06T20:30:25.457892+00:00,88.8135,-0.0772,96.5229,-0.195,0.75,0.0,1500.0,0.0,5.4937
1739.5,2026-05-06T20:30:25.957934+00:00,88.7757,-0.0594,96.3788,-0.2733,0.75,0.0,1500.0,0.0,5.4969
1740.001117,2026-05-06T20:30:26.463969+00:00,88.7466,-0.1729,96.1523,-0.2178,0.75,0.0,1500.0,0.0,5.4985
1740.500659,2026-05-06T20:30:26.958519+00:00,88.7243,-0.0693,96.0939,-0.2522,0.75,0.0,1500.0,0.0,5.4481
1741.00061,2026-05-06T20:30:27.458446+00:00,88.7071,-0.0532,96.1879,-0.2324,0.75,0.0,1500.0,0.0,5.4235
1741.5,2026-05-06T20:30:27.957911+00:00,88.8211,0.0227,96.2601,-0.1401,0.75,0.0,1500.0,0.0,5.4114
1742.0,2026-05-06T20:30:28.457770+00:00,88.7815,0.0175,96.4313,-0.0305,0.75,0.0,1500.0,0.0,5.4056
1742.5,2026-05-06T20:30:28.962879+00:00,88.8784,0.0771,96.6786,0.0999,0.75,0.0,1500.0,0.0,5.4027
1743.0,2026-05-06T20:30:29.457849+00:00,88.8255,0.0592,96.6141,0.154,0.75,0.0,1500.0,0.0,5.4525
1743.5,2026-05-06T20:30:29.957867+00:00,88.9122,0.0455,96.8191,0.2417,0.75,0.0,1500.0,0.0,5.4256
1744.0,2026-05-06T20:30:30.457906+00:00,89.106,0.1623,96.7453,0.1858,0.75,0.0,1500.0,0.0,5.4125
1744.5,2026-05-06T20:30:30.958097+00:00,89.0005,0.0611,96.9199,0.2199,0.75,0.0,1500.0,0.0,5.4061
1745.0,2026-05-06T20:30:31.464460+00:00,88.9194,0.0469,96.9385,0.169,0.75,0.0,1500.0,0.0,5.403
1745.5,2026-05-06T20:30:31.957987+00:00,88.8571,-0.0276,96.837,0.0528,0.75,0.0,1500.0,0.0,5.4015
1746.0,2026-05-06T20:30:32.457805+00:00,88.8092,-0.1484,96.6433,0.0097,0.75,0.0,1500.0,0.0,5.4007
1746.5,2026-05-06T20:30:32.957799+00:00,88.8996,-0.0505,96.7259,-0.0311,0.75,0.0,1500.0,0.0,5.4003
1747.0,2026-05-06T20:30:33.457849+00:00,88.9691,0.0248,96.1876,-0.1859,0.75,0.0,1500.0,0.0,5.4002
1747.500001,2026-05-06T20:30:33.962763+00:00,89.0225,0.0827,96.3756,-0.1814,0.75,0.0,1500.0,0.0,5.4001
1748.0,2026-05-06T20:30:34.457794+00:00,89.1909,0.1909,96.4044,-0.178,0.75,0.0,1500.0,0.0,5.4
1748.5,2026-05-06T20:30:34.957823+00:00,89.193,0.1467,96.4034,-0.1445,0.75,0.0,1500.0,0.0,5.4
1749.0,2026-05-06T20:30:35.458101+00:00,89.3219,0.1764,96.3332,-0.1034,0.75,0.0,1500.0,0.0,5.4
1749.5,2026-05-06T20:30:35.957941+00:00,89.1664,0.0719,96.4875,-0.0795,0.75,0.0,1500.0,0.0,5.4
1750.0,2026-05-06T20:30:36.464423+00:00,89.1742,-0.0083,96.3747,0.0623,0.75,0.0,1500.0,0.0,5.4
1750.5,2026-05-06T20:30:36.957791+00:00,89.3074,0.0572,96.3111,-0.0215,0.75,0.0,1500.0,0.0,5.4
1751.0,2026-05-06T20:30:37.457790+00:00,89.1553,-0.0833,96.3548,-0.0165,0.75,0.0,1500.0,0.0,5.4
1751.5,2026-05-06T20:30:37.957922+00:00,89.4202,0.1269,96.3884,-0.005,0.75,0.0,1500.0,0.0,5.4
1752.0,2026-05-06T20:30:38.457868+00:00,89.242,0.0339,96.5299,0.0656,0.75,0.0,1500.0,0.0,5.4
1752.5,2026-05-06T20:30:38.967318+00:00,89.2323,-0.0376,96.2916,-0.0653,0.75,0.0,1500.0,0.0,5.4
1753.0,2026-05-06T20:30:39.458076+00:00,89.0975,-0.0289,96.4555,0.027,0.75,0.0,1500.0,0.0,5.4512
1753.5,2026-05-06T20:30:39.957874+00:00,89.1212,-0.1495,96.5815,0.0901,0.75,0.0,1500.0,0.0,5.425
1754.0,2026-05-06T20:30:40.458050+00:00,88.8849,-0.1785,96.6552,0.1001,0.75,0.0,1500.0,0.0,5.4122
1754.5,2026-05-06T20:30:40.957990+00:00,88.8306,-0.2008,96.5962,0.0692,0.75,0.0,1500.0,0.0,5.406
1755.0,2026-05-06T20:30:41.468549+00:00,88.916,-0.0907,96.5739,0.0147,0.75,0.0,1500.0,0.0,5.4029
1755.5,2026-05-06T20:30:41.957784+00:00,88.9818,-0.0697,96.5568,0.0884,0.75,0.0,1500.0,0.0,5.4014
1756.0,2026-05-06T20:30:42.457764+00:00,88.905,0.01,96.7751,0.1065,0.75,0.0,1500.0,0.0,5.4007
1756.5,2026-05-06T20:30:42.958056+00:00,88.9733,0.0713,96.9428,0.1204,0.75,0.0,1500.0,0.0,5.4003
1757.0,2026-05-06T20:30:43.457761+00:00,88.7712,-0.0724,96.956,0.1003,0.75,0.0,1500.0,0.0,5.4002
1757.5,2026-05-06T20:30:43.963347+00:00,88.9977,0.008,96.596,-0.0001,0.75,0.0,1500.0,0.0,5.4001
1758.0,2026-05-06T20:30:44.457842+00:00,89.0445,0.0698,96.6895,0.0385,0.75,0.0,1500.0,0.0,5.4
1758.500417,2026-05-06T20:30:44.958320+00:00,89.0805,0.0536,96.5299,-0.009,0.75,0.0,1500.0,0.0,5.4
1759.0,2026-05-06T20:30:45.457782+00:00,89.1081,0.1685,96.4999,-0.0917,0.75,0.0,1500.0,0.0,5.4
1759.5,2026-05-06T20:30:45.958321+00:00,89.1294,0.0659,96.4768,-0.1554,0.75,0.0,1500.0,0.0,5.4
1760.0,2026-05-06T20:30:46.468084+00:00,89.0185,-0.013,96.4821,-0.158,0.75,0.0,1500.0,0.0,5.4
1760.5,2026-05-06T20:30:46.957883+00:00,88.9332,-0.0736,96.602,0.002,0.75,0.0,1500.0,0.0,5.4
1761.0,2026-05-06T20:30:47.458241+00:00,88.9949,-0.0566,96.5784,-0.037,0.75,0.0,1500.0,0.0,5.4
1761.5,2026-05-06T20:30:47.957756+00:00,89.1697,0.0201,96.5602,0.0101,0.75,0.0,1500.0,0.0,5.4
1762.0,2026-05-06T20:30:48.457774+00:00,89.1767,0.0791,96.5463,0.0155,0.75,0.0,1500.0,0.0,5.4
1762.5,2026-05-06T20:30:48.962854+00:00,89.1821,0.1244,96.443,-0.0112,0.75,0.0,1500.0,0.0,5.4
1763.0,2026-05-06T20:30:49.459705+00:00,89.1862,0.0956,96.5719,0.0299,0.75,0.0,1500.0,0.0,5.4
1763.500597,2026-05-06T20:30:49.958730+00:00,89.1894,0.0099,96.5553,-0.0156,0.75,0.0,1500.0,0.0,5.4
1764.0,2026-05-06T20:30:50.457921+00:00,89.1919,0.0076,96.5425,-0.012,0.75,0.0,1500.0,0.0,5.4
1764.5,2026-05-06T20:30:50.957798+00:00,89.1937,0.0058,96.6483,0.0294,0.75,0.0,1500.0,0.0,5.4
1765.0,2026-05-06T20:30:51.462451+00:00,89.3225,0.0681,96.8454,0.0997,0.75,0.0,1500.0,0.0,5.4
1765.5,2026-05-06T20:30:51.958089+00:00,89.1669,-0.0113,96.7424,0.0998,0.75,0.0,1500.0,0.0,5.4
1766.0,2026-05-06T20:30:52.457885+00:00,89.0473,-0.0723,96.5706,-0.0004,0.75,0.0,1500.0,0.0,5.4
1766.5,2026-05-06T20:30:52.957798+00:00,88.8281,-0.1828,96.3228,-0.0775,0.75,0.0,1500.0,0.0,5.4
1767.000604,2026-05-06T20:30:53.458674+00:00,89.0414,-0.1405,96.2481,-0.0981,0.75,0.0,1500.0,0.0,5.4
1767.5,2026-05-06T20:30:53.963686+00:00,89.0781,-0.0444,96.075,-0.1911,0.75,0.0,1500.0,0.0,5.4
1768.0,2026-05-06T20:30:54.457898+00:00,88.979,-0.0341,95.942,-0.3012,0.75,0.0,1500.0,0.0,5.4
1768.5,2026-05-06T20:30:54.957761+00:00,88.9029,0.0374,96.1868,-0.1852,0.75,0.0,1500.0,0.0,5.4
1769.0,2026-05-06T20:30:55.459716+00:00,88.8444,-0.0985,96.2593,-0.1038,0.75,0.0,1500.0,0.0,5.4
1769.5,2026-05-06T20:30:55.957803+00:00,88.9267,-0.0757,96.2918,-0.0103,0.75,0.0,1500.0,0.0,5.4
1770.0,2026-05-06T20:30:56.464265+00:00,89.1172,0.0691,96.2243,-0.0079,0.75,0.0,1500.0,0.0,5.4
1770.500041,2026-05-06T20:30:56.958271+00:00,89.0091,0.0531,96.4038,0.1096,0.75,0.0,1500.0,0.0,5.4
1771.0,2026-05-06T20:30:57.457804+00:00,89.0533,0.1044,96.4261,0.1614,0.75,0.0,1500.0,0.0,5.4
1771.500244,2026-05-06T20:30:57.958218+00:00,89.0872,0.0803,96.42,0.0777,0.75,0.0,1500.0,0.0,5.4
1772.000052,2026-05-06T20:30:58.457960+00:00,89.1133,-0.0019,96.3228,0.0212,0.75,0.0,1500.0,0.0,5.4
1772.5,2026-05-06T20:30:58.962398+00:00,89.0061,-0.0015,96.1324,-0.0531,0.75,0.0,1500.0,0.0,5.4
1773.0,2026-05-06T20:30:59.458096+00:00,88.9237,-0.0648,96.2175,-0.0023,0.75,0.0,1500.0,0.0,5.4
1773.5,2026-05-06T20:30:59.957923+00:00,88.9876,-0.0498,96.3754,-0.0095,0.75,0.0,1500.0,0.0,5.4
1774.0,2026-05-06T20:31:00.457947+00:00,89.0368,-0.0383,96.5199,0.0313,0.75,0.0,1500.0,0.0,5.4
1774.500374,2026-05-06T20:31:00.958196+00:00,89.0745,0.0342,96.631,0.0703,0.75,0.0,1500.0,0.0,5.4
1775.0,2026-05-06T20:31:01.463402+00:00,89.2308,0.1536,96.6007,0.0926,0.75,0.0,1500.0,0.0,5.4
1775.5,2026-05-06T20:31:01.957912+00:00,89.2237,0.118,96.6005,0.156,0.75,0.0,1500.0,0.0,5.4
1776.0,2026-05-06T20:31:02.457971+00:00,89.2182,0.0907,96.9244,0.2356,0.75,0.0,1500.0,0.0,5.4
1776.5,2026-05-06T20:31:02.957746+00:00,89.3413,0.1334,96.8262,0.1503,0.75,0.0,1500.0,0.0,5.4512
1777.0,2026-05-06T20:31:03.457775+00:00,89.1813,-0.0248,96.8664,0.1155,0.75,0.0,1500.0,0.0,5.4762
1777.5,2026-05-06T20:31:03.968348+00:00,89.1856,-0.019,96.5502,-0.0269,0.75,0.0,1500.0,0.0,5.4884
1778.0,2026-05-06T20:31:04.457757+00:00,89.189,-0.0146,96.5386,-0.0207,0.75,0.0,1500.0,0.0,5.4943
1778.5,2026-05-06T20:31:04.958254+00:00,88.937,-0.2021,96.6454,0.0149,0.75,0.0,1500.0,0.0,5.4972
1779.0,2026-05-06T20:31:05.457774+00:00,88.8706,-0.1554,96.496,-0.1428,0.75,0.0,1500.0,0.0,5.4986
1779.5,2026-05-06T20:31:05.957769+00:00,88.8195,-0.1831,96.4969,-0.1097,0.75,0.0,1500.0,0.0,5.4993
1780.000145,2026-05-06T20:31:06.463086+00:00,88.9076,-0.1407,96.4745,-0.1306,0.75,0.0,1500.0,0.0,5.4997
1780.5,2026-05-06T20:31:06.957990+00:00,89.1025,0.0828,96.249,-0.1004,0.75,0.0,1500.0,0.0,5.4486
1781.0,2026-05-06T20:31:07.457891+00:00,89.2523,0.1909,96.5385,-0.0,0.75,0.0,1500.0,0.0,5.4237
1781.5,2026-05-06T20:31:07.958052+00:00,89.113,0.1467,96.4139,-0.0772,0.75,0.0,1500.0,0.0,5.4116
1782.0,2026-05-06T20:31:08.457903+00:00,89.2604,0.1764,96.1793,-0.1056,0.75,0.0,1500.0,0.0,5.4057
1782.500256,2026-05-06T20:31:08.963683+00:00,89.2464,0.0719,95.7675,-0.2431,0.75,0.0,1500.0,0.0,5.4028
1783.0,2026-05-06T20:31:09.458264+00:00,89.2357,-0.0083,95.7982,-0.2254,0.75,0.0,1500.0,0.0,5.4525
1783.500371,2026-05-06T20:31:09.958308+00:00,89.2274,0.0572,95.8449,-0.1347,0.75,0.0,1500.0,0.0,5.4768
1784.0,2026-05-06T20:31:10.457800+00:00,89.3483,0.044,95.8808,-0.2192,0.75,0.0,1500.0,0.0,5.4887
1784.5,2026-05-06T20:31:10.958093+00:00,89.314,0.0338,96.1398,-0.0914,0.75,0.0,1500.0,0.0,5.4945
1785.0,2026-05-06T20:31:11.564165+00:00,89.2876,0.026,96.3157,0.0455,0.75,0.0,1500.0,0.0,5.4973
1785.5,2026-05-06T20:31:11.960651+00:00,89.2674,0.02,96.474,0.2355,0.75,0.0,1500.0,0.0,5.4475
1786.000671,2026-05-06T20:31:12.458414+00:00,89.379,0.0153,96.8271,0.343,0.75,0.0,1500.0,0.0,5.4232
1786.5,2026-05-06T20:31:12.959027+00:00,89.2103,-0.0518,96.844,0.333,0.75,0.0,1500.0,0.0,5.4113
1787.001373,2026-05-06T20:31:13.459635+00:00,89.0807,-0.1035,96.857,0.3254,0.75,0.0,1500.0,0.0,5.4055
1787.50181,2026-05-06T20:31:13.966101+00:00,89.1083,-0.0795,96.3116,0.0573,0.75,0.0,1500.0,0.0,5.4027
1788.0,2026-05-06T20:31:14.457773+00:00,89.0022,-0.1884,96.4709,0.0517,0.75,0.0,1500.0,0.0,5.4013
1788.5,2026-05-06T20:31:14.957933+00:00,89.048,-0.0812,96.5933,0.0398,0.75,0.0,1500.0,0.0,5.4006
1789.0,2026-05-06T20:31:15.457853+00:00,88.9559,-0.0624,96.6874,-0.0466,0.75,0.0,1500.0,0.0,5.4003
1789.5,2026-05-06T20:31:15.958263+00:00,88.8851,-0.1116,96.6672,-0.0589,0.75,0.0,1500.0,0.0,5.4002
1790.0,2026-05-06T20:31:16.465057+00:00,88.7034,-0.1494,96.3971,-0.1533,0.75,0.0,1500.0,0.0,5.4001
1790.5,2026-05-06T20:31:16.957901+00:00,88.8183,-0.1148,96.3052,-0.0021,0.75,0.0,1500.0,0.0,5.4
1791.0,2026-05-06T20:31:17.457828+00:00,89.0339,0.039,96.466,-0.0016,0.75,0.0,1500.0,0.0,5.4
1791.5,2026-05-06T20:31:17.958118+00:00,88.9451,0.03,96.335,-0.0861,0.75,0.0,1500.0,0.0,5.4
1792.0,2026-05-06T20:31:18.457785+00:00,89.0041,0.1503,96.4889,-0.0662,0.75,0.0,1500.0,0.0,5.4
1792.5,2026-05-06T20:31:18.962616+00:00,88.7949,-0.0117,96.0055,-0.2206,0.75,0.0,1500.0,0.0,5.4
1793.000606,2026-05-06T20:31:19.458680+00:00,88.7613,-0.1363,95.8885,-0.1695,0.75,0.0,1500.0,0.0,5.4512
1793.5,2026-05-06T20:31:19.957904+00:00,88.7356,-0.1048,95.7986,-0.1689,0.75,0.0,1500.0,0.0,5.425
1794.0,2026-05-06T20:31:20.457867+00:00,88.7158,-0.1441,95.9609,-0.1684,0.75,0.0,1500.0,0.0,5.4122
1794.5,2026-05-06T20:31:20.957744+00:00,88.8278,0.0165,96.0857,-0.0831,0.75,0.0,1500.0,0.0,5.406
1795.0,2026-05-06T20:31:21.468553+00:00,89.0412,0.1399,96.0658,-0.141,0.75,0.0,1500.0,0.0,5.4029
1795.5,2026-05-06T20:31:21.957787+00:00,89.078,0.1712,96.282,0.0922,0.75,0.0,1500.0,0.0,5.4014
1796.0,2026-05-06T20:31:22.457878+00:00,89.2335,0.2588,96.3325,0.148,0.75,0.0,1500.0,0.0,5.4007
1796.5,2026-05-06T20:31:22.957922+00:00,89.0985,0.1353,96.6026,0.268,0.75,0.0,1500.0,0.0,5.4003
1797.0,2026-05-06T20:31:23.457806+00:00,88.9947,-0.0233,96.8103,0.2831,0.75,0.0,1500.0,0.0,5.4002
1797.5,2026-05-06T20:31:24.064518+00:00,88.9149,-0.0815,96.5071,0.1405,0.75,0.0,1500.0,0.0,5.4001
1798.0,2026-05-06T20:31:24.458098+00:00,88.8536,-0.1899,96.8525,0.2622,0.75,0.0,1500.0,0.0,5.4512
1798.5,2026-05-06T20:31:24.960083+00:00,88.9338,-0.0823,96.771,0.163,0.75,0.0,1500.0,0.0,5.425
1799.0,2026-05-06T20:31:25.457777+00:00,88.9954,0.0003,96.9397,0.2024,0.75,0.0,1500.0,0.0,5.4122
1799.5,2026-05-06T20:31:25.957939+00:00,89.0427,0.0639,96.8379,0.0784,0.75,0.0,1500.0,0.0,5.406
