monotonic_offset_s,utc_timestamp,T,T_dot,U,U_dot,V,V_dot,f,f_dot,mem
0.000275,2026-05-06T03:18:12.248059+00:00,49.05,,0.0,,0.8473,,2400.0,,4.6
0.500266,2026-05-06T03:18:12.810386+00:00,49.05,,14.3699,,0.8473,,2400.0,,5.0608
1.0,2026-05-06T03:18:13.239227+00:00,48.9227,,14.1224,,0.8473,0.0,2400.0,0.0,5.5417
1.5,2026-05-06T03:18:13.739291+00:00,48.9522,,18.0741,,0.8473,0.0,2400.0,0.0,6.3395
2.0,2026-05-06T03:18:14.239440+00:00,49.7384,0.3442,35.9905,,0.8473,0.0,2400.0,0.0,6.7801
2.5,2026-05-06T03:18:14.743412+00:00,50.5973,0.7736,49.761,,0.8473,0.0,2400.0,0.0,6.9951
3.000969,2026-05-06T03:18:15.266770+00:00,51.1301,1.1037,60.2293,20.0764,0.8473,0.0,2400.0,0.0,7.1
3.5,2026-05-06T03:18:15.739846+00:00,51.9215,1.4847,68.2058,17.9453,0.8473,0.0,2400.0,0.0,7.1512
4.0,2026-05-06T03:18:16.239320+00:00,52.5297,1.3956,74.406,20.0945,0.8473,0.0,2400.0,0.0,7.1762
4.5,2026-05-06T03:18:16.739619+00:00,52.9972,1.2,79.3797,20.4352,0.8473,0.0,2400.0,0.0,7.1884
5.0,2026-05-06T03:18:17.246121+00:00,53.4838,1.1768,83.1099,15.7065,0.8473,0.0,2400.0,0.0,7.1431
5.5,2026-05-06T03:18:17.739922+00:00,53.9851,1.0318,86.0927,12.1106,0.8473,0.0,2400.0,0.0,7.121
6.0,2026-05-06T03:18:18.239334+00:00,54.3703,0.9203,88.5009,9.4239,0.8473,0.0,2400.0,0.0,7.1103
6.5,2026-05-06T03:18:18.739401+00:00,54.7937,0.8982,90.0974,7.2972,0.8473,0.0,2400.0,0.0,7.105
7.0,2026-05-06T03:18:19.239352+00:00,54.9919,0.754,91.3476,5.6472,0.8473,0.0,2400.0,0.0,7.1024
7.5,2026-05-06T03:18:19.743355+00:00,55.1442,0.5795,92.3084,4.3096,0.8473,0.0,2400.0,0.0,7.1012
8.0,2026-05-06T03:18:20.239973+00:00,55.3885,0.5091,93.047,3.3123,0.8473,0.0,2400.0,0.0,7.0494
8.5,2026-05-06T03:18:20.739734+00:00,55.7035,0.4549,93.9617,2.623,0.8473,0.0,2400.0,0.0,7.0241
9.0,2026-05-06T03:18:21.239681+00:00,55.9457,0.4769,94.4334,1.9775,0.8473,0.0,2400.0,0.0,7.0118
9.5,2026-05-06T03:18:21.739352+00:00,56.1318,0.4938,94.8884,1.597,0.8473,0.0,2400.0,0.0,7.0057
10.0,2026-05-06T03:18:22.247746+00:00,56.1476,0.3796,95.1457,1.266,0.8473,0.0,2400.0,0.0,6.9516
10.5,2026-05-06T03:18:22.740326+00:00,56.287,0.2917,95.459,1.0502,0.8473,0.0,2400.0,0.0,6.9764
11.0,2026-05-06T03:18:23.239313+00:00,56.5214,0.2879,95.3297,0.7609,0.8473,0.0,2400.0,0.0,6.9885
11.500001,2026-05-06T03:18:23.739654+00:00,56.7016,0.2849,95.5079,0.5154,0.8473,0.0,2400.0,0.0,6.9944
12.0,2026-05-06T03:18:24.239596+00:00,56.9673,0.4099,95.7144,0.427,0.8473,0.0,2400.0,0.0,6.9461
12.5,2026-05-06T03:18:24.748610+00:00,57.0443,0.3787,95.7805,0.2973,0.8473,0.0,2400.0,0.0,6.9225
13.0,2026-05-06T03:18:25.239385+00:00,57.2307,0.3547,95.8313,0.2285,0.8473,0.0,2400.0,0.0,6.911
13.5,2026-05-06T03:18:25.739331+00:00,57.2468,0.2726,96.1017,0.2142,0.8473,0.0,2400.0,0.0,6.9054
14.0,2026-05-06T03:18:26.239410+00:00,57.2591,0.1459,96.1939,0.2881,0.8473,0.0,2400.0,0.0,6.8514
14.5,2026-05-06T03:18:26.739326+00:00,57.5231,0.2394,96.2416,0.2445,0.8473,0.0,2400.0,0.0,6.8251
15.0,2026-05-06T03:18:27.245584+00:00,57.4715,0.1204,96.1857,0.1571,0.8473,0.0,2400.0,0.0,6.8122
15.5,2026-05-06T03:18:27.739837+00:00,57.6863,0.2198,96.2584,0.1593,0.8473,0.0,2400.0,0.0,6.806
16.000725,2026-05-06T03:18:28.255429+00:00,57.5969,0.1689,95.8978,0.0222,0.8473,0.0,2400.0,0.0,6.8029
16.5,2026-05-06T03:18:28.739476+00:00,57.91,0.1935,96.014,-0.0292,0.8473,0.0,2400.0,0.0,6.8014
17.0,2026-05-06T03:18:29.239285+00:00,58.1507,0.3396,95.9876,-0.0687,0.8473,0.0,2400.0,0.0,6.8007
17.5,2026-05-06T03:18:29.743045+00:00,58.2084,0.261,96.0136,-0.076,0.8473,0.0,2400.0,0.0,6.8003
18.0,2026-05-06T03:18:30.239342+00:00,58.5073,0.4552,96.1262,-0.0198,0.8473,0.0,2400.0,0.0,6.8002
18.501595,2026-05-06T03:18:30.751198+00:00,58.6097,0.3498,96.097,-0.0538,0.8473,0.0,2400.0,0.0,6.7489
19.0,2026-05-06T03:18:31.239430+00:00,58.6885,0.2689,95.9126,0.0049,0.8473,0.0,2400.0,0.0,6.7239
19.5,2026-05-06T03:18:31.739300+00:00,58.749,0.2703,95.9328,-0.0271,0.8473,0.0,2400.0,0.0,6.7116
20.0,2026-05-06T03:18:32.242859+00:00,58.541,0.0168,95.9252,-0.0208,0.8473,0.0,2400.0,0.0,6.7057
20.5,2026-05-06T03:18:32.741379+00:00,58.6356,0.0129,96.0582,0.0149,0.8473,0.0,2400.0,0.0,6.7028
21.0,2026-05-06T03:18:33.241150+00:00,58.7084,0.01,96.0447,-0.0271,0.8473,0.0,2400.0,0.0,6.7014
21.5,2026-05-06T03:18:33.740264+00:00,59.0188,0.1349,96.0575,-0.0131,0.8473,0.0,2400.0,0.0,6.7007
22.0,2026-05-06T03:18:34.239299+00:00,59.2574,0.3582,96.1599,0.0825,0.8473,0.0,2400.0,0.0,6.7003
22.5,2026-05-06T03:18:34.747002+00:00,59.1863,0.2753,96.1229,0.0634,0.8473,0.0,2400.0,0.0,6.7002
23.0,2026-05-06T03:18:35.239356+00:00,59.1316,0.2116,96.187,0.0873,0.8473,0.0,2400.0,0.0,6.7001
23.5,2026-05-06T03:18:35.739388+00:00,59.0896,0.0354,96.2363,0.0594,0.8473,0.0,2400.0,0.0,6.7
24.0,2026-05-06T03:18:36.239508+00:00,59.0573,-0.1001,96.1585,0.0379,0.8473,0.0,2400.0,0.0,6.7
24.5,2026-05-06T03:18:36.739317+00:00,59.1597,-0.0133,96.2375,0.06,0.8473,0.0,2400.0,0.0,6.7512
25.0,2026-05-06T03:18:37.244491+00:00,59.1112,-0.0102,96.2983,0.0461,0.8473,0.0,2400.0,0.0,6.725
25.5,2026-05-06T03:18:37.741019+00:00,59.2012,0.0558,96.3449,0.074,0.8473,0.0,2400.0,0.0,6.7122
26.0,2026-05-06T03:18:38.239453+00:00,59.2703,0.1065,96.2651,0.026,0.8473,0.0,2400.0,0.0,6.706
26.5,2026-05-06T03:18:38.739305+00:00,59.4507,0.1455,96.3195,0.0277,0.8473,0.0,2400.0,0.0,6.7029
27.0,2026-05-06T03:18:39.239331+00:00,59.5894,0.2391,96.2455,0.029,0.8473,0.0,2400.0,0.0,6.7014
27.5,2026-05-06T03:18:39.744929+00:00,59.696,0.2474,96.3044,0.0223,0.8473,0.0,2400.0,0.0,6.7007
28.0,2026-05-06T03:18:40.239738+00:00,59.6506,0.1902,96.3497,0.0171,0.8473,0.0,2400.0,0.0,6.7003
28.5,2026-05-06T03:18:40.740050+00:00,59.8703,0.2098,96.3845,0.0132,0.8473,0.0,2400.0,0.0,6.7514
29.0,2026-05-06T03:18:41.239286+00:00,60.0392,0.2249,96.4112,0.0487,0.8473,0.0,2400.0,0.0,6.7251
29.5,2026-05-06T03:18:41.739310+00:00,60.1689,0.2365,96.4317,0.0374,0.8473,0.0,2400.0,0.0,6.7122
30.0,2026-05-06T03:18:42.243777+00:00,60.2687,0.309,96.3318,0.0288,0.8473,0.0,2400.0,0.0,6.706
30.5,2026-05-06T03:18:42.739345+00:00,60.3454,0.2375,96.2319,-0.0242,0.8473,0.0,2400.0,0.0,6.7029
31.0,2026-05-06T03:18:43.239640+00:00,60.4043,0.1826,96.2939,-0.0186,0.8473,0.0,2400.0,0.0,6.7014
31.5,2026-05-06T03:18:43.739286+00:00,60.4496,0.1403,96.2259,-0.0528,0.8473,0.0,2400.0,0.0,6.7007
32.0,2026-05-06T03:18:44.239297+00:00,60.6116,0.1715,96.2893,-0.0406,0.8473,0.0,2400.0,0.0,6.6491
32.5,2026-05-06T03:18:44.745286+00:00,60.7362,0.1954,96.2224,-0.0698,0.8473,0.0,2400.0,0.0,6.624
33.0,2026-05-06T03:18:45.241099+00:00,60.9592,0.2775,96.2635,-0.0228,0.8473,0.0,2400.0,0.0,6.6117
33.5,2026-05-06T03:18:45.739601+00:00,60.8761,0.2133,96.2025,-0.0098,0.8473,0.0,2400.0,0.0,6.6057
34.0,2026-05-06T03:18:46.239774+00:00,60.8122,0.1003,96.2714,-0.0075,0.8473,0.0,2400.0,0.0,6.5516
34.5,2026-05-06T03:18:46.739414+00:00,61.0177,0.1407,96.3243,0.0328,0.8473,0.0,2400.0,0.0,6.5764
35.0,2026-05-06T03:18:47.244049+00:00,61.1755,0.1082,96.2724,-0.0057,0.8473,0.0,2400.0,0.0,6.5373
35.5,2026-05-06T03:18:47.739500+00:00,61.0424,0.0831,96.325,0.0342,0.8473,0.0,2400.0,0.0,6.5694
36.0,2026-05-06T03:18:48.239448+00:00,60.94,0.0639,96.4812,0.0726,0.8473,0.0,2400.0,0.0,6.6363
36.5,2026-05-06T03:18:48.740188+00:00,61.2431,0.1127,96.3699,0.0558,0.8473,0.0,2400.0,0.0,6.6177
37.0,2026-05-06T03:18:49.239502+00:00,61.3489,0.0867,96.4,0.0429,0.8473,0.0,2400.0,0.0,6.6086
37.5,2026-05-06T03:18:49.746048+00:00,61.5574,0.2575,96.4,0.0252,0.8473,0.0,2400.0,0.0,6.6554
38.0,2026-05-06T03:18:50.239333+00:00,61.7177,0.3888,96.4231,0.0503,0.8473,0.0,2400.0,0.0,6.6782
38.5,2026-05-06T03:18:50.739521+00:00,61.7136,0.2352,96.3021,-0.0077,0.8473,0.0,2400.0,0.0,6.6894
39.0,2026-05-06T03:18:51.239497+00:00,61.7104,0.1808,96.3479,-0.0445,0.8473,0.0,2400.0,0.0,6.6948
39.5,2026-05-06T03:18:51.739371+00:00,61.8353,0.139,96.2674,-0.0342,0.8473,0.0,2400.0,0.0,6.6975
40.0,2026-05-06T03:18:52.243069+00:00,61.9312,0.1068,96.3212,-0.0263,0.8473,0.0,2400.0,0.0,6.6988
40.5,2026-05-06T03:18:52.739289+00:00,61.7505,0.0185,96.2469,-0.051,0.8473,0.0,2400.0,0.0,6.8018
41.0,2026-05-06T03:18:53.239413+00:00,62.1206,0.2051,96.4212,-0.0007,0.8473,0.0,2400.0,0.0,6.8521
41.5,2026-05-06T03:18:53.739288+00:00,62.4051,0.2849,96.3237,0.0072,0.8473,0.0,2400.0,0.0,6.8254
42.0,2026-05-06T03:18:54.239340+00:00,62.3692,0.219,96.2488,-0.033,0.8473,0.0,2400.0,0.0,6.8124
42.5,2026-05-06T03:18:54.743577+00:00,62.3416,0.2956,96.3069,0.0132,0.8473,0.0,2400.0,0.0,6.8061
43.0,2026-05-06T03:18:55.239398+00:00,62.4477,0.1635,96.3516,0.0101,0.8473,0.0,2400.0,0.0,7.059
43.5,2026-05-06T03:18:55.739290+00:00,62.6565,0.1257,96.5016,0.0849,0.8473,0.0,2400.0,0.0,7.1824
44.0,2026-05-06T03:18:56.239349+00:00,62.817,0.2239,96.293,-0.0427,0.8473,0.0,2400.0,0.0,7.1914
44.5,2026-05-06T03:18:56.739349+00:00,62.9403,0.2993,96.3409,0.0057,0.8473,0.0,2400.0,0.0,7.1958
45.0,2026-05-06T03:18:57.254238+00:00,62.9078,0.2301,96.3777,0.043,0.8473,0.0,2400.0,0.0,7.1468
45.5,2026-05-06T03:18:57.739421+00:00,62.7556,0.0496,96.5217,0.0716,0.8473,0.0,2400.0,0.0,7.1228
46.0,2026-05-06T03:18:58.239874+00:00,62.7659,-0.0255,96.6324,0.0936,0.8473,0.0,2400.0,0.0,7.1111
46.5,2026-05-06T03:18:58.739752+00:00,62.6465,-0.1469,96.3704,-0.0438,0.8473,0.0,2400.0,0.0,7.0542
47.0,2026-05-06T03:18:59.239315+00:00,62.682,-0.1129,96.3772,0.0281,0.8473,0.0,2400.0,0.0,7.0265
47.5,2026-05-06T03:18:59.844001+00:00,62.9639,0.1041,96.4056,0.0216,0.8473,0.0,2400.0,0.0,7.0129
48.0,2026-05-06T03:19:00.239395+00:00,62.9259,0.08,96.4275,0.0166,0.8473,0.0,2400.0,0.0,6.9551
48.5,2026-05-06T03:19:00.739315+00:00,62.8968,0.1251,96.3285,-0.0644,0.8473,0.0,2400.0,0.0,6.9269
49.0,2026-05-06T03:19:01.240296+00:00,63.1289,0.2235,96.3682,-0.0881,0.8473,0.0,2400.0,0.0,6.8619
49.5,2026-05-06T03:19:01.739669+00:00,63.3074,0.1717,96.2599,-0.0368,0.8473,0.0,2400.0,0.0,6.8302
50.0,2026-05-06T03:19:02.245386+00:00,63.4445,0.2593,96.3154,-0.0206,0.8473,0.0,2400.0,0.0,6.8147
50.5,2026-05-06T03:19:02.739333+00:00,63.5499,0.3266,96.3581,-0.0158,0.8473,0.0,2400.0,0.0,6.8072
51.0,2026-05-06T03:19:03.239438+00:00,63.5036,0.1874,96.391,-0.0122,0.8473,0.0,2400.0,0.0,6.8035
51.5,2026-05-06T03:19:03.739709+00:00,63.5954,0.144,96.4162,0.0292,0.8473,0.0,2400.0,0.0,6.8017
52.0,2026-05-06T03:19:04.239607+00:00,63.7931,0.1743,96.3199,-0.0161,0.8473,0.0,2400.0,0.0,6.7496
52.5,2026-05-06T03:19:04.743209+00:00,64.0724,0.2612,96.4773,0.0725,0.8473,0.0,2400.0,0.0,6.7242
53.0,2026-05-06T03:19:05.239340+00:00,64.0325,0.2644,96.3437,0.0094,0.8473,0.0,2400.0,0.0,6.7118
53.5,2026-05-06T03:19:05.739316+00:00,64.2564,0.3305,96.4956,0.0458,0.8473,0.0,2400.0,0.0,6.7058
54.0,2026-05-06T03:19:06.241102+00:00,64.3012,0.254,96.3809,-0.0034,0.8473,0.0,2400.0,0.0,6.6516
54.5,2026-05-06T03:19:06.739354+00:00,64.2084,0.068,96.2927,-0.0412,0.8473,0.0,2400.0,0.0,6.6252
55.0,2026-05-06T03:19:07.242872+00:00,64.137,0.0522,96.225,-0.0316,0.8473,0.0,2400.0,0.0,6.6123
55.5,2026-05-06T03:19:07.739450+00:00,64.2094,-0.0235,96.1729,-0.1014,0.8473,0.0,2400.0,0.0,6.606
56.0,2026-05-06T03:19:08.240229+00:00,64.2651,-0.018,96.2486,-0.0317,0.8473,0.0,2400.0,0.0,6.6029
56.5,2026-05-06T03:19:08.741093+00:00,64.3079,0.0498,96.3068,-0.0629,0.8473,0.0,2400.0,0.0,6.6014
57.0,2026-05-06T03:19:09.239291+00:00,64.3408,0.1019,96.2358,-0.0484,0.8473,0.0,2400.0,0.0,6.5495
57.5,2026-05-06T03:19:09.746111+00:00,64.366,0.0783,96.4126,0.04,0.8473,0.0,2400.0,0.0,6.5242
58.0,2026-05-06T03:19:10.240226+00:00,64.5127,0.1238,96.4329,0.0693,0.8473,0.0,2400.0,0.0,6.5118
58.5,2026-05-06T03:19:10.739295+00:00,64.4982,0.0952,96.217,0.0147,0.8473,0.0,2400.0,0.0,6.5058
59.0,2026-05-06T03:19:11.239662+00:00,64.4871,0.0731,96.3982,0.0499,0.8473,0.0,2400.0,0.0,6.5028
59.5,2026-05-06T03:19:11.739308+00:00,64.733,0.1835,96.5374,0.0769,0.8473,0.0,2400.0,0.0,6.5014
60.0,2026-05-06T03:19:12.243423+00:00,64.7948,0.141,96.4131,0.0591,0.8473,0.0,2400.0,0.0,6.5007
60.5,2026-05-06T03:19:12.739596+00:00,64.715,0.1084,96.3175,-0.0317,0.8473,0.0,2400.0,0.0,6.5003
61.0,2026-05-06T03:19:13.239503+00:00,64.9082,0.2106,96.3597,-0.0244,0.8473,0.0,2400.0,0.0,6.5002
61.5,2026-05-06T03:19:13.739405+00:00,64.9295,0.0982,96.1608,-0.0187,0.8473,0.0,2400.0,0.0,6.5001
62.0,2026-05-06T03:19:14.239577+00:00,64.9458,0.0755,96.355,-0.0144,0.8473,0.0,2400.0,0.0,6.5
62.5,2026-05-06T03:19:14.743986+00:00,65.0856,0.1853,96.1571,-0.1268,0.8473,0.0,2400.0,0.0,6.5
63.0,2026-05-06T03:19:15.239942+00:00,65.1931,0.1424,96.3522,-0.0203,0.8473,0.0,2400.0,0.0,6.5
63.5,2026-05-06T03:19:15.739328+00:00,65.2757,0.1731,96.155,-0.0542,0.8473,0.0,2400.0,0.0,6.5
64.0,2026-05-06T03:19:16.239690+00:00,65.2119,0.133,96.1191,-0.0802,0.8473,0.0,2400.0,0.0,6.5
64.5,2026-05-06T03:19:16.739511+00:00,65.2901,0.1023,96.0916,-0.0231,0.8473,0.0,2400.0,0.0,6.5
65.0,2026-05-06T03:19:17.246047+00:00,65.3503,0.0786,95.9315,-0.1411,0.8473,0.0,2400.0,0.0,6.5
65.5,2026-05-06T03:19:17.739359+00:00,65.2692,-0.0032,95.9474,-0.0699,0.8473,0.0,2400.0,0.0,6.5
66.0,2026-05-06T03:19:18.240117+00:00,65.3342,0.0612,96.0753,-0.0923,0.8473,0.0,2400.0,0.0,6.5
66.5,2026-05-06T03:19:18.739313+00:00,65.3841,0.047,96.0578,-0.0324,0.8473,0.0,2400.0,0.0,6.5
67.0,2026-05-06T03:19:19.239344+00:00,65.4225,0.0361,95.9519,-0.0557,0.8473,0.0,2400.0,0.0,6.5
67.5,2026-05-06T03:19:19.742663+00:00,65.3247,0.0278,96.0787,-0.0043,0.8473,0.0,2400.0,0.0,6.5
68.0,2026-05-06T03:19:20.239307+00:00,65.3769,0.0213,96.0605,0.043,0.8473,0.0,2400.0,0.0,6.5
68.5,2026-05-06T03:19:20.739352+00:00,65.4169,0.0164,96.1622,0.0716,0.8473,0.0,2400.0,0.0,6.5
69.0,2026-05-06T03:19:21.239286+00:00,65.575,0.0762,95.9858,-0.0298,0.8473,0.0,2400.0,0.0,6.5
69.5,2026-05-06T03:19:21.739431+00:00,65.6965,0.1859,96.1048,0.0157,0.8473,0.0,2400.0,0.0,6.5
70.0,2026-05-06T03:19:22.245927+00:00,65.6626,0.1429,96.1963,0.0815,0.8473,0.0,2400.0,0.0,6.4488
70.5,2026-05-06T03:19:22.739414+00:00,65.7638,0.1734,96.0351,-0.0145,0.8473,0.0,2400.0,0.0,6.475
71.0,2026-05-06T03:19:23.239300+00:00,65.7143,0.0697,95.9113,-0.0497,0.8473,0.0,2400.0,0.0,6.4878
71.5,2026-05-06T03:19:23.739431+00:00,65.8036,0.0535,95.9318,-0.0768,0.8473,0.0,2400.0,0.0,6.494
72.000001,2026-05-06T03:19:24.241889+00:00,65.9994,0.1684,96.0402,0.0181,0.8473,0.0,2400.0,0.0,6.4459
72.5,2026-05-06T03:19:24.744536+00:00,66.15,0.1931,95.9152,-0.0632,0.8473,0.0,2400.0,0.0,6.4224
73.0,2026-05-06T03:19:25.239406+00:00,66.0111,0.1484,96.0505,-0.0486,0.8473,0.0,2400.0,0.0,6.4621
73.5,2026-05-06T03:19:25.739615+00:00,66.159,0.1777,96.0388,0.0012,0.8473,0.0,2400.0,0.0,6.4815
74.0,2026-05-06T03:19:26.239898+00:00,66.2726,0.1366,96.0067,0.0318,0.8473,0.0,2400.0,0.0,6.491
74.5,2026-05-06T03:19:26.739403+00:00,66.2327,0.0413,96.0051,0.0244,0.8473,0.0,2400.0,0.0,6.4956
75.0,2026-05-06T03:19:27.244039+00:00,66.4565,0.2227,95.9808,-0.0198,0.8473,0.0,2400.0,0.0,6.4467
75.5,2026-05-06T03:19:27.739357+00:00,66.374,0.1075,96.101,0.0619,0.8473,0.0,2400.0,0.0,6.474
76.0,2026-05-06T03:19:28.239892+00:00,66.4379,0.0826,96.0776,0.009,0.8473,0.0,2400.0,0.0,6.4873
76.5,2026-05-06T03:19:28.740214+00:00,66.3597,0.0635,96.0596,0.0069,0.8473,0.0,2400.0,0.0,6.4426
77.0,2026-05-06T03:19:29.239425+00:00,66.4269,-0.0148,96.1615,0.0516,0.8473,0.0,2400.0,0.0,6.4208
77.5,2026-05-06T03:19:29.747756+00:00,66.6058,0.1159,96.1242,0.0397,0.8473,0.0,2400.0,0.0,6.4101
78.0,2026-05-06T03:19:30.239317+00:00,66.616,0.0891,96.0954,0.0382,0.8473,0.0,2400.0,0.0,6.405
78.5,2026-05-06T03:19:30.739347+00:00,66.7511,0.1957,96.189,0.0294,0.8473,0.0,2400.0,0.0,6.4024
79.0,2026-05-06T03:19:31.241000+00:00,66.7277,0.1504,96.2841,0.0688,0.8473,0.0,2400.0,0.0,6.4012
79.5,2026-05-06T03:19:31.739787+00:00,66.837,0.1156,96.2184,0.0529,0.8473,0.0,2400.0,0.0,6.4006
80.0,2026-05-06T03:19:32.243264+00:00,67.0483,0.2161,96.2836,0.0407,0.8473,0.0,2400.0,0.0,6.4003
80.5,2026-05-06T03:19:32.739517+00:00,67.2107,0.2298,96.3105,0.0621,0.8473,0.0,2400.0,0.0,6.4001
81.0,2026-05-06T03:19:33.239394+00:00,67.3355,0.3039,96.2387,0.0477,0.8473,0.0,2400.0,0.0,6.4001
81.5,2026-05-06T03:19:33.739297+00:00,67.3041,0.2335,96.1603,-0.0096,0.8473,0.0,2400.0,0.0,6.4
82.0,2026-05-06T03:19:34.239292+00:00,67.4073,0.1795,96.2389,-0.0151,0.8473,0.0,2400.0,0.0,6.4
82.5,2026-05-06T03:19:34.745249+00:00,67.4866,0.138,96.1836,-0.0116,0.8473,0.0,2400.0,0.0,6.4
83.0,2026-05-06T03:19:35.239732+00:00,67.5475,0.106,96.1643,-0.0398,0.8473,0.0,2400.0,0.0,6.4
83.5,2026-05-06T03:19:35.739327+00:00,67.5944,0.1451,96.2188,-0.0306,0.8473,0.0,2400.0,0.0,6.4
84.0,2026-05-06T03:19:36.239297+00:00,67.5031,0.0479,96.2839,0.0151,0.8473,0.0,2400.0,0.0,6.4
84.5,2026-05-06T03:19:36.739330+00:00,67.5603,0.0368,96.2182,0.0193,0.8473,0.0,2400.0,0.0,6.4
85.0,2026-05-06T03:19:37.243490+00:00,67.4769,-0.0353,96.2834,0.0148,0.8473,0.0,2400.0,0.0,6.3488
85.5,2026-05-06T03:19:37.740879+00:00,67.5401,-0.0272,96.3104,0.0423,0.8473,0.0,2400.0,0.0,6.375
86.0,2026-05-06T03:19:38.239369+00:00,67.5887,0.0428,96.3543,0.0633,0.8473,0.0,2400.0,0.0,6.3878
86.5,2026-05-06T03:19:38.739283+00:00,67.4987,-0.0308,96.1566,-0.0207,0.8473,0.0,2400.0,0.0,6.394
87.0,2026-05-06T03:19:39.239273+00:00,67.5569,0.04,96.1204,-0.0545,0.8473,0.0,2400.0,0.0,6.3971
87.5,2026-05-06T03:19:39.744474+00:00,67.6016,0.0307,96.0925,-0.0419,0.8473,0.0,2400.0,0.0,6.3986
88.0,2026-05-06T03:19:40.239909+00:00,67.6359,0.0236,96.0711,-0.0708,0.8473,0.0,2400.0,0.0,6.3993
88.5,2026-05-06T03:19:40.739288+00:00,67.6623,0.0818,95.8001,-0.1701,0.8473,0.0,2400.0,0.0,6.3997
89.0,2026-05-06T03:19:41.240206+00:00,67.8099,0.1265,95.7307,-0.2079,0.8473,0.0,2400.0,0.0,6.3998
89.5,2026-05-06T03:19:41.740135+00:00,67.9233,0.1609,95.793,-0.1212,0.8473,0.0,2400.0,0.0,6.3999
90.0,2026-05-06T03:19:42.247743+00:00,68.0105,0.1873,95.9566,-0.0546,0.8473,0.0,2400.0,0.0,6.4
90.5,2026-05-06T03:19:42.739313+00:00,68.2047,0.2712,95.9666,-0.042,0.8473,0.0,2400.0,0.0,6.4
91.0,2026-05-06T03:19:43.239328+00:00,68.2268,0.2085,96.0901,0.0063,0.8473,0.0,2400.0,0.0,6.4
91.5,2026-05-06T03:19:43.741634+00:00,68.371,0.2239,96.1849,0.1283,0.8473,0.0,2400.0,0.0,6.4
92.0,2026-05-06T03:19:44.239318+00:00,68.3546,0.1721,96.0033,0.0909,0.8473,0.0,2400.0,0.0,6.4
92.5,2026-05-06T03:19:44.742882+00:00,68.3419,0.0686,96.1182,0.1084,0.8473,0.0,2400.0,0.0,6.4
93.0,2026-05-06T03:19:45.239496+00:00,68.4595,0.1164,96.0909,0.0448,0.8473,0.0,2400.0,0.0,6.3488
93.5,2026-05-06T03:19:45.739935+00:00,68.4226,0.0258,96.0698,0.0344,0.8473,0.0,2400.0,0.0,6.3238
94.0,2026-05-06T03:19:46.239334+00:00,68.3942,0.0198,96.0305,-0.0198,0.8473,0.0,2400.0,0.0,6.3116
94.5,2026-05-06T03:19:46.739312+00:00,68.4997,0.0789,96.1392,-0.0152,0.8473,0.0,2400.0,0.0,6.3057
95.0,2026-05-06T03:19:47.245631+00:00,68.708,0.1243,96.2227,0.0731,0.8473,0.0,2400.0,0.0,6.3028
95.5,2026-05-06T03:19:47.741793+00:00,68.6136,0.0955,96.1711,0.0176,0.8473,0.0,2400.0,0.0,6.3526
96.0,2026-05-06T03:19:48.239303+00:00,68.7956,0.2007,96.1315,0.0136,0.8473,0.0,2400.0,0.0,6.3256
96.5,2026-05-06T03:19:48.739377+00:00,69.0627,0.2815,96.1011,0.0104,0.8473,0.0,2400.0,0.0,6.3125
97.0,2026-05-06T03:19:49.239349+00:00,69.0135,0.1527,96.0777,0.0157,0.8473,0.0,2400.0,0.0,6.3061
97.5,2026-05-06T03:19:49.747098+00:00,68.9757,0.181,96.0597,-0.0265,0.8473,0.0,2400.0,0.0,6.303
98.0,2026-05-06T03:19:50.239326+00:00,68.9466,0.0755,96.0459,-0.0589,0.8473,0.0,2400.0,0.0,6.3527
98.5,2026-05-06T03:19:50.739351+00:00,68.9242,-0.0692,96.2667,0.0318,0.8473,0.0,2400.0,0.0,6.3769
99.0,2026-05-06T03:19:51.239353+00:00,69.1616,0.0741,96.1124,-0.0064,0.8473,0.0,2400.0,0.0,6.3375
99.5,2026-05-06T03:19:51.739316+00:00,68.9622,-0.0067,95.8319,-0.0897,0.8473,0.0,2400.0,0.0,6.3183
100.0,2026-05-06T03:19:52.243821+00:00,68.9363,-0.0052,95.8708,-0.069,0.8473,0.0,2400.0,0.0,6.3089
100.5,2026-05-06T03:19:52.739663+00:00,69.2981,0.1869,96.0164,-0.0145,0.8473,0.0,2400.0,0.0,6.3556
101.0,2026-05-06T03:19:53.239473+00:00,69.5762,0.2073,95.9894,-0.0188,0.8473,0.0,2400.0,0.0,6.3783
101.5,2026-05-06T03:19:53.739311+00:00,69.5354,0.2866,96.0844,-0.0607,0.8473,0.0,2400.0,0.0,6.3894
102.0,2026-05-06T03:19:54.240397+00:00,69.5041,0.2839,96.1806,0.0227,0.8473,0.0,2400.0,0.0,6.3948
102.5,2026-05-06T03:19:54.748321+00:00,69.3527,0.0273,96.2545,0.1409,0.8473,0.0,2400.0,0.0,6.3463
103.0,2026-05-06T03:19:55.239292+00:00,69.3637,-0.1063,96.1956,0.1083,0.8473,0.0,2400.0,0.0,6.3738
103.5,2026-05-06T03:19:55.739503+00:00,69.3721,-0.0817,96.2661,0.0832,0.8473,0.0,2400.0,0.0,6.3872
104.0,2026-05-06T03:19:56.239519+00:00,69.5058,0.0009,96.3202,0.1102,0.8473,0.0,2400.0,0.0,6.3938
104.5,2026-05-06T03:19:56.739323+00:00,69.7359,0.1916,96.223,0.0462,0.8473,0.0,2400.0,0.0,6.397
105.0,2026-05-06T03:19:57.246331+00:00,69.7854,0.2109,96.1714,-0.0031,0.8473,0.0,2400.0,0.0,6.3473
105.5,2026-05-06T03:19:57.739291+00:00,69.8235,0.2257,96.1317,-0.0409,0.8473,0.0,2400.0,0.0,6.3743
106.0,2026-05-06T03:19:58.239310+00:00,69.8528,0.1735,96.1012,-0.0315,0.8473,0.0,2400.0,0.0,6.3875
106.5,2026-05-06T03:19:58.739495+00:00,69.8753,0.0697,96.0778,-0.0627,0.8473,0.0,2400.0,0.0,6.3939
107.0,2026-05-06T03:19:59.240255+00:00,69.8926,0.0536,96.0598,-0.0868,0.8473,0.0,2400.0,0.0,6.397
107.5,2026-05-06T03:19:59.745780+00:00,69.6513,-0.0861,96.2774,0.0181,0.8473,0.0,2400.0,0.0,6.3985
108.0,2026-05-06T03:20:00.239308+00:00,69.7204,-0.0662,96.2132,0.0139,0.8473,0.0,2400.0,0.0,6.3993
108.5,2026-05-06T03:20:00.739426+00:00,69.9008,0.0128,96.2796,0.0493,0.8473,0.0,2400.0,0.0,6.3485
109.0,2026-05-06T03:20:01.239373+00:00,70.1667,0.1371,96.2149,0.0379,0.8473,0.0,2400.0,0.0,6.3236
109.5,2026-05-06T03:20:01.739520+00:00,70.3711,0.3599,96.0494,-0.0095,0.8473,0.0,2400.0,0.0,6.3115
110.0,2026-05-06T03:20:02.243504+00:00,70.4009,0.3403,96.1537,0.0313,0.8473,0.0,2400.0,0.0,6.3056
110.5,2026-05-06T03:20:02.742863+00:00,70.4239,0.2615,96.2338,-0.0145,0.8473,0.0,2400.0,0.0,6.3539
111.0,2026-05-06T03:20:03.239352+00:00,70.5688,0.201,96.2954,0.0274,0.8473,0.0,2400.0,0.0,6.3775
111.5,2026-05-06T03:20:03.739326+00:00,70.8074,0.2181,96.3428,0.0211,0.8473,0.0,2400.0,0.0,6.389
112.0,2026-05-06T03:20:04.240546+00:00,70.7363,0.1677,96.2634,0.0162,0.8473,0.0,2400.0,0.0,6.3946
112.5,2026-05-06T03:20:04.745934+00:00,70.8089,0.1925,96.3182,0.0896,0.8473,0.0,2400.0,0.0,6.3462
113.0,2026-05-06T03:20:05.240892+00:00,70.8647,0.148,96.2446,0.0303,0.8473,0.0,2400.0,0.0,6.3225
113.5,2026-05-06T03:20:05.739374+00:00,70.7803,-0.0136,96.2111,-0.0076,0.8473,0.0,2400.0,0.0,6.311
114.0,2026-05-06T03:20:06.240235+00:00,70.97,0.1169,96.0466,-0.083,0.8473,0.0,2400.0,0.0,6.3054
114.5,2026-05-06T03:20:06.739703+00:00,70.7339,-0.0375,96.1515,-0.0638,0.8473,0.0,2400.0,0.0,6.3026
115.0,2026-05-06T03:20:07.244374+00:00,70.5525,-0.1561,96.2321,-0.0104,0.8473,0.0,2400.0,0.0,6.3013
115.5,2026-05-06T03:20:07.739379+00:00,70.6677,-0.0563,96.1784,-0.0466,0.8473,0.0,2400.0,0.0,6.3518
116.0,2026-05-06T03:20:08.239732+00:00,70.7561,-0.1069,96.1371,-0.0358,0.8473,0.0,2400.0,0.0,6.3765
116.5,2026-05-06T03:20:08.739373+00:00,70.6969,-0.0185,96.2211,0.0033,0.8473,0.0,2400.0,0.0,6.3885
117.0,2026-05-06T03:20:09.239353+00:00,70.9058,0.1767,96.0542,0.0026,0.8473,0.0,2400.0,0.0,6.3432
117.5,2026-05-06T03:20:09.747203+00:00,71.0665,0.1994,96.1574,0.002,0.8473,0.0,2400.0,0.0,6.3211
118.0,2026-05-06T03:20:10.239333+00:00,71.1899,0.2169,96.121,-0.0371,0.8473,0.0,2400.0,0.0,6.3103
118.5,2026-05-06T03:20:10.739650+00:00,71.1576,0.2303,96.2087,0.0101,0.8473,0.0,2400.0,0.0,6.305
119.0,2026-05-06T03:20:11.239861+00:00,71.1327,0.1134,96.1604,0.0078,0.8473,0.0,2400.0,0.0,6.3025
119.5,2026-05-06T03:20:11.739326+00:00,71.2408,0.0872,96.239,0.006,0.8473,0.0,2400.0,0.0,6.3012
120.0,2026-05-06T03:20:12.243731+00:00,71.1967,0.0034,96.1837,0.0431,0.8473,0.0,2400.0,0.0,6.3006
120.5,2026-05-06T03:20:12.739503+00:00,71.1627,0.0026,96.2569,0.0332,0.8473,0.0,2400.0,0.0,6.3515
121.0,2026-05-06T03:20:13.239708+00:00,71.3912,0.1293,96.3363,0.0718,0.8473,0.0,2400.0,0.0,6.3763
121.5,2026-05-06T03:20:13.740492+00:00,71.3122,0.0357,96.0271,-0.0605,0.8473,0.0,2400.0,0.0,6.3884
122.000456,2026-05-06T03:20:14.239897+00:00,71.3788,0.0911,96.0208,-0.0465,0.8473,0.0,2400.0,0.0,6.3944
122.5,2026-05-06T03:20:14.843880+00:00,71.43,0.1336,96.016,-0.0743,0.8473,0.0,2400.0,0.0,6.3972
123.0,2026-05-06T03:20:15.239316+00:00,71.4693,0.0391,96.1048,-0.0263,0.8473,0.0,2400.0,0.0,6.3475
123.5,2026-05-06T03:20:15.740006+00:00,71.6268,0.1573,96.1963,-0.0202,0.8473,0.0,2400.0,0.0,6.3232
124.0,2026-05-06T03:20:16.239449+00:00,71.7479,0.1845,96.1509,-0.0618,0.8473,0.0,2400.0,0.0,6.3113
124.5,2026-05-06T03:20:16.741143+00:00,71.7137,0.1418,96.2317,0.0682,0.8473,0.0,2400.0,0.0,6.3055
125.0,2026-05-06T03:20:17.244742+00:00,71.6874,0.109,96.178,0.0524,0.8473,0.0,2400.0,0.0,6.3027
125.5,2026-05-06T03:20:17.739361+00:00,71.7944,0.0838,96.1368,0.0403,0.8473,0.0,2400.0,0.0,6.3013
126.0,2026-05-06T03:20:18.239434+00:00,71.8767,0.0644,96.2209,0.0387,0.8473,0.0,2400.0,0.0,6.3006
126.5,2026-05-06T03:20:18.739321+00:00,72.0672,0.1768,96.1698,-0.0088,0.8473,0.0,2400.0,0.0,6.3003
127.0,2026-05-06T03:20:19.239603+00:00,72.2136,0.2631,96.1305,-0.0068,0.8473,0.0,2400.0,0.0,6.3002
127.5,2026-05-06T03:20:19.748009+00:00,72.1989,0.2022,96.0077,-0.0746,0.8473,0.0,2400.0,0.0,6.3001
128.0,2026-05-06T03:20:20.239394+00:00,72.1876,0.1554,96.0059,-0.0574,0.8473,0.0,2400.0,0.0,6.3
128.5,2026-05-06T03:20:20.739350+00:00,72.4334,0.1831,96.0046,-0.0441,0.8473,0.0,2400.0,0.0,6.3
129.0,2026-05-06T03:20:21.239354+00:00,72.4951,0.1407,96.0035,-0.0725,0.8473,0.0,2400.0,0.0,6.3
129.5,2026-05-06T03:20:21.740237+00:00,72.5425,0.1718,96.1184,-0.0171,0.8473,0.0,2400.0,0.0,6.3
130.0,2026-05-06T03:20:22.244243+00:00,72.8335,0.323,96.091,-0.0132,0.8473,0.0,2400.0,0.0,6.3
130.500236,2026-05-06T03:20:22.740146+00:00,72.6753,0.121,96.0699,0.0207,0.8473,0.0,2400.0,0.0,6.3
131.0,2026-05-06T03:20:23.239356+00:00,72.5538,0.0293,96.0306,0.0082,0.8473,0.0,2400.0,0.0,6.3
131.5,2026-05-06T03:20:23.739415+00:00,72.4603,-0.0411,95.9078,-0.0322,0.8473,0.0,2400.0,0.0,6.3
132.0,2026-05-06T03:20:24.239343+00:00,72.6431,-0.0952,95.9292,-0.0248,0.8473,0.0,2400.0,0.0,6.3
132.5,2026-05-06T03:20:24.746711+00:00,72.6562,-0.0095,95.9456,-0.0576,0.8473,0.0,2400.0,0.0,6.3512
133.0,2026-05-06T03:20:25.239381+00:00,72.4118,-0.071,95.9582,-0.0443,0.8473,0.0,2400.0,0.0,6.3762
133.5,2026-05-06T03:20:25.739496+00:00,72.4785,0.0091,95.9678,-0.034,0.8473,0.0,2400.0,0.0,6.3884
134.0,2026-05-06T03:20:26.239400+00:00,72.5298,-0.0567,95.8596,-0.057,0.8473,0.0,2400.0,0.0,6.3943
134.5,2026-05-06T03:20:26.739298+00:00,72.8237,0.0837,95.8921,-0.0053,0.8473,0.0,2400.0,0.0,6.3972
135.0,2026-05-06T03:20:27.244493+00:00,72.9223,0.2553,95.917,-0.004,0.8473,0.0,2400.0,0.0,6.3986
135.5,2026-05-06T03:20:27.739453+00:00,72.8709,0.1962,95.9362,-0.0031,0.8473,0.0,2400.0,0.0,6.4505
136.0,2026-05-06T03:20:28.240051+00:00,72.9586,0.2144,95.951,-0.0024,0.8473,0.0,2400.0,0.0,6.4247
136.5,2026-05-06T03:20:28.739337+00:00,72.8988,0.0375,95.9623,-0.0018,0.8473,0.0,2400.0,0.0,6.412
137.0,2026-05-06T03:20:29.239374+00:00,72.98,0.0289,95.8554,-0.0014,0.8473,0.0,2400.0,0.0,6.4059
137.5,2026-05-06T03:20:29.747323+00:00,73.0425,0.0858,95.7731,-0.0396,0.8473,0.0,2400.0,0.0,6.4029
138.0,2026-05-06T03:20:30.239308+00:00,73.2178,0.1296,95.8256,-0.0305,0.8473,0.0,2400.0,0.0,6.4014
138.5,2026-05-06T03:20:30.739305+00:00,73.3525,0.2269,95.866,-0.0234,0.8473,0.0,2400.0,0.0,6.4007
139.0,2026-05-06T03:20:31.239509+00:00,73.2015,0.1107,96.0127,0.0206,0.8473,0.0,2400.0,0.0,6.4003
139.5,2026-05-06T03:20:31.739851+00:00,73.34,0.1487,96.0098,0.0158,0.8473,0.0,2400.0,0.0,6.4002
140.0,2026-05-06T03:20:32.246766+00:00,73.3192,0.0507,96.0075,0.0507,0.8473,0.0,2400.0,0.0,6.4001
140.5,2026-05-06T03:20:32.739371+00:00,73.4304,0.039,95.9826,0.0698,0.8473,0.0,2400.0,0.0,6.4
141.0,2026-05-06T03:20:33.239497+00:00,73.1341,-0.0337,95.9866,0.0537,0.8473,0.0,2400.0,0.0,6.4
141.5,2026-05-06T03:20:33.739341+00:00,73.161,-0.0895,95.874,0.0027,0.8473,0.0,2400.0,0.0,6.4
142.0,2026-05-06T03:20:34.239383+00:00,73.3088,-0.0052,95.9032,-0.0365,0.8473,0.0,2400.0,0.0,6.4
142.5,2026-05-06T03:20:34.744326+00:00,73.4225,-0.004,96.0413,0.0105,0.8473,0.0,2400.0,0.0,6.4
143.0,2026-05-06T03:20:35.239352+00:00,73.5098,0.1878,96.1474,0.0466,0.8473,0.0,2400.0,0.0,6.4
143.5,2026-05-06T03:20:35.739310+00:00,73.577,0.208,96.1133,0.0436,0.8473,0.0,2400.0,0.0,6.4
144.0,2026-05-06T03:20:36.239302+00:00,73.8831,0.2871,96.2028,0.0721,0.8473,0.0,2400.0,0.0,6.4
144.5,2026-05-06T03:20:36.739439+00:00,73.8639,0.2207,96.1327,0.0862,0.8473,0.0,2400.0,0.0,6.4
145.0,2026-05-06T03:20:37.245399+00:00,73.8491,0.1696,96.102,0.0663,0.8473,0.0,2400.0,0.0,6.4
145.5,2026-05-06T03:20:37.739501+00:00,73.965,0.194,96.0784,0.0124,0.8473,0.0,2400.0,0.0,6.4
146.0,2026-05-06T03:20:38.239362+00:00,73.9268,0.0218,96.0603,-0.0291,0.8473,0.0,2400.0,0.0,6.4
146.5,2026-05-06T03:20:38.739339+00:00,74.0248,0.0804,96.0463,-0.0223,0.8473,0.0,2400.0,0.0,6.4
147.0,2026-05-06T03:20:39.239375+00:00,74.1,0.1255,96.1513,-0.0172,0.8473,0.0,2400.0,0.0,6.4
147.5,2026-05-06T03:20:39.745293+00:00,74.2851,0.1601,96.232,0.0331,0.8473,0.0,2400.0,0.0,6.4
148.0,2026-05-06T03:20:40.239278+00:00,74.0456,0.0594,96.0626,-0.0131,0.8473,0.0,2400.0,0.0,6.4
148.5,2026-05-06T03:20:40.739381+00:00,74.116,0.0456,96.0481,-0.0101,0.8473,0.0,2400.0,0.0,6.4
149.0,2026-05-06T03:20:41.239379+00:00,74.1702,0.0351,95.8056,-0.0849,0.8473,0.0,2400.0,0.0,6.4
149.5,2026-05-06T03:20:41.739299+00:00,74.3391,0.027,95.7349,-0.1038,0.8473,0.0,2400.0,0.0,6.4
150.0,2026-05-06T03:20:42.243666+00:00,74.3416,0.148,95.7962,-0.1184,0.8473,0.0,2400.0,0.0,6.3488
150.5,2026-05-06T03:20:42.739471+00:00,74.2163,0.0501,95.9591,-0.091,0.8473,0.0,2400.0,0.0,6.375
151.0,2026-05-06T03:20:43.239458+00:00,74.3745,0.1022,96.0611,-0.0005,0.8473,0.0,2400.0,0.0,6.3878
151.5,2026-05-06T03:20:43.739314+00:00,74.3688,0.0149,96.047,-0.0004,0.8473,0.0,2400.0,0.0,6.394
152.001224,2026-05-06T03:20:44.240622+00:00,74.4917,0.0751,95.9204,0.0383,0.8473,0.0,2400.0,0.0,6.3971
152.5,2026-05-06T03:20:44.743028+00:00,74.5862,0.185,95.8231,0.0294,0.8473,0.0,2400.0,0.0,6.3986
153.0,2026-05-06T03:20:45.239421+00:00,74.5315,0.0785,95.864,0.0226,0.8473,0.0,2400.0,0.0,6.3993
153.5,2026-05-06T03:20:45.739328+00:00,74.4895,0.0604,96.0112,0.0174,0.8473,0.0,2400.0,0.0,6.3997
154.0,2026-05-06T03:20:46.239367+00:00,74.4572,-0.0172,96.1243,0.0211,0.8473,0.0,2400.0,0.0,6.3998
154.5,2026-05-06T03:20:46.739389+00:00,74.8142,0.114,96.2112,0.0548,0.8473,0.0,2400.0,0.0,6.3999
155.0,2026-05-06T03:20:47.243390+00:00,74.5795,0.024,96.2781,0.1192,0.8473,0.0,2400.0,0.0,6.4
155.5,2026-05-06T03:20:47.739354+00:00,74.6537,0.0821,96.3294,0.1688,0.8473,0.0,2400.0,0.0,6.4
156.0,2026-05-06T03:20:48.239323+00:00,74.5834,0.0631,96.3689,0.1683,0.8473,0.0,2400.0,0.0,6.4
156.5,2026-05-06T03:20:48.739894+00:00,74.6567,-0.0788,96.2835,0.0908,0.8473,0.0,2400.0,0.0,6.4
157.0,2026-05-06T03:20:49.239424+00:00,74.713,0.0667,96.1948,0.0235,0.8473,0.0,2400.0,0.0,6.4
157.5,2026-05-06T03:20:49.747914+00:00,74.7563,0.0513,96.1497,-0.0205,0.8473,0.0,2400.0,0.0,6.4
158.0,2026-05-06T03:20:50.239338+00:00,74.7895,0.103,96.1151,-0.0543,0.8473,0.0,2400.0,0.0,6.3488
158.5,2026-05-06T03:20:50.739310+00:00,74.8151,0.0792,96.2041,-0.0418,0.8473,0.0,2400.0,0.0,6.3238
159.0,2026-05-06T03:20:51.239317+00:00,74.962,0.1245,96.1569,-0.0707,0.8473,0.0,2400.0,0.0,6.3116
159.5,2026-05-06T03:20:51.739510+00:00,74.9477,0.0957,96.2363,-0.0157,0.8473,0.0,2400.0,0.0,6.3057
160.0,2026-05-06T03:20:52.246682+00:00,74.9366,0.0736,96.2973,0.0342,0.8473,0.0,2400.0,0.0,6.3028
160.5,2026-05-06T03:20:52.739339+00:00,74.9282,0.0565,96.2285,0.0263,0.8473,0.0,2400.0,0.0,6.3526
161.0,2026-05-06T03:20:53.239364+00:00,74.9216,-0.0202,96.1756,0.0202,0.8473,0.0,2400.0,0.0,6.3256
161.5,2026-05-06T03:20:53.739304+00:00,75.0439,0.0481,96.2507,0.0155,0.8473,0.0,2400.0,0.0,6.3125
162.0,2026-05-06T03:20:54.241100+00:00,75.0106,0.037,96.1927,0.0119,0.8473,0.0,2400.0,0.0,6.3061
162.5,2026-05-06T03:20:54.746536+00:00,74.8577,-0.0352,96.2638,0.0092,0.8473,0.0,2400.0,0.0,6.303
163.0,2026-05-06T03:20:55.240017+00:00,74.9948,0.0366,96.3185,0.007,0.8473,0.0,2400.0,0.0,6.3015
163.5,2026-05-06T03:20:55.739324+00:00,74.9729,-0.0355,96.2448,0.0054,0.8473,0.0,2400.0,0.0,6.3007
164.0,2026-05-06T03:20:56.239327+00:00,75.0833,0.0363,96.3038,0.0427,0.8473,0.0,2400.0,0.0,6.3003
164.5,2026-05-06T03:20:56.739322+00:00,75.1681,0.1552,96.3492,0.0328,0.8473,0.0,2400.0,0.0,6.3002
165.0,2026-05-06T03:20:57.244089+00:00,75.3606,0.1829,96.2684,0.0252,0.8473,0.0,2400.0,0.0,6.3001
165.5,2026-05-06T03:20:57.739373+00:00,74.9995,0.0133,96.4377,0.058,0.8473,0.0,2045.94,-354.06,6.3
166.0,2026-05-06T03:20:58.239375+00:00,74.7219,-0.1807,96.4521,0.0446,0.8473,0.0,1900.8108,-499.1892,6.3
166.5,2026-05-06T03:20:58.739412+00:00,74.3813,-0.3934,96.6946,0.1499,0.8473,0.0,1841.3223,-204.6177,6.3
167.0,2026-05-06T03:20:59.239386+00:00,73.9923,-0.6842,96.6496,0.1152,0.8473,0.0,1816.938,-83.8728,6.3
167.5,2026-05-06T03:20:59.747882+00:00,73.6932,-0.6531,96.7307,0.1271,0.7986,-0.0487,1806.9429,-34.3795,6.3
168.0,2026-05-06T03:21:00.239370+00:00,73.4634,-0.6293,96.793,0.1749,0.7787,-0.0686,1802.8459,-14.0921,6.3
168.5,2026-05-06T03:21:00.739375+00:00,73.1595,-0.6109,96.8409,0.1344,0.7705,-0.0281,1801.1665,-5.7764,6.3
169.0,2026-05-06T03:21:01.239406+00:00,72.9259,-0.5332,96.8777,0.1419,0.7671,-0.0115,1800.4782,-2.3677,6.3
169.5,2026-05-06T03:21:01.739411+00:00,72.7463,-0.4734,97.0217,0.109,0.7658,-0.0047,1800.196,-0.9705,6.3
170.0,2026-05-06T03:21:02.244113+00:00,72.4811,-0.4912,97.0167,0.1224,0.7652,-0.0019,1800.0803,-0.3978,6.3
170.5,2026-05-06T03:21:02.739892+00:00,72.5317,-0.3139,97.0128,0.0941,0.765,-0.0008,1800.0329,-0.1631,6.3
171.0,2026-05-06T03:21:03.239359+00:00,72.4434,-0.2412,97.0099,0.0723,0.7649,-0.0003,1800.0135,-0.0668,6.3
171.5,2026-05-06T03:21:03.739359+00:00,72.2482,-0.2491,97.0076,0.0556,0.7648,-0.0001,1800.0055,-0.0274,6.3
172.0,2026-05-06T03:21:04.239397+00:00,72.3528,-0.0642,96.8901,0.0041,0.7648,-0.0001,1800.0023,-0.0112,6.3
172.5,2026-05-06T03:21:04.746494+00:00,72.4331,-0.0493,96.7998,-0.074,0.7648,-0.0,1800.0009,-0.0046,6.3
173.0,2026-05-06T03:21:05.239472+00:00,72.2403,-0.1015,96.9619,-0.0183,0.7648,-0.0,1800.0004,-0.0019,6.3
173.5,2026-05-06T03:21:05.739358+00:00,72.2194,-0.0144,96.9707,-0.014,0.7648,-0.0,1800.0002,-0.0008,6.3
174.0,2026-05-06T03:21:06.239519+00:00,72.2034,-0.0747,96.9775,-0.0108,0.7648,-0.0,1800.0001,-0.0003,6.3
174.5,2026-05-06T03:21:06.739411+00:00,71.9365,-0.2483,96.867,-0.0469,0.7648,-0.0,1800.0,-0.0001,6.3
175.0,2026-05-06T03:21:07.245566+00:00,71.8586,-0.1909,96.8978,0.0025,0.7648,-0.0,1800.0,-0.0001,6.3
175.5,2026-05-06T03:21:07.739888+00:00,71.926,-0.1467,96.69,-0.0366,0.7648,-0.0,1800.0,-0.0,6.3
176.0,2026-05-06T03:21:08.239471+00:00,71.9779,-0.1128,96.7618,-0.0667,0.7648,-0.0,1800.0,-0.0,6.3
176.5,2026-05-06T03:21:08.739374+00:00,71.7632,-0.0867,96.5855,-0.1284,0.7648,-0.0,1800.0,-0.0,6.3
177.0,2026-05-06T03:21:09.240173+00:00,71.5981,-0.1302,96.7971,-0.0601,0.7648,-0.0,1800.0,-0.0,6.3
177.5,2026-05-06T03:21:09.746814+00:00,71.7258,-0.1001,96.7284,-0.0462,0.7648,-0.0,1800.0,-0.0,6.3
178.0,2026-05-06T03:21:10.239406+00:00,71.824,-0.0769,96.9069,0.003,0.7648,-0.0,1800.0,-0.0,6.3
178.5,2026-05-06T03:21:10.739968+00:00,71.7722,0.0045,96.8128,0.0409,0.7648,-0.0,1800.0,-0.0,6.3
179.0,2026-05-06T03:21:11.239482+00:00,71.8596,0.1307,96.7404,-0.0071,0.7648,-0.0,1800.0,-0.0,6.3
179.5,2026-05-06T03:21:11.739396+00:00,71.7995,0.0368,96.4534,-0.044,0.7648,-0.0,1800.0,-0.0,6.3
180.0,2026-05-06T03:21:12.247758+00:00,71.8806,0.0283,96.5799,-0.0724,0.7648,-0.0,1800.0,-0.0,6.3
180.5,2026-05-06T03:21:12.739375+00:00,71.8157,0.0218,96.4457,-0.0942,0.7648,-0.0,1800.0,-0.0,6.3
181.0,2026-05-06T03:21:13.239389+00:00,71.893,0.0167,96.6896,-0.0724,0.7648,-0.0,1800.0,-0.0,6.3
181.5,2026-05-06T03:21:13.739383+00:00,71.8252,0.0129,96.2987,-0.1714,0.7648,-0.0,1800.0,-0.0,6.3
182.0,2026-05-06T03:21:14.239394+00:00,71.6458,-0.1174,96.2296,-0.1703,0.7648,-0.0,1800.0,-0.0,6.3
182.5,2026-05-06T03:21:14.744006+00:00,71.7625,-0.0266,96.269,-0.0615,0.7648,-0.0,1800.0,-0.0,6.3
183.0,2026-05-06T03:21:15.239373+00:00,71.8522,-0.0204,96.2993,-0.0935,0.7648,-0.0,1800.0,-0.0,6.3
183.5,2026-05-06T03:21:15.739486+00:00,71.9211,0.0479,96.23,-0.0719,0.7648,-0.0,1800.0,-0.0,6.3
184.0,2026-05-06T03:21:16.239390+00:00,71.8468,0.1005,96.1768,-0.1709,0.7648,-0.0,1800.0,-0.0,6.3
184.5,2026-05-06T03:21:16.739383+00:00,71.7897,0.0136,96.2516,-0.0157,0.7648,-0.0,1800.0,-0.0,6.3
185.0,2026-05-06T03:21:17.245600+00:00,71.8731,0.0104,96.4248,0.0651,0.7648,-0.0,1800.0,-0.0,6.3
185.5,2026-05-06T03:21:17.739400+00:00,71.9371,0.008,96.5579,0.0963,0.7648,-0.0,1800.0,-0.0,6.3
186.0,2026-05-06T03:21:18.239404+00:00,71.9864,0.0698,96.4288,0.0432,0.7648,-0.0,1800.0,0.0,6.3
186.5,2026-05-06T03:21:18.739393+00:00,71.897,0.0537,96.6767,0.1489,0.7648,-0.0,1800.0,0.0,6.3
187.0,2026-05-06T03:21:19.239416+00:00,71.701,-0.086,96.6358,0.153,0.7648,-0.0,1800.0,0.0,6.3
187.5,2026-05-06T03:21:19.751620+00:00,71.8049,-0.0661,96.8358,0.1947,0.7648,0.0,1800.0,0.0,6.3
188.0,2026-05-06T03:21:20.241353+00:00,71.8848,-0.0508,96.7581,0.1111,0.7648,0.0,1800.0,0.0,6.3
188.5,2026-05-06T03:21:20.739391+00:00,71.6916,-0.1027,96.8141,0.0854,0.7648,0.0,1800.0,0.0,6.3
189.0,2026-05-06T03:21:21.239360+00:00,71.6704,-0.0153,96.7414,0.1042,0.7648,0.0,1800.0,0.0,6.3
189.5,2026-05-06T03:21:21.739383+00:00,71.7814,-0.0118,96.8012,0.0415,0.7648,0.0,1800.0,0.0,6.3
190.0,2026-05-06T03:21:22.248430+00:00,71.7394,-0.0727,96.8472,0.0705,0.7648,0.0,1800.0,0.0,6.3
190.5,2026-05-06T03:21:22.739926+00:00,71.7071,0.0078,96.8826,0.0156,0.7648,0.0,1800.0,0.0,6.3512
191.0,2026-05-06T03:21:23.239437+00:00,71.9369,0.1332,96.9097,0.0506,0.7648,0.0,1800.0,0.0,6.325
191.5,2026-05-06T03:21:23.739388+00:00,72.1135,0.166,96.6992,-0.0383,0.7648,0.0,1800.0,0.0,6.3122
192.0,2026-05-06T03:21:24.239371+00:00,72.1219,0.1913,96.7688,0.0091,0.7648,0.0,1800.0,0.0,6.306
192.5,2026-05-06T03:21:24.744370+00:00,72.1284,0.2106,96.7066,-0.0315,0.7648,0.0,1800.0,0.0,6.3029
193.0,2026-05-06T03:21:25.240423+00:00,72.0061,0.0346,96.7745,-0.0242,0.7648,0.0,1800.0,0.0,6.3526
193.5,2026-05-06T03:21:25.739787+00:00,72.0394,-0.037,96.8267,-0.0186,0.7648,0.0,1800.0,0.0,6.3769
194.0,2026-05-06T03:21:26.240140+00:00,72.065,-0.0285,96.8668,-0.0143,0.7648,0.0,1800.0,0.0,6.3887
194.5,2026-05-06T03:21:26.739415+00:00,71.9574,-0.0855,96.7819,0.0276,0.7648,0.0,1800.0,0.0,6.3945
195.0,2026-05-06T03:21:27.244687+00:00,72.002,-0.0021,96.601,-0.0559,0.7648,0.0,1800.0,0.0,6.3461
195.5,2026-05-06T03:21:27.739407+00:00,72.1635,0.062,96.4619,-0.0816,0.7648,0.0,1800.0,0.0,6.3737
196.0,2026-05-06T03:21:28.239376+00:00,71.9058,-0.0796,96.5864,-0.0627,0.7648,0.0,1800.0,0.0,6.336
196.5,2026-05-06T03:21:28.739414+00:00,71.8351,-0.0612,96.4507,-0.1253,0.7648,0.0,1800.0,0.0,6.3176
197.0,2026-05-06T03:21:29.239386+00:00,71.7807,-0.1107,96.5778,-0.0963,0.7648,0.0,1800.0,0.0,6.3086
197.5,2026-05-06T03:21:29.745466+00:00,71.8661,-0.1487,96.5598,-0.074,0.7648,0.0,1800.0,0.0,6.3042
198.0,2026-05-06T03:21:30.239376+00:00,71.9318,0.013,96.6617,0.0202,0.7648,0.0,1800.0,0.0,6.302
198.5,2026-05-06T03:21:30.739468+00:00,71.9823,0.0736,96.74,0.0927,0.7648,0.0,1800.0,0.0,6.301
199.0,2026-05-06T03:21:31.239370+00:00,72.1484,0.1839,96.9158,0.1098,0.7648,0.0,1800.0,0.0,6.3005
199.5,2026-05-06T03:21:31.739452+00:00,72.1488,0.1413,96.8196,0.123,0.7648,0.0,1800.0,0.0,6.3002
200.0,2026-05-06T03:21:32.247915+00:00,72.2763,0.1722,96.8614,0.0945,0.7648,0.0,1800.0,0.0,6.3001
200.5,2026-05-06T03:21:32.739718+00:00,72.1198,0.0688,96.7777,0.0726,0.7648,0.0,1800.0,0.0,6.3001
201.0,2026-05-06T03:21:33.239386+00:00,72.2541,0.0528,96.9449,0.0944,0.7648,0.0,1800.0,0.0,6.3
201.5,2026-05-06T03:21:33.739399+00:00,72.23,0.0406,96.7262,-0.0046,0.7648,0.0,1800.0,0.0,6.3
202.0,2026-05-06T03:21:34.239387+00:00,72.2115,-0.0324,96.9053,-0.0035,0.7648,0.0,1800.0,0.0,6.3
202.5,2026-05-06T03:21:34.744811+00:00,72.1973,0.0387,96.9041,0.0281,0.7648,0.0,1800.0,0.0,6.3
203.0,2026-05-06T03:21:35.239391+00:00,71.9318,-0.1611,96.8106,-0.0169,0.7648,0.0,1800.0,0.0,6.3
203.5,2026-05-06T03:21:35.739387+00:00,71.855,-0.1875,96.8313,0.0178,0.7648,0.0,1800.0,0.0,6.3
204.0,2026-05-06T03:21:36.239686+00:00,71.9233,-0.1441,96.7546,-0.0634,0.7648,0.0,1800.0,0.0,6.3
204.5,2026-05-06T03:21:36.739366+00:00,71.9757,-0.1108,96.8114,0.0284,0.7648,0.0,1800.0,0.0,6.3
205.0,2026-05-06T03:21:37.245632+00:00,71.8888,-0.0215,96.855,-0.0167,0.7648,0.0,1800.0,0.0,6.3
205.5,2026-05-06T03:21:37.740426+00:00,72.0765,0.1107,96.8886,-0.0052,0.7648,0.0,1800.0,0.0,6.3
206.0,2026-05-06T03:21:38.239367+00:00,72.0935,0.0851,96.7987,-0.004,0.7648,0.0,1800.0,0.0,6.3512
206.5,2026-05-06T03:21:38.739501+00:00,71.9793,0.0018,96.6139,-0.0725,0.7648,0.0,1800.0,0.0,6.3762
207.0,2026-05-06T03:21:39.240935+00:00,71.8915,0.0014,96.4487,-0.102,0.7648,0.0,1800.0,0.0,6.3884
207.5,2026-05-06T03:21:39.749948+00:00,71.8241,-0.1262,96.5762,-0.0784,0.7648,0.0,1800.0,0.0,6.3431
208.0,2026-05-06T03:21:40.241723+00:00,71.8995,-0.097,96.4429,-0.1374,0.7648,0.0,1800.0,0.0,6.321
208.5,2026-05-06T03:21:40.739443+00:00,71.9575,-0.0109,96.5718,-0.1056,0.7648,0.0,1800.0,0.0,6.3103
209.0,2026-05-06T03:21:41.239359+00:00,71.8747,-0.0084,96.6709,-0.0426,0.7648,0.0,1800.0,0.0,6.305
209.5,2026-05-06T03:21:41.739374+00:00,71.9384,0.0572,96.8628,0.083,0.7648,0.0,1800.0,0.0,6.3024
210.0,2026-05-06T03:21:42.244961+00:00,71.8601,-0.0197,96.8945,0.1486,0.7648,0.0,1800.0,0.0,6.3012
210.5,2026-05-06T03:21:42.739338+00:00,72.0545,0.0485,97.0346,0.1528,0.7648,0.0,1800.0,0.0,6.3006
211.0,2026-05-06T03:21:43.239510+00:00,72.0766,0.1009,97.0266,0.1946,0.7648,0.0,1800.0,0.0,6.3003
211.5,2026-05-06T03:21:43.740081+00:00,71.839,-0.0497,97.0205,0.1495,0.7648,0.0,1800.0,0.0,6.3001
212.0,2026-05-06T03:21:44.239472+00:00,71.7837,-0.0382,97.0157,0.1149,0.7648,0.0,1800.0,0.0,6.3001
212.5,2026-05-06T03:21:44.745901+00:00,71.9957,-0.0294,97.0121,0.0498,0.7648,0.0,1800.0,0.0,6.3
213.0,2026-05-06T03:21:45.239681+00:00,72.1587,0.0411,97.125,0.0768,0.7648,0.0,1800.0,0.0,6.3512
213.5,2026-05-06T03:21:45.739469+00:00,72.284,0.2225,96.9804,-0.0181,0.7648,0.0,1800.0,0.0,6.325
214.0,2026-05-06T03:21:46.239371+00:00,72.3802,0.2983,96.9849,-0.0139,0.7648,0.0,1800.0,0.0,6.3122
214.5,2026-05-06T03:21:46.739389+00:00,72.1997,0.102,96.9884,-0.0107,0.7648,0.0,1800.0,0.0,6.306
215.0,2026-05-06T03:21:47.244670+00:00,72.3155,0.0784,96.9911,-0.0082,0.7648,0.0,1800.0,0.0,6.3029
215.5,2026-05-06T03:21:47.739867+00:00,72.4044,0.0602,96.9931,-0.0063,0.7648,0.0,1800.0,0.0,6.3014
216.0,2026-05-06T03:21:48.239510+00:00,72.3456,-0.0173,96.879,-0.082,0.7648,0.0,1800.0,0.0,6.3007
216.5,2026-05-06T03:21:48.739440+00:00,72.173,-0.0133,96.907,-0.0244,0.7648,0.0,1800.0,0.0,6.3003
217.0,2026-05-06T03:21:49.240205+00:00,72.1677,-0.0739,96.8128,-0.0574,0.7648,0.0,1800.0,0.0,6.3002
217.5,2026-05-06T03:21:49.745613+00:00,72.1636,-0.1204,96.8561,-0.0441,0.7648,0.0,1800.0,0.0,6.3001
218.0,2026-05-06T03:21:50.239458+00:00,72.1605,-0.0926,96.7737,-0.0724,0.7648,0.0,1800.0,0.0,6.3
218.5,2026-05-06T03:21:50.739442+00:00,72.4126,0.1198,96.5716,-0.1405,0.7648,0.0,1800.0,0.0,6.3
219.0,2026-05-06T03:21:51.239433+00:00,72.4791,0.1557,96.6707,-0.0694,0.7648,0.0,1800.0,0.0,6.3
219.5,2026-05-06T03:21:51.739524+00:00,72.4029,0.1197,96.5155,-0.1305,0.7648,0.0,1800.0,0.0,6.3
220.0,2026-05-06T03:21:52.247408+00:00,72.4717,0.1556,96.2805,-0.1774,0.7648,0.0,1800.0,0.0,6.3
220.5,2026-05-06T03:21:52.739889+00:00,72.5245,0.056,96.2387,-0.2058,0.7648,0.0,1800.0,0.0,6.3
221.0,2026-05-06T03:21:53.239440+00:00,72.4378,-0.0206,96.1835,-0.1967,0.7648,0.0,1800.0,0.0,6.3
221.5,2026-05-06T03:21:53.739434+00:00,72.3712,-0.0158,96.2567,-0.1049,0.7648,0.0,1800.0,0.0,6.3
222.0,2026-05-06T03:21:54.239407+00:00,72.32,-0.0758,96.1973,-0.1578,0.7648,0.0,1800.0,0.0,6.3
222.5,2026-05-06T03:21:54.745437+00:00,72.2807,-0.1219,96.2674,-0.0827,0.7648,0.0,1800.0,0.0,6.3
223.0,2026-05-06T03:21:55.239347+00:00,72.3777,-0.0301,96.3212,0.0136,0.7648,0.0,1800.0,0.0,6.2488
223.5,2026-05-06T03:21:55.739364+00:00,72.4523,0.0405,96.3626,0.0413,0.7648,0.0,1800.0,0.0,6.2238
224.0,2026-05-06T03:21:56.239360+00:00,72.3823,0.0312,96.3944,0.0703,0.7648,0.0,1800.0,0.0,6.2116
224.5,2026-05-06T03:21:56.739758+00:00,72.2013,-0.0397,96.4188,0.054,0.7648,0.0,1800.0,0.0,6.2057
225.0,2026-05-06T03:21:57.246125+00:00,72.0622,-0.1578,96.3219,0.0415,0.7648,0.0,1800.0,0.0,6.2028
225.5,2026-05-06T03:21:57.739373+00:00,72.0825,-0.1849,96.4788,0.0705,0.7648,0.0,1800.0,0.0,6.2526
226.0,2026-05-06T03:21:58.239366+00:00,72.2254,-0.0785,96.2523,-0.023,0.7648,0.0,1800.0,0.0,6.2768
226.5,2026-05-06T03:21:58.740521+00:00,72.2079,0.0033,96.3096,-0.0176,0.7648,0.0,1800.0,0.0,6.2887
227.0,2026-05-06T03:21:59.239390+00:00,72.0673,0.0025,96.238,-0.0521,0.7648,0.0,1800.0,0.0,6.2945
227.5,2026-05-06T03:21:59.744416+00:00,71.9591,-0.0617,96.4143,-0.0015,0.7648,0.0,1800.0,0.0,6.2973
228.0,2026-05-06T03:22:00.239470+00:00,72.1306,-0.0474,96.5498,0.076,0.7648,0.0,1800.0,0.0,6.2987
228.5,2026-05-06T03:22:00.739390+00:00,72.0078,-0.1001,96.4226,-0.0187,0.7648,0.0,1800.0,0.0,6.2994
229.0,2026-05-06T03:22:01.240314+00:00,72.168,0.0504,96.4405,0.0627,0.7648,0.0,1800.0,0.0,6.2997
229.5,2026-05-06T03:22:01.739696+00:00,72.2911,0.166,96.4543,0.0482,0.7648,0.0,1800.0,0.0,6.2998
230.0,2026-05-06T03:22:02.247956+00:00,72.2584,0.0639,96.3492,0.0371,0.7648,0.0,1800.0,0.0,6.2999
230.5,2026-05-06T03:22:02.739405+00:00,72.2333,0.1128,96.3841,-0.0101,0.7648,0.0,1800.0,0.0,6.3
231.0,2026-05-06T03:22:03.239368+00:00,72.2141,0.023,96.4109,-0.0463,0.7648,0.0,1800.0,0.0,6.3
231.5,2026-05-06T03:22:03.739346+00:00,72.3265,0.0177,96.4315,0.003,0.7648,0.0,1800.0,0.0,6.3
232.0,2026-05-06T03:22:04.239373+00:00,72.4129,0.0772,96.4474,0.0023,0.7648,0.0,1800.0,0.0,6.3
232.5,2026-05-06T03:22:04.744616+00:00,72.4794,0.123,96.5752,0.0403,0.7648,0.0,1800.0,0.0,6.3
233.0,2026-05-06T03:22:05.240213+00:00,72.4031,0.0945,96.7892,0.1467,0.7648,0.0,1800.0,0.0,6.3
233.5,2026-05-06T03:22:05.739373+00:00,72.4718,0.0727,96.838,0.1513,0.7648,0.0,1800.0,0.0,6.3
234.0,2026-05-06T03:22:06.239367+00:00,72.3974,-0.0078,96.7598,0.1163,0.7648,0.0,1800.0,0.0,6.3
234.5,2026-05-06T03:22:06.739405+00:00,72.3401,-0.0696,96.8154,0.128,0.7648,0.0,1800.0,0.0,6.2488
235.0,2026-05-06T03:22:07.245139+00:00,72.4234,0.0101,96.8581,0.1369,0.7648,0.0,1800.0,0.0,6.2238
235.5,2026-05-06T03:22:07.739434+00:00,72.3601,-0.0559,96.8909,0.1052,0.7648,0.0,1800.0,0.0,6.2628
236.0,2026-05-06T03:22:08.239436+00:00,72.566,0.0843,96.9162,0.0423,0.7648,0.0,1800.0,0.0,6.2819
236.5,2026-05-06T03:22:08.743658+00:00,72.4698,0.0648,96.7042,-0.0446,0.7648,0.0,1800.0,0.0,6.2911
237.0,2026-05-06T03:22:09.239366+00:00,72.3958,-0.0138,96.5412,-0.0729,0.7648,0.0,1800.0,0.0,6.2957
237.5,2026-05-06T03:22:09.746265+00:00,72.3389,-0.0106,96.5085,-0.1023,0.7648,0.0,1800.0,0.0,6.2979
238.0,2026-05-06T03:22:10.239396+00:00,72.1679,-0.1991,96.6223,-0.0786,0.7648,0.0,1800.0,0.0,6.299
238.5,2026-05-06T03:22:10.739380+00:00,72.291,-0.0894,96.8254,-0.0219,0.7648,0.0,1800.0,0.0,6.2995
239.0,2026-05-06T03:22:11.239810+00:00,72.3857,-0.0051,96.9815,0.0218,0.7648,0.0,1800.0,0.0,6.2998
239.5,2026-05-06T03:22:11.739416+00:00,72.4584,0.0598,96.9858,0.0939,0.7648,0.0,1800.0,0.0,6.2999
240.0,2026-05-06T03:22:12.246397+00:00,72.2598,0.0459,96.9891,0.1493,0.7648,0.0,1800.0,0.0,6.2999
240.5,2026-05-06T03:22:12.739378+00:00,72.3616,0.0353,96.9916,0.161,0.7648,0.0,1800.0,0.0,6.3
241.0,2026-05-06T03:22:13.239391+00:00,72.4399,0.0271,97.1092,0.1623,0.7648,0.0,1800.0,0.0,6.3
241.5,2026-05-06T03:22:13.739860+00:00,72.5001,0.0209,97.084,0.0862,0.7648,0.0,1800.0,0.0,6.3
242.0,2026-05-06T03:22:14.240376+00:00,72.5464,0.1433,96.9488,-0.0109,0.7648,0.0,1800.0,0.0,6.3
242.5,2026-05-06T03:22:14.746473+00:00,72.4547,0.0465,96.9607,-0.0084,0.7648,0.0,1800.0,0.0,6.3
243.0,2026-05-06T03:22:15.239389+00:00,72.3842,-0.0279,96.7384,-0.0836,0.7648,0.0,1800.0,0.0,6.3
243.5,2026-05-06T03:22:15.739371+00:00,72.4572,-0.0214,96.6832,-0.1028,0.7648,0.0,1800.0,0.0,6.3
244.0,2026-05-06T03:22:16.239374+00:00,72.3861,-0.0801,96.6408,-0.1561,0.7648,0.0,1800.0,0.0,6.3
244.5,2026-05-06T03:22:16.739372+00:00,72.586,0.0657,96.6082,-0.1586,0.7648,0.0,1800.0,0.0,6.3
245.0,2026-05-06T03:22:17.247372+00:00,72.6124,0.1141,96.6989,-0.0833,0.7648,0.0,1800.0,0.0,6.3
245.5,2026-05-06T03:22:17.739833+00:00,72.6327,0.0877,96.6529,-0.1026,0.7648,0.0,1800.0,0.0,6.3
246.0,2026-05-06T03:22:18.239372+00:00,72.6483,0.1311,96.7332,-0.0017,0.7648,0.0,1800.0,0.0,6.3
246.5,2026-05-06T03:22:18.739485+00:00,72.6602,0.0371,96.9106,0.0758,0.7648,0.0,1800.0,0.0,6.3
247.0,2026-05-06T03:22:19.239443+00:00,72.5422,-0.0351,97.047,0.1354,0.7648,0.0,1800.0,0.0,6.3
247.5,2026-05-06T03:22:19.746611+00:00,72.4514,-0.0906,97.0361,0.1426,0.7648,0.0,1800.0,0.0,6.3
248.0,2026-05-06T03:22:20.239373+00:00,72.6362,-0.006,96.7964,0.0325,0.7648,0.0,1800.0,0.0,6.3
248.5,2026-05-06T03:22:20.739381+00:00,72.651,-0.0046,96.7278,0.025,0.7648,0.0,1800.0,0.0,6.3
249.0,2026-05-06T03:22:21.239393+00:00,72.535,-0.0036,96.6751,-0.0194,0.7648,0.0,1800.0,0.0,6.3
249.5,2026-05-06T03:22:21.739405+00:00,72.5732,0.0609,96.6346,-0.092,0.7648,0.0,1800.0,0.0,6.3
250.0,2026-05-06T03:22:22.245630+00:00,72.4753,-0.0805,96.6034,-0.1479,0.7648,0.0,1800.0,0.0,6.3
250.5,2026-05-06T03:22:22.739371+00:00,72.4,-0.1255,96.6952,-0.1136,0.7648,0.0,1800.0,0.0,6.3
251.0,2026-05-06T03:22:23.239389+00:00,72.5967,0.0308,96.7657,-0.0102,0.7648,0.0,1800.0,0.0,6.3
251.5,2026-05-06T03:22:23.739625+00:00,72.4933,-0.0399,96.9356,0.0693,0.7648,0.0,1800.0,0.0,6.3
252.0,2026-05-06T03:22:24.239498+00:00,72.5412,0.0329,97.0662,0.1304,0.7648,0.0,1800.0,0.0,6.3
252.5,2026-05-06T03:22:24.745244+00:00,72.5779,0.0889,97.0509,0.1388,0.7648,0.0,1800.0,0.0,6.3
253.0,2026-05-06T03:22:25.239386+00:00,72.6062,0.0047,96.9234,0.1067,0.7648,0.0,1800.0,0.0,6.3
253.5,2026-05-06T03:22:25.739435+00:00,72.5006,0.0036,96.7097,0.0049,0.7648,0.0,1800.0,0.0,6.3
254.0,2026-05-06T03:22:26.239497+00:00,72.5467,0.0028,96.8926,0.0423,0.7648,0.0,1800.0,0.0,6.3
254.5,2026-05-06T03:22:26.740010+00:00,72.5822,0.0021,96.9175,-0.0061,0.7648,0.0,1800.0,0.0,6.3
255.000129,2026-05-06T03:22:27.247248+00:00,72.7367,0.0653,96.5895,-0.1589,0.7648,0.0,1800.0,0.0,6.3
255.5,2026-05-06T03:22:27.739681+00:00,72.7282,0.1138,96.4531,-0.1993,0.7648,0.0,1800.0,0.0,6.3
256.0,2026-05-06T03:22:28.239460+00:00,72.7217,0.0875,96.4639,-0.1532,0.7648,0.0,1800.0,0.0,6.3
256.5,2026-05-06T03:22:28.739384+00:00,72.844,0.1309,96.3566,-0.1177,0.7648,0.0,1800.0,0.0,6.3
257.0,2026-05-06T03:22:29.239354+00:00,72.8106,0.037,96.3898,-0.1676,0.7648,0.0,1800.0,0.0,6.3
257.5,2026-05-06T03:22:29.745256+00:00,72.6578,-0.0352,96.4153,-0.1674,0.7648,0.0,1800.0,0.0,6.3
258.0,2026-05-06T03:22:30.239389+00:00,72.6675,-0.0271,96.5506,-0.013,0.7648,0.0,1800.0,0.0,6.3
258.5,2026-05-06T03:22:30.739370+00:00,72.6751,-0.0844,96.5389,0.0286,0.7648,0.0,1800.0,0.0,6.3
259.0,2026-05-06T03:22:31.239757+00:00,72.6808,-0.0649,96.6456,0.0606,0.7648,0.0,1800.0,0.0,6.3
259.5,2026-05-06T03:22:31.739462+00:00,72.6853,0.0137,96.6119,0.0851,0.7648,0.0,1800.0,0.0,6.3
260.0,2026-05-06T03:22:32.244044+00:00,72.4341,-0.1167,96.7017,0.104,0.7648,0.0,1800.0,0.0,6.3
260.5,2026-05-06T03:22:32.741578+00:00,72.4957,-0.0897,96.7707,0.1185,0.7648,0.0,1800.0,0.0,6.3
261.0,2026-05-06T03:22:33.239487+00:00,72.4157,-0.1326,96.9395,0.1296,0.7648,0.0,1800.0,0.0,6.3
261.5,2026-05-06T03:22:33.739778+00:00,72.3542,-0.1655,96.9535,0.1382,0.7648,0.0,1800.0,0.0,6.3
262.0,2026-05-06T03:22:34.239955+00:00,72.5615,0.0637,96.9642,0.1062,0.7648,0.0,1800.0,0.0,6.3
262.5,2026-05-06T03:22:34.748944+00:00,72.7208,0.1126,96.8568,0.0816,0.7648,0.0,1800.0,0.0,6.3
263.0,2026-05-06T03:22:35.239365+00:00,72.716,0.1502,96.89,0.0628,0.7648,0.0,1800.0,0.0,6.3
263.5,2026-05-06T03:22:35.739357+00:00,72.585,0.1154,96.9154,0.0482,0.7648,0.0,1800.0,0.0,6.3
264.0,2026-05-06T03:22:36.239365+00:00,72.4844,-0.0386,96.935,-0.0015,0.7648,0.0,1800.0,0.0,6.3
264.5,2026-05-06T03:22:36.739391+00:00,72.5343,-0.0933,96.8343,-0.0397,0.7648,0.0,1800.0,0.0,6.3
265.0,2026-05-06T03:22:37.243844+00:00,72.6999,-0.0081,96.8727,-0.0305,0.7648,0.0,1800.0,0.0,6.3
265.5,2026-05-06T03:22:37.739350+00:00,72.6999,0.0574,96.9021,0.0151,0.7648,0.0,1800.0,0.0,6.3
266.0,2026-05-06T03:22:38.239454+00:00,72.5727,0.0442,97.0405,0.0502,0.7648,0.0,1800.0,0.0,6.3
266.5,2026-05-06T03:22:38.739359+00:00,72.7294,0.0976,97.0311,0.0386,0.7648,0.0,1800.0,0.0,6.3
267.0,2026-05-06T03:22:39.239695+00:00,72.8499,0.075,97.1396,0.0682,0.7648,0.0,1800.0,0.0,6.3
267.5,2026-05-06T03:22:39.745805+00:00,72.6879,-0.006,97.1073,0.091,0.7648,0.0,1800.0,0.0,6.3
268.0,2026-05-06T03:22:40.239746+00:00,72.6907,0.059,96.9668,0.0314,0.7648,0.0,1800.0,0.0,6.3
268.5,2026-05-06T03:22:40.739431+00:00,72.6929,-0.0183,96.9745,0.0241,0.7648,0.0,1800.0,0.0,6.3
269.0,2026-05-06T03:22:41.239873+00:00,72.8218,-0.014,96.749,-0.0972,0.7648,0.0,1800.0,0.0,6.3
269.5,2026-05-06T03:22:41.739361+00:00,72.6663,-0.0108,96.6914,-0.1133,0.7648,0.0,1800.0,0.0,6.3
270.0,2026-05-06T03:22:42.244312+00:00,72.6741,-0.0083,96.6471,-0.1642,0.7648,0.0,1800.0,0.0,6.3
270.5,2026-05-06T03:22:42.739390+00:00,72.6801,-0.0064,96.613,-0.1648,0.7648,0.0,1800.0,0.0,6.3
271.0,2026-05-06T03:22:43.239390+00:00,72.9393,0.0587,96.448,-0.1729,0.7648,0.0,1800.0,0.0,6.3
271.5,2026-05-06T03:22:43.739386+00:00,73.0112,0.1724,96.3444,-0.21,0.7648,0.0,1800.0,0.0,6.3
272.0,2026-05-06T03:22:44.239438+00:00,73.0664,0.1962,96.4961,-0.0843,0.7648,0.0,1800.0,0.0,6.3
272.5,2026-05-06T03:22:44.744302+00:00,73.1089,0.2144,96.3813,-0.1034,0.7648,0.0,1800.0,0.0,6.3
273.0,2026-05-06T03:22:45.239360+00:00,73.1416,0.1012,96.4088,-0.0794,0.7648,0.0,1800.0,0.0,6.3
273.5,2026-05-06T03:22:45.739366+00:00,73.1666,0.0777,96.5456,-0.0225,0.7648,0.0,1800.0,0.0,6.3
274.0,2026-05-06T03:22:46.239482+00:00,72.9314,-0.0675,96.6507,0.0676,0.7648,0.0,1800.0,0.0,6.3
274.5,2026-05-06T03:22:46.740102+00:00,73.0051,-0.0519,96.5001,0.0519,0.7648,0.0,1800.0,0.0,6.3
275.0,2026-05-06T03:22:47.246053+00:00,73.0618,-0.0399,96.3844,-0.0372,0.7648,0.0,1800.0,0.0,6.3
275.5,2026-05-06T03:22:47.739386+00:00,72.9781,-0.0943,96.4112,0.01,0.7648,0.0,1800.0,0.0,6.3
276.0,2026-05-06T03:22:48.240669+00:00,72.7865,-0.0725,96.4317,0.0077,0.7648,0.0,1800.0,0.0,6.3
276.500001,2026-05-06T03:22:48.740863+00:00,72.7664,-0.1193,96.4475,-0.0327,0.7648,0.0,1800.0,0.0,6.3
277.0,2026-05-06T03:22:49.239465+00:00,72.8783,-0.0917,96.5754,-0.0251,0.7648,0.0,1800.0,0.0,6.3
277.5,2026-05-06T03:22:49.747439+00:00,72.8371,-0.0705,96.5579,0.0193,0.7648,0.0,1800.0,0.0,6.3
278.0,2026-05-06T03:22:50.239389+00:00,72.8054,0.0095,96.5445,0.0534,0.7648,0.0,1800.0,0.0,6.3
278.5,2026-05-06T03:22:50.739406+00:00,73.0355,0.1345,96.5342,0.041,0.7648,0.0,1800.0,0.0,6.3
279.0,2026-05-06T03:22:51.239359+00:00,72.9579,0.0398,96.5263,0.0315,0.7648,0.0,1800.0,0.0,6.3
279.5,2026-05-06T03:22:51.739376+00:00,73.0255,0.0942,96.5202,0.0242,0.7648,0.0,1800.0,0.0,6.3
280.0,2026-05-06T03:22:52.245093+00:00,72.9502,0.0724,96.5155,-0.0199,0.7648,0.0,1800.0,0.0,6.3
280.5,2026-05-06T03:22:52.739517+00:00,73.0195,-0.008,96.5119,-0.0153,0.7648,0.0,1800.0,0.0,6.3
281.0,2026-05-06T03:22:53.239716+00:00,73.0729,0.0575,96.3935,-0.0503,0.7648,0.0,1800.0,0.0,6.3
281.5,2026-05-06T03:22:53.739380+00:00,72.9866,-0.0194,96.5107,-0.0078,0.7648,0.0,1800.0,0.0,6.3
282.0,2026-05-06T03:22:54.241617+00:00,72.9203,-0.0149,96.3925,-0.0446,0.7648,0.0,1800.0,0.0,6.3
282.5,2026-05-06T03:22:54.746197+00:00,72.8693,-0.0751,96.4174,-0.0343,0.7648,0.0,1800.0,0.0,6.3
283.0,2026-05-06T03:22:55.239413+00:00,72.8301,-0.1214,96.3208,-0.0649,0.7648,0.0,1800.0,0.0,6.3
283.5,2026-05-06T03:22:55.740087+00:00,73.0546,0.034,96.2466,-0.0885,0.7648,0.0,1800.0,0.0,6.3
284.0,2026-05-06T03:22:56.239441+00:00,72.9725,0.0261,96.3052,-0.0294,0.7648,0.0,1800.0,0.0,6.3
284.5,2026-05-06T03:22:56.739393+00:00,73.164,0.1473,96.3503,-0.0535,0.7648,0.0,1800.0,0.0,6.3
285.0,2026-05-06T03:22:57.247315+00:00,73.0566,0.1132,96.3849,-0.0025,0.7648,0.0,1800.0,0.0,6.3
285.5,2026-05-06T03:22:57.739429+00:00,72.9741,-0.0402,96.5273,0.0366,0.7648,0.0,1800.0,0.0,6.3
286.0,2026-05-06T03:22:58.239385+00:00,73.0379,0.0327,96.6367,0.1053,0.7648,0.0,1800.0,0.0,6.3
286.5,2026-05-06T03:22:58.739395+00:00,72.8325,-0.1658,96.7207,0.1581,0.7648,0.0,1800.0,0.0,6.3
287.0,2026-05-06T03:22:59.240113+00:00,72.9291,-0.0638,96.7854,0.16,0.7648,0.0,1800.0,0.0,6.3
287.5,2026-05-06T03:22:59.745800+00:00,72.8761,-0.049,96.7193,0.123,0.7648,0.0,1800.0,0.0,6.3
288.0,2026-05-06T03:23:00.239340+00:00,72.8353,-0.1013,96.7843,0.1331,0.7648,0.0,1800.0,0.0,6.3
288.5,2026-05-06T03:23:00.739418+00:00,72.804,-0.0142,96.8342,0.1023,0.7648,0.0,1800.0,0.0,6.3
289.0,2026-05-06T03:23:01.239381+00:00,73.0345,0.0527,96.7337,0.0324,0.7648,0.0,1800.0,0.0,6.3
289.5,2026-05-06T03:23:01.739511+00:00,72.9571,0.0405,96.7953,0.0249,0.7648,0.0,1800.0,0.0,6.3
290.0,2026-05-06T03:23:02.245629+00:00,73.1521,0.1584,96.8427,0.0191,0.7648,0.0,1800.0,0.0,6.3
290.5,2026-05-06T03:23:02.739381+00:00,73.0475,0.1217,96.8791,0.0533,0.7648,0.0,1800.0,0.0,6.3
291.0,2026-05-06T03:23:03.239437+00:00,73.0944,0.0299,96.7914,0.0024,0.7648,0.0,1800.0,0.0,6.3
291.5,2026-05-06T03:23:03.739375+00:00,73.1304,0.0866,96.7239,-0.0367,0.7648,0.0,1800.0,0.0,6.3
292.0,2026-05-06T03:23:04.239365+00:00,73.2853,0.0666,96.6721,-0.0205,0.7648,0.0,1800.0,0.0,6.3
292.5,2026-05-06T03:23:04.743591+00:00,73.2772,0.1148,96.748,-0.0158,0.7648,0.0,1800.0,0.0,6.3
293.0,2026-05-06T03:23:05.239463+00:00,73.3981,0.1519,96.922,0.0264,0.7648,0.0,1800.0,0.0,6.3
293.5,2026-05-06T03:23:05.739520+00:00,73.3639,0.1167,96.8244,-0.0182,0.7648,0.0,1800.0,0.0,6.3
294.0,2026-05-06T03:23:06.239503+00:00,73.4648,0.0897,96.6336,-0.0526,0.7648,0.0,1800.0,0.0,6.3
294.5,2026-05-06T03:23:06.739480+00:00,73.4151,0.069,96.6027,-0.0404,0.7648,0.0,1800.0,0.0,6.3
295.0,2026-05-06T03:23:07.248375+00:00,73.3769,-0.0106,96.4401,-0.0773,0.7648,0.0,1800.0,0.0,6.3
295.5,2026-05-06T03:23:07.739365+00:00,73.3475,-0.0082,96.5696,-0.0594,0.7648,0.0,1800.0,0.0,6.3512
296.0,2026-05-06T03:23:08.239404+00:00,73.1977,-0.1335,96.6692,-0.0843,0.7648,0.0,1800.0,0.0,6.3762
296.5,2026-05-06T03:23:08.739424+00:00,72.9553,-0.2299,96.6301,-0.0648,0.7648,0.0,1800.0,0.0,6.3884
297.0,2026-05-06T03:23:09.240117+00:00,73.0235,-0.1767,96.7157,0.0274,0.7648,0.0,1800.0,0.0,6.3943
297.500294,2026-05-06T03:23:09.746105+00:00,73.0759,-0.1358,96.6658,0.021,0.7648,0.0,1800.0,0.0,6.3972
298.0,2026-05-06T03:23:10.239426+00:00,72.8616,-0.168,96.6274,0.0624,0.7648,0.0,1800.0,0.0,6.3474
298.501184,2026-05-06T03:23:10.740724+00:00,72.8242,-0.0655,96.4822,-0.0291,0.7648,0.0,1800.0,0.0,6.3232
299.0,2026-05-06T03:23:11.239387+00:00,72.9228,-0.0504,96.3475,-0.1072,0.7648,0.0,1800.0,0.0,6.3113
299.5,2026-05-06T03:23:11.739366+00:00,72.7439,-0.166,96.3828,-0.0824,0.7648,0.0,1800.0,0.0,6.3055
300.0,2026-05-06T03:23:12.245695+00:00,72.7338,-0.0639,96.4099,-0.1019,0.7648,0.0,1800.0,0.0,6.3027
300.5,2026-05-06T03:23:12.739407+00:00,72.726,-0.0491,96.4308,-0.0783,0.7648,0.0,1800.0,0.0,6.3525
301.0,2026-05-06T03:23:13.239373+00:00,72.9745,0.0259,96.4468,-0.0602,0.7648,0.0,1800.0,0.0,6.3768
301.5,2026-05-06T03:23:13.740122+00:00,72.911,0.0835,96.4591,-0.0077,0.7648,0.0,1800.0,0.0,6.3375
302.0,2026-05-06T03:23:14.239479+00:00,72.9894,0.1278,96.7,0.1175,0.7648,0.0,1800.0,0.0,6.3183
302.5,2026-05-06T03:23:14.745625+00:00,73.0497,0.1619,96.538,0.0517,0.7648,0.0,1800.0,0.0,6.3089
303.0,2026-05-06T03:23:15.239401+00:00,73.0961,0.0608,96.5061,0.032,0.7648,0.0,1800.0,0.0,6.3044
303.5,2026-05-06T03:23:15.739441+00:00,73.259,0.174,96.2733,-0.0525,0.7648,0.0,1800.0,0.0,6.3021
304.0,2026-05-06T03:23:16.240222+00:00,73.1296,0.0701,96.3026,-0.0481,0.7648,0.0,1800.0,0.0,6.301
304.5,2026-05-06T03:23:16.740203+00:00,73.2847,0.1175,96.464,0.0016,0.7648,0.0,1800.0,0.0,6.3005
305.0,2026-05-06T03:23:17.245024+00:00,73.1494,0.0267,96.4723,-0.0759,0.7648,0.0,1800.0,0.0,6.3002
305.5,2026-05-06T03:23:17.739381+00:00,73.1727,-0.0431,96.5944,0.0188,0.7648,0.0,1800.0,0.0,6.3001
306.0,2026-05-06T03:23:18.242301+00:00,73.1906,0.0305,96.5726,0.0222,0.7648,0.0,1800.0,0.0,6.3001
306.5,2026-05-06T03:23:18.739377+00:00,73.3316,0.0234,96.6715,0.1327,0.7648,0.0,1800.0,0.0,6.3
307.0,2026-05-06T03:23:19.239765+00:00,73.3127,0.0816,96.7475,0.1483,0.7648,0.0,1800.0,0.0,6.3
307.5,2026-05-06T03:23:19.745548+00:00,73.4255,0.1264,96.5745,0.0369,0.7648,0.0,1800.0,0.0,6.3
308.0,2026-05-06T03:23:20.239400+00:00,73.3849,0.0971,96.4416,-0.0102,0.7648,0.0,1800.0,0.0,6.3
308.5,2026-05-06T03:23:20.739385+00:00,73.3537,0.011,96.3394,-0.085,0.7648,0.0,1800.0,0.0,6.3
309.0,2026-05-06T03:23:21.239367+00:00,73.4569,0.0721,96.3766,-0.0653,0.7648,0.0,1800.0,0.0,6.3
309.5,2026-05-06T03:23:21.739389+00:00,73.5363,0.0554,96.5208,-0.0502,0.7648,0.0,1800.0,0.0,6.3
310.0,2026-05-06T03:23:22.244611+00:00,73.4701,0.0426,96.516,-0.0772,0.7648,0.0,1800.0,0.0,6.3
310.5,2026-05-06T03:23:22.739456+00:00,73.5464,0.0964,96.628,0.0178,0.7648,0.0,1800.0,0.0,6.3
311.0,2026-05-06T03:23:23.239372+00:00,73.6051,0.0741,96.8298,0.1294,0.7648,0.0,1800.0,0.0,6.3
311.5,2026-05-06T03:23:23.739645+00:00,73.5229,-0.0067,96.8692,0.1766,0.7648,0.0,1800.0,0.0,6.3
312.0,2026-05-06T03:23:24.239373+00:00,73.2052,-0.1324,96.8994,0.1743,0.7648,0.0,1800.0,0.0,6.3
312.5,2026-05-06T03:23:24.747747+00:00,73.2156,-0.1654,96.807,0.0954,0.7648,0.0,1800.0,0.0,6.3
313.0,2026-05-06T03:23:25.239428+00:00,73.2236,-0.1908,96.8517,0.1119,0.7648,0.0,1800.0,0.0,6.3
313.5,2026-05-06T03:23:25.739358+00:00,73.2297,-0.1466,96.886,0.086,0.7648,0.0,1800.0,0.0,6.3
314.0,2026-05-06T03:23:26.239376+00:00,73.1071,-0.0491,97.0281,0.0661,0.7648,0.0,1800.0,0.0,6.3
314.5,2026-05-06T03:23:26.739446+00:00,73.2674,0.0259,97.0216,0.0508,0.7648,0.0,1800.0,0.0,6.2488
315.0,2026-05-06T03:23:27.247710+00:00,73.2634,0.0199,96.9009,0.0005,0.7648,0.0,1800.0,0.0,6.2238
315.5,2026-05-06T03:23:27.739578+00:00,73.2603,0.0153,96.9238,0.0389,0.7648,0.0,1800.0,0.0,6.2628
316.0,2026-05-06T03:23:28.240001+00:00,73.2579,0.0754,96.9414,0.0299,0.7648,0.0,1800.0,0.0,6.2819
316.5,2026-05-06T03:23:28.740352+00:00,73.3834,0.058,96.955,0.023,0.7648,0.0,1800.0,0.0,6.2911
317.0,2026-05-06T03:23:29.239445+00:00,73.2252,-0.0191,97.0811,0.0177,0.7648,0.0,1800.0,0.0,6.2957
317.5,2026-05-06T03:23:29.744364+00:00,73.231,-0.0147,96.9466,-0.025,0.7648,0.0,1800.0,0.0,6.2979
318.0,2026-05-06T03:23:30.239347+00:00,73.1081,-0.0749,96.7276,-0.0578,0.7648,0.0,1800.0,0.0,6.299
318.5,2026-05-06T03:23:30.739490+00:00,73.2682,-0.0576,96.6749,-0.083,0.7648,0.0,1800.0,0.0,6.2995
319.0,2026-05-06T03:23:31.239416+00:00,73.3913,0.083,96.403,-0.1795,0.7648,0.0,1800.0,0.0,6.2998
319.5,2026-05-06T03:23:31.739440+00:00,73.3586,0.0638,96.3098,-0.2151,0.7648,0.0,1800.0,0.0,6.2999
320.0,2026-05-06T03:23:32.245993+00:00,73.2062,0.049,96.1224,-0.3196,0.7648,0.0,1800.0,0.0,6.2999
320.500927,2026-05-06T03:23:32.740415+00:00,73.2163,-0.0259,95.9784,-0.3228,0.7648,0.0,1800.0,0.0,6.3
321.000719,2026-05-06T03:23:33.240189+00:00,73.0968,-0.1472,95.8677,-0.2866,0.7648,0.0,1800.0,0.0,6.3
321.5,2026-05-06T03:23:33.739437+00:00,73.1323,-0.1131,95.7595,-0.3052,0.7648,0.0,1800.0,0.0,6.3
322.0,2026-05-06T03:23:34.239383+00:00,73.1595,-0.0233,96.0465,-0.1188,0.7648,0.0,1800.0,0.0,6.3
322.5,2026-05-06T03:23:34.744930+00:00,73.3077,0.0457,96.0358,-0.0913,0.7648,0.0,1800.0,0.0,6.3
323.0,2026-05-06T03:23:35.239858+00:00,73.1671,0.0351,96.1432,0.0069,0.7648,0.0,1800.0,0.0,6.3
323.5,2026-05-06T03:23:35.739358+00:00,73.3136,0.0906,95.9943,0.0053,0.7648,0.0,1800.0,0.0,6.3
324.0,2026-05-06T03:23:36.239423+00:00,73.4261,0.1333,96.2271,0.1198,0.7648,0.0,1800.0,0.0,6.3
324.5,2026-05-06T03:23:36.739371+00:00,73.3854,0.0388,96.2902,0.1769,0.7648,0.0,1800.0,0.0,6.3
325.0,2026-05-06T03:23:37.244510+00:00,73.4813,0.1571,96.4545,0.136,0.7648,0.0,1800.0,0.0,6.3
325.5,2026-05-06T03:23:37.739368+00:00,73.4278,0.0571,96.5807,0.1816,0.7648,0.0,1800.0,0.0,6.3
326.0,2026-05-06T03:23:38.239381+00:00,73.5139,0.0439,96.4463,0.101,0.7648,0.0,1800.0,0.0,6.3
326.5,2026-05-06T03:23:38.739459+00:00,73.5801,0.0974,96.4587,0.1548,0.7648,0.0,1800.0,0.0,6.3
327.0,2026-05-06T03:23:39.240580+00:00,73.631,0.0748,96.2369,0.0033,0.7648,0.0,1800.0,0.0,6.3
327.5,2026-05-06T03:23:39.745340+00:00,73.4156,-0.0061,96.1821,-0.036,0.7648,0.0,1800.0,0.0,6.3
328.0,2026-05-06T03:23:40.239447+00:00,73.3773,-0.0683,96.2556,-0.0663,0.7648,0.0,1800.0,0.0,6.3
328.5,2026-05-06T03:23:40.740894+00:00,73.4751,-0.0525,96.4279,-0.0509,0.7648,0.0,1800.0,0.0,6.3
329.0,2026-05-06T03:23:41.239400+00:00,73.2957,-0.1676,96.2132,-0.0777,0.7648,0.0,1800.0,0.0,6.3
329.5,2026-05-06T03:23:41.740179+00:00,73.2851,-0.0652,96.3952,-0.0212,0.7648,0.0,1800.0,0.0,6.3
330.0,2026-05-06T03:23:42.246036+00:00,73.4043,0.0135,96.4195,0.0609,0.7648,0.0,1800.0,0.0,6.3
330.5,2026-05-06T03:23:42.739801+00:00,73.6231,0.074,96.4381,0.0853,0.7648,0.0,1800.0,0.0,6.3
331.0,2026-05-06T03:23:43.239456+00:00,73.7913,0.2478,96.5681,0.1042,0.7648,0.0,1800.0,0.0,6.3
331.5,2026-05-06T03:23:43.739440+00:00,73.9206,0.3177,96.5524,0.0415,0.7648,0.0,1800.0,0.0,6.3
332.0,2026-05-06T03:23:44.239454+00:00,73.6382,0.1169,96.5403,0.109,0.7648,0.0,1800.0,0.0,6.3
332.5,2026-05-06T03:23:44.748121+00:00,73.8029,0.0899,96.4152,0.0067,0.7648,0.0,1800.0,0.0,6.3
333.0,2026-05-06T03:23:45.239371+00:00,73.8022,0.0054,96.2035,-0.072,0.7648,0.0,1800.0,0.0,6.3
333.5,2026-05-06T03:23:45.739381+00:00,73.6744,-0.1231,96.3878,-0.0168,0.7648,0.0,1800.0,0.0,6.3
334.0,2026-05-06T03:23:46.239874+00:00,73.5762,-0.031,96.298,-0.09,0.7648,0.0,1800.0,0.0,6.3
334.5,2026-05-06T03:23:46.739386+00:00,73.5007,-0.1511,96.3448,-0.0692,0.7648,0.0,1800.0,0.0,6.3
335.0,2026-05-06T03:23:47.246628+00:00,73.4427,-0.1797,96.4964,-0.0146,0.7648,0.0,1800.0,0.0,6.3
335.5,2026-05-06T03:23:47.739408+00:00,73.5254,-0.0745,96.4972,0.0273,0.7648,0.0,1800.0,0.0,6.3
336.0,2026-05-06T03:23:48.239496+00:00,73.5889,0.0064,96.4979,0.0981,0.7648,0.0,1800.0,0.0,6.3
336.5,2026-05-06T03:23:48.739695+00:00,73.6378,0.0685,96.6141,0.0754,0.7648,0.0,1800.0,0.0,6.3
337.0,2026-05-06T03:23:49.239383+00:00,73.6753,0.1163,96.7034,0.1351,0.7648,0.0,1800.0,0.0,6.3
337.5,2026-05-06T03:23:49.749367+00:00,73.5769,0.0258,96.5406,0.0653,0.7648,0.0,1800.0,0.0,6.3
338.0,2026-05-06T03:23:50.239988+00:00,73.6285,0.0198,96.5312,0.0116,0.7648,0.0,1800.0,0.0,6.3
338.5,2026-05-06T03:23:50.739833+00:00,73.6682,0.0152,96.524,0.0089,0.7648,0.0,1800.0,0.0,6.3
339.0,2026-05-06T03:23:51.239846+00:00,73.6987,0.0117,96.5184,0.0069,0.7648,0.0,1800.0,0.0,6.3
339.5,2026-05-06T03:23:51.740976+00:00,73.5949,0.009,96.7456,0.0438,0.7648,0.0,1800.0,0.0,6.3
340.0,2026-05-06T03:23:52.244588+00:00,73.7696,0.0705,96.5962,-0.0357,0.7648,0.0,1800.0,0.0,6.3
340.5,2026-05-06T03:23:52.739858+00:00,73.7766,0.0542,96.5739,0.0111,0.7648,0.0,1800.0,0.0,6.3
341.0,2026-05-06T03:23:53.240995+00:00,73.9093,0.1053,96.6725,0.0471,0.7648,0.0,1800.0,0.0,6.3
341.500458,2026-05-06T03:23:53.739906+00:00,74.0113,0.2082,96.6326,0.0362,0.7648,0.0,1800.0,0.0,6.3
342.0,2026-05-06T03:23:54.239371+00:00,73.9624,0.0964,96.6945,0.0587,0.7648,0.0,1800.0,0.0,6.3
342.5,2026-05-06T03:23:54.744048+00:00,73.7975,0.0105,96.7652,0.0065,0.7648,0.0,1800.0,0.0,6.3
343.0,2026-05-06T03:23:55.239368+00:00,73.7981,-0.0556,96.7038,0.0359,0.7648,0.0,1800.0,0.0,6.3
343.5,2026-05-06T03:23:55.739378+00:00,73.7986,-0.1064,96.8881,0.1047,0.7648,0.0,1800.0,0.0,6.3
344.0,2026-05-06T03:23:56.239369+00:00,73.7989,-0.0818,96.914,0.0805,0.7648,0.0,1800.0,0.0,6.3
344.5,2026-05-06T03:23:56.739377+00:00,73.7991,0.0008,97.0496,0.139,0.7648,0.0,1800.0,0.0,6.3
345.0,2026-05-06T03:23:57.245456+00:00,73.7993,0.0006,97.0381,0.1145,0.7648,0.0,1800.0,0.0,6.3
345.5,2026-05-06T03:23:57.739758+00:00,73.9268,0.0641,97.145,0.1266,0.7648,0.0,1800.0,0.0,6.3
346.0,2026-05-06T03:23:58.239438+00:00,74.0247,0.1129,97.1114,0.1359,0.7648,0.0,1800.0,0.0,6.3
346.5,2026-05-06T03:23:58.739627+00:00,73.8454,0.0231,97.2013,0.1044,0.7648,0.0,1800.0,0.0,6.3
347.0,2026-05-06T03:23:59.239507+00:00,73.9622,0.0814,97.0391,0.0417,0.7648,0.0,1800.0,0.0,6.3
347.5,2026-05-06T03:23:59.747034+00:00,74.0519,0.0626,97.03,-0.0065,0.7648,0.0,1800.0,0.0,6.3
348.0,2026-05-06T03:24:00.239378+00:00,74.1209,0.0481,96.9074,-0.0436,0.7648,0.0,1800.0,0.0,6.3
348.5,2026-05-06T03:24:00.739376+00:00,73.9194,0.037,97.0445,-0.0335,0.7648,0.0,1800.0,0.0,6.3
349.0,2026-05-06T03:24:01.239457+00:00,73.7645,-0.0989,97.0342,-0.0257,0.7648,0.0,1800.0,0.0,6.3
349.5,2026-05-06T03:24:01.739361+00:00,74.0272,-0.0123,97.142,-0.0198,0.7648,0.0,1800.0,0.0,6.3
350.0,2026-05-06T03:24:02.245511+00:00,74.2292,0.0541,97.2248,0.0619,0.7648,0.0,1800.0,0.0,6.3
350.5,2026-05-06T03:24:02.739368+00:00,74.2572,0.1689,97.0571,0.009,0.7648,0.0,1800.0,0.0,6.3
351.0,2026-05-06T03:24:03.239830+00:00,74.1514,0.1934,97.0439,0.0455,0.7648,0.0,1800.0,0.0,6.3
351.5,2026-05-06T03:24:03.739434+00:00,74.3246,0.1487,97.0337,-0.0036,0.7648,0.0,1800.0,0.0,6.3
352.0,2026-05-06T03:24:04.240917+00:00,74.0759,-0.0766,97.0259,-0.0028,0.7648,0.0,1800.0,0.0,6.3
352.5,2026-05-06T03:24:04.745995+00:00,74.2666,0.0047,97.0199,-0.0407,0.7648,0.0,1800.0,0.0,6.3
353.0,2026-05-06T03:24:05.239357+00:00,74.1586,0.0036,96.7839,-0.147,0.7648,0.0,1800.0,0.0,6.3
353.5,2026-05-06T03:24:05.739415+00:00,74.0757,-0.1245,96.8339,-0.0744,0.7648,0.0,1800.0,0.0,6.3
354.0,2026-05-06T03:24:06.239783+00:00,74.0119,-0.032,96.8724,-0.0572,0.7648,0.0,1800.0,0.0,6.3
354.5,2026-05-06T03:24:06.739397+00:00,73.9628,-0.1519,96.9019,-0.0439,0.7648,0.0,1800.0,0.0,6.3
355.0,2026-05-06T03:24:07.245520+00:00,74.1797,0.0105,97.0403,0.0048,0.7648,0.0,1800.0,0.0,6.2488
355.5,2026-05-06T03:24:07.739360+00:00,73.9646,-0.0555,97.031,0.0037,0.7648,0.0,1800.0,0.0,6.275
356.0,2026-05-06T03:24:08.239383+00:00,74.0538,0.0209,97.1395,0.1185,0.7648,0.0,1800.0,0.0,6.2878
356.5,2026-05-06T03:24:08.739384+00:00,74.1223,0.0797,97.1072,0.0911,0.7648,0.0,1800.0,0.0,6.294
357.0,2026-05-06T03:24:09.239395+00:00,74.175,-0.0024,97.1981,0.1086,0.7648,0.0,1800.0,0.0,6.2971
357.5,2026-05-06T03:24:09.745041+00:00,74.2155,0.1255,97.1523,0.0835,0.7648,0.0,1800.0,0.0,6.2986
358.0,2026-05-06T03:24:10.239447+00:00,74.3739,0.1601,97.117,0.0256,0.7648,0.0,1800.0,0.0,6.2993
358.5,2026-05-06T03:24:10.739392+00:00,74.2411,0.0594,97.09,0.0197,0.7648,0.0,1800.0,0.0,6.2997
359.0,2026-05-06T03:24:11.239374+00:00,74.2663,0.0456,97.0691,-0.0235,0.7648,0.0,1800.0,0.0,6.2998
359.5,2026-05-06T03:24:11.739381+00:00,74.2857,0.0351,97.0531,-0.018,0.7648,0.0,1800.0,0.0,6.2999
360.0,2026-05-06T03:24:12.243998+00:00,74.1733,-0.1003,97.1565,-0.0139,0.7648,0.0,1800.0,0.0,6.3
360.5,2026-05-06T03:24:12.739376+00:00,73.9596,-0.1407,97.1203,-0.0106,0.7648,0.0,1800.0,0.0,6.3
361.0,2026-05-06T03:24:13.239392+00:00,74.05,-0.1082,97.2082,0.0304,0.7648,0.0,1800.0,0.0,6.3
361.5,2026-05-06T03:24:13.739384+00:00,73.6103,-0.3377,97.16,0.0234,0.7648,0.0,1800.0,0.0,6.3
362.0,2026-05-06T03:24:14.239610+00:00,73.7815,-0.1959,97.123,0.0179,0.7648,0.0,1800.0,0.0,6.3
362.5,2026-05-06T03:24:14.847689+00:00,73.7858,-0.0869,97.0945,0.0138,0.7648,0.0,1800.0,0.0,6.3
363.0,2026-05-06T03:24:15.239471+00:00,73.9163,-0.0668,96.6098,-0.1822,0.7648,0.0,1800.0,0.0,6.3
363.5,2026-05-06T03:24:15.741020+00:00,74.0167,0.2032,96.7001,-0.1401,0.7648,0.0,1800.0,0.0,6.3
364.0,2026-05-06T03:24:16.239961+00:00,74.0938,0.1562,96.5381,-0.2234,0.7648,0.0,1800.0,0.0,6.3
364.5,2026-05-06T03:24:16.740035+00:00,74.0258,0.12,96.4136,-0.2488,0.7648,0.0,1800.0,0.0,6.3
365.0,2026-05-06T03:24:17.247402+00:00,74.1008,0.0923,96.4336,-0.2298,0.7648,0.0,1800.0,0.0,6.3
365.5,2026-05-06T03:24:17.739383+00:00,74.1585,0.0709,96.449,-0.2152,0.7648,0.0,1800.0,0.0,6.3
366.0,2026-05-06T03:24:18.239522+00:00,74.2028,0.0545,96.5765,-0.0111,0.7648,0.0,1800.0,0.0,6.3
366.5,2026-05-06T03:24:18.739369+00:00,74.1096,0.0419,96.5588,-0.0471,0.7648,0.0,1800.0,0.0,6.3
367.0,2026-05-06T03:24:19.239363+00:00,74.038,-0.0314,96.5452,0.0024,0.7648,0.0,1800.0,0.0,6.3
367.5,2026-05-06T03:24:19.744545+00:00,74.1102,-0.0242,96.6504,0.0789,0.7648,0.0,1800.0,0.0,6.3
368.0,2026-05-06T03:24:20.239356+00:00,74.1657,-0.0186,96.6156,0.0607,0.7648,0.0,1800.0,0.0,6.3
368.5,2026-05-06T03:24:20.739374+00:00,74.2083,0.0494,96.7046,0.0852,0.7648,0.0,1800.0,0.0,6.3
369.0,2026-05-06T03:24:21.239422+00:00,74.1138,0.0379,96.7729,0.0655,0.7648,0.0,1800.0,0.0,6.3
369.5,2026-05-06T03:24:21.740350+00:00,74.1685,0.0292,96.8255,0.0889,0.7648,0.0,1800.0,0.0,6.3
370.0,2026-05-06T03:24:22.246266+00:00,74.2105,0.0224,96.727,0.0606,0.7648,0.0,1800.0,0.0,6.3
370.5,2026-05-06T03:24:22.739420+00:00,74.2428,0.0172,96.7902,0.0466,0.7648,0.0,1800.0,0.0,6.3
371.0,2026-05-06T03:24:23.240204+00:00,74.013,-0.0504,96.8387,0.0744,0.7648,0.0,1800.0,0.0,6.3
371.5,2026-05-06T03:24:23.739361+00:00,73.9637,-0.1024,96.6447,-0.02,0.7648,0.0,1800.0,0.0,6.3
372.0,2026-05-06T03:24:24.239402+00:00,73.9259,-0.1423,96.7269,-0.0153,0.7648,0.0,1800.0,0.0,6.3
372.5,2026-05-06T03:24:24.746114+00:00,74.024,-0.1094,96.6744,-0.0504,0.7648,0.0,1800.0,0.0,6.3
373.0,2026-05-06T03:24:25.239365+00:00,74.0994,0.0432,96.7497,0.0076,0.7648,0.0,1800.0,0.0,6.3
373.5,2026-05-06T03:24:25.739389+00:00,74.1574,0.0968,96.9233,0.0444,0.7648,0.0,1800.0,0.0,6.3
374.0,2026-05-06T03:24:26.239589+00:00,74.202,0.1381,96.9411,0.0341,0.7648,0.0,1800.0,0.0,6.3
374.5,2026-05-06T03:24:26.739364+00:00,74.109,0.0425,97.0704,0.1419,0.7648,0.0,1800.0,0.0,6.3
375.0,2026-05-06T03:24:27.245538+00:00,74.292,0.0963,96.9384,0.0705,0.7648,0.0,1800.0,0.0,6.2488
375.5,2026-05-06T03:24:27.739402+00:00,74.3054,0.074,97.0684,0.1313,0.7648,0.0,1800.0,0.0,6.275
376.0,2026-05-06T03:24:28.239438+00:00,74.443,0.1205,96.96,0.0701,0.7648,0.0,1800.0,0.0,6.2878
376.5,2026-05-06T03:24:28.739476+00:00,74.5488,0.2199,96.9692,0.0153,0.7648,0.0,1800.0,0.0,6.294
377.0,2026-05-06T03:24:29.239411+00:00,74.5028,0.1054,96.9764,0.0118,0.7648,0.0,1800.0,0.0,6.2971
377.5,2026-05-06T03:24:29.746585+00:00,74.4674,0.081,96.8661,-0.0681,0.7648,0.0,1800.0,0.0,6.2986
378.0,2026-05-06T03:24:30.239376+00:00,74.4402,-0.0014,96.7814,-0.0523,0.7648,0.0,1800.0,0.0,6.2993
378.5,2026-05-06T03:24:30.739395+00:00,74.5466,-0.0011,96.6006,-0.1559,0.7648,0.0,1800.0,0.0,6.2997
379.0,2026-05-06T03:24:31.239385+00:00,74.6284,0.0628,96.5773,-0.1276,0.7648,0.0,1800.0,0.0,6.2998
379.5,2026-05-06T03:24:31.739405+00:00,74.564,0.0483,96.5594,-0.1366,0.7648,0.0,1800.0,0.0,6.2999
380.0,2026-05-06T03:24:32.245757+00:00,74.3872,-0.0265,96.43,-0.1821,0.7648,0.0,1800.0,0.0,6.2488
380.5,2026-05-06T03:24:32.739386+00:00,74.5059,-0.0204,96.4462,-0.14,0.7648,0.0,1800.0,0.0,6.3774
381.0,2026-05-06T03:24:33.239380+00:00,74.4698,-0.0793,96.3429,-0.1462,0.7648,0.0,1800.0,0.0,6.4402
381.5,2026-05-06T03:24:33.739677+00:00,74.1875,-0.1882,96.495,-0.0352,0.7648,0.0,1800.0,0.0,6.4708
382.0,2026-05-06T03:24:34.239424+00:00,74.0979,-0.1447,96.6118,0.0115,0.7648,0.0,1800.0,0.0,6.4858
382.5,2026-05-06T03:24:34.746568+00:00,74.0289,-0.2385,96.586,0.0088,0.7648,0.0,1800.0,0.0,6.493
383.0,2026-05-06T03:24:35.239391+00:00,74.1032,-0.1833,96.4504,0.0068,0.7648,0.0,1800.0,0.0,6.4454
383.5,2026-05-06T03:24:35.739400+00:00,74.2876,0.05,96.4619,0.0052,0.7648,0.0,1800.0,0.0,6.4222
384.0,2026-05-06T03:24:36.239381+00:00,74.1748,0.0385,96.4475,0.0349,0.7648,0.0,1800.0,0.0,6.4108
384.5,2026-05-06T03:24:36.739372+00:00,74.2153,0.0932,96.4597,-0.0118,0.7648,0.0,1800.0,0.0,6.4053
385.0,2026-05-06T03:24:37.245457+00:00,74.2465,0.0716,96.469,-0.0476,0.7648,0.0,1800.0,0.0,6.4026
385.5,2026-05-06T03:24:37.740921+00:00,74.3977,0.0551,96.4762,-0.0366,0.7648,0.0,1800.0,0.0,6.4013
386.0,2026-05-06T03:24:38.239482+00:00,74.3867,0.1059,96.366,-0.0281,0.7648,0.0,1800.0,0.0,6.4006
386.5,2026-05-06T03:24:38.739835+00:00,74.5055,0.1451,96.2813,-0.0602,0.7648,0.0,1800.0,0.0,6.4003
387.0,2026-05-06T03:24:39.239404+00:00,74.4695,0.1115,96.3319,-0.0385,0.7648,0.0,1800.0,0.0,6.4001
387.500115,2026-05-06T03:24:39.744421+00:00,74.4418,0.0221,96.3708,-0.0296,0.7648,0.0,1800.0,0.0,6.4001
388.000091,2026-05-06T03:24:40.239501+00:00,74.4206,0.017,96.1693,-0.0999,0.7648,0.0,1800.0,0.0,6.3488
388.5,2026-05-06T03:24:40.739381+00:00,74.5315,0.013,96.107,-0.1231,0.7648,0.0,1800.0,0.0,6.3238
389.0,2026-05-06T03:24:41.239872+00:00,74.4895,0.01,96.3136,-0.0175,0.7648,0.0,1800.0,0.0,6.3116
389.5,2026-05-06T03:24:41.739383+00:00,74.5845,0.0713,96.4725,0.0637,0.7648,0.0,1800.0,0.0,6.3057
390.0,2026-05-06T03:24:42.245775+00:00,74.5302,0.0548,96.4788,0.049,0.7648,0.0,1800.0,0.0,6.3028
390.5,2026-05-06T03:24:42.739427+00:00,74.4885,-0.0215,96.4837,0.0376,0.7648,0.0,1800.0,0.0,6.3526
391.0,2026-05-06T03:24:43.239378+00:00,74.4565,-0.0165,96.2792,0.0366,0.7648,0.0,1800.0,0.0,6.3768
391.5,2026-05-06T03:24:43.739367+00:00,74.4318,-0.0763,96.446,0.113,0.7648,0.0,1800.0,0.0,6.3887
392.0,2026-05-06T03:24:44.239394+00:00,74.5402,0.005,96.5742,0.0869,0.7648,0.0,1800.0,0.0,6.3945
392.5,2026-05-06T03:24:44.746833+00:00,74.6234,0.0675,96.4413,-0.0104,0.7648,0.0,1800.0,0.0,6.3973
393.0,2026-05-06T03:24:45.239397+00:00,74.4329,-0.0118,96.2235,-0.0851,0.7648,0.0,1800.0,0.0,6.3475
393.5,2026-05-06T03:24:45.739382+00:00,74.541,0.0546,96.4032,-0.0268,0.7648,0.0,1800.0,0.0,6.3232
394.0,2026-05-06T03:24:46.239515+00:00,74.6241,0.0419,96.4256,0.0488,0.7648,0.0,1800.0,0.0,6.3113
394.5,2026-05-06T03:24:46.739459+00:00,74.6879,0.0322,96.6742,0.0761,0.7648,0.0,1800.0,0.0,6.3055
395.0,2026-05-06T03:24:47.246216+00:00,74.8643,0.2157,96.7496,0.0585,0.7648,0.0,1800.0,0.0,6.3027
395.5,2026-05-06T03:24:47.739519+00:00,74.7453,0.1021,96.8075,0.1221,0.7648,0.0,1800.0,0.0,6.3013
396.0,2026-05-06T03:24:48.239398+00:00,74.6538,0.0149,96.7364,0.171,0.7648,0.0,1800.0,0.0,6.3006
396.5,2026-05-06T03:24:48.739392+00:00,74.5835,-0.0522,96.7974,0.1314,0.7648,0.0,1800.0,0.0,6.3003
397.0,2026-05-06T03:24:49.239359+00:00,74.6567,-0.1038,96.6129,0.0624,0.7648,0.0,1800.0,0.0,6.3002
397.5,2026-05-06T03:24:49.744603+00:00,74.5858,-0.0798,96.7024,0.0094,0.7648,0.0,1800.0,0.0,6.3001
398.0,2026-05-06T03:24:50.239369+00:00,74.5312,-0.0613,96.7713,0.0072,0.7648,0.0,1800.0,0.0,6.3
398.5,2026-05-06T03:24:50.739474+00:00,74.362,-0.1107,96.7085,-0.033,0.7648,0.0,1800.0,0.0,6.3
399.0,2026-05-06T03:24:51.239387+00:00,74.4865,-0.0851,96.6603,-0.0254,0.7648,0.0,1800.0,0.0,6.3
399.5,2026-05-06T03:24:51.739432+00:00,74.5822,-0.0018,96.5075,-0.0966,0.7648,0.0,1800.0,0.0,6.3
400.0,2026-05-06T03:24:52.248674+00:00,74.5285,-0.0014,96.6215,0.0029,0.7648,0.0,1800.0,0.0,6.2488
400.5,2026-05-06T03:24:52.739398+00:00,74.7417,0.1898,96.709,0.0022,0.7648,0.0,1800.0,0.0,6.275
401.0,2026-05-06T03:24:53.239809+00:00,74.5238,0.0186,96.7764,0.0017,0.7648,0.0,1800.0,0.0,6.2878
401.5,2026-05-06T03:24:53.740867+00:00,74.6108,0.0143,96.8281,0.0399,0.7648,0.0,1800.0,0.0,6.2941
402.0,2026-05-06T03:24:54.239388+00:00,74.6778,0.0747,96.6365,-0.0079,0.7648,0.0,1800.0,0.0,6.2971
402.5,2026-05-06T03:24:54.748744+00:00,74.8565,0.0574,96.6049,0.0325,0.7648,0.0,1800.0,0.0,6.2986
403.0,2026-05-06T03:24:55.239389+00:00,74.9938,0.235,96.812,0.0635,0.7648,0.0,1800.0,0.0,6.2993
403.5,2026-05-06T03:24:55.739403+00:00,74.8448,0.117,96.9712,0.0874,0.7648,0.0,1800.0,0.0,6.2997
404.0,2026-05-06T03:24:56.239388+00:00,74.7303,0.0263,97.0936,0.1057,0.7648,0.0,1800.0,0.0,6.2998
404.5,2026-05-06T03:24:56.739365+00:00,74.8969,0.0202,97.1876,0.1198,0.7648,0.0,1800.0,0.0,6.2999
405.0,2026-05-06T03:24:57.247008+00:00,74.8976,-0.0481,97.1442,0.1692,0.7648,0.0,1800.0,0.0,6.3
405.5,2026-05-06T03:24:57.740743+00:00,74.8981,0.0267,97.1108,0.1686,0.7648,0.0,1800.0,0.0,6.3
406.0,2026-05-06T03:24:58.239575+00:00,74.8986,0.0841,97.0852,0.0911,0.7648,0.0,1800.0,0.0,6.3
406.5,2026-05-06T03:24:58.739383+00:00,74.7716,-0.0626,96.8341,-0.0457,0.7648,0.0,1800.0,0.0,6.3
407.0,2026-05-06T03:24:59.240010+00:00,74.6741,-0.1118,96.8725,-0.0737,0.7648,0.0,1800.0,0.0,6.3
407.5,2026-05-06T03:24:59.747732+00:00,74.3445,-0.2768,96.7863,-0.1338,0.7648,0.0,1800.0,0.0,6.3
408.0,2026-05-06T03:25:00.239443+00:00,74.2185,-0.34,96.72,-0.1414,0.7648,0.0,1800.0,0.0,6.3
408.5,2026-05-06T03:25:00.739398+00:00,74.249,-0.2613,96.7848,-0.1087,0.7648,0.0,1800.0,0.0,6.3
409.0,2026-05-06T03:25:01.239393+00:00,74.1451,-0.2645,96.8346,-0.0835,0.7648,0.0,1800.0,0.0,6.3
409.5,2026-05-06T03:25:01.739449+00:00,74.1925,-0.076,96.8729,0.0129,0.7648,0.0,1800.0,0.0,6.3
410.0,2026-05-06T03:25:02.244311+00:00,74.2289,0.0052,96.6709,-0.0672,0.7648,0.0,1800.0,0.0,6.2488
410.5,2026-05-06T03:25:02.739775+00:00,74.257,0.004,96.6314,-0.0516,0.7648,0.0,1800.0,0.0,6.275
411.0,2026-05-06T03:25:03.239376+00:00,74.533,0.194,96.4853,-0.0783,0.7648,0.0,1800.0,0.0,6.2878
411.5,2026-05-06T03:25:03.739901+00:00,74.6179,0.2127,96.4887,-0.0987,0.7648,0.0,1800.0,0.0,6.294
412.0,2026-05-06T03:25:04.239478+00:00,74.8105,0.2908,96.4913,-0.1144,0.7648,0.0,1800.0,0.0,6.2971
412.5,2026-05-06T03:25:04.747663+00:00,74.7039,0.2235,96.4933,-0.1265,0.7648,0.0,1800.0,0.0,6.2986
413.0,2026-05-06T03:25:05.239391+00:00,74.7493,0.1081,96.4949,-0.0587,0.7648,0.0,1800.0,0.0,6.2993
413.5,2026-05-06T03:25:05.739442+00:00,74.7842,0.0831,96.496,-0.0451,0.7648,0.0,1800.0,0.0,6.2997
414.0,2026-05-06T03:25:06.239374+00:00,74.811,0.0002,96.497,0.0039,0.7648,0.0,1800.0,0.0,6.2998
414.5,2026-05-06T03:25:06.740934+00:00,74.8316,0.0638,96.4051,-0.0279,0.7648,0.0,1800.0,0.0,6.2999
415.0,2026-05-06T03:25:07.249875+00:00,74.7201,-0.0146,96.5428,0.0172,0.7648,0.0,1800.0,0.0,6.3
415.5,2026-05-06T03:25:07.739966+00:00,74.7618,-0.0112,96.394,-0.0331,0.7648,0.0,1800.0,0.0,6.3
416.0,2026-05-06T03:25:08.239425+00:00,74.6665,-0.0722,96.4185,-0.0254,0.7648,0.0,1800.0,0.0,6.3
416.5,2026-05-06T03:25:08.741912+00:00,74.7205,-0.0555,96.5531,0.019,0.7648,0.0,1800.0,0.0,6.3
417.0,2026-05-06T03:25:09.239409+00:00,74.762,0.021,96.6565,0.0532,0.7648,0.0,1800.0,0.0,6.3
417.5,2026-05-06T03:25:09.745219+00:00,74.794,0.0161,96.6203,0.0717,0.7648,0.0,1800.0,0.0,6.3
418.0,2026-05-06T03:25:10.239416+00:00,74.8185,0.076,96.7082,0.0551,0.7648,0.0,1800.0,0.0,6.3
418.5,2026-05-06T03:25:10.739783+00:00,74.7101,-0.0052,96.5443,0.0501,0.7648,0.0,1800.0,0.0,6.3
419.0,2026-05-06T03:25:11.239415+00:00,74.754,-0.004,96.534,0.0385,0.7648,0.0,1800.0,0.0,6.2488
419.5,2026-05-06T03:25:11.739389+00:00,74.6605,-0.0667,96.5262,-0.009,0.7648,0.0,1800.0,0.0,6.2238
420.0,2026-05-06T03:25:12.247995+00:00,74.8432,0.0124,96.7515,0.0317,0.7648,0.0,1800.0,0.0,6.2116
420.5,2026-05-06T03:25:12.739381+00:00,74.7291,0.0095,96.809,0.0629,0.7648,0.0,1800.0,0.0,6.2569
421.0,2026-05-06T03:25:13.240909+00:00,74.7686,0.0073,96.8532,0.0483,0.7648,0.0,1800.0,0.0,6.279
421.5,2026-05-06T03:25:13.740464+00:00,74.799,0.0692,96.8872,0.1143,0.7648,0.0,1800.0,0.0,6.2897
422.0,2026-05-06T03:25:14.239412+00:00,74.6951,-0.074,96.9133,0.1264,0.7648,0.0,1800.0,0.0,6.295
422.5,2026-05-06T03:25:14.745552+00:00,74.7425,0.0067,96.9333,0.1357,0.7648,0.0,1800.0,0.0,6.2976
423.0,2026-05-06T03:25:15.239678+00:00,74.5244,-0.1221,96.9488,0.0658,0.7648,0.0,1800.0,0.0,6.2988
423.5,2026-05-06T03:25:15.739372+00:00,74.6113,-0.0938,96.9606,0.0505,0.7648,0.0,1800.0,0.0,6.2994
424.0,2026-05-06T03:25:16.240190+00:00,74.6781,-0.0085,96.9697,0.0388,0.7648,0.0,1800.0,0.0,6.2997
424.5,2026-05-06T03:25:16.739351+00:00,74.8567,0.0571,96.9767,0.0299,0.7648,0.0,1800.0,0.0,6.2999
425.0,2026-05-06T03:25:17.243756+00:00,74.994,0.2348,96.8664,-0.0156,0.7648,0.0,1800.0,0.0,6.2999
425.5,2026-05-06T03:25:17.739441+00:00,74.845,0.1168,96.6659,-0.0891,0.7648,0.0,1800.0,0.0,6.3
426.0,2026-05-06T03:25:18.239442+00:00,74.8577,0.0898,96.7432,-0.0685,0.7648,0.0,1800.0,0.0,6.3
426.5,2026-05-06T03:25:18.739411+00:00,74.613,-0.1219,96.5713,-0.1298,0.7648,0.0,1800.0,0.0,6.3
427.0,2026-05-06T03:25:19.239746+00:00,74.6794,-0.1573,96.6705,-0.0998,0.7648,0.0,1800.0,0.0,6.3
427.5,2026-05-06T03:25:19.746995+00:00,74.6032,-0.1209,96.7467,-0.0767,0.7648,0.0,1800.0,0.0,6.3
428.0,2026-05-06T03:25:20.240001+00:00,74.6719,-0.0929,96.8053,-0.0204,0.7648,0.0,1800.0,0.0,6.3
428.5,2026-05-06T03:25:20.739421+00:00,74.7246,0.0558,96.7347,0.0229,0.7648,0.0,1800.0,0.0,6.3
429.0,2026-05-06T03:25:21.239371+00:00,74.8925,0.1066,96.6804,-0.021,0.7648,0.0,1800.0,0.0,6.3
429.5,2026-05-06T03:25:21.739372+00:00,74.767,0.0819,96.6386,0.0225,0.7648,0.0,1800.0,0.0,6.3
430.0,2026-05-06T03:25:22.244417+00:00,74.6705,-0.0007,96.7223,0.0173,0.7648,0.0,1800.0,0.0,6.3
430.5,2026-05-06T03:25:22.739429+00:00,74.7236,-0.0005,96.6708,-0.0253,0.7648,0.0,1800.0,0.0,6.3
431.0,2026-05-06T03:25:23.239364+00:00,74.8917,-0.0004,96.5156,-0.0966,0.7648,0.0,1800.0,0.0,6.3
431.5,2026-05-06T03:25:23.739475+00:00,74.8936,0.0633,96.6277,-0.0357,0.7648,0.0,1800.0,0.0,6.3
432.0,2026-05-06T03:25:24.239344+00:00,74.7678,0.0487,96.575,-0.0351,0.7648,0.0,1800.0,0.0,6.3
432.5,2026-05-06T03:25:24.745657+00:00,74.9257,0.101,96.6733,0.0116,0.7648,0.0,1800.0,0.0,6.3
433.0,2026-05-06T03:25:25.242000+00:00,74.9197,0.014,96.7489,0.0089,0.7648,0.0,1800.0,0.0,6.3
433.5,2026-05-06T03:25:25.739370+00:00,74.6606,-0.1165,96.9227,0.084,0.7648,0.0,1800.0,0.0,6.3
434.0,2026-05-06T03:25:26.239380+00:00,74.8433,0.0377,96.9406,0.1417,0.7648,0.0,1800.0,0.0,6.3
434.5,2026-05-06T03:25:26.739392+00:00,74.9837,0.029,96.9544,0.1089,0.7648,0.0,1800.0,0.0,6.3
435.0,2026-05-06T03:25:27.246440+00:00,74.837,-0.0413,96.9649,0.13,0.7648,0.0,1800.0,0.0,6.2488
435.5,2026-05-06T03:25:27.741052+00:00,74.9789,0.1591,96.973,0.0999,0.7648,0.0,1800.0,0.0,6.275
436.0,2026-05-06T03:25:28.239442+00:00,75.0879,0.1223,96.9793,0.0768,0.7648,0.0,1800.0,0.0,6.2878
436.5,2026-05-06T03:25:28.740094+00:00,75.1717,0.094,96.9841,0.0204,0.7648,0.0,1800.0,0.0,6.294
437.0,2026-05-06T03:25:29.239357+00:00,75.2361,0.1995,96.9878,0.0157,0.7648,0.0,1800.0,0.0,6.2971
437.5,2026-05-06T03:25:29.746454+00:00,75.2856,0.1534,97.1063,0.0506,0.7648,0.0,1800.0,0.0,6.2986
438.0,2026-05-06T03:25:30.239409+00:00,75.1964,0.0542,97.0817,0.0389,0.7648,0.0,1800.0,0.0,6.2481
438.5,2026-05-06T03:25:30.739483+00:00,75.1278,-0.022,97.0628,0.0299,0.7648,0.0,1800.0,0.0,6.2235
439.0,2026-05-06T03:25:31.240464+00:00,75.0751,-0.0805,97.0483,0.023,0.7648,0.0,1800.0,0.0,6.2115
439.5,2026-05-06T03:25:31.740181+00:00,75.1618,-0.0619,97.0371,0.0177,0.7648,0.0,1800.0,0.0,6.2056
440.0,2026-05-06T03:25:32.246909+00:00,75.1012,-0.0476,96.7971,-0.0635,0.7648,0.0,1800.0,0.0,6.2027
440.5,2026-05-06T03:25:32.739373+00:00,75.0547,-0.0366,96.7284,-0.126,0.7648,0.0,1800.0,0.0,6.2525
441.0,2026-05-06T03:25:33.239388+00:00,75.0189,-0.0281,96.6755,-0.1354,0.7648,0.0,1800.0,0.0,6.2256
441.5,2026-05-06T03:25:33.739370+00:00,74.7368,-0.2125,96.6349,-0.1426,0.7648,0.0,1800.0,0.0,6.2125
442.0,2026-05-06T03:25:34.239393+00:00,74.6473,-0.227,96.7194,-0.1096,0.7648,0.0,1800.0,0.0,6.2061
442.5,2026-05-06T03:25:34.744427+00:00,74.7058,-0.1744,96.6686,-0.1228,0.7648,0.0,1800.0,0.0,6.203
443.0,2026-05-06T03:25:35.239650+00:00,74.878,-0.0704,96.7453,-0.0173,0.7648,0.0,1800.0,0.0,6.3039
443.5,2026-05-06T03:25:35.739590+00:00,75.0104,0.1368,96.6885,-0.0133,0.7648,0.0,1800.0,0.0,6.3531
444.0,2026-05-06T03:25:36.239385+00:00,75.1121,0.2324,96.8763,0.0669,0.7648,0.0,1800.0,0.0,6.3771
444.5,2026-05-06T03:25:36.740338+00:00,75.1903,0.2422,96.9049,0.09,0.7648,0.0,1800.0,0.0,6.3888
445.0,2026-05-06T03:25:37.245721+00:00,75.2504,0.1862,97.0426,0.1077,0.7648,0.0,1800.0,0.0,6.3945
445.5,2026-05-06T03:25:37.739388+00:00,75.2966,0.1431,96.9171,0.0828,0.7648,0.0,1800.0,0.0,6.3973
446.0,2026-05-06T03:25:38.240279+00:00,75.2048,0.0464,96.9363,0.0637,0.7648,0.0,1800.0,0.0,6.3987
446.5,2026-05-06T03:25:38.739381+00:00,75.1343,-0.028,96.8353,0.0489,0.7648,0.0,1800.0,0.0,6.3994
447.0,2026-05-06T03:25:39.239385+00:00,75.0801,-0.0852,96.9891,0.0376,0.7648,0.0,1800.0,0.0,6.3997
447.5,2026-05-06T03:25:39.749283+00:00,75.0384,-0.1291,96.9916,0.0289,0.7648,0.0,1800.0,0.0,6.3998
448.0,2026-05-06T03:25:40.239389+00:00,75.0064,-0.0992,96.9936,-0.0164,0.7648,0.0,1800.0,0.0,6.3999
448.5,2026-05-06T03:25:40.739483+00:00,74.9818,-0.0763,97.1108,0.0646,0.7648,0.0,1800.0,0.0,6.4
449.0,2026-05-06T03:25:41.239445+00:00,75.0901,0.005,97.2008,0.0882,0.7648,0.0,1800.0,0.0,6.4
449.5,2026-05-06T03:25:41.740293+00:00,75.0461,0.0039,97.1544,0.1064,0.7648,0.0,1800.0,0.0,6.4
450.0,2026-05-06T03:25:42.244130+00:00,75.1396,0.0666,97.1186,0.0432,0.7648,0.0,1800.0,0.0,6.3488
450.5,2026-05-06T03:25:42.740123+00:00,75.3387,0.1785,97.0912,0.0332,0.7648,0.0,1800.0,0.0,6.375
451.0,2026-05-06T03:25:43.239813+00:00,75.3644,0.1372,97.0701,0.0255,0.7648,0.0,1800.0,0.0,6.3878
451.5,2026-05-06T03:25:43.739383+00:00,75.3842,0.1691,96.9382,-0.0575,0.7648,0.0,1800.0,0.0,6.394
452.0,2026-05-06T03:25:44.241284+00:00,75.3995,0.1299,96.9525,-0.0828,0.7648,0.0,1800.0,0.0,6.3971
452.5,2026-05-06T03:25:44.745357+00:00,75.4112,0.0362,96.9635,-0.0636,0.7648,0.0,1800.0,0.0,6.3986
453.0,2026-05-06T03:25:45.239360+00:00,75.4201,0.0279,96.8562,-0.0875,0.7648,0.0,1800.0,0.0,6.3481
453.5,2026-05-06T03:25:45.739373+00:00,75.427,0.0214,96.8895,-0.0672,0.7648,0.0,1800.0,0.0,6.3235
454.0,2026-05-06T03:25:46.239507+00:00,75.4324,0.0165,97.0308,-0.0131,0.7648,0.0,1800.0,0.0,6.3115
454.5,2026-05-06T03:25:46.739372+00:00,75.3092,-0.051,97.0236,0.0285,0.7648,0.0,1800.0,0.0,6.3056
455.0,2026-05-06T03:25:47.248154+00:00,75.3418,-0.0392,96.9025,-0.0167,0.7648,0.0,1800.0,0.0,6.3027
455.5,2026-05-06T03:25:47.741019+00:00,75.2395,-0.0938,96.925,-0.0128,0.7648,0.0,1800.0,0.0,6.3013
456.0,2026-05-06T03:25:48.239515+00:00,75.4155,-0.0084,96.9424,0.0287,0.7648,0.0,1800.0,0.0,6.3006
456.5,2026-05-06T03:25:48.740335+00:00,75.5508,0.1208,96.84,-0.0165,0.7648,0.0,1800.0,0.0,6.3003
457.0,2026-05-06T03:25:49.239854+00:00,75.5274,0.0928,96.877,-0.0512,0.7648,0.0,1800.0,0.0,6.3002
457.5,2026-05-06T03:25:49.745781+00:00,75.5095,0.135,96.9055,-0.0394,0.7648,0.0,1800.0,0.0,6.3001
458.000212,2026-05-06T03:25:50.239681+00:00,75.4957,0.0401,96.8117,-0.0303,0.7648,0.0,1800.0,0.0,6.3
458.5,2026-05-06T03:25:50.739353+00:00,75.6124,0.0308,96.7395,-0.0618,0.7648,0.0,1800.0,0.0,6.3
459.0,2026-05-06T03:25:51.239369+00:00,75.5748,0.0237,96.7998,-0.0475,0.7648,0.0,1800.0,0.0,6.3
459.5,2026-05-06T03:25:51.739358+00:00,75.6732,0.0819,96.9618,0.0406,0.7648,0.0,1800.0,0.0,6.3
460.0,2026-05-06T03:25:52.244253+00:00,75.4943,-0.0007,96.9707,0.0312,0.7648,0.0,1800.0,0.0,6.3
460.5,2026-05-06T03:25:52.739434+00:00,75.4841,-0.0642,96.9775,0.024,0.7648,0.0,1800.0,0.0,6.3
461.0,2026-05-06T03:25:53.239368+00:00,75.4762,-0.0493,96.867,0.0184,0.7648,0.0,1800.0,0.0,6.3
461.5,2026-05-06T03:25:53.739505+00:00,75.3428,-0.1652,96.8978,0.0527,0.7648,0.0,1800.0,0.0,6.3
462.0,2026-05-06T03:25:54.240398+00:00,75.1131,-0.1906,96.9214,0.0405,0.7648,0.0,1800.0,0.0,6.3
462.5,2026-05-06T03:25:54.745563+00:00,75.3183,-0.0829,96.7082,-0.0845,0.7648,0.0,1800.0,0.0,6.3
463.0,2026-05-06T03:25:55.239377+00:00,75.3488,-0.0637,96.5443,-0.1421,0.7648,0.0,1800.0,0.0,6.3
463.5,2026-05-06T03:25:55.739510+00:00,75.754,0.2056,96.6498,-0.1092,0.7648,0.0,1800.0,0.0,6.3
464.0,2026-05-06T03:25:56.239476+00:00,75.6837,0.2853,96.7308,-0.0454,0.7648,0.0,1800.0,0.0,6.3
464.5,2026-05-06T03:25:56.739403+00:00,75.6296,0.1556,96.6774,-0.0735,0.7648,0.0,1800.0,0.0,6.3
465.0,2026-05-06T03:25:57.244078+00:00,75.4608,0.056,96.6363,-0.095,0.7648,0.0,1800.0,0.0,6.2488
465.5,2026-05-06T03:25:57.739361+00:00,75.5855,-0.0842,96.7205,0.0041,0.7648,0.0,1800.0,0.0,6.275
466.0,2026-05-06T03:25:58.239364+00:00,75.6815,-0.0011,96.7852,0.0803,0.7648,0.0,1800.0,0.0,6.2878
466.5,2026-05-06T03:25:58.739349+00:00,75.6279,-0.0009,96.9506,0.1003,0.7648,0.0,1800.0,0.0,6.294
467.0,2026-05-06T03:25:59.239363+00:00,75.714,0.1266,96.8463,0.0385,0.7648,0.0,1800.0,0.0,6.2971
467.5,2026-05-06T03:25:59.747828+00:00,75.7802,0.0973,96.7662,0.0296,0.7648,0.0,1800.0,0.0,6.2986
468.0,2026-05-06T03:26:00.239454+00:00,75.7038,0.0112,96.8203,0.0613,0.7648,0.0,1800.0,0.0,6.2993
468.5,2026-05-06T03:26:00.741328+00:00,75.6451,0.0086,96.8619,0.0471,0.7648,0.0,1800.0,0.0,6.2997
469.0,2026-05-06T03:26:01.239508+00:00,75.5999,-0.057,96.8938,0.0362,0.7648,0.0,1800.0,0.0,6.2998
469.5,2026-05-06T03:26:01.740132+00:00,75.5652,-0.1075,96.9184,-0.0107,0.7648,0.0,1800.0,0.0,6.2999
470.0,2026-05-06T03:26:02.248637+00:00,75.5386,-0.0826,96.9373,0.0303,0.7648,0.0,1800.0,0.0,6.3
470.5,2026-05-06T03:26:02.739949+00:00,75.8999,0.1274,96.8361,0.0233,0.7648,0.0,1800.0,0.0,6.3
471.0,2026-05-06T03:26:03.239392+00:00,75.7958,0.0979,96.6426,-0.0592,0.7648,0.0,1800.0,0.0,6.3
471.5,2026-05-06T03:26:03.739375+00:00,75.7158,0.0753,96.4939,-0.1227,0.7648,0.0,1800.0,0.0,6.3
472.0,2026-05-06T03:26:04.239386+00:00,75.7815,0.1215,96.1482,-0.2485,0.7648,0.0,1800.0,0.0,6.3
472.5,2026-05-06T03:26:04.743902+00:00,75.7048,-0.0975,96.3453,-0.191,0.7648,0.0,1800.0,0.0,6.3
473.0,2026-05-06T03:26:05.239806+00:00,75.7731,-0.0113,96.4968,-0.1468,0.7648,0.0,1800.0,0.0,6.3
473.5,2026-05-06T03:26:05.739372+00:00,75.6984,-0.0087,96.6133,-0.0743,0.7648,0.0,1800.0,0.0,6.3
474.0,2026-05-06T03:26:06.239410+00:00,75.5136,-0.134,96.4713,-0.0571,0.7648,0.0,1800.0,0.0,6.3
474.5,2026-05-06T03:26:06.739413+00:00,75.6262,-0.0393,96.7094,0.0718,0.7648,0.0,1800.0,0.0,6.3
475.0,2026-05-06T03:26:07.245272+00:00,75.7127,-0.0302,96.5452,0.1323,0.7648,0.0,1800.0,0.0,6.3
475.5,2026-05-06T03:26:07.739994+00:00,75.5246,-0.0869,96.5348,0.0631,0.7648,0.0,1800.0,0.0,6.3
476.0,2026-05-06T03:26:08.239374+00:00,75.5074,-0.0031,96.5267,0.01,0.7648,0.0,1800.0,0.0,6.3
476.5,2026-05-06T03:26:08.739895+00:00,75.3668,-0.1297,96.5205,-0.0309,0.7648,0.0,1800.0,0.0,6.3
477.0,2026-05-06T03:26:09.239369+00:00,75.3861,-0.1633,96.6315,0.0534,0.7648,0.0,1800.0,0.0,6.3
477.5,2026-05-06T03:26:09.747921+00:00,75.4009,-0.0619,96.7168,0.0025,0.7648,0.0,1800.0,0.0,6.3
478.0,2026-05-06T03:26:10.239780+00:00,75.5395,0.0161,96.6666,0.0405,0.7648,0.0,1800.0,0.0,6.3
478.5,2026-05-06T03:26:10.739748+00:00,75.6461,0.1396,96.5123,-0.0075,0.7648,0.0,1800.0,0.0,6.3
479.0,2026-05-06T03:26:11.239439+00:00,75.6007,0.1073,96.6252,0.0328,0.7648,0.0,1800.0,0.0,6.3
479.5,2026-05-06T03:26:11.739410+00:00,75.5658,0.0825,96.4805,-0.0133,0.7648,0.0,1800.0,0.0,6.3
480.0,2026-05-06T03:26:12.247111+00:00,75.539,-0.0002,96.485,-0.0488,0.7648,0.0,1800.0,0.0,6.3
480.5,2026-05-06T03:26:12.739384+00:00,75.5184,-0.0638,96.3497,-0.1224,0.7648,0.0,1800.0,0.0,6.3
481.0,2026-05-06T03:26:13.239403+00:00,75.5026,-0.0491,96.3844,-0.0941,0.7648,0.0,1800.0,0.0,6.3
481.5,2026-05-06T03:26:13.739388+00:00,75.4904,-0.0377,96.4112,-0.0337,0.7648,0.0,1800.0,0.0,6.3
482.0,2026-05-06T03:26:14.240087+00:00,75.6083,0.0347,96.5474,-0.0259,0.7648,0.0,1800.0,0.0,6.3
482.5,2026-05-06T03:26:14.747422+00:00,75.699,0.0903,96.5365,0.0186,0.7648,0.0,1800.0,0.0,6.3
483.0,2026-05-06T03:26:15.239359+00:00,76.0232,0.2603,96.528,0.0143,0.7648,0.0,1800.0,0.0,6.3
483.5,2026-05-06T03:26:15.739376+00:00,75.7633,0.1364,96.267,-0.0276,0.7648,0.0,1800.0,0.0,6.3
484.0,2026-05-06T03:26:16.239398+00:00,75.818,0.1049,96.3209,-0.0212,0.7648,0.0,1800.0,0.0,6.3
484.5,2026-05-06T03:26:16.739403+00:00,75.6056,-0.0467,96.4781,0.0223,0.7648,0.0,1800.0,0.0,6.3
485.0,2026-05-06T03:26:17.245286+00:00,75.6969,-0.1631,96.5988,0.0171,0.7648,0.0,1800.0,0.0,6.3
485.5,2026-05-06T03:26:17.739510+00:00,75.767,0.0019,96.4603,-0.0254,0.7648,0.0,1800.0,0.0,6.3
486.0,2026-05-06T03:26:18.239383+00:00,75.4391,-0.1895,96.3538,-0.0581,0.7648,0.0,1800.0,0.0,6.3
486.5,2026-05-06T03:26:18.740509+00:00,75.4416,-0.082,96.3876,0.0402,0.7648,0.0,1800.0,0.0,6.3
487.0,2026-05-06T03:26:19.240006+00:00,75.3163,-0.1903,96.2979,-0.0077,0.7648,0.0,1800.0,0.0,6.3
487.5,2026-05-06T03:26:19.749649+00:00,75.3472,-0.2099,96.3447,-0.0445,0.7648,0.0,1800.0,0.0,6.3
488.0,2026-05-06T03:26:20.239431+00:00,75.4983,0.0296,96.3806,-0.0727,0.7648,0.0,1800.0,0.0,6.3
488.5,2026-05-06T03:26:20.742031+00:00,75.6144,0.0864,96.5239,0.0212,0.7648,0.0,1800.0,0.0,6.3
489.0,2026-05-06T03:26:21.239377+00:00,75.8309,0.2573,96.6341,0.0934,0.7648,0.0,1800.0,0.0,6.3
489.5,2026-05-06T03:26:21.739386+00:00,75.87,0.2614,96.7188,0.1104,0.7648,0.0,1800.0,0.0,6.3
490.0,2026-05-06T03:26:22.244816+00:00,75.7728,0.1373,96.7838,0.162,0.7648,0.0,1800.0,0.0,6.3
490.5,2026-05-06T03:26:22.739369+00:00,75.8254,0.1055,96.8339,0.1631,0.7648,0.0,1800.0,0.0,6.3
491.0,2026-05-06T03:26:23.239378+00:00,75.8658,0.0175,96.988,0.2025,0.7648,0.0,1800.0,0.0,6.3
491.5,2026-05-06T03:26:23.739394+00:00,76.0241,0.0771,97.1065,0.1942,0.7648,0.0,1800.0,0.0,6.3
492.0,2026-05-06T03:26:24.239901+00:00,76.0185,0.1229,96.9661,0.1107,0.7648,0.0,1800.0,0.0,6.3
492.5,2026-05-06T03:26:24.746960+00:00,75.7597,-0.0328,96.7426,0.0079,0.7648,0.0,1800.0,0.0,6.3
493.0,2026-05-06T03:26:25.239948+00:00,75.8153,-0.0252,96.6864,-0.0325,0.7648,0.0,1800.0,0.0,6.3512
493.5,2026-05-06T03:26:25.740319+00:00,75.7308,-0.1467,96.759,-0.025,0.7648,0.0,1800.0,0.0,6.3762
494.0,2026-05-06T03:26:26.239407+00:00,75.6658,-0.1764,96.5834,-0.1349,0.7648,0.0,1800.0,0.0,6.3884
494.5,2026-05-06T03:26:26.739387+00:00,75.7431,-0.0083,96.4484,-0.2194,0.7648,0.0,1800.0,0.0,6.3943
495.0,2026-05-06T03:26:27.246332+00:00,75.8026,-0.0064,96.4603,-0.1686,0.7648,0.0,1800.0,0.0,6.346
495.5,2026-05-06T03:26:27.739354+00:00,75.5937,-0.0685,96.4695,-0.091,0.7648,0.0,1800.0,0.0,6.3225
496.0,2026-05-06T03:26:28.239363+00:00,75.6877,0.011,96.5923,-0.0314,0.7648,0.0,1800.0,0.0,6.311
496.5,2026-05-06T03:26:28.739455+00:00,75.6327,-0.0552,96.6866,-0.0241,0.7648,0.0,1800.0,0.0,6.3053
497.0,2026-05-06T03:26:29.239432+00:00,75.4632,-0.1697,96.6434,0.02,0.7648,0.0,1800.0,0.0,6.3026
497.5,2026-05-06T03:26:29.744614+00:00,75.3329,-0.1304,96.6102,0.054,0.7648,0.0,1800.0,0.0,6.3013
498.0,2026-05-06T03:26:30.240520+00:00,75.4872,-0.1003,96.5847,0.0415,0.7648,0.0,1800.0,0.0,6.3006
498.5,2026-05-06T03:26:30.740381+00:00,75.6059,-0.0134,96.6808,0.0704,0.7648,0.0,1800.0,0.0,6.3003
499.0,2026-05-06T03:26:31.239386+00:00,75.6971,0.117,96.639,0.0156,0.7648,0.0,1800.0,0.0,6.3001
499.5,2026-05-06T03:26:31.739447+00:00,75.6399,0.1535,96.6068,-0.0266,0.7648,0.0,1800.0,0.0,6.3001
500.0,2026-05-06T03:26:32.246249+00:00,75.8505,0.1816,96.5821,-0.0204,0.7648,0.0,1800.0,0.0,6.3
500.5,2026-05-06T03:26:32.740036+00:00,75.8851,0.1396,96.6788,0.0229,0.7648,0.0,1800.0,0.0,6.3
501.0,2026-05-06T03:26:33.240045+00:00,75.7844,0.0437,96.5217,-0.021,0.7648,0.0,1800.0,0.0,6.3
501.5,2026-05-06T03:26:33.739580+00:00,75.5798,-0.0301,96.6324,-0.0161,0.7648,0.0,1800.0,0.0,6.3
502.0,2026-05-06T03:26:34.241140+00:00,75.5497,-0.1504,96.5786,-0.0201,0.7648,0.0,1800.0,0.0,6.3
502.5,2026-05-06T03:26:34.846309+00:00,75.5267,-0.1792,96.5604,-0.0155,0.7648,0.0,1800.0,0.0,6.3
503.0,2026-05-06T03:26:35.239514+00:00,75.5089,-0.1377,96.4307,-0.0505,0.7648,0.0,1800.0,0.0,6.3
503.5,2026-05-06T03:26:35.739381+00:00,75.6226,0.0214,96.4468,-0.0773,0.7648,0.0,1800.0,0.0,6.3
504.0,2026-05-06T03:26:36.239371+00:00,75.7099,0.0801,96.4591,-0.0209,0.7648,0.0,1800.0,0.0,6.3
504.5,2026-05-06T03:26:36.739363+00:00,75.9043,0.1888,96.3529,-0.0932,0.7648,0.0,1800.0,0.0,6.3
505.0,2026-05-06T03:26:37.246027+00:00,75.9264,0.2088,96.5026,-0.0253,0.7648,0.0,1800.0,0.0,6.3
505.5,2026-05-06T03:26:37.739387+00:00,76.0707,0.2241,96.502,-0.0195,0.7648,0.0,1800.0,0.0,6.3
506.0,2026-05-06T03:26:38.239393+00:00,76.1816,0.2359,96.2701,-0.0535,0.7648,0.0,1800.0,0.0,6.3
506.5,2026-05-06T03:26:38.739470+00:00,76.1396,0.1177,96.2076,-0.0797,0.7648,0.0,1800.0,0.0,6.3
507.0,2026-05-06T03:26:39.239381+00:00,76.1073,0.0904,96.391,-0.0227,0.7648,0.0,1800.0,0.0,6.3
507.5,2026-05-06T03:26:39.744483+00:00,76.0825,0.0059,96.4162,0.0211,0.7648,0.0,1800.0,0.0,6.3
508.0,2026-05-06T03:26:40.239467+00:00,75.9361,-0.1228,96.4356,-0.0223,0.7648,0.0,1800.0,0.0,6.3
508.5,2026-05-06T03:26:40.739629+00:00,75.8236,-0.158,96.3117,-0.0634,0.7648,0.0,1800.0,0.0,6.3
509.0,2026-05-06T03:26:41.239446+00:00,75.7372,-0.1851,96.2395,-0.0102,0.7648,0.0,1800.0,0.0,6.3
509.5,2026-05-06T03:26:41.741018+00:00,75.9253,-0.0786,96.4155,0.0693,0.7648,0.0,1800.0,0.0,6.3
510.0,2026-05-06T03:26:42.245725+00:00,76.0698,0.0669,96.4351,0.0147,0.7648,0.0,1800.0,0.0,6.3
510.5,2026-05-06T03:26:42.741386+00:00,75.9264,0.0514,96.5658,0.0499,0.7648,0.0,1800.0,0.0,6.3
511.0,2026-05-06T03:26:43.239444+00:00,75.8162,0.0395,96.5506,0.0383,0.7648,0.0,1800.0,0.0,6.3
511.5,2026-05-06T03:26:43.739420+00:00,75.8587,-0.0333,96.5389,0.0757,0.7648,0.0,1800.0,0.0,6.3
512.000089,2026-05-06T03:26:44.239482+00:00,75.6369,-0.2165,96.1596,-0.0266,0.7648,0.0,1800.0,0.0,6.3
512.5,2026-05-06T03:26:44.746494+00:00,75.8482,-0.0391,96.2384,-0.059,0.7648,0.0,1800.0,0.0,6.3
513.0,2026-05-06T03:26:45.239389+00:00,75.8833,0.0336,96.2989,-0.0454,0.7648,0.0,1800.0,0.0,6.3
513.5,2026-05-06T03:26:45.739392+00:00,76.0376,0.0894,96.3455,-0.0734,0.7648,0.0,1800.0,0.0,6.3
514.0,2026-05-06T03:26:46.239372+00:00,76.0289,0.196,96.3812,-0.0564,0.7648,0.0,1800.0,0.0,6.3
514.5,2026-05-06T03:26:46.739446+00:00,76.1495,0.1507,96.4087,-0.0434,0.7648,0.0,1800.0,0.0,6.3
515.0,2026-05-06T03:26:47.243859+00:00,76.1149,0.1158,96.4298,0.0901,0.7648,0.0,1800.0,0.0,6.3
515.5,2026-05-06T03:26:47.739436+00:00,75.961,-0.0383,96.4461,0.0692,0.7648,0.0,1800.0,0.0,6.3
516.0,2026-05-06T03:26:48.239437+00:00,76.0973,0.0342,96.4585,0.0532,0.7648,0.0,1800.0,0.0,6.3
516.5,2026-05-06T03:26:48.739373+00:00,75.9475,-0.101,96.4681,0.0409,0.7648,0.0,1800.0,0.0,6.3
517.0,2026-05-06T03:26:49.239382+00:00,75.9597,-0.0776,96.4755,0.0314,0.7648,0.0,1800.0,0.0,6.3
517.5,2026-05-06T03:26:49.744498+00:00,75.969,0.004,96.3655,-0.0144,0.7648,0.0,1800.0,0.0,6.3
518.0,2026-05-06T03:26:50.239787+00:00,75.9762,-0.0606,96.3966,-0.0111,0.7648,0.0,1800.0,0.0,6.2488
518.5,2026-05-06T03:26:50.739887+00:00,75.9817,0.0171,96.5362,0.0301,0.7648,0.0,1800.0,0.0,6.2238
519.0,2026-05-06T03:26:51.239636+00:00,75.9859,0.0131,96.5278,0.0231,0.7648,0.0,1800.0,0.0,6.2116
519.5,2026-05-06T03:26:51.740841+00:00,76.1165,0.0737,96.5214,0.0178,0.7648,0.0,1800.0,0.0,6.2057
520.0,2026-05-06T03:26:52.245360+00:00,75.9622,-0.007,96.6322,0.0522,0.7648,0.0,1800.0,0.0,6.2028
520.5,2026-05-06T03:26:52.739364+00:00,75.971,-0.0054,96.7173,0.1173,0.7648,0.0,1800.0,0.0,6.2526
521.0,2026-05-06T03:26:53.239375+00:00,75.8504,-0.0678,96.8984,0.1673,0.7648,0.0,1800.0,0.0,6.2768
521.5,2026-05-06T03:26:53.739380+00:00,75.7578,-0.1793,96.8062,0.09,0.7648,0.0,1800.0,0.0,6.2887
522.0,2026-05-06T03:26:54.239378+00:00,75.8138,-0.0742,96.9668,0.1463,0.7648,0.0,1800.0,0.0,6.2945
522.5,2026-05-06T03:26:54.748011+00:00,75.7296,-0.1207,96.9744,0.151,0.7648,0.0,1800.0,0.0,6.2973
523.0,2026-05-06T03:26:55.240739+00:00,75.6649,-0.0927,96.9804,0.1161,0.7648,0.0,1800.0,0.0,6.2987
523.5,2026-05-06T03:26:55.739390+00:00,75.6152,-0.0713,96.9849,0.0892,0.7648,0.0,1800.0,0.0,6.2994
524.0,2026-05-06T03:26:56.239418+00:00,75.7042,-0.0548,96.9884,0.03,0.7648,0.0,1800.0,0.0,6.2997
524.5,2026-05-06T03:26:56.739885+00:00,75.7727,0.0215,96.7597,-0.0155,0.7648,0.0,1800.0,0.0,6.2998
525.0,2026-05-06T03:26:57.244936+00:00,75.9525,0.1438,96.6996,-0.0891,0.7648,0.0,1800.0,0.0,6.2999
525.5,2026-05-06T03:26:57.739838+00:00,76.0908,0.2378,96.5377,-0.1456,0.7648,0.0,1800.0,0.0,6.3
526.0,2026-05-06T03:26:58.239417+00:00,76.0698,0.1828,96.529,-0.1505,0.7648,0.0,1800.0,0.0,6.3
526.5,2026-05-06T03:26:58.739376+00:00,76.1809,0.2041,96.5223,-0.1542,0.7648,0.0,1800.0,0.0,6.3
527.0,2026-05-06T03:26:59.239384+00:00,76.139,0.0932,96.5171,-0.1571,0.7648,0.0,1800.0,0.0,6.3
527.5,2026-05-06T03:26:59.743862+00:00,75.7251,-0.1829,96.7446,-0.005,0.7648,0.0,1800.0,0.0,6.3
528.0,2026-05-06T03:27:00.239390+00:00,75.6614,-0.2042,96.688,-0.0039,0.7648,0.0,1800.0,0.0,6.3
528.5,2026-05-06T03:27:00.739379+00:00,75.7398,-0.2206,96.6445,0.0356,0.7648,0.0,1800.0,0.0,6.3
529.0,2026-05-06T03:27:01.239487+00:00,75.8,-0.1695,96.4722,-0.0189,0.7648,0.0,1800.0,0.0,6.3
529.5,2026-05-06T03:27:01.740804+00:00,75.9735,0.1242,96.4786,-0.0145,0.7648,0.0,1800.0,0.0,6.3
530.0,2026-05-06T03:27:02.245713+00:00,75.9797,0.1591,96.3679,-0.0497,0.7648,0.0,1800.0,0.0,6.3
530.5,2026-05-06T03:27:02.739407+00:00,76.1116,0.1859,96.2828,-0.1539,0.7648,0.0,1800.0,0.0,6.3
531.0,2026-05-06T03:27:03.239432+00:00,75.9585,0.0793,96.333,-0.1183,0.7648,0.0,1800.0,0.0,6.3
531.5,2026-05-06T03:27:03.739372+00:00,76.0954,0.0609,96.3717,-0.0909,0.7648,0.0,1800.0,0.0,6.3
532.0,2026-05-06T03:27:04.239415+00:00,76.0733,0.0468,96.5171,0.015,0.7648,0.0,1800.0,0.0,6.3
532.5,2026-05-06T03:27:04.744884+00:00,76.1836,0.036,96.6288,0.0501,0.7648,0.0,1800.0,0.0,6.3
533.0,2026-05-06T03:27:05.241213+00:00,76.2684,0.1549,96.7147,0.1156,0.7648,0.0,1800.0,0.0,6.3
533.500667,2026-05-06T03:27:05.740615+00:00,76.4608,0.1827,96.665,0.1274,0.7648,0.0,1800.0,0.0,6.3
534.0,2026-05-06T03:27:06.239470+00:00,76.4815,0.2041,96.6037,0.0902,0.7648,0.0,1800.0,0.0,6.3
534.5,2026-05-06T03:27:06.739395+00:00,76.3701,0.0932,96.464,0.0308,0.7648,0.0,1800.0,0.0,6.3
535.0,2026-05-06T03:27:07.246775+00:00,76.4117,0.0716,96.4723,-0.0149,0.7648,0.0,1800.0,0.0,6.3
535.5,2026-05-06T03:27:07.739388+00:00,76.571,0.0551,96.4787,-0.05,0.7648,0.0,1800.0,0.0,6.3
536.0,2026-05-06T03:27:08.239379+00:00,76.3116,-0.0849,96.5994,-0.0384,0.7648,0.0,1800.0,0.0,6.3
536.5,2026-05-06T03:27:08.739362+00:00,76.2395,-0.0653,96.6921,0.009,0.7648,0.0,1800.0,0.0,6.3
537.0,2026-05-06T03:27:09.239399+00:00,76.3113,-0.0502,96.7633,0.0532,0.7648,0.0,1800.0,0.0,6.3
537.5,2026-05-06T03:27:09.747771+00:00,76.3666,-0.1022,96.8181,0.118,0.7648,0.0,1800.0,0.0,6.3
538.0,2026-05-06T03:27:10.240167+00:00,76.1545,-0.0786,96.7445,0.0907,0.7648,0.0,1800.0,0.0,6.3
538.5,2026-05-06T03:27:10.739809+00:00,76.1187,-0.0604,96.9193,0.1469,0.7648,0.0,1800.0,0.0,6.3
539.0,2026-05-06T03:27:11.239576+00:00,76.0913,-0.11,96.938,0.1129,0.7648,0.0,1800.0,0.0,6.3
539.5,2026-05-06T03:27:11.740392+00:00,76.0701,-0.1482,96.9523,0.0868,0.7648,0.0,1800.0,0.0,6.3
540.0,2026-05-06T03:27:12.249195+00:00,75.7994,-0.1776,96.9634,0.0667,0.7648,0.0,1800.0,0.0,6.3
540.5,2026-05-06T03:27:12.739448+00:00,75.9731,-0.0728,97.0875,0.0898,0.7648,0.0,1800.0,0.0,6.3
541.0,2026-05-06T03:27:13.239382+00:00,76.1066,0.0077,97.0673,0.1076,0.7648,0.0,1800.0,0.0,6.3
541.5,2026-05-06T03:27:13.739391+00:00,76.0819,0.0059,97.0517,0.0441,0.7648,0.0,1800.0,0.0,6.3
542.0,2026-05-06T03:27:14.239369+00:00,76.1902,0.1954,97.0397,0.0339,0.7648,0.0,1800.0,0.0,6.3
542.5,2026-05-06T03:27:14.746027+00:00,76.4007,0.2138,96.7991,-0.0511,0.7648,0.0,1800.0,0.0,6.3
543.0,2026-05-06T03:27:15.239372+00:00,76.0535,-0.0265,96.8456,-0.0392,0.7648,0.0,1800.0,0.0,6.3
543.5,2026-05-06T03:27:15.739389+00:00,76.2956,0.1069,96.7656,-0.1073,0.7648,0.0,1800.0,0.0,6.3
544.0,2026-05-06T03:27:16.239368+00:00,76.3545,0.0821,96.7042,-0.121,0.7648,0.0,1800.0,0.0,6.3
544.5,2026-05-06T03:27:16.739486+00:00,76.1452,-0.1278,96.6569,-0.1316,0.7648,0.0,1800.0,0.0,6.3
545.0,2026-05-06T03:27:17.244779+00:00,76.1116,0.0291,96.6206,-0.1397,0.7648,0.0,1800.0,0.0,6.2488
545.5,2026-05-06T03:27:17.740036+00:00,76.213,-0.0413,96.477,-0.1074,0.7648,0.0,1800.0,0.0,6.275
546.0,2026-05-06T03:27:18.239484+00:00,76.291,-0.0317,96.7137,-0.044,0.7648,0.0,1800.0,0.0,6.2878
546.5,2026-05-06T03:27:18.739628+00:00,76.0964,-0.0244,96.5486,-0.0724,0.7648,0.0,1800.0,0.0,6.294
547.0,2026-05-06T03:27:19.239426+00:00,76.0741,-0.0188,96.5373,-0.0556,0.7648,0.0,1800.0,0.0,6.2971
547.5,2026-05-06T03:27:19.744714+00:00,76.1842,-0.0144,96.5287,-0.0427,0.7648,0.0,1800.0,0.0,6.2986
548.0,2026-05-06T03:27:20.239515+00:00,76.2689,-0.0111,96.5221,-0.0329,0.7648,0.0,1800.0,0.0,6.2993
548.5,2026-05-06T03:27:20.739412+00:00,76.3339,0.1188,96.517,0.0133,0.7648,0.0,1800.0,0.0,6.2997
549.0,2026-05-06T03:27:21.239408+00:00,76.2566,0.0913,96.513,-0.0669,0.7648,0.0,1800.0,0.0,6.2998
549.5,2026-05-06T03:27:21.739384+00:00,76.4518,0.1338,96.51,-0.0129,0.7648,0.0,1800.0,0.0,6.2999
550.0,2026-05-06T03:27:22.245120+00:00,76.4745,0.1028,96.5077,-0.0099,0.7648,0.0,1800.0,0.0,6.2488
550.5,2026-05-06T03:27:22.739366+00:00,76.492,0.079,96.1357,-0.131,0.7648,0.0,1800.0,0.0,6.275
551.0,2026-05-06T03:27:23.239365+00:00,76.5054,0.1244,96.22,-0.1007,0.7648,0.0,1800.0,0.0,6.2878
551.5,2026-05-06T03:27:23.739409+00:00,76.2612,-0.0953,96.2848,-0.0774,0.7648,0.0,1800.0,0.0,6.294
552.0,2026-05-06T03:27:24.239368+00:00,76.2008,-0.1369,96.3346,-0.0595,0.7648,0.0,1800.0,0.0,6.2971
552.5,2026-05-06T03:27:24.746455+00:00,76.027,-0.2325,96.6043,0.0314,0.7648,0.0,1800.0,0.0,6.2986
553.0,2026-05-06T03:27:25.239424+00:00,76.0208,-0.2423,96.6958,0.0627,0.7648,0.0,1800.0,0.0,6.2481
553.5,2026-05-06T03:27:25.739376+00:00,76.016,-0.1226,96.8819,0.2487,0.7648,0.0,1800.0,0.0,6.2235
554.0,2026-05-06T03:27:26.240369+00:00,76.2668,0.033,96.9092,0.2298,0.7648,0.0,1800.0,0.0,6.2115
554.5,2026-05-06T03:27:26.739508+00:00,76.4596,0.2163,96.9302,0.2152,0.7648,0.0,1800.0,0.0,6.2056
555.0,2026-05-06T03:27:27.247631+00:00,76.4805,0.2299,96.9464,0.2039,0.7648,0.0,1800.0,0.0,6.2027
555.5,2026-05-06T03:27:27.739506+00:00,76.6239,0.304,97.0745,0.1567,0.7648,0.0,1800.0,0.0,6.2525
556.0,2026-05-06T03:27:28.239523+00:00,76.734,0.2336,96.8259,0.0433,0.7648,0.0,1800.0,0.0,6.2768
556.501533,2026-05-06T03:27:28.741252+00:00,76.3097,-0.075,96.8662,-0.0053,0.7648,0.0,1800.0,0.0,6.2887
557.0,2026-05-06T03:27:29.239364+00:00,76.3653,-0.0576,96.874,-0.0118,0.7648,0.0,1800.0,0.0,6.2945
557.5,2026-05-06T03:27:29.745104+00:00,76.2807,-0.1716,96.9031,-0.009,0.7648,0.0,1800.0,0.0,6.2973
558.0,2026-05-06T03:27:30.239402+00:00,76.2158,-0.2591,96.9256,-0.0069,0.7648,0.0,1800.0,0.0,6.2987
558.5,2026-05-06T03:27:30.739513+00:00,76.2931,-0.0083,96.7114,-0.121,0.7648,0.0,1800.0,0.0,6.2994
559.0,2026-05-06T03:27:31.240251+00:00,76.3526,-0.0064,96.6625,-0.0545,0.7648,0.0,1800.0,0.0,6.2997
559.5,2026-05-06T03:27:31.739469+00:00,76.3982,0.0588,96.8563,-0.0033,0.7648,0.0,1800.0,0.0,6.2998
560.0,2026-05-06T03:27:32.244626+00:00,76.4334,0.1088,96.8895,0.0052,0.7648,0.0,1800.0,0.0,6.2999
560.5,2026-05-06T03:27:32.739519+00:00,76.4604,0.0836,96.9151,0.004,0.7648,0.0,1800.0,0.0,6.3
561.0,2026-05-06T03:27:33.240694+00:00,76.6084,0.1279,96.7959,-0.0432,0.7648,0.0,1800.0,0.0,6.3
561.5,2026-05-06T03:27:33.739414+00:00,76.3403,-0.029,96.8431,0.0439,0.7648,0.0,1800.0,0.0,6.3
562.0,2026-05-06T03:27:34.239411+00:00,76.1343,-0.1495,96.7637,0.0338,0.7648,0.0,1800.0,0.0,6.3
562.5,2026-05-06T03:27:34.745573+00:00,76.2305,-0.1149,96.7027,-0.0512,0.7648,0.0,1800.0,0.0,6.3
563.0,2026-05-06T03:27:35.239371+00:00,76.3044,-0.152,96.7715,-0.0393,0.7648,0.0,1800.0,0.0,6.3
563.5,2026-05-06T03:27:35.739937+00:00,76.3613,0.0105,96.7087,-0.0688,0.7648,0.0,1800.0,0.0,6.3
564.0,2026-05-06T03:27:36.239374+00:00,76.2777,0.0717,96.7761,-0.0066,0.7648,0.0,1800.0,0.0,6.3
564.5,2026-05-06T03:27:36.739360+00:00,76.2134,-0.0085,96.8279,-0.0051,0.7648,0.0,1800.0,0.0,6.3
565.0,2026-05-06T03:27:37.345560+00:00,76.2913,-0.0066,96.752,-0.0039,0.7648,0.0,1800.0,0.0,6.3
565.5,2026-05-06T03:27:37.739440+00:00,76.3512,-0.005,96.6937,-0.003,0.7648,0.0,1800.0,0.0,6.3
566.0,2026-05-06T03:27:38.239434+00:00,76.3972,0.0598,96.7646,-0.0023,0.7648,0.0,1800.0,0.0,6.3
566.5,2026-05-06T03:27:38.740322+00:00,76.4325,0.1096,96.8191,0.0368,0.7648,0.0,1800.0,0.0,6.3
567.0,2026-05-06T03:27:39.239667+00:00,76.587,0.1478,96.8609,0.0283,0.7648,0.0,1800.0,0.0,6.3
567.5,2026-05-06T03:27:39.745184+00:00,76.5784,0.1136,96.8931,0.0217,0.7648,0.0,1800.0,0.0,6.3
568.0,2026-05-06T03:27:40.239376+00:00,76.4446,0.0237,96.9178,0.0553,0.7648,0.0,1800.0,0.0,6.2488
568.5,2026-05-06T03:27:40.739992+00:00,76.469,0.0182,96.8212,0.0425,0.7648,0.0,1800.0,0.0,6.2238
569.0,2026-05-06T03:27:41.239366+00:00,76.4877,-0.0496,96.8625,0.0327,0.7648,0.0,1800.0,0.0,6.2116
569.5,2026-05-06T03:27:41.739394+00:00,76.6294,0.0255,97.01,0.0637,0.7648,0.0,1800.0,0.0,6.2057
570.0,2026-05-06T03:27:42.244419+00:00,76.7383,0.1469,97.0077,0.0489,0.7648,0.0,1800.0,0.0,6.2028
570.5,2026-05-06T03:27:42.739511+00:00,76.6947,0.1129,97.0059,0.0376,0.7648,0.0,1800.0,0.0,6.2526
571.0,2026-05-06T03:27:43.239695+00:00,76.6612,0.0868,97.0046,0.0289,0.7648,0.0,1800.0,0.0,6.2768
571.5,2026-05-06T03:27:43.739852+00:00,76.6355,0.003,97.0035,0.0608,0.7648,0.0,1800.0,0.0,6.2887
572.0,2026-05-06T03:27:44.240147+00:00,76.4884,-0.1249,96.887,0.0082,0.7648,0.0,1800.0,0.0,6.2945
572.5,2026-05-06T03:27:44.745449+00:00,76.3754,-0.1597,96.9131,-0.0323,0.7648,0.0,1800.0,0.0,6.2973
573.0,2026-05-06T03:27:45.239755+00:00,76.4158,-0.1227,96.8175,-0.0634,0.7648,0.0,1800.0,0.0,6.2987
573.5,2026-05-06T03:27:45.739938+00:00,76.4469,-0.0943,96.7209,-0.095,0.7648,0.0,1800.0,0.0,6.2994
574.0,2026-05-06T03:27:46.239482+00:00,76.598,0.0548,96.7855,-0.073,0.7648,0.0,1800.0,0.0,6.2997
574.5,2026-05-06T03:27:46.739370+00:00,76.5869,0.1057,96.8351,-0.0561,0.7648,0.0,1800.0,0.0,6.2998
575.0,2026-05-06T03:27:47.244373+00:00,76.4511,0.0176,96.8733,-0.0046,0.7648,0.0,1800.0,0.0,6.2999
575.5,2026-05-06T03:27:47.739389+00:00,76.474,0.0136,96.9026,-0.0035,0.7648,0.0,1800.0,0.0,6.3
576.0,2026-05-06T03:27:48.239483+00:00,76.3643,-0.1169,96.9251,0.0359,0.7648,0.0,1800.0,0.0,6.3
576.5,2026-05-06T03:27:48.739442+00:00,76.5345,-0.0262,96.9425,0.0738,0.7648,0.0,1800.0,0.0,6.3
577.0,2026-05-06T03:27:49.239379+00:00,76.5381,0.0435,96.9558,0.0568,0.7648,0.0,1800.0,0.0,6.3
577.5,2026-05-06T03:27:49.744101+00:00,76.4136,-0.0302,97.0817,0.0822,0.7648,0.0,1800.0,0.0,6.3
578.0,2026-05-06T03:27:50.240779+00:00,76.3179,-0.0232,96.9471,0.0246,0.7648,0.0,1800.0,0.0,6.3
578.5,2026-05-06T03:27:50.739757+00:00,76.3716,-0.0815,97.075,0.0575,0.7648,0.0,1800.0,0.0,6.3
579.0,2026-05-06T03:27:51.239436+00:00,76.4129,-0.0626,97.0577,0.0442,0.7648,0.0,1800.0,0.0,6.3
579.5,2026-05-06T03:27:51.739383+00:00,76.4446,0.0155,97.0443,0.034,0.7648,0.0,1800.0,0.0,6.3
580.0,2026-05-06T03:27:52.244488+00:00,76.5963,0.1392,97.1498,0.0647,0.7648,0.0,1800.0,0.0,6.3
580.5,2026-05-06T03:27:52.739363+00:00,76.4583,0.0433,97.1151,0.0111,0.7648,0.0,1800.0,0.0,6.3
581.0,2026-05-06T03:27:53.239366+00:00,76.4795,0.0333,97.0885,0.0471,0.7648,0.0,1800.0,0.0,6.3
581.5,2026-05-06T03:27:53.739456+00:00,76.4958,0.0256,97.1837,0.0362,0.7648,0.0,1800.0,0.0,6.3
582.0,2026-05-06T03:27:54.240607+00:00,76.3811,-0.1076,97.1412,0.0278,0.7648,0.0,1800.0,0.0,6.3
582.5,2026-05-06T03:27:54.744615+00:00,76.4202,-0.0191,97.2242,0.06,0.7648,0.0,1800.0,0.0,6.3
583.0,2026-05-06T03:27:55.240016+00:00,76.5775,0.049,97.0566,-0.031,0.7648,0.0,1800.0,0.0,6.3
583.5,2026-05-06T03:27:55.739424+00:00,76.4439,-0.026,97.0435,-0.0239,0.7648,0.0,1800.0,0.0,6.3
584.0,2026-05-06T03:27:56.240990+00:00,76.3411,-0.02,97.0335,-0.0183,0.7648,0.0,1800.0,0.0,6.3
584.500424,2026-05-06T03:27:56.739862+00:00,76.3895,-0.0153,97.0257,-0.0527,0.7648,0.0,1800.0,0.0,6.3
585.0,2026-05-06T03:27:57.246175+00:00,76.4266,-0.0754,97.0198,-0.0405,0.7648,0.0,1800.0,0.0,6.3
585.5,2026-05-06T03:27:57.739384+00:00,76.3279,-0.058,97.0152,-0.0697,0.7648,0.0,1800.0,0.0,6.3
586.0,2026-05-06T03:27:58.239382+00:00,76.3793,0.0191,97.0117,-0.015,0.7648,0.0,1800.0,0.0,6.3
586.5,2026-05-06T03:27:58.739499+00:00,76.4188,0.0147,96.8933,-0.0501,0.7648,0.0,1800.0,0.0,6.3
587.0,2026-05-06T03:27:59.239411+00:00,76.3219,-0.0524,96.918,-0.0385,0.7648,0.0,1800.0,0.0,6.3
587.5,2026-05-06T03:27:59.745753+00:00,76.3747,0.0234,96.937,-0.0296,0.7648,0.0,1800.0,0.0,6.3
588.0,2026-05-06T03:28:00.239808+00:00,76.4152,0.018,96.9515,-0.0227,0.7648,0.0,1800.0,0.0,6.3
588.5,2026-05-06T03:28:00.739449+00:00,76.4464,0.0138,96.9628,-0.0175,0.7648,0.0,1800.0,0.0,6.3
589.0,2026-05-06T03:28:01.239480+00:00,76.4704,0.0743,96.9714,-0.0134,0.7648,0.0,1800.0,0.0,6.3
589.5,2026-05-06T03:28:01.739445+00:00,76.4888,0.0571,96.978,0.0282,0.7648,0.0,1800.0,0.0,6.3
590.0,2026-05-06T03:28:02.247228+00:00,76.503,0.0439,96.8674,-0.0169,0.7648,0.0,1800.0,0.0,6.3
590.5,2026-05-06T03:28:02.739388+00:00,76.6411,0.0973,96.8981,-0.013,0.7648,0.0,1800.0,0.0,6.3
591.0,2026-05-06T03:28:03.239347+00:00,76.7473,0.1385,96.9217,-0.01,0.7648,0.0,1800.0,0.0,6.3
591.5,2026-05-06T03:28:03.739381+00:00,76.8289,0.1701,97.0555,0.0309,0.7648,0.0,1800.0,0.0,6.3
592.0,2026-05-06T03:28:04.239477+00:00,76.6371,0.0671,97.0426,0.0238,0.7648,0.0,1800.0,0.0,6.3
592.5,2026-05-06T03:28:04.745778+00:00,76.7442,0.0515,97.0328,0.0183,0.7648,0.0,1800.0,0.0,6.3
593.0,2026-05-06T03:28:05.239372+00:00,76.6993,-0.024,97.0252,0.0526,0.7648,0.0,1800.0,0.0,6.3
593.5,2026-05-06T03:28:05.739402+00:00,76.792,-0.0185,97.0194,0.0404,0.7648,0.0,1800.0,0.0,6.3
594.0,2026-05-06T03:28:06.239354+00:00,76.736,0.0494,97.0149,0.0311,0.7648,0.0,1800.0,0.0,6.3
594.5,2026-05-06T03:28:06.739817+00:00,76.693,-0.0256,96.8957,-0.0532,0.7648,0.0,1800.0,0.0,6.3
595.000088,2026-05-06T03:28:07.247629+00:00,76.6599,-0.0197,96.9199,-0.0409,0.7648,0.0,1800.0,0.0,6.3
595.5,2026-05-06T03:28:07.739422+00:00,76.6345,-0.0788,96.8227,-0.07,0.7648,0.0,1800.0,0.0,6.3
596.0,2026-05-06T03:28:08.239370+00:00,76.4876,-0.1242,96.8637,-0.0538,0.7648,0.0,1800.0,0.0,6.3
596.5,2026-05-06T03:28:08.739385+00:00,76.6293,-0.0318,97.011,-0.0028,0.7648,0.0,1800.0,0.0,6.3
597.0,2026-05-06T03:28:09.239454+00:00,76.611,-0.0244,97.0084,-0.0022,0.7648,0.0,1800.0,0.0,6.3
597.5,2026-05-06T03:28:09.743874+00:00,76.5969,-0.0188,97.0065,0.0369,0.7648,0.0,1800.0,0.0,6.3
598.0,2026-05-06T03:28:10.239503+00:00,76.4588,-0.0144,97.005,0.0284,0.7648,0.0,1800.0,0.0,6.3
598.5,2026-05-06T03:28:10.739374+00:00,76.6071,-0.0111,97.1195,0.0989,0.7648,0.0,1800.0,0.0,6.3
599.0,2026-05-06T03:28:11.239374+00:00,76.4666,-0.0722,97.0919,0.076,0.7648,0.0,1800.0,0.0,6.3
599.5,2026-05-06T03:28:11.739374+00:00,76.6132,0.0082,97.1863,0.0584,0.7648,0.0,1800.0,0.0,6.3
600.0,2026-05-06T03:28:12.247020+00:00,76.7258,0.1335,97.2589,0.0835,0.7648,0.0,1800.0,0.0,6.3
600.5,2026-05-06T03:28:12.739380+00:00,76.6852,0.039,97.199,0.0642,0.7648,0.0,1800.0,0.0,6.3
601.0,2026-05-06T03:28:13.239367+00:00,76.3993,-0.0337,97.0372,0.0108,0.7648,0.0,1800.0,0.0,6.3
601.5,2026-05-06T03:28:13.739391+00:00,76.4342,-0.0895,96.9129,-0.0689,0.7648,0.0,1800.0,0.0,6.3
602.0,2026-05-06T03:28:14.240137+00:00,76.5883,-0.0688,96.9331,-0.0529,0.7648,0.0,1800.0,0.0,6.3
602.5,2026-05-06T03:28:14.744456+00:00,76.5794,-0.0529,96.9486,-0.0792,0.7648,0.0,1800.0,0.0,6.3
603.0,2026-05-06T03:28:15.239447+00:00,76.4453,0.023,96.7291,-0.1766,0.7648,0.0,1800.0,0.0,6.3
603.5,2026-05-06T03:28:15.739375+00:00,76.3423,-0.046,96.7918,-0.1357,0.7648,0.0,1800.0,0.0,6.3
604.0,2026-05-06T03:28:16.239387+00:00,76.5176,-0.0353,96.8399,-0.0658,0.7648,0.0,1800.0,0.0,6.3
604.5,2026-05-06T03:28:16.741145+00:00,76.7797,0.1001,96.4142,-0.1662,0.7648,0.0,1800.0,0.0,6.3
605.0,2026-05-06T03:28:17.246403+00:00,76.7265,0.1406,96.3183,-0.2049,0.7648,0.0,1800.0,0.0,6.3
605.5,2026-05-06T03:28:17.740278+00:00,76.8129,0.2353,96.2447,-0.2346,0.7648,0.0,1800.0,0.0,6.3
606.0,2026-05-06T03:28:18.239352+00:00,76.8794,0.1809,96.1881,-0.1803,0.7648,0.0,1800.0,0.0,6.3
606.5,2026-05-06T03:28:18.739469+00:00,76.8031,0.0117,96.2602,-0.1772,0.7648,0.0,1800.0,0.0,6.3
607.0,2026-05-06T03:28:19.239385+00:00,76.7446,0.009,96.4314,-0.1362,0.7648,0.0,1800.0,0.0,6.3
607.5,2026-05-06T03:28:19.746578+00:00,76.9541,0.0706,96.563,0.0496,0.7648,0.0,1800.0,0.0,6.3
608.0,2026-05-06T03:28:20.239395+00:00,76.9879,0.0542,96.6641,0.1153,0.7648,0.0,1800.0,0.0,6.3
608.5,2026-05-06T03:28:20.739349+00:00,76.8865,0.0417,96.6261,0.1272,0.7648,0.0,1800.0,0.0,6.3
609.0,2026-05-06T03:28:21.239373+00:00,76.8087,0.032,96.7127,0.1749,0.7648,0.0,1800.0,0.0,6.3
609.5,2026-05-06T03:28:21.739367+00:00,76.7488,-0.1026,96.5477,0.0958,0.7648,0.0,1800.0,0.0,6.3
610.0,2026-05-06T03:28:22.246877+00:00,76.7028,-0.1425,96.421,-0.0035,0.7648,0.0,1800.0,0.0,6.3
610.5,2026-05-06T03:28:22.739364+00:00,76.5402,-0.1732,96.3236,-0.0798,0.7648,0.0,1800.0,0.0,6.3
611.0,2026-05-06T03:28:23.239862+00:00,76.6697,-0.0695,96.2487,-0.1385,0.7648,0.0,1800.0,0.0,6.3
611.5,2026-05-06T03:28:23.739361+00:00,76.7693,0.0102,96.3069,-0.1064,0.7648,0.0,1800.0,0.0,6.3
612.0,2026-05-06T03:28:24.239506+00:00,76.8458,0.0715,96.3515,-0.1204,0.7648,0.0,1800.0,0.0,6.3
612.5,2026-05-06T03:28:24.747323+00:00,76.7774,0.1186,96.3859,-0.0539,0.7648,0.0,1800.0,0.0,6.3
613.0,2026-05-06T03:28:25.240175+00:00,76.7247,0.0275,96.528,0.0357,0.7648,0.0,1800.0,0.0,6.3
613.5,2026-05-06T03:28:25.739438+00:00,76.557,-0.1061,96.7529,0.1431,0.7648,0.0,1800.0,0.0,6.3
614.0,2026-05-06T03:28:26.239500+00:00,76.5554,-0.1452,96.6944,0.1486,0.7648,0.0,1800.0,0.0,6.3
614.5,2026-05-06T03:28:26.739782+00:00,76.6814,-0.048,96.418,0.0371,0.7648,0.0,1800.0,0.0,6.3
615.000192,2026-05-06T03:28:27.251024+00:00,76.7783,0.0268,96.3213,-0.0101,0.7648,0.0,1800.0,0.0,6.3
615.5,2026-05-06T03:28:27.739969+00:00,76.7255,0.0842,96.1312,-0.0849,0.7648,0.0,1800.0,0.0,6.3
616.0,2026-05-06T03:28:28.239469+00:00,76.8121,0.1284,96.3323,-0.0652,0.7648,0.0,1800.0,0.0,6.3
616.5,2026-05-06T03:28:28.739379+00:00,76.7515,0.035,96.2554,-0.1658,0.7648,0.0,1800.0,0.0,6.3
617.0,2026-05-06T03:28:29.239350+00:00,76.8321,0.0269,96.312,-0.1275,0.7648,0.0,1800.0,0.0,6.3
617.5,2026-05-06T03:28:29.745724+00:00,76.7668,0.0207,96.5869,0.0563,0.7648,0.0,1800.0,0.0,6.3
618.0,2026-05-06T03:28:30.239392+00:00,76.7167,-0.0477,96.6825,0.1204,0.7648,0.0,1800.0,0.0,6.3
618.5,2026-05-06T03:28:30.739371+00:00,76.6781,-0.0367,96.8717,0.2468,0.7648,0.0,1800.0,0.0,6.3
619.0,2026-05-06T03:28:31.239387+00:00,76.6485,-0.0918,96.9014,0.1897,0.7648,0.0,1800.0,0.0,6.3
619.5,2026-05-06T03:28:31.739840+00:00,76.6257,-0.0706,97.0399,0.2615,0.7648,0.0,1800.0,0.0,6.3
620.0,2026-05-06T03:28:32.244822+00:00,76.3536,-0.1815,97.0307,0.2396,0.7648,0.0,1800.0,0.0,6.3
620.5,2026-05-06T03:28:32.739695+00:00,76.3991,-0.1395,97.1393,0.1841,0.7648,0.0,1800.0,0.0,6.3
621.0,2026-05-06T03:28:33.239407+00:00,76.5613,-0.0436,96.9913,0.1029,0.7648,0.0,1800.0,0.0,6.3
621.5,2026-05-06T03:28:33.739397+00:00,76.6859,0.0301,96.8776,0.002,0.7648,0.0,1800.0,0.0,6.3
622.0,2026-05-06T03:28:34.239395+00:00,76.6545,0.1504,96.7671,-0.0447,0.7648,0.0,1800.0,0.0,6.3
622.5,2026-05-06T03:28:34.744309+00:00,76.7576,0.1793,96.7053,-0.1115,0.7648,0.0,1800.0,0.0,6.3
623.0,2026-05-06T03:28:35.239377+00:00,76.9641,0.2014,96.8892,-0.0472,0.7648,0.0,1800.0,0.0,6.3
623.5,2026-05-06T03:28:35.739470+00:00,76.9955,0.1548,96.9148,-0.0748,0.7648,0.0,1800.0,0.0,6.3
624.0,2026-05-06T03:28:36.239402+00:00,76.7652,0.0553,96.8188,-0.0575,0.7648,0.0,1800.0,0.0,6.3
624.5,2026-05-06T03:28:36.740904+00:00,76.8426,0.0425,96.9765,0.0329,0.7648,0.0,1800.0,0.0,6.3
625.0,2026-05-06T03:28:37.247031+00:00,76.9022,-0.0309,96.8662,0.033,0.7648,0.0,1800.0,0.0,6.3
625.5,2026-05-06T03:28:37.739372+00:00,76.948,-0.0238,96.8972,0.064,0.7648,0.0,1800.0,0.0,6.3
626.0,2026-05-06T03:28:38.239374+00:00,76.8559,0.0454,96.921,0.0106,0.7648,0.0,1800.0,0.0,6.3
626.5,2026-05-06T03:28:38.740023+00:00,76.9124,0.0349,96.9393,0.0081,0.7648,0.0,1800.0,0.0,6.3
627.0,2026-05-06T03:28:39.239369+00:00,76.9558,0.0268,96.9533,0.0448,0.7648,0.0,1800.0,0.0,6.3
627.5,2026-05-06T03:28:39.744006+00:00,76.8619,-0.043,96.9641,-0.0041,0.7648,0.0,1800.0,0.0,6.3
628.0,2026-05-06T03:28:40.239369+00:00,76.7897,-0.0331,96.9724,0.0354,0.7648,0.0,1800.0,0.0,6.3
628.5,2026-05-06T03:28:40.739364+00:00,76.8615,-0.0254,96.9788,0.0272,0.7648,0.0,1800.0,0.0,6.3
629.0,2026-05-06T03:28:41.239363+00:00,76.7894,-0.0832,96.9837,0.0209,0.7648,0.0,1800.0,0.0,6.3
629.5,2026-05-06T03:28:41.740561+00:00,76.9886,0.0633,96.9875,0.0161,0.7648,0.0,1800.0,0.0,6.3
630.0,2026-05-06T03:28:42.246465+00:00,76.8871,0.0487,97.1061,0.0509,0.7648,0.0,1800.0,0.0,6.3
630.5,2026-05-06T03:28:42.739352+00:00,76.9364,0.0374,96.9658,0.0006,0.7648,0.0,1800.0,0.0,6.3
631.0,2026-05-06T03:28:43.239710+00:00,76.8469,0.0288,96.9737,0.0004,0.7648,0.0,1800.0,0.0,6.3
631.5,2026-05-06T03:28:43.739375+00:00,76.9055,-0.0415,96.9798,0.0003,0.7648,0.0,1800.0,0.0,6.3
632.0,2026-05-06T03:28:44.240034+00:00,76.8232,-0.0319,96.8688,-0.0383,0.7648,0.0,1800.0,0.0,6.3
632.5,2026-05-06T03:28:44.745931+00:00,76.8873,-0.0245,96.6677,-0.1066,0.7648,0.0,1800.0,0.0,6.3
633.0,2026-05-06T03:28:45.239577+00:00,76.9365,0.0448,96.6289,-0.159,0.7648,0.0,1800.0,0.0,6.3
633.5,2026-05-06T03:28:45.741875+00:00,76.8471,-0.0292,96.5991,-0.1222,0.7648,0.0,1800.0,0.0,6.3
634.0,2026-05-06T03:28:46.239347+00:00,76.9056,0.0412,96.4605,-0.1711,0.7648,0.0,1800.0,0.0,6.2488
634.5,2026-05-06T03:28:46.739365+00:00,76.8233,-0.032,96.5853,-0.1315,0.7648,0.0,1800.0,0.0,6.2238
635.0,2026-05-06T03:28:47.244820+00:00,77.0146,0.0391,96.5656,-0.1011,0.7648,0.0,1800.0,0.0,6.2116
635.5,2026-05-06T03:28:47.739605+00:00,76.9071,0.03,96.6661,-0.0005,0.7648,0.0,1800.0,0.0,6.2569
636.0,2026-05-06T03:28:48.239439+00:00,76.9517,0.0231,96.6277,-0.0004,0.7648,0.0,1800.0,0.0,6.279
636.5,2026-05-06T03:28:48.740458+00:00,76.8588,0.0177,96.5981,-0.0003,0.7648,0.0,1800.0,0.0,6.2897
637.0,2026-05-06T03:28:49.240936+00:00,76.9146,-0.05,96.6911,0.0769,0.7648,0.0,1800.0,0.0,6.295
637.5,2026-05-06T03:28:49.744696+00:00,77.0848,0.0888,96.7626,0.0591,0.7648,0.0,1800.0,0.0,6.2976
638.0,2026-05-06T03:28:50.239356+00:00,77.2156,0.1319,96.9332,0.1226,0.7648,0.0,1800.0,0.0,6.2476
638.5,2026-05-06T03:28:50.739380+00:00,76.9343,0.0378,96.9487,0.0942,0.7648,0.0,1800.0,0.0,6.2232
639.0,2026-05-06T03:28:51.239365+00:00,76.9726,0.029,96.7292,0.0338,0.7648,0.0,1800.0,0.0,6.2113
639.5,2026-05-06T03:28:51.739400+00:00,76.8748,-0.105,96.6761,0.026,0.7648,0.0,1800.0,0.0,6.2055
640.0,2026-05-06T03:28:52.245870+00:00,76.9269,-0.1443,96.6354,-0.0186,0.7648,0.0,1800.0,0.0,6.2027
640.5,2026-05-06T03:28:52.739377+00:00,76.8397,-0.0473,96.604,-0.0528,0.7648,0.0,1800.0,0.0,6.2525
641.0,2026-05-06T03:28:53.239400+00:00,76.8999,-0.0363,96.58,-0.1178,0.7648,0.0,1800.0,0.0,6.2768
641.5,2026-05-06T03:28:53.739377+00:00,76.9462,0.0357,96.6772,-0.0905,0.7648,0.0,1800.0,0.0,6.2887
642.0,2026-05-06T03:28:54.239372+00:00,76.9818,0.0274,96.5205,-0.0696,0.7648,0.0,1800.0,0.0,6.2945
642.5,2026-05-06T03:28:54.744693+00:00,76.8819,0.0211,96.5157,-0.0535,0.7648,0.0,1800.0,0.0,6.2973
643.0,2026-05-06T03:28:55.239687+00:00,76.8051,-0.0474,96.7435,0.036,0.7648,0.0,1800.0,0.0,6.2987
643.5,2026-05-06T03:28:55.739383+00:00,76.7461,-0.1001,96.2012,-0.1343,0.7648,0.0,1800.0,0.0,6.2994
644.0,2026-05-06T03:28:56.239382+00:00,76.7007,-0.1406,96.2703,-0.1032,0.7648,0.0,1800.0,0.0,6.2997
644.5,2026-05-06T03:28:56.739377+00:00,76.5386,-0.1717,96.2078,-0.1565,0.7648,0.0,1800.0,0.0,6.2998
645.0,2026-05-06T03:28:57.244669+00:00,76.6685,-0.0683,96.2754,-0.0817,0.7648,0.0,1800.0,0.0,6.2999
645.5,2026-05-06T03:28:57.740653+00:00,76.5138,-0.1161,96.3274,-0.0628,0.7648,0.0,1800.0,0.0,6.3512
646.0,2026-05-06T03:28:58.239432+00:00,76.7767,0.038,96.3673,-0.1254,0.7648,0.0,1800.0,0.0,6.325
646.5,2026-05-06T03:28:58.739884+00:00,76.8515,0.1565,96.398,0.0656,0.7648,0.0,1800.0,0.0,6.3122
647.0,2026-05-06T03:28:59.240883+00:00,76.909,0.1203,96.4216,0.0504,0.7648,0.0,1800.0,0.0,6.3059
647.5,2026-05-06T03:28:59.752103+00:00,76.9532,0.2197,96.5555,0.1159,0.7648,0.0,1800.0,0.0,6.3029
648.0,2026-05-06T03:29:00.239427+00:00,76.9872,0.1052,96.5426,0.0891,0.7648,0.0,1800.0,0.0,6.3014
648.5,2026-05-06T03:29:00.739386+00:00,76.7587,-0.0464,96.5328,0.0685,0.7648,0.0,1800.0,0.0,6.3007
649.0,2026-05-06T03:29:01.239387+00:00,76.4559,-0.2266,96.6409,0.0912,0.7648,0.0,1800.0,0.0,6.3003
649.5,2026-05-06T03:29:01.739381+00:00,76.4777,-0.2378,96.6083,0.0701,0.7648,0.0,1800.0,0.0,6.3002
650.0,2026-05-06T03:29:02.244593+00:00,76.749,-0.1191,96.6989,0.0924,0.7648,0.0,1800.0,0.0,6.3001
650.5,2026-05-06T03:29:02.739399+00:00,76.8302,0.0357,96.7686,0.071,0.7648,0.0,1800.0,0.0,6.3
651.0,2026-05-06T03:29:03.239382+00:00,76.8926,0.2184,96.8221,0.0932,0.7648,0.0,1800.0,0.0,6.3
651.5,2026-05-06T03:29:03.739874+00:00,77.0679,0.2951,96.8633,0.1102,0.7648,0.0,1800.0,0.0,6.3
652.0,2026-05-06T03:29:04.239474+00:00,76.948,0.0995,96.8949,0.0847,0.7648,0.0,1800.0,0.0,6.3
652.5,2026-05-06T03:29:04.747717+00:00,77.2377,0.2038,96.8035,0.0651,0.7648,0.0,1800.0,0.0,6.3
653.0,2026-05-06T03:29:05.240296+00:00,77.2059,0.1566,96.7333,0.0115,0.7648,0.0,1800.0,0.0,6.3
653.5,2026-05-06T03:29:05.739940+00:00,77.4359,0.184,96.6562,-0.0375,0.7648,0.0,1800.0,0.0,6.3
654.0,2026-05-06T03:29:06.239418+00:00,77.3582,0.2051,96.62,-0.0674,0.7648,0.0,1800.0,0.0,6.3
654.5,2026-05-06T03:29:06.739574+00:00,77.2984,0.0303,96.5923,-0.0903,0.7648,0.0,1800.0,0.0,6.3
655.0,2026-05-06T03:29:07.245640+00:00,77.2525,0.0233,96.5709,-0.108,0.7648,0.0,1800.0,0.0,6.3
655.5,2026-05-06T03:29:07.739509+00:00,77.2172,-0.1093,96.7859,-0.0059,0.7648,0.0,1800.0,0.0,6.3
656.0,2026-05-06T03:29:08.239372+00:00,77.3174,-0.0204,96.604,-0.0431,0.7648,0.0,1800.0,0.0,6.3
656.5,2026-05-06T03:29:08.739398+00:00,77.1398,-0.0793,96.6957,0.0132,0.7648,0.0,1800.0,0.0,6.3
657.0,2026-05-06T03:29:09.239369+00:00,77.0033,-0.1246,96.7661,0.0487,0.7648,0.0,1800.0,0.0,6.3
657.5,2026-05-06T03:29:09.744279+00:00,77.0257,-0.0958,96.8202,0.076,0.7648,0.0,1800.0,0.0,6.3
658.0,2026-05-06T03:29:10.239441+00:00,77.1702,-0.0736,96.8618,0.097,0.7648,0.0,1800.0,0.0,6.3
658.5,2026-05-06T03:29:10.740439+00:00,77.1539,0.0071,96.755,-0.0103,0.7648,0.0,1800.0,0.0,6.3
659.0,2026-05-06T03:29:11.240622+00:00,77.2687,0.1327,96.696,0.0306,0.7648,0.0,1800.0,0.0,6.2488
659.5,2026-05-06T03:29:11.739833+00:00,77.3569,0.1656,96.7663,0.0235,0.7648,0.0,1800.0,0.0,6.2238
660.0,2026-05-06T03:29:12.245364+00:00,77.4248,0.1273,96.8204,0.0181,0.7648,0.0,1800.0,0.0,6.2116
660.5,2026-05-06T03:29:12.739512+00:00,77.0951,-0.0294,96.862,0.0139,0.7648,0.0,1800.0,0.0,6.2569
661.0,2026-05-06T03:29:13.239437+00:00,77.0962,-0.0863,96.8939,0.0107,0.7648,0.0,1800.0,0.0,6.279
661.5,2026-05-06T03:29:13.741278+00:00,77.0971,-0.1299,96.9184,0.0545,0.7648,0.0,1800.0,0.0,6.2897
662.0,2026-05-06T03:29:14.239366+00:00,77.0978,-0.1635,96.8216,0.0419,0.7648,0.0,1800.0,0.0,6.295
662.5,2026-05-06T03:29:14.747341+00:00,77.2255,0.0652,96.8629,0.0322,0.7648,0.0,1800.0,0.0,6.2976
663.0,2026-05-06T03:29:15.239365+00:00,77.3238,0.1138,96.8946,0.0247,0.7648,0.0,1800.0,0.0,6.2988
663.5,2026-05-06T03:29:15.739380+00:00,77.272,0.0875,96.8033,-0.0195,0.7648,0.0,1800.0,0.0,6.2994
664.0,2026-05-06T03:29:16.239364+00:00,77.2322,0.0672,96.7331,-0.0536,0.7648,0.0,1800.0,0.0,6.2997
664.5,2026-05-06T03:29:16.739457+00:00,77.3289,0.0517,96.9106,-0.0026,0.7648,0.0,1800.0,0.0,6.2999
665.0,2026-05-06T03:29:17.247003+00:00,77.2759,-0.0239,96.9313,0.0366,0.7648,0.0,1800.0,0.0,6.2487
665.5,2026-05-06T03:29:17.739653+00:00,76.9807,-0.1457,96.9472,0.0281,0.7648,0.0,1800.0,0.0,6.275
666.0,2026-05-06T03:29:18.239471+00:00,77.1355,-0.0483,97.0751,0.0602,0.7648,0.0,1800.0,0.0,6.2878
666.5,2026-05-06T03:29:18.739703+00:00,77.0001,-0.1644,97.0577,0.0848,0.7648,0.0,1800.0,0.0,6.294
667.0,2026-05-06T03:29:19.239462+00:00,77.0232,-0.1264,97.0444,0.1037,0.7648,0.0,1800.0,0.0,6.2971
667.5,2026-05-06T03:29:19.749049+00:00,77.041,0.0301,97.0341,0.0412,0.7648,0.0,1800.0,0.0,6.2986
668.0,2026-05-06T03:29:20.239374+00:00,77.0546,-0.0405,97.0262,0.0316,0.7648,0.0,1800.0,0.0,6.2993
668.5,2026-05-06T03:29:20.739393+00:00,76.9379,-0.0311,97.0201,0.0243,0.7648,0.0,1800.0,0.0,6.2997
669.0,2026-05-06T03:29:21.240562+00:00,76.9754,-0.0239,97.1312,0.0187,0.7648,0.0,1800.0,0.0,6.2998
669.5,2026-05-06T03:29:21.739385+00:00,76.8769,-0.082,97.1008,0.0144,0.7648,0.0,1800.0,0.0,6.2999
670.0,2026-05-06T03:29:22.245439+00:00,76.9286,-0.063,97.0775,0.011,0.7648,0.0,1800.0,0.0,6.3
670.5,2026-05-06T03:29:22.740152+00:00,77.0955,0.0788,97.0596,0.0085,0.7648,0.0,1800.0,0.0,6.3
671.0,2026-05-06T03:29:23.239367+00:00,77.2238,0.1242,97.0458,0.0065,0.7648,0.0,1800.0,0.0,6.3
671.5,2026-05-06T03:29:23.739383+00:00,77.3224,0.2227,97.0352,0.005,0.7648,0.0,1800.0,0.0,6.3
672.0,2026-05-06T03:29:24.239981+00:00,77.3982,0.2348,97.027,-0.0347,0.7648,0.0,1800.0,0.0,6.3
672.5,2026-05-06T03:29:24.747817+00:00,77.3292,0.1169,96.9051,-0.0652,0.7648,0.0,1800.0,0.0,6.3
673.0,2026-05-06T03:29:25.239394+00:00,77.4034,0.0898,96.6956,-0.1273,0.7648,0.0,1800.0,0.0,6.3
673.5,2026-05-06T03:29:25.739376+00:00,77.4605,0.069,96.7661,-0.0978,0.7648,0.0,1800.0,0.0,6.3
674.0,2026-05-06T03:29:26.239376+00:00,77.3771,-0.0106,96.8202,-0.0752,0.7648,0.0,1800.0,0.0,6.3
674.5,2026-05-06T03:29:26.739371+00:00,77.313,-0.0081,96.9775,-0.0192,0.7648,0.0,1800.0,0.0,6.3
675.0,2026-05-06T03:29:27.245507+00:00,77.1364,-0.1335,96.9827,-0.0148,0.7648,0.0,1800.0,0.0,6.2488
675.5,2026-05-06T03:29:27.740085+00:00,77.128,-0.1663,96.9867,0.0272,0.7648,0.0,1800.0,0.0,6.275
676.0,2026-05-06T03:29:28.239384+00:00,77.1215,-0.1278,96.9898,0.098,0.7648,0.0,1800.0,0.0,6.2878
676.5,2026-05-06T03:29:28.739748+00:00,77.2438,-0.0346,97.1079,0.1139,0.7648,0.0,1800.0,0.0,6.294
677.0,2026-05-06T03:29:29.239696+00:00,77.2105,0.0371,97.0829,0.0876,0.7648,0.0,1800.0,0.0,6.2971
677.502598,2026-05-06T03:29:29.750029+00:00,77.4395,0.1558,97.1794,0.0673,0.7648,0.0,1800.0,0.0,6.2986
678.0,2026-05-06T03:29:30.239401+00:00,77.3609,0.1197,97.1379,0.0517,0.7648,0.0,1800.0,0.0,6.3505
678.5,2026-05-06T03:29:30.741261+00:00,77.4278,0.092,97.106,0.0398,0.7648,0.0,1800.0,0.0,6.3246
679.0,2026-05-06T03:29:31.239887+00:00,77.352,0.0707,96.9658,-0.008,0.7648,0.0,1800.0,0.0,6.312
679.5,2026-05-06T03:29:31.739372+00:00,77.4209,-0.0093,96.858,-0.0833,0.7648,0.0,1800.0,0.0,6.3059
680.0,2026-05-06T03:29:32.246016+00:00,77.3467,-0.0071,96.7751,-0.1026,0.7648,0.0,1800.0,0.0,6.3029
680.5,2026-05-06T03:29:32.739384+00:00,77.1623,-0.1328,96.5958,-0.1945,0.7648,0.0,1800.0,0.0,6.3014
681.0,2026-05-06T03:29:33.239375+00:00,77.0206,-0.1657,96.5736,-0.1881,0.7648,0.0,1800.0,0.0,6.3007
681.5,2026-05-06T03:29:33.739376+00:00,77.1663,-0.1273,96.5566,-0.1831,0.7648,0.0,1800.0,0.0,6.3003
682.0,2026-05-06T03:29:34.239346+00:00,77.4055,0.0294,96.4278,-0.1793,0.7648,0.0,1800.0,0.0,6.3002
682.5,2026-05-06T03:29:34.748685+00:00,77.4621,0.1499,96.5602,-0.0993,0.7648,0.0,1800.0,0.0,6.3001
683.0,2026-05-06T03:29:35.240028+00:00,77.5055,0.2425,96.3149,-0.1534,0.7648,0.0,1800.0,0.0,6.3
683.5,2026-05-06T03:29:35.739365+00:00,77.4117,0.1227,96.4734,-0.0408,0.7648,0.0,1800.0,0.0,6.3
684.0,2026-05-06T03:29:36.239381+00:00,77.4668,0.0307,96.3639,-0.0699,0.7648,0.0,1800.0,0.0,6.3
684.5,2026-05-06T03:29:36.739390+00:00,77.2547,-0.1037,96.3954,-0.0537,0.7648,0.0,1800.0,0.0,6.3
685.0,2026-05-06T03:29:37.245401+00:00,77.3462,-0.0797,96.5353,0.0358,0.7648,0.0,1800.0,0.0,6.3
685.5,2026-05-06T03:29:37.739394+00:00,77.1619,-0.1249,96.4114,-0.0496,0.7648,0.0,1800.0,0.0,6.3
686.0,2026-05-06T03:29:38.239400+00:00,77.1476,-0.1596,96.5476,0.0776,0.7648,0.0,1800.0,0.0,6.3
686.500001,2026-05-06T03:29:38.742060+00:00,77.2639,0.0046,96.5366,0.0211,0.7648,0.0,1800.0,0.0,6.3
687.0,2026-05-06T03:29:39.239389+00:00,77.3532,0.0035,96.6438,0.0933,0.7648,0.0,1800.0,0.0,6.3
687.5,2026-05-06T03:29:39.744437+00:00,77.5492,0.1936,96.6105,0.0717,0.7648,0.0,1800.0,0.0,6.3
688.0,2026-05-06T03:29:40.239404+00:00,77.4452,0.1488,96.5618,0.0088,0.7648,0.0,1800.0,0.0,6.3
688.5,2026-05-06T03:29:40.739383+00:00,77.4926,0.1144,96.5475,0.0454,0.7648,0.0,1800.0,0.0,6.3
689.0,2026-05-06T03:29:41.239383+00:00,77.4018,0.0243,96.6522,0.0349,0.7648,0.0,1800.0,0.0,6.3
689.5,2026-05-06T03:29:41.739444+00:00,77.4592,-0.045,96.617,0.0268,0.7648,0.0,1800.0,0.0,6.3
690.0,2026-05-06T03:29:42.244165+00:00,77.3761,-0.0346,96.4742,-0.0565,0.7648,0.0,1800.0,0.0,6.3
690.5,2026-05-06T03:29:42.739484+00:00,77.4395,-0.0266,96.5959,-0.0049,0.7648,0.0,1800.0,0.0,6.3
691.0,2026-05-06T03:29:43.239384+00:00,77.4882,0.0432,96.5737,0.004,0.7648,0.0,1800.0,0.0,6.3
691.5,2026-05-06T03:29:43.739358+00:00,77.5256,0.0332,96.6723,0.0416,0.7648,0.0,1800.0,0.0,6.3
692.0,2026-05-06T03:29:44.240157+00:00,77.4271,0.0255,96.6325,-0.0066,0.7648,0.0,1800.0,0.0,6.3
692.5,2026-05-06T03:29:44.745413+00:00,77.3514,-0.044,96.7175,0.0335,0.7648,0.0,1800.0,0.0,6.3
693.0,2026-05-06T03:29:45.239876+00:00,77.2933,-0.0975,96.6672,0.0643,0.7648,0.0,1800.0,0.0,6.2488
693.5,2026-05-06T03:29:45.739364+00:00,77.3758,-0.0749,96.3971,-0.0663,0.7648,0.0,1800.0,0.0,6.2238
694.0,2026-05-06T03:29:46.239413+00:00,77.312,-0.0576,96.4209,-0.0509,0.7648,0.0,1800.0,0.0,6.2116
694.500161,2026-05-06T03:29:46.739641+00:00,77.5175,0.083,96.4392,-0.0777,0.7648,0.0,1800.0,0.0,6.2057
695.0,2026-05-06T03:29:47.248369+00:00,77.5481,0.1274,96.569,-0.0212,0.7648,0.0,1800.0,0.0,6.2028
695.5,2026-05-06T03:29:47.739399+00:00,77.5717,0.098,96.6687,-0.0163,0.7648,0.0,1800.0,0.0,6.2526
696.0,2026-05-06T03:29:48.239419+00:00,77.5898,0.1389,96.7454,0.0261,0.7648,0.0,1800.0,0.0,6.2768
696.5,2026-05-06T03:29:48.739452+00:00,77.731,0.1068,96.6886,0.0972,0.7648,0.0,1800.0,0.0,6.2887
697.0,2026-05-06T03:29:49.239398+00:00,77.7123,0.0821,96.7607,0.1132,0.7648,0.0,1800.0,0.0,6.2945
697.5,2026-05-06T03:29:49.745616+00:00,77.5706,-0.0006,96.816,0.1256,0.7648,0.0,1800.0,0.0,6.2973
698.0,2026-05-06T03:29:50.240666+00:00,77.589,-0.0004,96.8586,0.0965,0.7648,0.0,1800.0,0.0,6.2987
698.5,2026-05-06T03:29:50.740146+00:00,77.4758,-0.1276,96.8913,0.0742,0.7648,0.0,1800.0,0.0,6.2994
699.0,2026-05-06T03:29:51.241317+00:00,77.3889,-0.1617,96.9165,0.057,0.7648,0.0,1800.0,0.0,6.2997
699.5,2026-05-06T03:29:51.739928+00:00,77.322,-0.1243,97.0515,0.121,0.7648,0.0,1800.0,0.0,6.2998
700.0,2026-05-06T03:29:52.246538+00:00,77.1434,-0.2228,96.9239,0.0544,0.7648,0.0,1800.0,0.0,6.2999
700.5,2026-05-06T03:29:52.739393+00:00,77.2606,-0.1076,96.9415,0.0418,0.7648,0.0,1800.0,0.0,6.3
701.0,2026-05-06T03:29:53.239357+00:00,77.3507,-0.0191,96.8393,-0.0064,0.7648,0.0,1800.0,0.0,6.3
701.5,2026-05-06T03:29:53.739369+00:00,77.42,0.049,96.8765,-0.0049,0.7648,0.0,1800.0,0.0,6.3
702.0,2026-05-06T03:29:54.239363+00:00,77.4732,0.1649,96.7894,-0.0424,0.7648,0.0,1800.0,0.0,6.3
702.5,2026-05-06T03:29:54.744532+00:00,77.5141,0.1268,96.7224,-0.1097,0.7648,0.0,1800.0,0.0,6.3
703.0,2026-05-06T03:29:55.239414+00:00,77.5456,0.0974,96.7867,-0.0457,0.7648,0.0,1800.0,0.0,6.3
703.5,2026-05-06T03:29:55.739389+00:00,77.4425,0.0112,96.6046,-0.1123,0.7648,0.0,1800.0,0.0,6.3
704.0,2026-05-06T03:29:56.239381+00:00,77.3632,-0.055,96.6961,-0.0477,0.7648,0.0,1800.0,0.0,6.3
704.5,2026-05-06T03:29:56.740358+00:00,77.3023,-0.1059,96.6507,-0.0753,0.7648,0.0,1800.0,0.0,6.3
705.0,2026-05-06T03:29:57.246575+00:00,77.3828,-0.0814,96.8473,0.0193,0.7648,0.0,1800.0,0.0,6.3
705.5,2026-05-06T03:29:57.739369+00:00,77.3173,-0.0626,96.6512,-0.0237,0.7648,0.0,1800.0,0.0,6.3
706.0,2026-05-06T03:29:58.240081+00:00,77.267,-0.0481,96.5005,-0.0954,0.7648,0.0,1800.0,0.0,6.3
706.5,2026-05-06T03:29:58.741459+00:00,77.2284,-0.037,96.5004,-0.0347,0.7648,0.0,1800.0,0.0,6.3
707.0,2026-05-06T03:29:59.239459+00:00,77.3259,-0.0284,96.616,-0.0267,0.7648,0.0,1800.0,0.0,6.3
707.5,2026-05-06T03:29:59.747883+00:00,77.5282,0.1054,96.5892,-0.0205,0.7648,0.0,1800.0,0.0,6.3
708.000001,2026-05-06T03:30:00.239899+00:00,77.5564,0.1447,96.6842,-0.0543,0.7648,0.0,1800.0,0.0,6.3
708.5,2026-05-06T03:30:00.739371+00:00,77.7053,0.2385,96.7573,0.0354,0.7648,0.0,1800.0,0.0,6.3
709.0,2026-05-06T03:30:01.239366+00:00,77.5652,0.1197,96.6978,0.0657,0.7648,0.0,1800.0,0.0,6.3
709.5,2026-05-06T03:30:01.739356+00:00,77.5849,0.0283,96.7677,0.0891,0.7648,0.0,1800.0,0.0,6.3
710.0,2026-05-06T03:30:02.243817+00:00,77.4727,-0.0419,96.7058,0.0299,0.7648,0.0,1800.0,0.0,6.3
710.5,2026-05-06T03:30:02.739406+00:00,77.5137,-0.0958,96.6581,0.023,0.7648,0.0,1800.0,0.0,6.3
711.0,2026-05-06T03:30:03.239388+00:00,77.5452,-0.01,96.8529,0.0562,0.7648,0.0,1800.0,0.0,6.3
711.5,2026-05-06T03:30:03.740906+00:00,77.5695,-0.0077,96.887,0.0432,0.7648,0.0,1800.0,0.0,6.3
712.0,2026-05-06T03:30:04.239501+00:00,77.5881,0.0577,96.9131,0.0718,0.7648,0.0,1800.0,0.0,6.3
712.5,2026-05-06T03:30:04.749173+00:00,77.4752,-0.0193,96.7944,0.0089,0.7648,0.0,1800.0,0.0,6.3
713.0,2026-05-06T03:30:05.239398+00:00,77.5156,-0.0148,96.842,0.0454,0.7648,0.0,1800.0,0.0,6.3
713.5,2026-05-06T03:30:05.739402+00:00,77.4194,-0.075,96.9942,0.112,0.7648,0.0,1800.0,0.0,6.3
714.0,2026-05-06T03:30:06.239383+00:00,77.4728,-0.0577,96.9956,0.0475,0.7648,0.0,1800.0,0.0,6.3
714.5,2026-05-06T03:30:06.740116+00:00,77.6411,0.083,96.8809,-0.002,0.7648,0.0,1800.0,0.0,6.3
715.0,2026-05-06T03:30:07.245586+00:00,77.5159,0.0001,96.9085,-0.0016,0.7648,0.0,1800.0,0.0,6.3
715.5,2026-05-06T03:30:07.739484+00:00,77.5469,0.0637,96.9296,0.0451,0.7648,0.0,1800.0,0.0,6.3
716.0,2026-05-06T03:30:08.239392+00:00,77.5708,0.049,96.9459,0.0347,0.7648,0.0,1800.0,0.0,6.3
716.5,2026-05-06T03:30:08.739652+00:00,77.5891,-0.026,96.9584,-0.0119,0.7648,0.0,1800.0,0.0,6.3
717.0,2026-05-06T03:30:09.240609+00:00,77.7305,0.1073,96.9681,-0.0092,0.7648,0.0,1800.0,0.0,6.3
717.5,2026-05-06T03:30:09.748927+00:00,77.5846,0.0188,96.8597,-0.0071,0.7648,0.0,1800.0,0.0,6.3
718.0,2026-05-06T03:30:10.239410+00:00,77.5997,0.0145,96.8922,-0.0054,0.7648,0.0,1800.0,0.0,6.3
718.5,2026-05-06T03:30:10.739385+00:00,77.3568,-0.1161,96.8014,-0.0427,0.7648,0.0,1800.0,0.0,6.3
719.0,2026-05-06T03:30:11.239356+00:00,77.4247,-0.1529,96.8474,-0.0328,0.7648,0.0,1800.0,0.0,6.3
719.5,2026-05-06T03:30:11.739366+00:00,77.3495,-0.1175,96.8827,-0.0252,0.7648,0.0,1800.0,0.0,6.3
720.0,2026-05-06T03:30:12.246285+00:00,77.4191,-0.0903,96.7941,-0.058,0.7648,0.0,1800.0,0.0,6.3
720.5,2026-05-06T03:30:12.740600+00:00,77.3452,-0.0058,96.8418,-0.006,0.7648,0.0,1800.0,0.0,6.3
721.0,2026-05-06T03:30:13.239401+00:00,77.543,0.0592,96.8784,-0.0046,0.7648,0.0,1800.0,0.0,6.3
721.5,2026-05-06T03:30:13.739366+00:00,77.4405,0.0455,96.9065,0.035,0.7648,0.0,1800.0,0.0,6.3
722.0,2026-05-06T03:30:14.239374+00:00,77.3617,-0.0287,96.8125,-0.0116,0.7648,0.0,1800.0,0.0,6.3
722.5,2026-05-06T03:30:14.747272+00:00,77.3012,-0.022,96.9716,0.0296,0.7648,0.0,1800.0,0.0,6.3
723.0,2026-05-06T03:30:15.239474+00:00,77.5091,-0.0169,96.8624,0.0228,0.7648,0.0,1800.0,0.0,6.3
723.5,2026-05-06T03:30:15.740282+00:00,77.4145,-0.013,96.8943,0.0175,0.7648,0.0,1800.0,0.0,6.3
724.0,2026-05-06T03:30:16.239951+00:00,77.5962,0.1173,96.6873,-0.0637,0.7648,0.0,1800.0,0.0,6.3
724.5,2026-05-06T03:30:16.739426+00:00,77.736,0.2174,96.7597,-0.0489,0.7648,0.0,1800.0,0.0,6.3
725.0,2026-05-06T03:30:17.245958+00:00,77.8433,0.1671,96.8153,0.0009,0.7648,0.0,1800.0,0.0,6.2488
725.5,2026-05-06T03:30:17.739411+00:00,77.7986,0.1921,96.7423,-0.0764,0.7648,0.0,1800.0,0.0,6.275
726.0,2026-05-06T03:30:18.239363+00:00,77.6369,0.0203,96.802,-0.0202,0.7648,0.0,1800.0,0.0,6.2878
726.5,2026-05-06T03:30:18.739380+00:00,77.3854,-0.1753,96.9635,0.0231,0.7648,0.0,1800.0,0.0,6.294
727.0,2026-05-06T03:30:19.239397+00:00,77.4466,-0.1983,96.9719,0.0949,0.7648,0.0,1800.0,0.0,6.2971
727.5,2026-05-06T03:30:19.744739+00:00,77.3664,-0.2161,97.0941,0.1115,0.7648,0.0,1800.0,0.0,6.2986
728.0,2026-05-06T03:30:20.239428+00:00,77.432,-0.1024,97.188,0.1243,0.7648,0.0,1800.0,0.0,6.2993
728.5,2026-05-06T03:30:20.739425+00:00,77.3552,-0.0151,97.0288,0.0955,0.7648,0.0,1800.0,0.0,6.2997
729.0,2026-05-06T03:30:21.240096+00:00,77.2962,-0.0752,97.0222,0.0734,0.7648,0.0,1800.0,0.0,6.2486
729.5,2026-05-06T03:30:21.739380+00:00,77.5053,0.0694,97.017,0.0178,0.7648,0.0,1800.0,0.0,6.2237
730.0,2026-05-06T03:30:22.248355+00:00,77.4115,-0.0103,97.0131,0.0137,0.7648,0.0,1800.0,0.0,6.2116
730.5,2026-05-06T03:30:22.739412+00:00,77.4667,0.0557,97.0101,-0.028,0.7648,0.0,1800.0,0.0,6.2569
731.0,2026-05-06T03:30:23.239458+00:00,77.3818,0.0428,97.0077,-0.0601,0.7648,0.0,1800.0,0.0,6.2789
731.5,2026-05-06T03:30:23.739383+00:00,77.4439,-0.0307,97.1216,0.0309,0.7648,0.0,1800.0,0.0,6.2897
732.0,2026-05-06T03:30:24.239373+00:00,77.4916,0.04,97.2092,0.0623,0.7648,0.0,1800.0,0.0,6.295
732.5,2026-05-06T03:30:24.745493+00:00,77.6555,0.0944,97.2765,0.0865,0.7648,0.0,1800.0,0.0,6.2976
733.0,2026-05-06T03:30:25.239812+00:00,77.527,0.0726,97.3282,0.105,0.7648,0.0,1800.0,0.0,6.2988
733.5,2026-05-06T03:30:25.739388+00:00,77.5554,0.0558,97.1366,0.0422,0.7648,0.0,1800.0,0.0,6.2994
734.0,2026-05-06T03:30:26.241252+00:00,77.7046,0.1065,97.105,0.0324,0.7648,0.0,1800.0,0.0,6.2997
734.5,2026-05-06T03:30:26.739377+00:00,77.8192,0.0819,97.0807,-0.0137,0.7648,0.0,1800.0,0.0,6.2999
735.0,2026-05-06T03:30:27.244453+00:00,77.9073,0.1902,97.1777,-0.0105,0.7648,0.0,1800.0,0.0,6.2487
735.5,2026-05-06T03:30:27.739374+00:00,77.8478,0.1462,97.0209,-0.0852,0.7648,0.0,1800.0,0.0,6.275
736.0,2026-05-06T03:30:28.240215+00:00,77.802,0.0487,97.0161,-0.1041,0.7648,0.0,1800.0,0.0,6.2878
736.5,2026-05-06T03:30:28.739415+00:00,77.7668,-0.0262,97.0123,-0.0414,0.7648,0.0,1800.0,0.0,6.294
737.0,2026-05-06T03:30:29.239373+00:00,77.8671,-0.0201,97.0095,-0.0318,0.7648,0.0,1800.0,0.0,6.2971
737.5,2026-05-06T03:30:29.746723+00:00,77.6896,-0.0791,97.0073,-0.0245,0.7648,0.0,1800.0,0.0,6.2986
738.0,2026-05-06T03:30:30.239469+00:00,77.8077,0.0028,97.0056,-0.0574,0.7648,0.0,1800.0,0.0,6.2993
738.5,2026-05-06T03:30:30.739871+00:00,77.5167,-0.1251,96.8886,-0.0441,0.7648,0.0,1800.0,0.0,6.2997
739.0,2026-05-06T03:30:31.239666+00:00,77.5475,-0.1598,96.9144,-0.0339,0.7648,0.0,1800.0,0.0,6.2998
739.5,2026-05-06T03:30:31.741536+00:00,77.5712,-0.0592,96.8185,-0.0646,0.7648,0.0,1800.0,0.0,6.2999
740.000352,2026-05-06T03:30:32.244183+00:00,77.4622,-0.1728,96.8605,-0.0497,0.7648,0.0,1800.0,0.0,6.3
740.5,2026-05-06T03:30:32.739382+00:00,77.5056,-0.0055,96.7771,-0.0767,0.7648,0.0,1800.0,0.0,6.3
741.0,2026-05-06T03:30:33.239405+00:00,77.4118,-0.0679,96.8287,-0.059,0.7648,0.0,1800.0,0.0,6.3
741.5,2026-05-06T03:30:33.739388+00:00,77.4669,-0.0522,96.8683,-0.0068,0.7648,0.0,1800.0,0.0,6.3
742.0,2026-05-06T03:30:34.239755+00:00,77.382,-0.0401,96.8988,-0.0052,0.7648,0.0,1800.0,0.0,6.3
742.5,2026-05-06T03:30:34.743947+00:00,77.444,-0.0308,96.9222,0.0346,0.7648,0.0,1800.0,0.0,6.3
743.0,2026-05-06T03:30:35.239519+00:00,77.4917,0.04,96.8245,-0.012,0.7648,0.0,1800.0,0.0,6.3
743.5,2026-05-06T03:30:35.739830+00:00,77.6556,0.0943,96.9808,0.0679,0.7648,0.0,1800.0,0.0,6.3
744.0,2026-05-06T03:30:36.240013+00:00,77.9088,0.2634,96.8696,0.0136,0.7648,0.0,1800.0,0.0,6.3
744.5,2026-05-06T03:30:36.739489+00:00,77.7217,0.1388,96.8997,0.0105,0.7648,0.0,1800.0,0.0,6.3
745.0,2026-05-06T03:30:37.247763+00:00,77.7051,0.1067,96.9229,0.0081,0.7648,0.0,1800.0,0.0,6.3
745.5,2026-05-06T03:30:37.739431+00:00,77.9469,0.1456,96.8251,-0.0324,0.7648,0.0,1800.0,0.0,6.3
746.0,2026-05-06T03:30:38.239386+00:00,77.8782,-0.0153,96.8656,0.0137,0.7648,0.0,1800.0,0.0,6.3
746.5,2026-05-06T03:30:38.739376+00:00,77.9526,0.1155,96.781,-0.0666,0.7648,0.0,1800.0,0.0,6.3
747.0,2026-05-06T03:30:39.239383+00:00,77.7553,0.0251,96.8316,-0.0126,0.7648,0.0,1800.0,0.0,6.3
747.5,2026-05-06T03:30:39.745324+00:00,77.731,-0.108,96.8706,-0.0097,0.7648,0.0,1800.0,0.0,6.3
748.0,2026-05-06T03:30:40.239420+00:00,77.9668,0.0443,96.7848,-0.046,0.7648,0.0,1800.0,0.0,6.3
748.5,2026-05-06T03:30:40.739392+00:00,77.8935,-0.0296,96.8346,0.0032,0.7648,0.0,1800.0,0.0,6.3
749.0,2026-05-06T03:30:41.239357+00:00,77.8371,0.0409,96.8729,0.0024,0.7648,0.0,1800.0,0.0,6.3
749.5,2026-05-06T03:30:41.739383+00:00,77.5393,-0.0958,96.9023,0.0404,0.7648,0.0,1800.0,0.0,6.3
750.0,2026-05-06T03:30:42.243962+00:00,77.6922,-0.1373,96.8092,-0.0075,0.7648,0.0,1800.0,0.0,6.3
750.5,2026-05-06T03:30:42.739500+00:00,77.8097,-0.0419,96.8534,-0.0057,0.7648,0.0,1800.0,0.0,6.3
751.0,2026-05-06T03:30:43.240997+00:00,77.7727,-0.0322,96.8873,0.0341,0.7648,0.0,1800.0,0.0,6.3
751.5,2026-05-06T03:30:43.740008+00:00,77.8716,0.1662,96.9134,0.0262,0.7648,0.0,1800.0,0.0,6.3
752.0,2026-05-06T03:30:44.241116+00:00,77.9476,0.1277,96.9334,0.0202,0.7648,0.0,1800.0,0.0,6.3
752.5,2026-05-06T03:30:44.747676+00:00,77.8787,0.0345,96.8331,-0.0231,0.7648,0.0,1800.0,0.0,6.3
753.0,2026-05-06T03:30:45.239400+00:00,77.8258,0.0265,96.8717,0.0208,0.7648,0.0,1800.0,0.0,6.3
753.5,2026-05-06T03:30:45.739370+00:00,77.7851,-0.0432,96.9014,0.016,0.7648,0.0,1800.0,0.0,6.3
754.0,2026-05-06T03:30:46.240224+00:00,77.6266,-0.1605,96.9242,0.0123,0.7648,0.0,1800.0,0.0,6.3
754.5,2026-05-06T03:30:46.739379+00:00,77.632,-0.1234,96.9418,0.0095,0.7648,0.0,1800.0,0.0,6.3
755.0,2026-05-06T03:30:47.246494+00:00,77.5089,-0.1585,96.9552,0.0073,0.7648,0.0,1800.0,0.0,6.3
755.5,2026-05-06T03:30:47.739817+00:00,77.6688,-0.0582,96.9656,0.0442,0.7648,0.0,1800.0,0.0,6.3
756.0,2026-05-06T03:30:48.239351+00:00,77.6645,0.0189,96.9736,0.0339,0.7648,0.0,1800.0,0.0,6.3
756.5,2026-05-06T03:30:48.739412+00:00,77.7884,0.0782,96.9797,0.0261,0.7648,0.0,1800.0,0.0,6.3
757.0,2026-05-06T03:30:49.240082+00:00,77.8836,0.1874,96.9844,0.02,0.7648,0.0,1800.0,0.0,6.3
757.5,2026-05-06T03:30:49.750112+00:00,77.8296,0.0804,96.7566,-0.0617,0.7648,0.0,1800.0,0.0,6.3
758.0,2026-05-06T03:30:50.239432+00:00,77.9153,0.1254,96.6741,-0.0937,0.7648,0.0,1800.0,0.0,6.3
758.5,2026-05-06T03:30:50.739578+00:00,77.9812,0.0964,96.5181,-0.1492,0.7648,0.0,1800.0,0.0,6.3
759.0,2026-05-06T03:30:51.239398+00:00,78.0318,0.0741,96.5139,-0.1532,0.7648,0.0,1800.0,0.0,6.3
759.5,2026-05-06T03:30:51.739807+00:00,78.0707,0.1206,96.5107,-0.1563,0.7648,0.0,1800.0,0.0,6.3
760.0,2026-05-06T03:30:52.243676+00:00,77.8461,-0.0346,96.5082,-0.1587,0.7648,0.0,1800.0,0.0,6.3
760.5,2026-05-06T03:30:52.739374+00:00,77.8007,-0.0902,96.3675,-0.1297,0.7648,0.0,1800.0,0.0,6.3512
761.0,2026-05-06T03:30:53.239653+00:00,77.8931,-0.0693,96.6295,-0.0148,0.7648,0.0,1800.0,0.0,6.3762
761.5,2026-05-06T03:30:53.739380+00:00,77.7096,-0.1806,96.5996,0.0272,0.7648,0.0,1800.0,0.0,6.3884
762.0,2026-05-06T03:30:54.239374+00:00,77.8231,-0.0115,96.6922,0.0594,0.7648,0.0,1800.0,0.0,6.3943
762.5,2026-05-06T03:30:54.745876+00:00,77.783,-0.0089,96.6477,0.0457,0.7648,0.0,1800.0,0.0,6.346
763.0,2026-05-06T03:30:55.241025+00:00,77.7522,-0.0704,96.6136,0.0351,0.7648,0.0,1800.0,0.0,6.3225
763.5,2026-05-06T03:30:55.739390+00:00,77.8559,0.0731,96.4484,0.027,0.7648,0.0,1800.0,0.0,6.311
764.0,2026-05-06T03:30:56.239462+00:00,77.8082,-0.0074,96.4604,-0.0564,0.7648,0.0,1800.0,0.0,6.3053
764.5,2026-05-06T03:30:56.740996+00:00,78.0261,0.1216,96.4695,-0.0433,0.7648,0.0,1800.0,0.0,6.3026
765.0,2026-05-06T03:30:57.244983+00:00,77.9391,0.0934,96.5923,-0.0333,0.7648,0.0,1800.0,0.0,6.3013
765.5,2026-05-06T03:30:57.739420+00:00,77.8722,0.0082,96.5709,-0.0256,0.7648,0.0,1800.0,0.0,6.3006
766.0,2026-05-06T03:30:58.239466+00:00,77.9481,0.0699,96.5545,-0.0197,0.7648,0.0,1800.0,0.0,6.3003
766.5,2026-05-06T03:30:58.739385+00:00,77.6245,-0.2008,96.4262,-0.0074,0.7648,0.0,1800.0,0.0,6.3001
767.0,2026-05-06T03:30:59.239376+00:00,77.6304,-0.1543,96.4433,-0.0057,0.7648,0.0,1800.0,0.0,6.3001
767.5,2026-05-06T03:30:59.745157+00:00,77.635,-0.1186,96.3407,-0.0429,0.7648,0.0,1800.0,0.0,6.3
768.0,2026-05-06T03:31:00.239388+00:00,77.6384,-0.1548,96.3776,-0.0716,0.7648,0.0,1800.0,0.0,6.3
768.5,2026-05-06T03:31:00.739365+00:00,77.6411,0.0083,96.4059,-0.055,0.7648,0.0,1800.0,0.0,6.3
769.0,2026-05-06T03:31:01.239372+00:00,77.7704,0.07,96.5434,-0.0037,0.7648,0.0,1800.0,0.0,6.3
769.5,2026-05-06T03:31:01.739376+00:00,77.7426,0.0538,96.5333,0.0357,0.7648,0.0,1800.0,0.0,6.3
770.0,2026-05-06T03:31:02.245300+00:00,77.7212,0.0414,96.6413,0.066,0.7648,0.0,1800.0,0.0,6.3
770.5,2026-05-06T03:31:02.739375+00:00,77.832,0.0954,96.6086,0.0893,0.7648,0.0,1800.0,0.0,6.3
771.0,2026-05-06T03:31:03.242135+00:00,77.9171,0.0733,96.5835,0.0686,0.7648,0.0,1800.0,0.0,6.3
771.5,2026-05-06T03:31:03.739443+00:00,77.8553,0.0564,96.4485,0.0142,0.7648,0.0,1800.0,0.0,6.3
772.0,2026-05-06T03:31:04.239499+00:00,77.8078,0.0433,96.3447,-0.0662,0.7648,0.0,1800.0,0.0,6.3
772.5,2026-05-06T03:31:04.748306+00:00,77.8986,0.0333,96.3806,-0.0509,0.7648,0.0,1800.0,0.0,6.3
773.0,2026-05-06T03:31:05.241091+00:00,77.841,-0.038,96.4083,-0.0777,0.7648,0.0,1800.0,0.0,6.3
773.5,2026-05-06T03:31:05.739779+00:00,77.6696,-0.0929,96.5452,-0.0211,0.7648,0.0,1800.0,0.0,6.3
774.0,2026-05-06T03:31:06.239399+00:00,77.9196,0.0559,96.5347,-0.0163,0.7648,0.0,1800.0,0.0,6.3
774.5,2026-05-06T03:31:06.739391+00:00,77.8572,-0.0207,96.5267,0.0261,0.7648,0.0,1800.0,0.0,6.3
775.0,2026-05-06T03:31:07.245240+00:00,77.8093,-0.0159,96.6362,0.0972,0.7648,0.0,1800.0,0.0,6.3
775.5,2026-05-06T03:31:07.739389+00:00,77.7724,0.0514,96.6047,0.0747,0.7648,0.0,1800.0,0.0,6.3
776.0,2026-05-06T03:31:08.239436+00:00,77.8713,-0.0241,96.6962,0.096,0.7648,0.0,1800.0,0.0,6.3
776.5,2026-05-06T03:31:08.739721+00:00,77.9474,0.0451,96.6508,0.0352,0.7648,0.0,1800.0,0.0,6.3
777.0,2026-05-06T03:31:09.239371+00:00,77.7513,-0.029,96.5002,-0.0115,0.7648,0.0,1800.0,0.0,6.3
777.5,2026-05-06T03:31:09.747377+00:00,77.6006,-0.0859,96.5001,-0.0088,0.7648,0.0,1800.0,0.0,6.3
778.0,2026-05-06T03:31:10.239507+00:00,77.4848,-0.1933,96.2456,-0.1302,0.7648,0.0,1800.0,0.0,6.3
778.5,2026-05-06T03:31:10.739391+00:00,77.3957,-0.2758,96.3044,-0.1001,0.7648,0.0,1800.0,0.0,6.3
779.0,2026-05-06T03:31:11.239396+00:00,77.7091,-0.0211,96.4654,-0.0769,0.7648,0.0,1800.0,0.0,6.3
779.5,2026-05-06T03:31:11.739420+00:00,77.8227,0.1111,96.5891,-0.0206,0.7648,0.0,1800.0,0.0,6.3
780.0,2026-05-06T03:31:12.246214+00:00,77.6555,0.0854,96.4528,-0.0158,0.7648,0.0,1800.0,0.0,6.3
780.5,2026-05-06T03:31:12.739408+00:00,77.6542,0.1292,96.5794,0.0264,0.7648,0.0,1800.0,0.0,6.3512
781.0,2026-05-06T03:31:13.239382+00:00,77.7805,0.0357,96.561,0.1052,0.7648,0.0,1800.0,0.0,6.3762
781.5,2026-05-06T03:31:13.739719+00:00,77.623,-0.0998,96.3155,0.0037,0.7648,0.0,1800.0,0.0,6.3884
782.0,2026-05-06T03:31:14.241457+00:00,77.7565,0.0505,96.3351,-0.0434,0.7648,0.0,1800.0,0.0,6.3943
782.5,2026-05-06T03:31:14.745417+00:00,77.7319,0.0388,96.1418,-0.1491,0.7648,0.0,1800.0,0.0,6.3972
783.000312,2026-05-06T03:31:15.239937+00:00,77.7129,-0.0338,96.109,-0.1146,0.7648,0.0,1800.0,0.0,6.3986
783.5,2026-05-06T03:31:15.739401+00:00,77.8256,0.1013,96.0838,-0.1652,0.7648,0.0,1800.0,0.0,6.3993
784.0,2026-05-06T03:31:16.239803+00:00,78.0395,0.1415,96.0644,-0.1655,0.7648,0.0,1800.0,0.0,6.3997
784.5,2026-05-06T03:31:16.739354+00:00,77.9494,0.1088,96.1652,-0.0501,0.7648,0.0,1800.0,0.0,6.3998
785.0,2026-05-06T03:31:17.247882+00:00,78.0074,0.1472,96.3584,0.0078,0.7648,0.0,1800.0,0.0,6.3487
785.5,2026-05-06T03:31:17.739375+00:00,78.052,0.1132,96.3911,0.0831,0.7648,0.0,1800.0,0.0,6.375
786.0,2026-05-06T03:31:18.239360+00:00,77.9589,-0.0403,96.4163,0.1024,0.7648,0.0,1800.0,0.0,6.3878
786.5,2026-05-06T03:31:18.740243+00:00,77.8875,-0.031,96.4357,0.1173,0.7648,0.0,1800.0,0.0,6.394
787.0,2026-05-06T03:31:19.239358+00:00,77.7052,-0.1511,96.4506,0.1287,0.7648,0.0,1800.0,0.0,6.3971
787.5,2026-05-06T03:31:19.747788+00:00,77.6925,-0.1798,96.462,0.0989,0.7648,0.0,1800.0,0.0,6.3986
788.0,2026-05-06T03:31:20.239372+00:00,77.9372,-0.0109,96.4708,0.0375,0.7648,0.0,1800.0,0.0,6.3481
788.5,2026-05-06T03:31:20.739390+00:00,77.8707,-0.0084,96.5933,0.0674,0.7648,0.0,1800.0,0.0,6.3235
789.0,2026-05-06T03:31:21.240451+00:00,77.8196,0.0572,96.8031,0.1289,0.7648,0.0,1800.0,0.0,6.3115
789.5,2026-05-06T03:31:21.739485+00:00,77.7804,0.044,96.8486,0.1377,0.7648,0.0,1800.0,0.0,6.3056
790.0,2026-05-06T03:31:22.246602+00:00,77.7502,-0.0935,96.9994,0.1829,0.7648,0.0,1800.0,0.0,6.3027
790.5,2026-05-06T03:31:22.739407+00:00,77.727,-0.0718,96.9995,0.1792,0.7648,0.0,1800.0,0.0,6.3013
791.0,2026-05-06T03:31:23.239376+00:00,77.8365,0.0084,96.9996,0.1763,0.7648,0.0,1800.0,0.0,6.3006
791.5,2026-05-06T03:31:23.739386+00:00,77.7933,0.0065,96.9997,0.1355,0.7648,0.0,1800.0,0.0,6.3003
792.0,2026-05-06T03:31:24.239462+00:00,77.8874,0.0686,96.8841,0.027,0.7648,0.0,1800.0,0.0,6.3002
792.5,2026-05-06T03:31:24.746337+00:00,77.9598,0.1164,96.6795,-0.0564,0.7648,0.0,1800.0,0.0,6.3001
793.0,2026-05-06T03:31:25.239751+00:00,77.8881,0.0258,96.638,-0.1205,0.7648,0.0,1800.0,0.0,6.3
793.5,2026-05-06T03:31:25.741013+00:00,77.833,0.0198,96.606,-0.1312,0.7648,0.0,1800.0,0.0,6.3
794.0,2026-05-06T03:31:26.239464+00:00,77.7906,-0.0484,96.5815,-0.1394,0.7648,0.0,1800.0,0.0,6.3
794.5,2026-05-06T03:31:26.740923+00:00,77.6308,-0.1645,96.5626,-0.1457,0.7648,0.0,1800.0,0.0,6.3
795.0,2026-05-06T03:31:27.246603+00:00,77.7625,-0.0628,96.5481,-0.112,0.7648,0.0,1800.0,0.0,6.3
795.5,2026-05-06T03:31:27.739608+00:00,77.7365,-0.0482,96.6527,-0.0089,0.7648,0.0,1800.0,0.0,6.3
796.0,2026-05-06T03:31:28.239710+00:00,77.971,0.0902,96.5017,-0.0454,0.7648,0.0,1800.0,0.0,6.3
796.5,2026-05-06T03:31:28.740334+00:00,78.024,0.1966,96.3856,-0.0735,0.7648,0.0,1800.0,0.0,6.3
797.0,2026-05-06T03:31:29.239835+00:00,78.0647,0.1511,96.5278,-0.0179,0.7648,0.0,1800.0,0.0,6.3
797.5,2026-05-06T03:31:29.744993+00:00,78.096,0.1798,96.5213,-0.0138,0.7648,0.0,1800.0,0.0,6.3
798.0,2026-05-06T03:31:30.239385+00:00,78.1201,0.0745,96.5164,-0.0106,0.7648,0.0,1800.0,0.0,6.3
798.5,2026-05-06T03:31:30.739379+00:00,78.0113,-0.0063,96.5126,-0.0467,0.7648,0.0,1800.0,0.0,6.3
799.0,2026-05-06T03:31:31.239397+00:00,77.9277,-0.0685,96.5097,0.0027,0.7648,0.0,1800.0,0.0,6.3
799.5,2026-05-06T03:31:31.739364+00:00,77.9907,-0.0527,96.7388,0.1178,0.7648,0.0,1800.0,0.0,6.3
800.0,2026-05-06T03:31:32.244148+00:00,78.1664,0.0232,96.6836,0.0519,0.7648,0.0,1800.0,0.0,6.3
800.5,2026-05-06T03:31:32.739508+00:00,78.1742,0.0814,96.5023,-0.0064,0.7648,0.0,1800.0,0.0,6.3
801.0,2026-05-06T03:31:33.239413+00:00,78.1802,0.1262,96.386,-0.0435,0.7648,0.0,1800.0,0.0,6.3
801.5,2026-05-06T03:31:33.739654+00:00,78.0575,0.0334,96.5281,0.0052,0.7648,0.0,1800.0,0.0,6.3
802.0,2026-05-06T03:31:34.239381+00:00,77.9632,-0.1016,96.6373,0.0425,0.7648,0.0,1800.0,0.0,6.3
802.5,2026-05-06T03:31:34.746797+00:00,77.8907,-0.1417,96.4898,-0.083,0.7648,0.0,1800.0,0.0,6.3
803.0,2026-05-06T03:31:35.239379+00:00,77.7077,-0.2362,96.4922,-0.0638,0.7648,0.0,1800.0,0.0,6.3512
803.5,2026-05-06T03:31:35.739522+00:00,77.8217,-0.1179,96.494,-0.0028,0.7648,0.0,1800.0,0.0,6.3762
804.0,2026-05-06T03:31:36.239373+00:00,77.9092,-0.027,96.6111,0.075,0.7648,0.0,1800.0,0.0,6.3884
804.5,2026-05-06T03:31:36.740520+00:00,77.8492,-0.0207,96.5854,0.0191,0.7648,0.0,1800.0,0.0,6.3943
805.0,2026-05-06T03:31:37.247146+00:00,77.6759,-0.0159,96.5656,-0.0239,0.7648,0.0,1800.0,0.0,6.346
805.5,2026-05-06T03:31:37.741763+00:00,77.7971,-0.0123,96.5504,0.0202,0.7648,0.0,1800.0,0.0,6.3225
806.0,2026-05-06T03:31:38.239371+00:00,77.7631,-0.0731,96.5388,0.0155,0.7648,0.0,1800.0,0.0,6.311
806.5,2026-05-06T03:31:38.739449+00:00,77.8642,0.0075,96.6455,0.0505,0.7648,0.0,1800.0,0.0,6.3053
807.0,2026-05-06T03:31:39.239987+00:00,77.9419,0.133,96.7275,0.0388,0.7648,0.0,1800.0,0.0,6.3026
807.5,2026-05-06T03:31:39.746581+00:00,78.0016,0.1022,96.7906,0.0684,0.7648,0.0,1800.0,0.0,6.3013
808.0,2026-05-06T03:31:40.239377+00:00,77.9203,0.0786,96.7233,0.0526,0.7648,0.0,1800.0,0.0,6.3006
808.5,2026-05-06T03:31:40.741832+00:00,77.8577,-0.0032,96.7874,0.079,0.7648,0.0,1800.0,0.0,6.3003
809.0,2026-05-06T03:31:41.239401+00:00,77.9369,-0.0025,96.8366,0.0993,0.7648,0.0,1800.0,0.0,6.3001
809.5,2026-05-06T03:31:41.739409+00:00,77.8705,-0.0655,96.9901,0.1149,0.7648,0.0,1800.0,0.0,6.3001
810.0,2026-05-06T03:31:42.246063+00:00,78.074,0.0769,96.8767,0.0497,0.7648,0.0,1800.0,0.0,6.3
810.5,2026-05-06T03:31:42.739941+00:00,78.2305,0.1864,97.0209,0.0768,0.7648,0.0,1800.0,0.0,6.3
811.0,2026-05-06T03:31:43.239385+00:00,78.2234,0.1432,97.0161,0.0976,0.7648,0.0,1800.0,0.0,6.3
811.5,2026-05-06T03:31:43.739726+00:00,78.3453,0.2374,97.1281,0.1136,0.7648,0.0,1800.0,0.0,6.3
812.0,2026-05-06T03:31:44.240772+00:00,78.3116,0.1188,97.0984,0.0873,0.7648,0.0,1800.0,0.0,6.3
812.500727,2026-05-06T03:31:44.747648+00:00,78.4131,0.0913,97.0756,0.0285,0.7648,0.0,1800.0,0.0,6.3
813.0,2026-05-06T03:31:45.240592+00:00,78.1092,-0.0571,96.9424,0.0219,0.7648,0.0,1800.0,0.0,6.3
813.5,2026-05-06T03:31:45.739472+00:00,77.8757,-0.2348,96.7244,-0.0989,0.7648,0.0,1800.0,0.0,6.3
814.0,2026-05-06T03:31:46.239366+00:00,77.6962,-0.3077,96.7881,-0.076,0.7648,0.0,1800.0,0.0,6.3
814.5,2026-05-06T03:31:46.739384+00:00,77.6855,-0.3638,96.9529,-0.0584,0.7648,0.0,1800.0,0.0,6.3
815.0,2026-05-06T03:31:47.246467+00:00,77.6773,-0.216,96.8481,-0.0834,0.7648,0.0,1800.0,0.0,6.3
815.5,2026-05-06T03:31:47.739414+00:00,77.7982,-0.0387,96.7675,-0.1027,0.7648,0.0,1800.0,0.0,6.3
816.0,2026-05-06T03:31:48.239471+00:00,78.0185,0.1611,96.7056,-0.0789,0.7648,0.0,1800.0,0.0,6.3
816.5,2026-05-06T03:31:48.739403+00:00,77.8059,0.0602,96.7737,0.0165,0.7648,0.0,1800.0,0.0,6.3
817.0,2026-05-06T03:31:49.239376+00:00,78.0244,0.1736,96.7104,-0.0259,0.7648,0.0,1800.0,0.0,6.3
817.5,2026-05-06T03:31:49.746008+00:00,77.9378,0.0698,96.6617,-0.0971,0.7648,0.0,1800.0,0.0,6.3
818.0,2026-05-06T03:31:50.239519+00:00,77.8712,-0.0737,96.74,-0.036,0.7648,0.0,1800.0,0.0,6.3
818.5,2026-05-06T03:31:50.740152+00:00,77.9473,0.0707,96.8002,0.0109,0.7648,0.0,1800.0,0.0,6.3
819.0,2026-05-06T03:31:51.239618+00:00,77.8785,-0.073,96.9621,0.0855,0.7648,0.0,1800.0,0.0,6.3
819.5,2026-05-06T03:31:51.739713+00:00,77.8256,-0.0561,96.8552,0.0271,0.7648,0.0,1800.0,0.0,6.3
820.0,2026-05-06T03:31:52.245008+00:00,77.9122,0.0205,96.8887,0.0594,0.7648,0.0,1800.0,0.0,6.3
820.5,2026-05-06T03:31:52.739368+00:00,77.8516,-0.0479,96.9144,0.0842,0.7648,0.0,1800.0,0.0,6.3
821.0,2026-05-06T03:31:53.239370+00:00,78.0595,0.0905,97.0499,0.1033,0.7648,0.0,1800.0,0.0,6.3
821.5,2026-05-06T03:31:53.740112+00:00,78.092,0.1332,97.0384,0.0794,0.7648,0.0,1800.0,0.0,6.3
822.0,2026-05-06T03:31:54.239423+00:00,77.9897,0.0387,97.0295,0.0225,0.7648,0.0,1800.0,0.0,6.3
822.5,2026-05-06T03:31:54.745903+00:00,78.0384,0.0934,97.1384,0.0944,0.7648,0.0,1800.0,0.0,6.3
823.0,2026-05-06T03:31:55.239415+00:00,78.0758,0.0082,97.1064,0.0726,0.7648,0.0,1800.0,0.0,6.3
823.5,2026-05-06T03:31:55.740820+00:00,78.1045,0.0063,97.0817,0.0558,0.7648,0.0,1800.0,0.0,6.2488
824.0,2026-05-06T03:31:56.239827+00:00,78.2539,0.1321,97.0628,0.0043,0.7648,0.0,1800.0,0.0,6.2238
824.5,2026-05-06T03:31:56.739371+00:00,78.3687,0.1652,97.164,0.0419,0.7648,0.0,1800.0,0.0,6.2116
825.0,2026-05-06T03:31:57.251453+00:00,78.4569,0.1906,97.126,0.0322,0.7648,0.0,1800.0,0.0,6.2057
825.5,2026-05-06T03:31:57.739490+00:00,78.5247,0.2101,97.0969,-0.0138,0.7648,0.0,1800.0,0.0,6.254
826.0,2026-05-06T03:31:58.239372+00:00,78.1951,-0.0294,96.5191,-0.1958,0.7648,0.0,1800.0,0.0,6.2775
826.5,2026-05-06T03:31:58.739363+00:00,78.3235,-0.0226,96.4915,-0.1967,0.7648,0.0,1800.0,0.0,6.289
827.0,2026-05-06T03:31:59.241092+00:00,78.2949,-0.081,96.3778,-0.2283,0.7648,0.0,1800.0,0.0,6.2947
827.5,2026-05-06T03:31:59.745968+00:00,78.2729,-0.1259,96.5218,-0.2141,0.7648,0.0,1800.0,0.0,6.2974
828.0,2026-05-06T03:32:00.239373+00:00,78.1288,-0.0331,96.2853,-0.2802,0.7648,0.0,1800.0,0.0,6.2987
828.5,2026-05-06T03:32:00.739385+00:00,78.018,-0.1527,96.335,-0.254,0.7648,0.0,1800.0,0.0,6.2994
829.0,2026-05-06T03:32:01.239414+00:00,78.1874,-0.0538,96.4889,-0.0101,0.7648,0.0,1800.0,0.0,6.2997
829.5,2026-05-06T03:32:01.739494+00:00,77.9358,-0.1686,96.4915,-0.0,0.7648,0.0,1800.0,0.0,6.2999
830.0,2026-05-06T03:32:02.245190+00:00,77.9969,-0.0659,96.4934,0.0385,0.7648,0.0,1800.0,0.0,6.2999
830.5,2026-05-06T03:32:02.739399+00:00,78.1712,0.0766,96.7264,0.0682,0.7648,0.0,1800.0,0.0,6.3
831.0,2026-05-06T03:32:03.239388+00:00,78.0506,-0.0684,96.674,0.1295,0.7648,0.0,1800.0,0.0,6.3
831.5,2026-05-06T03:32:03.739504+00:00,77.9579,0.0111,96.7494,0.1381,0.7648,0.0,1800.0,0.0,6.3
832.0,2026-05-06T03:32:04.239419+00:00,77.8866,-0.0551,96.5991,0.0368,0.7648,0.0,1800.0,0.0,6.3
832.5,2026-05-06T03:32:04.745302+00:00,77.8319,-0.1696,96.3448,-0.0489,0.7648,0.0,1800.0,0.0,6.3
833.0,2026-05-06T03:32:05.239445+00:00,77.7898,-0.1304,96.3807,-0.0376,0.7648,0.0,1800.0,0.0,6.3
833.5,2026-05-06T03:32:05.740004+00:00,78.012,0.0271,96.4083,-0.106,0.7648,0.0,1800.0,0.0,6.3
834.0,2026-05-06T03:32:06.239975+00:00,78.0555,0.0844,96.5452,-0.0429,0.7648,0.0,1800.0,0.0,6.3
834.5,2026-05-06T03:32:06.739414+00:00,78.0889,0.1285,96.3034,-0.1487,0.7648,0.0,1800.0,0.0,6.3
835.0,2026-05-06T03:32:07.245386+00:00,77.9874,0.0988,96.4646,-0.0449,0.7648,0.0,1800.0,0.0,6.3
835.5,2026-05-06T03:32:07.739383+00:00,77.9093,-0.0513,96.2414,-0.0345,0.7648,0.0,1800.0,0.0,6.3
836.0,2026-05-06T03:32:08.239375+00:00,77.8493,-0.1031,96.1855,-0.0651,0.7648,0.0,1800.0,0.0,6.3
836.5,2026-05-06T03:32:08.739384+00:00,77.8032,-0.1429,96.2583,-0.05,0.7648,0.0,1800.0,0.0,6.3
837.0,2026-05-06T03:32:09.239412+00:00,77.6405,-0.1734,96.4299,-0.0384,0.7648,0.0,1800.0,0.0,6.3
837.5,2026-05-06T03:32:09.743863+00:00,77.6427,-0.1333,96.099,-0.0681,0.7648,0.0,1800.0,0.0,6.3
838.0,2026-05-06T03:32:10.239381+00:00,77.6444,-0.1025,96.1918,-0.0909,0.7648,0.0,1800.0,0.0,6.3512
838.5,2026-05-06T03:32:10.739404+00:00,77.9002,0.0485,96.3788,0.0458,0.7648,0.0,1800.0,0.0,6.3762
839.0,2026-05-06T03:32:11.239487+00:00,77.9696,0.1646,96.4069,0.0738,0.7648,0.0,1800.0,0.0,6.3372
839.5,2026-05-06T03:32:11.739467+00:00,77.7684,0.0628,96.4284,0.0567,0.7648,0.0,1800.0,0.0,6.3181
840.0,2026-05-06T03:32:12.245392+00:00,77.8682,0.1119,96.5607,0.0436,0.7648,0.0,1800.0,0.0,6.3089
840.5,2026-05-06T03:32:12.739414+00:00,77.8177,-0.0412,96.5466,0.1492,0.7648,0.0,1800.0,0.0,6.3555
841.0,2026-05-06T03:32:13.239372+00:00,77.6517,-0.159,96.6515,0.1532,0.7648,0.0,1800.0,0.0,6.3783
841.5,2026-05-06T03:32:13.739389+00:00,77.9058,0.0687,96.7322,0.1178,0.7648,0.0,1800.0,0.0,6.3382
842.0,2026-05-06T03:32:14.239870+00:00,77.9739,0.0528,96.6785,0.0905,0.7648,0.0,1800.0,0.0,6.3186
842.5,2026-05-06T03:32:14.745953+00:00,77.8989,0.0406,96.6372,0.0696,0.7648,0.0,1800.0,0.0,6.3091
843.0,2026-05-06T03:32:15.239385+00:00,78.0959,0.2221,96.6054,0.0149,0.7648,0.0,1800.0,0.0,6.3044
843.5,2026-05-06T03:32:15.739379+00:00,78.12,0.1071,96.5579,0.0037,0.7648,0.0,1800.0,0.0,6.3022
844.0,2026-05-06T03:32:16.239366+00:00,77.8839,-0.045,96.3131,-0.1128,0.7648,0.0,1800.0,0.0,6.3011
844.5,2026-05-06T03:32:16.739495+00:00,77.9571,0.0291,96.2406,-0.1638,0.7648,0.0,1800.0,0.0,6.3005
845.0,2026-05-06T03:32:17.247895+00:00,77.886,-0.1049,96.185,-0.1645,0.7648,0.0,1800.0,0.0,6.3003
845.5,2026-05-06T03:32:17.739400+00:00,77.9587,-0.0806,96.1422,-0.165,0.7648,0.0,1800.0,0.0,6.3513
846.0,2026-05-06T03:32:18.239357+00:00,77.8872,0.0017,96.225,-0.1268,0.7648,0.0,1800.0,0.0,6.3762
846.5,2026-05-06T03:32:18.739793+00:00,77.9596,0.0013,96.4043,-0.0512,0.7648,0.0,1800.0,0.0,6.3884
847.0,2026-05-06T03:32:19.239432+00:00,78.0152,0.0646,96.5421,0.0764,0.7648,0.0,1800.0,0.0,6.3943
847.5,2026-05-06T03:32:19.745345+00:00,78.058,0.0497,96.6481,0.1358,0.7648,0.0,1800.0,0.0,6.3972
848.0,2026-05-06T03:32:20.239881+00:00,78.0909,0.1018,96.7295,0.1815,0.7648,0.0,1800.0,0.0,6.3987
848.5,2026-05-06T03:32:20.739492+00:00,78.2434,0.1419,96.7921,0.2167,0.7648,0.0,1800.0,0.0,6.3993
849.0,2026-05-06T03:32:21.239887+00:00,78.4879,0.2363,96.8402,0.2051,0.7648,0.0,1800.0,0.0,6.3997
849.5,2026-05-06T03:32:21.739417+00:00,78.4213,0.1816,96.8772,0.1576,0.7648,0.0,1800.0,0.0,6.3486
850.0,2026-05-06T03:32:22.248214+00:00,78.3701,0.1396,96.7899,0.0826,0.7648,0.0,1800.0,0.0,6.3237
850.5,2026-05-06T03:32:22.739370+00:00,78.2034,-0.02,96.6071,-0.0137,0.7648,0.0,1800.0,0.0,6.3116
851.0,2026-05-06T03:32:23.239386+00:00,78.2026,-0.1426,96.8137,0.0281,0.7648,0.0,1800.0,0.0,6.3057
851.5,2026-05-06T03:32:23.739394+00:00,78.202,-0.1096,96.8568,0.0216,0.7648,0.0,1800.0,0.0,6.3028
852.0,2026-05-06T03:32:24.239509+00:00,78.3288,-0.0206,97.0057,0.0551,0.7648,0.0,1800.0,0.0,6.3013
852.5,2026-05-06T03:32:24.746836+00:00,78.4263,0.1114,97.0044,0.0424,0.7648,0.0,1800.0,0.0,6.3007
853.0,2026-05-06T03:32:25.239454+00:00,78.3739,0.0856,97.0033,0.0711,0.7648,0.0,1800.0,0.0,6.3515
853.5,2026-05-06T03:32:25.740291+00:00,78.3337,0.0658,97.0026,0.1318,0.7648,0.0,1800.0,0.0,6.3251
854.0,2026-05-06T03:32:26.239519+00:00,78.43,0.0506,97.002,0.0627,0.7648,0.0,1800.0,0.0,6.3123
854.5,2026-05-06T03:32:26.740642+00:00,78.5041,0.0389,97.0015,0.0482,0.7648,0.0,1800.0,0.0,6.306
855.0,2026-05-06T03:32:27.346309+00:00,78.4337,0.0299,97.0012,-0.0015,0.7648,0.0,1800.0,0.0,6.3029
855.5,2026-05-06T03:32:27.740030+00:00,78.5069,0.0866,96.8852,-0.0397,0.7648,0.0,1800.0,0.0,6.3014
856.0,2026-05-06T03:32:28.239594+00:00,78.4359,0.0029,96.9118,-0.0305,0.7648,0.0,1800.0,0.0,6.3007
856.5,2026-05-06T03:32:28.739379+00:00,78.254,-0.125,96.8165,-0.062,0.7648,0.0,1800.0,0.0,6.3003
857.0,2026-05-06T03:32:29.239407+00:00,78.3688,-0.0325,96.8589,-0.0477,0.7648,0.0,1800.0,0.0,6.3002
857.5,2026-05-06T03:32:29.745065+00:00,78.3297,-0.0886,96.7759,-0.0752,0.7648,0.0,1800.0,0.0,6.3001
858.0,2026-05-06T03:32:30.239369+00:00,78.0452,-0.1954,96.712,-0.0964,0.7648,0.0,1800.0,0.0,6.3
858.5,2026-05-06T03:32:30.739382+00:00,77.9537,-0.1501,96.5473,-0.1126,0.7648,0.0,1800.0,0.0,6.3
859.0,2026-05-06T03:32:31.239396+00:00,77.8834,-0.2427,96.652,-0.0866,0.7648,0.0,1800.0,0.0,6.3
859.5,2026-05-06T03:32:31.739387+00:00,77.9567,-0.1865,96.5012,-0.1051,0.7648,0.0,1800.0,0.0,6.3
860.0,2026-05-06T03:32:32.243822+00:00,77.8857,-0.0797,96.6166,-0.0808,0.7648,0.0,1800.0,0.0,6.3
860.5,2026-05-06T03:32:32.739369+00:00,77.9585,0.0024,96.5896,-0.0621,0.7648,0.0,1800.0,0.0,6.3
861.0,2026-05-06T03:32:33.239978+00:00,78.0143,0.0654,96.43,-0.094,0.7648,0.0,1800.0,0.0,6.3
861.5,2026-05-06T03:32:33.739445+00:00,77.93,-0.0133,96.4462,-0.0337,0.7648,0.0,1800.0,0.0,6.3
862.0,2026-05-06T03:32:34.239456+00:00,78.1198,0.117,96.343,-0.103,0.7648,0.0,1800.0,0.0,6.3
862.5,2026-05-06T03:32:34.746478+00:00,78.1383,0.0899,96.495,-0.0021,0.7648,0.0,1800.0,0.0,6.3
863.0,2026-05-06T03:32:35.239403+00:00,78.1526,0.0691,96.3805,-0.0787,0.7648,0.0,1800.0,0.0,6.3
863.5,2026-05-06T03:32:35.740174+00:00,78.1636,0.1168,96.5238,-0.0219,0.7648,0.0,1800.0,0.0,6.3
864.0,2026-05-06T03:32:36.239432+00:00,78.2993,0.0897,96.3795,-0.0169,0.7648,0.0,1800.0,0.0,6.3
864.5,2026-05-06T03:32:36.739390+00:00,78.2763,0.069,96.4074,-0.013,0.7648,0.0,1800.0,0.0,6.3
865.0,2026-05-06T03:32:37.245007+00:00,78.0041,-0.0743,96.3131,-0.01,0.7648,0.0,1800.0,0.0,6.3
865.5,2026-05-06T03:32:37.739363+00:00,78.1767,0.0066,96.472,-0.0077,0.7648,0.0,1800.0,0.0,6.3
866.0,2026-05-06T03:32:38.239405+00:00,78.1821,-0.0586,96.5942,0.0713,0.7648,0.0,1800.0,0.0,6.3
866.5,2026-05-06T03:32:38.739797+00:00,78.3135,0.0186,96.8038,0.0933,0.7648,0.0,1800.0,0.0,6.3
867.0,2026-05-06T03:32:39.239510+00:00,78.16,0.0779,96.8492,0.1566,0.7648,0.0,1800.0,0.0,6.3
867.5,2026-05-06T03:32:39.746424+00:00,78.4238,0.1235,96.7684,0.1203,0.7648,0.0,1800.0,0.0,6.3
868.0,2026-05-06T03:32:40.239381+00:00,78.372,0.0949,96.9377,0.2082,0.7648,0.0,1800.0,0.0,6.3
868.5,2026-05-06T03:32:40.739368+00:00,78.3322,0.0093,97.0678,0.1986,0.7648,0.0,1800.0,0.0,6.3
869.0,2026-05-06T03:32:41.239369+00:00,78.3016,0.0708,97.0521,0.1526,0.7648,0.0,1800.0,0.0,6.3
869.5,2026-05-06T03:32:41.739467+00:00,78.2781,-0.0728,97.1558,0.1173,0.7648,0.0,1800.0,0.0,6.3
870.0,2026-05-06T03:32:42.244824+00:00,78.3873,0.0076,97.0272,0.0593,0.7648,0.0,1800.0,0.0,6.3
870.5,2026-05-06T03:32:42.739345+00:00,78.4712,0.0695,97.0209,0.0842,0.7648,0.0,1800.0,0.0,6.3
871.0,2026-05-06T03:32:43.239371+00:00,78.5357,0.1171,97.016,0.0261,0.7648,0.0,1800.0,0.0,6.3
871.5,2026-05-06T03:32:43.739382+00:00,78.5853,0.1536,97.0123,-0.0185,0.7648,0.0,1800.0,0.0,6.3
872.0,2026-05-06T03:32:44.239377+00:00,78.3689,-0.0092,97.1252,0.0244,0.7648,0.0,1800.0,0.0,6.3
872.5,2026-05-06T03:32:44.745741+00:00,78.5843,0.0566,97.2119,0.0187,0.7648,0.0,1800.0,0.0,6.3
873.0,2026-05-06T03:32:45.239381+00:00,78.6227,0.0435,97.1629,0.0452,0.7648,0.0,1800.0,0.0,6.3
873.5,2026-05-06T03:32:45.739474+00:00,78.3976,-0.0939,97.0095,-0.0038,0.7648,0.0,1800.0,0.0,6.3
874.0,2026-05-06T03:32:46.240678+00:00,78.3519,-0.0085,96.8916,-0.0415,0.7648,0.0,1800.0,0.0,6.2488
874.5,2026-05-06T03:32:46.739403+00:00,78.1895,-0.1974,96.6853,-0.109,0.7648,0.0,1800.0,0.0,6.2238
875.0,2026-05-06T03:32:47.251424+00:00,78.3192,-0.1518,96.5267,-0.1995,0.7648,0.0,1800.0,0.0,6.2116
875.5,2026-05-06T03:32:47.739427+00:00,78.4189,0.0106,96.6362,-0.1919,0.7648,0.0,1800.0,0.0,6.2569
876.0,2026-05-06T03:32:48.239377+00:00,78.3682,0.0082,96.7204,-0.1475,0.7648,0.0,1800.0,0.0,6.279
876.5,2026-05-06T03:32:48.739915+00:00,78.3293,0.0699,96.5537,-0.1519,0.7648,0.0,1800.0,0.0,6.2897
877.0,2026-05-06T03:32:49.239392+00:00,78.2994,-0.0099,96.657,-0.0782,0.7648,0.0,1800.0,0.0,6.295
877.5,2026-05-06T03:32:49.748027+00:00,78.4036,-0.0076,96.4818,-0.0678,0.7648,0.0,1800.0,0.0,6.2976
878.0,2026-05-06T03:32:50.239773+00:00,78.4838,0.0578,96.6017,0.025,0.7648,0.0,1800.0,0.0,6.2988
878.5,2026-05-06T03:32:50.739355+00:00,78.4181,0.0444,96.5782,-0.0193,0.7648,0.0,1800.0,0.0,6.2994
879.0,2026-05-06T03:32:51.240016+00:00,78.3677,0.0341,96.7915,0.0237,0.7648,0.0,1800.0,0.0,6.2997
879.5,2026-05-06T03:32:51.739969+00:00,78.0743,-0.1647,96.7009,0.0491,0.7648,0.0,1800.0,0.0,6.2999
880.0,2026-05-06T03:32:52.245837+00:00,77.9761,-0.2538,96.5387,-0.0394,0.7648,0.0,1800.0,0.0,6.2999
880.5,2026-05-06T03:32:52.739492+00:00,77.7734,-0.3224,96.6455,0.0545,0.7648,0.0,1800.0,0.0,6.3
881.0,2026-05-06T03:32:53.239466+00:00,77.7448,-0.3114,96.7275,0.0419,0.7648,0.0,1800.0,0.0,6.3
881.5,2026-05-06T03:32:53.739390+00:00,77.8502,-0.1121,96.6749,0.0322,0.7648,0.0,1800.0,0.0,6.3
882.0,2026-05-06T03:32:54.239353+00:00,77.9311,-0.0225,96.5187,-0.0909,0.7648,0.0,1800.0,0.0,6.3
882.5,2026-05-06T03:32:54.748937+00:00,77.9933,0.11,96.5144,-0.0622,0.7648,0.0,1800.0,0.0,6.3
883.0,2026-05-06T03:32:55.239389+00:00,78.0412,0.1482,96.511,-0.0092,0.7648,0.0,1800.0,0.0,6.3
883.5,2026-05-06T03:32:55.739375+00:00,78.2052,0.1775,96.2771,-0.1228,0.7648,0.0,1800.0,0.0,6.3
884.0,2026-05-06T03:32:56.239366+00:00,78.204,0.1364,96.3287,-0.1329,0.7648,0.0,1800.0,0.0,6.3
884.5,2026-05-06T03:32:56.739394+00:00,78.2031,0.1049,96.484,-0.0636,0.7648,0.0,1800.0,0.0,6.3
885.0,2026-05-06T03:32:57.244866+00:00,78.0751,0.017,96.372,-0.0489,0.7648,0.0,1800.0,0.0,6.3
885.5,2026-05-06T03:32:57.739367+00:00,78.2313,0.013,96.1702,-0.1147,0.7648,0.0,1800.0,0.0,6.3512
886.0,2026-05-06T03:32:58.239375+00:00,78.3513,0.0737,96.2465,-0.0882,0.7648,0.0,1800.0,0.0,6.325
886.5,2026-05-06T03:32:58.740231+00:00,78.4436,0.1202,96.3052,0.0094,0.7648,0.0,1800.0,0.0,6.3122
887.0,2026-05-06T03:32:59.239413+00:00,78.2599,0.0924,96.466,0.0458,0.7648,0.0,1800.0,0.0,6.306
887.5,2026-05-06T03:32:59.747600+00:00,78.2461,0.0074,96.4738,-0.0034,0.7648,0.0,1800.0,0.0,6.3029
888.0,2026-05-06T03:33:00.239378+00:00,78.3627,0.0057,96.3642,-0.0026,0.7648,0.0,1800.0,0.0,6.3014
888.5,2026-05-06T03:33:00.739401+00:00,78.4523,0.0044,96.3956,0.0751,0.7648,0.0,1800.0,0.0,6.3007
889.0,2026-05-06T03:33:01.239805+00:00,78.5212,0.1306,96.4198,0.0577,0.7648,0.0,1800.0,0.0,6.3003
889.5,2026-05-06T03:33:01.739408+00:00,78.5741,0.164,96.4383,0.0444,0.7648,0.0,1800.0,0.0,6.3002
890.0,2026-05-06T03:33:02.248222+00:00,78.3603,-0.0012,96.3369,-0.043,0.7648,0.0,1800.0,0.0,6.3001
890.5,2026-05-06T03:33:02.739461+00:00,78.1959,-0.1282,96.3515,-0.0408,0.7648,0.0,1800.0,0.0,6.3
891.0,2026-05-06T03:33:03.239635+00:00,78.1969,-0.1622,96.2702,-0.0313,0.7648,0.0,1800.0,0.0,6.3
891.5,2026-05-06T03:33:03.739496+00:00,78.3249,-0.1246,96.3234,-0.0241,0.7648,0.0,1800.0,0.0,6.3
892.0,2026-05-06T03:33:04.239943+00:00,78.0414,-0.1594,96.3642,-0.0185,0.7648,0.0,1800.0,0.0,6.3
892.5,2026-05-06T03:33:04.747274+00:00,78.2054,0.0047,96.5113,0.0243,0.7648,0.0,1800.0,0.0,6.3
893.0,2026-05-06T03:33:05.239366+00:00,78.2041,0.0036,96.6244,0.0958,0.7648,0.0,1800.0,0.0,6.3
893.5,2026-05-06T03:33:05.739391+00:00,78.3305,0.0028,96.5956,0.0814,0.7648,0.0,1800.0,0.0,6.3
894.0,2026-05-06T03:33:06.239367+00:00,78.3003,0.1294,96.5735,0.1011,0.7648,0.0,1800.0,0.0,6.3
894.5,2026-05-06T03:33:06.739384+00:00,78.4043,0.0995,96.6722,0.1163,0.7648,0.0,1800.0,0.0,6.3
895.0,2026-05-06T03:33:07.245165+00:00,78.3571,0.0765,96.748,0.1279,0.7648,0.0,1800.0,0.0,6.3
895.5,2026-05-06T03:33:07.739390+00:00,78.1934,-0.0685,96.8063,0.0983,0.7648,0.0,1800.0,0.0,6.3
896.0,2026-05-06T03:33:08.239976+00:00,78.3222,0.011,96.9669,0.1141,0.7648,0.0,1800.0,0.0,6.3
896.5,2026-05-06T03:33:08.739513+00:00,78.4212,0.0084,96.9745,0.1263,0.7648,0.0,1800.0,0.0,6.3
897.0,2026-05-06T03:33:09.239461+00:00,78.4973,0.0701,96.9804,0.1356,0.7648,0.0,1800.0,0.0,6.3
897.5,2026-05-06T03:33:09.744110+00:00,78.4285,0.1175,96.985,0.1043,0.7648,0.0,1800.0,0.0,6.3
898.0,2026-05-06T03:33:10.241700+00:00,78.5029,0.0903,97.1041,0.1187,0.7648,0.0,1800.0,0.0,6.3
898.5,2026-05-06T03:33:10.739375+00:00,78.4328,0.0058,97.08,0.0912,0.7648,0.0,1800.0,0.0,6.3
899.0,2026-05-06T03:33:11.239382+00:00,78.5062,0.0045,97.1772,0.0701,0.7648,0.0,1800.0,0.0,6.3
899.5,2026-05-06T03:33:11.739453+00:00,78.3081,-0.0602,97.2519,0.0925,0.7648,0.0,1800.0,0.0,6.3
900.0,2026-05-06T03:33:12.243866+00:00,78.1558,-0.1735,97.1936,0.0711,0.7648,0.0,1800.0,0.0,6.2488
900.5,2026-05-06T03:33:12.739462+00:00,78.166,-0.1334,97.2645,0.0932,0.7648,0.0,1800.0,0.0,6.275
901.0,2026-05-06T03:33:13.239361+00:00,78.1739,-0.1662,97.2033,0.0331,0.7648,0.0,1800.0,0.0,6.2878
901.5,2026-05-06T03:33:13.739464+00:00,78.3072,-0.0004,97.1563,0.0254,0.7648,0.0,1800.0,0.0,6.294
902.0,2026-05-06T03:33:14.239364+00:00,78.2824,0.0633,97.1201,-0.019,0.7648,0.0,1800.0,0.0,6.2971
902.5,2026-05-06T03:33:14.744744+00:00,78.3906,0.1123,97.0923,-0.0532,0.7648,0.0,1800.0,0.0,6.2986
903.0,2026-05-06T03:33:15.240131+00:00,78.4738,0.1499,97.0709,-0.0409,0.7648,0.0,1800.0,0.0,6.2993
903.5,2026-05-06T03:33:15.739387+00:00,78.2831,-0.012,97.0545,-0.07,0.7648,0.0,1800.0,0.0,6.2997
904.0,2026-05-06T03:33:16.239380+00:00,78.3912,0.0544,97.0419,-0.0538,0.7648,0.0,1800.0,0.0,6.2998
904.5,2026-05-06T03:33:16.739396+00:00,78.2197,-0.0855,97.0322,-0.0413,0.7648,0.0,1800.0,0.0,6.2999
905.0,2026-05-06T03:33:17.245964+00:00,78.2151,-0.1293,96.9091,-0.0703,0.7648,0.0,1800.0,0.0,6.3
905.5,2026-05-06T03:33:17.739853+00:00,78.3389,0.0279,96.9301,-0.0541,0.7648,0.0,1800.0,0.0,6.3
906.0,2026-05-06T03:33:18.239400+00:00,78.3067,-0.0422,96.9463,-0.0416,0.7648,0.0,1800.0,0.0,6.3
906.5,2026-05-06T03:33:18.739484+00:00,78.282,0.0312,97.0744,0.0066,0.7648,0.0,1800.0,0.0,6.3
907.0,2026-05-06T03:33:19.239386+00:00,78.3903,0.0876,97.0572,0.0051,0.7648,0.0,1800.0,0.0,6.3
907.5,2026-05-06T03:33:19.744027+00:00,78.4736,0.0673,97.044,0.0039,0.7648,0.0,1800.0,0.0,6.3
908.0,2026-05-06T03:33:20.239660+00:00,78.4103,0.0518,97.0338,0.0416,0.7648,0.0,1800.0,0.0,6.3
908.5,2026-05-06T03:33:20.739406+00:00,78.1071,-0.0875,96.9103,-0.0066,0.7648,0.0,1800.0,0.0,6.3
909.000402,2026-05-06T03:33:21.240585+00:00,78.2558,-0.0672,96.8153,-0.0436,0.7648,0.0,1800.0,0.0,6.3
909.5,2026-05-06T03:33:21.739372+00:00,78.2429,-0.1153,96.9738,-0.0335,0.7648,0.0,1800.0,0.0,6.3
910.0,2026-05-06T03:33:22.244864+00:00,78.233,-0.0886,96.9798,-0.0258,0.7648,0.0,1800.0,0.0,6.3
910.5,2026-05-06T03:33:22.739375+00:00,78.3526,0.1228,96.9845,-0.0198,0.7648,0.0,1800.0,0.0,6.3
911.0,2026-05-06T03:33:23.239505+00:00,78.4446,0.0944,96.9881,-0.0152,0.7648,0.0,1800.0,0.0,6.3
911.5,2026-05-06T03:33:23.739400+00:00,78.2607,0.0089,96.9908,0.0269,0.7648,0.0,1800.0,0.0,6.3
912.0,2026-05-06T03:33:24.239383+00:00,78.2467,0.0068,97.1087,0.0978,0.7648,0.0,1800.0,0.0,6.3
912.5,2026-05-06T03:33:24.744277+00:00,78.2359,-0.0584,97.1992,0.0752,0.7648,0.0,1800.0,0.0,6.3
913.0,2026-05-06T03:33:25.239873+00:00,78.2276,-0.1085,97.2688,0.0963,0.7648,0.0,1800.0,0.0,6.3
913.5,2026-05-06T03:33:25.739875+00:00,78.3485,0.0439,97.2066,0.074,0.7648,0.0,1800.0,0.0,6.3
914.0,2026-05-06T03:33:26.239461+00:00,78.3141,0.0337,96.9274,-0.0202,0.7648,0.0,1800.0,0.0,6.3
914.5,2026-05-06T03:33:26.739375+00:00,78.415,0.0896,96.9442,-0.0155,0.7648,0.0,1800.0,0.0,6.3
915.0,2026-05-06T03:33:27.247454+00:00,78.238,0.0052,96.8414,-0.0891,0.7648,0.0,1800.0,0.0,6.2488
915.5,2026-05-06T03:33:27.739354+00:00,78.3564,0.004,96.7624,-0.1456,0.7648,0.0,1800.0,0.0,6.275
916.0,2026-05-06T03:33:28.239384+00:00,78.3202,0.0031,96.586,-0.2276,0.7648,0.0,1800.0,0.0,6.2878
916.5,2026-05-06T03:33:28.739386+00:00,78.4197,0.0024,96.5661,-0.2135,0.7648,0.0,1800.0,0.0,6.294
917.0,2026-05-06T03:33:29.239364+00:00,78.4961,0.1291,96.6665,-0.087,0.7648,0.0,1800.0,0.0,6.2971
917.5,2026-05-06T03:33:29.844592+00:00,78.4276,0.0356,96.628,-0.1054,0.7648,0.0,1800.0,0.0,6.2986
918.0,2026-05-06T03:33:30.239391+00:00,78.1204,-0.0999,96.7141,-0.0425,0.7648,0.0,1800.0,0.0,6.3505
918.5,2026-05-06T03:33:30.739400+00:00,78.1388,-0.1404,96.6645,-0.0326,0.7648,0.0,1800.0,0.0,6.3246
919.0,2026-05-06T03:33:31.239387+00:00,78.2802,-0.1079,96.7422,0.0521,0.7648,0.0,1800.0,0.0,6.312
919.5,2026-05-06T03:33:31.739476+00:00,78.3889,-0.0193,96.8018,0.0786,0.7648,0.0,1800.0,0.0,6.3059
920.0,2026-05-06T03:33:32.245064+00:00,78.3452,0.1124,96.732,0.0218,0.7648,0.0,1800.0,0.0,6.3029
920.5,2026-05-06T03:33:32.739448+00:00,78.1843,0.0228,96.5626,-0.0218,0.7648,0.0,1800.0,0.0,6.3014
921.0,2026-05-06T03:33:33.241041+00:00,78.3152,0.0175,96.4093,-0.1016,0.7648,0.0,1800.0,0.0,6.3007
921.5,2026-05-06T03:33:33.740329+00:00,78.2886,-0.0502,96.4303,-0.0781,0.7648,0.0,1800.0,0.0,6.3003
922.0,2026-05-06T03:33:34.239804+00:00,78.2681,-0.0386,96.4464,-0.0986,0.7648,0.0,1800.0,0.0,6.3002
922.5,2026-05-06T03:33:34.749788+00:00,77.9978,-0.0933,96.4588,-0.1143,0.7648,0.0,1800.0,0.0,6.3001
923.0,2026-05-06T03:33:35.239378+00:00,78.0446,-0.1353,96.584,-0.0493,0.7648,0.0,1800.0,0.0,6.3
923.5,2026-05-06T03:33:35.739353+00:00,77.9533,-0.1677,96.6803,0.0392,0.7648,0.0,1800.0,0.0,6.3
924.0,2026-05-06T03:33:36.239363+00:00,77.8831,-0.1925,96.6386,0.0764,0.7648,0.0,1800.0,0.0,6.3
924.5,2026-05-06T03:33:36.739756+00:00,77.8292,-0.0843,96.8379,0.1359,0.7648,0.0,1800.0,0.0,6.3
925.0,2026-05-06T03:33:37.245332+00:00,77.915,-0.0648,96.8754,0.143,0.7648,0.0,1800.0,0.0,6.3
925.5,2026-05-06T03:33:37.740494+00:00,77.9809,0.0138,96.9042,0.1485,0.7648,0.0,1800.0,0.0,6.3
926.0,2026-05-06T03:33:38.240388+00:00,78.0316,0.0743,96.9264,0.1141,0.7648,0.0,1800.0,0.0,6.3
926.5,2026-05-06T03:33:38.739458+00:00,78.1979,0.1843,97.0591,0.1263,0.7648,0.0,1800.0,0.0,6.3
927.0,2026-05-06T03:33:39.239405+00:00,78.4529,0.269,97.0454,0.1356,0.7648,0.0,1800.0,0.0,6.3
927.5,2026-05-06T03:33:39.747617+00:00,78.5216,0.2704,97.0349,0.0657,0.7648,0.0,1800.0,0.0,6.3
928.0,2026-05-06T03:33:40.239598+00:00,78.4472,0.2078,97.1425,0.089,0.7648,0.0,1800.0,0.0,6.3
928.5,2026-05-06T03:33:40.739413+00:00,78.39,0.0961,96.9939,0.0299,0.7648,0.0,1800.0,0.0,6.3
929.0,2026-05-06T03:33:41.239373+00:00,78.2188,-0.1171,96.8796,-0.0156,0.7648,0.0,1800.0,0.0,6.3
929.5,2026-05-06T03:33:41.739391+00:00,78.2144,-0.1536,97.0231,-0.012,0.7648,0.0,1800.0,0.0,6.3
930.0,2026-05-06T03:33:42.244158+00:00,78.3384,-0.0544,97.0178,-0.0092,0.7648,0.0,1800.0,0.0,6.3
930.5,2026-05-06T03:33:42.739576+00:00,78.4336,0.0218,97.1294,0.0315,0.7648,0.0,1800.0,0.0,6.3
931.0,2026-05-06T03:33:43.239379+00:00,78.5068,0.144,97.0994,-0.0144,0.7648,0.0,1800.0,0.0,6.3
931.5,2026-05-06T03:33:43.739505+00:00,78.4358,0.1107,97.1921,0.0661,0.7648,0.0,1800.0,0.0,6.3
932.0,2026-05-06T03:33:44.239484+00:00,78.5085,0.0851,97.0088,0.0431,0.7648,0.0,1800.0,0.0,6.3
932.5,2026-05-06T03:33:44.744759+00:00,78.4371,0.0018,96.8911,-0.044,0.7648,0.0,1800.0,0.0,6.3
933.0,2026-05-06T03:33:45.240340+00:00,78.5095,0.0014,96.9163,-0.0338,0.7648,0.0,1800.0,0.0,6.2488
933.5,2026-05-06T03:33:45.740033+00:00,78.1834,-0.1262,96.5654,-0.188,0.7648,0.0,1800.0,0.0,6.2238
934.00014,2026-05-06T03:33:46.239726+00:00,78.3145,-0.097,96.5503,-0.1831,0.7648,0.0,1800.0,0.0,6.2116
934.5,2026-05-06T03:33:46.741263+00:00,78.4153,-0.0109,96.5386,-0.2178,0.7648,0.0,1800.0,0.0,6.2057
935.0,2026-05-06T03:33:47.245354+00:00,78.4927,-0.0084,96.6454,-0.1211,0.7648,0.0,1800.0,0.0,6.2028
935.5,2026-05-06T03:33:47.739383+00:00,78.5523,0.1844,96.7275,-0.0545,0.7648,0.0,1800.0,0.0,6.2526
936.0,2026-05-06T03:33:48.239737+00:00,78.598,0.1418,96.7905,-0.0419,0.7648,0.0,1800.0,0.0,6.2768
936.5,2026-05-06T03:33:48.739353+00:00,78.3786,-0.0183,96.7233,0.0526,0.7648,0.0,1800.0,0.0,6.2887
937.0,2026-05-06T03:33:49.239406+00:00,78.3373,-0.0777,96.6716,0.0404,0.7648,0.0,1800.0,0.0,6.2945
937.5,2026-05-06T03:33:49.746276+00:00,78.1783,-0.187,96.7476,0.0697,0.7648,0.0,1800.0,0.0,6.2973
938.0,2026-05-06T03:33:50.239827+00:00,78.1833,-0.2074,96.806,0.0535,0.7648,0.0,1800.0,0.0,6.2987
938.5,2026-05-06T03:33:50.739490+00:00,78.3144,-0.0321,96.7352,0.0026,0.7648,0.0,1800.0,0.0,6.2994
939.0,2026-05-06T03:33:51.239754+00:00,78.4152,0.039,96.7965,0.002,0.7648,0.0,1800.0,0.0,6.2997
939.5,2026-05-06T03:33:51.740462+00:00,78.3654,0.0936,96.9593,0.0787,0.7648,0.0,1800.0,0.0,6.2998
940.0,2026-05-06T03:33:52.246631+00:00,78.4544,0.1356,96.7373,0.0219,0.7648,0.0,1800.0,0.0,6.2999
940.5,2026-05-06T03:33:52.739389+00:00,78.3955,0.0406,96.7981,0.0168,0.7648,0.0,1800.0,0.0,6.3
941.0,2026-05-06T03:33:53.239360+00:00,78.3503,-0.0325,96.8448,0.0129,0.7648,0.0,1800.0,0.0,6.3
941.5,2026-05-06T03:33:53.739378+00:00,78.3155,-0.025,96.8807,0.0485,0.7648,0.0,1800.0,0.0,6.3
942.0,2026-05-06T03:33:54.239683+00:00,78.1615,-0.1464,97.024,0.0758,0.7648,0.0,1800.0,0.0,6.3
942.5,2026-05-06T03:33:54.743792+00:00,77.9159,-0.2398,96.7871,-0.0574,0.7648,0.0,1800.0,0.0,6.3
943.0,2026-05-06T03:33:55.240513+00:00,77.9816,-0.1843,96.8363,0.033,0.7648,0.0,1800.0,0.0,6.3
943.5,2026-05-06T03:33:55.739432+00:00,78.1594,-0.078,96.7585,-0.0132,0.7648,0.0,1800.0,0.0,6.3
944.0,2026-05-06T03:33:56.240932+00:00,78.2961,0.0673,96.6987,-0.0487,0.7648,0.0,1800.0,0.0,6.3
944.5,2026-05-06T03:33:56.739422+00:00,78.4011,0.2426,96.6527,-0.076,0.7648,0.0,1800.0,0.0,6.3
945.0,2026-05-06T03:33:57.245877+00:00,78.4819,0.2501,96.7331,-0.097,0.7648,0.0,1800.0,0.0,6.3
945.5,2026-05-06T03:33:57.739806+00:00,78.4166,0.1286,96.7948,0.0026,0.7648,0.0,1800.0,0.0,6.3
946.0,2026-05-06T03:33:58.239453+00:00,78.4938,0.0988,96.8423,0.002,0.7648,0.0,1800.0,0.0,6.3
946.5,2026-05-06T03:33:58.739396+00:00,78.5531,0.076,96.9945,0.0787,0.7648,0.0,1800.0,0.0,6.3
947.0,2026-05-06T03:33:59.239892+00:00,78.4714,-0.0052,96.8801,0.0605,0.7648,0.0,1800.0,0.0,6.3
947.5,2026-05-06T03:33:59.746691+00:00,78.4086,-0.004,96.9078,0.085,0.7648,0.0,1800.0,0.0,6.3
948.0,2026-05-06T03:34:00.239383+00:00,78.233,-0.1304,96.9292,0.0654,0.7648,0.0,1800.0,0.0,6.3
948.5,2026-05-06T03:34:00.739362+00:00,78.2254,-0.1638,96.9455,0.0502,0.7648,0.0,1800.0,0.0,6.3
949.0,2026-05-06T03:34:01.239358+00:00,77.965,-0.2532,96.8424,0.0,0.7648,0.0,1800.0,0.0,6.2488
949.5,2026-05-06T03:34:01.740170+00:00,78.1466,-0.131,96.9946,0.0,0.7648,0.0,1800.0,0.0,6.2238
950.0,2026-05-06T03:34:02.244733+00:00,78.159,-0.037,96.9959,0.0386,0.7648,0.0,1800.0,0.0,6.2116
950.5,2026-05-06T03:34:02.739481+00:00,78.2957,0.0352,97.1125,0.0682,0.7648,0.0,1800.0,0.0,6.2569
951.0,2026-05-06T03:34:03.239977+00:00,78.4009,0.2179,97.0865,0.0524,0.7648,0.0,1800.0,0.0,6.279
951.5,2026-05-06T03:34:03.739459+00:00,78.4816,0.1675,96.9508,0.0017,0.7648,0.0,1800.0,0.0,6.2897
952.0,2026-05-06T03:34:04.239384+00:00,78.1619,0.0015,96.9622,0.0399,0.7648,0.0,1800.0,0.0,6.295
952.5,2026-05-06T03:34:04.746470+00:00,78.298,0.0011,96.9709,-0.0079,0.7648,0.0,1800.0,0.0,6.2976
953.0,2026-05-06T03:34:05.239367+00:00,78.0208,-0.19,97.0933,0.0325,0.7648,0.0,1800.0,0.0,6.2988
953.5,2026-05-06T03:34:05.739576+00:00,78.0623,-0.2097,97.0717,-0.0136,0.7648,0.0,1800.0,0.0,6.2994
954.0,2026-05-06T03:34:06.239374+00:00,78.0941,-0.0339,97.0551,-0.0104,0.7648,0.0,1800.0,0.0,6.2485
954.5,2026-05-06T03:34:06.739366+00:00,78.3732,0.0376,97.0424,0.0305,0.7648,0.0,1800.0,0.0,6.2237
955.0,2026-05-06T03:34:07.244488+00:00,78.4604,0.2198,97.0326,0.0235,0.7648,0.0,1800.0,0.0,6.2116
955.5,2026-05-06T03:34:07.739705+00:00,78.5274,0.2326,97.025,0.018,0.7648,0.0,1800.0,0.0,6.2568
956.0,2026-05-06T03:34:08.240501+00:00,78.4516,0.1787,96.9035,-0.0633,0.7648,0.0,1800.0,0.0,6.2789
956.5,2026-05-06T03:34:08.739916+00:00,78.3934,0.0101,96.9259,-0.0486,0.7648,0.0,1800.0,0.0,6.2897
957.0,2026-05-06T03:34:09.241413+00:00,78.4759,0.0078,96.7116,-0.1145,0.7648,0.0,1800.0,0.0,6.295
957.5,2026-05-06T03:34:09.748065+00:00,78.4121,-0.0577,96.547,-0.1651,0.7648,0.0,1800.0,0.0,6.2976
958.0,2026-05-06T03:34:10.239422+00:00,78.363,-0.0443,96.5361,-0.1655,0.7648,0.0,1800.0,0.0,6.2988
958.5,2026-05-06T03:34:10.739366+00:00,78.198,-0.0977,96.5277,-0.1658,0.7648,0.0,1800.0,0.0,6.2994
959.0,2026-05-06T03:34:11.239390+00:00,78.1985,-0.1387,96.637,-0.0888,0.7648,0.0,1800.0,0.0,6.2997
959.5,2026-05-06T03:34:11.739370+00:00,78.3261,-0.043,96.4896,-0.1454,0.7648,0.0,1800.0,0.0,6.2999
960.0,2026-05-06T03:34:12.244656+00:00,78.4242,0.0306,96.492,-0.0732,0.7648,0.0,1800.0,0.0,6.2999
960.5,2026-05-06T03:34:12.739394+00:00,78.4996,0.1508,96.6096,0.0209,0.7648,0.0,1800.0,0.0,6.3
961.0,2026-05-06T03:34:13.239487+00:00,78.4303,0.1159,96.3528,-0.0611,0.7648,0.0,1800.0,0.0,6.3
961.5,2026-05-06T03:34:13.739419+00:00,78.2497,-0.0382,96.2712,-0.0855,0.7648,0.0,1800.0,0.0,6.3
962.0,2026-05-06T03:34:14.239387+00:00,78.3655,-0.0294,96.3241,-0.1043,0.7648,0.0,1800.0,0.0,6.3
962.5,2026-05-06T03:34:14.746052+00:00,78.4545,-0.0226,96.4805,-0.003,0.7648,0.0,1800.0,0.0,6.3
963.0,2026-05-06T03:34:15.239387+00:00,78.3956,-0.0173,96.485,-0.0023,0.7648,0.0,1800.0,0.0,6.3512
963.5,2026-05-06T03:34:15.739405+00:00,78.3503,0.0503,96.4885,-0.0404,0.7648,0.0,1800.0,0.0,6.325
964.0,2026-05-06T03:34:16.240407+00:00,78.4428,0.0387,96.6069,0.0847,0.7648,0.0,1800.0,0.0,6.3122
964.5,2026-05-06T03:34:16.739855+00:00,78.6412,0.0934,96.559,0.0959,0.7648,0.0,1800.0,0.0,6.306
965.0,2026-05-06T03:34:17.246622+00:00,78.5391,0.0718,96.661,0.1123,0.7648,0.0,1800.0,0.0,6.3029
965.5,2026-05-06T03:34:17.739458+00:00,78.4606,0.0551,96.6238,0.0478,0.7648,0.0,1800.0,0.0,6.3526
966.0,2026-05-06T03:34:18.239394+00:00,78.6548,0.106,96.5951,0.0367,0.7648,0.0,1800.0,0.0,6.3257
966.5,2026-05-06T03:34:18.739371+00:00,78.5496,-0.0458,96.5731,0.0282,0.7648,0.0,1800.0,0.0,6.3125
967.0,2026-05-06T03:34:19.239888+00:00,78.4687,-0.0352,96.5562,-0.0169,0.7648,0.0,1800.0,0.0,6.3061
967.5,2026-05-06T03:34:19.743820+00:00,78.4065,-0.027,96.5432,-0.0053,0.7648,0.0,1800.0,0.0,6.303
968.0,2026-05-06T03:34:20.239459+00:00,78.2315,-0.2117,96.6489,-0.004,0.7648,0.0,1800.0,0.0,6.3015
968.5,2026-05-06T03:34:20.739516+00:00,78.3515,-0.0991,96.8458,0.074,0.7648,0.0,1800.0,0.0,6.3007
969.0,2026-05-06T03:34:21.239463+00:00,78.1891,-0.1398,96.8815,0.0955,0.7648,0.0,1800.0,0.0,6.3003
969.5,2026-05-06T03:34:21.739845+00:00,78.3189,-0.0438,97.0246,0.1505,0.7648,0.0,1800.0,0.0,6.3002
970.0,2026-05-06T03:34:22.244438+00:00,78.2914,0.03,97.0189,0.1542,0.7648,0.0,1800.0,0.0,6.3001
970.5,2026-05-06T03:34:22.739479+00:00,78.143,-0.1042,97.0146,0.1571,0.7648,0.0,1800.0,0.0,6.3
971.0,2026-05-06T03:34:23.240065+00:00,78.1562,-0.0165,97.1269,0.1593,0.7648,0.0,1800.0,0.0,6.3
971.5,2026-05-06T03:34:23.739587+00:00,78.1663,-0.0763,97.0975,0.0839,0.7648,0.0,1800.0,0.0,6.3
972.0,2026-05-06T03:34:24.239362+00:00,78.3014,0.005,97.075,0.0645,0.7648,0.0,1800.0,0.0,6.3
972.5,2026-05-06T03:34:24.745060+00:00,78.4052,0.1311,97.1733,0.0496,0.7648,0.0,1800.0,0.0,6.3
973.0,2026-05-06T03:34:25.239395+00:00,78.485,0.1644,97.0175,-0.0005,0.7648,0.0,1800.0,0.0,6.3
973.5,2026-05-06T03:34:25.739353+00:00,78.5463,0.19,97.1292,0.0382,0.7648,0.0,1800.0,0.0,6.3
974.0,2026-05-06T03:34:26.239365+00:00,78.5934,0.146,97.215,0.0294,0.7648,0.0,1800.0,0.0,6.3
974.5,2026-05-06T03:34:26.739406+00:00,78.5024,0.0486,97.1652,0.0226,0.7648,0.0,1800.0,0.0,6.3
975.0,2026-05-06T03:34:27.244883+00:00,78.4324,-0.0263,96.8956,-0.0598,0.7648,0.0,1800.0,0.0,6.3
975.5,2026-05-06T03:34:27.739364+00:00,78.3786,-0.0838,96.9198,-0.0845,0.7648,0.0,1800.0,0.0,6.3
976.0,2026-05-06T03:34:28.240042+00:00,78.3373,-0.1281,96.8226,-0.065,0.7648,0.0,1800.0,0.0,6.3
976.5,2026-05-06T03:34:28.739413+00:00,78.4328,-0.0348,96.748,-0.1271,0.7648,0.0,1800.0,0.0,6.3
977.0,2026-05-06T03:34:29.241037+00:00,78.5062,0.0369,96.5749,-0.2134,0.7648,0.0,1800.0,0.0,6.3
977.5,2026-05-06T03:34:29.745536+00:00,78.4353,0.0284,96.5576,-0.2026,0.7648,0.0,1800.0,0.0,6.3
978.0,2026-05-06T03:34:30.239364+00:00,78.3809,0.0218,96.5442,-0.1171,0.7648,0.0,1800.0,0.0,6.2488
978.5,2026-05-06T03:34:30.739372+00:00,78.339,-0.0469,96.534,-0.1286,0.7648,0.0,1800.0,0.0,6.2238
979.0,2026-05-06T03:34:31.239403+00:00,78.4341,-0.036,96.6418,-0.0603,0.7648,0.0,1800.0,0.0,6.2116
979.5,2026-05-06T03:34:31.739387+00:00,78.5072,0.0359,96.609,-0.0463,0.7648,0.0,1800.0,0.0,6.2057
980.0,2026-05-06T03:34:32.244473+00:00,78.5634,0.0913,96.6995,0.0415,0.7648,0.0,1800.0,0.0,6.2028
980.5,2026-05-06T03:34:32.740021+00:00,78.4793,0.0701,96.769,0.0705,0.7648,0.0,1800.0,0.0,6.2526
981.0,2026-05-06T03:34:33.239469+00:00,78.4147,-0.0097,96.8225,0.0927,0.7648,0.0,1800.0,0.0,6.2768
981.5,2026-05-06T03:34:33.739847+00:00,78.6195,0.0562,96.8636,0.1099,0.7648,0.0,1800.0,0.0,6.2887
982.0,2026-05-06T03:34:34.239774+00:00,78.5225,-0.0205,96.7794,0.0459,0.7648,0.0,1800.0,0.0,6.2945
982.5,2026-05-06T03:34:34.748179+00:00,78.4478,-0.0157,96.9462,0.1124,0.7648,0.0,1800.0,0.0,6.2973
983.000419,2026-05-06T03:34:35.240545+00:00,78.645,0.1152,96.9586,0.0864,0.7648,0.0,1800.0,0.0,6.2987
983.5,2026-05-06T03:34:35.739418+00:00,78.5421,-0.0387,96.9682,0.0664,0.7648,0.0,1800.0,0.0,6.2994
984.0,2026-05-06T03:34:36.239385+00:00,78.5902,0.0339,96.9756,0.051,0.7648,0.0,1800.0,0.0,6.2997
984.5,2026-05-06T03:34:36.739434+00:00,78.4999,0.026,96.9812,0.0392,0.7648,0.0,1800.0,0.0,6.2998
985.0,2026-05-06T03:34:37.245626+00:00,78.4305,-0.1073,96.9856,0.0687,0.7648,0.0,1800.0,0.0,6.2999
985.5,2026-05-06T03:34:37.740231+00:00,78.3772,-0.0824,97.1046,0.0528,0.7648,0.0,1800.0,0.0,6.3
986.0,2026-05-06T03:34:38.239362+00:00,78.4634,-0.0634,97.0804,0.0406,0.7648,0.0,1800.0,0.0,6.3
986.5,2026-05-06T03:34:38.739380+00:00,78.4025,-0.0487,97.0618,0.0312,0.7648,0.0,1800.0,0.0,6.3
987.0,2026-05-06T03:34:39.240011+00:00,78.4829,0.0262,96.9318,-0.0146,0.7648,0.0,1800.0,0.0,6.3
987.5,2026-05-06T03:34:39.743793+00:00,78.5447,0.0838,96.9476,-0.0112,0.7648,0.0,1800.0,0.0,6.3
988.0,2026-05-06T03:34:40.239420+00:00,78.7195,0.128,96.9597,-0.0086,0.7648,0.0,1800.0,0.0,6.3
988.5,2026-05-06T03:34:40.739374+00:00,78.472,0.0348,96.8533,-0.0838,0.7648,0.0,1800.0,0.0,6.3
989.0,2026-05-06T03:34:41.239353+00:00,78.4091,-0.0369,96.5402,-0.1801,0.7648,0.0,1800.0,0.0,6.3
989.5,2026-05-06T03:34:41.739403+00:00,78.3607,-0.092,96.5309,-0.177,0.7648,0.0,1800.0,0.0,6.3
990.0,2026-05-06T03:34:42.246018+00:00,78.3235,-0.198,96.5237,-0.136,0.7648,0.0,1800.0,0.0,6.3
990.5,2026-05-06T03:34:42.739376+00:00,78.4222,-0.0249,96.6339,-0.1045,0.7648,0.0,1800.0,0.0,6.3
991.0,2026-05-06T03:34:43.243017+00:00,78.3708,-0.0191,96.7186,-0.0804,0.7648,0.0,1800.0,0.0,6.3
991.5,2026-05-06T03:34:43.739384+00:00,78.3313,-0.0147,96.6681,-0.0618,0.7648,0.0,1800.0,0.0,6.3
992.0,2026-05-06T03:34:44.239370+00:00,78.3009,-0.0113,96.7449,0.0682,0.7648,0.0,1800.0,0.0,6.3
992.5,2026-05-06T03:34:44.747941+00:00,78.2775,-0.0723,96.8039,0.091,0.7648,0.0,1800.0,0.0,6.3
993.0,2026-05-06T03:34:45.239357+00:00,78.2596,-0.0556,96.8493,0.1085,0.7648,0.0,1800.0,0.0,6.3
993.5,2026-05-06T03:34:45.739373+00:00,78.1185,-0.1064,96.8842,0.0834,0.7648,0.0,1800.0,0.0,6.3
994.0,2026-05-06T03:34:46.239376+00:00,78.1374,-0.0817,96.911,0.0641,0.7648,0.0,1800.0,0.0,6.3
994.5,2026-05-06T03:34:46.739458+00:00,78.2791,0.0008,96.8159,0.0493,0.7648,0.0,1800.0,0.0,6.3
995.0,2026-05-06T03:34:47.245393+00:00,78.3881,0.0643,96.7428,-0.0007,0.7648,0.0,1800.0,0.0,6.3
995.5,2026-05-06T03:34:47.740193+00:00,78.3446,0.113,96.8023,-0.0005,0.7648,0.0,1800.0,0.0,6.3
996.0,2026-05-06T03:34:48.239893+00:00,78.3111,0.0869,96.848,-0.0004,0.7648,0.0,1800.0,0.0,6.3
996.5,2026-05-06T03:34:48.739475+00:00,78.1581,-0.0605,96.6518,-0.0774,0.7648,0.0,1800.0,0.0,6.3
997.0,2026-05-06T03:34:49.239375+00:00,78.2951,-0.0465,96.6167,-0.0981,0.7648,0.0,1800.0,0.0,6.3
997.5,2026-05-06T03:34:49.746145+00:00,78.0185,-0.163,96.5897,-0.0754,0.7648,0.0,1800.0,0.0,6.3
998.0,2026-05-06T03:34:50.239380+00:00,77.9333,-0.1889,96.6846,-0.0194,0.7648,0.0,1800.0,0.0,6.3
998.5,2026-05-06T03:34:50.739365+00:00,78.2495,0.0457,96.7576,-0.0149,0.7648,0.0,1800.0,0.0,6.3
999.0,2026-05-06T03:34:51.239350+00:00,78.2381,-0.0285,96.8137,-0.0114,0.7648,0.0,1800.0,0.0,6.3
999.5,2026-05-06T03:34:51.739409+00:00,78.2293,0.1054,96.7411,0.0298,0.7648,0.0,1800.0,0.0,6.3
1000.0,2026-05-06T03:34:52.245541+00:00,78.2225,0.1446,96.6622,0.0152,0.7648,0.0,1800.0,0.0,6.3
1000.5,2026-05-06T03:34:52.739384+00:00,78.2173,-0.0161,96.7403,0.0502,0.7648,0.0,1800.0,0.0,6.3512
1001.0,2026-05-06T03:34:53.240170+00:00,78.3406,0.0512,96.9161,0.0772,0.7648,0.0,1800.0,0.0,6.3762
1001.5,2026-05-06T03:34:53.739497+00:00,78.4353,0.103,96.8198,0.0207,0.7648,0.0,1800.0,0.0,6.3372
1002.0,2026-05-06T03:34:54.239972+00:00,78.6354,0.2065,96.7458,-0.0226,0.7648,0.0,1800.0,0.0,6.3181
1002.5,2026-05-06T03:34:54.751792+00:00,78.5346,0.1587,96.8046,0.0212,0.7648,0.0,1800.0,0.0,6.3089
1003.0,2026-05-06T03:34:55.239467+00:00,78.5845,0.122,96.7341,0.024,0.7648,0.0,1800.0,0.0,6.3043
1003.500202,2026-05-06T03:34:55.741250+00:00,78.4955,0.0301,96.68,-0.0201,0.7648,0.0,1800.0,0.0,6.3021
1004.0,2026-05-06T03:34:56.239366+00:00,78.4271,-0.1041,96.6383,-0.0926,0.7648,0.0,1800.0,0.0,6.301
1004.5,2026-05-06T03:34:56.739382+00:00,78.2473,-0.1437,96.722,-0.0326,0.7648,0.0,1800.0,0.0,6.3005
1005.0,2026-05-06T03:34:57.243983+00:00,78.3636,-0.1104,96.7863,0.0135,0.7648,0.0,1800.0,0.0,6.3002
1005.5,2026-05-06T03:34:57.739376+00:00,78.5803,0.0424,96.8358,0.0104,0.7648,0.0,1800.0,0.0,6.3001
1006.0,2026-05-06T03:34:58.239390+00:00,78.4923,0.0326,96.8738,0.0465,0.7648,0.0,1800.0,0.0,6.3001
1006.5,2026-05-06T03:34:58.739387+00:00,78.4247,0.0887,96.903,0.0743,0.7648,0.0,1800.0,0.0,6.3
1007.0,2026-05-06T03:34:59.239424+00:00,78.4999,0.0682,96.9254,0.0957,0.7648,0.0,1800.0,0.0,6.3
1007.5,2026-05-06T03:34:59.745054+00:00,78.5578,-0.0112,96.9427,0.0736,0.7648,0.0,1800.0,0.0,6.3
1008.0,2026-05-06T03:35:00.240605+00:00,78.6023,0.055,96.8403,0.018,0.7648,0.0,1800.0,0.0,6.3
1008.500199,2026-05-06T03:35:00.740288+00:00,78.5092,0.0423,96.8772,0.0138,0.7648,0.0,1800.0,0.0,6.3
1009.0,2026-05-06T03:35:01.239362+00:00,78.4376,-0.0311,96.6742,-0.0665,0.7648,0.0,1800.0,0.0,6.3
1009.5,2026-05-06T03:35:01.739438+00:00,78.3827,-0.0876,96.7496,-0.0511,0.7648,0.0,1800.0,0.0,6.3
1010.0,2026-05-06T03:35:02.246054+00:00,78.3404,-0.1309,96.6919,-0.0779,0.7648,0.0,1800.0,0.0,6.3
1010.5,2026-05-06T03:35:02.739350+00:00,78.3079,-0.1006,96.6475,-0.0984,0.7648,0.0,1800.0,0.0,6.3
1011.0,2026-05-06T03:35:03.239401+00:00,78.4102,-0.0137,96.6133,-0.0756,0.7648,0.0,1800.0,0.0,6.3
1011.5,2026-05-06T03:35:03.739389+00:00,78.3616,-0.0105,96.7028,-0.0581,0.7648,0.0,1800.0,0.0,6.3
1012.0,2026-05-06T03:35:04.239411+00:00,78.1969,-0.0717,96.7716,0.0325,0.7648,0.0,1800.0,0.0,6.3
1012.5,2026-05-06T03:35:04.743470+00:00,78.1976,-0.0551,96.9401,0.0635,0.7648,0.0,1800.0,0.0,6.3
1013.0,2026-05-06T03:35:05.240241+00:00,78.3254,-0.0424,97.0697,0.1259,0.7648,0.0,1800.0,0.0,6.3
1013.5,2026-05-06T03:35:05.740457+00:00,78.4237,0.0311,96.9379,0.0968,0.7648,0.0,1800.0,0.0,6.3
1014.0,2026-05-06T03:35:06.240906+00:00,78.3719,0.0875,96.8365,0.0744,0.7648,0.0,1800.0,0.0,6.3
1014.5,2026-05-06T03:35:06.740975+00:00,78.3321,0.0673,96.8744,0.0572,0.7648,0.0,1800.0,0.0,6.3
1015.0,2026-05-06T03:35:07.251897+00:00,78.4288,0.0517,96.7877,0.0054,0.7648,0.0,1800.0,0.0,6.3
1015.5,2026-05-06T03:35:07.739412+00:00,78.5032,0.0397,96.8369,-0.0344,0.7648,0.0,1800.0,0.0,6.3512
1016.0,2026-05-06T03:35:08.239377+00:00,78.5603,0.0942,96.7589,-0.1036,0.7648,0.0,1800.0,0.0,6.325
1016.5,2026-05-06T03:35:08.739925+00:00,78.3496,0.0087,96.8147,-0.0411,0.7648,0.0,1800.0,0.0,6.3122
1017.0,2026-05-06T03:35:09.239372+00:00,78.4423,0.0067,96.8576,0.007,0.7648,0.0,1800.0,0.0,6.306
1017.5,2026-05-06T03:35:09.744521+00:00,78.3862,-0.0585,96.8905,0.0054,0.7648,0.0,1800.0,0.0,6.3029
1018.0,2026-05-06T03:35:10.239408+00:00,78.3431,-0.1086,97.0316,0.0813,0.7648,0.0,1800.0,0.0,6.3014
1018.5,2026-05-06T03:35:10.739376+00:00,78.1827,-0.0834,97.0243,0.0625,0.7648,0.0,1800.0,0.0,6.3007
1019.0,2026-05-06T03:35:11.239374+00:00,78.314,-0.0641,97.0186,0.0866,0.7648,0.0,1800.0,0.0,6.3003
1019.5,2026-05-06T03:35:11.739432+00:00,78.2876,-0.0493,97.0143,0.0665,0.7648,0.0,1800.0,0.0,6.3002
1020.0,2026-05-06T03:35:12.245812+00:00,78.3946,0.0257,97.011,0.0511,0.7648,0.0,1800.0,0.0,6.3001
1020.5,2026-05-06T03:35:12.740013+00:00,78.2223,0.0198,97.0085,0.0393,0.7648,0.0,1800.0,0.0,6.3
1021.0,2026-05-06T03:35:13.241471+00:00,78.3444,0.0152,96.8908,-0.0469,0.7648,0.0,1800.0,0.0,6.3
1021.5,2026-05-06T03:35:13.739369+00:00,78.4383,0.0753,96.9161,-0.0361,0.7648,0.0,1800.0,0.0,6.3
1022.0,2026-05-06T03:35:14.239351+00:00,78.3831,-0.0057,96.9355,-0.0277,0.7648,0.0,1800.0,0.0,6.3
1022.5,2026-05-06T03:35:14.743793+00:00,78.2135,-0.0044,96.9504,-0.0213,0.7648,0.0,1800.0,0.0,6.3
1023.0,2026-05-06T03:35:15.239379+00:00,78.0831,-0.1307,97.0776,0.0222,0.7648,0.0,1800.0,0.0,6.3
1023.5,2026-05-06T03:35:15.739360+00:00,78.3647,-0.0368,97.0596,0.0171,0.7648,0.0,1800.0,0.0,6.3
1024.0,2026-05-06T03:35:16.239364+00:00,78.3266,-0.0283,97.0458,0.0517,0.7648,0.0,1800.0,0.0,6.3
1024.5,2026-05-06T03:35:16.739384+00:00,78.4246,0.1055,97.0352,0.0397,0.7648,0.0,1800.0,0.0,6.3
1025.0,2026-05-06T03:35:17.244936+00:00,78.3726,0.1447,97.1428,0.0691,0.7648,0.0,1800.0,0.0,6.3
1025.5,2026-05-06T03:35:17.739479+00:00,78.2054,-0.0797,96.994,0.0145,0.7648,0.0,1800.0,0.0,6.3
1026.0,2026-05-06T03:35:18.239608+00:00,78.3314,0.0024,96.9954,-0.0274,0.7648,0.0,1800.0,0.0,6.3
1026.5,2026-05-06T03:35:18.741450+00:00,78.1737,-0.1254,96.8808,-0.0596,0.7648,0.0,1800.0,0.0,6.3
1027.0,2026-05-06T03:35:19.239371+00:00,78.4344,0.0309,97.0241,-0.0073,0.7648,0.0,1800.0,0.0,6.3
1027.5,2026-05-06T03:35:19.746950+00:00,78.3801,0.0874,97.0185,-0.0056,0.7648,0.0,1800.0,0.0,6.3
1028.0,2026-05-06T03:35:20.239380+00:00,78.3384,0.0035,97.0142,-0.0429,0.7648,0.0,1800.0,0.0,6.3
1028.5,2026-05-06T03:35:20.740128+00:00,78.3064,0.0663,97.0109,0.0056,0.7648,0.0,1800.0,0.0,6.3
1029.0,2026-05-06T03:35:21.240248+00:00,78.2818,-0.0763,97.0084,0.0043,0.7648,0.0,1800.0,0.0,6.3
1029.5,2026-05-06T03:35:21.739363+00:00,78.3901,0.005,96.7751,-0.0352,0.7648,0.0,1800.0,0.0,6.3
1030.0,2026-05-06T03:35:22.246798+00:00,78.4734,0.0675,96.7114,-0.1042,0.7648,0.0,1800.0,0.0,6.3
1030.5,2026-05-06T03:35:22.739576+00:00,78.4101,0.0519,96.7782,-0.0801,0.7648,0.0,1800.0,0.0,6.3
1031.0,2026-05-06T03:35:23.240306+00:00,78.4888,0.1035,96.8295,-0.0616,0.7648,0.0,1800.0,0.0,6.3
1031.5,2026-05-06T03:35:23.740400+00:00,78.5492,0.0795,96.7533,-0.0859,0.7648,0.0,1800.0,0.0,6.3
1032.0,2026-05-06T03:35:24.239477+00:00,78.5957,0.0611,96.8104,-0.066,0.7648,0.0,1800.0,0.0,6.3
1032.5,2026-05-06T03:35:24.747952+00:00,78.5041,0.047,96.7385,-0.0122,0.7648,0.0,1800.0,0.0,6.3
1033.0,2026-05-06T03:35:25.239750+00:00,78.561,0.0361,96.799,0.0292,0.7648,0.0,1800.0,0.0,6.3
1033.5,2026-05-06T03:35:25.739483+00:00,78.6048,0.0278,96.8455,0.0225,0.7648,0.0,1800.0,0.0,6.3
1034.0,2026-05-06T03:35:26.239491+00:00,78.6384,0.0213,96.7656,-0.0213,0.7648,0.0,1800.0,0.0,6.3
1034.5,2026-05-06T03:35:26.739376+00:00,78.6642,0.08,96.7041,-0.0164,0.7648,0.0,1800.0,0.0,6.3
1035.0,2026-05-06T03:35:27.245001+00:00,78.684,0.0615,96.7726,-0.0126,0.7648,0.0,1800.0,0.0,6.3
1035.5,2026-05-06T03:35:27.739405+00:00,78.572,-0.0164,96.9409,0.0675,0.7648,0.0,1800.0,0.0,6.3
1036.0,2026-05-06T03:35:28.239475+00:00,78.3587,-0.1398,96.9546,0.0518,0.7648,0.0,1800.0,0.0,6.3
1036.5,2026-05-06T03:35:28.739492+00:00,78.322,-0.1711,96.9651,0.0399,0.7648,0.0,1800.0,0.0,6.3
1037.0,2026-05-06T03:35:29.241262+00:00,78.2937,-0.1952,96.9732,0.0692,0.7648,0.0,1800.0,0.0,6.3
1037.5,2026-05-06T03:35:29.746541+00:00,78.3993,-0.0864,96.9794,0.0918,0.7648,0.0,1800.0,0.0,6.3
1038.0,2026-05-06T03:35:30.239971+00:00,78.3532,-0.0027,96.8685,0.032,0.7648,0.0,1800.0,0.0,6.3512
1038.5,2026-05-06T03:35:30.739420+00:00,78.445,0.0615,96.6675,-0.0911,0.7648,0.0,1800.0,0.0,6.3762
1039.0,2026-05-06T03:35:31.239870+00:00,78.5156,0.1109,96.7444,-0.0701,0.7648,0.0,1800.0,0.0,6.3884
1039.5,2026-05-06T03:35:31.739911+00:00,78.6971,0.1489,96.6879,-0.0924,0.7648,0.0,1800.0,0.0,6.3431
1040.0,2026-05-06T03:35:32.250899+00:00,78.7093,0.1781,96.6444,-0.1096,0.7648,0.0,1800.0,0.0,6.321
1040.5,2026-05-06T03:35:32.741142+00:00,78.7188,0.1369,96.7267,-0.0842,0.7648,0.0,1800.0,0.0,6.3103
1041.001714,2026-05-06T03:35:33.241290+00:00,78.726,0.1052,96.5585,-0.1033,0.7648,0.0,1800.0,0.0,6.305
1041.5,2026-05-06T03:35:33.739396+00:00,78.7315,0.0172,96.545,-0.0408,0.7648,0.0,1800.0,0.0,6.3024
1042.0,2026-05-06T03:35:34.239381+00:00,78.354,-0.1777,96.4189,-0.1085,0.7648,0.0,1800.0,0.0,6.3012
1042.5,2026-05-06T03:35:34.744437+00:00,78.4456,-0.1366,96.669,-0.0063,0.7648,0.0,1800.0,0.0,6.3006
1043.0,2026-05-06T03:35:35.239461+00:00,78.5161,-0.105,96.8613,0.0723,0.7648,0.0,1800.0,0.0,6.3003
1043.5,2026-05-06T03:35:35.739370+00:00,78.4429,-0.1443,96.8934,0.0556,0.7648,0.0,1800.0,0.0,6.3001
1044.0,2026-05-06T03:35:36.239406+00:00,78.3867,0.0164,96.6867,0.0427,0.7648,0.0,1800.0,0.0,6.3001
1044.5,2026-05-06T03:35:36.739357+00:00,78.4708,0.0126,96.6435,0.0328,0.7648,0.0,1800.0,0.0,6.3
1045.0,2026-05-06T03:35:37.249294+00:00,78.5354,0.0097,96.6103,0.0638,0.7648,0.0,1800.0,0.0,6.3
1045.5,2026-05-06T03:35:37.739364+00:00,78.4578,0.0074,96.7005,0.0105,0.7648,0.0,1800.0,0.0,6.3
1046.0,2026-05-06T03:35:38.239378+00:00,78.6527,0.133,96.7698,-0.0305,0.7648,0.0,1800.0,0.0,6.3
1046.5,2026-05-06T03:35:38.739823+00:00,78.8025,0.1658,96.8462,-0.0157,0.7648,0.0,1800.0,0.0,6.3
1047.0,2026-05-06T03:35:39.239967+00:00,78.6631,0.0638,96.8818,0.065,0.7648,0.0,1800.0,0.0,6.3
1047.5,2026-05-06T03:35:39.744491+00:00,78.6832,0.1127,96.7934,0.05,0.7648,0.0,1800.0,0.0,6.3
1048.0,2026-05-06T03:35:40.239388+00:00,78.5714,-0.0407,96.8412,0.077,0.7648,0.0,1800.0,0.0,6.3
1048.5,2026-05-06T03:35:40.739367+00:00,78.6127,-0.0949,96.7623,0.0206,0.7648,0.0,1800.0,0.0,6.3
1049.0,2026-05-06T03:35:41.239354+00:00,78.6445,-0.0093,96.8173,0.0158,0.7648,0.0,1800.0,0.0,6.3
1049.5,2026-05-06T03:35:41.739391+00:00,78.6689,-0.0071,96.7439,-0.0341,0.7648,0.0,1800.0,0.0,6.3
1050.0,2026-05-06T03:35:42.244975+00:00,78.6877,0.0581,96.6874,-0.0648,0.7648,0.0,1800.0,0.0,6.3
1050.5,2026-05-06T03:35:42.739373+00:00,78.7021,0.0447,96.7598,-0.0112,0.7648,0.0,1800.0,0.0,6.3
1051.0,2026-05-06T03:35:43.239361+00:00,78.5859,-0.0293,96.8154,-0.0086,0.7648,0.0,1800.0,0.0,6.3
1051.5,2026-05-06T03:35:43.739429+00:00,78.4966,-0.0861,96.7424,-0.0066,0.7648,0.0,1800.0,0.0,6.3
1052.0,2026-05-06T03:35:44.239383+00:00,78.428,-0.1298,96.802,-0.0051,0.7648,0.0,1800.0,0.0,6.3
1052.5,2026-05-06T03:35:44.745906+00:00,78.3752,-0.1634,96.7321,-0.0039,0.7648,0.0,1800.0,0.0,6.3
1053.0,2026-05-06T03:35:45.239803+00:00,78.5892,0.0017,96.7941,0.0356,0.7648,0.0,1800.0,0.0,6.3
1053.5,2026-05-06T03:35:45.739498+00:00,78.4991,0.0013,96.726,-0.0112,0.7648,0.0,1800.0,0.0,6.3
1054.0,2026-05-06T03:35:46.239417+00:00,78.3027,-0.0627,96.9051,0.0299,0.7648,0.0,1800.0,0.0,6.3
1054.5,2026-05-06T03:35:46.739715+00:00,78.2789,-0.0482,96.8114,0.023,0.7648,0.0,1800.0,0.0,6.3
1055.0,2026-05-06T03:35:47.247811+00:00,78.3879,-0.1006,96.855,0.0177,0.7648,0.0,1800.0,0.0,6.3
1055.5,2026-05-06T03:35:47.739390+00:00,78.4717,-0.0137,96.7729,0.0136,0.7648,0.0,1800.0,0.0,6.3
1056.0,2026-05-06T03:35:48.239414+00:00,78.4088,0.0531,96.8254,0.0104,0.7648,0.0,1800.0,0.0,6.3
1056.5,2026-05-06T03:35:48.739402+00:00,78.4878,0.1044,96.8658,0.0466,0.7648,0.0,1800.0,0.0,6.3
1057.0,2026-05-06T03:35:49.239378+00:00,78.5485,0.0803,97.0126,0.0358,0.7648,0.0,1800.0,0.0,6.3
1057.5,2026-05-06T03:35:49.744544+00:00,78.5951,0.0617,97.0097,0.0661,0.7648,0.0,1800.0,0.0,6.3
1058.0,2026-05-06T03:35:50.239378+00:00,78.5037,0.0474,97.1231,0.0894,0.7648,0.0,1800.0,0.0,6.3
1058.5,2026-05-06T03:35:50.739368+00:00,78.4334,-0.0272,97.0946,0.1073,0.7648,0.0,1800.0,0.0,6.3
1059.0,2026-05-06T03:35:51.239729+00:00,78.3794,-0.0845,97.0727,0.0824,0.7648,0.0,1800.0,0.0,6.3
1059.5,2026-05-06T03:35:51.739725+00:00,78.4651,-0.065,97.0559,0.0634,0.7648,0.0,1800.0,0.0,6.3
1060.0,2026-05-06T03:35:52.244362+00:00,78.4038,-0.0499,97.043,0.0101,0.7648,0.0,1800.0,0.0,6.3
1060.5,2026-05-06T03:35:52.739414+00:00,78.6112,0.0889,97.033,0.0078,0.7648,0.0,1800.0,0.0,6.3
1061.0,2026-05-06T03:35:53.239383+00:00,78.7706,0.1956,96.9097,-0.0711,0.7648,0.0,1800.0,0.0,6.3
1061.5,2026-05-06T03:35:53.739387+00:00,78.6385,0.0867,96.5835,-0.1704,0.7648,0.0,1800.0,0.0,6.3
1062.0,2026-05-06T03:35:54.239383+00:00,78.5371,0.0666,96.6799,-0.131,0.7648,0.0,1800.0,0.0,6.3
1062.5,2026-05-06T03:35:54.744899+00:00,78.4591,-0.0761,96.8696,-0.0621,0.7648,0.0,1800.0,0.0,6.3
1063.0,2026-05-06T03:35:55.239380+00:00,78.5264,-0.1221,96.8998,-0.0477,0.7648,0.0,1800.0,0.0,6.3
1063.5,2026-05-06T03:35:55.739381+00:00,78.5781,-0.0302,96.923,-0.0367,0.7648,0.0,1800.0,0.0,6.3
1064.0,2026-05-06T03:35:56.242503+00:00,78.2361,-0.1505,96.9408,0.0104,0.7648,0.0,1800.0,0.0,6.3
1064.5,2026-05-06T03:35:56.739394+00:00,77.9732,-0.2429,96.9545,0.1237,0.7648,0.0,1800.0,0.0,6.3
1065.0,2026-05-06T03:35:57.244589+00:00,78.153,-0.1867,96.8493,0.0565,0.7648,0.0,1800.0,0.0,6.3
1065.5,2026-05-06T03:35:57.739743+00:00,78.2911,-0.1435,96.9999,0.0434,0.7648,0.0,1800.0,0.0,6.3
1066.0,2026-05-06T03:35:58.240497+00:00,78.3973,0.0806,96.8842,-0.0052,0.7648,0.0,1800.0,0.0,6.3
1066.5,2026-05-06T03:35:58.739464+00:00,78.4789,0.2529,96.911,-0.004,0.7648,0.0,1800.0,0.0,6.3
1067.0,2026-05-06T03:35:59.239379+00:00,78.6689,0.258,96.9316,-0.0031,0.7648,0.0,1800.0,0.0,6.3
1067.5,2026-05-06T03:35:59.744049+00:00,78.6877,0.1983,97.0631,0.0362,0.7648,0.0,1800.0,0.0,6.3
1068.0,2026-05-06T03:36:00.240106+00:00,78.7021,0.1524,97.1642,0.105,0.7648,0.0,1800.0,0.0,6.3
1068.5,2026-05-06T03:36:00.739731+00:00,78.7132,0.1171,97.1262,0.0421,0.7648,0.0,1800.0,0.0,6.3
1069.0,2026-05-06T03:36:01.239392+00:00,78.7217,0.0264,97.097,0.0709,0.7648,0.0,1800.0,0.0,6.2488
1069.5,2026-05-06T03:36:01.739391+00:00,78.7282,0.0203,97.0746,0.0545,0.7648,0.0,1800.0,0.0,6.2238
1070.0,2026-05-06T03:36:02.244470+00:00,78.7333,0.0156,97.0573,0.0419,0.7648,0.0,1800.0,0.0,6.2116
1070.5,2026-05-06T03:36:02.739441+00:00,78.6099,-0.0517,97.044,-0.0064,0.7648,0.0,1800.0,0.0,6.2569
1071.0,2026-05-06T03:36:03.239669+00:00,78.515,-0.1033,97.0339,-0.0435,0.7648,0.0,1800.0,0.0,6.279
1071.5,2026-05-06T03:36:03.741423+00:00,78.5694,-0.0794,97.026,-0.0334,0.7648,0.0,1800.0,0.0,6.2897
1072.0,2026-05-06T03:36:04.239388+00:00,78.7385,0.0026,97.02,-0.0257,0.7648,0.0,1800.0,0.0,6.295
1072.5,2026-05-06T03:36:04.745069+00:00,78.7411,0.0656,97.0154,-0.0197,0.7648,0.0,1800.0,0.0,6.2976
1073.0,2026-05-06T03:36:05.239389+00:00,78.6159,0.0504,97.1275,0.0234,0.7648,0.0,1800.0,0.0,6.2988
1073.5,2026-05-06T03:36:05.739386+00:00,78.7742,0.1024,97.098,0.018,0.7648,0.0,1800.0,0.0,6.2994
1074.0,2026-05-06T03:36:06.239428+00:00,78.7686,0.0151,97.0753,0.0138,0.7648,0.0,1800.0,0.0,6.2997
1074.5,2026-05-06T03:36:06.739470+00:00,78.7643,0.0116,97.0579,0.0106,0.7648,0.0,1800.0,0.0,6.2999
1075.0,2026-05-06T03:36:07.246651+00:00,78.761,0.0725,97.0445,0.0082,0.7648,0.0,1800.0,0.0,6.2999
1075.5,2026-05-06T03:36:07.740170+00:00,78.7584,-0.0079,96.8028,-0.0709,0.7648,0.0,1800.0,0.0,6.3
1076.0,2026-05-06T03:36:08.240106+00:00,78.7565,-0.0061,96.7327,-0.1316,0.7648,0.0,1800.0,0.0,6.3512
1076.5,2026-05-06T03:36:08.739635+00:00,78.8823,0.059,96.6789,-0.1397,0.7648,0.0,1800.0,0.0,6.3762
1077.0,2026-05-06T03:36:09.239812+00:00,78.9789,0.109,96.5218,-0.1845,0.7648,0.0,1800.0,0.0,6.3372
1077.5,2026-05-06T03:36:09.744222+00:00,78.7987,0.0201,96.5167,-0.1804,0.7648,0.0,1800.0,0.0,6.3181
1078.0,2026-05-06T03:36:10.241833+00:00,78.7874,0.0155,96.5129,-0.1772,0.7648,0.0,1800.0,0.0,6.3601
1078.5,2026-05-06T03:36:10.739396+00:00,78.906,0.0119,96.6256,-0.0591,0.7648,0.0,1800.0,0.0,6.3805
1079.0,2026-05-06T03:36:11.239453+00:00,78.7427,-0.1181,96.4808,-0.084,0.7648,0.0,1800.0,0.0,6.3393
1079.5,2026-05-06T03:36:11.739392+00:00,78.6171,-0.0908,96.3696,-0.1031,0.7648,0.0,1800.0,0.0,6.3192
1080.0,2026-05-06T03:36:12.246533+00:00,78.3933,-0.1971,96.5154,-0.0021,0.7648,0.0,1800.0,0.0,6.3094
1080.5,2026-05-06T03:36:12.739409+00:00,78.6031,-0.1515,96.3962,-0.0402,0.7648,0.0,1800.0,0.0,6.3046
1081.0,2026-05-06T03:36:13.239377+00:00,78.5098,-0.1164,96.4202,-0.0309,0.7648,0.0,1800.0,0.0,6.3022
1081.5,2026-05-06T03:36:13.739365+00:00,78.4381,-0.0895,96.6701,0.0148,0.7648,0.0,1800.0,0.0,6.3011
1082.0,2026-05-06T03:36:14.239410+00:00,78.5103,0.0585,96.6307,0.05,0.7648,0.0,1800.0,0.0,6.3005
1082.5,2026-05-06T03:36:14.743873+00:00,78.693,0.045,96.6005,0.077,0.7648,0.0,1800.0,0.0,6.3003
1083.0,2026-05-06T03:36:15.239392+00:00,78.8335,0.1618,96.6929,0.0592,0.7648,0.0,1800.0,0.0,6.3001
1083.5,2026-05-06T03:36:15.740930+00:00,78.8142,0.188,96.764,0.1226,0.7648,0.0,1800.0,0.0,6.3001
1084.0,2026-05-06T03:36:16.240000+00:00,78.6721,0.0809,96.7029,0.0942,0.7648,0.0,1800.0,0.0,6.3
1084.5,2026-05-06T03:36:16.739994+00:00,78.5628,-0.0651,96.5402,-0.0433,0.7648,0.0,1800.0,0.0,6.3
1085.0,2026-05-06T03:36:17.245530+00:00,78.6061,-0.1137,96.6466,0.0053,0.7648,0.0,1800.0,0.0,6.3
1085.5,2026-05-06T03:36:17.740183+00:00,78.6394,-0.0874,96.497,-0.0345,0.7648,0.0,1800.0,0.0,6.3
1086.0,2026-05-06T03:36:18.240951+00:00,78.5377,-0.0672,96.4977,-0.0651,0.7648,0.0,1800.0,0.0,6.3
1086.5,2026-05-06T03:36:18.739411+00:00,78.7141,0.0757,96.4982,-0.0886,0.7648,0.0,1800.0,0.0,6.3
1087.0,2026-05-06T03:36:19.239386+00:00,78.8497,0.1218,96.4986,-0.0681,0.7648,0.0,1800.0,0.0,6.3
1087.5,2026-05-06T03:36:19.746119+00:00,78.6994,0.03,96.499,-0.0138,0.7648,0.0,1800.0,0.0,6.3
1088.0,2026-05-06T03:36:20.239835+00:00,78.5838,0.023,96.4992,-0.0491,0.7648,0.0,1800.0,0.0,6.3
1088.5,2026-05-06T03:36:20.739383+00:00,78.495,-0.1096,96.4994,0.0008,0.7648,0.0,1800.0,0.0,6.3
1089.0,2026-05-06T03:36:21.239406+00:00,78.554,-0.1478,96.6152,0.0392,0.7648,0.0,1800.0,0.0,6.3
1089.5,2026-05-06T03:36:21.739766+00:00,78.5994,-0.05,96.5886,0.0301,0.7648,0.0,1800.0,0.0,6.2488
1090.0,2026-05-06T03:36:22.246223+00:00,78.6342,0.0252,96.7995,0.1003,0.7648,0.0,1800.0,0.0,6.2238
1090.5,2026-05-06T03:36:22.739986+00:00,78.7883,0.1466,96.6145,0.0385,0.7648,0.0,1800.0,0.0,6.2628
1091.0,2026-05-06T03:36:23.239380+00:00,78.7794,0.1127,96.588,0.0296,0.7648,0.0,1800.0,0.0,6.2819
1091.5,2026-05-06T03:36:23.741554+00:00,78.7726,0.0866,96.6833,0.0613,0.7648,0.0,1800.0,0.0,6.2911
1092.0,2026-05-06T03:36:24.239395+00:00,78.6401,0.0029,96.6409,0.0086,0.7648,0.0,1800.0,0.0,6.2957
1092.5,2026-05-06T03:36:24.745578+00:00,78.7928,0.0023,96.4926,-0.032,0.7648,0.0,1800.0,0.0,6.2979
1093.0,2026-05-06T03:36:25.239858+00:00,78.7829,0.0017,96.61,-0.0632,0.7648,0.0,1800.0,0.0,6.299
1093.5,2026-05-06T03:36:25.739385+00:00,78.648,-0.0623,96.7003,0.0286,0.7648,0.0,1800.0,0.0,6.2995
1094.0,2026-05-06T03:36:26.240065+00:00,78.6716,0.0158,96.6539,0.022,0.7648,0.0,1800.0,0.0,6.2998
1094.5,2026-05-06T03:36:26.739605+00:00,78.6898,-0.0515,96.6183,-0.0217,0.7648,0.0,1800.0,0.0,6.2999
1095.0,2026-05-06T03:36:27.245477+00:00,78.831,0.024,96.4752,-0.0552,0.7648,0.0,1800.0,0.0,6.2487
1095.5,2026-05-06T03:36:27.739377+00:00,78.8122,0.0821,96.2496,-0.081,0.7648,0.0,1800.0,0.0,6.275
1096.0,2026-05-06T03:36:28.239376+00:00,78.7978,0.0631,96.4232,-0.0623,0.7648,0.0,1800.0,0.0,6.2878
1096.5,2026-05-06T03:36:28.739387+00:00,78.914,0.1121,96.441,-0.0864,0.7648,0.0,1800.0,0.0,6.294
1097.0,2026-05-06T03:36:29.239410+00:00,78.7488,-0.0411,96.4546,-0.0664,0.7648,0.0,1800.0,0.0,6.2971
1097.5,2026-05-06T03:36:29.744765+00:00,78.7491,-0.0316,96.5808,-0.0125,0.7648,0.0,1800.0,0.0,6.2986
1098.0,2026-05-06T03:36:30.239745+00:00,78.8766,0.0394,96.6778,0.0675,0.7648,0.0,1800.0,0.0,6.2993
1098.5,2026-05-06T03:36:30.739371+00:00,78.8473,-0.0334,96.6367,0.129,0.7648,0.0,1800.0,0.0,6.2997
1099.0,2026-05-06T03:36:31.240954+00:00,78.8248,0.038,96.6051,0.0606,0.7648,0.0,1800.0,0.0,6.2998
1099.5,2026-05-06T03:36:31.739518+00:00,78.8075,0.0292,96.6964,0.0852,0.7648,0.0,1800.0,0.0,6.2999
1100.0,2026-05-06T03:36:32.246936+00:00,78.7942,-0.0412,96.7667,0.104,0.7648,0.0,1800.0,0.0,6.3
1100.5,2026-05-06T03:36:32.739397+00:00,78.5294,-0.1589,96.8207,0.0799,0.7648,0.0,1800.0,0.0,6.3
1101.0,2026-05-06T03:36:33.239423+00:00,78.9623,0.0687,96.6308,-0.0157,0.7648,0.0,1800.0,0.0,6.3
1101.5,2026-05-06T03:36:33.740051+00:00,78.7859,-0.0108,96.4848,-0.0506,0.7648,0.0,1800.0,0.0,6.3
1102.0,2026-05-06T03:36:34.239400+00:00,78.9048,0.0553,96.4883,-0.0389,0.7648,0.0,1800.0,0.0,6.3
1102.500518,2026-05-06T03:36:34.745138+00:00,78.7417,0.1062,96.3753,-0.107,0.7648,0.0,1800.0,0.0,6.3
1103.0,2026-05-06T03:36:35.239408+00:00,78.6164,-0.1729,96.2653,-0.1671,0.7648,0.0,1800.0,0.0,6.3512
1103.5,2026-05-06T03:36:35.739356+00:00,78.52,-0.1329,96.4353,-0.1284,0.7648,0.0,1800.0,0.0,6.3762
1104.0,2026-05-06T03:36:36.239385+00:00,78.7005,-0.1022,96.4503,-0.0602,0.7648,0.0,1800.0,0.0,6.3372
1104.5,2026-05-06T03:36:36.739364+00:00,78.712,-0.0149,96.4618,-0.0077,0.7648,0.0,1800.0,0.0,6.3181
1105.0,2026-05-06T03:36:37.243725+00:00,78.7208,0.0522,96.4706,-0.0059,0.7648,0.0,1800.0,0.0,6.3089
1105.5,2026-05-06T03:36:37.740115+00:00,78.7275,0.1037,96.5931,0.0726,0.7648,0.0,1800.0,0.0,6.3555
1106.0,2026-05-06T03:36:38.239391+00:00,78.7327,0.0161,96.4559,0.0635,0.7648,0.0,1800.0,0.0,6.3783
1106.5,2026-05-06T03:36:38.739461+00:00,78.864,0.076,96.5818,0.0488,0.7648,0.0,1800.0,0.0,6.3894
1107.0,2026-05-06T03:36:39.239998+00:00,78.9649,0.1221,96.6786,0.0761,0.7648,0.0,1800.0,0.0,6.3948
1107.5,2026-05-06T03:36:39.744243+00:00,78.9152,0.0938,96.6372,0.0585,0.7648,0.0,1800.0,0.0,6.3975
1108.0,2026-05-06T03:36:40.239445+00:00,78.7497,0.0085,96.6055,0.0449,0.7648,0.0,1800.0,0.0,6.3476
1108.5,2026-05-06T03:36:40.739426+00:00,78.877,0.0065,96.6968,0.0345,0.7648,0.0,1800.0,0.0,6.3232
1109.0,2026-05-06T03:36:41.239362+00:00,79.1022,0.0686,96.6512,0.0651,0.7648,0.0,1800.0,0.0,6.3113
1109.5,2026-05-06T03:36:41.740033+00:00,79.1479,0.1164,96.6162,0.0115,0.7648,0.0,1800.0,0.0,6.3055
1110.0,2026-05-06T03:36:42.249158+00:00,79.0559,0.1531,96.5893,-0.0297,0.7648,0.0,1800.0,0.0,6.3027
1110.5,2026-05-06T03:36:42.739783+00:00,78.476,-0.2005,96.5687,-0.0229,0.7648,0.0,1622.97,-177.03,6.3013
1111.0,2026-05-06T03:36:43.239470+00:00,78.4121,-0.345,96.5296,-0.0253,0.7648,0.0,1550.4054,-249.5946,6.3006
1111.5,2026-05-06T03:36:43.739453+00:00,78.2358,-0.4561,96.4071,-0.0966,0.7648,0.0,1520.6612,-102.3088,6.3003
1112.0,2026-05-06T03:36:44.239475+00:00,78.2275,-0.4142,96.5443,-0.0357,0.7648,0.0,1508.469,-41.9364,6.3002
1112.5,2026-05-06T03:36:44.748546+00:00,78.2211,-0.1274,96.534,-0.0274,0.7561,-0.0087,1503.4714,-17.1897,6.3001
1113.0,2026-05-06T03:36:45.239432+00:00,78.089,-0.1616,96.5493,-0.0133,0.7525,-0.0123,1501.4229,-7.0461,6.3
1113.5,2026-05-06T03:36:45.739506+00:00,78.2419,0.0031,96.4222,-0.0488,0.751,-0.005,1500.5833,-2.8882,6.3
1114.0,2026-05-06T03:36:46.239975+00:00,78.105,-0.0613,96.5559,0.0088,0.7504,-0.0021,1500.2391,-1.1839,6.3
1114.5,2026-05-06T03:36:46.739455+00:00,78.127,-0.0471,96.7744,0.1224,0.7502,-0.0008,1500.098,-0.4853,6.3
1115.0,2026-05-06T03:36:47.244553+00:00,78.1439,0.0274,96.7109,0.0555,0.7501,-0.0003,1500.0402,-0.1989,6.3
1115.5,2026-05-06T03:36:47.739494+00:00,78.0296,-0.1062,96.6621,0.0427,0.75,-0.0001,1500.0165,-0.0815,6.3
1116.0,2026-05-06T03:36:48.239454+00:00,78.069,-0.018,96.5089,-0.0135,0.75,-0.0001,1500.0067,-0.0334,6.3
1116.5,2026-05-06T03:36:48.739450+00:00,78.0993,-0.0138,96.5068,0.0282,0.75,-0.0,1500.0028,-0.0137,6.3
1117.0,2026-05-06T03:36:49.240056+00:00,77.8681,-0.1379,96.6209,0.0217,0.75,-0.0,1500.0011,-0.0056,6.3
1117.5,2026-05-06T03:36:49.745014+00:00,77.8176,-0.106,96.7087,-0.0219,0.75,-0.0,1500.0005,-0.0023,6.3
1118.0,2026-05-06T03:36:50.239448+00:00,77.7788,-0.1451,96.8918,0.0603,0.75,-0.0,1500.0002,-0.0009,6.3
1118.5,2026-05-06T03:36:50.739597+00:00,77.749,-0.1752,96.6623,0.0001,0.75,-0.0,1500.0001,-0.0004,6.3
1119.0,2026-05-06T03:36:51.239465+00:00,77.7261,-0.071,96.6247,0.0386,0.75,-0.0,1500.0,-0.0002,6.3
1119.5,2026-05-06T03:36:51.739513+00:00,77.5812,-0.1182,96.4802,-0.0089,0.75,-0.0,1500.0,-0.0001,6.3
1120.0,2026-05-06T03:36:52.245912+00:00,77.7244,-0.0272,96.4848,-0.0454,0.75,-0.0,1500.0,-0.0,6.3
1120.5,2026-05-06T03:36:52.739464+00:00,77.8345,0.0427,96.604,-0.0349,0.75,-0.0,1500.0,-0.0,6.3
1121.0,2026-05-06T03:36:53.239411+00:00,77.6645,-0.0308,96.5799,-0.104,0.75,-0.0,1500.0,-0.0,6.3
1121.5,2026-05-06T03:36:53.739428+00:00,77.5339,-0.0237,96.6771,0.005,0.75,-0.0,1500.0,-0.0,6.3
1122.0,2026-05-06T03:36:54.240590+00:00,77.5608,-0.0818,96.7518,0.0424,0.75,-0.0,1500.0,-0.0,6.3
1122.5,2026-05-06T03:36:54.747751+00:00,77.5814,-0.1265,96.6936,0.0711,0.75,-0.0,1500.0,-0.0,6.3
1123.0,2026-05-06T03:36:55.239423+00:00,77.47,-0.0973,96.6256,0.047,0.75,-0.0,1500.0,-0.0,6.3
1123.5,2026-05-06T03:36:55.739428+00:00,77.5117,-0.0111,96.6891,0.0284,0.75,-0.0,1500.0,-0.0,6.3
1124.0,2026-05-06T03:36:56.239940+00:00,77.4164,-0.0722,96.6454,0.0218,0.75,-0.0,1500.0,-0.0,6.3
1124.5,2026-05-06T03:36:56.739467+00:00,77.5977,0.0082,96.6117,-0.0218,0.75,-0.0,1500.0,-0.0,6.3
1125.0,2026-05-06T03:36:57.245879+00:00,77.7371,0.1335,96.8173,0.0218,0.75,-0.0,1500.0,-0.0,6.3
1125.5,2026-05-06T03:36:57.739492+00:00,77.5897,0.039,96.7439,0.0168,0.75,-0.0,1500.0,-0.0,6.3512
1126.0,2026-05-06T03:36:58.239452+00:00,77.6036,0.0936,96.78,0.0515,0.75,-0.0,1500.0,-0.0,6.3762
1126.5,2026-05-06T03:36:58.739469+00:00,77.4871,-0.0553,96.8078,0.0395,0.75,-0.0,1500.0,-0.0,6.3884
1127.0,2026-05-06T03:36:59.239429+00:00,77.3975,-0.1698,96.5977,-0.0159,0.75,-0.0,1500.0,-0.0,6.3431
1127.5,2026-05-06T03:36:59.747238+00:00,77.4559,-0.0669,96.5751,-0.0122,0.75,-0.0,1500.0,-0.0,6.321
1128.0,2026-05-06T03:37:00.239438+00:00,77.5008,-0.0514,96.6734,-0.048,0.75,-0.0,1500.0,-0.0,6.3103
1128.5,2026-05-06T03:37:00.739471+00:00,77.2808,-0.1031,96.4944,-0.0831,0.75,-0.0,1500.0,-0.0,6.305
1129.0,2026-05-06T03:37:01.239720+00:00,77.1117,-0.1429,96.6114,-0.0562,0.75,-0.0,1500.0,-0.0,6.3024
1129.5,2026-05-06T03:37:01.741247+00:00,77.109,-0.1735,96.7013,-0.0355,0.75,-0.0,1500.0,-0.0,6.3012
1130.0,2026-05-06T03:37:02.248701+00:00,77.1069,-0.197,96.6548,0.019,0.75,-0.0,1500.0,-0.0,6.3006
1130.5,2026-05-06T03:37:02.740136+00:00,77.2326,-0.0241,96.7115,0.0455,0.75,-0.0,1500.0,-0.0,6.3003
1131.0,2026-05-06T03:37:03.240364+00:00,77.3292,0.1087,96.7783,0.0349,0.75,-0.0,1500.0,0.0,6.3001
1131.5,2026-05-06T03:37:03.739416+00:00,77.2761,0.0836,96.7139,0.0731,0.75,0.0,1500.0,0.0,6.3001
1132.0,2026-05-06T03:37:04.241009+00:00,77.2354,0.0642,96.7801,0.0562,0.75,0.0,1500.0,0.0,6.3
1132.5,2026-05-06T03:37:04.747022+00:00,77.2041,-0.0143,96.8078,0.0355,0.75,0.0,1500.0,0.0,6.3
1133.0,2026-05-06T03:37:05.239443+00:00,77.18,-0.0746,96.7135,0.0196,0.75,0.0,1500.0,0.0,6.3
1133.5,2026-05-06T03:37:05.739500+00:00,77.2887,0.0063,96.7798,0.0228,0.75,0.0,1500.0,0.0,6.3
1134.0,2026-05-06T03:37:06.239431+00:00,77.3723,0.0685,96.715,-0.0211,0.75,0.0,1500.0,0.0,6.3
1134.5,2026-05-06T03:37:06.739450+00:00,77.3093,0.0526,96.6421,-0.0239,0.75,0.0,1500.0,0.0,6.3
1135.0,2026-05-06T03:37:07.246783+00:00,77.2609,0.0405,96.7018,-0.0261,0.75,0.0,1500.0,0.0,6.3
1135.5,2026-05-06T03:37:07.739550+00:00,77.2237,-0.0325,96.4237,-0.128,0.75,0.0,1500.0,0.0,6.3
1136.0,2026-05-06T03:37:08.239419+00:00,77.3223,-0.025,96.5571,-0.0521,0.75,0.0,1500.0,0.0,6.3
1136.5,2026-05-06T03:37:08.740950+00:00,77.3981,0.0444,96.6596,-0.0401,0.75,0.0,1500.0,0.0,6.3
1137.0,2026-05-06T03:37:09.239782+00:00,77.3291,0.0341,96.6458,-0.0231,0.75,0.0,1500.0,0.0,6.3
1137.5,2026-05-06T03:37:09.748019+00:00,77.2761,0.0262,96.7046,0.0208,0.75,0.0,1500.0,0.0,6.3
1138.0,2026-05-06T03:37:10.241150+00:00,77.2354,-0.0435,96.5416,-0.0534,0.75,0.0,1500.0,0.0,6.3
1138.5,2026-05-06T03:37:10.740051+00:00,77.0768,-0.1607,96.4162,-0.0025,0.75,0.0,1500.0,0.0,6.3
1139.0,2026-05-06T03:37:11.239434+00:00,76.9549,-0.1871,96.5513,-0.0019,0.75,0.0,1500.0,0.0,6.3
1139.5,2026-05-06T03:37:11.741271+00:00,76.8612,-0.2075,96.5394,-0.04,0.75,0.0,1500.0,0.0,6.3
1140.0,2026-05-06T03:37:12.246232+00:00,76.7892,-0.2231,96.5072,-0.0462,0.75,0.0,1500.0,0.0,6.2488
1140.5,2026-05-06T03:37:12.739692+00:00,76.9884,-0.0442,96.5055,-0.0664,0.75,0.0,1500.0,0.0,6.275
1141.0,2026-05-06T03:37:13.239436+00:00,77.1415,0.0933,96.5968,0.0184,0.75,0.0,1500.0,0.0,6.2878
1141.5,2026-05-06T03:37:13.739468+00:00,77.0046,0.0717,96.343,-0.0244,0.75,0.0,1500.0,0.0,6.294
1142.0,2026-05-06T03:37:14.239451+00:00,76.8994,0.0551,96.495,-0.0188,0.75,0.0,1500.0,0.0,6.2971
1142.5,2026-05-06T03:37:14.745569+00:00,76.9458,-0.0213,96.473,-0.0221,0.75,0.0,1500.0,0.0,6.2986
1143.0,2026-05-06T03:37:15.239763+00:00,76.9815,-0.08,96.595,0.0293,0.75,0.0,1500.0,0.0,6.2993
1143.5,2026-05-06T03:37:15.739497+00:00,77.0089,0.0022,96.8044,0.0996,0.75,0.0,1500.0,0.0,6.2997
1144.0,2026-05-06T03:37:16.239451+00:00,76.9027,0.0017,96.6183,0.0072,0.75,0.0,1500.0,0.0,6.2998
1144.5,2026-05-06T03:37:16.739434+00:00,76.8211,-0.0624,96.7066,0.1212,0.75,0.0,1500.0,0.0,6.2999
1145.0,2026-05-06T03:37:17.244659+00:00,77.0129,0.0157,96.3117,-0.0611,0.75,0.0,1500.0,0.0,6.3
1145.5,2026-05-06T03:37:17.739445+00:00,76.9058,-0.0516,96.3553,-0.0393,0.75,0.0,1500.0,0.0,6.3512
1146.0,2026-05-06T03:37:18.239676+00:00,77.078,0.0876,96.5045,-0.0302,0.75,0.0,1500.0,0.0,6.325
1146.5,2026-05-06T03:37:18.739502+00:00,77.0831,0.131,96.6191,-0.0618,0.75,0.0,1500.0,0.0,6.3122
1147.0,2026-05-06T03:37:19.239455+00:00,77.2143,0.1007,96.5684,-0.0166,0.75,0.0,1500.0,0.0,6.3059
1147.5,2026-05-06T03:37:19.745354+00:00,77.1878,0.141,96.5526,-0.0513,0.75,0.0,1500.0,0.0,6.3029
1148.0,2026-05-06T03:37:20.240068+00:00,77.0402,-0.0189,96.7718,0.1534,0.75,0.0,1500.0,0.0,6.3014
1148.5,2026-05-06T03:37:20.739433+00:00,77.0541,-0.0145,96.6858,0.1102,0.75,0.0,1500.0,0.0,6.3007
1149.0,2026-05-06T03:37:21.239497+00:00,76.9374,-0.1384,96.7585,0.0847,0.75,0.0,1500.0,0.0,6.3003
1149.5,2026-05-06T03:37:21.739439+00:00,77.1023,-0.0428,96.8144,0.0651,0.75,0.0,1500.0,0.0,6.3002
1150.0,2026-05-06T03:37:22.248259+00:00,77.1018,0.0308,96.6028,0.0115,0.75,0.0,1500.0,0.0,6.3001
1150.5,2026-05-06T03:37:22.739497+00:00,77.1014,0.0237,96.6947,0.0474,0.75,0.0,1500.0,0.0,6.3
1151.0,2026-05-06T03:37:23.239615+00:00,77.1011,0.0818,96.5108,-0.087,0.75,0.0,1500.0,0.0,6.3
1151.5,2026-05-06T03:37:23.739429+00:00,77.2281,0.0629,96.624,-0.0206,0.75,0.0,1500.0,0.0,6.3
1152.0,2026-05-06T03:37:24.239511+00:00,77.1984,0.0483,96.5953,-0.0544,0.75,0.0,1500.0,0.0,6.3
1152.5,2026-05-06T03:37:24.747137+00:00,77.0484,-0.0265,96.4344,-0.1267,0.75,0.0,1500.0,0.0,6.3
1153.0,2026-05-06T03:37:25.239797+00:00,77.0603,-0.0204,96.4496,-0.0511,0.75,0.0,1500.0,0.0,6.3
1153.5,2026-05-06T03:37:25.739974+00:00,77.0695,-0.0793,96.6927,-0.0007,0.75,0.0,1500.0,0.0,6.3
1154.0,2026-05-06T03:37:26.239423+00:00,76.822,-0.1882,96.4167,-0.0314,0.75,0.0,1500.0,0.0,6.3
1154.5,2026-05-06T03:37:26.739442+00:00,76.6318,-0.2083,96.6674,0.0144,0.75,0.0,1500.0,0.0,6.3
1155.000193,2026-05-06T03:37:27.246875+00:00,76.6129,-0.2237,96.86,0.0882,0.75,0.0,1500.0,0.0,6.3
1155.5,2026-05-06T03:37:27.739433+00:00,76.5983,-0.2356,96.7767,0.1141,0.75,0.0,1500.0,0.0,6.3
1156.0,2026-05-06T03:37:28.239519+00:00,76.5871,-0.1174,96.8052,0.1186,0.75,0.0,1500.0,0.0,6.3
1156.5,2026-05-06T03:37:28.739514+00:00,76.5786,-0.0266,96.5958,-0.0323,0.75,0.0,1500.0,0.0,6.3
1157.0,2026-05-06T03:37:29.239402+00:00,76.6992,0.0432,96.6893,0.0909,0.75,0.0,1500.0,0.0,6.3
1157.5,2026-05-06T03:37:29.745904+00:00,76.5374,-0.0305,96.7612,0.0313,0.75,0.0,1500.0,0.0,6.3
1158.0,2026-05-06T03:37:30.239441+00:00,76.5403,-0.0234,96.8165,-0.0145,0.75,0.0,1500.0,0.0,6.3
1158.5,2026-05-06T03:37:30.739484+00:00,76.6698,0.0456,96.8589,0.0274,0.75,0.0,1500.0,0.0,6.3
1159.0,2026-05-06T03:37:31.239426+00:00,76.6421,-0.0286,97.0073,0.0673,0.75,0.0,1500.0,0.0,6.3
1159.5,2026-05-06T03:37:31.739459+00:00,76.6208,0.0417,96.8899,0.098,0.75,0.0,1500.0,0.0,6.3
1160.0,2026-05-06T03:37:32.246608+00:00,76.7317,0.0957,97.0311,0.1139,0.75,0.0,1500.0,0.0,6.3
1160.5,2026-05-06T03:37:32.740193+00:00,76.6896,0.0099,97.0239,0.0876,0.75,0.0,1500.0,0.0,6.3
1161.0,2026-05-06T03:37:33.239783+00:00,76.7846,0.0712,97.1341,0.1059,0.75,0.0,1500.0,0.0,6.3
1161.5,2026-05-06T03:37:33.739441+00:00,76.603,-0.0089,97.2187,0.1199,0.75,0.0,1500.0,0.0,6.3
1162.0,2026-05-06T03:37:34.239425+00:00,76.8453,0.0568,97.0524,0.015,0.75,0.0,1500.0,0.0,6.3
1162.5,2026-05-06T03:37:34.747644+00:00,76.9042,0.1073,97.156,0.0887,0.75,0.0,1500.0,0.0,6.3
1163.0,2026-05-06T03:37:35.239411+00:00,76.9495,0.0825,97.2356,0.0682,0.75,0.0,1500.0,0.0,6.3512
1163.5,2026-05-06T03:37:35.739507+00:00,76.7298,0.0634,97.0422,0.0061,0.75,0.0,1500.0,0.0,6.325
1164.0,2026-05-06T03:37:36.239429+00:00,76.8155,-0.0149,96.8011,-0.111,0.75,0.0,1500.0,0.0,6.3122
1164.5,2026-05-06T03:37:36.743638+00:00,76.6268,-0.1387,96.7314,-0.1624,0.75,0.0,1500.0,0.0,6.306
1165.0,2026-05-06T03:37:37.245319+00:00,76.4817,-0.2339,96.6779,-0.1249,0.75,0.0,1500.0,0.0,6.3029
1165.5,2026-05-06T03:37:37.739442+00:00,76.3703,-0.1798,96.7524,-0.1345,0.75,0.0,1500.0,0.0,6.3526
1166.0,2026-05-06T03:37:38.240093+00:00,76.2846,-0.2654,96.7866,-0.1497,0.75,0.0,1500.0,0.0,6.3257
1166.5,2026-05-06T03:37:38.739438+00:00,76.2187,-0.204,96.6045,-0.1459,0.75,0.0,1500.0,0.0,6.3125
1167.0,2026-05-06T03:37:39.239483+00:00,76.2954,-0.0932,96.8118,0.0036,0.75,0.0,1500.0,0.0,6.3061
1167.5,2026-05-06T03:37:39.748336+00:00,76.3543,-0.008,96.7165,-0.005,0.75,0.0,1500.0,0.0,6.303
1168.0,2026-05-06T03:37:40.240849+00:00,76.5269,0.1211,96.6432,-0.0115,0.75,0.0,1500.0,0.0,6.3527
1168.5,2026-05-06T03:37:40.739726+00:00,76.7868,0.284,96.6101,-0.0474,0.75,0.0,1500.0,0.0,6.3769
1169.0,2026-05-06T03:37:41.239593+00:00,76.6047,0.1547,96.4689,-0.1059,0.75,0.0,1500.0,0.0,6.3375
1169.5,2026-05-06T03:37:41.739464+00:00,76.7193,0.1825,96.4761,-0.0428,0.75,0.0,1500.0,0.0,6.3183
1170.0,2026-05-06T03:37:42.245175+00:00,76.6801,0.0766,96.4585,-0.1178,0.75,0.0,1500.0,0.0,6.3089
1170.5,2026-05-06T03:37:42.739424+00:00,76.7773,-0.0047,96.4912,-0.0751,0.75,0.0,1500.0,0.0,6.3556
1171.0,2026-05-06T03:37:43.239424+00:00,76.852,0.1236,96.4933,-0.05,0.75,0.0,1500.0,0.0,6.3271
1171.5,2026-05-06T03:37:43.739514+00:00,76.9094,0.095,96.7031,0.031,0.75,0.0,1500.0,0.0,6.3132
1172.0,2026-05-06T03:37:44.239438+00:00,76.8262,0.073,96.6561,0.0624,0.75,0.0,1500.0,0.0,6.3065
1172.5,2026-05-06T03:37:44.743866+00:00,76.7623,-0.0075,96.9671,0.1637,0.75,0.0,1500.0,0.0,6.3032
1173.0,2026-05-06T03:37:45.239438+00:00,76.9677,0.0579,97.0904,0.2106,0.75,0.0,1500.0,0.0,6.3527
1173.5,2026-05-06T03:37:45.739409+00:00,76.9983,0.0445,97.0695,0.1927,0.75,0.0,1500.0,0.0,6.3257
1174.0,2026-05-06T03:37:46.240114+00:00,76.7673,-0.0294,97.1691,0.2253,0.75,0.0,1500.0,0.0,6.3126
1174.5,2026-05-06T03:37:46.739422+00:00,76.5898,-0.0863,97.0143,0.1037,0.75,0.0,1500.0,0.0,6.3061
1175.0,2026-05-06T03:37:47.249692+00:00,76.4533,-0.2572,97.1267,0.1569,0.75,0.0,1500.0,0.0,6.303
1175.5,2026-05-06T03:37:47.739827+00:00,76.6029,-0.1977,97.2131,0.082,0.75,0.0,1500.0,0.0,6.3015
1176.0,2026-05-06T03:37:48.239417+00:00,76.4634,-0.1519,97.2795,0.063,0.75,0.0,1500.0,0.0,6.3007
1176.5,2026-05-06T03:37:48.739412+00:00,76.4835,-0.0532,97.3305,0.087,0.75,0.0,1500.0,0.0,6.3003
1177.0,2026-05-06T03:37:49.242432+00:00,76.3716,-0.0409,97.254,0.0283,0.75,0.0,1500.0,0.0,6.3002
1177.5,2026-05-06T03:37:49.747999+00:00,76.4129,-0.095,97.4266,0.1375,0.75,0.0,1500.0,0.0,6.3001
1178.0,2026-05-06T03:37:50.240814+00:00,76.4446,-0.0094,97.3279,0.0671,0.75,0.0,1500.0,0.0,6.3
1178.5,2026-05-06T03:37:50.739436+00:00,76.469,-0.0072,97.1363,-0.0256,0.75,0.0,1500.0,0.0,6.3
1179.0,2026-05-06T03:37:51.239428+00:00,76.4877,0.0581,97.1048,-0.0582,0.75,0.0,1500.0,0.0,6.3
1179.5,2026-05-06T03:37:51.740221+00:00,76.5021,0.0446,97.0805,-0.0833,0.75,0.0,1500.0,0.0,6.3
1180.0,2026-05-06T03:37:52.245820+00:00,76.3859,-0.0293,96.7148,-0.1797,0.75,0.0,1500.0,0.0,6.3
1180.5,2026-05-06T03:37:52.739513+00:00,76.2966,-0.0862,96.7808,-0.2153,0.75,0.0,1500.0,0.0,6.3
1181.0,2026-05-06T03:37:53.239833+00:00,76.1007,-0.1935,96.6001,-0.2426,0.75,0.0,1500.0,0.0,6.3
1181.5,2026-05-06T03:37:53.739440+00:00,76.0774,-0.2124,96.6927,-0.1479,0.75,0.0,1500.0,0.0,6.3
1182.0,2026-05-06T03:37:54.239447+00:00,76.1868,-0.0996,96.8795,-0.0751,0.75,0.0,1500.0,0.0,6.3
1182.503358,2026-05-06T03:37:54.749037+00:00,76.2708,-0.0129,96.9074,-0.0577,0.75,0.0,1500.0,0.0,6.3
1183.0,2026-05-06T03:37:55.239418+00:00,76.3354,0.1173,96.9057,0.0636,0.75,0.0,1500.0,0.0,6.3
1183.5,2026-05-06T03:37:55.743083+00:00,76.3851,0.1538,97.0432,0.0875,0.75,0.0,1500.0,0.0,6.3
1184.0,2026-05-06T03:37:56.239436+00:00,76.296,0.0546,97.0332,0.1444,0.75,0.0,1500.0,0.0,6.3
1184.5,2026-05-06T03:37:56.739446+00:00,76.3548,0.042,97.1412,0.1495,0.75,0.0,1500.0,0.0,6.3
1185.0,2026-05-06T03:37:57.246359+00:00,76.0181,-0.1587,97.2242,0.1149,0.75,0.0,1500.0,0.0,6.3
1185.5,2026-05-06T03:37:57.739448+00:00,76.2685,-0.0583,97.1723,0.0883,0.75,0.0,1500.0,0.0,6.3
1186.0,2026-05-06T03:37:58.239508+00:00,76.4609,0.0825,97.2482,0.1142,0.75,0.0,1500.0,0.0,6.3
1186.5,2026-05-06T03:37:58.739503+00:00,76.3542,-0.0003,97.075,0.0106,0.75,0.0,1500.0,0.0,6.3
1187.0,2026-05-06T03:37:59.239465+00:00,76.3995,0.1907,97.0345,0.0004,0.75,0.0,1500.0,0.0,6.3
1187.5,2026-05-06T03:37:59.745818+00:00,76.3071,0.0193,97.1422,0.0003,0.75,0.0,1500.0,0.0,6.3
1188.0,2026-05-06T03:38:00.239470+00:00,76.3633,-0.0488,97.0862,-0.046,0.75,0.0,1500.0,0.0,6.3
1188.5,2026-05-06T03:38:00.739426+00:00,76.2792,-0.0375,97.0662,-0.0354,0.75,0.0,1500.0,0.0,6.3
1189.0,2026-05-06T03:38:01.239897+00:00,76.4692,0.0348,97.0509,-0.0658,0.75,0.0,1500.0,0.0,6.3
1189.5,2026-05-06T03:38:01.739430+00:00,76.2333,-0.0369,96.8309,-0.0814,0.75,0.0,1500.0,0.0,6.3
1190.0,2026-05-06T03:38:02.247284+00:00,76.4339,0.0353,96.7312,-0.1011,0.75,0.0,1500.0,0.0,6.3
1190.5,2026-05-06T03:38:02.739875+00:00,76.3335,0.0271,96.6545,-0.1626,0.75,0.0,1500.0,0.0,6.3
1191.0,2026-05-06T03:38:03.239427+00:00,76.3836,-0.0428,96.6188,-0.1558,0.75,0.0,1500.0,0.0,6.3
1191.5,2026-05-06T03:38:03.739866+00:00,76.2948,0.0307,96.8227,-0.0812,0.75,0.0,1500.0,0.0,6.3
1192.0,2026-05-06T03:38:04.239446+00:00,75.9721,-0.2309,96.8637,-0.0624,0.75,0.0,1500.0,0.0,6.3
1192.5,2026-05-06T03:38:04.746040+00:00,76.1058,-0.1138,96.8953,0.0215,0.75,0.0,1500.0,0.0,6.3
1193.0,2026-05-06T03:38:05.239517+00:00,76.2086,-0.0875,97.0352,0.1013,0.75,0.0,1500.0,0.0,6.3
1193.5,2026-05-06T03:38:05.739500+00:00,76.4149,0.06,97.1427,0.1627,0.75,0.0,1500.0,0.0,6.3
1194.0,2026-05-06T03:38:06.239420+00:00,76.3189,0.1734,97.2254,0.2022,0.75,0.0,1500.0,0.0,6.3
1194.5,2026-05-06T03:38:06.739938+00:00,76.3723,0.1333,97.1733,0.1169,0.75,0.0,1500.0,0.0,6.3
1195.0,2026-05-06T03:38:07.245915+00:00,76.4135,0.1024,97.2489,0.1284,0.75,0.0,1500.0,0.0,6.3
1195.5,2026-05-06T03:38:07.739468+00:00,76.4451,0.0151,97.307,0.1372,0.75,0.0,1500.0,0.0,6.3
1196.0,2026-05-06T03:38:08.239441+00:00,76.5966,0.1389,97.2359,0.0669,0.75,0.0,1500.0,0.0,6.3
1196.5,2026-05-06T03:38:08.740009+00:00,76.7131,0.1704,96.9731,-0.0566,0.75,0.0,1500.0,0.0,6.3
1197.0,2026-05-06T03:38:09.241215+00:00,76.6754,0.1309,97.095,-0.0435,0.75,0.0,1500.0,0.0,6.3
1197.5,2026-05-06T03:38:09.744902+00:00,76.6463,0.1006,96.8648,-0.1028,0.75,0.0,1500.0,0.0,6.3
1198.0,2026-05-06T03:38:10.241553+00:00,76.7513,0.0774,96.8961,-0.1176,0.75,0.0,1500.0,0.0,6.3
1198.5,2026-05-06T03:38:10.741647+00:00,76.5775,-0.0678,97.0358,-0.0904,0.75,0.0,1500.0,0.0,6.3
1199.0,2026-05-06T03:38:11.239485+00:00,76.3166,-0.1794,96.7961,-0.1466,0.75,0.0,1500.0,0.0,6.3
1199.5,2026-05-06T03:38:11.739425+00:00,76.3706,-0.1379,96.7276,-0.0818,0.75,0.0,1500.0,0.0,6.3
1200.0,2026-05-06T03:38:12.244361+00:00,76.4121,-0.1696,96.7906,-0.1015,0.75,0.0,1500.0,0.0,6.2488
1200.5,2026-05-06T03:38:12.739437+00:00,76.444,-0.0667,96.6077,-0.0857,0.75,0.0,1500.0,0.0,6.275
1201.0,2026-05-06T03:38:13.239493+00:00,76.214,-0.0513,96.5828,-0.1044,0.75,0.0,1500.0,0.0,6.2878
1201.5,2026-05-06T03:38:13.739875+00:00,76.1645,-0.1031,96.5636,-0.1574,0.75,0.0,1500.0,0.0,6.294
1202.0,2026-05-06T03:38:14.239437+00:00,76.2537,-0.0792,96.6646,-0.0438,0.75,0.0,1500.0,0.0,6.2971
1202.5,2026-05-06T03:38:14.747951+00:00,76.3223,-0.0609,96.6265,-0.0337,0.75,0.0,1500.0,0.0,6.2986
1203.0,2026-05-06T03:38:15.242517+00:00,76.375,0.0805,96.5972,-0.0645,0.75,0.0,1500.0,0.0,6.2993
1203.5,2026-05-06T03:38:15.739455+00:00,76.4155,0.1255,96.5516,-0.0187,0.75,0.0,1500.0,0.0,6.2997
1204.0,2026-05-06T03:38:16.240733+00:00,76.3193,0.0328,96.7711,0.0628,0.75,0.0,1500.0,0.0,6.2998
1204.5,2026-05-06T03:38:16.739589+00:00,76.3727,0.0252,96.7315,0.056,0.75,0.0,1500.0,0.0,6.2999
1205.0,2026-05-06T03:38:17.244244+00:00,76.4137,0.0194,96.9093,0.0816,0.75,0.0,1500.0,0.0,6.3
1205.5,2026-05-06T03:38:17.741156+00:00,76.4453,0.0149,97.046,0.1398,0.75,0.0,1500.0,0.0,6.3
1206.0,2026-05-06T03:38:18.240521+00:00,76.3422,0.0115,97.0354,0.146,0.75,0.0,1500.0,0.0,6.3
1206.5,2026-05-06T03:38:18.739455+00:00,76.3903,0.0088,97.004,0.1508,0.75,0.0,1500.0,0.0,6.3
1207.0,2026-05-06T03:38:19.239706+00:00,76.4273,0.0068,97.1188,0.1159,0.75,0.0,1500.0,0.0,6.3
1207.5,2026-05-06T03:38:19.747654+00:00,76.4557,0.0052,97.0913,0.1199,0.75,0.0,1500.0,0.0,6.3
1208.0,2026-05-06T03:38:20.239503+00:00,76.3502,0.004,97.1859,0.0922,0.75,0.0,1500.0,0.0,6.3
1208.5,2026-05-06T03:38:20.739596+00:00,76.3965,0.0031,97.0272,-0.0063,0.75,0.0,1500.0,0.0,6.2488
1209.0,2026-05-06T03:38:21.239443+00:00,76.432,0.0024,97.1366,0.0337,0.75,0.0,1500.0,0.0,6.2238
1209.5,2026-05-06T03:38:21.740368+00:00,76.332,-0.0618,97.2207,0.0722,0.75,0.0,1500.0,0.0,6.2116
1210.0,2026-05-06T03:38:22.243795+00:00,76.3825,0.0161,97.1696,0.0169,0.75,0.0,1500.0,0.0,6.2057
1210.5,2026-05-06T03:38:22.739446+00:00,76.294,-0.0512,96.8758,-0.0718,0.75,0.0,1500.0,0.0,6.254
1211.0,2026-05-06T03:38:23.239456+00:00,76.2259,-0.103,96.7889,-0.1323,0.75,0.0,1500.0,0.0,6.2775
1211.5,2026-05-06T03:38:23.739451+00:00,76.1737,-0.0792,96.7452,-0.094,0.75,0.0,1500.0,0.0,6.289
1212.0,2026-05-06T03:38:24.239427+00:00,76.2607,-0.0609,96.6884,-0.1494,0.75,0.0,1500.0,0.0,6.2947
1212.5,2026-05-06T03:38:24.747958+00:00,76.4549,0.0805,96.8762,-0.1148,0.75,0.0,1500.0,0.0,6.2974
1213.0,2026-05-06T03:38:25.239441+00:00,76.4769,0.1255,96.766,-0.1345,0.75,0.0,1500.0,0.0,6.2987
1213.5,2026-05-06T03:38:25.739438+00:00,76.4938,0.1601,96.9359,0.02,0.75,0.0,1500.0,0.0,6.2994
1214.0,2026-05-06T03:38:26.239440+00:00,76.6341,0.1867,96.9507,0.054,0.75,0.0,1500.0,0.0,6.2997
1214.5,2026-05-06T03:38:26.739414+00:00,76.6146,0.0799,97.0778,0.1109,0.75,0.0,1500.0,0.0,6.2999
1215.0,2026-05-06T03:38:27.246745+00:00,76.5997,0.0614,97.1755,0.1624,0.75,0.0,1500.0,0.0,6.2487
1215.5,2026-05-06T03:38:27.739440+00:00,76.4609,-0.0165,97.0192,0.0477,0.75,0.0,1500.0,0.0,6.275
1216.0,2026-05-06T03:38:28.239465+00:00,76.3543,-0.1399,96.8991,0.0443,0.75,0.0,1500.0,0.0,6.2878
1216.5,2026-05-06T03:38:28.739502+00:00,76.3996,-0.1075,96.8067,-0.0431,0.75,0.0,1500.0,0.0,6.294
1217.0,2026-05-06T03:38:29.239446+00:00,76.3071,-0.1463,96.8514,-0.0331,0.75,0.0,1500.0,0.0,6.2971
1217.5,2026-05-06T03:38:29.746130+00:00,76.4906,0.0148,96.8858,-0.064,0.75,0.0,1500.0,0.0,6.2986
1218.0,2026-05-06T03:38:30.239485+00:00,76.3771,0.0114,96.7734,-0.134,0.75,0.0,1500.0,0.0,6.2993
1218.5,2026-05-06T03:38:30.740372+00:00,76.0353,-0.1821,96.8258,-0.0645,0.75,0.0,1500.0,0.0,6.2997
1219.0,2026-05-06T03:38:31.239480+00:00,76.2816,-0.0127,96.6347,-0.0881,0.75,0.0,1500.0,0.0,6.2998
1219.5,2026-05-06T03:38:31.741409+00:00,76.3437,-0.0734,96.5804,-0.0754,0.75,0.0,1500.0,0.0,6.2999
1220.0,2026-05-06T03:38:32.244734+00:00,76.1369,-0.1201,96.5849,-0.0888,0.75,0.0,1500.0,0.0,6.3
1220.5,2026-05-06T03:38:32.739477+00:00,75.978,-0.0286,96.681,-0.0683,0.75,0.0,1500.0,0.0,6.3
1221.0,2026-05-06T03:38:33.239449+00:00,75.9831,-0.1493,96.5234,-0.0833,0.75,0.0,1500.0,0.0,6.3
1221.5,2026-05-06T03:38:33.739423+00:00,76.1143,-0.1147,96.6337,-0.064,0.75,0.0,1500.0,0.0,6.3
1222.0,2026-05-06T03:38:34.239491+00:00,76.0878,-0.0246,96.7185,0.0279,0.75,0.0,1500.0,0.0,6.3
1222.5,2026-05-06T03:38:34.745260+00:00,76.0675,0.0448,96.7836,0.0677,0.75,0.0,1500.0,0.0,6.3
1223.0,2026-05-06T03:38:35.239429+00:00,76.1791,0.098,97.0651,0.16,0.75,0.0,1500.0,0.0,6.3
1223.5,2026-05-06T03:38:35.739493+00:00,76.1377,0.0117,97.05,0.123,0.75,0.0,1500.0,0.0,6.3
1224.0,2026-05-06T03:38:36.239860+00:00,75.9786,-0.0546,97.1541,0.2102,0.75,0.0,1500.0,0.0,6.3
1224.5,2026-05-06T03:38:36.739501+00:00,76.1108,0.0216,97.211,0.1924,0.75,0.0,1500.0,0.0,6.3
1225.0,2026-05-06T03:38:37.246693+00:00,76.0852,-0.047,96.6763,-0.0141,0.75,0.0,1500.0,0.0,6.2488
1225.5,2026-05-06T03:38:37.739688+00:00,75.9382,-0.0998,96.7512,-0.0108,0.75,0.0,1500.0,0.0,6.275
1226.0,2026-05-06T03:38:38.239504+00:00,76.0798,0.0506,96.9245,-0.0469,0.75,0.0,1500.0,0.0,6.2878
1226.5,2026-05-06T03:38:38.739443+00:00,75.934,-0.0884,96.9419,-0.036,0.75,0.0,1500.0,0.0,6.294
1227.0,2026-05-06T03:38:39.239434+00:00,75.9493,-0.0679,97.0711,-0.0277,0.75,0.0,1500.0,0.0,6.2971
1227.50025,2026-05-06T03:38:39.747941+00:00,75.961,0.0114,97.0546,-0.0521,0.75,0.0,1500.0,0.0,6.2986
1228.0,2026-05-06T03:38:40.239518+00:00,75.97,-0.0549,97.042,0.1219,0.75,0.0,1500.0,0.0,6.2993
1228.5,2026-05-06T03:38:40.739504+00:00,76.1042,0.0851,97.0323,0.0937,0.75,0.0,1500.0,0.0,6.2997
1229.0,2026-05-06T03:38:41.239600+00:00,76.2074,0.129,97.0248,0.0334,0.75,0.0,1500.0,0.0,6.2998
1229.5,2026-05-06T03:38:41.739961+00:00,76.0321,0.0356,97.0191,0.0257,0.75,0.0,1500.0,0.0,6.2999
1230.0,2026-05-06T03:38:42.246545+00:00,76.0247,0.0273,97.1304,0.0198,0.75,0.0,1500.0,0.0,6.2488
1230.5,2026-05-06T03:38:42.739413+00:00,75.8917,-0.1063,96.9845,-0.0234,0.75,0.0,1500.0,0.0,6.275
1231.0,2026-05-06T03:38:43.239517+00:00,75.9168,-0.1453,97.2195,0.0592,0.75,0.0,1500.0,0.0,6.2878
1231.5,2026-05-06T03:38:43.742452+00:00,75.936,-0.0481,97.1687,0.0455,0.75,0.0,1500.0,0.0,6.294
1232.0,2026-05-06T03:38:44.239444+00:00,76.2054,0.0903,97.1297,0.035,0.75,0.0,1500.0,0.0,6.2971
1232.5,2026-05-06T03:38:44.744492+00:00,76.0306,0.0694,97.0997,0.0269,0.75,0.0,1500.0,0.0,6.2986
1233.0,2026-05-06T03:38:45.239433+00:00,76.0235,0.0534,97.0766,-0.0179,0.75,0.0,1500.0,0.0,6.2993
1233.5,2026-05-06T03:38:45.739467+00:00,76.1453,0.1047,97.1746,0.0634,0.75,0.0,1500.0,0.0,6.2997
1234.0,2026-05-06T03:38:46.240130+00:00,76.1117,-0.0468,97.3656,0.0487,0.75,0.0,1500.0,0.0,6.2998
1234.5,2026-05-06T03:38:46.739442+00:00,76.0859,0.0276,97.281,0.0374,0.75,0.0,1500.0,0.0,6.2999
1235.0,2026-05-06T03:38:47.248002+00:00,76.066,0.0212,97.3317,0.0673,0.75,0.0,1500.0,0.0,6.3
1235.5,2026-05-06T03:38:47.739451+00:00,76.178,0.0163,97.2549,0.0518,0.75,0.0,1500.0,0.0,6.3
1236.0,2026-05-06T03:38:48.239428+00:00,75.8823,-0.1147,97.3116,0.0783,0.75,0.0,1500.0,0.0,6.3
1236.5,2026-05-06T03:38:48.740469+00:00,76.0368,-0.0245,97.3552,0.0602,0.75,0.0,1500.0,0.0,6.3
1237.0,2026-05-06T03:38:49.239453+00:00,76.0283,-0.0189,97.273,-0.0309,0.75,0.0,1500.0,0.0,6.3
1237.5,2026-05-06T03:38:49.746309+00:00,76.0217,-0.0781,97.3255,0.0149,0.75,0.0,1500.0,0.0,6.3
1238.0,2026-05-06T03:38:50.239455+00:00,76.0167,0.0672,97.2502,-0.0271,0.75,0.0,1500.0,0.0,6.3
1238.5,2026-05-06T03:38:50.739471+00:00,75.8856,-0.0756,97.308,0.0177,0.75,0.0,1500.0,0.0,6.2488
1239.0,2026-05-06T03:38:51.239506+00:00,75.7848,-0.1217,97.3524,0.0136,0.75,0.0,1500.0,0.0,6.2238
1239.5,2026-05-06T03:38:51.739438+00:00,75.8346,-0.0936,97.1552,-0.0667,0.75,0.0,1500.0,0.0,6.2116
1240.0,2026-05-06T03:38:52.245114+00:00,75.6183,-0.1992,97.1193,-0.0512,0.75,0.0,1500.0,0.0,6.2057
1240.5,2026-05-06T03:38:52.740516+00:00,75.7066,-0.0895,97.0917,-0.078,0.75,0.0,1500.0,0.0,6.254
1241.0,2026-05-06T03:38:53.239436+00:00,75.7745,-0.0051,97.1862,-0.0214,0.75,0.0,1500.0,0.0,6.2775
1241.5,2026-05-06T03:38:53.740455+00:00,75.8267,-0.0039,97.0505,-0.0858,0.75,0.0,1500.0,0.0,6.289
1242.0,2026-05-06T03:38:54.239437+00:00,75.8668,0.1242,97.0388,-0.1045,0.75,0.0,1500.0,0.0,6.2947
1242.5,2026-05-06T03:38:54.746491+00:00,75.8976,0.0955,97.1455,-0.0032,0.75,0.0,1500.0,0.0,6.2974
1243.0,2026-05-06T03:38:55.239490+00:00,75.794,0.0098,97.1119,-0.0025,0.75,0.0,1500.0,0.0,6.2987
1243.5,2026-05-06T03:38:55.739422+00:00,75.7144,-0.0561,96.9703,-0.0405,0.75,0.0,1500.0,0.0,6.2994
1244.0,2026-05-06T03:38:56.240673+00:00,75.7805,-0.0431,97.0929,-0.0311,0.75,0.0,1500.0,0.0,6.2997
1244.500676,2026-05-06T03:38:56.740313+00:00,75.9586,0.0305,97.0714,0.0069,0.75,0.0,1500.0,0.0,6.2999
1245.0,2026-05-06T03:38:57.244869+00:00,75.7136,-0.0402,97.1474,0.0362,0.75,0.0,1500.0,0.0,6.2999
1245.5,2026-05-06T03:38:57.739712+00:00,75.9072,0.0964,97.229,0.0278,0.75,0.0,1500.0,0.0,6.3
1246.0,2026-05-06T03:38:58.239428+00:00,76.0559,0.1377,97.176,0.0214,0.75,0.0,1500.0,0.0,6.3
1246.5,2026-05-06T03:38:58.739760+00:00,76.043,0.0422,97.1353,0.055,0.75,0.0,1500.0,0.0,6.3
1247.0,2026-05-06T03:38:59.240359+00:00,75.9058,0.0961,97.2197,0.0423,0.75,0.0,1500.0,0.0,6.3
1247.5,2026-05-06T03:38:59.746564+00:00,76.0548,0.0738,97.1688,0.0325,0.75,0.0,1500.0,0.0,6.3
1248.0,2026-05-06T03:39:00.239607+00:00,76.0421,-0.0069,96.9909,-0.0522,0.75,0.0,1500.0,0.0,6.3
1248.5,2026-05-06T03:39:00.740026+00:00,76.1597,0.0583,96.993,-0.0787,0.75,0.0,1500.0,0.0,6.3
1249.0,2026-05-06T03:39:01.240116+00:00,76.25,0.1721,96.9946,-0.0605,0.75,0.0,1500.0,0.0,6.3
1249.5,2026-05-06T03:39:01.739439+00:00,75.9376,-0.0586,97.1116,-0.0079,0.75,0.0,1500.0,0.0,6.3
1250.0,2026-05-06T03:39:02.245966+00:00,76.0793,0.0186,96.9701,-0.0832,0.75,0.0,1500.0,0.0,6.3
1250.5,2026-05-06T03:39:02.739439+00:00,75.8064,-0.1766,96.977,-0.064,0.75,0.0,1500.0,0.0,6.3
1251.0,2026-05-06T03:39:03.239460+00:00,75.8512,-0.1994,96.8666,-0.0414,0.75,0.0,1500.0,0.0,6.3512
1251.5,2026-05-06T03:39:03.739427+00:00,75.8856,-0.026,96.6661,-0.109,0.75,0.0,1500.0,0.0,6.3762
1252.0,2026-05-06T03:39:04.241588+00:00,75.9121,-0.0836,96.8359,-0.0529,0.75,0.0,1500.0,0.0,6.3884
1252.5,2026-05-06T03:39:04.748249+00:00,75.8052,-0.0006,96.6425,-0.1564,0.75,0.0,1500.0,0.0,6.3943
1253.0,2026-05-06T03:39:05.239427+00:00,75.5957,-0.1277,96.6095,-0.1202,0.75,0.0,1500.0,0.0,6.346
1253.5,2026-05-06T03:39:05.740528+00:00,75.562,-0.1618,96.5842,-0.1309,0.75,0.0,1500.0,0.0,6.3225
1254.0,2026-05-06T03:39:06.239580+00:00,75.6634,-0.1244,96.7961,-0.0235,0.75,0.0,1500.0,0.0,6.311
1254.5,2026-05-06T03:39:06.739470+00:00,75.614,-0.0956,96.8433,0.0591,0.75,0.0,1500.0,0.0,6.3053
1255.0,2026-05-06T03:39:07.246501+00:00,75.7033,0.0538,96.8795,0.0145,0.75,0.0,1500.0,0.0,6.3026
1255.5,2026-05-06T03:39:07.739483+00:00,75.6447,0.0413,96.6529,0.0035,0.75,0.0,1500.0,0.0,6.3525
1256.0,2026-05-06T03:39:08.239494+00:00,75.7269,0.0318,96.8489,0.0798,0.75,0.0,1500.0,0.0,6.3256
1256.5,2026-05-06T03:39:08.739458+00:00,75.5356,-0.0392,96.8839,0.0999,0.75,0.0,1500.0,0.0,6.3125
1257.0,2026-05-06T03:39:09.239435+00:00,75.7703,0.0335,96.795,-0.0004,0.75,0.0,1500.0,0.0,6.3061
1257.5,2026-05-06T03:39:09.745181+00:00,75.8235,0.0894,96.8425,-0.0003,0.75,0.0,1500.0,0.0,6.303
1258.0,2026-05-06T03:39:10.239464+00:00,75.737,0.0051,96.8558,-0.0079,0.75,0.0,1500.0,0.0,6.3527
1258.5,2026-05-06T03:39:10.739418+00:00,75.9252,0.1948,96.7735,0.0402,0.75,0.0,1500.0,0.0,6.3769
1259.0,2026-05-06T03:39:11.239430+00:00,75.9425,0.0861,96.9416,0.0309,0.75,0.0,1500.0,0.0,6.3887
1259.5,2026-05-06T03:39:11.740148+00:00,76.0831,0.1298,96.9551,0.0237,0.75,0.0,1500.0,0.0,6.3433
1260.0,2026-05-06T03:39:12.347951+00:00,76.1911,0.227,96.9655,0.0568,0.75,0.0,1500.0,0.0,6.3211
1260.5,2026-05-06T03:39:12.739486+00:00,76.0196,0.0472,97.2049,0.1208,0.75,0.0,1500.0,0.0,6.3103
1261.0,2026-05-06T03:39:13.239505+00:00,75.8878,-0.0273,97.1575,0.1006,0.75,0.0,1500.0,0.0,6.305
1261.5,2026-05-06T03:39:13.739414+00:00,75.7865,-0.1483,97.2367,0.1544,0.75,0.0,1500.0,0.0,6.3025
1262.0,2026-05-06T03:39:14.239431+00:00,75.5814,-0.3049,97.2976,0.1187,0.75,0.0,1500.0,0.0,6.3012
1262.5,2026-05-06T03:39:14.745742+00:00,75.551,-0.2343,97.3445,0.1298,0.75,0.0,1500.0,0.0,6.3006
1263.0,2026-05-06T03:39:15.239855+00:00,75.6549,-0.1165,97.3805,0.1383,0.75,0.0,1500.0,0.0,6.3003
1263.5,2026-05-06T03:39:15.739443+00:00,75.7347,-0.0259,97.2924,0.0292,0.75,0.0,1500.0,0.0,6.3001
1264.0,2026-05-06T03:39:16.239454+00:00,75.7961,0.1074,97.3405,0.061,0.75,0.0,1500.0,0.0,6.3001
1264.5,2026-05-06T03:39:16.739853+00:00,75.5888,0.0189,97.3774,0.0469,0.75,0.0,1500.0,0.0,6.3
1265.0,2026-05-06T03:39:17.246344+00:00,75.8112,0.0782,97.0355,-0.0874,0.75,0.0,1500.0,0.0,6.2488
1265.5,2026-05-06T03:39:17.740575+00:00,75.8549,0.0601,97.143,-0.0672,0.75,0.0,1500.0,0.0,6.275
1266.0,2026-05-06T03:39:18.242221+00:00,76.0157,0.1098,97.1099,-0.0902,0.75,0.0,1500.0,0.0,6.2878
1266.5,2026-05-06T03:39:18.739429+00:00,75.8848,0.148,96.8531,-0.1465,0.75,0.0,1500.0,0.0,6.2941
1267.0,2026-05-06T03:39:19.239473+00:00,75.9115,0.0501,96.8639,-0.1588,0.75,0.0,1500.0,0.0,6.2971
1267.5,2026-05-06T03:39:19.749974+00:00,75.932,0.0385,96.8954,-0.1607,0.75,0.0,1500.0,0.0,6.2986
1268.0,2026-05-06T03:39:20.239432+00:00,75.9477,-0.034,96.8039,-0.0772,0.75,0.0,1500.0,0.0,6.2993
1268.5,2026-05-06T03:39:20.739694+00:00,75.7053,-0.0898,96.7336,-0.1365,0.75,0.0,1500.0,0.0,6.2997
1269.0,2026-05-06T03:39:21.239453+00:00,75.7735,-0.069,96.7027,-0.1357,0.75,0.0,1500.0,0.0,6.2998
1269.5,2026-05-06T03:39:21.739770+00:00,75.8259,-0.053,96.8872,0.0114,0.75,0.0,1500.0,0.0,6.2999
1270.0,2026-05-06T03:39:22.246095+00:00,75.7389,-0.1044,97.029,0.055,0.75,0.0,1500.0,0.0,6.3
1270.5,2026-05-06T03:39:22.739457+00:00,75.7993,0.047,97.0223,0.0423,0.75,0.0,1500.0,0.0,6.3
1271.0,2026-05-06T03:39:23.239430+00:00,75.7185,-0.0275,97.1328,0.1096,0.75,0.0,1500.0,0.0,6.3
1271.5,2026-05-06T03:39:23.741820+00:00,75.7836,-0.0211,97.1252,0.1305,0.75,0.0,1500.0,0.0,6.3
1272.0,2026-05-06T03:39:24.239430+00:00,75.8337,0.0474,97.212,0.1698,0.75,0.0,1500.0,0.0,6.3
1272.5,2026-05-06T03:39:24.744247+00:00,75.7449,-0.0272,97.1629,0.0919,0.75,0.0,1500.0,0.0,6.3
1273.0,2026-05-06T03:39:25.239440+00:00,75.6767,-0.0209,97.1252,0.0321,0.75,0.0,1500.0,0.0,6.2488
1273.5,2026-05-06T03:39:25.739438+00:00,75.6242,-0.0797,97.0962,0.0247,0.75,0.0,1500.0,0.0,6.2238
1274.0,2026-05-06T03:39:26.240678+00:00,75.7112,-0.0613,97.074,-0.0196,0.75,0.0,1500.0,0.0,6.2116
1274.5,2026-05-06T03:39:26.739432+00:00,75.778,0.0165,96.9412,-0.0614,0.75,0.0,1500.0,0.0,6.2057
1275.0,2026-05-06T03:39:27.251662+00:00,75.8294,0.0764,96.9548,-0.0857,0.75,0.0,1500.0,0.0,6.2028
1275.5,2026-05-06T03:39:27.739437+00:00,75.8689,0.1223,96.8264,-0.1122,0.75,0.0,1500.0,0.0,6.2526
1276.0,2026-05-06T03:39:28.239446+00:00,75.6447,-0.0333,96.4963,-0.2096,0.75,0.0,1500.0,0.0,6.2768
1276.5,2026-05-06T03:39:28.739408+00:00,75.5996,-0.0892,96.5203,-0.192,0.75,0.0,1500.0,0.0,6.2887
1277.0,2026-05-06T03:39:29.240374+00:00,75.565,-0.1322,96.747,-0.109,0.75,0.0,1500.0,0.0,6.2945
1277.5,2026-05-06T03:39:29.744129+00:00,75.4111,-0.2289,96.6899,-0.0838,0.75,0.0,1500.0,0.0,6.2973
1278.0,2026-05-06T03:39:30.239472+00:00,75.2928,-0.1759,96.7616,-0.0644,0.75,0.0,1500.0,0.0,6.2987
1278.5,2026-05-06T03:39:30.739878+00:00,75.4565,-0.0716,96.8168,-0.0032,0.75,0.0,1500.0,0.0,6.2994
1279.0,2026-05-06T03:39:31.240169+00:00,75.5823,0.0086,96.9749,0.1595,0.75,0.0,1500.0,0.0,6.2997
1279.5,2026-05-06T03:39:31.739477+00:00,75.5516,0.0703,97.0964,0.192,0.75,0.0,1500.0,0.0,6.2998
1280.0,2026-05-06T03:39:32.245457+00:00,75.4009,0.054,96.727,-0.0067,0.75,0.0,1500.0,0.0,6.2999
1280.5,2026-05-06T03:39:32.740288+00:00,75.5395,0.0415,96.6745,-0.0051,0.75,0.0,1500.0,0.0,6.3
1281.0,2026-05-06T03:39:33.239468+00:00,75.3915,-0.0954,96.6341,-0.0425,0.75,0.0,1500.0,0.0,6.3
1281.5,2026-05-06T03:39:33.739466+00:00,75.4051,-0.0733,96.2328,-0.1947,0.75,0.0,1500.0,0.0,6.3
1282.0,2026-05-06T03:39:34.239506+00:00,75.5427,0.0709,96.2715,-0.2345,0.75,0.0,1500.0,0.0,6.3
1282.5,2026-05-06T03:39:34.749930+00:00,75.6485,0.0545,96.3012,-0.2651,0.75,0.0,1500.0,0.0,6.3
1283.0,2026-05-06T03:39:35.239454+00:00,75.8571,0.2328,96.3472,-0.1266,0.75,0.0,1500.0,0.0,6.3
1283.5,2026-05-06T03:39:35.739461+00:00,75.8902,0.2426,96.614,-0.0202,0.75,0.0,1500.0,0.0,6.3
1284.0,2026-05-06T03:39:36.239508+00:00,75.7883,0.1228,96.7033,0.0231,0.75,0.0,1500.0,0.0,6.3
1284.5,2026-05-06T03:39:36.739427+00:00,75.8373,0.0944,96.6331,0.1334,0.75,0.0,1500.0,0.0,6.3
1285.0,2026-05-06T03:39:37.248181+00:00,75.7477,-0.0547,96.8337,0.1874,0.75,0.0,1500.0,0.0,6.2488
1285.5,2026-05-06T03:39:37.739435+00:00,75.5515,-0.1693,96.8491,0.1826,0.75,0.0,1500.0,0.0,6.275
1286.0,2026-05-06T03:39:38.239748+00:00,75.6553,-0.0665,96.6294,0.0941,0.75,0.0,1500.0,0.0,6.2878
1286.5,2026-05-06T03:39:38.742165+00:00,75.7351,-0.0511,96.7152,0.0337,0.75,0.0,1500.0,0.0,6.294
1287.0,2026-05-06T03:39:39.239520+00:00,75.6691,-0.0393,96.2952,-0.1361,0.75,0.0,1500.0,0.0,6.2971
1287.5,2026-05-06T03:39:39.747120+00:00,75.6184,0.0334,95.9955,-0.2126,0.75,0.0,1500.0,0.0,6.2986
1288.0,2026-05-06T03:39:40.239412+00:00,75.7067,0.0257,96.2279,-0.2019,0.75,0.0,1500.0,0.0,6.2993
1288.5,2026-05-06T03:39:40.739427+00:00,75.6473,-0.0439,96.152,-0.2323,0.75,0.0,1500.0,0.0,6.2997
1289.0,2026-05-06T03:39:41.239448+00:00,75.7289,0.0299,96.0243,-0.2017,0.75,0.0,1500.0,0.0,6.2998
1289.5,2026-05-06T03:39:41.739429+00:00,75.4098,-0.1043,96.1112,-0.2013,0.75,0.0,1500.0,0.0,6.2999
1290.0,2026-05-06T03:39:42.250365+00:00,75.6737,-0.0165,95.9698,-0.1085,0.75,0.0,1500.0,0.0,6.3
1290.5,2026-05-06T03:39:42.739633+00:00,75.7492,0.0509,95.9768,-0.0062,0.75,0.0,1500.0,0.0,6.3
1291.0,2026-05-06T03:39:43.239456+00:00,75.68,-0.0245,95.9822,-0.0819,0.75,0.0,1500.0,0.0,6.3
1291.5,2026-05-06T03:39:43.739513+00:00,75.754,0.1721,96.2177,0.0219,0.75,0.0,1500.0,0.0,6.3
1292.0,2026-05-06T03:39:44.239468+00:00,75.8109,0.0686,96.3987,0.1248,0.75,0.0,1500.0,0.0,6.3
1292.5,2026-05-06T03:39:44.745616+00:00,75.7274,-0.0109,96.5378,0.1422,0.75,0.0,1500.0,0.0,6.3
1293.0,2026-05-06T03:39:45.239754+00:00,75.7905,0.0553,96.6448,0.225,0.75,0.0,1500.0,0.0,6.3
1293.5,2026-05-06T03:39:45.739447+00:00,75.839,0.0425,96.4724,0.1652,0.75,0.0,1500.0,0.0,6.3
1294.0,2026-05-06T03:39:46.239430+00:00,75.749,-0.031,96.3631,0.127,0.75,0.0,1500.0,0.0,6.3
1294.5,2026-05-06T03:39:46.739447+00:00,75.8071,0.0398,96.3717,0.0513,0.75,0.0,1500.0,0.0,6.3
1295.0,2026-05-06T03:39:47.247642+00:00,75.8517,0.0306,96.17,-0.0763,0.75,0.0,1500.0,0.0,6.3
1295.5,2026-05-06T03:39:47.739449+00:00,75.886,0.0235,96.2463,-0.0972,0.75,0.0,1500.0,0.0,6.3
1296.0,2026-05-06T03:39:48.239724+00:00,75.6579,-0.0456,96.305,-0.1133,0.75,0.0,1500.0,0.0,6.3
1296.5,2026-05-06T03:39:48.739576+00:00,75.6098,-0.0986,96.2344,-0.0793,0.75,0.0,1500.0,0.0,6.3
1297.0,2026-05-06T03:39:49.239403+00:00,75.4455,-0.2031,96.2959,-0.0224,0.75,0.0,1500.0,0.0,6.3
1297.5,2026-05-06T03:39:49.850664+00:00,75.7011,-0.0925,96.5745,0.0676,0.75,0.0,1500.0,0.0,6.3
1298.0,2026-05-06T03:39:50.239435+00:00,75.643,-0.0074,96.4184,0.0828,0.75,0.0,1500.0,0.0,6.3
1298.5,2026-05-06T03:39:50.740099+00:00,75.4711,-0.0693,96.4373,0.0637,0.75,0.0,1500.0,0.0,6.3
1299.0,2026-05-06T03:39:51.239492+00:00,75.5935,0.074,96.6832,0.1261,0.75,0.0,1500.0,0.0,6.3
1299.5,2026-05-06T03:39:51.739440+00:00,75.433,-0.1341,96.502,0.0892,0.75,0.0,1500.0,0.0,6.2488
1300.0,2026-05-06T03:39:52.247251+00:00,75.4369,-0.103,96.6172,0.1071,0.75,0.0,1500.0,0.0,6.2238
1300.5,2026-05-06T03:39:52.739984+00:00,75.44,-0.0156,96.5901,0.0052,0.75,0.0,1500.0,0.0,6.2628
1301.0,2026-05-06T03:39:53.239415+00:00,75.5695,-0.012,96.8006,0.1274,0.75,0.0,1500.0,0.0,6.2819
1301.5,2026-05-06T03:39:53.739500+00:00,75.6692,0.1181,96.8468,0.1365,0.75,0.0,1500.0,0.0,6.2911
1302.0,2026-05-06T03:39:54.239417+00:00,75.7457,0.1544,96.5351,-0.0494,0.75,0.0,1500.0,0.0,6.2957
1302.5,2026-05-06T03:39:54.746579+00:00,75.6773,0.1187,96.6427,0.0469,0.75,0.0,1500.0,0.0,6.2979
1303.0,2026-05-06T03:39:55.239476+00:00,75.6247,0.0276,96.6097,-0.0025,0.75,0.0,1500.0,0.0,6.2478
1303.5,2026-05-06T03:39:55.739484+00:00,75.5843,-0.0424,96.3529,-0.0791,0.75,0.0,1500.0,0.0,6.2233
1304.0,2026-05-06T03:39:56.239882+00:00,75.5532,-0.0963,96.5026,-0.0993,0.75,0.0,1500.0,0.0,6.2114
1304.5,2026-05-06T03:39:56.741024+00:00,75.5293,-0.074,96.2706,-0.192,0.75,0.0,1500.0,0.0,6.2056
1305.0,2026-05-06T03:39:57.247430+00:00,75.6382,0.0068,96.3006,-0.0782,0.75,0.0,1500.0,0.0,6.2027
1305.5,2026-05-06T03:39:57.739522+00:00,75.5947,0.0052,96.4624,-0.0601,0.75,0.0,1500.0,0.0,6.2013
1306.0,2026-05-06T03:39:58.239457+00:00,75.5612,0.004,96.5868,-0.0076,0.75,0.0,1500.0,0.0,6.2006
1306.5,2026-05-06T03:39:58.739440+00:00,75.6627,0.0667,96.5436,0.0636,0.75,0.0,1500.0,0.0,6.2003
1307.0,2026-05-06T03:39:59.239432+00:00,75.6135,-0.0124,96.7649,0.0874,0.75,0.0,1500.0,0.0,6.2002
1307.5,2026-05-06T03:39:59.747702+00:00,75.5757,-0.0095,96.8193,0.1829,0.75,0.0,1500.0,0.0,6.2001
1308.0,2026-05-06T03:40:00.239449+00:00,75.5466,-0.0073,96.9768,0.2254,0.75,0.0,1500.0,0.0,6.2
1308.5,2026-05-06T03:40:00.740105+00:00,75.2697,-0.1965,97.0979,0.2118,0.75,0.0,1500.0,0.0,6.2
1309.0,2026-05-06T03:40:01.239462+00:00,75.1842,-0.2147,97.1909,0.2014,0.75,0.0,1500.0,0.0,6.2
1309.5,2026-05-06T03:40:01.739412+00:00,75.1184,-0.2286,97.1467,0.2011,0.75,0.0,1500.0,0.0,6.2
1310.0,2026-05-06T03:40:02.246364+00:00,75.1951,-0.1757,97.1128,0.116,0.75,0.0,1500.0,0.0,6.2
1310.5,2026-05-06T03:40:02.739426+00:00,75.2541,-0.0078,96.6239,-0.0651,0.75,0.0,1500.0,0.0,6.2512
1311.0,2026-05-06T03:40:03.239440+00:00,75.4267,0.1213,96.4795,-0.1658,0.75,0.0,1500.0,0.0,6.2762
1311.5,2026-05-06T03:40:03.739410+00:00,75.5594,0.2205,96.4611,-0.2123,0.75,0.0,1500.0,0.0,6.2884
1312.0,2026-05-06T03:40:04.239434+00:00,75.5341,0.1695,96.2387,-0.3174,0.75,0.0,1500.0,0.0,6.2943
1312.5,2026-05-06T03:40:04.746055+00:00,75.5146,0.1303,96.4149,-0.244,0.75,0.0,1500.0,0.0,6.2972
1313.0,2026-05-06T03:40:05.239483+00:00,75.4997,0.0365,96.666,-0.1489,0.75,0.0,1500.0,0.0,6.2474
1313.5,2026-05-06T03:40:05.741279+00:00,75.4882,-0.0356,96.859,0.0784,0.75,0.0,1500.0,0.0,6.2232
1314.0,2026-05-06T03:40:06.239457+00:00,75.4793,-0.0274,96.8916,0.1374,0.75,0.0,1500.0,0.0,6.2113
1314.5,2026-05-06T03:40:06.739437+00:00,75.4725,-0.021,96.801,0.1133,0.75,0.0,1500.0,0.0,6.2055
1315.0,2026-05-06T03:40:07.246292+00:00,75.5946,0.0475,96.7082,0.1565,0.75,0.0,1500.0,0.0,6.2027
1315.5,2026-05-06T03:40:07.739503+00:00,75.6884,0.1001,96.6369,0.074,0.75,0.0,1500.0,0.0,6.2525
1316.0,2026-05-06T03:40:08.239635+00:00,75.6332,0.077,96.6052,-0.0203,0.75,0.0,1500.0,0.0,6.2768
1316.5,2026-05-06T03:40:08.739437+00:00,75.5908,0.0591,96.5577,-0.1004,0.75,0.0,1500.0,0.0,6.2887
1317.0,2026-05-06T03:40:09.240524+00:00,75.6855,0.0455,96.7758,-0.0386,0.75,0.0,1500.0,0.0,6.2945
1317.5,2026-05-06T03:40:09.748734+00:00,75.631,-0.0287,96.5963,-0.0682,0.75,0.0,1500.0,0.0,6.2973
1318.0,2026-05-06T03:40:10.239664+00:00,75.5891,-0.0221,96.6897,-0.0062,0.75,0.0,1500.0,0.0,6.2987
1318.5,2026-05-06T03:40:10.739428+00:00,75.5569,-0.017,96.7615,0.0415,0.75,0.0,1500.0,0.0,6.2994
1319.0,2026-05-06T03:40:11.239448+00:00,75.4049,-0.1403,96.5621,-0.0144,0.75,0.0,1500.0,0.0,6.2997
1319.5,2026-05-06T03:40:11.739500+00:00,75.2881,-0.1715,96.8949,0.1124,0.75,0.0,1500.0,0.0,6.2998
1320.0,2026-05-06T03:40:12.246311+00:00,75.3256,-0.1318,96.896,0.0401,0.75,0.0,1500.0,0.0,6.2999
1320.5,2026-05-06T03:40:12.740048+00:00,75.2271,-0.1649,96.6656,0.0231,0.75,0.0,1500.0,0.0,6.3
1321.0,2026-05-06T03:40:13.239474+00:00,75.2787,-0.0631,96.7198,0.01,0.75,0.0,1500.0,0.0,6.3
1321.5,2026-05-06T03:40:13.740387+00:00,75.3183,0.0151,96.6689,-0.0308,0.75,0.0,1500.0,0.0,6.3
1322.0,2026-05-06T03:40:14.240106+00:00,75.3488,0.0116,96.491,-0.0237,0.75,0.0,1500.0,0.0,6.3
1322.5,2026-05-06T03:40:14.745806+00:00,75.2449,0.0089,96.6088,-0.0954,0.75,0.0,1500.0,0.0,6.3
1323.0,2026-05-06T03:40:15.239495+00:00,75.2924,0.0069,96.4679,-0.1427,0.75,0.0,1500.0,0.0,6.3
1323.5,2026-05-06T03:40:15.740459+00:00,75.4561,0.0689,96.3828,-0.0943,0.75,0.0,1500.0,0.0,6.3
1324.0,2026-05-06T03:40:16.239433+00:00,75.582,0.1166,96.5256,-0.0647,0.75,0.0,1500.0,0.0,6.3
1324.5,2026-05-06T03:40:16.743789+00:00,75.6787,0.2169,96.6354,-0.0112,0.75,0.0,1500.0,0.0,6.3
1325.0,2026-05-06T03:40:17.248642+00:00,75.6258,0.1667,96.6041,0.0377,0.75,0.0,1500.0,0.0,6.3
1325.5,2026-05-06T03:40:17.739458+00:00,75.4578,0.0009,96.8114,0.0675,0.75,0.0,1500.0,0.0,6.3
1326.0,2026-05-06T03:40:18.239476+00:00,75.3288,-0.1266,96.855,0.129,0.75,0.0,1500.0,0.0,6.3
1326.500001,2026-05-06T03:40:18.740120+00:00,75.4841,-0.0973,96.8886,0.1686,0.75,0.0,1500.0,0.0,6.3
1327.0,2026-05-06T03:40:19.239689+00:00,75.3489,-0.1384,97.1458,0.2067,0.75,0.0,1500.0,0.0,6.3
1327.5,2026-05-06T03:40:19.746198+00:00,75.3723,-0.0428,96.9963,0.1203,0.75,0.0,1500.0,0.0,6.3
1328.0,2026-05-06T03:40:20.240340+00:00,75.6448,0.158,97.2286,0.2082,0.75,0.0,1500.0,0.0,6.3
1328.5,2026-05-06T03:40:20.746038+00:00,75.727,0.1215,97.06,0.0829,0.75,0.0,1500.0,0.0,6.3
1329.0,2026-05-06T03:40:21.239790+00:00,75.5356,0.0934,97.0461,0.0637,0.75,0.0,1500.0,0.0,6.3
1329.5,2026-05-06T03:40:21.739486+00:00,75.6431,0.1354,97.1511,0.0875,0.75,0.0,1500.0,0.0,6.3
1330.0,2026-05-06T03:40:22.247754+00:00,75.4711,-0.0868,97.1162,-0.0099,0.75,0.0,1500.0,0.0,6.3
1330.5,2026-05-06T03:40:22.740144+00:00,75.5935,-0.0667,97.205,0.0696,0.75,0.0,1500.0,0.0,6.3
1331.0,2026-05-06T03:40:23.241541+00:00,75.433,-0.0513,97.2732,0.0149,0.75,0.0,1500.0,0.0,6.3
1331.5,2026-05-06T03:40:23.739844+00:00,75.3097,-0.1667,97.21,0.05,0.75,0.0,1500.0,0.0,6.3
1332.0,2026-05-06T03:40:24.239480+00:00,75.3422,-0.0645,97.0457,-0.0001,0.75,0.0,1500.0,0.0,6.3
1332.5,2026-05-06T03:40:24.745851+00:00,75.1126,-0.2405,97.1508,-0.0001,0.75,0.0,1500.0,0.0,6.3
1333.0,2026-05-06T03:40:25.239429+00:00,75.1907,-0.1212,97.1159,-0.0001,0.75,0.0,1500.0,0.0,6.3
1333.5,2026-05-06T03:40:25.739816+00:00,75.2507,-0.0295,97.2048,-0.0001,0.75,0.0,1500.0,0.0,6.3
1334.0,2026-05-06T03:40:26.240474+00:00,75.4241,0.041,97.1574,-0.0386,0.75,0.0,1500.0,0.0,6.3
1334.5,2026-05-06T03:40:26.739441+00:00,75.5573,0.2224,97.121,-0.0297,0.75,0.0,1500.0,0.0,6.3
1335.0,2026-05-06T03:40:27.245194+00:00,75.4052,0.1073,97.093,0.0158,0.75,0.0,1500.0,0.0,6.3
1335.5,2026-05-06T03:40:27.739433+00:00,75.2883,0.0188,96.7244,-0.1422,0.75,0.0,1500.0,0.0,6.3
1336.0,2026-05-06T03:40:28.239416+00:00,75.3257,-0.0492,96.7882,-0.1093,0.75,0.0,1500.0,0.0,6.3
1336.5,2026-05-06T03:40:28.740035+00:00,75.3545,-0.1014,96.7215,-0.1611,0.75,0.0,1500.0,0.0,6.3
1337.0,2026-05-06T03:40:29.239427+00:00,75.3766,-0.0143,96.6471,-0.1701,0.75,0.0,1500.0,0.0,6.3
1337.5,2026-05-06T03:40:29.746448+00:00,75.3936,0.0526,96.6131,-0.1693,0.75,0.0,1500.0,0.0,6.3
1338.0,2026-05-06T03:40:30.239609+00:00,75.5339,0.1041,96.7026,-0.1301,0.75,0.0,1500.0,0.0,6.3
1338.5,2026-05-06T03:40:30.739505+00:00,75.769,0.2073,97.0028,0.0928,0.75,0.0,1500.0,0.0,6.3
1339.0,2026-05-06T03:40:31.239433+00:00,75.9497,0.2866,97.0022,0.0713,0.75,0.0,1500.0,0.0,6.3
1339.5,2026-05-06T03:40:31.739426+00:00,75.9614,0.2839,96.886,0.0548,0.75,0.0,1500.0,0.0,6.3
1340.0,2026-05-06T03:40:32.245259+00:00,75.9703,0.2182,97.028,0.127,0.75,0.0,1500.0,0.0,6.3
1340.5,2026-05-06T03:40:32.739466+00:00,75.8499,0.0404,96.8827,0.0899,0.75,0.0,1500.0,0.0,6.3512
1341.0,2026-05-06T03:40:33.239440+00:00,75.8846,-0.0326,97.0024,0.0999,0.75,0.0,1500.0,0.0,6.3762
1341.5,2026-05-06T03:40:33.739473+00:00,75.7841,-0.0887,97.1176,0.0382,0.75,0.0,1500.0,0.0,6.3884
1342.0,2026-05-06T03:40:34.239406+00:00,75.4522,-0.259,96.9747,-0.0092,0.75,0.0,1500.0,0.0,6.3943
1342.5,2026-05-06T03:40:34.745314+00:00,75.3244,-0.2627,97.0962,0.0701,0.75,0.0,1500.0,0.0,6.3972
1343.0,2026-05-06T03:40:35.239488+00:00,75.4808,-0.2019,96.8426,-0.0618,0.75,0.0,1500.0,0.0,6.3474
1343.5,2026-05-06T03:40:35.739419+00:00,75.4736,-0.1552,96.5319,-0.1169,0.75,0.0,1500.0,0.0,6.3232
1344.0,2026-05-06T03:40:36.239432+00:00,75.4682,0.008,96.7559,-0.0822,0.75,0.0,1500.0,0.0,6.3113
1344.5,2026-05-06T03:40:36.739507+00:00,75.464,0.0698,96.9281,-0.0632,0.75,0.0,1500.0,0.0,6.3055
1345.0,2026-05-06T03:40:37.245147+00:00,75.4607,-0.01,96.9447,-0.01,0.75,0.0,1500.0,0.0,6.3027
1345.5,2026-05-06T03:40:37.739507+00:00,75.331,-0.0713,96.9575,-0.0462,0.75,0.0,1500.0,0.0,6.3525
1346.0,2026-05-06T03:40:38.239513+00:00,75.4858,0.0088,96.9674,0.0416,0.75,0.0,1500.0,0.0,6.3256
1346.5,2026-05-06T03:40:38.739438+00:00,75.4775,0.0068,97.2063,0.2248,0.75,0.0,1500.0,0.0,6.3125
1347.0,2026-05-06T03:40:39.239455+00:00,75.5984,0.0688,97.2743,0.1728,0.75,0.0,1500.0,0.0,6.3061
1347.5,2026-05-06T03:40:39.747844+00:00,75.3095,-0.0107,97.0951,0.0557,0.75,0.0,1500.0,0.0,6.303
1348.0,2026-05-06T03:40:40.239428+00:00,75.342,-0.0719,97.1888,0.0814,0.75,0.0,1500.0,0.0,6.3015
1348.5,2026-05-06T03:40:40.739922+00:00,75.367,-0.0552,97.1451,0.0625,0.75,0.0,1500.0,0.0,6.3007
1349.0,2026-05-06T03:40:41.239506+00:00,75.259,-0.1697,96.9958,0.0095,0.75,0.0,1500.0,0.0,6.3003
1349.5,2026-05-06T03:40:41.740323+00:00,75.3032,-0.0032,96.9968,-0.0698,0.75,0.0,1500.0,0.0,6.3002
1350.0,2026-05-06T03:40:42.247307+00:00,75.3371,-0.0024,96.8818,-0.1308,0.75,0.0,1500.0,0.0,6.3001
1350.5,2026-05-06T03:40:42.739522+00:00,75.3633,-0.0019,97.0249,-0.0234,0.75,0.0,1500.0,0.0,6.3
1351.0,2026-05-06T03:40:43.239471+00:00,75.3833,0.0622,97.0191,-0.0566,0.75,0.0,1500.0,0.0,6.3
1351.5,2026-05-06T03:40:43.739451+00:00,75.3988,0.0478,96.899,-0.082,0.75,0.0,1500.0,0.0,6.3
1352.0,2026-05-06T03:40:44.240717+00:00,75.4106,0.0367,97.0381,0.0141,0.75,0.0,1500.0,0.0,6.3
1352.5,2026-05-06T03:40:44.751445+00:00,75.4197,0.0282,97.145,0.0494,0.75,0.0,1500.0,0.0,6.3
1353.0,2026-05-06T03:40:45.239445+00:00,75.4267,0.0217,97.1114,0.0765,0.75,0.0,1500.0,0.0,6.3
1353.5,2026-05-06T03:40:45.739801+00:00,75.3048,-0.047,97.0856,0.0203,0.75,0.0,1500.0,0.0,6.3
1354.0,2026-05-06T03:40:46.239457+00:00,75.3384,-0.0361,96.927,-0.0307,0.75,0.0,1500.0,0.0,6.3
1354.5,2026-05-06T03:40:46.739417+00:00,75.3643,-0.0277,97.0596,0.0535,0.75,0.0,1500.0,0.0,6.3
1355.0,2026-05-06T03:40:47.245805+00:00,75.2568,-0.085,97.1615,0.0411,0.75,0.0,1500.0,0.0,6.3
1355.5,2026-05-06T03:40:47.740354+00:00,75.4288,0.062,97.1241,-0.0069,0.75,0.0,1500.0,0.0,6.3
1356.0,2026-05-06T03:40:48.239431+00:00,75.3064,-0.016,97.0954,-0.0053,0.75,0.0,1500.0,0.0,6.3
1356.5,2026-05-06T03:40:48.739475+00:00,75.4669,0.0513,96.8419,-0.0812,0.75,0.0,1500.0,0.0,6.3
1357.0,2026-05-06T03:40:49.239449+00:00,75.463,0.1031,96.624,-0.101,0.75,0.0,1500.0,0.0,6.3
1357.5,2026-05-06T03:40:49.745489+00:00,75.3327,-0.048,96.711,-0.1162,0.75,0.0,1500.0,0.0,6.3
1358.0,2026-05-06T03:40:50.242045+00:00,75.4871,0.0904,96.6622,-0.1664,0.75,0.0,1500.0,0.0,6.3
1358.5,2026-05-06T03:40:50.739423+00:00,75.6058,0.0694,96.856,-0.0894,0.75,0.0,1500.0,0.0,6.3
1359.0,2026-05-06T03:40:51.239418+00:00,75.4425,-0.0103,96.8893,-0.0687,0.75,0.0,1500.0,0.0,6.3
1359.5,2026-05-06T03:40:51.745393+00:00,75.4442,0.0557,96.915,0.0243,0.75,0.0,1500.0,0.0,6.3
1360.0,2026-05-06T03:40:52.244900+00:00,75.5728,0.0428,97.0503,0.1421,0.75,0.0,1500.0,0.0,6.3
1360.5,2026-05-06T03:40:52.740258+00:00,75.6717,0.0329,97.1544,0.1478,0.75,0.0,1500.0,0.0,6.3
1361.0,2026-05-06T03:40:53.239444+00:00,75.4931,0.0253,96.9104,0.0827,0.75,0.0,1500.0,0.0,6.3
1361.5,2026-05-06T03:40:53.739443+00:00,75.3559,-0.0442,96.6997,-0.0521,0.75,0.0,1500.0,0.0,6.3
1362.0,2026-05-06T03:40:54.240000+00:00,75.3776,-0.0976,96.6535,-0.0786,0.75,0.0,1500.0,0.0,6.3
1362.5,2026-05-06T03:40:54.747646+00:00,75.2671,-0.2023,96.3866,-0.1761,0.75,0.0,1500.0,0.0,6.3
1363.0,2026-05-06T03:40:55.239430+00:00,75.4367,-0.0282,96.6442,-0.1354,0.75,0.0,1500.0,0.0,6.3
1363.5,2026-05-06T03:40:55.740672+00:00,75.4398,0.042,96.7266,-0.1426,0.75,0.0,1500.0,0.0,6.3
1364.0,2026-05-06T03:40:56.239438+00:00,75.4421,0.0322,96.651,-0.0865,0.75,0.0,1500.0,0.0,6.3
1364.5,2026-05-06T03:40:56.740615+00:00,75.3167,0.0248,96.6161,-0.0279,0.75,0.0,1500.0,0.0,6.3
1365.0,2026-05-06T03:40:57.245773+00:00,75.093,-0.1719,96.5661,-0.0292,0.75,0.0,1500.0,0.0,6.3
1365.5,2026-05-06T03:40:57.741705+00:00,75.0483,-0.1957,96.6665,0.0933,0.75,0.0,1500.0,0.0,6.3
1366.0,2026-05-06T03:40:58.239476+00:00,75.014,-0.2141,96.5123,-0.044,0.75,0.0,1500.0,0.0,6.3
1366.5,2026-05-06T03:40:58.739420+00:00,75.1149,-0.1009,96.5094,-0.0724,0.75,0.0,1500.0,0.0,6.3
1367.0,2026-05-06T03:40:59.239414+00:00,75.3197,0.1134,96.6229,-0.0094,0.75,0.0,1500.0,0.0,6.3
1367.5,2026-05-06T03:40:59.747302+00:00,75.2226,0.0871,96.5945,-0.0072,0.75,0.0,1500.0,0.0,6.3
1368.0,2026-05-06T03:41:00.239437+00:00,75.1479,0.067,96.3412,-0.0749,0.75,0.0,1500.0,0.0,6.3512
1368.5,2026-05-06T03:41:00.739800+00:00,75.2178,0.0515,96.4705,-0.0653,0.75,0.0,1500.0,0.0,6.3762
1369.0,2026-05-06T03:41:01.239908+00:00,75.1443,-0.0877,96.593,0.0269,0.75,0.0,1500.0,0.0,6.3884
1369.5,2026-05-06T03:41:01.739930+00:00,75.0878,-0.0674,96.5715,0.0207,0.75,0.0,1500.0,0.0,6.3943
1370.0,2026-05-06T03:41:02.248544+00:00,75.1716,0.0118,96.7864,0.0545,0.75,0.0,1500.0,0.0,6.3972
1370.5,2026-05-06T03:41:02.739567+00:00,75.236,0.0091,96.8358,0.0804,0.75,0.0,1500.0,0.0,6.3986
1371.0,2026-05-06T03:41:03.239431+00:00,75.2855,0.0706,96.7581,0.139,0.75,0.0,1500.0,0.0,6.3993
1371.5,2026-05-06T03:41:03.739857+00:00,75.3236,0.1179,96.8141,0.1145,0.75,0.0,1500.0,0.0,6.3997
1372.0,2026-05-06T03:41:04.239462+00:00,75.2256,0.027,96.7414,0.0495,0.75,0.0,1500.0,0.0,6.3998
1372.5,2026-05-06T03:41:04.745256+00:00,75.1502,-0.0429,96.8012,0.0766,0.75,0.0,1500.0,0.0,6.3999
1373.0,2026-05-06T03:41:05.239459+00:00,75.0923,-0.0966,96.8472,0.0203,0.75,0.0,1500.0,0.0,6.4
1373.5,2026-05-06T03:41:05.739431+00:00,75.1751,-0.0742,96.7669,-0.023,0.75,0.0,1500.0,0.0,6.3488
1374.0,2026-05-06T03:41:06.239749+00:00,75.1114,-0.0571,96.9365,0.0595,0.75,0.0,1500.0,0.0,6.3238
1374.5,2026-05-06T03:41:06.739491+00:00,75.1898,0.0198,97.0669,0.0843,0.75,0.0,1500.0,0.0,6.3116
1375.0,2026-05-06T03:41:07.247141+00:00,75.1227,0.0152,97.0514,0.1033,0.75,0.0,1500.0,0.0,6.3057
1375.5,2026-05-06T03:41:07.739604+00:00,75.3257,0.0753,96.947,0.0486,0.75,0.0,1500.0,0.0,6.3028
1376.0,2026-05-06T03:41:08.242393+00:00,75.2272,0.0579,96.9592,0.0373,0.75,0.0,1500.0,0.0,6.3014
1376.5,2026-05-06T03:41:08.739402+00:00,75.1515,-0.0191,96.9687,0.0673,0.75,0.0,1500.0,0.0,6.3007
1377.0,2026-05-06T03:41:09.239453+00:00,75.2206,0.0489,97.0916,0.0517,0.75,0.0,1500.0,0.0,6.3003
1377.5,2026-05-06T03:41:09.746740+00:00,75.2737,-0.026,96.9316,-0.0451,0.75,0.0,1500.0,0.0,6.3002
1378.0,2026-05-06T03:41:10.239416+00:00,75.4417,0.1073,97.0631,0.0039,0.75,0.0,1500.0,0.0,6.3001
1378.5,2026-05-06T03:41:10.740154+00:00,75.3164,0.0824,96.9328,-0.0047,0.75,0.0,1500.0,0.0,6.3
1379.0,2026-05-06T03:41:11.239405+00:00,75.22,-0.0003,96.8327,-0.0422,0.75,0.0,1500.0,0.0,6.3
1379.5,2026-05-06T03:41:11.740167+00:00,75.2732,-0.0002,96.8714,-0.0324,0.75,0.0,1500.0,0.0,6.3
1380.0,2026-05-06T03:41:12.245013+00:00,75.1869,-0.1274,96.9011,-0.0635,0.75,0.0,1500.0,0.0,6.3
1380.5,2026-05-06T03:41:12.740076+00:00,75.1205,-0.0979,96.8083,-0.0411,0.75,0.0,1500.0,0.0,6.3
1381.0,2026-05-06T03:41:13.240023+00:00,75.324,0.052,96.8295,-0.0779,0.75,0.0,1500.0,0.0,6.3
1381.5,2026-05-06T03:41:13.739928+00:00,75.4804,0.1036,96.869,-0.0213,0.75,0.0,1500.0,0.0,6.3
1382.0,2026-05-06T03:41:14.239459+00:00,75.6007,0.2069,96.6679,-0.0549,0.75,0.0,1500.0,0.0,6.3
1382.5,2026-05-06T03:41:14.748692+00:00,75.5658,0.2227,96.6059,-0.0885,0.75,0.0,1500.0,0.0,6.3
1383.0,2026-05-06T03:41:15.239608+00:00,75.6663,0.1711,96.5583,-0.1143,0.75,0.0,1500.0,0.0,6.3
1383.5,2026-05-06T03:41:15.739412+00:00,75.6162,0.0679,96.4059,-0.1341,0.75,0.0,1500.0,0.0,6.3
1384.0,2026-05-06T03:41:16.239725+00:00,75.705,0.0522,96.5434,-0.0954,0.75,0.0,1500.0,0.0,6.3
1384.5,2026-05-06T03:41:16.740136+00:00,75.5187,-0.0235,96.6491,-0.0733,0.75,0.0,1500.0,0.0,6.3
1385.0,2026-05-06T03:41:17.245011+00:00,75.5028,-0.0817,96.4989,-0.0563,0.75,0.0,1500.0,0.0,6.3
1385.5,2026-05-06T03:41:17.739470+00:00,75.4906,-0.0628,96.4991,-0.0356,0.75,0.0,1500.0,0.0,6.3512
1386.0,2026-05-06T03:41:18.239939+00:00,75.3539,-0.1755,96.615,0.0189,0.75,0.0,1500.0,0.0,6.3762
1386.5,2026-05-06T03:41:18.739438+00:00,75.1216,-0.1986,96.4727,0.0223,0.75,0.0,1500.0,0.0,6.3884
1387.0,2026-05-06T03:41:19.239473+00:00,75.1976,-0.1526,96.5947,0.0171,0.75,0.0,1500.0,0.0,6.3943
1387.5,2026-05-06T03:41:19.745691+00:00,75.256,-0.1173,96.6654,0.0054,0.75,0.0,1500.0,0.0,6.3972
1388.0,2026-05-06T03:41:20.239447+00:00,75.3009,-0.0265,96.3726,-0.0421,0.75,0.0,1500.0,0.0,6.3474
1388.5,2026-05-06T03:41:20.740158+00:00,75.3354,0.1069,96.6103,0.0371,0.75,0.0,1500.0,0.0,6.3232
1389.0,2026-05-06T03:41:21.239486+00:00,75.2347,0.0185,96.7005,0.0285,0.75,0.0,1500.0,0.0,6.3113
1389.5,2026-05-06T03:41:21.739444+00:00,75.1572,-0.0494,96.2839,-0.063,0.75,0.0,1500.0,0.0,6.3055
1390.0,2026-05-06T03:41:22.244966+00:00,75.0977,-0.1016,96.5653,-0.0098,0.75,0.0,1500.0,0.0,6.3027
1390.5,2026-05-06T03:41:22.739493+00:00,75.1792,-0.0781,96.6659,0.0002,0.75,0.0,1500.0,0.0,6.3013
1391.0,2026-05-06T03:41:23.239496+00:00,75.1146,-0.06,96.3961,0.0078,0.75,0.0,1500.0,0.0,6.3006
1391.5,2026-05-06T03:41:23.739424+00:00,74.9377,-0.1098,96.6515,0.0137,0.75,0.0,1500.0,0.0,6.3003
1392.0,2026-05-06T03:41:24.239476+00:00,75.0562,-0.0207,96.6165,-0.028,0.75,0.0,1500.0,0.0,6.3002
1392.5,2026-05-06T03:41:24.747957+00:00,75.1473,-0.0159,96.4738,0.0633,0.75,0.0,1500.0,0.0,6.3001
1393.0,2026-05-06T03:41:25.239492+00:00,75.0901,-0.0122,96.7113,0.0487,0.75,0.0,1500.0,0.0,6.3
1393.5,2026-05-06T03:41:25.739453+00:00,75.1734,0.1179,96.6392,-0.0089,0.75,0.0,1500.0,0.0,6.3
1394.0,2026-05-06T03:41:26.239425+00:00,74.9829,-0.0367,96.4913,0.0317,0.75,0.0,1500.0,0.0,6.3
1394.5,2026-05-06T03:41:26.739586+00:00,74.9637,-0.0918,96.609,-0.0142,0.75,0.0,1500.0,0.0,6.3
1395.0,2026-05-06T03:41:27.246029+00:00,74.9489,-0.0706,96.6995,0.0277,0.75,0.0,1500.0,0.0,6.3
1395.5,2026-05-06T03:41:27.739877+00:00,74.9376,-0.1179,96.769,0.0984,0.75,0.0,1500.0,0.0,6.3
1396.0,2026-05-06T03:41:28.239481+00:00,75.1835,0.1003,96.9382,0.0756,0.75,0.0,1500.0,0.0,6.3
1396.5,2026-05-06T03:41:28.739438+00:00,75.3724,0.2044,96.9525,0.1044,0.75,0.0,1500.0,0.0,6.3
1397.0,2026-05-06T03:41:29.239449+00:00,75.3904,0.2207,97.0792,0.196,0.75,0.0,1500.0,0.0,6.3
1397.5,2026-05-06T03:41:29.746702+00:00,75.2769,0.1696,97.1766,0.1892,0.75,0.0,1500.0,0.0,6.3
1398.0,2026-05-06T03:41:30.239442+00:00,75.1897,0.0031,97.1357,0.1454,0.75,0.0,1500.0,0.0,6.3
1398.5,2026-05-06T03:41:30.739474+00:00,75.5045,0.066,97.3357,0.1889,0.75,0.0,1500.0,0.0,6.3
1399.0,2026-05-06T03:41:31.239495+00:00,75.3646,-0.0129,97.0266,0.0295,0.75,0.0,1500.0,0.0,6.3
1399.5,2026-05-06T03:41:31.739425+00:00,75.2571,-0.0099,97.1362,0.0612,0.75,0.0,1500.0,0.0,6.3
1400.0,2026-05-06T03:41:32.246581+00:00,75.429,0.1197,97.0815,0.0008,0.75,0.0,1500.0,0.0,6.3
1400.5,2026-05-06T03:41:32.739449+00:00,75.1793,-0.1626,96.8313,-0.1151,0.75,0.0,1500.0,0.0,6.3
1401.0,2026-05-06T03:41:33.239792+00:00,74.9874,-0.1886,96.8472,-0.0962,0.75,0.0,1500.0,0.0,6.3
1401.5,2026-05-06T03:41:33.739474+00:00,75.0945,-0.0813,96.7668,-0.1896,0.75,0.0,1500.0,0.0,6.3
1402.0,2026-05-06T03:41:34.242302+00:00,75.1767,-0.1261,96.5662,-0.1535,0.75,0.0,1500.0,0.0,6.3
1402.5,2026-05-06T03:41:34.746914+00:00,74.9854,-0.0969,96.4352,-0.2336,0.75,0.0,1500.0,0.0,6.3
1403.0,2026-05-06T03:41:35.239460+00:00,75.0929,0.0528,96.4271,-0.2181,0.75,0.0,1500.0,0.0,6.3
1403.5,2026-05-06T03:41:35.739464+00:00,75.3028,0.1042,96.4208,-0.1368,0.75,0.0,1500.0,0.0,6.3
1404.0,2026-05-06T03:41:36.239463+00:00,75.3369,0.0801,96.416,-0.1437,0.75,0.0,1500.0,0.0,6.3
1404.5,2026-05-06T03:41:36.739721+00:00,75.2358,0.1252,96.4123,-0.1182,0.75,0.0,1500.0,0.0,6.3
1405.0,2026-05-06T03:41:37.248003+00:00,75.1581,0.0326,96.3169,-0.0831,0.75,0.0,1500.0,0.0,6.3
1405.5,2026-05-06T03:41:37.739418+00:00,74.9711,-0.1659,96.2204,-0.0716,0.75,0.0,1500.0,0.0,6.3
1406.0,2026-05-06T03:41:38.240359+00:00,74.9546,-0.1911,96.262,-0.055,0.75,0.0,1500.0,0.0,6.3
1406.5,2026-05-06T03:41:38.739443+00:00,74.942,-0.1469,96.4328,0.004,0.75,0.0,1500.0,0.0,6.3
1407.0,2026-05-06T03:41:39.239465+00:00,74.9323,-0.1129,96.3326,-0.0278,0.75,0.0,1500.0,0.0,6.3
1407.5,2026-05-06T03:41:39.747815+00:00,75.0521,0.0405,96.3713,-0.0136,0.75,0.0,1500.0,0.0,6.3
1408.0,2026-05-06T03:41:40.239447+00:00,75.1442,0.0948,96.4937,0.0589,0.75,0.0,1500.0,0.0,6.3
1408.5,2026-05-06T03:41:40.740389+00:00,75.0877,0.0728,96.4951,0.0916,0.75,0.0,1500.0,0.0,6.3
1409.0,2026-05-06T03:41:41.239942+00:00,75.2988,0.1832,96.612,0.1167,0.75,0.0,1500.0,0.0,6.3
1409.5,2026-05-06T03:41:41.739444+00:00,75.2065,0.0772,96.7018,0.0897,0.75,0.0,1500.0,0.0,6.3
1410.0,2026-05-06T03:41:42.249899+00:00,75.1356,-0.0043,97.0022,0.2232,0.75,0.0,1500.0,0.0,6.3
1410.5,2026-05-06T03:41:42.739521+00:00,75.3356,0.124,96.7703,0.133,0.75,0.0,1500.0,0.0,6.3512
1411.0,2026-05-06T03:41:43.239886+00:00,75.2348,-0.032,96.5689,0.0251,0.75,0.0,1500.0,0.0,6.3762
1411.5,2026-05-06T03:41:43.739435+00:00,75.2846,0.0391,96.6686,0.0578,0.75,0.0,1500.0,0.0,6.3884
1412.0,2026-05-06T03:41:44.240992+00:00,75.1956,0.03,96.6296,0.0059,0.75,0.0,1500.0,0.0,6.3943
1412.5,2026-05-06T03:41:44.746683+00:00,75.1272,-0.1042,96.3451,-0.1189,0.75,0.0,1500.0,0.0,6.3972
1413.0,2026-05-06T03:41:45.239651+00:00,74.9474,-0.1437,96.728,-0.0914,0.75,0.0,1500.0,0.0,6.3474
1413.5,2026-05-06T03:41:45.740436+00:00,74.9364,-0.1741,96.791,0.0069,0.75,0.0,1500.0,0.0,6.3232
1414.0,2026-05-06T03:41:46.239441+00:00,74.928,-0.1338,96.7005,0.0439,0.75,0.0,1500.0,0.0,6.3113
1414.5,2026-05-06T03:41:46.739421+00:00,74.9215,-0.1028,96.7698,0.0337,0.75,0.0,1500.0,0.0,6.3055
1415.001589,2026-05-06T03:41:47.246403+00:00,75.0438,0.0482,96.7305,0.0336,0.75,0.0,1500.0,0.0,6.3027
1415.5,2026-05-06T03:41:47.739452+00:00,75.0105,0.0371,96.8854,0.1801,0.75,0.0,1500.0,0.0,6.3013
1416.0,2026-05-06T03:41:48.240107+00:00,75.1122,0.0921,96.8888,0.0536,0.75,0.0,1500.0,0.0,6.3006
1416.5,2026-05-06T03:41:48.739595+00:00,75.1904,0.1344,96.9145,0.0412,0.75,0.0,1500.0,0.0,6.3003
1417.0,2026-05-06T03:41:49.239408+00:00,75.1232,0.0397,96.9343,0.0779,0.75,0.0,1500.0,0.0,6.3002
1417.5,2026-05-06T03:41:49.745452+00:00,75.3261,0.1578,97.0652,0.0985,0.75,0.0,1500.0,0.0,6.3001
1418.0,2026-05-06T03:41:50.239447+00:00,75.482,0.1849,97.0501,0.1065,0.75,0.0,1500.0,0.0,6.3
1418.5,2026-05-06T03:41:50.740178+00:00,75.6019,0.2058,97.0385,0.051,0.75,0.0,1500.0,0.0,6.3
1419.0,2026-05-06T03:41:51.239477+00:00,75.4395,0.1581,97.1453,0.0855,0.75,0.0,1500.0,0.0,6.3
1419.5,2026-05-06T03:41:51.739441+00:00,75.3146,-0.0057,97.1117,0.0657,0.75,0.0,1500.0,0.0,6.3
1420.0,2026-05-06T03:41:52.245434+00:00,75.346,-0.068,97.0858,0.0505,0.75,0.0,1500.0,0.0,6.3
1420.5,2026-05-06T03:41:52.739484+00:00,75.37,-0.1159,97.1817,0.0388,0.75,0.0,1500.0,0.0,6.3
1421.0,2026-05-06T03:41:53.239740+00:00,75.3885,-0.0255,97.2553,0.0684,0.75,0.0,1500.0,0.0,6.3
1421.5,2026-05-06T03:41:53.739498+00:00,75.4028,0.0441,97.312,0.0911,0.75,0.0,1500.0,0.0,6.3
1422.0,2026-05-06T03:41:54.239422+00:00,75.4137,0.0339,97.2398,0.0315,0.75,0.0,1500.0,0.0,6.3
1422.5,2026-05-06T03:41:54.748102+00:00,75.2948,-0.0376,97.3,0.0628,0.75,0.0,1500.0,0.0,6.3
1423.0,2026-05-06T03:41:55.239476+00:00,75.0762,-0.1562,97.0917,0.002,0.75,0.0,1500.0,0.0,6.3
1423.5,2026-05-06T03:41:55.739435+00:00,75.0354,-0.1837,96.8391,-0.1142,0.75,0.0,1500.0,0.0,6.3
1424.0,2026-05-06T03:41:56.239808+00:00,74.6223,-0.3957,96.6449,-0.2035,0.75,0.0,1500.0,0.0,6.3
1424.5,2026-05-06T03:41:56.741130+00:00,74.8138,-0.2405,96.8428,-0.1564,0.75,0.0,1500.0,0.0,6.3
1425.0,2026-05-06T03:41:57.245991+00:00,74.961,-0.0576,96.6478,-0.1973,0.75,0.0,1500.0,0.0,6.3
1425.5,2026-05-06T03:41:57.739588+00:00,74.9469,-0.0443,96.845,-0.1517,0.75,0.0,1500.0,0.0,6.3
1426.0,2026-05-06T03:41:58.239493+00:00,75.0633,0.2205,96.9966,-0.0317,0.75,0.0,1500.0,0.0,6.3
1426.5,2026-05-06T03:41:58.739431+00:00,75.0255,0.1059,96.9973,0.0527,0.75,0.0,1500.0,0.0,6.3
1427.0,2026-05-06T03:41:59.240452+00:00,75.1238,0.0814,97.1137,0.1562,0.75,0.0,1500.0,0.0,6.3
1427.5,2026-05-06T03:41:59.749155+00:00,75.1992,0.1262,97.2031,0.1201,0.75,0.0,1500.0,0.0,6.3
1428.0,2026-05-06T03:42:00.239735+00:00,75.3845,0.1606,97.3875,0.2466,0.75,0.0,1500.0,0.0,6.3
1428.5,2026-05-06T03:42:00.740627+00:00,75.3997,0.1871,97.4135,0.1895,0.75,0.0,1500.0,0.0,6.3
1429.0,2026-05-06T03:42:01.239433+00:00,75.4113,0.1438,96.9476,-0.0163,0.75,0.0,1500.0,0.0,6.3
1429.5,2026-05-06T03:42:01.739442+00:00,75.1657,-0.0168,97.0754,0.026,0.75,0.0,1500.0,0.0,6.3
1430.0,2026-05-06T03:42:02.256665+00:00,75.1042,-0.1401,97.058,-0.0186,0.75,0.0,1500.0,0.0,6.3
1430.5,2026-05-06T03:42:02.739448+00:00,74.9297,-0.235,97.0446,-0.0528,0.75,0.0,1500.0,0.0,6.3512
1431.0,2026-05-06T03:42:03.240818+00:00,74.7956,-0.3079,97.1499,-0.0792,0.75,0.0,1500.0,0.0,6.325
1431.50067,2026-05-06T03:42:03.740139+00:00,74.6925,-0.2366,97.2309,-0.0609,0.75,0.0,1500.0,0.0,6.3122
1432.0,2026-05-06T03:42:04.239755+00:00,74.995,-0.0546,97.2932,0.1152,0.75,0.0,1500.0,0.0,6.306
1432.5,2026-05-06T03:42:04.745873+00:00,75.1003,0.0853,97.2254,0.05,0.75,0.0,1500.0,0.0,6.3029
1433.0,2026-05-06T03:42:05.239426+00:00,75.054,0.1292,97.1732,0.0384,0.75,0.0,1500.0,0.0,6.3526
1433.5,2026-05-06T03:42:05.740129+00:00,75.0183,0.1629,97.1331,0.0295,0.75,0.0,1500.0,0.0,6.3769
1434.0,2026-05-06T03:42:06.240121+00:00,75.1182,0.0616,96.9635,-0.0622,0.75,0.0,1500.0,0.0,6.3375
1434.5,2026-05-06T03:42:06.739448+00:00,75.0677,-0.0163,96.8562,-0.1249,0.75,0.0,1500.0,0.0,6.3183
1435.0,2026-05-06T03:42:07.246443+00:00,75.0289,-0.0125,97.0052,-0.096,0.75,0.0,1500.0,0.0,6.3089
1435.5,2026-05-06T03:42:07.739443+00:00,75.1264,0.054,97.004,-0.0738,0.75,0.0,1500.0,0.0,6.3556
1436.0,2026-05-06T03:42:08.239465+00:00,75.3285,0.1051,97.0031,-0.0567,0.75,0.0,1500.0,0.0,6.3271
1436.5,2026-05-06T03:42:08.739500+00:00,75.2294,0.0808,97.1181,-0.005,0.75,0.0,1500.0,0.0,6.3132
1437.0,2026-05-06T03:42:09.239462+00:00,75.1531,0.0621,97.0907,0.0424,0.75,0.0,1500.0,0.0,6.3065
1437.5,2026-05-06T03:42:09.745971+00:00,75.0946,-0.0159,97.1854,0.1097,0.75,0.0,1500.0,0.0,6.3032
1438.0,2026-05-06T03:42:10.239484+00:00,75.1768,-0.0759,97.3739,0.1229,0.75,0.0,1500.0,0.0,6.3015
1438.5,2026-05-06T03:42:10.743908+00:00,75.24,0.0053,97.2874,0.0945,0.75,0.0,1500.0,0.0,6.3008
1439.0,2026-05-06T03:42:11.239435+00:00,75.1613,0.0041,97.1052,0.034,0.75,0.0,1500.0,0.0,6.3004
1439.5,2026-05-06T03:42:11.740132+00:00,75.2281,0.0668,97.1966,0.0262,0.75,0.0,1500.0,0.0,6.3002
1440.0,2026-05-06T03:42:12.246641+00:00,75.2795,0.0513,97.0354,-0.0185,0.75,0.0,1500.0,0.0,6.3001
1440.5,2026-05-06T03:42:12.741256+00:00,75.1917,-0.0242,97.0272,-0.0528,0.75,0.0,1500.0,0.0,6.3
1441.0,2026-05-06T03:42:13.239452+00:00,75.1242,-0.0186,97.2523,-0.0405,0.75,0.0,1500.0,0.0,6.3
1441.5,2026-05-06T03:42:13.739476+00:00,75.0723,-0.0779,97.3096,0.0074,0.75,0.0,1500.0,0.0,6.3
1442.0,2026-05-06T03:42:14.239474+00:00,75.1597,-0.0599,97.3537,0.0828,0.75,0.0,1500.0,0.0,6.3
1442.5,2026-05-06T03:42:14.747497+00:00,74.8451,-0.1733,97.3875,0.0637,0.75,0.0,1500.0,0.0,6.3
1443.0,2026-05-06T03:42:15.239436+00:00,74.985,-0.0696,97.4136,0.1261,0.75,0.0,1500.0,0.0,6.3
1443.5,2026-05-06T03:42:15.739431+00:00,74.9654,-0.0535,97.2022,0.0583,0.75,0.0,1500.0,0.0,6.3
1444.0,2026-05-06T03:42:16.239421+00:00,75.0775,-0.0411,97.2711,0.0063,0.75,0.0,1500.0,0.0,6.3
1444.5,2026-05-06T03:42:16.739435+00:00,75.1637,0.1593,97.2084,-0.0338,0.75,0.0,1500.0,0.0,6.3
1445.0,2026-05-06T03:42:17.248064+00:00,74.9754,-0.0048,97.137,-0.0722,0.75,0.0,1500.0,0.0,6.3
1445.5,2026-05-06T03:42:17.739444+00:00,74.958,-0.0037,97.1053,-0.0941,0.75,0.0,1500.0,0.0,6.3
1446.0,2026-05-06T03:42:18.239478+00:00,75.0718,-0.0028,97.0809,-0.1109,0.75,0.0,1500.0,0.0,6.3
1446.5,2026-05-06T03:42:18.739444+00:00,75.0321,-0.0658,96.9465,-0.0852,0.75,0.0,1500.0,0.0,6.3
1447.0,2026-05-06T03:42:19.239888+00:00,75.1288,0.0767,97.0746,-0.0655,0.75,0.0,1500.0,0.0,6.3
1447.5,2026-05-06T03:42:19.747022+00:00,75.0758,0.0589,97.173,-0.0118,0.75,0.0,1500.0,0.0,6.3
1448.0,2026-05-06T03:42:20.239778+00:00,74.9079,-0.082,97.2487,0.0372,0.75,0.0,1500.0,0.0,6.3
1448.5,2026-05-06T03:42:20.739437+00:00,75.0333,0.0006,97.1911,0.0286,0.75,0.0,1500.0,0.0,6.3
1449.0,2026-05-06T03:42:21.239459+00:00,75.1297,0.0005,97.1238,0.0143,0.75,0.0,1500.0,0.0,6.3
1449.5,2026-05-06T03:42:21.739429+00:00,75.0766,0.0004,96.9563,0.0033,0.75,0.0,1500.0,0.0,6.3
1450.0,2026-05-06T03:42:22.246806+00:00,75.0357,0.0639,96.9664,-0.0361,0.75,0.0,1500.0,0.0,6.3
1450.5,2026-05-06T03:42:22.739441+00:00,74.877,-0.0781,96.8585,-0.1048,0.75,0.0,1500.0,0.0,6.3
1451.0,2026-05-06T03:42:23.239421+00:00,75.0096,-0.0601,96.8912,-0.1192,0.75,0.0,1500.0,0.0,6.3
1451.5,2026-05-06T03:42:23.742971+00:00,74.9843,-0.0462,96.8007,-0.1301,0.75,0.0,1500.0,0.0,6.3
1452.0,2026-05-06T03:42:24.239448+00:00,75.092,0.0282,96.87,-0.0846,0.75,0.0,1500.0,0.0,6.3
1452.5,2026-05-06T03:42:24.744111+00:00,75.1749,0.1489,96.9,-0.0187,0.75,0.0,1500.0,0.0,6.3
1453.0,2026-05-06T03:42:25.239459+00:00,75.1113,0.0508,97.0389,0.0242,0.75,0.0,1500.0,0.0,6.3
1453.5,2026-05-06T03:42:25.739422+00:00,74.9351,-0.0246,97.1456,0.0957,0.75,0.0,1500.0,0.0,6.3
1454.0,2026-05-06T03:42:26.241129+00:00,74.927,-0.0825,97.1119,0.0736,0.75,0.0,1500.0,0.0,6.3
1454.5,2026-05-06T03:42:26.741346+00:00,74.7935,-0.1907,96.8546,0.018,0.75,0.0,1500.0,0.0,6.3
1455.0,2026-05-06T03:42:27.246427+00:00,74.5636,-0.2738,97.0039,0.0447,0.75,0.0,1500.0,0.0,6.3
1455.5,2026-05-06T03:42:27.740338+00:00,74.6414,-0.1468,97.003,0.0343,0.75,0.0,1500.0,0.0,6.3
1456.0,2026-05-06T03:42:28.239443+00:00,74.574,-0.1765,96.7478,-0.097,0.75,0.0,1500.0,0.0,6.3
1456.5,2026-05-06T03:42:28.740143+00:00,74.7767,-0.0084,96.783,-0.1209,0.75,0.0,1500.0,0.0,6.3
1457.0,2026-05-06T03:42:29.239475+00:00,74.9325,0.1845,96.9489,-0.0543,0.75,0.0,1500.0,0.0,6.3
1457.5,2026-05-06T03:42:29.745212+00:00,74.925,0.1418,96.845,-0.0032,0.75,0.0,1500.0,0.0,6.3
1458.0,2026-05-06T03:42:30.239424+00:00,74.9192,0.1726,96.8809,-0.041,0.75,0.0,1500.0,0.0,6.3
1458.5,2026-05-06T03:42:30.740701+00:00,75.042,0.1327,96.9085,-0.0315,0.75,0.0,1500.0,0.0,6.3
1459.0,2026-05-06T03:42:31.239440+00:00,75.2637,0.1656,96.6982,-0.0165,0.75,0.0,1500.0,0.0,6.3
1459.5,2026-05-06T03:42:31.739445+00:00,75.1795,0.1273,96.9995,0.0722,0.75,0.0,1500.0,0.0,6.3
1460.0,2026-05-06T03:42:32.246358+00:00,75.1149,0.0978,96.9996,0.0169,0.75,0.0,1500.0,0.0,6.3
1460.5,2026-05-06T03:42:32.739436+00:00,75.3197,0.1388,97.1154,0.0901,0.75,0.0,1500.0,0.0,6.3
1461.0,2026-05-06T03:42:33.239473+00:00,75.2226,-0.0206,97.2044,0.1078,0.75,0.0,1500.0,0.0,6.3
1461.5,2026-05-06T03:42:33.739425+00:00,75.1479,-0.0158,97.0645,0.052,0.75,0.0,1500.0,0.0,6.3
1462.0,2026-05-06T03:42:34.239432+00:00,75.0906,-0.0122,97.1653,0.1557,0.75,0.0,1500.0,0.0,6.3
1462.5,2026-05-06T03:42:34.749644+00:00,75.0465,-0.1366,97.2427,0.0811,0.75,0.0,1500.0,0.0,6.3
1463.0,2026-05-06T03:42:35.239430+00:00,75.0126,-0.105,97.1866,0.0623,0.75,0.0,1500.0,0.0,6.3
1463.5,2026-05-06T03:42:35.739433+00:00,74.8593,-0.1443,97.1434,0.0093,0.75,0.0,1500.0,0.0,6.3
1464.0,2026-05-06T03:42:36.239435+00:00,74.8687,-0.1109,97.3416,0.0457,0.75,0.0,1500.0,0.0,6.3
1464.5,2026-05-06T03:42:36.739410+00:00,74.8759,-0.0853,97.3783,0.1046,0.75,0.0,1500.0,0.0,6.3
1465.0,2026-05-06T03:42:37.250716+00:00,75.0088,-0.0019,97.2907,0.0418,0.75,0.0,1500.0,0.0,6.3
1465.5,2026-05-06T03:42:37.739432+00:00,74.8563,-0.0015,97.2235,-0.0064,0.75,0.0,1500.0,0.0,6.3
1466.0,2026-05-06T03:42:38.240155+00:00,74.8664,-0.0011,97.1718,-0.0049,0.75,0.0,1500.0,0.0,6.3
1466.5,2026-05-06T03:42:38.740936+00:00,74.7469,-0.0645,97.132,-0.0038,0.75,0.0,1500.0,0.0,6.3
1467.0,2026-05-06T03:42:39.240031+00:00,74.7824,-0.1132,96.9858,-0.1186,0.75,0.0,1500.0,0.0,6.3
1467.5,2026-05-06T03:42:39.746618+00:00,74.8096,-0.0234,96.642,-0.2454,0.75,0.0,1500.0,0.0,6.3
1468.0,2026-05-06T03:42:40.239408+00:00,75.085,0.1093,96.6091,-0.2272,0.75,0.0,1500.0,0.0,6.3
1468.5,2026-05-06T03:42:40.739434+00:00,75.1695,0.2113,96.6996,-0.1746,0.75,0.0,1500.0,0.0,6.3
1469.0,2026-05-06T03:42:41.239475+00:00,75.1071,0.1624,96.6302,-0.1805,0.75,0.0,1500.0,0.0,6.3
1469.5,2026-05-06T03:42:41.739441+00:00,75.1865,0.1884,96.6927,-0.1464,0.75,0.0,1500.0,0.0,6.3
1470.0,2026-05-06T03:42:42.245468+00:00,75.2475,0.0812,96.5092,-0.1588,0.75,0.0,1500.0,0.0,6.3
1470.5,2026-05-06T03:42:42.740201+00:00,75.0398,-0.0649,96.7385,0.0322,0.75,0.0,1500.0,0.0,6.3
1471.0,2026-05-06T03:42:43.239498+00:00,75.1347,0.0138,96.9147,0.1019,0.75,0.0,1500.0,0.0,6.3
1471.5,2026-05-06T03:42:43.739429+00:00,74.9531,-0.1167,96.8187,0.0397,0.75,0.0,1500.0,0.0,6.3
1472.0,2026-05-06T03:42:44.239436+00:00,74.9408,-0.1533,96.8607,0.0768,0.75,0.0,1500.0,0.0,6.3
1472.502245,2026-05-06T03:42:44.747209+00:00,74.9314,-0.0542,96.8929,0.0668,0.75,0.0,1500.0,0.0,6.3
1473.0,2026-05-06T03:42:45.239429+00:00,75.0514,-0.0417,96.9177,0.1362,0.75,0.0,1500.0,0.0,6.3
1473.5,2026-05-06T03:42:45.739445+00:00,74.8891,-0.032,96.9367,0.0661,0.75,0.0,1500.0,0.0,6.3
1474.0,2026-05-06T03:42:46.239505+00:00,74.8916,-0.0246,96.72,-0.0649,0.75,0.0,1500.0,0.0,6.3
1474.5,2026-05-06T03:42:46.739684+00:00,74.8936,-0.0189,96.6691,-0.0499,0.75,0.0,1500.0,0.0,6.3
1475.0,2026-05-06T03:42:47.247415+00:00,74.895,-0.0782,96.8614,0.0002,0.75,0.0,1500.0,0.0,6.3
1475.5,2026-05-06T03:42:47.739436+00:00,75.0235,0.0672,96.7777,-0.0384,0.75,0.0,1500.0,0.0,6.3
1476.0,2026-05-06T03:42:48.239420+00:00,74.8676,-0.012,96.7135,-0.0681,0.75,0.0,1500.0,0.0,6.3
1476.5,2026-05-06T03:42:48.740330+00:00,75.1297,0.1181,96.8723,-0.0215,0.75,0.0,1500.0,0.0,6.3
1477.0,2026-05-06T03:42:49.239446+00:00,75.0765,0.0907,96.6473,-0.0242,0.75,0.0,1500.0,0.0,6.3
1477.5,2026-05-06T03:42:49.747599+00:00,75.0357,0.0061,96.7058,0.0122,0.75,0.0,1500.0,0.0,6.3
1478.0,2026-05-06T03:42:50.239575+00:00,75.0043,0.0683,96.6582,-0.0677,0.75,0.0,1500.0,0.0,6.3
1478.5,2026-05-06T03:42:50.739417+00:00,74.9801,-0.0748,96.7373,-0.0135,0.75,0.0,1500.0,0.0,6.3
1479.0,2026-05-06T03:42:51.239676+00:00,74.8343,-0.1211,96.6824,-0.0104,0.75,0.0,1500.0,0.0,6.3
1479.5,2026-05-06T03:42:51.740104+00:00,74.7223,-0.1567,96.8716,-0.0003,0.75,0.0,1500.0,0.0,6.3
1480.0,2026-05-06T03:42:52.245255+00:00,74.6361,-0.1841,96.6699,0.0075,0.75,0.0,1500.0,0.0,6.3
1480.5,2026-05-06T03:42:52.739434+00:00,74.6972,-0.1415,96.862,0.0521,0.75,0.0,1500.0,0.0,6.3
1481.0,2026-05-06T03:42:53.242524+00:00,74.6168,-0.1087,96.8939,0.0786,0.75,0.0,1500.0,0.0,6.3
1481.5,2026-05-06T03:42:53.739641+00:00,74.6824,-0.0199,97.0342,0.099,0.75,0.0,1500.0,0.0,6.3
1482.0,2026-05-06T03:42:54.239423+00:00,74.86,0.1119,97.0263,0.1146,0.75,0.0,1500.0,0.0,6.3
1482.5,2026-05-06T03:42:54.744900+00:00,74.742,0.0224,96.7888,-0.0276,0.75,0.0,1500.0,0.0,6.3
1483.0,2026-05-06T03:42:55.239855+00:00,74.6513,0.0172,96.8145,0.0482,0.75,0.0,1500.0,0.0,6.3
1483.5,2026-05-06T03:42:55.739521+00:00,74.7088,0.0132,96.8574,-0.0015,0.75,0.0,1500.0,0.0,6.3
1484.0,2026-05-06T03:42:56.239436+00:00,74.8803,0.0102,96.5202,-0.1246,0.75,0.0,1500.0,0.0,6.3
1484.5,2026-05-06T03:42:56.739436+00:00,74.7576,0.0078,96.6312,-0.1343,0.75,0.0,1500.0,0.0,6.3
1485.0,2026-05-06T03:42:57.249782+00:00,74.9178,0.1333,96.6009,-0.1418,0.75,0.0,1500.0,0.0,6.3
1485.5,2026-05-06T03:42:57.739468+00:00,74.9137,0.1024,96.5775,-0.0704,0.75,0.0,1500.0,0.0,6.3
1486.0,2026-05-06T03:42:58.239419+00:00,75.0378,0.0787,96.791,-0.0078,0.75,0.0,1500.0,0.0,6.3
1486.5,2026-05-06T03:42:58.740094+00:00,75.2605,0.2514,96.7236,-0.0446,0.75,0.0,1500.0,0.0,6.3
1487.0,2026-05-06T03:42:59.239417+00:00,75.0498,0.066,96.5331,0.0043,0.75,0.0,1500.0,0.0,6.3
1487.5,2026-05-06T03:42:59.848079+00:00,75.1424,0.1143,96.6411,0.0033,0.75,0.0,1500.0,0.0,6.3
1488.0,2026-05-06T03:43:00.241028+00:00,74.959,-0.0394,96.7242,0.0411,0.75,0.0,1500.0,0.0,6.3
1488.5,2026-05-06T03:43:00.739415+00:00,74.9454,-0.1575,96.5566,-0.007,0.75,0.0,1500.0,0.0,6.3
1489.0,2026-05-06T03:43:01.239439+00:00,74.9349,-0.0575,96.8906,0.0332,0.75,0.0,1500.0,0.0,6.3
1489.5,2026-05-06T03:43:01.741538+00:00,74.7995,-0.1714,96.9159,0.0641,0.75,0.0,1500.0,0.0,6.3
1490.000264,2026-05-06T03:43:02.246324+00:00,74.6955,-0.1318,96.9122,0.1264,0.75,0.0,1500.0,0.0,6.3
1490.5,2026-05-06T03:43:02.739496+00:00,74.7428,-0.1013,96.8168,0.0586,0.75,0.0,1500.0,0.0,6.3
1491.0,2026-05-06T03:43:03.239462+00:00,74.6519,-0.1415,96.7667,0.0142,0.75,0.0,1500.0,0.0,6.3
1491.5,2026-05-06T03:43:03.739425+00:00,74.7093,-0.0451,96.8207,0.088,0.75,0.0,1500.0,0.0,6.3
1492.0,2026-05-06T03:43:04.239426+00:00,74.7535,0.029,96.8622,-0.0095,0.75,0.0,1500.0,0.0,6.3
1492.5,2026-05-06T03:43:04.744948+00:00,74.7874,0.0223,96.7552,-0.0536,0.75,0.0,1500.0,0.0,6.3
1493.0,2026-05-06T03:43:05.239499+00:00,74.8134,0.0807,96.8119,-0.0335,0.75,0.0,1500.0,0.0,6.3
1493.5,2026-05-06T03:43:05.739977+00:00,74.9607,0.1257,96.8554,0.0129,0.75,0.0,1500.0,0.0,6.3
1494.0,2026-05-06T03:43:06.239455+00:00,75.0739,0.1602,96.8889,0.0407,0.75,0.0,1500.0,0.0,6.3
1494.5,2026-05-06T03:43:06.739413+00:00,74.9064,0.0595,96.9146,0.0313,0.75,0.0,1500.0,0.0,6.3
1495.0,2026-05-06T03:43:07.246507+00:00,74.9049,0.0458,97.05,0.0626,0.75,0.0,1500.0,0.0,6.2488
1495.5,2026-05-06T03:43:07.739418+00:00,74.7765,-0.0921,96.9459,0.0636,0.75,0.0,1500.0,0.0,6.275
1496.0,2026-05-06T03:43:08.240130+00:00,74.8051,-0.1344,96.9584,0.0489,0.75,0.0,1500.0,0.0,6.2878
1496.5,2026-05-06T03:43:08.739508+00:00,74.6998,-0.1033,97.0837,0.0761,0.75,0.0,1500.0,0.0,6.294
1497.0,2026-05-06T03:43:09.239428+00:00,74.7461,-0.0794,97.0644,0.0585,0.75,0.0,1500.0,0.0,6.2971
1497.5,2026-05-06T03:43:09.747390+00:00,74.7817,0.0026,97.1652,0.0835,0.75,0.0,1500.0,0.0,6.2986
1498.0,2026-05-06T03:43:10.239523+00:00,74.5546,-0.1253,97.2426,0.0642,0.75,0.0,1500.0,0.0,6.2993
1498.5,2026-05-06T03:43:10.739936+00:00,74.7618,0.031,97.1865,0.0802,0.75,0.0,1500.0,0.0,6.2997
1499.0,2026-05-06T03:43:11.239757+00:00,74.7937,0.0238,97.3747,0.1388,0.75,0.0,1500.0,0.0,6.2998
1499.5,2026-05-06T03:43:11.739426+00:00,74.8183,0.0183,97.288,0.0681,0.75,0.0,1500.0,0.0,6.2999
1500.0,2026-05-06T03:43:12.247800+00:00,74.5827,0.0141,97.1057,0.0138,0.75,0.0,1500.0,0.0,6.3
1500.5,2026-05-06T03:43:12.739466+00:00,74.7834,0.0108,97.1969,0.0106,0.75,0.0,1500.0,0.0,6.3
1501.0,2026-05-06T03:43:13.239424+00:00,74.6831,-0.0553,97.1514,-0.0304,0.75,0.0,1500.0,0.0,6.3
1501.5,2026-05-06T03:43:13.739445+00:00,74.7333,-0.0425,97.232,0.0152,0.75,0.0,1500.0,0.0,6.3
1502.0,2026-05-06T03:43:14.240006+00:00,74.6446,0.031,97.294,-0.0269,0.75,0.0,1500.0,0.0,6.3
1502.5,2026-05-06T03:43:14.744854+00:00,74.7037,-0.0398,97.226,-0.0207,0.75,0.0,1500.0,0.0,6.3
1503.0,2026-05-06T03:43:15.240559+00:00,74.7491,0.033,97.1506,0.015,0.75,0.0,1500.0,0.0,6.3
1503.5,2026-05-06T03:43:15.739463+00:00,74.9113,0.089,97.1157,-0.0271,0.75,0.0,1500.0,0.0,6.3
1504.0,2026-05-06T03:43:16.239975+00:00,74.9087,0.132,97.2046,0.0178,0.75,0.0,1500.0,0.0,6.3
1504.5,2026-05-06T03:43:16.739506+00:00,74.9067,0.1015,97.2498,0.0059,0.75,0.0,1500.0,0.0,6.3
1505.0,2026-05-06T03:43:17.244572+00:00,74.7779,0.0144,97.0532,-0.0803,0.75,0.0,1500.0,0.0,6.3
1505.5,2026-05-06T03:43:17.739484+00:00,74.9334,0.011,97.0409,-0.0617,0.75,0.0,1500.0,0.0,6.3
1506.0,2026-05-06T03:43:18.239776+00:00,75.0529,0.0721,97.0314,-0.0397,0.75,0.0,1500.0,0.0,6.3
1506.5,2026-05-06T03:43:18.739445+00:00,74.8903,-0.0082,97.0242,-0.0305,0.75,0.0,1500.0,0.0,6.3
1507.0,2026-05-06T03:43:19.239611+00:00,74.8925,0.0573,97.25,0.0151,0.75,0.0,1500.0,0.0,6.3
1507.5,2026-05-06T03:43:19.748256+00:00,74.6397,-0.1468,97.3078,0.0193,0.75,0.0,1500.0,0.0,6.3
1508.0,2026-05-06T03:43:20.239428+00:00,74.6999,-0.1765,97.3523,0.0997,0.75,0.0,1500.0,0.0,6.3
1508.5,2026-05-06T03:43:20.739977+00:00,74.7462,-0.072,97.2708,0.0766,0.75,0.0,1500.0,0.0,6.3
1509.0,2026-05-06T03:43:21.239427+00:00,74.9091,0.0083,97.2081,0.0589,0.75,0.0,1500.0,0.0,6.3
1509.5,2026-05-06T03:43:21.740671+00:00,74.6524,0.0064,97.2757,0.0838,0.75,0.0,1500.0,0.0,6.3
1510.0,2026-05-06T03:43:22.246808+00:00,74.837,0.0685,97.2119,-0.0127,0.75,0.0,1500.0,0.0,6.3
1510.5,2026-05-06T03:43:22.739437+00:00,74.8516,0.0527,97.0471,-0.0869,0.75,0.0,1500.0,0.0,6.3
1511.0,2026-05-06T03:43:23.239468+00:00,74.8628,-0.0232,97.1519,-0.0668,0.75,0.0,1500.0,0.0,6.3
1511.5,2026-05-06T03:43:23.739473+00:00,74.8714,0.1095,97.2325,-0.0128,0.75,0.0,1500.0,0.0,6.3
1512.0,2026-05-06T03:43:24.239796+00:00,74.878,0.0205,97.1787,-0.0098,0.75,0.0,1500.0,0.0,6.3
1512.5,2026-05-06T03:43:24.744871+00:00,74.7558,-0.0479,97.253,-0.0075,0.75,0.0,1500.0,0.0,6.3
1513.0,2026-05-06T03:43:25.239950+00:00,75.0437,0.0905,97.1945,-0.0058,0.75,0.0,1500.0,0.0,6.3
1513.5,2026-05-06T03:43:25.739474+00:00,74.7559,-0.0577,97.2652,0.0727,0.75,0.0,1500.0,0.0,6.3
1514.0,2026-05-06T03:43:26.239439+00:00,74.5347,-0.1716,97.4352,0.0944,0.75,0.0,1500.0,0.0,6.3
1514.5,2026-05-06T03:43:26.739438+00:00,74.8738,0.059,97.3345,0.034,0.75,0.0,1500.0,0.0,6.2488
1515.0,2026-05-06T03:43:27.246468+00:00,74.8799,-0.0819,97.3728,0.0647,0.75,0.0,1500.0,0.0,6.275
1515.5,2026-05-06T03:43:27.739509+00:00,74.7572,0.0007,97.2865,0.0112,0.75,0.0,1500.0,0.0,6.2878
1516.0,2026-05-06T03:43:28.239420+00:00,74.663,0.0641,96.9888,-0.0686,0.75,0.0,1500.0,0.0,6.294
1516.5,2026-05-06T03:43:28.739435+00:00,74.4633,-0.2052,96.9914,-0.0913,0.75,0.0,1500.0,0.0,6.2971
1517.0,2026-05-06T03:43:29.239444+00:00,74.5644,-0.1577,96.9934,-0.1473,0.75,0.0,1500.0,0.0,6.2986
1517.5,2026-05-06T03:43:29.745608+00:00,74.7693,0.006,97.2263,-0.0361,0.75,0.0,1500.0,0.0,6.2993
1518.0,2026-05-06T03:43:30.241009+00:00,74.6723,0.0046,97.174,-0.0663,0.75,0.0,1500.0,0.0,6.2997
1518.5,2026-05-06T03:43:30.739918+00:00,74.8522,0.1945,97.1337,-0.0509,0.75,0.0,1500.0,0.0,6.2998
1519.0,2026-05-06T03:43:31.239444+00:00,74.8633,0.1495,97.2185,0.0765,0.75,0.0,1500.0,0.0,6.2999
1519.503449,2026-05-06T03:43:31.743039+00:00,74.8718,0.0512,97.1679,0.0588,0.75,0.0,1500.0,0.0,6.3
1520.0,2026-05-06T03:43:32.245276+00:00,74.751,0.0394,97.0134,0.0067,0.75,0.0,1500.0,0.0,6.3512
1520.5,2026-05-06T03:43:32.739424+00:00,74.9128,0.0303,97.126,-0.0335,0.75,0.0,1500.0,0.0,6.3762
1521.0,2026-05-06T03:43:33.240739+00:00,74.9098,0.0233,96.9811,-0.0643,0.75,0.0,1500.0,0.0,6.3884
1521.5,2026-05-06T03:43:33.739423+00:00,74.9076,0.0179,97.1012,-0.0108,0.75,0.0,1500.0,0.0,6.3943
1522.0,2026-05-06T03:43:34.239734+00:00,75.1603,0.2046,97.0778,-0.0469,0.75,0.0,1500.0,0.0,6.3972
1522.5,2026-05-06T03:43:34.745910+00:00,75.1001,0.0937,96.9209,-0.0823,0.75,0.0,1500.0,0.0,6.3986
1523.0,2026-05-06T03:43:35.239609+00:00,75.0538,0.072,96.9392,-0.0247,0.75,0.0,1500.0,0.0,6.3993
1523.5,2026-05-06T03:43:35.739440+00:00,74.8909,-0.0083,96.8145,-0.1038,0.75,0.0,1500.0,0.0,6.3997
1524.0,2026-05-06T03:43:36.239445+00:00,74.893,-0.1337,96.7185,-0.0875,0.75,0.0,1500.0,0.0,6.3998
1524.5,2026-05-06T03:43:36.739460+00:00,74.8946,-0.1027,96.7837,-0.1058,0.75,0.0,1500.0,0.0,6.3999
1525.0,2026-05-06T03:43:37.247184+00:00,74.8959,-0.079,96.8337,-0.0813,0.75,0.0,1500.0,0.0,6.3488
1525.5,2026-05-06T03:43:37.739507+00:00,74.8968,0.0029,96.6408,-0.0934,0.75,0.0,1500.0,0.0,6.375
1526.0,2026-05-06T03:43:38.239463+00:00,74.8976,0.0023,96.7239,-0.0718,0.75,0.0,1500.0,0.0,6.3878
1526.5,2026-05-06T03:43:38.739450+00:00,74.7709,-0.0619,96.6721,-0.0474,0.75,0.0,1500.0,0.0,6.3428
1527.0,2026-05-06T03:43:39.239427+00:00,74.8007,-0.0476,96.748,0.0098,0.75,0.0,1500.0,0.0,6.3209
1527.5,2026-05-06T03:43:39.745693+00:00,74.6964,-0.1002,96.7832,-0.0002,0.75,0.0,1500.0,0.0,6.3102
1528.0,2026-05-06T03:43:40.239731+00:00,74.7435,-0.077,96.7408,-0.031,0.75,0.0,1500.0,0.0,6.3562
1528.5,2026-05-06T03:43:40.739426+00:00,74.6525,-0.0592,96.8008,0.0533,0.75,0.0,1500.0,0.0,6.3274
1529.0,2026-05-06T03:43:41.240164+00:00,74.7098,-0.0455,96.9394,0.0718,0.75,0.0,1500.0,0.0,6.3134
1529.5,2026-05-06T03:43:41.739458+00:00,74.6265,-0.035,96.8377,0.0552,0.75,0.0,1500.0,0.0,6.3065
1530.0,2026-05-06T03:43:42.246469+00:00,74.8171,0.0368,96.7596,0.0039,0.75,0.0,1500.0,0.0,6.3032
1530.5,2026-05-06T03:43:42.739485+00:00,74.709,0.0283,96.8152,0.0107,0.75,0.0,1500.0,0.0,6.3016
1531.0,2026-05-06T03:43:43.240135+00:00,75.0077,0.149,96.858,0.0391,0.75,0.0,1500.0,0.0,6.3008
1531.5,2026-05-06T03:43:43.739457+00:00,74.8555,0.1145,96.6363,-0.0548,0.75,0.0,1500.0,0.0,6.3004
1532.0,2026-05-06T03:43:44.239432+00:00,74.8658,0.0244,96.7205,-0.073,0.75,0.0,1500.0,0.0,6.3002
1532.5,2026-05-06T03:43:44.746719+00:00,74.8737,0.0824,96.7851,-0.0175,0.75,0.0,1500.0,0.0,6.3001
1533.0,2026-05-06T03:43:45.239442+00:00,75.0071,-0.0003,96.696,-0.0212,0.75,0.0,1500.0,0.0,6.3
1533.5,2026-05-06T03:43:45.739443+00:00,74.9823,0.0634,96.8821,0.0223,0.75,0.0,1500.0,0.0,6.3
1534.0,2026-05-06T03:43:46.239626+00:00,75.0905,0.1124,97.0251,0.0557,0.75,0.0,1500.0,0.0,6.3
1534.5,2026-05-06T03:43:46.739763+00:00,75.0464,0.0864,97.135,0.1662,0.75,0.0,1500.0,0.0,6.3
1535.0,2026-05-06T03:43:47.245374+00:00,75.0126,0.0027,97.2194,0.1663,0.75,0.0,1500.0,0.0,6.3
1535.5,2026-05-06T03:43:47.739451+00:00,74.9865,0.0021,96.729,-0.0187,0.75,0.0,1500.0,0.0,6.3
1536.0,2026-05-06T03:43:48.239414+00:00,74.9665,-0.062,96.7917,0.0319,0.75,0.0,1500.0,0.0,6.3
1536.5,2026-05-06T03:43:48.740155+00:00,74.9511,-0.0477,96.8399,-0.0141,0.75,0.0,1500.0,0.0,6.3
1537.0,2026-05-06T03:43:49.239417+00:00,74.812,-0.1003,96.7612,-0.0879,0.75,0.0,1500.0,0.0,6.3
1537.5,2026-05-06T03:43:49.745551+00:00,74.7051,-0.1407,96.8165,-0.1062,0.75,0.0,1500.0,0.0,6.3
1538.0,2026-05-06T03:43:50.240802+00:00,74.7502,-0.1081,97.0904,-0.043,0.75,0.0,1500.0,0.0,6.3
1538.5,2026-05-06T03:43:50.741457+00:00,74.6576,-0.1468,96.8381,0.0364,0.75,0.0,1500.0,0.0,6.3
1539.0,2026-05-06T03:43:51.239424+00:00,74.7137,-0.0492,96.9912,0.0665,0.75,0.0,1500.0,0.0,6.3
1539.5,2026-05-06T03:43:51.740115+00:00,74.5023,-0.1014,96.9933,0.0511,0.75,0.0,1500.0,0.0,6.3
1540.0,2026-05-06T03:43:52.248058+00:00,74.467,-0.1416,97.1105,0.1164,0.75,0.0,1500.0,0.0,6.3
1540.5,2026-05-06T03:43:52.739431+00:00,74.4399,-0.1088,97.0849,0.0895,0.75,0.0,1500.0,0.0,6.3
1541.0,2026-05-06T03:43:53.239445+00:00,74.5464,-0.0836,97.181,0.0302,0.75,0.0,1500.0,0.0,6.3
1541.5,2026-05-06T03:43:53.739418+00:00,74.6282,0.063,97.2548,0.1389,0.75,0.0,1500.0,0.0,6.3
1542.0,2026-05-06T03:43:54.239951+00:00,74.8184,0.1757,97.1958,0.0682,0.75,0.0,1500.0,0.0,6.3
1542.5,2026-05-06T03:43:54.745499+00:00,74.71,0.135,97.1505,0.0524,0.75,0.0,1500.0,0.0,6.3
1543.0,2026-05-06T03:43:55.239448+00:00,74.6267,0.0401,97.2314,0.0403,0.75,0.0,1500.0,0.0,6.3
1543.500306,2026-05-06T03:43:55.739822+00:00,74.5627,-0.0328,97.1778,0.031,0.75,0.0,1500.0,0.0,6.3
1544.0,2026-05-06T03:43:56.239494+00:00,74.768,-0.0252,97.2524,0.0238,0.75,0.0,1500.0,0.0,6.3
1544.5,2026-05-06T03:43:56.739472+00:00,74.544,-0.083,97.3097,0.0183,0.75,0.0,1500.0,0.0,6.3
1545.0,2026-05-06T03:43:57.246260+00:00,74.7537,0.0635,97.238,0.0141,0.75,0.0,1500.0,0.0,6.3
1545.5,2026-05-06T03:43:57.740264+00:00,74.533,-0.0148,97.1829,0.0108,0.75,0.0,1500.0,0.0,6.3
1546.0,2026-05-06T03:43:58.239457+00:00,74.4906,-0.1387,97.372,0.0469,0.75,0.0,1500.0,0.0,6.3
1546.5,2026-05-06T03:43:58.739456+00:00,74.5854,0.0207,97.4016,0.0746,0.75,0.0,1500.0,0.0,6.3
1547.0,2026-05-06T03:43:59.240145+00:00,74.7854,0.0159,97.4244,0.0573,0.75,0.0,1500.0,0.0,6.3
1547.5,2026-05-06T03:43:59.745194+00:00,74.8119,0.1395,97.4419,0.0441,0.75,0.0,1500.0,0.0,6.3
1548.0,2026-05-06T03:44:00.239458+00:00,74.5778,0.0436,97.571,0.111,0.75,0.0,1500.0,0.0,6.3
1548.5,2026-05-06T03:44:00.740123+00:00,74.5251,-0.0301,97.5546,0.1239,0.75,0.0,1500.0,0.0,6.3
1549.0,2026-05-06T03:44:01.239458+00:00,74.6118,-0.0868,97.4263,0.0181,0.75,0.0,1500.0,0.0,6.3
1549.5,2026-05-06T03:44:01.739762+00:00,74.6785,-0.0667,97.559,0.0525,0.75,0.0,1500.0,0.0,6.3
1550.0,2026-05-06T03:44:02.247270+00:00,74.4752,-0.0513,97.314,-0.0368,0.75,0.0,1500.0,0.0,6.3
1550.5,2026-05-06T03:44:02.739716+00:00,74.5735,0.0242,97.357,-0.0283,0.75,0.0,1500.0,0.0,6.3
1551.0,2026-05-06T03:44:03.239524+00:00,74.6491,0.0186,97.3901,-0.0603,0.75,0.0,1500.0,0.0,6.3
1551.5,2026-05-06T03:44:03.739428+00:00,74.7071,0.0143,97.2998,-0.0849,0.75,0.0,1500.0,0.0,6.3
1552.0,2026-05-06T03:44:04.239719+00:00,74.6245,0.0746,97.2305,-0.0653,0.75,0.0,1500.0,0.0,6.3
1552.5,2026-05-06T03:44:04.745425+00:00,74.6882,0.0574,97.2928,-0.0887,0.75,0.0,1500.0,0.0,6.3
1553.0,2026-05-06T03:44:05.239447+00:00,74.7372,0.0441,97.1094,-0.0682,0.75,0.0,1500.0,0.0,6.2488
1553.5,2026-05-06T03:44:05.739436+00:00,74.7749,0.0339,97.3155,-0.0139,0.75,0.0,1500.0,0.0,6.2238
1554.0,2026-05-06T03:44:06.239439+00:00,74.6766,0.026,97.2425,-0.0492,0.75,0.0,1500.0,0.0,6.2116
1554.5,2026-05-06T03:44:06.739425+00:00,74.601,-0.0436,97.3021,0.0007,0.75,0.0,1500.0,0.0,6.2057
1555.0,2026-05-06T03:44:07.246411+00:00,74.5429,-0.0972,97.3479,0.0391,0.75,0.0,1500.0,0.0,6.2028
1555.5,2026-05-06T03:44:07.739410+00:00,74.6256,-0.0747,97.036,-0.0856,0.75,0.0,1500.0,0.0,6.2526
1556.0,2026-05-06T03:44:08.241634+00:00,74.5618,-0.0574,97.0276,-0.0272,0.75,0.0,1500.0,0.0,6.2768
1556.5,2026-05-06T03:44:08.740859+00:00,74.7673,0.0832,97.0212,-0.0981,0.75,0.0,1500.0,0.0,6.2887
1557.0,2026-05-06T03:44:09.239435+00:00,74.6708,0.0639,96.9006,-0.1139,0.75,0.0,1500.0,0.0,6.2945
1557.5,2026-05-06T03:44:09.746750+00:00,74.7238,0.0491,96.8079,-0.1647,0.75,0.0,1500.0,0.0,6.2973
1558.0,2026-05-06T03:44:10.240113+00:00,74.6373,0.0378,96.621,-0.2423,0.75,0.0,1500.0,0.0,6.2987
1558.5,2026-05-06T03:44:10.739449+00:00,74.5708,-0.0983,96.4773,-0.1862,0.75,0.0,1500.0,0.0,6.2994
1559.0,2026-05-06T03:44:11.239440+00:00,74.7743,0.0518,96.4825,-0.1817,0.75,0.0,1500.0,0.0,6.2997
1559.5,2026-05-06T03:44:11.740230+00:00,74.5488,-0.0875,96.5791,-0.1474,0.75,0.0,1500.0,0.0,6.2998
1560.0,2026-05-06T03:44:12.245423+00:00,74.5028,-0.0672,96.6765,-0.0747,0.75,0.0,1500.0,0.0,6.2999
1560.5,2026-05-06T03:44:12.739488+00:00,74.5947,0.0119,96.52,-0.096,0.75,0.0,1500.0,0.0,6.3
1561.0,2026-05-06T03:44:13.239498+00:00,74.6654,-0.0545,96.3997,-0.0738,0.75,0.0,1500.0,0.0,6.3
1561.5,2026-05-06T03:44:13.739413+00:00,74.5924,0.0218,95.9601,-0.1724,0.75,0.0,1500.0,0.0,6.3
1562.0,2026-05-06T03:44:14.239444+00:00,74.5363,0.0167,95.9693,-0.1711,0.75,0.0,1500.0,0.0,6.3
1562.5,2026-05-06T03:44:14.747596+00:00,74.7477,0.0765,96.0921,-0.1623,0.75,0.0,1500.0,0.0,6.3
1563.0,2026-05-06T03:44:15.239445+00:00,74.5284,-0.0685,96.3022,-0.1248,0.75,0.0,1500.0,0.0,6.3
1563.5,2026-05-06T03:44:15.742423+00:00,74.6144,0.011,96.5794,0.0198,0.75,0.0,1500.0,0.0,6.3
1564.0,2026-05-06T03:44:16.239606+00:00,74.6805,0.0721,96.7924,0.1309,0.75,0.0,1500.0,0.0,6.3
1564.5,2026-05-06T03:44:16.739427+00:00,74.7313,-0.0082,96.7247,0.2549,0.75,0.0,1500.0,0.0,6.3
1565.0,2026-05-06T03:44:17.244907+00:00,74.7703,0.121,97.0198,0.3502,0.75,0.0,1500.0,0.0,6.3
1565.5,2026-05-06T03:44:17.739449+00:00,74.8003,0.093,97.1309,0.3463,0.75,0.0,1500.0,0.0,6.3
1566.0,2026-05-06T03:44:18.239404+00:00,74.9507,0.1351,97.2163,0.3047,0.75,0.0,1500.0,0.0,6.3
1566.5,2026-05-06T03:44:18.740415+00:00,75.0662,0.1675,97.282,0.2342,0.75,0.0,1500.0,0.0,6.3
1567.0,2026-05-06T03:44:19.239417+00:00,75.0278,0.1287,97.3324,0.18,0.75,0.0,1500.0,0.0,6.3
1567.5,2026-05-06T03:44:19.746317+00:00,74.9982,0.0989,97.2555,0.1769,0.75,0.0,1500.0,0.0,6.3
1568.0,2026-05-06T03:44:20.239449+00:00,74.8482,-0.0512,97.3121,0.0974,0.75,0.0,1500.0,0.0,6.3
1568.5,2026-05-06T03:44:20.740471+00:00,74.8602,-0.103,97.2399,0.0363,0.75,0.0,1500.0,0.0,6.3
1569.0,2026-05-06T03:44:21.239986+00:00,74.6149,-0.2064,97.3001,0.0279,0.75,0.0,1500.0,0.0,6.3
1569.5,2026-05-06T03:44:21.739414+00:00,74.6808,-0.1587,97.2306,-0.0171,0.75,0.0,1500.0,0.0,6.3
1570.0,2026-05-06T03:44:22.247922+00:00,74.6043,-0.122,96.9459,-0.1289,0.75,0.0,1500.0,0.0,6.3
1570.5,2026-05-06T03:44:22.739461+00:00,74.6727,-0.0937,96.7038,-0.1839,0.75,0.0,1500.0,0.0,6.3
1571.0,2026-05-06T03:44:23.239430+00:00,74.7253,0.0552,96.541,-0.257,0.75,0.0,1500.0,0.0,6.3
1571.5,2026-05-06T03:44:23.739453+00:00,74.6385,-0.0212,96.5084,-0.2438,0.75,0.0,1500.0,0.0,6.3
1572.0,2026-05-06T03:44:24.239439+00:00,74.699,0.0473,96.5064,-0.2645,0.75,0.0,1500.0,0.0,6.3
1572.5,2026-05-06T03:44:24.746713+00:00,74.7455,0.0364,96.3892,-0.2805,0.75,0.0,1500.0,0.0,6.3
1573.0,2026-05-06T03:44:25.239474+00:00,74.5267,-0.0993,96.5306,-0.1384,0.75,0.0,1500.0,0.0,6.3512
1573.5,2026-05-06T03:44:25.739441+00:00,74.6131,-0.0127,96.6392,-0.0216,0.75,0.0,1500.0,0.0,6.325
1574.0,2026-05-06T03:44:26.239446+00:00,74.5522,-0.0734,96.5838,0.0143,0.75,0.0,1500.0,0.0,6.3122
1574.5,2026-05-06T03:44:26.741578+00:00,74.6327,-0.0564,96.7958,0.0958,0.75,0.0,1500.0,0.0,6.306
1575.0,2026-05-06T03:44:27.248055+00:00,74.5673,0.0203,96.7042,0.0659,0.75,0.0,1500.0,0.0,6.3029
1575.5,2026-05-06T03:44:27.739510+00:00,74.6443,0.0156,96.7727,0.1278,0.75,0.0,1500.0,0.0,6.3014
1576.0,2026-05-06T03:44:28.239444+00:00,74.5762,0.012,96.5939,0.0211,0.75,0.0,1500.0,0.0,6.3007
1576.5,2026-05-06T03:44:28.739449+00:00,74.3966,-0.1181,96.6647,0.0085,0.75,0.0,1500.0,0.0,6.3003
1577.0,2026-05-06T03:44:29.239421+00:00,74.3858,-0.0907,96.6266,0.0143,0.75,0.0,1500.0,0.0,6.3002
1577.5,2026-05-06T03:44:29.748345+00:00,74.3775,-0.1334,96.5973,-0.0662,0.75,0.0,1500.0,0.0,6.3001
1578.0,2026-05-06T03:44:30.239441+00:00,74.3711,-0.1025,96.5748,-0.0432,0.75,0.0,1500.0,0.0,6.3
1578.5,2026-05-06T03:44:30.739456+00:00,74.6208,0.1121,96.65,-0.0409,0.75,0.0,1500.0,0.0,6.3
1579.0,2026-05-06T03:44:31.240066+00:00,74.5581,0.0862,96.731,0.0457,0.75,0.0,1500.0,0.0,6.3
1579.5,2026-05-06T03:44:31.740110+00:00,74.51,0.0662,96.5619,-0.0343,0.75,0.0,1500.0,0.0,6.3
1580.0,2026-05-06T03:44:32.247743+00:00,74.6002,0.1145,96.7789,0.0508,0.75,0.0,1500.0,0.0,6.3
1580.5,2026-05-06T03:44:32.740990+00:00,74.5423,-0.0392,96.9458,0.1162,0.75,0.0,1500.0,0.0,6.3
1581.0,2026-05-06T03:44:33.239462+00:00,74.6251,0.0335,96.8426,0.0893,0.75,0.0,1500.0,0.0,6.3
1581.5,2026-05-06T03:44:33.739448+00:00,74.5614,0.0257,96.8791,0.0763,0.75,0.0,1500.0,0.0,6.3
1582.003598,2026-05-06T03:44:34.243265+00:00,74.5125,-0.0439,96.907,0.0587,0.75,0.0,1500.0,0.0,6.3
1582.5,2026-05-06T03:44:34.745808+00:00,74.0931,-0.2246,97.0443,0.1608,0.75,0.0,1500.0,0.0,6.3
1583.0,2026-05-06T03:44:35.239450+00:00,74.1525,-0.2363,97.1497,0.1236,0.75,0.0,1500.0,0.0,6.3
1583.5,2026-05-06T03:44:35.739518+00:00,74.3255,-0.118,97.1151,0.0564,0.75,0.0,1500.0,0.0,6.3
1584.0,2026-05-06T03:44:36.239474+00:00,74.4584,-0.027,97.0884,0.0819,0.75,0.0,1500.0,0.0,6.3
1584.5,2026-05-06T03:44:36.739414+00:00,74.3061,0.1065,96.9523,0.0244,0.75,0.0,1500.0,0.0,6.3
1585.0,2026-05-06T03:44:37.248247+00:00,74.3162,0.0819,96.7088,-0.0661,0.75,0.0,1500.0,0.0,6.3
1585.5,2026-05-06T03:44:37.739428+00:00,74.5786,0.1265,96.6373,-0.1356,0.75,0.0,1500.0,0.0,6.3
1586.0,2026-05-06T03:44:38.239721+00:00,74.653,0.0973,96.7213,-0.1428,0.75,0.0,1500.0,0.0,6.3
1586.5,2026-05-06T03:44:38.739442+00:00,74.8374,0.2657,96.5312,-0.1946,0.75,0.0,1500.0,0.0,6.3
1587.0,2026-05-06T03:44:39.239406+00:00,74.8519,0.2678,96.6397,-0.1496,0.75,0.0,1500.0,0.0,6.3
1587.5,2026-05-06T03:44:39.747130+00:00,74.863,0.1422,96.8388,-0.0378,0.75,0.0,1500.0,0.0,6.3
1588.0,2026-05-06T03:44:40.240035+00:00,74.8716,0.1093,96.6215,-0.0291,0.75,0.0,1500.0,0.0,6.3
1588.5,2026-05-06T03:44:40.739428+00:00,74.8782,0.0204,96.4777,-0.0532,0.75,0.0,1500.0,0.0,6.3
1589.0,2026-05-06T03:44:41.239451+00:00,74.8832,0.0157,96.3672,-0.118,0.75,0.0,1500.0,0.0,6.3
1589.5,2026-05-06T03:44:41.739434+00:00,74.7598,-0.0516,96.1434,-0.1293,0.75,0.0,1500.0,0.0,6.3
1590.0,2026-05-06T03:44:42.249223+00:00,74.7923,-0.0397,96.4573,-0.0608,0.75,0.0,1500.0,0.0,6.3
1590.5,2026-05-06T03:44:42.739704+00:00,74.5627,-0.1578,96.4672,-0.1239,0.75,0.0,1500.0,0.0,6.3
1591.0,2026-05-06T03:44:43.239441+00:00,74.5134,-0.1849,96.5673,-0.0181,0.75,0.0,1500.0,0.0,6.3
1591.5,2026-05-06T03:44:43.739453+00:00,74.4756,-0.1421,96.7831,0.1018,0.75,0.0,1500.0,0.0,6.3
1592.0,2026-05-06T03:44:44.239407+00:00,74.5738,-0.1092,96.8333,0.1554,0.75,0.0,1500.0,0.0,6.3
1592.5,2026-05-06T03:44:44.748986+00:00,74.6493,0.0433,96.7562,0.2043,0.75,0.0,1500.0,0.0,6.3
1593.0,2026-05-06T03:44:45.241384+00:00,74.7073,0.0969,96.8126,0.1184,0.75,0.0,1500.0,0.0,6.3
1593.5,2026-05-06T03:44:45.739470+00:00,74.6246,0.0745,96.9717,0.1682,0.75,0.0,1500.0,0.0,6.3
1594.0,2026-05-06T03:44:46.239404+00:00,74.8156,0.1209,97.0939,0.1755,0.75,0.0,1500.0,0.0,6.3
1594.5,2026-05-06T03:44:46.739952+00:00,74.7079,0.0293,97.1879,0.1349,0.75,0.0,1500.0,0.0,6.3
1595.0,2026-05-06T03:44:47.246362+00:00,74.7523,0.0225,97.1444,0.1037,0.75,0.0,1500.0,0.0,6.3
1595.5,2026-05-06T03:44:47.739425+00:00,74.9138,0.1446,97.2267,0.1568,0.75,0.0,1500.0,0.0,6.3
1596.0,2026-05-06T03:44:48.239576+00:00,74.7833,-0.0162,97.1742,0.1205,0.75,0.0,1500.0,0.0,6.3
1596.5,2026-05-06T03:44:48.739451+00:00,74.8103,0.0512,97.1339,0.0541,0.75,0.0,1500.0,0.0,6.3
1597.0,2026-05-06T03:44:49.239606+00:00,74.8311,0.0394,97.2186,0.0416,0.75,0.0,1500.0,0.0,6.3
1597.50069,2026-05-06T03:44:49.747798+00:00,74.7198,-0.097,97.0292,-0.0529,0.75,0.0,1500.0,0.0,6.3
1598.0,2026-05-06T03:44:50.239420+00:00,74.6342,-0.0746,97.0224,-0.0407,0.75,0.0,1500.0,0.0,6.3512
1598.5,2026-05-06T03:44:50.740959+00:00,74.6957,-0.0573,97.1329,-0.0312,0.75,0.0,1500.0,0.0,6.325
1599.0,2026-05-06T03:44:51.239440+00:00,74.743,-0.044,97.2179,0.0145,0.75,0.0,1500.0,0.0,6.3122
1599.5,2026-05-06T03:44:51.739805+00:00,74.652,-0.0339,97.2832,0.0497,0.75,0.0,1500.0,0.0,6.306
1600.0,2026-05-06T03:44:52.249860+00:00,74.4549,-0.0897,97.3333,0.0382,0.75,0.0,1500.0,0.0,6.3029
1600.5,2026-05-06T03:44:52.739732+00:00,74.3033,-0.1962,97.3719,0.1142,0.75,0.0,1500.0,0.0,6.3014
1601.0,2026-05-06T03:44:53.241016+00:00,74.4414,-0.1508,97.4015,0.1264,0.75,0.0,1500.0,0.0,6.3007
1601.5,2026-05-06T03:44:53.739445+00:00,74.4203,-0.1159,97.4243,0.0971,0.75,0.0,1500.0,0.0,6.3003
1602.0,2026-05-06T03:44:54.239430+00:00,74.5313,0.0382,97.4418,0.0747,0.75,0.0,1500.0,0.0,6.3002
1602.5,2026-05-06T03:44:54.748417+00:00,74.6166,0.1566,97.4553,0.0574,0.75,0.0,1500.0,0.0,6.3001
1603.0,2026-05-06T03:44:55.239430+00:00,74.4276,-0.0069,97.4656,0.0441,0.75,0.0,1500.0,0.0,6.3
1603.5,2026-05-06T03:44:55.739521+00:00,74.6642,0.122,97.4736,0.0339,0.75,0.0,1500.0,0.0,6.3
1604.0,2026-05-06T03:44:56.239446+00:00,74.5915,0.0301,97.4797,0.0261,0.75,0.0,1500.0,0.0,6.3
1604.5,2026-05-06T03:44:56.739419+00:00,74.4083,-0.1041,97.3687,-0.0185,0.75,0.0,1500.0,0.0,6.3
1605.0,2026-05-06T03:44:57.252510+00:00,74.3948,-0.0164,97.2834,-0.0528,0.75,0.0,1500.0,0.0,6.3
1605.5,2026-05-06T03:44:57.739499+00:00,74.5117,-0.0762,97.1021,-0.1177,0.75,0.0,1500.0,0.0,6.3
1606.0,2026-05-06T03:44:58.239884+00:00,74.347,-0.1222,97.1942,-0.0905,0.75,0.0,1500.0,0.0,6.3
1606.5,2026-05-06T03:44:58.739464+00:00,74.475,0.0333,97.0335,-0.1467,0.75,0.0,1500.0,0.0,6.3
1607.0,2026-05-06T03:44:59.240346+00:00,74.3188,-0.038,97.0258,-0.1513,0.75,0.0,1500.0,0.0,6.3
1607.5,2026-05-06T03:44:59.746776+00:00,74.326,-0.0929,97.2512,-0.0392,0.75,0.0,1500.0,0.0,6.3
1608.0,2026-05-06T03:45:00.239414+00:00,74.4588,0.0559,97.0774,-0.0687,0.75,0.0,1500.0,0.0,6.3
1608.5,2026-05-06T03:45:00.739417+00:00,74.3064,-0.0843,97.1752,0.0244,0.75,0.0,1500.0,0.0,6.3
1609.0,2026-05-06T03:45:01.239484+00:00,74.4437,0.0625,97.2503,0.0187,0.75,0.0,1500.0,0.0,6.3
1609.5,2026-05-06T03:45:01.739453+00:00,74.4221,0.048,97.1924,0.053,0.75,0.0,1500.0,0.0,6.3
1610.0,2026-05-06T03:45:02.244991+00:00,74.2781,-0.0904,97.2636,0.0793,0.75,0.0,1500.0,0.0,6.3
1610.5,2026-05-06T03:45:02.739435+00:00,74.422,0.0578,97.2026,-0.0162,0.75,0.0,1500.0,0.0,6.3
1611.0,2026-05-06T03:45:03.239504+00:00,74.5326,0.0444,97.1326,0.0184,0.75,0.0,1500.0,0.0,6.3
1611.5,2026-05-06T03:45:03.739587+00:00,74.6176,0.0978,97.2176,0.0141,0.75,0.0,1500.0,0.0,6.3
1612.0,2026-05-06T03:45:04.239473+00:00,74.683,0.2024,96.8201,-0.1434,0.75,0.0,1500.0,0.0,6.3
1612.5,2026-05-06T03:45:04.746686+00:00,74.8605,0.2192,96.8618,-0.1102,0.75,0.0,1500.0,0.0,6.3
1613.0,2026-05-06T03:45:05.239398+00:00,74.7423,0.1049,96.8938,-0.1233,0.75,0.0,1500.0,0.0,6.3
1613.5,2026-05-06T03:45:05.741317+00:00,74.7788,0.0806,96.9183,-0.0948,0.75,0.0,1500.0,0.0,6.3
1614.0,2026-05-06T03:45:06.239750+00:00,74.6796,-0.0017,97.0529,-0.0265,0.75,0.0,1500.0,0.0,6.3
1614.5,2026-05-06T03:45:06.739434+00:00,74.4761,-0.1922,96.925,-0.0975,0.75,0.0,1500.0,0.0,6.3
1615.0,2026-05-06T03:45:07.246748+00:00,74.4469,-0.1477,97.058,0.0793,0.75,0.0,1500.0,0.0,6.2488
1615.5,2026-05-06T03:45:07.739512+00:00,74.4245,-0.1772,97.1603,0.0995,0.75,0.0,1500.0,0.0,6.275
1616.0,2026-05-06T03:45:08.239486+00:00,74.5345,-0.0725,97.0075,0.0379,0.75,0.0,1500.0,0.0,6.2878
1616.5,2026-05-06T03:45:08.739439+00:00,74.4918,0.0079,97.0058,0.0291,0.75,0.0,1500.0,0.0,6.294
1617.0,2026-05-06T03:45:09.239777+00:00,74.459,0.0061,97.0044,-0.0162,0.75,0.0,1500.0,0.0,6.2971
1617.5,2026-05-06T03:45:09.748906+00:00,74.4338,0.0047,96.772,-0.051,0.75,0.0,1500.0,0.0,6.2986
1618.0,2026-05-06T03:45:10.239442+00:00,74.5417,0.0036,96.9173,-0.0469,0.75,0.0,1500.0,0.0,6.2993
1618.5,2026-05-06T03:45:10.741291+00:00,74.7518,0.13,96.8208,-0.1132,0.75,0.0,1500.0,0.0,6.2997
1619.0,2026-05-06T03:45:11.239439+00:00,74.9134,0.2272,97.0936,0.0287,0.75,0.0,1500.0,0.0,6.2998
1619.5,2026-05-06T03:45:11.739765+00:00,74.9103,0.2383,97.072,0.0221,0.75,0.0,1500.0,0.0,6.2999
1620.0,2026-05-06T03:45:12.245498+00:00,74.7806,0.1195,96.9396,-0.0216,0.75,0.0,1500.0,0.0,6.3
1620.5,2026-05-06T03:45:12.739413+00:00,74.681,-0.0354,97.0693,0.0991,0.75,0.0,1500.0,0.0,6.3
1621.0,2026-05-06T03:45:13.241357+00:00,74.7317,-0.0909,97.169,0.0839,0.75,0.0,1500.0,0.0,6.3
1621.5,2026-05-06T03:45:13.739426+00:00,74.6434,-0.1335,97.1299,0.103,0.75,0.0,1500.0,0.0,6.3
1622.0,2026-05-06T03:45:14.239447+00:00,74.3209,-0.2299,97.2155,0.0406,0.75,0.0,1500.0,0.0,6.3
1622.5,2026-05-06T03:45:14.747246+00:00,74.3277,-0.1767,97.1656,0.0312,0.75,0.0,1500.0,0.0,6.3
1623.0,2026-05-06T03:45:15.239415+00:00,74.2056,-0.2631,97.1042,0.0549,0.75,0.0,1500.0,0.0,6.3
1623.5,2026-05-06T03:45:15.739476+00:00,74.239,-0.2022,97.1958,0.0422,0.75,0.0,1500.0,0.0,6.3
1624.0,2026-05-06T03:45:16.239715+00:00,74.2647,-0.0281,97.0348,-0.0447,0.75,0.0,1500.0,0.0,6.3
1624.5,2026-05-06T03:45:16.739440+00:00,74.2844,-0.0216,97.2581,0.0428,0.75,0.0,1500.0,0.0,6.3
1625.0,2026-05-06T03:45:17.253292+00:00,74.4269,0.1107,97.3141,0.0329,0.75,0.0,1500.0,0.0,6.3
1625.5,2026-05-06T03:45:17.739444+00:00,74.5363,0.1487,97.3571,0.0638,0.75,0.0,1500.0,0.0,6.3
1626.0,2026-05-06T03:45:18.239452+00:00,74.4932,0.1143,97.5059,0.1339,0.75,0.0,1500.0,0.0,6.3
1626.5,2026-05-06T03:45:18.739605+00:00,74.5874,0.1515,97.1343,-0.0205,0.75,0.0,1500.0,0.0,6.3
1627.0,2026-05-06T03:45:19.239764+00:00,74.6597,0.1164,97.2189,0.0614,0.75,0.0,1500.0,0.0,6.3
1627.5,2026-05-06T03:45:19.744976+00:00,74.588,0.0258,97.1451,-0.0377,0.75,0.0,1500.0,0.0,6.3
1628.0,2026-05-06T03:45:20.239709+00:00,74.6602,0.0835,96.7644,-0.1832,0.75,0.0,1500.0,0.0,6.3
1628.5,2026-05-06T03:45:20.739772+00:00,74.7157,0.0642,96.7958,-0.1871,0.75,0.0,1500.0,0.0,6.3
1629.0,2026-05-06T03:45:21.239478+00:00,74.7584,0.0493,96.7274,-0.2595,0.75,0.0,1500.0,0.0,6.3
1629.5,2026-05-06T03:45:21.739433+00:00,74.6639,0.0379,96.559,-0.1917,0.75,0.0,1500.0,0.0,6.3
1630.0,2026-05-06T03:45:22.243934+00:00,74.5912,-0.0345,96.4297,-0.2631,0.75,0.0,1500.0,0.0,6.3
1630.5,2026-05-06T03:45:22.739415+00:00,74.6627,-0.0265,96.5385,-0.2022,0.75,0.0,1500.0,0.0,6.3
1631.0,2026-05-06T03:45:23.239454+00:00,74.8449,0.0433,96.5296,-0.0783,0.75,0.0,1500.0,0.0,6.3
1631.5,2026-05-06T03:45:23.739413+00:00,74.7304,0.0332,96.6385,-0.0525,0.75,0.0,1500.0,0.0,6.3
1632.0,2026-05-06T03:45:24.240915+00:00,74.7696,0.0892,96.6064,-0.0403,0.75,0.0,1500.0,0.0,6.3
1632.5,2026-05-06T03:45:24.746994+00:00,74.5452,-0.0587,96.4661,-0.031,0.75,0.0,1500.0,0.0,6.3
1633.0,2026-05-06T03:45:25.239491+00:00,74.6273,-0.1088,96.7053,0.0919,0.75,0.0,1500.0,0.0,6.3
1633.5,2026-05-06T03:45:25.739437+00:00,74.6904,-0.02,96.6578,0.0398,0.75,0.0,1500.0,0.0,6.3
1634.0,2026-05-06T03:45:26.239422+00:00,74.7389,-0.0153,96.4825,-0.0157,0.75,0.0,1500.0,0.0,6.3
1634.5,2026-05-06T03:45:26.740203+00:00,74.6489,0.0518,96.3477,-0.0969,0.75,0.0,1500.0,0.0,6.3
1635.0,2026-05-06T03:45:27.246576+00:00,74.707,0.0398,96.3598,-0.0822,0.75,0.0,1500.0,0.0,6.3
1635.5,2026-05-06T03:45:27.739433+00:00,74.7517,0.0306,96.2765,-0.0632,0.75,0.0,1500.0,0.0,6.3
1636.0,2026-05-06T03:45:28.240692+00:00,74.786,0.0235,96.4439,-0.0871,0.75,0.0,1500.0,0.0,6.3
1636.5,2026-05-06T03:45:28.740964+00:00,74.8124,0.0817,96.3412,-0.1055,0.75,0.0,1500.0,0.0,6.3
1637.0,2026-05-06T03:45:29.239438+00:00,74.7054,-0.0008,96.4937,0.0037,0.75,0.0,1500.0,0.0,6.3
1637.5,2026-05-06T03:45:29.746667+00:00,74.7504,-0.0006,96.7265,0.1263,0.75,0.0,1500.0,0.0,6.3
1638.0,2026-05-06T03:45:30.239476+00:00,74.6578,-0.0641,96.7898,0.1433,0.75,0.0,1500.0,0.0,6.3
1638.5,2026-05-06T03:45:30.739405+00:00,74.5865,-0.1129,97.0698,0.2644,0.75,0.0,1500.0,0.0,6.3
1639.0,2026-05-06T03:45:31.239483+00:00,74.5318,-0.0868,97.1694,0.2418,0.75,0.0,1500.0,0.0,6.3
1639.5,2026-05-06T03:45:31.739444+00:00,74.3625,-0.194,97.1302,0.263,0.75,0.0,1500.0,0.0,6.3
1640.0,2026-05-06T03:45:32.244769+00:00,74.3596,-0.1491,97.3315,0.2793,0.75,0.0,1500.0,0.0,6.3
1640.5,2026-05-06T03:45:32.739601+00:00,74.4846,-0.051,97.2548,0.1761,0.75,0.0,1500.0,0.0,6.3
1641.0,2026-05-06T03:45:33.239770+00:00,74.1989,-0.1664,97.3115,0.1739,0.75,0.0,1500.0,0.0,6.3
1641.5,2026-05-06T03:45:33.740986+00:00,74.4884,0.063,97.3551,0.0951,0.75,0.0,1500.0,0.0,6.3
1642.0,2026-05-06T03:45:34.239452+00:00,74.5837,0.112,97.1341,-0.0118,0.75,0.0,1500.0,0.0,6.3
1642.5,2026-05-06T03:45:34.748633+00:00,74.5296,0.0225,97.3345,0.0681,0.75,0.0,1500.0,0.0,6.3
1643.0,2026-05-06T03:45:35.239611+00:00,74.6153,0.2082,97.1414,-0.0634,0.75,0.0,1500.0,0.0,6.3
1643.5,2026-05-06T03:45:35.739431+00:00,74.6812,0.0964,97.1087,-0.0487,0.75,0.0,1500.0,0.0,6.3
1644.0,2026-05-06T03:45:36.239453+00:00,74.6046,0.0104,97.1992,-0.0374,0.75,0.0,1500.0,0.0,6.3
1644.5,2026-05-06T03:45:36.739518+00:00,74.2911,-0.1192,96.8986,-0.1522,0.75,0.0,1500.0,0.0,6.3
1645.0,2026-05-06T03:45:37.246560+00:00,74.1775,-0.2189,96.8295,-0.1015,0.75,0.0,1500.0,0.0,6.3
1645.5,2026-05-06T03:45:37.739841+00:00,74.4719,-0.1046,96.7532,-0.1937,0.75,0.0,1500.0,0.0,6.3
1646.0,2026-05-06T03:45:38.239469+00:00,74.571,-0.0168,96.8103,-0.1103,0.75,0.0,1500.0,0.0,6.3
1646.5,2026-05-06T03:45:38.739462+00:00,74.5198,0.1144,96.9699,-0.0462,0.75,0.0,1500.0,0.0,6.3
1647.0,2026-05-06T03:45:39.239411+00:00,74.6078,0.2152,96.8612,-0.1127,0.75,0.0,1500.0,0.0,6.3
1647.5,2026-05-06T03:45:39.748272+00:00,74.4209,-0.0255,96.6619,-0.0789,0.75,0.0,1500.0,0.0,6.3
1648.0,2026-05-06T03:45:40.239425+00:00,74.4045,-0.0833,96.7401,-0.0298,0.75,0.0,1500.0,0.0,6.3
1648.5,2026-05-06T03:45:40.739464+00:00,74.5191,-0.0004,96.8003,0.0157,0.75,0.0,1500.0,0.0,6.3
1649.0,2026-05-06T03:45:41.239430+00:00,74.6073,-0.0003,96.4763,-0.1114,0.75,0.0,1500.0,0.0,6.3
1649.5,2026-05-06T03:45:41.739754+00:00,74.4205,-0.0002,96.5974,-0.1242,0.75,0.0,1500.0,0.0,6.3
1650.0,2026-05-06T03:45:42.246485+00:00,74.2769,-0.0638,96.5518,-0.1031,0.75,0.0,1500.0,0.0,6.3
1650.5,2026-05-06T03:45:42.739457+00:00,74.1665,-0.1763,96.5166,-0.0484,0.75,0.0,1500.0,0.0,6.3
1651.0,2026-05-06T03:45:43.240201+00:00,74.3363,-0.1355,96.7211,-0.0064,0.75,0.0,1500.0,0.0,6.3
1651.5,2026-05-06T03:45:43.740851+00:00,74.3394,-0.0405,96.5311,-0.0897,0.75,0.0,1500.0,0.0,6.3
1652.0,2026-05-06T03:45:44.239414+00:00,74.3419,0.0325,96.5007,0.0082,0.75,0.0,1500.0,0.0,6.3
1652.5,2026-05-06T03:45:44.847391+00:00,74.3438,0.0886,96.5006,-0.0323,0.75,0.0,1500.0,0.0,6.3
1653.0,2026-05-06T03:45:45.240404+00:00,74.3452,0.0045,96.6161,0.0215,0.75,0.0,1500.0,0.0,6.3
1653.5,2026-05-06T03:45:45.739447+00:00,74.219,-0.0602,96.5661,0.0165,0.75,0.0,1500.0,0.0,6.3
1654.0,2026-05-06T03:45:46.239784+00:00,74.2493,-0.0463,96.6665,-0.0182,0.75,0.0,1500.0,0.0,6.3
1654.5,2026-05-06T03:45:46.739448+00:00,74.5272,0.0917,96.8594,0.1094,0.75,0.0,1500.0,0.0,6.3
1655.0,2026-05-06T03:45:47.244464+00:00,74.4862,0.0705,97.0076,0.169,0.75,0.0,1500.0,0.0,6.3
1655.5,2026-05-06T03:45:47.739428+00:00,74.5819,0.1814,97.0059,0.1684,0.75,0.0,1500.0,0.0,6.3
1656.0,2026-05-06T03:45:48.239422+00:00,74.6555,0.2031,97.0045,0.1295,0.75,0.0,1500.0,0.0,6.3
1656.5,2026-05-06T03:45:48.740592+00:00,74.5848,0.0288,97.0035,0.1458,0.75,0.0,1500.0,0.0,6.3
1657.0,2026-05-06T03:45:49.239493+00:00,74.4032,-0.0415,97.0027,0.112,0.75,0.0,1500.0,0.0,6.3
1657.5,2026-05-06T03:45:49.745349+00:00,74.3909,-0.0955,96.8863,0.009,0.75,0.0,1500.0,0.0,6.3
1658.0,2026-05-06T03:45:50.239490+00:00,74.3814,-0.137,96.9126,-0.0317,0.75,0.0,1500.0,0.0,6.3
1658.5,2026-05-06T03:45:50.740104+00:00,74.3742,-0.1053,96.8172,-0.0629,0.75,0.0,1500.0,0.0,6.3
1659.0,2026-05-06T03:45:51.239436+00:00,74.4958,0.0463,96.7206,-0.0946,0.75,0.0,1500.0,0.0,6.3
1659.5,2026-05-06T03:45:51.739436+00:00,74.7166,0.1629,96.6696,-0.1113,0.75,0.0,1500.0,0.0,6.3
1660.0,2026-05-06T03:45:52.245501+00:00,74.6318,0.1252,96.6072,-0.1318,0.75,0.0,1500.0,0.0,6.3
1660.5,2026-05-06T03:45:52.739426+00:00,74.5666,0.0962,96.8138,-0.0242,0.75,0.0,1500.0,0.0,6.3
1661.0,2026-05-06T03:45:53.239475+00:00,74.6437,0.0739,96.8569,-0.0186,0.75,0.0,1500.0,0.0,6.3
1661.5,2026-05-06T03:45:53.739444+00:00,74.703,-0.0068,96.7512,-0.022,0.75,0.0,1500.0,0.0,6.3
1662.0,2026-05-06T03:45:54.239437+00:00,74.6213,-0.0052,96.8087,0.0294,0.75,0.0,1500.0,0.0,6.3
1662.5,2026-05-06T03:45:54.746786+00:00,74.4313,-0.0677,96.9687,0.0997,0.75,0.0,1500.0,0.0,6.3
1663.0,2026-05-06T03:45:55.239434+00:00,74.5397,-0.052,96.8602,0.0843,0.75,0.0,1500.0,0.0,6.3
1663.5,2026-05-06T03:45:55.739439+00:00,74.6231,-0.04,97.0083,0.0648,0.75,0.0,1500.0,0.0,6.3
1664.0,2026-05-06T03:45:56.239443+00:00,74.6872,0.0329,97.0064,0.0498,0.75,0.0,1500.0,0.0,6.3
1664.5,2026-05-06T03:45:56.739472+00:00,74.7364,0.1526,97.1206,0.1231,0.75,0.0,1500.0,0.0,6.3
1665.0,2026-05-06T03:45:57.246187+00:00,74.647,0.0536,97.2084,0.1332,0.75,0.0,1500.0,0.0,6.3
1665.5,2026-05-06T03:45:57.739418+00:00,74.5783,-0.0224,97.0445,0.0253,0.75,0.0,1500.0,0.0,6.3
1666.0,2026-05-06T03:45:58.239500+00:00,74.6527,-0.0172,97.1499,0.0965,0.75,0.0,1500.0,0.0,6.3
1666.5,2026-05-06T03:45:58.739405+00:00,74.5827,-0.0769,97.1152,0.0356,0.75,0.0,1500.0,0.0,6.3
1667.0,2026-05-06T03:45:59.239441+00:00,74.6561,0.0045,97.0885,0.0274,0.75,0.0,1500.0,0.0,6.3
1667.5,2026-05-06T03:45:59.747579+00:00,74.5853,0.0035,97.1838,0.0211,0.75,0.0,1500.0,0.0,6.3
1668.0,2026-05-06T03:46:00.239455+00:00,74.6581,0.0027,97.1412,-0.0224,0.75,0.0,1500.0,0.0,6.3
1668.5,2026-05-06T03:46:00.739759+00:00,74.7141,0.0657,97.0854,0.0136,0.75,0.0,1500.0,0.0,6.3
1669.0,2026-05-06T03:46:01.239593+00:00,74.5026,-0.0768,96.9268,-0.0744,0.75,0.0,1500.0,0.0,6.3
1669.5,2026-05-06T03:46:01.739424+00:00,74.34,-0.1226,96.8049,-0.1034,0.75,0.0,1500.0,0.0,6.3
1670.0,2026-05-06T03:46:02.249626+00:00,74.4696,-0.0943,96.8269,-0.0872,0.75,0.0,1500.0,0.0,6.3
1670.5,2026-05-06T03:46:02.739516+00:00,74.5692,-0.0725,96.7513,-0.1442,0.75,0.0,1500.0,0.0,6.3
1671.0,2026-05-06T03:46:03.239420+00:00,74.5185,0.0079,96.6931,-0.1494,0.75,0.0,1500.0,0.0,6.3
1671.5,2026-05-06T03:46:03.739430+00:00,74.6067,0.1334,96.8798,-0.0685,0.75,0.0,1500.0,0.0,6.3
1672.0,2026-05-06T03:46:04.239449+00:00,74.6746,0.1025,97.0233,0.0322,0.75,0.0,1500.0,0.0,6.3
1672.5,2026-05-06T03:46:04.743709+00:00,74.7268,0.0788,96.8791,0.0247,0.75,0.0,1500.0,0.0,6.3
1673.0,2026-05-06T03:46:05.240091+00:00,74.6396,0.0606,97.0228,0.0653,0.75,0.0,1500.0,0.0,6.3
1673.5,2026-05-06T03:46:05.739437+00:00,74.6998,0.0465,97.0175,0.0887,0.75,0.0,1500.0,0.0,6.3
1674.0,2026-05-06T03:46:06.239408+00:00,74.7462,0.0358,97.1292,0.1453,0.75,0.0,1500.0,0.0,6.3
1674.5,2026-05-06T03:46:06.740150+00:00,74.6545,-0.0361,97.0993,0.0731,0.75,0.0,1500.0,0.0,6.3
1675.0,2026-05-06T03:46:07.245858+00:00,74.8386,0.0995,97.0763,0.0177,0.75,0.0,1500.0,0.0,6.2488
1675.5,2026-05-06T03:46:07.739461+00:00,74.7255,0.0128,97.0586,0.0598,0.75,0.0,1500.0,0.0,6.275
1676.0,2026-05-06T03:46:08.240185+00:00,74.7659,0.0099,97.0451,0.0074,0.75,0.0,1500.0,0.0,6.2878
1676.5,2026-05-06T03:46:08.740464+00:00,74.5424,-0.0561,97.1272,0.0366,0.75,0.0,1500.0,0.0,6.294
1677.0,2026-05-06T03:46:09.239481+00:00,74.3706,-0.234,97.2135,0.0281,0.75,0.0,1500.0,0.0,6.2971
1677.5,2026-05-06T03:46:09.750825+00:00,74.2386,-0.2435,97.0252,-0.0247,0.75,0.0,1500.0,0.0,6.2986
1678.00071,2026-05-06T03:46:10.240146+00:00,74.2643,-0.2508,96.9037,-0.0575,0.75,0.0,1500.0,0.0,6.2993
1678.5,2026-05-06T03:46:10.739424+00:00,74.2842,-0.1291,96.7871,-0.0905,0.75,0.0,1500.0,0.0,6.2997
1679.0,2026-05-06T03:46:11.239478+00:00,74.1721,-0.0992,96.7207,-0.1081,0.75,0.0,1500.0,0.0,6.2998
1679.5,2026-05-06T03:46:11.739445+00:00,74.3406,0.051,96.7853,-0.114,0.75,0.0,1500.0,0.0,6.2999
1680.0,2026-05-06T03:46:12.248550+00:00,74.47,0.1028,96.835,-0.1262,0.75,0.0,1500.0,0.0,6.3
1680.5,2026-05-06T03:46:12.739515+00:00,74.5695,0.1427,96.8732,-0.0507,0.75,0.0,1500.0,0.0,6.3
1681.0,2026-05-06T03:46:13.239991+00:00,74.3914,0.1097,96.9025,-0.0004,0.75,0.0,1500.0,0.0,6.3
1681.5,2026-05-06T03:46:13.739450+00:00,74.2546,-0.043,96.9251,0.046,0.75,0.0,1500.0,0.0,6.3
1682.0,2026-05-06T03:46:14.239408+00:00,74.4039,-0.033,97.1738,0.151,0.75,0.0,1500.0,0.0,6.3
1682.5,2026-05-06T03:46:14.747319+00:00,74.3915,-0.089,97.365,0.1932,0.75,0.0,1500.0,0.0,6.3
1683.0,2026-05-06T03:46:15.239433+00:00,74.3819,-0.0048,97.3962,0.1871,0.75,0.0,1500.0,0.0,6.3
1683.5,2026-05-06T03:46:15.739453+00:00,74.3745,0.06,97.3045,0.1438,0.75,0.0,1500.0,0.0,6.3
1684.0,2026-05-06T03:46:16.239441+00:00,74.3688,-0.0176,97.2341,0.1105,0.75,0.0,1500.0,0.0,6.3
1684.5,2026-05-06T03:46:16.739413+00:00,74.2372,-0.0771,97.2956,0.1235,0.75,0.0,1500.0,0.0,6.3
1685.0,2026-05-06T03:46:17.247330+00:00,74.3906,0.0044,97.3429,0.0564,0.75,0.0,1500.0,0.0,6.3
1685.5,2026-05-06T03:46:17.739437+00:00,74.3812,0.0033,97.2636,-0.0338,0.75,0.0,1500.0,0.0,6.3
1686.0,2026-05-06T03:46:18.239494+00:00,74.5012,0.0662,97.3183,-0.026,0.75,0.0,1500.0,0.0,6.3
1686.5,2026-05-06T03:46:18.739447+00:00,74.4662,0.1145,97.3603,0.0186,0.75,0.0,1500.0,0.0,6.3
1687.0,2026-05-06T03:46:19.239423+00:00,74.4393,0.0244,97.2769,0.0143,0.75,0.0,1500.0,0.0,6.3
1687.5,2026-05-06T03:46:19.746298+00:00,74.5459,0.0824,97.3286,0.011,0.75,0.0,1500.0,0.0,6.3
1688.0,2026-05-06T03:46:20.239426+00:00,74.5006,-0.0003,97.16,-0.061,0.75,0.0,1500.0,0.0,6.3
1688.5,2026-05-06T03:46:20.740157+00:00,74.3385,-0.0639,97.123,-0.0469,0.75,0.0,1500.0,0.0,6.3
1689.0,2026-05-06T03:46:21.239749+00:00,74.4684,0.0145,97.2102,-0.036,0.75,0.0,1500.0,0.0,6.3
1689.5,2026-05-06T03:46:21.739417+00:00,74.441,-0.0525,97.1616,-0.0663,0.75,0.0,1500.0,0.0,6.3
1690.0,2026-05-06T03:46:22.244359+00:00,74.42,-0.0403,97.2399,-0.0124,0.75,0.0,1500.0,0.0,6.2488
1690.5,2026-05-06T03:46:22.739561+00:00,74.4038,0.0326,97.3001,-0.0095,0.75,0.0,1500.0,0.0,6.275
1691.0,2026-05-06T03:46:23.239399+00:00,74.5186,0.0251,97.3463,0.0621,0.75,0.0,1500.0,0.0,6.2878
1691.5,2026-05-06T03:46:23.739428+00:00,74.4796,0.0193,97.3819,0.0863,0.75,0.0,1500.0,0.0,6.294
1692.0,2026-05-06T03:46:24.239431+00:00,74.3223,-0.0488,97.2935,0.0278,0.75,0.0,1500.0,0.0,6.2971
1692.5,2026-05-06T03:46:24.746345+00:00,74.3287,-0.0375,97.2256,0.0213,0.75,0.0,1500.0,0.0,6.2986
1693.0,2026-05-06T03:46:25.239450+00:00,74.3337,-0.0925,97.2891,0.0164,0.75,0.0,1500.0,0.0,6.2993
1693.5,2026-05-06T03:46:25.739445+00:00,74.2102,-0.1347,97.3379,0.0126,0.75,0.0,1500.0,0.0,6.2997
1694.0,2026-05-06T03:46:26.239498+00:00,74.2425,-0.0399,97.3754,0.0097,0.75,0.0,1500.0,0.0,6.2998
1694.5,2026-05-06T03:46:26.740513+00:00,74.2674,-0.0307,97.2885,-0.0311,0.75,0.0,1500.0,0.0,6.2999
1695.0,2026-05-06T03:46:27.245804+00:00,74.4138,0.0401,97.2218,-0.0239,0.75,0.0,1500.0,0.0,6.3
1695.5,2026-05-06T03:46:27.740126+00:00,74.399,0.0944,97.2862,0.0202,0.75,0.0,1500.0,0.0,6.3
1696.0,2026-05-06T03:46:28.239416+00:00,74.5149,0.1362,97.3356,0.0155,0.75,0.0,1500.0,0.0,6.3
1696.5,2026-05-06T03:46:28.739435+00:00,74.3495,0.0411,97.258,-0.0266,0.75,0.0,1500.0,0.0,6.3
1697.0,2026-05-06T03:46:29.239434+00:00,74.3496,-0.0321,97.314,-0.0205,0.75,0.0,1500.0,0.0,6.3
1697.5,2026-05-06T03:46:29.745875+00:00,74.477,0.039,97.2413,-0.0157,0.75,0.0,1500.0,0.0,6.3
1698.0,2026-05-06T03:46:30.239456+00:00,74.3203,-0.0973,97.1855,-0.0121,0.75,0.0,1500.0,0.0,6.3
1698.5,2026-05-06T03:46:30.739470+00:00,74.1999,-0.0748,97.0269,-0.0864,0.75,0.0,1500.0,0.0,6.3512
1699.0,2026-05-06T03:46:31.239414+00:00,74.1074,-0.1211,97.0206,-0.105,0.75,0.0,1500.0,0.0,6.3762
1699.5,2026-05-06T03:46:31.739520+00:00,74.1635,-0.1567,97.0159,-0.0807,0.75,0.0,1500.0,0.0,6.3884
1700.0,2026-05-06T03:46:32.246004+00:00,74.2067,-0.0568,97.1279,-0.062,0.75,0.0,1500.0,0.0,6.3431
1700.5,2026-05-06T03:46:32.739720+00:00,74.3671,0.0836,97.214,-0.0091,0.75,0.0,1500.0,0.0,6.3722
1701.0,2026-05-06T03:46:33.239414+00:00,74.3632,0.1279,97.0488,-0.0456,0.75,0.0,1500.0,0.0,6.3353
1701.5,2026-05-06T03:46:33.739403+00:00,74.3601,0.0983,96.9218,-0.035,0.75,0.0,1500.0,0.0,6.3172
1702.0,2026-05-06T03:46:34.239451+00:00,74.3578,0.0755,97.0556,0.0116,0.75,0.0,1500.0,0.0,6.3084
1702.5,2026-05-06T03:46:34.746542+00:00,74.356,-0.0056,96.7882,-0.0759,0.75,0.0,1500.0,0.0,6.3041
1703.0,2026-05-06T03:46:35.239514+00:00,74.4819,0.0594,96.8372,-0.0969,0.75,0.0,1500.0,0.0,6.3532
1703.5,2026-05-06T03:46:35.739493+00:00,74.4513,0.0456,96.8749,-0.113,0.75,0.0,1500.0,0.0,6.3772
1704.0,2026-05-06T03:46:36.239428+00:00,74.3006,-0.0286,96.7881,-0.0869,0.75,0.0,1500.0,0.0,6.3889
1704.5,2026-05-06T03:46:36.739492+00:00,74.4393,0.0417,96.8372,-0.0282,0.75,0.0,1500.0,0.0,6.3946
1705.0,2026-05-06T03:46:37.247971+00:00,74.5459,0.032,96.9905,-0.0217,0.75,0.0,1500.0,0.0,6.3461
1705.5,2026-05-06T03:46:37.739413+00:00,74.3733,-0.039,96.9927,0.0682,0.75,0.0,1500.0,0.0,6.3737
1706.0,2026-05-06T03:46:38.240954+00:00,74.3679,0.0336,97.2258,0.1295,0.75,0.0,1500.0,0.0,6.3872
1706.5,2026-05-06T03:46:38.739423+00:00,74.3638,-0.0378,97.1736,0.0996,0.75,0.0,1500.0,0.0,6.3937
1707.0,2026-05-06T03:46:39.239524+00:00,74.3606,-0.0927,97.2491,0.1537,0.75,0.0,1500.0,0.0,6.3969
1707.5,2026-05-06T03:46:39.748071+00:00,74.3581,-0.0076,97.1915,0.1181,0.75,0.0,1500.0,0.0,6.3985
1708.0,2026-05-06T03:46:40.239473+00:00,74.4835,0.0578,97.2629,0.0908,0.75,0.0,1500.0,0.0,6.3481
1708.5,2026-05-06T03:46:40.740760+00:00,74.5799,0.1081,97.3177,0.1083,0.75,0.0,1500.0,0.0,6.3235
1709.0,2026-05-06T03:46:41.239465+00:00,74.654,0.1467,97.1285,-0.0324,0.75,0.0,1500.0,0.0,6.3114
1709.5,2026-05-06T03:46:41.740261+00:00,74.5836,0.1127,97.0988,-0.0249,0.75,0.0,1500.0,0.0,6.3056
1710.0,2026-05-06T03:46:42.248439+00:00,74.5296,0.023,97.0759,-0.0577,0.75,0.0,1500.0,0.0,6.3027
1710.5,2026-05-06T03:46:42.739452+00:00,74.488,-0.0459,96.9426,-0.0829,0.75,0.0,1500.0,0.0,6.3013
1711.0,2026-05-06T03:46:43.239445+00:00,74.4561,-0.0989,97.1873,-0.0252,0.75,0.0,1500.0,0.0,6.3006
1711.5,2026-05-06T03:46:43.739451+00:00,74.5588,-0.0124,97.144,-0.0579,0.75,0.0,1500.0,0.0,6.3003
1712.0,2026-05-06T03:46:44.239462+00:00,74.5105,-0.0095,97.3421,0.0712,0.75,0.0,1500.0,0.0,6.3002
1712.5,2026-05-06T03:46:44.753546+00:00,74.6006,0.0563,97.2629,0.0547,0.75,0.0,1500.0,0.0,6.3001
1713.0,2026-05-06T03:46:45.239422+00:00,74.5426,0.0433,97.0632,-0.0042,0.75,0.0,1500.0,0.0,6.3
1713.5,2026-05-06T03:46:45.739703+00:00,74.4981,-0.0304,97.0255,0.0276,0.75,0.0,1500.0,0.0,6.3
1714.0,2026-05-06T03:46:46.239460+00:00,74.5911,0.0403,96.9039,-0.0945,0.75,0.0,1500.0,0.0,6.3
1714.5,2026-05-06T03:46:46.739412+00:00,74.6626,0.031,96.7873,-0.1189,0.75,0.0,1500.0,0.0,6.3
1715.0,2026-05-06T03:46:47.246123+00:00,74.7175,0.0874,96.8365,-0.1685,0.75,0.0,1500.0,0.0,6.2488
1715.5,2026-05-06T03:46:47.739436+00:00,74.6325,0.0672,96.8743,-0.1295,0.75,0.0,1500.0,0.0,6.275
1716.0,2026-05-06T03:46:48.239455+00:00,74.6944,0.0517,96.9034,-0.0533,0.75,0.0,1500.0,0.0,6.2878
1716.5,2026-05-06T03:46:48.739499+00:00,74.6147,-0.0239,96.8101,-0.0718,0.75,0.0,1500.0,0.0,6.2941
1717.0,2026-05-06T03:46:49.239675+00:00,74.5534,-0.082,96.854,-0.0166,0.75,0.0,1500.0,0.0,6.2971
1717.5,2026-05-06T03:46:49.745794+00:00,74.5064,-0.063,97.0035,0.0721,0.75,0.0,1500.0,0.0,6.2986
1718.0,2026-05-06T03:46:50.239833+00:00,74.5974,-0.0485,96.887,0.0168,0.75,0.0,1500.0,0.0,6.2481
1718.5,2026-05-06T03:46:50.739427+00:00,74.4129,-0.1009,96.9131,0.0129,0.75,0.0,1500.0,0.0,6.2235
1719.0,2026-05-06T03:46:51.239867+00:00,74.3984,-0.0775,96.9332,0.0099,0.75,0.0,1500.0,0.0,6.2115
1719.5,2026-05-06T03:46:51.739450+00:00,74.3872,-0.0596,96.833,0.0076,0.75,0.0,1500.0,0.0,6.2056
1720.0,2026-05-06T03:46:52.245495+00:00,74.3786,-0.1094,96.8716,0.0059,0.75,0.0,1500.0,0.0,6.2027
1720.5,2026-05-06T03:46:52.739448+00:00,74.2447,-0.0841,96.9013,-0.0341,0.75,0.0,1500.0,0.0,6.2525
1721.0,2026-05-06T03:46:53.239435+00:00,74.3963,-0.001,96.8085,-0.0262,0.75,0.0,1500.0,0.0,6.2768
1721.5,2026-05-06T03:46:53.739987+00:00,74.5129,0.0629,96.8528,-0.0201,0.75,0.0,1500.0,0.0,6.2887
1722.0,2026-05-06T03:46:54.240325+00:00,74.3479,-0.0153,96.8637,-0.0232,0.75,0.0,1500.0,0.0,6.2945
1722.5,2026-05-06T03:46:54.743781+00:00,74.3484,0.0519,96.5481,-0.0949,0.75,0.0,1500.0,0.0,6.2973
1723.0,2026-05-06T03:46:55.239467+00:00,74.476,0.0399,96.7684,-0.0344,0.75,0.0,1500.0,0.0,6.2987
1723.5,2026-05-06T03:46:55.739434+00:00,74.5741,0.0306,96.822,-0.0264,0.75,0.0,1500.0,0.0,6.2994
1724.0,2026-05-06T03:46:56.239425+00:00,74.5223,0.0872,96.8632,0.0182,0.75,0.0,1500.0,0.0,6.2997
1724.5,2026-05-06T03:46:56.739425+00:00,74.4824,0.067,96.8948,0.014,0.75,0.0,1500.0,0.0,6.2998
1725.0,2026-05-06T03:46:57.246053+00:00,74.1972,-0.1394,96.9192,0.0185,0.75,0.0,1500.0,0.0,6.2999
1725.5,2026-05-06T03:46:57.739445+00:00,74.2326,-0.1708,97.0536,0.1685,0.75,0.0,1500.0,0.0,6.3
1726.0,2026-05-06T03:46:58.242176+00:00,74.2598,-0.1313,97.1569,0.1295,0.75,0.0,1500.0,0.0,6.3
1726.5,2026-05-06T03:46:58.739443+00:00,74.2806,-0.1009,97.1206,0.0995,0.75,0.0,1500.0,0.0,6.3
1727.0,2026-05-06T03:46:59.239448+00:00,74.424,0.1134,97.0927,0.0765,0.75,0.0,1500.0,0.0,6.3
1727.5,2026-05-06T03:46:59.747510+00:00,74.4068,0.0871,97.1869,0.0974,0.75,0.0,1500.0,0.0,6.3
1728.0,2026-05-06T03:47:00.239414+00:00,74.521,0.1306,97.2594,0.1134,0.75,0.0,1500.0,0.0,6.3
1728.5,2026-05-06T03:47:00.740966+00:00,74.6087,0.164,97.1994,0.0486,0.75,0.0,1500.0,0.0,6.3
1729.0,2026-05-06T03:47:01.239404+00:00,74.5488,0.0624,97.1532,-0.0012,0.75,0.0,1500.0,0.0,6.3
1729.5,2026-05-06T03:47:01.739421+00:00,74.5028,0.048,97.2335,0.0376,0.75,0.0,1500.0,0.0,6.3
1730.0,2026-05-06T03:47:02.245779+00:00,74.5947,0.0369,97.1794,0.0289,0.75,0.0,1500.0,0.0,6.3
1730.5,2026-05-06T03:47:02.739415+00:00,74.5381,-0.0353,97.1379,-0.0163,0.75,0.0,1500.0,0.0,6.3
1731.0,2026-05-06T03:47:03.239460+00:00,74.4946,-0.0271,97.106,-0.0511,0.75,0.0,1500.0,0.0,6.3
1731.5,2026-05-06T03:47:03.739486+00:00,74.4611,-0.0208,97.0815,-0.0393,0.75,0.0,1500.0,0.0,6.3
1732.0,2026-05-06T03:47:04.239412+00:00,74.3081,-0.1433,97.1552,0.0007,0.75,0.0,1500.0,0.0,6.3
1732.5,2026-05-06T03:47:04.746896+00:00,74.3178,-0.1101,97.0036,-0.0766,0.75,0.0,1500.0,0.0,6.3
1733.0,2026-05-06T03:47:05.239411+00:00,74.0707,-0.2119,97.0027,-0.0589,0.75,0.0,1500.0,0.0,6.2488
1733.5,2026-05-06T03:47:05.739428+00:00,74.2626,-0.0992,97.0021,-0.0453,0.75,0.0,1500.0,0.0,6.2238
1734.0,2026-05-06T03:47:06.240059+00:00,74.2828,-0.0126,97.1173,0.0038,0.75,0.0,1500.0,0.0,6.2628
1734.5,2026-05-06T03:47:06.739462+00:00,74.4257,0.0539,96.9513,-0.0434,0.75,0.0,1500.0,0.0,6.2307
1735.0,2026-05-06T03:47:07.246174+00:00,74.4081,0.1687,97.0783,-0.0256,0.75,0.0,1500.0,0.0,6.215
1735.5,2026-05-06T03:47:07.739464+00:00,74.3947,0.066,97.1759,0.0574,0.75,0.0,1500.0,0.0,6.2585
1736.0,2026-05-06T03:47:08.239430+00:00,74.5116,0.1144,97.1352,0.0441,0.75,0.0,1500.0,0.0,6.2797
1736.5,2026-05-06T03:47:08.741015+00:00,74.347,-0.0394,97.2196,0.0725,0.75,0.0,1500.0,0.0,6.2901
1737.0,2026-05-06T03:47:09.239458+00:00,74.2204,-0.0939,97.0531,-0.0214,0.75,0.0,1500.0,0.0,6.2952
1737.5,2026-05-06T03:47:09.744878+00:00,74.2504,-0.0722,97.1565,0.0684,0.75,0.0,1500.0,0.0,6.2976
1738.0,2026-05-06T03:47:10.241943+00:00,74.4007,-0.0555,97.236,0.0526,0.75,0.0,1500.0,0.0,6.3501
1738.5,2026-05-06T03:47:10.739424+00:00,74.389,0.021,97.1814,0.0018,0.75,0.0,1500.0,0.0,6.3756
1739.0,2026-05-06T03:47:11.239442+00:00,74.38,0.0798,97.2551,0.04,0.75,0.0,1500.0,0.0,6.3881
1739.5,2026-05-06T03:47:11.739428+00:00,74.373,0.0613,97.1961,-0.0078,0.75,0.0,1500.0,0.0,6.3942
1740.0,2026-05-06T03:47:12.247442+00:00,74.3677,-0.0165,97.1507,0.0325,0.75,0.0,1500.0,0.0,6.346
1740.5,2026-05-06T03:47:12.739427+00:00,74.3636,-0.0127,97.1158,-0.0136,0.75,0.0,1500.0,0.0,6.3224
1741.0,2026-05-06T03:47:13.239464+00:00,74.4877,0.0539,97.089,-0.049,0.75,0.0,1500.0,0.0,6.3109
1741.5,2026-05-06T03:47:13.740595+00:00,74.2013,-0.0859,97.0684,-0.0377,0.75,0.0,1500.0,0.0,6.3053
1742.0004,2026-05-06T03:47:14.239886+00:00,74.363,-0.0024,96.9138,-0.1138,0.75,0.0,1500.0,0.0,6.3026
1742.5,2026-05-06T03:47:14.745731+00:00,74.2327,-0.0654,97.1651,-0.0103,0.75,0.0,1500.0,0.0,6.3013
1743.0,2026-05-06T03:47:15.239480+00:00,74.2599,-0.1139,97.2426,0.0306,0.75,0.0,1500.0,0.0,6.3006
1743.5,2026-05-06T03:47:15.740058+00:00,74.2807,0.0397,97.1865,0.0235,0.75,0.0,1500.0,0.0,6.3003
1744.0,2026-05-06T03:47:16.239427+00:00,74.424,0.0305,97.259,0.0567,0.75,0.0,1500.0,0.0,6.3001
1744.5,2026-05-06T03:47:16.739470+00:00,74.2796,0.0235,97.0834,0.005,0.75,0.0,1500.0,0.0,6.3001
1745.0,2026-05-06T03:47:17.247899+00:00,74.2959,0.018,96.9484,0.0115,0.75,0.0,1500.0,0.0,6.3
1745.5,2026-05-06T03:47:17.740953+00:00,74.3084,0.0139,96.9603,-0.0683,0.75,0.0,1500.0,0.0,6.3
1746.0,2026-05-06T03:47:18.239501+00:00,74.318,-0.053,96.9695,-0.091,0.75,0.0,1500.0,0.0,6.3
1746.5,2026-05-06T03:47:18.739448+00:00,74.3254,0.0229,97.0923,-0.0314,0.75,0.0,1500.0,0.0,6.3
1747.0,2026-05-06T03:47:19.240476+00:00,74.3311,0.0176,97.3023,0.0144,0.75,0.0,1500.0,0.0,6.3
1747.5,2026-05-06T03:47:19.747901+00:00,74.3355,0.0135,97.1167,0.0111,0.75,0.0,1500.0,0.0,6.3
1748.0,2026-05-06T03:47:20.239458+00:00,74.3388,0.0104,97.0665,0.0394,0.75,0.0,1500.0,0.0,6.3
1748.5,2026-05-06T03:47:20.740173+00:00,74.3414,0.008,97.0511,0.0303,0.75,0.0,1500.0,0.0,6.3
1749.0,2026-05-06T03:47:21.239507+00:00,74.2161,-0.0575,96.9236,-0.0153,0.75,0.0,1500.0,0.0,6.3
1749.5,2026-05-06T03:47:21.739430+00:00,74.2471,-0.0442,96.9413,-0.0503,0.75,0.0,1500.0,0.0,6.3
1750.0,2026-05-06T03:47:22.251947+00:00,74.3982,0.0297,96.9549,-0.1158,0.75,0.0,1500.0,0.0,6.3
1750.5,2026-05-06T03:47:22.740260+00:00,74.387,0.0228,97.081,-0.0119,0.75,0.0,1500.0,0.0,6.3
1751.0,2026-05-06T03:47:23.239588+00:00,74.3785,0.0812,97.2937,0.0757,0.75,0.0,1500.0,0.0,6.3
1751.5,2026-05-06T03:47:23.739418+00:00,74.3719,0.0624,97.11,0.0196,0.75,0.0,1500.0,0.0,6.3
1752.0,2026-05-06T03:47:24.239422+00:00,74.3668,-0.0157,97.2003,0.0922,0.75,0.0,1500.0,0.0,6.3
1752.5,2026-05-06T03:47:24.746077+00:00,74.4902,0.0516,97.2696,0.1094,0.75,0.0,1500.0,0.0,6.3
1753.0,2026-05-06T03:47:25.239421+00:00,74.3305,-0.024,97.2998,0.115,0.75,0.0,1500.0,0.0,6.3
1753.5,2026-05-06T03:47:25.739484+00:00,74.4623,0.0452,97.2304,0.0498,0.75,0.0,1500.0,0.0,6.3
1754.0,2026-05-06T03:47:26.240045+00:00,74.4363,0.0347,97.1771,-0.0389,0.75,0.0,1500.0,0.0,6.3
1754.5,2026-05-06T03:47:26.739406+00:00,74.5436,0.0267,97.1361,0.0087,0.75,0.0,1500.0,0.0,6.3
1755.0,2026-05-06T03:47:27.246556+00:00,74.6261,0.1478,97.2203,0.0067,0.75,0.0,1500.0,0.0,6.3
1755.5,2026-05-06T03:47:27.739455+00:00,74.5622,0.05,97.1693,-0.0334,0.75,0.0,1500.0,0.0,6.3
1756.0,2026-05-06T03:47:28.240022+00:00,74.6404,0.102,97.1302,-0.0565,0.75,0.0,1500.0,0.0,6.3
1756.5,2026-05-06T03:47:28.739439+00:00,74.8277,0.1421,97.2157,-0.0049,0.75,0.0,1500.0,0.0,6.3
1757.0,2026-05-06T03:47:29.239417+00:00,74.7172,0.0455,97.0501,-0.0423,0.75,0.0,1500.0,0.0,6.3
1757.5,2026-05-06T03:47:29.746979+00:00,74.7595,0.0986,97.2699,0.0446,0.75,0.0,1500.0,0.0,6.3
1758.0,2026-05-06T03:47:30.240520+00:00,74.4102,-0.1151,97.2075,-0.0043,0.75,0.0,1500.0,0.0,6.3
1758.5,2026-05-06T03:47:30.739414+00:00,74.7781,-0.0248,97.2752,0.0353,0.75,0.0,1500.0,0.0,6.3
1759.0,2026-05-06T03:47:31.241304+00:00,74.8063,0.0446,97.0958,-0.0115,0.75,0.0,1500.0,0.0,6.3
1759.5,2026-05-06T03:47:31.739462+00:00,74.7007,-0.0294,97.0736,-0.0474,0.75,0.0,1500.0,0.0,6.3
1760.0,2026-05-06T03:47:32.245282+00:00,74.7468,0.1683,97.0566,0.0022,0.75,0.0,1500.0,0.0,6.3
1760.5,2026-05-06T03:47:32.739454+00:00,74.655,-0.0615,97.1592,-0.0369,0.75,0.0,1500.0,0.0,6.3
1761.0,2026-05-06T03:47:33.239468+00:00,74.4571,-0.1746,97.2381,0.0102,0.75,0.0,1500.0,0.0,6.3
1761.5,2026-05-06T03:47:33.739436+00:00,74.5596,-0.0705,97.1598,-0.0384,0.75,0.0,1500.0,0.0,6.3
1762.0,2026-05-06T03:47:34.239445+00:00,74.5111,-0.1178,97.1228,0.009,0.75,0.0,1500.0,0.0,6.3
1762.5,2026-05-06T03:47:34.746287+00:00,74.6011,-0.0269,97.0944,0.0069,0.75,0.0,1500.0,0.0,6.3
1763.0,2026-05-06T03:47:35.240188+00:00,74.6703,0.1066,97.0726,0.0053,0.75,0.0,1500.0,0.0,6.3
1763.5,2026-05-06T03:47:35.739431+00:00,74.5962,0.0183,96.9169,-0.0808,0.75,0.0,1500.0,0.0,6.3
1764.0,2026-05-06T03:47:36.239933+00:00,74.6665,0.0777,97.0519,-0.0621,0.75,0.0,1500.0,0.0,6.3
1764.5,2026-05-06T03:47:36.739451+00:00,74.7205,0.0597,97.0399,-0.04,0.75,0.0,1500.0,0.0,6.3
1765.0,2026-05-06T03:47:37.245330+00:00,74.5075,-0.0814,97.0306,-0.0307,0.75,0.0,1500.0,0.0,6.3
1765.5,2026-05-06T03:47:37.739419+00:00,74.4711,-0.0626,97.0235,-0.0236,0.75,0.0,1500.0,0.0,6.3
1766.0,2026-05-06T03:47:38.239451+00:00,74.6976,0.0156,96.8793,-0.0644,0.75,0.0,1500.0,0.0,6.3
1766.5,2026-05-06T03:47:38.739434+00:00,74.7444,0.012,96.9072,-0.0032,0.75,0.0,1500.0,0.0,6.3
1767.0,2026-05-06T03:47:39.240912+00:00,74.6532,0.0728,97.0444,-0.0025,0.75,0.0,1500.0,0.0,6.3
1767.5,2026-05-06T03:47:39.745232+00:00,74.7103,0.1196,97.0341,-0.0019,0.75,0.0,1500.0,0.0,6.3
1768.0,2026-05-06T03:47:40.239497+00:00,74.7542,0.0283,97.1419,0.0371,0.75,0.0,1500.0,0.0,6.3
1768.5,2026-05-06T03:47:40.739912+00:00,74.6606,-0.0419,96.9934,-0.0101,0.75,0.0,1500.0,0.0,6.3
1769.0,2026-05-06T03:47:41.239451+00:00,74.716,0.0314,97.1106,0.0771,0.75,0.0,1500.0,0.0,6.3
1769.5,2026-05-06T03:47:41.739741+00:00,74.6313,-0.0395,97.2007,0.0978,0.75,0.0,1500.0,0.0,6.3
1770.0,2026-05-06T03:47:42.247452+00:00,74.5662,-0.094,97.1543,0.0366,0.75,0.0,1500.0,0.0,6.2488
1770.5,2026-05-06T03:47:42.739434+00:00,74.5162,-0.0722,97.2343,0.0667,0.75,0.0,1500.0,0.0,6.275
1771.0,2026-05-06T03:47:43.239951+00:00,74.605,-0.0555,97.1801,0.0127,0.75,0.0,1500.0,0.0,6.2878
1771.5,2026-05-06T03:47:43.739425+00:00,74.546,-0.0427,97.0227,0.0098,0.75,0.0,1500.0,0.0,6.294
1772.0,2026-05-06T03:47:44.241521+00:00,74.3734,-0.0964,97.0174,-0.0311,0.75,0.0,1500.0,0.0,6.2971
1772.5,2026-05-06T03:47:44.746413+00:00,74.368,-0.0741,97.1291,-0.0239,0.75,0.0,1500.0,0.0,6.2986
1773.0,2026-05-06T03:47:45.239462+00:00,74.3638,-0.1206,96.7521,-0.134,0.75,0.0,1500.0,0.0,6.2481
1773.5,2026-05-06T03:47:45.740011+00:00,74.4879,-0.0291,96.6938,-0.1802,0.75,0.0,1500.0,0.0,6.2235
1774.0,2026-05-06T03:47:46.239972+00:00,74.5832,0.1049,96.7415,-0.1462,0.75,0.0,1500.0,0.0,6.2115
1774.5,2026-05-06T03:47:46.739429+00:00,74.5293,0.0807,96.6856,-0.1124,0.75,0.0,1500.0,0.0,6.2056
1775.0,2026-05-06T03:47:47.246258+00:00,74.6151,0.1256,96.6427,-0.1249,0.75,0.0,1500.0,0.0,6.2027
1775.5,2026-05-06T03:47:47.740049+00:00,74.4265,-0.0307,96.6097,-0.1732,0.75,0.0,1500.0,0.0,6.2525
1776.0,2026-05-06T03:47:48.239426+00:00,74.4088,-0.0872,96.5843,-0.056,0.75,0.0,1500.0,0.0,6.2768
1776.5,2026-05-06T03:47:48.739504+00:00,74.3952,-0.0671,96.6805,-0.0044,0.75,0.0,1500.0,0.0,6.2887
1777.0,2026-05-06T03:47:49.239520+00:00,74.3847,-0.1152,96.7313,-0.0034,0.75,0.0,1500.0,0.0,6.2945
1777.5,2026-05-06T03:47:49.745763+00:00,74.504,0.0387,96.9092,0.0745,0.75,0.0,1500.0,0.0,6.2973
1778.0,2026-05-06T03:47:50.239523+00:00,74.5956,0.0934,97.0459,0.1344,0.75,0.0,1500.0,0.0,6.2475
1778.5,2026-05-06T03:47:50.739408+00:00,74.5388,0.0718,97.0353,0.1419,0.75,0.0,1500.0,0.0,6.2232
1779.0,2026-05-06T03:47:51.239438+00:00,74.6224,0.1188,97.0271,0.1476,0.75,0.0,1500.0,0.0,6.2113
1779.5,2026-05-06T03:47:51.740896+00:00,74.6866,0.0913,96.7894,0.0363,0.75,0.0,1500.0,0.0,6.2055
1780.0,2026-05-06T03:47:52.246451+00:00,74.6087,0.0066,96.6068,-0.0415,0.75,0.0,1500.0,0.0,6.2027
1780.5,2026-05-06T03:47:52.739442+00:00,74.5488,0.005,96.5589,-0.1167,0.75,0.0,1500.0,0.0,6.2525
1781.0,2026-05-06T03:47:53.240827+00:00,74.5028,-0.0598,96.661,-0.1283,0.75,0.0,1500.0,0.0,6.2768
1781.5,2026-05-06T03:47:53.739473+00:00,74.2129,-0.2368,96.508,-0.1757,0.75,0.0,1500.0,0.0,6.2887
1782.0,2026-05-06T03:47:54.239443+00:00,74.1174,-0.2457,96.6219,-0.1351,0.75,0.0,1500.0,0.0,6.2945
1782.500731,2026-05-06T03:47:54.753596+00:00,74.0439,-0.2525,96.7094,-0.0267,0.75,0.0,1500.0,0.0,6.2973
1783.0,2026-05-06T03:47:55.239498+00:00,73.9875,-0.2577,96.7535,0.0489,0.75,0.0,1500.0,0.0,6.2987
1783.5,2026-05-06T03:47:55.739490+00:00,74.3259,0.0565,96.4634,-0.0318,0.75,0.0,1500.0,0.0,6.2994
1784.004593,2026-05-06T03:47:56.245151+00:00,74.3315,0.1071,96.3562,-0.1016,0.75,0.0,1500.0,0.0,6.2997
1784.5,2026-05-06T03:47:56.739423+00:00,74.3358,0.1459,96.6209,0.0376,0.75,0.0,1500.0,0.0,6.2998
1785.0,2026-05-06T03:47:57.246058+00:00,74.3391,0.1758,96.7086,0.0289,0.75,0.0,1500.0,0.0,6.2999
1785.5,2026-05-06T03:47:57.739465+00:00,74.4689,0.0715,96.776,0.0222,0.75,0.0,1500.0,0.0,6.3
1786.0,2026-05-06T03:47:58.239430+00:00,74.3141,-0.0087,96.689,-0.0215,0.75,0.0,1500.0,0.0,6.3
1786.5,2026-05-06T03:47:58.739591+00:00,74.3224,-0.0067,96.761,0.0992,0.75,0.0,1500.0,0.0,6.3
1787.0,2026-05-06T03:47:59.239445+00:00,74.2015,-0.0688,96.5849,0.0762,0.75,0.0,1500.0,0.0,6.3
1787.5,2026-05-06T03:47:59.748593+00:00,74.3631,-0.0529,96.7966,0.0586,0.75,0.0,1500.0,0.0,6.3
1788.0,2026-05-06T03:48:00.239702+00:00,74.3601,0.023,96.9594,0.0836,0.75,0.0,1500.0,0.0,6.3512
1788.5,2026-05-06T03:48:00.739463+00:00,74.2305,-0.046,97.0845,0.1028,0.75,0.0,1500.0,0.0,6.325
1789.0,2026-05-06T03:48:01.239433+00:00,74.3854,0.092,97.0649,0.1253,0.75,0.0,1500.0,0.0,6.3122
1789.5,2026-05-06T03:48:01.739449+00:00,74.25,-0.0566,97.0499,0.0963,0.75,0.0,1500.0,0.0,6.306
1790.0,2026-05-06T03:48:02.244587+00:00,74.2731,-0.0435,97.1541,0.1897,0.75,0.0,1500.0,0.0,6.3029
1790.5,2026-05-06T03:48:02.740312+00:00,74.4182,0.0938,97.0027,0.0687,0.75,0.0,1500.0,0.0,6.3526
1791.0,2026-05-06T03:48:03.239442+00:00,74.2751,-0.0551,96.7707,-0.0629,0.75,0.0,1500.0,0.0,6.3257
1791.5,2026-05-06T03:48:03.739599+00:00,74.1652,-0.0424,96.8237,-0.0869,0.75,0.0,1500.0,0.0,6.3125
1792.0,2026-05-06T03:48:04.239451+00:00,74.0807,-0.0962,96.7257,-0.1131,0.75,0.0,1500.0,0.0,6.3061
1792.5,2026-05-06T03:48:04.748195+00:00,74.143,-0.1376,96.5578,-0.164,0.75,0.0,1500.0,0.0,6.303
1793.0,2026-05-06T03:48:05.239522+00:00,74.0636,-0.1057,96.5444,-0.2032,0.75,0.0,1500.0,0.0,6.3015
1793.5,2026-05-06T03:48:05.739493+00:00,74.1299,-0.0176,96.6267,-0.1253,0.75,0.0,1500.0,0.0,6.3007
1794.0,2026-05-06T03:48:06.239460+00:00,74.3081,0.1137,96.7131,-0.0192,0.75,0.0,1500.0,0.0,6.3003
1794.5,2026-05-06T03:48:06.739505+00:00,74.3178,0.0874,96.8952,0.0238,0.75,0.0,1500.0,0.0,6.3002
1795.0,2026-05-06T03:48:07.248954+00:00,74.4525,0.1944,97.0351,0.1031,0.75,0.0,1500.0,0.0,6.3001
1795.5,2026-05-06T03:48:07.739764+00:00,74.3015,0.0858,97.1427,0.195,0.75,0.0,1500.0,0.0,6.3
1796.0,2026-05-06T03:48:08.240412+00:00,74.1855,-0.0613,97.2254,0.227,0.75,0.0,1500.0,0.0,6.3
1796.5,2026-05-06T03:48:08.739475+00:00,74.2235,-0.0471,97.2889,0.2207,0.75,0.0,1500.0,0.0,6.3
1797.0,2026-05-06T03:48:09.240766+00:00,74.2528,-0.0999,97.3378,0.2082,0.75,0.0,1500.0,0.0,6.3
1797.5,2026-05-06T03:48:09.745820+00:00,74.2753,-0.0131,97.2596,0.1215,0.75,0.0,1500.0,0.0,6.3
1798.0,2026-05-06T03:48:10.240834+00:00,74.4199,0.1172,97.1995,0.0548,0.75,0.0,1500.0,0.0,6.3
1798.5,2026-05-06T03:48:10.739431+00:00,74.531,0.1537,96.922,-0.0736,0.75,0.0,1500.0,0.0,6.3
1799.000689,2026-05-06T03:48:11.240138+00:00,74.4891,0.1181,96.7086,-0.1723,0.75,0.0,1500.0,0.0,6.3
1799.5,2026-05-06T03:48:11.739409+00:00,74.5842,0.1544,96.8917,-0.1324,0.75,0.0,1500.0,0.0,6.3
