monotonic_offset_s,utc_timestamp,T,T_dot,U,U_dot,V,V_dot,f,f_dot,mem
0.000266,2026-06-05T19:07:04.939865+00:00,49.6,,0.0,,0.8473,,2400.0,,4.3
0.500001,2026-06-05T19:07:05.436516+00:00,49.8545,,16.9848,,0.8473,,2400.0,,4.8632
1.0,2026-06-05T19:07:05.936541+00:00,50.432,,32.3995,,0.8473,0.0,2400.0,0.0,5.8036
1.5,2026-06-05T19:07:06.436690+00:00,51.2576,,47.0935,,0.8473,0.0,2400.0,0.0,6.2626
2.0,2026-06-05T19:07:06.937041+00:00,51.7649,1.0825,58.156,,0.8473,0.0,2400.0,0.0,6.4865
2.5,2026-06-05T19:07:07.442084+00:00,52.5367,1.3411,66.7974,,0.8473,0.0,2400.0,0.0,6.5958
3.0,2026-06-05T19:07:07.937384+00:00,53.2571,1.4126,73.4392,24.4797,0.8473,0.0,2400.0,0.0,6.6492
3.5,2026-06-05T19:07:08.436586+00:00,53.8108,1.2766,78.4283,20.4812,0.8473,0.0,2400.0,0.0,6.6752
4.0,2026-06-05T19:07:08.936546+00:00,54.4909,1.363,82.4944,16.6983,0.8473,0.0,2400.0,0.0,6.6879
4.5,2026-06-05T19:07:09.436689+00:00,54.8864,1.1749,85.7122,12.8729,0.8473,0.0,2400.0,0.0,6.6941
5.0,2026-06-05T19:07:09.943334+00:00,55.3177,1.0303,88.2085,10.0175,0.8473,0.0,2400.0,0.0,6.6971
5.507145,2026-06-05T19:07:10.443775+00:00,55.5218,0.8555,89.6412,7.6146,0.8473,0.0,2400.0,0.0,6.6986
6.0,2026-06-05T19:07:10.936550+00:00,55.806,0.6575,90.8349,5.7986,0.8473,0.0,2400.0,0.0,6.6993
6.5,2026-06-05T19:07:11.436560+00:00,56.0245,0.569,92.0301,4.5339,0.8473,0.0,2400.0,0.0,6.6997
7.0,2026-06-05T19:07:11.936605+00:00,56.5742,0.6283,93.0645,3.5233,0.8473,0.0,2400.0,0.0,6.6998
7.5,2026-06-05T19:07:12.443041+00:00,56.9967,0.7374,93.7437,2.6772,0.8473,0.0,2400.0,0.0,6.6487
8.007163,2026-06-05T19:07:12.943763+00:00,56.9396,0.5668,94.0344,1.942,0.8473,0.0,2400.0,0.0,6.675
8.5,2026-06-05T19:07:13.436588+00:00,57.2775,0.6265,94.5818,1.6469,0.8473,0.0,2400.0,0.0,6.6366
9.0,2026-06-05T19:07:13.936576+00:00,57.5373,0.4816,95.0257,1.3969,0.8473,0.0,2400.0,0.0,6.6179
9.5,2026-06-05T19:07:14.436579+00:00,57.6096,0.3065,95.3669,1.1122,0.8473,0.0,2400.0,0.0,6.6087
10.0,2026-06-05T19:07:14.942471+00:00,57.9198,0.4901,95.7448,0.8934,0.8473,0.0,2400.0,0.0,6.6043
10.5,2026-06-05T19:07:15.436960+00:00,58.1582,0.4403,95.8038,0.6867,0.8473,0.0,2400.0,0.0,6.5509
11.000931,2026-06-05T19:07:15.938521+00:00,58.4687,0.4657,95.8261,0.5972,0.8473,0.0,2400.0,0.0,6.5248
11.5,2026-06-05T19:07:16.436542+00:00,58.4528,0.4216,95.8895,0.4359,0.8473,0.0,2400.0,0.0,6.5121
12.0,2026-06-05T19:07:16.936550+00:00,58.5678,0.324,96.0307,0.335,0.8473,0.0,2400.0,0.0,6.5059
12.5,2026-06-05T19:07:17.440723+00:00,58.7835,0.3127,96.1393,0.2575,0.8473,0.0,2400.0,0.0,6.5029
13.0,2026-06-05T19:07:17.936868+00:00,58.9493,0.2403,96.1071,0.1208,0.8473,0.0,2400.0,0.0,6.5014
13.5,2026-06-05T19:07:18.436754+00:00,58.9495,0.2483,96.0823,0.0928,0.8473,0.0,2400.0,0.0,6.5007
14.0,2026-06-05T19:07:18.936932+00:00,59.0769,0.2545,96.0633,0.0791,0.8473,0.0,2400.0,0.0,6.5003
14.5,2026-06-05T19:07:19.436741+00:00,59.0475,0.132,96.0486,0.0531,0.8473,0.0,2400.0,0.0,6.5002
15.0,2026-06-05T19:07:19.942374+00:00,59.1522,0.1014,96.0374,0.0022,0.8473,0.0,2400.0,0.0,6.5001
15.5,2026-06-05T19:07:20.436909+00:00,59.4872,0.2689,96.1444,0.0017,0.8473,0.0,2400.0,0.0,6.5
16.0,2026-06-05T19:07:20.936534+00:00,59.4902,0.2067,96.2036,0.0322,0.8473,0.0,2400.0,0.0,6.5
16.5,2026-06-05T19:07:21.436836+00:00,59.747,0.3497,96.0176,-0.0216,0.8473,0.0,2400.0,0.0,6.5
17.0,2026-06-05T19:07:21.936535+00:00,59.6898,0.2688,95.8978,-0.0551,0.8473,0.0,2400.0,0.0,6.5
17.5,2026-06-05T19:07:22.441104+00:00,59.7732,0.143,95.9215,-0.0424,0.8473,0.0,2400.0,0.0,6.4488
18.0,2026-06-05T19:07:22.936703+00:00,59.8372,0.1735,95.9397,-0.0326,0.8473,0.0,2400.0,0.0,6.475
18.5,2026-06-05T19:07:23.436656+00:00,60.0137,0.1334,95.9536,-0.0636,0.8473,0.0,2400.0,0.0,6.4878
19.0,2026-06-05T19:07:23.936536+00:00,60.0221,0.1661,95.8718,-0.1106,0.8473,0.0,2400.0,0.0,6.4941
19.5,2026-06-05T19:07:24.436658+00:00,60.1559,0.1913,95.8089,-0.0696,0.8473,0.0,2400.0,0.0,6.4971
20.0,2026-06-05T19:07:24.940632+00:00,60.3859,0.2743,95.9457,0.0159,0.8473,0.0,2400.0,0.0,6.4474
20.5,2026-06-05T19:07:25.436596+00:00,60.5627,0.2745,95.8657,-0.0186,0.8473,0.0,2400.0,0.0,6.4231
21.0,2026-06-05T19:07:25.936545+00:00,60.3168,0.1473,95.8968,-0.0143,0.8473,0.0,2400.0,0.0,6.4113
21.5,2026-06-05T19:07:26.436541+00:00,60.2551,0.0496,96.0364,0.0276,0.8473,0.0,2400.0,0.0,6.4055
22.0,2026-06-05T19:07:26.936553+00:00,60.4622,0.0381,96.0279,0.0521,0.8473,0.0,2400.0,0.0,6.4027
22.5,2026-06-05T19:07:27.446793+00:00,60.3668,-0.098,96.0215,0.0709,0.8473,0.0,2400.0,0.0,6.4013
23.0,2026-06-05T19:07:27.936555+00:00,60.2935,-0.0117,95.9008,-0.015,0.8473,0.0,2400.0,0.0,6.4006
23.5,2026-06-05T19:07:28.436588+00:00,60.3644,0.0547,95.9238,0.0194,0.8473,0.0,2400.0,0.0,6.4003
24.0,2026-06-05T19:07:28.936726+00:00,60.6735,0.1057,96.0571,0.0534,0.8473,0.0,2400.0,0.0,6.4002
24.5,2026-06-05T19:07:29.436714+00:00,60.7837,0.2085,95.9282,-0.0361,0.8473,0.0,2400.0,0.0,6.3489
25.0,2026-06-05T19:07:29.940802+00:00,60.9958,0.3511,95.9217,-0.0354,0.8473,0.0,2400.0,0.0,6.3239
25.5,2026-06-05T19:07:30.436750+00:00,61.1587,0.3972,95.801,-0.0735,0.8473,0.0,2400.0,0.0,6.3628
26.0,2026-06-05T19:07:30.936786+00:00,61.1567,0.2416,95.847,-0.0179,0.8473,0.0,2400.0,0.0,6.3819
26.5,2026-06-05T19:07:31.438373+00:00,61.1552,0.1857,95.7436,-0.0601,0.8473,0.0,2400.0,0.0,6.3912
27.0,2026-06-05T19:07:31.936805+00:00,61.154,0.0791,95.6872,-0.1233,0.8473,0.0,2400.0,0.0,6.3957
27.5,2026-06-05T19:07:32.441001+00:00,61.4076,0.1244,95.8522,-0.0253,0.8473,0.0,2400.0,0.0,6.3979
28.0,2026-06-05T19:07:32.936568+00:00,61.7298,0.2865,95.8632,-0.0195,0.8473,0.0,2400.0,0.0,6.399
28.5,2026-06-05T19:07:33.437410+00:00,61.9774,0.4111,95.6635,-0.0458,0.8473,0.0,2400.0,0.0,6.3995
29.0,2026-06-05T19:07:33.936632+00:00,61.9132,0.3796,95.7413,-0.0352,0.8473,0.0,2400.0,0.0,6.3998
29.5,2026-06-05T19:07:34.436553+00:00,62.2457,0.4191,95.9169,0.0578,0.8473,0.0,2400.0,0.0,6.3999
30.0,2026-06-05T19:07:34.942360+00:00,62.374,0.3221,95.9361,0.083,0.8473,0.0,2400.0,0.0,6.3999
30.500086,2026-06-05T19:07:35.436668+00:00,62.4726,0.2476,95.9278,0.0252,0.8473,0.0,2400.0,0.0,6.4
31.0,2026-06-05T19:07:35.936603+00:00,62.4211,0.2539,95.9445,0.0271,0.8473,0.0,2400.0,0.0,6.4
31.5,2026-06-05T19:07:36.437438+00:00,62.5087,0.1315,95.9805,0.1057,0.8473,0.0,2400.0,0.0,6.3488
32.0,2026-06-05T19:07:36.936583+00:00,62.7034,0.1647,95.985,0.0812,0.8473,0.0,2400.0,0.0,6.3238
32.5,2026-06-05T19:07:37.441140+00:00,62.5985,0.063,95.8959,-0.007,0.8473,0.0,2400.0,0.0,6.3116
33.0,2026-06-05T19:07:37.936807+00:00,62.7724,0.1757,95.758,-0.0594,0.8473,0.0,2400.0,0.0,6.3057
33.5,2026-06-05T19:07:38.436625+00:00,62.7788,0.135,95.7909,-0.0456,0.8473,0.0,2400.0,0.0,6.3028
34.0,2026-06-05T19:07:38.936934+00:00,63.0382,0.1674,95.8161,-0.0428,0.8473,0.0,2400.0,0.0,6.3014
34.5,2026-06-05T19:07:39.436920+00:00,63.2376,0.3196,95.7661,-0.0715,0.8473,0.0,2400.0,0.0,6.3007
35.0,2026-06-05T19:07:39.941727+00:00,62.7546,-0.0089,95.7971,-0.0626,0.8473,0.0,2400.0,0.0,6.3003
35.5,2026-06-05T19:07:40.436591+00:00,62.8923,0.0568,95.9597,0.0213,0.8473,0.0,2400.0,0.0,6.3002
36.0,2026-06-05T19:07:40.937023+00:00,63.1255,0.0436,95.9691,0.0703,0.8473,0.0,2400.0,0.0,6.3001
36.5,2026-06-05T19:07:41.436536+00:00,62.7957,-0.221,95.8837,0.0309,0.8473,0.0,2400.0,0.0,6.3
37.0,2026-06-05T19:07:41.936570+00:00,62.9239,0.0847,96.0263,0.0701,0.8473,0.0,2400.0,0.0,6.3
37.5,2026-06-05T19:07:42.442126+00:00,63.1498,0.1287,96.1359,0.1233,0.8473,0.0,2400.0,0.0,6.2488
38.0,2026-06-05T19:07:42.936582+00:00,63.1961,0.0353,96.1045,0.1025,0.8473,0.0,2400.0,0.0,6.275
38.5,2026-06-05T19:07:43.436540+00:00,63.1045,0.1544,96.0803,0.0402,0.8473,0.0,2400.0,0.0,6.2878
39.0,2026-06-05T19:07:43.936580+00:00,63.1613,0.1187,95.9691,0.0,0.8473,0.0,2400.0,0.0,6.2941
39.5,2026-06-05T19:07:44.436870+00:00,63.0777,-0.0361,95.9763,0.0309,0.8473,0.0,2400.0,0.0,6.2971
40.0,2026-06-05T19:07:44.944644+00:00,63.3952,0.0996,95.8661,-0.0534,0.8473,0.0,2400.0,0.0,6.2986
40.5,2026-06-05T19:07:45.436585+00:00,63.512,0.2038,95.8971,-0.0796,0.8473,0.0,2400.0,0.0,6.2993
41.0,2026-06-05T19:07:45.936557+00:00,63.4745,0.1566,96.0366,-0.0226,0.8473,0.0,2400.0,0.0,6.2997
41.5,2026-06-05T19:07:46.437223+00:00,63.573,0.2477,96.0281,-0.0174,0.8473,0.0,2400.0,0.0,6.2998
42.0,2026-06-05T19:07:46.936551+00:00,63.6487,0.1267,96.0216,0.0175,0.8473,0.0,2400.0,0.0,6.2999
42.5,2026-06-05T19:07:47.442242+00:00,63.7068,0.0974,96.1092,0.0443,0.8473,0.0,2400.0,0.0,6.3
43.0,2026-06-05T19:07:47.936851+00:00,63.8788,0.2021,96.107,0.0803,0.8473,0.0,2400.0,0.0,6.3
43.5,2026-06-05T19:07:48.438793+00:00,64.1382,0.2826,96.1054,0.0695,0.8473,0.0,2400.0,0.0,6.3512
44.0,2026-06-05T19:07:48.936556+00:00,63.8286,0.09,96.081,0.0148,0.8473,0.0,2400.0,0.0,6.3762
44.5,2026-06-05T19:07:49.436528+00:00,63.9724,0.1328,95.9466,-0.0272,0.8473,0.0,2400.0,0.0,6.3884
45.0,2026-06-05T19:07:49.952993+00:00,64.0829,0.1021,95.9821,-0.0132,0.8473,0.0,2400.0,0.0,6.3943
45.5,2026-06-05T19:07:50.437028+00:00,64.0406,-0.0488,95.9631,-0.0487,0.8473,0.0,2400.0,0.0,6.346
46.0,2026-06-05T19:07:50.936573+00:00,64.2626,0.217,95.8791,-0.076,0.8473,0.0,2400.0,0.0,6.3225
46.5,2026-06-05T19:07:51.436531+00:00,64.4332,0.2304,95.9071,-0.0661,0.8473,0.0,2400.0,0.0,6.311
47.0,2026-06-05T19:07:51.937151+00:00,64.5644,0.2407,95.9286,-0.0508,0.8473,0.0,2400.0,0.0,6.3053
47.5,2026-06-05T19:07:52.442522+00:00,64.5379,0.2487,95.8525,-0.0313,0.8473,0.0,2400.0,0.0,6.3026
48.0,2026-06-05T19:07:52.936663+00:00,64.7721,0.2548,96.0255,0.0145,0.8473,0.0,2400.0,0.0,6.3013
48.5,2026-06-05T19:07:53.436622+00:00,64.9521,0.2594,96.0196,0.0188,0.8473,0.0,2400.0,0.0,6.3006
49.0,2026-06-05T19:07:53.936744+00:00,64.9632,0.1994,96.2465,0.1225,0.8473,0.0,2400.0,0.0,6.3003
49.5,2026-06-05T19:07:54.436595+00:00,65.099,0.2805,96.1894,0.0941,0.8473,0.0,2400.0,0.0,6.3001
50.0,2026-06-05T19:07:54.940867+00:00,65.0761,0.152,96.1456,0.0723,0.8473,0.0,2400.0,0.0,6.3001
50.5,2026-06-05T19:07:55.436653+00:00,65.1857,0.1168,96.0888,0.0787,0.8473,0.0,2400.0,0.0,6.3
51.0,2026-06-05T19:07:55.936541+00:00,65.27,0.1534,95.9525,-0.0243,0.8473,0.0,2400.0,0.0,6.3
51.5,2026-06-05T19:07:56.436644+00:00,65.3348,0.1179,95.7321,-0.0958,0.8473,0.0,2400.0,0.0,6.3
52.0,2026-06-05T19:07:56.936547+00:00,65.2573,0.0906,95.6553,-0.1971,0.8473,0.0,2400.0,0.0,6.3
52.5,2026-06-05T19:07:57.440940+00:00,65.1978,0.006,95.7119,-0.1592,0.8473,0.0,2400.0,0.0,6.3
53.0,2026-06-05T19:07:57.937170+00:00,65.2793,0.0046,95.6629,-0.1609,0.8473,0.0,2400.0,0.0,6.3
53.5,2026-06-05T19:07:58.437057+00:00,65.3419,0.0036,95.602,-0.1622,0.8473,0.0,2400.0,0.0,6.3
54.0,2026-06-05T19:07:58.936806+00:00,65.5174,0.13,95.6941,-0.0861,0.8473,0.0,2400.0,0.0,6.3
54.5,2026-06-05T19:07:59.436661+00:00,65.6522,0.2272,95.8806,0.0495,0.8473,0.0,2400.0,0.0,6.3
55.0,2026-06-05T19:07:59.940764+00:00,65.6285,0.1746,95.9082,0.0843,0.8473,0.0,2400.0,0.0,6.3
55.5,2026-06-05T19:08:00.437022+00:00,65.4831,0.0706,95.9063,0.0648,0.8473,0.0,2400.0,0.0,6.3
56.0,2026-06-05T19:08:00.936594+00:00,65.4986,-0.0094,95.6735,0.0035,0.8473,0.0,2400.0,0.0,6.3
56.5,2026-06-05T19:08:01.436817+00:00,65.765,0.0564,95.8879,0.0953,0.8473,0.0,2400.0,0.0,6.3
57.0,2026-06-05T19:08:01.936731+00:00,65.9698,0.1706,96.0295,0.1118,0.8473,0.0,2400.0,0.0,6.3
57.5,2026-06-05T19:08:02.442786+00:00,65.9999,0.2584,96.0227,0.0474,0.8473,0.0,2400.0,0.0,6.3
58.0,2026-06-05T19:08:02.936567+00:00,66.1504,0.3259,96.0406,0.0441,0.8473,0.0,2400.0,0.0,6.3
58.5,2026-06-05T19:08:03.436537+00:00,66.1387,0.1868,96.1469,0.0802,0.8473,0.0,2400.0,0.0,6.3
59.0,2026-06-05T19:08:03.936636+00:00,66.1297,0.08,95.9972,0.1079,0.8473,0.0,2400.0,0.0,6.3
59.5,2026-06-05T19:08:04.436751+00:00,65.9956,-0.0022,95.9747,0.0289,0.8473,0.0,2400.0,0.0,6.3
60.0,2026-06-05T19:08:04.940803+00:00,66.2743,0.062,96.0731,0.0145,0.8473,0.0,2400.0,0.0,6.3
60.5,2026-06-05T19:08:05.436540+00:00,66.3612,0.1113,96.0562,0.0112,0.8473,0.0,2400.0,0.0,6.3
61.0,2026-06-05T19:08:05.936956+00:00,66.3008,0.0855,96.0663,0.0086,0.8473,0.0,2400.0,0.0,6.3
61.500285,2026-06-05T19:08:06.436863+00:00,66.5089,0.2566,95.9353,-0.0705,0.8473,0.0,2400.0,0.0,6.2488
62.0,2026-06-05T19:08:06.936554+00:00,66.5415,0.1336,96.1817,0.0615,0.8473,0.0,2400.0,0.0,6.2238
62.5,2026-06-05T19:08:07.441010+00:00,66.4394,0.0391,96.2785,0.1013,0.8473,0.0,2400.0,0.0,6.2116
63.0,2026-06-05T19:08:07.937114+00:00,66.4881,0.0937,96.0983,0.0084,0.8473,0.0,2400.0,0.0,6.2569
63.5,2026-06-05T19:08:08.436525+00:00,66.5256,0.0083,96.0756,0.0065,0.8473,0.0,2400.0,0.0,6.279
64.0,2026-06-05T19:08:08.936527+00:00,66.5544,0.0064,95.9424,-0.0413,0.8473,0.0,2400.0,0.0,6.2897
64.5,2026-06-05T19:08:09.436548+00:00,66.5765,0.0686,95.9557,0.0068,0.8473,0.0,2400.0,0.0,6.295
65.0,2026-06-05T19:08:09.943804+00:00,66.7208,0.1163,95.966,-0.0719,0.8473,0.0,2400.0,0.0,6.2976
65.5,2026-06-05T19:08:10.436566+00:00,66.8317,0.1531,95.9738,-0.1015,0.8473,0.0,2400.0,0.0,6.2476
66.0,2026-06-05T19:08:10.936606+00:00,66.7896,0.1176,96.0956,-0.0009,0.8473,0.0,2400.0,0.0,6.2232
66.5,2026-06-05T19:08:11.436679+00:00,66.8846,0.154,96.0966,0.007,0.8473,0.0,2400.0,0.0,6.2113
67.0,2026-06-05T19:08:11.936922+00:00,67.0848,0.182,95.9586,0.0054,0.8473,0.0,2400.0,0.0,6.2055
67.5,2026-06-05T19:08:12.442813+00:00,66.9842,0.0763,95.8524,-0.0344,0.8473,0.0,2400.0,0.0,6.2027
68.0,2026-06-05T19:08:12.936812+00:00,67.0342,0.1223,95.7478,-0.0727,0.8473,0.0,2400.0,0.0,6.2525
68.5,2026-06-05T19:08:13.437221+00:00,67.3271,0.2212,95.8293,-0.0482,0.8473,0.0,2400.0,0.0,6.2768
69.0,2026-06-05T19:08:13.937053+00:00,67.2977,0.1064,95.8919,-0.0679,0.8473,0.0,2400.0,0.0,6.2887
69.5,2026-06-05T19:08:14.436592+00:00,67.2751,0.1454,95.9169,-0.0599,0.8473,0.0,2400.0,0.0,6.2945
70.0,2026-06-05T19:08:14.941896+00:00,67.385,0.1754,95.7973,-0.0538,0.8473,0.0,2400.0,0.0,6.2973
70.5,2026-06-05T19:08:15.436640+00:00,67.4694,0.0712,95.8442,-0.0027,0.8473,0.0,2400.0,0.0,6.2987
71.0,2026-06-05T19:08:15.936708+00:00,67.6616,0.182,95.8803,0.0442,0.8473,0.0,2400.0,0.0,6.2994
71.5,2026-06-05T19:08:16.436554+00:00,67.6821,0.2035,95.8154,-0.0046,0.8473,0.0,2400.0,0.0,6.2997
72.0,2026-06-05T19:08:16.936811+00:00,67.8251,0.22,95.9738,0.0273,0.8473,0.0,2400.0,0.0,6.2998
72.5,2026-06-05T19:08:17.541190+00:00,67.8077,0.1691,95.9567,0.0133,0.8473,0.0,2400.0,0.0,6.2999
73.0,2026-06-05T19:08:17.936959+00:00,67.9216,0.13,95.9436,0.0488,0.8473,0.0,2400.0,0.0,6.3512
73.5,2026-06-05T19:08:18.436536+00:00,68.0092,0.1635,95.841,-0.0011,0.8473,0.0,2400.0,0.0,6.325
74.0,2026-06-05T19:08:18.936888+00:00,68.0765,0.1257,95.7852,-0.0317,0.8473,0.0,2400.0,0.0,6.3122
74.5,2026-06-05T19:08:19.436774+00:00,68.1282,0.1603,95.8349,0.0065,0.8473,0.0,2400.0,0.0,6.3059
75.0,2026-06-05T19:08:19.944361+00:00,68.2952,0.1868,95.7574,-0.0721,0.8473,0.0,2400.0,0.0,6.3029
75.5,2026-06-05T19:08:20.436557+00:00,68.2963,0.1436,95.7904,-0.0554,0.8473,0.0,2400.0,0.0,6.3014
76.0,2026-06-05T19:08:20.936642+00:00,68.4244,0.174,95.9546,0.0037,0.8473,0.0,2400.0,0.0,6.3007
76.5,2026-06-05T19:08:21.436657+00:00,68.3956,0.1337,96.0808,0.08,0.8473,0.0,2400.0,0.0,6.3003
77.0,2026-06-05T19:08:21.937055+00:00,68.5008,0.1028,95.9464,0.0537,0.8473,0.0,2400.0,0.0,6.3002
77.501239,2026-06-05T19:08:22.444228+00:00,68.5816,0.1426,95.7274,-0.0358,0.8473,0.0,2400.0,0.0,6.3001
78.0,2026-06-05T19:08:22.936564+00:00,68.771,0.1733,96.0219,0.0882,0.8473,0.0,2400.0,0.0,6.3
78.5,2026-06-05T19:08:23.436564+00:00,68.662,0.1332,96.1325,0.114,0.8473,0.0,2400.0,0.0,6.3
79.0,2026-06-05T19:08:23.936587+00:00,68.8328,0.166,96.2176,0.0877,0.8473,0.0,2400.0,0.0,6.3
79.5,2026-06-05T19:08:24.436648+00:00,68.964,0.1912,96.0515,-0.0098,0.8473,0.0,2400.0,0.0,6.3
80.0,2026-06-05T19:08:24.941947+00:00,69.1922,0.2106,96.1322,0.0619,0.8473,0.0,2400.0,0.0,6.3
80.5,2026-06-05T19:08:25.436612+00:00,69.113,0.2255,95.9859,0.0862,0.8473,0.0,2400.0,0.0,6.3
81.0,2026-06-05T19:08:25.936589+00:00,69.0521,0.1097,95.9891,-0.0109,0.8473,0.0,2400.0,0.0,6.3
81.5,2026-06-05T19:08:26.436566+00:00,69.0054,0.0207,95.876,-0.0855,0.8473,0.0,2400.0,0.0,6.3
82.0,2026-06-05T19:08:26.936705+00:00,69.0967,-0.0477,95.9047,-0.1043,0.8473,0.0,2400.0,0.0,6.3
82.5,2026-06-05T19:08:27.440585+00:00,69.0396,-0.0367,96.0424,-0.003,0.8473,0.0,2400.0,0.0,6.3
83.0,2026-06-05T19:08:27.936575+00:00,68.9957,-0.0282,95.9169,-0.0717,0.8473,0.0,2400.0,0.0,6.3
83.5,2026-06-05T19:08:28.436618+00:00,69.0893,0.042,95.8204,-0.0551,0.8473,0.0,2400.0,0.0,6.3
84.0,2026-06-05T19:08:28.936576+00:00,69.1612,0.0322,95.7463,-0.081,0.8473,0.0,2400.0,0.0,6.3
84.5,2026-06-05T19:08:29.436627+00:00,69.3437,0.1521,95.9207,0.0149,0.8473,0.0,2400.0,0.0,6.3
85.0,2026-06-05T19:08:30.043346+00:00,69.484,0.2441,95.939,0.0115,0.8473,0.0,2400.0,0.0,6.3
85.5,2026-06-05T19:08:30.437252+00:00,69.5918,0.2513,95.8375,-0.0683,0.8473,0.0,2400.0,0.0,6.3
86.0,2026-06-05T19:08:30.936881+00:00,69.6747,0.2568,95.8519,-0.0217,0.8473,0.0,2400.0,0.0,6.3
86.5,2026-06-05T19:08:31.437049+00:00,69.6111,0.1337,95.8862,0.0219,0.8473,0.0,2400.0,0.0,6.3
87.0,2026-06-05T19:08:31.936562+00:00,69.6896,0.1028,95.9125,0.0554,0.8473,0.0,2400.0,0.0,6.3
87.5,2026-06-05T19:08:32.440369+00:00,69.8771,0.1426,95.7014,-0.0731,0.8473,0.0,2400.0,0.0,6.3
88.0,2026-06-05T19:08:32.936631+00:00,69.894,0.1096,95.6548,-0.0948,0.8473,0.0,2400.0,0.0,6.3
88.5,2026-06-05T19:08:33.436808+00:00,69.7797,0.0843,95.7347,-0.0343,0.8473,0.0,2400.0,0.0,6.3
89.0,2026-06-05T19:08:33.936571+00:00,69.9463,0.1284,95.7961,-0.0186,0.8473,0.0,2400.0,0.0,6.3
89.5,2026-06-05T19:08:34.436739+00:00,70.0745,0.0987,95.9589,0.0243,0.8473,0.0,2400.0,0.0,6.3
90.000083,2026-06-05T19:08:34.941796+00:00,70.0457,0.0758,95.9684,0.0186,0.8473,0.0,2400.0,0.0,6.3
90.5,2026-06-05T19:08:35.436546+00:00,70.1508,0.1856,95.86,0.0529,0.8473,0.0,2400.0,0.0,6.3
91.0,2026-06-05T19:08:35.936543+00:00,70.4861,0.2699,96.0081,0.1178,0.8473,0.0,2400.0,0.0,6.3512
91.5,2026-06-05T19:08:36.436574+00:00,70.1075,0.0165,96.0063,0.0905,0.8473,0.0,2400.0,0.0,6.3762
92.0,2026-06-05T19:08:36.936582+00:00,70.3256,0.14,95.8891,0.031,0.8473,0.0,2400.0,0.0,6.3884
92.5,2026-06-05T19:08:37.442892+00:00,70.366,0.1076,95.9148,-0.0147,0.8473,0.0,2400.0,0.0,6.3943
93.0,2026-06-05T19:08:37.936584+00:00,70.5243,0.0191,95.7031,-0.0885,0.8473,0.0,2400.0,0.0,6.3972
93.501382,2026-06-05T19:08:38.438144+00:00,70.5186,0.2056,95.6561,-0.068,0.8473,0.0,2400.0,0.0,6.3986
94.0,2026-06-05T19:08:38.936556+00:00,70.5143,0.0944,95.62,-0.1294,0.8473,0.0,2400.0,0.0,6.3993
94.5,2026-06-05T19:08:39.436568+00:00,70.3837,0.0089,95.5922,-0.138,0.8473,0.0,2400.0,0.0,6.3997
95.0,2026-06-05T19:08:39.942350+00:00,70.4106,-0.0568,95.6866,-0.0675,0.8473,0.0,2400.0,0.0,6.3998
95.5,2026-06-05T19:08:40.436594+00:00,70.5586,0.02,95.7591,-0.0519,0.8473,0.0,2400.0,0.0,6.3999
96.0,2026-06-05T19:08:40.936854+00:00,70.545,0.0154,95.9305,0.0758,0.8473,0.0,2400.0,0.0,6.4
96.5,2026-06-05T19:08:41.436996+00:00,70.4073,0.0118,95.9466,0.0968,0.8473,0.0,2400.0,0.0,6.4
97.0,2026-06-05T19:08:41.936839+00:00,70.4288,0.0091,95.9821,0.1207,0.8473,0.0,2400.0,0.0,6.4
97.5,2026-06-05T19:08:42.440661+00:00,70.5725,0.007,95.9862,0.1313,0.8473,0.0,2400.0,0.0,6.3488
98.0,2026-06-05T19:08:42.936815+00:00,70.8103,0.1326,95.9894,0.101,0.8473,0.0,2400.0,0.0,6.3238
98.5,2026-06-05T19:08:43.436723+00:00,70.8658,0.2292,95.9919,0.0776,0.8473,0.0,2400.0,0.0,6.3116
99.0,2026-06-05T19:08:43.936772+00:00,70.9084,0.2398,95.9938,0.0211,0.8473,0.0,2400.0,0.0,6.3057
99.5,2026-06-05T19:08:44.437014+00:00,71.0684,0.2479,96.1109,0.0548,0.8473,0.0,2400.0,0.0,6.3028
100.0,2026-06-05T19:08:44.941232+00:00,71.0642,0.1269,95.8538,-0.0428,0.8473,0.0,2400.0,0.0,6.3014
100.5,2026-06-05T19:08:45.436575+00:00,70.9336,0.0339,96.0034,0.0057,0.8473,0.0,2400.0,0.0,6.3007
101.0,2026-06-05T19:08:45.936584+00:00,71.0878,0.0897,95.8869,-0.0342,0.8473,0.0,2400.0,0.0,6.3003
101.5,2026-06-05T19:08:46.436576+00:00,71.2063,0.069,95.7974,-0.0648,0.8473,0.0,2400.0,0.0,6.3002
102.0,2026-06-05T19:08:46.937045+00:00,71.2974,0.1166,95.9599,-0.0113,0.8473,0.0,2400.0,0.0,6.3001
102.5,2026-06-05T19:08:47.443551+00:00,71.4947,0.2805,96.0849,-0.0087,0.8473,0.0,2400.0,0.0,6.3
103.0,2026-06-05T19:08:47.937035+00:00,71.7736,0.3429,95.9496,0.0319,0.8473,0.0,2400.0,0.0,6.3
103.5,2026-06-05T19:08:48.436884+00:00,71.7334,0.2636,95.9612,-0.014,0.8473,0.0,2400.0,0.0,6.3
104.0,2026-06-05T19:08:48.936566+00:00,71.7026,0.2026,95.9702,0.0278,0.8473,0.0,2400.0,0.0,6.3
104.5,2026-06-05T19:08:49.436792+00:00,71.6788,0.0921,95.9771,0.0599,0.8473,0.0,2400.0,0.0,6.3
105.0,2026-06-05T19:08:49.943636+00:00,71.7879,0.0071,95.9824,0.0075,0.8473,0.0,2400.0,0.0,6.3
105.5,2026-06-05T19:08:50.436914+00:00,71.8717,0.0691,95.9865,-0.0328,0.8473,0.0,2400.0,0.0,6.3
106.0,2026-06-05T19:08:50.937062+00:00,71.8088,0.0531,95.9896,0.0133,0.8473,0.0,2400.0,0.0,6.3
106.501049,2026-06-05T19:08:51.437650+00:00,71.8878,0.1045,95.992,0.0103,0.8473,0.0,2400.0,0.0,6.3
107.0,2026-06-05T19:08:51.936595+00:00,72.0757,0.1439,96.1096,0.0465,0.8473,0.0,2400.0,0.0,6.3
107.5,2026-06-05T19:08:52.443738+00:00,72.0929,0.1106,96.1999,0.0743,0.8473,0.0,2400.0,0.0,6.3
108.0,2026-06-05T19:08:52.936627+00:00,72.2334,0.2123,96.1536,0.0571,0.8473,0.0,2400.0,0.0,6.3
108.5,2026-06-05T19:08:53.436810+00:00,72.3414,0.2268,96.1181,0.0439,0.8473,0.0,2400.0,0.0,6.3
109.0,2026-06-05T19:08:53.937036+00:00,72.4243,0.1743,96.0908,0.0337,0.8473,0.0,2400.0,0.0,6.3
109.5,2026-06-05T19:08:54.436557+00:00,72.2336,0.0703,96.0698,0.0259,0.8473,0.0,2400.0,0.0,6.3
110.0,2026-06-05T19:08:54.941991+00:00,72.3415,0.0541,96.0536,-0.0186,0.8473,0.0,2400.0,0.0,6.3
110.5,2026-06-05T19:08:55.436651+00:00,72.1699,-0.0857,96.0412,-0.0529,0.8473,0.0,2400.0,0.0,6.3
111.0,2026-06-05T19:08:55.936558+00:00,72.2926,-0.0659,95.916,-0.0792,0.8473,0.0,2400.0,0.0,6.3
111.5,2026-06-05T19:08:56.436784+00:00,72.2596,0.013,96.0511,-0.0223,0.8473,0.0,2400.0,0.0,6.3
112.0,2026-06-05T19:08:56.936712+00:00,72.3615,0.01,96.0393,-0.0172,0.8473,0.0,2400.0,0.0,6.3
112.5,2026-06-05T19:08:57.442349+00:00,72.4398,0.135,96.0071,-0.0209,0.8473,0.0,2400.0,0.0,6.3
113.000047,2026-06-05T19:08:57.936696+00:00,72.5,0.1037,96.1211,0.0225,0.8473,0.0,2400.0,0.0,6.3512
113.5,2026-06-05T19:08:58.436828+00:00,72.5463,0.1434,96.0931,0.0173,0.8473,0.0,2400.0,0.0,6.3762
114.0,2026-06-05T19:08:58.937024+00:00,72.8364,0.2375,96.1873,0.0904,0.8473,0.0,2400.0,0.0,6.3884
114.5,2026-06-05T19:08:59.436786+00:00,73.0594,0.3098,96.1439,0.0309,0.8473,0.0,2400.0,0.0,6.3943
115.0,2026-06-05T19:08:59.943260+00:00,73.1035,0.3017,96.1106,0.0238,0.8473,0.0,2400.0,0.0,6.3972
115.5,2026-06-05T19:09:00.436664+00:00,73.0101,0.2319,95.9693,-0.0126,0.8473,0.0,2400.0,0.0,6.3474
116.0,2026-06-05T19:09:00.936591+00:00,72.8111,-0.0127,96.0921,-0.0097,0.8473,0.0,2400.0,0.0,6.3232
116.5,2026-06-05T19:09:01.436551+00:00,72.7854,-0.137,96.1865,0.0311,0.8473,0.0,2400.0,0.0,6.3113
117.0,2026-06-05T19:09:01.937237+00:00,72.8929,-0.1053,96.259,0.0239,0.8473,0.0,2400.0,0.0,6.3055
117.5,2026-06-05T19:09:02.441580+00:00,72.9755,-0.0173,96.1991,0.0184,0.8473,0.0,2400.0,0.0,6.3027
118.0,2026-06-05T19:09:02.937011+00:00,73.039,0.114,96.153,0.0141,0.8473,0.0,2400.0,0.0,6.3013
118.5,2026-06-05T19:09:03.436596+00:00,72.9606,0.0876,96.1176,0.0494,0.8473,0.0,2400.0,0.0,6.3006
119.0,2026-06-05T19:09:03.936589+00:00,73.0276,0.0673,96.2061,0.038,0.8473,0.0,2400.0,0.0,6.3003
119.5,2026-06-05T19:09:04.436948+00:00,73.2063,0.1154,96.2741,0.0292,0.8473,0.0,2400.0,0.0,6.3002
120.0,2026-06-05T19:09:04.941008+00:00,73.0891,0.0251,96.3264,0.0224,0.8473,0.0,2400.0,0.0,6.3001
120.5,2026-06-05T19:09:05.436573+00:00,73.2536,0.1465,96.2509,0.0173,0.8473,0.0,2400.0,0.0,6.3
121.0,2026-06-05T19:09:05.937904+00:00,73.3801,0.1763,95.9614,-0.0639,0.8473,0.0,2400.0,0.0,6.3
121.5,2026-06-05T19:09:06.436578+00:00,73.2227,0.0082,95.9703,-0.0491,0.8473,0.0,2400.0,0.0,6.3
122.0,2026-06-05T19:09:06.936660+00:00,73.3563,0.1336,95.8615,-0.1149,0.8473,0.0,2400.0,0.0,6.3
122.5,2026-06-05T19:09:07.441892+00:00,73.459,0.1027,95.8936,-0.1269,0.8473,0.0,2400.0,0.0,6.2488
123.0,2026-06-05T19:09:07.936576+00:00,73.6651,0.1425,95.9182,-0.1361,0.8473,0.0,2400.0,0.0,6.275
123.5,2026-06-05T19:09:08.436737+00:00,73.6964,0.2368,95.9371,-0.1046,0.8473,0.0,2400.0,0.0,6.2878
124.0,2026-06-05T19:09:08.936574+00:00,73.8476,0.2457,95.9517,-0.0032,0.8473,0.0,2400.0,0.0,6.2941
124.5,2026-06-05T19:09:09.436788+00:00,73.8366,0.1888,95.6158,-0.1182,0.8473,0.0,2400.0,0.0,6.2971
125.0,2026-06-05T19:09:09.941056+00:00,73.8281,0.0815,95.589,-0.0908,0.8473,0.0,2400.0,0.0,6.2986
125.5,2026-06-05T19:09:10.436569+00:00,74.0762,0.1899,95.7998,-0.0313,0.8473,0.0,2400.0,0.0,6.2993
126.0,2026-06-05T19:09:10.936529+00:00,74.1395,0.146,95.8461,-0.024,0.8473,0.0,2400.0,0.0,6.2997
126.5,2026-06-05T19:09:11.437369+00:00,74.061,0.1122,95.8586,-0.0262,0.8473,0.0,2400.0,0.0,6.2486
127.0,2026-06-05T19:09:11.936615+00:00,74.2551,0.2135,95.8913,-0.0201,0.8473,0.0,2400.0,0.0,6.2237
127.500286,2026-06-05T19:09:12.446639+00:00,74.2771,0.1005,95.9165,0.1002,0.8473,0.0,2400.0,0.0,6.2116
128.0,2026-06-05T19:09:12.936789+00:00,74.2939,0.0772,96.0515,0.1542,0.8473,0.0,2400.0,0.0,6.2569
128.5,2026-06-05T19:09:13.436629+00:00,74.4342,0.1866,96.0396,0.0799,0.8473,0.0,2400.0,0.0,6.2789
129.0,2026-06-05T19:09:13.936620+00:00,74.4147,0.0798,96.0304,0.0614,0.8473,0.0,2400.0,0.0,6.2897
129.5,2026-06-05T19:09:14.436568+00:00,74.527,0.125,95.9077,0.0164,0.8473,0.0,2400.0,0.0,6.295
130.0,2026-06-05T19:09:14.943029+00:00,74.3588,0.0324,95.929,0.0126,0.8473,0.0,2400.0,0.0,6.2976
130.5,2026-06-05T19:09:15.436957+00:00,74.3567,-0.0387,96.0612,0.0482,0.8473,0.0,2400.0,0.0,6.2988
131.0,2026-06-05T19:09:15.936780+00:00,74.4825,0.0339,96.1627,0.0371,0.8473,0.0,2400.0,0.0,6.2994
131.5,2026-06-05T19:09:16.436551+00:00,74.4518,-0.0376,96.1251,0.0285,0.8473,0.0,2400.0,0.0,6.2997
132.0,2026-06-05T19:09:16.936784+00:00,74.5555,0.0984,95.9804,-0.0167,0.8473,0.0,2400.0,0.0,6.2999
132.5,2026-06-05T19:09:17.443611+00:00,74.6352,0.1392,95.985,0.0258,0.8473,0.0,2400.0,0.0,6.2999
133.0,2026-06-05T19:09:17.936700+00:00,74.6965,0.107,96.1041,0.0584,0.8473,0.0,2400.0,0.0,6.3512
133.5,2026-06-05T19:09:18.436759+00:00,74.489,0.0186,96.1957,0.0449,0.8473,0.0,2400.0,0.0,6.325
134.0,2026-06-05T19:09:18.936573+00:00,74.4569,-0.0493,96.0347,-0.0427,0.8473,0.0,2400.0,0.0,6.3122
134.5,2026-06-05T19:09:19.436624+00:00,74.4321,-0.1015,96.0267,-0.0328,0.8473,0.0,2400.0,0.0,6.3059
135.0,2026-06-05T19:09:19.942679+00:00,74.5404,-0.078,96.1362,0.0519,0.8473,0.0,2400.0,0.0,6.3029
135.5,2026-06-05T19:09:20.437084+00:00,74.6236,0.0673,96.2204,0.0785,0.8473,0.0,2400.0,0.0,6.3014
136.0,2026-06-05T19:09:20.936580+00:00,74.5603,0.0517,96.2851,0.0603,0.8473,0.0,2400.0,0.0,6.3007
136.5,2026-06-05T19:09:21.437258+00:00,74.7662,0.167,96.1034,-0.0308,0.8473,0.0,2400.0,0.0,6.3003
137.0,2026-06-05T19:09:21.936585+00:00,74.7971,0.1284,96.0795,0.0149,0.8473,0.0,2400.0,0.0,6.3002
137.5,2026-06-05T19:09:22.440125+00:00,74.9482,0.1623,96.0611,0.0115,0.8473,0.0,2400.0,0.0,6.3001
138.0,2026-06-05T19:09:22.936545+00:00,75.0643,0.252,96.047,-0.0298,0.8473,0.0,2400.0,0.0,6.3
138.5,2026-06-05T19:09:23.436563+00:00,74.899,0.0664,96.0361,-0.0614,0.8473,0.0,2400.0,0.0,6.3
139.0,2026-06-05T19:09:23.937016+00:00,75.0265,0.1147,95.912,-0.1244,0.8473,0.0,2400.0,0.0,6.3
139.5,2026-06-05T19:09:24.436604+00:00,75.1245,0.0882,95.9324,-0.057,0.8473,0.0,2400.0,0.0,6.3
140.000705,2026-06-05T19:09:24.945497+00:00,75.3271,0.1314,96.0637,-0.0053,0.8473,0.0,2400.0,0.0,6.3
140.5,2026-06-05T19:09:25.436661+00:00,74.8465,-0.0263,96.049,-0.004,0.8473,0.0,2045.94,-354.06,6.3
141.0,2026-06-05T19:09:25.936631+00:00,74.6043,-0.2111,96.1534,0.0355,0.8473,0.0,1900.8108,-499.1892,6.3
141.5,2026-06-05T19:09:26.436662+00:00,74.1637,-0.4804,96.3493,0.1044,0.8473,0.0,1841.3223,-204.6177,6.3
142.0,2026-06-05T19:09:26.936623+00:00,73.9522,-0.6874,96.3841,0.1574,0.8473,0.0,1816.938,-83.8728,6.3
142.5,2026-06-05T19:09:27.444113+00:00,73.5352,-0.6556,96.6424,0.2367,0.7986,-0.0487,1806.9429,-34.3795,6.3
143.0,2026-06-05T19:09:27.936609+00:00,73.2147,-0.6948,96.7251,0.2205,0.7787,-0.0686,1802.8459,-14.0921,6.3
143.5,2026-06-05T19:09:28.436615+00:00,72.9683,-0.5977,96.673,0.208,0.7705,-0.0281,1801.1665,-5.7764,6.3
144.0,2026-06-05T19:09:28.936716+00:00,72.7789,-0.5866,96.633,0.1599,0.7671,-0.0115,1800.4782,-2.3677,6.3
144.5,2026-06-05T19:09:29.436653+00:00,72.6334,-0.4509,96.8336,0.1614,0.7658,-0.0047,1800.196,-0.9705,6.3
145.0,2026-06-05T19:09:29.941124+00:00,72.5215,-0.3466,96.7564,0.1241,0.7652,-0.0019,1800.0803,-0.3978,6.3
145.5,2026-06-05T19:09:30.436836+00:00,72.4356,-0.2664,96.6971,0.0182,0.765,-0.0008,1800.0329,-0.1631,6.3
146.0,2026-06-05T19:09:30.937211+00:00,72.3695,-0.2047,96.6515,-0.0245,0.7649,-0.0003,1800.0135,-0.0668,6.3
146.5,2026-06-05T19:09:31.437073+00:00,72.446,-0.0937,96.7321,0.0197,0.7648,-0.0001,1800.0055,-0.0274,6.3
147.0,2026-06-05T19:09:31.936641+00:00,72.1229,-0.1993,96.7941,0.0537,0.7648,-0.0001,1800.0023,-0.0112,6.3
147.5,2026-06-05T19:09:32.442775+00:00,72.1292,-0.1532,96.7261,-0.0359,0.7648,-0.0,1800.0009,-0.0046,6.3
148.0,2026-06-05T19:09:32.936597+00:00,72.2613,-0.0541,96.7894,0.011,0.7648,-0.0,1800.0004,-0.0019,6.3
148.5,2026-06-05T19:09:33.436678+00:00,72.1083,-0.1689,96.7225,0.0085,0.7648,-0.0,1800.0002,-0.0008,6.3
149.0,2026-06-05T19:09:33.936718+00:00,71.9907,-0.0661,96.671,0.0065,0.7648,-0.0,1800.0001,-0.0003,6.3
149.5,2026-06-05T19:09:34.436607+00:00,71.9003,-0.1145,96.6314,-0.0336,0.7648,-0.0,1800.0,-0.0001,6.3
150.0,2026-06-05T19:09:34.941343+00:00,71.958,-0.1516,96.601,-0.0644,0.7648,-0.0,1800.0,-0.0001,6.3
150.5,2026-06-05T19:09:35.436632+00:00,71.7479,-0.1802,96.4619,-0.088,0.7648,-0.0,1800.0,-0.0,6.3
151.0,2026-06-05T19:09:35.936687+00:00,71.4592,-0.2657,96.4707,-0.1062,0.7648,-0.0,1800.0,-0.0,6.3
151.5,2026-06-05T19:09:36.436618+00:00,71.619,-0.1406,96.3618,-0.1202,0.7648,-0.0,1800.0,-0.0,6.3
152.0,2026-06-05T19:09:36.936786+00:00,71.4873,-0.2354,96.3938,-0.0924,0.7648,-0.0,1800.0,-0.0,6.3
152.5,2026-06-05T19:09:37.444248+00:00,71.6407,-0.0536,96.3027,-0.1096,0.7648,-0.0,1800.0,-0.0,6.3
153.0,2026-06-05T19:09:37.937362+00:00,71.2495,-0.1048,96.1169,-0.1614,0.7648,-0.0,1800.0,-0.0,6.3
153.5,2026-06-05T19:09:38.436620+00:00,71.3306,-0.1442,96.3213,-0.0469,0.7648,-0.0,1800.0,-0.0,6.3
154.0,2026-06-05T19:09:38.937329+00:00,71.3929,-0.0472,96.2469,-0.0746,0.7648,-0.0,1800.0,-0.0,6.3
154.5,2026-06-05T19:09:39.436694+00:00,71.5681,-0.0363,96.3055,-0.0188,0.7648,-0.0,1800.0,-0.0,6.3
155.0,2026-06-05T19:09:39.942553+00:00,71.1937,-0.0279,96.2348,-0.053,0.7648,-0.0,1800.0,-0.0,6.3
155.5,2026-06-05T19:09:40.436644+00:00,71.2877,-0.0214,96.0416,-0.087,0.7648,-0.0,1800.0,-0.0,6.3
156.0,2026-06-05T19:09:40.936734+00:00,71.36,-0.0165,96.0089,-0.036,0.7648,-0.0,1800.0,-0.0,6.3
156.5,2026-06-05T19:09:41.436771+00:00,71.5428,-0.0127,96.0068,-0.1048,0.7648,-0.0,1800.0,-0.0,6.3
157.0,2026-06-05T19:09:41.936639+00:00,71.6833,0.2448,96.1209,-0.042,0.7648,-0.0,1800.0,-0.0,6.3
157.5,2026-06-05T19:09:42.441750+00:00,71.664,0.1882,95.9772,-0.1094,0.7648,-0.0,1800.0,-0.0,6.3
158.0,2026-06-05T19:09:42.936965+00:00,71.3947,0.0173,96.0982,-0.0455,0.7648,-0.0,1800.0,-0.0,6.3512
158.5,2026-06-05T19:09:43.436762+00:00,71.5694,0.0133,96.3069,0.0884,0.7648,-0.0,1800.0,-0.0,6.3762
159.0,2026-06-05T19:09:43.936916+00:00,71.7038,0.0102,96.1202,0.0371,0.7648,-0.0,1800.0,-0.0,6.3372
159.5,2026-06-05T19:09:44.436662+00:00,71.5525,-0.0558,96.3238,0.1057,0.7648,-0.0,1800.0,-0.0,6.3181
160.0,2026-06-05T19:09:44.943783+00:00,71.5635,0.0844,96.2488,0.0426,0.7648,-0.0,1800.0,-0.0,6.3089
160.5,2026-06-05T19:09:45.436678+00:00,71.5719,0.0012,96.1913,0.0713,0.7648,-0.0,1800.0,-0.0,6.3043
161.0,2026-06-05T19:09:45.936630+00:00,71.5784,-0.0627,96.147,0.0163,0.7648,-0.0,1800.0,0.0,6.3021
161.5,2026-06-05T19:09:46.436629+00:00,71.7107,0.0791,96.113,-0.0646,0.7648,-0.0,1800.0,0.0,6.301
162.0,2026-06-05T19:09:46.936616+00:00,71.6851,0.0608,96.1794,0.0197,0.7648,-0.0,1800.0,0.0,6.3005
162.5,2026-06-05T19:09:47.441923+00:00,71.6654,0.0467,96.2536,-0.0234,0.7648,0.0,1800.0,0.0,6.3002
163.0,2026-06-05T19:09:47.936641+00:00,71.6503,0.0359,96.3106,0.0206,0.7648,0.0,1800.0,0.0,6.3513
163.5,2026-06-05T19:09:48.436741+00:00,71.6386,-0.036,96.3544,0.0544,0.7648,0.0,1800.0,0.0,6.3762
164.0,2026-06-05T19:09:48.936612+00:00,71.6297,-0.0277,96.3881,0.0804,0.7648,0.0,1800.0,0.0,6.3884
164.5,2026-06-05T19:09:49.436660+00:00,71.4956,-0.0849,96.5297,0.1389,0.7648,0.0,1800.0,0.0,6.3943
165.0,2026-06-05T19:09:49.941399+00:00,71.5197,-0.0653,96.5228,0.1145,0.7648,0.0,1800.0,0.0,6.3972
165.5,2026-06-05T19:09:50.436614+00:00,71.5383,-0.0502,96.4018,0.0494,0.7648,0.0,1800.0,0.0,6.3987
166.0,2026-06-05T19:09:50.936613+00:00,71.5526,-0.0386,96.5403,0.0766,0.7648,0.0,1800.0,0.0,6.3993
166.5,2026-06-05T19:09:51.436613+00:00,71.309,-0.0933,96.6466,0.0974,0.7648,0.0,1800.0,0.0,6.3997
167.0,2026-06-05T19:09:51.936843+00:00,71.5036,-0.0081,96.7284,0.1134,0.7648,0.0,1800.0,0.0,6.3998
167.5,2026-06-05T19:09:52.443984+00:00,71.5259,-0.0062,96.907,0.1257,0.7648,0.0,1800.0,0.0,6.3487
168.0,2026-06-05T19:09:52.936916+00:00,71.6703,0.0589,96.8128,0.0967,0.7648,0.0,1800.0,0.0,6.375
168.5,2026-06-05T19:09:53.436666+00:00,71.9086,0.2998,96.7404,0.1129,0.7648,0.0,1800.0,0.0,6.3366
169.0,2026-06-05T19:09:53.936617+00:00,71.9645,0.2304,96.8005,0.0867,0.7648,0.0,1800.0,0.0,6.3179
169.5,2026-06-05T19:09:54.436956+00:00,72.0074,0.2407,96.7309,0.0281,0.7648,0.0,1800.0,0.0,6.3087
170.0,2026-06-05T19:09:54.941344+00:00,72.0404,0.185,96.6775,-0.017,0.7648,0.0,1800.0,0.0,6.3043
170.5,2026-06-05T19:09:55.436648+00:00,71.9385,0.0149,96.5207,-0.1287,0.7648,0.0,1800.0,0.0,6.3021
171.0,2026-06-05T19:09:55.936616+00:00,71.8602,-0.0521,96.5159,-0.099,0.7648,0.0,1800.0,0.0,6.301
171.5,2026-06-05T19:09:56.436632+00:00,71.6727,-0.1674,96.6279,-0.0375,0.7648,0.0,1800.0,0.0,6.3005
172.0,2026-06-05T19:09:56.936844+00:00,71.6559,-0.1923,96.8297,0.0098,0.7648,0.0,1800.0,0.0,6.3002
172.5,2026-06-05T19:09:57.443649+00:00,71.7702,-0.0841,96.8691,0.0461,0.7648,0.0,1800.0,0.0,6.3001
173.0,2026-06-05T19:09:57.937034+00:00,71.7308,-0.0647,96.7837,0.0354,0.7648,0.0,1800.0,0.0,6.3001
173.5,2026-06-05T19:09:58.436596+00:00,71.8278,0.0776,96.9495,0.1429,0.7648,0.0,1800.0,0.0,6.3
174.0,2026-06-05T19:09:58.936665+00:00,72.0296,0.1869,96.9612,0.1484,0.7648,0.0,1800.0,0.0,6.3
174.5,2026-06-05T19:09:59.436624+00:00,72.1848,0.2073,96.8544,0.0755,0.7648,0.0,1800.0,0.0,6.3
175.001187,2026-06-05T19:09:59.942655+00:00,72.1767,0.2229,96.8881,0.0195,0.7648,0.0,1800.0,0.0,6.3
175.5,2026-06-05T19:10:00.436787+00:00,72.1705,0.1714,96.914,0.015,0.7648,0.0,1800.0,0.0,6.3
176.0,2026-06-05T19:10:00.936627+00:00,72.0385,0.0044,96.9339,0.0501,0.7648,0.0,1800.0,0.0,6.3
176.5,2026-06-05T19:10:01.436617+00:00,71.937,-0.1239,96.8335,-0.0387,0.7648,0.0,1800.0,0.0,6.3
177.0,2026-06-05T19:10:01.936633+00:00,72.1136,-0.0316,96.7563,-0.0683,0.7648,0.0,1800.0,0.0,6.3
177.5,2026-06-05T19:10:02.445191+00:00,71.9947,-0.0879,96.8127,-0.0139,0.7648,0.0,1800.0,0.0,6.3
178.0,2026-06-05T19:10:02.936697+00:00,72.0307,-0.0039,96.6247,-0.0878,0.7648,0.0,1800.0,0.0,6.3
178.5,2026-06-05T19:10:03.436736+00:00,72.1856,0.1243,96.7115,-0.0675,0.7648,0.0,1800.0,0.0,6.3
179.0,2026-06-05T19:10:03.936636+00:00,72.1773,0.0319,96.7783,-0.0519,0.7648,0.0,1800.0,0.0,6.3
179.5,2026-06-05T19:10:04.436618+00:00,71.9165,-0.0391,96.8296,-0.0013,0.7648,0.0,1800.0,0.0,6.3
180.0,2026-06-05T19:10:04.941441+00:00,71.9705,-0.0301,96.9847,0.0761,0.7648,0.0,1800.0,0.0,6.3
180.5,2026-06-05T19:10:05.436648+00:00,71.8848,-0.1504,96.9882,0.0585,0.7648,0.0,1800.0,0.0,6.3
181.0,2026-06-05T19:10:05.937080+00:00,72.0734,-0.052,96.991,0.1221,0.7648,0.0,1800.0,0.0,6.3
181.5,2026-06-05T19:10:06.437035+00:00,72.2184,0.151,96.8774,0.0553,0.7648,0.0,1800.0,0.0,6.3
182.000232,2026-06-05T19:10:06.936914+00:00,72.0753,0.0524,96.9057,0.0425,0.7648,0.0,1800.0,0.0,6.3
182.5,2026-06-05T19:10:07.443012+00:00,72.0926,0.1039,96.6961,-0.0445,0.7648,0.0,1800.0,0.0,6.3
183.0,2026-06-05T19:10:07.936635+00:00,72.2331,0.0799,96.6508,-0.1113,0.7648,0.0,1800.0,0.0,6.3
183.5,2026-06-05T19:10:08.436610+00:00,72.2139,-0.0023,96.6159,-0.1241,0.7648,0.0,1800.0,0.0,6.3
184.0,2026-06-05T19:10:08.936598+00:00,72.3264,0.1255,96.5891,-0.134,0.7648,0.0,1800.0,0.0,6.3
184.5,2026-06-05T19:10:09.436640+00:00,72.4128,0.1601,96.5685,-0.103,0.7648,0.0,1800.0,0.0,6.3
185.0,2026-06-05T19:10:09.941786+00:00,72.352,0.0594,96.4369,-0.1563,0.7648,0.0,1800.0,0.0,6.3
185.5,2026-06-05T19:10:10.436628+00:00,72.3053,0.0457,96.5672,-0.043,0.7648,0.0,1800.0,0.0,6.3
186.0,2026-06-05T19:10:10.936686+00:00,72.2693,-0.0285,96.6674,0.0055,0.7648,0.0,1800.0,0.0,6.3
186.5,2026-06-05T19:10:11.436609+00:00,72.1145,-0.1492,96.86,0.0814,0.7648,0.0,1800.0,0.0,6.3
187.0,2026-06-05T19:10:11.936835+00:00,72.1227,-0.1147,96.8924,0.1011,0.7648,0.0,1800.0,0.0,6.3
187.5,2026-06-05T19:10:12.441099+00:00,72.2563,-0.0245,96.9173,0.1163,0.7648,0.0,1800.0,0.0,6.3
188.0,2026-06-05T19:10:12.936705+00:00,72.359,0.0448,97.0521,0.2051,0.7648,0.0,1800.0,0.0,6.3
188.5,2026-06-05T19:10:13.436768+00:00,72.3106,0.0981,96.9244,0.1191,0.7648,0.0,1800.0,0.0,6.3
189.0,2026-06-05T19:10:13.936630+00:00,72.2734,0.0754,96.8262,0.0529,0.7648,0.0,1800.0,0.0,6.3
189.5,2026-06-05T19:10:14.437147+00:00,72.2449,-0.0057,96.8664,0.0021,0.7648,0.0,1800.0,0.0,6.3
190.000707,2026-06-05T19:10:14.945580+00:00,72.3502,-0.0044,96.8973,0.0016,0.7648,0.0,1800.0,0.0,6.3
190.5,2026-06-05T19:10:15.436636+00:00,72.3039,-0.0034,96.8054,-0.0373,0.7648,0.0,1800.0,0.0,6.3
191.0,2026-06-05T19:10:15.936638+00:00,72.2683,-0.0026,96.7347,-0.1058,0.7648,0.0,1800.0,0.0,6.3
191.5,2026-06-05T19:10:16.436607+00:00,72.2409,-0.002,96.5647,-0.1199,0.7648,0.0,1800.0,0.0,6.3
192.0,2026-06-05T19:10:16.936703+00:00,72.0926,-0.1288,96.5497,-0.0922,0.7648,0.0,1800.0,0.0,6.3
192.5,2026-06-05T19:10:17.442624+00:00,72.2331,-0.0354,96.5382,-0.1094,0.7648,0.0,1800.0,0.0,6.2488
193.0,2026-06-05T19:10:17.936646+00:00,72.2139,-0.0272,96.4137,-0.1612,0.7648,0.0,1800.0,0.0,6.275
193.5,2026-06-05T19:10:18.436723+00:00,72.0718,-0.0845,96.4337,-0.1239,0.7648,0.0,1800.0,0.0,6.2878
194.0,2026-06-05T19:10:18.936801+00:00,72.2172,0.0623,96.6804,-0.0181,0.7648,0.0,1800.0,0.0,6.294
194.5,2026-06-05T19:10:19.436604+00:00,72.3289,0.0479,96.7544,0.0632,0.7648,0.0,1800.0,0.0,6.2971
195.0,2026-06-05T19:10:19.941597+00:00,72.4148,0.1004,96.5798,0.01,0.7648,0.0,1800.0,0.0,6.2986
195.5,2026-06-05T19:10:20.436708+00:00,72.2262,0.0772,96.7927,0.0848,0.7648,0.0,1800.0,0.0,6.2993
196.0,2026-06-05T19:10:20.936656+00:00,72.2086,-0.0043,96.8407,0.1423,0.7648,0.0,1800.0,0.0,6.2997
196.5,2026-06-05T19:10:21.436693+00:00,72.3223,-0.0033,96.9933,0.1865,0.7648,0.0,1800.0,0.0,6.2998
197.0,2026-06-05T19:10:21.936689+00:00,72.4097,-0.0025,96.9948,0.1048,0.7648,0.0,1800.0,0.0,6.2999
197.5,2026-06-05T19:10:22.447639+00:00,72.4769,0.1253,96.996,0.0806,0.7648,0.0,1800.0,0.0,6.2488
198.0,2026-06-05T19:10:22.936651+00:00,72.5285,0.16,96.9969,0.139,0.7648,0.0,1800.0,0.0,6.275
198.5,2026-06-05T19:10:23.436611+00:00,72.4409,0.0593,96.8819,0.0297,0.7648,0.0,1800.0,0.0,6.2878
199.0,2026-06-05T19:10:23.936634+00:00,72.3736,-0.0181,96.9093,0.0229,0.7648,0.0,1800.0,0.0,6.294
199.5,2026-06-05T19:10:24.436631+00:00,72.4491,-0.0139,96.9303,-0.021,0.7648,0.0,1800.0,0.0,6.2971
200.0,2026-06-05T19:10:24.941087+00:00,72.5072,-0.0107,96.715,-0.0933,0.7648,0.0,1800.0,0.0,6.2986
200.5,2026-06-05T19:10:25.436633+00:00,72.4245,-0.0082,96.6652,-0.1103,0.7648,0.0,1800.0,0.0,6.2993
201.0,2026-06-05T19:10:25.936602+00:00,72.4883,0.0573,96.7427,-0.0847,0.7648,0.0,1800.0,0.0,6.3509
201.5,2026-06-05T19:10:26.436692+00:00,72.41,-0.0196,96.8022,-0.0266,0.7648,0.0,1800.0,0.0,6.376
202.0,2026-06-05T19:10:26.936616+00:00,72.6044,0.0486,96.7323,-0.059,0.7648,0.0,1800.0,0.0,6.3883
202.5,2026-06-05T19:10:27.441763+00:00,72.4992,0.0374,96.7943,-0.0453,0.7648,0.0,1800.0,0.0,6.3431
203.0,2026-06-05T19:10:27.936715+00:00,72.5457,0.0287,96.7262,0.0037,0.7648,0.0,1800.0,0.0,6.3722
203.5,2026-06-05T19:10:28.436695+00:00,72.5814,0.0857,96.6738,0.0029,0.7648,0.0,1800.0,0.0,6.3352
204.0,2026-06-05T19:10:28.936724+00:00,72.4816,-0.0614,96.5179,-0.0749,0.7648,0.0,1800.0,0.0,6.3172
204.5,2026-06-05T19:10:29.436861+00:00,72.5321,0.0164,96.6295,-0.0576,0.7648,0.0,1800.0,0.0,6.3084
205.0,2026-06-05T19:10:29.946296+00:00,72.4437,-0.051,96.4838,-0.0828,0.7648,0.0,1800.0,0.0,6.3041
205.5,2026-06-05T19:10:30.436835+00:00,72.3757,-0.1028,96.4876,-0.1022,0.7648,0.0,1800.0,0.0,6.302
206.0,2026-06-05T19:10:30.936638+00:00,72.578,0.0482,96.6061,-0.04,0.7648,0.0,1800.0,0.0,6.301
206.5,2026-06-05T19:10:31.436622+00:00,72.7335,0.1007,96.5816,-0.0308,0.7648,0.0,1800.0,0.0,6.3005
207.0,2026-06-05T19:10:31.936747+00:00,72.5985,0.0774,96.5627,0.0149,0.7648,0.0,1800.0,0.0,6.3002
207.5,2026-06-05T19:10:32.441915+00:00,72.4947,0.0595,96.5482,-0.0271,0.7648,0.0,1800.0,0.0,6.3001
208.0,2026-06-05T19:10:32.936621+00:00,72.5422,-0.0179,96.537,0.0177,0.7648,0.0,1800.0,0.0,6.3001
208.5,2026-06-05T19:10:33.436876+00:00,72.706,-0.0138,96.5285,0.0136,0.7648,0.0,1800.0,0.0,6.3
209.0,2026-06-05T19:10:33.936646+00:00,72.7046,0.0531,96.6144,0.0028,0.7648,0.0,1800.0,0.0,6.3
209.5,2026-06-05T19:10:34.436801+00:00,72.7035,0.1044,96.588,0.0021,0.7648,0.0,1800.0,0.0,6.3
210.0,2026-06-05T19:10:34.941021+00:00,72.4482,-0.047,96.4519,-0.0369,0.7648,0.0,1800.0,0.0,6.3
210.5,2026-06-05T19:10:35.437229+00:00,72.6337,-0.0361,96.5787,0.0102,0.7648,0.0,1800.0,0.0,6.3
211.0,2026-06-05T19:10:35.936950+00:00,72.7763,0.0359,96.6762,0.0464,0.7648,0.0,1800.0,0.0,6.3
211.5,2026-06-05T19:10:36.436783+00:00,72.7587,0.0276,96.8668,0.1128,0.7648,0.0,1800.0,0.0,6.3
212.0,2026-06-05T19:10:36.937199+00:00,72.6178,0.0848,96.8977,0.0944,0.7648,0.0,1800.0,0.0,6.3
212.5,2026-06-05T19:10:37.444050+00:00,72.7641,0.0652,96.8056,0.0726,0.7648,0.0,1800.0,0.0,6.2488
213.0,2026-06-05T19:10:37.936653+00:00,72.8765,0.0501,96.7349,0.0943,0.7648,0.0,1800.0,0.0,6.275
213.5,2026-06-05T19:10:38.436632+00:00,72.963,0.1021,96.6806,0.0339,0.7648,0.0,1800.0,0.0,6.2878
214.0,2026-06-05T19:10:38.936632+00:00,72.7748,0.0785,96.4999,-0.0588,0.7648,0.0,1800.0,0.0,6.294
214.5,2026-06-05T19:10:39.436609+00:00,72.6303,-0.0669,96.3842,-0.1609,0.7648,0.0,1800.0,0.0,6.2971
215.0,2026-06-05T19:10:39.943640+00:00,72.5191,-0.1787,96.2953,-0.2008,0.7648,0.0,1800.0,0.0,6.2986
215.5,2026-06-05T19:10:40.436617+00:00,72.4337,-0.2646,96.1113,-0.2314,0.7648,0.0,1800.0,0.0,6.2993
216.0,2026-06-05T19:10:40.936608+00:00,72.4953,-0.1398,96.0855,-0.2165,0.7648,0.0,1800.0,0.0,6.2997
216.5,2026-06-05T19:10:41.436727+00:00,72.4154,-0.1074,96.1814,-0.1664,0.7648,0.0,1800.0,0.0,6.2998
217.0,2026-06-05T19:10:41.936617+00:00,72.7358,0.1083,96.3709,-0.043,0.7648,0.0,1800.0,0.0,6.2999
217.5,2026-06-05T19:10:42.442738+00:00,72.9821,0.2742,96.6321,0.0826,0.7648,0.0,1800.0,0.0,6.3
218.0,2026-06-05T19:10:42.936713+00:00,73.1713,0.338,96.6016,0.1021,0.7648,0.0,1800.0,0.0,6.3
218.5,2026-06-05T19:10:43.436624+00:00,73.0623,0.3234,96.6938,0.1942,0.7648,0.0,1800.0,0.0,6.3
219.0,2026-06-05T19:10:43.936753+00:00,73.1057,0.1849,96.6489,0.1878,0.7648,0.0,1800.0,0.0,6.3
219.5,2026-06-05T19:10:44.437244+00:00,73.0118,0.0149,96.6145,0.1443,0.7648,0.0,1800.0,0.0,6.3
220.0,2026-06-05T19:10:44.942272+00:00,73.0669,-0.0522,96.588,0.0724,0.7648,0.0,1800.0,0.0,6.3
220.5,2026-06-05T19:10:45.436774+00:00,72.982,-0.0401,96.5676,-0.0215,0.7648,0.0,1800.0,0.0,6.3512
221.0,2026-06-05T19:10:45.936687+00:00,72.9168,-0.0945,96.4131,-0.0628,0.7648,0.0,1800.0,0.0,6.3762
221.5,2026-06-05T19:10:46.436745+00:00,72.8666,-0.0726,96.3175,-0.1254,0.7648,0.0,1800.0,0.0,6.3884
222.0,2026-06-05T19:10:46.936763+00:00,72.9553,-0.0558,96.1284,-0.1735,0.7648,0.0,1800.0,0.0,6.3943
222.5,2026-06-05T19:10:47.441910+00:00,73.0235,0.0207,96.2144,-0.1334,0.7648,0.0,1800.0,0.0,6.346
223.0,2026-06-05T19:10:47.936751+00:00,72.9487,0.0159,96.1648,-0.1411,0.7648,0.0,1800.0,0.0,6.3737
223.5,2026-06-05T19:10:48.436794+00:00,72.7638,-0.0514,96.1266,-0.147,0.7648,0.0,1800.0,0.0,6.3871
224.0,2026-06-05T19:10:48.936769+00:00,72.8763,-0.0395,96.213,-0.0667,0.7648,0.0,1800.0,0.0,6.3937
224.502029,2026-06-05T19:10:49.438737+00:00,72.9628,-0.0304,96.1637,-0.0513,0.7648,0.0,1800.0,0.0,6.3969
225.0,2026-06-05T19:10:49.942405+00:00,73.1565,0.1039,96.4729,0.1149,0.7648,0.0,1800.0,0.0,6.3985
225.5,2026-06-05T19:10:50.436627+00:00,73.0509,0.1435,96.4792,0.0883,0.7648,0.0,1800.0,0.0,6.3993
226.0,2026-06-05T19:10:50.936600+00:00,72.9697,0.0467,96.484,0.1064,0.7648,0.0,1800.0,0.0,6.3996
226.5,2026-06-05T19:10:51.436648+00:00,73.1618,0.0995,96.4877,0.1204,0.7648,0.0,1800.0,0.0,6.3486
227.0,2026-06-05T19:10:51.936616+00:00,73.1822,0.0128,96.6063,0.1311,0.7648,0.0,1800.0,0.0,6.3237
227.5,2026-06-05T19:10:52.444571+00:00,73.1979,0.0735,96.5817,0.1393,0.7648,0.0,1800.0,0.0,6.3116
228.0,2026-06-05T19:10:52.936630+00:00,73.21,0.1201,96.5628,0.0299,0.7648,0.0,1800.0,0.0,6.3057
228.5,2026-06-05T19:10:53.436621+00:00,73.2192,0.0287,96.5482,0.023,0.7648,0.0,1800.0,0.0,6.3028
229.0,2026-06-05T19:10:53.936613+00:00,73.0991,-0.0416,96.5371,0.0177,0.7648,0.0,1800.0,0.0,6.3013
229.5,2026-06-05T19:10:54.436650+00:00,73.134,-0.032,96.6442,0.0522,0.7648,0.0,1800.0,0.0,6.3007
230.0,2026-06-05T19:10:54.943924+00:00,73.1608,-0.0246,96.6108,0.0015,0.7648,0.0,1800.0,0.0,6.3003
230.5,2026-06-05T19:10:55.436636+00:00,73.0542,-0.0825,96.4695,-0.0374,0.7648,0.0,1800.0,0.0,6.3002
231.0,2026-06-05T19:10:55.936636+00:00,73.2268,0.0639,96.5922,0.0098,0.7648,0.0,1800.0,0.0,6.3001
231.5,2026-06-05T19:10:56.436868+00:00,73.2322,0.0491,96.5709,0.0076,0.7648,0.0,1800.0,0.0,6.3
232.0,2026-06-05T19:10:56.936684+00:00,73.2363,0.0377,96.4388,-0.0328,0.7648,0.0,1800.0,0.0,6.3
232.5,2026-06-05T19:10:57.442068+00:00,73.2395,0.0926,96.453,-0.0637,0.7648,0.0,1800.0,0.0,6.3
233.0,2026-06-05T19:10:57.936654+00:00,73.3692,0.0712,96.5795,-0.0104,0.7648,0.0,1800.0,0.0,6.3
233.5,2026-06-05T19:10:58.436873+00:00,73.2143,-0.0089,96.3297,-0.0466,0.7648,0.0,1800.0,0.0,6.3
234.000336,2026-06-05T19:10:58.937697+00:00,73.3498,0.0568,96.2534,-0.1129,0.7648,0.0,1800.0,0.0,6.3
234.501367,2026-06-05T19:10:59.438006+00:00,73.3267,0.0436,96.4262,-0.0482,0.7648,0.0,1800.0,0.0,6.3
235.0,2026-06-05T19:10:59.942060+00:00,73.0544,-0.1574,96.2119,-0.0756,0.7648,0.0,1800.0,0.0,6.3
235.5,2026-06-05T19:11:00.436641+00:00,73.227,0.0063,96.2785,-0.0581,0.7648,0.0,1800.0,0.0,6.3
236.0,2026-06-05T19:11:00.936621+00:00,73.105,-0.1224,96.3298,-0.0833,0.7648,0.0,1800.0,0.0,6.3
236.5,2026-06-05T19:11:01.436675+00:00,73.1386,-0.0941,96.4849,0.0517,0.7648,0.0,1800.0,0.0,6.3
237.0,2026-06-05T19:11:01.936636+00:00,73.0371,-0.0087,96.4884,0.0783,0.7648,0.0,1800.0,0.0,6.3
237.5,2026-06-05T19:11:02.442589+00:00,72.8318,-0.1976,96.6068,0.0602,0.7648,0.0,1800.0,0.0,6.3
238.0,2026-06-05T19:11:02.936725+00:00,72.8013,-0.1519,96.6978,0.162,0.7648,0.0,1800.0,0.0,6.3
238.5,2026-06-05T19:11:03.436615+00:00,72.9051,-0.1167,96.8834,0.2016,0.7648,0.0,1800.0,0.0,6.3
239.0,2026-06-05T19:11:03.936658+00:00,72.8577,-0.0897,96.679,0.1164,0.7648,0.0,1800.0,0.0,6.3
239.5,2026-06-05T19:11:04.436617+00:00,72.9485,0.0583,96.6376,0.0509,0.7648,0.0,1800.0,0.0,6.3
240.0,2026-06-05T19:11:04.941912+00:00,73.0182,0.1085,96.7214,0.0777,0.7648,0.0,1800.0,0.0,6.3
240.5,2026-06-05T19:11:05.436605+00:00,73.1991,0.147,96.5545,-0.0174,0.7648,0.0,1800.0,0.0,6.3512
241.0,2026-06-05T19:11:05.936689+00:00,73.0836,0.113,96.4262,-0.0905,0.7648,0.0,1800.0,0.0,6.325
241.5,2026-06-05T19:11:06.436719+00:00,73.1221,0.0868,96.3276,-0.1853,0.7648,0.0,1800.0,0.0,6.3634
242.0,2026-06-05T19:11:06.936709+00:00,73.279,0.1304,96.3675,-0.1038,0.7648,0.0,1800.0,0.0,6.3309
242.5,2026-06-05T19:11:07.442676+00:00,73.2723,0.0366,96.3981,-0.0798,0.7648,0.0,1800.0,0.0,6.3151
243.0,2026-06-05T19:11:07.937086+00:00,73.2671,0.0917,96.0515,-0.2233,0.7648,0.0,1800.0,0.0,6.3074
243.5,2026-06-05T19:11:08.436624+00:00,73.3904,0.1342,96.1553,-0.1331,0.7648,0.0,1800.0,0.0,6.3036
244.000368,2026-06-05T19:11:08.937021+00:00,73.3579,0.0395,96.235,-0.0637,0.7648,0.0,1800.0,0.0,6.3018
244.5,2026-06-05T19:11:09.436627+00:00,73.2057,-0.0333,96.2963,-0.0104,0.7648,0.0,1800.0,0.0,6.3009
245.0,2026-06-05T19:11:09.942940+00:00,73.3432,0.038,96.2278,-0.0466,0.7648,0.0,1800.0,0.0,6.3004
245.5,2026-06-05T19:11:10.436697+00:00,73.3216,-0.0344,96.1751,-0.0744,0.7648,0.0,1800.0,0.0,6.3514
246.0,2026-06-05T19:11:10.936634+00:00,73.3051,-0.0264,96.0189,-0.0109,0.7648,0.0,1800.0,0.0,6.3763
246.5,2026-06-05T19:11:11.436605+00:00,73.0378,-0.084,96.1302,-0.0084,0.7648,0.0,1800.0,0.0,6.3884
247.0,2026-06-05T19:11:11.936661+00:00,73.2142,-0.0645,96.2158,-0.0064,0.7648,0.0,1800.0,0.0,6.3944
247.5,2026-06-05T19:11:12.442795+00:00,73.3497,0.014,96.1658,-0.0435,0.7648,0.0,1800.0,0.0,6.346
248.0,2026-06-05T19:11:12.936624+00:00,73.3266,0.0108,96.2432,0.0051,0.7648,0.0,1800.0,0.0,6.3225
248.5,2026-06-05T19:11:13.436629+00:00,73.4362,0.1992,96.1869,0.0039,0.7648,0.0,1800.0,0.0,6.3622
249.0,2026-06-05T19:11:13.936724+00:00,73.5204,0.1531,96.0279,0.003,0.7648,0.0,1800.0,0.0,6.3303
249.5,2026-06-05T19:11:14.436964+00:00,73.4578,0.054,96.1372,0.0023,0.7648,0.0,1800.0,0.0,6.3148
250.0,2026-06-05T19:11:14.941085+00:00,73.4097,0.0415,96.2211,0.0018,0.7648,0.0,1800.0,0.0,6.3072
250.5,2026-06-05T19:11:15.436977+00:00,73.5,0.0319,96.4014,0.0785,0.7648,0.0,1800.0,0.0,6.3035
251.0,2026-06-05T19:11:15.936851+00:00,73.4422,-0.0391,96.4242,0.0603,0.7648,0.0,1800.0,0.0,6.3017
251.5,2026-06-05T19:11:16.436782+00:00,73.3977,-0.0301,96.4417,0.0849,0.7648,0.0,1800.0,0.0,6.3008
252.0,2026-06-05T19:11:16.936624+00:00,73.4908,0.0405,96.4552,0.1424,0.7648,0.0,1800.0,0.0,6.3004
252.5,2026-06-05T19:11:17.442510+00:00,73.4351,-0.0325,96.697,0.1866,0.7648,0.0,1800.0,0.0,6.3002
253.0,2026-06-05T19:11:17.936892+00:00,73.3922,-0.025,96.6514,0.1434,0.7648,0.0,1800.0,0.0,6.3001
253.5,2026-06-05T19:11:18.436845+00:00,73.3593,-0.0192,96.8478,0.1488,0.7648,0.0,1800.0,0.0,6.3
254.0,2026-06-05T19:11:18.936784+00:00,73.334,-0.0784,96.7673,0.1144,0.7648,0.0,1800.0,0.0,6.3
254.5,2026-06-05T19:11:19.436646+00:00,73.4419,0.0034,96.8211,0.1265,0.7648,0.0,1800.0,0.0,6.3
255.000397,2026-06-05T19:11:19.945683+00:00,73.652,0.1299,96.8625,0.1358,0.7648,0.0,1800.0,0.0,6.3
255.5,2026-06-05T19:11:20.436649+00:00,73.4317,0.0362,96.6629,-0.0113,0.7648,0.0,1800.0,0.0,6.3
256.0,2026-06-05T19:11:20.936632+00:00,73.5169,0.0914,96.6252,-0.0087,0.7648,0.0,1800.0,0.0,6.3
256.5,2026-06-05T19:11:21.436608+00:00,73.5824,0.0703,96.712,-0.0453,0.7648,0.0,1800.0,0.0,6.3
257.0,2026-06-05T19:11:21.936621+00:00,73.6328,-0.0096,96.8943,0.0423,0.7648,0.0,1800.0,0.0,6.3
257.5,2026-06-05T19:11:22.441084+00:00,73.5442,0.0562,96.9188,0.0325,0.7648,0.0,1800.0,0.0,6.2488
258.0,2026-06-05T19:11:22.936609+00:00,73.7307,0.1069,96.9376,0.025,0.7648,0.0,1800.0,0.0,6.275
258.5,2026-06-05T19:11:23.436620+00:00,73.874,0.1458,96.952,0.0964,0.7648,0.0,1800.0,0.0,6.2878
259.0,2026-06-05T19:11:23.936660+00:00,73.8569,0.112,96.9631,0.1126,0.7648,0.0,1800.0,0.0,6.294
259.50016,2026-06-05T19:11:24.436912+00:00,73.971,0.2134,96.7403,0.0094,0.7648,0.0,1800.0,0.0,6.2971
260.0,2026-06-05T19:11:24.943610+00:00,73.8041,0.0367,96.6847,-0.0699,0.7648,0.0,1800.0,0.0,6.2986
260.5,2026-06-05T19:11:25.436622+00:00,73.6759,-0.099,96.4105,-0.1694,0.7648,0.0,1800.0,0.0,6.2993
261.0,2026-06-05T19:11:25.936704+00:00,73.4501,-0.2034,96.0841,-0.2845,0.7648,0.0,1800.0,0.0,6.2997
261.5,2026-06-05T19:11:26.436646+00:00,73.5311,-0.22,96.1804,-0.2572,0.7648,0.0,1800.0,0.0,6.2998
262.0,2026-06-05T19:11:26.936690+00:00,73.5933,-0.1054,96.2543,-0.2363,0.7648,0.0,1800.0,0.0,6.3511
262.5,2026-06-05T19:11:27.441273+00:00,73.7684,0.0462,96.0798,-0.2202,0.7648,0.0,1800.0,0.0,6.3249
263.0,2026-06-05T19:11:27.936740+00:00,73.7757,0.1628,95.9456,-0.2463,0.7648,0.0,1800.0,0.0,6.3122
263.5,2026-06-05T19:11:28.436645+00:00,73.5268,-0.0021,95.9582,-0.1508,0.7648,0.0,1800.0,0.0,6.3059
264.0,2026-06-05T19:11:28.936817+00:00,73.4627,-0.0653,96.1993,0.0384,0.7648,0.0,1800.0,0.0,6.3029
264.5,2026-06-05T19:11:29.436629+00:00,73.6681,-0.0502,96.2689,0.0295,0.7648,0.0,1800.0,0.0,6.3014
265.0,2026-06-05T19:11:29.945658+00:00,73.8259,0.0251,96.3223,0.0227,0.7648,0.0,1800.0,0.0,6.3007
265.5,2026-06-05T19:11:30.436658+00:00,73.9471,0.2102,96.1321,0.0174,0.7648,0.0,1800.0,0.0,6.3515
266.0,2026-06-05T19:11:30.936882+00:00,74.0404,0.2888,96.1015,0.052,0.7648,0.0,1800.0,0.0,6.3764
266.5,2026-06-05T19:11:31.436665+00:00,73.9847,0.1583,96.3094,0.1171,0.7648,0.0,1800.0,0.0,6.3373
267.0,2026-06-05T19:11:31.936642+00:00,74.0693,0.1217,96.2378,0.0128,0.7648,0.0,1800.0,0.0,6.3182
267.5,2026-06-05T19:11:32.442610+00:00,74.2615,0.1572,96.2985,0.0099,0.7648,0.0,1800.0,0.0,6.3089
268.0,2026-06-05T19:11:32.936626+00:00,74.282,0.1208,96.2294,-0.031,0.7648,0.0,1800.0,0.0,6.3555
268.5,2026-06-05T19:11:33.436629+00:00,74.1704,0.0929,96.0606,-0.0238,0.7648,0.0,1800.0,0.0,6.3271
269.0,2026-06-05T19:11:33.936627+00:00,73.9575,-0.0559,96.0466,-0.0183,0.7648,0.0,1800.0,0.0,6.3132
269.5,2026-06-05T19:11:34.436642+00:00,73.921,-0.1702,96.2672,-0.0141,0.7648,0.0,1800.0,0.0,6.3065
270.0,2026-06-05T19:11:34.943505+00:00,73.893,-0.1945,96.4368,0.0663,0.7648,0.0,1800.0,0.0,6.3031
270.5,2026-06-05T19:11:35.436638+00:00,73.7442,-0.2131,96.3357,0.0124,0.7648,0.0,1800.0,0.0,6.3015
271.0,2026-06-05T19:11:35.936637+00:00,73.7571,-0.1002,96.1423,-0.029,0.7648,0.0,1800.0,0.0,6.3007
271.5,2026-06-05T19:11:36.436635+00:00,73.8943,-0.0134,95.9937,-0.0223,0.7648,0.0,1800.0,0.0,6.3004
272.0,2026-06-05T19:11:36.936620+00:00,73.9998,0.0534,95.9952,-0.0171,0.7648,0.0,1800.0,0.0,6.3002
272.5,2026-06-05T19:11:37.441145+00:00,74.0808,0.1683,96.112,-0.0517,0.7648,0.0,1800.0,0.0,6.3001
273.0,2026-06-05T19:11:37.936626+00:00,74.0158,0.1294,96.2018,-0.0783,0.7648,0.0,1800.0,0.0,6.3
273.5,2026-06-05T19:11:38.436720+00:00,74.0932,0.0994,96.3865,0.0169,0.7648,0.0,1800.0,0.0,6.3
274.0,2026-06-05T19:11:38.936667+00:00,74.1526,0.0764,96.5284,0.1287,0.7648,0.0,1800.0,0.0,6.3
274.5,2026-06-05T19:11:39.436633+00:00,74.1983,0.0587,96.6376,0.2146,0.7648,0.0,1800.0,0.0,6.3
275.0,2026-06-05T19:11:39.943468+00:00,74.3607,0.1724,96.7214,0.2421,0.7648,0.0,1800.0,0.0,6.3
275.5,2026-06-05T19:11:40.436942+00:00,74.1036,0.0052,96.9016,0.2632,0.7648,0.0,1800.0,0.0,6.3
276.0,2026-06-05T19:11:40.936618+00:00,74.1607,0.004,96.8087,0.2023,0.7648,0.0,1800.0,0.0,6.3
276.5,2026-06-05T19:11:41.436621+00:00,73.9499,-0.1242,96.7372,0.1169,0.7648,0.0,1800.0,0.0,6.3
277.0,2026-06-05T19:11:41.936784+00:00,74.0425,-0.1591,96.798,0.0899,0.7648,0.0,1800.0,0.0,6.3
277.5,2026-06-05T19:11:42.443310+00:00,74.1137,0.005,96.9605,0.1076,0.7648,0.0,1800.0,0.0,6.3
278.000156,2026-06-05T19:11:42.937000+00:00,74.0411,-0.0598,96.8539,0.0442,0.7648,0.0,1800.0,0.0,6.3
278.5,2026-06-05T19:11:43.436631+00:00,73.9853,0.0177,96.772,-0.0432,0.7648,0.0,1800.0,0.0,6.3
279.0,2026-06-05T19:11:43.936603+00:00,73.9424,-0.05,96.7091,-0.0332,0.7648,0.0,1800.0,0.0,6.3
279.5,2026-06-05T19:11:44.436621+00:00,74.0367,-0.0385,96.6607,-0.0255,0.7648,0.0,1800.0,0.0,6.3
280.0,2026-06-05T19:11:44.942207+00:00,74.1092,0.0341,96.5078,-0.0967,0.7648,0.0,1800.0,0.0,6.3
280.5,2026-06-05T19:11:45.436642+00:00,74.0377,0.0262,96.3903,-0.1901,0.7648,0.0,1800.0,0.0,6.3
281.0,2026-06-05T19:11:45.936694+00:00,73.8554,-0.0435,96.4157,-0.1461,0.7648,0.0,1800.0,0.0,6.3
281.5,2026-06-05T19:11:46.436644+00:00,73.7153,-0.1607,96.4352,-0.1123,0.7648,0.0,1800.0,0.0,6.3
282.0,2026-06-05T19:11:46.936622+00:00,73.8622,-0.1235,96.4502,-0.0863,0.7648,0.0,1800.0,0.0,6.3
282.5,2026-06-05T19:11:47.443187+00:00,73.9751,-0.0313,96.4617,-0.0663,0.7648,0.0,1800.0,0.0,6.3
283.0,2026-06-05T19:11:47.936621+00:00,74.1891,0.1668,96.216,-0.0973,0.7648,0.0,1800.0,0.0,6.3
283.5,2026-06-05T19:11:48.436614+00:00,74.0991,0.1919,96.3974,0.0024,0.7648,0.0,1800.0,0.0,6.3
284.0,2026-06-05T19:11:48.936624+00:00,73.9026,0.0202,96.4212,0.0018,0.7648,0.0,1800.0,0.0,6.3
284.5,2026-06-05T19:11:49.437180+00:00,74.0061,0.0155,96.4394,0.0014,0.7648,0.0,1800.0,0.0,6.3
285.0,2026-06-05T19:11:49.941212+00:00,73.9584,-0.1153,96.4534,0.0011,0.7648,0.0,1800.0,0.0,6.3
285.5,2026-06-05T19:11:50.436780+00:00,73.9218,-0.0886,96.3485,-0.0377,0.7648,0.0,1800.0,0.0,6.3
286.0,2026-06-05T19:11:50.936727+00:00,73.8936,-0.0045,96.2679,0.0173,0.7648,0.0,1800.0,0.0,6.3
286.5,2026-06-05T19:11:51.436867+00:00,74.2537,0.1238,96.4373,0.0133,0.7648,0.0,1800.0,0.0,6.3
287.0,2026-06-05T19:11:51.936845+00:00,74.4033,0.2224,96.4518,0.0102,0.7648,0.0,1800.0,0.0,6.3
287.500394,2026-06-05T19:11:52.444106+00:00,74.5182,0.2982,96.4629,0.0078,0.7648,0.0,1800.0,0.0,6.3
288.0,2026-06-05T19:11:52.936654+00:00,74.352,0.2292,96.5872,0.0446,0.7648,0.0,1800.0,0.0,6.3
288.5,2026-06-05T19:11:53.436822+00:00,74.097,-0.0784,96.4513,0.0343,0.7648,0.0,1800.0,0.0,6.3
289.0,2026-06-05T19:11:53.936634+00:00,74.1556,-0.1239,96.1155,-0.0508,0.7648,0.0,1800.0,0.0,6.3
289.5,2026-06-05T19:11:54.436657+00:00,74.0733,-0.2225,95.8574,-0.1933,0.7648,0.0,1800.0,0.0,6.3
290.0,2026-06-05T19:11:54.943658+00:00,74.01,-0.171,96.1218,-0.11,0.7648,0.0,1800.0,0.0,6.3
290.5,2026-06-05T19:11:55.436611+00:00,74.0887,-0.0042,96.2093,-0.0846,0.7648,0.0,1800.0,0.0,6.3
291.0,2026-06-05T19:11:55.936624+00:00,74.0219,-0.0668,96.022,-0.1884,0.7648,0.0,1800.0,0.0,6.3
291.5,2026-06-05T19:11:56.437146+00:00,74.0978,0.0123,96.1326,-0.1062,0.7648,0.0,1800.0,0.0,6.3
292.0,2026-06-05T19:11:56.936602+00:00,74.1562,0.0731,95.9862,-0.0431,0.7648,0.0,1800.0,0.0,6.3
292.5,2026-06-05T19:11:57.441175+00:00,74.3283,0.1198,96.2208,0.1212,0.7648,0.0,1800.0,0.0,6.3
293.0,2026-06-05T19:11:57.936629+00:00,74.3333,0.1557,96.1929,0.0237,0.7648,0.0,1800.0,0.0,6.3
293.5,2026-06-05T19:11:58.436638+00:00,74.3372,0.1197,96.1482,-0.0204,0.7648,0.0,1800.0,0.0,6.3
294.0,2026-06-05T19:11:58.936637+00:00,74.2129,0.0283,96.0908,0.0229,0.7648,0.0,1800.0,0.0,6.3
294.5,2026-06-05T19:11:59.436627+00:00,74.1173,-0.1055,95.9541,-0.0595,0.7648,0.0,1800.0,0.0,6.3512
295.0,2026-06-05T19:11:59.942946+00:00,74.1712,-0.0811,95.9647,-0.0072,0.7648,0.0,1800.0,0.0,6.3762
295.5,2026-06-05T19:12:00.436632+00:00,74.3398,0.0013,95.9729,-0.0826,0.7648,0.0,1800.0,0.0,6.3884
296.0,2026-06-05T19:12:00.936646+00:00,74.4694,0.1283,95.9792,-0.0712,0.7648,0.0,1800.0,0.0,6.3943
296.5,2026-06-05T19:12:01.436628+00:00,74.3145,0.0986,95.8683,-0.0933,0.7648,0.0,1800.0,0.0,6.3972
297.0,2026-06-05T19:12:01.936641+00:00,74.45,0.1394,96.1302,0.0131,0.7648,0.0,1800.0,0.0,6.3986
297.5,2026-06-05T19:12:02.443545+00:00,74.4269,0.0435,96.2157,0.0872,0.7648,0.0,1800.0,0.0,6.3481
298.0,2026-06-05T19:12:02.936945+00:00,74.2818,-0.0938,96.0501,0.0285,0.7648,0.0,1800.0,0.0,6.3747
298.5,2026-06-05T19:12:03.436660+00:00,74.4249,0.0552,96.1542,0.0604,0.7648,0.0,1800.0,0.0,6.3877
299.0,2026-06-05T19:12:03.936808+00:00,74.5348,0.0424,96.1185,0.0465,0.7648,0.0,1800.0,0.0,6.394
299.5,2026-06-05T19:12:04.437121+00:00,74.6193,0.0962,96.0911,0.0743,0.7648,0.0,1800.0,0.0,6.3459
300.0,2026-06-05T19:12:04.944263+00:00,74.557,0.1376,96.3014,0.0571,0.7648,0.0,1800.0,0.0,6.3224
300.5,2026-06-05T19:12:05.436624+00:00,74.6364,0.1058,96.2317,0.0053,0.7648,0.0,1800.0,0.0,6.3109
301.0,2026-06-05T19:12:05.937030+00:00,74.5701,0.0176,96.2938,0.0812,0.7648,0.0,1800.0,0.0,6.3053
301.5,2026-06-05T19:12:06.437248+00:00,74.6464,0.0136,96.0869,-0.0224,0.7648,0.0,1800.0,0.0,6.3026
302.0,2026-06-05T19:12:06.937118+00:00,74.5778,0.0104,96.1825,0.0213,0.7648,0.0,1800.0,0.0,6.3013
302.5,2026-06-05T19:12:07.441705+00:00,74.5251,-0.0556,96.1403,0.0164,0.7648,0.0,1800.0,0.0,6.2494
303.0,2026-06-05T19:12:07.936715+00:00,74.4846,-0.0428,96.3392,0.0126,0.7648,0.0,1800.0,0.0,6.2753
303.5,2026-06-05T19:12:08.437245+00:00,74.5807,-0.0329,96.3764,0.0483,0.7648,0.0,1800.0,0.0,6.288
304.0,2026-06-05T19:12:08.937147+00:00,74.5273,-0.0253,96.6364,0.1142,0.7648,0.0,1800.0,0.0,6.2941
304.5,2026-06-05T19:12:09.436729+00:00,74.4863,-0.0194,96.4892,0.1341,0.7648,0.0,1800.0,0.0,6.2971
305.0,2026-06-05T19:12:09.942425+00:00,74.4548,-0.0149,96.4917,0.103,0.7648,0.0,1800.0,0.0,6.2986
305.5,2026-06-05T19:12:10.436703+00:00,74.4305,-0.0751,96.4936,0.1178,0.7648,0.0,1800.0,0.0,6.2993
306.000433,2026-06-05T19:12:10.937054+00:00,74.5392,0.0059,96.4951,0.0519,0.7648,0.0,1800.0,0.0,6.2997
306.5,2026-06-05T19:12:11.436628+00:00,74.4954,0.0045,96.3805,0.0014,0.7648,0.0,1800.0,0.0,6.2998
307.0,2026-06-05T19:12:11.936614+00:00,74.589,0.0671,96.4082,-0.0761,0.7648,0.0,1800.0,0.0,6.2999
307.5,2026-06-05T19:12:12.443603+00:00,74.5337,0.0516,96.4294,-0.0199,0.7648,0.0,1800.0,0.0,6.3
308.0,2026-06-05T19:12:12.936651+00:00,74.4912,-0.024,96.33,-0.0539,0.7648,0.0,1800.0,0.0,6.3
308.5,2026-06-05T19:12:13.436617+00:00,74.4585,-0.0184,96.4851,-0.0028,0.7648,0.0,1800.0,0.0,6.3
309.0,2026-06-05T19:12:13.936639+00:00,74.4334,-0.0778,96.4885,-0.0022,0.7648,0.0,1800.0,0.0,6.3
309.5,2026-06-05T19:12:14.436604+00:00,74.4141,-0.0598,96.7226,0.114,0.7648,0.0,1800.0,0.0,6.3
310.0,2026-06-05T19:12:14.942644+00:00,74.5265,0.0177,96.7868,0.1262,0.7648,0.0,1800.0,0.0,6.3
310.5,2026-06-05T19:12:15.436618+00:00,74.613,0.0772,96.8361,0.1356,0.7648,0.0,1800.0,0.0,6.3
311.0,2026-06-05T19:12:15.937110+00:00,74.5521,0.0594,96.7583,0.1428,0.7648,0.0,1800.0,0.0,6.3
311.5,2026-06-05T19:12:16.436705+00:00,74.6326,0.1093,96.5829,0.0326,0.7648,0.0,1800.0,0.0,6.3
312.0,2026-06-05T19:12:16.936861+00:00,74.6945,0.084,96.7951,0.1022,0.7648,0.0,1800.0,0.0,6.3
312.5,2026-06-05T19:12:17.445588+00:00,74.742,0.0645,96.7268,0.0014,0.7648,0.0,1800.0,0.0,6.3
313.00025,2026-06-05T19:12:17.937647+00:00,74.7786,0.1132,96.6743,-0.0375,0.7648,0.0,1800.0,0.0,6.3
313.5,2026-06-05T19:12:18.436651+00:00,74.934,0.1507,96.8654,0.0098,0.7648,0.0,1800.0,0.0,6.3
314.0,2026-06-05T19:12:18.936629+00:00,74.9261,0.1158,96.7808,0.0075,0.7648,0.0,1800.0,0.0,6.3
314.5,2026-06-05T19:12:19.436635+00:00,74.9201,0.089,96.8315,0.0829,0.7648,0.0,1800.0,0.0,6.3
315.0,2026-06-05T19:12:19.941583+00:00,75.0427,0.132,96.7548,-0.0134,0.7648,0.0,1800.0,0.0,6.3
315.5,2026-06-05T19:12:20.436634+00:00,75.1369,0.1015,96.8116,0.0283,0.7648,0.0,1800.0,0.0,6.3
316.0,2026-06-05T19:12:20.936599+00:00,75.0821,0.078,96.9709,0.0988,0.7648,0.0,1800.0,0.0,6.3
316.5,2026-06-05T19:12:21.436607+00:00,74.9127,-0.0037,96.7462,-0.0397,0.7648,0.0,1800.0,0.0,6.3
317.0,2026-06-05T19:12:21.937138+00:00,74.6552,-0.1937,96.6892,-0.0305,0.7648,0.0,1800.0,0.0,6.3
317.5,2026-06-05T19:12:22.443349+00:00,74.5846,-0.2762,96.7611,-0.0235,0.7648,0.0,1800.0,0.0,6.3
318.0,2026-06-05T19:12:22.937080+00:00,74.7848,-0.1486,96.7007,-0.018,0.7648,0.0,1800.0,0.0,6.3512
318.5,2026-06-05T19:12:23.436621+00:00,74.6842,-0.1142,96.77,-0.0139,0.7648,0.0,1800.0,0.0,6.3762
319.0,2026-06-05T19:12:23.936883+00:00,74.4796,-0.0878,96.8232,-0.0492,0.7648,0.0,1800.0,0.0,6.3884
319.5,2026-06-05T19:12:24.436870+00:00,74.4496,-0.0675,96.8641,0.0393,0.7648,0.0,1800.0,0.0,6.3943
320.0,2026-06-05T19:12:24.944241+00:00,74.4266,-0.1791,96.7799,0.0302,0.7648,0.0,1800.0,0.0,6.3972
320.5,2026-06-05T19:12:25.436655+00:00,74.6634,-0.0104,96.8308,0.0232,0.7648,0.0,1800.0,0.0,6.3986
321.0,2026-06-05T19:12:25.936640+00:00,74.5909,0.0556,96.7543,0.0178,0.7648,0.0,1800.0,0.0,6.3993
321.5,2026-06-05T19:12:26.436823+00:00,74.6624,0.1064,96.8111,0.0137,0.7648,0.0,1800.0,0.0,6.3997
322.0,2026-06-05T19:12:26.936617+00:00,74.5901,0.0818,96.7391,-0.028,0.7648,0.0,1800.0,0.0,6.3998
322.5,2026-06-05T19:12:27.442443+00:00,74.6618,-0.0008,96.7995,-0.0215,0.7648,0.0,1800.0,0.0,6.3999
323.0,2026-06-05T19:12:27.936671+00:00,74.7169,0.063,96.7302,-0.0166,0.7648,0.0,1800.0,0.0,6.4
323.5,2026-06-05T19:12:28.436733+00:00,74.632,-0.0152,96.6769,-0.0513,0.7648,0.0,1800.0,0.0,6.4
324.0,2026-06-05T19:12:28.936600+00:00,74.694,0.052,96.7517,-0.0009,0.7648,0.0,1800.0,0.0,6.4
324.5,2026-06-05T19:12:29.436675+00:00,74.7417,0.0399,96.6934,-0.0392,0.7648,0.0,1800.0,0.0,6.3488
325.0,2026-06-05T19:12:29.943297+00:00,74.7783,0.0307,96.6487,-0.0301,0.7648,0.0,1800.0,0.0,6.3238
325.5,2026-06-05T19:12:30.437048+00:00,74.8065,0.0872,96.6143,-0.0617,0.7648,0.0,1800.0,0.0,6.3116
326.0,2026-06-05T19:12:30.936622+00:00,74.9554,0.1307,96.7035,-0.0089,0.7648,0.0,1800.0,0.0,6.3057
326.5,2026-06-05T19:12:31.436927+00:00,74.9426,0.1004,96.7721,0.0317,0.7648,0.0,1800.0,0.0,6.3028
327.0,2026-06-05T19:12:31.936643+00:00,75.06,0.1408,96.7092,-0.0142,0.7648,0.0,1800.0,0.0,6.3014
327.5,2026-06-05T19:12:32.445818+00:00,75.1502,0.1719,96.7765,0.0277,0.7648,0.0,1800.0,0.0,6.3007
328.00004,2026-06-05T19:12:32.936684+00:00,75.0923,0.0685,96.8282,0.0598,0.7648,0.0,1800.0,0.0,6.3003
328.5,2026-06-05T19:12:33.436823+00:00,75.1751,0.1163,96.6365,0.0074,0.7648,0.0,1800.0,0.0,6.3002
329.0,2026-06-05T19:12:33.936783+00:00,75.1114,0.0257,96.3735,-0.11,0.7648,0.0,1800.0,0.0,6.3001
329.5,2026-06-05T19:12:34.436622+00:00,75.1898,0.0198,96.4028,-0.1231,0.7648,0.0,1800.0,0.0,6.3
330.0,2026-06-05T19:12:34.944725+00:00,74.9955,-0.0484,96.3096,-0.1332,0.7648,0.0,1800.0,0.0,6.3
330.5,2026-06-05T19:12:35.436795+00:00,74.9734,-0.1009,96.1223,-0.2181,0.7648,0.0,1800.0,0.0,6.3
331.0,2026-06-05T19:12:35.936637+00:00,74.8291,-0.1412,95.9783,-0.2833,0.7648,0.0,1800.0,0.0,6.3
331.5,2026-06-05T19:12:36.436888+00:00,74.9728,-0.1085,96.099,-0.1792,0.7648,0.0,1800.0,0.0,6.3
332.0,2026-06-05T19:12:36.936653+00:00,75.2105,0.1075,95.8447,-0.1763,0.7648,0.0,1800.0,0.0,6.3
332.5,2026-06-05T19:12:37.441405+00:00,75.0114,0.019,95.8806,-0.1741,0.7648,0.0,1800.0,0.0,6.3
333.0,2026-06-05T19:12:37.936700+00:00,75.1129,0.1419,95.7926,-0.1723,0.7648,0.0,1800.0,0.0,6.3
333.5,2026-06-05T19:12:38.436638+00:00,75.0636,0.0454,95.7249,-0.1325,0.7648,0.0,1800.0,0.0,6.3
334.0,2026-06-05T19:12:38.938278+00:00,75.153,-0.0287,95.7885,-0.0632,0.7648,0.0,1800.0,0.0,6.3
334.5,2026-06-05T19:12:39.436627+00:00,74.9672,-0.0221,96.0689,-0.01,0.7648,0.0,1800.0,0.0,6.3
335.0,2026-06-05T19:12:39.944258+00:00,74.9517,-0.0806,96.1686,0.108,0.7648,0.0,1800.0,0.0,6.3
335.5,2026-06-05T19:12:40.436664+00:00,74.9397,-0.062,96.1296,0.083,0.7648,0.0,1800.0,0.0,6.3
336.0,2026-06-05T19:12:40.936650+00:00,74.676,-0.2385,96.2153,0.1409,0.7648,0.0,1800.0,0.0,6.3
336.5,2026-06-05T19:12:41.436616+00:00,74.6005,-0.1833,96.2812,0.1854,0.7648,0.0,1800.0,0.0,6.3
337.0,2026-06-05T19:12:41.936626+00:00,74.7971,-0.0773,96.2161,0.1425,0.7648,0.0,1800.0,0.0,6.3
337.5,2026-06-05T19:12:42.441378+00:00,74.9482,0.0042,96.3975,0.1096,0.7648,0.0,1800.0,0.0,6.2488
338.0,2026-06-05T19:12:42.936726+00:00,74.8098,0.0669,96.3981,0.0765,0.7648,0.0,1800.0,0.0,6.275
338.5,2026-06-05T19:12:43.436660+00:00,74.8306,0.1151,96.4217,0.0974,0.7648,0.0,1800.0,0.0,6.2878
339.0,2026-06-05T19:12:43.936705+00:00,74.974,0.0884,96.5555,0.1134,0.7648,0.0,1800.0,0.0,6.294
339.5,2026-06-05T19:12:44.436622+00:00,75.0841,0.068,96.4038,0.0409,0.7648,0.0,1800.0,0.0,6.2971
340.0,2026-06-05T19:12:44.942040+00:00,75.1688,0.1795,96.4261,0.07,0.7648,0.0,1800.0,0.0,6.2986
340.5,2026-06-05T19:12:45.437222+00:00,75.3611,0.2652,96.3275,-0.0233,0.7648,0.0,1800.0,0.0,6.2481
341.0,2026-06-05T19:12:45.936641+00:00,75.509,0.2675,96.3674,-0.0102,0.7648,0.0,1800.0,0.0,6.2235
341.5,2026-06-05T19:12:46.436676+00:00,75.368,0.142,96.3981,-0.0079,0.7648,0.0,1800.0,0.0,6.2627
342.0,2026-06-05T19:12:46.936892+00:00,75.2597,0.0455,96.306,-0.0832,0.7648,0.0,1800.0,0.0,6.2306
342.5,2026-06-05T19:12:47.441752+00:00,75.3038,-0.0287,96.1195,-0.0948,0.7648,0.0,1800.0,0.0,6.2149
343.0,2026-06-05T19:12:47.936704+00:00,75.4649,-0.022,96.2075,-0.0728,0.7648,0.0,1800.0,0.0,6.3097
343.5,2026-06-05T19:12:48.437301+00:00,75.3342,-0.0169,96.2752,-0.0174,0.7648,0.0,1800.0,0.0,6.3559
344.0,2026-06-05T19:12:48.936800+00:00,75.2337,-0.013,96.3272,-0.0134,0.7648,0.0,1800.0,0.0,6.3785
344.5,2026-06-05T19:12:49.436602+00:00,75.411,0.0536,96.2515,-0.0489,0.7648,0.0,1800.0,0.0,6.3895
345.0,2026-06-05T19:12:49.945074+00:00,75.5473,0.0412,96.1933,-0.0376,0.7648,0.0,1800.0,0.0,6.3949
345.5,2026-06-05T19:12:50.436977+00:00,75.5248,0.0953,96.1486,0.0097,0.7648,0.0,1800.0,0.0,6.3975
346.0,2026-06-05T19:12:50.937086+00:00,75.3802,0.0733,95.9985,-0.0697,0.7648,0.0,1800.0,0.0,6.3476
346.5,2026-06-05T19:12:51.436656+00:00,75.3964,-0.0073,96.2302,-0.015,0.7648,0.0,1800.0,0.0,6.3232
347.0,2026-06-05T19:12:51.936632+00:00,75.4088,-0.0693,96.0613,-0.0887,0.7648,0.0,1800.0,0.0,6.3113
347.5,2026-06-05T19:12:52.441890+00:00,75.4183,-0.0532,96.1628,-0.0296,0.7648,0.0,1800.0,0.0,6.3055
348.0,2026-06-05T19:12:52.938350+00:00,75.4256,0.0227,96.0094,-0.0613,0.7648,0.0,1800.0,0.0,6.3027
348.5,2026-06-05T19:12:53.436694+00:00,75.304,-0.0462,95.9841,-0.0548,0.7648,0.0,1800.0,0.0,6.3013
349.0,2026-06-05T19:12:53.936619+00:00,75.4651,0.0281,96.1035,0.035,0.7648,0.0,1800.0,0.0,6.3006
349.5,2026-06-05T19:12:54.436607+00:00,75.5888,0.0853,96.0795,-0.0502,0.7648,0.0,1800.0,0.0,6.3003
350.0,2026-06-05T19:12:54.944903+00:00,75.5567,0.0655,95.9454,-0.0386,0.7648,0.0,1800.0,0.0,6.3002
350.5,2026-06-05T19:12:55.436646+00:00,75.532,0.114,95.8424,-0.1068,0.7648,0.0,1800.0,0.0,6.3001
351.0,2026-06-05T19:12:55.936637+00:00,75.513,0.024,95.7631,-0.0821,0.7648,0.0,1800.0,0.0,6.3
351.5,2026-06-05T19:12:56.436621+00:00,75.4985,-0.0452,95.8179,-0.0554,0.7648,0.0,1800.0,0.0,6.3
352.0,2026-06-05T19:12:56.936636+00:00,75.6145,0.0289,95.7444,-0.1197,0.7648,0.0,1800.0,0.0,6.3
352.5,2026-06-05T19:12:57.441419+00:00,75.7037,0.0858,95.9192,-0.0534,0.7648,0.0,1800.0,0.0,6.3
353.0,2026-06-05T19:12:57.936666+00:00,75.645,0.066,96.0536,0.0361,0.7648,0.0,1800.0,0.0,6.3
353.5,2026-06-05T19:12:58.436620+00:00,75.8544,0.178,96.0412,0.0663,0.7648,0.0,1800.0,0.0,6.3
354.0,2026-06-05T19:12:58.936627+00:00,75.8881,0.1368,96.0317,0.0895,0.7648,0.0,1800.0,0.0,6.3
354.5,2026-06-05T19:12:59.436610+00:00,75.7867,0.0415,96.2557,0.1459,0.7648,0.0,1800.0,0.0,6.3
355.0,2026-06-05T19:12:59.942423+00:00,75.5815,-0.0317,96.3123,0.1893,0.7648,0.0,1800.0,0.0,6.3
355.5,2026-06-05T19:13:00.436616+00:00,75.5511,-0.1517,96.24,0.1069,0.7648,0.0,1800.0,0.0,6.3
356.0,2026-06-05T19:13:00.936604+00:00,75.5277,-0.1802,96.3002,0.0822,0.7648,0.0,1800.0,0.0,6.3
356.5,2026-06-05T19:13:01.436644+00:00,75.3825,-0.2021,96.4621,0.1403,0.7648,0.0,1800.0,0.0,6.3
357.0,2026-06-05T19:13:01.937047+00:00,75.5254,-0.0281,96.4709,0.1464,0.7648,0.0,1800.0,0.0,6.3
357.5,2026-06-05T19:13:02.441807+00:00,75.5079,-0.0216,96.3619,0.0354,0.7648,0.0,1800.0,0.0,6.2488
358.0,2026-06-05T19:13:02.936660+00:00,75.4945,-0.0166,96.3939,0.0272,0.7648,0.0,1800.0,0.0,6.275
358.5,2026-06-05T19:13:03.436603+00:00,75.4842,0.0509,96.3027,0.0209,0.7648,0.0,1800.0,0.0,6.2878
359.0,2026-06-05T19:13:03.936665+00:00,75.4763,-0.0245,96.5798,0.0932,0.7648,0.0,1800.0,0.0,6.294
359.5,2026-06-05T19:13:04.436681+00:00,75.5975,0.0448,96.5613,0.0331,0.7648,0.0,1800.0,0.0,6.2971
360.0,2026-06-05T19:13:04.945229+00:00,75.5634,0.0344,96.5471,0.0254,0.7648,0.0,1800.0,0.0,6.2986
360.5,2026-06-05T19:13:05.436874+00:00,75.5371,0.0265,96.3048,-0.019,0.7648,0.0,1800.0,0.0,6.2993
361.0,2026-06-05T19:13:05.936646+00:00,75.6442,0.084,96.35,-0.0146,0.7648,0.0,1800.0,0.0,6.2997
361.5,2026-06-05T19:13:06.436648+00:00,75.5993,0.0009,96.5004,0.0659,0.7648,0.0,1800.0,0.0,6.2998
362.0,2026-06-05T19:13:06.936640+00:00,75.5647,0.0007,96.3846,-0.0651,0.7648,0.0,1800.0,0.0,6.2999
362.5,2026-06-05T19:13:07.441913+00:00,75.4109,-0.0631,96.4113,-0.05,0.7648,0.0,1800.0,0.0,6.3
363.0,2026-06-05T19:13:07.936652+00:00,75.5472,-0.0485,96.4318,-0.0384,0.7648,0.0,1800.0,0.0,6.3
363.5,2026-06-05T19:13:08.436621+00:00,75.5247,-0.0373,96.5633,0.0862,0.7648,0.0,1800.0,0.0,6.3
364.0,2026-06-05T19:13:08.936687+00:00,75.6347,0.035,96.5487,0.0662,0.7648,0.0,1800.0,0.0,6.3
364.5,2026-06-05T19:13:09.436883+00:00,75.4647,0.0269,96.5374,0.0123,0.7648,0.0,1800.0,0.0,6.3
365.0,2026-06-05T19:13:09.944924+00:00,75.5886,0.0207,96.413,0.0095,0.7648,0.0,1800.0,0.0,6.3
365.5,2026-06-05T19:13:10.436617+00:00,75.6838,0.0795,96.4332,0.0073,0.7648,0.0,1800.0,0.0,6.3
366.0,2026-06-05T19:13:10.936758+00:00,75.5024,-0.0662,96.4486,0.0056,0.7648,0.0,1800.0,0.0,6.3
366.5,2026-06-05T19:13:11.436625+00:00,75.4903,0.0128,96.4605,-0.0343,0.7648,0.0,1800.0,0.0,6.3
367.0,2026-06-05T19:13:11.936644+00:00,75.3537,-0.1174,96.2383,-0.1035,0.7648,0.0,1800.0,0.0,6.3
367.5,2026-06-05T19:13:12.443562+00:00,75.6305,-0.0266,96.4145,-0.041,0.7648,0.0,1800.0,0.0,6.2488
368.0,2026-06-05T19:13:12.936618+00:00,75.8433,0.1704,96.55,0.0457,0.7648,0.0,1800.0,0.0,6.275
368.5,2026-06-05T19:13:13.437193+00:00,75.8795,0.1946,96.7698,0.1122,0.7648,0.0,1800.0,0.0,6.2878
369.0,2026-06-05T19:13:13.937219+00:00,75.9074,0.2769,96.8231,0.1248,0.7648,0.0,1800.0,0.0,6.294
369.50037,2026-06-05T19:13:14.437039+00:00,75.8016,0.0855,96.7483,0.0959,0.7648,0.0,1800.0,0.0,6.2971
370.0,2026-06-05T19:13:14.946657+00:00,75.7202,-0.0615,96.6909,0.1509,0.7648,0.0,1800.0,0.0,6.2986
370.5,2026-06-05T19:13:15.436624+00:00,75.5304,-0.1746,96.6467,0.0774,0.7648,0.0,1800.0,0.0,6.2993
371.0,2026-06-05T19:13:15.937150+00:00,75.5118,-0.1978,96.6128,0.0209,0.7648,0.0,1800.0,0.0,6.2997
371.5,2026-06-05T19:13:16.436664+00:00,75.3702,-0.2157,96.471,-0.0996,0.7648,0.0,1800.0,0.0,6.2998
372.0,2026-06-05T19:13:16.936682+00:00,75.3887,-0.1658,96.2463,-0.1923,0.7648,0.0,1800.0,0.0,6.2999
372.5,2026-06-05T19:13:17.446553+00:00,75.5302,-0.0001,96.0736,-0.2249,0.7648,0.0,1800.0,0.0,6.3
373.0,2026-06-05T19:13:17.936615+00:00,75.7661,0.1272,95.9409,-0.25,0.7648,0.0,1800.0,0.0,6.3
373.5,2026-06-05T19:13:18.436677+00:00,75.693,0.1614,96.1859,-0.1536,0.7648,0.0,1800.0,0.0,6.3
374.0,2026-06-05T19:13:18.936637+00:00,75.8913,0.2513,96.0272,-0.1952,0.7648,0.0,1800.0,0.0,6.3
374.5,2026-06-05T19:13:19.436671+00:00,75.7892,0.1295,96.1366,-0.1114,0.7648,0.0,1800.0,0.0,6.3
375.0,2026-06-05T19:13:19.940984+00:00,75.9652,0.0995,95.9893,-0.0857,0.7648,0.0,1800.0,0.0,6.3
375.5,2026-06-05T19:13:20.436620+00:00,75.9733,0.1401,96.1075,0.0113,0.7648,0.0,1800.0,0.0,6.3
376.0,2026-06-05T19:13:20.936627+00:00,76.1067,0.1077,96.0826,0.0472,0.7648,0.0,1800.0,0.0,6.3
376.5,2026-06-05T19:13:21.436950+00:00,76.2093,0.2101,96.1792,-0.0023,0.7648,0.0,1800.0,0.0,6.3
377.0,2026-06-05T19:13:21.936633+00:00,76.1609,0.0978,96.022,-0.0017,0.7648,0.0,1800.0,0.0,6.3
377.5,2026-06-05T19:13:22.441194+00:00,75.9964,0.0115,96.1326,-0.0013,0.7648,0.0,1800.0,0.0,6.3
378.0,2026-06-05T19:13:22.936627+00:00,75.8699,-0.1184,96.2176,0.0761,0.7648,0.0,1800.0,0.0,6.3
378.5,2026-06-05T19:13:23.436823+00:00,76.0273,-0.091,96.1673,0.0199,0.7648,0.0,1800.0,0.0,6.3
379.0,2026-06-05T19:13:23.936946+00:00,76.1483,-0.0063,95.9897,-0.031,0.7648,0.0,1800.0,0.0,6.3
379.5,2026-06-05T19:13:24.436651+00:00,75.9867,-0.0048,95.9921,-0.0624,0.7648,0.0,1800.0,0.0,6.3
380.0,2026-06-05T19:13:24.943027+00:00,75.9898,0.0599,95.9939,-0.0094,0.7648,0.0,1800.0,0.0,6.3
380.5,2026-06-05T19:13:25.436723+00:00,75.9921,-0.0176,96.111,-0.0072,0.7648,0.0,1800.0,0.0,6.3
381.0,2026-06-05T19:13:25.936631+00:00,76.1212,-0.0135,96.201,-0.0055,0.7648,0.0,1800.0,0.0,6.3
381.5,2026-06-05T19:13:26.436611+00:00,76.2204,0.1169,96.2702,0.0343,0.7648,0.0,1800.0,0.0,6.3
382.0,2026-06-05T19:13:26.936887+00:00,76.1694,0.0898,96.3234,0.1112,0.7648,0.0,1800.0,0.0,6.3
382.5,2026-06-05T19:13:27.441378+00:00,75.8757,-0.0582,96.2486,0.0855,0.7648,0.0,1800.0,0.0,6.2488
383.0,2026-06-05T19:13:27.936725+00:00,76.0317,-0.0448,96.3067,0.1043,0.7648,0.0,1800.0,0.0,6.275
383.5,2026-06-05T19:13:28.436688+00:00,76.0244,-0.098,96.2358,0.0416,0.7648,0.0,1800.0,0.0,6.2878
384.0,2026-06-05T19:13:28.936773+00:00,76.146,-0.0117,96.1581,-0.0143,0.7648,0.0,1800.0,0.0,6.294
384.5,2026-06-05T19:13:29.436640+00:00,76.1122,0.1183,96.2603,-0.0033,0.7648,0.0,1800.0,0.0,6.2971
385.0,2026-06-05T19:13:29.941814+00:00,75.959,-0.0364,96.3158,-0.0025,0.7648,0.0,1800.0,0.0,6.2986
385.500393,2026-06-05T19:13:30.437056+00:00,76.0957,0.0357,96.3584,0.0366,0.7648,0.0,1800.0,0.0,6.2993
386.0,2026-06-05T19:13:30.938370+00:00,76.2009,0.0274,96.3912,0.0281,0.7648,0.0,1800.0,0.0,6.2997
386.5,2026-06-05T19:13:31.436630+00:00,76.0271,-0.0426,96.4164,0.0602,0.7648,0.0,1800.0,0.0,6.2998
387.0,2026-06-05T19:13:31.936752+00:00,76.1481,0.0946,96.4357,0.0925,0.7648,0.0,1800.0,0.0,6.2999
387.5,2026-06-05T19:13:32.441745+00:00,76.1138,0.009,96.4506,0.0634,0.7648,0.0,1800.0,0.0,6.3
388.0,2026-06-05T19:13:32.936628+00:00,76.0875,-0.0567,96.6934,0.1259,0.7648,0.0,1800.0,0.0,6.3
388.5,2026-06-05T19:13:33.436633+00:00,76.1945,0.0837,96.6487,0.0967,0.7648,0.0,1800.0,0.0,6.3
389.0,2026-06-05T19:13:33.936892+00:00,76.0222,-0.0629,96.6143,0.0744,0.7648,0.0,1800.0,0.0,6.3
389.5,2026-06-05T19:13:34.436603+00:00,76.0171,-0.0484,96.7035,0.0957,0.7648,0.0,1800.0,0.0,6.3
390.0,2026-06-05T19:13:34.944261+00:00,76.1404,0.0265,96.7721,0.1121,0.7648,0.0,1800.0,0.0,6.3
390.5,2026-06-05T19:13:35.437013+00:00,76.1079,-0.0433,96.8249,0.1248,0.7648,0.0,1800.0,0.0,6.2488
391.0,2026-06-05T19:13:35.936599+00:00,76.2102,0.094,96.8654,0.0573,0.7648,0.0,1800.0,0.0,6.2238
391.5,2026-06-05T19:13:36.436674+00:00,76.1616,0.0722,96.8965,0.0826,0.7648,0.0,1800.0,0.0,6.2116
392.0,2026-06-05T19:13:36.936621+00:00,76.1242,-0.0081,96.6891,0.0249,0.7648,0.0,1800.0,0.0,6.2057
392.5,2026-06-05T19:13:37.445079+00:00,76.0954,-0.0062,96.2982,-0.1351,0.7648,0.0,1800.0,0.0,6.2028
393.0,2026-06-05T19:13:37.936627+00:00,76.0734,-0.0684,96.3449,-0.1424,0.7648,0.0,1800.0,0.0,6.2526
393.5,2026-06-05T19:13:38.436817+00:00,76.1837,0.011,96.3808,-0.148,0.7648,0.0,1800.0,0.0,6.2768
394.0,2026-06-05T19:13:38.938832+00:00,76.1412,0.0085,96.2927,-0.1909,0.7648,0.0,1800.0,0.0,6.2375
394.5,2026-06-05T19:13:39.436694+00:00,76.2358,0.0702,96.4564,-0.1467,0.7648,0.0,1800.0,0.0,6.2695
395.0,2026-06-05T19:13:39.942313+00:00,76.1812,0.0539,96.5822,-0.0356,0.7648,0.0,1800.0,0.0,6.2851
395.5,2026-06-05T19:13:40.436633+00:00,76.2665,0.0414,96.6788,0.1269,0.7648,0.0,1800.0,0.0,6.2927
396.0,2026-06-05T19:13:40.936937+00:00,76.3321,0.0955,96.7532,0.1361,0.7648,0.0,1800.0,0.0,6.3477
396.5,2026-06-05T19:13:41.436627+00:00,76.3826,0.0734,96.6946,0.1046,0.7648,0.0,1800.0,0.0,6.3745
397.0,2026-06-05T19:13:41.936686+00:00,76.4213,0.12,96.6496,0.119,0.7648,0.0,1800.0,0.0,6.3875
397.5,2026-06-05T19:13:42.441745+00:00,76.4511,0.0923,96.4992,0.0143,0.7648,0.0,1800.0,0.0,6.3427
398.0,2026-06-05T19:13:42.936633+00:00,76.3467,0.0073,96.3837,-0.0661,0.7648,0.0,1800.0,0.0,6.372
398.5,2026-06-05T19:13:43.436655+00:00,76.2665,-0.058,96.4106,-0.0894,0.7648,0.0,1800.0,0.0,6.3864
399.0,2026-06-05T19:13:43.936623+00:00,76.2048,-0.1082,96.547,-0.0687,0.7648,0.0,1800.0,0.0,6.3933
399.5,2026-06-05T19:13:44.436793+00:00,76.412,-0.0196,96.6518,-0.0142,0.7648,0.0,1800.0,0.0,6.3968
400.0,2026-06-05T19:13:44.942471+00:00,76.4439,0.0486,96.3853,-0.0881,0.7648,0.0,1800.0,0.0,6.3472
400.5,2026-06-05T19:13:45.437023+00:00,76.4685,0.101,96.4118,-0.0291,0.7648,0.0,1800.0,0.0,6.3742
401.0,2026-06-05T19:13:45.936770+00:00,76.6146,0.2049,96.3165,-0.0224,0.7648,0.0,1800.0,0.0,6.3874
401.5,2026-06-05T19:13:46.436838+00:00,76.5996,0.0938,96.4747,0.0214,0.7648,0.0,1800.0,0.0,6.3939
402.0,2026-06-05T19:13:46.936644+00:00,76.4609,0.0085,96.2491,-0.0993,0.7648,0.0,1800.0,0.0,6.397
402.5,2026-06-05T19:13:47.444476+00:00,76.4815,0.0065,96.1915,-0.1534,0.7648,0.0,1800.0,0.0,6.3473
403.0,2026-06-05T19:13:47.936712+00:00,76.3701,-0.1223,96.2629,-0.0408,0.7648,0.0,1800.0,0.0,6.3743
403.5,2026-06-05T19:13:48.436780+00:00,76.2844,-0.1576,96.4335,0.0072,0.7648,0.0,1800.0,0.0,6.3875
404.0,2026-06-05T19:13:48.936661+00:00,76.3459,-0.0575,96.4489,0.0441,0.7648,0.0,1800.0,0.0,6.3939
404.500427,2026-06-05T19:13:49.437220+00:00,76.5204,0.0194,96.4607,-0.0047,0.7648,0.0,1800.0,0.0,6.397
405.0,2026-06-05T19:13:49.941611+00:00,76.5272,0.0786,96.5855,0.1121,0.7648,0.0,1800.0,0.0,6.3985
405.5,2026-06-05T19:13:50.436608+00:00,76.4052,0.0604,96.45,0.0862,0.7648,0.0,1800.0,0.0,6.3481
406.0,2026-06-05T19:13:50.936742+00:00,76.4387,0.0464,96.693,0.1434,0.7648,0.0,1800.0,0.0,6.3235
406.5,2026-06-05T19:13:51.436959+00:00,76.4645,-0.028,96.6483,0.0716,0.7648,0.0,1800.0,0.0,6.3115
407.0,2026-06-05T19:13:51.936628+00:00,76.4843,-0.0215,96.614,0.055,0.7648,0.0,1800.0,0.0,6.3056
407.5,2026-06-05T19:13:52.443662+00:00,76.3722,-0.0165,96.5876,0.0423,0.7648,0.0,1800.0,0.0,6.3027
408.0,2026-06-05T19:13:52.936643+00:00,76.5406,0.0509,96.683,0.0325,0.7648,0.0,1800.0,0.0,6.3013
408.5,2026-06-05T19:13:53.436624+00:00,76.5428,0.0392,96.7564,0.1021,0.7648,0.0,1800.0,0.0,6.3006
409.0,2026-06-05T19:13:53.936671+00:00,76.6717,0.0937,96.6971,0.0014,0.7648,0.0,1800.0,0.0,6.3003
409.5,2026-06-05T19:13:54.436825+00:00,76.7708,0.1993,96.8829,0.0782,0.7648,0.0,1800.0,0.0,6.3002
410.0,2026-06-05T19:13:54.942624+00:00,76.7197,0.0896,96.7943,0.0601,0.7648,0.0,1800.0,0.0,6.3001
410.5,2026-06-05T19:13:55.436740+00:00,76.4259,-0.0584,96.8419,0.0848,0.7648,0.0,1800.0,0.0,6.3
411.0,2026-06-05T19:13:55.937484+00:00,76.7092,0.0187,96.7628,0.0266,0.7648,0.0,1800.0,0.0,6.3
411.5,2026-06-05T19:13:56.436636+00:00,76.6723,-0.0492,96.8177,0.0204,0.7648,0.0,1800.0,0.0,6.3
412.0,2026-06-05T19:13:56.936621+00:00,76.644,-0.0379,96.7442,0.0157,0.7648,0.0,1800.0,0.0,6.3
412.5,2026-06-05T19:13:57.444738+00:00,76.7495,0.1618,96.6877,-0.0651,0.7648,0.0,1800.0,0.0,6.2488
413.0,2026-06-05T19:13:57.936609+00:00,76.7034,-0.0029,96.6442,-0.05,0.7648,0.0,1800.0,0.0,6.275
413.5,2026-06-05T19:13:58.436655+00:00,76.7951,0.0614,96.4952,-0.1156,0.7648,0.0,1800.0,0.0,6.2878
414.0,2026-06-05T19:13:58.936638+00:00,76.8657,0.1108,96.4963,-0.0888,0.7648,0.0,1800.0,0.0,6.2941
414.5,2026-06-05T19:13:59.436738+00:00,76.9199,0.0852,96.3814,-0.1454,0.7648,0.0,1800.0,0.0,6.2971
415.0,2026-06-05T19:13:59.942797+00:00,76.5798,-0.0618,96.4089,-0.1118,0.7648,0.0,1800.0,0.0,6.2986
415.5,2026-06-05T19:14:00.436787+00:00,76.5729,-0.1111,96.43,-0.0859,0.7648,0.0,1800.0,0.0,6.2481
416.0,2026-06-05T19:14:00.936663+00:00,76.313,-0.2763,96.5619,-0.0275,0.7648,0.0,1800.0,0.0,6.2235
416.5,2026-06-05T19:14:01.436691+00:00,76.3679,-0.276,96.5476,0.0175,0.7648,0.0,1800.0,0.0,6.2115
417.0,2026-06-05T19:14:01.936701+00:00,76.2828,-0.1485,96.3051,-0.0637,0.7648,0.0,1800.0,0.0,6.2056
417.5,2026-06-05T19:14:02.441722+00:00,76.3446,-0.1141,96.0031,-0.1261,0.7648,0.0,1800.0,0.0,6.2027
418.0,2026-06-05T19:14:02.936614+00:00,76.2649,-0.0241,96.1181,-0.0969,0.7648,0.0,1800.0,0.0,6.2525
418.5,2026-06-05T19:14:03.436929+00:00,76.4581,0.0451,95.8594,-0.1902,0.7648,0.0,1800.0,0.0,6.2768
419.0,2026-06-05T19:14:03.936716+00:00,76.6066,0.1619,96.1233,-0.1462,0.7648,0.0,1800.0,0.0,6.2887
419.5,2026-06-05T19:14:04.437061+00:00,76.5935,0.1245,96.2105,-0.1124,0.7648,0.0,1800.0,0.0,6.2945
420.0,2026-06-05T19:14:04.942770+00:00,76.5835,0.1593,96.2775,-0.0092,0.7648,0.0,1800.0,0.0,6.2973
420.5,2026-06-05T19:14:05.437091+00:00,76.5757,0.0588,96.0976,0.0315,0.7648,0.0,1800.0,0.0,6.2987
421.0,2026-06-05T19:14:05.936722+00:00,76.4425,-0.0821,96.1907,0.0242,0.7648,0.0,1800.0,0.0,6.3506
421.5,2026-06-05T19:14:06.436770+00:00,76.4674,-0.0631,96.0309,0.0572,0.7648,0.0,1800.0,0.0,6.3759
422.0,2026-06-05T19:14:06.936770+00:00,76.4865,-0.0485,96.0237,-0.0332,0.7648,0.0,1800.0,0.0,6.3882
422.5,2026-06-05T19:14:07.443751+00:00,76.5012,-0.0373,96.2496,0.0131,0.7648,0.0,1800.0,0.0,6.3431
423.0,2026-06-05T19:14:07.937195+00:00,76.5125,0.035,96.1919,-0.0285,0.7648,0.0,1800.0,0.0,6.3722
423.5,2026-06-05T19:14:08.437119+00:00,76.5212,0.0269,96.3789,0.0938,0.7648,0.0,1800.0,0.0,6.3864
424.0,2026-06-05T19:14:08.936648+00:00,76.5278,0.0207,96.5226,0.1106,0.7648,0.0,1800.0,0.0,6.3934
424.5,2026-06-05T19:14:09.436625+00:00,76.533,0.0159,96.5174,0.1622,0.7648,0.0,1800.0,0.0,6.3456
425.0,2026-06-05T19:14:09.942051+00:00,76.5369,0.0122,96.6291,0.2018,0.7648,0.0,1800.0,0.0,6.3734
425.5,2026-06-05T19:14:10.437058+00:00,76.5399,0.0094,96.4835,0.078,0.7648,0.0,1800.0,0.0,6.3358
426.0,2026-06-05T19:14:10.936659+00:00,76.5423,0.0072,96.4873,0.0985,0.7648,0.0,1800.0,0.0,6.3175
426.5,2026-06-05T19:14:11.436623+00:00,76.5441,0.0055,96.4902,0.0371,0.7648,0.0,1800.0,0.0,6.3085
427.0,2026-06-05T19:14:11.936928+00:00,76.6727,0.0679,96.4925,-0.01,0.7648,0.0,1800.0,0.0,6.3042
427.5,2026-06-05T19:14:12.543674+00:00,76.7716,0.1158,96.4942,-0.0077,0.7648,0.0,1800.0,0.0,6.302
428.0,2026-06-05T19:14:12.936630+00:00,76.7203,0.089,96.2642,-0.1216,0.7648,0.0,1800.0,0.0,6.301
428.5,2026-06-05T19:14:13.436853+00:00,76.5536,0.0048,96.4344,-0.0163,0.7648,0.0,1800.0,0.0,6.3005
429.0,2026-06-05T19:14:13.936677+00:00,76.6801,0.0037,96.4496,-0.0126,0.7648,0.0,1800.0,0.0,6.3002
429.5,2026-06-05T19:14:14.436608+00:00,76.65,-0.0608,96.4613,-0.0097,0.7648,0.0,1800.0,0.0,6.3001
430.0,2026-06-05T19:14:14.942900+00:00,76.6268,-0.0467,96.7016,0.0697,0.7648,0.0,1800.0,0.0,6.3001
430.5,2026-06-05T19:14:15.436920+00:00,76.4818,-0.0359,96.8864,0.1307,0.7648,0.0,1800.0,0.0,6.3
431.0,2026-06-05T19:14:15.936803+00:00,76.4976,-0.0912,96.797,0.1776,0.7648,0.0,1800.0,0.0,6.3
431.5,2026-06-05T19:14:16.436633+00:00,76.5097,-0.0701,96.7282,0.0979,0.7648,0.0,1800.0,0.0,6.3
432.000327,2026-06-05T19:14:16.937752+00:00,76.7736,0.0734,96.5597,0.0367,0.7648,0.0,1800.0,0.0,6.3
432.5,2026-06-05T19:14:17.443412+00:00,76.8491,0.1837,96.6616,0.0668,0.7648,0.0,1800.0,0.0,6.3
433.0,2026-06-05T19:14:17.936639+00:00,76.7799,0.1412,96.5085,-0.0644,0.7648,0.0,1800.0,0.0,6.3
433.5,2026-06-05T19:14:18.436621+00:00,76.854,0.1721,96.6222,-0.088,0.7648,0.0,1800.0,0.0,6.3
434.0,2026-06-05T19:14:18.936621+00:00,76.9109,0.0687,96.594,-0.0677,0.7648,0.0,1800.0,0.0,6.3
434.5,2026-06-05T19:14:19.436675+00:00,76.7001,-0.0745,96.5722,-0.052,0.7648,0.0,1800.0,0.0,6.3
435.0,2026-06-05T19:14:19.940855+00:00,76.6654,-0.0573,96.6712,0.0372,0.7648,0.0,1800.0,0.0,6.3
435.5,2026-06-05T19:14:20.436617+00:00,76.7659,-0.044,96.6316,-0.01,0.7648,0.0,1800.0,0.0,6.3
436.0,2026-06-05T19:14:20.936605+00:00,76.9705,0.0298,96.7168,0.0694,0.7648,0.0,1800.0,0.0,6.3
436.5,2026-06-05T19:14:21.436612+00:00,77.0005,0.1502,96.7824,0.0534,0.7648,0.0,1800.0,0.0,6.3
437.0,2026-06-05T19:14:21.936831+00:00,77.0235,0.1791,96.717,0.041,0.7648,0.0,1800.0,0.0,6.3
437.5,2026-06-05T19:14:22.442851+00:00,77.0412,0.1376,96.7825,0.0701,0.7648,0.0,1800.0,0.0,6.2488
438.0,2026-06-05T19:14:22.936642+00:00,77.0548,0.0421,96.7171,0.0153,0.7648,0.0,1800.0,0.0,6.275
438.5,2026-06-05T19:14:23.436735+00:00,76.938,-0.0312,96.5512,-0.0268,0.7648,0.0,1800.0,0.0,6.2878
439.0,2026-06-05T19:14:23.936711+00:00,76.8482,-0.0876,96.4236,-0.0977,0.7648,0.0,1800.0,0.0,6.294
439.5,2026-06-05T19:14:24.436688+00:00,76.7792,-0.131,96.2099,-0.1908,0.7648,0.0,1800.0,0.0,6.2971
440.0,2026-06-05T19:14:24.942016+00:00,76.8534,-0.1007,96.0456,-0.2238,0.7648,0.0,1800.0,0.0,6.2986
440.5,2026-06-05T19:14:25.436828+00:00,76.7832,-0.0774,96.1508,-0.2106,0.7648,0.0,1800.0,0.0,6.2993
441.0,2026-06-05T19:14:25.937252+00:00,76.8565,0.0042,96.2316,-0.1618,0.7648,0.0,1800.0,0.0,6.2997
441.5,2026-06-05T19:14:26.436776+00:00,76.7856,0.0032,96.1549,-0.1321,0.7648,0.0,1800.0,0.0,6.2998
442.0,2026-06-05T19:14:26.937138+00:00,76.8583,0.0025,96.2347,-0.063,0.7648,0.0,1800.0,0.0,6.2999
442.5,2026-06-05T19:14:27.445131+00:00,76.9143,0.0655,96.1804,-0.0098,0.7648,0.0,1800.0,0.0,6.3
443.0,2026-06-05T19:14:27.936654+00:00,77.0845,0.114,96.2544,0.0696,0.7648,0.0,1800.0,0.0,6.3
443.5,2026-06-05T19:14:28.436623+00:00,77.0881,0.1513,96.4269,0.092,0.7648,0.0,1800.0,0.0,6.3
444.000273,2026-06-05T19:14:28.937265+00:00,77.0909,0.1163,96.4438,0.0707,0.7648,0.0,1800.0,0.0,6.3
444.5,2026-06-05T19:14:29.436632+00:00,77.093,0.0894,96.4568,0.1007,0.7648,0.0,1800.0,0.0,6.3
445.0,2026-06-05T19:14:29.942370+00:00,77.0946,0.005,96.5825,0.1159,0.7648,0.0,1800.0,0.0,6.3
445.5,2026-06-05T19:14:30.436617+00:00,77.2231,0.0675,96.5634,0.1277,0.7648,0.0,1800.0,0.0,6.3
446.0,2026-06-05T19:14:30.936691+00:00,77.1946,0.0519,96.5487,0.0981,0.7648,0.0,1800.0,0.0,6.3
446.5,2026-06-05T19:14:31.436635+00:00,77.1727,0.0399,96.5375,0.0369,0.7648,0.0,1800.0,0.0,6.3
447.0,2026-06-05T19:14:31.936621+00:00,77.4104,0.1579,96.6445,0.0669,0.7648,0.0,1800.0,0.0,6.3
447.5,2026-06-05T19:14:32.442900+00:00,77.3386,0.0577,96.7268,0.09,0.7648,0.0,1800.0,0.0,6.3
448.0,2026-06-05T19:14:32.936654+00:00,77.2834,0.0444,96.9057,0.1077,0.7648,0.0,1800.0,0.0,6.3
448.5,2026-06-05T19:14:33.436672+00:00,77.241,0.0341,96.8118,0.0828,0.7648,0.0,1800.0,0.0,6.3
449.0,2026-06-05T19:14:33.936879+00:00,77.2083,-0.1011,96.7397,0.0636,0.7648,0.0,1800.0,0.0,6.3
449.500001,2026-06-05T19:14:34.436771+00:00,77.1833,-0.0777,96.7999,0.0875,0.7648,0.0,1800.0,0.0,6.3
450.0,2026-06-05T19:14:34.942519+00:00,77.2913,0.0039,96.8462,0.0672,0.7648,0.0,1800.0,0.0,6.3
450.501465,2026-06-05T19:14:35.438113+00:00,77.3743,0.0667,96.7661,0.0131,0.7648,0.0,1800.0,0.0,6.3
451.0,2026-06-05T19:14:35.936629+00:00,76.929,-0.1397,96.4731,-0.1442,0.7648,0.0,1800.0,0.0,6.3
451.5,2026-06-05T19:14:36.436626+00:00,76.9686,-0.1073,96.595,-0.0723,0.7648,0.0,1800.0,0.0,6.3
452.0,2026-06-05T19:14:36.936633+00:00,76.7444,-0.2734,96.6887,-0.017,0.7648,0.0,1800.0,0.0,6.2488
452.5,2026-06-05T19:14:37.442119+00:00,77.0813,-0.1465,96.7608,-0.013,0.7648,0.0,1800.0,0.0,6.2238
453.0,2026-06-05T19:14:37.936672+00:00,77.2129,0.1419,96.8161,-0.01,0.7648,0.0,1800.0,0.0,6.2628
453.5,2026-06-05T19:14:38.436601+00:00,77.1867,0.1091,96.8587,0.0309,0.7648,0.0,1800.0,0.0,6.2819
454.0,2026-06-05T19:14:38.936676+00:00,77.1667,0.2111,96.8914,0.1394,0.7648,0.0,1800.0,0.0,6.2911
454.5,2026-06-05T19:14:39.436629+00:00,77.1512,0.035,96.9165,0.1072,0.7648,0.0,1800.0,0.0,6.2957
455.0,2026-06-05T19:14:39.941356+00:00,77.2667,0.0269,96.9358,0.0824,0.7648,0.0,1800.0,0.0,6.2979
455.5,2026-06-05T19:14:40.436844+00:00,77.3554,0.0843,96.835,0.0247,0.7648,0.0,1800.0,0.0,6.299
456.0,2026-06-05T19:14:40.937175+00:00,77.2963,0.0648,96.7575,-0.0196,0.7648,0.0,1800.0,0.0,6.2995
456.5,2026-06-05T19:14:41.436962+00:00,77.2509,0.0498,96.6979,-0.0536,0.7648,0.0,1800.0,0.0,6.2998
457.0,2026-06-05T19:14:41.936882+00:00,77.2159,-0.0254,96.6521,-0.0798,0.7648,0.0,1800.0,0.0,6.2999
457.5,2026-06-05T19:14:42.443499+00:00,77.1891,-0.0831,96.7326,-0.0613,0.7648,0.0,1800.0,0.0,6.2999
458.0,2026-06-05T19:14:42.936641+00:00,76.914,-0.1912,96.6788,-0.0857,0.7648,0.0,1800.0,0.0,6.3
458.5,2026-06-05T19:14:43.436626+00:00,76.8297,-0.2106,96.6374,-0.0659,0.7648,0.0,1800.0,0.0,6.3
459.0,2026-06-05T19:14:43.936608+00:00,77.0195,-0.0982,96.7213,-0.0121,0.7648,0.0,1800.0,0.0,6.3
459.5,2026-06-05T19:14:44.436629+00:00,77.0382,-0.0755,96.7858,0.0293,0.7648,0.0,1800.0,0.0,6.3
460.0,2026-06-05T19:14:44.944129+00:00,77.1797,0.1329,96.8354,0.0611,0.7648,0.0,1800.0,0.0,6.3
460.5,2026-06-05T19:14:45.436619+00:00,77.2886,0.2294,96.7578,0.0084,0.7648,0.0,1800.0,0.0,6.3
461.0,2026-06-05T19:14:45.936858+00:00,77.3722,0.1763,96.9295,0.0836,0.7648,0.0,1800.0,0.0,6.3
461.500179,2026-06-05T19:14:46.436877+00:00,77.3092,0.1355,96.9458,0.1028,0.7648,0.0,1800.0,0.0,6.3
462.0,2026-06-05T19:14:46.936622+00:00,77.2608,0.0405,96.9584,0.079,0.7648,0.0,1800.0,0.0,6.3
462.5,2026-06-05T19:14:47.441263+00:00,77.4781,0.0948,96.7366,-0.0164,0.7648,0.0,1800.0,0.0,6.3
463.0,2026-06-05T19:14:47.936749+00:00,77.5179,0.0729,96.7975,-0.0126,0.7648,0.0,1800.0,0.0,6.3
463.5,2026-06-05T19:14:48.436861+00:00,77.1667,-0.0713,96.8444,0.0289,0.7648,0.0,1800.0,0.0,6.3
464.0,2026-06-05T19:14:48.937322+00:00,77.1512,-0.0548,96.7647,-0.0549,0.7648,0.0,1800.0,0.0,6.3
464.5,2026-06-05T19:14:49.436631+00:00,77.3939,-0.0421,96.7035,-0.0808,0.7648,0.0,1800.0,0.0,6.3
465.0,2026-06-05T19:14:49.941547+00:00,77.4532,-0.0324,96.7721,-0.0621,0.7648,0.0,1800.0,0.0,6.3
465.5,2026-06-05T19:14:50.436611+00:00,77.4987,0.166,96.5934,-0.0477,0.7648,0.0,1800.0,0.0,6.3
466.0,2026-06-05T19:14:50.936624+00:00,77.5337,0.1912,96.6875,-0.0367,0.7648,0.0,1800.0,0.0,6.3
466.5,2026-06-05T19:14:51.436635+00:00,77.4334,0.0197,96.5516,-0.0976,0.7648,0.0,1800.0,0.0,6.3
467.0,2026-06-05T19:14:51.936644+00:00,77.3562,-0.0485,96.6553,-0.0365,0.7648,0.0,1800.0,0.0,6.3
467.5,2026-06-05T19:14:52.444874+00:00,77.4242,-0.0373,96.7351,0.0105,0.7648,0.0,1800.0,0.0,6.3
468.0,2026-06-05T19:14:52.936610+00:00,77.4765,-0.0286,96.4493,-0.1076,0.7648,0.0,1800.0,0.0,6.3
468.5,2026-06-05T19:14:53.436621+00:00,77.5166,0.0416,96.1371,-0.1521,0.7648,0.0,1800.0,0.0,6.3
469.0,2026-06-05T19:14:53.936745+00:00,77.5475,0.0956,96.1053,-0.1941,0.7648,0.0,1800.0,0.0,6.3
469.5,2026-06-05T19:14:54.436610+00:00,77.5712,0.0735,96.3124,-0.0797,0.7648,0.0,1800.0,0.0,6.3
470.0,2026-06-05T19:14:54.946787+00:00,77.4622,-0.0071,96.2401,-0.1384,0.7648,0.0,1800.0,0.0,6.3
470.5,2026-06-05T19:14:55.436630+00:00,77.5056,-0.0055,96.4159,-0.1064,0.7648,0.0,1800.0,0.0,6.3
471.0,2026-06-05T19:14:55.936818+00:00,77.4118,-0.0679,96.3197,-0.0432,0.7648,0.0,1800.0,0.0,6.2488
471.5,2026-06-05T19:14:56.436632+00:00,77.2124,-0.1794,96.2457,0.0362,0.7648,0.0,1800.0,0.0,6.2238
472.0,2026-06-05T19:14:56.936601+00:00,77.3136,-0.0743,96.3046,0.0664,0.7648,0.0,1800.0,0.0,6.2116
472.5,2026-06-05T19:14:57.441219+00:00,77.3915,-0.0571,96.3498,0.0125,0.7648,0.0,1800.0,0.0,6.2057
473.0,2026-06-05T19:14:57.936704+00:00,77.324,-0.0439,96.3845,0.0482,0.7648,0.0,1800.0,0.0,6.254
473.5,2026-06-05T19:14:58.437177+00:00,77.5267,0.1572,96.4113,-0.0016,0.7648,0.0,1800.0,0.0,6.2775
474.0,2026-06-05T19:14:58.936623+00:00,77.5552,0.1208,96.4318,0.0374,0.7648,0.0,1800.0,0.0,6.289
474.5,2026-06-05T19:14:59.437381+00:00,77.4499,0.0292,96.4476,0.0673,0.7648,0.0,1800.0,0.0,6.2947
475.0,2026-06-05T19:14:59.944554+00:00,77.4962,0.0861,96.4597,0.0517,0.7648,0.0,1800.0,0.0,6.3486
475.500702,2026-06-05T19:15:00.437510+00:00,77.4045,-0.0611,96.469,0.0398,0.7648,0.0,1800.0,0.0,6.3749
476.0,2026-06-05T19:15:00.936663+00:00,77.4613,-0.047,96.4762,0.0306,0.7648,0.0,1800.0,0.0,6.3878
476.5,2026-06-05T19:15:01.436618+00:00,77.1232,-0.1634,96.5974,0.062,0.7648,0.0,1800.0,0.0,6.394
477.0,2026-06-05T19:15:01.936682+00:00,77.2451,-0.1256,96.5749,0.0477,0.7648,0.0,1800.0,0.0,6.3971
477.5,2026-06-05T19:15:02.543514+00:00,77.3388,-0.0329,96.6732,0.0752,0.7648,0.0,1800.0,0.0,6.3474
478.0,2026-06-05T19:15:02.936716+00:00,77.2835,-0.0889,96.7489,0.0964,0.7648,0.0,1800.0,0.0,6.3743
478.5,2026-06-05T19:15:03.436909+00:00,77.4956,0.1862,96.5524,0.0278,0.7648,0.0,1800.0,0.0,6.3363
479.0,2026-06-05T19:15:03.936769+00:00,77.4041,0.0795,96.656,0.0599,0.7648,0.0,1800.0,0.0,6.3177
479.5,2026-06-05T19:15:04.436620+00:00,77.461,0.0611,96.7356,0.0461,0.7648,0.0,1800.0,0.0,6.3086
480.0,2026-06-05T19:15:04.942906+00:00,77.5047,0.1106,96.7968,0.074,0.7648,0.0,1800.0,0.0,6.3042
480.5,2026-06-05T19:15:05.436672+00:00,77.6656,0.085,96.7281,0.0183,0.7648,0.0,1800.0,0.0,6.3021
481.0,2026-06-05T19:15:05.936715+00:00,77.662,0.129,96.791,0.0141,0.7648,0.0,1800.0,0.0,6.301
481.5,2026-06-05T19:15:06.437042+00:00,77.6592,0.0991,96.8394,0.0957,0.7648,0.0,1800.0,0.0,6.3005
482.0,2026-06-05T19:15:06.936882+00:00,77.5298,0.0126,96.7608,0.035,0.7648,0.0,1800.0,0.0,6.3002
482.501179,2026-06-05T19:15:07.442965+00:00,77.4304,-0.1176,96.8162,0.0269,0.7648,0.0,1800.0,0.0,6.3001
483.0,2026-06-05T19:15:07.936622+00:00,77.6085,-0.0268,96.8587,0.0206,0.7648,0.0,1800.0,0.0,6.3001
483.5,2026-06-05T19:15:08.436718+00:00,77.6181,-0.0206,96.5443,-0.0613,0.7648,0.0,1800.0,0.0,6.3
484.0,2026-06-05T19:15:08.937117+00:00,77.4982,-0.0158,96.6498,-0.0471,0.7648,0.0,1800.0,0.0,6.3
484.5,2026-06-05T19:15:09.436629+00:00,77.5333,0.0515,96.6151,-0.0748,0.7648,0.0,1800.0,0.0,6.3
485.0,2026-06-05T19:15:09.941650+00:00,77.433,-0.0877,96.7042,-0.0189,0.7648,0.0,1800.0,0.0,6.3
485.5,2026-06-05T19:15:10.436837+00:00,77.1014,-0.2583,96.7726,-0.0145,0.7648,0.0,1800.0,0.0,6.3
486.0,2026-06-05T19:15:10.936642+00:00,77.1011,-0.1985,96.8252,-0.0112,0.7648,0.0,1800.0,0.0,6.3
486.5,2026-06-05T19:15:11.436620+00:00,77.2281,-0.1526,96.8657,0.1071,0.7648,0.0,1800.0,0.0,6.3
487.0,2026-06-05T19:15:11.936613+00:00,77.1985,-0.1173,96.6654,0.0052,0.7648,0.0,1800.0,0.0,6.3
487.5,2026-06-05T19:15:12.441253+00:00,77.4302,0.1644,96.8585,0.0811,0.7648,0.0,1800.0,0.0,6.3
488.0,2026-06-05T19:15:12.936705+00:00,77.3538,0.1264,96.7755,0.0238,0.7648,0.0,1800.0,0.0,6.3
488.5,2026-06-05T19:15:13.436884+00:00,77.5496,0.1607,96.7118,-0.0203,0.7648,0.0,1800.0,0.0,6.3
489.0,2026-06-05T19:15:13.936635+00:00,77.4456,0.1236,96.6628,-0.0542,0.7648,0.0,1800.0,0.0,6.3
489.5,2026-06-05T19:15:14.438398+00:00,77.6202,0.095,96.6251,-0.0802,0.7648,0.0,1800.0,0.0,6.3
490.001157,2026-06-05T19:15:14.944381+00:00,77.7543,0.2003,96.7119,0.0155,0.7648,0.0,1800.0,0.0,6.3
490.5,2026-06-05T19:15:15.436632+00:00,77.6029,0.0266,96.6628,-0.0652,0.7648,0.0,1800.0,0.0,6.2488
491.0002,2026-06-05T19:15:15.936930+00:00,77.4865,0.0205,96.7409,-0.0116,0.7648,0.0,1800.0,0.0,6.2238
491.5,2026-06-05T19:15:16.436610+00:00,77.5244,-0.0479,96.8008,0.0297,0.7648,0.0,1800.0,0.0,6.2116
492.0,2026-06-05T19:15:16.936624+00:00,77.4262,-0.1641,96.8469,0.0614,0.7648,0.0,1800.0,0.0,6.2057
492.5,2026-06-05T19:15:17.441325+00:00,77.478,-0.0625,96.998,0.1243,0.7648,0.0,1800.0,0.0,6.2028
493.0,2026-06-05T19:15:17.936778+00:00,77.5178,0.0156,96.8828,0.057,0.7648,0.0,1800.0,0.0,6.2526
493.5,2026-06-05T19:15:18.436700+00:00,77.4211,-0.0516,96.7942,0.0438,0.7648,0.0,1800.0,0.0,6.2768
494.0,2026-06-05T19:15:18.937053+00:00,77.4741,0.0239,96.7261,-0.0049,0.7648,0.0,1800.0,0.0,6.2887
494.5,2026-06-05T19:15:19.436992+00:00,77.642,0.082,96.6738,-0.0423,0.7648,0.0,1800.0,0.0,6.2945
495.0,2026-06-05T19:15:19.941291+00:00,77.6439,0.0631,96.6336,-0.0711,0.7648,0.0,1800.0,0.0,6.2973
495.5,2026-06-05T19:15:20.436938+00:00,77.6453,0.1121,96.7184,-0.0932,0.7648,0.0,1800.0,0.0,6.2987
496.0,2026-06-05T19:15:20.937325+00:00,77.7737,0.1498,96.6678,-0.0716,0.7648,0.0,1800.0,0.0,6.2994
496.5,2026-06-05T19:15:21.436796+00:00,77.745,0.0515,96.629,-0.0551,0.7648,0.0,1800.0,0.0,6.2997
497.0,2026-06-05T19:15:21.937167+00:00,77.7231,0.0396,96.4835,-0.0809,0.7648,0.0,1800.0,0.0,6.2998
497.501058,2026-06-05T19:15:22.445947+00:00,77.7061,0.0304,96.603,-0.0236,0.7648,0.0,1800.0,0.0,6.2999
498.0,2026-06-05T19:15:22.938359+00:00,77.8204,0.0234,96.4635,-0.0567,0.7648,0.0,1800.0,0.0,6.3512
498.5,2026-06-05T19:15:23.436646+00:00,77.781,0.018,96.4719,-0.0822,0.7648,0.0,1800.0,0.0,6.3762
499.0,2026-06-05T19:15:23.936620+00:00,77.8779,0.0774,96.4784,-0.0631,0.7648,0.0,1800.0,0.0,6.3884
499.5,2026-06-05T19:15:24.436616+00:00,77.9525,0.1232,96.3677,-0.0871,0.7648,0.0,1800.0,0.0,6.3943
500.0,2026-06-05T19:15:24.943829+00:00,77.8825,0.031,96.3983,-0.0284,0.7648,0.0,1800.0,0.0,6.3972
500.5,2026-06-05T19:15:25.436635+00:00,77.8287,0.0238,96.5375,-0.0218,0.7648,0.0,1800.0,0.0,6.3474
501.0,2026-06-05T19:15:25.936639+00:00,77.6601,-0.1089,96.4132,-0.0168,0.7648,0.0,1800.0,0.0,6.3232
501.5,2026-06-05T19:15:26.436656+00:00,77.6577,-0.1474,96.3176,-0.0515,0.7648,0.0,1800.0,0.0,6.3625
502.0,2026-06-05T19:15:26.936633+00:00,77.6559,-0.1133,96.3598,-0.0395,0.7648,0.0,1800.0,0.0,6.3817
502.5,2026-06-05T19:15:27.444973+00:00,77.7818,-0.0234,96.2765,-0.0304,0.7648,0.0,1800.0,0.0,6.3399
503.0,2026-06-05T19:15:27.936643+00:00,77.8786,0.1093,96.3282,-0.0234,0.7648,0.0,1800.0,0.0,6.3707
503.5,2026-06-05T19:15:28.436770+00:00,77.953,0.1476,96.4837,-0.018,0.7648,0.0,1800.0,0.0,6.3345
504.0,2026-06-05T19:15:28.936647+00:00,77.7556,0.0498,96.3718,-0.0138,0.7648,0.0,1800.0,0.0,6.3168
504.5,2026-06-05T19:15:29.436807+00:00,77.9857,0.1019,96.4014,0.028,0.7648,0.0,1800.0,0.0,6.3082
505.0,2026-06-05T19:15:29.942844+00:00,78.0353,0.0783,96.3085,-0.0171,0.7648,0.0,1800.0,0.0,6.304
505.5,2026-06-05T19:15:30.436730+00:00,78.0734,0.0602,96.2371,-0.0131,0.7648,0.0,1800.0,0.0,6.302
506.0,2026-06-05T19:15:30.936621+00:00,78.23,0.2372,96.4137,0.0285,0.7648,0.0,1800.0,0.0,6.301
506.5,2026-06-05T19:15:31.436666+00:00,77.9685,-0.0086,96.4336,-0.0167,0.7648,0.0,1800.0,0.0,6.3005
507.0,2026-06-05T19:15:31.936598+00:00,78.1493,0.057,96.3333,-0.0128,0.7648,0.0,1800.0,0.0,6.3002
507.5,2026-06-05T19:15:32.443917+00:00,78.1611,0.0438,96.4876,0.0287,0.7648,0.0,1800.0,0.0,6.3001
508.0,2026-06-05T19:15:32.936633+00:00,78.1701,-0.0299,96.4904,0.0606,0.7648,0.0,1800.0,0.0,6.3001
508.5,2026-06-05T19:15:33.436866+00:00,78.177,0.1043,96.4927,0.0852,0.7648,0.0,1800.0,0.0,6.3
509.000168,2026-06-05T19:15:33.937569+00:00,78.055,-0.0471,96.3787,-0.0117,0.7648,0.0,1800.0,0.0,6.3
509.500714,2026-06-05T19:15:34.437510+00:00,78.0886,-0.0362,96.5224,0.0296,0.7648,0.0,1800.0,0.0,6.3
510.0,2026-06-05T19:15:34.942465+00:00,77.8598,-0.1551,96.4015,0.0227,0.7648,0.0,1800.0,0.0,6.3
510.5,2026-06-05T19:15:35.436659+00:00,77.9385,-0.1192,96.3318,-0.0519,0.7648,0.0,1800.0,0.0,6.3
511.000467,2026-06-05T19:15:35.937394+00:00,77.999,-0.028,96.255,-0.0785,0.7648,0.0,1800.0,0.0,6.3
511.5,2026-06-05T19:15:36.436627+00:00,77.791,-0.1488,96.3117,-0.0603,0.7648,0.0,1800.0,0.0,6.3
512.0,2026-06-05T19:15:36.936608+00:00,77.7584,-0.0507,96.3553,-0.0078,0.7648,0.0,1800.0,0.0,6.3
512.5,2026-06-05T19:15:37.441190+00:00,77.9878,0.0246,96.3888,-0.0446,0.7648,0.0,1800.0,0.0,6.3
513.0,2026-06-05T19:15:37.936647+00:00,77.9097,-0.0447,96.4145,0.0043,0.7648,0.0,1800.0,0.0,6.3
513.5,2026-06-05T19:15:38.436611+00:00,78.1041,0.1566,96.55,0.0727,0.7648,0.0,1800.0,0.0,6.3
514.0,2026-06-05T19:15:38.936847+00:00,78.1263,0.184,96.6541,0.133,0.7648,0.0,1800.0,0.0,6.3
514.5,2026-06-05T19:15:39.436772+00:00,78.2706,0.1414,96.7342,0.1408,0.7648,0.0,1800.0,0.0,6.3
515.0,2026-06-05T19:15:39.945029+00:00,78.127,0.1087,96.68,0.1082,0.7648,0.0,1800.0,0.0,6.3
515.5,2026-06-05T19:15:40.436620+00:00,78.0166,-0.0437,96.754,0.1218,0.7648,0.0,1800.0,0.0,6.3
516.0,2026-06-05T19:15:40.936695+00:00,77.9318,-0.0973,96.9266,0.1707,0.7648,0.0,1800.0,0.0,6.3
516.5,2026-06-05T19:15:41.436703+00:00,77.9939,-0.1384,96.9436,0.1312,0.7648,0.0,1800.0,0.0,6.3
517.0,2026-06-05T19:15:41.937208+00:00,78.0416,-0.0427,96.9567,0.1008,0.7648,0.0,1800.0,0.0,6.3
517.5,2026-06-05T19:15:42.442114+00:00,77.951,-0.0328,96.9667,0.0775,0.7648,0.0,1800.0,0.0,6.3
518.0,2026-06-05T19:15:42.936640+00:00,78.0086,0.0384,96.9744,0.0981,0.7648,0.0,1800.0,0.0,6.3
518.5,2026-06-05T19:15:43.436651+00:00,78.0529,0.0295,96.9803,0.0754,0.7648,0.0,1800.0,0.0,6.3
519.0,2026-06-05T19:15:43.936715+00:00,78.0869,0.0227,96.9849,0.0194,0.7648,0.0,1800.0,0.0,6.3
519.5,2026-06-05T19:15:44.436726+00:00,78.1131,0.0811,96.9884,0.0149,0.7648,0.0,1800.0,0.0,6.3
520.0,2026-06-05T19:15:44.942163+00:00,78.1332,0.0623,97.1068,0.05,0.7648,0.0,1800.0,0.0,6.3
520.5,2026-06-05T19:15:45.436656+00:00,78.1487,0.0479,97.0821,0.0385,0.7648,0.0,1800.0,0.0,6.3
521.0,2026-06-05T19:15:45.937192+00:00,78.2878,0.1004,96.9474,-0.009,0.7648,0.0,1800.0,0.0,6.3
521.5,2026-06-05T19:15:46.436755+00:00,78.3948,0.1408,96.9595,-0.0069,0.7648,0.0,1800.0,0.0,6.3
522.0,2026-06-05T19:15:46.936920+00:00,78.2224,0.0446,96.7375,-0.0825,0.7648,0.0,1800.0,0.0,6.3
522.5,2026-06-05T19:15:47.441600+00:00,78.2172,0.0343,96.6826,-0.1019,0.7648,0.0,1800.0,0.0,6.3
523.0,2026-06-05T19:15:47.936831+00:00,78.2132,-0.0373,96.6403,-0.1555,0.7648,0.0,1800.0,0.0,6.3
523.5,2026-06-05T19:15:48.437403+00:00,78.2102,-0.0923,96.6078,-0.1581,0.7648,0.0,1800.0,0.0,6.3
524.0,2026-06-05T19:15:48.936632+00:00,78.0806,-0.0709,96.5829,-0.1215,0.7648,0.0,1800.0,0.0,6.3
524.5,2026-06-05T19:15:49.437277+00:00,77.9809,-0.1182,96.6794,-0.0934,0.7648,0.0,1800.0,0.0,6.3
525.00071,2026-06-05T19:15:49.944123+00:00,78.0316,-0.0908,96.6379,-0.0332,0.7648,0.0,1800.0,0.0,6.3
525.5,2026-06-05T19:15:50.436657+00:00,78.1979,-0.0062,96.606,-0.0255,0.7648,0.0,1800.0,0.0,6.3
526.0,2026-06-05T19:15:50.936644+00:00,78.1983,0.0589,96.3269,-0.1045,0.7648,0.0,1800.0,0.0,6.3
526.5,2026-06-05T19:15:51.436634+00:00,78.326,0.1725,96.367,-0.0803,0.7648,0.0,1800.0,0.0,6.3
527.0,2026-06-05T19:15:51.936609+00:00,78.2968,0.1326,96.3978,-0.0617,0.7648,0.0,1800.0,0.0,6.3
527.5,2026-06-05T19:15:52.440786+00:00,78.2744,0.0383,96.5371,-0.0474,0.7648,0.0,1800.0,0.0,6.3
528.0,2026-06-05T19:15:52.936624+00:00,78.0027,-0.0978,96.4128,-0.075,0.7648,0.0,1800.0,0.0,6.3
528.5,2026-06-05T19:15:53.436620+00:00,77.9211,-0.2025,96.433,-0.0577,0.7648,0.0,1800.0,0.0,6.3
529.0,2026-06-05T19:15:53.936622+00:00,77.8583,-0.2193,96.4485,0.0405,0.7648,0.0,1800.0,0.0,6.3
529.5,2026-06-05T19:15:54.436753+00:00,77.9374,-0.1685,96.5761,0.0697,0.7648,0.0,1800.0,0.0,6.3
530.0,2026-06-05T19:15:54.941518+00:00,77.8709,-0.0659,96.3271,-0.0235,0.7648,0.0,1800.0,0.0,6.3
530.5,2026-06-05T19:15:55.436638+00:00,78.0743,0.0766,96.1357,-0.1338,0.7648,0.0,1800.0,0.0,6.3
531.0,2026-06-05T19:15:55.936935+00:00,77.9761,0.0589,96.0812,-0.1106,0.7648,0.0,1800.0,0.0,6.3
531.5,2026-06-05T19:15:56.436633+00:00,77.9007,-0.0184,96.1781,-0.085,0.7648,0.0,1800.0,0.0,6.3
532.0,2026-06-05T19:15:56.936624+00:00,77.8427,-0.0141,95.8823,-0.1887,0.7648,0.0,1800.0,0.0,6.3
532.5,2026-06-05T19:15:57.443836+00:00,77.9253,-0.0745,96.141,-0.1451,0.7648,0.0,1800.0,0.0,6.3
533.0,2026-06-05T19:15:57.936615+00:00,77.9889,0.0064,95.7612,-0.1886,0.7648,0.0,1800.0,0.0,6.3
533.5,2026-06-05T19:15:58.436625+00:00,78.165,0.1322,95.8165,-0.1064,0.7648,0.0,1800.0,0.0,6.3
534.0,2026-06-05T19:15:58.936635+00:00,78.1731,0.1652,95.859,-0.0741,0.7648,0.0,1800.0,0.0,6.3
534.5,2026-06-05T19:15:59.436637+00:00,78.3066,0.1906,96.0073,-0.0569,0.7648,0.0,1800.0,0.0,6.3
535.0,2026-06-05T19:15:59.941223+00:00,78.5365,0.2738,96.237,0.1182,0.7648,0.0,1800.0,0.0,6.3
535.5,2026-06-05T19:16:00.436930+00:00,78.4586,0.1468,96.1822,0.0137,0.7648,0.0,1800.0,0.0,6.3
536.0,2026-06-05T19:16:00.936710+00:00,78.3988,0.1128,96.4871,0.242,0.7648,0.0,1800.0,0.0,6.3
536.5,2026-06-05T19:16:01.436729+00:00,78.48,0.0867,96.3744,0.186,0.7648,0.0,1800.0,0.0,6.3
537.0,2026-06-05T19:16:01.936618+00:00,78.5425,0.003,96.2878,0.1429,0.7648,0.0,1800.0,0.0,6.3
537.5,2026-06-05T19:16:02.441405+00:00,78.5905,0.066,96.4526,0.1484,0.7648,0.0,1800.0,0.0,6.2488
538.0,2026-06-05T19:16:02.936647+00:00,78.7547,0.178,96.3478,0.0369,0.7648,0.0,1800.0,0.0,6.3262
538.5,2026-06-05T19:16:03.436715+00:00,78.7536,0.1368,96.3831,0.067,0.7648,0.0,1800.0,0.0,6.364
539.0,2026-06-05T19:16:03.936711+00:00,78.6255,0.0415,96.4101,-0.0257,0.7648,0.0,1800.0,0.0,6.3824
539.5,2026-06-05T19:16:04.436755+00:00,78.527,-0.0317,96.3152,-0.0197,0.7648,0.0,1800.0,0.0,6.3914
540.0,2026-06-05T19:16:04.941650+00:00,78.7059,-0.0244,96.2423,-0.0152,0.7648,0.0,1800.0,0.0,6.3958
540.5,2026-06-05T19:16:05.437055+00:00,78.7161,-0.0188,96.3019,-0.0502,0.7648,0.0,1800.0,0.0,6.398
541.0,2026-06-05T19:16:05.936700+00:00,78.724,0.0492,96.3477,-0.0,0.7648,0.0,1800.0,0.0,6.3478
541.5,2026-06-05T19:16:06.437143+00:00,78.6027,0.0378,96.2673,-0.0386,0.7648,0.0,1800.0,0.0,6.3233
542.000706,2026-06-05T19:16:06.937522+00:00,78.6368,-0.0346,96.4368,0.0089,0.7648,0.0,1800.0,0.0,6.3114
542.5,2026-06-05T19:16:07.441847+00:00,78.2812,-0.2175,96.4514,0.0454,0.7648,0.0,1800.0,0.0,6.3056
543.000185,2026-06-05T19:16:07.937096+00:00,78.2624,-0.2308,96.2313,-0.0037,0.7648,0.0,1800.0,0.0,6.3027
543.5,2026-06-05T19:16:08.436631+00:00,78.248,-0.1774,96.2935,-0.0028,0.7648,0.0,1800.0,0.0,6.3013
544.0,2026-06-05T19:16:08.936628+00:00,78.3641,-0.1363,96.1099,-0.0793,0.7648,0.0,1800.0,0.0,6.3006
544.5,2026-06-05T19:16:09.436624+00:00,78.4534,0.0861,96.0844,-0.0609,0.7648,0.0,1800.0,0.0,6.3003
545.0,2026-06-05T19:16:09.943594+00:00,78.3948,0.0662,96.0649,-0.124,0.7648,0.0,1800.0,0.0,6.3002
545.5,2026-06-05T19:16:10.436602+00:00,78.2224,-0.0128,96.1656,-0.0953,0.7648,0.0,1800.0,0.0,6.3001
546.0,2026-06-05T19:16:10.936624+00:00,78.3445,-0.0098,96.243,0.0039,0.7648,0.0,1800.0,0.0,6.3
546.5,2026-06-05T19:16:11.436729+00:00,78.1838,-0.1348,96.3024,0.003,0.7648,0.0,1800.0,0.0,6.3
547.0,2026-06-05T19:16:11.936611+00:00,78.3148,-0.04,96.3482,0.0794,0.7648,0.0,1800.0,0.0,6.3
547.5,2026-06-05T19:16:12.442239+00:00,78.4155,0.0965,96.499,0.1382,0.7648,0.0,1800.0,0.0,6.2488
548.0,2026-06-05T19:16:12.936820+00:00,78.4929,0.0742,96.6149,0.1833,0.7648,0.0,1800.0,0.0,6.275
548.5,2026-06-05T19:16:13.436627+00:00,78.6797,0.2479,96.5883,0.1409,0.7648,0.0,1800.0,0.0,6.2878
549.0,2026-06-05T19:16:13.936627+00:00,78.696,0.1906,96.3365,0.0312,0.7648,0.0,1800.0,0.0,6.2941
549.5,2026-06-05T19:16:14.436759+00:00,78.7085,0.1465,96.49,0.0625,0.7648,0.0,1800.0,0.0,6.2971
550.0,2026-06-05T19:16:14.941402+00:00,78.5908,0.0489,96.608,0.0866,0.7648,0.0,1800.0,0.0,6.2986
550.5,2026-06-05T19:16:15.436684+00:00,78.5004,-0.0897,96.583,0.028,0.7648,0.0,1800.0,0.0,6.2993
551.0,2026-06-05T19:16:15.937142+00:00,78.5581,-0.0689,96.6795,0.0215,0.7648,0.0,1800.0,0.0,6.2997
551.502125,2026-06-05T19:16:16.439190+00:00,78.6025,-0.053,96.7537,0.0551,0.7648,0.0,1800.0,0.0,6.2998
552.0,2026-06-05T19:16:16.936640+00:00,78.5094,-0.0407,96.8107,0.1581,0.7648,0.0,1800.0,0.0,6.2999
552.5,2026-06-05T19:16:17.440778+00:00,78.4378,-0.0313,96.8545,0.1215,0.7648,0.0,1800.0,0.0,6.3
553.0,2026-06-05T19:16:17.936615+00:00,78.3828,-0.0877,96.7725,0.0548,0.7648,0.0,1800.0,0.0,6.3512
553.5,2026-06-05T19:16:18.436626+00:00,78.4677,-0.0674,96.7094,0.0421,0.7648,0.0,1800.0,0.0,6.3762
554.0,2026-06-05T19:16:18.936626+00:00,78.5331,0.0118,96.5453,-0.0448,0.7648,0.0,1800.0,0.0,6.3884
554.5,2026-06-05T19:16:19.436733+00:00,78.5833,0.0727,96.5348,-0.073,0.7648,0.0,1800.0,0.0,6.3943
555.0,2026-06-05T19:16:19.941272+00:00,78.4946,0.0559,96.411,-0.1332,0.7648,0.0,1800.0,0.0,6.346
555.5,2026-06-05T19:16:20.436640+00:00,78.4264,-0.0207,96.5473,-0.1024,0.7648,0.0,1800.0,0.0,6.3225
556.0,2026-06-05T19:16:20.936605+00:00,78.5013,-0.0159,96.6521,-0.0401,0.7648,0.0,1800.0,0.0,6.311
556.5,2026-06-05T19:16:21.436708+00:00,78.5588,-0.0122,96.6169,-0.0308,0.7648,0.0,1800.0,0.0,6.3053
557.0,2026-06-05T19:16:21.936714+00:00,78.6031,0.0543,96.4741,-0.0237,0.7648,0.0,1800.0,0.0,6.3026
557.5,2026-06-05T19:16:22.442345+00:00,78.3825,-0.0219,96.4801,-0.0182,0.7648,0.0,1800.0,0.0,6.3013
558.0,2026-06-05T19:16:22.937002+00:00,78.4676,-0.0169,96.4847,0.0246,0.7648,0.0,1800.0,0.0,6.3006
558.5,2026-06-05T19:16:23.436835+00:00,78.4057,-0.0766,96.4883,-0.0197,0.7648,0.0,1800.0,0.0,6.3515
559.0,2026-06-05T19:16:23.936730+00:00,78.3581,-0.1225,96.6067,-0.0151,0.7648,0.0,1800.0,0.0,6.3763
559.5,2026-06-05T19:16:24.436634+00:00,78.3215,-0.0305,96.6977,0.0269,0.7648,0.0,1800.0,0.0,6.3373
560.0,2026-06-05T19:16:24.945793+00:00,78.4206,-0.0235,96.7676,0.0978,0.7648,0.0,1800.0,0.0,6.3182
560.5,2026-06-05T19:16:25.436678+00:00,78.3696,-0.018,96.8214,0.1138,0.7648,0.0,1800.0,0.0,6.3601
561.0,2026-06-05T19:16:25.936634+00:00,78.4576,0.0498,96.747,0.0874,0.7648,0.0,1800.0,0.0,6.3805
561.500292,2026-06-05T19:16:26.437101+00:00,78.398,0.0383,96.6899,0.0672,0.7648,0.0,1800.0,0.0,6.3393
562.0,2026-06-05T19:16:26.936652+00:00,78.3522,-0.0342,96.5302,-0.0255,0.7648,0.0,1800.0,0.0,6.3192
562.5,2026-06-05T19:16:27.441560+00:00,78.4442,0.0373,96.6389,-0.0196,0.7648,0.0,1800.0,0.0,6.3094
563.0,2026-06-05T19:16:27.936645+00:00,78.2605,-0.0986,96.6068,-0.0536,0.7648,0.0,1800.0,0.0,6.3046
563.5,2026-06-05T19:16:28.436618+00:00,78.2465,-0.0758,96.5821,-0.0798,0.7648,0.0,1800.0,0.0,6.3022
564.0,2026-06-05T19:16:28.936606+00:00,78.363,0.0054,96.5631,-0.0613,0.7648,0.0,1800.0,0.0,6.3011
564.5,2026-06-05T19:16:29.436942+00:00,78.3253,-0.0595,96.6642,-0.0086,0.7648,0.0,1800.0,0.0,6.3005
565.0,2026-06-05T19:16:29.942062+00:00,78.4236,0.0815,96.7419,0.0706,0.7648,0.0,1800.0,0.0,6.3003
565.5,2026-06-05T19:16:30.436708+00:00,78.4991,0.1263,96.9173,0.0928,0.7648,0.0,1800.0,0.0,6.3001
566.0,2026-06-05T19:16:30.936779+00:00,78.4299,0.0334,96.8208,0.0713,0.7648,0.0,1800.0,0.0,6.3001
566.5,2026-06-05T19:16:31.436836+00:00,78.6312,0.153,96.7465,0.0548,0.7648,0.0,1800.0,0.0,6.2488
567.0,2026-06-05T19:16:31.936795+00:00,78.6587,0.1176,96.5738,0.0036,0.7648,0.0,1800.0,0.0,6.2238
567.5,2026-06-05T19:16:32.442985+00:00,78.6798,0.0904,96.6724,0.0027,0.7648,0.0,1800.0,0.0,6.2116
568.0,2026-06-05T19:16:32.936722+00:00,78.6961,0.1331,96.5168,-0.075,0.7648,0.0,1800.0,0.0,6.2569
568.5,2026-06-05T19:16:33.436890+00:00,78.5813,-0.025,96.2815,-0.2119,0.7648,0.0,1800.0,0.0,6.279
569.0,2026-06-05T19:16:33.936676+00:00,78.6203,-0.0192,96.3321,-0.1629,0.7648,0.0,1800.0,0.0,6.2897
569.5,2026-06-05T19:16:34.436772+00:00,78.6503,-0.0148,96.1395,-0.2023,0.7648,0.0,1800.0,0.0,6.295
570.0,2026-06-05T19:16:34.942302+00:00,78.5461,-0.075,96.3386,-0.0784,0.7648,0.0,1800.0,0.0,6.2976
570.5,2026-06-05T19:16:35.437089+00:00,78.466,-0.0576,96.2603,-0.1374,0.7648,0.0,1800.0,0.0,6.2988
571.0,2026-06-05T19:16:35.937145+00:00,78.5317,-0.0443,96.2001,-0.1056,0.7648,0.0,1800.0,0.0,6.2994
571.5,2026-06-05T19:16:36.436746+00:00,78.455,-0.0977,96.2695,-0.004,0.7648,0.0,1800.0,0.0,6.2997
572.0,2026-06-05T19:16:36.937169+00:00,78.5232,-0.0114,96.0914,-0.0802,0.7648,0.0,1800.0,0.0,6.2999
572.500001,2026-06-05T19:16:37.446043+00:00,78.703,0.1185,96.0703,-0.0231,0.7648,0.0,1800.0,0.0,6.2999
573.000138,2026-06-05T19:16:37.937558+00:00,78.5866,0.0274,95.9152,-0.1412,0.7648,0.0,1800.0,0.0,6.3
573.5,2026-06-05T19:16:38.436649+00:00,78.6244,0.0847,96.0505,-0.0699,0.7648,0.0,1800.0,0.0,6.2488
574.0,2026-06-05T19:16:38.936632+00:00,78.7807,0.1287,96.2702,0.0234,0.7648,0.0,1800.0,0.0,6.2238
574.5,2026-06-05T19:16:39.437025+00:00,78.9009,0.099,96.4391,0.0565,0.7648,0.0,1800.0,0.0,6.2116
575.0,2026-06-05T19:16:39.942378+00:00,78.7387,0.0761,96.4532,0.1206,0.7648,0.0,1800.0,0.0,6.2057
575.5,2026-06-05T19:16:40.436635+00:00,78.6141,-0.0052,96.464,0.1313,0.7648,0.0,1800.0,0.0,6.254
576.0,2026-06-05T19:16:40.936624+00:00,78.7728,-0.004,96.588,0.2243,0.7648,0.0,1800.0,0.0,6.2775
576.5,2026-06-05T19:16:41.436605+00:00,78.7675,-0.0667,96.5677,0.1724,0.7648,0.0,1800.0,0.0,6.289
577.0,2026-06-05T19:16:41.937404+00:00,78.7635,0.0124,96.6677,0.1325,0.7648,0.0,1800.0,0.0,6.2947
577.5,2026-06-05T19:16:42.445859+00:00,78.8876,0.1368,96.6289,0.0633,0.7648,0.0,1800.0,0.0,6.2462
578.0,2026-06-05T19:16:42.937098+00:00,78.8558,0.0415,96.7148,0.0872,0.7648,0.0,1800.0,0.0,6.2737
578.5,2026-06-05T19:16:43.436772+00:00,78.704,-0.0317,96.7808,0.1056,0.7648,0.0,1800.0,0.0,6.2872
579.0,2026-06-05T19:16:43.936617+00:00,78.8419,0.0392,96.8315,0.0812,0.7648,0.0,1800.0,0.0,6.2937
579.5,2026-06-05T19:16:44.437139+00:00,78.6934,-0.0971,96.7548,0.0624,0.7648,0.0,1800.0,0.0,6.2969
580.0,2026-06-05T19:16:44.943059+00:00,78.5792,-0.1383,96.6727,0.0017,0.7648,0.0,1800.0,0.0,6.3497
580.5,2026-06-05T19:16:45.436637+00:00,78.6187,-0.0426,96.7484,0.0398,0.7648,0.0,1800.0,0.0,6.3755
581.0,2026-06-05T19:16:45.936615+00:00,78.7764,-0.0328,96.5752,-0.0465,0.7648,0.0,1800.0,0.0,6.388
581.5,2026-06-05T19:16:46.436604+00:00,78.643,-0.0252,96.5578,-0.0743,0.7648,0.0,1800.0,0.0,6.343
582.0,2026-06-05T19:16:46.936616+00:00,78.6678,0.0443,96.5445,-0.0957,0.7648,0.0,1800.0,0.0,6.321
582.5,2026-06-05T19:16:47.441370+00:00,78.8141,0.0977,96.5342,-0.0735,0.7648,0.0,1800.0,0.0,6.3102
583.0,2026-06-05T19:16:47.936624+00:00,78.7992,0.0114,96.642,-0.0102,0.7648,0.0,1800.0,0.0,6.3562
583.5,2026-06-05T19:16:48.436610+00:00,78.7878,0.0724,96.7248,-0.0079,0.7648,0.0,1800.0,0.0,6.3274
584.0,2026-06-05T19:16:48.936709+00:00,78.7791,0.0557,96.6728,0.0325,0.7648,0.0,1800.0,0.0,6.3134
584.5,2026-06-05T19:16:49.436786+00:00,78.5178,-0.1481,96.8642,0.1021,0.7648,0.0,1800.0,0.0,6.3065
585.0,2026-06-05T19:16:49.943272+00:00,78.4443,-0.1775,96.8956,0.1171,0.7648,0.0,1800.0,0.0,6.3032
585.5,2026-06-05T19:16:50.436790+00:00,78.515,-0.1364,97.0355,0.1671,0.7648,0.0,1800.0,0.0,6.3016
586.0,2026-06-05T19:16:50.936699+00:00,78.6967,-0.0412,96.9116,0.0899,0.7648,0.0,1800.0,0.0,6.3008
586.5,2026-06-05T19:16:51.436674+00:00,78.709,0.0956,96.932,0.0691,0.7648,0.0,1800.0,0.0,6.3004
587.0,2026-06-05T19:16:51.936799+00:00,78.7185,0.1371,96.8321,0.0531,0.7648,0.0,1800.0,0.0,6.3002
587.500357,2026-06-05T19:16:52.444481+00:00,78.5985,0.0417,96.8709,0.0022,0.7648,0.0,1800.0,0.0,6.3001
588.001336,2026-06-05T19:16:52.937998+00:00,78.6336,-0.0315,96.9008,0.0017,0.7648,0.0,1800.0,0.0,6.3
588.5,2026-06-05T19:16:53.436607+00:00,78.6605,-0.0242,96.9237,-0.0372,0.7648,0.0,1800.0,0.0,6.3
589.0,2026-06-05T19:16:53.936616+00:00,78.6812,-0.0186,97.0571,0.0485,0.7648,0.0,1800.0,0.0,6.3
589.5,2026-06-05T19:16:54.436656+00:00,78.8244,0.1129,97.0439,0.0373,0.7648,0.0,1800.0,0.0,6.3
590.0,2026-06-05T19:16:54.941105+00:00,78.6799,0.0232,97.1494,0.1058,0.7648,0.0,1800.0,0.0,6.3
590.5,2026-06-05T19:16:55.436597+00:00,78.6961,0.0178,96.9991,0.0427,0.7648,0.0,1800.0,0.0,6.3
591.0,2026-06-05T19:16:55.936710+00:00,78.7086,0.0137,96.9993,0.0329,0.7648,0.0,1800.0,0.0,6.3
591.5,2026-06-05T19:16:56.436628+00:00,78.7182,-0.0531,96.9995,0.0253,0.7648,0.0,1800.0,0.0,6.3
592.0,2026-06-05T19:16:56.936803+00:00,78.5983,-0.0408,96.9996,-0.0192,0.7648,0.0,1800.0,0.0,6.3
592.5,2026-06-05T19:16:57.441258+00:00,78.6334,-0.0314,96.884,-0.0533,0.7648,0.0,1800.0,0.0,6.3
593.0,2026-06-05T19:16:57.937157+00:00,78.5331,-0.0878,97.0265,-0.041,0.7648,0.0,1800.0,0.0,6.3
593.5,2026-06-05T19:16:58.436727+00:00,78.7106,-0.0038,96.9047,-0.0315,0.7648,0.0,1800.0,0.0,6.3
594.0,2026-06-05T19:16:58.936645+00:00,78.847,0.1243,96.9268,-0.0242,0.7648,0.0,1800.0,0.0,6.3
594.5,2026-06-05T19:16:59.436615+00:00,78.8245,0.0956,96.9437,-0.0186,0.7648,0.0,1800.0,0.0,6.3
595.0,2026-06-05T19:16:59.941136+00:00,78.8073,0.1371,96.841,-0.0529,0.7648,0.0,1800.0,0.0,6.3
595.500662,2026-06-05T19:17:00.437335+00:00,78.794,0.0417,96.8778,-0.0021,0.7648,0.0,1800.0,0.0,6.3
596.0,2026-06-05T19:17:00.936609+00:00,78.9111,0.0321,96.9061,-0.0402,0.7648,0.0,1800.0,0.0,6.3
596.5,2026-06-05T19:17:01.436625+00:00,79.0011,0.0883,96.8121,-0.0309,0.7648,0.0,1800.0,0.0,6.3
597.0,2026-06-05T19:17:01.936651+00:00,79.0703,0.1315,96.8556,-0.0237,0.7648,0.0,1800.0,0.0,6.3
597.5,2026-06-05T19:17:02.441928+00:00,78.8689,0.0374,96.7733,-0.0568,0.7648,0.0,1800.0,0.0,6.3
598.0,2026-06-05T19:17:02.936594+00:00,78.9686,0.0288,96.8258,-0.0051,0.7648,0.0,1800.0,0.0,6.3512
598.5,2026-06-05T19:17:03.436794+00:00,78.918,-0.0415,96.7504,-0.0425,0.7648,0.0,1800.0,0.0,6.325
599.0,2026-06-05T19:17:03.936626+00:00,78.7519,-0.1592,96.8081,-0.0326,0.7648,0.0,1800.0,0.0,6.3122
599.5,2026-06-05T19:17:04.436786+00:00,78.8787,0.0049,96.7368,-0.0251,0.7648,0.0,1800.0,0.0,6.306
600.0,2026-06-05T19:17:04.942036+00:00,78.9762,0.0038,96.9134,0.0193,0.7648,0.0,1800.0,0.0,6.3029
600.5,2026-06-05T19:17:05.436838+00:00,79.0511,0.0665,96.8178,0.0148,0.7648,0.0,1800.0,0.0,6.3014
601.0,2026-06-05T19:17:05.937044+00:00,78.9815,0.1148,96.8599,0.0114,0.7648,0.0,1800.0,0.0,6.3007
601.5,2026-06-05T19:17:06.436916+00:00,79.1824,0.1519,96.8923,0.0473,0.7648,0.0,1800.0,0.0,6.3003
602.0,2026-06-05T19:17:06.937065+00:00,79.0824,0.0531,96.8016,-0.0022,0.7648,0.0,1800.0,0.0,6.3002
602.5,2026-06-05T19:17:07.442926+00:00,79.26,0.1044,96.7318,-0.0017,0.7648,0.0,1800.0,0.0,6.2489
603.0,2026-06-05T19:17:07.936671+00:00,79.0147,0.0166,96.9095,-0.0013,0.7648,0.0,1622.97,-177.03,6.2751
603.5,2026-06-05T19:17:08.437083+00:00,78.9535,-0.1145,97.0462,0.0761,0.7648,0.0,1550.4054,-249.5946,6.2878
604.0,2026-06-05T19:17:08.936654+00:00,78.9064,-0.088,97.0124,0.0508,0.7648,0.0,1520.6612,-102.3088,6.2941
604.5,2026-06-05T19:17:09.437307+00:00,78.8702,-0.1949,97.0095,0.039,0.7648,0.0,1508.469,-41.9364,6.2971
605.0,2026-06-05T19:17:09.942416+00:00,78.5878,-0.2134,97.0999,0.0994,0.7561,-0.0087,1503.4714,-17.1897,6.2986
605.5,2026-06-05T19:17:10.436667+00:00,78.4981,-0.2277,97.1924,0.1536,0.7525,-0.0123,1501.4229,-7.0461,6.2481
606.0,2026-06-05T19:17:10.936714+00:00,78.3018,-0.3023,97.1479,0.0795,0.751,-0.005,1500.5833,-2.8882,6.2235
606.500548,2026-06-05T19:17:11.437262+00:00,78.151,-0.3596,97.1137,0.0225,0.7504,-0.0021,1500.2391,-1.1839,6.2115
607.0,2026-06-05T19:17:11.936690+00:00,78.1623,-0.2127,97.2031,0.0636,0.7502,-0.0008,1500.098,-0.4853,6.2056
607.5,2026-06-05T19:17:12.445038+00:00,78.1711,-0.1635,97.2718,0.0874,0.7501,-0.0003,1500.0402,-0.1989,6.2027
608.0,2026-06-05T19:17:12.936700+00:00,77.9232,-0.1893,97.2089,0.0363,0.75,-0.0001,1500.0165,-0.0815,6.2525
608.5,2026-06-05T19:17:13.436669+00:00,77.86,-0.1455,97.1606,-0.0106,0.75,-0.0001,1500.0067,-0.0334,6.2768
609.0,2026-06-05T19:17:13.937161+00:00,77.6841,-0.2391,97.1234,-0.0082,0.75,-0.0,1500.0028,-0.0137,6.2887
609.5,2026-06-05T19:17:14.436681+00:00,77.549,-0.311,97.0717,-0.014,0.75,-0.0,1500.0011,-0.0056,6.2945
610.0,2026-06-05T19:17:14.941211+00:00,77.5723,-0.1754,97.0551,-0.0493,0.75,-0.0,1500.0005,-0.0023,6.2973
610.5,2026-06-05T19:17:15.436830+00:00,77.5903,-0.1348,96.6953,-0.1922,0.75,-0.0,1500.0002,-0.0009,6.2987
611.0,2026-06-05T19:17:15.936685+00:00,77.6041,-0.04,96.6501,-0.1863,0.75,-0.0,1500.0001,-0.0004,6.2994
611.5,2026-06-05T19:17:16.436685+00:00,77.6147,0.0329,96.8468,-0.1046,0.75,-0.0,1500.0,-0.0002,6.2997
612.0,2026-06-05T19:17:16.936692+00:00,77.4956,-0.0384,96.8822,-0.0804,0.75,-0.0,1500.0,-0.0001,6.2998
612.5,2026-06-05T19:17:17.442581+00:00,77.2768,-0.1568,97.0252,-0.0155,0.75,-0.0,1500.0,-0.0,6.2999
613.0,2026-06-05T19:17:17.936687+00:00,77.3632,-0.1205,97.135,0.0266,0.75,-0.0,1500.0,-0.0,6.3
613.500941,2026-06-05T19:17:18.438076+00:00,77.4295,-0.0926,97.1038,0.1362,0.75,-0.0,1500.0,-0.0,6.3512
614.0,2026-06-05T19:17:18.937047+00:00,77.6078,0.0561,97.0798,0.1432,0.75,-0.0,1500.0,-0.0,6.325
614.5,2026-06-05T19:17:19.436684+00:00,77.6176,0.1704,96.9456,0.033,0.75,-0.0,1500.0,-0.0,6.3122
615.0,2026-06-05T19:17:19.943666+00:00,77.7524,0.1946,96.9582,0.0253,0.75,-0.0,1500.0,-0.0,6.3059
615.5,2026-06-05T19:17:20.436971+00:00,77.8559,0.2132,97.0836,0.0195,0.75,-0.0,1500.0,-0.0,6.3029
616.0,2026-06-05T19:17:20.936710+00:00,77.5537,-0.027,97.1799,0.015,0.75,-0.0,1500.0,-0.0,6.3014
616.5,2026-06-05T19:17:21.436834+00:00,77.4487,-0.0844,97.1383,0.0115,0.75,-0.0,1500.0,-0.0,6.3007
617.0,2026-06-05T19:17:21.936719+00:00,77.4953,-0.1285,97.3377,0.086,0.75,-0.0,1500.0,-0.0,6.3003
617.5,2026-06-05T19:17:22.442018+00:00,77.5311,-0.1624,97.1439,0.0661,0.75,-0.0,1500.0,-0.0,6.3002
618.0,2026-06-05T19:17:22.936774+00:00,77.5586,0.0024,96.9949,0.0122,0.75,-0.0,1500.0,-0.0,6.3001
618.5,2026-06-05T19:17:23.436692+00:00,77.5798,0.0655,96.9961,-0.0292,0.75,-0.0,1500.0,-0.0,6.3
619.0,2026-06-05T19:17:23.936695+00:00,77.4687,-0.0133,96.5342,-0.2153,0.75,-0.0,1500.0,-0.0,6.3
619.5,2026-06-05T19:17:24.436813+00:00,77.5107,-0.0102,96.2949,-0.2811,0.75,-0.0,1500.0,-0.0,6.3
620.0,2026-06-05T19:17:24.941317+00:00,77.5429,-0.0078,96.458,-0.2932,0.75,-0.0,1500.0,-0.0,6.3
620.5,2026-06-05T19:17:25.436822+00:00,77.4404,-0.0697,96.352,-0.2639,0.75,-0.0,1500.0,-0.0,6.3
621.0,2026-06-05T19:17:25.936857+00:00,77.6162,0.0737,96.6177,-0.1257,0.75,-0.0,1500.0,-0.0,6.3
621.5,2026-06-05T19:17:26.436788+00:00,77.7513,0.1203,96.7061,-0.0966,0.75,-0.0,1500.0,-0.0,6.3
622.0,2026-06-05T19:17:26.936661+00:00,77.4733,-0.0348,96.6584,0.0414,0.75,-0.0,1500.0,-0.0,6.3
622.5,2026-06-05T19:17:27.442298+00:00,77.5142,0.0369,96.7143,0.1398,0.75,-0.0,1500.0,-0.0,6.3
623.0,2026-06-05T19:17:27.936789+00:00,77.6729,0.0283,96.7804,0.1075,0.75,-0.0,1500.0,-0.0,6.3
623.5,2026-06-05T19:17:28.436679+00:00,77.9221,0.0854,96.5998,0.0826,0.75,-0.0,1500.0,0.0,6.3
624.0,2026-06-05T19:17:28.936721+00:00,77.8592,0.1929,96.6924,0.0249,0.75,0.0,1500.0,0.0,6.3
624.50081,2026-06-05T19:17:29.438317+00:00,77.6835,0.0846,96.6479,-0.0194,0.75,0.0,1500.0,0.0,6.3
625.0,2026-06-05T19:17:29.942604+00:00,77.5485,-0.0622,96.498,-0.0535,0.75,0.0,1500.0,0.0,6.3
625.5,2026-06-05T19:17:30.436875+00:00,77.4447,-0.2387,96.6142,-0.0334,0.75,0.0,1500.0,0.0,6.3
626.0,2026-06-05T19:17:30.937125+00:00,77.4922,-0.1835,96.5646,-0.0719,0.75,0.0,1500.0,0.0,6.3
626.5,2026-06-05T19:17:31.436702+00:00,77.656,-0.0138,96.6653,0.0218,0.75,0.0,1500.0,0.0,6.3
627.0,2026-06-05T19:17:31.936671+00:00,77.6546,0.0531,96.8585,0.0553,0.75,0.0,1500.0,0.0,6.3
627.5,2026-06-05T19:17:32.444092+00:00,77.7808,0.1681,96.8912,0.0811,0.75,0.0,1500.0,0.0,6.2488
628.0,2026-06-05T19:17:32.936721+00:00,77.7505,0.1292,96.8007,0.1009,0.75,0.0,1500.0,0.0,6.275
628.5,2026-06-05T19:17:33.436686+00:00,77.8545,0.0993,96.7311,0.039,0.75,0.0,1500.0,0.0,6.2366
629.001213,2026-06-05T19:17:33.938055+00:00,77.8072,0.0763,96.5388,-0.0086,0.75,0.0,1500.0,0.0,6.2179
629.5,2026-06-05T19:17:34.436896+00:00,77.7708,-0.005,96.5298,-0.0452,0.75,0.0,1500.0,0.0,6.2087
630.0,2026-06-05T19:17:34.941954+00:00,77.8701,0.0598,96.5229,-0.1119,0.75,0.0,1500.0,0.0,6.2043
630.50123,2026-06-05T19:17:35.438070+00:00,77.6919,-0.0813,96.5176,-0.1245,0.75,0.0,1500.0,0.0,6.2533
631.0,2026-06-05T19:17:35.936803+00:00,77.8095,0.0011,96.6292,-0.0572,0.75,0.0,1500.0,0.0,6.2772
631.5,2026-06-05T19:17:36.437062+00:00,77.6453,-0.0628,96.8307,0.0332,0.75,0.0,1500.0,0.0,6.2889
632.0,2026-06-05T19:17:36.936684+00:00,77.6464,-0.1119,96.7311,0.0641,0.75,0.0,1500.0,0.0,6.2434
632.5,2026-06-05T19:17:37.441448+00:00,77.6472,-0.0223,96.5619,0.0107,0.75,0.0,1500.0,0.0,6.2212
633.0,2026-06-05T19:17:37.936942+00:00,77.7751,-0.0172,96.779,0.0854,0.75,0.0,1500.0,0.0,6.2615
633.5,2026-06-05T19:17:38.437204+00:00,77.7462,0.0504,96.5987,0.027,0.75,0.0,1500.0,0.0,6.2812
634.0,2026-06-05T19:17:38.936720+00:00,77.7239,0.0388,96.6916,0.0208,0.75,0.0,1500.0,0.0,6.2908
634.5,2026-06-05T19:17:39.437061+00:00,77.7068,0.0298,96.7629,-0.0226,0.75,0.0,1500.0,0.0,6.2955
635.0,2026-06-05T19:17:39.942346+00:00,77.5664,-0.1044,96.7021,-0.0097,0.75,0.0,1500.0,0.0,6.2978
635.5,2026-06-05T19:17:40.436730+00:00,77.5857,-0.0802,96.771,0.0697,0.75,0.0,1500.0,0.0,6.3501
636.0,2026-06-05T19:17:40.937448+00:00,77.6006,-0.0617,96.7083,-0.0236,0.75,0.0,1500.0,0.0,6.3245
636.5,2026-06-05T19:17:41.436688+00:00,77.612,-0.0474,96.6601,0.0205,0.75,0.0,1500.0,0.0,6.3119
637.0,2026-06-05T19:17:41.936722+00:00,77.7481,0.0908,96.4842,-0.0691,0.75,0.0,1500.0,0.0,6.3058
637.5,2026-06-05T19:17:42.445738+00:00,77.5981,0.0062,96.4879,-0.0917,0.75,0.0,1500.0,0.0,6.3028
638.0,2026-06-05T19:17:42.936960+00:00,77.4829,-0.0589,96.2593,-0.1476,0.75,0.0,1500.0,0.0,6.3014
638.5,2026-06-05T19:17:43.436760+00:00,77.5215,-0.0453,96.3381,-0.1443,0.75,0.0,1500.0,0.0,6.3007
639.0,2026-06-05T19:17:43.936838+00:00,77.5513,-0.0984,96.4913,-0.0723,0.75,0.0,1500.0,0.0,6.3003
639.5,2026-06-05T19:17:44.436713+00:00,77.4468,-0.0756,96.3776,-0.0942,0.75,0.0,1500.0,0.0,6.3002
640.0,2026-06-05T19:17:44.944310+00:00,77.4939,0.0055,96.6373,0.051,0.75,0.0,1500.0,0.0,6.3001
640.5,2026-06-05T19:17:45.436967+00:00,77.6573,0.0679,96.7212,0.0778,0.75,0.0,1500.0,0.0,6.3
641.0,2026-06-05T19:17:45.936669+00:00,77.6556,0.0522,96.6469,0.1292,0.75,0.0,1500.0,0.0,6.3
641.5,2026-06-05T19:17:46.436663+00:00,77.6543,0.1037,96.8212,0.161,0.75,0.0,1500.0,0.0,6.3
642.00103,2026-06-05T19:17:46.937737+00:00,77.6533,0.0797,96.8626,0.1238,0.75,0.0,1500.0,0.0,6.3
642.5,2026-06-05T19:17:47.442666+00:00,77.6525,-0.0024,96.663,0.0951,0.75,0.0,1500.0,0.0,6.3
643.0,2026-06-05T19:17:47.936784+00:00,77.5247,-0.0654,96.741,0.0345,0.75,0.0,1500.0,0.0,6.3
643.5,2026-06-05T19:17:48.436750+00:00,77.4264,-0.1139,96.6621,-0.0197,0.75,0.0,1500.0,0.0,6.3512
644.0,2026-06-05T19:17:48.936668+00:00,77.4781,-0.0876,96.7403,0.0311,0.75,0.0,1500.0,0.0,6.3762
644.5,2026-06-05T19:17:49.436930+00:00,77.3906,-0.1309,96.9161,0.0316,0.75,0.0,1500.0,0.0,6.3884
645.0,2026-06-05T19:17:49.940912+00:00,77.4507,-0.037,96.9355,0.0243,0.75,0.0,1500.0,0.0,6.3943
645.500233,2026-06-05T19:17:50.437575+00:00,77.3695,-0.0284,96.9504,0.0958,0.75,0.0,1500.0,0.0,6.3972
646.0,2026-06-05T19:17:50.936706+00:00,77.3071,-0.0855,97.0776,0.1122,0.75,0.0,1500.0,0.0,6.3986
646.5,2026-06-05T19:17:51.436829+00:00,77.2592,-0.0657,97.1753,0.1711,0.75,0.0,1500.0,0.0,6.3993
647.0,2026-06-05T19:17:51.937181+00:00,77.3496,-0.0505,97.2505,0.1701,0.75,0.0,1500.0,0.0,6.3997
647.5,2026-06-05T19:17:52.440874+00:00,77.2919,-0.0388,97.1925,0.0921,0.75,0.0,1500.0,0.0,6.3486
648.0,2026-06-05T19:17:52.936674+00:00,77.2475,-0.0298,97.2637,0.1094,0.75,0.0,1500.0,0.0,6.3749
648.503259,2026-06-05T19:17:53.440351+00:00,77.3406,0.0407,97.0869,0.0455,0.75,0.0,1500.0,0.0,6.3366
649.0,2026-06-05T19:17:53.936691+00:00,77.2849,-0.0324,96.928,-0.0499,0.75,0.0,1500.0,0.0,6.3178
649.5,2026-06-05T19:17:54.436699+00:00,77.3694,0.0388,97.0604,-0.0383,0.75,0.0,1500.0,0.0,6.3087
650.000798,2026-06-05T19:17:54.945000+00:00,77.4343,0.0934,96.815,-0.1452,0.75,0.0,1500.0,0.0,6.3042
650.5,2026-06-05T19:17:55.436700+00:00,77.4842,0.0718,96.8578,-0.1116,0.75,0.0,1500.0,0.0,6.3021
651.0,2026-06-05T19:17:55.936813+00:00,77.6499,0.1825,96.8907,-0.1243,0.75,0.0,1500.0,0.0,6.301
651.502094,2026-06-05T19:17:56.438788+00:00,77.2681,-0.0507,96.8003,-0.0956,0.75,0.0,1500.0,0.0,6.3005
652.0,2026-06-05T19:17:56.936677+00:00,77.1019,-0.1662,96.8465,-0.0272,0.75,0.0,1500.0,0.0,6.3002
652.5,2026-06-05T19:17:57.443049+00:00,76.9742,-0.255,96.7663,-0.098,0.75,0.0,1500.0,0.0,6.2489
653.0,2026-06-05T19:17:57.936687+00:00,77.0033,-0.3233,96.7278,-0.029,0.75,0.0,1500.0,0.0,6.2751
653.5,2026-06-05T19:17:58.436686+00:00,77.153,-0.0576,96.7908,-0.0223,0.75,0.0,1500.0,0.0,6.2878
654.0,2026-06-05T19:17:58.937040+00:00,77.0134,-0.0442,96.7235,-0.0557,0.75,0.0,1500.0,0.0,6.2941
654.5,2026-06-05T19:17:59.436803+00:00,77.1607,0.0933,96.6718,-0.0428,0.75,0.0,1500.0,0.0,6.2971
655.0,2026-06-05T19:17:59.942371+00:00,77.1467,0.0717,96.9791,0.0442,0.75,0.0,1500.0,0.0,6.2986
655.5,2026-06-05T19:18:00.437056+00:00,77.2631,0.0551,96.984,0.0725,0.75,0.0,1500.0,0.0,6.2993
656.0,2026-06-05T19:18:00.936681+00:00,77.2254,0.106,96.8488,0.0403,0.75,0.0,1500.0,0.0,6.2997
656.5,2026-06-05T19:18:01.436978+00:00,77.3236,0.0815,96.8838,0.031,0.75,0.0,1500.0,0.0,6.2998
657.0,2026-06-05T19:18:01.936711+00:00,77.1446,-0.001,96.9107,0.0624,0.75,0.0,1500.0,0.0,6.2999
657.5,2026-06-05T19:18:02.443678+00:00,77.1343,-0.0644,96.7925,0.0402,0.75,0.0,1500.0,0.0,6.2488
658.0,2026-06-05T19:18:02.936940+00:00,77.2536,0.0141,96.8405,-0.0462,0.75,0.0,1500.0,0.0,6.275
658.5,2026-06-05T19:18:03.436803+00:00,77.3454,0.0109,96.7386,-0.0818,0.75,0.0,1500.0,0.0,6.2878
659.0,2026-06-05T19:18:03.936868+00:00,77.5431,0.1992,96.9148,0.022,0.75,0.0,1500.0,0.0,6.294
659.5,2026-06-05T19:18:04.436969+00:00,77.3133,0.0895,96.9345,0.0169,0.75,0.0,1500.0,0.0,6.2971
660.000901,2026-06-05T19:18:04.944758+00:00,77.264,0.0052,96.7183,-0.0641,0.75,0.0,1500.0,0.0,6.2986
660.5,2026-06-05T19:18:05.436703+00:00,77.3533,0.004,96.8992,0.0355,0.75,0.0,1500.0,0.0,6.2993
661.0,2026-06-05T19:18:05.937055+00:00,77.2947,-0.1242,96.9225,0.0273,0.75,0.0,1500.0,0.0,6.2997
661.5,2026-06-05T19:18:06.436726+00:00,77.3769,0.0318,96.709,-0.0099,0.75,0.0,1500.0,0.0,6.2998
662.0,2026-06-05T19:18:06.937160+00:00,77.1856,-0.0392,96.8921,-0.0076,0.75,0.0,1500.0,0.0,6.2999
662.501234,2026-06-05T19:18:07.447043+00:00,77.293,-0.0301,97.0327,0.0327,0.75,0.0,1500.0,0.0,6.3
663.0,2026-06-05T19:18:07.936670+00:00,77.3756,0.0405,97.1409,0.1409,0.75,0.0,1500.0,0.0,6.3
663.5,2026-06-05T19:18:08.436902+00:00,77.1846,-0.0962,97.1083,0.0697,0.75,0.0,1500.0,0.0,6.3
664.00105,2026-06-05T19:18:08.937799+00:00,77.165,-0.0103,97.0832,0.0536,0.75,0.0,1500.0,0.0,6.3
664.5,2026-06-05T19:18:09.436684+00:00,77.2772,-0.0079,97.064,0.1183,0.75,0.0,1500.0,0.0,6.3
665.0,2026-06-05T19:18:09.942362+00:00,77.2362,-0.0697,96.9335,0.0138,0.75,0.0,1500.0,0.0,6.3
665.5,2026-06-05T19:18:10.436714+00:00,77.4592,0.1373,96.9489,-0.028,0.75,0.0,1500.0,0.0,6.3
666.0,2026-06-05T19:18:10.936911+00:00,77.6307,0.2328,96.9607,-0.0601,0.75,0.0,1500.0,0.0,6.3
666.5,2026-06-05T19:18:11.436910+00:00,77.5079,0.1153,96.9698,-0.0462,0.75,0.0,1500.0,0.0,6.3
667.0,2026-06-05T19:18:11.936665+00:00,77.4135,0.0886,96.9536,-0.0432,0.75,0.0,1500.0,0.0,6.3
667.5,2026-06-05T19:18:12.442122+00:00,77.4682,0.0045,97.0801,0.0054,0.75,0.0,1500.0,0.0,6.3
668.001224,2026-06-05T19:18:12.937990+00:00,77.383,-0.1238,96.9458,0.0041,0.75,0.0,1500.0,0.0,6.3
668.5,2026-06-05T19:18:13.436690+00:00,77.063,-0.2224,96.8658,-0.0277,0.75,0.0,1500.0,0.0,6.3
669.0,2026-06-05T19:18:13.936846+00:00,76.9443,-0.2346,96.8969,-0.0213,0.75,0.0,1500.0,0.0,6.3
669.5,2026-06-05T19:18:14.436689+00:00,76.9803,-0.244,96.805,-0.0549,0.75,0.0,1500.0,0.0,6.3
670.0,2026-06-05T19:18:14.943658+00:00,77.008,-0.1875,96.827,-0.0422,0.75,0.0,1500.0,0.0,6.3
670.5,2026-06-05T19:18:15.436983+00:00,77.1566,0.0468,96.9827,-0.0324,0.75,0.0,1500.0,0.0,6.3
671.0,2026-06-05T19:18:15.936734+00:00,77.2707,0.1632,96.9867,0.0136,0.75,0.0,1500.0,0.0,6.3
671.5,2026-06-05T19:18:16.436698+00:00,77.2312,0.1255,96.9898,0.0413,0.75,0.0,1500.0,0.0,6.3
672.0,2026-06-05T19:18:16.936958+00:00,77.3281,0.1601,96.9922,0.0318,0.75,0.0,1500.0,0.0,6.3
672.5,2026-06-05T19:18:17.441261+00:00,77.2753,0.0594,96.994,0.063,0.75,0.0,1500.0,0.0,6.3
673.0,2026-06-05T19:18:17.936916+00:00,77.4893,0.1093,96.8565,0.0098,0.75,0.0,1500.0,0.0,6.3
673.5,2026-06-05T19:18:18.436749+00:00,77.3992,0.084,97.0054,0.0076,0.75,0.0,1500.0,0.0,6.3
674.0,2026-06-05T19:18:18.936683+00:00,77.4573,0.0646,97.1199,0.0444,0.75,0.0,1500.0,0.0,6.3
674.5,2026-06-05T19:18:19.436849+00:00,77.3746,0.0496,97.0921,0.0341,0.75,0.0,1500.0,0.0,6.3
675.0,2026-06-05T19:18:19.943093+00:00,77.1838,-0.1528,96.8626,-0.0432,0.75,0.0,1500.0,0.0,6.3
675.5,2026-06-05T19:18:20.436664+00:00,77.2917,-0.0538,96.8944,-0.0332,0.75,0.0,1500.0,0.0,6.3
676.0,2026-06-05T19:18:20.937152+00:00,77.2473,-0.105,96.9188,0.0208,0.75,0.0,1500.0,0.0,6.3
676.500001,2026-06-05T19:18:21.437101+00:00,77.3405,-0.017,96.845,-0.0535,0.75,0.0,1500.0,0.0,6.3
677.0,2026-06-05T19:18:21.936681+00:00,77.2848,0.0505,96.8809,-0.0797,0.75,0.0,1500.0,0.0,6.3
677.5,2026-06-05T19:18:22.446372+00:00,77.3693,0.0388,96.9085,-0.0612,0.75,0.0,1500.0,0.0,6.3
678.0,2026-06-05T19:18:22.936685+00:00,77.307,0.0299,96.9296,0.0224,0.75,0.0,1500.0,0.0,6.3
678.5,2026-06-05T19:18:23.437012+00:00,77.1318,-0.1043,96.9459,0.0172,0.75,0.0,1500.0,0.0,6.3
679.0,2026-06-05T19:18:23.936709+00:00,77.1245,-0.0802,96.9584,0.0132,0.75,0.0,1500.0,0.0,6.3
679.5,2026-06-05T19:18:24.436876+00:00,77.1188,-0.1253,96.9681,0.041,0.75,0.0,1500.0,0.0,6.3
680.0,2026-06-05T19:18:25.045743+00:00,77.1145,-0.0963,97.0911,0.0701,0.75,0.0,1500.0,0.0,6.3
680.5,2026-06-05T19:18:25.436670+00:00,77.1111,-0.0104,96.9775,0.023,0.75,0.0,1500.0,0.0,6.3
681.0,2026-06-05T19:18:25.936761+00:00,77.1085,-0.008,97.2141,0.0948,0.75,0.0,1500.0,0.0,6.3
681.5,2026-06-05T19:18:26.437081+00:00,77.2338,0.0575,97.2803,0.1114,0.75,0.0,1500.0,0.0,6.3
682.0,2026-06-05T19:18:26.936666+00:00,77.0756,-0.0194,97.0766,0.0394,0.75,0.0,1500.0,0.0,6.3
682.5,2026-06-05T19:18:27.447387+00:00,77.0812,-0.0149,97.0588,0.0303,0.75,0.0,1500.0,0.0,6.2488
683.0,2026-06-05T19:18:27.936686+00:00,77.0856,-0.0115,97.0452,-0.0153,0.75,0.0,1500.0,0.0,6.275
683.5,2026-06-05T19:18:28.436709+00:00,77.2162,-0.0088,96.8959,-0.0272,0.75,0.0,1500.0,0.0,6.2878
684.0,2026-06-05T19:18:28.937205+00:00,77.3166,0.1205,96.92,-0.098,0.75,0.0,1500.0,0.0,6.294
684.5,2026-06-05T19:18:29.436655+00:00,77.3937,0.1562,96.9385,-0.1139,0.75,0.0,1500.0,0.0,6.2971
685.0,2026-06-05T19:18:29.941290+00:00,77.1985,0.0565,97.0684,-0.0027,0.75,0.0,1500.0,0.0,6.2986
685.5,2026-06-05T19:18:30.437067+00:00,77.1757,-0.0202,96.9369,-0.0406,0.75,0.0,1500.0,0.0,6.2993
686.0,2026-06-05T19:18:30.936723+00:00,77.1582,-0.0792,96.8358,-0.0698,0.75,0.0,1500.0,0.0,6.2997
686.5,2026-06-05T19:18:31.437190+00:00,77.1447,-0.1245,96.9895,0.0312,0.75,0.0,1500.0,0.0,6.2998
687.0,2026-06-05T19:18:31.936707+00:00,77.2616,0.0316,96.9919,0.024,0.75,0.0,1500.0,0.0,6.2999
687.5,2026-06-05T19:18:32.441037+00:00,77.2242,0.0243,96.9938,0.0184,0.75,0.0,1500.0,0.0,6.3
688.0,2026-06-05T19:18:32.936692+00:00,77.1955,0.0187,96.8795,-0.063,0.75,0.0,1500.0,0.0,6.3
688.5,2026-06-05T19:18:33.436743+00:00,77.3007,0.078,96.5372,-0.1332,0.75,0.0,1500.0,0.0,6.3
689.000001,2026-06-05T19:18:33.936801+00:00,77.127,-0.0673,96.6443,-0.0638,0.75,0.0,1500.0,0.0,6.3
689.5,2026-06-05T19:18:34.436803+00:00,77.1207,-0.0518,96.7034,-0.0954,0.75,0.0,1500.0,0.0,6.3
690.0,2026-06-05T19:18:34.944122+00:00,77.2432,0.0239,96.3093,-0.2276,0.75,0.0,1500.0,0.0,6.3
690.5,2026-06-05T19:18:35.436806+00:00,77.0828,-0.1089,96.3534,-0.2135,0.75,0.0,1500.0,0.0,6.3
691.0,2026-06-05T19:18:35.936892+00:00,77.0868,-0.0201,96.2485,-0.2103,0.75,0.0,1500.0,0.0,6.3
691.5,2026-06-05T19:18:36.436702+00:00,76.9626,-0.0791,96.2835,-0.0845,0.75,0.0,1500.0,0.0,6.3
692.0,2026-06-05T19:18:36.936819+00:00,77.1216,-0.0608,96.4493,-0.065,0.75,0.0,1500.0,0.0,6.3
692.5,2026-06-05T19:18:37.544276+00:00,77.1166,0.0169,96.5768,-0.0422,0.75,0.0,1500.0,0.0,6.3
693.0,2026-06-05T19:18:37.936698+00:00,77.1128,0.013,96.559,0.0832,0.75,0.0,1500.0,0.0,6.3
693.5,2026-06-05T19:18:38.436816+00:00,77.1098,0.0736,96.7767,0.1411,0.75,0.0,1500.0,0.0,6.3
694.0,2026-06-05T19:18:38.936683+00:00,77.1076,-0.007,96.8053,0.1856,0.75,0.0,1500.0,0.0,6.3
694.5,2026-06-05T19:18:39.436703+00:00,77.1058,-0.0054,96.5958,0.1041,0.75,0.0,1500.0,0.0,6.3
695.0,2026-06-05T19:18:39.941613+00:00,77.1045,-0.0042,96.5736,0.0414,0.75,0.0,1500.0,0.0,6.3
695.5,2026-06-05T19:18:40.436679+00:00,77.1034,-0.0032,96.4409,-0.0453,0.75,0.0,1500.0,0.0,6.3
696.0,2026-06-05T19:18:40.936676+00:00,77.2299,0.0612,96.5703,0.0038,0.75,0.0,1500.0,0.0,6.3
696.5,2026-06-05T19:18:41.436676+00:00,77.1998,0.047,96.6697,-0.0357,0.75,0.0,1500.0,0.0,6.3
697.0,2026-06-05T19:18:41.937009+00:00,77.4313,0.1634,96.6304,-0.0583,0.75,0.0,1500.0,0.0,6.3
697.5,2026-06-05T19:18:42.445403+00:00,77.4819,0.1892,96.4614,-0.0448,0.75,0.0,1500.0,0.0,6.3
698.0,2026-06-05T19:18:42.936660+00:00,77.5208,0.1454,96.4703,-0.0344,0.75,0.0,1500.0,0.0,6.3
698.5,2026-06-05T19:18:43.436902+00:00,77.4234,0.1118,96.4541,0.0044,0.75,0.0,1500.0,0.0,6.3
699.0,2026-06-05T19:18:43.936671+00:00,77.4759,0.0223,96.4647,-0.0352,0.75,0.0,1500.0,0.0,6.3
699.5,2026-06-05T19:18:44.436656+00:00,77.2616,-0.1101,96.3572,-0.1042,0.75,0.0,1500.0,0.0,6.3
700.0,2026-06-05T19:18:44.941435+00:00,77.2242,-0.1483,96.2745,-0.1186,0.75,0.0,1500.0,0.0,6.3
700.5,2026-06-05T19:18:45.436749+00:00,77.0682,-0.1776,96.211,-0.0835,0.75,0.0,1500.0,0.0,6.3
701.0,2026-06-05T19:18:45.936953+00:00,77.0756,-0.2001,96.139,-0.1104,0.75,0.0,1500.0,0.0,6.3
701.5,2026-06-05T19:18:46.436693+00:00,77.0812,-0.0902,96.1994,-0.0849,0.75,0.0,1500.0,0.0,6.3
702.000852,2026-06-05T19:18:46.937578+00:00,76.9583,-0.133,96.0376,-0.1424,0.75,0.0,1500.0,0.0,6.3
702.5,2026-06-05T19:18:47.443777+00:00,76.9911,-0.0386,96.052,-0.1017,0.75,0.0,1500.0,0.0,6.2488
703.0,2026-06-05T19:18:47.936928+00:00,77.0163,-0.0296,96.3871,0.0375,0.75,0.0,1500.0,0.0,6.275
703.5,2026-06-05T19:18:48.436675+00:00,77.0357,-0.0228,96.2744,0.0211,0.75,0.0,1500.0,0.0,6.2878
704.0,2026-06-05T19:18:48.936679+00:00,77.0505,0.0461,96.234,0.0317,0.75,0.0,1500.0,0.0,6.294
704.5,2026-06-05T19:18:49.436818+00:00,77.062,0.0355,96.4113,0.0706,0.75,0.0,1500.0,0.0,6.2971
705.001006,2026-06-05T19:18:49.943454+00:00,77.0708,0.0272,96.4318,0.1314,0.75,0.0,1500.0,0.0,6.2986
705.5,2026-06-05T19:18:50.436905+00:00,77.0775,0.0209,96.3319,0.0933,0.75,0.0,1500.0,0.0,6.2993
706.0,2026-06-05T19:18:50.936903+00:00,77.0827,0.0161,96.4865,0.0331,0.75,0.0,1500.0,0.0,6.2997
706.5,2026-06-05T19:18:51.436691+00:00,77.0867,0.0124,96.6053,0.1103,0.75,0.0,1500.0,0.0,6.2998
707.0,2026-06-05T19:18:51.936668+00:00,77.0898,0.0095,96.6966,0.1542,0.75,0.0,1500.0,0.0,6.2999
707.5,2026-06-05T19:18:52.442089+00:00,77.2194,0.0709,96.8594,0.1494,0.75,0.0,1500.0,0.0,6.3
708.0,2026-06-05T19:18:52.936686+00:00,77.0645,-0.0091,96.7762,0.1148,0.75,0.0,1500.0,0.0,6.3
708.5,2026-06-05T19:18:53.436685+00:00,77.0727,-0.007,96.9437,0.2039,0.75,0.0,1500.0,0.0,6.3
709.0,2026-06-05T19:18:53.936942+00:00,76.9518,-0.069,96.9567,0.1568,0.75,0.0,1500.0,0.0,6.3
709.5,2026-06-05T19:18:54.436664+00:00,76.8588,-0.1803,97.0824,0.159,0.75,0.0,1500.0,0.0,6.3
710.0,2026-06-05T19:18:54.941779+00:00,77.0419,-0.0113,97.0634,0.1222,0.75,0.0,1500.0,0.0,6.3
710.501211,2026-06-05T19:18:55.438069+00:00,77.0553,-0.0087,96.933,0.0245,0.75,0.0,1500.0,0.0,6.3
711.0,2026-06-05T19:18:55.936681+00:00,77.0657,0.0569,96.9485,0.0574,0.75,0.0,1500.0,0.0,6.3
711.5,2026-06-05T19:18:56.436770+00:00,77.2009,0.171,96.9604,0.0056,0.75,0.0,1500.0,0.0,6.3
712.0,2026-06-05T19:18:56.936694+00:00,77.1775,0.0678,96.9696,0.0043,0.75,0.0,1500.0,0.0,6.3
712.5,2026-06-05T19:18:57.441457+00:00,77.2869,0.1158,97.0923,0.0033,0.75,0.0,1500.0,0.0,6.3
713.0,2026-06-05T19:18:57.936678+00:00,77.2436,0.089,97.071,0.0025,0.75,0.0,1500.0,0.0,6.3
713.5,2026-06-05T19:18:58.436660+00:00,77.0831,-0.0589,96.9157,-0.0058,0.75,0.0,1500.0,0.0,6.3
714.0,2026-06-05T19:18:58.936741+00:00,77.2143,0.0184,96.8195,-0.043,0.75,0.0,1500.0,0.0,6.3
714.5,2026-06-05T19:18:59.436815+00:00,77.1878,-0.0495,96.8613,-0.0331,0.75,0.0,1500.0,0.0,6.3
715.0,2026-06-05T19:18:59.942096+00:00,77.1675,-0.0381,96.7777,-0.064,0.75,0.0,1500.0,0.0,6.3
715.5,2026-06-05T19:19:00.436690+00:00,77.0246,-0.0292,96.8291,-0.0877,0.75,0.0,1500.0,0.0,6.3
716.0,2026-06-05T19:19:00.937002+00:00,76.9148,-0.1497,96.8687,-0.0674,0.75,0.0,1500.0,0.0,6.3
716.5,2026-06-05T19:19:01.436775+00:00,77.0849,-0.0515,96.8991,-0.0055,0.75,0.0,1500.0,0.0,6.3
717.0,2026-06-05T19:19:01.936677+00:00,77.2157,0.0241,97.0381,0.0729,0.75,0.0,1500.0,0.0,6.3
717.5,2026-06-05T19:19:02.444430+00:00,77.0616,0.0185,97.0293,0.056,0.75,0.0,1500.0,0.0,6.3
718.0,2026-06-05T19:19:02.936682+00:00,77.0705,0.0779,97.0225,0.0816,0.75,0.0,1500.0,0.0,6.3512
718.5,2026-06-05T19:19:03.436746+00:00,77.0773,-0.0038,97.0173,0.0627,0.75,0.0,1500.0,0.0,6.325
719.0,2026-06-05T19:19:03.936668+00:00,77.0826,-0.0665,96.8976,0.0096,0.75,0.0,1500.0,0.0,6.3122
719.5,2026-06-05T19:19:04.436838+00:00,77.0866,0.0125,96.9213,0.0074,0.75,0.0,1500.0,0.0,6.306
720.0,2026-06-05T19:19:04.946247+00:00,77.0897,0.0096,96.9395,-0.0329,0.75,0.0,1500.0,0.0,6.3029
720.5,2026-06-05T19:19:05.436701+00:00,76.9648,-0.0563,96.9535,-0.0253,0.75,0.0,1500.0,0.0,6.3014
721.0,2026-06-05T19:19:05.936681+00:00,76.8688,-0.1069,96.9643,-0.0194,0.75,0.0,1500.0,0.0,6.3007
721.5,2026-06-05T19:19:06.436827+00:00,76.9223,-0.0821,97.0882,0.0236,0.75,0.0,1500.0,0.0,6.3003
722.0,2026-06-05T19:19:06.936702+00:00,76.9634,-0.0631,97.2992,0.1339,0.75,0.0,1500.0,0.0,6.3002
722.5,2026-06-05T19:19:07.443329+00:00,77.1223,0.0787,97.3457,0.1415,0.75,0.0,1500.0,0.0,6.3001
723.0,2026-06-05T19:19:07.936670+00:00,77.1171,0.1242,97.0343,0.0316,0.75,0.0,1500.0,0.0,6.3
723.5,2026-06-05T19:19:08.436671+00:00,77.1132,0.0954,97.1421,0.0628,0.75,0.0,1500.0,0.0,6.3
724.0,2026-06-05T19:19:08.936836+00:00,77.1101,0.0733,97.2249,0.0869,0.75,0.0,1500.0,0.0,6.3
724.5,2026-06-05T19:19:09.436678+00:00,77.1078,-0.0073,97.0571,-0.0104,0.75,0.0,1500.0,0.0,6.2488
725.0,2026-06-05T19:19:09.946571+00:00,77.106,-0.0056,97.0439,-0.0851,0.75,0.0,1500.0,0.0,6.275
725.5,2026-06-05T19:19:10.437760+00:00,76.9773,-0.0679,96.9181,-0.1425,0.75,0.0,1500.0,0.0,6.339
726.0,2026-06-05T19:19:10.936686+00:00,77.0057,-0.0522,96.8213,-0.071,0.75,0.0,1500.0,0.0,6.3702
726.5,2026-06-05T19:19:11.437001+00:00,77.0275,-0.0401,96.8627,-0.0931,0.75,0.0,1500.0,0.0,6.3855
727.0,2026-06-05T19:19:11.936714+00:00,77.0443,-0.0308,97.0101,-0.0716,0.75,0.0,1500.0,0.0,6.3929
727.5,2026-06-05T19:19:12.443952+00:00,77.0572,0.0399,96.8921,-0.055,0.75,0.0,1500.0,0.0,6.3965
728.0,2026-06-05T19:19:12.936820+00:00,77.1944,0.0943,97.0096,-0.0114,0.75,0.0,1500.0,0.0,6.3983
728.5,2026-06-05T19:19:13.436803+00:00,77.2998,0.1361,96.776,-0.0474,0.75,0.0,1500.0,0.0,6.3992
729.0,2026-06-05T19:19:13.936852+00:00,77.2536,0.1046,97.0592,0.0793,0.75,0.0,1500.0,0.0,6.3996
729.5,2026-06-05T19:19:14.436750+00:00,77.3453,0.1441,97.2769,0.1381,0.75,0.0,1500.0,0.0,6.3998
730.0,2026-06-05T19:19:14.942455+00:00,77.1613,-0.0165,97.0971,0.029,0.75,0.0,1500.0,0.0,6.3999
730.5,2026-06-05T19:19:15.436734+00:00,77.2744,-0.0127,97.0747,0.0609,0.75,0.0,1500.0,0.0,6.4
731.0,2026-06-05T19:19:15.937182+00:00,77.234,-0.0098,97.0574,0.0159,0.75,0.0,1500.0,0.0,6.4
731.5,2026-06-05T19:19:16.436696+00:00,77.203,-0.0711,97.0441,0.0894,0.75,0.0,1500.0,0.0,6.4
732.0,2026-06-05T19:19:16.936947+00:00,77.1792,0.0089,96.8025,-0.0856,0.75,0.0,1500.0,0.0,6.3488
732.503479,2026-06-05T19:19:17.447588+00:00,77.0336,-0.1204,96.7325,-0.1815,0.75,0.0,1500.0,0.0,6.3238
733.0,2026-06-05T19:19:17.936686+00:00,77.0489,-0.0925,96.6556,-0.1472,0.75,0.0,1500.0,0.0,6.3116
733.5,2026-06-05T19:19:18.436680+00:00,77.0608,-0.0711,96.6196,-0.1517,0.75,0.0,1500.0,0.0,6.3057
734.0,2026-06-05T19:19:18.937059+00:00,77.1971,0.009,96.5919,-0.1552,0.75,0.0,1500.0,0.0,6.3028
734.5,2026-06-05T19:19:19.436674+00:00,77.0474,0.0069,96.4549,-0.1964,0.75,0.0,1500.0,0.0,6.3014
735.0,2026-06-05T19:19:19.942341+00:00,76.9323,-0.0583,96.3497,-0.1509,0.75,0.0,1500.0,0.0,6.3007
735.5,2026-06-05T19:19:20.436810+00:00,76.9711,-0.0448,96.2456,-0.1623,0.75,0.0,1500.0,0.0,6.3515
736.0,2026-06-05T19:19:20.936719+00:00,76.8736,-0.1617,96.4202,-0.0785,0.75,0.0,1500.0,0.0,6.3763
736.5,2026-06-05T19:19:21.436690+00:00,76.7988,-0.1243,96.4155,-0.068,0.75,0.0,1500.0,0.0,6.3373
737.0,2026-06-05T19:19:21.936860+00:00,76.8685,-0.0319,96.4351,-0.0523,0.75,0.0,1500.0,0.0,6.3182
737.5,2026-06-05T19:19:22.444047+00:00,76.922,-0.0245,96.3344,-0.0402,0.75,0.0,1500.0,0.0,6.3089
738.0,2026-06-05T19:19:22.936747+00:00,76.836,-0.0188,96.4884,0.0462,0.75,0.0,1500.0,0.0,6.3043
738.5,2026-06-05T19:19:23.436881+00:00,76.7698,-0.0145,96.6068,0.1204,0.75,0.0,1500.0,0.0,6.3021
739.0,2026-06-05T19:19:23.936717+00:00,77.1007,0.1161,96.5821,0.054,0.75,0.0,1500.0,0.0,6.301
739.5,2026-06-05T19:19:24.437062+00:00,77.1006,0.0893,96.6788,0.0878,0.75,0.0,1500.0,0.0,6.3005
740.0,2026-06-05T19:19:24.944304+00:00,77.1004,0.1322,96.73,0.0983,0.75,0.0,1500.0,0.0,6.3002
740.5,2026-06-05T19:19:25.436688+00:00,77.1003,0.1653,96.6768,0.1141,0.75,0.0,1500.0,0.0,6.3001
741.0,2026-06-05T19:19:25.936689+00:00,76.973,-0.0639,96.4045,-0.028,0.75,0.0,1500.0,0.0,6.3001
741.5,2026-06-05T19:19:26.436760+00:00,77.0024,-0.0491,96.3109,-0.0986,0.75,0.0,1500.0,0.0,6.3
742.0,2026-06-05T19:19:26.936686+00:00,76.7704,-0.165,96.3546,-0.0758,0.75,0.0,1500.0,0.0,6.3
742.5,2026-06-05T19:19:27.543704+00:00,76.8467,-0.1268,96.3651,-0.1046,0.75,0.0,1500.0,0.0,6.3
743.0,2026-06-05T19:19:27.936703+00:00,76.9053,-0.0338,96.512,-0.0726,0.75,0.0,1500.0,0.0,6.3
743.5,2026-06-05T19:19:28.436675+00:00,76.9504,-0.026,96.625,-0.0173,0.75,0.0,1500.0,0.0,6.3
744.0,2026-06-05T19:19:28.936712+00:00,76.985,0.1073,96.7117,0.1024,0.75,0.0,1500.0,0.0,6.3
744.5,2026-06-05T19:19:29.436677+00:00,77.0116,0.0825,96.6627,0.1173,0.75,0.0,1500.0,0.0,6.2488
745.0,2026-06-05T19:19:29.946523+00:00,76.7775,-0.0639,96.7408,0.1287,0.75,0.0,1500.0,0.0,6.2238
745.5,2026-06-05T19:19:30.436825+00:00,76.7249,-0.1127,96.9165,0.1838,0.75,0.0,1500.0,0.0,6.2628
746.0,2026-06-05T19:19:30.936715+00:00,76.8117,-0.0867,96.9358,0.1413,0.75,0.0,1500.0,0.0,6.2819
746.5,2026-06-05T19:19:31.437050+00:00,76.7511,-0.1302,97.0664,0.1471,0.75,0.0,1500.0,0.0,6.2911
747.00098,2026-06-05T19:19:31.937749+00:00,76.5773,-0.1001,97.1667,0.1517,0.75,0.0,1500.0,0.0,6.2957
747.5,2026-06-05T19:19:32.442337+00:00,76.6983,-0.0133,96.9893,0.1088,0.75,0.0,1500.0,0.0,6.2467
748.0,2026-06-05T19:19:32.936667+00:00,76.9185,0.0534,96.8761,0.0451,0.75,0.0,1500.0,0.0,6.274
748.5,2026-06-05T19:19:33.436710+00:00,76.9605,0.1047,96.6733,-0.081,0.75,0.0,1500.0,0.0,6.2873
749.0,2026-06-05T19:19:33.936701+00:00,76.9928,0.2077,96.8646,-0.0237,0.75,0.0,1500.0,0.0,6.2938
749.5,2026-06-05T19:19:34.436686+00:00,77.0176,0.1597,96.7571,-0.1031,0.75,0.0,1500.0,0.0,6.2458
750.0,2026-06-05T19:19:34.945373+00:00,77.0367,0.0591,96.6976,-0.1564,0.75,0.0,1500.0,0.0,6.2223
750.5,2026-06-05T19:19:35.436689+00:00,76.924,-0.0182,96.7676,-0.0739,0.75,0.0,1500.0,0.0,6.2621
751.0,2026-06-05T19:19:35.936910+00:00,76.9648,-0.014,96.7057,-0.0568,0.75,0.0,1500.0,0.0,6.2815
751.5,2026-06-05T19:19:36.436698+00:00,76.9961,-0.0108,96.6812,0.0026,0.75,0.0,1500.0,0.0,6.291
752.0,2026-06-05T19:19:36.936751+00:00,77.1474,0.0554,96.755,-0.0365,0.75,0.0,1500.0,0.0,6.2956
752.5,2026-06-05T19:19:37.443129+00:00,77.1364,0.1062,96.8117,0.0182,0.75,0.0,1500.0,0.0,6.2467
753.000129,2026-06-05T19:19:37.936817+00:00,77.0007,0.018,96.6239,-0.0246,0.75,0.0,1500.0,0.0,6.274
753.5,2026-06-05T19:19:38.436895+00:00,76.8964,-0.0498,96.7109,-0.0189,0.75,0.0,1500.0,0.0,6.2361
754.0,2026-06-05T19:19:38.937206+00:00,76.9435,-0.1019,96.7778,0.024,0.75,0.0,1500.0,0.0,6.2176
754.5,2026-06-05T19:19:39.436726+00:00,76.9797,-0.0783,96.8292,0.0493,0.75,0.0,1500.0,0.0,6.2086
755.0,2026-06-05T19:19:39.941282+00:00,76.8803,-0.0602,96.8687,0.0379,0.75,0.0,1500.0,0.0,6.2042
755.5,2026-06-05T19:19:40.437086+00:00,76.9311,0.0174,96.6677,-0.048,0.75,0.0,1500.0,0.0,6.2532
756.0,2026-06-05T19:19:40.937097+00:00,76.7157,-0.1139,96.6289,0.0017,0.75,0.0,1500.0,0.0,6.2772
756.5,2026-06-05T19:19:41.436744+00:00,76.6773,-0.1512,96.4834,-0.0758,0.75,0.0,1500.0,0.0,6.2889
757.0,2026-06-05T19:19:41.936678+00:00,76.9024,0.0111,96.3715,-0.1354,0.75,0.0,1500.0,0.0,6.2946
757.5,2026-06-05T19:19:42.443102+00:00,76.9481,0.0085,96.4013,-0.1427,0.75,0.0,1500.0,0.0,6.2973
758.0,2026-06-05T19:19:42.936690+00:00,76.856,0.0702,96.6324,-0.0788,0.75,0.0,1500.0,0.0,6.2987
758.5,2026-06-05T19:19:43.436682+00:00,76.9125,0.1176,96.8331,0.0551,0.75,0.0,1500.0,0.0,6.2994
759.0,2026-06-05T19:19:43.936659+00:00,76.8286,-0.0369,96.7792,0.0501,0.75,0.0,1500.0,0.0,6.2997
759.5,2026-06-05T19:19:44.436692+00:00,76.8914,-0.0284,96.946,0.1542,0.75,0.0,1500.0,0.0,6.2998
760.000945,2026-06-05T19:19:44.947198+00:00,76.9397,0.0418,96.9585,0.1957,0.75,0.0,1500.0,0.0,6.2999
760.5,2026-06-05T19:19:45.436682+00:00,77.104,0.0958,97.0838,0.2275,0.75,0.0,1500.0,0.0,6.3
761.0,2026-06-05T19:19:45.936733+00:00,77.2304,0.2009,97.0644,0.144,0.75,0.0,1500.0,0.0,6.3512
761.5,2026-06-05T19:19:46.436688+00:00,76.9457,0.0271,97.0495,0.0721,0.75,0.0,1500.0,0.0,6.3762
762.0,2026-06-05T19:19:46.936844+00:00,76.8541,-0.0428,96.9223,0.0477,0.75,0.0,1500.0,0.0,6.3884
762.5,2026-06-05T19:19:47.441911+00:00,76.911,-0.0965,96.9403,-0.0019,0.75,0.0,1500.0,0.0,6.3431
763.0,2026-06-05T19:19:47.936686+00:00,76.8275,-0.2015,96.9541,-0.0015,0.75,0.0,1500.0,0.0,6.3722
763.5,2026-06-05T19:19:48.436726+00:00,76.8905,-0.0276,96.9647,-0.0397,0.75,0.0,1500.0,0.0,6.3865
764.0,2026-06-05T19:19:48.936735+00:00,76.939,0.0424,96.7415,-0.1076,0.75,0.0,1500.0,0.0,6.3934
764.5,2026-06-05T19:19:49.436717+00:00,77.1035,0.0963,96.6856,-0.1213,0.75,0.0,1500.0,0.0,6.3968
765.0,2026-06-05T19:19:49.943185+00:00,77.1027,0.1376,96.6195,-0.1009,0.75,0.0,1500.0,0.0,6.3984
765.5,2026-06-05T19:19:50.436704+00:00,76.9748,0.0421,96.6844,-0.0853,0.75,0.0,1500.0,0.0,6.3992
766.000893,2026-06-05T19:19:50.937588+00:00,77.1311,0.096,96.5029,-0.1504,0.75,0.0,1500.0,0.0,6.3484
766.5,2026-06-05T19:19:51.436890+00:00,77.1239,0.0102,96.2477,-0.239,0.75,0.0,1500.0,0.0,6.3236
767.0,2026-06-05T19:19:51.936872+00:00,76.8638,-0.1195,96.1904,-0.1837,0.75,0.0,1500.0,0.0,6.3115
767.5,2026-06-05T19:19:52.444928+00:00,76.7912,-0.0918,96.2389,-0.1489,0.75,0.0,1500.0,0.0,6.3056
768.0,2026-06-05T19:19:52.936780+00:00,76.7354,-0.1978,96.415,-0.0682,0.75,0.0,1500.0,0.0,6.3539
768.5,2026-06-05T19:19:53.436744+00:00,76.8198,-0.1521,96.6661,-0.0061,0.75,0.0,1500.0,0.0,6.3775
769.0,2026-06-05T19:19:53.936696+00:00,76.7573,-0.0532,96.3962,-0.0356,0.75,0.0,1500.0,0.0,6.3378
769.5,2026-06-05T19:19:54.436657+00:00,76.8366,0.0227,96.6517,0.1347,0.75,0.0,1500.0,0.0,6.3185
770.0,2026-06-05T19:19:54.943889+00:00,76.8976,0.0811,96.6166,0.1421,0.75,0.0,1500.0,0.0,6.309
770.5,2026-06-05T19:19:55.436697+00:00,76.8171,-0.0013,96.4739,0.0783,0.75,0.0,1500.0,0.0,6.3044
771.0,2026-06-05T19:19:55.936646+00:00,76.7553,-0.001,96.4799,0.0216,0.75,0.0,1500.0,0.0,6.3021
771.5,2026-06-05T19:19:56.436666+00:00,76.7078,-0.0644,96.4846,-0.0605,0.75,0.0,1500.0,0.0,6.301
772.0,2026-06-05T19:19:56.936760+00:00,76.7986,-0.0495,96.2336,-0.0542,0.75,0.0,1500.0,0.0,6.3005
772.5,2026-06-05T19:19:57.441011+00:00,76.741,-0.038,96.4109,-0.0802,0.75,0.0,1500.0,0.0,6.3002
773.0,2026-06-05T19:19:57.936666+00:00,76.6968,-0.0292,96.5473,-0.0231,0.75,0.0,1500.0,0.0,6.3001
773.501227,2026-06-05T19:19:58.437997+00:00,76.5356,-0.0861,96.1661,-0.1026,0.75,0.0,1500.0,0.0,6.3001
774.0,2026-06-05T19:19:58.936824+00:00,76.4117,-0.1935,96.2433,-0.0789,0.75,0.0,1500.0,0.0,6.3
774.5,2026-06-05T19:19:59.436928+00:00,76.5709,-0.0851,95.9556,-0.1763,0.75,0.0,1500.0,0.0,6.3
775.0,2026-06-05T19:19:59.942961+00:00,76.5661,-0.0654,95.9659,-0.0892,0.75,0.0,1500.0,0.0,6.3
775.5,2026-06-05T19:20:00.436711+00:00,76.6896,0.077,95.7193,-0.2306,0.75,0.0,1500.0,0.0,6.3
776.0,2026-06-05T19:20:00.936666+00:00,76.6573,0.1228,95.8999,-0.2158,0.75,0.0,1500.0,0.0,6.3
776.5,2026-06-05T19:20:01.437138+00:00,76.7598,0.0944,96.1545,-0.0039,0.75,0.0,1500.0,0.0,6.2488
777.0,2026-06-05T19:20:01.936714+00:00,76.7112,0.0726,95.9799,-0.0878,0.75,0.0,1500.0,0.0,6.275
777.5,2026-06-05T19:20:02.442668+00:00,76.8012,0.0558,96.0771,0.0405,0.75,0.0,1500.0,0.0,6.2878
778.0,2026-06-05T19:20:02.936839+00:00,76.9976,0.1701,96.2907,0.1083,0.75,0.0,1500.0,0.0,6.294
778.5,2026-06-05T19:20:03.436717+00:00,77.0213,0.1308,96.4548,0.2452,0.75,0.0,1500.0,0.0,6.2971
779.0,2026-06-05T19:20:03.937138+00:00,76.9122,0.1005,96.4653,0.1884,0.75,0.0,1500.0,0.0,6.2986
779.5,2026-06-05T19:20:04.437605+00:00,76.9557,0.0773,96.4733,0.1063,0.75,0.0,1500.0,0.0,6.2993
780.0,2026-06-05T19:20:04.942122+00:00,76.9891,-0.0043,96.5952,0.2051,0.75,0.0,1500.0,0.0,6.2997
780.5,2026-06-05T19:20:05.436692+00:00,76.7602,-0.1305,96.4575,0.1268,0.75,0.0,1500.0,0.0,6.2998
781.00123,2026-06-05T19:20:05.938091+00:00,76.7116,-0.1003,96.583,0.0974,0.75,0.0,1500.0,0.0,6.2999
781.5,2026-06-05T19:20:06.436695+00:00,76.6742,-0.1408,96.6795,0.0749,0.75,0.0,1500.0,0.0,6.3
782.0,2026-06-05T19:20:06.936983+00:00,76.6454,-0.1718,96.7537,0.0961,0.75,0.0,1500.0,0.0,6.3
782.5,2026-06-05T19:20:07.443911+00:00,76.6234,-0.0684,96.695,0.0739,0.75,0.0,1500.0,0.0,6.3
783.0,2026-06-05T19:20:07.936699+00:00,76.4791,-0.1162,96.7655,0.0568,0.75,0.0,1500.0,0.0,6.3
783.5,2026-06-05T19:20:08.437153+00:00,76.6228,-0.0257,96.8198,0.1208,0.75,0.0,1500.0,0.0,6.3
784.0,2026-06-05T19:20:08.936661+00:00,76.7332,0.0439,96.6301,0.0157,0.75,0.0,1500.0,0.0,6.3
784.5,2026-06-05T19:20:09.436721+00:00,76.8181,0.0974,96.7157,0.0121,0.75,0.0,1500.0,0.0,6.3
785.000207,2026-06-05T19:20:09.943478+00:00,77.0106,0.2657,96.5501,-0.0679,0.75,0.0,1500.0,0.0,6.3
785.5,2026-06-05T19:20:10.436683+00:00,76.904,0.1406,96.6542,-0.0136,0.75,0.0,1500.0,0.0,6.3
786.0,2026-06-05T19:20:10.936686+00:00,76.9494,0.1081,96.8499,0.0281,0.75,0.0,1500.0,0.0,6.3
786.5,2026-06-05T19:20:11.436802+00:00,76.9842,0.0831,96.8846,0.0216,0.75,0.0,1500.0,0.0,6.3
787.0,2026-06-05T19:20:11.936718+00:00,76.7565,-0.1271,96.7725,0.0475,0.75,0.0,1500.0,0.0,6.3
787.5,2026-06-05T19:20:12.441757+00:00,76.7087,-0.0977,96.9408,0.075,0.75,0.0,1500.0,0.0,6.3
788.0,2026-06-05T19:20:12.936804+00:00,76.9265,-0.0114,96.7231,0.0577,0.75,0.0,1500.0,0.0,6.3
788.5,2026-06-05T19:20:13.436683+00:00,76.9667,-0.0088,96.6715,0.0058,0.75,0.0,1500.0,0.0,6.3
789.0,2026-06-05T19:20:13.936699+00:00,76.743,-0.0067,96.7244,-0.0418,0.75,0.0,1500.0,0.0,6.3
789.5,2026-06-05T19:20:14.436695+00:00,76.6983,-0.0052,96.7882,-0.0322,0.75,0.0,1500.0,0.0,6.3
790.0,2026-06-05T19:20:14.941358+00:00,76.7913,-0.0676,96.4901,-0.0941,0.75,0.0,1500.0,0.0,6.3
790.5,2026-06-05T19:20:15.437083+00:00,76.6082,-0.1792,96.3535,-0.1958,0.75,0.0,1500.0,0.0,6.3
791.0,2026-06-05T19:20:15.936912+00:00,76.722,-0.0105,96.0172,-0.2353,0.75,0.0,1500.0,0.0,6.3
791.5,2026-06-05T19:20:16.437135+00:00,76.6822,-0.0081,96.0132,-0.2194,0.75,0.0,1500.0,0.0,6.3
792.0,2026-06-05T19:20:16.936691+00:00,76.7789,-0.0062,96.2416,-0.1609,0.75,0.0,1500.0,0.0,6.3
792.5,2026-06-05T19:20:17.446577+00:00,76.8532,0.1225,96.4171,-0.1237,0.75,0.0,1500.0,0.0,6.3
793.0,2026-06-05T19:20:17.936695+00:00,76.9103,0.0942,96.4362,-0.0179,0.75,0.0,1500.0,0.0,6.3512
793.5,2026-06-05T19:20:18.437156+00:00,76.9542,0.136,96.5667,0.0711,0.75,0.0,1500.0,0.0,6.325
794.0,2026-06-05T19:20:18.936832+00:00,76.9879,0.1045,96.4124,0.1317,0.75,0.0,1500.0,0.0,6.3122
794.5,2026-06-05T19:20:19.436729+00:00,76.8866,0.0167,96.4558,0.1475,0.75,0.0,1500.0,0.0,6.306
795.0,2026-06-05T19:20:19.943468+00:00,76.936,0.0128,96.5818,0.1134,0.75,0.0,1500.0,0.0,6.3029
795.5,2026-06-05T19:20:20.436707+00:00,76.9739,0.0099,96.5397,0.0409,0.75,0.0,1500.0,0.0,6.3014
796.0,2026-06-05T19:20:20.936664+00:00,76.8758,-0.056,96.5305,0.0314,0.75,0.0,1500.0,0.0,6.3007
796.5,2026-06-05T19:20:21.436836+00:00,76.8004,-0.0431,96.5003,-0.0221,0.75,0.0,1500.0,0.0,6.3003
797.001226,2026-06-05T19:20:21.938073+00:00,76.7425,-0.0967,96.3845,-0.0093,0.75,0.0,1500.0,0.0,6.3002
797.5,2026-06-05T19:20:22.442300+00:00,76.9525,-0.0107,96.0642,-0.1306,0.75,0.0,1500.0,0.0,6.2489
798.0,2026-06-05T19:20:22.936675+00:00,76.9866,0.0554,96.165,-0.1389,0.75,0.0,1500.0,0.0,6.3775
798.5,2026-06-05T19:20:23.436742+00:00,76.8856,0.0426,96.2425,-0.0991,0.75,0.0,1500.0,0.0,6.389
799.0,2026-06-05T19:20:23.936679+00:00,76.9352,0.0964,96.1864,-0.1147,0.75,0.0,1500.0,0.0,6.3946
799.5,2026-06-05T19:20:24.436721+00:00,76.8461,-0.0532,96.4904,-0.0033,0.75,0.0,1500.0,0.0,6.3974
800.0,2026-06-05T19:20:24.943072+00:00,76.7776,-0.1045,96.4926,0.036,0.75,0.0,1500.0,0.0,6.3987
800.5,2026-06-05T19:20:25.436735+00:00,76.5976,-0.144,96.5869,0.1742,0.75,0.0,1500.0,0.0,6.3994
801.0,2026-06-05T19:20:25.936867+00:00,76.7139,-0.1107,96.9139,0.2496,0.75,0.0,1500.0,0.0,6.3997
801.5,2026-06-05T19:20:26.436665+00:00,76.676,-0.0851,96.7024,0.1533,0.75,0.0,1500.0,0.0,6.3999
802.0,2026-06-05T19:20:26.936820+00:00,76.6468,-0.0654,96.6556,0.1564,0.75,0.0,1500.0,0.0,6.3999
802.5,2026-06-05T19:20:27.445398+00:00,76.7517,0.077,96.851,0.1202,0.75,0.0,1500.0,0.0,6.4
803.000765,2026-06-05T19:20:27.937640+00:00,76.8323,0.0592,96.3995,-0.031,0.75,0.0,1500.0,0.0,6.4
803.5,2026-06-05T19:20:28.436686+00:00,76.8942,0.1091,96.5385,-0.0161,0.75,0.0,1500.0,0.0,6.4
804.0,2026-06-05T19:20:28.936683+00:00,77.0691,0.2112,96.5064,-0.1358,0.75,0.0,1500.0,0.0,6.4
804.5,2026-06-05T19:20:29.436702+00:00,77.0763,0.1623,96.6206,-0.0273,0.75,0.0,1500.0,0.0,6.4
805.0,2026-06-05T19:20:29.942565+00:00,76.8272,-0.0025,96.5696,-0.0287,0.75,0.0,1500.0,0.0,6.3488
805.501935,2026-06-05T19:20:30.439606+00:00,76.8903,-0.0019,96.6692,-0.0606,0.75,0.0,1500.0,0.0,6.3238
806.0,2026-06-05T19:20:30.936737+00:00,76.9389,-0.0651,96.7457,0.1154,0.75,0.0,1500.0,0.0,6.3116
806.5,2026-06-05T19:20:31.436764+00:00,76.9761,-0.0501,96.8046,0.0887,0.75,0.0,1500.0,0.0,6.3057
807.0,2026-06-05T19:20:31.938679+00:00,76.8775,0.0252,96.6184,0.0373,0.75,0.0,1500.0,0.0,6.3028
807.5,2026-06-05T19:20:32.442477+00:00,76.8017,-0.0443,96.591,-0.0099,0.75,0.0,1500.0,0.0,6.3014
808.0,2026-06-05T19:20:32.936856+00:00,76.7435,-0.0977,96.6856,0.0387,0.75,0.0,1500.0,0.0,6.3007
808.5,2026-06-05T19:20:33.436807+00:00,76.6987,-0.1387,96.5038,-0.0551,0.75,0.0,1500.0,0.0,6.3003
809.0,2026-06-05T19:20:33.936685+00:00,76.7916,-0.043,96.6187,-0.0424,0.75,0.0,1500.0,0.0,6.3002
809.5,2026-06-05T19:20:34.436813+00:00,76.8629,0.0306,96.6838,-0.0403,0.75,0.0,1500.0,0.0,6.3001
810.0,2026-06-05T19:20:34.943907+00:00,76.7905,0.0235,96.271,-0.1158,0.75,0.0,1500.0,0.0,6.3
810.5,2026-06-05T19:20:35.436787+00:00,76.8621,0.0817,96.4397,-0.0504,0.75,0.0,1500.0,0.0,6.3
811.0,2026-06-05T19:20:35.936658+00:00,76.9172,0.0628,96.5693,-0.0388,0.75,0.0,1500.0,0.0,6.3
811.5,2026-06-05T19:20:36.436829+00:00,76.8322,-0.0154,96.4376,-0.0221,0.75,0.0,1500.0,0.0,6.3
812.0,2026-06-05T19:20:36.936844+00:00,76.8942,0.0518,96.5677,-0.017,0.75,0.0,1500.0,0.0,6.3
812.5,2026-06-05T19:20:37.444449+00:00,77.0691,0.1035,96.8992,0.0718,0.75,0.0,1500.0,0.0,6.3
813.0,2026-06-05T19:20:37.936673+00:00,76.949,0.0159,96.668,0.1323,0.75,0.0,1500.0,0.0,6.3
813.5,2026-06-05T19:20:38.436675+00:00,76.9839,0.0758,96.7448,0.1017,0.75,0.0,1500.0,0.0,6.3
814.0,2026-06-05T19:20:38.936780+00:00,77.138,0.1219,96.9195,0.1167,0.75,0.0,1500.0,0.0,6.3
814.5,2026-06-05T19:20:39.436714+00:00,77.002,-0.0336,96.9382,0.1669,0.75,0.0,1500.0,0.0,6.3
815.0,2026-06-05T19:20:39.946140+00:00,77.0247,0.0378,96.9525,0.1282,0.75,0.0,1500.0,0.0,6.3
815.5,2026-06-05T19:20:40.436742+00:00,76.9148,-0.0345,96.8246,-0.0248,0.75,0.0,1500.0,0.0,6.3512
816.0,2026-06-05T19:20:40.936685+00:00,76.8304,-0.1538,96.6338,-0.0114,0.75,0.0,1500.0,0.0,6.325
816.5,2026-06-05T19:20:41.437197+00:00,76.8928,-0.0546,96.5797,-0.055,0.75,0.0,1500.0,0.0,6.3122
817.0,2026-06-05T19:20:41.937110+00:00,76.9407,-0.042,96.677,-0.0809,0.75,0.0,1500.0,0.0,6.306
817.5,2026-06-05T19:20:42.441474+00:00,76.8503,-0.0323,96.7517,-0.0621,0.75,0.0,1500.0,0.0,6.3541
818.0,2026-06-05T19:20:42.936729+00:00,77.0354,0.1025,96.786,-0.0555,0.75,0.0,1500.0,0.0,6.3264
818.50102,2026-06-05T19:20:43.437726+00:00,77.1776,0.1424,96.7198,-0.0349,0.75,0.0,1500.0,0.0,6.3129
819.0,2026-06-05T19:20:43.936712+00:00,77.1596,0.1095,96.7847,0.0503,0.75,0.0,1500.0,0.0,6.3063
819.5,2026-06-05T19:20:44.436685+00:00,77.1458,0.1478,96.8345,0.0849,0.75,0.0,1500.0,0.0,6.3031
820.0,2026-06-05T19:20:44.946575+00:00,77.1352,0.0499,96.6414,-0.0119,0.75,0.0,1500.0,0.0,6.3015
820.5,2026-06-05T19:20:45.436668+00:00,76.9998,-0.0889,96.6318,-0.04,0.75,0.0,1500.0,0.0,6.3007
821.0,2026-06-05T19:20:45.936799+00:00,77.023,-0.0683,96.717,-0.023,0.75,0.0,1500.0,0.0,6.3004
821.5,2026-06-05T19:20:46.436732+00:00,76.9135,-0.1161,96.5511,-0.0562,0.75,0.0,1500.0,0.0,6.3002
822.0,2026-06-05T19:20:46.936700+00:00,76.8294,-0.1529,96.5393,-0.0818,0.75,0.0,1500.0,0.0,6.3001
822.5,2026-06-05T19:20:47.441483+00:00,77.0193,0.0097,96.6227,-0.0706,0.75,0.0,1500.0,0.0,6.3
823.001123,2026-06-05T19:20:47.937929+00:00,77.038,0.0075,96.4786,-0.0543,0.75,0.0,1500.0,0.0,6.3
823.5,2026-06-05T19:20:48.436936+00:00,77.0523,0.0694,96.4604,-0.0571,0.75,0.0,1500.0,0.0,6.3
824.0,2026-06-05T19:20:48.936817+00:00,76.9361,0.0533,96.701,-0.0053,0.75,0.0,1500.0,0.0,6.3
824.500129,2026-06-05T19:20:49.436813+00:00,76.974,-0.0226,96.5156,-0.0118,0.75,0.0,1500.0,0.0,6.3
825.0,2026-06-05T19:20:49.941852+00:00,77.1304,0.0462,96.6046,0.0218,0.75,0.0,1500.0,0.0,6.3
825.5,2026-06-05T19:20:50.436683+00:00,77.1234,0.0355,96.8118,0.063,0.75,0.0,1500.0,0.0,6.3
826.0,2026-06-05T19:20:50.936661+00:00,76.9907,0.0273,96.6471,0.0561,0.75,0.0,1500.0,0.0,6.3
826.5,2026-06-05T19:20:51.436753+00:00,77.016,0.021,96.7287,0.0894,0.75,0.0,1500.0,0.0,6.3
827.0,2026-06-05T19:20:51.937091+00:00,76.9082,-0.1111,97.0229,0.1073,0.75,0.0,1500.0,0.0,6.3
827.5,2026-06-05T19:20:52.446325+00:00,77.0798,-0.0218,96.8788,0.121,0.75,0.0,1500.0,0.0,6.3
828.0,2026-06-05T19:20:52.936844+00:00,77.0845,0.0469,96.9068,0.1007,0.75,0.0,1500.0,0.0,6.3
828.500771,2026-06-05T19:20:53.437476+00:00,76.9608,-0.0276,96.9284,0.0389,0.75,0.0,1500.0,0.0,6.3
829.0,2026-06-05T19:20:53.936785+00:00,76.8658,-0.0212,97.0607,0.1379,0.75,0.0,1500.0,0.0,6.3
829.5,2026-06-05T19:20:54.436659+00:00,76.92,-0.0799,97.1623,0.1445,0.75,0.0,1500.0,0.0,6.3
830.0,2026-06-05T19:20:54.942288+00:00,77.0889,0.0022,97.0091,-0.0046,0.75,0.0,1500.0,0.0,6.3
830.5,2026-06-05T19:20:55.436862+00:00,77.0915,0.0653,97.007,0.0427,0.75,0.0,1500.0,0.0,6.3
831.0,2026-06-05T19:20:55.936993+00:00,77.0934,0.1138,97.0054,0.0328,0.75,0.0,1500.0,0.0,6.3
831.5,2026-06-05T19:20:56.436681+00:00,76.9677,0.0239,96.7959,-0.0442,0.75,0.0,1500.0,0.0,6.3
832.0,2026-06-05T19:20:56.936870+00:00,76.9983,-0.0453,96.8431,-0.0725,0.75,0.0,1500.0,0.0,6.3
832.5,2026-06-05T19:20:57.442690+00:00,76.8946,-0.0984,96.972,-0.0635,0.75,0.0,1500.0,0.0,6.2488
833.0,2026-06-05T19:20:57.936677+00:00,76.6876,-0.2029,96.9553,-0.0179,0.75,0.0,1500.0,0.0,6.275
833.5,2026-06-05T19:20:58.436678+00:00,76.783,-0.0923,97.0814,0.0248,0.75,0.0,1500.0,0.0,6.2366
834.00123,2026-06-05T19:20:58.938063+00:00,76.9836,-0.0073,97.0625,0.0191,0.75,0.0,1500.0,0.0,6.2179
834.5,2026-06-05T19:20:59.436779+00:00,76.756,-0.0693,96.9092,0.0378,0.75,0.0,1500.0,0.0,6.2087
835.0,2026-06-05T19:20:59.946605+00:00,76.8356,0.074,97.0228,0.0599,0.75,0.0,1500.0,0.0,6.2043
835.5,2026-06-05T19:21:00.436716+00:00,76.7695,-0.0067,96.8093,-0.0542,0.75,0.0,1500.0,0.0,6.2533
836.0,2026-06-05T19:21:00.936684+00:00,76.7187,-0.1325,96.8534,-0.034,0.75,0.0,1500.0,0.0,6.2772
836.5,2026-06-05T19:21:01.436968+00:00,76.807,0.0255,97.003,-0.0261,0.75,0.0,1500.0,0.0,6.2377
837.0,2026-06-05T19:21:01.936681+00:00,77.002,0.0832,96.6552,-0.1358,0.75,0.0,1500.0,0.0,6.2184
837.5,2026-06-05T19:21:02.441433+00:00,76.8974,0.064,96.6193,-0.0966,0.75,0.0,1500.0,0.0,6.209
838.0,2026-06-05T19:21:02.937107+00:00,76.9443,0.1128,96.9388,-0.028,0.75,0.0,1500.0,0.0,6.2556
838.5,2026-06-05T19:21:03.436663+00:00,76.7258,-0.0406,96.8604,0.017,0.75,0.0,1500.0,0.0,6.2783
839.0,2026-06-05T19:21:03.936684+00:00,76.5578,-0.2221,96.8927,0.0131,0.75,0.0,1500.0,0.0,6.2894
839.5,2026-06-05T19:21:04.436682+00:00,76.6833,-0.1071,96.9175,-0.0285,0.75,0.0,1500.0,0.0,6.2948
840.0,2026-06-05T19:21:04.940933+00:00,76.6525,-0.1459,96.9366,0.0938,0.75,0.0,1500.0,0.0,6.2975
840.5,2026-06-05T19:21:05.436942+00:00,76.8833,0.0787,96.9513,0.1107,0.75,0.0,1500.0,0.0,6.2988
841.0,2026-06-05T19:21:05.936751+00:00,76.6789,0.0605,96.7312,-0.0692,0.75,0.0,1500.0,0.0,6.2994
841.5,2026-06-05T19:21:06.436676+00:00,76.5218,-0.0808,96.7934,-0.0223,0.75,0.0,1500.0,0.0,6.2997
842.0,2026-06-05T19:21:06.936803+00:00,76.5283,-0.0621,96.7486,-0.048,0.75,0.0,1500.0,0.0,6.2999
842.502079,2026-06-05T19:21:07.447818+00:00,76.6606,-0.1113,96.6911,-0.0755,0.75,0.0,1500.0,0.0,6.2999
843.0,2026-06-05T19:21:07.936686+00:00,76.8896,0.1053,96.7626,-0.058,0.75,0.0,1500.0,0.0,6.3
843.5,2026-06-05T19:21:08.436997+00:00,76.811,0.1446,96.8175,-0.0446,0.75,0.0,1500.0,0.0,6.3
844.0,2026-06-05T19:21:08.936834+00:00,77.0051,0.2384,96.744,0.0043,0.75,0.0,1500.0,0.0,6.3
844.5,2026-06-05T19:21:09.436681+00:00,76.8998,0.1196,96.8033,0.0033,0.75,0.0,1500.0,0.0,6.3
845.0,2026-06-05T19:21:09.942967+00:00,77.0734,0.0919,96.6174,-0.0437,0.75,0.0,1500.0,0.0,6.3
845.5,2026-06-05T19:21:10.436705+00:00,77.2068,0.1979,96.7059,0.0049,0.75,0.0,1500.0,0.0,6.3
846.0,2026-06-05T19:21:10.936761+00:00,77.1821,0.0885,96.774,0.0038,0.75,0.0,1500.0,0.0,6.3
846.5,2026-06-05T19:21:11.436910+00:00,77.0358,0.068,96.7106,-0.0356,0.75,0.0,1500.0,0.0,6.3
847.001,2026-06-05T19:21:11.937699+00:00,76.9234,-0.075,96.7544,0.0035,0.75,0.0,1500.0,0.0,6.3
847.5,2026-06-05T19:21:12.441535+00:00,76.9643,-0.1213,96.6955,-0.0359,0.75,0.0,1500.0,0.0,6.3
848.0,2026-06-05T19:21:12.936700+00:00,76.9957,-0.0932,96.5346,-0.0276,0.75,0.0,1500.0,0.0,6.3512
848.5,2026-06-05T19:21:13.436691+00:00,77.0198,-0.008,96.5266,-0.0598,0.75,0.0,1500.0,0.0,6.325
849.0,2026-06-05T19:21:13.936913+00:00,77.2929,0.1847,96.4973,-0.0922,0.75,0.0,1500.0,0.0,6.3122
849.5,2026-06-05T19:21:14.436843+00:00,77.121,0.0784,96.7293,0.0062,0.75,0.0,1500.0,0.0,6.306
850.0,2026-06-05T19:21:14.943123+00:00,76.9889,-0.0034,96.5374,-0.0723,0.75,0.0,1500.0,0.0,6.3029
850.5,2026-06-05T19:21:15.436684+00:00,77.1419,0.061,96.7602,0.0215,0.75,0.0,1500.0,0.0,6.3014
851.0,2026-06-05T19:21:15.937107+00:00,77.2594,-0.0167,96.9314,0.1323,0.75,0.0,1500.0,0.0,6.3007
851.5,2026-06-05T19:21:16.437112+00:00,77.2225,0.0508,96.8315,0.1017,0.75,0.0,1500.0,0.0,6.3003
852.0,2026-06-05T19:21:16.936672+00:00,76.9397,-0.0246,96.9862,0.163,0.75,0.0,1500.0,0.0,6.3002
852.5,2026-06-05T19:21:17.444776+00:00,76.8495,-0.1462,96.8737,0.0481,0.75,0.0,1500.0,0.0,6.3001
853.0,2026-06-05T19:21:17.936681+00:00,76.7802,-0.2396,96.7641,0.0756,0.75,0.0,1500.0,0.0,6.3
853.5,2026-06-05T19:21:18.436978+00:00,76.8542,-0.1842,96.8187,0.0195,0.75,0.0,1500.0,0.0,6.3
854.00081,2026-06-05T19:21:18.937527+00:00,76.9111,-0.0143,96.8606,-0.0236,0.75,0.0,1500.0,0.0,6.3
854.5,2026-06-05T19:21:19.436960+00:00,76.9548,0.0527,96.8929,0.0204,0.75,0.0,1500.0,0.0,6.3
855.0,2026-06-05T19:21:19.941757+00:00,76.8611,0.0405,97.0334,0.0157,0.75,0.0,1500.0,0.0,6.3
855.5,2026-06-05T19:21:20.436709+00:00,76.9164,0.0311,96.9331,0.0198,0.75,0.0,1500.0,0.0,6.3
856.0,2026-06-05T19:21:20.936903+00:00,76.7043,-0.1034,96.9486,0.0615,0.75,0.0,1500.0,0.0,6.3
856.5,2026-06-05T19:21:21.436918+00:00,76.6686,-0.1431,96.9373,0.0396,0.75,0.0,1500.0,0.0,6.3
857.00122,2026-06-05T19:21:21.938058+00:00,76.6412,-0.11,96.489,-0.1239,0.75,0.0,1500.0,0.0,6.3
857.5,2026-06-05T19:21:22.442597+00:00,76.7473,-0.0845,96.6073,-0.0952,0.75,0.0,1500.0,0.0,6.3
858.0,2026-06-05T19:21:22.936728+00:00,76.829,0.0623,96.5593,-0.158,0.75,0.0,1500.0,0.0,6.3
858.5,2026-06-05T19:21:23.436706+00:00,76.7644,0.0479,96.4299,-0.1677,0.75,0.0,1500.0,0.0,6.3
859.0,2026-06-05T19:21:23.936673+00:00,76.8421,0.1004,96.5618,-0.1289,0.75,0.0,1500.0,0.0,6.3
859.5,2026-06-05T19:21:24.437098+00:00,76.9017,0.0772,96.7789,-0.0528,0.75,0.0,1500.0,0.0,6.3
860.0,2026-06-05T19:21:24.942603+00:00,76.8204,-0.0043,96.7144,0.0751,0.75,0.0,1500.0,0.0,6.3
860.5,2026-06-05T19:21:25.436701+00:00,76.7578,-0.0033,96.8962,0.0963,0.75,0.0,1500.0,0.0,6.3
861.0,2026-06-05T19:21:25.936964+00:00,76.9642,0.0611,96.9202,0.1203,0.75,0.0,1500.0,0.0,6.3
861.5,2026-06-05T19:21:26.436714+00:00,76.9957,0.047,96.7998,0.1233,0.75,0.0,1500.0,0.0,6.3
862.0,2026-06-05T19:21:26.937064+00:00,76.8925,0.0361,96.8461,0.0948,0.75,0.0,1500.0,0.0,6.3
862.5,2026-06-05T19:21:27.446457+00:00,76.8133,0.0277,96.9974,0.0728,0.75,0.0,1500.0,0.0,6.3
863.0,2026-06-05T19:21:27.936753+00:00,76.6251,-0.1696,96.8592,0.0483,0.75,0.0,1500.0,0.0,6.3
863.5,2026-06-05T19:21:28.436714+00:00,76.8622,-0.0667,96.7992,-0.0323,0.75,0.0,1500.0,0.0,6.3
864.000091,2026-06-05T19:21:28.936838+00:00,76.79,-0.0513,96.73,-0.0634,0.75,0.0,1500.0,0.0,6.3
864.5,2026-06-05T19:21:29.437001+00:00,76.6072,-0.103,96.7693,-0.0102,0.75,0.0,1500.0,0.0,6.3
865.0,2026-06-05T19:21:29.944192+00:00,76.7212,0.0481,96.7996,-0.0155,0.75,0.0,1500.0,0.0,6.3
865.5,2026-06-05T19:21:30.436700+00:00,76.9361,0.0369,96.5914,-0.1353,0.75,0.0,1500.0,0.0,6.3
866.0,2026-06-05T19:21:30.936817+00:00,76.8468,0.0284,96.4314,-0.1426,0.75,0.0,1500.0,0.0,6.3
866.5,2026-06-05T19:21:31.436932+00:00,76.7781,0.0855,96.6787,-0.0402,0.75,0.0,1500.0,0.0,6.3
867.001019,2026-06-05T19:21:31.937732+00:00,76.8526,0.0657,96.3828,-0.1157,0.75,0.0,1500.0,0.0,6.3
867.5,2026-06-05T19:21:32.441417+00:00,76.7826,-0.0768,96.3868,-0.1275,0.75,0.0,1500.0,0.0,6.3
868.0,2026-06-05T19:21:32.936673+00:00,76.856,0.0046,96.5287,-0.0903,0.75,0.0,1500.0,0.0,6.3
868.501215,2026-06-05T19:21:33.438041+00:00,76.9125,0.0672,96.2906,-0.1003,0.75,0.0,1500.0,0.0,6.3
869.0,2026-06-05T19:21:33.936774+00:00,76.9559,0.0516,96.2234,-0.0693,0.75,0.0,1500.0,0.0,6.3
869.5,2026-06-05T19:21:34.436683+00:00,76.862,0.0397,96.4031,-0.0919,0.75,0.0,1500.0,0.0,6.3
870.0,2026-06-05T19:21:34.946354+00:00,76.7898,-0.0331,96.4024,0.0065,0.75,0.0,1500.0,0.0,6.3
870.5,2026-06-05T19:21:35.436979+00:00,76.9888,0.0382,96.4018,0.005,0.75,0.0,1500.0,0.0,6.3
871.0,2026-06-05T19:21:35.936676+00:00,77.0146,0.0293,96.5402,0.0039,0.75,0.0,1500.0,0.0,6.3
871.501204,2026-06-05T19:21:36.438032+00:00,76.9071,0.0225,96.2995,0.003,0.75,0.0,1500.0,0.0,6.3
872.0,2026-06-05T19:21:36.936702+00:00,76.9517,0.081,96.4616,0.0794,0.75,0.0,1500.0,0.0,6.3
872.5,2026-06-05T19:21:37.444701+00:00,76.986,-0.0014,96.7019,0.0996,0.75,0.0,1500.0,0.0,6.3
873.0,2026-06-05T19:21:37.936696+00:00,76.8851,-0.0647,96.5163,0.038,0.75,0.0,1500.0,0.0,6.3
873.5,2026-06-05T19:21:38.436899+00:00,76.553,-0.177,96.4894,0.0292,0.75,0.0,1500.0,0.0,6.3
874.0,2026-06-05T19:21:38.936733+00:00,76.6796,-0.136,96.4919,-0.0161,0.75,0.0,1500.0,0.0,6.3
874.5,2026-06-05T19:21:39.436673+00:00,76.7769,-0.1046,96.4938,0.0647,0.75,0.0,1500.0,0.0,6.3
875.0,2026-06-05T19:21:39.942082+00:00,76.5971,-0.144,96.6109,0.0498,0.75,0.0,1500.0,0.0,6.3
875.5,2026-06-05T19:21:40.437159+00:00,76.7135,0.0802,96.5621,-0.0466,0.75,0.0,1500.0,0.0,6.3
876.000123,2026-06-05T19:21:40.936808+00:00,76.4211,-0.1292,96.2932,-0.0744,0.75,0.0,1500.0,0.0,6.3
876.5,2026-06-05T19:21:41.436677+00:00,76.7055,-0.0357,96.2253,-0.088,0.75,0.0,1500.0,0.0,6.3
877.0,2026-06-05T19:21:41.936896+00:00,76.7968,0.0998,96.2889,-0.0677,0.75,0.0,1500.0,0.0,6.3
877.5,2026-06-05T19:21:42.443131+00:00,76.7397,0.0131,95.9906,-0.1677,0.75,0.0,1500.0,0.0,6.3
878.0,2026-06-05T19:21:42.936748+00:00,76.823,0.201,95.9928,-0.206,0.75,0.0,1500.0,0.0,6.3
878.5,2026-06-05T19:21:43.436924+00:00,76.7599,0.0272,96.2259,-0.1121,0.75,0.0,1500.0,0.0,6.3
879.001231,2026-06-05T19:21:43.938032+00:00,76.8386,0.0209,96.2893,-0.0013,0.75,0.0,1500.0,0.0,6.3
879.5,2026-06-05T19:21:44.436828+00:00,76.8991,0.0797,96.3381,0.0376,0.75,0.0,1500.0,0.0,6.3
880.0,2026-06-05T19:21:44.942992+00:00,76.8183,-0.0024,96.3755,0.0289,0.75,0.0,1500.0,0.0,6.3
880.5,2026-06-05T19:21:45.436705+00:00,76.8835,0.0618,96.4043,0.1379,0.75,0.0,1500.0,0.0,6.3
881.0,2026-06-05T19:21:45.936828+00:00,76.679,-0.0798,96.4033,0.1368,0.75,0.0,1500.0,0.0,6.2488
881.5,2026-06-05T19:21:46.436690+00:00,76.5219,-0.1886,96.4257,0.0666,0.75,0.0,1500.0,0.0,6.2238
882.001011,2026-06-05T19:21:46.937717+00:00,76.5284,-0.1449,96.3041,0.0049,0.75,0.0,1500.0,0.0,6.2116
882.5,2026-06-05T19:21:47.441274+00:00,76.6607,-0.1114,96.442,0.0346,0.75,0.0,1500.0,0.0,6.2057
883.0,2026-06-05T19:21:47.936758+00:00,76.7623,0.0416,96.3397,-0.0119,0.75,0.0,1500.0,0.0,6.254
883.5,2026-06-05T19:21:48.436751+00:00,76.8405,0.1593,96.3768,-0.0092,0.75,0.0,1500.0,0.0,6.3287
884.0,2026-06-05T19:21:48.936703+00:00,76.646,0.0588,96.521,0.0392,0.75,0.0,1500.0,0.0,6.3652
884.5,2026-06-05T19:21:49.436711+00:00,76.4965,-0.0821,96.6318,0.0687,0.75,0.0,1500.0,0.0,6.383
885.001252,2026-06-05T19:21:49.943764+00:00,76.3816,-0.1904,96.4625,0.0528,0.75,0.0,1500.0,0.0,6.3917
885.5,2026-06-05T19:21:50.436686+00:00,76.2933,-0.2736,96.4943,0.0175,0.75,0.0,1500.0,0.0,6.396
886.0,2026-06-05T19:21:50.936688+00:00,76.48,-0.083,96.727,0.1291,0.75,0.0,1500.0,0.0,6.398
886.5,2026-06-05T19:21:51.436893+00:00,76.4962,-0.0002,96.6745,0.0992,0.75,0.0,1500.0,0.0,6.399
887.0,2026-06-05T19:21:51.936817+00:00,76.5086,0.0635,96.5184,-0.0009,0.75,0.0,1500.0,0.0,6.3995
887.5,2026-06-05T19:21:52.443104+00:00,76.5182,0.1124,96.6299,-0.0007,0.75,0.0,1500.0,0.0,6.3486
888.0,2026-06-05T19:21:52.936668+00:00,76.7801,0.1501,96.4841,0.0072,0.75,0.0,1500.0,0.0,6.3237
888.5,2026-06-05T19:21:53.436812+00:00,76.8541,0.179,96.3721,-0.0407,0.75,0.0,1500.0,0.0,6.3116
889.0,2026-06-05T19:21:53.936810+00:00,76.7838,0.1376,96.6331,-0.0313,0.75,0.0,1500.0,0.0,6.3056
889.500241,2026-06-05T19:21:54.436969+00:00,76.6024,0.0421,96.4634,-0.0703,0.75,0.0,1500.0,0.0,6.3028
890.0,2026-06-05T19:21:54.943869+00:00,76.8448,0.0324,96.4719,-0.0155,0.75,0.0,1500.0,0.0,6.3013
890.5,2026-06-05T19:21:55.436734+00:00,76.6493,-0.1024,96.7098,0.0267,0.75,0.0,1500.0,0.0,6.3007
891.0,2026-06-05T19:21:55.936680+00:00,76.6263,-0.0787,96.6613,0.0591,0.75,0.0,1500.0,0.0,6.3003
891.5,2026-06-05T19:21:56.436693+00:00,76.6087,0.0031,96.7396,0.1225,0.75,0.0,1500.0,0.0,6.3002
892.0,2026-06-05T19:21:56.936718+00:00,76.5951,-0.1249,96.7073,0.0247,0.75,0.0,1500.0,0.0,6.3001
892.5,2026-06-05T19:21:57.441641+00:00,76.7119,0.0313,96.7751,0.1039,0.75,0.0,1500.0,0.0,6.3
893.0,2026-06-05T19:21:57.936844+00:00,76.8017,0.0877,96.9197,0.1493,0.75,0.0,1500.0,0.0,6.3
893.501013,2026-06-05T19:21:58.437712+00:00,76.998,0.1947,96.7069,-0.001,0.75,0.0,1500.0,0.0,6.3
894.0,2026-06-05T19:21:58.936659+00:00,77.0216,0.2133,96.8904,0.0764,0.75,0.0,1500.0,0.0,6.3
894.5,2026-06-05T19:21:59.437048+00:00,77.0398,0.1639,96.9158,0.0587,0.75,0.0,1500.0,0.0,6.3
895.0,2026-06-05T19:22:00.042092+00:00,77.0537,0.126,96.6807,-0.0089,0.75,0.0,1500.0,0.0,6.3
895.5,2026-06-05T19:22:00.436857+00:00,77.0644,0.0332,96.8703,0.0317,0.75,0.0,1500.0,0.0,6.3
896.0,2026-06-05T19:22:00.936984+00:00,77.0726,0.0255,96.7615,-0.0527,0.75,0.0,1500.0,0.0,6.3
896.5,2026-06-05T19:22:01.436663+00:00,76.9517,-0.044,96.8167,0.0366,0.75,0.0,1500.0,0.0,6.3
897.0,2026-06-05T19:22:01.936677+00:00,76.7315,-0.1611,96.7434,-0.049,0.75,0.0,1500.0,0.0,6.3
897.5,2026-06-05T19:22:02.442041+00:00,76.8168,-0.1238,96.6639,-0.0839,0.75,0.0,1500.0,0.0,6.3
898.0,2026-06-05T19:22:02.936665+00:00,76.755,-0.1588,96.626,-0.0182,0.75,0.0,1500.0,0.0,6.3
898.5,2026-06-05T19:22:03.436950+00:00,76.7076,-0.1221,96.7125,-0.0526,0.75,0.0,1500.0,0.0,6.3
899.0,2026-06-05T19:22:03.936917+00:00,76.9257,0.0971,96.7791,0.0059,0.75,0.0,1500.0,0.0,6.3
899.5,2026-06-05T19:22:04.436692+00:00,76.966,0.0746,96.7145,-0.0341,0.75,0.0,1500.0,0.0,6.3
900.0,2026-06-05T19:22:04.943373+00:00,77.1243,0.1846,96.8963,0.051,0.75,0.0,1500.0,0.0,6.3
900.5,2026-06-05T19:22:05.438753+00:00,76.8641,0.0783,96.8046,0.0469,0.75,0.0,1500.0,0.0,6.3
901.0,2026-06-05T19:22:05.936732+00:00,76.9187,-0.0035,96.8498,0.0746,0.75,0.0,1500.0,0.0,6.3
901.5,2026-06-05T19:22:06.436698+00:00,76.8334,-0.0663,97.1159,0.1345,0.75,0.0,1500.0,0.0,6.3
902.0,2026-06-05T19:22:06.936698+00:00,76.6405,-0.2419,96.9734,0.0648,0.75,0.0,1500.0,0.0,6.3
902.5,2026-06-05T19:22:07.442399+00:00,76.6196,-0.1223,97.0953,0.1269,0.75,0.0,1500.0,0.0,6.3
903.0,2026-06-05T19:22:07.936815+00:00,76.7308,-0.094,97.1889,0.0976,0.75,0.0,1500.0,0.0,6.3
903.5,2026-06-05T19:22:08.436707+00:00,76.5617,-0.1359,97.0064,0.0673,0.75,0.0,1500.0,0.0,6.3
904.0,2026-06-05T19:22:08.936693+00:00,76.559,-0.0408,96.8892,0.0131,0.75,0.0,1500.0,0.0,6.3
904.5,2026-06-05T19:22:09.436743+00:00,76.5569,-0.0314,96.9148,-0.067,0.75,0.0,1500.0,0.0,6.3
905.0,2026-06-05T19:22:09.942298+00:00,76.6826,-0.0241,96.7031,-0.0901,0.75,0.0,1500.0,0.0,6.3
905.5,2026-06-05T19:22:10.436853+00:00,76.7792,0.1087,96.5404,-0.1849,0.75,0.0,1500.0,0.0,6.3
906.0,2026-06-05T19:22:10.936686+00:00,76.7261,0.0836,96.6468,-0.1807,0.75,0.0,1500.0,0.0,6.3
906.5,2026-06-05T19:22:11.436694+00:00,76.8126,0.1279,96.5897,-0.1389,0.75,0.0,1500.0,0.0,6.3
907.0,2026-06-05T19:22:11.937294+00:00,76.8791,0.0983,96.8003,-0.0296,0.75,0.0,1500.0,0.0,6.3
907.500794,2026-06-05T19:22:12.443850+00:00,76.6757,-0.0517,96.9391,0.0081,0.75,0.0,1500.0,0.0,6.3
908.0,2026-06-05T19:22:12.936685+00:00,76.6466,-0.0398,96.9532,0.0833,0.75,0.0,1500.0,0.0,6.3
908.5,2026-06-05T19:22:13.436675+00:00,76.7515,-0.0306,96.8483,0.1026,0.75,0.0,1500.0,0.0,6.3
909.0,2026-06-05T19:22:13.936696+00:00,76.7049,-0.0871,96.652,0.0017,0.75,0.0,1500.0,0.0,6.3
909.5,2026-06-05T19:22:14.436880+00:00,76.9236,0.1239,96.7094,0.0399,0.75,0.0,1500.0,0.0,6.3
910.0,2026-06-05T19:22:14.944959+00:00,76.8371,0.0953,96.8923,0.0307,0.75,0.0,1500.0,0.0,6.3
910.5,2026-06-05T19:22:15.436766+00:00,76.898,0.0732,96.709,-0.0767,0.75,0.0,1500.0,0.0,6.3
911.0,2026-06-05T19:22:15.936749+00:00,76.8174,0.0563,96.7532,-0.0667,0.75,0.0,1500.0,0.0,6.3
911.5,2026-06-05T19:22:16.436738+00:00,77.0101,0.0433,96.8103,-0.0127,0.75,0.0,1500.0,0.0,6.3
912.0,2026-06-05T19:22:16.936707+00:00,77.0309,0.0969,96.7385,0.0288,0.75,0.0,1500.0,0.0,6.3
912.5,2026-06-05T19:22:17.442745+00:00,77.1742,0.1381,96.7759,0.0222,0.75,0.0,1500.0,0.0,6.3
913.0,2026-06-05T19:22:17.936827+00:00,77.2843,0.2334,96.8277,-0.0215,0.75,0.0,1500.0,0.0,6.3
913.5,2026-06-05T19:22:18.436703+00:00,77.2416,0.1158,96.7519,0.0143,0.75,0.0,1500.0,0.0,6.3
914.0,2026-06-05T19:22:18.936722+00:00,77.2089,0.089,96.8093,0.0187,0.75,0.0,1500.0,0.0,6.3
914.5,2026-06-05T19:22:19.436963+00:00,77.0564,-0.0589,96.8534,0.0144,0.75,0.0,1500.0,0.0,6.3
915.0,2026-06-05T19:22:19.941290+00:00,77.0665,-0.1089,96.8642,0.0419,0.75,0.0,1500.0,0.0,6.3
915.5,2026-06-05T19:22:20.436749+00:00,76.947,-0.1473,96.7799,0.0014,0.75,0.0,1500.0,0.0,6.3
916.000692,2026-06-05T19:22:20.937428+00:00,76.9824,-0.1132,96.5763,-0.0838,0.75,0.0,1500.0,0.0,6.3
916.5,2026-06-05T19:22:21.436670+00:00,77.0096,-0.0234,96.5587,-0.0644,0.75,0.0,1500.0,0.0,6.3
917.0,2026-06-05T19:22:21.936878+00:00,76.9032,-0.0816,96.5451,-0.0881,0.75,0.0,1500.0,0.0,6.3
917.501049,2026-06-05T19:22:22.444141+00:00,76.8215,-0.0627,96.5115,-0.114,0.75,0.0,1500.0,0.0,6.3
918.0,2026-06-05T19:22:22.936766+00:00,76.8859,-0.0482,96.5088,-0.1185,0.75,0.0,1500.0,0.0,6.3
918.5,2026-06-05T19:22:23.436741+00:00,76.8082,-0.1007,96.5068,-0.091,0.75,0.0,1500.0,0.0,6.3
919.001231,2026-06-05T19:22:23.938233+00:00,76.8757,-0.0138,96.3664,-0.07,0.75,0.0,1500.0,0.0,6.3
919.500037,2026-06-05T19:22:24.436703+00:00,77.0549,0.1167,96.2816,-0.0924,0.75,0.0,1500.0,0.0,6.3
920.0,2026-06-05T19:22:25.042416+00:00,77.0653,0.0897,96.3321,-0.071,0.75,0.0,1500.0,0.0,6.3
920.5,2026-06-05T19:22:25.436796+00:00,76.8188,0.0053,96.371,-0.0468,0.75,0.0,1500.0,0.0,6.3
921.0,2026-06-05T19:22:25.936824+00:00,76.7566,-0.0596,96.5165,0.0026,0.75,0.0,1500.0,0.0,6.3512
921.5,2026-06-05T19:22:26.436952+00:00,76.7088,-0.173,96.6284,0.0405,0.75,0.0,1500.0,0.0,6.3762
922.0,2026-06-05T19:22:26.936689+00:00,76.7993,-0.133,96.5987,0.0774,0.75,0.0,1500.0,0.0,6.3884
922.5,2026-06-05T19:22:27.441302+00:00,76.7416,-0.0386,96.8073,0.1752,0.75,0.0,1500.0,0.0,6.3431
923.0,2026-06-05T19:22:27.936928+00:00,76.6973,-0.0297,96.9676,0.2118,0.75,0.0,1500.0,0.0,6.3722
923.5,2026-06-05T19:22:28.436704+00:00,76.7905,0.0408,96.7205,0.1165,0.75,0.0,1500.0,0.0,6.3353
924.0,2026-06-05T19:22:28.936691+00:00,76.7348,-0.0322,96.6695,0.051,0.75,0.0,1500.0,0.0,6.3172
924.5,2026-06-05T19:22:29.436665+00:00,76.8193,0.0388,96.746,0.0392,0.75,0.0,1500.0,0.0,6.3084
925.0,2026-06-05T19:22:29.941340+00:00,76.757,0.0299,96.4345,-0.0547,0.75,0.0,1500.0,0.0,6.3041
925.5,2026-06-05T19:22:30.436683+00:00,76.8364,0.023,96.5654,-0.0806,0.75,0.0,1500.0,0.0,6.302
926.0,2026-06-05T19:22:30.936718+00:00,76.8974,0.0813,96.5502,-0.1391,0.75,0.0,1500.0,0.0,6.301
926.5,2026-06-05T19:22:31.436728+00:00,76.817,-0.0012,96.4229,-0.0992,0.75,0.0,1500.0,0.0,6.3005
927.0,2026-06-05T19:22:31.936874+00:00,76.6279,-0.0645,96.6722,0.0009,0.75,0.0,1500.0,0.0,6.3002
927.5,2026-06-05T19:22:32.446615+00:00,76.7372,-0.0496,96.5166,-0.0765,0.75,0.0,1500.0,0.0,6.3001
928.0,2026-06-05T19:22:32.936677+00:00,76.6939,-0.1018,96.5128,0.0261,0.75,0.0,1500.0,0.0,6.3513
928.5,2026-06-05T19:22:33.436693+00:00,76.7878,-0.0146,96.6255,0.02,0.75,0.0,1500.0,0.0,6.325
929.0,2026-06-05T19:22:33.936728+00:00,76.8601,0.1161,96.5965,0.0154,0.75,0.0,1500.0,0.0,6.3122
929.5,2026-06-05T19:22:34.436811+00:00,76.9156,0.0892,96.6898,0.089,0.75,0.0,1500.0,0.0,6.306
930.0,2026-06-05T19:22:34.941526+00:00,76.9583,0.1322,96.7616,0.0298,0.75,0.0,1500.0,0.0,6.3029
930.501206,2026-06-05T19:22:35.438052+00:00,76.9911,0.1016,96.7011,0.0615,0.75,0.0,1500.0,0.0,6.3014
931.0,2026-06-05T19:22:35.936753+00:00,76.889,0.0145,96.6545,0.0473,0.75,0.0,1500.0,0.0,6.3007
931.5,2026-06-05T19:22:36.436692+00:00,76.8106,-0.0525,96.7345,0.0363,0.75,0.0,1500.0,0.0,6.3003
932.0,2026-06-05T19:22:36.936702+00:00,76.7503,-0.104,96.6802,0.0279,0.75,0.0,1500.0,0.0,6.3002
932.5,2026-06-05T19:22:37.442532+00:00,76.8312,-0.0799,96.7774,0.0292,0.75,0.0,1500.0,0.0,6.3001
933.0,2026-06-05T19:22:37.936680+00:00,76.8934,0.0022,96.69,-0.0239,0.75,0.0,1500.0,0.0,6.3
933.5,2026-06-05T19:22:38.436707+00:00,76.9412,0.0653,96.6461,-0.0183,0.75,0.0,1500.0,0.0,6.3
934.0,2026-06-05T19:22:38.936670+00:00,76.7234,-0.0134,96.8437,0.063,0.75,0.0,1500.0,0.0,6.3
934.5,2026-06-05T19:22:39.437033+00:00,76.8106,-0.0103,96.8798,0.0485,0.75,0.0,1500.0,0.0,6.3
935.0,2026-06-05T19:22:39.941284+00:00,76.8775,-0.0079,96.7919,0.0372,0.75,0.0,1500.0,0.0,6.3
935.5,2026-06-05T19:22:40.436946+00:00,76.929,-0.0061,97.0715,0.098,0.75,0.0,1500.0,0.0,6.3
936.0,2026-06-05T19:22:40.937108+00:00,76.8413,0.0589,96.9392,0.0831,0.75,0.0,1500.0,0.0,6.3
936.500742,2026-06-05T19:22:41.437459+00:00,76.7739,-0.0183,96.8145,0.0561,0.75,0.0,1500.0,0.0,6.3
937.0,2026-06-05T19:22:41.936687+00:00,76.9766,0.0495,96.7186,-0.0417,0.75,0.0,1500.0,0.0,6.3
937.5,2026-06-05T19:22:42.445130+00:00,76.8779,-0.0256,96.5523,-0.1092,0.75,0.0,1500.0,0.0,6.3
938.0,2026-06-05T19:22:42.936697+00:00,76.802,-0.0196,96.7716,-0.0068,0.75,0.0,1500.0,0.0,6.3
938.5,2026-06-05T19:22:43.436835+00:00,76.9982,0.1122,96.8244,-0.0823,0.75,0.0,1500.0,0.0,6.3
939.001239,2026-06-05T19:22:43.938060+00:00,76.8945,-0.0411,96.518,-0.1404,0.75,0.0,1500.0,0.0,6.3
939.5,2026-06-05T19:22:44.436675+00:00,76.6875,-0.0952,96.6064,-0.0694,0.75,0.0,1500.0,0.0,6.3
940.0,2026-06-05T19:22:44.941311+00:00,76.783,-0.0095,96.6975,-0.007,0.75,0.0,1500.0,0.0,6.3
940.5,2026-06-05T19:22:45.436696+00:00,76.8563,-0.071,96.6518,0.0332,0.75,0.0,1500.0,0.0,6.3512
941.0,2026-06-05T19:22:45.936653+00:00,76.9127,0.0091,96.7323,-0.0131,0.75,0.0,1500.0,0.0,6.325
941.5,2026-06-05T19:22:46.437266+00:00,76.8288,0.0706,96.91,0.0285,0.75,0.0,1500.0,0.0,6.3122
942.0,2026-06-05T19:22:46.936656+00:00,76.8915,0.0543,96.7226,0.0682,0.75,0.0,1500.0,0.0,6.306
942.5,2026-06-05T19:22:47.441733+00:00,77.0671,0.1054,96.8099,0.0678,0.75,0.0,1500.0,0.0,6.3029
943.0,2026-06-05T19:22:47.936902+00:00,77.0747,0.081,96.8539,0.0521,0.75,0.0,1500.0,0.0,6.3014
943.5,2026-06-05T19:22:48.436718+00:00,76.9533,0.0622,96.772,0.0401,0.75,0.0,1500.0,0.0,6.3007
944.0,2026-06-05T19:22:48.936966+00:00,76.9872,0.0478,96.9405,0.0694,0.75,0.0,1500.0,0.0,6.3003
944.500768,2026-06-05T19:22:49.437467+00:00,76.7588,-0.1541,96.9542,0.0148,0.75,0.0,1500.0,0.0,6.3002
945.0,2026-06-05T19:22:49.942488+00:00,76.8377,-0.1185,96.8491,0.0422,0.75,0.0,1500.0,0.0,6.3001
945.5,2026-06-05T19:22:50.436683+00:00,76.7712,-0.0911,96.9997,0.0633,0.75,0.0,1500.0,0.0,6.3
946.0,2026-06-05T19:22:50.936695+00:00,76.72,-0.1336,96.8841,0.0101,0.75,0.0,1500.0,0.0,6.3
946.5,2026-06-05T19:22:51.436708+00:00,76.6806,-0.0391,97.0266,0.0849,0.75,0.0,1500.0,0.0,6.3
947.0,2026-06-05T19:22:51.936834+00:00,76.7777,-0.03,97.0205,0.0267,0.75,0.0,1500.0,0.0,6.3
947.5,2026-06-05T19:22:52.441462+00:00,76.725,-0.0231,97.0157,0.0205,0.75,0.0,1500.0,0.0,6.3
948.0,2026-06-05T19:22:52.936730+00:00,76.8118,0.0459,97.0121,0.0543,0.75,0.0,1500.0,0.0,6.3
948.5,2026-06-05T19:22:53.436981+00:00,76.7512,0.0353,97.0093,0.0032,0.75,0.0,1500.0,0.0,6.3
949.0,2026-06-05T19:22:53.936700+00:00,76.8319,0.0271,96.984,0.0333,0.75,0.0,1500.0,0.0,6.3
949.5,2026-06-05T19:22:54.436917+00:00,76.7667,0.0208,96.872,-0.0515,0.75,0.0,1500.0,0.0,6.3
950.0,2026-06-05T19:22:54.942694+00:00,76.8438,0.016,96.9016,-0.0396,0.75,0.0,1500.0,0.0,6.3
950.5,2026-06-05T19:22:55.436674+00:00,76.7758,0.0123,97.0401,0.0081,0.75,0.0,1500.0,0.0,6.3
951.0,2026-06-05T19:22:55.936925+00:00,76.8508,0.0095,97.1465,0.0448,0.75,0.0,1500.0,0.0,6.3
951.5,2026-06-05T19:22:56.436696+00:00,76.7812,0.0073,96.9969,-0.0041,0.75,0.0,1500.0,0.0,6.3
952.0,2026-06-05T19:22:56.936676+00:00,76.7277,-0.058,96.8588,-0.0417,0.75,0.0,1500.0,0.0,6.3
952.5,2026-06-05T19:22:57.445106+00:00,76.6866,-0.0446,96.8915,0.0065,0.75,0.0,1500.0,0.0,6.3
953.0,2026-06-05T19:22:57.936674+00:00,76.5277,-0.1616,96.9166,0.005,0.75,0.0,1500.0,0.0,6.3
953.5,2026-06-05T19:22:58.436678+00:00,76.6601,-0.0605,96.8202,-0.0733,0.75,0.0,1500.0,0.0,6.3
954.0,2026-06-05T19:22:58.938903+00:00,76.5074,-0.1102,96.7461,-0.1335,0.75,0.0,1500.0,0.0,6.3
954.5,2026-06-05T19:22:59.436697+00:00,76.6445,-0.021,96.5734,-0.1412,0.75,0.0,1500.0,0.0,6.3
955.0,2026-06-05T19:22:59.941230+00:00,76.6226,0.0475,96.7879,-0.0236,0.75,0.0,1500.0,0.0,6.3
955.5,2026-06-05T19:23:00.436819+00:00,76.7331,0.0365,96.6055,-0.0953,0.75,0.0,1500.0,0.0,6.3
956.0,2026-06-05T19:23:00.936675+00:00,76.5635,0.028,96.5811,-0.1118,0.75,0.0,1500.0,0.0,6.3
956.5,2026-06-05T19:23:01.436679+00:00,76.6876,0.0216,96.6549,-0.0551,0.75,0.0,1500.0,0.0,6.3
957.0,2026-06-05T19:23:01.936786+00:00,76.783,0.0802,96.6191,-0.0423,0.75,0.0,1500.0,0.0,6.3
957.5,2026-06-05T19:23:02.442531+00:00,76.8564,0.0616,96.8229,0.0832,0.75,0.0,1500.0,0.0,6.3
958.0,2026-06-05T19:23:02.936705+00:00,76.9128,0.1746,96.8639,0.0253,0.75,0.0,1500.0,0.0,6.3
958.5,2026-06-05T19:23:03.436662+00:00,76.8288,0.0706,96.8954,0.0966,0.75,0.0,1500.0,0.0,6.3
959.0,2026-06-05T19:23:03.936853+00:00,76.7643,-0.0094,96.8039,0.0743,0.75,0.0,1500.0,0.0,6.3
959.5,2026-06-05T19:23:04.436723+00:00,76.7147,-0.0708,96.9418,0.0956,0.75,0.0,1500.0,0.0,6.3
960.0,2026-06-05T19:23:04.940964+00:00,76.8039,-0.0544,96.8396,0.0735,0.75,0.0,1500.0,0.0,6.3
960.5,2026-06-05T19:23:05.436690+00:00,76.7451,-0.0418,96.9924,0.0565,0.75,0.0,1500.0,0.0,6.3
961.001056,2026-06-05T19:23:05.937931+00:00,76.9545,0.0951,97.1099,0.082,0.75,0.0,1500.0,0.0,6.3
961.5,2026-06-05T19:23:06.436658+00:00,76.7336,0.0095,97.0844,0.063,0.75,0.0,1500.0,0.0,6.3
962.0,2026-06-05T19:23:06.937012+00:00,76.6911,-0.0564,97.0649,0.087,0.75,0.0,1500.0,0.0,6.3
962.5,2026-06-05T19:23:07.442025+00:00,76.913,0.084,96.911,-0.0103,0.75,0.0,1500.0,0.0,6.3
963.0,2026-06-05T19:23:07.936709+00:00,76.9563,0.0009,96.9316,0.0307,0.75,0.0,1500.0,0.0,6.3
963.5,2026-06-05T19:23:08.436908+00:00,76.9895,0.128,96.9475,-0.015,0.75,0.0,1500.0,0.0,6.3
964.0,2026-06-05T19:23:08.936926+00:00,77.0151,0.162,96.7282,-0.1272,0.75,0.0,1500.0,0.0,6.3
964.5,2026-06-05T19:23:09.436732+00:00,77.0347,0.0609,96.9068,-0.0592,0.75,0.0,1500.0,0.0,6.3
965.0,2026-06-05T19:23:09.944370+00:00,76.9226,-0.0169,96.9284,-0.0455,0.75,0.0,1500.0,0.0,6.3
965.5,2026-06-05T19:23:10.436694+00:00,76.5818,-0.2039,96.8292,-0.0273,0.75,0.0,1500.0,0.0,6.3
966.0,2026-06-05T19:23:10.937123+00:00,76.5745,-0.2203,96.9845,0.0176,0.75,0.0,1500.0,0.0,6.3
966.5,2026-06-05T19:23:11.436700+00:00,76.6961,-0.1693,96.9881,0.0135,0.75,0.0,1500.0,0.0,6.3
967.0,2026-06-05T19:23:11.936802+00:00,76.6623,-0.1302,97.1065,0.1261,0.75,0.0,1500.0,0.0,6.2488
967.5,2026-06-05T19:23:12.444294+00:00,76.7636,0.0909,97.0819,0.0584,0.75,0.0,1500.0,0.0,6.2238
968.0,2026-06-05T19:23:12.936682+00:00,76.7141,0.0698,96.8315,-0.0323,0.75,0.0,1500.0,0.0,6.2628
968.5,2026-06-05T19:23:13.436732+00:00,76.5489,-0.0736,96.9862,0.0523,0.75,0.0,1500.0,0.0,6.2819
969.0,2026-06-05T19:23:13.936684+00:00,76.5491,-0.0566,96.9894,0.0016,0.75,0.0,1500.0,0.0,6.2911
969.5,2026-06-05T19:23:14.436675+00:00,76.5493,-0.1071,96.6448,-0.1144,0.75,0.0,1500.0,0.0,6.2957
970.0,2026-06-05T19:23:14.941788+00:00,76.6768,-0.0187,96.727,-0.1265,0.75,0.0,1500.0,0.0,6.2979
970.5,2026-06-05T19:23:15.437233+00:00,76.6474,0.0493,96.767,-0.105,0.75,0.0,1500.0,0.0,6.2478
971.0,2026-06-05T19:23:15.937194+00:00,76.6249,0.0379,96.7052,-0.0421,0.75,0.0,1500.0,0.0,6.2745
971.5,2026-06-05T19:23:16.436706+00:00,76.6076,0.0291,96.7503,-0.0786,0.75,0.0,1500.0,0.0,6.2876
972.0,2026-06-05T19:23:16.936712+00:00,76.5942,-0.0413,96.6924,-0.099,0.75,0.0,1500.0,0.0,6.2939
972.50031,2026-06-05T19:23:17.441464+00:00,76.584,-0.0317,96.5322,-0.0375,0.75,0.0,1500.0,0.0,6.3482
973.0,2026-06-05T19:23:17.936840+00:00,76.4489,-0.088,96.409,-0.106,0.75,0.0,1500.0,0.0,6.3747
973.5,2026-06-05T19:23:18.436705+00:00,76.4723,-0.0676,96.5458,-0.0737,0.75,0.0,1500.0,0.0,6.3877
974.000744,2026-06-05T19:23:18.937684+00:00,76.4903,-0.052,96.3963,-0.103,0.75,0.0,1500.0,0.0,6.394
974.5,2026-06-05T19:23:19.436686+00:00,76.6313,0.0237,96.6286,-0.0406,0.75,0.0,1500.0,0.0,6.3971
975.0,2026-06-05T19:23:19.944450+00:00,76.7398,0.1455,96.622,-0.0235,0.75,0.0,1500.0,0.0,6.3986
975.5,2026-06-05T19:23:20.437139+00:00,76.9504,0.2391,96.4549,-0.0258,0.75,0.0,1500.0,0.0,6.3993
976.0,2026-06-05T19:23:20.936968+00:00,76.985,0.2474,96.4653,0.0188,0.75,0.0,1500.0,0.0,6.3997
976.5,2026-06-05T19:23:21.436693+00:00,77.0116,0.1901,96.4734,-0.0241,0.75,0.0,1500.0,0.0,6.3998
977.0,2026-06-05T19:23:21.936691+00:00,77.0321,0.1461,96.3638,-0.0108,0.75,0.0,1500.0,0.0,6.3999
977.5,2026-06-05T19:23:22.441246+00:00,76.9205,-0.0149,96.511,-0.0392,0.75,0.0,1500.0,0.0,6.3488
978.0,2026-06-05T19:23:22.936996+00:00,76.8348,-0.0751,96.2771,-0.115,0.75,0.0,1500.0,0.0,6.375
978.5,2026-06-05T19:23:23.436677+00:00,76.7689,-0.1214,96.1898,-0.0884,0.75,0.0,1500.0,0.0,6.3366
979.0,2026-06-05T19:23:23.936770+00:00,76.8455,-0.0933,96.2847,-0.0602,0.75,0.0,1500.0,0.0,6.3179
979.5,2026-06-05T19:23:24.437012+00:00,76.9044,-0.0081,96.3346,-0.0463,0.75,0.0,1500.0,0.0,6.3087
980.000279,2026-06-05T19:23:24.943745+00:00,76.9497,0.0574,96.4654,0.0339,0.75,0.0,1500.0,0.0,6.3043
980.5,2026-06-05T19:23:25.436898+00:00,76.7299,-0.0195,96.4503,-0.0203,0.75,0.0,1500.0,0.0,6.3021
981.0,2026-06-05T19:23:25.937002+00:00,76.8155,-0.015,96.4618,0.0616,0.75,0.0,1500.0,0.0,6.301
981.5,2026-06-05T19:23:26.436659+00:00,76.7541,-0.0751,96.4475,0.0859,0.75,0.0,1500.0,0.0,6.2493
982.0,2026-06-05T19:23:26.936774+00:00,76.7069,-0.1214,96.3208,0.012,0.75,0.0,1500.0,0.0,6.2241
982.5,2026-06-05T19:23:27.446405+00:00,76.416,-0.1569,96.478,0.0478,0.75,0.0,1500.0,0.0,6.2117
983.0,2026-06-05T19:23:27.936760+00:00,76.3198,-0.2479,96.1128,-0.1175,0.75,0.0,1500.0,0.0,6.2569
983.5,2026-06-05T19:23:28.436682+00:00,76.373,-0.1905,96.3181,-0.044,0.75,0.0,1500.0,0.0,6.279
984.0,2026-06-05T19:23:28.937008+00:00,76.2867,-0.2101,96.4759,0.0047,0.75,0.0,1500.0,0.0,6.2897
984.5,2026-06-05T19:23:29.436678+00:00,76.4749,0.0294,96.3658,-0.0272,0.75,0.0,1500.0,0.0,6.295
985.0,2026-06-05T19:23:29.945257+00:00,76.4923,0.0863,96.6282,0.1025,0.75,0.0,1500.0,0.0,6.2976
985.5,2026-06-05T19:23:30.437051+00:00,76.5056,0.0663,96.4829,0.0016,0.75,0.0,1500.0,0.0,6.2988
986.0,2026-06-05T19:23:30.936706+00:00,76.5159,0.1146,96.2554,0.0475,0.75,0.0,1500.0,0.0,6.2994
986.5,2026-06-05T19:23:31.436877+00:00,76.3965,-0.0392,96.5434,0.0751,0.75,0.0,1500.0,0.0,6.2997
987.0,2026-06-05T19:23:31.937028+00:00,76.5593,0.0335,96.6491,0.0577,0.75,0.0,1500.0,0.0,6.2999
987.5,2026-06-05T19:23:32.441547+00:00,76.5572,0.0258,96.6377,0.0906,0.75,0.0,1500.0,0.0,6.2999
988.0,2026-06-05T19:23:32.936701+00:00,76.6828,0.0834,96.7216,0.0311,0.75,0.0,1500.0,0.0,6.3
988.5,2026-06-05T19:23:33.436798+00:00,76.7793,0.1914,96.4157,-0.0224,0.75,0.0,1500.0,0.0,6.3
989.0,2026-06-05T19:23:33.936666+00:00,76.8535,0.1471,96.2038,-0.0172,0.75,0.0,1500.0,0.0,6.3
989.5,2026-06-05T19:23:34.436802+00:00,76.7833,0.1131,96.3881,-0.0518,0.75,0.0,1500.0,0.0,6.3
990.0,2026-06-05T19:23:34.944815+00:00,76.9838,0.1505,96.6454,-0.0012,0.75,0.0,1500.0,0.0,6.3
990.5,2026-06-05T19:23:35.436695+00:00,77.0107,0.1157,96.5886,-0.0164,0.75,0.0,1500.0,0.0,6.3
991.0,2026-06-05T19:23:35.937050+00:00,77.0314,0.0889,96.6838,-0.0126,0.75,0.0,1500.0,0.0,6.3
991.500202,2026-06-05T19:23:36.438092+00:00,76.92,0.0684,96.5256,0.0366,0.75,0.0,1500.0,0.0,6.3
992.000743,2026-06-05T19:23:36.937523+00:00,76.8344,-0.0747,96.4039,0.0667,0.75,0.0,1500.0,0.0,6.3
992.5,2026-06-05T19:23:37.442861+00:00,76.7686,-0.1211,96.5419,0.0513,0.75,0.0,1500.0,0.0,6.3
993.0,2026-06-05T19:23:37.936698+00:00,76.8453,-0.0931,96.5553,-0.03,0.75,0.0,1500.0,0.0,6.3
993.5,2026-06-05T19:23:38.436679+00:00,76.7769,-0.0715,96.5425,-0.0154,0.75,0.0,1500.0,0.0,6.3
994.0,2026-06-05T19:23:38.936762+00:00,76.8517,0.0087,96.7641,0.0268,0.75,0.0,1500.0,0.0,6.3
994.5,2026-06-05T19:23:39.436704+00:00,76.7819,0.0067,96.4716,-0.018,0.75,0.0,1500.0,0.0,6.3512
995.0,2026-06-05T19:23:39.945475+00:00,76.8555,0.0051,96.3625,-0.0138,0.75,0.0,1500.0,0.0,6.3762
995.5,2026-06-05T19:23:40.436836+00:00,76.7848,0.0039,96.3943,-0.0492,0.75,0.0,1500.0,0.0,6.3884
996.001218,2026-06-05T19:23:40.938145+00:00,76.8577,0.003,96.3262,-0.0764,0.75,0.0,1500.0,0.0,6.3943
996.5,2026-06-05T19:23:41.436941+00:00,76.7865,0.0023,96.4821,-0.0201,0.75,0.0,1500.0,0.0,6.3972
997.0,2026-06-05T19:23:41.936741+00:00,76.7318,-0.0618,96.6019,-0.054,0.75,0.0,1500.0,0.0,6.3986
997.501019,2026-06-05T19:23:42.445987+00:00,76.6897,-0.0475,96.4627,-0.003,0.75,0.0,1500.0,0.0,6.3481
998.0,2026-06-05T19:23:42.936764+00:00,76.7847,-0.0365,96.4944,0.044,0.75,0.0,1500.0,0.0,6.3747
998.5,2026-06-05T19:23:43.436669+00:00,76.8576,0.0356,96.8428,0.1495,0.75,0.0,1500.0,0.0,6.3365
999.0,2026-06-05T19:23:43.936704+00:00,76.9137,0.091,96.7404,0.1381,0.75,0.0,1500.0,0.0,6.3178
999.5,2026-06-05T19:23:44.436865+00:00,76.8296,0.0699,96.6847,0.0675,0.75,0.0,1500.0,0.0,6.3087
1000.000002,2026-06-05T19:23:44.942965+00:00,76.7649,-0.0099,96.7577,0.0519,0.75,0.0,1500.0,0.0,6.3042
1000.5,2026-06-05T19:23:45.436687+00:00,76.5879,-0.1349,96.5592,0.0322,0.75,0.0,1500.0,0.0,6.3021
1001.0,2026-06-05T19:23:45.936685+00:00,76.5791,-0.1673,96.4298,-0.0215,0.75,0.0,1500.0,0.0,6.301
1001.5,2026-06-05T19:23:46.436741+00:00,76.6996,-0.065,96.5386,-0.1014,0.75,0.0,1500.0,0.0,6.3517
1002.0,2026-06-05T19:23:46.936697+00:00,76.665,-0.0499,96.414,-0.1088,0.75,0.0,1500.0,0.0,6.3252
1002.5,2026-06-05T19:23:47.441606+00:00,76.6384,0.0253,96.5496,-0.0451,0.75,0.0,1500.0,0.0,6.3123
1003.0,2026-06-05T19:23:47.936789+00:00,76.7452,0.0831,96.6538,-0.0346,0.75,0.0,1500.0,0.0,6.3572
1003.5,2026-06-05T19:23:48.436686+00:00,76.7,0.0002,96.4794,-0.0266,0.75,0.0,1500.0,0.0,6.3791
1004.0,2026-06-05T19:23:48.936678+00:00,76.7926,0.0638,96.3685,-0.0205,0.75,0.0,1500.0,0.0,6.3898
1004.5,2026-06-05T19:23:49.436664+00:00,76.8637,0.1127,96.3989,-0.0466,0.75,0.0,1500.0,0.0,6.395
1005.0,2026-06-05T19:23:49.946278+00:00,76.7911,0.023,96.2834,-0.0435,0.75,0.0,1500.0,0.0,6.3976
1005.5,2026-06-05T19:23:50.436686+00:00,76.7353,0.0176,96.3336,-0.072,0.75,0.0,1500.0,0.0,6.3476
1006.0,2026-06-05T19:23:50.936765+00:00,76.5652,-0.1137,96.3489,-0.1016,0.75,0.0,1500.0,0.0,6.3232
1006.5,2026-06-05T19:23:51.436696+00:00,76.4344,-0.2147,96.1293,-0.1167,0.75,0.0,1500.0,0.0,6.3113
1007.0,2026-06-05T19:23:51.936744+00:00,76.4611,-0.165,96.0994,-0.0897,0.75,0.0,1500.0,0.0,6.3055
1007.5,2026-06-05T19:23:52.441708+00:00,76.3544,-0.1904,96.1921,-0.0689,0.75,0.0,1500.0,0.0,6.3027
1008.001025,2026-06-05T19:23:52.937737+00:00,76.527,-0.0191,96.2402,-0.0144,0.75,0.0,1500.0,0.0,6.3013
1008.5,2026-06-05T19:23:53.436943+00:00,76.6596,0.1126,96.3003,-0.0111,0.75,0.0,1500.0,0.0,6.3006
1009.0,2026-06-05T19:23:53.936680+00:00,76.6342,0.0865,96.2308,-0.0394,0.75,0.0,1500.0,0.0,6.3003
1009.501019,2026-06-05T19:23:54.437729+00:00,76.742,0.1938,96.27,0.0469,0.75,0.0,1500.0,0.0,6.3002
1010.0,2026-06-05T19:23:54.943302+00:00,76.6976,0.0853,96.4389,0.1132,0.75,0.0,1500.0,0.0,6.3001
1010.5,2026-06-05T19:23:55.436702+00:00,76.6634,0.0019,96.5687,0.1255,0.75,0.0,1500.0,0.0,6.3
1011.000561,2026-06-05T19:23:55.937236+00:00,76.7644,0.0651,96.5528,0.1042,0.75,0.0,1500.0,0.0,6.2488
1011.5,2026-06-05T19:23:56.436682+00:00,76.8421,0.05,96.772,0.1572,0.75,0.0,1500.0,0.0,6.2238
1012.0,2026-06-05T19:23:56.936695+00:00,76.9018,0.1021,96.6859,0.1517,0.75,0.0,1500.0,0.0,6.2116
1012.5,2026-06-05T19:23:57.443082+00:00,76.9476,0.1421,96.2727,0.0009,0.75,0.0,1500.0,0.0,6.2057
1013.0,2026-06-05T19:23:57.936775+00:00,76.8556,0.0456,96.3253,-0.0379,0.75,0.0,1500.0,0.0,6.254
1013.5,2026-06-05T19:23:58.436705+00:00,76.6576,-0.0922,96.25,-0.1062,0.75,0.0,1500.0,0.0,6.2263
1014.001238,2026-06-05T19:23:58.938037+00:00,76.6327,-0.1345,96.0765,-0.1588,0.75,0.0,1500.0,0.0,6.2129
1014.5,2026-06-05T19:23:59.436700+00:00,76.8681,-0.0398,96.2902,-0.1606,0.75,0.0,1500.0,0.0,6.2063
1015.0,2026-06-05T19:23:59.941434+00:00,76.9218,0.0331,96.223,-0.1543,0.75,0.0,1500.0,0.0,6.2031
1015.500558,2026-06-05T19:24:00.437274+00:00,76.8358,0.0891,96.264,-0.0029,0.75,0.0,1500.0,0.0,6.2527
1016.0,2026-06-05T19:24:00.936763+00:00,77.0242,0.1957,96.3186,-0.0022,0.75,0.0,1500.0,0.0,6.2257
1016.5,2026-06-05T19:24:01.436720+00:00,77.0417,0.0868,96.4763,0.0754,0.75,0.0,1500.0,0.0,6.2125
1017.000561,2026-06-05T19:24:01.937234+00:00,76.9279,0.0031,96.5049,0.1428,0.75,0.0,1500.0,0.0,6.2061
1017.5,2026-06-05T19:24:02.443996+00:00,76.9677,0.066,96.6195,0.1098,0.75,0.0,1500.0,0.0,6.203
1018.0,2026-06-05T19:24:02.937311+00:00,76.9984,-0.0129,96.7075,0.1615,0.75,0.0,1500.0,0.0,6.2527
1018.5,2026-06-05T19:24:03.436701+00:00,77.1491,0.0537,96.405,0.047,0.75,0.0,1500.0,0.0,6.2769
1019.0,2026-06-05T19:24:03.936908+00:00,77.1378,0.1049,96.1956,-0.041,0.75,0.0,1500.0,0.0,6.2887
1019.5,2026-06-05T19:24:04.436797+00:00,77.129,0.0806,96.0346,-0.1472,0.75,0.0,1500.0,0.0,6.2945
1020.0,2026-06-05T19:24:04.944385+00:00,76.8678,-0.0653,96.0266,-0.1594,0.75,0.0,1500.0,0.0,6.2973
1020.5,2026-06-05T19:24:05.436768+00:00,76.667,-0.2411,96.1593,-0.1534,0.75,0.0,1500.0,0.0,6.2987
1021.0,2026-06-05T19:24:05.936668+00:00,76.6399,-0.2489,96.1224,-0.195,0.75,0.0,1500.0,0.0,6.2994
1021.501228,2026-06-05T19:24:06.438296+00:00,76.7464,-0.1913,96.071,-0.1113,0.75,0.0,1500.0,0.0,6.2997
1022.0,2026-06-05T19:24:06.936906+00:00,76.7009,-0.0834,96.2628,0.0224,0.75,0.0,1500.0,0.0,6.2998
1022.5,2026-06-05T19:24:07.442755+00:00,76.7933,0.0632,96.3177,0.0944,0.75,0.0,1500.0,0.0,6.2487
1023.00126,2026-06-05T19:24:07.938073+00:00,76.4824,-0.0787,96.2442,0.0725,0.75,0.0,1500.0,0.0,6.275
1023.5,2026-06-05T19:24:08.436664+00:00,76.7526,0.0031,96.5348,0.1252,0.75,0.0,1500.0,0.0,6.2878
1024.0,2026-06-05T19:24:08.937373+00:00,76.7057,0.0024,96.6424,0.1733,0.75,0.0,1500.0,0.0,6.294
1024.5,2026-06-05T19:24:09.436698+00:00,76.6697,-0.0618,96.4938,0.1409,0.75,0.0,1500.0,0.0,6.2971
1025.0,2026-06-05T19:24:09.942391+00:00,76.642,0.0798,96.7035,0.1469,0.75,0.0,1500.0,0.0,6.2986
1025.5,2026-06-05T19:24:10.436786+00:00,76.748,-0.0023,96.8878,0.19,0.75,0.0,1500.0,0.0,6.2993
1026.0,2026-06-05T19:24:10.936699+00:00,76.8294,0.0619,96.7055,0.1538,0.75,0.0,1500.0,0.0,6.2485
1026.5,2026-06-05T19:24:11.436678+00:00,76.892,0.1112,96.7736,0.0796,0.75,0.0,1500.0,0.0,6.2748
1027.0,2026-06-05T19:24:11.936765+00:00,76.8129,0.0854,96.8029,0.0535,0.75,0.0,1500.0,0.0,6.2877
1027.5,2026-06-05T19:24:12.441912+00:00,77.0066,0.1293,96.7328,0.0797,0.75,0.0,1500.0,0.0,6.294
1028.0,2026-06-05T19:24:12.936683+00:00,76.9009,0.0358,96.7946,0.0304,0.75,0.0,1500.0,0.0,6.3483
1028.5,2026-06-05T19:24:13.436776+00:00,76.947,0.0275,96.7264,-0.0538,0.75,0.0,1500.0,0.0,6.3748
1029.0,2026-06-05T19:24:13.936685+00:00,76.9824,0.0848,96.674,-0.0105,0.75,0.0,1500.0,0.0,6.3877
1029.5,2026-06-05T19:24:14.436946+00:00,76.8823,-0.0621,96.8652,0.0305,0.75,0.0,1500.0,0.0,6.394
1030.0,2026-06-05T19:24:14.941855+00:00,76.8054,-0.0478,96.8732,0.0235,0.75,0.0,1500.0,0.0,6.3971
1030.5,2026-06-05T19:24:15.436818+00:00,76.7463,-0.1003,96.7637,0.0103,0.75,0.0,1500.0,0.0,6.3474
1031.0,2026-06-05T19:24:15.936711+00:00,76.7009,-0.1408,96.9341,0.0465,0.75,0.0,1500.0,0.0,6.3231
1031.5,2026-06-05T19:24:16.436660+00:00,76.4114,-0.2355,96.9493,0.0743,0.75,0.0,1500.0,0.0,6.3113
1032.0,2026-06-05T19:24:16.936678+00:00,76.3162,-0.2446,96.9611,0.0957,0.75,0.0,1500.0,0.0,6.3055
1032.5,2026-06-05T19:24:17.446467+00:00,76.3703,-0.188,96.9701,0.035,0.75,0.0,1500.0,0.0,6.3027
1033.0,2026-06-05T19:24:17.936694+00:00,76.4119,-0.1445,96.977,0.0346,0.75,0.0,1500.0,0.0,6.3013
1033.5,2026-06-05T19:24:18.436728+00:00,76.4439,0.0162,97.098,0.1114,0.75,0.0,1500.0,0.0,6.3006
1034.000366,2026-06-05T19:24:18.937079+00:00,76.4684,0.0761,97.0753,0.0471,0.75,0.0,1500.0,0.0,6.3003
1034.5,2026-06-05T19:24:19.436903+00:00,76.4873,0.0585,96.9422,-0.0024,0.75,0.0,1500.0,0.0,6.3002
1035.0,2026-06-05T19:24:19.941600+00:00,76.7563,0.1722,96.9556,-0.0018,0.75,0.0,1500.0,0.0,6.3001
1035.5,2026-06-05T19:24:20.436815+00:00,76.7086,0.1324,96.7113,-0.0863,0.75,0.0,1500.0,0.0,6.3
1036.0,2026-06-05T19:24:20.936668+00:00,76.7992,0.1654,97.0095,0.0108,0.75,0.0,1500.0,0.0,6.3
1036.5,2026-06-05T19:24:21.436814+00:00,76.8688,0.1907,97.123,0.0083,0.75,0.0,1500.0,0.0,6.3
1037.0,2026-06-05T19:24:21.936676+00:00,76.795,0.0193,97.2103,0.045,0.75,0.0,1500.0,0.0,6.3
1037.5,2026-06-05T19:24:22.441400+00:00,76.7383,0.0149,97.2773,0.1117,0.75,0.0,1500.0,0.0,6.3
1038.0,2026-06-05T19:24:22.936701+00:00,76.822,0.0114,97.2131,0.0859,0.75,0.0,1500.0,0.0,6.3
1038.5,2026-06-05T19:24:23.436679+00:00,76.8863,0.0088,97.1638,0.1508,0.75,0.0,1500.0,0.0,6.3
1039.0,2026-06-05T19:24:23.936745+00:00,76.8085,0.0067,97.1259,0.0388,0.75,0.0,1500.0,0.0,6.3
1039.5,2026-06-05T19:24:24.436693+00:00,76.7487,0.0052,96.8654,-0.0859,0.75,0.0,1500.0,0.0,6.3
1040.0,2026-06-05T19:24:24.940981+00:00,76.83,0.004,96.6651,-0.1817,0.75,0.0,1500.0,0.0,6.3
1040.5,2026-06-05T19:24:25.436887+00:00,77.0197,0.0667,96.7426,-0.1782,0.75,0.0,1500.0,0.0,6.3
1041.001013,2026-06-05T19:24:25.937715+00:00,77.0383,0.1149,96.4551,-0.2527,0.75,0.0,1500.0,0.0,6.3
1041.5,2026-06-05T19:24:26.436671+00:00,77.0526,0.1519,96.5812,-0.1942,0.75,0.0,1500.0,0.0,6.3
1042.0,2026-06-05T19:24:26.936975+00:00,77.1908,0.1804,96.7938,-0.1107,0.75,0.0,1500.0,0.0,6.3
1042.5,2026-06-05T19:24:27.441797+00:00,77.1698,0.075,96.587,-0.0928,0.75,0.0,1500.0,0.0,6.2488
1043.0,2026-06-05T19:24:27.936670+00:00,77.1537,0.0577,96.5668,-0.0328,0.75,0.0,1500.0,0.0,6.275
1043.5,2026-06-05T19:24:28.436992+00:00,77.1412,0.0443,96.5282,-0.0715,0.75,0.0,1500.0,0.0,6.2878
1044.0,2026-06-05T19:24:28.936713+00:00,77.1317,-0.0296,96.6374,0.0608,0.75,0.0,1500.0,0.0,6.294
1044.5,2026-06-05T19:24:29.436672+00:00,77.1244,-0.0227,96.6056,0.0081,0.75,0.0,1500.0,0.0,6.2971
1045.0,2026-06-05T19:24:29.946755+00:00,76.9915,-0.0811,96.6737,-0.04,0.75,0.0,1500.0,0.0,6.2986
1045.5,2026-06-05T19:24:30.436700+00:00,77.0166,-0.0623,96.6335,0.0155,0.75,0.0,1500.0,0.0,6.2993
1046.0,2026-06-05T19:24:30.936692+00:00,76.9086,-0.1115,96.834,0.0891,0.75,0.0,1500.0,0.0,6.2997
1046.5,2026-06-05T19:24:31.436729+00:00,76.6984,-0.213,96.7567,0.0762,0.75,0.0,1500.0,0.0,6.2998
1047.0,2026-06-05T19:24:31.936940+00:00,76.664,-0.1637,96.813,0.0585,0.75,0.0,1500.0,0.0,6.2999
1047.5,2026-06-05T19:24:32.443255+00:00,76.6376,-0.1895,97.0877,0.1607,0.75,0.0,1500.0,0.0,6.3
1048.0,2026-06-05T19:24:32.936741+00:00,76.6174,-0.1456,96.8591,0.0618,0.75,0.0,1500.0,0.0,6.3
1048.5,2026-06-05T19:24:33.436686+00:00,76.6018,-0.0483,96.8917,0.0861,0.75,0.0,1500.0,0.0,6.3
1049.0,2026-06-05T19:24:33.936673+00:00,76.5898,-0.0371,97.0325,0.0662,0.75,0.0,1500.0,0.0,6.3
1049.5,2026-06-05T19:24:34.436709+00:00,76.8351,0.0987,97.025,0.0894,0.75,0.0,1500.0,0.0,6.3
1050.0,2026-06-05T19:24:34.942808+00:00,76.8964,0.1395,96.9035,0.0302,0.75,0.0,1500.0,0.0,6.3
1050.500737,2026-06-05T19:24:35.438155+00:00,76.9435,0.1709,97.0415,-0.0154,0.75,0.0,1500.0,0.0,6.3
1051.0,2026-06-05T19:24:35.936683+00:00,76.8525,0.1313,97.1476,0.0962,0.75,0.0,1500.0,0.0,6.3
1051.5,2026-06-05T19:24:36.436862+00:00,77.037,0.1009,97.1135,0.0739,0.75,0.0,1500.0,0.0,6.3
1052.0,2026-06-05T19:24:36.936766+00:00,77.0516,0.0776,96.9715,-0.0203,0.75,0.0,1500.0,0.0,6.3
1052.5,2026-06-05T19:24:37.442872+00:00,77.1901,0.1233,97.0938,0.0229,0.75,0.0,1500.0,0.0,6.3
1053.0,2026-06-05T19:24:37.936806+00:00,77.1692,0.1584,96.9333,0.0099,0.75,0.0,1500.0,0.0,6.3
1053.5,2026-06-05T19:24:38.436689+00:00,76.8987,-0.0692,96.833,-0.0695,0.75,0.0,1500.0,0.0,6.3
1054.0,2026-06-05T19:24:38.936964+00:00,77.0725,0.0105,96.9873,-0.0534,0.75,0.0,1500.0,0.0,6.3
1054.5,2026-06-05T19:24:39.436908+00:00,77.0789,-0.0556,96.9903,-0.0411,0.75,0.0,1500.0,0.0,6.3
1055.0,2026-06-05T19:24:39.942394+00:00,76.8292,-0.17,96.9925,0.007,0.75,0.0,1500.0,0.0,6.3
1055.5,2026-06-05T19:24:40.436698+00:00,76.7646,-0.067,96.7629,-0.1103,0.75,0.0,1500.0,0.0,6.3
1056.0,2026-06-05T19:24:40.937093+00:00,76.715,-0.1788,96.702,-0.0771,0.75,0.0,1500.0,0.0,6.3
1056.5,2026-06-05T19:24:41.436675+00:00,76.6768,-0.201,96.6321,-0.067,0.75,0.0,1500.0,0.0,6.3
1057.0,2026-06-05T19:24:41.936907+00:00,76.6474,-0.0909,96.5784,-0.1363,0.75,0.0,1500.0,0.0,6.3
1057.5,2026-06-05T19:24:42.446695+00:00,76.7522,-0.0062,96.4214,-0.1896,0.75,0.0,1500.0,0.0,6.2488
1058.001068,2026-06-05T19:24:42.937835+00:00,76.8327,0.0589,96.3239,-0.2229,0.75,0.0,1500.0,0.0,6.275
1058.5,2026-06-05T19:24:43.436944+00:00,77.0218,0.1725,96.4804,-0.0942,0.75,0.0,1500.0,0.0,6.2878
1059.000844,2026-06-05T19:24:43.937557+00:00,77.0399,0.1962,96.6006,-0.0338,0.75,0.0,1500.0,0.0,6.294
1059.5,2026-06-05T19:24:44.436690+00:00,77.0538,0.1508,96.5773,-0.0183,0.75,0.0,1500.0,0.0,6.2971
1060.0,2026-06-05T19:24:44.941645+00:00,77.0645,0.1159,96.4437,-0.0449,0.75,0.0,1500.0,0.0,6.2986
1060.5,2026-06-05T19:24:45.437107+00:00,76.9454,-0.0382,96.3411,-0.0268,0.75,0.0,1500.0,0.0,6.2993
1061.0,2026-06-05T19:24:45.936683+00:00,76.8539,-0.093,96.3778,0.018,0.75,0.0,1500.0,0.0,6.2997
1061.5,2026-06-05T19:24:46.436964+00:00,76.9109,-0.0715,96.4061,-0.0248,0.75,0.0,1500.0,0.0,6.2998
1062.00087,2026-06-05T19:24:46.937584+00:00,76.8274,-0.1186,96.4278,-0.0576,0.75,0.0,1500.0,0.0,6.2999
1062.5,2026-06-05T19:24:47.442409+00:00,76.7632,-0.0911,96.4214,-0.052,0.75,0.0,1500.0,0.0,6.3512
1063.0,2026-06-05T19:24:47.936732+00:00,76.8411,-0.0064,96.4396,-0.0014,0.75,0.0,1500.0,0.0,6.325
1063.5,2026-06-05T19:24:48.436743+00:00,76.6465,-0.1322,96.4536,0.0375,0.75,0.0,1500.0,0.0,6.3122
1064.0,2026-06-05T19:24:48.936798+00:00,76.6242,-0.1016,96.58,0.0674,0.75,0.0,1500.0,0.0,6.3059
1064.5,2026-06-05T19:24:49.436865+00:00,76.607,-0.0781,96.6772,0.0904,0.75,0.0,1500.0,0.0,6.3029
1065.0,2026-06-05T19:24:49.944606+00:00,76.5938,-0.1237,96.6593,0.0772,0.75,0.0,1500.0,0.0,6.3014
1065.5,2026-06-05T19:24:50.436753+00:00,76.7109,0.0322,96.5068,0.0285,0.75,0.0,1500.0,0.0,6.3519
1066.0,2026-06-05T19:24:50.936663+00:00,76.5464,-0.0389,96.6209,0.0604,0.75,0.0,1500.0,0.0,6.3765
1066.5,2026-06-05T19:24:51.436730+00:00,76.5473,-0.0299,96.5929,0.0465,0.75,0.0,1500.0,0.0,6.3885
1067.0,2026-06-05T19:24:51.936819+00:00,76.5479,-0.023,96.6871,0.0357,0.75,0.0,1500.0,0.0,6.3944
1067.5,2026-06-05T19:24:52.444586+00:00,76.6756,-0.0176,96.8752,0.066,0.75,0.0,1500.0,0.0,6.3461
1068.000233,2026-06-05T19:24:52.936952+00:00,76.6466,0.0501,96.7653,0.0353,0.75,0.0,1500.0,0.0,6.3225
1068.5,2026-06-05T19:24:53.436725+00:00,76.8788,0.1658,96.9353,0.1428,0.75,0.0,1500.0,0.0,6.311
1069.0,2026-06-05T19:24:53.936800+00:00,76.8027,0.1274,96.8346,0.0712,0.75,0.0,1500.0,0.0,6.3054
1069.5,2026-06-05T19:24:54.436688+00:00,76.8715,0.0979,96.7571,0.0547,0.75,0.0,1500.0,0.0,6.3026
1070.0,2026-06-05T19:24:54.941531+00:00,76.9244,0.1389,96.929,0.0806,0.75,0.0,1500.0,0.0,6.3013
1070.5,2026-06-05T19:24:55.436688+00:00,76.965,0.0431,96.8298,-0.0152,0.75,0.0,1500.0,0.0,6.3006
1071.0,2026-06-05T19:24:55.936666+00:00,76.869,0.0331,96.9849,0.0732,0.75,0.0,1500.0,0.0,6.3003
1071.5,2026-06-05T19:24:56.436684+00:00,76.7952,-0.0382,96.757,-0.0594,0.75,0.0,1500.0,0.0,6.3001
1072.000115,2026-06-05T19:24:56.936811+00:00,76.7384,-0.093,96.6744,-0.0534,0.75,0.0,1500.0,0.0,6.3001
1072.5,2026-06-05T19:24:57.443426+00:00,76.8221,-0.0715,96.8654,0.0361,0.75,0.0,1500.0,0.0,6.3
1073.0,2026-06-05T19:24:57.936976+00:00,77.0137,0.0724,96.8966,-0.0108,0.75,0.0,1500.0,0.0,6.3
1073.5,2026-06-05T19:24:58.436698+00:00,76.9064,0.0556,96.8048,-0.0083,0.75,0.0,1500.0,0.0,6.3
1074.0,2026-06-05T19:24:58.937120+00:00,76.6966,-0.0209,96.9657,-0.0064,0.75,0.0,1500.0,0.0,6.3
1074.5,2026-06-05T19:24:59.438687+00:00,76.6627,-0.0797,96.8579,0.0337,0.75,0.0,1500.0,0.0,6.3
1075.0,2026-06-05T19:24:59.941592+00:00,76.7639,-0.1249,96.8908,0.0721,0.75,0.0,1500.0,0.0,6.3
1075.5,2026-06-05T19:25:00.436949+00:00,76.7144,-0.096,96.8004,-0.0217,0.75,0.0,1500.0,0.0,6.3
1076.0,2026-06-05T19:25:00.936701+00:00,76.8036,0.0535,96.8466,-0.0167,0.75,0.0,1500.0,0.0,6.3
1076.5,2026-06-05T19:25:01.436681+00:00,76.7449,0.0411,96.9746,0.0566,0.75,0.0,1500.0,0.0,6.3
1077.0,2026-06-05T19:25:01.936716+00:00,76.6998,-0.032,96.9805,0.0049,0.75,0.0,1500.0,0.0,6.3
1077.5,2026-06-05T19:25:02.443580+00:00,76.7924,0.039,97.0081,0.0501,0.75,0.0,1500.0,0.0,6.3
1078.0,2026-06-05T19:25:02.936678+00:00,76.8636,0.03,97.0988,0.0693,0.75,0.0,1500.0,0.0,6.3
1078.5,2026-06-05T19:25:03.436791+00:00,76.9183,0.0867,97.1917,0.1304,0.75,0.0,1500.0,0.0,6.3
1079.0,2026-06-05T19:25:03.936689+00:00,76.8331,0.0666,97.1473,0.1002,0.75,0.0,1500.0,0.0,6.3
1079.5,2026-06-05T19:25:04.436666+00:00,76.7676,-0.0124,97.2289,0.0848,0.75,0.0,1500.0,0.0,6.3
1080.001213,2026-06-05T19:25:04.943653+00:00,76.7172,-0.0732,97.0602,0.0266,0.75,0.0,1500.0,0.0,6.3
1080.5,2026-06-05T19:25:05.436813+00:00,76.6785,-0.1199,97.0232,0.005,0.75,0.0,1500.0,0.0,6.3
1081.0,2026-06-05T19:25:05.936922+00:00,76.5215,-0.1558,96.9021,-0.0656,0.75,0.0,1500.0,0.0,6.3
1081.501016,2026-06-05T19:25:06.437719+00:00,76.9099,0.0712,96.6934,-0.1661,0.75,0.0,1500.0,0.0,6.3
1082.0,2026-06-05T19:25:06.936662+00:00,76.9539,0.1183,96.6486,-0.1662,0.75,0.0,1500.0,0.0,6.3
1082.5,2026-06-05T19:25:07.441343+00:00,76.8604,0.091,96.6142,-0.2049,0.75,0.0,1500.0,0.0,6.3
1083.0,2026-06-05T19:25:07.936760+00:00,76.7886,0.1335,96.4721,-0.1961,0.75,0.0,1500.0,0.0,6.3
1083.5,2026-06-05T19:25:08.436713+00:00,76.8607,-0.0246,96.4786,-0.1815,0.75,0.0,1500.0,0.0,6.3
1084.0,2026-06-05T19:25:08.936742+00:00,76.6615,-0.1462,96.5067,-0.1318,0.75,0.0,1500.0,0.0,6.3
1084.5,2026-06-05T19:25:09.436700+00:00,76.6357,-0.1124,96.482,-0.0705,0.75,0.0,1500.0,0.0,6.3
1085.0,2026-06-05T19:25:09.942681+00:00,76.7431,-0.0227,96.6018,-0.0156,0.75,0.0,1500.0,0.0,6.3
1085.5,2026-06-05T19:25:10.436775+00:00,76.4439,-0.2084,96.5783,-0.012,0.75,0.0,1500.0,0.0,6.3
1086.0,2026-06-05T19:25:10.936660+00:00,76.5957,-0.0329,96.6759,0.0679,0.75,0.0,1500.0,0.0,6.3
1086.5,2026-06-05T19:25:11.436663+00:00,76.7124,0.0384,96.7509,0.0908,0.75,0.0,1500.0,0.0,6.3
1087.0,2026-06-05T19:25:11.936876+00:00,76.8021,0.0295,96.9242,0.1392,0.75,0.0,1500.0,0.0,6.3512
1087.5,2026-06-05T19:25:12.441219+00:00,76.6165,0.0863,96.9186,0.1455,0.75,0.0,1500.0,0.0,6.3762
1088.0,2026-06-05T19:25:12.936655+00:00,76.7284,0.0663,96.9374,0.1119,0.75,0.0,1500.0,0.0,6.3884
1088.501024,2026-06-05T19:25:13.437758+00:00,76.6871,-0.0127,96.9519,0.1245,0.75,0.0,1500.0,0.0,6.3943
1089.0,2026-06-05T19:25:13.936916+00:00,76.6554,-0.0734,96.963,0.0957,0.75,0.0,1500.0,0.0,6.3972
1089.5,2026-06-05T19:25:14.436854+00:00,76.631,0.0072,97.0873,0.1121,0.75,0.0,1500.0,0.0,6.3986
1090.0,2026-06-05T19:25:14.943984+00:00,76.7395,0.0056,96.9514,0.0091,0.75,0.0,1500.0,0.0,6.3993
1090.5,2026-06-05T19:25:15.436814+00:00,76.6957,0.0043,96.8701,-0.0162,0.75,0.0,1500.0,0.0,6.3997
1091.0,2026-06-05T19:25:15.936773+00:00,76.662,0.0033,96.9001,-0.0124,0.75,0.0,1500.0,0.0,6.3998
1091.5,2026-06-05T19:25:16.436680+00:00,76.7633,0.0662,96.9001,-0.0173,0.75,0.0,1500.0,0.0,6.3487
1092.0,2026-06-05T19:25:16.936802+00:00,76.714,-0.0128,96.9232,-0.0133,0.75,0.0,1500.0,0.0,6.3238
1092.500794,2026-06-05T19:25:17.444035+00:00,76.9306,0.1174,96.8253,-0.0873,0.75,0.0,1500.0,0.0,6.3116
1093.0,2026-06-05T19:25:17.936758+00:00,76.8425,0.0903,96.9814,0.01,0.75,0.0,1500.0,0.0,6.3569
1093.5,2026-06-05T19:25:18.436813+00:00,76.9021,0.0694,97.1014,0.0771,0.75,0.0,1500.0,0.0,6.3789
1094.000119,2026-06-05T19:25:18.936817+00:00,76.9479,0.117,96.8466,-0.0179,0.75,0.0,1500.0,0.0,6.3897
1094.5,2026-06-05T19:25:19.436703+00:00,76.9831,0.0263,96.7432,-0.0523,0.75,0.0,1500.0,0.0,6.3438
1095.0,2026-06-05T19:25:19.944442+00:00,77.0101,0.0838,96.9183,-0.0016,0.75,0.0,1500.0,0.0,6.3214
1095.5,2026-06-05T19:25:20.436673+00:00,76.9037,0.0008,96.7058,-0.0398,0.75,0.0,1500.0,0.0,6.3104
1096.0,2026-06-05T19:25:20.936678+00:00,76.8218,-0.063,97.0053,0.008,0.75,0.0,1500.0,0.0,6.3051
1096.5,2026-06-05T19:25:21.436676+00:00,76.8862,-0.0484,97.0041,-0.0324,0.75,0.0,1500.0,0.0,6.3025
1097.0,2026-06-05T19:25:21.936690+00:00,76.8084,-0.1009,96.8874,0.0136,0.75,0.0,1500.0,0.0,6.3012
1097.5,2026-06-05T19:25:22.441942+00:00,76.8759,-0.0139,97.0292,0.0953,0.75,0.0,1500.0,0.0,6.3006
1098.001038,2026-06-05T19:25:22.937751+00:00,76.9277,0.053,97.0224,0.0347,0.75,0.0,1500.0,0.0,6.3003
1098.5,2026-06-05T19:25:23.436717+00:00,76.9676,0.0407,97.1329,0.1424,0.75,0.0,1500.0,0.0,6.3001
1099.0,2026-06-05T19:25:23.936844+00:00,76.871,0.0313,97.3336,0.1094,0.75,0.0,1500.0,0.0,6.3001
1099.5,2026-06-05T19:25:24.436690+00:00,76.924,0.024,97.2564,0.0841,0.75,0.0,1500.0,0.0,6.3
1100.0,2026-06-05T19:25:24.946506+00:00,76.9647,0.0185,97.3128,0.1418,0.75,0.0,1500.0,0.0,6.3
1100.5,2026-06-05T19:25:25.436654+00:00,76.8687,-0.0494,96.8933,-0.0453,0.75,0.0,1500.0,0.0,6.3512
1101.0,2026-06-05T19:25:25.936668+00:00,77.0495,0.0893,96.918,-0.0348,0.75,0.0,1500.0,0.0,6.325
1101.5,2026-06-05T19:25:26.436685+00:00,76.8067,-0.0587,96.7981,-0.1116,0.75,0.0,1500.0,0.0,6.3122
1102.000839,2026-06-05T19:25:26.937555+00:00,76.7473,-0.1087,96.5903,-0.2478,0.75,0.0,1500.0,0.0,6.306
1102.5,2026-06-05T19:25:27.441292+00:00,76.8289,-0.0199,96.8008,-0.1519,0.75,0.0,1500.0,0.0,6.3029
1103.0,2026-06-05T19:25:27.936886+00:00,76.8916,-0.0789,96.8469,-0.1553,0.75,0.0,1500.0,0.0,6.3014
1103.5,2026-06-05T19:25:28.436686+00:00,76.8126,0.003,96.5352,-0.1194,0.75,0.0,1500.0,0.0,6.3007
1104.0,2026-06-05T19:25:28.936782+00:00,76.7518,0.0023,96.4114,-0.1689,0.75,0.0,1500.0,0.0,6.3003
1104.5,2026-06-05T19:25:29.436778+00:00,76.8324,0.0017,96.4319,-0.1221,0.75,0.0,1500.0,0.0,6.3002
1105.000829,2026-06-05T19:25:29.945378+00:00,76.8943,0.0013,96.0774,-0.171,0.75,0.0,1500.0,0.0,6.3001
1105.5,2026-06-05T19:25:30.436695+00:00,76.8146,0.001,96.2678,-0.1777,0.75,0.0,1500.0,0.0,6.3
1106.0,2026-06-05T19:25:30.936762+00:00,76.4989,-0.1265,96.4372,-0.1366,0.75,0.0,1500.0,0.0,6.3
1106.5,2026-06-05T19:25:31.436749+00:00,76.638,-0.0972,96.5674,0.0107,0.75,0.0,1500.0,0.0,6.3
1107.0,2026-06-05T19:25:31.936672+00:00,76.6176,-0.1384,96.5287,0.0391,0.75,0.0,1500.0,0.0,6.3
1107.5,2026-06-05T19:25:32.443665+00:00,76.602,-0.1063,96.7534,0.1072,0.75,0.0,1500.0,0.0,6.3
1108.0,2026-06-05T19:25:32.936676+00:00,76.7172,0.1092,96.6948,0.2058,0.75,0.0,1500.0,0.0,6.3
1108.5,2026-06-05T19:25:33.436691+00:00,76.6785,0.0203,96.8811,0.2045,0.75,0.0,1500.0,0.0,6.3
1109.0,2026-06-05T19:25:33.937704+00:00,76.6488,0.0156,96.9086,0.1571,0.75,0.0,1500.0,0.0,6.3
1109.5,2026-06-05T19:25:34.436763+00:00,76.6259,0.012,97.1612,0.1979,0.75,0.0,1500.0,0.0,6.3
1110.0,2026-06-05T19:25:34.942527+00:00,76.6084,-0.0544,97.1239,0.1984,0.75,0.0,1500.0,0.0,6.3
1110.501033,2026-06-05T19:25:35.437750+00:00,76.4676,-0.1055,96.8638,0.0368,0.75,0.0,1500.0,0.0,6.3
1111.0,2026-06-05T19:25:35.936690+00:00,76.4867,-0.0811,97.011,0.1054,0.75,0.0,1500.0,0.0,6.3
1111.5,2026-06-05T19:25:36.436687+00:00,76.6286,0.0013,97.1242,0.081,0.75,0.0,1500.0,0.0,6.3
1112.0,2026-06-05T19:25:36.936712+00:00,76.7377,0.0647,96.9797,0.0237,0.75,0.0,1500.0,0.0,6.3
1112.5,2026-06-05T19:25:37.441821+00:00,76.8215,0.177,96.8687,-0.0975,0.75,0.0,1500.0,0.0,6.2488
1113.0,2026-06-05T19:25:37.937091+00:00,76.886,0.1997,96.6677,-0.1521,0.75,0.0,1500.0,0.0,6.275
1113.5,2026-06-05T19:25:38.436658+00:00,76.6809,0.0262,96.4206,-0.1477,0.75,0.0,1500.0,0.0,6.2878
1114.0,2026-06-05T19:25:38.936785+00:00,76.7779,0.0201,96.5547,-0.1521,0.75,0.0,1500.0,0.0,6.294
1114.5,2026-06-05T19:25:39.436908+00:00,76.7252,-0.0482,96.542,-0.194,0.75,0.0,1500.0,0.0,6.2971
1115.0,2026-06-05T19:25:39.941296+00:00,76.6846,-0.1007,96.5555,-0.1414,0.75,0.0,1500.0,0.0,6.2986
1115.5006,2026-06-05T19:25:40.437353+00:00,76.5262,-0.0774,96.6583,-0.0701,0.75,0.0,1500.0,0.0,6.2993
1116.0,2026-06-05T19:25:40.936744+00:00,76.5317,-0.1231,96.6217,-0.0153,0.75,0.0,1500.0,0.0,6.2997
1116.5,2026-06-05T19:25:41.436687+00:00,76.6632,-0.031,96.6861,0.0885,0.75,0.0,1500.0,0.0,6.2998
1117.0,2026-06-05T19:25:41.937170+00:00,76.637,-0.0238,96.5273,-0.0091,0.75,0.0,1500.0,0.0,6.3511
1117.5,2026-06-05T19:25:42.442520+00:00,76.6169,0.0453,96.6367,0.0316,0.75,0.0,1500.0,0.0,6.3249
1118.0,2026-06-05T19:25:42.936689+00:00,76.7287,0.0985,96.7208,0.0551,0.75,0.0,1500.0,0.0,6.3634
1118.5,2026-06-05T19:25:43.436677+00:00,76.8146,0.0757,96.7854,0.0424,0.75,0.0,1500.0,0.0,6.3821
1119.0,2026-06-05T19:25:43.936696+00:00,76.8806,0.1218,96.835,0.0711,0.75,0.0,1500.0,0.0,6.3913
1119.5,2026-06-05T19:25:44.436677+00:00,76.9314,0.1573,96.8732,0.0624,0.75,0.0,1500.0,0.0,6.3957
1120.0,2026-06-05T19:25:44.942885+00:00,76.9704,0.1209,96.9026,0.1251,0.75,0.0,1500.0,0.0,6.3979
1120.5,2026-06-05T19:25:45.436708+00:00,77.0004,0.0929,96.6937,0.019,0.75,0.0,1500.0,0.0,6.3478
1121.0,2026-06-05T19:25:45.936812+00:00,77.1507,0.135,96.8571,0.0455,0.75,0.0,1500.0,0.0,6.3233
1121.5,2026-06-05T19:25:46.437077+00:00,77.139,0.1038,97.0059,0.0735,0.75,0.0,1500.0,0.0,6.3114
1122.0,2026-06-05T19:25:46.936679+00:00,77.13,0.0798,97.0045,0.0565,0.75,0.0,1500.0,0.0,6.3056
1122.5,2026-06-05T19:25:47.443292+00:00,76.8685,-0.066,97.1192,0.082,0.75,0.0,1500.0,0.0,6.3027
1123.00123,2026-06-05T19:25:47.938059+00:00,76.7948,-0.178,97.0916,0.063,0.75,0.0,1500.0,0.0,6.3013
1123.5,2026-06-05T19:25:48.436751+00:00,76.9927,-0.0731,97.1861,0.1641,0.75,0.0,1500.0,0.0,6.3006
1124.0,2026-06-05T19:25:48.937101+00:00,76.8902,-0.1199,97.143,0.0953,0.75,0.0,1500.0,0.0,6.3003
1124.5,2026-06-05T19:25:49.436677+00:00,76.8115,-0.0285,96.9711,-0.0116,0.75,0.0,1500.0,0.0,6.3002
1125.0,2026-06-05T19:25:49.941786+00:00,76.751,-0.0219,97.0935,0.0297,0.75,0.0,1500.0,0.0,6.3001
1125.5,2026-06-05T19:25:50.436856+00:00,76.7045,-0.1441,97.0719,-0.0158,0.75,0.0,1500.0,0.0,6.3
1126.001073,2026-06-05T19:25:50.938058+00:00,76.6687,-0.1108,96.8238,-0.0893,0.75,0.0,1500.0,0.0,6.3
1126.5,2026-06-05T19:25:51.436764+00:00,76.6413,-0.0851,96.8646,-0.1072,0.75,0.0,1500.0,0.0,6.3
1127.0,2026-06-05T19:25:51.936854+00:00,76.8747,0.0618,96.7802,-0.1209,0.75,0.0,1500.0,0.0,6.3
1127.5,2026-06-05T19:25:52.441041+00:00,76.9268,0.1112,96.8311,-0.0467,0.75,0.0,1500.0,0.0,6.3
1128.0,2026-06-05T19:25:52.936969+00:00,76.9669,0.1491,96.7545,-0.113,0.75,0.0,1500.0,0.0,6.3
1128.5,2026-06-05T19:25:53.436866+00:00,76.9977,0.1782,96.6724,-0.1331,0.75,0.0,1500.0,0.0,6.3
1129.0,2026-06-05T19:25:53.936684+00:00,77.0214,0.0733,96.7482,-0.0252,0.75,0.0,1500.0,0.0,6.3
1129.5,2026-06-05T19:25:54.436670+00:00,77.0396,0.0564,96.7834,-0.0271,0.75,0.0,1500.0,0.0,6.3
1130.001076,2026-06-05T19:25:54.944288+00:00,76.9263,-0.0203,96.7178,-0.0208,0.75,0.0,1500.0,0.0,6.3
1130.5,2026-06-05T19:25:55.436670+00:00,76.8392,-0.0792,96.6674,-0.0546,0.75,0.0,1500.0,0.0,6.3
1131.0,2026-06-05T19:25:55.936657+00:00,76.8996,-0.0609,96.6287,-0.0419,0.75,0.0,1500.0,0.0,6.3
1131.501903,2026-06-05T19:25:56.438628+00:00,76.8187,-0.1104,96.3906,-0.0939,0.75,0.0,1500.0,0.0,6.3
1132.0,2026-06-05T19:25:56.936673+00:00,76.6292,-0.1485,96.4159,-0.1108,0.75,0.0,1500.0,0.0,6.3
1132.5,2026-06-05T19:25:57.442156+00:00,76.6109,-0.1142,96.6668,-0.0389,0.75,0.0,1500.0,0.0,6.3
1133.0,2026-06-05T19:25:57.936664+00:00,76.7241,-0.0877,96.8596,0.0473,0.75,0.0,1500.0,0.0,6.3
1133.5,2026-06-05T19:25:58.436679+00:00,76.8111,-0.0038,96.8921,0.0749,0.75,0.0,1500.0,0.0,6.3
1134.0,2026-06-05T19:25:58.936821+00:00,76.7507,0.0607,96.9171,0.0961,0.75,0.0,1500.0,0.0,6.3
1134.5,2026-06-05T19:25:59.436693+00:00,76.7042,0.0467,96.8205,0.1433,0.75,0.0,1500.0,0.0,6.3
1135.0,2026-06-05T19:26:00.044320+00:00,76.7958,0.0359,97.0935,0.2258,0.75,0.0,1500.0,0.0,6.3
1135.500745,2026-06-05T19:26:00.437458+00:00,76.9935,0.0912,97.0718,0.135,0.75,0.0,1500.0,0.0,6.3
1136.0,2026-06-05T19:26:00.936716+00:00,77.0181,0.1337,96.9395,0.0266,0.75,0.0,1500.0,0.0,6.3
1136.5,2026-06-05T19:26:01.436838+00:00,77.0371,0.1664,97.0692,0.059,0.75,0.0,1500.0,0.0,6.3
1137.0,2026-06-05T19:26:01.937020+00:00,76.9244,0.0643,96.7987,-0.0395,0.75,0.0,1500.0,0.0,6.3
1137.5,2026-06-05T19:26:02.442485+00:00,76.965,-0.0142,97.0766,0.0854,0.75,0.0,1500.0,0.0,6.3
1138.000158,2026-06-05T19:26:02.937142+00:00,76.9962,-0.0109,97.1746,0.027,0.75,0.0,1500.0,0.0,6.3
1138.5,2026-06-05T19:26:03.436676+00:00,77.0203,-0.0084,96.9028,-0.0563,0.75,0.0,1500.0,0.0,6.3
1139.0,2026-06-05T19:26:03.937110+00:00,77.166,0.1208,96.9253,-0.0047,0.75,0.0,1500.0,0.0,6.3
1139.5,2026-06-05T19:26:04.436709+00:00,77.1507,0.0929,97.0583,-0.0036,0.75,0.0,1500.0,0.0,6.3
1140.0,2026-06-05T19:26:04.945743+00:00,76.8844,-0.0559,97.1605,0.1206,0.75,0.0,1500.0,0.0,6.3
1140.5,2026-06-05T19:26:05.437181+00:00,76.807,-0.1066,97.2391,0.0541,0.75,0.0,1500.0,0.0,6.3
1141.0,2026-06-05T19:26:05.936674+00:00,76.8748,-0.1456,96.9523,-0.0741,0.75,0.0,1500.0,0.0,6.3
1141.5,2026-06-05T19:26:06.436677+00:00,76.7997,-0.1755,96.9634,0.0202,0.75,0.0,1500.0,0.0,6.3
1142.0,2026-06-05T19:26:06.937016+00:00,76.8692,-0.0076,97.2032,0.0926,0.75,0.0,1500.0,0.0,6.3
1142.5,2026-06-05T19:26:07.443383+00:00,76.9226,0.0578,97.0405,-0.0059,0.75,0.0,1500.0,0.0,6.3
1143.0,2026-06-05T19:26:07.936738+00:00,76.9636,0.0444,97.1468,-0.0046,0.75,0.0,1500.0,0.0,6.3
1143.5,2026-06-05T19:26:08.436690+00:00,76.9952,0.0978,96.9972,-0.0806,0.75,0.0,1500.0,0.0,6.3
1144.0,2026-06-05T19:26:08.936840+00:00,76.8922,0.0115,96.9978,0.0152,0.75,0.0,1500.0,0.0,6.3
1144.5,2026-06-05T19:26:09.436838+00:00,76.813,-0.0548,97.114,0.0502,0.75,0.0,1500.0,0.0,6.3
1145.0,2026-06-05T19:26:09.941394+00:00,76.8794,-0.0421,96.7405,-0.1542,0.75,0.0,1500.0,0.0,6.3
1145.5,2026-06-05T19:26:10.436836+00:00,77.0577,0.0313,96.8006,-0.08,0.75,0.0,1500.0,0.0,6.2488
1146.0,2026-06-05T19:26:10.936949+00:00,77.0675,0.0877,96.9393,-0.0692,0.75,0.0,1500.0,0.0,6.2238
1146.5,2026-06-05T19:26:11.436703+00:00,77.075,0.131,96.8376,-0.0532,0.75,0.0,1500.0,0.0,6.2116
1147.0,2026-06-05T19:26:11.936682+00:00,77.0808,0.1007,96.7595,-0.0794,0.75,0.0,1500.0,0.0,6.2057
1147.5,2026-06-05T19:26:12.546003+00:00,76.958,-0.0499,96.8152,-0.0996,0.75,0.0,1500.0,0.0,6.2028
1148.0,2026-06-05T19:26:12.936698+00:00,76.9908,-0.0383,96.7191,-0.0071,0.75,0.0,1500.0,0.0,6.2526
1148.5,2026-06-05T19:26:13.436679+00:00,77.1434,0.0342,96.7841,-0.0055,0.75,0.0,1500.0,0.0,6.2768
1149.0,2026-06-05T19:26:13.937216+00:00,77.1333,0.0263,96.7184,-0.0736,0.75,0.0,1500.0,0.0,6.2887
1149.5,2026-06-05T19:26:14.436671+00:00,77.1256,0.0838,96.6447,-0.0643,0.75,0.0,1500.0,0.0,6.2945
1150.0,2026-06-05T19:26:14.944297+00:00,77.1197,0.0644,96.7269,-0.0109,0.75,0.0,1500.0,0.0,6.2973
1150.5,2026-06-05T19:26:15.436681+00:00,76.8606,-0.1414,96.5587,-0.0855,0.75,0.0,1500.0,0.0,6.2987
1151.0,2026-06-05T19:26:15.936696+00:00,76.916,-0.1087,96.3137,-0.1351,0.75,0.0,1500.0,0.0,6.2994
1151.5,2026-06-05T19:26:16.436749+00:00,76.704,-0.2108,96.4725,-0.1039,0.75,0.0,1500.0,0.0,6.2997
1152.0,2026-06-05T19:26:16.936899+00:00,76.7957,-0.162,96.5946,-0.0413,0.75,0.0,1500.0,0.0,6.2998
1152.5,2026-06-05T19:26:17.440988+00:00,76.7388,-0.0609,96.5958,-0.0163,0.75,0.0,1500.0,0.0,6.2999
1153.0,2026-06-05T19:26:17.936695+00:00,76.8224,-0.0468,96.6894,-0.0125,0.75,0.0,1500.0,0.0,6.3
1153.5,2026-06-05T19:26:18.438483+00:00,76.8866,0.0913,96.8769,0.1061,0.75,0.0,1500.0,0.0,6.3
1154.0,2026-06-05T19:26:18.936720+00:00,76.8087,0.0065,96.9054,0.1972,0.75,0.0,1500.0,0.0,6.3
1154.5,2026-06-05T19:26:19.436684+00:00,76.6216,-0.0586,97.043,0.1902,0.75,0.0,1500.0,0.0,6.3
1155.000975,2026-06-05T19:26:19.945415+00:00,76.7323,-0.045,96.9174,0.1076,0.75,0.0,1500.0,0.0,6.3
1155.5,2026-06-05T19:26:20.436734+00:00,76.8174,-0.0346,96.7051,0.0364,0.75,0.0,1500.0,0.0,6.3
1156.0,2026-06-05T19:26:20.936749+00:00,76.7555,-0.0266,96.7733,0.028,0.75,0.0,1500.0,0.0,6.3
1156.5,2026-06-05T19:26:21.436701+00:00,76.708,0.0432,96.8258,-0.0171,0.75,0.0,1500.0,0.0,6.3
1157.0,2026-06-05T19:26:21.936690+00:00,76.7987,0.0332,96.9818,0.0255,0.75,0.0,1500.0,0.0,6.3
1157.5,2026-06-05T19:26:22.443263+00:00,76.7411,-0.0381,96.986,-0.019,0.75,0.0,1500.0,0.0,6.3
1158.0,2026-06-05T19:26:22.936683+00:00,76.5696,-0.0929,96.7578,-0.0532,0.75,0.0,1500.0,0.0,6.3
1158.5,2026-06-05T19:26:23.436731+00:00,76.6924,-0.0078,97.0453,0.1134,0.75,0.0,1500.0,0.0,6.3
1159.0,2026-06-05T19:26:23.936897+00:00,76.7867,-0.006,96.9191,0.0486,0.75,0.0,1500.0,0.0,6.3
1159.5,2026-06-05T19:26:24.436702+00:00,76.8592,0.059,96.8221,-0.0012,0.75,0.0,1500.0,0.0,6.3
1160.0,2026-06-05T19:26:25.042507+00:00,77.0422,0.2363,96.979,-0.0009,0.75,0.0,1500.0,0.0,6.3
1160.5,2026-06-05T19:26:25.436763+00:00,77.0556,0.1816,97.0995,0.0378,0.75,0.0,1500.0,0.0,6.3
1161.0,2026-06-05T19:26:25.936680+00:00,76.9386,0.0759,97.0765,0.1062,0.75,0.0,1500.0,0.0,6.3
1161.5,2026-06-05T19:26:26.436696+00:00,77.1032,0.122,96.92,-0.0418,0.75,0.0,1500.0,0.0,6.3
1162.0,2026-06-05T19:26:26.936709+00:00,76.9752,-0.0335,96.8228,-0.0321,0.75,0.0,1500.0,0.0,6.3
1162.5,2026-06-05T19:26:27.441248+00:00,77.1313,0.0379,96.8407,0.0062,0.75,0.0,1500.0,0.0,6.3
1163.0,2026-06-05T19:26:27.936910+00:00,76.8695,-0.0345,96.6461,-0.111,0.75,0.0,1500.0,0.0,6.3
1163.502097,2026-06-05T19:26:28.438785+00:00,76.7956,-0.1538,96.4966,-0.201,0.75,0.0,1500.0,0.0,6.3
1164.0,2026-06-05T19:26:28.936728+00:00,76.7388,-0.1182,96.7057,-0.1236,0.75,0.0,1500.0,0.0,6.3
1164.5,2026-06-05T19:26:29.436997+00:00,76.8224,-0.1545,96.7969,-0.041,0.75,0.0,1500.0,0.0,6.3
1165.0,2026-06-05T19:26:29.943367+00:00,76.8866,0.0085,96.4737,-0.1164,0.75,0.0,1500.0,0.0,6.2488
1165.5,2026-06-05T19:26:30.436673+00:00,76.936,0.0702,96.5029,-0.1126,0.75,0.0,1500.0,0.0,6.275
1166.0,2026-06-05T19:26:30.936810+00:00,76.8467,0.0539,96.4791,-0.0557,0.75,0.0,1500.0,0.0,6.2878
1166.501202,2026-06-05T19:26:31.438060+00:00,77.0326,0.1051,96.2525,-0.0814,0.75,0.0,1500.0,0.0,6.294
1167.0,2026-06-05T19:26:31.936893+00:00,76.9209,0.0171,96.2172,-0.1628,0.75,0.0,1500.0,0.0,6.2971
1167.5,2026-06-05T19:26:32.441416+00:00,76.9623,0.0132,96.2827,-0.1714,0.75,0.0,1500.0,0.0,6.2986
1168.000843,2026-06-05T19:26:32.937564+00:00,77.1215,0.1374,96.2404,-0.0778,0.75,0.0,1500.0,0.0,6.2993
1168.5,2026-06-05T19:26:33.436764+00:00,77.1165,0.042,96.5319,0.0097,0.75,0.0,1500.0,0.0,6.2997
1169.0,2026-06-05T19:26:33.936910+00:00,76.9854,0.0323,96.5245,0.0151,0.75,0.0,1500.0,0.0,6.2998
1169.5,2026-06-05T19:26:34.436713+00:00,77.1392,0.0884,96.4031,0.0502,0.75,0.0,1500.0,0.0,6.2999
1170.0,2026-06-05T19:26:34.941459+00:00,77.1301,0.0043,96.5181,0.1003,0.75,0.0,1500.0,0.0,6.3
1170.5,2026-06-05T19:26:35.436859+00:00,76.9959,-0.0603,96.6296,0.1156,0.75,0.0,1500.0,0.0,6.3
1171.0,2026-06-05T19:26:35.936749+00:00,77.02,0.0173,96.4608,0.0735,0.75,0.0,1500.0,0.0,6.3
1171.5,2026-06-05T19:26:36.436661+00:00,77.0385,-0.0504,96.4699,-0.0207,0.75,0.0,1500.0,0.0,6.3
1172.0,2026-06-05T19:26:36.936853+00:00,77.0527,-0.0387,96.7082,0.0612,0.75,0.0,1500.0,0.0,6.3
1172.5,2026-06-05T19:26:37.443424+00:00,77.0637,0.0339,96.66,0.0856,0.75,0.0,1500.0,0.0,6.2488
1173.0,2026-06-05T19:26:37.936772+00:00,77.1993,0.0897,96.7387,0.0735,0.75,0.0,1500.0,0.0,6.275
1173.5,2026-06-05T19:26:38.436824+00:00,77.1764,0.0689,96.7992,0.0565,0.75,0.0,1500.0,0.0,6.2878
1174.0,2026-06-05T19:26:38.936680+00:00,77.0314,-0.0107,96.7299,0.0897,0.75,0.0,1500.0,0.0,6.294
1174.5,2026-06-05T19:26:39.436708+00:00,77.0473,-0.0082,96.5379,0.0227,0.75,0.0,1500.0,0.0,6.2971
1175.0,2026-06-05T19:26:39.942799+00:00,76.9322,-0.1336,96.5291,-0.0597,0.75,0.0,1500.0,0.0,6.2986
1175.5,2026-06-05T19:26:40.436671+00:00,76.8438,-0.1663,96.6149,-0.015,0.75,0.0,1500.0,0.0,6.2993
1176.0,2026-06-05T19:26:40.936720+00:00,76.7758,-0.1278,96.8197,0.027,0.75,0.0,1500.0,0.0,6.2997
1176.50083,2026-06-05T19:26:41.437540+00:00,76.8508,-0.0982,96.6069,-0.0641,0.75,0.0,1500.0,0.0,6.2998
1177.0,2026-06-05T19:26:41.936766+00:00,76.9085,-0.0119,96.4665,-0.0878,0.75,0.0,1500.0,0.0,6.2999
1177.5,2026-06-05T19:26:42.443321+00:00,76.6983,-0.0728,96.3585,-0.0598,0.75,0.0,1500.0,0.0,6.3
1178.0,2026-06-05T19:26:42.939166+00:00,76.5367,-0.1196,96.3913,-0.046,0.75,0.0,1500.0,0.0,6.3512
1178.5,2026-06-05T19:26:43.436671+00:00,76.667,-0.0919,96.4164,-0.0662,0.75,0.0,1500.0,0.0,6.325
1179.0,2026-06-05T19:26:43.936683+00:00,76.6399,-0.1343,96.5283,-0.0971,0.75,0.0,1500.0,0.0,6.3122
1179.5,2026-06-05T19:26:44.436708+00:00,76.8737,0.0877,96.5218,-0.0284,0.75,0.0,1500.0,0.0,6.3059
1180.0,2026-06-05T19:26:44.942347+00:00,76.926,0.1947,96.6324,0.0553,0.75,0.0,1500.0,0.0,6.3029
1180.5,2026-06-05T19:26:45.436853+00:00,76.839,0.086,96.7175,0.1197,0.75,0.0,1500.0,0.0,6.3014
1181.0,2026-06-05T19:26:45.936814+00:00,77.0267,0.1934,96.5283,0.0457,0.75,0.0,1500.0,0.0,6.3007
1181.5,2026-06-05T19:26:46.436792+00:00,77.0437,0.085,96.5449,0.0428,0.75,0.0,1500.0,0.0,6.3003
1182.0,2026-06-05T19:26:46.936756+00:00,76.9294,0.0017,96.6502,0.0406,0.75,0.0,1500.0,0.0,6.3002
1182.5,2026-06-05T19:26:47.447330+00:00,76.9689,0.0649,96.6155,0.0312,0.75,0.0,1500.0,0.0,6.3001
1183.0,2026-06-05T19:26:47.936672+00:00,76.872,-0.0774,96.5887,-0.0146,0.75,0.0,1500.0,0.0,6.3512
1183.5,2026-06-05T19:26:48.436925+00:00,76.9247,-0.0595,96.6839,-0.0112,0.75,0.0,1500.0,0.0,6.3762
1184.000127,2026-06-05T19:26:48.936811+00:00,76.838,-0.0457,96.5025,-0.0086,0.75,0.0,1500.0,0.0,6.3884
1184.5,2026-06-05T19:26:49.436709+00:00,76.7714,-0.0988,96.6176,0.0242,0.75,0.0,1500.0,0.0,6.3943
1185.0,2026-06-05T19:26:49.944989+00:00,76.7201,-0.0759,96.8218,0.0572,0.75,0.0,1500.0,0.0,6.3972
1185.5,2026-06-05T19:26:50.436676+00:00,76.6808,-0.122,96.863,0.0825,0.75,0.0,1500.0,0.0,6.3475
1186.0,2026-06-05T19:26:50.936679+00:00,76.7778,-0.0301,96.779,0.0634,0.75,0.0,1500.0,0.0,6.3232
1186.500805,2026-06-05T19:26:51.437512+00:00,76.8523,0.0405,96.8302,0.0488,0.75,0.0,1500.0,0.0,6.3113
1187.0,2026-06-05T19:26:51.936681+00:00,76.7824,0.0311,96.7538,0.0838,0.75,0.0,1500.0,0.0,6.3055
1187.5,2026-06-05T19:26:52.441472+00:00,76.7286,0.0239,96.695,0.0258,0.75,0.0,1500.0,0.0,6.3027
1188.001005,2026-06-05T19:26:52.937725+00:00,76.6873,-0.0453,96.7656,-0.0187,0.75,0.0,1500.0,0.0,6.3013
1188.5,2026-06-05T19:26:53.436724+00:00,76.6555,-0.0984,96.9355,0.0242,0.75,0.0,1500.0,0.0,6.3006
1189.0,2026-06-05T19:26:53.937215+00:00,76.7584,-0.012,96.9505,0.0571,0.75,0.0,1500.0,0.0,6.3003
1189.5,2026-06-05T19:26:54.436662+00:00,76.7102,-0.0092,96.8694,0.0131,0.75,0.0,1500.0,0.0,6.3002
1190.0,2026-06-05T19:26:54.942678+00:00,76.8004,0.0565,96.7839,0.01,0.75,0.0,1500.0,0.0,6.3001
1190.5,2026-06-05T19:26:55.436690+00:00,76.8697,0.1071,96.8108,0.0386,0.75,0.0,1500.0,0.0,6.3512
1191.0,2026-06-05T19:26:55.936702+00:00,77.0503,0.1459,96.7157,-0.0166,0.75,0.0,1500.0,0.0,6.325
1191.5,2026-06-05T19:26:56.436697+00:00,76.8072,0.0485,96.8972,-0.0128,0.75,0.0,1500.0,0.0,6.3122
1192.0,2026-06-05T19:26:56.936705+00:00,76.875,0.0373,97.0367,0.0287,0.75,0.0,1500.0,0.0,6.306
1192.5,2026-06-05T19:26:57.443742+00:00,76.6725,-0.0986,96.9125,0.0144,0.75,0.0,1500.0,0.0,6.3029
1193.0,2026-06-05T19:26:57.936760+00:00,76.6442,-0.2031,96.817,0.011,0.75,0.0,1500.0,0.0,6.3526
1193.5,2026-06-05T19:26:58.436708+00:00,76.6224,-0.0924,96.8594,0.0162,0.75,0.0,1500.0,0.0,6.3257
1194.0,2026-06-05T19:26:58.936705+00:00,76.6056,-0.1347,97.0076,0.0973,0.75,0.0,1500.0,0.0,6.3125
1194.5,2026-06-05T19:26:59.436845+00:00,76.8473,0.0874,97.2373,0.1134,0.75,0.0,1500.0,0.0,6.3061
1195.0,2026-06-05T19:26:59.941606+00:00,76.7785,0.0672,97.0667,0.01,0.75,0.0,1500.0,0.0,6.303
1195.5,2026-06-05T19:27:00.437099+00:00,76.8529,0.1153,97.0512,0.0462,0.75,0.0,1500.0,0.0,6.3527
1196.0,2026-06-05T19:27:00.936900+00:00,76.9101,0.1522,97.0394,0.0741,0.75,0.0,1500.0,0.0,6.3769
1196.5,2026-06-05T19:27:01.436670+00:00,76.954,0.0534,96.9146,0.0184,0.75,0.0,1500.0,0.0,6.3887
1197.0,2026-06-05T19:27:01.936814+00:00,76.9878,0.1047,97.05,0.0141,0.75,0.0,1500.0,0.0,6.3945
1197.5,2026-06-05T19:27:02.444312+00:00,77.0138,0.0804,96.9228,-0.1048,0.75,0.0,1500.0,0.0,6.3461
1198.0,2026-06-05T19:27:02.936914+00:00,77.0337,0.0618,96.9175,-0.0497,0.75,0.0,1500.0,0.0,6.3737
1198.5,2026-06-05T19:27:03.436674+00:00,77.0491,0.0475,96.9366,-0.0382,0.75,0.0,1500.0,0.0,6.336
1199.0,2026-06-05T19:27:03.936832+00:00,76.9336,-0.0271,96.7199,-0.1065,0.75,0.0,1500.0,0.0,6.3176
1199.5,2026-06-05T19:27:04.436842+00:00,76.8448,-0.0845,96.5533,-0.1204,0.75,0.0,1500.0,0.0,6.3086
1200.0,2026-06-05T19:27:04.941459+00:00,76.9039,-0.0649,96.541,-0.1697,0.75,0.0,1500.0,0.0,6.3042
1200.5,2026-06-05T19:27:05.436894+00:00,76.822,-0.1135,96.0687,-0.2847,0.75,0.0,1500.0,0.0,6.302
1201.0,2026-06-05T19:27:05.936678+00:00,76.8863,-0.0236,96.2842,-0.2111,0.75,0.0,1500.0,0.0,6.301
1201.5,2026-06-05T19:27:06.436779+00:00,76.9358,0.0455,96.5655,-0.1237,0.75,0.0,1500.0,0.0,6.3005
1202.0,2026-06-05T19:27:06.936699+00:00,76.8465,-0.0287,96.4115,-0.1028,0.75,0.0,1500.0,0.0,6.3002
1202.5,2026-06-05T19:27:07.441551+00:00,76.9052,0.0416,96.3163,-0.079,0.75,0.0,1500.0,0.0,6.3001
1203.0,2026-06-05T19:27:07.936887+00:00,77.0775,0.0956,96.5671,0.0087,0.75,0.0,1500.0,0.0,6.3001
1203.5,2026-06-05T19:27:08.436718+00:00,76.8282,-0.0538,96.3201,0.0838,0.75,0.0,1500.0,0.0,6.3
1204.0,2026-06-05T19:27:08.936663+00:00,76.8911,0.0223,96.4775,0.0644,0.75,0.0,1500.0,0.0,6.3
1204.5,2026-06-05T19:27:09.436750+00:00,77.194,0.1444,96.4595,-0.0353,0.75,0.0,1500.0,0.0,6.3
1205.0,2026-06-05T19:27:09.944761+00:00,77.2995,0.111,96.3532,-0.0194,0.75,0.0,1500.0,0.0,6.3
1205.5,2026-06-05T19:27:10.436699+00:00,77.2533,0.2126,96.4103,0.0313,0.75,0.0,1500.0,0.0,6.3
1206.000001,2026-06-05T19:27:10.936850+00:00,77.0906,0.0998,96.4311,-0.0453,0.75,0.0,1500.0,0.0,6.3
1206.5,2026-06-05T19:27:11.436723+00:00,77.0928,-0.0506,96.3313,0.0037,0.75,0.0,1500.0,0.0,6.3
1207.0,2026-06-05T19:27:11.936701+00:00,77.0944,-0.1025,96.6017,0.0414,0.75,0.0,1500.0,0.0,6.3512
1207.5,2026-06-05T19:27:12.442069+00:00,77.0957,-0.0788,96.6708,0.0704,0.75,0.0,1500.0,0.0,6.3762
1208.0,2026-06-05T19:27:12.936674+00:00,77.0967,0.0031,96.6312,0.0927,0.75,0.0,1500.0,0.0,6.3884
1208.5,2026-06-05T19:27:13.436928+00:00,77.0975,0.0024,96.6009,0.0635,0.75,0.0,1500.0,0.0,6.3943
1209.0,2026-06-05T19:27:13.936815+00:00,76.9708,-0.0618,96.6932,0.0874,0.75,0.0,1500.0,0.0,6.3972
1209.5,2026-06-05T19:27:14.436709+00:00,77.0007,-0.0475,96.6485,0.1057,0.75,0.0,1500.0,0.0,6.3986
1210.0,2026-06-05T19:27:14.944104+00:00,77.1509,0.0271,96.7067,0.035,0.75,0.0,1500.0,0.0,6.3481
1210.5,2026-06-05T19:27:15.436691+00:00,77.1392,0.0208,96.6589,-0.004,0.75,0.0,1500.0,0.0,6.3235
1211.0,2026-06-05T19:27:15.936710+00:00,77.1301,0.0797,96.4833,-0.0493,0.75,0.0,1500.0,0.0,6.3115
1211.5,2026-06-05T19:27:16.436695+00:00,77.2504,0.1249,96.4871,-0.0379,0.75,0.0,1500.0,0.0,6.3056
1212.0,2026-06-05T19:27:16.937230+00:00,77.0883,-0.0313,96.6058,-0.0291,0.75,0.0,1500.0,0.0,6.3027
1212.5,2026-06-05T19:27:17.442585+00:00,76.9638,-0.0877,96.7202,0.0239,0.75,0.0,1500.0,0.0,6.3013
1213.0,2026-06-05T19:27:17.937135+00:00,76.7407,-0.1947,96.7849,0.0261,0.75,0.0,1500.0,0.0,6.3007
1213.5,2026-06-05T19:27:18.436697+00:00,76.5693,-0.3405,96.9504,0.0972,0.75,0.0,1500.0,0.0,6.3003
1214.0,2026-06-05T19:27:18.936674+00:00,76.6921,-0.1981,96.9387,0.1518,0.75,0.0,1500.0,0.0,6.3002
1214.5,2026-06-05T19:27:19.437163+00:00,76.7865,-0.0886,97.0686,0.1938,0.75,0.0,1500.0,0.0,6.3001
1215.0,2026-06-05T19:27:19.942408+00:00,76.7318,-0.0045,96.937,0.1104,0.75,0.0,1500.0,0.0,6.3
1215.5,2026-06-05T19:27:20.436787+00:00,76.6897,0.0602,97.0673,0.1157,0.75,0.0,1500.0,0.0,6.3
1216.0,2026-06-05T19:27:20.937212+00:00,76.6574,-0.0174,97.1674,0.1275,0.75,0.0,1500.0,0.0,6.3
1216.5,2026-06-05T19:27:21.436669+00:00,76.5053,-0.1406,97.013,0.0209,0.75,0.0,1500.0,0.0,6.3
1217.0,2026-06-05T19:27:21.936689+00:00,76.7702,0.0192,97.01,0.0237,0.75,0.0,1500.0,0.0,6.3
1217.5,2026-06-05T19:27:22.444331+00:00,76.7192,0.0147,96.892,-0.0589,0.75,0.0,1500.0,0.0,6.3
1218.0,2026-06-05T19:27:22.936700+00:00,76.6801,0.0113,96.917,-0.0067,0.75,0.0,1500.0,0.0,6.3
1218.5,2026-06-05T19:27:23.436677+00:00,76.65,0.0723,96.9362,-0.0437,0.75,0.0,1500.0,0.0,6.3
1219.0,2026-06-05T19:27:23.936800+00:00,76.6268,-0.0717,96.951,-0.0722,0.75,0.0,1500.0,0.0,6.3
1219.5,2026-06-05T19:27:24.436675+00:00,76.6091,-0.0551,96.9623,-0.0169,0.75,0.0,1500.0,0.0,6.3
1220.0,2026-06-05T19:27:24.941658+00:00,76.7227,0.0213,96.8322,-0.0593,0.75,0.0,1500.0,0.0,6.3
1220.5,2026-06-05T19:27:25.436703+00:00,76.81,0.08,96.7553,-0.0456,0.75,0.0,1500.0,0.0,6.3
1221.0,2026-06-05T19:27:25.936818+00:00,76.8771,0.1251,96.9276,0.0036,0.75,0.0,1500.0,0.0,6.3
1221.5,2026-06-05T19:27:26.436775+00:00,76.9287,0.1598,97.0601,0.0413,0.75,0.0,1500.0,0.0,6.3
1222.0,2026-06-05T19:27:26.936720+00:00,76.9683,0.1228,96.9305,-0.0068,0.75,0.0,1500.0,0.0,6.3
1222.5,2026-06-05T19:27:27.443364+00:00,76.9988,0.0944,97.0623,0.0333,0.75,0.0,1500.0,0.0,6.3
1223.001493,2026-06-05T19:27:27.938276+00:00,77.1495,0.1362,96.9322,0.0333,0.75,0.0,1500.0,0.0,6.3
1223.5,2026-06-05T19:27:28.436684+00:00,77.0108,0.041,96.9479,0.0642,0.75,0.0,1500.0,0.0,6.3
1224.0,2026-06-05T19:27:28.936666+00:00,76.9041,-0.0321,97.0756,0.0493,0.75,0.0,1500.0,0.0,6.3
1224.5,2026-06-05T19:27:29.436809+00:00,76.9495,-0.0247,97.035,-0.0084,0.75,0.0,1500.0,0.0,6.3
1225.0,2026-06-05T19:27:29.942203+00:00,76.9843,-0.0826,97.1426,0.0707,0.75,0.0,1500.0,0.0,6.3
1225.5,2026-06-05T19:27:30.436691+00:00,76.8838,-0.0635,97.2253,0.0543,0.75,0.0,1500.0,0.0,6.3
1226.0,2026-06-05T19:27:30.936713+00:00,76.6793,-0.1124,97.0343,0.0341,0.75,0.0,1500.0,0.0,6.3
1226.5,2026-06-05T19:27:31.436669+00:00,76.7766,-0.0864,97.1421,0.0647,0.75,0.0,1500.0,0.0,6.3
1227.0,2026-06-05T19:27:31.938038+00:00,76.7242,-0.13,97.1092,0.0112,0.75,0.0,1500.0,0.0,6.3
1227.5,2026-06-05T19:27:32.443070+00:00,76.9384,0.0273,97.0839,0.0163,0.75,0.0,1500.0,0.0,6.3
1228.0,2026-06-05T19:27:32.937117+00:00,76.9758,0.1483,96.9257,-0.0723,0.75,0.0,1500.0,0.0,6.3
1228.5,2026-06-05T19:27:33.436762+00:00,77.0046,0.114,96.8272,-0.1327,0.75,0.0,1500.0,0.0,6.3
1229.0,2026-06-05T19:27:33.936689+00:00,77.0266,0.1512,96.8672,-0.0557,0.75,0.0,1500.0,0.0,6.3
1229.5,2026-06-05T19:27:34.436761+00:00,77.1709,0.1162,96.8979,-0.0814,0.75,0.0,1500.0,0.0,6.3
1230.0,2026-06-05T19:27:34.943984+00:00,77.0272,0.0257,96.8058,-0.1011,0.75,0.0,1500.0,0.0,6.3
1230.5,2026-06-05T19:27:35.436666+00:00,76.9168,-0.0439,96.8508,-0.0777,0.75,0.0,1500.0,0.0,6.3
1231.0,2026-06-05T19:27:35.936682+00:00,76.9592,-0.0337,97.1167,0.0637,0.75,0.0,1500.0,0.0,6.3
1231.5,2026-06-05T19:27:36.437214+00:00,76.8645,-0.1532,96.974,0.0489,0.75,0.0,1500.0,0.0,6.3
1232.0,2026-06-05T19:27:36.936692+00:00,76.7917,-0.1177,96.98,0.0376,0.75,0.0,1500.0,0.0,6.3
1232.5,2026-06-05T19:27:37.443304+00:00,76.7358,-0.0905,96.9846,0.0289,0.75,0.0,1500.0,0.0,6.3
1233.0,2026-06-05T19:27:37.936714+00:00,76.6928,-0.1332,96.7337,-0.0241,0.75,0.0,1500.0,0.0,6.3
1233.5,2026-06-05T19:27:38.436674+00:00,76.787,-0.0387,96.8878,0.0124,0.75,0.0,1500.0,0.0,6.3
1234.0,2026-06-05T19:27:38.937227+00:00,76.9867,0.0975,96.8212,-0.0985,0.75,0.0,1500.0,0.0,6.3
1234.5,2026-06-05T19:27:39.436684+00:00,77.0129,0.1386,96.9783,0.0014,0.75,0.0,1500.0,0.0,6.3
1235.0,2026-06-05T19:27:39.943256+00:00,77.1603,0.2338,97.099,0.0397,0.75,0.0,1500.0,0.0,6.3
1235.5,2026-06-05T19:27:40.436826+00:00,77.0191,0.116,96.8678,-0.0389,0.75,0.0,1500.0,0.0,6.3
1236.0,2026-06-05T19:27:40.936698+00:00,76.9106,-0.0381,97.0141,0.0935,0.75,0.0,1500.0,0.0,6.3
1236.5,2026-06-05T19:27:41.436991+00:00,76.8271,-0.0929,97.1266,0.0796,0.75,0.0,1500.0,0.0,6.3
1237.0,2026-06-05T19:27:41.936716+00:00,76.763,-0.1987,96.9816,0.0534,0.75,0.0,1500.0,0.0,6.3
1237.5,2026-06-05T19:27:42.443122+00:00,76.841,-0.0891,97.0784,0.0334,0.75,0.0,1500.0,0.0,6.3
1238.0,2026-06-05T19:27:42.937274+00:00,76.7736,-0.0685,97.0603,-0.0129,0.75,0.0,1500.0,0.0,6.3
1238.5,2026-06-05T19:27:43.436681+00:00,76.9764,0.0747,96.9306,0.0209,0.75,0.0,1500.0,0.0,6.3
1239.0,2026-06-05T19:27:43.936727+00:00,77.005,0.121,96.7153,-0.0996,0.75,0.0,1500.0,0.0,6.3
1239.5,2026-06-05T19:27:44.437720+00:00,77.027,0.093,96.6423,-0.1614,0.75,0.0,1500.0,0.0,6.3
1240.0,2026-06-05T19:27:44.942753+00:00,76.9166,0.0715,96.4937,-0.1626,0.75,0.0,1500.0,0.0,6.3
1240.5,2026-06-05T19:27:45.436695+00:00,76.9591,-0.0087,96.3794,-0.233,0.75,0.0,1500.0,0.0,6.3
1241.002076,2026-06-05T19:27:45.938711+00:00,76.8644,-0.0703,96.6387,-0.1405,0.75,0.0,1500.0,0.0,6.3
1241.5,2026-06-05T19:27:46.436693+00:00,76.9189,-0.054,96.4909,-0.1466,0.75,0.0,1500.0,0.0,6.3
1242.0,2026-06-05T19:27:46.936696+00:00,76.9608,0.0221,96.7244,0.0031,0.75,0.0,1500.0,0.0,6.3
1242.500898,2026-06-05T19:27:47.445285+00:00,76.8658,-0.0467,96.418,-0.0748,0.75,0.0,1500.0,0.0,6.3
1243.0,2026-06-05T19:27:47.936686+00:00,76.92,0.0278,96.4601,-0.0112,0.75,0.0,1500.0,0.0,6.3
1243.5,2026-06-05T19:27:48.436961+00:00,77.0889,0.085,96.4462,0.0222,0.75,0.0,1500.0,0.0,6.3
1244.001052,2026-06-05T19:27:48.938537+00:00,76.8369,-0.0619,96.3661,-0.0909,0.75,0.0,1500.0,0.0,6.3
1244.5,2026-06-05T19:27:49.436722+00:00,76.7705,-0.0476,96.6285,0.0458,0.75,0.0,1500.0,0.0,6.3
1245.0,2026-06-05T19:27:49.941624+00:00,76.7195,-0.1002,96.7144,-0.0033,0.75,0.0,1500.0,0.0,6.3
1245.500191,2026-06-05T19:27:50.436888+00:00,76.6803,-0.2043,96.7805,0.1209,0.75,0.0,1500.0,0.0,6.3
1246.0,2026-06-05T19:27:50.936735+00:00,76.7774,-0.0298,96.947,0.1623,0.75,0.0,1500.0,0.0,6.3
1246.5,2026-06-05T19:27:51.437215+00:00,76.7248,-0.0229,96.8436,0.1325,0.75,0.0,1500.0,0.0,6.3
1247.001589,2026-06-05T19:27:51.938306+00:00,76.6843,-0.0176,96.5327,0.0555,0.75,0.0,1500.0,0.0,6.3
1247.5,2026-06-05T19:27:52.441231+00:00,76.9078,0.1138,96.6408,0.0041,0.75,0.0,1500.0,0.0,6.3512
1248.0,2026-06-05T19:27:52.936725+00:00,76.9523,0.0874,96.7239,0.0032,0.75,0.0,1500.0,0.0,6.3762
1248.5,2026-06-05T19:27:53.436673+00:00,76.9865,0.1308,96.6721,-0.0361,0.75,0.0,1500.0,0.0,6.3884
1249.0,2026-06-05T19:27:53.936758+00:00,77.14,0.2278,96.7248,-0.0741,0.75,0.0,1500.0,0.0,6.3943
1249.5,2026-06-05T19:27:54.436676+00:00,77.1307,0.1115,96.7885,-0.0184,0.75,0.0,1500.0,0.0,6.3972
1250.0,2026-06-05T19:27:54.943324+00:00,77.1236,0.0857,96.5829,0.0167,0.75,0.0,1500.0,0.0,6.3986
1250.5,2026-06-05T19:27:55.436710+00:00,77.1182,0.0659,96.6794,0.0129,0.75,0.0,1500.0,0.0,6.3993
1251.0,2026-06-05T19:27:55.936886+00:00,77.114,-0.013,96.6379,-0.0287,0.75,0.0,1500.0,0.0,6.3997
1251.5,2026-06-05T19:27:56.436694+00:00,77.1107,-0.01,96.4903,-0.0606,0.75,0.0,1500.0,0.0,6.3998
1252.0,2026-06-05T19:27:56.936738+00:00,77.1082,-0.0077,96.6082,-0.0389,0.75,0.0,1500.0,0.0,6.3999
1252.5,2026-06-05T19:27:57.446505+00:00,77.2336,0.0577,96.6063,-0.0607,0.75,0.0,1500.0,0.0,6.3488
1253.0,2026-06-05T19:27:57.936713+00:00,77.2027,0.0444,96.4429,-0.0467,0.75,0.0,1500.0,0.0,6.375
1253.5,2026-06-05T19:27:58.436724+00:00,77.0517,-0.0295,96.5718,-0.0359,0.75,0.0,1500.0,0.0,6.3366
1254.000773,2026-06-05T19:27:58.937676+00:00,77.1901,0.0409,96.5552,-0.0276,0.75,0.0,1500.0,0.0,6.3179
1254.5,2026-06-05T19:27:59.436687+00:00,76.9147,-0.1594,96.5193,0.0097,0.75,0.0,1500.0,0.0,6.3599
1255.0,2026-06-05T19:27:59.941403+00:00,76.8303,-0.1862,96.5148,-0.0311,0.75,0.0,1500.0,0.0,6.3292
1255.5,2026-06-05T19:28:00.436723+00:00,76.7655,-0.1431,96.6271,0.0069,0.75,0.0,1500.0,0.0,6.3143
1256.0,2026-06-05T19:28:00.936883+00:00,76.7156,-0.2373,96.8291,0.1287,0.75,0.0,1500.0,0.0,6.307
1256.5,2026-06-05T19:28:01.436845+00:00,77.0591,0.0722,96.8686,0.0989,0.75,0.0,1500.0,0.0,6.3034
1257.0,2026-06-05T19:28:01.936690+00:00,77.0686,0.1191,96.7833,0.076,0.75,0.0,1500.0,0.0,6.3017
1257.5,2026-06-05T19:28:02.441344+00:00,77.0758,0.1552,96.8335,0.1047,0.75,0.0,1500.0,0.0,6.3008
1258.0,2026-06-05T19:28:02.936800+00:00,76.9542,0.1193,96.872,0.1191,0.75,0.0,1500.0,0.0,6.3004
1258.5,2026-06-05T19:28:03.436660+00:00,76.8606,-0.0992,96.9016,0.0915,0.75,0.0,1500.0,0.0,6.3002
1259.0,2026-06-05T19:28:03.936790+00:00,76.916,-0.0763,96.9244,0.0318,0.75,0.0,1500.0,0.0,6.3001
1259.5,2026-06-05T19:28:04.436679+00:00,76.9586,-0.0586,96.8262,-0.0141,0.75,0.0,1500.0,0.0,6.3
1260.0,2026-06-05T19:28:04.942445+00:00,76.9913,0.0186,96.9821,0.0663,0.75,0.0,1500.0,0.0,6.3
1260.500215,2026-06-05T19:28:05.437546+00:00,77.0165,0.0779,97.1019,0.0895,0.75,0.0,1500.0,0.0,6.3
1261.001047,2026-06-05T19:28:05.938533+00:00,77.1631,0.1235,96.847,-0.0083,0.75,0.0,1500.0,0.0,6.3
1261.5,2026-06-05T19:28:06.436760+00:00,77.0212,0.0313,96.8824,-0.0064,0.75,0.0,1500.0,0.0,6.3
1262.0,2026-06-05T19:28:06.936918+00:00,76.9122,-0.0396,96.9096,-0.0049,0.75,0.0,1500.0,0.0,6.3
1262.5,2026-06-05T19:28:07.443311+00:00,76.9556,-0.0304,96.9305,0.0348,0.75,0.0,1500.0,0.0,6.2488
1263.0,2026-06-05T19:28:07.936688+00:00,76.8618,-0.1506,96.9466,-0.0118,0.75,0.0,1500.0,0.0,6.275
1263.5,2026-06-05T19:28:08.436661+00:00,77.0442,0.0115,97.0746,-0.0091,0.75,0.0,1500.0,0.0,6.2366
1264.0,2026-06-05T19:28:08.936680+00:00,77.0571,0.0725,96.826,-0.007,0.75,0.0,1500.0,0.0,6.2691
1264.5,2026-06-05T19:28:09.436681+00:00,76.8125,-0.0716,96.8662,-0.0054,0.75,0.0,1500.0,0.0,6.2849
1265.0,2026-06-05T19:28:09.943506+00:00,77.0063,0.0723,96.8972,-0.0041,0.75,0.0,1500.0,0.0,6.2926
1265.5,2026-06-05T19:28:10.436667+00:00,76.9007,-0.0717,96.8053,-0.0417,0.75,0.0,1500.0,0.0,6.2964
1266.0,2026-06-05T19:28:10.937311+00:00,76.8195,-0.1188,96.8503,-0.0321,0.75,0.0,1500.0,0.0,6.2982
1266.5,2026-06-05T19:28:11.437153+00:00,76.8844,0.036,97.0007,-0.0247,0.75,0.0,1500.0,0.0,6.2991
1267.0,2026-06-05T19:28:11.936667+00:00,76.9343,-0.036,96.8848,0.0196,0.75,0.0,1500.0,0.0,6.2484
1267.5,2026-06-05T19:28:12.443109+00:00,76.9727,0.036,96.9115,0.0151,0.75,0.0,1500.0,0.0,6.2236
1268.0,2026-06-05T19:28:12.936932+00:00,77.0021,0.0913,96.7237,-0.0578,0.75,0.0,1500.0,0.0,6.2627
1268.5,2026-06-05T19:28:13.436687+00:00,76.643,-0.1207,96.5794,-0.0753,0.75,0.0,1500.0,0.0,6.2818
1269.0,2026-06-05T19:28:13.936701+00:00,76.4942,-0.2201,96.5379,-0.1042,0.75,0.0,1500.0,0.0,6.2911
1269.5,2026-06-05T19:28:14.436919+00:00,76.6344,-0.1691,96.6448,-0.1186,0.75,0.0,1500.0,0.0,6.2957
1270.0,2026-06-05T19:28:14.941141+00:00,76.6148,-0.1936,96.4956,-0.1297,0.75,0.0,1500.0,0.0,6.2979
1270.5,2026-06-05T19:28:15.436775+00:00,76.8544,0.1057,96.4735,-0.146,0.75,0.0,1500.0,0.0,6.299
1271.0,2026-06-05T19:28:15.936981+00:00,76.7839,0.1449,96.4796,-0.0814,0.75,0.0,1500.0,0.0,6.2995
1271.5,2026-06-05T19:28:16.436681+00:00,76.8571,0.1114,96.7157,0.0455,0.75,0.0,1500.0,0.0,6.2998
1272.0,2026-06-05T19:28:16.937141+00:00,76.9133,0.1492,96.8047,0.0889,0.75,0.0,1500.0,0.0,6.3511
1272.5,2026-06-05T19:28:17.447479+00:00,76.9565,0.0511,96.711,0.0221,0.75,0.0,1500.0,0.0,6.3249
1273.0,2026-06-05T19:28:17.936692+00:00,76.8624,0.0392,96.6622,0.0555,0.75,0.0,1500.0,0.0,6.3634
1273.5,2026-06-05T19:28:18.436664+00:00,77.0447,0.0938,96.8561,0.1275,0.75,0.0,1500.0,0.0,6.3821
1274.002078,2026-06-05T19:28:18.938739+00:00,77.1847,0.1357,96.7737,0.098,0.75,0.0,1500.0,0.0,6.3913
1274.5,2026-06-05T19:28:19.436666+00:00,76.7833,-0.0866,96.9186,0.0676,0.75,0.0,1500.0,0.0,6.3445
1275.0,2026-06-05T19:28:19.943238+00:00,76.8566,-0.0029,96.9374,0.0443,0.75,0.0,1500.0,0.0,6.3217
1275.5,2026-06-05T19:28:20.436677+00:00,76.9129,-0.0659,96.8362,0.0417,0.75,0.0,1500.0,0.0,6.3106
1276.0,2026-06-05T19:28:20.936737+00:00,76.9562,-0.1143,96.7584,0.0321,0.75,0.0,1500.0,0.0,6.3052
1276.5,2026-06-05T19:28:21.436929+00:00,76.9895,0.1031,96.8143,-0.0139,0.75,0.0,1500.0,0.0,6.3025
1277.0,2026-06-05T19:28:21.936647+00:00,77.0151,0.0792,96.5102,-0.0878,0.75,0.0,1500.0,0.0,6.3012
1277.5,2026-06-05T19:28:22.442060+00:00,76.9074,-0.0027,96.5078,-0.1369,0.75,0.0,1500.0,0.0,6.3006
1278.0,2026-06-05T19:28:22.937159+00:00,76.8247,-0.0657,96.4829,-0.1515,0.75,0.0,1500.0,0.0,6.3003
1278.5,2026-06-05T19:28:23.436694+00:00,77.0157,0.0131,96.1397,-0.2322,0.75,0.0,1500.0,0.0,6.3001
1279.0,2026-06-05T19:28:23.936650+00:00,77.0352,0.0101,96.2231,-0.1784,0.75,0.0,1500.0,0.0,6.3001
1279.5,2026-06-05T19:28:24.437163+00:00,77.1775,0.135,96.4029,-0.1371,0.75,0.0,1500.0,0.0,6.3
1280.0,2026-06-05T19:28:24.946322+00:00,77.1595,0.1674,96.3097,-0.0668,0.75,0.0,1500.0,0.0,6.3
1280.5,2026-06-05T19:28:25.436743+00:00,77.1458,0.065,96.4694,-0.0128,0.75,0.0,1500.0,0.0,6.3
1281.0,2026-06-05T19:28:25.936745+00:00,77.2624,0.1136,96.4996,0.0056,0.75,0.0,1500.0,0.0,6.3
1281.5,2026-06-05T19:28:26.436673+00:00,77.2249,0.0237,96.4997,0.12,0.75,0.0,1500.0,0.0,6.3
1282.0,2026-06-05T19:28:26.936719+00:00,77.196,0.0182,96.6155,0.1308,0.75,0.0,1500.0,0.0,6.3
1282.5,2026-06-05T19:28:27.443421+00:00,77.301,0.0776,96.5656,0.0542,0.75,0.0,1500.0,0.0,6.3
1283.0,2026-06-05T19:28:27.936666+00:00,77.2545,-0.004,96.4347,0.0417,0.75,0.0,1500.0,0.0,6.3
1283.5,2026-06-05T19:28:28.436856+00:00,77.0915,-0.0667,96.5424,0.0243,0.75,0.0,1500.0,0.0,6.3
1284.0,2026-06-05T19:28:28.936674+00:00,77.0935,-0.0513,96.4169,-0.0276,0.75,0.0,1500.0,0.0,6.3
1284.5,2026-06-05T19:28:29.436657+00:00,76.9677,-0.1667,96.4593,-0.0135,0.75,0.0,1500.0,0.0,6.3
1285.0,2026-06-05T19:28:29.942394+00:00,77.1256,-0.0645,96.5844,-0.0104,0.75,0.0,1500.0,0.0,6.3
1285.5,2026-06-05T19:28:30.436927+00:00,77.1197,0.0141,96.6806,0.0383,0.75,0.0,1500.0,0.0,6.3
1286.0,2026-06-05T19:28:30.936681+00:00,76.9878,-0.0528,96.5231,0.0294,0.75,0.0,1500.0,0.0,6.3
1286.5,2026-06-05T19:28:31.437101+00:00,77.2683,0.1503,96.6103,0.0226,0.75,0.0,1500.0,0.0,6.3
1287.0,2026-06-05T19:28:31.937365+00:00,77.3567,0.1155,96.5848,0.056,0.75,0.0,1500.0,0.0,6.3
1287.5,2026-06-05T19:28:32.443405+00:00,77.17,0.0252,96.5652,0.0353,0.75,0.0,1500.0,0.0,6.3
1288.0,2026-06-05T19:28:32.936906+00:00,77.0265,0.0193,96.5501,-0.0114,0.75,0.0,1500.0,0.0,6.3
1288.5,2026-06-05T19:28:33.436814+00:00,76.9163,-0.176,96.3071,-0.1245,0.75,0.0,1500.0,0.0,6.3
1289.0,2026-06-05T19:28:33.936707+00:00,76.9588,-0.1989,96.236,-0.0957,0.75,0.0,1500.0,0.0,6.3
1289.5,2026-06-05T19:28:34.436684+00:00,77.1187,-0.0256,96.5285,-0.0273,0.75,0.0,1500.0,0.0,6.3
1290.0,2026-06-05T19:28:34.944161+00:00,77.1144,0.0439,96.5219,-0.021,0.75,0.0,1500.0,0.0,6.3
1290.5,2026-06-05T19:28:35.436673+00:00,77.1111,0.0974,96.6325,0.0225,0.75,0.0,1500.0,0.0,6.3
1291.0,2026-06-05T19:28:35.936696+00:00,77.2358,0.1385,96.5787,0.0096,0.75,0.0,1500.0,0.0,6.3
1291.5,2026-06-05T19:28:36.436808+00:00,77.2044,0.0428,96.6762,0.123,0.75,0.0,1500.0,0.0,6.3
1292.0,2026-06-05T19:28:36.936710+00:00,77.1802,0.0329,96.7511,0.1717,0.75,0.0,1500.0,0.0,6.3
1292.5,2026-06-05T19:28:37.441706+00:00,77.1616,0.0253,96.693,0.0548,0.75,0.0,1500.0,0.0,6.3
1293.001211,2026-06-05T19:28:37.938049+00:00,77.1474,-0.0442,96.5327,0.0036,0.75,0.0,1500.0,0.0,6.3
1293.5,2026-06-05T19:28:38.436678+00:00,77.0091,-0.0976,96.3863,-0.0821,0.75,0.0,1500.0,0.0,6.3
1294.0,2026-06-05T19:28:38.936767+00:00,77.0302,-0.075,96.644,0.0217,0.75,0.0,1500.0,0.0,6.3
1294.500187,2026-06-05T19:28:39.436881+00:00,76.9191,-0.1213,96.6107,-0.0219,0.75,0.0,1500.0,0.0,6.3
1295.0,2026-06-05T19:28:39.942896+00:00,76.8337,-0.1569,96.5851,-0.0554,0.75,0.0,1500.0,0.0,6.3512
1295.5,2026-06-05T19:28:40.436759+00:00,76.8953,-0.0569,96.6811,-0.004,0.75,0.0,1500.0,0.0,6.325
1296.0,2026-06-05T19:28:40.936708+00:00,76.8154,-0.1074,96.4078,-0.0416,0.75,0.0,1500.0,0.0,6.261
1296.5,2026-06-05T19:28:41.436679+00:00,76.4994,-0.2098,96.5448,0.0529,0.75,0.0,1500.0,0.0,6.281
1297.000001,2026-06-05T19:28:41.937114+00:00,76.6384,-0.0976,96.6501,0.0021,0.75,0.0,1500.0,0.0,6.2907
1297.5,2026-06-05T19:28:42.443206+00:00,76.618,-0.1387,96.384,-0.0756,0.75,0.0,1500.0,0.0,6.2955
1298.0,2026-06-05T19:28:42.936854+00:00,76.475,-0.1702,96.6422,0.0191,0.75,0.0,1500.0,0.0,6.349
1298.5,2026-06-05T19:28:43.436958+00:00,76.7469,0.1237,96.6093,-0.0239,0.75,0.0,1500.0,0.0,6.3751
1299.0,2026-06-05T19:28:43.936722+00:00,76.8286,0.0951,96.3295,-0.0261,0.75,0.0,1500.0,0.0,6.3879
1299.5,2026-06-05T19:28:44.436718+00:00,76.6368,0.0094,96.3458,-0.0663,0.75,0.0,1500.0,0.0,6.3941
1300.0,2026-06-05T19:28:44.943728+00:00,76.744,0.1345,96.2658,-0.1281,0.75,0.0,1500.0,0.0,6.3459
1300.501012,2026-06-05T19:28:45.437726+00:00,76.8264,0.0398,96.32,-0.0213,0.75,0.0,1500.0,0.0,6.3224
1301.0,2026-06-05T19:28:45.936688+00:00,76.7624,-0.0331,96.3385,-0.1012,0.75,0.0,1500.0,0.0,6.3109
1301.5,2026-06-05T19:28:46.436876+00:00,76.7133,0.0382,96.399,-0.0701,0.75,0.0,1500.0,0.0,6.3053
1302.00121,2026-06-05T19:28:46.937990+00:00,76.93,0.093,96.3067,-0.0076,0.75,0.0,1500.0,0.0,6.3026
1302.5,2026-06-05T19:28:47.444650+00:00,76.9694,0.0715,96.3283,-0.0058,0.75,0.0,1500.0,0.0,6.2501
1303.0,2026-06-05T19:28:47.936908+00:00,76.8723,0.0549,96.4837,0.0726,0.75,0.0,1500.0,0.0,6.2756
1303.501238,2026-06-05T19:28:48.438009+00:00,76.7977,0.0422,96.2561,-0.0213,0.75,0.0,1500.0,0.0,6.2881
1304.0,2026-06-05T19:28:48.936831+00:00,76.8677,-0.0312,96.4282,0.0299,0.75,0.0,1500.0,0.0,6.2942
1304.5,2026-06-05T19:28:49.436910+00:00,76.7942,-0.0876,96.3291,-0.0233,0.75,0.0,1500.0,0.0,6.2972
1305.001212,2026-06-05T19:28:49.943723+00:00,76.8649,-0.0037,96.253,-0.0179,0.75,0.0,1500.0,0.0,6.2986
1305.5,2026-06-05T19:28:50.436736+00:00,76.9193,0.0608,96.3101,-0.006,0.75,0.0,1500.0,0.0,6.2993
1306.0,2026-06-05T19:28:50.936954+00:00,76.9611,0.0467,96.2384,-0.0818,0.75,0.0,1500.0,0.0,6.2997
1306.5,2026-06-05T19:28:51.436730+00:00,76.866,0.0359,96.4146,0.0528,0.75,0.0,1500.0,0.0,6.2998
1307.0,2026-06-05T19:28:51.936681+00:00,76.9201,0.0276,96.4344,0.002,0.75,0.0,1500.0,0.0,6.2999
1307.5,2026-06-05T19:28:52.442872+00:00,76.9618,0.0212,96.4496,0.0401,0.75,0.0,1500.0,0.0,6.2488
1308.001227,2026-06-05T19:28:52.938008+00:00,76.8665,-0.0473,96.5769,0.108,0.75,0.0,1500.0,0.0,6.275
1308.5,2026-06-05T19:28:53.436954+00:00,76.9205,0.0273,96.4434,0.0444,0.75,0.0,1500.0,0.0,6.2878
1309.0,2026-06-05T19:28:53.936908+00:00,76.9621,0.021,96.4334,0.065,0.75,0.0,1500.0,0.0,6.294
1309.5,2026-06-05T19:28:54.436738+00:00,76.994,0.0161,96.4488,0.0114,0.75,0.0,1500.0,0.0,6.2971
1310.0,2026-06-05T19:28:54.941398+00:00,76.8912,0.0124,96.4375,0.001,0.75,0.0,1500.0,0.0,6.2986
1310.5,2026-06-05T19:28:55.436947+00:00,76.9395,0.0095,96.3363,-0.0378,0.75,0.0,1500.0,0.0,6.2993
1311.0,2026-06-05T19:28:55.936700+00:00,76.9767,0.0073,96.4899,-0.029,0.75,0.0,1500.0,0.0,6.2997
1311.5,2026-06-05T19:28:56.436753+00:00,77.1325,0.0693,96.5848,0.0471,0.75,0.0,1500.0,0.0,6.2998
1312.0,2026-06-05T19:28:56.936742+00:00,76.9977,0.0532,96.4494,0.0054,0.75,0.0,1500.0,0.0,6.2999
1312.5,2026-06-05T19:28:57.443792+00:00,77.0214,0.0409,96.3454,-0.0344,0.75,0.0,1500.0,0.0,6.2488
1313.0,2026-06-05T19:28:57.936669+00:00,77.0396,0.0314,96.2424,-0.065,0.75,0.0,1500.0,0.0,6.275
1313.5,2026-06-05T19:28:58.436667+00:00,77.0535,-0.0395,96.302,-0.0114,0.75,0.0,1500.0,0.0,6.2878
1314.001256,2026-06-05T19:28:58.938048+00:00,77.0643,0.0333,96.3478,-0.0473,0.75,0.0,1500.0,0.0,6.294
1314.5,2026-06-05T19:28:59.436682+00:00,77.1998,0.0892,96.6144,0.0099,0.75,0.0,1500.0,0.0,6.2971
1315.0,2026-06-05T19:28:59.942055+00:00,77.304,0.1322,96.7036,0.0847,0.75,0.0,1500.0,0.0,6.2986
1315.5,2026-06-05T19:29:00.436654+00:00,77.0023,-0.0256,96.7722,0.1423,0.75,0.0,1500.0,0.0,6.2993
1316.0,2026-06-05T19:29:00.936753+00:00,77.1521,0.0439,96.8249,0.1942,0.75,0.0,1500.0,0.0,6.2997
1316.5,2026-06-05T19:29:01.436835+00:00,77.0128,-0.0935,96.8654,0.1878,0.75,0.0,1500.0,0.0,6.2998
1317.0,2026-06-05T19:29:01.936674+00:00,77.033,-0.1355,96.6883,0.1135,0.75,0.0,1500.0,0.0,6.2999
1317.5,2026-06-05T19:29:02.444474+00:00,77.0485,0.0231,96.7604,0.0487,0.75,0.0,1500.0,0.0,6.3
1318.0,2026-06-05T19:29:02.936839+00:00,76.9331,-0.1095,96.8159,0.0374,0.75,0.0,1500.0,0.0,6.3
1318.5,2026-06-05T19:29:03.436740+00:00,76.8445,-0.0842,96.8585,0.0288,0.75,0.0,1500.0,0.0,6.3
1319.0,2026-06-05T19:29:03.936686+00:00,77.0309,-0.0011,96.8912,0.0221,0.75,0.0,1500.0,0.0,6.3
1319.501017,2026-06-05T19:29:04.437741+00:00,76.9196,-0.0644,96.8007,-0.0216,0.75,0.0,1500.0,0.0,6.3
1320.0,2026-06-05T19:29:04.943872+00:00,76.9613,0.0141,96.8468,0.0528,0.75,0.0,1500.0,0.0,6.3
1320.5,2026-06-05T19:29:05.437007+00:00,76.9934,0.0745,97.1137,0.1177,0.75,0.0,1500.0,0.0,6.3
1321.0,2026-06-05T19:29:05.936668+00:00,77.0181,-0.0064,96.9717,0.0519,0.75,0.0,1500.0,0.0,6.3
1321.5,2026-06-05T19:29:06.436696+00:00,77.1643,0.1224,97.0708,0.0708,0.75,0.0,1500.0,0.0,6.3
1322.0,2026-06-05T19:29:06.936824+00:00,77.0222,0.0304,97.0544,0.0544,0.75,0.0,1500.0,0.0,6.3
1322.5,2026-06-05T19:29:07.441262+00:00,76.9129,-0.0403,96.9261,0.0418,0.75,0.0,1500.0,0.0,6.3
1323.0,2026-06-05T19:29:07.936698+00:00,76.9562,-0.0309,97.0589,0.0707,0.75,0.0,1500.0,0.0,6.3
1323.5,2026-06-05T19:29:08.436706+00:00,76.9895,-0.0874,97.0453,-0.0228,0.75,0.0,1500.0,0.0,6.3
1324.0,2026-06-05T19:29:08.936727+00:00,77.015,-0.0036,97.0348,0.021,0.75,0.0,1500.0,0.0,6.3
1324.5,2026-06-05T19:29:09.436763+00:00,77.162,0.1245,97.2581,0.0625,0.75,0.0,1500.0,0.0,6.3
1325.0,2026-06-05T19:29:09.943108+00:00,77.1476,0.0957,96.9439,-0.0368,0.75,0.0,1500.0,0.0,6.3
1325.5,2026-06-05T19:29:10.436667+00:00,77.1366,0.0736,96.9569,0.0102,0.75,0.0,1500.0,0.0,6.3
1326.0,2026-06-05T19:29:10.936973+00:00,77.1281,0.0565,96.8743,-0.0615,0.75,0.0,1500.0,0.0,6.3
1326.5,2026-06-05T19:29:11.437143+00:00,76.9944,-0.0838,96.7645,-0.0936,0.75,0.0,1500.0,0.0,6.3
1327.0,2026-06-05T19:29:11.936684+00:00,77.1461,-0.0008,96.819,-0.0719,0.75,0.0,1500.0,0.0,6.3
1327.5,2026-06-05T19:29:12.446455+00:00,77.1354,-0.0006,96.9766,-0.0938,0.75,0.0,1500.0,0.0,6.3
1328.0,2026-06-05T19:29:12.936692+00:00,77.2545,0.0632,96.982,0.0127,0.75,0.0,1500.0,0.0,6.3
1328.5,2026-06-05T19:29:13.436706+00:00,77.2187,0.1122,96.8705,-0.0288,0.75,0.0,1500.0,0.0,6.3
1329.0,2026-06-05T19:29:13.936664+00:00,77.064,-0.041,96.669,-0.0684,0.75,0.0,1500.0,0.0,6.3
1329.5,2026-06-05T19:29:14.436723+00:00,76.8178,-0.1588,96.3985,-0.122,0.75,0.0,1500.0,0.0,6.3512
1330.0,2026-06-05T19:29:14.946576+00:00,76.8831,-0.1857,96.5146,-0.1015,0.75,0.0,1500.0,0.0,6.325
1330.5,2026-06-05T19:29:15.436849+00:00,76.9333,-0.1427,96.4881,-0.1628,0.75,0.0,1500.0,0.0,6.3122
1331.0,2026-06-05T19:29:15.936731+00:00,76.9719,-0.0461,96.4908,-0.1637,0.75,0.0,1500.0,0.0,6.306
1331.5,2026-06-05T19:29:16.437121+00:00,77.0015,0.0919,96.6318,-0.0796,0.75,0.0,1500.0,0.0,6.3029
1332.000753,2026-06-05T19:29:16.938141+00:00,76.897,0.007,96.4625,-0.0689,0.75,0.0,1500.0,0.0,6.3014
1332.5,2026-06-05T19:29:17.441788+00:00,76.944,0.0054,96.7025,0.1013,0.75,0.0,1500.0,0.0,6.3007
1333.0,2026-06-05T19:29:17.936666+00:00,76.8528,-0.0595,96.6325,0.0393,0.75,0.0,1500.0,0.0,6.3515
1333.5,2026-06-05T19:29:18.436700+00:00,76.5282,-0.2366,96.5787,0.0302,0.75,0.0,1500.0,0.0,6.3764
1334.0,2026-06-05T19:29:18.936699+00:00,76.6605,-0.1183,96.5605,0.0232,0.75,0.0,1500.0,0.0,6.3885
1334.5,2026-06-05T19:29:19.436816+00:00,76.7622,-0.0909,96.6622,0.0101,0.75,0.0,1500.0,0.0,6.3944
1335.0,2026-06-05T19:29:19.943332+00:00,76.8404,-0.0062,96.6015,0.0464,0.75,0.0,1500.0,0.0,6.3461
1335.5,2026-06-05T19:29:20.436658+00:00,76.9005,0.1861,96.4623,-0.0801,0.75,0.0,1500.0,0.0,6.3225
1336.0,2026-06-05T19:29:20.936710+00:00,77.0739,0.2067,96.5636,-0.023,0.75,0.0,1500.0,0.0,6.311
1336.5,2026-06-05T19:29:21.436684+00:00,77.0799,0.1589,96.4332,-0.0485,0.75,0.0,1500.0,0.0,6.3054
1337.0,2026-06-05T19:29:21.936927+00:00,76.9573,0.0585,96.4487,-0.0373,0.75,0.0,1500.0,0.0,6.3026
1337.5,2026-06-05T19:29:22.446699+00:00,76.9903,0.0449,96.3217,-0.1135,0.75,0.0,1500.0,0.0,6.3013
1338.000978,2026-06-05T19:29:22.937696+00:00,77.0157,-0.0291,96.2704,-0.1104,0.75,0.0,1500.0,0.0,6.3006
1338.5,2026-06-05T19:29:23.436727+00:00,76.9079,-0.086,96.4392,-0.0077,0.75,0.0,1500.0,0.0,6.3003
1339.0,2026-06-05T19:29:23.936857+00:00,76.8251,-0.0661,96.569,0.0018,0.75,0.0,1500.0,0.0,6.3001
1339.5,2026-06-05T19:29:24.436754+00:00,76.7615,-0.1144,96.3216,-0.0372,0.75,0.0,1500.0,0.0,6.3001
1340.0,2026-06-05T19:29:24.942931+00:00,76.8398,-0.088,96.4786,0.01,0.75,0.0,1500.0,0.0,6.3
1340.5,2026-06-05T19:29:25.436728+00:00,76.9,-0.004,96.4836,0.054,0.75,0.0,1500.0,0.0,6.3
1341.0,2026-06-05T19:29:25.936672+00:00,76.819,-0.0031,96.6031,0.1109,0.75,0.0,1500.0,0.0,6.3
1341.5,2026-06-05T19:29:26.436820+00:00,76.7568,-0.0023,96.8106,0.1238,0.75,0.0,1500.0,0.0,6.3
1342.0,2026-06-05T19:29:26.937037+00:00,76.7089,-0.0654,96.8313,0.0874,0.75,0.0,1500.0,0.0,6.3
1342.5,2026-06-05T19:29:27.443054+00:00,76.7994,-0.0503,96.7546,0.1443,0.75,0.0,1500.0,0.0,6.3
1343.0,2026-06-05T19:29:27.936749+00:00,76.6144,-0.1023,96.6957,0.0724,0.75,0.0,1500.0,0.0,6.3
1343.5,2026-06-05T19:29:28.436847+00:00,76.5995,-0.0786,96.6504,0.0556,0.75,0.0,1500.0,0.0,6.3
1344.0,2026-06-05T19:29:28.936687+00:00,76.5881,-0.0604,96.6388,0.0119,0.75,0.0,1500.0,0.0,6.3
1344.5,2026-06-05T19:29:29.436672+00:00,76.7065,-0.0464,96.6992,-0.0371,0.75,0.0,1500.0,0.0,6.3
1345.0,2026-06-05T19:29:29.948488+00:00,76.9248,0.1552,96.63,-0.0671,0.75,0.0,1500.0,0.0,6.3
1345.5,2026-06-05T19:29:30.436699+00:00,76.8381,0.1193,96.5768,-0.0593,0.75,0.0,1500.0,0.0,6.3
1346.0,2026-06-05T19:29:30.936720+00:00,76.7714,0.0917,96.559,-0.0456,0.75,0.0,1500.0,0.0,6.3
1346.5,2026-06-05T19:29:31.437200+00:00,76.9747,0.1341,96.5453,-0.035,0.75,0.0,1500.0,0.0,6.3
1347.0,2026-06-05T19:29:31.936673+00:00,76.8765,-0.0242,96.4423,-0.0655,0.75,0.0,1500.0,0.0,6.3
1347.5,2026-06-05T19:29:32.442757+00:00,76.9282,0.045,96.4556,-0.0812,0.75,0.0,1500.0,0.0,6.3
1348.001493,2026-06-05T19:29:32.938815+00:00,77.0952,0.1619,96.4659,-0.0547,0.75,0.0,1500.0,0.0,6.3
1348.5,2026-06-05T19:29:33.436684+00:00,77.0963,0.0608,96.4738,-0.0343,0.75,0.0,1500.0,0.0,6.3
1349.0,2026-06-05T19:29:33.936677+00:00,77.0972,0.1104,96.4799,-0.0264,0.75,0.0,1500.0,0.0,6.3
1349.5,2026-06-05T19:29:34.436730+00:00,76.9706,0.0212,96.3688,-0.0588,0.75,0.0,1500.0,0.0,6.3
1350.0,2026-06-05T19:29:34.942473+00:00,77.1278,0.0163,96.2835,-0.0529,0.75,0.0,1500.0,0.0,6.3
1350.50058,2026-06-05T19:29:35.437328+00:00,76.9941,-0.0511,96.3336,-0.0407,0.75,0.0,1500.0,0.0,6.3
1351.0,2026-06-05T19:29:35.936811+00:00,77.0186,-0.0393,96.3489,-0.039,0.75,0.0,1500.0,0.0,6.3
1351.5,2026-06-05T19:29:36.436694+00:00,77.1647,0.0971,96.3839,-0.03,0.75,0.0,1500.0,0.0,6.3
1352.0,2026-06-05T19:29:36.936952+00:00,77.277,0.0746,96.4339,-0.0153,0.75,0.0,1500.0,0.0,6.3
1352.500797,2026-06-05T19:29:37.443960+00:00,77.3633,0.1846,96.5418,0.0576,0.75,0.0,1500.0,0.0,6.3
1353.0,2026-06-05T19:29:37.936668+00:00,77.1751,0.0783,96.7635,0.16,0.75,0.0,1500.0,0.0,6.3
1353.5,2026-06-05T19:29:38.437036+00:00,77.0305,-0.0671,96.8182,0.1615,0.75,0.0,1500.0,0.0,6.3
1354.000487,2026-06-05T19:29:38.937199+00:00,76.9193,-0.1789,96.652,0.101,0.75,0.0,1500.0,0.0,6.3
1354.5,2026-06-05T19:29:39.436792+00:00,76.7066,-0.3284,96.6168,0.0776,0.75,0.0,1500.0,0.0,6.3
1355.0,2026-06-05T19:29:39.941579+00:00,76.7976,-0.1888,96.4972,0.0211,0.75,0.0,1500.0,0.0,6.3
1355.5,2026-06-05T19:29:40.436748+00:00,76.8676,-0.0814,96.4979,-0.0146,0.75,0.0,1500.0,0.0,6.3
1356.0,2026-06-05T19:29:40.936682+00:00,77.0486,0.0647,96.7066,-0.019,0.75,0.0,1500.0,0.0,6.3
1356.5,2026-06-05T19:29:41.436701+00:00,77.0605,0.177,96.7745,-0.0146,0.75,0.0,1500.0,0.0,6.3
1357.0,2026-06-05T19:29:41.936837+00:00,76.9424,0.0724,96.5953,-0.0189,0.75,0.0,1500.0,0.0,6.3
1357.5,2026-06-05T19:29:42.442680+00:00,76.7243,-0.0716,96.6889,0.024,0.75,0.0,1500.0,0.0,6.3
1358.0,2026-06-05T19:29:42.937104+00:00,76.8112,-0.1187,96.7378,0.0802,0.75,0.0,1500.0,0.0,6.3512
1358.5,2026-06-05T19:29:43.436669+00:00,76.7508,-0.1549,96.6828,0.0616,0.75,0.0,1500.0,0.0,6.325
1359.0,2026-06-05T19:29:43.936688+00:00,76.8316,-0.0554,96.7562,0.0165,0.75,0.0,1500.0,0.0,6.3122
1359.5,2026-06-05T19:29:44.437087+00:00,76.8937,0.0847,96.5812,-0.0644,0.75,0.0,1500.0,0.0,6.306
1360.0,2026-06-05T19:29:44.941422+00:00,77.0687,0.1287,96.331,-0.0881,0.75,0.0,1500.0,0.0,6.3029
1360.5,2026-06-05T19:29:45.436670+00:00,77.2032,0.2262,96.3932,-0.0986,0.75,0.0,1500.0,0.0,6.3014
1361.0,2026-06-05T19:29:45.936685+00:00,77.1793,0.1739,96.3948,-0.1143,0.75,0.0,1500.0,0.0,6.3007
1361.5,2026-06-05T19:29:46.436825+00:00,77.0337,0.07,96.2803,-0.1341,0.75,0.0,1500.0,0.0,6.3003
1362.0,2026-06-05T19:29:46.936678+00:00,77.049,-0.0098,96.3311,-0.1417,0.75,0.0,1500.0,0.0,6.3002
1362.5,2026-06-05T19:29:47.444076+00:00,77.1881,-0.0076,96.6016,0.0068,0.75,0.0,1500.0,0.0,6.3001
1363.0,2026-06-05T19:29:47.936691+00:00,77.0405,-0.0694,96.5781,0.0824,0.75,0.0,1500.0,0.0,6.3512
1363.5,2026-06-05T19:29:48.436660+00:00,77.0542,0.0103,96.6757,0.0942,0.75,0.0,1500.0,0.0,6.3762
1364.0,2026-06-05T19:29:48.936684+00:00,76.9376,-0.0557,96.8665,0.1572,0.75,0.0,1500.0,0.0,6.3884
1364.5,2026-06-05T19:29:49.436674+00:00,76.9751,-0.1065,96.3189,0.0129,0.75,0.0,1500.0,0.0,6.3943
1365.0,2026-06-05T19:29:49.946343+00:00,76.8768,-0.0818,96.569,0.0793,0.75,0.0,1500.0,0.0,6.3972
1365.5,2026-06-05T19:29:50.436987+00:00,77.0557,0.0007,96.6688,0.0224,0.75,0.0,1500.0,0.0,6.3475
1366.0,2026-06-05T19:29:50.936717+00:00,77.0659,0.0642,96.7454,0.0558,0.75,0.0,1500.0,0.0,6.3232
1366.5,2026-06-05T19:29:51.436698+00:00,77.2011,0.113,96.92,0.0814,0.75,0.0,1500.0,0.0,6.3113
1367.001234,2026-06-05T19:29:51.938064+00:00,77.305,0.2141,96.9385,0.024,0.75,0.0,1500.0,0.0,6.3055
1367.5,2026-06-05T19:29:52.441517+00:00,77.2575,0.1009,97.0685,0.2499,0.75,0.0,1500.0,0.0,6.3027
1368.0,2026-06-05T19:29:52.936685+00:00,77.0938,0.0139,96.9369,0.1226,0.75,0.0,1500.0,0.0,6.3525
1368.5,2026-06-05T19:29:53.436694+00:00,77.0952,-0.0529,96.8358,0.0557,0.75,0.0,1500.0,0.0,6.3768
1369.0,2026-06-05T19:29:53.936827+00:00,76.9691,-0.1679,96.9895,0.0814,0.75,0.0,1500.0,0.0,6.3887
1369.5,2026-06-05T19:29:54.436771+00:00,76.8721,-0.1927,97.1076,0.0625,0.75,0.0,1500.0,0.0,6.3945
1370.0,2026-06-05T19:29:54.944231+00:00,77.0521,-0.0209,96.8513,-0.0291,0.75,0.0,1500.0,0.0,6.3461
1370.5,2026-06-05T19:29:55.436760+00:00,77.0632,-0.016,96.8857,-0.0609,0.75,0.0,1500.0,0.0,6.3225
1371.0,2026-06-05T19:29:55.937277+00:00,77.199,0.115,97.0279,0.0303,0.75,0.0,1500.0,0.0,6.311
1371.5,2026-06-05T19:29:56.436664+00:00,77.3033,0.2156,96.9057,0.0233,0.75,0.0,1500.0,0.0,6.3054
1372.0,2026-06-05T19:29:56.936656+00:00,77.2563,0.1021,97.1589,0.0565,0.75,0.0,1500.0,0.0,6.3026
1372.501028,2026-06-05T19:29:57.445853+00:00,77.2201,0.0785,97.0065,-0.0337,0.75,0.0,1500.0,0.0,6.3013
1373.0,2026-06-05T19:29:57.936695+00:00,77.1923,-0.0033,97.005,0.0512,0.75,0.0,1500.0,0.0,6.3006
1373.5,2026-06-05T19:29:58.436703+00:00,77.171,-0.0662,97.1195,0.0779,0.75,0.0,1500.0,0.0,6.3003
1374.0,2026-06-05T19:29:58.936652+00:00,77.2818,0.0128,97.0919,0.0213,0.75,0.0,1500.0,0.0,6.3001
1374.5,2026-06-05T19:29:59.436814+00:00,77.2397,0.0098,97.0706,0.055,0.75,0.0,1500.0,0.0,6.3001
1375.0,2026-06-05T19:29:59.942527+00:00,76.9529,-0.1197,97.0543,-0.0349,0.75,0.0,1500.0,0.0,6.3
1375.5,2026-06-05T19:30:00.436729+00:00,76.9869,-0.092,97.0417,0.0117,0.75,0.0,1500.0,0.0,6.3
1376.0,2026-06-05T19:30:00.937092+00:00,77.0131,-0.1344,97.1478,0.0476,0.75,0.0,1500.0,0.0,6.3
1376.5,2026-06-05T19:30:01.436701+00:00,77.0332,-0.1033,97.1136,-0.002,0.75,0.0,1500.0,0.0,6.3
1377.0,2026-06-05T19:30:01.936706+00:00,76.7941,-0.0794,97.0641,-0.0092,0.75,0.0,1500.0,0.0,6.3
1377.5,2026-06-05T19:30:02.445928+00:00,76.7376,-0.1246,97.0493,-0.0071,0.75,0.0,1500.0,0.0,6.3
1378.0,2026-06-05T19:30:02.936689+00:00,76.9487,-0.0322,96.8296,-0.0749,0.75,0.0,1500.0,0.0,6.3
1378.5,2026-06-05T19:30:03.436664+00:00,76.9837,-0.0247,96.9848,-0.019,0.75,0.0,1500.0,0.0,6.3
1379.0,2026-06-05T19:30:03.936931+00:00,76.8834,0.0446,97.104,-0.0146,0.75,0.0,1500.0,0.0,6.3
1379.5,2026-06-05T19:30:04.437109+00:00,77.0608,0.1616,96.9411,-0.0575,0.75,0.0,1500.0,0.0,6.3
1380.0,2026-06-05T19:30:04.943787+00:00,77.1971,0.1242,97.1861,0.0407,0.75,0.0,1500.0,0.0,6.3
1380.500035,2026-06-05T19:30:05.437378+00:00,77.1746,0.0954,97.2587,0.0698,0.75,0.0,1500.0,0.0,6.3
1381.0,2026-06-05T19:30:05.936679+00:00,77.1574,0.137,97.1757,0.1154,0.75,0.0,1500.0,0.0,6.3
1381.5,2026-06-05T19:30:06.436695+00:00,77.0168,-0.022,97.2508,0.0887,0.75,0.0,1500.0,0.0,6.3
1382.0,2026-06-05T19:30:06.936673+00:00,77.1633,-0.0169,97.077,-0.009,0.75,0.0,1500.0,0.0,6.3
1382.5,2026-06-05T19:30:07.442552+00:00,77.1487,-0.013,97.1749,0.0779,0.75,0.0,1500.0,0.0,6.2488
1383.0,2026-06-05T19:30:07.936746+00:00,77.0102,-0.0736,97.2501,0.0213,0.75,0.0,1500.0,0.0,6.275
1383.5,2026-06-05T19:30:08.436726+00:00,77.0309,0.0071,97.1923,-0.0222,0.75,0.0,1500.0,0.0,6.2878
1384.0,2026-06-05T19:30:08.936997+00:00,76.9197,-0.1218,97.3792,0.0678,0.75,0.0,1500.0,0.0,6.294
1384.5,2026-06-05T19:30:09.436700+00:00,76.9614,-0.0937,97.384,0.0444,0.75,0.0,1500.0,0.0,6.2971
1385.0,2026-06-05T19:30:09.943183+00:00,76.8662,-0.072,97.2951,0.0727,0.75,0.0,1500.0,0.0,6.2986
1385.5,2026-06-05T19:30:10.437044+00:00,77.0476,0.0083,97.4582,0.0944,0.75,0.0,1500.0,0.0,6.2993
1386.0,2026-06-05T19:30:10.937265+00:00,76.9324,0.0064,97.2365,-0.0045,0.75,0.0,1500.0,0.0,6.2997
1386.5,2026-06-05T19:30:11.436678+00:00,76.9712,0.0049,97.2975,0.0351,0.75,0.0,1500.0,0.0,6.2998
1387.0,2026-06-05T19:30:11.938506+00:00,76.8737,0.0038,97.2286,-0.0502,0.75,0.0,1500.0,0.0,6.2999
1387.5,2026-06-05T19:30:12.441871+00:00,76.7988,-0.1244,97.2914,-0.0309,0.75,0.0,1500.0,0.0,6.3
1388.0,2026-06-05T19:30:12.936668+00:00,76.7412,-0.0956,97.224,-0.0237,0.75,0.0,1500.0,0.0,6.3512
1388.5,2026-06-05T19:30:13.436769+00:00,76.8243,-0.0735,97.1722,-0.0954,0.75,0.0,1500.0,0.0,6.3762
1389.0,2026-06-05T19:30:13.936728+00:00,76.5063,-0.1837,97.248,0.0038,0.75,0.0,1500.0,0.0,6.3884
1389.5,2026-06-05T19:30:14.436951+00:00,76.7709,-0.014,97.3063,0.003,0.75,0.0,1500.0,0.0,6.3943
1390.0,2026-06-05T19:30:14.943911+00:00,76.8471,0.0529,97.1197,-0.0363,0.75,0.0,1500.0,0.0,6.3972
1390.5,2026-06-05T19:30:15.436693+00:00,76.9056,0.0407,97.092,-0.0665,0.75,0.0,1500.0,0.0,6.3474
1391.0,2026-06-05T19:30:15.936966+00:00,76.9506,0.2222,96.955,-0.0897,0.75,0.0,1500.0,0.0,6.3232
1391.5,2026-06-05T19:30:16.436856+00:00,76.8579,0.0435,96.8497,-0.1075,0.75,0.0,1500.0,0.0,6.3113
1392.0,2026-06-05T19:30:16.936682+00:00,76.7866,-0.0302,97.0002,-0.0826,0.75,0.0,1500.0,0.0,6.3055
1392.500372,2026-06-05T19:30:17.446944+00:00,76.9864,0.0404,97.0002,-0.1021,0.75,0.0,1500.0,0.0,6.3027
1393.0,2026-06-05T19:30:17.936678+00:00,77.0127,0.0311,97.0001,-0.0399,0.75,0.0,1500.0,0.0,6.3013
1393.5,2026-06-05T19:30:18.436942+00:00,77.0329,0.0875,96.8844,-0.0692,0.75,0.0,1500.0,0.0,6.3006
1394.0,2026-06-05T19:30:18.936763+00:00,77.0484,0.1309,96.9111,-0.0146,0.75,0.0,1500.0,0.0,6.3003
1394.5,2026-06-05T19:30:19.436794+00:00,77.0604,0.037,96.9317,0.0273,0.75,0.0,1500.0,0.0,6.3002
1395.0,2026-06-05T19:30:19.942622+00:00,77.0695,0.0284,97.0632,0.021,0.75,0.0,1500.0,0.0,6.3001
1395.501026,2026-06-05T19:30:20.437726+00:00,76.9493,-0.0418,97.0486,0.0161,0.75,0.0,1500.0,0.0,6.3
1396.0,2026-06-05T19:30:20.936659+00:00,76.8569,-0.0958,97.153,0.051,0.75,0.0,1500.0,0.0,6.3
1396.5,2026-06-05T19:30:21.436671+00:00,77.0404,-0.01,97.2333,0.1163,0.75,0.0,1500.0,0.0,6.3
1397.0,2026-06-05T19:30:21.936710+00:00,76.9269,-0.0713,97.1793,0.0894,0.75,0.0,1500.0,0.0,6.3
1397.5,2026-06-05T19:30:22.442732+00:00,77.0943,0.0725,97.1378,0.0687,0.75,0.0,1500.0,0.0,6.3
1398.0,2026-06-05T19:30:22.936957+00:00,77.0956,0.1193,97.1059,0.0142,0.75,0.0,1500.0,0.0,6.3
1398.5,2026-06-05T19:30:23.436672+00:00,77.0966,0.0281,97.1971,0.0495,0.75,0.0,1500.0,0.0,6.3
1399.0,2026-06-05T19:30:23.936769+00:00,77.0974,0.0852,97.1515,-0.0005,0.75,0.0,1500.0,0.0,6.3
1399.5,2026-06-05T19:30:24.436735+00:00,77.2253,0.0655,97.1165,-0.039,0.75,0.0,1500.0,0.0,6.3
1400.0,2026-06-05T19:30:24.942157+00:00,77.069,-0.0133,97.0895,-0.0299,0.75,0.0,1500.0,0.0,6.3
1400.5,2026-06-05T19:30:25.436949+00:00,77.0762,-0.0102,97.0688,-0.023,0.75,0.0,1500.0,0.0,6.3
1401.0,2026-06-05T19:30:25.936683+00:00,77.0817,-0.0079,96.9372,-0.0563,0.75,0.0,1500.0,0.0,6.3
1401.5,2026-06-05T19:30:26.436801+00:00,77.2132,-0.006,97.0443,-0.051,0.75,0.0,1500.0,0.0,6.3
1402.0,2026-06-05T19:30:26.937050+00:00,77.0597,-0.0046,97.1497,-0.0006,0.75,0.0,1500.0,0.0,6.3
1402.5,2026-06-05T19:30:27.442336+00:00,77.1963,0.0601,96.9994,-0.039,0.75,0.0,1500.0,0.0,6.3
1403.0,2026-06-05T19:30:27.937125+00:00,76.9195,-0.0811,97.1152,0.0086,0.75,0.0,1500.0,0.0,6.3
1403.5,2026-06-05T19:30:28.436773+00:00,77.2158,0.0013,97.0886,0.0066,0.75,0.0,1500.0,0.0,6.3
1404.0,2026-06-05T19:30:28.936781+00:00,77.189,0.0646,97.0681,0.0436,0.75,0.0,1500.0,0.0,6.3
1404.5,2026-06-05T19:30:29.436676+00:00,77.1684,-0.014,97.168,0.0412,0.75,0.0,1500.0,0.0,6.3
1405.0,2026-06-05T19:30:29.942437+00:00,77.2798,0.1802,97.0134,-0.0454,0.75,0.0,1500.0,0.0,6.3
1405.5,2026-06-05T19:30:30.436678+00:00,77.2382,0.0112,97.0103,0.0036,0.75,0.0,1500.0,0.0,6.3
1406.0,2026-06-05T19:30:30.936887+00:00,77.2062,0.0086,97.2393,0.0414,0.75,0.0,1500.0,0.0,6.3
1406.5,2026-06-05T19:30:31.436726+00:00,77.0544,-0.057,97.0683,-0.0068,0.75,0.0,1500.0,0.0,6.3
1407.0,2026-06-05T19:30:31.936671+00:00,77.3195,0.0198,96.9368,-0.0438,0.75,0.0,1500.0,0.0,6.3
1407.5,2026-06-05T19:30:32.442685+00:00,77.2687,0.0152,96.8357,-0.1108,0.75,0.0,1500.0,0.0,6.3
1408.0,2026-06-05T19:30:32.936717+00:00,77.3569,0.0753,96.7349,-0.0929,0.75,0.0,1500.0,0.0,6.3
1408.5,2026-06-05T19:30:33.437049+00:00,77.2975,0.1215,96.7962,-0.0714,0.75,0.0,1500.0,0.0,6.3
1409.000803,2026-06-05T19:30:33.937516+00:00,77.2518,-0.0339,96.8434,-0.132,0.75,0.0,1500.0,0.0,6.3
1409.5,2026-06-05T19:30:34.436663+00:00,77.0894,-0.0897,96.6251,-0.1477,0.75,0.0,1500.0,0.0,6.3
1410.0,2026-06-05T19:30:34.941865+00:00,77.0918,-0.1325,96.5961,-0.1135,0.75,0.0,1500.0,0.0,6.3
1410.5,2026-06-05T19:30:35.436988+00:00,77.221,-0.0382,96.3425,-0.1644,0.75,0.0,1500.0,0.0,6.3
1411.0,2026-06-05T19:30:35.936660+00:00,77.3203,0.0342,96.3558,-0.1264,0.75,0.0,1500.0,0.0,6.3
1411.5,2026-06-05T19:30:36.436701+00:00,77.2693,0.09,96.3892,-0.1357,0.75,0.0,1500.0,0.0,6.3
1412.000968,2026-06-05T19:30:36.938481+00:00,77.2301,0.0691,96.4148,-0.1429,0.75,0.0,1500.0,0.0,6.3
1412.5,2026-06-05T19:30:37.441512+00:00,77.2,-0.0105,96.4345,-0.0635,0.75,0.0,1500.0,0.0,6.2488
1413.0,2026-06-05T19:30:37.936689+00:00,77.1769,-0.0717,96.4265,-0.0565,0.75,0.0,1500.0,0.0,6.275
1413.501235,2026-06-05T19:30:38.438042+00:00,77.1591,-0.0551,96.5592,0.0722,0.75,0.0,1500.0,0.0,6.2878
1414.0,2026-06-05T19:30:38.936786+00:00,77.1454,-0.0424,96.6612,0.1018,0.75,0.0,1500.0,0.0,6.294
1414.5,2026-06-05T19:30:39.436658+00:00,77.1349,-0.0326,96.7396,0.1168,0.75,0.0,1500.0,0.0,6.2971
1415.0,2026-06-05T19:30:39.943148+00:00,76.9996,-0.0887,96.7073,0.0975,0.75,0.0,1500.0,0.0,6.2986
1415.5,2026-06-05T19:30:40.436725+00:00,77.0228,-0.0681,96.6593,0.0749,0.75,0.0,1500.0,0.0,6.2993
1416.0,2026-06-05T19:30:40.936928+00:00,77.0407,-0.0524,96.6225,0.0653,0.75,0.0,1500.0,0.0,6.2997
1416.5,2026-06-05T19:30:41.436689+00:00,77.1817,0.0234,96.5016,-0.0192,0.75,0.0,1500.0,0.0,6.2998
1417.0,2026-06-05T19:30:41.936673+00:00,77.0355,0.018,96.6169,-0.0148,0.75,0.0,1500.0,0.0,6.2999
1417.5,2026-06-05T19:30:42.441673+00:00,77.1777,0.0774,96.7056,-0.0114,0.75,0.0,1500.0,0.0,6.3
1418.0,2026-06-05T19:30:42.936720+00:00,76.9052,-0.0677,96.6348,-0.0242,0.75,0.0,1500.0,0.0,6.3
1418.5,2026-06-05T19:30:43.436668+00:00,76.9503,-0.1157,96.4879,-0.0571,0.75,0.0,1500.0,0.0,6.3
1419.0,2026-06-05T19:30:43.936692+00:00,76.9849,-0.0253,96.375,-0.0825,0.75,0.0,1500.0,0.0,6.3
1419.5,2026-06-05T19:30:44.436699+00:00,77.0115,-0.0831,96.404,-0.0325,0.75,0.0,1500.0,0.0,6.2488
1420.0,2026-06-05T19:30:44.943717+00:00,77.032,0.0634,96.6576,0.0136,0.75,0.0,1500.0,0.0,6.2238
1420.5,2026-06-05T19:30:45.437115+00:00,77.0477,0.0487,96.7368,0.0104,0.75,0.0,1500.0,0.0,6.2628
1421.0,2026-06-05T19:30:45.936672+00:00,76.9326,-0.0262,96.6589,0.008,0.75,0.0,1500.0,0.0,6.2819
1421.5,2026-06-05T19:30:46.436724+00:00,76.844,-0.0838,96.6221,0.0447,0.75,0.0,1500.0,0.0,6.2911
1422.0,2026-06-05T19:30:46.936975+00:00,76.776,-0.128,96.8253,0.1501,0.75,0.0,1500.0,0.0,6.2957
1422.5,2026-06-05T19:30:47.441531+00:00,76.851,-0.0984,96.8657,0.1539,0.75,0.0,1500.0,0.0,6.2979
1423.0,2026-06-05T19:30:47.936684+00:00,77.0359,0.0517,96.8968,0.0797,0.75,0.0,1500.0,0.0,6.299
1423.5,2026-06-05T19:30:48.436675+00:00,77.0507,0.1033,96.8975,0.0536,0.75,0.0,1500.0,0.0,6.2995
1424.0,2026-06-05T19:30:48.936699+00:00,77.1894,0.2067,96.5741,-0.0282,0.75,0.0,1500.0,0.0,6.2998
1424.500132,2026-06-05T19:30:49.436842+00:00,77.296,0.2225,96.6727,0.0169,0.75,0.0,1500.0,0.0,6.2999
1425.0,2026-06-05T19:30:49.941646+00:00,77.3779,0.171,96.6327,-0.0642,0.75,0.0,1500.0,0.0,6.2999
1425.5,2026-06-05T19:30:50.436679+00:00,77.4409,0.1951,96.7177,-0.0493,0.75,0.0,1500.0,0.0,6.3
1426.0,2026-06-05T19:30:50.937017+00:00,77.362,0.0863,96.783,-0.0379,0.75,0.0,1500.0,0.0,6.3
1426.5,2026-06-05T19:30:51.436708+00:00,77.0468,-0.1246,96.8332,-0.0214,0.75,0.0,1500.0,0.0,6.3
1427.0,2026-06-05T19:30:51.936670+00:00,77.0591,-0.1594,96.9875,0.1378,0.75,0.0,1500.0,0.0,6.3
1427.5,2026-06-05T19:30:52.444004+00:00,77.0686,-0.1861,96.8516,0.0596,0.75,0.0,1500.0,0.0,6.3
1428.0,2026-06-05T19:30:52.936675+00:00,77.0759,-0.1431,96.8859,0.0844,0.75,0.0,1500.0,0.0,6.3
1428.5,2026-06-05T19:30:53.436732+00:00,77.0814,0.0173,96.9123,0.0649,0.75,0.0,1500.0,0.0,6.3
1429.0,2026-06-05T19:30:53.936937+00:00,77.0857,0.0133,96.9326,0.0499,0.75,0.0,1500.0,0.0,6.3
1429.5,2026-06-05T19:30:54.436706+00:00,76.9618,-0.0534,96.8325,-0.0002,0.75,0.0,1500.0,0.0,6.3
1430.0,2026-06-05T19:30:54.944228+00:00,76.9938,-0.0411,96.987,-0.0002,0.75,0.0,1500.0,0.0,6.3
1430.5,2026-06-05T19:30:55.436875+00:00,77.0183,-0.0316,96.99,0.0461,0.75,0.0,1500.0,0.0,6.3
1431.0,2026-06-05T19:30:55.936683+00:00,77.0372,-0.0243,96.6221,-0.088,0.75,0.0,1500.0,0.0,6.3
1431.5,2026-06-05T19:30:56.436964+00:00,77.0518,0.045,96.7095,-0.0676,0.75,0.0,1500.0,0.0,6.3
1432.0,2026-06-05T19:30:56.936773+00:00,77.3175,0.1619,96.7767,-0.052,0.75,0.0,1500.0,0.0,6.3
1432.5,2026-06-05T19:30:57.442753+00:00,77.1399,0.0608,96.7127,-0.0399,0.75,0.0,1500.0,0.0,6.3
1433.0,2026-06-05T19:30:57.936659+00:00,77.0034,-0.0169,96.6403,-0.1155,0.75,0.0,1500.0,0.0,6.3
1433.5,2026-06-05T19:30:58.436695+00:00,76.7712,-0.1403,96.6079,-0.1274,0.75,0.0,1500.0,0.0,6.3
1434.0,2026-06-05T19:30:58.936672+00:00,76.72,-0.2987,96.3284,-0.0979,0.75,0.0,1500.0,0.0,6.3
1434.5,2026-06-05T19:30:59.436664+00:00,76.8079,-0.166,96.3681,-0.1138,0.75,0.0,1500.0,0.0,6.3
1435.001791,2026-06-05T19:30:59.946227+00:00,77.0028,-0.0003,96.3755,-0.1338,0.75,0.0,1500.0,0.0,6.3
1435.5,2026-06-05T19:31:00.436677+00:00,77.0253,0.127,96.6357,-0.0257,0.75,0.0,1500.0,0.0,6.3
1436.0,2026-06-05T19:31:00.936670+00:00,76.788,0.034,96.8357,0.0651,0.75,0.0,1500.0,0.0,6.3
1436.500204,2026-06-05T19:31:01.437417+00:00,76.733,-0.0375,96.758,0.05,0.75,0.0,1500.0,0.0,6.3
1437.0,2026-06-05T19:31:01.936685+00:00,76.6906,-0.1561,96.9297,0.2004,0.75,0.0,1500.0,0.0,6.3
1437.5,2026-06-05T19:31:02.446310+00:00,76.9126,-0.0563,96.946,0.1926,0.75,0.0,1500.0,0.0,6.3
1438.0,2026-06-05T19:31:02.936757+00:00,76.8287,0.0203,96.9585,0.1943,0.75,0.0,1500.0,0.0,6.3
1438.5,2026-06-05T19:31:03.436697+00:00,77.0188,0.1429,97.0838,0.1494,0.75,0.0,1500.0,0.0,6.3
1439.001059,2026-06-05T19:31:03.937764+00:00,77.0376,0.1735,96.9487,0.0377,0.75,0.0,1500.0,0.0,6.3
1439.5,2026-06-05T19:31:04.436686+00:00,77.1793,0.1333,97.0763,0.1061,0.75,0.0,1500.0,0.0,6.3
1440.000001,2026-06-05T19:31:04.945886+00:00,77.1609,0.1661,96.8504,-0.0264,0.75,0.0,1500.0,0.0,6.3
1440.5,2026-06-05T19:31:05.436761+00:00,77.0196,0.0004,96.399,-0.1823,0.75,0.0,1500.0,0.0,6.3
1441.0,2026-06-05T19:31:05.936781+00:00,76.9109,-0.0633,96.5381,-0.1401,0.75,0.0,1500.0,0.0,6.3
1441.5,2026-06-05T19:31:06.436710+00:00,77.0819,-0.0487,96.7607,-0.1077,0.75,0.0,1500.0,0.0,6.3
1442.0,2026-06-05T19:31:06.937433+00:00,77.2134,0.0262,96.469,-0.1599,0.75,0.0,1500.0,0.0,6.3
1442.5,2026-06-05T19:31:07.442929+00:00,77.0599,0.0202,96.4761,-0.2,0.75,0.0,1500.0,0.0,6.2488
1443.0,2026-06-05T19:31:07.936759+00:00,76.9419,0.0155,96.8288,-0.0072,0.75,0.0,1500.0,0.0,6.275
1443.5,2026-06-05T19:31:08.436750+00:00,76.8512,-0.1154,96.5213,0.0407,0.75,0.0,1500.0,0.0,6.2878
1444.0,2026-06-05T19:31:08.936675+00:00,77.036,-0.0887,96.6321,0.0313,0.75,0.0,1500.0,0.0,6.294
1444.5,2026-06-05T19:31:09.436778+00:00,77.1781,0.0591,96.6015,-0.0531,0.75,0.0,1500.0,0.0,6.2971
1445.000103,2026-06-05T19:31:09.940985+00:00,77.16,0.1091,96.4392,-0.0099,0.75,0.0,1500.0,0.0,6.2986
1445.5,2026-06-05T19:31:10.436665+00:00,77.0189,0.0838,96.4533,-0.0076,0.75,0.0,1500.0,0.0,6.2993
1446.0,2026-06-05T19:31:10.936662+00:00,76.7831,-0.1265,96.4641,-0.1216,0.75,0.0,1500.0,0.0,6.3509
1446.5,2026-06-05T19:31:11.436694+00:00,76.8564,-0.1608,96.3567,-0.0549,0.75,0.0,1500.0,0.0,6.3248
1447.0,2026-06-05T19:31:11.936777+00:00,76.7855,-0.1873,96.3898,-0.0807,0.75,0.0,1500.0,0.0,6.3121
1447.5,2026-06-05T19:31:12.441798+00:00,76.8583,-0.0803,96.2765,-0.1083,0.75,0.0,1500.0,0.0,6.3059
1448.000996,2026-06-05T19:31:12.937708+00:00,76.9142,0.0656,96.2125,-0.0756,0.75,0.0,1500.0,0.0,6.3541
1448.5,2026-06-05T19:31:13.436678+00:00,76.8299,-0.0132,96.3947,-0.0195,0.75,0.0,1500.0,0.0,6.3264
1449.0,2026-06-05T19:31:13.936920+00:00,76.7652,-0.0102,96.4191,-0.015,0.75,0.0,1500.0,0.0,6.3129
1449.5,2026-06-05T19:31:14.436781+00:00,76.8426,-0.0078,96.3221,-0.0115,0.75,0.0,1500.0,0.0,6.3063
1450.0,2026-06-05T19:31:15.042980+00:00,77.0295,0.0576,96.2476,-0.0474,0.75,0.0,1500.0,0.0,6.3031
1450.5,2026-06-05T19:31:15.436824+00:00,77.0458,0.1079,96.2828,0.0021,0.75,0.0,1500.0,0.0,6.3015
1451.0,2026-06-05T19:31:15.936684+00:00,76.9311,0.0829,96.2174,0.0016,0.75,0.0,1500.0,0.0,6.3007
1451.5,2026-06-05T19:31:16.436837+00:00,76.8429,0.0001,96.3985,0.0013,0.75,0.0,1500.0,0.0,6.3004
1452.0,2026-06-05T19:31:16.936770+00:00,76.9024,-0.0635,96.422,0.001,0.75,0.0,1500.0,0.0,6.3002
1452.5,2026-06-05T19:31:17.443478+00:00,77.0754,0.0148,96.2086,-0.0378,0.75,0.0,1500.0,0.0,6.3001
1453.0,2026-06-05T19:31:17.936739+00:00,77.0811,0.075,96.2529,0.0018,0.75,0.0,1500.0,0.0,6.3512
1453.5,2026-06-05T19:31:18.436751+00:00,76.9582,0.0577,96.0787,-0.0681,0.75,0.0,1500.0,0.0,6.3762
1454.0,2026-06-05T19:31:18.936699+00:00,76.991,0.0443,96.153,-0.0215,0.75,0.0,1500.0,0.0,6.3884
1454.5,2026-06-05T19:31:19.436912+00:00,77.0162,-0.0296,96.349,-0.0165,0.75,0.0,1500.0,0.0,6.3943
1455.0,2026-06-05T19:31:19.943190+00:00,77.1629,0.0409,96.2683,-0.0512,0.75,0.0,1500.0,0.0,6.3972
1455.501233,2026-06-05T19:31:20.438056+00:00,77.1483,0.0951,96.4376,0.0763,0.75,0.0,1500.0,0.0,6.3987
1456.0,2026-06-05T19:31:20.936666+00:00,77.2644,0.1367,96.5677,0.1049,0.75,0.0,1500.0,0.0,6.3993
1456.5,2026-06-05T19:31:21.436674+00:00,77.2264,0.1051,96.5521,0.1578,0.75,0.0,1500.0,0.0,6.3997
1457.0,2026-06-05T19:31:21.936685+00:00,77.0699,-0.0465,96.54,0.129,0.75,0.0,1500.0,0.0,6.3998
1457.5,2026-06-05T19:31:22.441510+00:00,77.0768,-0.0357,96.6465,0.0991,0.75,0.0,1500.0,0.0,6.3487
1458.0,2026-06-05T19:31:22.936660+00:00,77.0822,-0.0911,96.6126,0.1148,0.75,0.0,1500.0,0.0,6.3238
1458.5,2026-06-05T19:31:23.436766+00:00,77.0863,-0.07,96.3551,-0.0275,0.75,0.0,1500.0,0.0,6.3116
1459.0,2026-06-05T19:31:23.936685+00:00,77.0895,0.0098,96.5043,-0.0211,0.75,0.0,1500.0,0.0,6.3057
1459.5,2026-06-05T19:31:24.436920+00:00,77.2192,0.0712,96.619,0.0223,0.75,0.0,1500.0,0.0,6.3028
1460.000096,2026-06-05T19:31:24.942551+00:00,77.1916,0.0547,96.4758,-0.0214,0.75,0.0,1500.0,0.0,6.3013
1460.5,2026-06-05T19:31:25.436668+00:00,77.1704,0.042,96.5971,-0.0165,0.75,0.0,1500.0,0.0,6.3007
1461.0,2026-06-05T19:31:25.936686+00:00,77.1541,0.0323,96.6903,0.0259,0.75,0.0,1500.0,0.0,6.3003
1461.5,2026-06-05T19:31:26.436680+00:00,77.1416,-0.0388,96.5306,0.0585,0.75,0.0,1500.0,0.0,6.3002
1462.0,2026-06-05T19:31:26.936810+00:00,77.132,-0.0298,96.6392,0.045,0.75,0.0,1500.0,0.0,6.3001
1462.5,2026-06-05T19:31:27.444504+00:00,77.1246,-0.0229,96.6301,0.0037,0.75,0.0,1500.0,0.0,6.3
1463.0,2026-06-05T19:31:27.936708+00:00,77.2462,0.046,96.7157,0.08,0.75,0.0,1500.0,0.0,6.3
1463.5,2026-06-05T19:31:28.436675+00:00,77.4669,0.1626,96.7815,0.0615,0.75,0.0,1500.0,0.0,6.3
1464.0,2026-06-05T19:31:28.937239+00:00,77.382,0.125,96.8321,0.0472,0.75,0.0,1500.0,0.0,6.3
1464.5,2026-06-05T19:31:29.436730+00:00,77.3167,0.0961,96.8709,0.1134,0.75,0.0,1500.0,0.0,6.3
1465.0,2026-06-05T19:31:29.943059+00:00,77.3938,0.0738,97.0165,0.1258,0.75,0.0,1500.0,0.0,6.3
1465.501206,2026-06-05T19:31:30.438059+00:00,77.3259,-0.0705,97.0127,0.1275,0.75,0.0,1500.0,0.0,6.3
1466.0,2026-06-05T19:31:30.936672+00:00,77.2736,-0.0542,97.0097,0.098,0.75,0.0,1500.0,0.0,6.3
1466.5,2026-06-05T19:31:31.436983+00:00,77.3607,0.022,97.1232,0.1139,0.75,0.0,1500.0,0.0,6.3
1467.0,2026-06-05T19:31:31.936707+00:00,77.4276,0.0169,96.979,0.049,0.75,0.0,1500.0,0.0,6.3
1467.5,2026-06-05T19:31:32.444611+00:00,77.4791,0.0766,97.2152,0.1148,0.75,0.0,1500.0,0.0,6.3
1468.0,2026-06-05T19:31:32.936779+00:00,77.3914,0.0589,97.1654,0.0496,0.75,0.0,1500.0,0.0,6.3
1468.5,2026-06-05T19:31:33.436672+00:00,77.4512,0.0453,97.1272,0.0382,0.75,0.0,1500.0,0.0,6.3
1469.0,2026-06-05T19:31:33.936927+00:00,77.3699,-0.0288,97.2134,0.0679,0.75,0.0,1500.0,0.0,6.3
1469.5,2026-06-05T19:31:34.436679+00:00,77.1802,-0.1494,97.164,0.0136,0.75,0.0,1500.0,0.0,6.3
1470.0,2026-06-05T19:31:34.945794+00:00,77.1616,-0.1149,97.2418,0.0876,0.75,0.0,1500.0,0.0,6.3
1470.5,2026-06-05T19:31:35.436933+00:00,77.1474,-0.1519,97.3015,0.0288,0.75,0.0,1500.0,0.0,6.3
1471.0,2026-06-05T19:31:35.936670+00:00,77.2637,-0.0531,97.3475,0.0607,0.75,0.0,1500.0,0.0,6.3
1471.5,2026-06-05T19:31:36.436989+00:00,77.0985,-0.0408,97.2671,0.0466,0.75,0.0,1500.0,0.0,6.3
1472.001229,2026-06-05T19:31:36.938017+00:00,76.9716,-0.095,97.321,0.0358,0.75,0.0,1500.0,0.0,6.3
1472.5,2026-06-05T19:31:37.442974+00:00,77.1286,-0.0094,97.3624,0.0661,0.75,0.0,1500.0,0.0,6.2488
1473.0,2026-06-05T19:31:37.937188+00:00,77.3765,0.0564,97.2785,0.0122,0.75,0.0,1500.0,0.0,6.275
1473.5,2026-06-05T19:31:38.436678+00:00,77.3125,0.107,97.2141,-0.0292,0.75,0.0,1500.0,0.0,6.2878
1474.0,2026-06-05T19:31:38.936691+00:00,77.2633,0.1459,97.2802,-0.0224,0.75,0.0,1500.0,0.0,6.294
1474.5,2026-06-05T19:31:39.437687+00:00,77.2256,0.0485,97.2154,-0.0172,0.75,0.0,1500.0,0.0,6.3483
1475.0,2026-06-05T19:31:39.946585+00:00,77.0692,-0.1536,97.1424,-0.0595,0.75,0.0,1500.0,0.0,6.3236
1475.5,2026-06-05T19:31:40.436692+00:00,76.9491,-0.1817,97.1095,-0.0843,0.75,0.0,1500.0,0.0,6.3115
1476.0,2026-06-05T19:31:40.936686+00:00,76.984,-0.1397,96.9916,-0.0957,0.75,0.0,1500.0,0.0,6.3056
1476.5,2026-06-05T19:31:41.436660+00:00,77.0108,-0.1074,96.9935,-0.0735,0.75,0.0,1500.0,0.0,6.3539
1477.0,2026-06-05T19:31:41.936749+00:00,77.0315,-0.0189,97.1107,-0.0565,0.75,0.0,1500.0,0.0,6.3775
1477.5,2026-06-05T19:31:42.442094+00:00,77.1746,0.1128,96.9694,-0.082,0.75,0.0,1500.0,0.0,6.3378
1478.0,2026-06-05T19:31:42.936800+00:00,77.1573,0.0867,96.9765,-0.0553,0.75,0.0,1500.0,0.0,6.3697
1478.500001,2026-06-05T19:31:43.436927+00:00,77.2713,0.1302,97.0976,-0.0039,0.75,0.0,1500.0,0.0,6.3852
1479.0,2026-06-05T19:31:43.936687+00:00,77.2317,0.1001,97.1907,0.0664,0.75,0.0,1500.0,0.0,6.3928
1479.5,2026-06-05T19:31:44.437063+00:00,77.2012,0.0133,97.1466,0.051,0.75,0.0,1500.0,0.0,6.3453
1480.0,2026-06-05T19:31:44.944455+00:00,77.0505,-0.0534,96.997,-0.0379,0.75,0.0,1500.0,0.0,6.3221
1480.5,2026-06-05T19:31:45.436665+00:00,77.062,-0.1047,96.7663,-0.0677,0.75,0.0,1500.0,0.0,6.3108
1481.0,2026-06-05T19:31:45.936781+00:00,77.0708,-0.0805,96.9361,-0.0135,0.75,0.0,1500.0,0.0,6.3053
1481.501004,2026-06-05T19:31:46.437721+00:00,77.2048,0.0018,96.8352,-0.0875,0.75,0.0,1500.0,0.0,6.3026
1482.0,2026-06-05T19:31:46.936721+00:00,77.1806,0.065,96.989,-0.0672,0.75,0.0,1500.0,0.0,6.3013
1482.5,2026-06-05T19:31:47.444333+00:00,77.1619,0.05,97.2229,0.0254,0.75,0.0,1500.0,0.0,6.3006
1483.0,2026-06-05T19:31:47.936723+00:00,77.2749,0.102,96.9631,-0.0113,0.75,0.0,1500.0,0.0,6.3003
1483.5,2026-06-05T19:31:48.437062+00:00,77.2344,0.0148,97.0873,0.107,0.75,0.0,1500.0,0.0,6.3001
1484.000817,2026-06-05T19:31:48.937522+00:00,77.3306,0.075,97.0671,0.0437,0.75,0.0,1500.0,0.0,6.3001
1484.5,2026-06-05T19:31:49.436796+00:00,77.2772,0.0576,97.0516,0.0721,0.75,0.0,1500.0,0.0,6.2488
1485.0,2026-06-05T19:31:49.943025+00:00,77.3635,0.0443,97.1554,0.0555,0.75,0.0,1500.0,0.0,6.2238
1485.5,2026-06-05T19:31:50.436689+00:00,77.3025,0.0341,97.0037,-0.0731,0.75,0.0,1500.0,0.0,6.2628
1486.0,2026-06-05T19:31:50.936661+00:00,77.0011,-0.1647,97.1185,0.0518,0.75,0.0,1500.0,0.0,6.2819
1486.5,2026-06-05T19:31:51.436681+00:00,77.024,-0.1266,97.2068,0.0398,0.75,0.0,1500.0,0.0,6.2911
1487.0,2026-06-05T19:31:51.936676+00:00,77.0416,-0.1609,97.159,0.0306,0.75,0.0,1500.0,0.0,6.2957
1487.5,2026-06-05T19:31:52.443494+00:00,76.9278,-0.1873,97.1222,0.0235,0.75,0.0,1500.0,0.0,6.2979
1488.0,2026-06-05T19:31:52.936905+00:00,76.8404,-0.0804,96.9551,-0.0668,0.75,0.0,1500.0,0.0,6.299
1488.5,2026-06-05T19:31:53.436692+00:00,76.9005,-0.0618,96.9423,-0.0205,0.75,0.0,1500.0,0.0,6.2995
1489.0,2026-06-05T19:31:53.936796+00:00,76.9466,-0.0475,96.9557,-0.0543,0.75,0.0,1500.0,0.0,6.2998
1489.5,2026-06-05T19:31:54.436683+00:00,76.9821,0.0272,96.8502,-0.1189,0.75,0.0,1500.0,0.0,6.2999
1490.0,2026-06-05T19:31:54.942276+00:00,77.0094,0.0845,96.8849,-0.0914,0.75,0.0,1500.0,0.0,6.2999
1490.5,2026-06-05T19:31:55.436689+00:00,76.9031,0.0013,96.819,-0.1011,0.75,0.0,1500.0,0.0,6.3
1491.001214,2026-06-05T19:31:55.937978+00:00,77.0759,0.0646,96.7452,-0.07,0.75,0.0,1500.0,0.0,6.3
1491.5,2026-06-05T19:31:56.436680+00:00,77.0815,0.0497,96.9198,-0.0075,0.75,0.0,1500.0,0.0,6.3
1492.0,2026-06-05T19:31:56.936708+00:00,77.0858,0.0382,96.9384,-0.0058,0.75,0.0,1500.0,0.0,6.3
1492.500551,2026-06-05T19:31:57.445129+00:00,76.9618,0.0294,96.9526,0.0341,0.75,0.0,1500.0,0.0,6.3
1493.0,2026-06-05T19:31:57.936818+00:00,76.9938,-0.0411,96.9636,0.0262,0.75,0.0,1500.0,0.0,6.3
1493.5,2026-06-05T19:31:58.437075+00:00,76.8911,-0.0952,96.972,0.051,0.75,0.0,1500.0,0.0,6.3
1494.0,2026-06-05T19:31:58.936713+00:00,76.9394,-0.0732,96.8397,0.0315,0.75,0.0,1500.0,0.0,6.3
1494.5,2026-06-05T19:31:59.436830+00:00,76.9766,0.0074,96.6222,-0.0992,0.75,0.0,1500.0,0.0,6.3
1495.0,2026-06-05T19:31:59.942389+00:00,77.2597,0.133,96.5939,-0.1148,0.75,0.0,1500.0,0.0,6.3
1495.5,2026-06-05T19:32:00.436701+00:00,77.2227,0.1658,96.3177,-0.2117,0.75,0.0,1500.0,0.0,6.3
1496.0,2026-06-05T19:32:00.936684+00:00,77.0671,0.0638,96.3599,-0.2012,0.75,0.0,1500.0,0.0,6.3
1496.5,2026-06-05T19:32:01.437133+00:00,77.202,0.1127,96.508,-0.1547,0.75,0.0,1500.0,0.0,6.3
1497.0,2026-06-05T19:32:01.936692+00:00,77.1784,-0.0407,96.3904,-0.1497,0.75,0.0,1500.0,0.0,6.3
1497.5,2026-06-05T19:32:02.441071+00:00,77.1602,-0.0313,96.4158,-0.0688,0.75,0.0,1500.0,0.0,6.2488
1498.0,2026-06-05T19:32:02.937195+00:00,77.1463,0.0396,96.551,-0.0143,0.75,0.0,1500.0,0.0,6.275
1498.5,2026-06-05T19:32:03.436681+00:00,77.1356,-0.0332,96.4235,0.0353,0.75,0.0,1500.0,0.0,6.2878
1499.0,2026-06-05T19:32:03.936663+00:00,77.0001,-0.0891,96.5337,0.058,0.75,0.0,1500.0,0.0,6.294
1499.5,2026-06-05T19:32:04.437128+00:00,77.0232,-0.0685,96.6416,0.0446,0.75,0.0,1500.0,0.0,6.2971
1500.0,2026-06-05T19:32:04.942687+00:00,77.041,-0.0527,96.7014,0.1037,0.75,0.0,1500.0,0.0,6.2986
1500.5,2026-06-05T19:32:05.436701+00:00,77.1819,0.0232,96.7705,0.1182,0.75,0.0,1500.0,0.0,6.2993
1501.0,2026-06-05T19:32:05.936876+00:00,77.1629,0.0814,96.9393,0.1294,0.75,0.0,1500.0,0.0,6.2997
1501.5,2026-06-05T19:32:06.436745+00:00,77.2757,0.1262,97.0691,0.2152,0.75,0.0,1500.0,0.0,6.2998
1502.0,2026-06-05T19:32:06.936703+00:00,77.235,0.097,97.1688,0.2117,0.75,0.0,1500.0,0.0,6.2999
1502.5,2026-06-05T19:32:07.443969+00:00,76.9492,-0.1163,97.1297,0.1627,0.75,0.0,1500.0,0.0,6.3
1503.0,2026-06-05T19:32:07.936748+00:00,76.9841,-0.0894,97.0997,0.1328,0.75,0.0,1500.0,0.0,6.3512
1503.5,2026-06-05T19:32:08.436685+00:00,77.0109,-0.1324,97.1923,0.1406,0.75,0.0,1500.0,0.0,6.3762
1504.0,2026-06-05T19:32:08.936669+00:00,77.1588,-0.0381,97.1478,0.0695,0.75,0.0,1500.0,0.0,6.3372
1504.5,2026-06-05T19:32:09.437004+00:00,77.1452,0.098,97.2293,0.0534,0.75,0.0,1500.0,0.0,6.3181
1505.0,2026-06-05T19:32:09.945436+00:00,77.1347,0.0753,97.1763,0.0025,0.75,0.0,1500.0,0.0,6.3089
1505.5,2026-06-05T19:32:10.436673+00:00,77.1267,0.0579,97.0198,-0.0367,0.75,0.0,1500.0,0.0,6.3043
1506.0,2026-06-05T19:32:10.936665+00:00,76.9933,-0.0828,97.0152,-0.0282,0.75,0.0,1500.0,0.0,6.3021
1506.5,2026-06-05T19:32:11.436687+00:00,77.018,-0.0636,96.896,-0.0988,0.75,0.0,1500.0,0.0,6.301
1507.0,2026-06-05T19:32:11.936660+00:00,77.1642,0.0147,96.92,-0.0759,0.75,0.0,1500.0,0.0,6.3005
1507.5,2026-06-05T19:32:12.444061+00:00,77.2766,0.075,96.9154,-0.1046,0.75,0.0,1500.0,0.0,6.3002
1508.0,2026-06-05T19:32:12.936690+00:00,77.363,0.1849,96.5879,-0.1961,0.75,0.0,1500.0,0.0,6.3001
1508.5,2026-06-05T19:32:13.436777+00:00,77.3022,0.1421,96.5444,-0.1585,0.75,0.0,1500.0,0.0,6.3001
1509.0,2026-06-05T19:32:13.936950+00:00,77.1281,-0.0181,96.3027,-0.2375,0.75,0.0,1500.0,0.0,6.3
1509.5,2026-06-05T19:32:14.436692+00:00,77.3761,0.0498,96.4641,-0.144,0.75,0.0,1500.0,0.0,6.3
1510.0,2026-06-05T19:32:14.941045+00:00,77.0577,-0.1527,96.5881,-0.1107,0.75,0.0,1500.0,0.0,6.3
1510.5,2026-06-05T19:32:15.436709+00:00,77.0675,-0.1173,96.6834,-0.0773,0.75,0.0,1500.0,0.0,6.3
1511.0,2026-06-05T19:32:15.936731+00:00,77.075,-0.0265,96.4096,-0.0594,0.75,0.0,1500.0,0.0,6.3
1511.5,2026-06-05T19:32:16.436896+00:00,77.2081,-0.084,96.4305,-0.038,0.75,0.0,1500.0,0.0,6.3512
1512.0,2026-06-05T19:32:16.936903+00:00,77.1831,0.0627,96.5391,0.0788,0.75,0.0,1500.0,0.0,6.3762
1512.501214,2026-06-05T19:32:17.443841+00:00,77.0366,-0.0155,96.4144,-0.0166,0.75,0.0,1500.0,0.0,6.3372
1513.0,2026-06-05T19:32:17.936908+00:00,77.0512,-0.0119,96.4342,-0.0513,0.75,0.0,1500.0,0.0,6.3693
1513.5,2026-06-05T19:32:18.436742+00:00,77.0625,-0.0728,96.4494,-0.078,0.75,0.0,1500.0,0.0,6.385
1514.001019,2026-06-05T19:32:18.937714+00:00,77.0712,-0.0559,96.4611,0.0172,0.75,0.0,1500.0,0.0,6.3927
1514.5,2026-06-05T19:32:19.436680+00:00,77.0779,0.0206,96.7015,0.0903,0.75,0.0,1500.0,0.0,6.3964
1515.0,2026-06-05T19:32:19.942504+00:00,77.083,0.0159,96.7706,0.0772,0.75,0.0,1500.0,0.0,6.3471
1515.5,2026-06-05T19:32:20.436696+00:00,77.0869,0.0122,96.2452,-0.0564,0.75,0.0,1500.0,0.0,6.323
1516.0,2026-06-05T19:32:20.936698+00:00,77.0899,0.0094,96.4198,-0.0048,0.75,0.0,1500.0,0.0,6.3112
1516.5,2026-06-05T19:32:21.436697+00:00,77.0923,0.0072,96.6698,0.0735,0.75,0.0,1500.0,0.0,6.3055
1517.0,2026-06-05T19:32:21.936671+00:00,77.0941,0.0055,96.6305,0.0565,0.75,0.0,1500.0,0.0,6.3027
1517.5,2026-06-05T19:32:22.443680+00:00,77.2227,0.0679,96.6003,-0.0337,0.75,0.0,1500.0,0.0,6.3013
1518.0,2026-06-05T19:32:22.936671+00:00,77.067,-0.0115,96.8085,0.0126,0.75,0.0,1500.0,0.0,6.3006
1518.5,2026-06-05T19:32:23.436687+00:00,76.9474,-0.0724,96.7602,0.1717,0.75,0.0,1500.0,0.0,6.3003
1519.0,2026-06-05T19:32:23.936703+00:00,76.9827,-0.0557,96.8157,0.132,0.75,0.0,1500.0,0.0,6.3002
1519.500596,2026-06-05T19:32:24.437970+00:00,77.1371,-0.0428,96.8584,0.0629,0.75,0.0,1500.0,0.0,6.3001
1520.0,2026-06-05T19:32:24.942057+00:00,77.1285,0.0307,96.8911,0.0869,0.75,0.0,1500.0,0.0,6.3
1520.5,2026-06-05T19:32:25.436705+00:00,77.1219,0.0873,96.8006,0.0668,0.75,0.0,1500.0,0.0,6.3
1521.001002,2026-06-05T19:32:25.937697+00:00,77.2441,0.1307,96.8468,0.0128,0.75,0.0,1500.0,0.0,6.3
1521.5,2026-06-05T19:32:26.436679+00:00,76.9562,-0.0904,96.9979,0.0792,0.75,0.0,1500.0,0.0,6.3
1522.0,2026-06-05T19:32:26.936676+00:00,77.1168,-0.0059,97.1141,0.0995,0.75,0.0,1500.0,0.0,6.3
1522.5,2026-06-05T19:32:27.441226+00:00,76.9856,-0.0682,97.0877,0.0764,0.75,0.0,1500.0,0.0,6.3
1523.0,2026-06-05T19:32:27.936677+00:00,77.0121,-0.116,97.0674,0.0588,0.75,0.0,1500.0,0.0,6.3
1523.5,2026-06-05T19:32:28.437043+00:00,77.0324,0.0381,97.0518,0.0837,0.75,0.0,1500.0,0.0,6.3
1524.0,2026-06-05T19:32:28.936670+00:00,77.0481,-0.0344,96.901,0.0181,0.75,0.0,1500.0,0.0,6.3
1524.5,2026-06-05T19:32:29.436941+00:00,76.8055,-0.09,96.9239,-0.0247,0.75,0.0,1500.0,0.0,6.3
1525.0,2026-06-05T19:32:29.945115+00:00,76.8737,-0.0692,96.9415,-0.0575,0.75,0.0,1500.0,0.0,6.3
1525.5,2026-06-05T19:32:30.436673+00:00,77.0533,0.0104,96.8393,-0.0828,0.75,0.0,1500.0,0.0,6.3
1526.0,2026-06-05T19:32:30.936655+00:00,77.1914,0.0717,96.8534,-0.0713,0.75,0.0,1500.0,0.0,6.3
1526.501232,2026-06-05T19:32:31.438153+00:00,77.1702,0.1824,96.7716,-0.0934,0.75,0.0,1500.0,0.0,6.3
1527.0,2026-06-05T19:32:31.936701+00:00,77.154,0.1402,96.8245,-0.0255,0.75,0.0,1500.0,0.0,6.3
1527.5,2026-06-05T19:32:32.443385+00:00,77.0142,-0.0195,96.8651,-0.0196,0.75,0.0,1500.0,0.0,6.3
1528.0,2026-06-05T19:32:32.936681+00:00,77.1613,-0.015,96.7575,-0.0613,0.75,0.0,1500.0,0.0,6.3
1528.5,2026-06-05T19:32:33.436704+00:00,77.1471,-0.0115,96.8136,-0.0086,0.75,0.0,1500.0,0.0,6.3
1529.0,2026-06-05T19:32:33.936935+00:00,77.1362,-0.0089,96.8567,0.0011,0.75,0.0,1500.0,0.0,6.3
1529.5,2026-06-05T19:32:34.436675+00:00,77.1279,0.0568,96.8899,0.0394,0.75,0.0,1500.0,0.0,6.3
1530.0,2026-06-05T19:32:34.941343+00:00,77.1214,-0.02,96.7765,-0.016,0.75,0.0,1500.0,0.0,6.3
1530.5,2026-06-05T19:32:35.436838+00:00,77.2437,0.0483,96.8282,-0.0123,0.75,0.0,1500.0,0.0,6.3
1531.0,2026-06-05T19:32:35.936709+00:00,77.2105,0.0371,96.7523,-0.0017,0.75,0.0,1500.0,0.0,6.3
1531.5,2026-06-05T19:32:36.436684+00:00,77.1849,0.0285,96.8096,-0.0013,0.75,0.0,1500.0,0.0,6.3
1532.0,2026-06-05T19:32:36.936738+00:00,77.038,-0.0417,96.9694,0.0375,0.75,0.0,1500.0,0.0,6.3
1532.5,2026-06-05T19:32:37.442021+00:00,77.1796,-0.0321,96.9764,0.0289,0.75,0.0,1500.0,0.0,6.2488
1533.0,2026-06-05T19:32:37.936913+00:00,77.1612,-0.0246,97.0976,0.107,0.75,0.0,1500.0,0.0,6.275
1533.5,2026-06-05T19:32:38.436695+00:00,77.0198,-0.0826,96.7279,-0.0334,0.75,0.0,1500.0,0.0,6.2878
1534.0,2026-06-05T19:32:38.936798+00:00,77.0383,0.0002,96.6752,-0.0257,0.75,0.0,1500.0,0.0,6.294
1534.5,2026-06-05T19:32:39.436786+00:00,77.0526,-0.0635,96.7503,-0.0198,0.75,0.0,1500.0,0.0,6.2971
1535.0,2026-06-05T19:32:39.943828+00:00,77.1908,0.0148,96.5536,-0.1386,0.75,0.0,1500.0,0.0,6.2986
1535.5,2026-06-05T19:32:40.436669+00:00,77.1698,0.075,96.7726,-0.068,0.75,0.0,1500.0,0.0,6.2993
1536.0,2026-06-05T19:32:40.937244+00:00,77.2809,0.1213,96.8252,-0.0908,0.75,0.0,1500.0,0.0,6.2997
1536.50016,2026-06-05T19:32:41.437432+00:00,77.3663,0.1569,96.8656,0.0459,0.75,0.0,1500.0,0.0,6.2998
1537.0,2026-06-05T19:32:41.936693+00:00,77.432,0.1206,96.8967,0.0739,0.75,0.0,1500.0,0.0,6.2999
1537.5,2026-06-05T19:32:42.445949+00:00,77.4824,0.1563,96.8049,0.0182,0.75,0.0,1500.0,0.0,6.3
1538.0,2026-06-05T19:32:42.936726+00:00,77.5212,0.1201,96.7344,0.0603,0.75,0.0,1500.0,0.0,6.3
1538.5,2026-06-05T19:32:43.436944+00:00,77.4237,0.0287,96.7727,0.0,0.75,0.0,1500.0,0.0,6.3
1539.0,2026-06-05T19:32:43.936668+00:00,77.3488,-0.0416,96.617,-0.0694,0.75,0.0,1500.0,0.0,6.3
1539.5,2026-06-05T19:32:44.436679+00:00,77.2912,-0.0956,96.3586,-0.169,0.75,0.0,1500.0,0.0,6.3
1540.0,2026-06-05T19:32:44.944339+00:00,77.3743,-0.0735,96.3913,-0.1685,0.75,0.0,1500.0,0.0,6.3
1540.5,2026-06-05T19:32:45.436691+00:00,77.3108,-0.0565,96.3933,-0.1372,0.75,0.0,1500.0,0.0,6.3
1541.0,2026-06-05T19:32:45.937233+00:00,77.262,-0.0434,96.2792,-0.1517,0.75,0.0,1500.0,0.0,6.3
1541.5,2026-06-05T19:32:46.436716+00:00,77.2245,-0.0334,96.3303,-0.1475,0.75,0.0,1500.0,0.0,6.3
1542.0,2026-06-05T19:32:46.936892+00:00,77.0684,-0.1529,96.6009,-0.0054,0.75,0.0,1500.0,0.0,6.3
1542.5,2026-06-05T19:32:47.441403+00:00,77.203,-0.0539,96.809,0.1501,0.75,0.0,1500.0,0.0,6.3
1543.0,2026-06-05T19:32:47.936707+00:00,77.1792,-0.0414,96.7606,0.1231,0.75,0.0,1500.0,0.0,6.3
1543.501268,2026-06-05T19:32:48.438093+00:00,77.0336,-0.0955,96.7003,0.1023,0.75,0.0,1500.0,0.0,6.3
1544.0,2026-06-05T19:32:48.936898+00:00,77.1762,0.0539,96.8854,0.2021,0.75,0.0,1500.0,0.0,6.3
1544.5,2026-06-05T19:32:49.436935+00:00,77.2859,0.0414,96.7962,0.1553,0.75,0.0,1500.0,0.0,6.3
1545.000569,2026-06-05T19:32:49.947119+00:00,77.2428,0.0318,96.7277,0.0422,0.75,0.0,1500.0,0.0,6.3
1545.5,2026-06-05T19:32:50.436815+00:00,77.2098,0.0881,96.7907,-0.0061,0.75,0.0,1500.0,0.0,6.3
1546.0,2026-06-05T19:32:50.936971+00:00,77.1844,0.0041,96.9548,0.0647,0.75,0.0,1500.0,0.0,6.3
1546.5,2026-06-05T19:32:51.436713+00:00,77.1649,-0.0605,96.9653,0.0883,0.75,0.0,1500.0,0.0,6.3
1547.0,2026-06-05T19:32:51.937144+00:00,77.2771,0.0171,96.9733,0.0293,0.75,0.0,1500.0,0.0,6.3
1547.5,2026-06-05T19:32:52.445890+00:00,77.2361,0.0132,96.8638,0.0225,0.75,0.0,1500.0,0.0,6.3
1548.0,2026-06-05T19:32:52.936689+00:00,76.9501,-0.1171,96.7565,0.0096,0.75,0.0,1500.0,0.0,6.3
1548.5,2026-06-05T19:32:53.436673+00:00,76.9848,-0.09,96.5814,-0.0698,0.75,0.0,1500.0,0.0,6.3
1549.0,2026-06-05T19:32:53.937344+00:00,77.0114,-0.1328,96.5626,-0.1307,0.75,0.0,1500.0,0.0,6.3
1549.5,2026-06-05T19:32:54.436732+00:00,77.0319,-0.1021,96.6407,-0.1082,0.75,0.0,1500.0,0.0,6.2488
1550.0,2026-06-05T19:32:54.941510+00:00,77.0477,0.0488,96.7238,-0.0832,0.75,0.0,1500.0,0.0,6.2238
1550.501009,2026-06-05T19:32:55.437713+00:00,77.0598,0.0375,96.7646,-0.0331,0.75,0.0,1500.0,0.0,6.2628
1551.0,2026-06-05T19:32:55.936799+00:00,76.9418,-0.0348,96.8422,0.0286,0.75,0.0,1500.0,0.0,6.2819
1551.5,2026-06-05T19:32:56.436710+00:00,77.233,0.1005,96.8787,0.0991,0.75,0.0,1500.0,0.0,6.2911
1552.0,2026-06-05T19:32:56.936675+00:00,77.0749,0.0136,96.8142,0.0839,0.75,0.0,1500.0,0.0,6.2957
1552.5,2026-06-05T19:32:57.441246+00:00,77.3353,0.1377,96.7184,0.0259,0.75,0.0,1500.0,0.0,6.2467
1553.0,2026-06-05T19:32:57.936696+00:00,77.4081,0.2331,96.6678,-0.0187,0.75,0.0,1500.0,0.0,6.274
1553.5,2026-06-05T19:32:58.436668+00:00,77.3368,0.0519,96.7447,-0.0066,0.75,0.0,1500.0,0.0,6.2873
1554.0,2026-06-05T19:32:58.936879+00:00,77.4093,0.1672,96.9195,0.0258,0.75,0.0,1500.0,0.0,6.2426
1554.5,2026-06-05T19:32:59.436858+00:00,77.3377,0.0012,96.9381,0.0198,0.75,0.0,1500.0,0.0,6.2208
1555.0,2026-06-05T19:32:59.941069+00:00,77.41,0.0009,96.8367,0.0075,0.75,0.0,1500.0,0.0,6.2101
1555.5,2026-06-05T19:33:00.436676+00:00,77.3382,0.0007,96.7588,0.0135,0.75,0.0,1500.0,0.0,6.205
1556.0,2026-06-05T19:33:00.937009+00:00,77.4104,0.0006,96.6989,0.0104,0.75,0.0,1500.0,0.0,6.2024
1556.5,2026-06-05T19:33:01.436765+00:00,77.4658,0.0641,96.6529,-0.0306,0.75,0.0,1500.0,0.0,6.2012
1557.0,2026-06-05T19:33:01.936680+00:00,77.3812,-0.0144,96.7332,-0.0621,0.75,0.0,1500.0,0.0,6.2006
1557.500815,2026-06-05T19:33:02.446143+00:00,77.1888,-0.0747,96.7949,-0.0477,0.75,0.0,1500.0,0.0,6.2003
1558.0,2026-06-05T19:33:02.936666+00:00,77.4228,0.0062,96.611,-0.0752,0.75,0.0,1500.0,0.0,6.2513
1558.5,2026-06-05T19:33:03.436943+00:00,77.4754,0.0048,96.7936,0.0116,0.75,0.0,1500.0,0.0,6.2763
1559.001028,2026-06-05T19:33:03.937729+00:00,77.3885,0.0037,96.6099,-0.0297,0.75,0.0,1500.0,0.0,6.2884
1559.5,2026-06-05T19:33:04.436672+00:00,77.1945,0.0028,96.7928,0.0466,0.75,0.0,1500.0,0.0,6.2943
1560.0,2026-06-05T19:33:04.943709+00:00,77.1726,-0.1251,96.9564,0.0744,0.75,0.0,1500.0,0.0,6.2972
1560.5,2026-06-05T19:33:05.436668+00:00,77.1558,-0.1598,96.8508,0.0186,0.75,0.0,1500.0,0.0,6.2987
1561.0,2026-06-05T19:33:05.936743+00:00,77.1429,-0.1228,96.8853,0.0914,0.75,0.0,1500.0,0.0,6.2993
1561.5,2026-06-05T19:33:06.436718+00:00,77.0057,-0.0944,97.1433,0.1166,0.75,0.0,1500.0,0.0,6.2997
1562.0,2026-06-05T19:33:06.936846+00:00,76.9003,-0.1362,97.1101,0.1667,0.75,0.0,1500.0,0.0,6.2998
1562.5,2026-06-05T19:33:07.447485+00:00,76.8192,-0.1683,96.9689,0.0587,0.75,0.0,1500.0,0.0,6.2487
1563.0,2026-06-05T19:33:07.936707+00:00,77.0115,-0.0657,96.8373,-0.0397,0.75,0.0,1500.0,0.0,6.275
1563.5,2026-06-05T19:33:08.436754+00:00,76.9047,-0.0505,96.8749,0.008,0.75,0.0,1500.0,0.0,6.2366
1564.0,2026-06-05T19:33:08.936689+00:00,76.9499,0.0248,97.1353,0.0833,0.75,0.0,1500.0,0.0,6.2179
1564.5,2026-06-05T19:33:09.436714+00:00,76.9846,0.0827,96.9883,-0.0517,0.75,0.0,1500.0,0.0,6.2599
1565.0,2026-06-05T19:33:09.944346+00:00,77.0113,-0.0001,96.8753,-0.0783,0.75,0.0,1500.0,0.0,6.2804
1565.5,2026-06-05T19:33:10.436829+00:00,77.1591,0.1272,96.881,-0.0293,0.75,0.0,1500.0,0.0,6.3417
1566.0,2026-06-05T19:33:10.936695+00:00,77.0182,0.0341,96.5614,-0.0919,0.75,0.0,1500.0,0.0,6.3715
1566.5,2026-06-05T19:33:11.436689+00:00,77.0371,0.0262,96.5241,-0.117,0.75,0.0,1500.0,0.0,6.3861
1567.0,2026-06-05T19:33:11.936836+00:00,77.0517,0.0202,96.5185,-0.2056,0.75,0.0,1500.0,0.0,6.3932
1567.5,2026-06-05T19:33:12.444056+00:00,77.0628,-0.0481,96.5142,-0.158,0.75,0.0,1500.0,0.0,6.3455
1568.0,2026-06-05T19:33:12.936678+00:00,77.1987,0.0903,96.7423,-0.0443,0.75,0.0,1500.0,0.0,6.3222
1568.5,2026-06-05T19:33:13.438085+00:00,77.1759,0.0694,96.802,-0.0263,0.75,0.0,1500.0,0.0,6.3108
1569.000738,2026-06-05T19:33:13.937452+00:00,77.031,-0.0103,96.7552,0.0646,0.75,0.0,1500.0,0.0,6.3565
1569.5,2026-06-05T19:33:14.436672+00:00,77.047,-0.0079,96.9276,0.1345,0.75,0.0,1500.0,0.0,6.3788
1570.001223,2026-06-05T19:33:14.947068+00:00,76.932,-0.1334,96.8286,0.1034,0.75,0.0,1500.0,0.0,6.3896
1570.5,2026-06-05T19:33:15.436678+00:00,76.9709,-0.1025,96.8683,0.118,0.75,0.0,1500.0,0.0,6.3949
1571.0,2026-06-05T19:33:15.936828+00:00,77.0008,-0.0151,96.8988,0.0521,0.75,0.0,1500.0,0.0,6.3975
1571.5,2026-06-05T19:33:16.436689+00:00,77.0237,-0.0116,96.7139,-0.0293,0.75,0.0,1500.0,0.0,6.3988
1572.0,2026-06-05T19:33:16.936806+00:00,77.1686,0.1183,96.7801,0.0083,0.75,0.0,1500.0,0.0,6.3994
1572.5,2026-06-05T19:33:17.443332+00:00,77.0255,0.0273,96.9467,0.0064,0.75,0.0,1500.0,0.0,6.3997
1573.0,2026-06-05T19:33:17.936671+00:00,77.0427,0.021,96.7276,-0.0337,0.75,0.0,1500.0,0.0,6.3999
1573.5,2026-06-05T19:33:18.436795+00:00,77.056,0.0161,96.7907,-0.0259,0.75,0.0,1500.0,0.0,6.3999
1574.0,2026-06-05T19:33:18.936708+00:00,77.0662,-0.0512,96.8391,-0.0199,0.75,0.0,1500.0,0.0,6.4
1574.5,2026-06-05T19:33:19.436712+00:00,77.074,0.0243,96.8763,0.0541,0.75,0.0,1500.0,0.0,6.4
1575.0,2026-06-05T19:33:19.941667+00:00,76.9527,-0.045,96.905,0.0416,0.75,0.0,1500.0,0.0,6.4
1575.5,2026-06-05T19:33:20.437181+00:00,77.1141,0.0291,96.9269,-0.0066,0.75,0.0,1500.0,0.0,6.4
1576.0,2026-06-05T19:33:20.936688+00:00,77.2381,0.086,96.9207,0.0644,0.75,0.0,1500.0,0.0,6.4
1576.5,2026-06-05T19:33:21.436752+00:00,77.4607,0.1933,97.0548,0.088,0.75,0.0,1500.0,0.0,6.4
1577.0,2026-06-05T19:33:21.936797+00:00,77.25,0.1486,97.0421,0.0677,0.75,0.0,1500.0,0.0,6.4
1577.5,2026-06-05T19:33:22.444764+00:00,77.088,-0.0131,97.148,0.0906,0.75,0.0,1500.0,0.0,6.3488
1578.0,2026-06-05T19:33:22.936686+00:00,77.218,-0.01,97.2295,0.1082,0.75,0.0,1500.0,0.0,6.375
1578.5,2026-06-05T19:33:23.436690+00:00,77.0635,-0.1986,97.1764,0.0831,0.75,0.0,1500.0,0.0,6.3366
1579.0,2026-06-05T19:33:23.936671+00:00,77.1992,-0.0254,97.1356,0.0716,0.75,0.0,1500.0,0.0,6.3179
1579.5,2026-06-05T19:33:24.436905+00:00,77.3035,0.1078,97.1042,0.0165,0.75,0.0,1500.0,0.0,6.3087
1580.0,2026-06-05T19:33:24.941318+00:00,77.3837,0.0828,97.0801,0.0127,0.75,0.0,1500.0,0.0,6.3043
1580.5,2026-06-05T19:33:25.436733+00:00,77.1908,0.0637,96.9459,-0.0674,0.75,0.0,1500.0,0.0,6.3021
1581.001222,2026-06-05T19:33:25.938011+00:00,77.1698,-0.0147,96.9584,-0.0904,0.75,0.0,1500.0,0.0,6.301
1581.5,2026-06-05T19:33:26.436673+00:00,77.2809,-0.0113,97.0837,-0.0309,0.75,0.0,1500.0,0.0,6.3005
1582.0,2026-06-05T19:33:26.936699+00:00,77.239,-0.0723,96.9255,-0.07,0.75,0.0,1500.0,0.0,6.3002
1582.5,2026-06-05T19:33:27.444495+00:00,77.3341,0.0717,96.7113,-0.131,0.75,0.0,1500.0,0.0,6.3001
1583.0,2026-06-05T19:33:27.936677+00:00,77.28,0.0551,96.755,-0.1084,0.75,0.0,1500.0,0.0,6.3001
1583.5,2026-06-05T19:33:28.436679+00:00,77.2383,-0.0213,96.5803,-0.1219,0.75,0.0,1500.0,0.0,6.3
1584.0,2026-06-05T19:33:28.936680+00:00,77.079,-0.08,96.5617,-0.1322,0.75,0.0,1500.0,0.0,6.3
1584.5,2026-06-05T19:33:29.436690+00:00,77.2112,-0.0615,96.7788,-0.1016,0.75,0.0,1500.0,0.0,6.3
1585.0,2026-06-05T19:33:29.946594+00:00,77.1854,-0.0473,96.7143,-0.0704,0.75,0.0,1500.0,0.0,6.3
1585.5,2026-06-05T19:33:30.436743+00:00,77.1657,-0.0363,96.6416,-0.0233,0.75,0.0,1500.0,0.0,6.3
1586.0,2026-06-05T19:33:30.936719+00:00,77.1505,0.0357,96.7245,-0.0102,0.75,0.0,1500.0,0.0,6.3
1586.5,2026-06-05T19:33:31.436741+00:00,76.8843,-0.1635,96.6494,0.023,0.75,0.0,1500.0,0.0,6.3
1587.0,2026-06-05T19:33:31.936658+00:00,77.0614,-0.062,96.6148,0.0177,0.75,0.0,1500.0,0.0,6.3
1587.5,2026-06-05T19:33:32.441740+00:00,77.1976,0.016,96.8197,0.0136,0.75,0.0,1500.0,0.0,6.3
1588.0,2026-06-05T19:33:32.936724+00:00,77.175,0.0123,96.9771,0.0876,0.75,0.0,1500.0,0.0,6.3512
1588.5,2026-06-05T19:33:33.436678+00:00,77.0304,0.0731,96.8667,0.075,0.75,0.0,1500.0,0.0,6.3762
1589.0,2026-06-05T19:33:33.936655+00:00,77.0465,-0.0075,97.0132,0.0962,0.75,0.0,1500.0,0.0,6.3884
1589.501209,2026-06-05T19:33:34.437994+00:00,77.0589,-0.0694,97.0102,0.1203,0.75,0.0,1500.0,0.0,6.3943
1590.0,2026-06-05T19:33:34.942812+00:00,77.0684,-0.0533,97.2392,0.2081,0.75,0.0,1500.0,0.0,6.3972
1590.5,2026-06-05T19:33:35.436915+00:00,77.0757,0.0227,97.2996,0.16,0.75,0.0,1500.0,0.0,6.3986
1591.0,2026-06-05T19:33:35.936838+00:00,77.3359,0.1447,97.1145,0.0458,0.75,0.0,1500.0,0.0,6.3993
1591.5,2026-06-05T19:33:36.436683+00:00,77.2813,0.1112,97.2037,0.1123,0.75,0.0,1500.0,0.0,6.3997
1592.0,2026-06-05T19:33:36.937194+00:00,77.2393,0.0855,97.1566,0.0478,0.75,0.0,1500.0,0.0,6.3998
1592.5,2026-06-05T19:33:37.444528+00:00,77.3344,0.1293,97.1204,0.0367,0.75,0.0,1500.0,0.0,6.3487
1593.0,2026-06-05T19:33:37.936755+00:00,77.2801,-0.0279,97.1851,-0.0181,0.75,0.0,1500.0,0.0,6.375
1593.5,2026-06-05T19:33:38.436741+00:00,77.3657,0.0422,97.2579,-0.0139,0.75,0.0,1500.0,0.0,6.3366
1594.0,2026-06-05T19:33:38.936863+00:00,77.177,-0.0312,97.1983,0.0279,0.75,0.0,1500.0,0.0,6.3179
1594.5,2026-06-05T19:33:39.436898+00:00,77.2864,-0.024,97.1524,-0.0171,0.75,0.0,1500.0,0.0,6.3087
1595.0,2026-06-05T19:33:39.946842+00:00,77.2433,-0.0184,97.0014,-0.0517,0.75,0.0,1500.0,0.0,6.3043
1595.5,2026-06-05T19:33:40.436709+00:00,77.3374,-0.0142,96.8623,-0.086,0.75,0.0,1500.0,0.0,6.3021
1596.0,2026-06-05T19:33:40.936965+00:00,77.2825,0.0528,96.8941,-0.097,0.75,0.0,1500.0,0.0,6.301
1596.5,2026-06-05T19:33:41.437219+00:00,77.2402,-0.0231,96.8029,-0.1517,0.75,0.0,1500.0,0.0,6.3005
1597.0,2026-06-05T19:33:41.937285+00:00,77.4623,0.1095,97.0799,-0.0394,0.75,0.0,1500.0,0.0,6.3002
1597.5,2026-06-05T19:33:42.445322+00:00,77.5058,0.0842,97.1771,0.0083,0.75,0.0,1500.0,0.0,6.3001
1598.0,2026-06-05T19:33:42.936761+00:00,77.4119,0.0647,96.9047,-0.0322,0.75,0.0,1500.0,0.0,6.3001
1598.5,2026-06-05T19:33:43.436977+00:00,77.467,0.1134,96.8111,-0.0171,0.75,0.0,1500.0,0.0,6.3
1599.0,2026-06-05T19:33:43.936702+00:00,77.2548,-0.1038,96.8548,-0.0131,0.75,0.0,1500.0,0.0,6.3
1599.5,2026-06-05T19:33:44.436680+00:00,77.0917,-0.207,96.8653,0.0208,0.75,0.0,1500.0,0.0,6.3
1600.0,2026-06-05T19:33:44.941388+00:00,77.2209,-0.0955,96.7576,-0.1074,0.75,0.0,1500.0,0.0,6.3
1600.502072,2026-06-05T19:33:45.438785+00:00,77.1929,-0.137,96.4666,-0.2368,0.75,0.0,1500.0,0.0,6.2488
1601.0,2026-06-05T19:33:45.936665+00:00,77.1714,-0.0417,96.4512,-0.1512,0.75,0.0,1500.0,0.0,6.275
1601.5,2026-06-05T19:33:46.436744+00:00,77.1549,0.0316,96.3468,-0.1548,0.75,0.0,1500.0,0.0,6.2878
1602.0,2026-06-05T19:33:46.936702+00:00,77.1422,-0.0394,96.3591,-0.1652,0.75,0.0,1500.0,0.0,6.2941
1602.5,2026-06-05T19:33:47.443981+00:00,77.1324,-0.0302,96.3686,-0.1656,0.75,0.0,1500.0,0.0,6.2971
1603.0,2026-06-05T19:33:47.937105+00:00,77.2522,0.0404,96.1444,-0.2044,0.75,0.0,1500.0,0.0,6.2986
1603.5,2026-06-05T19:33:48.436700+00:00,77.3442,0.0947,96.4581,-0.0028,0.75,0.0,1500.0,0.0,6.2993
1604.0,2026-06-05T19:33:48.936932+00:00,77.415,0.1364,96.5835,0.0441,0.75,0.0,1500.0,0.0,6.2997
1604.5,2026-06-05T19:33:49.437191+00:00,77.4694,0.1685,96.7956,0.1496,0.75,0.0,1500.0,0.0,6.2998
1605.0,2026-06-05T19:33:49.943130+00:00,77.3839,0.0659,96.8429,0.1613,0.75,0.0,1500.0,0.0,6.2999
1605.5,2026-06-05T19:33:50.436674+00:00,77.3182,-0.013,96.8792,0.1702,0.75,0.0,1500.0,0.0,6.3
1606.0,2026-06-05T19:33:50.937008+00:00,77.1404,-0.1373,96.7683,0.208,0.75,0.0,1500.0,0.0,6.3
1606.5,2026-06-05T19:33:51.436749+00:00,77.0038,-0.2328,96.8219,0.1213,0.75,0.0,1500.0,0.0,6.3
1607.0,2026-06-05T19:33:51.936685+00:00,77.1533,-0.1153,96.6549,0.0238,0.75,0.0,1500.0,0.0,6.2488
1607.5,2026-06-05T19:33:52.443584+00:00,77.141,-0.0886,96.7347,-0.0203,0.75,0.0,1500.0,0.0,6.2238
1608.0,2026-06-05T19:33:52.936677+00:00,77.1315,-0.0045,96.7961,-0.0156,0.75,0.0,1500.0,0.0,6.2628
1608.5,2026-06-05T19:33:53.436953+00:00,77.2515,0.1238,96.7276,-0.0505,0.75,0.0,1500.0,0.0,6.2819
1609.0,2026-06-05T19:33:53.937635+00:00,77.2164,0.0315,96.6518,-0.0388,0.75,0.0,1500.0,0.0,6.2911
1609.5,2026-06-05T19:33:54.436783+00:00,77.1895,0.0242,96.8481,0.0087,0.75,0.0,1500.0,0.0,6.2957
1610.0,2026-06-05T19:33:54.941393+00:00,76.9142,-0.1086,96.8832,0.0761,0.75,0.0,1500.0,0.0,6.2979
1610.501994,2026-06-05T19:33:55.438718+00:00,77.0845,-0.0835,96.7945,0.0199,0.75,0.0,1500.0,0.0,6.299
1611.0,2026-06-05T19:33:55.936649+00:00,77.2154,-0.0005,96.8421,0.0153,0.75,0.0,1500.0,0.0,6.2995
1611.5,2026-06-05T19:33:56.436833+00:00,77.1887,-0.0004,96.6472,-0.0268,0.75,0.0,1500.0,0.0,6.2998
1612.0,2026-06-05T19:33:56.936699+00:00,77.2954,0.1906,96.6132,-0.0129,0.75,0.0,1500.0,0.0,6.2999
1612.5,2026-06-05T19:33:57.441646+00:00,77.3775,0.1465,96.7027,-0.0485,0.75,0.0,1500.0,0.0,6.2487
1613.0,2026-06-05T19:33:57.936705+00:00,77.5678,0.1762,96.8872,0.0013,0.75,0.0,1500.0,0.0,6.275
1613.5,2026-06-05T19:33:58.436688+00:00,77.4596,0.1354,96.7976,0.001,0.75,0.0,1500.0,0.0,6.2878
1614.0,2026-06-05T19:33:58.936751+00:00,77.5036,0.1041,96.937,0.0316,0.75,0.0,1500.0,0.0,6.294
1614.5,2026-06-05T19:33:59.436949+00:00,77.4102,0.0164,96.9516,0.1014,0.75,0.0,1500.0,0.0,6.2971
1615.0,2026-06-05T19:33:59.941701+00:00,77.3384,-0.1147,96.8471,0.078,0.75,0.0,1500.0,0.0,6.2986
1615.5,2026-06-05T19:34:00.436695+00:00,77.4105,-0.0245,96.7668,0.0214,0.75,0.0,1500.0,0.0,6.2993
1616.0,2026-06-05T19:34:00.936833+00:00,77.3387,-0.0825,96.705,-0.0607,0.75,0.0,1500.0,0.0,6.2997
1616.500915,2026-06-05T19:34:01.437709+00:00,77.2834,-0.0634,96.6576,-0.0467,0.75,0.0,1500.0,0.0,6.2998
1617.0,2026-06-05T19:34:01.936674+00:00,77.241,-0.0487,96.9682,0.0104,0.75,0.0,1500.0,0.0,6.2999
1617.5,2026-06-05T19:34:02.445791+00:00,77.2084,-0.1011,97.0913,0.0466,0.75,0.0,1500.0,0.0,6.3
1618.0,2026-06-05T19:34:02.936678+00:00,76.9288,-0.205,97.0702,0.0744,0.75,0.0,1500.0,0.0,6.3
1618.5,2026-06-05T19:34:03.436685+00:00,77.0956,-0.0939,97.0539,0.0957,0.75,0.0,1500.0,0.0,6.3
1619.0,2026-06-05T19:34:03.936690+00:00,77.2239,-0.0085,96.81,0.035,0.75,0.0,1500.0,0.0,6.3
1619.5,2026-06-05T19:34:04.436884+00:00,77.1952,-0.0066,96.854,0.0655,0.75,0.0,1500.0,0.0,6.3
1620.0,2026-06-05T19:34:04.941495+00:00,77.0459,0.0586,96.7721,-0.0654,0.75,0.0,1500.0,0.0,6.3
1620.500439,2026-06-05T19:34:05.437143+00:00,76.9312,-0.0822,96.686,-0.1351,0.75,0.0,1500.0,0.0,6.3512
1621.0,2026-06-05T19:34:05.936669+00:00,76.7157,-0.2541,96.8743,-0.0653,0.75,0.0,1500.0,0.0,6.3762
1621.5,2026-06-05T19:34:06.436764+00:00,76.9319,-0.1317,96.9034,-0.0502,0.75,0.0,1500.0,0.0,6.3884
1622.0,2026-06-05T19:34:06.936677+00:00,76.9708,-0.0376,96.5787,-0.0771,0.75,0.0,1500.0,0.0,6.3943
1622.5,2026-06-05T19:34:07.443383+00:00,76.8734,-0.0289,96.7919,-0.0207,0.75,0.0,1500.0,0.0,6.346
1623.0,2026-06-05T19:34:07.936748+00:00,76.9259,0.1051,96.7243,-0.0159,0.75,0.0,1500.0,0.0,6.3737
1623.500299,2026-06-05T19:34:08.437005+00:00,77.0934,0.0808,96.4179,-0.0894,0.75,0.0,1500.0,0.0,6.3359
1624.0,2026-06-05T19:34:08.936693+00:00,77.2222,0.1257,96.6683,-0.0687,0.75,0.0,1500.0,0.0,6.3175
1624.5,2026-06-05T19:34:09.436870+00:00,77.1939,0.1603,96.6293,-0.0914,0.75,0.0,1500.0,0.0,6.3086
1625.00112,2026-06-05T19:34:09.942345+00:00,77.1722,0.1232,96.5763,-0.0008,0.75,0.0,1500.0,0.0,6.3042
1625.5,2026-06-05T19:34:10.436663+00:00,77.0282,-0.0326,96.5818,-0.07,0.75,0.0,1500.0,0.0,6.302
1626.0,2026-06-05T19:34:10.936849+00:00,77.0448,-0.0887,96.6785,-0.0153,0.75,0.0,1500.0,0.0,6.301
1626.500609,2026-06-05T19:34:11.437292+00:00,77.0576,-0.0682,96.6372,0.0731,0.75,0.0,1500.0,0.0,6.3005
1627.0,2026-06-05T19:34:11.936802+00:00,77.0674,-0.0524,96.8369,0.0562,0.75,0.0,1500.0,0.0,6.3002
1627.5,2026-06-05T19:34:12.442978+00:00,77.2022,0.087,96.8746,0.0818,0.75,0.0,1500.0,0.0,6.3001
1628.0,2026-06-05T19:34:12.936716+00:00,77.3058,0.1305,96.9036,0.1091,0.75,0.0,1500.0,0.0,6.3001
1628.5,2026-06-05T19:34:13.436684+00:00,77.2582,0.1003,96.9259,0.1147,0.75,0.0,1500.0,0.0,6.3
1629.0,2026-06-05T19:34:13.937003+00:00,76.9671,-0.0502,96.9431,0.0882,0.75,0.0,1500.0,0.0,6.3
1629.5,2026-06-05T19:34:14.436729+00:00,76.8706,-0.1658,97.0488,0.1372,0.75,0.0,1500.0,0.0,6.3
1630.0,2026-06-05T19:34:14.945001+00:00,76.9236,-0.1911,96.945,0.036,0.75,0.0,1500.0,0.0,6.3
1630.5,2026-06-05T19:34:15.436688+00:00,76.9645,-0.1469,97.0734,0.0663,0.75,0.0,1500.0,0.0,6.3
1631.0,2026-06-05T19:34:15.936668+00:00,77.1231,0.078,97.0564,0.0509,0.75,0.0,1500.0,0.0,6.3
1631.5,2026-06-05T19:34:16.436695+00:00,77.245,0.1872,97.1591,0.0777,0.75,0.0,1500.0,0.0,6.3
1632.0,2026-06-05T19:34:16.936671+00:00,77.3387,0.2075,97.0065,0.0212,0.75,0.0,1500.0,0.0,6.3
1632.5,2026-06-05T19:34:17.440968+00:00,77.4108,0.2232,97.1207,0.024,0.75,0.0,1500.0,0.0,6.3
1633.0,2026-06-05T19:34:17.936815+00:00,77.4661,0.1715,97.3011,0.1187,0.75,0.0,1500.0,0.0,6.3512
1633.5,2026-06-05T19:34:18.436678+00:00,77.3814,0.0682,97.2314,0.0527,0.75,0.0,1500.0,0.0,6.3762
1634.0,2026-06-05T19:34:18.936734+00:00,77.3163,-0.0112,97.2935,0.079,0.75,0.0,1500.0,0.0,6.3884
1634.501023,2026-06-05T19:34:19.437749+00:00,77.3935,-0.0086,97.2256,0.0222,0.75,0.0,1500.0,0.0,6.3943
1635.0,2026-06-05T19:34:19.942918+00:00,77.3256,-0.0703,97.2891,0.0942,0.75,0.0,1500.0,0.0,6.3972
1635.5,2026-06-05T19:34:20.437201+00:00,77.2734,-0.054,97.3379,0.0724,0.75,0.0,1500.0,0.0,6.3474
1636.0,2026-06-05T19:34:20.936660+00:00,77.2333,-0.0415,97.144,-0.0523,0.75,0.0,1500.0,0.0,6.3232
1636.5,2026-06-05T19:34:21.436679+00:00,77.3297,-0.0319,97.2264,-0.0017,0.75,0.0,1500.0,0.0,6.3113
1637.0,2026-06-05T19:34:21.937400+00:00,77.2765,-0.0245,97.174,-0.0398,0.75,0.0,1500.0,0.0,6.3055
1637.5,2026-06-05T19:34:22.441315+00:00,77.4902,0.1084,97.2494,0.0079,0.75,0.0,1500.0,0.0,6.3027
1638.0,2026-06-05T19:34:22.936730+00:00,77.2727,0.0197,97.3074,0.0061,0.75,0.0,1500.0,0.0,6.3013
1638.500986,2026-06-05T19:34:23.437692+00:00,77.2327,-0.0485,97.2363,-0.0339,0.75,0.0,1500.0,0.0,6.3006
1639.0,2026-06-05T19:34:23.936688+00:00,77.3293,0.0264,97.0428,-0.0338,0.75,0.0,1500.0,0.0,6.3003
1639.5,2026-06-05T19:34:24.436773+00:00,77.4035,-0.0434,97.1486,-0.0259,0.75,0.0,1500.0,0.0,6.3002
1640.0,2026-06-05T19:34:24.944870+00:00,77.4605,0.0939,96.9985,-0.0585,0.75,0.0,1500.0,0.0,6.3001
1640.5,2026-06-05T19:34:25.436674+00:00,77.3771,0.0722,97.1145,-0.045,0.75,0.0,1500.0,0.0,6.3
1641.0,2026-06-05T19:34:25.936698+00:00,77.313,-0.0081,97.088,-0.0731,0.75,0.0,1500.0,0.0,6.3
1641.5,2026-06-05T19:34:26.436717+00:00,77.391,-0.0063,97.0677,-0.0562,0.75,0.0,1500.0,0.0,6.3
1642.0,2026-06-05T19:34:26.936680+00:00,77.4509,-0.0048,96.9132,-0.0432,0.75,0.0,1500.0,0.0,6.3
1642.5,2026-06-05T19:34:27.446490+00:00,77.6242,0.1236,96.9101,-0.0795,0.75,0.0,1500.0,0.0,6.2488
1643.0,2026-06-05T19:34:27.936676+00:00,77.6302,0.1586,96.9309,-0.0225,0.75,0.0,1500.0,0.0,6.275
1643.5,2026-06-05T19:34:28.437106+00:00,77.3802,-0.0054,96.9469,-0.0559,0.75,0.0,1500.0,0.0,6.2878
1644.00298,2026-06-05T19:34:28.940798+00:00,77.4427,-0.0041,97.0749,-0.0044,0.75,0.0,1500.0,0.0,6.2941
1644.5,2026-06-05T19:34:29.436806+00:00,77.4906,-0.0668,97.0576,-0.0034,0.75,0.0,1500.0,0.0,6.2971
1645.0,2026-06-05T19:34:29.941506+00:00,77.5275,-0.0513,97.1599,0.0823,0.75,0.0,1500.0,0.0,6.2986
1645.500929,2026-06-05T19:34:30.437615+00:00,77.5559,0.0878,97.0072,0.0324,0.75,0.0,1500.0,0.0,6.2481
1646.0,2026-06-05T19:34:30.936746+00:00,77.5776,0.0675,97.1213,0.0634,0.75,0.0,1500.0,0.0,6.2235
1646.5,2026-06-05T19:34:31.436705+00:00,77.4671,-0.0118,97.2089,0.0873,0.75,0.0,1500.0,0.0,6.2115
1647.0,2026-06-05T19:34:31.937149+00:00,77.2549,-0.1363,96.906,-0.0563,0.75,0.0,1500.0,0.0,6.2056
1647.5,2026-06-05T19:34:32.443352+00:00,77.0918,-0.232,96.8121,-0.0818,0.75,0.0,1500.0,0.0,6.2027
1648.0,2026-06-05T19:34:32.936864+00:00,77.0937,-0.242,96.9713,-0.0629,0.75,0.0,1500.0,0.0,6.2525
1648.5,2026-06-05T19:34:33.436717+00:00,77.0951,-0.186,96.8391,-0.0561,0.75,0.0,1500.0,0.0,6.2768
1649.0,2026-06-05T19:34:33.936735+00:00,77.0963,-0.0793,96.8763,-0.0817,0.75,0.0,1500.0,0.0,6.2887
1649.5,2026-06-05T19:34:34.436715+00:00,77.0971,0.0027,97.0206,-0.0628,0.75,0.0,1500.0,0.0,6.2945
1650.0,2026-06-05T19:34:34.943641+00:00,76.9705,-0.0616,96.9002,-0.002,0.75,0.0,1500.0,0.0,6.2973
1650.5,2026-06-05T19:34:35.436736+00:00,76.8732,-0.111,96.9233,0.0371,0.75,0.0,1500.0,0.0,6.2987
1651.0,2026-06-05T19:34:35.936697+00:00,76.9257,-0.0853,96.941,-0.0101,0.75,0.0,1500.0,0.0,6.2994
1651.5,2026-06-05T19:34:36.436662+00:00,77.0933,-0.0019,96.9547,0.0385,0.75,0.0,1500.0,0.0,6.2997
1652.0,2026-06-05T19:34:36.936724+00:00,77.2221,0.1258,96.9652,0.0296,0.75,0.0,1500.0,0.0,6.2998
1652.5,2026-06-05T19:34:37.443967+00:00,77.1939,0.1603,96.7418,-0.0929,0.75,0.0,1500.0,0.0,6.2487
1653.0,2026-06-05T19:34:37.936695+00:00,77.1721,0.1232,96.8016,-0.0329,0.75,0.0,1500.0,0.0,6.275
1653.5,2026-06-05T19:34:38.436951+00:00,77.0282,-0.0326,97.0789,0.0519,0.75,0.0,1500.0,0.0,6.2878
1654.0,2026-06-05T19:34:38.936702+00:00,77.0448,-0.0887,97.0606,0.0399,0.75,0.0,1500.0,0.0,6.294
1654.5,2026-06-05T19:34:39.436959+00:00,76.9303,-0.1318,97.1623,0.0692,0.75,0.0,1500.0,0.0,6.2971
1655.000496,2026-06-05T19:34:39.947837+00:00,77.0968,-0.0377,97.009,0.0146,0.75,0.0,1500.0,0.0,6.2986
1655.5,2026-06-05T19:34:40.436693+00:00,77.2248,0.0983,97.007,0.0884,0.75,0.0,1500.0,0.0,6.2993
1656.0,2026-06-05T19:34:40.936684+00:00,77.0687,0.0119,97.121,0.1065,0.75,0.0,1500.0,0.0,6.2997
1656.500794,2026-06-05T19:34:41.437512+00:00,77.2032,0.1364,96.9773,-0.0338,0.75,0.0,1500.0,0.0,6.2998
1657.0,2026-06-05T19:34:41.936678+00:00,77.3066,0.1049,96.8669,-0.0646,0.75,0.0,1500.0,0.0,6.2999
1657.5,2026-06-05T19:34:42.443304+00:00,77.2588,0.017,96.8977,-0.0882,0.75,0.0,1500.0,0.0,6.3
1658.0,2026-06-05T19:34:42.936713+00:00,77.3493,0.1403,96.8057,-0.0678,0.75,0.0,1500.0,0.0,6.3512
1658.5,2026-06-05T19:34:43.436674+00:00,77.1644,-0.0194,96.7349,-0.0907,0.75,0.0,1500.0,0.0,6.3762
1659.0,2026-06-05T19:34:43.936699+00:00,77.2767,-0.0149,96.912,-0.0697,0.75,0.0,1500.0,0.0,6.3372
1659.5,2026-06-05T19:34:44.436776+00:00,77.2358,-0.0115,96.8166,-0.0536,0.75,0.0,1500.0,0.0,6.3181
1660.0,2026-06-05T19:34:44.941129+00:00,77.2044,-0.0725,96.8591,-0.0026,0.75,0.0,1500.0,0.0,6.3089
1660.5,2026-06-05T19:34:45.436707+00:00,77.3075,0.0716,96.8917,-0.002,0.75,0.0,1500.0,0.0,6.3043
1661.0,2026-06-05T19:34:45.936689+00:00,77.2595,-0.0086,96.8242,0.0062,0.75,0.0,1500.0,0.0,6.3021
1661.5,2026-06-05T19:34:46.436929+00:00,76.968,-0.1339,96.9806,0.0819,0.75,0.0,1500.0,0.0,6.301
1662.0,2026-06-05T19:34:46.936817+00:00,77.1259,-0.0393,96.9851,0.0244,0.75,0.0,1500.0,0.0,6.3005
1662.5,2026-06-05T19:34:47.445000+00:00,77.1199,-0.0938,96.5026,-0.1047,0.75,0.0,1500.0,0.0,6.249
1663.0,2026-06-05T19:34:47.936740+00:00,76.988,-0.1357,96.7102,-0.0496,0.75,0.0,1500.0,0.0,6.2751
1663.5,2026-06-05T19:34:48.436856+00:00,77.0139,0.0229,96.7773,-0.0381,0.75,0.0,1500.0,0.0,6.2879
1664.0,2026-06-05T19:34:48.936718+00:00,76.9066,-0.1096,96.5974,-0.0756,0.75,0.0,1500.0,0.0,6.2941
1664.5,2026-06-05T19:34:49.436682+00:00,76.9513,-0.0843,96.6906,-0.0967,0.75,0.0,1500.0,0.0,6.2971
1665.000262,2026-06-05T19:34:49.944670+00:00,76.8585,-0.0648,96.8779,-0.0357,0.75,0.0,1500.0,0.0,6.2986
1665.5,2026-06-05T19:34:50.436697+00:00,76.9144,-0.0498,96.9061,0.1345,0.75,0.0,1500.0,0.0,6.2993
1666.0,2026-06-05T19:34:50.936938+00:00,77.0846,0.089,97.0436,0.1111,0.75,0.0,1500.0,0.0,6.2997
1666.5,2026-06-05T19:34:51.436717+00:00,77.2154,0.132,96.9178,0.0468,0.75,0.0,1500.0,0.0,6.2998
1667.0,2026-06-05T19:34:51.936663+00:00,77.1887,0.1651,97.0525,0.1517,0.75,0.0,1500.0,0.0,6.2999
1667.5,2026-06-05T19:34:52.444553+00:00,77.2955,0.1906,96.9478,0.0857,0.75,0.0,1500.0,0.0,6.3
1668.0,2026-06-05T19:34:52.936707+00:00,77.3775,0.1465,96.8442,-0.0112,0.75,0.0,1500.0,0.0,6.3
1668.5,2026-06-05T19:34:53.436784+00:00,77.4406,0.1126,96.8802,-0.0086,0.75,0.0,1500.0,0.0,6.3
1669.0,2026-06-05T19:34:53.937180+00:00,77.489,0.1502,97.1393,0.0319,0.75,0.0,1500.0,0.0,6.3
1669.5,2026-06-05T19:34:54.436677+00:00,77.1445,-0.0755,97.0145,0.0323,0.75,0.0,1500.0,0.0,6.3
1670.0,2026-06-05T19:34:54.943179+00:00,77.0069,-0.1853,97.0112,-0.0138,0.75,0.0,1500.0,0.0,6.3
1670.502082,2026-06-05T19:34:55.439314+00:00,77.0284,-0.2061,96.7772,-0.0569,0.75,0.0,1500.0,0.0,6.3
1671.0,2026-06-05T19:34:55.936679+00:00,77.1723,-0.1584,96.5742,-0.09,0.75,0.0,1500.0,0.0,6.3
1671.5,2026-06-05T19:34:56.436680+00:00,77.1555,0.0055,96.4413,-0.1463,0.75,0.0,1500.0,0.0,6.3
1672.0,2026-06-05T19:34:56.938813+00:00,77.0154,0.0043,96.4549,-0.2281,0.75,0.0,1500.0,0.0,6.3
1672.5,2026-06-05T19:34:57.441723+00:00,77.1623,0.0669,96.4653,-0.1831,0.75,0.0,1500.0,0.0,6.2488
1673.0,2026-06-05T19:34:57.936713+00:00,77.1479,-0.0122,96.7048,-0.1021,0.75,0.0,1500.0,0.0,6.275
1673.5,2026-06-05T19:34:58.436707+00:00,77.1368,-0.0094,96.7731,-0.0014,0.75,0.0,1500.0,0.0,6.2878
1674.0,2026-06-05T19:34:58.936683+00:00,77.2555,0.1201,96.5711,-0.0011,0.75,0.0,1500.0,0.0,6.294
1674.5,2026-06-05T19:34:59.436742+00:00,77.3468,0.0923,96.6703,0.0763,0.75,0.0,1500.0,0.0,6.2971
1675.0,2026-06-05T19:34:59.945420+00:00,77.417,0.1346,96.3995,-0.0185,0.75,0.0,1500.0,0.0,6.2986
1675.5,2026-06-05T19:35:00.436695+00:00,77.3436,0.1034,96.5385,0.0244,0.75,0.0,1500.0,0.0,6.2993
1676.0,2026-06-05T19:35:00.936852+00:00,77.2873,0.0159,96.761,0.0187,0.75,0.0,1500.0,0.0,6.2997
1676.5,2026-06-05T19:35:01.436703+00:00,77.2439,-0.0514,96.4692,-0.1013,0.75,0.0,1500.0,0.0,6.2998
1677.0,2026-06-05T19:35:01.936680+00:00,77.3379,-0.0395,96.7077,0.0456,0.75,0.0,1500.0,0.0,6.2999
1677.5,2026-06-05T19:35:02.444564+00:00,77.5374,0.0969,96.7753,0.035,0.75,0.0,1500.0,0.0,6.2488
1678.0,2026-06-05T19:35:02.936703+00:00,77.4362,0.0745,96.3645,-0.0117,0.75,0.0,1500.0,0.0,6.275
1678.5,2026-06-05T19:35:03.436684+00:00,77.3584,0.0572,96.6041,0.0219,0.75,0.0,1500.0,0.0,6.2878
1679.0,2026-06-05T19:35:03.937160+00:00,77.4259,0.044,96.6957,-0.0217,0.75,0.0,1500.0,0.0,6.294
1679.5,2026-06-05T19:35:04.436664+00:00,77.4777,-0.0298,96.5579,0.0296,0.75,0.0,1500.0,0.0,6.2971
1680.0,2026-06-05T19:35:04.942685+00:00,77.5176,0.0407,96.5676,-0.0467,0.75,0.0,1500.0,0.0,6.2986
1680.5,2026-06-05T19:35:05.436960+00:00,77.2937,-0.0323,96.6677,-0.0359,0.75,0.0,1500.0,0.0,6.2993
1681.0,2026-06-05T19:35:05.936664+00:00,77.2489,-0.0885,96.6289,0.0881,0.75,0.0,1500.0,0.0,6.2997
1681.500001,2026-06-05T19:35:06.436825+00:00,77.469,-0.0044,96.7148,0.0369,0.75,0.0,1500.0,0.0,6.2998
1682.0,2026-06-05T19:35:06.936692+00:00,77.3836,-0.067,96.6419,-0.0179,0.75,0.0,1500.0,0.0,6.2999
1682.500308,2026-06-05T19:35:07.443254+00:00,77.318,0.0121,96.7248,0.0556,0.75,0.0,1500.0,0.0,6.3
1683.0,2026-06-05T19:35:07.936689+00:00,77.5221,0.1366,96.6728,0.035,0.75,0.0,1500.0,0.0,6.3
1683.5,2026-06-05T19:35:08.439124+00:00,77.5517,0.0414,96.7485,0.0269,0.75,0.0,1500.0,0.0,6.3
1684.0,2026-06-05T19:35:08.936723+00:00,77.3199,-0.0319,96.8067,0.0593,0.75,0.0,1500.0,0.0,6.3
1684.5,2026-06-05T19:35:09.436677+00:00,77.3963,0.0392,96.8514,0.0456,0.75,0.0,1500.0,0.0,6.3
1685.0,2026-06-05T19:35:09.943897+00:00,77.455,-0.0335,96.8858,0.0813,0.75,0.0,1500.0,0.0,6.3
1685.5,2026-06-05T19:35:10.436800+00:00,77.5001,-0.0258,96.7965,0.0239,0.75,0.0,1500.0,0.0,6.3
1686.0,2026-06-05T19:35:10.937171+00:00,77.2803,-0.0198,97.075,0.1341,0.75,0.0,1500.0,0.0,6.3
1686.5,2026-06-05T19:35:11.436704+00:00,77.2385,-0.0789,97.1734,0.1416,0.75,0.0,1500.0,0.0,6.3
1687.0,2026-06-05T19:35:11.936667+00:00,77.3338,-0.0606,97.2489,0.1474,0.75,0.0,1500.0,0.0,6.3
1687.500908,2026-06-05T19:35:12.446174+00:00,77.2797,-0.1102,97.0756,0.0747,0.75,0.0,1500.0,0.0,6.3
1688.0,2026-06-05T19:35:12.936726+00:00,77.2381,-0.0211,96.8267,-0.0197,0.75,0.0,1500.0,0.0,6.3
1688.5,2026-06-05T19:35:13.436729+00:00,77.3334,0.0474,96.728,-0.0228,0.75,0.0,1500.0,0.0,6.3
1689.0,2026-06-05T19:35:13.937069+00:00,77.5339,0.1001,96.7909,-0.0947,0.75,0.0,1500.0,0.0,6.3
1689.5,2026-06-05T19:35:14.436688+00:00,77.5608,0.1406,96.5848,-0.1962,0.75,0.0,1500.0,0.0,6.3
1690.0,2026-06-05T19:35:14.943135+00:00,77.5814,0.1717,96.6809,-0.1894,0.75,0.0,1500.0,0.0,6.3
1690.5,2026-06-05T19:35:15.436679+00:00,77.47,0.0683,96.639,-0.1455,0.75,0.0,1500.0,0.0,6.3
1691.0,2026-06-05T19:35:15.936672+00:00,77.5117,-0.0111,96.6068,-0.0733,0.75,0.0,1500.0,0.0,6.3
1691.5,2026-06-05T19:35:16.436686+00:00,77.4164,-0.0722,96.6053,-0.0409,0.75,0.0,1500.0,0.0,6.3
1692.0,2026-06-05T19:35:16.936784+00:00,77.4705,-0.0555,96.6966,-0.0314,0.75,0.0,1500.0,0.0,6.3
1692.5,2026-06-05T19:35:17.442680+00:00,77.3847,-0.0426,96.6511,0.0221,0.75,0.0,1500.0,0.0,6.3
1693.0,2026-06-05T19:35:17.937042+00:00,77.4461,-0.0328,96.7318,0.017,0.75,0.0,1500.0,0.0,6.3
1693.50121,2026-06-05T19:35:18.438052+00:00,77.4933,0.0384,96.7013,0.0208,0.75,0.0,1500.0,0.0,6.3
1694.0,2026-06-05T19:35:18.936660+00:00,77.6568,0.0932,96.8861,0.0931,0.75,0.0,1500.0,0.0,6.3
1694.5,2026-06-05T19:35:19.436730+00:00,77.6552,0.1353,96.7968,0.0638,0.75,0.0,1500.0,0.0,6.3
1695.0,2026-06-05T19:35:19.941747+00:00,77.654,0.104,96.9595,0.0876,0.75,0.0,1500.0,0.0,6.3
1695.5,2026-06-05T19:35:20.436840+00:00,77.6531,0.0799,96.8532,0.0674,0.75,0.0,1500.0,0.0,6.3
1696.0,2026-06-05T19:35:20.936684+00:00,77.5251,-0.0659,97.0029,0.0903,0.75,0.0,1500.0,0.0,6.3
1696.5,2026-06-05T19:35:21.436660+00:00,77.554,-0.0506,96.632,-0.0231,0.75,0.0,1500.0,0.0,6.3
1697.0,2026-06-05T19:35:21.936736+00:00,77.449,-0.1025,96.4626,-0.1412,0.75,0.0,1500.0,0.0,6.3
1697.5,2026-06-05T19:35:22.445177+00:00,77.4955,-0.0788,96.5869,-0.07,0.75,0.0,1500.0,0.0,6.3
1698.0,2026-06-05T19:35:22.936676+00:00,77.5312,0.0031,96.3354,-0.208,0.75,0.0,1500.0,0.0,6.3
1698.5,2026-06-05T19:35:23.436688+00:00,77.5587,0.0024,96.2578,-0.1985,0.75,0.0,1500.0,0.0,6.3
1699.0,2026-06-05T19:35:23.937009+00:00,77.3253,-0.0618,96.4295,-0.1911,0.75,0.0,1500.0,0.0,6.3
1699.5,2026-06-05T19:35:24.436700+00:00,77.4004,-0.0475,96.5616,-0.0235,0.75,0.0,1500.0,0.0,6.3
1700.0,2026-06-05T19:35:24.944387+00:00,77.3309,-0.1002,96.663,0.0668,0.75,0.0,1500.0,0.0,6.3
1700.5,2026-06-05T19:35:25.436833+00:00,77.532,-0.0133,96.4864,-0.0335,0.75,0.0,1500.0,0.0,6.3
1701.0,2026-06-05T19:35:25.936721+00:00,77.4321,0.0534,96.397,0.0205,0.75,0.0,1500.0,0.0,6.3
1701.5,2026-06-05T19:35:26.436679+00:00,77.4825,0.041,96.5366,0.0929,0.75,0.0,1500.0,0.0,6.3
1702.0,2026-06-05T19:35:26.936729+00:00,77.394,0.0315,96.5281,0.0328,0.75,0.0,1500.0,0.0,6.3
1702.5,2026-06-05T19:35:27.444062+00:00,77.5805,0.0242,96.2671,-0.0982,0.75,0.0,1500.0,0.0,6.3
1703.0,2026-06-05T19:35:27.936723+00:00,77.342,-0.045,96.4367,-0.0755,0.75,0.0,1500.0,0.0,6.3
1703.5,2026-06-05T19:35:28.437023+00:00,77.1588,-0.1619,96.3356,-0.0503,0.75,0.0,1500.0,0.0,6.3
1704.0,2026-06-05T19:35:28.936669+00:00,77.2724,-0.0608,96.3737,-0.0078,0.75,0.0,1500.0,0.0,6.3
1704.5,2026-06-05T19:35:29.436798+00:00,77.2325,-0.174,96.3798,-0.0523,0.75,0.0,1500.0,0.0,6.3
1705.0,2026-06-05T19:35:29.943566+00:00,77.0746,-0.1337,96.5233,-0.0016,0.75,0.0,1500.0,0.0,6.3
1705.5,2026-06-05T19:35:30.436668+00:00,77.2077,0.0245,96.4947,0.0759,0.75,0.0,1500.0,0.0,6.3
1706.0,2026-06-05T19:35:30.936748+00:00,77.1828,-0.0448,96.496,0.0198,0.75,0.0,1500.0,0.0,6.3
1706.5,2026-06-05T19:35:31.436983+00:00,77.1636,-0.0344,96.6126,0.0923,0.75,0.0,1500.0,0.0,6.3
1707.0,2026-06-05T19:35:31.936701+00:00,77.2762,0.1008,96.5865,0.071,0.75,0.0,1500.0,0.0,6.3
1707.5,2026-06-05T19:35:32.445626+00:00,77.1081,-0.0498,96.5665,0.0623,0.75,0.0,1500.0,0.0,6.3
1708.0,2026-06-05T19:35:32.936687+00:00,77.2335,0.0254,96.6437,0.0401,0.75,0.0,1500.0,0.0,6.3
1708.500384,2026-06-05T19:35:33.437662+00:00,77.2026,0.0195,96.4947,-0.0,0.75,0.0,1500.0,0.0,6.3
1709.0,2026-06-05T19:35:33.936673+00:00,76.9243,-0.1759,96.6117,0.0386,0.75,0.0,1500.0,0.0,6.3
1709.5,2026-06-05T19:35:34.436831+00:00,76.8377,-0.1352,96.7015,0.0296,0.75,0.0,1500.0,0.0,6.3
1710.000303,2026-06-05T19:35:34.941480+00:00,76.8984,-0.1676,96.5392,-0.0158,0.75,0.0,1500.0,0.0,6.3
1710.5,2026-06-05T19:35:35.436678+00:00,77.0723,-0.0652,96.6458,0.0264,0.75,0.0,1500.0,0.0,6.3
1711.0,2026-06-05T19:35:35.936832+00:00,77.206,0.1408,96.6121,-0.0105,0.75,0.0,1500.0,0.0,6.3
1711.5,2026-06-05T19:35:36.436763+00:00,77.3087,0.2355,96.7018,0.069,0.75,0.0,1500.0,0.0,6.3
1712.0,2026-06-05T19:35:36.936660+00:00,77.3877,0.2446,96.7708,0.0531,0.75,0.0,1500.0,0.0,6.3
1712.500553,2026-06-05T19:35:37.444842+00:00,77.1939,0.0608,96.7082,0.0022,0.75,0.0,1500.0,0.0,6.3
1713.0,2026-06-05T19:35:37.936847+00:00,77.1721,-0.0169,96.7757,0.0788,0.75,0.0,1500.0,0.0,6.3
1713.5,2026-06-05T19:35:38.436743+00:00,77.2827,-0.013,96.8276,0.0606,0.75,0.0,1500.0,0.0,6.3
1714.0,2026-06-05T19:35:38.936704+00:00,77.1132,-0.1373,96.7749,0.0543,0.75,0.0,1500.0,0.0,6.2488
1714.5,2026-06-05T19:35:39.436868+00:00,77.3647,0.0854,96.9427,0.0803,0.75,0.0,1500.0,0.0,6.2238
1715.0,2026-06-05T19:35:39.944659+00:00,77.4307,0.1293,96.956,0.0617,0.75,0.0,1500.0,0.0,6.2116
1715.5,2026-06-05T19:35:40.436678+00:00,77.2269,-0.0279,96.4802,-0.076,0.75,0.0,1500.0,0.0,6.2569
1716.0,2026-06-05T19:35:40.936664+00:00,77.1975,0.0422,96.3691,-0.1355,0.75,0.0,1500.0,0.0,6.279
1716.5,2026-06-05T19:35:41.436670+00:00,77.3022,-0.0312,96.3762,-0.1505,0.75,0.0,1500.0,0.0,6.2897
1717.0,2026-06-05T19:35:41.936681+00:00,77.51,0.0396,96.3817,-0.1311,0.75,0.0,1500.0,0.0,6.295
1717.5,2026-06-05T19:35:42.447724+00:00,77.5424,0.1577,96.5248,-0.1393,0.75,0.0,1500.0,0.0,6.2976
1718.0,2026-06-05T19:35:42.936723+00:00,77.6946,0.2485,96.6348,-0.1071,0.75,0.0,1500.0,0.0,6.2988
1718.500561,2026-06-05T19:35:43.437241+00:00,77.6842,0.191,96.6267,0.0488,0.75,0.0,1500.0,0.0,6.3506
1719.0,2026-06-05T19:35:43.936680+00:00,77.549,0.0195,96.8288,0.1532,0.75,0.0,1500.0,0.0,6.3759
1719.5,2026-06-05T19:35:44.436805+00:00,77.4451,-0.0486,96.8684,0.1641,0.75,0.0,1500.0,0.0,6.3882
1720.0,2026-06-05T19:35:44.942055+00:00,77.3653,-0.1646,96.7832,0.1338,0.75,0.0,1500.0,0.0,6.3431
1720.5,2026-06-05T19:35:45.436717+00:00,77.4312,-0.1265,96.8333,0.1028,0.75,0.0,1500.0,0.0,6.3722
1721.0,2026-06-05T19:35:45.937238+00:00,77.3545,-0.0973,96.6405,0.0019,0.75,0.0,1500.0,0.0,6.3864
1721.5,2026-06-05T19:35:46.436705+00:00,77.5502,0.0525,96.6311,0.0015,0.75,0.0,1500.0,0.0,6.3934
1722.0,2026-06-05T19:35:46.936959+00:00,77.5733,0.104,96.5776,-0.0837,0.75,0.0,1500.0,0.0,6.3968
1722.5,2026-06-05T19:35:47.444085+00:00,77.4638,0.0163,96.6754,-0.0643,0.75,0.0,1500.0,0.0,6.3984
1723.0,2026-06-05T19:35:47.936956+00:00,77.6341,0.1398,96.8662,0.0277,0.75,0.0,1500.0,0.0,6.3992
1723.5,2026-06-05T19:35:48.436930+00:00,77.7651,0.1074,97.0129,0.0598,0.75,0.0,1500.0,0.0,6.3996
1724.000559,2026-06-05T19:35:48.937231+00:00,77.8657,0.1462,97.0099,0.1231,0.75,0.0,1500.0,0.0,6.3998
1724.5,2026-06-05T19:35:49.436678+00:00,77.8158,0.176,97.0076,0.1255,0.75,0.0,1500.0,0.0,6.3999
1725.0,2026-06-05T19:35:49.944400+00:00,77.6502,0.008,97.0984,0.1736,0.75,0.0,1500.0,0.0,6.4
1725.5,2026-06-05T19:35:50.436750+00:00,77.5229,-0.1211,96.9599,0.0948,0.75,0.0,1500.0,0.0,6.4
1726.0,2026-06-05T19:35:50.936689+00:00,77.425,-0.2204,97.0849,0.0729,0.75,0.0,1500.0,0.0,6.4
1726.5,2026-06-05T19:35:51.436706+00:00,77.3498,-0.233,97.0653,0.0175,0.75,0.0,1500.0,0.0,6.3488
1727.0,2026-06-05T19:35:51.936800+00:00,77.4193,-0.1154,96.9345,-0.0251,0.75,0.0,1500.0,0.0,6.3238
1727.5,2026-06-05T19:35:52.441416+00:00,77.3454,-0.0887,96.9265,-0.027,0.75,0.0,1500.0,0.0,6.3116
1728.0,2026-06-05T19:35:52.936767+00:00,77.4159,-0.0046,96.5964,-0.1673,0.75,0.0,1500.0,0.0,6.3057
1728.500001,2026-06-05T19:35:53.436744+00:00,77.3428,-0.0035,96.7823,-0.0592,0.75,0.0,1500.0,0.0,6.3028
1729.0,2026-06-05T19:35:53.937030+00:00,77.2866,-0.0663,96.9484,-0.0455,0.75,0.0,1500.0,0.0,6.3014
1729.5,2026-06-05T19:35:54.436725+00:00,77.2434,-0.051,96.9604,-0.035,0.75,0.0,1500.0,0.0,6.3007
1730.0,2026-06-05T19:35:54.941175+00:00,77.2102,-0.1028,96.8307,-0.0346,0.75,0.0,1500.0,0.0,6.3003
1730.5,2026-06-05T19:35:55.436773+00:00,77.1847,-0.079,96.8467,-0.0266,0.75,0.0,1500.0,0.0,6.3002
1731.0,2026-06-05T19:35:55.936684+00:00,77.4197,0.0665,96.6277,0.0104,0.75,0.0,1500.0,0.0,6.3001
1731.5,2026-06-05T19:35:56.436714+00:00,77.3457,0.0511,96.8295,0.0157,0.75,0.0,1500.0,0.0,6.3
1732.002749,2026-06-05T19:35:56.939635+00:00,77.2888,0.0393,96.9847,0.0121,0.75,0.0,1500.0,0.0,6.3
1732.5,2026-06-05T19:35:57.442504+00:00,77.3724,0.0938,96.9651,0.0016,0.75,0.0,1500.0,0.0,6.2488
1733.0,2026-06-05T19:35:57.936822+00:00,77.4366,0.0085,96.9732,0.0475,0.75,0.0,1500.0,0.0,6.275
1733.5,2026-06-05T19:35:58.436744+00:00,77.486,0.0702,96.5166,-0.1101,0.75,0.0,1500.0,0.0,6.2878
1734.0,2026-06-05T19:35:58.936816+00:00,77.524,0.1176,96.7441,0.0388,0.75,0.0,1500.0,0.0,6.2941
1734.5,2026-06-05T19:35:59.436747+00:00,77.5531,0.0904,96.8033,-0.0087,0.75,0.0,1500.0,0.0,6.2971
1735.0,2026-06-05T19:35:59.942419+00:00,77.5755,0.0694,96.5249,-0.1533,0.75,0.0,1500.0,0.0,6.2986
1735.5,2026-06-05T19:36:00.436657+00:00,77.5928,0.0534,96.6348,-0.1101,0.75,0.0,1500.0,0.0,6.2993
1736.0,2026-06-05T19:36:00.936744+00:00,77.606,0.041,96.7193,-0.0846,0.75,0.0,1500.0,0.0,6.2997
1736.5,2026-06-05T19:36:01.436688+00:00,77.3617,-0.0957,96.4372,-0.0265,0.75,0.0,1500.0,0.0,6.2486
1737.0,2026-06-05T19:36:01.936669+00:00,77.3011,-0.1372,96.7988,0.0182,0.75,0.0,1500.0,0.0,6.2237
1737.5,2026-06-05T19:36:02.444446+00:00,77.2546,-0.1691,96.8454,0.014,0.75,0.0,1500.0,0.0,6.2116
1738.0,2026-06-05T19:36:02.936667+00:00,77.2188,-0.1936,96.5109,-0.0047,0.75,0.0,1500.0,0.0,6.2569
1738.5,2026-06-05T19:36:03.436691+00:00,77.1913,-0.0852,96.8555,0.0736,0.75,0.0,1500.0,0.0,6.2789
1739.0,2026-06-05T19:36:03.937264+00:00,77.2975,-0.0018,96.8658,0.0488,0.75,0.0,1500.0,0.0,6.2897
1739.500723,2026-06-05T19:36:04.437508+00:00,77.2518,-0.0014,96.8968,0.1532,0.75,0.0,1500.0,0.0,6.295
1740.0,2026-06-05T19:36:04.941490+00:00,77.4712,0.1262,96.9207,0.0406,0.75,0.0,1500.0,0.0,6.2976
1740.5,2026-06-05T19:36:05.436705+00:00,77.3853,0.097,97.0548,0.0698,0.75,0.0,1500.0,0.0,6.2988
1741.0,2026-06-05T19:36:05.936690+00:00,77.4465,0.0745,97.1578,0.2156,0.75,0.0,1500.0,0.0,6.2994
1741.5,2026-06-05T19:36:06.436686+00:00,77.3664,0.0573,97.237,0.1272,0.75,0.0,1500.0,0.0,6.2997
1742.0,2026-06-05T19:36:06.937184+00:00,77.3047,-0.0832,97.0896,0.0746,0.75,0.0,1500.0,0.0,6.2999
1742.5,2026-06-05T19:36:07.443645+00:00,77.2573,-0.064,97.1846,0.0959,0.75,0.0,1500.0,0.0,6.2487
1743.0,2026-06-05T19:36:07.936902+00:00,77.3482,-0.0492,97.1418,0.0737,0.75,0.0,1500.0,0.0,6.275
1743.5,2026-06-05T19:36:08.436712+00:00,77.2908,-0.0378,96.9933,-0.0205,0.75,0.0,1500.0,0.0,6.2366
1744.0,2026-06-05T19:36:08.936674+00:00,77.2466,-0.029,96.9949,-0.0543,0.75,0.0,1500.0,0.0,6.2691
1744.503232,2026-06-05T19:36:09.439954+00:00,77.2127,-0.0223,96.7647,-0.1574,0.75,0.0,1500.0,0.0,6.2849
1745.0,2026-06-05T19:36:09.945179+00:00,77.3139,-0.0172,96.6803,-0.1364,0.75,0.0,1500.0,0.0,6.3438
1745.5,2026-06-05T19:36:10.436685+00:00,77.3917,0.0504,96.5229,-0.2206,0.75,0.0,1500.0,0.0,6.3726
1746.0,2026-06-05T19:36:10.936937+00:00,77.4514,0.1024,96.6333,-0.1695,0.75,0.0,1500.0,0.0,6.3866
1746.500284,2026-06-05T19:36:11.437478+00:00,77.4974,0.1423,96.3479,-0.2151,0.75,0.0,1500.0,0.0,6.3935
1747.0,2026-06-05T19:36:11.936800+00:00,77.4054,0.0458,96.3831,-0.2039,0.75,0.0,1500.0,0.0,6.3968
1747.5,2026-06-05T19:36:12.442606+00:00,77.462,0.0352,96.5258,-0.0796,0.75,0.0,1500.0,0.0,6.3472
1748.000713,2026-06-05T19:36:12.937703+00:00,77.5055,0.027,96.381,-0.0998,0.75,0.0,1500.0,0.0,6.3743
1748.5,2026-06-05T19:36:13.437004+00:00,77.4117,-0.0429,96.4086,-0.0381,0.75,0.0,1500.0,0.0,6.3362
1749.0,2026-06-05T19:36:13.936749+00:00,77.4668,0.0307,96.4297,-0.0679,0.75,0.0,1500.0,0.0,6.3177
1749.5,2026-06-05T19:36:14.436679+00:00,77.3819,-0.04,96.446,0.0327,0.75,0.0,1500.0,0.0,6.3086
1750.0,2026-06-05T19:36:14.945201+00:00,77.3167,-0.0944,96.5742,0.0637,0.75,0.0,1500.0,0.0,6.3042
1750.5,2026-06-05T19:36:15.436768+00:00,77.2666,-0.0726,96.7884,0.0875,0.75,0.0,1500.0,0.0,6.3533
1751.0,2026-06-05T19:36:15.936785+00:00,77.228,-0.1194,96.9531,0.1907,0.75,0.0,1500.0,0.0,6.3772
1751.5,2026-06-05T19:36:16.436680+00:00,77.0711,-0.1554,96.9639,0.1851,0.75,0.0,1500.0,0.0,6.3889
1752.0,2026-06-05T19:36:16.936684+00:00,77.0778,-0.1194,96.764,0.1114,0.75,0.0,1500.0,0.0,6.3946
1752.5,2026-06-05T19:36:17.442919+00:00,77.2102,-0.0282,96.9343,0.1628,0.75,0.0,1500.0,0.0,6.3461
1753.0,2026-06-05T19:36:17.937155+00:00,77.0574,-0.0853,96.9495,0.1251,0.75,0.0,1500.0,0.0,6.3737
1753.5,2026-06-05T19:36:18.436670+00:00,77.1946,0.0617,96.8455,0.019,0.75,0.0,1500.0,0.0,6.336
1754.0,2026-06-05T19:36:18.936754+00:00,77.1727,0.0474,96.8813,-0.0239,0.75,0.0,1500.0,0.0,6.3176
1754.5,2026-06-05T19:36:19.436830+00:00,77.2831,0.0365,97.0244,0.0202,0.75,0.0,1500.0,0.0,6.3086
1755.0,2026-06-05T19:36:19.941341+00:00,77.1135,0.028,96.9031,0.0464,0.75,0.0,1500.0,0.0,6.3042
1755.5,2026-06-05T19:36:20.436738+00:00,77.2376,0.0215,96.9255,-0.0029,0.75,0.0,1500.0,0.0,6.302
1756.0,2026-06-05T19:36:20.937108+00:00,77.2058,0.0166,96.827,-0.0408,0.75,0.0,1500.0,0.0,6.301
1756.5,2026-06-05T19:36:21.436675+00:00,77.1813,-0.0509,96.8671,0.0072,0.75,0.0,1500.0,0.0,6.3005
1757.0,2026-06-05T19:36:21.936984+00:00,77.2898,0.0881,96.8978,0.0055,0.75,0.0,1500.0,0.0,6.3002
1757.5,2026-06-05T19:36:22.444512+00:00,77.3731,0.0677,96.9215,-0.0343,0.75,0.0,1500.0,0.0,6.3001
1758.0,2026-06-05T19:36:22.936821+00:00,77.4372,0.1157,96.9396,0.0122,0.75,0.0,1500.0,0.0,6.3001
1758.5,2026-06-05T19:36:23.436781+00:00,77.3592,0.0889,97.0693,0.0479,0.75,0.0,1500.0,0.0,6.3
1759.0,2026-06-05T19:36:23.936668+00:00,77.2992,0.0047,97.0533,0.0754,0.75,0.0,1500.0,0.0,6.3
1759.5,2026-06-05T19:36:24.436680+00:00,77.3804,0.0036,97.0178,0.0502,0.75,0.0,1500.0,0.0,6.3
1760.0,2026-06-05T19:36:24.943498+00:00,77.4428,0.0028,97.0137,0.0386,0.75,0.0,1500.0,0.0,6.3
1760.5,2026-06-05T19:36:25.436682+00:00,77.4907,0.0658,96.7791,-0.0475,0.75,0.0,1500.0,0.0,6.3
1761.0,2026-06-05T19:36:25.936677+00:00,77.5276,0.1142,96.5988,-0.1136,0.75,0.0,1500.0,0.0,6.3
1761.5,2026-06-05T19:36:26.436750+00:00,77.4286,0.0241,96.6917,-0.1259,0.75,0.0,1500.0,0.0,6.3
1762.0,2026-06-05T19:36:26.936718+00:00,77.4799,0.0185,96.4159,-0.2125,0.75,0.0,1500.0,0.0,6.3
1762.5,2026-06-05T19:36:27.444251+00:00,77.5192,0.0143,96.6668,-0.117,0.75,0.0,1500.0,0.0,6.3
1763.0,2026-06-05T19:36:27.936757+00:00,77.5495,0.011,96.7207,-0.0976,0.75,0.0,1500.0,0.0,6.3512
1763.5,2026-06-05T19:36:28.436682+00:00,77.5727,0.0721,96.9011,0.0406,0.75,0.0,1500.0,0.0,6.325
1764.0,2026-06-05T19:36:28.936759+00:00,77.5906,0.0554,96.8083,0.0698,0.75,0.0,1500.0,0.0,6.3122
1764.5,2026-06-05T19:36:29.436722+00:00,77.4771,-0.0211,96.6212,-0.0235,0.75,0.0,1500.0,0.0,6.306
1765.0,2026-06-05T19:36:29.941934+00:00,77.3898,-0.0798,96.8246,0.1362,0.75,0.0,1500.0,0.0,6.3029
1765.5,2026-06-05T19:36:30.436961+00:00,77.45,-0.0614,96.7263,0.0199,0.75,0.0,1500.0,0.0,6.3014
1766.0,2026-06-05T19:36:30.936652+00:00,77.369,-0.1108,96.674,-0.0156,0.75,0.0,1500.0,0.0,6.3007
1766.5,2026-06-05T19:36:31.436680+00:00,77.4341,-0.0215,96.7494,-0.0506,0.75,0.0,1500.0,0.0,6.3003
1767.0,2026-06-05T19:36:31.937295+00:00,77.484,0.0471,96.576,-0.0774,0.75,0.0,1500.0,0.0,6.3002
1767.502099,2026-06-05T19:36:32.444841+00:00,77.3952,-0.0274,96.4427,-0.0595,0.75,0.0,1500.0,0.0,6.3001
1768.0,2026-06-05T19:36:32.936652+00:00,77.4541,0.0425,96.456,-0.1229,0.75,0.0,1500.0,0.0,6.3
1768.5,2026-06-05T19:36:33.437171+00:00,77.4995,0.0327,96.443,-0.0944,0.75,0.0,1500.0,0.0,6.3
1769.0,2026-06-05T19:36:33.936683+00:00,77.6616,0.0888,96.3405,-0.1112,0.75,0.0,1500.0,0.0,6.3
1769.5,2026-06-05T19:36:34.436805+00:00,77.5316,0.0682,96.4931,-0.0854,0.75,0.0,1500.0,0.0,6.3
1770.0,2026-06-05T19:36:34.941958+00:00,77.559,0.0524,96.5873,0.0038,0.75,0.0,1500.0,0.0,6.3
1770.5,2026-06-05T19:36:35.436667+00:00,77.7073,0.1039,96.4282,-0.0048,0.75,0.0,1500.0,0.0,6.3
1771.0,2026-06-05T19:36:35.936691+00:00,77.8213,0.0799,96.5605,0.0349,0.75,0.0,1500.0,0.0,6.3
1771.5,2026-06-05T19:36:36.436686+00:00,77.7817,0.125,96.6622,0.0731,0.75,0.0,1500.0,0.0,6.3
1772.0,2026-06-05T19:36:36.936706+00:00,77.8785,0.1597,96.509,0.0562,0.75,0.0,1500.0,0.0,6.3
1772.5,2026-06-05T19:36:37.444937+00:00,77.6983,-0.0045,96.854,0.1203,0.75,0.0,1500.0,0.0,6.3
1773.0,2026-06-05T19:36:37.936697+00:00,77.6872,-0.0671,96.8878,0.1002,0.75,0.0,1500.0,0.0,6.3
1773.5,2026-06-05T19:36:38.436677+00:00,77.6786,-0.0516,97.0063,0.1927,0.75,0.0,1500.0,0.0,6.3
1774.0,2026-06-05T19:36:38.936702+00:00,77.5447,-0.1669,97.0049,0.1481,0.75,0.0,1500.0,0.0,6.3
1774.5,2026-06-05T19:36:39.436696+00:00,77.4418,-0.1283,96.6335,-0.0096,0.75,0.0,1500.0,0.0,6.3
1775.0,2026-06-05T19:36:39.941636+00:00,77.49,-0.0986,96.7183,0.0698,0.75,0.0,1500.0,0.0,6.3
1775.5,2026-06-05T19:36:40.436666+00:00,77.3997,-0.1394,96.6446,-0.0698,0.75,0.0,1500.0,0.0,6.3
1776.0,2026-06-05T19:36:40.936674+00:00,77.5849,0.0201,96.588,-0.0999,0.75,0.0,1500.0,0.0,6.3
1776.5,2026-06-05T19:36:41.436691+00:00,77.4727,0.0155,96.5677,-0.1462,0.75,0.0,1500.0,0.0,6.3
1777.0,2026-06-05T19:36:41.936955+00:00,77.3865,-0.0518,96.6677,-0.1124,0.75,0.0,1500.0,0.0,6.3
1777.5,2026-06-05T19:36:42.442439+00:00,77.4474,0.0239,96.3744,-0.0864,0.75,0.0,1500.0,0.0,6.2488
1778.0,2026-06-05T19:36:42.936707+00:00,77.4943,-0.0453,96.4034,-0.105,0.75,0.0,1500.0,0.0,6.275
1778.5,2026-06-05T19:36:43.436688+00:00,77.5303,0.0288,96.4489,-0.0652,0.75,0.0,1500.0,0.0,6.2878
1779.0,2026-06-05T19:36:43.936762+00:00,77.558,0.0858,96.2062,-0.1273,0.75,0.0,1500.0,0.0,6.294
1779.5,2026-06-05T19:36:44.436934+00:00,77.452,0.0023,96.2973,-0.0901,0.75,0.0,1500.0,0.0,6.2971
1780.0,2026-06-05T19:36:44.945134+00:00,77.3706,-0.0619,96.2285,-0.1464,0.75,0.0,1500.0,0.0,6.2986
1780.5,2026-06-05T19:36:45.436755+00:00,77.4352,-0.0476,96.1756,-0.0662,0.75,0.0,1500.0,0.0,6.2993
1781.0,2026-06-05T19:36:45.936817+00:00,77.2304,-0.1638,96.3664,-0.0123,0.75,0.0,1500.0,0.0,6.2997
1781.5,2026-06-05T19:36:46.436792+00:00,77.3275,-0.0623,96.513,0.0214,0.75,0.0,1500.0,0.0,6.2998
1782.0,2026-06-05T19:36:46.936673+00:00,77.2748,-0.0479,96.6257,0.1398,0.75,0.0,1500.0,0.0,6.2999
1782.5,2026-06-05T19:36:47.442446+00:00,77.3617,-0.0368,96.6892,0.1306,0.75,0.0,1500.0,0.0,6.3
1783.0,2026-06-05T19:36:47.937060+00:00,77.3011,0.0354,96.8768,0.2161,0.75,0.0,1500.0,0.0,6.3
1783.5,2026-06-05T19:36:48.436689+00:00,77.2546,-0.0365,96.6739,0.1661,0.75,0.0,1500.0,0.0,6.3
1784.0,2026-06-05T19:36:48.936699+00:00,77.3461,0.0356,96.6337,0.0891,0.75,0.0,1500.0,0.0,6.3
1784.5,2026-06-05T19:36:49.436985+00:00,77.4164,0.0274,96.487,-0.0087,0.75,0.0,1500.0,0.0,6.3
1785.0,2026-06-05T19:36:49.941677+00:00,77.5977,0.1483,96.6983,0.0242,0.75,0.0,1500.0,0.0,6.3
1785.5,2026-06-05T19:36:50.436674+00:00,77.6098,0.1776,96.6524,-0.0123,0.75,0.0,1500.0,0.0,6.3
1786.001229,2026-06-05T19:36:50.938053+00:00,77.7464,0.2002,96.594,-0.0943,0.75,0.0,1500.0,0.0,6.3
1786.5,2026-06-05T19:36:51.436734+00:00,77.7241,0.1538,96.5723,-0.0339,0.75,0.0,1500.0,0.0,6.3
1787.0,2026-06-05T19:36:51.936843+00:00,77.7069,0.0546,96.7869,0.0511,0.75,0.0,1500.0,0.0,6.3
1787.5,2026-06-05T19:36:52.442586+00:00,77.6938,0.042,96.6974,0.0701,0.75,0.0,1500.0,0.0,6.3
1788.0,2026-06-05T19:36:52.936673+00:00,77.6836,-0.0314,96.7674,0.023,0.75,0.0,1500.0,0.0,6.3
1788.5,2026-06-05T19:36:53.436680+00:00,77.5486,-0.0878,96.9369,0.0948,0.75,0.0,1500.0,0.0,6.3
1789.0,2026-06-05T19:36:53.936713+00:00,77.4448,-0.1311,96.8127,0.0729,0.75,0.0,1500.0,0.0,6.3
1789.5,2026-06-05T19:36:54.436691+00:00,77.365,-0.1644,96.856,0.0946,0.75,0.0,1500.0,0.0,6.2488
1790.0,2026-06-05T19:36:54.945477+00:00,77.3037,-0.19,96.6348,-0.0507,0.75,0.0,1500.0,0.0,6.2238
1790.5,2026-06-05T19:36:55.437131+00:00,77.1293,-0.2097,96.3491,-0.1161,0.75,0.0,1500.0,0.0,6.2628
1791.0,2026-06-05T19:36:55.936686+00:00,77.1225,-0.1611,96.4997,-0.0892,0.75,0.0,1500.0,0.0,6.2819
1791.5,2026-06-05T19:36:56.436804+00:00,76.99,-0.1875,96.4998,-0.1457,0.75,0.0,1500.0,0.0,6.2911
1792.0,2026-06-05T19:36:56.936691+00:00,77.1427,-0.0805,96.6155,-0.0657,0.75,0.0,1500.0,0.0,6.2957
1792.5,2026-06-05T19:36:57.442996+00:00,77.1329,0.0018,96.7045,-0.0505,0.75,0.0,1500.0,0.0,6.2467
1793.0,2026-06-05T19:36:57.937040+00:00,77.2525,0.065,96.5415,-0.0311,0.75,0.0,1500.0,0.0,6.274
1793.5,2026-06-05T19:36:58.436701+00:00,76.9627,-0.0137,96.3005,-0.0162,0.75,0.0,1500.0,0.0,6.2873
1794.0,2026-06-05T19:36:58.937048+00:00,76.9945,-0.0741,96.578,0.0261,0.75,0.0,1500.0,0.0,6.2938
1794.5,2026-06-05T19:36:59.436828+00:00,77.0189,-0.057,96.5368,0.0124,0.75,0.0,1500.0,0.0,6.297
1795.0,2026-06-05T19:36:59.941089+00:00,77.2922,0.0198,96.5052,-0.0368,0.75,0.0,1500.0,0.0,6.2985
1795.5,2026-06-05T19:37:00.436749+00:00,77.375,0.2062,96.8511,0.0489,0.75,0.0,1500.0,0.0,6.2993
1796.001074,2026-06-05T19:37:00.937886+00:00,77.4386,0.2221,96.5384,-0.001,0.75,0.0,1500.0,0.0,6.2996
1796.5,2026-06-05T19:37:01.436773+00:00,77.233,0.1071,96.5295,0.0764,0.75,0.0,1500.0,0.0,6.2998
1797.0,2026-06-05T19:37:01.936687+00:00,77.2022,-0.045,96.6153,0.0124,0.75,0.0,1500.0,0.0,6.2999
1797.501042,2026-06-05T19:37:02.445175+00:00,77.1786,-0.0982,96.4729,-0.0213,0.75,0.0,1500.0,0.0,6.3
1798.0,2026-06-05T19:37:02.936717+00:00,77.1604,-0.1391,96.4792,-0.0087,0.75,0.0,1500.0,0.0,6.3
1798.5,2026-06-05T19:37:03.437085+00:00,77.1464,-0.0433,96.7154,-0.0452,0.75,0.0,1500.0,0.0,6.3
1799.0,2026-06-05T19:37:03.936693+00:00,77.1357,-0.0333,96.411,-0.0425,0.75,0.0,1500.0,0.0,6.3
1799.5,2026-06-05T19:37:04.436856+00:00,77.1274,-0.0256,96.4316,-0.0326,0.75,0.0,1500.0,0.0,6.3
