monotonic_offset_s,utc_timestamp,T,T_dot,U,U_dot,V,V_dot,f,f_dot,mem
0.000267,2026-06-05T19:52:04.924425+00:00,46.85,,0.0,,0.8473,,2400.0,,4.3
0.500002,2026-06-05T19:52:05.421149+00:00,47.1045,,16.36,,0.8473,,2400.0,,4.812
1.0,2026-06-05T19:52:05.921144+00:00,47.682,,31.8036,,0.8473,0.0,2400.0,0.0,5.8299
1.5,2026-06-05T19:52:06.421850+00:00,48.2531,,46.6587,,0.8473,0.0,2400.0,0.0,6.3266
2.0,2026-06-05T19:52:06.921221+00:00,48.9466,1.0483,58.1919,,0.8473,0.0,2400.0,0.0,6.6202
2.5,2026-06-05T19:52:07.426247+00:00,49.6069,1.2512,66.9407,,0.8473,0.0,2400.0,0.0,6.7634
3.0,2026-06-05T19:52:07.921090+00:00,50.2416,1.2798,73.665,24.555,0.8473,0.0,2400.0,0.0,6.7822
3.5,2026-06-05T19:52:08.421205+00:00,51.1113,1.4291,78.9491,20.863,0.8473,0.0,2400.0,0.0,6.7913
4.0,2026-06-05T19:52:08.921167+00:00,51.7798,1.4166,82.8946,17.0303,0.8473,0.0,2400.0,0.0,6.7958
4.5,2026-06-05T19:52:09.421204+00:00,52.1662,1.2797,86.0429,13.1281,0.8473,0.0,2400.0,0.0,6.7979
5.0,2026-06-05T19:52:09.926878+00:00,52.336,1.0472,88.4396,10.0825,0.8473,0.0,2400.0,0.0,6.7478
5.509477,2026-06-05T19:52:10.431108+00:00,52.5938,0.7412,90.4436,7.8343,0.8473,0.0,2400.0,0.0,6.8257
6.0,2026-06-05T19:52:10.921769+00:00,52.9192,0.5697,91.4517,5.9289,0.8473,0.0,2400.0,0.0,6.8126
6.5,2026-06-05T19:52:11.421117+00:00,53.1693,0.5015,92.5041,4.5184,0.8473,0.0,2400.0,0.0,6.8061
7.0,2026-06-05T19:52:11.921273+00:00,53.3615,0.5127,93.3131,3.4728,0.8473,0.0,2400.0,0.0,6.803
7.5,2026-06-05T19:52:12.424922+00:00,53.6365,0.5214,93.9348,2.6306,0.8473,0.0,2400.0,0.0,6.8015
8.0,2026-06-05T19:52:12.921630+00:00,53.8479,0.4644,94.4127,1.9911,0.8473,0.0,2400.0,0.0,6.8007
8.5,2026-06-05T19:52:13.421088+00:00,54.0104,0.4205,94.78,1.4455,0.8473,0.0,2400.0,0.0,6.8003
9.0,2026-06-05T19:52:13.921170+00:00,54.3898,0.5141,95.178,1.2421,0.8473,0.0,2400.0,0.0,6.8002
9.5,2026-06-05T19:52:14.421137+00:00,54.5541,0.4588,95.3682,0.9547,0.8473,0.0,2400.0,0.0,6.8001
10.0,2026-06-05T19:52:14.929243+00:00,54.6804,0.4163,95.4219,0.7029,0.8473,0.0,2400.0,0.0,6.8
10.5,2026-06-05T19:52:15.421121+00:00,54.7775,0.3836,95.5556,0.5403,0.8473,0.0,2400.0,0.0,6.7488
11.0,2026-06-05T19:52:15.921235+00:00,54.8521,0.2312,95.6585,0.4152,0.8473,0.0,2400.0,0.0,6.7238
11.5,2026-06-05T19:52:16.421174+00:00,55.0368,0.2413,95.7606,0.3269,0.8473,0.0,2400.0,0.0,6.7116
12.0,2026-06-05T19:52:16.921145+00:00,55.0514,0.1855,95.9317,0.2512,0.8473,0.0,2400.0,0.0,6.7057
12.5,2026-06-05T19:52:17.427765+00:00,55.1899,0.2062,96.1789,0.2702,0.8473,0.0,2400.0,0.0,6.6516
13.0,2026-06-05T19:52:17.922232+00:00,55.4237,0.2858,96.1375,0.2386,0.8473,0.0,2400.0,0.0,6.6252
13.5,2026-06-05T19:52:18.421194+00:00,55.6033,0.2833,96.1983,0.2142,0.8473,0.0,2400.0,0.0,6.6123
14.0,2026-06-05T19:52:18.921694+00:00,55.7414,0.345,96.1524,0.1646,0.8473,0.0,2400.0,0.0,6.606
14.5,2026-06-05T19:52:19.422238+00:00,55.8475,0.3288,96.1171,0.1188,0.8473,0.0,2400.0,0.0,6.6029
15.0,2026-06-05T19:52:19.926154+00:00,55.9291,0.2527,96.1132,0.0605,0.8473,0.0,2400.0,0.0,6.6014
15.5,2026-06-05T19:52:20.421181+00:00,56.119,0.2579,96.087,-0.0306,0.8473,0.0,2400.0,0.0,6.6007
16.0,2026-06-05T19:52:20.922302+00:00,56.3923,0.3255,96.0668,-0.0236,0.8473,0.0,2400.0,0.0,6.6003
16.5,2026-06-05T19:52:21.421604+00:00,56.2205,0.1865,96.0514,-0.049,0.8473,0.0,2400.0,0.0,6.549
17.0,2026-06-05T19:52:21.921510+00:00,56.3431,0.207,96.0395,-0.0376,0.8473,0.0,2400.0,0.0,6.5239
17.5,2026-06-05T19:52:22.426286+00:00,56.5645,0.2227,96.0304,-0.0289,0.8473,0.0,2400.0,0.0,6.5117
18.0,2026-06-05T19:52:22.921400+00:00,56.6074,0.1076,96.0233,-0.0299,0.8473,0.0,2400.0,0.0,6.5057
18.5,2026-06-05T19:52:23.421965+00:00,56.6404,0.2099,96.1336,0.0156,0.8473,0.0,2400.0,0.0,6.5028
19.001523,2026-06-05T19:52:23.922630+00:00,56.9203,0.2886,96.1258,0.0197,0.8473,0.0,2400.0,0.0,6.5014
19.5,2026-06-05T19:52:24.421095+00:00,57.0082,0.2218,96.0736,0.0074,0.8473,0.0,2400.0,0.0,6.4495
20.0,2026-06-05T19:52:24.924984+00:00,56.9484,0.1705,96.288,0.0828,0.8473,0.0,2400.0,0.0,6.4241
20.5,2026-06-05T19:52:25.421764+00:00,56.7752,0.0674,96.2213,0.0637,0.8473,0.0,2400.0,0.0,6.4118
21.0,2026-06-05T19:52:25.922288+00:00,56.8967,-0.0118,96.1701,0.0489,0.8473,0.0,2400.0,0.0,6.4057
21.5,2026-06-05T19:52:26.421884+00:00,57.1173,0.0546,96.2464,0.0376,0.8473,0.0,2400.0,0.0,6.4028
22.0,2026-06-05T19:52:26.921495+00:00,57.2868,0.1692,96.1894,0.0212,0.8473,0.0,2400.0,0.0,6.4014
22.5,2026-06-05T19:52:27.425747+00:00,57.1626,0.1937,96.2613,0.0626,0.8473,0.0,2400.0,0.0,6.4007
23.0,2026-06-05T19:52:27.921191+00:00,57.3217,0.2125,96.3165,0.0095,0.8473,0.0,2400.0,0.0,6.4003
23.5,2026-06-05T19:52:28.421094+00:00,57.4439,0.1633,96.4747,0.0845,0.8473,0.0,2400.0,0.0,6.4002
24.000773,2026-06-05T19:52:28.922109+00:00,57.2833,-0.0017,96.4805,0.1035,0.8473,0.0,2400.0,0.0,6.4001
24.5,2026-06-05T19:52:29.421405+00:00,57.669,0.2532,96.485,0.0795,0.8473,0.0,2400.0,0.0,6.4
25.0,2026-06-05T19:52:29.925221+00:00,57.8382,0.2582,96.4885,0.0997,0.8473,0.0,2400.0,0.0,6.4
25.5,2026-06-05T19:52:30.423355+00:00,58.0954,0.3258,96.4912,0.0766,0.8473,0.0,2400.0,0.0,6.4
26.0,2026-06-05T19:52:30.921136+00:00,58.1659,0.4413,96.3775,0.0203,0.8473,0.0,2400.0,0.0,6.4
26.5,2026-06-05T19:52:31.421652+00:00,58.2201,0.2755,96.4059,-0.0229,0.8473,0.0,2400.0,0.0,6.4
27.0,2026-06-05T19:52:31.921914+00:00,58.2617,0.2118,96.4045,-0.0253,0.8473,0.0,2400.0,0.0,6.4
27.5,2026-06-05T19:52:32.426626+00:00,58.421,0.1628,96.3109,-0.058,0.8473,0.0,2400.0,0.0,6.3488
28.0,2026-06-05T19:52:32.921080+00:00,58.5434,0.1887,96.4704,-0.006,0.8473,0.0,2400.0,0.0,6.375
28.5,2026-06-05T19:52:33.421430+00:00,58.6375,0.2087,96.5929,0.0339,0.8473,0.0,2400.0,0.0,6.3878
29.0,2026-06-05T19:52:33.921105+00:00,58.8371,0.2877,96.4557,0.0261,0.8473,0.0,2400.0,0.0,6.394
29.5,2026-06-05T19:52:34.421141+00:00,58.7359,0.1575,96.466,0.02,0.8473,0.0,2400.0,0.0,6.3971
30.0,2026-06-05T19:52:34.926532+00:00,58.9127,0.1847,96.4738,0.0231,0.8473,0.0,2400.0,0.0,6.3986
30.5,2026-06-05T19:52:35.421166+00:00,58.9214,0.1419,96.5956,0.0949,0.8473,0.0,2400.0,0.0,6.3993
31.0,2026-06-05T19:52:35.921122+00:00,59.0553,0.1091,96.4578,-0.0042,0.8473,0.0,2400.0,0.0,6.3997
31.5,2026-06-05T19:52:36.421235+00:00,59.0309,0.1475,96.5832,-0.0032,0.8473,0.0,2400.0,0.0,6.3998
32.0,2026-06-05T19:52:36.921931+00:00,59.1395,0.1134,96.4251,-0.0102,0.8473,0.0,2400.0,0.0,6.3999
32.5,2026-06-05T19:52:37.426267+00:00,59.0956,0.0871,96.4425,-0.0078,0.8473,0.0,2400.0,0.0,6.3488
33.0,2026-06-05T19:52:37.921934+00:00,59.0619,0.0033,96.4558,-0.006,0.8473,0.0,2400.0,0.0,6.375
33.5,2026-06-05T19:52:38.421682+00:00,59.1633,0.0662,96.3735,-0.074,0.8473,0.0,2400.0,0.0,6.3366
34.0,2026-06-05T19:52:38.923328+00:00,59.2412,0.0509,96.1713,-0.0955,0.8473,0.0,2400.0,0.0,6.3179
34.5,2026-06-05T19:52:39.422553+00:00,59.3011,0.1027,96.2474,-0.112,0.8473,0.0,2400.0,0.0,6.3087
35.0,2026-06-05T19:52:39.930600+00:00,59.4744,0.2062,96.4215,-0.0012,0.8473,0.0,2400.0,0.0,6.3043
35.5,2026-06-05T19:52:40.421654+00:00,59.7349,0.2858,96.4397,-0.0009,0.8473,0.0,2400.0,0.0,6.3021
36.0,2026-06-05T19:52:40.921170+00:00,59.8078,0.2833,96.4537,-0.0007,0.8473,0.0,2400.0,0.0,6.301
36.5,2026-06-05T19:52:41.421269+00:00,59.6093,0.1541,96.233,-0.0468,0.8473,0.0,2400.0,0.0,6.3005
37.0,2026-06-05T19:52:41.921835+00:00,59.8385,0.1821,96.2948,0.0411,0.8473,0.0,2400.0,0.0,6.249
37.5,2026-06-05T19:52:42.430306+00:00,59.8875,0.0763,96.2266,-0.0069,0.8473,0.0,2400.0,0.0,6.2239
38.0,2026-06-05T19:52:42.922430+00:00,60.0524,0.1223,96.2898,-0.0439,0.8473,0.0,2400.0,0.0,6.2629
38.5,2026-06-05T19:52:43.421124+00:00,60.0518,0.2213,96.2228,-0.0723,0.8473,0.0,2400.0,0.0,6.2307
39.0,2026-06-05T19:52:43.921433+00:00,60.1787,0.1701,96.2869,-0.0556,0.8473,0.0,2400.0,0.0,6.215
39.5,2026-06-05T19:52:44.421144+00:00,60.2762,0.1943,96.1974,-0.0119,0.8473,0.0,2400.0,0.0,6.2073
40.0,2026-06-05T19:52:44.925582+00:00,60.3511,0.1494,96.2674,-0.0091,0.8473,0.0,2400.0,0.0,6.2036
40.5,2026-06-05T19:52:45.421562+00:00,60.1542,0.0512,96.3212,0.0316,0.8473,0.0,2400.0,0.0,6.2529
41.0,2026-06-05T19:52:45.921122+00:00,60.3846,0.103,96.2469,-0.0143,0.8473,0.0,2400.0,0.0,6.277
41.5,2026-06-05T19:52:46.421420+00:00,60.5617,0.1428,96.3055,0.0276,0.8473,0.0,2400.0,0.0,6.2888
42.0,2026-06-05T19:52:46.921747+00:00,60.4433,0.0461,96.2348,-0.0174,0.8473,0.0,2400.0,0.0,6.2945
42.5,2026-06-05T19:52:47.429787+00:00,60.6068,0.2263,96.273,0.0252,0.8473,0.0,2400.0,0.0,6.2973
43.0,2026-06-05T19:52:47.921104+00:00,60.7325,0.174,96.2098,-0.0192,0.8473,0.0,2400.0,0.0,6.3499
43.5,2026-06-05T19:52:48.421089+00:00,60.8291,0.1337,96.1613,-0.0533,0.8473,0.0,2400.0,0.0,6.3756
44.0,2026-06-05T19:52:48.921122+00:00,60.9034,0.23,96.2397,-0.0024,0.8473,0.0,2400.0,0.0,6.3881
44.5,2026-06-05T19:52:49.421165+00:00,60.9604,0.1768,96.1842,-0.0404,0.8473,0.0,2400.0,0.0,6.3942
45.0,2026-06-05T19:52:49.937504+00:00,61.0043,0.1359,96.1416,-0.0311,0.8473,0.0,2400.0,0.0,6.3972
45.5,2026-06-05T19:52:50.421267+00:00,61.1653,0.1681,96.1088,-0.0547,0.8473,0.0,2400.0,0.0,6.3474
46.0,2026-06-05T19:52:50.921177+00:00,61.0345,0.0656,96.0836,-0.0421,0.8473,0.0,2400.0,0.0,6.3231
46.5,2026-06-05T19:52:51.421254+00:00,61.1885,0.114,95.9486,-0.0709,0.8473,0.0,2400.0,0.0,6.3113
47.0,2026-06-05T19:52:51.921157+00:00,61.0523,0.024,95.9373,-0.1008,0.8473,0.0,2400.0,0.0,6.3055
47.5,2026-06-05T19:52:52.428179+00:00,61.0749,-0.0452,96.0907,-0.0312,0.8473,0.0,2400.0,0.0,6.3027
48.0,2026-06-05T19:52:52.921963+00:00,60.965,-0.0347,96.1854,0.0146,0.8473,0.0,2400.0,0.0,6.3013
48.5,2026-06-05T19:52:53.421147+00:00,61.1351,-0.0267,96.0268,-0.0273,0.8473,0.0,2400.0,0.0,6.3006
49.0,2026-06-05T19:52:53.921336+00:00,61.1385,0.0431,96.0206,-0.021,0.8473,0.0,2400.0,0.0,6.3003
49.5,2026-06-05T19:52:54.421264+00:00,61.2685,0.0968,96.039,0.0301,0.8473,0.0,2400.0,0.0,6.3002
50.0,2026-06-05T19:52:54.930792+00:00,61.4956,0.2653,96.03,0.0309,0.8473,0.0,2400.0,0.0,6.3001
50.5,2026-06-05T19:52:55.421150+00:00,61.4156,0.1403,96.023,-0.0226,0.8473,0.0,2400.0,0.0,6.3512
51.0,2026-06-05T19:52:55.921465+00:00,61.3542,0.1078,96.0177,-0.0559,0.8473,0.0,2400.0,0.0,6.3762
51.5,2026-06-05T19:52:56.421888+00:00,61.5615,0.1465,96.0367,0.0033,0.8473,0.0,2400.0,0.0,6.3884
52.0,2026-06-05T19:52:56.921230+00:00,61.7208,0.1126,96.0282,0.0025,0.8473,0.0,2400.0,0.0,6.3431
52.5,2026-06-05T19:52:57.424939+00:00,61.4614,0.0229,96.0217,-0.0058,0.8473,0.0,2400.0,0.0,6.321
53.0,2026-06-05T19:52:57.921429+00:00,61.6439,0.1449,96.1324,0.0341,0.8473,0.0,2400.0,0.0,6.3615
53.500001,2026-06-05T19:52:58.421751+00:00,61.7842,0.1114,96.1017,0.0262,0.8473,0.0,2400.0,0.0,6.3812
54.0,2026-06-05T19:52:58.921147+00:00,61.892,0.0856,96.0782,0.0202,0.8473,0.0,2400.0,0.0,6.3908
54.5,2026-06-05T19:52:59.421596+00:00,61.9748,0.2567,96.1758,0.0464,0.8473,0.0,2400.0,0.0,6.3955
55.0,2026-06-05T19:52:59.925467+00:00,62.1658,0.2609,96.0194,-0.0029,0.8473,0.0,2400.0,0.0,6.3978
55.5,2026-06-05T19:53:00.421901+00:00,62.1852,0.2005,96.0149,-0.0023,0.8473,0.0,2400.0,0.0,6.3989
56.0,2026-06-05T19:53:00.921112+00:00,62.2002,0.1541,95.9189,-0.0712,0.8473,0.0,2400.0,0.0,6.3483
56.5,2026-06-05T19:53:01.422239+00:00,62.2117,0.1185,95.9608,-0.047,0.8473,0.0,2400.0,0.0,6.3236
57.0,2026-06-05T19:53:01.922012+00:00,62.2206,0.0274,95.9699,-0.0361,0.8473,0.0,2400.0,0.0,6.3115
57.5,2026-06-05T19:53:02.428804+00:00,62.2274,0.0211,95.8612,-0.1049,0.8473,0.0,2400.0,0.0,6.3568
58.0,2026-06-05T19:53:02.921195+00:00,62.3599,0.0798,96.009,-0.0035,0.8473,0.0,2400.0,0.0,6.3789
58.5,2026-06-05T19:53:03.421812+00:00,62.4617,0.125,96.0069,-0.0027,0.8473,0.0,2400.0,0.0,6.3897
59.0,2026-06-05T19:53:03.921225+00:00,62.7946,0.287,96.0053,0.0288,0.8473,0.0,2400.0,0.0,6.395
59.5,2026-06-05T19:53:04.425389+00:00,62.9231,0.3478,96.0041,0.0144,0.8473,0.0,2400.0,0.0,6.3976
60.0,2026-06-05T19:53:04.924837+00:00,63.0219,0.331,96.0031,0.0111,0.8473,0.0,2400.0,0.0,6.3988
60.5,2026-06-05T19:53:05.421259+00:00,63.2251,0.3817,95.9793,0.0394,0.8473,0.0,2400.0,0.0,6.3994
61.0,2026-06-05T19:53:05.922805+00:00,63.254,0.2297,95.9841,-0.0083,0.8473,0.0,2400.0,0.0,6.3997
61.5,2026-06-05T19:53:06.421358+00:00,63.2762,0.1766,95.9878,-0.0064,0.8473,0.0,2400.0,0.0,6.3487
62.0,2026-06-05T19:53:06.921175+00:00,63.2933,0.1357,95.8749,-0.0435,0.8473,0.0,2400.0,0.0,6.3749
62.5,2026-06-05T19:53:07.427294+00:00,63.1791,-0.023,96.0195,0.0052,0.8473,0.0,2400.0,0.0,6.3878
63.0,2026-06-05T19:53:07.923274+00:00,63.0914,-0.0813,96.0382,0.0117,0.8473,0.0,2400.0,0.0,6.394
63.5,2026-06-05T19:53:08.421121+00:00,63.2785,0.0012,96.0293,0.0167,0.8473,0.0,2400.0,0.0,6.3971
64.0,2026-06-05T19:53:08.921571+00:00,63.4223,0.0645,96.0225,0.0128,0.8473,0.0,2400.0,0.0,6.3986
64.5,2026-06-05T19:53:09.421631+00:00,63.4056,0.1132,96.0173,0.0099,0.8473,0.0,2400.0,0.0,6.3993
65.0,2026-06-05T19:53:09.927090+00:00,63.52,0.2143,96.0133,0.0461,0.8473,0.0,2400.0,0.0,6.3997
65.5,2026-06-05T19:53:10.422162+00:00,63.6079,0.1647,96.0102,-0.0031,0.8473,0.0,2400.0,0.0,6.3998
66.0,2026-06-05T19:53:10.921145+00:00,63.5482,0.063,96.031,-0.0024,0.8473,0.0,2400.0,0.0,6.3999
66.5,2026-06-05T19:53:11.421871+00:00,63.5024,0.0484,96.0238,-0.0018,0.8473,0.0,2400.0,0.0,6.4
67.0,2026-06-05T19:53:11.921765+00:00,63.5944,0.0372,95.9026,-0.04,0.8473,0.0,2400.0,0.0,6.3488
67.5,2026-06-05T19:53:12.427570+00:00,63.6651,0.0286,95.9252,-0.0307,0.8473,0.0,2400.0,0.0,6.3238
68.0,2026-06-05T19:53:12.921167+00:00,63.5922,0.022,95.9425,-0.0236,0.8473,0.0,2400.0,0.0,6.3628
68.5,2026-06-05T19:53:13.421279+00:00,63.7907,0.1442,96.0483,0.0127,0.8473,0.0,2400.0,0.0,6.3307
69.0,2026-06-05T19:53:13.922514+00:00,63.816,0.1108,95.8983,-0.0442,0.8473,0.0,2400.0,0.0,6.315
69.5,2026-06-05T19:53:14.422349+00:00,63.8354,0.0852,95.8061,-0.0726,0.8473,0.0,2400.0,0.0,6.3073
70.0,2026-06-05T19:53:14.927884+00:00,63.9776,0.1927,95.9667,0.0214,0.8473,0.0,2400.0,0.0,6.3036
70.5,2026-06-05T19:53:15.421785+00:00,64.2142,0.2118,95.9744,0.0164,0.8473,0.0,2400.0,0.0,6.3017
71.0,2026-06-05T19:53:15.921322+00:00,64.396,0.29,95.7258,-0.0722,0.8473,0.0,2400.0,0.0,6.3008
71.5,2026-06-05T19:53:16.421312+00:00,64.2813,0.2229,95.7892,-0.0864,0.8473,0.0,2400.0,0.0,6.3004
72.0,2026-06-05T19:53:16.922494+00:00,64.3203,0.1713,95.838,-0.0201,0.8473,0.0,2400.0,0.0,6.3002
72.5,2026-06-05T19:53:17.526537+00:00,64.3503,0.0681,95.8755,0.0231,0.8473,0.0,2400.0,0.0,6.3001
73.0,2026-06-05T19:53:17.921157+00:00,64.5007,0.0523,95.6729,-0.0979,0.8473,0.0,2400.0,0.0,6.3
73.5,2026-06-05T19:53:18.421131+00:00,64.6162,0.1675,95.656,-0.1061,0.8473,0.0,2400.0,0.0,6.3
74.0,2026-06-05T19:53:18.921772+00:00,64.5777,0.1287,95.6431,-0.0276,0.8473,0.0,2400.0,0.0,6.3
74.5,2026-06-05T19:53:19.421288+00:00,64.5482,0.0989,95.8414,0.0174,0.8473,0.0,2400.0,0.0,6.3
75.0,2026-06-05T19:53:19.926420+00:00,64.3982,-0.0512,95.6235,-0.0715,0.8473,0.0,2400.0,0.0,6.3
75.5,2026-06-05T19:53:20.421482+00:00,64.5375,-0.0394,95.7106,-0.0549,0.8473,0.0,2400.0,0.0,6.3
76.0,2026-06-05T19:53:20.921295+00:00,64.6445,0.0334,95.8702,0.0658,0.8473,0.0,2400.0,0.0,6.3
76.5,2026-06-05T19:53:21.421622+00:00,64.854,0.1529,95.7382,0.0274,0.8473,0.0,2400.0,0.0,6.3
77.0,2026-06-05T19:53:21.921133+00:00,64.8878,0.2448,95.7988,0.0519,0.8473,0.0,2400.0,0.0,6.3
77.5,2026-06-05T19:53:22.425666+00:00,65.041,0.2518,95.8454,0.0013,0.8473,0.0,2400.0,0.0,6.3
78.0,2026-06-05T19:53:22.921281+00:00,65.0315,0.1935,95.8811,0.0859,0.8473,0.0,2400.0,0.0,6.3
78.5,2026-06-05T19:53:23.421215+00:00,65.1515,0.1487,95.9086,0.066,0.8473,0.0,2400.0,0.0,6.3
79.0,2026-06-05T19:53:23.921177+00:00,64.9892,0.0507,95.7909,-0.0264,0.8473,0.0,2400.0,0.0,6.3
79.5,2026-06-05T19:53:24.422997+00:00,65.119,0.039,95.8393,0.0337,0.8473,0.0,2400.0,0.0,6.3
80.0,2026-06-05T19:53:24.926364+00:00,65.2187,0.0936,95.8765,0.0259,0.8473,0.0,2400.0,0.0,6.3
80.5,2026-06-05T19:53:25.421206+00:00,65.2954,0.0719,95.8125,-0.0109,0.8473,0.0,2400.0,0.0,6.3
81.0,2026-06-05T19:53:25.921105+00:00,65.3543,0.1826,95.8559,-0.0084,0.8473,0.0,2400.0,0.0,6.3
81.5,2026-06-05T19:53:26.421115+00:00,65.3996,0.1403,96.0049,0.0321,0.8473,0.0,2400.0,0.0,6.3
82.0,2026-06-05T19:53:26.921174+00:00,65.3071,0.0442,96.0269,0.0787,0.8473,0.0,2400.0,0.0,6.3
82.5,2026-06-05T19:53:27.427079+00:00,65.6179,0.1612,95.8587,0.0065,0.8473,0.0,2400.0,0.0,6.3
83.0,2026-06-05T19:53:27.921199+00:00,65.7294,0.1876,96.0071,0.0435,0.8473,0.0,2400.0,0.0,6.3512
83.5,2026-06-05T19:53:28.422706+00:00,65.8152,0.2078,96.0055,0.0643,0.8473,0.0,2400.0,0.0,6.3762
84.0,2026-06-05T19:53:28.921131+00:00,65.8811,0.287,95.8885,0.0109,0.8473,0.0,2400.0,0.0,6.3884
84.5,2026-06-05T19:53:29.421233+00:00,65.9317,0.1569,95.9143,-0.0302,0.8473,0.0,2400.0,0.0,6.3431
85.0,2026-06-05T19:53:29.927487+00:00,66.0979,0.1843,96.0498,0.0076,0.8473,0.0,2400.0,0.0,6.321
85.5,2026-06-05T19:53:30.421116+00:00,66.2257,0.2053,95.8763,0.0059,0.8473,0.0,2400.0,0.0,6.3103
86.0,2026-06-05T19:53:30.921157+00:00,66.3239,0.2214,95.8124,-0.0649,0.8473,0.0,2400.0,0.0,6.305
86.5,2026-06-05T19:53:31.421183+00:00,66.3993,0.2338,95.8558,-0.0499,0.8473,0.0,2400.0,0.0,6.3024
87.0,2026-06-05T19:53:31.921148+00:00,66.4573,0.1797,95.8892,0.0002,0.8473,0.0,2400.0,0.0,6.3012
87.5,2026-06-05T19:53:32.427837+00:00,66.3747,0.0745,95.9148,0.0002,0.8473,0.0,2400.0,0.0,6.3006
88.0,2026-06-05T19:53:32.921102+00:00,66.3111,-0.0064,95.9345,-0.0384,0.8473,0.0,2400.0,0.0,6.3003
88.5,2026-06-05T19:53:33.421110+00:00,66.5168,0.0587,96.0654,0.063,0.8473,0.0,2400.0,0.0,6.3001
89.0,2026-06-05T19:53:33.921551+00:00,66.4203,-0.0185,96.0502,0.0793,0.8473,0.0,2400.0,0.0,6.3001
89.5,2026-06-05T19:53:34.421113+00:00,66.6008,0.1131,95.9229,0.0224,0.8473,0.0,2400.0,0.0,6.3
90.0,2026-06-05T19:53:34.925409+00:00,66.4849,0.0869,96.0565,0.0558,0.8473,0.0,2400.0,0.0,6.3
90.5,2026-06-05T19:53:35.421362+00:00,66.5231,0.0031,96.0434,0.0429,0.8473,0.0,2400.0,0.0,6.2488
91.0,2026-06-05T19:53:35.921734+00:00,66.5525,0.0661,96.0102,0.0252,0.8473,0.0,2400.0,0.0,6.275
91.500117,2026-06-05T19:53:36.421608+00:00,66.575,-0.0129,95.8921,-0.0577,0.8473,0.0,2400.0,0.0,6.2878
92.0,2026-06-05T19:53:36.921808+00:00,66.7196,0.1174,96.0328,-0.0058,0.8473,0.0,2400.0,0.0,6.2941
92.5,2026-06-05T19:53:37.425754+00:00,66.5763,0.0266,96.0252,0.0341,0.8473,0.0,2400.0,0.0,6.2971
93.000295,2026-06-05T19:53:37.921672+00:00,66.5933,0.0204,96.1351,0.0262,0.8473,0.0,2400.0,0.0,6.3498
93.5,2026-06-05T19:53:38.421372+00:00,66.4792,-0.0479,96.2195,0.0587,0.8473,0.0,2400.0,0.0,6.3243
94.0,2026-06-05T19:53:38.921617+00:00,66.7732,0.0268,96.1456,0.0451,0.8473,0.0,2400.0,0.0,6.3119
94.5,2026-06-05T19:53:39.421270+00:00,66.7447,0.0842,96.0888,0.0655,0.8473,0.0,2400.0,0.0,6.3058
95.0,2026-06-05T19:53:39.925523+00:00,66.8501,0.1284,95.8137,-0.073,0.8473,0.0,2400.0,0.0,6.3028
95.5,2026-06-05T19:53:40.421457+00:00,67.0583,0.2896,95.8799,-0.0484,0.8473,0.0,2400.0,0.0,6.3526
96.0,2026-06-05T19:53:40.922584+00:00,67.0911,0.1589,95.9077,-0.0758,0.8473,0.0,2400.0,0.0,6.3769
96.5,2026-06-05T19:53:41.421686+00:00,67.2436,0.2494,96.0448,-0.0583,0.8473,0.0,2400.0,0.0,6.3887
97.0,2026-06-05T19:53:41.921113+00:00,67.2335,0.1917,95.8262,-0.1065,0.8473,0.0,2400.0,0.0,6.3945
97.5,2026-06-05T19:53:42.425941+00:00,67.2257,0.0837,95.8664,-0.0741,0.8473,0.0,2400.0,0.0,6.3461
98.0,2026-06-05T19:53:42.922599+00:00,67.3471,0.128,95.7585,-0.0184,0.8473,0.0,2400.0,0.0,6.3737
98.5,2026-06-05T19:53:43.426732+00:00,67.313,0.0347,95.8144,-0.0219,0.8473,0.0,2400.0,0.0,6.3872
99.0,2026-06-05T19:53:43.921136+00:00,67.1596,-0.0369,95.8573,-0.0168,0.8473,0.0,2400.0,0.0,6.3937
99.5,2026-06-05T19:53:44.421332+00:00,67.0417,-0.092,95.8903,-0.0515,0.8473,0.0,2400.0,0.0,6.3969
100.0,2026-06-05T19:53:44.924935+00:00,67.0783,-0.1344,95.8926,0.0221,0.8473,0.0,2400.0,0.0,6.3985
100.5,2026-06-05T19:53:45.423177+00:00,67.361,0.024,95.8017,-0.0216,0.8473,0.0,2400.0,0.0,6.3481
101.0,2026-06-05T19:53:45.921131+00:00,67.451,0.1457,95.7319,-0.0089,0.8473,0.0,2400.0,0.0,6.3235
101.5,2026-06-05T19:53:46.421395+00:00,67.7747,0.3665,95.6782,-0.0454,0.8473,0.0,2400.0,0.0,6.3114
102.0,2026-06-05T19:53:46.921189+00:00,67.769,0.3454,95.7527,-0.0349,0.8473,0.0,2400.0,0.0,6.3056
102.500345,2026-06-05T19:53:47.429594+00:00,67.8919,0.2654,95.6479,-0.0808,0.8473,0.0,2400.0,0.0,6.3027
103.0,2026-06-05T19:53:47.921107+00:00,67.8591,0.204,95.5674,-0.1084,0.8473,0.0,2400.0,0.0,6.3525
103.5,2026-06-05T19:53:48.421105+00:00,67.8338,0.0295,95.5518,-0.0833,0.8473,0.0,2400.0,0.0,6.3256
104.0,2026-06-05T19:53:48.921208+00:00,67.9417,0.0863,95.6555,-0.0255,0.8473,0.0,2400.0,0.0,6.3125
104.5,2026-06-05T19:53:49.421178+00:00,68.0246,0.0664,95.7352,0.019,0.8473,0.0,2400.0,0.0,6.3061
105.0,2026-06-05T19:53:49.926455+00:00,67.9611,0.051,95.6808,-0.024,0.8473,0.0,2400.0,0.0,6.303
105.5,2026-06-05T19:53:50.421135+00:00,67.9122,0.0392,95.7315,0.0279,0.8473,0.0,2400.0,0.0,6.3015
106.0,2026-06-05T19:53:50.921722+00:00,68.1292,0.0938,95.9094,0.114,0.8473,0.0,2400.0,0.0,6.3007
106.5,2026-06-05T19:53:51.421246+00:00,68.296,0.1357,95.9072,0.1185,0.8473,0.0,2400.0,0.0,6.3003
107.0,2026-06-05T19:53:51.921131+00:00,68.2969,0.1679,95.8361,0.0602,0.8473,0.0,2400.0,0.0,6.3002
107.5,2026-06-05T19:53:52.427106+00:00,68.2976,0.1927,95.874,0.0463,0.8473,0.0,2400.0,0.0,6.3001
108.0,2026-06-05T19:53:52.921771+00:00,68.2982,0.0845,95.8106,0.0433,0.8473,0.0,2400.0,0.0,6.3512
108.5,2026-06-05T19:53:53.421145+00:00,68.5531,0.1286,95.8544,0.041,0.8473,0.0,2400.0,0.0,6.325
109.0,2026-06-05T19:53:53.921124+00:00,68.4946,0.0988,95.8881,-0.0071,0.8473,0.0,2400.0,0.0,6.3122
109.5,2026-06-05T19:53:54.421470+00:00,68.4495,0.076,96.0297,0.0408,0.8473,0.0,2400.0,0.0,6.3572
110.0,2026-06-05T19:53:55.026167+00:00,68.5422,0.122,96.0228,0.0622,0.8473,0.0,2400.0,0.0,6.3791
110.5,2026-06-05T19:53:55.421177+00:00,68.868,0.1574,96.1101,0.0787,0.8473,0.0,2400.0,0.0,6.3898
111.0,2026-06-05T19:53:55.921342+00:00,68.8638,0.1846,96.2003,0.1299,0.8473,0.0,2400.0,0.0,6.395
111.5,2026-06-05T19:53:56.421728+00:00,68.9879,0.2692,96.154,0.0998,0.8473,0.0,2400.0,0.0,6.3976
112.0,2026-06-05T19:53:56.921133+00:00,69.0833,0.2705,96.2109,0.1076,0.8473,0.0,2400.0,0.0,6.3988
112.5,2026-06-05T19:53:57.425330+00:00,69.0293,0.0807,96.1621,0.0441,0.8473,0.0,2400.0,0.0,6.3482
113.0,2026-06-05T19:53:57.921120+00:00,69.2423,0.1893,96.2403,0.0725,0.8473,0.0,2400.0,0.0,6.3747
113.5,2026-06-05T19:53:58.421427+00:00,69.1515,0.0818,96.1847,0.0249,0.8473,0.0,2400.0,0.0,6.3877
114.0,2026-06-05T19:53:58.921346+00:00,69.209,0.0629,96.0494,-0.0503,0.8473,0.0,2400.0,0.0,6.394
114.5,2026-06-05T19:53:59.421127+00:00,69.2532,0.112,96.038,-0.0387,0.8473,0.0,2400.0,0.0,6.3971
115.0,2026-06-05T19:53:59.925738+00:00,69.2872,0.0224,95.7978,-0.1377,0.8473,0.0,2400.0,0.0,6.3474
115.5,2026-06-05T19:54:00.421489+00:00,69.186,0.0172,95.8214,-0.1136,0.8473,0.0,2400.0,0.0,6.3231
116.0,2026-06-05T19:54:00.921143+00:00,69.2355,0.0132,95.7471,-0.1644,0.8473,0.0,2400.0,0.0,6.3113
116.5,2026-06-05T19:54:01.421264+00:00,69.1463,-0.0535,95.6667,-0.1726,0.8473,0.0,2400.0,0.0,6.3055
117.0,2026-06-05T19:54:01.922553+00:00,68.9505,-0.1684,95.7439,-0.1018,0.8473,0.0,2400.0,0.0,6.3027
117.5,2026-06-05T19:54:02.427796+00:00,69.1818,-0.0021,95.6874,-0.1168,0.8473,0.0,2400.0,0.0,6.3013
118.0,2026-06-05T19:54:02.922312+00:00,69.2323,-0.0016,95.7598,-0.0127,0.8473,0.0,2400.0,0.0,6.3006
118.5,2026-06-05T19:54:03.421143+00:00,69.2711,0.0624,95.8154,-0.002,0.8473,0.0,2400.0,0.0,6.3003
119.0,2026-06-05T19:54:03.921416+00:00,69.4282,0.2388,95.6267,-0.0401,0.8473,0.0,2400.0,0.0,6.3002
119.5,2026-06-05T19:54:04.421135+00:00,69.2944,0.0563,95.5974,-0.0231,0.8473,0.0,2400.0,0.0,6.3001
120.0,2026-06-05T19:54:04.925393+00:00,69.3188,0.0433,95.6905,-0.0178,0.8473,0.0,2400.0,0.0,6.3
120.5,2026-06-05T19:54:05.421364+00:00,69.5922,0.1605,95.7621,0.0249,0.8473,0.0,2400.0,0.0,6.3
121.0,2026-06-05T19:54:05.921250+00:00,69.5477,0.0598,95.7015,-0.0194,0.8473,0.0,2400.0,0.0,6.3
121.5,2026-06-05T19:54:06.421105+00:00,69.5135,0.1096,95.6549,-0.0535,0.8473,0.0,2400.0,0.0,6.3
122.0,2026-06-05T19:54:06.921139+00:00,69.4872,0.0842,95.7347,0.036,0.8473,0.0,2400.0,0.0,6.3512
122.5,2026-06-05T19:54:07.427139+00:00,69.2125,-0.1898,95.9118,0.1048,0.8473,0.0,2400.0,0.0,6.3762
123.0,2026-06-05T19:54:07.921188+00:00,69.2559,-0.1459,95.8165,0.042,0.8473,0.0,2400.0,0.0,6.3884
123.5,2026-06-05T19:54:08.421645+00:00,69.4165,-0.0485,95.859,0.0323,0.8473,0.0,2400.0,0.0,6.3431
124.000913,2026-06-05T19:54:08.923051+00:00,69.54,0.0264,95.7759,0.0248,0.8473,0.0,2400.0,0.0,6.321
124.5,2026-06-05T19:54:09.421134+00:00,69.5076,0.1475,95.8278,0.0576,0.8473,0.0,2400.0,0.0,6.3103
125.0,2026-06-05T19:54:09.925736+00:00,69.7372,0.2407,95.8676,0.0443,0.8473,0.0,2400.0,0.0,6.305
125.5,2026-06-05T19:54:10.422307+00:00,69.6592,0.1213,96.014,0.034,0.8473,0.0,2400.0,0.0,6.3024
126.0,2026-06-05T19:54:10.921426+00:00,69.8538,0.1569,96.0107,0.0647,0.8473,0.0,2400.0,0.0,6.3012
126.5,2026-06-05T19:54:11.421186+00:00,70.0033,0.2479,96.0082,0.0498,0.8473,0.0,2400.0,0.0,6.3006
127.000184,2026-06-05T19:54:11.922699+00:00,70.2455,0.2541,96.0063,0.0768,0.8473,0.0,2400.0,0.0,6.3003
127.5,2026-06-05T19:54:12.428210+00:00,70.1771,0.259,95.9123,0.0282,0.8473,0.0,2400.0,0.0,6.3001
128.0,2026-06-05T19:54:12.921674+00:00,70.2518,0.199,95.9326,0.0217,0.8473,0.0,2400.0,0.0,6.3001
128.5,2026-06-05T19:54:13.421724+00:00,69.9275,-0.0379,95.9251,-0.0296,0.8473,0.0,2400.0,0.0,6.3512
129.0,2026-06-05T19:54:13.922247+00:00,69.9327,-0.1564,95.9424,-0.0228,0.8473,0.0,2400.0,0.0,6.3762
129.5,2026-06-05T19:54:14.422581+00:00,69.9367,-0.1202,95.9557,-0.0175,0.8473,0.0,2400.0,0.0,6.3884
130.0,2026-06-05T19:54:14.930648+00:00,70.1943,-0.0288,95.966,-0.0135,0.8473,0.0,2400.0,0.0,6.3943
130.5,2026-06-05T19:54:15.421137+00:00,70.3923,0.2324,95.9738,0.0205,0.8473,0.0,2400.0,0.0,6.3972
131.0,2026-06-05T19:54:15.921193+00:00,70.5445,0.3059,95.9799,0.0158,0.8473,0.0,2400.0,0.0,6.3987
131.5,2026-06-05T19:54:16.421414+00:00,70.5342,0.2988,95.9845,0.0198,0.8473,0.0,2400.0,0.0,6.3993
132.0,2026-06-05T19:54:16.921241+00:00,70.7808,0.2933,95.9881,0.0152,0.8473,0.0,2400.0,0.0,6.3997
132.5,2026-06-05T19:54:17.427385+00:00,70.5886,0.0981,96.1066,0.0503,0.8473,0.0,2400.0,0.0,6.3486
133.0,2026-06-05T19:54:17.921520+00:00,70.5681,0.0118,95.8505,-0.0385,0.8473,0.0,2400.0,0.0,6.3749
133.5,2026-06-05T19:54:18.421198+00:00,70.4251,-0.0546,95.8851,-0.0296,0.8473,0.0,2400.0,0.0,6.3366
134.0,2026-06-05T19:54:18.921192+00:00,70.6969,-0.0419,95.9117,-0.0227,0.8473,0.0,2400.0,0.0,6.369
134.5,2026-06-05T19:54:19.421455+00:00,70.7786,0.095,95.8164,-0.056,0.8473,0.0,2400.0,0.0,6.3849
135.0,2026-06-05T19:54:19.926040+00:00,70.8414,0.1367,95.7432,-0.0816,0.8473,0.0,2400.0,0.0,6.3926
135.5,2026-06-05T19:54:20.421209+00:00,71.1442,0.3596,95.8026,-0.1013,0.8473,0.0,2400.0,0.0,6.3964
136.0,2026-06-05T19:54:20.922022+00:00,71.1224,0.2127,95.7326,-0.0393,0.8473,0.0,2400.0,0.0,6.347
136.500489,2026-06-05T19:54:21.421635+00:00,71.1057,0.1635,95.7945,-0.0302,0.8473,0.0,2400.0,0.0,6.323
137.0,2026-06-05T19:54:21.921159+00:00,71.0928,0.1257,95.842,-0.0232,0.8473,0.0,2400.0,0.0,6.3112
137.5,2026-06-05T19:54:22.425505+00:00,71.2102,0.033,95.7629,-0.0178,0.8473,0.0,2400.0,0.0,6.3055
138.0,2026-06-05T19:54:22.921215+00:00,71.0458,-0.0383,95.7021,-0.0137,0.8473,0.0,2400.0,0.0,6.3539
138.5,2026-06-05T19:54:23.421284+00:00,71.1741,0.0342,95.771,-0.0105,0.8473,0.0,2400.0,0.0,6.3263
139.0,2026-06-05T19:54:23.921363+00:00,71.2726,0.0899,95.7083,-0.0081,0.8473,0.0,2400.0,0.0,6.3128
139.500321,2026-06-05T19:54:24.422389+00:00,71.3484,0.0691,95.6601,-0.0448,0.8473,0.0,2400.0,0.0,6.3063
140.0,2026-06-05T19:54:24.925411+00:00,71.6611,0.3077,95.623,-0.073,0.8473,0.0,2400.0,0.0,6.3031
140.5,2026-06-05T19:54:25.421166+00:00,71.5197,0.1728,95.7103,-0.0175,0.8473,0.0,2400.0,0.0,6.3527
141.0,2026-06-05T19:54:25.921152+00:00,71.5383,0.1328,95.6616,-0.0135,0.8473,0.0,2400.0,0.0,6.3769
141.5,2026-06-05T19:54:26.421728+00:00,71.6798,0.1657,95.7399,-0.0104,0.8473,0.0,2400.0,0.0,6.3887
142.0,2026-06-05T19:54:26.921201+00:00,71.6614,0.0001,95.6844,-0.008,0.8473,0.0,2400.0,0.0,6.3945
142.5,2026-06-05T19:54:27.425883+00:00,71.7744,0.1274,95.6417,-0.0061,0.8473,0.0,2400.0,0.0,6.3461
143.0,2026-06-05T19:54:27.921203+00:00,71.7341,0.0979,95.7015,0.0261,0.8473,0.0,2400.0,0.0,6.3225
143.5,2026-06-05T19:54:28.421113+00:00,71.703,0.0116,95.6549,-0.0185,0.8473,0.0,2400.0,0.0,6.311
144.0,2026-06-05T19:54:28.921196+00:00,71.5519,-0.0547,95.7347,0.0244,0.8473,0.0,2400.0,0.0,6.3054
144.5,2026-06-05T19:54:29.421336+00:00,71.5631,-0.1057,95.7961,0.0187,0.8473,0.0,2400.0,0.0,6.3026
145.0,2026-06-05T19:54:29.925207+00:00,71.5716,-0.0812,95.8202,0.0453,0.8473,0.0,2400.0,0.0,6.3013
145.5,2026-06-05T19:54:30.421809+00:00,71.7054,0.0012,95.8618,0.0733,0.8473,0.0,2400.0,0.0,6.3006
146.0,2026-06-05T19:54:30.921215+00:00,71.681,0.0646,95.8938,0.0641,0.8473,0.0,2400.0,0.0,6.3003
146.500193,2026-06-05T19:54:31.421663+00:00,71.6623,0.0496,95.8026,0.0493,0.8473,0.0,2400.0,0.0,6.3001
147.0,2026-06-05T19:54:31.921188+00:00,71.5206,-0.0255,95.8483,0.0379,0.8473,0.0,2400.0,0.0,6.3001
147.5,2026-06-05T19:54:32.426812+00:00,71.539,-0.0832,95.7677,-0.0095,0.8473,0.0,2400.0,0.0,6.2488
148.0,2026-06-05T19:54:32.921642+00:00,71.8076,0.0633,95.7058,-0.0381,0.8473,0.0,2400.0,0.0,6.275
148.5,2026-06-05T19:54:33.421173+00:00,72.0141,0.1759,95.7738,-0.0293,0.8473,0.0,2400.0,0.0,6.2878
149.0,2026-06-05T19:54:33.922002+00:00,72.1728,0.3261,95.8262,-0.0225,0.8473,0.0,2400.0,0.0,6.2941
149.5,2026-06-05T19:54:34.421417+00:00,72.2948,0.3779,95.9821,0.0598,0.8473,0.0,2400.0,0.0,6.2971
150.0,2026-06-05T19:54:34.926482+00:00,72.2613,0.2268,95.9862,0.046,0.8473,0.0,2400.0,0.0,6.2986
150.5,2026-06-05T19:54:35.421136+00:00,72.2356,0.1107,95.9894,0.0739,0.8473,0.0,2400.0,0.0,6.2993
151.0,2026-06-05T19:54:35.922886+00:00,72.2158,0.0215,95.8762,0.0568,0.8473,0.0,2400.0,0.0,6.2997
151.5,2026-06-05T19:54:36.421553+00:00,72.2005,-0.0471,95.9974,0.0745,0.8473,0.0,2400.0,0.0,6.2998
152.0,2026-06-05T19:54:36.921990+00:00,72.3161,0.0274,95.8823,0.0187,0.8473,0.0,2400.0,0.0,6.2999
152.5,2026-06-05T19:54:37.428376+00:00,72.2777,0.0211,96.0252,0.0144,0.8473,0.0,2400.0,0.0,6.3
153.0,2026-06-05T19:54:37.921184+00:00,72.2481,0.0162,95.9037,-0.0275,0.8473,0.0,2400.0,0.0,6.3
153.5,2026-06-05T19:54:38.421322+00:00,72.3527,0.0761,95.8103,-0.0597,0.8473,0.0,2400.0,0.0,6.3
154.0,2026-06-05T19:54:38.921864+00:00,72.4331,0.0585,95.9467,0.0235,0.8473,0.0,2400.0,0.0,6.3
154.5,2026-06-05T19:54:39.421966+00:00,72.2403,-0.0187,95.8434,-0.0513,0.8473,0.0,2400.0,0.0,6.3
155.0,2026-06-05T19:54:39.926609+00:00,72.3467,0.0493,95.9953,0.0377,0.8473,0.0,2400.0,0.0,6.3
155.5,2026-06-05T19:54:40.422849+00:00,72.4284,0.0379,95.9964,-0.0096,0.8473,0.0,2400.0,0.0,6.3
156.0,2026-06-05T19:54:40.921143+00:00,72.6185,0.0927,95.9972,0.0312,0.8473,0.0,2400.0,0.0,6.2488
156.5,2026-06-05T19:54:41.422525+00:00,72.7647,0.2622,96.1136,0.1011,0.8473,0.0,2400.0,0.0,6.2238
157.0,2026-06-05T19:54:41.921645+00:00,72.877,0.2652,96.3187,0.124,0.8473,0.0,2400.0,0.0,6.2116
157.5,2026-06-05T19:54:42.426384+00:00,72.7087,0.1402,96.1292,0.0953,0.8473,0.0,2400.0,0.0,6.2569
158.000322,2026-06-05T19:54:42.921714+00:00,72.7067,0.0441,96.0993,0.0347,0.8473,0.0,2400.0,0.0,6.3302
158.5,2026-06-05T19:54:43.421149+00:00,72.8324,0.0339,96.0764,0.0267,0.8473,0.0,2400.0,0.0,6.3659
159.0,2026-06-05T19:54:43.921131+00:00,73.0563,0.0897,96.1744,0.0591,0.8473,0.0,2400.0,0.0,6.3834
159.5,2026-06-05T19:54:44.422410+00:00,73.1011,0.1962,96.2497,0.0454,0.8473,0.0,2400.0,0.0,6.3919
160.0,2026-06-05T19:54:44.928421+00:00,73.1356,0.2144,96.1919,-0.0422,0.8473,0.0,2400.0,0.0,6.396
160.5,2026-06-05T19:54:45.421196+00:00,73.1621,0.1648,96.1475,0.0061,0.8473,0.0,2400.0,0.0,6.3469
161.0,2026-06-05T19:54:45.921150+00:00,73.0551,-0.0006,96.2291,0.0433,0.8473,0.0,2400.0,0.0,6.3229
161.5,2026-06-05T19:54:46.421130+00:00,73.2275,0.0632,96.2918,0.0718,0.8473,0.0,2400.0,0.0,6.3112
162.0,2026-06-05T19:54:46.921646+00:00,73.2327,0.0486,96.2243,0.0166,0.8473,0.0,2400.0,0.0,6.3054
162.5,2026-06-05T19:54:47.426609+00:00,73.2367,0.0373,96.2881,0.0128,0.8473,0.0,2400.0,0.0,6.3027
163.0,2026-06-05T19:54:47.923167+00:00,73.4943,0.2196,96.2214,0.0098,0.8473,0.0,2400.0,0.0,6.3525
163.5,2026-06-05T19:54:48.422017+00:00,73.5651,0.1688,96.1702,0.0075,0.8473,0.0,2400.0,0.0,6.3768
164.0,2026-06-05T19:54:48.921141+00:00,73.4922,0.1297,96.2465,0.0058,0.8473,0.0,2400.0,0.0,6.3887
164.5,2026-06-05T19:54:49.421127+00:00,73.4361,0.0997,96.3052,0.0045,0.8473,0.0,2400.0,0.0,6.3945
165.0,2026-06-05T19:54:49.927579+00:00,73.3931,-0.0506,96.3502,0.042,0.8473,0.0,2400.0,0.0,6.3973
165.5,2026-06-05T19:54:50.421453+00:00,73.6145,0.0247,96.3849,0.0323,0.8473,0.0,2400.0,0.0,6.3475
166.0,2026-06-05T19:54:50.921127+00:00,73.5301,0.019,96.2958,0.0248,0.8473,0.0,2400.0,0.0,6.3232
166.5,2026-06-05T19:54:51.421226+00:00,73.8471,0.2055,96.2274,0.0191,0.8473,0.0,2400.0,0.0,6.3113
167.0,2026-06-05T19:54:51.921123+00:00,73.8362,0.2216,96.4062,0.0532,0.8473,0.0,2400.0,0.0,6.3055
167.5,2026-06-05T19:54:52.425846+00:00,73.8278,0.1067,96.3122,0.0023,0.8473,0.0,2400.0,0.0,6.3027
168.0,2026-06-05T19:54:52.921266+00:00,73.8214,0.1456,96.3556,0.0018,0.8473,0.0,2400.0,0.0,6.3525
168.5,2026-06-05T19:54:53.421163+00:00,73.9437,0.0483,96.2733,-0.0372,0.8473,0.0,2400.0,0.0,6.3256
169.0,2026-06-05T19:54:53.921137+00:00,73.7832,-0.0265,96.3258,0.01,0.8473,0.0,2400.0,0.0,6.3125
169.5,2026-06-05T19:54:54.421421+00:00,73.6598,-0.084,96.2504,0.0077,0.8473,0.0,2400.0,0.0,6.3061
170.0,2026-06-05T19:54:54.927327+00:00,73.565,-0.1282,96.3082,-0.0327,0.8473,0.0,2400.0,0.0,6.303
170.5,2026-06-05T19:54:55.422342+00:00,73.7466,-0.0985,96.2369,-0.0251,0.8473,0.0,2400.0,0.0,6.3015
171.0,2026-06-05T19:54:55.923385+00:00,73.759,-0.0121,96.2977,-0.0193,0.8473,0.0,2400.0,0.0,6.3007
171.5,2026-06-05T19:54:56.422308+00:00,73.8957,0.118,96.2288,-0.0148,0.8473,0.0,2400.0,0.0,6.3003
172.0,2026-06-05T19:54:56.921491+00:00,74.0009,0.2179,96.1759,-0.05,0.8473,0.0,2400.0,0.0,6.3002
172.5,2026-06-05T19:54:57.427837+00:00,74.2089,0.2311,96.2509,0.0002,0.8473,0.0,2400.0,0.0,6.3001
173.0,2026-06-05T19:54:57.921622+00:00,74.2416,0.2413,96.3085,0.0001,0.8473,0.0,2400.0,0.0,6.3
173.5,2026-06-05T19:54:58.421952+00:00,74.1394,0.1218,96.2371,0.0001,0.8473,0.0,2400.0,0.0,6.3
174.0,2026-06-05T19:54:58.921422+00:00,73.9336,-0.0336,96.1823,-0.0385,0.8473,0.0,2400.0,0.0,6.3
174.5,2026-06-05T19:54:59.421206+00:00,73.9027,-0.1531,96.1401,-0.0296,0.8473,0.0,2400.0,0.0,6.3
175.0,2026-06-05T19:54:59.926716+00:00,74.1335,-0.0541,96.1077,-0.0227,0.8473,0.0,2400.0,0.0,6.3
175.5,2026-06-05T19:55:00.421777+00:00,74.4381,0.1494,96.0828,-0.056,0.8473,0.0,2400.0,0.0,6.3
176.0,2026-06-05T19:55:00.921173+00:00,74.2904,0.1784,95.9479,-0.1202,0.8473,0.0,2400.0,0.0,6.3
176.5,2026-06-05T19:55:01.421388+00:00,74.4315,0.2644,95.96,-0.0924,0.8473,0.0,2400.0,0.0,6.3512
177.0,2026-06-05T19:55:01.924035+00:00,74.4126,0.1396,95.9692,-0.071,0.8473,0.0,2400.0,0.0,6.3762
177.5,2026-06-05T19:55:02.425081+00:00,74.3981,-0.02,96.092,-0.016,0.8473,0.0,2400.0,0.0,6.3884
178.0,2026-06-05T19:55:02.921625+00:00,74.387,0.0483,96.0707,-0.0123,0.8473,0.0,2400.0,0.0,6.3943
178.5,2026-06-05T19:55:03.421788+00:00,74.3784,-0.0265,96.0544,-0.0095,0.8473,0.0,2400.0,0.0,6.3972
179.0,2026-06-05T19:55:03.921367+00:00,74.1173,-0.1477,96.0418,0.0313,0.8473,0.0,2400.0,0.0,6.3986
179.5,2026-06-05T19:55:04.421551+00:00,74.1712,-0.1135,96.1247,0.0549,0.8473,0.0,2400.0,0.0,6.3993
180.0,2026-06-05T19:55:04.926777+00:00,74.2125,-0.0872,96.0958,0.0422,0.8473,0.0,2400.0,0.0,6.3997
180.5,2026-06-05T19:55:05.421146+00:00,74.3716,-0.0034,96.0737,-0.0061,0.8473,0.0,2400.0,0.0,6.3998
181.0,2026-06-05T19:55:05.921154+00:00,74.3666,0.1246,96.1723,0.0339,0.8473,0.0,2400.0,0.0,6.3999
181.5,2026-06-05T19:55:06.421423+00:00,74.2355,0.0322,96.2481,0.0646,0.8473,0.0,2400.0,0.0,6.4
182.0,2026-06-05T19:55:06.921800+00:00,74.3893,0.0884,96.4221,0.1268,0.8473,0.0,2400.0,0.0,6.4
182.5,2026-06-05T19:55:07.425822+00:00,74.3802,0.0043,96.3244,0.0666,0.8473,0.0,2400.0,0.0,6.3488
183.0,2026-06-05T19:55:07.921255+00:00,74.6277,0.1306,96.2494,0.0512,0.8473,0.0,2400.0,0.0,6.3238
183.5,2026-06-05T19:55:08.421112+00:00,74.5635,0.164,96.1917,0.0393,0.8473,0.0,2400.0,0.0,6.3116
184.0,2026-06-05T19:55:08.921908+00:00,74.6413,0.126,96.1473,-0.0083,0.8473,0.0,2400.0,0.0,6.3057
184.5,2026-06-05T19:55:09.421218+00:00,74.7012,0.1605,96.2289,-0.0064,0.8473,0.0,2400.0,0.0,6.3028
185.0,2026-06-05T19:55:09.930273+00:00,74.4927,-0.0675,96.176,-0.0821,0.8473,0.0,2400.0,0.0,6.3014
185.5,2026-06-05T19:55:10.422407+00:00,74.5869,0.0117,96.1352,-0.0631,0.8473,0.0,2400.0,0.0,6.3007
186.0,2026-06-05T19:55:10.921162+00:00,74.5321,-0.0546,96.1039,-0.0485,0.8473,0.0,2400.0,0.0,6.3003
186.5,2026-06-05T19:55:11.421161+00:00,74.6172,-0.042,96.0799,-0.0373,0.8473,0.0,2400.0,0.0,6.3002
187.0,2026-06-05T19:55:11.921826+00:00,74.8099,0.1586,96.0614,-0.0286,0.8473,0.0,2400.0,0.0,6.3001
187.5,2026-06-05T19:55:12.425983+00:00,74.958,0.1856,96.0472,-0.0606,0.8473,0.0,2400.0,0.0,6.3
188.0,2026-06-05T19:55:12.921415+00:00,75.0719,0.2699,96.0363,-0.0466,0.8473,0.0,2400.0,0.0,6.3
188.5,2026-06-05T19:55:13.421148+00:00,75.1594,0.2711,96.0279,-0.0358,0.8473,0.0,2400.0,0.0,6.3
189.0,2026-06-05T19:55:13.922033+00:00,75.2266,0.2083,96.0214,-0.0275,0.8473,0.0,2400.0,0.0,6.3512
189.5,2026-06-05T19:55:14.421869+00:00,74.8965,-0.0308,96.2479,0.056,0.8473,0.0,2045.94,-354.06,6.3762
190.0,2026-06-05T19:55:14.926721+00:00,74.261,-0.4055,96.3062,0.0816,0.7986,-0.0487,1900.8108,-499.1892,6.3884
190.5,2026-06-05T19:55:15.421398+00:00,73.8998,-0.6298,96.3511,0.1013,0.7787,-0.0686,1841.3223,-204.6177,6.3943
191.0,2026-06-05T19:55:15.921202+00:00,73.4949,-0.8659,96.2698,0.0778,0.7705,-0.0281,1816.938,-83.8728,6.346
191.5,2026-06-05T19:55:16.421589+00:00,73.1837,-0.8564,96.3231,0.0984,0.7671,-0.0115,1806.9429,-34.3795,6.3225
192.0,2026-06-05T19:55:16.921259+00:00,73.0717,-0.5946,96.364,0.1142,0.7658,-0.0047,1802.8459,-14.0921,6.311
192.5,2026-06-05T19:55:17.427058+00:00,72.8585,-0.5207,96.5112,0.0878,0.7652,-0.0019,1801.1665,-5.7764,6.3053
193.0,2026-06-05T19:55:17.921479+00:00,72.8218,-0.3365,96.5086,0.0675,0.765,-0.0008,1800.4782,-2.3677,6.3026
193.5,2026-06-05T19:55:18.421443+00:00,72.5391,-0.3223,96.3909,0.0133,0.7649,-0.0003,1800.196,-0.9705,6.3013
194.0,2026-06-05T19:55:18.921197+00:00,72.5763,-0.2477,96.5319,0.0873,0.7648,-0.0001,1800.0803,-0.3978,6.3006
194.5,2026-06-05T19:55:19.421982+00:00,72.3504,-0.254,96.5245,0.0671,0.7648,-0.0001,1800.0329,-0.1631,6.3003
195.000137,2026-06-05T19:55:19.928010+00:00,72.304,-0.2589,96.6345,0.0902,0.7648,-0.0,1800.0135,-0.0668,6.3001
195.5,2026-06-05T19:55:20.421220+00:00,72.2684,-0.1353,96.4877,-0.0078,0.7648,-0.0,1800.0055,-0.0274,6.3001
196.0,2026-06-05T19:55:20.921184+00:00,72.1137,-0.2313,96.4905,-0.006,0.7648,-0.0,1800.0023,-0.0112,6.3
196.5,2026-06-05T19:55:21.421253+00:00,71.9948,-0.1778,96.6084,0.0725,0.7648,-0.0,1800.0009,-0.0046,6.3512
197.0,2026-06-05T19:55:21.921194+00:00,71.9035,-0.2003,96.5833,0.0172,0.7648,-0.0,1800.0004,-0.0019,6.325
197.5,2026-06-05T19:55:22.427816+00:00,71.8333,-0.2176,96.4484,-0.0254,0.7648,-0.0,1800.0002,-0.0008,6.3122
198.0,2026-06-05T19:55:22.921257+00:00,71.7793,-0.1672,96.2289,-0.1352,0.7648,-0.0,1800.0001,-0.0003,6.3572
198.5,2026-06-05T19:55:23.421237+00:00,71.6105,-0.1922,96.2916,-0.0654,0.7648,-0.0,1800.0,-0.0001,6.3791
199.0,2026-06-05T19:55:23.921474+00:00,71.6081,-0.1477,96.2242,-0.0888,0.7648,-0.0,1800.0,-0.0001,6.3898
199.5,2026-06-05T19:55:24.422229+00:00,71.7335,-0.0499,96.1723,-0.1454,0.7648,-0.0,1800.0,-0.0,6.3438
200.0,2026-06-05T19:55:24.927381+00:00,71.7026,-0.0383,96.2481,-0.1117,0.7648,-0.0,1800.0,-0.0,6.3214
200.5,2026-06-05T19:55:25.421211+00:00,71.4243,-0.0931,96.1907,-0.0859,0.7648,-0.0,1800.0,-0.0,6.3104
201.0,2026-06-05T19:55:25.921198+00:00,71.465,-0.0716,96.1466,-0.0274,0.7648,-0.0,1800.0,-0.0,6.3051
201.5,2026-06-05T19:55:26.421196+00:00,71.2417,-0.2459,96.1127,-0.0597,0.7648,-0.0,1800.0,-0.0,6.3025
202.0,2026-06-05T19:55:26.921835+00:00,71.1973,-0.2526,96.0634,-0.0536,0.7648,-0.0,1800.0,-0.0,6.3012
202.500001,2026-06-05T19:55:27.429075+00:00,71.2905,-0.0669,95.9331,-0.0797,0.7648,-0.0,1800.0,-0.0,6.3006
203.0,2026-06-05T19:55:27.922495+00:00,71.3621,-0.0514,95.9486,-0.0999,0.7648,-0.0,1800.0,-0.0,6.3515
203.5,2026-06-05T19:55:28.421252+00:00,71.1626,-0.0395,96.0762,-0.0382,0.7648,-0.0,1800.0,-0.0,6.3251
204.0,2026-06-05T19:55:28.921297+00:00,71.2638,0.0333,96.0585,-0.0293,0.7648,-0.0,1800.0,-0.0,6.3123
204.5,2026-06-05T19:55:29.421168+00:00,71.3416,0.0256,96.1607,0.016,0.7648,-0.0,1800.0,-0.0,6.306
205.0,2026-06-05T19:55:29.926795+00:00,71.4014,0.0196,96.1235,0.02,0.7648,-0.0,1800.0,-0.0,6.3029
205.5,2026-06-05T19:55:30.421779+00:00,71.3201,0.0787,96.2106,0.0925,0.7648,-0.0,1800.0,-0.0,6.3526
206.0,2026-06-05T19:55:30.921365+00:00,71.5121,0.1242,96.1619,0.0711,0.7648,-0.0,1800.0,-0.0,6.3769
206.5,2026-06-05T19:55:31.421743+00:00,71.4052,0.0318,96.1244,0.0161,0.7648,-0.0,1800.0,-0.0,6.3887
207.0,2026-06-05T19:55:31.921250+00:00,71.4503,0.0244,96.327,0.0895,0.7648,-0.0,1800.0,-0.0,6.3945
207.5,2026-06-05T19:55:32.426926+00:00,71.4849,0.0824,96.4828,0.1074,0.7648,-0.0,1800.0,-0.0,6.3973
208.0,2026-06-05T19:55:32.923967+00:00,71.6388,0.0633,96.371,0.0825,0.7648,-0.0,1800.0,-0.0,6.3987
208.5,2026-06-05T19:55:33.423281+00:00,71.5026,0.0487,96.2852,0.0249,0.7648,-0.0,1800.0,-0.0,6.3994
209.0,2026-06-05T19:55:33.921194+00:00,71.2706,-0.0899,96.2192,0.0191,0.7648,-0.0,1800.0,-0.0,6.3997
209.5,2026-06-05T19:55:34.421241+00:00,71.3468,-0.0691,96.3999,0.0918,0.7648,-0.0,1800.0,-0.0,6.3998
210.0,2026-06-05T19:55:34.925799+00:00,71.4054,-0.1167,96.3073,-0.0066,0.7648,0.0,1800.0,0.0,6.3999
210.5,2026-06-05T19:55:35.421339+00:00,71.3232,-0.0897,96.2362,-0.0822,0.7648,0.0,1800.0,0.0,6.3488
211.0,2026-06-05T19:55:35.921592+00:00,71.3872,0.0583,96.1816,-0.0632,0.7648,0.0,1800.0,0.0,6.3238
211.5,2026-06-05T19:55:36.421491+00:00,71.3092,-0.0188,96.1395,-0.0485,0.7648,0.0,1800.0,0.0,6.3116
212.0,2026-06-05T19:55:36.921721+00:00,71.3765,-0.0145,96.223,0.0013,0.7648,0.0,1800.0,0.0,6.3057
212.5,2026-06-05T19:55:37.426616+00:00,71.3009,-0.0111,96.2871,-0.0376,0.7648,0.0,1800.0,0.0,6.3028
213.0,2026-06-05T19:55:37.921619+00:00,71.2429,-0.0722,96.2206,-0.0289,0.7648,0.0,1800.0,0.0,6.3525
213.5,2026-06-05T19:55:38.421230+00:00,71.1982,-0.0555,96.2853,0.0164,0.7648,0.0,1800.0,0.0,6.3256
214.0,2026-06-05T19:55:38.921210+00:00,71.1639,-0.1063,96.1036,-0.026,0.7648,0.0,1800.0,0.0,6.3125
214.5,2026-06-05T19:55:39.421652+00:00,71.0103,-0.1453,96.0565,-0.0277,0.7648,0.0,1800.0,0.0,6.3061
215.0,2026-06-05T19:55:39.928957+00:00,71.1468,-0.0481,96.0434,-0.0599,0.7648,0.0,1800.0,0.0,6.303
215.5,2026-06-05T19:55:40.421258+00:00,71.1244,-0.0369,96.0334,-0.0846,0.7648,0.0,1800.0,0.0,6.3015
216.0,2026-06-05T19:55:40.921673+00:00,71.2344,0.0352,96.1182,-0.0341,0.7648,0.0,1800.0,0.0,6.3007
216.5,2026-06-05T19:55:41.421763+00:00,71.0645,0.0271,96.2065,-0.0262,0.7648,0.0,1800.0,0.0,6.3003
217.0,2026-06-05T19:55:41.921373+00:00,71.1884,0.0208,96.3902,0.0955,0.7648,0.0,1800.0,0.0,6.3002
217.5,2026-06-05T19:55:42.430366+00:00,71.2836,0.0796,96.4156,0.1197,0.7648,0.0,1800.0,0.0,6.3001
218.0,2026-06-05T19:55:42.921288+00:00,71.2296,-0.0024,96.4351,0.1306,0.7648,0.0,1800.0,0.0,6.3512
218.5,2026-06-05T19:55:43.422759+00:00,71.188,0.0618,96.4733,0.1466,0.7648,0.0,1800.0,0.0,6.325
219.0,2026-06-05T19:55:43.921186+00:00,71.1561,-0.0162,96.3638,0.0819,0.7648,0.0,1800.0,0.0,6.3122
219.5,2026-06-05T19:55:44.421231+00:00,71.2588,-0.0124,96.3953,0.0629,0.7648,0.0,1800.0,0.0,6.306
220.0,2026-06-05T19:55:44.926430+00:00,71.3378,0.0541,96.4195,0.0098,0.7648,0.0,1800.0,0.0,6.3029
220.5,2026-06-05T19:55:45.421172+00:00,71.3984,0.1052,96.5538,0.0461,0.7648,0.0,1800.0,0.0,6.3014
221.0,2026-06-05T19:55:45.921441+00:00,71.4451,0.1445,96.4257,-0.0031,0.7648,0.0,1800.0,0.0,6.3007
221.5,2026-06-05T19:55:46.421364+00:00,71.3537,0.0474,96.5586,0.0284,0.7648,0.0,1800.0,0.0,6.3003
222.0,2026-06-05T19:55:46.921229+00:00,71.4107,0.0365,96.4293,0.0219,0.7648,0.0,1800.0,0.0,6.3002
222.5,2026-06-05T19:55:47.426795+00:00,71.3272,-0.0356,96.5614,0.0554,0.7648,0.0,1800.0,0.0,6.3001
223.0,2026-06-05T19:55:47.921612+00:00,71.3903,-0.0274,96.6629,0.0811,0.7648,0.0,1800.0,0.0,6.3
223.5,2026-06-05T19:55:48.421433+00:00,71.4388,0.0426,96.5095,-0.0148,0.7648,0.0,1800.0,0.0,6.3
224.0,2026-06-05T19:55:48.921990+00:00,71.3489,-0.0309,96.1602,-0.0885,0.7648,0.0,1800.0,0.0,6.3
224.5,2026-06-05T19:55:49.421227+00:00,71.2797,-0.0237,96.1231,-0.1452,0.7648,0.0,1800.0,0.0,6.3
225.0,2026-06-05T19:55:49.925841+00:00,71.2266,-0.0819,96.0946,-0.1116,0.7648,0.0,1800.0,0.0,6.3
225.5,2026-06-05T19:55:50.421704+00:00,71.0584,-0.1902,96.0727,-0.1629,0.7648,0.0,1800.0,0.0,6.3
226.0,2026-06-05T19:55:50.921245+00:00,71.311,-0.0189,96.1716,-0.1638,0.7648,0.0,1800.0,0.0,6.3
226.5,2026-06-05T19:55:51.421206+00:00,71.2506,-0.0145,96.1319,-0.1259,0.7648,0.0,1800.0,0.0,6.2488
227.000001,2026-06-05T19:55:51.921366+00:00,71.3315,0.0525,96.2171,0.019,0.7648,0.0,1800.0,0.0,6.2238
227.5,2026-06-05T19:55:52.434569+00:00,71.2663,0.104,96.1668,0.0146,0.7648,0.0,1800.0,0.0,6.2116
228.0,2026-06-05T19:55:52.921429+00:00,71.3435,0.0163,96.1282,0.0112,0.7648,0.0,1800.0,0.0,6.2569
228.5,2026-06-05T19:55:53.421234+00:00,71.4029,0.0761,96.33,0.0857,0.7648,0.0,1800.0,0.0,6.279
229.0,2026-06-05T19:55:53.922466+00:00,71.4485,0.0585,96.3693,0.0659,0.7648,0.0,1800.0,0.0,6.2897
229.5,2026-06-05T19:55:54.421232+00:00,71.6108,0.1722,96.3996,0.0892,0.7648,0.0,1800.0,0.0,6.295
230.0,2026-06-05T19:55:54.927083+00:00,71.6083,0.1324,96.4228,0.0686,0.7648,0.0,1800.0,0.0,6.2976
230.5,2026-06-05T19:55:55.421256+00:00,71.3519,-0.0255,96.5564,0.1298,0.7648,0.0,1800.0,0.0,6.2988
231.0,2026-06-05T19:55:55.921191+00:00,71.1547,-0.1469,96.4276,0.0998,0.7648,0.0,1800.0,0.0,6.3506
231.5,2026-06-05T19:55:56.421376+00:00,71.1305,-0.2402,96.5601,0.0767,0.7648,0.0,1800.0,0.0,6.3247
232.0,2026-06-05T19:55:56.921166+00:00,71.1119,-0.2482,96.6619,0.0975,0.7648,0.0,1800.0,0.0,6.3121
232.5,2026-06-05T19:55:57.431699+00:00,71.2248,-0.0635,96.6244,0.075,0.7648,0.0,1800.0,0.0,6.3059
233.0,2026-06-05T19:55:57.921189+00:00,71.3116,0.0785,96.4799,0.019,0.7648,0.0,1800.0,0.0,6.3541
233.5,2026-06-05T19:55:58.421226+00:00,71.3784,0.1239,96.2532,-0.1011,0.7648,0.0,1800.0,0.0,6.3264
234.0,2026-06-05T19:55:58.921199+00:00,71.4297,0.1589,96.3103,-0.0391,0.7648,0.0,1800.0,0.0,6.3129
234.5,2026-06-05T19:55:59.421544+00:00,71.3418,0.0585,96.3542,-0.0686,0.7648,0.0,1800.0,0.0,6.3063
235.0,2026-06-05T19:55:59.926717+00:00,71.0197,-0.146,96.2722,-0.1299,0.7648,0.0,1800.0,0.0,6.3031
235.5,2026-06-05T19:56:00.421548+00:00,71.2813,-0.0485,96.4406,-0.0613,0.7648,0.0,1800.0,0.0,6.3015
236.0,2026-06-05T19:56:00.921447+00:00,71.355,-0.0373,96.5701,0.03,0.7648,0.0,1800.0,0.0,6.3007
236.5,2026-06-05T19:56:01.421760+00:00,71.2844,-0.0287,96.5539,0.1002,0.7648,0.0,1800.0,0.0,6.3004
237.0,2026-06-05T19:56:01.921244+00:00,71.3575,0.1689,96.4257,0.0385,0.7648,0.0,1800.0,0.0,6.3002
237.501097,2026-06-05T19:56:02.428799+00:00,71.2863,0.0025,96.3272,-0.009,0.7648,0.0,1800.0,0.0,6.3001
238.0,2026-06-05T19:56:02.921198+00:00,71.2316,-0.0617,96.3672,0.0317,0.7648,0.0,1800.0,0.0,6.3
238.5,2026-06-05T19:56:03.421177+00:00,71.1896,-0.0474,96.3979,-0.0142,0.7648,0.0,1800.0,0.0,6.3
239.0,2026-06-05T19:56:03.921227+00:00,71.03,-0.1637,96.5372,-0.0109,0.7648,0.0,1800.0,0.0,6.3
239.5,2026-06-05T19:56:04.421196+00:00,71.0347,-0.1258,96.6443,0.0302,0.7648,0.0,1800.0,0.0,6.3
240.0,2026-06-05T19:56:04.926537+00:00,71.0382,-0.0967,96.6109,0.0617,0.7648,0.0,1800.0,0.0,6.3
240.5,2026-06-05T19:56:05.421349+00:00,71.1682,-0.0107,96.5853,0.086,0.7648,0.0,1800.0,0.0,6.3
241.0,2026-06-05T19:56:05.921175+00:00,71.2681,0.119,96.3341,-0.011,0.7648,0.0,1800.0,0.0,6.3
241.5,2026-06-05T19:56:06.421402+00:00,71.2176,0.0915,96.3725,-0.0085,0.7648,0.0,1800.0,0.0,6.3
242.0,2026-06-05T19:56:06.922779+00:00,71.0516,0.0067,96.1706,-0.1222,0.7648,0.0,1800.0,0.0,6.3
242.5,2026-06-05T19:56:07.426720+00:00,71.1785,0.0051,96.2468,-0.1325,0.7648,0.0,1800.0,0.0,6.2488
243.0,2026-06-05T19:56:07.921510+00:00,71.4033,0.0676,96.5368,-0.0247,0.7648,0.0,1800.0,0.0,6.275
243.5,2026-06-05T19:56:08.421605+00:00,71.1943,-0.0117,96.644,0.0196,0.7648,0.0,1800.0,0.0,6.2878
244.0,2026-06-05T19:56:08.921906+00:00,71.1609,0.0547,96.495,0.0536,0.7648,0.0,1800.0,0.0,6.294
244.5,2026-06-05T19:56:09.421260+00:00,71.2625,0.042,96.6118,0.0798,0.7648,0.0,1800.0,0.0,6.2971
245.0,2026-06-05T19:56:09.929317+00:00,71.3406,-0.0313,96.7017,0.177,0.7648,0.0,1800.0,0.0,6.2986
245.5,2026-06-05T19:56:10.421209+00:00,71.5279,0.1668,96.655,0.1361,0.7648,0.0,1800.0,0.0,6.2481
246.0,2026-06-05T19:56:10.921244+00:00,71.5446,0.1918,96.6191,0.0274,0.7648,0.0,1800.0,0.0,6.2747
246.5,2026-06-05T19:56:11.422149+00:00,71.6847,0.2111,96.7073,0.0211,0.7648,0.0,1800.0,0.0,6.2876
247.0,2026-06-05T19:56:11.921217+00:00,71.5378,0.0986,96.5436,0.0162,0.7648,0.0,1800.0,0.0,6.294
247.5,2026-06-05T19:56:12.430726+00:00,71.5522,0.0122,96.5335,-0.0261,0.7648,0.0,1800.0,0.0,6.2971
248.0,2026-06-05T19:56:12.921302+00:00,71.6905,0.073,96.5258,-0.0586,0.7648,0.0,1800.0,0.0,6.3498
248.5,2026-06-05T19:56:13.421280+00:00,71.6696,-0.0075,96.6355,-0.0065,0.7648,0.0,1800.0,0.0,6.3243
249.0,2026-06-05T19:56:13.921178+00:00,71.6535,0.0578,96.6041,-0.005,0.7648,0.0,1800.0,0.0,6.3119
249.5,2026-06-05T19:56:14.421204+00:00,71.7684,0.1081,96.58,-0.0424,0.7648,0.0,1800.0,0.0,6.3058
250.0,2026-06-05T19:56:14.926044+00:00,71.7294,0.0194,96.6772,0.0445,0.7648,0.0,1800.0,0.0,6.3028
250.5,2026-06-05T19:56:15.421592+00:00,71.6995,0.0149,96.6362,0.0342,0.7648,0.0,1800.0,0.0,6.3014
251.0,2026-06-05T19:56:15.921934+00:00,71.5492,-0.0522,96.7204,0.0649,0.7648,0.0,1800.0,0.0,6.3007
251.5,2026-06-05T19:56:16.423765+00:00,71.5609,-0.1037,96.5537,-0.0273,0.7648,0.0,1800.0,0.0,6.3003
252.0,2026-06-05T19:56:16.922959+00:00,71.57,-0.0797,96.657,0.0176,0.7648,0.0,1800.0,0.0,6.3514
252.5,2026-06-05T19:56:17.426755+00:00,71.7042,0.0024,96.6206,0.0135,0.7648,0.0,1800.0,0.0,6.3251
253.0,2026-06-05T19:56:17.921173+00:00,71.4255,-0.0618,96.477,-0.0667,0.7648,0.0,1800.0,0.0,6.3122
253.5,2026-06-05T19:56:18.421203+00:00,71.4659,-0.0475,96.4823,-0.0513,0.7648,0.0,1800.0,0.0,6.3572
254.0,2026-06-05T19:56:18.921226+00:00,71.3697,-0.1002,96.3707,-0.1166,0.7648,0.0,1800.0,0.0,6.3791
254.5,2026-06-05T19:56:19.421223+00:00,71.423,-0.1406,96.4006,-0.051,0.7648,0.0,1800.0,0.0,6.3898
255.0,2026-06-05T19:56:19.925732+00:00,71.4639,0.0192,96.3079,-0.1163,0.7648,0.0,1800.0,0.0,6.395
255.5,2026-06-05T19:56:20.421181+00:00,71.6227,0.0784,96.3524,-0.0894,0.7648,0.0,1800.0,0.0,6.3976
256.0,2026-06-05T19:56:20.921167+00:00,71.4902,0.0602,96.6179,0.047,0.7648,0.0,1800.0,0.0,6.3988
256.5,2026-06-05T19:56:21.421619+00:00,71.3883,-0.0173,96.7063,0.0747,0.7648,0.0,1800.0,0.0,6.3994
257.0,2026-06-05T19:56:21.921397+00:00,71.31,-0.077,96.6586,0.096,0.7648,0.0,1800.0,0.0,6.3997
257.5,2026-06-05T19:56:22.427665+00:00,71.3771,-0.1228,96.6219,0.0738,0.7648,0.0,1800.0,0.0,6.3999
258.0,2026-06-05T19:56:22.921397+00:00,71.4287,-0.0307,96.7094,0.1338,0.7648,0.0,1800.0,0.0,6.3999
258.5,2026-06-05T19:56:23.421370+00:00,71.5956,0.1036,96.6609,0.1029,0.7648,0.0,1800.0,0.0,6.4
259.0,2026-06-05T19:56:23.922460+00:00,71.4694,0.0797,96.508,-0.0366,0.7648,0.0,1800.0,0.0,6.4
259.5,2026-06-05T19:56:24.421216+00:00,71.4996,0.0612,96.6218,-0.0282,0.7648,0.0,1800.0,0.0,6.3488
260.0,2026-06-05T19:56:24.925997+00:00,71.2683,-0.0802,96.478,-0.0602,0.7648,0.0,1800.0,0.0,6.3238
260.5,2026-06-05T19:56:25.421183+00:00,71.345,-0.1253,96.4831,-0.0463,0.7648,0.0,1800.0,0.0,6.3116
261.0,2026-06-05T19:56:25.921281+00:00,71.2768,-0.0963,96.487,-0.0741,0.7648,0.0,1800.0,0.0,6.3057
261.5,2026-06-05T19:56:26.421191+00:00,71.4788,-0.0104,96.3511,-0.1033,0.7648,0.0,1800.0,0.0,6.3028
262.0,2026-06-05T19:56:26.921190+00:00,71.5069,0.1193,96.3856,-0.0408,0.7648,0.0,1800.0,0.0,6.3014
262.5,2026-06-05T19:56:27.427358+00:00,71.6557,0.1553,96.4121,-0.0699,0.7648,0.0,1800.0,0.0,6.2495
263.0,2026-06-05T19:56:27.921172+00:00,71.5155,0.1194,96.4324,-0.0152,0.7648,0.0,1800.0,0.0,6.2753
263.5,2026-06-05T19:56:28.421307+00:00,71.5351,0.0281,96.5638,0.0269,0.7648,0.0,1800.0,0.0,6.288
264.0,2026-06-05T19:56:28.921379+00:00,71.5501,0.0216,96.549,0.0207,0.7648,0.0,1800.0,0.0,6.2941
264.5,2026-06-05T19:56:29.421245+00:00,71.5616,-0.047,96.5377,0.0622,0.7648,0.0,1800.0,0.0,6.2971
265.0,2026-06-05T19:56:29.926678+00:00,71.4433,-0.0361,96.6446,0.0864,0.7648,0.0,1800.0,0.0,6.2986
265.5,2026-06-05T19:56:30.421279+00:00,71.4795,-0.0278,96.7269,0.1049,0.7648,0.0,1800.0,0.0,6.2993
266.0,2026-06-05T19:56:30.921618+00:00,71.6347,0.0423,96.5587,0.0421,0.7648,0.0,1800.0,0.0,6.2997
266.500324,2026-06-05T19:56:31.422317+00:00,71.6266,0.0325,96.6608,0.0323,0.7648,0.0,1800.0,0.0,6.2998
267.0,2026-06-05T19:56:31.921192+00:00,71.6205,0.0886,96.7393,0.0634,0.7648,0.0,1800.0,0.0,6.2999
267.5,2026-06-05T19:56:32.427887+00:00,71.743,0.1317,96.6839,0.0488,0.7648,0.0,1800.0,0.0,6.3
268.0,2026-06-05T19:56:32.924234+00:00,71.7099,0.0376,96.6414,-0.0011,0.7648,0.0,1800.0,0.0,6.3
268.5,2026-06-05T19:56:33.422373+00:00,71.6845,0.0289,96.7243,-0.0008,0.7648,0.0,1800.0,0.0,6.3
269.0,2026-06-05T19:56:33.921980+00:00,71.7922,0.0859,96.7881,0.0765,0.7648,0.0,1800.0,0.0,6.3
269.5,2026-06-05T19:56:34.421293+00:00,71.6205,-0.0613,96.7215,0.0202,0.7648,0.0,1800.0,0.0,6.3
270.0,2026-06-05T19:56:34.927056+00:00,71.743,0.0165,96.7859,0.0155,0.7648,0.0,1800.0,0.0,6.3512
270.5,2026-06-05T19:56:35.421183+00:00,71.7099,0.0127,96.8355,0.0505,0.7648,0.0,1800.0,0.0,6.3762
271.0,2026-06-05T19:56:35.921542+00:00,71.8117,0.0098,96.7578,0.0388,0.7648,0.0,1800.0,0.0,6.3884
271.5,2026-06-05T19:56:36.421402+00:00,71.7627,0.0711,96.8139,0.0298,0.7648,0.0,1800.0,0.0,6.3943
272.0,2026-06-05T19:56:36.921694+00:00,71.8524,0.0547,96.7412,-0.0156,0.7648,0.0,1800.0,0.0,6.3972
272.5,2026-06-05T19:56:37.427102+00:00,71.9212,0.1057,96.8011,0.0266,0.7648,0.0,1800.0,0.0,6.3986
273.0,2026-06-05T19:56:37.921230+00:00,71.7196,-0.0461,96.8471,0.0204,0.7648,0.0,1800.0,0.0,6.3993
273.5,2026-06-05T19:56:38.421203+00:00,71.6919,-0.0354,96.7668,-0.0229,0.7648,0.0,1800.0,0.0,6.3485
274.0,2026-06-05T19:56:38.921176+00:00,71.7979,-0.0272,96.8208,0.021,0.7648,0.0,1800.0,0.0,6.3237
274.5,2026-06-05T19:56:39.421201+00:00,71.8794,-0.0209,96.8622,0.0161,0.7648,0.0,1800.0,0.0,6.3115
275.0,2026-06-05T19:56:39.925838+00:00,71.8148,0.0476,96.7784,0.0124,0.7648,0.0,1800.0,0.0,6.3056
275.5,2026-06-05T19:56:40.421531+00:00,71.8923,0.1002,96.714,-0.029,0.7648,0.0,1800.0,0.0,6.3027
276.0,2026-06-05T19:56:40.921193+00:00,71.8247,0.0134,96.7802,-0.0223,0.7648,0.0,1800.0,0.0,6.3525
276.5,2026-06-05T19:56:41.421623+00:00,71.3909,-0.2443,96.7153,-0.0172,0.7648,0.0,1800.0,0.0,6.3768
277.0,2026-06-05T19:56:41.921194+00:00,71.5665,-0.1241,96.5498,-0.0903,0.7648,0.0,1800.0,0.0,6.3887
277.5,2026-06-05T19:56:42.427294+00:00,71.5743,-0.159,96.4226,-0.1466,0.7648,0.0,1800.0,0.0,6.3945
278.0,2026-06-05T19:56:42.921334+00:00,71.7075,-0.0586,96.5562,-0.0741,0.7648,0.0,1800.0,0.0,6.3973
278.5,2026-06-05T19:56:43.421433+00:00,71.4281,0.0186,96.5432,-0.0569,0.7648,0.0,1800.0,0.0,6.3987
279.0,2026-06-05T19:56:43.921537+00:00,71.5951,0.0143,96.6489,-0.0438,0.7648,0.0,1800.0,0.0,6.3994
279.5,2026-06-05T19:56:44.421599+00:00,71.5963,0.011,96.4987,-0.0722,0.7648,0.0,1800.0,0.0,6.3997
280.0,2026-06-05T19:56:44.930420+00:00,71.7244,0.0084,96.499,-0.0169,0.7648,0.0,1800.0,0.0,6.3998
280.5,2026-06-05T19:56:45.421296+00:00,71.8229,0.1974,96.3836,-0.013,0.7648,0.0,1800.0,0.0,6.3999
281.0,2026-06-05T19:56:45.921194+00:00,71.8986,0.1517,96.4105,-0.0486,0.7648,0.0,1800.0,0.0,6.4
281.5,2026-06-05T19:56:46.421166+00:00,71.7022,0.053,96.4312,-0.0373,0.7648,0.0,1800.0,0.0,6.4
282.0,2026-06-05T19:56:46.921274+00:00,71.6786,-0.0229,96.4471,-0.0673,0.7648,0.0,1800.0,0.0,6.3488
282.5,2026-06-05T19:56:47.428747+00:00,71.6604,-0.0812,96.4594,-0.0131,0.7648,0.0,1800.0,0.0,6.375
283.0,2026-06-05T19:56:47.922005+00:00,71.6464,-0.1261,96.3531,-0.0487,0.7648,0.0,1800.0,0.0,6.3878
283.5,2026-06-05T19:56:48.421600+00:00,71.7629,0.0304,96.3871,0.0012,0.7648,0.0,1800.0,0.0,6.394
284.0,2026-06-05T19:56:48.921983+00:00,71.7252,0.0233,96.2975,-0.0377,0.7648,0.0,1800.0,0.0,6.3971
284.5,2026-06-05T19:56:49.421172+00:00,71.8235,0.0816,96.2287,-0.0675,0.7648,0.0,1800.0,0.0,6.3986
285.0,2026-06-05T19:56:49.929530+00:00,71.7718,0.0627,96.2914,-0.0519,0.7648,0.0,1800.0,0.0,6.3993
285.5,2026-06-05T19:56:50.421428+00:00,71.8593,0.0482,96.4554,-0.0013,0.7648,0.0,1800.0,0.0,6.3485
286.0,2026-06-05T19:56:50.921200+00:00,71.9266,0.1007,96.4657,0.0376,0.7648,0.0,1800.0,0.0,6.3236
286.5,2026-06-05T19:56:51.421844+00:00,72.1056,0.141,96.5894,0.0674,0.7648,0.0,1800.0,0.0,6.3115
287.0,2026-06-05T19:56:51.921229+00:00,71.9886,0.1084,96.6844,0.129,0.7648,0.0,1800.0,0.0,6.3056
287.5,2026-06-05T19:56:52.430577+00:00,71.8987,0.0197,96.6417,0.1377,0.7648,0.0,1800.0,0.0,6.3027
288.0,2026-06-05T19:56:52.921194+00:00,72.0841,0.0788,96.6089,0.1058,0.7648,0.0,1800.0,0.0,6.3525
288.5,2026-06-05T19:56:53.421266+00:00,71.9721,-0.0667,96.5837,0.0428,0.7648,0.0,1800.0,0.0,6.3768
289.0,2026-06-05T19:56:53.921222+00:00,72.0132,0.0123,96.4486,-0.0057,0.7648,0.0,1800.0,0.0,6.3887
289.5,2026-06-05T19:56:54.421440+00:00,72.1722,0.1368,96.4605,-0.0429,0.7648,0.0,1800.0,0.0,6.3433
290.0,2026-06-05T19:56:54.926935+00:00,71.9125,-0.0858,96.5854,-0.033,0.7648,0.0,1800.0,0.0,6.3211
290.5,2026-06-05T19:56:55.421204+00:00,71.8402,-0.0659,96.5656,-0.0254,0.7648,0.0,1800.0,0.0,6.3103
291.0,2026-06-05T19:56:55.921206+00:00,71.9119,-0.0507,96.6661,0.0191,0.7648,0.0,1800.0,0.0,6.305
291.5,2026-06-05T19:56:56.421200+00:00,71.967,-0.1026,96.8591,0.0918,0.7648,0.0,1800.0,0.0,6.3025
292.0,2026-06-05T19:56:56.923331+00:00,72.0093,0.0484,96.776,0.1091,0.7648,0.0,1800.0,0.0,6.3012
292.5,2026-06-05T19:56:57.426086+00:00,72.0419,0.1008,96.8278,0.1224,0.7648,0.0,1800.0,0.0,6.3006
293.0,2026-06-05T19:56:57.921336+00:00,72.0669,0.0775,96.752,0.0555,0.7648,0.0,1800.0,0.0,6.3003
293.5,2026-06-05T19:56:58.421344+00:00,72.0861,0.0596,96.8094,0.0813,0.7648,0.0,1800.0,0.0,6.3001
294.0,2026-06-05T19:56:58.922055+00:00,72.1009,0.0458,96.6221,-0.0147,0.7648,0.0,1800.0,0.0,6.3001
294.5,2026-06-05T19:56:59.422083+00:00,72.1123,0.0352,96.7095,-0.0499,0.7648,0.0,1800.0,0.0,6.3
295.0,2026-06-05T19:56:59.927268+00:00,72.2483,0.0907,96.661,-0.0383,0.7648,0.0,1800.0,0.0,6.3
295.5,2026-06-05T19:57:00.421249+00:00,72.2255,0.0697,96.6238,-0.068,0.7648,0.0,1800.0,0.0,6.3
296.0,2026-06-05T19:57:00.921224+00:00,72.0808,-0.0101,96.5951,-0.0523,0.7648,0.0,1800.0,0.0,6.3
296.5,2026-06-05T19:57:01.421201+00:00,71.9695,-0.0714,96.5731,-0.0787,0.7648,0.0,1800.0,0.0,6.3
297.0,2026-06-05T19:57:01.922712+00:00,71.884,-0.1821,96.5562,-0.022,0.7648,0.0,1800.0,0.0,6.3
297.5,2026-06-05T19:57:02.427129+00:00,71.9456,-0.14,96.4275,-0.094,0.7648,0.0,1800.0,0.0,6.2488
298.0,2026-06-05T19:57:02.922686+00:00,71.9929,-0.044,96.56,-0.0337,0.7648,0.0,1800.0,0.0,6.275
298.5,2026-06-05T19:57:03.421557+00:00,72.0292,0.0299,96.6618,0.0127,0.7648,0.0,1800.0,0.0,6.2878
299.0,2026-06-05T19:57:03.922666+00:00,72.1844,0.1502,96.7401,0.0483,0.7648,0.0,1800.0,0.0,6.294
299.5,2026-06-05T19:57:04.421279+00:00,72.1765,0.1155,96.6845,0.0371,0.7648,0.0,1800.0,0.0,6.2971
300.0,2026-06-05T19:57:04.929445+00:00,72.1704,0.0887,96.6418,0.0285,0.7648,0.0,1800.0,0.0,6.2986
300.5,2026-06-05T19:57:05.421242+00:00,72.0384,0.0046,96.7247,0.0991,0.7648,0.0,1800.0,0.0,6.2993
301.0,2026-06-05T19:57:05.921344+00:00,72.1915,0.0035,96.6727,0.0376,0.7648,0.0,1800.0,0.0,6.2997
301.5,2026-06-05T19:57:06.421717+00:00,71.9273,-0.1246,96.6327,-0.0097,0.7648,0.0,1800.0,0.0,6.2998
302.0,2026-06-05T19:57:06.921721+00:00,71.9789,-0.0957,96.602,-0.046,0.7648,0.0,1800.0,0.0,6.2999
302.5,2026-06-05T19:57:07.428286+00:00,71.8912,-0.0736,96.4627,-0.0739,0.7648,0.0,1800.0,0.0,6.3
303.0,2026-06-05T19:57:07.921365+00:00,71.9511,-0.1202,96.4713,-0.0568,0.7648,0.0,1800.0,0.0,6.3512
303.5,2026-06-05T19:57:08.421596+00:00,72.1244,0.0985,96.5937,-0.0437,0.7648,0.0,1800.0,0.0,6.3762
304.0,2026-06-05T19:57:08.921756+00:00,72.003,0.0121,96.572,-0.0336,0.7648,0.0,1800.0,0.0,6.3884
304.5,2026-06-05T19:57:09.421205+00:00,71.7825,-0.0543,96.671,0.0128,0.7648,0.0,1800.0,0.0,6.3943
305.0,2026-06-05T19:57:09.929829+00:00,71.7403,-0.1054,96.6315,0.0098,0.7648,0.0,1800.0,0.0,6.3972
305.5,2026-06-05T19:57:10.421236+00:00,71.8351,-0.1446,96.7167,0.0847,0.7648,0.0,1800.0,0.0,6.3986
306.0,2026-06-05T19:57:10.921641+00:00,72.0352,0.0161,96.7823,0.1036,0.7648,0.0,1800.0,0.0,6.3993
306.5,2026-06-05T19:57:11.421291+00:00,72.0618,0.1396,96.8327,0.0797,0.7648,0.0,1800.0,0.0,6.3997
307.0,2026-06-05T19:57:11.921638+00:00,72.2095,0.2346,96.64,0.0227,0.7648,0.0,1800.0,0.0,6.3998
307.5,2026-06-05T19:57:12.426410+00:00,72.1957,0.1803,96.7233,0.0174,0.7648,0.0,1800.0,0.0,6.3487
308.0,2026-06-05T19:57:12.921197+00:00,72.1851,0.075,96.6716,0.0134,0.7648,0.0,1800.0,0.0,6.375
308.5,2026-06-05T19:57:13.421804+00:00,72.177,0.0576,96.6319,-0.0283,0.7648,0.0,1800.0,0.0,6.3878
309.0,2026-06-05T19:57:13.921606+00:00,72.0435,-0.083,96.7171,-0.0217,0.7648,0.0,1800.0,0.0,6.394
309.5,2026-06-05T19:57:14.421214+00:00,72.0681,-0.0638,96.7826,-0.0167,0.7648,0.0,1800.0,0.0,6.3971
310.0,2026-06-05T19:57:14.926737+00:00,71.9598,-0.1127,96.8329,0.0643,0.7648,0.0,1800.0,0.0,6.3986
310.5,2026-06-05T19:57:15.421205+00:00,72.0038,-0.0866,96.7558,0.0109,0.7648,0.0,1800.0,0.0,6.3481
311.0,2026-06-05T19:57:15.921201+00:00,71.9104,-0.0666,96.8123,0.0469,0.7648,0.0,1800.0,0.0,6.3235
311.5,2026-06-05T19:57:16.421213+00:00,71.9658,-0.0512,96.8558,0.0746,0.7648,0.0,1800.0,0.0,6.3115
312.0,2026-06-05T19:57:16.921359+00:00,72.0084,0.0243,96.7734,0.0188,0.7648,0.0,1800.0,0.0,6.3056
312.500001,2026-06-05T19:57:17.427194+00:00,72.0412,0.0187,96.7102,-0.0241,0.7648,0.0,1800.0,0.0,6.3027
313.0,2026-06-05T19:57:17.921294+00:00,72.0664,0.078,96.7772,-0.0185,0.7648,0.0,1800.0,0.0,6.3013
313.5,2026-06-05T19:57:18.421960+00:00,71.9585,-0.0037,96.8288,0.0243,0.7648,0.0,1800.0,0.0,6.3006
314.0,2026-06-05T19:57:18.921572+00:00,72.0028,-0.0028,96.9841,0.0573,0.7648,0.0,1800.0,0.0,6.3003
314.5,2026-06-05T19:57:19.421676+00:00,71.9096,-0.0658,96.8721,0.0054,0.7648,0.0,1800.0,0.0,6.3002
315.0,2026-06-05T19:57:19.929427+00:00,71.8379,-0.1142,96.9017,0.0427,0.7648,0.0,1800.0,0.0,6.3001
315.500169,2026-06-05T19:57:20.421465+00:00,71.6556,-0.1514,96.9244,0.0714,0.7648,0.0,1800.0,0.0,6.3
316.0,2026-06-05T19:57:20.921187+00:00,71.6427,-0.18,96.7105,-0.0222,0.7648,0.0,1800.0,0.0,6.3
316.5,2026-06-05T19:57:21.421179+00:00,71.6329,-0.1384,96.6618,-0.0557,0.7648,0.0,1800.0,0.0,6.3
317.0,2026-06-05T19:57:21.921209+00:00,71.6252,-0.1063,96.6244,-0.1199,0.7648,0.0,1800.0,0.0,6.3
317.5,2026-06-05T19:57:22.427091+00:00,71.4921,-0.0817,96.5956,-0.0922,0.7648,0.0,1800.0,0.0,6.2488
318.0,2026-06-05T19:57:22.921167+00:00,71.6444,0.0008,96.6892,-0.0708,0.7648,0.0,1800.0,0.0,6.275
318.5,2026-06-05T19:57:23.421469+00:00,71.6341,0.0006,96.6454,-0.093,0.7648,0.0,1800.0,0.0,6.2878
319.0,2026-06-05T19:57:23.921182+00:00,71.7535,0.0641,96.7274,0.0056,0.7648,0.0,1800.0,0.0,6.2941
319.5,2026-06-05T19:57:24.421221+00:00,71.8452,0.1765,96.6748,0.0043,0.7648,0.0,1800.0,0.0,6.2971
320.0,2026-06-05T19:57:24.926854+00:00,71.7885,0.0721,96.5187,-0.0352,0.7648,0.0,1800.0,0.0,6.2986
320.5,2026-06-05T19:57:25.421659+00:00,71.8721,0.119,96.63,0.0115,0.7648,0.0,1800.0,0.0,6.3505
321.0,2026-06-05T19:57:25.921683+00:00,71.9364,0.0915,96.6,-0.0297,0.7648,0.0,1800.0,0.0,6.3758
321.5,2026-06-05T19:57:26.421366+00:00,71.7313,-0.057,96.5768,-0.0229,0.7648,0.0,1800.0,0.0,6.3882
322.0,2026-06-05T19:57:26.922173+00:00,71.9555,0.0835,96.6747,-0.0176,0.7648,0.0,1800.0,0.0,6.3942
322.5,2026-06-05T19:57:27.430479+00:00,71.8732,0.0005,96.6343,-0.0135,0.7648,0.0,1800.0,0.0,6.346
323.000407,2026-06-05T19:57:27.921615+00:00,72.0645,0.064,96.7189,0.0668,0.7648,0.0,1800.0,0.0,6.3224
323.5,2026-06-05T19:57:28.421200+00:00,72.2116,0.2401,96.784,0.0513,0.7648,0.0,1800.0,0.0,6.311
324.0,2026-06-05T19:57:28.921207+00:00,72.0701,0.0573,96.834,0.078,0.7648,0.0,1800.0,0.0,6.3053
324.5,2026-06-05T19:57:29.421194+00:00,72.0886,0.1077,96.8724,0.0985,0.7648,0.0,1800.0,0.0,6.3026
325.0,2026-06-05T19:57:29.926535+00:00,71.9755,-0.0445,96.7862,0.0372,0.7648,0.0,1800.0,0.0,6.3013
325.5,2026-06-05T19:57:30.421431+00:00,72.1432,-0.0342,96.72,0.0286,0.7648,0.0,1800.0,0.0,6.3006
326.0,2026-06-05T19:57:30.921223+00:00,72.1447,0.0373,96.9005,0.0605,0.7648,0.0,1800.0,0.0,6.3003
326.5,2026-06-05T19:57:31.421219+00:00,72.146,0.0287,96.9235,0.0465,0.7648,0.0,1800.0,0.0,6.3001
327.0,2026-06-05T19:57:31.921208+00:00,72.2742,0.1493,96.9412,0.0357,0.7648,0.0,1800.0,0.0,6.3001
327.5,2026-06-05T19:57:32.429330+00:00,72.2454,0.0511,96.7234,-0.0497,0.7648,0.0,1800.0,0.0,6.3
328.0,2026-06-05T19:57:32.923039+00:00,72.3506,0.1029,96.6717,-0.0382,0.7648,0.0,1800.0,0.0,6.3
328.5,2026-06-05T19:57:33.421823+00:00,72.3042,0.0791,96.5163,-0.0679,0.7648,0.0,1800.0,0.0,6.3
329.0,2026-06-05T19:57:33.923086+00:00,72.3958,0.0608,96.42,-0.1602,0.7648,0.0,1800.0,0.0,6.3
329.501358,2026-06-05T19:57:34.422763+00:00,72.2116,-0.0169,96.5542,-0.1231,0.7648,0.0,1800.0,0.0,6.3
330.0,2026-06-05T19:57:34.929087+00:00,72.3246,-0.013,96.5416,-0.1332,0.7648,0.0,1800.0,0.0,6.3
330.5,2026-06-05T19:57:35.421179+00:00,72.2842,-0.01,96.6477,-0.0252,0.7648,0.0,1800.0,0.0,6.3
331.0,2026-06-05T19:57:35.921208+00:00,72.1259,-0.1349,96.6135,-0.0194,0.7648,0.0,1800.0,0.0,6.3
331.5,2026-06-05T19:57:36.421256+00:00,72.1315,-0.0401,96.4716,-0.0149,0.7648,0.0,1800.0,0.0,6.3
332.0,2026-06-05T19:57:36.922543+00:00,72.1358,-0.0944,96.4781,0.0194,0.7648,0.0,1800.0,0.0,6.3
332.5,2026-06-05T19:57:37.427761+00:00,72.2663,-0.009,96.4832,-0.0237,0.7648,0.0,1800.0,0.0,6.3
333.0,2026-06-05T19:57:37.921973+00:00,72.1121,-0.0069,96.3714,-0.0568,0.7648,0.0,1800.0,0.0,6.3512
333.5,2026-06-05T19:57:38.421256+00:00,72.2482,0.0583,96.2854,-0.1208,0.7648,0.0,1800.0,0.0,6.325
334.0,2026-06-05T19:57:38.921179+00:00,72.2255,0.0448,96.2194,-0.1314,0.7648,0.0,1800.0,0.0,6.3122
334.5,2026-06-05T19:57:39.421205+00:00,72.208,-0.0292,96.4,-0.0238,0.7648,0.0,1800.0,0.0,6.306
335.0,2026-06-05T19:57:39.927680+00:00,72.3218,0.1049,96.5389,0.0202,0.7648,0.0,1800.0,0.0,6.3029
335.5,2026-06-05T19:57:40.421610+00:00,72.4093,0.0806,96.5299,0.0156,0.7648,0.0,1800.0,0.0,6.3014
336.0,2026-06-05T19:57:40.921260+00:00,72.4766,0.1256,96.2916,-0.0266,0.7648,0.0,1800.0,0.0,6.3007
336.5,2026-06-05T19:57:41.422088+00:00,72.401,0.0965,96.1084,-0.059,0.7648,0.0,1800.0,0.0,6.3003
337.0,2026-06-05T19:57:41.921266+00:00,72.3429,0.0105,96.199,-0.0068,0.7648,0.0,1800.0,0.0,6.3002
337.5,2026-06-05T19:57:42.426996+00:00,72.4256,0.0081,96.2687,-0.0438,0.7648,0.0,1800.0,0.0,6.3001
338.0,2026-06-05T19:57:42.921792+00:00,72.3618,-0.0574,96.4379,-0.0337,0.7648,0.0,1800.0,0.0,6.3
338.5,2026-06-05T19:57:43.423686+00:00,72.3128,-0.0441,96.3366,-0.0644,0.7648,0.0,1800.0,0.0,6.3
339.000167,2026-06-05T19:57:43.921540+00:00,72.1478,-0.0975,96.4901,0.0662,0.7648,0.0,1800.0,0.0,6.3512
339.5,2026-06-05T19:57:44.421245+00:00,72.1483,-0.1386,96.3767,0.0894,0.7648,0.0,1800.0,0.0,6.3762
340.0,2026-06-05T19:57:44.928106+00:00,72.1487,-0.1065,96.5209,0.1073,0.7648,0.0,1800.0,0.0,6.3884
340.5,2026-06-05T19:57:45.421239+00:00,72.149,-0.0819,96.6318,0.121,0.7648,0.0,1800.0,0.0,6.3943
341.0,2026-06-05T19:57:45.921185+00:00,72.1492,0.0007,96.6013,0.0545,0.7648,0.0,1800.0,0.0,6.3972
341.5,2026-06-05T19:57:46.421240+00:00,71.8949,-0.1267,96.5778,0.0804,0.7648,0.0,1800.0,0.0,6.3474
342.0,2026-06-05T19:57:46.921261+00:00,71.9539,-0.0974,96.5598,0.0232,0.7648,0.0,1800.0,0.0,6.3232
342.5,2026-06-05T19:57:47.428390+00:00,71.872,-0.1385,96.546,0.0564,0.7648,0.0,1800.0,0.0,6.3113
343.0,2026-06-05T19:57:47.921234+00:00,71.9363,-0.1065,96.5353,0.0048,0.7648,0.0,1800.0,0.0,6.3567
343.5,2026-06-05T19:57:48.421379+00:00,71.9858,0.0455,96.4115,-0.0734,0.7648,0.0,1800.0,0.0,6.3789
344.0,2026-06-05T19:57:48.921233+00:00,71.8965,-0.0287,96.3163,-0.095,0.7648,0.0,1800.0,0.0,6.3897
344.5,2026-06-05T19:57:49.421253+00:00,72.0824,0.1052,96.4745,-0.0345,0.7648,0.0,1800.0,0.0,6.3438
345.0,2026-06-05T19:57:49.926422+00:00,72.2253,0.1445,96.4804,-0.0265,0.7648,0.0,1800.0,0.0,6.3214
345.5,2026-06-05T19:57:50.422154+00:00,72.3352,0.1747,96.4849,-0.0204,0.7648,0.0,1800.0,0.0,6.3104
346.0,2026-06-05T19:57:50.921282+00:00,72.5469,0.3252,96.6041,0.0229,0.7648,0.0,1800.0,0.0,6.3051
346.5,2026-06-05T19:57:51.421616+00:00,72.455,0.1863,96.58,0.0562,0.7648,0.0,1800.0,0.0,6.3025
347.000164,2026-06-05T19:57:51.921536+00:00,72.2572,0.0159,96.5615,0.0817,0.7648,0.0,1800.0,0.0,6.3012
347.5,2026-06-05T19:57:52.426811+00:00,72.4869,0.0759,96.4316,-0.0143,0.7648,0.0,1800.0,0.0,6.3006
348.0,2026-06-05T19:57:52.921226+00:00,72.409,-0.069,96.3317,-0.0496,0.7648,0.0,1800.0,0.0,6.3003
348.5,2026-06-05T19:57:53.421196+00:00,72.349,-0.053,96.3706,-0.0381,0.7648,0.0,1800.0,0.0,6.3001
349.0,2026-06-05T19:57:53.921240+00:00,72.303,0.0229,96.5163,-0.0293,0.7648,0.0,1800.0,0.0,6.3001
349.5,2026-06-05T19:57:54.421194+00:00,72.3948,-0.046,96.5125,-0.0225,0.7648,0.0,1800.0,0.0,6.3
350.0,2026-06-05T19:57:54.929062+00:00,72.3382,-0.0354,96.6253,0.0213,0.7648,0.0,1800.0,0.0,6.3
350.5,2026-06-05T19:57:55.421311+00:00,72.5492,0.1001,96.712,0.0935,0.7648,0.0,1800.0,0.0,6.3
351.0,2026-06-05T19:57:55.921194+00:00,72.5841,0.1406,96.7787,0.149,0.7648,0.0,1800.0,0.0,6.3
351.5,2026-06-05T19:57:56.421414+00:00,72.3564,-0.0192,96.7142,0.1145,0.7648,0.0,1800.0,0.0,6.3
352.0,2026-06-05T19:57:56.921475+00:00,72.3086,-0.0148,96.7803,0.088,0.7648,0.0,1800.0,0.0,6.3
352.5,2026-06-05T19:57:57.428008+00:00,72.5264,-0.0114,96.9469,0.1448,0.7648,0.0,1800.0,0.0,6.3
353.0,2026-06-05T19:57:57.921876+00:00,72.5666,-0.0087,96.8434,0.0727,0.7648,0.0,1800.0,0.0,6.3
353.501031,2026-06-05T19:57:58.422436+00:00,72.4702,0.0569,96.8797,0.0559,0.7648,0.0,1800.0,0.0,6.3
354.0,2026-06-05T19:57:58.921180+00:00,72.3961,0.0437,96.9075,0.043,0.7648,0.0,1800.0,0.0,6.3
354.5,2026-06-05T19:57:59.421206+00:00,72.2119,-0.1573,96.8132,0.033,0.7648,0.0,1800.0,0.0,6.3
355.0,2026-06-05T19:57:59.925553+00:00,72.1976,-0.1845,96.625,-0.0518,0.7648,0.0,1800.0,0.0,6.3512
355.5,2026-06-05T19:58:00.421195+00:00,72.1866,-0.1418,96.5961,-0.1169,0.7648,0.0,1800.0,0.0,6.325
356.0,2026-06-05T19:58:00.921164+00:00,72.1781,-0.109,96.4582,-0.1284,0.7648,0.0,1800.0,0.0,6.3122
356.5,2026-06-05T19:58:01.421288+00:00,72.1716,-0.0201,96.5835,-0.0987,0.7648,0.0,1800.0,0.0,6.306
357.0,2026-06-05T19:58:01.921372+00:00,72.4211,0.1118,96.6799,-0.0759,0.7648,0.0,1800.0,0.0,6.3029
357.5,2026-06-05T19:58:02.426473+00:00,72.3584,0.0859,96.8697,0.0188,0.7648,0.0,1800.0,0.0,6.3014
358.0,2026-06-05T19:58:02.921265+00:00,72.5647,0.1933,96.8998,0.0916,0.7648,0.0,1800.0,0.0,6.3519
358.5,2026-06-05T19:58:03.421301+00:00,72.4688,0.1486,96.923,0.109,0.7648,0.0,1800.0,0.0,6.3765
359.0,2026-06-05T19:58:03.921761+00:00,72.395,-0.0131,96.9408,0.1609,0.7648,0.0,1800.0,0.0,6.3885
359.5,2026-06-05T19:58:04.421269+00:00,72.3383,-0.01,96.8388,0.0851,0.7648,0.0,1800.0,0.0,6.3944
360.002559,2026-06-05T19:58:04.930337+00:00,72.422,-0.0714,96.7604,0.0268,0.7648,0.0,1800.0,0.0,6.3973
360.5,2026-06-05T19:58:05.421183+00:00,72.4863,0.0088,96.8159,-0.0179,0.7648,0.0,1800.0,0.0,6.3475
361.0,2026-06-05T19:58:05.921187+00:00,72.5358,0.0704,96.5114,-0.1295,0.7648,0.0,1800.0,0.0,6.3232
361.5,2026-06-05T19:58:06.421203+00:00,72.5738,0.1177,96.1616,-0.2538,0.7648,0.0,1800.0,0.0,6.3113
362.0,2026-06-05T19:58:06.921492+00:00,72.3484,-0.0368,96.1242,-0.2722,0.7648,0.0,1800.0,0.0,6.3055
362.5,2026-06-05T19:58:07.427430+00:00,72.4298,-0.0283,96.2112,-0.2092,0.7648,0.0,1800.0,0.0,6.3027
363.0,2026-06-05T19:58:07.921172+00:00,72.365,-0.0854,96.1623,-0.1994,0.7648,0.0,1800.0,0.0,6.3525
363.5,2026-06-05T19:58:08.421189+00:00,72.4426,-0.0656,96.2405,-0.1918,0.7648,0.0,1800.0,0.0,6.3768
364.0,2026-06-05T19:58:08.922586+00:00,72.3749,0.0132,96.4162,-0.0317,0.7648,0.0,1800.0,0.0,6.3887
364.5,2026-06-05T19:58:09.421207+00:00,72.4501,0.0102,96.4356,0.0913,0.7648,0.0,1800.0,0.0,6.3433
365.0,2026-06-05T19:58:09.925663+00:00,72.5079,0.0714,96.4505,0.1088,0.7648,0.0,1800.0,0.0,6.3211
365.5,2026-06-05T19:58:10.421923+00:00,72.6796,0.1185,96.462,0.0836,0.7648,0.0,1800.0,0.0,6.3103
366.0,2026-06-05T19:58:10.921673+00:00,72.6844,0.1547,96.5865,0.1414,0.7648,0.0,1800.0,0.0,6.305
366.5,2026-06-05T19:58:11.421477+00:00,72.688,0.1189,96.5665,0.1087,0.7648,0.0,1800.0,0.0,6.3025
367.0,2026-06-05T19:58:11.921190+00:00,72.5635,0.0278,96.5511,0.045,0.7648,0.0,1800.0,0.0,6.3012
367.5,2026-06-05T19:58:12.427715+00:00,72.4678,-0.1059,96.4236,-0.004,0.7648,0.0,1800.0,0.0,6.3006
368.0,2026-06-05T19:58:12.921617+00:00,72.3943,-0.145,96.3024,-0.0494,0.7648,0.0,1800.0,0.0,6.3003
368.5,2026-06-05T19:58:13.421638+00:00,72.5923,-0.0478,96.2324,-0.0765,0.7648,0.0,1800.0,0.0,6.3001
369.0,2026-06-05T19:58:13.923622+00:00,72.7445,0.0905,96.0629,-0.1745,0.7648,0.0,1800.0,0.0,6.3001
369.5,2026-06-05T19:58:14.421298+00:00,72.7342,0.1332,96.0484,-0.1727,0.7648,0.0,1800.0,0.0,6.3
370.0,2026-06-05T19:58:14.931575+00:00,72.599,0.1024,96.1529,-0.1327,0.7648,0.0,1800.0,0.0,6.3
370.500866,2026-06-05T19:58:15.422087+00:00,72.6224,0.015,96.0944,-0.1097,0.7648,0.0,1800.0,0.0,6.3
371.0,2026-06-05T19:58:15.921198+00:00,72.8949,0.0752,96.3039,0.0005,0.7648,0.0,1800.0,0.0,6.3
371.5,2026-06-05T19:58:16.421196+00:00,72.8498,0.0578,96.2336,0.0004,0.7648,0.0,1800.0,0.0,6.3
372.0,2026-06-05T19:58:16.921222+00:00,72.6879,0.0444,96.2952,0.0774,0.7648,0.0,1800.0,0.0,6.3
372.5,2026-06-05T19:58:17.425538+00:00,72.6907,0.0341,96.4583,0.1366,0.7648,0.0,1800.0,0.0,6.3
373.0,2026-06-05T19:58:17.921216+00:00,72.6928,-0.101,96.468,0.105,0.7648,0.0,1800.0,0.0,6.3
373.5,2026-06-05T19:58:18.422553+00:00,72.8218,-0.014,96.4754,0.127,0.7648,0.0,1800.0,0.0,6.3
374.0,2026-06-05T19:58:18.921219+00:00,73.0481,0.1801,96.4811,0.059,0.7648,0.0,1800.0,0.0,6.3
374.5,2026-06-05T19:58:19.421194+00:00,72.9676,0.1385,96.6012,0.1225,0.7648,0.0,1800.0,0.0,6.3
375.0,2026-06-05T19:58:19.925953+00:00,72.9057,0.1064,96.6934,0.1327,0.7648,0.0,1800.0,0.0,6.3
375.5,2026-06-05T19:58:20.421265+00:00,72.8581,0.0182,96.7644,0.102,0.7648,0.0,1800.0,0.0,6.3
376.0,2026-06-05T19:58:20.921867+00:00,72.8215,-0.1133,96.8189,0.117,0.7648,0.0,1800.0,0.0,6.3
376.5,2026-06-05T19:58:21.421865+00:00,72.7934,-0.0871,96.6294,0.0513,0.7648,0.0,1800.0,0.0,6.3
377.0,2026-06-05T19:58:21.921260+00:00,72.899,-0.0033,96.5995,0.0395,0.7648,0.0,1800.0,0.0,6.3
377.5,2026-06-05T19:58:22.428822+00:00,72.9803,0.0611,96.5764,-0.0082,0.7648,0.0,1800.0,0.0,6.3
378.0,2026-06-05T19:58:22.921181+00:00,73.0427,0.1106,96.5588,-0.0449,0.7648,0.0,1800.0,0.0,6.3
378.5,2026-06-05T19:58:23.421208+00:00,73.0906,0.1486,96.6609,-0.0345,0.7648,0.0,1800.0,0.0,6.3
379.0,2026-06-05T19:58:23.921181+00:00,73.0003,0.0506,96.7393,-0.0265,0.7648,0.0,1800.0,0.0,6.3
379.5,2026-06-05T19:58:24.421231+00:00,72.8035,-0.0884,96.684,0.0182,0.7648,0.0,1800.0,0.0,6.3
380.0,2026-06-05T19:58:24.926859+00:00,72.9068,-0.0679,96.6414,0.014,0.7648,0.0,1800.0,0.0,6.3
380.5,2026-06-05T19:58:25.421284+00:00,72.859,-0.1158,96.7244,0.0493,0.7648,0.0,1800.0,0.0,6.3
381.0,2026-06-05T19:58:25.921166+00:00,72.6949,-0.1527,96.6725,0.0379,0.7648,0.0,1800.0,0.0,6.2488
381.5,2026-06-05T19:58:26.421677+00:00,72.6961,-0.0537,96.7482,0.0291,0.7648,0.0,1800.0,0.0,6.2238
382.0,2026-06-05T19:58:26.921664+00:00,72.5697,-0.1685,96.5751,-0.0547,0.7648,0.0,1800.0,0.0,6.2628
382.5,2026-06-05T19:58:27.429566+00:00,72.5999,-0.1295,96.5577,-0.0421,0.7648,0.0,1800.0,0.0,6.2819
383.0,2026-06-05T19:58:27.921200+00:00,72.623,-0.0359,96.5444,-0.0323,0.7648,0.0,1800.0,0.0,6.3423
383.5,2026-06-05T19:58:28.421430+00:00,72.7681,0.036,96.6498,-0.0249,0.7648,0.0,1800.0,0.0,6.3207
384.0,2026-06-05T19:58:28.921237+00:00,72.7524,0.0913,96.4994,-0.0577,0.7648,0.0,1800.0,0.0,6.3101
384.5,2026-06-05T19:58:29.421194+00:00,72.7402,0.0702,96.4996,-0.0829,0.7648,0.0,1800.0,0.0,6.3049
385.0,2026-06-05T19:58:29.928098+00:00,72.7309,0.0539,96.6154,0.0134,0.7648,0.0,1800.0,0.0,6.3024
385.5,2026-06-05T19:58:30.421220+00:00,72.5965,-0.0858,96.5887,0.0103,0.7648,0.0,1800.0,0.0,6.3012
386.0,2026-06-05T19:58:30.921187+00:00,72.7477,-0.0023,96.6839,0.0465,0.7648,0.0,1800.0,0.0,6.3006
386.5,2026-06-05T19:58:31.421215+00:00,72.8639,0.0619,96.6413,-0.0028,0.7648,0.0,1800.0,0.0,6.3003
387.0,2026-06-05T19:58:31.921481+00:00,72.826,0.0475,96.4929,-0.0022,0.7648,0.0,1800.0,0.0,6.3001
387.5,2026-06-05T19:58:32.427921+00:00,72.6696,0.0365,96.3789,-0.0402,0.7648,0.0,1800.0,0.0,6.3001
388.0,2026-06-05T19:58:32.921231+00:00,72.6766,-0.0356,96.5226,-0.0309,0.7648,0.0,1800.0,0.0,6.3
388.5,2026-06-05T19:58:33.421256+00:00,72.8093,-0.0273,96.5174,-0.0238,0.7648,0.0,1800.0,0.0,6.3
389.0,2026-06-05T19:58:33.921719+00:00,72.784,-0.021,96.629,-0.0183,0.7648,0.0,1800.0,0.0,6.3
389.5,2026-06-05T19:58:34.421709+00:00,72.8918,0.1111,96.5992,-0.014,0.7648,0.0,1800.0,0.0,6.3
390.0,2026-06-05T19:58:34.928054+00:00,72.8474,0.0854,96.6919,0.0663,0.7648,0.0,1800.0,0.0,6.3
390.5,2026-06-05T19:58:35.421628+00:00,72.6861,-0.0616,96.7632,0.1281,0.7648,0.0,1800.0,0.0,6.3
391.0,2026-06-05T19:58:35.921655+00:00,72.9438,0.0799,96.818,0.0985,0.7648,0.0,1800.0,0.0,6.2488
391.5,2026-06-05T19:58:36.421222+00:00,72.8874,-0.0022,96.7444,0.0757,0.7648,0.0,1800.0,0.0,6.2238
392.0,2026-06-05T19:58:36.921318+00:00,72.7168,-0.0653,96.9193,0.0967,0.7648,0.0,1800.0,0.0,6.2116
392.5,2026-06-05T19:58:37.427032+00:00,72.7129,0.0134,96.9379,0.1129,0.7648,0.0,1800.0,0.0,6.2057
393.0,2026-06-05T19:58:37.921191+00:00,72.7099,-0.117,96.9523,0.0868,0.7648,0.0,1800.0,0.0,6.254
393.5,2026-06-05T19:58:38.421183+00:00,72.8349,-0.0263,96.9633,0.0667,0.7648,0.0,1800.0,0.0,6.2775
394.0,2026-06-05T19:58:38.921369+00:00,72.6764,-0.0202,96.7404,-0.0259,0.7648,0.0,1800.0,0.0,6.289
394.5,2026-06-05T19:58:39.421203+00:00,72.6819,-0.0155,96.6848,-0.0199,0.7648,0.0,1800.0,0.0,6.2947
395.0,2026-06-05T19:58:39.927212+00:00,72.6861,-0.0119,96.7577,-0.0538,0.7648,0.0,1800.0,0.0,6.2974
395.5,2026-06-05T19:58:40.421456+00:00,72.6893,-0.0728,96.8138,-0.0414,0.7648,0.0,1800.0,0.0,6.2475
396.0,2026-06-05T19:58:40.921300+00:00,72.6918,0.0077,96.8569,-0.0318,0.7648,0.0,1800.0,0.0,6.2232
396.5,2026-06-05T19:58:41.421202+00:00,72.5664,-0.0577,96.6586,-0.1016,0.7648,0.0,1800.0,0.0,6.2113
397.0,2026-06-05T19:58:41.921755+00:00,72.47,-0.108,96.5988,-0.0472,0.7648,0.0,1800.0,0.0,6.2055
397.5,2026-06-05T19:58:42.429846+00:00,72.5233,-0.083,96.5759,-0.0363,0.7648,0.0,1800.0,0.0,6.2027
398.0,2026-06-05T19:58:42.921223+00:00,72.5642,-0.0638,96.5583,-0.0665,0.7648,0.0,1800.0,0.0,6.2525
398.5,2026-06-05T19:58:43.421206+00:00,72.7229,0.0782,96.5448,-0.0897,0.7648,0.0,1800.0,0.0,6.2256
399.0,2026-06-05T19:58:43.922707+00:00,72.5903,0.0601,96.6502,-0.0689,0.7648,0.0,1800.0,0.0,6.2125
399.5,2026-06-05T19:58:44.421199+00:00,72.4884,-0.0174,96.6154,-0.0144,0.7648,0.0,1800.0,0.0,6.2061
400.0,2026-06-05T19:58:44.927023+00:00,72.6646,0.0502,96.5887,-0.0033,0.7648,0.0,1800.0,0.0,6.203
400.5,2026-06-05T19:58:45.421210+00:00,72.4183,-0.1523,96.5682,-0.0026,0.7648,0.0,1800.0,0.0,6.2015
401.0,2026-06-05T19:58:45.921197+00:00,72.3562,-0.117,96.4367,-0.0405,0.7648,0.0,1800.0,0.0,6.2007
401.5,2026-06-05T19:58:46.421380+00:00,72.563,0.0373,96.5671,0.0074,0.7648,0.0,1800.0,0.0,6.2003
402.0,2026-06-05T19:58:46.921194+00:00,72.722,0.0287,96.6672,0.0057,0.7648,0.0,1800.0,0.0,6.2002
402.5,2026-06-05T19:58:47.426826+00:00,72.7169,0.1493,96.7442,0.0429,0.7648,0.0,1800.0,0.0,6.2001
403.0,2026-06-05T19:58:47.921246+00:00,72.713,0.1784,96.8034,0.0716,0.7648,0.0,1800.0,0.0,6.2
403.5,2026-06-05T19:58:48.421398+00:00,72.71,0.0735,96.7332,0.055,0.7648,0.0,1800.0,0.0,6.2
404.0,2026-06-05T19:58:48.921586+00:00,72.7077,-0.0072,96.7949,0.1194,0.7648,0.0,1800.0,0.0,6.2512
404.5,2026-06-05T19:58:49.421720+00:00,72.7059,-0.0055,96.7267,0.0532,0.7648,0.0,1800.0,0.0,6.3274
405.0,2026-06-05T19:58:49.927423+00:00,72.7045,-0.0042,96.6742,0.0023,0.7648,0.0,1800.0,0.0,6.3646
405.5,2026-06-05T19:58:50.422925+00:00,72.7035,-0.0033,96.6339,-0.0368,0.7648,0.0,1800.0,0.0,6.3827
406.0,2026-06-05T19:58:50.921202+00:00,72.7027,-0.0025,96.4872,-0.1054,0.7648,0.0,1800.0,0.0,6.3916
406.5,2026-06-05T19:58:51.422385+00:00,72.8293,0.0617,96.3745,-0.1196,0.7648,0.0,1800.0,0.0,6.3959
407.0,2026-06-05T19:58:51.921217+00:00,73.0539,0.1747,96.2878,-0.169,0.7648,0.0,1800.0,0.0,6.398
407.5,2026-06-05T19:58:52.428383+00:00,72.972,0.1343,96.2212,-0.1685,0.7648,0.0,1800.0,0.0,6.3478
408.0,2026-06-05T19:58:52.922703+00:00,72.9091,0.1032,96.17,-0.1681,0.7648,0.0,1800.0,0.0,6.3745
408.5,2026-06-05T19:58:53.421878+00:00,72.7334,-0.0479,96.3621,-0.0906,0.7648,0.0,1800.0,0.0,6.3876
409.0,2026-06-05T19:58:53.921512+00:00,72.853,-0.1005,96.5097,0.0075,0.7648,0.0,1800.0,0.0,6.3939
409.5,2026-06-05T19:58:54.421641+00:00,73.0721,0.05,96.6232,0.0829,0.7648,0.0,1800.0,0.0,6.3458
410.0,2026-06-05T19:58:54.930954+00:00,72.986,0.0385,96.479,0.0637,0.7648,0.0,1800.0,0.0,6.3224
410.5,2026-06-05T19:58:55.422791+00:00,72.7926,0.0296,96.3681,0.049,0.7648,0.0,1800.0,0.0,6.3109
411.0,2026-06-05T19:58:55.921203+00:00,72.8984,0.0227,96.3986,0.0762,0.7648,0.0,1800.0,0.0,6.3053
411.5,2026-06-05T19:58:56.421622+00:00,72.7252,-0.1734,96.4221,0.02,0.7648,0.0,1800.0,0.0,6.3026
412.0,2026-06-05T19:58:56.921270+00:00,72.8467,-0.0697,96.3244,-0.0618,0.7648,0.0,1800.0,0.0,6.3013
412.5,2026-06-05T19:58:57.426104+00:00,72.94,0.0737,96.2494,-0.1246,0.7648,0.0,1800.0,0.0,6.2494
413.0,2026-06-05T19:58:57.921202+00:00,72.8845,-0.007,96.3074,-0.0572,0.7648,0.0,1800.0,0.0,6.2753
413.5,2026-06-05T19:58:58.421306+00:00,72.7145,-0.0054,96.3519,-0.0054,0.7648,0.0,1800.0,0.0,6.288
414.0,2026-06-05T19:58:58.921320+00:00,72.7111,-0.0678,96.5019,0.0344,0.7648,0.0,1800.0,0.0,6.2941
414.5,2026-06-05T19:58:59.424048+00:00,72.7086,-0.1157,96.5015,0.0265,0.7648,0.0,1800.0,0.0,6.2971
415.0,2026-06-05T19:58:59.927384+00:00,72.8339,-0.0253,96.6168,0.0975,0.7648,0.0,1800.0,0.0,6.2986
415.5,2026-06-05T19:59:00.421219+00:00,72.8029,0.0442,96.4741,0.0749,0.7648,0.0,1800.0,0.0,6.2993
416.0,2026-06-05T19:59:00.921178+00:00,72.9063,0.0976,96.3644,0.019,0.7648,0.0,1800.0,0.0,6.2997
416.5,2026-06-05T19:59:01.421185+00:00,72.8586,0.075,96.1644,-0.0625,0.7648,0.0,1800.0,0.0,6.2998
417.0,2026-06-05T19:59:01.921730+00:00,72.8219,-0.006,96.242,-0.0866,0.7648,0.0,1800.0,0.0,6.2999
417.5,2026-06-05T19:59:02.428565+00:00,73.0482,0.1227,96.0703,-0.1437,0.7648,0.0,1800.0,0.0,6.2488
418.0,2026-06-05T19:59:02.921766+00:00,72.9676,0.0307,96.0541,-0.1876,0.7648,0.0,1800.0,0.0,6.275
418.5,2026-06-05T19:59:03.421256+00:00,72.9057,0.0236,96.1572,-0.1056,0.7648,0.0,1800.0,0.0,6.2878
419.0,2026-06-05T19:59:03.921890+00:00,72.8581,0.0181,96.2366,-0.0426,0.7648,0.0,1800.0,0.0,6.294
419.5,2026-06-05T19:59:04.421912+00:00,72.9488,-0.0497,96.0661,-0.0327,0.7648,0.0,1800.0,0.0,6.2971
420.0,2026-06-05T19:59:04.926700+00:00,72.8912,-0.0382,96.2822,0.0134,0.7648,0.0,1800.0,0.0,6.2986
420.5,2026-06-05T19:59:05.421248+00:00,73.1015,0.0979,96.2169,0.0489,0.7648,0.0,1800.0,0.0,6.2993
421.0,2026-06-05T19:59:05.921917+00:00,73.1359,0.1389,96.3981,0.1147,0.7648,0.0,1800.0,0.0,6.2997
421.5,2026-06-05T19:59:06.421465+00:00,73.1623,0.1067,96.3986,0.0804,0.7648,0.0,1800.0,0.0,6.2998
422.0,2026-06-05T19:59:06.921781+00:00,73.0553,0.082,96.422,0.0618,0.7648,0.0,1800.0,0.0,6.2999
422.5,2026-06-05T19:59:07.428519+00:00,73.1004,-0.0006,96.4401,0.1247,0.7648,0.0,1800.0,0.0,6.2488
423.0,2026-06-05T19:59:07.921811+00:00,73.0077,-0.0641,96.5696,0.0958,0.7648,0.0,1800.0,0.0,6.275
423.5,2026-06-05T19:59:08.421243+00:00,72.9365,-0.1129,96.5535,0.1122,0.7648,0.0,1800.0,0.0,6.2878
424.0,2026-06-05T19:59:08.922069+00:00,73.0091,-0.0231,96.5411,0.0477,0.7648,0.0,1800.0,0.0,6.294
424.5,2026-06-05T19:59:09.421271+00:00,72.9375,-0.0814,96.6473,0.0829,0.7648,0.0,1800.0,0.0,6.2971
425.0,2026-06-05T19:59:09.928771+00:00,72.8826,-0.0626,96.6132,0.0637,0.7648,0.0,1800.0,0.0,6.2986
425.5,2026-06-05T19:59:10.421297+00:00,73.0949,0.0792,96.7027,0.0876,0.7648,0.0,1800.0,0.0,6.2993
426.0,2026-06-05T19:59:10.922464+00:00,73.0035,-0.0028,96.6558,0.0287,0.7648,0.0,1800.0,0.0,6.2997
426.5,2026-06-05T19:59:11.421201+00:00,73.1878,0.1251,96.5041,-0.0165,0.7648,0.0,1800.0,0.0,6.2998
427.0,2026-06-05T19:59:11.921194+00:00,73.3295,0.2234,96.3874,-0.0512,0.7648,0.0,1800.0,0.0,6.2999
427.5,2026-06-05T19:59:12.427763+00:00,73.1838,0.0445,96.4135,-0.0779,0.7648,0.0,1800.0,0.0,6.3
428.0,2026-06-05T19:59:12.921224+00:00,73.3264,0.1615,96.4335,-0.0599,0.7648,0.0,1800.0,0.0,6.3
428.5,2026-06-05T19:59:13.421189+00:00,73.3087,0.0605,96.4257,-0.0923,0.7648,0.0,1800.0,0.0,6.3
429.0,2026-06-05T19:59:13.921185+00:00,73.2951,-0.0172,96.3272,-0.1095,0.7648,0.0,1800.0,0.0,6.3
429.5,2026-06-05T19:59:14.421491+00:00,73.1574,-0.0132,96.4829,-0.0071,0.7648,0.0,1800.0,0.0,6.3
430.0,2026-06-05T19:59:14.926169+00:00,73.1788,-0.0738,96.4869,0.0331,0.7648,0.0,1800.0,0.0,6.3
430.5,2026-06-05T19:59:15.421344+00:00,72.9408,-0.184,96.4899,0.0255,0.7648,0.0,1800.0,0.0,6.3
431.0,2026-06-05T19:59:15.921191+00:00,72.8851,-0.205,96.4922,0.0196,0.7648,0.0,1800.0,0.0,6.3
431.5,2026-06-05T19:59:16.421776+00:00,73.0968,-0.0303,96.494,0.0228,0.7648,0.0,1800.0,0.0,6.3
432.0,2026-06-05T19:59:16.921437+00:00,73.1322,-0.0233,96.4954,0.0561,0.7648,0.0,1800.0,0.0,6.3
432.5,2026-06-05T19:59:17.430648+00:00,73.0322,0.0457,96.3808,-0.034,0.7648,0.0,1800.0,0.0,6.3
433.0,2026-06-05T19:59:17.921397+00:00,72.9553,0.0351,96.4084,-0.0262,0.7648,0.0,1800.0,0.0,6.3
433.5,2026-06-05T19:59:18.421284+00:00,72.8963,-0.1003,96.1982,-0.0972,0.7648,0.0,1800.0,0.0,6.3
434.0,2026-06-05T19:59:18.921505+00:00,72.8508,-0.1407,96.268,-0.0747,0.7648,0.0,1800.0,0.0,6.3
434.5,2026-06-05T19:59:19.421637+00:00,72.9432,-0.0445,96.3217,-0.0574,0.7648,0.0,1800.0,0.0,6.3
435.0,2026-06-05T19:59:19.928999+00:00,73.0142,0.0294,96.363,-0.0442,0.7648,0.0,1800.0,0.0,6.3
435.500144,2026-06-05T19:59:20.422120+00:00,73.0688,0.0863,96.3947,0.0046,0.7648,0.0,1800.0,0.0,6.3512
436.0,2026-06-05T19:59:20.921212+00:00,73.1107,0.1299,96.5347,0.0421,0.7648,0.0,1800.0,0.0,6.3762
436.5,2026-06-05T19:59:21.421197+00:00,73.0157,0.0362,96.411,0.0709,0.7648,0.0,1800.0,0.0,6.3884
437.0,2026-06-05T19:59:21.921217+00:00,73.0699,0.0278,96.5473,0.0931,0.7648,0.0,1800.0,0.0,6.3943
437.5,2026-06-05T19:59:22.425757+00:00,72.9843,-0.0422,96.5364,0.0716,0.7648,0.0,1800.0,0.0,6.346
438.0,2026-06-05T19:59:22.921615+00:00,72.9185,-0.0961,96.5279,0.055,0.7648,0.0,1800.0,0.0,6.3225
438.5,2026-06-05T19:59:23.421927+00:00,73.1225,0.0534,96.5215,0.0423,0.7648,0.0,1800.0,0.0,6.311
439.0,2026-06-05T19:59:23.921489+00:00,73.2793,0.1047,96.7479,0.0711,0.7648,0.0,1800.0,0.0,6.3053
439.5,2026-06-05T19:59:24.421272+00:00,73.3998,0.2077,96.8062,0.1317,0.7648,0.0,1800.0,0.0,6.3026
440.0,2026-06-05T19:59:24.926492+00:00,73.2378,0.1597,96.6197,0.0241,0.7648,0.0,1800.0,0.0,6.3013
440.5,2026-06-05T19:59:25.422036+00:00,73.2407,0.0591,96.4763,-0.02,0.7648,0.0,1800.0,0.0,6.3006
441.0,2026-06-05T19:59:25.921270+00:00,73.2428,-0.0182,96.4586,-0.0231,0.7648,0.0,1800.0,0.0,6.3515
441.5,2026-06-05T19:59:26.421460+00:00,73.1172,-0.1413,96.0054,-0.172,0.7648,0.0,1800.0,0.0,6.3763
442.0,2026-06-05T19:59:26.921528+00:00,73.2752,0.0187,96.1199,-0.2094,0.7648,0.0,1800.0,0.0,6.3885
442.5,2026-06-05T19:59:27.428068+00:00,73.3966,0.078,96.0921,-0.238,0.7648,0.0,1800.0,0.0,6.3944
443.0,2026-06-05T19:59:27.921258+00:00,73.3627,0.0599,96.1865,-0.1444,0.7648,0.0,1800.0,0.0,6.3972
443.5,2026-06-05T19:59:28.421406+00:00,73.4639,0.1733,96.259,-0.0724,0.7648,0.0,1800.0,0.0,6.3987
444.0,2026-06-05T19:59:28.923804+00:00,73.4144,0.0696,96.1991,-0.0865,0.7648,0.0,1800.0,0.0,6.3993
444.5,2026-06-05T19:59:29.421215+00:00,73.5036,0.0535,96.3844,0.1263,0.7648,0.0,1800.0,0.0,6.3485
445.0,2026-06-05T19:59:29.927075+00:00,73.4449,0.0411,96.2955,0.0585,0.7648,0.0,1800.0,0.0,6.3237
445.5,2026-06-05T19:59:30.421190+00:00,73.3998,-0.032,96.3428,0.0836,0.7648,0.0,1800.0,0.0,6.3627
446.0,2026-06-05T19:59:30.921211+00:00,73.4924,0.039,96.4949,0.1028,0.7648,0.0,1800.0,0.0,6.3818
446.5,2026-06-05T19:59:31.421536+00:00,73.4363,-0.0336,96.7275,0.1561,0.7648,0.0,1800.0,0.0,6.3911
447.0,2026-06-05T19:59:31.921220+00:00,73.3932,-0.0259,96.6748,0.1586,0.7648,0.0,1800.0,0.0,6.3445
447.5,2026-06-05T19:59:32.426055+00:00,73.2328,-0.0835,96.7501,0.1219,0.7648,0.0,1800.0,0.0,6.3217
448.0,2026-06-05T19:59:32.921529+00:00,73.3641,-0.0642,96.8079,0.1708,0.7648,0.0,1800.0,0.0,6.3106
448.5,2026-06-05T19:59:33.421495+00:00,73.3377,-0.0493,96.7367,0.1313,0.7648,0.0,1800.0,0.0,6.3052
449.0,2026-06-05T19:59:33.921281+00:00,73.4446,0.0257,96.6819,0.0623,0.7648,0.0,1800.0,0.0,6.3025
449.5,2026-06-05T19:59:34.421503+00:00,73.5269,0.147,96.7555,0.0093,0.7648,0.0,1800.0,0.0,6.3012
450.0,2026-06-05T19:59:34.929728+00:00,73.4628,0.0494,96.6964,0.0072,0.7648,0.0,1800.0,0.0,6.3006
450.5,2026-06-05T19:59:35.421302+00:00,73.5408,0.1016,96.7666,0.0055,0.7648,0.0,1800.0,0.0,6.3003
451.0,2026-06-05T19:59:35.921217+00:00,73.4735,0.0144,96.7049,-0.0343,0.7648,0.0,1800.0,0.0,6.3001
451.5,2026-06-05T19:59:36.421342+00:00,73.2945,-0.1162,96.7732,0.0122,0.7648,0.0,1800.0,0.0,6.3001
452.0,2026-06-05T19:59:36.921191+00:00,73.4115,-0.0257,96.71,0.0094,0.7648,0.0,1800.0,0.0,6.3
452.5,2026-06-05T19:59:37.425586+00:00,73.2469,-0.147,96.6614,-0.0314,0.7648,0.0,1800.0,0.0,6.3
453.0,2026-06-05T19:59:37.921313+00:00,73.2476,-0.113,96.6241,-0.0241,0.7648,0.0,1800.0,0.0,6.3
453.5,2026-06-05T19:59:38.421314+00:00,73.2481,-0.0232,96.711,-0.0185,0.7648,0.0,1800.0,0.0,6.3
454.0,2026-06-05T19:59:38.921557+00:00,73.2486,-0.0815,96.7779,0.0243,0.7648,0.0,1800.0,0.0,6.3
454.5,2026-06-05T19:59:39.421305+00:00,73.2489,0.001,96.8293,0.0187,0.7648,0.0,1800.0,0.0,6.3
455.0,2026-06-05T19:59:39.929454+00:00,73.3764,0.0644,96.7531,0.0144,0.7648,0.0,1800.0,0.0,6.3
455.5,2026-06-05T19:59:40.421502+00:00,73.3472,0.0495,96.8102,0.0496,0.7648,0.0,1800.0,0.0,6.3512
456.000483,2026-06-05T19:59:40.921905+00:00,73.3247,0.0381,96.7384,0.0381,0.7648,0.0,1800.0,0.0,6.325
456.5,2026-06-05T19:59:41.421222+00:00,73.3074,0.0292,96.6833,-0.0093,0.7648,0.0,1800.0,0.0,6.3122
457.0,2026-06-05T19:59:41.921579+00:00,73.2941,-0.0412,96.6409,-0.0457,0.7648,0.0,1800.0,0.0,6.306
457.5,2026-06-05T19:59:42.426361+00:00,73.2839,-0.0316,96.6083,-0.0737,0.7648,0.0,1800.0,0.0,6.3029
458.0,2026-06-05T19:59:42.922692+00:00,73.2761,-0.0243,96.5832,-0.0566,0.7648,0.0,1800.0,0.0,6.3014
458.5,2026-06-05T19:59:43.421179+00:00,73.1428,-0.0823,96.6797,-0.0435,0.7648,0.0,1800.0,0.0,6.3007
459.0,2026-06-05T19:59:43.921274+00:00,73.1676,-0.0633,96.6381,-0.0335,0.7648,0.0,1800.0,0.0,6.3003
459.5,2026-06-05T19:59:44.421278+00:00,73.4412,0.0786,96.6061,-0.0257,0.7648,0.0,1800.0,0.0,6.3002
460.0,2026-06-05T19:59:44.927017+00:00,73.3969,0.0604,96.5816,-0.0198,0.7648,0.0,1800.0,0.0,6.3001
460.5,2026-06-05T19:59:45.421984+00:00,73.3629,0.1101,96.5627,-0.0152,0.7648,0.0,1800.0,0.0,6.3
461.0,2026-06-05T19:59:45.921244+00:00,73.3368,0.0846,96.5482,-0.0117,0.7648,0.0,1800.0,0.0,6.3
461.5,2026-06-05T19:59:46.422005+00:00,73.3167,-0.0622,96.4213,-0.0861,0.7648,0.0,1800.0,0.0,6.3
462.0,2026-06-05T19:59:46.921788+00:00,73.174,-0.1115,96.4395,-0.0662,0.7648,0.0,1800.0,0.0,6.3
462.5,2026-06-05T19:59:47.426023+00:00,73.3189,-0.022,96.4535,-0.0509,0.7648,0.0,1800.0,0.0,6.3
463.0,2026-06-05T19:59:47.921553+00:00,73.3029,-0.0169,96.4643,-0.0391,0.7648,0.0,1800.0,0.0,6.3
463.5,2026-06-05T19:59:48.421949+00:00,73.418,0.0506,96.3568,-0.0686,0.7648,0.0,1800.0,0.0,6.3
464.0,2026-06-05T19:59:48.922465+00:00,73.5064,0.1662,96.2743,-0.0913,0.7648,0.0,1800.0,0.0,6.3
464.500188,2026-06-05T19:59:49.421813+00:00,73.5743,0.1277,96.2108,-0.0702,0.7648,0.0,1800.0,0.0,6.3
465.0,2026-06-05T19:59:49.929664+00:00,73.4993,0.0982,96.3934,-0.0154,0.7648,0.0,1800.0,0.0,6.3
465.501306,2026-06-05T19:59:50.422577+00:00,73.5689,0.0755,96.3024,-0.0504,0.7648,0.0,1800.0,0.0,6.3
466.0,2026-06-05T19:59:50.921200+00:00,73.3678,-0.0693,96.2093,-0.085,0.7648,0.0,1800.0,0.0,6.3
466.5,2026-06-05T19:59:51.421175+00:00,73.4678,-0.0532,96.1608,-0.0653,0.7648,0.0,1800.0,0.0,6.3
467.0,2026-06-05T19:59:51.921221+00:00,73.5447,0.0227,96.355,0.0269,0.7648,0.0,1800.0,0.0,6.3
467.5,2026-06-05T19:59:52.427190+00:00,73.6038,0.0175,96.3886,0.0593,0.7648,0.0,1800.0,0.0,6.3
468.0,2026-06-05T19:59:52.921187+00:00,73.7764,0.2043,96.2987,-0.0316,0.7648,0.0,1800.0,0.0,6.3
468.5,2026-06-05T19:59:53.421222+00:00,73.7819,0.157,96.4609,0.0529,0.7648,0.0,1800.0,0.0,6.3
469.0,2026-06-05T19:59:53.921436+00:00,73.7861,0.1207,96.47,0.0869,0.7648,0.0,1800.0,0.0,6.3512
469.5,2026-06-05T19:59:54.421355+00:00,73.662,0.0291,96.4769,0.1054,0.7648,0.0,1800.0,0.0,6.3762
470.0,2026-06-05T19:59:54.927776+00:00,73.694,-0.0412,96.598,0.081,0.7648,0.0,1800.0,0.0,6.3884
470.5,2026-06-05T19:59:55.421279+00:00,73.5912,-0.0953,96.4596,0.0237,0.7648,0.0,1800.0,0.0,6.3431
471.0,2026-06-05T19:59:55.921416+00:00,73.6395,-0.0733,96.4689,0.0568,0.7648,0.0,1800.0,0.0,6.321
471.5,2026-06-05T19:59:56.421206+00:00,73.5494,-0.0563,96.3604,-0.0335,0.7648,0.0,1800.0,0.0,6.3103
472.0,2026-06-05T19:59:56.922016+00:00,73.3528,-0.1706,96.3927,-0.0258,0.7648,0.0,1800.0,0.0,6.305
472.5,2026-06-05T19:59:57.429727+00:00,73.5836,-0.0038,96.3019,-0.0584,0.7648,0.0,1800.0,0.0,6.3024
473.0,2026-06-05T19:59:57.923687+00:00,73.5064,-0.0666,96.3477,-0.0834,0.7648,0.0,1800.0,0.0,6.3524
473.5,2026-06-05T19:59:58.421220+00:00,73.4471,-0.0512,96.3829,-0.0256,0.7648,0.0,1800.0,0.0,6.3768
474.0,2026-06-05T19:59:58.921188+00:00,73.5287,0.0879,96.5257,0.0189,0.7648,0.0,1800.0,0.0,6.3887
474.5,2026-06-05T19:59:59.421209+00:00,73.337,-0.1233,96.5198,0.0531,0.7648,0.0,1800.0,0.0,6.3945
475.0,2026-06-05T19:59:59.925745+00:00,73.3168,-0.0948,96.5152,0.0408,0.7648,0.0,1800.0,0.0,6.3973
475.5,2026-06-05T20:00:00.421189+00:00,73.3014,-0.0728,96.2803,-0.0072,0.7648,0.0,1800.0,0.0,6.3475
476.0,2026-06-05T20:00:00.921451+00:00,73.2895,-0.1196,96.4468,0.033,0.7648,0.0,1800.0,0.0,6.3232
476.5,2026-06-05T20:00:01.421412+00:00,73.4076,0.0353,96.4591,0.0254,0.7648,0.0,1800.0,0.0,6.3113
477.0,2026-06-05T20:00:01.921378+00:00,73.4984,0.0908,96.4686,-0.019,0.7648,0.0,1800.0,0.0,6.3055
477.5,2026-06-05T20:00:02.426149+00:00,73.6955,0.197,96.3602,-0.0532,0.7648,0.0,1800.0,0.0,6.3027
478.0,2026-06-05T20:00:02.921189+00:00,73.5924,0.1515,96.2768,-0.0795,0.7648,0.0,1800.0,0.0,6.3013
478.5,2026-06-05T20:00:03.421893+00:00,73.6404,0.1164,96.2128,-0.0225,0.7648,0.0,1800.0,0.0,6.3006
479.0,2026-06-05T20:00:03.921185+00:00,73.5501,0.0258,96.1635,-0.0944,0.7648,0.0,1800.0,0.0,6.3003
479.5,2026-06-05T20:00:04.421189+00:00,73.6079,-0.0438,96.1257,-0.1111,0.7648,0.0,1800.0,0.0,6.3002
480.0,2026-06-05T20:00:04.928171+00:00,73.6524,0.03,96.0966,-0.124,0.7648,0.0,1800.0,0.0,6.3001
480.5,2026-06-05T20:00:05.421249+00:00,73.6865,0.023,96.0742,-0.0953,0.7648,0.0,1800.0,0.0,6.3
481.0,2026-06-05T20:00:05.921862+00:00,73.7128,0.0813,95.8257,-0.1504,0.7648,0.0,1800.0,0.0,6.3
481.5,2026-06-05T20:00:06.421697+00:00,73.4784,-0.0647,95.9817,-0.077,0.7648,0.0,1800.0,0.0,6.3
482.0,2026-06-05T20:00:06.921305+00:00,73.2983,-0.177,95.8934,-0.09,0.7648,0.0,1800.0,0.0,6.3
482.5,2026-06-05T20:00:07.430300+00:00,73.5417,-0.0724,95.9181,-0.0692,0.7648,0.0,1800.0,0.0,6.3
483.0,2026-06-05T20:00:07.923285+00:00,73.7287,0.008,95.937,-0.0532,0.7648,0.0,1800.0,0.0,6.3
483.5,2026-06-05T20:00:08.421254+00:00,73.7452,0.1334,95.9516,-0.0409,0.7648,0.0,1800.0,0.0,6.3512
484.000052,2026-06-05T20:00:08.921827+00:00,73.7579,0.2298,95.9628,0.0457,0.7648,0.0,1800.0,0.0,6.325
484.5,2026-06-05T20:00:09.421217+00:00,73.6404,0.0493,96.0871,0.0351,0.7648,0.0,1800.0,0.0,6.3122
485.000958,2026-06-05T20:00:09.928790+00:00,73.55,-0.0893,95.9281,0.0116,0.7648,0.0,1800.0,0.0,6.306
485.5,2026-06-05T20:00:10.421278+00:00,73.4806,-0.1323,95.9447,0.0089,0.7648,0.0,1800.0,0.0,6.3029
486.0,2026-06-05T20:00:10.921192+00:00,73.4272,-0.1653,95.9575,0.0068,0.7648,0.0,1800.0,0.0,6.3014
486.5,2026-06-05T20:00:11.421274+00:00,73.5135,-0.0634,96.1988,0.0824,0.7648,0.0,1800.0,0.0,6.3007
487.0,2026-06-05T20:00:11.921320+00:00,73.5798,0.0149,96.1528,0.0633,0.7648,0.0,1800.0,0.0,6.3003
487.5,2026-06-05T20:00:12.425910+00:00,73.758,0.1387,96.1174,0.0101,0.7648,0.0,1800.0,0.0,6.3002
488.0,2026-06-05T20:00:12.921198+00:00,73.5132,0.043,96.0902,0.054,0.7648,0.0,1800.0,0.0,6.3001
488.5,2026-06-05T20:00:13.421290+00:00,73.5796,0.033,96.0694,0.0415,0.7648,0.0,1800.0,0.0,6.3
489.0,2026-06-05T20:00:13.921330+00:00,73.7578,0.089,96.169,0.0705,0.7648,0.0,1800.0,0.0,6.3
489.5,2026-06-05T20:00:14.421181+00:00,73.7676,0.0048,96.1299,-0.023,0.7648,0.0,1800.0,0.0,6.3
490.0,2026-06-05T20:00:14.926857+00:00,73.7751,0.131,96.2155,0.0209,0.7648,0.0,1800.0,0.0,6.3
490.5,2026-06-05T20:00:15.421412+00:00,73.6536,0.037,96.2814,0.0547,0.7648,0.0,1800.0,0.0,6.3
491.0,2026-06-05T20:00:15.921295+00:00,73.5602,-0.0988,96.2163,0.042,0.7648,0.0,1800.0,0.0,6.3
491.5,2026-06-05T20:00:16.421187+00:00,73.3611,-0.2032,96.2819,0.0709,0.7648,0.0,1800.0,0.0,6.3
492.0,2026-06-05T20:00:16.921606+00:00,73.59,-0.0926,96.2167,0.0159,0.7648,0.0,1800.0,0.0,6.3
492.5,2026-06-05T20:00:17.425971+00:00,73.5113,-0.0711,96.1665,0.0122,0.7648,0.0,1800.0,0.0,6.3
493.0,2026-06-05T20:00:17.921257+00:00,73.5781,0.009,96.128,-0.0292,0.7648,0.0,1800.0,0.0,6.3
493.5,2026-06-05T20:00:18.421263+00:00,73.3749,0.0069,96.2141,-0.0224,0.7648,0.0,1800.0,0.0,6.3
494.0,2026-06-05T20:00:18.921207+00:00,73.346,-0.122,96.1645,-0.0172,0.7648,0.0,1800.0,0.0,6.3
494.5,2026-06-05T20:00:19.421236+00:00,73.1965,-0.1574,96.2422,-0.0132,0.7648,0.0,1800.0,0.0,6.3
495.0,2026-06-05T20:00:19.927073+00:00,73.3362,-0.121,96.1861,-0.0102,0.7648,0.0,1800.0,0.0,6.3
495.5,2026-06-05T20:00:20.421292+00:00,73.4435,0.0343,96.2588,0.0307,0.7648,0.0,1800.0,0.0,6.3
496.0,2026-06-05T20:00:20.921808+00:00,73.3987,0.0264,96.0832,-0.0149,0.7648,0.0,1800.0,0.0,6.3
496.5,2026-06-05T20:00:21.421214+00:00,73.4916,0.1475,96.1796,-0.0115,0.7648,0.0,1800.0,0.0,6.3
497.0,2026-06-05T20:00:21.921174+00:00,73.4357,0.0498,96.2538,0.0297,0.7648,0.0,1800.0,0.0,6.3
497.5,2026-06-05T20:00:22.426385+00:00,73.3927,-0.0254,96.4264,0.0614,0.7648,0.0,1800.0,0.0,6.3
498.0,2026-06-05T20:00:22.921167+00:00,73.3597,-0.0195,96.2121,0.0086,0.7648,0.0,1800.0,0.0,6.3
498.5,2026-06-05T20:00:23.423280+00:00,73.4616,-0.015,96.2787,0.0066,0.7648,0.0,1800.0,0.0,6.3
499.0,2026-06-05T20:00:23.921230+00:00,73.4126,-0.0115,96.0985,0.0051,0.7648,0.0,1800.0,0.0,6.3
499.5,2026-06-05T20:00:24.421310+00:00,73.2477,-0.0725,96.0757,-0.0346,0.7648,0.0,1800.0,0.0,6.3
500.0,2026-06-05T20:00:24.926718+00:00,73.2482,-0.0557,96.0582,-0.0652,0.7648,0.0,1800.0,0.0,6.3
500.5,2026-06-05T20:00:25.421279+00:00,73.2487,-0.1065,96.2761,-0.0501,0.7648,0.0,1800.0,0.0,6.3
501.0,2026-06-05T20:00:25.921177+00:00,73.3762,-0.0182,96.5593,0.1158,0.7648,0.0,1800.0,0.0,6.3
501.5,2026-06-05T20:00:26.421702+00:00,73.4743,0.1133,96.6613,0.1275,0.7648,0.0,1800.0,0.0,6.3
502.0,2026-06-05T20:00:26.921475+00:00,73.5497,0.1507,96.8554,0.2523,0.7648,0.0,1800.0,0.0,6.3
502.5,2026-06-05T20:00:27.529993+00:00,73.4803,0.1158,96.8888,0.271,0.7648,0.0,1800.0,0.0,6.3
503.0,2026-06-05T20:00:27.921198+00:00,73.5543,0.089,96.9146,0.2855,0.7648,0.0,1800.0,0.0,6.3
503.5,2026-06-05T20:00:28.421382+00:00,73.2293,-0.1225,96.7029,0.1423,0.7648,0.0,1800.0,0.0,6.3
504.0,2026-06-05T20:00:28.921294+00:00,73.3614,-0.0941,96.7717,0.0708,0.7648,0.0,1800.0,0.0,6.3
504.5,2026-06-05T20:00:29.421176+00:00,73.4629,-0.0087,96.8245,0.0544,0.7648,0.0,1800.0,0.0,6.3
505.0,2026-06-05T20:00:29.925906+00:00,73.4136,-0.0703,96.8651,0.0032,0.7648,0.0,1800.0,0.0,6.3
505.5,2026-06-05T20:00:30.421186+00:00,73.503,0.1368,96.8963,0.0025,0.7648,0.0,1800.0,0.0,6.3
506.0,2026-06-05T20:00:30.921232+00:00,73.4445,0.0415,96.8046,-0.0366,0.7648,0.0,1800.0,0.0,6.3
506.5,2026-06-05T20:00:31.421169+00:00,73.5267,0.0319,96.7341,0.0104,0.7648,0.0,1800.0,0.0,6.3
507.0,2026-06-05T20:00:31.921285+00:00,73.4627,0.0245,96.7957,0.008,0.7648,0.0,1800.0,0.0,6.3
507.5,2026-06-05T20:00:32.427188+00:00,73.5408,0.0189,96.6115,-0.071,0.7648,0.0,1800.0,0.0,6.3
508.0,2026-06-05T20:00:32.921720+00:00,73.728,0.1418,96.5857,-0.0931,0.7648,0.0,1800.0,0.0,6.3512
508.5,2026-06-05T20:00:33.421311+00:00,73.7447,0.109,96.7973,-0.033,0.7648,0.0,1800.0,0.0,6.3762
509.0,2026-06-05T20:00:33.921636+00:00,73.7575,0.1474,96.8442,0.0132,0.7648,0.0,1800.0,0.0,6.3884
509.5,2026-06-05T20:00:34.421740+00:00,73.7673,0.1133,96.8803,0.0487,0.7648,0.0,1800.0,0.0,6.3943
510.0,2026-06-05T20:00:34.927753+00:00,73.9021,0.0871,96.6766,-0.0397,0.7648,0.0,1800.0,0.0,6.3972
510.5,2026-06-05T20:00:35.421218+00:00,73.8785,0.0669,96.52,-0.0305,0.7648,0.0,1800.0,0.0,6.3474
511.0,2026-06-05T20:00:35.921202+00:00,73.8603,0.0514,96.3997,-0.062,0.7648,0.0,1800.0,0.0,6.3232
511.5,2026-06-05T20:00:36.421196+00:00,73.4646,-0.1514,96.3072,-0.1634,0.7648,0.0,1800.0,0.0,6.3113
512.0,2026-06-05T20:00:36.921312+00:00,73.6695,-0.1163,96.3518,-0.1641,0.7648,0.0,1800.0,0.0,6.3055
512.5,2026-06-05T20:00:37.427617+00:00,73.8269,-0.0258,96.2704,-0.2033,0.7648,0.0,1800.0,0.0,6.3027
513.0,2026-06-05T20:00:37.921276+00:00,73.8207,-0.0198,96.2078,-0.1562,0.7648,0.0,1800.0,0.0,6.3013
513.5,2026-06-05T20:00:38.421309+00:00,73.5614,0.0484,96.2754,-0.0815,0.7648,0.0,1800.0,0.0,6.3518
514.0,2026-06-05T20:00:38.921206+00:00,73.6166,-0.0264,96.2117,-0.0627,0.7648,0.0,1800.0,0.0,6.3765
514.5,2026-06-05T20:00:39.421303+00:00,73.659,-0.084,96.2784,-0.0096,0.7648,0.0,1800.0,0.0,6.3885
515.0,2026-06-05T20:00:39.926017+00:00,73.8189,-0.0009,96.214,-0.0459,0.7648,0.0,1800.0,0.0,6.3944
515.5,2026-06-05T20:00:40.421332+00:00,73.8145,0.1266,96.2802,0.0033,0.7648,0.0,1800.0,0.0,6.3973
516.0,2026-06-05T20:00:40.921235+00:00,73.8112,0.0973,96.2153,0.0025,0.7648,0.0,1800.0,0.0,6.3987
516.5,2026-06-05T20:00:41.423084+00:00,73.9359,0.1384,96.2812,0.0019,0.7648,0.0,1800.0,0.0,6.3993
517.0,2026-06-05T20:00:41.921194+00:00,74.0317,0.1064,96.2161,0.0015,0.7648,0.0,1800.0,0.0,6.3997
517.5,2026-06-05T20:00:42.428383+00:00,74.1053,0.1454,96.1661,-0.0374,0.7648,0.0,1800.0,0.0,6.3998
518.0,2026-06-05T20:00:42.921204+00:00,74.0347,0.1118,96.012,-0.0673,0.7648,0.0,1800.0,0.0,6.3999
518.5,2026-06-05T20:00:43.421642+00:00,73.9804,0.0223,96.1249,-0.0518,0.7648,0.0,1800.0,0.0,6.4
519.0,2026-06-05T20:00:43.921394+00:00,73.8114,-0.1102,96.2117,-0.0012,0.7648,0.0,1800.0,0.0,6.4
519.5,2026-06-05T20:00:44.421443+00:00,73.6815,-0.2119,96.0239,-0.0858,0.7648,0.0,1800.0,0.0,6.3488
520.0,2026-06-05T20:00:44.927225+00:00,73.7089,-0.1629,95.9027,-0.1045,0.7648,0.0,1800.0,0.0,6.375
520.5,2026-06-05T20:00:45.421206+00:00,73.9845,0.0021,96.0409,-0.0417,0.7648,0.0,1800.0,0.0,6.3878
521.0,2026-06-05T20:00:45.921248+00:00,73.9418,0.0652,96.1471,0.045,0.7648,0.0,1800.0,0.0,6.394
521.5,2026-06-05T20:00:46.421640+00:00,73.909,0.1138,96.2288,0.0346,0.7648,0.0,1800.0,0.0,6.3971
522.0,2026-06-05T20:00:46.921219+00:00,73.7565,0.0238,96.2915,0.0266,0.7648,0.0,1800.0,0.0,6.3986
522.5,2026-06-05T20:00:47.428289+00:00,74.0211,0.0183,96.3398,0.1053,0.7648,0.0,1800.0,0.0,6.3993
523.0,2026-06-05T20:00:47.921205+00:00,74.0972,0.0777,96.4926,0.1966,0.7648,0.0,1800.0,0.0,6.3997
523.5,2026-06-05T20:00:48.421751+00:00,74.0284,0.0597,96.4943,0.1511,0.7648,0.0,1800.0,0.0,6.3998
524.0,2026-06-05T20:00:48.921190+00:00,73.9756,0.1095,96.6113,0.1547,0.7648,0.0,1800.0,0.0,6.3999
524.5,2026-06-05T20:00:49.421223+00:00,74.0622,0.0206,96.5855,0.1189,0.7648,0.0,1800.0,0.0,6.4
525.0,2026-06-05T20:00:49.925447+00:00,73.8743,-0.1115,96.5657,0.0914,0.7648,0.0,1800.0,0.0,6.4
525.5,2026-06-05T20:00:50.422700+00:00,73.6025,-0.2129,96.6662,0.1088,0.7648,0.0,1800.0,0.0,6.3488
526.0,2026-06-05T20:00:50.921201+00:00,73.7755,-0.1,96.6278,0.0451,0.7648,0.0,1800.0,0.0,6.3238
526.5,2026-06-05T20:00:51.421425+00:00,73.7812,-0.1405,96.7139,0.0732,0.7648,0.0,1800.0,0.0,6.3116
527.0,2026-06-05T20:00:51.921424+00:00,73.9128,0.0193,96.7801,0.0563,0.7648,0.0,1800.0,0.0,6.3057
527.5,2026-06-05T20:00:52.428816+00:00,74.014,0.2057,96.831,0.0818,0.7648,0.0,1800.0,0.0,6.3028
528.0,2026-06-05T20:00:52.921499+00:00,73.9645,0.0945,96.7544,0.0629,0.7648,0.0,1800.0,0.0,6.3526
528.500157,2026-06-05T20:00:53.421512+00:00,74.0537,0.1362,96.8112,0.0483,0.7648,0.0,1800.0,0.0,6.3768
529.0,2026-06-05T20:00:53.921192+00:00,73.8677,-0.0225,96.8549,0.0757,0.7648,0.0,1800.0,0.0,6.3887
529.5,2026-06-05T20:00:54.421295+00:00,73.852,-0.081,96.8885,0.0582,0.7648,0.0,1800.0,0.0,6.3433
530.0,2026-06-05T20:00:54.925852+00:00,73.9673,0.0014,96.7986,0.0062,0.7648,0.0,1800.0,0.0,6.3211
530.5,2026-06-05T20:00:55.421265+00:00,73.9286,-0.0626,96.7064,-0.0415,0.7648,0.0,1800.0,0.0,6.3103
531.0,2026-06-05T20:00:55.921435+00:00,74.0261,0.0792,96.5429,-0.0705,0.7648,0.0,1800.0,0.0,6.305
531.5,2026-06-05T20:00:56.421171+00:00,73.8465,-0.0028,96.6487,-0.0542,0.7648,0.0,1800.0,0.0,6.3025
532.0,2026-06-05T20:00:56.921186+00:00,73.8357,-0.0658,96.73,-0.0416,0.7648,0.0,1800.0,0.0,6.3012
532.5,2026-06-05T20:00:57.430363+00:00,73.8275,-0.0505,96.5611,-0.1091,0.7648,0.0,1800.0,0.0,6.3006
533.0,2026-06-05T20:00:57.921220+00:00,73.8211,-0.1025,96.6626,-0.0453,0.7648,0.0,1800.0,0.0,6.3003
533.5,2026-06-05T20:00:58.421650+00:00,73.9435,0.0485,96.7407,0.0114,0.7648,0.0,1800.0,0.0,6.3001
534.0,2026-06-05T20:00:58.922688+00:00,74.0376,0.1009,96.685,0.0474,0.7648,0.0,1800.0,0.0,6.3001
534.5,2026-06-05T20:00:59.421379+00:00,73.9826,0.0776,96.6422,-0.0022,0.7648,0.0,1800.0,0.0,6.3
535.0,2026-06-05T20:00:59.931446+00:00,73.9403,0.0596,96.4936,-0.0788,0.7648,0.0,1800.0,0.0,6.3
535.5,2026-06-05T20:01:00.424082+00:00,73.9079,-0.0178,96.4951,-0.022,0.7648,0.0,1800.0,0.0,6.3
536.0,2026-06-05T20:01:00.921199+00:00,73.7556,-0.141,96.4962,-0.0555,0.7648,0.0,1800.0,0.0,6.3
536.5,2026-06-05T20:01:01.423923+00:00,73.8932,-0.0447,96.4971,-0.0812,0.7648,0.0,1800.0,0.0,6.3
537.0,2026-06-05T20:01:01.923283+00:00,73.8716,-0.0344,96.4978,-0.0624,0.7648,0.0,1800.0,0.0,6.3
537.5,2026-06-05T20:01:02.428645+00:00,73.9823,0.0372,96.3826,-0.0865,0.7648,0.0,1800.0,0.0,6.3
538.0,2026-06-05T20:01:02.921882+00:00,73.8129,0.0286,96.4098,-0.0279,0.7648,0.0,1800.0,0.0,6.3
538.5,2026-06-05T20:01:03.422117+00:00,73.8099,-0.0416,96.5463,0.0171,0.7648,0.0,1800.0,0.0,6.3
539.0,2026-06-05T20:01:03.921437+00:00,73.8076,-0.032,96.5356,0.0131,0.7648,0.0,1800.0,0.0,6.3
539.5,2026-06-05T20:01:04.421369+00:00,73.8058,-0.0882,96.5274,0.0101,0.7648,0.0,1800.0,0.0,6.3
540.0,2026-06-05T20:01:04.926208+00:00,73.8045,-0.0042,96.2896,-0.0694,0.7648,0.0,1800.0,0.0,6.3
540.5,2026-06-05T20:01:05.421205+00:00,73.8034,-0.0032,96.3383,-0.0148,0.7648,0.0,1800.0,0.0,6.3512
541.0,2026-06-05T20:01:05.922026+00:00,73.8026,-0.0025,96.3757,-0.0113,0.7648,0.0,1800.0,0.0,6.325
541.5,2026-06-05T20:01:06.422804+00:00,73.9293,0.0617,96.2888,-0.0858,0.7648,0.0,1800.0,0.0,6.3122
542.0,2026-06-05T20:01:06.921935+00:00,74.0267,0.1111,96.3377,-0.066,0.7648,0.0,1800.0,0.0,6.306
542.5,2026-06-05T20:01:07.429204+00:00,73.8469,0.0217,96.1438,-0.1278,0.7648,0.0,1800.0,0.0,6.3029
543.0,2026-06-05T20:01:07.922002+00:00,73.9633,0.0803,95.9948,-0.0983,0.7648,0.0,1800.0,0.0,6.3014
543.5,2026-06-05T20:01:08.421520+00:00,74.0528,0.0618,96.2274,-0.037,0.7648,0.0,1800.0,0.0,6.3007
544.0,2026-06-05T20:01:08.921239+00:00,74.1216,0.0475,96.2905,-0.0284,0.7648,0.0,1800.0,0.0,6.3003
544.5,2026-06-05T20:01:09.421195+00:00,74.1744,0.1638,96.339,0.0167,0.7648,0.0,1800.0,0.0,6.3002
545.0,2026-06-05T20:01:09.935236+00:00,73.8333,-0.065,96.2605,-0.0257,0.7648,0.0,1800.0,0.0,6.3001
545.5,2026-06-05T20:01:10.423235+00:00,73.9528,-0.05,96.316,0.0574,0.7648,0.0,1800.0,0.0,6.3
546.0,2026-06-05T20:01:10.921269+00:00,73.9175,-0.1021,96.1271,0.0441,0.7648,0.0,1800.0,0.0,6.3
546.5,2026-06-05T20:01:11.421204+00:00,74.1448,-0.0148,96.2134,-0.0047,0.7648,0.0,1800.0,0.0,6.3
547.0,2026-06-05T20:01:11.921438+00:00,74.3196,0.2432,96.3954,0.035,0.7648,0.0,1800.0,0.0,6.3
547.5,2026-06-05T20:01:12.429063+00:00,74.0721,0.0596,96.5353,0.0654,0.7648,0.0,1800.0,0.0,6.3
548.0,2026-06-05T20:01:12.921209+00:00,74.1364,0.1095,96.5272,0.0889,0.7648,0.0,1800.0,0.0,6.3
548.5,2026-06-05T20:01:13.421398+00:00,73.9313,-0.1068,96.5209,0.0683,0.7648,0.0,1800.0,0.0,6.3
549.0,2026-06-05T20:01:13.921311+00:00,74.0282,-0.1457,96.516,0.1296,0.7648,0.0,1800.0,0.0,6.3
549.5,2026-06-05T20:01:14.421277+00:00,74.1026,0.0153,96.5123,0.0996,0.7648,0.0,1800.0,0.0,6.3
550.0,2026-06-05T20:01:14.929059+00:00,74.0326,-0.0519,96.3938,-0.0006,0.7648,0.0,1800.0,0.0,6.3
550.5,2026-06-05T20:01:15.421198+00:00,74.1061,0.0874,96.5341,-0.0004,0.7648,0.0,1800.0,0.0,6.3
551.0,2026-06-05T20:01:15.921297+00:00,74.1625,0.0672,96.2948,-0.0775,0.7648,0.0,1800.0,0.0,6.2488
551.5,2026-06-05T20:01:16.422423+00:00,74.2059,0.0516,96.3191,-0.0672,0.7648,0.0,1800.0,0.0,6.2238
552.0,2026-06-05T20:01:16.921981+00:00,74.112,0.0397,96.361,-0.0517,0.7648,0.0,1800.0,0.0,6.2116
552.5,2026-06-05T20:01:17.529431+00:00,74.167,0.0305,96.3931,-0.0397,0.7648,0.0,1800.0,0.0,6.2057
553.0,2026-06-05T20:01:17.921651+00:00,74.2094,0.0234,96.1865,-0.0691,0.7648,0.0,1800.0,0.0,6.254
553.5,2026-06-05T20:01:18.421335+00:00,74.1147,-0.0456,96.1433,-0.1302,0.7648,0.0,1800.0,0.0,6.2775
554.0,2026-06-05T20:01:18.923484+00:00,74.1691,0.0286,95.9945,-0.1001,0.7648,0.0,1800.0,0.0,6.2378
554.5,2026-06-05T20:01:19.421277+00:00,74.0837,-0.0417,95.9957,-0.1078,0.7648,0.0,1800.0,0.0,6.2185
555.000977,2026-06-05T20:01:19.928910+00:00,74.0181,-0.0957,96.0893,-0.0906,0.7648,0.0,1800.0,0.0,6.209
555.5,2026-06-05T20:01:20.421219+00:00,74.0949,-0.0099,96.0686,-0.1082,0.7648,0.0,1800.0,0.0,6.2044
556.0,2026-06-05T20:01:20.921204+00:00,74.0266,-0.0712,96.0527,-0.0446,0.7648,0.0,1800.0,0.0,6.2021
556.5,2026-06-05T20:01:21.421244+00:00,73.9742,-0.0548,96.0405,-0.0343,0.7648,0.0,1800.0,0.0,6.201
557.0,2026-06-05T20:01:21.921179+00:00,73.8066,-0.1057,96.0312,0.0122,0.7648,0.0,1800.0,0.0,6.2005
557.5,2026-06-05T20:01:22.427992+00:00,73.6778,-0.2085,96.0239,0.0094,0.7648,0.0,1800.0,0.0,6.2002
558.0,2026-06-05T20:01:22.921692+00:00,73.8334,-0.0966,96.1341,0.0149,0.7648,0.0,1800.0,0.0,6.2513
558.5,2026-06-05T20:01:23.421237+00:00,73.9529,-0.0106,96.1031,0.0115,0.7648,0.0,1800.0,0.0,6.2762
559.0,2026-06-05T20:01:23.921212+00:00,74.1721,0.1827,96.1949,0.0474,0.7648,0.0,1800.0,0.0,6.2884
559.5,2026-06-05T20:01:24.421529+00:00,73.9587,0.1404,96.0341,-0.0021,0.7648,0.0,1800.0,0.0,6.2943
560.0,2026-06-05T20:01:24.926151+00:00,74.0492,0.1079,96.1419,0.0369,0.7648,0.0,1800.0,0.0,6.2972
560.5,2026-06-05T20:01:25.421174+00:00,73.9916,0.0193,96.1091,0.0284,0.7648,0.0,1800.0,0.0,6.2475
561.0,2026-06-05T20:01:25.921361+00:00,74.2018,0.0149,96.1995,0.0218,0.7648,0.0,1800.0,0.0,6.2232
561.5,2026-06-05T20:01:26.421238+00:00,74.2361,0.1387,96.1534,0.0168,0.7648,0.0,1800.0,0.0,6.2113
562.0,2026-06-05T20:01:26.921189+00:00,74.1352,0.043,96.2336,0.0129,0.7648,0.0,1800.0,0.0,6.2055
562.5,2026-06-05T20:01:27.426465+00:00,74.1849,0.0967,96.2952,0.087,0.7648,0.0,1800.0,0.0,6.2027
563.0,2026-06-05T20:01:27.921296+00:00,74.2231,0.0107,96.1112,-0.0102,0.7648,0.0,1800.0,0.0,6.3037
563.5,2026-06-05T20:01:28.421281+00:00,73.9979,-0.1191,96.0855,-0.0079,0.7648,0.0,1800.0,0.0,6.3018
564.0,2026-06-05T20:01:28.921251+00:00,73.8248,-0.1552,96.1583,-0.0138,0.7648,0.0,1800.0,0.0,6.3009
564.5,2026-06-05T20:01:29.421253+00:00,73.8191,-0.1829,96.2605,0.0357,0.7648,0.0,1800.0,0.0,6.3004
565.0,2026-06-05T20:01:29.926945+00:00,73.9419,-0.1406,96.3159,0.0274,0.7648,0.0,1800.0,0.0,6.3002
565.5,2026-06-05T20:01:30.421422+00:00,73.9091,-0.0444,96.1271,-0.056,0.7648,0.0,1800.0,0.0,6.3001
566.0,2026-06-05T20:01:30.921221+00:00,73.7566,-0.0341,96.0977,-0.0045,0.7648,0.0,1800.0,0.0,6.3001
566.5,2026-06-05T20:01:31.421187+00:00,73.7666,-0.0262,96.0751,-0.0035,0.7648,0.0,1800.0,0.0,6.3
567.0,2026-06-05T20:01:31.921213+00:00,73.9016,-0.0202,96.0577,-0.0335,0.7648,0.0,1800.0,0.0,6.3
567.5,2026-06-05T20:01:32.428827+00:00,73.6236,-0.1428,96.0444,-0.072,0.7648,0.0,1800.0,0.0,6.3
568.0,2026-06-05T20:01:32.921204+00:00,73.5371,-0.1097,96.0341,-0.0939,0.7648,0.0,1800.0,0.0,6.3
568.5,2026-06-05T20:01:33.421197+00:00,73.598,-0.0843,95.7717,-0.1185,0.7648,0.0,1800.0,0.0,6.3
569.0,2026-06-05T20:01:33.921350+00:00,73.6447,-0.1285,96.0559,-0.0139,0.7648,0.0,1800.0,0.0,6.3
569.5,2026-06-05T20:01:34.421217+00:00,73.8079,0.0922,96.043,-0.0107,0.7648,0.0,1800.0,0.0,6.3
570.0,2026-06-05T20:01:34.929216+00:00,73.9334,0.1981,96.1256,0.0226,0.7648,0.0,1800.0,0.0,6.3
570.5,2026-06-05T20:01:35.421993+00:00,74.157,0.2795,96.2122,0.056,0.7648,0.0,1800.0,0.0,6.3
571.0,2026-06-05T20:01:35.921231+00:00,74.2017,0.2785,96.0474,0.0044,0.7648,0.0,1800.0,0.0,6.3
571.5,2026-06-05T20:01:36.421984+00:00,73.9815,0.0868,96.0133,0.0805,0.7648,0.0,1800.0,0.0,6.3
572.0,2026-06-05T20:01:36.921507+00:00,73.8122,-0.0606,96.0102,-0.0152,0.7648,0.0,1800.0,0.0,6.3
572.5,2026-06-05T20:01:37.427060+00:00,73.6821,-0.2375,96.2393,0.0654,0.7648,0.0,1800.0,0.0,6.3
573.0,2026-06-05T20:01:37.921659+00:00,73.8367,-0.1825,96.2996,0.058,0.7648,0.0,1800.0,0.0,6.3
573.5,2026-06-05T20:01:38.422532+00:00,74.0827,0.0506,96.346,0.0446,0.7648,0.0,1800.0,0.0,6.3
574.0,2026-06-05T20:01:38.923000+00:00,74.0173,0.1025,96.4973,0.15,0.7648,0.0,1800.0,0.0,6.3
574.5,2026-06-05T20:01:39.422412+00:00,74.0943,0.2061,96.4748,0.1538,0.7648,0.0,1800.0,0.0,6.3
575.0,2026-06-05T20:01:39.927156+00:00,74.0262,0.0948,96.4806,0.1568,0.7648,0.0,1800.0,0.0,6.3
575.5,2026-06-05T20:01:40.421703+00:00,74.1011,0.0092,96.6008,0.1205,0.7648,0.0,1800.0,0.0,6.3
576.0,2026-06-05T20:01:40.921279+00:00,74.1587,0.0707,96.4618,0.0541,0.7648,0.0,1800.0,0.0,6.2488
576.5,2026-06-05T20:01:41.421827+00:00,73.8212,-0.1366,96.4706,0.0416,0.7648,0.0,1800.0,0.0,6.2238
577.0,2026-06-05T20:01:41.921266+00:00,74.0708,0.0223,96.4774,-0.0066,0.7648,0.0,1800.0,0.0,6.2628
577.5,2026-06-05T20:01:42.427280+00:00,74.1354,0.0171,96.4826,0.0026,0.7648,0.0,1800.0,0.0,6.2307
578.0,2026-06-05T20:01:42.921192+00:00,73.9305,-0.1141,96.4867,0.002,0.7648,0.0,1800.0,0.0,6.2662
578.5,2026-06-05T20:01:43.421204+00:00,73.9003,0.0396,96.6054,0.0015,0.7648,0.0,1800.0,0.0,6.2835
579.0,2026-06-05T20:01:43.921316+00:00,74.0044,-0.0332,96.3496,-0.0374,0.7648,0.0,1800.0,0.0,6.2919
579.5,2026-06-05T20:01:44.421190+00:00,73.9571,-0.0892,96.3844,-0.0287,0.7648,0.0,1800.0,0.0,6.2961
580.0,2026-06-05T20:01:44.930418+00:00,73.9207,-0.0049,96.4112,-0.0221,0.7648,0.0,1800.0,0.0,6.2981
580.5,2026-06-05T20:01:45.421345+00:00,74.1473,0.1235,96.5474,0.0216,0.7648,0.0,1800.0,0.0,6.2991
581.0,2026-06-05T20:01:45.921185+00:00,74.1942,0.0949,96.7679,0.0937,0.7648,0.0,1800.0,0.0,6.2995
581.5,2026-06-05T20:01:46.421188+00:00,74.2303,0.1366,96.8216,0.072,0.7648,0.0,1800.0,0.0,6.2998
582.0,2026-06-05T20:01:46.921266+00:00,74.258,0.1686,96.6315,0.0939,0.7648,0.0,1800.0,0.0,6.2999
582.5,2026-06-05T20:01:47.428485+00:00,74.0247,-0.0613,96.7167,0.1108,0.7648,0.0,1800.0,0.0,6.2999
583.0,2026-06-05T20:01:47.921278+00:00,74.1,-0.0471,96.5509,0.0466,0.7648,0.0,1800.0,0.0,6.3512
583.5,2026-06-05T20:01:48.421260+00:00,74.0306,-0.0998,96.5391,-0.0028,0.7648,0.0,1800.0,0.0,6.3762
584.0,2026-06-05T20:01:48.921285+00:00,74.1045,-0.0767,96.6458,-0.0407,0.7648,0.0,1800.0,0.0,6.3372
584.5,2026-06-05T20:01:49.422726+00:00,74.2886,0.1319,96.612,-0.0698,0.7648,0.0,1800.0,0.0,6.3181
585.0,2026-06-05T20:01:49.925652+00:00,74.3028,0.1014,96.7018,0.0234,0.7648,0.0,1800.0,0.0,6.3089
585.5,2026-06-05T20:01:50.421985+00:00,74.1864,0.0779,96.5394,-0.0591,0.7648,0.0,1800.0,0.0,6.3043
586.0,2026-06-05T20:01:50.921864+00:00,74.097,-0.0037,96.5303,-0.0069,0.7648,0.0,1800.0,0.0,6.3021
586.5,2026-06-05T20:01:51.421224+00:00,74.2828,-0.0029,96.5233,-0.0053,0.7648,0.0,1800.0,0.0,6.301
587.0,2026-06-05T20:01:51.921211+00:00,74.2984,-0.0022,96.4022,-0.0812,0.7648,0.0,1800.0,0.0,6.3517
587.5,2026-06-05T20:01:52.425568+00:00,74.4376,0.1256,96.4248,-0.0624,0.7648,0.0,1800.0,0.0,6.3252
588.0,2026-06-05T20:01:52.921408+00:00,74.4173,0.1602,96.4422,-0.0865,0.7648,0.0,1800.0,0.0,6.3635
588.5,2026-06-05T20:01:53.421811+00:00,74.529,0.1231,96.5713,0.0106,0.7648,0.0,1800.0,0.0,6.3822
589.0,2026-06-05T20:01:53.921276+00:00,74.4876,0.0946,96.5548,0.0082,0.7648,0.0,1800.0,0.0,6.3401
589.5,2026-06-05T20:01:54.421477+00:00,74.4558,0.0091,96.5421,0.0063,0.7648,0.0,1800.0,0.0,6.3196
590.0,2026-06-05T20:01:54.931079+00:00,74.4313,0.007,96.5324,0.0434,0.7648,0.0,1800.0,0.0,6.3096
590.5,2026-06-05T20:01:55.421337+00:00,74.2852,-0.1219,96.5249,0.0334,0.7648,0.0,1800.0,0.0,6.3047
591.0,2026-06-05T20:01:55.921624+00:00,74.3002,-0.0937,96.6348,0.0642,0.7648,0.0,1800.0,0.0,6.3023
591.5,2026-06-05T20:01:56.422670+00:00,74.1845,-0.1357,96.3722,-0.0664,0.7648,0.0,1800.0,0.0,6.3011
592.0,2026-06-05T20:01:56.921967+00:00,74.0955,-0.1679,96.4018,-0.051,0.7648,0.0,1800.0,0.0,6.3005
592.5,2026-06-05T20:01:57.429346+00:00,74.1544,-0.0654,96.4245,-0.0392,0.7648,0.0,1800.0,0.0,6.3003
593.00016,2026-06-05T20:01:57.923078+00:00,74.3269,0.0134,96.3494,-0.061,0.7648,0.0,1800.0,0.0,6.3513
593.5,2026-06-05T20:01:58.421488+00:00,74.3323,0.0739,96.3611,-0.0546,0.7648,0.0,1800.0,0.0,6.3762
594.0,2026-06-05T20:01:58.921180+00:00,74.3364,0.1204,96.2776,-0.1191,0.7648,0.0,1800.0,0.0,6.3884
594.5,2026-06-05T20:01:59.421163+00:00,74.3395,0.0926,96.329,-0.0144,0.7648,0.0,1800.0,0.0,6.3943
595.0,2026-06-05T20:01:59.926927+00:00,74.2147,-0.0561,96.3686,-0.0111,0.7648,0.0,1800.0,0.0,6.3972
595.5,2026-06-05T20:02:00.421179+00:00,74.246,-0.0431,96.399,-0.0085,0.7648,0.0,1800.0,0.0,6.3987
596.0,2026-06-05T20:02:00.921334+00:00,74.2701,-0.0332,96.5381,0.0629,0.7648,0.0,1800.0,0.0,6.3993
596.5,2026-06-05T20:02:01.421219+00:00,74.1613,-0.0891,96.2979,-0.0211,0.7648,0.0,1800.0,0.0,6.3997
597.0,2026-06-05T20:02:01.921171+00:00,74.0777,-0.0685,96.4603,0.0609,0.7648,0.0,1800.0,0.0,6.3998
597.5,2026-06-05T20:02:02.426972+00:00,74.0134,-0.1163,96.4695,0.0468,0.7648,0.0,1800.0,0.0,6.3487
598.0,2026-06-05T20:02:02.921266+00:00,73.964,-0.153,96.4534,0.0283,0.7648,0.0,1800.0,0.0,6.375
598.5,2026-06-05T20:02:03.422115+00:00,74.0534,-0.054,96.2328,-0.0554,0.7648,0.0,1800.0,0.0,6.3878
599.0,2026-06-05T20:02:03.922042+00:00,73.8675,-0.1051,96.1789,-0.1197,0.7648,0.0,1800.0,0.0,6.3428
599.5,2026-06-05T20:02:04.422024+00:00,73.9791,-0.0172,96.1375,-0.0534,0.7648,0.0,1800.0,0.0,6.3721
600.0,2026-06-05T20:02:04.928683+00:00,74.0649,0.0504,96.1057,-0.1182,0.7648,0.0,1800.0,0.0,6.3864
600.5,2026-06-05T20:02:05.421198+00:00,74.0036,-0.0249,96.0812,-0.1294,0.7648,0.0,1800.0,0.0,6.3934
601.0,2026-06-05T20:02:05.921198+00:00,74.0838,0.1082,96.0624,-0.1303,0.7648,0.0,1800.0,0.0,6.3456
601.5,2026-06-05T20:02:06.421553+00:00,74.0181,0.0195,96.048,-0.0616,0.7648,0.0,1800.0,0.0,6.3222
602.0,2026-06-05T20:02:06.921570+00:00,74.0949,0.015,96.1526,-0.0088,0.7648,0.0,1800.0,0.0,6.3108
602.5,2026-06-05T20:02:07.429854+00:00,73.8994,-0.0521,96.233,0.0318,0.7648,0.0,1800.0,0.0,6.3053
603.0,2026-06-05T20:02:07.923752+00:00,73.8764,-0.1037,96.2948,0.063,0.7648,0.0,1800.0,0.0,6.3538
603.5,2026-06-05T20:02:08.421308+00:00,73.8587,-0.0797,96.3423,0.087,0.7648,0.0,1800.0,0.0,6.3774
604.0,2026-06-05T20:02:08.921191+00:00,73.9724,-0.0613,96.3788,0.1054,0.7648,0.0,1800.0,0.0,6.3378
604.5,2026-06-05T20:02:09.421326+00:00,74.0598,0.0802,96.4068,0.1196,0.7648,0.0,1800.0,0.0,6.3184
605.0,2026-06-05T20:02:09.926007+00:00,74.1269,0.1253,96.3127,0.0534,0.7648,0.0,1800.0,0.0,6.309
605.5,2026-06-05T20:02:10.421191+00:00,74.3058,0.2236,96.4717,0.0796,0.7648,0.0,1800.0,0.0,6.3044
606.0,2026-06-05T20:02:10.921255+00:00,74.1888,0.1082,96.3626,0.0226,0.7648,0.0,1800.0,0.0,6.3021
606.5,2026-06-05T20:02:11.421185+00:00,74.2261,0.0832,96.2787,-0.0212,0.7648,0.0,1800.0,0.0,6.301
607.0,2026-06-05T20:02:11.921186+00:00,74.2548,0.0639,96.3299,-0.0163,0.7648,0.0,1800.0,0.0,6.3005
607.5,2026-06-05T20:02:12.427365+00:00,74.1495,-0.0781,96.3692,-0.0125,0.7648,0.0,1800.0,0.0,6.3002
608.0,2026-06-05T20:02:12.921242+00:00,74.1959,0.0036,96.2838,-0.0096,0.7648,0.0,1800.0,0.0,6.3001
608.5,2026-06-05T20:02:13.421186+00:00,73.977,-0.1245,96.3338,-0.046,0.7648,0.0,1800.0,0.0,6.3001
609.0,2026-06-05T20:02:13.921667+00:00,74.0633,-0.0957,96.3723,0.0032,0.7648,0.0,1800.0,0.0,6.3
609.5,2026-06-05T20:02:14.421183+00:00,74.1297,-0.0099,96.2861,0.0025,0.7648,0.0,1800.0,0.0,6.3
610.0,2026-06-05T20:02:14.926549+00:00,74.1807,-0.0076,96.3356,0.0019,0.7648,0.0,1800.0,0.0,6.3
610.5,2026-06-05T20:02:15.421511+00:00,74.0926,0.0578,96.4894,0.04,0.7648,0.0,1800.0,0.0,6.3
611.0,2026-06-05T20:02:15.921975+00:00,74.1521,0.0444,96.2604,-0.0078,0.7648,0.0,1800.0,0.0,6.3
611.5,2026-06-05T20:02:16.421251+00:00,74.0707,-0.0295,96.4316,0.0326,0.7648,0.0,1800.0,0.0,6.3
612.0,2026-06-05T20:02:16.921255+00:00,74.2626,0.041,96.3317,-0.0135,0.7648,0.0,1800.0,0.0,6.3
612.5,2026-06-05T20:02:17.430534+00:00,74.1555,0.0315,96.0235,-0.0875,0.7648,0.0,1800.0,0.0,6.3
613.0,2026-06-05T20:02:17.921260+00:00,74.2005,0.0242,96.2495,-0.0287,0.7648,0.0,1800.0,0.0,6.3
613.5,2026-06-05T20:02:18.421215+00:00,73.8533,-0.1087,96.4232,-0.0221,0.7648,0.0,1800.0,0.0,6.3
614.0,2026-06-05T20:02:18.921260+00:00,73.7137,-0.2744,96.3252,0.0216,0.7648,0.0,1800.0,0.0,6.3
614.5,2026-06-05T20:02:19.421209+00:00,73.7337,-0.2109,96.4814,0.0166,0.7648,0.0,1800.0,0.0,6.3
615.0,2026-06-05T20:02:19.927112+00:00,73.749,-0.2258,96.2311,-0.0335,0.7648,0.0,1800.0,0.0,6.3
615.5,2026-06-05T20:02:20.421199+00:00,74.0154,0.081,96.062,0.0128,0.7648,0.0,1800.0,0.0,6.3
616.0,2026-06-05T20:02:20.921207+00:00,74.2201,0.2532,96.1633,-0.0287,0.7648,0.0,1800.0,0.0,6.3
616.5,2026-06-05T20:02:21.421205+00:00,74.1229,0.1946,96.1255,-0.0992,0.7648,0.0,1800.0,0.0,6.3
617.0,2026-06-05T20:02:21.921501+00:00,74.1754,0.2132,96.0965,-0.0763,0.7648,0.0,1800.0,0.0,6.3
617.5,2026-06-05T20:02:22.428237+00:00,74.2158,0.1002,96.1899,-0.0972,0.7648,0.0,1800.0,0.0,6.3
618.0,2026-06-05T20:02:22.923127+00:00,74.2469,0.0134,96.2616,0.0102,0.7648,0.0,1800.0,0.0,6.3
618.500001,2026-06-05T20:02:23.423293+00:00,74.2707,0.0739,96.4325,0.1235,0.7648,0.0,1800.0,0.0,6.3
619.0,2026-06-05T20:02:23.921265+00:00,74.2891,0.0568,96.425,0.0872,0.7648,0.0,1800.0,0.0,6.3
619.5,2026-06-05T20:02:24.421193+00:00,74.1759,-0.02,96.3266,0.067,0.7648,0.0,1800.0,0.0,6.3
620.0,2026-06-05T20:02:24.925637+00:00,74.2162,-0.0153,96.251,0.0515,0.7648,0.0,1800.0,0.0,6.3512
620.5,2026-06-05T20:02:25.421277+00:00,73.9926,-0.1391,95.9616,-0.0761,0.7648,0.0,1800.0,0.0,6.3762
621.0,2026-06-05T20:02:25.921276+00:00,74.2026,-0.0432,95.8548,-0.1356,0.7648,0.0,1800.0,0.0,6.3884
621.5,2026-06-05T20:02:26.421379+00:00,74.2367,0.0304,95.8884,-0.1814,0.7648,0.0,1800.0,0.0,6.3943
622.0,2026-06-05T20:02:26.921286+00:00,74.1356,-0.0403,95.9142,-0.1703,0.7648,0.0,1800.0,0.0,6.3972
622.5,2026-06-05T20:02:27.432893+00:00,74.1852,0.0963,96.1655,-0.0537,0.7648,0.0,1800.0,0.0,6.3986
623.000532,2026-06-05T20:02:27.922514+00:00,74.2234,0.0104,96.2429,-0.0027,0.7648,0.0,1800.0,0.0,6.3993
623.5,2026-06-05T20:02:28.421190+00:00,74.2527,0.008,96.4181,0.1522,0.7648,0.0,1800.0,0.0,6.3997
624.0,2026-06-05T20:02:28.921185+00:00,74.1479,0.0061,96.3213,0.1555,0.7648,0.0,1800.0,0.0,6.3998
624.5,2026-06-05T20:02:29.421202+00:00,74.1947,0.0047,96.1313,0.081,0.7648,0.0,1800.0,0.0,6.3999
625.0,2026-06-05T20:02:29.926717+00:00,74.1034,-0.06,96.2166,0.1008,0.7648,0.0,1800.0,0.0,6.4
625.5,2026-06-05T20:02:30.421648+00:00,73.9059,-0.1734,96.1433,-0.0074,0.7648,0.0,1800.0,0.0,6.3488
626.0,2026-06-05T20:02:30.921292+00:00,73.7541,-0.1969,96.3416,0.0329,0.7648,0.0,1800.0,0.0,6.3238
626.5,2026-06-05T20:02:31.421258+00:00,73.892,-0.1513,96.3782,-0.0133,0.7648,0.0,1800.0,0.0,6.3116
627.0,2026-06-05T20:02:31.921636+00:00,73.998,-0.0527,96.4064,0.0284,0.7648,0.0,1800.0,0.0,6.3057
627.5,2026-06-05T20:02:32.425524+00:00,74.0794,0.0868,95.9653,-0.0553,0.7648,0.0,1800.0,0.0,6.3028
628.0,2026-06-05T20:02:32.922581+00:00,74.142,0.194,96.089,-0.0425,0.7648,0.0,1800.0,0.0,6.3014
628.5,2026-06-05T20:02:33.421254+00:00,74.3174,0.2127,96.1841,0.0136,0.7648,0.0,1800.0,0.0,6.3007
629.0,2026-06-05T20:02:33.921171+00:00,74.0704,0.0362,96.1415,-0.0667,0.7648,0.0,1800.0,0.0,6.3003
629.5,2026-06-05T20:02:34.421360+00:00,74.0079,-0.0358,96.1088,-0.0898,0.7648,0.0,1800.0,0.0,6.3002
630.0,2026-06-05T20:02:34.926614+00:00,74.087,-0.0275,96.1993,-0.069,0.7648,0.0,1800.0,0.0,6.3001
630.5,2026-06-05T20:02:35.421815+00:00,74.1479,-0.0848,96.2689,0.1012,0.7648,0.0,1800.0,0.0,6.3
631.0,2026-06-05T20:02:35.921319+00:00,74.1946,0.0621,96.2067,0.0392,0.7648,0.0,1800.0,0.0,6.3
631.5,2026-06-05T20:02:36.421421+00:00,74.2306,0.1114,96.1588,-0.0084,0.7648,0.0,1800.0,0.0,6.3
632.0,2026-06-05T20:02:36.922154+00:00,74.2582,0.0856,96.3535,0.0707,0.7648,0.0,1800.0,0.0,6.3
632.5,2026-06-05T20:02:37.432320+00:00,74.2795,0.0658,96.3874,0.0929,0.7648,0.0,1800.0,0.0,6.3
633.0,2026-06-05T20:02:37.921794+00:00,74.1685,-0.0131,96.4134,0.0714,0.7648,0.0,1800.0,0.0,6.3512
633.5,2026-06-05T20:02:38.421223+00:00,74.2105,-0.01,96.4335,0.0549,0.7648,0.0,1800.0,0.0,6.325
634.0,2026-06-05T20:02:38.921196+00:00,74.1155,-0.0714,96.4489,0.0807,0.7648,0.0,1800.0,0.0,6.3122
634.5,2026-06-05T20:02:39.421196+00:00,74.0425,-0.1185,96.4607,0.1006,0.7648,0.0,1800.0,0.0,6.306
635.0,2026-06-05T20:02:39.926490+00:00,73.9864,-0.0911,96.4698,0.0388,0.7648,0.0,1800.0,0.0,6.3029
635.5,2026-06-05T20:02:40.421179+00:00,73.9433,-0.1336,96.2454,-0.0473,0.7648,0.0,1800.0,0.0,6.3014
636.0,2026-06-05T20:02:40.921196+00:00,73.9101,-0.1027,96.0729,-0.1135,0.7648,0.0,1800.0,0.0,6.3007
636.5,2026-06-05T20:02:41.421173+00:00,74.0119,-0.0153,96.056,-0.1258,0.7648,0.0,1800.0,0.0,6.3003
637.0,2026-06-05T20:02:41.921166+00:00,73.9629,-0.0118,95.9274,-0.1738,0.7648,0.0,1800.0,0.0,6.3002
637.5,2026-06-05T20:02:42.428347+00:00,73.9252,-0.009,96.0599,-0.1336,0.7648,0.0,1800.0,0.0,6.3001
638.0,2026-06-05T20:02:42.921268+00:00,73.8962,-0.0069,96.046,-0.1413,0.7648,0.0,1800.0,0.0,6.3
638.5,2026-06-05T20:02:43.422416+00:00,74.0012,-0.0053,96.1511,-0.0314,0.7648,0.0,1800.0,0.0,6.3
639.0,2026-06-05T20:02:43.921868+00:00,74.0819,0.0595,96.0004,-0.0242,0.7648,0.0,1800.0,0.0,6.3
639.5,2026-06-05T20:02:44.421209+00:00,74.144,0.1094,96.0003,-0.0186,0.7648,0.0,1800.0,0.0,6.3
640.0,2026-06-05T20:02:44.928078+00:00,73.9371,0.0204,96.1159,0.0629,0.7648,0.0,1800.0,0.0,6.3
640.5,2026-06-05T20:02:45.421480+00:00,74.1599,0.0793,96.0891,0.0097,0.7648,0.0,1800.0,0.0,6.3
641.0,2026-06-05T20:02:45.921242+00:00,74.2039,0.061,96.1842,0.0461,0.7648,0.0,1800.0,0.0,6.3
641.5,2026-06-05T20:02:46.421225+00:00,74.2377,0.0469,96.2573,0.0354,0.7648,0.0,1800.0,0.0,6.3
642.0,2026-06-05T20:02:46.921191+00:00,74.2637,0.1633,96.3134,0.1043,0.7648,0.0,1800.0,0.0,6.3
642.5,2026-06-05T20:02:47.428642+00:00,74.2837,0.0619,96.3566,0.1188,0.7648,0.0,1800.0,0.0,6.3
643.0,2026-06-05T20:02:47.921215+00:00,74.299,0.0476,96.3898,0.0913,0.7648,0.0,1800.0,0.0,6.3
643.5,2026-06-05T20:02:48.421313+00:00,74.1835,-0.0271,96.2996,0.0702,0.7648,0.0,1800.0,0.0,6.3
644.0,2026-06-05T20:02:48.921445+00:00,74.2221,-0.0208,96.4617,0.0925,0.7648,0.0,1800.0,0.0,6.3
644.5,2026-06-05T20:02:49.421295+00:00,74.2517,-0.016,96.5862,0.1097,0.7648,0.0,1800.0,0.0,6.3
645.0,2026-06-05T20:02:49.930246+00:00,74.2744,-0.0123,96.4506,0.0457,0.7648,0.0,1800.0,0.0,6.3
645.500157,2026-06-05T20:02:50.421517+00:00,74.0374,-0.0731,96.5777,0.0737,0.7648,0.0,1800.0,0.0,6.3
646.0,2026-06-05T20:02:50.921498+00:00,74.1097,-0.0562,96.444,0.0181,0.7648,0.0,1800.0,0.0,6.3
646.5,2026-06-05T20:02:51.421185+00:00,74.1653,-0.0432,96.3413,0.0139,0.7648,0.0,1800.0,0.0,6.3
647.0,2026-06-05T20:02:51.921183+00:00,74.2081,-0.0332,96.1466,-0.105,0.7648,0.0,1800.0,0.0,6.3
647.5,2026-06-05T20:02:52.425991+00:00,74.1136,0.0381,96.2284,-0.1193,0.7648,0.0,1800.0,0.0,6.2488
648.0,2026-06-05T20:02:52.922024+00:00,73.9138,-0.098,96.1755,-0.0917,0.7648,0.0,1800.0,0.0,6.275
648.5,2026-06-05T20:02:53.422405+00:00,74.0147,-0.0753,96.1349,-0.1476,0.7648,0.0,1800.0,0.0,6.2878
649.0,2026-06-05T20:02:53.922016+00:00,73.965,-0.1215,96.3351,-0.0363,0.7648,0.0,1800.0,0.0,6.294
649.5,2026-06-05T20:02:54.422574+00:00,73.9268,-0.0934,96.3733,0.0107,0.7648,0.0,1800.0,0.0,6.2971
650.0,2026-06-05T20:02:54.926596+00:00,74.0248,0.0555,96.1712,0.0082,0.7648,0.0,1800.0,0.0,6.2986
650.5,2026-06-05T20:02:55.422589+00:00,73.9728,-0.021,96.2473,0.0063,0.7648,0.0,1800.0,0.0,6.2993
651.0,2026-06-05T20:02:55.921426+00:00,74.1873,0.1111,96.3058,0.0434,0.7648,0.0,1800.0,0.0,6.2997
651.5,2026-06-05T20:02:56.421185+00:00,74.0977,0.0854,96.5821,0.1491,0.7648,0.0,1800.0,0.0,6.2998
652.0,2026-06-05T20:02:56.921196+00:00,74.1561,0.0657,96.5631,0.076,0.7648,0.0,1800.0,0.0,6.2999
652.5,2026-06-05T20:02:57.427159+00:00,74.201,0.1141,96.5254,0.0507,0.7648,0.0,1800.0,0.0,6.2488
653.0,2026-06-05T20:02:57.921380+00:00,74.1082,-0.0396,96.5195,0.1161,0.7648,0.0,1800.0,0.0,6.275
653.5,2026-06-05T20:02:58.421202+00:00,73.9096,-0.0941,96.6307,0.1278,0.7648,0.0,1800.0,0.0,6.2878
654.0,2026-06-05T20:02:58.921343+00:00,74.1388,-0.0087,96.4847,0.0597,0.7648,0.0,1800.0,0.0,6.294
654.5,2026-06-05T20:02:59.421458+00:00,74.3149,0.057,96.4883,-0.0313,0.7648,0.0,1800.0,0.0,6.2971
655.0,2026-06-05T20:02:59.926691+00:00,74.4503,0.1711,96.491,-0.024,0.7648,0.0,1800.0,0.0,6.2986
655.5,2026-06-05T20:03:00.421481+00:00,74.4271,0.2588,96.6088,0.0278,0.7648,0.0,1800.0,0.0,6.2993
656.0,2026-06-05T20:03:00.921211+00:00,74.4093,0.1352,96.5836,0.0214,0.7648,0.0,1800.0,0.0,6.2997
656.5,2026-06-05T20:03:01.421194+00:00,74.3955,0.0403,96.68,0.0164,0.7648,0.0,1800.0,0.0,6.351
657.0,2026-06-05T20:03:01.921416+00:00,74.385,-0.0327,96.6383,0.0512,0.7648,0.0,1800.0,0.0,6.3249
657.5,2026-06-05T20:03:02.426282+00:00,74.1224,-0.1524,96.6294,0.0471,0.7648,0.0,1800.0,0.0,6.3122
658.0,2026-06-05T20:03:02.921792+00:00,74.175,-0.1171,96.8309,0.1133,0.7648,0.0,1800.0,0.0,6.3059
658.5,2026-06-05T20:03:03.421442+00:00,74.2155,-0.09,96.87,0.0871,0.7648,0.0,1800.0,0.0,6.3029
659.0,2026-06-05T20:03:03.921305+00:00,74.1194,-0.1328,96.9001,0.1055,0.7648,0.0,1800.0,0.0,6.3014
659.5,2026-06-05T20:03:04.421443+00:00,74.1727,0.0252,97.0389,0.1197,0.7648,0.0,1800.0,0.0,6.3007
660.0,2026-06-05T20:03:04.928861+00:00,74.2138,0.0194,96.9142,0.092,0.7648,0.0,1800.0,0.0,6.3003
660.500153,2026-06-05T20:03:05.421551+00:00,74.2453,0.0149,96.9341,0.1015,0.7648,0.0,1800.0,0.0,6.3002
661.0,2026-06-05T20:03:05.921229+00:00,74.2695,0.0751,96.9493,0.0395,0.7648,0.0,1800.0,0.0,6.3001
661.5,2026-06-05T20:03:06.423310+00:00,74.1609,-0.0059,96.8453,-0.0082,0.7648,0.0,1800.0,0.0,6.3
662.0,2026-06-05T20:03:06.923671+00:00,74.2046,-0.0046,96.8811,-0.0063,0.7648,0.0,1800.0,0.0,6.3
662.5,2026-06-05T20:03:07.426406+00:00,73.9837,-0.1308,96.7929,-0.082,0.7648,0.0,1800.0,0.0,6.2488
663.0,2026-06-05T20:03:07.921305+00:00,74.0685,-0.1005,96.7252,-0.063,0.7648,0.0,1800.0,0.0,6.275
663.5,2026-06-05T20:03:08.421363+00:00,74.2609,0.05,96.9045,-0.0099,0.7648,0.0,1800.0,0.0,6.2878
664.0,2026-06-05T20:03:08.921189+00:00,74.2815,0.0384,96.8109,-0.0462,0.7648,0.0,1800.0,0.0,6.2941
664.5,2026-06-05T20:03:09.421403+00:00,74.4246,0.2205,96.8546,0.0031,0.7648,0.0,1800.0,0.0,6.3483
665.0,2026-06-05T20:03:09.928682+00:00,74.2801,0.1058,96.7726,-0.0362,0.7648,0.0,1800.0,0.0,6.3236
665.5,2026-06-05T20:03:10.421499+00:00,74.169,-0.0459,96.8252,0.0108,0.7648,0.0,1800.0,0.0,6.3115
666.0,2026-06-05T20:03:10.921811+00:00,74.2109,-0.0353,96.9813,0.0854,0.7648,0.0,1800.0,0.0,6.3056
666.5,2026-06-05T20:03:11.424039+00:00,74.2431,-0.0908,96.87,-0.0115,0.7648,0.0,1800.0,0.0,6.3539
667.0,2026-06-05T20:03:11.925405+00:00,74.1405,-0.0698,96.7844,-0.0088,0.7648,0.0,1800.0,0.0,6.3775
667.5,2026-06-05T20:03:12.429046+00:00,74.0617,-0.0536,96.7186,-0.0454,0.7648,0.0,1800.0,0.0,6.3378
668.0,2026-06-05T20:03:12.921197+00:00,74.1284,-0.0412,96.5523,-0.0734,0.7648,0.0,1800.0,0.0,6.3697
668.5,2026-06-05T20:03:13.421214+00:00,73.9252,-0.159,96.5402,-0.095,0.7648,0.0,1800.0,0.0,6.3852
669.0,2026-06-05T20:03:13.921219+00:00,73.8962,-0.1222,96.7623,-0.073,0.7648,0.0,1800.0,0.0,6.3928
669.5,2026-06-05T20:03:14.421481+00:00,73.8739,-0.0939,96.7016,-0.0561,0.7648,0.0,1800.0,0.0,6.3453
670.0,2026-06-05T20:03:14.928177+00:00,73.9841,-0.0722,96.7706,-0.0046,0.7648,0.0,1800.0,0.0,6.3221
670.5,2026-06-05T20:03:15.421448+00:00,73.9415,0.0082,96.8237,0.0351,0.7648,0.0,1800.0,0.0,6.3108
671.0,2026-06-05T20:03:15.921195+00:00,73.9088,0.0063,96.7488,0.0655,0.7648,0.0,1800.0,0.0,6.3053
671.5,2026-06-05T20:03:16.421318+00:00,74.1381,0.1321,96.6912,0.0504,0.7648,0.0,1800.0,0.0,6.3538
672.0,2026-06-05T20:03:16.921196+00:00,74.1872,0.1015,96.7627,0.0001,0.7648,0.0,1800.0,0.0,6.3262
672.5,2026-06-05T20:03:17.426686+00:00,74.2248,0.1417,96.7019,0.0001,0.7648,0.0,1800.0,0.0,6.3128
673.0,2026-06-05T20:03:17.921885+00:00,74.1265,0.1089,96.6552,-0.0385,0.7648,0.0,1800.0,0.0,6.3574
673.500403,2026-06-05T20:03:18.421639+00:00,74.051,-0.0436,96.735,-0.0296,0.7648,0.0,1800.0,0.0,6.3792
674.0,2026-06-05T20:03:18.921202+00:00,74.1202,-0.0335,96.6806,-0.0227,0.7648,0.0,1800.0,0.0,6.3899
674.5,2026-06-05T20:03:19.421224+00:00,74.1734,-0.0257,96.6388,-0.0175,0.7648,0.0,1800.0,0.0,6.3439
675.0,2026-06-05T20:03:19.927980+00:00,74.2142,0.0438,96.6067,-0.052,0.7648,0.0,1800.0,0.0,6.3214
675.5,2026-06-05T20:03:20.421169+00:00,74.2456,0.0973,96.6977,-0.0014,0.7648,0.0,1800.0,0.0,6.3104
676.0,2026-06-05T20:03:20.921460+00:00,74.1425,0.0112,96.652,-0.0011,0.7648,0.0,1800.0,0.0,6.3051
676.5,2026-06-05T20:03:21.421330+00:00,74.0633,-0.055,96.7325,-0.0008,0.7648,0.0,1800.0,0.0,6.3025
677.0,2026-06-05T20:03:21.921750+00:00,74.2569,0.0213,96.563,-0.0392,0.7648,0.0,1800.0,0.0,6.3012
677.5,2026-06-05T20:03:22.427443+00:00,74.4057,0.08,96.4327,-0.0687,0.7648,0.0,1800.0,0.0,6.3006
678.0,2026-06-05T20:03:22.922506+00:00,74.3928,0.1251,96.4251,-0.0605,0.7648,0.0,1800.0,0.0,6.3003
678.5,2026-06-05T20:03:23.422504+00:00,74.3829,0.1598,96.3268,-0.1236,0.7648,0.0,1800.0,0.0,6.3001
679.0,2026-06-05T20:03:23.921257+00:00,74.3753,0.0592,96.2512,-0.1336,0.7648,0.0,1800.0,0.0,6.3001
679.5,2026-06-05T20:03:24.421454+00:00,74.3694,-0.0181,96.3087,-0.1413,0.7648,0.0,1800.0,0.0,6.3
680.0,2026-06-05T20:03:24.927249+00:00,74.4922,0.0497,96.2373,-0.1086,0.7648,0.0,1800.0,0.0,6.3
680.5,2026-06-05T20:03:25.421440+00:00,74.4593,0.0382,96.2981,-0.0449,0.7648,0.0,1800.0,0.0,6.3
681.0,2026-06-05T20:03:25.921851+00:00,74.434,0.0294,96.4605,0.0118,0.7648,0.0,1800.0,0.0,6.3
681.5,2026-06-05T20:03:26.421836+00:00,74.4146,0.0226,96.3539,0.0091,0.7648,0.0,1800.0,0.0,6.3
682.0,2026-06-05T20:03:26.921240+00:00,74.5269,0.0173,96.5034,0.0841,0.7648,0.0,1800.0,0.0,6.3
682.5,2026-06-05T20:03:27.427230+00:00,74.3587,-0.0503,96.3869,0.0261,0.7648,0.0,1800.0,0.0,6.3
683.0,2026-06-05T20:03:27.924394+00:00,74.2294,-0.1023,96.4131,0.0586,0.7648,0.0,1800.0,0.0,6.3512
683.5,2026-06-05T20:03:28.421228+00:00,74.2573,-0.0786,96.4332,0.045,0.7648,0.0,1800.0,0.0,6.325
684.0,2026-06-05T20:03:28.921308+00:00,74.2788,-0.1241,96.333,-0.0425,0.7648,0.0,1800.0,0.0,6.3122
684.5,2026-06-05T20:03:29.421204+00:00,74.2952,-0.0317,96.2559,-0.0327,0.7648,0.0,1800.0,0.0,6.306
685.0,2026-06-05T20:03:29.927987+00:00,74.4352,0.1029,96.1967,-0.1022,0.7648,0.0,1800.0,0.0,6.3029
685.5,2026-06-05T20:03:30.421268+00:00,74.5427,0.1427,96.0355,-0.1172,0.7648,0.0,1800.0,0.0,6.3014
686.0,2026-06-05T20:03:30.921240+00:00,74.3709,0.0461,96.2587,-0.0515,0.7648,0.0,1800.0,0.0,6.3007
686.5,2026-06-05T20:03:31.422731+00:00,74.4933,0.099,96.3145,-0.0396,0.7648,0.0,1800.0,0.0,6.3003
687.0,2026-06-05T20:03:31.921249+00:00,74.3329,-0.0512,96.3574,0.0082,0.7648,0.0,1800.0,0.0,6.3002
687.5,2026-06-05T20:03:32.426899+00:00,74.3368,-0.103,96.2747,0.0063,0.7648,0.0,1800.0,0.0,6.3001
688.0,2026-06-05T20:03:32.921275+00:00,74.4672,0.0481,96.2112,0.0048,0.7648,0.0,1800.0,0.0,6.3512
688.5,2026-06-05T20:03:33.422090+00:00,74.44,-0.0266,96.278,0.0808,0.7648,0.0,1800.0,0.0,6.325
689.0,2026-06-05T20:03:33.921221+00:00,74.4192,0.0432,96.2137,-0.015,0.7648,0.0,1800.0,0.0,6.3122
689.5,2026-06-05T20:03:34.421181+00:00,74.2759,-0.0305,96.1642,-0.0501,0.7648,0.0,1800.0,0.0,6.306
690.0,2026-06-05T20:03:34.928782+00:00,74.2931,-0.087,96.1262,-0.0771,0.7648,0.0,1800.0,0.0,6.3029
690.5,2026-06-05T20:03:35.421620+00:00,74.3062,-0.0669,96.097,-0.0592,0.7648,0.0,1800.0,0.0,6.3014
691.0,2026-06-05T20:03:35.921249+00:00,74.4436,0.0122,96.0746,-0.0455,0.7648,0.0,1800.0,0.0,6.3007
691.5,2026-06-05T20:03:36.422816+00:00,74.2947,0.0094,96.173,-0.035,0.7648,0.0,1800.0,0.0,6.3003
692.0,2026-06-05T20:03:36.921381+00:00,74.3075,0.0072,96.133,-0.0269,0.7648,0.0,1800.0,0.0,6.3002
692.5,2026-06-05T20:03:37.429578+00:00,74.3173,0.0055,96.1022,-0.0207,0.7648,0.0,1800.0,0.0,6.3001
693.0,2026-06-05T20:03:37.921315+00:00,74.4522,0.0043,96.0786,-0.0159,0.7648,0.0,1800.0,0.0,6.3
693.5,2026-06-05T20:03:38.421219+00:00,74.4285,0.0669,96.0604,-0.0122,0.7648,0.0,1800.0,0.0,6.3
694.0,2026-06-05T20:03:38.921179+00:00,74.4104,0.0514,96.1621,0.0292,0.7648,0.0,1800.0,0.0,6.3
694.5,2026-06-05T20:03:39.421224+00:00,74.3964,0.0395,96.1246,-0.0161,0.7648,0.0,1800.0,0.0,6.3
695.0,2026-06-05T20:03:39.925319+00:00,74.3857,-0.0333,96.2115,0.0262,0.7648,0.0,1800.0,0.0,6.3
695.5,2026-06-05T20:03:40.421303+00:00,74.3774,-0.0256,96.1625,0.0201,0.7648,0.0,1800.0,0.0,6.3
696.0,2026-06-05T20:03:40.921191+00:00,74.2438,-0.0833,96.1249,0.0155,0.7648,0.0,1800.0,0.0,6.3
696.5,2026-06-05T20:03:41.421196+00:00,74.2684,-0.064,96.2117,0.0504,0.7648,0.0,1800.0,0.0,6.2488
697.0,2026-06-05T20:03:41.922288+00:00,74.2873,-0.0492,96.2553,0.0311,0.7648,0.0,1800.0,0.0,6.2238
697.5,2026-06-05T20:03:42.428206+00:00,74.3018,-0.0378,96.4276,0.101,0.7648,0.0,1800.0,0.0,6.2116
698.0,2026-06-05T20:03:42.921185+00:00,74.3129,0.0346,96.3287,0.0391,0.7648,0.0,1800.0,0.0,6.2569
698.5,2026-06-05T20:03:43.422928+00:00,74.3215,0.0266,96.2526,0.03,0.7648,0.0,1800.0,0.0,6.2278
699.0,2026-06-05T20:03:43.921631+00:00,74.3281,0.0204,96.3099,0.0616,0.7648,0.0,1800.0,0.0,6.2135
699.5,2026-06-05T20:03:44.421831+00:00,74.2059,-0.0479,96.1225,-0.0298,0.7648,0.0,1800.0,0.0,6.2066
700.0,2026-06-05T20:03:44.926509+00:00,74.2392,-0.0368,96.3255,0.0234,0.7648,0.0,1800.0,0.0,6.2032
700.5,2026-06-05T20:03:45.421268+00:00,74.1376,-0.092,96.2502,-0.0591,0.7648,0.0,1800.0,0.0,6.2016
701.0,2026-06-05T20:03:45.921723+00:00,74.314,-0.007,96.4237,0.0317,0.7648,0.0,1800.0,0.0,6.2008
701.5,2026-06-05T20:03:46.421194+00:00,74.3223,0.0582,96.21,-0.0142,0.7648,0.0,1800.0,0.0,6.2004
702.0,2026-06-05T20:03:46.921282+00:00,74.2015,-0.0189,96.1614,-0.0495,0.7648,0.0,1800.0,0.0,6.2002
702.501584,2026-06-05T20:03:47.433968+00:00,74.3631,0.1128,96.0083,-0.038,0.7648,0.0,1800.0,0.0,6.2001
703.0,2026-06-05T20:03:47.923345+00:00,74.4874,0.0867,96.1221,-0.0678,0.7648,0.0,1800.0,0.0,6.2512
703.5,2026-06-05T20:03:48.424121+00:00,74.5828,0.1302,96.0938,-0.0521,0.7648,0.0,1800.0,0.0,6.2762
704.00126,2026-06-05T20:03:48.922507+00:00,74.529,0.1637,96.1878,-0.0786,0.7648,0.0,1800.0,0.0,6.2884
704.5,2026-06-05T20:03:49.421338+00:00,74.7421,0.1895,96.1444,-0.0219,0.7648,0.0,1800.0,0.0,6.2943
705.0,2026-06-05T20:03:49.928747+00:00,74.6514,0.082,96.3424,0.0603,0.7648,0.0,1800.0,0.0,6.2972
705.5,2026-06-05T20:03:50.423310+00:00,74.5816,-0.0006,96.2631,0.0849,0.7648,0.0,1800.0,0.0,6.2987
706.0,2026-06-05T20:03:50.921295+00:00,74.6553,0.0632,96.2022,0.0267,0.7648,0.0,1800.0,0.0,6.2993
706.5,2026-06-05T20:03:51.421250+00:00,74.7119,-0.0151,96.0397,-0.018,0.7648,0.0,1800.0,0.0,6.2997
707.0,2026-06-05T20:03:51.922012+00:00,74.7554,0.052,96.0306,-0.0524,0.7648,0.0,1800.0,0.0,6.2998
707.5,2026-06-05T20:03:52.425744+00:00,74.7889,0.1036,96.0235,-0.0403,0.7648,0.0,1800.0,0.0,6.2999
708.0,2026-06-05T20:03:52.921189+00:00,74.8146,0.0797,95.9949,-0.1158,0.7648,0.0,1800.0,0.0,6.3
708.5,2026-06-05T20:03:53.421188+00:00,74.5798,-0.066,95.8804,-0.1276,0.7648,0.0,1800.0,0.0,6.3
709.0,2026-06-05T20:03:53.921195+00:00,74.2721,-0.2417,96.0238,-0.0595,0.7648,0.0,1800.0,0.0,6.3
709.5,2026-06-05T20:03:54.421202+00:00,74.4174,-0.1857,96.0183,-0.0072,0.7648,0.0,1800.0,0.0,6.3
710.0,2026-06-05T20:03:54.928682+00:00,74.4018,-0.2064,95.8983,-0.0441,0.7648,0.0,1800.0,0.0,6.3
710.5,2026-06-05T20:03:55.421186+00:00,74.3898,-0.095,96.1533,0.0433,0.7648,0.0,1800.0,0.0,6.3
711.0,2026-06-05T20:03:55.921613+00:00,74.5079,0.1179,96.1178,0.041,0.7648,0.0,1800.0,0.0,6.3
711.5,2026-06-05T20:03:56.421616+00:00,74.4713,0.027,96.0905,0.0701,0.7648,0.0,1800.0,0.0,6.3
712.0,2026-06-05T20:03:56.921224+00:00,74.316,-0.0429,96.1853,0.0538,0.7648,0.0,1800.0,0.0,6.3
712.5,2026-06-05T20:03:57.429303+00:00,74.3239,-0.033,96.2581,0.0799,0.7648,0.0,1800.0,0.0,6.3
713.0,2026-06-05T20:03:57.921732+00:00,74.3299,-0.089,96.1984,0.1,0.7648,0.0,1800.0,0.0,6.3
713.5,2026-06-05T20:03:58.421405+00:00,74.4618,-0.0048,96.2682,0.0383,0.7648,0.0,1800.0,0.0,6.3
714.0,2026-06-05T20:03:58.921796+00:00,74.3087,-0.0037,96.3218,0.068,0.7648,0.0,1800.0,0.0,6.3
714.5,2026-06-05T20:03:59.421531+00:00,74.3182,-0.0028,96.2474,0.0523,0.7648,0.0,1800.0,0.0,6.3
715.0,2026-06-05T20:03:59.927403+00:00,74.4529,0.0615,96.1901,0.0016,0.7648,0.0,1800.0,0.0,6.3
715.5,2026-06-05T20:04:00.421636+00:00,74.5563,0.0473,96.2387,-0.0065,0.7648,0.0,1800.0,0.0,6.3
716.000664,2026-06-05T20:04:00.922068+00:00,74.3813,0.0363,96.1835,-0.005,0.7648,0.0,1800.0,0.0,6.3
716.5,2026-06-05T20:04:01.421228+00:00,74.3741,0.0279,96.3724,0.0347,0.7648,0.0,1800.0,0.0,6.3
717.001023,2026-06-05T20:04:01.922279+00:00,74.4958,0.0215,96.2862,-0.0119,0.7648,0.0,1800.0,0.0,6.3
717.5,2026-06-05T20:04:02.425871+00:00,74.3348,-0.1108,96.22,-0.0091,0.7648,0.0,1800.0,0.0,6.2488
718.001201,2026-06-05T20:04:02.922450+00:00,74.211,-0.0851,96.0534,-0.0456,0.7648,0.0,1800.0,0.0,6.275
718.5,2026-06-05T20:04:03.421226+00:00,74.1159,-0.1291,96.1567,-0.0273,0.7648,0.0,1800.0,0.0,6.2878
719.0,2026-06-05T20:04:03.921194+00:00,74.1701,-0.1628,96.1205,-0.021,0.7648,0.0,1800.0,0.0,6.294
719.5,2026-06-05T20:04:04.421178+00:00,74.2117,-0.0615,96.2083,-0.0547,0.7648,0.0,1800.0,0.0,6.2971
720.0,2026-06-05T20:04:04.925981+00:00,74.2437,0.0163,96.2758,-0.0035,0.7648,0.0,1800.0,0.0,6.2986
720.5,2026-06-05T20:04:05.421213+00:00,74.2683,0.0762,96.3045,0.0282,0.7648,0.0,1800.0,0.0,6.2993
721.0,2026-06-05T20:04:05.921189+00:00,74.4145,0.1222,96.4655,0.1374,0.7648,0.0,1800.0,0.0,6.2997
721.5,2026-06-05T20:04:06.421364+00:00,74.3996,0.0939,96.7049,0.1827,0.7648,0.0,1800.0,0.0,6.2998
722.0,2026-06-05T20:04:06.921384+00:00,74.3881,0.0722,96.7732,0.2176,0.7648,0.0,1800.0,0.0,6.2999
722.5,2026-06-05T20:04:07.425788+00:00,74.3793,0.0555,96.8256,0.2058,0.7648,0.0,1800.0,0.0,6.2488
723.0,2026-06-05T20:04:07.921269+00:00,74.2452,-0.0846,96.866,0.1967,0.7648,0.0,1800.0,0.0,6.275
723.5,2026-06-05T20:04:08.421435+00:00,74.3967,-0.0014,96.7813,0.1589,0.7648,0.0,1800.0,0.0,6.2878
724.0,2026-06-05T20:04:08.921181+00:00,74.3859,-0.0011,96.8319,0.1221,0.7648,0.0,1800.0,0.0,6.294
724.5,2026-06-05T20:04:09.421200+00:00,74.3776,-0.0008,96.7551,0.0167,0.7648,0.0,1800.0,0.0,6.2971
725.0,2026-06-05T20:04:09.929993+00:00,74.244,-0.0006,96.6961,-0.0257,0.7648,0.0,1800.0,0.0,6.2986
725.5,2026-06-05T20:04:10.421238+00:00,74.3958,-0.0005,96.6507,-0.0583,0.7648,0.0,1800.0,0.0,6.2993
726.002353,2026-06-05T20:04:10.923910+00:00,74.5124,0.0633,96.7315,-0.0448,0.7648,0.0,1800.0,0.0,6.2997
726.5,2026-06-05T20:04:11.422724+00:00,74.3476,-0.015,96.5623,-0.073,0.7648,0.0,1800.0,0.0,6.2998
727.0,2026-06-05T20:04:11.924239+00:00,74.3481,0.0521,96.4321,-0.1333,0.7648,0.0,1800.0,0.0,6.2999
727.5,2026-06-05T20:04:12.427832+00:00,74.3486,-0.0236,96.5635,-0.0639,0.7648,0.0,1800.0,0.0,6.2488
728.0,2026-06-05T20:04:12.921640+00:00,74.3489,-0.0818,96.5488,-0.0491,0.7648,0.0,1800.0,0.0,6.275
728.5,2026-06-05T20:04:13.421182+00:00,74.3492,0.0008,96.4218,-0.0763,0.7648,0.0,1800.0,0.0,6.2878
729.0,2026-06-05T20:04:13.921190+00:00,74.4766,0.0642,96.3242,-0.1358,0.7648,0.0,1800.0,0.0,6.3452
729.5,2026-06-05T20:04:14.421194+00:00,74.3201,-0.0143,96.3649,-0.0658,0.7648,0.0,1800.0,0.0,6.3221
730.0,2026-06-05T20:04:14.926489+00:00,74.4543,0.0527,96.2805,-0.0506,0.7648,0.0,1800.0,0.0,6.3108
730.5,2026-06-05T20:04:15.421177+00:00,74.4301,0.0405,96.447,-0.0389,0.7648,0.0,1800.0,0.0,6.3053
731.0,2026-06-05T20:04:15.921227+00:00,74.4116,-0.0325,96.4592,-0.0299,0.7648,0.0,1800.0,0.0,6.3026
731.5,2026-06-05T20:04:16.421836+00:00,74.3973,0.0386,96.5844,0.0542,0.7648,0.0,1800.0,0.0,6.3013
732.0,2026-06-05T20:04:16.922889+00:00,74.2591,-0.0976,96.5648,0.0802,0.7648,0.0,1800.0,0.0,6.3006
732.5,2026-06-05T20:04:17.426375+00:00,74.4074,-0.0114,96.5498,0.0616,0.7648,0.0,1800.0,0.0,6.2491
733.0,2026-06-05T20:04:17.921214+00:00,74.3941,-0.0087,96.4226,0.0474,0.7648,0.0,1800.0,0.0,6.2752
733.5,2026-06-05T20:04:18.421171+00:00,74.5112,0.0569,96.4405,-0.0021,0.7648,0.0,1800.0,0.0,6.2879
734.0,2026-06-05T20:04:18.921722+00:00,74.6012,0.171,96.4543,-0.0017,0.7648,0.0,1800.0,0.0,6.2941
734.5,2026-06-05T20:04:19.421181+00:00,74.6703,0.1314,96.4649,-0.0398,0.7648,0.0,1800.0,0.0,6.2971
735.0,2026-06-05T20:04:19.928300+00:00,74.7235,0.1647,96.3573,-0.0692,0.7648,0.0,1800.0,0.0,6.2986
735.500135,2026-06-05T20:04:20.421488+00:00,74.7643,0.1266,96.3903,-0.0532,0.7648,0.0,1800.0,0.0,6.2993
736.0,2026-06-05T20:04:20.921200+00:00,74.6684,0.0336,96.3,-0.0409,0.7648,0.0,1800.0,0.0,6.2997
736.5,2026-06-05T20:04:21.421204+00:00,74.722,0.0259,96.2306,-0.07,0.7648,0.0,1800.0,0.0,6.2998
737.0,2026-06-05T20:04:21.921516+00:00,74.6359,-0.0438,96.0615,-0.1309,0.7648,0.0,1800.0,0.0,6.2999
737.5,2026-06-05T20:04:22.429054+00:00,74.5698,-0.0973,96.0241,-0.1469,0.7648,0.0,1800.0,0.0,6.3
738.0,2026-06-05T20:04:22.921162+00:00,74.6462,-0.0111,96.1343,-0.0743,0.7648,0.0,1800.0,0.0,6.3512
738.5,2026-06-05T20:04:23.421773+00:00,74.7049,-0.0086,96.1032,-0.0957,0.7648,0.0,1800.0,0.0,6.325
739.0,2026-06-05T20:04:23.921238+00:00,74.7501,0.0571,96.0793,-0.0736,0.7648,0.0,1800.0,0.0,6.3122
739.5,2026-06-05T20:04:24.421677+00:00,74.7848,0.1075,96.1767,-0.018,0.7648,0.0,1800.0,0.0,6.3059
740.0,2026-06-05T20:04:24.928425+00:00,74.8114,0.0826,96.1358,0.0248,0.7648,0.0,1800.0,0.0,6.3029
740.5,2026-06-05T20:04:25.421205+00:00,74.7047,-0.0001,96.0812,0.019,0.7648,0.0,1800.0,0.0,6.3014
741.0,2026-06-05T20:04:25.921187+00:00,74.6226,-0.0637,96.1781,0.0146,0.7648,0.0,1800.0,0.0,6.3007
741.5,2026-06-05T20:04:26.421265+00:00,74.5595,-0.1126,96.1369,0.0112,0.7648,0.0,1800.0,0.0,6.3003
742.0,2026-06-05T20:04:26.921150+00:00,74.6383,-0.0866,96.2209,0.0472,0.7648,0.0,1800.0,0.0,6.3002
742.5,2026-06-05T20:04:27.426545+00:00,74.5716,-0.0665,96.0541,-0.0409,0.7648,0.0,1800.0,0.0,6.3001
743.0,2026-06-05T20:04:27.921332+00:00,74.5203,-0.0511,96.0416,-0.0314,0.7648,0.0,1800.0,0.0,6.3
743.5,2026-06-05T20:04:28.421381+00:00,74.6082,0.0243,96.032,-0.0164,0.7648,0.0,1800.0,0.0,6.3
744.0,2026-06-05T20:04:28.922514+00:00,74.6757,0.0187,96.1403,-0.0126,0.7648,0.0,1800.0,0.0,6.3
744.5,2026-06-05T20:04:29.421232+00:00,74.6003,0.0144,96.2235,0.0289,0.7648,0.0,1800.0,0.0,6.3
745.0,2026-06-05T20:04:29.926828+00:00,74.6697,0.0747,96.2875,0.0222,0.7648,0.0,1800.0,0.0,6.3
745.5,2026-06-05T20:04:30.421245+00:00,74.723,0.0574,96.3367,0.0942,0.7648,0.0,1800.0,0.0,6.3512
746.0,2026-06-05T20:04:30.921464+00:00,74.8912,0.1078,96.2588,0.0724,0.7648,0.0,1800.0,0.0,6.325
746.5,2026-06-05T20:04:31.421179+00:00,74.6387,0.0192,96.0832,0.0171,0.7648,0.0,1800.0,0.0,6.3122
747.0,2026-06-05T20:04:31.921260+00:00,74.4446,-0.1125,96.1796,0.0131,0.7648,0.0,1800.0,0.0,6.306
747.5,2026-06-05T20:04:32.426229+00:00,74.2955,-0.2138,96.1381,-0.0285,0.7648,0.0,1800.0,0.0,6.3029
748.0,2026-06-05T20:04:32.921350+00:00,74.4354,-0.2279,96.2218,-0.0219,0.7648,0.0,1800.0,0.0,6.3526
748.5,2026-06-05T20:04:33.422594+00:00,74.2883,-0.1752,96.0316,-0.1017,0.7648,0.0,1800.0,0.0,6.3257
749.000146,2026-06-05T20:04:33.921521+00:00,74.4299,-0.0074,96.14,-0.0396,0.7648,0.0,1800.0,0.0,6.3125
749.5,2026-06-05T20:04:34.421234+00:00,74.4114,0.058,96.2233,0.0467,0.7648,0.0,1800.0,0.0,6.3061
750.0,2026-06-05T20:04:34.927224+00:00,74.3972,-0.0191,96.2873,0.0359,0.7648,0.0,1800.0,0.0,6.303
750.5,2026-06-05T20:04:35.423279+00:00,74.6408,0.1762,96.3366,0.0662,0.7648,0.0,1800.0,0.0,6.3015
751.0,2026-06-05T20:04:35.921190+00:00,74.7008,0.1355,96.4901,0.0894,0.7648,0.0,1800.0,0.0,6.3519
751.5,2026-06-05T20:04:36.421218+00:00,74.6196,0.1041,96.4924,0.1536,0.7648,0.0,1800.0,0.0,6.3765
752.0,2026-06-05T20:04:36.921450+00:00,74.43,0.0164,96.6098,0.1566,0.7648,0.0,1800.0,0.0,6.3885
752.5,2026-06-05T20:04:37.430639+00:00,74.4115,-0.1147,96.5844,0.1204,0.7648,0.0,1800.0,0.0,6.3432
753.0,2026-06-05T20:04:37.921689+00:00,74.3972,-0.1518,96.6806,0.1311,0.7648,0.0,1800.0,0.0,6.3723
753.5,2026-06-05T20:04:38.421305+00:00,74.3863,-0.1167,96.6388,0.1007,0.7648,0.0,1800.0,0.0,6.3865
754.0,2026-06-05T20:04:38.921391+00:00,74.3779,-0.026,96.6067,0.0389,0.7648,0.0,1800.0,0.0,6.3422
754.5,2026-06-05T20:04:39.421271+00:00,74.3714,-0.02,96.582,0.0299,0.7648,0.0,1800.0,0.0,6.3206
755.0,2026-06-05T20:04:39.927170+00:00,74.3665,-0.0154,96.6787,0.023,0.7648,0.0,1800.0,0.0,6.31
755.5,2026-06-05T20:04:40.421187+00:00,74.2354,-0.0755,96.406,-0.0595,0.7648,0.0,1800.0,0.0,6.3049
756.0,2026-06-05T20:04:40.921452+00:00,74.2619,-0.058,96.1732,-0.1691,0.7648,0.0,1800.0,0.0,6.3024
756.5,2026-06-05T20:04:41.421714+00:00,74.5368,0.0827,96.1331,-0.1686,0.7648,0.0,1800.0,0.0,6.3012
757.0,2026-06-05T20:04:41.921182+00:00,74.6209,0.1272,96.3337,-0.091,0.7648,0.0,1800.0,0.0,6.3006
757.5,2026-06-05T20:04:42.427281+00:00,74.6855,0.225,96.1408,-0.1471,0.7648,0.0,1800.0,0.0,6.2491
758.0,2026-06-05T20:04:42.921212+00:00,74.6078,0.173,95.9925,-0.2287,0.7648,0.0,1800.0,0.0,6.3264
758.5,2026-06-05T20:04:43.421209+00:00,74.5482,0.0057,95.9942,-0.1372,0.7648,0.0,1800.0,0.0,6.3641
759.0,2026-06-05T20:04:43.921417+00:00,74.5023,-0.0593,95.9956,-0.0592,0.7648,0.0,1800.0,0.0,6.3825
759.5,2026-06-05T20:04:44.421345+00:00,74.4671,-0.1092,95.7421,-0.1304,0.7648,0.0,1800.0,0.0,6.3914
760.0,2026-06-05T20:04:44.925355+00:00,74.5673,-0.0203,95.8017,-0.1773,0.7648,0.0,1800.0,0.0,6.3958
760.5,2026-06-05T20:04:45.421236+00:00,74.517,-0.0156,95.8476,-0.0977,0.7648,0.0,1800.0,0.0,6.398
761.0,2026-06-05T20:04:45.921299+00:00,74.4783,-0.012,95.9986,0.002,0.7648,0.0,1800.0,0.0,6.399
761.5,2026-06-05T20:04:46.422410+00:00,74.4486,-0.0092,96.1146,0.0401,0.7648,0.0,1800.0,0.0,6.3995
762.0,2026-06-05T20:04:46.921218+00:00,74.6804,0.0566,96.0881,0.0308,0.7648,0.0,1800.0,0.0,6.3998
762.5,2026-06-05T20:04:47.426517+00:00,74.6039,0.0435,96.0677,0.1085,0.7648,0.0,1800.0,0.0,6.3487
763.0,2026-06-05T20:04:47.921282+00:00,74.6724,0.097,96.1677,0.122,0.7648,0.0,1800.0,0.0,6.375
763.5,2026-06-05T20:04:48.421526+00:00,74.7251,0.1382,96.1289,0.0938,0.7648,0.0,1800.0,0.0,6.3366
764.0,2026-06-05T20:04:48.921174+00:00,74.8928,0.1062,96.0991,0.0335,0.7648,0.0,1800.0,0.0,6.3179
764.5,2026-06-05T20:04:49.421397+00:00,74.8945,0.1453,96.1919,0.0258,0.7648,0.0,1800.0,0.0,6.3087
765.0,2026-06-05T20:04:49.929291+00:00,74.8958,0.1117,96.2632,0.0584,0.7648,0.0,1800.0,0.0,6.3043
765.5,2026-06-05T20:04:50.421304+00:00,74.8967,0.0858,96.318,0.0834,0.7648,0.0,1800.0,0.0,6.3021
766.0,2026-06-05T20:04:50.921950+00:00,74.7702,-0.0613,96.2444,0.0256,0.7648,0.0,1800.0,0.0,6.301
766.5,2026-06-05T20:04:51.422143+00:00,74.8003,-0.0471,96.1878,0.0196,0.7648,0.0,1800.0,0.0,6.3005
767.0,2026-06-05T20:04:51.922018+00:00,74.6961,-0.0998,96.2601,0.0537,0.7648,0.0,1800.0,0.0,6.3002
767.5,2026-06-05T20:04:52.425896+00:00,74.616,-0.1404,96.3156,0.0412,0.7648,0.0,1800.0,0.0,6.3001
768.0,2026-06-05T20:04:52.921461+00:00,74.6817,-0.0443,96.474,0.0703,0.7648,0.0,1800.0,0.0,6.3001
768.5,2026-06-05T20:04:53.421479+00:00,74.605,-0.0977,96.5957,0.0926,0.7648,0.0,1800.0,0.0,6.3
769.0,2026-06-05T20:04:53.921439+00:00,74.546,-0.0751,96.5735,0.1097,0.7648,0.0,1800.0,0.0,6.3
769.50002,2026-06-05T20:04:54.421238+00:00,74.5006,-0.0577,96.5565,0.1229,0.7648,0.0,1800.0,0.0,6.3
770.0,2026-06-05T20:04:54.926501+00:00,74.3385,-0.1716,96.4277,0.0559,0.7648,0.0,1800.0,0.0,6.3
770.5,2026-06-05T20:04:55.421178+00:00,74.3412,-0.1319,96.5602,0.0815,0.7648,0.0,1800.0,0.0,6.3
771.0,2026-06-05T20:04:55.921212+00:00,74.4705,-0.0377,96.4305,-0.0145,0.7648,0.0,1800.0,0.0,6.3
771.5,2026-06-05T20:04:56.421684+00:00,74.3153,-0.0926,96.5623,-0.0111,0.7648,0.0,1800.0,0.0,6.3
772.0,2026-06-05T20:04:56.921315+00:00,74.3233,-0.0076,96.5479,-0.0086,0.7648,0.0,1800.0,0.0,6.3
772.5,2026-06-05T20:04:57.429328+00:00,74.3295,-0.0058,96.5368,-0.0066,0.7648,0.0,1800.0,0.0,6.3
773.0,2026-06-05T20:04:57.922067+00:00,74.5888,0.0592,96.644,0.0721,0.7648,0.0,1800.0,0.0,6.3
773.5,2026-06-05T20:04:58.421267+00:00,74.5335,0.1091,96.7264,0.0554,0.7648,0.0,1800.0,0.0,6.3
774.0,2026-06-05T20:04:58.922167+00:00,74.6183,0.1475,96.5583,0.0426,0.7648,0.0,1800.0,0.0,6.3
774.5,2026-06-05T20:04:59.421327+00:00,74.6835,0.177,96.5448,-0.0058,0.7648,0.0,1800.0,0.0,6.3
775.0,2026-06-05T20:04:59.925814+00:00,74.6063,0.0088,96.303,-0.0816,0.7648,0.0,1800.0,0.0,6.3
775.5,2026-06-05T20:05:00.421286+00:00,74.8016,0.134,96.3486,-0.0627,0.7648,0.0,1800.0,0.0,6.3
776.0,2026-06-05T20:05:00.922116+00:00,74.6971,0.0394,96.4993,-0.0482,0.7648,0.0,1800.0,0.0,6.3
776.5,2026-06-05T20:05:01.421453+00:00,74.744,0.0303,96.6152,-0.0371,0.7648,0.0,1800.0,0.0,6.3
777.0,2026-06-05T20:05:01.923867+00:00,74.9074,0.1505,96.4728,-0.0285,0.7648,0.0,1800.0,0.0,6.3
777.50132,2026-06-05T20:05:02.428091+00:00,74.9057,0.0521,96.5948,0.0167,0.7648,0.0,1800.0,0.0,6.3
778.0,2026-06-05T20:05:02.921215+00:00,74.7771,0.04,96.5729,0.0899,0.7648,0.0,1800.0,0.0,6.3
778.5,2026-06-05T20:05:03.421228+00:00,74.6783,-0.0329,96.7874,0.1463,0.7648,0.0,1800.0,0.0,6.3
779.0,2026-06-05T20:05:03.921209+00:00,74.7296,-0.0889,96.5126,0.0044,0.7648,0.0,1800.0,0.0,6.3
779.5,2026-06-05T20:05:04.421301+00:00,74.8963,-0.0047,96.5097,-0.0352,0.7648,0.0,1800.0,0.0,6.3
780.0,2026-06-05T20:05:04.926560+00:00,74.8971,0.06,96.2761,-0.0656,0.7648,0.0,1800.0,0.0,6.3
780.5,2026-06-05T20:05:05.421191+00:00,75.0251,0.1734,96.4436,-0.0504,0.7648,0.0,1800.0,0.0,6.3
781.0,2026-06-05T20:05:05.921198+00:00,74.8689,0.0696,96.3409,-0.0773,0.7648,0.0,1800.0,0.0,6.3
781.5,2026-06-05T20:05:06.421183+00:00,74.7488,-0.0737,96.262,-0.1751,0.7648,0.0,1800.0,0.0,6.3
782.0,2026-06-05T20:05:06.921364+00:00,74.9111,0.007,96.3171,-0.0652,0.7648,0.0,1800.0,0.0,6.3
782.5,2026-06-05T20:05:07.426870+00:00,74.9085,-0.0583,96.4751,-0.0115,0.7648,0.0,1800.0,0.0,6.2488
783.0,2026-06-05T20:05:07.921378+00:00,74.9065,0.0188,96.2495,-0.0089,0.7648,0.0,1800.0,0.0,6.275
783.5,2026-06-05T20:05:08.421202+00:00,75.0323,0.1417,96.3075,-0.0454,0.7648,0.0,1800.0,0.0,6.2878
784.0,2026-06-05T20:05:08.923261+00:00,75.0017,0.0453,96.352,0.0037,0.7648,0.0,1800.0,0.0,6.294
784.5,2026-06-05T20:05:09.421241+00:00,74.9781,0.0348,96.3863,0.0414,0.7648,0.0,1800.0,0.0,6.2971
785.0,2026-06-05T20:05:09.926519+00:00,74.8328,-0.0369,96.4126,0.0318,0.7648,0.0,1800.0,0.0,6.2986
785.5,2026-06-05T20:05:10.422167+00:00,74.7211,-0.1556,96.4328,-0.0141,0.7648,0.0,1800.0,0.0,6.2993
786.0,2026-06-05T20:05:10.922164+00:00,74.7625,-0.1196,96.3327,0.0277,0.7648,0.0,1800.0,0.0,6.2997
786.5,2026-06-05T20:05:11.421231+00:00,74.667,-0.1556,96.3714,0.0213,0.7648,0.0,1800.0,0.0,6.2486
787.001554,2026-06-05T20:05:11.922842+00:00,74.8482,0.0077,96.1697,-0.0608,0.7648,0.0,1800.0,0.0,6.2749
787.5,2026-06-05T20:05:12.427167+00:00,74.8602,0.0696,96.3619,-0.0081,0.7648,0.0,1800.0,0.0,6.2878
788.0,2026-06-05T20:05:12.921321+00:00,74.8694,0.0535,96.1624,-0.0834,0.7648,0.0,1800.0,0.0,6.294
788.5,2026-06-05T20:05:13.421187+00:00,74.7492,0.0411,96.3562,-0.0255,0.7648,0.0,1800.0,0.0,6.2971
789.0,2026-06-05T20:05:13.921281+00:00,74.9114,0.0316,96.5052,0.0575,0.7648,0.0,1800.0,0.0,6.2986
789.5,2026-06-05T20:05:14.421242+00:00,74.7815,-0.0394,96.504,0.0442,0.7648,0.0,1800.0,0.0,6.2993
790.0,2026-06-05T20:05:14.926228+00:00,74.8089,-0.0303,96.3874,0.0725,0.7648,0.0,1800.0,0.0,6.2997
790.5,2026-06-05T20:05:15.421205+00:00,74.7027,-0.0233,96.2977,-0.0214,0.7648,0.0,1800.0,0.0,6.2998
791.0,2026-06-05T20:05:15.921177+00:00,74.6211,-0.1451,96.3445,0.0607,0.7648,0.0,1800.0,0.0,6.2999
791.5,2026-06-05T20:05:16.421435+00:00,74.4311,-0.1752,96.2648,-0.0305,0.7648,0.0,1800.0,0.0,6.3
792.0,2026-06-05T20:05:16.921291+00:00,74.5396,-0.1347,96.3192,-0.062,0.7648,0.0,1800.0,0.0,6.3
792.5,2026-06-05T20:05:17.429280+00:00,74.623,-0.0399,96.4768,-0.0091,0.7648,0.0,1800.0,0.0,6.3
793.0,2026-06-05T20:05:17.921487+00:00,74.6871,0.033,96.4821,0.0316,0.7648,0.0,1800.0,0.0,6.3
793.5,2026-06-05T20:05:18.422508+00:00,74.4818,0.0254,96.2549,-0.0143,0.7648,0.0,1800.0,0.0,6.3
794.0,2026-06-05T20:05:18.921753+00:00,74.7059,0.0831,96.3116,-0.011,0.7648,0.0,1800.0,0.0,6.3
794.5,2026-06-05T20:05:19.421425+00:00,74.7508,0.0639,96.3552,0.0301,0.7648,0.0,1800.0,0.0,6.3
795.0,2026-06-05T20:05:19.930623+00:00,74.658,-0.0145,96.273,-0.0154,0.7648,0.0,1800.0,0.0,6.3
795.5,2026-06-05T20:05:20.421402+00:00,74.5868,0.0525,96.3255,-0.0504,0.7648,0.0,1800.0,0.0,6.3
796.0,2026-06-05T20:05:20.921558+00:00,74.532,-0.0869,96.1345,-0.1159,0.7648,0.0,1800.0,0.0,6.3
796.5,2026-06-05T20:05:21.421793+00:00,74.3626,-0.1941,96.1034,-0.0505,0.7648,0.0,1800.0,0.0,6.3
797.0,2026-06-05T20:05:21.921230+00:00,74.487,-0.0855,96.1952,-0.0388,0.7648,0.0,1800.0,0.0,6.3
797.5,2026-06-05T20:05:22.429185+00:00,74.5825,-0.0021,96.15,-0.0684,0.7648,0.0,1800.0,0.0,6.3
798.0,2026-06-05T20:05:22.921191+00:00,74.2742,-0.1289,96.3467,0.0246,0.7648,0.0,1800.0,0.0,6.3
798.5,2026-06-05T20:05:23.421248+00:00,74.2917,-0.0354,96.3822,0.0189,0.7648,0.0,1800.0,0.0,6.3
799.0,2026-06-05T20:05:23.921187+00:00,74.3052,-0.0909,96.5251,0.1302,0.7648,0.0,1800.0,0.0,6.3
799.5,2026-06-05T20:05:24.421176+00:00,74.3156,-0.1335,96.4036,0.1001,0.7648,0.0,1800.0,0.0,6.3
800.0,2026-06-05T20:05:24.925934+00:00,74.4508,0.0883,96.4259,0.0769,0.7648,0.0,1800.0,0.0,6.3
800.5,2026-06-05T20:05:25.421268+00:00,74.4275,0.0679,96.4431,0.0977,0.7648,0.0,1800.0,0.0,6.3
801.0,2026-06-05T20:05:25.922775+00:00,74.6641,0.1794,96.2248,-0.0406,0.7648,0.0,1800.0,0.0,6.3
801.5,2026-06-05T20:05:26.421266+00:00,74.846,0.2652,96.0571,-0.1084,0.7648,0.0,1800.0,0.0,6.3
802.0,2026-06-05T20:05:26.922821+00:00,74.9857,0.2675,96.1596,-0.1218,0.7648,0.0,1800.0,0.0,6.3
802.5,2026-06-05T20:05:27.427936+00:00,74.8386,0.2056,96.3541,-0.0165,0.7648,0.0,1800.0,0.0,6.3
803.0,2026-06-05T20:05:27.921298+00:00,74.7256,0.0307,96.2721,-0.0513,0.7648,0.0,1800.0,0.0,6.3
803.5,2026-06-05T20:05:28.421550+00:00,74.6387,-0.1037,96.3249,-0.0394,0.7648,0.0,1800.0,0.0,6.3
804.0,2026-06-05T20:05:28.921453+00:00,74.6991,-0.1433,96.134,-0.0303,0.7648,0.0,1800.0,0.0,6.3
804.5,2026-06-05T20:05:29.421241+00:00,74.6183,-0.1101,96.2187,0.0539,0.7648,0.0,1800.0,0.0,6.3
805.0,2026-06-05T20:05:29.926036+00:00,74.6835,-0.021,96.5152,0.1185,0.7648,0.0,1800.0,0.0,6.3
805.5,2026-06-05T20:05:30.421438+00:00,74.7336,0.0475,96.396,0.014,0.7648,0.0,1800.0,0.0,6.3512
806.0,2026-06-05T20:05:30.921210+00:00,74.7721,0.0365,96.5357,0.0879,0.7648,0.0,1800.0,0.0,6.325
806.5,2026-06-05T20:05:31.421561+00:00,74.6744,0.028,96.6432,0.1061,0.7648,0.0,1800.0,0.0,6.3122
807.0,2026-06-05T20:05:31.921234+00:00,74.7266,0.0216,96.61,0.1587,0.7648,0.0,1800.0,0.0,6.306
807.5,2026-06-05T20:05:32.426346+00:00,74.6395,-0.0471,96.5846,0.122,0.7648,0.0,1800.0,0.0,6.3029
808.0,2026-06-05T20:05:32.921223+00:00,74.6998,-0.0362,96.3336,-0.0605,0.7648,0.0,1800.0,0.0,6.3014
808.5,2026-06-05T20:05:33.421282+00:00,74.7461,0.0358,96.1407,-0.0851,0.7648,0.0,1800.0,0.0,6.3007
809.0,2026-06-05T20:05:33.921201+00:00,75.0363,0.1548,96.1081,-0.1425,0.7648,0.0,1800.0,0.0,6.3003
809.5,2026-06-05T20:05:34.421206+00:00,75.0047,0.1826,96.1988,-0.1481,0.7648,0.0,1800.0,0.0,6.3002
810.0,2026-06-05T20:05:34.925455+00:00,75.1078,0.204,96.1528,-0.1524,0.7648,0.0,1800.0,0.0,6.3001
810.5,2026-06-05T20:05:35.421517+00:00,75.187,0.2204,96.2332,-0.1171,0.7648,0.0,1800.0,0.0,6.3
811.0,2026-06-05T20:05:35.921161+00:00,74.9933,-0.0215,96.4106,0.0257,0.7648,0.0,1800.0,0.0,6.3
811.5,2026-06-05T20:05:36.421261+00:00,74.9717,-0.0165,96.4313,0.0969,0.7648,0.0,1800.0,0.0,6.3
812.0,2026-06-05T20:05:36.921664+00:00,75.0824,-0.0127,96.4472,0.113,0.7648,0.0,1800.0,0.0,6.3
812.5,2026-06-05T20:05:37.426629+00:00,74.9129,-0.137,96.4594,0.0869,0.7648,0.0,1800.0,0.0,6.3
813.0,2026-06-05T20:05:37.921177+00:00,74.9099,-0.0417,96.4688,0.1053,0.7648,0.0,1800.0,0.0,6.3
813.5,2026-06-05T20:05:38.421280+00:00,74.9076,-0.032,96.3372,0.0347,0.7648,0.0,1800.0,0.0,6.3
814.0,2026-06-05T20:05:38.921308+00:00,74.7786,-0.1519,96.1435,-0.089,0.7648,0.0,1800.0,0.0,6.3
814.5,2026-06-05T20:05:39.421488+00:00,74.6794,-0.1167,96.226,-0.0684,0.7648,0.0,1800.0,0.0,6.3
815.0,2026-06-05T20:05:39.926933+00:00,74.6032,-0.1534,96.1737,-0.0912,0.7648,0.0,1800.0,0.0,6.3
815.5,2026-06-05T20:05:40.422065+00:00,74.4173,-0.2451,96.1335,-0.1086,0.7648,0.0,1800.0,0.0,6.3512
816.0,2026-06-05T20:05:40.921209+00:00,74.529,-0.1248,96.1026,-0.1221,0.7648,0.0,1800.0,0.0,6.3762
816.5,2026-06-05T20:05:41.421588+00:00,74.6149,-0.0323,96.1946,-0.0475,0.7648,0.0,1800.0,0.0,6.3884
817.0,2026-06-05T20:05:41.925774+00:00,74.6808,0.0388,96.2652,0.0406,0.7648,0.0,1800.0,0.0,6.3943
817.5,2026-06-05T20:05:42.427282+00:00,74.6043,0.0935,96.4353,0.0698,0.7648,0.0,1800.0,0.0,6.346
818.0,2026-06-05T20:05:42.921190+00:00,74.6727,0.0718,96.4502,0.0922,0.7648,0.0,1800.0,0.0,6.3737
818.5,2026-06-05T20:05:43.421220+00:00,74.7253,0.0552,96.4618,0.1094,0.7648,0.0,1800.0,0.0,6.3359
819.0,2026-06-05T20:05:43.921287+00:00,74.893,0.1061,96.4706,0.1227,0.7648,0.0,1800.0,0.0,6.3175
819.5,2026-06-05T20:05:44.421301+00:00,74.7674,0.0815,96.4774,0.0943,0.7648,0.0,1800.0,0.0,6.3086
820.0,2026-06-05T20:05:44.928609+00:00,74.798,0.0627,96.5983,0.111,0.7648,0.0,1800.0,0.0,6.3042
820.5,2026-06-05T20:05:45.422726+00:00,74.8216,0.0482,96.6913,0.0853,0.7648,0.0,1800.0,0.0,6.3532
821.0,2026-06-05T20:05:45.921279+00:00,74.8398,-0.0266,96.6239,0.0579,0.7648,0.0,1800.0,0.0,6.3772
821.5,2026-06-05T20:05:46.421468+00:00,74.7264,-0.0205,96.5952,0.0445,0.7648,0.0,1800.0,0.0,6.3377
822.0,2026-06-05T20:05:46.921355+00:00,74.5121,-0.143,96.6889,0.0728,0.7648,0.0,1800.0,0.0,6.3184
822.5,2026-06-05T20:05:47.427838+00:00,74.4746,-0.1735,96.7609,0.0945,0.7648,0.0,1800.0,0.0,6.309
823.0,2026-06-05T20:05:47.921618+00:00,74.7003,-0.0697,96.9319,0.1112,0.7648,0.0,1800.0,0.0,6.3556
823.5,2026-06-05T20:05:48.421323+00:00,74.7465,0.01,96.8088,0.0392,0.7648,0.0,1800.0,0.0,6.3271
824.0,2026-06-05T20:05:48.921644+00:00,74.782,0.135,96.7374,0.0378,0.7648,0.0,1800.0,0.0,6.3132
824.5,2026-06-05T20:05:49.421217+00:00,74.8093,0.1674,96.6824,0.0291,0.7648,0.0,1800.0,0.0,6.3065
825.0,2026-06-05T20:05:49.925445+00:00,74.8303,0.065,96.7559,0.0223,0.7648,0.0,1800.0,0.0,6.3032
825.5,2026-06-05T20:05:50.421871+00:00,74.9737,0.1136,96.8124,0.0172,0.7648,0.0,1800.0,0.0,6.3015
826.0,2026-06-05T20:05:50.921306+00:00,74.8294,0.0237,96.6244,-0.1025,0.7648,0.0,1800.0,0.0,6.3008
826.5,2026-06-05T20:05:51.421221+00:00,74.7184,-0.0454,96.3642,-0.1482,0.7648,0.0,1800.0,0.0,6.3004
827.0,2026-06-05T20:05:51.921454+00:00,74.6332,-0.0986,96.5113,-0.0753,0.7648,0.0,1800.0,0.0,6.3002
827.5,2026-06-05T20:05:52.427558+00:00,74.5677,-0.203,96.5087,-0.0579,0.7648,0.0,1800.0,0.0,6.3001
828.0,2026-06-05T20:05:52.921568+00:00,74.6446,-0.0924,96.6224,-0.0445,0.7648,0.0,1800.0,0.0,6.3
828.5,2026-06-05T20:05:53.421593+00:00,74.4491,-0.1347,96.7098,-0.0342,0.7648,0.0,1800.0,0.0,6.3
829.0,2026-06-05T20:05:53.921330+00:00,74.4262,-0.1035,96.7769,0.0508,0.7648,0.0,1800.0,0.0,6.3
829.5,2026-06-05T20:05:54.421253+00:00,74.5358,-0.0159,96.8286,0.1548,0.7648,0.0,1800.0,0.0,6.3
830.0,2026-06-05T20:05:54.929752+00:00,74.7474,0.0514,96.8682,0.119,0.7648,0.0,1800.0,0.0,6.3
830.5,2026-06-05T20:05:55.421195+00:00,74.91,0.2304,96.6673,0.0529,0.7648,0.0,1800.0,0.0,6.3
831.0,2026-06-05T20:05:55.921240+00:00,74.7804,0.1771,96.5129,-0.0365,0.7648,0.0,1800.0,0.0,6.3
831.5,2026-06-05T20:05:56.421200+00:00,74.8081,0.1361,96.5099,-0.0666,0.7648,0.0,1800.0,0.0,6.3
832.0,2026-06-05T20:05:56.921363+00:00,74.8293,0.041,96.2531,-0.1746,0.7648,0.0,1800.0,0.0,6.3
832.5,2026-06-05T20:05:57.427210+00:00,74.7184,-0.0958,96.2871,-0.1805,0.7648,0.0,1800.0,0.0,6.3
833.0,2026-06-05T20:05:57.921360+00:00,74.7604,-0.01,96.3363,-0.1773,0.7648,0.0,1800.0,0.0,6.3512
833.5,2026-06-05T20:05:58.422824+00:00,74.7927,-0.0077,96.1428,-0.1748,0.7648,0.0,1800.0,0.0,6.3762
834.0,2026-06-05T20:05:58.921195+00:00,74.8176,-0.0059,96.2255,-0.0958,0.7648,0.0,1800.0,0.0,6.3884
834.5,2026-06-05T20:05:59.421255+00:00,74.8366,0.0591,96.0576,-0.1508,0.7648,0.0,1800.0,0.0,6.3943
835.0,2026-06-05T20:05:59.926385+00:00,74.9786,0.1091,96.0443,-0.0696,0.7648,0.0,1800.0,0.0,6.3972
835.5,2026-06-05T20:06:00.421219+00:00,74.9604,0.0838,96.034,-0.0844,0.7648,0.0,1800.0,0.0,6.3474
836.0,2026-06-05T20:06:00.921308+00:00,74.8191,0.0008,96.0262,-0.1034,0.7648,0.0,1800.0,0.0,6.3232
836.5,2026-06-05T20:06:01.421192+00:00,74.8379,0.0006,96.1358,-0.0023,0.7648,0.0,1800.0,0.0,6.3113
837.0,2026-06-05T20:06:01.921177+00:00,74.725,-0.1268,96.3358,0.0368,0.7648,0.0,1800.0,0.0,6.3055
837.5,2026-06-05T20:06:02.426415+00:00,74.7655,-0.0975,96.3738,0.1054,0.7648,0.0,1800.0,0.0,6.3027
838.0,2026-06-05T20:06:02.921327+00:00,74.7966,-0.0113,96.2873,0.081,0.7648,0.0,1800.0,0.0,6.3525
838.5,2026-06-05T20:06:03.421366+00:00,74.6933,-0.0723,96.3365,0.1008,0.7648,0.0,1800.0,0.0,6.3768
839.0,2026-06-05T20:06:03.921206+00:00,74.7411,0.0081,96.3743,0.1161,0.7648,0.0,1800.0,0.0,6.3887
839.5,2026-06-05T20:06:04.421197+00:00,74.6506,-0.0574,96.172,0.0121,0.7648,0.0,1800.0,0.0,6.3945
840.0,2026-06-05T20:06:04.925817+00:00,74.7083,-0.0441,96.3636,0.0093,0.7648,0.0,1800.0,0.0,6.3973
840.5,2026-06-05T20:06:05.421510+00:00,74.7527,0.0297,96.3952,0.0071,0.7648,0.0,1800.0,0.0,6.3987
841.0,2026-06-05T20:06:05.921978+00:00,74.6595,-0.0408,96.5351,0.0826,0.7648,0.0,1800.0,0.0,6.3994
841.5,2026-06-05T20:06:06.421374+00:00,74.9697,0.1595,96.6427,0.1021,0.7648,0.0,1800.0,0.0,6.3997
842.0,2026-06-05T20:06:06.921262+00:00,75.0808,0.1863,96.6097,0.0784,0.7648,0.0,1800.0,0.0,6.3998
842.5,2026-06-05T20:06:07.426909+00:00,75.2935,0.2704,96.5843,0.1374,0.7648,0.0,1800.0,0.0,6.3487
843.0,2026-06-05T20:06:07.921189+00:00,75.3297,0.3351,96.6805,0.1056,0.7648,0.0,1800.0,0.0,6.375
843.5,2026-06-05T20:06:08.421189+00:00,75.103,0.0667,96.7544,0.1198,0.7648,0.0,1800.0,0.0,6.3878
844.0,2026-06-05T20:06:08.921170+00:00,75.056,-0.0124,96.6956,0.0535,0.7648,0.0,1800.0,0.0,6.394
844.5,2026-06-05T20:06:09.421195+00:00,74.7654,-0.2641,96.6503,0.0025,0.7648,0.0,1800.0,0.0,6.3459
845.0,2026-06-05T20:06:09.925694+00:00,74.4147,-0.4575,96.4998,-0.0366,0.7648,0.0,1800.0,0.0,6.3224
845.5,2026-06-05T20:06:10.421172+00:00,74.6543,-0.2244,96.6156,0.0104,0.7648,0.0,1800.0,0.0,6.3109
846.0,2026-06-05T20:06:10.921208+00:00,74.7111,-0.1724,96.5888,-0.0306,0.7648,0.0,1800.0,0.0,6.3053
846.5,2026-06-05T20:06:11.421872+00:00,74.6276,-0.0689,96.4526,-0.1006,0.7648,0.0,1800.0,0.0,6.3026
847.0,2026-06-05T20:06:11.921896+00:00,74.6906,0.1379,96.3478,-0.1159,0.7648,0.0,1800.0,0.0,6.3013
847.5,2026-06-05T20:06:12.426561+00:00,74.7391,0.0424,96.3831,-0.0891,0.7648,0.0,1800.0,0.0,6.3006
848.0,2026-06-05T20:06:12.921879+00:00,74.649,-0.0311,96.2944,-0.0685,0.7648,0.0,1800.0,0.0,6.3003
848.5,2026-06-05T20:06:13.421635+00:00,74.7071,0.0398,96.342,-0.0912,0.7648,0.0,1800.0,0.0,6.3001
849.0,2026-06-05T20:06:13.921397+00:00,74.7517,0.0306,96.2629,-0.1087,0.7648,0.0,1800.0,0.0,6.3001
849.5,2026-06-05T20:06:14.421218+00:00,74.9133,0.0871,96.1789,-0.0912,0.7648,0.0,1800.0,0.0,6.3
850.0,2026-06-05T20:06:14.929757+00:00,74.9102,0.1306,96.0218,-0.1087,0.7648,0.0,1800.0,0.0,6.3
850.5,2026-06-05T20:06:15.421222+00:00,74.9079,0.1004,96.1325,-0.0835,0.7648,0.0,1800.0,0.0,6.3
851.0,2026-06-05T20:06:15.921222+00:00,74.906,0.0772,96.3332,0.0129,0.7648,0.0,1800.0,0.0,6.3
851.5,2026-06-05T20:06:16.421196+00:00,75.0319,0.0593,96.2561,-0.0286,0.7648,0.0,1800.0,0.0,6.3
852.0,2026-06-05T20:06:16.921182+00:00,74.8741,-0.0181,96.1968,-0.022,0.7648,0.0,1800.0,0.0,6.3
852.5,2026-06-05T20:06:17.425426+00:00,74.8801,-0.0139,96.267,0.0294,0.7648,0.0,1800.0,0.0,6.3
853.0,2026-06-05T20:06:17.921208+00:00,74.7574,-0.0743,96.3209,0.0997,0.7648,0.0,1800.0,0.0,6.3
853.5,2026-06-05T20:06:18.421183+00:00,74.5359,-0.248,96.478,0.1152,0.7648,0.0,1800.0,0.0,6.3
854.0,2026-06-05T20:06:18.921501+00:00,74.6201,-0.127,96.4831,0.05,0.7648,0.0,1800.0,0.0,6.3
854.5,2026-06-05T20:06:19.421197+00:00,74.5576,-0.1612,96.3713,0.0384,0.7648,0.0,1800.0,0.0,6.3
855.0,2026-06-05T20:06:19.925836+00:00,74.5096,-0.1239,96.4011,0.0681,0.7648,0.0,1800.0,0.0,6.3
855.5,2026-06-05T20:06:20.421274+00:00,74.5999,0.032,96.5397,0.0909,0.7648,0.0,1800.0,0.0,6.3
856.0,2026-06-05T20:06:20.921258+00:00,74.6694,0.0246,96.5305,0.0699,0.7648,0.0,1800.0,0.0,6.3
856.5,2026-06-05T20:06:21.421281+00:00,74.85,0.1462,96.6391,0.0537,0.7648,0.0,1800.0,0.0,6.3
857.0,2026-06-05T20:06:21.921510+00:00,74.8616,0.176,96.7226,0.0798,0.7648,0.0,1800.0,0.0,6.3
857.5,2026-06-05T20:06:22.426128+00:00,74.9977,0.1989,96.6711,0.0999,0.7648,0.0,1800.0,0.0,6.3
858.0,2026-06-05T20:06:22.921667+00:00,74.9751,0.1529,96.7472,0.1154,0.7648,0.0,1800.0,0.0,6.3
858.5,2026-06-05T20:06:23.421291+00:00,75.085,0.1175,96.5743,0.0115,0.7648,0.0,1800.0,0.0,6.3
859.0,2026-06-05T20:06:23.921200+00:00,75.0422,0.0903,96.5571,0.0089,0.7648,0.0,1800.0,0.0,6.3
859.5,2026-06-05T20:06:24.421180+00:00,75.0093,0.0058,96.5439,-0.0317,0.7648,0.0,1800.0,0.0,6.3
860.0,2026-06-05T20:06:24.926436+00:00,74.7295,-0.1228,96.6494,-0.0244,0.7648,0.0,1800.0,0.0,6.3
860.5,2026-06-05T20:06:25.421204+00:00,74.6417,-0.2217,96.6149,-0.0188,0.7648,0.0,1800.0,0.0,6.3
861.0,2026-06-05T20:06:25.921211+00:00,74.7014,-0.1704,96.5883,-0.053,0.7648,0.0,1800.0,0.0,6.3
861.5,2026-06-05T20:06:26.421165+00:00,74.7474,-0.131,96.7993,0.075,0.7648,0.0,1800.0,0.0,6.3
862.0,2026-06-05T20:06:26.921254+00:00,74.7827,0.0266,96.9614,0.1348,0.7648,0.0,1800.0,0.0,6.3
862.5,2026-06-05T20:06:27.426318+00:00,74.6826,0.0205,96.9703,0.1421,0.7648,0.0,1800.0,0.0,6.3
863.0,2026-06-05T20:06:27.921678+00:00,74.7329,0.0157,96.8615,0.0707,0.7648,0.0,1800.0,0.0,6.3512
863.5,2026-06-05T20:06:28.421317+00:00,74.7716,0.0121,96.8936,0.0929,0.7648,0.0,1800.0,0.0,6.3762
864.0,2026-06-05T20:06:28.921236+00:00,74.674,-0.0543,96.8025,0.0714,0.7648,0.0,1800.0,0.0,6.3884
864.5,2026-06-05T20:06:29.421225+00:00,74.7263,0.0219,96.8482,0.0163,0.7648,0.0,1800.0,0.0,6.3943
865.0,2026-06-05T20:06:29.927804+00:00,74.7665,0.0168,96.7676,-0.0646,0.7648,0.0,1800.0,0.0,6.3972
865.5,2026-06-05T20:06:30.421189+00:00,74.9247,0.0766,96.59,-0.1268,0.7648,0.0,1800.0,0.0,6.3986
866.0,2026-06-05T20:06:30.922670+00:00,74.919,0.1225,96.5692,-0.0974,0.7648,0.0,1800.0,0.0,6.3481
866.5,2026-06-05T20:06:31.421194+00:00,74.9146,0.0941,96.5532,-0.1135,0.7648,0.0,1800.0,0.0,6.3235
867.0,2026-06-05T20:06:31.921197+00:00,74.7839,0.0087,96.5409,-0.0872,0.7648,0.0,1800.0,0.0,6.3115
867.5,2026-06-05T20:06:32.426382+00:00,74.6835,-0.1206,96.5314,-0.1056,0.7648,0.0,1800.0,0.0,6.3056
868.0,2026-06-05T20:06:32.921191+00:00,74.6063,-0.1563,96.6398,-0.0426,0.7648,0.0,1800.0,0.0,6.3539
868.5,2026-06-05T20:06:33.421415+00:00,74.6743,-0.1201,96.6075,0.0058,0.7648,0.0,1800.0,0.0,6.3263
869.0,2026-06-05T20:06:33.921721+00:00,74.9811,0.0986,96.6983,0.043,0.7648,0.0,1800.0,0.0,6.3128
869.5,2026-06-05T20:06:34.421653+00:00,74.835,0.0758,96.6524,0.0331,0.7648,0.0,1800.0,0.0,6.3063
870.0,2026-06-05T20:06:34.927390+00:00,74.8501,0.1219,96.5015,-0.0131,0.7648,0.0,1800.0,0.0,6.3031
870.5,2026-06-05T20:06:35.421472+00:00,74.7344,0.03,96.5011,-0.0101,0.7648,0.0,1800.0,0.0,6.3015
871.0,2026-06-05T20:06:35.921707+00:00,74.7727,-0.1042,96.5009,-0.0463,0.7648,0.0,1800.0,0.0,6.3007
871.5,2026-06-05T20:06:36.421909+00:00,74.9294,0.0472,96.5007,-0.0356,0.7648,0.0,1800.0,0.0,6.3004
872.0,2026-06-05T20:06:36.921289+00:00,75.1771,0.1635,96.3848,-0.1045,0.7648,0.0,1800.0,0.0,6.3002
872.5,2026-06-05T20:06:37.427967+00:00,75.2403,0.253,96.4115,-0.0803,0.7648,0.0,1800.0,0.0,6.3001
873.0,2026-06-05T20:06:37.921190+00:00,75.1615,0.1944,96.3162,-0.0617,0.7648,0.0,1800.0,0.0,6.3
873.5,2026-06-05T20:06:38.421176+00:00,74.9738,0.0222,96.3588,-0.0474,0.7648,0.0,1800.0,0.0,6.3
874.0,2026-06-05T20:06:38.921192+00:00,74.9567,-0.1102,96.2758,-0.075,0.7648,0.0,1800.0,0.0,6.3
874.5,2026-06-05T20:06:39.421210+00:00,74.9436,-0.1484,96.3276,-0.0577,0.7648,0.0,1800.0,0.0,6.3
875.0,2026-06-05T20:06:39.927391+00:00,74.9335,-0.114,96.3675,-0.0058,0.7648,0.0,1800.0,0.0,6.3
875.5,2026-06-05T20:06:40.421806+00:00,74.9257,-0.024,96.5139,0.0341,0.7648,0.0,1800.0,0.0,6.3
876.0,2026-06-05T20:06:40.922386+00:00,74.9198,-0.0185,96.395,0.0262,0.7648,0.0,1800.0,0.0,6.3
876.5,2026-06-05T20:06:41.421241+00:00,75.1697,0.1131,96.535,0.0587,0.7648,0.0,1800.0,0.0,6.3
877.0,2026-06-05T20:06:41.921177+00:00,75.1073,0.0869,96.5269,0.0837,0.7648,0.0,1800.0,0.0,6.3
877.5,2026-06-05T20:06:42.426389+00:00,75.1866,0.1304,96.405,0.0258,0.7648,0.0,1800.0,0.0,6.2488
878.0,2026-06-05T20:06:42.921717+00:00,75.1203,0.1003,96.427,0.0198,0.7648,0.0,1800.0,0.0,6.275
878.5,2026-06-05T20:06:43.422044+00:00,75.0693,-0.0502,96.5596,0.0152,0.7648,0.0,1800.0,0.0,6.2878
879.0,2026-06-05T20:06:43.921269+00:00,75.0301,-0.0386,96.5458,0.0503,0.7648,0.0,1800.0,0.0,6.294
879.5,2026-06-05T20:06:44.421357+00:00,75.1273,-0.0297,96.6509,0.0386,0.7648,0.0,1800.0,0.0,6.2971
880.0,2026-06-05T20:06:44.929937+00:00,75.202,0.0408,96.616,0.0297,0.7648,0.0,1800.0,0.0,6.2986
880.5,2026-06-05T20:06:45.421205+00:00,75.0048,-0.0322,96.8205,0.1385,0.7648,0.0,1800.0,0.0,6.3505
881.0,2026-06-05T20:06:45.922666+00:00,75.1078,0.0388,96.7464,0.1065,0.7648,0.0,1800.0,0.0,6.3758
881.5,2026-06-05T20:06:46.421884+00:00,74.9325,-0.0974,96.8051,0.0818,0.7648,0.0,1800.0,0.0,6.3882
882.0,2026-06-05T20:06:46.921270+00:00,75.1795,-0.0112,96.7345,0.0629,0.7648,0.0,1800.0,0.0,6.3942
882.5,2026-06-05T20:06:47.428063+00:00,75.1148,0.055,96.6802,0.0098,0.7648,0.0,1800.0,0.0,6.346
883.0,2026-06-05T20:06:47.921194+00:00,75.0651,-0.0214,96.7542,0.0461,0.7648,0.0,1800.0,0.0,6.3736
883.5,2026-06-05T20:06:48.421206+00:00,75.0269,0.0472,96.8111,-0.0031,0.7648,0.0,1800.0,0.0,6.3871
884.0,2026-06-05T20:06:48.921456+00:00,74.8703,-0.1546,96.8548,0.0361,0.7648,0.0,1800.0,0.0,6.3937
884.5,2026-06-05T20:06:49.421291+00:00,75.0044,-0.0552,96.8884,0.0278,0.7648,0.0,1800.0,0.0,6.3457
885.0,2026-06-05T20:06:49.926937+00:00,74.853,-0.1061,96.9142,0.0599,0.7648,0.0,1800.0,0.0,6.3223
885.5,2026-06-05T20:06:50.421306+00:00,74.9911,-0.0179,96.8184,0.0461,0.7648,0.0,1800.0,0.0,6.3109
886.0,2026-06-05T20:06:50.921715+00:00,74.97,0.0499,96.7447,-0.0032,0.7648,0.0,1800.0,0.0,6.3053
886.5,2026-06-05T20:06:51.421195+00:00,75.0811,0.0383,96.8038,-0.0024,0.7648,0.0,1800.0,0.0,6.3026
887.0,2026-06-05T20:06:51.921177+00:00,74.9119,0.0295,96.7103,-0.0482,0.7648,0.0,1800.0,0.0,6.2501
887.5,2026-06-05T20:06:52.426563+00:00,74.9092,-0.041,96.6617,-0.0756,0.7648,0.0,1800.0,0.0,6.2244
888.0,2026-06-05T20:06:52.921239+00:00,75.0343,0.0321,96.5086,-0.1352,0.7648,0.0,1800.0,0.0,6.3143
888.5,2026-06-05T20:06:53.421190+00:00,74.876,-0.1026,96.5066,-0.1039,0.7648,0.0,1800.0,0.0,6.307
889.0,2026-06-05T20:06:53.921846+00:00,74.8815,-0.0152,96.6208,-0.0413,0.7648,0.0,1800.0,0.0,6.3034
889.5,2026-06-05T20:06:54.421294+00:00,74.7585,-0.0753,96.7085,-0.0318,0.7648,0.0,1800.0,0.0,6.3017
890.0,2026-06-05T20:06:54.926342+00:00,74.664,-0.1852,96.6603,-0.0167,0.7648,0.0,1800.0,0.0,6.3008
890.5,2026-06-05T20:06:55.421288+00:00,74.7186,-0.0787,96.6232,-0.0128,0.7648,0.0,1800.0,0.0,6.3004
891.0,2026-06-05T20:06:55.921850+00:00,74.7606,-0.0605,96.4558,-0.0176,0.7648,0.0,1800.0,0.0,6.3002
891.5,2026-06-05T20:06:56.421225+00:00,74.7928,0.0172,96.5818,0.0251,0.7648,0.0,1800.0,0.0,6.3001
892.0,2026-06-05T20:06:56.921667+00:00,74.8176,0.0768,96.5628,-0.0193,0.7648,0.0,1800.0,0.0,6.3
892.5,2026-06-05T20:06:57.426726+00:00,74.7094,-0.0046,96.664,-0.0148,0.7648,0.0,1800.0,0.0,6.3
893.0,2026-06-05T20:06:57.921769+00:00,74.8808,0.0601,96.7417,0.0272,0.7648,0.0,1800.0,0.0,6.3
893.5,2026-06-05T20:06:58.421262+00:00,74.758,-0.0174,96.5701,-0.0177,0.7648,0.0,1800.0,0.0,6.3
894.001126,2026-06-05T20:06:58.922552+00:00,74.7908,-0.0134,96.4382,-0.0059,0.7648,0.0,1800.0,0.0,6.3
894.5,2026-06-05T20:06:59.421211+00:00,74.9434,0.117,96.4525,-0.0431,0.7648,0.0,1800.0,0.0,6.3
895.0,2026-06-05T20:06:59.926332+00:00,74.8061,-0.0374,96.5792,0.0054,0.7648,0.0,1800.0,0.0,6.3
895.5,2026-06-05T20:07:00.421205+00:00,74.9551,0.0985,96.6766,0.0042,0.7648,0.0,1800.0,0.0,6.3
896.0,2026-06-05T20:07:00.921207+00:00,75.0696,0.1394,96.52,-0.0739,0.7648,0.0,1800.0,0.0,6.3
896.5,2026-06-05T20:07:01.421284+00:00,75.0304,0.0435,96.3997,-0.0568,0.7648,0.0,1800.0,0.0,6.3
897.0,2026-06-05T20:07:01.921203+00:00,75.0002,0.0971,96.4229,-0.0051,0.7648,0.0,1800.0,0.0,6.3
897.5,2026-06-05T20:07:02.428207+00:00,74.7225,-0.1163,96.4407,-0.0039,0.7648,0.0,1800.0,0.0,6.3
898.0,2026-06-05T20:07:02.921510+00:00,74.7635,-0.153,96.4544,-0.0416,0.7648,0.0,1800.0,0.0,6.3
898.5,2026-06-05T20:07:03.422006+00:00,74.7951,-0.1176,96.465,-0.0705,0.7648,0.0,1800.0,0.0,6.3
899.0,2026-06-05T20:07:03.921412+00:00,74.9467,-0.0268,96.5888,0.0229,0.7648,0.0,1800.0,0.0,6.3
899.5,2026-06-05T20:07:04.421183+00:00,74.8086,0.0431,96.5682,0.0562,0.7648,0.0,1800.0,0.0,6.3
900.0,2026-06-05T20:07:04.926149+00:00,74.8297,0.0331,96.4368,0.0046,0.7648,0.0,1800.0,0.0,6.3
900.5,2026-06-05T20:07:05.421194+00:00,74.7187,-0.0382,96.4514,0.0036,0.7648,0.0,1800.0,0.0,6.3
901.0,2026-06-05T20:07:05.921264+00:00,74.8879,-0.0294,96.4626,0.0027,0.7648,0.0,1800.0,0.0,6.3
901.5,2026-06-05T20:07:06.421207+00:00,75.018,0.1047,96.4713,0.0021,0.7648,0.0,1800.0,0.0,6.3
902.0,2026-06-05T20:07:06.921742+00:00,74.9907,0.0805,96.3622,-0.0755,0.7648,0.0,1800.0,0.0,6.3
902.5,2026-06-05T20:07:07.428959+00:00,74.8424,0.0619,96.5098,-0.0195,0.7648,0.0,1800.0,0.0,6.3
903.0,2026-06-05T20:07:07.921242+00:00,74.8558,-0.0161,96.5075,0.0236,0.7648,0.0,1800.0,0.0,6.3512
903.5,2026-06-05T20:07:08.421179+00:00,74.866,-0.076,96.5058,0.0181,0.7648,0.0,1800.0,0.0,6.3762
904.0,2026-06-05T20:07:08.921188+00:00,74.8739,-0.0584,96.5045,0.0139,0.7648,0.0,1800.0,0.0,6.3884
904.5,2026-06-05T20:07:09.421247+00:00,74.7526,-0.0449,96.6191,0.0493,0.7648,0.0,1800.0,0.0,6.3431
905.0,2026-06-05T20:07:09.926357+00:00,74.7867,-0.0345,96.5916,0.0764,0.7648,0.0,1800.0,0.0,6.321
905.5,2026-06-05T20:07:10.422796+00:00,74.6857,-0.0902,96.6861,0.0588,0.7648,0.0,1800.0,0.0,6.3103
906.0,2026-06-05T20:07:10.921274+00:00,74.7353,-0.0693,96.7587,0.0837,0.7648,0.0,1800.0,0.0,6.305
906.5,2026-06-05T20:07:11.421785+00:00,74.9007,0.074,96.6988,0.0644,0.7648,0.0,1800.0,0.0,6.3024
907.0,2026-06-05T20:07:11.922582+00:00,74.9005,0.0569,96.6528,0.0495,0.7648,0.0,1800.0,0.0,6.3012
907.5,2026-06-05T20:07:12.429130+00:00,75.0277,0.171,96.8489,0.0766,0.7648,0.0,1800.0,0.0,6.3006
908.0,2026-06-05T20:07:12.921339+00:00,75.2527,0.2587,96.7681,0.0589,0.7648,0.0,1800.0,0.0,6.3003
908.5,2026-06-05T20:07:13.421221+00:00,75.0438,0.0716,96.8218,0.0452,0.7648,0.0,1800.0,0.0,6.3001
909.0,2026-06-05T20:07:13.921208+00:00,75.0105,0.055,96.863,0.0348,0.7648,0.0,1800.0,0.0,6.3001
909.5,2026-06-05T20:07:14.423151+00:00,74.7304,-0.1486,96.6633,-0.0118,0.7648,0.0,1800.0,0.0,6.3512
910.0,2026-06-05T20:07:14.926658+00:00,74.7696,-0.2415,96.5098,-0.0477,0.7648,0.0,1800.0,0.0,6.3762
910.5,2026-06-05T20:07:15.424233+00:00,74.5453,-0.2493,96.4844,-0.1215,0.7648,0.0,1800.0,0.0,6.3884
911.0,2026-06-05T20:07:15.922681+00:00,74.6274,-0.1916,96.488,-0.0934,0.7648,0.0,1800.0,0.0,6.3943
911.5,2026-06-05T20:07:16.421232+00:00,74.4359,-0.1472,96.4908,-0.1103,0.7648,0.0,1800.0,0.0,6.3972
912.0,2026-06-05T20:07:16.922070+00:00,74.5433,-0.1132,96.6086,-0.0848,0.7648,0.0,1800.0,0.0,6.3987
912.5,2026-06-05T20:07:17.427280+00:00,74.7531,0.1039,96.6992,0.012,0.7648,0.0,1800.0,0.0,6.3993
913.0,2026-06-05T20:07:17.921758+00:00,74.6598,0.0162,96.6531,0.0478,0.7648,0.0,1800.0,0.0,6.3997
913.5,2026-06-05T20:07:18.421259+00:00,74.7154,0.1397,96.6177,0.0444,0.7648,0.0,1800.0,0.0,6.3998
914.0,2026-06-05T20:07:18.922328+00:00,74.7581,0.1074,96.5904,0.0341,0.7648,0.0,1800.0,0.0,6.3999
914.5,2026-06-05T20:07:19.421294+00:00,74.9182,0.0826,96.5695,0.0262,0.7648,0.0,1800.0,0.0,6.4
915.0,2026-06-05T20:07:19.930573+00:00,75.1685,0.2544,96.5534,-0.0184,0.7648,0.0,1800.0,0.0,6.4
915.5,2026-06-05T20:07:20.421718+00:00,75.1064,0.1955,96.4254,-0.0913,0.7648,0.0,1800.0,0.0,6.4
916.0,2026-06-05T20:07:20.921760+00:00,74.9314,0.0866,96.5583,-0.0316,0.7648,0.0,1800.0,0.0,6.4
916.5,2026-06-05T20:07:21.421670+00:00,75.0514,0.0666,96.4291,-0.0628,0.7648,0.0,1800.0,0.0,6.3488
917.0,2026-06-05T20:07:21.921212+00:00,75.0164,-0.0761,96.5612,-0.0097,0.7648,0.0,1800.0,0.0,6.375
917.5,2026-06-05T20:07:22.427247+00:00,75.1167,0.0051,96.5471,-0.0075,0.7648,0.0,1800.0,0.0,6.3878
918.0,2026-06-05T20:07:22.921222+00:00,75.1938,0.1312,96.5362,-0.0058,0.7648,0.0,1800.0,0.0,6.394
918.5,2026-06-05T20:07:23.421300+00:00,75.1258,0.0372,96.5278,0.0341,0.7648,0.0,1800.0,0.0,6.3971
919.0,2026-06-05T20:07:23.921190+00:00,75.2008,0.0922,96.4057,-0.0509,0.7648,0.0,1800.0,0.0,6.3986
919.5,2026-06-05T20:07:24.421198+00:00,75.2585,0.0709,96.4275,-0.0005,0.7648,0.0,1800.0,0.0,6.3993
920.0,2026-06-05T20:07:24.927255+00:00,75.1755,-0.0091,96.4443,-0.039,0.7648,0.0,1800.0,0.0,6.3997
920.5,2026-06-05T20:07:25.421185+00:00,74.9845,-0.0707,96.3415,-0.0685,0.7648,0.0,1800.0,0.0,6.3998
921.0,2026-06-05T20:07:25.921193+00:00,74.8377,-0.1816,96.4939,-0.0141,0.7648,0.0,1800.0,0.0,6.3999
921.5,2026-06-05T20:07:26.421194+00:00,74.9794,-0.1396,96.611,0.0277,0.7648,0.0,1800.0,0.0,6.4
922.0,2026-06-05T20:07:26.921200+00:00,74.7065,-0.2345,96.701,0.0984,0.7648,0.0,1800.0,0.0,6.4
922.5,2026-06-05T20:07:27.428336+00:00,74.8785,-0.053,96.8859,0.1528,0.7648,0.0,1800.0,0.0,6.4
923.0,2026-06-05T20:07:27.921332+00:00,74.8835,0.0229,96.7966,0.1174,0.7648,0.0,1800.0,0.0,6.4
923.5,2026-06-05T20:07:28.421212+00:00,75.0146,0.0176,96.728,0.1288,0.7648,0.0,1800.0,0.0,6.3488
924.0,2026-06-05T20:07:28.921511+00:00,74.8608,0.0772,96.6752,0.0605,0.7648,0.0,1800.0,0.0,6.3238
924.5,2026-06-05T20:07:29.421171+00:00,74.7426,-0.068,96.7504,0.0465,0.7648,0.0,1800.0,0.0,6.3116
925.0,2026-06-05T20:07:29.926808+00:00,74.9063,0.0114,96.8081,0.0357,0.7648,0.0,1800.0,0.0,6.3057
925.5,2026-06-05T20:07:30.421207+00:00,75.1594,0.0724,96.8525,-0.0111,0.7648,0.0,1800.0,0.0,6.3028
926.0,2026-06-05T20:07:30.921175+00:00,75.2266,0.1829,96.8867,0.03,0.7648,0.0,1800.0,0.0,6.3014
926.5,2026-06-05T20:07:31.421304+00:00,75.151,0.2042,96.9129,0.0616,0.7648,0.0,1800.0,0.0,6.3007
927.0,2026-06-05T20:07:31.922067+00:00,75.2202,0.157,96.933,0.0859,0.7648,0.0,1800.0,0.0,6.3003
927.5,2026-06-05T20:07:32.426524+00:00,75.1461,-0.0066,96.7171,-0.0111,0.7648,0.0,1800.0,0.0,6.3002
928.0,2026-06-05T20:07:32.921390+00:00,75.2164,-0.0051,96.5512,-0.0856,0.7648,0.0,1800.0,0.0,6.3001
928.5,2026-06-05T20:07:33.421431+00:00,75.1432,-0.0039,96.5393,-0.1044,0.7648,0.0,1800.0,0.0,6.3
929.0,2026-06-05T20:07:33.921312+00:00,75.0869,-0.0666,96.5302,-0.1188,0.7648,0.0,1800.0,0.0,6.3
929.5,2026-06-05T20:07:34.422466+00:00,75.0437,-0.0512,96.4075,-0.1684,0.7648,0.0,1800.0,0.0,6.3
930.0,2026-06-05T20:07:34.926781+00:00,75.1377,-0.0394,96.3132,-0.2066,0.7648,0.0,1800.0,0.0,6.3
930.5,2026-06-05T20:07:35.421860+00:00,74.9554,-0.0939,96.2408,-0.1588,0.7648,0.0,1800.0,0.0,6.3
931.0,2026-06-05T20:07:35.921239+00:00,74.9426,-0.0722,96.4164,-0.0449,0.7648,0.0,1800.0,0.0,6.3
931.5,2026-06-05T20:07:36.421241+00:00,74.8055,-0.1191,96.3201,-0.0731,0.7648,0.0,1800.0,0.0,6.3
932.0,2026-06-05T20:07:36.921177+00:00,74.8273,-0.1552,96.246,-0.0947,0.7648,0.0,1800.0,0.0,6.3
932.5,2026-06-05T20:07:37.425633+00:00,74.7169,-0.1193,96.1891,-0.0728,0.7648,0.0,1800.0,0.0,6.3
933.0,2026-06-05T20:07:37.921191+00:00,74.7593,-0.0917,96.1453,-0.056,0.7648,0.0,1800.0,0.0,6.3
933.5,2026-06-05T20:07:38.421762+00:00,75.0464,0.1204,96.1117,-0.043,0.7648,0.0,1800.0,0.0,6.3
934.0,2026-06-05T20:07:38.921261+00:00,75.1398,0.1562,96.0859,-0.1102,0.7648,0.0,1800.0,0.0,6.3
934.5,2026-06-05T20:07:39.422421+00:00,74.957,0.1201,96.2974,-0.0076,0.7648,0.0,1800.0,0.0,6.3
935.0,2026-06-05T20:07:39.925725+00:00,74.8166,0.0286,96.2286,-0.0058,0.7648,0.0,1800.0,0.0,6.3
935.5,2026-06-05T20:07:40.421290+00:00,74.9631,-0.0416,96.1757,-0.0045,0.7648,0.0,1800.0,0.0,6.3
936.0,2026-06-05T20:07:40.922041+00:00,75.0758,-0.032,96.2507,0.0351,0.7648,0.0,1800.0,0.0,6.3
936.5,2026-06-05T20:07:41.422854+00:00,75.1624,0.1027,96.3084,0.0656,0.7648,0.0,1800.0,0.0,6.3
937.0,2026-06-05T20:07:41.922115+00:00,75.2289,0.2062,96.4684,0.1275,0.7648,0.0,1800.0,0.0,6.3
937.5,2026-06-05T20:07:42.428080+00:00,75.1528,0.0948,96.4757,0.0595,0.7648,0.0,1800.0,0.0,6.3
938.0,2026-06-05T20:07:42.922330+00:00,75.0943,0.0093,96.5971,0.1228,0.7648,0.0,1800.0,0.0,6.3512
938.5,2026-06-05T20:07:43.421799+00:00,75.1766,0.0071,96.5746,0.133,0.7648,0.0,1800.0,0.0,6.325
939.0,2026-06-05T20:07:43.921284+00:00,75.1126,-0.0582,96.5573,0.1022,0.7648,0.0,1800.0,0.0,6.3122
939.5,2026-06-05T20:07:44.421253+00:00,75.0634,-0.0447,96.5441,0.0786,0.7648,0.0,1800.0,0.0,6.306
940.0,2026-06-05T20:07:44.927492+00:00,74.8983,-0.098,96.4182,-0.0168,0.7648,0.0,1800.0,0.0,6.3029
940.500436,2026-06-05T20:07:45.422505+00:00,74.8987,-0.139,96.4371,-0.0129,0.7648,0.0,1800.0,0.0,6.3014
941.0,2026-06-05T20:07:45.921217+00:00,74.899,-0.1068,96.5674,-0.0099,0.7648,0.0,1800.0,0.0,6.3007
941.5,2026-06-05T20:07:46.421192+00:00,74.8992,-0.0821,96.6675,0.031,0.7648,0.0,1800.0,0.0,6.3003
942.0,2026-06-05T20:07:46.921234+00:00,74.7721,-0.0631,96.6287,0.0238,0.7648,0.0,1800.0,0.0,6.3002
942.5,2026-06-05T20:07:47.425583+00:00,74.8017,-0.0485,96.4832,-0.0203,0.7648,0.0,1800.0,0.0,6.3001
943.0,2026-06-05T20:07:47.921261+00:00,74.8245,-0.0373,96.2557,-0.0542,0.7648,0.0,1800.0,0.0,6.3
943.5,2026-06-05T20:07:48.422398+00:00,75.0965,0.0986,96.3122,-0.0416,0.7648,0.0,1800.0,0.0,6.3
944.0,2026-06-05T20:07:48.921775+00:00,75.051,0.1394,96.4714,-0.032,0.7648,0.0,1800.0,0.0,6.3
944.5,2026-06-05T20:07:49.422900+00:00,75.1433,0.1708,96.3623,-0.1017,0.7648,0.0,1800.0,0.0,6.3
945.0,2026-06-05T20:07:49.926700+00:00,75.087,0.1313,96.3942,-0.0782,0.7648,0.0,1800.0,0.0,6.3
945.5,2026-06-05T20:07:50.421318+00:00,74.9165,-0.09,96.4187,-0.0215,0.7648,0.0,1800.0,0.0,6.3
946.0,2026-06-05T20:07:50.921622+00:00,75.0399,-0.0055,96.3218,0.022,0.7648,0.0,1800.0,0.0,6.3
946.5,2026-06-05T20:07:51.421196+00:00,75.1348,-0.0043,96.4787,0.0555,0.7648,0.0,1800.0,0.0,6.3
947.0,2026-06-05T20:07:51.921511+00:00,75.2078,0.0604,96.715,0.0812,0.7648,0.0,1800.0,0.0,6.3
947.5,2026-06-05T20:07:52.431696+00:00,75.1365,0.11,96.6653,0.101,0.7648,0.0,1800.0,0.0,6.3
948.0,2026-06-05T20:07:52.924193+00:00,74.9545,-0.0427,96.7427,0.1162,0.7648,0.0,1800.0,0.0,6.3
948.5,2026-06-05T20:07:53.421226+00:00,75.0692,-0.0328,96.6866,0.0893,0.7648,0.0,1800.0,0.0,6.3
949.0,2026-06-05T20:07:53.921174+00:00,75.03,-0.0889,96.5277,0.0686,0.7648,0.0,1800.0,0.0,6.3
949.5,2026-06-05T20:07:54.421196+00:00,75.1272,-0.0047,96.7527,0.0913,0.7648,0.0,1800.0,0.0,6.3
950.0,2026-06-05T20:07:54.927101+00:00,75.2019,0.1237,96.6942,-0.0069,0.7648,0.0,1800.0,0.0,6.3
950.5,2026-06-05T20:07:55.421398+00:00,75.132,0.0314,96.765,0.0332,0.7648,0.0,1800.0,0.0,6.3
951.0,2026-06-05T20:07:55.921188+00:00,75.2056,0.0878,96.8194,0.0255,0.7648,0.0,1800.0,0.0,6.3
951.5,2026-06-05T20:07:56.421177+00:00,75.2622,0.0675,96.8612,0.0582,0.7648,0.0,1800.0,0.0,6.3
952.0,2026-06-05T20:07:56.921373+00:00,75.3056,0.0519,96.8933,0.1219,0.7648,0.0,1800.0,0.0,6.3
952.5,2026-06-05T20:07:57.430324+00:00,75.339,0.1035,96.8023,0.0165,0.7648,0.0,1800.0,0.0,6.2488
953.0,2026-06-05T20:07:57.921598+00:00,75.2374,0.0159,96.7323,0.0127,0.7648,0.0,1800.0,0.0,6.275
953.5,2026-06-05T20:07:58.421274+00:00,75.2866,0.0122,96.6786,-0.0288,0.7648,0.0,1800.0,0.0,6.2878
954.0,2026-06-05T20:07:58.921505+00:00,75.0699,-0.1179,96.5215,-0.0993,0.7648,0.0,1800.0,0.0,6.294
954.5,2026-06-05T20:07:59.421232+00:00,75.2851,-0.027,96.5166,-0.1149,0.7648,0.0,1800.0,0.0,6.2971
955.0,2026-06-05T20:07:59.926621+00:00,75.4505,0.1065,96.2813,-0.204,0.7648,0.0,1800.0,0.0,6.2986
955.5,2026-06-05T20:08:00.421168+00:00,75.3231,0.0183,96.3319,-0.1568,0.7648,0.0,1800.0,0.0,6.2993
956.0,2026-06-05T20:08:00.921178+00:00,75.4798,0.2049,96.2551,-0.1591,0.7648,0.0,1800.0,0.0,6.2997
956.5,2026-06-05T20:08:01.421209+00:00,75.2183,-0.0334,96.4275,-0.0837,0.7648,0.0,1800.0,0.0,6.2998
957.0,2026-06-05T20:08:01.921187+00:00,75.2719,-0.0893,96.4443,-0.0258,0.7648,0.0,1800.0,0.0,6.2999
957.5,2026-06-05T20:08:02.429315+00:00,75.3131,-0.005,96.4572,-0.0198,0.7648,0.0,1800.0,0.0,6.3
958.0,2026-06-05T20:08:02.921186+00:00,75.2175,-0.1311,96.4671,0.0619,0.7648,0.0,1800.0,0.0,6.3512
958.5,2026-06-05T20:08:03.421168+00:00,75.0168,-0.1008,96.4747,0.0476,0.7648,0.0,1800.0,0.0,6.3762
959.0,2026-06-05T20:08:03.921184+00:00,75.117,-0.0775,96.4805,0.0751,0.7648,0.0,1800.0,0.0,6.3884
959.5,2026-06-05T20:08:04.421643+00:00,75.0668,-0.1232,96.4851,0.0192,0.7648,0.0,1800.0,0.0,6.3943
960.0,2026-06-05T20:08:04.929425+00:00,75.1555,-0.031,96.4885,0.0147,0.7648,0.0,1800.0,0.0,6.346
960.5,2026-06-05T20:08:05.421243+00:00,75.2236,0.1034,96.3755,-0.0272,0.7648,0.0,1800.0,0.0,6.3225
961.0,2026-06-05T20:08:05.921251+00:00,75.276,0.0795,96.2886,-0.0595,0.7648,0.0,1800.0,0.0,6.311
961.5,2026-06-05T20:08:06.421660+00:00,74.9345,-0.0662,96.2218,-0.0843,0.7648,0.0,1800.0,0.0,6.3053
962.0,2026-06-05T20:08:06.921324+00:00,75.0538,-0.0509,96.1705,-0.1034,0.7648,0.0,1800.0,0.0,6.3026
962.5,2026-06-05T20:08:07.426483+00:00,75.1455,-0.0391,96.131,-0.118,0.7648,0.0,1800.0,0.0,6.3013
963.0,2026-06-05T20:08:07.921620+00:00,75.2159,-0.03,96.4478,-0.0136,0.7648,0.0,1800.0,0.0,6.3006
963.5,2026-06-05T20:08:08.421333+00:00,75.2701,0.1678,96.4599,0.0281,0.7648,0.0,1800.0,0.0,6.3003
964.0,2026-06-05T20:08:08.923725+00:00,75.439,0.1926,96.4692,0.0602,0.7648,0.0,1800.0,0.0,6.3001
964.5,2026-06-05T20:08:09.421696+00:00,75.4415,0.148,96.4763,0.0848,0.7648,0.0,1800.0,0.0,6.3001
965.0,2026-06-05T20:08:09.927772+00:00,75.3162,0.0502,96.5975,0.1423,0.7648,0.0,1800.0,0.0,6.3
965.5,2026-06-05T20:08:10.421183+00:00,75.0926,-0.0887,96.5749,0.148,0.7648,0.0,1800.0,0.0,6.3
966.0,2026-06-05T20:08:10.921271+00:00,74.9208,-0.2591,96.5576,0.0366,0.7648,0.0,1800.0,0.0,6.3
966.5,2026-06-05T20:08:11.421198+00:00,75.0433,-0.1991,96.5443,0.0281,0.7648,0.0,1800.0,0.0,6.3
967.0,2026-06-05T20:08:11.921205+00:00,75.0101,-0.1531,96.534,0.0216,0.7648,0.0,1800.0,0.0,6.3
967.5,2026-06-05T20:08:12.426439+00:00,75.2392,0.0733,96.6418,0.0552,0.7648,0.0,1800.0,0.0,6.3
968.0,2026-06-05T20:08:12.921170+00:00,75.288,0.1836,96.609,0.0038,0.7648,0.0,1800.0,0.0,6.3512
968.5,2026-06-05T20:08:13.421182+00:00,75.4527,0.2047,96.5838,0.003,0.7648,0.0,1800.0,0.0,6.3762
969.0,2026-06-05T20:08:13.921201+00:00,75.5794,0.2846,96.6801,0.0408,0.7648,0.0,1800.0,0.0,6.3884
969.5,2026-06-05T20:08:14.421609+00:00,75.6767,0.2188,96.6384,0.0314,0.7648,0.0,1800.0,0.0,6.3431
970.0,2026-06-05T20:08:14.928658+00:00,75.6242,0.1681,96.6064,0.0241,0.7648,0.0,1800.0,0.0,6.321
970.5,2026-06-05T20:08:15.421656+00:00,75.3294,-0.0617,96.6743,0.0108,0.7648,0.0,1800.0,0.0,6.3615
971.0,2026-06-05T20:08:15.921454+00:00,75.1028,-0.2383,96.634,0.0083,0.7648,0.0,1800.0,0.0,6.3812
971.5,2026-06-05T20:08:16.421278+00:00,75.1831,-0.2468,96.603,0.0064,0.7648,0.0,1800.0,0.0,6.3908
972.0,2026-06-05T20:08:16.923118+00:00,75.2449,-0.1897,96.4635,-0.0722,0.7648,0.0,1800.0,0.0,6.3955
972.5,2026-06-05T20:08:17.429976+00:00,75.2923,-0.0185,96.4719,-0.0555,0.7648,0.0,1800.0,0.0,6.3466
973.0,2026-06-05T20:08:17.923273+00:00,75.3288,0.113,96.5941,-0.0041,0.7648,0.0,1800.0,0.0,6.3227
973.5,2026-06-05T20:08:18.421876+00:00,75.2296,0.0232,96.5723,-0.034,0.7648,0.0,1800.0,0.0,6.3111
974.0,2026-06-05T20:08:18.921922+00:00,75.1533,-0.0458,96.5556,-0.0261,0.7648,0.0,1800.0,0.0,6.3054
974.5,2026-06-05T20:08:19.422383+00:00,75.222,-0.0352,96.5427,-0.0201,0.7648,0.0,1800.0,0.0,6.3026
975.0,2026-06-05T20:08:19.925915+00:00,75.1475,-0.0907,96.6485,0.0617,0.7648,0.0,1800.0,0.0,6.3013
975.5,2026-06-05T20:08:20.422078+00:00,75.0902,-0.0697,96.7299,0.086,0.7648,0.0,1800.0,0.0,6.3006
976.0,2026-06-05T20:08:20.922012+00:00,75.1735,0.0101,96.6767,0.0275,0.7648,0.0,1800.0,0.0,6.3003
976.5,2026-06-05T20:08:21.421413+00:00,75.2375,0.0077,96.6358,0.0212,0.7648,0.0,1800.0,0.0,6.3001
977.0,2026-06-05T20:08:21.921435+00:00,75.1594,0.0059,96.7201,0.0548,0.7648,0.0,1800.0,0.0,6.3001
977.5,2026-06-05T20:08:22.428035+00:00,75.2266,0.0682,96.6691,0.0421,0.7648,0.0,1800.0,0.0,6.3
978.0,2026-06-05T20:08:22.921328+00:00,75.2783,0.0524,96.63,-0.0062,0.7648,0.0,1800.0,0.0,6.3
978.5,2026-06-05T20:08:23.421221+00:00,75.4453,0.1039,96.5999,-0.0433,0.7648,0.0,1800.0,0.0,6.3
979.0,2026-06-05T20:08:23.921204+00:00,75.1919,0.0162,96.5768,-0.0333,0.7648,0.0,1800.0,0.0,6.3
979.5,2026-06-05T20:08:24.421168+00:00,74.8698,-0.1784,96.6747,0.013,0.7648,0.0,1800.0,0.0,6.3
980.0,2026-06-05T20:08:24.925468+00:00,75.004,-0.1371,96.6112,-0.0363,0.7648,0.0,1800.0,0.0,6.3
980.5,2026-06-05T20:08:25.421211+00:00,75.1072,-0.169,96.7011,0.0107,0.7648,0.0,1800.0,0.0,6.2488
981.0,2026-06-05T20:08:25.921197+00:00,75.1866,-0.0027,96.7703,0.0468,0.7648,0.0,1800.0,0.0,6.2238
981.5,2026-06-05T20:08:26.421272+00:00,75.1202,0.1252,96.8234,0.0745,0.7648,0.0,1800.0,0.0,6.2116
982.0,2026-06-05T20:08:26.921208+00:00,75.1965,0.0963,96.7486,0.0573,0.7648,0.0,1800.0,0.0,6.2569
982.5,2026-06-05T20:08:27.428433+00:00,75.2552,0.074,96.8068,0.044,0.7648,0.0,1800.0,0.0,6.279
983.0,2026-06-05T20:08:27.921228+00:00,75.173,-0.0068,96.7358,0.0415,0.7648,0.0,1800.0,0.0,6.2897
983.5,2026-06-05T20:08:28.421323+00:00,75.1098,-0.0052,96.6812,-0.0066,0.7648,0.0,1800.0,0.0,6.295
984.0,2026-06-05T20:08:28.921371+00:00,75.1885,-0.004,96.755,-0.0051,0.7648,0.0,1800.0,0.0,6.2976
984.5,2026-06-05T20:08:29.421858+00:00,75.1218,-0.0667,96.5803,-0.0811,0.7648,0.0,1800.0,0.0,6.2988
985.0,2026-06-05T20:08:29.930736+00:00,75.1977,0.0124,96.5617,-0.0623,0.7648,0.0,1800.0,0.0,6.2994
985.5,2026-06-05T20:08:30.421899+00:00,75.3834,0.1368,96.5474,-0.0864,0.7648,0.0,1800.0,0.0,6.2997
986.0,2026-06-05T20:08:30.921200+00:00,75.5261,0.1688,96.6522,-0.0279,0.7648,0.0,1800.0,0.0,6.2999
986.5,2026-06-05T20:08:31.421177+00:00,75.3812,0.1297,96.5012,-0.06,0.7648,0.0,1800.0,0.0,6.2999
987.0,2026-06-05T20:08:31.921261+00:00,75.2698,0.0361,96.501,-0.0847,0.7648,0.0,1800.0,0.0,6.3
987.5,2026-06-05T20:08:32.427395+00:00,75.3115,-0.0359,96.7321,0.0506,0.7648,0.0,1800.0,0.0,6.3
988.0,2026-06-05T20:08:32.921173+00:00,74.9618,-0.2821,96.6784,0.0389,0.7648,0.0,1800.0,0.0,6.3
988.5,2026-06-05T20:08:33.421236+00:00,75.0747,-0.1532,96.7528,0.0685,0.7648,0.0,1800.0,0.0,6.3
989.0,2026-06-05T20:08:33.921412+00:00,75.1616,-0.0541,96.6943,0.0141,0.7648,0.0,1800.0,0.0,6.3512
989.5,2026-06-05T20:08:34.421194+00:00,75.101,-0.1052,96.6494,0.0494,0.7648,0.0,1800.0,0.0,6.3762
990.0,2026-06-05T20:08:34.927185+00:00,75.3091,0.1737,96.6148,0.0379,0.7648,0.0,1800.0,0.0,6.3884
990.5,2026-06-05T20:08:35.421473+00:00,75.2144,0.0698,96.5882,-0.048,0.7648,0.0,1800.0,0.0,6.3943
991.0,2026-06-05T20:08:35.921234+00:00,75.0144,-0.0736,96.7992,0.0403,0.7648,0.0,1800.0,0.0,6.3972
991.5,2026-06-05T20:08:36.421579+00:00,74.8606,-0.1202,96.73,-0.0076,0.7648,0.0,1800.0,0.0,6.3986
992.0,2026-06-05T20:08:36.921471+00:00,74.997,-0.156,96.6768,-0.0059,0.7648,0.0,1800.0,0.0,6.3993
992.5,2026-06-05T20:08:37.427383+00:00,75.1018,-0.0563,96.6359,-0.0045,0.7648,0.0,1800.0,0.0,6.3485
993.0,2026-06-05T20:08:37.921229+00:00,75.1824,0.084,96.7201,0.0351,0.7648,0.0,1800.0,0.0,6.3749
993.5,2026-06-05T20:08:38.422706+00:00,74.9898,0.0646,96.6692,0.027,0.7648,0.0,1800.0,0.0,6.3877
994.0,2026-06-05T20:08:38.922301+00:00,75.0963,0.0496,96.8614,0.0207,0.7648,0.0,1800.0,0.0,6.394
994.5,2026-06-05T20:08:39.421474+00:00,75.1781,0.0381,96.8935,0.0545,0.7648,0.0,1800.0,0.0,6.3971
995.0,2026-06-05T20:08:39.926865+00:00,75.241,0.0293,96.9181,0.0805,0.7648,0.0,1800.0,0.0,6.3986
995.5,2026-06-05T20:08:40.421300+00:00,75.4167,0.2134,96.9371,0.1004,0.7648,0.0,1800.0,0.0,6.3481
996.0,2026-06-05T20:08:40.921967+00:00,75.4244,0.164,96.7202,0.0,0.7648,0.0,1800.0,0.0,6.3235
996.5,2026-06-05T20:08:41.422826+00:00,75.1758,-0.0012,96.5767,-0.0308,0.7648,0.0,1800.0,0.0,6.3115
997.0,2026-06-05T20:08:41.921712+00:00,75.2392,-0.0009,96.5358,-0.1085,0.7648,0.0,1800.0,0.0,6.3056
997.5,2026-06-05T20:08:42.426107+00:00,75.5425,0.0629,96.4118,-0.1606,0.7648,0.0,1800.0,0.0,6.3539
998.0,2026-06-05T20:08:42.921278+00:00,75.5211,0.0484,96.4322,-0.162,0.7648,0.0,1800.0,0.0,6.3775
998.5,2026-06-05T20:08:43.421170+00:00,75.3774,0.1008,96.2165,-0.2402,0.7648,0.0,1800.0,0.0,6.3378
999.0,2026-06-05T20:08:43.921610+00:00,75.3942,0.0775,96.2821,-0.146,0.7648,0.0,1800.0,0.0,6.3185
999.5,2026-06-05T20:08:44.421483+00:00,75.4071,-0.0677,96.1243,-0.1508,0.7648,0.0,1800.0,0.0,6.309
1000.0,2026-06-05T20:08:44.928509+00:00,75.5443,0.0116,96.2112,-0.1082,0.7648,0.0,1800.0,0.0,6.3044
1000.5,2026-06-05T20:08:45.421244+00:00,75.5225,0.0725,96.1623,-0.0832,0.7648,0.0,1800.0,0.0,6.3533
1001.0,2026-06-05T20:08:45.921337+00:00,75.5057,0.0558,96.1248,-0.1025,0.7648,0.0,1800.0,0.0,6.3772
1001.5,2026-06-05T20:08:46.421228+00:00,75.4928,0.0429,96.0959,-0.0402,0.7648,0.0,1800.0,0.0,6.3889
1002.0,2026-06-05T20:08:46.921188+00:00,75.3556,-0.0943,96.1894,-0.0309,0.7648,0.0,1800.0,0.0,6.3434
1002.5,2026-06-05T20:08:47.427382+00:00,75.3775,-0.0725,96.2613,0.0457,0.7648,0.0,1800.0,0.0,6.3212
1003.0,2026-06-05T20:08:47.922013+00:00,75.5215,0.0079,96.3165,0.0351,0.7648,0.0,1800.0,0.0,6.3103
1003.5,2026-06-05T20:08:48.421217+00:00,75.505,0.0061,96.359,0.0655,0.7648,0.0,1800.0,0.0,6.305
1004.0,2026-06-05T20:08:48.921194+00:00,75.4923,0.0683,96.3916,0.0889,0.7648,0.0,1800.0,0.0,6.3025
1004.5,2026-06-05T20:08:49.421423+00:00,75.4825,0.0525,96.4167,0.1069,0.7648,0.0,1800.0,0.0,6.3012
1005.0,2026-06-05T20:08:49.925704+00:00,75.475,-0.0233,96.5517,0.1208,0.7648,0.0,1800.0,0.0,6.3006
1005.5,2026-06-05T20:08:50.421209+00:00,75.4692,-0.0179,96.5397,0.0928,0.7648,0.0,1800.0,0.0,6.3003
1006.0,2026-06-05T20:08:50.921206+00:00,75.3375,-0.0774,96.5305,0.0713,0.7648,0.0,1800.0,0.0,6.3001
1006.5,2026-06-05T20:08:51.421191+00:00,75.2362,-0.1231,96.5235,0.0548,0.7648,0.0,1800.0,0.0,6.3001
1007.0,2026-06-05T20:08:51.921247+00:00,75.1584,-0.1583,96.4023,0.0036,0.7648,0.0,1800.0,0.0,6.3
1007.5,2026-06-05T20:08:52.426700+00:00,75.2259,-0.1216,96.4249,0.0027,0.7648,0.0,1800.0,0.0,6.3
1008.0,2026-06-05T20:08:52.921647+00:00,75.1505,-0.0935,96.4423,-0.0365,0.7648,0.0,1800.0,0.0,6.3
1008.5,2026-06-05T20:08:53.421327+00:00,75.0925,-0.0719,96.34,-0.0666,0.7648,0.0,1800.0,0.0,6.3
1009.0,2026-06-05T20:08:53.921341+00:00,75.048,-0.0552,96.0299,-0.1669,0.7648,0.0,1800.0,0.0,6.3
1009.5,2026-06-05T20:08:54.421228+00:00,75.141,-0.0425,96.1387,-0.1283,0.7648,0.0,1800.0,0.0,6.3
1010.0,2026-06-05T20:08:54.927604+00:00,75.2125,0.031,96.2223,-0.06,0.7648,0.0,1800.0,0.0,6.3
1010.5,2026-06-05T20:08:55.421188+00:00,75.2675,0.0875,96.4022,-0.0076,0.7648,0.0,1800.0,0.0,6.3
1011.0,2026-06-05T20:08:55.922723+00:00,75.1824,0.0672,96.4249,-0.0058,0.7648,0.0,1800.0,0.0,6.3
1011.5,2026-06-05T20:08:56.422271+00:00,75.2443,0.0517,96.6737,0.1112,0.7648,0.0,1800.0,0.0,6.3
1012.0,2026-06-05T20:08:56.921724+00:00,75.2919,0.0397,96.5178,0.1626,0.7648,0.0,1800.0,0.0,6.3
1012.5,2026-06-05T20:08:57.427194+00:00,75.4558,0.0942,96.6294,0.1636,0.7648,0.0,1800.0,0.0,6.2488
1013.0,2026-06-05T20:08:57.921296+00:00,75.4544,0.136,96.7151,0.1643,0.7648,0.0,1800.0,0.0,6.275
1013.5,2026-06-05T20:08:58.421484+00:00,75.3261,0.0409,96.781,0.1263,0.7648,0.0,1800.0,0.0,6.2878
1014.0,2026-06-05T20:08:58.921448+00:00,75.4821,0.0951,96.716,0.097,0.7648,0.0,1800.0,0.0,6.294
1014.5,2026-06-05T20:08:59.422881+00:00,75.3474,-0.0542,96.8974,0.0746,0.7648,0.0,1800.0,0.0,6.2971
1015.0,2026-06-05T20:08:59.929156+00:00,75.4984,0.022,96.5741,0.0188,0.7648,0.0,1800.0,0.0,6.2986
1015.5,2026-06-05T20:09:00.421179+00:00,75.6145,0.1442,96.5569,-0.0241,0.7648,0.0,1800.0,0.0,6.2993
1016.0,2026-06-05T20:09:00.924073+00:00,75.5764,0.0472,96.4281,-0.0957,0.7648,0.0,1800.0,0.0,6.2997
1016.5,2026-06-05T20:09:01.424533+00:00,75.6744,0.1635,96.329,-0.1507,0.7648,0.0,1800.0,0.0,6.2486
1017.0,2026-06-05T20:09:01.921215+00:00,75.6225,0.062,96.3686,-0.1158,0.7648,0.0,1800.0,0.0,6.2749
1017.5,2026-06-05T20:09:02.426864+00:00,75.4553,-0.0796,96.1676,-0.2433,0.7648,0.0,1800.0,0.0,6.2878
1018.0,2026-06-05T20:09:02.921234+00:00,75.4541,-0.0612,96.4759,-0.0327,0.7648,0.0,1800.0,0.0,6.294
1018.5,2026-06-05T20:09:03.421239+00:00,75.3259,-0.1743,96.2501,-0.1023,0.7648,0.0,1800.0,0.0,6.2971
1019.0,2026-06-05T20:09:03.922008+00:00,75.2273,-0.1976,96.1922,-0.0786,0.7648,0.0,1800.0,0.0,6.2986
1019.5,2026-06-05T20:09:04.421712+00:00,75.2788,-0.0882,96.4948,0.0553,0.7648,0.0,1800.0,0.0,6.2993
1020.0,2026-06-05T20:09:04.929905+00:00,75.3185,-0.0678,96.6117,0.0811,0.7648,0.0,1800.0,0.0,6.2997
1020.5,2026-06-05T20:09:05.421246+00:00,75.2216,-0.0521,96.5859,0.1394,0.7648,0.0,1800.0,0.0,6.351
1021.0,2026-06-05T20:09:05.921185+00:00,75.2745,0.0236,96.566,0.03,0.7648,0.0,1800.0,0.0,6.3761
1021.5,2026-06-05T20:09:06.421485+00:00,75.3151,0.0181,96.6664,0.1388,0.7648,0.0,1800.0,0.0,6.3883
1022.0,2026-06-05T20:09:06.921226+00:00,75.3463,0.0139,96.6279,0.1452,0.7648,0.0,1800.0,0.0,6.3943
1022.5,2026-06-05T20:09:07.426382+00:00,75.3703,0.0743,96.8297,0.1116,0.7648,0.0,1800.0,0.0,6.3972
1023.0,2026-06-05T20:09:07.921868+00:00,75.3887,0.0571,96.8691,0.0858,0.7648,0.0,1800.0,0.0,6.3986
1023.5,2026-06-05T20:09:08.421191+00:00,75.2756,-0.0197,96.8994,0.1045,0.7648,0.0,1800.0,0.0,6.3481
1024.0,2026-06-05T20:09:08.921200+00:00,75.316,-0.0152,96.807,0.0803,0.7648,0.0,1800.0,0.0,6.3747
1024.5,2026-06-05T20:09:09.422585+00:00,75.2197,-0.0753,96.8516,0.0617,0.7648,0.0,1800.0,0.0,6.3364
1025.0,2026-06-05T20:09:09.934203+00:00,75.273,-0.0579,96.7703,0.0475,0.7648,0.0,1800.0,0.0,6.3178
1025.5,2026-06-05T20:09:10.421980+00:00,75.314,0.0192,96.8234,-0.0021,0.7648,0.0,1800.0,0.0,6.3599
1026.0,2026-06-05T20:09:10.922409+00:00,75.2182,-0.0489,96.7486,-0.0402,0.7648,0.0,1800.0,0.0,6.3804
1026.5,2026-06-05T20:09:11.421223+00:00,75.1446,-0.0376,96.6911,-0.0694,0.7648,0.0,1800.0,0.0,6.3904
1027.0,2026-06-05T20:09:11.921272+00:00,75.3425,0.0347,96.7626,-0.0148,0.7648,0.0,1800.0,0.0,6.3953
1027.5,2026-06-05T20:09:12.428839+00:00,75.4946,0.0903,96.7249,-0.0422,0.7648,0.0,1800.0,0.0,6.3465
1028.0,2026-06-05T20:09:12.921404+00:00,75.6116,0.1967,96.534,-0.0787,0.7648,0.0,1800.0,0.0,6.3739
1028.5,2026-06-05T20:09:13.421524+00:00,75.4469,0.1512,96.5262,-0.0991,0.7648,0.0,1800.0,0.0,6.3873
1029.0,2026-06-05T20:09:13.921705+00:00,75.4476,0.0526,96.6358,-0.0376,0.7648,0.0,1800.0,0.0,6.3426
1029.5,2026-06-05T20:09:14.421919+00:00,75.4482,-0.0232,96.7201,0.0097,0.7648,0.0,1800.0,0.0,6.3208
1030.0,2026-06-05T20:09:14.927666+00:00,75.4486,-0.0815,96.6692,-0.0311,0.7648,0.0,1800.0,0.0,6.3101
1030.5,2026-06-05T20:09:15.421207+00:00,75.4489,0.001,96.63,-0.0316,0.7648,0.0,1800.0,0.0,6.3049
1031.0,2026-06-05T20:09:15.921218+00:00,75.4492,0.0008,96.8313,0.0991,0.7648,0.0,1800.0,0.0,6.3024
1031.5,2026-06-05T20:09:16.421189+00:00,75.4494,0.0006,96.8704,0.1147,0.7648,0.0,1800.0,0.0,6.3012
1032.0,2026-06-05T20:09:16.921317+00:00,75.4495,0.0005,96.9004,0.0882,0.7648,0.0,1800.0,0.0,6.3006
1032.5,2026-06-05T20:09:17.426152+00:00,75.3224,-0.0633,96.9234,0.0678,0.7648,0.0,1800.0,0.0,6.3003
1033.0,2026-06-05T20:09:17.921190+00:00,75.4792,0.015,96.9411,0.0907,0.7648,0.0,1800.0,0.0,6.3001
1033.5,2026-06-05T20:09:18.421328+00:00,75.4724,0.0115,96.9548,0.1082,0.7648,0.0,1800.0,0.0,6.3001
1034.0,2026-06-05T20:09:18.921268+00:00,75.4672,0.0089,96.8495,0.0061,0.7648,0.0,1800.0,0.0,6.3
1034.5,2026-06-05T20:09:19.421326+00:00,75.4632,0.0704,96.8843,0.0047,0.7648,0.0,1800.0,0.0,6.3
1035.0,2026-06-05T20:09:19.927910+00:00,75.4602,-0.0095,96.7954,-0.035,0.7648,0.0,1800.0,0.0,6.3
1035.500506,2026-06-05T20:09:20.422341+00:00,75.5851,0.0563,96.7271,-0.0655,0.7648,0.0,1800.0,0.0,6.3
1036.0,2026-06-05T20:09:20.921275+00:00,75.5538,0.0433,96.6745,-0.0889,0.7648,0.0,1800.0,0.0,6.3
1036.5,2026-06-05T20:09:21.421269+00:00,75.5298,0.0333,96.7498,-0.0683,0.7648,0.0,1800.0,0.0,6.3
1037.0,2026-06-05T20:09:21.921215+00:00,75.5113,0.0256,96.692,-0.0525,0.7648,0.0,1800.0,0.0,6.3
1037.5,2026-06-05T20:09:22.425759+00:00,75.4971,-0.044,96.6476,-0.0789,0.7648,0.0,1800.0,0.0,6.2488
1038.0,2026-06-05T20:09:22.921193+00:00,75.4862,-0.0338,96.6134,-0.0607,0.7648,0.0,1800.0,0.0,6.275
1038.5,2026-06-05T20:09:23.421179+00:00,75.4779,-0.026,96.5872,-0.0466,0.7648,0.0,1800.0,0.0,6.2878
1039.0,2026-06-05T20:09:23.921412+00:00,75.2169,-0.1472,96.567,-0.0358,0.7648,0.0,1800.0,0.0,6.294
1039.5,2026-06-05T20:09:24.422545+00:00,75.3981,-0.0495,96.5515,-0.0661,0.7648,0.0,1800.0,0.0,6.2971
1040.0,2026-06-05T20:09:24.927748+00:00,75.4101,-0.0381,96.6553,-0.0122,0.7648,0.0,1800.0,0.0,6.2986
1040.5,2026-06-05T20:09:25.421395+00:00,75.4193,-0.0293,96.6194,-0.0094,0.7648,0.0,1800.0,0.0,6.2993
1041.0,2026-06-05T20:09:25.921399+00:00,75.4264,0.1048,96.7074,0.0313,0.7648,0.0,1800.0,0.0,6.2997
1041.5,2026-06-05T20:09:26.421583+00:00,75.4319,0.0169,96.7751,0.0626,0.7648,0.0,1800.0,0.0,6.2998
1042.0,2026-06-05T20:09:26.921948+00:00,75.3088,-0.0506,96.5726,0.0019,0.7648,0.0,1800.0,0.0,6.2999
1042.500166,2026-06-05T20:09:27.428512+00:00,75.4687,0.0247,96.7872,0.0786,0.7648,0.0,1800.0,0.0,6.3
1043.0,2026-06-05T20:09:27.921233+00:00,75.3371,-0.0446,96.7208,0.0218,0.7648,0.0,1800.0,0.0,6.3
1043.5,2026-06-05T20:09:28.421188+00:00,75.236,-0.0979,96.554,-0.0218,0.7648,0.0,1800.0,0.0,6.3
1044.0,2026-06-05T20:09:28.921181+00:00,75.4128,0.052,96.4258,-0.0939,0.7648,0.0,1800.0,0.0,6.3
1044.5,2026-06-05T20:09:29.421235+00:00,75.5487,0.04,96.443,-0.1107,0.7648,0.0,1800.0,0.0,6.3
1045.0,2026-06-05T20:09:29.925693+00:00,75.5258,0.0943,96.4562,-0.0388,0.7648,0.0,1800.0,0.0,6.3
1045.5,2026-06-05T20:09:30.421204+00:00,75.6356,0.1998,96.3506,-0.1455,0.7648,0.0,1800.0,0.0,6.3
1046.0,2026-06-05T20:09:30.921204+00:00,75.5926,0.0899,96.1538,-0.189,0.7648,0.0,1800.0,0.0,6.3
1046.5,2026-06-05T20:09:31.421184+00:00,75.3051,-0.1218,96.0951,-0.153,0.7648,0.0,1800.0,0.0,6.3512
1047.0,2026-06-05T20:09:31.921301+00:00,75.4659,-0.03,96.3045,-0.0404,0.7648,0.0,1800.0,0.0,6.3762
1047.5,2026-06-05T20:09:32.427502+00:00,75.4622,-0.0867,96.4654,0.0075,0.7648,0.0,1800.0,0.0,6.3884
1048.0,2026-06-05T20:09:32.921253+00:00,75.3321,-0.1303,96.3809,-0.0251,0.7648,0.0,1800.0,0.0,6.3943
1048.5,2026-06-05T20:09:33.421324+00:00,75.4867,0.0908,96.2927,-0.0193,0.7648,0.0,1800.0,0.0,6.3972
1049.0,2026-06-05T20:09:33.921263+00:00,75.4782,0.0061,96.3407,0.0623,0.7648,0.0,1800.0,0.0,6.3986
1049.5,2026-06-05T20:09:34.421199+00:00,75.4717,0.0047,96.3776,0.0942,0.7648,0.0,1800.0,0.0,6.3993
1050.0,2026-06-05T20:09:34.926020+00:00,75.4666,0.0673,96.429,0.0415,0.7648,0.0,1800.0,0.0,6.3997
1050.5,2026-06-05T20:09:35.421186+00:00,75.3355,-0.0756,96.4454,-0.0067,0.7648,0.0,1800.0,0.0,6.3486
1051.0,2026-06-05T20:09:35.921207+00:00,75.4893,0.0056,96.4581,0.0257,0.7648,0.0,1800.0,0.0,6.3237
1051.500629,2026-06-05T20:09:36.421875+00:00,75.3529,-0.0594,96.4678,0.0584,0.7648,0.0,1800.0,0.0,6.3116
1052.0,2026-06-05T20:09:36.921263+00:00,75.3754,-0.0456,96.4752,0.0448,0.7648,0.0,1800.0,0.0,6.3057
1052.5,2026-06-05T20:09:37.427514+00:00,75.2654,-0.0351,96.3653,-0.0041,0.7648,0.0,1800.0,0.0,6.3028
1053.0,2026-06-05T20:09:37.922716+00:00,75.4354,-0.027,96.3964,-0.0109,0.7648,0.0,1800.0,0.0,6.3013
1053.5,2026-06-05T20:09:38.421225+00:00,75.566,0.1066,96.3047,-0.0469,0.7648,0.0,1800.0,0.0,6.3007
1054.0,2026-06-05T20:09:38.921249+00:00,75.6664,0.1455,96.1185,-0.1132,0.7648,0.0,1800.0,0.0,6.3003
1054.5,2026-06-05T20:09:39.421183+00:00,75.4891,0.1119,96.0911,-0.1256,0.7648,0.0,1800.0,0.0,6.3002
1055.0,2026-06-05T20:09:39.929032+00:00,75.3528,-0.0413,96.1857,-0.0965,0.7648,0.0,1800.0,0.0,6.3001
1055.5,2026-06-05T20:09:40.421164+00:00,75.3753,-0.0954,96.1427,-0.0742,0.7648,0.0,1800.0,0.0,6.3
1056.0,2026-06-05T20:09:40.921205+00:00,75.2653,-0.2006,96.2023,-0.0647,0.7648,0.0,1800.0,0.0,6.3
1056.5,2026-06-05T20:09:41.421189+00:00,75.308,-0.0905,96.2712,-0.0112,0.7648,0.0,1800.0,0.0,6.3
1057.0,2026-06-05T20:09:41.921207+00:00,75.3409,-0.0059,96.0927,-0.0086,0.7648,0.0,1800.0,0.0,6.3
1057.5,2026-06-05T20:09:42.427054+00:00,75.3661,-0.0046,95.9556,-0.0452,0.7648,0.0,1800.0,0.0,6.3
1058.0,2026-06-05T20:09:42.921207+00:00,75.131,-0.0671,96.1972,0.0038,0.7648,0.0,1800.0,0.0,6.3
1058.5,2026-06-05T20:09:43.421367+00:00,75.0775,-0.1152,96.2673,0.0415,0.7648,0.0,1800.0,0.0,6.3
1059.0,2026-06-05T20:09:43.921199+00:00,75.0365,-0.1522,96.4368,0.0782,0.7648,0.0,1800.0,0.0,6.3
1059.5,2026-06-05T20:09:44.421272+00:00,75.1322,-0.117,96.3358,0.0215,0.7648,0.0,1800.0,0.0,6.3
1060.0,2026-06-05T20:09:44.926683+00:00,75.2057,0.0374,96.2581,0.0551,0.7648,0.0,1800.0,0.0,6.3
1060.5,2026-06-05T20:09:45.421907+00:00,75.135,0.0287,96.314,0.1195,0.7648,0.0,1800.0,0.0,6.3
1061.0,2026-06-05T20:09:45.921677+00:00,75.0806,0.0221,96.2414,0.0147,0.7648,0.0,1800.0,0.0,6.3
1061.5,2026-06-05T20:09:46.421185+00:00,75.1661,0.017,96.1855,-0.0273,0.7648,0.0,1800.0,0.0,6.3
1062.0,2026-06-05T20:09:46.921448+00:00,75.2318,0.013,96.2583,-0.0595,0.7648,0.0,1800.0,0.0,6.3
1062.5,2026-06-05T20:09:47.426076+00:00,75.2823,0.0737,96.1985,-0.0457,0.7648,0.0,1800.0,0.0,6.3
1063.0,2026-06-05T20:09:47.921176+00:00,75.3211,0.1202,96.1294,-0.0429,0.7648,0.0,1800.0,0.0,6.3
1063.5,2026-06-05T20:09:48.421949+00:00,75.3509,0.0924,96.2152,-0.033,0.7648,0.0,1800.0,0.0,6.3
1064.0,2026-06-05T20:09:48.921265+00:00,75.2466,0.0074,96.3968,0.0518,0.7648,0.0,1800.0,0.0,6.3
1064.5,2026-06-05T20:09:49.421779+00:00,75.4209,0.0693,96.305,0.0398,0.7648,0.0,1800.0,0.0,6.3
1065.0,2026-06-05T20:09:49.927715+00:00,75.3004,-0.0104,96.2344,-0.008,0.7648,0.0,1800.0,0.0,6.3
1065.5,2026-06-05T20:09:50.421204+00:00,75.335,-0.008,96.2959,0.0324,0.7648,0.0,1800.0,0.0,6.3
1066.0,2026-06-05T20:09:50.921166+00:00,75.2343,-0.0061,96.4588,0.1098,0.7648,0.0,1800.0,0.0,6.3
1066.5,2026-06-05T20:09:51.421212+00:00,75.0297,-0.1956,96.3526,0.0458,0.7648,0.0,1800.0,0.0,6.3
1067.0,2026-06-05T20:09:51.921174+00:00,75.127,-0.0867,96.4793,0.0275,0.7648,0.0,1800.0,0.0,6.3
1067.5,2026-06-05T20:09:52.425490+00:00,75.0744,-0.1303,96.3684,0.0211,0.7648,0.0,1800.0,0.0,6.3
1068.0,2026-06-05T20:09:52.921333+00:00,74.7795,-0.2274,96.3988,0.0548,0.7648,0.0,1800.0,0.0,6.3512
1068.5,2026-06-05T20:09:53.421460+00:00,74.9347,-0.0475,96.1908,-0.035,0.7648,0.0,1800.0,0.0,6.3762
1069.0,2026-06-05T20:09:53.921448+00:00,74.6721,-0.2274,96.031,-0.1426,0.7648,0.0,1800.0,0.0,6.3372
1069.5,2026-06-05T20:09:54.421287+00:00,74.8521,-0.1112,95.9081,-0.1482,0.7648,0.0,1800.0,0.0,6.3181
1070.0,2026-06-05T20:09:55.027559+00:00,75.1177,0.1691,95.9294,-0.1833,0.7648,0.0,1800.0,0.0,6.3089
1070.5,2026-06-05T20:09:55.422790+00:00,75.0674,0.0663,96.0614,-0.1023,0.7648,0.0,1800.0,0.0,6.3043
1071.0,2026-06-05T20:09:55.921338+00:00,75.0286,0.1783,96.0241,-0.1249,0.7648,0.0,1800.0,0.0,6.3021
1071.5,2026-06-05T20:09:56.421397+00:00,75.1261,0.137,95.9028,-0.096,0.7648,0.0,1800.0,0.0,6.301
1072.0,2026-06-05T20:09:56.921189+00:00,74.9465,-0.0856,95.9253,-0.0352,0.7648,0.0,1800.0,0.0,6.3005
1072.5,2026-06-05T20:09:57.426677+00:00,74.9358,-0.0658,96.0351,0.0423,0.7648,0.0,1800.0,0.0,6.3002
1073.0,2026-06-05T20:09:57.921178+00:00,75.0548,0.0131,95.9113,-0.006,0.7648,0.0,1800.0,0.0,6.3001
1073.5,2026-06-05T20:09:58.421611+00:00,75.2735,0.0737,96.0475,-0.0046,0.7648,0.0,1800.0,0.0,6.3001
1074.0,2026-06-05T20:09:58.921229+00:00,75.3143,0.1839,96.0365,0.0042,0.7648,0.0,1800.0,0.0,6.3
1074.5,2026-06-05T20:09:59.421484+00:00,75.3457,0.205,96.0049,0.034,0.7648,0.0,1800.0,0.0,6.3
1075.0,2026-06-05T20:09:59.926127+00:00,75.1153,0.0303,96.0038,0.0262,0.7648,0.0,1800.0,0.0,6.3
1075.5,2026-06-05T20:10:00.421299+00:00,75.1928,-0.0404,96.0029,-0.0107,0.7648,0.0,1800.0,0.0,6.3512
1076.0,2026-06-05T20:10:00.921662+00:00,75.2523,-0.031,96.2336,0.1074,0.7648,0.0,1800.0,0.0,6.3762
1076.5,2026-06-05T20:10:01.421339+00:00,75.298,-0.0238,96.1796,0.044,0.7648,0.0,1800.0,0.0,6.3884
1077.0,2026-06-05T20:10:01.921331+00:00,75.2059,0.0453,96.0223,-0.0047,0.7648,0.0,1800.0,0.0,6.3943
1077.5,2026-06-05T20:10:02.428607+00:00,75.2624,0.0348,96.0172,0.0041,0.7648,0.0,1800.0,0.0,6.346
1078.0,2026-06-05T20:10:02.921203+00:00,75.4331,0.0904,96.1289,0.0417,0.7648,0.0,1800.0,0.0,6.3737
1078.5,2026-06-05T20:10:03.421188+00:00,75.1825,-0.0578,95.9834,-0.0065,0.7648,0.0,1800.0,0.0,6.3359
1079.0,2026-06-05T20:10:03.921192+00:00,75.3716,0.0829,95.9872,-0.0821,0.7648,0.0,1800.0,0.0,6.3175
1079.5,2026-06-05T20:10:04.421175+00:00,75.2625,0.0,96.1059,-0.0246,0.7648,0.0,1800.0,0.0,6.3086
1080.0,2026-06-05T20:10:04.927006+00:00,75.3059,-0.0636,95.85,-0.0575,0.7648,0.0,1800.0,0.0,6.3042
1080.5,2026-06-05T20:10:05.421183+00:00,75.212,0.0148,95.8847,-0.0442,0.7648,0.0,1800.0,0.0,6.302
1081.0,2026-06-05T20:10:05.921764+00:00,75.0125,-0.1796,95.7957,-0.1111,0.7648,0.0,1800.0,0.0,6.301
1081.5,2026-06-05T20:10:06.421311+00:00,74.8592,-0.2016,96.0744,0.0303,0.7648,0.0,1800.0,0.0,6.3005
1082.0,2026-06-05T20:10:06.921273+00:00,74.9959,-0.155,96.1728,0.0619,0.7648,0.0,1800.0,0.0,6.3002
1082.5,2026-06-05T20:10:07.426307+00:00,74.9737,-0.1191,96.1329,0.009,0.7648,0.0,1800.0,0.0,6.3001
1083.0,2026-06-05T20:10:07.921204+00:00,75.0839,0.0357,96.1021,0.084,0.7648,0.0,1800.0,0.0,6.3513
1083.5,2026-06-05T20:10:08.421366+00:00,75.1686,0.1547,96.0785,0.0646,0.7648,0.0,1800.0,0.0,6.325
1084.0,2026-06-05T20:10:08.921368+00:00,74.8519,-0.072,96.0835,0.0959,0.7648,0.0,1800.0,0.0,6.3122
1084.5,2026-06-05T20:10:09.421431+00:00,74.8631,-0.0553,96.1798,0.0352,0.7648,0.0,1800.0,0.0,6.306
1085.0,2026-06-05T20:10:09.928111+00:00,74.9989,-0.0425,96.2539,0.027,0.7648,0.0,1800.0,0.0,6.3029
1085.5,2026-06-05T20:10:10.421380+00:00,75.1033,-0.0327,96.4266,0.0979,0.7648,0.0,1800.0,0.0,6.3014
1086.0,2026-06-05T20:10:10.921485+00:00,75.0562,0.1021,96.4436,0.1138,0.7648,0.0,1800.0,0.0,6.3007
1086.5,2026-06-05T20:10:11.421387+00:00,75.1473,0.1421,96.4335,0.1183,0.7648,0.0,1800.0,0.0,6.3003
1087.0,2026-06-05T20:10:11.921825+00:00,75.2174,0.1093,96.4489,0.1218,0.7648,0.0,1800.0,0.0,6.3002
1087.5,2026-06-05T20:10:12.427052+00:00,75.0167,-0.0433,96.345,0.0551,0.7648,0.0,1800.0,0.0,6.3001
1088.0,2026-06-05T20:10:12.921416+00:00,75.2442,0.094,96.2652,0.0037,0.7648,0.0,1800.0,0.0,6.3
1088.5,2026-06-05T20:10:13.421754+00:00,75.1646,0.0086,96.2038,-0.0743,0.7648,0.0,1800.0,0.0,6.3
1089.000431,2026-06-05T20:10:13.921750+00:00,75.1033,-0.057,96.2723,-0.0571,0.7648,0.0,1800.0,0.0,6.3
1089.5,2026-06-05T20:10:14.421236+00:00,74.929,-0.0438,96.3019,-0.0439,0.7648,0.0,1800.0,0.0,6.3
1090.0,2026-06-05T20:10:14.926686+00:00,75.0496,-0.0973,96.3477,-0.0337,0.7648,0.0,1800.0,0.0,6.3
1090.5,2026-06-05T20:10:15.421309+00:00,75.015,-0.0748,96.4987,0.0512,0.7648,0.0,1800.0,0.0,6.3
1091.0,2026-06-05T20:10:15.921247+00:00,75.2429,0.0698,96.6147,0.1165,0.7648,0.0,1800.0,0.0,6.3
1091.5,2026-06-05T20:10:16.421183+00:00,75.2908,0.1809,96.7038,0.1667,0.7648,0.0,1800.0,0.0,6.3
1092.0,2026-06-05T20:10:16.921506+00:00,75.2004,0.0754,96.7724,0.1667,0.7648,0.0,1800.0,0.0,6.3
1092.5,2026-06-05T20:10:17.426926+00:00,75.2581,0.1216,96.825,0.1744,0.7648,0.0,1800.0,0.0,6.2488
1093.0,2026-06-05T20:10:17.921297+00:00,75.3025,0.0298,96.7498,0.134,0.7648,0.0,1800.0,0.0,6.275
1093.5,2026-06-05T20:10:18.421200+00:00,75.3367,0.0229,96.8077,0.103,0.7648,0.0,1800.0,0.0,6.2878
1094.0,2026-06-05T20:10:18.921511+00:00,75.4902,0.1449,96.9679,0.1177,0.7648,0.0,1800.0,0.0,6.294
1094.5,2026-06-05T20:10:19.421510+00:00,75.6081,0.175,96.8596,0.0519,0.7648,0.0,1800.0,0.0,6.2971
1095.0,2026-06-05T20:10:19.927270+00:00,75.6988,0.1981,96.8921,0.0399,0.7648,0.0,1800.0,0.0,6.2986
1095.5,2026-06-05T20:10:20.421176+00:00,75.7685,0.2159,96.9171,0.0307,0.7648,0.0,1800.0,0.0,6.2993
1096.0,2026-06-05T20:10:20.921228+00:00,75.6948,0.1023,96.9363,0.0621,0.7648,0.0,1800.0,0.0,6.2997
1096.5,2026-06-05T20:10:21.421181+00:00,75.5109,-0.0486,96.951,0.0478,0.7648,0.0,1800.0,0.0,6.351
1097.0,2026-06-05T20:10:21.921494+00:00,75.3695,-0.1646,96.9624,-0.0019,0.7648,0.0,1800.0,0.0,6.3761
1097.5,2026-06-05T20:10:22.427496+00:00,75.3881,-0.1902,96.8554,-0.0014,0.7648,0.0,1800.0,0.0,6.3371
1098.0,2026-06-05T20:10:22.921299+00:00,75.5297,-0.0825,96.8888,-0.0011,0.7648,0.0,1800.0,0.0,6.3693
1098.5,2026-06-05T20:10:23.421640+00:00,75.5113,0.0002,96.9146,-0.0008,0.7648,0.0,1800.0,0.0,6.3338
1099.0,2026-06-05T20:10:23.921265+00:00,75.4971,0.0638,96.9343,-0.0006,0.7648,0.0,1800.0,0.0,6.3165
1099.5,2026-06-05T20:10:24.421974+00:00,75.6135,0.1127,97.0652,0.0381,0.7648,0.0,1800.0,0.0,6.3081
1100.0,2026-06-05T20:10:24.928123+00:00,75.7029,0.0866,97.0501,0.0293,0.7648,0.0,1800.0,0.0,6.3039
1100.5,2026-06-05T20:10:25.421282+00:00,75.6444,0.0666,97.0385,0.0611,0.7648,0.0,1800.0,0.0,6.3019
1101.0,2026-06-05T20:10:25.921208+00:00,75.5994,0.0512,96.9139,0.0084,0.7648,0.0,1800.0,0.0,6.3009
1101.5,2026-06-05T20:10:26.421171+00:00,75.183,-0.2152,96.9338,0.0064,0.7648,0.0,1800.0,0.0,6.3005
1102.0,2026-06-05T20:10:26.921199+00:00,75.3721,-0.1654,96.9491,0.0049,0.7648,0.0,1800.0,0.0,6.3002
1102.5,2026-06-05T20:10:27.425968+00:00,75.5174,-0.0635,96.9609,-0.0348,0.7648,0.0,1800.0,0.0,6.3001
1103.0,2026-06-05T20:10:27.921526+00:00,75.6291,0.0148,96.97,-0.0267,0.7648,0.0,1800.0,0.0,6.3513
1103.5,2026-06-05T20:10:28.421227+00:00,75.8422,0.3296,96.9769,-0.0205,0.7648,0.0,1800.0,0.0,6.325
1104.0,2026-06-05T20:10:28.921272+00:00,75.7514,0.1897,96.8666,-0.0158,0.7648,0.0,1800.0,0.0,6.3122
1104.5,2026-06-05T20:10:29.421179+00:00,75.6817,0.0821,96.8974,-0.0121,0.7648,0.0,1800.0,0.0,6.306
1105.0,2026-06-05T20:10:29.926342+00:00,75.5008,-0.0641,96.8055,-0.0479,0.7648,0.0,1800.0,0.0,6.3029
1105.5,2026-06-05T20:10:30.421264+00:00,75.3618,-0.2402,96.9662,0.0018,0.7648,0.0,1800.0,0.0,6.3014
1106.0,2026-06-05T20:10:30.921516+00:00,75.5095,-0.121,96.974,0.0013,0.7648,0.0,1800.0,0.0,6.3007
1106.500136,2026-06-05T20:10:31.421498+00:00,75.3684,-0.1566,96.8643,-0.0375,0.7648,0.0,1800.0,0.0,6.3003
1107.0,2026-06-05T20:10:31.921183+00:00,75.5146,0.0069,96.78,-0.0288,0.7648,0.0,1800.0,0.0,6.3002
1107.5,2026-06-05T20:10:32.427390+00:00,75.6269,0.1326,96.8309,-0.0222,0.7648,0.0,1800.0,0.0,6.3001
1108.0,2026-06-05T20:10:32.921869+00:00,75.7132,0.1019,96.87,0.0215,0.7648,0.0,1800.0,0.0,6.3
1108.5,2026-06-05T20:10:33.421287+00:00,75.6523,0.1419,96.7844,-0.0606,0.7648,0.0,1800.0,0.0,6.3
1109.0,2026-06-05T20:10:33.921810+00:00,75.7328,0.1091,96.7186,-0.0851,0.7648,0.0,1800.0,0.0,6.3
1109.5,2026-06-05T20:10:34.422759+00:00,75.6673,0.0202,96.7837,-0.0269,0.7648,0.0,1800.0,0.0,6.3
1110.0,2026-06-05T20:10:34.928899+00:00,75.4898,-0.1117,96.8338,0.0179,0.7648,0.0,1800.0,0.0,6.3
1110.5,2026-06-05T20:10:35.421946+00:00,75.6078,-0.0222,96.7565,-0.0248,0.7648,0.0,1800.0,0.0,6.2488
1111.0,2026-06-05T20:10:35.921551+00:00,75.6986,-0.0171,96.8129,-0.0191,0.7648,0.0,1800.0,0.0,6.2238
1111.5,2026-06-05T20:10:36.421568+00:00,75.7683,0.0505,96.8562,0.0239,0.7648,0.0,1800.0,0.0,6.2116
1112.0,2026-06-05T20:10:36.922018+00:00,75.6947,0.1024,96.8895,0.057,0.7648,0.0,1800.0,0.0,6.2057
1112.5,2026-06-05T20:10:37.429443+00:00,75.7653,0.0787,96.915,0.0438,0.7648,0.0,1800.0,0.0,6.2028
1113.0,2026-06-05T20:10:37.921176+00:00,75.6924,-0.0031,96.7033,-0.0435,0.7648,0.0,1800.0,0.0,6.2526
1113.5,2026-06-05T20:10:38.421171+00:00,75.6363,-0.066,96.6563,-0.0334,0.7648,0.0,1800.0,0.0,6.2768
1114.0,2026-06-05T20:10:38.921184+00:00,75.7204,0.0129,96.8515,0.0129,0.7648,0.0,1800.0,0.0,6.2887
1114.5,2026-06-05T20:10:39.421192+00:00,75.5306,-0.1174,96.7702,-0.0287,0.7648,0.0,1800.0,0.0,6.2945
1115.0,2026-06-05T20:10:39.925949+00:00,75.3847,-0.1538,96.7076,-0.0606,0.7648,0.0,1800.0,0.0,6.2973
1115.5,2026-06-05T20:10:40.421175+00:00,75.5271,-0.0546,96.7753,-0.0466,0.7648,0.0,1800.0,0.0,6.3499
1116.0,2026-06-05T20:10:40.921169+00:00,75.6365,-0.042,96.8273,0.0413,0.7648,0.0,1800.0,0.0,6.3243
1116.5,2026-06-05T20:10:41.421837+00:00,75.5933,0.0314,96.7516,0.0318,0.7648,0.0,1800.0,0.0,6.3119
1117.0,2026-06-05T20:10:41.921421+00:00,75.5602,0.0877,96.6933,-0.0527,0.7648,0.0,1800.0,0.0,6.3058
1117.5,2026-06-05T20:10:42.428321+00:00,75.5347,0.0038,96.6486,-0.0405,0.7648,0.0,1800.0,0.0,6.3028
1118.0,2026-06-05T20:10:42.922220+00:00,75.7696,0.0666,96.4985,-0.0697,0.7648,0.0,1800.0,0.0,6.3526
1118.5,2026-06-05T20:10:43.421355+00:00,75.6957,0.0512,96.4989,-0.0921,0.7648,0.0,1800.0,0.0,6.3257
1119.0,2026-06-05T20:10:43.921265+00:00,75.7661,0.103,96.3834,-0.148,0.7648,0.0,1800.0,0.0,6.3125
1119.5,2026-06-05T20:10:44.421258+00:00,75.8202,0.1428,96.4104,-0.1137,0.7648,0.0,1800.0,0.0,6.3061
1120.0,2026-06-05T20:10:44.929147+00:00,75.7345,-0.0175,96.4311,-0.0874,0.7648,0.0,1800.0,0.0,6.303
1120.5,2026-06-05T20:10:45.421300+00:00,75.6687,-0.0135,96.5628,-0.0286,0.7648,0.0,1800.0,0.0,6.3015
1121.0,2026-06-05T20:10:45.921195+00:00,75.7454,-0.0104,96.6639,0.0551,0.7648,0.0,1800.0,0.0,6.3007
1121.5,2026-06-05T20:10:46.421308+00:00,75.8043,-0.008,96.7417,0.0809,0.7648,0.0,1800.0,0.0,6.3003
1122.0,2026-06-05T20:10:46.921286+00:00,75.8496,0.0575,96.6858,0.1008,0.7648,0.0,1800.0,0.0,6.3002
1122.5,2026-06-05T20:10:47.428469+00:00,75.7571,0.0442,96.6428,0.0775,0.7648,0.0,1800.0,0.0,6.3001
1123.000001,2026-06-05T20:10:47.921358+00:00,75.686,-0.0297,96.6097,0.0595,0.7648,0.0,1800.0,0.0,6.3
1123.5,2026-06-05T20:10:48.421176+00:00,75.6314,-0.0864,96.4687,-0.0314,0.7648,0.0,1800.0,0.0,6.3
1124.0,2026-06-05T20:10:48.921223+00:00,75.7167,-0.0664,96.5916,-0.0241,0.7648,0.0,1800.0,0.0,6.3
1124.5,2026-06-05T20:10:49.421439+00:00,75.5277,-0.1147,96.339,-0.1342,0.7648,0.0,1800.0,0.0,6.3
1125.0,2026-06-05T20:10:49.928198+00:00,75.5097,-0.0882,96.492,-0.0646,0.7648,0.0,1800.0,0.0,6.3
1125.5,2026-06-05T20:10:50.421788+00:00,75.6232,-0.0041,96.6095,-0.0111,0.7648,0.0,1800.0,0.0,6.3
1126.0,2026-06-05T20:10:50.921408+00:00,75.4558,-0.1304,96.5842,-0.0085,0.7648,0.0,1800.0,0.0,6.3
1126.5,2026-06-05T20:10:51.421600+00:00,75.5818,0.027,96.6804,0.0706,0.7648,0.0,1800.0,0.0,6.3
1127.0,2026-06-05T20:10:51.921629+00:00,75.6785,0.0844,96.7544,0.0542,0.7648,0.0,1800.0,0.0,6.3
1127.5,2026-06-05T20:10:52.431279+00:00,75.7529,0.0649,96.4641,0.0417,0.7648,0.0,1800.0,0.0,6.3
1128.0,2026-06-05T20:10:52.922958+00:00,75.6828,0.1135,96.5881,0.032,0.7648,0.0,1800.0,0.0,6.3512
1128.5,2026-06-05T20:10:53.422659+00:00,75.629,0.0236,96.6834,0.0246,0.7648,0.0,1800.0,0.0,6.325
1129.0,2026-06-05T20:10:53.921210+00:00,75.5875,-0.0455,96.7567,0.0575,0.7648,0.0,1800.0,0.0,6.3122
1129.5,2026-06-05T20:10:54.421251+00:00,75.5557,-0.0986,96.6973,0.0056,0.7648,0.0,1800.0,0.0,6.306
1130.0,2026-06-05T20:10:54.926499+00:00,75.5313,-0.0758,96.883,0.0429,0.7648,0.0,1800.0,0.0,6.3029
1130.5,2026-06-05T20:10:55.421414+00:00,75.767,0.069,96.6787,0.0715,0.7648,0.0,1800.0,0.0,6.3014
1131.0,2026-06-05T20:10:55.921196+00:00,75.6936,0.053,96.6373,0.0164,0.7648,0.0,1800.0,0.0,6.3007
1131.5,2026-06-05T20:10:56.421158+00:00,75.51,-0.0229,96.837,0.0512,0.7648,0.0,1800.0,0.0,6.3003
1132.0,2026-06-05T20:10:56.921248+00:00,75.3688,-0.0812,96.6433,-0.0378,0.7648,0.0,1800.0,0.0,6.3002
1132.5,2026-06-05T20:10:57.428627+00:00,75.5149,-0.1261,96.4713,-0.0753,0.7648,0.0,1800.0,0.0,6.3001
1133.0,2026-06-05T20:10:57.921283+00:00,75.4999,-0.0969,96.3622,-0.1736,0.7648,0.0,1800.0,0.0,6.3
1133.5,2026-06-05T20:10:58.421195+00:00,75.4883,-0.0108,96.2784,-0.1334,0.7648,0.0,1800.0,0.0,6.3
1134.0,2026-06-05T20:10:58.921717+00:00,75.4795,0.0553,96.3297,-0.1026,0.7648,0.0,1800.0,0.0,6.3
1134.5,2026-06-05T20:10:59.421305+00:00,75.5999,0.0425,96.2534,-0.1945,0.7648,0.0,1800.0,0.0,6.3
1135.0,2026-06-05T20:10:59.929013+00:00,75.438,-0.031,96.3105,-0.1109,0.7648,0.0,1800.0,0.0,6.3
1135.5,2026-06-05T20:11:00.421260+00:00,75.4407,-0.0238,96.3543,-0.039,0.7648,0.0,1800.0,0.0,6.3
1136.0,2026-06-05T20:11:00.921224+00:00,75.4429,-0.0183,96.5037,0.0472,0.7648,0.0,1800.0,0.0,6.3
1136.5,2026-06-05T20:11:01.421186+00:00,75.5718,-0.0141,96.5029,0.0748,0.7648,0.0,1800.0,0.0,6.3
1137.0,2026-06-05T20:11:01.921236+00:00,75.7982,0.1801,96.5022,0.0575,0.7648,0.0,1800.0,0.0,6.3
1137.5,2026-06-05T20:11:02.426230+00:00,75.8449,0.2021,96.6174,0.1213,0.7648,0.0,1800.0,0.0,6.2488
1138.0,2026-06-05T20:11:02.921324+00:00,75.8808,0.2189,96.7059,0.1318,0.7648,0.0,1800.0,0.0,6.275
1138.5,2026-06-05T20:11:03.421180+00:00,75.7811,0.1046,96.5426,0.0628,0.7648,0.0,1800.0,0.0,6.2878
1139.0,2026-06-05T20:11:03.921176+00:00,75.8317,0.0168,96.3013,-0.0675,0.7648,0.0,1800.0,0.0,6.294
1139.5,2026-06-05T20:11:04.421638+00:00,75.8707,0.0129,96.3473,-0.0519,0.7648,0.0,1800.0,0.0,6.2971
1140.0,2026-06-05T20:11:04.927784+00:00,75.9006,0.0099,96.3826,-0.0399,0.7648,0.0,1800.0,0.0,6.2986
1140.5,2026-06-05T20:11:05.421499+00:00,76.0509,0.1349,96.4098,-0.0692,0.7648,0.0,1800.0,0.0,6.2993
1141.0,2026-06-05T20:11:05.921438+00:00,75.9118,0.04,96.4307,-0.0918,0.7648,0.0,1800.0,0.0,6.2997
1141.5,2026-06-05T20:11:06.421532+00:00,75.9322,0.0308,96.5624,0.0066,0.7648,0.0,1800.0,0.0,6.2998
1142.000014,2026-06-05T20:11:06.921976+00:00,75.9479,0.0237,96.548,0.0822,0.7648,0.0,1800.0,0.0,6.2999
1142.5,2026-06-05T20:11:07.427977+00:00,76.0872,0.0182,96.5369,0.0632,0.7648,0.0,1800.0,0.0,6.3
1143.0,2026-06-05T20:11:07.921197+00:00,75.8125,-0.0497,96.2969,-0.0286,0.7648,0.0,1800.0,0.0,6.3
1143.5,2026-06-05T20:11:08.421256+00:00,75.7286,-0.1018,96.1125,-0.0991,0.7648,0.0,1800.0,0.0,6.3
1144.0,2026-06-05T20:11:08.921286+00:00,75.6642,-0.1419,96.0865,-0.1147,0.7648,0.0,1800.0,0.0,6.3
1144.5,2026-06-05T20:11:09.421537+00:00,75.7419,-0.1727,96.0665,-0.1653,0.7648,0.0,1800.0,0.0,6.3
1145.0,2026-06-05T20:11:09.925891+00:00,75.8016,-0.0055,95.9354,-0.2042,0.7648,0.0,1800.0,0.0,6.3
1145.5,2026-06-05T20:11:10.423353+00:00,75.7202,-0.0042,95.9503,-0.1955,0.7648,0.0,1800.0,0.0,6.3
1146.0,2026-06-05T20:11:10.923958+00:00,75.9122,0.124,95.9618,-0.1117,0.7648,0.0,1800.0,0.0,6.3
1146.5,2026-06-05T20:11:11.421269+00:00,75.8053,0.0317,95.7393,-0.1244,0.7648,0.0,1800.0,0.0,6.3
1147.0,2026-06-05T20:11:11.923973+00:00,75.7231,-0.0393,95.9153,-0.0571,0.7648,0.0,1800.0,0.0,6.3
1147.5,2026-06-05T20:11:12.427740+00:00,75.7872,0.0335,95.9349,-0.0439,0.7648,0.0,1800.0,0.0,6.3
1148.0,2026-06-05T20:11:12.921384+00:00,75.9637,0.0257,96.0657,0.0434,0.7648,0.0,1800.0,0.0,6.3
1148.5,2026-06-05T20:11:13.421314+00:00,75.7175,-0.0439,96.143,0.0642,0.7648,0.0,1800.0,0.0,6.3
1149.0,2026-06-05T20:11:13.921248+00:00,75.6556,-0.0337,96.2256,0.0879,0.7648,0.0,1800.0,0.0,6.3
1149.5,2026-06-05T20:11:14.422012+00:00,75.4808,-0.1532,96.1734,0.1447,0.7648,0.0,1800.0,0.0,6.3
1150.0,2026-06-05T20:11:14.926540+00:00,75.4737,-0.245,96.249,0.1112,0.7648,0.0,1800.0,0.0,6.3
1150.5,2026-06-05T20:11:15.421469+00:00,75.3409,-0.1883,96.1914,0.0855,0.7648,0.0,1800.0,0.0,6.3
1151.0,2026-06-05T20:11:15.921237+00:00,75.2389,-0.2084,96.2628,0.0657,0.7648,0.0,1800.0,0.0,6.3
1151.5,2026-06-05T20:11:16.421255+00:00,75.415,-0.0329,96.3177,0.0582,0.7648,0.0,1800.0,0.0,6.3
1152.0,2026-06-05T20:11:16.921366+00:00,75.6776,0.102,96.4756,0.0833,0.7648,0.0,1800.0,0.0,6.3
1152.5,2026-06-05T20:11:17.427728+00:00,75.4977,0.0784,96.7126,0.1797,0.7648,0.0,1800.0,0.0,6.3
1153.0,2026-06-05T20:11:17.921708+00:00,75.7412,0.2512,96.7791,0.1767,0.7648,0.0,1800.0,0.0,6.3
1153.5,2026-06-05T20:11:18.421595+00:00,75.6738,0.1294,96.7145,0.1744,0.7648,0.0,1800.0,0.0,6.3
1154.0,2026-06-05T20:11:18.921244+00:00,75.7493,0.0358,96.5492,0.0955,0.7648,0.0,1800.0,0.0,6.3512
1154.5,2026-06-05T20:11:19.421211+00:00,75.5528,0.0275,96.4221,0.0348,0.7648,0.0,1800.0,0.0,6.3762
1155.0,2026-06-05T20:11:19.925777+00:00,75.529,-0.1061,96.4401,-0.0118,0.7648,0.0,1800.0,0.0,6.3884
1155.5,2026-06-05T20:11:20.421756+00:00,75.5107,-0.0816,96.454,-0.0862,0.7648,0.0,1800.0,0.0,6.3943
1156.0,2026-06-05T20:11:20.921314+00:00,75.3694,-0.19,96.4646,-0.1048,0.7648,0.0,1800.0,0.0,6.346
1156.5,2026-06-05T20:11:21.421197+00:00,75.5153,-0.0187,96.4728,-0.0806,0.7648,0.0,1800.0,0.0,6.3225
1157.0,2026-06-05T20:11:21.921180+00:00,75.5002,-0.0144,96.5948,0.0152,0.7648,0.0,1800.0,0.0,6.311
1157.5,2026-06-05T20:11:22.426127+00:00,75.6159,0.0526,96.5729,0.0503,0.7648,0.0,1800.0,0.0,6.3053
1158.0,2026-06-05T20:11:22.921226+00:00,75.832,0.2313,96.556,0.0386,0.7648,0.0,1800.0,0.0,6.3538
1158.5,2026-06-05T20:11:23.421265+00:00,75.8709,0.1778,96.543,0.0297,0.7648,0.0,1800.0,0.0,6.3263
1159.0,2026-06-05T20:11:23.921203+00:00,75.9008,0.2003,96.4174,-0.0157,0.7648,0.0,1800.0,0.0,6.3128
1159.5,2026-06-05T20:11:24.421438+00:00,76.051,0.2176,96.5522,0.0265,0.7648,0.0,1800.0,0.0,6.3063
1160.0,2026-06-05T20:11:24.926507+00:00,76.1665,0.1672,96.4244,-0.0568,0.7648,0.0,1800.0,0.0,6.3031
1160.5,2026-06-05T20:11:25.422310+00:00,75.8734,0.0013,96.5576,-0.0051,0.7648,0.0,1800.0,0.0,6.3015
1161.0,2026-06-05T20:11:25.921291+00:00,75.9027,0.001,96.5443,-0.0039,0.7648,0.0,1800.0,0.0,6.3007
1161.5,2026-06-05T20:11:26.421688+00:00,75.6707,-0.1902,96.534,-0.003,0.7648,0.0,1800.0,0.0,6.3004
1162.001464,2026-06-05T20:11:26.922708+00:00,75.7469,-0.2098,96.6419,0.0748,0.7648,0.0,1800.0,0.0,6.3002
1162.5,2026-06-05T20:11:27.428392+00:00,75.9327,0.0297,96.5859,0.0112,0.7648,0.0,1800.0,0.0,6.3001
1163.0,2026-06-05T20:11:27.921223+00:00,75.9483,0.0228,96.3346,-0.0299,0.7648,0.0,1800.0,0.0,6.3
1163.5,2026-06-05T20:11:28.421200+00:00,76.0875,0.2084,96.3729,-0.0616,0.7648,0.0,1800.0,0.0,6.3
1164.0,2026-06-05T20:11:28.921204+00:00,76.1945,0.2238,96.3792,-0.055,0.7648,0.0,1800.0,0.0,6.3
1164.5,2026-06-05T20:11:29.421194+00:00,76.1495,0.1084,96.4071,-0.0423,0.7648,0.0,1800.0,0.0,6.3
1165.0,2026-06-05T20:11:29.926622+00:00,75.8604,-0.044,96.4286,-0.0711,0.7648,0.0,1800.0,0.0,6.3
1165.5,2026-06-05T20:11:30.421296+00:00,75.8927,-0.0974,96.3294,-0.0855,0.7648,0.0,1800.0,0.0,6.3
1166.0,2026-06-05T20:11:30.921195+00:00,76.0448,-0.0749,96.3689,0.0114,0.7648,0.0,1800.0,0.0,6.3
1166.5,2026-06-05T20:11:31.421532+00:00,76.1617,0.0061,96.1678,-0.0683,0.7648,0.0,1800.0,0.0,6.2488
1167.0,2026-06-05T20:11:31.921202+00:00,76.1243,0.1319,96.129,-0.0834,0.7648,0.0,1800.0,0.0,6.2238
1167.5,2026-06-05T20:11:32.427152+00:00,76.0955,0.1014,96.2148,-0.0641,0.7648,0.0,1800.0,0.0,6.2116
1168.0,2026-06-05T20:11:32.921237+00:00,76.0734,0.0143,96.2808,-0.0493,0.7648,0.0,1800.0,0.0,6.3081
1168.5,2026-06-05T20:11:33.421558+00:00,76.1837,0.011,96.4472,0.0393,0.7648,0.0,1800.0,0.0,6.3039
1169.0,2026-06-05T20:11:33.921211+00:00,76.1412,0.0085,96.4826,0.0379,0.7648,0.0,1800.0,0.0,6.3019
1169.5,2026-06-05T20:11:34.421234+00:00,76.2358,0.0701,96.2552,0.0291,0.7648,0.0,1800.0,0.0,6.3009
1170.0,2026-06-05T20:11:34.926122+00:00,76.054,-0.0097,96.3119,0.061,0.7648,0.0,1800.0,0.0,6.3005
1170.5,2026-06-05T20:11:35.421542+00:00,76.1687,-0.0075,96.4711,0.0854,0.7648,0.0,1800.0,0.0,6.3514
1171.000001,2026-06-05T20:11:35.921418+00:00,76.257,0.0579,96.2464,-0.0115,0.7648,0.0,1800.0,0.0,6.3251
1171.5,2026-06-05T20:11:36.421639+00:00,76.1975,-0.0191,96.1662,-0.0937,0.7648,0.0,1800.0,0.0,6.3122
1172.0,2026-06-05T20:11:36.921862+00:00,76.2791,0.1126,96.1278,-0.1183,0.7648,0.0,1800.0,0.0,6.306
1172.5,2026-06-05T20:11:37.427378+00:00,76.2145,0.0229,96.3296,0.0248,0.7648,0.0,1800.0,0.0,6.3029
1173.0,2026-06-05T20:11:37.921255+00:00,76.1649,-0.0461,96.369,0.0191,0.7648,0.0,1800.0,0.0,6.3526
1173.5,2026-06-05T20:11:38.421346+00:00,76.1267,-0.0354,96.515,0.0146,0.7648,0.0,1800.0,0.0,6.3769
1174.0,2026-06-05T20:11:38.921294+00:00,75.8429,-0.2181,96.3959,0.0498,0.7648,0.0,1800.0,0.0,6.3375
1174.5,2026-06-05T20:11:39.421213+00:00,75.8792,-0.1676,96.5357,0.1231,0.7648,0.0,1800.0,0.0,6.3183
1175.0,2026-06-05T20:11:39.925621+00:00,75.7799,-0.1925,96.4117,0.0946,0.7648,0.0,1800.0,0.0,6.3601
1175.5,2026-06-05T20:11:40.421214+00:00,75.8308,-0.1479,96.3164,-0.0044,0.7648,0.0,1800.0,0.0,6.3293
1176.0,2026-06-05T20:11:40.921342+00:00,75.9972,0.0772,96.3589,-0.0034,0.7648,0.0,1800.0,0.0,6.3143
1176.5,2026-06-05T20:11:41.421426+00:00,75.6161,-0.1316,96.1602,-0.1183,0.7648,0.0,1800.0,0.0,6.307
1177.0,2026-06-05T20:11:41.921189+00:00,75.5776,-0.1011,96.2388,-0.0524,0.7648,0.0,1800.0,0.0,6.3034
1177.5,2026-06-05T20:11:42.429179+00:00,75.4208,-0.205,96.1835,-0.1174,0.7648,0.0,1800.0,0.0,6.3017
1178.0,2026-06-05T20:11:42.921428+00:00,75.6821,-0.1576,96.0254,-0.1288,0.7648,0.0,1800.0,0.0,6.352
1178.5,2026-06-05T20:11:43.421172+00:00,75.6284,0.0062,96.3666,0.0167,0.7648,0.0,1800.0,0.0,6.3254
1179.0,2026-06-05T20:11:43.921266+00:00,75.4599,-0.0589,96.2818,-0.0257,0.7648,0.0,1800.0,0.0,6.3124
1179.5,2026-06-05T20:11:44.421564+00:00,75.7121,0.1456,96.3323,0.0574,0.7648,0.0,1800.0,0.0,6.306
1180.0,2026-06-05T20:11:44.926098+00:00,75.7787,0.0483,96.3711,0.0441,0.7648,0.0,1800.0,0.0,6.3029
1180.5,2026-06-05T20:11:45.421260+00:00,75.7027,0.0371,96.2852,0.0339,0.7648,0.0,1800.0,0.0,6.3014
1181.0,2026-06-05T20:11:45.921617+00:00,75.8987,0.2194,96.4506,0.1417,0.7648,0.0,1800.0,0.0,6.3007
1181.5,2026-06-05T20:11:46.421723+00:00,75.7949,0.0414,96.462,0.0318,0.7648,0.0,1800.0,0.0,6.3003
1182.0,2026-06-05T20:11:46.921201+00:00,75.8424,0.0318,96.4708,0.063,0.7648,0.0,1800.0,0.0,6.3002
1182.5,2026-06-05T20:11:47.425768+00:00,75.8788,0.0881,96.3387,0.0022,0.7648,0.0,1800.0,0.0,6.3001
1183.0,2026-06-05T20:11:47.921172+00:00,75.7796,-0.0596,96.3761,0.0017,0.7648,0.0,1800.0,0.0,6.3
1183.5,2026-06-05T20:11:48.421312+00:00,76.0851,0.1451,96.4047,0.0398,0.7648,0.0,1800.0,0.0,6.3
1184.0,2026-06-05T20:11:48.921316+00:00,75.9382,0.0479,96.3111,-0.0465,0.7648,0.0,1800.0,0.0,6.3
1184.5,2026-06-05T20:11:49.421179+00:00,75.9525,0.0368,96.3317,-0.0435,0.7648,0.0,1800.0,0.0,6.3
1185.0,2026-06-05T20:11:49.925969+00:00,75.9635,0.0919,96.2549,-0.072,0.7648,0.0,1800.0,0.0,6.3
1185.5,2026-06-05T20:11:50.421489+00:00,75.9719,-0.0566,96.1959,-0.0476,0.7648,0.0,1800.0,0.0,6.3
1186.0,2026-06-05T20:11:50.921215+00:00,75.9784,0.0201,95.896,-0.16,0.7648,0.0,1800.0,0.0,6.3
1186.5,2026-06-05T20:11:51.421230+00:00,75.8561,-0.0482,95.9201,-0.1615,0.7648,0.0,1800.0,0.0,6.3
1187.0,2026-06-05T20:11:51.921251+00:00,76.0167,0.0266,95.7998,-0.1704,0.7648,0.0,1800.0,0.0,6.3
1187.5,2026-06-05T20:11:52.426178+00:00,76.0128,0.0205,95.8461,-0.1619,0.7648,0.0,1800.0,0.0,6.3
1188.0,2026-06-05T20:11:52.921203+00:00,76.0099,0.0157,95.9974,-0.0858,0.7648,0.0,1800.0,0.0,6.3
1188.5,2026-06-05T20:11:53.421296+00:00,76.0076,0.0757,95.8823,-0.1045,0.7648,0.0,1800.0,0.0,6.3
1189.0,2026-06-05T20:11:53.921167+00:00,76.0058,-0.0054,95.9095,0.0045,0.7648,0.0,1800.0,0.0,6.3
1189.5,2026-06-05T20:11:54.421222+00:00,76.0045,-0.0042,96.0462,0.042,0.7648,0.0,1800.0,0.0,6.3
1190.0,2026-06-05T20:11:54.926743+00:00,75.8762,-0.0668,95.9198,0.04,0.7648,0.0,1800.0,0.0,6.3
1190.5,2026-06-05T20:11:55.422072+00:00,76.0321,0.0123,96.054,0.0693,0.7648,0.0,1800.0,0.0,6.3
1191.0,2026-06-05T20:11:55.921285+00:00,76.1519,0.0731,96.1572,0.0533,0.7648,0.0,1800.0,0.0,6.3
1191.5,2026-06-05T20:11:56.421506+00:00,76.3713,0.1834,96.1209,0.0795,0.7648,0.0,1800.0,0.0,6.2488
1192.0,2026-06-05T20:11:56.921660+00:00,76.2854,0.2046,96.2086,0.0997,0.7648,0.0,1800.0,0.0,6.2238
1192.5,2026-06-05T20:11:57.426964+00:00,76.2194,0.0936,96.276,0.0766,0.7648,0.0,1800.0,0.0,6.2116
1193.0,2026-06-05T20:11:57.922486+00:00,76.2959,0.072,96.0965,0.0589,0.7648,0.0,1800.0,0.0,6.3081
1193.5,2026-06-05T20:11:58.421243+00:00,76.3547,-0.0083,96.3055,0.0838,0.7648,0.0,1800.0,0.0,6.3551
1194.0,2026-06-05T20:11:58.921306+00:00,76.2726,-0.0064,96.3505,0.0644,0.7648,0.0,1800.0,0.0,6.3781
1194.5,2026-06-05T20:11:59.421849+00:00,76.3368,0.0587,96.3851,0.0881,0.7648,0.0,1800.0,0.0,6.3893
1195.0,2026-06-05T20:11:59.926682+00:00,76.3861,0.0451,96.296,0.0291,0.7648,0.0,1800.0,0.0,6.3948
1195.5,2026-06-05T20:12:00.421193+00:00,76.2968,-0.0289,96.3432,0.0224,0.7648,0.0,1800.0,0.0,6.3463
1196.0,2026-06-05T20:12:00.921245+00:00,76.3554,0.0414,96.1249,0.0095,0.7648,0.0,1800.0,0.0,6.3226
1196.5,2026-06-05T20:12:01.424579+00:00,76.1459,-0.0955,96.096,-0.0698,0.7648,0.0,1800.0,0.0,6.311
1197.0,2026-06-05T20:12:01.922729+00:00,76.2394,-0.0734,96.0738,-0.0922,0.7648,0.0,1800.0,0.0,6.3054
1197.5,2026-06-05T20:12:02.426337+00:00,76.184,-0.0564,95.8253,-0.1866,0.7648,0.0,1800.0,0.0,6.3026
1198.0,2026-06-05T20:12:02.921210+00:00,76.2687,-0.0433,95.7501,-0.182,0.7648,0.0,1800.0,0.0,6.3013
1198.5,2026-06-05T20:12:03.421187+00:00,76.3338,0.094,95.8079,-0.1784,0.7648,0.0,1800.0,0.0,6.3006
1199.0,2026-06-05T20:12:03.921227+00:00,76.2565,0.0086,95.968,-0.0523,0.7648,0.0,1800.0,0.0,6.3003
1199.5,2026-06-05T20:12:04.421203+00:00,76.3245,0.0702,95.9754,-0.0402,0.7648,0.0,1800.0,0.0,6.3001
1200.0,2026-06-05T20:12:04.926361+00:00,75.9948,-0.1369,96.0968,0.0077,0.7648,0.0,1800.0,0.0,6.3001
1200.5,2026-06-05T20:12:05.421199+00:00,75.996,-0.1689,96.1901,0.1216,0.7648,0.0,1800.0,0.0,6.3
1201.0,2026-06-05T20:12:05.922289+00:00,75.9969,-0.1298,96.2618,0.1706,0.7648,0.0,1800.0,0.0,6.3
1201.5,2026-06-05T20:12:06.422693+00:00,75.9977,-0.1634,96.3169,0.1697,0.7648,0.0,1800.0,0.0,6.3
1202.0,2026-06-05T20:12:06.921247+00:00,75.9982,0.0017,96.475,0.169,0.7648,0.0,1800.0,0.0,6.3
1202.5,2026-06-05T20:12:07.429283+00:00,76.1259,0.0649,96.5965,0.207,0.7648,0.0,1800.0,0.0,6.3
1203.0,2026-06-05T20:12:07.921235+00:00,76.224,0.1135,96.4585,0.1205,0.7648,0.0,1800.0,0.0,6.3
1203.5,2026-06-05T20:12:08.421685+00:00,76.2995,0.1509,96.2367,0.0155,0.7648,0.0,1800.0,0.0,6.3
1204.0,2026-06-05T20:12:08.921215+00:00,76.3574,0.1796,96.0662,-0.0652,0.7648,0.0,1800.0,0.0,6.3512
1204.5,2026-06-05T20:12:09.421290+00:00,76.402,0.1381,96.0509,-0.0887,0.7648,0.0,1800.0,0.0,6.3762
1205.0,2026-06-05T20:12:09.927137+00:00,76.309,0.0425,95.9234,-0.1839,0.7648,0.0,1800.0,0.0,6.3884
1205.5,2026-06-05T20:12:10.421365+00:00,76.3647,0.0326,96.0568,-0.1799,0.7648,0.0,1800.0,0.0,6.3943
1206.0,2026-06-05T20:12:10.921355+00:00,76.2803,-0.0385,96.0437,-0.1383,0.7648,0.0,1800.0,0.0,6.3972
1206.5,2026-06-05T20:12:11.421637+00:00,76.47,0.034,95.9179,-0.1063,0.7648,0.0,1800.0,0.0,6.3986
1207.0,2026-06-05T20:12:11.922969+00:00,76.3613,0.0261,95.9137,-0.0508,0.7648,0.0,1800.0,0.0,6.3993
1207.5,2026-06-05T20:12:12.428866+00:00,76.4049,0.0201,95.9337,-0.0391,0.7648,0.0,1800.0,0.0,6.3997
1208.0,2026-06-05T20:12:12.922567+00:00,76.4385,0.0791,96.0647,0.0471,0.7648,0.0,1800.0,0.0,6.3998
1208.5,2026-06-05T20:12:13.421274+00:00,76.4643,-0.0029,96.0498,-0.0024,0.7648,0.0,1800.0,0.0,6.3999
1209.0,2026-06-05T20:12:13.921200+00:00,76.6114,0.1251,96.1539,0.0368,0.7648,0.0,1800.0,0.0,6.4
1209.5,2026-06-05T20:12:14.421465+00:00,76.4699,0.0325,96.3497,0.1439,0.7648,0.0,1800.0,0.0,6.4
1210.0,2026-06-05T20:12:14.925267+00:00,76.2339,-0.1023,96.5002,0.1955,0.7648,0.0,1800.0,0.0,6.4
1210.5,2026-06-05T20:12:15.421178+00:00,76.1798,-0.1423,96.5002,0.1888,0.7648,0.0,1800.0,0.0,6.3488
1211.0,2026-06-05T20:12:15.921392+00:00,76.0109,-0.3002,96.5001,0.1451,0.7648,0.0,1800.0,0.0,6.3238
1211.5,2026-06-05T20:12:16.421335+00:00,76.2629,-0.1035,96.6158,0.1887,0.7648,0.0,1800.0,0.0,6.3116
1212.0,2026-06-05T20:12:16.921402+00:00,76.3294,0.0477,96.4733,0.1065,0.7648,0.0,1800.0,0.0,6.3057
1212.5,2026-06-05T20:12:17.428566+00:00,76.5077,0.1639,96.2481,-0.0339,0.7648,0.0,1800.0,0.0,6.3028
1213.0,2026-06-05T20:12:17.921439+00:00,76.3902,0.1896,96.3064,-0.0646,0.7648,0.0,1800.0,0.0,6.3526
1213.5,2026-06-05T20:12:18.421201+00:00,76.4272,0.0821,96.2355,-0.0882,0.7648,0.0,1800.0,0.0,6.3768
1214.0,2026-06-05T20:12:18.921271+00:00,76.5829,0.1268,96.2967,-0.0678,0.7648,0.0,1800.0,0.0,6.3887
1214.5,2026-06-05T20:12:19.421789+00:00,76.7025,0.0974,96.1123,-0.1678,0.7648,0.0,1800.0,0.0,6.3945
1215.0,2026-06-05T20:12:19.929186+00:00,76.6672,0.1385,96.202,-0.0904,0.7648,0.0,1800.0,0.0,6.3973
1215.5,2026-06-05T20:12:20.421195+00:00,76.6401,0.1065,96.271,0.0076,0.7648,0.0,1800.0,0.0,6.3475
1216.0,2026-06-05T20:12:20.921309+00:00,76.6193,0.0182,96.324,0.0059,0.7648,0.0,1800.0,0.0,6.3232
1216.5,2026-06-05T20:12:21.421635+00:00,76.6032,-0.0497,96.3647,0.0431,0.7648,0.0,1800.0,0.0,6.3113
1217.000181,2026-06-05T20:12:21.921957+00:00,76.3364,-0.1654,96.396,0.0331,0.7648,0.0,1800.0,0.0,6.3055
1217.5,2026-06-05T20:12:22.427618+00:00,76.3858,-0.1272,96.5358,0.1411,0.7648,0.0,1800.0,0.0,6.3027
1218.0,2026-06-05T20:12:22.921247+00:00,76.5511,-0.0341,96.6432,0.1471,0.7648,0.0,1800.0,0.0,6.3013
1218.5,2026-06-05T20:12:23.421219+00:00,76.6781,0.0374,96.6101,0.113,0.7648,0.0,1800.0,0.0,6.3006
1219.0,2026-06-05T20:12:23.921199+00:00,76.5212,0.0924,96.5615,0.0792,0.7648,0.0,1800.0,0.0,6.3003
1219.5,2026-06-05T20:12:24.421235+00:00,76.5279,0.071,96.6629,0.0994,0.7648,0.0,1800.0,0.0,6.3002
1220.0,2026-06-05T20:12:24.927631+00:00,76.533,-0.009,96.7409,0.115,0.7648,0.0,1800.0,0.0,6.3001
1220.5,2026-06-05T20:12:25.421529+00:00,76.4096,-0.1342,96.8009,0.0884,0.7648,0.0,1800.0,0.0,6.3
1221.0,2026-06-05T20:12:25.921549+00:00,76.4421,-0.0395,96.7313,0.0294,0.7648,0.0,1800.0,0.0,6.3
1221.5,2026-06-05T20:12:26.421335+00:00,76.4671,-0.0304,96.7934,0.0611,0.7648,0.0,1800.0,0.0,6.3
1222.0,2026-06-05T20:12:26.921416+00:00,76.7408,0.1039,96.4941,-0.0224,0.7648,0.0,1800.0,0.0,6.3
1222.5,2026-06-05T20:12:27.428737+00:00,76.6967,0.1435,96.4955,-0.0558,0.7648,0.0,1800.0,0.0,6.3
1223.0,2026-06-05T20:12:27.921306+00:00,76.6627,0.1103,96.7279,-0.0043,0.7648,0.0,1800.0,0.0,6.3512
1223.5,2026-06-05T20:12:28.421736+00:00,76.7639,0.1484,96.6752,-0.0419,0.7648,0.0,1800.0,0.0,6.3762
1224.0,2026-06-05T20:12:28.921244+00:00,76.7144,-0.0132,96.519,-0.0708,0.7648,0.0,1800.0,0.0,6.3372
1224.5,2026-06-05T20:12:29.421201+00:00,76.5491,-0.0738,96.3989,-0.1315,0.7648,0.0,1800.0,0.0,6.3181
1225.0,2026-06-05T20:12:29.927387+00:00,76.422,-0.1203,96.4223,-0.024,0.7648,0.0,1800.0,0.0,6.3089
1225.5,2026-06-05T20:12:30.421177+00:00,76.4516,-0.1561,96.4403,-0.0184,0.7648,0.0,1800.0,0.0,6.3043
1226.0,2026-06-05T20:12:30.921198+00:00,76.3471,-0.1836,96.2227,-0.1684,0.7648,0.0,1800.0,0.0,6.3021
1226.5,2026-06-05T20:12:31.421224+00:00,76.2668,-0.1411,96.0555,-0.2066,0.7648,0.0,1800.0,0.0,6.301
1227.0,2026-06-05T20:12:31.921193+00:00,76.2051,-0.1085,96.0426,-0.1588,0.7648,0.0,1800.0,0.0,6.3517
1227.5,2026-06-05T20:12:32.429015+00:00,76.1576,-0.147,96.1485,-0.0835,0.7648,0.0,1800.0,0.0,6.3764
1228.0,2026-06-05T20:12:32.921211+00:00,76.2484,-0.0494,96.1141,-0.1027,0.7648,0.0,1800.0,0.0,6.3885
1228.5,2026-06-05T20:12:33.421224+00:00,76.3182,0.0257,96.3191,-0.0404,0.7648,0.0,1800.0,0.0,6.3944
1229.0,2026-06-05T20:12:33.921630+00:00,76.3718,0.0834,96.361,0.0461,0.7648,0.0,1800.0,0.0,6.3973
1229.5,2026-06-05T20:12:34.422117+00:00,76.5403,0.1914,96.3931,0.1126,0.7648,0.0,1800.0,0.0,6.3987
1230.0,2026-06-05T20:12:34.926306+00:00,76.6698,0.2107,96.4179,0.1251,0.7648,0.0,1800.0,0.0,6.3993
1230.5,2026-06-05T20:12:35.421737+00:00,76.5148,0.0983,96.5526,0.1347,0.7648,0.0,1800.0,0.0,6.3997
1231.0,2026-06-05T20:12:35.921690+00:00,76.6502,0.1392,96.5404,0.1421,0.7648,0.0,1800.0,0.0,6.3486
1231.5,2026-06-05T20:12:36.422125+00:00,76.627,0.0434,96.7625,0.1478,0.7648,0.0,1800.0,0.0,6.3237
1232.0,2026-06-05T20:12:36.921950+00:00,76.6092,-0.0303,96.8174,0.1522,0.7648,0.0,1800.0,0.0,6.3116
1232.500576,2026-06-05T20:12:37.430495+00:00,76.5955,0.0403,96.5126,0.0398,0.7648,0.0,1800.0,0.0,6.3057
1233.000139,2026-06-05T20:12:37.921456+00:00,76.585,-0.0326,96.6254,0.0692,0.7648,0.0,1800.0,0.0,6.354
1233.5,2026-06-05T20:12:38.421352+00:00,76.7042,0.0386,96.4575,-0.0317,0.7648,0.0,1800.0,0.0,6.3263
1234.0,2026-06-05T20:12:38.921206+00:00,76.6685,0.0296,96.2359,-0.1015,0.7648,0.0,1800.0,0.0,6.3128
1234.5,2026-06-05T20:12:39.421191+00:00,76.6411,0.0228,96.297,-0.1551,0.7648,0.0,1800.0,0.0,6.3575
1235.0,2026-06-05T20:12:39.926374+00:00,76.7473,0.0811,96.344,-0.1578,0.7648,0.0,1800.0,0.0,6.3792
1235.5,2026-06-05T20:12:40.421305+00:00,76.4471,-0.1285,96.3801,-0.0442,0.7648,0.0,1800.0,0.0,6.3387
1236.0,2026-06-05T20:12:40.921194+00:00,76.2164,-0.2261,96.5235,-0.0339,0.7648,0.0,1800.0,0.0,6.3189
1236.5,2026-06-05T20:12:41.421572+00:00,76.4208,-0.1101,96.4024,-0.0184,0.7648,0.0,1800.0,0.0,6.3092
1237.0,2026-06-05T20:12:41.922023+00:00,76.578,-0.0846,96.5407,0.1016,0.7648,0.0,1800.0,0.0,6.3045
1237.5,2026-06-05T20:12:42.426614+00:00,76.5715,0.0622,96.647,0.1166,0.7648,0.0,1800.0,0.0,6.3022
1238.0,2026-06-05T20:12:42.922865+00:00,76.5665,0.1751,96.613,0.0897,0.7648,0.0,1800.0,0.0,6.3523
1238.5,2026-06-05T20:12:43.421521+00:00,76.5627,0.0709,96.448,0.0226,0.7648,0.0,1800.0,0.0,6.3767
1239.0,2026-06-05T20:12:43.922047+00:00,76.5598,-0.0091,96.5757,0.0174,0.7648,0.0,1800.0,0.0,6.3886
1239.5,2026-06-05T20:12:44.421282+00:00,76.5575,-0.007,96.5582,0.0519,0.7648,0.0,1800.0,0.0,6.3945
1240.0,2026-06-05T20:12:44.926789+00:00,76.683,0.0583,96.6604,0.0399,0.7648,0.0,1800.0,0.0,6.3973
1240.5,2026-06-05T20:12:45.421714+00:00,76.6523,0.0448,96.5076,-0.0465,0.7648,0.0,1800.0,0.0,6.3987
1241.0,2026-06-05T20:12:45.921251+00:00,76.7559,0.098,96.3901,-0.0743,0.7648,0.0,1800.0,0.0,6.3994
1241.5,2026-06-05T20:12:46.421198+00:00,76.8355,0.139,96.2999,-0.0494,0.7648,0.0,1800.0,0.0,6.3485
1242.0,2026-06-05T20:12:46.921170+00:00,76.7694,0.0432,96.4619,-0.0379,0.7648,0.0,1800.0,0.0,6.3237
1242.5,2026-06-05T20:12:47.427549+00:00,76.8459,0.0968,96.4707,-0.0292,0.7648,0.0,1800.0,0.0,6.3115
1243.0,2026-06-05T20:12:47.921193+00:00,76.9047,0.0744,96.4775,-0.061,0.7648,0.0,1800.0,0.0,6.3056
1243.5,2026-06-05T20:12:48.421180+00:00,77.0772,0.1208,96.5984,0.0303,0.7648,0.0,1800.0,0.0,6.3027
1244.0,2026-06-05T20:12:48.921392+00:00,76.8279,0.0292,96.6913,0.1004,0.7648,0.0,1800.0,0.0,6.3013
1244.5,2026-06-05T20:12:49.421183+00:00,76.8909,0.0225,96.6471,0.1157,0.7648,0.0,1800.0,0.0,6.3007
1245.0,2026-06-05T20:12:49.926054+00:00,76.9393,0.0173,96.613,0.0504,0.7648,0.0,1800.0,0.0,6.3003
1245.5,2026-06-05T20:12:50.421624+00:00,76.8492,-0.114,96.5869,0.0387,0.7648,0.0,1800.0,0.0,6.3002
1246.0,2026-06-05T20:12:50.921205+00:00,76.78,-0.024,96.5668,0.0298,0.7648,0.0,1800.0,0.0,6.3001
1246.5,2026-06-05T20:12:51.421460+00:00,76.7267,-0.0821,96.667,0.0229,0.7648,0.0,1800.0,0.0,6.3
1247.0,2026-06-05T20:12:51.921253+00:00,76.6858,-0.1267,96.397,-0.0981,0.7648,0.0,1800.0,0.0,6.3
1247.5,2026-06-05T20:12:52.427332+00:00,76.6544,-0.0974,96.3051,-0.114,0.7648,0.0,1800.0,0.0,6.3
1248.0,2026-06-05T20:12:52.921505+00:00,76.503,-0.1385,96.3502,-0.0876,0.7648,0.0,1800.0,0.0,6.3
1248.5,2026-06-05T20:12:53.421292+00:00,76.6411,-0.0428,96.5006,-0.0288,0.7648,0.0,1800.0,0.0,6.3
1249.0,2026-06-05T20:12:53.921727+00:00,76.7473,0.0307,96.5004,-0.0221,0.7648,0.0,1800.0,0.0,6.3
1249.5,2026-06-05T20:12:54.421285+00:00,76.7017,0.0236,96.616,-0.017,0.7648,0.0,1800.0,0.0,6.3
1250.0,2026-06-05T20:12:54.930160+00:00,76.6666,0.0818,96.8206,0.1412,0.7648,0.0,1800.0,0.0,6.3
1250.5,2026-06-05T20:12:55.421318+00:00,76.7669,0.0629,96.8621,0.1857,0.7648,0.0,1800.0,0.0,6.3
1251.0,2026-06-05T20:12:55.921167+00:00,76.5894,-0.079,96.6626,0.1041,0.7648,0.0,1800.0,0.0,6.3
1251.5,2026-06-05T20:12:56.421270+00:00,76.5803,-0.0607,96.625,0.0415,0.7648,0.0,1800.0,0.0,6.3
1252.0,2026-06-05T20:12:56.921269+00:00,76.7006,0.017,96.5961,0.0319,0.7648,0.0,1800.0,0.0,6.3
1252.5,2026-06-05T20:12:57.427348+00:00,76.793,0.0131,96.6895,0.0245,0.7648,0.0,1800.0,0.0,6.3
1253.0,2026-06-05T20:12:57.921205+00:00,76.7368,0.0737,96.6457,-0.0583,0.7648,0.0,1800.0,0.0,6.3
1253.5,2026-06-05T20:12:58.421559+00:00,76.6935,0.0566,96.7277,-0.0448,0.7648,0.0,1800.0,0.0,6.3
1254.000001,2026-06-05T20:12:58.921309+00:00,76.7876,0.0435,96.7907,0.0427,0.7648,0.0,1800.0,0.0,6.3
1254.5,2026-06-05T20:12:59.421449+00:00,76.7326,-0.0302,96.7234,0.0328,0.7648,0.0,1800.0,0.0,6.3
1255.0,2026-06-05T20:12:59.926335+00:00,76.6904,-0.0232,96.6717,0.0252,0.7648,0.0,1800.0,0.0,6.3512
1255.5,2026-06-05T20:13:00.421803+00:00,76.7851,0.0458,96.7477,0.0194,0.7648,0.0,1800.0,0.0,6.3762
1256.0,2026-06-05T20:13:00.921255+00:00,76.7307,-0.0284,96.6904,0.0149,0.7648,0.0,1800.0,0.0,6.3372
1256.5,2026-06-05T20:13:01.421177+00:00,76.8162,0.0418,96.762,0.0115,0.7648,0.0,1800.0,0.0,6.3181
1257.0,2026-06-05T20:13:01.921243+00:00,76.6273,-0.0315,96.47,-0.1069,0.7648,0.0,1800.0,0.0,6.3089
1257.5,2026-06-05T20:13:02.426935+00:00,76.4822,-0.1515,96.4769,-0.0822,0.7648,0.0,1800.0,0.0,6.3043
1258.0,2026-06-05T20:13:02.922643+00:00,76.6251,-0.0528,96.7137,0.014,0.7648,0.0,1800.0,0.0,6.3021
1258.5,2026-06-05T20:13:03.421571+00:00,76.6077,-0.1042,96.6642,-0.0278,0.7648,0.0,1800.0,0.0,6.301
1259.0,2026-06-05T20:13:03.921161+00:00,76.7217,0.0472,96.6262,-0.0214,0.7648,0.0,1800.0,0.0,6.3005
1259.5,2026-06-05T20:13:04.421195+00:00,76.4274,-0.0274,96.7127,-0.0164,0.7648,0.0,1800.0,0.0,6.3002
1260.0,2026-06-05T20:13:04.930517+00:00,76.4558,-0.0847,96.7792,0.1031,0.7648,0.0,1800.0,0.0,6.3001
1260.5,2026-06-05T20:13:05.421373+00:00,76.6048,-0.0015,96.7146,0.0792,0.7648,0.0,1800.0,0.0,6.3001
1261.0,2026-06-05T20:13:05.921515+00:00,76.7194,-0.0011,96.8963,0.0609,0.7648,0.0,1800.0,0.0,6.3
1261.5,2026-06-05T20:13:06.421235+00:00,76.8075,0.19,96.8046,0.0468,0.7648,0.0,1800.0,0.0,6.3
1262.0,2026-06-05T20:13:06.921271+00:00,76.7479,0.1461,96.7341,0.036,0.7648,0.0,1800.0,0.0,6.3
1262.500137,2026-06-05T20:13:07.427877+00:00,76.8294,0.1123,96.68,-0.0109,0.7648,0.0,1800.0,0.0,6.3
1263.0,2026-06-05T20:13:07.921204+00:00,76.892,0.0863,96.6383,-0.047,0.7648,0.0,1800.0,0.0,6.3
1263.5,2026-06-05T20:13:08.421736+00:00,76.9401,0.0663,96.6294,-0.0284,0.7648,0.0,1800.0,0.0,6.3
1264.0,2026-06-05T20:13:08.921188+00:00,76.8499,0.051,96.5995,-0.0989,0.7648,0.0,1800.0,0.0,6.3
1264.5,2026-06-05T20:13:09.421193+00:00,76.9077,0.0392,96.4608,-0.1146,0.7648,0.0,1800.0,0.0,6.3
1265.0,2026-06-05T20:13:09.925415+00:00,76.9522,0.0301,96.3541,-0.1267,0.7648,0.0,1800.0,0.0,6.3
1265.5,2026-06-05T20:13:10.421170+00:00,76.9864,0.0231,96.2722,-0.1359,0.7648,0.0,1800.0,0.0,6.3
1266.0,2026-06-05T20:13:10.921411+00:00,77.0127,0.0814,96.3249,-0.1045,0.7648,0.0,1800.0,0.0,6.3
1266.5,2026-06-05T20:13:11.421325+00:00,76.9056,-0.0011,96.3654,-0.088,0.7648,0.0,1800.0,0.0,6.3
1267.0,2026-06-05T20:13:11.921171+00:00,76.9506,-0.0008,96.2809,-0.1062,0.7648,0.0,1800.0,0.0,6.3
1267.5,2026-06-05T20:13:12.429193+00:00,76.8579,-0.0643,96.3316,-0.0431,0.7648,0.0,1800.0,0.0,6.2488
1268.0,2026-06-05T20:13:12.921615+00:00,76.9139,-0.0494,96.3705,0.0055,0.7648,0.0,1800.0,0.0,6.275
1268.5,2026-06-05T20:13:13.421295+00:00,76.957,0.0257,96.2848,0.0042,0.7648,0.0,1800.0,0.0,6.2878
1269.0,2026-06-05T20:13:13.921778+00:00,76.8628,-0.0439,96.1032,-0.0739,0.7648,0.0,1800.0,0.0,6.294
1269.5,2026-06-05T20:13:14.421273+00:00,76.9177,0.0299,96.0793,-0.0954,0.7648,0.0,1800.0,0.0,6.2971
1270.0,2026-06-05T20:13:14.925857+00:00,76.9599,0.023,96.1767,-0.0347,0.7648,0.0,1800.0,0.0,6.2986
1270.5,2026-06-05T20:13:15.421290+00:00,76.9923,0.0177,96.0201,-0.1038,0.7648,0.0,1800.0,0.0,6.3505
1271.0,2026-06-05T20:13:15.921606+00:00,77.0172,0.0772,96.1311,-0.0798,0.7648,0.0,1800.0,0.0,6.3758
1271.5,2026-06-05T20:13:16.422923+00:00,76.9091,-0.0043,96.1008,-0.0613,0.7648,0.0,1800.0,0.0,6.3882
1272.001561,2026-06-05T20:13:16.923433+00:00,76.9533,-0.0033,96.3089,0.0686,0.7648,0.0,1800.0,0.0,6.3942
1272.5,2026-06-05T20:13:17.426801+00:00,76.7327,-0.1298,96.3531,0.0913,0.7648,0.0,1800.0,0.0,6.346
1273.002511,2026-06-05T20:13:17.924025+00:00,76.8177,-0.0998,96.3871,0.0701,0.7648,0.0,1800.0,0.0,6.3224
1273.5,2026-06-05T20:13:18.421218+00:00,76.7557,-0.0767,96.4132,0.131,0.7648,0.0,1800.0,0.0,6.311
1274.0,2026-06-05T20:13:18.921186+00:00,76.5809,-0.1862,96.3176,0.0622,0.7648,0.0,1800.0,0.0,6.3053
1274.5,2026-06-05T20:13:19.421191+00:00,76.5737,-0.0795,96.2441,0.0478,0.7648,0.0,1800.0,0.0,6.3026
1275.0,2026-06-05T20:13:19.928999+00:00,76.5682,-0.1247,96.1876,-0.0404,0.7648,0.0,1800.0,0.0,6.3013
1275.5,2026-06-05T20:13:20.421218+00:00,76.6913,-0.0322,96.3756,0.0075,0.7648,0.0,1800.0,0.0,6.3006
1276.0,2026-06-05T20:13:20.921182+00:00,76.6586,0.0389,96.4044,0.0058,0.7648,0.0,1800.0,0.0,6.3003
1276.5,2026-06-05T20:13:21.421233+00:00,76.6335,0.0299,96.4265,0.0044,0.7648,0.0,1800.0,0.0,6.3513
1277.0,2026-06-05T20:13:21.921396+00:00,76.6141,0.023,96.4435,0.042,0.7648,0.0,1800.0,0.0,6.3251
1277.5,2026-06-05T20:13:22.426471+00:00,76.8538,0.0813,96.4566,0.0708,0.7648,0.0,1800.0,0.0,6.3122
1278.0,2026-06-05T20:13:22.921910+00:00,76.7835,0.0625,96.5823,0.1316,0.7648,0.0,1800.0,0.0,6.3572
1278.5,2026-06-05T20:13:23.421190+00:00,76.8568,0.1117,96.5633,0.0626,0.7648,0.0,1800.0,0.0,6.3791
1279.0,2026-06-05T20:13:23.921723+00:00,76.913,0.1495,96.6643,0.0866,0.7648,0.0,1800.0,0.0,6.3898
1279.5,2026-06-05T20:13:24.421832+00:00,76.829,-0.0124,96.6263,0.0666,0.7648,0.0,1800.0,0.0,6.3438
1280.0,2026-06-05T20:13:24.928258+00:00,76.8917,0.0541,96.7128,0.0898,0.7648,0.0,1800.0,0.0,6.3214
1280.5,2026-06-05T20:13:25.423950+00:00,76.6854,-0.0857,96.6635,0.069,0.7648,0.0,1800.0,0.0,6.3104
1281.0,2026-06-05T20:13:25.921254+00:00,76.7813,-0.0659,96.6257,0.0145,0.7648,0.0,1800.0,0.0,6.3051
1281.5,2026-06-05T20:13:26.423923+00:00,76.8551,0.013,96.4809,-0.0275,0.7648,0.0,1800.0,0.0,6.3025
1282.0,2026-06-05T20:13:26.921271+00:00,76.6572,-0.1173,96.3696,-0.0982,0.7648,0.0,1800.0,0.0,6.3012
1282.5,2026-06-05T20:13:27.427734+00:00,76.7597,0.0371,96.2841,-0.1141,0.7648,0.0,1800.0,0.0,6.3006
1283.0,2026-06-05T20:13:27.921211+00:00,76.8384,0.0285,96.2184,-0.1648,0.7648,0.0,1800.0,0.0,6.3515
1283.5,2026-06-05T20:13:28.421241+00:00,76.899,0.0219,96.2835,-0.1267,0.7648,0.0,1800.0,0.0,6.3251
1284.0,2026-06-05T20:13:28.921772+00:00,76.9455,0.1441,96.3336,-0.0974,0.7648,0.0,1800.0,0.0,6.3123
1284.5,2026-06-05T20:13:29.421771+00:00,76.9812,0.1108,96.1176,-0.1211,0.7648,0.0,1800.0,0.0,6.3572
1285.0,2026-06-05T20:13:29.926858+00:00,77.0087,0.0851,96.0904,-0.0931,0.7648,0.0,1800.0,0.0,6.3791
1285.5,2026-06-05T20:13:30.422747+00:00,76.9026,0.0018,96.0695,-0.0715,0.7648,0.0,1800.0,0.0,6.3898
1286.0,2026-06-05T20:13:30.922039+00:00,76.9483,0.0014,96.2848,0.0221,0.7648,0.0,1800.0,0.0,6.3438
1286.5,2026-06-05T20:13:31.422003+00:00,76.7288,-0.1262,96.3346,0.017,0.7648,0.0,1800.0,0.0,6.3214
1287.0,2026-06-05T20:13:31.921324+00:00,76.942,-0.0334,96.4886,0.0516,0.7648,0.0,1800.0,0.0,6.3104
1287.5,2026-06-05T20:13:32.425911+00:00,76.9786,0.038,96.6069,0.1631,0.7648,0.0,1800.0,0.0,6.3051
1288.0,2026-06-05T20:13:32.921196+00:00,77.1339,0.0928,96.6979,0.2025,0.7648,0.0,1800.0,0.0,6.3537
1288.5,2026-06-05T20:13:33.421242+00:00,77.2533,0.2623,96.7678,0.2328,0.7648,0.0,1800.0,0.0,6.3774
1289.0,2026-06-05T20:13:33.921317+00:00,77.0906,0.0743,96.7058,0.1403,0.7648,0.0,1800.0,0.0,6.389
1289.5,2026-06-05T20:13:34.421628+00:00,77.0928,0.0571,96.8896,0.185,0.7648,0.0,1800.0,0.0,6.3946
1290.0,2026-06-05T20:13:34.930374+00:00,77.0944,-0.0197,96.7994,0.1036,0.7648,0.0,1800.0,0.0,6.3462
1290.5,2026-06-05T20:13:35.421264+00:00,76.9685,-0.1424,96.8459,0.0796,0.7648,0.0,1800.0,0.0,6.3225
1291.0,2026-06-05T20:13:35.921439+00:00,76.9989,-0.0458,96.6501,-0.0159,0.7648,0.0,1800.0,0.0,6.311
1291.5,2026-06-05T20:13:36.421177+00:00,77.0223,-0.0352,96.6154,-0.0508,0.7648,0.0,1800.0,0.0,6.3054
1292.0,2026-06-05T20:13:36.921209+00:00,77.0403,-0.0271,96.5655,-0.0468,0.7648,0.0,1800.0,0.0,6.3026
1292.5,2026-06-05T20:13:37.426178+00:00,77.0541,0.0428,96.7818,-0.0359,0.7648,0.0,1800.0,0.0,6.3013
1293.0,2026-06-05T20:13:37.921214+00:00,76.9374,-0.0307,96.7166,-0.0276,0.7648,0.0,1800.0,0.0,6.3006
1293.5,2026-06-05T20:13:38.421304+00:00,76.9751,-0.0236,96.8979,0.0173,0.7648,0.0,1800.0,0.0,6.3003
1294.0,2026-06-05T20:13:38.921308+00:00,77.004,-0.0182,96.8058,0.0519,0.7648,0.0,1800.0,0.0,6.3001
1294.5,2026-06-05T20:13:39.422064+00:00,77.0262,-0.014,96.8507,0.0785,0.7648,0.0,1800.0,0.0,6.3001
1295.0,2026-06-05T20:13:39.927099+00:00,77.2978,0.1802,96.8853,0.1066,0.7648,0.0,1800.0,0.0,6.3
1295.5,2026-06-05T20:13:40.421619+00:00,77.1248,0.0749,97.0275,0.0819,0.7648,0.0,1800.0,0.0,6.3
1296.0,2026-06-05T20:13:40.921575+00:00,77.2463,0.1212,97.0212,0.1015,0.7648,0.0,1800.0,0.0,6.3
1296.500134,2026-06-05T20:13:41.421344+00:00,77.0852,0.0295,97.0163,0.0395,0.7648,0.0,1800.0,0.0,6.3
1297.0,2026-06-05T20:13:41.921570+00:00,77.2159,-0.041,96.7811,-0.0082,0.7648,0.0,1800.0,0.0,6.3
1297.5,2026-06-05T20:13:42.430032+00:00,77.0618,-0.0315,96.8318,-0.0063,0.7648,0.0,1800.0,0.0,6.3
1298.0,2026-06-05T20:13:42.921191+00:00,77.0706,-0.0878,96.8707,-0.0049,0.7648,0.0,1800.0,0.0,6.3
1298.5,2026-06-05T20:13:43.421268+00:00,77.0774,-0.0039,96.9006,-0.0423,0.7648,0.0,1800.0,0.0,6.3
1299.0,2026-06-05T20:13:43.921183+00:00,77.2099,-0.003,96.6922,-0.1096,0.7648,0.0,1800.0,0.0,6.3512
1299.5,2026-06-05T20:13:44.421203+00:00,77.3118,0.125,96.6477,-0.1228,0.7648,0.0,1800.0,0.0,6.3762
1300.0,2026-06-05T20:13:44.926481+00:00,77.6446,0.287,96.7292,-0.0173,0.7648,0.0,1800.0,0.0,6.3884
1300.5,2026-06-05T20:13:45.421239+00:00,77.5186,0.2206,96.6762,-0.0519,0.7648,0.0,1800.0,0.0,6.3943
1301.0,2026-06-05T20:13:45.921228+00:00,77.4217,0.1059,96.6354,-0.0784,0.7648,0.0,1800.0,0.0,6.346
1301.5,2026-06-05T20:13:46.422102+00:00,77.22,-0.0459,96.6041,-0.0988,0.7648,0.0,1800.0,0.0,6.3225
1302.0,2026-06-05T20:13:46.921253+00:00,77.4468,-0.0989,96.3486,-0.1145,0.7648,0.0,1800.0,0.0,6.311
1302.5,2026-06-05T20:13:47.428316+00:00,77.3665,-0.076,96.4993,-0.0495,0.7648,0.0,1800.0,0.0,6.3053
1303.0,2026-06-05T20:13:47.921235+00:00,77.5594,0.0688,96.4995,-0.0766,0.7648,0.0,1800.0,0.0,6.3538
1303.5,2026-06-05T20:13:48.421227+00:00,77.4531,0.1165,96.6153,-0.0203,0.7648,0.0,1800.0,0.0,6.3775
1304.001126,2026-06-05T20:13:48.922433+00:00,77.3714,-0.0377,96.4729,-0.0542,0.7648,0.0,1800.0,0.0,6.3378
1304.5,2026-06-05T20:13:49.421190+00:00,77.3086,-0.029,96.5949,-0.0031,0.7648,0.0,1800.0,0.0,6.3184
1305.0,2026-06-05T20:13:49.926445+00:00,77.2603,-0.1495,96.5729,0.0748,0.7648,0.0,1800.0,0.0,6.309
1305.5,2026-06-05T20:13:50.421287+00:00,77.2232,-0.1149,96.6718,0.0575,0.7648,0.0,1800.0,0.0,6.3044
1306.0,2026-06-05T20:13:50.921296+00:00,77.322,-0.0247,96.7477,0.0827,0.7648,0.0,1800.0,0.0,6.3533
1306.5,2026-06-05T20:13:51.421553+00:00,77.3979,0.0446,96.6904,0.025,0.7648,0.0,1800.0,0.0,6.326
1307.0,2026-06-05T20:13:51.922680+00:00,77.4562,0.098,96.6463,0.0578,0.7648,0.0,1800.0,0.0,6.3127
1307.5,2026-06-05T20:13:52.426358+00:00,77.5011,0.1389,96.7282,0.0444,0.7648,0.0,1800.0,0.0,6.3062
1308.0,2026-06-05T20:13:52.921457+00:00,77.4083,0.0431,96.6754,0.0341,0.7648,0.0,1800.0,0.0,6.303
1308.5,2026-06-05T20:13:53.421672+00:00,77.5915,0.0968,96.7505,0.0262,0.7648,0.0,1800.0,0.0,6.3015
1309.0,2026-06-05T20:13:53.921515+00:00,77.3505,-0.0529,96.6925,-0.0184,0.7648,0.0,1800.0,0.0,6.3007
1309.5,2026-06-05T20:13:54.422131+00:00,77.2925,-0.1043,96.7637,0.0244,0.7648,0.0,1800.0,0.0,6.3004
1310.0,2026-06-05T20:13:54.932144+00:00,77.248,-0.0801,96.7027,0.0188,0.7648,0.0,1800.0,0.0,6.3002
1310.5,2026-06-05T20:13:55.423541+00:00,77.2137,-0.1889,96.5401,-0.0627,0.7648,0.0,1800.0,0.0,6.3001
1311.0,2026-06-05T20:13:55.921283+00:00,77.3147,-0.0179,96.5308,-0.0482,0.7648,0.0,1800.0,0.0,6.3
1311.5,2026-06-05T20:13:56.421201+00:00,77.265,-0.0138,96.6394,-0.037,0.7648,0.0,1800.0,0.0,6.3
1312.0,2026-06-05T20:13:56.921190+00:00,77.2268,-0.0106,96.6071,-0.0285,0.7648,0.0,1800.0,0.0,6.3
1312.5,2026-06-05T20:13:57.427337+00:00,77.3247,0.0555,96.5823,-0.0604,0.7648,0.0,1800.0,0.0,6.3512
1313.0,2026-06-05T20:13:57.921259+00:00,77.2727,-0.021,96.5633,-0.0465,0.7648,0.0,1800.0,0.0,6.3762
1313.5,2026-06-05T20:13:58.421277+00:00,77.2328,-0.0161,96.5486,0.0029,0.7648,0.0,1800.0,0.0,6.3884
1314.0,2026-06-05T20:13:58.921308+00:00,77.202,-0.0124,96.6531,0.0408,0.7648,0.0,1800.0,0.0,6.3943
1314.5,2026-06-05T20:13:59.421178+00:00,77.1784,-0.0732,96.6177,-0.0072,0.7648,0.0,1800.0,0.0,6.3972
1315.0,2026-06-05T20:13:59.930119+00:00,77.4148,0.071,96.4747,-0.0441,0.7648,0.0,1800.0,0.0,6.3986
1315.5,2026-06-05T20:14:00.421550+00:00,77.2147,-0.009,96.5963,0.0046,0.7648,0.0,1800.0,0.0,6.3481
1316.0,2026-06-05T20:14:00.921742+00:00,77.4427,0.1203,96.574,0.0036,0.7648,0.0,1800.0,0.0,6.3235
1316.5,2026-06-05T20:14:01.422339+00:00,77.3634,0.0925,96.6726,0.0413,0.7648,0.0,1800.0,0.0,6.3115
1317.0,2026-06-05T20:14:01.921671+00:00,77.3024,-0.0562,96.5169,-0.0454,0.7648,0.0,1800.0,0.0,6.3056
1317.5,2026-06-05T20:14:02.429913+00:00,77.2556,0.0204,96.513,-0.0349,0.7648,0.0,1800.0,0.0,6.3027
1318.0,2026-06-05T20:14:02.921194+00:00,77.2196,-0.1116,96.6257,0.0503,0.7648,0.0,1800.0,0.0,6.3013
1318.5,2026-06-05T20:14:03.421190+00:00,77.3192,-0.0221,96.7123,0.0387,0.7648,0.0,1800.0,0.0,6.3007
1319.0,2026-06-05T20:14:03.921222+00:00,77.2685,-0.017,96.6632,0.0297,0.7648,0.0,1800.0,0.0,6.3003
1319.5,2026-06-05T20:14:04.421204+00:00,77.2295,-0.0131,96.7411,0.0229,0.7648,0.0,1800.0,0.0,6.3002
1320.0,2026-06-05T20:14:04.926302+00:00,77.3268,0.0536,96.6853,0.0561,0.7648,0.0,1800.0,0.0,6.3001
1320.5,2026-06-05T20:14:05.421197+00:00,77.4016,0.0412,96.7581,0.0817,0.7648,0.0,1800.0,0.0,6.3
1321.0,2026-06-05T20:14:05.921496+00:00,77.3318,0.0317,96.5827,-0.0143,0.7648,0.0,1800.0,0.0,6.3
1321.5,2026-06-05T20:14:06.421215+00:00,77.4054,0.088,96.5636,-0.0496,0.7648,0.0,1800.0,0.0,6.3
1322.0,2026-06-05T20:14:06.921384+00:00,77.462,0.0676,96.5489,-0.0381,0.7648,0.0,1800.0,0.0,6.3
1322.5,2026-06-05T20:14:07.426128+00:00,77.5055,0.052,96.6533,-0.0293,0.7648,0.0,1800.0,0.0,6.3
1323.0,2026-06-05T20:14:07.921248+00:00,77.4117,0.0399,96.7335,0.0161,0.7648,0.0,1800.0,0.0,6.3
1323.5,2026-06-05T20:14:08.421376+00:00,77.4668,0.0307,96.7952,0.0123,0.7648,0.0,1800.0,0.0,6.3
1324.0,2026-06-05T20:14:08.921291+00:00,77.6365,0.0872,96.7269,0.0481,0.7648,0.0,1800.0,0.0,6.3
1324.5,2026-06-05T20:14:09.421212+00:00,77.5123,0.0034,96.6744,0.0369,0.7648,0.0,1800.0,0.0,6.3
1325.0,2026-06-05T20:14:09.927560+00:00,77.4169,0.0026,96.6572,0.0361,0.7648,0.0,1800.0,0.0,6.3
1325.5,2026-06-05T20:14:10.421220+00:00,77.3436,-0.0616,96.6208,-0.0108,0.7648,0.0,1800.0,0.0,6.3
1326.0,2026-06-05T20:14:10.921201+00:00,77.4145,-0.111,96.7085,-0.0083,0.7648,0.0,1800.0,0.0,6.3
1326.5,2026-06-05T20:14:11.421269+00:00,77.3417,-0.0853,96.776,-0.0064,0.7648,0.0,1800.0,0.0,6.3
1327.0,2026-06-05T20:14:11.921216+00:00,77.4131,-0.0019,96.8278,0.0337,0.7648,0.0,1800.0,0.0,6.3
1327.5,2026-06-05T20:14:12.426968+00:00,77.4679,0.0621,96.6363,-0.0127,0.7648,0.0,1800.0,0.0,6.3
1328.0,2026-06-05T20:14:12.921263+00:00,77.6373,0.1114,96.6047,-0.0175,0.7648,0.0,1800.0,0.0,6.3
1328.5,2026-06-05T20:14:13.421693+00:00,77.6402,0.1493,96.5805,-0.0134,0.7648,0.0,1800.0,0.0,6.3
1329.0,2026-06-05T20:14:13.921588+00:00,77.5152,0.0511,96.3305,-0.126,0.7648,0.0,1800.0,0.0,6.3
1329.5,2026-06-05T20:14:14.421284+00:00,77.5464,0.0393,96.3697,-0.1354,0.7648,0.0,1800.0,0.0,6.3
1330.0,2026-06-05T20:14:14.926418+00:00,77.4431,-0.0971,96.3999,-0.1427,0.7648,0.0,1800.0,0.0,6.3
1330.5,2026-06-05T20:14:15.421165+00:00,77.491,-0.0746,96.3073,-0.1096,0.7648,0.0,1800.0,0.0,6.3
1331.0,2026-06-05T20:14:15.921194+00:00,77.6551,0.0699,96.4676,-0.0457,0.7648,0.0,1800.0,0.0,6.3
1331.5,2026-06-05T20:14:16.421432+00:00,77.6539,0.0537,96.3594,-0.0737,0.7648,0.0,1800.0,0.0,6.3
1332.0,2026-06-05T20:14:16.921208+00:00,77.5257,0.0413,96.6233,0.0976,0.7648,0.0,1800.0,0.0,6.3
1332.500055,2026-06-05T20:14:17.428478+00:00,77.4272,-0.0319,96.3634,-0.0021,0.7648,0.0,1800.0,0.0,6.3
1333.0,2026-06-05T20:14:17.921326+00:00,77.3515,-0.1518,96.395,-0.0016,0.7648,0.0,1800.0,0.0,6.3
1333.5,2026-06-05T20:14:18.421589+00:00,77.4206,-0.1167,96.4193,0.0373,0.7648,0.0,1800.0,0.0,6.3
1334.0,2026-06-05T20:14:18.921325+00:00,77.4737,-0.026,96.3223,-0.0484,0.7648,0.0,1800.0,0.0,6.3512
1334.5,2026-06-05T20:14:19.421290+00:00,77.5145,0.0436,96.3634,0.0013,0.7648,0.0,1800.0,0.0,6.3762
1335.0,2026-06-05T20:14:19.925386+00:00,77.5458,0.0972,96.395,-0.0761,0.7648,0.0,1800.0,0.0,6.3884
1335.5,2026-06-05T20:14:20.421185+00:00,77.4427,0.011,96.4193,0.0186,0.7648,0.0,1800.0,0.0,6.3431
1336.0,2026-06-05T20:14:20.921387+00:00,77.6179,0.0721,96.438,0.0143,0.7648,0.0,1800.0,0.0,6.321
1336.5,2026-06-05T20:14:21.421344+00:00,77.6253,0.0554,96.568,0.0496,0.7648,0.0,1800.0,0.0,6.3103
1337.0,2026-06-05T20:14:21.922006+00:00,77.7583,0.1062,96.668,0.1152,0.7648,0.0,1800.0,0.0,6.305
1337.5,2026-06-05T20:14:22.430004+00:00,77.606,0.0817,96.6291,0.0886,0.7648,0.0,1800.0,0.0,6.3024
1338.0,2026-06-05T20:14:22.921354+00:00,77.4889,-0.0645,96.7149,0.1066,0.7648,0.0,1800.0,0.0,6.3012
1338.5,2026-06-05T20:14:23.421378+00:00,77.3989,-0.1132,96.6652,0.082,0.7648,0.0,1800.0,0.0,6.3006
1339.0,2026-06-05T20:14:23.921930+00:00,77.457,-0.1507,96.7427,0.1016,0.7648,0.0,1800.0,0.0,6.3003
1339.5,2026-06-05T20:14:24.421703+00:00,77.2471,-0.1794,96.5708,0.0009,0.7648,0.0,1800.0,0.0,6.3001
1340.0,2026-06-05T20:14:24.930647+00:00,77.3404,-0.0743,96.323,-0.115,0.7648,0.0,1800.0,0.0,6.3001
1340.5,2026-06-05T20:14:25.421216+00:00,77.412,0.0065,96.4797,-0.0498,0.7648,0.0,1800.0,0.0,6.3
1341.0,2026-06-05T20:14:25.921174+00:00,77.4671,0.005,96.6001,-0.0383,0.7648,0.0,1800.0,0.0,6.3
1341.5,2026-06-05T20:14:26.421237+00:00,77.5094,0.1311,96.4612,-0.068,0.7648,0.0,1800.0,0.0,6.3
1342.0,2026-06-05T20:14:26.922504+00:00,77.5419,0.1008,96.4702,-0.0908,0.7648,0.0,1800.0,0.0,6.3
1342.5,2026-06-05T20:14:27.426756+00:00,77.4397,0.0138,96.4771,-0.0312,0.7648,0.0,1800.0,0.0,6.3
1343.0,2026-06-05T20:14:27.921196+00:00,77.4883,0.0106,96.5981,0.0917,0.7648,0.0,1800.0,0.0,6.3
1343.5,2026-06-05T20:14:28.421409+00:00,77.5258,0.0082,96.5754,0.0319,0.7648,0.0,1800.0,0.0,6.3
1344.0,2026-06-05T20:14:28.921242+00:00,77.6818,0.0699,96.6736,0.0245,0.7648,0.0,1800.0,0.0,6.3
1344.5,2026-06-05T20:14:29.421198+00:00,77.6744,0.1174,96.7492,0.096,0.7648,0.0,1800.0,0.0,6.3
1345.0,2026-06-05T20:14:29.926994+00:00,77.6688,0.0902,96.6915,0.0738,0.7648,0.0,1800.0,0.0,6.3
1345.5,2026-06-05T20:14:30.421195+00:00,77.5372,0.0057,96.6472,0.0567,0.7648,0.0,1800.0,0.0,6.3
1346.0,2026-06-05T20:14:30.921508+00:00,77.436,-0.1229,96.7288,0.0436,0.7648,0.0,1800.0,0.0,6.3
1346.5,2026-06-05T20:14:31.421779+00:00,77.3582,-0.1581,96.7916,0.0721,0.7648,0.0,1800.0,0.0,6.3
1347.0,2026-06-05T20:14:31.921672+00:00,77.553,-0.0579,96.6084,-0.0217,0.7648,0.0,1800.0,0.0,6.3
1347.500319,2026-06-05T20:14:32.431776+00:00,77.7027,0.0828,96.2594,-0.1633,0.7648,0.0,1800.0,0.0,6.3
1348.0,2026-06-05T20:14:32.924069+00:00,77.8178,0.1909,96.4307,-0.0869,0.7648,0.0,1800.0,0.0,6.3
1348.5,2026-06-05T20:14:33.421778+00:00,77.779,0.2104,96.2154,-0.1439,0.7648,0.0,1800.0,0.0,6.3
1349.0,2026-06-05T20:14:33.921197+00:00,77.8764,0.1617,96.1655,-0.1878,0.7648,0.0,1800.0,0.0,6.3
1349.5,2026-06-05T20:14:34.421559+00:00,77.6967,-0.003,96.2429,-0.1829,0.7648,0.0,1800.0,0.0,6.3
1350.0,2026-06-05T20:14:34.927010+00:00,77.6859,-0.0659,96.3024,-0.102,0.7648,0.0,1800.0,0.0,6.3
1350.5,2026-06-05T20:14:35.421210+00:00,77.6776,-0.0507,96.3481,0.0296,0.7648,0.0,1800.0,0.0,6.3
1351.0,2026-06-05T20:14:35.921183+00:00,77.544,-0.1662,96.499,0.0227,0.7648,0.0,1800.0,0.0,6.3
1351.5,2026-06-05T20:14:36.421286+00:00,77.314,-0.1914,96.6149,0.1332,0.7648,0.0,1800.0,0.0,6.3
1352.0,2026-06-05T20:14:36.921233+00:00,77.3917,-0.1471,96.704,0.1795,0.7648,0.0,1800.0,0.0,6.3
1352.5,2026-06-05T20:14:37.425812+00:00,77.4515,-0.1131,96.7725,0.1765,0.7648,0.0,1800.0,0.0,6.2488
1353.0,2026-06-05T20:14:37.921590+00:00,77.4974,-0.0233,96.7095,0.1357,0.7648,0.0,1800.0,0.0,6.275
1353.5,2026-06-05T20:14:38.422750+00:00,77.5327,0.1094,96.5453,0.0657,0.7648,0.0,1800.0,0.0,6.2878
1354.0,2026-06-05T20:14:38.921565+00:00,77.4326,0.0204,96.4191,-0.0266,0.7648,0.0,1800.0,0.0,6.294
1354.5,2026-06-05T20:14:39.421299+00:00,77.3556,-0.0479,96.4378,-0.059,0.7648,0.0,1800.0,0.0,6.2971
1355.0,2026-06-05T20:14:39.928149+00:00,77.4237,-0.0368,96.4291,-0.0917,0.7648,0.0,1800.0,0.0,6.2986
1355.5,2026-06-05T20:14:40.421426+00:00,77.4761,-0.0283,96.5612,-0.0704,0.7648,0.0,1800.0,0.0,6.2993
1356.0,2026-06-05T20:14:40.921230+00:00,77.5163,0.0419,96.6627,-0.0156,0.7648,0.0,1800.0,0.0,6.2997
1356.5,2026-06-05T20:14:41.421199+00:00,77.5473,0.0958,96.7408,0.0652,0.7648,0.0,1800.0,0.0,6.2998
1357.0,2026-06-05T20:14:41.921165+00:00,77.4438,0.01,96.6851,0.0887,0.7648,0.0,1800.0,0.0,6.2999
1357.5,2026-06-05T20:14:42.427026+00:00,77.6188,0.0713,96.6422,0.0681,0.7648,0.0,1800.0,0.0,6.3
1358.0,2026-06-05T20:14:42.921183+00:00,77.7533,0.1185,96.725,0.0986,0.7648,0.0,1800.0,0.0,6.3
1358.5,2026-06-05T20:14:43.421383+00:00,77.7294,0.091,96.7887,0.0758,0.7648,0.0,1800.0,0.0,6.3
1359.0,2026-06-05T20:14:43.921333+00:00,77.8383,0.1972,96.7219,0.0197,0.7648,0.0,1800.0,0.0,6.3
1359.5,2026-06-05T20:14:44.421435+00:00,78.0492,0.2152,96.5548,-0.062,0.7648,0.0,1800.0,0.0,6.3
1360.0,2026-06-05T20:14:44.926055+00:00,77.9569,0.1018,96.4264,-0.0862,0.7648,0.0,1800.0,0.0,6.3
1360.5,2026-06-05T20:14:45.421248+00:00,78.0131,0.1419,96.3278,-0.1048,0.7648,0.0,1800.0,0.0,6.3
1361.0,2026-06-05T20:14:45.921214+00:00,77.9291,0.0454,96.1362,-0.1963,0.7648,0.0,1800.0,0.0,6.3
1361.5,2026-06-05T20:14:46.421794+00:00,77.9918,-0.0287,96.1973,-0.1971,0.7648,0.0,1800.0,0.0,6.3
1362.0,2026-06-05T20:14:46.921247+00:00,78.04,0.0416,96.2673,-0.1515,0.7648,0.0,1800.0,0.0,6.3
1362.5,2026-06-05T20:14:47.426840+00:00,78.2043,0.0956,96.3212,-0.0779,0.7648,0.0,1800.0,0.0,6.3
1363.0,2026-06-05T20:14:47.921396+00:00,78.2033,0.1371,96.3625,-0.0213,0.7648,0.0,1800.0,0.0,6.3
1363.5,2026-06-05T20:14:48.421187+00:00,77.948,-0.0219,96.3943,0.0222,0.7648,0.0,1800.0,0.0,6.3512
1364.0,2026-06-05T20:14:48.921313+00:00,77.879,-0.0805,96.5345,0.1328,0.7648,0.0,1800.0,0.0,6.3762
1364.5,2026-06-05T20:14:49.421237+00:00,77.6988,-0.2528,96.5265,0.1098,0.7648,0.0,1800.0,0.0,6.3884
1365.0,2026-06-05T20:14:49.927054+00:00,77.5602,-0.3215,96.5204,0.0844,0.7648,0.0,1800.0,0.0,6.3943
1365.5,2026-06-05T20:14:50.421186+00:00,77.4537,-0.2471,96.5157,0.0648,0.7648,0.0,1800.0,0.0,6.3972
1366.0,2026-06-05T20:14:50.921416+00:00,77.6264,-0.1263,96.512,0.0498,0.7648,0.0,1800.0,0.0,6.3986
1366.5,2026-06-05T20:14:51.421185+00:00,77.7591,0.0302,96.5093,0.0383,0.7648,0.0,1800.0,0.0,6.3993
1367.0,2026-06-05T20:14:51.921192+00:00,77.8612,0.1505,96.3914,-0.0477,0.7648,0.0,1800.0,0.0,6.3997
1367.5,2026-06-05T20:14:52.426275+00:00,77.8123,0.1793,96.3008,-0.0752,0.7648,0.0,1800.0,0.0,6.3486
1368.0,2026-06-05T20:14:52.921283+00:00,77.6475,0.0105,96.4626,-0.0193,0.7648,0.0,1800.0,0.0,6.3749
1368.5,2026-06-05T20:14:53.421378+00:00,77.7753,0.0081,96.587,0.0238,0.7648,0.0,1800.0,0.0,6.3878
1369.0,2026-06-05T20:14:53.921180+00:00,77.8736,0.0062,96.6825,0.0568,0.7648,0.0,1800.0,0.0,6.394
1369.5,2026-06-05T20:14:54.421453+00:00,77.9491,0.0684,96.6403,0.0437,0.7648,0.0,1800.0,0.0,6.3459
1370.0,2026-06-05T20:14:54.925871+00:00,78.0072,0.1799,96.7235,0.1107,0.7648,0.0,1800.0,0.0,6.3736
1370.5,2026-06-05T20:14:55.421532+00:00,77.9245,0.0746,96.7875,0.1622,0.7648,0.0,1800.0,0.0,6.3871
1371.0,2026-06-05T20:14:55.921355+00:00,78.1155,0.121,96.721,0.0861,0.7648,0.0,1800.0,0.0,6.3425
1371.5,2026-06-05T20:14:56.421211+00:00,78.0078,0.0293,96.7855,0.0662,0.7648,0.0,1800.0,0.0,6.3207
1372.0,2026-06-05T20:14:56.921779+00:00,78.1796,0.0862,96.7195,0.0123,0.7648,0.0,1800.0,0.0,6.3101
1372.5,2026-06-05T20:14:57.528200+00:00,78.1843,0.1299,96.7844,0.048,0.7648,0.0,1800.0,0.0,6.3049
1373.0,2026-06-05T20:14:57.921495+00:00,78.1879,0.0362,96.95,0.0755,0.7648,0.0,1800.0,0.0,6.3024
1373.5,2026-06-05T20:14:58.421269+00:00,78.1907,0.0915,96.9616,0.058,0.7648,0.0,1800.0,0.0,6.3012
1374.0,2026-06-05T20:14:58.921609+00:00,77.8111,-0.1843,96.9705,0.0832,0.7648,0.0,1800.0,0.0,6.3006
1374.5,2026-06-05T20:14:59.421616+00:00,78.1556,-0.0143,96.9773,0.0639,0.7648,0.0,1800.0,0.0,6.3003
1375.0,2026-06-05T20:14:59.926569+00:00,77.9113,-0.1383,96.8668,0.0491,0.7648,0.0,1800.0,0.0,6.3001
1375.5,2026-06-05T20:15:00.421245+00:00,77.9781,-0.1063,96.8977,0.0378,0.7648,0.0,1800.0,0.0,6.3001
1376.0,2026-06-05T20:15:00.921976+00:00,77.7749,-0.0181,96.8056,-0.0481,0.7648,0.0,1800.0,0.0,6.3
1376.5,2026-06-05T20:15:01.421221+00:00,77.746,-0.2048,96.8506,-0.037,0.7648,0.0,1800.0,0.0,6.2488
1377.001542,2026-06-05T20:15:01.923108+00:00,77.5965,-0.1574,96.4455,-0.175,0.7648,0.0,1800.0,0.0,6.2238
1377.5,2026-06-05T20:15:02.428367+00:00,77.6089,-0.1846,96.5738,-0.1345,0.7648,0.0,1800.0,0.0,6.2116
1378.0,2026-06-05T20:15:02.921314+00:00,77.7457,-0.0146,96.5567,-0.1034,0.7648,0.0,1800.0,0.0,6.2569
1378.5,2026-06-05T20:15:03.421172+00:00,77.8508,0.0524,96.4279,-0.1566,0.7648,0.0,1800.0,0.0,6.279
1379.0,2026-06-05T20:15:03.921204+00:00,77.9316,0.1675,96.4446,-0.1203,0.7648,0.0,1800.0,0.0,6.2897
1379.5,2026-06-05T20:15:04.421580+00:00,77.6119,0.0015,96.5731,-0.0925,0.7648,0.0,1800.0,0.0,6.295
1380.0,2026-06-05T20:15:04.927312+00:00,77.748,0.0012,96.5562,0.0369,0.7648,0.0,1800.0,0.0,6.2976
1380.5,2026-06-05T20:15:05.421488+00:00,77.8526,0.0009,96.5432,-0.0102,0.7648,0.0,1800.0,0.0,6.2988
1381.0,2026-06-05T20:15:05.921227+00:00,77.8057,-0.063,96.7646,0.0693,0.7648,0.0,1800.0,0.0,6.2994
1381.5,2026-06-05T20:15:06.421798+00:00,77.8969,0.1425,96.7034,0.0918,0.7648,0.0,1800.0,0.0,6.2997
1382.0,2026-06-05T20:15:06.921360+00:00,77.9671,0.1095,96.6563,0.0706,0.7648,0.0,1800.0,0.0,6.2999
1382.5,2026-06-05T20:15:07.426414+00:00,77.8937,0.0206,96.597,0.008,0.7648,0.0,1800.0,0.0,6.2999
1383.0,2026-06-05T20:15:07.921483+00:00,77.9646,0.0794,96.6903,0.0447,0.7648,0.0,1800.0,0.0,6.3
1383.5,2026-06-05T20:15:08.421448+00:00,77.8918,-0.0026,96.5305,-0.0042,0.7648,0.0,1800.0,0.0,6.3
1384.0,2026-06-05T20:15:08.921220+00:00,77.8358,-0.0656,96.6392,-0.0418,0.7648,0.0,1800.0,0.0,6.3
1384.5,2026-06-05T20:15:09.421197+00:00,77.9201,0.0132,96.7227,0.0064,0.7648,0.0,1800.0,0.0,6.3
1385.0,2026-06-05T20:15:09.926841+00:00,77.8576,-0.0535,96.5554,-0.0336,0.7648,0.0,1800.0,0.0,6.3
1385.5,2026-06-05T20:15:10.421220+00:00,77.9368,0.0225,96.5195,-0.0258,0.7648,0.0,1800.0,0.0,6.3
1386.0,2026-06-05T20:15:10.922665+00:00,77.9977,0.0809,96.3993,-0.097,0.7648,0.0,1800.0,0.0,6.3
1386.5,2026-06-05T20:15:11.421224+00:00,78.0445,0.0622,96.3069,-0.0746,0.7648,0.0,1800.0,0.0,6.3
1387.0,2026-06-05T20:15:11.921194+00:00,78.0805,0.1115,96.1202,-0.173,0.7648,0.0,1800.0,0.0,6.3
1387.5,2026-06-05T20:15:12.425337+00:00,78.1082,0.0857,96.0924,-0.2101,0.7648,0.0,1800.0,0.0,6.3
1388.0,2026-06-05T20:15:12.921261+00:00,78.1294,0.0658,96.1867,-0.1229,0.7648,0.0,1800.0,0.0,6.3
1388.5,2026-06-05T20:15:13.421267+00:00,78.1457,0.0506,96.0278,-0.1639,0.7648,0.0,1800.0,0.0,6.3
1389.0,2026-06-05T20:15:13.921198+00:00,78.1583,0.0389,96.0214,-0.126,0.7648,0.0,1800.0,0.0,6.3
1389.5,2026-06-05T20:15:14.421301+00:00,77.9134,-0.0974,96.1321,-0.0583,0.7648,0.0,1800.0,0.0,6.3
1390.0,2026-06-05T20:15:14.927117+00:00,77.8525,-0.1385,96.2172,0.0324,0.7648,0.0,1800.0,0.0,6.3
1390.5,2026-06-05T20:15:15.421217+00:00,77.8056,-0.1701,96.2827,0.0634,0.7648,0.0,1800.0,0.0,6.3
1391.0,2026-06-05T20:15:15.921645+00:00,77.8969,-0.1307,96.4487,0.0873,0.7648,0.0,1800.0,0.0,6.3
1391.5,2026-06-05T20:15:16.421366+00:00,77.7125,-0.1005,96.4605,0.1443,0.7648,0.0,1800.0,0.0,6.3512
1392.0,2026-06-05T20:15:16.921241+00:00,77.8253,-0.0136,96.354,0.1109,0.7648,0.0,1800.0,0.0,6.325
1392.5,2026-06-05T20:15:17.428299+00:00,77.7847,-0.0104,96.3878,0.0852,0.7648,0.0,1800.0,0.0,6.3122
1393.0,2026-06-05T20:15:17.921209+00:00,77.7536,-0.0717,96.5294,0.1041,0.7648,0.0,1800.0,0.0,6.3572
1393.5,2026-06-05T20:15:18.421236+00:00,77.9841,0.1358,96.5226,0.08,0.7648,0.0,1800.0,0.0,6.3791
1394.0,2026-06-05T20:15:18.921736+00:00,78.1614,0.168,96.286,-0.0542,0.7648,0.0,1800.0,0.0,6.3386
1394.5,2026-06-05T20:15:19.421214+00:00,78.2976,0.2564,96.3355,-0.0417,0.7648,0.0,1800.0,0.0,6.3188
1395.0,2026-06-05T20:15:19.931276+00:00,78.1477,0.1971,96.3736,0.0065,0.7648,0.0,1800.0,0.0,6.3092
1395.5,2026-06-05T20:15:20.422957+00:00,78.0325,0.0242,96.2871,-0.0335,0.7648,0.0,1800.0,0.0,6.3045
1396.0,2026-06-05T20:15:20.921381+00:00,78.0713,-0.045,96.4521,-0.0258,0.7648,0.0,1800.0,0.0,6.3022
1396.5,2026-06-05T20:15:21.421203+00:00,77.9738,-0.1619,96.4632,-0.0198,0.7648,0.0,1800.0,0.0,6.3011
1397.0,2026-06-05T20:15:21.921739+00:00,77.8989,-0.1244,96.5874,0.1005,0.7648,0.0,1800.0,0.0,6.3005
1397.5,2026-06-05T20:15:22.427309+00:00,78.0958,0.0316,96.6829,0.1158,0.7648,0.0,1800.0,0.0,6.3003
1398.0,2026-06-05T20:15:22.921292+00:00,78.1199,0.0243,96.6174,0.0813,0.7648,0.0,1800.0,0.0,6.3001
1398.5,2026-06-05T20:15:23.422665+00:00,78.1385,0.0823,96.8216,0.1782,0.7648,0.0,1800.0,0.0,6.3001
1399.0,2026-06-05T20:15:23.921444+00:00,78.28,0.1905,96.7472,0.0984,0.7648,0.0,1800.0,0.0,6.3
1399.5,2026-06-05T20:15:24.421196+00:00,78.1342,0.0192,96.5743,0.037,0.7648,0.0,1800.0,0.0,6.3
1400.0,2026-06-05T20:15:24.926253+00:00,78.0222,-0.0489,96.4414,-0.0487,0.7648,0.0,1800.0,0.0,6.3
1400.5,2026-06-05T20:15:25.421514+00:00,78.0633,-0.0376,96.4318,-0.0837,0.7648,0.0,1800.0,0.0,6.3
1401.0,2026-06-05T20:15:25.921625+00:00,77.9677,-0.1562,96.4476,-0.0566,0.7648,0.0,1800.0,0.0,6.3
1401.5,2026-06-05T20:15:26.421372+00:00,77.7669,-0.1837,96.4597,-0.1206,0.7648,0.0,1800.0,0.0,6.3
1402.0,2026-06-05T20:15:26.921270+00:00,77.7398,-0.1412,96.3533,-0.1313,0.7648,0.0,1800.0,0.0,6.3
1402.501348,2026-06-05T20:15:27.429014+00:00,77.8463,-0.1085,96.2716,-0.1009,0.7648,0.0,1800.0,0.0,6.3
1403.0,2026-06-05T20:15:27.921205+00:00,78.0554,0.0439,96.3244,-0.039,0.7648,0.0,1800.0,0.0,6.3
1403.5,2026-06-05T20:15:28.421209+00:00,78.0889,0.161,96.1337,-0.0994,0.7648,0.0,1800.0,0.0,6.3
1404.0,2026-06-05T20:15:28.921172+00:00,77.8601,0.0601,96.2184,-0.0764,0.7648,0.0,1800.0,0.0,6.3
1404.5,2026-06-05T20:15:29.421241+00:00,77.9387,0.0462,96.1679,-0.0973,0.7648,0.0,1800.0,0.0,6.3
1405.0,2026-06-05T20:15:29.929204+00:00,77.9992,-0.0281,96.129,-0.0748,0.7648,0.0,1800.0,0.0,6.3
1405.5,2026-06-05T20:15:30.421267+00:00,77.9184,-0.0853,96.2149,-0.0189,0.7648,0.0,1800.0,0.0,6.3
1406.0,2026-06-05T20:15:30.921294+00:00,78.1108,0.1254,96.3966,0.024,0.7648,0.0,1800.0,0.0,6.3
1406.5,2026-06-05T20:15:31.421355+00:00,78.0042,0.0327,96.5362,0.1342,0.7648,0.0,1800.0,0.0,6.3
1407.0,2026-06-05T20:15:31.922758+00:00,78.0495,0.0252,96.5278,0.1031,0.7648,0.0,1800.0,0.0,6.3
1407.5,2026-06-05T20:15:32.426139+00:00,77.9571,0.0193,96.5214,0.1178,0.7648,0.0,1800.0,0.0,6.3
1408.0,2026-06-05T20:15:32.921764+00:00,78.0133,-0.0488,96.5164,0.1291,0.7648,0.0,1800.0,0.0,6.3
1408.5,2026-06-05T20:15:33.421291+00:00,77.9292,-0.0375,96.6283,0.1378,0.7648,0.0,1800.0,0.0,6.3
1409.0,2026-06-05T20:15:33.921181+00:00,77.8646,-0.0924,96.5986,0.0674,0.7648,0.0,1800.0,0.0,6.3
1409.5,2026-06-05T20:15:34.421323+00:00,77.9422,-0.0074,96.5758,0.0132,0.7648,0.0,1800.0,0.0,6.3
1410.0,2026-06-05T20:15:34.929271+00:00,77.8746,-0.0693,96.5583,0.0102,0.7648,0.0,1800.0,0.0,6.3
1410.5,2026-06-05T20:15:35.421589+00:00,77.8226,-0.0533,96.5448,0.0078,0.7648,0.0,1800.0,0.0,6.3
1411.0,2026-06-05T20:15:35.921199+00:00,77.6554,-0.1046,96.6501,0.0446,0.7648,0.0,1800.0,0.0,6.3
1411.5,2026-06-05T20:15:36.421184+00:00,77.7814,-0.0804,96.6154,-0.0043,0.7648,0.0,1800.0,0.0,6.3
1412.0,2026-06-05T20:15:36.921203+00:00,77.8783,0.0018,96.7044,0.0352,0.7648,0.0,1800.0,0.0,6.3
1412.5,2026-06-05T20:15:37.427592+00:00,78.08,0.1287,96.6571,0.0271,0.7648,0.0,1800.0,0.0,6.3
1413.0,2026-06-05T20:15:37.921467+00:00,77.9805,0.1625,96.7364,0.0594,0.7648,0.0,1800.0,0.0,6.3
1413.5,2026-06-05T20:15:38.421183+00:00,78.1586,0.1886,96.7974,0.0842,0.7648,0.0,1800.0,0.0,6.3
1414.0,2026-06-05T20:15:38.921182+00:00,78.2954,0.2086,96.8443,0.0647,0.7648,0.0,1800.0,0.0,6.3
1414.5,2026-06-05T20:15:39.421771+00:00,78.4006,0.1603,96.7646,0.0497,0.7648,0.0,1800.0,0.0,6.3
1415.0,2026-06-05T20:15:39.926471+00:00,77.9724,-0.0041,96.7034,-0.0003,0.7648,0.0,1800.0,0.0,6.3
1415.5,2026-06-05T20:15:40.421418+00:00,78.0251,-0.0668,96.6563,-0.0003,0.7648,0.0,1800.0,0.0,6.3
1416.0,2026-06-05T20:15:40.921614+00:00,78.0655,-0.1149,96.7359,-0.0002,0.7648,0.0,1800.0,0.0,6.3
1416.5,2026-06-05T20:15:41.421331+00:00,78.0966,-0.152,96.797,-0.0001,0.7648,0.0,1800.0,0.0,6.3
1417.0,2026-06-05T20:15:41.921452+00:00,78.1206,0.0741,96.6126,-0.0772,0.7648,0.0,1800.0,0.0,6.3
1417.5,2026-06-05T20:15:42.427411+00:00,78.0117,-0.0067,96.5865,-0.0594,0.7648,0.0,1800.0,0.0,6.3
1418.0,2026-06-05T20:15:42.921199+00:00,78.0553,-0.0051,96.5665,-0.0456,0.7648,0.0,1800.0,0.0,6.3
1418.5,2026-06-05T20:15:43.421265+00:00,78.0887,-0.004,96.4354,-0.0736,0.7648,0.0,1800.0,0.0,6.3
1419.0,2026-06-05T20:15:43.922482+00:00,77.9872,-0.0667,96.5661,-0.0566,0.7648,0.0,1800.0,0.0,6.3
1419.5,2026-06-05T20:15:44.421924+00:00,78.0365,0.0124,96.5508,-0.0821,0.7648,0.0,1800.0,0.0,6.3
1420.0,2026-06-05T20:15:44.926733+00:00,78.0743,0.0095,96.539,-0.0245,0.7648,0.0,1800.0,0.0,6.3
1420.5,2026-06-05T20:15:45.421467+00:00,78.1034,0.0073,96.6457,0.0197,0.7648,0.0,1800.0,0.0,6.3
1421.0,2026-06-05T20:15:45.921301+00:00,78.1257,0.0693,96.4963,-0.0234,0.7648,0.0,1800.0,0.0,6.3
1421.5,2026-06-05T20:15:46.421190+00:00,78.1429,0.0532,96.4971,0.0206,0.7648,0.0,1800.0,0.0,6.3
1422.0,2026-06-05T20:15:46.921829+00:00,78.0289,-0.0227,96.4978,-0.0228,0.7648,0.0,1800.0,0.0,6.3
1422.5,2026-06-05T20:15:47.426502+00:00,78.0685,-0.0175,96.3826,-0.0561,0.7648,0.0,1800.0,0.0,6.3
1423.0,2026-06-05T20:15:47.921641+00:00,78.0989,-0.0134,96.5255,-0.0045,0.7648,0.0,1800.0,0.0,6.3512
1423.5,2026-06-05T20:15:48.421582+00:00,78.2496,0.0533,96.5196,-0.042,0.7648,0.0,1800.0,0.0,6.325
1424.0,2026-06-05T20:15:48.922294+00:00,78.3654,0.1683,96.6307,0.0448,0.7648,0.0,1800.0,0.0,6.3122
1424.5,2026-06-05T20:15:49.421705+00:00,78.0726,0.002,96.7162,0.073,0.7648,0.0,1800.0,0.0,6.306
1425.0,2026-06-05T20:15:49.931949+00:00,77.9748,-0.0621,96.6662,0.0561,0.7648,0.0,1800.0,0.0,6.3029
1425.5,2026-06-05T20:15:50.421862+00:00,77.8996,-0.175,96.512,0.0431,0.7648,0.0,1800.0,0.0,6.3014
1426.0,2026-06-05T20:15:50.921197+00:00,78.0964,-0.1345,96.5092,-0.0054,0.7648,0.0,1800.0,0.0,6.3007
1426.5,2026-06-05T20:15:51.421173+00:00,77.8658,-0.1034,96.6228,0.0344,0.7648,0.0,1800.0,0.0,6.3003
1427.0,2026-06-05T20:15:51.921191+00:00,78.0704,0.0478,96.5944,-0.0121,0.7648,0.0,1800.0,0.0,6.3002
1427.5,2026-06-05T20:15:52.426614+00:00,78.1004,0.1004,96.5725,-0.0479,0.7648,0.0,1800.0,0.0,6.3001
1428.0,2026-06-05T20:15:52.921216+00:00,78.2507,0.0772,96.6715,0.0018,0.7648,0.0,1800.0,0.0,6.3
1428.5,2026-06-05T20:15:53.421927+00:00,78.239,0.1866,96.6318,0.0399,0.7648,0.0,1800.0,0.0,6.3
1429.0,2026-06-05T20:15:53.921155+00:00,78.3572,0.1434,96.3699,-0.0464,0.7648,0.0,1800.0,0.0,6.3
1429.5,2026-06-05T20:15:54.421718+00:00,78.3209,0.1102,96.4,-0.0743,0.7648,0.0,1800.0,0.0,6.3
1430.0,2026-06-05T20:15:54.926321+00:00,78.2929,0.0211,96.3074,-0.0956,0.7648,0.0,1800.0,0.0,6.3
1430.5,2026-06-05T20:15:55.421375+00:00,78.3987,0.0798,96.2132,-0.1198,0.7648,0.0,1800.0,0.0,6.3
1431.0,2026-06-05T20:15:55.921623+00:00,78.3527,-0.0023,96.2795,-0.1306,0.7648,0.0,1800.0,0.0,6.3
1431.5,2026-06-05T20:15:56.421607+00:00,78.4446,0.0619,96.3305,-0.1004,0.7648,0.0,1800.0,0.0,6.3
1432.0,2026-06-05T20:15:56.921345+00:00,78.388,0.0476,96.2541,-0.0386,0.7648,0.0,1800.0,0.0,6.3
1432.5,2026-06-05T20:15:57.426672+00:00,78.3445,-0.0271,96.1953,-0.0682,0.7648,0.0,1800.0,0.0,6.3
1433.0,2026-06-05T20:15:57.921619+00:00,78.4383,0.0428,96.1501,-0.0525,0.7648,0.0,1800.0,0.0,6.3
1433.5,2026-06-05T20:15:58.421233+00:00,78.5105,0.0329,96.1154,-0.0326,0.7648,0.0,1800.0,0.0,6.3
1434.0,2026-06-05T20:15:58.921686+00:00,78.4386,0.0253,95.973,-0.1022,0.7648,0.0,1800.0,0.0,6.3
1434.5,2026-06-05T20:15:59.421197+00:00,78.5107,0.0831,96.0949,-0.0785,0.7648,0.0,1800.0,0.0,6.3
1435.0,2026-06-05T20:15:59.930262+00:00,78.4388,0.0002,96.073,-0.0604,0.7648,0.0,1800.0,0.0,6.3
1435.5,2026-06-05T20:16:00.421205+00:00,78.5108,0.0002,96.1718,-0.0078,0.7648,0.0,1800.0,0.0,6.3
1436.0,2026-06-05T20:16:00.921228+00:00,78.4389,0.0001,96.2477,0.0325,0.7648,0.0,1800.0,0.0,6.3
1436.5,2026-06-05T20:16:01.421205+00:00,78.3836,-0.0635,96.3061,0.0636,0.7648,0.0,1800.0,0.0,6.3
1437.0,2026-06-05T20:16:01.921178+00:00,78.3411,-0.0488,96.351,0.126,0.7648,0.0,1800.0,0.0,6.3
1437.5,2026-06-05T20:16:02.428906+00:00,78.3085,-0.1012,96.5012,0.1354,0.7648,0.0,1800.0,0.0,6.3
1438.0,2026-06-05T20:16:02.921442+00:00,78.2834,-0.0778,96.6166,0.1812,0.7648,0.0,1800.0,0.0,6.3512
1438.5,2026-06-05T20:16:03.421177+00:00,78.1368,-0.1234,96.7053,0.1778,0.7648,0.0,1800.0,0.0,6.3762
1439.0,2026-06-05T20:16:03.921755+00:00,78.0242,-0.1585,96.6578,0.1367,0.7648,0.0,1800.0,0.0,6.3884
1439.5,2026-06-05T20:16:04.421335+00:00,77.9376,-0.1854,96.737,0.1436,0.7648,0.0,1800.0,0.0,6.3943
1440.0,2026-06-05T20:16:04.927498+00:00,78.2528,-0.0153,96.9135,0.1875,0.7648,0.0,1800.0,0.0,6.3972
1440.500377,2026-06-05T20:16:05.422118+00:00,78.3679,0.1155,96.8179,0.1056,0.7648,0.0,1800.0,0.0,6.3474
1441.0,2026-06-05T20:16:05.921228+00:00,78.4563,0.2161,96.6286,0.004,0.7648,0.0,1800.0,0.0,6.3232
1441.501262,2026-06-05T20:16:06.422572+00:00,78.1425,0.1024,96.5988,-0.0355,0.7648,0.0,1800.0,0.0,6.3113
1442.0,2026-06-05T20:16:06.921613+00:00,78.4103,0.0787,96.576,-0.0273,0.7648,0.0,1800.0,0.0,6.3055
1442.5,2026-06-05T20:16:07.427418+00:00,78.4889,0.0605,96.5584,-0.0595,0.7648,0.0,1800.0,0.0,6.3539
1443.0,2026-06-05T20:16:07.921258+00:00,78.2948,-0.0808,96.6606,-0.0843,0.7648,0.0,1800.0,0.0,6.3775
1443.5,2026-06-05T20:16:08.421183+00:00,78.4001,0.1288,96.5077,-0.1034,0.7648,0.0,1800.0,0.0,6.389
1444.0,2026-06-05T20:16:08.921239+00:00,78.6084,0.099,96.6216,-0.0023,0.7648,0.0,1800.0,0.0,6.3946
1444.5,2026-06-05T20:16:09.421364+00:00,78.3866,-0.0512,96.7092,0.0368,0.7648,0.0,1800.0,0.0,6.3974
1445.0,2026-06-05T20:16:09.925307+00:00,78.4707,0.0879,96.7765,0.0668,0.7648,0.0,1800.0,0.0,6.3987
1445.5,2026-06-05T20:16:10.421261+00:00,78.5353,0.0676,96.8282,0.0899,0.7648,0.0,1800.0,0.0,6.3994
1446.0,2026-06-05T20:16:10.921277+00:00,78.4577,-0.0753,96.868,0.0691,0.7648,0.0,1800.0,0.0,6.3997
1446.5,2026-06-05T20:16:11.421482+00:00,78.6526,0.133,96.8985,0.1303,0.7648,0.0,1800.0,0.0,6.3999
1447.0,2026-06-05T20:16:11.921219+00:00,78.5479,0.0386,96.922,0.1001,0.7648,0.0,1800.0,0.0,6.3999
1447.5,2026-06-05T20:16:12.430468+00:00,78.4674,-0.034,96.8243,0.0384,0.7648,0.0,1800.0,0.0,6.3488
1448.0,2026-06-05T20:16:12.921214+00:00,78.4055,-0.0261,96.6336,-0.0476,0.7648,0.0,1800.0,0.0,6.375
1448.5,2026-06-05T20:16:13.421208+00:00,78.4852,-0.0837,96.6027,-0.0752,0.7648,0.0,1800.0,0.0,6.3878
1449.0,2026-06-05T20:16:13.921167+00:00,78.5465,-0.0007,96.5789,-0.0963,0.7648,0.0,1800.0,0.0,6.394
1449.5,2026-06-05T20:16:14.421172+00:00,78.5936,0.0631,96.445,-0.1512,0.7648,0.0,1800.0,0.0,6.3459
1450.0,2026-06-05T20:16:14.925827+00:00,78.5025,0.0485,96.4577,-0.1548,0.7648,0.0,1800.0,0.0,6.3224
1450.5,2026-06-05T20:16:15.421218+00:00,78.4325,-0.0264,96.3518,-0.1575,0.7648,0.0,1800.0,0.0,6.3109
1451.0,2026-06-05T20:16:15.921182+00:00,78.506,-0.0203,96.3861,-0.0825,0.7648,0.0,1800.0,0.0,6.3053
1451.5,2026-06-05T20:16:16.421218+00:00,78.4352,-0.0792,96.5281,-0.0248,0.7648,0.0,1800.0,0.0,6.3026
1452.0,2026-06-05T20:16:16.921374+00:00,78.508,0.0028,96.6373,0.0195,0.7648,0.0,1800.0,0.0,6.3013
1452.5,2026-06-05T20:16:17.426957+00:00,78.4367,0.0021,96.4899,0.015,0.7648,0.0,1800.0,0.0,6.3006
1453.0,2026-06-05T20:16:17.921245+00:00,78.5092,0.0016,96.6079,0.0501,0.7648,0.0,1800.0,0.0,6.3003
1453.5,2026-06-05T20:16:18.421194+00:00,78.5649,0.0649,96.4672,0.0385,0.7648,0.0,1800.0,0.0,6.3001
1454.0,2026-06-05T20:16:18.921373+00:00,78.6078,0.0499,96.3591,-0.009,0.7648,0.0,1800.0,0.0,6.3001
1454.5,2026-06-05T20:16:19.421219+00:00,78.6407,0.102,96.3917,-0.0455,0.7648,0.0,1800.0,0.0,6.3
1455.0,2026-06-05T20:16:19.930146+00:00,78.666,0.0784,96.3011,-0.1121,0.7648,0.0,1800.0,0.0,6.3
1455.5,2026-06-05T20:16:20.421615+00:00,78.5582,-0.0034,96.3471,-0.0476,0.7648,0.0,1800.0,0.0,6.3
1456.0,2026-06-05T20:16:20.925613+00:00,78.4753,-0.0662,96.3825,-0.0751,0.7648,0.0,1800.0,0.0,6.3
1456.5,2026-06-05T20:16:21.423046+00:00,78.5388,-0.0509,96.4097,-0.0192,0.7648,0.0,1800.0,0.0,6.3
1457.0,2026-06-05T20:16:21.921191+00:00,78.5877,-0.0391,96.5463,0.0624,0.7648,0.0,1800.0,0.0,6.3
1457.5,2026-06-05T20:16:22.429285+00:00,78.6253,0.0336,96.4199,0.0094,0.7648,0.0,1800.0,0.0,6.3
1458.0,2026-06-05T20:16:22.921218+00:00,78.6541,0.0894,96.3227,0.0072,0.7648,0.0,1800.0,0.0,6.3
1458.5,2026-06-05T20:16:23.421197+00:00,78.549,0.0051,96.1323,-0.0716,0.7648,0.0,1800.0,0.0,6.3
1459.0,2026-06-05T20:16:23.921168+00:00,78.4683,-0.0597,96.2174,-0.055,0.7648,0.0,1800.0,0.0,6.3
1459.5,2026-06-05T20:16:24.421199+00:00,78.4062,-0.1095,96.3985,-0.0037,0.7648,0.0,1800.0,0.0,6.3512
1460.0,2026-06-05T20:16:24.926579+00:00,78.4858,-0.0842,96.422,-0.0414,0.7648,0.0,1800.0,0.0,6.3762
1460.5,2026-06-05T20:16:25.421186+00:00,78.5469,-0.0011,96.44,0.0067,0.7648,0.0,1800.0,0.0,6.3884
1461.0,2026-06-05T20:16:25.921198+00:00,78.5939,0.0628,96.4539,0.0437,0.7648,0.0,1800.0,0.0,6.3943
1461.5,2026-06-05T20:16:26.421381+00:00,78.5027,0.0483,96.4646,0.1107,0.7648,0.0,1800.0,0.0,6.3972
1462.0,2026-06-05T20:16:26.921189+00:00,78.56,0.0371,96.4728,0.0851,0.7648,0.0,1800.0,0.0,6.3986
1462.5,2026-06-05T20:16:27.425366+00:00,78.7312,0.0922,96.2477,-0.0503,0.7648,0.0,1800.0,0.0,6.3993
1463.0,2026-06-05T20:16:27.922474+00:00,78.6083,0.0072,96.3061,-0.0386,0.7648,0.0,1800.0,0.0,6.3997
1463.5,2026-06-05T20:16:28.421267+00:00,78.5138,0.0055,96.3509,-0.0297,0.7648,0.0,1800.0,0.0,6.3998
1464.0,2026-06-05T20:16:28.921289+00:00,78.5685,0.0043,96.3854,-0.0228,0.7648,0.0,1800.0,0.0,6.3999
1464.5,2026-06-05T20:16:29.421503+00:00,78.3559,-0.1876,96.4119,-0.0175,0.7648,0.0,1800.0,0.0,6.4
1465.0,2026-06-05T20:16:29.928533+00:00,78.3198,-0.1442,96.4092,-0.0212,0.7648,0.0,1800.0,0.0,6.3488
1465.5,2026-06-05T20:16:30.421281+00:00,78.4194,-0.0472,96.3145,0.0223,0.7648,0.0,1800.0,0.0,6.375
1466.0,2026-06-05T20:16:30.921494+00:00,78.3686,-0.0999,96.2417,-0.0214,0.7648,0.0,1800.0,0.0,6.3878
1466.5,2026-06-05T20:16:31.421319+00:00,78.4569,0.0505,96.1858,-0.0551,0.7648,0.0,1800.0,0.0,6.394
1467.0,2026-06-05T20:16:31.921225+00:00,78.2702,-0.0248,96.2585,-0.0423,0.7648,0.0,1800.0,0.0,6.3971
1467.5,2026-06-05T20:16:32.426918+00:00,78.2539,-0.0827,96.3144,-0.0325,0.7648,0.0,1800.0,0.0,6.3474
1468.0,2026-06-05T20:16:32.921190+00:00,78.2414,-0.0636,96.2416,-0.0558,0.7648,0.0,1800.0,0.0,6.3231
1468.5,2026-06-05T20:16:33.422733+00:00,78.2319,-0.1125,96.3014,-0.0044,0.7648,0.0,1800.0,0.0,6.3113
1469.0,2026-06-05T20:16:33.921270+00:00,78.0972,-0.0865,96.2317,-0.0034,0.7648,0.0,1800.0,0.0,6.3055
1469.5,2026-06-05T20:16:34.422406+00:00,78.2483,-0.0028,96.1781,-0.0026,0.7648,0.0,1800.0,0.0,6.3027
1470.0,2026-06-05T20:16:34.926469+00:00,78.3644,0.0615,96.2294,-0.0097,0.7648,0.0,1800.0,0.0,6.3013
1470.5,2026-06-05T20:16:35.421195+00:00,78.5809,0.1745,96.0606,-0.0846,0.7648,0.0,1800.0,0.0,6.3006
1471.0,2026-06-05T20:16:35.921273+00:00,78.62,0.2614,96.0466,-0.065,0.7648,0.0,1800.0,0.0,6.2491
1471.5,2026-06-05T20:16:36.421234+00:00,78.6501,0.2009,96.1515,-0.05,0.7648,0.0,1800.0,0.0,6.2752
1472.0,2026-06-05T20:16:36.921504+00:00,78.8005,0.2181,96.1165,-0.0384,0.7648,0.0,1800.0,0.0,6.3391
1472.5,2026-06-05T20:16:37.427184+00:00,78.7888,0.104,96.2052,0.009,0.7648,0.0,1800.0,0.0,6.3191
1473.0,2026-06-05T20:16:37.921466+00:00,78.6526,0.0163,96.2734,0.0147,0.7648,0.0,1800.0,0.0,6.3605
1473.5,2026-06-05T20:16:38.421256+00:00,78.6751,0.0125,96.2102,0.0498,0.7648,0.0,1800.0,0.0,6.3807
1474.0,2026-06-05T20:16:38.921722+00:00,78.5652,-0.1177,96.2772,0.0769,0.7648,0.0,1800.0,0.0,6.3906
1474.5,2026-06-05T20:16:39.421678+00:00,78.4807,-0.1541,96.3056,0.0514,0.7648,0.0,1800.0,0.0,6.3954
1475.0,2026-06-05T20:16:39.927683+00:00,78.2884,-0.1821,96.4663,0.1166,0.7648,0.0,1800.0,0.0,6.3978
1475.5,2026-06-05T20:16:40.421718+00:00,78.3953,-0.1399,96.4741,0.0896,0.7648,0.0,1800.0,0.0,6.3989
1476.0,2026-06-05T20:16:40.921326+00:00,78.3501,-0.1075,96.2487,-0.0082,0.7648,0.0,1800.0,0.0,6.3995
1476.5,2026-06-05T20:16:41.422754+00:00,78.4426,-0.019,96.1911,-0.0063,0.7648,0.0,1800.0,0.0,6.3485
1477.0,2026-06-05T20:16:41.921211+00:00,78.641,0.1763,96.3783,0.0337,0.7648,0.0,1800.0,0.0,6.3237
1477.5,2026-06-05T20:16:42.426826+00:00,78.539,0.0719,96.4065,0.0336,0.7648,0.0,1800.0,0.0,6.3116
1478.0,2026-06-05T20:16:42.921210+00:00,78.5878,0.1189,96.3124,-0.0513,0.7648,0.0,1800.0,0.0,6.3568
1478.5,2026-06-05T20:16:43.421232+00:00,78.4981,0.0277,96.3558,-0.0394,0.7648,0.0,1800.0,0.0,6.3277
1479.0,2026-06-05T20:16:43.922422+00:00,78.5564,-0.0423,96.366,0.0391,0.7648,0.0,1800.0,0.0,6.3135
1479.5,2026-06-05T20:16:44.421258+00:00,78.7284,0.0947,96.397,0.0686,0.7648,0.0,1800.0,0.0,6.3066
1480.0,2026-06-05T20:16:44.926002+00:00,78.4789,-0.0545,96.4209,0.0142,0.7648,0.0,1800.0,0.0,6.3032
1480.5,2026-06-05T20:16:45.421386+00:00,78.6689,0.0854,96.5549,0.0495,0.7648,0.0,1800.0,0.0,6.3016
1481.0,2026-06-05T20:16:45.921406+00:00,78.6877,0.0657,96.4265,0.038,0.7648,0.0,1800.0,0.0,6.3008
1481.5,2026-06-05T20:16:46.421196+00:00,78.7021,-0.0132,96.3278,-0.0093,0.7648,0.0,1800.0,0.0,6.3004
1482.0,2026-06-05T20:16:46.921190+00:00,78.7132,0.1171,96.2519,-0.038,0.7648,0.0,1800.0,0.0,6.3002
1482.5,2026-06-05T20:16:47.426337+00:00,78.5944,-0.0372,96.3093,-0.0292,0.7648,0.0,1800.0,0.0,6.3001
1483.0,2026-06-05T20:16:47.921268+00:00,78.7577,0.035,96.1221,-0.0996,0.7648,0.0,1800.0,0.0,6.3
1483.5,2026-06-05T20:16:48.421162+00:00,78.8832,0.0905,96.3252,-0.0766,0.7648,0.0,1800.0,0.0,6.3
1484.0,2026-06-05T20:16:48.921620+00:00,78.8524,0.0696,96.4814,0.0183,0.7648,0.0,1800.0,0.0,6.3
1484.5,2026-06-05T20:16:49.421219+00:00,78.8287,0.1171,96.6014,0.0912,0.7648,0.0,1800.0,0.0,6.3
1485.0,2026-06-05T20:16:49.927978+00:00,78.8105,0.0264,96.5779,0.1087,0.7648,0.0,1800.0,0.0,6.3
1485.5,2026-06-05T20:16:50.421210+00:00,78.5419,-0.1706,96.6756,0.1221,0.7648,0.0,1800.0,0.0,6.2488
1486.0,2026-06-05T20:16:50.923308+00:00,78.5901,-0.1311,96.635,0.171,0.7648,0.0,1800.0,0.0,6.2238
1486.5,2026-06-05T20:16:51.421214+00:00,78.6271,-0.1008,96.488,0.0543,0.7648,0.0,1800.0,0.0,6.2116
1487.0,2026-06-05T20:16:51.921714+00:00,78.6555,-0.0775,96.4908,0.0031,0.7648,0.0,1800.0,0.0,6.2057
1487.5,2026-06-05T20:16:52.427707+00:00,78.6774,0.0677,96.6086,0.0024,0.7648,0.0,1800.0,0.0,6.2028
1488.0,2026-06-05T20:16:52.921170+00:00,78.8215,0.1157,96.2364,-0.1138,0.7648,0.0,1800.0,0.0,6.2526
1488.5,2026-06-05T20:16:53.421157+00:00,78.9322,0.1526,96.2974,-0.1261,0.7648,0.0,1800.0,0.0,6.2768
1489.0,2026-06-05T20:16:53.921275+00:00,78.89,0.1173,96.2286,-0.1355,0.7648,0.0,1800.0,0.0,6.2887
1489.5,2026-06-05T20:16:54.421187+00:00,78.7304,0.0265,96.2914,-0.0655,0.7648,0.0,1800.0,0.0,6.2945
1490.0,2026-06-05T20:16:54.928766+00:00,78.8622,0.0204,96.1083,-0.1275,0.7648,0.0,1800.0,0.0,6.2973
1490.5,2026-06-05T20:16:55.421273+00:00,78.8362,-0.048,96.1989,-0.1366,0.7648,0.0,1800.0,0.0,6.2987
1491.0,2026-06-05T20:16:55.921512+00:00,78.5617,-0.1642,96.1529,-0.0278,0.7648,0.0,1800.0,0.0,6.2994
1491.5,2026-06-05T20:16:56.421290+00:00,78.7326,0.0011,96.1175,-0.06,0.7648,0.0,1800.0,0.0,6.2997
1492.0,2026-06-05T20:16:56.921408+00:00,78.7366,-0.0628,96.206,-0.0075,0.7648,0.0,1800.0,0.0,6.2998
1492.5,2026-06-05T20:16:57.427855+00:00,78.7397,-0.0483,96.274,-0.0058,0.7648,0.0,1800.0,0.0,6.2999
1493.0,2026-06-05T20:16:57.921406+00:00,78.7421,0.0902,96.442,0.1113,0.7648,0.0,1800.0,0.0,6.3
1493.500079,2026-06-05T20:16:58.421606+00:00,78.8712,0.0693,96.224,0.0084,0.7648,0.0,1800.0,0.0,6.3
1494.0,2026-06-05T20:16:58.923842+00:00,78.8431,0.0533,96.1722,0.0064,0.7648,0.0,1800.0,0.0,6.3
1494.5,2026-06-05T20:16:59.421215+00:00,78.9489,0.1046,96.2481,0.0435,0.7648,0.0,1800.0,0.0,6.3
1495.0,2026-06-05T20:16:59.926732+00:00,78.9028,0.0804,96.1907,-0.0051,0.7648,0.0,1800.0,0.0,6.3
1495.5,2026-06-05T20:17:00.421191+00:00,78.8675,-0.0019,96.1465,-0.0425,0.7648,0.0,1800.0,0.0,6.3
1496.0,2026-06-05T20:17:00.921236+00:00,78.9676,0.0622,96.344,-0.0327,0.7648,0.0,1800.0,0.0,6.3
1496.5,2026-06-05T20:17:01.421227+00:00,78.7899,-0.0795,96.3801,0.052,0.7648,0.0,1800.0,0.0,6.3512
1497.0,2026-06-05T20:17:01.921203+00:00,78.6534,-0.1247,96.4079,0.0786,0.7648,0.0,1800.0,0.0,6.3762
1497.5,2026-06-05T20:17:02.430650+00:00,78.803,-0.0322,96.4292,0.0604,0.7648,0.0,1800.0,0.0,6.3884
1498.0,2026-06-05T20:17:02.921209+00:00,78.918,-0.0248,96.3299,0.0464,0.7648,0.0,1800.0,0.0,6.3943
1498.5,2026-06-05T20:17:03.421192+00:00,78.8792,0.0446,96.2535,0.0357,0.7648,0.0,1800.0,0.0,6.346
1499.0,2026-06-05T20:17:03.921491+00:00,78.722,0.0343,96.1949,-0.0497,0.7648,0.0,1800.0,0.0,6.3225
1499.5,2026-06-05T20:17:04.421374+00:00,78.6012,-0.1009,96.3812,0.0004,0.7648,0.0,1800.0,0.0,6.311
1500.000301,2026-06-05T20:17:04.926858+00:00,78.5084,-0.2048,96.4087,0.0003,0.7648,0.0,1800.0,0.0,6.3053
1500.5,2026-06-05T20:17:05.421722+00:00,78.8188,-0.0302,96.5455,0.0388,0.7648,0.0,1800.0,0.0,6.3026
1501.0,2026-06-05T20:17:05.921274+00:00,78.9302,0.1041,96.4193,0.0298,0.7648,0.0,1800.0,0.0,6.3013
1501.5,2026-06-05T20:17:06.421247+00:00,78.6339,0.0164,96.3223,0.0229,0.7648,0.0,1800.0,0.0,6.3006
1502.0,2026-06-05T20:17:06.921193+00:00,78.6608,0.0762,96.3634,0.0562,0.7648,0.0,1800.0,0.0,6.3003
1502.5,2026-06-05T20:17:07.428378+00:00,78.5542,-0.1323,96.0479,-0.1111,0.7648,0.0,1800.0,0.0,6.3001
1503.0,2026-06-05T20:17:07.921558+00:00,78.4722,-0.229,95.8054,-0.2011,0.7648,0.0,1800.0,0.0,6.3001
1503.5,2026-06-05T20:17:08.421239+00:00,78.6638,0.0149,95.7347,-0.2703,0.7648,0.0,1800.0,0.0,6.3
1504.0,2026-06-05T20:17:08.921704+00:00,78.5564,-0.0522,95.7961,-0.2077,0.7648,0.0,1800.0,0.0,6.3
1504.5,2026-06-05T20:17:09.421488+00:00,78.6012,0.0235,95.8433,-0.1597,0.7648,0.0,1800.0,0.0,6.3
1505.0,2026-06-05T20:17:09.928339+00:00,78.6357,0.0817,95.7639,-0.1998,0.7648,0.0,1800.0,0.0,6.3
1505.5,2026-06-05T20:17:10.421264+00:00,78.7894,0.0628,95.8185,-0.0765,0.7648,0.0,1800.0,0.0,6.3
1506.0,2026-06-05T20:17:10.921209+00:00,78.653,0.0483,96.0919,0.0955,0.7648,0.0,1800.0,0.0,6.2488
1506.500122,2026-06-05T20:17:11.421760+00:00,78.6754,0.0371,96.0706,0.112,0.7648,0.0,1800.0,0.0,6.2238
1507.0,2026-06-05T20:17:11.921249+00:00,78.82,0.0922,96.17,0.1246,0.7648,0.0,1800.0,0.0,6.2116
1507.5,2026-06-05T20:17:12.427078+00:00,78.931,0.0708,96.2464,0.1344,0.7648,0.0,1800.0,0.0,6.2057
1508.0,2026-06-05T20:17:12.921231+00:00,78.8892,0.1181,96.2819,0.1727,0.7648,0.0,1800.0,0.0,6.254
1508.5,2026-06-05T20:17:13.421272+00:00,78.857,0.0908,96.4481,0.2099,0.7648,0.0,1800.0,0.0,6.2775
1509.0,2026-06-05T20:17:13.921250+00:00,78.9595,0.0698,96.5758,0.1613,0.7648,0.0,1800.0,0.0,6.289
1509.5,2026-06-05T20:17:14.421424+00:00,78.911,-0.01,96.674,0.2011,0.7648,0.0,1800.0,0.0,6.2947
1510.0,2026-06-05T20:17:14.926451+00:00,78.8737,-0.0077,96.6337,0.1546,0.7648,0.0,1800.0,0.0,6.2974
1510.5,2026-06-05T20:17:15.421209+00:00,78.7178,-0.0696,96.6028,0.1188,0.7648,0.0,1800.0,0.0,6.2987
1511.0,2026-06-05T20:17:15.921608+00:00,78.7253,-0.1171,96.6947,0.1376,0.7648,0.0,1800.0,0.0,6.2994
1511.5,2026-06-05T20:17:16.421473+00:00,78.4765,-0.2173,96.6265,0.0595,0.7648,0.0,1800.0,0.0,6.2997
1512.0,2026-06-05T20:17:16.921564+00:00,78.5398,-0.167,96.5972,0.0071,0.7648,0.0,1800.0,0.0,6.2999
1512.5,2026-06-05T20:17:17.426522+00:00,78.4611,-0.1284,96.6904,0.0055,0.7648,0.0,1800.0,0.0,6.2999
1513.0,2026-06-05T20:17:17.921917+00:00,78.528,-0.0987,96.6464,0.0042,0.7648,0.0,1800.0,0.0,6.3512
1513.5,2026-06-05T20:17:18.421250+00:00,78.7066,0.1151,96.6125,0.0032,0.7648,0.0,1800.0,0.0,6.3762
1514.0,2026-06-05T20:17:18.921837+00:00,78.8439,0.1521,96.4708,-0.0746,0.7648,0.0,1800.0,0.0,6.3372
1514.5,2026-06-05T20:17:19.421251+00:00,78.9495,0.2442,96.4775,-0.0497,0.7648,0.0,1800.0,0.0,6.3181
1515.0,2026-06-05T20:17:19.925430+00:00,79.0306,0.2513,96.5984,0.0004,0.7648,0.0,1800.0,0.0,6.3089
1515.5,2026-06-05T20:17:20.421191+00:00,79.0929,0.1931,96.6914,0.0003,0.7648,0.0,1800.0,0.0,6.3043
1516.0,2026-06-05T20:17:20.921275+00:00,78.8863,0.0212,96.5314,-0.0383,0.7648,0.0,1800.0,0.0,6.3021
1516.5,2026-06-05T20:17:21.421342+00:00,78.982,0.0163,96.5241,-0.0295,0.7648,0.0,1800.0,0.0,6.301
1517.0,2026-06-05T20:17:21.921257+00:00,78.8011,-0.1148,96.5185,0.0159,0.7648,0.0,1800.0,0.0,6.3005
1517.5,2026-06-05T20:17:22.426030+00:00,78.7893,-0.1518,96.5142,0.0122,0.7648,0.0,1800.0,0.0,6.3002
1518.0,2026-06-05T20:17:22.921200+00:00,78.9074,0.0106,96.5109,-0.0292,0.7648,0.0,1800.0,0.0,6.3513
1518.5,2026-06-05T20:17:23.421573+00:00,78.871,-0.0555,96.277,-0.1381,0.7648,0.0,1800.0,0.0,6.325
1519.0,2026-06-05T20:17:23.921192+00:00,78.843,0.021,96.2129,-0.1062,0.7648,0.0,1800.0,0.0,6.3122
1519.5,2026-06-05T20:17:24.421215+00:00,79.076,0.1434,96.1636,-0.1202,0.7648,0.0,1800.0,0.0,6.306
1520.0,2026-06-05T20:17:24.928709+00:00,79.1279,0.1102,96.1258,-0.1309,0.7648,0.0,1800.0,0.0,6.3029
1520.5,2026-06-05T20:17:25.421295+00:00,79.1677,0.1483,96.0967,-0.1392,0.7648,0.0,1800.0,0.0,6.3014
1521.000403,2026-06-05T20:17:25.921670+00:00,78.9438,0.0504,96.0743,-0.1455,0.7648,0.0,1622.97,-177.03,6.3007
1521.5,2026-06-05T20:17:26.422866+00:00,78.8989,-0.0885,96.2885,0.0038,0.7648,0.0,1550.4054,-249.5946,6.3003
1522.0,2026-06-05T20:17:26.921842+00:00,78.4827,-0.3226,96.3606,0.0492,0.7648,0.0,1520.6612,-102.3088,6.3002
1522.5,2026-06-05T20:17:27.432045+00:00,78.4172,-0.3752,96.2771,0.0378,0.7561,-0.0087,1508.469,-41.9364,6.3513
1523.0,2026-06-05T20:17:27.921545+00:00,78.4942,-0.2248,96.4676,0.1139,0.7525,-0.0123,1503.4714,-17.1897,6.3762
1523.5,2026-06-05T20:17:28.422061+00:00,78.5534,-0.1727,96.7065,0.2033,0.751,-0.005,1501.4229,-7.0461,6.3884
1524.0,2026-06-05T20:17:28.922548+00:00,78.3444,-0.0691,96.6587,0.1948,0.7504,-0.0021,1500.5833,-2.8882,6.3943
1524.5,2026-06-05T20:17:29.422076+00:00,78.0564,-0.1804,96.8534,0.1883,0.7502,-0.0008,1500.2391,-1.1839,6.346
1525.0,2026-06-05T20:17:29.930022+00:00,78.0896,-0.2023,96.7716,0.137,0.7501,-0.0003,1500.098,-0.4853,6.3225
1525.5,2026-06-05T20:17:30.421257+00:00,77.9879,-0.2828,96.8245,0.1824,0.75,-0.0001,1500.0402,-0.1989,6.3622
1526.0,2026-06-05T20:17:30.921375+00:00,78.1643,-0.0901,96.9808,0.1711,0.75,-0.0001,1500.0165,-0.0815,6.3815
1526.5,2026-06-05T20:17:31.421272+00:00,78.1725,0.0581,96.8695,0.0544,0.75,-0.0,1500.0067,-0.0334,6.3398
1527.0,2026-06-05T20:17:31.921302+00:00,77.9243,-0.0827,96.8997,0.0803,0.75,-0.0,1500.0028,-0.0137,6.3194
1527.5,2026-06-05T20:17:32.429061+00:00,78.1154,0.0637,96.9229,0.0232,0.75,-0.0,1500.0011,-0.0056,6.3095
1528.0,2026-06-05T20:17:32.921733+00:00,77.8804,-0.1419,96.8251,0.0178,0.75,-0.0,1500.0005,-0.0023,6.3558
1528.5,2026-06-05T20:17:33.421254+00:00,77.9544,-0.1091,96.8655,0.0137,0.75,-0.0,1500.0002,-0.0009,6.3784
1529.0,2026-06-05T20:17:33.921385+00:00,78.0112,0.0434,96.7578,-0.0743,0.75,-0.0,1500.0001,-0.0004,6.3895
1529.5,2026-06-05T20:17:34.421268+00:00,77.8004,-0.1575,96.5825,-0.0957,0.75,-0.0,1500.0,-0.0002,6.3437
1530.0,2026-06-05T20:17:34.928712+00:00,77.8928,0.0062,96.5402,-0.1198,0.75,-0.0,1500.0,-0.0001,6.3213
1530.5,2026-06-05T20:17:35.421906+00:00,77.9639,0.0048,96.5078,-0.1384,0.75,-0.0,1500.0,-0.0,6.3104
1531.0,2026-06-05T20:17:35.921274+00:00,78.0185,0.0037,96.3903,-0.1449,0.75,-0.0,1500.0,-0.0,6.3051
1531.5,2026-06-05T20:17:36.421733+00:00,78.0605,0.1301,96.5314,-0.1114,0.75,-0.0,1500.0,-0.0,6.3025
1532.0,2026-06-05T20:17:36.921271+00:00,77.9655,0.0363,96.7555,-0.0008,0.75,-0.0,1500.0,-0.0,6.3012
1532.5,2026-06-05T20:17:37.428227+00:00,77.8925,-0.0357,96.5575,-0.0083,0.75,-0.0,1500.0,-0.0,6.3006
1533.0,2026-06-05T20:17:37.921430+00:00,77.8364,-0.0911,96.5442,0.0013,0.75,-0.0,1500.0,-0.0,6.3003
1533.5,2026-06-05T20:17:38.421396+00:00,77.7933,-0.1336,96.4183,-0.0298,0.75,-0.0,1500.0,-0.0,6.3001
1534.0,2026-06-05T20:17:38.921574+00:00,77.7601,-0.1027,96.5529,0.0542,0.75,-0.0,1500.0,-0.0,6.3001
1534.5,2026-06-05T20:17:39.421546+00:00,77.7346,-0.0789,96.5175,-0.0046,0.75,-0.0,1500.0,-0.0,6.3
1535.0,2026-06-05T20:17:39.927033+00:00,77.7151,-0.0607,96.4903,-0.0884,0.75,-0.0,1500.0,-0.0,6.3
1535.5,2026-06-05T20:17:40.421232+00:00,77.5727,-0.1103,96.4926,-0.0217,0.75,-0.0,1500.0,-0.0,6.3
1536.0,2026-06-05T20:17:40.921685+00:00,77.4633,-0.1484,96.61,0.0219,0.75,-0.0,1500.0,-0.0,6.3
1536.5,2026-06-05T20:17:41.421555+00:00,77.6338,-0.0504,96.492,0.0246,0.75,-0.0,1500.0,-0.0,6.3
1537.0,2026-06-05T20:17:41.921458+00:00,77.7648,0.0249,96.4938,-0.0197,0.75,-0.0,1500.0,-0.0,6.3
1537.5,2026-06-05T20:17:42.426628+00:00,77.7383,0.0828,96.4953,-0.0074,0.75,-0.0,1500.0,-0.0,6.3
1538.0,2026-06-05T20:17:42.924719+00:00,77.7178,0.1272,96.3807,-0.0366,0.75,-0.0,1500.0,-0.0,6.3
1538.5,2026-06-05T20:17:43.421225+00:00,77.8294,0.0978,96.2926,-0.0667,0.75,-0.0,1500.0,-0.0,6.3
1539.0,2026-06-05T20:17:43.921543+00:00,78.0424,0.1388,96.4563,-0.0512,0.75,-0.0,1500.0,-0.0,6.3
1539.5,2026-06-05T20:17:44.421291+00:00,77.9516,0.1067,96.4664,-0.0085,0.75,-0.0,1500.0,-0.0,6.3
1540.000053,2026-06-05T20:17:44.928743+00:00,77.6273,-0.0453,96.4742,-0.0066,0.75,-0.0,1500.0,-0.0,6.3
1540.5,2026-06-05T20:17:45.421343+00:00,77.7598,-0.0348,96.4801,-0.005,0.75,-0.0,1500.0,-0.0,6.3
1541.0,2026-06-05T20:17:45.921278+00:00,77.6071,-0.2176,96.2533,-0.0424,0.75,-0.0,1500.0,-0.0,6.3512
1541.5,2026-06-05T20:17:46.421365+00:00,77.6171,-0.1673,96.1947,-0.0326,0.75,0.0,1500.0,0.0,6.325
1542.0,2026-06-05T20:17:46.921324+00:00,77.3701,-0.1286,96.4968,0.0135,0.75,0.0,1500.0,0.0,6.3122
1542.5,2026-06-05T20:17:47.428489+00:00,77.3076,-0.2261,96.3818,-0.0282,0.75,0.0,1500.0,0.0,6.306
1543.0,2026-06-05T20:17:47.921245+00:00,77.3869,-0.1101,96.5249,0.0169,0.75,0.0,1500.0,0.0,6.3029
1543.500443,2026-06-05T20:17:48.421662+00:00,77.3205,-0.1483,96.5191,0.013,0.75,0.0,1500.0,0.0,6.3014
1544.0,2026-06-05T20:17:48.921260+00:00,77.2695,-0.0503,96.399,0.0485,0.75,0.0,1500.0,0.0,6.3007
1544.5,2026-06-05T20:17:49.421621+00:00,77.2302,-0.0387,96.3992,0.0682,0.75,0.0,1500.0,0.0,6.3003
1545.00086,2026-06-05T20:17:49.932088+00:00,77.2001,-0.0934,96.4225,-0.0247,0.75,0.0,1500.0,0.0,6.3002
1545.5,2026-06-05T20:17:50.421254+00:00,77.3042,-0.0081,96.4405,0.0196,0.75,0.0,1500.0,0.0,6.3001
1546.0,2026-06-05T20:17:50.921285+00:00,77.3842,0.0574,96.5699,0.015,0.75,0.0,1500.0,0.0,6.3
1546.5,2026-06-05T20:17:51.421359+00:00,77.3185,0.0441,96.5306,0.0038,0.75,0.0,1500.0,0.0,6.3
1547.0,2026-06-05T20:17:51.922929+00:00,77.3952,0.0975,96.269,-0.0433,0.75,0.0,1500.0,0.0,6.2488
1547.5,2026-06-05T20:17:52.427220+00:00,77.3269,0.0113,96.2067,-0.0642,0.75,0.0,1500.0,0.0,6.275
1548.000265,2026-06-05T20:17:52.921546+00:00,77.5289,0.0723,96.1589,-0.0879,0.75,0.0,1500.0,0.0,6.2878
1548.5,2026-06-05T20:17:53.421370+00:00,77.4297,0.0556,96.3535,-0.029,0.75,0.0,1500.0,0.0,6.2941
1549.0,2026-06-05T20:17:53.921380+00:00,77.6079,0.1064,96.3874,-0.0608,0.75,0.0,1500.0,0.0,6.2971
1549.500452,2026-06-05T20:17:54.421723+00:00,77.6177,0.1454,96.4135,-0.039,0.75,0.0,1500.0,0.0,6.2986
1550.0,2026-06-05T20:17:54.927302+00:00,77.6251,0.0481,96.3178,0.0163,0.75,0.0,1500.0,0.0,6.2993
1550.5,2026-06-05T20:17:55.421264+00:00,77.6309,0.1006,96.3368,0.0434,0.75,0.0,1500.0,0.0,6.2997
1551.0,2026-06-05T20:17:55.921257+00:00,77.508,-0.0499,96.3746,0.0719,0.75,0.0,1500.0,0.0,6.2998
1551.5,2026-06-05T20:17:56.421314+00:00,77.4136,-0.102,96.4036,0.0167,0.75,0.0,1500.0,0.0,6.2999
1552.0,2026-06-05T20:17:56.922711+00:00,77.3411,-0.142,96.5416,0.0514,0.75,0.0,1500.0,0.0,6.3
1552.5,2026-06-05T20:17:57.427391+00:00,77.2853,-0.1728,96.3931,-0.0068,0.75,0.0,1500.0,0.0,6.3
1553.0,2026-06-05T20:17:57.922259+00:00,77.3697,-0.0692,96.6493,0.1105,0.75,0.0,1500.0,0.0,6.3512
1553.5,2026-06-05T20:17:58.421667+00:00,77.4345,0.0105,96.7304,0.1312,0.75,0.0,1500.0,0.0,6.3762
1554.0,2026-06-05T20:17:58.921247+00:00,77.3571,0.008,96.654,0.0931,0.75,0.0,1500.0,0.0,6.3884
1554.5,2026-06-05T20:17:59.421246+00:00,77.2976,0.0062,96.5026,0.033,0.75,0.0,1500.0,0.0,6.3943
1555.0,2026-06-05T20:17:59.926748+00:00,77.3792,0.0047,96.4789,-0.0209,0.75,0.0,1500.0,0.0,6.4484
1555.5,2026-06-05T20:18:00.421295+00:00,77.3146,-0.06,96.3681,-0.0084,0.75,0.0,1500.0,0.0,6.4236
1556.0,2026-06-05T20:18:00.921317+00:00,77.3922,0.0175,96.3986,-0.0836,0.75,0.0,1500.0,0.0,6.4115
1556.5,2026-06-05T20:18:01.421664+00:00,77.4518,0.0771,96.5378,-0.0642,0.75,0.0,1500.0,0.0,6.4568
1557.0,2026-06-05T20:18:01.921222+00:00,77.3704,-0.0044,96.529,-0.0416,0.75,0.0,1500.0,0.0,6.4277
1557.5,2026-06-05T20:18:02.426314+00:00,77.3079,-0.0034,96.5223,0.0066,0.75,0.0,1500.0,0.0,6.4135
1558.000242,2026-06-05T20:18:02.921575+00:00,77.1325,-0.1299,96.6328,0.0513,0.75,0.0,1500.0,0.0,6.4066
1558.5,2026-06-05T20:18:03.421316+00:00,77.125,-0.1634,96.7178,0.1166,0.75,0.0,1500.0,0.0,6.4032
1559.0,2026-06-05T20:18:03.921352+00:00,77.3737,0.0017,96.7831,0.1282,0.75,0.0,1500.0,0.0,6.4016
1559.5,2026-06-05T20:18:04.421297+00:00,77.3104,0.0013,96.7176,0.0599,0.75,0.0,1500.0,0.0,6.4008
1560.0,2026-06-05T20:18:04.926453+00:00,77.389,0.1282,96.7829,0.0846,0.75,0.0,1500.0,0.0,6.4004
1560.5,2026-06-05T20:18:05.421606+00:00,77.3221,0.0986,96.8332,0.1036,0.75,0.0,1500.0,0.0,6.4002
1561.0,2026-06-05T20:18:05.921260+00:00,77.2707,-0.0515,96.7561,0.0411,0.75,0.0,1500.0,0.0,6.4001
1561.5,2026-06-05T20:18:06.421618+00:00,77.3585,0.024,96.8125,0.0316,0.75,0.0,1500.0,0.0,6.4
1562.0,2026-06-05T20:18:06.921365+00:00,77.4259,0.0185,96.8559,0.0243,0.75,0.0,1500.0,0.0,6.4
1562.5,2026-06-05T20:18:07.427746+00:00,77.4778,0.0778,96.7735,0.0187,0.75,0.0,1500.0,0.0,6.3488
1563.0,2026-06-05T20:18:07.921322+00:00,77.5176,0.1235,96.8259,0.0143,0.75,0.0,1500.0,0.0,6.375
1563.5,2026-06-05T20:18:08.421279+00:00,77.5483,0.0949,96.7505,-0.0275,0.75,0.0,1500.0,0.0,6.3878
1564.0,2026-06-05T20:18:08.921398+00:00,77.5718,0.0729,96.924,0.056,0.75,0.0,1500.0,0.0,6.3941
1564.5,2026-06-05T20:18:09.421936+00:00,77.5899,0.0561,97.0572,0.0816,0.75,0.0,1500.0,0.0,6.3971
1565.0,2026-06-05T20:18:09.931229+00:00,77.7311,0.1067,97.044,0.0627,0.75,0.0,1500.0,0.0,6.3986
1565.5,2026-06-05T20:18:10.421282+00:00,77.8396,0.1457,97.0338,0.0868,0.75,0.0,1500.0,0.0,6.3481
1566.0,2026-06-05T20:18:10.921271+00:00,77.7957,0.112,97.026,0.0667,0.75,0.0,1500.0,0.0,6.3235
1566.5,2026-06-05T20:18:11.421344+00:00,77.6347,0.0224,97.02,0.0898,0.75,0.0,1500.0,0.0,6.3115
1567.0,2026-06-05T20:18:11.921484+00:00,77.511,-0.11,97.0154,0.0305,0.75,0.0,1500.0,0.0,6.3056
1567.5,2026-06-05T20:18:12.426222+00:00,77.4159,-0.2118,97.0118,-0.0151,0.75,0.0,1500.0,0.0,6.3027
1568.0,2026-06-05T20:18:12.921238+00:00,77.2155,-0.2901,97.0091,-0.0116,0.75,0.0,1500.0,0.0,6.3013
1568.5,2026-06-05T20:18:13.421270+00:00,77.3161,-0.1593,96.7756,-0.0861,0.75,0.0,1500.0,0.0,6.3006
1569.0,2026-06-05T20:18:13.922310+00:00,77.2661,-0.1225,96.7118,-0.1047,0.75,0.0,1500.0,0.0,6.3003
1569.5,2026-06-05T20:18:14.421243+00:00,77.3549,-0.0305,96.6397,-0.1268,0.75,0.0,1500.0,0.0,6.3002
1570.0,2026-06-05T20:18:14.928763+00:00,77.1687,-0.0234,96.723,-0.0974,0.75,0.0,1500.0,0.0,6.3001
1570.5,2026-06-05T20:18:15.421299+00:00,77.1528,-0.0816,96.7871,-0.0749,0.75,0.0,1500.0,0.0,6.3
1571.0,2026-06-05T20:18:15.921977+00:00,77.1406,-0.0628,96.7207,-0.0961,0.75,0.0,1500.0,0.0,6.3
1571.5,2026-06-05T20:18:16.421340+00:00,77.0039,-0.1755,96.6696,-0.0353,0.75,0.0,1500.0,0.0,6.3
1572.0,2026-06-05T20:18:16.922420+00:00,77.1534,-0.0076,96.6304,-0.0271,0.75,0.0,1500.0,0.0,6.2488
1572.5,2026-06-05T20:18:17.426886+00:00,77.0138,-0.0695,96.6002,-0.0132,0.75,0.0,1500.0,0.0,6.2238
1573.001526,2026-06-05T20:18:17.922776+00:00,77.0337,-0.0534,96.6927,-0.0101,0.75,0.0,1500.0,0.0,6.2628
1573.5,2026-06-05T20:18:18.421251+00:00,76.9218,-0.0411,96.7407,-0.0155,0.75,0.0,1500.0,0.0,6.2819
1574.0,2026-06-05T20:18:18.921638+00:00,76.8358,-0.1588,96.8007,0.0267,0.75,0.0,1500.0,0.0,6.2911
1574.5,2026-06-05T20:18:19.424075+00:00,76.8969,-0.0584,96.5923,-0.0258,0.75,0.0,1500.0,0.0,6.2957
1575.0,2026-06-05T20:18:19.926517+00:00,77.0712,0.0187,96.4321,-0.0661,0.75,0.0,1500.0,0.0,6.2979
1575.5,2026-06-05T20:18:20.421524+00:00,77.0778,0.078,96.4247,-0.0585,0.75,0.0,1500.0,0.0,6.2478
1576.0,2026-06-05T20:18:20.921254+00:00,77.083,0.1236,96.3032,-0.1298,0.75,0.0,1500.0,0.0,6.2233
1576.5,2026-06-05T20:18:21.421239+00:00,77.0869,0.095,96.4413,-0.0998,0.75,0.0,1500.0,0.0,6.2114
1577.0,2026-06-05T20:18:21.921284+00:00,77.0899,0.0094,96.3392,-0.1538,0.75,0.0,1500.0,0.0,6.2056
1577.5,2026-06-05T20:18:22.427734+00:00,76.965,-0.0564,96.2607,-0.1105,0.75,0.0,1500.0,0.0,6.2027
1578.0,2026-06-05T20:18:22.921370+00:00,76.9962,-0.0434,96.4086,-0.0078,0.75,0.0,1500.0,0.0,6.2525
1578.5,2026-06-05T20:18:23.421509+00:00,77.0202,-0.0333,96.3141,-0.0369,0.75,0.0,1500.0,0.0,6.2768
1579.0,2026-06-05T20:18:23.921619+00:00,77.166,0.038,96.2414,-0.0206,0.75,0.0,1500.0,0.0,6.2887
1579.5,2026-06-05T20:18:24.421249+00:00,77.1507,0.0929,96.3938,-0.0158,0.75,0.0,1500.0,0.0,6.2945
1580.0,2026-06-05T20:18:24.926752+00:00,77.139,0.0714,96.3952,0.0187,0.75,0.0,1500.0,0.0,6.2973
1580.5,2026-06-05T20:18:25.421275+00:00,77.13,0.0549,96.0492,-0.0705,0.75,0.0,1500.0,0.0,6.2987
1581.0,2026-06-05T20:18:25.921383+00:00,77.123,-0.0215,96.1304,-0.0927,0.75,0.0,1500.0,0.0,6.2994
1581.5,2026-06-05T20:18:26.421256+00:00,77.3722,0.1108,96.5399,0.0753,0.75,0.0,1500.0,0.0,6.2997
1582.0,2026-06-05T20:18:26.921218+00:00,77.182,0.0215,96.3224,0.027,0.75,0.0,1500.0,0.0,6.2998
1582.5,2026-06-05T20:18:27.425744+00:00,77.0357,-0.0471,96.4792,0.0285,0.75,0.0,1500.0,0.0,6.2487
1583.0,2026-06-05T20:18:27.921372+00:00,77.0506,-0.0362,96.5997,0.0682,0.75,0.0,1500.0,0.0,6.275
1583.5,2026-06-05T20:18:28.421669+00:00,77.1893,-0.0915,96.2295,0.0601,0.75,0.0,1500.0,0.0,6.2878
1584.0,2026-06-05T20:18:28.921306+00:00,77.2959,0.057,96.4078,0.0925,0.75,0.0,1500.0,0.0,6.294
1584.5,2026-06-05T20:18:29.421279+00:00,77.2506,0.1074,96.5449,0.0017,0.75,0.0,1500.0,0.0,6.2971
1585.0,2026-06-05T20:18:29.926084+00:00,77.2157,0.0826,96.1874,-0.045,0.75,0.0,1500.0,0.0,6.2986
1585.500618,2026-06-05T20:18:30.421862+00:00,77.189,-0.0002,96.1209,-0.1194,0.75,0.0,1500.0,0.0,6.3505
1586.0,2026-06-05T20:18:30.921623+00:00,77.1684,-0.0638,96.2086,-0.1304,0.75,0.0,1500.0,0.0,6.3758
1586.5,2026-06-05T20:18:31.421316+00:00,77.0253,-0.1126,96.3917,0.0541,0.75,0.0,1500.0,0.0,6.337
1587.0,2026-06-05T20:18:31.922945+00:00,77.0426,-0.0866,96.5325,0.0416,0.75,0.0,1500.0,0.0,6.3181
1587.5,2026-06-05T20:18:32.430660+00:00,77.0559,-0.0665,96.6407,0.0319,0.75,0.0,1500.0,0.0,6.3088
1588.0,2026-06-05T20:18:32.921555+00:00,77.1933,0.0125,96.7238,0.1788,0.75,0.0,1500.0,0.0,6.3555
1588.5,2026-06-05T20:18:33.421341+00:00,77.1717,0.0732,96.7877,0.2223,0.75,0.0,1500.0,0.0,6.3783
1589.0,2026-06-05T20:18:33.923438+00:00,77.1551,0.0563,96.5823,0.1246,0.75,0.0,1500.0,0.0,6.3894
1589.5,2026-06-05T20:18:34.421306+00:00,77.1424,0.0433,96.679,0.0957,0.75,0.0,1500.0,0.0,6.3948
1590.0,2026-06-05T20:18:34.926469+00:00,77.1326,-0.0304,96.8689,0.1122,0.75,0.0,1500.0,0.0,6.3975
1590.5,2026-06-05T20:18:35.421228+00:00,77.2523,0.0403,96.7836,0.0476,0.75,0.0,1500.0,0.0,6.3476
1591.0,2026-06-05T20:18:35.921760+00:00,77.0898,-0.0327,96.8337,0.0366,0.75,0.0,1500.0,0.0,6.3232
1591.5,2026-06-05T20:18:36.421267+00:00,76.9649,-0.0887,96.8721,0.0281,0.75,0.0,1500.0,0.0,6.3113
1592.0,2026-06-05T20:18:36.921361+00:00,76.9962,-0.0682,96.9017,0.1065,0.75,0.0,1500.0,0.0,6.3055
1592.5,2026-06-05T20:18:37.429139+00:00,77.0202,-0.1161,96.8088,0.0433,0.75,0.0,1500.0,0.0,6.3027
1593.000659,2026-06-05T20:18:37.921983+00:00,77.0387,-0.0256,96.7605,-0.0362,0.75,0.0,1500.0,0.0,6.3013
1593.5,2026-06-05T20:18:38.421388+00:00,76.9256,-0.0197,96.6771,-0.0355,0.75,0.0,1500.0,0.0,6.3006
1594.0,2026-06-05T20:18:38.921669+00:00,76.9659,-0.0151,96.6361,-0.0659,0.75,0.0,1500.0,0.0,6.3003
1594.5,2026-06-05T20:18:39.421236+00:00,76.997,-0.0116,96.6046,-0.0892,0.75,0.0,1500.0,0.0,6.3002
1595.0,2026-06-05T20:18:39.927657+00:00,77.0208,-0.0089,96.8118,-0.03,0.75,0.0,1500.0,0.0,6.3001
1595.5,2026-06-05T20:18:40.421491+00:00,77.0391,0.0568,96.8553,0.0155,0.75,0.0,1500.0,0.0,6.3
1596.0,2026-06-05T20:18:40.921263+00:00,76.6714,-0.1473,96.7731,0.0042,0.75,0.0,1500.0,0.0,6.3
1596.5,2026-06-05T20:18:41.421721+00:00,76.7706,-0.1132,96.8256,0.0495,0.75,0.0,1500.0,0.0,6.3
1597.000519,2026-06-05T20:18:41.921781+00:00,76.8468,-0.087,96.7271,0.0303,0.75,0.0,1500.0,0.0,6.3
1597.5,2026-06-05T20:18:42.428053+00:00,76.9054,-0.0669,96.8828,0.0927,0.75,0.0,1500.0,0.0,6.3
1598.0,2026-06-05T20:18:42.921475+00:00,76.9504,0.1395,96.7942,-0.0058,0.75,0.0,1500.0,0.0,6.3
1598.50153,2026-06-05T20:18:43.422797+00:00,76.985,0.1072,96.6105,-0.0816,0.75,0.0,1500.0,0.0,6.3
1599.0,2026-06-05T20:18:43.921273+00:00,77.0116,0.0824,96.5618,-0.0705,0.75,0.0,1500.0,0.0,6.3
1599.5,2026-06-05T20:18:44.421316+00:00,77.0321,0.0633,96.5475,-0.0927,0.75,0.0,1500.0,0.0,6.3
1600.0,2026-06-05T20:18:44.926443+00:00,77.0478,0.0487,96.5133,-0.0713,0.75,0.0,1500.0,0.0,6.3
1600.5,2026-06-05T20:18:45.421449+00:00,76.9326,-0.0262,96.5103,-0.1242,0.75,0.0,1500.0,0.0,6.3
1601.0,2026-06-05T20:18:45.921304+00:00,76.8441,-0.0838,96.2533,-0.1803,0.75,0.0,1500.0,0.0,6.3
1601.501536,2026-06-05T20:18:46.422792+00:00,76.9033,-0.0644,96.079,-0.1771,0.75,0.0,1500.0,0.0,6.3
1602.0,2026-06-05T20:18:46.921243+00:00,76.8215,-0.1131,96.3847,-0.059,0.75,0.0,1500.0,0.0,6.3
1602.5,2026-06-05T20:18:47.430936+00:00,76.886,-0.0233,96.5271,-0.0068,0.75,0.0,1500.0,0.0,6.2488
1603.0,2026-06-05T20:18:47.921248+00:00,76.681,-0.0816,96.2663,-0.0824,0.75,0.0,1500.0,0.0,6.275
1603.5,2026-06-05T20:18:48.421431+00:00,76.7779,-0.0627,96.3204,-0.0633,0.75,0.0,1500.0,0.0,6.2878
1604.000001,2026-06-05T20:18:48.921338+00:00,76.7252,-0.0482,96.2462,-0.0024,0.75,0.0,1500.0,0.0,6.294
1604.5,2026-06-05T20:18:49.421274+00:00,76.6846,-0.1007,95.9347,-0.0481,0.75,0.0,1500.0,0.0,6.2971
1605.0,2026-06-05T20:18:49.926992+00:00,76.908,0.1135,96.0655,-0.1064,0.75,0.0,1500.0,0.0,6.2986
1605.5,2026-06-05T20:18:50.421343+00:00,76.8252,0.0236,96.1661,-0.1203,0.75,0.0,1500.0,0.0,6.2993
1606.0,2026-06-05T20:18:50.921241+00:00,76.8888,0.0818,96.2433,-0.0076,0.75,0.0,1500.0,0.0,6.2997
1606.5,2026-06-05T20:18:51.421414+00:00,76.8104,0.0629,96.4184,0.0327,0.75,0.0,1500.0,0.0,6.2998
1607.0,2026-06-05T20:18:51.921272+00:00,77.0047,0.0483,96.553,0.1023,0.75,0.0,1500.0,0.0,6.2999
1607.5,2026-06-05T20:18:52.426988+00:00,77.0267,0.1008,96.5176,0.1943,0.75,0.0,1500.0,0.0,6.3
1608.0,2026-06-05T20:18:52.921255+00:00,77.0437,0.0775,96.6292,0.1879,0.75,0.0,1500.0,0.0,6.3
1608.5,2026-06-05T20:18:53.421644+00:00,76.9294,0.0595,96.715,0.183,0.75,0.0,1500.0,0.0,6.3
1609.0,2026-06-05T20:18:53.922294+00:00,76.7144,-0.1451,96.5496,0.1021,0.75,0.0,1500.0,0.0,6.3
1609.5,2026-06-05T20:18:54.421269+00:00,76.8036,-0.1116,96.3993,-0.0064,0.75,0.0,1500.0,0.0,6.3
1610.0,2026-06-05T20:18:54.930516+00:00,76.8722,-0.0857,96.3069,-0.082,0.75,0.0,1500.0,0.0,6.3
1610.5,2026-06-05T20:18:55.421282+00:00,76.7976,-0.0659,96.2359,-0.0939,0.75,0.0,1500.0,0.0,6.3512
1611.0,2026-06-05T20:18:55.921245+00:00,76.7403,0.013,96.5284,-0.0336,0.75,0.0,1500.0,0.0,6.325
1611.5,2026-06-05T20:18:56.421272+00:00,76.8236,0.01,96.6375,-0.0258,0.75,0.0,1500.0,0.0,6.3122
1612.0,2026-06-05T20:18:56.921342+00:00,76.8875,0.0077,96.7214,0.0573,0.75,0.0,1500.0,0.0,6.306
1612.5,2026-06-05T20:18:57.427071+00:00,77.064,0.1332,97.0173,0.206,0.75,0.0,1500.0,0.0,6.3029
1613.0,2026-06-05T20:18:57.921253+00:00,76.945,0.1023,96.5273,0.0735,0.75,0.0,1500.0,0.0,6.3526
1613.5,2026-06-05T20:18:58.421245+00:00,76.8536,0.015,96.521,0.095,0.75,0.0,1500.0,0.0,6.3769
1614.0,2026-06-05T20:18:58.921927+00:00,76.9106,0.0116,96.493,-0.0118,0.75,0.0,1500.0,0.0,6.3887
1614.5,2026-06-05T20:18:59.421270+00:00,76.9545,-0.0548,96.2632,-0.1248,0.75,0.0,1500.0,0.0,6.3945
1615.0,2026-06-05T20:18:59.930052+00:00,76.8609,-0.0421,96.4106,-0.1036,0.75,0.0,1500.0,0.0,6.3973
1615.5,2026-06-05T20:19:00.421558+00:00,76.9162,0.0313,96.547,-0.1568,0.75,0.0,1500.0,0.0,6.3987
1616.000451,2026-06-05T20:19:00.921684+00:00,76.9587,0.024,96.3973,-0.0434,0.75,0.0,1500.0,0.0,6.3994
1616.5,2026-06-05T20:19:01.421795+00:00,76.9914,0.0185,96.5367,0.0052,0.75,0.0,1500.0,0.0,6.3997
1617.0,2026-06-05T20:19:01.922069+00:00,76.762,-0.0494,96.6439,0.0503,0.75,0.0,1500.0,0.0,6.3998
1617.5,2026-06-05T20:19:02.431430+00:00,76.7129,-0.1016,96.3792,0.0387,0.75,0.0,1500.0,0.0,6.3487
1618.0,2026-06-05T20:19:02.921381+00:00,76.8025,-0.0781,96.7543,0.1146,0.75,0.0,1500.0,0.0,6.375
1618.5,2026-06-05T20:19:03.421351+00:00,76.8714,-0.06,96.8111,0.0881,0.75,0.0,1500.0,0.0,6.3366
1619.0,2026-06-05T20:19:03.921253+00:00,76.797,0.0175,96.7391,0.114,0.75,0.0,1500.0,0.0,6.3179
1619.5,2026-06-05T20:19:04.421762+00:00,76.8671,0.0771,96.6838,0.049,0.75,0.0,1500.0,0.0,6.3599
1620.0,2026-06-05T20:19:04.929915+00:00,76.7937,-0.0044,96.6181,-0.0086,0.75,0.0,1500.0,0.0,6.3292
1620.5,2026-06-05T20:19:05.421230+00:00,76.8646,-0.0034,96.7065,0.1091,0.75,0.0,1500.0,0.0,6.3143
1621.0,2026-06-05T20:19:05.921252+00:00,76.9191,0.061,96.7513,-0.001,0.75,0.0,1500.0,0.0,6.307
1621.5,2026-06-05T20:19:06.421320+00:00,76.9609,0.0469,96.5774,-0.0779,0.75,0.0,1500.0,0.0,6.3034
1622.0,2026-06-05T20:19:06.921258+00:00,76.9931,0.0997,96.5827,-0.0522,0.75,0.0,1500.0,0.0,6.3017
1622.5,2026-06-05T20:19:07.426459+00:00,76.8906,0.013,96.6792,-0.0015,0.75,0.0,1500.0,0.0,6.3008
1623.0,2026-06-05T20:19:07.921315+00:00,76.8118,-0.0537,96.3832,-0.0783,0.75,0.0,1500.0,0.0,6.3004
1623.5,2026-06-05T20:19:08.421585+00:00,76.6239,-0.1685,96.5259,-0.0602,0.75,0.0,1500.0,0.0,6.3002
1624.0,2026-06-05T20:19:08.921227+00:00,76.6068,-0.1931,96.6356,-0.0385,0.75,0.0,1500.0,0.0,6.3001
1624.5,2026-06-05T20:19:09.421296+00:00,76.7209,-0.0848,96.4885,-0.0296,0.75,0.0,1500.0,0.0,6.3
1625.0,2026-06-05T20:19:09.926584+00:00,76.8087,-0.0016,96.7226,0.0466,0.75,0.0,1500.0,0.0,6.3
1625.5,2026-06-05T20:19:10.422636+00:00,77.0033,0.1897,96.6711,-0.0027,0.75,0.0,1500.0,0.0,6.3
1626.0,2026-06-05T20:19:10.924400+00:00,77.0257,0.2094,96.6315,0.0828,0.75,0.0,1500.0,0.0,6.3
1626.5,2026-06-05T20:19:11.422638+00:00,77.0429,0.161,96.7168,0.0636,0.75,0.0,1500.0,0.0,6.3
1627.0,2026-06-05T20:19:11.921827+00:00,76.8016,-0.0035,96.898,0.0875,0.75,0.0,1500.0,0.0,6.3
1627.5,2026-06-05T20:19:12.426899+00:00,76.7434,-0.13,97.0373,0.1829,0.75,0.0,1500.0,0.0,6.2488
1628.0,2026-06-05T20:19:12.921258+00:00,76.6986,-0.1635,97.0287,0.102,0.75,0.0,1500.0,0.0,6.275
1628.5,2026-06-05T20:19:13.421295+00:00,76.6642,-0.1893,97.022,0.117,0.75,0.0,1500.0,0.0,6.2878
1629.0,2026-06-05T20:19:13.921383+00:00,76.5105,-0.1455,96.8781,0.0822,0.75,0.0,1500.0,0.0,6.3452
1629.5,2026-06-05T20:19:14.421618+00:00,76.5197,-0.1119,97.022,0.1017,0.75,0.0,1500.0,0.0,6.3733
1630.0,2026-06-05T20:19:14.927732+00:00,76.3994,-0.1496,96.7855,-0.0375,0.75,0.0,1500.0,0.0,6.387
1630.5,2026-06-05T20:19:15.421284+00:00,76.4343,-0.115,96.8351,-0.0674,0.75,0.0,1500.0,0.0,6.3424
1631.0,2026-06-05T20:19:15.921356+00:00,76.3338,-0.0884,96.7807,-0.0826,0.75,0.0,1500.0,0.0,6.3207
1631.5,2026-06-05T20:19:16.421233+00:00,76.3838,-0.0679,96.7158,-0.1021,0.75,0.0,1500.0,0.0,6.3101
1632.0,2026-06-05T20:19:16.921722+00:00,76.295,-0.0522,96.7815,-0.0322,0.75,0.0,1500.0,0.0,6.3049
1632.5,2026-06-05T20:19:17.430602+00:00,76.4813,0.0235,96.8321,-0.0633,0.75,0.0,1500.0,0.0,6.3024
1633.0,2026-06-05T20:19:17.921384+00:00,76.7517,0.209,96.8709,0.0285,0.75,0.0,1500.0,0.0,6.3012
1633.5,2026-06-05T20:19:18.421402+00:00,76.9596,0.2879,96.7851,-0.0167,0.75,0.0,1500.0,0.0,6.3006
1634.0,2026-06-05T20:19:18.921443+00:00,76.8648,0.2849,96.8348,0.018,0.75,0.0,1500.0,0.0,6.3003
1634.5,2026-06-05T20:19:19.421319+00:00,77.0465,0.2826,96.8731,0.0524,0.75,0.0,1500.0,0.0,6.3001
1635.0,2026-06-05T20:19:19.929261+00:00,76.9316,0.0899,96.9024,0.0403,0.75,0.0,1500.0,0.0,6.3001
1635.5,2026-06-05T20:19:20.421353+00:00,76.8433,-0.0581,96.5779,-0.0847,0.75,0.0,1500.0,0.0,6.3
1636.0,2026-06-05T20:19:20.921431+00:00,76.9027,0.019,96.6756,-0.0651,0.75,0.0,1500.0,0.0,6.3
1636.5,2026-06-05T20:19:21.422849+00:00,76.6938,-0.1763,96.635,-0.0501,0.75,0.0,1500.0,0.0,6.3512
1637.0,2026-06-05T20:19:21.921289+00:00,76.6605,-0.1355,96.2566,-0.1927,0.75,0.0,1500.0,0.0,6.325
1637.5,2026-06-05T20:19:22.425985+00:00,76.635,-0.1042,96.5443,-0.1096,0.75,0.0,1500.0,0.0,6.3634
1638.0,2026-06-05T20:19:22.921275+00:00,76.488,-0.2073,96.5341,-0.1228,0.75,0.0,1500.0,0.0,6.3821
1638.5,2026-06-05T20:19:23.421235+00:00,76.6296,-0.0321,96.4336,-0.0481,0.75,0.0,1500.0,0.0,6.3913
1639.0,2026-06-05T20:19:23.921465+00:00,76.4839,-0.0883,96.5647,-0.037,0.75,0.0,1500.0,0.0,6.3957
1639.5,2026-06-05T20:19:24.421269+00:00,76.372,-0.1315,96.6654,0.0102,0.75,0.0,1500.0,0.0,6.3979
1640.0,2026-06-05T20:19:24.926924+00:00,76.5404,0.0262,96.4883,0.0772,0.75,0.0,1500.0,0.0,6.399
1640.5,2026-06-05T20:19:25.421250+00:00,76.6699,0.0201,96.6067,0.0208,0.75,0.0,1500.0,0.0,6.3995
1641.0,2026-06-05T20:19:25.921755+00:00,76.7694,0.1427,96.5589,0.0083,0.75,0.0,1500.0,0.0,6.3998
1641.5,2026-06-05T20:19:26.421345+00:00,76.5914,0.1097,96.4064,-0.0091,0.75,0.0,1500.0,0.0,6.3999
1642.0,2026-06-05T20:19:26.921733+00:00,76.5818,0.0207,96.6595,0.0316,0.75,0.0,1500.0,0.0,6.3999
1642.5,2026-06-05T20:19:27.429216+00:00,76.7017,0.0159,96.6226,-0.0143,0.75,0.0,1500.0,0.0,6.4
1643.0,2026-06-05T20:19:27.921394+00:00,76.7939,0.0122,96.7099,0.0739,0.75,0.0,1500.0,0.0,6.4
1643.5,2026-06-05T20:19:28.421525+00:00,76.7374,0.073,96.777,0.0568,0.75,0.0,1500.0,0.0,6.4
1644.000435,2026-06-05T20:19:28.922003+00:00,76.8213,0.1198,96.7129,0.0514,0.75,0.0,1500.0,0.0,6.3488
1644.5,2026-06-05T20:19:29.421701+00:00,76.8858,0.0921,96.6405,0.078,0.75,0.0,1500.0,0.0,6.3238
1645.0,2026-06-05T20:19:29.927063+00:00,76.8081,0.0071,96.4923,-0.0557,0.75,0.0,1500.0,0.0,6.3116
1645.5,2026-06-05T20:19:30.422058+00:00,76.7484,0.0055,96.2395,-0.1277,0.75,0.0,1500.0,0.0,6.3569
1646.0,2026-06-05T20:19:30.922067+00:00,76.7025,-0.0594,96.1841,-0.1753,0.75,0.0,1500.0,0.0,6.379
1646.5,2026-06-05T20:19:31.421901+00:00,76.7945,-0.0457,96.3729,-0.1347,0.75,0.0,1500.0,0.0,6.3385
1647.0,2026-06-05T20:19:31.921290+00:00,76.8652,0.0285,96.3098,-0.1344,0.75,0.0,1500.0,0.0,6.3188
1647.5,2026-06-05T20:19:32.426949+00:00,76.665,-0.0417,96.4463,-0.0647,0.75,0.0,1500.0,0.0,6.3092
1648.0,2026-06-05T20:19:32.921404+00:00,76.7656,0.0316,96.4819,-0.0035,0.75,0.0,1500.0,0.0,6.3045
1648.5,2026-06-05T20:19:33.421245+00:00,76.843,0.0243,96.2547,0.005,0.75,0.0,1500.0,0.0,6.3022
1649.0,2026-06-05T20:19:33.921264+00:00,76.6479,-0.1086,96.3115,0.0424,0.75,0.0,1500.0,0.0,6.3011
1649.5,2026-06-05T20:19:34.421294+00:00,76.498,-0.0835,96.4708,0.0326,0.75,0.0,1500.0,0.0,6.3005
1650.0,2026-06-05T20:19:34.929959+00:00,76.6373,-0.0642,96.4544,0.0482,0.75,0.0,1500.0,0.0,6.3003
1650.5,2026-06-05T20:19:35.421243+00:00,76.4898,-0.1766,96.3493,-0.0324,0.75,0.0,1500.0,0.0,6.3001
1651.0,2026-06-05T20:19:35.921254+00:00,76.5038,-0.0721,96.6155,0.0445,0.75,0.0,1500.0,0.0,6.3001
1651.5,2026-06-05T20:19:36.421276+00:00,76.5145,0.0082,96.5888,0.1114,0.75,0.0,1500.0,0.0,6.3
1652.0,2026-06-05T20:19:36.921293+00:00,76.65,0.0063,96.7997,0.1627,0.75,0.0,1500.0,0.0,6.3
1652.5,2026-06-05T20:19:37.428271+00:00,76.6268,0.0685,96.9617,0.1636,0.75,0.0,1500.0,0.0,6.3
1653.0,2026-06-05T20:19:37.921234+00:00,76.7363,0.1163,96.7392,0.0949,0.75,0.0,1500.0,0.0,6.3
1653.5,2026-06-05T20:19:38.421358+00:00,76.8205,0.153,96.7995,0.1501,0.75,0.0,1500.0,0.0,6.3
1654.000481,2026-06-05T20:19:38.921741+00:00,76.6306,-0.0097,96.7302,0.0382,0.75,0.0,1500.0,0.0,6.3
1654.5,2026-06-05T20:19:39.421756+00:00,76.4847,-0.0711,96.7695,0.0602,0.75,0.0,1500.0,0.0,6.3
1655.0,2026-06-05T20:19:39.926786+00:00,76.6271,-0.0546,96.7071,-0.0308,0.75,0.0,1500.0,0.0,6.3
1655.5,2026-06-05T20:19:40.421311+00:00,76.6092,-0.1056,96.6592,-0.1008,0.75,0.0,1500.0,0.0,6.3
1656.0,2026-06-05T20:19:40.921386+00:00,76.4683,-0.0812,96.6224,-0.0389,0.75,0.0,1500.0,0.0,6.3
1656.5,2026-06-05T20:19:41.421632+00:00,76.4872,0.0012,96.7098,-0.0299,0.75,0.0,1500.0,0.0,6.3
1657.0,2026-06-05T20:19:41.921256+00:00,76.3744,-0.1263,96.5224,-0.0693,0.75,0.0,1500.0,0.0,6.3
1657.5,2026-06-05T20:19:42.430399+00:00,76.4151,-0.0971,96.7486,-0.007,0.75,0.0,1500.0,0.0,6.3
1658.0,2026-06-05T20:19:42.921313+00:00,76.319,-0.0746,96.8068,0.0332,0.75,0.0,1500.0,0.0,6.3
1658.5,2026-06-05T20:19:43.421349+00:00,76.4997,0.0063,96.6201,-0.013,0.75,0.0,1500.0,0.0,6.3
1659.0,2026-06-05T20:19:43.921635+00:00,76.5114,0.0685,96.8237,0.0671,0.75,0.0,1500.0,0.0,6.3
1659.5,2026-06-05T20:19:44.421389+00:00,76.5203,0.0526,96.9802,0.0901,0.75,0.0,1500.0,0.0,6.2488
1660.0,2026-06-05T20:19:44.926567+00:00,76.5272,0.1041,97.1005,0.1927,0.75,0.0,1500.0,0.0,6.275
1660.5,2026-06-05T20:19:45.421807+00:00,76.5325,0.0164,97.0772,0.1095,0.75,0.0,1500.0,0.0,6.339
1661.0,2026-06-05T20:19:45.921328+00:00,76.5365,0.0126,96.9437,0.0456,0.75,0.0,1500.0,0.0,6.319
1661.5,2026-06-05T20:19:46.421813+00:00,76.6669,0.0733,97.0493,0.1431,0.75,0.0,1500.0,0.0,6.3093
1662.000253,2026-06-05T20:19:46.921526+00:00,76.5126,-0.0073,97.0379,0.0714,0.75,0.0,1500.0,0.0,6.3045
1662.5,2026-06-05T20:19:47.426785+00:00,76.5212,-0.0056,97.0291,0.0163,0.75,0.0,1500.0,0.0,6.3022
1663.0,2026-06-05T20:19:47.921380+00:00,76.5279,-0.0043,97.1381,0.0125,0.75,0.0,1500.0,0.0,6.3011
1663.5,2026-06-05T20:19:48.421244+00:00,76.533,-0.0669,96.9904,-0.0289,0.75,0.0,1500.0,0.0,6.3005
1664.0,2026-06-05T20:19:48.921262+00:00,76.4097,-0.0515,97.1083,0.0549,0.75,0.0,1500.0,0.0,6.3003
1664.5,2026-06-05T20:19:49.421892+00:00,76.4421,-0.0395,96.9676,-0.0272,0.75,0.0,1500.0,0.0,6.3001
1665.0,2026-06-05T20:19:49.927207+00:00,76.3398,-0.094,96.7437,-0.0981,0.75,0.0,1500.0,0.0,6.3001
1665.5,2026-06-05T20:19:50.421344+00:00,76.2612,-0.1359,96.7104,-0.1062,0.75,0.0,1500.0,0.0,6.3
1666.0,2026-06-05T20:19:50.921361+00:00,76.2008,-0.1045,96.5229,-0.2051,0.75,0.0,1500.0,0.0,6.3
1666.5,2026-06-05T20:19:51.421346+00:00,76.1543,-0.1439,96.2862,-0.2347,0.75,0.0,1500.0,0.0,6.3
1667.0,2026-06-05T20:19:51.921230+00:00,76.1186,-0.1106,96.4514,-0.219,0.75,0.0,1500.0,0.0,6.3
1667.5,2026-06-05T20:19:52.429915+00:00,76.2184,-0.0214,96.4626,-0.1683,0.75,0.0,1500.0,0.0,6.3
1668.0,2026-06-05T20:19:52.921255+00:00,76.2951,0.0472,96.587,-0.0522,0.75,0.0,1500.0,0.0,6.3
1668.5,2026-06-05T20:19:53.421611+00:00,76.3541,0.0999,96.5668,-0.0479,0.75,0.0,1500.0,0.0,6.3
1669.0,2026-06-05T20:19:53.921640+00:00,76.1449,0.0132,96.4357,-0.0291,0.75,0.0,1500.0,0.0,6.3
1669.5,2026-06-05T20:19:54.422102+00:00,76.1114,-0.0535,96.4274,0.0471,0.75,0.0,1500.0,0.0,6.3
1670.0,2026-06-05T20:19:54.930621+00:00,76.0856,-0.1048,96.3054,-0.0487,0.75,0.0,1500.0,0.0,6.3
1670.5,2026-06-05T20:19:55.421767+00:00,76.0658,-0.1442,96.3273,-0.0451,0.75,0.0,1500.0,0.0,6.3
1671.0,2026-06-05T20:19:55.921367+00:00,76.1778,0.0165,96.4829,-0.0347,0.75,0.0,1500.0,0.0,6.3
1671.5,2026-06-05T20:19:56.421283+00:00,76.1367,0.0127,96.4637,-0.0344,0.75,0.0,1500.0,0.0,6.3
1672.0,2026-06-05T20:19:56.921372+00:00,76.1051,0.0097,96.3564,-0.0264,0.75,0.0,1500.0,0.0,6.3
1672.5,2026-06-05T20:19:57.426051+00:00,76.0807,0.0075,96.3897,-0.0126,0.75,0.0,1500.0,0.0,6.3
1673.0,2026-06-05T20:19:57.921309+00:00,76.0621,-0.0579,96.5078,0.0675,0.75,0.0,1500.0,0.0,6.3512
1673.500423,2026-06-05T20:19:58.421720+00:00,76.175,0.0191,96.2514,-0.0253,0.75,0.0,1500.0,0.0,6.325
1674.0,2026-06-05T20:19:58.921316+00:00,76.2618,0.0783,96.4246,-0.0194,0.75,0.0,1500.0,0.0,6.3122
1674.5,2026-06-05T20:19:59.421397+00:00,76.3285,0.1239,96.4421,-0.0072,0.75,0.0,1500.0,0.0,6.306
1675.000425,2026-06-05T20:19:59.929822+00:00,76.3797,0.1588,95.9695,-0.129,0.75,0.0,1500.0,0.0,6.3029
1675.5,2026-06-05T20:20:00.421339+00:00,76.2919,0.0584,96.208,-0.0606,0.75,0.0,1500.0,0.0,6.3014
1676.0,2026-06-05T20:20:00.921652+00:00,76.2243,-0.0187,96.2756,-0.0774,0.75,0.0,1500.0,0.0,6.3007
1676.5,2026-06-05T20:20:01.421332+00:00,76.1724,-0.078,96.2118,-0.0132,0.75,0.0,1500.0,0.0,6.3003
1677.0,2026-06-05T20:20:01.921299+00:00,76.2598,-0.06,96.2785,-0.0487,0.75,0.0,1500.0,0.0,6.3002
1677.5,2026-06-05T20:20:02.430252+00:00,76.1997,-0.0461,96.4223,-0.0066,0.75,0.0,1500.0,0.0,6.3001
1678.0,2026-06-05T20:20:02.921318+00:00,76.408,0.0918,96.3246,0.1183,0.75,0.0,1500.0,0.0,6.3
1678.5,2026-06-05T20:20:03.421345+00:00,76.4409,0.1342,96.4809,0.091,0.75,0.0,1500.0,0.0,6.3
1679.0,2026-06-05T20:20:03.921754+00:00,76.4661,0.1032,96.5779,0.1008,0.75,0.0,1500.0,0.0,6.3
1679.5,2026-06-05T20:20:04.421262+00:00,76.3583,0.0793,96.5598,0.116,0.75,0.0,1500.0,0.0,6.3
1680.0,2026-06-05T20:20:04.928617+00:00,76.1481,-0.13,96.6617,0.1277,0.75,0.0,1500.0,0.0,6.3
1680.5,2026-06-05T20:20:05.423581+00:00,76.1138,-0.1635,96.8557,0.1445,0.75,0.0,1500.0,0.0,6.3
1681.0,2026-06-05T20:20:05.921308+00:00,76.0875,-0.1893,96.8891,0.1882,0.75,0.0,1500.0,0.0,6.3
1681.5,2026-06-05T20:20:06.421764+00:00,76.1945,-0.0819,97.0304,0.1832,0.75,0.0,1500.0,0.0,6.3
1682.0,2026-06-05T20:20:06.924682+00:00,76.1495,0.0007,96.9077,0.1099,0.75,0.0,1500.0,0.0,6.3
1682.5,2026-06-05T20:20:07.429160+00:00,76.2422,0.0642,96.9291,0.1231,0.75,0.0,1500.0,0.0,6.3
1683.0,2026-06-05T20:20:07.921382+00:00,76.1861,0.0493,96.9455,0.0946,0.75,0.0,1500.0,0.0,6.3512
1683.5,2026-06-05T20:20:08.421234+00:00,76.2703,0.0379,96.8424,-0.0044,0.75,0.0,1500.0,0.0,6.325
1684.0,2026-06-05T20:20:08.921591+00:00,76.2078,0.0291,96.9946,0.0352,0.75,0.0,1500.0,0.0,6.3122
1684.5,2026-06-05T20:20:09.421269+00:00,76.1597,-0.0412,96.9958,-0.0115,0.75,0.0,1500.0,0.0,6.306
1685.0,2026-06-05T20:20:09.925776+00:00,76.25,0.0319,97.2282,0.1068,0.75,0.0,1500.0,0.0,6.3029
1685.5,2026-06-05T20:20:10.421250+00:00,76.3194,0.0245,97.2911,0.1207,0.75,0.0,1500.0,0.0,6.3014
1686.0,2026-06-05T20:20:10.921218+00:00,76.2455,0.0189,96.9923,0.0156,0.75,0.0,1500.0,0.0,6.3007
1686.5,2026-06-05T20:20:11.421703+00:00,76.0614,-0.0491,96.7627,-0.0266,0.75,0.0,1500.0,0.0,6.3003
1687.0,2026-06-05T20:20:11.921353+00:00,76.1745,-0.0378,96.9333,-0.0204,0.75,0.0,1500.0,0.0,6.3002
1687.5,2026-06-05T20:20:12.427462+00:00,76.1341,-0.0927,96.8099,-0.062,0.75,0.0,1500.0,0.0,6.3001
1688.0,2026-06-05T20:20:12.921266+00:00,76.2303,-0.0076,96.8539,-0.1248,0.75,0.0,1500.0,0.0,6.3
1688.5,2026-06-05T20:20:13.421366+00:00,76.177,0.0578,97.0034,-0.0959,0.75,0.0,1500.0,0.0,6.3
1689.0,2026-06-05T20:20:13.921505+00:00,76.2633,0.0444,97.0026,0.0034,0.75,0.0,1500.0,0.0,6.3
1689.5,2026-06-05T20:20:14.421315+00:00,76.4569,0.1614,97.2334,0.1569,0.75,0.0,1500.0,0.0,6.3
1690.0,2026-06-05T20:20:14.926436+00:00,76.4785,0.1241,96.8323,-0.0337,0.75,0.0,1500.0,0.0,6.3
1690.5,2026-06-05T20:20:15.421255+00:00,76.3678,0.0954,96.8711,0.0204,0.75,0.0,1500.0,0.0,6.3
1691.0,2026-06-05T20:20:15.921227+00:00,76.4099,0.0733,96.5538,-0.1,0.75,0.0,1500.0,0.0,6.3
1691.5,2026-06-05T20:20:16.421272+00:00,76.4423,-0.0073,96.5414,-0.154,0.75,0.0,1500.0,0.0,6.3
1692.0,2026-06-05T20:20:16.921255+00:00,76.34,-0.0692,96.393,-0.2032,0.75,0.0,1500.0,0.0,6.3
1692.5,2026-06-05T20:20:17.425653+00:00,76.2613,-0.0532,96.302,-0.3105,0.75,0.0,1500.0,0.0,6.3
1693.0,2026-06-05T20:20:17.921279+00:00,76.0736,-0.1682,96.2321,-0.2001,0.75,0.0,1500.0,0.0,6.3
1693.5,2026-06-05T20:20:18.422030+00:00,75.9293,-0.2565,96.271,-0.2,0.75,0.0,1500.0,0.0,6.3
1694.0,2026-06-05T20:20:18.921450+00:00,76.2002,-0.0699,96.2083,-0.1152,0.75,0.0,1500.0,0.0,6.3
1694.500492,2026-06-05T20:20:19.421787+00:00,75.8993,-0.181,96.2526,-0.0962,0.75,0.0,1500.0,0.0,6.3
1695.0,2026-06-05T20:20:19.927691+00:00,75.9226,-0.0755,96.3099,-0.0277,0.75,0.0,1500.0,0.0,6.3
1695.5,2026-06-05T20:20:20.423033+00:00,75.9405,0.0056,96.4696,0.0558,0.75,0.0,1500.0,0.0,6.3
1696.0,2026-06-05T20:20:20.921239+00:00,76.0816,-0.0593,96.4766,0.0815,0.75,0.0,1500.0,0.0,6.3
1696.5,2026-06-05T20:20:21.421446+00:00,76.0627,0.0817,96.482,0.0703,0.75,0.0,1500.0,0.0,6.3
1697.0,2026-06-05T20:20:21.921617+00:00,75.9209,-0.0009,96.7176,0.1698,0.75,0.0,1500.0,0.0,6.3
1697.5,2026-06-05T20:20:22.429385+00:00,75.9392,-0.0007,96.4358,0.0611,0.75,0.0,1500.0,0.0,6.3
1698.0,2026-06-05T20:20:22.921243+00:00,75.826,-0.1278,96.6821,0.1241,0.75,0.0,1500.0,0.0,6.3
1698.5,2026-06-05T20:20:23.421253+00:00,75.8663,-0.0982,96.7556,0.0954,0.75,0.0,1500.0,0.0,6.3
1699.0,2026-06-05T20:20:23.921248+00:00,75.8972,-0.0118,96.8122,0.1119,0.75,0.0,1500.0,0.0,6.3
1699.5,2026-06-05T20:20:24.421861+00:00,75.921,-0.0091,96.6243,0.0474,0.75,0.0,1500.0,0.0,6.3
1700.000448,2026-06-05T20:20:24.928239+00:00,75.6847,-0.0706,96.5955,-0.0407,0.75,0.0,1500.0,0.0,6.3
1700.5,2026-06-05T20:20:25.421342+00:00,75.6304,-0.1179,96.6891,0.0844,0.75,0.0,1500.0,0.0,6.3
1701.0,2026-06-05T20:20:25.921521+00:00,75.7159,-0.0906,96.761,0.0263,0.75,0.0,1500.0,0.0,6.3
1701.5,2026-06-05T20:20:26.423430+00:00,75.6544,-0.1333,96.6081,-0.0492,0.75,0.0,1500.0,0.0,6.3
1702.0,2026-06-05T20:20:26.921375+00:00,75.8616,0.0885,96.4674,-0.1149,0.75,0.0,1500.0,0.0,6.3
1702.5,2026-06-05T20:20:27.428870+00:00,75.8937,0.1316,96.3592,-0.0883,0.75,0.0,1500.0,0.0,6.3
1703.0,2026-06-05T20:20:27.921293+00:00,75.9183,0.1012,96.3918,-0.0679,0.75,0.0,1500.0,0.0,6.3512
1703.5,2026-06-05T20:20:28.421258+00:00,75.8099,0.0778,96.7639,0.0249,0.75,0.0,1500.0,0.0,6.3762
1704.0,2026-06-05T20:20:28.921376+00:00,75.8539,-0.0039,96.9343,0.0577,0.75,0.0,1500.0,0.0,6.3884
1704.5,2026-06-05T20:20:29.421410+00:00,75.7604,-0.0666,96.8338,0.0752,0.75,0.0,1500.0,0.0,6.3943
1705.0,2026-06-05T20:20:29.927287+00:00,75.6886,-0.1148,96.9879,0.1735,0.75,0.0,1500.0,0.0,6.3972
1705.5,2026-06-05T20:20:30.424235+00:00,75.6334,-0.0883,96.9907,0.2105,0.75,0.0,1500.0,0.0,6.3474
1706.0,2026-06-05T20:20:30.921282+00:00,75.7182,-0.0678,96.9697,0.1926,0.75,0.0,1500.0,0.0,6.3232
1706.5,2026-06-05T20:20:31.421430+00:00,75.7834,0.0115,96.861,0.0324,0.75,0.0,1500.0,0.0,6.3113
1707.0,2026-06-05T20:20:31.921300+00:00,75.8335,0.0725,96.7775,-0.0523,0.75,0.0,1500.0,0.0,6.3055
1707.5,2026-06-05T20:20:32.426350+00:00,75.7448,0.0557,96.7133,-0.0402,0.75,0.0,1500.0,0.0,6.3027
1708.000001,2026-06-05T20:20:32.921404+00:00,75.8038,0.0428,96.7796,-0.0694,0.75,0.0,1500.0,0.0,6.3013
1708.5,2026-06-05T20:20:33.421576+00:00,75.8492,0.0329,96.6918,-0.0996,0.75,0.0,1500.0,0.0,6.3006
1709.0,2026-06-05T20:20:33.921420+00:00,75.7569,-0.0383,96.6474,-0.1074,0.75,0.0,1500.0,0.0,6.3003
1709.5,2026-06-05T20:20:34.421355+00:00,75.9404,0.0978,96.6133,-0.0826,0.75,0.0,1500.0,0.0,6.3002
1710.0,2026-06-05T20:20:34.927046+00:00,75.6996,-0.0521,96.4714,-0.102,0.75,0.0,1500.0,0.0,6.3001
1710.5,2026-06-05T20:20:35.421473+00:00,75.7691,-0.04,96.7094,-0.0013,0.75,0.0,1500.0,0.0,6.3
1711.0,2026-06-05T20:20:35.921820+00:00,75.8226,0.0329,96.7766,-0.001,0.75,0.0,1500.0,0.0,6.3
1711.5,2026-06-05T20:20:36.421276+00:00,75.8636,-0.0384,96.5738,-0.0393,0.75,0.0,1500.0,0.0,6.3
1712.0,2026-06-05T20:20:36.921309+00:00,75.8952,0.0978,96.5799,-0.0225,0.75,0.0,1500.0,0.0,6.3
1712.5,2026-06-05T20:20:37.427198+00:00,75.7922,0.0115,96.6771,0.0213,0.75,0.0,1500.0,0.0,6.3
1713.0,2026-06-05T20:20:37.921543+00:00,75.5857,-0.1184,96.5204,0.0163,0.75,0.0,1500.0,0.0,6.3
1713.5,2026-06-05T20:20:38.421348+00:00,75.6816,-0.091,96.5157,-0.0646,0.75,0.0,1500.0,0.0,6.3
1714.0,2026-06-05T20:20:38.921927+00:00,75.7553,-0.07,96.6278,-0.0496,0.75,0.0,1500.0,0.0,6.3
1714.5,2026-06-05T20:20:39.421288+00:00,75.8119,0.0099,96.8296,0.0853,0.75,0.0,1500.0,0.0,6.3
1715.0,2026-06-05T20:20:39.929325+00:00,75.7282,0.0712,96.869,0.0964,0.75,0.0,1500.0,0.0,6.3
1715.5,2026-06-05T20:20:40.421273+00:00,75.7911,0.0547,96.7836,0.0355,0.75,0.0,1500.0,0.0,6.3
1716.0,2026-06-05T20:20:40.921273+00:00,75.8394,0.0421,96.718,0.0659,0.75,0.0,1500.0,0.0,6.3
1716.5,2026-06-05T20:20:41.421528+00:00,75.8766,0.0323,96.7833,0.0892,0.75,0.0,1500.0,0.0,6.3
1717.0,2026-06-05T20:20:41.921239+00:00,75.7779,0.0249,96.602,-0.0086,0.75,0.0,1500.0,0.0,6.3
1717.5,2026-06-05T20:20:42.427119+00:00,75.8293,0.0191,96.8098,-0.0066,0.75,0.0,1500.0,0.0,6.3
1718.0,2026-06-05T20:20:42.921743+00:00,75.7415,-0.049,96.9695,0.0335,0.75,0.0,1500.0,0.0,6.3
1718.5,2026-06-05T20:20:43.421250+00:00,75.8013,-0.0376,96.9766,0.0643,0.75,0.0,1500.0,0.0,6.3
1719.0,2026-06-05T20:20:43.921350+00:00,75.5928,-0.0926,96.982,0.088,0.75,0.0,1500.0,0.0,6.3
1719.5,2026-06-05T20:20:44.422595+00:00,75.687,-0.0711,96.8473,0.0214,0.75,0.0,1500.0,0.0,6.3
1720.0,2026-06-05T20:20:44.928659+00:00,75.6322,-0.0547,96.8826,0.0935,0.75,0.0,1500.0,0.0,6.3
1720.5,2026-06-05T20:20:45.423122+00:00,75.7173,-0.042,96.7941,-0.0052,0.75,0.0,1500.0,0.0,6.3512
1721.000511,2026-06-05T20:20:45.921756+00:00,75.5282,-0.0323,96.8186,-0.0503,0.75,0.0,1500.0,0.0,6.325
1721.5,2026-06-05T20:20:46.421512+00:00,75.6373,-0.0248,96.6292,-0.1158,0.75,0.0,1500.0,0.0,6.3122
1722.0,2026-06-05T20:20:46.921449+00:00,75.594,-0.0191,96.5993,-0.1276,0.75,0.0,1500.0,0.0,6.306
1722.501552,2026-06-05T20:20:47.429247+00:00,75.8152,0.049,96.4606,-0.1289,0.75,0.0,1500.0,0.0,6.3029
1723.0,2026-06-05T20:20:47.921361+00:00,75.6034,0.0376,96.5854,-0.0991,0.75,0.0,1500.0,0.0,6.3014
1723.5,2026-06-05T20:20:48.421365+00:00,75.5679,-0.0347,96.6814,-0.0376,0.75,0.0,1500.0,0.0,6.3007
1724.0,2026-06-05T20:20:48.923965+00:00,75.6679,0.037,96.5237,-0.0983,0.75,0.0,1500.0,0.0,6.3003
1724.5,2026-06-05T20:20:49.421537+00:00,75.6175,-0.0989,96.6339,0.0016,0.75,0.0,1500.0,0.0,6.3002
1725.0,2026-06-05T20:20:49.926579+00:00,75.4515,-0.076,96.7186,0.0398,0.75,0.0,1500.0,0.0,6.3001
1725.5,2026-06-05T20:20:50.423047+00:00,75.3239,-0.122,96.2978,-0.0543,0.75,0.0,1500.0,0.0,6.3
1726.0,2026-06-05T20:20:50.921313+00:00,75.6076,-0.0302,96.3446,-0.0803,0.75,0.0,1500.0,0.0,6.3
1726.5,2026-06-05T20:20:51.421898+00:00,75.5711,-0.0232,96.4962,-0.0617,0.75,0.0,1500.0,0.0,6.3
1727.0,2026-06-05T20:20:51.921264+00:00,75.6704,0.1095,96.2657,-0.086,0.75,0.0,1500.0,0.0,6.3
1727.5,2026-06-05T20:20:52.427250+00:00,75.4921,0.0841,96.4356,-0.0661,0.75,0.0,1500.0,0.0,6.3
1728.0,2026-06-05T20:20:52.921333+00:00,75.4824,-0.0626,96.5662,-0.0508,0.75,0.0,1500.0,0.0,6.3512
1728.5,2026-06-05T20:20:53.421253+00:00,75.3476,-0.1118,96.4121,0.0381,0.75,0.0,1500.0,0.0,6.3762
1729.0,2026-06-05T20:20:53.921266+00:00,75.3713,-0.1495,96.4324,0.0293,0.75,0.0,1500.0,0.0,6.3884
1729.5,2026-06-05T20:20:54.421324+00:00,75.5168,0.0123,96.6794,0.0611,0.75,0.0,1500.0,0.0,6.3943
1730.0,2026-06-05T20:20:54.926363+00:00,75.5013,0.0095,96.5222,0.0855,0.75,0.0,1500.0,0.0,6.3972
1730.5,2026-06-05T20:20:55.421253+00:00,75.6167,0.1346,96.6328,0.0657,0.75,0.0,1500.0,0.0,6.3986
1731.0,2026-06-05T20:20:55.921694+00:00,75.7054,0.1671,96.6252,0.0197,0.75,0.0,1500.0,0.0,6.3993
1731.5,2026-06-05T20:20:56.421225+00:00,75.7736,0.1284,96.5962,0.0614,0.75,0.0,1500.0,0.0,6.3997
1732.0,2026-06-05T20:20:56.921641+00:00,75.6987,0.0987,96.574,0.0472,0.75,0.0,1500.0,0.0,6.3998
1732.5,2026-06-05T20:20:57.427960+00:00,75.7684,0.0759,96.5568,-0.0409,0.75,0.0,1500.0,0.0,6.3487
1733.0,2026-06-05T20:20:57.921217+00:00,75.9493,0.1219,96.5206,-0.0006,0.75,0.0,1500.0,0.0,6.375
1733.5,2026-06-05T20:20:58.421408+00:00,75.8337,0.0301,96.4001,-0.0776,0.75,0.0,1500.0,0.0,6.3878
1734.0,2026-06-05T20:20:58.921287+00:00,75.7449,0.0231,96.4232,-0.0673,0.75,0.0,1500.0,0.0,6.3428
1734.5,2026-06-05T20:20:59.421571+00:00,75.6767,-0.0459,96.3021,-0.098,0.75,0.0,1500.0,0.0,6.3721
1735.0,2026-06-05T20:20:59.926849+00:00,75.8788,-0.0353,96.3479,-0.0753,0.75,0.0,1500.0,0.0,6.3352
1735.500301,2026-06-05T20:21:00.421627+00:00,75.7796,-0.0271,96.4063,-0.0502,0.75,0.0,1500.0,0.0,6.3172
1736.0,2026-06-05T20:21:00.921374+00:00,75.576,-0.0845,96.5436,0.0077,0.75,0.0,1500.0,0.0,6.3596
1736.5,2026-06-05T20:21:01.421963+00:00,75.2923,-0.1922,96.5335,0.0445,0.75,0.0,1500.0,0.0,6.3803
1737.0,2026-06-05T20:21:01.921244+00:00,75.5834,-0.1477,96.3869,-0.0121,0.75,0.0,1500.0,0.0,6.3904
1737.5,2026-06-05T20:21:02.428619+00:00,75.4252,-0.1772,96.39,0.0293,0.75,0.0,1500.0,0.0,6.3441
1738.0,2026-06-05T20:21:02.921634+00:00,75.5582,-0.0089,96.5311,0.0611,0.75,0.0,1500.0,0.0,6.3727
1738.5,2026-06-05T20:21:03.421248+00:00,75.4059,0.0568,96.3851,-0.0071,0.75,0.0,1500.0,0.0,6.3867
1739.0,2026-06-05T20:21:03.921361+00:00,75.5434,-0.02,96.6431,0.0331,0.75,0.0,1500.0,0.0,6.3935
1739.5,2026-06-05T20:21:04.422030+00:00,75.5218,0.0483,96.7257,0.064,0.75,0.0,1500.0,0.0,6.3968
1740.0,2026-06-05T20:21:04.926887+00:00,75.3779,-0.0902,96.5809,0.0646,0.75,0.0,1500.0,0.0,6.3985
1740.5,2026-06-05T20:21:05.421251+00:00,75.3946,-0.0057,96.5622,0.0574,0.75,0.0,1500.0,0.0,6.3992
1741.0,2026-06-05T20:21:05.921362+00:00,75.4074,-0.068,96.4321,-0.033,0.75,0.0,1500.0,0.0,6.3996
1741.5,2026-06-05T20:21:06.421280+00:00,75.4173,-0.0523,96.309,-0.0254,0.75,0.0,1500.0,0.0,6.3998
1742.0,2026-06-05T20:21:06.921345+00:00,75.4248,0.0235,96.2143,-0.1429,0.75,0.0,1500.0,0.0,6.3999
1742.5,2026-06-05T20:21:07.430435+00:00,75.4307,0.018,96.2804,-0.1484,0.75,0.0,1500.0,0.0,6.3488
1743.0,2026-06-05T20:21:07.921262+00:00,75.4351,0.0139,96.4469,-0.0446,0.75,0.0,1500.0,0.0,6.375
1743.5,2026-06-05T20:21:08.421675+00:00,75.3113,-0.053,96.4592,-0.0343,0.75,0.0,1500.0,0.0,6.3878
1744.0,2026-06-05T20:21:08.921722+00:00,75.3434,-0.0407,96.3298,-0.0341,0.75,0.0,1500.0,0.0,6.394
1744.5,2026-06-05T20:21:09.421261+00:00,75.4953,0.0323,96.3692,0.0201,0.75,0.0,1500.0,0.0,6.3971
1745.0,2026-06-05T20:21:09.927344+00:00,75.4848,0.0249,96.3995,0.0617,0.75,0.0,1500.0,0.0,6.3986
1745.5,2026-06-05T20:21:10.421533+00:00,75.3495,0.0191,96.4227,0.0474,0.75,0.0,1500.0,0.0,6.3481
1746.0,2026-06-05T20:21:10.921991+00:00,75.2455,-0.049,96.4406,-0.0021,0.75,0.0,1500.0,0.0,6.3235
1746.5,2026-06-05T20:21:11.421272+00:00,75.2928,-0.1013,96.5701,0.0369,0.75,0.0,1500.0,0.0,6.3115
1747.0,2026-06-05T20:21:11.921337+00:00,75.2019,-0.1415,96.5538,0.0747,0.75,0.0,1500.0,0.0,6.3056
1747.5,2026-06-05T20:21:12.426256+00:00,75.2593,-0.0451,96.7728,0.1345,0.75,0.0,1500.0,0.0,6.3027
1748.0,2026-06-05T20:21:12.922721+00:00,75.1762,-0.0347,96.9411,0.1805,0.75,0.0,1500.0,0.0,6.3013
1748.5,2026-06-05T20:21:13.421242+00:00,75.2395,-0.0266,96.8159,0.131,0.75,0.0,1500.0,0.0,6.3006
1749.0,2026-06-05T20:21:13.921337+00:00,75.2882,0.0432,96.7428,0.1007,0.75,0.0,1500.0,0.0,6.3003
1749.5,2026-06-05T20:21:14.421742+00:00,75.3257,0.0332,96.918,0.116,0.75,0.0,1500.0,0.0,6.3002
1750.0,2026-06-05T20:21:14.925489+00:00,75.4817,0.1528,96.937,0.1277,0.75,0.0,1500.0,0.0,6.3001
1750.5,2026-06-05T20:21:15.421382+00:00,75.6016,0.1811,96.9516,0.0596,0.75,0.0,1500.0,0.0,6.3
1751.000671,2026-06-05T20:21:15.922063+00:00,75.312,0.0119,96.9859,0.0149,0.75,0.0,1500.0,0.0,6.3
1751.5,2026-06-05T20:21:16.421357+00:00,75.4712,0.0728,96.8735,0.0192,0.75,0.0,1500.0,0.0,6.3
1752.0,2026-06-05T20:21:16.921310+00:00,75.4663,-0.0077,96.787,0.0148,0.75,0.0,1500.0,0.0,6.3
1752.500421,2026-06-05T20:21:17.429323+00:00,75.4625,-0.0696,96.5818,-0.1121,0.75,0.0,1500.0,0.0,6.3
1753.0,2026-06-05T20:21:17.921292+00:00,75.4596,0.0738,96.6786,-0.0861,0.75,0.0,1500.0,0.0,6.3
1753.5,2026-06-05T20:21:18.421216+00:00,75.3301,-0.0705,96.5215,-0.1433,0.75,0.0,1500.0,0.0,6.3
1754.0,2026-06-05T20:21:18.921260+00:00,75.2306,-0.1179,96.5166,-0.1564,0.75,0.0,1500.0,0.0,6.3
1754.5,2026-06-05T20:21:19.421298+00:00,75.2814,-0.0906,96.6284,-0.0817,0.75,0.0,1500.0,0.0,6.3
1755.0,2026-06-05T20:21:19.930665+00:00,75.4477,-0.006,96.5987,-0.0628,0.75,0.0,1500.0,0.0,6.3
1755.5,2026-06-05T20:21:20.421240+00:00,75.5755,0.1227,96.4833,-0.0328,0.75,0.0,1500.0,0.0,6.3
1756.0,2026-06-05T20:21:20.921230+00:00,75.5464,0.1579,96.5797,-0.0329,0.75,0.0,1500.0,0.0,6.3
1756.5,2026-06-05T20:21:21.421392+00:00,75.5241,0.1214,96.677,0.0518,0.75,0.0,1500.0,0.0,6.3
1757.0,2026-06-05T20:21:21.921248+00:00,75.2524,-0.0976,96.5203,0.0013,0.75,0.0,1500.0,0.0,6.3
1757.5,2026-06-05T20:21:22.425898+00:00,75.2981,-0.1387,96.6313,0.001,0.75,0.0,1500.0,0.0,6.3
1758.0,2026-06-05T20:21:22.921275+00:00,75.3333,-0.1066,96.6009,0.0007,0.75,0.0,1500.0,0.0,6.3512
1758.5,2026-06-05T20:21:23.421299+00:00,75.4876,-0.0183,96.5776,0.0314,0.75,0.0,1500.0,0.0,6.325
1759.0,2026-06-05T20:21:23.921246+00:00,75.3516,0.0496,96.6753,0.0319,0.75,0.0,1500.0,0.0,6.3122
1759.5,2026-06-05T20:21:24.421359+00:00,75.2471,-0.0255,96.4034,-0.0912,0.75,0.0,1500.0,0.0,6.306
1760.0,2026-06-05T20:21:24.929018+00:00,75.1668,-0.0833,96.4257,-0.0315,0.75,0.0,1500.0,0.0,6.3029
1760.5,2026-06-05T20:21:25.421255+00:00,75.105,-0.1913,96.2115,-0.1399,0.75,0.0,1500.0,0.0,6.3014
1761.0,2026-06-05T20:21:25.921528+00:00,74.9303,-0.2106,96.2783,-0.1076,0.75,0.0,1500.0,0.0,6.3007
1761.5,2026-06-05T20:21:26.421267+00:00,74.9233,-0.1619,96.0982,-0.1598,0.75,0.0,1500.0,0.0,6.3003
1762.0,2026-06-05T20:21:26.921595+00:00,74.9179,-0.1244,96.3069,-0.1228,0.75,0.0,1500.0,0.0,6.3002
1762.5,2026-06-05T20:21:27.427338+00:00,74.7865,-0.1593,96.4673,0.0213,0.75,0.0,1500.0,0.0,6.3001
1763.0,2026-06-05T20:21:27.921307+00:00,74.94,0.0049,96.4748,0.0164,0.75,0.0,1500.0,0.0,6.3
1763.5,2026-06-05T20:21:28.421317+00:00,74.9308,0.0037,96.5732,0.1206,0.75,0.0,1500.0,0.0,6.3
1764.0,2026-06-05T20:21:28.926552+00:00,74.9237,0.0029,96.672,0.1312,0.75,0.0,1500.0,0.0,6.3
1764.5,2026-06-05T20:21:29.421313+00:00,74.9182,0.0658,96.7479,0.2166,0.75,0.0,1500.0,0.0,6.3
1765.0,2026-06-05T20:21:29.930754+00:00,75.0412,0.0506,96.7831,0.1587,0.75,0.0,1500.0,0.0,6.3
1765.500451,2026-06-05T20:21:30.421749+00:00,75.1358,0.1025,96.8333,0.122,0.75,0.0,1500.0,0.0,6.3
1766.0,2026-06-05T20:21:30.921604+00:00,75.0813,0.0788,96.9876,0.1709,0.75,0.0,1500.0,0.0,6.3
1766.5,2026-06-05T20:21:31.422551+00:00,75.1666,0.1242,96.8516,0.0928,0.75,0.0,1500.0,0.0,6.2488
1767.0,2026-06-05T20:21:31.921269+00:00,75.1049,0.0318,96.8859,0.0713,0.75,0.0,1500.0,0.0,6.2238
1767.5,2026-06-05T20:21:32.428114+00:00,75.1848,0.0245,96.9123,0.0548,0.75,0.0,1500.0,0.0,6.2116
1768.0,2026-06-05T20:21:32.921285+00:00,74.6098,-0.2357,96.9326,0.0498,0.75,0.0,1500.0,0.0,6.2569
1768.5,2026-06-05T20:21:33.421243+00:00,74.5497,-0.3085,96.6937,-0.0465,0.75,0.0,1500.0,0.0,6.279
1769.0,2026-06-05T20:21:33.921546+00:00,74.5035,-0.3007,96.6257,-0.1206,0.75,0.0,1500.0,0.0,6.2897
1769.5,2026-06-05T20:21:34.421400+00:00,74.7225,-0.2311,96.5735,-0.0927,0.75,0.0,1500.0,0.0,6.295
1770.0,2026-06-05T20:21:34.928127+00:00,74.7636,0.0769,96.649,-0.079,0.75,0.0,1500.0,0.0,6.2976
1770.5,2026-06-05T20:21:35.421473+00:00,74.9224,0.1864,96.6377,-0.0915,0.75,0.0,1500.0,0.0,6.2988
1771.0,2026-06-05T20:21:35.921331+00:00,74.9172,0.2069,96.7215,-0.0704,0.75,0.0,1500.0,0.0,6.2994
1771.5,2026-06-05T20:21:36.421307+00:00,75.1678,0.2226,96.786,0.0308,0.75,0.0,1500.0,0.0,6.2997
1772.0,2026-06-05T20:21:36.921280+00:00,75.3604,0.2984,96.8355,0.0699,0.75,0.0,1500.0,0.0,6.2999
1772.5,2026-06-05T20:21:37.426153+00:00,75.3811,0.2293,96.7579,0.0615,0.75,0.0,1500.0,0.0,6.2487
1773.0,2026-06-05T20:21:37.921465+00:00,75.397,0.2399,96.8139,0.055,0.75,0.0,1500.0,0.0,6.275
1773.5,2026-06-05T20:21:38.421666+00:00,75.1548,-0.0065,96.857,0.0731,0.75,0.0,1500.0,0.0,6.2878
1774.0,2026-06-05T20:21:38.921225+00:00,75.2231,-0.0686,96.6587,-0.021,0.75,0.0,1500.0,0.0,6.294
1774.5,2026-06-05T20:21:39.421238+00:00,75.1483,-0.1164,96.969,0.061,0.75,0.0,1500.0,0.0,6.2971
1775.000241,2026-06-05T20:21:39.929516+00:00,75.2181,-0.0895,97.0919,0.0855,0.75,0.0,1500.0,0.0,6.2986
1775.5,2026-06-05T20:21:40.421555+00:00,75.3991,0.1221,97.0706,0.1043,0.75,0.0,1500.0,0.0,6.2993
1776.0,2026-06-05T20:21:40.921262+00:00,75.4108,0.0939,96.9386,0.0416,0.75,0.0,1500.0,0.0,6.2997
1776.5,2026-06-05T20:21:41.421249+00:00,75.2926,0.0722,96.9528,0.0319,0.75,0.0,1500.0,0.0,6.2998
1777.0,2026-06-05T20:21:41.921371+00:00,75.2018,-0.0082,96.848,0.0631,0.75,0.0,1500.0,0.0,6.2999
1777.5,2026-06-05T20:21:42.426757+00:00,75.1319,-0.1336,96.8601,-0.0363,0.75,0.0,1500.0,0.0,6.3
1778.0,2026-06-05T20:21:42.921246+00:00,75.0783,-0.1663,96.5453,-0.1822,0.75,0.0,1500.0,0.0,6.3
1778.5,2026-06-05T20:21:43.421269+00:00,74.9098,-0.1914,96.3034,-0.2557,0.75,0.0,1500.0,0.0,6.3
1779.0,2026-06-05T20:21:43.921555+00:00,74.7802,-0.2108,96.5803,-0.1194,0.75,0.0,1500.0,0.0,6.3
1779.5,2026-06-05T20:21:44.421236+00:00,74.6807,-0.2256,96.4229,-0.1766,0.75,0.0,1500.0,0.0,6.3
1780.0,2026-06-05T20:21:44.929241+00:00,74.7314,-0.1734,96.5333,-0.1049,0.75,0.0,1500.0,0.0,6.3
1780.5,2026-06-05T20:21:45.421628+00:00,74.7704,-0.0697,96.5256,-0.1115,0.75,0.0,1500.0,0.0,6.3
1781.0,2026-06-05T20:21:45.921211+00:00,74.6731,-0.0535,96.404,-0.0471,0.75,0.0,1500.0,0.0,6.3
1781.5,2026-06-05T20:21:46.421238+00:00,74.4711,-0.1048,96.5419,0.0795,0.75,0.0,1500.0,0.0,6.3
1782.0,2026-06-05T20:21:46.921932+00:00,74.3158,-0.2078,96.6479,0.0225,0.75,0.0,1500.0,0.0,6.3
1782.5,2026-06-05T20:21:47.426355+00:00,74.3237,-0.2234,96.7294,0.1022,0.75,0.0,1500.0,0.0,6.3
1783.0,2026-06-05T20:21:47.921225+00:00,74.2025,-0.2353,96.9077,0.1248,0.75,0.0,1500.0,0.0,6.3512
1783.500657,2026-06-05T20:21:48.421988+00:00,74.3639,-0.0536,96.8134,0.0959,0.75,0.0,1500.0,0.0,6.325
1784.0,2026-06-05T20:21:48.921401+00:00,74.3607,0.0224,96.9722,0.1894,0.75,0.0,1500.0,0.0,6.3122
1784.5,2026-06-05T20:21:49.421486+00:00,74.4855,0.0809,96.9787,0.1456,0.75,0.0,1500.0,0.0,6.306
1785.0,2026-06-05T20:21:49.926640+00:00,74.7087,0.2531,96.8448,0.0656,0.75,0.0,1500.0,0.0,6.3029
1785.5,2026-06-05T20:21:50.421273+00:00,74.753,0.1945,96.765,0.0119,0.75,0.0,1500.0,0.0,6.3526
1786.0,2026-06-05T20:21:50.921271+00:00,74.787,0.2131,96.8194,-0.0294,0.75,0.0,1500.0,0.0,6.3257
1786.5,2026-06-05T20:21:51.421366+00:00,74.6859,0.1002,96.6066,-0.0689,0.75,0.0,1500.0,0.0,6.3125
1787.0,2026-06-05T20:21:51.922313+00:00,74.7354,0.0134,96.582,-0.1301,0.75,0.0,1500.0,0.0,6.3061
1787.5,2026-06-05T20:21:52.430444+00:00,74.519,-0.117,96.6787,-0.1,0.75,0.0,1500.0,0.0,6.303
1788.0,2026-06-05T20:21:52.921292+00:00,74.7344,-0.0263,96.6373,-0.0691,0.75,0.0,1500.0,0.0,6.3527
1788.5,2026-06-05T20:21:53.421275+00:00,74.7727,0.0434,96.7213,-0.0146,0.75,0.0,1500.0,0.0,6.3769
1789.0,2026-06-05T20:21:53.921378+00:00,74.6749,-0.0303,96.6469,-0.0575,0.75,0.0,1500.0,0.0,6.3887
1789.5,2026-06-05T20:21:54.423434+00:00,74.5997,0.0404,96.7286,0.0407,0.75,0.0,1500.0,0.0,6.3945
1790.0,2026-06-05T20:21:54.926736+00:00,74.6692,-0.0326,96.9071,0.1084,0.75,0.0,1500.0,0.0,6.3973
1790.5,2026-06-05T20:21:55.421319+00:00,74.7226,-0.0251,96.7898,0.037,0.75,0.0,1500.0,0.0,6.3475
1791.0,2026-06-05T20:21:55.921261+00:00,74.5091,-0.0829,96.9541,0.1056,0.75,0.0,1500.0,0.0,6.3232
1791.5,2026-06-05T20:21:56.421867+00:00,74.345,-0.1273,96.849,0.0426,0.75,0.0,1500.0,0.0,6.3625
1792.0,2026-06-05T20:21:56.921280+00:00,74.3462,-0.1615,96.884,0.079,0.75,0.0,1500.0,0.0,6.3817
1792.5,2026-06-05T20:21:57.428804+00:00,74.4743,-0.1241,96.772,0.0145,0.75,0.0,1500.0,0.0,6.3399
1793.0,2026-06-05T20:21:57.921370+00:00,74.5728,0.0319,96.6859,-0.0737,0.75,0.0,1500.0,0.0,6.3707
1793.5,2026-06-05T20:21:58.421272+00:00,74.5213,0.0881,96.5272,-0.0875,0.75,0.0,1500.0,0.0,6.3345
1794.0,2026-06-05T20:21:58.921335+00:00,74.6089,0.1314,96.6366,-0.1058,0.75,0.0,1500.0,0.0,6.3168
1794.500465,2026-06-05T20:21:59.421751+00:00,74.6763,0.101,96.605,-0.0813,0.75,0.0,1500.0,0.0,6.3082
1795.0,2026-06-05T20:21:59.926787+00:00,74.728,0.0776,96.6964,-0.0625,0.75,0.0,1500.0,0.0,6.304
1795.5,2026-06-05T20:22:00.421307+00:00,74.6406,0.0596,96.6509,-0.0403,0.75,0.0,1500.0,0.0,6.302
1796.0,2026-06-05T20:22:00.921243+00:00,74.4461,-0.0814,96.5003,-0.0619,0.75,0.0,1500.0,0.0,6.301
1796.5,2026-06-05T20:22:01.421934+00:00,74.6784,0.0011,96.5928,0.0219,0.75,0.0,1500.0,0.0,6.3005
1797.0,2026-06-05T20:22:01.922757+00:00,74.3478,-0.1901,96.5945,-0.014,0.75,0.0,1500.0,0.0,6.3002
1797.5,2026-06-05T20:22:02.428661+00:00,74.4756,-0.0825,96.4569,-0.0494,0.75,0.0,1500.0,0.0,6.3001
1798.0,2026-06-05T20:22:02.921446+00:00,74.4465,0.0002,96.5826,-0.0379,0.75,0.0,1500.0,0.0,6.3001
1798.5,2026-06-05T20:22:03.421365+00:00,74.6787,0.0002,96.6792,0.0094,0.75,0.0,1500.0,0.0,6.3
1799.0,2026-06-05T20:22:03.922867+00:00,74.6027,0.1274,96.6146,0.0381,0.75,0.0,1500.0,0.0,6.3
1799.5,2026-06-05T20:22:04.422470+00:00,74.6715,0.0979,96.7038,0.037,0.75,0.0,1500.0,0.0,6.3
