monotonic_offset_s,utc_timestamp,T,T_dot,U,U_dot,V,V_dot,f,f_dot,mem
0.000286,2026-05-05T22:47:00.377264+00:00,47.4,,0.0,,0.8473,,2400.0,,4.8
0.500002,2026-05-05T22:47:00.873034+00:00,47.5273,,16.6377,,0.8473,,2400.0,,5.3632
1.0,2026-05-05T22:47:01.373535+00:00,48.1342,,33.174,,0.8473,0.0,2400.0,0.0,6.406
1.5,2026-05-05T22:47:01.873527+00:00,48.7279,,47.8277,,0.8473,0.0,2400.0,0.0,6.9149
2.0,2026-05-05T22:47:02.373064+00:00,49.4388,1.0194,58.859,,0.8473,0.0,2400.0,0.0,7.1633
2.5,2026-05-05T22:47:02.979279+00:00,49.8579,1.1653,67.5923,,0.8473,0.0,2400.0,0.0,7.2845
3.0,2026-05-05T22:47:03.373286+00:00,50.3073,1.0866,73.6799,24.56,0.8473,0.0,2400.0,0.0,7.2924
3.5,2026-05-05T22:47:03.873073+00:00,50.9073,1.0897,79.0762,20.8128,0.8473,0.0,2400.0,0.0,7.3475
4.0,2026-05-05T22:47:04.373486+00:00,51.4956,1.0284,82.9923,16.6061,0.8473,0.0,2400.0,0.0,7.3744
4.5,2026-05-05T22:47:04.873079+00:00,51.9479,1.045,86.0949,12.7557,0.8473,0.0,2400.0,0.0,7.3875
5.0,2026-05-05T22:47:05.377251+00:00,52.2955,0.9941,88.5026,9.8812,0.8473,0.0,2400.0,0.0,7.3427
5.500839,2026-05-05T22:47:05.890191+00:00,52.6899,0.8913,90.3764,7.5947,0.8473,0.0,2400.0,0.0,7.3208
6.0,2026-05-05T22:47:06.373828+00:00,53.1203,0.8123,91.5157,5.9453,0.8473,0.0,2400.0,0.0,7.3102
6.50004,2026-05-05T22:47:06.873153+00:00,53.4512,0.7516,92.5765,4.5001,0.8473,0.0,2400.0,0.0,7.305
7.0,2026-05-05T22:47:07.373081+00:00,53.96,0.8322,93.3687,3.4588,0.8473,0.0,2400.0,0.0,7.2512
7.5,2026-05-05T22:47:07.878984+00:00,54.2238,0.7669,94.209,2.7047,0.8473,0.0,2400.0,0.0,7.225
8.0,2026-05-05T22:47:08.373596+00:00,54.6811,0.7804,94.7623,2.0865,0.8473,0.0,2400.0,0.0,7.2634
8.5,2026-05-05T22:47:08.873087+00:00,54.9053,0.7271,95.0487,1.5574,0.8473,0.0,2400.0,0.0,7.2821
9.0,2026-05-05T22:47:09.373133+00:00,54.8231,0.4316,95.5002,1.3282,0.8473,0.0,2400.0,0.0,7.2401
9.5,2026-05-05T22:47:09.873071+00:00,55.1417,0.459,95.639,1.0208,0.8473,0.0,2400.0,0.0,7.2196
10.0,2026-05-05T22:47:10.383038+00:00,55.3866,0.3528,95.8382,0.8232,0.8473,0.0,2400.0,0.0,7.2095
10.5,2026-05-05T22:47:10.873097+00:00,55.4475,0.2711,95.6443,0.4784,0.8473,0.0,2400.0,0.0,7.2047
11.0,2026-05-05T22:47:11.373209+00:00,55.4944,0.3357,95.8423,0.36,0.8473,0.0,2400.0,0.0,7.1511
11.5,2026-05-05T22:47:11.873091+00:00,55.6577,0.258,95.9945,0.3153,0.8473,0.0,2400.0,0.0,7.1249
12.0,2026-05-05T22:47:12.373450+00:00,55.7832,0.1983,96.1115,0.2037,0.8473,0.0,2400.0,0.0,7.061
12.5,2026-05-05T22:47:12.876865+00:00,55.8796,0.216,96.1088,0.1566,0.8473,0.0,2400.0,0.0,7.0297
13.0,2026-05-05T22:47:13.373257+00:00,55.9538,0.2297,96.1993,0.1204,0.8473,0.0,2400.0,0.0,6.9633
13.5,2026-05-05T22:47:13.873217+00:00,56.0107,0.1765,96.2689,0.2082,0.8473,0.0,2400.0,0.0,6.9309
14.0,2026-05-05T22:47:14.373454+00:00,56.3091,0.263,96.091,0.0829,0.8473,0.0,2400.0,0.0,6.8639
14.5,2026-05-05T22:47:14.873096+00:00,56.5384,0.3294,96.0931,0.0329,0.8473,0.0,2400.0,0.0,6.8312
15.0,2026-05-05T22:47:15.377323+00:00,56.5873,0.3168,96.0947,-0.0056,0.8473,0.0,2400.0,0.0,6.8152
15.5,2026-05-05T22:47:15.873100+00:00,56.4977,0.2435,96.281,0.0574,0.8473,0.0,2400.0,0.0,6.8074
16.000333,2026-05-05T22:47:16.376185+00:00,56.8106,0.2508,96.216,0.0056,0.8473,0.0,2400.0,0.0,6.7524
16.5,2026-05-05T22:47:16.873083+00:00,56.7966,0.1291,96.166,-0.0343,0.8473,0.0,2400.0,0.0,6.7256
17.0,2026-05-05T22:47:17.373063+00:00,56.9131,0.1629,96.1276,0.0122,0.8473,0.0,2400.0,0.0,6.7125
17.5,2026-05-05T22:47:17.878384+00:00,57.1299,0.3161,96.1212,0.0094,0.8473,0.0,2400.0,0.0,6.7061
18.000631,2026-05-05T22:47:18.374496+00:00,57.2965,0.2429,96.1857,0.0304,0.8473,0.0,2400.0,0.0,6.703
18.5,2026-05-05T22:47:18.873087+00:00,57.2973,0.2504,96.1427,-0.0461,0.8473,0.0,2400.0,0.0,6.6503
19.0,2026-05-05T22:47:19.373081+00:00,57.2979,0.1924,96.1097,-0.0354,0.8473,0.0,2400.0,0.0,6.6245
19.5,2026-05-05T22:47:19.873240+00:00,57.4257,0.1479,96.0843,-0.0272,0.8473,0.0,2400.0,0.0,6.612
20.0,2026-05-05T22:47:20.381937+00:00,57.2693,-0.0136,96.0648,-0.0209,0.8473,0.0,2400.0,0.0,6.6058
20.5,2026-05-05T22:47:20.873239+00:00,57.2764,-0.0104,96.1655,0.0148,0.8473,0.0,2400.0,0.0,6.6028
21.0,2026-05-05T22:47:21.373060+00:00,57.2819,-0.008,96.1041,-0.0272,0.8473,0.0,2400.0,0.0,6.5502
21.5,2026-05-05T22:47:21.873157+00:00,57.1588,-0.1334,96.08,-0.0209,0.8473,0.0,2400.0,0.0,6.5245
22.0,2026-05-05T22:47:22.373167+00:00,57.1915,-0.0389,96.0383,-0.0238,0.8473,0.0,2400.0,0.0,6.512
22.5,2026-05-05T22:47:22.876737+00:00,57.2166,-0.0299,96.0295,-0.0183,0.8473,0.0,2400.0,0.0,6.5058
23.0,2026-05-05T22:47:23.373464+00:00,57.4904,0.1043,96.0227,-0.0141,0.8473,0.0,2400.0,0.0,6.5028
23.5,2026-05-05T22:47:23.873956+00:00,57.7009,0.271,96.11,-0.0185,0.8473,0.0,2400.0,0.0,6.5014
24.0,2026-05-05T22:47:24.373532+00:00,57.8627,0.3356,96.0845,-0.0065,0.8473,0.0,2400.0,0.0,6.5007
24.5,2026-05-05T22:47:24.873364+00:00,58.2416,0.5125,96.065,-0.005,0.8473,0.0,2400.0,0.0,6.5003
25.0,2026-05-05T22:47:25.377947+00:00,58.1509,0.3303,96.2813,0.081,0.8473,0.0,2400.0,0.0,6.449
25.5,2026-05-05T22:47:25.873757+00:00,58.4631,0.3811,96.2162,0.0623,0.8473,0.0,2400.0,0.0,6.4751
26.0,2026-05-05T22:47:26.373417+00:00,58.4485,0.2929,96.1662,0.0478,0.8473,0.0,2400.0,0.0,6.4366
26.5,2026-05-05T22:47:26.873419+00:00,58.31,0.0342,96.1277,0.0059,0.8473,0.0,2400.0,0.0,6.4179
27.0,2026-05-05T22:47:27.373072+00:00,58.3308,0.0899,96.0982,0.0046,0.8473,0.0,2400.0,0.0,6.4087
27.5,2026-05-05T22:47:27.877785+00:00,58.6014,0.0691,96.168,0.0344,0.8473,0.0,2400.0,0.0,6.4043
28.0,2026-05-05T22:47:28.373075+00:00,58.8093,0.1804,96.1291,-0.0507,0.8473,0.0,2400.0,0.0,6.4021
28.5,2026-05-05T22:47:28.873090+00:00,58.4601,0.075,96.0993,-0.039,0.8473,0.0,2400.0,0.0,6.401
29.0,2026-05-05T22:47:29.373426+00:00,58.7007,0.1849,96.1688,0.0009,0.8473,0.0,2400.0,0.0,6.4005
29.5,2026-05-05T22:47:29.873311+00:00,58.8857,0.1421,96.3612,0.0778,0.8473,0.0,2400.0,0.0,6.4002
30.0,2026-05-05T22:47:30.378418+00:00,58.9006,0.0456,96.3007,0.0675,0.8473,0.0,2400.0,0.0,6.4001
30.5,2026-05-05T22:47:30.873070+00:00,59.1665,0.3532,96.2311,0.021,0.8473,0.0,2400.0,0.0,6.4513
31.0,2026-05-05T22:47:31.373139+00:00,59.371,0.3351,96.4091,0.0933,0.8473,0.0,2400.0,0.0,6.425
31.5,2026-05-05T22:47:31.873288+00:00,59.4008,0.2576,96.4301,0.1103,0.8473,0.0,2400.0,0.0,6.4122
32.0,2026-05-05T22:47:32.373265+00:00,59.4238,0.2616,96.4463,0.0925,0.8473,0.0,2400.0,0.0,6.406
32.5,2026-05-05T22:47:32.877277+00:00,59.5687,0.2011,96.343,-0.0061,0.8473,0.0,2400.0,0.0,6.4029
33.0,2026-05-05T22:47:33.373671+00:00,59.5528,0.0909,96.3793,0.0262,0.8473,0.0,2400.0,0.0,6.4014
33.5,2026-05-05T22:47:33.873211+00:00,59.7951,0.1971,96.4073,0.0587,0.8473,0.0,2400.0,0.0,6.4007
34.0,2026-05-05T22:47:34.373050+00:00,59.8541,0.2152,96.4287,0.0066,0.8473,0.0,2400.0,0.0,6.4003
34.5,2026-05-05T22:47:34.873125+00:00,60.154,0.2926,96.4452,0.005,0.8473,0.0,2400.0,0.0,6.4002
35.0,2026-05-05T22:47:35.376946+00:00,60.1299,0.2886,96.3422,-0.0347,0.8473,0.0,2400.0,0.0,6.3489
35.5,2026-05-05T22:47:35.873104+00:00,60.2387,0.2218,96.3787,0.0119,0.8473,0.0,2400.0,0.0,6.3751
36.0,2026-05-05T22:47:36.373076+00:00,60.195,0.1705,96.2911,-0.0294,0.8473,0.0,2400.0,0.0,6.3878
36.5,2026-05-05T22:47:36.873191+00:00,60.2887,0.0674,96.2237,-0.0612,0.8473,0.0,2400.0,0.0,6.3941
37.0,2026-05-05T22:47:37.373121+00:00,60.2335,0.0518,96.1488,-0.0933,0.8473,0.0,2400.0,0.0,6.3971
37.5,2026-05-05T22:47:37.878600+00:00,60.4456,0.1034,96.1375,-0.1026,0.8473,0.0,2400.0,0.0,6.3986
38.0,2026-05-05T22:47:38.373076+00:00,60.6086,0.2068,96.1057,-0.0788,0.8473,0.0,2400.0,0.0,6.3481
38.5,2026-05-05T22:47:38.873066+00:00,60.7339,0.2226,96.3126,-0.022,0.8473,0.0,2400.0,0.0,6.3235
39.0,2026-05-05T22:47:39.373313+00:00,60.8302,0.2983,96.2403,-0.0169,0.8473,0.0,2400.0,0.0,6.3115
39.5,2026-05-05T22:47:39.873184+00:00,60.9042,0.2293,96.1847,-0.013,0.8473,0.0,2400.0,0.0,6.3056
40.0,2026-05-05T22:47:40.376711+00:00,61.0883,0.2399,96.142,-0.0023,0.8473,0.0,2400.0,0.0,6.3027
40.5,2026-05-05T22:47:40.873099+00:00,60.9753,0.1207,96.1091,-0.0095,0.8473,0.0,2400.0,0.0,6.3013
41.0,2026-05-05T22:47:41.373179+00:00,61.0157,0.0928,96.0839,-0.0073,0.8473,0.0,2400.0,0.0,6.3006
41.5,2026-05-05T22:47:41.873107+00:00,60.9195,0.0077,96.0645,-0.0827,0.8473,0.0,2400.0,0.0,6.3003
42.0,2026-05-05T22:47:42.373068+00:00,60.9729,-0.0577,96.0495,-0.0636,0.8473,0.0,2400.0,0.0,6.3002
42.5,2026-05-05T22:47:42.878316+00:00,61.1411,0.0829,96.1538,-0.0103,0.8473,0.0,2400.0,0.0,6.3001
43.0,2026-05-05T22:47:43.373103+00:00,61.2705,0.1274,96.1413,-0.0002,0.8473,0.0,2400.0,0.0,6.3
43.5,2026-05-05T22:47:43.873167+00:00,61.2426,0.1615,96.1086,-0.0002,0.8473,0.0,2400.0,0.0,6.3
44.0,2026-05-05T22:47:44.373167+00:00,61.603,0.315,96.1992,0.0384,0.8473,0.0,2400.0,0.0,6.3
44.5,2026-05-05T22:47:44.873074+00:00,61.4981,0.1785,96.1762,0.0373,0.8473,0.0,2400.0,0.0,6.3
45.0,2026-05-05T22:47:45.392223+00:00,61.5449,0.1372,96.2512,0.0672,0.8473,0.0,2400.0,0.0,6.3
45.5,2026-05-05T22:47:45.873125+00:00,61.5808,0.1691,96.3319,0.0594,0.8473,0.0,2400.0,0.0,6.3
46.0,2026-05-05T22:47:46.373125+00:00,61.4811,-0.0609,96.2319,0.0302,0.8473,0.0,2400.0,0.0,6.3
46.5,2026-05-05T22:47:46.873096+00:00,61.5317,0.0168,96.294,0.0618,0.8473,0.0,2400.0,0.0,6.3
47.0,2026-05-05T22:47:47.373532+00:00,61.6979,0.0765,96.3416,0.0475,0.8473,0.0,2400.0,0.0,6.3
47.5,2026-05-05T22:47:47.876687+00:00,61.8257,0.1225,96.2626,0.0288,0.8473,0.0,2400.0,0.0,6.3
48.0,2026-05-05T22:47:48.373168+00:00,62.0511,0.285,96.1787,-0.0242,0.8473,0.0,2400.0,0.0,6.3
48.5,2026-05-05T22:47:48.873518+00:00,62.0972,0.2827,96.3687,0.0123,0.8473,0.0,2400.0,0.0,6.3
49.0,2026-05-05T22:47:49.376245+00:00,62.1325,0.2173,96.3991,0.0557,0.8473,0.0,2400.0,0.0,6.3
49.5,2026-05-05T22:47:49.873082+00:00,62.4143,0.2943,96.1911,-0.0343,0.8473,0.0,2400.0,0.0,6.3
50.0,2026-05-05T22:47:50.376798+00:00,62.3762,0.1625,96.3782,0.0122,0.8473,0.0,2400.0,0.0,6.3
50.5,2026-05-05T22:47:50.873084+00:00,62.4743,0.1886,96.3139,0.0171,0.8473,0.0,2400.0,0.0,6.3
51.000404,2026-05-05T22:47:51.373904+00:00,62.6769,0.2722,96.3569,0.0594,0.8473,0.0,2400.0,0.0,6.3
51.5,2026-05-05T22:47:51.873075+00:00,62.7054,0.1456,96.5057,0.0457,0.8473,0.0,2400.0,0.0,6.3
52.0,2026-05-05T22:47:52.373071+00:00,62.7273,0.1755,96.5044,0.0351,0.8473,0.0,2400.0,0.0,6.3
52.5,2026-05-05T22:47:52.877256+00:00,62.7441,0.1349,96.5034,0.1041,0.8473,0.0,2400.0,0.0,6.3
53.0,2026-05-05T22:47:53.373100+00:00,63.0116,0.1673,96.4795,0.0337,0.8473,0.0,2400.0,0.0,6.3
53.5,2026-05-05T22:47:53.873074+00:00,62.9626,0.1286,96.3685,0.0182,0.8473,0.0,2400.0,0.0,6.3
54.0,2026-05-05T22:47:54.373081+00:00,63.1795,0.2261,96.5146,0.0526,0.8473,0.0,2400.0,0.0,6.3
54.5,2026-05-05T22:47:54.873120+00:00,63.3463,0.3011,96.3956,-0.0367,0.8473,0.0,2400.0,0.0,6.3
55.0,2026-05-05T22:47:55.379912+00:00,63.2198,0.1041,96.304,-0.0668,0.8473,0.0,2400.0,0.0,6.3
55.5,2026-05-05T22:47:55.873128+00:00,63.1227,0.08,96.3725,-0.0436,0.8473,0.0,2400.0,0.0,6.3
56.0,2026-05-05T22:47:56.373205+00:00,63.3026,0.0615,96.402,-0.0258,0.8473,0.0,2400.0,0.0,6.3
56.5,2026-05-05T22:47:56.873127+00:00,63.3135,-0.0164,96.309,-0.0198,0.8473,0.0,2400.0,0.0,6.3
57.0,2026-05-05T22:47:57.373071+00:00,63.0674,-0.0762,96.1218,-0.131,0.8473,0.0,2400.0,0.0,6.3
57.5,2026-05-05T22:47:57.877607+00:00,63.2601,0.0687,96.325,-0.0235,0.8473,0.0,2400.0,0.0,6.3
58.0,2026-05-05T22:47:58.373302+00:00,63.2809,-0.0108,96.1341,-0.0566,0.8473,0.0,2400.0,0.0,6.3
58.5,2026-05-05T22:47:58.873187+00:00,63.4242,0.0553,96.3345,-0.0127,0.8473,0.0,2400.0,0.0,6.3
59.0,2026-05-05T22:47:59.373091+00:00,63.7888,0.3607,96.3728,-0.0097,0.8473,0.0,2400.0,0.0,6.3
59.5,2026-05-05T22:47:59.873510+00:00,63.9418,0.3409,96.5179,0.0696,0.8473,0.0,2400.0,0.0,6.3
60.0,2026-05-05T22:48:00.379412+00:00,64.0594,0.3893,96.4212,0.0998,0.8473,0.0,2400.0,0.0,6.3
60.5,2026-05-05T22:48:00.873101+00:00,64.1498,0.3628,96.3237,-0.0004,0.8473,0.0,2400.0,0.0,6.3
61.0,2026-05-05T22:48:01.373203+00:00,64.3465,0.2789,96.3645,0.0768,0.8473,0.0,2400.0,0.0,6.3
61.5,2026-05-05T22:48:01.873078+00:00,64.4977,0.278,96.3959,0.0205,0.8473,0.0,2400.0,0.0,6.3
62.0,2026-05-05T22:48:02.373492+00:00,64.4867,0.2136,96.42,0.0157,0.8473,0.0,2400.0,0.0,6.3
62.5,2026-05-05T22:48:02.877590+00:00,64.4782,0.1642,96.4153,-0.0342,0.8473,0.0,2400.0,0.0,6.3
63.0,2026-05-05T22:48:03.373219+00:00,64.5989,0.1262,96.5506,0.0431,0.8473,0.0,2400.0,0.0,6.3
63.5,2026-05-05T22:48:03.873653+00:00,64.5645,0.0334,96.6546,0.1103,0.8473,0.0,2400.0,0.0,6.3
64.0,2026-05-05T22:48:04.373063+00:00,64.538,0.0256,96.5031,0.0462,0.8473,0.0,2400.0,0.0,6.3
64.5,2026-05-05T22:48:04.873133+00:00,64.6449,0.0833,96.5024,0.0355,0.8473,0.0,2400.0,0.0,6.3
65.0,2026-05-05T22:48:05.379920+00:00,64.5998,0.0004,96.5019,0.0273,0.8473,0.0,2400.0,0.0,6.3
65.5,2026-05-05T22:48:05.875416+00:00,64.5651,0.0003,96.3857,-0.0099,0.8473,0.0,2400.0,0.0,6.3
66.0,2026-05-05T22:48:06.373083+00:00,64.6658,0.0639,96.2733,-0.0924,0.8473,0.0,2400.0,0.0,6.3
66.5,2026-05-05T22:48:06.873415+00:00,64.8704,0.1127,96.4415,-0.071,0.8473,0.0,2400.0,0.0,6.3
67.0,2026-05-05T22:48:07.373256+00:00,64.7731,0.0867,96.3393,-0.0546,0.8473,0.0,2400.0,0.0,6.3
67.5,2026-05-05T22:48:07.878538+00:00,64.8256,0.1302,96.4922,-0.0034,0.8473,0.0,2400.0,0.0,6.3
68.0,2026-05-05T22:48:08.373087+00:00,64.866,0.1001,96.4014,-0.0335,0.8473,0.0,2400.0,0.0,6.3
68.5,2026-05-05T22:48:08.873180+00:00,65.0242,0.0769,96.3317,-0.018,0.8473,0.0,2400.0,0.0,6.3
69.0,2026-05-05T22:48:09.373495+00:00,65.1459,0.1864,96.4863,0.071,0.8473,0.0,2400.0,0.0,6.3
69.5,2026-05-05T22:48:09.873105+00:00,65.2394,0.2069,96.3738,-0.0226,0.8473,0.0,2400.0,0.0,6.3
70.0,2026-05-05T22:48:10.376911+00:00,65.4386,0.2863,96.5187,0.0598,0.8473,0.0,2400.0,0.0,6.3
70.5,2026-05-05T22:48:10.873403+00:00,65.5916,0.2837,96.3987,-0.0312,0.8473,0.0,2400.0,0.0,6.3
71.0,2026-05-05T22:48:11.373318+00:00,65.4547,0.1544,96.3064,-0.0317,0.8473,0.0,2400.0,0.0,6.3
71.5,2026-05-05T22:48:11.873108+00:00,65.604,0.1823,96.1198,-0.0706,0.8473,0.0,2400.0,0.0,6.3
72.0,2026-05-05T22:48:12.373366+00:00,65.7188,0.1401,96.0921,-0.1314,0.8473,0.0,2400.0,0.0,6.3
72.5,2026-05-05T22:48:12.878916+00:00,65.6797,0.0441,96.0708,-0.101,0.8473,0.0,2400.0,0.0,6.3
73.0,2026-05-05T22:48:13.373572+00:00,65.6497,0.0975,96.147,-0.1239,0.8473,0.0,2400.0,0.0,6.3
73.5,2026-05-05T22:48:13.873282+00:00,65.6266,0.0113,95.9973,-0.1338,0.8473,0.0,2400.0,0.0,6.3
74.0,2026-05-05T22:48:14.373059+00:00,65.7362,0.0087,95.8822,-0.1414,0.8473,0.0,2400.0,0.0,6.2488
74.5,2026-05-05T22:48:14.873283+00:00,65.5658,-0.057,95.9095,-0.0701,0.8473,0.0,2400.0,0.0,6.2238
75.0,2026-05-05T22:48:15.377817+00:00,65.6894,0.0199,95.8147,-0.0925,0.8473,0.0,2400.0,0.0,6.2116
75.5,2026-05-05T22:48:15.873589+00:00,65.7844,0.0789,95.765,-0.1019,0.8473,0.0,2400.0,0.0,6.3081
76.0,2026-05-05T22:48:16.373056+00:00,65.7302,-0.003,95.7037,-0.1478,0.8473,0.0,2400.0,0.0,6.3551
76.5,2026-05-05T22:48:16.873196+00:00,65.6885,0.0613,95.7723,-0.075,0.8473,0.0,2400.0,0.0,6.3781
77.0,2026-05-05T22:48:17.373140+00:00,65.7837,0.0471,95.9407,0.0195,0.8473,0.0,2400.0,0.0,6.3893
77.5,2026-05-05T22:48:17.880099+00:00,65.7296,-0.0274,95.9544,0.015,0.8473,0.0,2400.0,0.0,6.3948
78.0,2026-05-05T22:48:18.373215+00:00,65.8153,0.0426,95.9649,0.0501,0.8473,0.0,2400.0,0.0,6.3975
78.5,2026-05-05T22:48:18.873060+00:00,65.8812,0.0964,95.9731,0.0693,0.8473,0.0,2400.0,0.0,6.3988
79.0,2026-05-05T22:48:19.373228+00:00,66.0591,0.1377,96.095,0.1304,0.8473,0.0,2400.0,0.0,6.3994
79.5,2026-05-05T22:48:19.873292+00:00,66.3231,0.2967,96.0499,0.0925,0.8473,0.0,2400.0,0.0,6.3997
80.0,2026-05-05T22:48:20.377082+00:00,66.3988,0.2917,96.1309,0.0634,0.8473,0.0,2400.0,0.0,6.3999
80.5,2026-05-05T22:48:20.873064+00:00,66.7114,0.4151,96.2394,0.095,0.8473,0.0,2400.0,0.0,6.3999
81.0,2026-05-05T22:48:21.373112+00:00,66.8245,0.3827,96.2766,0.1039,0.8473,0.0,2400.0,0.0,6.4
81.5,2026-05-05T22:48:21.873449+00:00,66.9114,0.2941,96.0969,0.0413,0.8473,0.0,2400.0,0.0,6.4
82.0,2026-05-05T22:48:22.373094+00:00,66.8509,0.2261,96.0745,-0.0068,0.8473,0.0,2400.0,0.0,6.4
82.5,2026-05-05T22:48:22.879898+00:00,66.6771,-0.0171,96.0572,0.0025,0.8473,0.0,2400.0,0.0,6.4
83.0,2026-05-05T22:48:23.373079+00:00,66.7981,-0.0132,96.1366,0.0019,0.8473,0.0,2400.0,0.0,6.3488
83.5,2026-05-05T22:48:23.874322+00:00,66.7639,-0.0738,96.105,-0.0448,0.8473,0.0,2400.0,0.0,6.3238
84.0,2026-05-05T22:48:24.373120+00:00,66.992,0.0706,96.1964,-0.0267,0.8473,0.0,2400.0,0.0,6.3116
84.5,2026-05-05T22:48:24.873235+00:00,67.1674,0.2451,96.1278,0.0103,0.8473,0.0,2400.0,0.0,6.3057
85.0,2026-05-05T22:48:25.377398+00:00,67.175,0.1884,96.2139,0.0465,0.8473,0.0,2400.0,0.0,6.3028
85.5,2026-05-05T22:48:25.873886+00:00,67.1808,0.2085,96.1644,0.0357,0.8473,0.0,2400.0,0.0,6.3526
86.0,2026-05-05T22:48:26.373075+00:00,67.1852,0.0966,96.2421,0.0352,0.8473,0.0,2400.0,0.0,6.3256
86.5,2026-05-05T22:48:26.873231+00:00,67.4432,0.1379,96.1861,0.027,0.8473,0.0,2400.0,0.0,6.3125
87.0,2026-05-05T22:48:27.373688+00:00,67.3869,0.106,96.3744,0.0593,0.8473,0.0,2400.0,0.0,6.3061
87.5,2026-05-05T22:48:27.879041+00:00,67.3437,0.0814,96.4035,0.0919,0.8473,0.0,2400.0,0.0,6.303
88.0,2026-05-05T22:48:28.373093+00:00,67.3104,0.0626,96.3332,0.0398,0.8473,0.0,2400.0,0.0,6.3015
88.5,2026-05-05T22:48:28.873581+00:00,67.5394,0.0481,96.3487,0.0614,0.8473,0.0,2400.0,0.0,6.3007
89.0,2026-05-05T22:48:29.373574+00:00,67.7154,0.1643,96.4994,0.0858,0.8473,0.0,2400.0,0.0,6.3003
89.5,2026-05-05T22:48:29.873051+00:00,67.8507,0.2535,96.3607,0.0582,0.8473,0.0,2400.0,0.0,6.3002
90.0,2026-05-05T22:48:30.379443+00:00,67.8274,0.2585,96.3929,0.0062,0.8473,0.0,2400.0,0.0,6.3001
90.5,2026-05-05T22:48:30.873135+00:00,67.8095,0.135,96.5103,0.0356,0.8473,0.0,2400.0,0.0,6.3
91.0,2026-05-05T22:48:31.373150+00:00,67.923,0.1038,96.3691,0.0119,0.8473,0.0,2400.0,0.0,6.3
91.5,2026-05-05T22:48:31.873065+00:00,68.0102,0.0798,96.2837,-0.0217,0.8473,0.0,2400.0,0.0,6.3
92.0,2026-05-05T22:48:32.373048+00:00,67.8227,-0.0023,96.3337,-0.0552,0.8473,0.0,2400.0,0.0,6.3
92.5,2026-05-05T22:48:32.877157+00:00,67.9332,0.0619,96.3722,0.0038,0.8473,0.0,2400.0,0.0,6.3
93.0,2026-05-05T22:48:33.373097+00:00,67.8908,-0.0161,96.3092,-0.0279,0.8473,0.0,2400.0,0.0,6.3
93.5,2026-05-05T22:48:33.873198+00:00,67.7309,-0.1396,96.3534,-0.0523,0.8473,0.0,2400.0,0.0,6.3
94.0,2026-05-05T22:48:34.373294+00:00,67.7354,-0.0437,96.3873,0.0061,0.8473,0.0,2400.0,0.0,6.3
94.5,2026-05-05T22:48:34.873348+00:00,67.7387,-0.0972,96.2977,0.0047,0.8473,0.0,2400.0,0.0,6.3
95.0,2026-05-05T22:48:35.379423+00:00,67.9959,0.0525,96.1131,-0.0735,0.8473,0.0,2400.0,0.0,6.3
95.5,2026-05-05T22:48:35.873290+00:00,68.1935,0.2313,96.2026,-0.0565,0.8473,0.0,2400.0,0.0,6.3
96.0,2026-05-05T22:48:36.373163+00:00,68.2182,0.2414,96.3871,0.026,0.8473,0.0,2400.0,0.0,6.3
96.5,2026-05-05T22:48:36.874043+00:00,68.3644,0.3128,96.1819,-0.0572,0.8473,0.0,2400.0,0.0,6.3
97.0,2026-05-05T22:48:37.373071+00:00,68.3495,0.1768,96.1398,-0.0825,0.8473,0.0,2400.0,0.0,6.3
97.5,2026-05-05T22:48:37.878783+00:00,68.338,0.0722,96.0843,-0.0711,0.8473,0.0,2400.0,0.0,6.3
98.0,2026-05-05T22:48:38.373279+00:00,68.5838,0.1828,96.0648,-0.0161,0.8473,0.0,2400.0,0.0,6.3
98.5,2026-05-05T22:48:38.873217+00:00,68.6454,0.1405,96.1886,-0.0047,0.8473,0.0,2400.0,0.0,6.3
99.0,2026-05-05T22:48:39.373091+00:00,68.82,0.2353,96.3532,-0.0113,0.8473,0.0,2400.0,0.0,6.3
99.5,2026-05-05T22:48:39.873269+00:00,68.8269,0.2445,96.1789,-0.001,0.8473,0.0,2400.0,0.0,6.3
100.0,2026-05-05T22:48:40.378879+00:00,68.9595,0.1879,96.2532,0.0378,0.8473,0.0,2400.0,0.0,6.3
100.500151,2026-05-05T22:48:40.873283+00:00,69.316,0.3353,96.1946,0.0368,0.8473,0.0,2400.0,0.0,6.3
101.0,2026-05-05T22:48:41.373165+00:00,69.4627,0.3214,96.4041,0.1131,0.8473,0.0,2400.0,0.0,6.3
101.5,2026-05-05T22:48:41.873434+00:00,69.0664,0.1197,96.4263,0.0792,0.8473,0.0,2400.0,0.0,6.3
102.0,2026-05-05T22:48:42.373351+00:00,69.2709,0.1557,96.4434,0.03,0.8473,0.0,2400.0,0.0,6.3
102.5,2026-05-05T22:48:42.877792+00:00,69.3007,-0.0076,96.3176,0.0462,0.8473,0.0,2400.0,0.0,6.3
103.0,2026-05-05T22:48:43.373196+00:00,69.1964,-0.1331,96.2441,-0.003,0.8473,0.0,2400.0,0.0,6.3
103.5,2026-05-05T22:48:43.873102+00:00,69.1163,0.0249,96.0719,-0.0409,0.8473,0.0,2400.0,0.0,6.3
104.0,2026-05-05T22:48:44.373273+00:00,69.1819,-0.0445,96.171,-0.0777,0.8473,0.0,2400.0,0.0,6.3
104.5,2026-05-05T22:48:44.873107+00:00,69.1051,-0.0978,96.2471,-0.0597,0.8473,0.0,2400.0,0.0,6.3
105.0,2026-05-05T22:48:45.377206+00:00,69.0461,-0.0752,96.1899,-0.0845,0.8473,0.0,2400.0,0.0,6.3
105.5,2026-05-05T22:48:45.873285+00:00,69.0007,-0.0578,96.146,-0.0572,0.8473,0.0,2400.0,0.0,6.3
106.0,2026-05-05T22:48:46.373234+00:00,69.0931,-0.0444,95.9965,-0.0825,0.8473,0.0,2400.0,0.0,6.3
106.5,2026-05-05T22:48:46.873095+00:00,69.2914,0.0931,96.113,0.0137,0.8473,0.0,2400.0,0.0,6.3
107.0,2026-05-05T22:48:47.373579+00:00,69.4438,0.1989,96.0869,-0.028,0.8473,0.0,2400.0,0.0,6.3
107.5,2026-05-05T22:48:47.880812+00:00,69.4337,0.2165,96.0668,-0.0601,0.8473,0.0,2400.0,0.0,6.3
108.0,2026-05-05T22:48:48.373089+00:00,69.6804,0.2937,96.0513,-0.0462,0.8473,0.0,2400.0,0.0,6.3
108.5,2026-05-05T22:48:48.873128+00:00,69.8701,0.2893,96.0394,-0.0355,0.8473,0.0,2400.0,0.0,6.3
109.0,2026-05-05T22:48:49.373105+00:00,69.7613,0.1587,95.9146,-0.0273,0.8473,0.0,2400.0,0.0,6.3
109.5,2026-05-05T22:48:49.873379+00:00,69.9322,0.2493,95.9344,-0.0595,0.8473,0.0,2400.0,0.0,6.3
110.0,2026-05-05T22:48:50.377749+00:00,69.8091,0.0643,95.8339,-0.0843,0.8473,0.0,2400.0,0.0,6.3
110.5,2026-05-05T22:48:50.873108+00:00,69.8417,-0.0142,95.7566,-0.1034,0.8473,0.0,2400.0,0.0,6.3
111.0,2026-05-05T22:48:51.373469+00:00,69.7395,-0.0109,95.6972,-0.118,0.8473,0.0,2400.0,0.0,6.3
111.5,2026-05-05T22:48:51.873104+00:00,69.7882,-0.072,95.5359,-0.1679,0.8473,0.0,2400.0,0.0,6.3
112.0,2026-05-05T22:48:52.373497+00:00,69.9529,0.0719,95.6433,-0.0904,0.8473,0.0,2400.0,0.0,6.3
112.501479,2026-05-05T22:48:52.880429+00:00,69.825,-0.0084,95.6101,-0.1081,0.8473,0.0,2400.0,0.0,6.3
113.0,2026-05-05T22:48:53.373115+00:00,69.8539,0.0572,95.7003,-0.0445,0.8473,0.0,2400.0,0.0,6.3
113.5,2026-05-05T22:48:53.873106+00:00,69.8761,0.044,95.654,-0.0342,0.8473,0.0,2400.0,0.0,6.3
114.0,2026-05-05T22:48:54.373206+00:00,69.8932,-0.0298,95.7341,0.0123,0.8473,0.0,2400.0,0.0,6.3
114.5,2026-05-05T22:48:54.873087+00:00,70.0336,0.1043,95.9113,0.1251,0.8473,0.0,2400.0,0.0,6.3
115.0,2026-05-05T22:48:55.377956+00:00,70.3961,0.2711,95.9318,0.0962,0.8473,0.0,2400.0,0.0,6.2488
115.5,2026-05-05T22:48:55.873131+00:00,70.4201,0.272,95.7162,0.0354,0.8473,0.0,2400.0,0.0,6.275
116.0,2026-05-05T22:48:56.373272+00:00,70.3113,0.2091,95.6662,-0.0114,0.8473,0.0,2400.0,0.0,6.2878
116.500635,2026-05-05T22:48:56.874532+00:00,70.6095,0.288,95.6277,-0.0088,0.8473,0.0,2400.0,0.0,6.294
117.0,2026-05-05T22:48:57.373110+00:00,70.4569,0.0304,95.5982,-0.0453,0.8473,0.0,2400.0,0.0,6.2971
117.5,2026-05-05T22:48:57.879766+00:00,70.5942,0.087,95.6911,-0.0734,0.8473,0.0,2400.0,0.0,6.2986
118.0,2026-05-05T22:48:58.373244+00:00,70.4451,0.0669,95.8783,-0.0178,0.8473,0.0,2400.0,0.0,6.2993
118.5,2026-05-05T22:48:58.873229+00:00,70.8396,0.115,96.0222,0.102,0.8473,0.0,2400.0,0.0,6.2485
119.0,2026-05-05T22:48:59.373142+00:00,70.8883,0.2157,96.1327,0.1555,0.8473,0.0,2400.0,0.0,6.2236
119.5,2026-05-05T22:48:59.873104+00:00,71.053,0.2294,96.2177,0.1967,0.8473,0.0,2400.0,0.0,6.2115
120.0,2026-05-05T22:49:00.380474+00:00,70.925,0.24,96.0516,0.1512,0.8473,0.0,2400.0,0.0,6.2056
120.5,2026-05-05T22:49:00.873080+00:00,71.2085,0.1844,95.924,0.0776,0.8473,0.0,2400.0,0.0,6.2539
121.0,2026-05-05T22:49:01.373080+00:00,71.1718,0.1418,96.0573,0.0597,0.8473,0.0,2400.0,0.0,6.2775
121.5,2026-05-05T22:49:01.873142+00:00,71.2709,0.109,96.044,0.0073,0.8473,0.0,2400.0,0.0,6.289
122.0,2026-05-05T22:49:02.373165+00:00,71.2198,0.1474,95.9181,-0.0715,0.8473,0.0,2400.0,0.0,6.2946
122.5,2026-05-05T22:49:02.878151+00:00,71.1805,-0.014,96.0528,-0.055,0.8473,0.0,2400.0,0.0,6.2974
123.0,2026-05-05T22:49:03.373098+00:00,71.4048,0.1165,95.9249,-0.0423,0.8473,0.0,2400.0,0.0,6.2987
123.5,2026-05-05T22:49:03.875252+00:00,71.5773,0.1532,95.8266,-0.0325,0.8473,0.0,2400.0,0.0,6.2994
124.0,2026-05-05T22:49:04.373091+00:00,71.5825,0.1814,95.9592,-0.0327,0.8473,0.0,2400.0,0.0,6.2997
124.5,2026-05-05T22:49:04.873097+00:00,71.7138,0.2667,95.9687,-0.0251,0.8473,0.0,2400.0,0.0,6.2999
125.0,2026-05-05T22:49:05.377753+00:00,71.6875,0.1413,96.2073,0.0964,0.8473,0.0,2400.0,0.0,6.2999
125.5,2026-05-05T22:49:05.873088+00:00,71.6673,0.045,96.1594,0.0355,0.8473,0.0,2400.0,0.0,6.3
126.0,2026-05-05T22:49:06.373342+00:00,71.6517,0.0346,96.1225,0.0659,0.8473,0.0,2400.0,0.0,6.3
126.5,2026-05-05T22:49:06.873831+00:00,71.767,0.0266,96.1173,0.0969,0.8473,0.0,2400.0,0.0,6.3
127.0,2026-05-05T22:49:07.373114+00:00,71.7284,0.0204,96.0901,0.0436,0.8473,0.0,2400.0,0.0,6.3
127.5,2026-05-05T22:49:07.880879+00:00,71.6987,0.0157,96.185,0.0721,0.8473,0.0,2400.0,0.0,6.3
128.0,2026-05-05T22:49:08.373085+00:00,71.9304,0.1393,96.0265,-0.0603,0.8473,0.0,2400.0,0.0,6.3
128.5,2026-05-05T22:49:08.873046+00:00,72.1085,0.1707,96.0203,-0.0463,0.8473,0.0,2400.0,0.0,6.3
129.0,2026-05-05T22:49:09.373910+00:00,71.9908,0.1312,95.8999,-0.0742,0.8473,0.0,2400.0,0.0,6.3
129.5,2026-05-05T22:49:09.873373+00:00,71.9004,0.1009,96.1545,0.0124,0.8473,0.0,2400.0,0.0,6.3
130.0,2026-05-05T22:49:10.381717+00:00,71.8309,-0.0498,96.1187,0.0095,0.8473,0.0,2400.0,0.0,6.3
130.5,2026-05-05T22:49:10.873425+00:00,71.7774,-0.1655,96.207,0.0073,0.8473,0.0,2400.0,0.0,6.3
131.0,2026-05-05T22:49:11.373119+00:00,71.9909,0.0001,96.1591,0.0442,0.8473,0.0,2400.0,0.0,6.3
131.5,2026-05-05T22:49:11.873090+00:00,72.0277,0.0637,96.0297,0.0031,0.8473,0.0,2400.0,0.0,6.3
132.0,2026-05-05T22:49:12.373412+00:00,72.1833,0.1762,96.0228,0.041,0.8473,0.0,2400.0,0.0,6.3512
132.5,2026-05-05T22:49:12.877555+00:00,72.1756,0.1991,96.1332,-0.0071,0.8473,0.0,2400.0,0.0,6.3762
133.0,2026-05-05T22:49:13.373125+00:00,72.1697,0.0894,96.1024,-0.0054,0.8473,0.0,2400.0,0.0,6.3884
133.5,2026-05-05T22:49:13.873104+00:00,72.1651,0.0687,96.0787,-0.0428,0.8473,0.0,2400.0,0.0,6.3943
134.000275,2026-05-05T22:49:14.373413+00:00,72.1616,-0.0108,96.0605,-0.0329,0.8473,0.0,2400.0,0.0,6.3972
134.5,2026-05-05T22:49:14.873120+00:00,72.0317,-0.072,96.0465,0.0056,0.8473,0.0,2400.0,0.0,6.3474
135.0,2026-05-05T22:49:15.376738+00:00,72.1863,0.0083,95.92,-0.0343,0.8473,0.0,2400.0,0.0,6.3232
135.5,2026-05-05T22:49:15.873188+00:00,72.3052,0.07,95.9385,-0.0649,0.8473,0.0,2400.0,0.0,6.3625
136.0,2026-05-05T22:49:16.373131+00:00,72.2693,0.0538,95.9528,-0.0499,0.8473,0.0,2400.0,0.0,6.3305
136.5,2026-05-05T22:49:16.873102+00:00,71.9871,-0.0223,95.848,-0.0769,0.8473,0.0,2400.0,0.0,6.3149
137.0,2026-05-05T22:49:17.373579+00:00,72.2794,0.0465,95.7675,-0.0977,0.8473,0.0,2400.0,0.0,6.3073
137.5,2026-05-05T22:49:17.878597+00:00,72.504,0.0994,95.7056,-0.1136,0.8473,0.0,2400.0,0.0,6.3035
138.000006,2026-05-05T22:49:18.373363+00:00,72.8039,0.2673,95.7737,-0.0488,0.8473,0.0,2400.0,0.0,6.3017
138.5,2026-05-05T22:49:18.873065+00:00,72.9071,0.46,95.7104,-0.0761,0.8473,0.0,2400.0,0.0,6.3008
139.0,2026-05-05T22:49:19.373187+00:00,72.8592,0.2899,95.7543,-0.0662,0.8473,0.0,2400.0,0.0,6.3004
139.5,2026-05-05T22:49:19.873348+00:00,72.8223,0.1592,95.6954,-0.0509,0.8473,0.0,2400.0,0.0,6.3002
140.0,2026-05-05T22:49:20.378452+00:00,72.9213,0.0587,95.7659,-0.0005,0.8473,0.0,2400.0,0.0,6.2489
140.5,2026-05-05T22:49:20.873165+00:00,72.6156,-0.1458,95.8201,0.0382,0.8473,0.0,2400.0,0.0,6.3263
141.0,2026-05-05T22:49:21.373088+00:00,72.7624,-0.0484,95.8617,0.0293,0.8473,0.0,2400.0,0.0,6.3128
141.5,2026-05-05T22:49:21.873232+00:00,72.7479,-0.0372,95.8937,0.0611,0.8473,0.0,2400.0,0.0,6.3063
142.0,2026-05-05T22:49:22.373064+00:00,72.8641,-0.0286,95.9183,0.0547,0.8473,0.0,2400.0,0.0,6.3031
142.5,2026-05-05T22:49:22.877467+00:00,73.0807,0.2326,95.8215,0.042,0.8473,0.0,2400.0,0.0,6.3015
143.0,2026-05-05T22:49:23.373099+00:00,73.2471,0.2424,95.7471,-0.0063,0.8473,0.0,2400.0,0.0,6.3519
143.5,2026-05-05T22:49:23.873101+00:00,73.5023,0.3772,95.8056,-0.0048,0.8473,0.0,2400.0,0.0,6.3253
144.0,2026-05-05T22:49:24.373128+00:00,73.3167,0.2263,95.8506,-0.0037,0.8473,0.0,2400.0,0.0,6.3124
144.5,2026-05-05T22:49:24.873243+00:00,73.3012,0.1103,95.6538,-0.08,0.8473,0.0,2400.0,0.0,6.306
145.0,2026-05-05T22:49:25.378944+00:00,73.5439,0.1484,95.4794,-0.1463,0.8473,0.0,2400.0,0.0,6.3029
145.5,2026-05-05T22:49:25.873899+00:00,73.6032,0.0504,95.4841,-0.1125,0.8473,0.0,2400.0,0.0,6.3014
146.0,2026-05-05T22:49:26.373540+00:00,73.6487,0.166,95.3721,-0.125,0.8473,0.0,2400.0,0.0,6.3007
146.5,2026-05-05T22:49:26.873108+00:00,73.5565,0.1276,95.5174,-0.0961,0.8473,0.0,2400.0,0.0,6.3003
147.0,2026-05-05T22:49:27.373157+00:00,73.7401,0.0981,95.6291,-0.0738,0.8473,0.0,2400.0,0.0,6.3002
147.5,2026-05-05T22:49:27.876728+00:00,73.8812,0.139,95.7149,0.0204,0.8473,0.0,2400.0,0.0,6.3001
148.0,2026-05-05T22:49:28.373737+00:00,73.9897,0.1705,95.7809,0.1005,0.8473,0.0,2400.0,0.0,6.3
148.5,2026-05-05T22:49:28.873266+00:00,74.0731,0.2583,95.8316,0.1158,0.8473,0.0,2400.0,0.0,6.3
149.0,2026-05-05T22:49:29.373156+00:00,74.1372,0.1985,95.7549,0.1276,0.8473,0.0,2400.0,0.0,6.3
149.5,2026-05-05T22:49:29.873333+00:00,74.0591,0.089,95.6959,0.0595,0.8473,0.0,2400.0,0.0,6.3
150.001698,2026-05-05T22:49:30.381254+00:00,74.1264,0.0684,95.6506,0.0072,0.8473,0.0,2400.0,0.0,6.3
150.5,2026-05-05T22:49:30.873131+00:00,73.9236,-0.0747,95.7083,-0.0022,0.8473,0.0,2400.0,0.0,6.3512
151.0,2026-05-05T22:49:31.373125+00:00,74.0223,-0.0574,95.6601,-0.0403,0.8473,0.0,2400.0,0.0,6.325
151.5,2026-05-05T22:49:31.873366+00:00,74.0981,0.0195,95.7387,-0.0309,0.8473,0.0,2400.0,0.0,6.3122
152.0,2026-05-05T22:49:32.373243+00:00,74.1564,0.015,95.7992,0.0148,0.8473,0.0,2400.0,0.0,6.306
152.5,2026-05-05T22:49:32.878490+00:00,74.2012,0.1388,95.8457,0.0499,0.8473,0.0,2400.0,0.0,6.3029
153.0,2026-05-05T22:49:33.373156+00:00,74.3629,0.1703,95.7657,0.0384,0.8473,0.0,2400.0,0.0,6.3014
153.5,2026-05-05T22:49:33.873402+00:00,74.4872,0.1945,95.9356,0.0758,0.8473,0.0,2400.0,0.0,6.3007
154.0,2026-05-05T22:49:34.373370+00:00,74.4554,0.1495,95.9505,0.0968,0.8473,0.0,2400.0,0.0,6.3003
154.5,2026-05-05T22:49:34.873082+00:00,74.5583,0.1786,96.0777,0.113,0.8473,0.0,2400.0,0.0,6.3002
155.0,2026-05-05T22:49:35.376956+00:00,74.5101,0.0736,96.1754,0.1254,0.8473,0.0,2400.0,0.0,6.3001
155.5,2026-05-05T22:49:35.873659+00:00,74.4731,-0.0071,96.2505,0.1349,0.8473,0.0,2400.0,0.0,6.3
156.0,2026-05-05T22:49:36.373343+00:00,74.5719,0.0582,96.1925,0.1423,0.8473,0.0,2400.0,0.0,6.3
156.5,2026-05-05T22:49:36.874108+00:00,74.6478,0.0447,96.2637,0.1094,0.8473,0.0,2400.0,0.0,6.3
157.0,2026-05-05T22:49:37.373078+00:00,74.5789,0.0344,96.3184,0.1226,0.8473,0.0,2400.0,0.0,6.3
157.5,2026-05-05T22:49:37.876648+00:00,74.5259,0.0264,96.129,0.0171,0.8473,0.0,2400.0,0.0,6.3
158.0,2026-05-05T22:49:38.373098+00:00,74.4852,-0.0433,95.9834,-0.064,0.8473,0.0,2400.0,0.0,6.3
158.5,2026-05-05T22:49:38.873258+00:00,74.5812,-0.0333,95.6402,-0.2034,0.8473,0.0,2400.0,0.0,6.3
159.0,2026-05-05T22:49:39.373351+00:00,74.9095,0.1653,95.8391,-0.1178,0.8473,0.0,2400.0,0.0,6.3
159.5,2026-05-05T22:49:39.873221+00:00,74.9073,0.1907,95.9921,-0.0905,0.8473,0.0,2400.0,0.0,6.3
160.0,2026-05-05T22:49:40.377567+00:00,75.0329,0.2738,96.2253,-0.031,0.8473,0.0,2400.0,0.0,6.3
160.5,2026-05-05T22:49:40.873147+00:00,75.1294,0.2741,95.9418,-0.0624,0.8473,0.0,2400.0,0.0,6.3
161.0,2026-05-05T22:49:41.373084+00:00,75.2036,0.147,96.0709,0.0292,0.8473,0.0,2400.0,0.0,6.3
161.5,2026-05-05T22:49:41.873087+00:00,75.0061,0.0494,96.1702,0.1767,0.8473,0.0,2400.0,0.0,6.3
162.0,2026-05-05T22:49:42.373243+00:00,74.9815,-0.0257,96.1308,0.0972,0.8473,0.0,2400.0,0.0,6.3
162.5,2026-05-05T22:49:42.878142+00:00,74.9627,-0.0834,96.2163,0.0747,0.8473,0.0,2400.0,0.0,6.3
163.0,2026-05-05T22:49:43.373247+00:00,75.0754,-0.0641,96.1431,-0.0274,0.8473,0.0,2400.0,0.0,6.3
163.5,2026-05-05T22:49:43.874450+00:00,75.0348,0.0144,96.11,0.0561,0.8473,0.0,2400.0,0.0,6.3
164.0,2026-05-05T22:49:44.373131+00:00,75.1309,0.0747,96.0845,0.0045,0.8473,0.0,2400.0,0.0,6.3
164.5,2026-05-05T22:49:44.873090+00:00,75.0775,0.0574,96.065,-0.0351,0.8473,0.0,2400.0,0.0,6.3
165.0,2026-05-05T22:49:45.377835+00:00,74.9091,-0.0831,96.1656,0.0116,0.8473,0.0,2400.0,0.0,6.3
165.5,2026-05-05T22:49:45.873702+00:00,75.2888,0.127,96.1273,-0.0297,0.8473,0.0,2400.0,0.0,6.3
166.0,2026-05-05T22:49:46.373235+00:00,75.1989,0.034,96.2135,0.0235,0.8473,0.0,2400.0,0.0,6.3
166.5,2026-05-05T22:49:46.873581+00:00,75.1297,0.0261,96.2798,0.0566,0.8473,0.0,2400.0,0.0,6.3
167.0,2026-05-05T22:49:47.373081+00:00,75.3311,0.211,96.3308,0.0821,0.8473,0.0,2400.0,0.0,6.3
167.5,2026-05-05T22:49:47.878107+00:00,75.4859,0.0985,96.2542,0.0631,0.8473,0.0,2400.0,0.0,6.3
168.0,2026-05-05T22:49:48.373123+00:00,75.6048,0.203,96.3111,0.0485,0.8473,0.0,2400.0,0.0,6.3
168.5,2026-05-05T22:49:48.873084+00:00,75.8236,0.3469,96.2391,0.0373,0.8473,0.0,2400.0,0.0,6.3
169.0,2026-05-05T22:49:49.373189+00:00,75.9917,0.3303,96.2995,0.0286,0.8473,0.0,2400.0,0.0,6.3
169.5,2026-05-05T22:49:49.873211+00:00,75.8663,0.1902,96.2302,-0.0165,0.8473,0.0,2400.0,0.0,6.3
170.0,2026-05-05T22:49:50.377239+00:00,76.1518,0.2735,96.2926,-0.0127,0.8473,0.0,2400.0,0.0,6.3
170.5,2026-05-05T22:49:50.873114+00:00,76.2439,0.2102,96.2249,-0.0098,0.8473,0.0,2400.0,0.0,6.3
171.0,2026-05-05T22:49:51.373075+00:00,76.3148,0.1616,96.1729,-0.0461,0.8473,0.0,2400.0,0.0,6.3
171.5,2026-05-05T22:49:51.873114+00:00,76.1147,0.1242,96.2486,0.0031,0.8473,0.0,2400.0,0.0,6.3
172.0,2026-05-05T22:49:52.373779+00:00,76.0881,-0.0318,96.191,-0.0361,0.8473,0.0,2400.0,0.0,6.3
172.5,2026-05-05T22:49:52.877322+00:00,76.0677,-0.0881,96.1468,-0.0278,0.8473,0.0,2400.0,0.0,6.3
173.0,2026-05-05T22:49:53.373416+00:00,76.1793,-0.0677,96.1129,-0.0599,0.8473,0.0,2400.0,0.0,6.3
173.5,2026-05-05T22:49:53.873090+00:00,76.3924,0.1389,96.2024,-0.0075,0.8473,0.0,2400.0,0.0,6.3
174.0,2026-05-05T22:49:54.373128+00:00,76.1743,0.0431,96.1556,-0.0058,0.8473,0.0,2400.0,0.0,6.3
174.5,2026-05-05T22:49:54.873075+00:00,76.2612,0.0968,96.1196,-0.043,0.8473,0.0,2400.0,0.0,6.3
175.0,2026-05-05T22:49:55.377130+00:00,76.5826,0.2016,96.1151,-0.0253,0.8473,0.0,2400.0,0.0,6.3
175.5,2026-05-05T22:49:55.873083+00:00,76.5751,0.0913,96.0884,-0.0195,0.8473,0.0,2400.0,0.0,6.3
176.0,2026-05-05T22:49:56.373079+00:00,76.8238,0.3247,95.9523,-0.0535,0.8473,0.0,2400.0,0.0,6.3
176.5,2026-05-05T22:49:56.873747+00:00,76.6332,0.186,95.8476,-0.1183,0.8473,0.0,2400.0,0.0,6.3
177.0,2026-05-05T22:49:57.373638+00:00,76.6139,0.0157,95.7672,-0.1295,0.8473,0.0,2400.0,0.0,6.3
177.5,2026-05-05T22:49:57.878764+00:00,76.5991,0.012,95.9368,-0.0609,0.8473,0.0,2400.0,0.0,6.3
178.0,2026-05-05T22:49:58.373062+00:00,76.715,-0.0544,95.8357,-0.0931,0.8473,0.0,2400.0,0.0,6.3
178.5,2026-05-05T22:49:58.873084+00:00,76.6768,0.0218,95.758,-0.1101,0.8473,0.0,2400.0,0.0,6.3
179.0,2026-05-05T22:49:59.373252+00:00,76.7748,0.0804,95.814,-0.0461,0.8473,0.0,2400.0,0.0,6.3
179.5,2026-05-05T22:49:59.873075+00:00,76.7228,0.0618,95.857,0.0031,0.8473,0.0,2400.0,0.0,6.3
180.0,2026-05-05T22:50:00.378510+00:00,76.6828,-0.0161,95.8901,0.041,0.8473,0.0,2400.0,0.0,6.2488
180.5,2026-05-05T22:50:00.873165+00:00,76.9066,0.1149,95.9156,-0.0071,0.8473,0.0,2400.0,0.0,6.275
181.0,2026-05-05T22:50:01.373524+00:00,76.8241,0.0247,96.0508,0.0717,0.8473,0.0,2400.0,0.0,6.2878
181.5,2026-05-05T22:50:01.873300+00:00,76.8879,0.0826,96.039,0.0937,0.8473,0.0,2400.0,0.0,6.294
182.0,2026-05-05T22:50:02.373095+00:00,76.6825,-0.0002,96.1457,0.1106,0.8473,0.0,2400.0,0.0,6.2971
182.5,2026-05-05T22:50:02.876557+00:00,76.7791,-0.0638,96.2277,0.1235,0.8473,0.0,2400.0,0.0,6.2986
183.0,2026-05-05T22:50:03.373213+00:00,76.9806,0.0783,96.4064,0.1721,0.8473,0.0,2400.0,0.0,6.2993
183.5,2026-05-05T22:50:03.873245+00:00,77.2628,0.1874,96.4281,0.1708,0.8473,0.0,2400.0,0.0,6.2997
184.0,2026-05-05T22:50:04.373337+00:00,77.3524,0.335,96.4447,0.1313,0.8473,0.0,2400.0,0.0,6.2998
184.5,2026-05-05T22:50:04.873082+00:00,77.4212,0.3211,96.3418,0.1009,0.8473,0.0,2400.0,0.0,6.2999
185.0,2026-05-05T22:50:05.376591+00:00,77.3469,0.1832,96.2627,0.039,0.8473,0.0,2400.0,0.0,6.2488
185.5,2026-05-05T22:50:05.873187+00:00,77.5443,0.1408,96.2019,-0.0086,0.8473,0.0,2400.0,0.0,6.275
186.0,2026-05-05T22:50:06.373081+00:00,77.5688,0.1082,96.1321,-0.0914,0.8473,0.0,2400.0,0.0,6.2878
186.5,2026-05-05T22:50:06.873316+00:00,77.7148,0.1468,96.1015,-0.1089,0.8473,0.0,2400.0,0.0,6.294
187.0,2026-05-05T22:50:07.373089+00:00,77.5726,0.1128,96.078,-0.1222,0.8473,0.0,2400.0,0.0,6.2971
187.5,2026-05-05T22:50:07.880187+00:00,77.5905,0.0231,95.9443,-0.1325,0.8473,0.0,2400.0,0.0,6.2986
188.0,2026-05-05T22:50:08.373230+00:00,77.2224,-0.1732,95.9572,-0.1019,0.8473,0.0,2400.0,0.0,6.2481
188.5,2026-05-05T22:50:08.873080+00:00,77.3214,-0.1967,95.7357,-0.1554,0.8473,0.0,2400.0,0.0,6.2235
189.0,2026-05-05T22:50:09.373101+00:00,77.3974,-0.0876,95.9125,-0.0732,0.8473,0.0,2400.0,0.0,6.2115
189.5,2026-05-05T22:50:09.873291+00:00,77.4559,-0.0673,96.0485,-0.0177,0.8473,0.0,2400.0,0.0,6.2056
190.0,2026-05-05T22:50:10.379226+00:00,77.6281,0.2028,96.0373,-0.0136,0.8473,0.0,2400.0,0.0,6.2027
190.5,2026-05-05T22:50:10.873067+00:00,77.6331,0.1559,95.7741,-0.0567,0.8473,0.0,2400.0,0.0,6.2525
191.0,2026-05-05T22:50:11.373769+00:00,77.637,0.1198,95.8264,-0.0436,0.8473,0.0,2400.0,0.0,6.2768
191.5,2026-05-05T22:50:11.873486+00:00,77.64,0.0921,95.8665,0.0436,0.8473,0.0,2400.0,0.0,6.2887
192.0,2026-05-05T22:50:12.373438+00:00,77.6423,0.0071,95.8974,-0.005,0.8473,0.0,2400.0,0.0,6.2945
192.5,2026-05-05T22:50:12.877587+00:00,77.7714,0.0691,95.9212,-0.0424,0.8473,0.0,2400.0,0.0,6.2973
193.0,2026-05-05T22:50:13.373084+00:00,77.7433,0.0531,96.0551,0.0059,0.8473,0.0,2400.0,0.0,6.2475
193.5,2026-05-05T22:50:13.873145+00:00,77.9762,0.1681,96.0424,0.0894,0.8473,0.0,2400.0,0.0,6.2232
194.0,2026-05-05T22:50:14.373064+00:00,78.028,0.1928,96.1483,0.1073,0.8473,0.0,2400.0,0.0,6.2113
194.5,2026-05-05T22:50:14.873350+00:00,77.3042,-0.2336,95.9751,0.0362,0.8473,0.0,1868.91,-531.09,6.2055
195.0,2026-05-05T22:50:15.379383+00:00,77.0024,-0.3704,96.0966,0.0664,0.7899,-0.0574,1651.2162,-748.7838,6.2027
195.5,2026-05-05T22:50:15.873195+00:00,76.6432,-0.6665,96.1899,0.0896,0.7663,-0.081,1561.9835,-306.9265,6.2525
196.0,2026-05-05T22:50:16.373240+00:00,75.9853,-1.0214,96.2617,0.0689,0.7567,-0.0332,1525.407,-125.8092,6.2768
196.5,2026-05-05T22:50:16.873395+00:00,75.6069,-0.8487,96.4325,0.1301,0.7527,-0.0136,1510.4143,-51.5692,6.2887
197.0,2026-05-05T22:50:17.373333+00:00,75.0615,-0.9705,96.5638,0.1385,0.7511,-0.0056,1504.2688,-21.1382,6.2945
197.5,2026-05-05T22:50:17.882805+00:00,74.515,-1.0641,96.5491,0.1913,0.7505,-0.0023,1501.7498,-8.6646,6.2973
198.0,2026-05-05T22:50:18.373343+00:00,74.3496,-0.8178,96.422,0.1085,0.7502,-0.0009,1500.7172,-3.5516,6.2987
198.5,2026-05-05T22:50:18.873211+00:00,74.0951,-0.7559,96.5558,0.1219,0.7501,-0.0004,1500.294,-1.4558,6.2994
199.0,2026-05-05T22:50:19.373288+00:00,73.8996,-0.581,96.5197,0.086,0.75,-0.0002,1500.1205,-0.5967,6.2997
199.5,2026-05-05T22:50:19.873426+00:00,73.8765,-0.3193,96.3763,-0.0187,0.75,-0.0001,1500.0494,-0.2446,6.2998
200.0,2026-05-05T22:50:20.377877+00:00,73.7316,-0.309,96.5206,-0.0144,0.75,-0.0,1500.0202,-0.1003,6.2999
200.501133,2026-05-05T22:50:20.874495+00:00,73.3656,-0.3648,96.377,-0.0573,0.75,-0.0,1500.0083,-0.0411,6.3512
201.0,2026-05-05T22:50:21.373199+00:00,73.4661,-0.2167,96.1741,-0.0826,0.75,-0.0,1500.0034,-0.0168,6.3762
201.5,2026-05-05T22:50:21.873207+00:00,73.2888,-0.2939,96.3652,-0.0635,0.75,-0.0,1500.0014,-0.0069,6.3884
202.0,2026-05-05T22:50:22.373842+00:00,73.2798,-0.2259,96.2575,-0.0874,0.75,-0.0,1500.0006,-0.0028,6.3943
202.5,2026-05-05T22:50:22.877843+00:00,73.0184,-0.1736,96.4294,0.0177,0.75,-0.0,1500.0002,-0.0012,6.3972
203.0,2026-05-05T22:50:23.373249+00:00,73.072,-0.1971,96.5614,0.0136,0.75,-0.0,1500.0001,-0.0005,6.3474
203.5,2026-05-05T22:50:23.873228+00:00,73.1132,-0.0878,96.5472,0.0567,0.75,-0.0,1500.0,-0.0002,6.3232
204.0,2026-05-05T22:50:24.373209+00:00,73.1448,-0.0675,96.4206,0.0822,0.75,-0.0,1500.0,-0.0001,6.3113
204.5,2026-05-05T22:50:24.873524+00:00,72.9146,-0.0519,96.4158,0.0169,0.75,-0.0,1500.0,-0.0,6.3055
205.0,2026-05-05T22:50:25.384027+00:00,72.865,-0.1035,96.2039,-0.0179,0.75,-0.0,1500.0,-0.0,6.3027
205.5,2026-05-05T22:50:25.873236+00:00,72.8268,-0.1432,96.2724,-0.0523,0.75,-0.0,1500.0,-0.0,6.3013
206.0,2026-05-05T22:50:26.373226+00:00,72.7975,-0.1737,96.5565,-0.0016,0.75,-0.0,1500.0,-0.0,6.3006
206.5,2026-05-05T22:50:26.873245+00:00,72.7749,-0.0699,96.6591,0.0373,0.75,-0.0,1500.0,-0.0,6.3003
207.0,2026-05-05T22:50:27.373249+00:00,72.8848,0.0099,96.5991,0.0595,0.75,-0.0,1500.0,-0.0,6.3002
207.5,2026-05-05T22:50:27.878111+00:00,72.8421,0.0076,96.6919,0.092,0.75,-0.0,1500.0,-0.0,6.3001
208.0,2026-05-05T22:50:28.373272+00:00,72.8092,0.0059,96.7632,0.1864,0.75,-0.0,1500.0,-0.0,6.3512
208.5,2026-05-05T22:50:28.873433+00:00,72.9112,0.0681,96.7023,0.1433,0.75,-0.0,1500.0,-0.0,6.3762
209.0,2026-05-05T22:50:29.373218+00:00,72.8623,-0.0113,96.6323,0.0253,0.75,-0.0,1500.0,-0.0,6.3884
209.5,2026-05-05T22:50:29.873228+00:00,72.6975,-0.0723,96.6017,-0.0191,0.75,-0.0,1500.0,-0.0,6.3943
210.0,2026-05-05T22:50:30.378082+00:00,72.6981,-0.0556,96.8096,0.0701,0.75,-0.0,1500.0,-0.0,6.3972
210.5,2026-05-05T22:50:30.873277+00:00,72.6985,-0.1063,96.6222,-0.0232,0.75,-0.0,1500.0,-0.0,6.3987
211.0,2026-05-05T22:50:31.373245+00:00,72.6989,-0.0817,96.4551,-0.1027,0.75,-0.0,1500.0,-0.0,6.3993
211.5,2026-05-05T22:50:31.873311+00:00,72.5719,-0.0628,96.4655,-0.0789,0.75,-0.0,1500.0,-0.0,6.3997
212.0,2026-05-05T22:50:32.373288+00:00,72.4742,-0.1119,96.5892,-0.0144,0.75,-0.0,1500.0,-0.0,6.3998
212.5,2026-05-05T22:50:32.881219+00:00,72.5265,-0.086,96.4297,-0.0573,0.75,-0.0,1500.0,-0.0,6.3999
213.0,2026-05-05T22:50:33.373264+00:00,72.5666,-0.0661,96.5617,-0.0826,0.75,-0.0,1500.0,-0.0,6.4
213.5,2026-05-05T22:50:33.873267+00:00,72.343,-0.1145,96.4317,-0.0635,0.75,-0.0,1500.0,-0.0,6.4
214.000198,2026-05-05T22:50:34.373438+00:00,72.4256,-0.0243,96.4475,-0.0025,0.75,-0.0,1500.0,-0.0,6.3488
214.5,2026-05-05T22:50:34.873310+00:00,72.6163,0.0449,96.4828,0.0058,0.75,-0.0,1500.0,-0.0,6.3238
215.0,2026-05-05T22:50:35.378827+00:00,72.5084,-0.0291,96.4636,-0.0419,0.75,0.0,1500.0,-0.0,6.3116
215.501146,2026-05-05T22:50:35.874486+00:00,72.2982,-0.0224,96.4952,0.0218,0.75,0.0,1500.0,-0.0,6.3057
216.0,2026-05-05T22:50:36.373379+00:00,72.1367,-0.1445,96.4963,-0.0218,0.75,0.0,1500.0,0.0,6.3028
216.5,2026-05-05T22:50:36.873321+00:00,72.267,-0.1747,96.6129,0.0604,0.75,0.0,1500.0,0.0,6.3014
217.000913,2026-05-05T22:50:37.374165+00:00,72.2399,-0.1342,96.471,0.0078,0.75,0.0,1500.0,0.0,6.3007
217.5,2026-05-05T22:50:37.877661+00:00,72.2191,-0.0395,96.5703,0.0292,0.75,0.0,1500.0,0.0,6.3003
218.0,2026-05-05T22:50:38.373336+00:00,72.4577,0.1605,96.4383,-0.0084,0.75,0.0,1500.0,0.0,6.3002
218.5,2026-05-05T22:50:38.873228+00:00,72.3865,0.0597,96.4295,-0.0219,0.75,0.0,1500.0,0.0,6.3001
219.0,2026-05-05T22:50:39.373209+00:00,72.459,0.1095,96.4458,-0.0168,0.75,0.0,1500.0,0.0,6.3
219.5,2026-05-05T22:50:39.873348+00:00,72.5148,0.1478,96.6897,0.0256,0.75,0.0,1500.0,0.0,6.3
220.0,2026-05-05T22:50:40.380528+00:00,72.4304,-0.0136,96.6458,0.0583,0.75,0.0,1500.0,0.0,6.3
220.5,2026-05-05T22:50:40.873215+00:00,72.3655,-0.0105,96.7278,0.0525,0.75,0.0,1500.0,0.0,6.3
221.0,2026-05-05T22:50:41.373692+00:00,72.4429,-0.0081,96.9065,0.156,0.75,0.0,1500.0,0.0,6.3
221.5,2026-05-05T22:50:41.873179+00:00,72.1206,-0.1971,96.8124,0.1277,0.75,0.0,1500.0,0.0,6.3
222.0,2026-05-05T22:50:42.373274+00:00,72.0001,-0.2151,96.8558,0.1367,0.75,0.0,1500.0,0.0,6.3
222.5,2026-05-05T22:50:42.881448+00:00,72.1621,-0.1017,97.0049,0.1051,0.75,0.0,1500.0,0.0,6.3
223.0,2026-05-05T22:50:43.373198+00:00,72.2865,-0.0782,96.8649,0.073,0.75,0.0,1500.0,0.0,6.3
223.5,2026-05-05T22:50:43.873269+00:00,72.255,0.0672,96.6416,-0.0287,0.75,0.0,1500.0,0.0,6.3
224.0,2026-05-05T22:50:44.373244+00:00,72.2307,0.1153,96.7246,-0.0606,0.75,0.0,1500.0,0.0,6.3
224.5,2026-05-05T22:50:44.873239+00:00,72.3393,0.0886,96.5338,-0.0929,0.75,0.0,1500.0,0.0,6.3
225.0,2026-05-05T22:50:45.378186+00:00,72.4227,0.0681,96.6416,-0.0714,0.75,0.0,1500.0,0.0,6.3
225.5,2026-05-05T22:50:45.873597+00:00,72.4869,0.116,96.7014,-0.1012,0.75,0.0,1500.0,0.0,6.3
226.000223,2026-05-05T22:50:46.373471+00:00,72.4089,0.0891,96.5391,-0.1086,0.75,0.0,1500.0,0.0,6.3
226.5,2026-05-05T22:50:46.873813+00:00,72.349,0.0049,96.6458,0.0014,0.75,0.0,1500.0,0.0,6.3
227.0,2026-05-05T22:50:47.373888+00:00,72.4302,0.0037,96.7277,0.0011,0.75,0.0,1500.0,0.0,6.3
227.5,2026-05-05T22:50:47.878802+00:00,72.3654,-0.0608,96.675,0.0471,0.75,0.0,1500.0,0.0,6.3
228.0,2026-05-05T22:50:48.373482+00:00,72.3155,-0.0467,96.7502,0.0362,0.75,0.0,1500.0,0.0,6.3
228.5,2026-05-05T22:50:48.873864+00:00,72.15,-0.0995,96.5766,-0.0416,0.75,0.0,1500.0,0.0,6.3
229.0,2026-05-05T22:50:49.373193+00:00,72.15,-0.1401,96.5589,0.0066,0.75,0.0,1500.0,0.0,6.3
229.5,2026-05-05T22:50:49.873197+00:00,72.2773,-0.0441,96.6378,-0.0026,0.75,0.0,1500.0,0.0,6.3
230.0,2026-05-05T22:50:50.381590+00:00,72.2478,-0.0339,96.4902,-0.0792,0.75,0.0,1500.0,0.0,6.3
230.5,2026-05-05T22:50:50.873210+00:00,72.2252,0.0376,96.4694,-0.0686,0.75,0.0,1500.0,0.0,6.3
231.0,2026-05-05T22:50:51.373227+00:00,72.2078,0.0289,96.5921,-0.0527,0.75,0.0,1500.0,0.0,6.3
231.5,2026-05-05T22:50:51.873187+00:00,72.0671,-0.1051,96.5708,-0.0019,0.75,0.0,1500.0,0.0,6.3
232.0,2026-05-05T22:50:52.373206+00:00,71.8318,-0.208,96.6701,0.0371,0.75,0.0,1500.0,0.0,6.3
232.5,2026-05-05T22:50:52.878370+00:00,72.0327,-0.0962,96.7465,0.0362,0.75,0.0,1500.0,0.0,6.3
233.0,2026-05-05T22:50:53.373759+00:00,72.0598,-0.074,96.6894,0.0664,0.75,0.0,1500.0,0.0,6.3
233.5,2026-05-05T22:50:53.873198+00:00,71.9534,-0.0569,96.7382,0.0896,0.75,0.0,1500.0,0.0,6.3
234.0,2026-05-05T22:50:54.373213+00:00,72.1262,0.1472,96.5673,-0.0083,0.75,0.0,1500.0,0.0,6.3
234.500702,2026-05-05T22:50:54.873940+00:00,72.1317,0.0495,96.4361,-0.0449,0.75,0.0,1500.0,0.0,6.3
235.0,2026-05-05T22:50:55.380197+00:00,72.2632,0.1017,96.4509,-0.0731,0.75,0.0,1500.0,0.0,6.3
235.5,2026-05-05T22:50:55.873248+00:00,72.3643,0.2054,96.3465,-0.1333,0.75,0.0,1500.0,0.0,6.3
236.0,2026-05-05T22:50:56.373379+00:00,72.3147,0.0943,96.3589,-0.1102,0.75,0.0,1500.0,0.0,6.3
236.5,2026-05-05T22:50:56.873201+00:00,72.4039,0.1361,96.3916,-0.1155,0.75,0.0,1500.0,0.0,6.3
237.0,2026-05-05T22:50:57.373198+00:00,72.3451,0.041,96.648,0.0269,0.75,0.0,1500.0,0.0,6.3
237.5,2026-05-05T22:50:57.878309+00:00,72.3,-0.0322,96.7295,0.0978,0.75,0.0,1500.0,0.0,6.3
238.0,2026-05-05T22:50:58.373246+00:00,72.2653,-0.0247,96.5375,0.0289,0.75,0.0,1500.0,0.0,6.3
238.5,2026-05-05T22:50:58.873196+00:00,72.3659,-0.019,96.7603,0.1379,0.75,0.0,1500.0,0.0,6.3
239.0,2026-05-05T22:50:59.373234+00:00,72.3159,-0.0146,96.7,0.1137,0.75,0.0,1500.0,0.0,6.3
239.5,2026-05-05T22:50:59.873376+00:00,72.2775,-0.0112,96.6306,0.0797,0.75,0.0,1500.0,0.0,6.3
240.0,2026-05-05T22:51:00.378071+00:00,72.3753,0.055,96.6235,-0.0082,0.75,0.0,1500.0,0.0,6.3
240.500616,2026-05-05T22:51:00.873896+00:00,72.4504,0.0423,96.7106,-0.0063,0.75,0.0,1500.0,0.0,6.3
241.0,2026-05-05T22:51:01.373388+00:00,72.3809,0.0325,96.6619,0.0415,0.75,0.0,1500.0,0.0,6.3
241.5,2026-05-05T22:51:01.873181+00:00,72.3275,0.025,96.6244,-0.0453,0.75,0.0,1500.0,0.0,6.3
242.001137,2026-05-05T22:51:02.374431+00:00,72.2864,-0.0444,96.5725,-0.0425,0.75,0.0,1500.0,0.0,6.3
242.5,2026-05-05T22:51:02.981481+00:00,71.873,-0.2887,96.5326,-0.0327,0.75,0.0,1500.0,0.0,6.3
243.0,2026-05-05T22:51:03.373192+00:00,71.9371,-0.2219,96.6407,0.0057,0.75,0.0,1500.0,0.0,6.3
243.500536,2026-05-05T22:51:03.873767+00:00,71.9864,-0.1705,96.585,-0.0419,0.75,0.0,1500.0,0.0,6.3
244.0,2026-05-05T22:51:04.373193+00:00,72.1515,-0.0674,96.4265,-0.0785,0.75,0.0,1500.0,0.0,6.3
244.5,2026-05-05T22:51:04.873251+00:00,72.0239,0.0754,96.3278,-0.0989,0.75,0.0,1500.0,0.0,6.3
245.0,2026-05-05T22:51:05.378844+00:00,72.1803,0.1216,96.4834,-0.0297,0.75,0.0,1500.0,0.0,6.3
245.5,2026-05-05T22:51:05.873221+00:00,72.0461,0.0298,96.3947,-0.046,0.75,0.0,1500.0,0.0,6.3
246.0,2026-05-05T22:51:06.373409+00:00,72.0701,-0.0407,96.5347,-0.0353,0.75,0.0,1500.0,0.0,6.3
246.500948,2026-05-05T22:51:06.874202+00:00,71.9613,-0.0313,96.5036,-0.0272,0.75,0.0,1500.0,0.0,6.3
247.0,2026-05-05T22:51:07.373209+00:00,72.005,-0.0877,96.6184,0.064,0.75,0.0,1500.0,0.0,6.3
247.5,2026-05-05T22:51:07.878976+00:00,72.1658,0.0599,96.8224,0.1649,0.75,0.0,1500.0,0.0,6.3
248.0,2026-05-05T22:51:08.373197+00:00,72.1622,0.046,96.8635,0.1267,0.75,0.0,1500.0,0.0,6.3
248.5,2026-05-05T22:51:08.873222+00:00,72.1593,0.099,96.8951,0.1668,0.75,0.0,1500.0,0.0,6.3
249.0,2026-05-05T22:51:09.373343+00:00,72.1572,0.0761,97.0351,0.1668,0.75,0.0,1500.0,0.0,6.3
249.5,2026-05-05T22:51:09.873225+00:00,72.1555,-0.0051,97.027,0.1745,0.75,0.0,1500.0,0.0,6.3
250.0,2026-05-05T22:51:10.379328+00:00,72.2815,0.0597,97.1364,0.1727,0.75,0.0,1500.0,0.0,6.3
250.501135,2026-05-05T22:51:10.874479+00:00,72.2511,0.0459,97.2206,0.1327,0.75,0.0,1500.0,0.0,6.3
251.0,2026-05-05T22:51:11.373211+00:00,72.355,0.0989,97.1695,0.102,0.75,0.0,1500.0,0.0,6.3
251.5,2026-05-05T22:51:11.873266+00:00,72.3075,0.076,97.1303,0.0784,0.75,0.0,1500.0,0.0,6.3
252.0,2026-05-05T22:51:12.373236+00:00,72.2711,-0.0052,96.9613,-0.0246,0.75,0.0,1500.0,0.0,6.3
252.5,2026-05-05T22:51:12.881868+00:00,72.3703,0.0596,96.6,-0.1423,0.75,0.0,1500.0,0.0,6.3
253.0,2026-05-05T22:51:13.373301+00:00,72.1921,-0.0814,96.6926,-0.1479,0.75,0.0,1500.0,0.0,6.3
253.5,2026-05-05T22:51:13.873268+00:00,72.1823,-0.0626,96.7869,-0.1446,0.75,0.0,1500.0,0.0,6.3
254.0,2026-05-05T22:51:14.373257+00:00,72.1749,-0.0481,96.7205,-0.1497,0.75,0.0,1500.0,0.0,6.3
254.5,2026-05-05T22:51:14.873201+00:00,72.1691,-0.1006,96.7852,-0.115,0.75,0.0,1500.0,0.0,6.3
255.0,2026-05-05T22:51:15.380652+00:00,72.1647,-0.0137,96.6266,-0.1116,0.75,0.0,1500.0,0.0,6.3
255.5,2026-05-05T22:51:15.873223+00:00,72.1613,-0.0105,96.4585,-0.0472,0.75,0.0,1500.0,0.0,6.3
256.0,2026-05-05T22:51:16.373285+00:00,72.1587,-0.0081,96.4681,-0.0748,0.75,0.0,1500.0,0.0,6.3
256.5,2026-05-05T22:51:16.873234+00:00,72.1567,-0.0062,96.5912,-0.0652,0.75,0.0,1500.0,0.0,6.3
257.0,2026-05-05T22:51:17.373390+00:00,72.1551,-0.0048,96.6858,-0.0116,0.75,0.0,1500.0,0.0,6.3
257.5,2026-05-05T22:51:17.878509+00:00,72.1539,-0.0037,96.7585,-0.0089,0.75,0.0,1500.0,0.0,6.3
258.0,2026-05-05T22:51:18.373272+00:00,72.153,-0.0028,96.6755,0.0163,0.75,0.0,1500.0,0.0,6.3
258.5,2026-05-05T22:51:18.873195+00:00,72.1523,-0.0022,96.8432,0.1282,0.75,0.0,1500.0,0.0,6.3
259.0,2026-05-05T22:51:19.373467+00:00,72.2791,0.062,96.9952,0.1757,0.75,0.0,1500.0,0.0,6.3
259.5,2026-05-05T22:51:19.873734+00:00,72.2492,0.0476,96.9963,0.135,0.75,0.0,1500.0,0.0,6.3
260.0,2026-05-05T22:51:20.378066+00:00,72.099,-0.027,96.7889,0.0344,0.75,0.0,1500.0,0.0,6.3
260.5,2026-05-05T22:51:20.873246+00:00,72.1108,-0.0208,96.722,-0.0121,0.75,0.0,1500.0,0.0,6.3
261.0,2026-05-05T22:51:21.373214+00:00,72.1199,-0.0796,96.6707,-0.0016,0.75,0.0,1500.0,0.0,6.3
261.5,2026-05-05T22:51:21.873175+00:00,72.1268,-0.0612,96.7469,-0.0321,0.75,0.0,1500.0,0.0,6.3
262.0,2026-05-05T22:51:22.373558+00:00,72.0049,-0.047,97.0368,0.0139,0.75,0.0,1500.0,0.0,6.3
262.5,2026-05-05T22:51:22.879627+00:00,72.0385,-0.0361,96.9126,-0.0279,0.75,0.0,1500.0,0.0,6.3
263.0,2026-05-05T22:51:23.373239+00:00,72.0643,-0.0278,96.9328,0.048,0.75,0.0,1500.0,0.0,6.3
263.5,2026-05-05T22:51:23.873189+00:00,71.9569,-0.085,96.9484,0.0754,0.75,0.0,1500.0,0.0,6.3
264.0,2026-05-05T22:51:24.373233+00:00,72.0016,-0.0017,96.7058,0.0117,0.75,0.0,1500.0,0.0,6.3
264.5,2026-05-05T22:51:24.873201+00:00,72.0359,-0.0013,96.5193,-0.0758,0.75,0.0,1500.0,0.0,6.3
265.0,2026-05-05T22:51:25.379112+00:00,72.0623,-0.001,96.6306,-0.1354,0.75,0.0,1500.0,0.0,6.3
265.5,2026-05-05T22:51:25.873254+00:00,72.0826,0.0629,96.5772,-0.1118,0.75,0.0,1500.0,0.0,6.3
266.0,2026-05-05T22:51:26.373224+00:00,71.9709,-0.0153,96.675,-0.0859,0.75,0.0,1500.0,0.0,6.3
266.5,2026-05-05T22:51:26.873361+00:00,71.8851,-0.0754,96.7271,-0.0738,0.75,0.0,1500.0,0.0,6.3
267.0,2026-05-05T22:51:27.373178+00:00,72.2009,0.0693,96.4431,-0.0875,0.75,0.0,1500.0,0.0,6.3
267.5,2026-05-05T22:51:27.878331+00:00,72.1891,0.0533,96.3406,-0.0596,0.75,0.0,1500.0,0.0,6.3
268.0,2026-05-05T22:51:28.373442+00:00,72.0528,0.0409,96.4932,-0.0458,0.75,0.0,1500.0,0.0,6.3
268.5,2026-05-05T22:51:28.873190+00:00,72.2026,0.1587,96.6105,0.0111,0.75,0.0,1500.0,0.0,6.3
269.0,2026-05-05T22:51:29.373365+00:00,72.1904,-0.0053,96.6775,0.0008,0.75,0.0,1500.0,0.0,6.3
269.5,2026-05-05T22:51:29.873226+00:00,71.9265,-0.1313,96.7521,0.0083,0.75,0.0,1500.0,0.0,6.3
270.0,2026-05-05T22:51:30.378579+00:00,72.2328,0.09,96.6938,0.0835,0.75,0.0,1500.0,0.0,6.3
270.5,2026-05-05T22:51:30.873194+00:00,72.0863,-0.0581,96.6489,0.1028,0.75,0.0,1500.0,0.0,6.3
271.0,2026-05-05T22:51:31.373204+00:00,71.7193,-0.2356,96.6145,0.0404,0.75,0.0,1500.0,0.0,6.3
271.5,2026-05-05T22:51:31.873188+00:00,71.6917,-0.1174,96.3334,-0.0923,0.75,0.0,1500.0,0.0,6.3
272.0,2026-05-05T22:51:32.373303+00:00,71.925,-0.1539,96.4877,-0.0633,0.75,0.0,1500.0,0.0,6.3
272.5,2026-05-05T22:51:32.879793+00:00,71.9771,-0.0546,96.6062,-0.0486,0.75,0.0,1500.0,0.0,6.3
273.0,2026-05-05T22:51:33.373190+00:00,72.1444,0.2125,96.5585,-0.0451,0.75,0.0,1500.0,0.0,6.3
273.5,2026-05-05T22:51:33.873206+00:00,72.1457,0.227,96.7532,0.0348,0.75,0.0,1500.0,0.0,6.3
274.0,2026-05-05T22:51:34.373204+00:00,72.1467,0.1108,96.6946,0.0267,0.75,0.0,1500.0,0.0,6.3
274.5,2026-05-05T22:51:34.873237+00:00,72.1474,0.0852,96.6265,0.0977,0.75,0.0,1500.0,0.0,6.3
275.0,2026-05-05T22:51:35.379027+00:00,72.2753,0.0655,96.5972,0.0365,0.75,0.0,1500.0,0.0,6.3
275.5,2026-05-05T22:51:35.873576+00:00,72.2463,0.0503,96.6673,0.0203,0.75,0.0,1500.0,0.0,6.3
276.0,2026-05-05T22:51:36.373252+00:00,72.3513,0.1023,96.5129,-0.0152,0.75,0.0,1500.0,0.0,6.3
276.5,2026-05-05T22:51:36.873218+00:00,72.432,0.1423,96.6024,-0.0503,0.75,0.0,1500.0,0.0,6.3
277.0,2026-05-05T22:51:37.373228+00:00,72.2395,-0.0179,96.463,-0.0772,0.75,0.0,1500.0,0.0,6.3
277.5,2026-05-05T22:51:37.879113+00:00,72.0915,-0.0774,96.3559,-0.0902,0.75,0.0,1500.0,0.0,6.3
278.0,2026-05-05T22:51:38.373206+00:00,72.105,-0.1231,96.1578,-0.1465,0.75,0.0,1500.0,0.0,6.3
278.5,2026-05-05T22:51:38.873256+00:00,72.2427,-0.0946,96.3296,-0.1126,0.75,0.0,1500.0,0.0,6.3
279.0,2026-05-05T22:51:39.373256+00:00,72.2213,-0.0091,96.2533,-0.0865,0.75,0.0,1500.0,0.0,6.3
279.5,2026-05-05T22:51:39.873196+00:00,72.332,0.1203,96.403,-0.0665,0.75,0.0,1500.0,0.0,6.3
280.0,2026-05-05T22:51:40.379954+00:00,72.4172,0.1561,96.4023,-0.0203,0.75,0.0,1500.0,0.0,6.3
280.5,2026-05-05T22:51:40.873214+00:00,72.3554,0.0563,96.3092,-0.0156,0.75,0.0,1500.0,0.0,6.3
281.0,2026-05-05T22:51:41.373197+00:00,72.4351,0.1069,96.5616,0.1346,0.75,0.0,1500.0,0.0,6.3
281.5,2026-05-05T22:51:41.873430+00:00,72.1146,-0.1087,96.4316,0.034,0.75,0.0,1500.0,0.0,6.3
282.0,2026-05-05T22:51:42.373201+00:00,72.1228,-0.1472,96.4475,0.0647,0.75,0.0,1500.0,0.0,6.3
282.5,2026-05-05T22:51:42.877786+00:00,71.8745,-0.2404,96.5753,0.0575,0.75,0.0,1500.0,0.0,6.3
283.0,2026-05-05T22:51:43.373429+00:00,72.0656,-0.1848,96.6736,0.0904,0.75,0.0,1500.0,0.0,6.3
283.5,2026-05-05T22:51:43.873197+00:00,71.9578,-0.0784,96.4946,0.0618,0.75,0.0,1500.0,0.0,6.3
284.0,2026-05-05T22:51:44.373315+00:00,72.0023,-0.0602,96.8429,0.0938,0.75,0.0,1500.0,0.0,6.3
284.5,2026-05-05T22:51:44.873449+00:00,72.0365,0.081,96.995,0.1878,0.75,0.0,1500.0,0.0,6.3
285.0,2026-05-05T22:51:45.378944+00:00,71.9355,-0.065,96.9961,0.1829,0.75,0.0,1500.0,0.0,6.3
285.5,2026-05-05T22:51:45.873289+00:00,72.1124,0.0773,96.997,0.1406,0.75,0.0,1500.0,0.0,6.3
286.0,2026-05-05T22:51:46.373306+00:00,72.2484,0.123,97.1134,0.1466,0.75,0.0,1500.0,0.0,6.3
286.5,2026-05-05T22:51:46.873259+00:00,72.3529,0.1582,96.9715,0.159,0.75,0.0,1500.0,0.0,6.3
287.0,2026-05-05T22:51:47.373440+00:00,72.4332,0.2489,96.9781,0.045,0.75,0.0,1500.0,0.0,6.3
287.501178,2026-05-05T22:51:47.880543+00:00,72.2404,0.064,96.7517,-0.0811,0.75,0.0,1500.0,0.0,6.3
288.0,2026-05-05T22:51:48.373292+00:00,72.2195,-0.0144,96.6935,-0.1009,0.75,0.0,1500.0,0.0,6.3
288.5,2026-05-05T22:51:48.873475+00:00,72.2034,-0.0747,96.533,-0.1547,0.75,0.0,1500.0,0.0,6.3
289.0,2026-05-05T22:51:49.373339+00:00,72.191,-0.1211,96.3865,-0.2423,0.75,0.0,1500.0,0.0,6.3
289.5,2026-05-05T22:51:49.873203+00:00,72.0543,-0.0931,96.2971,-0.2248,0.75,0.0,1500.0,0.0,6.3
290.0,2026-05-05T22:51:50.379145+00:00,72.0764,-0.0715,96.344,-0.2113,0.75,0.0,1500.0,0.0,6.3
290.5,2026-05-05T22:51:50.873189+00:00,71.9662,-0.1186,96.4958,-0.0853,0.75,0.0,1500.0,0.0,6.3
291.000619,2026-05-05T22:51:51.374062+00:00,72.136,-0.0275,96.1497,-0.1813,0.75,0.0,1500.0,0.0,6.3512
291.5,2026-05-05T22:51:51.873230+00:00,72.1392,0.0425,96.2308,-0.1008,0.75,0.0,1500.0,0.0,6.3762
292.0,2026-05-05T22:51:52.373370+00:00,72.1417,0.0326,96.4088,0.0074,0.75,0.0,1500.0,0.0,6.3884
292.5,2026-05-05T22:51:52.878990+00:00,72.0164,0.0251,96.5224,0.0751,0.75,0.0,1500.0,0.0,6.3943
293.0,2026-05-05T22:51:53.373254+00:00,72.1746,0.0193,96.6329,0.0963,0.75,0.0,1500.0,0.0,6.3972
293.5,2026-05-05T22:51:53.873688+00:00,71.9143,-0.1124,96.7179,0.074,0.75,0.0,1500.0,0.0,6.3986
294.0,2026-05-05T22:51:54.373209+00:00,72.0961,-0.0228,96.5518,0.134,0.75,0.0,1500.0,0.0,6.3993
294.5,2026-05-05T22:51:54.873467+00:00,71.8541,-0.0812,96.7712,0.1801,0.75,0.0,1500.0,0.0,6.3997
295.0,2026-05-05T22:51:55.378262+00:00,71.7953,-0.1896,96.7084,0.0999,0.75,0.0,1500.0,0.0,6.3486
295.5,2026-05-05T22:51:55.873212+00:00,71.8774,-0.0185,96.6371,0.0382,0.75,0.0,1500.0,0.0,6.3237
296.0,2026-05-05T22:51:56.373484+00:00,71.9404,-0.0778,96.721,0.0294,0.75,0.0,1500.0,0.0,6.3116
296.501126,2026-05-05T22:51:56.874491+00:00,71.8617,0.0038,96.5542,-0.0546,0.75,0.0,1500.0,0.0,6.3057
297.0,2026-05-05T22:51:57.373354+00:00,72.0557,0.1302,96.5417,-0.0034,0.75,0.0,1500.0,0.0,6.3028
297.5,2026-05-05T22:51:57.877987+00:00,72.2048,0.1637,96.6246,-0.0489,0.75,0.0,1500.0,0.0,6.3013
298.0,2026-05-05T22:51:58.373272+00:00,72.3194,0.1895,96.5726,-0.0453,0.75,0.0,1500.0,0.0,6.3007
298.5,2026-05-05T22:51:58.873224+00:00,72.2802,0.2093,96.5558,-0.0271,0.75,0.0,1500.0,0.0,6.3003
299.0,2026-05-05T22:51:59.373232+00:00,72.3773,0.1608,96.89,0.0563,0.75,0.0,1500.0,0.0,6.3002
299.5,2026-05-05T22:51:59.873211+00:00,72.452,0.1236,96.684,0.0433,0.75,0.0,1500.0,0.0,6.3001
300.0,2026-05-05T22:52:00.377665+00:00,72.3821,0.0314,96.6415,0.0333,0.75,0.0,1500.0,0.0,6.3
300.5,2026-05-05T22:52:00.873285+00:00,72.3284,0.0241,96.7244,0.0333,0.75,0.0,1500.0,0.0,6.3
301.0,2026-05-05T22:52:01.373239+00:00,72.2871,-0.0451,96.6494,0.0256,0.75,0.0,1500.0,0.0,6.3
301.5,2026-05-05T22:52:01.873251+00:00,72.3827,-0.0347,96.6148,0.0197,0.75,0.0,1500.0,0.0,6.3
302.0,2026-05-05T22:52:02.373650+00:00,72.0743,-0.1539,96.7039,-0.062,0.75,0.0,1500.0,0.0,6.3
302.5,2026-05-05T22:52:02.885022+00:00,72.0918,-0.1183,96.4022,-0.0939,0.75,0.0,1500.0,0.0,6.3
303.0,2026-05-05T22:52:03.373202+00:00,72.1053,-0.0909,96.5174,-0.0414,0.75,0.0,1500.0,0.0,6.3
303.5,2026-05-05T22:52:03.873258+00:00,72.2429,-0.0699,96.5134,-0.0704,0.75,0.0,1500.0,0.0,6.3
304.0,2026-05-05T22:52:04.373203+00:00,72.2214,0.0736,96.5103,-0.0464,0.75,0.0,1500.0,0.0,6.3
304.5,2026-05-05T22:52:04.873200+00:00,72.3321,0.1202,96.6236,0.0029,0.75,0.0,1500.0,0.0,6.3
305.0,2026-05-05T22:52:05.380308+00:00,72.4173,0.156,96.7107,0.0023,0.75,0.0,1500.0,0.0,6.2488
305.5,2026-05-05T22:52:05.873222+00:00,72.2282,-0.0074,96.5231,0.0403,0.75,0.0,1500.0,0.0,6.275
306.0,2026-05-05T22:52:06.373195+00:00,72.0828,-0.0693,96.7492,0.0773,0.75,0.0,1500.0,0.0,6.2878
306.5,2026-05-05T22:52:06.873441+00:00,72.0983,-0.1169,96.8072,0.0979,0.75,0.0,1500.0,0.0,6.294
307.0,2026-05-05T22:52:07.373210+00:00,72.2376,-0.0898,96.6436,0.0444,0.75,0.0,1500.0,0.0,6.2971
307.5,2026-05-05T22:52:07.878135+00:00,72.09,-0.0691,96.726,0.0341,0.75,0.0,1500.0,0.0,6.2986
308.0,2026-05-05T22:52:08.373654+00:00,72.1039,0.0106,96.6506,-0.02,0.75,0.0,1500.0,0.0,6.2993
308.5,2026-05-05T22:52:08.873231+00:00,72.1146,0.0081,96.5,-0.0077,0.75,0.0,1500.0,0.0,6.2997
309.0,2026-05-05T22:52:09.373191+00:00,72.25,0.0062,96.6157,-0.0445,0.75,0.0,1500.0,0.0,6.2998
309.5,2026-05-05T22:52:09.873467+00:00,72.3542,0.1321,96.6815,-0.0419,0.75,0.0,1500.0,0.0,6.2999
310.0,2026-05-05T22:52:10.379189+00:00,72.1797,0.0379,96.5238,-0.0399,0.75,0.0,1500.0,0.0,6.3
310.5,2026-05-05T22:52:10.873204+00:00,72.0455,-0.0345,96.4952,-0.077,0.75,0.0,1500.0,0.0,6.3
311.0,2026-05-05T22:52:11.373458+00:00,71.9424,-0.1538,96.7277,0.0257,0.75,0.0,1500.0,0.0,6.3
311.5,2026-05-05T22:52:11.873182+00:00,72.1177,-0.1182,96.6519,0.0506,0.75,0.0,1500.0,0.0,6.3
312.0,2026-05-05T22:52:12.373235+00:00,72.2525,0.0364,96.6167,0.0003,0.75,0.0,1500.0,0.0,6.3
312.5,2026-05-05T22:52:12.882764+00:00,72.2288,0.0916,96.7054,0.008,0.75,0.0,1500.0,0.0,6.3
313.0,2026-05-05T22:52:13.373241+00:00,72.3378,0.1977,96.519,-0.0016,0.75,0.0,1500.0,0.0,6.3
313.5,2026-05-05T22:52:13.873244+00:00,72.2943,0.0883,96.5146,0.0065,0.75,0.0,1500.0,0.0,6.3
314.0,2026-05-05T22:52:14.373594+00:00,72.2609,0.0042,96.7426,0.005,0.75,0.0,1500.0,0.0,6.3
314.5,2026-05-05T22:52:14.873204+00:00,72.2353,0.0033,96.6865,0.0115,0.75,0.0,1500.0,0.0,6.3
315.0,2026-05-05T22:52:15.377745+00:00,72.0883,-0.1248,96.9904,0.1246,0.75,0.0,1500.0,0.0,6.3
315.5,2026-05-05T22:52:15.873590+00:00,72.2298,-0.0323,96.6456,-0.02,0.75,0.0,1500.0,0.0,6.3
316.0,2026-05-05T22:52:16.373213+00:00,72.3386,0.0388,96.473,-0.0153,0.75,0.0,1500.0,0.0,6.3
316.5,2026-05-05T22:52:16.873320+00:00,72.295,0.0299,96.6875,0.0576,0.75,0.0,1500.0,0.0,6.3
317.0,2026-05-05T22:52:17.373223+00:00,72.3887,0.1502,96.7598,0.0057,0.75,0.0,1500.0,0.0,6.3
317.501308,2026-05-05T22:52:17.883345+00:00,72.3335,0.0518,96.6997,0.0044,0.75,0.0,1500.0,0.0,6.3
318.0,2026-05-05T22:52:18.373338+00:00,72.4183,0.0398,96.6535,-0.1123,0.75,0.0,1500.0,0.0,6.3
318.5,2026-05-05T22:52:18.873434+00:00,72.4835,0.0942,96.7337,0.0294,0.75,0.0,1500.0,0.0,6.3
319.000001,2026-05-05T22:52:19.373636+00:00,72.5336,0.0724,96.6796,0.0689,0.75,0.0,1500.0,0.0,6.3
319.5,2026-05-05T22:52:19.873361+00:00,72.3175,-0.008,96.6612,-0.0088,0.75,0.0,1500.0,0.0,6.3
320.0,2026-05-05T22:52:20.379240+00:00,72.2788,-0.0698,96.8553,0.0318,0.75,0.0,1500.0,0.0,6.3
320.5,2026-05-05T22:52:20.873229+00:00,72.249,-0.1172,96.7731,0.0245,0.75,0.0,1500.0,0.0,6.3
321.0,2026-05-05T22:52:21.373543+00:00,72.2261,-0.1538,96.9181,0.0882,0.75,0.0,1500.0,0.0,6.3
321.5,2026-05-05T22:52:21.873269+00:00,72.463,0.0727,96.9371,0.0678,0.75,0.0,1500.0,0.0,6.3
322.0,2026-05-05T22:52:22.373198+00:00,72.2633,-0.0077,96.7202,0.0135,0.75,0.0,1500.0,0.0,6.3
322.5,2026-05-05T22:52:22.879263+00:00,72.2371,-0.0059,96.785,0.0413,0.75,0.0,1500.0,0.0,6.3
323.0,2026-05-05T22:52:23.373657+00:00,72.0897,-0.0682,96.6033,-0.084,0.75,0.0,1500.0,0.0,6.3
323.5,2026-05-05T22:52:23.873219+00:00,71.9764,-0.2433,96.5794,-0.0645,0.75,0.0,1500.0,0.0,6.3
324.0,2026-05-05T22:52:24.373183+00:00,71.8893,-0.187,96.5379,-0.1267,0.75,0.0,1500.0,0.0,6.3
324.5,2026-05-05T22:52:24.873911+00:00,71.9496,-0.1437,96.5291,-0.136,0.75,0.0,1500.0,0.0,6.3
325.0,2026-05-05T22:52:25.377715+00:00,72.1232,0.0168,96.5224,-0.066,0.75,0.0,1500.0,0.0,6.2488
325.5,2026-05-05T22:52:25.873638+00:00,71.8749,-0.0507,96.7486,-0.0121,0.75,0.0,1500.0,0.0,6.275
326.0,2026-05-05T22:52:26.373206+00:00,72.0658,0.0883,96.9225,0.1064,0.75,0.0,1500.0,0.0,6.2878
326.5,2026-05-05T22:52:26.873418+00:00,72.0853,0.0679,97.0561,0.1589,0.75,0.0,1500.0,0.0,6.294
327.0,2026-05-05T22:52:27.373257+00:00,72.1003,-0.0115,97.1588,0.207,0.75,0.0,1500.0,0.0,6.2971
327.5,2026-05-05T22:52:27.879883+00:00,71.8572,-0.0088,97.0064,0.1591,0.75,0.0,1500.0,0.0,6.2986
328.0,2026-05-05T22:52:28.373406+00:00,71.7977,-0.1341,97.0049,0.1608,0.75,0.0,1500.0,0.0,6.2993
328.5,2026-05-05T22:52:28.873772+00:00,71.8792,-0.103,97.1195,0.1236,0.75,0.0,1500.0,0.0,6.2997
329.0,2026-05-05T22:52:29.373228+00:00,71.8146,-0.1428,97.0918,0.0564,0.75,0.0,1500.0,0.0,6.2998
329.5,2026-05-05T22:52:29.873627+00:00,71.8922,0.0175,97.1863,0.0434,0.75,0.0,1500.0,0.0,6.2999
330.000492,2026-05-05T22:52:30.381557+00:00,71.9519,0.0771,97.0275,-0.0438,0.75,0.0,1500.0,0.0,6.2488
330.5,2026-05-05T22:52:30.873224+00:00,71.8705,-0.0044,97.1368,0.0435,0.75,0.0,1500.0,0.0,6.275
331.0,2026-05-05T22:52:31.373281+00:00,71.8079,-0.0034,97.2209,0.072,0.75,0.0,1500.0,0.0,6.2878
331.5,2026-05-05T22:52:31.873254+00:00,71.7598,-0.0662,97.1697,0.0168,0.75,0.0,1500.0,0.0,6.294
332.0,2026-05-05T22:52:32.373399+00:00,71.4683,-0.2418,97.1305,0.0129,0.75,0.0,1500.0,0.0,6.2971
332.5,2026-05-05T22:52:32.878838+00:00,71.626,-0.1222,97.3317,0.0485,0.75,0.0,1500.0,0.0,6.2986
333.0,2026-05-05T22:52:33.373189+00:00,71.7473,-0.0303,97.2549,0.0758,0.75,0.0,1500.0,0.0,6.2993
333.5,2026-05-05T22:52:33.873212+00:00,71.8405,0.0403,97.3116,0.0583,0.75,0.0,1500.0,0.0,6.2997
334.0,2026-05-05T22:52:34.373684+00:00,71.9121,0.2219,97.3552,0.0448,0.75,0.0,1500.0,0.0,6.2998
334.500333,2026-05-05T22:52:34.873537+00:00,71.8399,0.1069,97.273,0.0344,0.75,0.0,1500.0,0.0,6.2999
335.0,2026-05-05T22:52:35.378124+00:00,71.7844,0.0185,97.3255,0.065,0.75,0.0,1500.0,0.0,6.3
335.500932,2026-05-05T22:52:35.874159+00:00,71.869,0.0143,97.1345,-0.0657,0.75,0.0,1500.0,0.0,6.3
336.0,2026-05-05T22:52:36.373209+00:00,71.934,0.011,97.3348,0.0266,0.75,0.0,1500.0,0.0,6.3
336.5,2026-05-05T22:52:36.873300+00:00,71.984,0.0721,97.4887,0.059,0.75,0.0,1500.0,0.0,6.3
337.0,2026-05-05T22:52:37.373205+00:00,72.0224,0.119,97.2599,-0.0318,0.75,0.0,1500.0,0.0,6.3
337.500025,2026-05-05T22:52:37.878006+00:00,72.0519,0.0915,97.4312,0.0527,0.75,0.0,1500.0,0.0,6.3
338.0,2026-05-05T22:52:38.373208+00:00,72.2019,0.1339,97.4471,0.0405,0.75,0.0,1500.0,0.0,6.3
338.5,2026-05-05T22:52:38.873401+00:00,72.1899,0.1029,97.575,0.1468,0.75,0.0,1500.0,0.0,6.3
339.0,2026-05-05T22:52:39.373426+00:00,72.1807,0.0791,97.5577,0.0743,0.75,0.0,1500.0,0.0,6.3
339.5,2026-05-05T22:52:39.873220+00:00,72.1736,0.0608,97.5443,0.0185,0.75,0.0,1500.0,0.0,6.3
340.0,2026-05-05T22:52:40.378258+00:00,72.0408,-0.0805,97.6498,0.1299,0.75,0.0,1500.0,0.0,6.2488
340.500699,2026-05-05T22:52:40.873936+00:00,72.1934,0.0017,97.4994,0.0227,0.75,0.0,1500.0,0.0,6.275
341.0,2026-05-05T22:52:41.373409+00:00,72.0561,-0.0623,97.3839,-0.0211,0.75,0.0,1500.0,0.0,6.2878
341.5,2026-05-05T22:52:41.873199+00:00,72.0778,-0.0479,97.5264,-0.0162,0.75,0.0,1500.0,0.0,6.294
342.0,2026-05-05T22:52:42.373202+00:00,72.0945,0.0268,97.4046,-0.051,0.75,0.0,1500.0,0.0,6.2971
342.5,2026-05-05T22:52:42.877489+00:00,72.2346,0.0206,97.5424,-0.0006,0.75,0.0,1500.0,0.0,6.2986
343.0,2026-05-05T22:52:43.373192+00:00,72.215,0.0795,97.5326,-0.0391,0.75,0.0,1500.0,0.0,6.2993
343.5,2026-05-05T22:52:43.873174+00:00,72.2,0.0611,97.2936,-0.0686,0.75,0.0,1500.0,0.0,6.2997
344.0,2026-05-05T22:52:44.373213+00:00,72.1884,0.047,97.3414,-0.0142,0.75,0.0,1500.0,0.0,6.2998
344.500833,2026-05-05T22:52:44.875024+00:00,72.1795,-0.0275,97.0541,-0.1574,0.75,0.0,1500.0,0.0,6.2999
345.0,2026-05-05T22:52:45.379092+00:00,71.9182,-0.1484,96.9259,-0.1596,0.75,0.0,1500.0,0.0,6.3
345.500183,2026-05-05T22:52:45.874027+00:00,71.8445,-0.1777,96.9662,-0.1921,0.75,0.0,1500.0,0.0,6.3
346.0,2026-05-05T22:52:46.373228+00:00,71.7879,-0.2002,97.2054,-0.1091,0.75,0.0,1500.0,0.0,6.3
346.5,2026-05-05T22:52:46.873350+00:00,71.7445,-0.2175,97.0422,-0.0838,0.75,0.0,1500.0,0.0,6.3
347.0,2026-05-05T22:52:47.373193+00:00,71.9656,0.0237,97.0324,-0.103,0.75,0.0,1500.0,0.0,6.3
347.5,2026-05-05T22:52:47.879487+00:00,72.0082,0.0819,96.7704,-0.0946,0.75,0.0,1500.0,0.0,6.3
348.0,2026-05-05T22:52:48.373284+00:00,72.041,0.1265,96.6847,-0.0804,0.75,0.0,1500.0,0.0,6.3512
348.5,2026-05-05T22:52:48.873215+00:00,71.8117,0.0336,96.2717,-0.2315,0.75,0.0,1500.0,0.0,6.3762
349.0,2026-05-05T22:52:49.373202+00:00,71.89,-0.0378,96.2088,-0.3322,0.75,0.0,1500.0,0.0,6.3884
349.5,2026-05-05T22:52:49.873255+00:00,71.8229,-0.0927,96.1605,-0.2939,0.75,0.0,1500.0,0.0,6.3943
350.0,2026-05-05T22:52:50.378277+00:00,71.8986,-0.0712,96.3548,-0.2259,0.75,0.0,1500.0,0.0,6.346
350.5,2026-05-05T22:52:50.873617+00:00,71.9568,0.0725,96.5041,-0.0888,0.75,0.0,1500.0,0.0,6.3737
351.0,2026-05-05T22:52:51.373226+00:00,72.0015,0.0557,96.6188,-0.0219,0.75,0.0,1500.0,0.0,6.3871
351.5,2026-05-05T22:52:51.873414+00:00,72.0358,0.1065,96.707,0.1451,0.75,0.0,1500.0,0.0,6.3937
352.0,2026-05-05T22:52:52.373394+00:00,71.935,0.0182,96.5203,0.1038,0.75,0.0,1500.0,0.0,6.3969
352.5,2026-05-05T22:52:52.877413+00:00,71.9847,0.014,96.6313,0.1569,0.75,0.0,1500.0,0.0,6.3985
353.0,2026-05-05T22:52:53.373547+00:00,72.023,0.0108,96.7166,0.1206,0.75,0.0,1500.0,0.0,6.3481
353.5,2026-05-05T22:52:53.873283+00:00,72.1796,0.0719,96.7822,0.0927,0.75,0.0,1500.0,0.0,6.3235
354.0,2026-05-05T22:52:54.373217+00:00,72.1728,0.1189,96.8094,0.0635,0.75,0.0,1500.0,0.0,6.3114
354.5,2026-05-05T22:52:54.873228+00:00,72.1675,0.0914,96.5064,-0.0669,0.75,0.0,1500.0,0.0,6.3056
355.0,2026-05-05T22:52:55.378381+00:00,72.0362,0.0066,96.3893,-0.0437,0.75,0.0,1500.0,0.0,6.3027
355.5,2026-05-05T22:52:55.873246+00:00,71.9353,-0.1222,96.2992,-0.1107,0.75,0.0,1500.0,0.0,6.3525
356.0,2026-05-05T22:52:56.373206+00:00,71.9849,-0.0939,96.6927,-0.008,0.75,0.0,1500.0,0.0,6.3768
356.5,2026-05-05T22:52:56.873552+00:00,72.0231,-0.0722,96.7638,-0.0061,0.75,0.0,1500.0,0.0,6.3887
357.0,2026-05-05T22:52:57.373224+00:00,72.0525,0.0082,96.564,-0.0818,0.75,0.0,1500.0,0.0,6.3433
357.5,2026-05-05T22:52:57.881707+00:00,72.0751,0.0699,96.6649,0.0528,0.75,0.0,1500.0,0.0,6.3211
358.0,2026-05-05T22:52:58.373666+00:00,72.2197,0.1174,96.7424,0.1177,0.75,0.0,1500.0,0.0,6.3615
358.5,2026-05-05T22:52:58.873203+00:00,72.2035,0.0902,96.6863,0.129,0.75,0.0,1500.0,0.0,6.3812
359.0,2026-05-05T22:52:59.373234+00:00,72.1912,0.0693,96.8746,0.0606,0.75,0.0,1500.0,0.0,6.3908
359.501127,2026-05-05T22:52:59.874489+00:00,72.0544,-0.0103,97.0193,0.0852,0.75,0.0,1500.0,0.0,6.3955
360.0,2026-05-05T22:53:00.378200+00:00,72.0765,-0.0716,97.0148,0.1503,0.75,0.0,1500.0,0.0,6.3466
360.5,2026-05-05T22:53:00.873194+00:00,72.0935,-0.055,97.1271,0.1541,0.75,0.0,1500.0,0.0,6.3227
361.0,2026-05-05T22:53:01.373324+00:00,71.9793,-0.1059,96.8663,0.0413,0.75,0.0,1500.0,0.0,6.3111
361.5,2026-05-05T22:53:01.873177+00:00,71.8915,-0.0814,96.8972,0.0703,0.75,0.0,1500.0,0.0,6.3054
362.0,2026-05-05T22:53:02.373178+00:00,72.0786,0.0011,96.7822,-0.0308,0.75,0.0,1500.0,0.0,6.3026
362.5,2026-05-05T22:53:02.881642+00:00,71.9679,-0.0628,96.8326,-0.0622,0.75,0.0,1500.0,0.0,6.3013
363.0,2026-05-05T22:53:03.373197+00:00,71.7555,-0.1119,96.8713,-0.0478,0.75,0.0,1500.0,0.0,6.3006
363.500001,2026-05-05T22:53:03.873324+00:00,71.8468,-0.0224,96.9937,-0.0445,0.75,0.0,1500.0,0.0,6.3003
364.0,2026-05-05T22:53:04.373167+00:00,71.7897,-0.1445,96.8794,0.0044,0.75,0.0,1500.0,0.0,6.3001
364.5,2026-05-05T22:53:04.873194+00:00,71.7458,-0.111,97.023,0.0419,0.75,0.0,1500.0,0.0,6.3001
365.0,2026-05-05T22:53:05.379464+00:00,71.8393,0.0419,97.1334,0.1171,0.75,0.0,1500.0,0.0,6.3
365.5,2026-05-05T22:53:05.873210+00:00,71.9112,0.0322,96.8711,0.0128,0.75,0.0,1500.0,0.0,6.3
366.0,2026-05-05T22:53:06.373186+00:00,71.9665,0.0884,97.0167,0.0484,0.75,0.0,1500.0,0.0,6.3
366.5,2026-05-05T22:53:06.873251+00:00,72.0089,0.1316,97.0128,0.0064,0.75,0.0,1500.0,0.0,6.3
367.0,2026-05-05T22:53:07.373229+00:00,72.0416,0.1011,96.7553,-0.0414,0.75,0.0,1500.0,0.0,6.3
367.5,2026-05-05T22:53:07.878436+00:00,71.9394,0.0141,96.9276,-0.0318,0.75,0.0,1500.0,0.0,6.3
368.0,2026-05-05T22:53:08.373699+00:00,72.1154,0.0745,96.9444,-0.063,0.75,0.0,1500.0,0.0,6.3
368.5,2026-05-05T22:53:08.873185+00:00,71.9961,-0.0064,96.9572,0.0287,0.75,0.0,1500.0,0.0,6.3
369.0,2026-05-05T22:53:09.373565+00:00,71.9045,-0.0686,96.8514,-0.0551,0.75,0.0,1500.0,0.0,6.3
369.5,2026-05-05T22:53:09.873330+00:00,71.9613,0.0109,96.7933,-0.0732,0.75,0.0,1500.0,0.0,6.3
370.0,2026-05-05T22:53:10.377942+00:00,72.005,-0.0552,96.8411,0.0286,0.75,0.0,1500.0,0.0,6.2488
370.5,2026-05-05T22:53:10.873208+00:00,72.1658,0.0848,96.7622,-0.0552,0.75,0.0,1500.0,0.0,6.275
371.0,2026-05-05T22:53:11.373199+00:00,72.1621,0.1288,96.7015,-0.081,0.75,0.0,1500.0,0.0,6.2878
371.5,2026-05-05T22:53:11.873360+00:00,72.2866,0.1627,96.6549,-0.1008,0.75,0.0,1500.0,0.0,6.294
372.0,2026-05-05T22:53:12.373217+00:00,72.255,0.125,96.7347,-0.0389,0.75,0.0,1500.0,0.0,6.2971
372.5,2026-05-05T22:53:12.879625+00:00,72.2307,0.0325,96.5416,-0.0839,0.75,0.0,1500.0,0.0,6.2986
373.0,2026-05-05T22:53:13.373187+00:00,72.212,0.0249,96.532,-0.103,0.75,0.0,1500.0,0.0,6.2993
373.5,2026-05-05T22:53:13.873398+00:00,72.0704,-0.1081,96.5477,-0.0715,0.75,0.0,1500.0,0.0,6.2997
374.000929,2026-05-05T22:53:14.374157+00:00,72.0888,-0.0831,96.5135,-0.0627,0.75,0.0,1500.0,0.0,6.2998
374.5,2026-05-05T22:53:14.873249+00:00,71.8484,-0.1911,96.6261,-0.0096,0.75,0.0,1500.0,0.0,6.2999
375.0,2026-05-05T22:53:15.379828+00:00,72.0455,-0.0833,96.7126,-0.0074,0.75,0.0,1500.0,0.0,6.3
375.5,2026-05-05T22:53:15.873209+00:00,72.1969,0.0633,96.432,-0.0365,0.75,0.0,1500.0,0.0,6.3
376.0,2026-05-05T22:53:16.373251+00:00,72.3133,0.1123,96.5634,0.0105,0.75,0.0,1500.0,0.0,6.3
376.5,2026-05-05T22:53:16.873176+00:00,72.2756,0.2136,96.5256,-0.0074,0.75,0.0,1500.0,0.0,6.3
377.0,2026-05-05T22:53:17.373239+00:00,71.992,-0.0268,96.3809,-0.0442,0.75,0.0,1500.0,0.0,6.3
377.5,2026-05-05T22:53:17.879798+00:00,71.9013,-0.1478,96.5473,-0.0263,0.75,0.0,1500.0,0.0,6.3
378.0,2026-05-05T22:53:18.373656+00:00,71.9588,-0.1773,96.652,-0.0202,0.75,0.0,1500.0,0.0,6.3
378.5,2026-05-05T22:53:18.873202+00:00,72.0031,-0.1362,96.5937,0.0539,0.75,0.0,1500.0,0.0,6.3
379.0,2026-05-05T22:53:19.373319+00:00,71.9098,-0.0411,96.6877,0.0414,0.75,0.0,1500.0,0.0,6.3
379.5,2026-05-05T22:53:19.873302+00:00,72.0926,0.0957,96.6443,0.0396,0.75,0.0,1500.0,0.0,6.3
380.0,2026-05-05T22:53:20.378800+00:00,72.1059,0.0735,96.6109,0.0767,0.75,0.0,1500.0,0.0,6.3
380.5,2026-05-05T22:53:20.873319+00:00,72.2434,0.1202,96.5852,0.0127,0.75,0.0,1500.0,0.0,6.3512
381.0,2026-05-05T22:53:21.373435+00:00,72.2218,0.156,96.6812,0.0097,0.75,0.0,1500.0,0.0,6.3762
381.5,2026-05-05T22:53:21.873190+00:00,72.2052,0.0563,96.5236,-0.0234,0.75,0.0,1500.0,0.0,6.3884
382.0,2026-05-05T22:53:22.373364+00:00,72.1924,0.0432,96.6338,-0.018,0.75,0.0,1500.0,0.0,6.3943
382.5,2026-05-05T22:53:22.879561+00:00,72.1826,-0.0304,96.6029,-0.0138,0.75,0.0,1500.0,0.0,6.3972
383.0,2026-05-05T22:53:23.373201+00:00,72.175,-0.0234,96.5791,-0.0106,0.75,0.0,1500.0,0.0,6.3986
383.5,2026-05-05T22:53:23.873213+00:00,72.042,-0.0816,96.4451,-0.0467,0.75,0.0,1500.0,0.0,6.3993
384.0,2026-05-05T22:53:24.373427+00:00,72.1942,0.0009,96.4346,-0.0822,0.75,0.0,1500.0,0.0,6.3997
384.5,2026-05-05T22:53:24.873196+00:00,72.184,0.0007,96.5655,0.014,0.75,0.0,1500.0,0.0,6.3998
385.0,2026-05-05T22:53:25.378291+00:00,72.3034,0.0642,96.7817,0.0493,0.75,0.0,1500.0,0.0,6.3999
385.5,2026-05-05T22:53:25.873324+00:00,72.2679,0.113,96.9479,0.115,0.75,0.0,1500.0,0.0,6.4
386.0,2026-05-05T22:53:26.373235+00:00,72.3679,0.0868,96.96,0.127,0.75,0.0,1500.0,0.0,6.4
386.5,2026-05-05T22:53:26.873218+00:00,72.3175,0.0667,97.2006,0.2519,0.75,0.0,1500.0,0.0,6.4
387.001127,2026-05-05T22:53:27.374508+00:00,72.2787,-0.0123,97.2699,0.2784,0.75,0.0,1500.0,0.0,6.4
387.5,2026-05-05T22:53:27.878978+00:00,72.2489,-0.0095,97.2075,0.214,0.75,0.0,1500.0,0.0,6.4
388.0,2026-05-05T22:53:28.373368+00:00,72.3533,-0.0073,97.3908,0.203,0.75,0.0,1500.0,0.0,6.4
388.5,2026-05-05T22:53:28.873218+00:00,72.3063,-0.0056,97.2078,0.0866,0.75,0.0,1500.0,0.0,6.3488
389.0,2026-05-05T22:53:29.373466+00:00,72.2701,-0.0043,97.3912,0.1437,0.75,0.0,1500.0,0.0,6.3238
389.5,2026-05-05T22:53:29.873327+00:00,72.115,-0.0669,97.4163,0.0719,0.75,0.0,1500.0,0.0,6.3116
390.0,2026-05-05T22:53:30.377815+00:00,72.1231,-0.1151,97.32,0.0167,0.75,0.0,1500.0,0.0,6.3057
390.5,2026-05-05T22:53:30.873546+00:00,72.0021,-0.1521,97.2459,0.0128,0.75,0.0,1500.0,0.0,6.354
391.0,2026-05-05T22:53:31.373290+00:00,72.0363,-0.1169,97.2816,-0.0364,0.75,0.0,1500.0,0.0,6.3775
391.5,2026-05-05T22:53:31.873207+00:00,72.1899,0.0374,97.0776,-0.0434,0.75,0.0,1500.0,0.0,6.389
392.0,2026-05-05T22:53:32.373189+00:00,72.0534,-0.0349,97.1753,-0.0719,0.75,0.0,1500.0,0.0,6.3947
392.500888,2026-05-05T22:53:32.880260+00:00,71.9485,-0.0268,97.1348,-0.0939,0.75,0.0,1500.0,0.0,6.3974
393.0,2026-05-05T22:53:33.373233+00:00,71.9951,-0.0206,96.9879,-0.1107,0.75,0.0,1500.0,0.0,6.3475
393.5,2026-05-05T22:53:33.873198+00:00,71.9037,-0.1431,96.875,-0.1237,0.75,0.0,1500.0,0.0,6.3232
394.000902,2026-05-05T22:53:34.374119+00:00,72.0879,0.0173,96.9039,-0.1259,0.75,0.0,1500.0,0.0,6.3113
394.5,2026-05-05T22:53:34.873281+00:00,72.1023,0.0769,96.6947,-0.1276,0.75,0.0,1500.0,0.0,6.3055
395.0,2026-05-05T22:53:35.383017+00:00,71.9861,-0.0045,96.534,-0.2138,0.75,0.0,1500.0,0.0,6.3027
395.5,2026-05-05T22:53:35.873250+00:00,72.024,0.0602,96.6418,-0.1643,0.75,0.0,1500.0,0.0,6.3013
396.0,2026-05-05T22:53:36.373293+00:00,72.1804,0.0462,96.3776,-0.2034,0.75,0.0,1500.0,0.0,6.3006
396.5,2026-05-05T22:53:36.873181+00:00,72.1734,0.0355,96.5216,-0.1178,0.75,0.0,1500.0,0.0,6.3003
397.0,2026-05-05T22:53:37.373233+00:00,72.0407,0.0273,96.6323,-0.0905,0.75,0.0,1500.0,0.0,6.3002
397.5,2026-05-05T22:53:37.877981+00:00,72.1933,0.0846,96.6943,-0.0002,0.75,0.0,1500.0,0.0,6.3001
398.0,2026-05-05T22:53:38.373225+00:00,72.3105,0.065,96.765,0.077,0.75,0.0,1500.0,0.0,6.3
398.5,2026-05-05T22:53:38.873231+00:00,72.4006,0.1136,96.6805,0.0129,0.75,0.0,1500.0,0.0,6.3
399.0,2026-05-05T22:53:39.373228+00:00,72.3426,0.151,96.7313,0.1179,0.75,0.0,1500.0,0.0,6.3
399.5,2026-05-05T22:53:39.873608+00:00,72.4253,0.116,96.6547,0.0443,0.75,0.0,1500.0,0.0,6.3
400.0,2026-05-05T22:53:40.380650+00:00,72.4889,0.0892,96.6189,-0.0045,0.75,0.0,1500.0,0.0,6.3
400.5,2026-05-05T22:53:40.873187+00:00,72.4105,0.0049,96.7071,0.0043,0.75,0.0,1500.0,0.0,6.3
401.0,2026-05-05T22:53:41.373348+00:00,72.2229,-0.0599,96.7748,0.0033,0.75,0.0,1500.0,0.0,6.3
401.5,2026-05-05T22:53:41.873203+00:00,72.3333,-0.046,96.7112,0.0102,0.75,0.0,1500.0,0.0,6.3
402.0,2026-05-05T22:53:42.373191+00:00,72.1636,-0.1626,96.6392,-0.0307,0.75,0.0,1500.0,0.0,6.3
402.5,2026-05-05T22:53:42.882522+00:00,72.1605,-0.125,96.7227,0.0227,0.75,0.0,1500.0,0.0,6.3
403.0,2026-05-05T22:53:43.373224+00:00,72.2853,0.0312,96.5555,-0.0211,0.75,0.0,1500.0,0.0,6.3
403.5,2026-05-05T22:53:43.873257+00:00,72.3813,0.024,96.6352,-0.024,0.75,0.0,1500.0,0.0,6.3
404.0,2026-05-05T22:53:44.373248+00:00,72.455,0.1457,96.5808,-0.0647,0.75,0.0,1500.0,0.0,6.3
404.5,2026-05-05T22:53:44.873201+00:00,72.639,0.2393,96.5389,-0.0574,0.75,0.0,1500.0,0.0,6.3
405.0,2026-05-05T22:53:45.379004+00:00,72.6531,0.1839,96.5299,-0.0364,0.75,0.0,1500.0,0.0,6.3
405.5,2026-05-05T22:53:45.873249+00:00,72.664,0.1413,96.6387,-0.028,0.75,0.0,1500.0,0.0,6.3
406.000041,2026-05-05T22:53:46.373244+00:00,72.4178,-0.0186,96.6066,0.017,0.75,0.0,1500.0,0.0,6.3
406.5,2026-05-05T22:53:46.873202+00:00,72.2285,-0.2052,96.5588,-0.0255,0.75,0.0,1500.0,0.0,6.3
407.0,2026-05-05T22:53:47.373248+00:00,72.2104,-0.2214,96.6609,0.0267,0.75,0.0,1500.0,0.0,6.3
407.5,2026-05-05T22:53:47.879415+00:00,72.1964,-0.2338,96.6468,0.036,0.75,0.0,1500.0,0.0,6.3
408.0,2026-05-05T22:53:48.373267+00:00,72.3129,-0.0524,96.6128,0.0276,0.75,0.0,1500.0,0.0,6.3
408.5,2026-05-05T22:53:48.873566+00:00,72.4025,0.087,96.7024,0.0212,0.75,0.0,1500.0,0.0,6.3
409.0,2026-05-05T22:53:49.373208+00:00,72.3441,0.0669,96.6324,0.0086,0.75,0.0,1500.0,0.0,6.3
409.5,2026-05-05T22:53:49.873312+00:00,72.4264,0.115,96.7175,0.0529,0.75,0.0,1500.0,0.0,6.3
410.0,2026-05-05T22:53:50.379132+00:00,72.3625,0.0248,96.8986,0.0792,0.75,0.0,1500.0,0.0,6.3
410.5,2026-05-05T22:53:50.873616+00:00,72.3133,-0.0446,96.6675,0.0069,0.75,0.0,1500.0,0.0,6.3512
411.0,2026-05-05T22:53:51.373205+00:00,72.4028,0.0294,96.9758,0.121,0.75,0.0,1500.0,0.0,6.3762
411.5,2026-05-05T22:53:51.874098+00:00,72.3443,-0.0411,97.0046,0.1007,0.75,0.0,1500.0,0.0,6.3884
412.0,2026-05-05T22:53:52.373373+00:00,72.4266,0.0321,97.2349,0.2008,0.75,0.0,1500.0,0.0,6.3943
412.5,2026-05-05T22:53:52.878062+00:00,72.6171,0.1519,97.2963,0.1929,0.75,0.0,1500.0,0.0,6.3972
413.0,2026-05-05T22:53:53.373217+00:00,72.2545,-0.0741,97.2277,0.1097,0.75,0.0,1500.0,0.0,6.3474
413.5,2026-05-05T22:53:53.873209+00:00,72.2303,-0.057,97.2907,0.2077,0.75,0.0,1500.0,0.0,6.3232
414.0,2026-05-05T22:53:54.373211+00:00,72.339,-0.0438,97.2234,0.0825,0.75,0.0,1500.0,0.0,6.3113
414.5,2026-05-05T22:53:54.873740+00:00,72.4225,-0.0973,97.056,0.0172,0.75,0.0,1500.0,0.0,6.3055
415.0,2026-05-05T22:53:55.377830+00:00,72.4867,0.1161,97.0431,-0.0639,0.75,0.0,1500.0,0.0,6.3027
415.5,2026-05-05T22:53:55.873466+00:00,72.5361,0.1529,97.0331,-0.0877,0.75,0.0,1500.0,0.0,6.3013
416.0,2026-05-05T22:53:56.373756+00:00,72.574,0.1175,96.9329,-0.0983,0.75,0.0,1500.0,0.0,6.3006
416.5,2026-05-05T22:53:56.873227+00:00,72.4759,0.0267,96.9484,-0.1141,0.75,0.0,1500.0,0.0,6.3003
417.0,2026-05-05T22:53:57.373415+00:00,72.2732,-0.1068,97.0761,-0.0491,0.75,0.0,1500.0,0.0,6.3002
417.5,2026-05-05T22:53:57.878998+00:00,72.2447,-0.1457,96.9428,-0.0378,0.75,0.0,1500.0,0.0,6.3001
418.0,2026-05-05T22:53:58.373245+00:00,72.3501,-0.112,97.0717,0.0095,0.75,0.0,1500.0,0.0,6.3
418.5,2026-05-05T22:53:58.873749+00:00,72.3038,-0.0861,97.1708,0.0459,0.75,0.0,1500.0,0.0,6.3
419.0,2026-05-05T22:53:59.373208+00:00,72.2682,-0.0025,97.1544,0.0738,0.75,0.0,1500.0,0.0,6.3
419.5,2026-05-05T22:53:59.873256+00:00,72.3681,0.0617,97.1187,0.0568,0.75,0.0,1500.0,0.0,6.3
420.0,2026-05-05T22:54:00.380245+00:00,72.3176,-0.0162,96.9755,-0.0335,0.75,0.0,1500.0,0.0,6.3
420.5,2026-05-05T22:54:00.873513+00:00,72.4061,0.0512,96.9812,0.0128,0.75,0.0,1500.0,0.0,6.3
421.0,2026-05-05T22:54:01.373310+00:00,72.2196,-0.0243,97.2169,0.0484,0.75,0.0,1500.0,0.0,6.3
421.5,2026-05-05T22:54:01.873207+00:00,72.2035,-0.0823,96.9353,-0.0785,0.75,0.0,1500.0,0.0,6.3
422.0,2026-05-05T22:54:02.373182+00:00,72.1911,-0.0633,97.1586,0.0014,0.75,0.0,1500.0,0.0,6.3
422.5,2026-05-05T22:54:02.878528+00:00,72.1816,-0.1123,97.2376,0.0396,0.75,0.0,1500.0,0.0,6.3
423.0,2026-05-05T22:54:03.373205+00:00,72.3016,0.041,97.1826,0.069,0.75,0.0,1500.0,0.0,6.3
423.5,2026-05-05T22:54:03.873511+00:00,72.2665,0.0315,97.1403,0.0531,0.75,0.0,1500.0,0.0,6.3
424.0,2026-05-05T22:54:04.374958+00:00,72.3668,0.0878,96.969,-0.0826,0.75,0.0,1500.0,0.0,6.3
424.5,2026-05-05T22:54:04.873217+00:00,72.4439,0.1312,97.0919,0.0522,0.75,0.0,1500.0,0.0,6.3
425.0,2026-05-05T22:54:05.378215+00:00,72.5032,0.1008,97.1863,0.0093,0.75,0.0,1500.0,0.0,6.2488
425.500887,2026-05-05T22:54:05.874151+00:00,72.2942,0.0138,97.2589,0.0071,0.75,0.0,1500.0,0.0,6.275
426.0,2026-05-05T22:54:06.373235+00:00,72.3881,0.0106,97.3147,0.044,0.75,0.0,1500.0,0.0,6.2878
426.5,2026-05-05T22:54:06.873570+00:00,72.4603,0.0082,97.2419,0.0338,0.75,0.0,1500.0,0.0,6.294
427.0,2026-05-05T22:54:07.373200+00:00,72.5157,0.0063,97.0471,0.026,0.75,0.0,1500.0,0.0,6.2971
427.5,2026-05-05T22:54:07.878519+00:00,72.5584,0.1321,97.1519,0.02,0.75,0.0,1500.0,0.0,6.2986
428.0,2026-05-05T22:54:08.373297+00:00,72.5911,0.1015,97.1167,-0.0232,0.75,0.0,1500.0,0.0,6.2993
428.5,2026-05-05T22:54:08.873256+00:00,72.3618,-0.0492,96.974,-0.095,0.75,0.0,1500.0,0.0,6.2997
429.0,2026-05-05T22:54:09.373262+00:00,72.3128,-0.1015,96.9569,-0.1193,0.75,0.0,1500.0,0.0,6.2998
429.5,2026-05-05T22:54:09.873453+00:00,72.4024,-0.078,96.9669,-0.0917,0.75,0.0,1500.0,0.0,6.2999
430.000743,2026-05-05T22:54:10.380161+00:00,72.344,-0.1236,96.7431,-0.1013,0.75,0.0,1500.0,0.0,6.2488
430.5,2026-05-05T22:54:10.873423+00:00,72.4264,0.0323,96.548,-0.2013,0.75,0.0,1500.0,0.0,6.275
431.0,2026-05-05T22:54:11.373687+00:00,72.4897,0.0884,96.6526,-0.1547,0.75,0.0,1500.0,0.0,6.2878
431.500843,2026-05-05T22:54:11.874128+00:00,72.5384,0.068,96.733,-0.0803,0.75,0.0,1500.0,0.0,6.294
432.0,2026-05-05T22:54:12.373201+00:00,72.4485,0.0523,96.9105,-0.0155,0.75,0.0,1500.0,0.0,6.2971
432.5,2026-05-05T22:54:12.881266+00:00,72.3794,-0.0235,97.0469,0.0267,0.75,0.0,1500.0,0.0,6.2986
433.0,2026-05-05T22:54:13.373215+00:00,72.5809,0.0456,97.1517,0.1362,0.75,0.0,1500.0,0.0,6.2993
433.5,2026-05-05T22:54:13.873400+00:00,72.6084,0.035,97.2323,0.2281,0.75,0.0,1500.0,0.0,6.2997
434.0,2026-05-05T22:54:14.374919+00:00,72.5024,0.0269,97.0397,0.129,0.75,0.0,1500.0,0.0,6.2998
434.5,2026-05-05T22:54:14.873198+00:00,72.4208,0.0207,97.1462,0.1377,0.75,0.0,1500.0,0.0,6.2999
435.0,2026-05-05T22:54:15.378596+00:00,72.3582,-0.1114,97.1124,0.0673,0.75,0.0,1500.0,0.0,6.3
435.5,2026-05-05T22:54:15.873248+00:00,72.4373,-0.0856,96.9707,-0.0254,0.75,0.0,1500.0,0.0,6.3512
436.0,2026-05-05T22:54:16.373274+00:00,72.4981,-0.0021,97.0932,-0.0195,0.75,0.0,1500.0,0.0,6.325
436.5,2026-05-05T22:54:16.873483+00:00,72.5448,0.062,97.0716,-0.0536,0.75,0.0,1500.0,0.0,6.3122
437.0,2026-05-05T22:54:17.373302+00:00,72.5807,0.1113,96.7079,-0.1106,0.75,0.0,1500.0,0.0,6.3059
437.5,2026-05-05T22:54:17.878948+00:00,72.481,0.0219,96.7755,-0.1236,0.75,0.0,1500.0,0.0,6.3029
438.0,2026-05-05T22:54:18.373266+00:00,72.5317,0.0168,96.7118,-0.1335,0.75,0.0,1500.0,0.0,6.3014
438.5,2026-05-05T22:54:18.873274+00:00,72.5706,0.0129,96.5471,-0.1412,0.75,0.0,1500.0,0.0,6.3007
439.0,2026-05-05T22:54:19.373199+00:00,72.4733,-0.0537,96.4205,-0.2242,0.75,0.0,1500.0,0.0,6.3003
439.5,2026-05-05T22:54:19.873209+00:00,72.5258,0.0224,96.4157,-0.2186,0.75,0.0,1500.0,0.0,6.3002
440.000763,2026-05-05T22:54:20.382106+00:00,72.5661,0.0172,96.4121,-0.0986,0.75,0.0,1500.0,0.0,6.3001
440.5,2026-05-05T22:54:20.873254+00:00,72.5971,0.0132,96.4093,-0.1221,0.75,0.0,1500.0,0.0,6.3
441.0,2026-05-05T22:54:21.373181+00:00,72.6209,0.0738,96.6617,-0.0167,0.75,0.0,1500.0,0.0,6.3
441.5,2026-05-05T22:54:21.873222+00:00,72.6392,0.0567,96.6243,0.0257,0.75,0.0,1500.0,0.0,6.3
442.0,2026-05-05T22:54:22.373201+00:00,72.6533,0.0436,96.8038,0.1278,0.75,0.0,1500.0,0.0,6.3
442.5,2026-05-05T22:54:22.879075+00:00,72.4095,-0.0938,96.8492,0.1445,0.75,0.0,1500.0,0.0,6.3
443.0,2026-05-05T22:54:23.373222+00:00,72.3495,-0.1357,96.5138,0.0339,0.75,0.0,1500.0,0.0,6.3
443.5,2026-05-05T22:54:23.873185+00:00,72.1761,-0.2316,96.4875,0.0261,0.75,0.0,1500.0,0.0,6.3
444.0,2026-05-05T22:54:24.373409+00:00,72.17,-0.2416,96.6061,-0.0185,0.75,0.0,1500.0,0.0,6.3
444.5,2026-05-05T22:54:24.873223+00:00,72.1654,-0.1221,96.5815,-0.0142,0.75,0.0,1500.0,0.0,6.3
445.0,2026-05-05T22:54:25.377726+00:00,72.1618,-0.0938,96.7941,-0.0032,0.75,0.0,1500.0,0.0,6.3
445.5,2026-05-05T22:54:25.873406+00:00,72.2864,0.0552,96.726,-0.0411,0.75,0.0,1500.0,0.0,6.3
446.001125,2026-05-05T22:54:26.374408+00:00,72.3821,0.106,96.4423,-0.0238,0.75,0.0,1500.0,0.0,6.3
446.5,2026-05-05T22:54:26.873283+00:00,72.4556,0.1451,96.4557,-0.0106,0.75,0.0,1500.0,0.0,6.3
447.0,2026-05-05T22:54:27.373188+00:00,72.6395,0.2388,96.5816,-0.0082,0.75,0.0,1500.0,0.0,6.3
447.501185,2026-05-05T22:54:27.880617+00:00,72.6535,0.1836,96.447,-0.0448,0.75,0.0,1500.0,0.0,6.3
448.0,2026-05-05T22:54:28.373311+00:00,72.537,0.0774,96.575,-0.073,0.75,0.0,1500.0,0.0,6.3
448.5,2026-05-05T22:54:28.873277+00:00,72.4474,-0.0041,96.6733,-0.0176,0.75,0.0,1500.0,0.0,6.3
449.0,2026-05-05T22:54:29.373253+00:00,72.5059,-0.0668,96.7489,0.1022,0.75,0.0,1500.0,0.0,6.3
449.5,2026-05-05T22:54:29.873286+00:00,72.5508,-0.0513,96.5756,0.04,0.75,0.0,1500.0,0.0,6.3
450.0,2026-05-05T22:54:30.383602+00:00,72.5853,0.0242,96.7895,0.0693,0.75,0.0,1500.0,0.0,6.2488
450.501664,2026-05-05T22:54:30.874985+00:00,72.3573,-0.0451,96.6068,0.0533,0.75,0.0,1500.0,0.0,6.275
451.0,2026-05-05T22:54:31.373192+00:00,72.3093,-0.0983,96.4664,-0.0362,0.75,0.0,1500.0,0.0,6.2878
451.5,2026-05-05T22:54:31.873215+00:00,72.527,-0.0119,96.7056,0.0107,0.75,0.0,1500.0,0.0,6.294
452.0,2026-05-05T22:54:32.373258+00:00,72.567,-0.0091,96.5192,-0.0766,0.75,0.0,1500.0,0.0,6.2971
452.5,2026-05-05T22:54:32.878568+00:00,72.7251,0.1839,96.723,0.0491,0.75,0.0,1500.0,0.0,6.2986
453.0,2026-05-05T22:54:33.373214+00:00,72.592,0.1413,96.5326,-0.0857,0.75,0.0,1500.0,0.0,6.2993
453.5,2026-05-05T22:54:33.873331+00:00,72.4897,-0.0186,96.2936,-0.1044,0.75,0.0,1500.0,0.0,6.2997
454.0,2026-05-05T22:54:34.373382+00:00,72.5384,-0.0143,96.3182,-0.0494,0.75,0.0,1500.0,0.0,6.2998
454.5,2026-05-05T22:54:34.873230+00:00,72.5758,-0.0746,96.0132,-0.2308,0.75,0.0,1500.0,0.0,6.2999
455.0,2026-05-05T22:54:35.379547+00:00,72.7318,0.0699,95.8944,-0.2082,0.75,0.0,1500.0,0.0,6.3
455.5,2026-05-05T22:54:35.873220+00:00,72.5972,0.0537,96.0577,-0.2218,0.75,0.0,1500.0,0.0,6.3
456.0,2026-05-05T22:54:36.373248+00:00,72.621,0.0413,96.1601,-0.1242,0.75,0.0,1500.0,0.0,6.3
456.5,2026-05-05T22:54:36.873319+00:00,72.6393,0.0317,96.447,0.0511,0.75,0.0,1500.0,0.0,6.3
457.0,2026-05-05T22:54:37.373309+00:00,72.3988,-0.1665,96.5749,0.0856,0.75,0.0,1500.0,0.0,6.3
457.5,2026-05-05T22:54:37.882183+00:00,72.5957,-0.0007,96.6733,0.22,0.75,0.0,1500.0,0.0,6.3
458.0,2026-05-05T22:54:38.373520+00:00,72.4926,-0.0642,96.6101,0.2385,0.75,0.0,1500.0,0.0,6.3
458.5,2026-05-05T22:54:38.873212+00:00,72.5406,-0.0493,96.6077,0.1833,0.75,0.0,1500.0,0.0,6.3
459.0,2026-05-05T22:54:39.373322+00:00,72.5775,0.0894,96.5828,0.1409,0.75,0.0,1500.0,0.0,6.2488
459.5,2026-05-05T22:54:39.873357+00:00,72.4786,-0.0586,96.795,0.116,0.75,0.0,1500.0,0.0,6.2238
460.0,2026-05-05T22:54:40.377572+00:00,72.4025,-0.045,96.7036,0.0429,0.75,0.0,1500.0,0.0,6.2116
460.5,2026-05-05T22:54:40.873338+00:00,72.4714,-0.0346,96.8879,0.0715,0.75,0.0,1500.0,0.0,6.2569
461.0,2026-05-05T22:54:41.373260+00:00,72.397,-0.0902,96.9138,0.1013,0.75,0.0,1500.0,0.0,6.279
461.5,2026-05-05T22:54:41.873200+00:00,72.3398,-0.0694,96.9338,0.1087,0.75,0.0,1500.0,0.0,6.2897
462.0,2026-05-05T22:54:42.373335+00:00,72.2959,-0.0533,97.0648,0.1607,0.75,0.0,1500.0,0.0,6.295
462.5,2026-05-05T22:54:42.880112+00:00,72.1349,-0.1682,97.0498,0.0849,0.75,0.0,1500.0,0.0,6.2976
463.0,2026-05-05T22:54:43.373270+00:00,72.3929,-0.002,97.154,0.1501,0.75,0.0,1500.0,0.0,6.2988
463.5,2026-05-05T22:54:43.873569+00:00,72.3367,-0.0016,97.2341,0.1154,0.75,0.0,1500.0,0.0,6.2994
464.0,2026-05-05T22:54:44.373192+00:00,72.4208,0.0624,97.0411,0.0424,0.75,0.0,1500.0,0.0,6.2997
464.5,2026-05-05T22:54:44.873350+00:00,72.3581,0.1116,97.0316,0.0326,0.75,0.0,1500.0,0.0,6.2999
465.0,2026-05-05T22:54:45.381347+00:00,72.4372,0.0222,97.0243,-0.0135,0.75,0.0,1500.0,0.0,6.2999
465.5,2026-05-05T22:54:45.873222+00:00,72.3708,0.017,96.6484,-0.1338,0.75,0.0,1500.0,0.0,6.3
466.0,2026-05-05T22:54:46.373191+00:00,72.4469,0.0131,96.8223,-0.1106,0.75,0.0,1500.0,0.0,6.3
466.5,2026-05-05T22:54:46.873575+00:00,72.3782,0.0101,96.8634,-0.1235,0.75,0.0,1500.0,0.0,6.3
467.0,2026-05-05T22:54:47.373187+00:00,72.58,0.0714,96.7793,-0.0872,0.75,0.0,1500.0,0.0,6.3
467.5,2026-05-05T22:54:47.878317+00:00,72.6077,0.1185,96.8304,-0.0671,0.75,0.0,1500.0,0.0,6.3
468.0,2026-05-05T22:54:48.373656+00:00,72.6291,0.0911,96.8696,-0.0515,0.75,0.0,1500.0,0.0,6.3
468.5,2026-05-05T22:54:48.873207+00:00,72.7728,0.1973,96.6684,0.0067,0.75,0.0,1500.0,0.0,6.3
469.0,2026-05-05T22:54:49.373190+00:00,72.6287,0.0243,96.8377,0.0051,0.75,0.0,1500.0,0.0,6.3
469.5,2026-05-05T22:54:49.873223+00:00,72.6452,0.0187,96.8753,0.0039,0.75,0.0,1500.0,0.0,6.3
470.0,2026-05-05T22:54:50.480576+00:00,72.6579,0.0144,96.8116,0.0107,0.75,0.0,1500.0,0.0,6.3
470.5,2026-05-05T22:54:50.873240+00:00,72.4131,-0.1798,96.6238,-0.0689,0.75,0.0,1500.0,0.0,6.3512
471.0,2026-05-05T22:54:51.373257+00:00,72.3522,-0.1382,96.7108,-0.0529,0.75,0.0,1500.0,0.0,6.3762
471.5,2026-05-05T22:54:51.873192+00:00,72.3054,-0.1699,96.7777,0.0364,0.75,0.0,1500.0,0.0,6.3884
472.0,2026-05-05T22:54:52.373309+00:00,72.6513,-0.0033,96.8292,-0.0028,0.75,0.0,1500.0,0.0,6.3943
472.5,2026-05-05T22:54:52.882899+00:00,72.6625,0.1247,97.1001,0.0749,0.75,0.0,1500.0,0.0,6.3972
473.0,2026-05-05T22:54:53.373199+00:00,72.7985,0.2231,96.9612,0.0499,0.75,0.0,1500.0,0.0,6.3474
473.5,2026-05-05T22:54:53.873211+00:00,72.903,0.2988,96.8545,0.0769,0.75,0.0,1500.0,0.0,6.3232
474.0,2026-05-05T22:54:54.373194+00:00,72.9833,0.166,96.8882,0.0591,0.75,0.0,1500.0,0.0,6.3113
474.5,2026-05-05T22:54:54.873245+00:00,72.7904,0.064,96.6827,-0.0317,0.75,0.0,1500.0,0.0,6.3055
475.0,2026-05-05T22:54:55.377371+00:00,72.8968,0.0492,96.6404,-0.0629,0.75,0.0,1500.0,0.0,6.3027
475.5,2026-05-05T22:54:55.873209+00:00,72.8513,-0.0259,96.7236,-0.1255,0.75,0.0,1500.0,0.0,6.3525
476.0,2026-05-05T22:54:56.373257+00:00,72.8163,-0.0835,96.7876,-0.0579,0.75,0.0,1500.0,0.0,6.3768
476.5,2026-05-05T22:54:56.873205+00:00,72.9166,0.0631,96.8367,-0.0059,0.75,0.0,1500.0,0.0,6.3887
477.000728,2026-05-05T22:54:57.373987+00:00,72.8665,-0.0151,97.1059,0.0726,0.75,0.0,1500.0,0.0,6.3945
477.5,2026-05-05T22:54:57.880287+00:00,72.828,-0.0116,97.0814,0.1329,0.75,0.0,1500.0,0.0,6.3973
478.0,2026-05-05T22:54:58.373217+00:00,72.9256,0.0547,97.294,0.2179,0.75,0.0,1500.0,0.0,6.3475
478.500054,2026-05-05T22:54:58.873267+00:00,73.0007,0.042,97.1102,0.1289,0.75,0.0,1500.0,0.0,6.3232
479.0,2026-05-05T22:54:59.373192+00:00,73.0584,0.0959,97.2004,0.1376,0.75,0.0,1500.0,0.0,6.3113
479.5,2026-05-05T22:54:59.873249+00:00,73.1027,0.1374,97.0383,0.0672,0.75,0.0,1500.0,0.0,6.3055
480.000472,2026-05-05T22:55:00.382497+00:00,73.0095,0.042,96.9138,-0.064,0.75,0.0,1500.0,0.0,6.3027
480.5,2026-05-05T22:55:00.873196+00:00,72.9379,-0.0314,96.9337,-0.0492,0.75,0.0,1500.0,0.0,6.3013
481.0,2026-05-05T22:55:01.373449+00:00,72.8829,-0.0878,97.0648,-0.0764,0.75,0.0,1500.0,0.0,6.3006
481.5,2026-05-05T22:55:01.873228+00:00,72.586,-0.2584,97.0498,-0.0202,0.75,0.0,1500.0,0.0,6.3003
482.0,2026-05-05T22:55:02.373531+00:00,72.6124,-0.1986,97.2697,0.0231,0.75,0.0,1500.0,0.0,6.3002
482.500733,2026-05-05T22:55:02.881013+00:00,72.7599,-0.089,97.323,0.0949,0.75,0.0,1500.0,0.0,6.3001
483.0,2026-05-05T22:55:03.373204+00:00,72.8733,-0.0048,97.2482,0.1115,0.75,0.0,1500.0,0.0,6.3
483.5,2026-05-05T22:55:03.873204+00:00,72.8332,0.1236,97.1908,0.0857,0.75,0.0,1500.0,0.0,6.3
484.0,2026-05-05T22:55:04.373218+00:00,72.6751,0.0314,97.1466,0.0273,0.75,0.0,1500.0,0.0,6.3
484.5,2026-05-05T22:55:04.873222+00:00,72.5536,-0.1032,97.1127,0.021,0.75,0.0,1500.0,0.0,6.3
485.0,2026-05-05T22:55:05.380532+00:00,72.7148,-0.0793,97.0866,-0.061,0.75,0.0,1500.0,0.0,6.3
485.5,2026-05-05T22:55:05.873231+00:00,72.7113,-0.0609,97.0666,-0.0855,0.75,0.0,1500.0,0.0,6.3
486.0,2026-05-05T22:55:06.373316+00:00,72.4542,-0.1105,97.0512,-0.0657,0.75,0.0,1500.0,0.0,6.3
486.5,2026-05-05T22:55:06.873869+00:00,72.5111,-0.0213,97.2707,0.0266,0.75,0.0,1500.0,0.0,6.3
487.0,2026-05-05T22:55:07.373212+00:00,72.5548,-0.08,97.2081,0.0205,0.75,0.0,1500.0,0.0,6.3
487.5,2026-05-05T22:55:07.883015+00:00,72.3338,-0.1887,97.3913,0.0929,0.75,0.0,1500.0,0.0,6.3
488.001984,2026-05-05T22:55:08.375211+00:00,72.4186,-0.0178,97.2082,0.0405,0.75,0.0,1500.0,0.0,6.3
488.5,2026-05-05T22:55:08.873356+00:00,72.611,0.05,97.1369,0.0234,0.75,0.0,1500.0,0.0,6.3
489.0,2026-05-05T22:55:09.373337+00:00,72.6316,0.0384,97.2209,0.0566,0.75,0.0,1500.0,0.0,6.3
489.5,2026-05-05T22:55:09.873207+00:00,72.5201,0.0931,97.1698,-0.0336,0.75,0.0,1500.0,0.0,6.3
490.0,2026-05-05T22:55:10.378727+00:00,72.5618,0.0716,97.2462,0.0127,0.75,0.0,1500.0,0.0,6.3
490.5,2026-05-05T22:55:10.873679+00:00,72.5937,-0.0086,97.3049,-0.0288,0.75,0.0,1500.0,0.0,6.3
491.000344,2026-05-05T22:55:11.374115+00:00,72.6183,-0.0066,97.1187,-0.0298,0.75,0.0,1500.0,0.0,6.3
491.5,2026-05-05T22:55:11.873206+00:00,72.6372,0.0585,97.3226,0.0619,0.75,0.0,1500.0,0.0,6.3
492.0,2026-05-05T22:55:12.373562+00:00,72.779,0.1086,97.248,0.009,0.75,0.0,1500.0,0.0,6.3
492.5,2026-05-05T22:55:12.881834+00:00,72.7607,0.0835,96.9592,-0.0702,0.75,0.0,1500.0,0.0,6.3
493.0,2026-05-05T22:55:13.373289+00:00,72.6194,0.0005,96.8529,-0.1311,0.75,0.0,1500.0,0.0,6.3
493.5,2026-05-05T22:55:13.873628+00:00,72.7653,0.0641,96.6556,-0.2165,0.75,0.0,1500.0,0.0,6.3
494.0,2026-05-05T22:55:14.373697+00:00,72.8775,0.0492,96.6196,-0.1664,0.75,0.0,1500.0,0.0,6.3
494.5,2026-05-05T22:55:14.873201+00:00,72.8364,0.0378,96.8233,-0.1664,0.75,0.0,1500.0,0.0,6.3
495.0,2026-05-05T22:55:15.383566+00:00,72.8048,0.0927,96.9799,-0.0894,0.75,0.0,1500.0,0.0,6.3
495.5,2026-05-05T22:55:15.873194+00:00,72.526,-0.1196,96.8688,-0.0301,0.75,0.0,1500.0,0.0,6.3
496.0,2026-05-05T22:55:16.373252+00:00,72.6936,-0.092,97.0149,0.054,0.75,0.0,1500.0,0.0,6.3
496.501144,2026-05-05T22:55:16.874494+00:00,72.5678,-0.1343,97.0114,0.1186,0.75,0.0,1500.0,0.0,6.3
497.0,2026-05-05T22:55:17.373481+00:00,72.7257,-0.0396,96.87,0.0835,0.75,0.0,1500.0,0.0,6.3
497.5,2026-05-05T22:55:17.880189+00:00,72.7197,0.0968,97.0157,0.0642,0.75,0.0,1500.0,0.0,6.3
498.0,2026-05-05T22:55:18.373328+00:00,72.8424,0.0744,96.8733,-0.0355,0.75,0.0,1500.0,0.0,6.3
498.5,2026-05-05T22:55:18.873217+00:00,72.8095,0.1208,96.7869,-0.0273,0.75,0.0,1500.0,0.0,6.3
499.0,2026-05-05T22:55:19.373194+00:00,72.6569,-0.0344,96.7205,-0.0981,0.75,0.0,1500.0,0.0,6.3
499.5,2026-05-05T22:55:19.873211+00:00,72.6668,-0.0264,96.4381,-0.1911,0.75,0.0,1500.0,0.0,6.3
500.0,2026-05-05T22:55:20.377893+00:00,72.8018,-0.0203,96.5681,-0.1006,0.75,0.0,1500.0,0.0,6.3
500.5,2026-05-05T22:55:20.873524+00:00,72.9055,0.048,96.7837,-0.0773,0.75,0.0,1500.0,0.0,6.3
501.001119,2026-05-05T22:55:21.374477+00:00,72.7307,0.0369,96.4635,-0.1366,0.75,0.0,1500.0,0.0,6.3
501.5,2026-05-05T22:55:21.873384+00:00,72.7236,0.0284,96.4488,-0.1127,0.75,0.0,1500.0,0.0,6.3
502.0,2026-05-05T22:55:22.373351+00:00,72.8454,0.0218,96.6689,-0.0172,0.75,0.0,1500.0,0.0,6.3
502.5,2026-05-05T22:55:22.881261+00:00,72.8118,-0.0469,96.491,0.0176,0.75,0.0,1500.0,0.0,6.3
503.0,2026-05-05T22:55:23.373215+00:00,72.7859,0.0276,96.6088,0.0136,0.75,0.0,1500.0,0.0,6.3
503.5,2026-05-05T22:55:23.873234+00:00,72.8933,0.0849,96.4679,-0.1053,0.75,0.0,1500.0,0.0,6.3
504.000966,2026-05-05T22:55:24.374180+00:00,72.7213,-0.0621,96.4522,-0.0038,0.75,0.0,1500.0,0.0,6.3
504.5,2026-05-05T22:55:24.873351+00:00,72.4618,-0.175,96.4633,0.0048,0.75,0.0,1500.0,0.0,6.3
505.0,2026-05-05T22:55:25.377902+00:00,72.6442,-0.0708,96.5875,-0.0272,0.75,0.0,1500.0,0.0,6.3
505.500406,2026-05-05T22:55:25.873629+00:00,72.6571,-0.1181,96.6829,0.064,0.75,0.0,1500.0,0.0,6.3
506.0,2026-05-05T22:55:26.373206+00:00,72.5398,-0.0908,96.872,0.0877,0.75,0.0,1500.0,0.0,6.3
506.5,2026-05-05T22:55:26.873189+00:00,72.5768,0.0575,96.6702,0.0674,0.75,0.0,1500.0,0.0,6.3
507.0,2026-05-05T22:55:27.373207+00:00,72.6053,-0.0194,96.7234,0.0904,0.75,0.0,1500.0,0.0,6.3
507.5,2026-05-05T22:55:27.879490+00:00,72.5,-0.0786,96.6717,0.0695,0.75,0.0,1500.0,0.0,6.3
508.0,2026-05-05T22:55:28.373256+00:00,72.6735,0.0669,96.7477,0.0534,0.75,0.0,1500.0,0.0,6.3
508.5,2026-05-05T22:55:28.873206+00:00,72.6797,0.0514,96.6904,0.0025,0.75,0.0,1500.0,0.0,6.2488
509.0,2026-05-05T22:55:29.373372+00:00,72.8116,0.1031,96.762,-0.0367,0.75,0.0,1500.0,0.0,6.2238
509.5,2026-05-05T22:55:29.873568+00:00,72.9131,0.2065,96.6782,0.0027,0.75,0.0,1500.0,0.0,6.2116
510.0,2026-05-05T22:55:30.379052+00:00,72.8638,0.0951,96.6139,-0.0365,0.75,0.0,1500.0,0.0,6.2057
510.5,2026-05-05T22:55:30.873229+00:00,72.9531,0.1367,96.7032,0.0105,0.75,0.0,1500.0,0.0,6.254
511.0,2026-05-05T22:55:31.373302+00:00,72.8946,0.0415,96.8876,0.0466,0.75,0.0,1500.0,0.0,6.2775
511.5,2026-05-05T22:55:31.873239+00:00,72.8495,-0.0318,96.9136,0.0744,0.75,0.0,1500.0,0.0,6.289
512.0,2026-05-05T22:55:32.373190+00:00,72.8149,-0.0244,96.8179,0.0186,0.75,0.0,1500.0,0.0,6.2947
512.5,2026-05-05T22:55:32.879662+00:00,72.7883,-0.0824,96.7443,0.022,0.75,0.0,1500.0,0.0,6.2974
513.0,2026-05-05T22:55:33.373223+00:00,72.7679,-0.0633,96.549,-0.0216,0.75,0.0,1500.0,0.0,6.2987
513.5,2026-05-05T22:55:33.873238+00:00,72.6249,-0.1123,96.3062,-0.1323,0.75,0.0,1500.0,0.0,6.2994
514.0,2026-05-05T22:55:34.373279+00:00,72.7696,-0.0227,96.3511,-0.1788,0.75,0.0,1500.0,0.0,6.2997
514.5,2026-05-05T22:55:34.873238+00:00,72.7535,-0.0174,96.2698,-0.2146,0.75,0.0,1500.0,0.0,6.2999
515.0,2026-05-05T22:55:35.380678+00:00,72.7411,-0.0134,96.0686,-0.2498,0.75,0.0,1500.0,0.0,6.2999
515.5,2026-05-05T22:55:35.873200+00:00,72.7316,0.0533,96.1684,-0.192,0.75,0.0,1500.0,0.0,6.3
516.0,2026-05-05T22:55:36.374907+00:00,72.597,-0.0863,96.0137,-0.1784,0.75,0.0,1500.0,0.0,6.3
516.5,2026-05-05T22:55:36.873237+00:00,72.7481,-0.0027,95.8948,-0.1371,0.75,0.0,1500.0,0.0,6.3
517.0,2026-05-05T22:55:37.373344+00:00,72.8642,0.0616,95.9192,-0.144,0.75,0.0,1500.0,0.0,6.3
517.5,2026-05-05T22:55:37.878106+00:00,72.8262,0.0473,96.1693,-0.0335,0.75,0.0,1500.0,0.0,6.3
518.00038,2026-05-05T22:55:38.373602+00:00,72.5425,-0.0273,95.8756,-0.0643,0.75,0.0,1500.0,0.0,6.3
518.5,2026-05-05T22:55:38.873215+00:00,72.7062,-0.021,95.7655,-0.1343,0.75,0.0,1500.0,0.0,6.3
519.0,2026-05-05T22:55:39.373244+00:00,72.7048,-0.0797,96.0512,0.0125,0.75,0.0,1500.0,0.0,6.3
519.5,2026-05-05T22:55:39.873235+00:00,72.8309,0.0023,96.155,0.0867,0.75,0.0,1500.0,0.0,6.3
520.0,2026-05-05T22:55:40.378047+00:00,72.8006,0.1291,96.3506,0.1438,0.75,0.0,1500.0,0.0,6.3
520.5,2026-05-05T22:55:40.873571+00:00,72.9046,0.0992,96.6165,0.1491,0.75,0.0,1500.0,0.0,6.3
521.0,2026-05-05T22:55:41.373199+00:00,72.9845,0.1399,96.4507,0.1917,0.75,0.0,1500.0,0.0,6.3
521.5,2026-05-05T22:55:41.873275+00:00,73.1732,0.1712,96.6935,0.3093,0.75,0.0,1500.0,0.0,6.3
522.0,2026-05-05T22:55:42.373646+00:00,72.8092,0.0043,96.8802,0.2763,0.75,0.0,1500.0,0.0,6.3
522.5,2026-05-05T22:55:42.877427+00:00,72.9112,0.0033,96.8153,0.2201,0.75,0.0,1500.0,0.0,6.3
523.0,2026-05-05T22:55:43.373616+00:00,72.9896,0.0025,96.8581,0.1692,0.75,0.0,1500.0,0.0,6.3
523.50073,2026-05-05T22:55:43.873965+00:00,73.1771,0.0019,96.8909,0.0915,0.75,0.0,1500.0,0.0,6.3
524.0,2026-05-05T22:55:44.373193+00:00,73.0667,0.1288,96.9161,0.1551,0.75,0.0,1500.0,0.0,6.2488
524.5,2026-05-05T22:55:44.873274+00:00,72.9819,0.0353,97.0513,0.1192,0.75,0.0,1500.0,0.0,6.2238
525.0,2026-05-05T22:55:45.379295+00:00,72.9166,-0.0365,96.9237,0.0145,0.75,0.0,1500.0,0.0,6.2116
525.5,2026-05-05T22:55:45.873172+00:00,73.121,-0.028,97.057,0.0806,0.75,0.0,1500.0,0.0,6.3081
526.0,2026-05-05T22:55:46.373551+00:00,72.8963,-0.0852,97.0438,0.0619,0.75,0.0,1500.0,0.0,6.3551
526.5,2026-05-05T22:55:46.873192+00:00,72.7236,-0.1291,97.0337,0.0476,0.75,0.0,1500.0,0.0,6.3781
527.0,2026-05-05T22:55:47.373278+00:00,72.8454,-0.0356,97.0259,0.0366,0.75,0.0,1500.0,0.0,6.3893
527.5,2026-05-05T22:55:47.878316+00:00,73.0663,-0.0274,96.9042,-0.049,0.75,0.0,1500.0,0.0,6.3948
528.0,2026-05-05T22:55:48.373194+00:00,72.8543,-0.021,96.695,-0.0762,0.75,0.0,1500.0,0.0,6.3463
528.5,2026-05-05T22:55:48.873327+00:00,72.8186,0.0475,96.7656,-0.0972,0.75,0.0,1500.0,0.0,6.3226
529.0,2026-05-05T22:55:49.373628+00:00,72.9184,0.0365,96.681,-0.121,0.75,0.0,1500.0,0.0,6.311
529.500466,2026-05-05T22:55:49.873656+00:00,72.7406,-0.1629,96.6391,-0.1315,0.75,0.0,1500.0,0.0,6.3054
530.0,2026-05-05T22:55:50.377985+00:00,72.6039,-0.1252,96.4912,-0.1782,0.75,0.0,1500.0,0.0,6.3026
530.5,2026-05-05T22:55:50.873174+00:00,72.6262,-0.0962,96.4932,-0.137,0.75,0.0,1500.0,0.0,6.3525
531.001142,2026-05-05T22:55:51.374473+00:00,72.7705,-0.0739,96.1246,-0.1901,0.75,0.0,1500.0,0.0,6.3768
531.5,2026-05-05T22:55:51.873420+00:00,72.6269,-0.0568,96.2114,-0.1847,0.75,0.0,1500.0,0.0,6.3887
532.0,2026-05-05T22:55:52.373188+00:00,72.8984,0.1472,96.3939,-0.0957,0.75,0.0,1500.0,0.0,6.3945
532.500731,2026-05-05T22:55:52.881532+00:00,72.9797,0.1768,96.1871,-0.1507,0.75,0.0,1500.0,0.0,6.3973
533.0,2026-05-05T22:55:53.373233+00:00,73.0423,0.1359,96.1438,-0.1158,0.75,0.0,1500.0,0.0,6.3475
533.5,2026-05-05T22:55:53.873212+00:00,73.0903,0.2317,96.4576,-0.0119,0.75,0.0,1500.0,0.0,6.3232
534.0,2026-05-05T22:55:54.374312+00:00,73.1273,0.1145,96.236,0.0372,0.75,0.0,1500.0,0.0,6.3113
534.5,2026-05-05T22:55:54.873203+00:00,73.0284,0.0243,96.2045,-0.0023,0.75,0.0,1500.0,0.0,6.3055
535.0,2026-05-05T22:55:55.380607+00:00,73.0797,0.0187,96.3655,-0.0095,0.75,0.0,1500.0,0.0,6.3027
535.5,2026-05-05T22:55:55.873204+00:00,72.9918,-0.0493,96.2809,0.0313,0.75,0.0,1500.0,0.0,6.3013
536.0,2026-05-05T22:55:56.373242+00:00,73.0516,-0.0379,96.3085,0.0549,0.75,0.0,1500.0,0.0,6.3006
536.5,2026-05-05T22:55:56.873249+00:00,73.0975,0.0345,96.3296,-0.0427,0.75,0.0,1500.0,0.0,6.3003
537.0,2026-05-05T22:55:57.373235+00:00,73.0055,-0.0371,96.6005,0.1215,0.75,0.0,1500.0,0.0,6.3002
537.5,2026-05-05T22:55:57.877424+00:00,72.9348,-0.0285,96.4384,0.0779,0.75,0.0,1500.0,0.0,6.3001
538.0,2026-05-05T22:55:58.373224+00:00,72.8805,-0.0855,96.4295,0.0213,0.75,0.0,1500.0,0.0,6.3
538.5,2026-05-05T22:55:58.873325+00:00,72.5842,-0.2567,96.5615,0.0935,0.75,0.0,1500.0,0.0,6.3
539.0,2026-05-05T22:55:59.373715+00:00,72.611,-0.1973,96.4316,0.041,0.75,0.0,1500.0,0.0,6.3
539.5,2026-05-05T22:55:59.873243+00:00,72.7588,-0.088,96.4474,0.0393,0.75,0.0,1500.0,0.0,6.3
540.0,2026-05-05T22:56:00.382796+00:00,72.8725,-0.004,96.691,0.0302,0.75,0.0,1500.0,0.0,6.3
540.5,2026-05-05T22:56:00.873235+00:00,72.7053,0.0606,96.5311,0.0309,0.75,0.0,1500.0,0.0,6.3
541.0,2026-05-05T22:56:01.373291+00:00,72.8314,0.1102,96.6165,0.0623,0.75,0.0,1500.0,0.0,6.3
541.5,2026-05-05T22:56:01.873263+00:00,72.801,0.0211,96.7052,0.0479,0.75,0.0,1500.0,0.0,6.3
542.0,2026-05-05T22:56:02.373217+00:00,72.7776,-0.0475,96.6346,0.0677,0.75,0.0,1500.0,0.0,6.3
542.5,2026-05-05T22:56:02.880848+00:00,72.5051,-0.1001,96.7191,0.0906,0.75,0.0,1500.0,0.0,6.3
543.001418,2026-05-05T22:56:03.375380+00:00,72.5502,-0.1406,96.8073,0.0388,0.75,0.0,1500.0,0.0,6.3
543.5,2026-05-05T22:56:03.873183+00:00,72.5849,-0.108,96.8519,0.1069,0.75,0.0,1500.0,0.0,6.3
544.0,2026-05-05T22:56:04.373172+00:00,72.6115,-0.083,97.0018,0.1285,0.75,0.0,1500.0,0.0,6.3
544.501139,2026-05-05T22:56:04.874508+00:00,72.8865,0.1907,97.0014,0.0987,0.75,0.0,1500.0,0.0,6.3
545.0,2026-05-05T22:56:05.379903+00:00,72.9706,0.2102,96.8854,0.0836,0.75,0.0,1500.0,0.0,6.2488
545.5,2026-05-05T22:56:05.873439+00:00,72.7807,0.0979,96.6805,-0.0129,0.75,0.0,1500.0,0.0,6.275
546.000908,2026-05-05T22:56:06.374155+00:00,72.7621,0.0753,96.7313,-0.0253,0.75,0.0,1500.0,0.0,6.2878
546.5,2026-05-05T22:56:06.873220+00:00,72.875,-0.0058,96.7935,-0.0195,0.75,0.0,1500.0,0.0,6.294
547.0,2026-05-05T22:56:07.373212+00:00,72.7072,-0.1317,96.957,-0.015,0.75,0.0,1500.0,0.0,6.2971
547.5,2026-05-05T22:56:07.880374+00:00,72.7055,-0.0376,96.8512,-0.0501,0.75,0.0,1500.0,0.0,6.2986
548.0,2026-05-05T22:56:08.373191+00:00,72.7043,-0.0289,96.9782,0.0309,0.75,0.0,1500.0,0.0,6.2993
548.5,2026-05-05T22:56:08.873594+00:00,72.7033,-0.0858,96.8676,0.0623,0.75,0.0,1500.0,0.0,6.2997
549.000469,2026-05-05T22:56:09.373669+00:00,72.7025,-0.0023,96.7825,0.0171,0.75,0.0,1500.0,0.0,6.2998
549.5,2026-05-05T22:56:09.873340+00:00,72.8292,0.0618,96.8328,0.0131,0.75,0.0,1500.0,0.0,6.2999
550.0,2026-05-05T22:56:10.380673+00:00,72.7993,0.0475,96.7558,-0.0671,0.75,0.0,1500.0,0.0,6.3
550.5,2026-05-05T22:56:10.873206+00:00,72.7763,0.0365,96.6735,-0.0592,0.75,0.0,1500.0,0.0,6.3512
551.0,2026-05-05T22:56:11.373190+00:00,72.7587,0.0281,96.749,-0.0764,0.75,0.0,1500.0,0.0,6.325
551.5,2026-05-05T22:56:11.873323+00:00,72.6178,-0.1057,97.0385,0.057,0.75,0.0,1500.0,0.0,6.3122
552.0,2026-05-05T22:56:12.373213+00:00,72.6368,-0.0812,96.9139,0.0438,0.75,0.0,1500.0,0.0,6.3059
552.5,2026-05-05T22:56:12.878181+00:00,72.6515,-0.0624,97.0495,0.0722,0.75,0.0,1500.0,0.0,6.3029
553.002816,2026-05-05T22:56:13.376094+00:00,72.79,0.0156,97.1769,0.1404,0.75,0.0,1500.0,0.0,6.3014
553.5,2026-05-05T22:56:13.873453+00:00,73.0237,0.2029,97.1128,0.1464,0.75,0.0,1500.0,0.0,6.3007
554.0,2026-05-05T22:56:14.373189+00:00,73.0761,0.2196,97.2024,0.1511,0.75,0.0,1500.0,0.0,6.3003
554.500999,2026-05-05T22:56:14.874252+00:00,72.8618,0.1052,96.8085,-0.0767,0.75,0.0,1500.0,0.0,6.3002
555.0,2026-05-05T22:56:15.377767+00:00,72.8243,0.0172,96.8297,-0.0281,0.75,0.0,1500.0,0.0,6.3001
555.5,2026-05-05T22:56:15.873253+00:00,72.9228,-0.0504,96.8459,-0.0679,0.75,0.0,1500.0,0.0,6.3
556.001122,2026-05-05T22:56:16.374439+00:00,72.8713,-0.1024,96.6502,-0.1756,0.75,0.0,1500.0,0.0,6.3
556.5,2026-05-05T22:56:16.873187+00:00,72.8316,-0.0151,96.9625,-0.0501,0.75,0.0,1500.0,0.0,6.3
557.0,2026-05-05T22:56:17.373180+00:00,72.8012,-0.0116,96.8324,-0.1234,0.75,0.0,1500.0,0.0,6.3
557.500901,2026-05-05T22:56:17.983514+00:00,72.7778,-0.0725,96.5009,-0.1025,0.75,0.0,1500.0,0.0,6.3
558.0,2026-05-05T22:56:18.373383+00:00,73.0143,0.0715,96.6164,-0.0711,0.75,0.0,1500.0,0.0,6.3
558.5,2026-05-05T22:56:18.873336+00:00,73.0688,0.1186,96.682,-0.0546,0.75,0.0,1500.0,0.0,6.3
559.0,2026-05-05T22:56:19.373198+00:00,72.9835,0.0912,96.6168,-0.0111,0.75,0.0,1500.0,0.0,6.3
559.5,2026-05-05T22:56:19.873285+00:00,72.9179,0.0701,96.5897,-0.1243,0.75,0.0,1500.0,0.0,6.3
560.0,2026-05-05T22:56:20.378155+00:00,72.9947,-0.0098,96.9161,0.0279,0.75,0.0,1500.0,0.0,6.3
560.501188,2026-05-05T22:56:20.874392+00:00,72.9265,-0.0712,96.7967,0.0986,0.75,0.0,1500.0,0.0,6.3512
561.0,2026-05-05T22:56:21.373191+00:00,73.0014,0.0089,96.9594,0.1143,0.75,0.0,1500.0,0.0,6.3762
561.5,2026-05-05T22:56:21.873441+00:00,72.9316,0.0069,96.9688,0.0956,0.75,0.0,1500.0,0.0,6.3884
562.0,2026-05-05T22:56:22.373757+00:00,73.0053,0.0053,96.976,0.1198,0.75,0.0,1500.0,0.0,6.3943
562.5,2026-05-05T22:56:22.878518+00:00,73.1892,0.1313,97.0047,0.1383,0.75,0.0,1500.0,0.0,6.3972
563.0,2026-05-05T22:56:23.373390+00:00,73.2033,0.1009,97.0036,0.0292,0.75,0.0,1500.0,0.0,6.3986
563.5,2026-05-05T22:56:23.873207+00:00,73.0868,0.0776,96.7945,-0.0007,0.75,0.0,1500.0,0.0,6.3993
564.0,2026-05-05T22:56:24.373417+00:00,73.1246,0.0596,96.8421,-0.0391,0.75,0.0,1500.0,0.0,6.3997
564.5,2026-05-05T22:56:24.873573+00:00,73.1536,-0.0178,96.8786,-0.0301,0.75,0.0,1500.0,0.0,6.3998
565.0,2026-05-05T22:56:25.380945+00:00,73.1759,-0.0137,96.6753,-0.1002,0.75,0.0,1500.0,0.0,6.3487
565.5,2026-05-05T22:56:25.873302+00:00,73.1931,0.0531,96.7504,-0.0848,0.75,0.0,1500.0,0.0,6.375
566.0,2026-05-05T22:56:26.373203+00:00,73.079,-0.0228,96.8082,-0.0651,0.75,0.0,1500.0,0.0,6.3878
566.5,2026-05-05T22:56:26.873246+00:00,73.1185,-0.0175,96.8526,0.0193,0.75,0.0,1500.0,0.0,6.394
567.0,2026-05-05T22:56:27.373472+00:00,73.0217,-0.0771,97.1181,0.092,0.75,0.0,1500.0,0.0,6.3971
567.501143,2026-05-05T22:56:27.880500+00:00,72.9472,-0.1229,97.2065,0.1093,0.75,0.0,1500.0,0.0,6.3986
568.0,2026-05-05T22:56:28.373301+00:00,72.89,-0.0945,97.1587,0.1611,0.75,0.0,1500.0,0.0,6.3481
568.5,2026-05-05T22:56:28.873223+00:00,72.9733,-0.0726,97.122,0.1238,0.75,0.0,1500.0,0.0,6.3235
569.0,2026-05-05T22:56:29.373262+00:00,72.7828,-0.1194,96.9549,0.0489,0.75,0.0,1500.0,0.0,6.3115
569.5,2026-05-05T22:56:29.873228+00:00,72.7636,-0.0918,96.8265,-0.0087,0.75,0.0,1500.0,0.0,6.3056
570.0,2026-05-05T22:56:30.378928+00:00,72.7489,-0.0706,96.8666,-0.0838,0.75,0.0,1500.0,0.0,6.3027
570.5,2026-05-05T22:56:30.873214+00:00,72.7376,-0.1179,96.6661,-0.1801,0.75,0.0,1500.0,0.0,6.3013
571.0,2026-05-05T22:56:31.373226+00:00,72.7289,-0.027,96.9748,-0.0613,0.75,0.0,1500.0,0.0,6.3006
571.5,2026-05-05T22:56:31.873192+00:00,72.7222,-0.0207,96.9806,-0.0471,0.75,0.0,1500.0,0.0,6.3003
572.0,2026-05-05T22:56:32.373220+00:00,72.5898,-0.0796,96.8694,-0.0285,0.75,0.0,1500.0,0.0,6.3002
572.5,2026-05-05T22:56:32.878582+00:00,72.7426,0.0025,96.9922,0.0552,0.75,0.0,1500.0,0.0,6.3001
573.0,2026-05-05T22:56:33.373441+00:00,72.86,0.0655,97.1097,0.081,0.75,0.0,1500.0,0.0,6.3
573.5,2026-05-05T22:56:33.873180+00:00,73.0775,0.1776,96.9686,0.1008,0.75,0.0,1500.0,0.0,6.3
574.0,2026-05-05T22:56:34.373308+00:00,73.2447,0.3274,96.837,-0.0459,0.75,0.0,1500.0,0.0,6.3
574.5,2026-05-05T22:56:34.876598+00:00,73.2459,0.2517,96.8747,-0.0353,0.75,0.0,1500.0,0.0,6.3
575.0,2026-05-05T22:56:35.379181+00:00,73.1196,0.1298,96.788,-0.0271,0.75,0.0,1500.0,0.0,6.3
575.5,2026-05-05T22:56:35.873262+00:00,73.0225,-0.0275,96.8371,-0.0517,0.75,0.0,1500.0,0.0,6.3
576.00114,2026-05-05T22:56:36.374462+00:00,73.0751,-0.0848,96.7822,-0.1092,0.75,0.0,1500.0,0.0,6.3
576.5,2026-05-05T22:56:36.873273+00:00,72.9883,-0.1288,96.8326,-0.0453,0.75,0.0,1500.0,0.0,6.3
577.0,2026-05-05T22:56:37.373234+00:00,72.7943,-0.1626,97.1027,0.0886,0.75,0.0,1500.0,0.0,6.3
577.5,2026-05-05T22:56:37.878851+00:00,72.8998,-0.0614,96.8476,-0.0091,0.75,0.0,1500.0,0.0,6.3
578.0,2026-05-05T22:56:38.373197+00:00,72.8536,-0.1108,96.9985,0.0702,0.75,0.0,1500.0,0.0,6.3
578.5,2026-05-05T22:56:38.873237+00:00,72.818,-0.0852,96.9063,0.0231,0.75,0.0,1500.0,0.0,6.3
579.0,2026-05-05T22:56:39.373259+00:00,72.5362,-0.1291,96.7892,0.0023,0.75,0.0,1500.0,0.0,6.3
579.5,2026-05-05T22:56:39.873263+00:00,72.7014,-0.0992,96.9536,0.0403,0.75,0.0,1500.0,0.0,6.3
580.0,2026-05-05T22:56:40.379734+00:00,72.701,-0.0763,96.9644,-0.0461,0.75,0.0,1500.0,0.0,6.3
580.5,2026-05-05T22:56:40.873660+00:00,72.8281,0.005,96.8569,0.0031,0.75,0.0,1500.0,0.0,6.3
581.0,2026-05-05T22:56:41.373191+00:00,73.053,0.2584,97.1214,0.041,0.75,0.0,1500.0,0.0,6.3
581.502026,2026-05-05T22:56:41.875936+00:00,73.0986,0.1986,97.0933,0.0623,0.75,0.0,1500.0,0.0,6.3
582.0,2026-05-05T22:56:42.373190+00:00,73.0063,0.1526,97.3031,0.1713,0.75,0.0,1500.0,0.0,6.3
582.5,2026-05-05T22:56:42.879825+00:00,73.19,0.181,97.4644,0.1702,0.75,0.0,1500.0,0.0,6.3
583.0,2026-05-05T22:56:43.373228+00:00,73.2039,0.0755,97.3569,0.1309,0.75,0.0,1500.0,0.0,6.3
583.5,2026-05-05T22:56:43.873208+00:00,73.2145,0.058,97.2743,0.1391,0.75,0.0,1500.0,0.0,6.3
584.0,2026-05-05T22:56:44.373470+00:00,73.0955,0.0446,97.2109,0.0298,0.75,0.0,1500.0,0.0,6.3
584.5,2026-05-05T22:56:44.873683+00:00,73.1312,-0.0294,97.1621,0.0229,0.75,0.0,1500.0,0.0,6.3
585.0,2026-05-05T22:56:45.380338+00:00,73.286,0.0411,97.356,0.0176,0.75,0.0,1500.0,0.0,6.3
585.5,2026-05-05T22:56:45.873464+00:00,73.1504,-0.0321,97.2736,-0.0636,0.75,0.0,1500.0,0.0,6.3
586.0,2026-05-05T22:56:46.373202+00:00,73.1734,0.039,97.2103,-0.0489,0.75,0.0,1500.0,0.0,6.3
586.5,2026-05-05T22:56:46.873520+00:00,73.3184,0.0936,97.1616,-0.0376,0.75,0.0,1500.0,0.0,6.3
587.0,2026-05-05T22:56:47.373377+00:00,73.3026,0.0083,97.1242,-0.0289,0.75,0.0,1500.0,0.0,6.3
587.5,2026-05-05T22:56:47.880203+00:00,73.1632,0.0064,97.2112,0.0164,0.75,0.0,1500.0,0.0,6.3
588.0,2026-05-05T22:56:48.373326+00:00,73.056,-0.0587,97.1623,-0.0645,0.75,0.0,1500.0,0.0,6.3
588.500909,2026-05-05T22:56:48.874141+00:00,72.8463,-0.236,97.1248,-0.0496,0.75,0.0,1500.0,0.0,6.3
589.0,2026-05-05T22:56:49.373201+00:00,72.9397,-0.1814,97.2116,0.0004,0.75,0.0,1500.0,0.0,6.3
589.5,2026-05-05T22:56:49.873205+00:00,72.757,-0.2031,97.394,0.0775,0.75,0.0,1500.0,0.0,6.3
590.0,2026-05-05T22:56:50.378297+00:00,72.8711,-0.0925,97.164,0.0133,0.75,0.0,1500.0,0.0,6.3
590.5,2026-05-05T22:56:50.873247+00:00,73.086,0.1198,97.1261,-0.0284,0.75,0.0,1500.0,0.0,6.3
591.0,2026-05-05T22:56:51.373201+00:00,72.9967,0.0285,96.9812,-0.0604,0.75,0.0,1500.0,0.0,6.3
591.5,2026-05-05T22:56:51.873208+00:00,72.928,0.0855,96.8467,-0.0927,0.75,0.0,1500.0,0.0,6.3
592.0,2026-05-05T22:56:52.373198+00:00,72.8753,0.0021,96.8822,-0.1098,0.75,0.0,1500.0,0.0,6.3
592.5,2026-05-05T22:56:52.879929+00:00,72.962,-0.062,96.9094,-0.1615,0.75,0.0,1500.0,0.0,6.3
593.000836,2026-05-05T22:56:53.374101+00:00,73.2832,0.1432,96.699,-0.155,0.75,0.0,1500.0,0.0,6.3512
593.5,2026-05-05T22:56:53.873196+00:00,73.2755,0.1737,96.8843,-0.0806,0.75,0.0,1500.0,0.0,6.3762
594.0,2026-05-05T22:56:54.373736+00:00,73.2696,0.1972,97.0268,0.0152,0.75,0.0,1500.0,0.0,6.3884
594.5,2026-05-05T22:56:54.873317+00:00,73.2651,0.1515,97.1363,0.0965,0.75,0.0,1500.0,0.0,6.3943
595.0,2026-05-05T22:56:55.377950+00:00,73.2616,-0.0108,97.2205,0.1128,0.75,0.0,1500.0,0.0,6.3972
595.501123,2026-05-05T22:56:55.874411+00:00,73.1316,-0.0719,97.0769,0.0558,0.75,0.0,1500.0,0.0,6.3986
596.0,2026-05-05T22:56:56.373213+00:00,73.159,-0.0553,97.0591,0.12,0.75,0.0,1500.0,0.0,6.3993
596.5,2026-05-05T22:56:56.873189+00:00,73.3073,0.0211,96.9297,0.0151,0.75,0.0,1500.0,0.0,6.3997
597.000943,2026-05-05T22:56:57.374152+00:00,73.4213,0.0799,96.9228,-0.0347,0.75,0.0,1500.0,0.0,6.3998
597.5,2026-05-05T22:56:57.878951+00:00,73.6362,0.2523,96.9407,-0.0652,0.75,0.0,1500.0,0.0,6.3999
598.0,2026-05-05T22:56:58.373221+00:00,73.2923,0.0667,96.8387,-0.1272,0.75,0.0,1500.0,0.0,6.3488
598.5,2026-05-05T22:56:58.873259+00:00,73.1553,-0.076,96.7603,-0.1055,0.75,0.0,1500.0,0.0,6.3238
599.0,2026-05-05T22:56:59.373365+00:00,73.1772,-0.1221,96.8158,-0.0811,0.75,0.0,1500.0,0.0,6.3116
599.5,2026-05-05T22:56:59.873477+00:00,72.9395,-0.3484,96.8584,-0.0238,0.75,0.0,1500.0,0.0,6.3057
600.0,2026-05-05T22:57:00.378365+00:00,72.8841,-0.2041,96.7523,-0.0568,0.75,0.0,1500.0,0.0,6.3028
600.5,2026-05-05T22:57:00.873242+00:00,73.096,-0.0296,96.694,-0.0822,0.75,0.0,1500.0,0.0,6.3013
601.0,2026-05-05T22:57:01.373199+00:00,73.1316,-0.0228,96.6491,-0.0632,0.75,0.0,1500.0,0.0,6.3007
601.5,2026-05-05T22:57:01.873231+00:00,73.159,0.1098,96.7303,-0.01,0.75,0.0,1500.0,0.0,6.3003
602.0,2026-05-05T22:57:02.373320+00:00,73.1801,0.148,96.9084,0.0309,0.75,0.0,1500.0,0.0,6.3002
602.5,2026-05-05T22:57:02.880575+00:00,73.1963,0.0501,96.8139,-0.0148,0.75,0.0,1500.0,0.0,6.3001
603.0,2026-05-05T22:57:03.373176+00:00,72.9542,-0.0887,96.7413,-0.0037,0.75,0.0,1500.0,0.0,6.3
603.5,2026-05-05T22:57:03.873362+00:00,73.1499,-0.0046,96.5697,-0.0414,0.75,0.0,1500.0,0.0,6.3
604.0,2026-05-05T22:57:04.373412+00:00,73.0458,-0.0672,96.6693,0.0067,0.75,0.0,1500.0,0.0,6.3
604.5,2026-05-05T22:57:04.873218+00:00,72.9658,-0.1152,96.4913,-0.0797,0.75,0.0,1500.0,0.0,6.3
605.0,2026-05-05T22:57:05.379388+00:00,73.1588,0.1023,96.609,-0.0998,0.75,0.0,1500.0,0.0,6.3
605.5,2026-05-05T22:57:05.873480+00:00,73.1799,0.015,96.6995,-0.0381,0.75,0.0,1500.0,0.0,6.3512
606.0,2026-05-05T22:57:06.373190+00:00,73.1961,0.0752,96.6533,-0.0293,0.75,0.0,1500.0,0.0,6.325
606.5,2026-05-05T22:57:06.873204+00:00,73.2086,0.1214,96.7335,0.0546,0.75,0.0,1500.0,0.0,6.3122
607.002036,2026-05-05T22:57:07.375626+00:00,73.2182,0.0297,96.7952,0.042,0.75,0.0,1500.0,0.0,6.306
607.5,2026-05-05T22:57:07.877508+00:00,73.2255,0.0228,96.8426,0.1171,0.75,0.0,1500.0,0.0,6.3029
608.0,2026-05-05T22:57:08.373231+00:00,73.3585,0.0812,96.879,0.09,0.75,0.0,1500.0,0.0,6.3014
608.500573,2026-05-05T22:57:08.874598+00:00,73.3334,0.0624,96.7682,0.0229,0.75,0.0,1500.0,0.0,6.3007
609.0,2026-05-05T22:57:09.373213+00:00,73.3141,0.048,96.7061,0.0176,0.75,0.0,1500.0,0.0,6.3003
609.5,2026-05-05T22:57:09.873207+00:00,73.172,-0.0268,96.7741,0.0135,0.75,0.0,1500.0,0.0,6.3002
610.0,2026-05-05T22:57:10.379866+00:00,73.0628,-0.1479,96.8264,0.0104,0.75,0.0,1500.0,0.0,6.3001
610.5,2026-05-05T22:57:10.873358+00:00,73.1061,-0.1136,96.8666,0.008,0.75,0.0,1500.0,0.0,6.3
611.0,2026-05-05T22:57:11.373255+00:00,73.0121,-0.151,96.8974,0.0061,0.75,0.0,1500.0,0.0,6.3
611.5,2026-05-05T22:57:11.873206+00:00,73.0672,-0.0524,96.8286,0.0201,0.75,0.0,1500.0,0.0,6.3
612.0,2026-05-05T22:57:12.373191+00:00,73.1095,0.0234,96.8683,0.0541,0.75,0.0,1500.0,0.0,6.3
612.5,2026-05-05T22:57:12.878789+00:00,73.2693,0.0816,96.8988,0.0415,0.75,0.0,1500.0,0.0,6.3
613.0,2026-05-05T22:57:13.373250+00:00,73.1375,0.0627,96.8065,-0.0066,0.75,0.0,1500.0,0.0,6.3
613.5,2026-05-05T22:57:13.873229+00:00,73.2908,0.1118,96.7356,-0.0437,0.75,0.0,1500.0,0.0,6.3
614.0,2026-05-05T22:57:14.373427+00:00,73.2814,0.086,96.5654,-0.1107,0.75,0.0,1500.0,0.0,6.3
614.5,2026-05-05T22:57:14.873223+00:00,73.4014,0.0661,96.6659,-0.0542,0.75,0.0,1500.0,0.0,6.3
615.0,2026-05-05T22:57:15.383462+00:00,73.3664,0.1144,96.8589,-0.0031,0.75,0.0,1500.0,0.0,6.3
615.5,2026-05-05T22:57:15.873647+00:00,73.3394,0.0243,96.8916,-0.0024,0.75,0.0,1500.0,0.0,6.3
616.0,2026-05-05T22:57:16.373206+00:00,73.446,0.0823,96.801,-0.0018,0.75,0.0,1500.0,0.0,6.3
616.5,2026-05-05T22:57:16.873239+00:00,73.4007,-0.0004,96.7313,-0.0014,0.75,0.0,1500.0,0.0,6.3
617.0,2026-05-05T22:57:17.373468+00:00,73.4931,0.0634,96.7935,0.076,0.75,0.0,1500.0,0.0,6.3
617.5,2026-05-05T22:57:17.878943+00:00,73.3095,-0.0149,96.8181,0.0507,0.75,0.0,1500.0,0.0,6.3
618.0,2026-05-05T22:57:18.373208+00:00,73.2958,-0.0751,96.8602,0.0004,0.75,0.0,1500.0,0.0,6.3
618.5,2026-05-05T22:57:18.873600+00:00,73.0306,-0.185,96.8926,0.0003,0.75,0.0,1500.0,0.0,6.3
619.0,2026-05-05T22:57:19.373197+00:00,73.2087,-0.1422,96.7786,-0.0075,0.75,0.0,1500.0,0.0,6.3
619.5,2026-05-05T22:57:19.873262+00:00,73.3455,0.018,97.0612,0.11,0.75,0.0,1500.0,0.0,6.3
620.0,2026-05-05T22:57:20.381754+00:00,73.0689,-0.1135,97.0471,0.0845,0.75,0.0,1500.0,0.0,6.3
620.5,2026-05-05T22:57:20.873234+00:00,73.1108,0.0401,96.9205,0.0341,0.75,0.0,1500.0,0.0,6.3
621.0,2026-05-05T22:57:21.373575+00:00,73.0157,-0.0965,97.0546,0.0648,0.75,0.0,1500.0,0.0,6.3
621.500757,2026-05-05T22:57:21.874019+00:00,73.0699,-0.1378,97.0188,0.0421,0.75,0.0,1500.0,0.0,6.3
622.0,2026-05-05T22:57:22.373304+00:00,73.1116,0.0214,97.0145,0.0786,0.75,0.0,1500.0,0.0,6.3
622.5,2026-05-05T22:57:22.879711+00:00,73.0164,-0.0472,97.0111,-0.0167,0.75,0.0,1500.0,0.0,6.3
623.0,2026-05-05T22:57:23.373287+00:00,73.0704,0.0273,96.8928,-0.0514,0.75,0.0,1500.0,0.0,6.3
623.5,2026-05-05T22:57:23.873203+00:00,72.9847,-0.0426,96.6631,-0.0858,0.75,0.0,1500.0,0.0,6.3
624.0,2026-05-05T22:57:24.373690+00:00,73.0461,-0.0328,96.7411,-0.1045,0.75,0.0,1500.0,0.0,6.3
624.5,2026-05-05T22:57:24.873345+00:00,73.0933,0.0385,96.6853,-0.1112,0.75,0.0,1500.0,0.0,6.3
625.0,2026-05-05T22:57:25.377702+00:00,73.1295,0.0296,96.7581,-0.0854,0.75,0.0,1500.0,0.0,6.3
625.5,2026-05-05T22:57:25.873260+00:00,73.0301,0.0227,97.0455,0.0115,0.75,0.0,1500.0,0.0,6.3
626.0,2026-05-05T22:57:26.373246+00:00,73.081,0.0175,96.9193,0.0088,0.75,0.0,1500.0,0.0,6.3512
626.5,2026-05-05T22:57:26.873215+00:00,73.1201,0.0134,96.8222,0.053,0.75,0.0,1500.0,0.0,6.3762
627.0,2026-05-05T22:57:27.373346+00:00,73.1502,0.0103,96.9791,0.0793,0.75,0.0,1500.0,0.0,6.3884
627.5,2026-05-05T22:57:27.878393+00:00,73.046,0.0079,96.7294,0.0147,0.75,0.0,1500.0,0.0,6.3431
628.0,2026-05-05T22:57:28.373242+00:00,72.9659,-0.0575,96.792,0.0113,0.75,0.0,1500.0,0.0,6.321
628.5,2026-05-05T22:57:28.873469+00:00,73.1589,0.0194,96.8401,-0.0684,0.75,0.0,1500.0,0.0,6.3103
629.0,2026-05-05T22:57:29.373185+00:00,72.9255,-0.1124,96.7383,-0.0603,0.75,0.0,1500.0,0.0,6.305
629.5,2026-05-05T22:57:29.873185+00:00,72.8733,-0.0864,96.5674,-0.0849,0.75,0.0,1500.0,0.0,6.3024
630.0,2026-05-05T22:57:30.378094+00:00,73.0877,0.0609,96.5518,-0.1424,0.75,0.0,1500.0,0.0,6.3012
630.5,2026-05-05T22:57:30.873327+00:00,73.1253,-0.0168,96.2853,-0.148,0.75,0.0,1500.0,0.0,6.3006
631.0,2026-05-05T22:57:31.373405+00:00,73.0269,0.0507,96.3118,-0.1601,0.75,0.0,1500.0,0.0,6.3003
631.5,2026-05-05T22:57:31.873379+00:00,73.2058,0.1662,96.4711,-0.123,0.75,0.0,1500.0,0.0,6.3001
632.0,2026-05-05T22:57:32.373263+00:00,72.9615,-0.0631,96.3389,-0.1331,0.75,0.0,1500.0,0.0,6.3001
632.5,2026-05-05T22:57:32.879459+00:00,72.7737,-0.1758,96.2605,-0.1023,0.75,0.0,1500.0,0.0,6.3
633.0,2026-05-05T22:57:33.373334+00:00,72.8839,-0.0715,96.4316,-0.0401,0.75,0.0,1500.0,0.0,6.3
633.502646,2026-05-05T22:57:33.875944+00:00,73.0959,-0.0549,96.3086,0.0078,0.75,0.0,1500.0,0.0,6.3
634.0,2026-05-05T22:57:34.373366+00:00,73.1316,0.085,96.3298,0.006,0.75,0.0,1500.0,0.0,6.3
634.5,2026-05-05T22:57:34.873193+00:00,73.159,0.1926,96.4848,0.0046,0.75,0.0,1500.0,0.0,6.3
635.0009,2026-05-05T22:57:35.380327+00:00,73.4346,0.2753,96.4884,0.0498,0.75,0.0,1500.0,0.0,6.3
635.5,2026-05-05T22:57:35.873223+00:00,73.1373,0.0207,96.3753,0.0383,0.75,0.0,1500.0,0.0,6.3
636.0,2026-05-05T22:57:36.373194+00:00,73.1634,0.0159,96.6356,0.068,0.75,0.0,1500.0,0.0,6.3
636.500923,2026-05-05T22:57:36.874149+00:00,73.1834,0.0122,96.6274,0.1063,0.75,0.0,1500.0,0.0,6.3
637.0,2026-05-05T22:57:37.373192+00:00,73.0716,-0.1815,96.8293,0.1665,0.75,0.0,1500.0,0.0,6.3
637.5,2026-05-05T22:57:37.879369+00:00,73.2401,0.0514,96.9845,0.1665,0.75,0.0,1500.0,0.0,6.3
638.0,2026-05-05T22:57:38.373175+00:00,73.1151,-0.0241,96.8724,0.128,0.75,0.0,1500.0,0.0,6.3
638.5,2026-05-05T22:57:38.873187+00:00,73.1463,-0.0185,97.1333,0.2527,0.75,0.0,1500.0,0.0,6.3
639.0,2026-05-05T22:57:39.373351+00:00,73.1703,0.0494,96.9636,0.1093,0.75,0.0,1500.0,0.0,6.3
639.5,2026-05-05T22:57:39.873184+00:00,73.1888,-0.0257,96.9489,0.1072,0.75,0.0,1500.0,0.0,6.3
640.0,2026-05-05T22:57:40.377959+00:00,73.0757,-0.0197,97.0533,0.0747,0.75,0.0,1500.0,0.0,6.3
640.50113,2026-05-05T22:57:40.874472+00:00,73.116,-0.0152,97.041,0.0188,0.75,0.0,1500.0,0.0,6.3
641.0,2026-05-05T22:57:41.373189+00:00,73.147,-0.0117,96.9158,0.0145,0.75,0.0,1500.0,0.0,6.3
641.5,2026-05-05T22:57:41.873193+00:00,73.0436,-0.0726,96.8196,-0.1046,0.75,0.0,1500.0,0.0,6.3
642.0,2026-05-05T22:57:42.373198+00:00,73.0913,0.0078,96.7456,-0.0727,0.75,0.0,1500.0,0.0,6.3
642.5,2026-05-05T22:57:42.880890+00:00,73.2553,0.0697,96.7813,-0.0559,0.75,0.0,1500.0,0.0,6.3
643.0,2026-05-05T22:57:43.373251+00:00,73.2541,0.0535,96.8319,-0.0738,0.75,0.0,1500.0,0.0,6.3
643.5,2026-05-05T22:57:43.873185+00:00,73.2531,0.1048,96.7783,-0.0876,0.75,0.0,1500.0,0.0,6.3
644.0,2026-05-05T22:57:44.373303+00:00,73.2524,0.0805,96.8296,-0.0287,0.75,0.0,1500.0,0.0,6.3
644.5,2026-05-05T22:57:44.873729+00:00,73.1246,-0.0654,96.869,0.0165,0.75,0.0,1500.0,0.0,6.3
645.0,2026-05-05T22:57:45.380097+00:00,73.1536,-0.0502,96.7605,0.005,0.75,0.0,1500.0,0.0,6.3
645.5,2026-05-05T22:57:45.873182+00:00,73.0486,-0.1023,96.8159,0.0115,0.75,0.0,1500.0,0.0,6.3
646.0,2026-05-05T22:57:46.373203+00:00,73.2225,-0.015,96.8585,0.0089,0.75,0.0,1500.0,0.0,6.3
646.5,2026-05-05T22:57:46.873222+00:00,73.2289,0.0521,96.7524,-0.0086,0.75,0.0,1500.0,0.0,6.3
647.0,2026-05-05T22:57:47.373205+00:00,73.2338,0.0401,96.8097,-0.0066,0.75,0.0,1500.0,0.0,6.3
647.5,2026-05-05T22:57:47.879484+00:00,73.2375,0.0944,96.738,-0.0437,0.75,0.0,1500.0,0.0,6.3
648.0,2026-05-05T22:57:48.373225+00:00,73.2404,0.0089,96.6598,-0.0336,0.75,0.0,1500.0,0.0,6.3
648.5,2026-05-05T22:57:48.873199+00:00,73.3699,0.0705,96.7385,-0.0258,0.75,0.0,1500.0,0.0,6.3
649.0,2026-05-05T22:57:49.373543+00:00,73.2149,-0.0094,96.799,-0.0198,0.75,0.0,1500.0,0.0,6.3
649.5,2026-05-05T22:57:49.873184+00:00,73.0957,-0.0709,96.591,-0.0538,0.75,0.0,1500.0,0.0,6.3
650.0,2026-05-05T22:57:50.379395+00:00,73.1314,-0.0545,96.8013,-0.0028,0.75,0.0,1500.0,0.0,6.3
650.5,2026-05-05T22:57:50.873908+00:00,73.0316,-0.1691,96.6391,-0.033,0.75,0.0,1500.0,0.0,6.3512
651.0,2026-05-05T22:57:51.373205+00:00,73.0821,-0.0664,96.7226,0.0209,0.75,0.0,1500.0,0.0,6.3762
651.5,2026-05-05T22:57:51.873207+00:00,73.3755,0.1399,96.6711,-0.0225,0.75,0.0,1500.0,0.0,6.3884
652.0,2026-05-05T22:57:52.373325+00:00,73.601,0.2348,96.6315,-0.0559,0.75,0.0,1500.0,0.0,6.3943
652.5,2026-05-05T22:57:52.877528+00:00,73.6471,0.3077,96.5779,-0.0044,0.75,0.0,1500.0,0.0,6.3972
653.0,2026-05-05T22:57:53.373217+00:00,73.5552,0.2365,96.4442,-0.1191,0.75,0.0,1500.0,0.0,6.3986
653.5,2026-05-05T22:57:53.873467+00:00,73.6118,0.1182,96.6885,0.0165,0.75,0.0,1500.0,0.0,6.3993
654.0,2026-05-05T22:57:54.373224+00:00,73.6554,0.0272,96.6449,-0.0259,0.75,0.0,1500.0,0.0,6.3997
654.5,2026-05-05T22:57:54.873230+00:00,73.6888,0.0209,96.8428,0.0572,0.75,0.0,1500.0,0.0,6.3998
655.0,2026-05-05T22:57:55.381027+00:00,73.5873,0.0161,96.6246,-0.0023,0.75,0.0,1500.0,0.0,6.3487
655.500459,2026-05-05T22:57:55.873680+00:00,73.5092,-0.0513,96.4801,-0.0326,0.75,0.0,1500.0,0.0,6.375
656.0,2026-05-05T22:57:56.373262+00:00,73.4493,-0.1031,96.7161,0.0906,0.75,0.0,1500.0,0.0,6.3366
656.5,2026-05-05T22:57:56.875118+00:00,73.4031,-0.1428,96.8049,0.0388,0.75,0.0,1500.0,0.0,6.3179
657.0,2026-05-05T22:57:57.373270+00:00,73.3677,-0.1098,96.9426,0.0992,0.75,0.0,1500.0,0.0,6.3087
657.5,2026-05-05T22:57:57.881105+00:00,73.3405,-0.0844,96.9559,0.0377,0.75,0.0,1500.0,0.0,6.3043
658.000062,2026-05-05T22:57:58.373280+00:00,73.3195,-0.0649,96.8504,0.0753,0.75,0.0,1500.0,0.0,6.3021
658.5,2026-05-05T22:57:58.873365+00:00,73.3034,-0.0499,97.0007,0.1736,0.75,0.0,1500.0,0.0,6.301
659.0,2026-05-05T22:57:59.373224+00:00,73.2911,-0.0383,97.0006,0.0948,0.75,0.0,1500.0,0.0,6.3005
659.5,2026-05-05T22:57:59.873219+00:00,73.2816,-0.0294,96.8616,0.0189,0.75,0.0,1500.0,0.0,6.3002
660.0,2026-05-05T22:58:00.380216+00:00,73.4015,0.041,96.8936,-0.0163,0.75,0.0,1500.0,0.0,6.3001
660.5,2026-05-05T22:58:00.873715+00:00,73.3665,0.0315,96.9182,-0.0126,0.75,0.0,1500.0,0.0,6.3001
661.0,2026-05-05T22:58:01.373199+00:00,73.3395,0.0242,96.9372,0.0289,0.75,0.0,1500.0,0.0,6.3
661.5,2026-05-05T22:58:01.873182+00:00,73.4461,0.0823,97.0674,0.0222,0.75,0.0,1500.0,0.0,6.3
662.000947,2026-05-05T22:58:02.374229+00:00,73.528,0.0632,97.1675,0.0556,0.75,0.0,1500.0,0.0,6.3
662.5,2026-05-05T22:58:02.878143+00:00,73.4637,0.0486,97.1287,0.0891,0.75,0.0,1500.0,0.0,6.3
663.0,2026-05-05T22:58:03.373241+00:00,73.2869,-0.0263,97.0758,0.0607,0.75,0.0,1500.0,0.0,6.3
663.5,2026-05-05T22:58:03.873221+00:00,73.2784,-0.0838,96.9657,0.0158,0.75,0.0,1500.0,0.0,6.3
664.0,2026-05-05T22:58:04.373177+00:00,73.2718,-0.1281,97.0893,0.0507,0.75,0.0,1500.0,0.0,6.3
664.5,2026-05-05T22:58:04.873595+00:00,73.0122,-0.2257,96.9298,-0.0459,0.75,0.0,1500.0,0.0,6.3
665.0,2026-05-05T22:58:05.379755+00:00,73.0673,-0.1098,96.9461,-0.0738,0.75,0.0,1500.0,0.0,6.3
665.5,2026-05-05T22:58:05.873225+00:00,72.855,-0.2117,97.0742,-0.0182,0.75,0.0,1500.0,0.0,6.3
666.0,2026-05-05T22:58:06.373610+00:00,72.8191,-0.2263,97.0339,-0.014,0.75,0.0,1500.0,0.0,6.3
666.5,2026-05-05T22:58:06.873249+00:00,72.7916,-0.1103,96.8178,-0.0493,0.75,0.0,1500.0,0.0,6.3
667.0,2026-05-05T22:58:07.373217+00:00,72.8976,-0.0848,96.8368,-0.0842,0.75,0.0,1500.0,0.0,6.3
667.5,2026-05-05T22:58:07.883124+00:00,72.9792,0.0621,96.8746,-0.0184,0.75,0.0,1500.0,0.0,6.3
668.0,2026-05-05T22:58:08.373220+00:00,73.0418,0.1114,96.7648,-0.0604,0.75,0.0,1500.0,0.0,6.3
668.5,2026-05-05T22:58:08.873628+00:00,73.2173,0.2129,96.9349,-0.0464,0.75,0.0,1500.0,0.0,6.3
669.0,2026-05-05T22:58:09.373938+00:00,73.3521,0.2272,96.6954,-0.1128,0.75,0.0,1500.0,0.0,6.3
669.5,2026-05-05T22:58:09.873203+00:00,73.3285,0.1747,96.8816,0.0213,0.75,0.0,1500.0,0.0,6.3
670.0,2026-05-05T22:58:10.377937+00:00,73.3103,0.1342,96.6776,-0.0531,0.75,0.0,1500.0,0.0,6.3
670.501129,2026-05-05T22:58:10.874483+00:00,73.4236,0.1032,96.7522,-0.0408,0.75,0.0,1500.0,0.0,6.3
671.0,2026-05-05T22:58:11.373231+00:00,73.2562,-0.048,96.8095,0.0149,0.75,0.0,1500.0,0.0,6.3
671.5,2026-05-05T22:58:11.873637+00:00,73.1275,-0.1005,96.9462,0.0038,0.75,0.0,1500.0,0.0,6.3
672.0,2026-05-05T22:58:12.373212+00:00,73.0286,-0.1409,96.5884,-0.0357,0.75,0.0,1500.0,0.0,6.3
672.5,2026-05-05T22:58:12.878329+00:00,73.0798,-0.1719,96.6836,-0.066,0.75,0.0,1500.0,0.0,6.3
673.0,2026-05-05T22:58:13.373285+00:00,72.9919,-0.1321,96.7568,0.0264,0.75,0.0,1500.0,0.0,6.3512
673.500044,2026-05-05T22:58:13.873254+00:00,73.0516,-0.0379,96.5817,-0.0568,0.75,0.0,1500.0,0.0,6.325
674.0,2026-05-05T22:58:14.373257+00:00,72.9703,-0.0291,96.5397,-0.09,0.75,0.0,1500.0,0.0,6.3122
674.5,2026-05-05T22:58:14.873274+00:00,73.1623,0.0412,96.6462,-0.1,0.75,0.0,1500.0,0.0,6.306
675.000039,2026-05-05T22:58:15.380129+00:00,73.3098,0.159,96.4735,-0.0383,0.75,0.0,1500.0,0.0,6.3029
675.5,2026-05-05T22:58:15.873190+00:00,73.296,0.1222,96.5953,-0.0294,0.75,0.0,1500.0,0.0,6.3014
676.0,2026-05-05T22:58:16.373592+00:00,73.4126,0.2212,96.689,-0.0226,0.75,0.0,1500.0,0.0,6.3007
676.5,2026-05-05T22:58:16.873196+00:00,73.2477,0.0427,96.6453,0.0212,0.75,0.0,1500.0,0.0,6.3003
677.0,2026-05-05T22:58:17.373410+00:00,72.9937,-0.1581,96.7273,0.0626,0.75,0.0,1500.0,0.0,6.3002
677.5,2026-05-05T22:58:17.883052+00:00,72.9257,-0.1851,96.8136,0.0558,0.75,0.0,1500.0,0.0,6.3001
678.0,2026-05-05T22:58:18.373180+00:00,73.128,-0.1423,96.741,0.0892,0.75,0.0,1500.0,0.0,6.3
678.5,2026-05-05T22:58:18.873261+00:00,73.029,-0.1094,96.6621,0.0223,0.75,0.0,1500.0,0.0,6.3
679.0,2026-05-05T22:58:19.373209+00:00,73.0801,0.0432,96.7403,0.0171,0.75,0.0,1500.0,0.0,6.3
679.5,2026-05-05T22:58:19.873183+00:00,73.1194,0.0968,96.6615,0.0054,0.75,0.0,1500.0,0.0,6.3
680.0,2026-05-05T22:58:20.378205+00:00,73.2769,0.0744,96.7399,0.0042,0.75,0.0,1500.0,0.0,6.3
680.5,2026-05-05T22:58:20.873211+00:00,73.398,0.1845,96.8001,-0.0045,0.75,0.0,1500.0,0.0,6.3512
681.0,2026-05-05T22:58:21.373718+00:00,73.2365,0.0782,96.7306,-0.0035,0.75,0.0,1500.0,0.0,6.3762
681.5,2026-05-05T22:58:21.873231+00:00,73.4941,0.1873,97.0244,0.1208,0.75,0.0,1500.0,0.0,6.3884
682.0,2026-05-05T22:58:22.373853+00:00,73.5649,0.144,97.0187,0.0928,0.75,0.0,1500.0,0.0,6.3943
682.5,2026-05-05T22:58:22.878389+00:00,73.492,0.047,97.0144,0.1176,0.75,0.0,1500.0,0.0,6.3972
683.0,2026-05-05T22:58:23.373617+00:00,73.3088,0.0362,97.0111,0.0904,0.75,0.0,1500.0,0.0,6.3474
683.5,2026-05-05T22:58:23.876529+00:00,73.2952,-0.0995,97.0085,0.0695,0.75,0.0,1500.0,0.0,6.3232
684.0,2026-05-05T22:58:24.373413+00:00,73.2847,-0.1401,97.0065,0.092,0.75,0.0,1500.0,0.0,6.3113
684.5,2026-05-05T22:58:24.873364+00:00,73.1494,-0.1713,97.1207,0.0321,0.75,0.0,1500.0,0.0,6.3055
685.000465,2026-05-05T22:58:25.379464+00:00,73.1727,-0.068,97.0928,0.0247,0.75,0.0,1500.0,0.0,6.3027
685.5,2026-05-05T22:58:25.873287+00:00,73.1906,-0.0523,97.0713,0.019,0.75,0.0,1500.0,0.0,6.3525
686.0,2026-05-05T22:58:26.373285+00:00,73.3316,0.0234,97.2862,0.0917,0.75,0.0,1500.0,0.0,6.3768
686.5,2026-05-05T22:58:26.873241+00:00,73.3127,0.0817,97.1043,0.0319,0.75,0.0,1500.0,0.0,6.3887
687.0,2026-05-05T22:58:27.373702+00:00,73.2982,0.0628,97.1959,0.0631,0.75,0.0,1500.0,0.0,6.3433
687.5,2026-05-05T22:58:27.880792+00:00,73.0325,-0.079,97.1505,0.0099,0.75,0.0,1500.0,0.0,6.3211
688.0,2026-05-05T22:58:28.373226+00:00,73.2101,-0.0607,97.0,-0.0309,0.75,0.0,1500.0,0.0,6.3103
688.5,2026-05-05T22:58:28.873256+00:00,73.2193,-0.0467,97.0,-0.0238,0.75,0.0,1500.0,0.0,6.305
689.0,2026-05-05T22:58:29.373266+00:00,73.3537,0.0277,96.8843,-0.134,0.75,0.0,1500.0,0.0,6.3025
689.5,2026-05-05T22:58:29.873217+00:00,73.3297,0.1486,96.7722,-0.1107,0.75,0.0,1500.0,0.0,6.3012
690.0,2026-05-05T22:58:30.379029+00:00,73.3113,0.0506,96.7092,-0.1622,0.75,0.0,1500.0,0.0,6.3006
690.50118,2026-05-05T22:58:30.874518+00:00,73.2971,0.0389,96.6608,-0.1632,0.75,0.0,1500.0,0.0,6.3003
691.0,2026-05-05T22:58:31.373405+00:00,73.1589,-0.0974,96.6467,-0.1178,0.75,0.0,1500.0,0.0,6.3001
691.5,2026-05-05T22:58:31.873237+00:00,73.3073,-0.0112,96.5896,-0.1368,0.75,0.0,1500.0,0.0,6.3001
692.0,2026-05-05T22:58:32.373217+00:00,73.4213,0.055,96.4301,-0.1514,0.75,0.0,1500.0,0.0,6.3
692.5,2026-05-05T22:58:32.878188+00:00,73.3816,0.0423,96.3305,-0.1472,0.75,0.0,1500.0,0.0,6.3
693.0,2026-05-05T22:58:33.373192+00:00,73.4785,0.1598,96.4855,-0.0746,0.75,0.0,1500.0,0.0,6.3
693.5,2026-05-05T22:58:33.873255+00:00,73.4256,0.0592,96.3731,-0.0959,0.75,0.0,1500.0,0.0,6.3
694.0,2026-05-05T22:58:34.373185+00:00,73.385,-0.0182,96.6339,-0.0043,0.75,0.0,1500.0,0.0,6.3
694.5,2026-05-05T22:58:34.873209+00:00,73.2265,-0.0776,96.5798,-0.0033,0.75,0.0,1500.0,0.0,6.3
695.0,2026-05-05T22:58:35.380077+00:00,73.2319,-0.1233,96.5382,0.036,0.75,0.0,1500.0,0.0,6.3
695.5,2026-05-05T22:58:35.873205+00:00,73.3634,-0.0311,96.2979,-0.0109,0.75,0.0,1500.0,0.0,6.3512
696.0,2026-05-05T22:58:36.373182+00:00,73.3371,-0.0239,96.4373,-0.0161,0.75,0.0,1500.0,0.0,6.3762
696.5,2026-05-05T22:58:36.873220+00:00,73.1897,-0.0184,96.3361,-0.0124,0.75,0.0,1500.0,0.0,6.3884
697.0,2026-05-05T22:58:37.373202+00:00,73.3309,0.0495,96.6054,-0.0095,0.75,0.0,1500.0,0.0,6.3943
697.5,2026-05-05T22:58:37.879122+00:00,73.3122,-0.0256,96.4653,-0.0381,0.75,0.0,1500.0,0.0,6.3972
698.000388,2026-05-05T22:58:38.373646+00:00,73.2978,-0.0197,96.589,0.017,0.75,0.0,1500.0,0.0,6.3474
698.5,2026-05-05T22:58:38.873505+00:00,73.1595,-0.0151,96.5453,0.0825,0.75,0.0,1500.0,0.0,6.3232
699.0,2026-05-05T22:58:39.373295+00:00,73.1804,-0.0753,96.5117,0.0248,0.75,0.0,1500.0,0.0,6.3113
699.500921,2026-05-05T22:58:39.874174+00:00,73.0693,-0.1215,96.4858,0.0499,0.75,0.0,1500.0,0.0,6.3055
700.0,2026-05-05T22:58:40.382503+00:00,73.2383,-0.0297,96.3734,-0.0773,0.75,0.0,1500.0,0.0,6.3027
700.5,2026-05-05T22:58:40.873199+00:00,73.3683,0.1044,96.5184,0.0177,0.75,0.0,1500.0,0.0,6.3013
701.001131,2026-05-05T22:58:41.374441+00:00,73.3409,0.0803,96.491,-0.0327,0.75,0.0,1500.0,0.0,6.3006
701.5,2026-05-05T22:58:41.873199+00:00,73.1926,0.0617,96.2617,-0.0945,0.75,0.0,1500.0,0.0,6.3003
702.0,2026-05-05T22:58:42.373408+00:00,73.2059,-0.0162,96.4094,-0.0341,0.75,0.0,1500.0,0.0,6.3002
702.501119,2026-05-05T22:58:42.883561+00:00,73.0888,-0.1397,96.4535,-0.0108,0.75,0.0,1500.0,0.0,6.3001
703.0,2026-05-05T22:58:43.373207+00:00,73.2534,-0.0438,96.4643,0.0303,0.75,0.0,1500.0,0.0,6.3
703.5,2026-05-05T22:58:43.873266+00:00,73.2526,0.03,96.7039,0.0618,0.75,0.0,1500.0,0.0,6.3
704.000941,2026-05-05T22:58:44.374190+00:00,73.252,0.0231,96.6799,0.063,0.75,0.0,1500.0,0.0,6.3
704.5,2026-05-05T22:58:44.873393+00:00,73.3788,0.145,96.5226,0.087,0.75,0.0,1500.0,0.0,6.3
705.0,2026-05-05T22:58:45.379355+00:00,73.4763,0.1114,96.6099,0.0668,0.75,0.0,1500.0,0.0,6.3
705.5,2026-05-05T22:58:45.873330+00:00,73.4239,0.0857,96.677,0.0745,0.75,0.0,1500.0,0.0,6.3
706.0,2026-05-05T22:58:46.373203+00:00,73.5109,0.1295,96.6361,0.0573,0.75,0.0,1500.0,0.0,6.3
706.5,2026-05-05T22:58:46.873194+00:00,73.4506,0.0359,96.4889,-0.0717,0.75,0.0,1500.0,0.0,6.3
707.0,2026-05-05T22:58:47.373336+00:00,73.4042,-0.0361,96.4683,-0.0705,0.75,0.0,1500.0,0.0,6.3
707.5,2026-05-05T22:58:47.882811+00:00,73.3685,-0.0277,96.4525,-0.0234,0.75,0.0,1500.0,0.0,6.3
708.0,2026-05-05T22:58:48.373451+00:00,73.4683,-0.0213,96.3478,-0.0874,0.75,0.0,1500.0,0.0,6.3
708.500727,2026-05-05T22:58:48.873948+00:00,73.2905,-0.08,96.383,-0.098,0.75,0.0,1500.0,0.0,6.3
709.0,2026-05-05T22:58:49.373302+00:00,73.2812,-0.0615,96.4101,-0.0753,0.75,0.0,1500.0,0.0,6.3
709.5,2026-05-05T22:58:49.873483+00:00,73.1467,-0.1109,96.6623,0.0578,0.75,0.0,1500.0,0.0,6.3
710.0,2026-05-05T22:58:50.381235+00:00,73.1706,-0.1489,96.6479,0.0599,0.75,0.0,1500.0,0.0,6.3
710.5,2026-05-05T22:58:50.873354+00:00,73.3162,0.0128,96.7294,0.0923,0.75,0.0,1500.0,0.0,6.3
711.0,2026-05-05T22:58:51.373246+00:00,73.3009,0.0099,96.9077,0.1866,0.75,0.0,1500.0,0.0,6.3
711.501135,2026-05-05T22:58:51.874420+00:00,73.2891,0.0712,96.6976,0.1049,0.75,0.0,1500.0,0.0,6.3
712.0,2026-05-05T22:58:52.373187+00:00,73.1528,-0.0089,96.8833,0.1577,0.75,0.0,1500.0,0.0,6.3
712.5,2026-05-05T22:58:52.879603+00:00,73.1753,-0.0705,97.026,0.1212,0.75,0.0,1500.0,0.0,6.3
713.0,2026-05-05T22:58:53.373257+00:00,73.1926,-0.0542,97.02,0.124,0.75,0.0,1500.0,0.0,6.3
713.5,2026-05-05T22:58:53.873203+00:00,73.2059,-0.0416,96.7608,0.0105,0.75,0.0,1500.0,0.0,6.3
714.0,2026-05-05T22:58:54.373423+00:00,73.2161,0.0316,96.9319,0.0081,0.75,0.0,1500.0,0.0,6.3
714.5,2026-05-05T22:58:54.873216+00:00,73.0967,-0.0393,96.6005,-0.0324,0.75,0.0,1500.0,0.0,6.3
715.0,2026-05-05T22:58:55.377453+00:00,73.2594,0.0334,96.693,-0.0634,0.75,0.0,1500.0,0.0,6.3
715.5,2026-05-05T22:58:55.873466+00:00,73.13,-0.038,96.9954,-0.0102,0.75,0.0,1500.0,0.0,6.3
716.0,2026-05-05T22:58:56.373363+00:00,73.1577,-0.0292,96.8808,-0.0464,0.75,0.0,1500.0,0.0,6.3
716.5,2026-05-05T22:58:56.873201+00:00,73.3064,0.1049,96.5613,-0.0665,0.75,0.0,1500.0,0.0,6.3
717.0,2026-05-05T22:58:57.373326+00:00,73.4206,0.0806,96.5471,-0.1283,0.75,0.0,1500.0,0.0,6.3
717.5,2026-05-05T22:58:57.878977+00:00,73.5084,0.1892,96.4205,-0.06,0.75,0.0,1500.0,0.0,6.3
718.0,2026-05-05T22:58:58.373184+00:00,73.4486,0.1454,96.5546,-0.0461,0.75,0.0,1500.0,0.0,6.3
718.5,2026-05-05T22:58:58.873381+00:00,73.5299,0.1118,96.6577,-0.1126,0.75,0.0,1500.0,0.0,6.3
719.0,2026-05-05T22:58:59.373190+00:00,73.4651,0.0223,96.598,-0.0942,0.75,0.0,1500.0,0.0,6.3
719.5,2026-05-05T22:58:59.873324+00:00,73.4154,-0.0465,96.8068,0.0818,0.75,0.0,1500.0,0.0,6.3
720.0,2026-05-05T22:59:00.381117+00:00,73.3771,-0.0358,97.0829,0.1786,0.75,0.0,1500.0,0.0,6.3
720.5,2026-05-05T22:59:00.873245+00:00,73.475,-0.0275,97.0637,0.2144,0.75,0.0,1500.0,0.0,6.3
721.0,2026-05-05T22:59:01.373239+00:00,73.5502,0.0425,97.049,0.1648,0.75,0.0,1500.0,0.0,6.3
721.5,2026-05-05T22:59:01.873323+00:00,73.4807,0.0327,97.0376,0.1267,0.75,0.0,1500.0,0.0,6.3
722.0,2026-05-05T22:59:02.373197+00:00,73.4273,0.0251,96.9132,0.1051,0.75,0.0,1500.0,0.0,6.3
722.5,2026-05-05T22:59:02.878643+00:00,73.3863,-0.0443,97.049,0.0807,0.75,0.0,1500.0,0.0,6.3
723.000912,2026-05-05T22:59:03.374977+00:00,73.482,-0.0341,96.9451,-0.0459,0.75,0.0,1500.0,0.0,6.3
723.5,2026-05-05T22:59:03.873215+00:00,73.5556,0.0374,96.9578,-0.0353,0.75,0.0,1500.0,0.0,6.3
724.0,2026-05-05T22:59:04.373212+00:00,73.4849,0.0288,96.8287,-0.0734,0.75,0.0,1500.0,0.0,6.3
724.5,2026-05-05T22:59:04.873265+00:00,73.4305,0.0221,96.6601,-0.1258,0.75,0.0,1500.0,0.0,6.3
725.0,2026-05-05T22:59:05.379836+00:00,73.3888,-0.0466,96.4842,-0.143,0.75,0.0,1500.0,0.0,6.3
725.5,2026-05-05T22:59:05.873641+00:00,73.4839,-0.0358,96.6036,-0.1485,0.75,0.0,1500.0,0.0,6.3
726.0,2026-05-05T22:59:06.373397+00:00,73.4298,-0.0275,96.6953,-0.0833,0.75,0.0,1500.0,0.0,6.3
726.5,2026-05-05T22:59:06.873203+00:00,73.5155,0.0425,96.5113,-0.1488,0.75,0.0,1500.0,0.0,6.3
727.0,2026-05-05T22:59:07.373209+00:00,73.454,0.0326,96.3698,-0.153,0.75,0.0,1500.0,0.0,6.3
727.5,2026-05-05T22:59:07.882853+00:00,73.5341,0.0251,96.3999,-0.0867,0.75,0.0,1500.0,0.0,6.3
728.0,2026-05-05T22:59:08.373219+00:00,73.5956,0.0829,96.3074,-0.0589,0.75,0.0,1500.0,0.0,6.3
728.5,2026-05-05T22:59:08.873204+00:00,73.6429,0.0637,96.2363,-0.1224,0.75,0.0,1500.0,0.0,6.3
729.0,2026-05-05T22:59:09.373822+00:00,73.4247,-0.0147,96.2742,-0.1404,0.75,0.0,1500.0,0.0,6.3
729.5,2026-05-05T22:59:09.873211+00:00,73.5116,-0.0113,96.095,-0.1388,0.75,0.0,1500.0,0.0,6.3
730.0,2026-05-05T22:59:10.377522+00:00,73.7056,0.055,96.073,-0.0989,0.75,0.0,1500.0,0.0,6.3
730.5,2026-05-05T22:59:10.873223+00:00,73.6002,-0.0214,96.033,-0.1223,0.75,0.0,1500.0,0.0,6.3
731.0,2026-05-05T22:59:11.373234+00:00,73.5191,0.0472,95.794,-0.1711,0.75,0.0,1500.0,0.0,6.3
731.5,2026-05-05T22:59:11.873369+00:00,73.4569,-0.0274,96.1887,-0.0158,0.75,0.0,1500.0,0.0,6.3
732.0,2026-05-05T22:59:12.373392+00:00,73.5363,-0.0847,96.2608,-0.0045,0.75,0.0,1500.0,0.0,6.3
732.5,2026-05-05T22:59:12.883833+00:00,73.5973,-0.0014,96.2004,0.0351,0.75,0.0,1500.0,0.0,6.3
733.0,2026-05-05T22:59:13.373203+00:00,73.6442,0.0625,96.3854,0.1041,0.75,0.0,1500.0,0.0,6.3
733.5,2026-05-05T22:59:13.873424+00:00,73.6802,0.1117,96.412,0.1263,0.75,0.0,1500.0,0.0,6.3
734.0,2026-05-05T22:59:14.373267+00:00,73.708,0.0859,96.5249,0.2436,0.75,0.0,1500.0,0.0,6.3
734.5,2026-05-05T22:59:14.873290+00:00,73.4747,-0.0613,96.5191,0.1101,0.75,0.0,1500.0,0.0,6.3
735.0,2026-05-05T22:59:15.377969+00:00,73.55,-0.0471,96.723,0.1541,0.75,0.0,1500.0,0.0,6.3
735.501127,2026-05-05T22:59:15.874468+00:00,73.4806,-0.0998,96.5557,0.1184,0.75,0.0,1500.0,0.0,6.3
736.0,2026-05-05T22:59:16.373228+00:00,73.4272,-0.1404,96.7742,0.1296,0.75,0.0,1500.0,0.0,6.3
736.5,2026-05-05T22:59:16.873647+00:00,73.3862,-0.0443,96.9421,0.1767,0.75,0.0,1500.0,0.0,6.3
737.000473,2026-05-05T22:59:17.373670+00:00,73.482,-0.034,96.8167,0.0973,0.75,0.0,1500.0,0.0,6.3
737.5,2026-05-05T22:59:17.878436+00:00,73.5556,0.0375,96.9748,0.1519,0.75,0.0,1500.0,0.0,6.3
738.0,2026-05-05T22:59:18.373209+00:00,73.6121,0.0925,96.9806,0.0859,0.75,0.0,1500.0,0.0,6.3
738.5,2026-05-05T22:59:18.873320+00:00,73.5283,0.0711,96.8463,0.0969,0.75,0.0,1500.0,0.0,6.3
739.0,2026-05-05T22:59:19.373267+00:00,73.3367,-0.0727,96.6504,-0.0412,0.75,0.0,1500.0,0.0,6.3
739.5,2026-05-05T22:59:19.873635+00:00,73.3166,-0.1195,96.7313,-0.0703,0.75,0.0,1500.0,0.0,6.3
740.0,2026-05-05T22:59:20.379016+00:00,73.3012,-0.1555,96.3076,-0.1697,0.75,0.0,1500.0,0.0,6.3
740.5,2026-05-05T22:59:20.873218+00:00,73.2893,-0.1195,96.1207,-0.2847,0.75,0.0,1500.0,0.0,6.3512
741.0,2026-05-05T22:59:21.373463+00:00,73.153,-0.0918,96.0928,-0.296,0.75,0.0,1500.0,0.0,6.3762
741.5,2026-05-05T22:59:21.874242+00:00,73.3027,-0.007,96.0713,-0.2583,0.75,0.0,1500.0,0.0,6.3884
742.0,2026-05-05T22:59:22.373239+00:00,73.2905,-0.0053,96.1705,-0.16,0.75,0.0,1500.0,0.0,6.3943
742.5,2026-05-05T22:59:22.878657+00:00,73.2811,-0.0041,96.2467,-0.1615,0.75,0.0,1500.0,0.0,6.3972
743.0,2026-05-05T22:59:23.373450+00:00,73.4012,0.1241,96.421,0.0378,0.75,0.0,1500.0,0.0,6.3986
743.5,2026-05-05T22:59:23.873242+00:00,73.2389,-0.0319,96.555,0.1448,0.75,0.0,1500.0,0.0,6.3993
744.0,2026-05-05T22:59:24.373235+00:00,73.1142,-0.0881,96.658,0.1884,0.75,0.0,1500.0,0.0,6.3997
744.500749,2026-05-05T22:59:24.874763+00:00,73.0184,-0.1314,96.8528,0.2605,0.75,0.0,1500.0,0.0,6.3998
745.0,2026-05-05T22:59:25.380660+00:00,73.1992,-0.101,96.8869,0.2388,0.75,0.0,1500.0,0.0,6.3999
745.5,2026-05-05T22:59:25.873479+00:00,73.211,-0.014,96.7742,0.1758,0.75,0.0,1500.0,0.0,6.4
746.0,2026-05-05T22:59:26.375542+00:00,73.3473,0.1165,96.7108,0.0966,0.75,0.0,1500.0,0.0,6.4
746.5,2026-05-05T22:59:26.873192+00:00,73.452,0.2168,96.5232,-0.0106,0.75,0.0,1500.0,0.0,6.4
747.0,2026-05-05T22:59:27.373270+00:00,73.4053,0.103,96.379,-0.093,0.75,0.0,1500.0,0.0,6.4
747.5,2026-05-05T22:59:27.982605+00:00,73.4966,0.1428,96.5227,-0.1101,0.75,0.0,1500.0,0.0,6.4
748.0,2026-05-05T22:59:28.373237+00:00,73.5668,0.1098,96.4943,-0.1309,0.75,0.0,1500.0,0.0,6.4
748.5,2026-05-05T22:59:28.873722+00:00,73.3662,-0.0429,96.727,-0.0157,0.75,0.0,1500.0,0.0,6.4
749.0,2026-05-05T22:59:29.373363+00:00,73.4666,0.0307,96.6745,-0.0121,0.75,0.0,1500.0,0.0,6.3488
749.5,2026-05-05T22:59:29.873202+00:00,73.5438,0.0236,96.611,0.0293,0.75,0.0,1500.0,0.0,6.3238
750.0,2026-05-05T22:59:30.380149+00:00,73.4758,-0.0455,96.6778,0.0996,0.75,0.0,1500.0,0.0,6.3116
750.5,2026-05-05T22:59:30.873347+00:00,73.4235,0.0286,96.521,-0.0006,0.75,0.0,1500.0,0.0,6.3569
751.0,2026-05-05T22:59:31.373269+00:00,73.5107,0.022,96.5161,0.0073,0.75,0.0,1500.0,0.0,6.379
751.5,2026-05-05T22:59:31.873671+00:00,73.7049,0.0806,96.6281,-0.033,0.75,0.0,1500.0,0.0,6.3897
752.0,2026-05-05T22:59:32.373561+00:00,73.7269,0.1256,96.4828,-0.0639,0.75,0.0,1500.0,0.0,6.395
752.5,2026-05-05T22:59:32.882871+00:00,73.6165,0.0965,96.371,-0.08,0.75,0.0,1500.0,0.0,6.3976
753.0,2026-05-05T22:59:33.373310+00:00,73.4044,-0.0531,96.3777,-0.1,0.75,0.0,1500.0,0.0,6.3988
753.5,2026-05-05T22:59:33.873302+00:00,73.3687,-0.1681,96.5449,0.008,0.75,0.0,1500.0,0.0,6.3994
754.0,2026-05-05T22:59:34.373249+00:00,73.3412,-0.1928,96.5114,-0.0016,0.75,0.0,1500.0,0.0,6.3997
754.5,2026-05-05T22:59:34.873278+00:00,73.3201,-0.1482,96.5087,-0.0398,0.75,0.0,1500.0,0.0,6.3999
755.0,2026-05-05T22:59:35.378322+00:00,73.3039,-0.0503,96.6224,0.0465,0.75,0.0,1500.0,0.0,6.3487
755.5,2026-05-05T22:59:35.873264+00:00,73.2914,-0.0386,96.5941,0.0743,0.75,0.0,1500.0,0.0,6.375
756.0,2026-05-05T22:59:36.373212+00:00,73.4091,0.0339,96.6649,0.0957,0.75,0.0,1500.0,0.0,6.3366
756.5,2026-05-05T22:59:36.873572+00:00,73.4996,0.0897,96.7424,0.0658,0.75,0.0,1500.0,0.0,6.3179
757.0,2026-05-05T22:59:37.373185+00:00,73.4418,0.069,96.3392,-0.0574,0.75,0.0,1500.0,0.0,6.3087
757.5,2026-05-05T22:59:37.877872+00:00,73.2702,-0.0106,96.469,-0.0132,0.75,0.0,1500.0,0.0,6.3043
758.0,2026-05-05T22:59:38.373279+00:00,73.2655,-0.0718,96.3605,-0.0873,0.75,0.0,1500.0,0.0,6.3021
758.5,2026-05-05T22:59:38.873211+00:00,73.2619,-0.1188,96.2771,-0.1057,0.75,0.0,1500.0,0.0,6.301
759.0,2026-05-05T22:59:39.373174+00:00,73.3864,-0.0277,96.56,-0.0349,0.75,0.0,1500.0,0.0,6.3005
759.5,2026-05-05T22:59:39.873710+00:00,73.3549,0.0423,96.7775,0.0117,0.75,0.0,1500.0,0.0,6.3002
760.0,2026-05-05T22:59:40.377518+00:00,73.4579,0.0962,96.4819,0.0476,0.75,0.0,1500.0,0.0,6.3001
760.5,2026-05-05T22:59:40.873191+00:00,73.1552,-0.0533,96.6018,0.0443,0.75,0.0,1500.0,0.0,6.3001
761.0,2026-05-05T22:59:41.373571+00:00,73.3044,-0.041,96.6939,0.1112,0.75,0.0,1500.0,0.0,6.3
761.5,2026-05-05T22:59:41.873207+00:00,73.2918,-0.0315,96.4177,0.0469,0.75,0.0,1500.0,0.0,6.3
762.0,2026-05-05T22:59:42.373193+00:00,73.4094,-0.0242,96.5293,-0.0103,0.75,0.0,1500.0,0.0,6.3
762.5,2026-05-05T22:59:42.877988+00:00,73.2453,0.045,96.4068,-0.1236,0.75,0.0,1500.0,0.0,6.3
763.0,2026-05-05T22:59:43.373241+00:00,73.3736,0.0346,96.3127,-0.0564,0.75,0.0,1500.0,0.0,6.3
763.5,2026-05-05T22:59:43.873213+00:00,73.345,0.0266,96.4486,-0.0511,0.75,0.0,1500.0,0.0,6.3
764.0,2026-05-05T22:59:44.373298+00:00,73.1958,-0.1068,96.6919,-0.0007,0.75,0.0,1500.0,0.0,6.3
764.5,2026-05-05T22:59:44.873215+00:00,72.9538,-0.1457,96.5086,0.0303,0.75,0.0,1500.0,0.0,6.3
765.0,2026-05-05T22:59:45.379605+00:00,73.1496,-0.112,96.7149,0.0619,0.75,0.0,1500.0,0.0,6.3
765.5,2026-05-05T22:59:45.873554+00:00,73.3001,-0.0225,96.7809,0.1247,0.75,0.0,1500.0,0.0,6.3
766.0,2026-05-05T22:59:46.373179+00:00,73.2885,0.0464,96.6002,0.0958,0.75,0.0,1500.0,0.0,6.3
766.5,2026-05-05T22:59:46.873259+00:00,73.2796,0.1629,96.8084,0.1199,0.75,0.0,1500.0,0.0,6.3
767.0,2026-05-05T22:59:47.373202+00:00,73.1455,-0.0021,96.6213,-0.0235,0.75,0.0,1500.0,0.0,6.3
767.5,2026-05-05T22:59:47.878661+00:00,73.2969,-0.0016,96.5933,0.0282,0.75,0.0,1500.0,0.0,6.3
768.0,2026-05-05T22:59:48.373236+00:00,73.2861,-0.0012,96.6874,-0.0092,0.75,0.0,1500.0,0.0,6.3
768.5,2026-05-05T22:59:48.873460+00:00,73.405,0.0627,96.6209,-0.0533,0.75,0.0,1500.0,0.0,6.3
769.0,2026-05-05T22:59:49.373218+00:00,73.4964,0.1755,96.4772,-0.041,0.75,0.0,1500.0,0.0,6.3
769.5,2026-05-05T22:59:49.873189+00:00,73.4394,0.0712,96.7139,-0.0315,0.75,0.0,1500.0,0.0,6.3
770.0,2026-05-05T22:59:50.378880+00:00,73.3956,0.0547,96.6875,0.0221,0.75,0.0,1500.0,0.0,6.3
770.5,2026-05-05T22:59:50.873205+00:00,73.4891,0.0421,96.5284,-0.0216,0.75,0.0,1500.0,0.0,6.3
771.0,2026-05-05T22:59:51.373187+00:00,73.6883,0.096,96.6376,-0.0166,0.75,0.0,1500.0,0.0,6.3
771.5,2026-05-05T22:59:51.873445+00:00,73.5869,0.0738,96.8371,0.0721,0.75,0.0,1500.0,0.0,6.3
772.0,2026-05-05T22:59:52.373211+00:00,73.3817,-0.0069,96.7591,0.094,0.75,0.0,1500.0,0.0,6.3
772.5,2026-05-05T22:59:52.878957+00:00,73.4785,-0.0053,96.8149,0.0337,0.75,0.0,1500.0,0.0,6.3
773.0,2026-05-05T22:59:53.373438+00:00,73.4256,-0.1314,96.7189,0.0104,0.75,0.0,1500.0,0.0,6.3
773.5,2026-05-05T22:59:53.873209+00:00,73.6395,0.0263,96.5525,0.008,0.75,0.0,1500.0,0.0,6.3
774.0,2026-05-05T22:59:54.373311+00:00,73.5494,0.0838,96.6561,0.0062,0.75,0.0,1500.0,0.0,6.3
774.5,2026-05-05T22:59:54.873462+00:00,73.4801,0.0008,96.7356,-0.0338,0.75,0.0,1500.0,0.0,6.3
775.0,2026-05-05T22:59:55.378230+00:00,73.5541,0.0643,96.5654,-0.0646,0.75,0.0,1500.0,0.0,6.3
775.5,2026-05-05T22:59:55.873312+00:00,73.4838,-0.0779,96.666,-0.0496,0.75,0.0,1500.0,0.0,6.3
776.0,2026-05-05T22:59:56.373216+00:00,73.5569,0.0038,96.859,0.0467,0.75,0.0,1500.0,0.0,6.3
776.5,2026-05-05T22:59:56.873332+00:00,73.4859,0.0029,96.7528,0.0668,0.75,0.0,1500.0,0.0,6.3
777.0,2026-05-05T22:59:57.373197+00:00,73.4313,-0.0614,96.9257,0.0899,0.75,0.0,1500.0,0.0,6.3
777.5,2026-05-05T22:59:57.878417+00:00,73.3894,-0.0472,96.804,0.0228,0.75,0.0,1500.0,0.0,6.3
778.0,2026-05-05T22:59:58.373234+00:00,73.3571,-0.0999,96.6411,0.0252,0.75,0.0,1500.0,0.0,6.3
778.5,2026-05-05T22:59:58.873656+00:00,73.4596,-0.0132,96.9556,0.0965,0.75,0.0,1500.0,0.0,6.3
779.000844,2026-05-05T22:59:59.374756+00:00,73.4111,-0.0101,96.8501,-0.0029,0.75,0.0,1500.0,0.0,6.3
779.5,2026-05-05T22:59:59.873213+00:00,73.3738,-0.0078,96.7691,0.0055,0.75,0.0,1500.0,0.0,6.3
780.0,2026-05-05T23:00:00.379363+00:00,73.4724,0.0577,96.7068,-0.0729,0.75,0.0,1500.0,0.0,6.3
780.501985,2026-05-05T23:00:00.875700+00:00,73.421,-0.0193,96.6358,-0.0561,0.75,0.0,1500.0,0.0,6.3512
781.0,2026-05-05T23:00:01.373181+00:00,73.3814,-0.0148,96.697,0.0186,0.75,0.0,1500.0,0.0,6.325
781.5,2026-05-05T23:00:01.873214+00:00,73.2237,-0.075,96.6283,-0.1091,0.75,0.0,1500.0,0.0,6.3122
782.0,2026-05-05T23:00:02.375132+00:00,73.2298,-0.1213,96.5986,-0.0839,0.75,0.0,1500.0,0.0,6.306
782.5,2026-05-05T23:00:02.879166+00:00,73.2345,-0.0932,96.8072,0.0127,0.75,0.0,1500.0,0.0,6.3029
783.0,2026-05-05T23:00:03.373188+00:00,73.2381,-0.0717,96.8518,0.0483,0.75,0.0,1500.0,0.0,6.3526
783.501135,2026-05-05T23:00:03.874471+00:00,73.4954,0.1358,96.8861,0.0834,0.75,0.0,1500.0,0.0,6.3257
784.0,2026-05-05T23:00:04.373200+00:00,73.5659,0.168,96.9124,0.0718,0.75,0.0,1500.0,0.0,6.3125
784.5,2026-05-05T23:00:04.873362+00:00,73.4928,0.1291,96.9096,0.0938,0.75,0.0,1500.0,0.0,6.3061
785.0,2026-05-05T23:00:05.379822+00:00,73.4366,0.0993,96.8148,0.0721,0.75,0.0,1500.0,0.0,6.303
785.5,2026-05-05T23:00:05.873188+00:00,73.5207,0.0127,96.9733,0.0554,0.75,0.0,1500.0,0.0,6.3015
786.0,2026-05-05T23:00:06.373831+00:00,73.5853,0.0097,96.9795,0.0426,0.75,0.0,1500.0,0.0,6.3007
786.5,2026-05-05T23:00:06.873214+00:00,73.5077,0.0075,96.8686,-0.0058,0.75,0.0,1500.0,0.0,6.3003
787.0,2026-05-05T23:00:07.373176+00:00,73.3208,-0.0579,96.7833,-0.0431,0.75,0.0,1500.0,0.0,6.3002
787.5,2026-05-05T23:00:07.878486+00:00,73.3044,-0.1081,96.8334,-0.0254,0.75,0.0,1500.0,0.0,6.3001
788.0,2026-05-05T23:00:08.373252+00:00,73.2918,-0.1467,96.6406,-0.0581,0.75,0.0,1500.0,0.0,6.3
788.5,2026-05-05T23:00:08.873197+00:00,73.4094,-0.0492,96.608,-0.1218,0.75,0.0,1500.0,0.0,6.3
789.0,2026-05-05T23:00:09.373314+00:00,73.4998,0.0895,96.6987,-0.0936,0.75,0.0,1500.0,0.0,6.3
789.5,2026-05-05T23:00:09.873246+00:00,73.5693,0.1324,96.6528,-0.0719,0.75,0.0,1500.0,0.0,6.3
790.0,2026-05-05T23:00:10.378026+00:00,73.6227,0.1654,96.7331,-0.0167,0.75,0.0,1500.0,0.0,6.3
790.5,2026-05-05T23:00:10.873307+00:00,73.5364,0.0635,96.656,-0.0591,0.75,0.0,1500.0,0.0,6.3
791.0,2026-05-05T23:00:11.373348+00:00,73.4701,-0.0148,96.6199,-0.0069,0.75,0.0,1500.0,0.0,6.3
791.5,2026-05-05T23:00:11.873425+00:00,73.5465,-0.0114,96.5922,-0.0053,0.75,0.0,1500.0,0.0,6.3
792.0,2026-05-05T23:00:12.373179+00:00,73.4779,-0.0724,96.4551,-0.0812,0.75,0.0,1500.0,0.0,6.3
792.5,2026-05-05T23:00:12.884722+00:00,73.5524,0.008,96.3498,-0.101,0.75,0.0,1500.0,0.0,6.3
793.0,2026-05-05T23:00:13.373190+00:00,73.4824,0.0061,96.3846,-0.1162,0.75,0.0,1500.0,0.0,6.3
793.5,2026-05-05T23:00:13.873205+00:00,73.4286,-0.0589,96.527,-0.043,0.75,0.0,1500.0,0.0,6.3
794.0,2026-05-05T23:00:14.373541+00:00,73.3873,-0.0453,96.3819,-0.0793,0.75,0.0,1500.0,0.0,6.3
794.5,2026-05-05T23:00:14.873189+00:00,73.4828,-0.0348,96.5249,-0.0224,0.75,0.0,1500.0,0.0,6.3
795.0,2026-05-05T23:00:15.381417+00:00,73.6835,0.1005,96.7506,0.0985,0.75,0.0,1500.0,0.0,6.2488
795.5,2026-05-05T23:00:15.873495+00:00,73.5832,0.0773,96.5769,0.0757,0.75,0.0,1500.0,0.0,6.275
796.0,2026-05-05T23:00:16.373234+00:00,73.3788,-0.0043,96.7905,0.1353,0.75,0.0,1500.0,0.0,6.2878
796.5,2026-05-05T23:00:16.873603+00:00,73.2217,-0.1305,96.9547,0.1426,0.75,0.0,1500.0,0.0,6.294
797.0,2026-05-05T23:00:17.373348+00:00,73.2283,-0.2276,96.8495,0.1559,0.75,0.0,1500.0,0.0,6.2971
797.5,2026-05-05T23:00:17.877793+00:00,73.2333,-0.1749,96.8843,0.1198,0.75,0.0,1500.0,0.0,6.2986
798.0,2026-05-05T23:00:18.373258+00:00,73.3644,-0.0072,97.0268,0.0921,0.75,0.0,1500.0,0.0,6.2993
798.5,2026-05-05T23:00:18.873264+00:00,73.4652,0.1217,96.7892,0.0708,0.75,0.0,1500.0,0.0,6.2997
799.0,2026-05-05T23:00:19.373181+00:00,73.4154,0.0936,96.838,0.0158,0.75,0.0,1500.0,0.0,6.2998
799.500001,2026-05-05T23:00:19.873521+00:00,73.3771,0.0719,96.968,0.0044,0.75,0.0,1500.0,0.0,6.2999
800.0,2026-05-05T23:00:20.380566+00:00,73.3477,-0.0084,96.8597,0.0034,0.75,0.0,1500.0,0.0,6.3
800.5,2026-05-05T23:00:20.873257+00:00,73.4524,-0.0064,97.0079,0.0412,0.75,0.0,1500.0,0.0,6.3
801.0,2026-05-05T23:00:21.373282+00:00,73.5328,0.0587,96.8904,-0.0455,0.75,0.0,1500.0,0.0,6.3
801.5,2026-05-05T23:00:21.873208+00:00,73.5946,0.1088,96.8232,0.0113,0.75,0.0,1500.0,0.0,6.3
802.0,2026-05-05T23:00:22.373193+00:00,73.5149,0.0836,96.8409,0.001,0.75,0.0,1500.0,0.0,6.3
802.5,2026-05-05T23:00:22.879430+00:00,73.4536,0.0006,96.9935,0.0085,0.75,0.0,1500.0,0.0,6.3
803.0,2026-05-05T23:00:23.373203+00:00,73.4065,-0.0632,96.8561,-0.0012,0.75,0.0,1500.0,0.0,6.3
803.5,2026-05-05T23:00:23.873316+00:00,73.6248,0.0151,96.8894,-0.0395,0.75,0.0,1500.0,0.0,6.3
804.0,2026-05-05T23:00:24.373679+00:00,73.5381,0.0116,96.915,0.0082,0.75,0.0,1500.0,0.0,6.3
804.501471,2026-05-05T23:00:24.874737+00:00,73.4714,0.0089,96.5876,-0.0785,0.75,0.0,1500.0,0.0,6.3
805.0,2026-05-05T23:00:25.377756+00:00,73.5475,0.0705,96.683,-0.0526,0.75,0.0,1500.0,0.0,6.3
805.5,2026-05-05T23:00:25.873250+00:00,73.6059,-0.0095,96.7564,-0.079,0.75,0.0,1500.0,0.0,6.3
806.0,2026-05-05T23:00:26.373335+00:00,73.6508,0.0564,96.4425,-0.1379,0.75,0.0,1500.0,0.0,6.3
806.5,2026-05-05T23:00:26.873214+00:00,73.5581,0.0433,96.5946,-0.0983,0.75,0.0,1500.0,0.0,6.3
807.0,2026-05-05T23:00:27.373288+00:00,73.614,0.0333,96.457,-0.1527,0.75,0.0,1500.0,0.0,6.3
807.500948,2026-05-05T23:00:27.881679+00:00,73.5298,-0.038,96.4438,-0.0479,0.75,0.0,1500.0,0.0,6.3
808.0,2026-05-05T23:00:28.373207+00:00,73.5923,-0.0292,96.4568,-0.0754,0.75,0.0,1500.0,0.0,6.3
808.5,2026-05-05T23:00:28.873267+00:00,73.5131,-0.0225,96.4668,-0.0965,0.75,0.0,1500.0,0.0,6.3
809.0,2026-05-05T23:00:29.373226+00:00,73.5795,-0.0173,96.4514,0.003,0.75,0.0,1500.0,0.0,6.3
809.5,2026-05-05T23:00:29.873278+00:00,73.6305,0.0504,96.5783,-0.0054,0.75,0.0,1500.0,0.0,6.3
810.0,2026-05-05T23:00:30.379360+00:00,73.6697,0.0387,96.7916,0.1115,0.75,0.0,1500.0,0.0,6.3
810.5,2026-05-05T23:00:30.873212+00:00,73.5726,0.0297,96.7241,0.0934,0.75,0.0,1500.0,0.0,6.3
811.0,2026-05-05T23:00:31.373283+00:00,73.498,-0.0408,96.5334,0.0255,0.75,0.0,1500.0,0.0,6.3
811.5,2026-05-05T23:00:31.873257+00:00,73.4406,-0.095,96.5257,0.0196,0.75,0.0,1500.0,0.0,6.3
812.001151,2026-05-05T23:00:32.374513+00:00,73.5238,-0.073,96.404,-0.0158,0.75,0.0,1500.0,0.0,6.3
812.5,2026-05-05T23:00:32.878204+00:00,73.5877,0.0075,96.4262,-0.0507,0.75,0.0,1500.0,0.0,6.3
813.0,2026-05-05T23:00:33.373206+00:00,73.5095,0.0058,96.4433,-0.1161,0.75,0.0,1500.0,0.0,6.3
813.501135,2026-05-05T23:00:33.874531+00:00,73.704,0.1317,96.5721,-0.0507,0.75,0.0,1500.0,0.0,6.3
814.0,2026-05-05T23:00:34.373266+00:00,73.7262,0.1012,96.6711,0.0459,0.75,0.0,1500.0,0.0,6.3
814.5,2026-05-05T23:00:34.873296+00:00,73.7433,0.0778,96.6084,0.0276,0.75,0.0,1500.0,0.0,6.3
815.0,2026-05-05T23:00:35.379883+00:00,73.7564,0.1234,96.4445,0.0135,0.75,0.0,1500.0,0.0,6.3
815.5,2026-05-05T23:00:35.873239+00:00,73.7665,0.0312,96.3416,-0.0282,0.75,0.0,1500.0,0.0,6.3
816.0,2026-05-05T23:00:36.373635+00:00,73.9015,0.0876,96.3783,-0.0217,0.75,0.0,1500.0,0.0,6.3
816.5,2026-05-05T23:00:36.873350+00:00,73.7508,0.0037,96.2676,-0.1015,0.75,0.0,1500.0,0.0,6.3
817.0,2026-05-05T23:00:37.373225+00:00,73.6349,-0.0608,96.2982,-0.1243,0.75,0.0,1500.0,0.0,6.3
817.500159,2026-05-05T23:00:37.883038+00:00,73.6731,-0.0467,96.3449,-0.0878,0.75,0.0,1500.0,0.0,6.3
818.0,2026-05-05T23:00:38.373256+00:00,73.4479,-0.2268,96.3577,-0.0289,0.75,0.0,1500.0,0.0,6.3
818.5,2026-05-05T23:00:38.873216+00:00,73.4021,-0.1743,96.1361,-0.0685,0.75,0.0,1500.0,0.0,6.3
819.0,2026-05-05T23:00:39.373339+00:00,73.4942,-0.0703,96.1046,-0.0912,0.75,0.0,1500.0,0.0,6.3
819.5,2026-05-05T23:00:39.873454+00:00,73.4377,-0.1177,96.0804,-0.0624,0.75,0.0,1500.0,0.0,6.3
820.0,2026-05-05T23:00:40.378777+00:00,73.3943,-0.0268,96.0386,-0.0865,0.75,0.0,1500.0,0.0,6.3
820.5,2026-05-05T23:00:40.873353+00:00,73.4881,0.043,96.2611,-0.0279,0.75,0.0,1500.0,0.0,6.3
821.0,2026-05-05T23:00:41.373198+00:00,73.433,-0.0306,96.3164,-0.0138,0.75,0.0,1500.0,0.0,6.3
821.5,2026-05-05T23:00:41.873251+00:00,73.3907,-0.0235,96.3589,0.0743,0.75,0.0,1500.0,0.0,6.3
822.0,2026-05-05T23:00:42.373196+00:00,73.4854,0.0456,96.5072,0.1342,0.75,0.0,1500.0,0.0,6.3
822.5,2026-05-05T23:00:42.879633+00:00,73.4309,-0.0286,96.4824,0.134,0.75,0.0,1500.0,0.0,6.3
823.0,2026-05-05T23:00:43.373218+00:00,73.2618,-0.0856,96.3476,0.103,0.75,0.0,1500.0,0.0,6.3
823.5,2026-05-05T23:00:43.873331+00:00,73.2591,-0.0658,96.3829,0.0406,0.75,0.0,1500.0,0.0,6.3
824.0,2026-05-05T23:00:44.373247+00:00,73.0024,-0.2415,96.2712,-0.0151,0.75,0.0,1500.0,0.0,6.3
824.500927,2026-05-05T23:00:44.874150+00:00,73.187,-0.122,96.301,-0.0193,0.75,0.0,1500.0,0.0,6.3
825.0,2026-05-05T23:00:45.379827+00:00,73.0743,-0.0937,96.1156,-0.1305,0.75,0.0,1500.0,0.0,6.3
825.5,2026-05-05T23:00:45.873208+00:00,73.2422,-0.0084,96.0657,-0.1389,0.75,0.0,1500.0,0.0,6.3
826.0,2026-05-05T23:00:46.374199+00:00,73.1168,0.0572,96.1431,-0.0682,0.75,0.0,1500.0,0.0,6.3
826.5,2026-05-05T23:00:46.873252+00:00,73.2749,0.0439,96.3414,-0.0138,0.75,0.0,1500.0,0.0,6.3
827.0,2026-05-05T23:00:47.373185+00:00,73.2691,0.0974,96.4938,0.0742,0.75,0.0,1500.0,0.0,6.3
827.500916,2026-05-05T23:00:47.879248+00:00,73.2647,0.0112,96.6109,0.1033,0.75,0.0,1500.0,0.0,6.3
828.0,2026-05-05T23:00:48.373184+00:00,73.3886,0.1359,96.8167,0.2337,0.75,0.0,1500.0,0.0,6.3
828.5,2026-05-05T23:00:48.873220+00:00,73.4838,0.1045,96.7434,0.2259,0.75,0.0,1500.0,0.0,6.3
829.0,2026-05-05T23:00:49.373205+00:00,73.4297,0.0803,96.5482,0.135,0.75,0.0,1500.0,0.0,6.3
829.5,2026-05-05T23:00:49.873226+00:00,73.2608,-0.0019,96.6528,0.1038,0.75,0.0,1500.0,0.0,6.3
830.0,2026-05-05T23:00:50.378801+00:00,73.3856,-0.0015,96.8488,0.1183,0.75,0.0,1500.0,0.0,6.3
830.5,2026-05-05T23:00:50.873196+00:00,73.4815,-0.0011,96.6293,0.0061,0.75,0.0,1500.0,0.0,6.3512
831.0,2026-05-05T23:00:51.373261+00:00,73.6825,0.1264,96.5762,-0.0801,0.75,0.0,1500.0,0.0,6.3762
831.5,2026-05-05T23:00:51.873687+00:00,73.7097,0.2244,96.79,0.0155,0.75,0.0,1500.0,0.0,6.3884
832.0,2026-05-05T23:00:52.373202+00:00,73.8578,0.2361,96.6997,0.0505,0.75,0.0,1500.0,0.0,6.3943
832.5,2026-05-05T23:00:52.878303+00:00,73.7172,0.1178,96.6535,0.0003,0.75,0.0,1500.0,0.0,6.3972
833.0,2026-05-05T23:00:53.373210+00:00,73.6091,-0.0367,96.5023,-0.1155,0.75,0.0,1500.0,0.0,6.3986
833.5,2026-05-05T23:00:53.873281+00:00,73.3987,-0.1555,96.3861,-0.0811,0.75,0.0,1500.0,0.0,6.3993
834.0,2026-05-05T23:00:54.373298+00:00,73.6188,-0.1195,96.3893,-0.0623,0.75,0.0,1500.0,0.0,6.3997
834.5,2026-05-05T23:00:54.873333+00:00,73.5335,-0.0918,96.4149,-0.125,0.75,0.0,1500.0,0.0,6.3998
835.0,2026-05-05T23:00:55.378976+00:00,73.3406,-0.1342,96.5272,-0.0575,0.75,0.0,1500.0,0.0,6.3487
835.5,2026-05-05T23:00:55.873209+00:00,73.3197,-0.0395,96.6366,-0.0056,0.75,0.0,1500.0,0.0,6.375
836.0,2026-05-05T23:00:56.373340+00:00,73.4308,-0.094,96.6975,0.0651,0.75,0.0,1500.0,0.0,6.3366
836.5,2026-05-05T23:00:56.873230+00:00,73.5162,-0.0086,96.6287,0.0809,0.75,0.0,1500.0,0.0,6.3179
837.0,2026-05-05T23:00:57.373222+00:00,73.5819,0.1206,96.6915,0.1007,0.75,0.0,1500.0,0.0,6.3087
837.5,2026-05-05T23:00:57.878212+00:00,73.3778,0.0291,96.6703,0.0851,0.75,0.0,1500.0,0.0,6.3043
838.0,2026-05-05T23:00:58.373214+00:00,73.3482,-0.0413,96.6078,0.0269,0.75,0.0,1500.0,0.0,6.3533
838.5,2026-05-05T23:00:58.873312+00:00,73.4528,-0.0317,96.8142,0.0592,0.75,0.0,1500.0,0.0,6.3772
839.0,2026-05-05T23:00:59.373598+00:00,73.4059,-0.088,96.9729,0.0918,0.75,0.0,1500.0,0.0,6.3889
839.5,2026-05-05T23:00:59.873232+00:00,73.4971,0.0596,96.8635,0.0783,0.75,0.0,1500.0,0.0,6.3946
840.0,2026-05-05T23:01:00.379962+00:00,73.5672,0.1095,97.0108,0.1064,0.75,0.0,1500.0,0.0,6.3974
840.5,2026-05-05T23:01:00.873456+00:00,73.7483,0.1478,96.8926,0.0741,0.75,0.0,1500.0,0.0,6.3987
841.0,2026-05-05T23:01:01.373188+00:00,73.8875,0.2408,96.9174,0.1032,0.75,0.0,1500.0,0.0,6.3482
841.5,2026-05-05T23:01:01.873564+00:00,73.8673,0.1851,96.9134,0.0331,0.75,0.0,1500.0,0.0,6.3235
842.001149,2026-05-05T23:01:02.374505+00:00,73.7244,0.0786,97.0491,0.0254,0.75,0.0,1500.0,0.0,6.3115
842.5,2026-05-05T23:01:02.877846+00:00,73.7419,-0.0032,97.1535,0.0967,0.75,0.0,1500.0,0.0,6.3056
843.0,2026-05-05T23:01:03.373371+00:00,73.6281,-0.1297,97.118,0.0357,0.75,0.0,1500.0,0.0,6.3027
843.501054,2026-05-05T23:01:03.874277+00:00,73.6679,-0.0997,96.975,0.0275,0.75,0.0,1500.0,0.0,6.3013
844.0,2026-05-05T23:01:04.373198+00:00,73.6984,-0.013,96.9808,0.0211,0.75,0.0,1500.0,0.0,6.3007
844.5,2026-05-05T23:01:04.873200+00:00,73.4674,-0.1373,96.7538,-0.0532,0.75,0.0,1500.0,0.0,6.3003
845.0,2026-05-05T23:01:05.379561+00:00,73.4171,-0.1055,96.5794,-0.1566,0.75,0.0,1500.0,0.0,6.3002
845.5,2026-05-05T23:01:05.873476+00:00,73.5057,-0.0811,96.4453,-0.2361,0.75,0.0,1500.0,0.0,6.3001
846.0,2026-05-05T23:01:06.373211+00:00,73.5738,-0.0623,96.5737,-0.1814,0.75,0.0,1500.0,0.0,6.3
846.5,2026-05-05T23:01:06.873205+00:00,73.7534,0.143,96.5566,-0.1394,0.75,0.0,1500.0,0.0,6.3
847.0,2026-05-05T23:01:07.373424+00:00,73.8915,0.2372,96.6592,-0.1072,0.75,0.0,1500.0,0.0,6.3
847.5,2026-05-05T23:01:07.878736+00:00,73.8703,0.1823,96.9695,0.0719,0.75,0.0,1500.0,0.0,6.3
848.0,2026-05-05T23:01:08.373658+00:00,73.9813,0.2037,96.9765,0.1324,0.75,0.0,1500.0,0.0,6.3
848.5,2026-05-05T23:01:08.873228+00:00,73.9393,0.093,96.982,0.1789,0.75,0.0,1500.0,0.0,6.3
849.0,2026-05-05T23:01:09.373230+00:00,73.7798,-0.0558,96.7547,0.0604,0.75,0.0,1500.0,0.0,6.3
849.5,2026-05-05T23:01:09.873233+00:00,73.7845,-0.0429,96.6958,0.0464,0.75,0.0,1500.0,0.0,6.3
850.0,2026-05-05T23:01:10.378663+00:00,73.7881,-0.0966,96.6505,-0.0029,0.75,0.0,1500.0,0.0,6.2488
850.5,2026-05-05T23:01:10.873225+00:00,73.9181,-0.0106,96.7314,-0.0794,0.75,0.0,1500.0,0.0,6.275
851.0,2026-05-05T23:01:11.373223+00:00,73.8908,0.0555,96.6547,-0.1073,0.75,0.0,1500.0,0.0,6.2878
851.5,2026-05-05T23:01:11.873662+00:00,73.8698,0.0426,96.966,-0.0053,0.75,0.0,1500.0,0.0,6.294
852.000752,2026-05-05T23:01:12.374021+00:00,73.8536,0.0328,97.0896,0.1116,0.75,0.0,1500.0,0.0,6.2971
852.5,2026-05-05T23:01:12.878138+00:00,73.7139,-0.1021,97.0688,0.1243,0.75,0.0,1500.0,0.0,6.2986
853.0,2026-05-05T23:01:13.373464+00:00,73.6066,-0.1421,97.0529,0.1341,0.75,0.0,1500.0,0.0,6.2993
853.501141,2026-05-05T23:01:13.874423+00:00,73.6513,-0.1092,96.925,0.0645,0.75,0.0,1500.0,0.0,6.2997
854.0,2026-05-05T23:01:14.373362+00:00,73.813,-0.0203,96.9423,0.0959,0.75,0.0,1500.0,0.0,6.2998
854.5,2026-05-05T23:01:14.873296+00:00,73.5555,-0.0792,96.8168,-0.0497,0.75,0.0,1500.0,0.0,6.2999
855.001134,2026-05-05T23:01:15.383841+00:00,73.4848,-0.0609,96.7435,-0.1153,0.75,0.0,1500.0,0.0,6.3
855.5,2026-05-05T23:01:15.873257+00:00,73.5577,-0.0468,96.664,-0.1349,0.75,0.0,1500.0,0.0,6.3
856.0,2026-05-05T23:01:16.373323+00:00,73.4865,-0.1633,96.7418,-0.1037,0.75,0.0,1500.0,0.0,6.3
856.500904,2026-05-05T23:01:16.874128+00:00,73.5591,0.0018,96.6858,-0.0797,0.75,0.0,1500.0,0.0,6.3
857.0,2026-05-05T23:01:17.373242+00:00,73.3603,-0.0623,96.8742,-0.0227,0.75,0.0,1500.0,0.0,6.3
857.5,2026-05-05T23:01:17.878062+00:00,73.3348,-0.1115,96.7876,-0.0097,0.75,0.0,1500.0,0.0,6.3
858.0,2026-05-05T23:01:18.373234+00:00,73.4424,-0.0221,96.7211,-0.0075,0.75,0.0,1500.0,0.0,6.3
858.5,2026-05-05T23:01:18.873184+00:00,73.5252,-0.0169,96.7856,0.0405,0.75,0.0,1500.0,0.0,6.3
859.0,2026-05-05T23:01:19.373487+00:00,73.5888,0.1142,96.8352,0.0312,0.75,0.0,1500.0,0.0,6.3
859.5,2026-05-05T23:01:19.873192+00:00,73.6376,0.1514,96.642,-0.0146,0.75,0.0,1500.0,0.0,6.3
860.0,2026-05-05T23:01:20.382848+00:00,73.8025,0.18,96.8405,-0.0112,0.75,0.0,1500.0,0.0,6.3
860.5,2026-05-05T23:01:20.873335+00:00,73.8019,0.1384,96.8543,0.0222,0.75,0.0,1500.0,0.0,6.3
861.0,2026-05-05T23:01:21.373238+00:00,73.8015,0.1064,96.888,0.0556,0.75,0.0,1500.0,0.0,6.3
861.5,2026-05-05T23:01:21.873197+00:00,73.6739,0.0181,96.9139,0.0428,0.75,0.0,1500.0,0.0,6.3
862.002598,2026-05-05T23:01:22.375861+00:00,73.5758,-0.1134,96.9338,0.0329,0.75,0.0,1500.0,0.0,6.3
862.5,2026-05-05T23:01:22.879187+00:00,73.7549,-0.0235,97.0648,0.141,0.75,0.0,1500.0,0.0,6.3
863.0,2026-05-05T23:01:23.373178+00:00,73.8926,0.0456,97.1655,0.1083,0.75,0.0,1500.0,0.0,6.3
863.500909,2026-05-05T23:01:23.874179+00:00,73.7439,0.035,97.1272,0.091,0.75,0.0,1500.0,0.0,6.3
864.0,2026-05-05T23:01:24.373216+00:00,73.7569,0.0906,97.0978,0.0699,0.75,0.0,1500.0,0.0,6.3
864.5,2026-05-05T23:01:24.873644+00:00,73.7669,0.006,97.052,0.046,0.75,0.0,1500.0,0.0,6.3
865.0,2026-05-05T23:01:25.379790+00:00,73.7745,-0.059,96.9243,-0.0032,0.75,0.0,1500.0,0.0,6.2488
865.5,2026-05-05T23:01:25.873172+00:00,73.5259,-0.109,96.9418,-0.041,0.75,0.0,1500.0,0.0,6.275
866.0,2026-05-05T23:01:26.373247+00:00,73.5893,-0.0838,96.7239,-0.1472,0.75,0.0,1500.0,0.0,6.2878
866.5,2026-05-05T23:01:26.873212+00:00,73.6381,-0.0644,96.6721,-0.1517,0.75,0.0,1500.0,0.0,6.294
867.0,2026-05-05T23:01:27.373202+00:00,73.6755,-0.0495,96.8405,-0.0858,0.75,0.0,1500.0,0.0,6.2971
867.5,2026-05-05T23:01:27.878972+00:00,73.8316,0.1529,96.9931,-0.0196,0.75,0.0,1500.0,0.0,6.2986
868.000067,2026-05-05T23:01:28.373299+00:00,73.697,0.0539,96.879,-0.0151,0.75,0.0,1500.0,0.0,6.2993
868.5,2026-05-05T23:01:28.873193+00:00,73.7209,0.0414,97.0227,0.027,0.75,0.0,1500.0,0.0,6.2997
869.0,2026-05-05T23:01:29.373458+00:00,73.7392,0.0318,97.0175,0.0979,0.75,0.0,1500.0,0.0,6.2998
869.5,2026-05-05T23:01:29.873216+00:00,73.626,-0.1028,96.9903,0.1061,0.75,0.0,1500.0,0.0,6.2999
870.0,2026-05-05T23:01:30.380921+00:00,73.539,-0.079,96.8768,0.0121,0.75,0.0,1500.0,0.0,6.3
870.5,2026-05-05T23:01:30.875206+00:00,73.4721,-0.1244,96.8822,-0.037,0.75,0.0,1500.0,0.0,6.3
871.0,2026-05-05T23:01:31.373180+00:00,73.2934,-0.2229,96.7937,-0.0284,0.75,0.0,1500.0,0.0,6.3
871.5,2026-05-05T23:01:31.873405+00:00,73.4107,-0.1077,96.8183,-0.0681,0.75,0.0,1500.0,0.0,6.3
872.0,2026-05-05T23:01:32.373234+00:00,73.628,0.0445,96.8372,-0.0601,0.75,0.0,1500.0,0.0,6.3
872.5,2026-05-05T23:01:32.881248+00:00,73.5405,0.0342,96.6204,-0.1233,0.75,0.0,1500.0,0.0,6.3
873.0,2026-05-05T23:01:33.373366+00:00,73.7279,0.2172,96.7082,-0.0562,0.75,0.0,1500.0,0.0,6.3
873.500922,2026-05-05T23:01:33.874183+00:00,73.7445,0.1669,96.66,-0.0741,0.75,0.0,1500.0,0.0,6.3
874.0,2026-05-05T23:01:34.373205+00:00,73.5028,-0.0626,96.8544,0.0202,0.75,0.0,1500.0,0.0,6.3
874.5,2026-05-05T23:01:34.873343+00:00,73.4443,-0.0481,96.8649,0.0155,0.75,0.0,1500.0,0.0,6.3
875.0,2026-05-05T23:01:35.383104+00:00,73.2721,-0.2279,96.7805,-0.0189,0.75,0.0,1500.0,0.0,6.3
875.5,2026-05-05T23:01:35.873201+00:00,73.3943,-0.1751,96.8082,0.0626,0.75,0.0,1500.0,0.0,6.3
876.0,2026-05-05T23:01:36.373414+00:00,73.6154,0.0563,96.7368,0.0095,0.75,0.0,1500.0,0.0,6.3
876.5,2026-05-05T23:01:36.873207+00:00,73.6581,0.1069,96.5432,-0.0389,0.75,0.0,1500.0,0.0,6.3
877.0,2026-05-05T23:01:37.373198+00:00,73.691,0.2094,96.5101,-0.1148,0.75,0.0,1500.0,0.0,6.3
877.5,2026-05-05T23:01:37.879580+00:00,73.7162,0.161,96.6234,-0.0805,0.75,0.0,1500.0,0.0,6.3
878.001134,2026-05-05T23:01:38.374416+00:00,73.8629,0.1237,96.3635,-0.139,0.75,0.0,1500.0,0.0,6.3
878.5,2026-05-05T23:01:38.873230+00:00,73.9756,0.1587,96.1637,-0.2148,0.75,0.0,1500.0,0.0,6.3
879.0,2026-05-05T23:01:39.373214+00:00,73.8077,0.0584,96.4729,-0.088,0.75,0.0,1500.0,0.0,6.3
879.501143,2026-05-05T23:01:39.874496+00:00,73.8059,0.0449,96.3403,-0.0676,0.75,0.0,1500.0,0.0,6.3
880.0,2026-05-05T23:01:40.378798+00:00,73.6773,-0.0928,96.3773,-0.0443,0.75,0.0,1500.0,0.0,6.2488
880.5,2026-05-05T23:01:40.873520+00:00,73.7057,-0.135,96.4288,-0.0649,0.75,0.0,1500.0,0.0,6.275
881.0,2026-05-05T23:01:41.373213+00:00,73.6002,-0.1037,96.3296,-0.0113,0.75,0.0,1500.0,0.0,6.2878
881.5,2026-05-05T23:01:41.873318+00:00,73.6465,-0.0797,96.4616,0.0993,0.75,0.0,1500.0,0.0,6.294
882.0,2026-05-05T23:01:42.373257+00:00,73.5547,-0.0613,96.563,0.03,0.75,0.0,1500.0,0.0,6.2971
882.5,2026-05-05T23:01:42.879877+00:00,73.6115,-0.0471,96.2939,-0.0155,0.75,0.0,1500.0,0.0,6.2986
883.0,2026-05-05T23:01:43.373299+00:00,73.6551,0.0274,96.3185,-0.0196,0.75,0.0,1500.0,0.0,6.2993
883.5,2026-05-05T23:01:43.873445+00:00,73.8159,0.0847,96.2448,-0.0613,0.75,0.0,1500.0,0.0,6.2997
884.001123,2026-05-05T23:01:44.374500+00:00,73.6849,0.0651,96.2807,-0.0163,0.75,0.0,1500.0,0.0,6.2998
884.5,2026-05-05T23:01:44.873212+00:00,73.7116,0.05,96.3314,-0.0434,0.75,0.0,1500.0,0.0,6.2999
885.0,2026-05-05T23:01:45.378105+00:00,73.6048,-0.0252,96.4861,-0.0256,0.75,0.0,1500.0,0.0,6.3
885.5,2026-05-05T23:01:45.873233+00:00,73.6499,-0.083,96.3736,0.0266,0.75,0.0,1500.0,0.0,6.3
886.0,2026-05-05T23:01:46.373293+00:00,73.5574,-0.0638,96.4954,0.059,0.75,0.0,1500.0,0.0,6.3
886.5,2026-05-05T23:01:46.873418+00:00,73.359,-0.1763,96.3808,0.0453,0.75,0.0,1500.0,0.0,6.3
887.0,2026-05-05T23:01:47.373211+00:00,73.461,-0.0719,96.3852,0.0349,0.75,0.0,1500.0,0.0,6.3
887.5,2026-05-05T23:01:47.877605+00:00,73.5395,-0.0552,96.5506,0.0731,0.75,0.0,1500.0,0.0,6.3
888.0,2026-05-05T23:01:48.373212+00:00,73.5998,0.0212,96.5389,0.0176,0.75,0.0,1500.0,0.0,6.3
888.500924,2026-05-05T23:01:48.874139+00:00,73.5188,0.0799,96.4142,0.0135,0.75,0.0,1500.0,0.0,6.3
889.0,2026-05-05T23:01:49.373251+00:00,73.4566,-0.0022,96.6655,0.0567,0.75,0.0,1500.0,0.0,6.3
889.5,2026-05-05T23:01:49.873599+00:00,73.4088,-0.0653,96.8586,0.1593,0.75,0.0,1500.0,0.0,6.3
890.001742,2026-05-05T23:01:50.379127+00:00,73.4993,-0.0502,96.5442,0.053,0.75,0.0,1500.0,0.0,6.3
890.5,2026-05-05T23:01:50.873244+00:00,73.4416,-0.0386,96.6265,0.0253,0.75,0.0,1500.0,0.0,6.3
891.0,2026-05-05T23:01:51.373228+00:00,73.5246,0.034,96.6898,0.0503,0.75,0.0,1500.0,0.0,6.3
891.5,2026-05-05T23:01:51.873219+00:00,73.5883,0.0897,96.5302,0.0387,0.75,0.0,1500.0,0.0,6.3
892.0,2026-05-05T23:01:52.373438+00:00,73.6373,0.069,96.5232,-0.0474,0.75,0.0,1500.0,0.0,6.3
892.5,2026-05-05T23:01:52.879027+00:00,73.8022,0.1803,96.4947,-0.1213,0.75,0.0,1500.0,0.0,6.3
893.0,2026-05-05T23:01:53.373342+00:00,73.8017,0.1386,96.3571,-0.0624,0.75,0.0,1500.0,0.0,6.3
893.5,2026-05-05T23:01:53.873228+00:00,73.8013,0.1065,96.5059,-0.0402,0.75,0.0,1500.0,0.0,6.3
894.0,2026-05-05T23:01:54.373204+00:00,73.801,0.0819,96.5045,-0.0618,0.75,0.0,1500.0,0.0,6.3
894.5,2026-05-05T23:01:54.873222+00:00,73.8008,-0.0007,96.5266,-0.0012,0.75,0.0,1500.0,0.0,6.3
895.0,2026-05-05T23:01:55.379547+00:00,73.9279,0.0631,96.7518,0.0762,0.75,0.0,1500.0,0.0,6.3
895.5,2026-05-05T23:01:55.873601+00:00,73.771,-0.0151,96.925,0.1434,0.75,0.0,1500.0,0.0,6.3
896.0,2026-05-05T23:01:56.373194+00:00,73.6504,-0.0753,96.9192,0.1874,0.75,0.0,1500.0,0.0,6.3
896.5,2026-05-05T23:01:56.873220+00:00,73.8123,0.0058,97.0536,0.1826,0.75,0.0,1500.0,0.0,6.3
897.0,2026-05-05T23:01:57.373586+00:00,73.8095,-0.0592,97.1569,0.2175,0.75,0.0,1500.0,0.0,6.3
897.5,2026-05-05T23:01:57.878695+00:00,73.8073,0.0181,97.0974,0.1903,0.75,0.0,1500.0,0.0,6.3
898.0,2026-05-05T23:01:58.373261+00:00,73.8056,0.0776,97.0749,0.1077,0.75,0.0,1500.0,0.0,6.3
898.5,2026-05-05T23:01:58.873284+00:00,73.5498,-0.1313,96.8493,-0.0252,0.75,0.0,1500.0,0.0,6.3
899.0,2026-05-05T23:01:59.373190+00:00,73.6077,-0.1009,96.861,-0.0194,0.75,0.0,1500.0,0.0,6.3
899.5,2026-05-05T23:01:59.873243+00:00,73.7794,-0.0139,96.8932,-0.0535,0.75,0.0,1500.0,0.0,6.3
900.001124,2026-05-05T23:02:00.380844+00:00,73.6569,-0.0743,96.6865,-0.1568,0.75,0.0,1500.0,0.0,6.3
900.5,2026-05-05T23:02:00.873383+00:00,73.5628,0.0065,96.8747,-0.0742,0.75,0.0,1500.0,0.0,6.3
901.0,2026-05-05T23:02:01.373253+00:00,73.6177,0.005,96.9037,-0.0571,0.75,0.0,1500.0,0.0,6.3
901.5,2026-05-05T23:02:01.873273+00:00,73.6599,-0.0598,96.926,0.0256,0.75,0.0,1500.0,0.0,6.3
902.0,2026-05-05T23:02:02.373197+00:00,73.6923,0.0177,96.9431,0.0274,0.75,0.0,1500.0,0.0,6.3
902.500175,2026-05-05T23:02:02.878760+00:00,73.5899,0.0136,97.072,0.0596,0.75,0.0,1500.0,0.0,6.3
903.0,2026-05-05T23:02:03.373199+00:00,73.6385,0.0104,96.9165,0.0767,0.75,0.0,1500.0,0.0,6.3
903.5,2026-05-05T23:02:03.873229+00:00,73.6759,0.008,97.0515,0.0589,0.75,0.0,1500.0,0.0,6.3
904.0,2026-05-05T23:02:04.373368+00:00,73.7046,0.0062,97.0396,0.0453,0.75,0.0,1500.0,0.0,6.3
904.5,2026-05-05T23:02:04.873226+00:00,73.854,0.132,97.0304,0.0348,0.75,0.0,1500.0,0.0,6.3
905.0,2026-05-05T23:02:05.379967+00:00,73.8415,0.1015,97.0003,0.019,0.75,0.0,1500.0,0.0,6.3
905.5,2026-05-05T23:02:05.873300+00:00,73.7046,0.0144,97.0002,-0.0239,0.75,0.0,1500.0,0.0,6.3
906.0,2026-05-05T23:02:06.373199+00:00,73.5994,-0.0526,96.977,0.0202,0.75,0.0,1500.0,0.0,6.3
906.5,2026-05-05T23:02:06.873428+00:00,73.6458,-0.1041,96.9823,-0.0231,0.75,0.0,1500.0,0.0,6.3
907.0,2026-05-05T23:02:07.373645+00:00,73.6815,-0.08,96.8476,-0.064,0.75,0.0,1500.0,0.0,6.3
907.5,2026-05-05T23:02:07.881201+00:00,73.4544,-0.1251,96.9985,-0.0106,0.75,0.0,1500.0,0.0,6.3
908.0,2026-05-05T23:02:08.373610+00:00,73.6616,0.0311,96.9989,-0.0005,0.75,0.0,1500.0,0.0,6.3
908.500711,2026-05-05T23:02:08.874546+00:00,73.6936,0.0239,96.9066,-0.0312,0.75,0.0,1500.0,0.0,6.3
909.0,2026-05-05T23:02:09.373276+00:00,73.591,-0.0453,97.0439,0.0223,0.75,0.0,1500.0,0.0,6.3
909.5,2026-05-05T23:02:09.873377+00:00,73.5121,0.0288,97.1494,0.0557,0.75,0.0,1500.0,0.0,6.3
910.0,2026-05-05T23:02:10.379037+00:00,73.5787,-0.0415,96.9992,0.0505,0.75,0.0,1500.0,0.0,6.3
910.5,2026-05-05T23:02:10.873184+00:00,73.5026,-0.0955,97.1151,0.0388,0.75,0.0,1500.0,0.0,6.3
911.0,2026-05-05T23:02:11.373236+00:00,73.5715,-0.0098,97.2041,0.0684,0.75,0.0,1500.0,0.0,6.3
911.500519,2026-05-05T23:02:11.873698+00:00,73.7516,0.1198,97.0412,0.0449,0.75,0.0,1500.0,0.0,6.3
912.0,2026-05-05T23:02:12.373293+00:00,73.6355,0.0284,97.1474,0.0345,0.75,0.0,1500.0,0.0,6.3
912.5,2026-05-05T23:02:12.879352+00:00,73.6736,0.0855,97.0207,-0.0429,0.75,0.0,1500.0,0.0,6.3
913.0,2026-05-05T23:02:13.373198+00:00,73.5756,0.0021,96.9002,-0.033,0.75,0.0,1500.0,0.0,6.3
913.5,2026-05-05T23:02:13.873218+00:00,73.5002,-0.1257,96.9233,-0.0639,0.75,0.0,1500.0,0.0,6.3
914.0,2026-05-05T23:02:14.373547+00:00,73.5696,-0.033,96.9179,-0.0954,0.75,0.0,1500.0,0.0,6.3
914.5,2026-05-05T23:02:14.873177+00:00,73.4956,-0.089,96.7981,-0.081,0.75,0.0,1500.0,0.0,6.3
915.0,2026-05-05T23:02:15.378452+00:00,73.4388,-0.0684,96.9374,-0.07,0.75,0.0,1500.0,0.0,6.3
915.5,2026-05-05T23:02:15.873631+00:00,73.2678,-0.1162,97.1833,0.0542,0.75,0.0,1500.0,0.0,6.3
916.0,2026-05-05T23:02:16.373290+00:00,73.391,-0.0893,97.2565,0.1188,0.75,0.0,1500.0,0.0,6.3
916.5,2026-05-05T23:02:16.873310+00:00,73.7402,0.1223,97.3129,0.1299,0.75,0.0,1500.0,0.0,6.3
917.0,2026-05-05T23:02:17.373214+00:00,73.754,0.1576,97.2405,0.1075,0.75,0.0,1500.0,0.0,6.3
917.5,2026-05-05T23:02:17.877722+00:00,73.8919,0.312,97.1848,0.1289,0.75,0.0,1500.0,0.0,6.3
918.0,2026-05-05T23:02:18.373500+00:00,73.9979,0.3035,97.1421,0.0682,0.75,0.0,1500.0,0.0,6.3
918.5,2026-05-05T23:02:18.873177+00:00,73.8249,0.0423,97.1092,-0.0247,0.75,0.0,1500.0,0.0,6.3
919.0,2026-05-05T23:02:19.373243+00:00,73.8191,0.0325,96.9451,-0.1038,0.75,0.0,1500.0,0.0,6.3
919.5,2026-05-05T23:02:19.873285+00:00,73.8147,-0.0386,96.8421,-0.1569,0.75,0.0,1500.0,0.0,6.3
920.0,2026-05-05T23:02:20.380486+00:00,73.9386,-0.0297,96.7629,-0.1592,0.75,0.0,1500.0,0.0,6.3
920.5,2026-05-05T23:02:20.873236+00:00,74.0338,0.1045,96.8178,-0.1223,0.75,0.0,1500.0,0.0,6.3512
921.0,2026-05-05T23:02:21.373670+00:00,73.7251,-0.047,96.9757,-0.0555,0.75,0.0,1500.0,0.0,6.325
921.500637,2026-05-05T23:02:21.874029+00:00,73.7425,-0.0361,96.9813,-0.0426,0.75,0.0,1500.0,0.0,6.3122
922.0,2026-05-05T23:02:22.373219+00:00,73.6285,-0.155,96.9856,0.0135,0.75,0.0,1500.0,0.0,6.306
922.5,2026-05-05T23:02:22.883337+00:00,73.7955,-0.1192,97.1046,0.0875,0.75,0.0,1500.0,0.0,6.3029
923.0,2026-05-05T23:02:23.373272+00:00,73.7965,0.0357,96.9416,0.0596,0.75,0.0,1500.0,0.0,6.3014
923.5,2026-05-05T23:02:23.873630+00:00,73.7973,0.0274,96.9551,0.0458,0.75,0.0,1500.0,0.0,6.3007
924.0,2026-05-05T23:02:24.373330+00:00,73.6707,0.0211,96.8498,-0.042,0.75,0.0,1500.0,0.0,6.3003
924.5,2026-05-05T23:02:24.873203+00:00,73.7006,-0.0474,96.7457,-0.0785,0.75,0.0,1500.0,0.0,6.3002
925.0,2026-05-05T23:02:25.381609+00:00,73.8509,0.0272,96.8046,-0.0604,0.75,0.0,1500.0,0.0,6.3001
925.5,2026-05-05T23:02:25.873252+00:00,73.9664,0.0845,96.7341,-0.1235,0.75,0.0,1500.0,0.0,6.3
926.0,2026-05-05T23:02:26.373202+00:00,73.9279,0.1286,96.5411,-0.1335,0.75,0.0,1500.0,0.0,6.3
926.5,2026-05-05T23:02:26.873219+00:00,73.8983,0.0988,96.5316,-0.1412,0.75,0.0,1500.0,0.0,6.3
927.0,2026-05-05T23:02:27.373675+00:00,73.7483,-0.0513,96.5011,-0.1162,0.75,0.0,1500.0,0.0,6.3
927.500031,2026-05-05T23:02:27.878919+00:00,73.633,-0.1667,96.3852,-0.1202,0.75,0.0,1500.0,0.0,6.3
928.0,2026-05-05T23:02:28.373287+00:00,73.9262,-0.0009,96.5043,-0.1001,0.75,0.0,1500.0,0.0,6.3
928.5,2026-05-05T23:02:28.873323+00:00,73.7697,-0.0643,96.619,-0.0384,0.75,0.0,1500.0,0.0,6.3
929.0,2026-05-05T23:02:29.373225+00:00,73.7767,0.0142,96.5915,0.0168,0.75,0.0,1500.0,0.0,6.3
929.5,2026-05-05T23:02:29.873254+00:00,73.7821,0.0746,96.686,0.0515,0.75,0.0,1500.0,0.0,6.3
930.001538,2026-05-05T23:02:30.388936+00:00,73.7862,-0.07,96.643,0.0473,0.75,0.0,1500.0,0.0,6.3
930.5,2026-05-05T23:02:30.873234+00:00,73.7894,0.0099,96.5867,0.0672,0.75,0.0,1500.0,0.0,6.3
931.0,2026-05-05T23:02:31.373276+00:00,73.7919,0.0076,96.451,-0.0178,0.75,0.0,1500.0,0.0,6.3
931.5,2026-05-05T23:02:31.873223+00:00,73.7938,0.0058,96.578,-0.0137,0.75,0.0,1500.0,0.0,6.3
932.000157,2026-05-05T23:02:32.373889+00:00,73.9225,0.0681,96.4211,-0.0568,0.75,0.0,1500.0,0.0,6.3
932.5,2026-05-05T23:02:32.879121+00:00,73.8941,0.0524,96.5551,-0.0436,0.75,0.0,1500.0,0.0,6.3
933.0,2026-05-05T23:02:33.373205+00:00,73.7451,-0.0234,96.7737,0.0436,0.75,0.0,1500.0,0.0,6.3
933.5,2026-05-05T23:02:33.873231+00:00,73.7578,-0.018,96.6872,0.0335,0.75,0.0,1500.0,0.0,6.3
934.0,2026-05-05T23:02:34.373676+00:00,73.6403,-0.1411,96.6208,0.0566,0.75,0.0,1500.0,0.0,6.3
934.5,2026-05-05T23:02:34.873542+00:00,73.4227,-0.2357,96.5928,0.0049,0.75,0.0,1500.0,0.0,6.3
935.0,2026-05-05T23:02:35.378435+00:00,73.6373,-0.0539,96.6639,0.0809,0.75,0.0,1500.0,0.0,6.2488
935.5,2026-05-05T23:02:35.873423+00:00,73.6749,-0.0414,96.6491,0.0313,0.75,0.0,1500.0,0.0,6.275
936.0,2026-05-05T23:02:36.373553+00:00,73.5766,-0.0318,96.7072,-0.0222,0.75,0.0,1500.0,0.0,6.2878
936.5,2026-05-05T23:02:36.873212+00:00,73.7556,0.1664,96.7749,0.0292,0.75,0.0,1500.0,0.0,6.294
937.0,2026-05-05T23:02:37.373372+00:00,73.8931,0.1279,96.9427,0.1073,0.75,0.0,1500.0,0.0,6.2971
937.5,2026-05-05T23:02:37.881126+00:00,73.8716,0.0983,96.956,0.121,0.75,0.0,1500.0,0.0,6.2986
938.0,2026-05-05T23:02:38.373232+00:00,73.9823,0.2028,97.1976,0.1779,0.75,0.0,1500.0,0.0,6.2993
938.5,2026-05-05T23:02:38.873248+00:00,73.9401,0.0923,97.1518,0.1676,0.75,0.0,1500.0,0.0,6.2997
939.0,2026-05-05T23:02:39.373199+00:00,73.9077,0.0073,97.001,0.0979,0.75,0.0,1500.0,0.0,6.2998
939.5,2026-05-05T23:02:39.873283+00:00,73.7555,-0.058,97.0008,0.0753,0.75,0.0,1500.0,0.0,6.2999
940.000167,2026-05-05T23:02:40.378928+00:00,73.8931,-0.0446,97.0006,0.0193,0.75,0.0,1500.0,0.0,6.3
940.5,2026-05-05T23:02:40.873204+00:00,73.8715,-0.0343,96.6534,-0.1009,0.75,0.0,1500.0,0.0,6.3
941.0,2026-05-05T23:02:41.373198+00:00,73.9822,0.0373,96.8493,-0.1161,0.75,0.0,1500.0,0.0,6.3
941.5,2026-05-05T23:02:41.873231+00:00,73.8128,0.0287,96.8841,-0.0892,0.75,0.0,1500.0,0.0,6.3
942.0,2026-05-05T23:02:42.373182+00:00,73.9371,0.022,96.911,-0.03,0.75,0.0,1500.0,0.0,6.3
942.5,2026-05-05T23:02:42.878938+00:00,74.0327,0.0806,97.0473,0.0155,0.75,0.0,1500.0,0.0,6.3
943.0,2026-05-05T23:02:43.373638+00:00,73.9788,-0.0017,97.0363,0.0119,0.75,0.0,1500.0,0.0,6.3
943.5,2026-05-05T23:02:43.873193+00:00,74.0647,0.126,96.7965,0.0477,0.75,0.0,1500.0,0.0,6.3
944.0,2026-05-05T23:02:44.373236+00:00,74.0035,0.0332,96.8436,-0.0019,0.75,0.0,1500.0,0.0,6.3
944.5,2026-05-05T23:02:44.873206+00:00,73.8291,-0.1018,96.9955,0.0371,0.75,0.0,1500.0,0.0,6.3
945.0,2026-05-05T23:02:45.378874+00:00,73.8224,-0.0782,97.1122,0.0671,0.75,0.0,1500.0,0.0,6.3
945.5,2026-05-05T23:02:45.873225+00:00,73.8172,-0.1238,97.0863,0.013,0.75,0.0,1500.0,0.0,6.3
946.0,2026-05-05T23:02:46.375782+00:00,73.6859,-0.1588,97.0663,0.01,0.75,0.0,1500.0,0.0,6.3
946.5,2026-05-05T23:02:46.873194+00:00,73.5851,-0.122,97.051,0.0848,0.75,0.0,1500.0,0.0,6.3
947.0,2026-05-05T23:02:47.373203+00:00,73.6348,-0.0938,96.9003,0.0189,0.75,0.0,1500.0,0.0,6.3
947.5,2026-05-05T23:02:47.880610+00:00,73.673,-0.0721,96.9234,-0.024,0.75,0.0,1500.0,0.0,6.3
948.0,2026-05-05T23:02:48.373215+00:00,73.7024,0.0082,96.9411,-0.057,0.75,0.0,1500.0,0.0,6.2488
948.5,2026-05-05T23:02:48.873190+00:00,73.8523,0.1336,97.0704,-0.0053,0.75,0.0,1500.0,0.0,6.2238
949.001106,2026-05-05T23:02:49.374484+00:00,73.8402,0.1027,97.0541,-0.0041,0.75,0.0,1500.0,0.0,6.2116
949.5,2026-05-05T23:02:49.873194+00:00,73.8309,0.0789,97.0416,-0.0031,0.75,0.0,1500.0,0.0,6.2057
950.0,2026-05-05T23:02:50.377876+00:00,73.6965,-0.003,97.1477,0.0825,0.75,0.0,1500.0,0.0,6.2028
950.5,2026-05-05T23:02:50.873264+00:00,73.8477,-0.0023,96.9978,0.0248,0.75,0.0,1500.0,0.0,6.2526
951.0,2026-05-05T23:02:51.373234+00:00,73.7094,-0.0654,96.9983,0.0191,0.75,0.0,1500.0,0.0,6.2768
951.5,2026-05-05T23:02:51.873288+00:00,73.7304,-0.0503,96.9756,-0.0316,0.75,0.0,1500.0,0.0,6.2887
952.0,2026-05-05T23:02:52.373228+00:00,73.7465,0.025,96.9812,-0.0243,0.75,0.0,1500.0,0.0,6.2945
952.5,2026-05-05T23:02:52.878151+00:00,73.7589,-0.0444,96.9856,-0.0187,0.75,0.0,1500.0,0.0,6.2973
953.0,2026-05-05T23:02:53.373700+00:00,73.7684,0.0295,97.1046,-0.0144,0.75,0.0,1500.0,0.0,6.3499
953.5,2026-05-05T23:02:53.873184+00:00,73.6484,-0.041,96.9878,-0.0033,0.75,0.0,1500.0,0.0,6.3755
954.0,2026-05-05T23:02:54.373280+00:00,73.6835,-0.0315,97.1064,0.036,0.75,0.0,1500.0,0.0,6.3369
954.5,2026-05-05T23:02:54.873415+00:00,73.8377,0.0394,97.0817,0.0354,0.75,0.0,1500.0,0.0,6.318
955.0,2026-05-05T23:02:55.379240+00:00,73.7017,-0.0333,96.9471,-0.0114,0.75,0.0,1500.0,0.0,6.3088
955.5,2026-05-05T23:02:55.873276+00:00,73.8517,0.1017,96.9594,-0.0087,0.75,0.0,1500.0,0.0,6.3555
956.0,2026-05-05T23:02:56.373304+00:00,73.8398,0.0781,97.0845,-0.0067,0.75,0.0,1500.0,0.0,6.3271
956.500216,2026-05-05T23:02:56.873439+00:00,73.7033,-0.0672,96.9724,-0.0052,0.75,0.0,1500.0,0.0,6.3132
957.0,2026-05-05T23:02:57.373220+00:00,73.7257,0.012,96.9788,-0.0425,0.75,0.0,1500.0,0.0,6.3064
957.5,2026-05-05T23:02:57.881271+00:00,73.7429,-0.0544,96.9837,-0.0327,0.75,0.0,1500.0,0.0,6.3031
958.0,2026-05-05T23:02:58.373193+00:00,73.5016,-0.1691,96.9875,0.0134,0.75,0.0,1500.0,0.0,6.3015
958.5,2026-05-05T23:02:58.873198+00:00,73.4433,-0.13,96.9904,0.0103,0.75,0.0,1500.0,0.0,6.3007
959.0,2026-05-05T23:02:59.373222+00:00,73.5259,-0.0999,97.1083,0.0079,0.75,0.0,1500.0,0.0,6.3004
959.5,2026-05-05T23:02:59.873369+00:00,73.7166,-0.0131,97.0601,0.0292,0.75,0.0,1500.0,0.0,6.3002
960.0,2026-05-05T23:03:00.378681+00:00,73.7359,0.1172,96.9073,-0.0238,0.75,0.0,1500.0,0.0,6.3001
960.501122,2026-05-05T23:03:00.874418+00:00,73.7507,0.1537,96.9288,-0.0183,0.75,0.0,1500.0,0.0,6.3
961.0,2026-05-05T23:03:01.373278+00:00,73.8894,0.1818,96.9453,-0.0141,0.75,0.0,1500.0,0.0,6.3
961.5,2026-05-05T23:03:01.873225+00:00,73.8687,0.0761,96.9811,-0.0031,0.75,0.0,1500.0,0.0,6.3
962.0,2026-05-05T23:03:02.373201+00:00,73.7255,-0.0052,96.6384,-0.1566,0.75,0.0,1500.0,0.0,6.3
962.5,2026-05-05T23:03:02.880543+00:00,73.6155,-0.0676,96.6295,-0.1435,0.75,0.0,1500.0,0.0,6.3
963.0,2026-05-05T23:03:03.373221+00:00,73.6582,-0.1156,96.7152,-0.064,0.75,0.0,1500.0,0.0,6.3
963.5,2026-05-05T23:03:03.873186+00:00,73.4365,-0.2161,96.8043,-0.0415,0.75,0.0,1500.0,0.0,6.3
964.0,2026-05-05T23:03:04.373171+00:00,73.5206,-0.1025,96.6182,-0.109,0.75,0.0,1500.0,0.0,6.3
964.5,2026-05-05T23:03:04.873260+00:00,73.3307,-0.1424,96.4751,-0.1687,0.75,0.0,1500.0,0.0,6.3
965.001052,2026-05-05T23:03:05.383171+00:00,73.312,-0.1731,96.5734,-0.0216,0.75,0.0,1500.0,0.0,6.3
965.5,2026-05-05T23:03:05.873197+00:00,73.4249,-0.0058,96.7647,0.0451,0.75,0.0,1500.0,0.0,6.3
966.0,2026-05-05T23:03:06.373196+00:00,73.5117,-0.0044,96.8191,0.0346,0.75,0.0,1500.0,0.0,6.3
966.5,2026-05-05T23:03:06.873222+00:00,73.5784,0.1239,96.7453,-0.0197,0.75,0.0,1500.0,0.0,6.3
967.0,2026-05-05T23:03:07.373401+00:00,73.757,0.2225,96.6654,0.0157,0.75,0.0,1500.0,0.0,6.3
967.5,2026-05-05T23:03:07.878109+00:00,73.7669,0.171,96.7428,0.0892,0.75,0.0,1500.0,0.0,6.3
968.001136,2026-05-05T23:03:08.374480+00:00,73.7746,0.1314,96.6866,0.0377,0.75,0.0,1500.0,0.0,6.3
968.5,2026-05-05T23:03:08.873188+00:00,73.7805,0.101,96.8748,0.0367,0.75,0.0,1500.0,0.0,6.3
969.0,2026-05-05T23:03:09.373350+00:00,73.785,0.014,96.7881,-0.0103,0.75,0.0,1500.0,0.0,6.3
969.5,2026-05-05T23:03:09.873214+00:00,73.6612,-0.0529,96.6983,-0.0157,0.75,0.0,1500.0,0.0,6.3
970.0,2026-05-05T23:03:10.378458+00:00,73.6933,-0.0406,96.745,0.0265,0.75,0.0,1500.0,0.0,6.3
970.5,2026-05-05T23:03:10.873452+00:00,73.718,-0.0312,96.6883,-0.0182,0.75,0.0,1500.0,0.0,6.3
971.0,2026-05-05T23:03:11.373207+00:00,73.6097,-0.0876,96.5522,-0.0448,0.75,0.0,1500.0,0.0,6.3
971.5,2026-05-05T23:03:11.873195+00:00,73.6537,-0.0037,96.7483,-0.0422,0.75,0.0,1500.0,0.0,6.3
972.0,2026-05-05T23:03:12.373446+00:00,73.6876,-0.0029,96.9223,0.0447,0.75,0.0,1500.0,0.0,6.3
972.5,2026-05-05T23:03:12.880157+00:00,73.8409,0.0614,96.8246,0.0421,0.75,0.0,1500.0,0.0,6.3
973.0,2026-05-05T23:03:13.373194+00:00,73.9587,0.1745,96.9809,0.0786,0.75,0.0,1500.0,0.0,6.3
973.5,2026-05-05T23:03:13.873560+00:00,73.7947,0.0705,96.9853,0.099,0.75,0.0,1500.0,0.0,6.3
974.0,2026-05-05T23:03:14.373188+00:00,73.6686,-0.0095,96.7573,0.0684,0.75,0.0,1500.0,0.0,6.3
974.5,2026-05-05T23:03:14.873190+00:00,73.699,-0.0709,97.0449,0.0988,0.75,0.0,1500.0,0.0,6.3
975.0,2026-05-05T23:03:15.382238+00:00,73.8497,-0.0545,96.9188,-0.0012,0.75,0.0,1500.0,0.0,6.3
975.5,2026-05-05T23:03:15.873202+00:00,73.9655,0.0854,96.9376,0.0377,0.75,0.0,1500.0,0.0,6.3
976.0,2026-05-05T23:03:16.373196+00:00,73.9272,0.1293,96.9289,-0.0173,0.75,0.0,1500.0,0.0,6.3
976.500693,2026-05-05T23:03:16.873929+00:00,73.8977,0.0993,96.6908,-0.0982,0.75,0.0,1500.0,0.0,6.3
977.0,2026-05-05T23:03:17.373220+00:00,73.7479,-0.0509,96.6466,-0.0369,0.75,0.0,1500.0,0.0,6.3
977.5,2026-05-05T23:03:17.878364+00:00,73.8872,-0.0391,96.7284,-0.1055,0.75,0.0,1500.0,0.0,6.3
978.0,2026-05-05T23:03:18.373659+00:00,73.867,-0.0301,96.6524,-0.0888,0.75,0.0,1500.0,0.0,6.3
978.5,2026-05-05T23:03:18.873299+00:00,73.7242,-0.0868,96.8485,-0.0297,0.75,0.0,1500.0,0.0,6.3
979.0,2026-05-05T23:03:19.373265+00:00,73.7418,-0.003,96.9993,0.0235,0.75,0.0,1500.0,0.0,6.3
979.5,2026-05-05T23:03:19.873220+00:00,73.7552,-0.066,96.7449,0.018,0.75,0.0,1500.0,0.0,6.3
980.0,2026-05-05T23:03:20.377499+00:00,73.7656,-0.0507,96.8965,0.0833,0.75,0.0,1500.0,0.0,6.3
980.5,2026-05-05T23:03:20.873367+00:00,73.7736,0.0247,96.8048,0.0254,0.75,0.0,1500.0,0.0,6.3
981.000923,2026-05-05T23:03:21.374152+00:00,73.7797,0.019,96.5954,-0.019,0.75,0.0,1500.0,0.0,6.3
981.5,2026-05-05T23:03:21.873200+00:00,73.9117,0.0782,96.5733,-0.0917,0.75,0.0,1500.0,0.0,6.3
982.0,2026-05-05T23:03:22.373355+00:00,73.7585,-0.0035,96.7878,-0.0705,0.75,0.0,1500.0,0.0,6.3
982.5,2026-05-05T23:03:22.878847+00:00,73.7681,-0.0027,96.8137,0.0229,0.75,0.0,1500.0,0.0,6.3
983.0,2026-05-05T23:03:23.373210+00:00,73.7755,-0.0021,96.8568,-0.0132,0.75,0.0,1500.0,0.0,6.3
983.5,2026-05-05T23:03:23.873325+00:00,73.6539,-0.1289,96.89,0.0284,0.75,0.0,1500.0,0.0,6.3
984.000024,2026-05-05T23:03:24.373231+00:00,73.5604,-0.0991,96.7997,0.0681,0.75,0.0,1500.0,0.0,6.3
984.5,2026-05-05T23:03:24.873178+00:00,73.4886,-0.1398,96.7304,0.0523,0.75,0.0,1500.0,0.0,6.3
985.0,2026-05-05T23:03:25.377950+00:00,73.5607,-0.1074,96.9085,0.0402,0.75,0.0,1500.0,0.0,6.3
985.5,2026-05-05T23:03:25.873224+00:00,73.4888,-0.0826,96.8139,0.0001,0.75,0.0,1500.0,0.0,6.3
986.0,2026-05-05T23:03:26.373205+00:00,73.6881,0.0638,96.857,0.0001,0.75,0.0,1500.0,0.0,6.3
986.5,2026-05-05T23:03:26.873699+00:00,73.5867,0.049,97.0058,0.0386,0.75,0.0,1500.0,0.0,6.3
987.0,2026-05-05T23:03:27.373189+00:00,73.5088,-0.0259,97.0044,0.0682,0.75,0.0,1500.0,0.0,6.3
987.5,2026-05-05T23:03:27.877766+00:00,73.5762,0.0437,97.096,0.1219,0.75,0.0,1500.0,0.0,6.3
988.0,2026-05-05T23:03:28.373209+00:00,73.5007,-0.0937,97.0738,0.0551,0.75,0.0,1500.0,0.0,6.3
988.5,2026-05-05T23:03:28.873242+00:00,73.4427,-0.072,97.1724,0.1195,0.75,0.0,1500.0,0.0,6.3
989.0,2026-05-05T23:03:29.373363+00:00,73.6526,0.0719,97.3639,0.169,0.75,0.0,1500.0,0.0,6.3
989.5,2026-05-05T23:03:29.873228+00:00,73.814,0.1189,97.164,0.0527,0.75,0.0,1500.0,0.0,6.3
990.0,2026-05-05T23:03:30.378107+00:00,73.8108,0.155,97.0103,0.002,0.75,0.0,1500.0,0.0,6.3
990.5,2026-05-05T23:03:30.873568+00:00,73.8083,0.1828,97.008,-0.0293,0.75,0.0,1500.0,0.0,6.3
991.0,2026-05-05T23:03:31.373189+00:00,73.9336,0.1405,96.5433,-0.1768,0.75,0.0,1500.0,0.0,6.3
991.5,2026-05-05T23:03:31.873236+00:00,73.9027,0.0444,96.649,-0.1745,0.75,0.0,1500.0,0.0,6.3
992.0,2026-05-05T23:03:32.373607+00:00,73.7517,-0.0295,96.7302,-0.2112,0.75,0.0,1500.0,0.0,6.3
992.5,2026-05-05T23:03:32.879499+00:00,73.6356,-0.0863,96.6769,-0.1624,0.75,0.0,1500.0,0.0,6.3
993.0,2026-05-05T23:03:33.373193+00:00,73.5464,-0.1936,96.8674,-0.0477,0.75,0.0,1500.0,0.0,6.3
993.5,2026-05-05T23:03:33.873569+00:00,73.7323,-0.0852,96.8981,-0.0366,0.75,0.0,1500.0,0.0,6.3
994.0,2026-05-05T23:03:34.373208+00:00,73.6207,-0.0655,96.6671,0.0413,0.75,0.0,1500.0,0.0,6.3
994.5,2026-05-05T23:03:34.873298+00:00,73.6622,0.0133,96.6285,-0.0068,0.75,0.0,1500.0,0.0,6.3
995.0,2026-05-05T23:03:35.378180+00:00,73.8214,0.1375,96.8301,0.0333,0.75,0.0,1500.0,0.0,6.3
995.5,2026-05-05T23:03:35.873228+00:00,73.8164,0.042,96.7306,0.0179,0.75,0.0,1500.0,0.0,6.3512
996.0,2026-05-05T23:03:36.373186+00:00,73.6853,0.0323,96.9086,0.0137,0.75,0.0,1500.0,0.0,6.325
996.5,2026-05-05T23:03:36.873439+00:00,73.5846,-0.0388,96.9529,0.0183,0.75,0.0,1500.0,0.0,6.3122
997.0,2026-05-05T23:03:37.373194+00:00,73.5072,-0.1571,96.8481,0.0603,0.75,0.0,1500.0,0.0,6.306
997.5,2026-05-05T23:03:37.881695+00:00,73.5749,-0.1207,96.7676,0.0464,0.75,0.0,1500.0,0.0,6.3029
998.0,2026-05-05T23:03:38.375387+00:00,73.4997,-0.0928,96.8213,-0.0029,0.75,0.0,1500.0,0.0,6.3014
998.5,2026-05-05T23:03:38.873239+00:00,73.442,-0.0713,96.8627,0.044,0.75,0.0,1500.0,0.0,6.3007
999.0,2026-05-05T23:03:39.373253+00:00,73.3975,-0.0548,96.8945,-0.0047,0.75,0.0,1500.0,0.0,6.3003
999.5,2026-05-05T23:03:39.873227+00:00,73.4907,-0.0421,96.9189,-0.0113,0.75,0.0,1500.0,0.0,6.3002
1000.0,2026-05-05T23:03:40.378308+00:00,73.435,-0.0324,96.822,-0.0087,0.75,0.0,1500.0,0.0,6.3001
1000.5,2026-05-05T23:03:40.873334+00:00,73.3922,-0.0249,96.7475,-0.0067,0.75,0.0,1500.0,0.0,6.3
1001.000953,2026-05-05T23:03:41.374175+00:00,73.4865,0.0445,96.7828,-0.0129,0.75,0.0,1500.0,0.0,6.3
1001.5,2026-05-05T23:03:41.873198+00:00,73.5591,0.0342,96.7173,-0.0485,0.75,0.0,1500.0,0.0,6.3
1002.0,2026-05-05T23:03:42.373450+00:00,73.4876,0.0263,96.8984,0.0013,0.75,0.0,1500.0,0.0,6.3
1002.5,2026-05-05T23:03:42.879620+00:00,73.4326,0.0202,96.6905,-0.0761,0.75,0.0,1500.0,0.0,6.3
1003.0,2026-05-05T23:03:43.373183+00:00,73.5176,0.0155,96.6464,-0.0585,0.75,0.0,1500.0,0.0,6.3
1003.5,2026-05-05T23:03:43.873249+00:00,73.4557,-0.0517,96.7283,-0.0064,0.75,0.0,1500.0,0.0,6.3
1004.0,2026-05-05T23:03:44.373207+00:00,73.4081,-0.0397,96.5597,-0.0743,0.75,0.0,1500.0,0.0,6.3
1004.5,2026-05-05T23:03:44.873246+00:00,73.3715,-0.0305,96.6616,-0.0186,0.75,0.0,1500.0,0.0,6.3
1005.0,2026-05-05T23:03:45.378497+00:00,73.4707,-0.0235,96.8556,-0.0143,0.75,0.0,1500.0,0.0,6.3
1005.5,2026-05-05T23:03:45.873190+00:00,73.5469,0.0456,96.889,0.0662,0.75,0.0,1500.0,0.0,6.3
1006.0,2026-05-05T23:03:46.373226+00:00,73.6054,0.0987,96.6833,0.0123,0.75,0.0,1500.0,0.0,6.3
1006.5,2026-05-05T23:03:46.873189+00:00,73.5232,0.0758,96.988,0.0866,0.75,0.0,1500.0,0.0,6.3
1007.0,2026-05-05T23:03:47.373192+00:00,73.46,-0.0053,96.8751,0.1051,0.75,0.0,1500.0,0.0,6.3
1007.5,2026-05-05T23:03:47.878711+00:00,73.5387,-0.0041,96.904,0.0808,0.75,0.0,1500.0,0.0,6.3
1008.0,2026-05-05T23:03:48.373479+00:00,73.7264,0.0605,96.8105,-0.015,0.75,0.0,1500.0,0.0,6.3
1008.5,2026-05-05T23:03:48.873199+00:00,73.7434,0.1101,96.8543,-0.0116,0.75,0.0,1500.0,0.0,6.3
1009.0,2026-05-05T23:03:49.373481+00:00,73.7565,0.1483,96.7492,0.022,0.75,0.0,1500.0,0.0,6.3
1009.5,2026-05-05T23:03:49.873225+00:00,73.6393,0.0503,96.9229,-0.0217,0.75,0.0,1500.0,0.0,6.3
1010.0,2026-05-05T23:03:50.378424+00:00,73.8038,0.0387,96.6862,-0.0629,0.75,0.0,1500.0,0.0,6.3
1010.5,2026-05-05T23:03:50.873576+00:00,73.8029,0.0297,96.5274,-0.1255,0.75,0.0,1500.0,0.0,6.3512
1011.0,2026-05-05T23:03:51.373243+00:00,73.8022,0.0229,96.6137,-0.0656,0.75,0.0,1500.0,0.0,6.325
1011.5,2026-05-05T23:03:51.873206+00:00,73.6744,0.0176,96.5874,-0.089,0.75,0.0,1500.0,0.0,6.3122
1012.0,2026-05-05T23:03:52.373231+00:00,73.7035,-0.0501,96.9142,0.055,0.75,0.0,1500.0,0.0,6.306
1012.5,2026-05-05T23:03:52.879841+00:00,73.8531,0.0251,96.8184,-0.0349,0.75,0.0,1500.0,0.0,6.3029
1013.0,2026-05-05T23:03:53.373187+00:00,73.8408,0.0193,96.629,-0.0191,0.75,0.0,1500.0,0.0,6.3014
1013.5,2026-05-05T23:03:53.873189+00:00,73.8314,0.0785,96.7149,0.0625,0.75,0.0,1500.0,0.0,6.3007
1014.000891,2026-05-05T23:03:54.374107+00:00,73.8241,0.0603,96.7808,0.0557,0.75,0.0,1500.0,0.0,6.3003
1014.5,2026-05-05T23:03:54.873205+00:00,73.8185,-0.0173,96.8316,0.0814,0.75,0.0,1500.0,0.0,6.3002
1015.0,2026-05-05T23:03:55.378576+00:00,73.687,-0.0769,97.1019,0.0626,0.75,0.0,1500.0,0.0,6.3001
1015.5,2026-05-05T23:03:55.873222+00:00,73.5859,-0.1228,96.8238,0.0018,0.75,0.0,1500.0,0.0,6.3
1016.0,2026-05-05T23:03:56.373203+00:00,73.6354,-0.0943,96.8646,0.0785,0.75,0.0,1500.0,0.0,6.3
1016.5,2026-05-05T23:03:56.873412+00:00,73.5462,-0.1362,96.8959,0.0604,0.75,0.0,1500.0,0.0,6.3
1017.0,2026-05-05T23:03:57.373174+00:00,73.4777,-0.1046,96.92,0.0464,0.75,0.0,1500.0,0.0,6.3
1017.5,2026-05-05T23:03:57.883099+00:00,73.425,-0.0804,96.9617,0.0434,0.75,0.0,1500.0,0.0,6.3
1018.0,2026-05-05T23:03:58.373205+00:00,73.639,0.0018,96.9705,-0.0438,0.75,0.0,1500.0,0.0,6.3
1018.500466,2026-05-05T23:03:58.873672+00:00,73.6763,0.065,96.7459,-0.026,0.75,0.0,1500.0,0.0,6.3
1019.0,2026-05-05T23:03:59.373415+00:00,73.7049,0.1136,96.8047,-0.0199,0.75,0.0,1500.0,0.0,6.3
1019.5,2026-05-05T23:03:59.873450+00:00,73.5996,0.0873,96.8499,-0.0153,0.75,0.0,1500.0,0.0,6.3
1020.0,2026-05-05T23:04:00.378207+00:00,73.7733,0.0671,96.7689,-0.0504,0.75,0.0,1500.0,0.0,6.3
1020.5,2026-05-05T23:04:00.873249+00:00,73.6522,-0.012,96.7067,-0.085,0.75,0.0,1500.0,0.0,6.3512
1021.0,2026-05-05T23:04:01.373271+00:00,73.4319,-0.1365,96.6589,-0.1039,0.75,0.0,1500.0,0.0,6.325
1021.5,2026-05-05T23:04:01.873242+00:00,73.517,-0.0413,96.3907,-0.1184,0.75,0.0,1500.0,0.0,6.3122
1022.0,2026-05-05T23:04:02.373256+00:00,73.5825,-0.0954,96.5086,-0.0987,0.75,0.0,1500.0,0.0,6.306
1022.5,2026-05-05T23:04:02.880009+00:00,73.6328,-0.0097,96.6223,-0.0759,0.75,0.0,1500.0,0.0,6.3029
1023.0,2026-05-05T23:04:03.373210+00:00,73.7988,0.1835,96.5708,-0.066,0.75,0.0,1500.0,0.0,6.3014
1023.5,2026-05-05T23:04:03.873299+00:00,73.7991,0.141,96.7859,0.0264,0.75,0.0,1500.0,0.0,6.3007
1024.0,2026-05-05T23:04:04.373603+00:00,73.5447,-0.0189,97.0668,0.136,0.75,0.0,1500.0,0.0,6.3003
1024.5,2026-05-05T23:04:04.873215+00:00,73.4765,-0.0782,96.9356,0.1816,0.75,0.0,1500.0,0.0,6.3002
1025.0,2026-05-05T23:04:05.377727+00:00,73.5514,-0.1237,97.0662,0.1859,0.75,0.0,1500.0,0.0,6.3001
1025.5,2026-05-05T23:04:05.873243+00:00,73.6089,-0.0951,97.1666,0.1814,0.75,0.0,1500.0,0.0,6.3
1026.0,2026-05-05T23:04:06.373368+00:00,73.6531,0.0542,97.1281,0.1857,0.75,0.0,1500.0,0.0,6.3
1026.5,2026-05-05T23:04:06.873776+00:00,73.6871,0.1053,97.2141,0.1428,0.75,0.0,1500.0,0.0,6.3
1027.0,2026-05-05T23:04:07.373229+00:00,73.586,0.0173,96.8175,-0.0831,0.75,0.0,1500.0,0.0,6.3
1027.5,2026-05-05T23:04:07.879403+00:00,73.6355,0.0133,96.9754,0.0133,0.75,0.0,1500.0,0.0,6.3
1028.0,2026-05-05T23:04:08.373500+00:00,73.419,-0.1171,97.0968,0.0102,0.75,0.0,1500.0,0.0,6.3
1028.5,2026-05-05T23:04:08.873190+00:00,73.5072,-0.09,96.9356,-0.077,0.75,0.0,1500.0,0.0,6.3
1029.0,2026-05-05T23:04:09.373202+00:00,73.5749,-0.0055,97.0662,-0.0206,0.75,0.0,1500.0,0.0,6.3
1029.5,2026-05-05T23:04:09.873479+00:00,73.4997,-0.0679,97.0509,-0.0544,0.75,0.0,1500.0,0.0,6.3
1030.0,2026-05-05T23:04:10.381282+00:00,73.442,0.0115,96.9003,0.0276,0.75,0.0,1500.0,0.0,6.3
1030.5,2026-05-05T23:04:10.873264+00:00,73.3975,-0.0548,96.9002,-0.0251,0.75,0.0,1500.0,0.0,6.3
1031.0,2026-05-05T23:04:11.373420+00:00,73.2361,-0.1694,97.039,-0.0193,0.75,0.0,1500.0,0.0,6.3
1031.5,2026-05-05T23:04:11.873249+00:00,73.2393,-0.1302,97.03,0.0315,0.75,0.0,1500.0,0.0,6.3
1032.0,2026-05-05T23:04:12.373185+00:00,73.3691,-0.0364,97.1387,0.0242,0.75,0.0,1500.0,0.0,6.3
1032.500919,2026-05-05T23:04:12.879870+00:00,73.2143,-0.0916,97.1066,0.0186,0.75,0.0,1500.0,0.0,6.3
1033.0,2026-05-05T23:04:13.373277+00:00,73.3498,0.0568,97.082,0.0606,0.75,0.0,1500.0,0.0,6.3
1033.5,2026-05-05T23:04:13.873309+00:00,73.3267,0.0437,97.063,0.0543,0.75,0.0,1500.0,0.0,6.3
1034.001663,2026-05-05T23:04:14.375051+00:00,73.1817,-0.0937,96.9559,-0.0277,0.75,0.0,1500.0,0.0,6.3
1034.5,2026-05-05T23:04:14.873191+00:00,73.1975,-0.0084,96.9661,-0.0213,0.75,0.0,1500.0,0.0,6.3
1035.0,2026-05-05T23:04:15.378977+00:00,73.2096,-0.0701,97.2053,0.0222,0.75,0.0,1500.0,0.0,6.3
1035.5,2026-05-05T23:04:15.873203+00:00,73.3463,0.0098,97.0653,-0.0138,0.75,0.0,1500.0,0.0,6.3
1036.0,2026-05-05T23:04:16.373182+00:00,73.4512,0.1348,97.027,-0.0183,0.75,0.0,1500.0,0.0,6.3
1036.5,2026-05-05T23:04:16.873550+00:00,73.6592,0.2309,97.0208,-0.0141,0.75,0.0,1500.0,0.0,6.3
1037.000908,2026-05-05T23:04:17.374188+00:00,73.5645,0.1774,97.1085,0.0509,0.75,0.0,1500.0,0.0,6.3
1037.5,2026-05-05T23:04:17.879032+00:00,73.4917,0.0727,97.1991,0.0777,0.75,0.0,1500.0,0.0,6.3
1038.0,2026-05-05T23:04:18.373718+00:00,73.3085,-0.0714,97.2687,0.0211,0.75,0.0,1500.0,0.0,6.3
1038.5,2026-05-05T23:04:18.873208+00:00,73.1677,-0.2457,97.2065,0.0471,0.75,0.0,1500.0,0.0,6.3
1039.0,2026-05-05T23:04:19.373256+00:00,73.1868,-0.1889,97.2745,0.0825,0.75,0.0,1500.0,0.0,6.3
1039.5,2026-05-05T23:04:19.873215+00:00,73.2014,-0.1452,97.2109,0.0634,0.75,0.0,1500.0,0.0,6.3
1040.0,2026-05-05T23:04:20.379886+00:00,73.3399,0.0157,97.0233,-0.0284,0.75,0.0,1500.0,0.0,6.3
1040.5,2026-05-05T23:04:20.873446+00:00,73.4464,0.1393,97.1336,-0.0218,0.75,0.0,1500.0,0.0,6.3
1041.0,2026-05-05T23:04:21.373223+00:00,73.4009,0.1071,96.987,-0.0939,0.75,0.0,1500.0,0.0,6.3
1041.5,2026-05-05T23:04:21.873173+00:00,73.366,0.0823,97.0826,-0.0413,0.75,0.0,1500.0,0.0,6.3
1042.0,2026-05-05T23:04:22.373267+00:00,73.2119,-0.064,96.9478,-0.1089,0.75,0.0,1500.0,0.0,6.3
1042.5,2026-05-05T23:04:22.882504+00:00,72.9662,-0.2401,96.7053,-0.1685,0.75,0.0,1500.0,0.0,6.3
1043.0,2026-05-05T23:04:23.373417+00:00,73.2864,-0.0573,96.519,-0.1681,0.75,0.0,1500.0,0.0,6.3
1043.5,2026-05-05T23:04:23.873206+00:00,73.4052,0.0196,96.746,-0.1292,0.75,0.0,1500.0,0.0,6.3
1044.0,2026-05-05T23:04:24.373424+00:00,73.3693,0.0787,96.7816,-0.0685,0.75,0.0,1500.0,0.0,6.3
1044.5,2026-05-05T23:04:24.873240+00:00,73.469,0.2514,96.809,-0.0912,0.75,0.0,1500.0,0.0,6.3
1045.0,2026-05-05T23:04:25.382472+00:00,73.4183,0.066,96.9689,0.007,0.75,0.0,1500.0,0.0,6.3
1045.5,2026-05-05T23:04:25.873582+00:00,73.3794,-0.0129,96.7447,0.0131,0.75,0.0,1500.0,0.0,6.3
1046.0,2026-05-05T23:04:26.373203+00:00,73.2222,-0.0736,96.8038,0.0949,0.75,0.0,1500.0,0.0,6.3
1046.5,2026-05-05T23:04:26.873286+00:00,73.3559,-0.0566,96.7335,-0.0042,0.75,0.0,1500.0,0.0,6.3
1047.0,2026-05-05T23:04:27.373252+00:00,73.3314,-0.0435,96.5638,-0.0726,0.75,0.0,1500.0,0.0,6.3
1047.5,2026-05-05T23:04:27.878770+00:00,73.3125,-0.0334,96.5259,-0.0944,0.75,0.0,1500.0,0.0,6.3
1048.0,2026-05-05T23:04:28.373394+00:00,73.2981,0.038,96.6356,-0.1111,0.75,0.0,1500.0,0.0,6.3
1048.501932,2026-05-05T23:04:28.875173+00:00,73.2869,-0.0345,96.743,-0.0006,0.75,0.0,1500.0,0.0,6.3
1049.0,2026-05-05T23:04:29.373372+00:00,73.2784,-0.0265,97.0339,0.0767,0.75,0.0,1500.0,0.0,6.3
1049.5,2026-05-05T23:04:29.873476+00:00,73.2718,-0.0204,97.0261,0.0975,0.75,0.0,1500.0,0.0,6.3
1050.0,2026-05-05T23:04:30.381131+00:00,73.2668,-0.0156,96.8812,0.1058,0.75,0.0,1500.0,0.0,6.3
1050.5,2026-05-05T23:04:30.873283+00:00,73.1356,-0.0757,96.8855,0.1199,0.75,0.0,1500.0,0.0,6.3
1051.0,2026-05-05T23:04:31.373445+00:00,73.0348,-0.1218,96.7732,0.0459,0.75,0.0,1500.0,0.0,6.3
1051.5,2026-05-05T23:04:31.873186+00:00,73.2119,-0.03,96.71,-0.011,0.75,0.0,1500.0,0.0,6.3
1052.0,2026-05-05T23:04:32.373249+00:00,73.348,0.0406,96.6382,-0.1319,0.75,0.0,1500.0,0.0,6.3
1052.5,2026-05-05T23:04:32.881585+00:00,73.3253,0.0948,96.8377,-0.0628,0.75,0.0,1500.0,0.0,6.3
1053.0,2026-05-05T23:04:33.373207+00:00,73.1806,0.0729,96.6438,-0.0791,0.75,0.0,1500.0,0.0,6.3
1053.5,2026-05-05T23:04:33.873241+00:00,73.1967,-0.0076,96.7262,-0.0531,0.75,0.0,1500.0,0.0,6.3
1054.0,2026-05-05T23:04:34.373474+00:00,73.209,-0.0695,97.021,0.0826,0.75,0.0,1500.0,0.0,6.3
1054.5,2026-05-05T23:04:34.873206+00:00,73.3458,0.0102,96.4376,-0.0908,0.75,0.0,1500.0,0.0,6.3
1055.0,2026-05-05T23:04:35.379195+00:00,73.1963,0.0079,96.3364,-0.1006,0.75,0.0,1500.0,0.0,6.3
1055.5,2026-05-05T23:04:35.873225+00:00,73.336,0.0697,96.4899,-0.1159,0.75,0.0,1500.0,0.0,6.3
1056.0,2026-05-05T23:04:36.373221+00:00,73.5707,0.1808,96.608,-0.012,0.75,0.0,1500.0,0.0,6.3
1056.5,2026-05-05T23:04:36.873228+00:00,73.4965,0.0753,96.6987,-0.0092,0.75,0.0,1500.0,0.0,6.3
1057.0,2026-05-05T23:04:37.373283+00:00,73.4394,0.1215,96.6527,-0.1228,0.75,0.0,1500.0,0.0,6.3
1057.5,2026-05-05T23:04:37.879093+00:00,73.6501,0.1571,96.6174,0.0599,0.75,0.0,1500.0,0.0,6.3
1058.0,2026-05-05T23:04:38.373232+00:00,73.6848,0.0571,96.7059,0.1232,0.75,0.0,1500.0,0.0,6.3
1058.5,2026-05-05T23:04:38.873204+00:00,73.7115,0.1075,96.5194,0.0098,0.75,0.0,1500.0,0.0,6.3
1059.0,2026-05-05T23:04:39.373316+00:00,73.4774,0.019,96.3992,-0.0696,0.75,0.0,1500.0,0.0,6.3
1059.5,2026-05-05T23:04:39.873209+00:00,73.4248,-0.1127,96.3068,-0.1306,0.75,0.0,1500.0,0.0,6.3
1060.0,2026-05-05T23:04:40.378277+00:00,73.5116,-0.0866,96.3515,-0.1004,0.75,0.0,1500.0,0.0,6.3
1060.5,2026-05-05T23:04:40.875401+00:00,73.5783,-0.0666,96.2702,-0.1157,0.75,0.0,1500.0,0.0,6.3
1061.0,2026-05-05T23:04:41.373208+00:00,73.5024,0.0125,96.2077,-0.1661,0.75,0.0,1500.0,0.0,6.3
1061.5,2026-05-05T23:04:41.873211+00:00,73.444,0.0096,96.391,-0.0428,0.75,0.0,1500.0,0.0,6.3
1062.0,2026-05-05T23:04:42.373186+00:00,73.5264,0.0074,96.5319,0.0442,0.75,0.0,1500.0,0.0,6.3
1062.5,2026-05-05T23:04:42.879927+00:00,73.5897,0.0057,96.5245,0.0726,0.75,0.0,1500.0,0.0,6.3
1063.0,2026-05-05T23:04:43.373219+00:00,73.5111,0.0044,96.6346,0.0943,0.75,0.0,1500.0,0.0,6.3
1063.5,2026-05-05T23:04:43.873336+00:00,73.4507,0.0033,96.7191,0.1496,0.75,0.0,1500.0,0.0,6.3
1064.0,2026-05-05T23:04:44.373182+00:00,73.277,-0.1247,96.6453,0.1459,0.75,0.0,1500.0,0.0,6.3
1064.5,2026-05-05T23:04:44.873209+00:00,73.2707,-0.1595,96.496,0.035,0.75,0.0,1500.0,0.0,6.3
1065.0,2026-05-05T23:04:45.377680+00:00,73.2659,-0.1226,96.6126,0.0269,0.75,0.0,1500.0,0.0,6.3
1065.5,2026-05-05T23:04:45.873238+00:00,73.3895,-0.0306,96.4708,-0.0179,0.75,0.0,1500.0,0.0,6.3
1066.0,2026-05-05T23:04:46.373247+00:00,73.23,-0.0235,96.3387,-0.0986,0.75,0.0,1500.0,0.0,6.3
1066.5,2026-05-05T23:04:46.873562+00:00,73.2346,-0.0181,96.3761,-0.1144,0.75,0.0,1500.0,0.0,6.3
1067.0,2026-05-05T23:04:47.373191+00:00,73.1109,-0.0775,96.4973,-0.0493,0.75,0.0,1500.0,0.0,6.3
1067.5,2026-05-05T23:04:47.879474+00:00,73.2704,-0.0596,96.6136,0.0392,0.75,0.0,1500.0,0.0,6.3
1068.0,2026-05-05T23:04:48.373224+00:00,73.3929,0.0815,96.703,0.0301,0.75,0.0,1500.0,0.0,6.3
1068.5,2026-05-05T23:04:48.873593+00:00,73.2326,-0.001,96.6561,0.0617,0.75,0.0,1500.0,0.0,6.3
1069.0,2026-05-05T23:04:49.373203+00:00,73.3639,0.1265,96.967,0.2094,0.75,0.0,1500.0,0.0,6.3
1069.5,2026-05-05T23:04:49.873330+00:00,73.3375,0.0336,96.9747,0.1995,0.75,0.0,1500.0,0.0,6.3
1070.0,2026-05-05T23:04:50.377901+00:00,73.4445,0.0258,96.9805,0.1611,0.75,0.0,1500.0,0.0,6.3
1070.5,2026-05-05T23:04:50.873253+00:00,73.6541,0.2107,96.8693,0.0852,0.75,0.0,1500.0,0.0,6.3
1071.0,2026-05-05T23:04:51.373630+00:00,73.5606,0.0983,96.7839,0.0269,0.75,0.0,1500.0,0.0,6.3
1071.5,2026-05-05T23:04:51.873202+00:00,73.3614,0.012,96.9496,0.0978,0.75,0.0,1500.0,0.0,6.3
1072.0,2026-05-05T23:04:52.373487+00:00,73.3356,-0.0544,96.7298,-0.0791,0.75,0.0,1500.0,0.0,6.3
1072.500732,2026-05-05T23:04:52.881591+00:00,73.5704,-0.0418,96.6767,-0.0993,0.75,0.0,1500.0,0.0,6.3
1073.0,2026-05-05T23:04:53.373206+00:00,73.4962,-0.0322,96.7515,-0.0763,0.75,0.0,1500.0,0.0,6.3
1073.5,2026-05-05T23:04:53.873191+00:00,73.4393,0.0389,96.809,-0.0201,0.75,0.0,1500.0,0.0,6.3
1074.00114,2026-05-05T23:04:54.374492+00:00,73.3955,0.0299,96.9689,0.0617,0.75,0.0,1500.0,0.0,6.3
1074.5,2026-05-05T23:04:54.873208+00:00,73.4891,-0.0406,97.0918,0.0474,0.75,0.0,1500.0,0.0,6.3
1075.0,2026-05-05T23:04:55.382723+00:00,73.4338,-0.0312,97.1862,0.1521,0.75,0.0,1500.0,0.0,6.3
1075.5004,2026-05-05T23:04:55.873607+00:00,73.264,-0.0876,97.12,0.1478,0.75,0.0,1500.0,0.0,6.3
1076.0,2026-05-05T23:04:56.373193+00:00,73.1335,-0.131,97.0922,0.1136,0.75,0.0,1500.0,0.0,6.3
1076.5,2026-05-05T23:04:56.873361+00:00,73.1604,-0.1643,97.0709,0.0873,0.75,0.0,1500.0,0.0,6.3
1077.0,2026-05-05T23:04:57.373180+00:00,73.1812,-0.1263,97.0314,0.0208,0.75,0.0,1500.0,0.0,6.3
1077.5,2026-05-05T23:04:57.881988+00:00,73.1971,-0.0334,97.2555,0.0546,0.75,0.0,1500.0,0.0,6.3
1078.0,2026-05-05T23:04:58.373219+00:00,73.2093,0.0379,97.1964,0.0034,0.75,0.0,1500.0,0.0,6.3
1078.5,2026-05-05T23:04:58.873235+00:00,73.2187,0.0292,97.0121,-0.036,0.75,0.0,1500.0,0.0,6.3
1079.0,2026-05-05T23:04:59.373223+00:00,73.226,0.0224,96.8936,-0.0662,0.75,0.0,1500.0,0.0,6.3
1079.5,2026-05-05T23:04:59.873507+00:00,73.2315,0.0172,96.9182,-0.0509,0.75,0.0,1500.0,0.0,6.3
1080.0,2026-05-05T23:05:00.379290+00:00,73.2358,0.0132,96.7057,-0.1085,0.75,0.0,1500.0,0.0,6.3
1080.5,2026-05-05T23:05:00.873277+00:00,73.1118,-0.0535,96.7507,-0.1683,0.75,0.0,1500.0,0.0,6.3
1081.0,2026-05-05T23:05:01.373309+00:00,73.1438,-0.0411,96.8084,-0.1293,0.75,0.0,1500.0,0.0,6.3
1081.5,2026-05-05T23:05:01.873225+00:00,73.0411,-0.0952,96.8527,-0.0531,0.75,0.0,1500.0,0.0,6.3
1082.0,2026-05-05T23:05:02.373687+00:00,73.0894,-0.0732,97.0025,0.0363,0.75,0.0,1500.0,0.0,6.3
1082.500483,2026-05-05T23:05:02.881465+00:00,73.2539,0.071,97.0019,0.0279,0.75,0.0,1500.0,0.0,6.3
1083.0,2026-05-05T23:05:03.373194+00:00,73.253,0.0546,97.0015,0.0986,0.75,0.0,1500.0,0.0,6.3
1083.5,2026-05-05T23:05:03.873294+00:00,73.2523,0.1056,96.978,0.0758,0.75,0.0,1500.0,0.0,6.3
1084.000748,2026-05-05T23:05:04.374002+00:00,73.379,0.1448,96.8442,0.012,0.75,0.0,1500.0,0.0,6.3
1084.5,2026-05-05T23:05:04.873196+00:00,73.3492,0.0477,96.7877,-0.0217,0.75,0.0,1500.0,0.0,6.3
1085.0,2026-05-05T23:05:05.379106+00:00,73.4535,0.1003,96.7211,-0.0938,0.75,0.0,1500.0,0.0,6.3
1085.500693,2026-05-05T23:05:05.873941+00:00,73.4064,0.0771,96.6931,-0.1029,0.75,0.0,1500.0,0.0,6.3
1086.0,2026-05-05T23:05:06.373426+00:00,73.4975,0.0592,96.8798,-0.0406,0.75,0.0,1500.0,0.0,6.3
1086.5,2026-05-05T23:05:06.873263+00:00,73.4402,0.0455,96.8845,-0.0312,0.75,0.0,1500.0,0.0,6.3
1087.0,2026-05-05T23:05:07.373208+00:00,73.5235,0.035,96.8187,-0.0085,0.75,0.0,1500.0,0.0,6.3
1087.5,2026-05-05T23:05:07.878374+00:00,73.4602,0.0269,96.8606,0.0243,0.75,0.0,1500.0,0.0,6.3
1088.0,2026-05-05T23:05:08.373291+00:00,73.4116,-0.043,97.0086,0.0958,0.75,0.0,1500.0,0.0,6.3
1088.5,2026-05-05T23:05:08.873326+00:00,73.3742,-0.033,96.7752,0.0274,0.75,0.0,1500.0,0.0,6.3
1089.0,2026-05-05T23:05:09.373202+00:00,73.2182,-0.1527,96.8041,-0.0253,0.75,0.0,1500.0,0.0,6.3
1089.5,2026-05-05T23:05:09.873212+00:00,73.2255,-0.1173,96.4792,-0.1351,0.75,0.0,1500.0,0.0,6.3
1090.0,2026-05-05T23:05:10.379140+00:00,73.2312,-0.0902,96.484,-0.1116,0.75,0.0,1500.0,0.0,6.2488
1090.5,2026-05-05T23:05:10.873263+00:00,73.2355,-0.0693,96.5803,-0.0935,0.75,0.0,1500.0,0.0,6.275
1091.0,2026-05-05T23:05:11.373667+00:00,73.3662,0.074,96.7931,-0.0718,0.75,0.0,1500.0,0.0,6.2878
1091.5,2026-05-05T23:05:11.873234+00:00,73.4666,0.1205,96.9567,0.0605,0.75,0.0,1500.0,0.0,6.294
1092.0,2026-05-05T23:05:12.373774+00:00,73.2892,0.029,97.0824,0.0928,0.75,0.0,1500.0,0.0,6.2971
1092.5,2026-05-05T23:05:12.880600+00:00,73.4074,0.0859,97.0402,0.187,0.75,0.0,1500.0,0.0,6.2986
1093.0,2026-05-05T23:05:13.373198+00:00,73.4982,0.066,96.892,0.136,0.75,0.0,1500.0,0.0,6.2481
1093.5,2026-05-05T23:05:13.873213+00:00,73.5681,0.0508,97.0327,0.1508,0.75,0.0,1500.0,0.0,6.2235
1094.0,2026-05-05T23:05:14.373225+00:00,73.3672,0.039,97.0252,0.0774,0.75,0.0,1500.0,0.0,6.2115
1094.5,2026-05-05T23:05:14.873203+00:00,73.5946,0.0936,96.9962,0.0132,0.75,0.0,1500.0,0.0,6.2056
1095.0,2026-05-05T23:05:15.378185+00:00,73.3876,-0.0553,97.1128,0.0101,0.75,0.0,1500.0,0.0,6.2027
1095.5,2026-05-05T23:05:15.873282+00:00,73.483,-0.0425,96.7396,-0.1002,0.75,0.0,1500.0,0.0,6.2525
1096.0,2026-05-05T23:05:16.373488+00:00,73.5564,0.0946,96.6841,-0.0693,0.75,0.0,1500.0,0.0,6.2768
1096.5,2026-05-05T23:05:16.873441+00:00,73.6128,0.0091,96.7341,-0.0995,0.75,0.0,1500.0,0.0,6.2887
1097.0,2026-05-05T23:05:17.373218+00:00,73.5288,0.0706,96.6799,-0.1151,0.75,0.0,1500.0,0.0,6.2945
1097.5,2026-05-05T23:05:17.878081+00:00,73.5916,0.0543,96.6383,-0.1193,0.75,0.0,1500.0,0.0,6.2973
1098.0,2026-05-05T23:05:18.373226+00:00,73.5125,-0.0219,96.722,-0.1303,0.75,0.0,1500.0,0.0,6.3499
1098.5,2026-05-05T23:05:18.873333+00:00,73.4518,-0.0805,96.5318,-0.0693,0.75,0.0,1500.0,0.0,6.3755
1099.0,2026-05-05T23:05:19.373264+00:00,73.4051,-0.0619,96.5244,-0.0532,0.75,0.0,1500.0,0.0,6.3881
1099.5,2026-05-05T23:05:19.873326+00:00,73.4965,-0.0475,96.7502,0.0054,0.75,0.0,1500.0,0.0,6.3942
1100.0,2026-05-05T23:05:20.378857+00:00,73.5667,0.0271,96.6923,0.0041,0.75,0.0,1500.0,0.0,6.3972
1100.5,2026-05-05T23:05:20.873295+00:00,73.4934,0.0208,96.5321,-0.0354,0.75,0.0,1500.0,0.0,6.3986
1101.0,2026-05-05T23:05:21.373193+00:00,73.5644,0.0796,96.6404,-0.0272,0.75,0.0,1500.0,0.0,6.3993
1101.5,2026-05-05T23:05:21.873254+00:00,73.6189,0.0612,96.7236,0.0639,0.75,0.0,1500.0,0.0,6.3997
1102.0,2026-05-05T23:05:22.373309+00:00,73.6608,0.047,96.9032,0.1263,0.75,0.0,1500.0,0.0,6.3998
1102.5,2026-05-05T23:05:22.880180+00:00,73.5657,0.0362,96.9256,0.0585,0.75,0.0,1500.0,0.0,6.3999
1103.0,2026-05-05T23:05:23.373226+00:00,73.4927,-0.0358,96.5726,-0.0399,0.75,0.0,1500.0,0.0,6.3488
1103.5,2026-05-05T23:05:23.873207+00:00,73.4365,-0.0912,96.6715,0.0465,0.75,0.0,1500.0,0.0,6.3238
1104.0,2026-05-05T23:05:24.373203+00:00,73.5206,-0.0701,96.7244,0.028,0.75,0.0,1500.0,0.0,6.3116
1104.5,2026-05-05T23:05:24.873245+00:00,73.3307,-0.1175,96.7882,0.0215,0.75,0.0,1500.0,0.0,6.3057
1105.0,2026-05-05T23:05:25.383047+00:00,73.5666,0.037,96.8372,-0.022,0.75,0.0,1500.0,0.0,6.3028
1105.5,2026-05-05T23:05:25.873559+00:00,73.3661,-0.0352,96.9906,0.0216,0.75,0.0,1500.0,0.0,6.3013
1106.0,2026-05-05T23:05:26.373272+00:00,73.3392,-0.0907,96.9696,0.1323,0.75,0.0,1500.0,0.0,6.3007
1106.5,2026-05-05T23:05:26.873590+00:00,73.3186,-0.0061,96.9766,0.1017,0.75,0.0,1500.0,0.0,6.3003
1107.0,2026-05-05T23:05:27.373256+00:00,73.3027,-0.1319,96.982,0.0859,0.75,0.0,1500.0,0.0,6.3002
1107.5,2026-05-05T23:05:27.878523+00:00,73.4178,0.0259,97.1019,0.1046,0.75,0.0,1500.0,0.0,6.3001
1108.0,2026-05-05T23:05:28.373677+00:00,73.1244,-0.1074,97.194,0.1189,0.75,0.0,1500.0,0.0,6.3512
1108.5005,2026-05-05T23:05:28.873697+00:00,73.1535,-0.0825,97.0334,0.0143,0.75,0.0,1500.0,0.0,6.325
1109.0,2026-05-05T23:05:29.373269+00:00,73.1758,-0.0634,97.0257,0.0187,0.75,0.0,1500.0,0.0,6.3122
1109.5,2026-05-05T23:05:29.873447+00:00,73.3202,-0.0488,97.0197,0.0144,0.75,0.0,1500.0,0.0,6.306
1110.0,2026-05-05T23:05:30.381237+00:00,73.304,0.0898,96.8995,-0.0275,0.75,0.0,1500.0,0.0,6.3029
1110.5,2026-05-05T23:05:30.873318+00:00,73.4188,0.1326,96.8996,-0.0674,0.75,0.0,1500.0,0.0,6.3014
1111.0,2026-05-05T23:05:31.373198+00:00,73.3797,0.102,96.8303,-0.1212,0.75,0.0,1500.0,0.0,6.3007
1111.5,2026-05-05T23:05:31.873188+00:00,73.477,0.0784,96.7307,-0.1009,0.75,0.0,1500.0,0.0,6.3003
1112.0,2026-05-05T23:05:32.373453+00:00,73.4244,0.0602,96.9087,-0.039,0.75,0.0,1500.0,0.0,6.3002
1112.5,2026-05-05T23:05:32.879463+00:00,73.3841,-0.0173,96.9298,-0.03,0.75,0.0,1500.0,0.0,6.3001
1113.0,2026-05-05T23:05:33.373237+00:00,73.4803,0.0503,96.8304,-0.023,0.75,0.0,1500.0,0.0,6.3
1113.5,2026-05-05T23:05:33.873215+00:00,73.5543,0.0387,96.8696,-0.01,0.75,0.0,1500.0,0.0,6.3
1114.000829,2026-05-05T23:05:34.374769+00:00,73.6112,0.0934,96.8998,0.0232,0.75,0.0,1500.0,0.0,6.3
1114.5,2026-05-05T23:05:34.873213+00:00,73.5276,0.0718,97.0387,0.1027,0.75,0.0,1500.0,0.0,6.3
1115.0,2026-05-05T23:05:35.377887+00:00,73.4633,-0.0085,97.1454,0.0789,0.75,0.0,1500.0,0.0,6.3
1115.5,2026-05-05T23:05:35.873202+00:00,73.414,-0.0702,96.8804,-0.0165,0.75,0.0,1500.0,0.0,6.3
1116.0,2026-05-05T23:05:36.373262+00:00,73.5033,-0.0539,96.7692,-0.0204,0.75,0.0,1500.0,0.0,6.3
1116.5,2026-05-05T23:05:36.873187+00:00,73.572,0.0222,96.8226,-0.0157,0.75,0.0,1500.0,0.0,6.3
1117.001129,2026-05-05T23:05:37.374487+00:00,73.4975,0.0171,96.8637,-0.012,0.75,0.0,1500.0,0.0,6.3
1117.5,2026-05-05T23:05:37.878372+00:00,73.4402,0.0131,97.0109,-0.0093,0.75,0.0,1500.0,0.0,6.3
1118.0,2026-05-05T23:05:38.373277+00:00,73.3962,-0.0536,97.0084,-0.0457,0.75,0.0,1500.0,0.0,6.3
1118.502668,2026-05-05T23:05:38.875939+00:00,73.4896,-0.0412,96.775,-0.0351,0.75,0.0,1500.0,0.0,6.3
1119.0,2026-05-05T23:05:39.373193+00:00,73.5614,0.032,96.9197,0.0501,0.75,0.0,1500.0,0.0,6.3
1119.500173,2026-05-05T23:05:39.873864+00:00,73.4894,0.0246,97.1697,0.1157,0.75,0.0,1500.0,0.0,6.3
1120.0,2026-05-05T23:05:40.380036+00:00,73.5613,0.0825,97.0147,0.0503,0.75,0.0,1500.0,0.0,6.3
1120.5,2026-05-05T23:05:40.873199+00:00,73.4892,-0.0002,97.0113,0.0001,0.75,0.0,1500.0,0.0,6.3
1121.0,2026-05-05T23:05:41.373663+00:00,73.4339,-0.0638,96.893,-0.0385,0.75,0.0,1500.0,0.0,6.3
1121.50046,2026-05-05T23:05:41.873660+00:00,73.3913,-0.049,96.7789,0.0013,0.75,0.0,1500.0,0.0,6.3
1122.0,2026-05-05T23:05:42.373337+00:00,73.2314,-0.165,96.8301,-0.0299,0.75,0.0,1500.0,0.0,6.3
1122.5,2026-05-05T23:05:42.878715+00:00,73.3629,-0.0631,96.9851,-0.0615,0.75,0.0,1500.0,0.0,6.3
1123.0,2026-05-05T23:05:43.373194+00:00,73.3368,-0.0485,96.7571,-0.0859,0.75,0.0,1500.0,0.0,6.3
1123.5,2026-05-05T23:05:43.873200+00:00,73.1894,-0.1009,96.929,-0.0274,0.75,0.0,1500.0,0.0,6.3
1124.0,2026-05-05T23:05:44.373360+00:00,73.0762,-0.0776,97.0612,0.0561,0.75,0.0,1500.0,0.0,6.3
1124.5,2026-05-05T23:05:44.873245+00:00,72.8619,-0.2505,96.9082,0.0431,0.75,0.0,1500.0,0.0,6.3
1125.0,2026-05-05T23:05:45.381790+00:00,72.9517,-0.1926,96.8137,-0.0054,0.75,0.0,1500.0,0.0,6.3
1125.5,2026-05-05T23:05:45.873566+00:00,73.0207,-0.0844,96.8568,-0.0428,0.75,0.0,1500.0,0.0,6.3
1126.0,2026-05-05T23:05:46.373321+00:00,73.0738,-0.0012,96.6586,-0.0329,0.75,0.0,1500.0,0.0,6.3
1126.5,2026-05-05T23:05:46.873242+00:00,73.1145,0.1263,96.7376,-0.0638,0.75,0.0,1500.0,0.0,6.3
1127.0,2026-05-05T23:05:47.373353+00:00,73.1459,0.0971,96.7983,-0.0876,0.75,0.0,1500.0,0.0,6.3
1127.500475,2026-05-05T23:05:47.878833+00:00,73.17,0.0746,96.4979,-0.1368,0.75,0.0,1500.0,0.0,6.3
1128.0,2026-05-05T23:05:48.373237+00:00,73.443,0.1846,96.6141,-0.0666,0.75,0.0,1500.0,0.0,6.3
1128.5,2026-05-05T23:05:48.873201+00:00,73.5256,0.2055,96.8191,-0.0126,0.75,0.0,1500.0,0.0,6.3
1129.0,2026-05-05T23:05:49.373319+00:00,73.3346,0.0943,96.2824,-0.1254,0.75,0.0,1500.0,0.0,6.3
1129.5,2026-05-05T23:05:49.873191+00:00,73.4423,0.1362,96.1014,-0.2121,0.75,0.0,1500.0,0.0,6.3
1130.0,2026-05-05T23:05:50.378508+00:00,73.2705,-0.0863,96.1705,-0.2093,0.75,0.0,1500.0,0.0,6.3
1130.5,2026-05-05T23:05:50.873180+00:00,73.2658,-0.1299,96.131,-0.1223,0.75,0.0,1500.0,0.0,6.3
1131.0,2026-05-05T23:05:51.373198+00:00,73.2621,-0.0362,96.0776,-0.1788,0.75,0.0,1500.0,0.0,6.3
1131.5,2026-05-05T23:05:51.873815+00:00,73.132,-0.1551,96.4067,-0.1374,0.75,0.0,1500.0,0.0,6.3
1132.0,2026-05-05T23:05:52.373291+00:00,73.1593,-0.0556,96.544,0.0872,0.75,0.0,1500.0,0.0,6.3
1132.5,2026-05-05T23:05:52.877745+00:00,73.3076,0.0209,96.7652,0.2213,0.75,0.0,1500.0,0.0,6.3
1133.0,2026-05-05T23:05:53.373385+00:00,73.2943,0.0161,96.8196,0.2164,0.75,0.0,1500.0,0.0,6.3
1133.500952,2026-05-05T23:05:53.874183+00:00,73.4113,0.1396,96.8613,0.2434,0.75,0.0,1500.0,0.0,6.3
1134.0,2026-05-05T23:05:54.373242+00:00,73.5012,0.1709,96.8934,0.2719,0.75,0.0,1500.0,0.0,6.3
1134.5,2026-05-05T23:05:54.873226+00:00,73.3158,0.0041,96.9181,0.1704,0.75,0.0,1500.0,0.0,6.3
1135.0,2026-05-05T23:05:55.380506+00:00,73.3006,0.0032,96.6825,0.0462,0.75,0.0,1500.0,0.0,6.3
1135.5,2026-05-05T23:05:55.873250+00:00,73.4162,0.0024,96.756,-0.0031,0.75,0.0,1500.0,0.0,6.3
1136.0,2026-05-05T23:05:56.373422+00:00,73.505,0.0019,96.9281,0.0362,0.75,0.0,1500.0,0.0,6.3
1136.5,2026-05-05T23:05:56.873217+00:00,73.5732,0.1287,96.5745,-0.0956,0.75,0.0,1500.0,0.0,6.3
1137.0,2026-05-05T23:05:57.373402+00:00,73.4984,0.0989,96.673,-0.0735,0.75,0.0,1500.0,0.0,6.3
1137.5,2026-05-05T23:05:57.879256+00:00,73.5682,0.076,96.7486,-0.0565,0.75,0.0,1500.0,0.0,6.3
1138.00003,2026-05-05T23:05:58.373239+00:00,73.4946,-0.0052,96.5754,-0.0357,0.75,0.0,1500.0,0.0,6.3
1138.5,2026-05-05T23:05:58.873227+00:00,73.438,-0.0676,96.558,-0.066,0.75,0.0,1500.0,0.0,6.3
1139.0,2026-05-05T23:05:59.373739+00:00,73.5218,0.0117,96.7528,-0.0584,0.75,0.0,1500.0,0.0,6.3
1139.5,2026-05-05T23:05:59.873188+00:00,73.4589,-0.0547,96.5555,-0.0064,0.75,0.0,1500.0,0.0,6.3
1140.0,2026-05-05T23:06:00.377976+00:00,73.6651,0.0852,96.5426,-0.0434,0.75,0.0,1500.0,0.0,6.2488
1140.5,2026-05-05T23:06:00.873614+00:00,73.569,0.0655,96.7642,0.0052,0.75,0.0,1500.0,0.0,6.275
1141.0,2026-05-05T23:06:01.373211+00:00,73.4952,-0.0133,96.5873,0.004,0.75,0.0,1500.0,0.0,6.2878
1141.5,2026-05-05T23:06:01.873187+00:00,73.5657,0.0534,96.544,-0.0047,0.75,0.0,1500.0,0.0,6.294
1142.0,2026-05-05T23:06:02.373176+00:00,73.4927,-0.0862,96.5107,-0.0807,0.75,0.0,1500.0,0.0,6.2971
1142.5,2026-05-05T23:06:02.879172+00:00,73.4365,-0.0663,96.2537,-0.1006,0.75,0.0,1500.0,0.0,6.2986
1143.0,2026-05-05T23:06:03.373371+00:00,73.2661,-0.1146,96.3107,-0.0773,0.75,0.0,1500.0,0.0,6.2993
1143.5,2026-05-05T23:06:03.873360+00:00,73.2624,-0.1517,96.4702,-0.098,0.75,0.0,1500.0,0.0,6.2997
1144.0,2026-05-05T23:06:04.373253+00:00,73.1322,-0.1802,96.4539,-0.0445,0.75,0.0,1500.0,0.0,6.2998
1144.5,2026-05-05T23:06:04.873236+00:00,73.0322,-0.2022,96.5803,0.0121,0.75,0.0,1500.0,0.0,6.2999
1145.0,2026-05-05T23:06:05.378734+00:00,73.2099,-0.0281,96.77,0.0864,0.75,0.0,1500.0,0.0,6.3
1145.5,2026-05-05T23:06:05.873687+00:00,73.2192,-0.0216,96.8232,0.1898,0.75,0.0,1500.0,0.0,6.3
1146.0,2026-05-05T23:06:06.373289+00:00,73.099,-0.0166,96.8641,0.1845,0.75,0.0,1500.0,0.0,6.3
1146.5,2026-05-05T23:06:06.873322+00:00,73.134,0.0509,96.803,0.1109,0.75,0.0,1500.0,0.0,6.3
1147.0,2026-05-05T23:06:07.373229+00:00,73.1608,-0.0245,96.7329,0.093,0.75,0.0,1500.0,0.0,6.3
1147.5,2026-05-05T23:06:07.878010+00:00,73.1815,-0.0189,96.9104,0.11,0.75,0.0,1500.0,0.0,6.3
1148.0,2026-05-05T23:06:08.373509+00:00,73.1973,0.0491,96.9311,0.0537,0.75,0.0,1500.0,0.0,6.3
1148.5,2026-05-05T23:06:08.873208+00:00,73.2095,0.0378,96.9239,0.0336,0.75,0.0,1500.0,0.0,6.3
1149.0,2026-05-05T23:06:09.373206+00:00,72.9643,-0.0982,96.7101,-0.0513,0.75,0.0,1500.0,0.0,6.3
1149.500136,2026-05-05T23:06:09.873811+00:00,73.0304,-0.0755,96.7772,-0.0086,0.75,0.0,1500.0,0.0,6.3
1150.0,2026-05-05T23:06:10.378814+00:00,72.954,-0.1217,96.7131,-0.0066,0.75,0.0,1500.0,0.0,6.3
1150.5,2026-05-05T23:06:10.873209+00:00,73.0225,-0.0935,96.7795,-0.0436,0.75,0.0,1500.0,0.0,6.3
1151.0,2026-05-05T23:06:11.373445+00:00,72.9479,-0.0082,96.7379,-0.0644,0.75,0.0,1500.0,0.0,6.3
1151.5,2026-05-05T23:06:11.873204+00:00,73.145,0.0573,96.6597,-0.0881,0.75,0.0,1500.0,0.0,6.3
1152.0,2026-05-05T23:06:12.373466+00:00,73.0421,0.044,96.8542,0.048,0.75,0.0,1500.0,0.0,6.3
1152.5,2026-05-05T23:06:12.881725+00:00,72.9629,-0.0298,96.8879,0.0369,0.75,0.0,1500.0,0.0,6.3
1153.0,2026-05-05T23:06:13.373211+00:00,73.1566,0.1044,96.9139,0.0669,0.75,0.0,1500.0,0.0,6.3
1153.5,2026-05-05T23:06:13.873199+00:00,73.3055,0.0802,96.9338,0.0514,0.75,0.0,1500.0,0.0,6.3
1154.0,2026-05-05T23:06:14.373229+00:00,73.2926,0.1253,96.8334,0.0318,0.75,0.0,1500.0,0.0,6.3
1154.5,2026-05-05T23:06:14.873314+00:00,73.4101,0.2236,96.872,0.0707,0.75,0.0,1500.0,0.0,6.3
1155.0,2026-05-05T23:06:15.378975+00:00,73.373,0.1082,96.9016,0.0158,0.75,0.0,1500.0,0.0,6.3
1155.5,2026-05-05T23:06:15.873238+00:00,73.4718,0.0832,96.9012,0.0044,0.75,0.0,1500.0,0.0,6.3
1156.0,2026-05-05T23:06:16.373340+00:00,73.2932,0.0003,97.0166,0.0343,0.75,0.0,1500.0,0.0,6.3
1156.5,2026-05-05T23:06:16.873530+00:00,73.2832,-0.0634,97.2442,0.1035,0.75,0.0,1500.0,0.0,6.3
1157.0,2026-05-05T23:06:17.373202+00:00,73.1483,-0.1124,97.1877,0.1181,0.75,0.0,1500.0,0.0,6.3
1157.5,2026-05-05T23:06:17.881210+00:00,73.1718,-0.15,97.1443,0.0908,0.75,0.0,1500.0,0.0,6.3
1158.0,2026-05-05T23:06:18.373708+00:00,72.9354,-0.1789,97.1109,0.0698,0.75,0.0,1500.0,0.0,6.3
1158.5,2026-05-05T23:06:18.873208+00:00,72.8809,-0.2012,96.9464,0.0151,0.75,0.0,1500.0,0.0,6.3
1159.0,2026-05-05T23:06:19.373414+00:00,72.839,-0.1546,97.1902,0.0578,0.75,0.0,1500.0,0.0,6.3
1159.500877,2026-05-05T23:06:19.874101+00:00,72.9341,-0.1188,97.1462,-0.0327,0.75,0.0,1500.0,0.0,6.3
1160.0,2026-05-05T23:06:20.377764+00:00,73.0072,0.0359,97.3438,0.052,0.75,0.0,1500.0,0.0,6.3
1160.5,2026-05-05T23:06:20.873214+00:00,72.9361,0.0276,97.1254,-0.0063,0.75,0.0,1500.0,0.0,6.3
1161.0,2026-05-05T23:06:21.373220+00:00,73.0088,0.0849,97.0964,-0.0048,0.75,0.0,1500.0,0.0,6.3
1161.5,2026-05-05T23:06:21.873209+00:00,73.1919,0.1289,97.1898,0.0811,0.75,0.0,1500.0,0.0,6.3
1162.0,2026-05-05T23:06:22.373328+00:00,73.2053,0.099,97.2615,0.0238,0.75,0.0,1500.0,0.0,6.3
1162.5,2026-05-05T23:06:22.879208+00:00,73.2157,0.1398,97.0622,-0.028,0.75,0.0,1500.0,0.0,6.3
1163.0,2026-05-05T23:06:23.373492+00:00,73.0963,0.0438,96.909,-0.1449,0.75,0.0,1500.0,0.0,6.3
1163.5,2026-05-05T23:06:23.873319+00:00,73.2592,0.0337,96.93,-0.0651,0.75,0.0,1500.0,0.0,6.3
1164.0,2026-05-05T23:06:24.373777+00:00,73.1298,-0.0378,96.9462,-0.05,0.75,0.0,1500.0,0.0,6.3
1164.5,2026-05-05T23:06:24.873288+00:00,73.1576,-0.029,96.9818,-0.0693,0.75,0.0,1500.0,0.0,6.3
1165.0,2026-05-05T23:06:25.380212+00:00,72.9244,-0.0859,96.986,-0.0918,0.75,0.0,1500.0,0.0,6.3
1165.5,2026-05-05T23:06:25.873229+00:00,72.9998,-0.1297,97.1049,0.0143,0.75,0.0,1500.0,0.0,6.3
1166.0,2026-05-05T23:06:26.373218+00:00,73.0577,-0.036,97.1964,0.0958,0.75,0.0,1500.0,0.0,6.3
1166.501136,2026-05-05T23:06:26.874721+00:00,73.1022,-0.0277,97.1509,0.0736,0.75,0.0,1500.0,0.0,6.3
1167.0,2026-05-05T23:06:27.373324+00:00,72.8818,-0.0213,97.0929,0.0489,0.75,0.0,1500.0,0.0,6.3
1167.5,2026-05-05T23:06:27.877872+00:00,72.7125,-0.1436,97.0714,0.0299,0.75,0.0,1500.0,0.0,6.3
1168.0,2026-05-05T23:06:28.373247+00:00,72.7096,-0.174,96.8466,-0.0465,0.75,0.0,1500.0,0.0,6.3
1168.5,2026-05-05T23:06:28.873223+00:00,72.7074,-0.1974,96.7433,-0.1206,0.75,0.0,1500.0,0.0,6.3
1169.0,2026-05-05T23:06:29.373267+00:00,72.8329,-0.0245,96.9184,-0.0927,0.75,0.0,1500.0,0.0,6.3
1169.500967,2026-05-05T23:06:29.874215+00:00,72.8022,0.0448,96.8216,-0.1098,0.75,0.0,1500.0,0.0,6.3
1170.0,2026-05-05T23:06:30.378048+00:00,72.9058,0.0981,96.8397,-0.0844,0.75,0.0,1500.0,0.0,6.3
1170.5,2026-05-05T23:06:30.873422+00:00,72.8582,0.0754,96.738,-0.1111,0.75,0.0,1500.0,0.0,6.3
1171.0,2026-05-05T23:06:31.373231+00:00,73.0761,0.1216,96.4284,-0.1394,0.75,0.0,1500.0,0.0,6.3
1171.5,2026-05-05T23:06:31.873215+00:00,72.9891,0.0935,96.5375,-0.0686,0.75,0.0,1500.0,0.0,6.3
1172.0,2026-05-05T23:06:32.373443+00:00,72.9222,0.0082,96.7602,-0.0527,0.75,0.0,1500.0,0.0,6.3
1172.5,2026-05-05T23:06:32.880512+00:00,72.8708,0.0063,96.6769,-0.0482,0.75,0.0,1500.0,0.0,6.3
1173.0,2026-05-05T23:06:33.373209+00:00,72.8313,-0.1224,96.6359,-0.0679,0.75,0.0,1500.0,0.0,6.3
1173.5,2026-05-05T23:06:33.873670+00:00,72.8009,-0.0941,96.8127,0.0249,0.75,0.0,1500.0,0.0,6.3
1174.0,2026-05-05T23:06:34.373198+00:00,72.7775,-0.0723,96.8561,0.1426,0.75,0.0,1500.0,0.0,6.3
1174.5,2026-05-05T23:06:34.873229+00:00,72.7596,-0.0556,96.7737,0.0787,0.75,0.0,1500.0,0.0,6.3
1175.0,2026-05-05T23:06:35.379777+00:00,72.7458,-0.0427,96.7103,-0.0166,0.75,0.0,1500.0,0.0,6.3
1175.5,2026-05-05T23:06:35.873341+00:00,72.7352,-0.0328,96.3146,-0.1208,0.75,0.0,1500.0,0.0,6.3
1176.0,2026-05-05T23:06:36.373182+00:00,72.8543,0.0384,96.2186,-0.1391,0.75,0.0,1500.0,0.0,6.3
1176.5,2026-05-05T23:06:36.873193+00:00,72.8186,0.0295,96.3994,-0.1378,0.75,0.0,1500.0,0.0,6.3
1177.0,2026-05-05T23:06:37.373334+00:00,72.7912,0.0227,96.3996,-0.1522,0.75,0.0,1500.0,0.0,6.3
1177.5,2026-05-05T23:06:37.881981+00:00,72.8973,0.0811,96.5385,-0.0784,0.75,0.0,1500.0,0.0,6.3
1178.0,2026-05-05T23:06:38.373209+00:00,72.8517,-0.0013,96.6453,-0.0217,0.75,0.0,1500.0,0.0,6.3
1178.5,2026-05-05T23:06:38.873312+00:00,72.8166,-0.001,96.5885,0.0913,0.75,0.0,1500.0,0.0,6.3
1179.0,2026-05-05T23:06:39.373387+00:00,72.9169,0.0629,96.5681,0.1165,0.75,0.0,1500.0,0.0,6.3
1179.5,2026-05-05T23:06:39.873341+00:00,72.994,0.0483,96.7837,0.1281,0.75,0.0,1500.0,0.0,6.3
1180.0,2026-05-05T23:06:40.379285+00:00,72.9259,0.0371,96.7181,0.1062,0.75,0.0,1500.0,0.0,6.3
1180.5,2026-05-05T23:06:40.873228+00:00,72.8737,0.0285,96.899,0.1202,0.75,0.0,1500.0,0.0,6.3
1181.0,2026-05-05T23:06:41.373898+00:00,72.9607,0.0219,97.1538,0.1695,0.75,0.0,1500.0,0.0,6.3
1181.5,2026-05-05T23:06:41.873202+00:00,72.9004,-0.0468,97.1182,0.1765,0.75,0.0,1500.0,0.0,6.3
1182.0,2026-05-05T23:06:42.373603+00:00,72.9813,0.0277,97.0908,0.1743,0.75,0.0,1500.0,0.0,6.3
1182.5,2026-05-05T23:06:42.879356+00:00,72.9162,0.0213,97.0698,0.0954,0.75,0.0,1500.0,0.0,6.3
1183.0,2026-05-05T23:06:43.373297+00:00,72.8662,-0.0473,97.0305,0.1042,0.75,0.0,1500.0,0.0,6.3
1183.5,2026-05-05T23:06:43.873219+00:00,72.8277,-0.0363,97.0235,0.0415,0.75,0.0,1500.0,0.0,6.3
1184.0,2026-05-05T23:06:44.373217+00:00,72.7982,-0.0916,96.9023,-0.0838,0.75,0.0,1500.0,0.0,6.3
1184.5,2026-05-05T23:06:44.873414+00:00,72.7755,-0.0704,97.0406,-0.0259,0.75,0.0,1500.0,0.0,6.3
1185.0,2026-05-05T23:06:45.381156+00:00,72.8853,0.0095,97.0312,-0.0199,0.75,0.0,1500.0,0.0,6.3
1185.5,2026-05-05T23:06:45.873223+00:00,72.8424,0.0073,96.8852,-0.0616,0.75,0.0,1500.0,0.0,6.3
1186.0,2026-05-05T23:06:46.373330+00:00,72.9367,0.0693,97.0043,-0.0087,0.75,0.0,1500.0,0.0,6.3
1186.5,2026-05-05T23:06:46.873214+00:00,73.0092,0.1169,97.0033,-0.0067,0.75,0.0,1500.0,0.0,6.3
1187.0,2026-05-05T23:06:47.373211+00:00,73.0649,0.0898,96.748,-0.0514,0.75,0.0,1500.0,0.0,6.3
1187.5,2026-05-05T23:06:47.878948+00:00,73.1078,0.1327,96.922,-0.0395,0.75,0.0,1500.0,0.0,6.3
1188.0,2026-05-05T23:06:48.373555+00:00,73.0134,0.0383,97.0558,0.0082,0.75,0.0,1500.0,0.0,6.3
1188.5,2026-05-05T23:06:48.873228+00:00,72.9409,-0.0342,96.9272,0.014,0.75,0.0,1500.0,0.0,6.3
1189.0,2026-05-05T23:06:49.373454+00:00,72.8851,-0.0899,97.0597,0.0185,0.75,0.0,1500.0,0.0,6.3
1189.5,2026-05-05T23:06:49.873239+00:00,72.8423,-0.1327,97.1616,0.0528,0.75,0.0,1500.0,0.0,6.3
1190.0,2026-05-05T23:06:50.378653+00:00,72.6821,-0.1656,96.9854,0.0791,0.75,0.0,1500.0,0.0,6.3
1190.500001,2026-05-05T23:06:50.873459+00:00,72.6862,-0.1273,96.873,-0.0163,0.75,0.0,1500.0,0.0,6.3512
1191.000717,2026-05-05T23:06:51.373980+00:00,72.8167,-0.0342,96.7867,-0.0897,0.75,0.0,1500.0,0.0,6.3762
1191.5,2026-05-05T23:06:51.873240+00:00,72.6624,-0.0899,96.6047,-0.1075,0.75,0.0,1500.0,0.0,6.3884
1192.0,2026-05-05T23:06:52.373631+00:00,72.9257,0.1218,96.5805,-0.1598,0.75,0.0,1500.0,0.0,6.3943
1192.5,2026-05-05T23:06:52.883624+00:00,72.7462,0.03,96.4461,-0.2385,0.75,0.0,1500.0,0.0,6.3972
1193.0,2026-05-05T23:06:53.373205+00:00,72.6082,-0.1042,96.5512,-0.1447,0.75,0.0,1500.0,0.0,6.3474
1193.5,2026-05-05T23:06:53.873670+00:00,72.5022,-0.0801,96.5625,-0.1035,0.75,0.0,1500.0,0.0,6.3232
1194.0,2026-05-05T23:06:54.373249+00:00,72.4207,-0.2525,96.6637,-0.041,0.75,0.0,1500.0,0.0,6.3113
1194.5,2026-05-05T23:06:54.873201+00:00,72.3581,-0.1941,96.6258,0.007,0.75,0.0,1500.0,0.0,6.3055
1195.0,2026-05-05T23:06:55.378949+00:00,72.4372,-0.0855,96.7124,0.044,0.75,0.0,1500.0,0.0,6.3027
1195.5,2026-05-05T23:06:55.873541+00:00,72.3707,-0.0657,96.5476,0.0338,0.75,0.0,1500.0,0.0,6.3525
1196.0,2026-05-05T23:06:56.373187+00:00,72.4469,0.0131,96.6291,0.026,0.75,0.0,1500.0,0.0,6.3768
1196.5,2026-05-05T23:06:56.873253+00:00,72.5055,0.0737,96.6918,0.0431,0.75,0.0,1500.0,0.0,6.3887
1197.0,2026-05-05T23:06:57.373223+00:00,72.5505,0.0567,96.6243,-0.0131,0.75,0.0,1500.0,0.0,6.3945
1197.5,2026-05-05T23:06:57.877860+00:00,72.5851,0.1072,96.4567,-0.0564,0.75,0.0,1500.0,0.0,6.3973
1198.0,2026-05-05T23:06:58.373642+00:00,72.3571,-0.0449,96.4436,-0.0896,0.75,0.0,1500.0,0.0,6.3987
1198.5,2026-05-05T23:06:58.873754+00:00,72.4365,-0.0345,96.4566,-0.0303,0.75,0.0,1500.0,0.0,6.3994
1199.0,2026-05-05T23:06:59.373206+00:00,72.4975,-0.0265,96.5824,-0.0156,0.75,0.0,1500.0,0.0,6.3997
1199.5,2026-05-05T23:06:59.873185+00:00,72.4171,-0.084,96.679,-0.0043,0.75,0.0,1500.0,0.0,6.3998
1200.001622,2026-05-05T23:07:00.381470+00:00,72.4825,0.0627,96.7533,0.043,0.75,0.0,1500.0,0.0,6.3487
1200.5,2026-05-05T23:07:00.873412+00:00,72.5329,0.0482,96.8104,0.1179,0.75,0.0,1500.0,0.0,6.375
1201.0,2026-05-05T23:07:01.373204+00:00,72.6988,0.1007,96.7386,0.0983,0.75,0.0,1500.0,0.0,6.3878
1201.50164,2026-05-05T23:07:01.875064+00:00,72.6991,0.141,96.6834,0.0756,0.75,0.0,1500.0,0.0,6.394
1202.0,2026-05-05T23:07:02.373356+00:00,72.6993,0.1084,96.6409,0.0195,0.75,0.0,1500.0,0.0,6.3971
1202.5,2026-05-05T23:07:02.879887+00:00,72.8267,0.1469,96.8397,0.0536,0.75,0.0,1500.0,0.0,6.3986
1203.0,2026-05-05T23:07:03.373277+00:00,72.7974,0.0493,96.738,-0.0051,0.75,0.0,1500.0,0.0,6.3993
1203.5,2026-05-05T23:07:03.873382+00:00,72.7749,0.0379,97.03,0.0732,0.75,0.0,1500.0,0.0,6.3997
1204.0,2026-05-05T23:07:04.373261+00:00,72.6303,-0.0345,97.1388,0.1334,0.75,0.0,1500.0,0.0,6.3486
1204.5,2026-05-05T23:07:04.873231+00:00,72.5191,-0.1538,96.9678,0.0948,0.75,0.0,1500.0,0.0,6.3237
1205.0,2026-05-05T23:07:05.382304+00:00,72.3064,-0.2455,96.9753,0.1114,0.75,0.0,1500.0,0.0,6.3116
1205.5,2026-05-05T23:07:05.873337+00:00,72.2702,-0.2523,97.0967,0.0857,0.75,0.0,1500.0,0.0,6.3569
1206.0,2026-05-05T23:07:06.373606+00:00,72.1152,-0.2576,96.7272,-0.0036,0.75,0.0,1500.0,0.0,6.3789
1206.5,2026-05-05T23:07:06.873238+00:00,72.2505,-0.1343,96.6746,-0.1185,0.75,0.0,1500.0,0.0,6.3897
1207.0,2026-05-05T23:07:07.373447+00:00,72.3545,0.024,96.7499,-0.1296,0.75,0.0,1500.0,0.0,6.3438
1207.5,2026-05-05T23:07:07.878042+00:00,72.4345,0.0821,96.5764,-0.1305,0.75,0.0,1500.0,0.0,6.3214
1208.0,2026-05-05T23:07:08.373307+00:00,72.2414,0.0631,96.3273,-0.216,0.75,0.0,1500.0,0.0,6.3104
1208.5,2026-05-05T23:07:08.873194+00:00,72.3475,0.0485,96.483,-0.2046,0.75,0.0,1500.0,0.0,6.3051
1209.000939,2026-05-05T23:07:09.374184+00:00,72.1745,-0.09,96.3712,-0.1187,0.75,0.0,1500.0,0.0,6.3025
1209.5,2026-05-05T23:07:09.873202+00:00,72.2961,-0.0692,96.1696,-0.1683,0.75,0.0,1500.0,0.0,6.3012
1210.0,2026-05-05T23:07:10.378036+00:00,72.3896,0.0741,96.3618,-0.1294,0.75,0.0,1500.0,0.0,6.3006
1210.5,2026-05-05T23:07:10.873216+00:00,72.5887,0.1206,96.3938,-0.0609,0.75,0.0,1500.0,0.0,6.3003
1211.0,2026-05-05T23:07:11.373289+00:00,72.6144,0.22,96.3952,0.0226,0.75,0.0,1500.0,0.0,6.3001
1211.5,2026-05-05T23:07:11.873269+00:00,72.6342,0.1691,96.5351,0.0174,0.75,0.0,1500.0,0.0,6.3001
1212.0,2026-05-05T23:07:12.373256+00:00,72.7767,0.1936,96.5039,0.0442,0.75,0.0,1500.0,0.0,6.3
1212.5,2026-05-05T23:07:12.879084+00:00,72.8862,0.1488,96.503,0.1111,0.75,0.0,1500.0,0.0,6.3
1213.0,2026-05-05T23:07:13.373275+00:00,72.9704,0.178,96.618,0.0854,0.75,0.0,1500.0,0.0,6.3
1213.5,2026-05-05T23:07:13.873207+00:00,72.9078,0.1368,96.4518,0.0194,0.75,0.0,1500.0,0.0,6.3
1214.0,2026-05-05T23:07:14.373319+00:00,72.8597,0.0415,96.3473,-0.016,0.75,0.0,1500.0,0.0,6.3
1214.5,2026-05-05T23:07:14.873365+00:00,72.5682,-0.159,96.614,0.0263,0.75,0.0,1500.0,0.0,6.3
1215.0,2026-05-05T23:07:15.379743+00:00,72.726,-0.1222,96.4488,-0.0184,0.75,0.0,1500.0,0.0,6.3
1215.5,2026-05-05T23:07:15.873214+00:00,72.4654,-0.2212,96.4606,-0.0141,0.75,0.0,1500.0,0.0,6.3
1216.0,2026-05-05T23:07:16.373438+00:00,72.5197,-0.17,96.7012,0.0277,0.75,0.0,1500.0,0.0,6.3
1216.5,2026-05-05T23:07:16.873191+00:00,72.5614,-0.0034,96.6315,0.0599,0.75,0.0,1500.0,0.0,6.3
1217.0,2026-05-05T23:07:17.373412+00:00,72.5935,-0.0662,96.7167,0.1232,0.75,0.0,1500.0,0.0,6.3
1217.5,2026-05-05T23:07:17.883000+00:00,72.7454,0.14,97.0137,0.1332,0.75,0.0,1500.0,0.0,6.3
1218.0,2026-05-05T23:07:18.373182+00:00,72.6076,0.044,96.6634,0.0715,0.75,0.0,1500.0,0.0,6.3
1218.5,2026-05-05T23:07:18.873280+00:00,72.8835,0.1611,96.7413,0.0936,0.75,0.0,1500.0,0.0,6.3
1219.0,2026-05-05T23:07:19.373207+00:00,72.9683,0.1874,96.778,0.0256,0.75,0.0,1500.0,0.0,6.3
1219.500786,2026-05-05T23:07:19.874109+00:00,73.0335,0.1441,96.5749,-0.0189,0.75,0.0,1500.0,0.0,6.3
1220.0,2026-05-05T23:07:20.377902+00:00,73.0836,0.238,96.6732,-0.0145,0.75,0.0,1500.0,0.0,6.3
1220.5,2026-05-05T23:07:20.873316+00:00,73.1221,0.1193,96.7488,-0.0883,0.75,0.0,1500.0,0.0,6.3
1221.0,2026-05-05T23:07:21.373233+00:00,73.0244,0.028,96.7144,0.017,0.75,0.0,1500.0,0.0,6.3
1221.5,2026-05-05T23:07:21.873198+00:00,72.9494,-0.0421,96.7574,0.0053,0.75,0.0,1500.0,0.0,6.3
1222.0,2026-05-05T23:07:22.373278+00:00,73.0189,-0.0323,96.8135,0.0118,0.75,0.0,1500.0,0.0,6.3
1222.5,2026-05-05T23:07:22.877587+00:00,72.9451,-0.0885,96.7178,0.0477,0.75,0.0,1500.0,0.0,6.3
1223.0,2026-05-05T23:07:23.373406+00:00,72.8884,-0.068,96.8988,0.0752,0.75,0.0,1500.0,0.0,6.3
1223.5,2026-05-05T23:07:23.873204+00:00,72.7175,-0.1159,96.8065,0.0192,0.75,0.0,1500.0,0.0,6.3
1224.0,2026-05-05T23:07:24.373411+00:00,72.7135,-0.1527,96.8282,0.0379,0.75,0.0,1500.0,0.0,6.3
1224.5,2026-05-05T23:07:24.873333+00:00,72.8376,-0.0537,97.0993,0.114,0.75,0.0,1500.0,0.0,6.3
1225.000513,2026-05-05T23:07:25.378079+00:00,72.8058,-0.0413,96.9606,0.049,0.75,0.0,1500.0,0.0,6.3
1225.5,2026-05-05T23:07:25.873335+00:00,72.9086,0.0955,97.0854,0.1225,0.75,0.0,1500.0,0.0,6.3
1226.0,2026-05-05T23:07:26.373272+00:00,72.8603,0.0734,97.1814,0.0942,0.75,0.0,1500.0,0.0,6.3
1226.5,2026-05-05T23:07:26.873210+00:00,72.8232,-0.0072,97.0237,0.0724,0.75,0.0,1500.0,0.0,6.3
1227.0,2026-05-05T23:07:27.373191+00:00,72.6674,-0.0692,96.9951,0.0556,0.75,0.0,1500.0,0.0,6.3
1227.501537,2026-05-05T23:07:27.883029+00:00,72.675,-0.1168,96.7648,-0.1115,0.75,0.0,1500.0,0.0,6.3
1228.0,2026-05-05T23:07:28.373214+00:00,72.5535,-0.1534,96.5647,-0.132,0.75,0.0,1500.0,0.0,6.3
1228.5,2026-05-05T23:07:28.873195+00:00,72.5874,-0.1179,96.5497,-0.1786,0.75,0.0,1500.0,0.0,6.3
1229.0,2026-05-05T23:07:29.373466+00:00,72.7407,0.0366,96.5151,-0.2221,0.75,0.0,1500.0,0.0,6.3
1229.5,2026-05-05T23:07:29.873182+00:00,72.604,-0.0355,96.3728,-0.217,0.75,0.0,1500.0,0.0,6.3
1230.0,2026-05-05T23:07:30.379423+00:00,72.499,-0.0273,96.6336,-0.1205,0.75,0.0,1500.0,0.0,6.3
1230.5,2026-05-05T23:07:30.873695+00:00,72.5455,-0.021,96.4638,-0.1003,0.75,0.0,1500.0,0.0,6.3
1231.0,2026-05-05T23:07:31.373220+00:00,72.5812,-0.0797,96.2408,-0.108,0.75,0.0,1500.0,0.0,6.3
1231.5,2026-05-05T23:07:31.873324+00:00,72.6087,0.0023,96.509,-0.0136,0.75,0.0,1500.0,0.0,6.3
1232.0,2026-05-05T23:07:32.373209+00:00,72.6298,0.0654,96.6227,0.0359,0.75,0.0,1500.0,0.0,6.3
1232.5,2026-05-05T23:07:32.878584+00:00,72.5188,-0.0133,96.3397,-0.011,0.75,0.0,1500.0,0.0,6.3
1233.0,2026-05-05T23:07:33.373325+00:00,72.688,0.0534,96.4694,-0.0547,0.75,0.0,1500.0,0.0,6.3
1233.5,2026-05-05T23:07:33.873448+00:00,72.6908,0.041,96.5922,0.0428,0.75,0.0,1500.0,0.0,6.3
1234.0,2026-05-05T23:07:34.373210+00:00,72.8202,0.0952,96.5708,0.11,0.75,0.0,1500.0,0.0,6.3
1234.5,2026-05-05T23:07:34.873209+00:00,72.9196,0.2004,96.5776,0.0228,0.75,0.0,1500.0,0.0,6.3
1235.0,2026-05-05T23:07:35.378485+00:00,72.8688,0.0904,96.4439,-0.0596,0.75,0.0,1500.0,0.0,6.3
1235.5,2026-05-05T23:07:35.873259+00:00,72.7025,0.0059,96.3412,0.0005,0.75,0.0,1500.0,0.0,6.3
1236.0,2026-05-05T23:07:36.373188+00:00,72.7019,-0.0591,96.6094,0.0467,0.75,0.0,1500.0,0.0,6.3
1236.5,2026-05-05T23:07:36.873452+00:00,72.7015,-0.1091,96.6997,0.0359,0.75,0.0,1500.0,0.0,6.3
1237.0,2026-05-05T23:07:37.373215+00:00,72.7011,-0.0838,96.2833,-0.0959,0.75,0.0,1500.0,0.0,6.3
1237.5,2026-05-05T23:07:37.881699+00:00,72.9554,0.1265,96.4491,-0.0428,0.75,0.0,1500.0,0.0,6.3
1238.0,2026-05-05T23:07:38.373280+00:00,72.8963,0.0972,96.5766,0.0442,0.75,0.0,1500.0,0.0,6.3
1238.500032,2026-05-05T23:07:38.873239+00:00,72.8509,0.0747,96.5357,0.0648,0.75,0.0,1500.0,0.0,6.3
1239.0,2026-05-05T23:07:39.373201+00:00,72.816,0.0574,96.5275,-0.0273,0.75,0.0,1500.0,0.0,6.3
1239.5,2026-05-05T23:07:39.873649+00:00,72.9164,-0.0195,96.7525,0.0176,0.75,0.0,1500.0,0.0,6.3
1240.0,2026-05-05T23:07:40.381606+00:00,72.8663,-0.015,96.4395,0.0521,0.75,0.0,1500.0,0.0,6.3
1240.5,2026-05-05T23:07:40.873224+00:00,72.8278,-0.0115,96.4535,0.0015,0.75,0.0,1500.0,0.0,6.3
1241.0,2026-05-05T23:07:41.373351+00:00,72.9255,0.0548,96.58,0.0011,0.75,0.0,1500.0,0.0,6.3
1241.5,2026-05-05T23:07:41.873215+00:00,72.8733,-0.0215,96.5615,0.0086,0.75,0.0,1500.0,0.0,6.3
1242.0,2026-05-05T23:07:42.373198+00:00,72.9605,0.0471,96.663,0.0452,0.75,0.0,1500.0,0.0,6.3
1242.5,2026-05-05T23:07:42.879642+00:00,72.9002,0.0362,96.8566,0.0347,0.75,0.0,1500.0,0.0,6.3
1243.0,2026-05-05T23:07:43.373202+00:00,72.8539,-0.0358,96.6584,0.073,0.75,0.0,1500.0,0.0,6.3
1243.5,2026-05-05T23:07:43.873330+00:00,73.0728,0.0997,96.6218,0.0561,0.75,0.0,1500.0,0.0,6.3
1244.0,2026-05-05T23:07:44.373225+00:00,73.1138,0.0767,96.825,0.0817,0.75,0.0,1500.0,0.0,6.3
1244.5,2026-05-05T23:07:44.873235+00:00,73.0181,0.0589,96.7266,0.0551,0.75,0.0,1500.0,0.0,6.3
1245.0,2026-05-05T23:07:45.378167+00:00,72.9445,0.0453,96.9056,0.0809,0.75,0.0,1500.0,0.0,6.3
1245.5,2026-05-05T23:07:45.873327+00:00,72.7606,-0.1561,96.7886,-0.0227,0.75,0.0,1500.0,0.0,6.3512
1246.0,2026-05-05T23:07:46.373240+00:00,72.6193,-0.2472,96.6987,0.0134,0.75,0.0,1500.0,0.0,6.325
1246.5,2026-05-05T23:07:46.873223+00:00,72.7653,-0.1264,96.8841,0.0874,0.75,0.0,1500.0,0.0,6.3122
1247.0,2026-05-05T23:07:47.373205+00:00,72.6229,-0.1608,96.9109,0.0286,0.75,0.0,1500.0,0.0,6.306
1247.5,2026-05-05T23:07:47.878093+00:00,72.768,0.0037,96.9315,0.0683,0.75,0.0,1500.0,0.0,6.3029
1248.0,2026-05-05T23:07:48.373301+00:00,72.7523,0.0665,97.1788,0.0911,0.75,0.0,1500.0,0.0,6.3014
1248.5,2026-05-05T23:07:48.873192+00:00,72.7402,-0.0125,97.0217,0.0777,0.75,0.0,1500.0,0.0,6.3007
1249.0,2026-05-05T23:07:49.373252+00:00,72.8581,0.1176,97.0167,0.106,0.75,0.0,1500.0,0.0,6.3003
1249.5,2026-05-05T23:07:49.873642+00:00,72.9488,0.0904,97.0128,0.0429,0.75,0.0,1500.0,0.0,6.3002
1250.000471,2026-05-05T23:07:50.378126+00:00,72.8912,0.0695,96.7553,-0.0519,0.75,0.0,1500.0,0.0,6.3001
1250.5,2026-05-05T23:07:50.873205+00:00,72.847,0.0534,96.8119,-0.0399,0.75,0.0,1500.0,0.0,6.3512
1251.0,2026-05-05T23:07:51.373360+00:00,72.9402,0.041,96.9712,-0.0692,0.75,0.0,1500.0,0.0,6.3762
1251.5,2026-05-05T23:07:51.873220+00:00,72.8847,-0.0321,96.9778,-0.0146,0.75,0.0,1500.0,0.0,6.3884
1252.0,2026-05-05T23:07:52.373200+00:00,73.0965,0.1026,97.0987,0.0273,0.75,0.0,1500.0,0.0,6.3943
1252.5,2026-05-05T23:07:52.879474+00:00,73.2593,0.2061,96.9601,-0.0176,0.75,0.0,1500.0,0.0,6.3972
1253.0,2026-05-05T23:07:53.373209+00:00,73.0026,0.0312,96.8537,0.0328,0.75,0.0,1500.0,0.0,6.3475
1253.5,2026-05-05T23:07:53.873195+00:00,73.0598,0.0876,96.8644,0.0175,0.75,0.0,1500.0,0.0,6.3232
1254.0,2026-05-05T23:07:54.373719+00:00,73.1038,0.0037,96.8958,-0.0251,0.75,0.0,1500.0,0.0,6.3113
1254.5,2026-05-05T23:07:54.873203+00:00,73.0104,-0.1244,96.8042,-0.0579,0.75,0.0,1500.0,0.0,6.3055
1255.0,2026-05-05T23:07:55.378525+00:00,73.0658,0.0316,96.8495,-0.0831,0.75,0.0,1500.0,0.0,6.3027
1255.5,2026-05-05T23:07:55.873375+00:00,72.9812,-0.0393,96.8843,-0.0253,0.75,0.0,1500.0,0.0,6.3525
1256.0,2026-05-05T23:07:56.373200+00:00,73.0434,-0.0302,96.9111,0.0191,0.75,0.0,1500.0,0.0,6.3256
1256.5,2026-05-05T23:07:56.873577+00:00,72.8367,-0.0869,96.7928,-0.0239,0.75,0.0,1500.0,0.0,6.3125
1257.0,2026-05-05T23:07:57.373245+00:00,72.805,-0.1304,96.6094,-0.0955,0.75,0.0,1500.0,0.0,6.3061
1257.5,2026-05-05T23:07:57.879193+00:00,72.7807,-0.1002,96.4684,-0.1119,0.75,0.0,1500.0,0.0,6.303
1258.0,2026-05-05T23:07:58.373230+00:00,72.8893,-0.077,96.4757,-0.1246,0.75,0.0,1500.0,0.0,6.3015
1258.5,2026-05-05T23:07:58.873262+00:00,72.8455,0.0044,96.4813,-0.1343,0.75,0.0,1500.0,0.0,6.3007
1259.0,2026-05-05T23:07:59.373473+00:00,72.8118,0.0034,96.3468,-0.1881,0.75,0.0,1500.0,0.0,6.3003
1259.5,2026-05-05T23:07:59.873208+00:00,72.786,0.0026,96.4979,-0.0983,0.75,0.0,1500.0,0.0,6.3002
1260.0,2026-05-05T23:08:00.381691+00:00,72.6388,-0.1253,96.4984,-0.037,0.75,0.0,1500.0,0.0,6.3001
1260.5,2026-05-05T23:08:00.873230+00:00,72.7802,-0.0326,96.4988,0.0101,0.75,0.0,1500.0,0.0,6.3
1261.0,2026-05-05T23:08:01.373510+00:00,72.7617,-0.0251,96.7305,0.0849,0.75,0.0,1500.0,0.0,6.3
1261.500729,2026-05-05T23:08:01.874054+00:00,72.7474,-0.0193,96.8854,0.1347,0.75,0.0,1500.0,0.0,6.3
1262.0,2026-05-05T23:08:02.373346+00:00,72.991,0.1761,97.0045,0.2192,0.75,0.0,1500.0,0.0,6.3
1262.5,2026-05-05T23:08:02.881631+00:00,72.9236,0.0717,97.1191,0.2071,0.75,0.0,1500.0,0.0,6.3
1263.0,2026-05-05T23:08:03.373250+00:00,72.9992,0.1187,97.0684,0.19,0.75,0.0,1500.0,0.0,6.3
1263.5,2026-05-05T23:08:03.873186+00:00,73.0572,0.1549,97.1683,0.2232,0.75,0.0,1500.0,0.0,6.3
1264.0,2026-05-05T23:08:04.373779+00:00,72.9745,-0.0082,97.2451,0.1715,0.75,0.0,1500.0,0.0,6.3
1264.5,2026-05-05T23:08:04.873196+00:00,72.7837,-0.0699,97.0726,0.0624,0.75,0.0,1500.0,0.0,6.3
1265.0,2026-05-05T23:08:05.380246+00:00,72.8916,-0.0538,97.0558,0.0171,0.75,0.0,1500.0,0.0,6.3
1265.5,2026-05-05T23:08:05.873557+00:00,72.9746,-0.0413,97.0429,-0.0254,0.75,0.0,1500.0,0.0,6.3
1266.0,2026-05-05T23:08:06.373198+00:00,73.1656,0.0955,97.1487,0.0268,0.75,0.0,1500.0,0.0,6.3
1266.5,2026-05-05T23:08:06.873196+00:00,73.0578,0.137,97.1143,-0.018,0.75,0.0,1500.0,0.0,6.3
1267.00093,2026-05-05T23:08:07.374163+00:00,73.1023,0.1053,97.2035,-0.0138,0.75,0.0,1500.0,0.0,6.3
1267.5,2026-05-05T23:08:07.877807+00:00,73.1365,0.081,96.925,-0.0492,0.75,0.0,1500.0,0.0,6.3
1268.0,2026-05-05T23:08:08.373219+00:00,73.0355,-0.065,96.8035,-0.0841,0.75,0.0,1500.0,0.0,6.3
1268.5,2026-05-05T23:08:08.873238+00:00,72.9578,-0.05,96.5019,-0.1803,0.75,0.0,1500.0,0.0,6.3
1269.0,2026-05-05T23:08:09.373216+00:00,73.0255,-0.0384,96.7097,-0.1463,0.75,0.0,1500.0,0.0,6.3
1269.5,2026-05-05T23:08:09.873271+00:00,73.0774,-0.0295,96.7769,-0.1125,0.75,0.0,1500.0,0.0,6.3
1270.0,2026-05-05T23:08:10.381135+00:00,73.2446,0.1046,96.8054,-0.1327,0.75,0.0,1500.0,0.0,6.3
1270.5,2026-05-05T23:08:10.873204+00:00,73.2459,0.144,96.5959,-0.1097,0.75,0.0,1500.0,0.0,6.3
1271.0,2026-05-05T23:08:11.373192+00:00,73.1196,0.047,96.8051,0.0005,0.75,0.0,1500.0,0.0,6.3
1271.5,2026-05-05T23:08:11.873255+00:00,73.0225,-0.0275,96.7576,0.0852,0.75,0.0,1500.0,0.0,6.3
1272.0,2026-05-05T23:08:12.373431+00:00,73.2024,-0.0211,96.5823,-0.0425,0.75,0.0,1500.0,0.0,6.3
1272.5,2026-05-05T23:08:12.879649+00:00,73.0861,-0.0799,96.679,-0.0326,0.75,0.0,1500.0,0.0,6.3
1273.000303,2026-05-05T23:08:13.373515+00:00,73.1241,0.0023,96.6376,-0.0559,0.75,0.0,1500.0,0.0,6.3
1273.5,2026-05-05T23:08:13.873205+00:00,73.1532,0.0654,96.6289,0.011,0.75,0.0,1500.0,0.0,6.3
1274.0,2026-05-05T23:08:14.373512+00:00,73.0483,-0.077,96.9461,0.047,0.75,0.0,1500.0,0.0,6.3
1274.500636,2026-05-05T23:08:14.874066+00:00,73.095,0.0044,96.9586,0.067,0.75,0.0,1500.0,0.0,6.3
1275.0,2026-05-05T23:08:15.377649+00:00,73.0036,-0.0602,96.9682,0.1286,0.75,0.0,1500.0,0.0,6.3
1275.5,2026-05-05T23:08:15.873423+00:00,73.0606,-0.0463,96.721,0.014,0.75,0.0,1500.0,0.0,6.3
1276.0,2026-05-05T23:08:16.373193+00:00,72.9772,-0.0356,96.6467,0.0031,0.75,0.0,1500.0,0.0,6.3
1276.5,2026-05-05T23:08:16.873405+00:00,72.913,-0.091,96.7516,0.0409,0.75,0.0,1500.0,0.0,6.3
1277.000312,2026-05-05T23:08:17.373550+00:00,73.1183,0.0573,96.9017,-0.0148,0.75,0.0,1500.0,0.0,6.3
1277.5,2026-05-05T23:08:17.877772+00:00,73.1488,0.0441,96.9244,-0.0114,0.75,0.0,1500.0,0.0,6.3
1278.0,2026-05-05T23:08:18.373262+00:00,73.1722,0.0975,97.1733,0.0684,0.75,0.0,1500.0,0.0,6.3
1278.501144,2026-05-05T23:08:18.874517+00:00,73.0629,0.0749,97.0406,0.1065,0.75,0.0,1500.0,0.0,6.3
1279.0,2026-05-05T23:08:19.373220+00:00,72.8517,-0.1333,97.1469,0.1667,0.75,0.0,1500.0,0.0,6.3
1279.5,2026-05-05T23:08:19.873401+00:00,72.9438,-0.1025,96.9741,0.0742,0.75,0.0,1500.0,0.0,6.3
1280.001146,2026-05-05T23:08:20.381971+00:00,72.8874,-0.1424,96.7487,-0.051,0.75,0.0,1500.0,0.0,6.3
1280.5,2026-05-05T23:08:20.873267+00:00,73.0986,0.0178,96.5754,-0.1163,0.75,0.0,1500.0,0.0,6.3
1281.0,2026-05-05T23:08:21.373634+00:00,73.0064,0.0773,96.4654,-0.236,0.75,0.0,1500.0,0.0,6.3
1281.5,2026-05-05T23:08:21.873236+00:00,72.9355,-0.0042,96.3577,-0.2276,0.75,0.0,1500.0,0.0,6.3
1282.000582,2026-05-05T23:08:22.374038+00:00,72.4992,-0.1941,96.1361,-0.3369,0.75,0.0,1500.0,0.0,6.3
1282.5,2026-05-05T23:08:22.877888+00:00,72.5456,-0.2765,96.336,-0.2127,0.75,0.0,1500.0,0.0,6.3
1283.0,2026-05-05T23:08:23.373200+00:00,72.5814,-0.2125,96.1194,-0.2098,0.75,0.0,1500.0,0.0,6.3
1283.5,2026-05-05T23:08:23.873196+00:00,72.7361,-0.0997,96.3232,-0.0841,0.75,0.0,1500.0,0.0,6.3
1284.0,2026-05-05T23:08:24.373208+00:00,72.7277,0.1143,96.5955,0.0434,0.75,0.0,1500.0,0.0,6.3
1284.5,2026-05-05T23:08:24.873321+00:00,72.594,0.0242,96.666,0.1027,0.75,0.0,1500.0,0.0,6.3
1285.0,2026-05-05T23:08:25.380515+00:00,72.6186,0.0186,96.5119,0.1253,0.75,0.0,1500.0,0.0,6.3
1285.5,2026-05-05T23:08:25.873327+00:00,72.7647,0.0143,96.5091,0.0577,0.75,0.0,1500.0,0.0,6.3
1286.0,2026-05-05T23:08:26.373647+00:00,73.0043,0.1383,96.6227,0.1678,0.75,0.0,1500.0,0.0,6.3
1286.5,2026-05-05T23:08:26.873190+00:00,72.9338,0.1699,96.5018,0.0595,0.75,0.0,1500.0,0.0,6.3
1287.0,2026-05-05T23:08:27.373391+00:00,73.007,0.1942,96.7327,0.0457,0.75,0.0,1500.0,0.0,6.3
1287.5,2026-05-05T23:08:27.878157+00:00,73.0632,0.1493,96.7946,0.0429,0.75,0.0,1500.0,0.0,6.3
1288.0,2026-05-05T23:08:28.373220+00:00,72.9792,-0.0125,96.7033,0.0638,0.75,0.0,1500.0,0.0,6.3
1288.5,2026-05-05T23:08:28.873202+00:00,73.0418,0.054,96.6794,0.0568,0.75,0.0,1500.0,0.0,6.3
1289.0,2026-05-05T23:08:29.373475+00:00,72.9627,-0.0221,96.7536,0.0436,0.75,0.0,1500.0,0.0,6.3
1289.5,2026-05-05T23:08:29.873217+00:00,73.0292,-0.017,96.5792,0.0258,0.75,0.0,1500.0,0.0,6.3
1290.0,2026-05-05T23:08:30.377855+00:00,72.8258,-0.0767,96.5377,-0.065,0.75,0.0,1500.0,0.0,6.3
1290.5,2026-05-05T23:08:30.873358+00:00,73.0512,0.0047,96.6447,-0.05,0.75,0.0,1500.0,0.0,6.3
1291.0,2026-05-05T23:08:31.373212+00:00,73.0972,0.0672,96.5881,-0.0384,0.75,0.0,1500.0,0.0,6.3
1291.5,2026-05-05T23:08:31.873210+00:00,73.2598,0.1153,96.6834,0.0013,0.75,0.0,1500.0,0.0,6.3
1292.0,2026-05-05T23:08:32.373583+00:00,73.2576,0.2159,96.641,-0.0375,0.75,0.0,1500.0,0.0,6.3
1292.5,2026-05-05T23:08:32.878798+00:00,73.1285,0.0387,96.4926,-0.0289,0.75,0.0,1500.0,0.0,6.3
1293.0,2026-05-05T23:08:33.373202+00:00,73.1566,0.0297,96.61,0.0241,0.75,0.0,1500.0,0.0,6.3
1293.5,2026-05-05T23:08:33.873417+00:00,73.1782,-0.0408,96.7003,0.0185,0.75,0.0,1500.0,0.0,6.3
1294.0,2026-05-05T23:08:34.373216+00:00,73.0676,-0.095,96.5382,-0.0166,0.75,0.0,1500.0,0.0,6.3
1294.5,2026-05-05T23:08:34.873427+00:00,73.2371,0.0543,96.3905,-0.0976,0.75,0.0,1500.0,0.0,6.3
1295.0,2026-05-05T23:08:35.378093+00:00,73.3673,0.1053,96.6473,0.0021,0.75,0.0,1500.0,0.0,6.3
1295.5,2026-05-05T23:08:35.873592+00:00,73.2129,0.0173,96.3818,-0.0369,0.75,0.0,1500.0,0.0,6.3
1296.0,2026-05-05T23:08:36.373229+00:00,73.2215,0.077,96.6405,0.0102,0.75,0.0,1500.0,0.0,6.3
1296.501806,2026-05-05T23:08:36.875259+00:00,73.2281,-0.0045,96.7469,0.0155,0.75,0.0,1500.0,0.0,6.3
1297.0,2026-05-05T23:08:37.373250+00:00,73.2332,-0.0671,96.6666,0.0428,0.75,0.0,1500.0,0.0,6.3
1297.5,2026-05-05T23:08:37.878643+00:00,73.2371,0.0121,96.628,0.0792,0.75,0.0,1500.0,0.0,6.3
1298.0,2026-05-05T23:08:38.373184+00:00,73.2401,0.0093,96.691,0.0146,0.75,0.0,1500.0,0.0,6.3
1298.5,2026-05-05T23:08:38.873209+00:00,73.1151,-0.0565,96.5079,0.0421,0.75,0.0,1500.0,0.0,6.3
1299.0,2026-05-05T23:08:39.373264+00:00,73.1463,-0.0434,96.3904,-0.0834,0.75,0.0,1500.0,0.0,6.3
1299.5,2026-05-05T23:08:39.873599+00:00,73.1703,-0.0334,96.5083,-0.0795,0.75,0.0,1500.0,0.0,6.3
1300.0,2026-05-05T23:08:40.380425+00:00,72.8069,-0.2166,96.1824,-0.1614,0.75,0.0,1500.0,0.0,6.3
1300.5,2026-05-05T23:08:40.873194+00:00,72.6549,-0.2301,96.2559,-0.124,0.75,0.0,1500.0,0.0,6.3
1301.0,2026-05-05T23:08:41.373457+00:00,72.7926,-0.1768,96.5438,-0.0491,0.75,0.0,1500.0,0.0,6.3
1301.5,2026-05-05T23:08:41.873720+00:00,72.6439,-0.2632,96.5105,0.0009,0.75,0.0,1500.0,0.0,6.3
1302.0,2026-05-05T23:08:42.373225+00:00,72.7842,-0.0114,96.6238,0.0778,0.75,0.0,1500.0,0.0,6.3
1302.5,2026-05-05T23:08:42.878575+00:00,72.7647,0.0549,96.7108,0.0675,0.75,0.0,1500.0,0.0,6.3
1303.0,2026-05-05T23:08:43.373258+00:00,72.7497,-0.0214,96.6621,0.1599,0.75,0.0,1500.0,0.0,6.3
1303.5,2026-05-05T23:08:43.873316+00:00,72.8655,0.1108,96.6246,0.1229,0.75,0.0,1500.0,0.0,6.3
1304.0,2026-05-05T23:08:44.373625+00:00,72.9545,0.0851,96.5957,0.0173,0.75,0.0,1500.0,0.0,6.3
1304.5,2026-05-05T23:08:44.873200+00:00,72.641,-0.0618,96.5736,0.021,0.75,0.0,1500.0,0.0,6.3
1305.0,2026-05-05T23:08:45.378543+00:00,72.782,0.0161,96.788,0.0547,0.75,0.0,1500.0,0.0,6.3
1305.5,2026-05-05T23:08:45.873244+00:00,72.8903,0.0124,96.6056,-0.0351,0.75,0.0,1500.0,0.0,6.3
1306.0,2026-05-05T23:08:46.373742+00:00,72.8462,-0.0541,96.4423,-0.0732,0.75,0.0,1500.0,0.0,6.3
1306.5,2026-05-05T23:08:46.873217+00:00,72.6851,0.022,96.6871,0.0208,0.75,0.0,1500.0,0.0,6.3
1307.0,2026-05-05T23:08:47.373321+00:00,72.6886,-0.0467,96.6438,0.016,0.75,0.0,1500.0,0.0,6.3
1307.5,2026-05-05T23:08:47.880155+00:00,72.6912,-0.0995,96.4948,-0.0263,0.75,0.0,1500.0,0.0,6.3
1308.0,2026-05-05T23:08:48.373314+00:00,72.8205,-0.0129,96.4729,-0.105,0.75,0.0,1500.0,0.0,6.3
1308.5,2026-05-05T23:08:48.873438+00:00,72.9199,0.1174,96.5949,-0.0036,0.75,0.0,1500.0,0.0,6.3
1309.0,2026-05-05T23:08:49.373267+00:00,72.9963,0.1539,96.2027,-0.0799,0.75,0.0,1500.0,0.0,6.3
1309.5,2026-05-05T23:08:49.873404+00:00,73.055,0.1819,96.5029,-0.0614,0.75,0.0,1500.0,0.0,6.3
1310.0,2026-05-05T23:08:50.378569+00:00,73.2274,0.2034,96.3634,-0.0935,0.75,0.0,1500.0,0.0,6.3
1310.5,2026-05-05T23:08:50.873226+00:00,73.1054,0.0927,96.4181,-0.0256,0.75,0.0,1500.0,0.0,6.3
1311.0,2026-05-05T23:08:51.373469+00:00,73.2661,0.1349,96.6685,0.0652,0.75,0.0,1500.0,0.0,6.3
1311.5,2026-05-05T23:08:51.873524+00:00,73.0078,-0.0236,96.7452,0.0501,0.75,0.0,1500.0,0.0,6.3
1312.0,2026-05-05T23:08:52.373220+00:00,72.9366,-0.1454,96.457,0.0848,0.75,0.0,1500.0,0.0,6.3
1312.5,2026-05-05T23:08:52.878002+00:00,73.0091,-0.0481,96.5827,0.0266,0.75,0.0,1500.0,0.0,6.3
1313.0,2026-05-05T23:08:53.373285+00:00,73.0649,-0.1006,96.5636,0.0667,0.75,0.0,1500.0,0.0,6.3
1313.5,2026-05-05T23:08:53.873273+00:00,73.1077,0.0499,96.2943,-0.0413,0.75,0.0,1500.0,0.0,6.3
1314.0,2026-05-05T23:08:54.373244+00:00,73.1406,0.102,96.5733,-0.0317,0.75,0.0,1500.0,0.0,6.3
1314.5,2026-05-05T23:08:54.873564+00:00,73.0387,0.0148,96.7877,0.0142,0.75,0.0,1500.0,0.0,6.3
1315.0,2026-05-05T23:08:55.377874+00:00,73.0876,0.0114,96.698,0.0803,0.75,0.0,1500.0,0.0,6.2488
1315.5,2026-05-05T23:08:55.873225+00:00,73.1252,0.0087,96.6522,0.0232,0.75,0.0,1500.0,0.0,6.275
1316.0,2026-05-05T23:08:56.373255+00:00,73.154,0.0067,96.617,0.0178,0.75,0.0,1500.0,0.0,6.2878
1316.5,2026-05-05T23:08:56.873235+00:00,73.3035,0.1324,96.3585,0.0214,0.75,0.0,1500.0,0.0,6.294
1317.0,2026-05-05T23:08:57.373203+00:00,73.2911,0.1018,96.2524,-0.107,0.75,0.0,1500.0,0.0,6.2971
1317.5,2026-05-05T23:08:57.877814+00:00,73.2816,0.0782,96.3097,-0.1593,0.75,0.0,1500.0,0.0,6.2986
1318.0,2026-05-05T23:08:58.373210+00:00,73.2743,0.0601,96.238,-0.1533,0.75,0.0,1500.0,0.0,6.2993
1318.5,2026-05-05T23:08:58.873252+00:00,73.1414,-0.0811,96.0673,-0.195,0.75,0.0,1500.0,0.0,6.2997
1319.0,2026-05-05T23:08:59.373290+00:00,73.0393,-0.1259,96.1674,-0.1499,0.75,0.0,1500.0,0.0,6.2998
1319.5,2026-05-05T23:08:59.873482+00:00,73.088,-0.0968,96.2444,-0.0381,0.75,0.0,1500.0,0.0,6.2999
1320.0,2026-05-05T23:09:00.379461+00:00,73.1255,-0.0744,95.9564,-0.0987,0.75,0.0,1500.0,0.0,6.3
1320.5,2026-05-05T23:09:00.873341+00:00,73.1543,0.0065,95.9434,-0.1221,0.75,0.0,1500.0,0.0,6.3
1321.0,2026-05-05T23:09:01.373492+00:00,73.3037,0.1322,96.0722,-0.0553,0.75,0.0,1500.0,0.0,6.3
1321.5,2026-05-05T23:09:01.873222+00:00,73.164,0.038,96.0323,-0.0116,0.75,0.0,1500.0,0.0,6.3
1322.0,2026-05-05T23:09:02.373325+00:00,73.0566,-0.0344,96.1637,-0.0012,0.75,0.0,1500.0,0.0,6.3
1322.5,2026-05-05T23:09:02.878209+00:00,73.1014,-0.0265,96.2415,-0.0009,0.75,0.0,1500.0,0.0,6.3
1323.0,2026-05-05T23:09:03.373224+00:00,73.1358,-0.084,96.3013,0.115,0.75,0.0,1500.0,0.0,6.3
1323.5,2026-05-05T23:09:03.873213+00:00,73.0349,-0.0645,96.2085,0.0884,0.75,0.0,1500.0,0.0,6.3
1324.0,2026-05-05T23:09:04.373415+00:00,72.9574,-0.0496,96.4842,0.1373,0.75,0.0,1500.0,0.0,6.3
1324.5,2026-05-05T23:09:04.873258+00:00,73.0251,-0.0381,96.4878,0.1518,0.75,0.0,1500.0,0.0,6.3
1325.0,2026-05-05T23:09:05.381586+00:00,73.0772,-0.0293,96.4675,0.1013,0.75,0.0,1500.0,0.0,6.3
1325.5,2026-05-05T23:09:05.873417+00:00,72.9899,-0.0225,96.3362,0.0316,0.75,0.0,1500.0,0.0,6.3
1326.0,2026-05-05T23:09:06.373220+00:00,73.0501,0.0463,96.2815,-0.0066,0.75,0.0,1500.0,0.0,6.3
1326.5,2026-05-05T23:09:06.873219+00:00,73.0963,0.0356,96.4246,0.0721,0.75,0.0,1500.0,0.0,6.3
1327.0,2026-05-05T23:09:07.373457+00:00,73.0046,-0.0363,96.4421,-0.014,0.75,0.0,1500.0,0.0,6.3
1327.5,2026-05-05T23:09:07.880346+00:00,73.0614,0.0358,96.3398,-0.0494,0.75,0.0,1500.0,0.0,6.3
1328.0,2026-05-05T23:09:08.373195+00:00,73.105,0.0275,96.4,-0.0225,0.75,0.0,1500.0,0.0,6.3
1328.5,2026-05-05T23:09:08.873179+00:00,73.2659,0.0848,96.5388,0.0675,0.75,0.0,1500.0,0.0,6.3
1329.0,2026-05-05T23:09:09.373343+00:00,73.1349,0.0651,96.4142,0.0442,0.75,0.0,1500.0,0.0,6.3
1329.5,2026-05-05T23:09:09.873237+00:00,73.0343,-0.0136,96.5497,0.0417,0.75,0.0,1500.0,0.0,6.3
1330.0,2026-05-05T23:09:10.380793+00:00,73.0842,-0.0104,96.7696,0.1092,0.75,0.0,1500.0,0.0,6.3
1330.5,2026-05-05T23:09:10.873230+00:00,72.9953,-0.1353,96.6841,0.1148,0.75,0.0,1500.0,0.0,6.3
1331.0,2026-05-05T23:09:11.373378+00:00,73.1815,0.0233,96.8729,0.1576,0.75,0.0,1500.0,0.0,6.3
1331.5,2026-05-05T23:09:11.873228+00:00,73.0701,0.0179,97.018,0.1597,0.75,0.0,1500.0,0.0,6.3
1332.0,2026-05-05T23:09:12.373252+00:00,73.1117,0.0138,96.875,0.1536,0.75,0.0,1500.0,0.0,6.3
1332.5,2026-05-05T23:09:12.880083+00:00,73.0164,0.0106,97.0196,0.1566,0.75,0.0,1500.0,0.0,6.3
1333.0,2026-05-05T23:09:13.373214+00:00,72.9432,-0.1191,97.0151,0.0818,0.75,0.0,1500.0,0.0,6.3
1333.500232,2026-05-05T23:09:13.873476+00:00,73.0142,-0.0279,96.6645,-0.0065,0.75,0.0,1500.0,0.0,6.3
1334.0,2026-05-05T23:09:14.373247+00:00,72.9415,-0.0851,96.7421,-0.0436,0.75,0.0,1500.0,0.0,6.3
1334.5,2026-05-05T23:09:14.873432+00:00,73.0129,-0.0018,96.663,-0.1183,0.75,0.0,1500.0,0.0,6.3
1335.0,2026-05-05T23:09:15.377491+00:00,73.0678,0.0623,96.741,-0.0447,0.75,0.0,1500.0,0.0,6.3
1335.5,2026-05-05T23:09:15.873327+00:00,73.1099,0.0479,96.9166,-0.0343,0.75,0.0,1500.0,0.0,6.3
1336.0,2026-05-05T23:09:16.373346+00:00,73.2696,0.1641,96.5888,-0.1421,0.75,0.0,1500.0,0.0,6.3
1336.5,2026-05-05T23:09:16.873226+00:00,73.1378,0.0625,96.4525,-0.0706,0.75,0.0,1500.0,0.0,6.3
1337.0,2026-05-05T23:09:17.373305+00:00,73.1638,0.048,96.2321,-0.17,0.75,0.0,1500.0,0.0,6.3
1337.5,2026-05-05T23:09:17.880394+00:00,73.0564,-0.0267,96.4098,-0.0844,0.75,0.0,1500.0,0.0,6.3
1338.0,2026-05-05T23:09:18.373238+00:00,72.974,-0.1478,95.9679,-0.2577,0.75,0.0,1500.0,0.0,6.3
1338.5,2026-05-05T23:09:18.873250+00:00,73.1651,0.0137,96.3224,-0.1981,0.75,0.0,1500.0,0.0,6.3
1339.0,2026-05-05T23:09:19.373584+00:00,73.1848,0.0105,96.5949,0.002,0.75,0.0,1500.0,0.0,6.3
1339.5,2026-05-05T23:09:19.873200+00:00,73.1999,0.0717,96.4572,0.0016,0.75,0.0,1500.0,0.0,6.2488
1340.0,2026-05-05T23:09:20.379598+00:00,73.2115,0.1187,96.5828,0.1169,0.75,0.0,1500.0,0.0,6.2238
1340.5,2026-05-05T23:09:20.873481+00:00,73.0931,-0.036,96.5405,0.0436,0.75,0.0,1500.0,0.0,6.2628
1341.0,2026-05-05T23:09:21.373218+00:00,73.2567,0.036,96.2998,0.1106,0.75,0.0,1500.0,0.0,6.2819
1341.5,2026-05-05T23:09:21.873399+00:00,73.2551,0.0276,96.5543,0.0773,0.75,0.0,1500.0,0.0,6.2911
1342.0,2026-05-05T23:09:22.373578+00:00,73.3812,0.0849,96.7732,0.0594,0.75,0.0,1500.0,0.0,6.2957
1342.5,2026-05-05T23:09:22.880196+00:00,73.3509,0.1289,96.8257,0.1228,0.75,0.0,1500.0,0.0,6.2979
1343.0,2026-05-05T23:09:23.373205+00:00,73.2002,-0.0282,96.866,0.0944,0.75,0.0,1500.0,0.0,6.299
1343.5,2026-05-05T23:09:23.873750+00:00,73.0845,-0.0853,96.897,0.1188,0.75,0.0,1500.0,0.0,6.2995
1344.0,2026-05-05T23:09:24.373237+00:00,73.1228,-0.1292,96.9208,0.207,0.75,0.0,1500.0,0.0,6.2998
1344.5,2026-05-05T23:09:24.873217+00:00,73.025,-0.1629,96.9392,0.1283,0.75,0.0,1500.0,0.0,6.2999
1345.0,2026-05-05T23:09:25.386127+00:00,73.077,-0.0616,96.8375,0.0215,0.75,0.0,1500.0,0.0,6.2999
1345.5,2026-05-05T23:09:25.873238+00:00,73.1171,0.0163,96.6206,-0.0684,0.75,0.0,1500.0,0.0,6.3
1346.0,2026-05-05T23:09:26.373204+00:00,73.1478,0.0125,96.5927,-0.0911,0.75,0.0,1500.0,0.0,6.3
1346.5,2026-05-05T23:09:26.873341+00:00,73.0442,0.0096,96.5712,-0.1086,0.75,0.0,1500.0,0.0,6.3
1347.0,2026-05-05T23:09:27.373216+00:00,72.8373,-0.1199,96.4159,-0.1683,0.75,0.0,1500.0,0.0,6.3
1347.5,2026-05-05T23:09:27.877958+00:00,72.9328,-0.0921,96.3197,-0.2065,0.75,0.0,1500.0,0.0,6.3
1348.0,2026-05-05T23:09:28.373449+00:00,72.8789,-0.1345,96.2457,-0.1973,0.75,0.0,1500.0,0.0,6.3
1348.5,2026-05-05T23:09:28.873261+00:00,72.9648,-0.0397,96.2814,-0.1131,0.75,0.0,1500.0,0.0,6.3
1349.0,2026-05-05T23:09:29.373238+00:00,72.9035,0.0331,96.5402,-0.0175,0.75,0.0,1500.0,0.0,6.3
1349.5,2026-05-05T23:09:29.873450+00:00,73.111,0.0891,96.6466,0.0251,0.75,0.0,1500.0,0.0,6.3
1350.0,2026-05-05T23:09:30.380245+00:00,73.1431,0.1321,96.7284,0.1042,0.75,0.0,1500.0,0.0,6.3
1350.5,2026-05-05T23:09:30.873206+00:00,73.0406,0.0379,96.907,0.1958,0.75,0.0,1500.0,0.0,6.3
1351.0,2026-05-05T23:09:31.373655+00:00,72.9618,0.0291,97.0442,0.2662,0.75,0.0,1500.0,0.0,6.3
1351.5,2026-05-05T23:09:31.873186+00:00,73.0285,-0.0412,97.0108,0.2431,0.75,0.0,1500.0,0.0,6.3
1352.0,2026-05-05T23:09:32.373178+00:00,73.0797,-0.0317,96.9852,0.1483,0.75,0.0,1500.0,0.0,6.3
1352.500935,2026-05-05T23:09:32.879876+00:00,73.1191,0.0393,96.9886,0.114,0.75,0.0,1500.0,0.0,6.3
1353.0,2026-05-05T23:09:33.373285+00:00,73.0221,0.0302,96.8755,0.049,0.75,0.0,1500.0,0.0,6.2488
1353.5,2026-05-05T23:09:33.873316+00:00,73.2021,0.0868,96.6729,-0.078,0.75,0.0,1500.0,0.0,6.2238
1354.0,2026-05-05T23:09:34.376609+00:00,73.3405,0.1304,96.4941,-0.1834,0.75,0.0,1500.0,0.0,6.2116
1354.5,2026-05-05T23:09:34.873206+00:00,73.3195,0.1002,96.3566,-0.2181,0.75,0.0,1500.0,0.0,6.2057
1355.0,2026-05-05T23:09:35.377787+00:00,73.4307,0.2043,96.3898,-0.1985,0.75,0.0,1500.0,0.0,6.2028
1355.5,2026-05-05T23:09:35.873465+00:00,73.3889,0.0934,96.4153,-0.1911,0.75,0.0,1500.0,0.0,6.2526
1356.0,2026-05-05T23:09:36.373192+00:00,73.3568,0.0081,96.4349,-0.1469,0.75,0.0,1500.0,0.0,6.2768
1356.5,2026-05-05T23:09:36.873258+00:00,73.2048,-0.0574,96.6814,0.0028,0.75,0.0,1500.0,0.0,6.2887
1357.000725,2026-05-05T23:09:37.373974+00:00,73.2152,-0.1077,96.6394,0.0484,0.75,0.0,1500.0,0.0,6.2945
1357.5,2026-05-05T23:09:37.878252+00:00,73.2233,-0.0828,96.6071,0.0835,0.75,0.0,1500.0,0.0,6.2973
1358.0,2026-05-05T23:09:38.373228+00:00,73.2295,-0.0636,96.698,0.1028,0.75,0.0,1500.0,0.0,6.2987
1358.501629,2026-05-05T23:09:38.874906+00:00,73.3615,0.0784,96.6522,0.079,0.75,0.0,1500.0,0.0,6.2994
1359.0,2026-05-05T23:09:39.373254+00:00,73.463,0.1239,96.617,0.0607,0.75,0.0,1500.0,0.0,6.2997
1359.5,2026-05-05T23:09:39.873186+00:00,73.4137,0.0952,96.8213,0.0467,0.75,0.0,1500.0,0.0,6.2998
1360.0,2026-05-05T23:09:40.378799+00:00,73.2485,0.0095,96.5156,-0.0413,0.75,0.0,1500.0,0.0,6.2999
1360.5,2026-05-05T23:09:40.873239+00:00,73.2489,-0.0563,96.3963,-0.0703,0.75,0.0,1500.0,0.0,6.3
1361.0,2026-05-05T23:09:41.373229+00:00,73.3764,-0.0433,96.3046,-0.1312,0.75,0.0,1500.0,0.0,6.3
1361.5,2026-05-05T23:09:41.873274+00:00,73.4744,0.0304,96.2341,-0.1394,0.75,0.0,1500.0,0.0,6.3
1362.0,2026-05-05T23:09:42.373226+00:00,73.2952,0.0233,96.4113,-0.0686,0.75,0.0,1500.0,0.0,6.3
1362.5,2026-05-05T23:09:42.877840+00:00,73.2848,0.0179,96.4318,-0.1298,0.75,0.0,1500.0,0.0,6.3
1363.0,2026-05-05T23:09:43.373234+00:00,73.2767,-0.0498,96.5402,0.0082,0.75,0.0,1500.0,0.0,6.3
1363.5,2026-05-05T23:09:43.873411+00:00,73.016,-0.2292,96.5309,0.0449,0.75,0.0,1500.0,0.0,6.3
1364.0,2026-05-05T23:09:44.373227+00:00,73.0701,-0.1125,96.408,0.0345,0.75,0.0,1500.0,0.0,6.3
1364.5,2026-05-05T23:09:44.873234+00:00,73.239,-0.0229,96.4293,0.0651,0.75,0.0,1500.0,0.0,6.3
1365.0,2026-05-05T23:09:45.381297+00:00,73.2416,-0.0176,96.5614,0.05,0.75,0.0,1500.0,0.0,6.2488
1365.5,2026-05-05T23:09:45.873270+00:00,73.2435,0.1138,96.524,0.0307,0.75,0.0,1500.0,0.0,6.275
1366.0,2026-05-05T23:09:46.373244+00:00,73.3723,0.1511,96.4028,-0.0458,0.75,0.0,1500.0,0.0,6.2878
1366.5,2026-05-05T23:09:46.873201+00:00,73.2167,-0.0112,96.541,0.0034,0.75,0.0,1500.0,0.0,6.294
1367.0,2026-05-05T23:09:47.373308+00:00,73.2244,-0.0086,96.6472,0.0797,0.75,0.0,1500.0,0.0,6.2971
1367.5,2026-05-05T23:09:47.881053+00:00,73.3576,0.057,96.6363,0.069,0.75,0.0,1500.0,0.0,6.2986
1368.0,2026-05-05T23:09:48.373467+00:00,73.3327,-0.0198,96.5816,0.0067,0.75,0.0,1500.0,0.0,6.2993
1368.5,2026-05-05T23:09:48.873398+00:00,73.3136,0.0484,96.771,0.0823,0.75,0.0,1500.0,0.0,6.2997
1369.0,2026-05-05T23:09:49.373215+00:00,73.1716,-0.0264,96.824,0.1404,0.75,0.0,1500.0,0.0,6.2998
1369.5,2026-05-05T23:09:49.873242+00:00,73.317,-0.0203,96.749,0.0693,0.75,0.0,1500.0,0.0,6.2999
1370.0,2026-05-05T23:09:50.379925+00:00,73.4288,0.048,96.9228,0.0919,0.75,0.0,1500.0,0.0,6.3
1370.5,2026-05-05T23:09:50.873265+00:00,73.3874,0.0369,96.4779,-0.0528,0.75,0.0,1500.0,0.0,6.3
1371.0,2026-05-05T23:09:51.373205+00:00,73.3556,0.092,96.5987,0.0057,0.75,0.0,1500.0,0.0,6.3
1371.5,2026-05-05T23:09:51.873296+00:00,73.2039,-0.0566,96.5758,-0.065,0.75,0.0,1500.0,0.0,6.3
1372.0,2026-05-05T23:09:52.373223+00:00,73.2146,-0.1071,96.4657,-0.1194,0.75,0.0,1500.0,0.0,6.3
1372.500001,2026-05-05T23:09:52.878959+00:00,73.35,-0.0187,96.7051,-0.0146,0.75,0.0,1500.0,0.0,6.3
1373.0,2026-05-05T23:09:53.373301+00:00,73.4542,0.0493,96.889,-0.0113,0.75,0.0,1500.0,0.0,6.3
1373.500322,2026-05-05T23:09:53.873543+00:00,73.4069,0.1015,96.5445,0.0222,0.75,0.0,1500.0,0.0,6.3
1374.0,2026-05-05T23:09:54.373186+00:00,73.2433,0.0144,96.6267,0.0093,0.75,0.0,1500.0,0.0,6.3
1374.5,2026-05-05T23:09:54.873424+00:00,73.3721,0.0111,96.5974,0.0072,0.75,0.0,1500.0,0.0,6.3
1375.001136,2026-05-05T23:09:55.383981+00:00,73.0893,-0.1824,96.4592,-0.0022,0.75,0.0,1500.0,0.0,6.3
1375.5,2026-05-05T23:09:55.873217+00:00,73.2538,-0.0766,96.4686,-0.0788,0.75,0.0,1500.0,0.0,6.3
1376.0,2026-05-05T23:09:56.373190+00:00,73.2529,0.0048,96.4527,-0.1454,0.75,0.0,1500.0,0.0,6.3
1376.5,2026-05-05T23:09:56.873214+00:00,73.3795,0.0037,96.5794,0.0116,0.75,0.0,1500.0,0.0,6.3
1377.0,2026-05-05T23:09:57.373338+00:00,73.2223,0.0665,96.5379,-0.0296,0.75,0.0,1500.0,0.0,6.3
1377.5,2026-05-05T23:09:57.879300+00:00,73.2287,-0.0126,96.7374,0.0467,0.75,0.0,1500.0,0.0,6.3
1378.000919,2026-05-05T23:09:58.374152+00:00,73.1063,-0.0733,96.5667,0.0359,0.75,0.0,1500.0,0.0,6.3
1378.5,2026-05-05T23:09:58.873183+00:00,73.0123,-0.1836,96.667,0.0661,0.75,0.0,1500.0,0.0,6.3
1379.0,2026-05-05T23:09:59.373396+00:00,73.0673,-0.0775,96.6052,0.0508,0.75,0.0,1500.0,0.0,6.3
1379.5,2026-05-05T23:09:59.873255+00:00,73.1096,-0.0595,96.5577,-0.0072,0.75,0.0,1500.0,0.0,6.3
1380.0,2026-05-05T23:10:00.377745+00:00,73.2694,0.0815,96.6601,0.0407,0.75,0.0,1500.0,0.0,6.2488
1380.5,2026-05-05T23:10:00.873457+00:00,73.1376,0.0626,96.623,-0.0381,0.75,0.0,1500.0,0.0,6.275
1381.0,2026-05-05T23:10:01.373220+00:00,73.0363,-0.0155,96.4789,-0.0293,0.75,0.0,1500.0,0.0,6.2878
1381.5,2026-05-05T23:10:01.873181+00:00,73.0858,-0.0119,96.5995,-0.0225,0.75,0.0,1500.0,0.0,6.294
1382.0,2026-05-05T23:10:02.373319+00:00,73.1238,-0.0728,96.3219,-0.0944,0.75,0.0,1500.0,0.0,6.2971
1382.5,2026-05-05T23:10:02.880796+00:00,73.153,0.0077,96.1317,-0.142,0.75,0.0,1500.0,0.0,6.2986
1383.0,2026-05-05T23:10:03.373243+00:00,73.3027,0.1332,96.1012,-0.1863,0.75,0.0,1500.0,0.0,6.2993
1383.5,2026-05-05T23:10:03.873230+00:00,73.1632,0.0387,96.1935,-0.1432,0.75,0.0,1500.0,0.0,6.2997
1384.0,2026-05-05T23:10:04.375259+00:00,73.1833,0.0298,96.2644,-0.0715,0.75,0.0,1500.0,0.0,6.2998
1384.500667,2026-05-05T23:10:04.873963+00:00,73.1987,0.0229,96.4346,-0.0549,0.75,0.0,1500.0,0.0,6.2999
1385.0,2026-05-05T23:10:05.378470+00:00,73.0833,-0.1097,96.5423,0.0735,0.75,0.0,1500.0,0.0,6.3
1385.5,2026-05-05T23:10:05.873263+00:00,73.1219,-0.0207,96.4168,0.095,0.75,0.0,1500.0,0.0,6.3
1386.0,2026-05-05T23:10:06.373182+00:00,73.1515,-0.0159,96.5518,0.1502,0.75,0.0,1500.0,0.0,6.3
1386.5,2026-05-05T23:10:06.873626+00:00,73.3016,0.0514,96.5167,0.1077,0.75,0.0,1500.0,0.0,6.3
1387.0,2026-05-05T23:10:07.373265+00:00,73.1624,0.0395,96.3971,0.0442,0.75,0.0,1500.0,0.0,6.3
1387.5,2026-05-05T23:10:07.883156+00:00,73.0554,-0.0333,96.1664,-0.0894,0.75,0.0,1500.0,0.0,6.3
1388.0,2026-05-05T23:10:08.373235+00:00,73.1004,-0.0256,96.1047,-0.1459,0.75,0.0,1500.0,0.0,6.3
1388.5,2026-05-05T23:10:08.873241+00:00,73.2623,-0.0196,96.3119,-0.035,0.75,0.0,1500.0,0.0,6.3
1389.0,2026-05-05T23:10:09.373216+00:00,73.2595,0.0485,96.2397,-0.104,0.75,0.0,1500.0,0.0,6.3
1389.5,2026-05-05T23:10:09.873300+00:00,73.2573,0.1009,96.5314,0.0049,0.75,0.0,1500.0,0.0,6.3
1390.0,2026-05-05T23:10:10.379303+00:00,73.1283,0.0139,96.6398,0.0809,0.75,0.0,1500.0,0.0,6.3
1390.5,2026-05-05T23:10:10.873184+00:00,73.1565,-0.0529,96.7231,0.1856,0.75,0.0,1500.0,0.0,6.3
1391.0,2026-05-05T23:10:11.373348+00:00,73.0508,-0.1043,96.7872,0.2275,0.75,0.0,1500.0,0.0,6.3
1391.5,2026-05-05T23:10:11.873204+00:00,73.2242,-0.0165,96.8365,0.1749,0.75,0.0,1500.0,0.0,6.3
1392.0,2026-05-05T23:10:12.373191+00:00,73.3574,0.1146,96.8743,0.2115,0.75,0.0,1500.0,0.0,6.3
1392.5,2026-05-05T23:10:12.880112+00:00,73.4598,0.1517,97.0191,0.1626,0.75,0.0,1500.0,0.0,6.3
1393.0,2026-05-05T23:10:13.373721+00:00,73.4113,0.1802,96.899,0.0864,0.75,0.0,1500.0,0.0,6.3
1393.5,2026-05-05T23:10:13.873220+00:00,72.9922,-0.116,96.8066,0.0278,0.75,0.0,1500.0,0.0,6.3
1394.0,2026-05-05T23:10:14.373448+00:00,72.9246,-0.2164,96.8514,0.0214,0.75,0.0,1500.0,0.0,6.3
1394.5,2026-05-05T23:10:14.873235+00:00,72.9999,-0.23,96.7701,-0.0221,0.75,0.0,1500.0,0.0,6.3
1395.0,2026-05-05T23:10:15.377599+00:00,73.0577,-0.1768,96.939,0.0216,0.75,0.0,1500.0,0.0,6.3
1395.5,2026-05-05T23:10:15.873537+00:00,72.975,-0.0086,96.8374,-0.0606,0.75,0.0,1500.0,0.0,6.3
1396.0,2026-05-05T23:10:16.373348+00:00,73.0386,0.057,96.7593,-0.0465,0.75,0.0,1500.0,0.0,6.3
1396.5,2026-05-05T23:10:16.873244+00:00,73.0875,0.0438,96.6993,-0.0358,0.75,0.0,1500.0,0.0,6.3
1397.0,2026-05-05T23:10:17.373204+00:00,72.9978,-0.0299,96.7689,-0.0275,0.75,0.0,1500.0,0.0,6.3
1397.5,2026-05-05T23:10:17.878832+00:00,73.1835,0.1043,96.8224,0.0174,0.75,0.0,1500.0,0.0,6.3
1398.0,2026-05-05T23:10:18.373213+00:00,72.9443,-0.0471,96.7478,-0.0637,0.75,0.0,1500.0,0.0,6.3
1398.5,2026-05-05T23:10:18.873231+00:00,72.7605,-0.1635,96.8061,-0.0104,0.75,0.0,1500.0,0.0,6.3
1399.0,2026-05-05T23:10:19.374220+00:00,72.8738,-0.062,96.9667,0.0691,0.75,0.0,1500.0,0.0,6.3
1399.5,2026-05-05T23:10:19.873240+00:00,72.9608,-0.1113,96.9744,0.0917,0.75,0.0,1500.0,0.0,6.3
1400.0,2026-05-05T23:10:20.378658+00:00,72.9005,-0.0219,97.096,0.109,0.75,0.0,1500.0,0.0,6.3
1400.5,2026-05-05T23:10:20.873280+00:00,73.1086,0.1741,97.0738,0.0838,0.75,0.0,1500.0,0.0,6.3
1401.0,2026-05-05T23:10:21.373418+00:00,73.1413,0.1338,97.2881,0.1801,0.75,0.0,1500.0,0.0,6.3
1401.5,2026-05-05T23:10:21.873447+00:00,73.1665,0.1028,97.2215,0.1384,0.75,0.0,1500.0,0.0,6.3
1402.0,2026-05-05T23:10:22.373201+00:00,73.0585,0.079,97.0545,0.0293,0.75,0.0,1500.0,0.0,6.3
1402.5,2026-05-05T23:10:22.880158+00:00,73.1028,-0.0029,97.0419,0.0225,0.75,0.0,1500.0,0.0,6.3
1403.0,2026-05-05T23:10:23.373217+00:00,73.0096,-0.0659,96.7777,-0.1061,0.75,0.0,1500.0,0.0,6.3
1403.501124,2026-05-05T23:10:23.874457+00:00,73.0652,-0.0506,96.6209,-0.151,0.75,0.0,1500.0,0.0,6.3
1404.0,2026-05-05T23:10:24.373309+00:00,72.9807,-0.0389,96.94,-0.116,0.75,0.0,1500.0,0.0,6.3
1404.5,2026-05-05T23:10:24.873249+00:00,72.9158,-0.0935,96.8382,-0.1278,0.75,0.0,1500.0,0.0,6.3
1405.0,2026-05-05T23:10:25.380306+00:00,72.8658,-0.0719,96.5054,-0.183,0.75,0.0,1500.0,0.0,6.3
1405.5,2026-05-05T23:10:25.873200+00:00,72.7002,-0.1825,96.3884,-0.2178,0.75,0.0,1500.0,0.0,6.3
1406.0,2026-05-05T23:10:26.373239+00:00,72.7001,-0.1403,96.4143,-0.1211,0.75,0.0,1500.0,0.0,6.3
1406.50113,2026-05-05T23:10:26.874636+00:00,72.8274,-0.0442,96.5498,-0.0237,0.75,0.0,1500.0,0.0,6.3
1407.0,2026-05-05T23:10:27.373339+00:00,72.9252,0.0297,96.654,-0.0953,0.75,0.0,1500.0,0.0,6.3
1407.5,2026-05-05T23:10:27.878122+00:00,72.8731,0.0864,96.8497,0.0039,0.75,0.0,1500.0,0.0,6.3
1408.0,2026-05-05T23:10:28.373259+00:00,72.9603,0.1301,96.792,0.0955,0.75,0.0,1500.0,0.0,6.3
1408.5,2026-05-05T23:10:28.873178+00:00,72.7728,-0.0273,96.8401,0.1506,0.75,0.0,1500.0,0.0,6.3
1409.0,2026-05-05T23:10:29.373229+00:00,72.7559,-0.0846,96.9928,0.1928,0.75,0.0,1500.0,0.0,6.3
1409.5,2026-05-05T23:10:29.873265+00:00,72.6157,-0.1287,96.5317,-0.006,0.75,0.0,1500.0,0.0,6.3
1410.0,2026-05-05T23:10:30.378923+00:00,72.6352,-0.1625,96.5243,-0.0432,0.75,0.0,1500.0,0.0,6.3
1410.5,2026-05-05T23:10:30.873216+00:00,72.5229,-0.1249,96.6575,-0.0641,0.75,0.0,1500.0,0.0,6.3
1411.001121,2026-05-05T23:10:31.374518+00:00,72.5639,-0.096,96.4822,-0.1032,0.75,0.0,1500.0,0.0,6.3
1411.5,2026-05-05T23:10:31.873290+00:00,72.5954,-0.0102,96.6021,-0.0793,0.75,0.0,1500.0,0.0,6.3
1412.0,2026-05-05T23:10:32.373288+00:00,72.7469,0.0558,96.4627,-0.1767,0.75,0.0,1500.0,0.0,6.3
1412.500697,2026-05-05T23:10:32.882330+00:00,72.9906,0.2338,96.3557,-0.0587,0.75,0.0,1500.0,0.0,6.3
1413.0,2026-05-05T23:10:33.373199+00:00,72.9233,0.1797,96.4122,-0.0374,0.75,0.0,1500.0,0.0,6.3
1413.5,2026-05-05T23:10:33.873404+00:00,72.8717,0.1381,96.6639,0.0021,0.75,0.0,1500.0,0.0,6.3
1414.001131,2026-05-05T23:10:34.374469+00:00,72.8319,0.0425,96.626,0.0479,0.75,0.0,1500.0,0.0,6.3
1414.5,2026-05-05T23:10:34.873225+00:00,72.8014,-0.0946,96.7125,0.0368,0.75,0.0,1500.0,0.0,6.3
1415.0,2026-05-05T23:10:35.379071+00:00,72.6507,-0.1363,96.8948,0.144,0.75,0.0,1500.0,0.0,6.3
1415.5,2026-05-05T23:10:35.873199+00:00,72.6621,-0.1048,96.8265,0.157,0.75,0.0,1500.0,0.0,6.3
1416.0,2026-05-05T23:10:36.373174+00:00,72.6709,-0.0805,96.751,0.1129,0.75,0.0,1500.0,0.0,6.3
1416.5,2026-05-05T23:10:36.873446+00:00,72.8049,0.0017,96.8086,0.0482,0.75,0.0,1500.0,0.0,6.3
1417.0,2026-05-05T23:10:37.373195+00:00,72.9079,0.1286,96.7141,0.0294,0.75,0.0,1500.0,0.0,6.3
1417.5,2026-05-05T23:10:37.878683+00:00,72.8598,0.0988,96.7802,0.0226,0.75,0.0,1500.0,0.0,6.3
1418.0,2026-05-05T23:10:38.373216+00:00,72.8228,0.076,96.5997,-0.0984,0.75,0.0,1500.0,0.0,6.3
1418.5,2026-05-05T23:10:38.873263+00:00,72.9217,0.0584,96.4609,-0.1219,0.75,0.0,1500.0,0.0,6.3
1419.0,2026-05-05T23:10:39.373324+00:00,72.9976,0.0449,96.3543,-0.1322,0.75,0.0,1500.0,0.0,6.3
1419.5,2026-05-05T23:10:39.873442+00:00,73.056,0.0981,96.388,-0.1402,0.75,0.0,1500.0,0.0,6.3
1420.0,2026-05-05T23:10:40.383097+00:00,72.9736,0.0754,96.4139,-0.1001,0.75,0.0,1500.0,0.0,6.3
1420.5,2026-05-05T23:10:40.873316+00:00,73.0376,0.058,96.4338,-0.1155,0.75,0.0,1500.0,0.0,6.3
1421.0,2026-05-05T23:10:41.373213+00:00,73.214,0.1082,96.5648,-0.0116,0.75,0.0,1500.0,0.0,6.3
1421.5,2026-05-05T23:10:41.873223+00:00,73.2223,0.0832,96.5267,0.0219,0.75,0.0,1500.0,0.0,6.3
1422.0,2026-05-05T23:10:42.373381+00:00,73.2287,0.1275,96.4048,0.0169,0.75,0.0,1500.0,0.0,6.3
1422.5,2026-05-05T23:10:42.887617+00:00,73.1064,0.0344,96.4268,0.013,0.75,0.0,1500.0,0.0,6.3
1423.00112,2026-05-05T23:10:43.374423+00:00,73.0124,-0.1008,96.5595,0.0485,0.75,0.0,1500.0,0.0,6.3
1423.5,2026-05-05T23:10:43.873335+00:00,73.0673,-0.0775,96.5457,0.0373,0.75,0.0,1500.0,0.0,6.3
1424.0,2026-05-05T23:10:44.373296+00:00,72.9823,-0.1232,96.5351,-0.0099,0.75,0.0,1500.0,0.0,6.3
1424.5,2026-05-05T23:10:44.873222+00:00,73.0443,-0.0311,96.527,0.0001,0.75,0.0,1500.0,0.0,6.3
1425.0,2026-05-05T23:10:45.377724+00:00,72.9646,-0.0239,96.7522,0.1158,0.75,0.0,1500.0,0.0,6.3
1425.5,2026-05-05T23:10:45.873340+00:00,73.0307,-0.0183,96.8095,0.1276,0.75,0.0,1500.0,0.0,6.3
1426.0,2026-05-05T23:10:46.373218+00:00,73.0814,0.0495,96.4833,-0.0254,0.75,0.0,1500.0,0.0,6.3
1426.5,2026-05-05T23:10:46.873320+00:00,72.8659,-0.0892,96.3484,-0.0658,0.75,0.0,1500.0,0.0,6.3
1427.0,2026-05-05T23:10:47.373229+00:00,73.082,0.0587,96.0132,-0.174,0.75,0.0,1500.0,0.0,6.3
1427.5,2026-05-05T23:10:47.882860+00:00,72.8664,-0.0821,95.987,-0.18,0.75,0.0,1500.0,0.0,6.3
1428.0,2026-05-05T23:10:48.373215+00:00,72.8279,-0.1268,96.2214,-0.1769,0.75,0.0,1500.0,0.0,6.3
1428.5,2026-05-05T23:10:48.873615+00:00,73.0528,0.0935,96.4016,-0.136,0.75,0.0,1500.0,0.0,6.3
1429.000722,2026-05-05T23:10:49.373954+00:00,72.9712,-0.0554,96.4244,-0.0197,0.75,0.0,1500.0,0.0,6.3
1429.5,2026-05-05T23:10:49.873400+00:00,73.163,0.1483,96.6733,0.1083,0.75,0.0,1500.0,0.0,6.3
1430.0,2026-05-05T23:10:50.384341+00:00,73.3104,0.2413,96.7489,0.2452,0.75,0.0,1500.0,0.0,6.3
1430.5,2026-05-05T23:10:50.873243+00:00,73.1691,0.0582,96.6681,0.227,0.75,0.0,1500.0,0.0,6.3
1431.0,2026-05-05T23:10:51.373206+00:00,73.1878,0.1083,96.7218,0.1668,0.75,0.0,1500.0,0.0,6.3
1431.5,2026-05-05T23:10:51.873591+00:00,73.2022,0.0196,96.9019,0.1668,0.75,0.0,1500.0,0.0,6.3
1432.0,2026-05-05T23:10:52.373182+00:00,73.086,-0.1122,96.8089,0.1282,0.75,0.0,1500.0,0.0,6.3
1432.5,2026-05-05T23:10:52.878529+00:00,73.124,-0.0226,96.9688,0.0985,0.75,0.0,1500.0,0.0,6.3
1433.0,2026-05-05T23:10:53.373354+00:00,73.2804,0.0463,97.0917,0.1143,0.75,0.0,1500.0,0.0,6.3
1433.5,2026-05-05T23:10:53.873217+00:00,73.0188,-0.0917,96.8622,0.0647,0.75,0.0,1500.0,0.0,6.3
1434.0,2026-05-05T23:10:54.373219+00:00,73.0723,-0.0068,96.9867,0.0883,0.75,0.0,1500.0,0.0,6.3
1434.5,2026-05-05T23:10:54.873436+00:00,72.9862,-0.0689,96.9898,0.0293,0.75,0.0,1500.0,0.0,6.3
1435.0,2026-05-05T23:10:55.379619+00:00,73.0472,-0.1166,97.1078,0.0997,0.75,0.0,1500.0,0.0,6.3
1435.5,2026-05-05T23:10:55.873373+00:00,73.2214,0.1013,97.1986,0.0766,0.75,0.0,1500.0,0.0,6.3
1436.0,2026-05-05T23:10:56.373233+00:00,73.228,0.0779,97.1526,0.0203,0.75,0.0,1500.0,0.0,6.3
1436.5,2026-05-05T23:10:56.873207+00:00,73.1058,0.0598,97.233,0.1236,0.75,0.0,1500.0,0.0,6.3
1437.0,2026-05-05T23:10:57.373381+00:00,73.0119,-0.0176,97.2948,0.1027,0.75,0.0,1500.0,0.0,6.3
1437.5,2026-05-05T23:10:57.881256+00:00,73.067,-0.0772,97.1109,0.0404,0.75,0.0,1500.0,0.0,6.3
1438.0,2026-05-05T23:10:58.373237+00:00,73.1094,-0.0593,97.0852,-0.0075,0.75,0.0,1500.0,0.0,6.3
1438.5,2026-05-05T23:10:58.873231+00:00,73.1419,0.018,97.1812,-0.0058,0.75,0.0,1500.0,0.0,6.3
1439.0,2026-05-05T23:10:59.373200+00:00,73.1669,0.0775,97.1393,-0.0045,0.75,0.0,1500.0,0.0,6.3
1439.5,2026-05-05T23:10:59.873240+00:00,73.0589,-0.0041,96.9913,-0.0806,0.75,0.0,1500.0,0.0,6.3
1440.0,2026-05-05T23:11:00.379556+00:00,73.1031,-0.0031,97.109,-0.0619,0.75,0.0,1500.0,0.0,6.3
1440.5,2026-05-05T23:11:00.873289+00:00,73.1371,-0.0024,96.9913,-0.0399,0.75,0.0,1500.0,0.0,6.3
1441.0,2026-05-05T23:11:01.373317+00:00,73.0359,-0.0655,97.109,0.0079,0.75,0.0,1500.0,0.0,6.3
1441.5,2026-05-05T23:11:01.873214+00:00,73.0855,0.0133,96.9681,-0.071,0.75,0.0,1500.0,0.0,6.3
1442.0,2026-05-05T23:11:02.373185+00:00,72.9963,-0.0534,97.0912,-0.016,0.75,0.0,1500.0,0.0,6.3
1442.5,2026-05-05T23:11:02.882040+00:00,72.8005,-0.1683,97.1858,0.0648,0.75,0.0,1500.0,0.0,6.3
1443.0,2026-05-05T23:11:03.373765+00:00,72.7772,-0.1294,97.0039,-0.035,0.75,0.0,1500.0,0.0,6.3
1443.5,2026-05-05T23:11:03.873219+00:00,72.8866,-0.0994,97.1187,0.0425,0.75,0.0,1500.0,0.0,6.3
1444.0,2026-05-05T23:11:04.373751+00:00,72.8434,-0.0764,97.1838,0.0249,0.75,0.0,1500.0,0.0,6.3
1444.5,2026-05-05T23:11:04.873207+00:00,72.9375,0.0685,97.257,0.0963,0.75,0.0,1500.0,0.0,6.3
1445.0,2026-05-05T23:11:05.379085+00:00,72.8825,0.0527,97.3132,0.074,0.75,0.0,1500.0,0.0,6.3
1445.500928,2026-05-05T23:11:05.874185+00:00,73.0948,0.1041,97.125,-0.0202,0.75,0.0,1500.0,0.0,6.3
1446.0,2026-05-05T23:11:06.373245+00:00,73.0035,0.08,97.2118,0.0693,0.75,0.0,1500.0,0.0,6.3
1446.5,2026-05-05T23:11:06.873295+00:00,72.9333,-0.0021,97.3942,0.0918,0.75,0.0,1500.0,0.0,6.3
1447.0,2026-05-05T23:11:07.373720+00:00,73.0065,0.062,97.0484,-0.0451,0.75,0.0,1500.0,0.0,6.3
1447.5,2026-05-05T23:11:07.878596+00:00,72.6811,-0.2069,97.1529,-0.0347,0.75,0.0,1500.0,0.0,6.3
1448.001362,2026-05-05T23:11:08.374927+00:00,72.8127,-0.0954,97.2332,-0.0267,0.75,0.0,1500.0,0.0,6.3
1448.5,2026-05-05T23:11:08.873239+00:00,72.9139,-0.0097,96.9479,-0.0591,0.75,0.0,1500.0,0.0,6.3
1449.0,2026-05-05T23:11:09.373190+00:00,73.119,0.0562,96.9599,-0.084,0.75,0.0,1500.0,0.0,6.3
1449.5,2026-05-05T23:11:09.873534+00:00,73.022,0.1705,97.0849,-0.1031,0.75,0.0,1500.0,0.0,6.3
1450.0,2026-05-05T23:11:10.379201+00:00,73.0748,0.131,97.181,0.0442,0.75,0.0,1500.0,0.0,6.3
1450.5,2026-05-05T23:11:10.873198+00:00,73.1153,0.1007,97.2548,0.034,0.75,0.0,1500.0,0.0,6.3
1451.0,2026-05-05T23:11:11.373228+00:00,72.8919,-0.1135,97.1958,-0.0125,0.75,0.0,1500.0,0.0,6.3
1451.5,2026-05-05T23:11:11.873200+00:00,72.9748,-0.0236,97.2662,0.1061,0.75,0.0,1500.0,0.0,6.3
1452.0,2026-05-05T23:11:12.373357+00:00,73.0385,-0.0181,97.436,0.1587,0.75,0.0,1500.0,0.0,6.3
1452.5,2026-05-05T23:11:12.878932+00:00,72.9602,-0.0776,97.2194,0.0448,0.75,0.0,1500.0,0.0,6.3
1453.0,2026-05-05T23:11:13.373197+00:00,72.9,0.004,97.4,0.073,0.75,0.0,1500.0,0.0,6.3
1453.500706,2026-05-05T23:11:13.873945+00:00,72.981,0.0031,97.4232,0.0561,0.75,0.0,1500.0,0.0,6.3
1454.0,2026-05-05T23:11:14.373394+00:00,72.9159,-0.0613,97.441,0.0817,0.75,0.0,1500.0,0.0,6.3
1454.5,2026-05-05T23:11:14.873285+00:00,73.1205,0.0802,97.3389,0.0242,0.75,0.0,1500.0,0.0,6.3
1455.0,2026-05-05T23:11:15.380612+00:00,73.1505,0.1253,97.0522,-0.1279,0.75,0.0,1500.0,0.0,6.3
1455.5,2026-05-05T23:11:15.873181+00:00,73.0462,0.0326,97.1558,-0.0212,0.75,0.0,1500.0,0.0,6.3
1456.0,2026-05-05T23:11:16.373391+00:00,72.8388,-0.0385,97.0041,-0.132,0.75,0.0,1500.0,0.0,6.3
1456.5,2026-05-05T23:11:16.873218+00:00,72.6794,-0.2205,96.8874,-0.1786,0.75,0.0,1500.0,0.0,6.3
1457.0,2026-05-05T23:11:17.373168+00:00,72.5569,-0.2968,96.9135,-0.1758,0.75,0.0,1500.0,0.0,6.3
1457.5,2026-05-05T23:11:17.879358+00:00,72.59,-0.2281,96.9335,-0.1351,0.75,0.0,1500.0,0.0,6.3
1458.0,2026-05-05T23:11:18.373246+00:00,72.87,0.0156,96.7175,-0.1116,0.75,0.0,1500.0,0.0,6.3
1458.5,2026-05-05T23:11:18.873204+00:00,72.8307,0.0756,96.8986,-0.0858,0.75,0.0,1500.0,0.0,6.3
1459.0,2026-05-05T23:11:19.373662+00:00,72.9277,0.1854,96.8063,-0.0659,0.75,0.0,1500.0,0.0,6.3
1459.5,2026-05-05T23:11:19.873204+00:00,73.1296,0.2698,96.8511,-0.0121,0.75,0.0,1500.0,0.0,6.3
1460.0,2026-05-05T23:11:20.378330+00:00,73.0302,0.0801,97.0013,0.0293,0.75,0.0,1500.0,0.0,6.3
1460.5,2026-05-05T23:11:20.873224+00:00,72.9538,0.0615,97.001,0.0225,0.75,0.0,1500.0,0.0,6.3512
1461.0,2026-05-05T23:11:21.373252+00:00,72.895,-0.0163,97.0008,0.0944,0.75,0.0,1500.0,0.0,6.3762
1461.5,2026-05-05T23:11:21.873208+00:00,72.9772,-0.0762,97.1163,0.0726,0.75,0.0,1500.0,0.0,6.3884
1462.0,2026-05-05T23:11:22.373303+00:00,73.0403,0.0051,97.1819,0.1252,0.75,0.0,1500.0,0.0,6.3943
1462.5,2026-05-05T23:11:22.878856+00:00,72.9616,0.0039,97.1398,0.0962,0.75,0.0,1500.0,0.0,6.3972
1463.0,2026-05-05T23:11:23.373323+00:00,73.0283,0.0666,97.3389,0.1125,0.75,0.0,1500.0,0.0,6.3474
1463.5,2026-05-05T23:11:23.873234+00:00,73.0796,0.0512,97.2605,0.0865,0.75,0.0,1500.0,0.0,6.3232
1464.0,2026-05-05T23:11:24.373362+00:00,72.9918,-0.0243,97.3159,0.105,0.75,0.0,1500.0,0.0,6.3113
1464.5,2026-05-05T23:11:24.873203+00:00,72.797,-0.0823,97.4742,0.1193,0.75,0.0,1500.0,0.0,6.3055
1465.0,2026-05-05T23:11:25.377890+00:00,72.9018,-0.0632,97.2488,0.0223,0.75,0.0,1500.0,0.0,6.3027
1465.5,2026-05-05T23:11:25.873261+00:00,72.8551,-0.1122,97.3069,0.0557,0.75,0.0,1500.0,0.0,6.3525
1466.0,2026-05-05T23:11:26.373573+00:00,73.0738,0.041,97.2359,-0.0343,0.75,0.0,1500.0,0.0,6.3256
1466.5,2026-05-05T23:11:26.873221+00:00,72.9873,0.0951,96.9499,-0.1035,0.75,0.0,1500.0,0.0,6.3125
1467.0,2026-05-05T23:11:27.373518+00:00,72.9208,0.0095,97.0772,-0.0796,0.75,0.0,1500.0,0.0,6.3061
1467.500735,2026-05-05T23:11:27.880670+00:00,72.997,0.0709,97.1519,-0.1074,0.75,0.0,1500.0,0.0,6.303
1468.0,2026-05-05T23:11:28.373272+00:00,73.0555,-0.0091,97.1167,-0.044,0.75,0.0,1500.0,0.0,6.3015
1468.5,2026-05-05T23:11:28.873204+00:00,73.1005,0.0566,97.3211,0.0047,0.75,0.0,1500.0,0.0,6.3007
1469.0,2026-05-05T23:11:29.373209+00:00,73.0078,0.0435,97.1311,-0.0349,0.75,0.0,1500.0,0.0,6.3003
1469.5,2026-05-05T23:11:29.873450+00:00,73.0639,0.0335,97.3322,0.1274,0.75,0.0,1500.0,0.0,6.3002
1470.0,2026-05-05T23:11:30.377976+00:00,73.1069,0.0257,97.371,0.0979,0.75,0.0,1500.0,0.0,6.3001
1470.5,2026-05-05T23:11:30.873206+00:00,73.0128,-0.0439,97.2852,0.0444,0.75,0.0,1500.0,0.0,6.3
1471.0,2026-05-05T23:11:31.373230+00:00,73.1949,0.0935,97.2192,0.0341,0.75,0.0,1500.0,0.0,6.3
1471.5,2026-05-05T23:11:31.873750+00:00,73.0804,0.0083,97.2842,-0.0123,0.75,0.0,1500.0,0.0,6.3
1472.0,2026-05-05T23:11:32.373195+00:00,72.9924,-0.0573,96.987,-0.048,0.75,0.0,1500.0,0.0,6.3
1472.5,2026-05-05T23:11:32.882071+00:00,73.1793,0.0832,96.7586,-0.1912,0.75,0.0,1500.0,0.0,6.3
1473.0,2026-05-05T23:11:33.373585+00:00,73.0684,-0.0633,96.5831,-0.2626,0.75,0.0,1500.0,0.0,6.3
1473.5,2026-05-05T23:11:33.873200+00:00,73.1104,0.015,96.425,-0.2867,0.75,0.0,1500.0,0.0,6.3
1474.0,2026-05-05T23:11:34.373266+00:00,73.0154,0.0115,96.4424,-0.2589,0.75,0.0,1500.0,0.0,6.3
1474.5,2026-05-05T23:11:34.873224+00:00,73.197,0.0089,96.6871,-0.199,0.75,0.0,1500.0,0.0,6.3
1475.0,2026-05-05T23:11:35.377509+00:00,73.082,0.0068,96.7595,-0.0758,0.75,0.0,1500.0,0.0,6.3
1475.5,2026-05-05T23:11:35.873214+00:00,73.1209,0.0052,96.8152,0.0188,0.75,0.0,1500.0,0.0,6.3
1476.0,2026-05-05T23:11:36.373772+00:00,73.1507,0.0677,96.8579,0.0916,0.75,0.0,1500.0,0.0,6.3
1476.5,2026-05-05T23:11:36.873232+00:00,73.0464,-0.0753,96.8908,0.1553,0.75,0.0,1500.0,0.0,6.3
1477.0,2026-05-05T23:11:37.373205+00:00,73.2208,0.0694,97.1475,0.235,0.75,0.0,1500.0,0.0,6.3
1477.501128,2026-05-05T23:11:37.880179+00:00,73.1003,-0.0103,96.8819,0.0649,0.75,0.0,1500.0,0.0,6.3
1478.0,2026-05-05T23:11:38.373213+00:00,73.2622,0.0557,96.5622,-0.0658,0.75,0.0,1500.0,0.0,6.3
1478.5,2026-05-05T23:11:38.873222+00:00,73.1321,0.0428,96.6403,-0.0583,0.75,0.0,1500.0,0.0,6.3
1479.0,2026-05-05T23:11:39.373553+00:00,73.1594,-0.0307,96.4922,-0.1219,0.75,0.0,1500.0,0.0,6.3
1479.5,2026-05-05T23:11:39.873204+00:00,73.0531,-0.0236,96.494,-0.1323,0.75,0.0,1500.0,0.0,6.3
1480.0,2026-05-05T23:11:40.378255+00:00,73.0987,-0.0818,96.6342,-0.1711,0.75,0.0,1500.0,0.0,6.3
1480.5,2026-05-05T23:11:40.873247+00:00,73.1337,0.0008,96.8346,-0.0158,0.75,0.0,1500.0,0.0,6.3
1481.0,2026-05-05T23:11:41.373400+00:00,73.2879,0.0642,96.9885,0.1421,0.75,0.0,1500.0,0.0,6.3
1481.5,2026-05-05T23:11:41.873268+00:00,73.1518,0.0494,97.0838,0.1478,0.75,0.0,1500.0,0.0,6.3
1482.0,2026-05-05T23:11:42.373206+00:00,73.3018,0.1016,96.9487,0.1522,0.75,0.0,1500.0,0.0,6.3
1482.5,2026-05-05T23:11:42.880389+00:00,73.2898,0.0781,97.0762,0.1941,0.75,0.0,1500.0,0.0,6.3
1483.0,2026-05-05T23:11:43.373200+00:00,73.2806,-0.0036,96.9429,0.1029,0.75,0.0,1500.0,0.0,6.2488
1483.5,2026-05-05T23:11:43.873226+00:00,73.2735,0.0608,96.609,-0.0752,0.75,0.0,1500.0,0.0,6.2238
1484.0,2026-05-05T23:11:44.373194+00:00,73.0135,-0.1441,96.5607,-0.1426,0.75,0.0,1500.0,0.0,6.2116
1484.5,2026-05-05T23:11:44.873191+00:00,73.0683,-0.1108,96.5466,-0.179,0.75,0.0,1500.0,0.0,6.2057
1485.000704,2026-05-05T23:11:45.380561+00:00,73.2376,-0.0215,96.3044,-0.2147,0.75,0.0,1500.0,0.0,6.2028
1485.5,2026-05-05T23:11:45.873242+00:00,73.1132,-0.0802,96.3497,-0.2422,0.75,0.0,1500.0,0.0,6.2526
1486.0,2026-05-05T23:11:46.373634+00:00,73.1448,0.0657,96.3845,-0.1861,0.75,0.0,1500.0,0.0,6.2768
1486.5,2026-05-05T23:11:46.873901+00:00,73.0419,-0.0132,96.3881,-0.0737,0.75,0.0,1500.0,0.0,6.2887
1487.0,2026-05-05T23:11:47.373395+00:00,73.0901,-0.0738,96.414,-0.0489,0.75,0.0,1500.0,0.0,6.2945
1487.5,2026-05-05T23:11:47.878149+00:00,73.1271,0.0069,96.6653,0.0396,0.75,0.0,1500.0,0.0,6.2973
1488.0,2026-05-05T23:11:48.373686+00:00,73.1555,0.0053,96.5113,0.069,0.75,0.0,1500.0,0.0,6.2987
1488.5,2026-05-05T23:11:48.873217+00:00,73.3047,0.1314,96.5087,0.053,0.75,0.0,1500.0,0.0,6.2994
1489.0,2026-05-05T23:11:49.373198+00:00,73.1647,0.0373,96.5993,0.0716,0.75,0.0,1500.0,0.0,6.2997
1489.501133,2026-05-05T23:11:49.874710+00:00,73.0572,-0.0349,96.692,0.1013,0.75,0.0,1500.0,0.0,6.2998
1490.0,2026-05-05T23:11:50.378790+00:00,72.9745,-0.0905,96.6244,0.0702,0.75,0.0,1500.0,0.0,6.2999
1490.5,2026-05-05T23:11:50.873397+00:00,72.7837,-0.2605,96.7113,0.0154,0.75,0.0,1500.0,0.0,6.3
1491.0,2026-05-05T23:11:51.373226+00:00,72.8916,-0.1366,96.5236,0.0041,0.75,0.0,1500.0,0.0,6.3
1491.5,2026-05-05T23:11:51.873186+00:00,72.9746,-0.0413,96.7495,0.0803,0.75,0.0,1500.0,0.0,6.3
1492.0,2026-05-05T23:11:52.373485+00:00,72.911,-0.0318,96.9232,0.108,0.75,0.0,1500.0,0.0,6.3
1492.5,2026-05-05T23:11:52.878732+00:00,72.9895,0.1029,96.8021,0.0367,0.75,0.0,1500.0,0.0,6.3
1493.0,2026-05-05T23:11:53.373203+00:00,73.0498,0.0791,97.0793,0.1516,0.75,0.0,1500.0,0.0,6.3
1493.5,2026-05-05T23:11:53.873348+00:00,73.0961,0.0608,97.061,0.1165,0.75,0.0,1500.0,0.0,6.3
1494.0,2026-05-05T23:11:54.373208+00:00,73.259,0.174,96.9312,0.1359,0.75,0.0,1500.0,0.0,6.3
1494.5,2026-05-05T23:11:54.873234+00:00,73.2569,0.1337,96.9239,0.0581,0.75,0.0,1500.0,0.0,6.3
1495.0,2026-05-05T23:11:55.383727+00:00,73.2553,0.1028,97.0572,0.0447,0.75,0.0,1500.0,0.0,6.3
1495.5,2026-05-05T23:11:55.873236+00:00,73.3813,0.1426,96.7895,-0.0042,0.75,0.0,1500.0,0.0,6.3
1496.0,2026-05-05T23:11:56.373205+00:00,73.351,0.046,96.8382,-0.0804,0.75,0.0,1500.0,0.0,6.3
1496.5,2026-05-05T23:11:56.873260+00:00,73.3276,0.0353,96.7831,-0.0926,0.75,0.0,1500.0,0.0,6.3
1497.0,2026-05-05T23:11:57.373216+00:00,73.1824,-0.0365,96.7176,-0.0712,0.75,0.0,1500.0,0.0,6.3
1497.5,2026-05-05T23:11:57.878831+00:00,73.198,-0.0917,96.7829,-0.047,0.75,0.0,1500.0,0.0,6.3
1498.000931,2026-05-05T23:11:58.374871+00:00,73.21,-0.0705,96.81,-0.0824,0.75,0.0,1500.0,0.0,6.3
1498.5,2026-05-05T23:11:58.873229+00:00,73.3466,0.0095,96.854,0.0215,0.75,0.0,1500.0,0.0,6.3
1499.0,2026-05-05T23:11:59.373257+00:00,73.3242,0.0709,96.8878,0.0165,0.75,0.0,1500.0,0.0,6.3
1499.5,2026-05-05T23:11:59.873779+00:00,73.307,0.0545,96.5435,-0.0799,0.75,0.0,1500.0,0.0,6.3
1500.0,2026-05-05T23:12:00.378054+00:00,73.2938,0.0419,96.6491,-0.0228,0.75,0.0,1500.0,0.0,6.2488
1500.5,2026-05-05T23:12:00.873646+00:00,73.2837,-0.0314,96.7303,-0.0175,0.75,0.0,1500.0,0.0,6.275
1501.0,2026-05-05T23:12:01.373223+00:00,73.4032,0.0395,96.9084,0.0328,0.75,0.0,1500.0,0.0,6.2878
1501.5,2026-05-05T23:12:01.873284+00:00,73.2405,-0.0333,96.7908,-0.0211,0.75,0.0,1500.0,0.0,6.294
1502.0,2026-05-05T23:12:02.373503+00:00,73.2427,-0.0256,96.8392,-0.0162,0.75,0.0,1500.0,0.0,6.2971
1502.500894,2026-05-05T23:12:02.879787+00:00,73.2444,-0.0197,96.8764,0.111,0.75,0.0,1500.0,0.0,6.2986
1503.0,2026-05-05T23:12:03.373269+00:00,73.1184,-0.1424,97.0207,0.1239,0.75,0.0,1500.0,0.0,6.2481
1503.5,2026-05-05T23:12:03.873191+00:00,73.1488,-0.0458,97.0159,0.0952,0.75,0.0,1500.0,0.0,6.2235
1504.001998,2026-05-05T23:12:04.375241+00:00,73.2995,0.0284,96.804,-0.0348,0.75,0.0,1500.0,0.0,6.2115
1504.5,2026-05-05T23:12:04.873205+00:00,73.2881,0.0219,96.8262,0.0118,0.75,0.0,1500.0,0.0,6.2056
1505.0,2026-05-05T23:12:05.378267+00:00,73.2793,0.0804,96.9821,0.0476,0.75,0.0,1500.0,0.0,6.2027
1505.5,2026-05-05T23:12:05.873230+00:00,73.2725,0.0618,96.9863,0.0366,0.75,0.0,1500.0,0.0,6.2525
1506.0,2026-05-05T23:12:06.373481+00:00,73.2673,-0.0161,96.9663,-0.0181,0.75,0.0,1500.0,0.0,6.2768
1506.5,2026-05-05T23:12:06.873478+00:00,73.3906,0.0512,96.951,-0.0217,0.75,0.0,1500.0,0.0,6.2375
1507.0,2026-05-05T23:12:07.373230+00:00,73.2308,-0.0242,96.6152,-0.0629,0.75,0.0,1500.0,0.0,6.2183
1507.5,2026-05-05T23:12:07.878352+00:00,73.2352,-0.0186,96.8199,-0.0021,0.75,0.0,1500.0,0.0,6.2089
1508.0,2026-05-05T23:12:08.373711+00:00,72.9841,-0.1416,96.8385,-0.0479,0.75,0.0,1500.0,0.0,6.2556
1508.5,2026-05-05T23:12:08.873204+00:00,73.0456,-0.1725,96.6444,-0.1139,0.75,0.0,1500.0,0.0,6.2783
1509.0,2026-05-05T23:12:09.373309+00:00,73.0929,-0.0689,96.8193,-0.049,0.75,0.0,1500.0,0.0,6.2894
1509.5,2026-05-05T23:12:09.873452+00:00,73.1293,-0.053,96.7685,-0.0608,0.75,0.0,1500.0,0.0,6.2948
1510.0,2026-05-05T23:12:10.379629+00:00,73.1572,0.0866,96.5907,-0.0082,0.75,0.0,1500.0,0.0,6.2975
1510.5,2026-05-05T23:12:10.873204+00:00,73.3059,0.1302,96.5697,-0.0834,0.75,0.0,1500.0,0.0,6.35
1511.0,2026-05-05T23:12:11.373390+00:00,73.1657,0.0364,96.5304,-0.1027,0.75,0.0,1500.0,0.0,6.3756
1511.501128,2026-05-05T23:12:11.874416+00:00,73.058,-0.0357,96.292,-0.1175,0.75,0.0,1500.0,0.0,6.3881
1512.0,2026-05-05T23:12:12.373196+00:00,73.1024,-0.0274,96.2244,-0.1983,0.75,0.0,1500.0,0.0,6.3942
1512.5,2026-05-05T23:12:12.877839+00:00,73.1366,-0.0847,96.3113,-0.1524,0.75,0.0,1500.0,0.0,6.3972
1513.0,2026-05-05T23:12:13.373339+00:00,73.0355,-0.0651,96.2393,-0.1171,0.75,0.0,1500.0,0.0,6.3474
1513.5,2026-05-05T23:12:13.873207+00:00,73.2124,0.0772,96.3922,-0.0592,0.75,0.0,1500.0,0.0,6.3231
1514.0,2026-05-05T23:12:14.373239+00:00,73.2211,0.0594,96.07,-0.1535,0.75,0.0,1500.0,0.0,6.3113
1514.5,2026-05-05T23:12:14.873487+00:00,72.9733,-0.0816,96.1464,-0.0485,0.75,0.0,1500.0,0.0,6.3055
1515.0,2026-05-05T23:12:15.379681+00:00,72.91,-0.0628,95.9968,-0.0759,0.75,0.0,1500.0,0.0,6.3027
1515.5,2026-05-05T23:12:15.873427+00:00,73.116,-0.0482,96.1132,-0.066,0.75,0.0,1500.0,0.0,6.3013
1516.0,2026-05-05T23:12:16.373199+00:00,73.147,-0.0371,96.2259,-0.0045,0.75,0.0,1500.0,0.0,6.3006
1516.50005,2026-05-05T23:12:16.873279+00:00,73.2981,0.1624,96.1736,-0.0729,0.75,0.0,1500.0,0.0,6.3003
1517.0,2026-05-05T23:12:17.373243+00:00,73.287,0.1885,96.2491,0.0597,0.75,0.0,1500.0,0.0,6.3002
1517.5,2026-05-05T23:12:17.878170+00:00,73.2784,0.0812,96.284,0.0459,0.75,0.0,1500.0,0.0,6.3001
1518.0,2026-05-05T23:12:18.373218+00:00,73.2718,0.0624,96.2183,0.0738,0.75,0.0,1500.0,0.0,6.3
1518.5,2026-05-05T23:12:18.873216+00:00,73.3941,0.048,96.3761,0.0876,0.75,0.0,1500.0,0.0,6.3
1519.0,2026-05-05T23:12:19.373409+00:00,73.488,0.1005,96.4047,0.0596,0.75,0.0,1500.0,0.0,6.3
1519.502713,2026-05-05T23:12:19.876041+00:00,73.4329,0.0773,96.3111,0.0458,0.75,0.0,1500.0,0.0,6.3
1520.0,2026-05-05T23:12:20.378011+00:00,73.5179,0.123,96.2391,-0.0033,0.75,0.0,1500.0,0.0,6.3
1520.5,2026-05-05T23:12:20.873473+00:00,73.2013,-0.0964,96.2995,0.0051,0.75,0.0,1500.0,0.0,6.3
1521.0,2026-05-05T23:12:21.373232+00:00,73.3399,-0.0741,96.4616,0.0811,0.75,0.0,1500.0,0.0,6.3
1521.5,2026-05-05T23:12:21.873317+00:00,73.3191,-0.0569,96.5862,0.07,0.75,0.0,1500.0,0.0,6.3
1522.0,2026-05-05T23:12:22.373458+00:00,73.3031,-0.1074,96.6819,0.0924,0.75,0.0,1500.0,0.0,6.3
1522.500898,2026-05-05T23:12:22.884109+00:00,73.4181,0.1084,96.5473,0.0787,0.75,0.0,1500.0,0.0,6.3
1523.0,2026-05-05T23:12:23.373435+00:00,73.3792,0.0197,96.652,0.1376,0.75,0.0,1500.0,0.0,6.3
1523.5,2026-05-05T23:12:23.873294+00:00,73.4766,0.0787,96.5937,0.0981,0.75,0.0,1500.0,0.0,6.3
1524.001681,2026-05-05T23:12:24.374960+00:00,73.5514,0.1242,96.4563,-0.0017,0.75,0.0,1500.0,0.0,6.3
1524.5,2026-05-05T23:12:24.873310+00:00,73.4817,0.0318,96.6053,0.0064,0.75,0.0,1500.0,0.0,6.3
1525.0,2026-05-05T23:12:25.378075+00:00,73.5553,0.0881,96.5578,-0.0414,0.75,0.0,1500.0,0.0,6.3
1525.5,2026-05-05T23:12:25.873337+00:00,73.3574,-0.0596,96.5444,-0.001,0.75,0.0,1500.0,0.0,6.3
1526.0,2026-05-05T23:12:26.373206+00:00,73.3325,-0.1094,96.6498,-0.0007,0.75,0.0,1500.0,0.0,6.3
1526.5,2026-05-05T23:12:26.873199+00:00,73.4407,-0.0205,96.6383,0.0149,0.75,0.0,1500.0,0.0,6.3
1527.0,2026-05-05T23:12:27.373249+00:00,73.142,-0.2066,96.6063,0.05,0.75,0.0,1500.0,0.0,6.3
1527.5,2026-05-05T23:12:27.877650+00:00,73.167,-0.0952,96.5817,-0.0079,0.75,0.0,1500.0,0.0,6.3
1528.0,2026-05-05T23:12:28.373266+00:00,73.3135,-0.0095,96.5397,-0.006,0.75,0.0,1500.0,0.0,6.3
1528.5,2026-05-05T23:12:28.873279+00:00,73.2988,-0.071,96.3916,-0.0509,0.75,0.0,1500.0,0.0,6.3
1529.0,2026-05-05T23:12:29.373198+00:00,73.2875,0.0727,96.6481,-0.0006,0.75,0.0,1500.0,0.0,6.3
1529.5,2026-05-05T23:12:29.873201+00:00,73.2788,0.0559,96.8452,0.069,0.75,0.0,1500.0,0.0,6.3
1530.0,2026-05-05T23:12:30.380142+00:00,73.2722,-0.0207,96.8811,0.0916,0.75,0.0,1500.0,0.0,6.3
1530.5,2026-05-05T23:12:30.873285+00:00,73.3943,0.0477,96.9086,0.109,0.75,0.0,1500.0,0.0,6.3
1531.0,2026-05-05T23:12:31.373193+00:00,73.2336,-0.0269,96.7909,0.0837,0.75,0.0,1500.0,0.0,6.3
1531.5,2026-05-05T23:12:31.873215+00:00,73.1102,-0.0843,96.7236,0.1106,0.75,0.0,1500.0,0.0,6.3
1532.0,2026-05-05T23:12:32.373237+00:00,73.2698,-0.0012,96.7875,0.0465,0.75,0.0,1500.0,0.0,6.3
1532.5,2026-05-05T23:12:32.879019+00:00,73.3925,-0.0009,96.8367,-0.0028,0.75,0.0,1500.0,0.0,6.3
1533.0,2026-05-05T23:12:33.373269+00:00,73.2322,-0.0007,96.8745,-0.0022,0.75,0.0,1500.0,0.0,6.2488
1533.5,2026-05-05T23:12:33.873209+00:00,73.3636,0.1267,96.9035,-0.0017,0.75,0.0,1500.0,0.0,6.2238
1534.0,2026-05-05T23:12:34.373852+00:00,73.3373,0.0338,96.8102,0.0064,0.75,0.0,1500.0,0.0,6.2116
1534.5,2026-05-05T23:12:34.873202+00:00,73.3171,-0.0377,96.8541,0.0435,0.75,0.0,1500.0,0.0,6.2057
1535.0,2026-05-05T23:12:35.381545+00:00,73.1743,-0.029,96.7722,-0.0051,0.75,0.0,1500.0,0.0,6.2028
1535.5,2026-05-05T23:12:35.873208+00:00,73.3191,-0.0223,96.5935,-0.0811,0.75,0.0,1500.0,0.0,6.3038
1536.0,2026-05-05T23:12:36.373197+00:00,73.3031,-0.0171,96.3404,-0.178,0.75,0.0,1500.0,0.0,6.3018
1536.5,2026-05-05T23:12:36.873194+00:00,73.2908,-0.0131,96.3774,-0.1754,0.75,0.0,1500.0,0.0,6.3009
1537.0,2026-05-05T23:12:37.373654+00:00,73.2814,0.0535,96.4057,-0.1348,0.75,0.0,1500.0,0.0,6.3004
1537.5,2026-05-05T23:12:37.880759+00:00,73.4014,0.0411,96.0573,-0.2656,0.75,0.0,1500.0,0.0,6.3002
1538.0,2026-05-05T23:12:38.373306+00:00,73.2391,-0.032,96.1366,-0.2118,0.75,0.0,1500.0,0.0,6.3513
1538.5,2026-05-05T23:12:38.873197+00:00,73.2416,-0.0246,96.105,-0.1628,0.75,0.0,1500.0,0.0,6.3762
1539.0,2026-05-05T23:12:39.373229+00:00,73.1163,-0.0825,96.0807,-0.0866,0.75,0.0,1500.0,0.0,6.3372
1539.5,2026-05-05T23:12:39.873439+00:00,73.1472,-0.1271,96.1777,-0.0665,0.75,0.0,1500.0,0.0,6.3182
1540.0,2026-05-05T23:12:40.377567+00:00,73.2983,0.0296,96.368,-0.0126,0.75,0.0,1500.0,0.0,6.3089
1540.500848,2026-05-05T23:12:40.874082+00:00,73.2871,0.0227,96.3985,0.1137,0.75,0.0,1500.0,0.0,6.3555
1541.0,2026-05-05T23:12:41.373214+00:00,73.1512,0.0175,96.4452,0.1029,0.75,0.0,1500.0,0.0,6.3783
1541.5,2026-05-05T23:12:41.873183+00:00,73.3014,0.0771,96.4579,0.1176,0.75,0.0,1500.0,0.0,6.3382
1542.0,2026-05-05T23:12:42.373261+00:00,73.4168,0.0592,96.3519,0.0904,0.75,0.0,1500.0,0.0,6.3186
1542.5,2026-05-05T23:12:42.881158+00:00,73.5054,0.1092,96.7333,0.1852,0.75,0.0,1500.0,0.0,6.3091
1543.0,2026-05-05T23:12:43.373240+00:00,73.4463,0.1475,96.795,0.1423,0.75,0.0,1500.0,0.0,6.3044
1543.5,2026-05-05T23:12:43.873239+00:00,73.2736,-0.0139,96.4953,0.0323,0.75,0.0,1500.0,0.0,6.3022
1544.0,2026-05-05T23:12:44.373181+00:00,73.1409,-0.1379,96.7047,0.0865,0.75,0.0,1500.0,0.0,6.3011
1544.5,2026-05-05T23:12:44.873462+00:00,73.2934,-0.106,96.773,0.1051,0.75,0.0,1500.0,0.0,6.3005
1545.000938,2026-05-05T23:12:45.380320+00:00,73.2834,-0.0815,96.8255,0.1579,0.75,0.0,1500.0,0.0,6.3003
1545.5,2026-05-05T23:12:45.873197+00:00,73.4029,0.0646,97.0973,0.1213,0.75,0.0,1500.0,0.0,6.3001
1546.0,2026-05-05T23:12:46.373183+00:00,73.3675,0.1133,97.0748,0.0933,0.75,0.0,1500.0,0.0,6.3001
1546.5,2026-05-05T23:12:46.873209+00:00,73.3403,0.0235,96.9418,0.1488,0.75,0.0,1500.0,0.0,6.3
1547.0,2026-05-05T23:12:47.373444+00:00,73.4467,0.0817,96.9321,0.0758,0.75,0.0,1500.0,0.0,6.3
1547.5,2026-05-05T23:12:47.881933+00:00,73.5285,0.0628,96.8321,0.0197,0.75,0.0,1500.0,0.0,6.3
1548.0,2026-05-05T23:12:48.373278+00:00,73.5913,0.1119,96.7553,-0.0234,0.75,0.0,1500.0,0.0,6.3
1548.5,2026-05-05T23:12:48.873251+00:00,73.385,0.0224,96.8119,-0.0951,0.75,0.0,1500.0,0.0,6.3
1549.0,2026-05-05T23:12:49.373588+00:00,73.2265,-0.1101,96.6472,-0.1425,0.75,0.0,1500.0,0.0,6.3
1549.5,2026-05-05T23:12:49.873202+00:00,73.3592,-0.0846,96.2429,-0.233,0.75,0.0,1500.0,0.0,6.3
1550.0,2026-05-05T23:12:50.378001+00:00,73.4612,-0.065,96.1867,-0.2485,0.75,0.0,1500.0,0.0,6.3
1550.5,2026-05-05T23:12:50.873362+00:00,73.5396,0.0773,96.236,-0.1987,0.75,0.0,1500.0,0.0,6.3
1551.001133,2026-05-05T23:12:51.374515+00:00,73.4726,0.123,96.2971,-0.1527,0.75,0.0,1500.0,0.0,6.3
1551.5,2026-05-05T23:12:51.873193+00:00,73.4211,0.0309,96.5755,-0.0788,0.75,0.0,1500.0,0.0,6.3
1552.0,2026-05-05T23:12:52.373200+00:00,73.2542,-0.1035,96.7894,0.0474,0.75,0.0,1500.0,0.0,6.3
1552.5,2026-05-05T23:12:52.878864+00:00,73.3805,-0.0795,96.6067,0.1213,0.75,0.0,1500.0,0.0,6.3
1553.0,2026-05-05T23:12:53.373372+00:00,73.223,-0.1248,96.582,0.1318,0.75,0.0,1500.0,0.0,6.3
1553.5,2026-05-05T23:12:53.873239+00:00,73.3566,-0.0323,96.6788,0.1476,0.75,0.0,1500.0,0.0,6.3
1554.0,2026-05-05T23:12:54.373207+00:00,73.2046,-0.0248,96.6374,0.1134,0.75,0.0,1500.0,0.0,6.3
1554.5,2026-05-05T23:12:54.873196+00:00,73.0879,-0.1463,96.6982,0.0409,0.75,0.0,1500.0,0.0,6.3
1555.0,2026-05-05T23:12:55.380803+00:00,73.1254,-0.0488,96.8837,0.0314,0.75,0.0,1500.0,0.0,6.3
1555.5,2026-05-05T23:12:55.873692+00:00,73.0269,-0.1648,96.9106,0.1013,0.75,0.0,1500.0,0.0,6.3
1556.0,2026-05-05T23:12:56.373216+00:00,73.2058,0.0006,96.9313,0.1164,0.75,0.0,1500.0,0.0,6.3
1556.5,2026-05-05T23:12:56.873548+00:00,73.2161,0.0641,97.0398,0.1203,0.75,0.0,1500.0,0.0,6.3
1557.0,2026-05-05T23:12:57.373208+00:00,73.0966,-0.0144,97.0074,0.1233,0.75,0.0,1500.0,0.0,6.3
1557.5,2026-05-05T23:12:57.881385+00:00,73.2594,0.1162,97.0057,0.1025,0.75,0.0,1500.0,0.0,6.3
1558.000813,2026-05-05T23:12:58.374077+00:00,73.5118,0.153,97.0044,0.0402,0.75,0.0,1500.0,0.0,6.3512
1558.5,2026-05-05T23:12:58.873196+00:00,73.4512,0.1176,97.0034,0.0309,0.75,0.0,1500.0,0.0,6.3762
1559.0,2026-05-05T23:12:59.373216+00:00,73.5319,0.2176,97.1183,0.0623,0.75,0.0,1500.0,0.0,6.3372
1559.5,2026-05-05T23:12:59.873249+00:00,73.5939,0.1673,96.9752,-0.0215,0.75,0.0,1500.0,0.0,6.3181
1560.0,2026-05-05T23:13:00.380186+00:00,73.5144,0.0013,96.8653,-0.0474,0.75,0.0,1500.0,0.0,6.3089
1560.5,2026-05-05T23:13:00.873394+00:00,73.5805,0.0646,97.0121,0.0021,0.75,0.0,1500.0,0.0,6.3555
1561.0,2026-05-05T23:13:01.373236+00:00,73.504,-0.014,97.0093,0.0016,0.75,0.0,1500.0,0.0,6.3271
1561.5,2026-05-05T23:13:01.873192+00:00,73.4452,-0.0744,96.8683,-0.045,0.75,0.0,1500.0,0.0,6.3132
1562.0,2026-05-05T23:13:02.373453+00:00,73.4,-0.0572,97.0145,-0.0346,0.75,0.0,1500.0,0.0,6.3065
1562.5,2026-05-05T23:13:02.878538+00:00,73.3653,-0.1076,96.8723,-0.0343,0.75,0.0,1500.0,0.0,6.3031
1563.0,2026-05-05T23:13:03.373225+00:00,73.3386,-0.0827,97.0176,0.0508,0.75,0.0,1500.0,0.0,6.3015
1563.5,2026-05-05T23:13:03.873210+00:00,73.4454,0.0001,96.8978,-0.0381,0.75,0.0,1500.0,0.0,6.3007
1564.0,2026-05-05T23:13:04.373228+00:00,73.5275,0.0637,96.8057,-0.0679,0.75,0.0,1500.0,0.0,6.3004
1564.5,2026-05-05T23:13:04.873409+00:00,73.5905,0.1126,96.5962,-0.0907,0.75,0.0,1500.0,0.0,6.3002
1565.0,2026-05-05T23:13:05.378040+00:00,73.3845,0.0229,96.8053,-0.0697,0.75,0.0,1500.0,0.0,6.3001
1565.5,2026-05-05T23:13:05.873178+00:00,73.4806,0.0176,96.6421,-0.0767,0.75,0.0,1500.0,0.0,6.3
1566.0,2026-05-05T23:13:06.373370+00:00,73.5545,0.0135,96.7018,-0.1053,0.75,0.0,1500.0,0.0,6.3
1566.5,2026-05-05T23:13:06.873216+00:00,73.4841,-0.0532,96.6782,-0.0732,0.75,0.0,1500.0,0.0,6.3
1567.0,2026-05-05T23:13:07.373199+00:00,73.4299,0.0227,96.6138,-0.064,0.75,0.0,1500.0,0.0,6.3
1567.5,2026-05-05T23:13:07.879042+00:00,73.5155,0.0175,96.7032,0.0357,0.75,0.0,1500.0,0.0,6.3
1568.0,2026-05-05T23:13:08.373208+00:00,73.3268,-0.1138,96.7487,-0.0189,0.75,0.0,1500.0,0.0,6.3
1568.5,2026-05-05T23:13:08.873685+00:00,73.0545,-0.2148,96.668,0.0086,0.75,0.0,1500.0,0.0,6.3
1569.0,2026-05-05T23:13:09.373201+00:00,73.0997,-0.1651,96.7449,0.0144,0.75,0.0,1500.0,0.0,6.3
1569.5,2026-05-05T23:13:09.874453+00:00,73.1345,-0.1905,96.9196,0.0805,0.75,0.0,1500.0,0.0,6.3
1570.0,2026-05-05T23:13:10.379893+00:00,73.4158,0.0445,96.9382,0.1081,0.75,0.0,1500.0,0.0,6.3
1570.5,2026-05-05T23:13:10.873183+00:00,73.5047,0.2251,97.0682,0.1217,0.75,0.0,1500.0,0.0,6.3
1571.0,2026-05-05T23:13:11.373225+00:00,73.4458,0.173,96.9599,0.0704,0.75,0.0,1500.0,0.0,6.3
1571.5,2026-05-05T23:13:11.873399+00:00,73.655,0.2602,96.8303,0.0541,0.75,0.0,1500.0,0.0,6.3
1572.0,2026-05-05T23:13:12.373359+00:00,73.5613,0.0728,96.8696,0.0416,0.75,0.0,1500.0,0.0,6.3
1572.501137,2026-05-05T23:13:12.879921+00:00,73.6165,0.0559,96.6684,-0.0837,0.75,0.0,1500.0,0.0,6.3
1573.0,2026-05-05T23:13:13.373232+00:00,73.5317,0.043,96.9765,0.0128,0.75,0.0,1500.0,0.0,6.3
1573.5,2026-05-05T23:13:13.873214+00:00,73.4665,-0.0942,96.9819,-0.0288,0.75,0.0,1500.0,0.0,6.3
1574.0,2026-05-05T23:13:14.373211+00:00,73.4164,-0.0724,96.5233,-0.1455,0.75,0.0,1500.0,0.0,6.3
1574.5,2026-05-05T23:13:14.873189+00:00,73.5052,-0.0557,96.5179,-0.1041,0.75,0.0,1500.0,0.0,6.3
1575.0,2026-05-05T23:13:15.378607+00:00,73.5734,0.0208,96.5138,-0.1186,0.75,0.0,1500.0,0.0,6.3
1575.5,2026-05-05T23:13:15.873230+00:00,73.6258,0.0797,96.3717,-0.0989,0.75,0.0,1500.0,0.0,6.3
1576.0,2026-05-05T23:13:16.373265+00:00,73.6661,0.1249,96.5171,-0.1531,0.75,0.0,1500.0,0.0,6.3
1576.5,2026-05-05T23:13:16.873253+00:00,73.5698,0.0323,96.5132,-0.1563,0.75,0.0,1500.0,0.0,6.3
1577.0,2026-05-05T23:13:17.373350+00:00,73.7504,0.0885,96.487,-0.0121,0.75,0.0,1500.0,0.0,6.3
1577.5,2026-05-05T23:13:17.879667+00:00,73.7619,0.068,96.49,-0.0093,0.75,0.0,1500.0,0.0,6.3
1578.0,2026-05-05T23:13:18.373522+00:00,73.6434,-0.0114,96.608,0.0314,0.75,0.0,1500.0,0.0,6.3
1578.501139,2026-05-05T23:13:18.874489+00:00,73.5524,-0.0087,96.583,0.0704,0.75,0.0,1500.0,0.0,6.3
1579.0,2026-05-05T23:13:19.373275+00:00,73.6097,-0.0703,96.3324,-0.0616,0.75,0.0,1500.0,0.0,6.3
1579.5,2026-05-05T23:13:19.873221+00:00,73.2719,-0.245,96.1398,-0.1245,0.75,0.0,1500.0,0.0,6.3
1580.0,2026-05-05T23:13:20.378153+00:00,73.1396,-0.2519,96.2,-0.0957,0.75,0.0,1500.0,0.0,6.3
1580.5,2026-05-05T23:13:20.873183+00:00,73.2924,-0.13,96.038,-0.1507,0.75,0.0,1500.0,0.0,6.3
1581.0,2026-05-05T23:13:21.373331+00:00,73.2826,-0.1635,96.2606,-0.1158,0.75,0.0,1500.0,0.0,6.3
1581.5,2026-05-05T23:13:21.873349+00:00,73.275,0.0016,96.2003,-0.1276,0.75,0.0,1500.0,0.0,6.3
1582.0,2026-05-05T23:13:22.373191+00:00,73.2692,0.0648,96.3854,0.0177,0.75,0.0,1500.0,0.0,6.3
1582.5,2026-05-05T23:13:22.979004+00:00,73.2648,-0.0138,96.6433,0.1678,0.75,0.0,1500.0,0.0,6.3
1583.0,2026-05-05T23:13:23.373382+00:00,73.1341,-0.0742,96.6101,0.1367,0.75,0.0,1500.0,0.0,6.3
1583.5,2026-05-05T23:13:23.873198+00:00,73.2882,0.0066,96.3532,0.1051,0.75,0.0,1500.0,0.0,6.3
1584.0,2026-05-05T23:13:24.373282+00:00,73.2794,0.0051,96.5955,0.1116,0.75,0.0,1500.0,0.0,6.3
1584.5,2026-05-05T23:13:24.873337+00:00,73.3998,0.0675,96.2263,0.0087,0.75,0.0,1500.0,0.0,6.3
1585.0,2026-05-05T23:13:25.379367+00:00,73.4924,0.1792,96.1739,-0.0705,0.75,0.0,1500.0,0.0,6.3
1585.5,2026-05-05T23:13:25.873197+00:00,73.4363,0.0741,96.3651,-0.0927,0.75,0.0,1500.0,0.0,6.3
1586.0,2026-05-05T23:13:26.373217+00:00,73.5205,0.1206,96.3963,-0.0713,0.75,0.0,1500.0,0.0,6.3
1586.5,2026-05-05T23:13:26.873335+00:00,73.7124,0.1563,96.2815,-0.0239,0.75,0.0,1500.0,0.0,6.3
1587.0,2026-05-05T23:13:27.373442+00:00,73.6054,0.0565,96.332,-0.0878,0.75,0.0,1500.0,0.0,6.3
1587.5,2026-05-05T23:13:27.878037+00:00,73.6505,0.1071,96.3709,0.0482,0.75,0.0,1500.0,0.0,6.3
1588.0,2026-05-05T23:13:28.373275+00:00,73.6851,0.0823,96.4008,0.0756,0.75,0.0,1500.0,0.0,6.3
1588.5,2026-05-05T23:13:28.873199+00:00,73.5844,-0.064,96.2849,-0.0267,0.75,0.0,1500.0,0.0,6.3
1589.0,2026-05-05T23:13:29.373227+00:00,73.6343,0.0144,96.3347,-0.0205,0.75,0.0,1500.0,0.0,6.3
1589.5,2026-05-05T23:13:29.873448+00:00,73.6726,0.0111,96.1415,-0.0466,0.75,0.0,1500.0,0.0,6.3
1590.0,2026-05-05T23:13:30.378826+00:00,73.3203,-0.1824,96.1088,-0.0744,0.75,0.0,1500.0,0.0,6.3
1590.5,2026-05-05T23:13:30.873210+00:00,73.4313,-0.0765,96.0836,-0.0958,0.75,0.0,1500.0,0.0,6.3
1591.0,2026-05-05T23:13:31.373546+00:00,73.3893,-0.1225,96.2957,-0.035,0.75,0.0,1500.0,0.0,6.3
1591.5,2026-05-05T23:13:31.873230+00:00,73.4844,-0.0941,96.2272,-0.0192,0.75,0.0,1500.0,0.0,6.3
1592.0,2026-05-05T23:13:32.373203+00:00,73.6847,0.1822,96.2904,-0.0148,0.75,0.0,1500.0,0.0,6.3
1592.5,2026-05-05T23:13:32.883147+00:00,73.8386,0.2037,96.4546,0.1043,0.75,0.0,1500.0,0.0,6.3
1593.0,2026-05-05T23:13:33.373241+00:00,73.8297,0.2202,96.4651,0.1188,0.75,0.0,1500.0,0.0,6.3
1593.5,2026-05-05T23:13:33.873231+00:00,73.5683,0.042,96.5889,0.1684,0.75,0.0,1500.0,0.0,6.3
1594.0,2026-05-05T23:13:34.373333+00:00,73.6219,-0.0314,96.5683,0.0909,0.75,0.0,1500.0,0.0,6.3
1594.5,2026-05-05T23:13:34.873222+00:00,73.5358,-0.1514,96.3211,0.0313,0.75,0.0,1500.0,0.0,6.3
1595.0,2026-05-05T23:13:35.378387+00:00,73.3424,-0.2436,96.3856,0.0318,0.75,0.0,1500.0,0.0,6.3
1595.5,2026-05-05T23:13:35.873643+00:00,73.321,-0.1236,96.5278,0.0244,0.75,0.0,1500.0,0.0,6.3
1596.0,2026-05-05T23:13:36.373232+00:00,73.4319,-0.095,96.4982,0.011,0.75,0.0,1500.0,0.0,6.3
1596.5,2026-05-05T23:13:36.873219+00:00,73.6443,0.0542,96.5912,0.0008,0.75,0.0,1500.0,0.0,6.3
1597.0,2026-05-05T23:13:37.373222+00:00,73.6803,0.169,96.4544,-0.038,0.75,0.0,1500.0,0.0,6.3
1597.5,2026-05-05T23:13:37.879977+00:00,73.5808,0.1299,96.4418,0.0402,0.75,0.0,1500.0,0.0,6.3
1598.0,2026-05-05T23:13:38.373330+00:00,73.5042,0.0362,96.571,0.0618,0.75,0.0,1500.0,0.0,6.3
1598.5,2026-05-05T23:13:38.873311+00:00,73.5727,-0.0358,96.5545,0.0089,0.75,0.0,1500.0,0.0,6.3
1599.0,2026-05-05T23:13:39.373190+00:00,73.498,-0.0912,96.2874,-0.0703,0.75,0.0,1500.0,0.0,6.3
1599.5,2026-05-05T23:13:39.873274+00:00,73.5679,-0.0064,96.568,-0.0077,0.75,0.0,1500.0,0.0,6.3
1600.0,2026-05-05T23:13:40.380253+00:00,73.7489,0.1223,96.5523,0.0326,0.75,0.0,1500.0,0.0,6.3
1600.5,2026-05-05T23:13:40.873247+00:00,73.6334,0.0304,96.3088,-0.0443,0.75,0.0,1500.0,0.0,6.3
1601.0,2026-05-05T23:13:41.373185+00:00,73.5447,0.0234,96.5613,-0.0032,0.75,0.0,1500.0,0.0,6.3
1601.5,2026-05-05T23:13:41.873206+00:00,73.6038,0.0179,96.7785,0.0746,0.75,0.0,1500.0,0.0,6.3
1602.0,2026-05-05T23:13:42.373220+00:00,73.5219,-0.1135,96.6909,0.1345,0.75,0.0,1500.0,0.0,6.3
1602.5,2026-05-05T23:13:42.882145+00:00,73.3317,-0.1509,96.7624,0.0648,0.75,0.0,1500.0,0.0,6.3
1603.0,2026-05-05T23:13:43.373407+00:00,73.4401,-0.0523,96.8174,0.0884,0.75,0.0,1500.0,0.0,6.3
1603.5,2026-05-05T23:13:43.873228+00:00,73.3961,-0.1038,96.6514,0.1142,0.75,0.0,1500.0,0.0,6.3
1604.0,2026-05-05T23:13:44.373203+00:00,73.4896,-0.0162,96.7321,0.0569,0.75,0.0,1500.0,0.0,6.3
1604.5,2026-05-05T23:13:44.873519+00:00,73.5614,0.1148,96.6784,-0.0334,0.75,0.0,1500.0,0.0,6.3
1605.0,2026-05-05T23:13:45.383005+00:00,73.6166,0.0883,96.4983,-0.0642,0.75,0.0,1500.0,0.0,6.2488
1605.5,2026-05-05T23:13:45.873319+00:00,73.5318,0.0678,96.5912,-0.0571,0.75,0.0,1500.0,0.0,6.275
1606.0,2026-05-05T23:13:46.373204+00:00,73.4666,-0.0115,96.5701,-0.0824,0.75,0.0,1500.0,0.0,6.2878
1606.5,2026-05-05T23:13:46.873189+00:00,73.5437,-0.0088,96.577,-0.0248,0.75,0.0,1500.0,0.0,6.294
1607.0,2026-05-05T23:13:47.373361+00:00,73.603,-0.0068,96.5592,-0.0576,0.75,0.0,1500.0,0.0,6.2971
1607.5,2026-05-05T23:13:47.983812+00:00,73.6486,0.0584,96.7769,0.0328,0.75,0.0,1500.0,0.0,6.2986
1608.0,2026-05-05T23:13:48.373252+00:00,73.5564,0.0449,96.8285,0.1101,0.75,0.0,1500.0,0.0,6.2993
1608.5,2026-05-05T23:13:48.873212+00:00,73.3582,-0.0928,96.8682,0.0923,0.75,0.0,1500.0,0.0,6.2997
1609.0,2026-05-05T23:13:49.373550+00:00,73.2059,-0.1986,96.8987,0.1095,0.75,0.0,1500.0,0.0,6.2998
1609.5,2026-05-05T23:13:49.873244+00:00,73.3434,-0.1526,96.9221,0.115,0.75,0.0,1500.0,0.0,6.2999
1610.0,2026-05-05T23:13:50.378446+00:00,73.1945,-0.1809,96.8245,0.0884,0.75,0.0,1500.0,0.0,6.3
1610.500725,2026-05-05T23:13:50.873955+00:00,73.2073,-0.0754,96.7494,-0.0092,0.75,0.0,1500.0,0.0,6.3
1611.0,2026-05-05T23:13:51.373323+00:00,73.3445,0.0693,96.8074,-0.0071,0.75,0.0,1500.0,0.0,6.3
1611.5,2026-05-05T23:13:51.873198+00:00,73.3226,-0.0104,96.7362,-0.044,0.75,0.0,1500.0,0.0,6.3
1612.001138,2026-05-05T23:13:52.374522+00:00,73.4331,0.1193,96.5427,-0.1187,0.75,0.0,1500.0,0.0,6.3
1612.5,2026-05-05T23:13:52.878127+00:00,73.518,0.1553,96.6485,-0.0912,0.75,0.0,1500.0,0.0,6.3
1613.0,2026-05-05T23:13:53.373353+00:00,73.456,0.0557,96.7299,-0.0315,0.75,0.0,1500.0,0.0,6.3
1613.5,2026-05-05T23:13:53.873243+00:00,73.4083,0.0428,96.5378,-0.0705,0.75,0.0,1500.0,0.0,6.3
1614.0,2026-05-05T23:13:54.373206+00:00,73.3717,-0.0307,96.4134,-0.1313,0.75,0.0,1500.0,0.0,6.3
1614.5,2026-05-05T23:13:54.873203+00:00,73.3435,-0.0872,96.4334,-0.1009,0.75,0.0,1500.0,0.0,6.3
1615.0,2026-05-05T23:13:55.380110+00:00,73.0673,-0.1943,96.4488,-0.0313,0.75,0.0,1500.0,0.0,6.3
1615.5,2026-05-05T23:13:55.873210+00:00,73.2369,-0.0857,96.345,-0.1012,0.75,0.0,1500.0,0.0,6.3
1616.0,2026-05-05T23:13:56.373209+00:00,73.2399,-0.0659,96.3808,-0.1163,0.75,0.0,1500.0,0.0,6.3
1616.5,2026-05-05T23:13:56.873235+00:00,73.3695,0.013,96.501,-0.0123,0.75,0.0,1500.0,0.0,6.3
1617.0,2026-05-05T23:13:57.373203+00:00,73.3419,0.1373,96.3851,-0.0094,0.75,0.0,1500.0,0.0,6.3
1617.5,2026-05-05T23:13:57.879724+00:00,73.4479,0.1055,96.4117,-0.0073,0.75,0.0,1500.0,0.0,6.3
1618.0,2026-05-05T23:13:58.373239+00:00,73.5294,0.1447,96.3164,-0.0441,0.75,0.0,1500.0,0.0,6.3
1618.5,2026-05-05T23:13:58.873433+00:00,73.4647,0.0476,96.382,0.0123,0.75,0.0,1500.0,0.0,6.3
1619.0,2026-05-05T23:13:59.373213+00:00,73.2878,-0.0271,96.525,0.0481,0.75,0.0,1500.0,0.0,6.3
1619.500933,2026-05-05T23:13:59.874183+00:00,73.279,-0.0844,96.3804,-0.0402,0.75,0.0,1500.0,0.0,6.3
1620.0,2026-05-05T23:14:00.380863+00:00,73.0178,-0.2558,96.4081,0.0077,0.75,0.0,1500.0,0.0,6.3
1620.5,2026-05-05T23:14:00.873192+00:00,73.0715,-0.1966,96.4062,-0.0018,0.75,0.0,1500.0,0.0,6.3
1621.0,2026-05-05T23:14:01.373225+00:00,72.9855,-0.1511,96.3122,-0.0014,0.75,0.0,1500.0,0.0,6.3
1621.5,2026-05-05T23:14:01.873206+00:00,73.0467,-0.1161,96.4714,0.0298,0.75,0.0,1500.0,0.0,6.3
1622.0,2026-05-05T23:14:02.373195+00:00,73.221,0.1016,96.6862,0.0537,0.75,0.0,1500.0,0.0,6.3
1622.50069,2026-05-05T23:14:02.880330+00:00,73.2277,0.0781,96.62,0.0799,0.75,0.0,1500.0,0.0,6.3
1623.0,2026-05-05T23:14:03.373225+00:00,73.4874,0.2509,96.4765,0.0228,0.75,0.0,1500.0,0.0,6.3
1623.5,2026-05-05T23:14:03.873254+00:00,73.4325,0.1929,96.7134,0.1024,0.75,0.0,1500.0,0.0,6.3
1624.000451,2026-05-05T23:14:04.373670+00:00,73.3903,0.0846,96.664,0.1173,0.75,0.0,1500.0,0.0,6.3
1624.5,2026-05-05T23:14:04.873201+00:00,73.3578,0.065,96.4872,0.0053,0.75,0.0,1500.0,0.0,6.3
1625.0,2026-05-05T23:14:05.377727+00:00,73.5874,0.05,96.4902,-0.0654,0.75,0.0,1500.0,0.0,6.3
1625.5,2026-05-05T23:14:05.873214+00:00,73.6366,0.1021,96.585,-0.0117,0.75,0.0,1500.0,0.0,6.3
1626.0,2026-05-05T23:14:06.373184+00:00,73.5471,0.0784,96.681,0.0682,0.75,0.0,1500.0,0.0,6.3
1626.5,2026-05-05T23:14:06.873294+00:00,73.6056,0.1239,96.7548,0.0138,0.75,0.0,1500.0,0.0,6.3
1627.000501,2026-05-05T23:14:07.373682+00:00,73.7779,0.0952,96.8116,0.0492,0.75,0.0,1500.0,0.0,6.3
1627.5,2026-05-05T23:14:07.879705+00:00,73.783,0.0732,96.8552,0.1227,0.75,0.0,1500.0,0.0,6.3
1628.0,2026-05-05T23:14:08.373444+00:00,73.7869,0.1199,97.0044,0.1714,0.75,0.0,1500.0,0.0,6.3
1628.5,2026-05-05T23:14:08.873580+00:00,73.5354,-0.0351,96.8877,0.1009,0.75,0.0,1500.0,0.0,6.3
1629.0,2026-05-05T23:14:09.373209+00:00,73.4694,-0.1543,96.9137,0.0775,0.75,0.0,1500.0,0.0,6.3
1629.5,2026-05-05T23:14:09.873345+00:00,73.4186,-0.1822,96.9336,0.0596,0.75,0.0,1500.0,0.0,6.3
1630.0,2026-05-05T23:14:10.379333+00:00,73.3796,-0.2037,96.949,0.0458,0.75,0.0,1500.0,0.0,6.3
1630.5,2026-05-05T23:14:10.873192+00:00,73.4769,-0.0293,96.9608,0.0352,0.75,0.0,1500.0,0.0,6.3
1631.0,2026-05-05T23:14:11.373497+00:00,73.5516,0.0411,96.9699,-0.0115,0.75,0.0,1500.0,0.0,6.3
1631.5,2026-05-05T23:14:11.873252+00:00,73.4818,0.0316,97.0925,0.0683,0.75,0.0,1500.0,0.0,6.3
1632.0,2026-05-05T23:14:12.373488+00:00,73.4282,0.0243,97.1868,0.0911,0.75,0.0,1500.0,0.0,6.3
1632.500881,2026-05-05T23:14:12.879852+00:00,73.5142,0.0187,97.051,0.0391,0.75,0.0,1500.0,0.0,6.3
1633.0,2026-05-05T23:14:13.373198+00:00,73.7076,0.078,97.1549,0.0686,0.75,0.0,1500.0,0.0,6.3
1633.5,2026-05-05T23:14:13.873382+00:00,73.729,0.1236,97.2348,0.0913,0.75,0.0,1500.0,0.0,6.3
1634.0,2026-05-05T23:14:14.373201+00:00,73.7454,0.1586,97.0879,0.0393,0.75,0.0,1500.0,0.0,6.3
1634.5,2026-05-05T23:14:14.873369+00:00,73.7581,0.1219,97.1833,0.0302,0.75,0.0,1500.0,0.0,6.3
1635.0,2026-05-05T23:14:15.380655+00:00,73.6405,-0.0336,97.1408,-0.0153,0.75,0.0,1500.0,0.0,6.3
1635.5,2026-05-05T23:14:15.873246+00:00,73.4229,-0.1531,96.9926,-0.0195,0.75,0.0,1500.0,0.0,6.3
1636.0,2026-05-05T23:14:16.373189+00:00,73.5101,-0.1176,96.9943,-0.0535,0.75,0.0,1500.0,0.0,6.3
1636.5,2026-05-05T23:14:16.873232+00:00,73.3227,-0.2177,96.8799,-0.1183,0.75,0.0,1500.0,0.0,6.3
1637.0,2026-05-05T23:14:17.373206+00:00,73.4331,-0.1037,96.9077,-0.0601,0.75,0.0,1500.0,0.0,6.3
1637.5,2026-05-05T23:14:17.877912+00:00,73.3907,-0.0161,97.0448,-0.0462,0.75,0.0,1500.0,0.0,6.3
1638.0,2026-05-05T23:14:18.373346+00:00,73.4854,-0.0123,97.1501,0.0031,0.75,0.0,1500.0,0.0,6.3
1638.5,2026-05-05T23:14:18.873231+00:00,73.1764,-0.0731,96.8608,-0.0439,0.75,0.0,1500.0,0.0,6.3
1639.0,2026-05-05T23:14:19.373197+00:00,73.1935,-0.1198,97.1244,0.0434,0.75,0.0,1500.0,0.0,6.3
1639.5,2026-05-05T23:14:19.873229+00:00,73.0793,-0.1557,96.9799,0.0333,0.75,0.0,1500.0,0.0,6.3
1640.0,2026-05-05T23:14:20.383083+00:00,73.1188,-0.1833,96.9846,0.0256,0.75,0.0,1500.0,0.0,6.3
1640.5,2026-05-05T23:14:20.873674+00:00,73.1491,-0.0136,96.8493,-0.0651,0.75,0.0,1500.0,0.0,6.3
1641.000119,2026-05-05T23:14:21.373938+00:00,73.427,0.1168,96.7685,-0.1272,0.75,0.0,1500.0,0.0,6.3
1641.5,2026-05-05T23:14:21.873189+00:00,73.3861,0.1534,96.8221,-0.0129,0.75,0.0,1500.0,0.0,6.3
1642.0,2026-05-05T23:14:22.373251+00:00,73.4818,0.1815,96.9558,-0.0562,0.75,0.0,1500.0,0.0,6.3
1642.5,2026-05-05T23:14:22.882912+00:00,73.4282,0.1395,96.6189,-0.1203,0.75,0.0,1500.0,0.0,6.3
1643.0,2026-05-05T23:14:23.373237+00:00,73.387,-0.02,96.5914,-0.1311,0.75,0.0,1500.0,0.0,6.3
1643.5,2026-05-05T23:14:23.873234+00:00,73.3553,-0.0154,96.686,-0.0545,0.75,0.0,1500.0,0.0,6.3
1644.000725,2026-05-05T23:14:24.373989+00:00,73.4582,-0.0118,96.5272,-0.0804,0.75,0.0,1500.0,0.0,6.3
1644.5,2026-05-05T23:14:24.873208+00:00,73.41,-0.0091,96.5209,-0.1004,0.75,0.0,1500.0,0.0,6.3
1645.0,2026-05-05T23:14:25.383017+00:00,73.5003,0.0566,96.5161,-0.1466,0.75,0.0,1500.0,0.0,6.3
1645.5,2026-05-05T23:14:25.873727+00:00,73.4423,0.0435,96.4198,-0.0664,0.75,0.0,1500.0,0.0,6.3
1646.0,2026-05-05T23:14:26.373207+00:00,73.6524,0.0971,96.4152,-0.0587,0.75,0.0,1500.0,0.0,6.3
1646.5,2026-05-05T23:14:26.873202+00:00,73.432,0.011,96.6662,-0.0066,0.75,0.0,1500.0,0.0,6.3
1647.0,2026-05-05T23:14:27.373215+00:00,73.3899,-0.0552,96.6046,0.0258,0.75,0.0,1500.0,0.0,6.3
1647.5,2026-05-05T23:14:27.877850+00:00,73.3575,-0.0424,96.5804,0.0198,0.75,0.0,1500.0,0.0,6.3
1648.0,2026-05-05T23:14:28.373232+00:00,73.5872,-0.0326,96.423,-0.031,0.75,0.0,1500.0,0.0,6.3
1648.500738,2026-05-05T23:14:28.873961+00:00,73.6364,0.1022,96.4408,0.007,0.75,0.0,1500.0,0.0,6.3
1649.0,2026-05-05T23:14:29.373191+00:00,73.547,0.0786,96.4545,0.0131,0.75,0.0,1500.0,0.0,6.3
1649.5,2026-05-05T23:14:29.873208+00:00,73.6055,0.124,96.6964,0.0101,0.75,0.0,1500.0,0.0,6.3
1650.0,2026-05-05T23:14:30.382769+00:00,73.6505,0.0317,96.651,0.0154,0.75,0.0,1500.0,0.0,6.3
1650.5,2026-05-05T23:14:30.873406+00:00,73.6851,0.0244,96.616,0.0119,0.75,0.0,1500.0,0.0,6.3
1651.0,2026-05-05T23:14:31.373214+00:00,73.839,0.146,96.7049,0.094,0.75,0.0,1500.0,0.0,6.3
1651.500943,2026-05-05T23:14:31.874182+00:00,73.83,0.1122,96.5418,0.0337,0.75,0.0,1500.0,0.0,6.3
1652.0,2026-05-05T23:14:32.373180+00:00,73.6958,0.0226,96.6478,0.0644,0.75,0.0,1500.0,0.0,6.3
1652.5,2026-05-05T23:14:32.879332+00:00,73.7199,0.0174,96.7293,0.011,0.75,0.0,1500.0,0.0,6.3
1653.0,2026-05-05T23:14:33.373189+00:00,73.8657,0.0134,96.5374,-0.0379,0.75,0.0,1500.0,0.0,6.3
1653.5,2026-05-05T23:14:33.873510+00:00,73.8505,0.0103,96.3899,-0.0754,0.75,0.0,1500.0,0.0,6.3
1654.0,2026-05-05T23:14:34.373411+00:00,73.8388,0.0715,96.5311,-0.0579,0.75,0.0,1500.0,0.0,6.3
1654.5,2026-05-05T23:14:34.873268+00:00,73.7026,-0.0087,96.5239,-0.006,0.75,0.0,1500.0,0.0,6.3
1655.0,2026-05-05T23:14:35.378301+00:00,73.7251,-0.0703,96.5184,-0.0431,0.75,0.0,1500.0,0.0,6.3
1655.5,2026-05-05T23:14:35.873294+00:00,73.7424,-0.054,96.5141,-0.0717,0.75,0.0,1500.0,0.0,6.3
1656.0,2026-05-05T23:14:36.373261+00:00,73.5012,-0.1688,96.4877,-0.0166,0.75,0.0,1500.0,0.0,6.3
1656.5,2026-05-05T23:14:36.873360+00:00,73.8249,0.0612,96.722,0.1107,0.75,0.0,1500.0,0.0,6.3
1657.0,2026-05-05T23:14:37.373220+00:00,73.9464,0.1106,96.5549,0.0079,0.75,0.0,1500.0,0.0,6.3
1657.5,2026-05-05T23:14:37.882688+00:00,73.7853,0.0214,96.5422,0.0061,0.75,0.0,1500.0,0.0,6.3
1658.0,2026-05-05T23:14:38.373258+00:00,73.5341,0.0165,96.625,0.0355,0.75,0.0,1500.0,0.0,6.3
1658.5,2026-05-05T23:14:38.873421+00:00,73.5957,-0.1146,96.4804,-0.0112,0.75,0.0,1500.0,0.0,6.3
1659.0,2026-05-05T23:14:39.373212+00:00,73.7702,-0.0881,96.4849,-0.0009,0.75,0.0,1500.0,0.0,6.3
1659.5,2026-05-05T23:14:39.873508+00:00,73.3953,-0.195,96.7198,-0.0007,0.75,0.0,1500.0,0.0,6.3
1660.0,2026-05-05T23:14:40.379926+00:00,73.3617,-0.0862,96.7615,0.0689,0.75,0.0,1500.0,0.0,6.3
1660.502003,2026-05-05T23:14:40.875248+00:00,73.4631,-0.0663,96.6778,0.0452,0.75,0.0,1500.0,0.0,6.3
1661.0,2026-05-05T23:14:41.373390+00:00,73.5411,-0.1146,96.7524,0.0425,0.75,0.0,1500.0,0.0,6.3
1661.5,2026-05-05T23:14:41.873476+00:00,73.4737,0.0392,96.9254,0.1483,0.75,0.0,1500.0,0.0,6.3
1662.0,2026-05-05T23:14:42.373226+00:00,73.4219,0.0301,96.7113,0.0754,0.75,0.0,1500.0,0.0,6.3
1662.5,2026-05-05T23:14:42.881635+00:00,73.3822,-0.0405,96.5235,-0.0654,0.75,0.0,1500.0,0.0,6.3
1663.0,2026-05-05T23:14:43.373396+00:00,73.3516,-0.0947,96.6338,-0.0426,0.75,0.0,1500.0,0.0,6.3512
1663.500922,2026-05-05T23:14:43.874157+00:00,73.2008,-0.1365,96.4871,-0.0636,0.75,0.0,1500.0,0.0,6.3762
1664.0,2026-05-05T23:14:44.373414+00:00,73.3395,-0.0412,96.6058,-0.0489,0.75,0.0,1500.0,0.0,6.3884
1664.5,2026-05-05T23:14:44.873216+00:00,73.446,0.0319,96.6045,-0.107,0.75,0.0,1500.0,0.0,6.3943
1665.0,2026-05-05T23:14:45.380684+00:00,73.5279,0.0882,96.4415,-0.0899,0.75,0.0,1500.0,0.0,6.346
1665.5,2026-05-05T23:14:45.873326+00:00,73.4636,0.1314,96.5476,0.008,0.75,0.0,1500.0,0.0,6.3737
1666.0,2026-05-05T23:14:46.373223+00:00,73.5415,0.101,96.6523,0.0062,0.75,0.0,1500.0,0.0,6.3359
1666.5,2026-05-05T23:14:46.873345+00:00,73.474,0.014,96.5013,0.0047,0.75,0.0,1500.0,0.0,6.3175
1667.0,2026-05-05T23:14:47.373274+00:00,73.4222,-0.0529,96.501,-0.0349,0.75,0.0,1500.0,0.0,6.3086
1667.5,2026-05-05T23:14:47.878053+00:00,73.3823,-0.0406,96.6165,0.004,0.75,0.0,1500.0,0.0,6.3042
1668.0,2026-05-05T23:14:48.373272+00:00,73.6063,0.0324,96.7052,0.0879,0.75,0.0,1500.0,0.0,6.302
1668.5,2026-05-05T23:14:48.873204+00:00,73.5238,0.0249,96.6346,0.029,0.75,0.0,1500.0,0.0,6.301
1669.0,2026-05-05T23:14:49.373250+00:00,73.4605,0.0191,96.696,0.0146,0.75,0.0,1500.0,0.0,6.3005
1669.500901,2026-05-05T23:14:49.874154+00:00,73.4118,0.0147,96.535,0.0112,0.75,0.0,1500.0,0.0,6.3002
1670.0,2026-05-05T23:14:50.478658+00:00,73.5016,-0.0523,96.6426,0.0472,0.75,0.0,1500.0,0.0,6.3001
1670.5,2026-05-05T23:14:50.873419+00:00,73.6979,0.087,96.841,0.0748,0.75,0.0,1500.0,0.0,6.3001
1671.0,2026-05-05T23:14:51.373203+00:00,73.7215,0.1305,96.7389,0.0112,0.75,0.0,1500.0,0.0,6.3
1671.5,2026-05-05T23:14:51.873202+00:00,73.6124,0.1003,96.7068,0.0241,0.75,0.0,1500.0,0.0,6.3
1672.0,2026-05-05T23:14:52.373256+00:00,73.7831,0.1408,96.7746,0.0262,0.75,0.0,1500.0,0.0,6.3
1672.5,2026-05-05T23:14:52.880480+00:00,73.6597,-0.0191,96.6879,0.051,0.75,0.0,1500.0,0.0,6.3
1673.0,2026-05-05T23:14:53.373234+00:00,73.5649,-0.0783,96.5288,-0.0379,0.75,0.0,1500.0,0.0,6.3
1673.5,2026-05-05T23:14:53.873269+00:00,73.6193,0.0034,96.6378,-0.0677,0.75,0.0,1500.0,0.0,6.3
1674.0,2026-05-05T23:14:54.373214+00:00,73.6611,-0.061,96.6059,-0.0443,0.75,0.0,1500.0,0.0,6.3
1674.5,2026-05-05T23:14:54.873180+00:00,73.6933,0.0168,96.6971,-0.0032,0.75,0.0,1500.0,0.0,6.3
1675.0,2026-05-05T23:14:55.379189+00:00,73.718,0.0765,96.8829,0.0361,0.75,0.0,1500.0,0.0,6.3
1675.5,2026-05-05T23:14:55.873184+00:00,73.6097,-0.0048,96.7712,0.0277,0.75,0.0,1500.0,0.0,6.3
1676.0,2026-05-05T23:14:56.373213+00:00,73.6537,-0.0037,96.9398,0.137,0.75,0.0,1500.0,0.0,6.3
1676.5,2026-05-05T23:14:56.873451+00:00,73.8148,0.0608,97.0694,0.1439,0.75,0.0,1500.0,0.0,6.3
1677.0,2026-05-05T23:14:57.373215+00:00,73.8114,0.0467,97.0534,0.1492,0.75,0.0,1500.0,0.0,6.3
1677.5,2026-05-05T23:14:57.880418+00:00,73.6815,0.0359,97.041,0.1146,0.75,0.0,1500.0,0.0,6.3
1678.0,2026-05-05T23:14:58.373509+00:00,73.8362,0.0912,97.0084,0.0418,0.75,0.0,1500.0,0.0,6.3
1678.5,2026-05-05T23:14:58.873195+00:00,73.7005,-0.0571,96.775,0.0013,0.75,0.0,1500.0,0.0,6.3
1679.0,2026-05-05T23:14:59.373617+00:00,73.5963,-0.1076,96.8271,-0.0376,0.75,0.0,1500.0,0.0,6.3
1679.500685,2026-05-05T23:14:59.873920+00:00,73.5162,-0.0827,96.8671,-0.0674,0.75,0.0,1500.0,0.0,6.3
1680.0,2026-05-05T23:15:00.378088+00:00,73.5818,-0.1272,97.0136,-0.0133,0.75,0.0,1500.0,0.0,6.3
1680.5,2026-05-05T23:15:00.873405+00:00,73.3778,-0.1614,96.8716,-0.0565,0.75,0.0,1500.0,0.0,6.3
1681.000953,2026-05-05T23:15:01.374170+00:00,73.6028,0.0032,96.9013,-0.0357,0.75,0.0,1500.0,0.0,6.3
1681.5,2026-05-05T23:15:01.873184+00:00,73.6484,0.0661,97.0398,0.0883,0.75,0.0,1500.0,0.0,6.3
1682.0,2026-05-05T23:15:02.373399+00:00,73.5562,-0.0128,97.1463,0.1064,0.75,0.0,1500.0,0.0,6.3
1682.5,2026-05-05T23:15:02.878049+00:00,73.6126,0.1174,96.9736,0.0355,0.75,0.0,1500.0,0.0,6.3
1683.0,2026-05-05T23:15:03.373242+00:00,73.656,0.0266,96.8872,-0.0421,0.75,0.0,1500.0,0.0,6.3
1683.5,2026-05-05T23:15:03.873579+00:00,73.4348,-0.1068,97.0058,0.0448,0.75,0.0,1500.0,0.0,6.3
1684.0,2026-05-05T23:15:04.373233+00:00,73.392,-0.0821,97.0045,0.0344,0.75,0.0,1500.0,0.0,6.3
1684.5,2026-05-05T23:15:04.873214+00:00,73.3591,-0.1267,97.0034,-0.0121,0.75,0.0,1500.0,0.0,6.3
1685.0,2026-05-05T23:15:05.380996+00:00,73.4612,-0.0974,96.8638,-0.0942,0.75,0.0,1500.0,0.0,6.3
1685.5,2026-05-05T23:15:05.873201+00:00,73.285,-0.0749,96.7796,-0.0647,0.75,0.0,1500.0,0.0,6.3
1686.0,2026-05-05T23:15:06.373234+00:00,73.4042,0.0061,96.8306,-0.0188,0.75,0.0,1500.0,0.0,6.3
1686.5,2026-05-05T23:15:06.873695+00:00,73.3685,0.0047,96.7773,-0.0762,0.75,0.0,1500.0,0.0,6.3
1687.0,2026-05-05T23:15:07.373186+00:00,73.5956,0.0672,96.7131,-0.0971,0.75,0.0,1500.0,0.0,6.3
1687.5,2026-05-05T23:15:07.878280+00:00,73.5157,0.1153,96.8952,-0.0361,0.75,0.0,1500.0,0.0,6.3
1688.0,2026-05-05T23:15:08.373968+00:00,73.7087,0.1523,96.9194,0.0185,0.75,0.0,1500.0,0.0,6.3
1688.5,2026-05-05T23:15:08.873193+00:00,73.6026,0.117,96.9149,0.0451,0.75,0.0,1500.0,0.0,6.3
1689.0,2026-05-05T23:15:09.373402+00:00,73.6483,0.0263,96.9346,0.0347,0.75,0.0,1500.0,0.0,6.3
1689.5,2026-05-05T23:15:09.873258+00:00,73.6834,0.0839,96.8341,0.0189,0.75,0.0,1500.0,0.0,6.3
1690.0,2026-05-05T23:15:10.379346+00:00,73.8376,0.0645,96.9882,0.0917,0.75,0.0,1500.0,0.0,6.3
1690.5,2026-05-05T23:15:10.873224+00:00,73.8289,0.1132,97.1066,0.0705,0.75,0.0,1500.0,0.0,6.3
1691.0,2026-05-05T23:15:11.373179+00:00,73.8222,0.087,97.0819,0.0542,0.75,0.0,1500.0,0.0,6.3
1691.5,2026-05-05T23:15:11.873193+00:00,73.8171,0.0669,97.1787,0.0879,0.75,0.0,1500.0,0.0,6.3
1692.00103,2026-05-05T23:15:12.374250+00:00,73.8131,-0.0122,97.253,0.1061,0.75,0.0,1500.0,0.0,6.3
1692.5,2026-05-05T23:15:12.878693+00:00,73.8101,-0.0094,97.3102,0.1587,0.75,0.0,1500.0,0.0,6.3
1693.0,2026-05-05T23:15:13.373220+00:00,73.935,0.0564,97.331,0.1143,0.75,0.0,1500.0,0.0,6.3
1693.5,2026-05-05T23:15:13.873260+00:00,73.7765,-0.0203,97.023,-0.0279,0.75,0.0,1500.0,0.0,6.3
1694.0,2026-05-05T23:15:14.373199+00:00,73.7819,-0.0156,97.1334,0.0171,0.75,0.0,1500.0,0.0,6.2488
1694.5,2026-05-05T23:15:14.873317+00:00,73.5316,-0.1393,96.9637,-0.0717,0.75,0.0,1500.0,0.0,6.2238
1695.0,2026-05-05T23:15:15.379427+00:00,73.721,-0.107,96.8564,-0.1322,0.75,0.0,1500.0,0.0,6.2116
1695.5,2026-05-05T23:15:15.873222+00:00,73.4847,-0.1459,96.7508,-0.1865,0.75,0.0,1500.0,0.0,6.2569
1696.0,2026-05-05T23:15:16.373209+00:00,73.5577,-0.1121,96.6927,-0.2127,0.75,0.0,1500.0,0.0,6.279
1696.500928,2026-05-05T23:15:16.874183+00:00,73.6137,0.0411,96.3936,-0.2098,0.75,0.0,1500.0,0.0,6.2897
1697.0,2026-05-05T23:15:17.373235+00:00,73.5296,-0.0957,96.3951,-0.2461,0.75,0.0,1500.0,0.0,6.295
1697.5,2026-05-05T23:15:17.883014+00:00,73.5922,0.0537,96.5351,-0.1429,0.75,0.0,1500.0,0.0,6.2976
1698.0,2026-05-05T23:15:18.373268+00:00,73.6402,0.0413,96.4344,-0.1407,0.75,0.0,1500.0,0.0,6.2988
1698.5,2026-05-05T23:15:18.873246+00:00,73.5499,-0.0319,96.5421,-0.0695,0.75,0.0,1500.0,0.0,6.2994
1699.0,2026-05-05T23:15:19.373475+00:00,73.6078,0.0391,96.7638,0.0237,0.75,0.0,1500.0,0.0,6.2997
1699.5,2026-05-05T23:15:19.873195+00:00,73.525,-0.0336,96.6796,0.0953,0.75,0.0,1500.0,0.0,6.2999
1700.0,2026-05-05T23:15:20.379002+00:00,73.4614,-0.0894,96.4992,0.0347,0.75,0.0,1500.0,0.0,6.2999
1700.5,2026-05-05T23:15:20.873300+00:00,73.5397,-0.0051,96.6151,0.0267,0.75,0.0,1500.0,0.0,6.3
1701.0,2026-05-05T23:15:21.373233+00:00,73.6,-0.0039,96.4728,0.0128,0.75,0.0,1500.0,0.0,6.3
1701.5,2026-05-05T23:15:21.873189+00:00,73.6462,0.0606,96.4791,-0.021,0.75,0.0,1500.0,0.0,6.3
1702.0,2026-05-05T23:15:22.373449+00:00,73.6818,0.1102,96.5996,-0.0547,0.75,0.0,1500.0,0.0,6.3
1702.500496,2026-05-05T23:15:22.879102+00:00,73.7092,0.0847,96.6923,0.0042,0.75,0.0,1500.0,0.0,6.3
1703.0,2026-05-05T23:15:23.373315+00:00,73.7302,0.0651,96.8792,0.1267,0.75,0.0,1500.0,0.0,6.3
1703.5,2026-05-05T23:15:23.873337+00:00,73.7463,0.05,97.0228,0.1359,0.75,0.0,1500.0,0.0,6.3
1704.0,2026-05-05T23:15:24.373178+00:00,73.6315,-0.0252,96.7861,0.1045,0.75,0.0,1500.0,0.0,6.3
1704.5,2026-05-05T23:15:24.873403+00:00,73.6705,-0.0193,96.8356,0.1189,0.75,0.0,1500.0,0.0,6.3
1705.0,2026-05-05T23:15:25.380527+00:00,73.7005,-0.0149,96.6654,0.0219,0.75,0.0,1500.0,0.0,6.3
1705.5,2026-05-05T23:15:25.873262+00:00,73.5962,-0.0751,96.5114,-0.0603,0.75,0.0,1500.0,0.0,6.3
1706.0,2026-05-05T23:15:26.373193+00:00,73.7706,0.0696,96.6245,-0.0849,0.75,0.0,1500.0,0.0,6.3
1706.5,2026-05-05T23:15:26.873396+00:00,73.6502,-0.0102,96.48,-0.1809,0.75,0.0,1500.0,0.0,6.3
1707.0,2026-05-05T23:15:27.373230+00:00,73.8121,0.0558,96.3689,-0.1391,0.75,0.0,1500.0,0.0,6.3
1707.5,2026-05-05T23:15:27.879429+00:00,73.9366,0.1702,96.3761,-0.1532,0.75,0.0,1500.0,0.0,6.3
1708.0,2026-05-05T23:15:28.373217+00:00,73.905,0.0672,96.3816,-0.0946,0.75,0.0,1500.0,0.0,6.3
1708.5,2026-05-05T23:15:28.873247+00:00,73.8807,0.1153,96.5016,-0.0033,0.75,0.0,1500.0,0.0,6.3
1709.0,2026-05-05T23:15:29.373215+00:00,73.9893,0.0886,96.6169,-0.0025,0.75,0.0,1500.0,0.0,6.3
1709.5,2026-05-05T23:15:29.873216+00:00,73.9455,0.0045,96.5899,0.0366,0.75,0.0,1500.0,0.0,6.3
1710.0,2026-05-05T23:15:30.381673+00:00,73.9118,0.0034,96.4534,0.0282,0.75,0.0,1500.0,0.0,6.3
1710.5,2026-05-05T23:15:30.873380+00:00,73.8859,0.0026,96.5799,0.0679,0.75,0.0,1500.0,0.0,6.3
1711.0,2026-05-05T23:15:31.373301+00:00,73.9933,0.002,96.5614,0.0599,0.75,0.0,1500.0,0.0,6.3
1711.5,2026-05-05T23:15:31.873215+00:00,73.9486,0.0016,96.4315,-0.0234,0.75,0.0,1500.0,0.0,6.3
1712.0,2026-05-05T23:15:32.373419+00:00,73.7869,-0.0624,96.563,-0.018,0.75,0.0,1500.0,0.0,6.3
1712.5,2026-05-05T23:15:32.878379+00:00,73.79,-0.048,96.5484,-0.0138,0.75,0.0,1500.0,0.0,6.3
1713.0,2026-05-05T23:15:33.373229+00:00,73.7923,-0.1005,96.3984,-0.0183,0.75,0.0,1500.0,0.0,6.3
1713.5,2026-05-05T23:15:33.873207+00:00,74.0486,0.05,96.1674,-0.1375,0.75,0.0,1500.0,0.0,6.3
1714.0,2026-05-05T23:15:34.373198+00:00,73.8638,0.0384,96.1286,-0.1442,0.75,0.0,1500.0,0.0,6.3
1714.5,2026-05-05T23:15:34.873211+00:00,73.9763,0.0932,96.3303,-0.0337,0.75,0.0,1500.0,0.0,6.3
1715.0,2026-05-05T23:15:35.381229+00:00,73.8082,0.008,96.1381,-0.1416,0.75,0.0,1500.0,0.0,6.3
1715.5,2026-05-05T23:15:35.873240+00:00,73.8063,-0.1211,96.2219,-0.1089,0.75,0.0,1500.0,0.0,6.3
1716.0,2026-05-05T23:15:36.373486+00:00,73.6776,-0.0931,96.6333,0.0783,0.75,0.0,1500.0,0.0,6.3
1716.5,2026-05-05T23:15:36.873334+00:00,73.7059,-0.1352,96.4636,0.0988,0.75,0.0,1500.0,0.0,6.3
1717.0,2026-05-05T23:15:37.373220+00:00,73.6004,-0.1039,96.5878,0.153,0.75,0.0,1500.0,0.0,6.3
1717.5,2026-05-05T23:15:37.881700+00:00,73.7739,-0.0162,96.6831,0.1176,0.75,0.0,1500.0,0.0,6.3
1718.0,2026-05-05T23:15:38.373216+00:00,73.7799,0.0512,96.5251,0.129,0.75,0.0,1500.0,0.0,6.3
1718.5,2026-05-05T23:15:38.873199+00:00,73.6573,-0.0243,96.635,0.1377,0.75,0.0,1500.0,0.0,6.3
1719.0,2026-05-05T23:15:39.373330+00:00,73.563,-0.0187,96.7194,0.0287,0.75,0.0,1500.0,0.0,6.3
1719.500652,2026-05-05T23:15:39.873912+00:00,73.3633,-0.2053,96.8769,0.1378,0.75,0.0,1500.0,0.0,6.3
1720.0,2026-05-05T23:15:40.380386+00:00,73.3371,-0.2214,97.0211,0.1444,0.75,0.0,1500.0,0.0,6.3
1720.500936,2026-05-05T23:15:40.874171+00:00,73.317,-0.1702,97.0162,0.111,0.75,0.0,1500.0,0.0,6.3
1721.0,2026-05-05T23:15:41.373216+00:00,73.4287,-0.0672,97.0125,0.1625,0.75,0.0,1500.0,0.0,6.3
1721.5,2026-05-05T23:15:41.873436+00:00,73.6419,0.1393,97.1253,0.1634,0.75,0.0,1500.0,0.0,6.3
1722.0,2026-05-05T23:15:42.373714+00:00,73.933,0.298,96.9806,0.0871,0.75,0.0,1500.0,0.0,6.3
1722.5,2026-05-05T23:15:42.877428+00:00,73.9023,0.2926,96.9851,0.0361,0.75,0.0,1500.0,0.0,6.3
1723.0,2026-05-05T23:15:43.373222+00:00,73.624,0.0977,97.0811,0.02,0.75,0.0,1500.0,0.0,6.3
1723.500595,2026-05-05T23:15:43.874018+00:00,73.6648,0.0114,96.8078,-0.0695,0.75,0.0,1500.0,0.0,6.3
1724.0,2026-05-05T23:15:44.373479+00:00,73.6961,-0.1185,96.6209,-0.1305,0.75,0.0,1500.0,0.0,6.3
1724.5,2026-05-05T23:15:44.873689+00:00,73.8474,-0.0274,96.7086,-0.1389,0.75,0.0,1500.0,0.0,6.3
1725.0,2026-05-05T23:15:45.381827+00:00,73.5819,-0.0211,96.5446,-0.1453,0.75,0.0,1500.0,0.0,6.3
1725.5,2026-05-05T23:15:45.873441+00:00,73.6324,-0.0162,96.7657,-0.0731,0.75,0.0,1500.0,0.0,6.3
1726.0,2026-05-05T23:15:46.373185+00:00,73.6711,-0.0125,96.9356,-0.0485,0.75,0.0,1500.0,0.0,6.3
1726.5,2026-05-05T23:15:46.873651+00:00,73.8282,-0.0096,96.8348,0.009,0.75,0.0,1500.0,0.0,6.3
1727.0,2026-05-05T23:15:47.373249+00:00,73.8217,0.1199,96.873,0.0841,0.75,0.0,1500.0,0.0,6.3
1727.5,2026-05-05T23:15:47.882811+00:00,73.5621,-0.0351,97.0181,0.1032,0.75,0.0,1500.0,0.0,6.3
1728.0,2026-05-05T23:15:48.373225+00:00,73.7444,0.0367,96.8982,0.1179,0.75,0.0,1500.0,0.0,6.2488
1728.5,2026-05-05T23:15:48.873221+00:00,73.7573,-0.0355,96.8061,0.0135,0.75,0.0,1500.0,0.0,6.2238
1729.0,2026-05-05T23:15:49.373478+00:00,73.7672,-0.0273,96.6427,-0.0976,0.75,0.0,1500.0,0.0,6.2628
1729.5,2026-05-05T23:15:49.873247+00:00,73.6475,0.0427,96.4708,-0.1213,0.75,0.0,1500.0,0.0,6.2819
1730.0,2026-05-05T23:15:50.380211+00:00,73.6828,-0.0308,96.8247,-0.0161,0.75,0.0,1500.0,0.0,6.3423
1730.5,2026-05-05T23:15:50.873235+00:00,73.7099,-0.0237,96.8653,-0.051,0.75,0.0,1500.0,0.0,6.3719
1731.0,2026-05-05T23:15:51.373216+00:00,73.7308,-0.0182,96.7807,-0.0392,0.75,0.0,1500.0,0.0,6.3863
1731.5,2026-05-05T23:15:51.873227+00:00,73.6195,-0.014,96.9472,0.047,0.75,0.0,1500.0,0.0,6.3933
1732.0,2026-05-05T23:15:52.373330+00:00,73.4067,-0.138,96.9594,0.1056,0.75,0.0,1500.0,0.0,6.3967
1732.5,2026-05-05T23:15:52.878355+00:00,73.2432,-0.2334,96.9688,0.166,0.75,0.0,1500.0,0.0,6.3984
1733.0,2026-05-05T23:15:53.373465+00:00,73.2448,-0.243,96.976,0.0504,0.75,0.0,1500.0,0.0,6.3992
1733.5,2026-05-05T23:15:53.873232+00:00,73.1187,-0.2504,97.0973,0.0773,0.75,0.0,1500.0,0.0,6.3996
1734.0,2026-05-05T23:15:54.373283+00:00,73.1491,-0.1288,97.0516,0.0903,0.75,0.0,1500.0,0.0,6.3998
1734.5,2026-05-05T23:15:54.873266+00:00,73.427,0.0919,97.0397,0.0308,0.75,0.0,1500.0,0.0,6.3999
1735.0,2026-05-05T23:15:55.379191+00:00,73.6406,0.1979,96.7991,-0.0534,0.75,0.0,1500.0,0.0,6.4
1735.5,2026-05-05T23:15:55.873198+00:00,73.6775,0.2794,96.8456,-0.0411,0.75,0.0,1500.0,0.0,6.4
1736.0,2026-05-05T23:15:56.373412+00:00,73.5785,0.2147,96.8813,-0.0316,0.75,0.0,1500.0,0.0,6.4
1736.5,2026-05-05T23:15:56.873210+00:00,73.5025,0.0378,96.9088,-0.0628,0.75,0.0,1500.0,0.0,6.4
1737.0,2026-05-05T23:15:57.373187+00:00,73.6986,0.029,97.0456,-0.002,0.75,0.0,1500.0,0.0,6.4
1737.500001,2026-05-05T23:15:57.881597+00:00,73.8494,0.0859,97.1507,0.037,0.75,0.0,1500.0,0.0,6.4
1738.0,2026-05-05T23:15:58.373188+00:00,73.8379,0.1297,96.8613,0.0207,0.75,0.0,1500.0,0.0,6.4
1738.5,2026-05-05T23:15:58.873283+00:00,73.8292,0.1633,97.0091,0.0545,0.75,0.0,1500.0,0.0,6.4
1739.0,2026-05-05T23:15:59.373248+00:00,73.8224,0.0619,97.1227,0.0805,0.75,0.0,1500.0,0.0,6.4
1739.5,2026-05-05T23:15:59.873201+00:00,73.8172,-0.0161,96.8629,-0.0153,0.75,0.0,1500.0,0.0,6.4
1740.0,2026-05-05T23:16:00.378317+00:00,73.8132,-0.0123,97.0103,-0.0118,0.75,0.0,1500.0,0.0,6.3488
1740.5,2026-05-05T23:16:00.873629+00:00,73.6829,-0.0731,97.0079,-0.0476,0.75,0.0,1500.0,0.0,6.375
1741.0,2026-05-05T23:16:01.373191+00:00,73.71,-0.0562,97.1218,0.0868,0.75,0.0,1500.0,0.0,6.3878
1741.5,2026-05-05T23:16:01.873604+00:00,73.8581,0.0204,97.0936,0.0282,0.75,0.0,1500.0,0.0,6.3428
1742.0,2026-05-05T23:16:02.373203+00:00,73.5901,-0.1116,96.9563,-0.0555,0.75,0.0,1500.0,0.0,6.3209
1742.5,2026-05-05T23:16:02.879199+00:00,73.3841,-0.1494,97.0821,0.0731,0.75,0.0,1500.0,0.0,6.3102
1743.0,2026-05-05T23:16:03.373214+00:00,73.6076,-0.0512,97.1788,0.0562,0.75,0.0,1500.0,0.0,6.305
1743.5,2026-05-05T23:16:03.873212+00:00,73.5249,-0.1666,97.0449,0.0123,0.75,0.0,1500.0,0.0,6.3024
1744.0,2026-05-05T23:16:04.373217+00:00,73.5885,-0.0008,97.0345,-0.0291,0.75,0.0,1500.0,0.0,6.3012
1744.5,2026-05-05T23:16:04.873585+00:00,73.6375,0.1267,97.0034,-0.0301,0.75,0.0,1500.0,0.0,6.3006
1745.0,2026-05-05T23:16:05.377437+00:00,73.8024,0.0974,96.6555,-0.1003,0.75,0.0,1500.0,0.0,6.3003
1745.5,2026-05-05T23:16:05.873270+00:00,73.8018,0.1385,96.7352,-0.1156,0.75,0.0,1500.0,0.0,6.3001
1746.0,2026-05-05T23:16:06.373223+00:00,73.6741,0.0428,96.9122,-0.0889,0.75,0.0,1500.0,0.0,6.3001
1746.5,2026-05-05T23:16:06.873202+00:00,73.576,-0.0307,96.678,-0.1223,0.75,0.0,1500.0,0.0,6.3
1747.0,2026-05-05T23:16:07.373206+00:00,73.5005,-0.1509,96.7525,-0.094,0.75,0.0,1500.0,0.0,6.3
1747.5,2026-05-05T23:16:07.878696+00:00,73.5698,-0.116,96.6941,-0.1031,0.75,0.0,1500.0,0.0,6.3
1748.0,2026-05-05T23:16:08.373200+00:00,73.6231,-0.0255,96.6492,-0.0021,0.75,0.0,1500.0,0.0,6.3
1748.5,2026-05-05T23:16:08.873199+00:00,73.664,0.044,96.7303,-0.0016,0.75,0.0,1500.0,0.0,6.3
1749.0,2026-05-05T23:16:09.373246+00:00,73.441,-0.0298,96.7927,-0.0398,0.75,0.0,1500.0,0.0,6.3
1749.5,2026-05-05T23:16:09.873224+00:00,73.6513,0.0407,96.4936,-0.0615,0.75,0.0,1500.0,0.0,6.3
1750.0,2026-05-05T23:16:10.379511+00:00,73.5584,-0.0323,96.7265,-0.0087,0.75,0.0,1500.0,0.0,6.3
1750.5,2026-05-05T23:16:10.873574+00:00,73.3598,-0.1521,96.7898,0.0319,0.75,0.0,1500.0,0.0,6.3
1751.0,2026-05-05T23:16:11.373190+00:00,73.4617,0.0104,96.6996,0.0168,0.75,0.0,1500.0,0.0,6.3
1751.5,2026-05-05T23:16:11.873203+00:00,73.6672,0.008,97.0005,0.0901,0.75,0.0,1500.0,0.0,6.3
1752.0,2026-05-05T23:16:12.373442+00:00,73.6979,0.0698,97.1161,0.1078,0.75,0.0,1500.0,0.0,6.3
1752.500658,2026-05-05T23:16:12.880760+00:00,73.8488,0.2445,96.9735,0.16,0.75,0.0,1500.0,0.0,6.3
1753.0,2026-05-05T23:16:13.373245+00:00,73.9648,0.2516,97.0953,0.123,0.75,0.0,1500.0,0.0,6.3
1753.5,2026-05-05T23:16:13.873221+00:00,73.7994,0.0661,97.0733,0.0945,0.75,0.0,1500.0,0.0,6.3
1754.0,2026-05-05T23:16:14.373344+00:00,73.6723,-0.0128,96.9406,0.0803,0.75,0.0,1500.0,0.0,6.3
1754.5,2026-05-05T23:16:14.873359+00:00,73.8291,-0.0099,96.9312,-0.0231,0.75,0.0,1500.0,0.0,6.3
1755.0,2026-05-05T23:16:15.382271+00:00,74.0769,0.056,96.9471,-0.0563,0.75,0.0,1500.0,0.0,6.3
1755.5,2026-05-05T23:16:15.873215+00:00,73.8856,0.0431,97.0751,0.0339,0.75,0.0,1500.0,0.0,6.3512
1756.0,2026-05-05T23:16:16.373520+00:00,73.993,0.1604,97.0577,-0.0125,0.75,0.0,1500.0,0.0,6.325
1756.500223,2026-05-05T23:16:16.874050+00:00,73.8211,-0.004,97.0443,-0.0096,0.75,0.0,1500.0,0.0,6.3122
1757.0,2026-05-05T23:16:17.373222+00:00,73.9435,-0.0667,97.1498,0.0697,0.75,0.0,1500.0,0.0,6.306
1757.5,2026-05-05T23:16:17.882999+00:00,73.6557,-0.1149,97.1151,0.0613,0.75,0.0,1500.0,0.0,6.3029
1758.0,2026-05-05T23:16:18.373222+00:00,73.8164,-0.0883,96.9496,0.0008,0.75,0.0,1500.0,0.0,6.3014
1758.5,2026-05-05T23:16:18.873618+00:00,73.9399,0.0594,96.9613,-0.0379,0.75,0.0,1500.0,0.0,6.3007
1759.0,2026-05-05T23:16:19.373209+00:00,73.9075,-0.018,97.086,0.0094,0.75,0.0,1500.0,0.0,6.3003
1759.5,2026-05-05T23:16:19.873406+00:00,73.8826,0.1134,96.9272,-0.039,0.75,0.0,1500.0,0.0,6.3002
1760.0,2026-05-05T23:16:20.378523+00:00,73.9908,0.0872,97.0598,-0.03,0.75,0.0,1500.0,0.0,6.3001
1760.5,2026-05-05T23:16:20.873223+00:00,73.9466,0.0034,96.9302,-0.0616,0.75,0.0,1500.0,0.0,6.3
1761.0,2026-05-05T23:16:21.373173+00:00,73.9127,0.0026,97.0621,0.0375,0.75,0.0,1500.0,0.0,6.3
1761.5,2026-05-05T23:16:21.873241+00:00,73.8866,0.002,97.0477,0.0288,0.75,0.0,1500.0,0.0,6.3
1762.0,2026-05-05T23:16:22.373187+00:00,73.8666,-0.0621,96.9441,-0.0473,0.75,0.0,1500.0,0.0,6.3
1762.5,2026-05-05T23:16:22.878103+00:00,73.5966,-0.175,96.8182,-0.0363,0.75,0.0,1500.0,0.0,6.3
1763.0,2026-05-05T23:16:23.373214+00:00,73.771,-0.0709,96.976,-0.0279,0.75,0.0,1500.0,0.0,6.3
1763.500386,2026-05-05T23:16:23.873589+00:00,73.905,0.0092,96.7733,-0.0523,0.75,0.0,1500.0,0.0,6.3
1764.0,2026-05-05T23:16:24.373216+00:00,74.0079,0.0707,96.8257,-0.0788,0.75,0.0,1500.0,0.0,6.3
1764.5,2026-05-05T23:16:24.873434+00:00,73.8325,0.118,96.9586,-0.0297,0.75,0.0,1500.0,0.0,6.3
1765.0,2026-05-05T23:16:25.378894+00:00,73.825,0.027,96.8525,-0.0305,0.75,0.0,1500.0,0.0,6.2488
1765.5,2026-05-05T23:16:25.873367+00:00,74.0738,0.0844,96.8866,0.0228,0.75,0.0,1500.0,0.0,6.275
1766.0,2026-05-05T23:16:26.373374+00:00,74.0104,0.0012,96.9129,-0.021,0.75,0.0,1500.0,0.0,6.2878
1766.5,2026-05-05T23:16:26.873223+00:00,73.8345,0.001,96.933,0.0533,0.75,0.0,1500.0,0.0,6.294
1767.0,2026-05-05T23:16:27.373210+00:00,73.8265,0.0007,96.9485,0.0409,0.75,0.0,1500.0,0.0,6.2971
1767.5,2026-05-05T23:16:27.882764+00:00,73.8204,-0.1267,96.9604,0.0006,0.75,0.0,1500.0,0.0,6.2986
1768.0,2026-05-05T23:16:28.373235+00:00,73.8156,-0.0974,96.7382,-0.0381,0.75,0.0,1500.0,0.0,6.2481
1768.5,2026-05-05T23:16:28.873214+00:00,73.9393,0.0524,96.6831,-0.0679,0.75,0.0,1500.0,0.0,6.2235
1769.0,2026-05-05T23:16:29.373239+00:00,73.7798,-0.0233,96.7564,-0.0522,0.75,0.0,1500.0,0.0,6.2115
1769.5,2026-05-05T23:16:29.873221+00:00,73.5299,-0.1452,96.5814,-0.1172,0.75,0.0,1500.0,0.0,6.2056
1770.0,2026-05-05T23:16:30.381821+00:00,73.7197,-0.048,96.6782,-0.0901,0.75,0.0,1500.0,0.0,6.2027
1770.5,2026-05-05T23:16:30.873320+00:00,73.7383,-0.1005,96.637,-0.1078,0.75,0.0,1500.0,0.0,6.2525
1771.0,2026-05-05T23:16:31.373240+00:00,73.7526,-0.0136,96.6284,-0.0366,0.75,0.0,1500.0,0.0,6.2768
1771.5,2026-05-05T23:16:31.873214+00:00,73.509,-0.0105,96.5987,-0.0281,0.75,0.0,1500.0,0.0,6.2887
1772.0,2026-05-05T23:16:32.373322+00:00,73.8309,0.0556,96.7147,-0.0139,0.75,0.0,1500.0,0.0,6.2945
1772.5,2026-05-05T23:16:32.879443+00:00,73.8237,0.0427,96.6882,0.0356,0.75,0.0,1500.0,0.0,6.2973
1773.0,2026-05-05T23:16:33.373186+00:00,73.8182,0.0328,96.876,0.0659,0.75,0.0,1500.0,0.0,6.2987
1773.5,2026-05-05T23:16:33.873638+00:00,73.814,0.1525,96.9047,0.0892,0.75,0.0,1500.0,0.0,6.2994
1774.0,2026-05-05T23:16:34.373184+00:00,73.6835,-0.0737,96.8111,0.0609,0.75,0.0,1500.0,0.0,6.2997
1774.5,2026-05-05T23:16:34.873465+00:00,73.5832,-0.1203,96.8548,0.0854,0.75,0.0,1500.0,0.0,6.2998
1775.0,2026-05-05T23:16:35.380395+00:00,73.6334,-0.0924,96.8884,0.0579,0.75,0.0,1500.0,0.0,6.2999
1775.5,2026-05-05T23:16:35.873196+00:00,73.6719,-0.071,96.9142,0.0753,0.75,0.0,1500.0,0.0,6.3
1776.0,2026-05-05T23:16:36.373322+00:00,73.7016,0.009,96.9341,0.0193,0.75,0.0,1500.0,0.0,6.3
1776.500911,2026-05-05T23:16:36.874133+00:00,73.7243,0.0706,96.9493,0.0149,0.75,0.0,1500.0,0.0,6.3
1777.0,2026-05-05T23:16:37.373414+00:00,73.7418,0.0542,96.961,0.05,0.75,0.0,1500.0,0.0,6.3
1777.5,2026-05-05T23:16:37.879381+00:00,73.8826,0.1053,97.0858,0.077,0.75,0.0,1500.0,0.0,6.3
1778.0,2026-05-05T23:16:38.373205+00:00,73.7362,0.0173,97.0659,0.0592,0.75,0.0,1500.0,0.0,6.3
1778.5,2026-05-05T23:16:38.873298+00:00,73.8782,0.0769,97.1664,0.084,0.75,0.0,1500.0,0.0,6.3
1779.0,2026-05-05T23:16:39.373251+00:00,73.9874,0.1228,97.1279,0.0646,0.75,0.0,1500.0,0.0,6.3
1779.5,2026-05-05T23:16:39.873210+00:00,73.944,0.0307,97.0057,0.0188,0.75,0.0,1500.0,0.0,6.3
1780.0,2026-05-05T23:16:40.378653+00:00,73.7834,0.0236,97.1201,0.053,0.75,0.0,1500.0,0.0,6.3
1780.5,2026-05-05T23:16:40.873226+00:00,73.5327,-0.1728,97.1154,0.0099,0.75,0.0,1500.0,0.0,6.3512
1781.0,2026-05-05T23:16:41.373357+00:00,73.5946,-0.1964,97.0887,0.0076,0.75,0.0,1500.0,0.0,6.3762
1781.5,2026-05-05T23:16:41.873419+00:00,73.6421,-0.151,97.2996,0.0444,0.75,0.0,1500.0,0.0,6.3884
1782.0,2026-05-05T23:16:42.373241+00:00,73.8059,0.0112,97.022,-0.0353,0.75,0.0,1500.0,0.0,6.3431
1782.5,2026-05-05T23:16:42.878104+00:00,73.8045,0.1359,97.2252,0.0732,0.75,0.0,1500.0,0.0,6.321
1783.0,2026-05-05T23:16:43.373636+00:00,73.8035,0.1045,97.1731,0.0177,0.75,0.0,1500.0,0.0,6.3103
1783.5,2026-05-05T23:16:43.873197+00:00,73.8027,0.0803,96.9942,-0.0404,0.75,0.0,1500.0,0.0,6.305
1784.0,2026-05-05T23:16:44.373298+00:00,73.9293,0.0617,96.9955,-0.0311,0.75,0.0,1500.0,0.0,6.3024
1784.5,2026-05-05T23:16:44.873312+00:00,74.0267,0.1111,97.1123,-0.0624,0.75,0.0,1500.0,0.0,6.3012
1785.0,2026-05-05T23:16:45.378989+00:00,73.9742,0.0854,96.9937,-0.0094,0.75,0.0,1500.0,0.0,6.3006
1785.5,2026-05-05T23:16:45.873356+00:00,73.9339,0.0656,97.1109,-0.0381,0.75,0.0,1500.0,0.0,6.3003
1786.0,2026-05-05T23:16:46.373741+00:00,73.6484,-0.1405,97.0852,-0.0293,0.75,0.0,1500.0,0.0,6.3001
1786.5,2026-05-05T23:16:46.873193+00:00,73.6835,-0.1716,97.0655,0.0238,0.75,0.0,1500.0,0.0,6.3001
1787.0,2026-05-05T23:16:47.373210+00:00,73.8377,-0.0683,97.0272,0.0106,0.75,0.0,1500.0,0.0,6.3
1787.5,2026-05-05T23:16:47.880919+00:00,73.9562,0.0112,97.0209,-0.0305,0.75,0.0,1500.0,0.0,6.3
1788.000256,2026-05-05T23:16:48.373462+00:00,74.0474,0.1995,96.9004,-0.0311,0.75,0.0,1500.0,0.0,6.3
1788.5,2026-05-05T23:16:48.873319+00:00,74.1174,0.217,97.0391,-0.0239,0.75,0.0,1500.0,0.0,6.3
1789.0,2026-05-05T23:16:49.373228+00:00,74.0439,0.1031,97.0301,-0.0184,0.75,0.0,1500.0,0.0,6.3
1789.5,2026-05-05T23:16:49.873239+00:00,73.9875,0.0156,97.1388,0.0244,0.75,0.0,1500.0,0.0,6.3
1790.0,2026-05-05T23:16:50.380501+00:00,73.8168,-0.1153,97.1993,0.0573,0.75,0.0,1500.0,0.0,6.3
1790.5,2026-05-05T23:16:50.873225+00:00,73.6857,-0.2159,96.9217,-0.0331,0.75,0.0,1500.0,0.0,6.3
1791.0,2026-05-05T23:16:51.373208+00:00,73.7121,-0.1659,96.9399,0.0132,0.75,0.0,1500.0,0.0,6.3
1791.5,2026-05-05T23:16:51.873400+00:00,73.7325,-0.1275,97.1852,0.0487,0.75,0.0,1500.0,0.0,6.3
1792.0,2026-05-05T23:16:52.373225+00:00,73.7481,-0.0344,97.0498,0.0066,0.75,0.0,1500.0,0.0,6.3
1792.5,2026-05-05T23:16:52.878533+00:00,73.6328,-0.0264,97.2696,0.0436,0.75,0.0,1500.0,0.0,6.3
1793.000709,2026-05-05T23:16:53.373943+00:00,73.5442,-0.0839,97.2073,0.0027,0.75,0.0,1500.0,0.0,6.3
1793.5,2026-05-05T23:16:53.873197+00:00,73.6034,-0.0645,97.275,0.1177,0.75,0.0,1500.0,0.0,6.3
1794.0,2026-05-05T23:16:54.373295+00:00,73.5216,-0.1132,97.0957,0.0519,0.75,0.0,1500.0,0.0,6.3
1794.5,2026-05-05T23:16:54.873270+00:00,73.4588,-0.087,97.0504,-0.0449,0.75,0.0,1500.0,0.0,6.3
1795.0,2026-05-05T23:16:55.378907+00:00,73.5377,-0.0033,97.2701,0.0735,0.75,0.0,1500.0,0.0,6.3
1795.5,2026-05-05T23:16:55.873211+00:00,73.5984,-0.0025,97.439,0.0565,0.75,0.0,1500.0,0.0,6.3
1796.0,2026-05-05T23:16:56.373620+00:00,73.6451,0.0617,97.3374,0.0434,0.75,0.0,1500.0,0.0,6.3
1796.5,2026-05-05T23:16:56.873207+00:00,73.6809,0.1111,97.375,0.0334,0.75,0.0,1500.0,0.0,6.3
1797.0,2026-05-05T23:16:57.373319+00:00,73.7085,0.0854,97.1726,0.0256,0.75,0.0,1500.0,0.0,6.3
1797.5,2026-05-05T23:16:57.882707+00:00,73.7297,0.0656,97.0169,-0.0112,0.75,0.0,1500.0,0.0,6.3
1798.0,2026-05-05T23:16:58.373271+00:00,73.7459,0.0504,97.013,-0.0857,0.75,0.0,1500.0,0.0,6.3
1798.5,2026-05-05T23:16:58.873589+00:00,73.7584,0.0388,97.1257,-0.1044,0.75,0.0,1500.0,0.0,6.3
1799.0,2026-05-05T23:16:59.373216+00:00,73.6408,-0.0338,96.9809,-0.1188,0.75,0.0,1500.0,0.0,6.3
1799.5,2026-05-05T23:16:59.873577+00:00,73.6776,-0.026,97.2167,-0.0528,0.75,0.0,1500.0,0.0,6.3
