monotonic_offset_s,utc_timestamp,T,T_dot,U,U_dot,V,V_dot,f,f_dot,mem
0.000369,2026-05-06T17:13:51.581694+00:00,59.5,,100.0,,0.8483,,2400.0,,5.8
0.5,2026-05-06T17:13:52.076025+00:00,59.5,,77.9244,,0.8483,,2400.0,,5.8512
1.0,2026-05-06T17:13:52.575987+00:00,59.5,,63.4794,,0.8483,0.0,2400.0,0.0,6.1322
1.5,2026-05-06T17:13:53.076075+00:00,60.5182,,69.1998,,0.8483,0.0,2400.0,0.0,6.4741
2.0,2026-05-06T17:13:53.576037+00:00,61.428,0.964,75.4013,,0.8483,0.0,2400.0,0.0,6.5386
2.5,2026-05-06T17:13:54.084487+00:00,62.3818,1.4409,80.1679,,0.8483,0.0,2400.0,0.0,6.57
3.0,2026-05-06T17:13:54.576446+00:00,62.7331,1.6166,83.8083,-5.3972,0.8483,0.0,2400.0,0.0,6.5854
3.500113,2026-05-06T17:13:55.076602+00:00,63.385,1.4334,86.5137,2.8631,0.8483,0.0,2400.0,0.0,6.5929
4.0,2026-05-06T17:13:55.576053+00:00,64.395,1.4835,88.6857,8.4021,0.8483,0.0,2400.0,0.0,6.5965
4.5,2026-05-06T17:13:56.076209+00:00,64.9168,1.2675,90.4939,7.0981,0.8483,0.0,2400.0,0.0,6.5471
5.0,2026-05-06T17:13:56.580777+00:00,65.6997,1.4833,91.9994,5.5327,0.8483,0.0,2400.0,0.0,6.523
5.5,2026-05-06T17:13:57.076668+00:00,66.1741,1.3946,92.8326,4.2216,0.8483,0.0,2400.0,0.0,6.5112
6.000267,2026-05-06T17:13:57.576458+00:00,66.5388,1.0719,93.6812,3.291,0.8483,0.0,2400.0,0.0,6.5055
6.5,2026-05-06T17:13:58.076075+00:00,66.8191,0.9511,94.3335,2.6066,0.8483,0.0,2400.0,0.0,6.5027
7.0,2026-05-06T17:13:58.576091+00:00,67.1618,0.731,94.9505,2.0883,0.8483,0.0,2400.0,0.0,6.5013
7.5,2026-05-06T17:13:59.082066+00:00,67.5524,0.6891,95.1934,1.5665,0.8483,0.0,2400.0,0.0,6.4494
8.0,2026-05-06T17:13:59.576218+00:00,67.7254,0.5933,95.6114,1.204,0.8483,0.0,2400.0,0.0,6.4241
8.501379,2026-05-06T17:14:00.077774+00:00,67.9856,0.5833,95.817,0.9948,0.8483,0.0,2400.0,0.0,6.4118
9.0,2026-05-06T17:14:00.576061+00:00,68.3129,0.5756,95.8594,0.726,0.8483,0.0,2400.0,0.0,6.4057
9.5,2026-05-06T17:14:01.076100+00:00,68.3099,0.3788,96.1233,0.5966,0.8483,0.0,2400.0,0.0,6.3516
10.0,2026-05-06T17:14:01.580014+00:00,68.5622,0.4184,96.1873,0.4123,0.8483,0.0,2400.0,0.0,6.3252
10.5,2026-05-06T17:14:02.076344+00:00,68.756,0.3852,96.144,0.3169,0.8483,0.0,2400.0,0.0,6.3123
11.0,2026-05-06T17:14:02.576510+00:00,68.9051,0.2961,96.2264,0.205,0.8483,0.0,2400.0,0.0,6.306
11.5,2026-05-06T17:14:03.076111+00:00,68.8923,0.2912,96.2897,0.1575,0.8483,0.0,2400.0,0.0,6.2517
12.0,2026-05-06T17:14:03.576119+00:00,68.8825,0.1602,96.3384,0.1597,0.8483,0.0,2400.0,0.0,6.2252
12.5,2026-05-06T17:14:04.081763+00:00,68.875,0.0595,96.3758,0.0841,0.8483,0.0,2400.0,0.0,6.1611
13.0,2026-05-06T17:14:04.576382+00:00,69.1238,0.1093,96.4045,0.0724,0.8483,0.0,2400.0,0.0,6.1298
13.500495,2026-05-06T17:14:05.076620+00:00,69.3149,0.2113,96.4266,0.0942,0.8483,0.0,2400.0,0.0,6.1146
14.0,2026-05-06T17:14:05.576172+00:00,69.4619,0.2897,96.3279,0.0338,0.8483,0.0,2400.0,0.0,6.1071
14.5,2026-05-06T17:14:06.076505+00:00,69.8294,0.4772,96.3677,0.026,0.8483,0.0,2400.0,0.0,6.0011
15.0,2026-05-06T17:14:06.580239+00:00,69.73,0.3031,96.3983,0.02,0.8483,0.0,2400.0,0.0,5.9493
15.5,2026-05-06T17:14:07.076068+00:00,69.5264,0.1057,96.4219,0.0154,0.8483,0.0,2400.0,0.0,5.9241
16.0,2026-05-06T17:14:07.576422+00:00,69.879,0.2085,96.3242,-0.0268,0.8483,0.0,2400.0,0.0,5.9117
16.5,2026-05-06T17:14:08.076320+00:00,70.1499,0.1603,96.2492,-0.0591,0.8483,0.0,2400.0,0.0,5.8545
17.0,2026-05-06T17:14:08.576111+00:00,70.3582,0.3141,96.3072,-0.0069,0.8483,0.0,2400.0,0.0,5.8266
17.5,2026-05-06T17:14:09.082514+00:00,70.391,0.4323,96.3518,-0.0053,0.8483,0.0,2400.0,0.0,5.7618
18.0,2026-05-06T17:14:09.576825+00:00,70.6708,0.3959,96.2704,-0.0426,0.8483,0.0,2400.0,0.0,5.7814
18.500365,2026-05-06T17:14:10.076522+00:00,70.7585,0.3043,96.2079,-0.0713,0.8483,0.0,2400.0,0.0,5.7909
19.0,2026-05-06T17:14:10.576086+00:00,70.9532,0.2975,96.2755,-0.0163,0.8483,0.0,2400.0,0.0,5.7956
19.5,2026-05-06T17:14:11.076084+00:00,70.9756,0.2923,96.3274,0.0261,0.8483,0.0,2400.0,0.0,5.7978
20.0,2026-05-06T17:14:11.583812+00:00,71.2474,0.2883,96.3674,0.02,0.8483,0.0,2400.0,0.0,5.7989
20.5,2026-05-06T17:14:12.076154+00:00,71.329,0.2852,96.398,0.0154,0.8483,0.0,2400.0,0.0,5.7483
21.0,2026-05-06T17:14:12.576145+00:00,71.519,0.2829,96.5373,0.089,0.8483,0.0,2400.0,0.0,5.7236
21.5,2026-05-06T17:14:13.076094+00:00,71.5377,0.281,96.413,0.0684,0.8483,0.0,2400.0,0.0,5.7115
22.000258,2026-05-06T17:14:13.576448+00:00,71.5521,0.1524,96.4331,0.0526,0.8483,0.0,2400.0,0.0,5.6544
22.5,2026-05-06T17:14:14.081253+00:00,71.6905,0.1807,96.4486,0.0404,0.8483,0.0,2400.0,0.0,5.6266
23.0,2026-05-06T17:14:14.576438+00:00,71.6695,0.0753,96.4605,0.031,0.8483,0.0,2400.0,0.0,5.6642
23.5,2026-05-06T17:14:15.076788+00:00,71.908,0.1851,96.3771,-0.007,0.8483,0.0,2400.0,0.0,5.6825
24.0,2026-05-06T17:14:15.577014+00:00,71.964,0.2059,96.4055,-0.0439,0.8483,0.0,2400.0,0.0,5.6915
24.5,2026-05-06T17:14:16.076667+00:00,72.007,0.1583,96.3117,-0.0338,0.8483,0.0,2400.0,0.0,5.6446
25.0,2026-05-06T17:14:16.580453+00:00,72.0401,0.1853,96.2396,-0.0645,0.8483,0.0,2400.0,0.0,5.6218
25.5,2026-05-06T17:14:17.076091+00:00,71.811,-0.0485,96.2998,-0.0496,0.8483,0.0,2400.0,0.0,5.6106
26.0,2026-05-06T17:14:17.576074+00:00,72.0167,0.0264,96.2304,-0.0767,0.8483,0.0,2400.0,0.0,5.6052
26.5,2026-05-06T17:14:18.076077+00:00,72.1748,0.0839,96.4085,0.0105,0.8483,0.0,2400.0,0.0,5.6025
27.0,2026-05-06T17:14:18.576189+00:00,72.2964,0.1281,96.314,-0.0305,0.8483,0.0,2400.0,0.0,5.6012
27.5,2026-05-06T17:14:19.082364+00:00,72.3898,0.2894,96.3339,0.0074,0.8483,0.0,2400.0,0.0,5.5494
28.0,2026-05-06T17:14:19.576551+00:00,72.5888,0.2861,96.2566,0.0057,0.8483,0.0,2400.0,0.0,5.5753
28.5,2026-05-06T17:14:20.076514+00:00,72.4873,0.1562,96.1972,-0.0342,0.8483,0.0,2400.0,0.0,5.588
29.0,2026-05-06T17:14:20.576108+00:00,72.6638,0.1837,96.2673,0.0123,0.8483,0.0,2400.0,0.0,5.5941
29.5,2026-05-06T17:14:21.076309+00:00,72.6722,0.1412,96.2054,-0.0677,0.8483,0.0,2400.0,0.0,5.5459
30.0,2026-05-06T17:14:21.580815+00:00,72.6786,0.0449,96.2736,-0.0135,0.8483,0.0,2400.0,0.0,5.5224
30.500429,2026-05-06T17:14:22.077139+00:00,72.6835,0.0981,96.0946,-0.0798,0.8483,0.0,2400.0,0.0,5.5621
31.00017,2026-05-06T17:14:22.576458+00:00,72.5601,-0.0518,96.1884,-0.0227,0.8483,0.0,2400.0,0.0,5.5815
31.5,2026-05-06T17:14:23.076638+00:00,72.7197,0.0238,96.1448,-0.0175,0.8483,0.0,2400.0,0.0,5.591
32.000361,2026-05-06T17:14:23.576484+00:00,73.097,0.2092,96.1113,-0.052,0.8483,0.0,2400.0,0.0,5.5444
32.5,2026-05-06T17:14:24.080739+00:00,73.2597,0.2881,96.0855,-0.04,0.8483,0.0,2400.0,0.0,5.5217
33.0,2026-05-06T17:14:24.576093+00:00,73.1302,0.285,96.0658,-0.0693,0.8483,0.0,2400.0,0.0,5.5618
33.5,2026-05-06T17:14:25.076290+00:00,73.1579,0.2191,96.1662,0.0239,0.8483,0.0,2400.0,0.0,5.5813
34.000411,2026-05-06T17:14:25.577206+00:00,73.3065,0.1047,96.1278,-0.0202,0.8483,0.0,2400.0,0.0,5.5909
34.5,2026-05-06T17:14:26.076098+00:00,73.5479,0.1441,96.2139,0.023,0.8483,0.0,2400.0,0.0,5.5956
35.0,2026-05-06T17:14:26.582099+00:00,73.8608,0.3653,96.257,0.0486,0.8483,0.0,2400.0,0.0,5.5978
35.5,2026-05-06T17:14:27.076120+00:00,73.974,0.4081,96.1975,0.0373,0.8483,0.0,2400.0,0.0,5.5989
36.0,2026-05-06T17:14:27.576109+00:00,73.9337,0.3136,96.2675,0.0673,0.8483,0.0,2400.0,0.0,5.5995
36.5,2026-05-06T17:14:28.076071+00:00,74.0301,0.2411,96.3213,0.0517,0.8483,0.0,2400.0,0.0,5.5997
37.0,2026-05-06T17:14:28.576090+00:00,73.9768,0.058,96.3627,0.0783,0.8483,0.0,2400.0,0.0,5.5999
37.5,2026-05-06T17:14:29.080398+00:00,74.0632,0.0446,96.2787,0.0216,0.8483,0.0,2400.0,0.0,5.5999
38.0,2026-05-06T17:14:29.576977+00:00,74.2568,0.1615,96.3299,0.0243,0.8483,0.0,2400.0,0.0,5.6
38.5,2026-05-06T17:14:30.078699+00:00,74.2784,0.1242,96.1379,-0.0199,0.8483,0.0,2400.0,0.0,5.6
39.0,2026-05-06T17:14:30.576140+00:00,74.295,0.1591,96.106,-0.0538,0.8483,0.0,2400.0,0.0,5.6
39.5,2026-05-06T17:14:31.076142+00:00,74.1804,0.0586,96.1972,-0.0414,0.8483,0.0,2400.0,0.0,5.5488
40.0,2026-05-06T17:14:31.581308+00:00,74.4742,0.1087,96.2672,-0.0318,0.8483,0.0,2400.0,0.0,5.5238
40.5,2026-05-06T17:14:32.076146+00:00,74.4455,0.0835,96.2054,-0.0244,0.8483,0.0,2400.0,0.0,5.5116
41.0,2026-05-06T17:14:32.576099+00:00,74.5506,0.1278,96.2736,-0.0188,0.8483,0.0,2400.0,0.0,5.5057
41.5,2026-05-06T17:14:33.076577+00:00,74.6315,0.2255,96.326,0.0627,0.8483,0.0,2400.0,0.0,5.5028
42.0,2026-05-06T17:14:33.577982+00:00,74.5663,0.0461,96.2505,0.0482,0.8483,0.0,2400.0,0.0,5.5014
42.5,2026-05-06T17:14:34.081576+00:00,74.5163,0.0354,96.1926,-0.0015,0.8483,0.0,2400.0,0.0,5.5007
43.0,2026-05-06T17:14:34.576105+00:00,74.7323,0.0909,96.2637,-0.0012,0.8483,0.0,2400.0,0.0,5.5003
43.5,2026-05-06T17:14:35.076098+00:00,74.7711,0.0698,96.2027,-0.0009,0.8483,0.0,2400.0,0.0,5.5002
44.0,2026-05-06T17:14:35.576277+00:00,74.801,0.1173,96.1558,-0.0393,0.8483,0.0,2400.0,0.0,5.5001
44.5,2026-05-06T17:14:36.076096+00:00,74.5693,0.0265,96.1197,-0.0687,0.8483,0.0,2400.0,0.0,5.5
45.0,2026-05-06T17:14:36.581326+00:00,74.7731,0.0204,96.092,-0.0528,0.8483,0.0,2400.0,0.0,5.5
45.5,2026-05-06T17:14:37.076971+00:00,74.9298,0.0793,96.0707,-0.0406,0.8483,0.0,2400.0,0.0,5.5512
46.000239,2026-05-06T17:14:37.576400+00:00,75.1774,0.1882,95.9387,-0.1083,0.8483,0.0,2400.0,0.0,5.5762
46.5,2026-05-06T17:14:38.076541+00:00,75.1132,0.2719,95.9529,-0.0833,0.8483,0.0,2400.0,0.0,5.5372
47.0,2026-05-06T17:14:38.576181+00:00,75.3184,0.2726,95.9638,-0.064,0.8483,0.0,2400.0,0.0,5.5181
47.5,2026-05-06T17:14:39.081418+00:00,74.8398,-0.045,95.9722,-0.0492,0.7996,-0.0487,2045.94,-354.06,5.5089
48.0,2026-05-06T17:14:39.576161+00:00,74.7264,-0.2255,96.0943,0.0008,0.7797,-0.0686,1900.8108,-499.1892,5.5043
48.5,2026-05-06T17:14:40.076161+00:00,74.2575,-0.4278,96.0725,0.0006,0.7715,-0.0281,1841.3223,-204.6177,5.5021
49.0,2026-05-06T17:14:40.576140+00:00,74.0244,-0.647,96.1714,0.0776,0.7681,-0.0115,1816.938,-83.8728,5.501
49.5,2026-05-06T17:14:41.076172+00:00,73.7179,-0.5609,96.1317,0.0596,0.7668,-0.0047,1806.9429,-34.3795,5.5005
50.0,2026-05-06T17:14:41.582455+00:00,73.4824,-0.622,96.217,0.0844,0.7662,-0.0019,1802.8459,-14.0921,5.5002
50.5,2026-05-06T17:14:42.076170+00:00,73.3013,-0.4781,96.0511,0.0263,0.766,-0.0008,1801.1665,-5.7764,5.5001
51.0,2026-05-06T17:14:42.576152+00:00,73.2895,-0.3675,96.1549,0.0202,0.7659,-0.0003,1800.4782,-2.3677,5.5001
51.5,2026-05-06T17:14:43.076119+00:00,73.2803,-0.2188,96.0034,-0.023,0.7658,-0.0001,1800.196,-0.9705,5.5
52.0,2026-05-06T17:14:43.576157+00:00,73.0188,-0.2318,96.3497,0.0594,0.7658,-0.0001,1800.0803,-0.3978,5.5
52.5,2026-05-06T17:14:44.081257+00:00,72.945,-0.1782,96.3845,0.0842,0.7658,-0.0,1800.0329,-0.1631,5.5
53.0,2026-05-06T17:14:44.576159+00:00,73.0156,-0.1369,96.4112,0.0648,0.7658,-0.0,1800.0135,-0.0668,5.5512
53.5,2026-05-06T17:14:45.076184+00:00,72.9426,-0.1689,96.2004,0.0498,0.7658,-0.0,1800.0055,-0.0274,5.525
54.0,2026-05-06T17:14:45.576142+00:00,72.8864,-0.0662,96.2697,0.0383,0.7658,-0.0,1800.0023,-0.0112,5.5122
54.5,2026-05-06T17:14:46.076121+00:00,72.716,-0.1145,96.323,0.1065,0.7658,-0.0,1800.0009,-0.0046,5.506
55.000676,2026-05-06T17:14:46.582511+00:00,72.4578,-0.2789,96.3639,0.0047,0.7658,-0.0,1800.0004,-0.0019,5.5029
55.5,2026-05-06T17:14:47.076144+00:00,72.3866,-0.278,96.2797,-0.0349,0.7658,-0.0,1800.0002,-0.0008,5.5014
56.000488,2026-05-06T17:14:47.576655+00:00,72.4591,-0.2137,96.3307,-0.0268,0.7658,-0.0,1800.0001,-0.0003,5.5007
56.5,2026-05-06T17:14:48.076155+00:00,72.3876,-0.1642,96.231,0.0102,0.7658,-0.0,1800.0,-0.0001,5.5003
57.0,2026-05-06T17:14:48.577866+00:00,72.3326,-0.0626,96.1776,-0.0307,0.7658,-0.0,1800.0,-0.0001,5.5002
57.5,2026-05-06T17:14:49.083076+00:00,72.1631,-0.1117,96.3679,0.015,0.7658,-0.0,1800.0,-0.0,5.5513
58.0,2026-05-06T17:14:49.576157+00:00,72.16,-0.1495,96.3985,0.0115,0.7658,-0.0,1800.0,-0.0,5.5762
58.5,2026-05-06T17:14:50.076339+00:00,72.4123,0.0123,96.5377,0.086,0.7658,-0.0,1800.0,-0.0,5.5884
59.0,2026-05-06T17:14:50.576156+00:00,72.4788,0.0731,96.6446,0.1046,0.7658,-0.0,1800.0,-0.0,5.5943
59.5,2026-05-06T17:14:51.076147+00:00,72.6573,0.2471,96.7269,0.1653,0.7658,-0.0,1800.0,-0.0,5.5972
60.0,2026-05-06T17:14:51.583080+00:00,72.5399,0.1899,96.6975,0.1733,0.7658,-0.0,1800.0,-0.0,5.5987
60.5,2026-05-06T17:14:52.076150+00:00,72.7042,0.146,96.7675,0.1332,0.7658,-0.0,1800.0,-0.0,5.5993
61.0,2026-05-06T17:14:52.576203+00:00,72.576,0.0486,96.937,0.1795,0.7658,-0.0,1800.0,-0.0,5.5997
61.5,2026-05-06T17:14:53.076210+00:00,72.6047,-0.0263,96.8359,0.0994,0.7658,-0.0,1800.0,-0.0,5.5486
62.0,2026-05-06T17:14:53.576271+00:00,72.6267,0.0434,96.8739,0.0764,0.7658,-0.0,1800.0,-0.0,5.5237
62.5,2026-05-06T17:14:54.082661+00:00,72.6437,-0.0303,96.7873,0.0202,0.7658,-0.0,1800.0,-0.0,5.5116
63.0,2026-05-06T17:14:54.576576+00:00,72.784,0.104,96.7209,0.0078,0.7658,-0.0,1800.0,-0.0,5.5057
63.5,2026-05-06T17:14:55.076129+00:00,72.7646,0.0799,96.5541,-0.0712,0.7658,-0.0,1800.0,-0.0,5.5028
64.002103,2026-05-06T17:14:55.578287+00:00,72.8769,0.1251,96.4258,-0.1704,0.7658,-0.0,1800.0,-0.0,5.5013
64.5,2026-05-06T17:14:56.077844+00:00,72.9632,0.1598,96.5587,-0.0924,0.7658,-0.0,1800.0,-0.0,5.5007
65.0,2026-05-06T17:14:56.582083+00:00,73.0296,0.1228,96.5451,-0.1096,0.7658,-0.0,1800.0,-0.0,5.5003
65.500098,2026-05-06T17:14:57.076329+00:00,73.0806,0.158,96.5347,-0.0842,0.7658,-0.0,1800.0,-0.0,5.5002
66.0,2026-05-06T17:14:57.576163+00:00,72.8652,-0.0058,96.411,-0.1033,0.7658,-0.0,1800.0,-0.0,5.5001
66.5,2026-05-06T17:14:58.076173+00:00,72.827,-0.0681,96.3159,-0.0794,0.7658,-0.0,1800.0,-0.0,5.4488
67.0,2026-05-06T17:14:58.576159+00:00,72.9249,-0.0523,96.4742,0.0161,0.7658,-0.0,1800.0,-0.0,5.4238
67.5,2026-05-06T17:14:59.083330+00:00,73.0001,-0.0402,96.3413,-0.0725,0.7658,-0.0,1800.0,-0.0,5.4116
68.0,2026-05-06T17:14:59.578672+00:00,72.9307,0.0327,96.2623,-0.0943,0.7658,0.0,1800.0,0.0,5.4057
68.5,2026-05-06T17:15:00.076154+00:00,72.8773,0.0251,96.3173,-0.0725,0.7658,0.0,1800.0,0.0,5.4028
69.0,2026-05-06T17:15:00.576130+00:00,72.9635,0.0193,96.4753,0.0214,0.7658,0.0,1800.0,0.0,5.4014
69.5006,2026-05-06T17:15:01.076820+00:00,73.1571,0.0785,96.481,0.0551,0.7658,0.0,1800.0,0.0,5.4007
70.0,2026-05-06T17:15:01.582580+00:00,73.0513,0.0603,96.6011,0.0423,0.7658,0.0,1800.0,0.0,5.4003
70.5,2026-05-06T17:15:02.076143+00:00,72.97,0.0464,96.5777,0.0788,0.7658,0.0,1800.0,0.0,5.4002
71.0,2026-05-06T17:15:02.576142+00:00,73.0348,0.0356,96.5597,0.0991,0.7658,0.0,1800.0,0.0,5.4001
71.5,2026-05-06T17:15:03.076161+00:00,73.2119,0.0274,96.3145,-0.0009,0.7658,0.0,1800.0,0.0,5.4
72.0,2026-05-06T17:15:03.576154+00:00,73.2207,0.0847,96.3574,-0.0393,0.7658,0.0,1800.0,0.0,5.4
72.5,2026-05-06T17:15:04.082027+00:00,73.2275,0.1287,96.3904,-0.0302,0.7658,0.0,1800.0,0.0,5.4
73.0,2026-05-06T17:15:04.576145+00:00,73.2327,0.0989,96.4158,-0.0618,0.7658,0.0,1800.0,0.0,5.4512
73.5,2026-05-06T17:15:05.076545+00:00,73.364,0.076,96.551,-0.0089,0.7658,0.0,1800.0,0.0,5.4762
74.0,2026-05-06T17:15:05.576690+00:00,73.4649,0.1221,96.7706,0.0703,0.7658,0.0,1800.0,0.0,5.4884
74.5,2026-05-06T17:15:06.076120+00:00,73.6697,0.2211,96.708,0.1312,0.7658,0.0,1800.0,0.0,5.5455
75.0,2026-05-06T17:15:06.580396+00:00,73.8271,0.2972,96.7755,0.1394,0.7658,0.0,1800.0,0.0,5.5734
75.5,2026-05-06T17:15:07.076139+00:00,73.8208,0.2284,96.8275,0.1457,0.7658,0.0,1800.0,0.0,5.5358
76.0,2026-05-06T17:15:07.576146+00:00,73.816,0.1756,96.8674,0.1505,0.7658,0.0,1800.0,0.0,5.5175
76.5,2026-05-06T17:15:08.076152+00:00,73.8123,0.0713,96.7824,0.0771,0.7658,0.0,1800.0,0.0,5.5085
77.0,2026-05-06T17:15:08.576511+00:00,73.8095,-0.0088,96.717,-0.0178,0.7658,0.0,1800.0,0.0,5.5042
77.5,2026-05-06T17:15:09.081693+00:00,73.8073,-0.0068,96.6668,-0.0137,0.7658,0.0,1800.0,0.0,5.502
78.0,2026-05-06T17:15:09.576491+00:00,73.9329,0.0584,96.6282,-0.0491,0.7658,0.0,1800.0,0.0,5.501
78.5,2026-05-06T17:15:10.076558+00:00,73.7748,-0.0187,96.7142,-0.0377,0.7658,0.0,1800.0,0.0,5.5005
79.0,2026-05-06T17:15:10.576669+00:00,73.5261,-0.1417,96.7804,-0.029,0.7658,0.0,1800.0,0.0,5.449
79.5,2026-05-06T17:15:11.078587+00:00,73.7168,-0.0453,96.7155,-0.0223,0.7658,0.0,1800.0,0.0,5.4239
80.000193,2026-05-06T17:15:11.595014+00:00,73.736,-0.0984,96.7813,0.0214,0.7658,0.0,1800.0,0.0,5.4117
80.5,2026-05-06T17:15:12.077845+00:00,73.7508,-0.012,96.7162,0.0165,0.7658,0.0,1800.0,0.0,5.4569
81.0,2026-05-06T17:15:12.576180+00:00,73.8895,0.1817,96.6431,0.0049,0.7658,0.0,1800.0,0.0,5.479
81.5,2026-05-06T17:15:13.076372+00:00,73.8688,0.076,96.4943,-0.0733,0.7658,0.0,1800.0,0.0,5.4897
82.0,2026-05-06T17:15:13.576128+00:00,73.8529,0.0584,96.4956,-0.0949,0.7658,0.0,1800.0,0.0,5.5462
82.5,2026-05-06T17:15:14.081725+00:00,73.9679,0.1085,96.4966,-0.073,0.7658,0.0,1800.0,0.0,5.5225
83.00151,2026-05-06T17:15:14.578254+00:00,73.929,0.0198,96.4974,-0.0946,0.7658,0.0,1800.0,0.0,5.5622
83.5,2026-05-06T17:15:15.076121+00:00,73.8992,0.0152,96.498,-0.0727,0.7658,0.0,1800.0,0.0,5.5816
84.0,2026-05-06T17:15:15.576151+00:00,74.0035,0.0753,96.4985,-0.0482,0.7658,0.0,1800.0,0.0,5.591
84.5,2026-05-06T17:15:16.076142+00:00,74.0837,0.0579,96.4988,0.0015,0.7658,0.0,1800.0,0.0,5.5956
85.0,2026-05-06T17:15:16.580783+00:00,74.018,0.0445,96.4991,0.0012,0.7658,0.0,1800.0,0.0,5.5979
85.5,2026-05-06T17:15:17.076142+00:00,74.0949,0.0978,96.4993,0.0009,0.7658,0.0,1800.0,0.0,5.5478
86.0,2026-05-06T17:15:17.576131+00:00,74.1539,0.0752,96.3838,-0.0379,0.7658,0.0,1800.0,0.0,5.5233
86.5,2026-05-06T17:15:18.076144+00:00,74.072,-0.0058,96.4107,-0.0291,0.7658,0.0,1800.0,0.0,5.5114
87.0,2026-05-06T17:15:18.576141+00:00,74.0091,-0.0045,96.1999,-0.0995,0.7658,0.0,1800.0,0.0,5.5055
87.5,2026-05-06T17:15:19.082616+00:00,73.9607,-0.0671,96.2694,-0.0765,0.7658,0.0,1800.0,0.0,5.5027
88.0,2026-05-06T17:15:19.576150+00:00,74.0508,-0.0516,96.3227,-0.0588,0.7658,0.0,1800.0,0.0,5.5525
88.5,2026-05-06T17:15:20.076210+00:00,74.12,0.024,96.3638,-0.0452,0.7658,0.0,1800.0,0.0,5.5256
89.0,2026-05-06T17:15:20.577092+00:00,74.1732,0.0821,96.3953,0.0038,0.7658,0.0,1800.0,0.0,5.5125
89.5,2026-05-06T17:15:21.076342+00:00,74.3414,0.1904,96.5352,0.0415,0.7658,0.0,1800.0,0.0,5.5061
90.0,2026-05-06T17:15:21.585037+00:00,74.2161,0.0827,96.4114,0.0705,0.7658,0.0,1800.0,0.0,5.503
90.5,2026-05-06T17:15:22.076119+00:00,74.2471,0.0635,96.293,0.0079,0.7658,0.0,1800.0,0.0,5.5015
91.0,2026-05-06T17:15:22.576126+00:00,74.1436,-0.0148,96.1095,-0.0711,0.7658,0.0,1800.0,0.0,5.4495
91.5,2026-05-06T17:15:23.076144+00:00,74.1914,-0.075,96.1999,-0.0546,0.7658,0.0,1800.0,0.0,5.4242
92.0,2026-05-06T17:15:23.576196+00:00,74.4826,0.1333,96.0148,-0.1268,0.7658,0.0,1800.0,0.0,5.4118
92.5,2026-05-06T17:15:24.081181+00:00,74.4519,0.1024,96.1271,-0.136,0.7658,0.0,1800.0,0.0,5.4058
93.0,2026-05-06T17:15:24.576166+00:00,74.5556,0.206,96.2134,-0.066,0.7658,0.0,1800.0,0.0,5.5052
93.5,2026-05-06T17:15:25.076886+00:00,74.508,0.1583,96.0483,-0.0816,0.7658,0.0,1800.0,0.0,5.5537
94.0,2026-05-06T17:15:25.576126+00:00,74.5987,0.0581,96.1528,0.0144,0.7658,0.0,1800.0,0.0,5.5774
94.5,2026-05-06T17:15:26.077111+00:00,74.5412,0.0446,96.21,0.0034,0.7658,0.0,1800.0,0.0,5.589
95.0,2026-05-06T17:15:26.582744+00:00,74.6242,0.0343,96.1614,0.0489,0.7658,0.0,1800.0,0.0,5.5946
95.5,2026-05-06T17:15:27.076126+00:00,74.8153,0.1536,96.2398,0.0376,0.7658,0.0,1800.0,0.0,5.5974
96.0,2026-05-06T17:15:27.576121+00:00,74.4531,-0.0728,96.1843,-0.0097,0.7658,0.0,1800.0,0.0,5.5987
96.5,2026-05-06T17:15:28.076462+00:00,74.5565,0.0077,96.2573,0.0697,0.7658,0.0,1800.0,0.0,5.5994
97.0,2026-05-06T17:15:28.577292+00:00,74.636,0.0059,96.1978,0.015,0.7658,0.0,1800.0,0.0,5.5997
97.5,2026-05-06T17:15:29.084752+00:00,74.5698,-0.1227,96.2677,0.0192,0.7658,0.0,1800.0,0.0,5.5487
98.0,2026-05-06T17:15:29.576485+00:00,74.5189,0.0329,96.2058,0.0148,0.7658,0.0,1800.0,0.0,5.5237
98.5,2026-05-06T17:15:30.076160+00:00,74.6071,0.0253,96.1582,-0.0272,0.7658,0.0,1800.0,0.0,5.5116
99.0,2026-05-06T17:15:30.576144+00:00,74.8022,0.0831,95.7513,-0.1443,0.7658,0.0,1800.0,0.0,5.5057
99.5,2026-05-06T17:15:31.076342+00:00,74.9521,0.1911,95.67,-0.1958,0.7658,0.0,1800.0,0.0,5.5028
100.0,2026-05-06T17:15:31.583550+00:00,74.94,0.2105,95.7464,-0.1505,0.7658,0.0,1800.0,0.0,5.5013
100.5,2026-05-06T17:15:32.076405+00:00,75.058,0.2255,95.8976,-0.1234,0.7658,0.0,1800.0,0.0,5.4495
101.0,2026-05-06T17:15:32.576343+00:00,75.0215,0.1096,95.9213,-0.0948,0.7658,0.0,1800.0,0.0,5.4241
101.5,2026-05-06T17:15:33.076387+00:00,75.1206,0.0843,96.0552,-0.0343,0.7658,0.0,1800.0,0.0,5.4118
102.0,2026-05-06T17:15:33.576134+00:00,75.1968,0.1284,96.0424,0.097,0.7658,0.0,1800.0,0.0,5.4057
102.5,2026-05-06T17:15:34.082069+00:00,75.1282,0.0351,96.0326,0.1209,0.7658,0.0,1800.0,0.0,5.4028
103.0,2026-05-06T17:15:34.576141+00:00,75.2026,0.0906,96.1408,0.1315,0.7658,0.0,1800.0,0.0,5.4526
103.5,2026-05-06T17:15:35.076187+00:00,75.3871,0.1333,96.1082,0.0702,0.7658,0.0,1800.0,0.0,5.4769
104.0,2026-05-06T17:15:35.576295+00:00,75.529,0.1661,96.1989,0.0925,0.7658,0.0,1800.0,0.0,5.4887
104.5,2026-05-06T17:15:36.078567+00:00,75.3834,0.1276,96.1528,0.0325,0.7658,0.0,1800.0,0.0,5.4433
105.0,2026-05-06T17:15:36.583827+00:00,75.5261,0.1617,96.2332,0.0636,0.7658,0.0,1800.0,0.0,5.4211
105.5,2026-05-06T17:15:37.076142+00:00,75.3812,-0.003,96.2949,0.0874,0.7658,0.0,1800.0,0.0,5.4103
106.0,2026-05-06T17:15:37.576157+00:00,75.3971,-0.0659,96.3424,0.0672,0.7658,0.0,1800.0,0.0,5.405
106.5,2026-05-06T17:15:38.076140+00:00,75.4094,0.013,96.2631,0.0517,0.7658,0.0,1800.0,0.0,5.4025
107.0,2026-05-06T17:15:38.576178+00:00,75.4188,-0.0537,96.318,0.0397,0.7658,0.0,1800.0,0.0,5.4012
107.5,2026-05-06T17:15:39.082208+00:00,75.2987,-0.0412,96.2444,0.0305,0.7658,0.0,1800.0,0.0,5.4006
108.0,2026-05-06T17:15:39.576151+00:00,75.461,0.0319,96.4192,0.062,0.7658,0.0,1800.0,0.0,5.4515
108.5,2026-05-06T17:15:40.076144+00:00,75.5857,0.0882,96.3222,0.0091,0.7658,0.0,1800.0,0.0,5.4763
109.0,2026-05-06T17:15:40.576353+00:00,75.6816,0.1314,96.3634,0.007,0.7658,0.0,1800.0,0.0,5.4884
109.5,2026-05-06T17:15:41.076166+00:00,75.628,0.1646,96.395,0.0439,0.7658,0.0,1800.0,0.0,5.4944
110.0,2026-05-06T17:15:41.581936+00:00,75.7141,0.1265,96.535,0.0723,0.7658,0.0,1800.0,0.0,5.4972
110.5,2026-05-06T17:15:42.076140+00:00,75.653,0.0336,96.6426,0.1327,0.7658,0.0,1800.0,0.0,5.4987
111.0,2026-05-06T17:15:42.576542+00:00,75.8605,0.0895,96.7253,0.102,0.7658,0.0,1800.0,0.0,5.4993
111.5,2026-05-06T17:15:43.076184+00:00,75.8928,0.1324,96.6732,0.117,0.7658,0.0,1800.0,0.0,5.4997
112.0,2026-05-06T17:15:43.576333+00:00,75.7903,0.0381,96.7488,0.1285,0.7658,0.0,1800.0,0.0,5.4998
112.5,2026-05-06T17:15:44.081035+00:00,75.8389,0.0929,96.9226,0.1759,0.7658,0.0,1800.0,0.0,5.4999
113.0,2026-05-06T17:15:44.576125+00:00,75.8761,0.0078,96.9405,0.1352,0.7658,0.0,1800.0,0.0,5.5
113.5,2026-05-06T17:15:45.076133+00:00,75.9048,0.006,96.9543,0.1039,0.7658,0.0,1800.0,0.0,5.5
114.0,2026-05-06T17:15:45.576129+00:00,75.9268,0.0682,96.9649,0.0799,0.7658,0.0,1800.0,0.0,5.5
114.5,2026-05-06T17:15:46.076130+00:00,75.9438,0.0525,96.8573,0.0614,0.7658,0.0,1800.0,0.0,5.5
115.0,2026-05-06T17:15:46.580737+00:00,75.8295,-0.0233,96.6589,-0.03,0.7658,0.0,1800.0,0.0,5.5512
115.5,2026-05-06T17:15:47.076151+00:00,75.7417,-0.0816,96.7378,-0.0616,0.7658,0.0,1800.0,0.0,5.525
116.0,2026-05-06T17:15:47.576572+00:00,75.8015,-0.0627,96.6828,-0.0859,0.7658,0.0,1800.0,0.0,5.5122
116.500439,2026-05-06T17:15:48.076593+00:00,75.7201,-0.1118,96.6405,-0.1046,0.7658,0.0,1800.0,0.0,5.5059
117.0,2026-05-06T17:15:48.576161+00:00,76.0394,0.105,96.7006,-0.0881,0.7658,0.0,1800.0,0.0,5.5029
117.5,2026-05-06T17:15:49.081490+00:00,76.1576,0.2079,96.7698,-0.0292,0.7658,0.0,1800.0,0.0,5.5014
118.0,2026-05-06T17:15:49.577080+00:00,75.9938,0.0962,96.7074,0.0162,0.7658,0.0,1800.0,0.0,5.5007
118.5,2026-05-06T17:15:50.076205+00:00,76.1225,0.2012,96.6594,-0.0261,0.7658,0.0,1800.0,0.0,5.5003
119.0,2026-05-06T17:15:50.576130+00:00,76.2215,0.091,96.6225,-0.0201,0.7658,0.0,1800.0,0.0,5.5002
119.5,2026-05-06T17:15:51.076132+00:00,76.2975,0.0699,96.571,-0.0232,0.7658,0.0,1800.0,0.0,5.5001
120.0,2026-05-06T17:15:51.584593+00:00,76.2286,0.1174,96.5546,-0.0487,0.7658,0.0,1800.0,0.0,5.5
120.5,2026-05-06T17:15:52.076159+00:00,76.303,0.0902,96.4263,-0.1145,0.7658,0.0,1800.0,0.0,5.5
121.000515,2026-05-06T17:15:52.577276+00:00,76.2329,0.0057,96.3508,-0.1189,0.7658,0.0,1800.0,0.0,5.5
121.5,2026-05-06T17:15:53.076185+00:00,76.4335,0.068,96.6167,-0.0142,0.7658,0.0,1800.0,0.0,5.4488
122.000031,2026-05-06T17:15:53.576270+00:00,76.3332,0.0523,96.7054,0.0276,0.7658,0.0,1800.0,0.0,5.4238
122.5,2026-05-06T17:15:54.080715+00:00,76.2561,-0.0234,96.6579,0.0289,0.7658,0.0,1800.0,0.0,5.4116
123.0,2026-05-06T17:15:54.576779+00:00,76.3241,0.0456,96.737,0.0608,0.7658,0.0,1800.0,0.0,5.4569
123.5,2026-05-06T17:15:55.076329+00:00,76.5037,0.0351,96.9136,0.1624,0.7658,0.0,1800.0,0.0,5.479
124.0,2026-05-06T17:15:55.576647+00:00,76.6417,0.1542,96.8179,0.1557,0.7658,0.0,1800.0,0.0,5.4897
124.501881,2026-05-06T17:15:56.078165+00:00,76.4932,0.1185,96.7443,0.0425,0.7658,0.0,1800.0,0.0,5.495
125.0,2026-05-06T17:15:56.582845+00:00,76.6336,0.1547,96.5721,-0.0444,0.7658,0.0,1800.0,0.0,5.4976
125.5,2026-05-06T17:15:57.076144+00:00,76.487,-0.0083,96.5554,-0.0342,0.7658,0.0,1800.0,0.0,5.4988
126.0,2026-05-06T17:15:57.576123+00:00,76.5016,-0.07,96.5426,-0.0648,0.7658,0.0,1800.0,0.0,5.4994
126.5,2026-05-06T17:15:58.076587+00:00,76.64,0.0734,96.6484,-0.0884,0.7658,0.0,1800.0,0.0,5.4997
127.0,2026-05-06T17:15:58.576209+00:00,76.7465,0.0564,96.7298,-0.0294,0.7658,0.0,1800.0,0.0,5.4999
127.5,2026-05-06T17:15:59.081778+00:00,76.8283,0.1707,96.6766,-0.0226,0.7658,0.0,1800.0,0.0,5.4487
128.0,2026-05-06T17:15:59.576143+00:00,76.8912,0.1948,96.7514,0.0598,0.7658,0.0,1800.0,0.0,5.475
128.5,2026-05-06T17:16:00.076210+00:00,76.9395,0.1497,96.6933,0.046,0.7658,0.0,1800.0,0.0,5.4878
129.0,2026-05-06T17:16:00.576144+00:00,77.1039,0.1787,96.7642,0.0739,0.7658,0.0,1800.0,0.0,5.494
129.5,2026-05-06T17:16:01.076963+00:00,77.103,0.1374,96.7031,0.0182,0.7658,0.0,1800.0,0.0,5.4459
130.0,2026-05-06T17:16:01.581742+00:00,76.975,0.0419,96.633,-0.0323,0.7658,0.0,1800.0,0.0,5.4224
130.5,2026-05-06T17:16:02.076207+00:00,77.0039,0.0322,96.7179,0.0138,0.7658,0.0,1800.0,0.0,5.4621
131.0,2026-05-06T17:16:02.576167+00:00,76.8989,-0.1025,96.7832,0.0106,0.7658,0.0,1800.0,0.0,5.4815
131.5,2026-05-06T17:16:03.076585+00:00,77.0727,-0.0151,96.8333,0.0467,0.7658,0.0,1800.0,0.0,5.491
132.0,2026-05-06T17:16:03.576199+00:00,77.079,0.052,96.8719,0.0359,0.7658,0.0,1800.0,0.0,5.4956
132.501042,2026-05-06T17:16:04.084729+00:00,77.0839,0.04,96.5544,-0.0495,0.7658,0.0,1800.0,0.0,5.4467
133.0,2026-05-06T17:16:04.576163+00:00,77.0876,0.0944,96.3105,-0.1075,0.7658,0.0,1800.0,0.0,5.4228
133.5,2026-05-06T17:16:05.076156+00:00,77.0905,0.0089,96.3543,-0.1212,0.7658,0.0,1800.0,0.0,5.4111
134.0,2026-05-06T17:16:05.576147+00:00,77.0927,0.0068,96.2723,-0.1703,0.7658,0.0,1800.0,0.0,5.4054
134.5,2026-05-06T17:16:06.076151+00:00,76.9671,-0.0584,96.2093,-0.208,0.7658,0.0,1800.0,0.0,5.4026
135.0,2026-05-06T17:16:06.583215+00:00,76.9979,-0.0449,96.2766,-0.1984,0.7658,0.0,1800.0,0.0,5.4013
135.5,2026-05-06T17:16:07.076157+00:00,77.1488,0.0291,96.444,-0.0368,0.7658,0.0,1800.0,0.0,5.4006
136.0,2026-05-06T17:16:07.576699+00:00,77.2647,0.086,96.3412,0.0103,0.7658,0.0,1800.0,0.0,5.4003
136.5,2026-05-06T17:16:08.077061+00:00,77.3539,0.1934,96.378,0.0079,0.7658,0.0,1800.0,0.0,5.4002
137.0,2026-05-06T17:16:08.576178+00:00,77.2951,0.1486,96.2905,0.0061,0.7658,0.0,1800.0,0.0,5.4001
137.5,2026-05-06T17:16:09.081069+00:00,77.3773,0.1142,96.2233,0.0047,0.7658,0.0,1800.0,0.0,5.4
138.0,2026-05-06T17:16:09.576165+00:00,77.3131,0.0242,96.2873,0.0036,0.7658,0.0,1800.0,0.0,5.4512
138.5,2026-05-06T17:16:10.076483+00:00,77.5183,0.0822,96.3365,-0.0358,0.7658,0.0,1800.0,0.0,5.425
139.0,2026-05-06T17:16:10.576185+00:00,77.4215,0.0632,96.4901,0.0496,0.7658,0.0,1800.0,0.0,5.4122
139.5,2026-05-06T17:16:11.076569+00:00,77.3471,-0.0151,96.3767,-0.0004,0.7658,0.0,1800.0,0.0,5.406
140.0,2026-05-06T17:16:11.582458+00:00,77.2899,-0.0116,96.5209,0.0768,0.7658,0.0,1800.0,0.0,5.4029
140.5,2026-05-06T17:16:12.076158+00:00,77.3733,-0.0725,96.5161,0.0976,0.7658,0.0,1800.0,0.0,5.4014
141.0,2026-05-06T17:16:12.576840+00:00,77.4373,0.0079,96.628,0.1136,0.7658,0.0,1800.0,0.0,5.4007
141.5,2026-05-06T17:16:13.076809+00:00,77.4865,0.0697,96.5059,0.0564,0.7658,0.0,1800.0,0.0,5.4003
142.0,2026-05-06T17:16:13.576187+00:00,77.3971,0.0536,96.6202,0.0434,0.7658,0.0,1800.0,0.0,5.4002
142.5,2026-05-06T17:16:14.188617+00:00,77.4556,0.0412,96.361,-0.0052,0.7658,0.0,1800.0,0.0,5.4001
143.0,2026-05-06T17:16:14.576798+00:00,77.3733,-0.032,96.0461,-0.1583,0.7658,0.0,1800.0,0.0,5.4
143.5,2026-05-06T17:16:15.076191+00:00,77.4373,-0.0246,96.1511,-0.1217,0.7658,0.0,1800.0,0.0,5.4
144.0,2026-05-06T17:16:15.577867+00:00,77.6138,0.1084,96.2318,-0.1321,0.7658,0.0,1800.0,0.0,5.4
144.5,2026-05-06T17:16:16.077811+00:00,77.7495,0.1469,96.1782,-0.1092,0.7658,0.0,1800.0,0.0,5.4
145.0,2026-05-06T17:16:16.581653+00:00,77.8537,0.2402,96.137,-0.1611,0.7658,0.0,1800.0,0.0,5.4
145.5,2026-05-06T17:16:17.076152+00:00,77.9338,0.2483,96.221,-0.0467,0.7658,0.0,1800.0,0.0,5.4512
146.0,2026-05-06T17:16:17.576141+00:00,77.6136,-0.0001,96.1698,0.0413,0.7658,0.0,1800.0,0.0,5.4762
146.5,2026-05-06T17:16:18.076133+00:00,77.4948,-0.1273,96.1305,-0.0069,0.7658,0.0,1800.0,0.0,5.4884
147.0,2026-05-06T17:16:18.576133+00:00,77.5307,-0.1615,96.216,-0.0053,0.7658,0.0,1800.0,0.0,5.4943
147.5,2026-05-06T17:16:19.083703+00:00,77.6856,-0.1241,96.166,-0.004,0.7658,0.0,1800.0,0.0,5.446
148.0,2026-05-06T17:16:19.576143+00:00,77.4228,-0.0954,96.2433,0.0355,0.7658,0.0,1800.0,0.0,5.4737
148.5,2026-05-06T17:16:20.076137+00:00,77.7299,0.1176,96.3027,0.0273,0.7658,0.0,1800.0,0.0,5.4871
149.0,2026-05-06T17:16:20.576175+00:00,77.8387,0.154,96.117,-0.0176,0.7658,0.0,1800.0,0.0,5.4937
149.5,2026-05-06T17:16:21.076168+00:00,77.795,0.0547,96.3213,0.0636,0.7658,0.0,1800.0,0.0,5.4457
150.0,2026-05-06T17:16:21.581770+00:00,77.8887,0.233,96.3627,0.0489,0.7658,0.0,1800.0,0.0,5.4223
150.5,2026-05-06T17:16:22.076470+00:00,77.9608,0.1154,96.3944,0.0761,0.7658,0.0,1800.0,0.0,5.4109
151.0,2026-05-06T17:16:22.576181+00:00,77.8889,0.0251,96.5346,0.0971,0.7658,0.0,1800.0,0.0,5.4053
151.5,2026-05-06T17:16:23.076195+00:00,77.7063,-0.0444,96.5266,0.0746,0.7658,0.0,1800.0,0.0,5.4026
152.0,2026-05-06T17:16:23.576200+00:00,77.6933,-0.0977,96.5204,0.1345,0.7658,0.0,1800.0,0.0,5.4013
152.500555,2026-05-06T17:16:24.081809+00:00,77.9378,-0.0115,96.2843,-0.0123,0.7658,0.0,1800.0,0.0,5.4518
153.001139,2026-05-06T17:16:24.577312+00:00,77.8712,-0.0088,96.3342,-0.0095,0.7658,0.0,1800.0,0.0,5.4765
153.5,2026-05-06T17:16:25.076134+00:00,77.82,0.0569,96.4883,0.0313,0.7658,0.0,1800.0,0.0,5.4885
154.0,2026-05-06T17:16:25.576158+00:00,78.0352,0.171,96.3753,-0.0531,0.7658,0.0,1800.0,0.0,5.4944
154.5,2026-05-06T17:16:26.076151+00:00,78.2006,0.1314,96.4041,-0.0408,0.7658,0.0,1800.0,0.0,5.4973
155.0,2026-05-06T17:16:26.583388+00:00,78.2005,0.1646,96.1949,-0.1085,0.7658,0.0,1800.0,0.0,5.4987
155.5,2026-05-06T17:16:27.076172+00:00,78.0731,0.1265,96.2424,-0.014,0.7658,0.0,1800.0,0.0,5.4993
156.0,2026-05-06T17:16:27.576248+00:00,78.1025,0.0336,96.1863,-0.0493,0.7658,0.0,1800.0,0.0,5.4997
156.500184,2026-05-06T17:16:28.076362+00:00,77.9978,-0.1014,96.3746,-0.0379,0.7658,0.0,1800.0,0.0,5.4998
157.000001,2026-05-06T17:16:28.576803+00:00,78.0446,-0.078,96.4036,0.0094,0.7658,0.0,1800.0,0.0,5.4999
157.5,2026-05-06T17:16:29.080429+00:00,78.0805,0.0037,96.3102,-0.0313,0.7658,0.0,1800.0,0.0,5.5
158.0,2026-05-06T17:16:29.576169+00:00,78.2354,0.0665,96.3541,0.0531,0.7658,0.0,1800.0,0.0,5.5
158.5,2026-05-06T17:16:30.076163+00:00,78.3545,0.1784,96.3879,0.0485,0.7658,0.0,1800.0,0.0,5.5
159.0,2026-05-06T17:16:30.576561+00:00,78.3188,0.1371,96.2981,0.0373,0.7658,0.0,1800.0,0.0,5.5
159.5,2026-05-06T17:16:31.076217+00:00,78.2913,0.1054,96.4605,0.0287,0.7658,0.0,1800.0,0.0,5.5
160.0,2026-05-06T17:16:31.581982+00:00,78.3974,0.081,96.4697,0.022,0.7658,0.0,1800.0,0.0,5.5
160.5,2026-05-06T17:16:32.076130+00:00,78.479,0.0622,96.4767,0.0555,0.7658,0.0,1800.0,0.0,5.5
161.0,2026-05-06T17:16:32.576154+00:00,78.5417,0.1115,96.3664,0.0041,0.7658,0.0,1800.0,0.0,5.5
161.5,2026-05-06T17:16:33.076942+00:00,78.4626,0.0857,96.3973,0.0031,0.7658,0.0,1800.0,0.0,5.5
162.0,2026-05-06T17:16:33.576200+00:00,78.4019,0.0022,96.5368,0.0795,0.7658,0.0,1800.0,0.0,5.5
162.5,2026-05-06T17:16:34.081411+00:00,78.3552,-0.0619,96.4126,-0.016,0.7658,0.0,1800.0,0.0,5.5
163.0,2026-05-06T17:16:34.576137+00:00,78.3193,-0.1112,96.4097,-0.02,0.7658,0.0,1800.0,0.0,5.5
163.5,2026-05-06T17:16:35.076191+00:00,78.4189,-0.0219,96.3149,-0.0539,0.7658,0.0,1800.0,0.0,5.5
164.0,2026-05-06T17:16:35.576192+00:00,78.6228,0.1105,96.242,-0.0415,0.7658,0.0,1800.0,0.0,5.5
164.5,2026-05-06T17:16:36.076165+00:00,78.6522,0.1485,96.186,-0.0704,0.7658,0.0,1800.0,0.0,5.5
165.000392,2026-05-06T17:16:36.584199+00:00,78.9294,0.3051,96.143,-0.1313,0.7658,0.0,1800.0,0.0,5.5
165.5,2026-05-06T17:16:37.076146+00:00,78.6333,0.1072,96.3413,-0.0238,0.7658,0.0,1800.0,0.0,5.5
166.0,2026-05-06T17:16:37.576145+00:00,78.5331,-0.0449,96.378,-0.0105,0.7658,0.0,1800.0,0.0,5.4488
166.500169,2026-05-06T17:16:38.076697+00:00,78.7105,0.0291,96.2905,-0.0081,0.7658,0.0,1800.0,0.0,5.4238
167.0,2026-05-06T17:16:38.576329+00:00,78.7197,-0.1049,96.339,0.0323,0.7658,0.0,1800.0,0.0,5.4116
167.5,2026-05-06T17:16:39.083021+00:00,78.7267,0.0467,96.3763,0.0634,0.7658,0.0,1800.0,0.0,5.4057
168.0,2026-05-06T17:16:39.576134+00:00,78.6048,0.0359,96.1735,0.0102,0.7658,0.0,1800.0,0.0,5.4028
168.5,2026-05-06T17:16:40.076155+00:00,78.6384,-0.0361,96.2259,-0.0385,0.7658,0.0,1800.0,0.0,5.4014
169.0,2026-05-06T17:16:40.576129+00:00,78.7915,0.0359,96.405,0.009,0.7658,0.0,1800.0,0.0,5.4007
169.5,2026-05-06T17:16:41.076162+00:00,78.7819,0.0276,96.3113,0.0069,0.7658,0.0,1800.0,0.0,5.4003
170.0,2026-05-06T17:16:41.584012+00:00,78.7745,0.0849,96.2393,-0.0332,0.7658,0.0,1800.0,0.0,5.4002
170.5,2026-05-06T17:16:42.076120+00:00,79.0234,0.1925,96.1839,-0.0641,0.7658,0.0,1800.0,0.0,5.4001
171.0,2026-05-06T17:16:42.576140+00:00,79.0874,0.1479,95.9099,-0.0878,0.7658,0.0,1800.0,0.0,5.4512
171.5,2026-05-06T17:16:43.076345+00:00,79.0093,0.1137,96.1622,-0.0212,0.7658,0.0,1800.0,0.0,5.4762
172.0,2026-05-06T17:16:43.576196+00:00,78.9493,0.0874,96.1478,-0.0857,0.7658,0.0,1622.97,-177.03,5.4884
172.500242,2026-05-06T17:16:44.081203+00:00,78.9032,-0.0601,96.2293,-0.0273,0.7565,-0.0093,1550.4054,-249.5946,5.4943
173.0,2026-05-06T17:16:44.577166+00:00,78.8677,-0.1098,96.1762,-0.021,0.7527,-0.0131,1520.6612,-102.3088,5.4972
173.5,2026-05-06T17:16:45.076593+00:00,78.586,-0.2117,96.1355,-0.0161,0.7511,-0.0054,1508.469,-41.9364,5.4987
174.0,2026-05-06T17:16:45.576199+00:00,78.4966,-0.2263,96.3124,0.1341,0.7504,-0.0022,1503.4714,-17.1897,5.4993
174.5,2026-05-06T17:16:46.076683+00:00,78.428,-0.2376,96.2401,0.026,0.7502,-0.0009,1501.4229,-7.0461,5.4997
175.0,2026-05-06T17:16:46.587021+00:00,78.1207,-0.3735,96.3002,0.0508,0.7501,-0.0004,1500.5833,-2.8882,5.4998
175.5,2026-05-06T17:16:47.078956+00:00,78.0118,-0.2871,96.4622,0.0776,0.75,-0.0002,1500.2391,-1.1839,5.4999
176.0,2026-05-06T17:16:47.576207+00:00,78.0553,-0.2207,96.5635,0.1291,0.75,-0.0001,1500.098,-0.4853,5.5
176.5,2026-05-06T17:16:48.076429+00:00,78.0888,-0.1696,96.5488,0.1378,0.75,-0.0,1500.0402,-0.1989,5.5
177.001613,2026-05-06T17:16:48.577933+00:00,78.1145,-0.0031,96.6532,0.1136,0.75,-0.0,1500.0165,-0.0815,5.5
177.5,2026-05-06T17:16:49.081608+00:00,78.007,-0.0024,96.8491,0.203,0.75,-0.0,1500.0067,-0.0334,5.5
178.002404,2026-05-06T17:16:49.578742+00:00,78.3062,0.1254,96.8841,0.1946,0.75,-0.0,1500.0028,-0.0137,5.5
178.5,2026-05-06T17:16:50.077105+00:00,78.1544,0.0328,97.0034,0.1804,0.75,-0.0,1500.0011,-0.0056,5.5
179.0,2026-05-06T17:16:50.576818+00:00,78.1649,0.0252,97.0026,0.1464,0.75,-0.0,1500.0005,-0.0023,5.5512
179.5,2026-05-06T17:16:51.076307+00:00,78.0458,0.0194,96.7706,0.0739,0.75,-0.0,1500.0002,-0.0009,5.5762
180.000228,2026-05-06T17:16:51.581121+00:00,78.0815,-0.1124,96.6849,0.0106,0.75,-0.0,1500.0001,-0.0004,5.5884
180.5,2026-05-06T17:16:52.076275+00:00,78.1089,-0.0227,96.7578,-0.0305,0.75,-0.0,1500.0,-0.0002,5.5431
181.0,2026-05-06T17:16:52.576207+00:00,78.13,-0.0175,96.5824,-0.1005,0.75,-0.0,1500.0,-0.0001,5.521
181.5,2026-05-06T17:16:53.076329+00:00,78.2735,0.1138,96.5402,-0.1544,0.75,-0.0,1500.0,-0.0,5.5103
182.0,2026-05-06T17:16:53.576326+00:00,78.1292,0.0239,96.2995,-0.2344,0.75,-0.0,1500.0,-0.0,5.505
182.5,2026-05-06T17:16:54.083755+00:00,78.1456,0.0183,96.3459,-0.1416,0.75,-0.0,1500.0,-0.0,5.5024
183.0,2026-05-06T17:16:54.576263+00:00,78.1582,0.0141,96.4973,-0.0625,0.75,-0.0,1500.0,-0.0,5.5012
183.5,2026-05-06T17:16:55.076692+00:00,78.2951,0.0108,96.6136,-0.0481,0.75,-0.0,1500.0,-0.0,5.5006
184.0,2026-05-06T17:16:55.576207+00:00,78.2731,0.072,96.5873,0.0016,0.75,-0.0,1500.0,-0.0,5.5003
184.5,2026-05-06T17:16:56.076200+00:00,78.3835,0.1189,96.6597,0.0398,0.75,-0.0,1500.0,-0.0,5.5001
185.0,2026-05-06T17:16:56.585790+00:00,78.2137,0.0278,96.7153,0.1386,0.75,-0.0,1500.0,-0.0,5.5001
185.5,2026-05-06T17:16:57.076295+00:00,78.2106,-0.0423,96.4109,0.0217,0.75,-0.0,1500.0,-0.0,5.5
186.0,2026-05-06T17:16:57.576209+00:00,78.0808,-0.0961,96.5241,0.0089,0.75,-0.0,1500.0,-0.0,5.5
186.5,2026-05-06T17:16:58.076343+00:00,78.1084,-0.1375,96.5185,-0.0317,0.75,-0.0,1500.0,-0.0,5.5
187.0,2026-05-06T17:16:58.576305+00:00,78.2569,0.0216,96.5142,-0.0244,0.75,-0.0,1500.0,-0.0,5.5
187.5,2026-05-06T17:16:59.080982+00:00,78.371,0.0802,96.6266,-0.011,0.75,-0.0,1500.0,-0.0,5.4488
188.0,2026-05-06T17:16:59.576563+00:00,78.3314,0.1253,96.713,-0.0007,0.75,-0.0,1500.0,-0.0,5.475
188.5,2026-05-06T17:17:00.076271+00:00,78.4283,0.1599,96.7794,0.1228,0.75,-0.0,1500.0,-0.0,5.4878
189.0,2026-05-06T17:17:00.576337+00:00,78.2482,-0.0043,96.8305,0.1021,0.75,-0.0,1500.0,-0.0,5.4941
189.500604,2026-05-06T17:17:01.076829+00:00,78.3643,-0.0033,96.8697,0.1171,0.75,-0.0,1500.0,-0.0,5.4971
190.000658,2026-05-06T17:17:01.582156+00:00,78.4536,0.0611,96.8999,0.1285,0.75,-0.0,1500.0,-0.0,5.4986
190.5,2026-05-06T17:17:02.076171+00:00,78.5222,0.0469,96.923,0.0988,0.75,-0.0,1500.0,-0.0,5.4481
191.000104,2026-05-06T17:17:02.576432+00:00,78.3203,0.0361,96.9177,0.0682,0.75,-0.0,1500.0,-0.0,5.4747
191.500911,2026-05-06T17:17:03.077078+00:00,78.4198,0.0277,96.8442,0.0216,0.75,0.0,1500.0,-0.0,5.4876
192.0,2026-05-06T17:17:03.576429+00:00,78.3689,-0.0423,96.8802,0.0166,0.75,0.0,1500.0,-0.0,5.494
192.5,2026-05-06T17:17:04.082779+00:00,78.2026,-0.1598,96.908,0.0127,0.75,0.0,1500.0,0.0,5.4459
193.0,2026-05-06T17:17:04.576342+00:00,78.3292,0.0044,96.3508,-0.183,0.75,0.0,1500.0,0.0,5.4736
193.5,2026-05-06T17:17:05.076273+00:00,78.2993,-0.0602,96.3853,-0.1792,0.75,0.0,1500.0,0.0,5.4871
194.0,2026-05-06T17:17:05.576362+00:00,78.4036,0.0174,96.5044,-0.1378,0.75,0.0,1500.0,0.0,5.4937
194.5,2026-05-06T17:17:06.077850+00:00,78.611,0.2042,96.4802,-0.1213,0.75,0.0,1500.0,0.0,5.4969
195.0,2026-05-06T17:17:06.582688+00:00,78.6432,0.157,96.8319,-0.0161,0.75,0.0,1500.0,0.0,5.4985
195.5,2026-05-06T17:17:07.076664+00:00,78.4134,0.057,96.9865,0.0262,0.75,0.0,1500.0,0.0,5.4993
196.0,2026-05-06T17:17:07.576752+00:00,78.4913,0.0438,96.8971,0.1821,0.75,0.0,1500.0,0.0,5.4996
196.5,2026-05-06T17:17:08.076210+00:00,78.5511,-0.03,97.0134,0.2094,0.75,0.0,1500.0,0.0,5.4998
197.0,2026-05-06T17:17:08.576380+00:00,78.5972,-0.023,97.0103,0.1686,0.75,0.0,1500.0,0.0,5.4999
197.501713,2026-05-06T17:17:09.086740+00:00,78.5053,0.0459,96.522,0.0139,0.75,0.0,1500.0,0.0,5.4488
198.0,2026-05-06T17:17:09.576287+00:00,78.5619,0.0353,96.6095,-0.0741,0.75,0.0,1500.0,0.0,5.4238
198.5,2026-05-06T17:17:10.077707+00:00,78.4781,-0.0365,96.8155,-0.057,0.75,0.0,1500.0,0.0,5.4116
199.0,2026-05-06T17:17:10.576422+00:00,78.5411,-0.0281,96.8582,-0.0129,0.75,0.0,1500.0,0.0,5.4057
199.5,2026-05-06T17:17:11.076205+00:00,78.4621,-0.0216,96.891,-0.0408,0.75,0.0,1500.0,0.0,5.4028
200.0,2026-05-06T17:17:11.580797+00:00,78.5287,-0.0166,96.9162,-0.0314,0.75,0.0,1500.0,0.0,5.4013
200.5,2026-05-06T17:17:12.076637+00:00,78.7072,0.1145,96.6811,0.053,0.75,0.0,1500.0,0.0,5.4519
201.0,2026-05-06T17:17:12.576204+00:00,78.7171,0.088,96.7549,0.0485,0.75,0.0,1500.0,0.0,5.4765
201.5,2026-05-06T17:17:13.076264+00:00,78.852,0.1949,96.8116,-0.0013,0.75,0.0,1500.0,0.0,5.4885
202.0,2026-05-06T17:17:13.576191+00:00,78.7011,0.0862,96.6238,-0.0781,0.75,0.0,1500.0,0.0,5.4944
202.500719,2026-05-06T17:17:14.084534+00:00,78.5852,-0.061,96.8266,-0.0215,0.75,0.0,1500.0,0.0,5.4461
203.0,2026-05-06T17:17:14.576745+00:00,78.7506,0.0167,96.8667,-0.0165,0.75,0.0,1500.0,0.0,5.4737
203.5,2026-05-06T17:17:15.077762+00:00,78.8777,0.0129,96.643,-0.0127,0.75,0.0,1500.0,0.0,5.4872
204.0,2026-05-06T17:17:15.576201+00:00,78.7209,0.0099,96.8413,0.0288,0.75,0.0,1500.0,0.0,5.4937
204.5,2026-05-06T17:17:16.076850+00:00,78.6004,0.0076,96.7855,-0.0087,0.75,0.0,1500.0,0.0,5.4969
205.002549,2026-05-06T17:17:16.584933+00:00,78.2532,-0.2487,96.488,-0.0453,0.75,0.0,1500.0,0.0,5.4985
205.5,2026-05-06T17:17:17.076355+00:00,78.3681,-0.2548,96.4908,-0.1119,0.75,0.0,1500.0,0.0,5.4481
206.000108,2026-05-06T17:17:17.576460+00:00,78.4565,-0.1322,96.4698,-0.1323,0.75,0.0,1500.0,0.0,5.4235
206.5,2026-05-06T17:17:18.076188+00:00,78.3971,-0.1016,96.2222,-0.1403,0.75,0.0,1500.0,0.0,5.4626
207.0,2026-05-06T17:17:18.576555+00:00,78.4788,0.1128,96.5179,-0.1078,0.75,0.0,1500.0,0.0,5.4306
207.5,2026-05-06T17:17:19.082480+00:00,78.5416,0.0867,96.5138,-0.0906,0.75,0.0,1500.0,0.0,5.4149
208.0,2026-05-06T17:17:19.576214+00:00,78.5898,0.0666,96.3717,-0.0388,0.75,0.0,1500.0,0.0,5.4073
208.500657,2026-05-06T17:17:20.076837+00:00,78.7541,0.1785,96.4246,-0.0221,0.75,0.0,1500.0,0.0,5.4036
209.0,2026-05-06T17:17:20.576668+00:00,78.6259,0.0736,96.5577,0.0293,0.75,0.0,1500.0,0.0,5.4017
209.5,2026-05-06T17:17:21.076816+00:00,78.6546,0.0565,96.5444,0.1074,0.75,0.0,1500.0,0.0,5.4008
210.0,2026-05-06T17:17:21.582039+00:00,78.6767,0.0435,96.6498,0.044,0.75,0.0,1500.0,0.0,5.4004
210.5,2026-05-06T17:17:22.076175+00:00,78.6937,-0.0302,96.8465,0.1109,0.75,0.0,1500.0,0.0,5.4002
211.00093,2026-05-06T17:17:22.577447+00:00,78.7067,0.0404,96.6506,0.093,0.75,0.0,1500.0,0.0,5.4001
211.5,2026-05-06T17:17:23.076206+00:00,78.7167,0.031,96.6158,0.0637,0.75,0.0,1500.0,0.0,5.4
212.0,2026-05-06T17:17:23.576173+00:00,78.7244,0.0239,96.589,0.0104,0.75,0.0,1500.0,0.0,5.4
212.5,2026-05-06T17:17:24.080712+00:00,78.8576,0.082,96.6841,0.0466,0.75,0.0,1500.0,0.0,5.4
213.0,2026-05-06T17:17:24.576484+00:00,78.8327,0.063,96.6415,-0.0028,0.75,0.0,1500.0,0.0,5.4
213.5,2026-05-06T17:17:25.076173+00:00,78.9408,0.1121,96.6088,-0.0793,0.75,0.0,1500.0,0.0,5.4
214.0,2026-05-06T17:17:25.576209+00:00,79.0239,0.1498,96.4679,-0.0609,0.75,0.0,1500.0,0.0,5.4
214.5,2026-05-06T17:17:26.076170+00:00,78.9606,0.0515,96.7067,0.0303,0.75,0.0,1500.0,0.0,5.4
215.0,2026-05-06T17:17:26.582414+00:00,78.9118,0.0396,96.7746,0.0619,0.75,0.0,1500.0,0.0,5.4
215.5,2026-05-06T17:17:27.076184+00:00,79.0017,0.0304,96.8267,0.0475,0.75,0.0,1500.0,0.0,5.4
216.0,2026-05-06T17:17:27.576196+00:00,79.0707,0.0234,96.7511,0.0365,0.75,0.0,1500.0,0.0,5.4
216.5,2026-05-06T17:17:28.076267+00:00,79.1238,0.0816,96.7856,0.0589,0.75,0.0,1500.0,0.0,5.4
217.0,2026-05-06T17:17:28.576204+00:00,79.0373,0.0627,96.465,-0.001,0.75,0.0,1500.0,0.0,5.4
217.5,2026-05-06T17:17:29.081174+00:00,79.0981,0.0482,96.4731,-0.0779,0.75,0.0,1500.0,0.0,5.4
218.0,2026-05-06T17:17:29.576192+00:00,79.0175,-0.0266,96.3636,-0.137,0.75,0.0,1500.0,0.0,5.4512
218.5,2026-05-06T17:17:30.076312+00:00,79.0829,-0.0204,96.372,-0.1516,0.75,0.0,1500.0,0.0,5.4762
219.0,2026-05-06T17:17:30.576202+00:00,78.8786,-0.0793,96.4016,-0.1165,0.75,0.0,1500.0,0.0,5.4884
219.5,2026-05-06T17:17:31.076367+00:00,78.7216,-0.1883,96.5401,-0.0818,0.75,0.0,1500.0,0.0,5.4943
220.0,2026-05-06T17:17:31.583324+00:00,78.4736,-0.272,96.7622,0.0991,0.75,0.0,1500.0,0.0,5.4972
220.5,2026-05-06T17:17:32.077686+00:00,78.6648,-0.209,96.8172,0.1147,0.75,0.0,1500.0,0.0,5.4986
221.0,2026-05-06T17:17:32.576968+00:00,78.8118,-0.0334,96.8595,0.1653,0.75,0.0,1500.0,0.0,5.4993
221.5,2026-05-06T17:17:33.076285+00:00,78.9248,0.1016,96.7532,0.1271,0.75,0.0,1500.0,0.0,5.4997
222.0,2026-05-06T17:17:33.576176+00:00,79.0116,0.269,96.8103,0.1362,0.75,0.0,1500.0,0.0,5.4998
222.5,2026-05-06T17:17:34.083518+00:00,78.9511,0.1431,96.9699,0.1433,0.75,0.0,1500.0,0.0,5.4487
223.0,2026-05-06T17:17:34.576299+00:00,78.9045,0.0464,96.7455,-0.0056,0.75,0.0,1500.0,0.0,5.475
223.5,2026-05-06T17:17:35.076261+00:00,79.1233,0.0993,96.6887,-0.0429,0.75,0.0,1500.0,0.0,5.4878
224.0,2026-05-06T17:17:35.576250+00:00,79.1642,0.0763,96.7607,-0.0329,0.75,0.0,1500.0,0.0,5.494
224.500031,2026-05-06T17:17:36.076254+00:00,79.1956,0.1223,96.6772,-0.0253,0.75,0.0,1500.0,0.0,5.4971
225.0,2026-05-06T17:17:36.581578+00:00,79.0925,0.094,96.7288,-0.0272,0.75,0.0,1500.0,0.0,5.4986
225.500093,2026-05-06T17:17:37.076387+00:00,79.2678,0.0722,96.7915,-0.0595,0.75,0.0,1500.0,0.0,5.4993
226.0,2026-05-06T17:17:37.576633+00:00,79.2752,0.0555,96.7009,-0.0148,0.75,0.0,1500.0,0.0,5.4997
226.5,2026-05-06T17:17:38.076183+00:00,79.1537,-0.021,96.7701,0.0272,0.75,0.0,1500.0,0.0,5.4486
227.0,2026-05-06T17:17:38.576270+00:00,78.933,-0.0797,96.8233,0.0209,0.75,0.0,1500.0,0.0,5.4237
227.5,2026-05-06T17:17:39.084120+00:00,79.0179,-0.1249,96.7254,0.016,0.75,0.0,1500.0,0.0,5.4116
228.0,2026-05-06T17:17:39.576731+00:00,79.0832,-0.096,96.7658,0.0123,0.75,0.0,1500.0,0.0,5.4569
228.5,2026-05-06T17:17:40.076355+00:00,79.1334,-0.0102,96.82,0.0095,0.75,0.0,1500.0,0.0,5.4789
229.0,2026-05-06T17:17:40.576190+00:00,79.1719,0.1195,96.7459,0.015,0.75,0.0,1500.0,0.0,5.4897
229.5,2026-05-06T17:17:41.076325+00:00,79.2016,0.0918,96.7816,0.0038,0.75,0.0,1500.0,0.0,5.495
230.0,2026-05-06T17:17:41.684573+00:00,79.0971,0.0069,96.9478,0.0415,0.75,0.0,1500.0,0.0,5.4976
230.5,2026-05-06T17:17:42.078017+00:00,79.144,0.0053,96.8442,0.0396,0.75,0.0,1500.0,0.0,5.4476
231.0,2026-05-06T17:17:42.576206+00:00,79.1801,0.0041,96.996,0.0767,0.75,0.0,1500.0,0.0,5.4232
231.504123,2026-05-06T17:17:43.080483+00:00,79.2079,0.0031,96.9969,0.059,0.75,0.0,1500.0,0.0,5.4113
232.0,2026-05-06T17:17:43.578542+00:00,79.2292,0.0661,96.8819,0.0453,0.75,0.0,1500.0,0.0,5.4055
232.5,2026-05-06T17:17:44.085012+00:00,79.1183,-0.0129,96.9092,0.0425,0.75,0.0,1500.0,0.0,5.4027
233.0,2026-05-06T17:17:44.576373+00:00,79.2876,0.0537,96.9302,-0.0059,0.75,0.0,1500.0,0.0,5.4525
233.5,2026-05-06T17:17:45.076188+00:00,79.2905,0.0413,96.715,-0.0431,0.75,0.0,1500.0,0.0,5.4768
234.0,2026-05-06T17:17:45.576527+00:00,79.2927,0.0318,96.4338,-0.1874,0.75,0.0,1500.0,0.0,5.4887
234.5,2026-05-06T17:17:46.076589+00:00,79.5489,0.2153,96.5648,-0.144,0.75,0.0,1500.0,0.0,5.4945
235.0,2026-05-06T17:17:46.583441+00:00,79.6186,0.1655,96.2953,-0.1955,0.75,0.0,1500.0,0.0,5.4973
235.5,2026-05-06T17:17:47.077727+00:00,79.6721,0.1908,96.4584,-0.1503,0.75,0.0,1500.0,0.0,5.4987
236.0,2026-05-06T17:17:47.576186+00:00,79.7133,0.2103,96.4449,-0.1618,0.75,0.0,1500.0,0.0,5.4994
236.5,2026-05-06T17:17:48.079259+00:00,79.6177,0.0344,96.2031,-0.1706,0.75,0.0,1500.0,0.0,5.4485
237.0,2026-05-06T17:17:48.576437+00:00,79.5442,-0.0372,96.3875,-0.0154,0.75,0.0,1500.0,0.0,5.4237
237.5,2026-05-06T17:17:49.081162+00:00,79.4877,-0.0922,96.5292,-0.0119,0.75,0.0,1500.0,0.0,5.4115
238.0,2026-05-06T17:17:49.576208+00:00,79.4442,-0.1345,96.6382,0.1143,0.75,0.0,1500.0,0.0,5.4056
238.5,2026-05-06T17:17:50.076172+00:00,79.4109,-0.1034,96.7219,0.0878,0.75,0.0,1500.0,0.0,5.4027
239.0,2026-05-06T17:17:50.577710+00:00,79.3852,-0.0795,96.7862,0.1138,0.75,0.0,1500.0,0.0,5.4013
239.5,2026-05-06T17:17:51.076191+00:00,79.62,0.0662,96.72,0.1723,0.75,0.0,1500.0,0.0,5.4519
240.0,2026-05-06T17:17:51.583118+00:00,79.6732,0.1145,96.5534,0.0553,0.75,0.0,1500.0,0.0,5.4765
240.5,2026-05-06T17:17:52.076384+00:00,79.7141,0.1516,96.5179,-0.0038,0.75,0.0,1500.0,0.0,5.4373
241.0,2026-05-06T17:17:52.576204+00:00,79.7456,0.1802,96.3981,-0.08,0.75,0.0,1500.0,0.0,5.4182
241.5,2026-05-06T17:17:53.076517+00:00,79.7697,0.0749,96.5373,-0.0615,0.75,0.0,1500.0,0.0,5.4089
242.0,2026-05-06T17:17:53.576328+00:00,79.661,-0.0061,96.6213,-0.055,0.75,0.0,1500.0,0.0,5.4555
242.5,2026-05-06T17:17:54.081645+00:00,79.832,0.0589,96.5932,-0.0423,0.75,0.0,1500.0,0.0,5.4271
243.0,2026-05-06T17:17:54.576877+00:00,79.9635,0.1089,96.803,0.0832,0.75,0.0,1500.0,0.0,5.4644
243.5,2026-05-06T17:17:55.076613+00:00,79.8099,0.0201,96.9643,0.1488,0.75,0.0,1500.0,0.0,5.4314
244.0,2026-05-06T17:17:55.576180+00:00,79.8192,0.0791,96.6255,0.0758,0.75,0.0,1500.0,0.0,5.4153
244.5,2026-05-06T17:17:56.076199+00:00,79.8263,-0.0029,96.5964,0.0197,0.75,0.0,1500.0,0.0,5.4075
245.0,2026-05-06T17:17:56.582679+00:00,79.8318,-0.0658,96.8055,0.0614,0.75,0.0,1500.0,0.0,5.4037
245.5,2026-05-06T17:17:57.076203+00:00,79.9633,0.0767,96.7117,0.0395,0.75,0.0,1500.0,0.0,5.453
246.0,2026-05-06T17:17:57.578445+00:00,80.0643,0.1226,96.8941,0.0304,0.75,0.0,1500.0,0.0,5.4771
246.5,2026-05-06T17:17:58.076963+00:00,80.0147,0.0942,96.9186,-0.0152,0.75,0.0,1500.0,0.0,5.4888
247.0,2026-05-06T17:17:58.576197+00:00,79.9766,0.0724,96.5903,-0.0117,0.75,0.0,1500.0,0.0,5.4433
247.5,2026-05-06T17:17:59.083079+00:00,80.2019,0.1193,96.6851,0.0296,0.75,0.0,1500.0,0.0,5.4211
248.0,2026-05-06T17:17:59.577360+00:00,80.1204,0.028,96.758,-0.0158,0.75,0.0,1500.0,0.0,5.4615
248.5,2026-05-06T17:18:00.076203+00:00,79.8033,-0.1057,96.6752,-0.0122,0.75,0.0,1500.0,0.0,5.4812
249.0,2026-05-06T17:18:00.576715+00:00,79.8141,-0.0813,96.4958,-0.1328,0.75,0.0,1500.0,0.0,5.4908
249.5,2026-05-06T17:18:01.076560+00:00,79.8224,-0.1897,96.6125,-0.102,0.75,0.0,1500.0,0.0,5.4955
250.0,2026-05-06T17:18:01.583925+00:00,79.9561,-0.0822,96.4707,-0.0399,0.75,0.0,1500.0,0.0,5.4466
250.5,2026-05-06T17:18:02.077921+00:00,79.9315,0.0641,96.5932,-0.0306,0.75,0.0,1500.0,0.0,5.4739
251.0,2026-05-06T17:18:02.576723+00:00,79.7854,-0.0144,96.4559,-0.1007,0.75,0.0,1500.0,0.0,5.4873
251.5,2026-05-06T17:18:03.076208+00:00,79.6731,-0.0747,96.4661,-0.0697,0.75,0.0,1500.0,0.0,5.4938
252.000521,2026-05-06T17:18:03.576755+00:00,79.8413,-0.0574,96.5897,0.0313,0.75,0.0,1500.0,0.0,5.497
252.5,2026-05-06T17:18:04.082487+00:00,79.8433,-0.0441,96.6846,0.0241,0.75,0.0,1500.0,0.0,5.4473
253.0,2026-05-06T17:18:04.576198+00:00,79.7176,-0.0339,96.3874,-0.0278,0.75,0.0,1500.0,0.0,5.4743
253.5,2026-05-06T17:18:05.076523+00:00,79.8755,0.1012,96.5291,-0.0214,0.75,0.0,1500.0,0.0,5.4363
254.0,2026-05-06T17:18:05.576262+00:00,80.1241,0.1414,96.7538,0.0993,0.75,0.0,1500.0,0.0,5.4177
254.5,2026-05-06T17:18:06.076213+00:00,79.9334,0.0451,96.6951,0.0763,0.75,0.0,1500.0,0.0,5.4086
255.0,2026-05-06T17:18:06.581341+00:00,80.0414,0.1619,96.7656,0.0587,0.75,0.0,1500.0,0.0,5.4042
255.5,2026-05-06T17:18:07.076471+00:00,80.1244,0.1244,96.5885,-0.0321,0.75,0.0,1500.0,0.0,5.4021
256.0,2026-05-06T17:18:07.576287+00:00,80.1882,0.032,96.5448,0.0525,0.75,0.0,1500.0,0.0,5.401
256.5,2026-05-06T17:18:08.076189+00:00,80.1099,0.0882,96.6502,0.0403,0.75,0.0,1500.0,0.0,5.4005
257.0,2026-05-06T17:18:08.576190+00:00,80.177,0.0678,96.7311,-0.0076,0.75,0.0,1500.0,0.0,5.4002
257.5,2026-05-06T17:18:09.084628+00:00,80.3559,0.1158,96.5619,-0.0444,0.75,0.0,1500.0,0.0,5.4513
258.0,2026-05-06T17:18:09.576184+00:00,80.3661,0.089,96.5245,-0.0804,0.75,0.0,1500.0,0.0,5.4762
258.5,2026-05-06T17:18:10.076337+00:00,80.2467,0.0684,96.6345,0.0153,0.75,0.0,1500.0,0.0,5.4884
259.0,2026-05-06T17:18:10.576201+00:00,80.1549,-0.0111,96.6034,0.0195,0.75,0.0,1500.0,0.0,5.4943
259.5,2026-05-06T17:18:11.076207+00:00,80.0843,-0.1358,96.6952,0.015,0.75,0.0,1500.0,0.0,5.4972
260.0,2026-05-06T17:18:11.581509+00:00,80.1574,-0.1044,96.7657,0.0115,0.75,0.0,1500.0,0.0,5.4987
260.5,2026-05-06T17:18:12.076212+00:00,80.2135,-0.0166,96.7042,0.0474,0.75,0.0,1500.0,0.0,5.4993
261.0,2026-05-06T17:18:12.576203+00:00,80.2567,0.0509,96.8884,0.1213,0.75,0.0,1500.0,0.0,5.4997
261.5,2026-05-06T17:18:13.076210+00:00,80.0353,-0.0245,96.9142,0.0932,0.75,0.0,1500.0,0.0,5.4998
262.0,2026-05-06T17:18:13.576183+00:00,79.8652,-0.1461,96.9109,0.1025,0.75,0.0,1500.0,0.0,5.4999
262.5,2026-05-06T17:18:14.082287+00:00,80.1162,-0.0487,96.8158,0.0402,0.75,0.0,1500.0,0.0,5.5
263.0,2026-05-06T17:18:14.577193+00:00,80.0546,-0.101,96.7427,-0.0077,0.75,0.0,1500.0,0.0,5.5
263.5,2026-05-06T17:18:15.076192+00:00,80.1345,0.0496,96.6634,-0.0136,0.75,0.0,1500.0,0.0,5.5
264.0,2026-05-06T17:18:15.576887+00:00,80.196,0.1654,96.8339,-0.0182,0.75,0.0,1500.0,0.0,5.5
264.5,2026-05-06T17:18:16.077699+00:00,80.3704,0.1271,96.7798,-0.0448,0.75,0.0,1500.0,0.0,5.5
265.0,2026-05-06T17:18:16.583018+00:00,80.3773,0.1613,96.5993,-0.1039,0.75,0.0,1500.0,0.0,5.5
265.5,2026-05-06T17:18:17.076873+00:00,80.3825,0.124,96.8077,-0.0027,0.75,0.0,1500.0,0.0,5.5
266.0,2026-05-06T17:18:17.576205+00:00,80.3866,0.0953,96.8522,0.0365,0.75,0.0,1500.0,0.0,5.5
266.5,2026-05-06T17:18:18.077012+00:00,80.2624,-0.054,96.7939,0.0435,0.75,0.0,1500.0,0.0,5.5
267.0,2026-05-06T17:18:18.576185+00:00,80.2943,-0.0415,96.8416,0.0026,0.75,0.0,1500.0,0.0,5.5
267.5,2026-05-06T17:18:19.088651+00:00,80.446,0.0317,96.9708,0.0637,0.75,0.0,1500.0,0.0,5.5
268.0,2026-05-06T17:18:19.576197+00:00,80.5626,0.088,96.5147,-0.0282,0.75,0.0,1500.0,0.0,5.4488
268.5,2026-05-06T17:18:20.076697+00:00,80.525,0.1313,96.5113,-0.0988,0.75,0.0,1500.0,0.0,5.4238
269.0,2026-05-06T17:18:20.576173+00:00,80.2415,-0.0264,96.4856,-0.1222,0.75,0.0,1500.0,0.0,5.4628
269.5,2026-05-06T17:18:21.076371+00:00,80.4055,-0.0203,96.2575,-0.1788,0.75,0.0,1500.0,0.0,5.4819
270.0,2026-05-06T17:18:21.581618+00:00,80.2769,-0.1428,96.4293,-0.1374,0.75,0.0,1500.0,0.0,5.4911
270.5,2026-05-06T17:18:22.076413+00:00,80.3054,-0.1098,96.4225,-0.1827,0.75,0.0,1500.0,0.0,5.4957
271.0,2026-05-06T17:18:22.576273+00:00,80.4546,0.1065,96.5562,0.0138,0.75,0.0,1500.0,0.0,5.4979
271.5,2026-05-06T17:18:23.076189+00:00,80.4419,0.0182,96.6589,0.0492,0.75,0.0,1500.0,0.0,5.499
272.0,2026-05-06T17:18:23.576186+00:00,80.305,0.014,96.599,0.0378,0.75,0.0,1500.0,0.0,5.4995
272.5,2026-05-06T17:18:24.081859+00:00,80.327,0.0108,96.3447,0.0291,0.75,0.0,1500.0,0.0,5.4486
273.0,2026-05-06T17:18:24.576732+00:00,80.3439,-0.0554,96.4963,0.0223,0.75,0.0,1500.0,0.0,5.4749
273.5,2026-05-06T17:18:25.076193+00:00,80.3569,-0.0425,96.6129,0.0634,0.75,0.0,1500.0,0.0,5.4877
274.0,2026-05-06T17:18:25.576218+00:00,80.1123,-0.0963,96.471,-0.0284,0.75,0.0,1500.0,0.0,5.494
274.5,2026-05-06T17:18:26.076214+00:00,80.1789,-0.074,96.4777,-0.0604,0.75,0.0,1500.0,0.0,5.4971
275.000072,2026-05-06T17:18:26.583617+00:00,80.23,-0.0569,96.4598,-0.0464,0.75,0.0,1500.0,0.0,5.4986
275.50125,2026-05-06T17:18:27.077479+00:00,80.3966,0.0199,96.3765,0.0106,0.75,0.0,1500.0,0.0,5.4481
276.0,2026-05-06T17:18:27.576246+00:00,80.5247,0.2062,96.5208,0.0082,0.75,0.0,1500.0,0.0,5.4235
276.5,2026-05-06T17:18:28.076365+00:00,80.6231,0.2221,96.6317,0.0063,0.75,0.0,1500.0,0.0,5.4115
277.0,2026-05-06T17:18:28.576357+00:00,80.6987,0.2344,96.8326,0.1205,0.75,0.0,1500.0,0.0,5.4056
277.5,2026-05-06T17:18:29.081000+00:00,80.8842,0.2438,96.987,0.1698,0.75,0.0,1500.0,0.0,5.4027
278.0,2026-05-06T17:18:29.577471+00:00,80.8994,0.1874,97.0826,0.2076,0.75,0.0,1500.0,0.0,5.4525
278.5,2026-05-06T17:18:30.076179+00:00,80.7838,0.0804,97.0635,0.229,0.75,0.0,1500.0,0.0,5.4768
279.0,2026-05-06T17:18:30.576284+00:00,80.695,-0.0019,97.0488,0.176,0.75,0.0,1500.0,0.0,5.4887
279.5,2026-05-06T17:18:31.076218+00:00,80.6267,-0.1287,97.1532,0.1738,0.75,0.0,1500.0,0.0,5.4945
280.0,2026-05-06T17:18:31.583719+00:00,80.8288,-0.0353,97.1178,0.095,0.75,0.0,1500.0,0.0,5.4973
280.5,2026-05-06T17:18:32.076199+00:00,80.9841,0.1001,97.0905,0.0345,0.75,0.0,1500.0,0.0,5.4987
281.0,2026-05-06T17:18:32.576395+00:00,80.9762,0.1406,97.0696,-0.0043,0.75,0.0,1500.0,0.0,5.4482
281.5,2026-05-06T17:18:33.076205+00:00,80.9702,0.1717,97.0535,-0.0033,0.75,0.0,1500.0,0.0,5.4235
282.0,2026-05-06T17:18:33.576213+00:00,80.9655,0.0683,96.9254,-0.0411,0.75,0.0,1500.0,0.0,5.4115
282.5,2026-05-06T17:18:34.084917+00:00,81.0892,0.0525,96.9195,-0.0779,0.75,0.0,1500.0,0.0,5.4056
283.0,2026-05-06T17:18:34.576210+00:00,81.1842,0.104,96.8224,-0.0984,0.75,0.0,1500.0,0.0,5.4539
283.5,2026-05-06T17:18:35.076896+00:00,81.13,0.0799,96.8635,-0.0757,0.75,0.0,1500.0,0.0,5.5287
284.0,2026-05-06T17:18:35.576728+00:00,81.0884,0.0614,96.8951,-0.0582,0.75,0.0,1500.0,0.0,5.5652
284.5,2026-05-06T17:18:36.076183+00:00,81.0564,-0.0164,97.0351,-0.0061,0.75,0.0,1500.0,0.0,5.583
285.0,2026-05-06T17:18:36.583360+00:00,81.0317,-0.0762,97.1427,0.0724,0.75,0.0,1500.0,0.0,5.5917
285.5,2026-05-06T17:18:37.076366+00:00,81.1401,0.005,97.1097,0.0634,0.75,0.0,1500.0,0.0,5.5448
286.0,2026-05-06T17:18:37.576726+00:00,80.9688,-0.0598,97.2,0.1258,0.75,0.0,1500.0,0.0,5.5218
286.5,2026-05-06T17:18:38.076732+00:00,81.0918,0.0177,97.2463,0.1276,0.75,0.0,1500.0,0.0,5.5107
287.000899,2026-05-06T17:18:38.577100+00:00,81.1862,0.0772,97.0736,0.0595,0.75,0.0,1500.0,0.0,5.5052
287.5,2026-05-06T17:18:39.084586+00:00,81.1316,-0.0043,97.0566,0.0072,0.75,0.0,1500.0,0.0,5.4513
288.0,2026-05-06T17:18:39.576586+00:00,81.2168,0.124,97.1592,0.0055,0.75,0.0,1500.0,0.0,5.4763
288.5,2026-05-06T17:18:40.076260+00:00,81.1551,0.0317,97.1223,0.0042,0.75,0.0,1500.0,0.0,5.4372
289.0,2026-05-06T17:18:40.576204+00:00,81.1076,-0.0393,97.094,-0.0353,0.75,0.0,1500.0,0.0,5.4182
289.500617,2026-05-06T17:18:41.076810+00:00,81.0711,-0.0302,97.0723,-0.058,0.75,0.0,1500.0,0.0,5.4089
290.0,2026-05-06T17:18:41.582268+00:00,81.0431,-0.0869,96.7084,-0.1217,0.75,0.0,1500.0,0.0,5.4043
290.5,2026-05-06T17:18:42.077591+00:00,81.0216,-0.0668,96.7528,-0.1013,0.75,0.0,1500.0,0.0,5.4021
291.0,2026-05-06T17:18:42.576205+00:00,80.7505,-0.1786,96.6943,-0.155,0.75,0.0,1500.0,0.0,5.401
291.5,2026-05-06T17:18:43.077867+00:00,80.7966,-0.1373,96.765,-0.1191,0.75,0.0,1500.0,0.0,5.4005
292.0,2026-05-06T17:18:43.576691+00:00,80.9594,-0.0419,96.7037,-0.1301,0.75,0.0,1500.0,0.0,5.4002
292.5,2026-05-06T17:18:44.082112+00:00,80.9572,-0.0322,96.888,-0.0614,0.75,0.0,1500.0,0.0,5.4001
293.0,2026-05-06T17:18:44.576197+00:00,81.0828,0.1662,96.8907,0.0608,0.75,0.0,1500.0,0.0,5.4001
293.5,2026-05-06T17:18:45.076191+00:00,81.0521,0.1277,96.916,0.0544,0.75,0.0,1500.0,0.0,5.4
294.0,2026-05-06T17:18:45.577961+00:00,81.1557,0.0982,96.9355,0.0804,0.75,0.0,1500.0,0.0,5.4
294.5,2026-05-06T17:18:46.076382+00:00,81.2354,0.1391,96.8347,0.0232,0.75,0.0,1500.0,0.0,5.4
295.0,2026-05-06T17:18:46.583105+00:00,81.2966,0.1069,96.6415,-0.0207,0.75,0.0,1500.0,0.0,5.3488
295.5,2026-05-06T17:18:47.076657+00:00,81.3437,0.1458,96.7245,-0.0545,0.75,0.0,1500.0,0.0,5.375
296.0,2026-05-06T17:18:47.576198+00:00,81.3799,0.1121,96.6494,-0.0804,0.75,0.0,1500.0,0.0,5.3878
296.5,2026-05-06T17:18:48.078139+00:00,81.4077,0.0861,96.7074,-0.0695,0.75,0.0,1500.0,0.0,5.3941
297.0,2026-05-06T17:18:48.579122+00:00,81.3018,0.0026,96.7751,-0.0535,0.75,0.0,1500.0,0.0,5.3971
297.5,2026-05-06T17:18:49.082184+00:00,81.3476,0.002,96.8503,0.0052,0.75,0.0,1500.0,0.0,5.3986
298.0,2026-05-06T17:18:49.576264+00:00,81.3829,0.0015,97.0006,0.1197,0.75,0.0,1500.0,0.0,5.4505
298.500287,2026-05-06T17:18:50.076610+00:00,81.41,0.0012,97.0005,0.092,0.75,0.0,1500.0,0.0,5.4758
299.0,2026-05-06T17:18:50.576425+00:00,81.1763,-0.0627,97.1161,0.1556,0.75,0.0,1500.0,0.0,5.4882
299.5,2026-05-06T17:18:51.077219+00:00,81.2512,-0.0482,97.0661,0.1196,0.75,0.0,1500.0,0.0,5.443
300.0,2026-05-06T17:18:51.583150+00:00,81.3088,-0.0371,96.9119,0.0456,0.75,0.0,1500.0,0.0,5.421
300.5,2026-05-06T17:18:52.076188+00:00,81.353,-0.0285,96.9323,0.0273,0.75,0.0,1500.0,0.0,5.4103
301.0,2026-05-06T17:18:52.577077+00:00,81.387,0.1054,96.8091,-0.0638,0.75,0.0,1500.0,0.0,5.405
301.5,2026-05-06T17:18:53.076202+00:00,81.2859,0.0174,96.6219,-0.1262,0.75,0.0,1500.0,0.0,5.4024
302.0,2026-05-06T17:18:53.576349+00:00,81.0809,-0.1139,96.4549,-0.2204,0.75,0.0,1500.0,0.0,5.4012
302.5,2026-05-06T17:18:54.083477+00:00,80.9233,-0.2148,96.6967,-0.1231,0.75,0.0,1500.0,0.0,5.4006
303.0,2026-05-06T17:18:54.577835+00:00,81.0568,-0.1651,96.628,-0.0946,0.75,0.0,1500.0,0.0,5.4003
303.5,2026-05-06T17:18:55.076488+00:00,81.0321,-0.1269,96.7141,-0.0727,0.75,0.0,1500.0,0.0,5.4001
304.0,2026-05-06T17:18:55.576861+00:00,81.0131,-0.0339,96.896,0.0289,0.75,0.0,1500.0,0.0,5.4001
304.5,2026-05-06T17:18:56.076183+00:00,80.9985,0.0376,96.8275,0.0685,0.75,0.0,1500.0,0.0,5.4
305.0,2026-05-06T17:18:56.581886+00:00,81.2418,0.0925,96.9831,0.1761,0.75,0.0,1500.0,0.0,5.4
305.5,2026-05-06T17:18:57.077133+00:00,81.4288,0.1984,97.1027,0.1353,0.75,0.0,1500.0,0.0,5.4
306.0,2026-05-06T17:18:57.577951+00:00,81.318,0.1525,96.8475,0.0732,0.75,0.0,1500.0,0.0,5.4
306.5,2026-05-06T17:18:58.077155+00:00,81.1056,0.0536,96.8828,0.0562,0.75,0.0,1500.0,0.0,5.4
307.0,2026-05-06T17:18:58.576333+00:00,81.1969,-0.0225,97.0256,0.0432,0.75,0.0,1500.0,0.0,5.4
307.5,2026-05-06T17:18:59.082620+00:00,81.267,-0.0809,97.0197,0.0641,0.75,0.0,1500.0,0.0,5.4
308.0,2026-05-06T17:18:59.576188+00:00,81.5755,0.1287,97.1077,0.0415,0.75,0.0,1500.0,0.0,5.4
308.5,2026-05-06T17:19:00.078734+00:00,81.558,0.2262,97.0828,-0.0066,0.75,0.0,1500.0,0.0,5.4
309.0,2026-05-06T17:19:00.576294+00:00,81.6718,0.2375,97.0636,0.072,0.75,0.0,1500.0,0.0,5.4
309.500438,2026-05-06T17:19:01.076965+00:00,81.6321,0.1825,97.0489,0.0554,0.75,0.0,1500.0,0.0,5.4
310.0,2026-05-06T17:19:01.583576+00:00,81.6015,0.013,97.0376,0.004,0.75,0.0,1500.0,0.0,5.4
310.5,2026-05-06T17:19:02.076757+00:00,81.578,0.01,96.7975,-0.0741,0.75,0.0,1500.0,0.0,5.4
311.0,2026-05-06T17:19:02.576615+00:00,81.56,-0.0559,96.9601,-0.0492,0.75,0.0,1500.0,0.0,5.4
311.5,2026-05-06T17:19:03.076210+00:00,81.8006,0.0843,96.9693,-0.0378,0.75,0.0,1500.0,0.0,5.4
312.0,2026-05-06T17:19:03.576860+00:00,81.7311,0.0648,96.7219,-0.1139,0.75,0.0,1500.0,0.0,5.4
312.5,2026-05-06T17:19:04.082194+00:00,81.6776,0.0498,96.9019,-0.049,0.75,0.0,1500.0,0.0,5.4
313.0,2026-05-06T17:19:04.576199+00:00,81.6365,0.0383,96.6932,-0.1148,0.75,0.0,1500.0,0.0,5.4512
313.5,2026-05-06T17:19:05.078290+00:00,81.6049,-0.0979,96.5097,-0.0959,0.75,0.0,1500.0,0.0,5.4762
314.0,2026-05-06T17:19:05.577739+00:00,81.5806,-0.0752,96.4843,-0.1586,0.75,0.0,1500.0,0.0,5.4884
314.502167,2026-05-06T17:19:06.078389+00:00,81.562,-0.0578,96.4879,-0.1605,0.75,0.0,1500.0,0.0,5.4943
315.0,2026-05-06T17:19:06.581010+00:00,81.5476,-0.0444,96.6064,-0.0385,0.75,0.0,1500.0,0.0,5.4972
315.5,2026-05-06T17:19:07.077426+00:00,81.5366,-0.0342,96.6744,-0.0759,0.75,0.0,1500.0,0.0,5.4986
316.0,2026-05-06T17:19:07.579441+00:00,81.6554,0.0374,96.6109,-0.0274,0.75,0.0,1500.0,0.0,5.4993
316.5,2026-05-06T17:19:08.076344+00:00,81.7467,0.0924,96.8166,0.1023,0.75,0.0,1500.0,0.0,5.4997
317.0,2026-05-06T17:19:08.576328+00:00,81.5624,0.0074,96.859,0.1249,0.75,0.0,1500.0,0.0,5.4998
317.5,2026-05-06T17:19:09.082527+00:00,81.6752,0.0693,96.7991,0.1037,0.75,0.0,1500.0,0.0,5.4487
318.0,2026-05-06T17:19:09.576546+00:00,81.5074,-0.074,96.7299,0.0412,0.75,0.0,1500.0,0.0,5.475
318.5,2026-05-06T17:19:10.076193+00:00,81.5057,-0.1205,96.7693,0.0316,0.75,0.0,1500.0,0.0,5.4366
319.0,2026-05-06T17:19:10.576282+00:00,81.6316,0.0346,96.6838,0.0243,0.75,0.0,1500.0,0.0,5.4179
319.5,2026-05-06T17:19:11.076171+00:00,81.6012,-0.037,96.8727,0.0187,0.75,0.0,1500.0,0.0,5.4087
320.0,2026-05-06T17:19:11.583562+00:00,81.705,0.0988,97.0178,0.0529,0.75,0.0,1500.0,0.0,5.4043
320.5,2026-05-06T17:19:12.076181+00:00,81.5303,0.0123,97.0137,0.0715,0.75,0.0,1500.0,0.0,5.4021
321.0,2026-05-06T17:19:12.576194+00:00,81.7778,0.0731,97.1262,0.1321,0.75,0.0,1500.0,0.0,5.401
321.5,2026-05-06T17:19:13.076955+00:00,81.8408,0.1198,97.2127,0.1478,0.75,0.0,1500.0,0.0,5.4005
322.0,2026-05-06T17:19:13.576308+00:00,81.8892,0.0921,97.2792,0.1985,0.75,0.0,1500.0,0.0,5.4002
322.5,2026-05-06T17:19:14.082012+00:00,81.7992,0.1344,97.3303,0.1525,0.75,0.0,1500.0,0.0,5.4001
323.0,2026-05-06T17:19:14.576240+00:00,81.6027,-0.0876,97.2539,0.0787,0.75,0.0,1500.0,0.0,5.4513
323.5,2026-05-06T17:19:15.076442+00:00,81.7062,-0.0673,97.1951,0.0605,0.75,0.0,1500.0,0.0,5.425
324.0,2026-05-06T17:19:15.576184+00:00,81.6585,-0.1154,97.2657,0.0465,0.75,0.0,1500.0,0.0,5.4122
324.5,2026-05-06T17:19:16.076207+00:00,81.7491,-0.025,97.1116,-0.0337,0.75,0.0,1500.0,0.0,5.406
325.0,2026-05-06T17:19:16.580809+00:00,81.8187,0.108,97.2015,-0.0259,0.75,0.0,1500.0,0.0,5.4029
325.500088,2026-05-06T17:19:17.076583+00:00,81.6177,-0.0442,97.2706,-0.0199,0.75,0.0,1500.0,0.0,5.4014
326.0,2026-05-06T17:19:17.576198+00:00,81.5905,-0.034,96.9534,-0.1001,0.75,0.0,1500.0,0.0,5.4007
326.5,2026-05-06T17:19:18.076336+00:00,81.5695,-0.0898,96.9642,-0.077,0.75,0.0,1500.0,0.0,5.4003
327.0,2026-05-06T17:19:18.576201+00:00,81.6807,-0.069,97.0882,-0.0592,0.75,0.0,1500.0,0.0,5.4002
327.5,2026-05-06T17:19:19.083721+00:00,81.8934,0.1379,96.8364,-0.0918,0.75,0.0,1500.0,0.0,5.4001
328.0,2026-05-06T17:19:19.576191+00:00,81.9297,0.1696,96.8742,-0.1091,0.75,0.0,1500.0,0.0,5.4
328.5,2026-05-06T17:19:20.076835+00:00,81.9575,0.194,96.7645,-0.1687,0.75,0.0,1500.0,0.0,5.4
329.0,2026-05-06T17:19:20.576194+00:00,81.4698,-0.1054,96.4719,-0.1605,0.75,0.0,1500.0,0.0,5.4
329.5,2026-05-06T17:19:21.076340+00:00,81.6041,-0.1447,96.3627,-0.2005,0.75,0.0,1500.0,0.0,5.4512
330.0,2026-05-06T17:19:21.583044+00:00,81.8345,-0.0476,96.3713,-0.239,0.75,0.0,1500.0,0.0,5.4762
330.5,2026-05-06T17:19:22.076430+00:00,81.8844,-0.0366,96.2623,-0.1914,0.75,0.0,1500.0,0.0,5.4372
331.0,2026-05-06T17:19:22.576212+00:00,81.7954,0.1628,96.3173,-0.1857,0.75,0.0,1500.0,0.0,5.4693
331.5,2026-05-06T17:19:23.076201+00:00,81.9816,0.1888,96.3596,-0.135,0.75,0.0,1500.0,0.0,5.485
332.0,2026-05-06T17:19:23.576350+00:00,81.9974,0.0815,96.3921,-0.0266,0.75,0.0,1500.0,0.0,5.4927
332.5,2026-05-06T17:19:24.082302+00:00,82.0096,0.0626,96.3939,0.0104,0.75,0.0,1500.0,0.0,5.4964
333.0,2026-05-06T17:19:24.576197+00:00,82.019,0.1118,96.5341,0.0543,0.75,0.0,1500.0,0.0,5.4983
333.5,2026-05-06T17:19:25.076495+00:00,82.0261,0.0223,96.6419,0.1266,0.75,0.0,1500.0,0.0,5.4992
334.0,2026-05-06T17:19:25.576209+00:00,82.2862,0.1444,96.6091,0.0973,0.75,0.0,1500.0,0.0,5.4996
334.5,2026-05-06T17:19:26.076771+00:00,82.3588,0.1746,96.6996,0.1133,0.75,0.0,1500.0,0.0,5.4998
335.0,2026-05-06T17:19:26.582024+00:00,82.4146,0.1978,96.7691,0.1257,0.75,0.0,1500.0,0.0,5.4999
335.501718,2026-05-06T17:19:27.077915+00:00,82.3302,0.1521,96.4986,0.0349,0.75,0.0,1500.0,0.0,5.5
336.0,2026-05-06T17:19:27.576269+00:00,82.2654,-0.0104,96.7071,0.0577,0.75,0.0,1500.0,0.0,5.5
336.5,2026-05-06T17:19:28.077896+00:00,82.2156,-0.0716,96.5435,-0.0328,0.75,0.0,1500.0,0.0,5.5
337.0,2026-05-06T17:19:28.576197+00:00,82.1772,-0.1187,96.5334,-0.0252,0.75,0.0,1500.0,0.0,5.4488
337.5,2026-05-06T17:19:29.083237+00:00,82.1478,-0.0912,96.5257,-0.0579,0.75,0.0,1500.0,0.0,5.4238
338.0,2026-05-06T17:19:29.576285+00:00,82.1252,-0.0701,96.5198,-0.0831,0.75,0.0,1500.0,0.0,5.4628
338.5,2026-05-06T17:19:30.076348+00:00,82.1078,-0.0539,96.492,-0.0022,0.75,0.0,1500.0,0.0,5.4819
339.0,2026-05-06T17:19:30.576518+00:00,82.0944,-0.0414,96.6096,-0.0325,0.75,0.0,1500.0,0.0,5.4911
339.5,2026-05-06T17:19:31.076264+00:00,82.2114,0.0318,96.5842,0.0136,0.75,0.0,1500.0,0.0,5.4445
340.0,2026-05-06T17:19:31.584315+00:00,82.4286,0.1517,96.5416,0.0027,0.75,0.0,1500.0,0.0,5.4217
340.5,2026-05-06T17:19:32.076734+00:00,82.2137,0.053,96.6245,0.0329,0.75,0.0,1500.0,0.0,5.4618
341.0,2026-05-06T17:19:32.576322+00:00,82.3031,0.1043,96.7114,0.0639,0.75,0.0,1500.0,0.0,5.4814
341.5,2026-05-06T17:19:33.076214+00:00,82.3718,0.0802,96.4542,-0.0126,0.75,0.0,1500.0,0.0,5.4909
342.0,2026-05-06T17:19:33.576259+00:00,82.4246,-0.002,96.326,-0.0945,0.75,0.0,1500.0,0.0,5.4956
342.5,2026-05-06T17:19:34.082782+00:00,82.0834,-0.0652,96.482,-0.0341,0.75,0.0,1500.0,0.0,5.4466
343.0,2026-05-06T17:19:34.576307+00:00,82.2029,-0.0501,96.6018,0.0201,0.75,0.0,1500.0,0.0,5.474
343.5,2026-05-06T17:19:35.076406+00:00,82.1675,-0.1021,96.4626,-0.054,0.75,0.0,1500.0,0.0,5.4361
344.0,2026-05-06T17:19:35.576218+00:00,82.2676,-0.0785,96.5869,-0.0415,0.75,0.0,1500.0,0.0,5.4176
344.5,2026-05-06T17:19:36.076196+00:00,82.2173,0.0669,96.59,0.0452,0.75,0.0,1500.0,0.0,5.4086
345.0,2026-05-06T17:19:36.582994+00:00,82.1786,-0.0122,96.7774,0.1505,0.75,0.0,1500.0,0.0,5.4042
345.5,2026-05-06T17:19:37.077164+00:00,82.2761,0.0543,96.9446,0.1542,0.75,0.0,1500.0,0.0,5.402
346.0,2026-05-06T17:19:37.576204+00:00,82.2238,-0.0219,96.726,0.0414,0.75,0.0,1500.0,0.0,5.401
346.5,2026-05-06T17:19:38.076430+00:00,82.3108,0.0468,96.6506,0.0627,0.75,0.0,1500.0,0.0,5.4005
347.0,2026-05-06T17:19:38.576179+00:00,82.1232,-0.0277,96.7083,0.0405,0.75,0.0,1500.0,0.0,5.4002
347.5,2026-05-06T17:19:39.082739+00:00,82.2335,-0.0213,96.6601,0.0234,0.75,0.0,1500.0,0.0,5.4001
348.0,2026-05-06T17:19:39.576194+00:00,82.3183,0.0473,96.7388,-0.0129,0.75,0.0,1500.0,0.0,5.4001
348.5,2026-05-06T17:19:40.076559+00:00,82.5108,0.1,96.9149,-0.0099,0.75,0.0,1500.0,0.0,5.4
349.000942,2026-05-06T17:19:40.577410+00:00,82.6587,0.2677,96.7032,-0.0076,0.75,0.0,1500.0,0.0,5.4
349.500369,2026-05-06T17:19:41.076626+00:00,82.5178,0.1422,96.8644,0.0713,0.75,0.0,1500.0,0.0,5.4
350.000084,2026-05-06T17:19:41.583890+00:00,82.5369,0.1093,96.8958,0.0625,0.75,0.0,1500.0,0.0,5.4
350.501297,2026-05-06T17:19:42.077772+00:00,82.4242,-0.0433,96.434,-0.0754,0.75,0.0,1500.0,0.0,5.4512
351.0,2026-05-06T17:19:42.576242+00:00,82.3376,-0.1605,96.565,-0.0579,0.75,0.0,1500.0,0.0,5.4762
351.5,2026-05-06T17:19:43.076463+00:00,82.3983,-0.0598,96.6656,-0.0831,0.75,0.0,1500.0,0.0,5.4884
352.0,2026-05-06T17:19:43.576196+00:00,82.445,-0.0459,96.5116,-0.0639,0.75,0.0,1500.0,0.0,5.4943
352.5,2026-05-06T17:19:44.081019+00:00,82.4809,0.0283,96.6015,-0.0877,0.75,0.0,1500.0,0.0,5.4972
353.0,2026-05-06T17:19:44.576641+00:00,82.5084,0.0854,96.578,-0.1059,0.75,0.0,1500.0,0.0,5.4986
353.5,2026-05-06T17:19:45.076191+00:00,82.6569,0.1293,96.3285,-0.0351,0.75,0.0,1500.0,0.0,5.4993
354.0,2026-05-06T17:19:45.577012+00:00,82.3892,-0.0279,96.5996,0.0116,0.75,0.0,1500.0,0.0,5.4997
354.5,2026-05-06T17:19:46.076867+00:00,82.438,-0.0214,96.6691,0.0012,0.75,0.0,1500.0,0.0,5.4998
355.0,2026-05-06T17:19:46.582226+00:00,82.4755,-0.0165,96.6531,0.0472,0.75,0.0,1500.0,0.0,5.4999
355.5,2026-05-06T17:19:47.076211+00:00,82.6316,-0.0127,96.8491,0.0825,0.75,0.0,1500.0,0.0,5.4488
356.0,2026-05-06T17:19:47.576387+00:00,82.7515,0.1812,96.9997,0.1406,0.75,0.0,1500.0,0.0,5.4238
356.5,2026-05-06T17:19:48.076271+00:00,82.971,0.2665,96.8841,0.1852,0.75,0.0,1500.0,0.0,5.4116
357.0,2026-05-06T17:19:48.576421+00:00,82.7579,0.1412,97.0035,0.1346,0.75,0.0,1500.0,0.0,5.4057
357.5,2026-05-06T17:19:49.082341+00:00,82.8486,0.1085,97.1184,0.1497,0.75,0.0,1500.0,0.0,5.4028
358.0,2026-05-06T17:19:49.576243+00:00,82.7911,0.0198,96.8596,0.0688,0.75,0.0,1500.0,0.0,5.4013
358.5,2026-05-06T17:19:50.077290+00:00,82.7469,-0.1121,96.7532,-0.032,0.75,0.0,1500.0,0.0,5.4007
359.0,2026-05-06T17:19:50.577950+00:00,82.7129,-0.0225,96.8103,-0.0631,0.75,0.0,1500.0,0.0,5.4515
359.5,2026-05-06T17:19:51.076203+00:00,82.6868,-0.0809,96.5071,-0.1257,0.75,0.0,1500.0,0.0,5.4763
360.0,2026-05-06T17:19:51.581182+00:00,82.6667,-0.0622,96.6212,-0.1274,0.75,0.0,1500.0,0.0,5.4885
360.5,2026-05-06T17:19:52.076619+00:00,82.9058,0.0795,96.8245,-0.0979,0.75,0.0,1500.0,0.0,5.4944
361.0,2026-05-06T17:19:52.576210+00:00,82.9623,0.1247,96.6106,-0.083,0.75,0.0,1500.0,0.0,5.4973
361.5,2026-05-06T17:19:53.076176+00:00,82.8785,0.0959,96.7007,-0.0175,0.75,0.0,1500.0,0.0,5.4987
362.0,2026-05-06T17:19:53.578226+00:00,82.5595,-0.0536,96.6543,-0.052,0.75,0.0,1500.0,0.0,5.4993
362.5,2026-05-06T17:19:54.082559+00:00,82.6961,-0.1048,96.4797,-0.0091,0.75,0.0,1500.0,0.0,5.4997
363.0,2026-05-06T17:19:54.576213+00:00,82.8012,-0.0806,96.6001,-0.007,0.75,0.0,1500.0,0.0,5.4998
363.5,2026-05-06T17:19:55.076194+00:00,82.8819,0.0017,96.4612,-0.1211,0.75,0.0,1500.0,0.0,5.4999
364.0,2026-05-06T17:19:55.576347+00:00,82.9439,0.1922,96.4702,-0.0468,0.75,0.0,1500.0,0.0,5.5
364.5,2026-05-06T17:19:56.076440+00:00,82.9916,0.1477,96.5928,-0.036,0.75,0.0,1500.0,0.0,5.5
365.0,2026-05-06T17:19:56.581188+00:00,82.901,0.0499,96.687,0.0109,0.75,0.0,1500.0,0.0,5.5
365.5,2026-05-06T17:19:57.077855+00:00,82.8313,-0.0253,96.6206,0.047,0.75,0.0,1500.0,0.0,5.4488
366.0,2026-05-06T17:19:57.576171+00:00,82.7778,-0.0831,96.7084,0.0361,0.75,0.0,1500.0,0.0,5.4238
366.5,2026-05-06T17:19:58.076980+00:00,82.8639,-0.0638,96.7759,0.1049,0.75,0.0,1500.0,0.0,5.4116
367.0,2026-05-06T17:19:58.576261+00:00,83.0574,0.0782,96.6195,0.0498,0.75,0.0,1500.0,0.0,5.4057
367.5,2026-05-06T17:19:59.082301+00:00,82.9516,0.0601,96.8232,0.0768,0.75,0.0,1500.0,0.0,5.4028
368.0,2026-05-06T17:19:59.577791+00:00,82.9975,0.1098,96.8641,0.059,0.75,0.0,1500.0,0.0,5.4526
368.5,2026-05-06T17:20:00.076215+00:00,82.9055,0.0208,96.7799,0.0531,0.75,0.0,1500.0,0.0,5.4256
369.0,2026-05-06T17:20:00.577820+00:00,82.9621,-0.0477,96.9234,0.0717,0.75,0.0,1500.0,0.0,5.4125
369.5,2026-05-06T17:20:01.076280+00:00,83.0056,0.027,97.0568,0.0936,0.75,0.0,1500.0,0.0,5.4061
370.0,2026-05-06T17:20:01.582424+00:00,82.9117,-0.0429,97.0437,0.1414,0.75,0.0,1500.0,0.0,5.403
370.5,2026-05-06T17:20:02.076256+00:00,82.8396,-0.033,97.0104,0.0624,0.75,0.0,1500.0,0.0,5.4015
371.00061,2026-05-06T17:20:02.577213+00:00,82.9114,-0.0253,97.008,0.048,0.75,0.0,1500.0,0.0,5.4007
371.5,2026-05-06T17:20:03.076216+00:00,82.9666,-0.0195,96.8905,0.0369,0.75,0.0,1500.0,0.0,5.4003
372.0,2026-05-06T17:20:03.576339+00:00,83.1363,0.1123,96.8001,-0.0411,0.75,0.0,1500.0,0.0,5.4002
372.5,2026-05-06T17:20:04.082377+00:00,83.1395,0.15,96.8232,-0.0779,0.75,0.0,1500.0,0.0,5.4001
373.0,2026-05-06T17:20:04.576282+00:00,83.1419,0.1153,96.6327,-0.137,0.75,0.0,1500.0,0.0,5.4512
373.5,2026-05-06T17:20:05.076190+00:00,83.0165,0.0249,96.7177,-0.0976,0.75,0.0,1500.0,0.0,5.4762
374.0,2026-05-06T17:20:05.576400+00:00,82.9201,-0.1081,96.783,-0.075,0.75,0.0,1500.0,0.0,5.4884
374.5,2026-05-06T17:20:06.077129+00:00,82.8461,-0.1467,96.7175,-0.0576,0.75,0.0,1500.0,0.0,5.4943
375.0,2026-05-06T17:20:06.581430+00:00,83.1709,0.0145,96.8755,0.0251,0.75,0.0,1500.0,0.0,5.4972
375.5,2026-05-06T17:20:07.077789+00:00,83.1661,0.0748,96.9274,0.0347,0.75,0.0,1500.0,0.0,5.4987
376.001229,2026-05-06T17:20:07.577506+00:00,83.0351,0.0575,96.9442,0.1038,0.75,0.0,1500.0,0.0,5.4993
376.5,2026-05-06T17:20:08.077813+00:00,82.9344,0.0442,96.9571,0.0798,0.75,0.0,1500.0,0.0,5.4997
377.0,2026-05-06T17:20:08.576200+00:00,82.9843,-0.0933,96.8745,0.0305,0.75,0.0,1500.0,0.0,5.4998
377.5,2026-05-06T17:20:09.084614+00:00,83.0226,-0.0717,96.6721,-0.0151,0.75,0.0,1500.0,0.0,5.4487
378.0,2026-05-06T17:20:09.577076+00:00,83.0521,0.0085,96.748,-0.0425,0.75,0.0,1500.0,0.0,5.475
378.50028,2026-05-06T17:20:10.077161+00:00,82.9475,0.0065,96.6906,-0.0789,0.75,0.0,1500.0,0.0,5.4878
379.0,2026-05-06T17:20:10.576214+00:00,83.1216,0.0687,96.8779,-0.0221,0.75,0.0,1500.0,0.0,5.494
379.5,2026-05-06T17:20:11.077726+00:00,83.2555,0.1164,96.6516,-0.1018,0.75,0.0,1500.0,0.0,5.4459
380.0,2026-05-06T17:20:11.584512+00:00,83.2311,0.0895,96.6165,-0.086,0.75,0.0,1500.0,0.0,5.4224
380.5,2026-05-06T17:20:12.076297+00:00,83.3396,0.196,96.7978,0.0419,0.75,0.0,1500.0,0.0,5.4621
381.0,2026-05-06T17:20:12.576204+00:00,83.2957,0.087,96.7289,-0.0064,0.75,0.0,1500.0,0.0,5.4815
381.5,2026-05-06T17:20:13.076264+00:00,83.262,0.0033,96.6991,0.0028,0.75,0.0,1500.0,0.0,5.491
382.0,2026-05-06T17:20:13.576507+00:00,83.2361,0.0025,96.8844,0.0022,0.75,0.0,1500.0,0.0,5.4956
382.5,2026-05-06T17:20:14.081071+00:00,83.0889,-0.1253,96.7723,0.0402,0.75,0.0,1500.0,0.0,5.4467
383.0,2026-05-06T17:20:14.579195+00:00,83.2303,-0.0327,96.5936,-0.0076,0.75,0.0,1500.0,0.0,5.474
383.5,2026-05-06T17:20:15.077313+00:00,83.2117,-0.0251,96.6876,-0.0367,0.75,0.0,1500.0,0.0,5.4873
384.0,2026-05-06T17:20:15.576586+00:00,83.3247,0.0443,96.5054,-0.0745,0.75,0.0,1500.0,0.0,5.4938
384.5,2026-05-06T17:20:16.076707+00:00,83.157,0.0341,96.5041,-0.065,0.75,0.0,1500.0,0.0,5.497
385.0,2026-05-06T17:20:16.581844+00:00,83.0281,-0.1011,96.5032,-0.1271,0.75,0.0,1500.0,0.0,5.4473
385.5,2026-05-06T17:20:17.076406+00:00,83.0563,-0.0777,96.5024,-0.09,0.75,0.0,1500.0,0.0,5.4231
386.0,2026-05-06T17:20:17.577167+00:00,83.2053,-0.0597,96.6176,0.008,0.75,0.0,1500.0,0.0,5.4113
386.5,2026-05-06T17:20:18.076993+00:00,83.1925,0.0177,96.5672,-0.0401,0.75,0.0,1500.0,0.0,5.4567
387.0,2026-05-06T17:20:18.576216+00:00,83.1826,0.0773,96.6674,0.054,0.75,0.0,1500.0,0.0,5.4277
387.5,2026-05-06T17:20:19.087358+00:00,83.3024,0.123,96.6286,0.0415,0.75,0.0,1500.0,0.0,5.4135
388.0,2026-05-06T17:20:19.577168+00:00,83.2671,0.0309,96.5989,0.0319,0.75,0.0,1500.0,0.0,5.4578
388.5,2026-05-06T17:20:20.077083+00:00,83.24,0.0238,96.4603,-0.014,0.75,0.0,1500.0,0.0,5.4282
389.0,2026-05-06T17:20:20.577038+00:00,83.2192,0.0183,96.562,-0.0185,0.75,0.0,1500.0,0.0,5.4138
389.5,2026-05-06T17:20:21.076203+00:00,83.2032,-0.0496,96.4088,-0.0528,0.75,0.0,1500.0,0.0,5.4067
390.0,2026-05-06T17:20:21.582456+00:00,83.1909,-0.0381,96.5456,-0.0406,0.75,0.0,1500.0,0.0,5.4033
390.5,2026-05-06T17:20:22.077685+00:00,83.3087,0.0343,96.5582,-0.0235,0.75,0.0,1500.0,0.0,5.4528
391.0,2026-05-06T17:20:22.576174+00:00,83.5265,0.1537,96.3133,-0.0952,0.75,0.0,1500.0,0.0,5.4258
391.5,2026-05-06T17:20:23.076174+00:00,83.4394,0.1181,96.2408,-0.0732,0.75,0.0,1500.0,0.0,5.4126
392.0,2026-05-06T17:20:23.576482+00:00,83.627,0.218,96.4165,-0.0485,0.75,0.0,1500.0,0.0,5.4061
392.5,2026-05-06T17:20:24.084685+00:00,83.5166,0.104,95.973,-0.1453,0.75,0.0,1500.0,0.0,5.403
393.0,2026-05-06T17:20:24.578991+00:00,83.559,0.0163,96.0024,-0.1811,0.75,0.0,1500.0,0.0,5.4527
393.5,2026-05-06T17:20:25.076464+00:00,83.5917,0.0761,96.2333,-0.1083,0.75,0.0,1500.0,0.0,5.4769
394.0,2026-05-06T17:20:25.576185+00:00,83.4895,-0.0688,96.1793,-0.0447,0.75,0.0,1500.0,0.0,5.4887
394.5,2026-05-06T17:20:26.076186+00:00,83.4109,-0.0528,96.2304,-0.0035,0.75,0.0,1500.0,0.0,5.4945
395.0,2026-05-06T17:20:26.582883+00:00,83.4778,-0.0406,96.5241,0.0359,0.75,0.0,1500.0,0.0,5.4973
395.5,2026-05-06T17:20:27.076567+00:00,83.5292,-0.0312,96.4954,0.1741,0.75,0.0,1500.0,0.0,5.4987
396.002492,2026-05-06T17:20:27.578924+00:00,83.4415,-0.024,96.2651,0.0876,0.75,0.0,1500.0,0.0,5.4994
396.5,2026-05-06T17:20:28.078334+00:00,83.5013,0.0452,96.4351,0.0673,0.75,0.0,1500.0,0.0,5.4997
397.0,2026-05-06T17:20:28.576189+00:00,83.5473,0.0347,96.5427,0.1211,0.75,0.0,1500.0,0.0,5.4998
397.5,2026-05-06T17:20:29.082196+00:00,83.5826,0.0267,96.6485,0.1394,0.75,0.0,1500.0,0.0,5.4487
398.0,2026-05-06T17:20:29.576821+00:00,83.4825,0.0205,96.6142,0.03,0.75,0.0,1500.0,0.0,5.475
398.5,2026-05-06T17:20:30.076608+00:00,83.5328,0.0158,96.7034,0.0693,0.75,0.0,1500.0,0.0,5.4366
399.000931,2026-05-06T17:20:30.577133+00:00,83.6988,0.0758,96.6332,0.1227,0.75,0.0,1500.0,0.0,5.4179
399.5,2026-05-06T17:20:31.077195+00:00,83.8263,0.1219,96.695,0.0866,0.75,0.0,1500.0,0.0,5.4087
400.0,2026-05-06T17:20:31.582357+00:00,83.6698,0.0937,96.8812,0.1128,0.75,0.0,1500.0,0.0,5.4043
400.501306,2026-05-06T17:20:32.077990+00:00,83.4223,-0.0553,96.9087,0.0867,0.75,0.0,1500.0,0.0,5.4021
401.0,2026-05-06T17:20:32.576808+00:00,83.4865,-0.1061,96.9298,0.1052,0.75,0.0,1500.0,0.0,5.401
401.5,2026-05-06T17:20:33.077190+00:00,83.7905,-0.0179,96.7147,0.0037,0.75,0.0,1500.0,0.0,5.4005
402.0,2026-05-06T17:20:33.576336+00:00,83.7695,0.0499,96.5262,-0.0357,0.75,0.0,1500.0,0.0,5.4002
402.5,2026-05-06T17:20:34.081990+00:00,83.7534,0.1656,96.6358,-0.0197,0.75,0.0,1500.0,0.0,5.4001
403.0,2026-05-06T17:20:34.576281+00:00,83.9956,0.2545,96.7201,-0.0537,0.75,0.0,1500.0,0.0,5.4513
403.5,2026-05-06T17:20:35.076197+00:00,83.9272,0.0684,96.7617,-0.049,0.75,0.0,1500.0,0.0,5.4762
404.0,2026-05-06T17:20:35.576272+00:00,83.8746,0.0525,96.7937,-0.0454,0.75,0.0,1500.0,0.0,5.4884
404.5,2026-05-06T17:20:36.076329+00:00,83.8342,0.0404,96.61,-0.0349,0.75,0.0,1500.0,0.0,5.4943
405.0,2026-05-06T17:20:36.581645+00:00,83.5486,-0.2235,96.7003,0.058,0.75,0.0,1500.0,0.0,5.4972
405.5,2026-05-06T17:20:37.076185+00:00,83.5837,-0.1718,96.6539,0.006,0.75,0.0,1500.0,0.0,5.4987
406.0,2026-05-06T17:20:37.576423+00:00,83.7378,-0.0684,96.8497,0.0432,0.75,0.0,1500.0,0.0,5.4993
406.5,2026-05-06T17:20:38.076182+00:00,83.4745,-0.1798,96.6531,-0.0362,0.75,0.0,1500.0,0.0,5.4485
407.0,2026-05-06T17:20:38.576392+00:00,83.3994,-0.0746,96.7334,-0.0201,0.75,0.0,1500.0,0.0,5.4237
407.5,2026-05-06T17:20:39.087418+00:00,83.469,-0.0573,96.7951,0.0617,0.75,0.0,1500.0,0.0,5.4115
408.0,2026-05-06T17:20:39.576305+00:00,83.5225,-0.1077,96.4722,-0.076,0.75,0.0,1500.0,0.0,5.4568
408.5,2026-05-06T17:20:40.076388+00:00,83.5635,0.0445,96.4787,-0.0584,0.75,0.0,1500.0,0.0,5.4789
409.0,2026-05-06T17:20:40.576416+00:00,83.7224,0.1615,96.4836,-0.122,0.75,0.0,1500.0,0.0,5.4897
409.5,2026-05-06T17:20:41.076198+00:00,83.8445,0.1877,96.2329,-0.1401,0.75,0.0,1500.0,0.0,5.495
410.0,2026-05-06T17:20:41.581003+00:00,83.811,0.1443,96.5261,-0.0691,0.75,0.0,1500.0,0.0,5.4976
410.5,2026-05-06T17:20:42.076803+00:00,83.5308,-0.0164,96.6357,-0.0531,0.75,0.0,1500.0,0.0,5.4476
411.0,2026-05-06T17:20:42.576377+00:00,83.6972,-0.0126,96.6275,0.0517,0.75,0.0,1500.0,0.0,5.4232
411.5,2026-05-06T17:20:43.077087+00:00,83.8251,-0.0097,96.7137,0.0783,0.75,0.0,1500.0,0.0,5.4113
412.0,2026-05-06T17:20:43.576280+00:00,83.7962,-0.0074,96.6642,0.0602,0.75,0.0,1500.0,0.0,5.4055
412.5,2026-05-06T17:20:44.083867+00:00,83.6467,0.0579,96.5105,0.0926,0.75,0.0,1500.0,0.0,5.4027
413.0,2026-05-06T17:20:44.576204+00:00,83.659,-0.0191,96.6007,0.0249,0.75,0.0,1500.0,0.0,5.4013
413.5,2026-05-06T17:20:45.076208+00:00,83.6685,-0.0783,96.5774,-0.0195,0.75,0.0,1500.0,0.0,5.4006
414.0,2026-05-06T17:20:45.576202+00:00,83.803,0.0034,96.652,0.0082,0.75,0.0,1500.0,0.0,5.4003
414.5,2026-05-06T17:20:46.076553+00:00,83.9065,0.1299,96.8251,0.0371,0.75,0.0,1500.0,0.0,5.4002
415.0,2026-05-06T17:20:46.581770+00:00,83.7314,0.0362,96.8656,0.0671,0.75,0.0,1500.0,0.0,5.4001
415.5,2026-05-06T17:20:47.076196+00:00,83.7242,0.0278,96.8967,0.1287,0.75,0.0,1500.0,0.0,5.4
416.0,2026-05-06T17:20:47.577112+00:00,83.7186,-0.0422,97.152,0.1838,0.75,0.0,1500.0,0.0,5.4
416.5,2026-05-06T17:20:48.076192+00:00,83.7143,-0.0961,97.0011,0.1413,0.75,0.0,1500.0,0.0,5.4
417.0,2026-05-06T17:20:48.576184+00:00,83.711,-0.0102,97.0009,0.1163,0.75,0.0,1500.0,0.0,5.4
417.5,2026-05-06T17:20:49.081344+00:00,83.8357,0.0558,97.0007,0.0585,0.75,0.0,1500.0,0.0,5.4
418.0,2026-05-06T17:20:49.577655+00:00,83.9316,0.1065,97.0005,0.045,0.75,0.0,1500.0,0.0,5.4
418.500708,2026-05-06T17:20:50.076917+00:00,84.0053,0.1455,96.8847,-0.004,0.75,0.0,1500.0,0.0,5.4
419.0,2026-05-06T17:20:50.578268+00:00,84.1892,0.2391,97.0039,-0.0494,0.75,0.0,1500.0,0.0,5.4
419.5,2026-05-06T17:20:51.076198+00:00,84.2032,0.1838,96.8873,-0.0379,0.75,0.0,1500.0,0.0,5.4512
420.0,2026-05-06T17:20:51.582602+00:00,84.3413,0.2049,96.682,-0.1063,0.75,0.0,1500.0,0.0,5.4762
420.5,2026-05-06T17:20:52.076770+00:00,84.1929,0.0938,96.6399,-0.1203,0.75,0.0,1500.0,0.0,5.4884
421.0,2026-05-06T17:20:52.576319+00:00,84.0789,-0.0551,96.8389,-0.0539,0.75,0.0,1500.0,0.0,5.4431
421.5,2026-05-06T17:20:53.076217+00:00,84.2457,0.0212,96.853,-0.0105,0.75,0.0,1500.0,0.0,5.4722
422.0,2026-05-06T17:20:53.576579+00:00,84.2467,-0.0473,96.7714,-0.0775,0.75,0.0,1500.0,0.0,5.4865
422.5,2026-05-06T17:20:54.083191+00:00,84.3747,0.0909,97.0557,0.0561,0.75,0.0,1500.0,0.0,5.4934
423.0,2026-05-06T17:20:54.576198+00:00,84.4732,0.1971,96.9039,0.074,0.75,0.0,1500.0,0.0,5.4968
423.5,2026-05-06T17:20:55.076207+00:00,84.4215,0.0879,97.0419,0.134,0.75,0.0,1500.0,0.0,5.4984
424.0,2026-05-06T17:20:55.576420+00:00,84.5091,0.1312,97.1479,0.103,0.75,0.0,1500.0,0.0,5.448
424.5,2026-05-06T17:20:56.076292+00:00,84.5764,0.1008,96.7897,-0.0211,0.75,0.0,1500.0,0.0,5.4234
425.0,2026-05-06T17:20:56.583151+00:00,84.5009,0.0139,96.7227,-0.0162,0.75,0.0,1500.0,0.0,5.4114
425.50031,2026-05-06T17:20:57.076678+00:00,84.4428,0.0107,96.6711,-0.1282,0.75,0.0,1500.0,0.0,5.4568
426.0,2026-05-06T17:20:57.577829+00:00,84.5255,0.0082,96.5158,-0.1294,0.75,0.0,1500.0,0.0,5.4789
426.5,2026-05-06T17:20:58.076566+00:00,84.3345,-0.121,96.6279,-0.138,0.75,0.0,1500.0,0.0,5.4897
427.0,2026-05-06T17:20:58.576825+00:00,84.3149,-0.093,96.8297,-0.1061,0.75,0.0,1500.0,0.0,5.495
427.5,2026-05-06T17:20:59.082263+00:00,84.1726,-0.1351,96.7303,-0.0198,0.75,0.0,1500.0,0.0,5.4463
428.0,2026-05-06T17:20:59.577640+00:00,84.3178,-0.1038,96.4456,-0.0924,0.75,0.0,1500.0,0.0,5.4738
428.5,2026-05-06T17:21:00.076207+00:00,84.3021,-0.0162,96.5739,-0.0324,0.75,0.0,1500.0,0.0,5.4872
429.0,2026-05-06T17:21:00.576214+00:00,84.5446,0.1148,96.5568,0.0136,0.75,0.0,1500.0,0.0,5.4938
429.5,2026-05-06T17:21:01.076776+00:00,84.6037,0.2155,96.775,0.0491,0.75,0.0,1500.0,0.0,5.497
430.0,2026-05-06T17:21:01.581647+00:00,84.3946,0.0384,96.9197,0.03,0.75,0.0,1500.0,0.0,5.4985
430.500623,2026-05-06T17:21:02.076786+00:00,84.3611,0.0295,96.9382,0.0693,0.75,0.0,1500.0,0.0,5.4993
431.0,2026-05-06T17:21:02.576767+00:00,84.2081,-0.1682,96.9525,0.169,0.75,0.0,1500.0,0.0,5.4996
431.5,2026-05-06T17:21:03.076277+00:00,84.2178,-0.1929,97.0792,0.1685,0.75,0.0,1500.0,0.0,5.4998
432.0,2026-05-06T17:21:03.576728+00:00,84.2253,-0.0847,96.7138,0.0523,0.75,0.0,1500.0,0.0,5.4999
432.500172,2026-05-06T17:21:04.084831+00:00,84.231,-0.0651,96.7569,-0.0061,0.75,0.0,1500.0,0.0,5.4488
433.0,2026-05-06T17:21:04.576628+00:00,84.2354,0.0136,96.9288,0.0031,0.75,0.0,1500.0,0.0,5.4238
433.5,2026-05-06T17:21:05.076188+00:00,84.366,0.0741,96.9684,0.0101,0.75,0.0,1500.0,0.0,5.4116
434.0,2026-05-06T17:21:05.577494+00:00,84.5937,0.1842,97.0683,0.0386,0.75,0.0,1500.0,0.0,5.4057
434.5,2026-05-06T17:21:06.079377+00:00,84.5142,0.1416,96.9137,-0.0552,0.75,0.0,1500.0,0.0,5.4028
435.0,2026-05-06T17:21:06.582526+00:00,84.4531,0.1088,96.9336,0.0733,0.75,0.0,1500.0,0.0,5.4013
435.5,2026-05-06T17:21:07.076898+00:00,84.6606,0.1473,96.7176,-0.0131,0.75,0.0,1500.0,0.0,5.4007
436.0,2026-05-06T17:21:07.576353+00:00,84.6929,0.0496,96.6441,-0.0949,0.75,0.0,1500.0,0.0,5.4003
436.5,2026-05-06T17:21:08.076210+00:00,84.8449,0.1654,96.5876,-0.1269,0.75,0.0,1500.0,0.0,5.4002
437.0,2026-05-06T17:21:08.576198+00:00,84.7073,0.1271,96.683,-0.1284,0.75,0.0,1500.0,0.0,5.4001
437.5,2026-05-06T17:21:09.081550+00:00,84.856,0.0977,96.7332,-0.0601,0.75,0.0,1500.0,0.0,5.4
438.0,2026-05-06T17:21:09.577508+00:00,84.5885,-0.0522,96.795,-0.0462,0.75,0.0,1500.0,0.0,5.4
438.5,2026-05-06T17:21:10.076663+00:00,84.7647,-0.0401,96.9581,0.0802,0.75,0.0,1500.0,0.0,5.4
439.0,2026-05-06T17:21:10.576204+00:00,84.7729,0.0328,97.0604,0.1388,0.75,0.0,1500.0,0.0,5.4
439.5,2026-05-06T17:21:11.077033+00:00,84.7792,-0.0384,97.0464,0.1529,0.75,0.0,1500.0,0.0,5.4
440.0,2026-05-06T17:21:11.581221+00:00,84.6567,0.0341,97.1282,0.1484,0.75,0.0,1500.0,0.0,5.4
440.5,2026-05-06T17:21:12.076269+00:00,84.5626,-0.1011,96.8672,0.0446,0.75,0.0,1500.0,0.0,5.4
441.0,2026-05-06T17:21:12.576206+00:00,84.363,-0.2049,97.0136,0.0729,0.75,0.0,1500.0,0.0,5.4
441.5,2026-05-06T17:21:13.076279+00:00,84.4641,-0.1575,96.8947,-0.0211,0.75,0.0,1500.0,0.0,5.4
442.0,2026-05-06T17:21:13.576178+00:00,84.6691,0.0062,96.7803,-0.0934,0.75,0.0,1500.0,0.0,5.4
442.5,2026-05-06T17:21:14.081826+00:00,84.6994,0.0684,96.9468,-0.0332,0.75,0.0,1500.0,0.0,5.4
443.0,2026-05-06T17:21:14.576779+00:00,84.7227,0.1798,97.0748,-0.0178,0.75,0.0,1500.0,0.0,5.4
443.5,2026-05-06T17:21:15.076212+00:00,84.7406,0.1382,96.8261,-0.0137,0.75,0.0,1500.0,0.0,5.4512
444.0,2026-05-06T17:21:15.576209+00:00,84.6271,-0.021,96.982,-0.0105,0.75,0.0,1500.0,0.0,5.4762
444.5,2026-05-06T17:21:16.076421+00:00,84.6671,-0.0162,96.9862,0.0305,0.75,0.0,1500.0,0.0,5.4884
445.0,2026-05-06T17:21:16.681288+00:00,84.5706,-0.0761,96.9894,0.0697,0.75,0.0,1500.0,0.0,5.4943
445.5,2026-05-06T17:21:17.077309+00:00,84.6237,-0.0585,96.6447,-0.1007,0.75,0.0,1500.0,0.0,5.4972
446.0,2026-05-06T17:21:17.576189+00:00,84.5372,-0.0449,96.727,-0.116,0.75,0.0,1500.0,0.0,5.4986
446.5,2026-05-06T17:21:18.076195+00:00,84.598,-0.0345,96.443,-0.1277,0.75,0.0,1500.0,0.0,5.4993
447.0,2026-05-06T17:21:18.576521+00:00,84.3902,-0.0902,96.6876,-0.0981,0.75,0.0,1500.0,0.0,5.4997
447.5,2026-05-06T17:21:19.083649+00:00,84.6123,-0.0057,96.6442,-0.114,0.75,0.0,1500.0,0.0,5.4998
448.0,2026-05-06T17:21:19.578186+00:00,84.6557,0.0593,96.3794,-0.2033,0.75,0.0,1500.0,0.0,5.4999
448.5,2026-05-06T17:21:20.076216+00:00,84.6891,0.0456,96.6387,-0.002,0.75,0.0,1500.0,0.0,5.5
449.000302,2026-05-06T17:21:20.576673+00:00,84.7148,0.1623,96.3752,-0.1172,0.75,0.0,1500.0,0.0,5.5
449.5,2026-05-06T17:21:21.076248+00:00,84.6072,-0.0025,96.4041,-0.013,0.75,0.0,1500.0,0.0,5.5
450.0,2026-05-06T17:21:21.581951+00:00,84.7791,0.0617,96.4032,-0.0948,0.75,0.0,1500.0,0.0,5.5
450.5,2026-05-06T17:21:22.076195+00:00,84.7839,0.0474,96.1942,-0.15,0.75,0.0,1500.0,0.0,5.5
451.000048,2026-05-06T17:21:22.576481+00:00,84.7877,0.0364,96.3806,0.0004,0.75,0.0,1500.0,0.0,5.5
451.5,2026-05-06T17:21:23.076253+00:00,84.7905,0.0916,96.2694,-0.1231,0.75,0.0,1500.0,0.0,5.5
452.0,2026-05-06T17:21:23.576203+00:00,84.6654,-0.0568,96.2996,-0.0252,0.75,0.0,1500.0,0.0,5.5
452.5,2026-05-06T17:21:24.082983+00:00,84.6966,-0.0437,96.346,-0.0194,0.75,0.0,1500.0,0.0,5.4488
453.0,2026-05-06T17:21:24.578080+00:00,84.7205,-0.0336,96.2428,-0.0535,0.75,0.0,1500.0,0.0,5.475
453.500168,2026-05-06T17:21:25.076434+00:00,84.7389,-0.0258,96.418,0.0746,0.75,0.0,1500.0,0.0,5.4878
454.0,2026-05-06T17:21:25.576292+00:00,84.753,0.0438,96.5295,0.0496,0.75,0.0,1500.0,0.0,5.494
454.5,2026-05-06T17:21:26.076370+00:00,84.7639,0.0337,96.407,0.0459,0.75,0.0,1500.0,0.0,5.4971
455.0,2026-05-06T17:21:26.585659+00:00,84.5177,-0.1014,96.4285,0.043,0.75,0.0,1500.0,0.0,5.4986
455.5,2026-05-06T17:21:27.077305+00:00,84.7103,-0.0143,96.2137,-0.0441,0.75,0.0,1500.0,0.0,5.4993
456.0,2026-05-06T17:21:27.576216+00:00,84.8583,0.0526,96.1411,-0.0339,0.75,0.0,1500.0,0.0,5.4997
456.5,2026-05-06T17:21:28.076384+00:00,85.0994,0.1677,96.4555,0.0125,0.75,0.0,1500.0,0.0,5.4998
457.000008,2026-05-06T17:21:28.576589+00:00,85.0301,0.2562,96.5815,0.0173,0.75,0.0,1500.0,0.0,5.4999
457.5,2026-05-06T17:21:29.082053+00:00,84.8496,0.0696,96.6784,0.0905,0.75,0.0,1500.0,0.0,5.5
458.0,2026-05-06T17:21:29.576500+00:00,84.9654,0.0535,96.7528,0.1081,0.75,0.0,1500.0,0.0,5.5
458.5,2026-05-06T17:21:30.076510+00:00,84.9271,-0.0861,96.9257,0.2373,0.75,0.0,1500.0,0.0,5.5
459.0,2026-05-06T17:21:30.576344+00:00,85.025,-0.0026,96.7115,0.1901,0.75,0.0,1500.0,0.0,5.5
459.5,2026-05-06T17:21:31.076212+00:00,85.1002,0.1253,96.7782,0.1076,0.75,0.0,1500.0,0.0,5.5
460.0,2026-05-06T17:21:31.584618+00:00,85.0307,0.0327,96.8296,0.0827,0.75,0.0,1500.0,0.0,5.5
460.500924,2026-05-06T17:21:32.077123+00:00,85.1046,0.0887,96.5219,-0.0522,0.75,0.0,1500.0,0.0,5.5
461.0,2026-05-06T17:21:32.576279+00:00,85.1614,0.0682,96.6094,-0.0478,0.75,0.0,1500.0,0.0,5.4488
461.5,2026-05-06T17:21:33.076287+00:00,85.0778,-0.0112,96.9312,0.0018,0.75,0.0,1500.0,0.0,5.4238
462.000609,2026-05-06T17:21:33.576878+00:00,85.0135,-0.0086,96.7157,0.0014,0.75,0.0,1500.0,0.0,5.4116
462.5,2026-05-06T17:21:34.085043+00:00,84.9641,-0.0703,96.7584,-0.0066,0.75,0.0,1500.0,0.0,5.4057
463.0,2026-05-06T17:21:34.577697+00:00,85.0534,-0.054,96.6986,-0.0437,0.75,0.0,1500.0,0.0,5.454
463.5,2026-05-06T17:21:35.076196+00:00,84.9948,-0.0415,96.6526,0.0436,0.75,0.0,1500.0,0.0,5.4263
464.0,2026-05-06T17:21:35.576216+00:00,85.2042,0.0954,96.7561,0.0489,0.75,0.0,1500.0,0.0,5.4129
464.5,2026-05-06T17:21:36.076388+00:00,85.1107,0.0733,96.9283,-0.001,0.75,0.0,1500.0,0.0,5.4063
465.0,2026-05-06T17:21:36.582473+00:00,85.1661,0.0563,96.9449,0.0764,0.75,0.0,1500.0,0.0,5.4031
465.500582,2026-05-06T17:21:37.077014+00:00,85.2086,0.1069,96.6105,-0.0493,0.75,0.0,1500.0,0.0,5.4527
466.0,2026-05-06T17:21:37.576540+00:00,85.3686,0.0822,96.4693,-0.0764,0.75,0.0,1500.0,0.0,5.4769
466.5,2026-05-06T17:21:38.076176+00:00,85.3643,0.1268,96.4532,-0.0665,0.75,0.0,1500.0,0.0,5.4887
467.0,2026-05-06T17:21:38.576390+00:00,85.361,0.0975,96.6954,-0.0202,0.75,0.0,1500.0,0.0,5.4945
467.5,2026-05-06T17:21:39.082092+00:00,85.4857,0.1385,96.4188,-0.1698,0.75,0.0,1500.0,0.0,5.4461
468.0,2026-05-06T17:21:39.576205+00:00,85.4543,0.0429,96.2062,-0.2462,0.75,0.0,1500.0,0.0,5.4737
468.5,2026-05-06T17:21:40.076250+00:00,85.4302,0.0329,96.3899,-0.0735,0.75,0.0,1500.0,0.0,5.4872
469.0,2026-05-06T17:21:40.576483+00:00,85.5389,0.0889,96.5311,0.0206,0.75,0.0,1500.0,0.0,5.4937
469.500922,2026-05-06T17:21:41.077107+00:00,85.6225,0.0684,96.6396,0.0621,0.75,0.0,1500.0,0.0,5.4457
470.0,2026-05-06T17:21:41.581545+00:00,85.4321,-0.0111,96.6073,-0.0294,0.75,0.0,1500.0,0.0,5.4223
470.5,2026-05-06T17:21:42.076574+00:00,85.5404,0.0551,96.5825,0.0545,0.75,0.0,1500.0,0.0,5.4109
471.0,2026-05-06T17:21:42.576335+00:00,85.3691,-0.0849,96.5865,0.1268,0.75,0.0,1500.0,0.0,5.4053
471.5,2026-05-06T17:21:43.076214+00:00,85.3647,-0.1289,96.6822,0.0974,0.75,0.0,1500.0,0.0,5.4026
472.0,2026-05-06T17:21:43.576798+00:00,85.4885,0.0282,96.7557,0.0749,0.75,0.0,1500.0,0.0,5.4013
472.5,2026-05-06T17:21:44.083988+00:00,85.4565,-0.042,96.5809,-0.0196,0.75,0.0,1500.0,0.0,5.4006
473.0,2026-05-06T17:21:44.577077+00:00,85.3046,-0.0323,96.6778,0.0235,0.75,0.0,1500.0,0.0,5.4003
473.5,2026-05-06T17:21:45.076804+00:00,85.3151,-0.0248,96.7293,0.0489,0.75,0.0,1500.0,0.0,5.4001
474.0,2026-05-06T17:21:45.576343+00:00,85.4504,-0.0191,96.6762,0.0299,0.75,0.0,1500.0,0.0,5.4001
474.5,2026-05-06T17:21:46.076348+00:00,85.5545,0.049,96.6354,-0.0156,0.75,0.0,1500.0,0.0,5.4
475.0,2026-05-06T17:21:46.580745+00:00,85.3799,0.0377,96.4884,-0.0891,0.75,0.0,1500.0,0.0,5.4512
475.50104,2026-05-06T17:21:47.077933+00:00,85.373,0.0289,96.2597,-0.1071,0.75,0.0,1500.0,0.0,5.425
476.0,2026-05-06T17:21:47.576199+00:00,85.3677,-0.0414,96.5467,-0.0437,0.75,0.0,1500.0,0.0,5.4122
476.5,2026-05-06T17:21:48.076326+00:00,85.3636,-0.0954,96.5359,-0.0645,0.75,0.0,1500.0,0.0,5.406
477.0,2026-05-06T17:21:48.576714+00:00,85.4877,0.0539,96.2962,-0.1267,0.75,0.0,1500.0,0.0,5.4029
477.5,2026-05-06T17:21:49.083242+00:00,85.4558,0.0414,96.2276,-0.1359,0.75,0.0,1500.0,0.0,5.4014
478.00044,2026-05-06T17:21:49.576671+00:00,85.4313,0.0318,96.3138,-0.0582,0.75,0.0,1500.0,0.0,5.4007
478.5,2026-05-06T17:21:50.076653+00:00,85.5398,0.0881,96.4726,0.071,0.75,0.0,1500.0,0.0,5.4003
479.000513,2026-05-06T17:21:50.576783+00:00,85.4959,0.0041,96.3401,-0.0689,0.75,0.0,1500.0,0.0,5.4002
479.5,2026-05-06T17:21:51.076514+00:00,85.5894,0.0668,96.354,-0.0606,0.75,0.0,1500.0,0.0,5.4001
480.0,2026-05-06T17:21:51.586477+00:00,85.534,0.0513,96.6192,0.1077,0.75,0.0,1500.0,0.0,5.4
480.500466,2026-05-06T17:21:52.076731+00:00,85.4914,-0.0242,96.7073,0.1599,0.75,0.0,1500.0,0.0,5.4
481.0,2026-05-06T17:21:52.578244+00:00,85.4587,-0.0186,96.5436,0.0766,0.75,0.0,1500.0,0.0,5.4
481.5,2026-05-06T17:21:53.076201+00:00,85.5608,-0.0143,96.6492,0.0589,0.75,0.0,1500.0,0.0,5.4
482.0,2026-05-06T17:21:53.576192+00:00,85.6393,0.0527,96.7304,0.1301,0.75,0.0,1500.0,0.0,5.4
482.5,2026-05-06T17:21:54.181463+00:00,85.6996,0.1041,96.7696,0.1386,0.75,0.0,1500.0,0.0,5.4
483.0,2026-05-06T17:21:54.576468+00:00,85.746,0.1436,96.9386,0.1065,0.75,0.0,1500.0,0.0,5.4
483.5,2026-05-06T17:21:55.077150+00:00,85.7816,0.1104,96.7214,0.0047,0.75,0.0,1500.0,0.0,5.4
484.0,2026-05-06T17:21:55.576190+00:00,85.6818,0.0212,96.7859,0.0808,0.75,0.0,1500.0,0.0,5.4
484.5,2026-05-06T17:21:56.076548+00:00,85.7323,0.0163,96.7197,0.0235,0.75,0.0,1500.0,0.0,5.4
485.0,2026-05-06T17:21:56.583228+00:00,85.7711,0.0125,96.5301,-0.0668,0.75,0.0,1500.0,0.0,5.4
485.5,2026-05-06T17:21:57.076171+00:00,85.6736,-0.054,96.5231,-0.0822,0.75,0.0,1500.0,0.0,5.4
486.00007,2026-05-06T17:21:57.576372+00:00,85.726,0.0221,96.4946,-0.148,0.75,0.0,1500.0,0.0,5.4
486.5,2026-05-06T17:21:58.076189+00:00,85.7663,0.017,96.4727,-0.0829,0.75,0.0,1500.0,0.0,5.4
487.000378,2026-05-06T17:21:58.576633+00:00,85.6699,-0.0506,96.5947,-0.0637,0.75,0.0,1500.0,0.0,5.4
487.5,2026-05-06T17:21:59.081279+00:00,85.4686,-0.1025,96.434,-0.0953,0.75,0.0,1500.0,0.0,5.4
488.0,2026-05-06T17:21:59.576358+00:00,85.5685,-0.0788,96.3336,-0.0655,0.75,0.0,1500.0,0.0,5.4
488.5,2026-05-06T17:22:00.076548+00:00,85.7724,0.0031,96.3721,-0.0503,0.75,0.0,1500.0,0.0,5.4
489.0,2026-05-06T17:22:00.576680+00:00,85.802,0.066,96.5174,0.0076,0.75,0.0,1500.0,0.0,5.4
489.5,2026-05-06T17:22:01.076377+00:00,85.6974,0.1144,96.4902,0.0058,0.75,0.0,1500.0,0.0,5.4
490.0,2026-05-06T17:22:01.582543+00:00,85.7443,0.0879,96.6082,0.0045,0.75,0.0,1500.0,0.0,5.4
490.5,2026-05-06T17:22:02.076802+00:00,85.5258,-0.1233,96.6988,0.0883,0.75,0.0,1500.0,0.0,5.4
491.0,2026-05-06T17:22:02.576359+00:00,85.3578,-0.2221,96.6528,0.1064,0.75,0.0,1500.0,0.0,5.4
491.5,2026-05-06T17:22:03.076215+00:00,85.4833,-0.107,96.7332,0.1204,0.75,0.0,1500.0,0.0,5.4
492.0,2026-05-06T17:22:03.576216+00:00,85.5797,-0.0823,96.6792,0.0539,0.75,0.0,1500.0,0.0,5.4
492.5,2026-05-06T17:22:04.083184+00:00,85.6538,0.064,96.6377,0.0492,0.75,0.0,1500.0,0.0,5.4
493.001215,2026-05-06T17:22:04.577407+00:00,85.5835,0.1128,96.4902,-0.0393,0.75,0.0,1500.0,0.0,5.4
493.5,2026-05-06T17:22:05.076210+00:00,85.5295,0.0231,96.4693,-0.0765,0.75,0.0,1500.0,0.0,5.4
494.0,2026-05-06T17:22:05.577745+00:00,85.7425,0.0814,96.3607,-0.0974,0.75,0.0,1500.0,0.0,5.4
494.5,2026-05-06T17:22:06.076208+00:00,85.6517,-0.0011,96.6243,-0.0363,0.75,0.0,1500.0,0.0,5.4
495.0,2026-05-06T17:22:06.581600+00:00,85.7091,0.0628,96.827,0.0493,0.75,0.0,1500.0,0.0,5.4
495.5,2026-05-06T17:22:07.076217+00:00,85.626,0.0483,96.7513,0.0379,0.75,0.0,1500.0,0.0,5.4
496.0,2026-05-06T17:22:07.576213+00:00,85.3076,-0.2174,96.8089,0.1062,0.75,0.0,1500.0,0.0,5.4
496.5,2026-05-06T17:22:08.077012+00:00,85.3174,-0.1671,96.9688,0.1665,0.75,0.0,1500.0,0.0,5.4
497.000585,2026-05-06T17:22:08.576771+00:00,85.325,-0.1921,96.8603,0.1665,0.75,0.0,1500.0,0.0,5.4
497.5,2026-05-06T17:22:09.082850+00:00,85.458,-0.084,96.8695,0.0817,0.75,0.0,1500.0,0.0,5.3488
498.0,2026-05-06T17:22:09.576872+00:00,85.5603,0.1263,97.0154,0.0628,0.75,0.0,1500.0,0.0,5.375
498.5,2026-05-06T17:22:10.076860+00:00,85.6389,0.1607,97.0118,0.0868,0.75,0.0,1500.0,0.0,5.3878
499.0,2026-05-06T17:22:10.576182+00:00,85.6993,0.1872,97.1017,0.0976,0.75,0.0,1500.0,0.0,5.394
499.5,2026-05-06T17:22:11.076674+00:00,85.6185,0.0802,97.0781,0.0364,0.75,0.0,1500.0,0.0,5.3971
500.0,2026-05-06T17:22:11.582063+00:00,85.5564,-0.002,97.0369,0.0589,0.75,0.0,1500.0,0.0,5.3986
500.5,2026-05-06T17:22:12.076619+00:00,85.2541,-0.1924,96.8895,0.0067,0.75,0.0,1500.0,0.0,5.3993
501.0,2026-05-06T17:22:12.576378+00:00,85.4035,-0.1479,96.8225,-0.0643,0.75,0.0,1500.0,0.0,5.3997
501.5,2026-05-06T17:22:13.076189+00:00,85.773,0.0772,96.9793,-0.0108,0.75,0.0,1500.0,0.0,5.3998
502.0,2026-05-06T17:22:13.576888+00:00,85.9296,0.1866,96.9841,-0.0392,0.75,0.0,1500.0,0.0,5.3999
502.5,2026-05-06T17:22:14.082770+00:00,85.9228,0.3344,97.1035,0.0084,0.75,0.0,1500.0,0.0,5.4
503.0,2026-05-06T17:22:14.576218+00:00,85.9175,0.257,97.0564,0.0065,0.75,0.0,1500.0,0.0,5.4
503.5,2026-05-06T17:22:15.076596+00:00,85.7862,0.0066,97.0433,0.0513,0.75,0.0,1500.0,0.0,5.4
504.0,2026-05-06T17:22:15.576249+00:00,85.6852,-0.1222,96.9176,0.0317,0.75,0.0,1500.0,0.0,5.4
504.5,2026-05-06T17:22:16.076216+00:00,85.7349,-0.0939,96.9367,-0.0142,0.75,0.0,1500.0,0.0,5.4
505.0,2026-05-06T17:22:16.584629+00:00,85.6459,-0.1358,97.0439,0.0199,0.75,0.0,1500.0,0.0,5.4
505.5,2026-05-06T17:22:17.076215+00:00,85.7047,-0.0408,96.918,-0.0618,0.75,0.0,1500.0,0.0,5.4512
506.0,2026-05-06T17:22:17.576947+00:00,85.8771,0.0959,97.0527,-0.0012,0.75,0.0,1500.0,0.0,5.4762
506.5,2026-05-06T17:22:18.077169+00:00,85.8824,0.0737,97.0405,-0.0009,0.75,0.0,1500.0,0.0,5.4884
507.0,2026-05-06T17:22:18.576283+00:00,85.8865,0.1203,96.9154,-0.0007,0.75,0.0,1500.0,0.0,5.4943
507.5,2026-05-06T17:22:19.082805+00:00,85.8896,0.0925,96.935,-0.0006,0.75,0.0,1500.0,0.0,5.446
508.0,2026-05-06T17:22:19.580459+00:00,85.7648,-0.0562,97.0657,0.0073,0.75,0.0,1500.0,0.0,5.4737
508.5,2026-05-06T17:22:20.076207+00:00,85.796,-0.0432,97.0505,0.0442,0.75,0.0,1500.0,0.0,5.4359
509.0,2026-05-06T17:22:20.576727+00:00,85.6928,-0.0968,97.1545,0.0339,0.75,0.0,1500.0,0.0,5.4175
509.502397,2026-05-06T17:22:21.078702+00:00,85.868,-0.0108,97.1419,0.0338,0.75,0.0,1500.0,0.0,5.4086
510.0,2026-05-06T17:22:21.581662+00:00,85.8754,0.0553,97.1091,0.0645,0.75,0.0,1500.0,0.0,5.4042
510.5,2026-05-06T17:22:22.076621+00:00,86.0084,0.1062,97.1995,0.0882,0.75,0.0,1500.0,0.0,5.4532
511.001021,2026-05-06T17:22:22.577229+00:00,85.856,0.0816,97.0377,-0.0094,0.75,0.0,1500.0,0.0,5.4772
511.5,2026-05-06T17:22:23.076745+00:00,85.8662,-0.0009,97.1446,0.0314,0.75,0.0,1500.0,0.0,5.4889
512.0,2026-05-06T17:22:23.576291+00:00,85.874,-0.0007,97.088,-0.0222,0.75,0.0,1500.0,0.0,5.4946
512.500921,2026-05-06T17:22:24.085908+00:00,86.0073,-0.0005,96.952,-0.0633,0.75,0.0,1500.0,0.0,5.4973
513.0,2026-05-06T17:22:24.576185+00:00,86.1097,0.1269,96.9631,-0.0487,0.75,0.0,1500.0,0.0,5.4987
513.5,2026-05-06T17:22:25.076217+00:00,86.1885,0.1611,97.203,0.0012,0.75,0.0,1500.0,0.0,5.4994
514.000589,2026-05-06T17:22:25.577924+00:00,86.1217,0.1238,97.0172,-0.0068,0.75,0.0,1500.0,0.0,5.4485
514.5,2026-05-06T17:22:26.076218+00:00,86.1977,0.0952,97.0132,-0.0438,0.75,0.0,1500.0,0.0,5.4237
515.0,2026-05-06T17:22:26.585430+00:00,86.2561,0.0732,97.1259,0.0126,0.75,0.0,1500.0,0.0,5.4115
515.5,2026-05-06T17:22:27.076197+00:00,86.3009,0.0562,97.0967,0.0483,0.75,0.0,1500.0,0.0,5.4568
516.0,2026-05-06T17:22:27.576187+00:00,86.0809,-0.0204,97.1901,0.0757,0.75,0.0,1500.0,0.0,5.4789
516.5,2026-05-06T17:22:28.079580+00:00,86.039,-0.0793,96.9147,-0.0961,0.75,0.0,1500.0,0.0,5.4385
517.0,2026-05-06T17:22:28.576190+00:00,85.8796,-0.1882,96.7956,-0.0739,0.75,0.0,1500.0,0.0,5.47
517.5,2026-05-06T17:22:29.080892+00:00,86.0116,-0.1447,96.9586,-0.0182,0.75,0.0,1500.0,0.0,5.4342
518.001971,2026-05-06T17:22:29.578184+00:00,85.9858,-0.0476,96.7599,-0.122,0.75,0.0,1500.0,0.0,5.4679
518.500301,2026-05-06T17:22:30.076535+00:00,85.9659,-0.0366,96.8155,-0.0938,0.75,0.0,1500.0,0.0,5.4843
519.0,2026-05-06T17:22:30.576294+00:00,85.9507,0.0355,96.7425,-0.1492,0.75,0.0,1500.0,0.0,5.4923
519.5,2026-05-06T17:22:31.079455+00:00,85.9389,-0.0363,96.6864,-0.0761,0.75,0.0,1500.0,0.0,5.4451
520.0,2026-05-06T17:22:31.582940+00:00,85.9299,-0.0279,96.5507,-0.0816,0.75,0.0,1500.0,0.0,5.422
520.5,2026-05-06T17:22:32.077535+00:00,86.1775,0.1058,96.6546,-0.1013,0.75,0.0,1500.0,0.0,5.4107
521.0,2026-05-06T17:22:32.576984+00:00,86.2406,0.145,96.48,-0.0933,0.75,0.0,1500.0,0.0,5.4052
521.5,2026-05-06T17:22:33.076254+00:00,86.4163,0.2387,96.3689,-0.1488,0.75,0.0,1500.0,0.0,5.4538
522.0,2026-05-06T17:22:33.576212+00:00,86.4241,0.2471,96.515,-0.0758,0.75,0.0,1500.0,0.0,5.4774
522.5,2026-05-06T17:22:34.085949+00:00,86.3028,0.0626,96.5115,-0.0583,0.75,0.0,1500.0,0.0,5.4378
523.0,2026-05-06T17:22:34.577901+00:00,86.3369,0.0481,96.3931,-0.0525,0.75,0.0,1500.0,0.0,5.4696
523.5,2026-05-06T17:22:35.076182+00:00,86.3631,-0.0266,96.6493,-0.0018,0.75,0.0,1500.0,0.0,5.434
524.0,2026-05-06T17:22:35.577103+00:00,86.3832,-0.0205,96.7536,0.0912,0.75,0.0,1500.0,0.0,5.4166
524.5,2026-05-06T17:22:36.076297+00:00,86.3986,0.0479,96.8106,0.1472,0.75,0.0,1500.0,0.0,5.4081
525.0,2026-05-06T17:22:36.587487+00:00,86.4105,0.0368,96.9701,0.1517,0.75,0.0,1500.0,0.0,5.4039
525.5,2026-05-06T17:22:37.076511+00:00,86.2924,-0.0353,96.7456,0.078,0.75,0.0,1500.0,0.0,5.4019
526.0,2026-05-06T17:22:37.576299+00:00,86.3289,-0.0272,96.7814,0.1294,0.75,0.0,1500.0,0.0,5.4009
526.5,2026-05-06T17:22:38.077001+00:00,86.2296,-0.0845,96.6006,-0.0162,0.75,0.0,1500.0,0.0,5.4005
527.0,2026-05-06T17:22:38.576764+00:00,86.2806,-0.065,96.693,-0.0202,0.75,0.0,1500.0,0.0,5.4002
527.5,2026-05-06T17:22:39.082023+00:00,86.4471,0.0773,96.5326,-0.0927,0.75,0.0,1500.0,0.0,5.4001
528.0,2026-05-06T17:22:39.576191+00:00,86.4478,0.0594,96.6408,-0.1098,0.75,0.0,1500.0,0.0,5.4001
528.5,2026-05-06T17:22:40.076415+00:00,86.321,0.0457,96.6082,-0.0458,0.75,0.0,1500.0,0.0,5.4
529.0,2026-05-06T17:22:40.577699+00:00,86.4781,0.0988,96.6757,-0.0352,0.75,0.0,1500.0,0.0,5.4
529.5,2026-05-06T17:22:41.076965+00:00,86.5989,0.0759,96.7508,0.0501,0.75,0.0,1500.0,0.0,5.4
530.0,2026-05-06T17:22:41.584650+00:00,86.5644,0.0583,96.6927,-0.0001,0.75,0.0,1500.0,0.0,5.4
530.5,2026-05-06T17:22:42.076337+00:00,86.4107,0.0448,96.5093,-0.0078,0.75,0.0,1500.0,0.0,5.4512
531.0,2026-05-06T17:22:42.576268+00:00,86.2925,-0.0928,96.5071,-0.0445,0.75,0.0,1500.0,0.0,5.4762
531.5,2026-05-06T17:22:43.076946+00:00,86.0744,-0.2622,96.4824,-0.0419,0.75,0.0,1500.0,0.0,5.4884
532.0,2026-05-06T17:22:43.576192+00:00,86.0341,-0.2652,96.4633,-0.0708,0.75,0.0,1500.0,0.0,5.4943
532.5,2026-05-06T17:22:44.081441+00:00,86.2576,-0.0766,96.4718,-0.093,0.75,0.0,1500.0,0.0,5.4972
533.0,2026-05-06T17:22:44.576213+00:00,86.3021,0.0048,96.6866,-0.0021,0.75,0.0,1500.0,0.0,5.5498
533.5,2026-05-06T17:22:45.076215+00:00,86.0818,0.0037,96.412,-0.0324,0.75,0.0,1500.0,0.0,5.5243
534.0,2026-05-06T17:22:45.576189+00:00,86.167,0.0665,96.5249,0.0059,0.75,0.0,1500.0,0.0,5.5119
534.5,2026-05-06T17:22:46.076185+00:00,86.2325,-0.0125,96.6349,0.0508,0.75,0.0,1500.0,0.0,5.5058
535.0,2026-05-06T17:22:46.582891+00:00,86.2828,-0.0096,96.6962,0.0776,0.75,0.0,1500.0,0.0,5.5028
535.5,2026-05-06T17:22:47.077545+00:00,86.4488,0.1835,96.7434,0.0905,0.75,0.0,1500.0,0.0,5.4502
536.0,2026-05-06T17:22:47.576214+00:00,86.3218,0.0774,96.8028,0.0387,0.75,0.0,1500.0,0.0,5.4245
536.5,2026-05-06T17:22:48.077072+00:00,86.3515,0.0595,96.6401,0.076,0.75,0.0,1500.0,0.0,5.4119
537.0,2026-05-06T17:22:48.578607+00:00,86.3743,0.0457,96.7234,0.0662,0.75,0.0,1500.0,0.0,5.4058
537.5,2026-05-06T17:22:49.081193+00:00,86.3918,-0.0285,96.6717,0.0123,0.75,0.0,1500.0,0.0,5.4028
538.0,2026-05-06T17:22:49.576201+00:00,86.5325,0.1054,96.632,-0.0214,0.75,0.0,1500.0,0.0,5.4526
538.5,2026-05-06T17:22:50.076181+00:00,86.3862,0.0174,96.7171,-0.0087,0.75,0.0,1500.0,0.0,5.4769
539.0,2026-05-06T17:22:50.577168+00:00,86.5282,0.077,96.6438,-0.053,0.75,0.0,1500.0,0.0,5.4887
539.5,2026-05-06T17:22:51.076218+00:00,86.5101,0.0592,96.4948,-0.0484,0.75,0.0,1500.0,0.0,5.4945
540.0,2026-05-06T17:22:51.583685+00:00,86.6235,0.0455,96.496,-0.0758,0.75,0.0,1500.0,0.0,5.4973
540.5,2026-05-06T17:22:52.076391+00:00,86.7106,0.1622,96.4738,-0.066,0.75,0.0,1500.0,0.0,5.4987
541.001429,2026-05-06T17:22:52.577671+00:00,86.6503,0.061,96.2484,-0.1278,0.75,0.0,1500.0,0.0,5.4994
541.5,2026-05-06T17:22:53.076308+00:00,86.7312,0.1106,96.4224,-0.0983,0.75,0.0,1500.0,0.0,5.4997
542.0,2026-05-06T17:22:53.577134+00:00,86.6661,0.0213,96.556,-0.0292,0.75,0.0,1500.0,0.0,5.4998
542.5,2026-05-06T17:22:54.087436+00:00,86.4889,-0.1109,96.6588,0.0547,0.75,0.0,1500.0,0.0,5.4999
543.0,2026-05-06T17:22:54.577122+00:00,86.6071,-0.0216,96.5063,0.0034,0.75,0.0,1500.0,0.0,5.5
543.5,2026-05-06T17:22:55.076711+00:00,86.698,-0.0166,96.6206,0.0489,0.75,0.0,1500.0,0.0,5.5
544.0,2026-05-06T17:22:55.576851+00:00,86.6406,-0.0127,96.5695,0.107,0.75,0.0,1500.0,0.0,5.5
544.5,2026-05-06T17:22:56.076186+00:00,86.5965,0.0538,96.7617,0.1131,0.75,0.0,1500.0,0.0,5.5
545.0,2026-05-06T17:22:56.583724+00:00,86.6899,0.0414,96.5854,0.0098,0.75,0.0,1500.0,0.0,5.5
545.5,2026-05-06T17:22:57.076919+00:00,86.5071,-0.0955,96.5657,-0.031,0.75,0.0,1500.0,0.0,5.5
546.0,2026-05-06T17:22:57.576201+00:00,86.4939,-0.0734,96.5505,0.0147,0.75,0.0,1500.0,0.0,5.5
546.5,2026-05-06T17:22:58.076453+00:00,86.2292,-0.1837,96.4,-0.0735,0.75,0.0,1500.0,0.0,5.5
547.0,2026-05-06T17:22:58.576442+00:00,86.153,-0.2684,96.5157,-0.018,0.75,0.0,1500.0,0.0,5.5
547.5,2026-05-06T17:22:59.081733+00:00,86.0945,-0.2063,96.2806,-0.1604,0.75,0.0,1500.0,0.0,5.4488
548.0,2026-05-06T17:22:59.577554+00:00,86.4313,-0.0313,96.4471,-0.0461,0.75,0.0,1500.0,0.0,5.475
548.5,2026-05-06T17:23:00.077685+00:00,86.4356,0.1032,96.4362,-0.0432,0.75,0.0,1500.0,0.0,5.4878
549.0,2026-05-06T17:23:00.576200+00:00,86.5662,0.2066,96.3584,-0.064,0.75,0.0,1500.0,0.0,5.494
549.5,2026-05-06T17:23:01.077435+00:00,86.4121,0.1588,96.5069,0.0356,0.75,0.0,1500.0,0.0,5.4971
550.0,2026-05-06T17:23:01.583833+00:00,86.5481,0.0584,96.8524,0.1122,0.75,0.0,1500.0,0.0,5.4986
550.5,2026-05-06T17:23:02.076210+00:00,86.6527,0.1085,96.8865,0.202,0.75,0.0,1500.0,0.0,5.4993
551.0,2026-05-06T17:23:02.576217+00:00,86.733,0.0834,97.0285,0.1938,0.75,0.0,1500.0,0.0,5.4485
551.5,2026-05-06T17:23:03.077341+00:00,86.6675,0.1277,96.7905,0.1181,0.75,0.0,1500.0,0.0,5.4236
552.0,2026-05-06T17:23:03.576205+00:00,86.6172,0.0346,96.8158,0.1525,0.75,0.0,1500.0,0.0,5.4115
552.5,2026-05-06T17:23:04.083281+00:00,86.8331,0.0902,96.8585,0.1172,0.75,0.0,1500.0,0.0,5.4056
553.0,2026-05-06T17:23:04.576648+00:00,86.7444,0.0057,96.7755,-0.0256,0.75,0.0,1500.0,0.0,5.4539
553.5,2026-05-06T17:23:05.076200+00:00,86.549,-0.0593,96.7118,-0.0583,0.75,0.0,1500.0,0.0,5.4263
554.0,2026-05-06T17:23:05.576213+00:00,86.3988,-0.1092,96.7553,-0.0911,0.75,0.0,1500.0,0.0,5.464
554.5,2026-05-06T17:23:06.076861+00:00,86.4107,-0.2112,96.8119,0.0071,0.75,0.0,1500.0,0.0,5.4825
555.0,2026-05-06T17:23:06.580718+00:00,86.4198,-0.1623,96.9712,0.0518,0.75,0.0,1500.0,0.0,5.4914
555.5,2026-05-06T17:23:07.076181+00:00,86.6813,0.0661,96.9778,0.0398,0.75,0.0,1500.0,0.0,5.4958
556.0,2026-05-06T17:23:07.576201+00:00,86.5005,0.0508,96.983,0.0692,0.75,0.0,1500.0,0.0,5.498
556.5,2026-05-06T17:23:08.076428+00:00,86.6161,0.1027,96.8712,0.0531,0.75,0.0,1500.0,0.0,5.4478
557.0,2026-05-06T17:23:08.576436+00:00,86.7049,0.1426,96.901,0.0486,0.75,0.0,1500.0,0.0,5.4233
557.5,2026-05-06T17:23:09.082607+00:00,86.6459,-0.0177,96.7851,-0.009,0.75,0.0,1500.0,0.0,5.4114
558.0,2026-05-06T17:23:09.576522+00:00,86.8551,0.1773,96.8348,-0.0454,0.75,0.0,1500.0,0.0,5.4568
558.5,2026-05-06T17:23:10.076521+00:00,87.0159,0.1999,96.873,-0.0349,0.75,0.0,1500.0,0.0,5.4789
559.0,2026-05-06T17:23:10.576286+00:00,87.1395,0.2173,96.7636,-0.0731,0.75,0.0,1500.0,0.0,5.4897
559.5,2026-05-06T17:23:11.076728+00:00,87.2345,0.2943,96.8183,-0.0176,0.75,0.0,1500.0,0.0,5.495
560.0,2026-05-06T17:23:11.582935+00:00,87.053,0.0989,96.8603,-0.0136,0.75,0.0,1500.0,0.0,5.4975
560.5,2026-05-06T17:23:12.076208+00:00,86.9134,-0.0512,96.5224,-0.0876,0.75,0.0,1500.0,0.0,5.4988
561.0,2026-05-06T17:23:12.576531+00:00,86.8062,-0.1667,96.7486,-0.0287,0.75,0.0,1500.0,0.0,5.4994
561.5,2026-05-06T17:23:13.076561+00:00,86.851,-0.1917,96.6911,-0.0606,0.75,0.0,1500.0,0.0,5.4997
562.002441,2026-05-06T17:23:13.578882+00:00,86.8855,-0.0837,96.6469,-0.0389,0.75,0.0,1500.0,0.0,5.4999
562.5,2026-05-06T17:23:14.081744+00:00,86.7847,-0.0644,96.7286,-0.0299,0.75,0.0,1500.0,0.0,5.4999
563.0,2026-05-06T17:23:14.576196+00:00,86.8345,0.0142,96.7683,-0.0307,0.75,0.0,1500.0,0.0,5.5
563.500585,2026-05-06T17:23:15.076759+00:00,87.0001,0.0745,96.6136,0.0304,0.75,0.0,1500.0,0.0,5.5
564.0,2026-05-06T17:23:15.576189+00:00,87.0001,0.0573,96.7956,0.0157,0.75,0.0,1500.0,0.0,5.5
564.50061,2026-05-06T17:23:16.076814+00:00,87.1273,0.1713,96.9586,0.0892,0.75,0.0,1500.0,0.0,5.5
565.0,2026-05-06T17:23:16.584375+00:00,87.0979,0.1317,96.5979,-0.0163,0.75,0.0,1500.0,0.0,5.5
565.5,2026-05-06T17:23:17.076556+00:00,86.948,-0.0261,96.691,-0.0125,0.75,0.0,1500.0,0.0,5.4488
566.0,2026-05-06T17:23:17.576182+00:00,87.0873,0.0436,96.5079,-0.0868,0.75,0.0,1500.0,0.0,5.4238
566.5,2026-05-06T17:23:18.076213+00:00,87.0671,-0.0301,96.5061,-0.0358,0.75,0.0,1500.0,0.0,5.4116
567.0,2026-05-06T17:23:18.577568+00:00,87.3061,0.1041,96.6204,-0.0584,0.75,0.0,1500.0,0.0,5.4569
567.5,2026-05-06T17:23:19.081724+00:00,87.3625,0.2073,96.7082,-0.0835,0.75,0.0,1500.0,0.0,5.479
568.0,2026-05-06T17:23:19.576892+00:00,87.4059,0.1593,96.66,0.0207,0.75,0.0,1500.0,0.0,5.4897
568.5,2026-05-06T17:23:20.076169+00:00,87.312,0.1225,96.7387,0.0159,0.75,0.0,1500.0,0.0,5.495
569.0,2026-05-06T17:23:20.576624+00:00,87.3671,0.0305,96.776,0.0894,0.75,0.0,1500.0,0.0,5.4976
569.5,2026-05-06T17:23:21.076181+00:00,87.4094,0.0234,96.5965,0.0301,0.75,0.0,1500.0,0.0,5.4988
570.0,2026-05-06T17:23:21.581852+00:00,87.3147,-0.0456,96.8055,0.0617,0.75,0.0,1500.0,0.0,5.4994
570.5,2026-05-06T17:23:22.077926+00:00,87.3691,0.0286,96.9662,0.086,0.75,0.0,1500.0,0.0,5.4997
571.0,2026-05-06T17:23:22.576590+00:00,87.5382,0.0856,96.8352,0.0584,0.75,0.0,1500.0,0.0,5.4999
571.5,2026-05-06T17:23:23.077105+00:00,87.4137,0.0022,96.989,0.0834,0.75,0.0,1500.0,0.0,5.4999
572.0,2026-05-06T17:23:23.576185+00:00,87.318,0.0017,96.9916,0.0718,0.75,0.0,1500.0,0.0,5.5
572.5,2026-05-06T17:23:24.082654+00:00,87.3717,0.0013,96.8778,0.0938,0.75,0.0,1500.0,0.0,5.4488
573.0,2026-05-06T17:23:24.576461+00:00,87.1584,-0.1899,96.9061,0.0335,0.75,0.0,1500.0,0.0,5.475
573.5,2026-05-06T17:23:25.076375+00:00,87.249,-0.0823,96.6964,-0.0899,0.75,0.0,1500.0,0.0,5.4878
574.0,2026-05-06T17:23:25.576201+00:00,87.4459,0.064,96.6278,-0.0691,0.75,0.0,1500.0,0.0,5.494
574.5,2026-05-06T17:23:26.076387+00:00,87.47,0.0492,96.714,-0.0917,0.75,0.0,1500.0,0.0,5.4459
575.000009,2026-05-06T17:23:26.583822+00:00,87.3612,0.1014,96.7801,-0.0705,0.75,0.0,1500.0,0.0,5.4224
575.5,2026-05-06T17:23:27.077876+00:00,87.4049,0.078,96.5996,-0.0927,0.75,0.0,1500.0,0.0,5.4109
576.0,2026-05-06T17:23:27.576213+00:00,87.4385,-0.0037,96.5766,-0.1098,0.75,0.0,1500.0,0.0,5.4053
576.5,2026-05-06T17:23:28.077119+00:00,87.2098,-0.1301,96.6745,-0.0073,0.75,0.0,1500.0,0.0,5.4026
577.0,2026-05-06T17:23:28.576192+00:00,87.4158,0.0273,96.5185,-0.0365,0.75,0.0,1500.0,0.0,5.4013
577.500602,2026-05-06T17:23:29.082484+00:00,87.4468,0.0209,96.5142,-0.0666,0.75,0.0,1500.0,0.0,5.4006
578.0,2026-05-06T17:23:29.576298+00:00,87.4707,0.0161,96.6035,-0.0589,0.75,0.0,1500.0,0.0,5.4515
578.5,2026-05-06T17:23:30.076469+00:00,87.2345,0.0124,96.4638,-0.0453,0.75,0.0,1500.0,0.0,5.4251
579.0,2026-05-06T17:23:30.576416+00:00,87.3075,-0.0541,96.4722,-0.0348,0.75,0.0,1500.0,0.0,5.4123
579.5,2026-05-06T17:23:31.076253+00:00,87.2364,-0.1052,96.5943,-0.0267,0.75,0.0,1500.0,0.0,5.406
580.0008,2026-05-06T17:23:31.584063+00:00,87.3089,-0.0809,96.5494,0.0103,0.75,0.0,1500.0,0.0,5.4029
580.5,2026-05-06T17:23:32.076189+00:00,87.492,0.1287,96.6305,0.0388,0.75,0.0,1500.0,0.0,5.4014
581.0,2026-05-06T17:23:32.576523+00:00,87.3781,0.0353,96.716,0.0375,0.75,0.0,1500.0,0.0,5.4007
581.5,2026-05-06T17:23:33.076217+00:00,87.4179,0.0908,96.5735,0.0365,0.75,0.0,1500.0,0.0,5.4003
582.0,2026-05-06T17:23:33.577694+00:00,87.5757,0.1334,96.6722,0.0667,0.75,0.0,1500.0,0.0,5.4002
582.5,2026-05-06T17:23:34.081118+00:00,87.5698,0.0389,96.6092,0.005,0.75,0.0,1500.0,0.0,5.4001
583.0,2026-05-06T17:23:34.577834+00:00,87.6925,0.1572,96.6996,0.0501,0.75,0.0,1500.0,0.0,5.4
583.5,2026-05-06T17:23:35.076189+00:00,87.405,-0.0065,96.5377,-0.0309,0.75,0.0,1500.0,0.0,5.4512
584.0,2026-05-06T17:23:35.576351+00:00,87.5658,-0.005,96.6447,-0.0238,0.75,0.0,1500.0,0.0,5.4762
584.5,2026-05-06T17:23:36.076209+00:00,87.5621,-0.0038,96.7269,0.0512,0.75,0.0,1500.0,0.0,5.4884
585.0,2026-05-06T17:23:36.581441+00:00,87.5593,-0.0666,96.5587,-0.0378,0.75,0.0,1500.0,0.0,5.4943
585.5,2026-05-06T17:23:37.076423+00:00,87.4299,0.0125,96.6608,0.0172,0.75,0.0,1500.0,0.0,5.4972
586.0,2026-05-06T17:23:37.576366+00:00,87.3304,-0.1177,96.7393,0.0132,0.75,0.0,1500.0,0.0,5.4986
586.5,2026-05-06T17:23:38.076172+00:00,87.254,-0.1541,96.7996,0.0873,0.75,0.0,1500.0,0.0,5.4993
587.0,2026-05-06T17:23:38.576395+00:00,87.3225,-0.1184,96.846,0.0671,0.75,0.0,1500.0,0.0,5.4997
587.5,2026-05-06T17:23:39.083613+00:00,87.5024,0.0362,96.7659,0.013,0.75,0.0,1500.0,0.0,5.4486
588.0,2026-05-06T17:23:39.576459+00:00,87.3861,0.0279,96.5656,0.0023,0.75,0.0,1500.0,0.0,5.4749
588.5,2026-05-06T17:23:40.076265+00:00,87.2968,0.0214,96.7818,0.0403,0.75,0.0,1500.0,0.0,5.4878
589.0,2026-05-06T17:23:40.576217+00:00,87.3554,0.0165,96.6009,-0.0461,0.75,0.0,1500.0,0.0,5.494
589.5,2026-05-06T17:23:41.076341+00:00,87.2731,-0.1146,96.6932,-0.0355,0.75,0.0,1500.0,0.0,5.4971
590.0,2026-05-06T17:23:41.582718+00:00,87.3372,-0.0245,96.7411,-0.035,0.75,0.0,1500.0,0.0,5.4986
590.5,2026-05-06T17:23:42.076216+00:00,87.2592,-0.0188,96.7084,-0.0192,0.75,0.0,1500.0,0.0,5.4481
591.0,2026-05-06T17:23:42.576317+00:00,87.1992,-0.0781,96.7759,0.0701,0.75,0.0,1500.0,0.0,5.4235
591.5,2026-05-06T17:23:43.076197+00:00,87.4076,0.0673,96.7121,-0.0232,0.75,0.0,1500.0,0.0,5.4115
592.0,2026-05-06T17:23:43.576196+00:00,87.3133,-0.0119,96.663,0.0207,0.75,0.0,1500.0,0.0,5.4056
592.5,2026-05-06T17:23:44.082480+00:00,87.3681,0.0545,96.741,0.0159,0.75,0.0,1500.0,0.0,5.4027
593.0,2026-05-06T17:23:44.576189+00:00,87.4102,0.1055,96.7778,0.0122,0.75,0.0,1500.0,0.0,5.4013
593.5,2026-05-06T17:23:45.076283+00:00,87.4425,0.0174,96.4821,-0.0754,0.75,0.0,1500.0,0.0,5.4006
594.0,2026-05-06T17:23:45.576554+00:00,87.4674,0.077,96.7176,-0.0194,0.75,0.0,1500.0,0.0,5.4003
594.5,2026-05-06T17:23:46.076323+00:00,87.3592,-0.0044,96.783,0.0236,0.75,0.0,1500.0,0.0,5.4002
595.0,2026-05-06T17:23:46.580817+00:00,87.4034,-0.0034,96.7175,0.0182,0.75,0.0,1500.0,0.0,5.4001
595.5,2026-05-06T17:23:47.076208+00:00,87.4373,-0.0026,96.6672,-0.0246,0.75,0.0,1500.0,0.0,5.4
596.0,2026-05-06T17:23:47.576370+00:00,87.3361,-0.0656,96.8599,0.0274,0.75,0.0,1500.0,0.0,5.4
596.5,2026-05-06T17:23:48.076203+00:00,87.2583,-0.0505,96.6378,0.0519,0.75,0.0,1500.0,0.0,5.4
597.0,2026-05-06T17:23:48.576836+00:00,87.4531,0.0249,96.6059,-0.0373,0.75,0.0,1500.0,0.0,5.4
597.500001,2026-05-06T17:23:49.082477+00:00,87.6028,0.0827,96.6971,-0.0286,0.75,0.0,1500.0,0.0,5.4
598.0,2026-05-06T17:23:49.576200+00:00,87.5906,0.1272,96.744,0.0088,0.75,0.0,1500.0,0.0,5.4512
598.5,2026-05-06T17:23:50.076214+00:00,87.7085,0.2251,96.8033,0.0454,0.75,0.0,1500.0,0.0,5.4762
599.0,2026-05-06T17:23:50.577941+00:00,87.7991,0.173,96.8488,-0.0037,0.75,0.0,1500.0,0.0,5.4884
599.5,2026-05-06T17:23:51.076200+00:00,87.7414,0.0693,96.7681,0.0434,0.75,0.0,1500.0,0.0,5.4943
600.0,2026-05-06T17:23:51.580813+00:00,87.5699,-0.0104,96.6829,0.0257,0.75,0.0,1500.0,0.0,5.4972
600.5,2026-05-06T17:23:52.076330+00:00,87.6925,-0.008,96.7331,0.012,0.75,0.0,1500.0,0.0,5.4986
601.0,2026-05-06T17:23:52.576202+00:00,87.7868,-0.0061,96.6561,-0.0293,0.75,0.0,1500.0,0.0,5.4993
601.500604,2026-05-06T17:23:53.076859+00:00,87.8593,0.0589,96.8513,0.016,0.75,0.0,1500.0,0.0,5.4997
602.0,2026-05-06T17:23:53.576256+00:00,87.7877,0.1089,96.9783,0.0432,0.75,0.0,1500.0,0.0,5.4998
602.5,2026-05-06T17:23:54.082741+00:00,87.7327,0.0201,96.8676,0.0332,0.75,0.0,1500.0,0.0,5.4999
603.0,2026-05-06T17:23:54.576212+00:00,87.6904,-0.0482,96.8751,0.0641,0.75,0.0,1500.0,0.0,5.5
603.5,2026-05-06T17:23:55.077124+00:00,87.6579,-0.1007,97.0197,0.0955,0.75,0.0,1500.0,0.0,5.5
604.0,2026-05-06T17:23:55.576212+00:00,87.633,-0.0774,96.8995,0.0811,0.75,0.0,1500.0,0.0,5.5
604.5,2026-05-06T17:23:56.076188+00:00,87.741,0.0042,96.9227,0.0238,0.75,0.0,1500.0,0.0,5.5
605.000251,2026-05-06T17:23:56.582503+00:00,87.9514,0.1305,96.9406,-0.0126,0.75,0.0,1500.0,0.0,5.5
605.5,2026-05-06T17:23:57.077688+00:00,87.9858,0.1639,96.6998,-0.0559,0.75,0.0,1500.0,0.0,5.5
606.0,2026-05-06T17:23:57.576256+00:00,87.8849,0.126,96.7693,-0.0353,0.75,0.0,1500.0,0.0,5.5
606.5,2026-05-06T17:23:58.076300+00:00,87.9347,0.0968,96.8227,-0.0657,0.75,0.0,1500.0,0.0,5.4488
607.0,2026-05-06T17:23:58.576189+00:00,87.9729,0.0108,96.8406,-0.0196,0.75,0.0,1500.0,0.0,5.475
607.5,2026-05-06T17:23:59.083581+00:00,87.8751,-0.0553,96.8775,-0.0151,0.75,0.0,1500.0,0.0,5.4366
608.0,2026-05-06T17:23:59.576446+00:00,87.7999,-0.0425,96.7901,-0.0502,0.75,0.0,1500.0,0.0,5.4691
608.5,2026-05-06T17:24:00.076188+00:00,87.742,-0.0963,96.723,0.0077,0.75,0.0,1500.0,0.0,5.4849
609.0,2026-05-06T17:24:00.577178+00:00,87.8249,-0.074,96.7871,0.0059,0.75,0.0,1500.0,0.0,5.4926
609.5,2026-05-06T17:24:01.076781+00:00,87.8885,0.0067,96.605,-0.0726,0.75,0.0,1500.0,0.0,5.4964
610.0,2026-05-06T17:24:01.582772+00:00,87.9375,0.0688,96.6964,-0.0481,0.75,0.0,1500.0,0.0,5.4982
610.5,2026-05-06T17:24:02.076997+00:00,87.9751,0.1165,96.7666,-0.0369,0.75,0.0,1500.0,0.0,5.4991
611.0,2026-05-06T17:24:02.576624+00:00,88.004,0.0896,96.7049,-0.0284,0.75,0.0,1500.0,0.0,5.4996
611.502082,2026-05-06T17:24:03.078298+00:00,87.8989,0.0052,96.6575,-0.0218,0.75,0.0,1500.0,0.0,5.4486
612.0,2026-05-06T17:24:03.576297+00:00,87.6909,-0.1233,96.8293,0.0141,0.75,0.0,1500.0,0.0,5.4237
612.5,2026-05-06T17:24:04.083989+00:00,87.9129,-0.0311,96.8688,0.088,0.75,0.0,1500.0,0.0,5.4116
613.000001,2026-05-06T17:24:04.576381+00:00,87.9562,-0.0239,97.0149,0.1062,0.75,0.0,1500.0,0.0,5.4568
613.5,2026-05-06T17:24:05.076195+00:00,87.9894,0.0453,97.0114,0.0816,0.75,0.0,1500.0,0.0,5.4789
614.0,2026-05-06T17:24:05.576316+00:00,87.7605,0.0348,97.0088,0.1013,0.75,0.0,1500.0,0.0,5.4897
614.5,2026-05-06T17:24:06.076213+00:00,87.839,-0.0369,97.0068,0.1164,0.75,0.0,1500.0,0.0,5.495
615.0,2026-05-06T17:24:06.583213+00:00,87.8994,-0.0284,97.0052,0.0586,0.75,0.0,1500.0,0.0,5.4976
615.5,2026-05-06T17:24:07.076324+00:00,88.0731,0.0418,96.68,-0.0629,0.75,0.0,1500.0,0.0,5.4988
616.0,2026-05-06T17:24:07.576299+00:00,88.3339,0.2867,96.8698,-0.0484,0.75,0.0,1500.0,0.0,5.4994
616.5,2026-05-06T17:24:08.078177+00:00,88.5343,0.3476,96.8999,-0.0372,0.75,0.0,1500.0,0.0,5.4997
617.0,2026-05-06T17:24:08.576623+00:00,88.1793,0.1399,96.8074,-0.0671,0.75,0.0,1500.0,0.0,5.4999
617.5,2026-05-06T17:24:09.083265+00:00,88.0336,-0.0197,96.9676,-0.013,0.75,0.0,1500.0,0.0,5.4487
618.0,2026-05-06T17:24:09.577205+00:00,87.9217,-0.2061,96.9751,-0.01,0.75,0.0,1500.0,0.0,5.4238
618.5,2026-05-06T17:24:10.076199+00:00,87.963,-0.2857,96.6338,-0.0154,0.75,0.0,1500.0,0.0,5.4116
619.0,2026-05-06T17:24:10.576274+00:00,87.9947,-0.0923,96.9499,0.0267,0.75,0.0,1500.0,0.0,5.4057
619.5,2026-05-06T17:24:11.077704+00:00,88.0191,-0.0073,97.0772,0.0591,0.75,0.0,1500.0,0.0,5.4028
620.0,2026-05-06T17:24:11.581364+00:00,88.0378,0.058,96.9205,0.0377,0.75,0.0,1500.0,0.0,5.4013
620.5,2026-05-06T17:24:12.076338+00:00,88.1795,0.1082,96.9389,-0.0096,0.75,0.0,1500.0,0.0,5.4519
621.0,2026-05-06T17:24:12.576213+00:00,87.9065,-0.0441,96.953,-0.0074,0.75,0.0,1500.0,0.0,5.4253
621.5,2026-05-06T17:24:13.077079+00:00,87.824,-0.0975,96.9639,0.11,0.75,0.0,1500.0,0.0,5.4123
622.0,2026-05-06T17:24:13.576202+00:00,87.8879,-0.075,97.088,0.046,0.75,0.0,1500.0,0.0,5.406
622.5,2026-05-06T17:24:14.082676+00:00,87.937,-0.1212,97.0907,0.0045,0.75,0.0,1500.0,0.0,5.4029
623.0,2026-05-06T17:24:14.577117+00:00,87.9747,0.0341,97.0697,0.0497,0.75,0.0,1500.0,0.0,5.4526
623.5,2026-05-06T17:24:15.076569+00:00,88.0037,0.0898,97.1462,0.0691,0.75,0.0,1500.0,0.0,5.4257
624.0,2026-05-06T17:24:15.576337+00:00,88.026,0.069,97.1123,0.0531,0.75,0.0,1500.0,0.0,5.4125
624.5,2026-05-06T17:24:16.076207+00:00,88.0431,0.0531,97.202,0.0794,0.75,0.0,1500.0,0.0,5.4061
625.0,2026-05-06T17:24:16.582706+00:00,88.0563,0.0408,97.271,0.061,0.75,0.0,1500.0,0.0,5.403
625.5,2026-05-06T17:24:17.076288+00:00,88.0664,0.0313,97.2083,0.0392,0.75,0.0,1500.0,0.0,5.4015
626.0,2026-05-06T17:24:17.576942+00:00,88.0742,0.0241,97.2758,0.0687,0.75,0.0,1500.0,0.0,5.4007
626.5,2026-05-06T17:24:18.077081+00:00,88.2074,0.0822,97.212,0.0219,0.75,0.0,1500.0,0.0,5.4003
627.0,2026-05-06T17:24:18.576216+00:00,88.3098,0.1268,96.9084,-0.068,0.75,0.0,1500.0,0.0,5.4002
627.500053,2026-05-06T17:24:19.082902+00:00,88.3885,0.1611,96.9296,-0.0908,0.75,0.0,1500.0,0.0,5.4001
628.0,2026-05-06T17:24:19.577025+00:00,88.449,0.1874,96.8302,-0.1469,0.75,0.0,1500.0,0.0,5.4512
628.5,2026-05-06T17:24:20.076331+00:00,88.241,0.0168,96.8695,-0.1129,0.75,0.0,1500.0,0.0,5.4762
629.0007,2026-05-06T17:24:20.577120+00:00,88.3356,0.0129,97.0154,-0.0868,0.75,0.0,1500.0,0.0,5.4884
629.500189,2026-05-06T17:24:21.076717+00:00,88.4084,0.0099,96.873,-0.113,0.75,0.0,1500.0,0.0,5.4431
630.0,2026-05-06T17:24:21.582816+00:00,88.4643,0.0076,96.7867,-0.0406,0.75,0.0,1500.0,0.0,5.4722
630.5,2026-05-06T17:24:22.076403+00:00,88.2527,0.0059,96.7203,-0.0697,0.75,0.0,1500.0,0.0,5.4353
631.0,2026-05-06T17:24:22.576624+00:00,88.2174,-0.0591,96.8776,0.0158,0.75,0.0,1500.0,0.0,5.4172
631.5,2026-05-06T17:24:23.076212+00:00,88.1902,-0.1091,96.9059,0.0122,0.75,0.0,1500.0,0.0,5.4084
632.0,2026-05-06T17:24:23.576204+00:00,87.9148,-0.2747,96.9277,-0.0292,0.75,0.0,1500.0,0.0,5.4041
632.5,2026-05-06T17:24:24.087786+00:00,87.9577,-0.1475,96.713,-0.0533,0.75,0.0,1500.0,0.0,5.402
633.0,2026-05-06T17:24:24.577876+00:00,88.1179,-0.0498,96.5249,-0.0873,0.75,0.0,1500.0,0.0,5.401
633.500024,2026-05-06T17:24:25.076347+00:00,88.241,0.0254,96.7274,0.0024,0.75,0.0,1500.0,0.0,5.4005
634.0,2026-05-06T17:24:25.576404+00:00,88.2084,0.1468,96.6979,-0.0599,0.75,0.0,1500.0,0.0,5.4002
634.5,2026-05-06T17:24:26.076205+00:00,88.056,0.0492,96.629,-0.0923,0.75,0.0,1500.0,0.0,5.4001
635.0,2026-05-06T17:24:26.584723+00:00,88.1935,0.0378,96.5991,-0.1095,0.75,0.0,1500.0,0.0,5.4001
635.5,2026-05-06T17:24:27.076445+00:00,88.2991,0.0291,96.8076,0.0315,0.75,0.0,1500.0,0.0,5.4512
636.0,2026-05-06T17:24:27.576203+00:00,88.253,0.0223,96.829,0.1014,0.75,0.0,1500.0,0.0,5.4762
636.5,2026-05-06T17:24:28.076199+00:00,88.2176,0.0808,96.9843,0.0856,0.75,0.0,1500.0,0.0,5.4372
637.0,2026-05-06T17:24:28.576246+00:00,88.1904,-0.0015,96.9879,0.0967,0.75,0.0,1500.0,0.0,5.4181
637.5,2026-05-06T17:24:29.081274+00:00,88.2968,-0.0012,97.1064,0.1591,0.75,0.0,1500.0,0.0,5.4089
638.0,2026-05-06T17:24:29.576195+00:00,88.2512,-0.0009,97.1975,0.1994,0.75,0.0,1500.0,0.0,5.4043
638.500975,2026-05-06T17:24:30.077425+00:00,88.2162,-0.0007,97.0361,0.0762,0.75,0.0,1500.0,0.0,5.4021
639.0,2026-05-06T17:24:30.576274+00:00,88.1893,-0.0005,97.2591,0.1434,0.75,0.0,1500.0,0.0,5.401
639.5,2026-05-06T17:24:31.076303+00:00,88.2959,-0.0004,97.4306,0.1488,0.75,0.0,1500.0,0.0,5.4005
640.001443,2026-05-06T17:24:31.581944+00:00,88.3779,0.0633,97.1227,0.0449,0.75,0.0,1500.0,0.0,5.4002
640.5,2026-05-06T17:24:32.076373+00:00,88.1863,-0.015,97.21,0.0345,0.75,0.0,1500.0,0.0,5.4001
641.0,2026-05-06T17:24:32.576454+00:00,88.2936,0.0521,97.0457,-0.0506,0.75,0.0,1500.0,0.0,5.4001
641.5,2026-05-06T17:24:33.076469+00:00,88.2488,-0.0236,97.0351,-0.0003,0.75,0.0,1500.0,0.0,5.4
642.000032,2026-05-06T17:24:33.576357+00:00,88.0871,-0.1454,97.027,-0.0774,0.75,0.0,1500.0,0.0,5.4
642.5,2026-05-06T17:24:34.081459+00:00,88.0901,-0.0481,97.1364,-0.098,0.75,0.0,1500.0,0.0,5.4
643.000676,2026-05-06T17:24:34.576877+00:00,88.0924,-0.1006,96.9892,-0.0445,0.75,0.0,1500.0,0.0,5.4512
643.5,2026-05-06T17:24:35.077228+00:00,88.0941,-0.0773,96.8528,-0.119,0.75,0.0,1500.0,0.0,5.425
644.0,2026-05-06T17:24:35.577967+00:00,88.2228,0.0678,96.7712,-0.0915,0.75,0.0,1500.0,0.0,5.4122
644.5,2026-05-06T17:24:36.076214+00:00,88.1944,0.0521,96.3613,-0.2246,0.75,0.0,1500.0,0.0,5.406
645.0,2026-05-06T17:24:36.581056+00:00,88.1725,0.0401,96.2777,-0.2498,0.75,0.0,1500.0,0.0,5.4029
645.5,2026-05-06T17:24:37.076374+00:00,88.283,0.0944,96.5606,-0.192,0.75,0.0,1500.0,0.0,5.4014
646.0,2026-05-06T17:24:37.576194+00:00,88.3679,0.0726,96.5465,-0.1475,0.75,0.0,1500.0,0.0,5.4007
646.5,2026-05-06T17:24:38.078070+00:00,88.3059,0.0558,96.4201,-0.1443,0.75,0.0,1500.0,0.0,5.4003
647.0,2026-05-06T17:24:38.576215+00:00,88.5128,0.1701,96.5543,-0.0723,0.75,0.0,1500.0,0.0,5.4002
647.5,2026-05-06T17:24:39.082937+00:00,88.5446,0.1308,96.2872,-0.0247,0.75,0.0,1500.0,0.0,5.4001
648.0,2026-05-06T17:24:39.576321+00:00,88.4417,0.0369,96.2207,-0.019,0.75,0.0,1500.0,0.0,5.4
648.5,2026-05-06T17:24:40.076194+00:00,88.4899,0.092,96.2853,-0.0917,0.75,0.0,1500.0,0.0,5.4
649.0,2026-05-06T17:24:40.577103+00:00,88.3997,-0.0566,96.2193,-0.1091,0.75,0.0,1500.0,0.0,5.4
649.500804,2026-05-06T17:24:41.077255+00:00,88.5849,0.0202,96.1686,-0.0838,0.75,0.0,1500.0,0.0,5.4
650.0,2026-05-06T17:24:41.581897+00:00,88.4727,0.0155,96.361,-0.0644,0.75,0.0,1500.0,0.0,5.4
650.5,2026-05-06T17:24:42.077146+00:00,88.3864,-0.0517,96.6245,0.1125,0.75,0.0,1500.0,0.0,5.4
651.0,2026-05-06T17:24:42.576264+00:00,88.4474,0.0239,96.7114,0.1636,0.75,0.0,1500.0,0.0,5.4
651.5,2026-05-06T17:24:43.076199+00:00,88.367,-0.1089,96.7782,0.1643,0.75,0.0,1500.0,0.0,5.4
652.0,2026-05-06T17:24:43.576702+00:00,88.687,0.1072,96.9452,0.242,0.75,0.0,1500.0,0.0,5.4
652.5,2026-05-06T17:24:44.083225+00:00,88.5512,0.0824,97.0736,0.3017,0.75,0.0,1500.0,0.0,5.4
653.0,2026-05-06T17:24:44.576186+00:00,88.4468,-0.0003,97.0566,0.2319,0.75,0.0,1500.0,0.0,5.4
653.5,2026-05-06T17:24:45.076373+00:00,88.7484,0.1907,97.0435,0.1396,0.75,0.0,1500.0,0.0,5.4
654.0,2026-05-06T17:24:45.576368+00:00,88.7256,0.0193,97.0334,0.1073,0.75,0.0,1500.0,0.0,5.4
654.5,2026-05-06T17:24:46.076727+00:00,88.7081,0.0784,97.0257,0.0825,0.75,0.0,1500.0,0.0,5.4
655.0,2026-05-06T17:24:46.582898+00:00,88.6947,0.1239,97.0197,0.0248,0.75,0.0,1500.0,0.0,5.4
655.5,2026-05-06T17:24:47.076200+00:00,88.6843,-0.032,96.8995,-0.058,0.75,0.0,1500.0,0.0,5.4
656.0,2026-05-06T17:24:47.576185+00:00,88.5491,-0.0882,96.9227,-0.0446,0.75,0.0,1500.0,0.0,5.4
656.500161,2026-05-06T17:24:48.076412+00:00,88.5725,-0.0678,97.0563,0.0043,0.75,0.0,1500.0,0.0,5.4
657.001447,2026-05-06T17:24:48.577966+00:00,88.5904,-0.0521,96.8119,-0.0738,0.75,0.0,1500.0,0.0,5.4
657.5,2026-05-06T17:24:49.082605+00:00,88.7315,0.0236,96.2538,-0.2573,0.75,0.0,1500.0,0.0,5.4
658.0,2026-05-06T17:24:49.576214+00:00,88.4581,-0.0455,96.3108,-0.2363,0.75,0.0,1500.0,0.0,5.4
658.5,2026-05-06T17:24:50.076653+00:00,88.6298,0.0286,96.3545,-0.1816,0.75,0.0,1500.0,0.0,5.4
659.0,2026-05-06T17:24:50.576940+00:00,88.889,0.1493,96.5039,-0.1396,0.75,0.0,1500.0,0.0,5.4
659.5,2026-05-06T17:24:51.076815+00:00,88.9609,0.1147,96.4799,-0.1922,0.75,0.0,1500.0,0.0,5.4
660.0,2026-05-06T17:24:51.583311+00:00,89.0163,0.2791,96.3688,-0.1477,0.75,0.0,1500.0,0.0,5.4
660.5,2026-05-06T17:24:52.077700+00:00,89.0588,0.2145,96.6306,0.1256,0.75,0.0,1500.0,0.0,5.4
661.0,2026-05-06T17:24:52.577627+00:00,89.2187,0.1649,96.9475,0.2122,0.75,0.0,1500.0,0.0,5.4
661.5,2026-05-06T17:24:53.076187+00:00,89.3417,0.1904,96.9596,0.2017,0.75,0.0,1500.0,0.0,5.4
662.0,2026-05-06T17:24:53.577122+00:00,89.1816,0.0827,97.0847,0.1936,0.75,0.0,1500.0,0.0,5.4
662.5,2026-05-06T17:24:54.081757+00:00,89.0586,-0.0001,97.0651,0.1951,0.75,0.0,1500.0,0.0,5.4
663.000908,2026-05-06T17:24:54.577085+00:00,89.0913,-0.0637,96.7029,0.1114,0.75,0.0,1500.0,0.0,5.4
663.5,2026-05-06T17:24:55.076184+00:00,88.9892,-0.1762,96.7485,0.0393,0.75,0.0,1500.0,0.0,5.4
664.0,2026-05-06T17:24:55.576599+00:00,88.7834,-0.1991,96.8993,-0.0161,0.75,0.0,1500.0,0.0,5.4
664.5,2026-05-06T17:24:56.076191+00:00,88.8798,-0.0894,96.9226,-0.0123,0.75,0.0,1500.0,0.0,5.4
665.0,2026-05-06T17:24:56.582333+00:00,88.8266,-0.1323,96.9405,-0.0481,0.75,0.0,1500.0,0.0,5.4
665.5,2026-05-06T17:24:57.076387+00:00,88.7858,-0.1017,96.9543,-0.0369,0.75,0.0,1500.0,0.0,5.4
666.0,2026-05-06T17:24:57.576184+00:00,88.7544,-0.0145,96.8491,0.0487,0.75,0.0,1500.0,0.0,5.4
666.5,2026-05-06T17:24:58.076176+00:00,88.7302,-0.0748,96.8841,0.0452,0.75,0.0,1500.0,0.0,5.4
667.0,2026-05-06T17:24:58.576206+00:00,88.5844,-0.1211,97.0266,0.0424,0.75,0.0,1500.0,0.0,5.4
667.5,2026-05-06T17:24:59.082088+00:00,88.5996,-0.0931,97.0204,0.0326,0.75,0.0,1500.0,0.0,5.4
668.0,2026-05-06T17:24:59.576558+00:00,88.6112,-0.0716,97.1314,0.0636,0.75,0.0,1500.0,0.0,5.4
668.5,2026-05-06T17:25:00.076834+00:00,88.6202,-0.055,97.101,0.0489,0.75,0.0,1500.0,0.0,5.4
669.0,2026-05-06T17:25:00.576846+00:00,88.8816,0.1486,96.7305,-0.0395,0.75,0.0,1500.0,0.0,5.4512
669.5,2026-05-06T17:25:01.076480+00:00,88.9553,0.1779,96.7929,-0.0304,0.75,0.0,1500.0,0.0,5.4762
670.0,2026-05-06T17:25:01.584513+00:00,89.0119,0.2003,96.9565,-0.0234,0.75,0.0,1500.0,0.0,5.4884
670.5,2026-05-06T17:25:02.076200+00:00,88.8009,0.0904,96.8509,-0.0565,0.75,0.0,1500.0,0.0,5.4431
671.0,2026-05-06T17:25:02.576196+00:00,89.0205,0.0694,97.0011,-0.0434,0.75,0.0,1500.0,0.0,5.421
671.5,2026-05-06T17:25:03.076186+00:00,89.0621,0.0534,97.1165,0.0052,0.75,0.0,1500.0,0.0,5.4103
672.0,2026-05-06T17:25:03.576217+00:00,88.7122,-0.1499,97.0664,0.112,0.75,0.0,1500.0,0.0,5.405
672.5,2026-05-06T17:25:04.082862+00:00,88.316,-0.2425,97.0511,0.0861,0.75,0.0,1500.0,0.0,5.4024
673.0,2026-05-06T17:25:04.576190+00:00,88.6478,-0.1864,96.8078,-0.0496,0.75,0.0,1500.0,0.0,5.4524
673.500088,2026-05-06T17:25:05.076314+00:00,88.7756,-0.1432,96.7366,-0.0381,0.75,0.0,1500.0,0.0,5.4768
674.0,2026-05-06T17:25:05.577861+00:00,88.8738,0.0808,96.6819,-0.1064,0.75,0.0,1500.0,0.0,5.4887
674.5,2026-05-06T17:25:06.080493+00:00,88.822,0.253,96.8712,-0.0818,0.75,0.0,1500.0,0.0,5.4945
675.0,2026-05-06T17:25:06.581619+00:00,88.7822,0.0672,96.9935,-0.0243,0.75,0.0,1500.0,0.0,5.4973
675.5,2026-05-06T17:25:07.076212+00:00,88.8789,0.0516,96.995,-0.0187,0.75,0.0,1500.0,0.0,5.4987
676.0,2026-05-06T17:25:07.576195+00:00,88.6986,-0.0876,96.8805,0.0242,0.75,0.0,1500.0,0.0,5.4994
676.5,2026-05-06T17:25:08.076346+00:00,88.4329,-0.1946,97.0238,0.0957,0.75,0.0,1500.0,0.0,5.4997
677.000158,2026-05-06T17:25:08.576390+00:00,88.6104,-0.0859,97.0183,0.1122,0.75,0.0,1500.0,0.0,5.4998
677.5,2026-05-06T17:25:09.083326+00:00,88.4923,-0.1933,97.0141,0.0476,0.75,0.0,1500.0,0.0,5.4487
678.0,2026-05-06T17:25:09.576265+00:00,88.656,-0.0213,96.9877,-0.002,0.75,0.0,1500.0,0.0,5.475
678.5,2026-05-06T17:25:10.076903+00:00,88.7819,0.1745,96.736,-0.0863,0.75,0.0,1500.0,0.0,5.4366
679.0,2026-05-06T17:25:10.577732+00:00,88.8787,0.1341,96.6582,-0.0741,0.75,0.0,1500.0,0.0,5.4179
679.500057,2026-05-06T17:25:11.076879+00:00,88.8257,0.1667,96.853,-0.0569,0.75,0.0,1500.0,0.0,5.4087
680.000001,2026-05-06T17:25:11.581430+00:00,88.7851,0.0645,97.0027,-0.0052,0.75,0.0,1500.0,0.0,5.4043
680.5,2026-05-06T17:25:12.076218+00:00,88.6266,-0.0777,97.1178,0.0346,0.75,0.0,1500.0,0.0,5.4021
681.0,2026-05-06T17:25:12.576387+00:00,88.5047,-0.187,97.2062,0.0729,0.75,0.0,1500.0,0.0,5.401
681.5,2026-05-06T17:25:13.077097+00:00,88.6656,-0.0801,97.1585,0.1408,0.75,0.0,1500.0,0.0,5.4005
682.0,2026-05-06T17:25:13.579279+00:00,88.5347,-0.1252,97.2144,0.1854,0.75,0.0,1500.0,0.0,5.4002
682.5,2026-05-06T17:25:14.082921+00:00,88.4341,-0.0962,97.0259,0.0576,0.75,0.0,1500.0,0.0,5.4001
683.0,2026-05-06T17:25:14.576202+00:00,88.4841,-0.0103,97.0199,0.0057,0.75,0.0,1500.0,0.0,5.4001
683.5,2026-05-06T17:25:15.076172+00:00,88.3952,-0.1352,97.131,0.0044,0.75,0.0,1500.0,0.0,5.4
684.000631,2026-05-06T17:25:15.576900+00:00,88.4542,-0.0403,96.8924,-0.1046,0.75,0.0,1500.0,0.0,5.4
684.5,2026-05-06T17:25:16.076196+00:00,88.4995,0.0327,96.8942,-0.0881,0.75,0.0,1500.0,0.0,5.4
685.0,2026-05-06T17:25:16.582538+00:00,88.6616,0.0888,97.0344,-0.06,0.75,0.0,1500.0,0.0,5.4
685.5,2026-05-06T17:25:17.077275+00:00,88.9134,0.2591,97.1421,0.0387,0.75,0.0,1500.0,0.0,5.4
686.0,2026-05-06T17:25:17.576215+00:00,88.9798,0.2628,97.1092,0.0298,0.75,0.0,1500.0,0.0,5.4
686.5008,2026-05-06T17:25:18.077140+00:00,88.9034,0.202,96.9683,-0.0543,0.75,0.0,1500.0,0.0,5.4
687.0,2026-05-06T17:25:18.576273+00:00,88.9721,0.1552,96.8368,-0.0186,0.75,0.0,1500.0,0.0,5.4
687.5,2026-05-06T17:25:19.082791+00:00,88.7703,-0.0716,96.6431,-0.0837,0.75,0.0,1500.0,0.0,5.4
688.0,2026-05-06T17:25:19.578790+00:00,88.8697,-0.055,96.7257,-0.1029,0.75,0.0,1500.0,0.0,5.4
688.500597,2026-05-06T17:25:20.076979+00:00,88.8189,-0.0423,96.7892,-0.1176,0.75,0.0,1500.0,0.0,5.4
689.0,2026-05-06T17:25:20.576268+00:00,88.9071,-0.0325,96.6991,-0.1367,0.75,0.0,1500.0,0.0,5.4
689.5,2026-05-06T17:25:21.076200+00:00,89.1021,0.1659,96.7687,-0.0665,0.75,0.0,1500.0,0.0,5.4
690.0,2026-05-06T17:25:21.582870+00:00,89.252,0.1912,96.938,0.0337,0.75,0.0,1500.0,0.0,5.4
690.5,2026-05-06T17:25:22.077135+00:00,89.1127,0.1469,96.8366,0.0645,0.75,0.0,1500.0,0.0,5.4
691.0,2026-05-06T17:25:22.576257+00:00,89.1329,0.1129,96.8744,0.0496,0.75,0.0,1500.0,0.0,5.4512
691.5,2026-05-06T17:25:23.076722+00:00,89.2757,0.0868,96.7646,-0.0082,0.75,0.0,1500.0,0.0,5.4762
692.0,2026-05-06T17:25:23.576477+00:00,89.1309,-0.0606,96.5877,-0.0371,0.75,0.0,1500.0,0.0,5.4884
692.5,2026-05-06T17:25:24.084625+00:00,89.2742,0.0807,96.5443,-0.0748,0.75,0.0,1500.0,0.0,5.4943
693.0,2026-05-06T17:25:24.576275+00:00,89.3843,0.1257,96.6266,-0.1038,0.75,0.0,1500.0,0.0,5.4972
693.5,2026-05-06T17:25:25.077847+00:00,89.3416,0.033,96.5973,-0.0798,0.75,0.0,1500.0,0.0,5.4474
694.0,2026-05-06T17:25:25.576609+00:00,89.1816,0.0253,96.6905,-0.0613,0.75,0.0,1500.0,0.0,5.4744
694.5,2026-05-06T17:25:26.076940+00:00,89.0586,-0.1078,96.7621,-0.0008,0.75,0.0,1500.0,0.0,5.4875
695.0,2026-05-06T17:25:26.586136+00:00,89.2186,-0.0829,96.5858,-0.0007,0.75,0.0,1500.0,0.0,5.4939
695.5,2026-05-06T17:25:27.076208+00:00,89.3415,-0.0,96.6816,0.0458,0.75,0.0,1500.0,0.0,5.497
696.0,2026-05-06T17:25:27.576191+00:00,89.4361,0.1272,96.7553,0.0429,0.75,0.0,1500.0,0.0,5.4985
696.5,2026-05-06T17:25:28.076291+00:00,89.3814,0.1614,96.6962,0.033,0.75,0.0,1500.0,0.0,5.4993
697.0,2026-05-06T17:25:28.576502+00:00,89.2122,-0.0032,96.7665,0.0253,0.75,0.0,1500.0,0.0,5.4997
697.5,2026-05-06T17:25:29.081919+00:00,88.9548,-0.1934,96.7974,0.0118,0.75,0.0,1500.0,0.0,5.4998
698.000519,2026-05-06T17:25:29.576748+00:00,89.0116,-0.2123,96.8674,0.0939,0.75,0.0,1500.0,0.0,5.4999
698.500045,2026-05-06T17:25:30.076649+00:00,89.0552,-0.1631,96.7824,0.0336,0.75,0.0,1500.0,0.0,5.5
699.0,2026-05-06T17:25:30.576598+00:00,88.9614,-0.1254,96.8328,0.0258,0.75,0.0,1500.0,0.0,5.5
699.500043,2026-05-06T17:25:31.076884+00:00,88.8893,-0.0327,96.7558,0.0198,0.75,0.0,1500.0,0.0,5.5
700.0,2026-05-06T17:25:31.588090+00:00,88.834,-0.0888,96.7891,0.0075,0.75,0.0,1500.0,0.0,5.5
700.5,2026-05-06T17:25:32.076445+00:00,88.7914,-0.1319,96.4908,-0.1022,0.75,0.0,1500.0,0.0,5.5
701.0,2026-05-06T17:25:32.576764+00:00,88.6314,-0.165,96.7243,-0.0477,0.75,0.0,1500.0,0.0,5.5
701.5,2026-05-06T17:25:33.076216+00:00,88.763,-0.0632,96.6724,-0.0367,0.75,0.0,1500.0,0.0,5.5
702.0,2026-05-06T17:25:33.576393+00:00,88.9914,0.0787,96.6325,-0.0667,0.75,0.0,1500.0,0.0,5.5
702.5,2026-05-06T17:25:34.090308+00:00,89.1669,0.1878,96.3473,-0.1361,0.75,0.0,1500.0,0.0,5.5
703.0,2026-05-06T17:25:34.576182+00:00,89.0473,0.2079,96.4984,-0.0969,0.75,0.0,1500.0,0.0,5.4488
703.5,2026-05-06T17:25:35.077953+00:00,89.0826,0.1598,96.4756,-0.0051,0.75,0.0,1500.0,0.0,5.4238
704.0,2026-05-06T17:25:35.576284+00:00,88.9825,-0.0044,96.3655,-0.1196,0.75,0.0,1500.0,0.0,5.4116
704.5,2026-05-06T17:25:36.076193+00:00,89.0328,-0.067,96.3967,-0.0919,0.75,0.0,1500.0,0.0,5.4057
705.0,2026-05-06T17:25:36.582514+00:00,89.0715,0.0121,96.3049,-0.1092,0.75,0.0,1500.0,0.0,5.4028
705.5,2026-05-06T17:25:37.076202+00:00,88.974,-0.0543,96.35,0.0009,0.75,0.0,1500.0,0.0,5.4014
706.0,2026-05-06T17:25:37.577090+00:00,88.7717,-0.1054,96.5004,0.0007,0.75,0.0,1500.0,0.0,5.4007
706.5,2026-05-06T17:25:38.076598+00:00,88.9981,-0.0174,96.5003,0.0082,0.75,0.0,1500.0,0.0,5.4003
707.0,2026-05-06T17:25:38.576174+00:00,88.9176,-0.077,96.7317,0.122,0.75,0.0,1500.0,0.0,5.4002
707.5,2026-05-06T17:25:39.083136+00:00,88.9829,0.0045,96.678,0.0938,0.75,0.0,1500.0,0.0,5.4001
708.0,2026-05-06T17:25:39.578034+00:00,89.0331,0.1307,96.498,0.0644,0.75,0.0,1500.0,0.0,5.4
708.5,2026-05-06T17:25:40.076454+00:00,89.0718,0.0368,96.6142,0.088,0.75,0.0,1500.0,0.0,5.4
709.0,2026-05-06T17:25:40.576277+00:00,89.1014,0.0919,96.7035,0.0677,0.75,0.0,1500.0,0.0,5.4
709.500926,2026-05-06T17:25:41.077342+00:00,88.8697,-0.0566,96.7721,0.0906,0.75,0.0,1500.0,0.0,5.4
710.0,2026-05-06T17:25:41.581483+00:00,89.0734,0.0201,96.686,-0.0152,0.75,0.0,1500.0,0.0,5.4512
710.5,2026-05-06T17:25:42.076710+00:00,89.1027,0.0155,96.7586,0.0269,0.75,0.0,1500.0,0.0,5.4762
711.0,2026-05-06T17:25:42.576202+00:00,89.2525,0.0755,96.9302,0.1441,0.75,0.0,1500.0,0.0,5.4884
711.5,2026-05-06T17:25:43.076188+00:00,89.2403,0.1853,96.9232,0.103,0.75,0.0,1500.0,0.0,5.4943
712.0,2026-05-06T17:25:43.576174+00:00,89.231,0.0788,96.7096,0.002,0.75,0.0,1500.0,0.0,5.4972
712.5,2026-05-06T17:25:44.084539+00:00,89.0966,-0.0031,96.7768,0.0016,0.75,0.0,1500.0,0.0,5.4474
713.0,2026-05-06T17:25:44.576216+00:00,89.1205,-0.066,96.7127,0.0089,0.75,0.0,1500.0,0.0,5.4744
713.5,2026-05-06T17:25:45.076276+00:00,89.2662,0.0129,96.5478,-0.0703,0.75,0.0,1500.0,0.0,5.4875
714.0,2026-05-06T17:25:45.576252+00:00,89.3781,0.0736,96.6524,-0.0926,0.75,0.0,1500.0,0.0,5.4939
714.5,2026-05-06T17:25:46.078251+00:00,89.2096,0.0565,96.6403,-0.0943,0.75,0.0,1500.0,0.0,5.497
715.0,2026-05-06T17:25:46.583049+00:00,89.3347,0.1071,96.7235,0.0047,0.75,0.0,1500.0,0.0,5.4985
715.5,2026-05-06T17:25:47.076331+00:00,89.4308,0.0823,96.7875,0.0036,0.75,0.0,1500.0,0.0,5.4481
716.0,2026-05-06T17:25:47.576740+00:00,89.3774,-0.0004,96.721,0.0028,0.75,0.0,1500.0,0.0,5.4235
716.5,2026-05-06T17:25:48.076502+00:00,89.4636,0.127,97.0169,0.1564,0.75,0.0,1500.0,0.0,5.4115
717.0,2026-05-06T17:25:48.576382+00:00,89.5299,0.0976,97.013,0.1202,0.75,0.0,1500.0,0.0,5.4056
717.50135,2026-05-06T17:25:49.085879+00:00,89.3263,-0.0523,97.1257,0.1618,0.75,0.0,1500.0,0.0,5.4027
718.0,2026-05-06T17:25:49.576448+00:00,89.4243,0.0235,97.0966,0.1244,0.75,0.0,1500.0,0.0,5.4013
718.5,2026-05-06T17:25:50.076193+00:00,89.4997,0.018,97.0743,0.0956,0.75,0.0,1500.0,0.0,5.4006
719.0,2026-05-06T17:25:50.576431+00:00,89.6849,0.0775,97.1496,0.1429,0.75,0.0,1500.0,0.0,5.4003
719.5,2026-05-06T17:25:51.076746+00:00,89.6999,0.1868,96.9993,-0.0059,0.75,0.0,1500.0,0.0,5.4002
720.0,2026-05-06T17:25:51.583159+00:00,89.8388,0.2072,96.9995,-0.0045,0.75,0.0,1500.0,0.0,5.4001
720.5,2026-05-06T17:25:52.076264+00:00,89.8183,0.1593,96.9996,-0.042,0.75,0.0,1500.0,0.0,5.4
721.0,2026-05-06T17:25:52.576211+00:00,89.5479,-0.0685,96.9997,-0.0323,0.75,0.0,1500.0,0.0,5.4512
721.5,2026-05-06T17:25:53.076529+00:00,89.5947,-0.0526,96.8841,-0.0634,0.75,0.0,1500.0,0.0,5.425
722.0,2026-05-06T17:25:53.576540+00:00,89.6306,-0.1041,96.8183,-0.1104,0.75,0.0,1500.0,0.0,5.4634
722.5,2026-05-06T17:25:54.084093+00:00,89.531,-0.1436,96.8604,-0.0463,0.75,0.0,1500.0,0.0,5.4309
723.0,2026-05-06T17:25:54.576182+00:00,89.5817,0.0169,96.777,-0.0742,0.75,0.0,1500.0,0.0,5.4663
723.5,2026-05-06T17:25:55.079124+00:00,89.6206,0.013,96.9443,-0.0184,0.75,0.0,1500.0,0.0,5.4836
724.0,2026-05-06T17:25:55.579060+00:00,89.5233,-0.0537,97.0729,0.0244,0.75,0.0,1500.0,0.0,5.492
724.5,2026-05-06T17:25:56.076208+00:00,89.4485,-0.0413,97.056,0.0573,0.75,0.0,1500.0,0.0,5.4961
725.0,2026-05-06T17:25:56.582356+00:00,89.391,-0.0953,97.0431,0.0749,0.75,0.0,1500.0,0.0,5.4981
725.5,2026-05-06T17:25:57.076974+00:00,89.3468,-0.1369,97.1488,0.0961,0.75,0.0,1500.0,0.0,5.4991
726.0,2026-05-06T17:25:57.577469+00:00,89.3128,-0.1052,97.1144,0.1125,0.75,0.0,1500.0,0.0,5.4995
726.5,2026-05-06T17:25:58.076186+00:00,88.9049,-0.2718,96.9722,0.0093,0.75,0.0,1500.0,0.0,5.4998
727.0,2026-05-06T17:25:58.576354+00:00,89.1005,-0.1453,96.9786,-0.0314,0.75,0.0,1500.0,0.0,5.4999
727.5,2026-05-06T17:25:59.081437+00:00,89.1235,-0.1116,97.0993,0.0144,0.75,0.0,1500.0,0.0,5.4487
728.0,2026-05-06T17:25:59.580509+00:00,89.0139,-0.1494,96.9606,-0.0275,0.75,0.0,1500.0,0.0,5.475
728.5,2026-05-06T17:26:00.076313+00:00,89.057,0.076,96.854,-0.0983,0.75,0.0,1500.0,0.0,5.4366
729.0,2026-05-06T17:26:00.577128+00:00,89.0901,-0.0052,97.0035,-0.037,0.75,0.0,1500.0,0.0,5.4179
729.5,2026-05-06T17:26:01.076334+00:00,89.1155,-0.004,96.7481,-0.0747,0.75,0.0,1500.0,0.0,5.4087
730.0,2026-05-06T17:26:01.585610+00:00,89.2623,0.1242,96.4593,-0.1731,0.75,0.0,1500.0,0.0,5.4043
730.5,2026-05-06T17:26:02.076660+00:00,88.9934,-0.0318,96.5844,-0.1716,0.75,0.0,1500.0,0.0,5.4021
731.0,2026-05-06T17:26:02.576619+00:00,88.9139,-0.0881,96.4723,-0.1628,0.75,0.0,1500.0,0.0,5.401
731.5,2026-05-06T17:26:03.076428+00:00,89.1074,-0.0041,96.363,-0.1637,0.75,0.0,1500.0,0.0,5.4005
732.0,2026-05-06T17:26:03.576591+00:00,89.1288,-0.0668,96.6261,-0.1258,0.75,0.0,1500.0,0.0,5.4002
732.5,2026-05-06T17:26:04.083510+00:00,89.2726,0.1396,96.4812,-0.089,0.75,0.0,1500.0,0.0,5.4001
733.0,2026-05-06T17:26:04.577107+00:00,89.1285,0.1073,96.6013,0.0473,0.75,0.0,1500.0,0.0,5.4513
733.5,2026-05-06T17:26:05.076435+00:00,89.2723,0.0825,96.6935,0.0364,0.75,0.0,1500.0,0.0,5.425
734.0,2026-05-06T17:26:05.576588+00:00,89.3829,0.127,96.7645,0.0974,0.75,0.0,1500.0,0.0,5.4122
734.5,2026-05-06T17:26:06.076362+00:00,89.3405,0.034,96.7033,0.1134,0.75,0.0,1500.0,0.0,5.4572
735.000261,2026-05-06T17:26:06.583596+00:00,89.308,0.0898,96.7719,0.0486,0.75,0.0,1500.0,0.0,5.4279
735.5,2026-05-06T17:26:07.076378+00:00,89.283,0.0054,96.8247,0.1145,0.75,0.0,1500.0,0.0,5.4136
736.0,2026-05-06T17:26:07.576186+00:00,89.3911,0.0041,96.8653,0.088,0.75,0.0,1500.0,0.0,5.4066
736.5,2026-05-06T17:26:08.076184+00:00,89.3469,0.0032,96.8964,0.0676,0.75,0.0,1500.0,0.0,5.4032
737.0,2026-05-06T17:26:08.576343+00:00,89.3129,0.0024,97.1518,0.1291,0.75,0.0,1500.0,0.0,5.4016
737.5,2026-05-06T17:26:09.080624+00:00,89.1595,-0.0618,97.1167,0.1378,0.75,0.0,1500.0,0.0,5.4008
738.0,2026-05-06T17:26:09.576213+00:00,89.1689,-0.1111,97.1822,0.1368,0.75,0.0,1500.0,0.0,5.4516
738.5,2026-05-06T17:26:10.076890+00:00,89.3033,-0.0218,97.2558,0.1437,0.75,0.0,1500.0,0.0,5.4764
739.0,2026-05-06T17:26:10.576493+00:00,89.2794,-0.0167,97.1966,0.1104,0.75,0.0,1500.0,0.0,5.4885
739.5,2026-05-06T17:26:11.076413+00:00,89.1338,-0.0129,97.3825,0.162,0.75,0.0,1500.0,0.0,5.4944
740.0,2026-05-06T17:26:11.582596+00:00,89.2764,0.0538,97.4097,0.086,0.75,0.0,1500.0,0.0,5.4973
740.500053,2026-05-06T17:26:12.076866+00:00,89.2587,-0.0223,97.2223,0.0352,0.75,0.0,1500.0,0.0,5.4987
741.0,2026-05-06T17:26:12.576180+00:00,89.3724,0.0465,97.2634,0.0271,0.75,0.0,1500.0,0.0,5.4993
741.501326,2026-05-06T17:26:13.077653+00:00,89.3325,0.0994,97.2025,-0.0178,0.75,0.0,1500.0,0.0,5.4997
742.0,2026-05-06T17:26:13.576216+00:00,89.5564,0.14,97.2713,0.0249,0.75,0.0,1500.0,0.0,5.4998
742.500615,2026-05-06T17:26:14.082987+00:00,89.4739,0.1076,97.2085,-0.058,0.75,0.0,1500.0,0.0,5.4487
743.0,2026-05-06T17:26:14.576179+00:00,89.4105,0.0191,97.0214,-0.1294,0.75,0.0,1500.0,0.0,5.4238
743.5,2026-05-06T17:26:15.076207+00:00,89.3618,0.0147,96.9008,-0.1072,0.75,0.0,1500.0,0.0,5.4116
744.0,2026-05-06T17:26:15.577037+00:00,89.1971,-0.1796,96.9237,-0.1132,0.75,0.0,1500.0,0.0,5.4057
744.5,2026-05-06T17:26:16.076458+00:00,89.325,-0.0744,96.71,-0.1642,0.75,0.0,1500.0,0.0,5.4028
745.0,2026-05-06T17:26:16.583226+00:00,89.1688,-0.1208,96.754,-0.1725,0.75,0.0,1500.0,0.0,5.4013
745.50083,2026-05-06T17:26:17.077175+00:00,89.0488,-0.1565,96.9266,-0.094,0.75,0.0,1500.0,0.0,5.4007
746.0,2026-05-06T17:26:17.576187+00:00,88.9565,-0.1203,96.9436,-0.026,0.75,0.0,1500.0,0.0,5.4003
746.5,2026-05-06T17:26:18.076175+00:00,89.0128,-0.1561,97.0723,0.0572,0.75,0.0,1500.0,0.0,5.4002
747.0,2026-05-06T17:26:18.576694+00:00,88.9289,-0.12,96.9399,0.0054,0.75,0.0,1500.0,0.0,5.4001
747.503268,2026-05-06T17:26:19.086757+00:00,89.1189,0.0351,96.9538,0.0813,0.75,0.0,1500.0,0.0,5.4
748.0,2026-05-06T17:26:19.576174+00:00,89.0104,0.0269,97.1959,0.1473,0.75,0.0,1500.0,0.0,5.4
748.502087,2026-05-06T17:26:20.078394+00:00,88.927,-0.0429,97.1506,0.0747,0.75,0.0,1500.0,0.0,5.4
749.0,2026-05-06T17:26:20.576198+00:00,89.1174,0.0943,97.2314,0.0959,0.75,0.0,1500.0,0.0,5.4
749.5,2026-05-06T17:26:21.077096+00:00,89.1365,0.0088,97.2936,0.0737,0.75,0.0,1500.0,0.0,5.4
750.001065,2026-05-06T17:26:21.582924+00:00,89.1512,0.0704,97.3413,0.1338,0.75,0.0,1500.0,0.0,5.4
750.5,2026-05-06T17:26:22.076414+00:00,89.2898,0.1814,97.3549,0.1337,0.75,0.0,1500.0,0.0,5.4
751.0,2026-05-06T17:26:22.576217+00:00,89.269,0.0758,97.2728,0.0256,0.75,0.0,1500.0,0.0,5.4
751.5,2026-05-06T17:26:23.078531+00:00,89.1258,-0.0054,97.3254,0.0583,0.75,0.0,1500.0,0.0,5.4
752.0,2026-05-06T17:26:23.576183+00:00,89.2702,0.0595,97.3658,0.0448,0.75,0.0,1500.0,0.0,5.4512
752.5,2026-05-06T17:26:24.083734+00:00,89.3812,0.0457,97.3968,0.0344,0.75,0.0,1500.0,0.0,5.4762
753.0,2026-05-06T17:26:24.576375+00:00,89.3393,0.0351,97.305,-0.0121,0.75,0.0,1500.0,0.0,5.4884
753.5,2026-05-06T17:26:25.076345+00:00,89.3071,0.0906,97.3501,-0.0016,0.75,0.0,1500.0,0.0,5.4943
754.0,2026-05-06T17:26:25.576173+00:00,89.4096,0.0697,97.2691,-0.0012,0.75,0.0,1500.0,0.0,5.4972
754.5,2026-05-06T17:26:26.077040+00:00,89.3611,-0.0101,97.2068,-0.0395,0.75,0.0,1500.0,0.0,5.4986
755.0,2026-05-06T17:26:26.582191+00:00,89.1965,-0.0714,97.2747,-0.0304,0.75,0.0,1500.0,0.0,5.4993
755.501628,2026-05-06T17:26:27.078314+00:00,89.1973,-0.0549,97.2111,-0.0619,0.75,0.0,1500.0,0.0,5.4997
756.0,2026-05-06T17:26:27.576360+00:00,89.3252,-0.0422,97.3937,0.0296,0.75,0.0,1500.0,0.0,5.4998
756.5,2026-05-06T17:26:28.076327+00:00,89.169,-0.096,97.4183,0.0227,0.75,0.0,1500.0,0.0,5.4999
757.000598,2026-05-06T17:26:28.576784+00:00,89.1762,-0.0102,97.3215,0.0175,0.75,0.0,1500.0,0.0,5.5
757.5,2026-05-06T17:26:29.081015+00:00,89.3089,0.0558,97.3628,0.052,0.75,0.0,1500.0,0.0,5.4488
758.0,2026-05-06T17:26:29.576431+00:00,89.1565,-0.0844,97.2788,0.0014,0.75,0.0,1500.0,0.0,5.475
758.5,2026-05-06T17:26:30.076378+00:00,89.2938,0.0624,97.33,0.0396,0.75,0.0,1500.0,0.0,5.4878
759.0,2026-05-06T17:26:30.576176+00:00,89.2721,0.048,97.3694,-0.0081,0.75,0.0,1500.0,0.0,5.494
759.5,2026-05-06T17:26:31.076923+00:00,89.1281,-0.0904,97.3996,-0.0062,0.75,0.0,1500.0,0.0,5.4971
760.0,2026-05-06T17:26:31.585345+00:00,89.3993,0.1214,97.5385,0.0723,0.75,0.0,1500.0,0.0,5.4986
760.5,2026-05-06T17:26:32.076277+00:00,89.4805,0.0933,97.4139,0.017,0.75,0.0,1500.0,0.0,5.4993
761.000038,2026-05-06T17:26:32.576855+00:00,89.4156,0.0717,97.4338,0.0517,0.75,0.0,1500.0,0.0,5.4997
761.5,2026-05-06T17:26:33.076501+00:00,89.6202,0.246,97.426,0.032,0.75,0.0,1500.0,0.0,5.4998
762.0,2026-05-06T17:26:33.576183+00:00,89.6503,0.1255,97.4431,0.0246,0.75,0.0,1500.0,0.0,5.4487
762.5,2026-05-06T17:26:34.084610+00:00,89.8006,0.1601,97.3406,-0.0197,0.75,0.0,1500.0,0.0,5.4238
763.0,2026-05-06T17:26:34.576205+00:00,89.6616,0.123,97.3775,-0.0537,0.75,0.0,1500.0,0.0,5.4628
763.5,2026-05-06T17:26:35.076741+00:00,89.4275,-0.0963,97.4058,-0.0027,0.75,0.0,1500.0,0.0,5.4818
764.0,2026-05-06T17:26:35.576600+00:00,89.3749,-0.1377,97.3119,-0.0406,0.75,0.0,1500.0,0.0,5.4911
764.5,2026-05-06T17:26:36.076448+00:00,89.4617,-0.1695,97.1472,-0.0929,0.75,0.0,1500.0,0.0,5.4957
765.0,2026-05-06T17:26:36.583156+00:00,89.4011,-0.1302,97.1131,-0.11,0.75,0.0,1500.0,0.0,5.4979
765.5,2026-05-06T17:26:37.076615+00:00,89.4819,0.0272,97.3183,-0.0074,0.75,0.0,1500.0,0.0,5.4478
766.0,2026-05-06T17:26:37.576481+00:00,89.5439,0.0845,96.9207,-0.1523,0.75,0.0,1500.0,0.0,5.4233
766.5,2026-05-06T17:26:38.076580+00:00,89.3371,-0.0623,96.7077,-0.2327,0.75,0.0,1500.0,0.0,5.4114
767.0,2026-05-06T17:26:38.576386+00:00,89.1781,-0.1115,96.6365,-0.2251,0.75,0.0,1500.0,0.0,5.4056
767.5,2026-05-06T17:26:39.081210+00:00,89.0559,-0.213,96.8363,-0.1036,0.75,0.0,1500.0,0.0,5.4027
768.0,2026-05-06T17:26:39.576444+00:00,89.2165,-0.1637,96.8742,-0.0796,0.75,0.0,1500.0,0.0,5.4525
768.5,2026-05-06T17:26:40.076202+00:00,89.3399,0.0014,97.019,-0.0998,0.75,0.0,1500.0,0.0,5.4768
769.0,2026-05-06T17:26:40.577937+00:00,89.3076,0.0647,97.1303,0.0699,0.75,0.0,1500.0,0.0,5.4887
769.5,2026-05-06T17:26:41.076185+00:00,89.4099,0.177,97.1001,0.1308,0.75,0.0,1500.0,0.0,5.4945
770.0,2026-05-06T17:26:41.584412+00:00,89.3614,0.0724,97.1927,0.1854,0.75,0.0,1500.0,0.0,5.4973
770.5,2026-05-06T17:26:42.076200+00:00,89.324,-0.008,97.2638,0.1425,0.75,0.0,1500.0,0.0,5.4987
771.0,2026-05-06T17:26:42.576319+00:00,89.1681,-0.0698,97.2027,0.1095,0.75,0.0,1500.0,0.0,5.4482
771.5,2026-05-06T17:26:43.076332+00:00,89.3027,-0.0536,97.2715,0.0842,0.75,0.0,1500.0,0.0,5.4235
772.000619,2026-05-06T17:26:43.576933+00:00,89.5335,0.0861,97.2087,0.0261,0.75,0.0,1500.0,0.0,5.4115
772.5,2026-05-06T17:26:44.084365+00:00,89.5836,0.1298,97.2761,0.0587,0.75,0.0,1500.0,0.0,5.4056
773.0,2026-05-06T17:26:44.576348+00:00,89.7494,0.2907,97.2122,0.0065,0.75,0.0,1500.0,0.0,5.4539
773.5,2026-05-06T17:26:45.076430+00:00,89.6222,0.1598,96.9317,-0.1107,0.75,0.0,1500.0,0.0,5.4775
774.0,2026-05-06T17:26:45.576258+00:00,89.7791,0.1228,96.8318,-0.1236,0.75,0.0,1500.0,0.0,5.489
774.5,2026-05-06T17:26:46.076260+00:00,89.6451,0.0307,96.755,-0.1722,0.75,0.0,1500.0,0.0,5.4434
775.0,2026-05-06T17:26:46.587908+00:00,89.5421,-0.1036,96.8117,-0.1323,0.75,0.0,1500.0,0.0,5.4212
775.5,2026-05-06T17:26:47.076207+00:00,89.2084,-0.2069,96.6239,-0.2174,0.75,0.0,1500.0,0.0,5.4103
776.0,2026-05-06T17:26:47.576188+00:00,89.0792,-0.3499,96.5952,-0.2057,0.75,0.0,1500.0,0.0,5.405
776.500481,2026-05-06T17:26:48.077337+00:00,89.1071,-0.269,96.6889,-0.0809,0.75,0.0,1500.0,0.0,5.4025
777.0,2026-05-06T17:26:48.576296+00:00,89.0014,-0.2704,96.5063,-0.1085,0.75,0.0,1500.0,0.0,5.4012
777.5,2026-05-06T17:26:49.083499+00:00,89.1746,-0.0169,96.5049,-0.0834,0.75,0.0,1500.0,0.0,5.4006
778.0,2026-05-06T17:26:49.576382+00:00,89.1805,0.0506,96.388,-0.1412,0.75,0.0,1500.0,0.0,5.4003
778.5,2026-05-06T17:26:50.076207+00:00,89.0577,-0.0247,96.2983,-0.1085,0.75,0.0,1500.0,0.0,5.4001
779.000204,2026-05-06T17:26:50.576821+00:00,89.2179,0.1083,96.3449,-0.0834,0.75,0.0,1500.0,0.0,5.4001
779.5,2026-05-06T17:26:51.076423+00:00,89.0865,-0.044,96.3808,-0.1027,0.75,0.0,1500.0,0.0,5.4
780.000923,2026-05-06T17:26:51.582756+00:00,89.1128,-0.0339,96.5241,0.0059,0.75,0.0,1500.0,0.0,5.4
780.5,2026-05-06T17:26:52.076483+00:00,89.1329,0.0376,96.6111,0.0354,0.75,0.0,1500.0,0.0,5.4
781.0,2026-05-06T17:26:52.576553+00:00,89.2757,0.0289,96.8168,0.1429,0.75,0.0,1500.0,0.0,5.4
781.5,2026-05-06T17:26:53.076520+00:00,89.5127,0.2131,96.8592,0.187,0.75,0.0,1500.0,0.0,5.4
782.0,2026-05-06T17:26:53.576889+00:00,89.4404,0.1638,97.0075,0.2208,0.75,0.0,1500.0,0.0,5.4512
782.5,2026-05-06T17:26:54.081461+00:00,89.2575,0.0623,97.1214,0.2469,0.75,0.0,1500.0,0.0,5.425
783.0,2026-05-06T17:26:54.576368+00:00,89.3715,0.0479,97.0933,0.1897,0.75,0.0,1500.0,0.0,5.4634
783.5,2026-05-06T17:26:55.076876+00:00,89.3318,-0.0905,97.1874,0.1921,0.75,0.0,1500.0,0.0,5.4821
784.0,2026-05-06T17:26:55.576461+00:00,89.3013,-0.0695,97.1441,0.1091,0.75,0.0,1500.0,0.0,5.4913
784.5,2026-05-06T17:26:56.076186+00:00,89.2778,0.0102,96.995,0.0453,0.75,0.0,1500.0,0.0,5.4445
785.0,2026-05-06T17:26:56.584909+00:00,89.3871,0.0078,96.9962,-0.0038,0.75,0.0,1500.0,0.0,5.4217
785.5,2026-05-06T17:26:57.076984+00:00,89.4711,0.0696,96.8814,-0.08,0.75,0.0,1500.0,0.0,5.4106
786.0,2026-05-06T17:26:57.576190+00:00,89.4084,0.0535,96.5617,-0.1772,0.75,0.0,1500.0,0.0,5.4052
786.5,2026-05-06T17:26:58.076549+00:00,89.4874,0.1048,96.6631,-0.1748,0.75,0.0,1500.0,0.0,5.4025
787.0,2026-05-06T17:26:58.576406+00:00,89.5482,0.0805,96.7411,-0.1343,0.75,0.0,1500.0,0.0,5.4012
787.5,2026-05-06T17:26:59.082647+00:00,89.5949,0.0619,96.801,-0.0647,0.75,0.0,1500.0,0.0,5.4006
788.0,2026-05-06T17:26:59.576193+00:00,89.6308,0.1112,96.847,-0.0497,0.75,0.0,1500.0,0.0,5.4515
788.5,2026-05-06T17:27:00.076212+00:00,89.7856,0.1491,96.8824,0.0004,0.75,0.0,1500.0,0.0,5.4763
789.0,2026-05-06T17:27:00.576562+00:00,89.5228,-0.0127,97.141,0.1931,0.75,0.0,1500.0,0.0,5.4884
789.5,2026-05-06T17:27:01.076183+00:00,89.4481,-0.0734,96.9696,0.1021,0.75,0.0,1500.0,0.0,5.4432
790.0,2026-05-06T17:27:01.580972+00:00,89.3907,-0.12,96.9766,0.0785,0.75,0.0,1500.0,0.0,5.4723
790.5,2026-05-06T17:27:02.076953+00:00,89.3466,-0.2195,97.0977,0.0989,0.75,0.0,1500.0,0.0,5.4865
791.0,2026-05-06T17:27:02.576196+00:00,89.4399,-0.0415,96.9594,0.0375,0.75,0.0,1500.0,0.0,5.4934
791.5,2026-05-06T17:27:03.076413+00:00,89.5117,0.0318,96.9688,0.0288,0.75,0.0,1500.0,0.0,5.4968
792.0,2026-05-06T17:27:03.576353+00:00,89.3123,-0.0392,96.8603,-0.0936,0.75,0.0,1500.0,0.0,5.4984
792.5,2026-05-06T17:27:04.083121+00:00,89.4136,0.0335,96.7769,-0.0642,0.75,0.0,1500.0,0.0,5.448
793.0,2026-05-06T17:27:04.576216+00:00,89.3642,-0.0379,96.5972,-0.1265,0.75,0.0,1500.0,0.0,5.4746
793.5,2026-05-06T17:27:05.076405+00:00,89.1989,-0.1564,96.7829,-0.1049,0.75,0.0,1500.0,0.0,5.4876
794.0,2026-05-06T17:27:05.576405+00:00,89.1992,-0.0566,96.8332,-0.0421,0.75,0.0,1500.0,0.0,5.494
794.5,2026-05-06T17:27:06.076206+00:00,89.3266,-0.0435,96.8718,-0.0323,0.75,0.0,1500.0,0.0,5.4971
795.0,2026-05-06T17:27:06.580769+00:00,89.2973,-0.0334,97.0171,0.0523,0.75,0.0,1500.0,0.0,5.4986
795.5,2026-05-06T17:27:07.077200+00:00,89.2748,0.038,97.0132,0.0787,0.75,0.0,1500.0,0.0,5.4993
796.0,2026-05-06T17:27:07.578597+00:00,89.3848,0.0928,96.8944,0.0991,0.75,0.0,1500.0,0.0,5.4997
796.5,2026-05-06T17:27:08.076577+00:00,89.342,0.0077,96.9189,0.0453,0.75,0.0,1500.0,0.0,5.4998
797.0,2026-05-06T17:27:08.576576+00:00,89.1819,-0.0577,96.9376,0.0348,0.75,0.0,1500.0,0.0,5.4999
797.5,2026-05-06T17:27:09.082730+00:00,89.3133,0.0193,96.8364,-0.0118,0.75,0.0,1500.0,0.0,5.5
798.00115,2026-05-06T17:27:09.577502+00:00,89.2871,-0.0488,96.7585,-0.0862,0.75,0.0,1500.0,0.0,5.5
798.5,2026-05-06T17:27:10.076216+00:00,89.3942,0.0261,96.9301,-0.0277,0.75,0.0,1500.0,0.0,5.5
799.0,2026-05-06T17:27:10.576387+00:00,89.4766,0.1473,96.9463,0.0173,0.75,0.0,1500.0,0.0,5.5
799.500429,2026-05-06T17:27:11.077178+00:00,89.4126,0.0496,97.0744,0.0519,0.75,0.0,1500.0,0.0,5.5
800.000703,2026-05-06T17:27:11.583328+00:00,89.4906,0.1018,97.1729,0.0784,0.75,0.0,1500.0,0.0,5.5
800.5,2026-05-06T17:27:12.076255+00:00,89.2961,-0.0491,97.1329,0.0988,0.75,0.0,1500.0,0.0,5.4488
801.0,2026-05-06T17:27:12.576389+00:00,89.4011,-0.0377,97.1021,0.1145,0.75,0.0,1500.0,0.0,5.4238
801.5,2026-05-06T17:27:13.076214+00:00,89.3546,-0.029,97.1942,0.088,0.75,0.0,1500.0,0.0,5.4116
802.0,2026-05-06T17:27:13.576213+00:00,89.5734,0.0414,97.0336,0.0291,0.75,0.0,1500.0,0.0,5.4057
802.500929,2026-05-06T17:27:14.084603+00:00,89.487,0.0954,97.1415,0.0224,0.75,0.0,1500.0,0.0,5.4028
803.003233,2026-05-06T17:27:14.579588+00:00,89.4206,0.0097,97.2245,0.0172,0.75,0.0,1500.0,0.0,5.4014
803.5,2026-05-06T17:27:15.076216+00:00,89.6241,0.1347,97.2882,0.0518,0.75,0.0,1500.0,0.0,5.4007
804.0,2026-05-06T17:27:15.576315+00:00,89.3987,-0.0873,97.1058,0.0012,0.75,0.0,1500.0,0.0,5.4003
804.5,2026-05-06T17:27:16.076254+00:00,89.3527,-0.0671,97.0813,-0.0376,0.75,0.0,1500.0,0.0,5.4002
805.0,2026-05-06T17:27:16.592877+00:00,89.4446,0.012,97.1782,0.0482,0.75,0.0,1500.0,0.0,5.4001
805.5,2026-05-06T17:27:17.076450+00:00,89.388,-0.118,97.2527,0.0371,0.75,0.0,1500.0,0.0,5.4
806.000587,2026-05-06T17:27:17.576928+00:00,89.2172,-0.0907,97.1942,-0.0101,0.75,0.0,1500.0,0.0,5.4
806.5,2026-05-06T17:27:18.076662+00:00,88.9587,-0.197,97.3807,0.0308,0.75,0.0,1500.0,0.0,5.4
807.0,2026-05-06T17:27:18.576411+00:00,89.1418,-0.1514,97.1769,0.0237,0.75,0.0,1500.0,0.0,5.4
807.5,2026-05-06T17:27:19.083596+00:00,89.2826,-0.0527,97.2517,0.0568,0.75,0.0,1500.0,0.0,5.4
808.0,2026-05-06T17:27:19.576190+00:00,89.2634,0.0231,97.0777,-0.0335,0.75,0.0,1500.0,0.0,5.4512
808.5,2026-05-06T17:27:20.076301+00:00,89.376,0.2087,97.2911,0.0128,0.75,0.0,1500.0,0.0,5.425
809.0,2026-05-06T17:27:20.576185+00:00,89.3353,0.0967,96.8998,-0.0981,0.75,0.0,1500.0,0.0,5.4122
809.5,2026-05-06T17:27:21.076586+00:00,89.304,0.0107,96.923,-0.1526,0.75,0.0,1500.0,0.0,5.406
810.0,2026-05-06T17:27:21.585600+00:00,89.4072,0.0719,96.9408,-0.0787,0.75,0.0,1500.0,0.0,5.4029
810.5,2026-05-06T17:27:22.076983+00:00,89.4865,0.0552,97.0702,-0.0605,0.75,0.0,1500.0,0.0,5.4526
811.0,2026-05-06T17:27:22.576546+00:00,89.4202,0.0425,97.054,-0.0079,0.75,0.0,1500.0,0.0,5.4769
811.5,2026-05-06T17:27:23.077281+00:00,89.3693,0.0326,97.1572,-0.0447,0.75,0.0,1500.0,0.0,5.4887
812.0,2026-05-06T17:27:23.577681+00:00,89.2028,-0.1022,97.2365,0.1122,0.75,0.0,1500.0,0.0,5.4945
812.5,2026-05-06T17:27:24.082090+00:00,89.0749,-0.2058,97.2975,0.1248,0.75,0.0,1500.0,0.0,5.4461
813.0,2026-05-06T17:27:24.577585+00:00,89.2311,-0.0946,97.3443,0.1345,0.75,0.0,1500.0,0.0,5.4737
813.5,2026-05-06T17:27:25.076254+00:00,89.4785,0.0546,97.2415,0.0571,0.75,0.0,1500.0,0.0,5.4872
814.0,2026-05-06T17:27:25.577110+00:00,89.414,0.1056,97.0699,0.0053,0.75,0.0,1500.0,0.0,5.4937
814.5,2026-05-06T17:27:26.078808+00:00,89.4918,0.2084,96.9149,-0.0808,0.75,0.0,1500.0,0.0,5.4969
815.0,2026-05-06T17:27:26.582654+00:00,89.5515,0.1602,97.0503,-0.0621,0.75,0.0,1500.0,0.0,5.4985
815.5,2026-05-06T17:27:27.076416+00:00,89.7247,0.1231,96.923,-0.1248,0.75,0.0,1500.0,0.0,5.4481
816.0,2026-05-06T17:27:27.576405+00:00,89.6033,0.0946,96.9408,-0.1345,0.75,0.0,1500.0,0.0,5.4747
816.5,2026-05-06T17:27:28.078418+00:00,89.3827,-0.0545,96.7231,-0.1728,0.75,0.0,1500.0,0.0,5.4364
817.0,2026-05-06T17:27:28.576424+00:00,89.2132,-0.1692,96.7872,-0.0943,0.75,0.0,1500.0,0.0,5.4178
817.5,2026-05-06T17:27:29.083292+00:00,89.4647,-0.13,96.9521,0.0124,0.75,0.0,1500.0,0.0,5.4087
818.0,2026-05-06T17:27:29.576710+00:00,89.5307,-0.0363,97.0789,0.0095,0.75,0.0,1500.0,0.0,5.4554
818.5,2026-05-06T17:27:30.076484+00:00,89.4542,0.0357,97.0606,0.0459,0.75,0.0,1500.0,0.0,5.4271
819.0,2026-05-06T17:27:30.576978+00:00,89.2681,0.0275,97.0466,0.0353,0.75,0.0,1500.0,0.0,5.4132
819.500061,2026-05-06T17:27:31.076915+00:00,89.3796,-0.0425,97.0358,0.1042,0.75,0.0,1500.0,0.0,5.4064
820.0,2026-05-06T17:27:31.582382+00:00,89.4653,-0.0327,97.0275,0.0801,0.75,0.0,1500.0,0.0,5.4031
820.5,2026-05-06T17:27:32.076192+00:00,89.5312,0.0385,96.8823,-0.0233,0.75,0.0,1500.0,0.0,5.4015
821.0,2026-05-06T17:27:32.576294+00:00,89.2,-0.034,97.0253,-0.0179,0.75,0.0,1500.0,0.0,5.4007
821.5,2026-05-06T17:27:33.076485+00:00,89.3273,-0.0262,97.0194,-0.0137,0.75,0.0,1500.0,0.0,5.4516
822.0,2026-05-06T17:27:33.578399+00:00,89.4251,-0.0201,96.8992,-0.0491,0.75,0.0,1500.0,0.0,5.4252
822.5,2026-05-06T17:27:34.083050+00:00,89.373,-0.0791,96.9225,-0.0378,0.75,0.0,1500.0,0.0,5.4123
823.0,2026-05-06T17:27:34.576372+00:00,89.4602,0.1301,96.9405,-0.029,0.75,0.0,1500.0,0.0,5.4572
823.5,2026-05-06T17:27:35.076332+00:00,89.4,0.0364,96.8385,-0.0146,0.75,0.0,1500.0,0.0,5.4279
824.000605,2026-05-06T17:27:35.576939+00:00,89.481,0.028,96.8759,-0.0498,0.75,0.0,1500.0,0.0,5.4136
824.5,2026-05-06T17:27:36.076180+00:00,89.416,0.0215,96.4187,-0.2002,0.75,0.0,1500.0,0.0,5.4066
825.000076,2026-05-06T17:27:36.584496+00:00,89.4933,0.0165,96.6689,-0.0768,0.75,0.0,1500.0,0.0,5.4032
825.5,2026-05-06T17:27:37.076661+00:00,89.4254,0.0127,96.6298,-0.0976,0.75,0.0,1500.0,0.0,5.4016
826.000334,2026-05-06T17:27:37.577025+00:00,89.3733,-0.0539,96.6229,-0.1058,0.75,0.0,1500.0,0.0,5.4008
826.5,2026-05-06T17:27:38.076848+00:00,89.3332,-0.0414,96.4788,-0.1199,0.75,0.0,1500.0,0.0,5.4004
827.0,2026-05-06T17:27:38.576262+00:00,89.5569,0.0318,96.5994,-0.0922,0.75,0.0,1500.0,0.0,5.4002
827.5,2026-05-06T17:27:39.088373+00:00,89.347,-0.0392,96.5764,0.0526,0.75,0.0,1500.0,0.0,5.4001
828.0,2026-05-06T17:27:39.576457+00:00,89.5675,0.0971,96.443,-0.0753,0.75,0.0,1500.0,0.0,5.4
828.5,2026-05-06T17:27:40.077118+00:00,89.6098,0.1383,96.5488,-0.027,0.75,0.0,1500.0,0.0,5.4
829.0,2026-05-06T17:27:40.576381+00:00,89.3877,-0.0846,96.4218,-0.067,0.75,0.0,1500.0,0.0,5.4
829.5,2026-05-06T17:27:41.076686+00:00,89.3442,-0.0014,96.4399,-0.013,0.75,0.0,1500.0,0.0,5.4
830.001635,2026-05-06T17:27:41.583595+00:00,89.3109,-0.1283,96.5695,-0.01,0.75,0.0,1500.0,0.0,5.4
830.5,2026-05-06T17:27:42.077202+00:00,89.2852,-0.1623,96.322,-0.0848,0.75,0.0,1500.0,0.0,5.4512
831.0,2026-05-06T17:27:42.576875+00:00,89.011,-0.1884,96.5946,0.0505,0.75,0.0,1500.0,0.0,5.4762
831.5,2026-05-06T17:27:43.079128+00:00,88.9274,-0.2084,96.5727,0.008,0.75,0.0,1500.0,0.0,5.4884
832.0,2026-05-06T17:27:43.577160+00:00,89.1178,-0.0965,96.5559,0.0447,0.75,0.0,1500.0,0.0,5.4943
832.5,2026-05-06T17:27:44.081207+00:00,89.0095,-0.1378,96.6587,0.0729,0.75,0.0,1500.0,0.0,5.4972
833.0,2026-05-06T17:27:44.576440+00:00,89.0536,0.0213,96.8533,0.0946,0.75,0.0,1500.0,0.0,5.4986
833.5,2026-05-06T17:27:45.076594+00:00,89.0875,0.08,96.8873,0.1884,0.75,0.0,1500.0,0.0,5.4481
834.0,2026-05-06T17:27:45.576194+00:00,88.9862,-0.0658,96.9134,0.1063,0.75,0.0,1500.0,0.0,5.4235
834.5,2026-05-06T17:27:46.076407+00:00,89.163,0.0767,97.0491,0.1588,0.75,0.0,1500.0,0.0,5.4115
835.0,2026-05-06T17:27:46.582966+00:00,89.1715,0.059,97.0377,0.1606,0.75,0.0,1500.0,0.0,5.4056
835.5,2026-05-06T17:27:47.079497+00:00,89.3054,0.109,97.029,0.1235,0.75,0.0,1500.0,0.0,5.4027
836.0,2026-05-06T17:27:47.576175+00:00,89.4083,0.211,96.9066,0.0178,0.75,0.0,1500.0,0.0,5.4013
836.500955,2026-05-06T17:27:48.077345+00:00,89.6146,0.2258,96.8125,-0.0249,0.75,0.0,1500.0,0.0,5.4007
837.0,2026-05-06T17:27:48.576368+00:00,89.5187,0.1736,96.9716,0.0194,0.75,0.0,1500.0,0.0,5.4003
837.5,2026-05-06T17:27:49.085325+00:00,89.5722,0.1334,96.9782,-0.0236,0.75,0.0,1500.0,0.0,5.4002
838.0,2026-05-06T17:27:49.576177+00:00,89.4861,0.0389,97.0989,0.0204,0.75,0.0,1500.0,0.0,5.4001
838.5,2026-05-06T17:27:50.076358+00:00,89.5472,-0.0337,97.076,0.0157,0.75,0.0,1500.0,0.0,5.4
839.001169,2026-05-06T17:27:50.579260+00:00,89.4668,-0.0259,97.1741,0.0892,0.75,0.0,1500.0,0.0,5.4
839.5,2026-05-06T17:27:51.076315+00:00,89.4051,-0.0836,97.1338,0.1071,0.75,0.0,1500.0,0.0,5.4512
840.0,2026-05-06T17:27:51.584528+00:00,89.4849,-0.0006,96.8715,-0.0334,0.75,0.0,1500.0,0.0,5.425
840.500588,2026-05-06T17:27:52.076928+00:00,89.5462,-0.0005,96.9012,-0.0257,0.75,0.0,1500.0,0.0,5.4122
841.0,2026-05-06T17:27:52.576363+00:00,89.4661,-0.0004,96.9241,-0.0583,0.75,0.0,1500.0,0.0,5.406
841.5,2026-05-06T17:27:53.076504+00:00,89.4045,-0.0003,97.0573,-0.0062,0.75,0.0,1500.0,0.0,5.4029
842.0,2026-05-06T17:27:53.576396+00:00,89.4845,-0.0002,97.2755,0.0338,0.75,0.0,1500.0,0.0,5.4014
842.5,2026-05-06T17:27:54.084315+00:00,89.4187,-0.0638,97.2117,0.026,0.75,0.0,1500.0,0.0,5.4007
843.0,2026-05-06T17:27:54.576786+00:00,89.3681,-0.049,97.1627,0.0971,0.75,0.0,1500.0,0.0,5.4003
843.5,2026-05-06T17:27:55.076463+00:00,89.2019,-0.1013,97.0094,0.0361,0.75,0.0,1500.0,0.0,5.4002
844.0,2026-05-06T17:27:55.576310+00:00,89.2015,-0.1415,97.1229,0.0663,0.75,0.0,1500.0,0.0,5.4001
844.5,2026-05-06T17:27:56.076445+00:00,89.3284,-0.0451,97.3259,0.0895,0.75,0.0,1500.0,0.0,5.4
845.0,2026-05-06T17:27:56.583388+00:00,89.426,0.0289,97.1348,-0.0469,0.75,0.0,1500.0,0.0,5.4
845.500605,2026-05-06T17:27:57.076985+00:00,89.6282,0.2132,97.2193,0.0025,0.75,0.0,1500.0,0.0,5.4512
846.0,2026-05-06T17:27:57.576473+00:00,89.6564,0.2275,97.3999,0.0791,0.75,0.0,1500.0,0.0,5.4762
846.5,2026-05-06T17:27:58.077181+00:00,89.5508,0.1112,97.4231,0.1379,0.75,0.0,1500.0,0.0,5.4372
847.0,2026-05-06T17:27:58.576515+00:00,89.4696,0.0218,97.3252,0.0674,0.75,0.0,1500.0,0.0,5.4181
847.501208,2026-05-06T17:27:59.088619+00:00,89.5345,-0.0469,97.2499,-0.0253,0.75,0.0,1500.0,0.0,5.4089
848.0,2026-05-06T17:27:59.576427+00:00,89.4571,-0.0996,97.0764,-0.0195,0.75,0.0,1500.0,0.0,5.4043
848.5,2026-05-06T17:28:00.076191+00:00,89.6521,0.0507,97.1744,-0.015,0.75,0.0,1500.0,0.0,5.4021
849.0,2026-05-06T17:28:00.577111+00:00,89.6748,0.1026,97.1341,-0.0886,0.75,0.0,1500.0,0.0,5.401
849.50059,2026-05-06T17:28:01.076983+00:00,89.6922,0.0788,97.103,-0.1067,0.75,0.0,1500.0,0.0,5.4005
850.0,2026-05-06T17:28:01.582790+00:00,89.5783,0.0606,96.9404,-0.1283,0.75,0.0,1500.0,0.0,5.4002
850.5,2026-05-06T17:28:02.077123+00:00,89.618,-0.0171,96.8385,-0.1372,0.75,0.0,1500.0,0.0,5.4001
851.0,2026-05-06T17:28:02.576211+00:00,89.6486,-0.0131,96.7601,-0.1054,0.75,0.0,1500.0,0.0,5.4001
851.5,2026-05-06T17:28:03.076287+00:00,89.4175,-0.1373,96.5842,-0.1967,0.75,0.0,1500.0,0.0,5.4
852.0,2026-05-06T17:28:03.576307+00:00,89.4944,-0.0419,96.6804,-0.1512,0.75,0.0,1500.0,0.0,5.4
852.500306,2026-05-06T17:28:04.084065+00:00,89.4263,-0.0959,96.6387,-0.1548,0.75,0.0,1500.0,0.0,5.4
853.003098,2026-05-06T17:28:04.579510+00:00,89.2467,-0.2009,96.9537,0.0044,0.75,0.0,1500.0,0.0,5.4
853.5,2026-05-06T17:28:05.076474+00:00,89.1086,-0.1544,96.733,-0.0351,0.75,0.0,1500.0,0.0,5.4
854.0,2026-05-06T17:28:05.576745+00:00,89.1297,-0.1823,96.9105,0.0501,0.75,0.0,1500.0,0.0,5.4
854.5,2026-05-06T17:28:06.076948+00:00,89.2733,-0.0765,96.9312,0.1157,0.75,0.0,1500.0,0.0,5.4
855.0,2026-05-06T17:28:06.582401+00:00,89.129,-0.0588,97.0628,0.1275,0.75,0.0,1500.0,0.0,5.4
855.5,2026-05-06T17:28:07.076208+00:00,89.4,0.1457,97.164,0.1751,0.75,0.0,1500.0,0.0,5.4512
856.0,2026-05-06T17:28:07.576470+00:00,89.481,0.1756,96.8946,-0.0197,0.75,0.0,1500.0,0.0,5.4762
856.5,2026-05-06T17:28:08.077685+00:00,89.416,0.0713,97.1504,0.1391,0.75,0.0,1500.0,0.0,5.4884
857.0,2026-05-06T17:28:08.576459+00:00,89.4933,0.1821,97.1156,0.0684,0.75,0.0,1500.0,0.0,5.4943
857.5,2026-05-06T17:28:09.088607+00:00,89.2981,-0.0509,96.9732,0.014,0.75,0.0,1500.0,0.0,5.4972
858.0,2026-05-06T17:28:09.576211+00:00,89.4027,-0.0391,96.9794,-0.0278,0.75,0.0,1500.0,0.0,5.4986
858.500644,2026-05-06T17:28:10.077947+00:00,89.2285,-0.0937,97.0998,-0.0214,0.75,0.0,1500.0,0.0,5.4481
859.0,2026-05-06T17:28:10.576649+00:00,89.4765,-0.0084,97.1924,0.0993,0.75,0.0,1500.0,0.0,5.4235
859.5,2026-05-06T17:28:11.076746+00:00,89.2852,-0.0065,97.3793,0.0763,0.75,0.0,1500.0,0.0,5.4115
860.0,2026-05-06T17:28:11.584524+00:00,89.3928,-0.005,97.4072,0.0972,0.75,0.0,1500.0,0.0,5.4056
860.5,2026-05-06T17:28:12.076179+00:00,89.4754,0.1235,97.1973,0.0747,0.75,0.0,1500.0,0.0,5.4539
861.0,2026-05-06T17:28:12.576415+00:00,89.4117,-0.0324,97.2673,0.096,0.75,0.0,1500.0,0.0,5.4775
861.5,2026-05-06T17:28:13.076202+00:00,89.2354,-0.0249,97.298,0.0661,0.75,0.0,1500.0,0.0,5.489
862.0,2026-05-06T17:28:13.576353+00:00,89.1,-0.1464,97.3448,0.0508,0.75,0.0,1500.0,0.0,5.4946
862.5,2026-05-06T17:28:14.084175+00:00,89.1231,-0.1762,97.265,-0.0381,0.75,0.0,1500.0,0.0,5.4462
863.0,2026-05-06T17:28:14.578088+00:00,89.2682,-0.0718,97.3194,-0.0293,0.75,0.0,1500.0,0.0,5.4737
863.5,2026-05-06T17:28:15.076459+00:00,89.3797,0.0721,97.3612,0.0546,0.75,0.0,1500.0,0.0,5.4872
864.0,2026-05-06T17:28:15.576318+00:00,89.4654,0.1827,97.509,0.0805,0.75,0.0,1500.0,0.0,5.4937
864.5,2026-05-06T17:28:16.076459+00:00,89.6585,0.2677,97.5069,0.0696,0.75,0.0,1500.0,0.0,5.4969
865.0,2026-05-06T17:28:16.584714+00:00,89.6797,0.2057,97.5053,0.0535,0.75,0.0,1500.0,0.0,5.4985
865.5,2026-05-06T17:28:17.076216+00:00,89.6959,0.1581,97.3884,0.0411,0.75,0.0,1500.0,0.0,5.4481
866.0,2026-05-06T17:28:17.576745+00:00,89.7085,0.1215,97.5299,0.0702,0.75,0.0,1500.0,0.0,5.4235
866.5,2026-05-06T17:28:18.076766+00:00,89.4635,-0.0975,97.2916,-0.0232,0.75,0.0,1500.0,0.0,5.4114
867.0,2026-05-06T17:28:18.578402+00:00,89.5298,-0.0749,97.1084,-0.1335,0.75,0.0,1500.0,0.0,5.4056
867.5,2026-05-06T17:28:19.083028+00:00,89.5808,-0.0576,96.8519,-0.2183,0.75,0.0,1500.0,0.0,5.4027
868.0,2026-05-06T17:28:19.577062+00:00,89.6199,-0.0443,96.8862,-0.2064,0.75,0.0,1500.0,0.0,5.4013
868.5,2026-05-06T17:28:20.076562+00:00,89.5228,0.0296,96.9125,-0.1586,0.75,0.0,1500.0,0.0,5.4006
869.0,2026-05-06T17:28:20.576788+00:00,89.4481,-0.0409,97.0485,-0.1605,0.75,0.0,1500.0,0.0,5.4515
869.5,2026-05-06T17:28:21.076608+00:00,89.3907,-0.0951,97.0373,-0.0848,0.75,0.0,1500.0,0.0,5.4251
870.0,2026-05-06T17:28:21.583540+00:00,89.3465,-0.1367,97.1443,0.012,0.75,0.0,1500.0,0.0,5.4123
870.500124,2026-05-06T17:28:22.077150+00:00,89.4399,-0.0414,97.3423,0.1635,0.75,0.0,1500.0,0.0,5.406
871.0,2026-05-06T17:28:22.578498+00:00,89.2571,-0.0955,97.0086,0.0408,0.75,0.0,1500.0,0.0,5.4029
871.5,2026-05-06T17:28:23.076807+00:00,89.2439,-0.0734,97.1223,0.0699,0.75,0.0,1500.0,0.0,5.4014
872.000587,2026-05-06T17:28:23.576978+00:00,89.361,0.0072,97.094,0.0152,0.75,0.0,1500.0,0.0,5.4007
872.5,2026-05-06T17:28:24.082930+00:00,89.451,0.0056,97.1648,0.0425,0.75,0.0,1500.0,0.0,5.4003
873.0,2026-05-06T17:28:24.576208+00:00,89.5202,0.1315,97.2424,0.0327,0.75,0.0,1500.0,0.0,5.4002
873.500454,2026-05-06T17:28:25.076706+00:00,89.4461,0.1011,97.302,-0.0134,0.75,0.0,1500.0,0.0,5.4001
874.0,2026-05-06T17:28:25.576170+00:00,89.6437,0.1413,97.2321,0.0745,0.75,0.0,1500.0,0.0,5.4
874.5,2026-05-06T17:28:26.076186+00:00,89.6683,0.1086,97.1784,0.0187,0.75,0.0,1500.0,0.0,5.4
875.0,2026-05-06T17:28:26.581411+00:00,89.5599,0.0199,97.0214,-0.0242,0.75,0.0,1500.0,0.0,5.4
875.5,2026-05-06T17:28:27.076394+00:00,89.3494,-0.0484,96.9008,-0.088,0.75,0.0,1500.0,0.0,5.4
876.0,2026-05-06T17:28:27.576810+00:00,89.3148,-0.1644,97.0394,-0.0676,0.75,0.0,1500.0,0.0,5.4
876.5,2026-05-06T17:28:28.078678+00:00,89.161,-0.2537,96.9146,-0.1291,0.75,0.0,1500.0,0.0,5.4
877.0,2026-05-06T17:28:28.576447+00:00,89.17,-0.195,96.9344,-0.0992,0.75,0.0,1500.0,0.0,5.4
877.500611,2026-05-06T17:28:29.082739+00:00,89.1769,-0.0862,96.9496,-0.0763,0.75,0.0,1500.0,0.0,5.3488
878.0,2026-05-06T17:28:29.576170+00:00,89.3095,-0.0026,96.8455,-0.0586,0.75,0.0,1500.0,0.0,5.375
878.5,2026-05-06T17:28:30.076556+00:00,89.5387,0.1889,96.8813,-0.0065,0.75,0.0,1500.0,0.0,5.3878
879.000199,2026-05-06T17:28:30.576547+00:00,89.7149,0.2724,97.0244,-0.005,0.75,0.0,1500.0,0.0,5.394
879.5,2026-05-06T17:28:31.077943+00:00,89.5957,0.2094,97.1345,0.0733,0.75,0.0,1500.0,0.0,5.3971
880.0,2026-05-06T17:28:31.587987+00:00,89.6314,0.1609,96.872,-0.0208,0.75,0.0,1500.0,0.0,5.3986
880.5,2026-05-06T17:28:32.076513+00:00,89.5316,-0.0036,96.9016,-0.016,0.75,0.0,1500.0,0.0,5.3993
881.0,2026-05-06T17:28:32.576203+00:00,89.7094,-0.0027,96.693,-0.0509,0.75,0.0,1500.0,0.0,5.3997
881.5,2026-05-06T17:28:33.076699+00:00,89.5915,-0.0021,96.8797,-0.0005,0.75,0.0,1500.0,0.0,5.3998
882.0,2026-05-06T17:28:33.578875+00:00,89.6282,-0.0016,96.6761,-0.1161,0.75,0.0,1500.0,0.0,5.3999
882.5,2026-05-06T17:28:34.083502+00:00,89.4018,-0.0649,96.6354,-0.1664,0.75,0.0,1500.0,0.0,5.4
883.000178,2026-05-06T17:28:34.576507+00:00,89.3551,-0.1771,96.6041,-0.0893,0.75,0.0,1500.0,0.0,5.4
883.500092,2026-05-06T17:28:35.076918+00:00,89.4465,-0.0725,96.8114,-0.0301,0.75,0.0,1500.0,0.0,5.4
884.0,2026-05-06T17:28:35.577599+00:00,89.3895,-0.1194,96.7162,0.0077,0.75,0.0,1500.0,0.0,5.4
884.5,2026-05-06T17:28:36.077147+00:00,89.4729,0.0355,96.6662,-0.0712,0.75,0.0,1500.0,0.0,5.4
885.0,2026-05-06T17:28:36.581820+00:00,89.537,0.0909,96.6277,-0.0161,0.75,0.0,1500.0,0.0,5.4
885.5,2026-05-06T17:28:37.076447+00:00,89.5863,0.0699,96.7139,0.0262,0.75,0.0,1500.0,0.0,5.4
886.0,2026-05-06T17:28:37.576375+00:00,89.6242,0.1174,96.5487,-0.0185,0.75,0.0,1500.0,0.0,5.4
886.5,2026-05-06T17:28:38.078878+00:00,89.6533,0.0902,96.5374,-0.0913,0.75,0.0,1500.0,0.0,5.4
887.0,2026-05-06T17:28:38.576216+00:00,89.5484,0.0057,96.5288,-0.0625,0.75,0.0,1500.0,0.0,5.4
887.502539,2026-05-06T17:28:39.088244+00:00,89.5951,0.0044,96.2907,-0.1252,0.75,0.0,1500.0,0.0,5.4
888.0,2026-05-06T17:28:39.576519+00:00,89.6309,0.0034,96.2003,-0.1425,0.75,0.0,1500.0,0.0,5.4
888.5,2026-05-06T17:28:40.076418+00:00,89.6585,0.0026,96.3853,-0.1095,0.75,0.0,1500.0,0.0,5.4
889.0,2026-05-06T17:28:40.577623+00:00,89.8069,0.1293,96.6433,0.0315,0.75,0.0,1500.0,0.0,5.4
889.5,2026-05-06T17:28:41.076382+00:00,89.6665,0.0357,96.4944,-0.0143,0.75,0.0,1500.0,0.0,5.4
890.0,2026-05-06T17:28:41.583005+00:00,89.6858,0.0274,96.8428,0.1047,0.75,0.0,1500.0,0.0,5.4
890.5,2026-05-06T17:28:42.076300+00:00,89.7007,0.0211,96.7635,0.1576,0.75,0.0,1500.0,0.0,5.4
891.0,2026-05-06T17:28:42.576286+00:00,89.7121,-0.0474,96.9339,0.2445,0.75,0.0,1500.0,0.0,5.4
891.5,2026-05-06T17:28:43.076404+00:00,89.5936,-0.0364,96.8335,0.1494,0.75,0.0,1500.0,0.0,5.4
892.0,2026-05-06T17:28:43.576190+00:00,89.5025,-0.0916,96.872,0.0763,0.75,0.0,1500.0,0.0,5.4
892.5,2026-05-06T17:28:44.083492+00:00,89.687,-0.0068,97.0173,0.1743,0.75,0.0,1500.0,0.0,5.4
893.0,2026-05-06T17:28:44.576405+00:00,89.8289,0.0584,96.8976,0.0183,0.75,0.0,1500.0,0.0,5.4512
893.5,2026-05-06T17:28:45.076201+00:00,89.8106,0.1085,96.9213,0.0526,0.75,0.0,1500.0,0.0,5.4762
894.0,2026-05-06T17:28:45.576345+00:00,89.5421,0.0198,96.9395,0.0019,0.75,0.0,1500.0,0.0,5.4884
894.5,2026-05-06T17:28:46.078145+00:00,89.4629,-0.1121,96.9535,0.04,0.75,0.0,1500.0,0.0,5.4943
895.0,2026-05-06T17:28:46.584060+00:00,89.5293,-0.1498,96.7097,-0.0541,0.75,0.0,1500.0,0.0,5.4972
895.5,2026-05-06T17:28:47.076444+00:00,89.5804,-0.1151,96.1753,-0.2807,0.75,0.0,1500.0,0.0,5.5498
896.0,2026-05-06T17:28:47.579032+00:00,89.6196,0.0388,96.2504,-0.2157,0.75,0.0,1500.0,0.0,5.5755
896.5,2026-05-06T17:28:48.076261+00:00,89.6498,0.0935,96.4239,-0.1658,0.75,0.0,1500.0,0.0,5.5881
897.0,2026-05-06T17:28:48.576450+00:00,89.673,0.0718,96.5572,-0.1274,0.75,0.0,1500.0,0.0,5.5942
897.5,2026-05-06T17:28:49.082840+00:00,89.6908,0.0552,96.7753,-0.0594,0.75,0.0,1500.0,0.0,5.546
898.0,2026-05-06T17:28:49.576258+00:00,89.7045,0.0424,96.5959,-0.0379,0.75,0.0,1500.0,0.0,5.5224
898.5,2026-05-06T17:28:50.077135+00:00,89.9696,0.1599,96.9208,0.2485,0.75,0.0,1500.0,0.0,5.5109
899.0,2026-05-06T17:28:50.576422+00:00,89.9188,0.1229,96.8235,0.191,0.75,0.0,1500.0,0.0,5.5053
899.5,2026-05-06T17:28:51.076491+00:00,89.8797,0.0945,96.8643,0.1468,0.75,0.0,1500.0,0.0,5.5026
900.0,2026-05-06T17:28:51.585019+00:00,89.7224,0.009,96.78,0.0743,0.75,0.0,1500.0,0.0,5.5013
900.5,2026-05-06T17:28:52.076396+00:00,89.8561,-0.0567,96.9466,0.0571,0.75,0.0,1500.0,0.0,5.5006
901.0,2026-05-06T17:28:52.577917+00:00,89.8315,-0.0436,97.0747,0.1596,0.75,0.0,1500.0,0.0,5.5003
901.5,2026-05-06T17:28:53.076425+00:00,89.9399,0.0301,97.0574,0.0455,0.75,0.0,1500.0,0.0,5.5001
902.0,2026-05-06T17:28:53.576399+00:00,89.896,0.0868,97.1598,0.1121,0.75,0.0,1500.0,0.0,5.5001
902.5,2026-05-06T17:28:54.082950+00:00,89.8622,0.0031,97.2385,0.1247,0.75,0.0,1500.0,0.0,5.5
903.0,2026-05-06T17:28:54.580461+00:00,89.709,-0.0613,97.1833,0.1344,0.75,0.0,1500.0,0.0,5.5512
903.5,2026-05-06T17:28:55.076167+00:00,89.7185,-0.1107,97.2566,0.1033,0.75,0.0,1500.0,0.0,5.525
904.0,2026-05-06T17:28:55.579078+00:00,89.5985,-0.1487,97.1972,0.0409,0.75,0.0,1500.0,0.0,5.5122
904.5,2026-05-06T17:28:56.076214+00:00,89.6336,-0.1143,97.383,0.1085,0.75,0.0,1500.0,0.0,5.506
905.0,2026-05-06T17:28:56.582322+00:00,89.7878,0.0394,97.1787,0.0063,0.75,0.0,1500.0,0.0,5.5029
905.5,2026-05-06T17:28:57.079436+00:00,89.779,0.0303,97.253,0.0048,0.75,0.0,1500.0,0.0,5.5014
906.0,2026-05-06T17:28:57.577165+00:00,89.7723,0.0869,97.4259,0.0808,0.75,0.0,1500.0,0.0,5.5007
906.5,2026-05-06T17:28:58.076176+00:00,89.7671,0.0668,97.3273,0.0236,0.75,0.0,1500.0,0.0,5.5003
907.0,2026-05-06T17:28:58.577658+00:00,89.7632,-0.0123,97.3441,0.049,0.75,0.0,1500.0,0.0,5.5002
907.5,2026-05-06T17:28:59.084977+00:00,89.6329,-0.0731,97.0331,-0.1166,0.75,0.0,1500.0,0.0,5.5001
908.000384,2026-05-06T17:28:59.577033+00:00,89.5327,-0.1198,97.0254,-0.0511,0.75,0.0,1500.0,0.0,5.4488
908.5,2026-05-06T17:29:00.076292+00:00,89.7103,-0.0284,97.0196,-0.0778,0.75,0.0,1500.0,0.0,5.475
909.0,2026-05-06T17:29:00.576441+00:00,89.4649,-0.1491,96.8993,-0.1755,0.75,0.0,1500.0,0.0,5.4878
909.500582,2026-05-06T17:29:01.076908+00:00,89.4036,-0.1146,96.8069,-0.1735,0.75,0.0,1500.0,0.0,5.4941
910.0,2026-05-06T17:29:01.582783+00:00,89.4838,-0.0245,96.7128,-0.2105,0.75,0.0,1500.0,0.0,5.4971
910.5,2026-05-06T17:29:02.076197+00:00,89.6726,-0.0188,96.5478,-0.1618,0.75,0.0,1500.0,0.0,5.4986
911.0,2026-05-06T17:29:02.577511+00:00,89.6905,0.1128,96.6525,-0.1243,0.75,0.0,1500.0,0.0,5.4993
911.5,2026-05-06T17:29:03.076187+00:00,89.577,0.0867,96.7329,-0.0956,0.75,0.0,1500.0,0.0,5.4997
912.0,2026-05-06T17:29:03.576261+00:00,89.7443,0.1303,96.679,-0.0734,0.75,0.0,1500.0,0.0,5.4998
912.5,2026-05-06T17:29:04.084955+00:00,89.6184,-0.0271,96.6144,-0.0642,0.75,0.0,1500.0,0.0,5.4487
913.000602,2026-05-06T17:29:04.576959+00:00,89.3943,-0.1481,96.588,-0.0416,0.75,0.0,1500.0,0.0,5.475
913.5,2026-05-06T17:29:05.076196+00:00,89.6039,0.0134,96.6602,0.0374,0.75,0.0,1500.0,0.0,5.4366
914.0,2026-05-06T17:29:05.576202+00:00,89.5104,-0.117,96.1603,-0.1641,0.75,0.0,1500.0,0.0,5.4179
914.5,2026-05-06T17:29:06.076201+00:00,89.5659,-0.0263,96.3546,-0.1261,0.75,0.0,1500.0,0.0,5.4087
915.002548,2026-05-06T17:29:06.588443+00:00,89.7357,0.1707,96.504,-0.0583,0.75,0.0,1500.0,0.0,5.4043
915.5,2026-05-06T17:29:07.076475+00:00,89.739,0.0676,96.6187,0.0014,0.75,0.0,1500.0,0.0,5.4021
916.0,2026-05-06T17:29:07.576927+00:00,89.7416,0.1156,96.707,0.0397,0.75,0.0,1500.0,0.0,5.401
916.5,2026-05-06T17:29:08.076477+00:00,89.6163,0.0252,96.8905,0.0768,0.75,0.0,1500.0,0.0,5.4005
917.0,2026-05-06T17:29:08.576396+00:00,89.5199,-0.1079,96.9158,0.2518,0.75,0.0,1500.0,0.0,5.4002
917.500605,2026-05-06T17:29:09.082973+00:00,89.4459,-0.1466,97.051,0.2321,0.75,0.0,1500.0,0.0,5.4001
918.0,2026-05-06T17:29:09.576421+00:00,89.5163,-0.1127,97.2706,0.2555,0.75,0.0,1500.0,0.0,5.4001
918.5,2026-05-06T17:29:10.076596+00:00,89.4431,-0.0866,97.0923,0.1578,0.75,0.0,1500.0,0.0,5.4
919.0,2026-05-06T17:29:10.576385+00:00,89.2596,-0.1302,96.7238,0.0056,0.75,0.0,1500.0,0.0,5.4
919.5,2026-05-06T17:29:11.077031+00:00,89.5003,0.0272,96.672,-0.0728,0.75,0.0,1500.0,0.0,5.4
920.000736,2026-05-06T17:29:11.586690+00:00,89.5581,0.0209,96.6322,-0.0945,0.75,0.0,1500.0,0.0,5.4
920.5,2026-05-06T17:29:12.076390+00:00,89.348,-0.0476,96.833,-0.0727,0.75,0.0,1500.0,0.0,5.4512
921.0,2026-05-06T17:29:12.576906+00:00,89.3137,0.0271,96.9874,-0.0944,0.75,0.0,1500.0,0.0,5.4762
921.502593,2026-05-06T17:29:13.078952+00:00,89.4147,-0.0428,97.106,0.0046,0.75,0.0,1500.0,0.0,5.4884
922.0,2026-05-06T17:29:13.576535+00:00,89.6195,0.0307,97.1972,0.1578,0.75,0.0,1500.0,0.0,5.4943
922.5,2026-05-06T17:29:14.081955+00:00,89.6497,0.1509,97.2672,0.1984,0.75,0.0,1500.0,0.0,5.4972
923.0,2026-05-06T17:29:14.576797+00:00,89.9275,0.3069,97.2054,0.1911,0.75,0.0,1500.0,0.0,5.4986
923.5,2026-05-06T17:29:15.076702+00:00,89.6319,0.1086,97.3893,0.1854,0.75,0.0,1500.0,0.0,5.4993
924.0,2026-05-06T17:29:15.576444+00:00,89.6592,0.0198,97.2992,0.1039,0.75,0.0,1500.0,0.0,5.4997
924.5,2026-05-06T17:29:16.077068+00:00,89.4257,-0.112,96.9986,-0.0358,0.75,0.0,1500.0,0.0,5.4998
925.0,2026-05-06T17:29:16.581609+00:00,89.5007,-0.2134,96.8832,-0.1047,0.75,0.0,1500.0,0.0,5.4999
925.5,2026-05-06T17:29:17.076478+00:00,89.4311,-0.1004,96.6788,-0.1961,0.75,0.0,1500.0,0.0,5.5
926.0,2026-05-06T17:29:17.576430+00:00,89.5049,-0.0771,96.6374,-0.1893,0.75,0.0,1500.0,0.0,5.5
926.500666,2026-05-06T17:29:18.077073+00:00,89.5616,0.068,96.7213,-0.2226,0.75,0.0,1500.0,0.0,5.4488
927.00274,2026-05-06T17:29:18.579080+00:00,89.6052,0.0522,96.5313,-0.256,0.75,0.0,1500.0,0.0,5.4238
927.5,2026-05-06T17:29:19.083993+00:00,89.6387,0.1038,96.6397,-0.1196,0.75,0.0,1500.0,0.0,5.4116
928.00063,2026-05-06T17:29:19.577087+00:00,89.6645,0.0798,96.2603,-0.2076,0.75,0.0,1500.0,0.0,5.4569
928.5,2026-05-06T17:29:20.076785+00:00,89.8115,0.125,96.5472,-0.0439,0.75,0.0,1500.0,0.0,5.4278
929.0,2026-05-06T17:29:20.576607+00:00,89.7973,0.096,96.652,0.0048,0.75,0.0,1500.0,0.0,5.4135
929.501619,2026-05-06T17:29:21.078323+00:00,89.7864,0.0738,96.5242,-0.0657,0.75,0.0,1500.0,0.0,5.4066
930.0,2026-05-06T17:29:21.583199+00:00,89.7779,0.0567,96.75,0.0729,0.75,0.0,1500.0,0.0,5.4032
930.5,2026-05-06T17:29:22.077191+00:00,89.6442,-0.0837,96.669,0.0098,0.75,0.0,1500.0,0.0,5.4016
931.000589,2026-05-06T17:29:22.576919+00:00,89.6687,-0.0643,96.7456,0.1618,0.75,0.0,1500.0,0.0,5.4008
931.5,2026-05-06T17:29:23.078661+00:00,89.8148,0.0142,96.8045,0.0858,0.75,0.0,1500.0,0.0,5.4004
932.0,2026-05-06T17:29:23.577780+00:00,89.7998,0.0109,96.734,0.0274,0.75,0.0,1500.0,0.0,5.4002
932.5,2026-05-06T17:29:24.085860+00:00,89.661,0.0084,96.3328,-0.0638,0.75,0.0,1500.0,0.0,5.4001
933.0,2026-05-06T17:29:24.576481+00:00,89.6816,0.0065,96.4872,-0.0876,0.75,0.0,1500.0,0.0,5.4
933.5,2026-05-06T17:29:25.077095+00:00,89.6974,-0.0587,96.7215,0.0175,0.75,0.0,1500.0,0.0,5.4
934.0,2026-05-06T17:29:25.576483+00:00,89.7096,-0.0451,96.786,0.0135,0.75,0.0,1500.0,0.0,5.4
934.500497,2026-05-06T17:29:26.076965+00:00,89.8462,0.0926,96.7198,-0.0282,0.75,0.0,1500.0,0.0,5.4
935.0,2026-05-06T17:29:26.581169+00:00,89.6967,0.0075,96.6689,-0.0217,0.75,0.0,1500.0,0.0,5.4
935.5,2026-05-06T17:29:27.076463+00:00,89.5817,-0.0578,96.6298,0.099,0.75,0.0,1500.0,0.0,5.4
936.00015,2026-05-06T17:29:27.576952+00:00,89.6207,-0.0445,96.7155,0.0761,0.75,0.0,1500.0,0.0,5.4
936.5,2026-05-06T17:29:28.076827+00:00,89.6506,-0.0978,96.897,0.0585,0.75,0.0,1500.0,0.0,5.4
937.0,2026-05-06T17:29:28.577599+00:00,89.5463,-0.0752,96.9209,0.045,0.75,0.0,1500.0,0.0,5.4
937.5,2026-05-06T17:29:29.082843+00:00,89.4662,-0.0578,96.6846,-0.0117,0.75,0.0,1500.0,0.0,5.4
938.0,2026-05-06T17:29:29.578881+00:00,89.5319,-0.0444,96.7576,0.0296,0.75,0.0,1500.0,0.0,5.4512
938.5,2026-05-06T17:29:30.076269+00:00,89.7096,0.0295,96.698,0.0227,0.75,0.0,1500.0,0.0,5.425
939.001803,2026-05-06T17:29:30.578498+00:00,89.4644,-0.041,96.5365,-0.0597,0.75,0.0,1500.0,0.0,5.4122
939.5,2026-05-06T17:29:31.076463+00:00,89.6578,0.0958,96.6437,-0.0844,0.75,0.0,1500.0,0.0,5.406
940.0,2026-05-06T17:29:31.583850+00:00,89.5518,0.01,96.3791,-0.1806,0.75,0.0,1500.0,0.0,5.4029
940.5,2026-05-06T17:29:32.077212+00:00,89.3432,-0.1832,96.6385,-0.0154,0.75,0.0,1500.0,0.0,5.4014
941.0,2026-05-06T17:29:32.576604+00:00,89.4373,-0.0136,96.4907,-0.089,0.75,0.0,1500.0,0.0,5.4007
941.5,2026-05-06T17:29:33.076422+00:00,89.5097,-0.0741,96.6086,-0.0298,0.75,0.0,1500.0,0.0,5.4003
942.0,2026-05-06T17:29:33.576399+00:00,89.6925,0.0704,96.352,-0.0615,0.75,0.0,1500.0,0.0,5.4002
942.500015,2026-05-06T17:29:34.082120+00:00,89.7058,0.1813,96.3863,-0.0858,0.75,0.0,1500.0,0.0,5.4001
943.0,2026-05-06T17:29:34.577872+00:00,89.5888,0.0757,96.4126,0.0112,0.75,0.0,1500.0,0.0,5.4
943.5,2026-05-06T17:29:35.078632+00:00,89.7534,0.1219,96.0857,-0.1842,0.75,0.0,1500.0,0.0,5.4512
944.0,2026-05-06T17:29:35.576386+00:00,89.8799,0.0937,96.0659,-0.1416,0.75,0.0,1500.0,0.0,5.4762
944.5,2026-05-06T17:29:36.077246+00:00,89.7225,0.0083,96.1432,-0.1551,0.75,0.0,1500.0,0.0,5.4884
945.0,2026-05-06T17:29:36.580875+00:00,89.4744,-0.0572,95.9944,-0.1192,0.75,0.0,1500.0,0.0,5.4943
945.502525,2026-05-06T17:29:37.078819+00:00,89.6654,-0.044,96.1114,-0.0916,0.75,0.0,1500.0,0.0,5.446
946.0,2026-05-06T17:29:37.576390+00:00,89.685,-0.0974,96.317,-0.0319,0.75,0.0,1500.0,0.0,5.4225
946.5,2026-05-06T17:29:38.076397+00:00,89.5728,-0.0749,96.475,0.1298,0.75,0.0,1500.0,0.0,5.411
947.000632,2026-05-06T17:29:38.577026+00:00,89.4865,0.0061,96.5965,0.1769,0.75,0.0,1500.0,0.0,5.4053
947.5,2026-05-06T17:29:39.081868+00:00,89.2929,-0.1862,96.6899,0.1822,0.75,0.0,1500.0,0.0,5.4026
948.0,2026-05-06T17:29:39.576216+00:00,89.2714,-0.2068,96.7616,0.2558,0.75,0.0,1500.0,0.0,5.4525
948.5,2026-05-06T17:29:40.076377+00:00,89.5094,-0.0317,96.8168,0.2351,0.75,0.0,1500.0,0.0,5.4768
949.001551,2026-05-06T17:29:40.580829+00:00,89.5651,0.0393,96.6278,0.1036,0.75,0.0,1500.0,0.0,5.4887
949.5,2026-05-06T17:29:41.076380+00:00,89.6079,0.1575,96.7139,0.0796,0.75,0.0,1500.0,0.0,5.4945
950.0,2026-05-06T17:29:41.585830+00:00,89.6408,0.1847,96.8958,0.0998,0.75,0.0,1500.0,0.0,5.4973
950.5,2026-05-06T17:29:42.076485+00:00,89.5388,0.0147,96.7811,0.0304,0.75,0.0,1500.0,0.0,5.4475
951.0,2026-05-06T17:29:42.576734+00:00,89.4604,-0.0524,96.9474,0.0619,0.75,0.0,1500.0,0.0,5.4232
951.5,2026-05-06T17:29:43.076399+00:00,89.4001,-0.1039,96.8439,0.009,0.75,0.0,1500.0,0.0,5.4113
952.0,2026-05-06T17:29:43.576179+00:00,89.6084,-0.0162,96.88,0.0841,0.75,0.0,1500.0,0.0,5.4055
952.5,2026-05-06T17:29:44.083122+00:00,89.6411,0.0512,96.7921,0.0261,0.75,0.0,1500.0,0.0,5.4027
953.0,2026-05-06T17:29:44.576938+00:00,89.7936,0.1666,96.9559,0.02,0.75,0.0,1500.0,0.0,5.4525
953.5,2026-05-06T17:29:45.076347+00:00,89.7835,0.1917,96.943,0.054,0.75,0.0,1500.0,0.0,5.4256
954.0,2026-05-06T17:29:45.577262+00:00,89.7758,0.0837,96.9562,0.0029,0.75,0.0,1500.0,0.0,5.4125
954.5,2026-05-06T17:29:46.076192+00:00,89.5153,-0.0629,96.9663,0.0408,0.75,0.0,1500.0,0.0,5.4061
955.0,2026-05-06T17:29:46.584781+00:00,89.5696,-0.112,96.8584,-0.0072,0.75,0.0,1500.0,0.0,5.403
955.5,2026-05-06T17:29:47.076742+00:00,89.4841,-0.1497,96.7755,-0.0055,0.75,0.0,1500.0,0.0,5.4527
956.0,2026-05-06T17:29:47.576474+00:00,89.4183,-0.1787,96.8274,-0.0428,0.75,0.0,1500.0,0.0,5.4769
956.5,2026-05-06T17:29:48.076454+00:00,89.3678,-0.0737,96.8674,-0.0252,0.75,0.0,1500.0,0.0,5.4887
957.0,2026-05-06T17:29:48.576449+00:00,89.2017,-0.1839,97.0138,0.0192,0.75,0.0,1500.0,0.0,5.4945
957.5,2026-05-06T17:29:49.083922+00:00,89.3286,-0.0777,97.1263,0.0533,0.75,0.0,1500.0,0.0,5.4461
958.0,2026-05-06T17:29:49.576452+00:00,89.2988,-0.0597,96.9814,0.041,0.75,0.0,1500.0,0.0,5.4737
958.5,2026-05-06T17:29:50.077534+00:00,89.276,-0.0459,97.2171,0.1472,0.75,0.0,1500.0,0.0,5.4872
959.0,2026-05-06T17:29:50.576494+00:00,89.5129,0.1556,97.1668,0.1131,0.75,0.0,1500.0,0.0,5.4937
959.5,2026-05-06T17:29:51.077103+00:00,89.6951,0.1832,97.2439,0.1255,0.75,0.0,1500.0,0.0,5.4969
960.0,2026-05-06T17:29:51.584587+00:00,89.835,0.2681,96.9561,-0.0192,0.75,0.0,1500.0,0.0,5.4985
960.5,2026-05-06T17:29:52.076217+00:00,89.8154,0.2697,97.0819,-0.0148,0.75,0.0,1500.0,0.0,5.4481
961.0,2026-05-06T17:29:52.576950+00:00,89.8002,0.1437,97.1787,0.0658,0.75,0.0,1500.0,0.0,5.4235
961.5,2026-05-06T17:29:53.076172+00:00,89.6613,-0.0169,97.253,0.012,0.75,0.0,1500.0,0.0,5.4114
962.0,2026-05-06T17:29:53.576540+00:00,89.6819,-0.0766,97.3102,0.0478,0.75,0.0,1500.0,0.0,5.4056
962.5,2026-05-06T17:29:54.083416+00:00,89.6976,-0.0589,97.1227,-0.0404,0.75,0.0,1500.0,0.0,5.4027
963.0,2026-05-06T17:29:54.576469+00:00,89.7097,-0.0452,97.0943,0.0461,0.75,0.0,1500.0,0.0,5.4525
963.500347,2026-05-06T17:29:55.076690+00:00,89.7191,0.0289,97.0725,-0.0032,0.75,0.0,1500.0,0.0,5.4768
964.0,2026-05-06T17:29:55.576452+00:00,89.5989,-0.0415,97.2871,0.0361,0.75,0.0,1500.0,0.0,5.4887
964.5,2026-05-06T17:29:56.076617+00:00,89.3794,-0.1591,97.3364,0.0278,0.75,0.0,1500.0,0.0,5.4945
965.0,2026-05-06T17:29:56.584600+00:00,89.0833,-0.3132,97.3742,0.0214,0.75,0.0,1500.0,0.0,5.4973
965.5,2026-05-06T17:29:57.076978+00:00,89.1103,-0.3044,97.4033,0.0935,0.75,0.0,1500.0,0.0,5.4987
966.0,2026-05-06T17:29:57.576756+00:00,89.2583,-0.1703,97.31,0.0719,0.75,0.0,1500.0,0.0,5.4994
966.5,2026-05-06T17:29:58.076588+00:00,89.3721,-0.0036,97.2383,0.0553,0.75,0.0,1500.0,0.0,5.4485
967.0,2026-05-06T17:29:58.576269+00:00,89.3323,0.1245,97.0443,-0.0809,0.75,0.0,1500.0,0.0,5.4237
967.5,2026-05-06T17:29:59.087522+00:00,89.4289,0.1593,96.9183,-0.1393,0.75,0.0,1500.0,0.0,5.4115
968.0,2026-05-06T17:29:59.577267+00:00,89.6305,0.1861,97.0529,-0.1071,0.75,0.0,1500.0,0.0,5.4568
968.5,2026-05-06T17:30:00.076854+00:00,89.6582,0.143,96.8093,-0.198,0.75,0.0,1500.0,0.0,5.4277
969.0,2026-05-06T17:30:00.576424+00:00,89.6794,0.1736,96.7377,-0.1908,0.75,0.0,1500.0,0.0,5.4135
969.500614,2026-05-06T17:30:01.076911+00:00,89.6957,0.1334,96.9141,-0.1081,0.75,0.0,1500.0,0.0,5.4066
970.0,2026-05-06T17:30:01.588383+00:00,89.581,-0.0247,96.7951,-0.083,0.75,0.0,1500.0,0.0,5.4032
970.5,2026-05-06T17:30:02.076509+00:00,89.4929,-0.0826,96.8425,-0.0253,0.75,0.0,1500.0,0.0,5.4016
971.0,2026-05-06T17:30:02.576533+00:00,89.6796,0.0001,96.9947,-0.0194,0.75,0.0,1500.0,0.0,5.4008
971.5,2026-05-06T17:30:03.076201+00:00,89.6959,0.0001,96.9959,0.0622,0.75,0.0,1500.0,0.0,5.4004
972.001301,2026-05-06T17:30:03.578140+00:00,89.7084,0.0637,96.9969,0.0864,0.75,0.0,1500.0,0.0,5.4002
972.5,2026-05-06T17:30:04.083429+00:00,89.718,0.1126,96.8819,-0.0107,0.75,0.0,1500.0,0.0,5.4001
973.0,2026-05-06T17:30:04.576431+00:00,89.8527,0.0865,96.9092,0.038,0.75,0.0,1500.0,0.0,5.4
973.5,2026-05-06T17:30:05.076445+00:00,89.8289,0.0665,96.9302,0.0292,0.75,0.0,1500.0,0.0,5.4
974.0,2026-05-06T17:30:05.576451+00:00,89.9379,0.1148,96.715,-0.0932,0.75,0.0,1500.0,0.0,5.4
974.5,2026-05-06T17:30:06.076468+00:00,89.7672,0.0246,96.8966,-0.0331,0.75,0.0,1500.0,0.0,5.4
975.000452,2026-05-06T17:30:06.583230+00:00,89.6359,-0.1084,96.9205,-0.0254,0.75,0.0,1500.0,0.0,5.4
975.5,2026-05-06T17:30:07.076289+00:00,89.4078,-0.2106,96.9158,0.0113,0.75,0.0,1500.0,0.0,5.4
976.0,2026-05-06T17:30:07.578808+00:00,89.3597,-0.2891,97.051,0.0473,0.75,0.0,1500.0,0.0,5.4
976.5,2026-05-06T17:30:08.076358+00:00,89.5773,-0.0949,96.9235,-0.0022,0.75,0.0,1500.0,0.0,5.4
977.0,2026-05-06T17:30:08.576646+00:00,89.49,-0.073,96.9412,0.0754,0.75,0.0,1500.0,0.0,5.4
977.5,2026-05-06T17:30:09.087262+00:00,89.5502,0.0712,96.8391,-0.0192,0.75,0.0,1500.0,0.0,5.4
978.0,2026-05-06T17:30:09.576358+00:00,89.3419,-0.0089,96.6449,-0.0919,0.75,0.0,1500.0,0.0,5.4
978.5,2026-05-06T17:30:10.077680+00:00,89.4363,-0.0705,96.7271,-0.0629,0.75,0.0,1500.0,0.0,5.4
979.0,2026-05-06T17:30:10.577704+00:00,89.6362,0.0731,96.7902,-0.0869,0.75,0.0,1500.0,0.0,5.4
979.5,2026-05-06T17:30:11.076426+00:00,89.6625,0.0562,96.8388,-0.0282,0.75,0.0,1500.0,0.0,5.4
980.0,2026-05-06T17:30:11.583016+00:00,89.6828,0.1704,96.9918,0.0169,0.75,0.0,1500.0,0.0,5.4
980.5,2026-05-06T17:30:12.076407+00:00,89.8256,0.1946,97.1094,0.0901,0.75,0.0,1500.0,0.0,5.4
981.0,2026-05-06T17:30:12.577702+00:00,89.8081,0.086,97.3155,0.2235,0.75,0.0,1500.0,0.0,5.4
981.5,2026-05-06T17:30:13.076396+00:00,89.9219,0.1297,97.0111,0.0947,0.75,0.0,1500.0,0.0,5.4
982.0,2026-05-06T17:30:13.579114+00:00,89.8821,0.0997,97.0085,0.0728,0.75,0.0,1500.0,0.0,5.4
982.5,2026-05-06T17:30:14.083715+00:00,89.8516,0.013,97.0065,0.0559,0.75,0.0,1500.0,0.0,5.4
983.0,2026-05-06T17:30:14.576335+00:00,89.9553,0.0736,96.7736,-0.0727,0.75,0.0,1500.0,0.0,5.4
983.5,2026-05-06T17:30:15.077687+00:00,90.0351,0.0566,96.5946,-0.1716,0.75,0.0,1500.0,0.0,5.4
984.0,2026-05-06T17:30:15.576342+00:00,89.9691,0.0435,96.457,-0.2862,0.75,0.0,1500.0,0.0,5.4
984.5,2026-05-06T17:30:16.078259+00:00,89.9184,0.0334,96.8141,-0.0657,0.75,0.0,1500.0,0.0,5.4
985.0,2026-05-06T17:30:16.580346+00:00,89.7522,-0.1016,96.9728,-0.0119,0.75,0.0,1500.0,0.0,5.4
985.5,2026-05-06T17:30:17.076565+00:00,89.8789,-0.0781,97.2105,0.068,0.75,0.0,1500.0,0.0,5.4512
986.0,2026-05-06T17:30:17.580558+00:00,89.9764,0.0036,97.2775,0.168,0.75,0.0,1500.0,0.0,5.4762
986.5,2026-05-06T17:30:18.076658+00:00,90.0513,0.0664,97.329,0.2448,0.75,0.0,1500.0,0.0,5.4372
987.0,2026-05-06T17:30:18.576412+00:00,90.1088,0.1783,97.2528,0.2653,0.75,0.0,1500.0,0.0,5.4181
987.5,2026-05-06T17:30:19.182863+00:00,90.1531,0.1371,97.4257,0.2039,0.75,0.0,1500.0,0.0,5.4089
988.0,2026-05-06T17:30:19.578874+00:00,89.9325,-0.0219,97.3272,0.1181,0.75,0.0,1500.0,0.0,5.4043
988.5,2026-05-06T17:30:20.076435+00:00,89.763,-0.1441,97.0201,-0.0635,0.75,0.0,1500.0,0.0,5.4021
989.0,2026-05-06T17:30:20.576212+00:00,89.8873,-0.1108,96.8998,-0.1259,0.75,0.0,1500.0,0.0,5.401
989.5,2026-05-06T17:30:21.076181+00:00,89.8555,-0.1488,96.9229,-0.1353,0.75,0.0,1500.0,0.0,5.4005
990.000634,2026-05-06T17:30:21.586510+00:00,89.8311,-0.0507,96.7094,-0.1812,0.75,0.0,1500.0,0.0,5.4002
990.5,2026-05-06T17:30:22.076567+00:00,89.8123,0.0247,96.8923,-0.1778,0.75,0.0,1500.0,0.0,5.4001
991.0,2026-05-06T17:30:22.576198+00:00,89.7979,-0.0447,96.8015,-0.1752,0.75,0.0,1500.0,0.0,5.4001
991.5,2026-05-06T17:30:23.076200+00:00,89.6596,-0.098,96.6161,-0.1347,0.75,0.0,1500.0,0.0,5.4
992.0,2026-05-06T17:30:23.577036+00:00,89.6805,-0.0753,96.7049,-0.0649,0.75,0.0,1500.0,0.0,5.4
992.5,2026-05-06T17:30:24.080794+00:00,89.6966,-0.0579,96.7732,-0.0499,0.75,0.0,1500.0,0.0,5.4
993.0,2026-05-06T17:30:24.576846+00:00,89.7089,-0.0445,96.71,0.0002,0.75,0.0,1500.0,0.0,5.4
993.5,2026-05-06T17:30:25.077090+00:00,89.8457,0.0931,96.5225,-0.1233,0.75,0.0,1500.0,0.0,5.4
994.0,2026-05-06T17:30:25.576359+00:00,89.9508,0.1352,96.4016,-0.1333,0.75,0.0,1500.0,0.0,5.4
994.5,2026-05-06T17:30:26.076406+00:00,89.9044,0.1039,96.6558,0.0132,0.75,0.0,1500.0,0.0,5.4
995.000829,2026-05-06T17:30:26.582886+00:00,89.9959,0.1435,96.7354,0.0102,0.75,0.0,1500.0,0.0,5.4
995.50002,2026-05-06T17:30:27.076788+00:00,89.939,0.0467,96.5653,-0.0693,0.75,0.0,1500.0,0.0,5.4512
996.0,2026-05-06T17:30:27.578921+00:00,89.8953,-0.0278,96.7816,0.0239,0.75,0.0,1500.0,0.0,5.4762
996.5,2026-05-06T17:30:28.076456+00:00,89.9889,0.0423,96.8321,0.1032,0.75,0.0,1500.0,0.0,5.4884
997.0,2026-05-06T17:30:28.577448+00:00,89.8064,-0.0948,96.871,0.1564,0.75,0.0,1500.0,0.0,5.4943
997.5,2026-05-06T17:30:29.084118+00:00,89.6661,-0.1365,96.7851,0.0431,0.75,0.0,1500.0,0.0,5.446
998.0,2026-05-06T17:30:29.576477+00:00,89.8127,-0.0413,96.7191,-0.0054,0.75,0.0,1500.0,0.0,5.4737
998.5,2026-05-06T17:30:30.076194+00:00,89.9255,-0.0317,96.7841,0.073,0.75,0.0,1500.0,0.0,5.4871
999.0,2026-05-06T17:30:30.576670+00:00,89.8849,0.0393,96.8341,0.0175,0.75,0.0,1500.0,0.0,5.4937
999.5,2026-05-06T17:30:31.076490+00:00,89.8537,0.0938,96.6411,-0.0637,0.75,0.0,1500.0,0.0,5.4969
1000.0,2026-05-06T17:30:31.581716+00:00,89.8297,0.0085,96.9555,0.0282,0.75,0.0,1500.0,0.0,5.4985
1000.5,2026-05-06T17:30:32.076215+00:00,89.8112,-0.0571,96.9658,0.0602,0.75,0.0,1500.0,0.0,5.4481
1001.0,2026-05-06T17:30:32.576459+00:00,89.9243,0.0197,96.9737,0.0849,0.75,0.0,1500.0,0.0,5.4235
1001.5,2026-05-06T17:30:33.079651+00:00,89.884,0.0152,97.0955,0.1038,0.75,0.0,1500.0,0.0,5.4114
1002.0,2026-05-06T17:30:33.577659+00:00,89.7257,-0.052,97.1891,0.1183,0.75,0.0,1500.0,0.0,5.4056
1002.5,2026-05-06T17:30:34.082085+00:00,89.8586,0.0237,97.1453,0.1681,0.75,0.0,1500.0,0.0,5.4027
1003.0,2026-05-06T17:30:34.576203+00:00,89.8335,-0.0454,97.1117,0.0521,0.75,0.0,1500.0,0.0,5.4013
1003.5,2026-05-06T17:30:35.076749+00:00,89.9414,0.0287,96.947,-0.0063,0.75,0.0,1500.0,0.0,5.4006
1004.0,2026-05-06T17:30:35.576369+00:00,90.0244,0.1493,96.8436,-0.0434,0.75,0.0,1500.0,0.0,5.4515
1004.500482,2026-05-06T17:30:36.077324+00:00,90.0882,0.1148,96.8798,-0.0719,0.75,0.0,1500.0,0.0,5.4251
1005.0,2026-05-06T17:30:36.582336+00:00,90.1372,0.1519,96.8845,-0.1016,0.75,0.0,1500.0,0.0,5.4123
1005.5,2026-05-06T17:30:37.076444+00:00,90.0476,0.0531,97.0269,-0.0395,0.75,0.0,1500.0,0.0,5.406
1006.0,2026-05-06T17:30:37.576183+00:00,89.9787,-0.0228,97.0207,-0.0303,0.75,0.0,1500.0,0.0,5.4541
1006.5,2026-05-06T17:30:38.076735+00:00,89.9258,-0.0812,97.0159,0.023,0.75,0.0,1500.0,0.0,5.4776
1007.0,2026-05-06T17:30:38.576503+00:00,89.8851,-0.126,97.0122,0.0562,0.75,0.0,1500.0,0.0,5.4891
1007.5,2026-05-06T17:30:39.082887+00:00,89.8539,-0.0969,97.0094,0.0432,0.75,0.0,1500.0,0.0,5.4947
1008.0,2026-05-06T17:30:39.576478+00:00,89.8298,-0.0745,96.6601,-0.0748,0.75,0.0,1500.0,0.0,5.4974
1008.5,2026-05-06T17:30:40.076426+00:00,89.8114,-0.0572,96.7388,-0.096,0.75,0.0,1500.0,0.0,5.4987
1009.00058,2026-05-06T17:30:40.576924+00:00,89.9244,0.0197,96.5678,-0.151,0.75,0.0,1500.0,0.0,5.4482
1009.501992,2026-05-06T17:30:41.078364+00:00,89.7568,-0.0485,96.7835,-0.0775,0.75,0.0,1500.0,0.0,5.4235
1010.0,2026-05-06T17:30:41.583011+00:00,89.8825,0.0263,96.8336,-0.0595,0.75,0.0,1500.0,0.0,5.4115
1010.5,2026-05-06T17:30:42.078686+00:00,89.9791,0.0839,96.8721,-0.0458,0.75,0.0,1500.0,0.0,5.4056
1011.0,2026-05-06T17:30:42.576307+00:00,89.7988,-0.0628,96.786,0.042,0.75,0.0,1500.0,0.0,5.4027
1011.5003,2026-05-06T17:30:43.076599+00:00,89.7875,0.0154,96.8355,0.0323,0.75,0.0,1500.0,0.0,5.4013
1012.0,2026-05-06T17:30:43.577058+00:00,89.9061,0.0118,96.6422,0.0248,0.75,0.0,1500.0,0.0,5.4007
1012.5,2026-05-06T17:30:44.183952+00:00,89.87,-0.0546,96.725,-0.0195,0.75,0.0,1500.0,0.0,5.4003
1013.0,2026-05-06T17:30:44.576383+00:00,89.715,-0.0419,96.6729,-0.0536,0.75,0.0,1500.0,0.0,5.4514
1013.5,2026-05-06T17:30:45.076180+00:00,89.5958,-0.0959,96.6329,-0.0797,0.75,0.0,1500.0,0.0,5.4763
1014.0,2026-05-06T17:30:45.576505+00:00,89.6315,-0.1373,96.579,-0.069,0.75,0.0,1500.0,0.0,5.4884
1014.5,2026-05-06T17:30:46.076595+00:00,89.6589,-0.1055,96.3293,-0.1687,0.75,0.0,1500.0,0.0,5.4431
1015.0,2026-05-06T17:30:46.582757+00:00,89.68,-0.0175,96.4845,-0.0526,0.75,0.0,1500.0,0.0,5.4211
1015.5,2026-05-06T17:30:47.076741+00:00,89.5689,-0.0134,96.4881,-0.079,0.75,0.0,1500.0,0.0,5.4615
1016.002318,2026-05-06T17:30:47.578660+00:00,89.6108,-0.0103,96.6066,-0.0221,0.75,0.0,1500.0,0.0,5.4812
1016.5,2026-05-06T17:30:48.076357+00:00,89.5158,-0.0716,96.8133,0.0601,0.75,0.0,1500.0,0.0,5.4908
1017.0,2026-05-06T17:30:48.576388+00:00,89.6972,0.0086,96.9722,0.1311,0.75,0.0,1500.0,0.0,5.4955
1017.5,2026-05-06T17:30:49.083795+00:00,89.7094,0.0703,96.9786,0.2164,0.75,0.0,1500.0,0.0,5.4466
1018.000648,2026-05-06T17:30:49.577865+00:00,89.7188,0.054,97.0993,0.2049,0.75,0.0,1500.0,0.0,5.4739
1018.5,2026-05-06T17:30:50.076795+00:00,89.726,0.1051,97.3077,0.2732,0.75,0.0,1500.0,0.0,5.4873
1019.001729,2026-05-06T17:30:50.578066+00:00,89.8589,0.0808,97.1208,0.1714,0.75,0.0,1500.0,0.0,5.4938
1019.501614,2026-05-06T17:30:51.077999+00:00,89.7064,-0.0015,97.2085,0.1317,0.75,0.0,1500.0,0.0,5.497
1020.0,2026-05-06T17:30:51.583218+00:00,89.7165,-0.0012,97.1603,0.0627,0.75,0.0,1500.0,0.0,5.4985
1020.5,2026-05-06T17:30:52.078457+00:00,89.8515,0.0627,97.2389,0.0868,0.75,0.0,1500.0,0.0,5.4481
1021.0,2026-05-06T17:30:52.576888+00:00,89.828,-0.0154,97.1836,0.0281,0.75,0.0,1500.0,0.0,5.4235
1021.5,2026-05-06T17:30:53.077975+00:00,89.81,0.0518,97.2568,-0.017,0.75,0.0,1500.0,0.0,5.4114
1022.0,2026-05-06T17:30:53.576205+00:00,89.7961,0.0398,97.0817,-0.013,0.75,0.0,1500.0,0.0,5.4056
1022.5,2026-05-06T17:30:54.083582+00:00,89.7854,-0.033,97.0628,-0.0486,0.75,0.0,1500.0,0.0,5.4027
1023.0,2026-05-06T17:30:54.577266+00:00,89.9045,0.0382,97.0483,-0.0373,0.75,0.0,1500.0,0.0,5.4013
1023.5,2026-05-06T17:30:55.077170+00:00,89.996,0.093,97.0371,-0.0673,0.75,0.0,1500.0,0.0,5.4006
1024.0,2026-05-06T17:30:55.578500+00:00,89.9391,0.0715,97.0285,-0.0517,0.75,0.0,1500.0,0.0,5.4003
1024.5,2026-05-06T17:30:56.076515+00:00,89.8953,0.055,96.9062,-0.1169,0.75,0.0,1500.0,0.0,5.4002
1025.0,2026-05-06T17:30:56.587754+00:00,89.6072,-0.1487,96.8122,-0.0898,0.75,0.0,1500.0,0.0,5.4001
1025.5,2026-05-06T17:30:57.076822+00:00,89.5129,-0.2415,96.6243,-0.1462,0.75,0.0,1500.0,0.0,5.4512
1026.0,2026-05-06T17:30:57.576513+00:00,89.5678,-0.1856,96.5955,-0.1509,0.75,0.0,1500.0,0.0,5.425
1026.5,2026-05-06T17:30:58.076467+00:00,89.61,-0.1427,96.6891,-0.116,0.75,0.0,1500.0,0.0,5.4122
1027.0,2026-05-06T17:30:58.578198+00:00,89.6424,0.0176,96.6454,-0.1277,0.75,0.0,1500.0,0.0,5.406
1027.5,2026-05-06T17:30:59.081452+00:00,89.6673,0.0772,96.9588,0.0175,0.75,0.0,1500.0,0.0,5.4029
1028.0,2026-05-06T17:30:59.576296+00:00,89.5591,-0.0043,96.7369,-0.0251,0.75,0.0,1500.0,0.0,5.4014
1028.503973,2026-05-06T17:31:00.080409+00:00,89.3488,-0.1306,96.6821,0.0193,0.75,0.0,1500.0,0.0,5.4007
1029.0,2026-05-06T17:31:00.576529+00:00,89.4416,-0.1004,96.7557,0.0534,0.75,0.0,1500.0,0.0,5.4515
1029.503985,2026-05-06T17:31:01.080415+00:00,89.6402,-0.0135,96.6965,0.0025,0.75,0.0,1500.0,0.0,5.4252
1030.000168,2026-05-06T17:31:01.584159+00:00,89.6656,0.0532,96.7667,0.0405,0.75,0.0,1500.0,0.0,5.4123
1030.50061,2026-05-06T17:31:02.076814+00:00,89.5579,0.1046,96.705,-0.0846,0.75,0.0,1500.0,0.0,5.4572
1031.0,2026-05-06T17:31:02.576429+00:00,89.4751,0.0167,96.6576,-0.0265,0.75,0.0,1500.0,0.0,5.4791
1031.5,2026-05-06T17:31:03.077154+00:00,89.5387,-0.0508,96.7368,0.0182,0.75,0.0,1500.0,0.0,5.4386
1032.0,2026-05-06T17:31:03.576370+00:00,89.5876,-0.039,96.3349,-0.1403,0.75,0.0,1500.0,0.0,5.5212
1032.5,2026-05-06T17:31:04.083645+00:00,89.7524,0.0973,96.2343,-0.1541,0.75,0.0,1500.0,0.0,5.5616
1033.0,2026-05-06T17:31:04.576371+00:00,89.6246,0.0748,96.4115,-0.1184,0.75,0.0,1500.0,0.0,5.6324
1033.501995,2026-05-06T17:31:05.078230+00:00,89.7809,0.1211,96.5477,-0.0525,0.75,0.0,1500.0,0.0,5.6158
1034.00325,2026-05-06T17:31:05.579604+00:00,89.7737,0.0931,96.6523,-0.0018,0.75,0.0,1500.0,0.0,5.6077
1034.5,2026-05-06T17:31:06.076204+00:00,89.7682,0.0079,96.8485,0.0372,0.75,0.0,1500.0,0.0,5.6038
1035.0,2026-05-06T17:31:06.584752+00:00,89.8913,0.1333,96.7678,0.1443,0.75,0.0,1500.0,0.0,5.6018
1035.5,2026-05-06T17:31:07.077140+00:00,89.7313,-0.0248,96.8216,0.1958,0.75,0.0,1500.0,0.0,5.5497
1036.0,2026-05-06T17:31:07.576208+00:00,89.6084,-0.0827,96.5158,0.0348,0.75,0.0,1500.0,0.0,5.5243
1036.5,2026-05-06T17:31:08.077050+00:00,89.5139,-0.1272,96.5121,-0.0118,0.75,0.0,1500.0,0.0,5.5118
1037.0,2026-05-06T17:31:08.576269+00:00,89.5685,-0.1614,96.5093,-0.0477,0.75,0.0,1500.0,0.0,5.5058
1037.5,2026-05-06T17:31:09.084644+00:00,89.6105,-0.0604,96.6229,-0.0752,0.75,0.0,1500.0,0.0,5.5028
1038.0,2026-05-06T17:31:09.576392+00:00,89.6428,0.0172,96.7101,-0.0192,0.75,0.0,1500.0,0.0,5.5014
1038.5,2026-05-06T17:31:10.076448+00:00,89.5403,0.0132,96.7772,-0.0148,0.75,0.0,1500.0,0.0,5.4495
1039.0,2026-05-06T17:31:10.576195+00:00,89.5888,0.0102,96.9445,0.1429,0.75,0.0,1500.0,0.0,5.4241
1039.5,2026-05-06T17:31:11.077585+00:00,89.6261,0.0078,97.073,0.187,0.75,0.0,1500.0,0.0,5.4118
1040.0,2026-05-06T17:31:11.582476+00:00,89.6548,0.006,97.1718,0.2208,0.75,0.0,1500.0,0.0,5.4057
1040.5,2026-05-06T17:31:12.076206+00:00,89.6768,0.0682,97.1321,0.1697,0.75,0.0,1500.0,0.0,5.4028
1041.0,2026-05-06T17:31:12.576413+00:00,89.5665,-0.0112,97.2172,0.169,0.75,0.0,1500.0,0.0,5.4014
1041.5,2026-05-06T17:31:13.077080+00:00,89.4817,-0.0722,97.1669,0.1299,0.75,0.0,1500.0,0.0,5.4007
1042.0,2026-05-06T17:31:13.576170+00:00,89.5438,-0.0555,97.244,0.0999,0.75,0.0,1500.0,0.0,5.4003
1042.5,2026-05-06T17:31:14.090026+00:00,89.5915,-0.0427,96.9561,-0.039,0.75,0.0,1500.0,0.0,5.349
1043.00013,2026-05-06T17:31:14.576676+00:00,89.5009,-0.0328,97.082,-0.0299,0.75,0.0,1500.0,0.0,5.3751
1043.500859,2026-05-06T17:31:15.077291+00:00,89.4313,-0.0252,96.9473,-0.0616,0.75,0.0,1500.0,0.0,5.3878
1044.0,2026-05-06T17:31:15.576331+00:00,89.505,-0.0194,97.0752,-0.0473,0.75,0.0,1500.0,0.0,5.3941
1044.5,2026-05-06T17:31:16.078534+00:00,89.4344,-0.0785,97.1735,0.0022,0.75,0.0,1500.0,0.0,5.3971
1045.0,2026-05-06T17:31:16.583614+00:00,89.5075,0.0033,97.0177,-0.0755,0.75,0.0,1500.0,0.0,5.3986
1045.5,2026-05-06T17:31:17.076419+00:00,89.4363,0.0025,96.7822,-0.058,0.75,0.0,1500.0,0.0,5.3993
1046.0,2026-05-06T17:31:17.577169+00:00,89.3816,-0.0617,97.064,-0.006,0.75,0.0,1500.0,0.0,5.3997
1046.5,2026-05-06T17:31:18.076670+00:00,89.4669,0.0162,96.9335,-0.0046,0.75,0.0,1500.0,0.0,5.3998
1047.0,2026-05-06T17:31:18.576397+00:00,89.6597,0.0761,96.8563,-0.073,0.75,0.0,1500.0,0.0,5.3999
1047.5,2026-05-06T17:31:19.083956+00:00,89.6806,0.1221,97.0053,-0.0561,0.75,0.0,1500.0,0.0,5.3488
1048.0,2026-05-06T17:31:19.576419+00:00,89.5694,0.0939,96.8883,-0.0431,0.75,0.0,1500.0,0.0,5.375
1048.5,2026-05-06T17:31:20.076301+00:00,89.4839,0.0085,96.9142,0.044,0.75,0.0,1500.0,0.0,5.3878
1049.0,2026-05-06T17:31:20.577765+00:00,89.5455,-0.0571,96.5869,-0.159,0.75,0.0,1500.0,0.0,5.394
1049.5,2026-05-06T17:31:21.077119+00:00,89.5928,-0.0439,96.4511,-0.1608,0.75,0.0,1500.0,0.0,5.3971
1050.0,2026-05-06T17:31:21.586323+00:00,89.7564,0.0935,96.6938,-0.0542,0.75,0.0,1500.0,0.0,5.3986
1050.500329,2026-05-06T17:31:22.076837+00:00,89.755,0.1355,96.5564,-0.1496,0.75,0.0,1500.0,0.0,5.3993
1051.0,2026-05-06T17:31:22.576509+00:00,89.6265,0.0405,96.6591,-0.0764,0.75,0.0,1500.0,0.0,5.3997
1051.5,2026-05-06T17:31:23.076422+00:00,89.5278,-0.0325,96.8537,-0.0202,0.75,0.0,1500.0,0.0,5.3998
1052.0,2026-05-06T17:31:23.576439+00:00,89.5792,-0.0886,96.8875,0.1002,0.75,0.0,1500.0,0.0,5.3999
1052.5,2026-05-06T17:31:24.086327+00:00,89.4915,-0.1317,97.0292,0.1927,0.75,0.0,1500.0,0.0,5.4
1053.0,2026-05-06T17:31:24.576388+00:00,89.6786,0.026,97.0225,0.1095,0.75,0.0,1500.0,0.0,5.4
1053.5,2026-05-06T17:31:25.078187+00:00,89.5678,0.02,96.9247,0.1228,0.75,0.0,1500.0,0.0,5.4
1054.0,2026-05-06T17:31:25.576546+00:00,89.4827,-0.0483,96.9421,0.0944,0.75,0.0,1500.0,0.0,5.4512
1054.5,2026-05-06T17:31:26.078492+00:00,89.5446,0.0265,96.8398,-0.0046,0.75,0.0,1500.0,0.0,5.4762
1055.0,2026-05-06T17:31:26.583796+00:00,89.4648,-0.1069,96.9926,0.035,0.75,0.0,1500.0,0.0,5.4884
1055.5,2026-05-06T17:31:27.077807+00:00,89.5308,-0.0185,96.9943,-0.0116,0.75,0.0,1500.0,0.0,5.4943
1056.0,2026-05-06T17:31:27.576641+00:00,89.7088,0.113,96.9956,-0.009,0.75,0.0,1500.0,0.0,5.4972
1056.5,2026-05-06T17:31:28.076393+00:00,89.7183,0.0869,97.1123,0.0625,0.75,0.0,1500.0,0.0,5.4986
1057.0,2026-05-06T17:31:28.576456+00:00,89.8529,0.1941,96.8549,-0.0291,0.75,0.0,1500.0,0.0,5.4993
1057.500492,2026-05-06T17:31:29.083213+00:00,89.9564,0.2128,96.8885,0.0162,0.75,0.0,1500.0,0.0,5.4485
1058.000368,2026-05-06T17:31:29.576959+00:00,89.9086,0.0999,97.1457,0.051,0.75,0.0,1500.0,0.0,5.4749
1058.5,2026-05-06T17:31:30.076403+00:00,89.6174,-0.0505,97.2277,0.0778,0.75,0.0,1500.0,0.0,5.4365
1059.0,2026-05-06T17:31:30.576466+00:00,89.6481,-0.1024,97.4064,0.1369,0.75,0.0,1500.0,0.0,5.4178
1059.5,2026-05-06T17:31:31.076701+00:00,89.5444,-0.206,97.4281,0.1052,0.75,0.0,1500.0,0.0,5.4087
1060.0,2026-05-06T17:31:31.583651+00:00,89.7192,-0.0947,97.0976,0.0809,0.75,0.0,1500.0,0.0,5.4042
1060.5,2026-05-06T17:31:32.076879+00:00,89.7264,0.0545,97.3064,0.1393,0.75,0.0,1500.0,0.0,5.4021
1061.0,2026-05-06T17:31:32.580624+00:00,89.7318,0.0419,97.2355,0.0299,0.75,0.0,1500.0,0.0,5.401
1061.500306,2026-05-06T17:31:33.076704+00:00,89.736,0.0958,97.181,-0.0156,0.75,0.0,1500.0,0.0,5.4005
1062.0,2026-05-06T17:31:33.576467+00:00,89.612,-0.0536,97.0003,-0.1354,0.75,0.0,1500.0,0.0,5.4002
1062.5,2026-05-06T17:31:34.083864+00:00,89.6439,-0.0412,97.1159,-0.104,0.75,0.0,1500.0,0.0,5.4001
1063.0,2026-05-06T17:31:34.576394+00:00,89.5412,-0.0953,96.9734,-0.0414,0.75,0.0,1500.0,0.0,5.4001
1063.5,2026-05-06T17:31:35.076452+00:00,89.5895,-0.0733,97.0953,-0.0704,0.75,0.0,1500.0,0.0,5.4
1064.0,2026-05-06T17:31:35.577367+00:00,89.6267,0.0073,97.1889,-0.0155,0.75,0.0,1500.0,0.0,5.4
1064.5,2026-05-06T17:31:36.077749+00:00,89.4007,-0.1216,97.2609,0.0266,0.75,0.0,1500.0,0.0,5.4
1065.0,2026-05-06T17:31:36.584541+00:00,89.3542,-0.0935,97.2005,0.0667,0.75,0.0,1500.0,0.0,5.4
1065.5,2026-05-06T17:31:37.076514+00:00,89.4458,-0.0719,97.1541,0.0127,0.75,0.0,1500.0,0.0,5.4
1066.000844,2026-05-06T17:31:37.577248+00:00,89.6435,0.0084,97.2342,0.0869,0.75,0.0,1500.0,0.0,5.4
1066.501174,2026-05-06T17:31:38.077503+00:00,89.6681,0.1337,97.18,0.0282,0.75,0.0,1500.0,0.0,5.4
1067.0,2026-05-06T17:31:38.576398+00:00,89.5598,0.1028,97.2309,0.014,0.75,0.0,1500.0,0.0,5.4
1067.5,2026-05-06T17:31:39.082551+00:00,89.7311,0.1426,97.2932,0.0108,0.75,0.0,1500.0,0.0,5.4
1068.0,2026-05-06T17:31:39.576552+00:00,89.8627,0.1096,97.2022,0.0006,0.75,0.0,1500.0,0.0,5.4512
1068.5,2026-05-06T17:31:40.076398+00:00,89.9639,0.1479,97.1554,0.0004,0.75,0.0,1500.0,0.0,5.425
1069.0,2026-05-06T17:31:40.577412+00:00,89.9144,0.1773,97.1194,-0.0382,0.75,0.0,1500.0,0.0,5.4122
1069.500519,2026-05-06T17:31:41.076938+00:00,90.0036,0.1363,96.9761,-0.068,0.75,0.0,1500.0,0.0,5.406
1070.0,2026-05-06T17:31:41.581385+00:00,89.9449,0.0411,96.9816,-0.0831,0.75,0.0,1500.0,0.0,5.4029
1070.5,2026-05-06T17:31:42.076421+00:00,89.8998,-0.032,97.1016,-0.0639,0.75,0.0,1500.0,0.0,5.4014
1071.001521,2026-05-06T17:31:42.577922+00:00,89.7379,-0.0883,97.1938,-0.0028,0.75,0.0,1500.0,0.0,5.4007
1071.5,2026-05-06T17:31:43.076551+00:00,89.9952,-0.0042,97.2646,0.0364,0.75,0.0,1500.0,0.0,5.4003
1072.0,2026-05-06T17:31:43.576369+00:00,89.8112,-0.0669,97.3191,0.0666,0.75,0.0,1500.0,0.0,5.4002
1072.5,2026-05-06T17:31:44.082361+00:00,89.7971,-0.0514,97.361,0.1283,0.75,0.0,1500.0,0.0,5.4001
1073.000619,2026-05-06T17:31:44.576848+00:00,89.7862,0.0241,97.5088,0.1757,0.75,0.0,1500.0,0.0,5.4
1073.5,2026-05-06T17:31:45.076211+00:00,89.6505,-0.1724,97.5068,0.1351,0.75,0.0,1500.0,0.0,5.4
1074.0,2026-05-06T17:31:45.576720+00:00,89.8008,-0.0052,97.3895,0.0652,0.75,0.0,1500.0,0.0,5.4512
1074.5,2026-05-06T17:31:46.076450+00:00,89.7891,-0.004,97.2994,0.0116,0.75,0.0,1500.0,0.0,5.4762
1075.0,2026-05-06T17:31:46.584403+00:00,89.6527,-0.0667,97.2301,-0.0297,0.75,0.0,1500.0,0.0,5.4884
1075.5,2026-05-06T17:31:47.076472+00:00,89.548,-0.0513,97.4083,0.0158,0.75,0.0,1500.0,0.0,5.4943
1076.0,2026-05-06T17:31:47.576393+00:00,89.5947,-0.103,97.3138,-0.065,0.75,0.0,1500.0,0.0,5.4972
1076.5,2026-05-06T17:31:48.076737+00:00,89.7579,-0.0156,97.2412,-0.0885,0.75,0.0,1500.0,0.0,5.4986
1077.0,2026-05-06T17:31:48.576688+00:00,89.7561,0.0517,97.3011,-0.0295,0.75,0.0,1500.0,0.0,5.4993
1077.500923,2026-05-06T17:31:49.081228+00:00,89.6274,0.0397,97.2314,-0.0227,0.75,0.0,1500.0,0.0,5.4485
1078.0,2026-05-06T17:31:49.576455+00:00,89.6558,0.0305,97.2936,0.0211,0.75,0.0,1500.0,0.0,5.4749
1078.5,2026-05-06T17:31:50.077062+00:00,89.5503,-0.1038,97.3413,-0.0223,0.75,0.0,1500.0,0.0,5.4877
1079.0,2026-05-06T17:31:50.577756+00:00,89.5965,-0.0798,97.1466,-0.0557,0.75,0.0,1500.0,0.0,5.494
1079.5,2026-05-06T17:31:51.076181+00:00,89.7593,0.0659,97.1127,-0.0428,0.75,0.0,1500.0,0.0,5.4971
1080.0,2026-05-06T17:31:51.584727+00:00,89.8844,0.1143,96.8552,-0.1486,0.75,0.0,1500.0,0.0,5.4986
1080.5,2026-05-06T17:31:52.076207+00:00,89.8533,0.1515,97.0044,-0.0757,0.75,0.0,1500.0,0.0,5.4481
1081.0,2026-05-06T17:31:52.579262+00:00,89.5749,-0.0108,96.8877,-0.1353,0.75,0.0,1500.0,0.0,5.4235
1081.5,2026-05-06T17:31:53.076772+00:00,89.6154,-0.072,97.0294,-0.104,0.75,0.0,1500.0,0.0,5.4115
1082.0,2026-05-06T17:31:53.577045+00:00,89.5193,-0.1826,97.1383,-0.0028,0.75,0.0,1500.0,0.0,5.4056
1082.5,2026-05-06T17:31:54.084497+00:00,89.4454,-0.204,96.9906,-0.0407,0.75,0.0,1500.0,0.0,5.4027
1083.0,2026-05-06T17:31:54.576201+00:00,89.6431,0.0341,96.8771,0.0073,0.75,0.0,1500.0,0.0,5.4525
1083.5,2026-05-06T17:31:55.076462+00:00,89.6679,0.0262,96.9055,-0.033,0.75,0.0,1500.0,0.0,5.4768
1084.0,2026-05-06T17:31:55.576435+00:00,89.4323,-0.0435,97.1588,0.0904,0.75,0.0,1500.0,0.0,5.4887
1084.502088,2026-05-06T17:31:56.078853+00:00,89.5058,0.0302,97.2377,0.0694,0.75,0.0,1500.0,0.0,5.4945
1085.0,2026-05-06T17:31:56.582582+00:00,89.5623,-0.0404,97.1827,0.0148,0.75,0.0,1500.0,0.0,5.4973
1085.5,2026-05-06T17:31:57.077532+00:00,89.6058,-0.0311,97.0247,0.0114,0.75,0.0,1500.0,0.0,5.4475
1086.00049,2026-05-06T17:31:57.577326+00:00,89.6391,0.1034,97.1347,0.0859,0.75,0.0,1500.0,0.0,5.4232
1086.5,2026-05-06T17:31:58.076319+00:00,89.5375,0.0158,97.2192,0.1046,0.75,0.0,1500.0,0.0,5.4113
1087.0,2026-05-06T17:31:58.576204+00:00,89.714,0.0758,97.0528,-0.0353,0.75,0.0,1500.0,0.0,5.4055
1087.5,2026-05-06T17:31:59.082983+00:00,89.7223,0.0583,97.1563,-0.0271,0.75,0.0,1500.0,0.0,5.4027
1088.0,2026-05-06T17:31:59.576449+00:00,89.856,0.1084,97.0044,-0.0594,0.75,0.0,1500.0,0.0,5.4525
1088.5,2026-05-06T17:32:00.076211+00:00,89.9587,0.2106,96.772,-0.0842,0.75,0.0,1500.0,0.0,5.4256
1089.0,2026-05-06T17:32:00.577249+00:00,89.7832,0.0346,96.9405,-0.0648,0.75,0.0,1500.0,0.0,5.4125
1089.5,2026-05-06T17:32:01.076795+00:00,89.9028,0.0902,96.9542,-0.0883,0.75,0.0,1500.0,0.0,5.4061
1090.0,2026-05-06T17:32:01.585091+00:00,89.8674,0.0057,96.9648,-0.0293,0.75,0.0,1500.0,0.0,5.403
1090.5,2026-05-06T17:32:02.078959+00:00,89.713,-0.1229,97.0887,-0.0225,0.75,0.0,1500.0,0.0,5.4015
1091.0,2026-05-06T17:32:02.576275+00:00,89.8488,0.0328,96.9293,-0.025,0.75,0.0,1500.0,0.0,5.4007
1091.5,2026-05-06T17:32:03.076448+00:00,89.8259,-0.0384,97.0614,0.0965,0.75,0.0,1500.0,0.0,5.4003
1092.000592,2026-05-06T17:32:03.576909+00:00,89.9356,0.0341,96.9315,-0.003,0.75,0.0,1500.0,0.0,5.4002
1092.5,2026-05-06T17:32:04.085541+00:00,89.8927,0.0899,96.8316,-0.0409,0.75,0.0,1500.0,0.0,5.4001
1093.0,2026-05-06T17:32:04.576449+00:00,89.8597,0.0054,96.7549,-0.07,0.75,0.0,1500.0,0.0,5.4
1093.5,2026-05-06T17:32:05.076471+00:00,89.8343,0.0042,96.8116,-0.0924,0.75,0.0,1500.0,0.0,5.4
1094.0,2026-05-06T17:32:05.580456+00:00,89.8148,-0.0604,96.6238,-0.1018,0.75,0.0,1500.0,0.0,5.4512
1094.5,2026-05-06T17:32:06.076635+00:00,89.9271,0.0172,96.4795,-0.194,0.75,0.0,1500.0,0.0,5.4762
1095.0,2026-05-06T17:32:06.584641+00:00,89.8861,0.0132,96.3685,-0.1877,0.75,0.0,1500.0,0.0,5.4884
1095.5,2026-05-06T17:32:07.076753+00:00,89.8546,0.0102,96.6303,-0.0671,0.75,0.0,1500.0,0.0,5.4431
1096.0,2026-05-06T17:32:07.578100+00:00,89.7031,-0.0558,96.6002,-0.0516,0.75,0.0,1500.0,0.0,5.421
1096.5,2026-05-06T17:32:08.077511+00:00,89.714,-0.1065,96.6927,-0.0396,0.75,0.0,1500.0,0.0,5.4103
1097.0,2026-05-06T17:32:08.576422+00:00,89.4678,-0.2092,96.7638,0.0467,0.75,0.0,1500.0,0.0,5.405
1097.500788,2026-05-06T17:32:09.083699+00:00,89.6603,-0.0971,96.8185,0.113,0.75,0.0,1500.0,0.0,5.4024
1098.0,2026-05-06T17:32:09.576514+00:00,89.5538,-0.0747,96.8605,0.164,0.75,0.0,1500.0,0.0,5.4524
1098.5,2026-05-06T17:32:10.076452+00:00,89.5992,-0.0574,97.0085,0.126,0.75,0.0,1500.0,0.0,5.4768
1099.0,2026-05-06T17:32:10.577227+00:00,89.6341,0.0832,97.0065,0.1354,0.75,0.0,1500.0,0.0,5.4375
1099.5,2026-05-06T17:32:11.076371+00:00,89.7882,0.0639,96.8893,0.0655,0.75,0.0,1500.0,0.0,5.4183
1100.000748,2026-05-06T17:32:11.582562+00:00,89.9066,0.1764,97.0306,0.0889,0.75,0.0,1500.0,0.0,5.4089
1100.500346,2026-05-06T17:32:12.076731+00:00,89.7431,0.0719,97.0235,0.0684,0.75,0.0,1500.0,0.0,5.4044
1101.0,2026-05-06T17:32:12.577595+00:00,89.6174,-0.0083,97.2495,0.1297,0.75,0.0,1500.0,0.0,5.4021
1101.5,2026-05-06T17:32:13.076398+00:00,89.6481,-0.07,96.9835,-0.0083,0.75,0.0,1500.0,0.0,5.401
1102.0,2026-05-06T17:32:13.576402+00:00,89.6717,-0.1175,97.103,0.0322,0.75,0.0,1500.0,0.0,5.4005
1102.5,2026-05-06T17:32:14.082753+00:00,89.8171,0.037,96.9635,0.0247,0.75,0.0,1500.0,0.0,5.349
1103.0,2026-05-06T17:32:14.576620+00:00,89.6743,0.0284,96.9719,-0.0196,0.75,0.0,1500.0,0.0,5.3751
1103.5,2026-05-06T17:32:15.076414+00:00,89.5645,-0.0418,96.747,-0.0922,0.75,0.0,1500.0,0.0,5.3879
1104.0,2026-05-06T17:32:15.576447+00:00,89.6075,-0.0321,96.8056,-0.148,0.75,0.0,1500.0,0.0,5.3941
1104.5,2026-05-06T17:32:16.076256+00:00,89.6404,-0.0883,96.8506,-0.0443,0.75,0.0,1500.0,0.0,5.3971
1105.001036,2026-05-06T17:32:16.586432+00:00,89.6658,-0.0042,96.8851,-0.0726,0.75,0.0,1500.0,0.0,5.3986
1105.5,2026-05-06T17:32:17.080309+00:00,89.6853,0.0604,97.0274,0.0213,0.75,0.0,1500.0,0.0,5.3993
1106.0,2026-05-06T17:32:17.579076+00:00,89.7003,0.0464,97.0211,0.0164,0.75,0.0,1500.0,0.0,5.3997
1106.5,2026-05-06T17:32:18.076413+00:00,89.7118,0.0357,96.6691,-0.026,0.75,0.0,1500.0,0.0,5.451
1107.000833,2026-05-06T17:32:18.577366+00:00,89.7206,0.0274,96.7457,-0.02,0.75,0.0,1500.0,0.0,5.4761
1107.5,2026-05-06T17:32:19.084386+00:00,89.8547,0.0847,96.5731,-0.0925,0.75,0.0,1500.0,0.0,5.4371
1108.0,2026-05-06T17:32:19.576478+00:00,89.9577,0.1287,96.6488,-0.0788,0.75,0.0,1500.0,0.0,5.4693
1108.5,2026-05-06T17:32:20.076490+00:00,89.9097,0.0989,96.3829,-0.2148,0.75,0.0,1500.0,0.0,5.485
1109.0,2026-05-06T17:32:20.576668+00:00,89.8727,0.0761,96.2943,-0.2422,0.75,0.0,1500.0,0.0,5.4927
1109.5,2026-05-06T17:32:21.079153+00:00,89.9716,0.0585,96.2262,-0.1476,0.75,0.0,1500.0,0.0,5.4452
1110.0,2026-05-06T17:32:21.583162+00:00,89.9203,-0.0187,96.2896,-0.152,0.75,0.0,1500.0,0.0,5.4221
1110.5,2026-05-06T17:32:22.076182+00:00,90.0082,0.0493,96.3151,-0.086,0.75,0.0,1500.0,0.0,5.4108
1111.0,2026-05-06T17:32:22.576441+00:00,89.9484,0.0379,96.2422,-0.1355,0.75,0.0,1500.0,0.0,5.4053
1111.5,2026-05-06T17:32:23.076413+00:00,89.7752,-0.0982,96.1862,-0.0656,0.75,0.0,1500.0,0.0,5.4026
1112.0,2026-05-06T17:32:23.576260+00:00,89.6421,-0.1391,96.3745,0.0267,0.75,0.0,1500.0,0.0,5.4013
1112.5,2026-05-06T17:32:24.083658+00:00,89.7944,-0.1069,96.6349,0.1362,0.75,0.0,1500.0,0.0,5.4006
1113.0,2026-05-06T17:32:24.576419+00:00,89.9114,-0.0185,96.8351,0.1818,0.75,0.0,1500.0,0.0,5.4003
1113.5,2026-05-06T17:32:25.077951+00:00,89.7468,-0.0142,97.1047,0.2632,0.75,0.0,1500.0,0.0,5.4001
1114.0,2026-05-06T17:32:25.576386+00:00,89.7475,0.0527,97.1961,0.318,0.75,0.0,1500.0,0.0,5.4001
1114.5,2026-05-06T17:32:26.076856+00:00,89.8754,0.0405,97.2665,0.3601,0.75,0.0,1500.0,0.0,5.4
1115.0,2026-05-06T17:32:26.582113+00:00,89.9736,0.0311,96.9734,0.1996,0.75,0.0,1500.0,0.0,5.4
1115.50035,2026-05-06T17:32:27.076719+00:00,89.9219,0.0876,96.9796,0.1149,0.75,0.0,1500.0,0.0,5.4512
1116.0,2026-05-06T17:32:27.577117+00:00,90.0094,0.1309,97.1,0.0883,0.75,0.0,1500.0,0.0,5.4762
1116.5,2026-05-06T17:32:28.076736+00:00,89.8221,-0.0266,96.9611,-0.0478,0.75,0.0,1500.0,0.0,5.4372
1117.0,2026-05-06T17:32:28.576535+00:00,89.8054,-0.0841,97.2015,0.0018,0.75,0.0,1500.0,0.0,5.4181
1117.500585,2026-05-06T17:32:29.086015+00:00,89.7926,-0.0646,97.178,-0.0295,0.75,0.0,1500.0,0.0,5.4601
1118.0,2026-05-06T17:32:29.576479+00:00,89.5282,-0.2406,97.1368,0.0545,0.75,0.0,1500.0,0.0,5.4805
1118.5,2026-05-06T17:32:30.076470+00:00,89.5795,-0.1213,96.9895,0.0033,0.75,0.0,1500.0,0.0,5.4905
1119.0,2026-05-06T17:32:30.576467+00:00,89.619,-0.0932,96.9919,-0.036,0.75,0.0,1500.0,0.0,5.4954
1119.5,2026-05-06T17:32:31.076414+00:00,89.522,-0.1353,96.9938,0.0109,0.75,0.0,1500.0,0.0,5.4977
1120.0,2026-05-06T17:32:31.582212+00:00,89.5748,0.0233,96.8795,-0.1073,0.75,0.0,1500.0,0.0,5.4989
1120.501003,2026-05-06T17:32:32.077352+00:00,89.4881,-0.0457,96.7917,-0.1288,0.75,0.0,1500.0,0.0,5.4995
1121.0,2026-05-06T17:32:32.576461+00:00,89.6759,0.0285,96.9556,-0.0604,0.75,0.0,1500.0,0.0,5.4997
1121.5,2026-05-06T17:32:33.076619+00:00,89.5658,0.0219,97.0816,0.0307,0.75,0.0,1500.0,0.0,5.4999
1122.0,2026-05-06T17:32:33.576940+00:00,89.4812,-0.0468,97.0627,0.0236,0.75,0.0,1500.0,0.0,5.4999
1122.5,2026-05-06T17:32:34.083617+00:00,89.5434,0.0277,97.2796,0.0953,0.75,0.0,1500.0,0.0,5.4488
1123.000619,2026-05-06T17:32:34.577024+00:00,89.7185,0.0213,97.2149,0.1118,0.75,0.0,1500.0,0.0,5.475
1123.5,2026-05-06T17:32:35.078328+00:00,89.5985,0.0163,97.2809,0.1631,0.75,0.0,1500.0,0.0,5.4878
1124.0,2026-05-06T17:32:35.576744+00:00,89.6335,0.0762,97.2159,0.0868,0.75,0.0,1500.0,0.0,5.494
1124.5,2026-05-06T17:32:36.078380+00:00,89.7878,0.1222,97.2816,0.0667,0.75,0.0,1500.0,0.0,5.4971
1125.0,2026-05-06T17:32:36.584875+00:00,89.779,0.0303,97.3322,0.0898,0.75,0.0,1500.0,0.0,5.4986
1125.5,2026-05-06T17:32:37.077195+00:00,89.7723,0.0869,97.2553,-0.0081,0.75,0.0,1500.0,0.0,5.4481
1126.0,2026-05-06T17:32:37.576467+00:00,89.7671,0.0668,97.2888,0.0246,0.75,0.0,1500.0,0.0,5.4235
1126.5,2026-05-06T17:32:38.076552+00:00,89.8904,0.0513,97.1063,-0.0582,0.75,0.0,1500.0,0.0,5.4115
1127.000447,2026-05-06T17:32:38.577091+00:00,89.9852,0.1031,97.0817,-0.0447,0.75,0.0,1500.0,0.0,5.4056
1127.5,2026-05-06T17:32:39.083213+00:00,89.8035,0.0156,97.0628,-0.073,0.75,0.0,1500.0,0.0,5.4027
1128.000755,2026-05-06T17:32:39.577272+00:00,89.6639,-0.0516,97.0482,-0.0946,0.75,0.0,1500.0,0.0,5.4525
1128.500182,2026-05-06T17:32:40.076620+00:00,89.8111,-0.0397,96.8982,-0.119,0.75,0.0,1500.0,0.0,5.4768
1129.0,2026-05-06T17:32:40.576439+00:00,89.7969,-0.0941,96.9218,-0.1223,0.75,0.0,1500.0,0.0,5.4375
1129.5,2026-05-06T17:32:41.076572+00:00,89.6588,-0.0724,97.0556,-0.0169,0.75,0.0,1500.0,0.0,5.4183
1130.0,2026-05-06T17:32:41.583292+00:00,89.8072,0.0717,96.927,-0.0515,0.75,0.0,1500.0,0.0,5.4089
1130.5,2026-05-06T17:32:42.078372+00:00,89.7939,-0.0086,96.7125,-0.1168,0.75,0.0,1500.0,0.0,5.4044
1131.001628,2026-05-06T17:32:42.578013+00:00,89.7838,-0.0066,97.0104,-0.0126,0.75,0.0,1500.0,0.0,5.4021
1131.500749,2026-05-06T17:32:43.077283+00:00,89.776,0.0586,97.2394,0.1137,0.75,0.0,1500.0,0.0,5.401
1132.000597,2026-05-06T17:32:43.576940+00:00,89.77,-0.0186,97.184,0.0874,0.75,0.0,1500.0,0.0,5.4005
1132.5,2026-05-06T17:32:44.086361+00:00,89.6381,-0.0779,97.2571,0.0672,0.75,0.0,1500.0,0.0,5.4002
1133.0,2026-05-06T17:32:44.577125+00:00,89.664,-0.0599,97.429,0.1673,0.75,0.0,1500.0,0.0,5.4001
1133.5,2026-05-06T17:32:45.078644+00:00,89.8111,0.0176,97.3298,0.2057,0.75,0.0,1500.0,0.0,5.4001
1134.0,2026-05-06T17:32:45.576190+00:00,89.9243,0.0772,97.3692,0.1196,0.75,0.0,1500.0,0.0,5.4
1134.5,2026-05-06T17:32:46.079251+00:00,89.8839,0.1229,97.168,-0.0238,0.75,0.0,1500.0,0.0,5.4
1135.0,2026-05-06T17:32:46.582638+00:00,89.8529,0.0945,97.2448,0.0203,0.75,0.0,1500.0,0.0,5.4
1135.500352,2026-05-06T17:32:47.077081+00:00,89.9564,0.0726,97.4196,0.0542,0.75,0.0,1500.0,0.0,5.4
1136.0,2026-05-06T17:32:47.576365+00:00,90.0359,0.0558,97.4151,-0.0047,0.75,0.0,1500.0,0.0,5.4
1136.5,2026-05-06T17:32:48.076426+00:00,89.9697,0.0429,97.4347,0.035,0.75,0.0,1500.0,0.0,5.4
1137.0,2026-05-06T17:32:48.576430+00:00,90.0462,0.0966,97.4498,0.0269,0.75,0.0,1500.0,0.0,5.4
1137.5,2026-05-06T17:32:49.081393+00:00,89.8504,-0.053,97.3457,0.0592,0.75,0.0,1500.0,0.0,5.4
1138.0,2026-05-06T17:32:49.578909+00:00,89.8271,-0.1044,97.4971,0.0841,0.75,0.0,1500.0,0.0,5.4512
1138.5,2026-05-06T17:32:50.077795+00:00,89.9366,-0.0166,97.3821,-0.0125,0.75,0.0,1500.0,0.0,5.4762
1139.0,2026-05-06T17:32:50.576183+00:00,89.7661,-0.14,97.2937,-0.0405,0.75,0.0,1500.0,0.0,5.4884
1139.5,2026-05-06T17:32:51.077766+00:00,89.7624,-0.044,97.3414,-0.0311,0.75,0.0,1500.0,0.0,5.4431
1140.001665,2026-05-06T17:32:51.583949+00:00,89.7595,-0.0338,97.1467,-0.101,0.75,0.0,1500.0,0.0,5.421
1140.5,2026-05-06T17:32:52.076257+00:00,89.63,-0.1533,96.8582,-0.1625,0.75,0.0,1500.0,0.0,5.4103
1141.0,2026-05-06T17:32:52.578004+00:00,89.5305,-0.1178,96.6596,-0.2792,0.75,0.0,1500.0,0.0,5.405
1141.5,2026-05-06T17:32:53.076401+00:00,89.3268,-0.2178,96.7384,-0.2146,0.75,0.0,1500.0,0.0,5.4024
1142.0,2026-05-06T17:32:53.576686+00:00,89.4247,-0.1674,96.6832,-0.2035,0.75,0.0,1500.0,0.0,5.4012
1142.5,2026-05-06T17:32:54.089730+00:00,89.5,-0.065,96.6408,-0.2335,0.75,0.0,1500.0,0.0,5.4006
1143.000516,2026-05-06T17:32:54.576935+00:00,89.6851,0.0773,96.6082,-0.1795,0.75,0.0,1500.0,0.0,5.4003
1143.5,2026-05-06T17:32:55.076487+00:00,89.8274,0.2503,96.6989,-0.0531,0.75,0.0,1500.0,0.0,5.4513
1144.000258,2026-05-06T17:32:55.576887+00:00,89.6822,0.1288,96.8843,0.0749,0.75,0.0,1500.0,0.0,5.4763
1144.5,2026-05-06T17:32:56.076259+00:00,89.8252,0.1626,96.564,-0.0581,0.75,0.0,1500.0,0.0,5.4884
1145.0,2026-05-06T17:32:56.583080+00:00,89.8078,0.0613,96.6649,-0.0061,0.75,0.0,1500.0,0.0,5.4943
1145.5,2026-05-06T17:32:57.076287+00:00,89.9217,0.0471,96.8581,0.0724,0.75,0.0,1500.0,0.0,5.446
1146.0,2026-05-06T17:32:57.576368+00:00,89.882,0.0999,96.6364,0.0094,0.75,0.0,1500.0,0.0,5.4225
1146.500353,2026-05-06T17:32:58.076782+00:00,89.8514,0.0131,96.4891,-0.0699,0.75,0.0,1500.0,0.0,5.411
1147.0,2026-05-06T17:32:58.576492+00:00,89.7007,-0.0535,96.7231,-0.0537,0.75,0.0,1500.0,0.0,5.4054
1147.500329,2026-05-06T17:32:59.084108+00:00,89.7121,-0.1048,96.7871,0.0744,0.75,0.0,1500.0,0.0,5.4026
1148.0,2026-05-06T17:32:59.576435+00:00,89.8481,-0.0169,96.9521,0.0957,0.75,0.0,1500.0,0.0,5.4525
1148.5,2026-05-06T17:33:00.076402+00:00,89.9527,0.0506,96.8475,-0.0035,0.75,0.0,1500.0,0.0,5.4768
1149.0,2026-05-06T17:33:00.576246+00:00,89.9058,0.1026,96.8828,0.0821,0.75,0.0,1500.0,0.0,5.4887
1149.5,2026-05-06T17:33:01.080564+00:00,89.997,0.1425,96.6785,0.0631,0.75,0.0,1500.0,0.0,5.4945
1150.0,2026-05-06T17:33:01.582547+00:00,89.8126,-0.0178,96.4058,-0.1058,0.75,0.0,1500.0,0.0,5.4973
1150.5,2026-05-06T17:33:02.077219+00:00,89.9254,-0.0137,96.5433,-0.0813,0.75,0.0,1500.0,0.0,5.4987
1151.0,2026-05-06T17:33:02.576395+00:00,89.8848,-0.0105,96.6258,-0.1088,0.75,0.0,1500.0,0.0,5.4994
1151.5,2026-05-06T17:33:03.080202+00:00,89.7263,-0.1353,96.5967,-0.0836,0.75,0.0,1500.0,0.0,5.4997
1152.0,2026-05-06T17:33:03.577097+00:00,89.6045,-0.104,96.5743,-0.1028,0.75,0.0,1500.0,0.0,5.4486
1152.5,2026-05-06T17:33:04.090305+00:00,89.6382,-0.1436,96.5571,-0.0405,0.75,0.0,1500.0,0.0,5.4237
1153.0,2026-05-06T17:33:04.576349+00:00,89.6641,-0.1104,96.6596,0.0846,0.75,0.0,1500.0,0.0,5.4628
1153.5,2026-05-06T17:33:05.076692+00:00,89.8112,0.0424,96.7384,0.065,0.75,0.0,1500.0,0.0,5.4306
1154.000312,2026-05-06T17:33:05.576711+00:00,89.6698,0.0326,96.7989,0.0577,0.75,0.0,1500.0,0.0,5.415
1154.504015,2026-05-06T17:33:06.080492+00:00,89.6883,0.0251,96.7297,0.0443,0.75,0.0,1500.0,0.0,5.4073
1155.0,2026-05-06T17:33:06.584024+00:00,89.8299,0.0829,96.7923,0.0726,0.75,0.0,1500.0,0.0,5.4036
1155.5,2026-05-06T17:33:07.076209+00:00,89.9387,0.0637,96.7247,0.0558,0.75,0.0,1500.0,0.0,5.4017
1156.0,2026-05-06T17:33:07.576416+00:00,89.895,0.1126,96.3024,-0.1191,0.75,0.0,1500.0,0.0,5.4008
1156.5,2026-05-06T17:33:08.076486+00:00,89.7342,0.0229,96.2324,-0.1686,0.75,0.0,1500.0,0.0,5.4004
1157.0,2026-05-06T17:33:08.577784+00:00,89.356,-0.2369,96.2944,-0.1682,0.75,0.0,1500.0,0.0,5.4002
1157.5,2026-05-06T17:33:09.084752+00:00,89.4472,-0.2457,96.1105,-0.2064,0.75,0.0,1500.0,0.0,5.4001
1158.000993,2026-05-06T17:33:09.577828+00:00,89.6445,-0.1252,96.2238,-0.1895,0.75,0.0,1500.0,0.0,5.4
1158.5,2026-05-06T17:33:10.076309+00:00,89.6689,-0.0326,96.4034,-0.1071,0.75,0.0,1500.0,0.0,5.4
1159.0,2026-05-06T17:33:10.576515+00:00,89.6877,0.1658,96.4258,0.0411,0.75,0.0,1500.0,0.0,5.4
1159.5,2026-05-06T17:33:11.077664+00:00,89.7021,0.1275,96.4429,0.0702,0.75,0.0,1500.0,0.0,5.4
1160.001384,2026-05-06T17:33:11.584763+00:00,89.5859,-0.0293,96.4561,0.0539,0.75,0.0,1500.0,0.0,5.4
1160.5,2026-05-06T17:33:12.076357+00:00,89.4966,-0.0862,96.582,0.1572,0.75,0.0,1500.0,0.0,5.4512
1161.0,2026-05-06T17:33:12.576685+00:00,89.5553,-0.0662,96.5399,0.1054,0.75,0.0,1500.0,0.0,5.4762
1161.5,2026-05-06T17:33:13.076206+00:00,89.6003,-0.0509,96.0679,-0.1119,0.75,0.0,1500.0,0.0,5.4884
1162.0,2026-05-06T17:33:13.576394+00:00,89.635,0.0245,96.2836,-0.0474,0.75,0.0,1500.0,0.0,5.4943
1162.5,2026-05-06T17:33:14.083364+00:00,89.5343,0.0188,96.3336,-0.0364,0.75,0.0,1500.0,0.0,5.446
1163.0,2026-05-06T17:33:14.577026+00:00,89.7115,0.0781,96.1407,-0.1051,0.75,0.0,1500.0,0.0,5.4737
1163.5,2026-05-06T17:33:15.076466+00:00,89.8477,0.1237,95.8768,-0.2351,0.75,0.0,1500.0,0.0,5.4871
1164.0006,2026-05-06T17:33:15.576928+00:00,89.9523,0.1587,95.7896,-0.2501,0.75,0.0,1500.0,0.0,5.4937
1164.5,2026-05-06T17:33:16.076476+00:00,90.0328,0.2492,95.5837,-0.1614,0.75,0.0,1500.0,0.0,5.4969
1165.0,2026-05-06T17:33:16.588413+00:00,90.0946,0.1916,96.0272,-0.0855,0.75,0.0,1500.0,0.0,5.4985
1165.5,2026-05-06T17:33:17.076381+00:00,90.0149,0.0836,95.9977,-0.112,0.75,0.0,1500.0,0.0,5.4481
1166.0,2026-05-06T17:33:17.576180+00:00,90.0809,0.0643,95.7669,-0.1246,0.75,0.0,1500.0,0.0,5.4235
1166.5,2026-05-06T17:33:18.079186+00:00,90.0043,-0.0142,95.8208,-0.0187,0.75,0.0,1500.0,0.0,5.4114
1167.0,2026-05-06T17:33:18.576200+00:00,90.0727,-0.011,96.2094,0.1399,0.75,0.0,1500.0,0.0,5.4056
1167.5,2026-05-06T17:33:19.080984+00:00,89.8708,-0.0721,96.3923,0.2695,0.75,0.0,1500.0,0.0,5.4027
1168.0,2026-05-06T17:33:19.576445+00:00,89.9701,-0.0554,96.6486,0.2072,0.75,0.0,1500.0,0.0,5.4013
1168.5,2026-05-06T17:33:20.076715+00:00,90.0464,0.0211,96.8456,0.2826,0.75,0.0,1500.0,0.0,5.4006
1169.000076,2026-05-06T17:33:20.576496+00:00,89.9778,-0.0474,96.9971,0.4101,0.75,0.0,1500.0,0.0,5.4003
1169.5,2026-05-06T17:33:21.076410+00:00,89.9251,0.0272,96.7663,0.3152,0.75,0.0,1500.0,0.0,5.4002
1170.000513,2026-05-06T17:33:21.583186+00:00,89.8846,-0.0428,96.8204,0.2037,0.75,0.0,1500.0,0.0,5.4001
1170.5,2026-05-06T17:33:22.076637+00:00,89.8535,-0.0965,96.7463,0.118,0.75,0.0,1500.0,0.0,5.4512
1171.0,2026-05-06T17:33:22.576868+00:00,89.9568,-0.0105,96.805,0.0521,0.75,0.0,1500.0,0.0,5.4762
1171.5,2026-05-06T17:33:23.076375+00:00,90.0362,0.0555,96.8501,0.0015,0.75,0.0,1500.0,0.0,5.4884
1172.00251,2026-05-06T17:33:23.578915+00:00,89.97,0.0427,96.6534,-0.1146,0.75,0.0,1500.0,0.0,5.4943
1172.5,2026-05-06T17:33:24.082612+00:00,89.7918,-0.0308,96.7336,-0.0109,0.75,0.0,1500.0,0.0,5.446
1173.0,2026-05-06T17:33:24.579136+00:00,89.4003,-0.2782,96.5638,-0.0855,0.75,0.0,1500.0,0.0,5.4737
1173.5,2026-05-06T17:33:25.076391+00:00,89.4812,-0.2775,96.6648,-0.0272,0.75,0.0,1500.0,0.0,5.4871
1174.0,2026-05-06T17:33:25.576430+00:00,89.4162,-0.2769,96.6266,-0.0594,0.75,0.0,1500.0,0.0,5.4937
1174.503981,2026-05-06T17:33:26.080423+00:00,89.6207,-0.0856,96.5973,-0.0843,0.75,0.0,1500.0,0.0,5.4969
1175.0,2026-05-06T17:33:26.582519+00:00,89.6506,0.1251,96.5517,-0.0339,0.75,0.0,1500.0,0.0,5.4473
1175.5,2026-05-06T17:33:27.077159+00:00,89.6736,0.0962,96.7711,0.0125,0.75,0.0,1500.0,0.0,5.4231
1176.0,2026-05-06T17:33:27.576532+00:00,89.6913,0.1376,96.3613,-0.0675,0.75,0.0,1500.0,0.0,5.4113
1176.5,2026-05-06T17:33:28.076417+00:00,89.7049,0.0421,96.6248,-0.0133,0.75,0.0,1500.0,0.0,5.4055
1177.0,2026-05-06T17:33:28.576397+00:00,89.8426,0.096,96.943,0.1055,0.75,0.0,1500.0,0.0,5.4027
1177.5,2026-05-06T17:33:29.083760+00:00,89.8212,0.0738,96.9562,0.1196,0.75,0.0,1500.0,0.0,5.4013
1178.0,2026-05-06T17:33:29.577470+00:00,89.6774,-0.0069,96.9663,0.1382,0.75,0.0,1500.0,0.0,5.4006
1178.500605,2026-05-06T17:33:30.076939+00:00,89.6942,-0.0053,96.8584,0.0291,0.75,0.0,1500.0,0.0,5.4003
1179.0,2026-05-06T17:33:30.576380+00:00,89.5799,-0.1314,96.8912,0.1766,0.75,0.0,1500.0,0.0,5.4002
1179.5,2026-05-06T17:33:31.078781+00:00,89.6192,-0.101,96.685,0.0201,0.75,0.0,1500.0,0.0,5.4001
1180.0,2026-05-06T17:33:31.588569+00:00,89.6495,-0.014,96.8736,-0.0231,0.75,0.0,1500.0,0.0,5.4
1180.5,2026-05-06T17:33:32.076199+00:00,89.6727,-0.0107,96.5557,-0.1335,0.75,0.0,1500.0,0.0,5.4
1181.0,2026-05-06T17:33:32.576509+00:00,89.6906,0.0554,96.6354,-0.1103,0.75,0.0,1500.0,0.0,5.4
1181.50024,2026-05-06T17:33:33.076637+00:00,89.8316,0.1062,96.4884,-0.1234,0.75,0.0,1500.0,0.0,5.4
1182.0,2026-05-06T17:33:33.580511+00:00,89.94,0.1453,96.7225,-0.0562,0.75,0.0,1500.0,0.0,5.4
1182.5,2026-05-06T17:33:34.084465+00:00,89.7688,0.048,96.671,-0.0047,0.75,0.0,1500.0,0.0,5.4
1183.0,2026-05-06T17:33:34.577193+00:00,89.7644,0.0369,96.7471,-0.0422,0.75,0.0,1500.0,0.0,5.4
1183.5,2026-05-06T17:33:35.076765+00:00,89.7611,-0.0353,96.8056,0.0833,0.75,0.0,1500.0,0.0,5.4
1184.0,2026-05-06T17:33:35.576636+00:00,89.8858,-0.0271,96.6192,-0.0054,0.75,0.0,1500.0,0.0,5.4512
1184.5,2026-05-06T17:33:36.076701+00:00,89.9816,0.1064,96.5916,0.0344,0.75,0.0,1500.0,0.0,5.425
1185.0,2026-05-06T17:33:36.586611+00:00,89.928,0.0818,96.5704,-0.0507,0.75,0.0,1500.0,0.0,5.4122
1185.5,2026-05-06T17:33:37.076983+00:00,90.0141,0.1265,96.5541,-0.039,0.75,0.0,1500.0,0.0,5.4572
1186.0,2026-05-06T17:33:37.576899+00:00,89.6985,-0.0937,96.6573,-0.0299,0.75,0.0,1500.0,0.0,5.4791
1186.5,2026-05-06T17:33:38.077076+00:00,89.8377,-0.072,96.5978,-0.0693,0.75,0.0,1500.0,0.0,5.4898
1187.000766,2026-05-06T17:33:38.577130+00:00,89.8174,-0.0553,96.3437,-0.0918,0.75,0.0,1500.0,0.0,5.495
1187.5,2026-05-06T17:33:39.082026+00:00,89.8018,-0.1062,96.4956,-0.032,0.75,0.0,1500.0,0.0,5.4976
1188.000311,2026-05-06T17:33:39.576715+00:00,89.6625,-0.018,96.4966,-0.0246,0.75,0.0,1500.0,0.0,5.4988
1188.5,2026-05-06T17:33:40.076475+00:00,89.6828,-0.0774,96.4743,-0.0266,0.75,0.0,1500.0,0.0,5.4994
1189.0,2026-05-06T17:33:40.576816+00:00,89.5711,-0.1232,96.3645,-0.0976,0.75,0.0,1500.0,0.0,5.4997
1189.5,2026-05-06T17:33:41.076634+00:00,89.6125,-0.0947,96.3959,-0.0673,0.75,0.0,1500.0,0.0,5.4999
1190.0,2026-05-06T17:33:41.586226+00:00,89.7716,0.0545,96.6514,0.1025,0.75,0.0,1500.0,0.0,5.4999
1190.5,2026-05-06T17:33:42.078510+00:00,89.6393,-0.0217,96.732,0.0788,0.75,0.0,1500.0,0.0,5.5
1191.0,2026-05-06T17:33:42.576365+00:00,89.7922,0.1106,96.9097,0.1377,0.75,0.0,1500.0,0.0,5.5
1191.5,2026-05-06T17:33:43.076441+00:00,89.7824,0.085,97.0463,0.1907,0.75,0.0,1500.0,0.0,5.5
1192.001205,2026-05-06T17:33:43.577599+00:00,89.7749,0.0017,96.9199,0.1851,0.75,0.0,1500.0,0.0,5.5
1192.5,2026-05-06T17:33:44.084209+00:00,89.8964,0.1286,96.5913,0.0652,0.75,0.0,1500.0,0.0,5.5
1193.0,2026-05-06T17:33:44.576725+00:00,89.8625,0.0352,96.4545,-0.0656,0.75,0.0,1500.0,0.0,5.5
1193.5,2026-05-06T17:33:45.076741+00:00,89.8365,0.027,96.5807,-0.0504,0.75,0.0,1500.0,0.0,5.5
1194.000585,2026-05-06T17:33:45.576982+00:00,89.6892,-0.0429,96.215,-0.2316,0.75,0.0,1500.0,0.0,5.5
1194.501076,2026-05-06T17:33:46.077433+00:00,89.576,-0.1602,96.3966,-0.2166,0.75,0.0,1500.0,0.0,5.5
1195.000779,2026-05-06T17:33:46.582394+00:00,89.6163,-0.1231,96.7676,-0.0508,0.75,0.0,1500.0,0.0,5.5
1195.5,2026-05-06T17:33:47.076610+00:00,89.7745,-0.031,96.9371,0.1153,0.75,0.0,1500.0,0.0,5.4488
1196.000326,2026-05-06T17:33:47.577013+00:00,89.7688,0.0398,97.1831,0.2429,0.75,0.0,1500.0,0.0,5.4238
1196.5,2026-05-06T17:33:48.076710+00:00,89.7645,0.0942,97.2564,0.2252,0.75,0.0,1500.0,0.0,5.4116
1197.0,2026-05-06T17:33:48.576425+00:00,89.7611,0.0724,97.0814,0.2888,0.75,0.0,1500.0,0.0,5.4057
1197.5,2026-05-06T17:33:49.084613+00:00,89.6313,-0.0716,97.2939,0.2991,0.75,0.0,1500.0,0.0,5.4028
1198.0,2026-05-06T17:33:49.576587+00:00,89.4042,-0.1823,97.3416,0.1913,0.75,0.0,1500.0,0.0,5.4526
1198.5,2026-05-06T17:33:50.076266+00:00,89.4842,-0.1401,97.2626,0.1085,0.75,0.0,1500.0,0.0,5.4256
1199.0,2026-05-06T17:33:50.576564+00:00,89.673,-0.0441,97.3175,0.0448,0.75,0.0,1500.0,0.0,5.4125
1199.5,2026-05-06T17:33:51.076279+00:00,89.8181,0.0934,97.3597,0.0344,0.75,0.0,1500.0,0.0,5.4061
1200.0,2026-05-06T17:33:51.587670+00:00,89.5478,0.0718,97.5079,0.1422,0.75,0.0,1500.0,0.0,5.403
1200.500674,2026-05-06T17:33:52.076881+00:00,89.5946,0.0552,97.3904,0.0321,0.75,0.0,1500.0,0.0,5.4015
1201.0,2026-05-06T17:33:52.576512+00:00,89.6305,-0.0212,97.3926,0.017,0.75,0.0,1500.0,0.0,5.4007
1201.5,2026-05-06T17:33:53.076743+00:00,89.6582,-0.0799,97.3018,0.0131,0.75,0.0,1500.0,0.0,5.4003
1202.001544,2026-05-06T17:33:53.577831+00:00,89.5522,0.0022,97.2319,-0.0285,0.75,0.0,1500.0,0.0,5.4002
1202.500715,2026-05-06T17:33:54.081877+00:00,89.5979,0.0017,97.0626,-0.0991,0.75,0.0,1500.0,0.0,5.4001
1203.0,2026-05-06T17:33:54.576476+00:00,89.7604,0.0649,97.0481,-0.1533,0.75,0.0,1500.0,0.0,5.4
1203.5,2026-05-06T17:33:55.077716+00:00,89.758,0.0499,97.1527,-0.0792,0.75,0.0,1500.0,0.0,5.4
1204.000821,2026-05-06T17:33:55.577186+00:00,89.6289,0.0384,97.1173,-0.0918,0.75,0.0,1500.0,0.0,5.4
1204.5,2026-05-06T17:33:56.076492+00:00,89.6569,0.0295,96.9745,-0.1091,0.75,0.0,1500.0,0.0,5.4
1205.0,2026-05-06T17:33:56.583555+00:00,89.6784,-0.041,96.9804,-0.0838,0.75,0.0,1500.0,0.0,5.4
1205.5,2026-05-06T17:33:57.077151+00:00,89.695,-0.0315,96.9849,-0.0259,0.75,0.0,1500.0,0.0,5.4
1206.0,2026-05-06T17:33:57.576487+00:00,89.835,0.1031,96.9884,-0.0199,0.75,0.0,1500.0,0.0,5.4
1206.500754,2026-05-06T17:33:58.077164+00:00,89.9426,0.1428,96.7597,-0.131,0.75,0.0,1500.0,0.0,5.4
1207.0,2026-05-06T17:33:58.576197+00:00,89.7708,0.0462,96.6996,-0.1392,0.75,0.0,1500.0,0.0,5.4512
1207.501257,2026-05-06T17:33:59.082408+00:00,89.766,0.0355,96.8848,-0.0299,0.75,0.0,1500.0,0.0,5.425
1208.000411,2026-05-06T17:33:59.577046+00:00,89.7623,-0.0364,96.9115,-0.023,0.75,0.0,1500.0,0.0,5.4634
1208.5,2026-05-06T17:34:00.076346+00:00,89.6322,-0.1552,96.9088,-0.0254,0.75,0.0,1500.0,0.0,5.4821
1209.0,2026-05-06T17:34:00.576512+00:00,89.6594,-0.0557,96.9299,-0.0195,0.75,0.0,1500.0,0.0,5.4913
1209.5,2026-05-06T17:34:01.077072+00:00,89.6804,-0.0428,97.0618,0.1007,0.75,0.0,1500.0,0.0,5.4957
1210.002593,2026-05-06T17:34:01.584805+00:00,89.5692,-0.0965,97.1632,0.1545,0.75,0.0,1500.0,0.0,5.4979
1210.5,2026-05-06T17:34:02.076309+00:00,89.7383,0.0531,97.218,0.1111,0.75,0.0,1500.0,0.0,5.4478
1211.0,2026-05-06T17:34:02.576408+00:00,89.741,0.0408,97.2833,0.1239,0.75,0.0,1500.0,0.0,5.4233
1211.5,2026-05-06T17:34:03.076478+00:00,89.8704,0.095,97.3334,0.1415,0.75,0.0,1500.0,0.0,5.4114
1212.0,2026-05-06T17:34:03.576685+00:00,89.9698,0.2003,97.2563,0.1088,0.75,0.0,1500.0,0.0,5.4056
1212.5,2026-05-06T17:34:04.084490+00:00,90.0462,0.1539,96.9656,-0.0321,0.75,0.0,1500.0,0.0,5.4027
1213.0,2026-05-06T17:34:04.576435+00:00,89.9777,0.1183,97.0892,-0.0247,0.75,0.0,1500.0,0.0,5.4525
1213.5,2026-05-06T17:34:05.077128+00:00,90.0522,0.0909,97.0686,-0.0498,0.75,0.0,1500.0,0.0,5.4256
1214.0,2026-05-06T17:34:05.576811+00:00,89.9823,0.0063,97.0527,-0.0769,0.75,0.0,1500.0,0.0,5.4125
1214.5,2026-05-06T17:34:06.076514+00:00,89.9286,-0.0588,97.0405,-0.0976,0.75,0.0,1500.0,0.0,5.4061
1215.0,2026-05-06T17:34:06.585820+00:00,90.0145,0.0184,96.6609,-0.1985,0.75,0.0,1500.0,0.0,5.403
1215.5,2026-05-06T17:34:07.076436+00:00,90.0806,0.0142,96.8551,-0.0368,0.75,0.0,1500.0,0.0,5.4015
1216.0,2026-05-06T17:34:07.576442+00:00,90.0041,0.0109,96.8886,-0.0669,0.75,0.0,1500.0,0.0,5.4007
1216.5,2026-05-06T17:34:08.076549+00:00,89.818,-0.0553,96.9144,-0.0514,0.75,0.0,1500.0,0.0,5.4003
1217.0,2026-05-06T17:34:08.577686+00:00,89.675,-0.1698,97.0499,-0.0009,0.75,0.0,1500.0,0.0,5.4002
1217.5,2026-05-06T17:34:09.083595+00:00,89.9469,-0.0668,97.154,0.0378,0.75,0.0,1500.0,0.0,5.4001
1218.0,2026-05-06T17:34:09.576514+00:00,90.0286,0.0123,97.2341,0.1911,0.75,0.0,1500.0,0.0,5.4
1218.5,2026-05-06T17:34:10.076824+00:00,90.0914,0.1367,97.2956,0.1469,0.75,0.0,1500.0,0.0,5.4
1219.0,2026-05-06T17:34:10.580522+00:00,90.0124,0.1687,97.1115,0.0743,0.75,0.0,1500.0,0.0,5.4
1219.5,2026-05-06T17:34:11.078621+00:00,89.9517,0.0024,96.97,0.0185,0.75,0.0,1500.0,0.0,5.4512
1220.0,2026-05-06T17:34:11.583931+00:00,89.905,-0.0618,96.8613,-0.0629,0.75,0.0,1500.0,0.0,5.425
1220.5,2026-05-06T17:34:12.076489+00:00,89.8691,-0.1111,96.7777,-0.1255,0.75,0.0,1500.0,0.0,5.4122
1221.0,2026-05-06T17:34:12.576218+00:00,89.8416,-0.0854,96.7134,-0.1736,0.75,0.0,1500.0,0.0,5.406
1221.500556,2026-05-06T17:34:13.076958+00:00,89.8204,-0.0657,96.664,-0.2105,0.75,0.0,1500.0,0.0,5.4029
1222.001289,2026-05-06T17:34:13.577685+00:00,89.8041,-0.0505,96.6261,-0.1618,0.75,0.0,1500.0,0.0,5.4014
1222.500586,2026-05-06T17:34:14.084305+00:00,89.6643,-0.1024,96.7126,-0.0858,0.75,0.0,1500.0,0.0,5.4007
1223.0,2026-05-06T17:34:14.578757+00:00,89.8114,-0.0151,96.6403,-0.0737,0.75,0.0,1500.0,0.0,5.4003
1223.5,2026-05-06T17:34:15.076411+00:00,89.7972,-0.0116,96.6078,-0.0566,0.75,0.0,1500.0,0.0,5.4002
1224.0,2026-05-06T17:34:15.576404+00:00,89.9135,0.0547,96.6986,-0.0049,0.75,0.0,1500.0,0.0,5.4001
1224.5,2026-05-06T17:34:16.077771+00:00,89.7484,0.0421,96.7683,0.0348,0.75,0.0,1500.0,0.0,5.4
1225.0,2026-05-06T17:34:16.584693+00:00,89.7488,-0.0313,96.8219,0.0653,0.75,0.0,1500.0,0.0,5.4
1225.5,2026-05-06T17:34:17.077760+00:00,89.7491,-0.0241,96.8631,0.0502,0.75,0.0,1500.0,0.0,5.4
1226.00033,2026-05-06T17:34:17.577019+00:00,89.8766,-0.0185,96.8948,0.0848,0.75,0.0,1500.0,0.0,5.4
1226.5,2026-05-06T17:34:18.076197+00:00,89.9745,0.1131,96.8034,0.0652,0.75,0.0,1500.0,0.0,5.4
1227.0,2026-05-06T17:34:18.576369+00:00,90.0499,0.1505,96.7332,0.0116,0.75,0.0,1500.0,0.0,5.4
1227.5019,2026-05-06T17:34:19.088686+00:00,90.1077,0.1793,96.6793,-0.0297,0.75,0.0,1500.0,0.0,5.4
1228.0,2026-05-06T17:34:19.576426+00:00,89.8977,0.0106,96.7303,-0.0305,0.75,0.0,1500.0,0.0,5.4512
1228.5,2026-05-06T17:34:20.076425+00:00,89.9908,0.0081,96.677,-0.062,0.75,0.0,1500.0,0.0,5.4762
1229.0,2026-05-06T17:34:20.576398+00:00,89.8078,-0.121,96.7518,-0.0477,0.75,0.0,1500.0,0.0,5.4884
1229.5,2026-05-06T17:34:21.076490+00:00,89.7944,-0.1567,96.4621,-0.1138,0.75,0.0,1500.0,0.0,5.4943
1230.0,2026-05-06T17:34:21.583842+00:00,90.0387,0.0705,96.2395,-0.1646,0.75,0.0,1500.0,0.0,5.4972
1230.5,2026-05-06T17:34:22.076388+00:00,89.8446,-0.0731,96.5312,-0.0494,0.75,0.0,1500.0,0.0,5.4986
1231.0,2026-05-06T17:34:22.576468+00:00,89.95,0.0711,96.7554,0.0083,0.75,0.0,1500.0,0.0,5.4993
1231.502303,2026-05-06T17:34:23.078572+00:00,90.031,0.1183,96.4649,-0.0707,0.75,0.0,1500.0,0.0,5.4997
1232.0,2026-05-06T17:34:23.576518+00:00,89.966,-0.0364,96.8201,0.0228,0.75,0.0,1500.0,0.0,5.4998
1232.5,2026-05-06T17:34:24.082169+00:00,89.916,0.0357,96.8617,0.1332,0.75,0.0,1500.0,0.0,5.4999
1233.0,2026-05-06T17:34:24.576985+00:00,89.7503,-0.0998,96.8937,0.2181,0.75,0.0,1500.0,0.0,5.5
1233.5,2026-05-06T17:34:25.076338+00:00,89.8775,-0.0767,96.9183,0.1291,0.75,0.0,1500.0,0.0,5.5
1234.0,2026-05-06T17:34:25.576534+00:00,89.9753,0.0047,97.1686,0.1378,0.75,0.0,1500.0,0.0,5.5
1234.5,2026-05-06T17:34:26.076487+00:00,90.0504,0.0672,97.1296,0.2216,0.75,0.0,1500.0,0.0,5.5
1235.0,2026-05-06T17:34:26.583722+00:00,89.9809,0.1153,97.2153,0.1317,0.75,0.0,1500.0,0.0,5.5
1235.5,2026-05-06T17:34:27.076408+00:00,89.9275,0.025,97.0498,0.0627,0.75,0.0,1500.0,0.0,5.5
1236.000607,2026-05-06T17:34:27.576992+00:00,89.8864,-0.0444,96.9226,0.0096,0.75,0.0,1500.0,0.0,5.5
1236.5,2026-05-06T17:34:28.076414+00:00,89.9821,-0.0342,97.0562,0.046,0.75,0.0,1500.0,0.0,5.4488
1237.0,2026-05-06T17:34:28.576462+00:00,89.8011,-0.0899,97.0432,-0.0418,0.75,0.0,1500.0,0.0,5.4238
1237.5,2026-05-06T17:34:29.084886+00:00,89.662,-0.1327,97.1489,0.0064,0.75,0.0,1500.0,0.0,5.4116
1238.0,2026-05-06T17:34:29.577844+00:00,89.8097,-0.0384,96.9987,-0.0722,0.75,0.0,1500.0,0.0,5.4569
1238.5,2026-05-06T17:34:30.077622+00:00,89.7959,-0.0931,97.1147,0.0216,0.75,0.0,1500.0,0.0,5.479
1239.000024,2026-05-06T17:34:30.576334+00:00,89.658,-0.0716,97.2039,0.0938,0.75,0.0,1500.0,0.0,5.4897
1239.500704,2026-05-06T17:34:31.077096+00:00,89.552,-0.055,97.2724,0.0721,0.75,0.0,1500.0,0.0,5.495
1240.0,2026-05-06T17:34:31.681614+00:00,89.5978,-0.1059,97.0937,0.0168,0.75,0.0,1500.0,0.0,5.4976
1240.5,2026-05-06T17:34:32.076543+00:00,89.3785,-0.2087,96.9563,-0.0642,0.75,0.0,1500.0,0.0,5.4988
1241.0,2026-05-06T17:34:32.577173+00:00,89.4645,-0.0968,97.0821,0.0278,0.75,0.0,1500.0,0.0,5.4994
1241.5,2026-05-06T17:34:33.076204+00:00,89.5305,-0.0107,97.0631,-0.0172,0.75,0.0,1500.0,0.0,5.4997
1242.0,2026-05-06T17:34:33.576294+00:00,89.8359,0.119,97.1642,-0.0132,0.75,0.0,1500.0,0.0,5.4999
1242.500649,2026-05-06T17:34:34.083009+00:00,89.816,0.2187,97.1262,-0.0487,0.75,0.0,1500.0,0.0,5.4487
1243.000001,2026-05-06T17:34:34.577042+00:00,89.8007,0.1681,97.2127,0.0397,0.75,0.0,1500.0,0.0,5.475
1243.5,2026-05-06T17:34:35.076385+00:00,89.9163,0.1929,97.2792,0.1076,0.75,0.0,1500.0,0.0,5.4878
1244.0,2026-05-06T17:34:35.576575+00:00,90.0051,0.0846,97.3303,0.0827,0.75,0.0,1500.0,0.0,5.494
1244.5,2026-05-06T17:34:36.076209+00:00,90.2006,0.1923,97.2539,0.0636,0.75,0.0,1500.0,0.0,5.4971
1245.000142,2026-05-06T17:34:36.581951+00:00,90.2236,0.2114,97.3108,0.0489,0.75,0.0,1500.0,0.0,5.4986
1245.500161,2026-05-06T17:34:37.076407+00:00,90.114,0.0989,97.0075,-0.0396,0.75,0.0,1500.0,0.0,5.4481
1246.0,2026-05-06T17:34:37.576394+00:00,90.157,0.076,97.1215,-0.0304,0.75,0.0,1500.0,0.0,5.4235
1246.5,2026-05-06T17:34:38.076521+00:00,90.1901,-0.0052,96.7463,-0.1776,0.75,0.0,1500.0,0.0,5.4115
1247.0,2026-05-06T17:34:38.576518+00:00,90.2155,-0.004,97.0364,-0.098,0.75,0.0,1500.0,0.0,5.4056
1247.5,2026-05-06T17:34:39.083093+00:00,90.1078,-0.0031,97.028,-0.0753,0.75,0.0,1500.0,0.0,5.4027
1248.0,2026-05-06T17:34:39.577403+00:00,90.025,-0.066,97.1372,-0.0579,0.75,0.0,1500.0,0.0,5.4525
1248.5,2026-05-06T17:34:40.076699+00:00,89.9614,-0.1144,97.2211,0.0712,0.75,0.0,1500.0,0.0,5.4256
1249.0,2026-05-06T17:34:40.578002+00:00,89.9125,-0.1515,97.0543,-0.0224,0.75,0.0,1500.0,0.0,5.4125
1249.503436,2026-05-06T17:34:41.079767+00:00,89.8749,-0.1165,97.0417,0.0985,0.75,0.0,1500.0,0.0,5.4061
1250.0,2026-05-06T17:34:41.582019+00:00,89.846,-0.0895,97.1478,0.0371,0.75,0.0,1500.0,0.0,5.403
1250.5,2026-05-06T17:34:42.076547+00:00,89.8238,-0.0688,97.2293,0.0671,0.75,0.0,1500.0,0.0,5.4527
1251.0,2026-05-06T17:34:42.576768+00:00,89.8067,-0.0529,97.2919,0.0516,0.75,0.0,1500.0,0.0,5.4257
1251.5,2026-05-06T17:34:43.077073+00:00,89.7936,-0.0406,97.3401,0.0396,0.75,0.0,1500.0,0.0,5.4125
1252.0,2026-05-06T17:34:43.578048+00:00,89.6562,-0.0949,97.3771,0.1076,0.75,0.0,1500.0,0.0,5.4061
1252.5,2026-05-06T17:34:44.084735+00:00,89.4234,-0.2002,97.4055,0.1213,0.75,0.0,1500.0,0.0,5.403
1253.0,2026-05-06T17:34:44.576527+00:00,89.499,-0.1539,97.196,0.0161,0.75,0.0,1500.0,0.0,5.4527
1253.5,2026-05-06T17:34:45.076401+00:00,89.5571,-0.1183,97.2663,0.0124,0.75,0.0,1500.0,0.0,5.4257
1254.002809,2026-05-06T17:34:45.579152+00:00,89.729,0.0364,97.2047,-0.0291,0.75,0.0,1500.0,0.0,5.4125
1254.5,2026-05-06T17:34:46.076534+00:00,89.8611,0.2189,97.273,-0.0223,0.75,0.0,1500.0,0.0,5.4573
1255.000595,2026-05-06T17:34:46.583796+00:00,89.5809,0.0409,97.2099,-0.0557,0.75,0.0,1500.0,0.0,5.4792
1255.5,2026-05-06T17:34:47.076494+00:00,89.62,0.0315,97.277,-0.0428,0.75,0.0,1500.0,0.0,5.4898
1256.0,2026-05-06T17:34:47.576421+00:00,89.7773,0.0242,97.2129,0.0056,0.75,0.0,1500.0,0.0,5.495
1256.5,2026-05-06T17:34:48.076286+00:00,89.771,-0.045,97.2793,0.0043,0.75,0.0,1500.0,0.0,5.4976
1257.0,2026-05-06T17:34:48.580536+00:00,89.7662,0.0926,97.2147,0.0033,0.75,0.0,1500.0,0.0,5.4988
1257.5,2026-05-06T17:34:49.083159+00:00,89.7624,0.0712,97.2807,0.0026,0.75,0.0,1500.0,0.0,5.4994
1258.0,2026-05-06T17:34:49.576417+00:00,89.7595,-0.0089,97.2158,0.002,0.75,0.0,1500.0,0.0,5.4997
1258.5,2026-05-06T17:34:50.080609+00:00,89.6301,-0.0705,97.1658,-0.0371,0.75,0.0,1500.0,0.0,5.4999
1259.0,2026-05-06T17:34:50.576372+00:00,89.6578,-0.0542,96.8961,-0.1056,0.75,0.0,1500.0,0.0,5.4999
1259.5,2026-05-06T17:34:51.077993+00:00,89.6791,-0.0416,97.1515,-0.0426,0.75,0.0,1500.0,0.0,5.5
1260.0,2026-05-06T17:34:51.583736+00:00,89.6955,-0.032,97.2322,0.0058,0.75,0.0,1500.0,0.0,5.5
1260.5,2026-05-06T17:34:52.078878+00:00,89.7081,0.039,97.1784,-0.0341,0.75,0.0,1500.0,0.0,5.4488
1261.0,2026-05-06T17:34:52.577430+00:00,89.7178,0.03,97.2528,0.0124,0.75,0.0,1500.0,0.0,5.4238
1261.5,2026-05-06T17:34:53.076561+00:00,89.7253,0.0231,97.1943,0.0095,0.75,0.0,1500.0,0.0,5.4116
1262.0,2026-05-06T17:34:53.579028+00:00,89.8583,0.0814,97.0337,0.0459,0.75,0.0,1500.0,0.0,5.4057
1262.5,2026-05-06T17:34:54.083325+00:00,89.8332,0.0625,97.0259,-0.0419,0.75,0.0,1500.0,0.0,5.4028
1263.0,2026-05-06T17:34:54.577439+00:00,89.6867,-0.0156,97.1356,-0.0322,0.75,0.0,1500.0,0.0,5.4014
1263.5,2026-05-06T17:34:55.076714+00:00,89.7013,-0.012,97.1042,-0.0247,0.75,0.0,1500.0,0.0,5.4519
1264.0,2026-05-06T17:34:55.576623+00:00,89.7126,-0.0728,96.8487,-0.1347,0.75,0.0,1500.0,0.0,5.4253
1264.5,2026-05-06T17:34:56.077094+00:00,89.594,-0.1196,96.5366,-0.2192,0.75,0.0,1500.0,0.0,5.4123
1265.0,2026-05-06T17:34:56.584372+00:00,89.7574,0.0353,96.5281,-0.1685,0.75,0.0,1500.0,0.0,5.406
1265.5,2026-05-06T17:34:57.076203+00:00,89.7557,0.0272,96.4059,-0.2066,0.75,0.0,1500.0,0.0,5.4541
1266.0,2026-05-06T17:34:57.576398+00:00,89.7543,0.0209,96.6591,-0.1588,0.75,0.0,1500.0,0.0,5.4776
1266.500522,2026-05-06T17:34:58.076887+00:00,89.7533,0.0797,96.6223,-0.1606,0.75,0.0,1500.0,0.0,5.4891
1267.0,2026-05-06T17:34:58.576392+00:00,89.7526,-0.0024,96.7097,-0.0463,0.75,0.0,1500.0,0.0,5.4947
1267.5,2026-05-06T17:34:59.087048+00:00,89.8792,0.0618,96.7769,0.0801,0.75,0.0,1500.0,0.0,5.4974
1268.0,2026-05-06T17:34:59.576411+00:00,90.1039,0.1748,96.8285,0.1001,0.75,0.0,1500.0,0.0,5.4987
1268.5,2026-05-06T17:35:00.076448+00:00,90.022,0.1343,96.4054,-0.0002,0.75,0.0,1500.0,0.0,5.4994
1269.000161,2026-05-06T17:35:00.576670+00:00,89.9591,0.1032,96.4273,-0.0773,0.75,0.0,1500.0,0.0,5.4997
1269.5,2026-05-06T17:35:01.076488+00:00,89.9107,0.0157,96.4441,-0.0594,0.75,0.0,1500.0,0.0,5.4999
1270.001778,2026-05-06T17:35:01.583293+00:00,89.8735,-0.1152,96.3413,-0.1228,0.75,0.0,1500.0,0.0,5.4999
1270.5,2026-05-06T17:35:02.076392+00:00,89.8449,-0.0885,96.3781,-0.1329,0.75,0.0,1500.0,0.0,5.4488
1271.0,2026-05-06T17:35:02.576167+00:00,89.823,-0.068,96.2906,-0.1793,0.75,0.0,1500.0,0.0,5.4238
1271.5,2026-05-06T17:35:03.077392+00:00,89.9333,0.0113,96.5704,0.055,0.75,0.0,1500.0,0.0,5.4116
1272.0,2026-05-06T17:35:03.576359+00:00,89.8909,0.0087,96.4384,0.0037,0.75,0.0,1500.0,0.0,5.4057
1272.5,2026-05-06T17:35:04.081854+00:00,89.8583,0.0067,96.5684,0.0414,0.75,0.0,1500.0,0.0,5.4028
1273.0,2026-05-06T17:35:04.576395+00:00,89.8332,0.0051,96.6683,0.109,0.75,0.0,1500.0,0.0,5.4013
1273.5,2026-05-06T17:35:05.076361+00:00,89.9413,0.004,96.5136,0.0452,0.75,0.0,1500.0,0.0,5.4007
1274.0,2026-05-06T17:35:05.576927+00:00,89.7697,-0.0606,96.6262,0.1119,0.75,0.0,1500.0,0.0,5.4003
1274.5,2026-05-06T17:35:06.077882+00:00,89.7652,-0.0466,96.597,0.0088,0.75,0.0,1500.0,0.0,5.4002
1275.0,2026-05-06T17:35:06.583818+00:00,89.7617,-0.0358,96.6902,0.0839,0.75,0.0,1500.0,0.0,5.4001
1275.5,2026-05-06T17:35:07.078657+00:00,89.759,-0.0911,96.5305,-0.0126,0.75,0.0,1500.0,0.0,5.4
1276.0,2026-05-06T17:35:07.576540+00:00,89.7569,-0.0064,96.6392,-0.0097,0.75,0.0,1500.0,0.0,5.4
1276.5,2026-05-06T17:35:08.077081+00:00,89.7553,-0.0049,96.7227,0.0697,0.75,0.0,1500.0,0.0,5.4
1277.0,2026-05-06T17:35:08.576721+00:00,89.8813,0.0598,96.4166,-0.0699,0.75,0.0,1500.0,0.0,5.4
1277.5,2026-05-06T17:35:09.083048+00:00,89.8509,0.046,96.6673,0.0234,0.75,0.0,1500.0,0.0,5.4
1278.0,2026-05-06T17:35:09.576403+00:00,89.9549,0.099,96.6286,-0.0206,0.75,0.0,1500.0,0.0,5.4512
1278.5,2026-05-06T17:35:10.077206+00:00,90.0347,0.1397,96.7145,0.0613,0.75,0.0,1500.0,0.0,5.4762
1279.0,2026-05-06T17:35:10.576187+00:00,90.0961,0.1074,96.6649,0.0086,0.75,0.0,1500.0,0.0,5.4884
1279.5,2026-05-06T17:35:11.076474+00:00,89.7615,-0.0447,96.7424,0.0066,0.75,0.0,1500.0,0.0,5.4943
1280.0,2026-05-06T17:35:11.585278+00:00,89.7588,-0.098,96.6863,0.0899,0.75,0.0,1500.0,0.0,5.4972
1280.5,2026-05-06T17:35:12.076439+00:00,89.7568,-0.139,96.8746,0.0691,0.75,0.0,1500.0,0.0,5.4986
1281.0,2026-05-06T17:35:12.576408+00:00,89.6279,-0.2341,97.0193,0.1302,0.75,0.0,1500.0,0.0,5.4993
1281.5,2026-05-06T17:35:13.076463+00:00,89.7835,0.011,97.1306,0.1387,0.75,0.0,1500.0,0.0,5.4997
1282.0,2026-05-06T17:35:13.576736+00:00,89.7757,0.0084,97.1003,0.1452,0.75,0.0,1500.0,0.0,5.4998
1282.5,2026-05-06T17:35:14.084575+00:00,89.897,0.0701,96.9614,0.073,0.75,0.0,1500.0,0.0,5.4487
1283.0,2026-05-06T17:35:14.577863+00:00,89.863,0.1175,96.9704,0.0947,0.75,0.0,1500.0,0.0,5.475
1283.5,2026-05-06T17:35:15.076370+00:00,89.8369,0.0267,96.7458,-0.0429,0.75,0.0,1500.0,0.0,5.4878
1284.0,2026-05-06T17:35:15.580464+00:00,89.8168,0.0205,96.6889,-0.1101,0.75,0.0,1500.0,0.0,5.494
1284.5,2026-05-06T17:35:16.080612+00:00,89.8013,-0.0479,96.8766,-0.0846,0.75,0.0,1500.0,0.0,5.4971
1285.0,2026-05-06T17:35:16.588600+00:00,89.9167,0.0268,96.9052,-0.0651,0.75,0.0,1500.0,0.0,5.4986
1285.5,2026-05-06T17:35:17.076465+00:00,89.6236,-0.1066,97.0428,0.0271,0.75,0.0,1500.0,0.0,5.4993
1286.0,2026-05-06T17:35:17.576564+00:00,89.6528,-0.082,97.1486,0.0594,0.75,0.0,1500.0,0.0,5.4997
1286.5,2026-05-06T17:35:18.076415+00:00,89.6753,-0.063,97.1142,0.1228,0.75,0.0,1500.0,0.0,5.4998
1287.0,2026-05-06T17:35:18.577234+00:00,89.9471,0.0152,97.2035,0.1715,0.75,0.0,1500.0,0.0,5.4999
1287.5,2026-05-06T17:35:19.083386+00:00,90.0288,0.2026,97.2721,0.1318,0.75,0.0,1500.0,0.0,5.4488
1288.0,2026-05-06T17:35:19.576297+00:00,90.0916,0.2194,97.0934,0.0628,0.75,0.0,1500.0,0.0,5.475
1288.5,2026-05-06T17:35:20.077053+00:00,90.3943,0.3595,96.9561,-0.0289,0.75,0.0,1500.0,0.0,5.4366
1289.0,2026-05-06T17:35:20.576491+00:00,90.3725,0.2127,96.9663,-0.0608,0.75,0.0,1500.0,0.0,5.4691
1289.500498,2026-05-06T17:35:21.076892+00:00,90.1012,0.0362,96.9741,-0.0467,0.75,0.0,1500.0,0.0,5.4337
1290.0,2026-05-06T17:35:21.585619+00:00,90.0199,-0.0358,96.8644,-0.113,0.75,0.0,1500.0,0.0,5.4164
1290.5,2026-05-06T17:35:22.076289+00:00,89.9575,-0.2184,97.1272,-0.0483,0.75,0.0,1500.0,0.0,5.4592
1291.0,2026-05-06T17:35:22.582525+00:00,90.0367,-0.1679,97.0977,0.0014,0.75,0.0,1500.0,0.0,5.4801
1291.5,2026-05-06T17:35:23.076860+00:00,90.0976,-0.0018,97.3065,0.1168,0.75,0.0,1500.0,0.0,5.4391
1292.0,2026-05-06T17:35:23.576559+00:00,90.1445,0.0623,97.467,0.1669,0.75,0.0,1500.0,0.0,5.4191
1292.5,2026-05-06T17:35:24.082831+00:00,90.1805,0.1115,97.3589,0.1283,0.75,0.0,1500.0,0.0,5.4093
1293.0,2026-05-06T17:35:24.576385+00:00,90.2081,0.0857,97.2759,0.1372,0.75,0.0,1500.0,0.0,5.4557
1293.5,2026-05-06T17:35:25.076407+00:00,90.2294,0.0659,97.3277,0.0669,0.75,0.0,1500.0,0.0,5.4784
1294.0,2026-05-06T17:35:25.576405+00:00,90.1185,-0.013,97.3676,0.09,0.75,0.0,1500.0,0.0,5.4895
1294.5,2026-05-06T17:35:26.076387+00:00,90.1605,-0.01,97.2825,-0.008,0.75,0.0,1500.0,0.0,5.4949
1295.0,2026-05-06T17:35:26.582628+00:00,90.0655,-0.0713,97.3329,-0.0447,0.75,0.0,1500.0,0.0,5.4975
1295.5,2026-05-06T17:35:27.076410+00:00,89.9925,-0.1185,97.3715,0.0042,0.75,0.0,1500.0,0.0,5.4988
1296.0,2026-05-06T17:35:27.576704+00:00,89.9364,-0.091,97.4013,0.0418,0.75,0.0,1500.0,0.0,5.4994
1296.5,2026-05-06T17:35:28.076362+00:00,89.766,-0.1972,97.1927,-0.045,0.75,0.0,1500.0,0.0,5.4997
1297.0,2026-05-06T17:35:28.577028+00:00,89.8895,-0.088,97.2638,-0.0346,0.75,0.0,1500.0,0.0,5.4999
1297.5,2026-05-06T17:35:29.082950+00:00,89.9845,-0.004,97.2028,-0.0266,0.75,0.0,1500.0,0.0,5.4487
1298.0,2026-05-06T17:35:29.576398+00:00,89.803,-0.0667,97.1558,-0.059,0.75,0.0,1500.0,0.0,5.475
1298.5,2026-05-06T17:35:30.076796+00:00,89.7907,0.0124,97.1198,-0.0839,0.75,0.0,1500.0,0.0,5.4366
1299.0,2026-05-06T17:35:30.576965+00:00,89.9086,0.0095,96.9764,-0.1416,0.75,0.0,1500.0,0.0,5.4691
1299.5,2026-05-06T17:35:31.077222+00:00,89.9991,0.0073,96.8661,-0.1089,0.75,0.0,1500.0,0.0,5.4849
1300.0,2026-05-06T17:35:31.584531+00:00,89.9415,0.0693,96.7814,-0.1608,0.75,0.0,1500.0,0.0,5.4926
1300.500619,2026-05-06T17:35:32.076961+00:00,90.0245,0.1169,96.832,-0.1236,0.75,0.0,1500.0,0.0,5.4964
1301.0,2026-05-06T17:35:32.576556+00:00,89.9609,0.0262,96.8709,-0.095,0.75,0.0,1500.0,0.0,5.4982
1301.5,2026-05-06T17:35:33.076588+00:00,89.9121,-0.0435,97.0165,-0.0344,0.75,0.0,1500.0,0.0,5.4991
1302.0,2026-05-06T17:35:33.576467+00:00,89.7473,-0.0971,96.6655,-0.1036,0.75,0.0,1500.0,0.0,5.4996
1302.5,2026-05-06T17:35:34.086833+00:00,89.748,-0.1382,96.8586,-0.0025,0.75,0.0,1500.0,0.0,5.4486
1303.002415,2026-05-06T17:35:34.578821+00:00,89.7484,-0.1063,96.8913,0.0366,0.75,0.0,1500.0,0.0,5.4749
1303.5,2026-05-06T17:35:35.076514+00:00,89.8761,-0.018,97.0322,0.0667,0.75,0.0,1500.0,0.0,5.4878
1304.000604,2026-05-06T17:35:35.576951+00:00,89.5924,-0.0775,96.7933,-0.0258,0.75,0.0,1500.0,0.0,5.494
1304.5,2026-05-06T17:35:36.076459+00:00,89.6288,-0.0596,96.9569,-0.0199,0.75,0.0,1500.0,0.0,5.4971
1305.0,2026-05-06T17:35:36.581283+00:00,89.7841,0.0179,97.0825,0.139,0.75,0.0,1500.0,0.0,5.4986
1305.5,2026-05-06T17:35:37.076411+00:00,89.7762,-0.0499,96.9477,0.0297,0.75,0.0,1500.0,0.0,5.4481
1306.0,2026-05-06T17:35:37.576411+00:00,89.8974,0.1525,97.0755,0.0614,0.75,0.0,1500.0,0.0,5.4235
1306.5,2026-05-06T17:35:38.077811+00:00,89.8633,0.1172,96.9424,-0.0299,0.75,0.0,1500.0,0.0,5.4115
1307.0,2026-05-06T17:35:38.579427+00:00,89.8371,0.0265,97.0714,0.0927,0.75,0.0,1500.0,0.0,5.4056
1307.500581,2026-05-06T17:35:39.084024+00:00,89.9442,0.084,97.0549,0.0327,0.75,0.0,1500.0,0.0,5.4027
1308.0,2026-05-06T17:35:39.576197+00:00,90.0265,0.0646,97.1579,0.0251,0.75,0.0,1500.0,0.0,5.4525
1308.500384,2026-05-06T17:35:40.076890+00:00,90.0898,0.1132,97.1213,0.0579,0.75,0.0,1500.0,0.0,5.4768
1309.0,2026-05-06T17:35:40.576456+00:00,89.8839,0.0234,97.0933,0.0059,0.75,0.0,1500.0,0.0,5.4887
1309.5,2026-05-06T17:35:41.077097+00:00,89.8529,-0.0456,97.0717,0.0431,0.75,0.0,1500.0,0.0,5.4433
1310.001959,2026-05-06T17:35:41.583496+00:00,89.8291,-0.0987,97.1708,0.0331,0.75,0.0,1500.0,0.0,5.4211
1310.5,2026-05-06T17:35:42.076516+00:00,89.9381,-0.0759,97.247,0.064,0.75,0.0,1500.0,0.0,5.4103
1311.0,2026-05-06T17:35:42.576216+00:00,89.8946,0.0053,97.0741,-0.0279,0.75,0.0,1500.0,0.0,5.405
1311.5,2026-05-06T17:35:43.076516+00:00,89.9884,0.0677,97.057,-0.0215,0.75,0.0,1500.0,0.0,5.4025
1312.0,2026-05-06T17:35:43.576528+00:00,89.8059,-0.0116,97.1595,0.0221,0.75,0.0,1500.0,0.0,5.4012
1312.5,2026-05-06T17:35:44.086230+00:00,89.6657,-0.1362,97.0069,-0.0216,0.75,0.0,1500.0,0.0,5.4006
1313.000197,2026-05-06T17:35:44.576561+00:00,89.8125,-0.041,97.2367,0.022,0.75,0.0,1500.0,0.0,5.4003
1313.500483,2026-05-06T17:35:45.076890+00:00,89.9253,-0.0315,97.2976,0.0169,0.75,0.0,1500.0,0.0,5.4001
1314.0,2026-05-06T17:35:45.576369+00:00,89.7575,-0.0242,97.3445,0.0901,0.75,0.0,1500.0,0.0,5.4001
1314.500676,2026-05-06T17:35:46.077000+00:00,89.6285,-0.0186,97.4961,0.1464,0.75,0.0,1500.0,0.0,5.4
1315.0,2026-05-06T17:35:46.582604+00:00,89.6566,-0.078,97.4739,0.1048,0.75,0.0,1500.0,0.0,5.4512
1315.501618,2026-05-06T17:35:47.078280+00:00,89.8055,-0.0599,97.3642,0.1191,0.75,0.0,1500.0,0.0,5.4762
1316.000584,2026-05-06T17:35:47.576919+00:00,89.7926,0.0176,97.28,0.0144,0.75,0.0,1500.0,0.0,5.4884
1316.500594,2026-05-06T17:35:48.076921+00:00,89.6555,0.0135,97.4466,0.0497,0.75,0.0,1500.0,0.0,5.4943
1317.0,2026-05-06T17:35:48.577925+00:00,89.8046,0.074,97.4589,0.0382,0.75,0.0,1500.0,0.0,5.4972
1317.5,2026-05-06T17:35:49.083055+00:00,89.9193,0.0569,97.3527,-0.0478,0.75,0.0,1500.0,0.0,5.4474
1318.000274,2026-05-06T17:35:49.577219+00:00,90.0074,0.1074,97.3868,-0.029,0.75,0.0,1500.0,0.0,5.4744
1318.5,2026-05-06T17:35:50.076469+00:00,89.9478,0.1462,97.413,0.0163,0.75,0.0,1500.0,0.0,5.4875
1319.0,2026-05-06T17:35:50.580548+00:00,89.7748,-0.0149,97.4331,0.0511,0.75,0.0,1500.0,0.0,5.4939
1319.5,2026-05-06T17:35:51.076628+00:00,89.769,-0.0751,97.4486,0.0007,0.75,0.0,1500.0,0.0,5.497
1320.0,2026-05-06T17:35:51.583527+00:00,89.7646,-0.1214,97.5762,0.0391,0.75,0.0,1500.0,0.0,5.4985
1320.5,2026-05-06T17:35:52.076455+00:00,89.634,-0.1569,97.5586,0.0686,0.75,0.0,1500.0,0.0,5.4481
1321.0,2026-05-06T17:35:52.576360+00:00,89.5336,-0.1206,97.545,0.0527,0.75,0.0,1500.0,0.0,5.4235
1321.5,2026-05-06T17:35:53.080559+00:00,89.5836,-0.0927,97.4189,0.002,0.75,0.0,1500.0,0.0,5.4115
1322.0,2026-05-06T17:35:53.578894+00:00,89.6221,-0.0712,97.4377,0.0015,0.75,0.0,1500.0,0.0,5.4056
1322.5,2026-05-06T17:35:54.081790+00:00,89.6517,0.0089,97.4521,0.0012,0.75,0.0,1500.0,0.0,5.4027
1323.0,2026-05-06T17:35:54.579612+00:00,89.8017,0.1341,97.4632,-0.0377,0.75,0.0,1500.0,0.0,5.4013
1323.5,2026-05-06T17:35:55.076599+00:00,89.917,0.1667,97.4717,-0.029,0.75,0.0,1500.0,0.0,5.4006
1324.0,2026-05-06T17:35:55.576538+00:00,90.0057,0.1918,97.2468,-0.0994,0.75,0.0,1500.0,0.0,5.4003
1324.500597,2026-05-06T17:35:56.076818+00:00,89.9465,0.1474,97.1897,-0.0764,0.75,0.0,1500.0,0.0,5.4002
1325.0,2026-05-06T17:35:56.585740+00:00,90.0283,0.1133,97.1458,-0.0973,0.75,0.0,1500.0,0.0,5.4001
1325.5,2026-05-06T17:35:57.076855+00:00,89.9639,0.0234,97.2278,-0.0748,0.75,0.0,1500.0,0.0,5.4512
1326.0,2026-05-06T17:35:57.577218+00:00,89.7871,-0.1093,97.2908,-0.0575,0.75,0.0,1500.0,0.0,5.4762
1326.5,2026-05-06T17:35:58.076462+00:00,89.7785,-0.084,97.2235,-0.0827,0.75,0.0,1500.0,0.0,5.4884
1327.0,2026-05-06T17:35:58.577068+00:00,89.8992,-0.0645,97.0561,-0.0636,0.75,0.0,1500.0,0.0,5.4943
1327.5,2026-05-06T17:35:59.083613+00:00,89.8647,-0.0496,97.0431,-0.0489,0.75,0.0,1500.0,0.0,5.446
1328.0,2026-05-06T17:35:59.577546+00:00,89.9654,0.0891,97.0331,-0.0376,0.75,0.0,1500.0,0.0,5.4737
1328.5,2026-05-06T17:36:00.076543+00:00,89.9156,0.0685,97.1412,-0.0289,0.75,0.0,1500.0,0.0,5.4359
1329.0,2026-05-06T17:36:00.576272+00:00,90.0045,0.0527,97.1085,-0.0608,0.75,0.0,1500.0,0.0,5.4175
1329.500919,2026-05-06T17:36:01.077111+00:00,89.8184,-0.0232,96.9677,-0.0853,0.75,0.0,1500.0,0.0,5.4086
1330.0,2026-05-06T17:36:01.581136+00:00,89.9298,-0.0178,96.8363,-0.0732,0.75,0.0,1500.0,0.0,5.4042
1330.5,2026-05-06T17:36:02.076400+00:00,89.8882,-0.0137,96.8742,-0.0563,0.75,0.0,1500.0,0.0,5.402
1331.0,2026-05-06T17:36:02.578332+00:00,89.9835,-0.0105,96.9033,-0.0433,0.75,0.0,1500.0,0.0,5.401
1331.5,2026-05-06T17:36:03.076394+00:00,89.9295,0.0556,97.0414,-0.0333,0.75,0.0,1500.0,0.0,5.4005
1332.0,2026-05-06T17:36:03.576403+00:00,90.1425,0.1063,97.1475,0.013,0.75,0.0,1500.0,0.0,5.4002
1332.5,2026-05-06T17:36:04.083288+00:00,90.0517,0.0817,97.3448,0.1257,0.75,0.0,1500.0,0.0,5.4001
1333.0,2026-05-06T17:36:04.576972+00:00,89.8546,-0.0645,97.4964,0.22,0.75,0.0,1500.0,0.0,5.4001
1333.5,2026-05-06T17:36:05.076376+00:00,89.9577,0.0141,97.3815,0.1691,0.75,0.0,1500.0,0.0,5.4
1334.0,2026-05-06T17:36:05.577704+00:00,89.9096,-0.1164,97.2932,0.13,0.75,0.0,1500.0,0.0,5.4
1334.5,2026-05-06T17:36:06.077933+00:00,89.6181,-0.2168,97.3411,0.0999,0.75,0.0,1500.0,0.0,5.4
1335.0,2026-05-06T17:36:06.582030+00:00,89.7759,-0.0393,97.2622,0.0382,0.75,0.0,1500.0,0.0,5.4
1335.500088,2026-05-06T17:36:07.077044+00:00,89.7699,-0.0939,97.3172,-0.0092,0.75,0.0,1500.0,0.0,5.4512
1336.0,2026-05-06T17:36:07.576363+00:00,89.8926,-0.0085,97.1281,-0.1228,0.75,0.0,1500.0,0.0,5.4762
1336.5,2026-05-06T17:36:08.076561+00:00,89.8596,0.1207,97.0985,-0.0944,0.75,0.0,1500.0,0.0,5.4884
1337.0,2026-05-06T17:36:08.576356+00:00,89.707,-0.0345,96.8443,-0.1497,0.75,0.0,1500.0,0.0,5.4943
1337.5,2026-05-06T17:36:09.081423+00:00,89.7169,-0.0265,96.7646,-0.1922,0.75,0.0,1500.0,0.0,5.446
1338.0,2026-05-06T17:36:09.577040+00:00,89.7246,-0.084,96.5877,-0.2248,0.75,0.0,1500.0,0.0,5.4737
1338.5,2026-05-06T17:36:10.076811+00:00,89.8577,-0.0009,96.6831,-0.2114,0.75,0.0,1500.0,0.0,5.4871
1339.0,2026-05-06T17:36:10.576417+00:00,89.7055,-0.0007,96.2705,-0.2859,0.75,0.0,1500.0,0.0,5.4937
1339.5,2026-05-06T17:36:11.077769+00:00,89.5885,-0.0642,96.4393,-0.2197,0.75,0.0,1500.0,0.0,5.4969
1340.0,2026-05-06T17:36:11.585990+00:00,89.6259,-0.0493,96.569,-0.0917,0.75,0.0,1500.0,0.0,5.4985
1340.5,2026-05-06T17:36:12.076419+00:00,89.7819,-0.0379,96.4374,-0.1091,0.75,0.0,1500.0,0.0,5.4481
1341.0,2026-05-06T17:36:12.576396+00:00,89.9018,0.0981,96.4519,-0.0453,0.75,0.0,1500.0,0.0,5.4235
1341.5,2026-05-06T17:36:13.076406+00:00,89.7394,0.0754,96.3473,-0.1119,0.75,0.0,1500.0,0.0,5.4114
1342.0,2026-05-06T17:36:13.576478+00:00,89.6146,-0.0057,96.3595,0.0297,0.75,0.0,1500.0,0.0,5.4056
1342.5,2026-05-06T17:36:14.085744+00:00,89.6459,-0.068,96.6234,0.0614,0.75,0.0,1500.0,0.0,5.4027
1343.003018,2026-05-06T17:36:14.579459+00:00,89.67,-0.1159,96.4792,-0.03,0.75,0.0,1500.0,0.0,5.4013
1343.5,2026-05-06T17:36:15.076347+00:00,89.6885,-0.0254,96.5997,0.0541,0.75,0.0,1500.0,0.0,5.4006
1344.0,2026-05-06T17:36:15.576367+00:00,89.83,0.1077,96.808,0.1187,0.75,0.0,1500.0,0.0,5.4515
1344.5,2026-05-06T17:36:16.076386+00:00,89.8115,0.0828,96.6442,0.099,0.75,0.0,1500.0,0.0,5.4763
1345.0,2026-05-06T17:36:16.583446+00:00,89.7973,0.0636,96.7265,0.1223,0.75,0.0,1500.0,0.0,5.4885
1345.5,2026-05-06T17:36:17.076394+00:00,89.9136,0.1125,96.7898,0.0555,0.75,0.0,1500.0,0.0,5.4944
1346.000553,2026-05-06T17:36:17.576900+00:00,90.003,0.0865,96.7227,0.0812,0.75,0.0,1500.0,0.0,5.4973
1346.5,2026-05-06T17:36:18.076351+00:00,89.9445,0.0665,96.5555,-0.0147,0.75,0.0,1500.0,0.0,5.4987
1347.0,2026-05-06T17:36:18.576460+00:00,90.0267,0.1147,96.5427,-0.0885,0.75,0.0,1500.0,0.0,5.4993
1347.5,2026-05-06T17:36:19.083668+00:00,89.9627,0.0246,96.5328,-0.0371,0.75,0.0,1500.0,0.0,5.4997
1348.0,2026-05-06T17:36:19.576650+00:00,89.9135,-0.0448,96.6409,-0.0285,0.75,0.0,1500.0,0.0,5.4998
1348.5,2026-05-06T17:36:20.076455+00:00,89.8757,-0.0344,96.3769,-0.1376,0.75,0.0,1500.0,0.0,5.4487
1349.0,2026-05-06T17:36:20.576419+00:00,89.9738,-0.0264,96.2897,-0.1444,0.75,0.0,1500.0,0.0,5.4238
1349.5,2026-05-06T17:36:21.077691+00:00,90.0493,0.0433,96.454,-0.0338,0.75,0.0,1500.0,0.0,5.4116
1350.0,2026-05-06T17:36:21.584671+00:00,89.9801,0.0333,96.4647,-0.026,0.75,0.0,1500.0,0.0,5.4057
1350.5,2026-05-06T17:36:22.076627+00:00,90.0541,0.0892,96.3572,-0.0585,0.75,0.0,1500.0,0.0,5.4028
1351.0,2026-05-06T17:36:22.576673+00:00,90.111,0.0686,96.5059,-0.045,0.75,0.0,1500.0,0.0,5.4013
1351.500744,2026-05-06T17:36:23.077685+00:00,89.9002,-0.0746,96.7359,0.1197,0.75,0.0,1500.0,0.0,5.4007
1352.0,2026-05-06T17:36:23.576407+00:00,89.9927,0.0063,96.9127,0.2077,0.75,0.0,1500.0,0.0,5.4003
1352.5,2026-05-06T17:36:24.082326+00:00,90.1911,0.0685,96.9329,0.1596,0.75,0.0,1500.0,0.0,5.4002
1353.0,2026-05-06T17:36:24.576342+00:00,90.2163,0.0526,97.0642,0.1998,0.75,0.0,1500.0,0.0,5.4513
1353.5,2026-05-06T17:36:25.077897+00:00,90.2357,0.1677,97.0493,0.2307,0.75,0.0,1500.0,0.0,5.4762
1354.0,2026-05-06T17:36:25.576989+00:00,90.1233,0.0653,97.1536,0.2159,0.75,0.0,1500.0,0.0,5.4884
1354.5,2026-05-06T17:36:26.076736+00:00,90.1642,-0.0135,97.2338,0.1659,0.75,0.0,1500.0,0.0,5.4943
1355.0,2026-05-06T17:36:26.583647+00:00,89.9411,-0.1376,97.1797,0.089,0.75,0.0,1500.0,0.0,5.4972
1355.5,2026-05-06T17:36:27.076387+00:00,90.0241,-0.1058,97.1381,0.0684,0.75,0.0,1500.0,0.0,5.4987
1356.0,2026-05-06T17:36:27.576389+00:00,89.9607,-0.0813,97.2218,0.0526,0.75,0.0,1500.0,0.0,5.4993
1356.5,2026-05-06T17:36:28.076361+00:00,89.6574,-0.2534,96.9391,-0.0367,0.75,0.0,1500.0,0.0,5.4997
1357.0,2026-05-06T17:36:28.576392+00:00,89.8061,-0.0675,96.8375,-0.1054,0.75,0.0,1500.0,0.0,5.4998
1357.5,2026-05-06T17:36:29.084803+00:00,89.7931,-0.1155,96.7594,-0.1581,0.75,0.0,1500.0,0.0,5.4487
1358.000273,2026-05-06T17:36:29.576651+00:00,89.7831,-0.0888,96.8151,-0.1215,0.75,0.0,1500.0,0.0,5.475
1358.5,2026-05-06T17:36:30.076192+00:00,89.9027,0.1227,96.9736,-0.0548,0.75,0.0,1500.0,0.0,5.4366
1359.0,2026-05-06T17:36:30.576461+00:00,89.8674,0.0307,96.9797,-0.0807,0.75,0.0,1500.0,0.0,5.4179
1359.5,2026-05-06T17:36:31.077956+00:00,89.9675,0.0872,96.9844,0.0151,0.75,0.0,1500.0,0.0,5.4087
1360.003635,2026-05-06T17:36:31.588591+00:00,89.9172,0.067,96.7566,-0.027,0.75,0.0,1500.0,0.0,5.4043
1360.5,2026-05-06T17:36:32.078654+00:00,89.8785,-0.0121,96.9286,0.0564,0.75,0.0,1500.0,0.0,5.4021
1361.0,2026-05-06T17:36:32.576185+00:00,89.8488,-0.0093,96.9451,0.0434,0.75,0.0,1500.0,0.0,5.401
1361.5,2026-05-06T17:36:33.076380+00:00,89.6986,-0.1344,96.7033,-0.0901,0.75,0.0,1500.0,0.0,5.4005
1362.001608,2026-05-06T17:36:33.578129+00:00,89.5832,-0.167,96.6563,-0.1078,0.75,0.0,1500.0,0.0,5.4002
1362.5,2026-05-06T17:36:34.082904+00:00,89.6218,-0.1283,96.7358,-0.0829,0.75,0.0,1500.0,0.0,5.4001
1363.0,2026-05-06T17:36:34.576388+00:00,89.6515,-0.0986,96.9126,0.052,0.75,0.0,1500.0,0.0,5.4001
1363.500424,2026-05-06T17:36:35.076820+00:00,89.547,-0.0758,97.0485,0.04,0.75,0.0,1500.0,0.0,5.4
1364.0,2026-05-06T17:36:35.576840+00:00,89.594,0.0054,97.2687,0.1079,0.75,0.0,1500.0,0.0,5.4
1364.5,2026-05-06T17:36:36.076412+00:00,89.7574,0.0678,97.2065,0.1677,0.75,0.0,1500.0,0.0,5.4
1365.0,2026-05-06T17:36:36.583831+00:00,89.7557,0.0521,97.1587,0.1675,0.75,0.0,1500.0,0.0,5.4
1365.5,2026-05-06T17:36:37.076570+00:00,89.8816,0.1673,97.2377,0.1673,0.75,0.0,1500.0,0.0,5.4
1366.0,2026-05-06T17:36:37.580486+00:00,89.9784,0.1922,97.1827,0.09,0.75,0.0,1500.0,0.0,5.4512
1366.5,2026-05-06T17:36:38.076529+00:00,89.9256,0.0841,97.1404,0.0306,0.75,0.0,1500.0,0.0,5.4762
1367.0,2026-05-06T17:36:38.577037+00:00,90.0122,0.1283,97.1079,-0.0536,0.75,0.0,1500.0,0.0,5.4884
1367.5,2026-05-06T17:36:39.090375+00:00,89.9515,0.035,97.083,-0.0412,0.75,0.0,1500.0,0.0,5.4431
1368.001427,2026-05-06T17:36:39.577796+00:00,90.0322,0.0269,97.0638,-0.0317,0.75,0.0,1500.0,0.0,5.4722
1368.5,2026-05-06T17:36:40.076550+00:00,90.0941,0.0843,97.1416,-0.032,0.75,0.0,1500.0,0.0,5.4865
1369.0,2026-05-06T17:36:40.576537+00:00,90.0145,0.0011,97.2245,0.0139,0.75,0.0,1500.0,0.0,5.4934
1369.5,2026-05-06T17:36:41.077693+00:00,89.9533,0.0009,97.2883,0.0493,0.75,0.0,1500.0,0.0,5.4968
1370.0,2026-05-06T17:36:41.588707+00:00,89.9063,-0.063,97.1059,-0.0007,0.75,0.0,1500.0,0.0,5.4472
1370.5,2026-05-06T17:36:42.077198+00:00,89.9974,-0.0484,96.9657,-0.0391,0.75,0.0,1500.0,0.0,5.423
1371.0,2026-05-06T17:36:42.577015+00:00,90.0674,0.0264,96.8579,-0.0686,0.75,0.0,1500.0,0.0,5.4112
1371.5,2026-05-06T17:36:43.076683+00:00,89.994,0.0203,97.0065,-0.045,0.75,0.0,1500.0,0.0,5.4055
1372.0,2026-05-06T17:36:43.576577+00:00,90.0648,0.0793,97.0975,-0.0423,0.75,0.0,1500.0,0.0,5.4027
1372.5,2026-05-06T17:36:44.082854+00:00,89.8647,-0.0664,97.075,-0.0711,0.75,0.0,1500.0,0.0,5.4013
1373.0,2026-05-06T17:36:44.577112+00:00,90.0927,0.0126,96.9419,-0.0546,0.75,0.0,1500.0,0.0,5.4006
1373.500607,2026-05-06T17:36:45.077001+00:00,90.1406,0.0733,96.8397,-0.042,0.75,0.0,1500.0,0.0,5.4003
1374.0,2026-05-06T17:36:45.576313+00:00,90.0503,-0.0073,96.8768,0.0063,0.75,0.0,1500.0,0.0,5.4002
1374.500243,2026-05-06T17:36:46.076880+00:00,90.108,0.1217,96.7896,-0.0723,0.75,0.0,1500.0,0.0,5.4001
1375.0,2026-05-06T17:36:46.582080+00:00,90.2797,0.0935,97.0697,-0.0093,0.75,0.0,1500.0,0.0,5.4
1375.5,2026-05-06T17:36:47.078388+00:00,90.1572,0.0083,97.1693,0.0314,0.75,0.0,1500.0,0.0,5.4
1376.00049,2026-05-06T17:36:47.577188+00:00,90.0629,0.0063,97.1301,0.0627,0.75,0.0,1500.0,0.0,5.4
1376.5,2026-05-06T17:36:48.076767+00:00,90.1178,0.0049,96.9843,0.0482,0.75,0.0,1500.0,0.0,5.4
1377.0,2026-05-06T17:36:48.576488+00:00,90.0327,-0.1235,97.1036,0.0756,0.75,0.0,1500.0,0.0,5.4
1377.5,2026-05-06T17:36:49.087253+00:00,89.84,-0.1586,97.0796,0.0967,0.75,0.0,1500.0,0.0,5.4
1378.0,2026-05-06T17:36:49.577416+00:00,89.8192,-0.1219,97.1769,0.0357,0.75,0.0,1500.0,0.0,5.4
1378.5,2026-05-06T17:36:50.076557+00:00,89.8032,-0.1573,97.136,-0.0111,0.75,0.0,1500.0,0.0,5.4
1379.0,2026-05-06T17:36:50.577847+00:00,89.7909,-0.1209,96.9657,-0.0548,0.75,0.0,1500.0,0.0,5.4512
1379.5,2026-05-06T17:36:51.080494+00:00,89.6541,-0.0929,96.8579,-0.0421,0.75,0.0,1500.0,0.0,5.4762
1380.0,2026-05-06T17:36:51.583288+00:00,89.6763,-0.0714,96.7751,-0.1095,0.75,0.0,1500.0,0.0,5.4884
1380.5,2026-05-06T17:36:52.077997+00:00,89.8206,0.0087,96.8271,-0.0842,0.75,0.0,1500.0,0.0,5.4431
1381.0,2026-05-06T17:36:52.581183+00:00,89.8043,0.0067,96.8671,-0.1033,0.75,0.0,1500.0,0.0,5.421
1381.50007,2026-05-06T17:36:53.076470+00:00,90.0463,0.1961,97.0136,-0.0408,0.75,0.0,1500.0,0.0,5.4103
1382.0,2026-05-06T17:36:53.576279+00:00,89.9777,0.1507,97.0104,0.0149,0.75,0.0,1500.0,0.0,5.405
1382.5,2026-05-06T17:36:54.088473+00:00,90.0523,0.1158,97.008,0.05,0.75,0.0,1500.0,0.0,5.4024
1383.0,2026-05-06T17:36:54.576756+00:00,90.1096,0.1527,97.1219,0.1156,0.75,0.0,1500.0,0.0,5.4012
1383.502816,2026-05-06T17:36:55.079137+00:00,90.1537,0.0537,96.978,0.0503,0.75,0.0,1500.0,0.0,5.4006
1384.0,2026-05-06T17:36:55.578359+00:00,90.1875,0.1049,97.0988,0.0772,0.75,0.0,1500.0,0.0,5.4003
1384.5,2026-05-06T17:36:56.076275+00:00,89.959,-0.0466,97.1916,0.0593,0.75,0.0,1500.0,0.0,5.4001
1385.0,2026-05-06T17:36:56.584215+00:00,89.7834,-0.1631,97.263,0.0842,0.75,0.0,1500.0,0.0,5.4001
1385.500595,2026-05-06T17:36:57.076978+00:00,89.9029,-0.1254,97.2021,0.0647,0.75,0.0,1500.0,0.0,5.4
1386.0,2026-05-06T17:36:57.576216+00:00,89.8675,-0.16,97.271,0.0497,0.75,0.0,1500.0,0.0,5.4
1386.5,2026-05-06T17:36:58.077100+00:00,89.8403,-0.0593,97.4397,0.1539,0.75,0.0,1500.0,0.0,5.4
1387.0,2026-05-06T17:36:58.576205+00:00,89.9467,0.0817,97.4537,0.1183,0.75,0.0,1500.0,0.0,5.4
1387.5,2026-05-06T17:36:59.083079+00:00,89.9012,-0.0009,97.4644,0.0909,0.75,0.0,1500.0,0.0,5.4
1388.0,2026-05-06T17:36:59.576576+00:00,89.9935,0.063,97.3569,0.0313,0.75,0.0,1500.0,0.0,5.4
1388.5,2026-05-06T17:37:00.076274+00:00,90.1917,0.1757,97.1586,-0.0145,0.75,0.0,1500.0,0.0,5.4
1389.0,2026-05-06T17:37:00.576197+00:00,90.0895,0.0714,97.2376,-0.0111,0.75,0.0,1500.0,0.0,5.4
1389.5,2026-05-06T17:37:01.077065+00:00,90.0109,0.0549,97.1826,-0.0857,0.75,0.0,1500.0,0.0,5.4
1390.0,2026-05-06T17:37:01.583418+00:00,89.9505,-0.0215,97.1404,-0.1044,0.75,0.0,1500.0,0.0,5.4
1390.5,2026-05-06T17:37:02.076459+00:00,89.9041,-0.1438,96.9691,-0.1651,0.75,0.0,1500.0,0.0,5.4
1391.0,2026-05-06T17:37:02.576431+00:00,89.8685,-0.1105,97.0919,-0.0883,0.75,0.0,1500.0,0.0,5.4
1391.5,2026-05-06T17:37:03.077155+00:00,89.5865,-0.2122,97.1863,0.0092,0.75,0.0,1500.0,0.0,5.4
1392.0,2026-05-06T17:37:03.578608+00:00,89.6243,-0.1631,97.2589,0.0071,0.75,0.0,1500.0,0.0,5.4
1392.5,2026-05-06T17:37:04.082746+00:00,89.6534,-0.1254,97.2916,0.0363,0.75,0.0,1500.0,0.0,5.4
1393.0,2026-05-06T17:37:04.576214+00:00,89.803,-0.0327,97.2241,0.0279,0.75,0.0,1500.0,0.0,5.4
1393.5,2026-05-06T17:37:05.076399+00:00,89.918,0.1658,97.2879,0.1063,0.75,0.0,1500.0,0.0,5.4
1394.0,2026-05-06T17:37:05.578705+00:00,89.8792,0.1274,97.337,0.0817,0.75,0.0,1500.0,0.0,5.4
1394.500276,2026-05-06T17:37:06.076680+00:00,89.8493,0.0979,97.3747,0.0628,0.75,0.0,1500.0,0.0,5.4
1395.0,2026-05-06T17:37:06.582899+00:00,89.699,-0.052,97.4037,0.0483,0.75,0.0,1500.0,0.0,5.4
1395.5,2026-05-06T17:37:07.076475+00:00,89.7108,-0.1036,97.1946,-0.0323,0.75,0.0,1500.0,0.0,5.4
1396.002886,2026-05-06T17:37:07.579238+00:00,89.5926,-0.1433,97.0339,-0.0634,0.75,0.0,1500.0,0.0,5.4
1396.5,2026-05-06T17:37:08.077732+00:00,89.629,-0.1101,97.1186,-0.0565,0.75,0.0,1500.0,0.0,5.4
1397.0,2026-05-06T17:37:08.576546+00:00,89.657,-0.021,97.0911,-0.082,0.75,0.0,1500.0,0.0,5.4
1397.5,2026-05-06T17:37:09.089977+00:00,89.8058,0.0475,97.0701,-0.1016,0.75,0.0,1500.0,0.0,5.4
1398.0,2026-05-06T17:37:09.576430+00:00,89.6656,0.0365,97.1695,-0.0781,0.75,0.0,1500.0,0.0,5.4
1398.5,2026-05-06T17:37:10.077508+00:00,89.8124,0.0917,97.1303,-0.0214,0.75,0.0,1500.0,0.0,5.4512
1399.0,2026-05-06T17:37:10.576358+00:00,89.9252,0.1341,96.9845,-0.0165,0.75,0.0,1500.0,0.0,5.4762
1399.5,2026-05-06T17:37:11.076464+00:00,90.012,0.1031,96.641,-0.1592,0.75,0.0,1500.0,0.0,5.4884
1400.001064,2026-05-06T17:37:11.584165+00:00,89.9513,0.1429,96.8397,-0.0838,0.75,0.0,1500.0,0.0,5.4943
1400.5,2026-05-06T17:37:12.076474+00:00,89.9048,0.0462,96.7611,-0.103,0.75,0.0,1500.0,0.0,5.4972
1401.0,2026-05-06T17:37:12.576201+00:00,89.9962,0.0355,96.9321,-0.0791,0.75,0.0,1500.0,0.0,5.4986
1401.5,2026-05-06T17:37:13.076893+00:00,90.0665,0.0273,97.0635,-0.0223,0.75,0.0,1500.0,0.0,5.4993
1402.001026,2026-05-06T17:37:13.577873+00:00,90.1205,0.0846,96.9331,-0.0171,0.75,0.0,1500.0,0.0,5.4997
1402.504085,2026-05-06T17:37:14.088356+00:00,90.1621,0.1287,96.9486,0.1025,0.75,0.0,1500.0,0.0,5.4486
1403.0,2026-05-06T17:37:14.576660+00:00,90.194,0.0989,97.0762,0.0788,0.75,0.0,1500.0,0.0,5.4749
1403.501755,2026-05-06T17:37:15.078279+00:00,90.0912,0.0124,97.0586,0.0991,0.75,0.0,1500.0,0.0,5.4878
1404.0,2026-05-06T17:37:15.576451+00:00,90.1396,0.0095,96.9062,-0.0086,0.75,0.0,1500.0,0.0,5.494
1404.5,2026-05-06T17:37:16.077083+00:00,90.0494,-0.0563,96.8122,-0.0838,0.75,0.0,1500.0,0.0,5.4459
1405.0,2026-05-06T17:37:16.581909+00:00,89.8529,-0.1706,96.9713,0.0127,0.75,0.0,1500.0,0.0,5.4736
1405.5,2026-05-06T17:37:17.076460+00:00,89.9563,-0.0675,96.7466,-0.0673,0.75,0.0,1500.0,0.0,5.4359
1406.0,2026-05-06T17:37:17.576450+00:00,89.9086,-0.1155,96.9209,-0.0518,0.75,0.0,1500.0,0.0,5.4175
1406.5,2026-05-06T17:37:18.076967+00:00,89.9992,-0.0251,96.9392,-0.0398,0.75,0.0,1500.0,0.0,5.4086
1407.0,2026-05-06T17:37:18.578509+00:00,89.9415,0.0443,97.069,0.0543,0.75,0.0,1500.0,0.0,5.4042
1407.5,2026-05-06T17:37:19.084784+00:00,90.0245,0.0341,97.2844,0.1574,0.75,0.0,1500.0,0.0,5.402
1408.0,2026-05-06T17:37:19.576757+00:00,90.0882,0.0898,97.45,0.1596,0.75,0.0,1500.0,0.0,5.4522
1408.5,2026-05-06T17:37:20.076463+00:00,90.01,0.0054,97.2302,0.1612,0.75,0.0,1500.0,0.0,5.4255
1409.000589,2026-05-06T17:37:20.576926+00:00,89.9498,0.0041,97.1769,0.0853,0.75,0.0,1500.0,0.0,5.4124
1409.5,2026-05-06T17:37:21.076464+00:00,89.7763,-0.1241,97.136,0.0656,0.75,0.0,1500.0,0.0,5.4061
1410.0,2026-05-06T17:37:21.581732+00:00,89.7702,-0.159,97.2202,0.0504,0.75,0.0,1500.0,0.0,5.403
1410.5,2026-05-06T17:37:22.076419+00:00,89.7655,-0.1222,97.0304,-0.0847,0.75,0.0,1500.0,0.0,5.4526
1411.00059,2026-05-06T17:37:22.576955+00:00,89.6347,-0.1576,96.792,-0.2193,0.75,0.0,1500.0,0.0,5.4769
1411.5,2026-05-06T17:37:23.076425+00:00,89.6614,-0.0575,96.7244,-0.1686,0.75,0.0,1500.0,0.0,5.4887
1412.0,2026-05-06T17:37:23.577127+00:00,89.6819,-0.0442,96.5568,-0.2067,0.75,0.0,1500.0,0.0,5.4945
1412.5,2026-05-06T17:37:24.084985+00:00,89.6976,-0.034,96.5436,-0.1974,0.75,0.0,1500.0,0.0,5.4461
1413.002689,2026-05-06T17:37:24.579336+00:00,89.7098,0.0375,96.5567,-0.2212,0.75,0.0,1500.0,0.0,5.4737
1413.5,2026-05-06T17:37:25.076210+00:00,89.7191,0.0289,96.5204,-0.17,0.75,0.0,1500.0,0.0,5.4872
1414.0,2026-05-06T17:37:25.578747+00:00,89.7262,0.0222,96.5157,-0.0921,0.75,0.0,1500.0,0.0,5.4937
1414.5,2026-05-06T17:37:26.076692+00:00,89.7317,0.017,96.5121,-0.0708,0.75,0.0,1500.0,0.0,5.4969
1415.0,2026-05-06T17:37:26.584498+00:00,89.6087,-0.0505,96.3936,-0.0544,0.75,0.0,1500.0,0.0,5.4985
1415.5,2026-05-06T17:37:27.076183+00:00,89.6414,-0.0388,96.5339,-0.0032,0.75,0.0,1500.0,0.0,5.4993
1416.0,2026-05-06T17:37:27.578645+00:00,89.6665,-0.0299,96.5261,-0.0102,0.75,0.0,1500.0,0.0,5.4996
1416.501616,2026-05-06T17:37:28.078339+00:00,89.9404,0.1043,96.6357,0.0384,0.75,0.0,1500.0,0.0,5.4998
1417.0,2026-05-06T17:37:28.576498+00:00,90.0236,0.2075,96.6043,0.0295,0.75,0.0,1500.0,0.0,5.4999
1417.5,2026-05-06T17:37:29.081979+00:00,90.0876,0.2231,96.6959,0.0613,0.75,0.0,1500.0,0.0,5.4488
1418.0,2026-05-06T17:37:29.576726+00:00,90.0094,0.1715,96.7663,0.1242,0.75,0.0,1500.0,0.0,5.475
1418.500076,2026-05-06T17:37:30.076534+00:00,90.0767,0.0682,96.3575,-0.0588,0.75,0.0,1500.0,0.0,5.4878
1419.0,2026-05-06T17:37:30.576410+00:00,90.1284,0.0524,96.7376,0.0705,0.75,0.0,1500.0,0.0,5.494
1419.5,2026-05-06T17:37:31.078650+00:00,90.0408,-0.0234,96.6826,0.0156,0.75,0.0,1500.0,0.0,5.4971
1420.001212,2026-05-06T17:37:31.582734+00:00,89.9735,-0.018,96.8718,0.0891,0.75,0.0,1500.0,0.0,5.4474
1420.500138,2026-05-06T17:37:32.076678+00:00,90.0491,-0.0138,97.1328,0.1457,0.75,0.0,1500.0,0.0,5.4231
1421.0,2026-05-06T17:37:32.577721+00:00,90.1071,-0.0106,97.2178,0.1505,0.75,0.0,1500.0,0.0,5.4113
1421.5,2026-05-06T17:37:33.076366+00:00,89.8972,-0.0718,97.0517,0.2314,0.75,0.0,1500.0,0.0,5.4055
1422.0,2026-05-06T17:37:33.576187+00:00,89.8632,-0.0552,96.924,0.0621,0.75,0.0,1500.0,0.0,5.4027
1422.5,2026-05-06T17:37:34.081387+00:00,89.5824,-0.2333,96.9416,0.0863,0.75,0.0,1500.0,0.0,5.4013
1423.0,2026-05-06T17:37:34.576745+00:00,89.4939,-0.3066,96.9551,0.0278,0.75,0.0,1500.0,0.0,5.4518
1423.5,2026-05-06T17:37:35.077138+00:00,89.5532,-0.172,97.0812,-0.0172,0.75,0.0,1500.0,0.0,5.4253
1424.0,2026-05-06T17:37:35.577050+00:00,89.726,-0.0686,97.0624,-0.0518,0.75,0.0,1500.0,0.0,5.4123
1424.5,2026-05-06T17:37:36.077772+00:00,89.8588,0.1382,97.048,-0.0012,0.75,0.0,1500.0,0.0,5.406
1425.0,2026-05-06T17:37:36.582626+00:00,89.7064,0.1062,96.9212,-0.001,0.75,0.0,1500.0,0.0,5.4029
1425.5,2026-05-06T17:37:37.077034+00:00,89.7165,0.0816,96.9394,-0.0007,0.75,0.0,1500.0,0.0,5.4526
1426.0,2026-05-06T17:37:37.576843+00:00,89.7242,-0.0009,97.0691,0.038,0.75,0.0,1500.0,0.0,5.4257
1426.5,2026-05-06T17:37:38.076404+00:00,89.7302,-0.0643,97.03,-0.0171,0.75,0.0,1500.0,0.0,5.4125
1427.0,2026-05-06T17:37:38.576555+00:00,89.862,0.0778,97.1388,0.0254,0.75,0.0,1500.0,0.0,5.4061
1427.5,2026-05-06T17:37:39.083324+00:00,89.8361,0.0598,97.1066,0.0196,0.75,0.0,1500.0,0.0,5.403
1428.0,2026-05-06T17:37:39.576420+00:00,89.9435,0.1096,97.082,0.0536,0.75,0.0,1500.0,0.0,5.4527
1428.5,2026-05-06T17:37:40.076885+00:00,89.8987,0.0843,96.9242,-0.0051,0.75,0.0,1500.0,0.0,5.4769
1429.0,2026-05-06T17:37:40.577121+00:00,89.6097,-0.1261,96.9417,-0.0425,0.75,0.0,1500.0,0.0,5.4887
1429.5,2026-05-06T17:37:41.076398+00:00,89.7695,-0.0333,96.9552,-0.0249,0.75,0.0,1500.0,0.0,5.4945
1430.0,2026-05-06T17:37:41.588505+00:00,89.765,-0.0892,96.7342,-0.1349,0.75,0.0,1500.0,0.0,5.4973
1430.5,2026-05-06T17:37:42.077084+00:00,89.6342,-0.1322,96.5643,-0.1808,0.75,0.0,1500.0,0.0,5.4475
1431.0,2026-05-06T17:37:42.576602+00:00,89.4065,-0.1016,96.6651,-0.139,0.75,0.0,1500.0,0.0,5.4232
1431.500976,2026-05-06T17:37:43.077353+00:00,89.486,-0.1417,96.6269,-0.0991,0.75,0.0,1500.0,0.0,5.4113
1432.0,2026-05-06T17:37:43.576413+00:00,89.4198,-0.1726,96.343,-0.1996,0.75,0.0,1500.0,0.0,5.4055
1432.5,2026-05-06T17:37:44.083285+00:00,89.4962,-0.069,96.495,-0.1534,0.75,0.0,1500.0,0.0,5.4027
1433.0,2026-05-06T17:37:44.576417+00:00,89.5549,0.0742,96.2648,-0.1565,0.75,0.0,1500.0,0.0,5.4525
1433.5,2026-05-06T17:37:45.076435+00:00,89.6001,0.0571,96.0878,-0.1588,0.75,0.0,1500.0,0.0,5.4768
1434.0,2026-05-06T17:37:45.576398+00:00,89.762,0.1711,96.0675,-0.1992,0.75,0.0,1500.0,0.0,5.4887
1434.5,2026-05-06T17:37:46.078881+00:00,89.632,0.0679,96.2833,-0.1145,0.75,0.0,1500.0,0.0,5.4433
1435.0,2026-05-06T17:37:46.584516+00:00,89.7866,0.1158,96.5648,0.0739,0.75,0.0,1500.0,0.0,5.4723
1435.5,2026-05-06T17:37:47.076419+00:00,89.9054,0.1526,96.7812,0.0954,0.75,0.0,1500.0,0.0,5.4865
1436.0,2026-05-06T17:37:47.578836+00:00,89.8694,0.0537,96.8318,0.189,0.75,0.0,1500.0,0.0,5.4422
1436.5,2026-05-06T17:37:48.076434+00:00,89.7145,0.0413,96.7551,0.2224,0.75,0.0,1500.0,0.0,5.4206
1437.001213,2026-05-06T17:37:48.578142+00:00,89.5955,-0.0956,96.9274,0.2866,0.75,0.0,1500.0,0.0,5.4101
1437.5,2026-05-06T17:37:49.090041+00:00,89.6312,-0.1371,96.9442,0.2203,0.75,0.0,1500.0,0.0,5.4049
1438.0,2026-05-06T17:37:49.576379+00:00,89.786,-0.0417,96.61,0.0151,0.75,0.0,1500.0,0.0,5.4536
1438.5,2026-05-06T17:37:50.076417+00:00,89.7776,0.0316,96.7003,-0.027,0.75,0.0,1500.0,0.0,5.4774
1439.0,2026-05-06T17:37:50.576208+00:00,89.7713,0.0879,96.6539,-0.0593,0.75,0.0,1500.0,0.0,5.4889
1439.500236,2026-05-06T17:37:51.076537+00:00,89.7663,0.0676,96.6183,-0.0456,0.75,0.0,1500.0,0.0,5.4946
1440.0,2026-05-06T17:37:51.582148+00:00,89.8898,0.0519,96.4752,-0.1507,0.75,0.0,1500.0,0.0,5.4974
1440.5,2026-05-06T17:37:52.076764+00:00,89.7302,-0.0237,96.5967,-0.1159,0.75,0.0,1500.0,0.0,5.4987
1441.0,2026-05-06T17:37:52.576627+00:00,89.7348,-0.0182,96.9214,0.1038,0.75,0.0,1500.0,0.0,5.4994
1441.5,2026-05-06T17:37:53.076388+00:00,89.7383,-0.014,96.7082,0.0026,0.75,0.0,1500.0,0.0,5.4997
1442.000661,2026-05-06T17:37:53.577673+00:00,89.6137,-0.138,96.8914,0.0792,0.75,0.0,1500.0,0.0,5.4999
1442.5,2026-05-06T17:37:54.082935+00:00,89.6453,-0.0425,97.0322,0.138,0.75,0.0,1500.0,0.0,5.4487
1443.0,2026-05-06T17:37:54.576445+00:00,89.6695,-0.0326,96.9091,0.1446,0.75,0.0,1500.0,0.0,5.475
1443.5,2026-05-06T17:37:55.077098+00:00,89.6881,-0.0251,96.9301,0.1112,0.75,0.0,1500.0,0.0,5.4878
1444.0,2026-05-06T17:37:55.576559+00:00,89.5752,-0.0193,97.062,0.0469,0.75,0.0,1500.0,0.0,5.494
1444.5,2026-05-06T17:37:56.077449+00:00,89.6156,-0.0148,97.1633,0.1517,0.75,0.0,1500.0,0.0,5.4971
1445.0,2026-05-06T17:37:56.584754+00:00,89.5195,-0.075,97.2412,0.1166,0.75,0.0,1500.0,0.0,5.4986
1445.5,2026-05-06T17:37:57.076775+00:00,89.7001,0.006,97.3011,0.0896,0.75,0.0,1500.0,0.0,5.4481
1446.0,2026-05-06T17:37:57.577217+00:00,89.5844,0.0046,97.1157,0.0689,0.75,0.0,1500.0,0.0,5.4235
1446.5,2026-05-06T17:37:58.076532+00:00,89.75,0.0672,97.089,0.0529,0.75,0.0,1500.0,0.0,5.4115
1447.0,2026-05-06T17:37:58.576475+00:00,89.75,0.1153,97.1841,0.0407,0.75,0.0,1500.0,0.0,5.4056
1447.5,2026-05-06T17:37:59.082241+00:00,89.75,0.025,97.2572,0.0313,0.75,0.0,1500.0,0.0,5.4027
1448.0,2026-05-06T17:37:59.576483+00:00,89.75,0.0828,97.3134,0.024,0.75,0.0,1500.0,0.0,5.4013
1448.5,2026-05-06T17:38:00.076464+00:00,89.75,0.0,97.3566,0.0185,0.75,0.0,1500.0,0.0,5.4006
1449.0,2026-05-06T17:38:00.576435+00:00,89.75,0.0,97.5054,0.1299,0.75,0.0,1500.0,0.0,5.4003
1449.5,2026-05-06T17:38:01.077144+00:00,89.8773,0.0636,97.5042,0.1384,0.75,0.0,1500.0,0.0,5.4002
1450.0,2026-05-06T17:38:01.580947+00:00,89.9751,0.1126,97.5032,0.1064,0.75,0.0,1500.0,0.0,5.4001
1450.5,2026-05-06T17:38:02.076478+00:00,89.7957,0.0229,97.3868,0.0432,0.75,0.0,1500.0,0.0,5.4
1451.0,2026-05-06T17:38:02.576396+00:00,89.7851,0.0176,97.2973,-0.0054,0.75,0.0,1500.0,0.0,5.4
1451.503975,2026-05-06T17:38:03.080474+00:00,89.5225,-0.1774,97.2285,-0.0427,0.75,0.0,1500.0,0.0,5.4
1452.0,2026-05-06T17:38:03.580146+00:00,89.5751,-0.2,97.407,-0.0328,0.75,0.0,1500.0,0.0,5.4
1452.5,2026-05-06T17:38:04.083764+00:00,89.7429,-0.0264,97.3128,-0.0638,0.75,0.0,1500.0,0.0,5.4
1453.0,2026-05-06T17:38:04.576488+00:00,89.9991,0.107,97.1247,-0.1262,0.75,0.0,1500.0,0.0,5.4512
1453.5,2026-05-06T17:38:05.076422+00:00,90.0687,0.2731,97.0959,-0.097,0.75,0.0,1500.0,0.0,5.425
1454.0,2026-05-06T17:38:05.576595+00:00,90.1222,0.2735,96.7035,-0.1979,0.75,0.0,1500.0,0.0,5.4122
1454.500819,2026-05-06T17:38:06.077189+00:00,90.0361,0.1466,96.6564,-0.1907,0.75,0.0,1500.0,0.0,5.406
1455.0,2026-05-06T17:38:06.583970+00:00,90.0972,0.0491,96.597,-0.27,0.75,0.0,1500.0,0.0,5.4029
1455.500092,2026-05-06T17:38:07.076477+00:00,90.0168,-0.0259,96.5746,-0.2461,0.75,0.0,1500.0,0.0,5.4526
1456.000144,2026-05-06T17:38:07.576623+00:00,89.8278,-0.1472,96.4416,-0.2277,0.75,0.0,1500.0,0.0,5.4769
1456.5,2026-05-06T17:38:08.076377+00:00,89.6825,-0.1768,96.3394,-0.2521,0.75,0.0,1500.0,0.0,5.4887
1457.0,2026-05-06T17:38:08.580469+00:00,89.8254,-0.1359,96.4923,-0.0704,0.75,0.0,1500.0,0.0,5.4945
1457.501614,2026-05-06T17:38:09.086009+00:00,89.808,-0.1044,96.6098,-0.0155,0.75,0.0,1500.0,0.0,5.4973
1458.000863,2026-05-06T17:38:09.577207+00:00,89.9218,0.047,96.8158,0.0729,0.75,0.0,1500.0,0.0,5.4987
1458.500657,2026-05-06T17:38:10.077073+00:00,89.8821,0.0998,96.7427,0.056,0.75,0.0,1500.0,0.0,5.4994
1459.0,2026-05-06T17:38:10.576325+00:00,89.8515,0.013,96.9179,0.1588,0.75,0.0,1500.0,0.0,5.4997
1459.500343,2026-05-06T17:38:11.077026+00:00,89.9553,0.0737,96.8212,0.1606,0.75,0.0,1500.0,0.0,5.4998
1460.0,2026-05-06T17:38:11.584010+00:00,89.9078,-0.007,96.7469,0.0849,0.75,0.0,1500.0,0.0,5.4999
1460.5,2026-05-06T17:38:12.078478+00:00,89.8713,-0.0054,96.8055,0.0652,0.75,0.0,1500.0,0.0,5.5
1461.0,2026-05-06T17:38:12.576400+00:00,89.9705,0.0595,96.9662,0.0501,0.75,0.0,1500.0,0.0,5.5
1461.5,2026-05-06T17:38:13.076813+00:00,89.9195,-0.0179,97.0897,0.1157,0.75,0.0,1500.0,0.0,5.5
1462.0,2026-05-06T17:38:13.576536+00:00,89.753,-0.0774,97.1846,0.0889,0.75,0.0,1500.0,0.0,5.5
1462.5,2026-05-06T17:38:14.082043+00:00,89.625,-0.1231,97.0031,0.0606,0.75,0.0,1500.0,0.0,5.5
1463.0,2026-05-06T17:38:14.576461+00:00,89.6539,-0.1583,97.0024,0.0852,0.75,0.0,1500.0,0.0,5.5
1463.5,2026-05-06T17:38:15.076530+00:00,89.6762,-0.1216,96.7704,-0.0117,0.75,0.0,1500.0,0.0,5.5
1464.0,2026-05-06T17:38:15.576438+00:00,89.8205,0.0338,96.7078,-0.0861,0.75,0.0,1500.0,0.0,5.5
1464.5,2026-05-06T17:38:16.076371+00:00,89.9315,0.1532,96.7754,-0.1048,0.75,0.0,1500.0,0.0,5.5
1465.0,2026-05-06T17:38:16.582834+00:00,89.8895,0.1178,96.8274,-0.1191,0.75,0.0,1500.0,0.0,5.5
1465.5,2026-05-06T17:38:17.076712+00:00,89.9845,0.1542,97.0987,0.0319,0.75,0.0,1500.0,0.0,5.5
1466.0,2026-05-06T17:38:17.576629+00:00,89.9302,0.0548,97.1916,0.0631,0.75,0.0,1500.0,0.0,5.5
1466.5,2026-05-06T17:38:18.078730+00:00,89.8885,-0.0215,97.1473,0.1256,0.75,0.0,1500.0,0.0,5.5
1467.0,2026-05-06T17:38:18.576742+00:00,89.9837,0.0471,97.2289,0.1737,0.75,0.0,1500.0,0.0,5.5
1467.500155,2026-05-06T17:38:19.084505+00:00,89.9296,-0.0274,97.2916,0.1721,0.75,0.0,1500.0,0.0,5.5
1468.0,2026-05-06T17:38:19.576832+00:00,89.8881,-0.0211,97.3398,0.1708,0.75,0.0,1500.0,0.0,5.5
1468.5,2026-05-06T17:38:20.077152+00:00,89.8561,-0.0162,97.2612,0.0542,0.75,0.0,1500.0,0.0,5.5
1469.0,2026-05-06T17:38:20.576521+00:00,89.577,-0.2034,97.2008,0.0031,0.75,0.0,1500.0,0.0,5.4488
1469.5,2026-05-06T17:38:21.076576+00:00,89.6171,-0.1563,97.1543,0.0023,0.75,0.0,1500.0,0.0,5.4238
1470.0,2026-05-06T17:38:21.589119+00:00,89.7751,-0.0565,96.9798,-0.083,0.75,0.0,1500.0,0.0,5.4116
1470.5,2026-05-06T17:38:22.076512+00:00,89.642,-0.1071,96.8687,-0.141,0.75,0.0,1500.0,0.0,5.4057
1471.0,2026-05-06T17:38:22.580590+00:00,89.667,0.045,96.6446,-0.2318,0.75,0.0,1500.0,0.0,5.4028
1471.503984,2026-05-06T17:38:23.080446+00:00,89.6862,0.0346,96.4954,-0.2553,0.75,0.0,1500.0,0.0,5.4014
1472.0,2026-05-06T17:38:23.576985+00:00,89.701,-0.0371,96.6122,-0.1962,0.75,0.0,1500.0,0.0,5.4007
1472.5,2026-05-06T17:38:24.083310+00:00,89.585,-0.0285,96.5862,-0.1894,0.75,0.0,1500.0,0.0,5.4003
1473.0,2026-05-06T17:38:24.576433+00:00,89.7505,0.0417,96.682,-0.0993,0.75,0.0,1500.0,0.0,5.4002
1473.5,2026-05-06T17:38:25.076474+00:00,89.7504,0.0321,96.8713,0.0008,0.75,0.0,1500.0,0.0,5.4001
1474.0,2026-05-06T17:38:25.576381+00:00,89.7503,0.0247,96.7854,0.0469,0.75,0.0,1500.0,0.0,5.4
1474.5,2026-05-06T17:38:26.076841+00:00,89.623,0.019,96.835,0.1132,0.75,0.0,1500.0,0.0,5.4
1475.0,2026-05-06T17:38:26.587546+00:00,89.7796,0.0146,96.5492,-0.021,0.75,0.0,1500.0,0.0,5.4
1475.5,2026-05-06T17:38:27.076185+00:00,89.9,0.0748,96.5378,-0.0161,0.75,0.0,1500.0,0.0,5.4
1476.0,2026-05-06T17:38:27.576399+00:00,89.8653,0.0575,96.5291,-0.051,0.75,0.0,1500.0,0.0,5.4
1476.5,2026-05-06T17:38:28.076432+00:00,89.8386,0.1078,96.5224,-0.1163,0.75,0.0,1500.0,0.0,5.4
1477.0,2026-05-06T17:38:28.576377+00:00,89.9454,0.0829,96.494,-0.0971,0.75,0.0,1500.0,0.0,5.4
1477.5,2026-05-06T17:38:29.082756+00:00,90.0274,0.0637,96.4954,-0.1132,0.75,0.0,1500.0,0.0,5.4
1478.000338,2026-05-06T17:38:29.577031+00:00,89.9632,0.049,96.7279,0.0595,0.75,0.0,1500.0,0.0,5.4512
1478.5,2026-05-06T17:38:30.076389+00:00,90.0412,0.1013,96.6751,0.0458,0.75,0.0,1500.0,0.0,5.425
1479.000612,2026-05-06T17:38:30.576957+00:00,89.9738,0.0142,96.7503,0.0737,0.75,0.0,1500.0,0.0,5.4122
1479.5,2026-05-06T17:38:31.076543+00:00,89.6675,-0.18,96.8081,0.0952,0.75,0.0,1500.0,0.0,5.406
1480.0,2026-05-06T17:38:31.582532+00:00,89.5593,-0.202,96.7368,0.0809,0.75,0.0,1500.0,0.0,5.4029
1480.5,2026-05-06T17:38:32.077687+00:00,89.6034,-0.2189,96.9134,0.1393,0.75,0.0,1500.0,0.0,5.4014
1481.0,2026-05-06T17:38:32.576381+00:00,89.6373,-0.1682,96.8177,0.03,0.75,0.0,1500.0,0.0,5.4007
1481.5,2026-05-06T17:38:33.076370+00:00,89.6634,-0.002,96.8599,0.0616,0.75,0.0,1500.0,0.0,5.4003
1482.0,2026-05-06T17:38:33.576198+00:00,89.8107,0.1257,96.8923,0.0473,0.75,0.0,1500.0,0.0,5.4002
1482.5,2026-05-06T17:38:34.083953+00:00,89.7967,0.0966,96.8015,-0.0022,0.75,0.0,1500.0,0.0,5.4001
1483.0,2026-05-06T17:38:34.576397+00:00,89.7859,0.0743,96.7318,-0.0017,0.75,0.0,1500.0,0.0,5.4
1483.5,2026-05-06T17:38:35.076453+00:00,89.7776,0.0571,96.6781,-0.0784,0.75,0.0,1500.0,0.0,5.4
1484.0,2026-05-06T17:38:35.576402+00:00,89.5166,-0.147,96.6369,-0.0603,0.75,0.0,1500.0,0.0,5.4
1484.5,2026-05-06T17:38:36.076381+00:00,89.6979,-0.0494,96.7209,-0.0463,0.75,0.0,1500.0,0.0,5.4
1485.0,2026-05-06T17:38:36.585549+00:00,89.5827,-0.1016,96.8781,-0.0048,0.75,0.0,1500.0,0.0,5.4
1485.5,2026-05-06T17:38:37.076436+00:00,89.7487,-0.0144,96.7906,-0.0037,0.75,0.0,1500.0,0.0,5.4512
1486.0,2026-05-06T17:38:37.576764+00:00,89.749,0.1162,96.839,0.0358,0.75,0.0,1500.0,0.0,5.4762
1486.5,2026-05-06T17:38:38.076547+00:00,89.8765,0.0893,96.8763,0.0661,0.75,0.0,1500.0,0.0,5.4884
1487.0,2026-05-06T17:38:38.577897+00:00,89.8472,0.1323,96.9049,0.0893,0.75,0.0,1500.0,0.0,5.4431
1487.500777,2026-05-06T17:38:39.084788+00:00,89.952,0.1017,96.8112,0.0301,0.75,0.0,1500.0,0.0,5.421
1488.000271,2026-05-06T17:38:39.576869+00:00,89.9053,0.0781,97.0863,0.0694,0.75,0.0,1500.0,0.0,5.4615
1488.5,2026-05-06T17:38:40.076607+00:00,89.8693,-0.0036,97.0663,0.0919,0.75,0.0,1500.0,0.0,5.4812
1489.0,2026-05-06T17:38:40.576212+00:00,89.969,0.0609,96.9353,0.0321,0.75,0.0,1500.0,0.0,5.4908
1489.50042,2026-05-06T17:38:41.076883+00:00,90.1729,0.1104,96.8577,-0.0062,0.75,0.0,1500.0,0.0,5.4955
1490.0,2026-05-06T17:38:41.583412+00:00,90.075,0.0849,96.8906,-0.0048,0.75,0.0,1500.0,0.0,5.4978
1490.5,2026-05-06T17:38:42.076631+00:00,89.8725,0.0016,97.0316,0.0735,0.75,0.0,1500.0,0.0,5.4989
1491.0,2026-05-06T17:38:42.576438+00:00,89.8442,-0.0624,97.0243,-0.0207,0.75,0.0,1500.0,0.0,5.4995
1491.500777,2026-05-06T17:38:43.077142+00:00,89.6951,-0.2389,97.1344,0.0227,0.75,0.0,1500.0,0.0,5.4997
1492.0,2026-05-06T17:38:43.576636+00:00,89.7078,-0.1836,96.7562,-0.0597,0.75,0.0,1500.0,0.0,5.4999
1492.5,2026-05-06T17:38:44.084395+00:00,89.8448,-0.0138,96.8126,-0.015,0.75,0.0,1500.0,0.0,5.4487
1493.0,2026-05-06T17:38:44.577171+00:00,89.9502,0.053,96.6014,-0.0964,0.75,0.0,1500.0,0.0,5.475
1493.5,2026-05-06T17:38:45.076192+00:00,89.9038,0.1044,96.6937,-0.1127,0.75,0.0,1500.0,0.0,5.4878
1494.0,2026-05-06T17:38:45.577965+00:00,89.8682,0.0802,96.7645,-0.0866,0.75,0.0,1500.0,0.0,5.494
1494.5,2026-05-06T17:38:46.076523+00:00,89.8409,-0.002,96.819,-0.1051,0.75,0.0,1500.0,0.0,5.4971
1495.0,2026-05-06T17:38:46.586836+00:00,89.9471,-0.0015,96.8609,0.0349,0.75,0.0,1500.0,0.0,5.4986
1495.5,2026-05-06T17:38:47.077076+00:00,90.0288,0.0625,97.1245,0.104,0.75,0.0,1500.0,0.0,5.4481
1496.0,2026-05-06T17:38:47.576845+00:00,90.0915,0.1116,97.0957,0.1648,0.75,0.0,1500.0,0.0,5.4747
1496.5,2026-05-06T17:38:48.076462+00:00,90.0125,0.0858,96.9347,0.0803,0.75,0.0,1500.0,0.0,5.4364
1497.0,2026-05-06T17:38:48.576697+00:00,90.079,0.066,96.8341,0.0232,0.75,0.0,1500.0,0.0,5.4178
1497.500585,2026-05-06T17:38:49.083915+00:00,90.1302,0.0507,96.7568,-0.0207,0.75,0.0,1500.0,0.0,5.4087
1498.0,2026-05-06T17:38:49.579210+00:00,90.0422,-0.0247,96.6974,-0.0545,0.75,0.0,1500.0,0.0,5.4554
1498.5,2026-05-06T17:38:50.077727+00:00,90.1019,0.0447,96.6517,-0.1576,0.75,0.0,1500.0,0.0,5.4271
1499.0,2026-05-06T17:38:50.576415+00:00,90.0204,-0.0293,96.7323,-0.1211,0.75,0.0,1500.0,0.0,5.4132
1499.5,2026-05-06T17:38:51.077066+00:00,89.9579,-0.0862,96.7942,-0.0468,0.75,0.0,1500.0,0.0,5.4064
1500.0,2026-05-06T17:38:51.581929+00:00,90.037,-0.0026,96.9576,0.0411,0.75,0.0,1500.0,0.0,5.4031
1500.5,2026-05-06T17:38:52.077774+00:00,89.9706,-0.0656,96.9674,0.0702,0.75,0.0,1500.0,0.0,5.4015
1501.0,2026-05-06T17:38:52.576374+00:00,89.7923,-0.1141,97.0906,0.1311,0.75,0.0,1500.0,0.0,5.4007
1501.5,2026-05-06T17:38:53.077691+00:00,89.7825,-0.0877,96.954,0.1008,0.75,0.0,1500.0,0.0,5.4004
1502.0,2026-05-06T17:38:53.576429+00:00,89.9023,-0.0674,96.7332,0.0003,0.75,0.0,1500.0,0.0,5.4002
1502.500326,2026-05-06T17:38:54.082946+00:00,89.867,-0.0518,96.5635,-0.0769,0.75,0.0,1500.0,0.0,5.4001
1503.0,2026-05-06T17:38:54.576420+00:00,89.5854,-0.1034,96.7802,-0.0591,0.75,0.0,1500.0,0.0,5.4
1503.5,2026-05-06T17:38:55.076346+00:00,89.6235,-0.0795,96.8311,-0.0454,0.75,0.0,1500.0,0.0,5.4
1504.000194,2026-05-06T17:38:55.576536+00:00,89.6528,-0.1247,96.9859,-0.0349,0.75,0.0,1500.0,0.0,5.4
1504.5,2026-05-06T17:38:56.076362+00:00,89.6753,-0.0959,96.9891,0.0117,0.75,0.0,1500.0,0.0,5.4
1505.0,2026-05-06T17:38:56.581641+00:00,89.8198,0.1172,97.1074,0.1247,0.75,0.0,1500.0,0.0,5.4
1505.5,2026-05-06T17:38:57.076858+00:00,89.9309,0.1537,96.9668,0.1344,0.75,0.0,1500.0,0.0,5.4
1506.0,2026-05-06T17:38:57.576379+00:00,90.0163,0.1818,97.0902,0.1033,0.75,0.0,1500.0,0.0,5.4
1506.5,2026-05-06T17:38:58.076582+00:00,89.8274,0.0761,97.0693,0.0794,0.75,0.0,1500.0,0.0,5.4
1507.000115,2026-05-06T17:38:58.576707+00:00,89.6822,-0.0688,97.0533,0.0225,0.75,0.0,1500.0,0.0,5.4
1507.5,2026-05-06T17:38:59.083785+00:00,89.6979,-0.1165,97.1567,0.0558,0.75,0.0,1500.0,0.0,5.4
1508.000667,2026-05-06T17:38:59.577018+00:00,89.71,-0.1532,97.1204,0.0043,0.75,0.0,1500.0,0.0,5.4512
1508.5,2026-05-06T17:39:00.076927+00:00,89.8465,0.0095,97.0925,0.0419,0.75,0.0,1500.0,0.0,5.425
1509.0,2026-05-06T17:39:00.576493+00:00,89.9514,0.1346,97.1868,0.0322,0.75,0.0,1500.0,0.0,5.4122
1509.5,2026-05-06T17:39:01.076202+00:00,90.0321,0.1671,97.0279,-0.0138,0.75,0.0,1500.0,0.0,5.406
1510.0,2026-05-06T17:39:01.582076+00:00,90.0941,0.1921,97.1371,0.028,0.75,0.0,1500.0,0.0,5.4029
1510.5,2026-05-06T17:39:02.076501+00:00,90.1417,0.1476,97.3368,0.0601,0.75,0.0,1500.0,0.0,5.4014
1511.0,2026-05-06T17:39:02.576381+00:00,89.9238,-0.0138,97.2589,0.0462,0.75,0.0,1500.0,0.0,5.4007
1511.5,2026-05-06T17:39:03.077744+00:00,89.8836,-0.0743,97.0833,-0.0031,0.75,0.0,1500.0,0.0,5.4003
1512.0,2026-05-06T17:39:03.577941+00:00,89.7254,-0.1843,97.064,-0.0409,0.75,0.0,1500.0,0.0,5.4002
1512.5,2026-05-06T17:39:04.083890+00:00,89.7311,-0.2053,96.9335,-0.0315,0.75,0.0,1500.0,0.0,5.4001
1513.0,2026-05-06T17:39:04.576498+00:00,89.6082,-0.1578,96.9489,-0.0628,0.75,0.0,1500.0,0.0,5.4512
1513.500368,2026-05-06T17:39:05.076750+00:00,89.641,-0.1213,97.0764,-0.0868,0.75,0.0,1500.0,0.0,5.4762
1514.000456,2026-05-06T17:39:05.576702+00:00,89.6662,-0.0296,97.0587,-0.0667,0.75,0.0,1500.0,0.0,5.4884
1514.5,2026-05-06T17:39:06.076776+00:00,89.5583,-0.0864,97.0451,-0.0127,0.75,0.0,1500.0,0.0,5.4943
1515.0,2026-05-06T17:39:06.584957+00:00,89.73,0.0609,96.919,-0.0483,0.75,0.0,1500.0,0.0,5.4972
1515.5,2026-05-06T17:39:07.076488+00:00,89.7346,0.0468,96.9377,0.0014,0.75,0.0,1500.0,0.0,5.4987
1516.0,2026-05-06T17:39:07.576365+00:00,89.8654,0.0996,96.9521,0.0011,0.75,0.0,1500.0,0.0,5.4993
1516.5,2026-05-06T17:39:08.076476+00:00,89.966,0.2038,97.0789,0.0008,0.75,0.0,1500.0,0.0,5.4997
1517.0,2026-05-06T17:39:08.577099+00:00,90.0433,0.1567,97.1764,0.0392,0.75,0.0,1500.0,0.0,5.4998
1517.5,2026-05-06T17:39:09.182881+00:00,90.1027,0.184,97.1355,0.0301,0.75,0.0,1500.0,0.0,5.4999
1518.0,2026-05-06T17:39:09.576453+00:00,90.1483,0.1415,96.7571,-0.054,0.75,0.0,1500.0,0.0,5.5
1518.5,2026-05-06T17:39:10.076701+00:00,89.9289,-0.0185,96.8133,-0.0415,0.75,0.0,1500.0,0.0,5.5
1519.0,2026-05-06T17:39:10.577440+00:00,89.8875,-0.0779,96.9722,0.0067,0.75,0.0,1500.0,0.0,5.5
1519.5,2026-05-06T17:39:11.077162+00:00,89.983,-0.0599,96.8629,-0.072,0.75,0.0,1500.0,0.0,5.5
1520.0,2026-05-06T17:39:11.590350+00:00,89.929,-0.1096,96.6632,-0.171,0.75,0.0,1500.0,0.0,5.5
1520.500602,2026-05-06T17:39:12.076778+00:00,90.0149,0.043,96.6255,-0.17,0.75,0.0,1500.0,0.0,5.5
1521.0,2026-05-06T17:39:12.576194+00:00,90.0809,0.0967,96.8047,0.0159,0.75,0.0,1500.0,0.0,5.5
1521.5,2026-05-06T17:39:13.076383+00:00,90.1316,0.0743,96.9656,0.0508,0.75,0.0,1500.0,0.0,5.5
1522.0,2026-05-06T17:39:13.576201+00:00,90.0433,0.0571,96.9736,0.0005,0.75,0.0,1500.0,0.0,5.5
1522.5,2026-05-06T17:39:14.083228+00:00,89.9754,-0.0197,97.0954,0.0775,0.75,0.0,1500.0,0.0,5.5
1523.0,2026-05-06T17:39:14.576502+00:00,89.796,-0.1424,96.8419,0.0596,0.75,0.0,1500.0,0.0,5.5
1523.5,2026-05-06T17:39:15.076438+00:00,89.7853,-0.1731,96.6471,0.0072,0.75,0.0,1500.0,0.0,5.4488
1524.0,2026-05-06T17:39:15.576676+00:00,89.9044,-0.0694,96.8445,0.0133,0.75,0.0,1500.0,0.0,5.4238
1524.5,2026-05-06T17:39:16.076391+00:00,89.8687,-0.0534,96.9961,0.0102,0.75,0.0,1500.0,0.0,5.4116
1525.0,2026-05-06T17:39:16.586842+00:00,89.9685,0.0863,96.997,0.0078,0.75,0.0,1500.0,0.0,5.4057
1525.5,2026-05-06T17:39:17.076621+00:00,89.9179,0.0663,97.1134,0.006,0.75,0.0,1500.0,0.0,5.4028
1526.0,2026-05-06T17:39:17.576426+00:00,90.0063,0.051,97.2029,0.1203,0.75,0.0,1500.0,0.0,5.4014
1526.500595,2026-05-06T17:39:18.076961+00:00,90.0743,0.1028,97.0402,0.131,0.75,0.0,1500.0,0.0,5.4007
1527.0,2026-05-06T17:39:18.577016+00:00,89.9993,0.0154,96.8921,0.0159,0.75,0.0,1500.0,0.0,5.4003
1527.5,2026-05-06T17:39:19.082653+00:00,90.0688,0.0755,96.57,-0.1421,0.75,0.0,1500.0,0.0,5.4002
1528.0,2026-05-06T17:39:19.576481+00:00,89.9951,-0.0056,96.5538,-0.1478,0.75,0.0,1500.0,0.0,5.4001
1528.5,2026-05-06T17:39:20.076366+00:00,90.1929,0.0593,96.4256,-0.2293,0.75,0.0,1500.0,0.0,5.4
1529.000579,2026-05-06T17:39:20.576942+00:00,90.0904,0.0456,96.2114,-0.3305,0.75,0.0,1500.0,0.0,5.4
1529.5,2026-05-06T17:39:21.076258+00:00,89.8844,-0.0922,96.3939,-0.2154,0.75,0.0,1500.0,0.0,5.4
1530.0,2026-05-06T17:39:21.581903+00:00,90.1078,0.0564,96.4185,-0.1579,0.75,0.0,1500.0,0.0,5.4
1530.5,2026-05-06T17:39:22.076349+00:00,90.1523,-0.0203,96.6687,0.0329,0.75,0.0,1500.0,0.0,5.4
1531.0,2026-05-06T17:39:22.576562+00:00,90.1865,0.048,96.7454,0.0639,0.75,0.0,1500.0,0.0,5.4
1531.500431,2026-05-06T17:39:23.077249+00:00,90.0855,0.1005,96.6886,0.0877,0.75,0.0,1500.0,0.0,5.4512
1532.0,2026-05-06T17:39:23.576337+00:00,90.1351,0.0136,96.4136,0.0674,0.75,0.0,1500.0,0.0,5.425
1532.5,2026-05-06T17:39:24.085863+00:00,90.046,-0.0531,96.5493,0.0518,0.75,0.0,1500.0,0.0,5.4122
1533.0,2026-05-06T17:39:24.576414+00:00,89.8502,-0.1681,96.3065,-0.0373,0.75,0.0,1500.0,0.0,5.406
1533.5,2026-05-06T17:39:25.076373+00:00,89.827,-0.1292,96.4669,-0.0673,0.75,0.0,1500.0,0.0,5.4029
1534.0,2026-05-06T17:39:25.576530+00:00,89.8092,-0.1629,96.5903,-0.0517,0.75,0.0,1500.0,0.0,5.4526
1534.500481,2026-05-06T17:39:26.076731+00:00,89.7955,-0.1252,96.6851,-0.0012,0.75,0.0,1500.0,0.0,5.4257
1535.002034,2026-05-06T17:39:26.584742+00:00,89.785,-0.0326,96.6423,0.0762,0.75,0.0,1500.0,0.0,5.4125
1535.5,2026-05-06T17:39:27.076429+00:00,89.9042,0.0386,96.7019,0.0509,0.75,0.0,1500.0,0.0,5.4061
1536.0,2026-05-06T17:39:27.576379+00:00,89.8685,0.0296,96.6552,0.1162,0.75,0.0,1500.0,0.0,5.403
1536.5,2026-05-06T17:39:28.076521+00:00,89.8411,0.0228,96.9664,0.1665,0.75,0.0,1500.0,0.0,5.4015
1537.0,2026-05-06T17:39:28.576486+00:00,89.6927,-0.0461,96.9742,0.128,0.75,0.0,1500.0,0.0,5.4007
1537.5,2026-05-06T17:39:29.083069+00:00,89.8332,-0.0355,96.9801,0.0983,0.75,0.0,1500.0,0.0,5.4003
1538.0,2026-05-06T17:39:29.577244+00:00,89.6867,-0.0909,96.9847,0.1142,0.75,0.0,1500.0,0.0,5.4002
1538.5,2026-05-06T17:39:30.078176+00:00,89.5741,-0.1335,97.104,0.134,0.75,0.0,1500.0,0.0,5.4001
1539.0,2026-05-06T17:39:30.576881+00:00,89.6148,-0.039,97.1956,0.1801,0.75,0.0,1500.0,0.0,5.4
1539.5,2026-05-06T17:39:31.076581+00:00,89.7734,-0.0299,97.3817,0.1385,0.75,0.0,1500.0,0.0,5.4
1540.0,2026-05-06T17:39:31.582287+00:00,89.8952,0.1043,97.4091,0.145,0.75,0.0,1500.0,0.0,5.4
1540.5,2026-05-06T17:39:32.077043+00:00,89.8616,0.1438,97.4301,0.15,0.75,0.0,1500.0,0.0,5.4
1541.0,2026-05-06T17:39:32.577463+00:00,89.7085,0.0469,97.4463,0.1539,0.75,0.0,1500.0,0.0,5.4
1541.5,2026-05-06T17:39:33.076423+00:00,89.8454,0.036,97.2273,0.0411,0.75,0.0,1500.0,0.0,5.4
1542.0,2026-05-06T17:39:33.576383+00:00,89.9506,0.0277,97.1747,-0.007,0.75,0.0,1500.0,0.0,5.4
1542.5,2026-05-06T17:39:34.083576+00:00,89.9042,0.0213,97.0186,-0.121,0.75,0.0,1500.0,0.0,5.4
1543.000058,2026-05-06T17:39:34.576494+00:00,89.8685,0.08,97.2457,-0.0545,0.75,0.0,1500.0,0.0,5.4
1543.502576,2026-05-06T17:39:35.078944+00:00,89.9683,0.0615,97.1888,-0.0804,0.75,0.0,1500.0,0.0,5.4
1544.0,2026-05-06T17:39:35.576369+00:00,89.9178,-0.0164,97.1451,-0.1004,0.75,0.0,1500.0,0.0,5.4
1544.5,2026-05-06T17:39:36.076460+00:00,90.0063,0.051,97.1116,-0.0386,0.75,0.0,1500.0,0.0,5.4
1545.0,2026-05-06T17:39:36.584201+00:00,89.947,0.0392,97.0857,-0.0297,0.75,0.0,1500.0,0.0,5.4
1545.5,2026-05-06T17:39:37.078105+00:00,89.9014,-0.0335,96.9502,-0.0228,0.75,0.0,1500.0,0.0,5.4
1546.0,2026-05-06T17:39:37.577515+00:00,89.9936,0.0379,96.9617,-0.0947,0.75,0.0,1500.0,0.0,5.4
1546.5,2026-05-06T17:39:38.076589+00:00,90.1918,0.0928,96.7392,-0.1499,0.75,0.0,1500.0,0.0,5.4
1547.0,2026-05-06T17:39:38.576965+00:00,89.9623,0.0077,96.9152,-0.0766,0.75,0.0,1500.0,0.0,5.4
1547.5,2026-05-06T17:39:39.083292+00:00,89.7859,-0.0577,96.8191,-0.0975,0.75,0.0,1500.0,0.0,5.4
1548.0,2026-05-06T17:39:39.577719+00:00,89.9049,-0.0444,96.861,-0.0749,0.75,0.0,1500.0,0.0,5.4
1548.5,2026-05-06T17:39:40.076421+00:00,89.7418,-0.225,96.6618,-0.0961,0.75,0.0,1500.0,0.0,5.4
1549.0,2026-05-06T17:39:40.576591+00:00,89.8709,-0.0457,96.6012,-0.1202,0.75,0.0,1500.0,0.0,5.3488
1549.5,2026-05-06T17:39:41.076445+00:00,89.9702,0.0922,96.6935,-0.0152,0.75,0.0,1500.0,0.0,5.375
1550.000032,2026-05-06T17:39:41.584832+00:00,89.9193,0.0072,96.7644,-0.0503,0.75,0.0,1500.0,0.0,5.3878
1550.5,2026-05-06T17:39:42.076493+00:00,89.8801,0.0692,96.9346,0.0385,0.75,0.0,1500.0,0.0,5.394
1551.0,2026-05-06T17:39:42.576513+00:00,89.9773,0.0532,96.6027,-0.0861,0.75,0.0,1500.0,0.0,5.3971
1551.5,2026-05-06T17:39:43.077274+00:00,90.1792,0.1045,96.6946,0.0109,0.75,0.0,1500.0,0.0,5.3986
1552.0,2026-05-06T17:39:43.576450+00:00,90.0799,0.0803,96.7653,0.0547,0.75,0.0,1500.0,0.0,5.3993
1552.5,2026-05-06T17:39:44.088481+00:00,89.8763,-0.0019,96.9353,0.0806,0.75,0.0,1500.0,0.0,5.3997
1553.0,2026-05-06T17:39:44.576424+00:00,89.9743,-0.0015,96.8346,0.0234,0.75,0.0,1500.0,0.0,5.3998
1553.5,2026-05-06T17:39:45.076479+00:00,90.0497,-0.0648,96.6414,-0.0977,0.75,0.0,1500.0,0.0,5.3999
1554.0,2026-05-06T17:39:45.576216+00:00,89.8531,-0.1134,96.7244,0.0406,0.75,0.0,1500.0,0.0,5.4
1554.5,2026-05-06T17:39:46.077827+00:00,89.9565,0.0401,96.7882,0.0312,0.75,0.0,1500.0,0.0,5.4
1555.0,2026-05-06T17:39:46.582688+00:00,89.9087,-0.0328,96.6058,-0.0532,0.75,0.0,1500.0,0.0,5.4
1555.5,2026-05-06T17:39:47.076388+00:00,89.872,-0.0889,96.4656,-0.1566,0.75,0.0,1500.0,0.0,5.4512
1556.001239,2026-05-06T17:39:47.577592+00:00,89.971,0.059,96.705,-0.0432,0.75,0.0,1500.0,0.0,5.425
1556.500999,2026-05-06T17:39:48.077750+00:00,89.9199,-0.0183,96.6575,0.0054,0.75,0.0,1500.0,0.0,5.4122
1557.0,2026-05-06T17:39:48.576449+00:00,89.8806,-0.0141,96.7368,0.0041,0.75,0.0,1500.0,0.0,5.4059
1557.5,2026-05-06T17:39:49.083407+00:00,89.9776,0.0528,96.9134,0.0417,0.75,0.0,1500.0,0.0,5.4029
1558.0,2026-05-06T17:39:49.577210+00:00,89.925,-0.023,96.7946,0.0629,0.75,0.0,1500.0,0.0,5.4526
1558.5,2026-05-06T17:39:50.076418+00:00,89.7572,-0.0813,96.495,0.0098,0.75,0.0,1500.0,0.0,5.4257
1559.000416,2026-05-06T17:39:50.576886+00:00,89.7555,-0.0625,96.6119,-0.031,0.75,0.0,1500.0,0.0,5.4125
1559.5,2026-05-06T17:39:51.076391+00:00,89.7543,-0.1117,96.4703,-0.0624,0.75,0.0,1500.0,0.0,5.4061
1560.0,2026-05-06T17:39:51.585148+00:00,89.7533,-0.0858,96.3615,-0.1251,0.75,0.0,1500.0,0.0,5.403
1560.5,2026-05-06T17:39:52.076411+00:00,89.6252,-0.066,96.5092,-0.1347,0.75,0.0,1500.0,0.0,5.4015
1561.0,2026-05-06T17:39:52.576957+00:00,89.7814,0.0129,96.5071,-0.0958,0.75,0.0,1500.0,0.0,5.4007
1561.5,2026-05-06T17:39:53.076382+00:00,89.7741,0.0099,96.7368,0.0806,0.75,0.0,1500.0,0.0,5.4003
1562.0,2026-05-06T17:39:53.578155+00:00,89.7685,0.0076,96.7977,0.062,0.75,0.0,1500.0,0.0,5.4002
1562.5,2026-05-06T17:39:54.084924+00:00,89.7642,0.0695,97.0759,0.2019,0.75,0.0,1500.0,0.0,5.4001
1563.0,2026-05-06T17:39:54.576406+00:00,89.761,-0.0102,97.0584,0.2323,0.75,0.0,1500.0,0.0,5.4
1563.5,2026-05-06T17:39:55.076440+00:00,89.6311,-0.0715,97.0449,0.1785,0.75,0.0,1500.0,0.0,5.4
1564.0,2026-05-06T17:39:55.576424+00:00,89.6586,-0.0549,96.9188,0.1372,0.75,0.0,1500.0,0.0,5.4
1564.5,2026-05-06T17:39:56.077076+00:00,89.5525,-0.1059,97.0533,0.1055,0.75,0.0,1500.0,0.0,5.4
1565.0,2026-05-06T17:39:56.582706+00:00,89.5982,-0.0814,97.0409,0.0811,0.75,0.0,1500.0,0.0,5.4
1565.5,2026-05-06T17:39:57.077859+00:00,89.6333,0.0011,97.1472,0.0237,0.75,0.0,1500.0,0.0,5.4
1566.0,2026-05-06T17:39:57.576382+00:00,89.7876,0.0645,97.3445,0.0954,0.75,0.0,1500.0,0.0,5.4
1566.5,2026-05-06T17:39:58.076602+00:00,89.9062,0.1768,97.3805,0.1119,0.75,0.0,1500.0,0.0,5.3488
1567.0,2026-05-06T17:39:58.576844+00:00,89.9973,0.1995,97.4081,0.1631,0.75,0.0,1500.0,0.0,5.3238
1567.5,2026-05-06T17:39:59.083356+00:00,89.6855,0.0261,97.5451,0.1639,0.75,0.0,1500.0,0.0,5.3116
1568.0,2026-05-06T17:39:59.576190+00:00,89.5732,-0.1072,97.5347,0.1646,0.75,0.0,1500.0,0.0,5.3569
1568.5,2026-05-06T17:40:00.076561+00:00,89.4868,-0.2097,97.4109,0.0879,0.75,0.0,1500.0,0.0,5.379
1569.0,2026-05-06T17:40:00.576200+00:00,89.5477,-0.2248,96.9688,-0.1253,0.75,0.0,1500.0,0.0,5.3897
1569.5,2026-05-06T17:40:01.077652+00:00,89.7218,0.0181,96.8371,-0.1811,0.75,0.0,1500.0,0.0,5.395
1570.0,2026-05-06T17:40:01.584844+00:00,89.7283,0.0776,96.8748,-0.1778,0.75,0.0,1500.0,0.0,5.3976
1570.5,2026-05-06T17:40:02.076580+00:00,89.7333,0.1233,96.6724,-0.2909,0.75,0.0,1500.0,0.0,5.3988
1571.0,2026-05-06T17:40:02.576646+00:00,89.8645,0.1584,96.5168,-0.3393,0.75,0.0,1500.0,0.0,5.3994
1571.5,2026-05-06T17:40:03.077731+00:00,89.838,0.0581,96.5129,-0.2993,0.75,0.0,1500.0,0.0,5.3997
1572.0,2026-05-06T17:40:03.576421+00:00,89.8176,0.0446,96.2785,-0.2301,0.75,0.0,1500.0,0.0,5.3999
1572.5,2026-05-06T17:40:04.084518+00:00,90.0565,0.1616,96.5612,-0.092,0.75,0.0,1500.0,0.0,5.3999
1573.0,2026-05-06T17:40:04.576350+00:00,89.9856,0.0606,96.4082,-0.1555,0.75,0.0,1500.0,0.0,5.4
1573.5,2026-05-06T17:40:05.076434+00:00,90.0583,0.1102,96.4294,-0.081,0.75,0.0,1500.0,0.0,5.4
1574.0,2026-05-06T17:40:05.576505+00:00,89.8597,0.0211,96.5615,0.0149,0.75,0.0,1500.0,0.0,5.4
1574.5,2026-05-06T17:40:06.076855+00:00,89.9616,-0.0475,96.6629,0.05,0.75,0.0,1500.0,0.0,5.4
1575.0,2026-05-06T17:40:06.583062+00:00,90.0399,0.0272,96.6252,0.1156,0.75,0.0,1500.0,0.0,5.4
1575.5,2026-05-06T17:40:07.078893+00:00,89.9728,-0.0428,96.4806,-0.0269,0.75,0.0,1500.0,0.0,5.4
1576.0,2026-05-06T17:40:07.576491+00:00,89.794,-0.0329,96.3694,-0.0129,0.75,0.0,1500.0,0.0,5.4
1576.5,2026-05-06T17:40:08.076887+00:00,89.7838,-0.0889,96.3996,-0.0099,0.75,0.0,1500.0,0.0,5.4
1577.0,2026-05-06T17:40:08.576934+00:00,90.0305,-0.0047,96.3071,-0.0848,0.75,0.0,1500.0,0.0,5.4
1577.5,2026-05-06T17:40:09.084962+00:00,90.0929,0.06,96.3518,-0.1037,0.75,0.0,1500.0,0.0,5.4
1578.0,2026-05-06T17:40:09.576452+00:00,90.1408,0.1734,96.5018,-0.0412,0.75,0.0,1500.0,0.0,5.4512
1578.5,2026-05-06T17:40:10.076168+00:00,90.1776,0.1969,96.5014,0.0069,0.75,0.0,1500.0,0.0,5.4762
1579.0,2026-05-06T17:40:10.576544+00:00,89.9514,-0.0396,96.3853,0.0053,0.75,0.0,1500.0,0.0,5.4884
1579.5,2026-05-06T17:40:11.076539+00:00,89.7775,-0.1577,96.5276,0.0427,0.75,0.0,1500.0,0.0,5.4943
1580.0,2026-05-06T17:40:11.582719+00:00,89.7712,-0.1848,96.5212,0.0714,0.75,0.0,1500.0,0.0,5.4972
1580.5,2026-05-06T17:40:12.077088+00:00,89.639,-0.2693,96.5163,0.0548,0.75,0.0,1500.0,0.0,5.5498
1581.0,2026-05-06T17:40:12.576725+00:00,89.6647,-0.1434,96.5125,0.0036,0.75,0.0,1500.0,0.0,5.5755
1581.5,2026-05-06T17:40:13.078480+00:00,89.6844,-0.0466,96.6253,0.0413,0.75,0.0,1500.0,0.0,5.5881
1582.000583,2026-05-06T17:40:13.576974+00:00,89.8269,0.0279,96.5963,0.0703,0.75,0.0,1500.0,0.0,5.5942
1582.5,2026-05-06T17:40:14.082336+00:00,89.9364,0.1487,96.6897,0.0541,0.75,0.0,1500.0,0.0,5.546
1583.00129,2026-05-06T17:40:14.577783+00:00,89.8932,0.1143,96.4144,-0.0356,0.75,0.0,1500.0,0.0,5.5224
1583.500001,2026-05-06T17:40:15.077819+00:00,89.7328,0.0242,96.6425,0.0421,0.75,0.0,1500.0,0.0,5.5109
1584.0,2026-05-06T17:40:15.576505+00:00,89.8641,0.0186,96.7252,0.0709,0.75,0.0,1500.0,0.0,5.5053
1584.5,2026-05-06T17:40:16.076632+00:00,89.9649,0.0143,97.0202,0.1316,0.75,0.0,1500.0,0.0,5.5026
1585.0,2026-05-06T17:40:16.583298+00:00,89.6607,-0.1163,97.1312,0.1783,0.75,0.0,1500.0,0.0,5.5013
1585.5,2026-05-06T17:40:17.077518+00:00,89.5541,-0.0894,97.2166,0.1756,0.75,0.0,1500.0,0.0,5.5006
1586.0,2026-05-06T17:40:17.576390+00:00,89.7267,-0.0687,97.0507,0.2121,0.75,0.0,1500.0,0.0,5.5003
1586.5,2026-05-06T17:40:18.076562+00:00,89.9866,0.0108,97.039,0.1322,0.75,0.0,1500.0,0.0,5.4489
1587.000837,2026-05-06T17:40:18.577218+00:00,90.0591,0.1992,97.1457,0.1402,0.75,0.0,1500.0,0.0,5.4239
1587.5,2026-05-06T17:40:19.087546+00:00,89.9876,0.2168,96.9731,-0.0157,0.75,0.0,1500.0,0.0,5.4117
1588.0,2026-05-06T17:40:19.580509+00:00,89.9326,0.103,96.8636,-0.0892,0.75,0.0,1500.0,0.0,5.4569
1588.5,2026-05-06T17:40:20.076618+00:00,90.0176,0.0155,96.8952,-0.1071,0.75,0.0,1500.0,0.0,5.479
1589.0,2026-05-06T17:40:20.576218+00:00,89.9557,-0.0517,96.9195,-0.0438,0.75,0.0,1500.0,0.0,5.4897
1589.5,2026-05-06T17:40:21.078606+00:00,89.9081,-0.0397,97.0538,0.0049,0.75,0.0,1500.0,0.0,5.4438
1590.0,2026-05-06T17:40:21.585652+00:00,89.8715,-0.0306,97.157,0.0038,0.75,0.0,1500.0,0.0,5.4214
1590.5,2026-05-06T17:40:22.076453+00:00,89.8434,-0.0871,97.1207,0.0492,0.75,0.0,1500.0,0.0,5.4104
1591.0,2026-05-06T17:40:22.576611+00:00,89.9491,-0.0033,97.2085,0.1149,0.75,0.0,1500.0,0.0,5.4051
1591.500354,2026-05-06T17:40:23.076980+00:00,90.0303,0.0611,97.2759,0.1269,0.75,0.0,1500.0,0.0,5.4537
1592.0,2026-05-06T17:40:23.576766+00:00,89.9654,0.0469,97.3278,0.1361,0.75,0.0,1500.0,0.0,5.4262
1592.5,2026-05-06T17:40:24.084618+00:00,90.0428,0.0997,97.3676,0.1046,0.75,0.0,1500.0,0.0,5.4128
1593.0,2026-05-06T17:40:24.576722+00:00,90.1023,0.0766,97.3983,0.0804,0.75,0.0,1500.0,0.0,5.4062
1593.5,2026-05-06T17:40:25.076492+00:00,89.8935,-0.0684,97.3061,0.0618,0.75,0.0,1500.0,0.0,5.403
1594.0,2026-05-06T17:40:25.578740+00:00,90.1149,0.0747,96.8882,-0.1068,0.75,0.0,1500.0,0.0,5.4015
1594.5,2026-05-06T17:40:26.076427+00:00,90.0304,-0.0062,96.7983,-0.1592,0.75,0.0,1500.0,0.0,5.4007
1595.0,2026-05-06T17:40:26.590535+00:00,90.0928,-0.0048,96.9607,-0.1224,0.75,0.0,1500.0,0.0,5.4004
1595.5,2026-05-06T17:40:27.076267+00:00,90.1408,0.1236,96.9698,-0.1326,0.75,0.0,1500.0,0.0,5.4002
1596.0,2026-05-06T17:40:27.576440+00:00,90.0503,-0.0323,96.8611,-0.1791,0.75,0.0,1500.0,0.0,5.4001
1596.5,2026-05-06T17:40:28.076190+00:00,89.8536,-0.0884,96.8932,-0.1376,0.75,0.0,1500.0,0.0,5.4
1597.0,2026-05-06T17:40:28.576726+00:00,89.8296,-0.1316,97.0336,0.0485,0.75,0.0,1500.0,0.0,5.4
1597.500851,2026-05-06T17:40:29.083857+00:00,89.6839,-0.2284,96.7945,-0.0013,0.75,0.0,1500.0,0.0,5.4
1598.002591,2026-05-06T17:40:29.578947+00:00,89.6992,-0.1756,96.842,-0.0396,0.75,0.0,1500.0,0.0,5.4
1598.5,2026-05-06T17:40:30.076474+00:00,89.8382,-0.0077,96.7629,-0.069,0.75,0.0,1500.0,0.0,5.4
1599.0,2026-05-06T17:40:30.578920+00:00,89.8178,-0.0059,96.8177,-0.0144,0.75,0.0,1500.0,0.0,5.4
1599.5,2026-05-06T17:40:31.076425+00:00,89.6749,-0.0045,96.7442,-0.0497,0.75,0.0,1500.0,0.0,5.4
1600.0,2026-05-06T17:40:31.582822+00:00,89.6922,-0.0035,96.9191,-0.0382,0.75,0.0,1500.0,0.0,5.4
1600.5,2026-05-06T17:40:32.076677+00:00,89.9601,0.061,97.0535,0.0864,0.75,0.0,1500.0,0.0,5.4512
1601.002799,2026-05-06T17:40:32.579141+00:00,89.9115,0.0469,96.8329,-0.003,0.75,0.0,1500.0,0.0,5.4762
1601.5,2026-05-06T17:40:33.076186+00:00,90.256,0.2906,96.9873,0.0748,0.75,0.0,1500.0,0.0,5.4884
1602.0,2026-05-06T17:40:33.577517+00:00,90.1389,0.2233,96.9902,0.0575,0.75,0.0,1500.0,0.0,5.4943
1602.5,2026-05-06T17:40:34.088471+00:00,90.0489,0.0444,96.7611,0.0056,0.75,0.0,1500.0,0.0,5.446
1603.0,2026-05-06T17:40:34.576415+00:00,89.8525,-0.0295,96.9321,0.0043,0.75,0.0,1500.0,0.0,5.4737
1603.5,2026-05-06T17:40:35.077036+00:00,89.8287,-0.2136,96.8321,-0.0738,0.75,0.0,1500.0,0.0,5.4871
1604.0,2026-05-06T17:40:35.577174+00:00,89.9378,-0.1005,96.9866,0.0513,0.75,0.0,1500.0,0.0,5.4937
1604.5,2026-05-06T17:40:36.076430+00:00,89.8943,-0.0773,96.874,-0.0377,0.75,0.0,1500.0,0.0,5.4457
1605.0,2026-05-06T17:40:36.581300+00:00,89.9882,0.0679,97.0189,0.0096,0.75,0.0,1500.0,0.0,5.4223
1605.500001,2026-05-06T17:40:37.076620+00:00,89.9331,0.0522,97.1302,0.123,0.75,0.0,1500.0,0.0,5.4109
1606.0,2026-05-06T17:40:37.576647+00:00,90.018,0.0401,97.2158,0.0946,0.75,0.0,1500.0,0.0,5.4053
1606.5,2026-05-06T17:40:38.077984+00:00,89.956,0.0308,97.1658,0.1113,0.75,0.0,1500.0,0.0,5.4026
1607.0,2026-05-06T17:40:38.576349+00:00,90.0356,0.0237,97.2432,0.0855,0.75,0.0,1500.0,0.0,5.4013
1607.50219,2026-05-06T17:40:39.087081+00:00,89.9695,0.0182,97.3026,0.1429,0.75,0.0,1500.0,0.0,5.4006
1608.0,2026-05-06T17:40:39.576214+00:00,90.046,0.014,97.0012,-0.0059,0.75,0.0,1500.0,0.0,5.4003
1608.5,2026-05-06T17:40:40.077129+00:00,90.1048,0.0744,97.0009,-0.0431,0.75,0.0,1500.0,0.0,5.4001
1609.000448,2026-05-06T17:40:40.577057+00:00,90.0227,-0.0065,97.1164,-0.0331,0.75,0.0,1500.0,0.0,5.4001
1609.5,2026-05-06T17:40:41.076447+00:00,89.9596,-0.005,96.9738,-0.064,0.75,0.0,1500.0,0.0,5.4
1610.0,2026-05-06T17:40:41.589177+00:00,89.7838,-0.1311,97.0955,-0.0492,0.75,0.0,1500.0,0.0,5.4
1610.500138,2026-05-06T17:40:42.076771+00:00,89.6487,-0.228,97.0734,-0.0764,0.75,0.0,1500.0,0.0,5.4
1611.0,2026-05-06T17:40:42.576364+00:00,89.6722,-0.1753,97.1721,0.057,0.75,0.0,1500.0,0.0,5.4
1611.5,2026-05-06T17:40:43.076189+00:00,89.8174,-0.0711,97.248,0.0824,0.75,0.0,1500.0,0.0,5.4
1612.0,2026-05-06T17:40:43.577290+00:00,89.9291,0.0726,97.3063,0.0633,0.75,0.0,1500.0,0.0,5.4
1612.5,2026-05-06T17:40:44.081683+00:00,90.0149,0.1831,97.1197,0.0487,0.75,0.0,1500.0,0.0,5.4
1613.0,2026-05-06T17:40:44.577419+00:00,89.8264,0.0771,97.092,-0.0012,0.75,0.0,1500.0,0.0,5.4
1613.5,2026-05-06T17:40:45.076541+00:00,89.936,0.0593,96.7236,-0.1166,0.75,0.0,1500.0,0.0,5.4512
1614.0,2026-05-06T17:40:45.576434+00:00,89.8929,-0.0181,96.7876,-0.1282,0.75,0.0,1500.0,0.0,5.425
1614.5,2026-05-06T17:40:46.077197+00:00,89.9871,-0.0139,96.721,-0.1757,0.75,0.0,1500.0,0.0,5.4122
1615.0,2026-05-06T17:40:46.586050+00:00,89.9323,0.0529,96.6699,-0.2121,0.75,0.0,1500.0,0.0,5.406
1615.5,2026-05-06T17:40:47.076940+00:00,90.0173,0.0407,96.7463,-0.1245,0.75,0.0,1500.0,0.0,5.4541
1616.0,2026-05-06T17:40:47.576424+00:00,90.0828,0.0949,96.6661,-0.142,0.75,0.0,1500.0,0.0,5.4264
1616.500842,2026-05-06T17:40:48.077212+00:00,90.133,0.073,96.512,-0.0705,0.75,0.0,1500.0,0.0,5.4129
1617.0,2026-05-06T17:40:48.576448+00:00,90.1717,0.1197,96.3935,-0.1314,0.75,0.0,1500.0,0.0,5.4063
1617.500596,2026-05-06T17:40:49.082666+00:00,90.0741,0.0284,96.4182,-0.101,0.75,0.0,1500.0,0.0,5.4031
1618.0,2026-05-06T17:40:49.576521+00:00,89.8718,-0.1055,96.6685,-0.0005,0.75,0.0,1500.0,0.0,5.4527
1618.5,2026-05-06T17:40:50.076507+00:00,90.0982,-0.0174,96.8609,0.0382,0.75,0.0,1500.0,0.0,5.4769
1619.000433,2026-05-06T17:40:50.577263+00:00,89.8903,-0.1407,97.0088,0.1142,0.75,0.0,1500.0,0.0,5.4887
1619.5,2026-05-06T17:40:51.076367+00:00,89.9851,-0.0445,97.1225,0.2035,0.75,0.0,1500.0,0.0,5.4945
1620.0,2026-05-06T17:40:51.584368+00:00,89.9307,0.0294,97.3255,0.3107,0.75,0.0,1500.0,0.0,5.4973
1620.5,2026-05-06T17:40:52.076718+00:00,89.7616,-0.1683,97.3659,0.3159,0.75,0.0,1500.0,0.0,5.4475
1621.0,2026-05-06T17:40:52.576506+00:00,89.6317,-0.1293,97.1887,0.1734,0.75,0.0,1500.0,0.0,5.4232
1621.5,2026-05-06T17:40:53.077598+00:00,89.7863,-0.0994,97.3764,0.1718,0.75,0.0,1500.0,0.0,5.4113
1622.0,2026-05-06T17:40:53.577085+00:00,89.7779,-0.0764,97.2893,0.0935,0.75,0.0,1500.0,0.0,5.4055
1622.5,2026-05-06T17:40:54.085104+00:00,89.7715,0.0049,97.3381,0.0719,0.75,0.0,1500.0,0.0,5.4027
1623.0,2026-05-06T17:40:54.576575+00:00,89.8938,0.131,97.3755,0.0167,0.75,0.0,1500.0,0.0,5.4525
1623.5,2026-05-06T17:40:55.078671+00:00,89.7332,-0.0265,97.4043,0.0128,0.75,0.0,1500.0,0.0,5.4256
1624.0,2026-05-06T17:40:55.577832+00:00,89.7371,-0.0204,97.3108,0.0407,0.75,0.0,1500.0,0.0,5.4125
1624.5,2026-05-06T17:40:56.076455+00:00,89.7401,-0.0157,97.3546,-0.0073,0.75,0.0,1500.0,0.0,5.4061
1625.0,2026-05-06T17:40:56.590420+00:00,89.7424,-0.0757,97.1568,-0.0442,0.75,0.0,1500.0,0.0,5.403
1625.5,2026-05-06T17:40:57.076715+00:00,89.8714,0.0691,97.2362,-0.0339,0.75,0.0,1500.0,0.0,5.4015
1626.0,2026-05-06T17:40:57.577193+00:00,89.8433,0.0531,97.0659,-0.1032,0.75,0.0,1500.0,0.0,5.4007
1626.5,2026-05-06T17:40:58.076619+00:00,89.8217,0.0408,97.1663,-0.0793,0.75,0.0,1500.0,0.0,5.4003
1627.000372,2026-05-06T17:40:58.576898+00:00,89.6779,-0.0323,97.1278,-0.061,0.75,0.0,1500.0,0.0,5.4002
1627.5,2026-05-06T17:40:59.083148+00:00,89.6946,-0.0884,97.214,-0.0469,0.75,0.0,1500.0,0.0,5.4001
1628.000637,2026-05-06T17:40:59.577435+00:00,89.8347,-0.0043,97.2801,0.0411,0.75,0.0,1500.0,0.0,5.4
1628.5,2026-05-06T17:41:00.076960+00:00,90.0696,0.1239,97.4467,0.0702,0.75,0.0,1500.0,0.0,5.4
1629.0,2026-05-06T17:41:00.577683+00:00,89.9956,0.1589,97.459,0.1311,0.75,0.0,1500.0,0.0,5.4
1629.5,2026-05-06T17:41:01.077099+00:00,90.0661,0.1858,97.3528,0.0622,0.75,0.0,1500.0,0.0,5.4
1630.0,2026-05-06T17:41:01.580883+00:00,90.1202,0.1428,97.3869,0.0863,0.75,0.0,1500.0,0.0,5.4
1630.5,2026-05-06T17:41:02.076488+00:00,90.1618,0.0461,97.4131,0.0664,0.75,0.0,1500.0,0.0,5.4
1631.000001,2026-05-06T17:41:02.576595+00:00,90.0665,0.0354,97.4332,0.051,0.75,0.0,1500.0,0.0,5.4
1631.5,2026-05-06T17:41:03.076643+00:00,89.9933,-0.0364,97.4486,0.0006,0.75,0.0,1500.0,0.0,5.4
1632.0,2026-05-06T17:41:03.576688+00:00,90.1915,0.0357,97.4605,0.0005,0.75,0.0,1500.0,0.0,5.4
1632.500577,2026-05-06T17:41:04.082226+00:00,90.2166,0.0274,97.4697,0.0389,0.75,0.0,1500.0,0.0,5.4
1633.00104,2026-05-06T17:41:04.577511+00:00,90.1086,0.0211,97.4767,0.0299,0.75,0.0,1500.0,0.0,5.4512
1633.5,2026-05-06T17:41:05.080482+00:00,90.2802,0.1435,97.5978,0.0616,0.75,0.0,1500.0,0.0,5.4762
1634.0,2026-05-06T17:41:05.577560+00:00,90.2848,0.0466,97.4595,0.0088,0.75,0.0,1500.0,0.0,5.4372
1634.5,2026-05-06T17:41:06.076398+00:00,90.0338,-0.0914,97.4688,0.0067,0.75,0.0,1500.0,0.0,5.4181
1635.0,2026-05-06T17:41:06.583130+00:00,90.0954,-0.0066,97.476,0.0052,0.75,0.0,1500.0,0.0,5.4089
1635.5,2026-05-06T17:41:07.077734+00:00,89.8882,-0.196,97.4816,0.004,0.75,0.0,1500.0,0.0,5.4043
1636.0,2026-05-06T17:41:07.576462+00:00,89.7289,-0.2779,97.3701,-0.0355,0.75,0.0,1500.0,0.0,5.4021
1636.5,2026-05-06T17:41:08.077104+00:00,89.7338,-0.15,97.5159,-0.0273,0.75,0.0,1500.0,0.0,5.401
1637.003985,2026-05-06T17:41:08.580444+00:00,89.7376,-0.1789,97.1651,-0.0981,0.75,0.0,1500.0,0.0,5.4005
1637.5,2026-05-06T17:41:09.084375+00:00,89.7404,-0.0739,97.2426,-0.0754,0.75,0.0,1500.0,0.0,5.4002
1638.0,2026-05-06T17:41:09.576362+00:00,89.8699,0.0705,97.1633,-0.1042,0.75,0.0,1500.0,0.0,5.4513
1638.5,2026-05-06T17:41:10.080548+00:00,89.9694,0.1178,96.8941,-0.1958,0.75,0.0,1500.0,0.0,5.4762
1639.0,2026-05-06T17:41:10.576428+00:00,89.9187,0.0906,97.0343,-0.1119,0.75,0.0,1500.0,0.0,5.4884
1639.500559,2026-05-06T17:41:11.076947+00:00,90.0069,0.1332,96.9107,-0.2017,0.75,0.0,1500.0,0.0,5.4943
1640.0,2026-05-06T17:41:11.585225+00:00,90.0747,0.1024,96.8157,-0.1165,0.75,0.0,1500.0,0.0,5.4972
1640.5,2026-05-06T17:41:12.076500+00:00,89.9996,0.0151,96.8583,-0.1281,0.75,0.0,1500.0,0.0,5.4987
1641.0,2026-05-06T17:41:12.576908+00:00,90.0691,0.0752,96.8911,-0.0907,0.75,0.0,1500.0,0.0,5.4993
1641.501896,2026-05-06T17:41:13.078307+00:00,89.9953,-0.0058,96.9163,0.0074,0.75,0.0,1500.0,0.0,5.4997
1642.0,2026-05-06T17:41:13.576677+00:00,89.8112,-0.1317,97.0514,0.0057,0.75,0.0,1500.0,0.0,5.4998
1642.500611,2026-05-06T17:41:14.083187+00:00,89.7971,-0.1013,97.0395,0.0429,0.75,0.0,1500.0,0.0,5.4487
1643.0,2026-05-06T17:41:14.577367+00:00,89.6589,-0.2051,97.0303,0.0716,0.75,0.0,1500.0,0.0,5.475
1643.5,2026-05-06T17:41:15.077056+00:00,89.8073,-0.094,96.9076,0.0164,0.75,0.0,1500.0,0.0,5.4878
1644.001778,2026-05-06T17:41:15.578102+00:00,89.9213,0.055,96.6976,-0.0645,0.75,0.0,1500.0,0.0,5.494
1644.5,2026-05-06T17:41:16.076814+00:00,90.1362,0.1696,96.6519,-0.0881,0.75,0.0,1500.0,0.0,5.4971
1645.0,2026-05-06T17:41:16.583035+00:00,90.0468,0.194,96.6167,-0.1449,0.75,0.0,1500.0,0.0,5.4986
1645.5,2026-05-06T17:41:17.077127+00:00,90.1054,0.1491,96.5897,-0.1499,0.75,0.0,1500.0,0.0,5.4481
1646.0,2026-05-06T17:41:17.577361+00:00,90.1504,0.1146,96.569,-0.1538,0.75,0.0,1500.0,0.0,5.4235
1646.5,2026-05-06T17:41:18.077015+00:00,90.4396,0.1517,96.553,-0.1182,0.75,0.0,1500.0,0.0,5.4115
1647.0,2026-05-06T17:41:18.577076+00:00,90.28,0.1166,96.6564,-0.0137,0.75,0.0,1500.0,0.0,5.4056
1647.5,2026-05-06T17:41:19.085830+00:00,90.2846,0.0896,96.6202,-0.0105,0.75,0.0,1500.0,0.0,5.4027
1648.0,2026-05-06T17:41:19.576874+00:00,90.2882,0.0689,96.8238,0.069,0.75,0.0,1500.0,0.0,5.4525
1648.5,2026-05-06T17:41:20.080550+00:00,90.1637,-0.138,96.7257,0.0453,0.75,0.0,1500.0,0.0,5.4256
1649.0,2026-05-06T17:41:20.576883+00:00,90.0679,-0.106,96.7892,0.0734,0.75,0.0,1500.0,0.0,5.4637
1649.5,2026-05-06T17:41:21.078878+00:00,90.1216,-0.0815,96.9537,0.1336,0.75,0.0,1500.0,0.0,5.4823
1650.001645,2026-05-06T17:41:21.582949+00:00,89.9084,-0.1899,96.8487,0.0641,0.75,0.0,1500.0,0.0,5.4914
1650.5,2026-05-06T17:41:22.076374+00:00,89.999,-0.0823,96.9994,0.1264,0.75,0.0,1500.0,0.0,5.4958
1651.0,2026-05-06T17:41:22.576187+00:00,90.0686,0.0004,97.1152,0.0971,0.75,0.0,1500.0,0.0,5.4979
1651.5,2026-05-06T17:41:23.076470+00:00,90.1222,0.0003,97.0886,0.1209,0.75,0.0,1500.0,0.0,5.499
1652.0,2026-05-06T17:41:23.576973+00:00,90.1633,0.1275,97.1838,0.1315,0.75,0.0,1500.0,0.0,5.4483
1652.5,2026-05-06T17:41:24.083993+00:00,90.195,0.098,97.1413,0.0625,0.75,0.0,1500.0,0.0,5.4236
1653.0,2026-05-06T17:41:24.577712+00:00,90.2193,0.0753,97.2243,0.1252,0.75,0.0,1500.0,0.0,5.4627
1653.5,2026-05-06T17:41:25.076940+00:00,90.3652,0.1215,97.2881,0.0962,0.75,0.0,1500.0,0.0,5.4818
1654.0,2026-05-06T17:41:25.576516+00:00,90.2229,0.0298,96.99,-0.0417,0.75,0.0,1500.0,0.0,5.4911
1654.5,2026-05-06T17:41:26.076504+00:00,90.368,0.0865,96.9923,-0.0321,0.75,0.0,1500.0,0.0,5.4445
1655.0,2026-05-06T17:41:26.584065+00:00,90.0977,-0.0608,96.7627,-0.1404,0.75,0.0,1500.0,0.0,5.4217
1655.500224,2026-05-06T17:41:27.076629+00:00,90.1445,-0.1103,96.7019,-0.1464,0.75,0.0,1500.0,0.0,5.4618
1656.0,2026-05-06T17:41:27.578413+00:00,89.926,-0.1484,96.4238,-0.2668,0.75,0.0,1500.0,0.0,5.4814
1656.5,2026-05-06T17:41:28.076432+00:00,90.0125,-0.1777,96.3257,-0.3208,0.75,0.0,1500.0,0.0,5.4909
1657.0,2026-05-06T17:41:28.581006+00:00,90.2063,0.0543,96.7132,-0.0923,0.75,0.0,1500.0,0.0,5.4956
1657.5,2026-05-06T17:41:29.081777+00:00,90.1007,-0.0219,96.7795,-0.0709,0.75,0.0,1500.0,0.0,5.4466
1658.001978,2026-05-06T17:41:29.578211+00:00,90.0196,0.0468,96.8305,0.0226,0.75,0.0,1500.0,0.0,5.474
1658.5,2026-05-06T17:41:30.078450+00:00,89.9572,-0.0277,96.8698,0.0559,0.75,0.0,1500.0,0.0,5.4873
1659.000607,2026-05-06T17:41:30.577095+00:00,90.0365,-0.0849,97.0156,0.1973,0.75,0.0,1500.0,0.0,5.4938
1659.500324,2026-05-06T17:41:31.076851+00:00,90.0975,-0.0016,97.012,0.2288,0.75,0.0,1500.0,0.0,5.497
1660.0,2026-05-06T17:41:31.585464+00:00,90.1443,0.0624,96.8704,0.0524,0.75,0.0,1500.0,0.0,5.4985
1660.5,2026-05-06T17:41:32.076335+00:00,90.0531,0.048,96.7847,0.0017,0.75,0.0,1500.0,0.0,5.4481
1661.000767,2026-05-06T17:41:32.577169+00:00,89.983,-0.0268,96.7188,-0.0372,0.75,0.0,1500.0,0.0,5.4235
1661.5,2026-05-06T17:41:33.076753+00:00,90.0563,-0.0206,96.6682,-0.0672,0.75,0.0,1500.0,0.0,5.4114
1662.0,2026-05-06T17:41:33.577154+00:00,90.1127,-0.0158,96.745,-0.0902,0.75,0.0,1500.0,0.0,5.4056
1662.5,2026-05-06T17:41:34.087436+00:00,90.156,0.0515,96.804,-0.0693,0.75,0.0,1500.0,0.0,5.4027
1663.0,2026-05-06T17:41:34.576480+00:00,90.0621,0.0396,96.8493,-0.007,0.75,0.0,1500.0,0.0,5.4013
1663.5,2026-05-06T17:41:35.076507+00:00,89.9899,-0.0332,96.8842,0.0332,0.75,0.0,1500.0,0.0,5.4006
1664.0,2026-05-06T17:41:35.577586+00:00,89.9344,-0.0892,97.0267,0.1026,0.75,0.0,1500.0,0.0,5.4003
1664.5,2026-05-06T17:41:36.076466+00:00,90.019,-0.0685,97.1362,0.156,0.75,0.0,1500.0,0.0,5.4002
1665.0,2026-05-06T17:41:36.582891+00:00,90.084,0.011,97.1047,0.1199,0.75,0.0,1500.0,0.0,5.4001
1665.5,2026-05-06T17:41:37.076451+00:00,90.134,0.0721,96.9648,0.0536,0.75,0.0,1500.0,0.0,5.4
1666.0,2026-05-06T17:41:37.577422+00:00,90.1724,0.119,97.0886,0.0798,0.75,0.0,1500.0,0.0,5.4
1666.5,2026-05-06T17:41:38.076474+00:00,90.2019,0.0915,97.0681,0.0613,0.75,0.0,1500.0,0.0,5.4
1667.0,2026-05-06T17:41:38.576421+00:00,90.3519,0.1339,96.7053,-0.1071,0.75,0.0,1500.0,0.0,5.4512
1667.5,2026-05-06T17:41:39.088627+00:00,90.3399,0.1029,96.6578,-0.1595,0.75,0.0,1500.0,0.0,5.425
1668.0,2026-05-06T17:41:39.579101+00:00,90.2034,0.0155,96.6213,-0.1611,0.75,0.0,1500.0,0.0,5.4634
1668.500655,2026-05-06T17:41:40.077555+00:00,89.9712,-0.1154,96.5932,-0.1239,0.75,0.0,1500.0,0.0,5.4821
1669.0,2026-05-06T17:41:40.577686+00:00,90.0473,-0.1523,96.4328,-0.2186,0.75,0.0,1500.0,0.0,5.4913
1669.5,2026-05-06T17:41:41.076457+00:00,89.9785,-0.1807,96.3326,-0.2452,0.75,0.0,1500.0,0.0,5.4957
1670.0,2026-05-06T17:41:41.585810+00:00,90.0529,-0.0752,96.2557,-0.1499,0.75,0.0,1500.0,0.0,5.4979
1670.5,2026-05-06T17:41:42.076606+00:00,90.1101,0.0694,96.3122,-0.1152,0.75,0.0,1500.0,0.0,5.4478
1671.0,2026-05-06T17:41:42.576378+00:00,90.154,0.0534,96.3557,-0.0885,0.75,0.0,1500.0,0.0,5.4233
1671.5,2026-05-06T17:41:43.076341+00:00,90.0605,0.041,96.2734,-0.1066,0.75,0.0,1500.0,0.0,5.4114
1672.0,2026-05-06T17:41:43.576815+00:00,90.1159,0.0315,96.3258,-0.0357,0.75,0.0,1500.0,0.0,5.4056
1672.500583,2026-05-06T17:41:44.087707+00:00,90.1585,0.0242,96.1347,-0.066,0.75,0.0,1500.0,0.0,5.4027
1673.0,2026-05-06T17:41:44.576404+00:00,90.064,-0.045,96.1035,-0.0507,0.75,0.0,1500.0,0.0,5.4525
1673.5,2026-05-06T17:41:45.076455+00:00,89.9913,-0.0346,96.4267,0.0382,0.75,0.0,1500.0,0.0,5.4256
1674.0,2026-05-06T17:41:45.576444+00:00,89.9355,-0.0902,96.3279,-0.0092,0.75,0.0,1500.0,0.0,5.4125
1674.5,2026-05-06T17:41:46.080486+00:00,89.8926,-0.133,96.4835,0.07,0.75,0.0,1500.0,0.0,5.4061
1675.0,2026-05-06T17:41:46.584109+00:00,89.8596,-0.1022,96.4873,0.0538,0.75,0.0,1500.0,0.0,5.403
1675.5,2026-05-06T17:41:47.076387+00:00,89.9615,-0.0149,96.5828,0.1494,0.75,0.0,1500.0,0.0,5.4015
1676.0,2026-05-06T17:41:47.576429+00:00,89.9126,-0.0115,96.795,0.2305,0.75,0.0,1500.0,0.0,5.4007
1676.5,2026-05-06T17:41:48.076488+00:00,90.1295,0.1185,96.8425,0.1386,0.75,0.0,1500.0,0.0,5.4003
1677.0,2026-05-06T17:41:48.576208+00:00,90.0417,0.091,96.7632,0.1451,0.75,0.0,1500.0,0.0,5.4002
1677.5,2026-05-06T17:41:49.086429+00:00,90.1014,0.07,96.818,0.1115,0.75,0.0,1500.0,0.0,5.4001
1678.0,2026-05-06T17:41:49.576534+00:00,90.1474,0.1174,96.8601,0.1243,0.75,0.0,1500.0,0.0,5.4
1678.5,2026-05-06T17:41:50.076565+00:00,90.0554,-0.037,96.8925,0.1032,0.75,0.0,1500.0,0.0,5.4
1679.0,2026-05-06T17:41:50.577106+00:00,90.112,0.0352,97.0331,0.0793,0.75,0.0,1500.0,0.0,5.4
1679.5,2026-05-06T17:41:51.078904+00:00,90.1555,0.027,97.0254,0.061,0.75,0.0,1500.0,0.0,5.4
1680.0,2026-05-06T17:41:51.583141+00:00,90.189,0.0208,97.1352,0.124,0.75,0.0,1500.0,0.0,5.4
1680.5,2026-05-06T17:41:52.078774+00:00,90.2147,0.0796,97.2196,0.1339,0.75,0.0,1500.0,0.0,5.4
1681.0,2026-05-06T17:41:52.576559+00:00,90.1071,-0.0024,97.2845,0.1415,0.75,0.0,1500.0,0.0,5.4
1681.5,2026-05-06T17:41:53.078036+00:00,90.0245,-0.0655,97.103,0.0702,0.75,0.0,1500.0,0.0,5.4
1682.000587,2026-05-06T17:41:53.576974+00:00,89.961,-0.114,96.9866,-0.0155,0.75,0.0,1500.0,0.0,5.4
1682.501462,2026-05-06T17:41:54.092625+00:00,90.1667,-0.024,97.1054,0.0267,0.75,0.0,1500.0,0.0,5.3488
1683.0,2026-05-06T17:41:54.576564+00:00,90.0703,-0.0184,97.3124,0.0591,0.75,0.0,1500.0,0.0,5.375
1683.5,2026-05-06T17:41:55.080623+00:00,89.8689,-0.0778,97.3558,0.0454,0.75,0.0,1500.0,0.0,5.3878
1684.0,2026-05-06T17:41:55.580480+00:00,90.0959,0.0675,97.2735,-0.0037,0.75,0.0,1500.0,0.0,5.394
1684.5,2026-05-06T17:41:56.079127+00:00,90.0159,-0.0754,97.3259,0.0743,0.75,0.0,1500.0,0.0,5.3971
1685.0,2026-05-06T17:41:56.582815+00:00,89.9544,-0.058,97.4819,0.1651,0.75,0.0,1500.0,0.0,5.3986
1685.5,2026-05-06T17:41:57.077939+00:00,90.0343,0.0827,97.4861,0.1269,0.75,0.0,1500.0,0.0,5.3993
1686.0,2026-05-06T17:41:57.576506+00:00,89.9685,-0.0637,97.3736,0.0204,0.75,0.0,1500.0,0.0,5.3997
1686.5,2026-05-06T17:41:58.077136+00:00,90.0452,0.0147,97.4028,0.0157,0.75,0.0,1500.0,0.0,5.3998
1687.0,2026-05-06T17:41:58.577869+00:00,90.1042,0.0749,97.3096,0.012,0.75,0.0,1500.0,0.0,5.4511
1687.5,2026-05-06T17:41:59.083453+00:00,90.0222,-0.0061,97.238,-0.0293,0.75,0.0,1500.0,0.0,5.4249
1688.0,2026-05-06T17:41:59.576416+00:00,90.0865,0.059,97.1829,-0.0997,0.75,0.0,1500.0,0.0,5.4634
1688.500602,2026-05-06T17:42:00.076953+00:00,90.0086,-0.0183,97.2563,-0.0766,0.75,0.0,1500.0,0.0,5.4821
1689.001769,2026-05-06T17:42:00.578139+00:00,90.2033,0.0496,97.4284,0.0183,0.75,0.0,1500.0,0.0,5.4913
1689.500641,2026-05-06T17:42:01.077038+00:00,90.0984,0.0381,97.2136,-0.0631,0.75,0.0,1500.0,0.0,5.4957
1690.0,2026-05-06T17:42:01.584457+00:00,90.1451,0.0293,97.141,-0.0562,0.75,0.0,1500.0,0.0,5.4979
1690.5,2026-05-06T17:42:02.076557+00:00,89.9264,-0.0411,97.3398,0.0339,0.75,0.0,1500.0,0.0,5.499
1691.000654,2026-05-06T17:42:02.577053+00:00,89.8856,-0.1589,97.0297,-0.0511,0.75,0.0,1500.0,0.0,5.4995
1691.5,2026-05-06T17:42:03.079088+00:00,89.8542,-0.1221,96.884,-0.1241,0.75,0.0,1500.0,0.0,5.4998
1692.0,2026-05-06T17:42:03.576659+00:00,90.0846,-0.0302,96.9109,-0.1725,0.75,0.0,1500.0,0.0,5.4999
1692.5,2026-05-06T17:42:04.082201+00:00,90.1345,0.104,96.8158,-0.1326,0.75,0.0,1500.0,0.0,5.4487
1693.0,2026-05-06T17:42:04.577545+00:00,89.9182,0.0163,96.9741,-0.0556,0.75,0.0,1500.0,0.0,5.475
1693.5,2026-05-06T17:42:05.077114+00:00,90.0066,0.0762,96.7487,-0.197,0.75,0.0,1500.0,0.0,5.4878
1694.0,2026-05-06T17:42:05.576548+00:00,90.0745,-0.0051,96.9226,-0.0357,0.75,0.0,1500.0,0.0,5.494
1694.5,2026-05-06T17:42:06.076416+00:00,89.8721,-0.1312,96.9405,0.0188,0.75,0.0,1500.0,0.0,5.4971
1695.0,2026-05-06T17:42:06.583077+00:00,90.0984,0.0901,96.8385,-0.0241,0.75,0.0,1500.0,0.0,5.4474
1695.500469,2026-05-06T17:42:07.076846+00:00,90.1451,0.0692,96.9916,0.0586,0.75,0.0,1500.0,0.0,5.4743
1696.001506,2026-05-06T17:42:07.577736+00:00,90.3082,0.1169,97.225,0.0836,0.75,0.0,1500.0,0.0,5.4875
1696.5,2026-05-06T17:42:08.076385+00:00,90.4336,0.2807,97.2886,0.18,0.75,0.0,1500.0,0.0,5.4939
1697.0,2026-05-06T17:42:08.576412+00:00,90.5299,0.2158,97.3375,0.1383,0.75,0.0,1500.0,0.0,5.497
1697.5,2026-05-06T17:42:09.086753+00:00,90.3494,0.1022,97.3751,0.1449,0.75,0.0,1500.0,0.0,5.4473
1698.0,2026-05-06T17:42:09.579200+00:00,90.338,0.0149,97.2883,0.1499,0.75,0.0,1500.0,0.0,5.4743
1698.5,2026-05-06T17:42:10.079379+00:00,90.2019,-0.1158,97.453,0.1538,0.75,0.0,1500.0,0.0,5.4875
1699.0,2026-05-06T17:42:10.576409+00:00,90.2246,-0.1526,97.4639,0.0796,0.75,0.0,1500.0,0.0,5.4939
1699.5,2026-05-06T17:42:11.077089+00:00,90.2421,-0.0537,97.5879,0.0998,0.75,0.0,1500.0,0.0,5.497
1700.0,2026-05-06T17:42:11.588641+00:00,90.1282,-0.1049,97.3362,-0.0004,0.75,0.0,1500.0,0.0,5.4985
1700.5,2026-05-06T17:42:12.076438+00:00,90.0407,-0.0806,97.2584,-0.0389,0.75,0.0,1500.0,0.0,5.4993
1701.0,2026-05-06T17:42:12.576747+00:00,90.228,0.0017,97.3143,0.0087,0.75,0.0,1500.0,0.0,5.4997
1701.5,2026-05-06T17:42:13.077559+00:00,90.1174,-0.0624,97.473,0.0067,0.75,0.0,1500.0,0.0,5.4998
1702.000264,2026-05-06T17:42:13.576639+00:00,90.1596,0.0157,97.4792,0.0051,0.75,0.0,1500.0,0.0,5.4999
1702.5,2026-05-06T17:42:14.084584+00:00,90.1921,0.0757,97.484,-0.0346,0.75,0.0,1500.0,0.0,5.5
1703.0,2026-05-06T17:42:14.576500+00:00,90.0898,-0.0691,97.4877,0.0505,0.75,0.0,1500.0,0.0,5.5
1703.500588,2026-05-06T17:42:15.076972+00:00,90.0112,-0.0531,97.4906,0.0774,0.75,0.0,1500.0,0.0,5.5
1704.0,2026-05-06T17:42:15.577091+00:00,89.9507,-0.1044,97.4696,0.0518,0.75,0.0,1500.0,0.0,5.5
1704.5,2026-05-06T17:42:16.076346+00:00,89.777,-0.2075,97.3609,-0.0373,0.75,0.0,1500.0,0.0,5.5
1705.001407,2026-05-06T17:42:16.583813+00:00,90.0253,-0.0322,97.5088,0.0099,0.75,0.0,1500.0,0.0,5.5
1705.5,2026-05-06T17:42:17.076426+00:00,89.9616,-0.0248,97.6225,0.0461,0.75,0.0,1500.0,0.0,5.4488
1706.0,2026-05-06T17:42:17.576316+00:00,90.0399,0.0446,97.5941,0.0355,0.75,0.0,1500.0,0.0,5.4238
1706.5,2026-05-06T17:42:18.076185+00:00,90.1001,0.1615,97.4567,-0.0113,0.75,0.0,1500.0,0.0,5.4116
1707.002086,2026-05-06T17:42:18.578415+00:00,90.2736,0.1242,97.2353,-0.0781,0.75,0.0,1500.0,0.0,5.4057
1707.5,2026-05-06T17:42:19.081265+00:00,90.2797,0.1591,97.0651,-0.0986,0.75,0.0,1500.0,0.0,5.4028
1708.0,2026-05-06T17:42:19.577810+00:00,90.4117,0.1859,97.1658,-0.1144,0.75,0.0,1500.0,0.0,5.4014
1708.5,2026-05-06T17:42:20.076555+00:00,90.2586,0.0792,97.1274,-0.165,0.75,0.0,1500.0,0.0,5.4007
1709.0,2026-05-06T17:42:20.576702+00:00,90.3954,0.0609,96.9822,-0.204,0.75,0.0,1500.0,0.0,5.4515
1709.5,2026-05-06T17:42:21.076502+00:00,90.3733,0.0468,96.9863,-0.1568,0.75,0.0,1500.0,0.0,5.4763
1710.0,2026-05-06T17:42:21.584692+00:00,90.2291,-0.0913,96.9895,-0.0819,0.75,0.0,1500.0,0.0,5.4885
1710.5,2026-05-06T17:42:22.077248+00:00,90.2455,-0.0065,96.9919,-0.0244,0.75,0.0,1500.0,0.0,5.4432
1711.0,2026-05-06T17:42:22.576797+00:00,90.2581,-0.0687,96.9938,-0.0573,0.75,0.0,1500.0,0.0,5.4211
1711.5,2026-05-06T17:42:23.076270+00:00,90.5223,0.0745,96.8795,-0.0826,0.75,0.0,1500.0,0.0,5.4103
1712.0,2026-05-06T17:42:23.576370+00:00,90.4709,0.1209,97.1388,0.0522,0.75,0.0,1500.0,0.0,5.405
1712.5,2026-05-06T17:42:24.088577+00:00,90.3041,0.0293,97.1067,0.0401,0.75,0.0,1500.0,0.0,5.4024
1713.000423,2026-05-06T17:42:24.576853+00:00,90.3031,0.0225,97.082,0.0308,0.75,0.0,1500.0,0.0,5.4524
1713.5,2026-05-06T17:42:25.077718+00:00,90.3024,-0.11,96.9473,-0.0149,0.75,0.0,1500.0,0.0,5.4256
1714.003814,2026-05-06T17:42:25.580330+00:00,90.1746,-0.1482,96.9595,-0.0114,0.75,0.0,1500.0,0.0,5.4125
1714.5,2026-05-06T17:42:26.079255+00:00,90.0763,-0.1139,96.7375,-0.0473,0.75,0.0,1500.0,0.0,5.4061
1715.0,2026-05-06T17:42:26.585822+00:00,90.1281,-0.0875,96.7982,-0.1135,0.75,0.0,1500.0,0.0,5.403
1715.5,2026-05-06T17:42:27.080478+00:00,90.0406,-0.1309,96.8449,-0.0873,0.75,0.0,1500.0,0.0,5.4015
1716.0,2026-05-06T17:42:27.576337+00:00,89.9734,-0.1006,96.8808,-0.0671,0.75,0.0,1500.0,0.0,5.4007
1716.500331,2026-05-06T17:42:28.076670+00:00,89.9217,-0.0773,97.0241,0.0256,0.75,0.0,1500.0,0.0,5.4003
1717.0,2026-05-06T17:42:28.576362+00:00,90.0092,-0.0594,97.1342,0.0582,0.75,0.0,1500.0,0.0,5.4002
1717.5,2026-05-06T17:42:29.083045+00:00,89.822,-0.1093,97.2189,0.1605,0.75,0.0,1500.0,0.0,5.4001
1718.0,2026-05-06T17:42:29.577433+00:00,89.8053,-0.084,97.2839,0.1619,0.75,0.0,1500.0,0.0,5.4512
1718.5,2026-05-06T17:42:30.076597+00:00,89.9198,-0.0009,97.2182,0.1244,0.75,0.0,1500.0,0.0,5.425
1719.0,2026-05-06T17:42:30.576436+00:00,90.0078,-0.0007,97.3991,0.1728,0.75,0.0,1500.0,0.0,5.4122
1719.5,2026-05-06T17:42:31.076429+00:00,89.9481,0.0631,97.4225,0.1328,0.75,0.0,1500.0,0.0,5.406
1720.0,2026-05-06T17:42:31.582710+00:00,90.0295,0.1121,97.5561,0.1406,0.75,0.0,1500.0,0.0,5.4029
1720.5,2026-05-06T17:42:32.079601+00:00,89.9649,0.0225,97.5431,0.1081,0.75,0.0,1500.0,0.0,5.4014
1721.0,2026-05-06T17:42:32.579037+00:00,89.9151,-0.0463,97.3017,0.0059,0.75,0.0,1500.0,0.0,5.4007
1721.5,2026-05-06T17:42:33.076688+00:00,90.0042,0.028,97.1162,-0.034,0.75,0.0,1500.0,0.0,5.4003
1722.0,2026-05-06T17:42:33.577017+00:00,90.0726,0.0216,97.205,-0.0647,0.75,0.0,1500.0,0.0,5.4514
1722.5,2026-05-06T17:42:34.090550+00:00,90.1253,0.0802,97.1576,-0.0883,0.75,0.0,1500.0,0.0,5.4763
1723.0,2026-05-06T17:42:34.576488+00:00,90.1657,0.1253,97.1211,-0.145,0.75,0.0,1500.0,0.0,5.4884
1723.5,2026-05-06T17:42:35.078868+00:00,90.0695,0.0327,97.2088,-0.1114,0.75,0.0,1500.0,0.0,5.4943
1724.0,2026-05-06T17:42:35.578966+00:00,89.9956,-0.0385,97.0216,-0.0934,0.75,0.0,1500.0,0.0,5.4972
1724.5,2026-05-06T17:42:36.076567+00:00,89.9387,-0.0933,97.1323,0.0054,0.75,0.0,1500.0,0.0,5.4987
1725.0,2026-05-06T17:42:36.580884+00:00,90.0223,-0.0717,97.1017,-0.0344,0.75,0.0,1500.0,0.0,5.4993
1725.5,2026-05-06T17:42:37.076428+00:00,90.0866,0.0085,97.0782,-0.0265,0.75,0.0,1500.0,0.0,5.4485
1726.0,2026-05-06T17:42:37.576600+00:00,89.8814,-0.0571,97.1758,0.0182,0.75,0.0,1500.0,0.0,5.4237
1726.5,2026-05-06T17:42:38.079171+00:00,89.851,-0.0439,97.1351,-0.0246,0.75,0.0,1500.0,0.0,5.4115
1727.0,2026-05-06T17:42:38.576394+00:00,89.7004,-0.161,97.2195,0.066,0.75,0.0,1500.0,0.0,5.4056
1727.5,2026-05-06T17:42:39.081991+00:00,89.7119,-0.1874,97.4001,0.0893,0.75,0.0,1500.0,0.0,5.4027
1728.0,2026-05-06T17:42:39.577055+00:00,89.7207,-0.0804,97.4232,0.1072,0.75,0.0,1500.0,0.0,5.4525
1728.5,2026-05-06T17:42:40.078496+00:00,89.6002,-0.1254,97.3253,0.0824,0.75,0.0,1500.0,0.0,5.4256
1729.0,2026-05-06T17:42:40.576210+00:00,89.6349,-0.0328,97.3657,0.0633,0.75,0.0,1500.0,0.0,5.4125
1729.5,2026-05-06T17:42:41.076355+00:00,89.6615,-0.0252,97.3968,0.0872,0.75,0.0,1500.0,0.0,5.4061
1730.0,2026-05-06T17:42:41.582776+00:00,89.8093,0.0443,97.4207,0.067,0.75,0.0,1500.0,0.0,5.403
1730.5,2026-05-06T17:42:42.076658+00:00,90.0501,0.2249,97.439,0.013,0.75,0.0,1500.0,0.0,5.4527
1731.0,2026-05-06T17:42:42.576591+00:00,89.8534,0.1093,97.4531,0.01,0.75,0.0,1500.0,0.0,5.4769
1731.5,2026-05-06T17:42:43.076391+00:00,89.8295,0.084,97.2326,-0.0309,0.75,0.0,1500.0,0.0,5.4375
1732.0,2026-05-06T17:42:43.576378+00:00,90.0656,0.1282,97.2945,-0.0238,0.75,0.0,1500.0,0.0,5.4183
1732.5,2026-05-06T17:42:44.083123+00:00,89.9926,-0.0288,97.2263,-0.0568,0.75,0.0,1500.0,0.0,5.4089
1733.0,2026-05-06T17:42:44.576412+00:00,89.9364,0.0415,97.4054,-0.0051,0.75,0.0,1500.0,0.0,5.4044
1733.5,2026-05-06T17:42:45.076390+00:00,89.8933,0.0319,97.1959,-0.0811,0.75,0.0,1500.0,0.0,5.4533
1734.0,2026-05-06T17:42:45.576428+00:00,89.9874,-0.0391,97.1505,-0.1009,0.75,0.0,1500.0,0.0,5.4772
1734.5,2026-05-06T17:42:46.076581+00:00,90.0597,0.0336,97.1157,-0.039,0.75,0.0,1500.0,0.0,5.4889
1735.0,2026-05-06T17:42:46.582970+00:00,90.1153,0.0894,97.0889,-0.0685,0.75,0.0,1500.0,0.0,5.4946
1735.5,2026-05-06T17:42:47.076562+00:00,90.0308,0.0687,97.0683,-0.0527,0.75,0.0,1500.0,0.0,5.4462
1736.0,2026-05-06T17:42:47.576883+00:00,90.2204,0.1165,97.1682,-0.079,0.75,0.0,1500.0,0.0,5.4225
1736.5,2026-05-06T17:42:48.078286+00:00,90.2388,0.0895,97.245,0.0164,0.75,0.0,1500.0,0.0,5.411
1737.0,2026-05-06T17:42:48.576463+00:00,90.253,0.0688,96.9569,-0.0645,0.75,0.0,1500.0,0.0,5.4054
1737.5,2026-05-06T17:42:49.082849+00:00,90.2638,0.1165,96.9669,-0.0496,0.75,0.0,1500.0,0.0,5.4026
1738.0,2026-05-06T17:42:49.576449+00:00,90.1449,-0.0377,97.0902,0.0004,0.75,0.0,1500.0,0.0,5.4525
1738.500265,2026-05-06T17:42:50.077015+00:00,90.1808,-0.029,97.0694,0.0003,0.75,0.0,1500.0,0.0,5.4768
1739.0,2026-05-06T17:42:50.576365+00:00,90.3357,0.0414,97.1459,-0.0075,0.75,0.0,1500.0,0.0,5.4887
1739.50103,2026-05-06T17:42:51.077518+00:00,90.3274,0.0318,96.9964,-0.0829,0.75,0.0,1500.0,0.0,5.4945
1740.0,2026-05-06T17:42:51.584638+00:00,90.3211,0.0881,96.8815,-0.0251,0.75,0.0,1500.0,0.0,5.4973
1740.5,2026-05-06T17:42:52.076670+00:00,90.3162,0.0677,97.1404,0.0578,0.75,0.0,1500.0,0.0,5.4475
1741.0,2026-05-06T17:42:52.576576+00:00,90.0579,-0.1389,97.3393,0.083,0.75,0.0,1500.0,0.0,5.4232
1741.5,2026-05-06T17:42:53.076438+00:00,89.8594,-0.234,97.1451,0.0252,0.75,0.0,1500.0,0.0,5.4113
1742.0,2026-05-06T17:42:53.580525+00:00,89.8341,-0.2435,96.9958,-0.05,0.75,0.0,1500.0,0.0,5.4055
1742.5,2026-05-06T17:42:54.088308+00:00,89.9419,-0.1872,96.9968,0.0001,0.75,0.0,1500.0,0.0,5.4027
1743.0,2026-05-06T17:42:54.576530+00:00,90.0248,-0.0166,96.9975,0.0387,0.75,0.0,1500.0,0.0,5.4013
1743.5,2026-05-06T17:42:55.077799+00:00,90.2157,0.1782,97.1138,-0.0089,0.75,0.0,1500.0,0.0,5.4006
1744.000001,2026-05-06T17:42:55.576559+00:00,90.2352,0.2006,97.0875,-0.0839,0.75,0.0,1500.0,0.0,5.4003
1744.5,2026-05-06T17:42:56.076460+00:00,90.1229,0.0905,97.0672,-0.0259,0.75,0.0,1500.0,0.0,5.4002
1745.000334,2026-05-06T17:42:56.584053+00:00,90.0366,0.0059,96.936,-0.0199,0.75,0.0,1500.0,0.0,5.4001
1745.5,2026-05-06T17:42:57.077892+00:00,90.0976,-0.0591,96.9508,-0.0153,0.75,0.0,1500.0,0.0,5.4
1746.0,2026-05-06T17:42:57.576615+00:00,90.0172,-0.109,97.1936,0.0654,0.75,0.0,1500.0,0.0,5.4
1746.5,2026-05-06T17:42:58.076590+00:00,89.9553,-0.0838,97.2645,0.0502,0.75,0.0,1500.0,0.0,5.4
1747.00209,2026-05-06T17:42:58.578868+00:00,89.9078,-0.0644,97.0876,0.0,0.75,0.0,1500.0,0.0,5.4
1747.5,2026-05-06T17:42:59.086339+00:00,89.8713,-0.1131,97.0673,0.0,0.75,0.0,1500.0,0.0,5.3488
1748.0,2026-05-06T17:42:59.577232+00:00,90.0978,0.0403,97.0517,0.0386,0.75,0.0,1500.0,0.0,5.375
1748.5,2026-05-06T17:43:00.076614+00:00,90.0173,0.031,97.0398,0.0297,0.75,0.0,1500.0,0.0,5.3878
1749.0,2026-05-06T17:43:00.576959+00:00,90.0827,0.0874,97.262,0.0228,0.75,0.0,1500.0,0.0,5.3941
1749.5,2026-05-06T17:43:01.076889+00:00,90.0057,0.0672,97.2013,-0.021,0.75,0.0,1500.0,0.0,5.3971
1750.0,2026-05-06T17:43:01.583707+00:00,89.8193,-0.1392,97.2705,0.061,0.75,0.0,1500.0,0.0,5.3986
1750.5,2026-05-06T17:43:02.076724+00:00,89.676,-0.1707,97.0922,0.0083,0.75,0.0,1500.0,0.0,5.3993
1751.0,2026-05-06T17:43:02.576403+00:00,89.6931,-0.1948,96.9551,-0.0322,0.75,0.0,1500.0,0.0,5.3997
1751.5,2026-05-06T17:43:03.076358+00:00,89.8335,-0.0861,96.9655,-0.0247,0.75,0.0,1500.0,0.0,5.451
1752.0,2026-05-06T17:43:03.576516+00:00,89.8142,-0.0025,97.0892,-0.0576,0.75,0.0,1500.0,0.0,5.4249
1752.5,2026-05-06T17:43:04.085790+00:00,89.7994,0.0617,96.9529,-0.0828,0.75,0.0,1500.0,0.0,5.4122
1753.0,2026-05-06T17:43:04.576476+00:00,89.7879,0.0474,96.9638,-0.1022,0.75,0.0,1500.0,0.0,5.4059
1753.5,2026-05-06T17:43:05.076485+00:00,89.7792,-0.0272,96.8565,-0.0786,0.75,0.0,1500.0,0.0,5.4029
1754.0,2026-05-06T17:43:05.576504+00:00,89.7724,-0.0209,96.6583,-0.099,0.75,0.0,1500.0,0.0,5.4014
1754.5,2026-05-06T17:43:06.076573+00:00,89.64,-0.0797,96.7373,-0.0761,0.75,0.0,1500.0,0.0,5.4007
1755.0,2026-05-06T17:43:06.586919+00:00,89.7927,0.0024,96.5436,-0.1819,0.75,0.0,1500.0,0.0,5.4003
1755.503273,2026-05-06T17:43:07.079661+00:00,89.9101,0.0655,96.4178,-0.1784,0.75,0.0,1500.0,0.0,5.4002
1756.0,2026-05-06T17:43:07.576584+00:00,89.873,0.0503,96.5525,-0.1371,0.75,0.0,1500.0,0.0,5.4001
1756.5,2026-05-06T17:43:08.076544+00:00,89.8446,0.1023,96.7718,-0.0282,0.75,0.0,1500.0,0.0,5.4
1757.002791,2026-05-06T17:43:08.579109+00:00,89.8227,0.015,96.5932,-0.0217,0.75,0.0,1500.0,0.0,5.4
1757.5,2026-05-06T17:43:09.087444+00:00,89.8059,-0.0521,96.6642,-0.0244,0.75,0.0,1500.0,0.0,5.4
1758.0,2026-05-06T17:43:09.577280+00:00,89.9202,0.0236,96.7419,0.0661,0.75,0.0,1500.0,0.0,5.4512
1758.500626,2026-05-06T17:43:10.076990+00:00,89.8808,0.0181,96.4545,0.0122,0.75,0.0,1500.0,0.0,5.4762
1759.000612,2026-05-06T17:43:10.577415+00:00,89.9778,0.0776,96.6964,0.048,0.75,0.0,1500.0,0.0,5.4884
1759.5,2026-05-06T17:43:11.077247+00:00,89.9251,0.0596,96.7667,-0.0017,0.75,0.0,1500.0,0.0,5.4943
1760.0,2026-05-06T17:43:11.585471+00:00,89.7573,-0.0814,96.705,0.0373,0.75,0.0,1500.0,0.0,5.4972
1760.5,2026-05-06T17:43:12.076555+00:00,89.7556,-0.0626,96.6575,-0.0022,0.75,0.0,1500.0,0.0,5.4474
1761.0,2026-05-06T17:43:12.576404+00:00,90.0089,0.0155,96.5054,-0.0788,0.75,0.0,1500.0,0.0,5.4232
1761.50061,2026-05-06T17:43:13.076990+00:00,90.0762,0.0756,96.5041,0.0165,0.75,0.0,1500.0,0.0,5.4113
1762.000218,2026-05-06T17:43:13.577024+00:00,90.128,0.1853,96.6189,-0.0259,0.75,0.0,1500.0,0.0,5.4055
1762.5,2026-05-06T17:43:14.083780+00:00,90.0405,0.1425,96.4757,-0.097,0.75,0.0,1500.0,0.0,5.4027
1763.0,2026-05-06T17:43:14.576409+00:00,89.9733,-0.0178,96.7127,0.0026,0.75,0.0,1500.0,0.0,5.4525
1763.5,2026-05-06T17:43:15.077110+00:00,89.7944,-0.1409,96.7792,0.0405,0.75,0.0,1500.0,0.0,5.4768
1764.000145,2026-05-06T17:43:15.576650+00:00,89.9114,-0.1083,96.8303,0.1083,0.75,0.0,1500.0,0.0,5.4887
1764.5,2026-05-06T17:43:16.076386+00:00,89.874,-0.0833,96.8696,0.1218,0.75,0.0,1500.0,0.0,5.4945
1765.0,2026-05-06T17:43:16.583597+00:00,89.7181,-0.1276,97.0154,0.1322,0.75,0.0,1500.0,0.0,5.4973
1765.5,2026-05-06T17:43:17.076692+00:00,89.8527,0.0292,97.2433,0.2559,0.75,0.0,1500.0,0.0,5.4475
1766.0,2026-05-06T17:43:17.577122+00:00,89.829,-0.0412,97.3027,0.1967,0.75,0.0,1500.0,0.0,5.4232
1766.504062,2026-05-06T17:43:18.080500+00:00,89.8107,-0.0317,97.1169,0.1126,0.75,0.0,1500.0,0.0,5.4113
1767.000424,2026-05-06T17:43:18.576832+00:00,89.9239,0.1029,97.2056,0.1251,0.75,0.0,1500.0,0.0,5.4055
1767.5,2026-05-06T17:43:19.085190+00:00,90.0109,0.0791,97.2737,0.1347,0.75,0.0,1500.0,0.0,5.4027
1768.0,2026-05-06T17:43:19.576391+00:00,90.0778,0.1244,97.3261,0.1035,0.75,0.0,1500.0,0.0,5.4525
1768.5,2026-05-06T17:43:20.076189+00:00,90.002,0.0956,97.3663,0.041,0.75,0.0,1500.0,0.0,5.4256
1769.0,2026-05-06T17:43:20.576354+00:00,89.9437,0.0099,97.2816,-0.007,0.75,0.0,1500.0,0.0,5.4125
1769.500008,2026-05-06T17:43:21.076193+00:00,89.8988,-0.056,97.3321,0.0717,0.75,0.0,1500.0,0.0,5.4573
1770.0,2026-05-06T17:43:21.582517+00:00,89.9917,-0.0431,97.2553,0.0166,0.75,0.0,1500.0,0.0,5.4792
1770.5,2026-05-06T17:43:22.077592+00:00,89.9358,-0.0331,97.3119,0.0127,0.75,0.0,1500.0,0.0,5.4386
1771.0,2026-05-06T17:43:22.576704+00:00,89.8928,-0.0254,97.3554,0.0098,0.75,0.0,1500.0,0.0,5.4189
1771.5,2026-05-06T17:43:23.077007+00:00,89.6052,-0.1468,97.5046,0.0461,0.75,0.0,1500.0,0.0,5.4092
1772.0,2026-05-06T17:43:23.576762+00:00,89.8932,-0.0492,97.5035,0.074,0.75,0.0,1500.0,0.0,5.4045
1772.5,2026-05-06T17:43:24.087805+00:00,89.8601,-0.0378,97.5027,0.0569,0.75,0.0,1500.0,0.0,5.4022
1773.0,2026-05-06T17:43:24.576443+00:00,89.9619,0.0346,97.5021,0.0823,0.75,0.0,1500.0,0.0,5.4011
1773.5,2026-05-06T17:43:25.076193+00:00,90.0401,0.2175,97.3859,0.0247,0.75,0.0,1500.0,0.0,5.4005
1774.0,2026-05-06T17:43:25.579012+00:00,89.8457,-0.0238,97.4123,0.019,0.75,0.0,1500.0,0.0,5.4003
1774.5,2026-05-06T17:43:26.076390+00:00,89.9508,0.0454,97.4326,-0.024,0.75,0.0,1500.0,0.0,5.4001
1775.0,2026-05-06T17:43:26.581356+00:00,89.9044,-0.0288,97.5639,0.0201,0.75,0.0,1500.0,0.0,5.4001
1775.5,2026-05-06T17:43:27.076214+00:00,89.9959,-0.0221,97.5491,0.0155,0.75,0.0,1500.0,0.0,5.4
1776.0,2026-05-06T17:43:27.576407+00:00,90.0663,0.1103,97.5377,0.0119,0.75,0.0,1500.0,0.0,5.4
1776.5,2026-05-06T17:43:28.078432+00:00,90.1204,0.0848,97.6447,0.0863,0.75,0.0,1500.0,0.0,5.4
1777.0,2026-05-06T17:43:28.576470+00:00,90.0347,0.0651,97.6112,0.0663,0.75,0.0,1500.0,0.0,5.4
1777.500606,2026-05-06T17:43:29.082896+00:00,90.0961,0.0501,97.5855,0.051,0.75,0.0,1500.0,0.0,5.4
1778.0,2026-05-06T17:43:29.576369+00:00,90.016,-0.0251,97.5426,-0.0071,0.75,0.0,1500.0,0.0,5.4
1778.5,2026-05-06T17:43:30.076929+00:00,89.9544,-0.083,97.6484,0.0331,0.75,0.0,1500.0,0.0,5.4
1779.0,2026-05-06T17:43:30.576531+00:00,89.9071,-0.0638,97.7298,0.064,0.75,0.0,1500.0,0.0,5.4
1779.5,2026-05-06T17:43:31.076386+00:00,89.8708,-0.1126,97.5609,-0.0279,0.75,0.0,1500.0,0.0,5.4
1780.0,2026-05-06T17:43:31.585111+00:00,89.8428,-0.0866,97.3154,-0.0986,0.75,0.0,1500.0,0.0,5.4
1780.502813,2026-05-06T17:43:32.079187+00:00,89.9486,-0.0029,97.3581,-0.0758,0.75,0.0,1500.0,0.0,5.4
1781.0,2026-05-06T17:43:32.579260+00:00,89.7754,-0.0659,97.391,-0.0505,0.75,0.0,1500.0,0.0,5.4
1781.500476,2026-05-06T17:43:33.077069+00:00,90.0241,0.0766,97.1848,-0.1545,0.75,0.0,1500.0,0.0,5.4
1782.0,2026-05-06T17:43:33.576456+00:00,90.0879,0.1225,96.7718,-0.3193,0.75,0.0,1500.0,0.0,5.4
1782.5,2026-05-06T17:43:34.086327+00:00,89.8824,-0.0331,97.056,-0.1683,0.75,0.0,1500.0,0.0,5.4
1783.0,2026-05-06T17:43:34.576455+00:00,90.1063,0.1655,97.1587,-0.0522,0.75,0.0,1500.0,0.0,5.4
1783.50055,2026-05-06T17:43:35.077201+00:00,89.8966,-0.0637,97.2377,-0.0401,0.75,0.0,1500.0,0.0,5.4
1784.0,2026-05-06T17:43:35.576609+00:00,89.99,-0.049,97.2984,-0.0309,0.75,0.0,1500.0,0.0,5.4
1784.5,2026-05-06T17:43:36.076377+00:00,89.8072,-0.0376,97.2294,0.0149,0.75,0.0,1500.0,0.0,5.3488
1785.0,2026-05-06T17:43:36.583107+00:00,89.9212,-0.0926,97.0606,0.0963,0.75,0.0,1500.0,0.0,5.3238
1785.500763,2026-05-06T17:43:37.077175+00:00,89.7543,-0.0711,97.1623,0.0354,0.75,0.0,1500.0,0.0,5.3628
1786.00028,2026-05-06T17:43:37.576968+00:00,90.0079,0.009,97.2404,0.0272,0.75,0.0,1500.0,0.0,5.3819
1786.5,2026-05-06T17:43:38.076482+00:00,90.0755,0.1342,97.1848,-0.0176,0.75,0.0,1500.0,0.0,5.3911
1787.0,2026-05-06T17:43:38.576372+00:00,90.0001,0.0395,97.0263,-0.0907,0.75,0.0,1500.0,0.0,5.3957
1787.5,2026-05-06T17:43:39.083897+00:00,89.9423,0.094,97.1359,-0.0311,0.75,0.0,1500.0,0.0,5.3979
1788.0,2026-05-06T17:43:39.576578+00:00,90.025,0.0086,97.2202,0.0532,0.75,0.0,1500.0,0.0,5.399
1788.5,2026-05-06T17:43:40.076997+00:00,89.8341,-0.1207,97.2849,0.0409,0.75,0.0,1500.0,0.0,5.3995
1789.000601,2026-05-06T17:43:40.576932+00:00,89.8147,-0.0927,97.3347,0.0314,0.75,0.0,1500.0,0.0,5.3998
1789.5,2026-05-06T17:43:41.077084+00:00,89.7997,-0.0713,97.2572,0.0242,0.75,0.0,1500.0,0.0,5.3999
1790.0,2026-05-06T17:43:41.583510+00:00,89.7882,-0.1184,97.3134,0.0957,0.75,0.0,1500.0,0.0,5.3999
1790.5,2026-05-06T17:43:42.076570+00:00,89.7794,-0.0274,97.2409,0.035,0.75,0.0,1500.0,0.0,5.4
1791.0,2026-05-06T17:43:42.576529+00:00,89.8998,0.0426,97.1852,-0.0117,0.75,0.0,1500.0,0.0,5.4512
1791.5,2026-05-06T17:43:43.076489+00:00,89.9924,0.0964,97.1423,-0.0475,0.75,0.0,1500.0,0.0,5.4762
1792.0,2026-05-06T17:43:43.576601+00:00,89.9363,0.0741,97.1094,-0.0751,0.75,0.0,1500.0,0.0,5.4884
1792.500591,2026-05-06T17:43:44.083594+00:00,89.8932,0.0569,97.1998,-0.0192,0.75,0.0,1500.0,0.0,5.4943
1793.0,2026-05-06T17:43:44.576504+00:00,89.9873,0.0438,97.3849,0.0238,0.75,0.0,1500.0,0.0,5.4972
1793.5,2026-05-06T17:43:45.076575+00:00,89.9324,-0.03,97.5273,0.0955,0.75,0.0,1500.0,0.0,5.4986
1794.000606,2026-05-06T17:43:45.577076+00:00,89.8902,-0.0231,97.521,0.1119,0.75,0.0,1500.0,0.0,5.4993
1794.500383,2026-05-06T17:43:46.076910+00:00,90.1123,0.1095,97.4004,0.086,0.75,0.0,1500.0,0.0,5.4997
1795.0,2026-05-06T17:43:46.581927+00:00,90.0285,0.0206,97.4235,0.1047,0.75,0.0,1500.0,0.0,5.4998
1795.5,2026-05-06T17:43:47.076949+00:00,89.8368,-0.0478,97.4412,0.0805,0.75,0.0,1500.0,0.0,5.4999
1796.0,2026-05-06T17:43:47.577488+00:00,89.8167,-0.0368,97.2234,-0.0539,0.75,0.0,1500.0,0.0,5.5
1796.5,2026-05-06T17:43:48.076427+00:00,89.674,-0.2192,97.2874,-0.08,0.75,0.0,1500.0,0.0,5.5
1797.0,2026-05-06T17:43:48.576417+00:00,89.6916,-0.1684,97.3366,-0.0615,0.75,0.0,1500.0,0.0,5.4488
1797.5,2026-05-06T17:43:49.082790+00:00,89.5778,-0.1295,97.3744,-0.0087,0.75,0.0,1500.0,0.0,5.4238
1798.0,2026-05-06T17:43:49.576658+00:00,89.3631,-0.2268,97.5192,0.0319,0.75,0.0,1500.0,0.0,5.4628
1798.5,2026-05-06T17:43:50.076445+00:00,89.4526,-0.1107,97.5147,0.0245,0.75,0.0,1500.0,0.0,5.4307
1799.0,2026-05-06T17:43:50.576398+00:00,89.3942,-0.1487,97.3956,0.0574,0.75,0.0,1500.0,0.0,5.415
1799.5,2026-05-06T17:43:51.076658+00:00,89.3493,-0.1143,97.0727,-0.0716,0.75,0.0,1500.0,0.0,5.4073
