monotonic_offset_s,utc_timestamp,T,T_dot,U,U_dot,V,V_dot,f,f_dot,mem
0.00029,2026-05-03T19:58:26.818479+00:00,46.85,,0.0,,0.8473,,2400.0,,4.6
0.500277,2026-05-03T19:58:27.370926+00:00,47.1045,,17.1236,,0.8473,,2400.0,,5.2144
1.0,2026-05-03T19:58:27.812925+00:00,48.0638,,34.0103,,0.8473,0.0,2400.0,0.0,6.1798
1.5,2026-05-03T19:58:28.313907+00:00,48.9284,,48.239,,0.8473,0.0,2400.0,0.0,6.651
2.0,2026-05-03T19:58:28.813088+00:00,49.8474,1.4987,59.2909,,0.8473,0.0,2400.0,0.0,6.8809
2.500001,2026-05-03T19:58:29.320614+00:00,50.2992,1.5973,67.5309,,0.8473,0.0,2400.0,0.0,6.9931
3.001787,2026-05-03T19:58:29.843560+00:00,51.0283,1.4823,74.2343,24.7448,0.8473,0.0,2400.0,0.0,7.0478
3.5,2026-05-03T19:58:30.312943+00:00,51.716,1.3938,79.2709,20.7158,0.8473,0.0,2400.0,0.0,7.0745
4.0,2026-05-03T19:58:30.813112+00:00,52.2445,1.1985,83.1652,16.3849,0.8473,0.0,2400.0,0.0,7.0876
4.5,2026-05-03T19:58:31.313056+00:00,52.6507,1.1757,86.2508,12.6706,0.8473,0.0,2400.0,0.0,7.0939
5.0,2026-05-03T19:58:31.821078+00:00,53.0902,1.0309,88.5068,9.7386,0.8473,0.0,2400.0,0.0,7.097
5.5,2026-05-03T19:58:32.321955+00:00,53.428,0.856,90.2407,7.57,0.8473,0.0,2400.0,0.0,7.0986
6.0,2026-05-03T19:58:32.812725+00:00,53.8149,0.7852,91.7817,5.8491,0.8473,0.0,2400.0,0.0,7.0993
6.5,2026-05-03T19:58:33.313341+00:00,54.1123,0.7308,92.6421,4.4571,0.8473,0.0,2400.0,0.0,7.0997
7.000001,2026-05-03T19:58:33.813392+00:00,54.2136,0.5617,93.4191,3.418,0.8473,0.0,2400.0,0.0,7.0486
7.5,2026-05-03T19:58:34.320589+00:00,54.4187,0.4953,93.9701,2.5731,0.8473,0.0,2400.0,0.0,7.0237
8.0,2026-05-03T19:58:34.813910+00:00,54.5763,0.3807,94.4398,1.9777,0.8473,0.0,2400.0,0.0,7.0116
8.5,2026-05-03T19:58:35.312927+00:00,54.8248,0.3563,94.6851,1.4815,0.8473,0.0,2400.0,0.0,7.0057
9.0,2026-05-03T19:58:35.812939+00:00,55.0157,0.4011,94.9894,1.0692,0.8473,0.0,2400.0,0.0,6.9516
9.5,2026-05-03T19:58:36.313387+00:00,55.2898,0.4355,95.3389,0.8989,0.8473,0.0,2400.0,0.0,6.9252
10.000001,2026-05-03T19:58:36.820420+00:00,55.2459,0.3348,95.3762,0.6524,0.8473,0.0,2400.0,0.0,6.9123
10.5,2026-05-03T19:58:37.312694+00:00,55.5939,0.3846,95.4049,0.4783,0.8473,0.0,2400.0,0.0,6.906
11.0,2026-05-03T19:58:37.813763+00:00,55.7342,0.3592,95.5426,0.3676,0.8473,0.0,2400.0,0.0,6.8517
11.5,2026-05-03T19:58:38.312692+00:00,55.842,0.2761,95.6484,0.3211,0.8473,0.0,2400.0,0.0,6.8252
12.000001,2026-05-03T19:58:38.812857+00:00,55.9248,0.3395,95.9612,0.3239,0.8473,0.0,2400.0,0.0,6.8123
12.5,2026-05-03T19:58:39.322314+00:00,55.9885,0.1973,96.0859,0.249,0.8473,0.0,2400.0,0.0,6.806
13.0,2026-05-03T19:58:39.814076+00:00,56.1647,0.2153,96.066,0.2299,0.8473,0.0,2400.0,0.0,6.8029
13.5,2026-05-03T19:58:40.312923+00:00,56.3001,0.2291,96.1664,0.2539,0.8473,0.0,2400.0,0.0,6.8014
14.0,2026-05-03T19:58:40.812629+00:00,56.277,0.1761,96.1279,0.1951,0.8473,0.0,2400.0,0.0,6.7495
14.500001,2026-05-03T19:58:41.313243+00:00,56.2592,0.1353,96.1215,0.1577,0.8473,0.0,2400.0,0.0,6.7242
15.0,2026-05-03T19:58:41.819364+00:00,56.3727,0.104,96.0702,0.0363,0.8473,0.0,2400.0,0.0,6.7118
15.5,2026-05-03T19:58:42.313682+00:00,56.46,0.0799,95.9383,-0.0492,0.8473,0.0,2400.0,0.0,6.7058
16.0,2026-05-03T19:58:42.812616+00:00,56.5271,0.1251,96.0682,0.0008,0.8473,0.0,2400.0,0.0,6.7028
16.5,2026-05-03T19:58:43.313288+00:00,56.3242,0.0325,96.0293,-0.0457,0.8473,0.0,2400.0,0.0,6.7014
17.0,2026-05-03T19:58:43.812834+00:00,56.9318,0.2795,96.1151,-0.0043,0.8473,0.0,2400.0,0.0,6.6495
17.5,2026-05-03T19:58:44.316850+00:00,57.1443,0.3421,95.9496,-0.0573,0.8473,0.0,2400.0,0.0,6.6241
18.0,2026-05-03T19:58:44.813346+00:00,57.1803,0.3266,96.077,0.0023,0.8473,0.0,2400.0,0.0,6.6118
18.5,2026-05-03T19:58:45.313258+00:00,57.5898,0.6328,96.036,0.0326,0.8473,0.0,2400.0,0.0,6.6057
19.000001,2026-05-03T19:58:45.813125+00:00,57.7773,0.4228,96.1434,0.025,0.8473,0.0,2400.0,0.0,6.6028
19.5,2026-05-03T19:58:46.313195+00:00,57.7941,0.3249,95.9945,-0.0116,0.8473,0.0,2400.0,0.0,6.6014
20.0,2026-05-03T19:58:46.818510+00:00,57.6798,0.2497,95.9958,-0.0398,0.8473,0.0,2400.0,0.0,6.5495
20.5,2026-05-03T19:58:47.313169+00:00,57.5919,0.001,95.9968,0.0157,0.8473,0.0,2400.0,0.0,6.5753
21.0,2026-05-03T19:58:47.813337+00:00,57.5244,-0.1265,95.9975,-0.0265,0.8473,0.0,2400.0,0.0,6.4856
21.5,2026-05-03T19:58:48.313427+00:00,57.5997,-0.0972,96.1138,0.0259,0.8473,0.0,2400.0,0.0,6.4418
22.0,2026-05-03T19:58:48.812703+00:00,57.7849,0.0526,96.1106,-0.0109,0.8473,0.0,2400.0,0.0,6.4204
22.5,2026-05-03T19:58:49.316380+00:00,57.9272,0.1677,96.1776,0.061,0.8473,0.0,2400.0,0.0,6.4099
23.0,2026-05-03T19:58:49.812758+00:00,57.7821,0.1289,96.1133,0.0392,0.8473,0.0,2400.0,0.0,6.4049
23.5,2026-05-03T19:58:50.312801+00:00,58.0523,0.2263,96.2028,0.0687,0.8473,0.0,2400.0,0.0,6.4024
24.000191,2026-05-03T19:58:50.813346+00:00,58.2601,0.2376,96.2716,0.0914,0.8473,0.0,2400.0,0.0,6.4012
24.5,2026-05-03T19:58:51.312607+00:00,58.4197,0.2462,96.1856,0.0239,0.8473,0.0,2400.0,0.0,6.4006
25.0,2026-05-03T19:58:51.818038+00:00,58.5424,0.3802,96.1426,0.0107,0.8473,0.0,2400.0,0.0,6.4003
25.5,2026-05-03T19:58:52.312652+00:00,58.5095,0.2286,96.0865,-0.0304,0.8473,0.0,2400.0,0.0,6.4513
26.0,2026-05-03T19:58:52.813116+00:00,58.4841,0.112,96.0896,-0.0079,0.8473,0.0,2400.0,0.0,6.4763
26.500001,2026-05-03T19:58:53.314579+00:00,58.4647,0.0225,95.9532,-0.0832,0.8473,0.0,2400.0,0.0,6.4372
27.0,2026-05-03T19:58:53.812846+00:00,58.7042,0.0809,96.0797,-0.064,0.8473,0.0,2400.0,0.0,6.4182
27.5,2026-05-03T19:58:54.317109+00:00,58.7611,0.1258,96.0613,-0.0414,0.8473,0.0,2400.0,0.0,6.4089
28.0,2026-05-03T19:58:54.813262+00:00,58.8048,0.1603,96.1397,-0.001,0.8473,0.0,2400.0,0.0,6.4043
28.5,2026-05-03T19:58:55.312899+00:00,58.8384,0.1869,96.1073,0.0069,0.8473,0.0,2400.0,0.0,6.4021
29.0,2026-05-03T19:58:55.813673+00:00,58.8642,0.08,96.1056,0.0053,0.8473,0.0,2400.0,0.0,6.401
29.5,2026-05-03T19:58:56.312705+00:00,59.0114,0.1251,96.1738,0.0735,0.8473,0.0,2400.0,0.0,6.4005
30.0,2026-05-03T19:58:56.817670+00:00,59.1244,0.1598,96.1567,0.0257,0.8473,0.0,2400.0,0.0,6.4002
30.5,2026-05-03T19:58:57.312832+00:00,59.2113,0.1865,96.213,0.0506,0.8473,0.0,2400.0,0.0,6.4001
31.0,2026-05-03T19:58:57.813825+00:00,59.2781,0.2069,96.1406,0.0003,0.8473,0.0,2400.0,0.0,6.4001
31.5,2026-05-03T19:58:58.312639+00:00,59.2022,0.0954,96.2237,0.0388,0.8473,0.0,2400.0,0.0,6.4
32.0,2026-05-03T19:58:58.813376+00:00,59.1438,0.0097,96.172,0.0221,0.8473,0.0,2400.0,0.0,6.4
32.5,2026-05-03T19:58:59.319285+00:00,59.099,-0.0562,96.2479,0.0247,0.8473,0.0,2400.0,0.0,6.4
33.000001,2026-05-03T19:58:59.812708+00:00,59.0645,-0.1068,96.1674,0.0036,0.8473,0.0,2400.0,0.0,6.4
33.5,2026-05-03T19:59:00.312710+00:00,59.6744,0.2361,96.2443,0.0105,0.8473,0.0,2400.0,0.0,6.4
34.0,2026-05-03T19:59:00.813645+00:00,59.8886,0.3724,96.1878,0.0157,0.8473,0.0,2400.0,0.0,6.4512
34.500001,2026-05-03T19:59:01.313018+00:00,60.0532,0.4771,96.26,0.0121,0.8473,0.0,2400.0,0.0,6.4762
35.0,2026-05-03T19:59:01.820608+00:00,60.1797,0.5576,96.1767,0.0016,0.8473,0.0,2400.0,0.0,6.4884
35.5,2026-05-03T19:59:02.312663+00:00,60.0224,0.174,96.2284,-0.0065,0.8473,0.0,2400.0,0.0,6.4943
36.0,2026-05-03T19:59:02.812939+00:00,59.7743,-0.0571,96.2912,0.0413,0.8473,0.0,2400.0,0.0,6.4972
36.5,2026-05-03T19:59:03.313042+00:00,60.0926,0.0197,96.3627,0.0394,0.8473,0.0,2400.0,0.0,6.4986
37.000001,2026-05-03T19:59:03.814152+00:00,60.21,0.0152,96.3019,0.038,0.8473,0.0,2400.0,0.0,6.4993
37.5,2026-05-03T19:59:04.316132+00:00,60.3003,0.1389,96.3709,0.0369,0.8473,0.0,2400.0,0.0,6.4997
38.0,2026-05-03T19:59:04.812946+00:00,60.1151,0.1704,96.4008,0.0747,0.8473,0.0,2400.0,0.0,6.4998
38.5,2026-05-03T19:59:05.312847+00:00,60.3546,0.131,96.5394,0.1037,0.8473,0.0,2400.0,0.0,6.4999
39.0,2026-05-03T19:59:05.812760+00:00,60.5386,0.1643,96.4146,0.0411,0.8473,0.0,2400.0,0.0,6.4488
39.5,2026-05-03T19:59:06.312646+00:00,60.8074,0.2536,96.4112,0.0162,0.8473,0.0,2400.0,0.0,6.4238
40.0,2026-05-03T19:59:06.816922+00:00,60.8867,0.3858,96.4549,0.051,0.8473,0.0,2400.0,0.0,6.4116
40.500001,2026-05-03T19:59:07.312871+00:00,61.0749,0.3601,96.4885,0.0392,0.8473,0.0,2400.0,0.0,6.4057
41.0,2026-05-03T19:59:07.812776+00:00,61.0922,0.2768,96.4911,0.0301,0.8473,0.0,2400.0,0.0,6.4028
41.5,2026-05-03T19:59:08.312932+00:00,61.3602,0.2764,96.3775,-0.054,0.8473,0.0,2400.0,0.0,6.4013
42.000001,2026-05-03T19:59:08.813071+00:00,61.4388,0.2761,96.429,0.0048,0.8473,0.0,2400.0,0.0,6.4519
42.5,2026-05-03T19:59:09.317509+00:00,61.372,0.1486,96.4454,0.0114,0.8473,0.0,2400.0,0.0,6.4765
43.0,2026-05-03T19:59:09.814838+00:00,61.5751,0.2414,96.458,0.001,0.8473,0.0,2400.0,0.0,6.4373
43.5,2026-05-03T19:59:10.312679+00:00,61.4768,0.0583,96.4446,-0.0146,0.8473,0.0,2400.0,0.0,6.4182
44.0,2026-05-03T19:59:10.813138+00:00,61.5284,0.0448,96.3417,-0.0498,0.8473,0.0,2400.0,0.0,6.4089
44.5,2026-05-03T19:59:11.312944+00:00,61.6954,0.1617,96.3552,-0.0074,0.8473,0.0,2400.0,0.0,6.4043
45.0,2026-05-03T19:59:11.820328+00:00,61.6965,0.0607,96.2499,-0.0597,0.8473,0.0,2400.0,0.0,6.4021
45.5,2026-05-03T19:59:12.313734+00:00,61.8245,0.1739,96.1921,-0.0845,0.8473,0.0,2400.0,0.0,6.4522
46.0,2026-05-03T19:59:12.812617+00:00,62.0503,0.2609,96.1708,-0.0958,0.8473,0.0,2400.0,0.0,6.4255
46.5,2026-05-03T19:59:13.313168+00:00,62.0965,0.2005,96.2238,-0.0736,0.8473,0.0,2400.0,0.0,6.4124
47.0,2026-05-03T19:59:13.813274+00:00,62.0047,0.1541,96.2877,-0.018,0.8473,0.0,2400.0,0.0,6.4061
47.5,2026-05-03T19:59:14.319370+00:00,62.0615,0.1185,96.3368,-0.0061,0.8473,0.0,2400.0,0.0,6.403
48.0,2026-05-03T19:59:14.813140+00:00,62.2324,0.0911,96.2589,0.003,0.8473,0.0,2400.0,0.0,6.4014
48.5,2026-05-03T19:59:15.312737+00:00,62.3637,0.1336,96.3147,0.0409,0.8473,0.0,2400.0,0.0,6.4007
49.000001,2026-05-03T19:59:15.813960+00:00,62.4647,0.23,96.3576,0.0623,0.8473,0.0,2400.0,0.0,6.4003
49.5,2026-05-03T19:59:16.312691+00:00,62.6695,0.304,96.2748,0.017,0.8473,0.0,2400.0,0.0,6.4002
50.0,2026-05-03T19:59:16.818664+00:00,62.5725,0.17,96.3038,0.0054,0.8473,0.0,2400.0,0.0,6.4001
50.5,2026-05-03T19:59:17.313335+00:00,62.4978,0.0671,96.3261,-0.0036,0.8473,0.0,2400.0,0.0,6.4
51.0,2026-05-03T19:59:17.813076+00:00,62.5678,0.0515,96.3663,0.0358,0.8473,0.0,2400.0,0.0,6.4
51.5,2026-05-03T19:59:18.313053+00:00,62.7488,0.0396,96.1658,-0.0496,0.8473,0.0,2400.0,0.0,6.4
52.0,2026-05-03T19:59:18.813534+00:00,62.7606,0.0941,96.1275,-0.0767,0.8473,0.0,2400.0,0.0,6.4
52.5,2026-05-03T19:59:19.316458+00:00,62.897,0.1996,96.098,-0.059,0.8473,0.0,2400.0,0.0,6.4512
53.000001,2026-05-03T19:59:19.813450+00:00,63.0018,0.217,96.191,-0.0376,0.8473,0.0,2400.0,0.0,6.4762
53.5,2026-05-03T19:59:20.313486+00:00,62.8279,0.0395,96.1468,-0.0598,0.8473,0.0,2400.0,0.0,6.4884
54.0,2026-05-03T19:59:20.812662+00:00,63.076,0.1577,96.1128,-0.0845,0.8473,0.0,2400.0,0.0,6.4943
54.5,2026-05-03T19:59:21.312635+00:00,62.8848,-0.0061,96.2024,0.0122,0.8473,0.0,2400.0,0.0,6.4972
55.0,2026-05-03T19:59:21.818147+00:00,62.9925,-0.0047,96.063,-0.0215,0.8473,0.0,2400.0,0.0,6.4986
55.5,2026-05-03T19:59:22.312682+00:00,63.2025,0.1873,96.2798,0.0606,0.8473,0.0,2400.0,0.0,6.4993
56.0,2026-05-03T19:59:22.812679+00:00,63.1093,0.0167,96.2382,0.0157,0.8473,0.0,2400.0,0.0,6.4997
56.5,2026-05-03T19:59:23.313147+00:00,63.2923,0.2037,96.16,0.0044,0.8473,0.0,2400.0,0.0,6.4998
57.0,2026-05-03T19:59:23.812986+00:00,63.3056,0.1566,96.2386,0.0419,0.8473,0.0,2400.0,0.0,6.4999
57.5,2026-05-03T19:59:24.321649+00:00,63.5705,0.184,96.276,0.0245,0.8473,0.0,2400.0,0.0,6.5
58.0,2026-05-03T19:59:24.814556+00:00,63.2649,0.0778,96.2121,0.0497,0.8473,0.0,2400.0,0.0,6.5
58.5,2026-05-03T19:59:25.312669+00:00,63.2846,-0.0039,96.163,-0.0389,0.8473,0.0,2400.0,0.0,6.5
59.0,2026-05-03T19:59:25.812890+00:00,63.5543,0.1243,96.241,0.0009,0.8473,0.0,2400.0,0.0,6.5
59.5,2026-05-03T19:59:26.312706+00:00,63.7615,0.0955,96.0695,-0.0301,0.8473,0.0,2400.0,0.0,6.4488
60.002533,2026-05-03T19:59:26.821538+00:00,63.9208,0.328,96.0766,-0.054,0.8473,0.0,2400.0,0.0,6.4238
60.5,2026-05-03T19:59:27.312683+00:00,63.6615,0.1884,96.0589,-0.0724,0.8473,0.0,2400.0,0.0,6.4628
61.0,2026-05-03T19:59:27.812983+00:00,63.7167,0.0812,96.0452,-0.0556,0.8473,0.0,2400.0,0.0,6.4307
61.5,2026-05-03T19:59:28.312630+00:00,63.7591,-0.0012,96.1505,-0.0042,0.8473,0.0,2400.0,0.0,6.415
62.0,2026-05-03T19:59:28.812771+00:00,63.6644,-0.1282,96.0,-0.0804,0.8473,0.0,2400.0,0.0,6.4073
62.5,2026-05-03T19:59:29.319939+00:00,64.1008,0.2196,96.0,-0.0232,0.8473,0.0,2400.0,0.0,6.4036
63.0,2026-05-03T19:59:29.813427+00:00,64.3088,0.2961,96.0,-0.0255,0.8473,0.0,2400.0,0.0,6.4017
63.5,2026-05-03T19:59:30.312984+00:00,64.596,0.4185,96.0,-0.0196,0.8473,0.0,2400.0,0.0,6.452
64.0,2026-05-03T19:59:30.812683+00:00,64.6895,0.5125,96.2314,0.062,0.8473,0.0,2400.0,0.0,6.4766
64.5,2026-05-03T19:59:31.314732+00:00,64.7614,0.3303,96.201,0.0168,0.8473,0.0,2400.0,0.0,6.4886
65.0,2026-05-03T19:59:31.816737+00:00,64.6893,0.1902,96.0156,0.0052,0.8473,0.0,2400.0,0.0,6.4944
65.5,2026-05-03T19:59:32.312685+00:00,64.5067,-0.0447,96.012,0.004,0.8473,0.0,2400.0,0.0,6.4461
66.0,2026-05-03T19:59:32.812919+00:00,64.4936,-0.098,96.0092,0.0031,0.8473,0.0,2400.0,0.0,6.4225
66.5,2026-05-03T19:59:33.312869+00:00,64.6107,-0.0753,96.0071,0.0024,0.8473,0.0,2400.0,0.0,6.411
67.0,2026-05-03T19:59:33.813308+00:00,64.5735,-0.0579,95.7509,-0.1602,0.8473,0.0,2400.0,0.0,6.4054
67.5,2026-05-03T19:59:34.319752+00:00,64.545,0.0191,95.6697,-0.1771,0.8473,0.0,2400.0,0.0,6.4026
68.0,2026-05-03T19:59:34.813132+00:00,64.6503,0.0784,95.7461,-0.0898,0.8473,0.0,2400.0,0.0,6.4013
68.5,2026-05-03T19:59:35.312901+00:00,64.6039,-0.0034,95.8049,-0.069,0.8473,0.0,2400.0,0.0,6.4006
69.000001,2026-05-03T19:59:35.812776+00:00,64.6956,0.061,95.8732,-0.0454,0.8473,0.0,2400.0,0.0,6.4003
69.5,2026-05-03T19:59:36.313233+00:00,64.8933,0.1742,95.9025,-0.0349,0.8473,0.0,2400.0,0.0,6.4001
70.0,2026-05-03T19:59:36.817883+00:00,64.7907,0.0702,95.8094,0.0195,0.8473,0.0,2400.0,0.0,6.4001
70.5,2026-05-03T19:59:37.313875+00:00,64.9664,0.1812,95.8535,0.0613,0.8473,0.0,2400.0,0.0,6.4512
71.0,2026-05-03T19:59:37.812653+00:00,65.1015,0.2029,95.98,0.0779,0.8473,0.0,2400.0,0.0,6.4762
71.5,2026-05-03T19:59:38.313023+00:00,65.078,0.0923,95.9615,0.0522,0.8473,0.0,2400.0,0.0,6.4884
72.0,2026-05-03T19:59:38.812704+00:00,65.1872,0.1982,96.0629,0.0633,0.8473,0.0,2400.0,0.0,6.4943
72.5,2026-05-03T19:59:39.316249+00:00,65.3984,0.216,95.9327,0.01,0.8473,0.0,2400.0,0.0,6.4972
73.000001,2026-05-03T19:59:39.812910+00:00,65.5608,0.2297,95.8325,0.0077,0.8473,0.0,2400.0,0.0,6.4475
73.5,2026-05-03T19:59:40.312651+00:00,65.5583,0.2402,95.8944,0.0136,0.8473,0.0,2400.0,0.0,6.4232
74.000001,2026-05-03T19:59:40.813369+00:00,65.6836,0.2482,95.9189,-0.0204,0.8473,0.0,2400.0,0.0,6.4113
74.5,2026-05-03T19:59:41.312640+00:00,66.0345,0.318,95.9376,-0.0079,0.8473,0.0,2400.0,0.0,6.4055
75.0,2026-05-03T19:59:41.816617+00:00,65.9224,0.1808,96.1835,0.0402,0.8473,0.0,2400.0,0.0,6.4027
75.5,2026-05-03T19:59:42.312960+00:00,65.8362,0.139,96.2567,0.108,0.8473,0.0,2400.0,0.0,6.4525
76.0,2026-05-03T19:59:42.812739+00:00,65.8973,0.1068,96.313,0.1602,0.8473,0.0,2400.0,0.0,6.4256
76.5,2026-05-03T19:59:43.312661+00:00,65.8169,-0.1088,96.2406,0.1154,0.8473,0.0,2400.0,0.0,6.4125
77.0,2026-05-03T19:59:43.812678+00:00,66.0097,0.0436,96.3006,0.1272,0.8473,0.0,2400.0,0.0,6.4061
77.5,2026-05-03T19:59:44.318256+00:00,66.1579,0.1608,96.3236,0.1287,0.8473,0.0,2400.0,0.0,6.403
78.0,2026-05-03T19:59:44.812688+00:00,66.399,0.2509,96.4801,0.0989,0.8473,0.0,2400.0,0.0,6.4015
78.5,2026-05-03T19:59:45.314063+00:00,66.2025,0.1928,96.3922,0.0451,0.8473,0.0,2400.0,0.0,6.4007
79.0,2026-05-03T19:59:45.812674+00:00,66.3061,0.1482,96.4171,0.0347,0.8473,0.0,2400.0,0.0,6.4003
79.5,2026-05-03T19:59:46.313102+00:00,66.3857,0.1139,96.3206,0.0267,0.8473,0.0,2400.0,0.0,6.4002
80.0,2026-05-03T19:59:46.818699+00:00,66.4468,0.0239,96.3853,0.0282,0.8473,0.0,2400.0,0.0,6.4001
80.5,2026-05-03T19:59:47.312691+00:00,66.4938,0.1457,96.3887,0.0217,0.8473,0.0,2400.0,0.0,6.4
81.0,2026-05-03T19:59:47.812668+00:00,66.6573,0.1756,96.4144,-0.0219,0.8473,0.0,2400.0,0.0,6.4
81.500001,2026-05-03T19:59:48.313556+00:00,66.7828,0.1986,96.4342,0.014,0.8473,0.0,2400.0,0.0,6.4
82.0,2026-05-03T19:59:48.813067+00:00,66.8794,0.2163,96.4494,0.0108,0.8473,0.0,2400.0,0.0,6.4
82.500001,2026-05-03T19:59:49.321402+00:00,67.0808,0.2935,96.3454,0.0083,0.8473,0.0,2400.0,0.0,6.4
83.0,2026-05-03T19:59:49.812610+00:00,67.1084,0.2256,96.1267,-0.0862,0.8473,0.0,2400.0,0.0,6.4
83.5,2026-05-03T19:59:50.312992+00:00,67.0023,0.1097,96.2131,-0.0585,0.8473,0.0,2400.0,0.0,6.4
84.0,2026-05-03T19:59:50.812805+00:00,67.0481,0.0844,96.2563,-0.0527,0.8473,0.0,2400.0,0.0,6.4
84.5,2026-05-03T19:59:51.312803+00:00,66.956,-0.0624,96.3358,-0.0328,0.8473,0.0,2400.0,0.0,6.4
85.0,2026-05-03T19:59:51.817047+00:00,67.1397,0.0156,96.2581,-0.0638,0.8473,0.0,2400.0,0.0,6.4
85.5,2026-05-03T19:59:52.313568+00:00,67.0264,0.012,96.4529,0.0358,0.8473,0.0,2400.0,0.0,6.4
86.0,2026-05-03T19:59:52.813383+00:00,66.9393,-0.0544,96.4638,0.1124,0.8473,0.0,2400.0,0.0,6.4
86.5,2026-05-03T19:59:53.313226+00:00,66.8723,-0.0418,96.3334,0.0401,0.8473,0.0,2400.0,0.0,6.4
87.0,2026-05-03T19:59:53.812684+00:00,66.9482,-0.0958,96.3719,0.0385,0.8473,0.0,2400.0,0.0,6.4
87.5,2026-05-03T19:59:54.318209+00:00,67.261,0.1173,96.2859,-0.0167,0.8473,0.0,2400.0,0.0,6.4
88.0,2026-05-03T19:59:54.812674+00:00,67.2469,0.1538,96.3586,0.0335,0.8473,0.0,2400.0,0.0,6.4512
88.5,2026-05-03T19:59:55.312911+00:00,67.3633,0.2455,96.4144,-0.0128,0.8473,0.0,2400.0,0.0,6.4762
89.0,2026-05-03T19:59:55.814639+00:00,67.4528,0.2523,96.3185,-0.0484,0.8473,0.0,2400.0,0.0,6.4884
89.5,2026-05-03T19:59:56.313635+00:00,67.3943,0.0667,96.2448,-0.0295,0.8473,0.0,2400.0,0.0,6.4431
90.0,2026-05-03T19:59:56.817118+00:00,67.4766,0.1149,95.9568,-0.1384,0.8473,0.0,2400.0,0.0,6.421
90.5,2026-05-03T19:59:57.312916+00:00,67.5399,0.0883,95.9668,-0.1064,0.8473,0.0,2400.0,0.0,6.4615
91.0,2026-05-03T19:59:57.813174+00:00,67.5885,0.0679,95.8588,-0.1666,0.8473,0.0,2400.0,0.0,6.4812
91.5,2026-05-03T19:59:58.313230+00:00,67.7531,0.1794,95.6369,-0.2592,0.8473,0.0,2400.0,0.0,6.4908
92.0,2026-05-03T19:59:58.814553+00:00,67.7524,0.1379,95.3738,-0.3149,0.8473,0.0,2400.0,0.0,6.4955
92.5,2026-05-03T19:59:59.318521+00:00,67.6246,0.0424,95.3799,-0.2883,0.8473,0.0,2400.0,0.0,6.549
93.000001,2026-05-03T19:59:59.813289+00:00,67.6536,0.0326,95.5465,-0.1368,0.8473,0.0,2400.0,0.0,6.5239
93.5,2026-05-03T20:00:00.313364+00:00,67.5486,-0.1022,95.6515,-0.1051,0.8473,0.0,2400.0,0.0,6.5117
94.0,2026-05-03T20:00:00.813180+00:00,67.5952,-0.0786,95.8247,-0.0114,0.8473,0.0,2400.0,0.0,6.5057
94.5,2026-05-03T20:00:01.312678+00:00,67.7583,0.0669,95.8421,0.0684,0.8473,0.0,2400.0,0.0,6.5028
95.0,2026-05-03T20:00:01.817309+00:00,67.6291,-0.0122,95.9018,0.176,0.8473,0.0,2400.0,0.0,6.5014
95.500001,2026-05-03T20:00:02.312927+00:00,67.7844,0.1179,95.9245,0.1815,0.8473,0.0,2400.0,0.0,6.5007
96.0,2026-05-03T20:00:02.813251+00:00,67.7764,0.0906,95.942,0.1318,0.8473,0.0,2400.0,0.0,6.5003
96.5,2026-05-03T20:00:03.313434+00:00,68.0248,0.1333,96.0711,0.1399,0.8473,0.0,2400.0,0.0,6.5002
97.0,2026-05-03T20:00:03.812663+00:00,68.2158,0.2933,96.0778,0.0844,0.8473,0.0,2400.0,0.0,6.5001
97.5,2026-05-03T20:00:04.317918+00:00,68.108,0.1618,96.2912,0.1497,0.8473,0.0,2400.0,0.0,6.5
98.0,2026-05-03T20:00:04.812838+00:00,68.2797,0.2516,96.3395,0.1459,0.8473,0.0,2400.0,0.0,6.4488
98.5,2026-05-03T20:00:05.314547+00:00,68.4117,0.1934,96.3998,0.1584,0.8473,0.0,2400.0,0.0,6.4238
99.0,2026-05-03T20:00:05.812675+00:00,68.5131,0.1487,96.2147,0.0909,0.8473,0.0,2400.0,0.0,6.4116
99.5,2026-05-03T20:00:06.312642+00:00,68.7183,0.3052,96.2807,0.0699,0.8473,0.0,2400.0,0.0,6.4057
100.0,2026-05-03T20:00:06.816454+00:00,68.7488,0.2345,96.2158,0.046,0.8473,0.0,2400.0,0.0,6.4028
100.5,2026-05-03T20:00:07.312620+00:00,68.8995,0.2439,96.1658,-0.0418,0.8473,0.0,2400.0,0.0,6.4526
101.0,2026-05-03T20:00:07.813792+00:00,68.888,0.1875,96.0118,-0.1092,0.8473,0.0,2400.0,0.0,6.4256
101.5,2026-05-03T20:00:08.313208+00:00,68.752,0.0168,96.1016,-0.0994,0.8473,0.0,2400.0,0.0,6.4125
102.000001,2026-05-03T20:00:08.813966+00:00,68.7746,0.0129,96.1938,-0.007,0.8473,0.0,2400.0,0.0,6.4061
102.5,2026-05-03T20:00:09.317863+00:00,68.9194,0.0099,96.1258,-0.0516,0.8473,0.0,2400.0,0.0,6.403
103.0,2026-05-03T20:00:09.812714+00:00,68.9033,0.0076,95.981,-0.0783,0.8473,0.0,2400.0,0.0,6.4015
103.5,2026-05-03T20:00:10.313292+00:00,68.6364,-0.0578,96.1011,-0.0216,0.8473,0.0,2400.0,0.0,6.4007
104.0,2026-05-03T20:00:10.812665+00:00,68.8131,0.0192,96.2165,0.0683,0.8473,0.0,2400.0,0.0,6.4003
104.5,2026-05-03T20:00:11.313897+00:00,68.5671,-0.1761,96.3053,0.0679,0.8473,0.0,2400.0,0.0,6.4002
105.0,2026-05-03T20:00:11.818251+00:00,68.7598,-0.0717,96.3503,0.0522,0.8473,0.0,2400.0,0.0,6.4001
105.5,2026-05-03T20:00:12.312696+00:00,68.908,0.1358,96.3618,0.0787,0.8473,0.0,2400.0,0.0,6.4
106.0,2026-05-03T20:00:12.813389+00:00,69.1491,0.168,96.4169,0.1453,0.8473,0.0,2400.0,0.0,6.4
106.5,2026-05-03T20:00:13.312982+00:00,69.2072,0.32,96.413,0.104,0.8473,0.0,2400.0,0.0,6.4
107.0,2026-05-03T20:00:13.816603+00:00,69.2518,0.246,96.3406,0.0413,0.8473,0.0,2400.0,0.0,6.4
107.5,2026-05-03T20:00:14.318888+00:00,69.4133,0.2527,96.3543,0.0164,0.8473,0.0,2400.0,0.0,6.4
108.0,2026-05-03T20:00:14.813142+00:00,69.4103,0.1306,96.1335,-0.0723,0.8473,0.0,2400.0,0.0,6.4512
108.5,2026-05-03T20:00:15.312788+00:00,69.4079,0.1004,95.9869,-0.125,0.8473,0.0,2400.0,0.0,6.4762
109.000001,2026-05-03T20:00:15.813414+00:00,69.5333,0.1408,96.1056,-0.1038,0.8473,0.0,2400.0,0.0,6.4884
109.5,2026-05-03T20:00:16.313348+00:00,69.6297,0.1082,96.1969,-0.072,0.8473,0.0,2400.0,0.0,6.4943
110.000001,2026-05-03T20:00:16.817852+00:00,69.8311,0.2104,96.1513,-0.0631,0.8473,0.0,2400.0,0.0,6.446
110.5,2026-05-03T20:00:17.312799+00:00,69.8586,0.2254,96.0006,-0.1179,0.8473,0.0,2400.0,0.0,6.4737
111.0,2026-05-03T20:00:17.813189+00:00,70.007,0.2369,96.0005,-0.0443,0.8473,0.0,2400.0,0.0,6.4359
111.5,2026-05-03T20:00:18.314614+00:00,70.2484,0.3093,95.8615,-0.0418,0.8473,0.0,2400.0,0.0,6.4175
112.0,2026-05-03T20:00:18.812821+00:00,70.1793,0.1741,95.8936,-0.0707,0.8473,0.0,2400.0,0.0,6.4086
112.5,2026-05-03T20:00:19.317808+00:00,70.1263,0.1338,95.8951,-0.1006,0.8473,0.0,2400.0,0.0,6.4042
113.0,2026-05-03T20:00:19.813921+00:00,70.34,0.1665,95.8036,-0.1159,0.8473,0.0,2400.0,0.0,6.402
113.5,2026-05-03T20:00:20.313522+00:00,70.2498,0.0007,95.8491,-0.0505,0.8473,0.0,2400.0,0.0,6.401
114.0,2026-05-03T20:00:20.813016+00:00,70.1804,0.0005,95.884,-0.0388,0.8473,0.0,2400.0,0.0,6.4005
114.500001,2026-05-03T20:00:21.314373+00:00,70.3816,0.1277,95.7951,-0.0221,0.8473,0.0,2400.0,0.0,6.4002
115.0,2026-05-03T20:00:21.817209+00:00,70.5363,0.0981,95.8425,-0.017,0.8473,0.0,2400.0,0.0,6.4001
115.5,2026-05-03T20:00:22.313162+00:00,70.4006,0.0754,95.879,-0.0054,0.8473,0.0,2400.0,0.0,6.4001
116.0,2026-05-03T20:00:22.813149+00:00,70.2963,0.058,95.907,0.0344,0.8473,0.0,2400.0,0.0,6.4
116.5,2026-05-03T20:00:23.312715+00:00,70.4707,0.0446,95.9285,0.0265,0.8473,0.0,2400.0,0.0,6.4
117.0,2026-05-03T20:00:23.814217+00:00,70.6048,0.0342,95.9682,0.0281,0.8473,0.0,2400.0,0.0,6.4
117.5,2026-05-03T20:00:24.316823+00:00,70.5805,0.09,95.8367,0.0139,0.8473,0.0,2400.0,0.0,6.4
118.0,2026-05-03T20:00:24.812671+00:00,70.5619,0.1328,95.8745,0.0107,0.8473,0.0,2400.0,0.0,6.4
118.500001,2026-05-03T20:00:25.313650+00:00,70.5476,0.0384,95.7878,-0.0304,0.8473,0.0,2400.0,0.0,6.4
119.0,2026-05-03T20:00:25.813357+00:00,70.5366,-0.0341,95.8369,-0.0234,0.8473,0.0,2400.0,0.0,6.4
119.5,2026-05-03T20:00:26.312698+00:00,70.7826,0.1011,95.759,-0.0565,0.8473,0.0,2400.0,0.0,6.4512
120.0,2026-05-03T20:00:26.817635+00:00,70.7172,0.0777,95.699,-0.0897,0.8473,0.0,2400.0,0.0,6.425
120.5,2026-05-03T20:00:27.314038+00:00,70.9215,0.187,95.8844,0.0159,0.8473,0.0,2400.0,0.0,6.4634
121.0,2026-05-03T20:00:27.812907+00:00,70.9512,0.2073,95.8186,-0.0186,0.8473,0.0,2400.0,0.0,6.4821
121.5,2026-05-03T20:00:28.312665+00:00,70.9741,0.0957,95.7449,-0.0143,0.8473,0.0,2400.0,0.0,6.4913
122.0,2026-05-03T20:00:28.813754+00:00,70.9917,0.1372,95.8039,-0.011,0.8473,0.0,2400.0,0.0,6.4445
122.5,2026-05-03T20:00:29.316536+00:00,71.0052,0.0418,95.8493,0.0301,0.8473,0.0,2400.0,0.0,6.4217
123.0,2026-05-03T20:00:29.812731+00:00,70.8883,-0.0315,95.6528,-0.0154,0.8473,0.0,2400.0,0.0,6.4106
123.5,2026-05-03T20:00:30.313295+00:00,70.9257,-0.0242,95.6174,-0.089,0.8473,0.0,2400.0,0.0,6.4052
124.000001,2026-05-03T20:00:30.812873+00:00,71.0817,0.045,95.8216,0.001,0.8473,0.0,2400.0,0.0,6.4025
124.500003,2026-05-03T20:00:31.313128+00:00,71.0744,0.0346,95.8629,0.0394,0.8473,0.0,2400.0,0.0,6.4012
125.0,2026-05-03T20:00:31.816923+00:00,71.3233,0.2175,95.8715,0.0225,0.8473,0.0,2400.0,0.0,6.4006
125.500001,2026-05-03T20:00:32.313879+00:00,71.5146,0.2944,96.0169,0.0559,0.8473,0.0,2400.0,0.0,6.4003
126.000001,2026-05-03T20:00:32.813176+00:00,71.4071,0.1627,95.7585,0.0352,0.8473,0.0,2400.0,0.0,6.4001
126.5,2026-05-03T20:00:33.314075+00:00,71.579,0.2523,95.8144,0.0657,0.8473,0.0,2400.0,0.0,6.4001
127.0,2026-05-03T20:00:33.812631+00:00,71.5839,0.1303,95.8573,0.0119,0.8473,0.0,2400.0,0.0,6.4
127.5,2026-05-03T20:00:34.317700+00:00,71.4603,-0.0271,95.8903,0.0091,0.8473,0.0,2400.0,0.0,6.4
128.0,2026-05-03T20:00:34.813455+00:00,71.4926,0.0428,95.9157,0.0147,0.8473,0.0,2400.0,0.0,6.4
128.5,2026-05-03T20:00:35.313311+00:00,71.5175,-0.0308,95.9352,-0.0272,0.8473,0.0,2400.0,0.0,6.4
129.0,2026-05-03T20:00:35.813302+00:00,71.6638,0.04,95.9502,0.0639,0.8473,0.0,2400.0,0.0,6.4
129.500001,2026-05-03T20:00:36.312826+00:00,71.6491,0.0944,95.9386,0.0414,0.8473,0.0,2400.0,0.0,6.4
130.0,2026-05-03T20:00:36.819602+00:00,71.765,0.1362,95.9528,0.0318,0.8473,0.0,2400.0,0.0,6.4
130.5,2026-05-03T20:00:37.312629+00:00,71.9813,0.2319,95.7323,-0.0527,0.8473,0.0,2400.0,0.0,6.4512
131.0,2026-05-03T20:00:37.814568+00:00,71.8931,0.1146,95.6554,-0.0868,0.8473,0.0,2400.0,0.0,6.4762
131.5,2026-05-03T20:00:38.314120+00:00,71.9526,0.1517,95.5269,-0.1361,0.8473,0.0,2400.0,0.0,6.4884
132.0,2026-05-03T20:00:38.814346+00:00,71.9982,0.1166,95.5207,-0.1432,0.8473,0.0,2400.0,0.0,6.4943
132.5,2026-05-03T20:00:39.318708+00:00,71.9061,-0.0376,95.5159,-0.1409,0.8473,0.0,2400.0,0.0,6.446
133.0,2026-05-03T20:00:39.813014+00:00,71.8353,-0.0289,95.5122,-0.1469,0.8473,0.0,2400.0,0.0,6.4225
133.5,2026-05-03T20:00:40.313393+00:00,71.9081,-0.0222,95.5094,-0.0743,0.8473,0.0,2400.0,0.0,6.411
134.0,2026-05-03T20:00:40.812695+00:00,72.0913,0.0465,95.3915,-0.088,0.8473,0.0,2400.0,0.0,6.4053
134.5,2026-05-03T20:00:41.313204+00:00,72.1049,0.0994,95.5323,0.0018,0.8473,0.0,2400.0,0.0,6.4026
135.0,2026-05-03T20:00:41.816806+00:00,71.9881,0.0764,95.4091,-0.0372,0.8473,0.0,2400.0,0.0,6.4013
135.5,2026-05-03T20:00:42.312783+00:00,72.1528,0.1224,95.5227,0.0023,0.8473,0.0,2400.0,0.0,6.4006
136.0,2026-05-03T20:00:42.813016+00:00,72.2794,0.094,95.7489,0.0789,0.8473,0.0,2400.0,0.0,6.4003
136.5,2026-05-03T20:00:43.313001+00:00,72.3768,0.1359,95.7838,0.0915,0.8473,0.0,2400.0,0.0,6.4001
137.000001,2026-05-03T20:00:43.814597+00:00,72.4516,0.2317,95.7182,0.1089,0.8473,0.0,2400.0,0.0,6.4001
137.5,2026-05-03T20:00:44.321061+00:00,72.509,0.1781,95.7602,0.076,0.8473,0.0,2400.0,0.0,6.4512
138.0,2026-05-03T20:00:44.812638+00:00,72.426,0.0733,95.8157,0.1355,0.8473,0.0,2400.0,0.0,6.425
138.5,2026-05-03T20:00:45.312720+00:00,72.4894,0.0563,95.7427,0.0733,0.8473,0.0,2400.0,0.0,6.4122
139.0,2026-05-03T20:00:45.813038+00:00,72.5381,0.0433,95.8022,0.0178,0.8473,0.0,2400.0,0.0,6.406
139.5,2026-05-03T20:00:46.313485+00:00,72.7028,0.0969,95.9637,0.0599,0.8473,0.0,2400.0,0.0,6.4029
140.0,2026-05-03T20:00:46.819206+00:00,72.7022,0.1381,95.9721,0.0846,0.8473,0.0,2400.0,0.0,6.4014
140.5,2026-05-03T20:00:47.313278+00:00,72.8289,0.1698,95.9785,0.0728,0.8473,0.0,2400.0,0.0,6.4519
141.0,2026-05-03T20:00:47.813380+00:00,73.0537,0.2578,95.9835,0.0559,0.8473,0.0,2400.0,0.0,6.4765
141.5,2026-05-03T20:00:48.313785+00:00,72.8445,0.0709,95.8485,0.0353,0.8473,0.0,2400.0,0.0,6.4885
142.000001,2026-05-03T20:00:48.812860+00:00,72.8111,0.0545,95.7678,-0.0115,0.8473,0.0,2400.0,0.0,6.4944
142.5,2026-05-03T20:00:49.316683+00:00,73.0399,0.1055,95.8216,-0.0474,0.8473,0.0,2400.0,0.0,6.4973
143.0,2026-05-03T20:00:49.812932+00:00,72.9613,-0.0462,95.7472,-0.075,0.8473,0.0,2400.0,0.0,6.4987
143.5,2026-05-03T20:00:50.312703+00:00,73.0281,0.0918,96.0371,0.0195,0.8473,0.0,2400.0,0.0,6.4994
144.0,2026-05-03T20:00:50.812693+00:00,73.0794,0.1342,96.0285,0.015,0.8473,0.0,2400.0,0.0,6.4485
144.5,2026-05-03T20:00:51.312872+00:00,73.2462,0.1031,96.0219,0.0578,0.8473,0.0,2400.0,0.0,6.4237
145.000001,2026-05-03T20:00:51.819191+00:00,73.3743,0.2065,96.0168,0.083,0.8473,0.0,2400.0,0.0,6.4115
145.5,2026-05-03T20:00:52.312891+00:00,73.3456,0.1587,96.1286,0.1024,0.8473,0.0,2400.0,0.0,6.4568
146.0,2026-05-03T20:00:52.812743+00:00,73.3234,0.122,96.0989,0.1172,0.8473,0.0,2400.0,0.0,6.4277
146.5,2026-05-03T20:00:53.312708+00:00,73.3065,0.0301,96.076,0.013,0.8473,0.0,2400.0,0.0,6.4135
147.0,2026-05-03T20:00:53.813167+00:00,73.4207,0.0232,96.0584,0.01,0.8473,0.0,2400.0,0.0,6.4066
147.5,2026-05-03T20:00:54.317303+00:00,73.2539,-0.0458,96.0449,0.0077,0.8473,0.0,2400.0,0.0,6.4032
148.0,2026-05-03T20:00:54.813188+00:00,73.253,-0.0352,96.0345,0.0059,0.8473,0.0,2400.0,0.0,6.4016
148.5,2026-05-03T20:00:55.313280+00:00,73.2523,-0.0271,96.0034,-0.0418,0.8473,0.0,2400.0,0.0,6.4008
149.0,2026-05-03T20:00:55.813124+00:00,73.379,-0.0208,96.0026,-0.0321,0.8473,0.0,2400.0,0.0,6.4004
149.5,2026-05-03T20:00:56.313129+00:00,73.6037,0.1749,96.002,-0.0247,0.8473,0.0,2400.0,0.0,6.4002
150.0,2026-05-03T20:00:56.818828+00:00,73.6491,0.1981,96.0015,-0.019,0.8473,0.0,2400.0,0.0,6.4001
150.500001,2026-05-03T20:00:57.313558+00:00,73.5568,0.1522,96.1169,0.024,0.8473,0.0,2400.0,0.0,6.4
151.0,2026-05-03T20:00:57.812713+00:00,73.7403,0.1806,95.951,-0.0278,0.8473,0.0,2400.0,0.0,6.4
151.5,2026-05-03T20:00:58.313907+00:00,73.7541,0.0752,95.8466,-0.0522,0.8473,0.0,2400.0,0.0,6.4
152.0,2026-05-03T20:00:58.813069+00:00,73.892,0.1214,95.7664,-0.0787,0.8473,0.0,2400.0,0.0,6.4
152.5,2026-05-03T20:00:59.316581+00:00,73.998,0.2206,95.9362,-0.0219,0.8473,0.0,2400.0,0.0,6.4
153.000001,2026-05-03T20:00:59.813254+00:00,74.334,0.2968,96.0666,0.0217,0.8473,0.0,2400.0,0.0,6.4
153.5,2026-05-03T20:01:00.313060+00:00,74.2104,0.2281,96.0512,-0.0219,0.8473,0.0,2400.0,0.0,6.4
154.000002,2026-05-03T20:01:00.812830+00:00,74.1155,0.1117,95.9237,-0.0091,0.8473,0.0,2400.0,0.0,6.4
154.5,2026-05-03T20:01:01.312858+00:00,74.1697,0.0859,95.9413,0.0316,0.8473,0.0,2400.0,0.0,6.4
155.0,2026-05-03T20:01:01.820270+00:00,74.3387,0.0024,95.9318,0.0551,0.8473,0.0,2400.0,0.0,6.4
155.5,2026-05-03T20:01:02.312675+00:00,74.2141,0.0018,95.7162,-0.0733,0.8473,0.0,2400.0,0.0,6.4512
156.0,2026-05-03T20:01:02.813052+00:00,74.3728,0.1287,95.6661,-0.1335,0.8473,0.0,2400.0,0.0,6.425
156.5,2026-05-03T20:01:03.312704+00:00,74.2402,0.0353,95.6277,-0.1412,0.8473,0.0,2400.0,0.0,6.4634
157.0,2026-05-03T20:01:03.812704+00:00,74.2656,-0.0365,95.7138,-0.0699,0.8473,0.0,2400.0,0.0,6.4309
157.5,2026-05-03T20:01:04.317281+00:00,74.2852,0.0356,95.6644,-0.0923,0.8473,0.0,2400.0,0.0,6.4151
158.0,2026-05-03T20:01:04.813397+00:00,74.1729,-0.0999,95.8577,-0.0247,0.8473,0.0,2400.0,0.0,6.4586
158.5,2026-05-03T20:01:05.313580+00:00,74.0866,-0.0768,95.7518,0.0119,0.8473,0.0,2400.0,0.0,6.4798
159.0,2026-05-03T20:01:05.813281+00:00,74.1476,-0.059,95.6935,0.0091,0.8473,0.0,2400.0,0.0,6.4901
159.5,2026-05-03T20:01:06.312774+00:00,74.0671,-0.109,95.7645,0.0456,0.8473,0.0,2400.0,0.0,6.4952
160.0,2026-05-03T20:01:06.819197+00:00,74.2599,0.0435,95.819,0.035,0.8473,0.0,2400.0,0.0,6.4977
160.5,2026-05-03T20:01:07.312681+00:00,74.2807,0.0971,95.8609,0.0655,0.8473,0.0,2400.0,0.0,6.4989
161.0,2026-05-03T20:01:07.813720+00:00,74.424,0.1382,95.8931,0.0118,0.8473,0.0,2400.0,0.0,6.4994
161.5,2026-05-03T20:01:08.313788+00:00,74.4069,0.1699,95.9178,0.0553,0.8473,0.0,2400.0,0.0,6.4997
162.0,2026-05-03T20:01:08.813139+00:00,74.521,0.1306,96.0525,0.1197,0.8473,0.0,2400.0,0.0,6.4999
162.5,2026-05-03T20:01:09.320008+00:00,74.3542,0.0367,96.0404,0.092,0.8473,0.0,2400.0,0.0,6.4999
163.0,2026-05-03T20:01:09.813072+00:00,74.4805,0.0282,95.9153,0.0321,0.8473,0.0,2400.0,0.0,6.5
163.5,2026-05-03T20:01:10.313054+00:00,74.8321,0.2126,96.0275,0.0555,0.8473,0.0,2400.0,0.0,6.5
164.0,2026-05-03T20:01:10.812938+00:00,74.8478,0.1634,96.0211,0.0427,0.8473,0.0,2400.0,0.0,6.5
164.5,2026-05-03T20:01:11.313523+00:00,74.7326,0.1892,95.9005,-0.0058,0.8473,0.0,2400.0,0.0,6.5
165.0,2026-05-03T20:01:11.820138+00:00,74.6441,0.0818,95.9236,-0.043,0.8473,0.0,2400.0,0.0,6.4488
165.5,2026-05-03T20:01:12.312733+00:00,74.7033,-0.0644,96.0569,0.0055,0.8473,0.0,2400.0,0.0,6.475
166.0,2026-05-03T20:01:12.812650+00:00,74.8761,0.0141,96.1595,0.0814,0.8473,0.0,2400.0,0.0,6.4366
166.5,2026-05-03T20:01:13.312750+00:00,75.0089,0.1381,96.2383,0.0703,0.8473,0.0,2400.0,0.0,6.4179
167.0,2026-05-03T20:01:13.813464+00:00,75.111,0.2334,96.1831,0.054,0.8473,0.0,2400.0,0.0,6.4087
167.5,2026-05-03T20:01:14.317189+00:00,75.1894,0.2431,96.1408,0.0801,0.8473,0.0,2400.0,0.0,6.4043
168.0,2026-05-03T20:01:14.812883+00:00,74.8679,-0.0041,96.1082,0.0615,0.8473,0.0,2045.94,-354.06,6.4021
168.5,2026-05-03T20:01:15.313205+00:00,74.4935,-0.2577,96.1988,0.0473,0.8473,0.0,1900.8108,-499.1892,6.401
169.0,2026-05-03T20:01:15.813293+00:00,73.9512,-0.5799,96.2685,0.0364,0.8473,0.0,1841.3223,-204.6177,6.4005
169.5,2026-05-03T20:01:16.313440+00:00,73.5344,-0.8275,96.4378,0.0665,0.8473,0.0,1816.938,-83.8728,6.4002
170.000001,2026-05-03T20:01:16.817973+00:00,73.3413,-0.7633,96.5679,0.1283,0.7986,-0.0487,1806.9429,-34.3795,6.4001
170.5,2026-05-03T20:01:17.313125+00:00,73.0657,-0.7139,96.5522,0.1371,0.7787,-0.0686,1802.8459,-14.0921,6.4001
171.000522,2026-05-03T20:01:17.813238+00:00,72.7265,-0.6124,96.5401,0.144,0.7705,-0.0281,1801.1665,-5.7764,6.4
171.5,2026-05-03T20:01:18.312814+00:00,72.4658,-0.5343,96.5308,0.1107,0.7671,-0.0115,1800.4782,-2.3677,6.4
172.0,2026-05-03T20:01:18.813009+00:00,72.52,-0.4107,96.6394,0.1236,0.7658,-0.0047,1800.196,-0.9705,6.4
172.5,2026-05-03T20:01:19.316734+00:00,72.3071,-0.3793,96.6071,0.0564,0.7652,-0.0019,1800.0803,-0.3978,6.4
173.0,2026-05-03T20:01:19.812697+00:00,72.1435,-0.2915,96.698,0.0434,0.765,-0.0008,1800.0329,-0.1631,6.4
173.5,2026-05-03T20:01:20.312765+00:00,72.145,-0.1604,96.7679,0.0719,0.7649,-0.0003,1800.0135,-0.0668,6.4
174.0,2026-05-03T20:01:20.812797+00:00,72.1462,-0.1869,96.7059,0.0553,0.7648,-0.0001,1800.0055,-0.0274,6.3488
174.5,2026-05-03T20:01:21.313432+00:00,72.0198,-0.1437,96.5426,0.0039,0.7648,-0.0001,1800.0023,-0.0112,6.3238
175.0,2026-05-03T20:01:21.817037+00:00,72.0499,-0.0468,96.6484,0.003,0.7648,-0.0,1800.0009,-0.0046,6.3116
175.5,2026-05-03T20:01:22.312712+00:00,71.9458,-0.0996,96.4984,-0.0363,0.7648,-0.0,1800.0004,-0.0019,6.4081
176.0,2026-05-03T20:01:22.813433+00:00,71.6112,-0.2675,96.6145,-0.0279,0.7648,-0.0,1800.0002,-0.0008,6.4039
176.5,2026-05-03T20:01:23.312919+00:00,71.6086,-0.2056,96.7037,-0.0214,0.7648,-0.0,1800.0001,-0.0003,6.4019
177.0,2026-05-03T20:01:23.812978+00:00,71.6066,-0.2216,96.5408,-0.055,0.7648,-0.0,1800.0,-0.0001,6.4009
177.5,2026-05-03T20:01:24.317686+00:00,71.6051,-0.1703,96.4157,-0.0423,0.7648,-0.0,1800.0,-0.0001,6.4005
178.0,2026-05-03T20:01:24.813321+00:00,71.6039,-0.0037,96.4352,-0.0711,0.7648,-0.0,1800.0,-0.0,6.4002
178.5,2026-05-03T20:01:25.312734+00:00,71.4757,-0.0664,96.3345,-0.0546,0.7648,-0.0,1800.0,-0.0,6.4001
179.0,2026-05-03T20:01:25.813134+00:00,71.25,-0.1783,96.4885,-0.042,0.7648,-0.0,1800.0,-0.0,6.4001
179.5,2026-05-03T20:01:26.313232+00:00,71.2037,-0.2007,96.6069,-0.0323,0.7648,-0.0,1800.0,-0.0,6.4
180.0,2026-05-03T20:01:26.820129+00:00,71.1681,-0.2179,96.5821,0.0138,0.7648,-0.0,1800.0,-0.0,6.4
180.5,2026-05-03T20:01:27.313359+00:00,71.2681,-0.1038,96.5631,0.0491,0.7648,-0.0,1800.0,-0.0,6.4512
181.0,2026-05-03T20:01:27.812707+00:00,71.2176,-0.0162,96.6642,0.0763,0.7648,-0.0,1800.0,-0.0,6.4762
181.5,2026-05-03T20:01:28.313958+00:00,71.4334,0.1148,96.5105,0.0587,0.7648,-0.0,1800.0,-0.0,6.4884
182.0,2026-05-03T20:01:28.813567+00:00,71.3446,0.0883,96.6238,0.0451,0.7648,-0.0,1800.0,-0.0,6.4431
182.5,2026-05-03T20:01:29.317403+00:00,71.531,0.1315,96.7108,0.0347,0.7648,-0.0,1800.0,-0.0,6.421
183.0,2026-05-03T20:01:29.813125+00:00,71.1652,-0.0262,96.6621,0.0266,0.7648,-0.0,1800.0,-0.0,6.4103
183.5,2026-05-03T20:01:30.312941+00:00,71.3931,-0.0202,96.6246,0.0205,0.7648,-0.0,1800.0,-0.0,6.405
184.0,2026-05-03T20:01:30.812866+00:00,71.6955,0.1754,96.5726,-0.0305,0.7648,-0.0,1800.0,-0.0,6.4024
184.5,2026-05-03T20:01:31.313573+00:00,71.6734,0.0712,96.6715,0.0537,0.7648,-0.0,1800.0,-0.0,6.4012
185.0,2026-05-03T20:01:31.818828+00:00,71.6564,0.2456,96.8632,0.0798,0.7648,-0.0,1800.0,-0.0,6.4006
185.5,2026-05-03T20:01:32.313322+00:00,71.7706,0.1888,96.7792,0.0228,0.7648,-0.0,1800.0,-0.0,6.4003
186.0,2026-05-03T20:01:32.812689+00:00,71.7311,0.0178,96.7146,0.0175,0.7648,-0.0,1800.0,-0.0,6.4001
186.5,2026-05-03T20:01:33.313119+00:00,71.8281,0.0773,96.5492,-0.0251,0.7648,-0.0,1800.0,-0.0,6.4001
187.0,2026-05-03T20:01:33.812800+00:00,71.7753,0.0594,96.5378,-0.0116,0.7648,-0.0,1800.0,-0.0,6.4
187.5,2026-05-03T20:01:34.318652+00:00,71.4802,-0.1452,96.5291,-0.0475,0.7648,-0.0,1800.0,-0.0,6.4
188.0,2026-05-03T20:01:34.813028+00:00,71.3806,-0.1752,96.6149,-0.0828,0.7648,-0.0,1800.0,-0.0,6.4512
188.5,2026-05-03T20:01:35.312731+00:00,71.1769,-0.3256,96.5883,-0.0636,0.7648,-0.0,1800.0,0.0,6.4762
189.0,2026-05-03T20:01:35.812669+00:00,70.893,-0.4412,96.5679,-0.0489,0.7648,-0.0,1800.0,0.0,6.4372
189.5,2026-05-03T20:01:36.314158+00:00,71.1838,-0.1482,96.5522,0.001,0.7648,-0.0,1800.0,0.0,6.4181
190.0,2026-05-03T20:01:36.819981+00:00,71.1529,-0.1139,96.5401,0.0008,0.7648,0.0,1800.0,0.0,6.4089
190.5,2026-05-03T20:01:37.312700+00:00,71.1291,-0.0239,96.4151,-0.038,0.7648,0.0,1800.0,0.0,6.4555
191.0,2026-05-03T20:01:37.813408+00:00,71.3653,0.2362,96.4348,-0.06,0.7648,0.0,1800.0,0.0,6.4783
191.5,2026-05-03T20:01:38.314565+00:00,71.4196,0.1179,96.2416,-0.1156,0.7648,0.0,1800.0,0.0,6.4894
192.0,2026-05-03T20:01:38.813408+00:00,71.4614,0.1542,96.4171,-0.0503,0.7648,0.0,1800.0,0.0,6.4948
192.5,2026-05-03T20:01:39.320784+00:00,71.2389,0.0549,96.552,-0.0001,0.7648,0.0,1800.0,0.0,6.4975
193.0,2026-05-03T20:01:39.812878+00:00,71.3225,-0.0214,96.5399,-0.0001,0.7648,0.0,1800.0,0.0,6.55
193.5,2026-05-03T20:01:40.313978+00:00,71.3867,-0.0165,96.5307,0.0385,0.7648,0.0,1800.0,0.0,6.5756
194.0,2026-05-03T20:01:40.812734+00:00,71.1815,-0.1399,96.5005,0.0219,0.7648,0.0,1800.0,0.0,6.5881
194.5,2026-05-03T20:01:41.312736+00:00,71.1511,-0.0439,96.5004,0.0863,0.7648,0.0,1800.0,0.0,6.5942
195.0,2026-05-03T20:01:41.820210+00:00,71.255,-0.0338,96.5003,0.0277,0.7648,0.0,1800.0,0.0,6.546
195.5,2026-05-03T20:01:42.313588+00:00,71.3348,-0.0259,96.6159,0.0213,0.7648,0.0,1800.0,0.0,6.5736
196.0,2026-05-03T20:01:42.813405+00:00,71.3962,0.1073,96.8205,0.0935,0.7648,0.0,1800.0,0.0,6.5871
196.5,2026-05-03T20:01:43.313891+00:00,71.4433,0.1461,96.862,0.1104,0.7648,0.0,1800.0,0.0,6.5937
197.0,2026-05-03T20:01:43.812918+00:00,71.4796,0.1123,96.894,0.1312,0.7648,0.0,1800.0,0.0,6.5457
197.5,2026-05-03T20:01:44.321405+00:00,71.6347,0.15,96.8028,0.1008,0.7648,0.0,1800.0,0.0,6.5223
198.0,2026-05-03T20:01:44.813116+00:00,71.754,0.1789,96.8484,0.1161,0.7648,0.0,1800.0,0.0,6.5109
198.5,2026-05-03T20:01:45.312765+00:00,71.7183,0.1375,96.5133,-0.0342,0.7648,0.0,1800.0,0.0,6.4541
199.000001,2026-05-03T20:01:45.814070+00:00,71.6909,0.1057,96.6259,-0.0649,0.7648,0.0,1800.0,0.0,6.4264
199.5,2026-05-03T20:01:46.314125+00:00,71.6699,0.0176,96.4811,-0.127,0.7648,0.0,1800.0,0.0,6.4129
200.0,2026-05-03T20:01:46.818781+00:00,71.781,0.0135,96.578,-0.1053,0.7648,0.0,1800.0,0.0,6.4063
200.500001,2026-05-03T20:01:47.313037+00:00,71.6118,-0.0532,96.56,-0.0809,0.7648,0.0,1800.0,0.0,6.4031
201.0,2026-05-03T20:01:47.812941+00:00,71.3546,-0.1682,96.7775,-0.0236,0.7648,0.0,1800.0,0.0,6.4015
201.5,2026-05-03T20:01:48.313586+00:00,71.4114,-0.1293,96.829,0.1052,0.7648,0.0,1800.0,0.0,6.4007
202.0,2026-05-03T20:01:48.812716+00:00,71.455,-0.163,96.8685,0.0809,0.7648,0.0,1800.0,0.0,6.4004
202.500284,2026-05-03T20:01:49.320843+00:00,71.6158,0.002,96.7833,0.1007,0.7648,0.0,1800.0,0.0,6.4002
203.0,2026-05-03T20:01:49.812935+00:00,71.6122,0.1288,96.602,0.008,0.7648,0.0,1800.0,0.0,6.4513
203.5,2026-05-03T20:01:50.312754+00:00,71.6094,0.099,96.5784,0.0062,0.7648,0.0,1800.0,0.0,6.4762
204.0,2026-05-03T20:01:50.812753+00:00,71.6072,0.0761,96.3289,-0.1495,0.7648,0.0,1800.0,0.0,6.4884
204.5,2026-05-03T20:01:51.312778+00:00,71.4783,-0.0688,96.3685,-0.1535,0.7648,0.0,1800.0,0.0,6.4943
205.0,2026-05-03T20:01:51.816993+00:00,71.3792,-0.1165,96.2832,-0.1951,0.7648,0.0,1800.0,0.0,6.446
205.5,2026-05-03T20:01:52.312794+00:00,71.4303,-0.0895,96.3334,-0.15,0.7648,0.0,1800.0,0.0,6.4737
206.0,2026-05-03T20:01:52.814431+00:00,71.5968,-0.0052,96.3488,-0.0844,0.7648,0.0,1800.0,0.0,6.4359
206.5,2026-05-03T20:01:53.312722+00:00,71.7248,0.1233,96.2681,-0.1034,0.7648,0.0,1800.0,0.0,6.4175
207.0,2026-05-03T20:01:53.812963+00:00,71.8232,0.222,96.3217,-0.0024,0.7648,0.0,1800.0,0.0,6.4086
207.5,2026-05-03T20:01:54.321492+00:00,71.6443,0.107,96.1316,-0.079,0.7648,0.0,1800.0,0.0,6.4042
208.0,2026-05-03T20:01:54.812751+00:00,71.634,0.0186,96.2168,-0.0221,0.7648,0.0,1800.0,0.0,6.402
208.5,2026-05-03T20:01:55.314276+00:00,71.7534,0.0143,96.051,-0.0941,0.7648,0.0,1800.0,0.0,6.401
209.0,2026-05-03T20:01:55.812786+00:00,71.8452,0.011,96.1549,-0.0646,0.7648,0.0,1800.0,0.0,6.4005
209.5,2026-05-03T20:01:56.313407+00:00,71.9157,0.1357,96.3504,0.0275,0.7648,0.0,1800.0,0.0,6.4002
210.0,2026-05-03T20:01:56.819289+00:00,71.8427,0.1043,96.5007,0.0597,0.7648,0.0,1800.0,0.0,6.4001
210.5,2026-05-03T20:01:57.312760+00:00,71.9138,0.0802,96.5006,0.123,0.7648,0.0,1800.0,0.0,6.4001
211.0,2026-05-03T20:01:57.812777+00:00,71.8412,-0.002,96.5004,0.0945,0.7648,0.0,1800.0,0.0,6.4
211.5,2026-05-03T20:01:58.313117+00:00,72.0399,0.0621,96.616,0.1884,0.7648,0.0,1800.0,0.0,6.4
212.0,2026-05-03T20:01:58.812866+00:00,71.9381,0.0477,96.5892,0.1448,0.7648,0.0,1800.0,0.0,6.4512
212.5,2026-05-03T20:01:59.317308+00:00,71.7326,-0.0906,96.6842,0.1113,0.7648,0.0,1800.0,0.0,6.4762
213.0,2026-05-03T20:01:59.812756+00:00,71.9565,0.0576,96.7573,0.0855,0.7648,0.0,1800.0,0.0,6.4372
213.5,2026-05-03T20:02:00.312908+00:00,71.874,-0.083,96.5821,0.0272,0.7648,0.0,1800.0,0.0,6.4181
214.0,2026-05-03T20:02:00.812712+00:00,71.9378,-0.0001,96.6788,0.0594,0.7648,0.0,1800.0,0.0,6.4089
214.5,2026-05-03T20:02:01.313244+00:00,71.8597,0.0635,96.7531,0.0457,0.7648,0.0,1800.0,0.0,6.4043
215.0,2026-05-03T20:02:01.819840+00:00,71.9269,-0.0148,96.8102,0.0737,0.7648,0.0,1800.0,0.0,6.4021
215.5,2026-05-03T20:02:02.313919+00:00,71.8512,-0.0114,96.9699,0.0952,0.7648,0.0,1800.0,0.0,6.4522
216.0,2026-05-03T20:02:02.812731+00:00,71.7931,-0.0724,96.8611,0.0346,0.7648,0.0,1800.0,0.0,6.4767
216.5,2026-05-03T20:02:03.313242+00:00,71.7484,-0.0556,96.8933,0.1037,0.7648,0.0,1800.0,0.0,6.4886
217.0,2026-05-03T20:02:03.812796+00:00,71.4595,-0.2337,97.0337,0.1183,0.7648,0.0,1800.0,0.0,6.4432
217.5,2026-05-03T20:02:04.321540+00:00,71.6193,-0.116,97.0259,0.0909,0.7648,0.0,1800.0,0.0,6.4211
218.000001,2026-05-03T20:02:04.813255+00:00,71.6148,-0.0891,97.0199,0.0699,0.7648,0.0,1800.0,0.0,6.4103
218.5,2026-05-03T20:02:05.312746+00:00,71.8659,0.0588,96.8996,-0.0234,0.7648,0.0,1800.0,0.0,6.405
219.0,2026-05-03T20:02:05.812855+00:00,72.0589,0.2997,96.6914,-0.0566,0.7648,0.0,1800.0,0.0,6.4025
219.5,2026-05-03T20:02:06.313222+00:00,72.08,0.2304,96.5314,-0.1206,0.7648,0.0,1800.0,0.0,6.4012
220.0,2026-05-03T20:02:06.819318+00:00,71.9689,0.1771,96.6399,-0.1313,0.7648,0.0,1800.0,0.0,6.4006
220.5,2026-05-03T20:02:07.313031+00:00,72.0108,0.0724,96.4918,-0.178,0.7648,0.0,1800.0,0.0,6.4003
221.0,2026-05-03T20:02:07.812774+00:00,71.9158,-0.0716,96.378,-0.214,0.7648,0.0,1800.0,0.0,6.4001
221.5,2026-05-03T20:02:08.314539+00:00,71.8427,-0.1187,96.2905,-0.203,0.7648,0.0,1800.0,0.0,6.4001
222.0,2026-05-03T20:02:08.814437+00:00,71.7865,-0.0912,96.2233,-0.156,0.7648,0.0,1800.0,0.0,6.4
222.5,2026-05-03T20:02:09.320829+00:00,71.6161,-0.1974,96.2873,-0.0814,0.7648,0.0,1800.0,0.0,6.4
223.0,2026-05-03T20:02:09.813304+00:00,71.3578,-0.279,96.2208,-0.1397,0.7648,0.0,1800.0,0.0,6.4
223.5,2026-05-03T20:02:10.314426+00:00,71.2866,-0.278,96.1697,-0.1074,0.7648,0.0,1800.0,0.0,6.4
224.0,2026-05-03T20:02:10.814408+00:00,71.3591,-0.2137,96.2462,-0.0439,0.7648,0.0,1800.0,0.0,6.4
224.5,2026-05-03T20:02:11.313406+00:00,71.5421,-0.037,96.3049,0.0048,0.7648,0.0,1800.0,0.0,6.4
225.0,2026-05-03T20:02:11.820579+00:00,71.5555,0.0988,96.35,0.0422,0.7648,0.0,1800.0,0.0,6.4
225.5,2026-05-03T20:02:12.312705+00:00,71.4385,0.076,96.3847,0.0325,0.7648,0.0,1800.0,0.0,6.4
226.0,2026-05-03T20:02:12.813995+00:00,71.4759,0.0584,96.4114,0.0635,0.7648,0.0,1800.0,0.0,6.4
226.5,2026-05-03T20:02:13.314140+00:00,71.6319,0.0449,96.4319,0.0874,0.7648,0.0,1800.0,0.0,6.4
227.0,2026-05-03T20:02:13.812800+00:00,71.4972,-0.0291,96.4477,0.0672,0.7648,0.0,1800.0,0.0,6.4
227.5,2026-05-03T20:02:14.317549+00:00,71.7756,0.1685,96.5755,0.0902,0.7648,0.0,1800.0,0.0,6.4
228.0,2026-05-03T20:02:14.813494+00:00,71.8622,0.1931,96.6737,0.1079,0.7648,0.0,1800.0,0.0,6.4
228.5,2026-05-03T20:02:15.313372+00:00,71.8015,0.0848,96.7492,0.1215,0.7648,0.0,1800.0,0.0,6.4
229.0,2026-05-03T20:02:15.813169+00:00,71.7549,0.1288,96.7841,0.1242,0.7648,0.0,1800.0,0.0,6.4
229.5,2026-05-03T20:02:16.312742+00:00,71.8463,0.0354,96.7184,0.0955,0.7648,0.0,1800.0,0.0,6.4
230.0,2026-05-03T20:02:16.819530+00:00,71.9166,0.0272,96.5521,0.0348,0.7648,0.0,1800.0,0.0,6.3488
230.5,2026-05-03T20:02:17.313206+00:00,72.0979,0.1482,96.6558,0.0268,0.7648,0.0,1800.0,0.0,6.375
231.0,2026-05-03T20:02:17.813369+00:00,71.9827,0.1139,96.7354,0.0206,0.7648,0.0,1800.0,0.0,6.3878
231.5,2026-05-03T20:02:18.312722+00:00,71.8941,0.0239,96.7966,0.0158,0.7648,0.0,1800.0,0.0,6.394
232.0,2026-05-03T20:02:18.812853+00:00,72.0806,0.082,96.4735,-0.1035,0.7648,0.0,1800.0,0.0,6.3971
232.5,2026-05-03T20:02:19.319531+00:00,72.2239,0.063,96.3639,-0.1182,0.7648,0.0,1800.0,0.0,6.3986
233.0,2026-05-03T20:02:19.813548+00:00,72.0796,0.0484,96.3954,-0.0522,0.7648,0.0,1800.0,0.0,6.3993
233.5,2026-05-03T20:02:20.312771+00:00,72.0959,0.1009,96.4196,-0.0787,0.7648,0.0,1800.0,0.0,6.3997
234.0,2026-05-03T20:02:20.813866+00:00,72.2357,0.0775,96.4151,-0.1068,0.7648,0.0,1800.0,0.0,6.3998
234.5,2026-05-03T20:02:21.313861+00:00,72.3431,0.0596,96.4347,-0.1206,0.7648,0.0,1800.0,0.0,6.3999
235.0,2026-05-03T20:02:21.817318+00:00,72.1711,0.0458,96.311,-0.0542,0.7648,0.0,1800.0,0.0,6.4
235.5,2026-05-03T20:02:22.313366+00:00,72.039,-0.0284,96.3547,-0.0031,0.7648,0.0,1800.0,0.0,6.4
236.0,2026-05-03T20:02:22.813119+00:00,72.0647,-0.0855,96.3883,-0.0024,0.7648,0.0,1800.0,0.0,6.4
236.5,2026-05-03T20:02:23.312786+00:00,72.0844,-0.1293,96.4142,-0.0018,0.7648,0.0,1800.0,0.0,6.4512
237.0,2026-05-03T20:02:23.813205+00:00,72.0996,-0.0358,96.5497,0.0449,0.7648,0.0,1800.0,0.0,6.4762
237.5,2026-05-03T20:02:24.319668+00:00,72.1113,0.0361,96.6539,0.0731,0.7648,0.0,1800.0,0.0,6.4884
238.0,2026-05-03T20:02:24.813152+00:00,72.2475,0.0914,96.6183,0.1024,0.7648,0.0,1800.0,0.0,6.4943
238.5,2026-05-03T20:02:25.313605+00:00,72.0977,0.0066,96.4752,0.0402,0.7648,0.0,1800.0,0.0,6.446
239.0,2026-05-03T20:02:25.813229+00:00,71.9825,-0.0585,96.4578,0.0232,0.7648,0.0,1800.0,0.0,6.4225
239.5,2026-05-03T20:02:26.315324+00:00,71.7667,-0.1723,96.4676,0.0178,0.7648,0.0,1800.0,0.0,6.411
240.0,2026-05-03T20:02:26.819497+00:00,71.8554,-0.196,96.3594,-0.0635,0.7648,0.0,1800.0,0.0,6.4053
240.500001,2026-05-03T20:02:27.313072+00:00,71.9236,-0.087,96.3919,-0.0873,0.7648,0.0,1800.0,0.0,6.4538
241.0,2026-05-03T20:02:27.812745+00:00,72.1032,0.0604,96.2781,-0.1134,0.7648,0.0,1800.0,0.0,6.4263
241.5,2026-05-03T20:02:28.313065+00:00,71.9868,0.11,96.3294,-0.0486,0.7648,0.0,1800.0,0.0,6.4128
242.000001,2026-05-03T20:02:28.813408+00:00,72.2791,0.2118,96.392,-0.0219,0.7648,0.0,1800.0,0.0,6.4063
242.5,2026-05-03T20:02:29.319885+00:00,72.2492,0.1628,96.417,-0.0169,0.7648,0.0,1800.0,0.0,6.4031
243.001949,2026-05-03T20:02:29.815105+00:00,72.2263,0.0615,96.3205,-0.013,0.7648,0.0,1800.0,0.0,6.4015
243.5,2026-05-03T20:02:30.313077+00:00,72.2086,0.1109,96.3621,-0.01,0.7648,0.0,1800.0,0.0,6.4007
244.0,2026-05-03T20:02:30.812719+00:00,72.0678,-0.1057,96.394,0.0386,0.7648,0.0,1800.0,0.0,6.4004
244.5,2026-05-03T20:02:31.314277+00:00,71.9595,-0.1448,96.3028,-0.0089,0.7648,0.0,1800.0,0.0,6.4002
245.0,2026-05-03T20:02:31.818092+00:00,72.0036,-0.1113,96.3484,-0.0145,0.7648,0.0,1800.0,0.0,6.4001
245.5,2026-05-03T20:02:32.312937+00:00,72.1648,-0.0219,96.2678,-0.0497,0.7648,0.0,1800.0,0.0,6.4
246.0,2026-05-03T20:02:32.814391+00:00,72.2886,0.1104,96.2058,-0.0382,0.7648,0.0,1800.0,0.0,6.4
246.5,2026-05-03T20:02:33.312764+00:00,72.2565,0.1485,96.2739,-0.0294,0.7648,0.0,1800.0,0.0,6.4
247.0,2026-05-03T20:02:33.813317+00:00,72.3592,0.1778,96.1874,-0.0689,0.7648,0.0,1800.0,0.0,6.4
247.5,2026-05-03T20:02:34.319484+00:00,72.438,0.1366,96.144,-0.0529,0.7648,0.0,1800.0,0.0,6.4
248.0,2026-05-03T20:02:34.812967+00:00,72.3714,0.0414,96.2264,-0.0407,0.7648,0.0,1800.0,0.0,6.4
248.5,2026-05-03T20:02:35.314155+00:00,72.4474,0.0954,96.2897,0.0073,0.7648,0.0,1800.0,0.0,6.4
249.0,2026-05-03T20:02:35.812691+00:00,72.2513,-0.0539,96.2227,0.0056,0.7648,0.0,1800.0,0.0,6.4
249.5,2026-05-03T20:02:36.312753+00:00,72.3551,-0.0414,96.2868,0.0043,0.7648,0.0,1800.0,0.0,6.4
250.0,2026-05-03T20:02:36.819307+00:00,72.4349,0.0318,96.3362,0.0496,0.7648,0.0,1800.0,0.0,6.4
250.5,2026-05-03T20:02:37.313413+00:00,72.4963,0.0244,96.2584,0.0381,0.7648,0.0,1800.0,0.0,6.4
251.0,2026-05-03T20:02:37.812754+00:00,72.4162,0.0824,96.1986,-0.0093,0.7648,0.0,1800.0,0.0,6.4
251.5,2026-05-03T20:02:38.313987+00:00,72.4818,0.0633,96.3609,0.0237,0.7648,0.0,1800.0,0.0,6.4
252.0,2026-05-03T20:02:38.812780+00:00,72.2778,-0.0786,96.5088,0.0954,0.7648,0.0,1800.0,0.0,6.4
252.5,2026-05-03T20:02:39.316939+00:00,72.2482,-0.124,96.6225,0.1119,0.7648,0.0,1800.0,0.0,6.4
253.0,2026-05-03T20:02:39.812701+00:00,72.2255,-0.0953,96.5941,0.086,0.7648,0.0,1800.0,0.0,6.4
253.5,2026-05-03T20:02:40.313147+00:00,72.208,-0.1369,96.4566,0.0661,0.7648,0.0,1800.0,0.0,6.4
254.0,2026-05-03T20:02:40.813126+00:00,72.3219,0.022,96.351,0.0508,0.7648,0.0,1800.0,0.0,6.4
254.5,2026-05-03T20:02:41.313157+00:00,72.4094,0.0806,96.2698,-0.0304,0.7648,0.0,1800.0,0.0,6.4
255.0,2026-05-03T20:02:41.819235+00:00,72.4766,0.1256,96.2073,-0.1005,0.7648,0.0,1800.0,0.0,6.4
255.5,2026-05-03T20:02:42.313095+00:00,72.401,0.0965,96.1362,-0.1621,0.7648,0.0,1800.0,0.0,6.4
256.0,2026-05-03T20:02:42.812924+00:00,72.4702,0.0742,96.4518,-0.0474,0.7648,0.0,1800.0,0.0,6.4
256.5,2026-05-03T20:02:43.314909+00:00,72.5234,0.057,96.463,0.0021,0.7648,0.0,1800.0,0.0,6.4
257.0,2026-05-03T20:02:43.813838+00:00,72.5643,0.0438,96.4715,0.0402,0.7648,0.0,1800.0,0.0,6.4
257.5,2026-05-03T20:02:44.317874+00:00,72.4684,0.0337,96.3624,0.0309,0.7648,0.0,1800.0,0.0,6.4
258.0,2026-05-03T20:02:44.813427+00:00,72.2675,-0.1014,96.51,0.1009,0.7648,0.0,1800.0,0.0,6.4
258.5,2026-05-03T20:02:45.313122+00:00,72.3675,-0.0779,96.3919,0.0852,0.7648,0.0,1800.0,0.0,6.4
259.0,2026-05-03T20:02:45.813172+00:00,72.4445,-0.0599,96.3938,-0.0193,0.7648,0.0,1800.0,0.0,6.4
259.5,2026-05-03T20:02:46.313109+00:00,72.5036,0.0176,96.0481,-0.1383,0.7648,0.0,1800.0,0.0,6.4
260.0,2026-05-03T20:02:46.820748+00:00,72.4218,0.0772,96.037,-0.1448,0.7648,0.0,1800.0,0.0,6.4
260.5,2026-05-03T20:02:47.313986+00:00,72.4862,0.0593,96.2598,-0.0342,0.7648,0.0,1800.0,0.0,6.4
261.0,2026-05-03T20:02:47.813965+00:00,72.5356,0.0456,96.084,-0.142,0.7648,0.0,1800.0,0.0,6.4
261.5,2026-05-03T20:02:48.314408+00:00,72.5737,0.035,95.8332,-0.1863,0.7648,0.0,1800.0,0.0,6.4
262.0,2026-05-03T20:02:48.812789+00:00,72.4756,0.0269,95.8718,-0.174,0.7648,0.0,1800.0,0.0,6.4
262.5,2026-05-03T20:02:49.316719+00:00,72.5276,0.0207,96.1328,0.0282,0.7648,0.0,1800.0,0.0,6.4
263.0,2026-05-03T20:02:49.814846+00:00,72.5675,0.0159,96.1021,0.0217,0.7648,0.0,1800.0,0.0,6.4
263.5,2026-05-03T20:02:50.312749+00:00,72.4709,-0.0514,96.0785,-0.0605,0.7648,0.0,1800.0,0.0,6.4
264.0,2026-05-03T20:02:50.812725+00:00,72.5239,0.0241,96.0603,-0.0079,0.7648,0.0,1800.0,0.0,6.4
264.5,2026-05-03T20:02:51.312739+00:00,72.4374,-0.0451,95.9307,0.0325,0.7648,0.0,1800.0,0.0,6.4
265.0,2026-05-03T20:02:51.819514+00:00,72.4981,-0.0347,95.9467,0.025,0.7648,0.0,1800.0,0.0,6.4
265.5,2026-05-03T20:02:52.314252+00:00,72.6721,0.1006,95.9822,-0.0502,0.7648,0.0,1800.0,0.0,6.4
266.000519,2026-05-03T20:02:52.813268+00:00,72.5513,0.0137,95.9863,-0.0386,0.7648,0.0,1800.0,0.0,6.4
266.5,2026-05-03T20:02:53.312811+00:00,72.4584,0.0105,95.9895,-0.0297,0.7648,0.0,1800.0,0.0,6.4
267.0,2026-05-03T20:02:53.812758+00:00,72.2598,-0.1192,95.9919,-0.0228,0.7648,0.0,1800.0,0.0,6.4
267.5,2026-05-03T20:02:54.419732+00:00,72.2344,-0.2189,96.1095,0.0596,0.7648,0.0,1800.0,0.0,6.4
268.0,2026-05-03T20:02:54.812771+00:00,72.0876,-0.2319,95.9916,0.015,0.7648,0.0,1800.0,0.0,6.4
268.5,2026-05-03T20:02:55.314437+00:00,72.3566,-0.0509,95.9935,0.0038,0.7648,0.0,1800.0,0.0,6.4
269.0,2026-05-03T20:02:55.812779+00:00,72.5633,0.1518,95.8793,-0.0357,0.7648,0.0,1800.0,0.0,6.4
269.5,2026-05-03T20:02:56.313261+00:00,72.7222,0.2439,95.9073,-0.0274,0.7648,0.0,1800.0,0.0,6.4
270.0,2026-05-03T20:02:56.818311+00:00,72.8443,0.3784,95.813,-0.0596,0.7648,0.0,1800.0,0.0,6.4
270.5,2026-05-03T20:02:57.312740+00:00,72.9382,0.2908,95.8794,-0.0767,0.7648,0.0,1800.0,0.0,6.4512
271.0,2026-05-03T20:02:57.814435+00:00,72.7558,0.0963,96.1387,0.049,0.7648,0.0,1800.0,0.0,6.425
271.5,2026-05-03T20:02:58.312760+00:00,72.7429,0.0103,96.2223,0.0763,0.7648,0.0,1800.0,0.0,6.4122
272.0,2026-05-03T20:02:58.812715+00:00,72.4784,-0.183,96.2866,0.1357,0.7648,0.0,1800.0,0.0,6.406
272.5,2026-05-03T20:02:59.320440+00:00,72.5297,-0.2043,95.9889,0.0272,0.7648,0.0,1800.0,0.0,6.4029
273.0,2026-05-03T20:02:59.812714+00:00,72.4418,-0.157,95.8989,0.0286,0.7648,0.0,1800.0,0.0,6.4014
273.5,2026-05-03T20:03:00.312817+00:00,72.247,-0.2479,95.9223,0.0143,0.7648,0.0,1800.0,0.0,6.4007
274.0,2026-05-03T20:03:00.812963+00:00,72.6064,0.064,96.0328,-0.0353,0.7648,0.0,1800.0,0.0,6.4003
274.5,2026-05-03T20:03:01.314196+00:00,72.5008,-0.0145,96.0252,-0.0657,0.7648,0.0,1800.0,0.0,6.4002
275.0,2026-05-03T20:03:01.816760+00:00,72.5469,0.0525,96.1351,-0.0505,0.7648,0.0,1800.0,0.0,6.4001
275.5,2026-05-03T20:03:02.313303+00:00,72.5823,0.1676,96.0113,0.0075,0.7648,0.0,1800.0,0.0,6.4512
276.0,2026-05-03T20:03:02.812779+00:00,72.7368,0.0652,96.1244,0.0752,0.7648,0.0,1800.0,0.0,6.4762
276.500001,2026-05-03T20:03:03.312756+00:00,72.7283,0.1138,96.2113,0.0963,0.7648,0.0,1800.0,0.0,6.4884
277.0,2026-05-03T20:03:03.812774+00:00,72.7217,0.0874,96.3938,0.1203,0.7648,0.0,1800.0,0.0,6.4943
277.5,2026-05-03T20:03:04.319788+00:00,72.9713,0.1945,96.5341,0.1696,0.7648,0.0,1800.0,0.0,6.4972
278.0,2026-05-03T20:03:04.813480+00:00,72.9085,0.0858,96.5262,0.1304,0.7648,0.0,1800.0,0.0,6.4987
278.5,2026-05-03T20:03:05.312719+00:00,72.6057,-0.0613,96.3813,0.1233,0.7648,0.0,1800.0,0.0,6.4993
279.0,2026-05-03T20:03:05.813972+00:00,72.7548,0.0165,96.2931,0.0562,0.7648,0.0,1800.0,0.0,6.4997
279.5,2026-05-03T20:03:06.312796+00:00,72.8694,-0.0509,96.2252,0.0047,0.7648,0.0,1800.0,0.0,6.4998
280.0,2026-05-03T20:03:06.819697+00:00,72.9575,0.0245,96.2888,-0.035,0.7648,0.0,1800.0,0.0,6.4487
280.5,2026-05-03T20:03:07.313097+00:00,72.8979,0.1461,96.4534,-0.0269,0.7648,0.0,1800.0,0.0,6.475
281.0,2026-05-03T20:03:07.813432+00:00,72.8521,0.0486,96.3485,-0.0592,0.7648,0.0,1800.0,0.0,6.4366
281.5,2026-05-03T20:03:08.313450+00:00,72.8169,-0.0262,96.4992,0.0393,0.7648,0.0,1800.0,0.0,6.4179
282.0,2026-05-03T20:03:08.812740+00:00,72.7898,-0.0838,96.4994,0.0688,0.7648,0.0,1800.0,0.0,6.4087
282.5,2026-05-03T20:03:09.320137+00:00,72.8963,-0.0008,96.4995,0.0914,0.7648,0.0,1800.0,0.0,6.4043
283.0,2026-05-03T20:03:09.813142+00:00,72.7236,-0.0642,96.6154,0.1088,0.7648,0.0,1800.0,0.0,6.4021
283.5,2026-05-03T20:03:10.313460+00:00,72.8454,0.0143,96.5887,0.0451,0.7648,0.0,1800.0,0.0,6.401
284.0,2026-05-03T20:03:10.812886+00:00,73.0663,0.1382,96.707,0.1195,0.7648,0.0,1800.0,0.0,6.4005
284.5,2026-05-03T20:03:11.313024+00:00,73.1088,0.1062,96.8905,0.1304,0.7648,0.0,1800.0,0.0,6.4002
285.0,2026-05-03T20:03:11.817056+00:00,73.1415,0.2089,96.8001,0.1002,0.7648,0.0,1800.0,0.0,6.4001
285.5,2026-05-03T20:03:12.312731+00:00,73.1666,0.1606,96.615,0.0385,0.7648,0.0,1800.0,0.0,6.4513
286.0,2026-05-03T20:03:12.812954+00:00,72.9314,-0.0675,96.6115,-0.0013,0.7648,0.0,1800.0,0.0,6.425
286.5,2026-05-03T20:03:13.313805+00:00,72.8778,-0.1155,96.5857,-0.001,0.7648,0.0,1800.0,0.0,6.4122
287.0,2026-05-03T20:03:13.812713+00:00,72.8367,-0.1524,96.6816,-0.0085,0.7648,0.0,1800.0,0.0,6.406
287.5,2026-05-03T20:03:14.319059+00:00,72.6778,-0.2444,96.7553,-0.0451,0.7648,0.0,1800.0,0.0,6.4029
288.0,2026-05-03T20:03:14.812718+00:00,72.4284,-0.2515,96.6962,-0.0346,0.7648,0.0,1800.0,0.0,6.4014
288.5,2026-05-03T20:03:15.314206+00:00,72.6185,-0.1297,96.7665,0.0505,0.7648,0.0,1800.0,0.0,6.4007
289.0,2026-05-03T20:03:15.812775+00:00,72.7646,-0.036,96.8205,0.0697,0.7648,0.0,1800.0,0.0,6.4003
289.5,2026-05-03T20:03:16.313076+00:00,72.7497,0.0359,96.7464,0.0535,0.7648,0.0,1800.0,0.0,6.4002
290.0,2026-05-03T20:03:16.822899+00:00,72.7382,0.1549,96.9207,0.0797,0.7648,0.0,1800.0,0.0,6.4001
290.500001,2026-05-03T20:03:17.313454+00:00,72.8566,0.1191,96.8234,0.0227,0.7648,0.0,1800.0,0.0,6.4
291.0,2026-05-03T20:03:17.813360+00:00,72.6931,-0.0358,96.8643,0.056,0.7648,0.0,1800.0,0.0,6.4
291.5,2026-05-03T20:03:18.313461+00:00,72.822,0.0361,96.78,0.0045,0.7648,0.0,1800.0,0.0,6.4
292.0,2026-05-03T20:03:18.813886+00:00,72.7937,0.0278,96.5995,-0.0737,0.7648,0.0,1800.0,0.0,6.4512
292.5,2026-05-03T20:03:19.317503+00:00,73.0266,0.085,96.5533,-0.0643,0.7648,0.0,1800.0,0.0,6.4762
293.0,2026-05-03T20:03:19.812832+00:00,73.2056,0.2562,96.541,-0.1266,0.7648,0.0,1800.0,0.0,6.4372
293.5,2026-05-03T20:03:20.313109+00:00,72.9613,0.0697,96.4158,-0.1359,0.7648,0.0,1800.0,0.0,6.4181
294.0,2026-05-03T20:03:20.814181+00:00,73.0281,0.1172,96.2964,-0.1893,0.7648,0.0,1800.0,0.0,6.4089
294.5,2026-05-03T20:03:21.312716+00:00,73.0795,0.0264,96.3435,-0.1455,0.7648,0.0,1800.0,0.0,6.4043
295.0,2026-05-03T20:03:21.818584+00:00,73.1189,-0.0433,96.4955,-0.0347,0.7648,0.0,1800.0,0.0,6.4021
295.5,2026-05-03T20:03:22.314485+00:00,73.1493,0.094,96.6122,0.0196,0.7648,0.0,1800.0,0.0,6.401
296.0,2026-05-03T20:03:22.812722+00:00,73.1726,0.0722,96.7019,0.0537,0.7648,0.0,1800.0,0.0,6.4005
296.5,2026-05-03T20:03:23.313294+00:00,73.0632,-0.0081,96.7709,0.1184,0.7648,0.0,1800.0,0.0,6.4002
297.0,2026-05-03T20:03:23.813306+00:00,72.9792,-0.0699,96.7082,0.1373,0.7648,0.0,1800.0,0.0,6.4001
297.5,2026-05-03T20:03:24.318569+00:00,73.0418,-0.0537,96.66,0.1055,0.7648,0.0,1800.0,0.0,6.4001
298.0,2026-05-03T20:03:24.812757+00:00,72.8355,-0.1685,96.623,0.0425,0.7648,0.0,1800.0,0.0,6.4
298.5,2026-05-03T20:03:25.312722+00:00,73.0587,-0.0023,96.5714,-0.0136,0.7648,0.0,1800.0,0.0,6.4
299.0,2026-05-03T20:03:25.814471+00:00,72.9757,-0.0018,96.6706,-0.0105,0.7648,0.0,1800.0,0.0,6.4
299.5,2026-05-03T20:03:26.314400+00:00,73.0391,-0.0013,96.6311,-0.0466,0.7648,0.0,1800.0,0.0,6.4
300.0,2026-05-03T20:03:26.818962+00:00,73.2152,0.1899,96.7165,0.0027,0.7648,0.0,1800.0,0.0,6.4
300.5,2026-05-03T20:03:27.312835+00:00,73.2233,0.0823,96.6664,0.0021,0.7648,0.0,1800.0,0.0,6.4
301.0,2026-05-03T20:03:27.814329+00:00,72.9749,-0.0004,96.6047,-0.0061,0.7648,0.0,1800.0,0.0,6.4
301.5,2026-05-03T20:03:28.313312+00:00,73.1658,0.0633,96.5805,0.003,0.7648,0.0,1800.0,0.0,6.4
302.0,2026-05-03T20:03:28.812930+00:00,73.3126,0.0487,96.4462,-0.0748,0.7648,0.0,1800.0,0.0,6.4
302.5,2026-05-03T20:03:29.321215+00:00,73.4254,0.1011,96.5743,-0.0189,0.7648,0.0,1800.0,0.0,6.4
303.0,2026-05-03T20:03:29.812939+00:00,73.5121,0.2686,96.534,-0.0608,0.7648,0.0,1800.0,0.0,6.4
303.5,2026-05-03T20:03:30.312709+00:00,73.4514,0.1428,96.4104,-0.0853,0.7648,0.0,1800.0,0.0,6.4
304.0,2026-05-03T20:03:30.812809+00:00,73.4048,0.0461,96.3155,-0.0964,0.7648,0.0,1800.0,0.0,6.4
304.500091,2026-05-03T20:03:31.312816+00:00,73.2417,-0.0918,96.3582,-0.0741,0.7648,0.0,1800.0,0.0,6.4
305.0,2026-05-03T20:03:31.817854+00:00,73.2436,-0.1342,96.391,-0.0184,0.7648,0.0,1800.0,0.0,6.3488
305.5,2026-05-03T20:03:32.313236+00:00,73.2451,-0.1032,96.4162,-0.0527,0.7648,0.0,1800.0,0.0,6.375
306.0,2026-05-03T20:03:32.812710+00:00,73.3735,-0.0157,96.4356,-0.0328,0.7648,0.0,1800.0,0.0,6.3878
306.5,2026-05-03T20:03:33.312753+00:00,73.4722,0.1152,96.5662,0.0519,0.7648,0.0,1800.0,0.0,6.394
307.0,2026-05-03T20:03:33.813260+00:00,73.2935,0.0249,96.4352,0.0399,0.7648,0.0,1800.0,0.0,6.3971
307.5,2026-05-03T20:03:34.320270+00:00,73.2834,0.0192,96.3345,-0.0079,0.7648,0.0,1800.0,0.0,6.3986
308.0,2026-05-03T20:03:34.814174+00:00,73.0212,-0.1762,96.4885,0.0325,0.7648,0.0,1800.0,0.0,6.3481
308.5,2026-05-03T20:03:35.314138+00:00,73.2014,-0.1354,96.6068,0.0635,0.7648,0.0,1800.0,0.0,6.3235
309.0,2026-05-03T20:03:35.814006+00:00,73.2126,-0.0404,96.6978,0.0874,0.7648,0.0,1800.0,0.0,6.3115
309.5,2026-05-03T20:03:36.313461+00:00,73.3486,0.0326,96.7677,0.0672,0.7648,0.0,1800.0,0.0,6.3056
310.0,2026-05-03T20:03:36.818057+00:00,73.453,0.2159,96.8215,0.1288,0.7648,0.0,1800.0,0.0,6.3027
310.500001,2026-05-03T20:03:37.312792+00:00,73.2788,0.0387,96.8628,0.1761,0.7648,0.0,1800.0,0.0,6.3525
311.0,2026-05-03T20:03:37.812997+00:00,73.2721,0.0297,96.8945,0.1354,0.7648,0.0,1800.0,0.0,6.3768
311.5,2026-05-03T20:03:38.313367+00:00,73.3943,0.0229,96.9189,0.104,0.7648,0.0,1800.0,0.0,6.3887
312.0,2026-05-03T20:03:38.813603+00:00,73.2336,-0.1097,96.822,0.0414,0.7648,0.0,1800.0,0.0,6.3945
312.5,2026-05-03T20:03:39.316907+00:00,73.3647,0.043,96.8632,0.0318,0.7648,0.0,1800.0,0.0,6.3973
313.0,2026-05-03T20:03:39.813208+00:00,73.2109,-0.0306,97.0105,0.063,0.7648,0.0,1800.0,0.0,6.3987
313.5,2026-05-03T20:03:40.312709+00:00,73.3472,-0.0235,97.0081,0.0484,0.7648,0.0,1800.0,0.0,6.3994
314.0,2026-05-03T20:03:40.813440+00:00,73.452,0.1092,96.8905,-0.0013,0.7648,0.0,1800.0,0.0,6.3997
314.500001,2026-05-03T20:03:41.313307+00:00,73.5325,0.0839,96.8002,-0.0396,0.7648,0.0,1800.0,0.0,6.3998
315.0,2026-05-03T20:03:41.819491+00:00,73.5944,0.1918,96.8464,0.0081,0.7648,0.0,1800.0,0.0,6.3999
315.5,2026-05-03T20:03:42.312748+00:00,73.5147,0.0838,96.7662,-0.0323,0.7648,0.0,1800.0,0.0,6.4
316.0,2026-05-03T20:03:42.813600+00:00,73.4535,0.0007,96.6121,-0.1328,0.7648,0.0,1800.0,0.0,6.4
316.5,2026-05-03T20:03:43.313597+00:00,73.4064,-0.0631,96.5861,-0.1407,0.7648,0.0,1800.0,0.0,6.4
317.0,2026-05-03T20:03:43.812790+00:00,73.3702,-0.1121,96.5431,-0.1158,0.7648,0.0,1800.0,0.0,6.4
317.5,2026-05-03T20:03:44.318739+00:00,73.3424,-0.0862,96.5331,-0.089,0.7648,0.0,1800.0,0.0,6.4
318.000001,2026-05-03T20:03:44.813557+00:00,73.321,-0.0662,96.4097,-0.1456,0.7648,0.0,1800.0,0.0,6.4512
318.500001,2026-05-03T20:03:45.313067+00:00,73.1773,-0.1145,96.3149,-0.1504,0.7648,0.0,1800.0,0.0,6.4762
319.0,2026-05-03T20:03:45.812725+00:00,73.4487,0.0392,96.4735,-0.0462,0.7648,0.0,1800.0,0.0,6.4884
319.5,2026-05-03T20:03:46.313375+00:00,73.53,0.0938,96.5953,0.0031,0.7648,0.0,1800.0,0.0,6.4943
320.0,2026-05-03T20:03:46.817494+00:00,73.4652,0.0721,96.6889,0.0486,0.7648,0.0,1800.0,0.0,6.4972
320.5,2026-05-03T20:03:47.312757+00:00,73.5427,0.1827,96.7378,0.0682,0.7648,0.0,1800.0,0.0,6.4986
321.0,2026-05-03T20:03:47.813581+00:00,73.3477,-0.0505,96.6828,0.091,0.7648,0.0,1800.0,0.0,6.4993
321.5,2026-05-03T20:03:48.312911+00:00,73.3251,-0.1024,96.7562,0.1471,0.7648,0.0,1800.0,0.0,6.4997
322.0,2026-05-03T20:03:48.813993+00:00,73.435,-0.0151,96.8126,0.113,0.7648,0.0,1800.0,0.0,6.4998
322.5,2026-05-03T20:03:49.322421+00:00,73.5194,-0.0116,96.856,0.0869,0.7648,0.0,1800.0,0.0,6.4999
323.0,2026-05-03T20:03:49.814261+00:00,73.7116,0.182,97.005,0.1053,0.7648,0.0,1800.0,0.0,6.4488
323.5,2026-05-03T20:03:50.314348+00:00,73.8593,0.2671,97.0038,0.0887,0.7648,0.0,1800.0,0.0,6.4238
324.0,2026-05-03T20:03:50.812784+00:00,73.5911,0.0781,97.0029,0.1067,0.7648,0.0,1800.0,0.0,6.4116
324.5,2026-05-03T20:03:51.313401+00:00,73.5121,-0.0036,97.0023,0.082,0.7648,0.0,1800.0,0.0,6.4057
325.0,2026-05-03T20:03:51.819416+00:00,73.706,-0.0028,97.0017,0.063,0.7648,0.0,1800.0,0.0,6.4028
325.5,2026-05-03T20:03:52.314121+00:00,73.6005,-0.1294,96.8856,0.0099,0.7648,0.0,1800.0,0.0,6.4013
326.0,2026-05-03T20:03:52.814142+00:00,73.5194,-0.0358,96.7038,-0.1004,0.7648,0.0,1800.0,0.0,6.4007
326.5,2026-05-03T20:03:53.312762+00:00,73.4571,-0.0275,96.7724,-0.0772,0.7648,0.0,1800.0,0.0,6.4003
327.0,2026-05-03T20:03:53.813123+00:00,73.5364,-0.0848,96.825,-0.0593,0.7648,0.0,1800.0,0.0,6.4002
327.5,2026-05-03T20:03:54.317260+00:00,73.5974,-0.0015,96.8655,-0.0456,0.7648,0.0,1800.0,0.0,6.4001
328.0,2026-05-03T20:03:54.812719+00:00,73.6443,0.0624,96.8966,-0.035,0.7648,0.0,1800.0,0.0,6.4
328.5,2026-05-03T20:03:55.314582+00:00,73.553,0.048,96.9206,0.0116,0.7648,0.0,1800.0,0.0,6.4
329.0,2026-05-03T20:03:55.814477+00:00,73.7375,0.1005,96.8232,0.0398,0.7648,0.0,1800.0,0.0,6.4
329.5,2026-05-03T20:03:56.312713+00:00,73.4974,-0.05,96.517,-0.0851,0.7648,0.0,1800.0,0.0,6.4
330.0,2026-05-03T20:03:56.817167+00:00,73.5674,-0.0384,96.49,-0.1117,0.7648,0.0,1800.0,0.0,6.3488
330.5,2026-05-03T20:03:57.313102+00:00,73.6212,0.0341,96.2609,-0.2015,0.7648,0.0,1800.0,0.0,6.375
331.0,2026-05-03T20:03:57.813214+00:00,73.6626,-0.0374,96.3162,-0.1935,0.7648,0.0,1800.0,0.0,6.3878
331.5,2026-05-03T20:03:58.312689+00:00,73.6944,0.0985,96.3587,-0.1873,0.7648,0.0,1800.0,0.0,6.3941
332.0,2026-05-03T20:03:58.813152+00:00,73.7188,0.0757,96.3914,-0.1439,0.7648,0.0,1800.0,0.0,6.3971
332.5,2026-05-03T20:03:59.317389+00:00,73.8649,0.1218,96.3009,-0.0721,0.7648,0.0,1800.0,0.0,6.3986
333.0,2026-05-03T20:03:59.812715+00:00,73.8499,0.0936,96.3469,-0.0477,0.7648,0.0,1800.0,0.0,6.3993
333.5,2026-05-03T20:04:00.312721+00:00,73.8383,0.072,96.4981,0.0791,0.7648,0.0,1800.0,0.0,6.3997
334.0,2026-05-03T20:04:00.813031+00:00,73.9567,0.1189,96.6142,0.0993,0.7648,0.0,1800.0,0.0,6.3998
334.5,2026-05-03T20:04:01.312708+00:00,73.9205,0.0278,96.5646,0.0686,0.7648,0.0,1800.0,0.0,6.3999
335.0,2026-05-03T20:04:01.821405+00:00,73.8926,0.0214,96.5497,0.0528,0.7648,0.0,1800.0,0.0,6.4
335.5,2026-05-03T20:04:02.312702+00:00,73.8712,0.0164,96.6539,0.1177,0.7648,0.0,1800.0,0.0,6.4512
336.0,2026-05-03T20:04:02.812934+00:00,73.8547,-0.051,96.6183,0.0904,0.7648,0.0,1800.0,0.0,6.4762
336.5,2026-05-03T20:04:03.313354+00:00,73.842,-0.0392,96.7066,0.0695,0.7648,0.0,1800.0,0.0,6.4884
337.0,2026-05-03T20:04:03.813852+00:00,73.9596,0.0335,96.6588,0.0149,0.7648,0.0,1800.0,0.0,6.4943
337.5,2026-05-03T20:04:04.318762+00:00,73.9227,0.0257,96.275,-0.0966,0.7648,0.0,1800.0,0.0,6.446
338.0,2026-05-03T20:04:04.812813+00:00,73.8943,0.0198,96.2113,-0.1128,0.7648,0.0,1800.0,0.0,6.4225
338.5,2026-05-03T20:04:05.312720+00:00,73.7452,-0.0484,96.1624,-0.1638,0.7648,0.0,1800.0,0.0,6.411
339.0,2026-05-03T20:04:05.812821+00:00,73.7579,-0.1009,96.2405,-0.1259,0.7648,0.0,1800.0,0.0,6.4053
339.5,2026-05-03T20:04:06.313713+00:00,73.7676,-0.0775,96.1849,-0.1739,0.7648,0.0,1800.0,0.0,6.4026
340.0,2026-05-03T20:04:06.818264+00:00,73.7751,-0.0596,96.3735,-0.0951,0.7648,0.0,1800.0,0.0,6.4013
340.5,2026-05-03T20:04:07.313631+00:00,73.9081,0.0815,96.2871,0.004,0.7648,0.0,1800.0,0.0,6.4006
341.0,2026-05-03T20:04:07.813710+00:00,73.8831,0.0626,96.2206,0.0031,0.7648,0.0,1800.0,0.0,6.4003
341.5,2026-05-03T20:04:08.312759+00:00,73.9912,0.1118,96.0307,-0.0439,0.7648,0.0,1800.0,0.0,6.4001
342.0,2026-05-03T20:04:08.812712+00:00,74.0742,0.1495,96.0236,-0.0723,0.7648,0.0,1800.0,0.0,6.4001
342.5,2026-05-03T20:04:09.318456+00:00,74.138,0.1149,96.2496,0.0216,0.7648,0.0,1800.0,0.0,6.4
343.0,2026-05-03T20:04:09.812894+00:00,74.0598,0.0883,96.1918,-0.0606,0.7648,0.0,1800.0,0.0,6.4
343.5,2026-05-03T20:04:10.313099+00:00,73.9997,0.0043,96.2631,-0.008,0.7648,0.0,1800.0,0.0,6.4
344.0,2026-05-03T20:04:10.812718+00:00,73.9535,-0.0604,96.3179,0.0324,0.7648,0.0,1800.0,0.0,6.3488
344.5,2026-05-03T20:04:11.313043+00:00,73.7907,-0.1737,96.3601,0.1098,0.7648,0.0,1800.0,0.0,6.3238
345.0,2026-05-03T20:04:11.818952+00:00,73.9201,-0.0698,96.3924,0.1229,0.7648,0.0,1800.0,0.0,6.3116
345.5,2026-05-03T20:04:12.313536+00:00,73.765,-0.1173,96.4173,0.0559,0.7648,0.0,1800.0,0.0,6.4081
346.0,2026-05-03T20:04:12.813576+00:00,73.9004,-0.0265,96.3208,0.043,0.7648,0.0,1800.0,0.0,6.4551
346.5,2026-05-03T20:04:13.313770+00:00,73.7499,-0.0204,96.4779,0.0716,0.7648,0.0,1800.0,0.0,6.4781
347.0,2026-05-03T20:04:13.812879+00:00,73.8888,-0.0157,96.4599,0.0473,0.7648,0.0,1800.0,0.0,6.4893
347.5,2026-05-03T20:04:14.319010+00:00,73.8682,0.0516,96.5849,0.0749,0.7648,0.0,1800.0,0.0,6.4948
348.0,2026-05-03T20:04:14.812741+00:00,74.107,0.1033,96.6809,0.0962,0.7648,0.0,1800.0,0.0,6.4975
348.5,2026-05-03T20:04:15.313613+00:00,74.0359,0.143,96.6391,0.0739,0.7648,0.0,1800.0,0.0,6.4988
349.0,2026-05-03T20:04:15.813134+00:00,73.9813,0.0463,96.6069,0.0954,0.7648,0.0,1800.0,0.0,6.4994
349.5,2026-05-03T20:04:16.313672+00:00,73.8121,-0.0281,96.5822,0.0347,0.7648,0.0,1800.0,0.0,6.4997
350.0,2026-05-03T20:04:16.818987+00:00,73.8093,-0.1488,96.5631,0.0344,0.7648,0.0,1800.0,0.0,6.4999
350.5,2026-05-03T20:04:17.313329+00:00,73.9344,-0.0508,96.5485,-0.0121,0.7648,0.0,1800.0,0.0,6.4999
351.0,2026-05-03T20:04:17.812713+00:00,73.776,-0.1026,96.3985,-0.0942,0.7648,0.0,1800.0,0.0,6.5
351.500001,2026-05-03T20:04:18.313076+00:00,73.5271,-0.1425,96.422,-0.0724,0.7648,0.0,1800.0,0.0,6.5
352.0,2026-05-03T20:04:18.813278+00:00,73.7175,-0.0459,96.3243,-0.0942,0.7648,0.0,1800.0,0.0,6.5
352.5,2026-05-03T20:04:19.318508+00:00,73.6093,-0.1626,96.2261,-0.1187,0.7648,0.0,1800.0,0.0,6.5
353.0,2026-05-03T20:04:19.812844+00:00,73.7807,0.0023,96.4052,-0.0526,0.7648,0.0,1800.0,0.0,6.5
353.5,2026-05-03T20:04:20.312752+00:00,73.9124,0.1927,96.3114,-0.079,0.7648,0.0,1800.0,0.0,6.5
354.0,2026-05-03T20:04:20.813130+00:00,74.0137,0.1481,96.2162,-0.0607,0.7648,0.0,1800.0,0.0,6.5
354.5,2026-05-03T20:04:21.313476+00:00,74.0915,0.2411,96.3976,-0.0081,0.7648,0.0,1800.0,0.0,6.5
355.0,2026-05-03T20:04:21.817385+00:00,74.2786,0.2489,96.537,0.0709,0.7648,0.0,1800.0,0.0,6.5
355.5,2026-05-03T20:04:22.313020+00:00,74.0406,0.0641,96.5284,0.1008,0.7648,0.0,1800.0,0.0,6.5
356.0,2026-05-03T20:04:22.812816+00:00,74.1122,0.0492,96.4062,0.0003,0.7648,0.0,1800.0,0.0,6.5
356.500001,2026-05-03T20:04:23.313303+00:00,74.0399,-0.0258,96.4279,0.0388,0.7648,0.0,1800.0,0.0,6.5
357.0,2026-05-03T20:04:23.815261+00:00,74.1117,-0.0835,96.3289,0.0375,0.7648,0.0,1800.0,0.0,6.5
357.5,2026-05-03T20:04:24.321566+00:00,74.1668,0.0631,96.3685,-0.0097,0.7648,0.0,1800.0,0.0,6.5
358.0,2026-05-03T20:04:24.812793+00:00,74.3365,0.1122,96.1675,-0.1232,0.7648,0.0,1800.0,0.0,6.4488
358.5,2026-05-03T20:04:25.312807+00:00,74.3396,0.1498,96.2444,-0.0947,0.7648,0.0,1800.0,0.0,6.4238
359.0,2026-05-03T20:04:25.812803+00:00,74.2147,0.0515,96.3036,-0.0342,0.7648,0.0,1800.0,0.0,6.4116
359.5,2026-05-03T20:04:26.312680+00:00,74.3733,0.1032,96.4647,0.0123,0.7648,0.0,1800.0,0.0,6.4057
360.0,2026-05-03T20:04:26.818258+00:00,74.2407,-0.0479,96.4729,0.048,0.7648,0.0,1800.0,0.0,6.4028
360.5,2026-05-03T20:04:27.312765+00:00,73.8841,-0.2277,96.456,0.0292,0.7648,0.0,1800.0,0.0,6.4014
361.0,2026-05-03T20:04:27.812729+00:00,73.8647,-0.175,96.4662,0.0996,0.7648,0.0,1800.0,0.0,6.4007
361.5,2026-05-03T20:04:28.313976+00:00,74.1042,-0.1345,96.3583,0.038,0.7648,0.0,1800.0,0.0,6.4003
362.0,2026-05-03T20:04:28.812745+00:00,74.0338,-0.1034,96.5068,0.0677,0.7648,0.0,1800.0,0.0,6.4002
362.5,2026-05-03T20:04:29.317311+00:00,74.107,0.1114,96.5052,0.0135,0.7648,0.0,1800.0,0.0,6.4001
363.0,2026-05-03T20:04:29.812746+00:00,74.036,0.0856,96.6197,0.0489,0.7648,0.0,1800.0,0.0,6.4512
363.5,2026-05-03T20:04:30.312750+00:00,73.8541,-0.1251,96.592,0.0453,0.7648,0.0,1800.0,0.0,6.5274
364.0,2026-05-03T20:04:30.814950+00:00,73.9688,-0.0325,96.5707,0.0348,0.7648,0.0,1800.0,0.0,6.5646
364.5,2026-05-03T20:04:31.312900+00:00,74.1843,0.0387,96.6701,0.1039,0.7648,0.0,1800.0,0.0,6.5827
365.0,2026-05-03T20:04:31.818335+00:00,74.0954,0.0297,96.6307,0.0413,0.7648,0.0,1800.0,0.0,6.5916
365.5,2026-05-03T20:04:32.313862+00:00,74.1543,0.1501,96.7162,0.0703,0.7648,0.0,1800.0,0.0,6.5959
366.0,2026-05-03T20:04:32.812742+00:00,74.3269,0.179,96.5504,-0.0231,0.7648,0.0,1800.0,0.0,6.5468
366.5,2026-05-03T20:04:33.314015+00:00,74.2049,0.0103,96.4231,-0.0563,0.7648,0.0,1800.0,0.0,6.5228
367.0,2026-05-03T20:04:33.814004+00:00,74.1112,0.0079,96.4409,-0.0433,0.7648,0.0,1800.0,0.0,6.5111
367.5,2026-05-03T20:04:34.317994+00:00,74.1665,0.0061,96.3389,-0.1104,0.7648,0.0,1800.0,0.0,6.5054
368.0,2026-05-03T20:04:34.812726+00:00,74.0817,-0.1226,96.4918,-0.0463,0.7648,0.0,1800.0,0.0,6.5027
368.5,2026-05-03T20:04:35.312744+00:00,74.1438,-0.0306,96.378,-0.1127,0.7648,0.0,1800.0,0.0,6.5013
369.0,2026-05-03T20:04:35.813953+00:00,74.0642,-0.0235,96.1517,-0.1329,0.7648,0.0,1800.0,0.0,6.4494
369.5,2026-05-03T20:04:36.312724+00:00,74.1304,-0.0181,96.2323,-0.0636,0.7648,0.0,1800.0,0.0,6.4241
370.0,2026-05-03T20:04:36.819129+00:00,74.0539,-0.0139,96.3174,-0.0412,0.7648,0.0,1800.0,0.0,6.4118
370.5,2026-05-03T20:04:37.313033+00:00,73.9952,-0.0743,96.3596,0.0069,0.7648,0.0,1800.0,0.0,6.4569
371.0,2026-05-03T20:04:37.812722+00:00,74.0773,0.0065,96.5078,0.0053,0.7648,0.0,1800.0,0.0,6.4278
371.5,2026-05-03T20:04:38.313322+00:00,74.2676,0.0686,96.6217,0.0812,0.7648,0.0,1800.0,0.0,6.4136
372.0,2026-05-03T20:04:38.813317+00:00,74.414,0.18,96.5704,0.1396,0.7648,0.0,1800.0,0.0,6.4066
372.500001,2026-05-03T20:04:39.318506+00:00,74.5264,0.2656,96.3227,0.0301,0.7648,0.0,1800.0,0.0,6.4032
373.0,2026-05-03T20:04:39.813310+00:00,74.3583,0.1405,96.4794,0.054,0.7648,0.0,1800.0,0.0,6.4528
373.5,2026-05-03T20:04:40.312882+00:00,74.2291,-0.0193,96.5768,0.0724,0.7648,0.0,1800.0,0.0,6.477
374.0,2026-05-03T20:04:40.812776+00:00,74.2571,-0.0784,96.559,0.0171,0.7648,0.0,1800.0,0.0,6.4376
374.5,2026-05-03T20:04:41.312817+00:00,74.2786,-0.1239,96.661,0.0131,0.7648,0.0,1800.0,0.0,6.4183
375.0,2026-05-03T20:04:41.819247+00:00,74.2951,-0.0316,96.7395,0.0564,0.7648,0.0,1800.0,0.0,6.4089
375.500001,2026-05-03T20:04:42.312971+00:00,74.3078,0.0393,96.6841,0.1204,0.7648,0.0,1800.0,0.0,6.4556
376.0,2026-05-03T20:04:42.812822+00:00,74.3176,0.0302,96.7572,0.0926,0.7648,0.0,1800.0,0.0,6.4783
376.5,2026-05-03T20:04:43.312774+00:00,74.3251,0.0232,96.6977,0.0403,0.7648,0.0,1800.0,0.0,6.4894
377.0,2026-05-03T20:04:43.812828+00:00,74.3308,0.0179,96.6519,0.031,0.7648,0.0,1800.0,0.0,6.4948
377.5,2026-05-03T20:04:44.319561+00:00,74.3353,0.0137,96.4779,-0.061,0.7648,0.0,1800.0,0.0,6.4975
378.000124,2026-05-03T20:04:44.814592+00:00,74.3387,0.0106,96.483,-0.0855,0.7648,0.0,1800.0,0.0,6.4476
378.5,2026-05-03T20:04:45.312778+00:00,74.214,-0.0555,96.2324,-0.1505,0.7648,0.0,1800.0,0.0,6.4232
379.0,2026-05-03T20:04:45.812752+00:00,74.2455,-0.0427,96.2943,-0.1543,0.7648,0.0,1800.0,0.0,6.4113
379.5,2026-05-03T20:04:46.312777+00:00,74.2697,-0.0328,96.3419,-0.1186,0.7648,0.0,1800.0,0.0,6.4055
380.0,2026-05-03T20:04:46.819084+00:00,74.2883,-0.0252,96.4942,-0.0526,0.7648,0.0,1800.0,0.0,6.4027
380.5,2026-05-03T20:04:47.312719+00:00,74.3026,0.0443,96.3798,-0.0327,0.7648,0.0,1800.0,0.0,6.4525
381.0,2026-05-03T20:04:47.814135+00:00,74.4408,0.0977,96.5002,0.0057,0.7648,0.0,1800.0,0.0,6.4768
381.5,2026-05-03T20:04:48.314115+00:00,74.5471,0.1387,96.5002,0.0892,0.7648,0.0,1800.0,0.0,6.4887
382.0,2026-05-03T20:04:48.813454+00:00,74.6287,0.1702,96.6158,0.1072,0.7648,0.0,1800.0,0.0,6.4433
382.5,2026-05-03T20:04:49.317254+00:00,74.6915,0.1945,96.589,0.0824,0.7648,0.0,1800.0,0.0,6.4211
383.0,2026-05-03T20:04:49.812782+00:00,74.6125,0.0858,96.6841,0.0633,0.7648,0.0,1800.0,0.0,6.4103
383.5,2026-05-03T20:04:50.313127+00:00,74.4245,-0.0613,96.549,0.0564,0.7648,0.0,1800.0,0.0,6.405
384.0,2026-05-03T20:04:50.812975+00:00,74.4072,-0.1107,96.6533,0.051,0.7648,0.0,1800.0,0.0,6.4025
384.5,2026-05-03T20:04:51.313420+00:00,74.1395,-0.276,96.6178,0.0392,0.7648,0.0,1800.0,0.0,6.4012
385.0,2026-05-03T20:04:51.817771+00:00,74.1882,-0.2122,96.822,0.0687,0.7648,0.0,1800.0,0.0,6.4006
385.5,2026-05-03T20:04:52.313197+00:00,74.2256,-0.0994,96.8632,0.0914,0.7648,0.0,1800.0,0.0,6.4003
386.0,2026-05-03T20:04:52.812825+00:00,74.3817,-0.0128,97.0105,0.1088,0.7648,0.0,1800.0,0.0,6.4001
386.5,2026-05-03T20:04:53.313721+00:00,74.3743,0.1174,96.8924,0.1145,0.7648,0.0,1800.0,0.0,6.4001
387.0,2026-05-03T20:04:53.812771+00:00,74.496,0.1539,96.9173,0.088,0.7648,0.0,1800.0,0.0,6.4
387.5,2026-05-03T20:04:54.318499+00:00,74.4622,0.1183,96.9364,0.1062,0.7648,0.0,1800.0,0.0,6.4
388.0,2026-05-03T20:04:54.812891+00:00,74.5635,0.0909,96.8354,0.0045,0.7648,0.0,1800.0,0.0,6.4
388.5,2026-05-03T20:04:55.312936+00:00,74.7686,0.1971,96.7578,-0.0351,0.7648,0.0,1800.0,0.0,6.4
389.0,2026-05-03T20:04:55.812832+00:00,74.6718,0.0879,96.5825,-0.1427,0.7648,0.0,1800.0,0.0,6.4
389.500001,2026-05-03T20:04:56.312906+00:00,74.5973,0.0676,96.4477,-0.1482,0.7648,0.0,1800.0,0.0,6.4
390.000001,2026-05-03T20:04:56.817315+00:00,74.4128,-0.0753,96.5755,-0.1139,0.7648,0.0,1800.0,0.0,6.4
390.5,2026-05-03T20:04:57.312755+00:00,74.3983,-0.1852,96.4423,-0.1647,0.7648,0.0,1800.0,0.0,6.4512
391.0,2026-05-03T20:04:57.812997+00:00,74.5144,-0.0787,96.4557,-0.1266,0.7648,0.0,1800.0,0.0,6.4762
391.500001,2026-05-03T20:04:58.312894+00:00,74.6036,0.0031,96.3502,-0.1359,0.7648,0.0,1800.0,0.0,6.4884
392.0,2026-05-03T20:04:58.813740+00:00,74.4177,0.0024,96.3849,-0.0659,0.7648,0.0,1800.0,0.0,6.4431
392.5,2026-05-03T20:04:59.319524+00:00,74.402,0.0019,96.3884,-0.0198,0.7648,0.0,1800.0,0.0,6.421
393.0,2026-05-03T20:04:59.813194+00:00,74.39,-0.0622,96.4142,-0.0538,0.7648,0.0,1800.0,0.0,6.4103
393.5,2026-05-03T20:05:00.312727+00:00,74.3807,-0.1114,96.5498,0.0358,0.7648,0.0,1800.0,0.0,6.405
394.0,2026-05-03T20:05:00.812876+00:00,74.1191,-0.1493,96.3068,-0.0496,0.7648,0.0,1800.0,0.0,6.4024
394.5,2026-05-03T20:05:01.312727+00:00,74.1725,-0.1147,96.4672,0.039,0.7648,0.0,1800.0,0.0,6.4012
395.0,2026-05-03T20:05:01.819260+00:00,74.4681,0.0391,96.3591,-0.0086,0.7648,0.0,1800.0,0.0,6.4006
395.5,2026-05-03T20:05:02.314372+00:00,74.3135,-0.0336,96.276,-0.0375,0.7648,0.0,1800.0,0.0,6.4003
396.0,2026-05-03T20:05:02.813045+00:00,74.322,0.1014,96.4436,0.0098,0.7648,0.0,1800.0,0.0,6.4001
396.5,2026-05-03T20:05:03.312771+00:00,74.3284,0.078,96.4566,-0.031,0.7648,0.0,1800.0,0.0,6.4513
397.0,2026-05-03T20:05:03.813952+00:00,74.3334,-0.0673,96.5824,0.0918,0.7648,0.0,1800.0,0.0,6.4762
397.5,2026-05-03T20:05:04.319508+00:00,74.4645,0.0755,96.679,0.0706,0.7648,0.0,1800.0,0.0,6.4884
398.0,2026-05-03T20:05:04.812777+00:00,74.5653,0.1217,96.6376,0.0928,0.7648,0.0,1800.0,0.0,6.4943
398.5,2026-05-03T20:05:05.312717+00:00,74.6428,0.1572,96.6057,0.1099,0.7648,0.0,1800.0,0.0,6.4972
399.0,2026-05-03T20:05:05.812788+00:00,74.7023,0.1844,96.4656,0.0073,0.7648,0.0,1800.0,0.0,6.4475
399.5,2026-05-03T20:05:06.313089+00:00,74.6208,0.0781,96.5892,0.0442,0.7648,0.0,1800.0,0.0,6.4232
400.0,2026-05-03T20:05:06.817724+00:00,74.8126,0.1237,96.4529,-0.0432,0.7648,0.0,1800.0,0.0,6.4113
400.5,2026-05-03T20:05:07.313466+00:00,74.8329,0.0951,96.2324,-0.1489,0.7648,0.0,1800.0,0.0,6.4567
401.0,2026-05-03T20:05:07.813113+00:00,74.8484,0.0731,96.2943,-0.1144,0.7648,0.0,1800.0,0.0,6.4789
401.5,2026-05-03T20:05:08.313122+00:00,74.6058,-0.0075,96.3419,-0.0879,0.7648,0.0,1800.0,0.0,6.4897
402.0,2026-05-03T20:05:08.813096+00:00,74.4193,-0.1967,96.2628,-0.0676,0.7648,0.0,1800.0,0.0,6.495
402.5,2026-05-03T20:05:09.317351+00:00,74.4033,-0.2148,96.202,-0.1291,0.7648,0.0,1800.0,0.0,6.4975
403.0,2026-05-03T20:05:09.813135+00:00,74.391,-0.2287,96.2709,-0.0606,0.7648,0.0,1800.0,0.0,6.4988
403.5,2026-05-03T20:05:10.312696+00:00,74.3815,-0.1122,96.4396,0.0691,0.7648,0.0,1800.0,0.0,6.4994
404.0,2026-05-03T20:05:10.813488+00:00,74.6287,0.1047,96.5693,0.0917,0.7648,0.0,1800.0,0.0,6.4997
404.5,2026-05-03T20:05:11.312879+00:00,74.6915,0.1441,96.5533,0.0705,0.7648,0.0,1800.0,0.0,6.4487
405.000001,2026-05-03T20:05:11.817891+00:00,74.867,0.238,96.4252,0.0542,0.7648,0.0,1800.0,0.0,6.4237
405.5,2026-05-03T20:05:12.313117+00:00,74.8747,0.2466,96.3037,0.0339,0.7648,0.0,1800.0,0.0,6.4628
406.000001,2026-05-03T20:05:12.812933+00:00,74.8805,0.1259,96.3491,0.0261,0.7648,0.0,1800.0,0.0,6.4818
406.5,2026-05-03T20:05:13.313015+00:00,74.7578,0.0331,96.384,-0.0185,0.7648,0.0,1800.0,0.0,6.4911
407.0,2026-05-03T20:05:13.812922+00:00,74.7907,-0.0382,96.1795,-0.1299,0.7648,0.0,1800.0,0.0,6.4957
407.5,2026-05-03T20:05:14.318404+00:00,74.816,-0.0293,96.2536,-0.0999,0.7648,0.0,1800.0,0.0,6.4467
408.0,2026-05-03T20:05:14.812899+00:00,74.7081,-0.0862,96.4263,0.0004,0.7648,0.0,1800.0,0.0,6.4228
408.5,2026-05-03T20:05:15.313298+00:00,74.7525,-0.0026,96.5591,0.0851,0.7648,0.0,1800.0,0.0,6.4111
409.0,2026-05-03T20:05:15.812892+00:00,74.7867,-0.002,96.5223,0.0577,0.7648,0.0,1800.0,0.0,6.4054
409.5,2026-05-03T20:05:16.313862+00:00,74.6856,-0.0652,96.6328,0.0829,0.7648,0.0,1800.0,0.0,6.4026
410.0,2026-05-03T20:05:16.818705+00:00,74.7352,0.0135,96.7178,0.1794,0.7648,0.0,1800.0,0.0,6.4013
410.5,2026-05-03T20:05:17.312686+00:00,75.0279,0.1377,96.7831,0.1765,0.7648,0.0,1800.0,0.0,6.4006
411.0,2026-05-03T20:05:17.812702+00:00,74.7438,-0.0215,96.8333,0.1356,0.7648,0.0,1800.0,0.0,6.4003
411.5,2026-05-03T20:05:18.313084+00:00,74.6526,-0.0165,96.5248,-0.0114,0.7648,0.0,1800.0,0.0,6.4002
412.0,2026-05-03T20:05:18.812720+00:00,74.5826,-0.0763,96.519,-0.0011,0.7648,0.0,1800.0,0.0,6.4001
412.5,2026-05-03T20:05:19.321694+00:00,74.6561,-0.1859,96.4221,-0.0703,0.7648,0.0,1800.0,0.0,6.4
413.0,2026-05-03T20:05:19.812752+00:00,74.7125,-0.0156,96.4401,-0.0926,0.7648,0.0,1800.0,0.0,6.4512
413.5,2026-05-03T20:05:20.314114+00:00,74.7559,0.0516,96.454,-0.1097,0.7648,0.0,1800.0,0.0,6.4762
414.0,2026-05-03T20:05:20.813139+00:00,74.7892,0.1033,96.3258,-0.1692,0.7648,0.0,1800.0,0.0,6.4884
414.5,2026-05-03T20:05:21.313261+00:00,74.6876,0.0158,96.2504,-0.0915,0.7648,0.0,1800.0,0.0,6.4943
415.0,2026-05-03T20:05:21.818078+00:00,74.7367,0.0121,96.1925,-0.1089,0.7648,0.0,1800.0,0.0,6.4972
415.5,2026-05-03T20:05:22.313164+00:00,74.6473,-0.0543,96.3793,-0.0143,0.7648,0.0,1800.0,0.0,6.4986
416.0,2026-05-03T20:05:22.812766+00:00,74.5785,-0.1054,96.5229,0.0276,0.7648,0.0,1800.0,0.0,6.4993
416.5,2026-05-03T20:05:23.312804+00:00,74.6529,-0.0174,96.5408,0.0289,0.7648,0.0,1800.0,0.0,6.4997
417.0,2026-05-03T20:05:23.813244+00:00,74.7101,-0.0133,96.5313,0.0685,0.7648,0.0,1800.0,0.0,6.4998
417.5,2026-05-03T20:05:24.322303+00:00,74.8813,0.117,96.6398,0.1298,0.7648,0.0,1800.0,0.0,6.4999
418.0,2026-05-03T20:05:24.814359+00:00,74.8856,0.1536,96.7231,0.1769,0.7648,0.0,1800.0,0.0,6.5
418.5,2026-05-03T20:05:25.313038+00:00,75.0162,0.1817,96.6715,0.0974,0.7648,0.0,1800.0,0.0,6.5
419.0,2026-05-03T20:05:25.812731+00:00,75.1166,0.2033,96.6318,0.0363,0.7648,0.0,1800.0,0.0,6.5
419.5,2026-05-03T20:05:26.312705+00:00,75.1937,0.1562,96.717,0.0587,0.7648,0.0,1800.0,0.0,6.5
420.0,2026-05-03T20:05:26.818644+00:00,75.1258,0.1201,96.7825,0.0837,0.7648,0.0,1800.0,0.0,6.5
420.5,2026-05-03T20:05:27.312769+00:00,74.819,-0.0986,96.7171,0.0258,0.7648,0.0,1800.0,0.0,6.5
421.0,2026-05-03T20:05:27.813214+00:00,74.965,-0.0758,96.7826,0.0198,0.7648,0.0,1800.0,0.0,6.5
421.5,2026-05-03T20:05:28.313159+00:00,75.0772,-0.0583,96.8329,0.0538,0.7648,0.0,1800.0,0.0,6.5
422.0,2026-05-03T20:05:28.814435+00:00,75.1635,0.0189,96.8716,0.0799,0.7648,0.0,1800.0,0.0,6.5
422.5,2026-05-03T20:05:29.320825+00:00,75.1025,0.1418,96.6699,-0.0157,0.7648,0.0,1800.0,0.0,6.5
423.0,2026-05-03T20:05:29.814422+00:00,75.0557,0.0453,96.7463,-0.0121,0.7648,0.0,1800.0,0.0,6.5
423.5,2026-05-03T20:05:30.313324+00:00,75.1469,0.0348,96.6893,-0.0093,0.7648,0.0,1800.0,0.0,6.5
424.0,2026-05-03T20:05:30.812970+00:00,75.217,0.0268,96.7612,-0.0071,0.7648,0.0,1800.0,0.0,6.5
424.5,2026-05-03T20:05:31.312714+00:00,75.3982,0.1479,96.7933,-0.0132,0.7648,0.0,1800.0,0.0,6.5
425.0,2026-05-03T20:05:31.819004+00:00,75.4102,0.1773,96.6097,-0.0873,0.7648,0.0,1800.0,0.0,6.5
425.5,2026-05-03T20:05:32.312788+00:00,75.4194,0.1363,96.8157,0.0486,0.7648,0.0,1800.0,0.0,6.5
426.0,2026-05-03T20:05:32.812737+00:00,75.2992,0.0411,96.8584,0.0374,0.7648,0.0,1800.0,0.0,6.5
426.500001,2026-05-03T20:05:33.313921+00:00,75.2068,-0.0957,97.0069,0.1059,0.7648,0.0,1800.0,0.0,6.5
427.0,2026-05-03T20:05:33.813098+00:00,75.3904,-0.0099,97.0053,0.0814,0.7648,0.0,1800.0,0.0,6.5
427.5,2026-05-03T20:05:34.318464+00:00,75.2769,-0.0713,97.1197,0.1088,0.7648,0.0,1800.0,0.0,6.5
428.0,2026-05-03T20:05:34.812801+00:00,75.4442,0.0725,96.9763,0.1222,0.7648,0.0,1800.0,0.0,6.4488
428.5,2026-05-03T20:05:35.313863+00:00,75.5728,0.183,96.8661,0.0168,0.7648,0.0,1800.0,0.0,6.475
429.0,2026-05-03T20:05:35.812740+00:00,75.5444,0.077,96.7814,-0.0257,0.7648,0.0,1800.0,0.0,6.4366
429.5,2026-05-03T20:05:36.312885+00:00,75.5226,0.1228,96.7163,-0.0969,0.7648,0.0,1800.0,0.0,6.4179
430.0,2026-05-03T20:05:36.817917+00:00,75.3785,-0.0329,96.5505,-0.1516,0.7648,0.0,1800.0,0.0,6.4087
430.5,2026-05-03T20:05:37.312700+00:00,75.2678,-0.1525,96.4231,-0.2322,0.7648,0.0,1800.0,0.0,6.4555
431.0,2026-05-03T20:05:37.812851+00:00,75.1827,-0.1809,96.3252,-0.217,0.7648,0.0,1800.0,0.0,6.4783
431.500001,2026-05-03T20:05:38.313283+00:00,75.1173,-0.2027,96.3657,-0.1668,0.7648,0.0,1800.0,0.0,6.4894
432.0,2026-05-03T20:05:38.812740+00:00,75.3215,-0.0285,96.4893,-0.0974,0.7648,0.0,1800.0,0.0,6.4436
432.5,2026-05-03T20:05:39.319161+00:00,75.3513,0.0417,96.4918,-0.0748,0.7648,0.0,1800.0,0.0,6.4213
433.0,2026-05-03T20:05:39.812769+00:00,75.3741,0.0957,96.378,-0.0575,0.7648,0.0,1800.0,0.0,6.4104
433.5,2026-05-03T20:05:40.312758+00:00,75.3917,0.1372,96.2905,-0.0442,0.7648,0.0,1800.0,0.0,6.4051
434.0,2026-05-03T20:05:40.814569+00:00,75.2779,-0.0218,96.3159,-0.0031,0.7648,0.0,1800.0,0.0,6.4025
434.5,2026-05-03T20:05:41.313272+00:00,75.3177,-0.0168,96.2428,-0.041,0.7648,0.0,1800.0,0.0,6.4012
435.0,2026-05-03T20:05:41.818261+00:00,75.4756,0.0507,96.3023,-0.0623,0.7648,0.0,1800.0,0.0,6.4006
435.5,2026-05-03T20:05:42.312748+00:00,75.2151,-0.0883,96.2323,-0.0865,0.7648,0.0,1800.0,0.0,6.4003
436.0,2026-05-03T20:05:42.813272+00:00,75.1422,-0.0678,96.1554,-0.0742,0.7648,0.0,1800.0,0.0,6.4001
436.5,2026-05-03T20:05:43.313249+00:00,75.0862,-0.1158,96.1195,-0.057,0.7648,0.0,1800.0,0.0,6.4001
437.0,2026-05-03T20:05:43.812730+00:00,75.1704,-0.1526,96.0918,-0.0747,0.7648,0.0,1800.0,0.0,6.4
437.5,2026-05-03T20:05:44.320288+00:00,75.2351,0.01,95.9549,-0.096,0.7648,0.0,1800.0,0.0,6.4
438.0,2026-05-03T20:05:44.813263+00:00,75.2848,0.0713,95.9653,-0.1123,0.7648,0.0,1800.0,0.0,6.4
438.5,2026-05-03T20:05:45.313283+00:00,75.323,0.1184,95.9733,-0.0863,0.7648,0.0,1800.0,0.0,6.4
439.0,2026-05-03T20:05:45.814375+00:00,75.0979,-0.0362,96.0027,-0.0509,0.7648,0.0,1800.0,0.0,6.4
439.5,2026-05-03T20:05:46.312958+00:00,75.0521,-0.0915,96.2334,0.038,0.7648,0.0,1800.0,0.0,6.4
440.0,2026-05-03T20:05:46.818543+00:00,75.2714,-0.0067,96.2951,0.0678,0.7648,0.0,1800.0,0.0,6.4
440.5,2026-05-03T20:05:47.313408+00:00,75.44,0.0585,96.4582,0.1678,0.7648,0.0,1800.0,0.0,6.4
441.0,2026-05-03T20:05:47.812888+00:00,75.1878,0.045,96.5836,0.2061,0.7648,0.0,1800.0,0.0,6.4
441.5,2026-05-03T20:05:48.312754+00:00,74.9939,-0.0291,96.68,0.2355,0.7648,0.0,1800.0,0.0,6.4
442.0,2026-05-03T20:05:48.813143+00:00,75.0995,-0.086,96.8697,0.289,0.7648,0.0,1800.0,0.0,6.4
442.5,2026-05-03T20:05:49.320059+00:00,75.1806,-0.1297,96.8999,0.2221,0.7648,0.0,1800.0,0.0,6.4
443.0,2026-05-03T20:05:49.812707+00:00,75.2429,0.0276,96.8073,0.1707,0.7648,0.0,1800.0,0.0,6.4
443.5,2026-05-03T20:05:50.313141+00:00,75.4181,0.2121,96.8519,0.1312,0.7648,0.0,1800.0,0.0,6.4
444.0,2026-05-03T20:05:50.812769+00:00,75.4255,0.163,96.8862,0.1009,0.7648,0.0,1800.0,0.0,6.4
444.5,2026-05-03T20:05:51.313133+00:00,75.3039,0.0617,96.7968,0.039,0.7648,0.0,1800.0,0.0,6.4
445.0,2026-05-03T20:05:51.820564+00:00,75.465,0.111,96.8438,-0.0086,0.7648,0.0,1800.0,0.0,6.4
445.5,2026-05-03T20:05:52.313356+00:00,75.4615,0.0217,96.7411,-0.0529,0.7648,0.0,1800.0,0.0,6.4512
446.0,2026-05-03T20:05:52.813366+00:00,75.3316,-0.047,96.6853,-0.0407,0.7648,0.0,1800.0,0.0,6.4762
446.5,2026-05-03T20:05:53.313933+00:00,75.4862,0.0912,96.7581,-0.0313,0.7648,0.0,1800.0,0.0,6.4884
447.0,2026-05-03T20:05:53.812759+00:00,75.6051,0.0701,96.8141,-0.024,0.7648,0.0,1800.0,0.0,6.4943
447.5,2026-05-03T20:05:54.319287+00:00,75.5692,0.0539,96.7414,-0.0185,0.7648,0.0,1800.0,0.0,6.4972
448.0,2026-05-03T20:05:54.813037+00:00,75.6689,0.1687,96.8013,-0.0142,0.7648,0.0,1800.0,0.0,6.4474
448.5,2026-05-03T20:05:55.313382+00:00,75.6183,0.066,96.8472,0.0354,0.7648,0.0,1800.0,0.0,6.4232
449.000001,2026-05-03T20:05:55.813375+00:00,75.4521,-0.0765,96.7669,0.0272,0.7648,0.0,1800.0,0.0,6.4113
449.500001,2026-05-03T20:05:56.314061+00:00,75.4516,-0.0588,96.682,-0.0254,0.7648,0.0,1800.0,0.0,6.4055
450.000001,2026-05-03T20:05:56.820831+00:00,75.5785,-0.0452,96.5242,-0.0966,0.7648,0.0,1800.0,0.0,6.4027
450.5,2026-05-03T20:05:57.312725+00:00,75.676,0.0289,96.6343,-0.0357,0.7648,0.0,1800.0,0.0,6.4013
451.0,2026-05-03T20:05:57.813201+00:00,75.751,0.1495,96.6032,-0.066,0.7648,0.0,1800.0,0.0,6.4006
451.5,2026-05-03T20:05:58.312973+00:00,75.6813,0.1149,96.695,-0.0507,0.7648,0.0,1800.0,0.0,6.4003
452.0,2026-05-03T20:05:58.814127+00:00,75.7551,0.0883,96.6499,-0.039,0.7648,0.0,1800.0,0.0,6.4002
452.5,2026-05-03T20:05:59.320899+00:00,75.8118,0.0679,96.7309,0.0163,0.7648,0.0,1800.0,0.0,6.4001
453.0,2026-05-03T20:05:59.814133+00:00,75.728,-0.0115,96.7932,0.0897,0.7648,0.0,1800.0,0.0,6.4
453.5,2026-05-03T20:06:00.314108+00:00,75.6637,-0.0088,96.6096,-0.0082,0.7648,0.0,1800.0,0.0,6.4
454.0,2026-05-03T20:06:00.813917+00:00,75.6143,-0.0704,96.7,0.0323,0.7648,0.0,1800.0,0.0,6.4
454.5,2026-05-03T20:06:01.312754+00:00,75.7035,-0.0541,96.6537,-0.0138,0.7648,0.0,1800.0,0.0,6.4
455.0,2026-05-03T20:06:01.817345+00:00,75.3903,-0.1689,96.7338,0.028,0.7648,0.0,1800.0,0.0,6.4
455.5,2026-05-03T20:06:02.312811+00:00,75.4041,-0.1298,96.7954,0.0215,0.7648,0.0,1800.0,0.0,6.4
456.0,2026-05-03T20:06:02.814468+00:00,75.4147,-0.0998,96.8428,0.0165,0.7648,0.0,1800.0,0.0,6.4
456.500001,2026-05-03T20:06:03.313300+00:00,75.5502,-0.0767,96.8791,0.0898,0.7648,0.0,1800.0,0.0,6.4
457.0,2026-05-03T20:06:03.813115+00:00,75.6543,0.132,96.9071,0.069,0.7648,0.0,1800.0,0.0,6.4
457.5,2026-05-03T20:06:04.317578+00:00,75.8615,0.2287,96.8129,0.0531,0.7648,0.0,1800.0,0.0,6.4
458.0,2026-05-03T20:06:04.812717+00:00,75.7663,0.1758,96.7405,0.0022,0.7648,0.0,1800.0,0.0,6.4
458.5,2026-05-03T20:06:05.312767+00:00,75.8204,0.1351,96.6848,-0.0369,0.7648,0.0,1800.0,0.0,6.4
459.0,2026-05-03T20:06:05.813573+00:00,75.9892,0.1675,96.6421,-0.0669,0.7648,0.0,1800.0,0.0,6.4
459.5,2026-05-03T20:06:06.312731+00:00,75.9917,0.0651,96.6092,-0.09,0.7648,0.0,1800.0,0.0,6.4
460.0,2026-05-03T20:06:06.818443+00:00,75.8664,0.05,96.5608,-0.1154,0.7648,0.0,1800.0,0.0,6.4
460.5,2026-05-03T20:06:07.312784+00:00,75.8973,0.0385,96.6393,-0.0579,0.7648,0.0,1800.0,0.0,6.4
461.000001,2026-05-03T20:06:07.814992+00:00,75.9211,-0.0341,96.7228,-0.0059,0.7648,0.0,1800.0,0.0,6.4
461.5,2026-05-03T20:06:08.312927+00:00,75.9393,-0.0262,96.6712,-0.0045,0.7648,0.0,1800.0,0.0,6.4
462.0,2026-05-03T20:06:08.812904+00:00,75.9534,0.0435,96.7473,0.0351,0.7648,0.0,1800.0,0.0,6.4
462.5,2026-05-03T20:06:09.317665+00:00,75.9642,0.0334,96.8058,0.0655,0.7648,0.0,1800.0,0.0,6.4
463.0,2026-05-03T20:06:09.813019+00:00,76.0997,0.0893,96.6193,0.0195,0.7648,0.0,1800.0,0.0,6.4
463.5,2026-05-03T20:06:10.313206+00:00,76.0766,0.0687,96.5917,-0.0159,0.7648,0.0,1800.0,0.0,6.4
464.0,2026-05-03T20:06:10.813074+00:00,75.9316,-0.0109,96.3391,-0.1279,0.7648,0.0,1800.0,0.0,6.4
464.5,2026-05-03T20:06:11.313171+00:00,75.9475,-0.0083,96.3763,-0.0983,0.7648,0.0,1800.0,0.0,6.4
465.000001,2026-05-03T20:06:11.819149+00:00,75.8323,-0.1337,96.2892,-0.1527,0.7648,0.0,1800.0,0.0,6.4
465.5,2026-05-03T20:06:12.313740+00:00,75.8711,-0.1028,96.338,-0.1559,0.7648,0.0,1800.0,0.0,6.4
466.0,2026-05-03T20:06:12.813106+00:00,76.0282,0.0483,96.3755,-0.0813,0.7648,0.0,1800.0,0.0,6.4
466.5,2026-05-03T20:06:13.312888+00:00,75.8944,-0.0265,96.52,-0.0239,0.7648,0.0,1800.0,0.0,6.4
467.0,2026-05-03T20:06:13.813055+00:00,75.9189,0.0433,96.5154,0.0588,0.7648,0.0,1800.0,0.0,6.4
467.5,2026-05-03T20:06:14.317440+00:00,75.9376,0.0332,96.6275,0.0837,0.7648,0.0,1800.0,0.0,6.4
468.0,2026-05-03T20:06:14.813167+00:00,75.9521,-0.0381,96.4823,0.0644,0.7648,0.0,1800.0,0.0,6.4
468.5,2026-05-03T20:06:15.313047+00:00,75.8359,-0.0293,96.6021,0.088,0.7648,0.0,1800.0,0.0,6.4
469.0,2026-05-03T20:06:15.814593+00:00,75.6193,-0.1498,96.4628,0.0291,0.7648,0.0,1800.0,0.0,6.4
469.5,2026-05-03T20:06:16.312757+00:00,75.7074,-0.1151,96.4714,-0.0162,0.7648,0.0,1800.0,0.0,6.4
470.0,2026-05-03T20:06:16.822706+00:00,75.7751,-0.0885,96.2466,-0.0896,0.7648,0.0,1800.0,0.0,6.3488
470.5,2026-05-03T20:06:17.312727+00:00,75.8272,-0.0044,96.3052,-0.1074,0.7648,0.0,1800.0,0.0,6.375
471.0,2026-05-03T20:06:17.812718+00:00,75.8672,0.1239,96.2346,-0.0826,0.7648,0.0,1800.0,0.0,6.3878
471.50011,2026-05-03T20:06:18.312820+00:00,75.8979,0.0952,96.1803,-0.1406,0.7648,0.0,1800.0,0.0,6.4452
472.0,2026-05-03T20:06:18.812784+00:00,75.9215,0.0732,96.2312,-0.0772,0.7648,0.0,1800.0,0.0,6.4733
472.5,2026-05-03T20:06:19.320663+00:00,75.9397,0.0563,96.062,-0.1365,0.7648,0.0,1800.0,0.0,6.487
473.0,2026-05-03T20:06:19.814346+00:00,75.9536,0.0432,96.0476,-0.0663,0.7648,0.0,1800.0,0.0,6.4936
473.5,2026-05-03T20:06:20.314396+00:00,75.7098,-0.094,96.268,-0.0124,0.7648,0.0,1800.0,0.0,6.4969
474.0,2026-05-03T20:06:20.812690+00:00,75.6497,-0.1359,96.5531,0.1062,0.7648,0.0,1800.0,0.0,6.4985
474.5,2026-05-03T20:06:21.312734+00:00,75.7308,-0.1045,96.6565,0.1587,0.7648,0.0,1800.0,0.0,6.4993
475.0,2026-05-03T20:06:21.817452+00:00,75.7931,-0.0803,96.8517,0.2068,0.7648,0.0,1800.0,0.0,6.4996
475.5,2026-05-03T20:06:22.313756+00:00,75.8409,0.0656,96.886,0.2747,0.7648,0.0,1800.0,0.0,6.551
476.0,2026-05-03T20:06:22.812869+00:00,75.7505,0.0504,96.7967,0.2497,0.7648,0.0,1800.0,0.0,6.5249
476.5,2026-05-03T20:06:23.313862+00:00,75.5537,-0.0885,96.8206,0.1842,0.7648,0.0,1800.0,0.0,6.5122
477.000001,2026-05-03T20:06:23.812854+00:00,75.657,-0.0681,96.8621,0.103,0.7648,0.0,1800.0,0.0,6.5059
477.5,2026-05-03T20:06:24.319057+00:00,75.9909,0.075,96.894,0.0792,0.7648,0.0,1800.0,0.0,6.5029
478.0,2026-05-03T20:06:24.812731+00:00,75.993,0.1213,96.6871,-0.0548,0.7648,0.0,1800.0,0.0,6.5014
478.5,2026-05-03T20:06:25.313175+00:00,75.9946,0.2205,96.7595,-0.0422,0.7648,0.0,1800.0,0.0,6.5007
479.000001,2026-05-03T20:06:25.813193+00:00,75.7413,0.0422,96.6995,-0.0324,0.7648,0.0,1800.0,0.0,6.5003
479.500001,2026-05-03T20:06:26.312964+00:00,75.8012,-0.0949,96.8847,0.0214,0.7648,0.0,1800.0,0.0,6.5002
480.0,2026-05-03T20:06:26.817484+00:00,75.7199,-0.1365,96.9114,0.0164,0.7648,0.0,1800.0,0.0,6.4489
480.5,2026-05-03T20:06:27.313030+00:00,75.6575,-0.1686,96.8162,-0.0259,0.7648,0.0,1800.0,0.0,6.4751
481.0,2026-05-03T20:06:27.812818+00:00,75.6095,-0.0659,96.743,0.0186,0.7648,0.0,1800.0,0.0,6.4878
481.5,2026-05-03T20:06:28.312789+00:00,75.8271,0.013,96.8025,0.0143,0.7648,0.0,1800.0,0.0,6.4941
482.000001,2026-05-03T20:06:28.812934+00:00,75.9944,0.1372,96.6168,-0.0276,0.7648,0.0,1800.0,0.0,6.4971
482.5,2026-05-03T20:06:29.319862+00:00,75.9957,0.1691,96.4741,-0.1369,0.7648,0.0,1800.0,0.0,6.4986
483.0,2026-05-03T20:06:29.813256+00:00,75.8694,0.13,96.5958,-0.1052,0.7648,0.0,1800.0,0.0,6.4481
483.500001,2026-05-03T20:06:30.313463+00:00,75.8996,0.0363,96.6893,-0.0423,0.7648,0.0,1800.0,0.0,6.4235
484.0,2026-05-03T20:06:30.813663+00:00,75.9229,-0.0358,96.6455,-0.0325,0.7648,0.0,1800.0,0.0,6.4115
484.5,2026-05-03T20:06:31.312874+00:00,76.068,0.0361,96.5887,-0.0713,0.7648,0.0,1800.0,0.0,6.4056
485.000001,2026-05-03T20:06:31.819273+00:00,76.0522,0.0914,96.5682,-0.0162,0.7648,0.0,1800.0,0.0,6.4027
485.5,2026-05-03T20:06:32.312733+00:00,76.0402,0.0703,96.5524,0.0261,0.7648,0.0,1800.0,0.0,6.4525
486.0,2026-05-03T20:06:32.814242+00:00,75.9036,-0.0096,96.656,0.0201,0.7648,0.0,1800.0,0.0,6.4256
486.5,2026-05-03T20:06:33.312768+00:00,75.9259,-0.071,96.7356,0.0154,0.7648,0.0,1800.0,0.0,6.4125
487.0,2026-05-03T20:06:33.813409+00:00,76.0703,0.009,96.6811,0.0119,0.7648,0.0,1800.0,0.0,6.4573
487.5,2026-05-03T20:06:34.319180+00:00,76.054,0.0069,96.6392,0.0168,0.7648,0.0,1800.0,0.0,6.4792
488.0,2026-05-03T20:06:34.814394+00:00,76.1688,0.1326,96.4913,-0.0256,0.7648,0.0,1800.0,0.0,6.4386
488.5,2026-05-03T20:06:35.313407+00:00,76.1297,0.1019,96.609,0.0189,0.7648,0.0,1800.0,0.0,6.4189
489.0,2026-05-03T20:06:35.812966+00:00,75.9725,-0.0489,96.6995,0.0145,0.7648,0.0,1800.0,0.0,6.4092
489.5,2026-05-03T20:06:36.313466+00:00,75.9788,-0.0376,96.769,0.0111,0.7648,0.0,1800.0,0.0,6.4045
490.0,2026-05-03T20:06:36.817285+00:00,75.9837,-0.0925,96.8225,0.0471,0.7648,0.0,1800.0,0.0,6.4022
490.5,2026-05-03T20:06:37.313161+00:00,76.1148,-0.0075,96.8635,0.0748,0.7648,0.0,1800.0,0.0,6.4523
491.0,2026-05-03T20:06:37.812695+00:00,76.3427,0.1851,96.7794,0.0961,0.7648,0.0,1800.0,0.0,6.4767
491.5,2026-05-03T20:06:38.313495+00:00,76.2634,0.1423,96.8305,0.0738,0.7648,0.0,1800.0,0.0,6.4886
492.0,2026-05-03T20:06:38.814595+00:00,76.0752,0.0457,96.754,0.0182,0.7648,0.0,1800.0,0.0,6.4945
492.5,2026-05-03T20:06:39.318806+00:00,76.0578,-0.0285,96.6952,-0.0246,0.7648,0.0,1800.0,0.0,6.4973
493.0,2026-05-03T20:06:39.813337+00:00,75.9172,-0.2128,96.7657,-0.0189,0.7648,0.0,1800.0,0.0,6.4475
493.5,2026-05-03T20:06:40.313367+00:00,75.9363,-0.1636,96.82,-0.0145,0.7648,0.0,1800.0,0.0,6.4232
494.0,2026-05-03T20:06:40.812736+00:00,76.0783,0.0016,96.8616,0.0274,0.7648,0.0,1800.0,0.0,6.4113
494.5,2026-05-03T20:06:41.313306+00:00,76.0602,0.0012,96.8936,0.0211,0.7648,0.0,1800.0,0.0,6.4055
495.0,2026-05-03T20:06:41.818011+00:00,76.0463,0.0646,96.6868,-0.0224,0.7648,0.0,1800.0,0.0,6.4027
495.5,2026-05-03T20:06:42.313444+00:00,76.1628,0.1133,96.7593,0.0214,0.7648,0.0,1800.0,0.0,6.4013
496.0,2026-05-03T20:06:42.812819+00:00,76.1252,0.0234,96.7919,0.0087,0.7648,0.0,1800.0,0.0,6.4006
496.5,2026-05-03T20:06:43.314077+00:00,76.2235,0.0816,96.6086,-0.0704,0.7648,0.0,1800.0,0.0,6.4515
497.0,2026-05-03T20:06:43.813901+00:00,76.0445,-0.0009,96.5835,-0.0927,0.7648,0.0,1800.0,0.0,6.4763
497.5,2026-05-03T20:06:44.317732+00:00,76.1615,-0.0007,96.7956,-0.0327,0.7648,0.0,1800.0,0.0,6.4885
498.0,2026-05-03T20:06:44.812955+00:00,76.2514,0.0631,96.8429,0.052,0.7648,0.0,1800.0,0.0,6.4944
498.5,2026-05-03T20:06:45.313063+00:00,76.3205,0.0485,96.9949,0.0785,0.7648,0.0,1800.0,0.0,6.4973
499.0,2026-05-03T20:06:45.812756+00:00,76.2463,0.1009,96.9961,0.0681,0.7648,0.0,1800.0,0.0,6.4475
499.5,2026-05-03T20:06:46.313378+00:00,76.3166,0.0776,96.997,0.1295,0.7648,0.0,1800.0,0.0,6.4232
500.0,2026-05-03T20:06:46.817738+00:00,76.3706,0.0596,96.9977,0.1381,0.7648,0.0,1800.0,0.0,6.4113
500.5,2026-05-03T20:06:47.314364+00:00,76.2848,-0.0178,96.8825,0.029,0.7648,0.0,1800.0,0.0,6.4567
501.0,2026-05-03T20:06:47.813340+00:00,75.9644,-0.141,96.9097,0.0223,0.7648,0.0,1800.0,0.0,6.4277
501.5,2026-05-03T20:06:48.314149+00:00,75.7181,-0.2992,96.9306,-0.0214,0.7648,0.0,1800.0,0.0,6.4135
502.0,2026-05-03T20:06:48.812727+00:00,75.9106,-0.23,97.0624,0.0221,0.7648,0.0,1800.0,0.0,6.4066
502.5,2026-05-03T20:06:49.317588+00:00,76.0586,-0.1131,97.0479,0.017,0.7648,0.0,1800.0,0.0,6.4032
503.0,2026-05-03T20:06:49.813592+00:00,75.9177,-0.0233,97.0368,0.013,0.7648,0.0,1800.0,0.0,6.4016
503.5,2026-05-03T20:06:50.312702+00:00,75.9368,0.1093,97.0283,0.0486,0.7648,0.0,1800.0,0.0,6.4008
504.0,2026-05-03T20:06:50.813300+00:00,75.9514,0.0204,97.0218,0.0373,0.7648,0.0,1800.0,0.0,6.4004
504.5,2026-05-03T20:06:51.312711+00:00,75.8354,-0.1116,97.0167,0.0287,0.7648,0.0,1800.0,0.0,6.4002
505.0,2026-05-03T20:06:51.817628+00:00,76.0007,0.0415,97.0129,-0.0165,0.7648,0.0,1800.0,0.0,6.4001
505.5,2026-05-03T20:06:52.313988+00:00,76.0006,0.0319,97.0099,-0.0127,0.7648,0.0,1800.0,0.0,6.4
506.0,2026-05-03T20:06:52.813290+00:00,76.1277,0.0882,97.1233,0.0288,0.7648,0.0,1800.0,0.0,6.4
506.5,2026-05-03T20:06:53.313396+00:00,76.2254,0.195,96.9791,-0.0164,0.7648,0.0,1800.0,0.0,6.4
507.0,2026-05-03T20:06:53.813231+00:00,76.4278,0.2135,97.0765,0.0182,0.7648,0.0,1800.0,0.0,6.4
507.500001,2026-05-03T20:06:54.320901+00:00,76.4561,0.2278,97.0588,0.014,0.7648,0.0,1800.0,0.0,6.4
508.0,2026-05-03T20:06:54.812743+00:00,76.2233,0.0478,97.0452,0.0108,0.7648,0.0,1800.0,0.0,6.4
508.500304,2026-05-03T20:06:55.313658+00:00,76.1716,-0.0269,96.919,-0.0303,0.7648,0.0,1800.0,0.0,6.4
509.0,2026-05-03T20:06:55.815164+00:00,76.1319,-0.148,96.9378,-0.0618,0.7648,0.0,1800.0,0.0,6.4
509.5,2026-05-03T20:06:56.312806+00:00,76.1014,-0.1774,96.9522,-0.009,0.7648,0.0,1800.0,0.0,6.4
510.0,2026-05-03T20:06:56.816753+00:00,76.2052,-0.009,96.9632,-0.0377,0.7648,0.0,1800.0,0.0,6.4
510.5,2026-05-03T20:06:57.312758+00:00,76.0304,-0.0706,97.0874,0.0096,0.7648,0.0,1800.0,0.0,6.4512
511.0,2026-05-03T20:06:57.813472+00:00,75.7689,-0.1815,96.9515,-0.0312,0.7648,0.0,1800.0,0.0,6.4762
511.5,2026-05-03T20:06:58.313145+00:00,75.9496,-0.0759,96.9627,0.0146,0.7648,0.0,1800.0,0.0,6.4884
512.0,2026-05-03T20:06:58.812704+00:00,75.834,-0.1856,96.8557,-0.0274,0.7648,0.0,1800.0,0.0,6.4943
512.5,2026-05-03T20:06:59.317296+00:00,75.9997,-0.0154,96.7734,-0.0596,0.7648,0.0,1800.0,0.0,6.4972
513.0,2026-05-03T20:06:59.814203+00:00,76.2543,0.2427,96.5944,-0.1229,0.7648,0.0,1800.0,0.0,6.4986
513.5,2026-05-03T20:07:00.312775+00:00,76.1955,0.1229,96.5726,-0.1716,0.7648,0.0,1800.0,0.0,6.4993
514.0,2026-05-03T20:07:00.812725+00:00,76.2775,0.2217,96.5558,-0.1319,0.7648,0.0,1800.0,0.0,6.4485
514.5,2026-05-03T20:07:01.312727+00:00,76.2133,0.1068,96.5429,-0.14,0.7648,0.0,1800.0,0.0,6.4237
515.0,2026-05-03T20:07:01.822068+00:00,76.1639,-0.0452,96.5329,-0.1076,0.7648,0.0,1800.0,0.0,6.4115
515.5,2026-05-03T20:07:02.312741+00:00,76.3805,0.0925,96.641,-0.0441,0.7648,0.0,1800.0,0.0,6.4056
516.0,2026-05-03T20:07:02.813061+00:00,76.4197,0.0711,96.6084,0.0047,0.7648,0.0,1800.0,0.0,6.4027
516.5,2026-05-03T20:07:03.313288+00:00,76.4499,0.1183,96.699,0.0422,0.7648,0.0,1800.0,0.0,6.4013
517.0,2026-05-03T20:07:03.812831+00:00,76.6003,0.2182,96.7687,0.071,0.7648,0.0,1800.0,0.0,6.4007
517.5,2026-05-03T20:07:04.318549+00:00,76.4614,0.0404,96.8222,0.0931,0.7648,0.0,1800.0,0.0,6.4003
518.000001,2026-05-03T20:07:04.813005+00:00,76.4819,0.0311,96.979,0.1487,0.7648,0.0,1800.0,0.0,6.4002
518.5,2026-05-03T20:07:05.313385+00:00,76.3704,-0.0397,96.9839,0.1143,0.7648,0.0,1800.0,0.0,6.4001
519.0,2026-05-03T20:07:05.813667+00:00,76.2847,-0.1578,96.9876,0.1264,0.7648,0.0,1800.0,0.0,6.4
519.5,2026-05-03T20:07:06.313057+00:00,76.3461,-0.0577,96.9905,0.0972,0.7648,0.0,1800.0,0.0,6.4
520.0,2026-05-03T20:07:06.917990+00:00,76.5205,0.0193,96.9927,0.0747,0.7648,0.0,1800.0,0.0,6.3488
520.5,2026-05-03T20:07:07.312966+00:00,76.5274,0.0785,96.9944,0.0574,0.7648,0.0,1800.0,0.0,6.375
521.0,2026-05-03T20:07:07.813234+00:00,76.6599,0.1876,96.9957,0.0055,0.7648,0.0,1800.0,0.0,6.3878
521.5,2026-05-03T20:07:08.312732+00:00,76.5072,0.0805,96.9967,0.0043,0.7648,0.0,1800.0,0.0,6.3941
522.0,2026-05-03T20:07:08.814869+00:00,76.6444,0.0619,96.9974,0.0033,0.7648,0.0,1800.0,0.0,6.3971
522.5,2026-05-03T20:07:09.320627+00:00,76.6225,0.0476,97.1137,0.0411,0.7648,0.0,1800.0,0.0,6.4498
523.0,2026-05-03T20:07:09.813100+00:00,76.4785,-0.0907,97.0874,0.0316,0.7648,0.0,1800.0,0.0,6.4755
523.5,2026-05-03T20:07:10.312703+00:00,76.3678,-0.0697,97.1829,0.0628,0.7648,0.0,1800.0,0.0,6.488
524.0,2026-05-03T20:07:10.812940+00:00,76.4099,-0.1172,97.2563,0.0869,0.7648,0.0,1800.0,0.0,6.4942
524.500001,2026-05-03T20:07:11.312886+00:00,76.4423,-0.0901,97.197,0.0668,0.7648,0.0,1800.0,0.0,6.4972
525.0,2026-05-03T20:07:11.817938+00:00,76.4673,-0.0056,97.1514,0.0513,0.7648,0.0,1800.0,0.0,6.4474
525.500001,2026-05-03T20:07:12.312967+00:00,76.6137,0.123,97.1164,0.0009,0.7648,0.0,1800.0,0.0,6.4231
526.0,2026-05-03T20:07:12.813363+00:00,76.5989,0.0945,97.2051,0.0392,0.7648,0.0,1800.0,0.0,6.4113
526.5,2026-05-03T20:07:13.313649+00:00,76.5876,0.0726,97.1577,-0.0084,0.7648,0.0,1800.0,0.0,6.4055
527.0,2026-05-03T20:07:13.813428+00:00,76.4516,-0.0078,97.1212,-0.045,0.7648,0.0,1800.0,0.0,6.4027
527.5,2026-05-03T20:07:14.320260+00:00,76.3471,-0.1333,96.8617,-0.1117,0.7648,0.0,1800.0,0.0,6.4013
528.0,2026-05-03T20:07:14.813218+00:00,76.0123,-0.2933,96.6392,-0.1707,0.7648,0.0,1800.0,0.0,6.4006
528.5,2026-05-03T20:07:15.313294+00:00,76.0094,-0.2891,96.7227,-0.1312,0.7648,0.0,1800.0,0.0,6.4003
529.0,2026-05-03T20:07:15.813422+00:00,76.2618,-0.0949,96.7869,-0.1394,0.7648,0.0,1800.0,0.0,6.4002
529.5,2026-05-03T20:07:16.313217+00:00,76.3285,-0.0093,96.6048,-0.1843,0.7648,0.0,1800.0,0.0,6.4001
530.0,2026-05-03T20:07:16.820903+00:00,76.3797,0.1837,96.8119,-0.1031,0.7648,0.0,1800.0,0.0,6.4
530.5,2026-05-03T20:07:17.312728+00:00,76.2919,0.1412,96.7398,-0.0407,0.7648,0.0,1800.0,0.0,6.4
531.0,2026-05-03T20:07:17.812767+00:00,76.3516,0.0449,96.6843,0.015,0.7648,0.0,1800.0,0.0,6.4512
531.5,2026-05-03T20:07:18.314142+00:00,76.3975,0.0345,96.6416,-0.027,0.7648,0.0,1800.0,0.0,6.4762
532.0,2026-05-03T20:07:18.812685+00:00,76.5601,0.0902,96.7246,-0.0208,0.7648,0.0,1800.0,0.0,6.4884
532.5,2026-05-03T20:07:19.319030+00:00,76.5577,0.1329,96.7883,0.0612,0.7648,0.0,1800.0,0.0,6.4943
533.0,2026-05-03T20:07:19.812800+00:00,76.6832,0.1658,96.7216,-0.0301,0.7648,0.0,1800.0,0.0,6.446
533.5,2026-05-03T20:07:20.313131+00:00,76.7797,0.1911,96.786,0.0154,0.7648,0.0,1800.0,0.0,6.4225
534.0,2026-05-03T20:07:20.813174+00:00,76.5992,0.0196,96.8355,0.0504,0.7648,0.0,1800.0,0.0,6.411
534.5,2026-05-03T20:07:21.312736+00:00,76.7151,0.0787,96.8736,0.0773,0.7648,0.0,1800.0,0.0,6.4053
535.0,2026-05-03T20:07:21.818270+00:00,76.6769,-0.0032,96.6714,-0.0177,0.7648,0.0,1800.0,0.0,6.4026
535.5,2026-05-03T20:07:22.313354+00:00,76.6475,-0.0661,96.7475,-0.0136,0.7648,0.0,1800.0,0.0,6.4013
536.0,2026-05-03T20:07:22.812718+00:00,76.625,0.0129,96.6902,-0.0105,0.7648,0.0,1800.0,0.0,6.4006
536.5,2026-05-03T20:07:23.312853+00:00,76.7349,0.0099,96.7619,-0.008,0.7648,0.0,1800.0,0.0,6.4003
537.0,2026-05-03T20:07:23.812752+00:00,76.8194,0.0712,96.817,-0.0062,0.7648,0.0,1800.0,0.0,6.4001
537.5,2026-05-03T20:07:24.320504+00:00,76.8843,0.1184,96.7668,-0.0356,0.7648,0.0,1800.0,0.0,6.4001
538.0,2026-05-03T20:07:24.812877+00:00,76.807,0.091,96.5662,-0.0351,0.7648,0.0,1800.0,0.0,6.4
538.5,2026-05-03T20:07:25.313066+00:00,76.8748,0.0699,96.4352,-0.1041,0.7648,0.0,1800.0,0.0,6.4
539.0,2026-05-03T20:07:25.813200+00:00,76.6723,-0.0735,96.5659,-0.0414,0.7648,0.0,1800.0,0.0,6.4
539.5,2026-05-03T20:07:26.313311+00:00,76.7713,-0.0565,96.6663,-0.0319,0.7648,0.0,1800.0,0.0,6.4
540.0,2026-05-03T20:07:26.817319+00:00,76.5928,-0.1071,96.7435,-0.0245,0.7648,0.0,1800.0,0.0,6.4
540.5,2026-05-03T20:07:27.313199+00:00,76.7102,-0.0823,96.8029,0.012,0.7648,0.0,1800.0,0.0,6.4
541.0,2026-05-03T20:07:27.813923+00:00,76.6731,0.0004,96.8485,0.0941,0.7648,0.0,1800.0,0.0,6.4
541.5,2026-05-03T20:07:28.313404+00:00,76.7719,0.0003,96.8836,0.1495,0.7648,0.0,1800.0,0.0,6.4
542.0,2026-05-03T20:07:28.813212+00:00,76.7206,0.0639,96.7948,0.0763,0.7648,0.0,1800.0,0.0,6.4
542.5,2026-05-03T20:07:29.317595+00:00,76.8084,0.0491,96.8423,0.0586,0.7648,0.0,1800.0,0.0,6.4
543.0,2026-05-03T20:07:29.812728+00:00,76.6213,-0.0259,96.8788,0.0451,0.7648,0.0,1800.0,0.0,6.4
543.5,2026-05-03T20:07:30.314522+00:00,76.6048,-0.0835,96.7911,-0.0039,0.7648,0.0,1800.0,0.0,6.4
544.0,2026-05-03T20:07:30.813395+00:00,76.4649,-0.1278,96.8395,-0.003,0.7648,0.0,1800.0,0.0,6.4
544.5,2026-05-03T20:07:31.312849+00:00,76.6118,-0.0983,96.8766,-0.0023,0.7648,0.0,1800.0,0.0,6.4
545.0,2026-05-03T20:07:31.918409+00:00,76.7248,0.0517,97.0209,0.0754,0.7648,0.0,1800.0,0.0,6.4
545.5,2026-05-03T20:07:32.312714+00:00,76.4298,-0.0875,97.016,0.0579,0.7648,0.0,1800.0,0.0,6.4
546.0,2026-05-03T20:07:32.813458+00:00,76.3303,-0.0673,97.0123,0.0445,0.7648,0.0,1800.0,0.0,6.4
546.5,2026-05-03T20:07:33.313163+00:00,76.5084,-0.0517,97.0095,0.0728,0.7648,0.0,1800.0,0.0,6.4
547.0,2026-05-03T20:07:33.812719+00:00,76.6453,-0.0397,97.123,0.0945,0.7648,0.0,1800.0,0.0,6.4
547.5,2026-05-03T20:07:34.319596+00:00,76.7505,0.1604,97.0945,0.0726,0.7648,0.0,1800.0,0.0,6.4
548.0,2026-05-03T20:07:34.812942+00:00,76.7041,0.1869,97.0727,0.0173,0.7648,0.0,1800.0,0.0,6.4
548.5,2026-05-03T20:07:35.312738+00:00,76.6685,0.08,97.1715,0.0518,0.7648,0.0,1800.0,0.0,6.4
549.0,2026-05-03T20:07:35.812944+00:00,76.6411,-0.0021,97.0161,0.0013,0.7648,0.0,1800.0,0.0,6.4
549.5,2026-05-03T20:07:36.313666+00:00,76.4927,-0.1289,96.8967,-0.0376,0.7648,0.0,1800.0,0.0,6.4
550.0,2026-05-03T20:07:36.820046+00:00,76.506,-0.0991,97.0363,-0.0289,0.7648,0.0,1800.0,0.0,6.3488
550.500001,2026-05-03T20:07:37.313931+00:00,76.6434,-0.0125,96.9122,-0.0608,0.7648,0.0,1800.0,0.0,6.375
551.000001,2026-05-03T20:07:37.813942+00:00,76.6218,-0.0096,96.7011,-0.1238,0.7648,0.0,1800.0,0.0,6.3878
551.5,2026-05-03T20:07:38.313208+00:00,76.7325,0.1199,96.6546,-0.1723,0.7648,0.0,1800.0,0.0,6.394
552.0,2026-05-03T20:07:38.812910+00:00,76.6902,0.0921,96.5957,-0.1402,0.7648,0.0,1800.0,0.0,6.3971
552.5,2026-05-03T20:07:39.326349+00:00,76.7851,0.0708,96.5504,-0.1154,0.7648,0.0,1800.0,0.0,6.3986
553.0,2026-05-03T20:07:39.812794+00:00,76.8579,0.1181,96.423,-0.2044,0.7648,0.0,1800.0,0.0,6.3993
553.5,2026-05-03T20:07:40.313280+00:00,76.7867,0.0271,96.4408,-0.1571,0.7648,0.0,1800.0,0.0,6.4509
554.0,2026-05-03T20:07:40.812718+00:00,76.6046,-0.0428,96.4545,-0.0822,0.7648,0.0,1800.0,0.0,6.476
554.5,2026-05-03T20:07:41.314375+00:00,76.592,-0.0965,96.4651,-0.0632,0.7648,0.0,1800.0,0.0,6.4883
555.0,2026-05-03T20:07:41.819147+00:00,76.5823,-0.1378,96.3343,-0.0871,0.7648,0.0,1800.0,0.0,6.4943
555.5,2026-05-03T20:07:42.313014+00:00,76.8294,0.0213,96.4883,-0.0207,0.7648,0.0,1800.0,0.0,6.4972
556.0,2026-05-03T20:07:42.813003+00:00,76.892,0.1437,96.3753,-0.0159,0.7648,0.0,1800.0,0.0,6.4474
556.5,2026-05-03T20:07:43.312927+00:00,76.8128,0.1104,96.2885,-0.0508,0.7648,0.0,1800.0,0.0,6.4232
557.0,2026-05-03T20:07:43.814154+00:00,76.8793,0.1485,96.3374,-0.039,0.7648,0.0,1800.0,0.0,6.4113
557.5,2026-05-03T20:07:44.320591+00:00,76.8031,-0.0131,96.375,-0.03,0.7648,0.0,1800.0,0.0,6.4055
558.0,2026-05-03T20:07:44.812683+00:00,76.8718,-0.0101,96.5197,0.0618,0.7648,0.0,1800.0,0.0,6.4027
558.5,2026-05-03T20:07:45.312933+00:00,76.7973,-0.0078,96.5151,0.0089,0.7648,0.0,1800.0,0.0,6.4013
559.0,2026-05-03T20:07:45.812899+00:00,76.7401,-0.0696,96.3959,0.0069,0.7648,0.0,1800.0,0.0,6.4006
559.5,2026-05-03T20:07:46.312730+00:00,76.9507,0.0738,96.3969,0.0361,0.7648,0.0,1800.0,0.0,6.4003
560.0,2026-05-03T20:07:46.819520+00:00,76.7307,-0.0706,96.305,-0.0108,0.7648,0.0,1800.0,0.0,6.4002
560.5,2026-05-03T20:07:47.313476+00:00,76.6889,-0.0542,96.3501,-0.0083,0.7648,0.0,1800.0,0.0,6.4513
561.0,2026-05-03T20:07:47.813115+00:00,76.6567,-0.0417,96.3848,-0.0449,0.7648,0.0,1800.0,0.0,6.425
561.5,2026-05-03T20:07:48.312727+00:00,76.3775,-0.2866,96.2958,-0.0731,0.7648,0.0,1800.0,0.0,6.4122
562.0,2026-05-03T20:07:48.813086+00:00,76.5447,-0.093,96.343,-0.0176,0.7648,0.0,1800.0,0.0,6.406
562.5,2026-05-03T20:07:49.319201+00:00,76.5459,-0.0715,96.3794,-0.0058,0.7648,0.0,1800.0,0.0,6.4029
563.0,2026-05-03T20:07:49.812743+00:00,76.6741,0.0087,96.4073,0.0341,0.7648,0.0,1800.0,0.0,6.4014
563.5,2026-05-03T20:07:50.312692+00:00,76.6454,0.134,96.1973,-0.0509,0.7648,0.0,1800.0,0.0,6.4007
564.0,2026-05-03T20:07:50.813149+00:00,76.7506,0.103,96.1517,-0.0777,0.7648,0.0,1800.0,0.0,6.4003
564.5,2026-05-03T20:07:51.312757+00:00,76.7042,0.0791,96.348,0.0174,0.7648,0.0,1800.0,0.0,6.4002
565.0,2026-05-03T20:07:51.818254+00:00,76.6685,-0.0028,96.0129,-0.11,0.7648,0.0,1800.0,0.0,6.4001
565.5,2026-05-03T20:07:52.313970+00:00,76.6411,-0.0022,96.1256,-0.0846,0.7648,0.0,1800.0,0.0,6.4512
566.0,2026-05-03T20:07:52.814126+00:00,76.7473,-0.0017,96.0966,-0.1036,0.7648,0.0,1800.0,0.0,6.425
566.5,2026-05-03T20:07:53.313943+00:00,76.7016,-0.0013,96.0742,-0.041,0.7648,0.0,1800.0,0.0,6.4122
567.0,2026-05-03T20:07:53.814143+00:00,76.5393,-0.0646,96.2884,0.0456,0.7648,0.0,1800.0,0.0,6.406
567.5,2026-05-03T20:07:54.319160+00:00,76.5418,-0.0497,96.2217,-0.0421,0.7648,0.0,1800.0,0.0,6.4029
568.0,2026-05-03T20:07:54.812727+00:00,76.5437,-0.1018,96.4018,0.1296,0.7648,0.0,1800.0,0.0,6.4014
568.5,2026-05-03T20:07:55.313150+00:00,76.5451,-0.0782,96.5402,0.1382,0.7648,0.0,1800.0,0.0,6.4007
569.0,2026-05-03T20:07:55.812764+00:00,76.5463,0.0035,96.6466,0.1834,0.7648,0.0,1800.0,0.0,6.4003
569.5,2026-05-03T20:07:56.313336+00:00,76.5471,0.0027,96.7284,0.2181,0.7648,0.0,1800.0,0.0,6.4002
570.0,2026-05-03T20:07:56.817397+00:00,76.6751,0.0657,96.9069,0.2062,0.7648,0.0,1800.0,0.0,6.3489
570.5,2026-05-03T20:07:57.313571+00:00,76.7734,0.1141,96.9285,0.2356,0.7648,0.0,1800.0,0.0,6.3751
571.0,2026-05-03T20:07:57.812855+00:00,76.9762,0.215,96.945,0.1811,0.7648,0.0,1800.0,0.0,6.3878
571.5,2026-05-03T20:07:58.313272+00:00,76.8776,0.1652,96.9577,0.1392,0.7648,0.0,1800.0,0.0,6.3941
572.0,2026-05-03T20:07:58.813164+00:00,76.8018,0.0634,96.9675,0.107,0.7648,0.0,1800.0,0.0,6.3971
572.5,2026-05-03T20:07:59.317579+00:00,76.7435,-0.0149,96.7436,0.0051,0.7648,0.0,1800.0,0.0,6.3986
573.0,2026-05-03T20:07:59.813202+00:00,76.5715,-0.2024,96.6873,-0.0732,0.7648,0.0,1800.0,0.0,6.3481
573.5,2026-05-03T20:08:00.313113+00:00,76.6938,-0.0919,96.6208,-0.1026,0.7648,0.0,1800.0,0.0,6.3235
574.0,2026-05-03T20:08:00.813060+00:00,76.915,0.0566,96.5928,-0.1174,0.7648,0.0,1800.0,0.0,6.3627
574.5,2026-05-03T20:08:01.314099+00:00,76.9578,0.1072,96.6871,-0.0902,0.7648,0.0,1800.0,0.0,6.3818
575.0,2026-05-03T20:08:01.820864+00:00,76.9907,0.2096,96.6438,-0.1079,0.7648,0.0,1800.0,0.0,6.3911
575.5,2026-05-03T20:08:02.312894+00:00,76.8888,0.0975,96.7262,-0.0058,0.7648,0.0,1800.0,0.0,6.4469
576.0,2026-05-03T20:08:02.812805+00:00,76.9376,0.0113,96.6739,-0.0045,0.7648,0.0,1800.0,0.0,6.4741
576.5,2026-05-03T20:08:03.314360+00:00,76.8479,-0.055,96.6336,0.0043,0.7648,0.0,1800.0,0.0,6.4361
577.000001,2026-05-03T20:08:03.812734+00:00,76.779,-0.1059,96.7184,0.0419,0.7648,0.0,1800.0,0.0,6.4176
577.5,2026-05-03T20:08:04.318240+00:00,76.8533,-0.0177,96.5522,-0.045,0.7648,0.0,1800.0,0.0,6.4086
578.0,2026-05-03T20:08:04.814353+00:00,76.7831,-0.0773,96.3087,-0.1117,0.7648,0.0,1800.0,0.0,6.4042
578.5,2026-05-03T20:08:05.312746+00:00,76.7292,-0.0594,96.2373,-0.163,0.7648,0.0,1800.0,0.0,6.402
579.0,2026-05-03T20:08:05.814244+00:00,76.6877,-0.0456,96.1824,-0.1638,0.7648,0.0,1800.0,0.0,6.401
579.5,2026-05-03T20:08:06.312922+00:00,76.6558,-0.0987,96.2559,-0.1259,0.7648,0.0,1800.0,0.0,6.4005
580.0,2026-05-03T20:08:06.818330+00:00,76.6313,-0.0759,96.1967,-0.1739,0.7648,0.0,1800.0,0.0,6.4002
580.5,2026-05-03T20:08:07.312818+00:00,76.7398,0.0053,96.3825,-0.0565,0.7648,0.0,1800.0,0.0,6.4001
581.0,2026-05-03T20:08:07.812751+00:00,76.9504,0.1314,96.3172,0.0028,0.7648,0.0,1800.0,0.0,6.4001
581.5,2026-05-03T20:08:08.312669+00:00,76.985,0.1646,96.4752,0.0793,0.7648,0.0,1800.0,0.0,6.4
582.0,2026-05-03T20:08:08.813428+00:00,76.8844,0.1265,96.5966,0.1381,0.7648,0.0,1800.0,0.0,6.4
582.5,2026-05-03T20:08:09.319273+00:00,76.9343,0.0972,96.4586,0.0676,0.7648,0.0,1800.0,0.0,6.4
583.0,2026-05-03T20:08:09.813458+00:00,76.8453,-0.0525,96.5839,0.1291,0.7648,0.0,1800.0,0.0,6.4
583.5,2026-05-03T20:08:10.313156+00:00,76.777,-0.104,96.6801,0.0992,0.7648,0.0,1800.0,0.0,6.4
584.0,2026-05-03T20:08:10.812692+00:00,76.8517,-0.0163,96.6385,0.1071,0.7648,0.0,1800.0,0.0,6.4
584.5,2026-05-03T20:08:11.313475+00:00,76.5274,-0.2034,96.6064,0.0437,0.7648,0.0,1800.0,0.0,6.4
585.0,2026-05-03T20:08:11.817226+00:00,76.7872,-0.0291,96.4661,-0.0435,0.7648,0.0,1800.0,0.0,6.3488
585.5,2026-05-03T20:08:12.313150+00:00,76.8595,0.0413,96.4739,0.0051,0.7648,0.0,1800.0,0.0,6.375
586.0,2026-05-03T20:08:12.813153+00:00,76.9152,0.0317,96.48,-0.0346,0.7648,0.0,1800.0,0.0,6.3878
586.5,2026-05-03T20:08:13.312812+00:00,76.958,0.2153,96.6003,-0.0266,0.7648,0.0,1800.0,0.0,6.394
587.0,2026-05-03T20:08:13.813447+00:00,77.1181,0.1655,96.5771,-0.0205,0.7648,0.0,1800.0,0.0,6.3971
587.5,2026-05-03T20:08:14.319248+00:00,76.7321,-0.0637,96.4436,-0.0543,0.7648,0.0,1800.0,0.0,6.3986
588.0,2026-05-03T20:08:14.812773+00:00,76.69,-0.1126,96.2252,-0.0803,0.7648,0.0,1800.0,0.0,6.4505
588.5,2026-05-03T20:08:15.314762+00:00,76.6576,-0.1502,96.1731,-0.1003,0.7648,0.0,1800.0,0.0,6.4758
589.0,2026-05-03T20:08:15.813876+00:00,77.0145,-0.0518,96.0173,-0.1542,0.7648,0.0,1800.0,0.0,6.4882
589.5,2026-05-03T20:08:16.314103+00:00,77.1615,0.2147,96.129,-0.1571,0.7648,0.0,1800.0,0.0,6.4942
590.0,2026-05-03T20:08:16.819303+00:00,77.2746,0.2923,96.076,-0.167,0.7648,0.0,1800.0,0.0,6.4972
590.500001,2026-05-03T20:08:17.312719+00:00,76.9796,0.161,96.0584,-0.1284,0.7648,0.0,1800.0,0.0,6.4986
591.0,2026-05-03T20:08:17.812921+00:00,77.1348,0.0601,96.2763,0.017,0.7648,0.0,1800.0,0.0,6.4993
591.5,2026-05-03T20:08:18.312729+00:00,77.1267,-0.0174,96.4438,0.0902,0.7648,0.0,1800.0,0.0,6.4997
592.0,2026-05-03T20:08:18.812725+00:00,77.1205,-0.077,96.4799,0.1542,0.7648,0.0,1800.0,0.0,6.4998
592.5,2026-05-03T20:08:19.319797+00:00,76.9885,0.0044,96.6003,0.1571,0.7648,0.0,1800.0,0.0,6.4999
593.0,2026-05-03T20:08:19.813328+00:00,77.1416,0.0034,96.5771,0.167,0.7648,0.0,1800.0,0.0,6.4488
593.5,2026-05-03T20:08:20.312732+00:00,77.2592,0.0663,96.5361,0.1592,0.7648,0.0,1800.0,0.0,6.4238
594.0,2026-05-03T20:08:20.813390+00:00,77.3497,0.1146,96.5277,0.0838,0.7648,0.0,1800.0,0.0,6.4116
594.5,2026-05-03T20:08:21.312715+00:00,77.1646,0.0881,96.637,0.0644,0.7648,0.0,1800.0,0.0,6.4057
595.0,2026-05-03T20:08:21.819616+00:00,77.0224,-0.0596,96.721,0.0804,0.7648,0.0,1800.0,0.0,6.4028
595.5,2026-05-03T20:08:22.312702+00:00,77.1676,-0.0458,96.6467,0.0155,0.7648,0.0,1800.0,0.0,6.4525
596.0,2026-05-03T20:08:22.813341+00:00,77.152,-0.0988,96.4971,-0.0267,0.7648,0.0,1800.0,0.0,6.4768
596.5,2026-05-03T20:08:23.312705+00:00,76.8854,-0.1396,96.6135,0.0258,0.7648,0.0,1800.0,0.0,6.4887
597.0,2026-05-03T20:08:23.814171+00:00,77.0623,0.02,96.7029,0.0584,0.7648,0.0,1800.0,0.0,6.4945
597.5,2026-05-03T20:08:24.318820+00:00,77.3256,0.079,96.656,0.0063,0.7648,0.0,1800.0,0.0,6.4461
598.0,2026-05-03T20:08:24.813335+00:00,77.4007,0.1243,96.7356,0.0048,0.7648,0.0,1800.0,0.0,6.4225
598.5,2026-05-03T20:08:25.312829+00:00,77.4584,0.2865,96.6811,0.0114,0.7648,0.0,1800.0,0.0,6.411
599.0,2026-05-03T20:08:25.813317+00:00,77.5027,0.2202,96.5235,0.0088,0.7648,0.0,1800.0,0.0,6.4054
599.5,2026-05-03T20:08:26.313357+00:00,77.5368,0.1056,96.4023,-0.0704,0.7648,0.0,1800.0,0.0,6.4026
