monotonic_offset_s,utc_timestamp,T,T_dot,U,U_dot,V,V_dot,f,f_dot,mem
0.000273,2026-06-05T18:32:04.308683+00:00,49.05,,0.0,,0.8473,,2400.0,,4.3
0.50026,2026-06-05T18:32:04.890653+00:00,48.9227,,13.9997,,0.8473,,2400.0,,4.9656
1.0,2026-06-05T18:32:05.305437+00:00,48.8249,,13.5138,,0.8473,0.0,2400.0,0.0,5.4952
1.5,2026-06-05T18:32:05.805542+00:00,49.2588,,21.1468,,0.8473,0.0,2400.0,0.0,6.4193
2.0,2026-06-05T18:32:06.305664+00:00,49.9741,0.4621,38.1439,,0.8473,0.0,2400.0,0.0,6.8702
2.5,2026-06-05T18:32:06.809322+00:00,50.7784,0.9278,51.393,,0.8473,0.0,2400.0,0.0,7.0903
3.000951,2026-06-05T18:32:07.306497+00:00,51.3966,1.2859,61.4836,20.4945,0.8473,0.0,2400.0,0.0,7.1976
3.5,2026-06-05T18:32:07.805478+00:00,51.9991,1.3701,69.0773,18.3592,0.8473,0.0,2400.0,0.0,7.2501
4.0,2026-06-05T18:32:08.305579+00:00,52.7166,1.3713,75.0758,20.5207,0.8473,0.0,2400.0,0.0,7.2756
4.5,2026-06-05T18:32:08.805470+00:00,53.0136,1.1176,79.802,19.5517,0.8473,0.0,2400.0,0.0,7.2369
5.0,2026-06-05T18:32:09.313187+00:00,53.4964,1.0499,83.4345,15.0969,0.8473,0.0,2400.0,0.0,7.218
5.5012,2026-06-05T18:32:09.834102+00:00,53.8675,0.9342,86.0182,11.5417,0.8473,0.0,2400.0,0.0,7.2088
6.0,2026-06-05T18:32:10.305514+00:00,54.1527,0.718,88.3049,8.9404,0.8473,0.0,2400.0,0.0,7.2043
6.5,2026-06-05T18:32:10.805763+00:00,54.3719,0.6791,90.0855,7.0027,0.8473,0.0,2400.0,0.0,7.2021
7.0,2026-06-05T18:32:11.305926+00:00,54.6676,0.5856,91.3616,5.4286,0.8473,0.0,2400.0,0.0,7.201
7.5,2026-06-05T18:32:11.814332+00:00,55.0222,0.5774,92.3192,4.1724,0.8473,0.0,2400.0,0.0,7.2005
8.000345,2026-06-05T18:32:12.306057+00:00,54.913,0.3801,93.0552,3.2069,0.8473,0.0,2400.0,0.0,7.2002
8.5,2026-06-05T18:32:12.805492+00:00,55.2108,0.4194,93.8524,2.6114,0.8473,0.0,2400.0,0.0,7.2001
9.0,2026-06-05T18:32:13.305716+00:00,55.567,0.4497,94.2336,1.9763,0.8473,0.0,2400.0,0.0,7.2001
9.5,2026-06-05T18:32:13.805788+00:00,55.968,0.4729,94.5267,1.4804,0.8473,0.0,2400.0,0.0,7.1488
10.0,2026-06-05T18:32:14.310030+00:00,56.1489,0.618,94.5436,1.0607,0.8473,0.0,2400.0,0.0,7.1238
10.5,2026-06-05T18:32:14.806785+00:00,56.288,0.5386,94.7418,0.8075,0.8473,0.0,2400.0,0.0,7.0604
11.0,2026-06-05T18:32:15.305486+00:00,56.3949,0.414,95.1255,0.6901,0.8473,0.0,2400.0,0.0,7.0295
11.5,2026-06-05T18:32:15.805548+00:00,56.6044,0.3182,95.1659,0.4378,0.8473,0.0,2400.0,0.0,7.0144
12.0,2026-06-05T18:32:16.305636+00:00,56.5108,0.1809,95.4746,0.4137,0.8473,0.0,2400.0,0.0,7.007
12.5,2026-06-05T18:32:16.810788+00:00,56.6934,0.2027,95.7119,0.3951,0.8473,0.0,2400.0,0.0,6.9522
13.0,2026-06-05T18:32:17.305577+00:00,56.961,0.2831,95.8942,0.4502,0.8473,0.0,2400.0,0.0,6.9255
13.5,2026-06-05T18:32:17.805587+00:00,57.0395,0.2176,96.2658,0.508,0.8473,0.0,2400.0,0.0,6.9124
14.0,2026-06-05T18:32:18.305504+00:00,57.3543,0.4218,96.2043,0.3596,0.8473,0.0,2400.0,0.0,6.9061
14.500119,2026-06-05T18:32:18.805813+00:00,57.469,0.3878,96.157,0.3304,0.8473,0.0,2400.0,0.0,6.903
15.0,2026-06-05T18:32:19.309635+00:00,57.5572,0.2981,96.2364,0.2539,0.8473,0.0,2400.0,0.0,6.9014
15.5,2026-06-05T18:32:19.805636+00:00,57.7522,0.3564,96.2974,0.1952,0.8473,0.0,2400.0,0.0,6.8495
16.000331,2026-06-05T18:32:20.306385+00:00,57.9021,0.2739,96.2286,0.1114,0.8473,0.0,2400.0,0.0,6.8242
16.5,2026-06-05T18:32:20.805459+00:00,57.89,0.2105,96.1757,-0.03,0.8473,0.0,2400.0,0.0,6.7606
17.0,2026-06-05T18:32:21.305471+00:00,58.008,0.2254,96.2276,0.0078,0.8473,0.0,2400.0,0.0,6.7296
17.5,2026-06-05T18:32:21.810323+00:00,58.226,0.2369,96.2906,0.0445,0.8473,0.0,2400.0,0.0,6.7656
18.0,2026-06-05T18:32:22.305538+00:00,58.139,0.1185,96.2465,0.0034,0.8473,0.0,2400.0,0.0,6.732
18.5,2026-06-05T18:32:22.805470+00:00,58.1994,0.1547,95.7498,-0.1825,0.8473,0.0,2400.0,0.0,6.7156
19.0,2026-06-05T18:32:23.305720+00:00,58.2458,0.1189,95.8077,-0.1403,0.8473,0.0,2400.0,0.0,6.7076
19.5,2026-06-05T18:32:23.805582+00:00,58.2815,0.0277,95.8291,-0.1155,0.8473,0.0,2400.0,0.0,6.6525
20.0,2026-06-05T18:32:24.313536+00:00,58.3089,0.085,95.8686,-0.1197,0.8473,0.0,2400.0,0.0,6.6256
20.5,2026-06-05T18:32:24.805501+00:00,58.2027,0.0017,95.899,-0.1305,0.8473,0.0,2400.0,0.0,6.6125
21.0,2026-06-05T18:32:25.305569+00:00,58.3756,0.0649,95.9224,-0.108,0.8473,0.0,2400.0,0.0,6.6061
21.5,2026-06-05T18:32:25.805481+00:00,58.6358,0.1772,95.8015,0.0172,0.8473,0.0,2400.0,0.0,6.5518
22.0,2026-06-05T18:32:26.305914+00:00,58.8358,0.2634,95.6392,-0.0562,0.8473,0.0,2400.0,0.0,6.5253
22.5,2026-06-05T18:32:26.809889+00:00,58.9895,0.3934,95.8384,0.0031,0.8473,0.0,2400.0,0.0,6.5123
23.0,2026-06-05T18:32:27.305490+00:00,59.1076,0.366,95.9915,0.041,0.8473,0.0,2400.0,0.0,6.506
23.5,2026-06-05T18:32:27.805488+00:00,59.1984,0.2813,96.086,0.0623,0.8473,0.0,2400.0,0.0,6.5029
24.000337,2026-06-05T18:32:28.306783+00:00,59.2682,0.2162,95.719,-0.0678,0.8473,0.0,2400.0,0.0,6.5014
24.5,2026-06-05T18:32:28.805497+00:00,59.3218,0.1662,95.784,-0.0058,0.8473,0.0,2400.0,0.0,6.5007
25.0,2026-06-05T18:32:29.310460+00:00,59.6176,0.255,95.9497,0.1035,0.8473,0.0,2400.0,0.0,6.5003
25.5,2026-06-05T18:32:29.805571+00:00,59.5904,0.196,95.9845,0.0487,0.8473,0.0,2400.0,0.0,6.5002
26.0,2026-06-05T18:32:30.305488+00:00,59.4422,0.087,96.1038,0.0374,0.8473,0.0,2400.0,0.0,6.5001
26.5,2026-06-05T18:32:30.805511+00:00,59.4556,0.0669,95.9409,-0.0484,0.8473,0.0,2400.0,0.0,6.5
27.0,2026-06-05T18:32:31.305779+00:00,59.5931,-0.0122,96.186,0.1557,0.8473,0.0,2400.0,0.0,6.5
27.5,2026-06-05T18:32:31.813365+00:00,59.8261,0.1179,96.143,0.1196,0.8473,0.0,2400.0,0.0,6.5
28.0,2026-06-05T18:32:32.305464+00:00,59.8779,0.2179,96.1099,0.0534,0.8473,0.0,2400.0,0.0,6.5
28.5,2026-06-05T18:32:32.805736+00:00,59.9177,0.2311,96.2001,0.0719,0.8473,0.0,2400.0,0.0,6.5
29.0,2026-06-05T18:32:33.305909+00:00,59.8211,0.114,95.8067,-0.099,0.8473,0.0,2400.0,0.0,6.5
29.5,2026-06-05T18:32:33.805892+00:00,59.874,0.024,95.9672,0.0087,0.8473,0.0,2400.0,0.0,6.4488
30.0,2026-06-05T18:32:34.311513+00:00,59.9148,0.0184,95.9748,-0.0704,0.8473,0.0,2400.0,0.0,6.4238
30.5,2026-06-05T18:32:34.805566+00:00,59.6915,-0.1131,95.9806,-0.0541,0.8473,0.0,2400.0,0.0,6.4628
31.0,2026-06-05T18:32:35.305458+00:00,59.6472,-0.0869,96.1008,-0.003,0.8473,0.0,2400.0,0.0,6.4819
31.5,2026-06-05T18:32:35.805573+00:00,59.8677,-0.0032,96.0775,-0.0409,0.8473,0.0,2400.0,0.0,6.4911
32.0,2026-06-05T18:32:36.305483+00:00,60.0371,0.0612,96.0364,0.0766,0.8473,0.0,2400.0,0.0,6.4957
32.5,2026-06-05T18:32:36.811600+00:00,60.2947,0.3016,95.8891,-0.026,0.8473,0.0,2400.0,0.0,6.4467
33.0,2026-06-05T18:32:37.305682+00:00,60.3653,0.3591,95.9148,-0.02,0.8473,0.0,2400.0,0.0,6.474
33.5,2026-06-05T18:32:37.805487+00:00,60.6742,0.4032,95.9345,-0.0154,0.8473,0.0,2400.0,0.0,6.4361
34.0,2026-06-05T18:32:38.305482+00:00,60.7843,0.3736,95.6026,-0.1661,0.8473,0.0,2400.0,0.0,6.4176
34.5,2026-06-05T18:32:38.805503+00:00,60.8689,0.2871,95.6945,-0.1276,0.8473,0.0,2400.0,0.0,6.4086
35.0,2026-06-05T18:32:39.311007+00:00,60.9339,0.2843,95.7652,-0.0904,0.8473,0.0,2400.0,0.0,6.4554
35.5,2026-06-05T18:32:39.805598+00:00,60.9839,0.1549,95.7038,-0.0618,0.8473,0.0,2400.0,0.0,6.4782
36.0,2026-06-05T18:32:40.305557+00:00,61.0224,0.119,95.6335,-0.0938,0.8473,0.0,2400.0,0.0,6.4894
36.5,2026-06-05T18:32:40.807630+00:00,61.0519,0.0915,95.834,-0.0335,0.8473,0.0,2400.0,0.0,6.4436
37.0,2026-06-05T18:32:41.305777+00:00,61.0746,0.0703,95.7567,0.0514,0.8473,0.0,2400.0,0.0,6.4213
37.5,2026-06-05T18:32:41.811742+00:00,61.2193,0.1177,95.9287,0.0781,0.8473,0.0,2400.0,0.0,6.4104
38.0,2026-06-05T18:32:42.305477+00:00,61.3305,0.1541,95.9452,0.06,0.8473,0.0,2400.0,0.0,6.5075
38.5,2026-06-05T18:32:42.805502+00:00,61.5433,0.2457,94.5695,-0.3781,0.8473,0.0,2400.0,0.0,6.5036
39.0,2026-06-05T18:32:43.305479+00:00,61.4523,0.1888,94.9005,-0.2443,0.8473,0.0,2400.0,0.0,6.5018
39.5,2026-06-05T18:32:43.806007+00:00,61.2551,0.0179,95.1549,-0.2264,0.8473,0.0,2400.0,0.0,6.5009
40.0,2026-06-05T18:32:44.309438+00:00,61.4853,0.0774,95.2348,-0.174,0.8473,0.0,2400.0,0.0,6.5004
40.5,2026-06-05T18:32:44.805501+00:00,61.7895,0.1231,95.4119,-0.1723,0.8473,0.0,2400.0,0.0,6.5002
41.0,2026-06-05T18:32:45.305685+00:00,61.7688,0.1583,95.4323,-0.171,0.8473,0.0,2400.0,0.0,6.5001
41.5,2026-06-05T18:32:45.805500+00:00,62.0074,0.3762,95.5405,0.3237,0.8473,0.0,2400.0,0.0,6.5
42.0,2026-06-05T18:32:46.305946+00:00,61.9363,0.2255,95.5311,0.2102,0.8473,0.0,2400.0,0.0,6.5
42.5,2026-06-05T18:32:46.810484+00:00,62.0089,0.1097,95.5008,0.1153,0.8473,0.0,2400.0,0.0,6.4488
43.0,2026-06-05T18:32:47.305521+00:00,62.0647,0.1479,95.5932,0.1195,0.8473,0.0,2400.0,0.0,6.4238
43.5,2026-06-05T18:32:47.805802+00:00,62.3621,0.1773,95.6642,0.0841,0.8473,0.0,2400.0,0.0,6.4116
44.0,2026-06-05T18:32:48.305949+00:00,62.2089,0.1363,95.7187,0.0955,0.8473,0.0,2400.0,0.0,6.4057
44.5,2026-06-05T18:32:48.805473+00:00,62.3457,0.1684,95.5293,-0.0037,0.8473,0.0,2400.0,0.0,6.4028
45.0,2026-06-05T18:32:49.320595+00:00,62.5781,0.2567,95.7539,0.0743,0.8473,0.0,2400.0,0.0,6.4014
45.5,2026-06-05T18:32:49.805782+00:00,62.3749,0.0064,95.8109,0.1034,0.8473,0.0,2400.0,0.0,6.4007
46.0,2026-06-05T18:32:50.306037+00:00,62.4733,0.1322,95.9703,0.1257,0.8473,0.0,2400.0,0.0,6.4003
46.5,2026-06-05T18:32:50.805477+00:00,62.6761,0.1652,95.7458,0.0272,0.8473,0.0,2400.0,0.0,6.4514
47.0,2026-06-05T18:32:51.305466+00:00,62.5775,-0.0003,95.9203,0.0672,0.8473,0.0,2400.0,0.0,6.4763
47.5,2026-06-05T18:32:51.809888+00:00,62.7563,0.1907,95.9156,0.1288,0.8473,0.0,2400.0,0.0,6.4372
48.0,2026-06-05T18:32:52.305995+00:00,62.7664,0.1466,95.7963,0.0141,0.8473,0.0,2400.0,0.0,6.4694
48.5,2026-06-05T18:32:52.805471+00:00,62.9014,0.1127,95.6352,-0.0586,0.8473,0.0,2400.0,0.0,6.485
49.0,2026-06-05T18:32:53.305742+00:00,63.0052,0.2139,95.8353,-0.045,0.8473,0.0,2400.0,0.0,6.4927
49.5,2026-06-05T18:32:53.806136+00:00,63.085,0.1644,95.4106,-0.1117,0.8473,0.0,2400.0,0.0,6.4452
50.0,2026-06-05T18:32:54.411119+00:00,63.1463,0.19,95.5701,-0.1167,0.8473,0.0,2400.0,0.0,6.4221
50.5,2026-06-05T18:32:54.805521+00:00,63.1935,0.146,95.6696,-0.082,0.8473,0.0,2400.0,0.0,6.4108
51.0,2026-06-05T18:32:55.305668+00:00,63.2297,0.1122,95.8618,0.0218,0.8473,0.0,2400.0,0.0,6.4053
51.5,2026-06-05T18:32:55.805624+00:00,63.003,-0.041,95.8937,0.0862,0.8473,0.0,2400.0,0.0,6.4026
52.0,2026-06-05T18:32:56.305966+00:00,63.0833,-0.0315,95.9183,0.0277,0.8473,0.0,2400.0,0.0,6.4013
52.5,2026-06-05T18:32:56.812347+00:00,63.2723,0.0394,95.9372,0.1755,0.8473,0.0,2400.0,0.0,6.4006
53.0,2026-06-05T18:32:57.305749+00:00,63.4175,0.0939,96.0443,0.1581,0.8473,0.0,2400.0,0.0,6.4003
53.5,2026-06-05T18:32:57.805502+00:00,63.5292,0.2631,96.0341,0.1215,0.8473,0.0,2400.0,0.0,6.3489
54.0,2026-06-05T18:32:58.306643+00:00,63.4877,0.2022,95.9105,0.0162,0.8473,0.0,2400.0,0.0,6.3239
54.5,2026-06-05T18:32:58.805484+00:00,63.3286,0.0282,95.4684,-0.1418,0.8473,0.0,2400.0,0.0,6.3117
55.0,2026-06-05T18:32:59.310446+00:00,63.3335,-0.042,95.5683,-0.1167,0.8473,0.0,2400.0,0.0,6.3057
55.5,2026-06-05T18:32:59.806374+00:00,63.4646,-0.0323,95.6682,-0.0897,0.8473,0.0,2400.0,0.0,6.354
56.0,2026-06-05T18:33:00.305806+00:00,63.4381,-0.0248,95.7218,-0.1075,0.8473,0.0,2400.0,0.0,6.3775
56.5,2026-06-05T18:33:00.805505+00:00,63.7995,0.2355,95.5548,-0.1598,0.8473,0.0,2400.0,0.0,6.389
57.0,2026-06-05T18:33:01.305668+00:00,64.0773,0.3719,95.6578,-0.0842,0.8473,0.0,2400.0,0.0,6.3947
57.5,2026-06-05T18:33:01.811740+00:00,64.1635,0.3495,95.737,0.0895,0.8473,0.0,2400.0,0.0,6.3462
58.0,2026-06-05T18:33:02.305482+00:00,64.1026,0.3322,95.7747,0.0688,0.8473,0.0,2400.0,0.0,6.3737
58.5,2026-06-05T18:33:02.805480+00:00,64.0557,0.1281,95.5723,-0.032,0.8473,0.0,2400.0,0.0,6.3872
59.0,2026-06-05T18:33:03.305755+00:00,64.1469,0.0348,95.787,0.0217,0.8473,0.0,2400.0,0.0,6.3937
59.5,2026-06-05T18:33:03.805949+00:00,63.9625,-0.1005,95.8363,0.0938,0.8473,0.0,2400.0,0.0,6.3969
60.0,2026-06-05T18:33:04.315152+00:00,64.2026,0.05,95.8742,0.0721,0.8473,0.0,2400.0,0.0,6.3985
60.5,2026-06-05T18:33:04.805464+00:00,64.2598,0.1021,95.8107,0.0246,0.8473,0.0,2400.0,0.0,6.3993
61.0,2026-06-05T18:33:05.305542+00:00,64.5584,0.2057,95.9702,0.0652,0.8473,0.0,2400.0,0.0,6.3996
61.5,2026-06-05T18:33:05.805485+00:00,64.7878,0.4127,96.0002,0.1426,0.8473,0.0,2400.0,0.0,6.3998
62.0,2026-06-05T18:33:06.305608+00:00,65.0915,0.4444,96.0002,0.0711,0.8473,0.0,2400.0,0.0,6.3999
62.5,2026-06-05T18:33:06.811066+00:00,64.943,0.3416,96.0927,0.0855,0.8473,0.0,2400.0,0.0,6.4
63.0,2026-06-05T18:33:07.305470+00:00,64.9562,0.1989,96.187,0.1043,0.8473,0.0,2400.0,0.0,6.4
63.5,2026-06-05T18:33:07.805540+00:00,64.9664,0.0893,96.028,0.0724,0.8473,0.0,2400.0,0.0,6.4
64.0,2026-06-05T18:33:08.305495+00:00,64.8469,-0.1223,96.0215,0.0171,0.8473,0.0,2400.0,0.0,6.4512
64.5,2026-06-05T18:33:08.805485+00:00,65.0096,0.0333,95.8083,-0.064,0.8473,0.0,2400.0,0.0,6.4762
65.0,2026-06-05T18:33:09.310591+00:00,65.1346,0.0892,95.9683,-0.0106,0.8473,0.0,2400.0,0.0,6.4372
65.5,2026-06-05T18:33:09.805768+00:00,65.1035,0.0686,95.9757,-0.039,0.8473,0.0,2400.0,0.0,6.4181
66.0,2026-06-05T18:33:10.305496+00:00,64.9523,0.0527,96.1201,-0.0223,0.8473,0.0,2400.0,0.0,6.4089
66.5,2026-06-05T18:33:10.805548+00:00,65.0906,0.0405,96.208,0.06,0.8473,0.0,2400.0,0.0,6.4043
67.0,2026-06-05T18:33:11.305685+00:00,65.1969,0.0311,96.2525,0.077,0.8473,0.0,2400.0,0.0,6.4021
67.5,2026-06-05T18:33:11.812666+00:00,65.0241,-0.0397,96.194,0.1286,0.8473,0.0,2400.0,0.0,6.3498
68.0,2026-06-05T18:33:12.305494+00:00,65.273,0.1604,96.1491,0.0603,0.8473,0.0,2400.0,0.0,6.3755
68.5,2026-06-05T18:33:12.805775+00:00,65.3371,0.1233,95.9989,0.0078,0.8473,0.0,2400.0,0.0,6.3881
69.0,2026-06-05T18:33:13.305465+00:00,65.3864,0.0947,95.9992,-0.0403,0.8473,0.0,2400.0,0.0,6.3942
69.5,2026-06-05T18:33:13.805755+00:00,65.6788,0.3274,95.8605,-0.1158,0.8473,0.0,2400.0,0.0,6.3972
70.0,2026-06-05T18:33:14.309468+00:00,65.7763,0.2516,95.7771,-0.1585,0.8473,0.0,2400.0,0.0,6.3986
70.5,2026-06-05T18:33:14.805719+00:00,65.9784,0.3207,95.9444,-0.0832,0.8473,0.0,2400.0,0.0,6.3993
71.0,2026-06-05T18:33:15.305694+00:00,65.6248,0.1192,95.9573,-0.064,0.8473,0.0,2400.0,0.0,6.3997
71.5,2026-06-05T18:33:15.805525+00:00,65.7347,0.028,95.9671,-0.0106,0.8473,0.0,2400.0,0.0,6.3998
72.0,2026-06-05T18:33:16.305475+00:00,65.8193,0.0215,95.9747,-0.0081,0.8473,0.0,2400.0,0.0,6.3999
72.5,2026-06-05T18:33:16.811778+00:00,65.8842,-0.0471,95.9806,0.04,0.8473,0.0,2400.0,0.0,6.4
73.0,2026-06-05T18:33:17.305967+00:00,66.0614,0.2183,96.1008,0.1079,0.8473,0.0,2400.0,0.0,6.4
73.5,2026-06-05T18:33:17.805483+00:00,66.1976,0.2314,95.8229,-0.0405,0.8473,0.0,2400.0,0.0,6.4
74.0,2026-06-05T18:33:18.305515+00:00,66.0478,0.1143,95.9796,0.0074,0.8473,0.0,2400.0,0.0,6.4
74.5,2026-06-05T18:33:18.805722+00:00,66.1871,0.1514,96.1,0.0443,0.8473,0.0,2400.0,0.0,6.4
75.0,2026-06-05T18:33:19.314613+00:00,66.4215,0.18,96.0769,0.034,0.8473,0.0,2400.0,0.0,6.4
75.5,2026-06-05T18:33:19.805510+00:00,66.6016,0.202,96.0591,0.0262,0.8473,0.0,2400.0,0.0,6.3488
76.0,2026-06-05T18:33:20.305559+00:00,66.4856,0.2189,95.9297,-0.057,0.8473,0.0,2400.0,0.0,6.3238
76.5,2026-06-05T18:33:20.805527+00:00,66.3963,0.1046,95.946,0.041,0.8473,0.0,2400.0,0.0,6.3116
77.0,2026-06-05T18:33:21.305520+00:00,66.455,0.0168,96.0742,0.0315,0.8473,0.0,2400.0,0.0,6.3057
77.5,2026-06-05T18:33:21.809126+00:00,66.5002,-0.0507,95.9413,-0.0529,0.8473,0.0,2400.0,0.0,6.3028
78.0,2026-06-05T18:33:22.305490+00:00,66.5348,0.0246,96.0706,-0.0021,0.8473,0.0,2400.0,0.0,6.3526
78.5,2026-06-05T18:33:22.807390+00:00,66.5615,0.0826,96.0543,-0.0016,0.8473,0.0,2400.0,0.0,6.3256
79.0,2026-06-05T18:33:23.305505+00:00,66.4547,-0.0002,96.0417,0.0373,0.8473,0.0,2400.0,0.0,6.3125
79.5,2026-06-05T18:33:23.805877+00:00,66.6272,0.0635,96.0321,0.0287,0.8473,0.0,2400.0,0.0,6.3061
80.0,2026-06-05T18:33:24.309599+00:00,66.3779,-0.0785,96.0015,-0.0242,0.8473,0.0,2400.0,0.0,6.303
80.5,2026-06-05T18:33:24.808291+00:00,66.5681,0.0033,96.0011,0.0199,0.8473,0.0,2400.0,0.0,6.3015
81.0,2026-06-05T18:33:25.305772+00:00,66.8416,0.1935,95.862,-0.0695,0.8473,0.0,2400.0,0.0,6.3007
81.5,2026-06-05T18:33:25.805551+00:00,67.0518,0.2123,95.9865,-0.0226,0.8473,0.0,2400.0,0.0,6.3003
82.0,2026-06-05T18:33:26.305512+00:00,67.2134,0.4177,96.1053,0.0212,0.8473,0.0,2400.0,0.0,6.3002
82.5,2026-06-05T18:33:26.814404+00:00,67.3376,0.3847,95.8496,-0.0608,0.8473,0.0,2400.0,0.0,6.3001
83.0,2026-06-05T18:33:27.305486+00:00,67.5603,0.3593,95.653,-0.1162,0.8473,0.0,2400.0,0.0,6.3
83.5,2026-06-05T18:33:27.805478+00:00,67.3496,0.1489,95.6176,-0.1279,0.8473,0.0,2400.0,0.0,6.3
84.0,2026-06-05T18:33:28.305783+00:00,67.5695,0.1781,95.6829,-0.0597,0.8473,0.0,2400.0,0.0,6.3512
84.5,2026-06-05T18:33:28.805971+00:00,67.3568,0.0096,95.7563,-0.0767,0.8473,0.0,2400.0,0.0,6.3762
85.0,2026-06-05T18:33:29.313165+00:00,67.4478,-0.0563,95.4425,-0.221,0.8473,0.0,2400.0,0.0,6.3884
85.5,2026-06-05T18:33:29.805506+00:00,67.645,0.1477,95.5715,-0.0927,0.8473,0.0,2400.0,0.0,6.3431
86.0,2026-06-05T18:33:30.305512+00:00,67.542,-0.0138,95.6938,0.0136,0.8473,0.0,2400.0,0.0,6.321
86.5,2026-06-05T18:33:30.805510+00:00,67.5901,0.1167,95.7646,0.049,0.8473,0.0,2400.0,0.0,6.3103
87.000117,2026-06-05T18:33:31.305636+00:00,67.7544,0.1533,95.8191,0.0454,0.8473,0.0,2400.0,0.0,6.305
87.5,2026-06-05T18:33:31.810100+00:00,67.7534,0.0542,95.861,0.0349,0.8473,0.0,2400.0,0.0,6.3024
88.0,2026-06-05T18:33:32.306286+00:00,67.7526,0.1053,95.87,0.1425,0.8473,0.0,2400.0,0.0,6.3524
88.5,2026-06-05T18:33:32.805950+00:00,67.752,0.0809,95.9001,0.1095,0.8473,0.0,2400.0,0.0,6.3768
89.0,2026-06-05T18:33:33.305479+00:00,67.8788,0.0622,95.9001,0.0688,0.8473,0.0,2400.0,0.0,6.3887
89.5,2026-06-05T18:33:33.805489+00:00,67.7217,-0.0158,95.9232,0.0529,0.8473,0.0,2400.0,0.0,6.3945
90.0,2026-06-05T18:33:34.309734+00:00,67.9828,0.1151,95.8253,0.0021,0.8473,0.0,2400.0,0.0,6.3973
90.5,2026-06-05T18:33:34.805598+00:00,67.8017,0.0248,95.8426,-0.0061,0.8473,0.0,2400.0,0.0,6.3475
91.0,2026-06-05T18:33:35.305475+00:00,67.7897,-0.0445,95.6476,-0.0741,0.8473,0.0,2400.0,0.0,6.3232
91.5,2026-06-05T18:33:35.805469+00:00,67.9078,0.093,95.6134,-0.0955,0.8473,0.0,2400.0,0.0,6.3113
92.0,2026-06-05T18:33:36.305475+00:00,68.1258,0.0715,95.5872,-0.1043,0.8473,0.0,2400.0,0.0,6.3567
92.5,2026-06-05T18:33:36.811639+00:00,68.1661,0.1822,95.6596,-0.0879,0.8473,0.0,2400.0,0.0,6.3789
93.0,2026-06-05T18:33:37.305489+00:00,68.0698,0.1401,95.7383,-0.029,0.8473,0.0,2400.0,0.0,6.3897
93.5,2026-06-05T18:33:37.805464+00:00,68.1231,0.1077,95.7989,-0.0146,0.8473,0.0,2400.0,0.0,6.395
94.0,2026-06-05T18:33:38.306172+00:00,68.164,0.0191,95.7297,0.0274,0.8473,0.0,2400.0,0.0,6.3975
94.5,2026-06-05T18:33:38.806001+00:00,67.941,-0.1126,95.7923,0.0596,0.8473,0.0,2400.0,0.0,6.3988
95.0,2026-06-05T18:33:39.310221+00:00,68.1513,0.0407,95.7015,0.0381,0.8473,0.0,2400.0,0.0,6.3994
95.5,2026-06-05T18:33:39.805488+00:00,68.1857,0.0313,95.7474,0.0293,0.8473,0.0,2400.0,0.0,6.3997
96.0,2026-06-05T18:33:40.305864+00:00,68.2122,0.0241,95.7827,0.0148,0.8473,0.0,2400.0,0.0,6.3999
96.5,2026-06-05T18:33:40.805975+00:00,68.2325,0.1458,96.0644,0.0885,0.8473,0.0,2400.0,0.0,6.3999
97.0,2026-06-05T18:33:41.305470+00:00,68.3754,0.112,95.9338,0.068,0.8473,0.0,2400.0,0.0,6.4
97.5,2026-06-05T18:33:41.809542+00:00,68.1034,-0.0412,95.9491,0.0523,0.8473,0.0,2400.0,0.0,6.3488
98.0,2026-06-05T18:33:42.305733+00:00,68.4034,0.0956,96.0766,0.125,0.8473,0.0,2400.0,0.0,6.375
98.5,2026-06-05T18:33:42.805529+00:00,68.5068,0.1371,96.0357,0.0961,0.8473,0.0,2400.0,0.0,6.3878
99.0,2026-06-05T18:33:43.305474+00:00,68.5862,0.1054,96.0275,0.0816,0.8473,0.0,2400.0,0.0,6.394
99.5,2026-06-05T18:33:43.806093+00:00,68.9018,0.3992,96.1368,0.0241,0.8473,0.0,2400.0,0.0,6.3971
100.0,2026-06-05T18:33:44.310139+00:00,69.0171,0.3068,96.2209,0.0957,0.8473,0.0,2400.0,0.0,6.3986
100.5,2026-06-05T18:33:44.805510+00:00,68.8511,0.1722,96.054,0.035,0.8473,0.0,2400.0,0.0,6.3481
101.0,2026-06-05T18:33:45.305551+00:00,68.8509,0.1323,96.1572,0.0269,0.8473,0.0,2400.0,0.0,6.3235
101.5,2026-06-05T18:33:45.805683+00:00,68.9779,0.0381,96.1209,0.0284,0.8473,0.0,2400.0,0.0,6.3115
102.0,2026-06-05T18:33:46.307263+00:00,69.2029,0.0929,96.0929,0.0218,0.8473,0.0,2400.0,0.0,6.3056
102.5,2026-06-05T18:33:46.809568+00:00,69.2485,0.1987,96.0714,-0.0218,0.8473,0.0,2400.0,0.0,6.3027
103.0,2026-06-05T18:33:47.305556+00:00,69.4108,0.28,96.0549,-0.0553,0.8473,0.0,2400.0,0.0,6.3013
103.5,2026-06-05T18:33:47.805991+00:00,69.281,0.1516,96.2736,0.0732,0.8473,0.0,2400.0,0.0,6.3006
104.0,2026-06-05T18:33:48.305516+00:00,69.4358,0.1165,96.2103,0.0177,0.8473,0.0,2400.0,0.0,6.3003
104.5,2026-06-05T18:33:48.805490+00:00,69.4275,0.0895,96.0459,-0.025,0.8473,0.0,2400.0,0.0,6.3002
105.0,2026-06-05T18:33:49.309400+00:00,69.2939,-0.0585,96.0121,-0.0269,0.8473,0.0,2400.0,0.0,6.3001
105.5,2026-06-05T18:33:49.805490+00:00,69.3185,0.0187,96.125,0.0179,0.8473,0.0,2400.0,0.0,6.3
106.0,2026-06-05T18:33:50.305767+00:00,69.4646,0.0144,96.0961,0.0137,0.8473,0.0,2400.0,0.0,6.3
106.5,2026-06-05T18:33:50.805605+00:00,69.5769,0.0747,96.0739,-0.0666,0.8473,0.0,2400.0,0.0,6.3
107.0,2026-06-05T18:33:51.305520+00:00,69.536,0.121,96.0568,-0.0512,0.8473,0.0,2400.0,0.0,6.3
107.5,2026-06-05T18:33:51.810148+00:00,69.5045,0.093,96.1362,0.0301,0.8473,0.0,2400.0,0.0,6.2488
108.0,2026-06-05T18:33:52.305810+00:00,69.7349,0.1351,95.989,-0.0077,0.8473,0.0,2400.0,0.0,6.3262
108.5,2026-06-05T18:33:52.806574+00:00,69.9119,0.1675,95.9915,-0.0445,0.8473,0.0,2400.0,0.0,6.364
109.0,2026-06-05T18:33:53.305519+00:00,69.9207,0.1924,95.9704,-0.0419,0.8473,0.0,2400.0,0.0,6.3824
109.5,2026-06-05T18:33:53.805621+00:00,69.9275,0.2115,95.9772,-0.0322,0.8473,0.0,2400.0,0.0,6.3914
110.0,2026-06-05T18:33:54.309415+00:00,70.06,0.1626,95.9825,-0.0248,0.8473,0.0,2400.0,0.0,6.3958
110.5,2026-06-05T18:33:54.805486+00:00,70.1618,0.1249,95.9865,-0.0499,0.8473,0.0,2400.0,0.0,6.398
111.0,2026-06-05T18:33:55.305468+00:00,70.1128,0.096,95.9897,0.0002,0.8473,0.0,2400.0,0.0,6.399
111.5,2026-06-05T18:33:55.805882+00:00,70.0751,0.0738,95.992,0.0002,0.8473,0.0,2400.0,0.0,6.3483
112.0,2026-06-05T18:33:56.305539+00:00,69.9189,-0.0705,96.1096,0.0464,0.8473,0.0,2400.0,0.0,6.3236
112.5,2026-06-05T18:33:56.815789+00:00,70.0534,-0.0542,95.9685,-0.0029,0.8473,0.0,2400.0,0.0,6.3115
113.0,2026-06-05T18:33:57.305510+00:00,70.284,0.0856,96.0915,0.0363,0.8473,0.0,2400.0,0.0,6.3056
113.5,2026-06-05T18:33:57.805492+00:00,69.9522,-0.0615,96.0703,0.0279,0.8473,0.0,2400.0,0.0,6.3027
114.0,2026-06-05T18:33:58.305620+00:00,70.2062,0.1437,96.1698,0.06,0.8473,0.0,2400.0,0.0,6.3525
114.5,2026-06-05T18:33:58.805789+00:00,70.2742,0.1104,96.1305,0.0461,0.8473,0.0,2400.0,0.0,6.3768
115.0,2026-06-05T18:33:59.311494+00:00,70.4537,0.0849,96.1003,-0.0031,0.8473,0.0,2400.0,0.0,6.3887
115.5,2026-06-05T18:33:59.808115+00:00,70.5917,0.3198,96.0771,0.0362,0.8473,0.0,2400.0,0.0,6.3945
116.0,2026-06-05T18:34:00.305480+00:00,70.5705,0.1821,96.0592,-0.0108,0.8473,0.0,2400.0,0.0,6.3973
116.5,2026-06-05T18:34:00.805492+00:00,70.5542,0.14,96.0224,-0.016,0.8473,0.0,2400.0,0.0,6.3987
117.0,2026-06-05T18:34:01.305857+00:00,70.6689,0.1076,96.0172,-0.0508,0.8473,0.0,2400.0,0.0,6.3994
117.5,2026-06-05T18:34:01.810101+00:00,70.6298,0.0191,96.0132,-0.0391,0.8473,0.0,2400.0,0.0,6.3997
118.0,2026-06-05T18:34:02.305746+00:00,70.5998,0.0147,96.1027,0.0008,0.8473,0.0,2400.0,0.0,6.3998
118.5,2026-06-05T18:34:02.805636+00:00,70.4494,-0.0524,95.9864,-0.0302,0.8473,0.0,2400.0,0.0,6.3999
119.0,2026-06-05T18:34:03.305484+00:00,70.4611,-0.1039,95.9895,-0.0232,0.8473,0.0,2400.0,0.0,6.4
119.5,2026-06-05T18:34:03.805531+00:00,70.3428,-0.1435,95.992,-0.0101,0.8473,0.0,2400.0,0.0,6.4
120.0,2026-06-05T18:34:04.311737+00:00,70.6338,0.017,95.9938,-0.0078,0.8473,0.0,2400.0,0.0,6.4
120.5,2026-06-05T18:34:04.805958+00:00,70.7301,0.1403,95.9953,-0.006,0.8473,0.0,2400.0,0.0,6.3488
121.0,2026-06-05T18:34:05.305639+00:00,70.9314,0.2351,95.9964,-0.0355,0.8473,0.0,2400.0,0.0,6.3238
121.5,2026-06-05T18:34:05.805483+00:00,71.0861,0.3716,95.9972,0.0036,0.8473,0.0,2400.0,0.0,6.3116
122.0,2026-06-05T18:34:06.305510+00:00,71.205,0.2856,95.7664,-0.0744,0.8473,0.0,2400.0,0.0,6.3057
122.5,2026-06-05T18:34:06.811799+00:00,71.1691,0.2195,95.8205,-0.0572,0.8473,0.0,2400.0,0.0,6.3028
123.0,2026-06-05T18:34:07.305786+00:00,71.1416,0.1051,95.7463,-0.0825,0.8473,0.0,2400.0,0.0,6.3014
123.5,2026-06-05T18:34:07.806037+00:00,70.9931,-0.0465,95.805,-0.0634,0.8473,0.0,2400.0,0.0,6.3007
124.0,2026-06-05T18:34:08.305656+00:00,70.879,-0.163,95.8501,-0.0487,0.8473,0.0,2400.0,0.0,6.3003
124.5,2026-06-05T18:34:08.805756+00:00,71.1731,0.002,95.8848,-0.0375,0.8473,0.0,2400.0,0.0,6.3002
125.000209,2026-06-05T18:34:09.310313+00:00,71.2719,0.0652,95.9115,0.0483,0.8473,0.0,2400.0,0.0,6.3001
125.5,2026-06-05T18:34:09.805541+00:00,71.3478,0.1774,95.932,0.0372,0.8473,0.0,2400.0,0.0,6.3
126.0,2026-06-05T18:34:10.305485+00:00,71.1516,0.1363,96.0634,0.1057,0.8473,0.0,2400.0,0.0,6.3
126.5,2026-06-05T18:34:10.805968+00:00,71.3827,0.1048,96.0487,0.0812,0.8473,0.0,2400.0,0.0,6.3
127.0,2026-06-05T18:34:11.305648+00:00,71.4329,0.0805,96.0375,0.0624,0.8473,0.0,2400.0,0.0,6.3
127.500001,2026-06-05T18:34:11.814853+00:00,71.5989,0.1255,96.0288,0.048,0.8473,0.0,2400.0,0.0,6.3
128.0,2026-06-05T18:34:12.305511+00:00,71.4719,0.1601,96.0221,0.0369,0.8473,0.0,2400.0,0.0,6.3
128.5,2026-06-05T18:34:12.805497+00:00,71.5015,0.0594,96.017,0.0283,0.8473,0.0,2400.0,0.0,6.3
129.0,2026-06-05T18:34:13.305475+00:00,71.5243,0.0457,96.0131,-0.0168,0.8473,0.0,2400.0,0.0,6.3
129.5,2026-06-05T18:34:13.805474+00:00,71.7964,0.0987,95.8943,-0.0515,0.8473,0.0,2400.0,0.0,6.3
130.0,2026-06-05T18:34:14.309475+00:00,71.7509,0.1395,96.0345,-0.001,0.8473,0.0,2400.0,0.0,6.3
130.5,2026-06-05T18:34:14.805577+00:00,71.716,0.1072,96.0265,-0.0008,0.8473,0.0,2400.0,0.0,6.3
131.0,2026-06-05T18:34:15.305506+00:00,71.9437,0.2097,96.0204,-0.0006,0.8473,0.0,2400.0,0.0,6.3
131.5,2026-06-05T18:34:15.805504+00:00,71.9914,0.0975,96.0157,-0.0004,0.8473,0.0,2400.0,0.0,6.3
132.0,2026-06-05T18:34:16.305541+00:00,72.0281,0.1386,96.012,-0.0003,0.8473,0.0,2400.0,0.0,6.3
132.5,2026-06-05T18:34:16.809686+00:00,71.9291,0.1065,96.125,0.0769,0.8473,0.0,2400.0,0.0,6.3
133.0,2026-06-05T18:34:17.306283+00:00,72.1075,0.0819,96.096,0.0205,0.8473,0.0,2400.0,0.0,6.3
133.5,2026-06-05T18:34:17.805975+00:00,72.2446,0.1266,95.9581,-0.0228,0.8473,0.0,2400.0,0.0,6.3
134.0,2026-06-05T18:34:18.305795+00:00,72.35,0.1609,95.8521,-0.0561,0.8473,0.0,2400.0,0.0,6.3
134.5,2026-06-05T18:34:18.805570+00:00,72.431,0.2509,95.8863,-0.0431,0.8473,0.0,2400.0,0.0,6.3
135.0,2026-06-05T18:34:19.310595+00:00,72.3659,0.1292,95.7969,-0.0717,0.8473,0.0,2400.0,0.0,6.3
135.5,2026-06-05T18:34:19.805499+00:00,72.316,0.0357,95.9596,-0.0551,0.8473,0.0,2400.0,0.0,6.3
136.0,2026-06-05T18:34:20.305755+00:00,72.5321,0.0911,95.969,-0.0424,0.8473,0.0,2400.0,0.0,6.3
136.5,2026-06-05T18:34:20.805677+00:00,72.571,0.07,95.9761,0.006,0.8473,0.0,2400.0,0.0,6.3
137.0,2026-06-05T18:34:21.305591+00:00,72.7281,0.1811,95.9817,0.0432,0.8473,0.0,2400.0,0.0,6.3
137.5,2026-06-05T18:34:21.809540+00:00,72.5943,0.1392,95.9859,0.0332,0.8473,0.0,2400.0,0.0,6.3
138.0,2026-06-05T18:34:22.305657+00:00,72.4915,-0.0203,95.9892,0.0641,0.8473,0.0,2400.0,0.0,6.3512
138.5,2026-06-05T18:34:22.805478+00:00,72.5397,-0.0156,96.1074,0.0493,0.8473,0.0,2400.0,0.0,6.3762
139.0,2026-06-05T18:34:23.305530+00:00,72.8314,0.0516,96.0825,0.0379,0.8473,0.0,2400.0,0.0,6.3372
139.5,2026-06-05T18:34:23.805731+00:00,72.801,0.1033,96.0634,0.0291,0.8473,0.0,2400.0,0.0,6.3181
140.0,2026-06-05T18:34:24.311119+00:00,72.9049,0.2067,96.0488,0.0224,0.8473,0.0,2400.0,0.0,6.3089
140.5,2026-06-05T18:34:24.805501+00:00,72.8575,0.1589,96.1532,0.0558,0.8473,0.0,2400.0,0.0,6.3043
141.0,2026-06-05T18:34:25.305692+00:00,72.9483,0.0585,96.1177,0.0429,0.8473,0.0,2400.0,0.0,6.3021
141.5,2026-06-05T18:34:25.805539+00:00,72.8908,0.0449,96.0905,-0.0056,0.8473,0.0,2400.0,0.0,6.301
142.0,2026-06-05T18:34:26.306123+00:00,73.1012,0.0982,96.1852,0.0342,0.8473,0.0,2400.0,0.0,6.3005
142.5,2026-06-05T18:34:26.810393+00:00,73.2629,0.2027,96.1424,0.0263,0.8473,0.0,2400.0,0.0,6.3002
143.0,2026-06-05T18:34:27.305468+00:00,73.1327,0.0922,95.9937,-0.0183,0.8473,0.0,2400.0,0.0,6.3001
143.5,2026-06-05T18:34:27.805486+00:00,73.0325,0.0708,95.9952,-0.0527,0.8473,0.0,2400.0,0.0,6.3001
144.0,2026-06-05T18:34:28.305558+00:00,72.8283,-0.1365,95.9963,-0.0405,0.8473,0.0,2400.0,0.0,6.3
144.5,2026-06-05T18:34:28.805707+00:00,72.9259,-0.1685,96.1129,0.0075,0.8473,0.0,2400.0,0.0,6.3
145.0,2026-06-05T18:34:29.310278+00:00,73.1282,-0.0022,96.0867,-0.0328,0.8473,0.0,2400.0,0.0,6.3
145.5,2026-06-05T18:34:29.805515+00:00,73.2836,0.1255,96.1824,0.0133,0.8473,0.0,2400.0,0.0,6.3
146.0,2026-06-05T18:34:30.305505+00:00,73.5304,0.351,96.1402,0.0488,0.8473,0.0,2400.0,0.0,6.3
146.5,2026-06-05T18:34:30.805479+00:00,73.5928,0.3334,96.1077,0.0375,0.8473,0.0,2400.0,0.0,6.3
147.0,2026-06-05T18:34:31.306602+00:00,73.6407,0.2563,96.0828,0.0288,0.8473,0.0,2400.0,0.0,6.3
147.5,2026-06-05T18:34:31.809881+00:00,73.8049,0.2606,96.0636,-0.0164,0.8473,0.0,2400.0,0.0,6.3
148.0,2026-06-05T18:34:32.306047+00:00,73.6765,0.073,96.1646,0.026,0.8473,0.0,2400.0,0.0,6.3
148.5,2026-06-05T18:34:32.805509+00:00,73.5778,-0.0075,96.0108,-0.0572,0.8473,0.0,2400.0,0.0,6.3
149.0,2026-06-05T18:34:33.305479+00:00,73.7565,0.0579,96.0083,-0.0439,0.8473,0.0,2400.0,0.0,6.3
149.5,2026-06-05T18:34:33.805717+00:00,74.0211,0.1081,96.1221,0.0048,0.8473,0.0,2400.0,0.0,6.3
150.0,2026-06-05T18:34:34.311705+00:00,73.9699,0.1467,96.0938,0.0037,0.8473,0.0,2400.0,0.0,6.3
150.5,2026-06-05T18:34:34.805631+00:00,74.1851,0.3037,96.0721,0.0028,0.8473,0.0,2400.0,0.0,6.3
151.0,2026-06-05T18:34:35.306022+00:00,74.096,0.1698,96.0554,-0.0364,0.8473,0.0,2400.0,0.0,6.3
151.5,2026-06-05T18:34:35.805834+00:00,74.0275,0.0032,95.9269,-0.028,0.8473,0.0,2400.0,0.0,6.3
152.0,2026-06-05T18:34:36.305487+00:00,73.9749,0.0025,95.9438,-0.0215,0.8473,0.0,2400.0,0.0,6.3
152.5,2026-06-05T18:34:36.810528+00:00,73.9344,-0.1254,95.9568,-0.0551,0.8473,0.0,2400.0,0.0,6.3
153.0,2026-06-05T18:34:37.305545+00:00,73.9033,-0.0964,95.9668,-0.0423,0.8473,0.0,2400.0,0.0,6.3
153.5,2026-06-05T18:34:37.805598+00:00,73.7521,-0.1377,96.0902,0.006,0.8473,0.0,2400.0,0.0,6.3
154.0,2026-06-05T18:34:38.306170+00:00,73.7632,-0.1058,95.9536,-0.0339,0.8473,0.0,2400.0,0.0,6.3
154.5,2026-06-05T18:34:38.805499+00:00,73.7717,-0.0813,95.8487,-0.0261,0.8473,0.0,2400.0,0.0,6.3
155.0,2026-06-05T18:34:39.309702+00:00,73.7783,-0.0625,95.8837,-0.02,0.8473,0.0,2400.0,0.0,6.3
155.5,2026-06-05T18:34:39.805693+00:00,73.7833,0.0156,95.9106,-0.0154,0.8473,0.0,2400.0,0.0,6.3
156.0,2026-06-05T18:34:40.305608+00:00,73.7872,0.012,95.8156,-0.0504,0.8473,0.0,2400.0,0.0,6.3
156.5,2026-06-05T18:34:40.805761+00:00,73.7901,0.0092,95.8351,-0.085,0.8473,0.0,2400.0,0.0,6.3
157.0,2026-06-05T18:34:41.305765+00:00,73.9197,0.0707,95.989,0.0118,0.8473,0.0,2400.0,0.0,6.3
157.5,2026-06-05T18:34:41.810878+00:00,74.1465,0.1816,95.8758,0.0091,0.8473,0.0,2400.0,0.0,6.3
158.0,2026-06-05T18:34:42.305503+00:00,74.0663,0.1396,95.9971,0.0378,0.8473,0.0,2400.0,0.0,6.3
158.5,2026-06-05T18:34:42.805493+00:00,74.0047,0.1073,95.8821,-0.0095,0.8473,0.0,2400.0,0.0,6.3512
159.0,2026-06-05T18:34:43.305491+00:00,73.9573,0.0188,95.9094,0.0313,0.8473,0.0,2400.0,0.0,6.3762
159.5,2026-06-05T18:34:43.805653+00:00,74.0482,-0.0492,95.9303,0.0317,0.8473,0.0,2400.0,0.0,6.3884
160.0,2026-06-05T18:34:44.311340+00:00,74.3726,0.1531,96.0622,0.0244,0.8473,0.0,2400.0,0.0,6.3943
160.5,2026-06-05T18:34:44.805520+00:00,74.3674,0.1813,96.0478,0.0573,0.8473,0.0,2400.0,0.0,6.3972
161.0,2026-06-05T18:34:45.305553+00:00,74.6179,0.3303,95.921,-0.0254,0.8473,0.0,2400.0,0.0,6.3986
161.5,2026-06-05T18:34:45.805738+00:00,74.5559,0.2538,95.9393,0.0191,0.8473,0.0,2400.0,0.0,6.3993
162.0,2026-06-05T18:34:46.305493+00:00,74.5082,0.0678,96.0459,0.0455,0.8473,0.0,2400.0,0.0,6.3997
162.5,2026-06-05T18:34:46.809505+00:00,74.8534,0.243,96.0584,0.0427,0.8473,0.0,2400.0,0.0,6.3486
163.0,2026-06-05T18:34:47.305648+00:00,74.7369,0.0595,96.0449,-0.0058,0.8473,0.0,2400.0,0.0,6.3237
163.5,2026-06-05T18:34:47.805560+00:00,74.6474,0.0458,96.0345,-0.0044,0.8473,0.0,2400.0,0.0,6.3116
164.0,2026-06-05T18:34:48.305507+00:00,74.7059,0.0988,96.0265,0.0352,0.8473,0.0,2400.0,0.0,6.3057
164.5,2026-06-05T18:34:48.805790+00:00,74.7508,-0.0513,96.0204,0.027,0.8473,0.0,2400.0,0.0,6.3028
165.0,2026-06-05T18:34:49.314621+00:00,74.7853,0.0242,96.1314,0.0285,0.8473,0.0,2400.0,0.0,6.3013
165.5,2026-06-05T18:34:49.805717+00:00,74.8118,0.0822,96.101,0.0142,0.8473,0.0,2400.0,0.0,6.3007
166.0,2026-06-05T18:34:50.305674+00:00,74.9595,0.1268,96.0776,0.0109,0.8473,0.0,2400.0,0.0,6.3003
166.500157,2026-06-05T18:34:50.805682+00:00,74.9457,0.0975,96.0596,0.0084,0.8473,0.0,2400.0,0.0,6.3002
167.0,2026-06-05T18:34:51.305487+00:00,75.0624,0.1386,96.0458,0.0064,0.8473,0.0,2400.0,0.0,6.3001
167.5,2026-06-05T18:34:51.809721+00:00,75.2794,0.2338,96.0352,0.0049,0.8473,0.0,2400.0,0.0,6.3
168.0,2026-06-05T18:34:52.305515+00:00,75.3189,0.1797,96.1428,0.0038,0.8473,0.0,2400.0,0.0,6.3
168.5,2026-06-05T18:34:52.807063+00:00,74.8401,-0.0528,96.1097,0.0029,0.8473,0.0,2045.94,-354.06,6.3
169.0,2026-06-05T18:34:53.305935+00:00,74.3449,-0.3588,96.0843,0.0022,0.8473,0.0,1900.8108,-499.1892,6.3
169.5,2026-06-05T18:34:53.805579+00:00,73.9643,-0.6576,96.1805,0.0403,0.8473,0.0,1841.3223,-204.6177,6.3
170.0,2026-06-05T18:34:54.310465+00:00,73.5444,-0.8872,96.1388,0.031,0.7986,-0.0487,1816.938,-83.8728,6.3
170.5,2026-06-05T18:34:54.805596+00:00,73.4763,-0.6819,96.2223,0.0624,0.7787,-0.0686,1806.9429,-34.3795,6.2488
171.0,2026-06-05T18:34:55.305672+00:00,73.1694,-0.5877,96.2866,0.0479,0.7705,-0.0281,1802.8459,-14.0921,6.2238
171.5,2026-06-05T18:34:55.805972+00:00,72.9335,-0.5154,96.2203,0.0368,0.7671,-0.0115,1801.1665,-5.7764,6.2116
172.0,2026-06-05T18:34:56.305511+00:00,72.4977,-0.5234,96.1693,0.0283,0.7658,-0.0047,1800.4782,-2.3677,6.2569
172.5,2026-06-05T18:34:56.813973+00:00,72.5445,-0.4659,96.0144,-0.0554,0.7652,-0.0019,1800.196,-0.9705,6.279
173.0,2026-06-05T18:34:57.305585+00:00,72.3259,-0.4217,96.2425,0.0346,0.765,-0.0008,1800.0803,-0.3978,6.2897
173.5,2026-06-05T18:34:57.805574+00:00,72.2852,-0.3241,96.1864,-0.012,0.7649,-0.0003,1800.0329,-0.1631,6.295
174.0,2026-06-05T18:34:58.305544+00:00,72.2539,-0.1219,96.2589,-0.0092,0.7648,-0.0001,1800.0135,-0.0668,6.2976
174.5,2026-06-05T18:34:58.805581+00:00,72.2299,-0.1573,96.3147,0.0315,0.7648,-0.0001,1800.0055,-0.0274,6.2988
175.0,2026-06-05T18:34:59.311513+00:00,72.0841,-0.1209,96.3576,0.0628,0.7648,-0.0,1800.0023,-0.0112,6.2994
175.5,2026-06-05T18:34:59.805558+00:00,71.8448,-0.2202,96.3906,0.1254,0.7648,-0.0,1800.0009,-0.0046,6.2997
176.0,2026-06-05T18:35:00.305609+00:00,71.7882,-0.2329,96.4159,0.0578,0.7648,-0.0,1800.0004,-0.0019,6.2999
176.5,2026-06-05T18:35:00.805769+00:00,71.8719,-0.179,96.3196,0.0444,0.7648,-0.0,1800.0002,-0.0008,6.2999
177.0,2026-06-05T18:35:01.305570+00:00,71.9363,-0.0739,96.2457,-0.0044,0.7648,-0.0,1800.0001,-0.0003,6.3
177.5,2026-06-05T18:35:01.810033+00:00,71.8584,0.0068,96.1888,-0.042,0.7648,-0.0,1800.0,-0.0001,6.3
178.0,2026-06-05T18:35:02.305578+00:00,71.7986,0.0052,96.2608,-0.0323,0.7648,-0.0,1800.0,-0.0001,6.3
178.5,2026-06-05T18:35:02.805546+00:00,71.6254,-0.1232,96.3162,-0.0248,0.7648,-0.0,1800.0,-0.0,6.3
179.0,2026-06-05T18:35:03.306098+00:00,71.6195,-0.1584,96.4744,0.0195,0.7648,-0.0,1800.0,-0.0,6.3
179.5,2026-06-05T18:35:03.805811+00:00,71.8695,0.0056,96.596,0.0921,0.7648,-0.0,1800.0,-0.0,6.3
180.0,2026-06-05T18:35:04.311828+00:00,71.9344,0.0679,96.5738,0.1094,0.7648,-0.0,1800.0,-0.0,6.3
180.5,2026-06-05T18:35:04.807023+00:00,71.8571,0.1158,96.5567,0.1226,0.7648,-0.0,1800.0,-0.0,6.3
181.0,2026-06-05T18:35:05.305605+00:00,71.543,-0.0382,96.6593,0.1328,0.7648,-0.0,1800.0,-0.0,6.3
181.5,2026-06-05T18:35:05.807678+00:00,71.6835,-0.093,96.391,0.025,0.7648,-0.0,1800.0,-0.0,6.3
182.0,2026-06-05T18:35:06.305617+00:00,71.5369,-0.1988,96.3006,-0.058,0.7648,-0.0,1800.0,-0.0,6.3512
182.5,2026-06-05T18:35:06.815026+00:00,71.4242,-0.2164,96.4624,-0.0445,0.7648,-0.0,1800.0,-0.0,6.325
183.0,2026-06-05T18:35:07.305551+00:00,71.3376,-0.1027,96.4711,-0.0342,0.7648,-0.0,1800.0,-0.0,6.3122
183.5,2026-06-05T18:35:07.805584+00:00,71.2711,-0.2062,96.5935,0.0123,0.7648,-0.0,1800.0,-0.0,6.306
184.0,2026-06-05T18:35:08.305543+00:00,71.2199,-0.1585,96.6876,0.0094,0.7648,-0.0,1800.0,-0.0,6.3029
184.5,2026-06-05T18:35:08.805572+00:00,71.0533,-0.1854,96.7599,0.1229,0.7648,-0.0,1800.0,-0.0,6.3014
185.0,2026-06-05T18:35:09.311672+00:00,71.0526,-0.1425,96.6997,0.1331,0.7648,-0.0,1800.0,-0.0,6.3007
185.5,2026-06-05T18:35:09.805785+00:00,71.052,-0.1096,96.5378,0.0251,0.7648,-0.0,1800.0,-0.0,6.3003
186.0,2026-06-05T18:35:10.305747+00:00,71.1788,-0.0206,96.6448,0.0579,0.7648,-0.0,1800.0,-0.0,6.3002
186.5,2026-06-05T18:35:10.805547+00:00,71.0217,-0.0158,96.6113,0.0059,0.7648,-0.0,1800.0,-0.0,6.3001
187.0,2026-06-05T18:35:11.305556+00:00,70.901,-0.0758,96.5855,-0.034,0.7648,-0.0,1800.0,-0.0,6.3
187.5,2026-06-05T18:35:11.810370+00:00,70.9355,-0.0582,96.5657,-0.0647,0.7648,-0.0,1800.0,-0.0,6.3
188.0,2026-06-05T18:35:12.305851+00:00,71.0892,-0.0448,96.4348,-0.0883,0.7648,-0.0,1800.0,-0.0,6.3
188.5,2026-06-05T18:35:12.805588+00:00,71.2074,0.0929,96.4499,-0.0293,0.7648,-0.0,1800.0,-0.0,6.3
189.0,2026-06-05T18:35:13.305572+00:00,71.5528,0.3259,96.5772,-0.0225,0.7648,-0.0,1800.0,0.0,6.3
189.5,2026-06-05T18:35:13.806063+00:00,71.5637,0.3141,96.5593,-0.0173,0.7648,-0.0,1800.0,0.0,6.3
190.0,2026-06-05T18:35:14.311986+00:00,71.4449,0.1778,96.777,0.0638,0.7648,0.0,1800.0,0.0,6.3
190.5,2026-06-05T18:35:14.805546+00:00,71.3535,0.073,96.7129,0.0491,0.7648,0.0,1800.0,0.0,6.3
191.0,2026-06-05T18:35:15.305529+00:00,71.4105,-0.0711,96.6405,0.0686,0.7648,0.0,1800.0,0.0,6.3
191.5,2026-06-05T18:35:15.805568+00:00,71.4544,-0.0547,96.0526,-0.1324,0.7648,0.0,1800.0,0.0,6.3
192.0,2026-06-05T18:35:16.305563+00:00,71.2335,-0.1057,95.9247,-0.2175,0.7648,0.0,1800.0,0.0,6.3
192.5,2026-06-05T18:35:16.811258+00:00,71.3183,-0.0176,95.8265,-0.2443,0.7648,0.0,1800.0,0.0,6.3
193.0,2026-06-05T18:35:17.305572+00:00,71.2562,-0.0771,95.7278,-0.3497,0.7648,0.0,1800.0,0.0,6.3
193.5,2026-06-05T18:35:17.805897+00:00,71.4631,0.0043,95.9065,-0.2688,0.7648,0.0,1800.0,0.0,6.3
194.0,2026-06-05T18:35:18.305588+00:00,71.3675,0.067,95.8124,-0.276,0.7648,0.0,1800.0,0.0,6.3
194.5,2026-06-05T18:35:18.805546+00:00,71.294,-0.0122,95.9715,-0.027,0.7648,0.0,1800.0,0.0,6.3
195.0,2026-06-05T18:35:19.310534+00:00,71.3648,0.0543,95.9781,0.0178,0.7648,0.0,1800.0,0.0,6.3
195.5,2026-06-05T18:35:19.805561+00:00,71.4192,-0.0219,96.2146,0.1294,0.7648,0.0,1800.0,0.0,6.2488
196.0,2026-06-05T18:35:20.305856+00:00,71.3338,-0.0168,96.2806,0.1843,0.7648,0.0,1800.0,0.0,6.2238
196.5,2026-06-05T18:35:20.805548+00:00,71.3954,0.0507,96.2157,0.1031,0.7648,0.0,1800.0,0.0,6.2116
197.0,2026-06-05T18:35:21.305550+00:00,71.4427,0.039,96.2815,0.1564,0.7648,0.0,1800.0,0.0,6.2057
197.5,2026-06-05T18:35:21.812010+00:00,71.4791,0.0299,96.2163,0.0816,0.7648,0.0,1800.0,0.0,6.2028
198.0,2026-06-05T18:35:22.305595+00:00,71.5071,0.0867,96.3977,0.1399,0.7648,0.0,1800.0,0.0,6.2526
198.5,2026-06-05T18:35:22.805694+00:00,71.4013,0.003,96.4214,0.0689,0.7648,0.0,1800.0,0.0,6.2768
199.0,2026-06-05T18:35:23.305546+00:00,71.1928,-0.125,96.3239,0.0144,0.7648,0.0,1800.0,0.0,6.2887
199.5,2026-06-05T18:35:23.805547+00:00,71.1597,-0.1597,96.3646,0.0496,0.7648,0.0,1800.0,0.0,6.2945
200.0,2026-06-05T18:35:24.310417+00:00,71.2616,-0.1227,96.2802,-0.0004,0.7648,0.0,1800.0,0.0,6.2973
200.5,2026-06-05T18:35:24.805539+00:00,71.4672,0.0329,96.3311,0.0383,0.7648,0.0,1800.0,0.0,6.2987
201.0,2026-06-05T18:35:25.305631+00:00,71.6252,0.2162,96.3702,-0.0092,0.7648,0.0,1800.0,0.0,6.2994
201.5,2026-06-05T18:35:25.805560+00:00,71.4921,0.1662,96.5159,0.0315,0.7648,0.0,1800.0,0.0,6.2997
202.0,2026-06-05T18:35:26.305538+00:00,71.2625,0.0005,96.3965,0.0242,0.7648,0.0,1800.0,0.0,6.2998
202.5,2026-06-05T18:35:26.815036+00:00,71.2133,-0.1269,96.3048,-0.0199,0.7648,0.0,1800.0,0.0,6.2487
203.000792,2026-06-05T18:35:27.307150+00:00,71.1755,-0.2248,96.1186,-0.0539,0.7648,0.0,1800.0,0.0,6.275
203.5,2026-06-05T18:35:27.805568+00:00,71.2738,-0.1092,96.1837,-0.0491,0.7648,0.0,1800.0,0.0,6.2878
204.0,2026-06-05T18:35:28.305556+00:00,71.222,-0.0203,96.1412,-0.0763,0.7648,0.0,1800.0,0.0,6.294
204.5,2026-06-05T18:35:28.805586+00:00,71.3095,0.0481,96.1085,-0.1358,0.7648,0.0,1800.0,0.0,6.2971
205.0,2026-06-05T18:35:29.311399+00:00,71.3767,0.1006,96.176,-0.0735,0.7648,0.0,1800.0,0.0,6.2986
205.5,2026-06-05T18:35:29.805578+00:00,71.4284,0.0773,96.2509,-0.0179,0.7648,0.0,1800.0,0.0,6.2993
206.0,2026-06-05T18:35:30.305569+00:00,71.3408,0.0594,96.1697,0.0171,0.7648,0.0,1800.0,0.0,6.2997
206.5,2026-06-05T18:35:30.805561+00:00,71.5281,0.1093,96.2462,0.0208,0.7648,0.0,1800.0,0.0,6.2998
207.0,2026-06-05T18:35:31.305553+00:00,71.4174,0.0204,96.1892,0.016,0.7648,0.0,1800.0,0.0,6.2999
207.5,2026-06-05T18:35:31.812323+00:00,71.5869,0.0793,96.1223,0.0046,0.7648,0.0,1800.0,0.0,6.3
208.0,2026-06-05T18:35:32.305542+00:00,71.59,0.1246,96.094,-0.0273,0.7648,0.0,1800.0,0.0,6.3
208.5,2026-06-05T18:35:32.805622+00:00,71.5923,0.0321,96.0722,-0.0596,0.7648,0.0,1800.0,0.0,6.3
209.0,2026-06-05T18:35:33.305787+00:00,71.5941,0.0883,96.1712,0.0005,0.7648,0.0,1800.0,0.0,6.3
209.5,2026-06-05T18:35:33.807053+00:00,71.5954,0.0042,96.2473,0.0004,0.7648,0.0,1800.0,0.0,6.3
210.0,2026-06-05T18:35:34.310222+00:00,71.342,-0.124,96.1901,0.0003,0.7648,0.0,1800.0,0.0,6.4024
210.5,2026-06-05T18:35:34.805554+00:00,71.6562,0.032,96.123,0.0002,0.7648,0.0,1800.0,0.0,6.4524
211.0,2026-06-05T18:35:35.306129+00:00,71.6432,0.0246,96.2102,0.0387,0.7648,0.0,1800.0,0.0,6.4768
211.5,2026-06-05T18:35:35.805709+00:00,71.6332,0.0189,96.2541,0.0606,0.7648,0.0,1800.0,0.0,6.4887
212.0,2026-06-05T18:35:36.305639+00:00,71.6255,0.1418,96.311,0.0466,0.7648,0.0,1800.0,0.0,6.4945
212.5,2026-06-05T18:35:36.812780+00:00,71.3651,-0.1456,96.3547,0.0358,0.7648,0.0,1800.0,0.0,6.4461
213.0,2026-06-05T18:35:37.305563+00:00,71.2922,-0.1755,96.3884,0.0661,0.7648,0.0,1800.0,0.0,6.3713
213.5,2026-06-05T18:35:37.806336+00:00,71.4907,-0.0713,96.4142,0.0971,0.7648,0.0,1800.0,0.0,6.3348
214.0,2026-06-05T18:35:38.305576+00:00,71.516,-0.0548,96.434,0.0746,0.7648,0.0,1800.0,0.0,6.317
214.5,2026-06-05T18:35:38.805554+00:00,71.5354,0.0852,96.4493,0.0651,0.7648,0.0,1800.0,0.0,6.3083
215.0,2026-06-05T18:35:39.312422+00:00,71.4231,0.0655,96.461,0.05,0.7648,0.0,1800.0,0.0,6.304
215.5,2026-06-05T18:35:39.805548+00:00,71.464,-0.0133,96.4701,0.0384,0.7648,0.0,1800.0,0.0,6.302
216.0,2026-06-05T18:35:40.306041+00:00,71.4955,-0.0102,96.3613,-0.009,0.7648,0.0,1800.0,0.0,6.301
216.5,2026-06-05T18:35:40.805569+00:00,71.5197,-0.0079,96.3934,-0.0069,0.7648,0.0,1800.0,0.0,6.3005
217.0,2026-06-05T18:35:41.305546+00:00,71.5383,0.0576,96.3024,-0.0439,0.7648,0.0,1800.0,0.0,6.3002
217.5,2026-06-05T18:35:41.810998+00:00,71.4253,-0.0194,96.3481,-0.0337,0.7648,0.0,1800.0,0.0,6.3001
218.0,2026-06-05T18:35:42.305647+00:00,71.593,0.0487,96.4989,0.0126,0.7648,0.0,1800.0,0.0,6.3001
218.5,2026-06-05T18:35:42.805535+00:00,71.5946,0.0375,96.4992,0.0097,0.7648,0.0,1800.0,0.0,6.3
219.0,2026-06-05T18:35:43.305588+00:00,71.5959,0.0288,96.3837,0.0075,0.7648,0.0,1800.0,0.0,6.3
219.5,2026-06-05T18:35:43.805587+00:00,71.5968,0.0858,96.1792,-0.0714,0.7648,0.0,1800.0,0.0,6.3
220.0,2026-06-05T18:35:44.309768+00:00,71.2157,-0.1886,96.2534,-0.0163,0.7648,0.0,1800.0,0.0,6.3
220.5,2026-06-05T18:35:44.806016+00:00,71.3047,-0.145,96.4262,0.026,0.7648,0.0,1800.0,0.0,6.3
221.0,2026-06-05T18:35:45.305556+00:00,71.5003,-0.0478,96.4433,-0.0186,0.7648,0.0,1800.0,0.0,6.3
221.5,2026-06-05T18:35:45.805698+00:00,71.5233,-0.0367,96.4564,-0.0143,0.7648,0.0,1800.0,0.0,6.2488
222.0,2026-06-05T18:35:46.305620+00:00,71.6684,0.2263,96.5822,0.0662,0.7648,0.0,1800.0,0.0,6.2238
222.5,2026-06-05T18:35:46.810818+00:00,71.7798,0.2376,96.5632,0.128,0.7648,0.0,1800.0,0.0,6.2116
223.001196,2026-06-05T18:35:47.307479+00:00,71.6109,0.0553,96.4328,0.0598,0.7648,0.0,1800.0,0.0,6.2569
223.5,2026-06-05T18:35:47.805598+00:00,71.7357,0.1062,96.4252,-0.0003,0.7648,0.0,1800.0,0.0,6.2278
224.0,2026-06-05T18:35:48.305551+00:00,71.7043,0.018,96.2111,-0.0774,0.7648,0.0,1800.0,0.0,6.2135
224.5,2026-06-05T18:35:48.805579+00:00,71.6801,-0.0498,96.278,-0.0595,0.7648,0.0,1800.0,0.0,6.2066
225.0,2026-06-05T18:35:49.312172+00:00,71.5343,-0.0383,96.098,-0.1614,0.7648,0.0,1800.0,0.0,6.2032
225.5,2026-06-05T18:35:49.805587+00:00,71.6768,-0.0294,96.0753,-0.1626,0.7648,0.0,1800.0,0.0,6.2016
226.0,2026-06-05T18:35:50.305555+00:00,71.659,-0.0226,95.8033,-0.2098,0.7648,0.0,1800.0,0.0,6.2008
226.5,2026-06-05T18:35:50.805606+00:00,71.7726,0.0462,95.8488,-0.1921,0.7648,0.0,1800.0,0.0,6.2004
227.0,2026-06-05T18:35:51.305580+00:00,71.86,0.1628,95.7681,-0.1477,0.7648,0.0,1800.0,0.0,6.2514
227.5,2026-06-05T18:35:51.812009+00:00,71.6725,-0.0021,95.9375,-0.1135,0.7648,0.0,1800.0,0.0,6.2763
228.0,2026-06-05T18:35:52.305538+00:00,71.783,0.062,96.0676,-0.0101,0.7648,0.0,1800.0,0.0,6.2884
228.5,2026-06-05T18:35:52.805538+00:00,71.7407,-0.016,95.9363,-0.0463,0.7648,0.0,1800.0,0.0,6.2944
229.0,2026-06-05T18:35:53.305579+00:00,71.7081,-0.0759,96.0667,0.0878,0.7648,0.0,1800.0,0.0,6.2972
229.5,2026-06-05T18:35:53.805556+00:00,71.4286,-0.122,96.167,0.1061,0.7648,0.0,1800.0,0.0,6.2987
230.0,2026-06-05T18:35:54.312639+00:00,71.341,-0.221,96.1283,0.1201,0.7648,0.0,1800.0,0.0,6.2993
230.5,2026-06-05T18:35:54.805572+00:00,71.4009,-0.1699,96.33,0.1309,0.7648,0.0,1800.0,0.0,6.2997
231.0,2026-06-05T18:35:55.305541+00:00,71.3197,-0.1942,96.3694,0.1006,0.7648,0.0,1800.0,0.0,6.2998
231.5,2026-06-05T18:35:55.805690+00:00,71.6391,0.1053,96.5153,0.193,0.7648,0.0,1800.0,0.0,6.2487
232.0,2026-06-05T18:35:56.305552+00:00,71.7573,0.2082,96.3961,0.1098,0.7648,0.0,1800.0,0.0,6.2238
232.5,2026-06-05T18:35:56.812829+00:00,71.7209,0.16,96.5358,0.1229,0.7648,0.0,1800.0,0.0,6.2116
233.0,2026-06-05T18:35:57.305590+00:00,71.5657,0.123,96.5275,0.1331,0.7648,0.0,1800.0,0.0,6.2569
233.5,2026-06-05T18:35:57.805794+00:00,71.4463,-0.0964,96.6369,0.1023,0.7648,0.0,1800.0,0.0,6.2789
234.0,2026-06-05T18:35:58.305557+00:00,71.6092,-0.0741,96.6052,0.0786,0.7648,0.0,1800.0,0.0,6.2897
234.5,2026-06-05T18:35:58.805538+00:00,71.7343,0.0067,96.6965,0.0604,0.7648,0.0,1800.0,0.0,6.295
235.0,2026-06-05T18:35:59.315910+00:00,71.576,0.0051,96.6511,0.085,0.7648,0.0,1800.0,0.0,6.2976
235.5,2026-06-05T18:35:59.805578+00:00,71.7088,0.1312,96.6161,0.0268,0.7648,0.0,1800.0,0.0,6.2988
236.0,2026-06-05T18:36:00.305557+00:00,71.8109,0.1009,96.5892,0.0206,0.7648,0.0,1800.0,0.0,6.2994
236.5,2026-06-05T18:36:00.805563+00:00,71.8894,0.0775,96.3372,-0.0999,0.7648,0.0,1800.0,0.0,6.2997
237.0,2026-06-05T18:36:01.306765+00:00,71.8224,0.1232,96.4906,-0.0382,0.7648,0.0,1800.0,0.0,6.3511
237.5,2026-06-05T18:36:01.810590+00:00,71.6437,-0.0326,96.377,-0.1065,0.7648,0.0,1800.0,0.0,6.3761
238.0,2026-06-05T18:36:02.305560+00:00,71.7608,-0.025,96.2898,-0.1204,0.7648,0.0,1800.0,0.0,6.3883
238.5,2026-06-05T18:36:02.805553+00:00,71.8509,-0.0192,96.431,-0.0617,0.7648,0.0,1800.0,0.0,6.3943
239.0,2026-06-05T18:36:03.305542+00:00,71.7928,-0.0148,96.447,-0.0474,0.7648,0.0,1800.0,0.0,6.3972
239.5,2026-06-05T18:36:03.805781+00:00,71.8755,0.1159,96.5749,0.0792,0.7648,0.0,1800.0,0.0,6.3986
240.0,2026-06-05T18:36:04.310858+00:00,71.8117,0.0255,96.4419,-0.0162,0.7648,0.0,1800.0,0.0,6.3993
240.5,2026-06-05T18:36:04.805536+00:00,72.0173,0.0832,96.2008,-0.0587,0.7648,0.0,1800.0,0.0,6.3997
241.0,2026-06-05T18:36:05.305666+00:00,72.048,0.1276,96.3857,0.032,0.7648,0.0,1800.0,0.0,6.3998
241.5,2026-06-05T18:36:05.806959+00:00,71.9443,0.0344,96.389,-0.014,0.7648,0.0,1800.0,0.0,6.3999
242.0,2026-06-05T18:36:06.305610+00:00,71.8646,0.0265,96.4147,-0.0108,0.7648,0.0,1800.0,0.0,6.4
242.5,2026-06-05T18:36:06.810606+00:00,71.8034,-0.1069,96.5501,-0.0083,0.7648,0.0,1800.0,0.0,6.3488
243.0,2026-06-05T18:36:07.305627+00:00,71.7563,-0.1458,96.4228,-0.0064,0.7648,0.0,1800.0,0.0,6.375
243.5,2026-06-05T18:36:07.805864+00:00,71.7202,-0.1121,96.325,0.0414,0.7648,0.0,1800.0,0.0,6.3878
244.0,2026-06-05T18:36:08.306042+00:00,71.5651,-0.1498,96.2498,-0.0453,0.7648,0.0,1800.0,0.0,6.394
244.5,2026-06-05T18:36:08.806033+00:00,71.8277,0.0121,96.192,-0.0657,0.7648,0.0,1800.0,0.0,6.3459
245.0,2026-06-05T18:36:09.316229+00:00,71.9023,0.073,96.379,-0.0119,0.7648,0.0,1800.0,0.0,6.3224
245.5,2026-06-05T18:36:09.805657+00:00,71.9596,0.1197,96.407,-0.0477,0.7648,0.0,1800.0,0.0,6.3109
246.0,2026-06-05T18:36:10.305555+00:00,71.7491,0.092,96.4285,0.0019,0.7648,0.0,1800.0,0.0,6.3053
246.5,2026-06-05T18:36:10.805583+00:00,71.8419,0.0071,96.2136,-0.0371,0.7648,0.0,1800.0,0.0,6.3026
247.0,2026-06-05T18:36:11.305545+00:00,71.9132,0.0054,96.2799,0.01,0.7648,0.0,1800.0,0.0,6.3013
247.5,2026-06-05T18:36:11.812120+00:00,71.968,0.0042,96.3308,0.0463,0.7648,0.0,1800.0,0.0,6.3006
248.0,2026-06-05T18:36:12.306130+00:00,71.8828,0.0669,96.1386,-0.0801,0.7648,0.0,1800.0,0.0,6.3515
248.5,2026-06-05T18:36:12.805572+00:00,71.8174,-0.0123,96.3379,-0.023,0.7648,0.0,1800.0,0.0,6.3763
249.0,2026-06-05T18:36:13.305570+00:00,71.8944,-0.0094,96.3754,-0.0177,0.7648,0.0,1800.0,0.0,6.3885
249.5,2026-06-05T18:36:13.805756+00:00,71.8262,-0.0709,96.4042,0.0635,0.7648,0.0,1800.0,0.0,6.3944
250.0,2026-06-05T18:36:14.311554+00:00,71.9012,0.0092,96.5421,0.0874,0.7648,0.0,1800.0,0.0,6.3972
250.5,2026-06-05T18:36:14.805831+00:00,72.086,0.1343,96.6481,0.1057,0.7648,0.0,1800.0,0.0,6.3475
251.0,2026-06-05T18:36:15.305723+00:00,71.9735,0.0396,96.6138,0.1584,0.7648,0.0,1800.0,0.0,6.3232
251.5,2026-06-05T18:36:15.805564+00:00,71.7598,-0.0332,96.5875,0.0832,0.7648,0.0,1800.0,0.0,6.3113
252.0,2026-06-05T18:36:16.305596+00:00,71.7229,-0.0892,96.6829,0.1025,0.7648,0.0,1800.0,0.0,6.3055
252.5,2026-06-05T18:36:16.810829+00:00,71.8217,-0.1322,96.7563,0.1173,0.7648,0.0,1800.0,0.0,6.3027
253.0,2026-06-05T18:36:17.305769+00:00,71.8977,-0.0379,96.2342,-0.1026,0.7648,0.0,1800.0,0.0,6.3013
253.5,2026-06-05T18:36:17.805929+00:00,72.0833,0.1617,96.4114,-0.0789,0.7648,0.0,1800.0,0.0,6.3006
254.0,2026-06-05T18:36:18.306016+00:00,72.0988,0.188,96.3162,-0.0992,0.7648,0.0,1800.0,0.0,6.3003
254.502343,2026-06-05T18:36:18.808130+00:00,72.2379,0.2081,96.4744,-0.0377,0.7648,0.0,1800.0,0.0,6.3002
255.0,2026-06-05T18:36:19.310213+00:00,72.2175,0.1599,96.5729,-0.0367,0.7648,0.0,1800.0,0.0,6.3001
255.5,2026-06-05T18:36:19.805567+00:00,72.2019,0.0593,96.6717,-0.0282,0.7648,0.0,1800.0,0.0,6.3
256.0,2026-06-05T18:36:20.305561+00:00,72.1899,0.0456,96.632,0.1326,0.7648,0.0,1800.0,0.0,6.3512
256.5,2026-06-05T18:36:20.805781+00:00,72.0534,-0.0922,96.7172,0.1019,0.7648,0.0,1800.0,0.0,6.3762
257.0,2026-06-05T18:36:21.305781+00:00,72.0758,-0.0709,96.7826,0.1555,0.7648,0.0,1800.0,0.0,6.3884
257.5,2026-06-05T18:36:21.814812+00:00,72.0929,-0.0545,96.8329,0.1195,0.7648,0.0,1800.0,0.0,6.3943
258.0,2026-06-05T18:36:22.305549+00:00,71.9789,-0.1055,96.8716,0.0996,0.7648,0.0,1800.0,0.0,6.3972
258.5,2026-06-05T18:36:22.805617+00:00,71.8912,-0.0811,96.9013,0.0765,0.7648,0.0,1800.0,0.0,6.3986
259.0,2026-06-05T18:36:23.305800+00:00,71.8238,-0.126,96.8084,0.0588,0.7648,0.0,1800.0,0.0,6.3993
259.5,2026-06-05T18:36:23.805742+00:00,72.0266,-0.0332,96.8528,0.0452,0.7648,0.0,1800.0,0.0,6.3997
260.0,2026-06-05T18:36:24.311738+00:00,71.9279,-0.0255,96.7711,-0.0038,0.7648,0.0,1800.0,0.0,6.3998
260.5,2026-06-05T18:36:24.805798+00:00,71.9793,0.044,96.7084,-0.0415,0.7648,0.0,1800.0,0.0,6.3487
261.0,2026-06-05T18:36:25.306057+00:00,72.146,0.1611,96.5445,-0.109,0.7648,0.0,1800.0,0.0,6.3238
261.5,2026-06-05T18:36:25.805604+00:00,72.147,0.0602,96.5342,-0.1224,0.7648,0.0,1800.0,0.0,6.3116
262.0,2026-06-05T18:36:26.305579+00:00,72.1477,0.1099,96.5263,-0.0941,0.7648,0.0,1800.0,0.0,6.3057
262.5,2026-06-05T18:36:26.812275+00:00,72.2755,0.1481,96.5202,-0.1109,0.7648,0.0,1800.0,0.0,6.3028
263.0,2026-06-05T18:36:27.305540+00:00,72.3737,0.1138,96.3767,-0.1315,0.7648,0.0,1800.0,0.0,6.3525
263.5,2026-06-05T18:36:27.805540+00:00,72.3219,0.0875,96.2895,-0.1396,0.7648,0.0,1800.0,0.0,6.3768
264.0,2026-06-05T18:36:28.305532+00:00,72.1549,0.0036,96.2225,-0.1073,0.7648,0.0,1800.0,0.0,6.3887
264.5,2026-06-05T18:36:28.805563+00:00,72.1538,-0.0609,96.171,-0.121,0.7648,0.0,1800.0,0.0,6.3945
265.0,2026-06-05T18:36:29.312371+00:00,72.0256,-0.174,96.2472,-0.093,0.7648,0.0,1800.0,0.0,6.3973
265.5,2026-06-05T18:36:29.805548+00:00,71.9271,-0.1974,96.19,-0.1101,0.7648,0.0,1800.0,0.0,6.3475
266.0,2026-06-05T18:36:30.305542+00:00,72.106,-0.0245,96.146,-0.0769,0.7648,0.0,1800.0,0.0,6.3232
266.5,2026-06-05T18:36:30.805569+00:00,72.2434,0.0448,95.9965,-0.0977,0.7648,0.0,1800.0,0.0,6.3113
267.0,2026-06-05T18:36:31.305560+00:00,72.2218,0.0981,95.9973,-0.0751,0.7648,0.0,1800.0,0.0,6.3055
267.5,2026-06-05T18:36:31.810179+00:00,72.2052,0.139,95.8822,-0.0963,0.7648,0.0,1800.0,0.0,6.3027
268.0,2026-06-05T18:36:32.305564+00:00,72.1924,0.0432,95.9326,-0.1048,0.7648,0.0,1800.0,0.0,6.3013
268.5,2026-06-05T18:36:32.805559+00:00,72.3099,0.0332,96.1796,-0.0034,0.7648,0.0,1800.0,0.0,6.3006
269.0,2026-06-05T18:36:33.305715+00:00,72.4001,0.0892,96.1381,-0.0026,0.7648,0.0,1800.0,0.0,6.3003
269.5,2026-06-05T18:36:33.805649+00:00,72.4695,0.1322,96.1061,0.0365,0.7648,0.0,1800.0,0.0,6.3002
270.0,2026-06-05T18:36:34.311463+00:00,72.5229,0.1652,96.313,0.1052,0.7648,0.0,1800.0,0.0,6.3001
270.5,2026-06-05T18:36:34.805591+00:00,72.3093,-0.0003,96.2405,0.1194,0.7648,0.0,1800.0,0.0,6.3
271.0,2026-06-05T18:36:35.305540+00:00,72.0179,-0.1911,96.4163,0.1612,0.7648,0.0,1800.0,0.0,6.3
271.5,2026-06-05T18:36:35.805560+00:00,72.1757,-0.1469,96.5514,0.1239,0.7648,0.0,1800.0,0.0,6.3
272.0,2026-06-05T18:36:36.305842+00:00,72.2971,-0.1129,96.5395,0.1338,0.7648,0.0,1800.0,0.0,6.3
272.5,2026-06-05T18:36:36.810878+00:00,72.263,-0.0231,96.5303,0.1414,0.7648,0.0,1800.0,0.0,6.3
273.0,2026-06-05T18:36:37.306134+00:00,72.2369,0.1095,96.5233,0.0701,0.7648,0.0,1800.0,0.0,6.3
273.5,2026-06-05T18:36:37.805558+00:00,72.344,0.0841,96.4022,0.0539,0.7648,0.0,1800.0,0.0,6.3
274.0,2026-06-05T18:36:38.305942+00:00,72.1719,-0.0626,96.4248,0.0029,0.7648,0.0,1800.0,0.0,6.3
274.5,2026-06-05T18:36:38.805796+00:00,72.2941,0.0155,96.3265,-0.0749,0.7648,0.0,1800.0,0.0,6.3
275.0,2026-06-05T18:36:39.313254+00:00,72.2607,0.0119,95.8807,-0.2196,0.7648,0.0,1800.0,0.0,6.3
275.500934,2026-06-05T18:36:39.806546+00:00,72.2351,-0.0545,96.024,-0.1688,0.7648,0.0,1800.0,0.0,6.3
276.0,2026-06-05T18:36:40.305564+00:00,72.3427,0.0854,95.8796,-0.2146,0.7648,0.0,1800.0,0.0,6.3
276.5,2026-06-05T18:36:40.805660+00:00,72.4254,0.0656,95.9075,-0.1649,0.7648,0.0,1800.0,0.0,6.3
277.0,2026-06-05T18:36:41.305566+00:00,72.3616,0.0505,96.0446,-0.1268,0.7648,0.0,1800.0,0.0,6.3
277.5,2026-06-05T18:36:41.811790+00:00,72.4399,0.1024,96.1268,-0.0666,0.7648,0.0,1800.0,0.0,6.2488
278.0,2026-06-05T18:36:42.305592+00:00,72.5001,0.0787,95.9818,0.0337,0.7648,0.0,1800.0,0.0,6.275
278.5,2026-06-05T18:36:42.805562+00:00,72.4191,-0.0031,96.2174,0.0645,0.7648,0.0,1800.0,0.0,6.2878
279.0,2026-06-05T18:36:43.305587+00:00,72.3568,-0.0024,96.2828,0.1344,0.7648,0.0,1800.0,0.0,6.294
279.5,2026-06-05T18:36:43.805647+00:00,72.309,-0.0655,94.9447,-0.3209,0.7648,0.0,1800.0,0.0,6.2971
280.0,2026-06-05T18:36:44.311296+00:00,72.3995,-0.0503,95.4203,-0.2081,0.7648,0.0,1800.0,0.0,6.2986
280.5,2026-06-05T18:36:44.805607+00:00,72.2145,-0.1023,95.6701,-0.1522,0.7648,0.0,1800.0,0.0,6.2993
281.0,2026-06-05T18:36:45.305554+00:00,72.3268,-0.015,95.8621,-0.0399,0.7648,0.0,1800.0,0.0,6.2997
281.5,2026-06-05T18:36:45.805549+00:00,72.4132,0.0521,95.8709,-0.1155,0.7648,0.0,1800.0,0.0,6.2998
282.0,2026-06-05T18:36:46.305574+00:00,72.3523,-0.0236,96.0165,-0.0888,0.7648,0.0,1800.0,0.0,6.2999
282.5,2026-06-05T18:36:46.810323+00:00,72.4327,0.1091,96.1284,0.3946,0.7648,0.0,1800.0,0.0,6.3512
283.0,2026-06-05T18:36:47.305560+00:00,72.3673,0.0202,96.2144,0.2647,0.7648,0.0,1800.0,0.0,6.3762
283.5,2026-06-05T18:36:47.805646+00:00,72.4443,0.0156,96.2805,0.2034,0.7648,0.0,1800.0,0.0,6.3884
284.0,2026-06-05T18:36:48.305653+00:00,72.5035,0.0756,96.447,0.1949,0.7648,0.0,1800.0,0.0,6.3943
284.5,2026-06-05T18:36:48.805547+00:00,72.2944,-0.0692,96.5749,0.2347,0.7648,0.0,1800.0,0.0,6.3972
285.0,2026-06-05T18:36:49.314737+00:00,72.261,-0.0532,96.6733,0.2189,0.7648,0.0,1800.0,0.0,6.3986
285.5,2026-06-05T18:36:49.805767+00:00,72.4898,0.0228,96.7489,0.2068,0.7648,0.0,1800.0,0.0,6.3993
286.0,2026-06-05T18:36:50.305798+00:00,72.4112,-0.0461,96.807,0.1975,0.7648,0.0,1800.0,0.0,6.3997
286.5,2026-06-05T18:36:50.805816+00:00,72.478,0.0918,96.8517,0.1904,0.7648,0.0,1800.0,0.0,6.3486
287.0,2026-06-05T18:36:51.306680+00:00,72.2749,0.0069,96.7703,0.1078,0.7648,0.0,1800.0,0.0,6.3237
287.5,2026-06-05T18:36:51.813323+00:00,72.3732,-0.0583,96.6846,0.0366,0.7648,0.0,1800.0,0.0,6.3116
288.0,2026-06-05T18:36:52.305585+00:00,72.1943,-0.1084,96.6419,-0.0105,0.7648,0.0,1800.0,0.0,6.3569
288.5,2026-06-05T18:36:52.805926+00:00,72.0568,-0.2106,96.4934,-0.0852,0.7648,0.0,1800.0,0.0,6.3789
289.0,2026-06-05T18:36:53.305545+00:00,72.0784,-0.0983,96.3792,-0.1426,0.7648,0.0,1800.0,0.0,6.3897
289.5,2026-06-05T18:36:53.805543+00:00,72.2222,-0.0755,96.2914,-0.1867,0.7648,0.0,1800.0,0.0,6.395
290.0,2026-06-05T18:36:54.311345+00:00,72.3328,0.0692,96.224,-0.1821,0.7648,0.0,1800.0,0.0,6.3976
290.5,2026-06-05T18:36:54.805565+00:00,72.4177,0.1805,96.4036,-0.0937,0.7648,0.0,1800.0,0.0,6.3476
291.0,2026-06-05T18:36:55.305549+00:00,72.4831,0.2024,96.3102,-0.1106,0.7648,0.0,1800.0,0.0,6.3232
291.5,2026-06-05T18:36:55.805588+00:00,72.5333,0.1555,96.2384,-0.085,0.7648,0.0,1800.0,0.0,6.3113
292.0,2026-06-05T18:36:56.305618+00:00,72.6991,0.1832,96.2989,-0.0268,0.7648,0.0,1800.0,0.0,6.3567
292.5,2026-06-05T18:36:56.814059+00:00,72.6993,0.1408,96.2298,-0.0206,0.7648,0.0,1800.0,0.0,6.3277
293.0,2026-06-05T18:36:57.305748+00:00,72.5722,0.0446,96.2923,0.0228,0.7648,0.0,1800.0,0.0,6.3135
293.5,2026-06-05T18:36:57.805539+00:00,72.6018,0.0343,96.109,-0.0982,0.7648,0.0,1800.0,0.0,6.3066
294.0,2026-06-05T18:36:58.305546+00:00,72.7518,0.0263,96.3151,0.0017,0.7648,0.0,1800.0,0.0,6.3032
294.5,2026-06-05T18:36:58.806081+00:00,72.9943,0.1475,96.3579,0.0398,0.7648,0.0,1800.0,0.0,6.3016
295.0,2026-06-05T18:36:59.312090+00:00,72.799,0.1134,96.5065,0.0692,0.7648,0.0,1800.0,0.0,6.3008
295.5,2026-06-05T18:36:59.805605+00:00,72.7761,0.0871,96.505,0.0917,0.7648,0.0,1800.0,0.0,6.3004
296.0,2026-06-05T18:37:00.305564+00:00,72.7585,0.0033,96.6195,0.1091,0.7648,0.0,1800.0,0.0,6.3002
296.5,2026-06-05T18:37:00.809638+00:00,72.8722,-0.0611,96.5919,0.161,0.7648,0.0,1800.0,0.0,6.3001
297.000996,2026-06-05T18:37:01.306614+00:00,72.7051,-0.0469,96.6863,0.1237,0.7648,0.0,1800.0,0.0,6.3
297.5,2026-06-05T18:37:01.811519+00:00,72.4494,-0.1633,96.6201,0.0874,0.7648,0.0,1800.0,0.0,6.3
298.0,2026-06-05T18:37:02.305540+00:00,72.5074,-0.1255,96.708,0.0672,0.7648,0.0,1800.0,0.0,6.3
298.5,2026-06-05T18:37:02.805575+00:00,72.5519,-0.1601,96.6599,0.0516,0.7648,0.0,1800.0,0.0,6.3
299.0,2026-06-05T18:37:03.305542+00:00,72.5862,-0.0594,96.7386,0.0397,0.7648,0.0,1800.0,0.0,6.3
299.5,2026-06-05T18:37:03.805580+00:00,72.4853,0.0179,96.7991,0.0691,0.7648,0.0,1800.0,0.0,6.3
300.0,2026-06-05T18:37:04.310336+00:00,72.4077,-0.0498,96.7299,0.0145,0.7648,0.0,1800.0,0.0,6.3
300.5,2026-06-05T18:37:04.805612+00:00,72.4753,-0.0383,96.7924,0.0574,0.7648,0.0,1800.0,0.0,6.3
301.0,2026-06-05T18:37:05.306102+00:00,72.2728,-0.1567,96.7247,0.0056,0.7648,0.0,1800.0,0.0,6.3
301.5,2026-06-05T18:37:05.805549+00:00,72.6262,0.0705,96.6727,0.0043,0.7648,0.0,1800.0,0.0,6.2488
302.0,2026-06-05T18:37:06.305546+00:00,72.3887,-0.0095,96.7484,0.0033,0.7648,0.0,1800.0,0.0,6.2238
302.5,2026-06-05T18:37:06.812197+00:00,72.7153,0.12,96.8067,0.0025,0.7648,0.0,1800.0,0.0,6.2116
303.0,2026-06-05T18:37:07.305962+00:00,72.7118,0.2195,96.7357,0.0019,0.7648,0.0,1800.0,0.0,6.2569
303.5,2026-06-05T18:37:07.805611+00:00,72.8363,0.1051,96.6812,-0.0371,0.7648,0.0,1800.0,0.0,6.279
304.0,2026-06-05T18:37:08.305546+00:00,72.8048,0.208,96.8706,0.0486,0.7648,0.0,1800.0,0.0,6.2897
304.5,2026-06-05T18:37:08.805568+00:00,72.7805,0.0326,96.7849,0.0374,0.7648,0.0,1800.0,0.0,6.295
305.0,2026-06-05T18:37:09.312613+00:00,72.7619,0.0251,96.719,-0.0098,0.7648,0.0,1800.0,0.0,6.2976
305.5,2026-06-05T18:37:09.805544+00:00,72.7476,-0.0444,96.784,-0.0076,0.7648,0.0,1800.0,0.0,6.2988
306.0,2026-06-05T18:37:10.305800+00:00,72.6093,-0.0977,96.834,0.0328,0.7648,0.0,1800.0,0.0,6.2994
306.5,2026-06-05T18:37:10.805547+00:00,72.7576,-0.0115,96.8724,0.0637,0.7648,0.0,1800.0,0.0,6.2997
307.0,2026-06-05T18:37:11.305706+00:00,72.8715,0.0548,96.7862,-0.0281,0.7648,0.0,1800.0,0.0,6.2999
307.5,2026-06-05T18:37:11.810462+00:00,72.8318,0.0421,96.72,-0.0216,0.7648,0.0,1800.0,0.0,6.2999
308.0,2026-06-05T18:37:12.305639+00:00,72.8013,0.096,96.7848,0.0219,0.7648,0.0,1800.0,0.0,6.3
308.5,2026-06-05T18:37:12.805938+00:00,72.9051,0.0738,96.7189,-0.0217,0.7648,0.0,1800.0,0.0,6.3
309.0,2026-06-05T18:37:13.309136+00:00,72.9849,0.0567,96.7839,-0.0167,0.7648,0.0,1800.0,0.0,6.3
309.5,2026-06-05T18:37:13.805636+00:00,72.7917,-0.02,96.7182,-0.0514,0.7648,0.0,1800.0,0.0,6.3
310.0,2026-06-05T18:37:14.310665+00:00,72.8978,0.0482,96.6677,-0.0395,0.7648,0.0,1800.0,0.0,6.3
310.5,2026-06-05T18:37:14.805571+00:00,72.9793,0.0371,96.5132,-0.0689,0.7648,0.0,1800.0,0.0,6.3512
311.0,2026-06-05T18:37:15.305570+00:00,72.7874,-0.0988,96.2788,-0.1687,0.7648,0.0,1800.0,0.0,6.325
311.5,2026-06-05T18:37:15.805552+00:00,72.7672,-0.0123,96.33,-0.1296,0.7648,0.0,1800.0,0.0,6.3122
312.0,2026-06-05T18:37:16.305596+00:00,72.6244,-0.1367,96.485,-0.0996,0.7648,0.0,1800.0,0.0,6.306
312.5,2026-06-05T18:37:16.810985+00:00,72.7691,-0.1051,96.2571,-0.1537,0.7648,0.0,1800.0,0.0,6.3029
313.0,2026-06-05T18:37:17.305551+00:00,72.6259,-0.0808,96.429,-0.0796,0.7648,0.0,1800.0,0.0,6.3526
313.5,2026-06-05T18:37:17.805570+00:00,72.643,-0.0621,96.4454,-0.0226,0.7648,0.0,1800.0,0.0,6.3257
314.0,2026-06-05T18:37:18.305579+00:00,72.6562,0.0159,96.3423,0.0212,0.7648,0.0,1800.0,0.0,6.3125
314.5,2026-06-05T18:37:18.805669+00:00,72.7936,0.0122,96.3788,0.0163,0.7648,0.0,1800.0,0.0,6.3061
315.0,2026-06-05T18:37:19.315285+00:00,72.8992,0.1367,96.4069,-0.026,0.7648,0.0,1800.0,0.0,6.303
315.5,2026-06-05T18:37:19.805543+00:00,72.8531,0.1051,96.197,-0.02,0.7648,0.0,1800.0,0.0,6.3015
316.0,2026-06-05T18:37:20.305589+00:00,73.0722,0.208,96.244,-0.0617,0.7648,0.0,1800.0,0.0,6.3007
316.5,2026-06-05T18:37:20.805928+00:00,72.9861,0.0962,96.1875,-0.086,0.7648,0.0,1800.0,0.0,6.3515
317.0,2026-06-05T18:37:21.305549+00:00,73.0472,0.074,96.2598,-0.0275,0.7648,0.0,1800.0,0.0,6.3764
317.5,2026-06-05T18:37:21.812156+00:00,72.9668,0.0569,96.3154,-0.0211,0.7648,0.0,1800.0,0.0,6.3885
318.0,2026-06-05T18:37:22.306080+00:00,73.0324,-0.0199,96.2424,-0.0548,0.7648,0.0,1800.0,0.0,6.4456
318.5,2026-06-05T18:37:22.805625+00:00,72.9554,-0.0153,96.0706,-0.0421,0.7648,0.0,1800.0,0.0,6.4222
319.0,2026-06-05T18:37:23.305680+00:00,73.0236,-0.0118,96.0543,-0.0632,0.7648,0.0,1800.0,0.0,6.4109
319.5,2026-06-05T18:37:23.805530+00:00,72.8215,-0.0727,96.1574,-0.01,0.7648,0.0,1800.0,0.0,6.4053
320.0,2026-06-05T18:37:24.312988+00:00,72.7933,-0.1195,96.0979,-0.054,0.7648,0.0,1800.0,0.0,6.4026
320.5,2026-06-05T18:37:24.805642+00:00,72.7717,-0.0918,96.1909,-0.0415,0.7648,0.0,1800.0,0.0,6.4013
321.0,2026-06-05T18:37:25.305559+00:00,73.0097,-0.007,96.3781,0.0452,0.7648,0.0,1800.0,0.0,6.4006
321.5,2026-06-05T18:37:25.805531+00:00,73.1926,0.1856,96.4063,0.1119,0.7648,0.0,1800.0,0.0,6.3491
322.0,2026-06-05T18:37:26.308716+00:00,73.0786,0.1426,96.3123,0.086,0.7648,0.0,1800.0,0.0,6.324
322.5,2026-06-05T18:37:26.813204+00:00,72.8637,0.046,96.24,0.0275,0.7648,0.0,1800.0,0.0,6.3117
323.0,2026-06-05T18:37:27.305562+00:00,72.8258,-0.0919,96.3002,0.0674,0.7648,0.0,1800.0,0.0,6.3569
323.5,2026-06-05T18:37:27.805526+00:00,72.924,-0.1343,96.4621,0.0904,0.7648,0.0,1800.0,0.0,6.3278
324.0,2026-06-05T18:37:28.305570+00:00,72.8722,-0.1032,96.4709,0.0309,0.7648,0.0,1800.0,0.0,6.3136
324.5,2026-06-05T18:37:28.805549+00:00,72.8323,-0.0157,96.4776,0.0238,0.7648,0.0,1800.0,0.0,6.3066
325.0,2026-06-05T18:37:29.310596+00:00,72.8017,-0.0121,96.5985,0.0954,0.7648,0.0,1800.0,0.0,6.3032
325.5,2026-06-05T18:37:29.805603+00:00,72.6509,-0.1365,96.3443,0.0348,0.7648,0.0,1800.0,0.0,6.3016
326.0,2026-06-05T18:37:30.305646+00:00,72.7895,-0.0413,96.3803,0.0267,0.7648,0.0,1800.0,0.0,6.3008
326.5,2026-06-05T18:37:30.805591+00:00,72.7688,-0.0318,96.408,-0.018,0.7648,0.0,1800.0,0.0,6.3004
327.0,2026-06-05T18:37:31.305548+00:00,72.8802,0.0392,96.545,0.0247,0.7648,0.0,1800.0,0.0,6.3002
327.5,2026-06-05T18:37:31.812127+00:00,72.9657,0.1574,96.6503,0.0576,0.7648,0.0,1800.0,0.0,6.3001
328.0,2026-06-05T18:37:32.305792+00:00,72.9042,0.0574,96.6155,0.0057,0.7648,0.0,1800.0,0.0,6.3512
328.5,2026-06-05T18:37:32.805651+00:00,72.857,0.0441,96.5888,0.0815,0.7648,0.0,1800.0,0.0,6.325
329.0,2026-06-05T18:37:33.305657+00:00,73.0752,0.0975,96.5682,0.0626,0.7648,0.0,1800.0,0.0,6.3122
329.5,2026-06-05T18:37:33.805555+00:00,72.9884,0.0113,96.5524,0.0481,0.7648,0.0,1800.0,0.0,6.306
330.0,2026-06-05T18:37:34.311313+00:00,73.0489,0.0723,96.5403,-0.0016,0.7648,0.0,1800.0,0.0,6.3029
330.500241,2026-06-05T18:37:34.805821+00:00,72.9682,0.0556,96.531,-0.0398,0.7648,0.0,1800.0,0.0,6.3014
331.0,2026-06-05T18:37:35.305557+00:00,72.9061,-0.0845,96.5238,-0.0306,0.7648,0.0,1800.0,0.0,6.3007
331.5,2026-06-05T18:37:35.805563+00:00,72.8584,-0.065,96.4026,-0.0621,0.7648,0.0,1800.0,0.0,6.2491
332.0,2026-06-05T18:37:36.305894+00:00,72.6945,-0.1772,96.3094,-0.0863,0.7648,0.0,1800.0,0.0,6.224
332.5,2026-06-05T18:37:36.812999+00:00,72.9503,-0.0089,96.3535,-0.0663,0.7648,0.0,1800.0,0.0,6.2117
333.0,2026-06-05T18:37:37.305541+00:00,72.7651,-0.0705,96.3874,-0.051,0.7648,0.0,1800.0,0.0,6.2569
333.5,2026-06-05T18:37:37.805578+00:00,72.8773,0.0094,96.2978,-0.0777,0.7648,0.0,1800.0,0.0,6.2278
334.0,2026-06-05T18:37:38.305558+00:00,73.0908,0.1982,96.2289,-0.0983,0.7648,0.0,1800.0,0.0,6.2136
334.5,2026-06-05T18:37:38.805564+00:00,73.0004,0.025,96.4073,0.0016,0.7648,0.0,1800.0,0.0,6.2066
335.0,2026-06-05T18:37:39.310687+00:00,72.9309,0.0829,96.4288,0.0398,0.7648,0.0,1800.0,0.0,6.2032
335.5,2026-06-05T18:37:39.805574+00:00,73.0047,0.0637,96.3295,-0.008,0.7648,0.0,1800.0,0.0,6.2528
336.0,2026-06-05T18:37:40.305748+00:00,72.8069,-0.1419,96.2533,-0.0447,0.7648,0.0,1800.0,0.0,6.277
336.5,2026-06-05T18:37:40.805533+00:00,72.7822,-0.1091,96.1947,-0.0344,0.7648,0.0,1800.0,0.0,6.2888
337.0,2026-06-05T18:37:41.305553+00:00,72.7632,-0.0839,96.381,0.0507,0.7648,0.0,1800.0,0.0,6.2945
337.5,2026-06-05T18:37:41.810606+00:00,72.7486,-0.1281,96.4086,0.0004,0.7648,0.0,1800.0,0.0,6.2973
338.0,2026-06-05T18:37:42.306076+00:00,72.9919,0.0925,96.5454,0.0389,0.7648,0.0,1800.0,0.0,6.4011
338.5,2026-06-05T18:37:42.805781+00:00,72.9243,0.0711,96.5349,0.0685,0.7648,0.0,1800.0,0.0,6.4005
339.0,2026-06-05T18:37:43.305635+00:00,72.9997,0.1183,96.5268,0.0912,0.7648,0.0,1800.0,0.0,6.4003
339.5,2026-06-05T18:37:43.805586+00:00,73.0576,0.1545,96.4049,0.0701,0.7648,0.0,1800.0,0.0,6.4001
340.0,2026-06-05T18:37:44.310413+00:00,72.9749,-0.0085,96.5426,0.0539,0.7648,0.0,1800.0,0.0,6.4001
340.5,2026-06-05T18:37:44.805720+00:00,73.0385,0.0571,96.5328,0.0414,0.7648,0.0,1800.0,0.0,6.4
341.0,2026-06-05T18:37:45.305965+00:00,73.0875,0.0439,96.2938,-0.0839,0.7648,0.0,1800.0,0.0,6.4
341.5,2026-06-05T18:37:45.805722+00:00,73.1251,0.0337,96.4572,-0.0259,0.7648,0.0,1800.0,0.0,6.4
342.0,2026-06-05T18:37:46.305547+00:00,73.154,0.0896,96.4671,-0.0199,0.7648,0.0,1800.0,0.0,6.4
342.5,2026-06-05T18:37:46.814562+00:00,73.3035,0.1325,96.359,-0.0153,0.7648,0.0,1800.0,0.0,6.3488
343.0,2026-06-05T18:37:47.305533+00:00,73.2911,0.1018,96.3916,-0.0503,0.7648,0.0,1800.0,0.0,6.375
343.5,2026-06-05T18:37:47.805576+00:00,73.027,-0.049,96.4167,-0.0387,0.7648,0.0,1800.0,0.0,6.3878
344.0,2026-06-05T18:37:48.305562+00:00,73.2059,0.026,96.436,0.0474,0.7648,0.0,1800.0,0.0,6.3941
344.5,2026-06-05T18:37:48.805543+00:00,73.2161,-0.0437,96.4508,-0.0021,0.7648,0.0,1800.0,0.0,6.3971
345.0,2026-06-05T18:37:49.310535+00:00,73.224,-0.0336,96.2308,-0.0788,0.7648,0.0,1800.0,0.0,6.3986
345.5,2026-06-05T18:37:49.805565+00:00,73.1027,0.0378,96.2931,-0.022,0.7648,0.0,1800.0,0.0,6.3481
346.0,2026-06-05T18:37:50.305769+00:00,73.1368,-0.0346,96.341,-0.0169,0.7648,0.0,1800.0,0.0,6.3235
346.5,2026-06-05T18:37:50.805582+00:00,73.163,-0.0266,96.4935,0.0256,0.7648,0.0,1800.0,0.0,6.3115
347.0,2026-06-05T18:37:51.305562+00:00,73.3104,0.0432,96.495,0.0197,0.7648,0.0,1800.0,0.0,6.3056
347.5,2026-06-05T18:37:51.812514+00:00,73.2964,0.0969,96.4961,0.0151,0.7648,0.0,1800.0,0.0,6.3027
348.0,2026-06-05T18:37:52.305670+00:00,73.4129,0.1381,96.497,0.0887,0.7648,0.0,1800.0,0.0,6.3013
348.5,2026-06-05T18:37:52.805572+00:00,73.3752,0.1061,96.6134,0.1068,0.7648,0.0,1800.0,0.0,6.3006
349.0,2026-06-05T18:37:53.305930+00:00,73.3463,0.0179,96.7029,0.1206,0.7648,0.0,1800.0,0.0,6.3003
349.5,2026-06-05T18:37:53.806593+00:00,73.324,0.0138,96.6559,0.0542,0.7648,0.0,1800.0,0.0,6.3002
350.0,2026-06-05T18:37:54.313048+00:00,73.0523,-0.1803,96.6198,0.0416,0.7648,0.0,1800.0,0.0,6.3001
350.5,2026-06-05T18:37:54.805566+00:00,72.9708,-0.2022,96.5921,0.032,0.7648,0.0,1800.0,0.0,6.2488
351.0,2026-06-05T18:37:55.305565+00:00,73.0354,-0.1554,96.2006,-0.0988,0.7648,0.0,1800.0,0.0,6.2238
351.5,2026-06-05T18:37:55.805554+00:00,73.0851,-0.1195,96.1541,-0.1531,0.7648,0.0,1800.0,0.0,6.2116
352.0,2026-06-05T18:37:56.305569+00:00,73.2505,0.0991,96.1185,-0.1948,0.7648,0.0,1800.0,0.0,6.2057
352.5,2026-06-05T18:37:56.812315+00:00,73.2504,0.1398,96.0679,-0.196,0.7648,0.0,1800.0,0.0,6.2028
353.0,2026-06-05T18:37:57.305711+00:00,73.2503,0.1074,96.1679,-0.1506,0.7648,0.0,1800.0,0.0,6.2526
353.5,2026-06-05T18:37:57.805577+00:00,73.123,0.0189,96.2448,-0.1158,0.7648,0.0,1800.0,0.0,6.2768
354.0,2026-06-05T18:37:58.305545+00:00,73.1524,-0.0491,96.3038,0.0344,0.7648,0.0,1800.0,0.0,6.2887
354.5,2026-06-05T18:37:58.805672+00:00,73.1749,-0.0377,96.4649,0.1036,0.7648,0.0,1800.0,0.0,6.2945
355.0,2026-06-05T18:37:59.310405+00:00,73.1923,-0.029,96.473,0.1182,0.7648,0.0,1800.0,0.0,6.2973
355.5,2026-06-05T18:37:59.805600+00:00,73.2057,0.0414,96.4793,0.1371,0.7648,0.0,1800.0,0.0,6.2987
356.0,2026-06-05T18:38:00.305657+00:00,73.2159,0.0318,96.3684,0.0668,0.7648,0.0,1800.0,0.0,6.2994
356.5,2026-06-05T18:38:00.805559+00:00,73.2238,0.0244,96.2831,0.0128,0.7648,0.0,1800.0,0.0,6.2997
357.0,2026-06-05T18:38:01.305643+00:00,73.2299,0.0188,96.449,0.0484,0.7648,0.0,1800.0,0.0,6.2998
357.5,2026-06-05T18:38:01.809945+00:00,73.2345,0.0144,96.5765,0.0372,0.7648,0.0,1800.0,0.0,6.2487
358.0,2026-06-05T18:38:02.305808+00:00,73.2381,0.0111,96.4431,-0.01,0.7648,0.0,1800.0,0.0,6.275
358.5,2026-06-05T18:38:02.805565+00:00,73.1136,-0.0551,96.4563,-0.0077,0.7648,0.0,1800.0,0.0,6.2878
359.0,2026-06-05T18:38:03.306137+00:00,73.0179,-0.106,96.235,-0.0445,0.7648,0.0,1800.0,0.0,6.294
359.5,2026-06-05T18:38:03.805564+00:00,72.9443,-0.1451,96.2963,0.0044,0.7648,0.0,1800.0,0.0,6.2971
360.0,2026-06-05T18:38:04.317470+00:00,73.0151,-0.1115,96.2277,-0.0738,0.7648,0.0,1800.0,0.0,6.2986
360.5,2026-06-05T18:38:04.805823+00:00,73.0694,-0.0221,96.175,-0.1338,0.7648,0.0,1800.0,0.0,6.2993
361.0,2026-06-05T18:38:05.305576+00:00,73.2385,0.1103,96.2502,-0.0643,0.7648,0.0,1800.0,0.0,6.2997
361.501193,2026-06-05T18:38:05.806826+00:00,73.2411,0.1484,96.0766,-0.1265,0.7648,0.0,1800.0,0.0,6.2998
362.0,2026-06-05T18:38:06.305575+00:00,73.2432,0.1141,96.1746,-0.0201,0.7648,0.0,1800.0,0.0,6.2999
362.5,2026-06-05T18:38:06.810825+00:00,73.372,0.1513,96.1342,-0.054,0.7648,0.0,1800.0,0.0,6.3
363.0,2026-06-05T18:38:07.305790+00:00,73.3438,0.0527,96.2188,-0.003,0.7648,0.0,1800.0,0.0,6.3
363.5,2026-06-05T18:38:07.805579+00:00,73.1948,-0.0232,96.3996,0.0749,0.7648,0.0,1800.0,0.0,6.3
364.0,2026-06-05T18:38:08.305577+00:00,73.2076,-0.0178,96.4228,0.0575,0.7648,0.0,1800.0,0.0,6.3
364.5,2026-06-05T18:38:08.805808+00:00,73.2174,-0.0773,96.325,0.0828,0.7648,0.0,1800.0,0.0,6.3
365.0,2026-06-05T18:38:09.311166+00:00,73.3522,0.0042,96.4812,0.1022,0.7648,0.0,1800.0,0.0,6.3
365.5,2026-06-05T18:38:09.805780+00:00,73.3286,0.0669,96.4855,0.1171,0.7648,0.0,1800.0,0.0,6.3
366.0,2026-06-05T18:38:10.305556+00:00,73.3104,0.0514,96.4889,0.09,0.7648,0.0,1800.0,0.0,6.3
366.5,2026-06-05T18:38:10.806505+00:00,73.2964,0.0395,96.4915,0.0306,0.7648,0.0,1800.0,0.0,6.3
367.0,2026-06-05T18:38:11.305895+00:00,73.2857,-0.0333,96.3777,-0.015,0.7648,0.0,1800.0,0.0,6.3
367.5,2026-06-05T18:38:11.811715+00:00,73.2774,-0.0256,96.406,0.027,0.7648,0.0,1800.0,0.0,6.3
368.0,2026-06-05T18:38:12.305767+00:00,73.2711,-0.0197,96.4046,-0.0255,0.7648,0.0,1800.0,0.0,6.3
368.5,2026-06-05T18:38:12.805611+00:00,73.1389,-0.0787,96.311,-0.0582,0.7648,0.0,1800.0,0.0,6.3
369.0,2026-06-05T18:38:13.305694+00:00,73.2919,0.0031,96.1233,-0.1219,0.7648,0.0,1800.0,0.0,6.3
369.5,2026-06-05T18:38:13.805620+00:00,73.2822,0.0024,96.0948,-0.1322,0.7648,0.0,1800.0,0.0,6.3
370.0,2026-06-05T18:38:14.312092+00:00,73.2748,0.0018,96.0729,-0.1016,0.7648,0.0,1800.0,0.0,6.3
370.5,2026-06-05T18:38:14.805788+00:00,73.269,0.065,96.1717,-0.0781,0.7648,0.0,1800.0,0.0,6.3
371.000001,2026-06-05T18:38:15.306554+00:00,73.1374,-0.0773,96.2477,-0.0523,0.7648,0.0,1800.0,0.0,6.3
371.5,2026-06-05T18:38:15.805553+00:00,73.418,0.0679,96.1904,-0.0402,0.7648,0.0,1800.0,0.0,6.3
372.0,2026-06-05T18:38:16.305574+00:00,73.3791,0.0522,96.1463,0.0077,0.7648,0.0,1800.0,0.0,6.3
372.5,2026-06-05T18:38:16.809950+00:00,73.222,-0.0235,96.2282,0.0445,0.7648,0.0,1800.0,0.0,6.3
373.0,2026-06-05T18:38:17.305540+00:00,72.9739,-0.0817,96.2911,0.0727,0.7648,0.0,1800.0,0.0,6.3
373.5,2026-06-05T18:38:17.805570+00:00,73.1651,-0.1264,96.432,0.0868,0.7648,0.0,1800.0,0.0,6.3
374.0,2026-06-05T18:38:18.305554+00:00,73.1847,-0.0972,96.332,0.0281,0.7648,0.0,1800.0,0.0,6.3
374.5,2026-06-05T18:38:18.805823+00:00,73.3271,0.0526,96.4866,0.0987,0.7648,0.0,1800.0,0.0,6.3
375.0,2026-06-05T18:38:19.310394+00:00,73.4365,0.2313,96.374,0.0759,0.7648,0.0,1800.0,0.0,6.3
375.5,2026-06-05T18:38:19.805590+00:00,73.5206,0.1778,96.2874,0.0198,0.7648,0.0,1800.0,0.0,6.3
376.0,2026-06-05T18:38:20.305571+00:00,73.2035,0.0094,96.3366,0.0152,0.7648,0.0,1800.0,0.0,6.3
376.5,2026-06-05T18:38:20.805656+00:00,73.3415,0.0072,96.6058,0.058,0.7648,0.0,1800.0,0.0,6.3
377.0,2026-06-05T18:38:21.305557+00:00,73.3203,-0.0581,96.5813,0.0831,0.7648,0.0,1800.0,0.0,6.3
377.5,2026-06-05T18:38:21.818691+00:00,73.1768,-0.1719,96.5625,0.0253,0.7648,0.0,1800.0,0.0,6.3
378.0,2026-06-05T18:38:22.305694+00:00,73.4483,0.1224,96.5481,0.058,0.7648,0.0,1800.0,0.0,6.3
378.5,2026-06-05T18:38:22.805703+00:00,73.2751,-0.0332,96.5369,0.0832,0.7648,0.0,1800.0,0.0,6.3
379.0,2026-06-05T18:38:23.305669+00:00,73.2693,-0.0255,96.1581,-0.0595,0.7648,0.0,1800.0,0.0,6.3
379.5,2026-06-05T18:38:23.805740+00:00,73.1376,-0.0196,96.0059,-0.2,0.7648,0.0,1800.0,0.0,6.3
380.0,2026-06-05T18:38:24.310580+00:00,73.2909,-0.0787,96.1202,-0.1537,0.7648,0.0,1800.0,0.0,6.3
380.5,2026-06-05T18:38:24.805588+00:00,73.5359,0.1304,96.3238,-0.0796,0.7648,0.0,1800.0,0.0,6.3
381.0,2026-06-05T18:38:25.305714+00:00,73.3425,0.0366,96.3646,-0.0612,0.7648,0.0,1800.0,0.0,6.3
381.5,2026-06-05T18:38:25.805688+00:00,73.3211,0.0918,96.3959,-0.047,0.7648,0.0,1800.0,0.0,6.3
382.0,2026-06-05T18:38:26.305562+00:00,73.4319,0.0705,96.42,0.0873,0.7648,0.0,1800.0,0.0,6.3
382.5,2026-06-05T18:38:26.810355+00:00,73.1353,-0.2003,96.4385,0.1442,0.7648,0.0,1800.0,0.0,6.3
383.0,2026-06-05T18:38:27.305925+00:00,73.2891,-0.0267,96.5684,0.1494,0.7648,0.0,1800.0,0.0,6.3
383.5,2026-06-05T18:38:27.805565+00:00,73.2801,-0.0205,96.5295,0.0686,0.7648,0.0,1800.0,0.0,6.3
384.0,2026-06-05T18:38:28.305562+00:00,73.4004,-0.0158,96.5226,0.0527,0.7648,0.0,1800.0,0.0,6.3
384.5,2026-06-05T18:38:28.805536+00:00,73.3656,0.1151,96.5174,0.0405,0.7648,0.0,1800.0,0.0,6.3
385.0,2026-06-05T18:38:29.310744+00:00,73.2116,-0.0388,96.5134,0.0311,0.7648,0.0,1800.0,0.0,6.3
385.5,2026-06-05T18:38:29.805732+00:00,73.3477,0.0338,96.626,0.0625,0.7648,0.0,1800.0,0.0,6.3
386.0,2026-06-05T18:38:30.305760+00:00,73.4524,0.026,96.5968,0.0095,0.7648,0.0,1800.0,0.0,6.3
386.5,2026-06-05T18:38:30.805679+00:00,73.4055,0.02,96.6901,0.0536,0.7648,0.0,1800.0,0.0,6.3
387.0,2026-06-05T18:38:31.305732+00:00,73.3696,0.079,96.7618,0.0797,0.7648,0.0,1800.0,0.0,6.3
387.5,2026-06-05T18:38:31.812686+00:00,73.3419,-0.0029,96.7012,0.0613,0.7648,0.0,1800.0,0.0,6.3
388.0,2026-06-05T18:38:32.305721+00:00,73.3206,-0.0659,96.7704,0.0857,0.7648,0.0,1800.0,0.0,6.3
388.5,2026-06-05T18:38:32.806379+00:00,73.4316,0.013,96.7078,0.0273,0.7648,0.0,1800.0,0.0,6.3
389.0,2026-06-05T18:38:33.305631+00:00,73.5168,0.0736,96.6597,0.021,0.7648,0.0,1800.0,0.0,6.3
389.500631,2026-06-05T18:38:33.806278+00:00,73.5823,0.1202,96.6228,-0.0225,0.7648,0.0,1800.0,0.0,6.3
390.0,2026-06-05T18:38:34.409998+00:00,73.5054,0.0924,96.7101,-0.0173,0.7648,0.0,1800.0,0.0,6.3
390.5,2026-06-05T18:38:34.805912+00:00,73.4463,0.0074,96.6614,-0.0133,0.7648,0.0,1800.0,0.0,6.3
391.0,2026-06-05T18:38:35.305536+00:00,73.5282,0.0057,96.7398,-0.0102,0.7648,0.0,1800.0,0.0,6.3
391.5,2026-06-05T18:38:35.805534+00:00,73.4638,-0.0593,96.8,0.0307,0.7648,0.0,1800.0,0.0,6.3
392.0,2026-06-05T18:38:36.305765+00:00,73.5416,0.0181,96.8463,0.0622,0.7648,0.0,1800.0,0.0,6.3
392.5,2026-06-05T18:38:36.810666+00:00,73.4741,0.0139,96.8819,0.0864,0.7648,0.0,1800.0,0.0,6.3
393.0,2026-06-05T18:38:37.305712+00:00,73.4223,-0.053,96.7935,0.0278,0.7648,0.0,1800.0,0.0,6.3
393.5,2026-06-05T18:38:37.805611+00:00,73.6369,0.0866,96.7256,0.0214,0.7648,0.0,1800.0,0.0,6.3
394.0,2026-06-05T18:38:38.305545+00:00,73.6747,0.0665,96.7891,0.0164,0.7648,0.0,1800.0,0.0,6.3
394.5,2026-06-05T18:38:38.806979+00:00,73.7037,0.1148,96.8379,0.0126,0.7648,0.0,1800.0,0.0,6.3
395.0,2026-06-05T18:38:39.314609+00:00,73.8532,0.2155,96.8754,0.0097,0.7648,0.0,1800.0,0.0,6.3
395.5,2026-06-05T18:38:39.806014+00:00,73.8409,0.102,96.6728,-0.0697,0.7648,0.0,1800.0,0.0,6.3
396.000017,2026-06-05T18:38:40.305580+00:00,73.5769,-0.0489,96.7485,-0.015,0.7648,0.0,1800.0,0.0,6.3
396.5,2026-06-05T18:38:40.805555+00:00,73.6285,-0.0376,96.5753,-0.0501,0.7648,0.0,1800.0,0.0,6.3
397.0,2026-06-05T18:38:41.305530+00:00,73.5409,-0.1561,96.6736,-0.0385,0.7648,0.0,1800.0,0.0,6.3
397.5,2026-06-05T18:38:41.810527+00:00,73.4736,-0.1836,96.5177,-0.1067,0.7648,0.0,1800.0,0.0,6.3
398.0,2026-06-05T18:38:42.305580+00:00,73.4219,-0.0775,96.5136,-0.1206,0.7648,0.0,1800.0,0.0,6.3512
398.5,2026-06-05T18:38:42.805603+00:00,73.6366,0.0041,96.2791,-0.1313,0.7648,0.0,1800.0,0.0,6.325
399.0,2026-06-05T18:38:43.305569+00:00,73.6744,0.0668,96.3302,-0.1394,0.7648,0.0,1800.0,0.0,6.3122
399.5,2026-06-05T18:38:43.805561+00:00,73.7035,0.1149,96.1149,-0.1535,0.7648,0.0,1800.0,0.0,6.306
400.0,2026-06-05T18:38:44.312401+00:00,73.5986,0.0883,96.204,-0.1565,0.7648,0.0,1800.0,0.0,6.3029
400.5,2026-06-05T18:38:44.805693+00:00,73.5179,-0.0594,96.2725,-0.0817,0.7648,0.0,1800.0,0.0,6.3014
401.0,2026-06-05T18:38:45.305802+00:00,73.5832,-0.0456,96.3252,-0.0628,0.7648,0.0,1800.0,0.0,6.3007
401.5,2026-06-05T18:38:45.805755+00:00,73.6334,-0.0351,96.3656,0.0289,0.7648,0.0,1800.0,0.0,6.3003
402.0,2026-06-05T18:38:46.305546+00:00,73.6719,0.0367,96.3967,0.0222,0.7648,0.0,1800.0,0.0,6.3002
402.5,2026-06-05T18:38:46.811883+00:00,73.7016,0.0918,96.5363,0.1405,0.7648,0.0,1800.0,0.0,6.3001
403.0,2026-06-05T18:38:47.305703+00:00,73.4698,-0.0567,96.4122,0.0694,0.7648,0.0,1800.0,0.0,6.3
403.5,2026-06-05T18:38:47.805771+00:00,73.2917,-0.1708,96.4325,0.0533,0.7648,0.0,1800.0,0.0,6.3
404.0,2026-06-05T18:38:48.305796+00:00,73.4093,-0.1313,96.3324,0.0024,0.7648,0.0,1800.0,0.0,6.3
404.5,2026-06-05T18:38:48.806984+00:00,73.3724,-0.1646,96.3712,0.0019,0.7648,0.0,1800.0,0.0,6.3
405.0,2026-06-05T18:38:49.310722+00:00,73.5986,0.0644,96.5167,0.04,0.7648,0.0,1800.0,0.0,6.3
405.5,2026-06-05T18:38:49.805662+00:00,73.3907,0.0495,96.5128,-0.0078,0.7648,0.0,1800.0,0.0,6.3
406.0,2026-06-05T18:38:50.306095+00:00,73.3581,-0.0256,96.1628,-0.0831,0.7648,0.0,1800.0,0.0,6.3
406.5,2026-06-05T18:38:50.805598+00:00,73.5877,0.1076,96.2408,-0.0639,0.7648,0.0,1800.0,0.0,6.3
407.0,2026-06-05T18:38:51.305573+00:00,73.6368,0.0191,96.1851,-0.0491,0.7648,0.0,1800.0,0.0,6.3
407.5,2026-06-05T18:38:51.810322+00:00,73.5473,0.0783,96.258,-0.0378,0.7648,0.0,1800.0,0.0,6.2488
408.0,2026-06-05T18:38:52.305564+00:00,73.4785,0.0602,96.1983,-0.1061,0.7648,0.0,1800.0,0.0,6.275
408.5,2026-06-05T18:38:52.805543+00:00,73.5529,-0.0174,96.1524,-0.1202,0.7648,0.0,1800.0,0.0,6.2878
409.0,2026-06-05T18:38:53.305575+00:00,73.4828,-0.077,96.2328,0.0234,0.7648,0.0,1800.0,0.0,6.294
409.5,2026-06-05T18:38:53.805551+00:00,73.6835,0.0681,96.2946,0.0179,0.7648,0.0,1800.0,0.0,6.2971
410.0,2026-06-05T18:38:54.309995+00:00,73.8377,0.1796,96.4579,0.0909,0.7648,0.0,1800.0,0.0,6.2986
410.5,2026-06-05T18:38:54.805642+00:00,73.7017,0.0744,96.4676,0.0699,0.7648,0.0,1800.0,0.0,6.2993
411.0,2026-06-05T18:38:55.305534+00:00,73.7245,0.1208,96.2437,0.0151,0.7648,0.0,1800.0,0.0,6.2997
411.5,2026-06-05T18:38:55.805586+00:00,73.7419,0.0292,96.5344,0.1273,0.7648,0.0,1800.0,0.0,6.2998
412.0,2026-06-05T18:38:56.305541+00:00,73.8826,0.0225,96.5265,0.0979,0.7648,0.0,1800.0,0.0,6.2999
412.5,2026-06-05T18:38:56.810779+00:00,73.8635,0.0809,96.636,0.1138,0.7648,0.0,1800.0,0.0,6.3
413.0,2026-06-05T18:38:57.305529+00:00,73.8488,0.0622,96.6046,0.0489,0.7648,0.0,1800.0,0.0,6.3
413.5,2026-06-05T18:38:57.805560+00:00,73.7103,-0.0158,96.6961,0.0761,0.7648,0.0,1800.0,0.0,6.3
414.0,2026-06-05T18:38:58.305559+00:00,73.731,-0.0758,96.7664,0.1742,0.7648,0.0,1800.0,0.0,6.3
414.5,2026-06-05T18:38:58.806101+00:00,73.8743,0.0054,96.7047,0.0568,0.7648,0.0,1800.0,0.0,6.3512
415.0,2026-06-05T18:38:59.410642+00:00,73.9843,0.0678,96.7731,0.0822,0.7648,0.0,1800.0,0.0,6.3762
415.5,2026-06-05T18:38:59.805555+00:00,73.9417,0.1157,96.5942,-0.0139,0.7648,0.0,1800.0,0.0,6.3884
416.0,2026-06-05T18:39:00.305525+00:00,73.9089,0.0889,96.6881,0.0278,0.7648,0.0,1800.0,0.0,6.3943
416.5,2026-06-05T18:39:00.805559+00:00,73.8837,0.0047,96.7603,0.0214,0.7648,0.0,1800.0,0.0,6.3972
417.0,2026-06-05T18:39:01.305564+00:00,73.8643,-0.06,96.8157,0.0164,0.7648,0.0,1800.0,0.0,6.3986
417.5,2026-06-05T18:39:01.810061+00:00,73.8494,-0.0461,96.8584,0.0512,0.7648,0.0,1800.0,0.0,6.3481
418.0,2026-06-05T18:39:02.305562+00:00,73.838,-0.0354,96.6597,-0.0378,0.7648,0.0,1800.0,0.0,6.3235
418.5,2026-06-05T18:39:02.805552+00:00,73.8292,-0.0272,96.7385,0.0481,0.7648,0.0,1800.0,0.0,6.3115
419.0,2026-06-05T18:39:03.306009+00:00,73.9497,0.0427,96.6833,-0.0016,0.7648,0.0,1800.0,0.0,6.3056
419.5,2026-06-05T18:39:03.805593+00:00,73.6605,-0.0945,96.7566,-0.0012,0.7648,0.0,1800.0,0.0,6.3027
420.0,2026-06-05T18:39:04.310520+00:00,73.6928,-0.0726,96.6972,-0.0395,0.7648,0.0,1800.0,0.0,6.3013
420.5,2026-06-05T18:39:04.805711+00:00,73.7176,-0.0558,96.5359,-0.1075,0.7648,0.0,1800.0,0.0,6.3007
421.0,2026-06-05T18:39:05.305953+00:00,73.7367,-0.1065,96.6433,-0.0055,0.7648,0.0,1800.0,0.0,6.3003
421.5,2026-06-05T18:39:05.805751+00:00,73.8786,0.109,96.4944,-0.0814,0.7648,0.0,1800.0,0.0,6.3002
422.0,2026-06-05T18:39:06.306670+00:00,73.8604,0.0838,96.4957,-0.0625,0.7648,0.0,1800.0,0.0,6.3513
422.5,2026-06-05T18:39:06.811973+00:00,73.7192,0.0008,96.6124,-0.0481,0.7648,0.0,1800.0,0.0,6.3762
423.0,2026-06-05T18:39:07.305557+00:00,73.8651,0.0642,96.7021,0.0016,0.7648,0.0,1800.0,0.0,6.3884
423.5,2026-06-05T18:39:07.805579+00:00,73.8501,-0.0143,96.5396,0.0013,0.7648,0.0,1800.0,0.0,6.3943
424.0,2026-06-05T18:39:08.305567+00:00,73.9658,0.0527,96.6462,0.001,0.7648,0.0,1800.0,0.0,6.3972
424.5,2026-06-05T18:39:08.805570+00:00,73.8001,0.0405,96.2652,-0.0764,0.7648,0.0,1800.0,0.0,6.3987
425.0,2026-06-05T18:39:09.310068+00:00,73.6728,-0.0962,96.2039,-0.0973,0.7648,0.0,1800.0,0.0,6.3993
425.5,2026-06-05T18:39:09.805558+00:00,73.7023,-0.0739,96.2724,-0.1133,0.7648,0.0,1800.0,0.0,6.3997
426.0,2026-06-05T18:39:10.305557+00:00,73.7249,-0.1204,96.4408,-0.0871,0.7648,0.0,1800.0,0.0,6.3998
426.5,2026-06-05T18:39:10.805635+00:00,73.8695,0.0347,96.4545,-0.0284,0.7648,0.0,1800.0,0.0,6.3487
427.0,2026-06-05T18:39:11.305528+00:00,73.9807,0.1539,96.465,-0.0604,0.7648,0.0,1800.0,0.0,6.3238
427.5,2026-06-05T18:39:11.913871+00:00,73.8116,0.0547,96.4731,0.0693,0.7648,0.0,1800.0,0.0,6.3116
428.0,2026-06-05T18:39:12.305558+00:00,73.8089,0.042,96.595,0.1304,0.7648,0.0,1800.0,0.0,6.3057
428.5,2026-06-05T18:39:12.805603+00:00,73.9341,0.0323,96.573,0.1002,0.7648,0.0,1800.0,0.0,6.3028
429.0,2026-06-05T18:39:13.305682+00:00,74.0304,0.0248,96.5561,0.0385,0.7648,0.0,1800.0,0.0,6.3013
429.5,2026-06-05T18:39:13.805684+00:00,74.1043,0.1464,96.6588,0.0681,0.7648,0.0,1800.0,0.0,6.3007
430.0,2026-06-05T18:39:14.312066+00:00,73.9066,0.0489,96.6221,0.0524,0.7648,0.0,1800.0,0.0,6.3003
430.5,2026-06-05T18:39:14.806053+00:00,73.882,-0.0261,96.7095,0.0788,0.7648,0.0,1800.0,0.0,6.3002
431.0,2026-06-05T18:39:15.305865+00:00,73.9903,-0.0201,96.5454,-0.0166,0.7648,0.0,1800.0,0.0,6.3001
431.501058,2026-06-05T18:39:15.806666+00:00,73.9462,-0.079,96.6506,0.0258,0.7648,0.0,1800.0,0.0,6.3
432.0,2026-06-05T18:39:16.305926+00:00,74.1669,0.1302,96.6157,0.0199,0.7648,0.0,1800.0,0.0,6.3
432.5,2026-06-05T18:39:16.810605+00:00,74.082,0.1,96.6815,0.0076,0.7648,0.0,1800.0,0.0,6.3
433.0,2026-06-05T18:39:17.305543+00:00,74.144,0.0769,96.4081,-0.0713,0.7648,0.0,1800.0,0.0,6.3
433.5,2026-06-05T18:39:17.805612+00:00,74.1917,0.1227,96.4294,-0.0934,0.7648,0.0,1800.0,0.0,6.3
434.0,2026-06-05T18:39:18.305547+00:00,74.3556,0.0943,96.5614,0.0054,0.7648,0.0,1800.0,0.0,6.3
434.5,2026-06-05T18:39:18.805548+00:00,74.0998,0.0089,96.5472,-0.0345,0.7648,0.0,1800.0,0.0,6.3
435.0,2026-06-05T18:39:19.313031+00:00,74.1577,0.0068,96.7677,0.0507,0.7648,0.0,1800.0,0.0,6.3
435.5,2026-06-05T18:39:19.805556+00:00,73.9476,-0.122,96.7057,0.0081,0.7648,0.0,1800.0,0.0,6.3
436.0,2026-06-05T18:39:20.305711+00:00,74.0407,-0.1574,96.7738,0.1219,0.7648,0.0,1800.0,0.0,6.3
436.5,2026-06-05T18:39:20.805606+00:00,73.7305,-0.1846,96.7105,0.0937,0.7648,0.0,1800.0,0.0,6.3
437.0,2026-06-05T18:39:21.305659+00:00,73.8738,-0.1419,96.6618,0.0335,0.7648,0.0,1800.0,0.0,6.3
437.5,2026-06-05T18:39:21.812511+00:00,73.8568,-0.0454,96.5086,-0.0129,0.7648,0.0,1800.0,0.0,6.2488
438.0,2026-06-05T18:39:22.305626+00:00,73.8436,-0.0986,96.3909,-0.1256,0.7648,0.0,1800.0,0.0,6.275
438.5,2026-06-05T18:39:22.805824+00:00,73.9608,0.1152,96.4162,-0.0965,0.7648,0.0,1800.0,0.0,6.2878
439.0,2026-06-05T18:39:23.305553+00:00,73.7963,-0.0388,96.5513,-0.0742,0.7648,0.0,1800.0,0.0,6.294
439.5,2026-06-05T18:39:23.805585+00:00,73.6699,-0.0934,96.5394,-0.057,0.7648,0.0,1800.0,0.0,6.2971
440.0,2026-06-05T18:39:24.413320+00:00,73.7,-0.0718,96.2989,-0.121,0.7648,0.0,1800.0,0.0,6.2986
440.500324,2026-06-05T18:39:24.806721+00:00,73.5959,-0.1825,96.3454,-0.0544,0.7648,0.0,1800.0,0.0,6.2481
441.0,2026-06-05T18:39:25.305558+00:00,73.7704,-0.013,96.3812,-0.0032,0.7648,0.0,1800.0,0.0,6.2235
441.5,2026-06-05T18:39:25.805548+00:00,73.9045,0.1173,96.4087,-0.0025,0.7648,0.0,1800.0,0.0,6.2627
442.0,2026-06-05T18:39:26.305566+00:00,74.0076,0.1538,96.1984,-0.1176,0.7648,0.0,1800.0,0.0,6.2818
442.5,2026-06-05T18:39:26.812070+00:00,73.9596,0.1818,96.1525,-0.129,0.7648,0.0,1800.0,0.0,6.2911
443.000702,2026-06-05T18:39:27.306326+00:00,74.1772,0.2034,96.0015,-0.0991,0.7648,0.0,1800.0,0.0,6.3469
443.5,2026-06-05T18:39:27.805547+00:00,73.9626,0.0291,96.2326,-0.0376,0.7648,0.0,1800.0,0.0,6.3741
444.0,2026-06-05T18:39:28.305949+00:00,74.0523,0.0223,96.1787,-0.0675,0.7648,0.0,1800.0,0.0,6.3873
444.5,2026-06-05T18:39:28.805574+00:00,73.9939,0.0172,96.3688,-0.0133,0.7648,0.0,1800.0,0.0,6.3938
445.0,2026-06-05T18:39:29.309833+00:00,73.8218,-0.1777,96.3991,0.0669,0.7648,0.0,1800.0,0.0,6.397
445.5,2026-06-05T18:39:29.805813+00:00,73.6895,-0.1366,96.5382,0.1286,0.7648,0.0,1800.0,0.0,6.3473
446.0,2026-06-05T18:39:30.305544+00:00,73.5878,-0.2323,96.3905,0.1297,0.7648,0.0,1800.0,0.0,6.3231
446.5,2026-06-05T18:39:30.805529+00:00,73.7641,-0.1149,96.3001,0.0225,0.7648,0.0,1800.0,0.0,6.3113
447.0,2026-06-05T18:39:31.305550+00:00,73.8997,0.039,96.4621,0.0944,0.7648,0.0,1800.0,0.0,6.3055
447.5,2026-06-05T18:39:31.812227+00:00,74.0039,0.1572,96.3552,-0.0045,0.7648,0.0,1800.0,0.0,6.3027
448.0,2026-06-05T18:39:32.305884+00:00,73.9567,0.1845,96.3887,-0.0035,0.7648,0.0,1800.0,0.0,6.3525
448.5,2026-06-05T18:39:32.805645+00:00,74.0477,0.1418,96.5301,-0.0027,0.7648,0.0,1800.0,0.0,6.3256
449.0,2026-06-05T18:39:33.306033+00:00,73.9904,0.0453,96.6389,0.0828,0.7648,0.0,1800.0,0.0,6.3125
449.5,2026-06-05T18:39:33.805805+00:00,74.2009,0.0985,96.7224,0.1408,0.7648,0.0,1800.0,0.0,6.3061
450.0,2026-06-05T18:39:34.310164+00:00,73.9808,0.0121,96.671,0.0696,0.7648,0.0,1800.0,0.0,6.303
450.5,2026-06-05T18:39:34.805550+00:00,74.1935,0.0729,96.6314,0.0921,0.7648,0.0,1800.0,0.0,6.3015
451.0,2026-06-05T18:39:35.305532+00:00,74.357,0.1833,96.601,0.0708,0.7648,0.0,1800.0,0.0,6.3007
451.5,2026-06-05T18:39:35.805572+00:00,74.3554,0.0773,96.5776,0.0158,0.7648,0.0,1800.0,0.0,6.3003
452.0,2026-06-05T18:39:36.305540+00:00,74.4814,0.2503,96.6754,0.0122,0.7648,0.0,1800.0,0.0,6.3002
452.5,2026-06-05T18:39:36.813157+00:00,74.451,0.1287,96.5191,-0.0678,0.7648,0.0,1800.0,0.0,6.3001
453.0,2026-06-05T18:39:37.305621+00:00,74.3004,-0.0283,96.5147,-0.0521,0.7648,0.0,1800.0,0.0,6.3
453.5,2026-06-05T18:39:37.805851+00:00,74.3118,-0.0218,96.3956,-0.0786,0.7648,0.0,1800.0,0.0,6.3
454.0,2026-06-05T18:39:38.305543+00:00,74.1934,-0.144,96.4197,-0.0604,0.7648,0.0,1800.0,0.0,6.3
454.5,2026-06-05T18:39:38.805703+00:00,74.2296,-0.1107,96.4383,-0.0464,0.7648,0.0,1800.0,0.0,6.3
455.0,2026-06-05T18:39:39.310269+00:00,74.2575,-0.0214,96.3369,-0.1128,0.7648,0.0,1800.0,0.0,6.3
455.5,2026-06-05T18:39:39.806022+00:00,74.2789,-0.0165,96.2589,-0.0867,0.7648,0.0,1800.0,0.0,6.3
456.0,2026-06-05T18:39:40.306151+00:00,74.1681,-0.0127,96.0602,-0.1515,0.7648,0.0,1800.0,0.0,6.3
456.5,2026-06-05T18:39:40.805622+00:00,74.0829,-0.0734,96.0462,-0.1164,0.7648,0.0,1800.0,0.0,6.3
457.0,2026-06-05T18:39:41.305701+00:00,73.7629,-0.2473,96.1512,-0.0895,0.7648,0.0,1800.0,0.0,6.3
457.5,2026-06-05T18:39:41.812806+00:00,73.8988,-0.1901,96.1162,-0.1074,0.7648,0.0,1800.0,0.0,6.2488
458.0,2026-06-05T18:39:42.305571+00:00,74.0032,-0.0825,96.205,-0.0439,0.7648,0.0,1800.0,0.0,6.275
458.5,2026-06-05T18:39:42.805561+00:00,74.0834,0.0003,96.0188,-0.0801,0.7648,0.0,1800.0,0.0,6.2878
459.0,2026-06-05T18:39:43.305648+00:00,74.2724,0.2547,95.8987,-0.0538,0.7648,0.0,1800.0,0.0,6.294
459.5,2026-06-05T18:39:43.805538+00:00,74.1631,0.1322,95.9222,-0.0414,0.7648,0.0,1800.0,0.0,6.2971
460.0,2026-06-05T18:39:44.310507+00:00,74.2063,0.1016,96.0559,-0.0318,0.7648,0.0,1800.0,0.0,6.2986
460.5,2026-06-05T18:39:44.805607+00:00,74.1123,0.0144,96.0429,-0.0244,0.7648,0.0,1800.0,0.0,6.2993
461.0,2026-06-05T18:39:45.305959+00:00,74.1673,-0.0525,96.1487,-0.0188,0.7648,0.0,1800.0,0.0,6.2997
461.5,2026-06-05T18:39:45.805561+00:00,74.2096,0.0233,96.1143,0.0318,0.7648,0.0,1800.0,0.0,6.2998
462.0,2026-06-05T18:39:46.307178+00:00,74.1148,-0.0458,96.2035,0.1016,0.7648,0.0,1800.0,0.0,6.2999
462.5,2026-06-05T18:39:46.811414+00:00,74.042,-0.0352,96.3878,0.1552,0.7648,0.0,1800.0,0.0,6.3
463.0,2026-06-05T18:39:47.305554+00:00,73.986,-0.0907,96.2981,0.0807,0.7648,0.0,1800.0,0.0,6.3
463.5,2026-06-05T18:39:47.805553+00:00,73.9429,-0.1333,96.0903,0.0158,0.7648,0.0,1800.0,0.0,6.3
464.0,2026-06-05T18:39:48.305906+00:00,74.0371,-0.0388,96.0694,-0.0264,0.7648,0.0,1800.0,0.0,6.3
464.5,2026-06-05T18:39:48.805539+00:00,74.2368,0.0974,96.169,0.0182,0.7648,0.0,1800.0,0.0,6.3
465.0,2026-06-05T18:39:49.310447+00:00,74.3903,0.2021,96.1299,-0.0245,0.7648,0.0,1800.0,0.0,6.3
465.5,2026-06-05T18:39:49.805544+00:00,74.5082,0.2826,95.9842,-0.1346,0.7648,0.0,1800.0,0.0,6.3
466.0,2026-06-05T18:39:50.305564+00:00,74.2171,0.09,96.2192,-0.0263,0.7648,0.0,1800.0,0.0,6.3
466.5,2026-06-05T18:39:50.805556+00:00,74.3751,0.0691,96.0528,-0.0125,0.7648,0.0,1800.0,0.0,6.3
467.0,2026-06-05T18:39:51.305559+00:00,74.4966,0.0531,96.0174,-0.0173,0.7648,0.0,1800.0,0.0,6.3
467.5,2026-06-05T18:39:51.812133+00:00,74.4626,-0.0228,96.0134,-0.0519,0.7648,0.0,1800.0,0.0,6.3
468.0,2026-06-05T18:39:52.305553+00:00,74.3093,0.0461,96.126,-0.0013,0.7648,0.0,1800.0,0.0,6.3
468.5,2026-06-05T18:39:52.805638+00:00,74.3187,-0.0282,96.2125,0.0761,0.7648,0.0,1800.0,0.0,6.3
469.0,2026-06-05T18:39:53.305563+00:00,74.1987,-0.1489,96.3948,0.0585,0.7648,0.0,1800.0,0.0,6.3
469.5,2026-06-05T18:39:53.805596+00:00,74.2337,-0.1145,96.4191,0.1221,0.7648,0.0,1800.0,0.0,6.3
470.0,2026-06-05T18:39:54.310800+00:00,74.2606,-0.0243,96.3221,0.1016,0.7648,0.0,1800.0,0.0,6.3
470.5,2026-06-05T18:39:54.805562+00:00,74.154,-0.0823,96.3633,0.1166,0.7648,0.0,1800.0,0.0,6.3
471.0,2026-06-05T18:39:55.305557+00:00,73.9448,-0.1269,96.2792,0.0511,0.7648,0.0,1800.0,0.0,6.3
471.5,2026-06-05T18:39:55.805665+00:00,74.0386,-0.0976,96.3303,0.0393,0.7648,0.0,1800.0,0.0,6.3
472.0,2026-06-05T18:39:56.305902+00:00,74.1107,-0.075,96.3696,-0.0084,0.7648,0.0,1800.0,0.0,6.3
472.5,2026-06-05T18:39:56.811701+00:00,74.2933,0.0696,96.2841,-0.045,0.7648,0.0,1800.0,0.0,6.2488
473.0,2026-06-05T18:39:57.305788+00:00,74.4337,0.2444,96.4497,0.0425,0.7648,0.0,1800.0,0.0,6.275
473.5,2026-06-05T18:39:57.805611+00:00,74.4143,0.1879,96.3457,-0.0059,0.7648,0.0,1800.0,0.0,6.2878
474.0,2026-06-05T18:39:58.305679+00:00,74.654,0.2717,96.4971,0.0726,0.7648,0.0,1800.0,0.0,6.294
474.5,2026-06-05T18:39:58.805619+00:00,74.4564,0.0815,96.3821,0.0172,0.7648,0.0,1800.0,0.0,6.3483
475.0,2026-06-05T18:39:59.317884+00:00,74.559,0.0627,96.1779,-0.0639,0.7648,0.0,1800.0,0.0,6.3748
475.5,2026-06-05T18:39:59.805580+00:00,74.5107,0.0482,96.2525,-0.0105,0.7648,0.0,1800.0,0.0,6.3877
476.0,2026-06-05T18:40:00.305562+00:00,74.3462,-0.1539,96.3097,-0.0467,0.7648,0.0,1800.0,0.0,6.394
476.5,2026-06-05T18:40:00.805907+00:00,74.3471,-0.0546,96.2381,-0.0359,0.7648,0.0,1800.0,0.0,6.3971
477.0,2026-06-05T18:40:01.305556+00:00,74.475,-0.042,96.183,-0.1047,0.7648,0.0,1800.0,0.0,6.3986
477.5,2026-06-05T18:40:01.810832+00:00,74.5734,0.0314,96.2563,-0.0419,0.7648,0.0,1800.0,0.0,6.3481
478.0,2026-06-05T18:40:02.305579+00:00,74.5217,0.0877,96.3127,0.0449,0.7648,0.0,1800.0,0.0,6.3747
478.5,2026-06-05T18:40:02.805841+00:00,74.482,0.0674,96.4718,0.0731,0.7648,0.0,1800.0,0.0,6.3876
479.0,2026-06-05T18:40:03.305614+00:00,74.4514,-0.0118,96.3626,0.0176,0.7648,0.0,1800.0,0.0,6.394
479.5,2026-06-05T18:40:03.805772+00:00,74.428,-0.0727,96.3944,0.0521,0.7648,0.0,1800.0,0.0,6.3971
480.0,2026-06-05T18:40:04.313508+00:00,74.4099,-0.0559,96.5345,0.1172,0.7648,0.0,1800.0,0.0,6.3986
480.5,2026-06-05T18:40:04.805575+00:00,74.5233,0.0207,96.6422,0.1286,0.7648,0.0,1800.0,0.0,6.3481
481.0,2026-06-05T18:40:05.306083+00:00,74.3559,-0.0477,96.725,0.1374,0.7648,0.0,1800.0,0.0,6.3235
481.5,2026-06-05T18:40:05.805725+00:00,74.2273,-0.1003,96.7887,0.1056,0.7648,0.0,1800.0,0.0,6.3115
482.0,2026-06-05T18:40:06.305592+00:00,74.2557,-0.0771,96.6062,0.0812,0.7648,0.0,1800.0,0.0,6.3056
482.5,2026-06-05T18:40:06.814635+00:00,74.2775,-0.1229,96.5816,0.0624,0.7648,0.0,1800.0,0.0,6.3027
483.0,2026-06-05T18:40:07.305572+00:00,74.4216,0.0328,96.6784,0.048,0.7648,0.0,1800.0,0.0,6.3013
483.5,2026-06-05T18:40:07.806090+00:00,74.5323,0.1525,96.6371,-0.0017,0.7648,0.0,1800.0,0.0,6.3006
484.0,2026-06-05T18:40:08.305559+00:00,74.4901,0.1172,96.7211,-0.0013,0.7648,0.0,1800.0,0.0,6.3003
484.5,2026-06-05T18:40:08.805539+00:00,74.4577,0.0901,96.7856,-0.001,0.7648,0.0,1800.0,0.0,6.3002
485.0,2026-06-05T18:40:09.313123+00:00,74.4328,0.0056,96.8352,0.0764,0.7648,0.0,1800.0,0.0,6.3001
485.5,2026-06-05T18:40:09.805642+00:00,74.4136,-0.0593,96.7577,0.0587,0.7648,0.0,1800.0,0.0,6.3
486.0,2026-06-05T18:40:10.305562+00:00,74.5262,0.018,96.8137,0.0451,0.7648,0.0,1800.0,0.0,6.3
486.5,2026-06-05T18:40:10.805558+00:00,74.4854,0.0139,96.8568,0.0732,0.7648,0.0,1800.0,0.0,6.3
487.0,2026-06-05T18:40:11.305576+00:00,74.5813,0.0743,96.89,0.0563,0.7648,0.0,1800.0,0.0,6.3
487.5,2026-06-05T18:40:11.812339+00:00,74.5278,0.0571,96.7997,0.0047,0.7648,0.0,1800.0,0.0,6.2488
488.0,2026-06-05T18:40:12.306152+00:00,74.6139,0.0439,96.7304,-0.035,0.7648,0.0,1800.0,0.0,6.275
488.5,2026-06-05T18:40:12.805819+00:00,74.8074,0.161,96.9085,0.0503,0.7648,0.0,1800.0,0.0,6.2878
489.0,2026-06-05T18:40:13.305601+00:00,74.7016,0.0601,96.9296,0.0386,0.7648,0.0,1800.0,0.0,6.2941
489.5,2026-06-05T18:40:13.805886+00:00,74.7475,0.1098,96.8302,-0.0089,0.7648,0.0,1800.0,0.0,6.2971
490.0,2026-06-05T18:40:14.316375+00:00,74.401,-0.1065,96.6381,-0.084,0.7648,0.0,1800.0,0.0,6.2986
490.5,2026-06-05T18:40:14.805590+00:00,74.6437,-0.0818,96.3748,-0.1417,0.7648,0.0,1800.0,0.0,6.2993
491.0,2026-06-05T18:40:15.305564+00:00,74.5757,-0.0629,96.5194,-0.0703,0.7648,0.0,1800.0,0.0,6.2997
491.5,2026-06-05T18:40:15.805566+00:00,74.3962,-0.1756,96.1678,-0.2469,0.7648,0.0,1800.0,0.0,6.2998
492.0,2026-06-05T18:40:16.305606+00:00,74.3855,-0.0077,96.0133,-0.3054,0.7648,0.0,1800.0,0.0,6.2999
492.5,2026-06-05T18:40:16.812670+00:00,74.3773,-0.1332,96.0102,-0.2733,0.7648,0.0,1800.0,0.0,6.3
493.000728,2026-06-05T18:40:17.306366+00:00,74.4983,-0.0387,96.0079,-0.2101,0.7648,0.0,1800.0,0.0,6.3
493.5,2026-06-05T18:40:17.805544+00:00,74.464,0.0339,96.1217,-0.0843,0.7648,0.0,1800.0,0.0,6.3
494.0,2026-06-05T18:40:18.306015+00:00,74.6921,0.1533,96.1861,-0.1111,0.7648,0.0,1800.0,0.0,6.3
494.5,2026-06-05T18:40:18.805581+00:00,74.613,0.1178,96.1431,-0.0083,0.7648,0.0,1800.0,0.0,6.3
495.0,2026-06-05T18:40:19.310080+00:00,74.6794,0.0906,96.2257,0.0708,0.7648,0.0,1800.0,0.0,6.3
495.5,2026-06-05T18:40:19.805619+00:00,74.3486,-0.0577,96.2891,0.093,0.7648,0.0,1800.0,0.0,6.3
496.0,2026-06-05T18:40:20.305642+00:00,74.3489,-0.1716,96.3379,0.11,0.7648,0.0,1800.0,0.0,6.3
496.5,2026-06-05T18:40:20.805599+00:00,74.4765,-0.0683,96.2597,0.046,0.7648,0.0,1800.0,0.0,6.3
497.0,2026-06-05T18:40:21.305548+00:00,74.5745,-0.0525,96.0839,-0.0341,0.7648,0.0,1800.0,0.0,6.3
497.5,2026-06-05T18:40:21.811493+00:00,74.7771,0.2142,96.2959,0.051,0.7648,0.0,1800.0,0.0,6.3
498.0,2026-06-05T18:40:22.305581+00:00,74.8055,0.2283,96.2274,0.0006,0.7648,0.0,1800.0,0.0,6.3
498.5,2026-06-05T18:40:22.806140+00:00,74.7001,0.1118,96.5219,0.0776,0.7648,0.0,1800.0,0.0,6.3
499.0,2026-06-05T18:40:23.305641+00:00,74.7464,0.0859,96.5168,0.0596,0.7648,0.0,1800.0,0.0,6.3
499.5,2026-06-05T18:40:23.805626+00:00,74.7819,0.0024,96.5129,0.0844,0.7648,0.0,1800.0,0.0,6.3
500.0,2026-06-05T18:40:24.313013+00:00,74.682,-0.0618,96.5099,0.142,0.7648,0.0,1800.0,0.0,6.3
500.5,2026-06-05T18:40:24.805550+00:00,74.7324,0.0162,96.3919,0.032,0.7648,0.0,1800.0,0.0,6.3
501.0,2026-06-05T18:40:25.305871+00:00,74.7712,0.0124,96.1855,-0.014,0.7648,0.0,1800.0,0.0,6.3
501.5,2026-06-05T18:40:25.805633+00:00,74.6737,-0.0541,96.374,-0.0493,0.7648,0.0,1800.0,0.0,6.3
502.0,2026-06-05T18:40:26.306006+00:00,74.5988,-0.0416,96.4032,-0.0379,0.7648,0.0,1800.0,0.0,6.3
502.5,2026-06-05T18:40:26.814066+00:00,74.6685,-0.032,96.4256,-0.0291,0.7648,0.0,1800.0,0.0,6.3
503.0,2026-06-05T18:40:27.305574+00:00,74.5948,-0.0882,96.4428,-0.0224,0.7648,0.0,1800.0,0.0,6.3
503.5,2026-06-05T18:40:27.805574+00:00,74.6654,-0.0042,96.2246,-0.0558,0.7648,0.0,1800.0,0.0,6.3
504.0,2026-06-05T18:40:28.305549+00:00,74.5924,-0.0032,96.1727,-0.0043,0.7648,0.0,1800.0,0.0,6.3
504.5,2026-06-05T18:40:28.805544+00:00,74.6636,-0.0025,96.1327,-0.0804,0.7648,0.0,1800.0,0.0,6.3
505.0,2026-06-05T18:40:29.312109+00:00,74.4638,-0.0655,96.102,-0.1004,0.7648,0.0,1800.0,0.0,6.3
505.5,2026-06-05T18:40:29.805533+00:00,74.4374,-0.114,96.0784,-0.1157,0.7648,0.0,1800.0,0.0,6.3
506.0,2026-06-05T18:40:30.305546+00:00,74.4172,-0.0876,96.2917,-0.0504,0.7648,0.0,1800.0,0.0,6.3
506.5,2026-06-05T18:40:30.805557+00:00,74.4017,-0.131,96.1085,-0.0387,0.7648,0.0,1800.0,0.0,6.3
507.0,2026-06-05T18:40:31.305561+00:00,74.517,0.0266,96.1759,0.0011,0.7648,0.0,1800.0,0.0,6.3
507.5,2026-06-05T18:40:31.811639+00:00,74.4783,0.0204,96.1352,0.0008,0.7648,0.0,1800.0,0.0,6.3
508.0,2026-06-05T18:40:32.305564+00:00,74.5759,0.0793,96.1039,0.0006,0.7648,0.0,1800.0,0.0,6.3
508.5,2026-06-05T18:40:32.805858+00:00,74.2691,-0.0663,96.3113,0.0776,0.7648,0.0,1800.0,0.0,6.3
509.0,2026-06-05T18:40:33.305791+00:00,74.4151,-0.0509,96.3549,0.0211,0.7648,0.0,1800.0,0.0,6.3
509.5,2026-06-05T18:40:33.805787+00:00,74.6546,0.0881,96.3885,0.0933,0.7648,0.0,1800.0,0.0,6.3
510.0,2026-06-05T18:40:34.311336+00:00,74.7114,0.0677,96.4143,0.0795,0.7648,0.0,1800.0,0.0,6.3
510.5,2026-06-05T18:40:34.805569+00:00,74.5005,0.1157,96.3184,0.0611,0.7648,0.0,1800.0,0.0,6.3
511.0,2026-06-05T18:40:35.305692+00:00,74.7202,0.1526,96.4762,0.1241,0.7648,0.0,1800.0,0.0,6.3
511.5,2026-06-05T18:40:35.805561+00:00,74.6345,-0.01,96.5974,0.0954,0.7648,0.0,1800.0,0.0,6.3
512.0,2026-06-05T18:40:36.305650+00:00,74.696,-0.0077,96.6905,0.1119,0.7648,0.0,1800.0,0.0,6.3
512.5,2026-06-05T18:40:36.810322+00:00,74.6159,0.0577,96.7621,0.1245,0.7648,0.0,1800.0,0.0,6.3
513.0,2026-06-05T18:40:37.305631+00:00,74.8089,0.0444,96.5858,0.0572,0.7648,0.0,1800.0,0.0,6.3
513.5,2026-06-05T18:40:37.805997+00:00,74.7027,0.0341,96.4502,0.0439,0.7648,0.0,1800.0,0.0,6.3
514.0,2026-06-05T18:40:38.305595+00:00,74.7484,0.0262,96.3461,-0.0434,0.7648,0.0,1800.0,0.0,6.3
514.5,2026-06-05T18:40:38.805552+00:00,74.5289,-0.0435,96.3817,-0.0719,0.7648,0.0,1800.0,0.0,6.3
515.0,2026-06-05T18:40:39.311133+00:00,74.6148,-0.0971,96.1777,-0.171,0.7648,0.0,1800.0,0.0,6.3
515.5,2026-06-05T18:40:39.805548+00:00,74.6808,-0.011,96.2522,-0.17,0.7648,0.0,1800.0,0.0,6.3
516.0,2026-06-05T18:40:40.305590+00:00,74.8588,0.0552,96.3096,-0.0921,0.7648,0.0,1800.0,0.0,6.3
516.5,2026-06-05T18:40:40.805562+00:00,74.741,0.1061,96.3536,-0.0322,0.7648,0.0,1800.0,0.0,6.2488
517.0,2026-06-05T18:40:41.305530+00:00,74.7778,0.0815,96.5032,0.0524,0.7648,0.0,1800.0,0.0,6.2238
517.5,2026-06-05T18:40:41.813754+00:00,74.8061,0.0627,96.5025,0.0403,0.7648,0.0,1800.0,0.0,6.2116
518.0,2026-06-05T18:40:42.305589+00:00,74.7006,-0.0791,96.5019,0.1081,0.7648,0.0,1800.0,0.0,6.2569
518.5,2026-06-05T18:40:42.805626+00:00,74.874,0.0665,96.6172,0.1216,0.7648,0.0,1800.0,0.0,6.279
519.0,2026-06-05T18:40:43.305671+00:00,74.7527,-0.0125,96.59,0.0935,0.7648,0.0,1800.0,0.0,6.2897
519.5,2026-06-05T18:40:43.805687+00:00,74.9141,0.054,96.5461,0.0641,0.7648,0.0,1800.0,0.0,6.295
520.0,2026-06-05T18:40:44.310366+00:00,75.0381,0.1688,96.6511,0.0493,0.7648,0.0,1800.0,0.0,6.2976
520.5,2026-06-05T18:40:44.806360+00:00,75.0061,0.0661,96.7318,0.0765,0.7648,0.0,1800.0,0.0,6.2988
521.0,2026-06-05T18:40:45.305807+00:00,75.1088,0.1781,96.7013,0.0665,0.7648,0.0,1800.0,0.0,6.2994
521.5,2026-06-05T18:40:45.805739+00:00,75.0605,0.0732,96.8861,0.0897,0.7648,0.0,1800.0,0.0,6.2997
522.0,2026-06-05T18:40:46.305545+00:00,75.0234,-0.0074,96.7968,0.0689,0.7648,0.0,1800.0,0.0,6.2999
522.5,2026-06-05T18:40:46.810634+00:00,74.7403,-0.1329,96.8438,0.0992,0.7648,0.0,1800.0,0.0,6.2487
523.0,2026-06-05T18:40:47.305569+00:00,74.7772,-0.1658,96.7643,0.0377,0.7648,0.0,1800.0,0.0,6.275
523.5,2026-06-05T18:40:47.805575+00:00,74.8056,-0.1274,96.8188,0.029,0.7648,0.0,1800.0,0.0,6.2878
524.0,2026-06-05T18:40:48.305555+00:00,74.7002,-0.1616,96.745,0.0146,0.7648,0.0,1800.0,0.0,6.294
524.5,2026-06-05T18:40:48.805602+00:00,74.8737,0.0667,96.804,-0.0274,0.7648,0.0,1800.0,0.0,6.2971
525.0,2026-06-05T18:40:49.310058+00:00,74.6253,-0.076,96.7337,-0.021,0.7648,0.0,1800.0,0.0,6.2986
525.5,2026-06-05T18:40:49.806968+00:00,74.5616,-0.122,96.7953,-0.0162,0.7648,0.0,1800.0,0.0,6.2993
526.0,2026-06-05T18:40:50.306051+00:00,74.6399,-0.0302,96.727,-0.0124,0.7648,0.0,1800.0,0.0,6.2997
526.5,2026-06-05T18:40:50.805622+00:00,74.5728,-0.1505,96.6745,-0.0481,0.7648,0.0,1800.0,0.0,6.2998
527.0,2026-06-05T18:40:51.305745+00:00,74.5212,-0.052,96.7498,0.0016,0.7648,0.0,1800.0,0.0,6.2999
527.5,2026-06-05T18:40:51.812374+00:00,74.4816,-0.04,96.5763,-0.0759,0.7648,0.0,1800.0,0.0,6.3
528.0,2026-06-05T18:40:52.305713+00:00,74.4512,-0.0944,96.6743,-0.0198,0.7648,0.0,1800.0,0.0,6.3512
528.5,2026-06-05T18:40:52.805591+00:00,74.555,-0.0089,96.7497,-0.0152,0.7648,0.0,1800.0,0.0,6.325
529.0,2026-06-05T18:40:53.305546+00:00,74.5076,-0.0068,96.5762,-0.0503,0.7648,0.0,1800.0,0.0,6.3122
529.5,2026-06-05T18:40:53.805785+00:00,74.5984,0.0584,96.5586,-0.0386,0.7648,0.0,1800.0,0.0,6.3059
530.0,2026-06-05T18:40:54.314592+00:00,74.6682,0.1085,96.545,-0.0683,0.7648,0.0,1800.0,0.0,6.3541
530.5,2026-06-05T18:40:54.805544+00:00,74.7218,0.0834,96.5346,-0.0139,0.7648,0.0,1800.0,0.0,6.3264
531.0,2026-06-05T18:40:55.305564+00:00,74.6358,0.0641,96.6423,-0.0107,0.7648,0.0,1800.0,0.0,6.3129
531.5,2026-06-05T18:40:55.805556+00:00,74.6969,0.0493,96.7251,-0.0082,0.7648,0.0,1800.0,0.0,6.3063
532.0,2026-06-05T18:40:56.305658+00:00,74.7439,0.0379,96.673,0.0323,0.7648,0.0,1800.0,0.0,6.3031
532.5,2026-06-05T18:40:56.814765+00:00,74.78,0.0291,96.633,0.0248,0.7648,0.0,1800.0,0.0,6.3015
533.0,2026-06-05T18:40:57.305735+00:00,74.9351,0.1496,96.6022,0.0191,0.7648,0.0,1800.0,0.0,6.3007
533.5,2026-06-05T18:40:57.805622+00:00,74.9269,0.115,96.5785,0.0146,0.7648,0.0,1800.0,0.0,6.3004
534.0,2026-06-05T18:40:58.306126+00:00,75.048,0.152,96.6761,0.0113,0.7648,0.0,1800.0,0.0,6.3002
534.5,2026-06-05T18:40:58.805667+00:00,74.8865,0.0532,96.6353,-0.0299,0.7648,0.0,1800.0,0.0,6.3001
535.000001,2026-06-05T18:40:59.311405+00:00,74.8896,-0.0227,96.604,-0.023,0.7648,0.0,1800.0,0.0,6.3
535.5,2026-06-05T18:40:59.807312+00:00,74.892,-0.0175,96.5799,-0.0177,0.7648,0.0,1800.0,0.0,6.3
536.0,2026-06-05T18:41:00.306144+00:00,75.0211,-0.0134,96.4457,-0.0521,0.7648,0.0,1800.0,0.0,6.3
536.5,2026-06-05T18:41:00.805723+00:00,75.1204,0.1169,96.4583,-0.0401,0.7648,0.0,1800.0,0.0,6.3
537.0,2026-06-05T18:41:01.305616+00:00,74.9421,0.0263,96.3522,-0.1079,0.7648,0.0,1800.0,0.0,6.3
537.5,2026-06-05T18:41:01.814179+00:00,74.8051,-0.0435,96.3864,-0.083,0.7648,0.0,1800.0,0.0,6.3
538.0,2026-06-05T18:41:02.305552+00:00,74.8271,-0.097,96.4127,-0.0638,0.7648,0.0,1800.0,0.0,6.3
538.5,2026-06-05T18:41:02.805567+00:00,74.8439,-0.1382,96.2941,-0.0953,0.7648,0.0,1800.0,0.0,6.3
539.0,2026-06-05T18:41:03.305537+00:00,74.7296,-0.1062,96.1103,-0.1118,0.7648,0.0,1800.0,0.0,6.3
539.5,2026-06-05T18:41:03.806123+00:00,74.7691,-0.018,96.2005,-0.0859,0.7648,0.0,1800.0,0.0,6.3
540.0,2026-06-05T18:41:04.310702+00:00,74.9266,0.0498,96.131,-0.0738,0.7648,0.0,1800.0,0.0,6.3
540.5,2026-06-05T18:41:04.805551+00:00,74.9205,0.0383,96.2164,-0.0567,0.7648,0.0,1800.0,0.0,6.3
541.0,2026-06-05T18:41:05.305554+00:00,74.9157,0.093,96.1663,-0.0821,0.7648,0.0,1800.0,0.0,6.3
541.5,2026-06-05T18:41:05.805539+00:00,74.9121,0.0715,96.1278,-0.0554,0.7648,0.0,1800.0,0.0,6.3
542.0,2026-06-05T18:41:06.305559+00:00,74.9093,-0.0087,96.0982,-0.004,0.7648,0.0,1800.0,0.0,6.3
542.5,2026-06-05T18:41:06.812863+00:00,74.7799,-0.0703,95.9598,-0.0802,0.7648,0.0,1800.0,0.0,6.3
543.0,2026-06-05T18:41:07.305824+00:00,74.8077,-0.054,96.0848,-0.0154,0.7648,0.0,1800.0,0.0,6.3
543.5,2026-06-05T18:41:07.805576+00:00,74.7018,-0.1052,96.0652,-0.0504,0.7648,0.0,1800.0,0.0,6.3
544.0,2026-06-05T18:41:08.305612+00:00,74.8749,-0.0172,96.0501,-0.0387,0.7648,0.0,1800.0,0.0,6.3
544.5,2026-06-05T18:41:08.805538+00:00,75.008,0.1141,96.1542,0.0088,0.7648,0.0,1800.0,0.0,6.3
545.0,2026-06-05T18:41:09.312760+00:00,74.983,0.0877,96.2342,0.0453,0.7648,0.0,1800.0,0.0,6.3
545.5,2026-06-05T18:41:09.805551+00:00,74.9638,0.131,96.4114,0.1505,0.7648,0.0,1800.0,0.0,6.3
546.0,2026-06-05T18:41:10.306118+00:00,74.949,0.0371,96.4319,0.1157,0.7648,0.0,1800.0,0.0,6.3
546.5,2026-06-05T18:41:10.805730+00:00,74.9377,-0.0351,96.4477,0.1275,0.7648,0.0,1800.0,0.0,6.3
547.0,2026-06-05T18:41:11.305626+00:00,74.6744,-0.1543,96.4598,0.1366,0.7648,0.0,1800.0,0.0,6.3
547.5,2026-06-05T18:41:11.810110+00:00,74.7266,-0.1186,96.3534,0.0664,0.7648,0.0,1800.0,0.0,6.3
548.0,2026-06-05T18:41:12.305552+00:00,74.7667,-0.0911,96.2716,0.0125,0.7648,0.0,1800.0,0.0,6.3
548.5,2026-06-05T18:41:12.805756+00:00,74.9248,-0.0064,96.3245,-0.029,0.7648,0.0,1800.0,0.0,6.3
549.0,2026-06-05T18:41:13.305905+00:00,74.9191,0.1223,96.2494,-0.0608,0.7648,0.0,1800.0,0.0,6.3
549.500121,2026-06-05T18:41:13.806169+00:00,74.9147,0.094,96.4231,-0.0082,0.7648,0.0,1800.0,0.0,6.3
550.0,2026-06-05T18:41:14.314643+00:00,75.1658,0.1995,96.3252,-0.0449,0.7648,0.0,1800.0,0.0,6.3
550.5,2026-06-05T18:41:14.805554+00:00,75.2316,0.1534,96.4813,0.0426,0.7648,0.0,1800.0,0.0,6.3
551.0,2026-06-05T18:41:15.305547+00:00,75.0276,0.0542,96.4857,0.0713,0.7648,0.0,1800.0,0.0,6.3
551.5,2026-06-05T18:41:15.806025+00:00,74.9981,0.0417,96.489,0.0548,0.7648,0.0,1800.0,0.0,6.3
552.0,2026-06-05T18:41:16.305573+00:00,74.9754,-0.0952,96.4915,0.0807,0.7648,0.0,1800.0,0.0,6.3
552.5,2026-06-05T18:41:16.810742+00:00,74.9579,-0.1368,96.3778,-0.0151,0.7648,0.0,1800.0,0.0,6.3
553.0,2026-06-05T18:41:17.305564+00:00,75.1991,0.0857,96.2904,-0.0116,0.7648,0.0,1800.0,0.0,6.3
553.5,2026-06-05T18:41:17.805552+00:00,75.1299,0.0659,96.4546,-0.0089,0.7648,0.0,1800.0,0.0,6.3
554.0,2026-06-05T18:41:18.305586+00:00,75.0767,0.0507,96.5808,0.0317,0.7648,0.0,1800.0,0.0,6.3
554.5,2026-06-05T18:41:18.805639+00:00,75.1631,0.1026,96.4464,-0.0142,0.7648,0.0,1800.0,0.0,6.3
555.0,2026-06-05T18:41:19.311527+00:00,75.1022,-0.0484,96.3431,-0.0495,0.7648,0.0,1800.0,0.0,6.3
555.5,2026-06-05T18:41:19.805730+00:00,75.0554,-0.0372,96.3794,0.0005,0.7648,0.0,1800.0,0.0,6.3
556.0,2026-06-05T18:41:20.305599+00:00,75.0194,-0.0286,96.523,0.0775,0.7648,0.0,1800.0,0.0,6.3
556.5,2026-06-05T18:41:20.805708+00:00,75.1191,-0.022,96.5177,0.021,0.7648,0.0,1800.0,0.0,6.3
557.0,2026-06-05T18:41:21.305649+00:00,75.0684,-0.0169,96.5367,-0.0147,0.7648,0.0,1800.0,0.0,6.3
557.5,2026-06-05T18:41:21.810585+00:00,75.0294,-0.013,96.6439,0.0658,0.7648,0.0,1800.0,0.0,6.3
558.0,2026-06-05T18:41:22.305741+00:00,74.8722,-0.0736,96.6106,0.0892,0.7648,0.0,1800.0,0.0,6.3512
558.50054,2026-06-05T18:41:22.806931+00:00,75.0059,-0.0566,96.4693,0.03,0.7648,0.0,1800.0,0.0,6.3762
559.0,2026-06-05T18:41:23.305715+00:00,74.9814,-0.0435,96.5921,0.023,0.7648,0.0,1800.0,0.0,6.3884
559.5,2026-06-05T18:41:23.805570+00:00,74.9626,-0.0334,96.4551,-0.0209,0.7648,0.0,1800.0,0.0,6.3431
560.0,2026-06-05T18:41:24.311173+00:00,75.0754,0.1016,96.4655,-0.0237,0.7648,0.0,1800.0,0.0,6.321
560.5,2026-06-05T18:41:24.805582+00:00,75.0348,0.0144,96.4735,-0.0568,0.7648,0.0,1800.0,0.0,6.3103
561.0,2026-06-05T18:41:25.305566+00:00,75.0036,0.0111,96.4796,-0.0437,0.7648,0.0,1800.0,0.0,6.305
561.5,2026-06-05T18:41:25.805555+00:00,74.9796,0.0085,96.4843,0.005,0.7648,0.0,1800.0,0.0,6.3024
562.0,2026-06-05T18:41:26.305537+00:00,75.0885,0.0066,96.6037,0.0038,0.7648,0.0,1800.0,0.0,6.3012
562.5,2026-06-05T18:41:26.811644+00:00,74.9176,-0.0586,96.5797,0.0415,0.7648,0.0,1800.0,0.0,6.3006
563.0,2026-06-05T18:41:27.305775+00:00,75.0408,0.0186,96.4455,-0.0067,0.7648,0.0,1800.0,0.0,6.3515
563.5,2026-06-05T18:41:27.805581+00:00,75.1355,0.0779,96.3424,-0.0437,0.7648,0.0,1800.0,0.0,6.3251
564.0,2026-06-05T18:41:28.305571+00:00,74.9537,-0.0674,96.3789,-0.0336,0.7648,0.0,1800.0,0.0,6.3123
564.5,2026-06-05T18:41:28.805650+00:00,75.0686,0.0755,96.2912,-0.0644,0.7648,0.0,1800.0,0.0,6.306
565.0,2026-06-05T18:41:29.311211+00:00,75.0296,-0.0056,96.1081,-0.1652,0.7648,0.0,1800.0,0.0,6.3029
565.5,2026-06-05T18:41:29.805676+00:00,74.9996,-0.068,95.9674,-0.2041,0.7648,0.0,1800.0,0.0,6.3014
566.0,2026-06-05T18:41:30.305748+00:00,74.8493,-0.0522,95.975,-0.1569,0.7648,0.0,1800.0,0.0,6.3007
566.5,2026-06-05T18:41:30.805554+00:00,74.9883,-0.0401,95.9807,-0.1206,0.7648,0.0,1800.0,0.0,6.3003
567.0,2026-06-05T18:41:31.305555+00:00,74.8406,-0.0945,95.9852,-0.1312,0.7648,0.0,1800.0,0.0,6.3002
567.5,2026-06-05T18:41:31.811327+00:00,74.7271,-0.1363,96.1043,-0.0623,0.7648,0.0,1800.0,0.0,6.3001
568.0,2026-06-05T18:41:32.305557+00:00,75.0216,0.0862,95.9645,-0.0479,0.7648,0.0,1800.0,0.0,6.3
568.5,2026-06-05T18:41:32.806143+00:00,74.9935,0.0026,96.2041,0.0789,0.7648,0.0,1800.0,0.0,6.3
569.0,2026-06-05T18:41:33.305601+00:00,75.0991,0.1293,96.1569,0.0606,0.7648,0.0,1800.0,0.0,6.2488
569.5,2026-06-05T18:41:33.805629+00:00,75.053,0.163,96.2363,0.0852,0.7648,0.0,1800.0,0.0,6.275
570.0,2026-06-05T18:41:34.314570+00:00,75.0176,-0.002,96.2973,0.104,0.7648,0.0,1800.0,0.0,6.2878
570.5,2026-06-05T18:41:34.805565+00:00,74.9904,-0.0015,96.4599,0.1185,0.7648,0.0,1800.0,0.0,6.2941
571.0,2026-06-05T18:41:35.306070+00:00,75.0968,-0.0012,96.5849,0.2068,0.7648,0.0,1800.0,0.0,6.2971
571.5,2026-06-05T18:41:35.805564+00:00,75.3058,0.1264,96.6809,0.1589,0.7648,0.0,1800.0,0.0,6.2986
572.0,2026-06-05T18:41:36.306031+00:00,75.2119,0.0971,96.7548,0.1993,0.7648,0.0,1800.0,0.0,6.2993
572.5,2026-06-05T18:41:36.810159+00:00,75.1397,0.0746,96.8115,0.1917,0.7648,0.0,1800.0,0.0,6.2997
573.0,2026-06-05T18:41:37.305569+00:00,75.0842,-0.0063,96.6237,0.1088,0.7648,0.0,1800.0,0.0,6.2998
573.5,2026-06-05T18:41:37.805561+00:00,75.0416,-0.1321,96.248,-0.0706,0.7648,0.0,1800.0,0.0,6.2999
574.0,2026-06-05T18:41:38.305566+00:00,75.0088,-0.1015,96.2832,-0.1006,0.7648,0.0,1800.0,0.0,6.3
574.5,2026-06-05T18:41:38.805544+00:00,75.2382,0.0492,96.1019,-0.193,0.7648,0.0,1800.0,0.0,6.3512
575.0,2026-06-05T18:41:39.311378+00:00,75.2872,0.1015,96.3098,-0.1483,0.7648,0.0,1800.0,0.0,6.3762
575.5,2026-06-05T18:41:39.805547+00:00,75.4521,0.2053,96.3538,-0.1526,0.7648,0.0,1800.0,0.0,6.3372
576.0,2026-06-05T18:41:40.305538+00:00,75.4516,0.2214,96.3876,-0.0787,0.7648,0.0,1800.0,0.0,6.3181
576.5,2026-06-05T18:41:40.805695+00:00,75.4513,0.1065,96.4136,0.0552,0.7648,0.0,1800.0,0.0,6.3089
577.0,2026-06-05T18:41:41.305547+00:00,75.451,0.0819,96.4336,0.0501,0.7648,0.0,1800.0,0.0,6.3043
577.5,2026-06-05T18:41:41.811758+00:00,75.578,0.0629,96.449,0.1157,0.7648,0.0,1800.0,0.0,6.3021
578.0,2026-06-05T18:41:42.305636+00:00,75.4211,-0.0153,96.4608,0.0503,0.7648,0.0,1800.0,0.0,6.3522
578.5,2026-06-05T18:41:42.805821+00:00,75.3005,-0.0754,96.3542,0.0001,0.7648,0.0,1800.0,0.0,6.3255
579.0,2026-06-05T18:41:43.305636+00:00,75.0806,-0.1852,96.5036,0.0387,0.7648,0.0,1800.0,0.0,6.3636
579.5,2026-06-05T18:41:43.805562+00:00,75.2933,-0.1423,96.3871,-0.0089,0.7648,0.0,1800.0,0.0,6.3823
580.0,2026-06-05T18:41:44.310369+00:00,75.3296,-0.0458,96.5289,0.0318,0.7648,0.0,1800.0,0.0,6.3913
580.5,2026-06-05T18:41:44.805971+00:00,75.3575,0.0285,96.6379,0.063,0.7648,0.0,1800.0,0.0,6.447
581.0,2026-06-05T18:41:45.305725+00:00,75.3789,0.1491,96.6291,0.0561,0.7648,0.0,1800.0,0.0,6.4741
581.5,2026-06-05T18:41:45.805550+00:00,75.3953,0.051,96.715,0.1203,0.7648,0.0,1800.0,0.0,6.4362
582.0,2026-06-05T18:41:46.305533+00:00,75.2807,-0.0244,96.6652,0.0539,0.7648,0.0,1800.0,0.0,6.4177
582.5,2026-06-05T18:41:46.811735+00:00,74.9381,-0.2097,96.627,0.08,0.7648,0.0,1800.0,0.0,6.4086
583.0,2026-06-05T18:41:47.305561+00:00,74.9293,-0.2248,96.7133,0.0615,0.7648,0.0,1800.0,0.0,6.4554
583.5,2026-06-05T18:41:47.805567+00:00,75.0498,-0.1728,96.7796,0.0472,0.7648,0.0,1800.0,0.0,6.427
584.0,2026-06-05T18:41:48.305728+00:00,75.1424,-0.0692,96.8306,0.0672,0.7648,0.0,1800.0,0.0,6.4132
584.5,2026-06-05T18:41:48.805536+00:00,75.2136,0.1377,96.8698,0.0516,0.7648,0.0,1800.0,0.0,6.4064
585.0,2026-06-05T18:41:49.310953+00:00,75.141,0.1059,96.7842,0.0397,0.7648,0.0,1800.0,0.0,6.4031
585.5,2026-06-05T18:41:49.806883+00:00,75.3398,0.145,96.7185,0.0305,0.7648,0.0,1800.0,0.0,6.4015
586.0,2026-06-05T18:41:50.305680+00:00,75.238,0.0478,96.5522,-0.0537,0.7648,0.0,1800.0,0.0,6.4007
586.5,2026-06-05T18:41:50.805554+00:00,75.2871,0.0368,96.4244,-0.1184,0.7648,0.0,1800.0,0.0,6.3492
587.0,2026-06-05T18:41:51.305576+00:00,75.3248,0.0919,96.3262,-0.1681,0.7648,0.0,1800.0,0.0,6.324
587.5,2026-06-05T18:41:51.810345+00:00,75.2265,-0.0566,96.135,-0.2449,0.7648,0.0,1800.0,0.0,6.3117
588.0,2026-06-05T18:41:52.305546+00:00,75.1509,-0.0435,95.9881,-0.2654,0.7648,0.0,1800.0,0.0,6.3569
588.5,2026-06-05T18:41:52.805554+00:00,75.3474,0.0302,96.1065,-0.204,0.7648,0.0,1800.0,0.0,6.379
589.0,2026-06-05T18:41:53.305739+00:00,75.3711,0.0232,96.1976,-0.1182,0.7648,0.0,1800.0,0.0,6.3897
589.5,2026-06-05T18:41:53.805620+00:00,75.1349,-0.0458,96.2676,-0.0523,0.7648,0.0,1800.0,0.0,6.3438
590.0,2026-06-05T18:41:54.313473+00:00,75.2078,0.0284,96.2057,-0.0402,0.7648,0.0,1800.0,0.0,6.3214
590.5,2026-06-05T18:41:54.805590+00:00,75.2638,-0.0418,96.0424,-0.0309,0.7648,0.0,1800.0,0.0,6.3104
591.0,2026-06-05T18:41:55.306070+00:00,75.4342,0.0315,95.9169,-0.0237,0.7648,0.0,1800.0,0.0,6.3051
591.5,2026-06-05T18:41:55.806045+00:00,75.5651,0.2151,95.7973,-0.1031,0.7648,0.0,1800.0,0.0,6.3025
592.0,2026-06-05T18:41:56.305563+00:00,75.4112,0.1017,96.0756,-0.0407,0.7648,0.0,1800.0,0.0,6.3012
592.5,2026-06-05T18:41:56.812480+00:00,75.4202,0.0782,95.9424,-0.1084,0.7648,0.0,1800.0,0.0,6.3006
593.0,2026-06-05T18:41:57.305561+00:00,75.4271,-0.0035,95.9557,-0.0833,0.7648,0.0,1800.0,0.0,6.3003
593.5,2026-06-05T18:41:57.805553+00:00,75.3051,-0.13,95.966,-0.0255,0.7648,0.0,1800.0,0.0,6.3001
594.0,2026-06-05T18:41:58.305534+00:00,75.3386,-0.0363,95.9738,0.019,0.7648,0.0,1800.0,0.0,6.3001
594.5,2026-06-05T18:41:58.805542+00:00,75.2371,-0.0915,95.7485,-0.0163,0.7648,0.0,1800.0,0.0,6.3
595.0,2026-06-05T18:41:59.311716+00:00,75.2864,-0.0703,95.8067,-0.0896,0.7648,0.0,1800.0,0.0,6.3
595.5,2026-06-05T18:41:59.805541+00:00,75.197,-0.0541,95.9671,0.0082,0.7648,0.0,1800.0,0.0,6.3
596.0,2026-06-05T18:42:00.305576+00:00,75.2555,-0.0416,95.9747,0.0063,0.7648,0.0,1800.0,0.0,6.3
596.5,2026-06-05T18:42:00.805552+00:00,75.4278,0.0953,96.0963,0.0434,0.7648,0.0,1800.0,0.0,6.3
597.0,2026-06-05T18:42:01.305554+00:00,75.4329,0.0733,96.3054,0.1105,0.7648,0.0,1800.0,0.0,6.3
597.5,2026-06-05T18:42:01.811427+00:00,75.4369,0.12,96.4661,0.2392,0.7648,0.0,1800.0,0.0,6.3
598.0,2026-06-05T18:42:02.305537+00:00,75.3127,0.0286,96.5897,0.261,0.7648,0.0,1800.0,0.0,6.3
598.5,2026-06-05T18:42:02.805586+00:00,75.2172,-0.1053,96.3375,0.1235,0.7648,0.0,1800.0,0.0,6.3
599.0,2026-06-05T18:42:03.305569+00:00,75.271,-0.0809,96.352,0.1257,0.7648,0.0,1800.0,0.0,6.3
599.5,2026-06-05T18:42:03.805816+00:00,75.1852,-0.1259,96.2474,0.0504,0.7648,0.0,1800.0,0.0,6.3512
600.0,2026-06-05T18:42:04.310235+00:00,75.3737,0.0305,96.1901,-0.0384,0.7648,0.0,1800.0,0.0,6.3762
600.5,2026-06-05T18:42:04.805624+00:00,75.3914,0.0871,96.1461,-0.1067,0.7648,0.0,1800.0,0.0,6.3884
601.0,2026-06-05T18:42:05.305778+00:00,75.4049,0.067,96.228,-0.1205,0.7648,0.0,1800.0,0.0,6.3943
601.5,2026-06-05T18:42:05.805584+00:00,75.2881,0.0515,96.4067,0.023,0.7648,0.0,1800.0,0.0,6.3972
602.0,2026-06-05T18:42:06.305922+00:00,75.1983,-0.0877,96.3126,-0.0131,0.7648,0.0,1800.0,0.0,6.3986
602.5,2026-06-05T18:42:06.814724+00:00,75.3838,-0.0038,96.1245,-0.041,0.7648,0.0,1800.0,0.0,6.3481
603.0,2026-06-05T18:42:07.305570+00:00,75.3991,-0.0029,96.2114,0.0071,0.7648,0.0,1800.0,0.0,6.3747
603.5,2026-06-05T18:42:07.805551+00:00,75.5382,0.125,96.1625,0.0055,0.7648,0.0,1800.0,0.0,6.3877
604.0,2026-06-05T18:42:08.306075+00:00,75.3905,0.0961,96.2406,0.0042,0.7648,0.0,1800.0,0.0,6.394
604.5,2026-06-05T18:42:08.805717+00:00,75.4043,0.0102,96.4163,0.0032,0.7648,0.0,1800.0,0.0,6.3971
605.0,2026-06-05T18:42:09.313664+00:00,75.4148,0.0079,96.5514,0.0796,0.7648,0.0,1800.0,0.0,6.3986
605.5,2026-06-05T18:42:09.805947+00:00,75.5503,0.006,96.5395,0.1383,0.7648,0.0,1800.0,0.0,6.3481
606.0,2026-06-05T18:42:10.305824+00:00,75.3998,0.0046,96.5304,0.1063,0.7648,0.0,1800.0,0.0,6.3235
606.5,2026-06-05T18:42:10.805643+00:00,75.4114,0.0036,96.5233,0.1203,0.7648,0.0,1800.0,0.0,6.3115
607.000121,2026-06-05T18:42:11.305708+00:00,75.4203,0.0027,96.4022,0.0539,0.7648,0.0,1800.0,0.0,6.3568
607.5,2026-06-05T18:42:11.811273+00:00,75.5545,0.0021,96.3092,-0.0357,0.7648,0.0,1800.0,0.0,6.3789
608.0,2026-06-05T18:42:12.305547+00:00,75.403,0.0016,96.469,-0.0275,0.7648,0.0,1800.0,0.0,6.4409
608.5,2026-06-05T18:42:12.805701+00:00,75.4139,0.0012,96.3605,-0.0597,0.7648,0.0,1800.0,0.0,6.42
609.0,2026-06-05T18:42:13.305572+00:00,75.295,-0.0627,96.2771,-0.0844,0.7648,0.0,1800.0,0.0,6.4097
609.5,2026-06-05T18:42:13.805583+00:00,75.2036,-0.1754,96.0973,-0.142,0.7648,0.0,1800.0,0.0,6.4048
610.0,2026-06-05T18:42:14.310013+00:00,75.1333,-0.1348,96.1905,-0.0706,0.7648,0.0,1800.0,0.0,6.4023
610.5,2026-06-05T18:42:14.805553+00:00,75.2066,-0.1036,96.2621,-0.0157,0.7648,0.0,1800.0,0.0,6.3499
611.0,2026-06-05T18:42:15.305553+00:00,75.1357,-0.0797,96.3171,-0.0506,0.7648,0.0,1800.0,0.0,6.3244
611.5,2026-06-05T18:42:15.805654+00:00,75.2084,0.0024,96.2438,-0.0389,0.7648,0.0,1800.0,0.0,6.3119
612.0,2026-06-05T18:42:16.305547+00:00,75.2643,0.0655,96.303,0.0087,0.7648,0.0,1800.0,0.0,6.3058
612.5,2026-06-05T18:42:16.813528+00:00,75.0527,-0.0769,96.4643,0.1224,0.7648,0.0,1800.0,0.0,6.3028
613.0,2026-06-05T18:42:17.307072+00:00,75.1447,0.0045,96.5883,0.1326,0.7648,0.0,1800.0,0.0,6.3526
613.5,2026-06-05T18:42:17.805860+00:00,75.088,-0.0602,96.5679,0.1019,0.7648,0.0,1800.0,0.0,6.3257
614.0,2026-06-05T18:42:18.305701+00:00,75.1718,-0.0463,96.4364,0.0398,0.7648,0.0,1800.0,0.0,6.3125
614.5,2026-06-05T18:42:18.805805+00:00,75.3634,0.1554,96.5669,0.1077,0.7648,0.0,1800.0,0.0,6.3061
615.0,2026-06-05T18:42:19.315310+00:00,75.3835,0.1194,96.5514,0.0828,0.7648,0.0,1800.0,0.0,6.303
615.5,2026-06-05T18:42:19.805548+00:00,75.3989,0.1554,96.3081,-0.0521,0.7648,0.0,1800.0,0.0,6.3015
616.0,2026-06-05T18:42:20.305649+00:00,75.4107,0.1194,96.3525,-0.0786,0.7648,0.0,1800.0,0.0,6.3007
616.5,2026-06-05T18:42:20.805909+00:00,75.4198,0.0282,96.2709,-0.099,0.7648,0.0,1800.0,0.0,6.3003
617.0,2026-06-05T18:42:21.305592+00:00,75.5541,0.0853,96.3239,-0.0375,0.7648,0.0,1800.0,0.0,6.3002
617.5,2026-06-05T18:42:21.810290+00:00,75.53,0.0656,96.3647,-0.0674,0.7648,0.0,1800.0,0.0,6.3001
618.0,2026-06-05T18:42:22.305549+00:00,75.6387,0.114,96.5117,-0.0132,0.7648,0.0,1800.0,0.0,6.3
618.5,2026-06-05T18:42:22.805581+00:00,75.4678,0.024,96.6247,0.1055,0.7648,0.0,1800.0,0.0,6.3
619.0,2026-06-05T18:42:23.305563+00:00,75.4637,-0.0452,96.7115,0.1197,0.7648,0.0,1800.0,0.0,6.3
619.5,2026-06-05T18:42:23.805580+00:00,75.4605,-0.0347,96.6626,0.1306,0.7648,0.0,1800.0,0.0,6.3
620.0,2026-06-05T18:42:24.312282+00:00,75.4581,-0.0903,96.7407,0.1389,0.7648,0.0,1800.0,0.0,6.3
620.5,2026-06-05T18:42:24.805566+00:00,75.4562,-0.0058,96.8007,0.1453,0.7648,0.0,1800.0,0.0,6.3
621.0,2026-06-05T18:42:25.305668+00:00,75.3275,-0.0681,96.8468,0.1117,0.7648,0.0,1800.0,0.0,6.3
621.5,2026-06-05T18:42:25.805833+00:00,75.4831,0.0113,96.8822,0.0859,0.7648,0.0,1800.0,0.0,6.3
622.0,2026-06-05T18:42:26.305775+00:00,75.3482,-0.0549,96.9095,0.066,0.7648,0.0,1800.0,0.0,6.3
622.5,2026-06-05T18:42:26.810370+00:00,75.3717,-0.0422,96.8147,0.0507,0.7648,0.0,1800.0,0.0,6.2488
623.0,2026-06-05T18:42:27.306535+00:00,75.3899,0.0312,96.7419,0.0004,0.7648,0.0,1800.0,0.0,6.275
623.5,2026-06-05T18:42:27.805561+00:00,75.4038,-0.0397,96.8016,0.0003,0.7648,0.0,1800.0,0.0,6.2878
624.0,2026-06-05T18:42:28.305559+00:00,75.2872,-0.0305,96.6161,-0.0769,0.7648,0.0,1800.0,0.0,6.294
624.5,2026-06-05T18:42:28.805796+00:00,75.3249,-0.0234,96.705,-0.0591,0.7648,0.0,1800.0,0.0,6.2971
625.0,2026-06-05T18:42:29.313070+00:00,75.3538,-0.018,96.5418,-0.1226,0.7648,0.0,1800.0,0.0,6.2986
625.5,2026-06-05T18:42:29.805538+00:00,75.5034,0.0498,96.6479,-0.0556,0.7648,0.0,1800.0,0.0,6.2993
626.0,2026-06-05T18:42:30.305700+00:00,75.6183,0.1655,96.6136,-0.0428,0.7648,0.0,1800.0,0.0,6.2997
626.5,2026-06-05T18:42:30.805728+00:00,75.5793,0.1272,96.703,-0.0329,0.7648,0.0,1800.0,0.0,6.2998
627.0,2026-06-05T18:42:31.305540+00:00,75.5494,0.0978,96.6561,0.0133,0.7648,0.0,1800.0,0.0,6.2999
627.5,2026-06-05T18:42:31.813176+00:00,75.5264,0.0115,96.6199,-0.0283,0.7648,0.0,1800.0,0.0,6.3
628.0,2026-06-05T18:42:32.306989+00:00,75.636,0.0089,96.5922,0.0168,0.7648,0.0,1800.0,0.0,6.3
628.5,2026-06-05T18:42:32.805522+00:00,75.7202,0.0704,96.5709,-0.0257,0.7648,0.0,1800.0,0.0,6.3
629.0,2026-06-05T18:42:33.305728+00:00,75.6577,0.0541,96.6702,0.0188,0.7648,0.0,1800.0,0.0,6.3
629.5,2026-06-05T18:42:33.806336+00:00,75.7369,0.1052,96.6308,-0.0241,0.7648,0.0,1800.0,0.0,6.3
630.0,2026-06-05T18:42:34.316073+00:00,75.6705,0.0173,96.7162,0.0201,0.7648,0.0,1800.0,0.0,6.3
630.5,2026-06-05T18:42:34.805595+00:00,75.6195,-0.0504,96.5505,-0.0232,0.7648,0.0,1800.0,0.0,6.3
631.0,2026-06-05T18:42:35.305549+00:00,75.5803,-0.0387,96.4231,-0.0564,0.7648,0.0,1800.0,0.0,6.3
631.5,2026-06-05T18:42:35.805583+00:00,75.5501,-0.0934,96.3252,-0.0819,0.7648,0.0,1800.0,0.0,6.3
632.0,2026-06-05T18:42:36.305554+00:00,75.3997,-0.1354,96.3656,-0.1015,0.7648,0.0,1800.0,0.0,6.3
632.5,2026-06-05T18:42:36.811227+00:00,75.4113,-0.1041,96.3967,-0.078,0.7648,0.0,1800.0,0.0,6.3
633.0,2026-06-05T18:42:37.305601+00:00,75.4203,-0.08,96.3049,-0.1371,0.7648,0.0,1800.0,0.0,6.3512
633.5,2026-06-05T18:42:37.805561+00:00,75.2999,-0.1251,96.3269,-0.0745,0.7648,0.0,1800.0,0.0,6.325
634.0,2026-06-05T18:42:38.305556+00:00,75.4619,0.0311,96.2513,-0.0573,0.7648,0.0,1800.0,0.0,6.3122
634.5,2026-06-05T18:42:38.805558+00:00,75.4591,0.0239,96.17,-0.0517,0.7648,0.0,1800.0,0.0,6.3572
635.0,2026-06-05T18:42:39.311417+00:00,75.5843,0.082,96.2464,-0.0398,0.7648,0.0,1800.0,0.0,6.3791
635.5,2026-06-05T18:42:39.805613+00:00,75.6805,0.1903,96.1893,-0.0691,0.7648,0.0,1800.0,0.0,6.3386
636.0,2026-06-05T18:42:40.305569+00:00,75.4999,0.019,96.2612,-0.0146,0.7648,0.0,1800.0,0.0,6.3188
636.5,2026-06-05T18:42:40.805588+00:00,75.4883,0.0146,96.3165,-0.0035,0.7648,0.0,1800.0,0.0,6.3092
637.0,2026-06-05T18:42:41.305617+00:00,75.4795,-0.0524,96.4747,0.0745,0.7648,0.0,1800.0,0.0,6.3045
637.5,2026-06-05T18:42:41.814658+00:00,75.5999,-0.0403,96.4805,0.1035,0.7648,0.0,1800.0,0.0,6.3022
638.0,2026-06-05T18:42:42.305629+00:00,75.6925,0.0963,96.485,0.0796,0.7648,0.0,1800.0,0.0,6.3011
638.5,2026-06-05T18:42:42.805669+00:00,75.6364,0.074,96.4885,0.0997,0.7648,0.0,1800.0,0.0,6.3005
639.0,2026-06-05T18:42:43.306292+00:00,75.466,-0.0067,96.468,0.0689,0.7648,0.0,1800.0,0.0,6.3003
639.5,2026-06-05T18:42:43.805547+00:00,75.4623,-0.0688,96.4754,0.053,0.7648,0.0,1800.0,0.0,6.3001
640.0,2026-06-05T18:42:44.315491+00:00,75.4594,-0.1165,96.5968,0.0407,0.7648,0.0,1800.0,0.0,6.3001
640.5,2026-06-05T18:42:44.805567+00:00,75.5845,-0.0259,96.5744,0.0313,0.7648,0.0,1800.0,0.0,6.3
641.0,2026-06-05T18:42:45.305804+00:00,75.6807,0.1073,96.534,0.0163,0.7648,0.0,1800.0,0.0,6.3
641.5,2026-06-05T18:42:45.805610+00:00,75.7546,0.1461,96.6419,0.0511,0.7648,0.0,1800.0,0.0,6.3
642.0,2026-06-05T18:42:46.305551+00:00,75.5568,0.0487,96.7247,0.0856,0.7648,0.0,1800.0,0.0,6.3
642.5,2026-06-05T18:42:46.911276+00:00,75.5321,-0.0262,96.6727,0.0658,0.7648,0.0,1800.0,0.0,6.3
643.0,2026-06-05T18:42:47.305540+00:00,75.6404,-0.0201,96.7485,0.0506,0.7648,0.0,1800.0,0.0,6.3
643.5,2026-06-05T18:42:47.805603+00:00,75.5963,-0.0791,96.691,0.0389,0.7648,0.0,1800.0,0.0,6.3
644.0,2026-06-05T18:42:48.305666+00:00,75.5625,0.0028,96.7625,0.0761,0.7648,0.0,1800.0,0.0,6.3
644.5,2026-06-05T18:42:48.805834+00:00,75.5364,0.0022,96.8174,0.0585,0.7648,0.0,1800.0,0.0,6.3
645.0,2026-06-05T18:42:49.310406+00:00,75.5164,-0.062,96.744,0.0064,0.7648,0.0,1800.0,0.0,6.3
645.5,2026-06-05T18:42:49.805898+00:00,75.6283,0.016,96.6875,0.0049,0.7648,0.0,1800.0,0.0,6.3
646.0,2026-06-05T18:42:50.308092+00:00,75.5871,0.0123,96.7598,0.0038,0.7648,0.0,1800.0,0.0,6.3
646.5,2026-06-05T18:42:50.807127+00:00,75.5553,0.0095,96.584,-0.0357,0.7648,0.0,1800.0,0.0,6.3
647.0,2026-06-05T18:42:51.305545+00:00,75.6582,0.0709,96.6803,-0.0274,0.7648,0.0,1800.0,0.0,6.3
647.5,2026-06-05T18:42:51.810699+00:00,75.4828,-0.0728,96.7543,-0.0211,0.7648,0.0,1800.0,0.0,6.3
648.0,2026-06-05T18:42:52.305612+00:00,75.4752,-0.0559,96.9268,0.0609,0.7648,0.0,1800.0,0.0,6.3
648.5,2026-06-05T18:42:52.805550+00:00,75.2148,-0.1703,96.8281,0.0468,0.7648,0.0,1800.0,0.0,6.3
649.0,2026-06-05T18:42:53.305588+00:00,75.3965,-0.1309,96.8678,0.036,0.7648,0.0,1800.0,0.0,6.3
649.5,2026-06-05T18:42:53.805744+00:00,75.4089,-0.0369,96.7827,0.0662,0.7648,0.0,1800.0,0.0,6.3
650.0,2026-06-05T18:42:54.310756+00:00,75.5457,0.0352,96.7173,0.0123,0.7648,0.0,1800.0,0.0,6.3
650.5,2026-06-05T18:42:54.805547+00:00,75.5235,0.1544,96.667,-0.0291,0.7648,0.0,1800.0,0.0,6.2488
651.0,2026-06-05T18:42:55.306981+00:00,75.7611,0.1823,96.6284,-0.0995,0.7648,0.0,1800.0,0.0,6.2238
651.5,2026-06-05T18:42:55.805765+00:00,75.6891,0.1401,96.7144,-0.0379,0.7648,0.0,1800.0,0.0,6.2116
652.0,2026-06-05T18:42:56.305708+00:00,75.6338,0.044,96.6648,-0.0677,0.7648,0.0,1800.0,0.0,6.2057
652.5,2026-06-05T18:42:56.810826+00:00,75.5912,0.0339,96.7423,-0.0135,0.7648,0.0,1800.0,0.0,6.2028
653.0,2026-06-05T18:42:57.306427+00:00,75.4313,-0.1649,96.6863,-0.0103,0.7648,0.0,1800.0,0.0,6.3038
653.5,2026-06-05T18:42:57.805596+00:00,75.6902,0.0005,96.6432,-0.008,0.7648,0.0,1800.0,0.0,6.353
654.0,2026-06-05T18:42:58.305564+00:00,75.7619,0.064,96.61,-0.0061,0.7648,0.0,1800.0,0.0,6.3771
654.5,2026-06-05T18:42:58.806732+00:00,75.817,0.1129,96.7003,-0.0047,0.7648,0.0,1800.0,0.0,6.3888
655.0,2026-06-05T18:42:59.411286+00:00,75.732,0.1504,96.8853,0.0735,0.7648,0.0,1800.0,0.0,6.3945
655.5,2026-06-05T18:42:59.805625+00:00,75.6668,-0.0117,96.9119,0.0565,0.7648,0.0,1800.0,0.0,6.3973
656.0,2026-06-05T18:43:00.305660+00:00,75.6166,-0.0726,96.8166,0.0434,0.7648,0.0,1800.0,0.0,6.3987
656.5,2026-06-05T18:43:00.805781+00:00,75.5781,-0.1194,96.859,0.0719,0.7648,0.0,1800.0,0.0,6.3994
657.0,2026-06-05T18:43:01.305556+00:00,75.803,0.0355,96.7759,0.0553,0.7648,0.0,1800.0,0.0,6.3997
657.5,2026-06-05T18:43:01.811863+00:00,75.9758,0.1545,96.8278,0.0425,0.7648,0.0,1800.0,0.0,6.3486
658.0,2026-06-05T18:43:02.305583+00:00,75.8542,0.1188,96.8676,-0.0059,0.7648,0.0,1800.0,0.0,6.3749
658.5,2026-06-05T18:43:02.805806+00:00,75.8879,0.1549,96.8983,-0.0045,0.7648,0.0,1800.0,0.0,6.3366
659.0,2026-06-05T18:43:03.305559+00:00,75.7866,-0.0082,96.9218,0.0351,0.7648,0.0,1800.0,0.0,6.3178
659.5,2026-06-05T18:43:03.805764+00:00,75.836,-0.0699,96.8242,-0.0116,0.7648,0.0,1800.0,0.0,6.3087
660.0,2026-06-05T18:43:04.312497+00:00,75.6194,-0.1174,96.8649,0.0296,0.7648,0.0,1800.0,0.0,6.3043
660.5,2026-06-05T18:43:04.805838+00:00,75.5802,-0.1539,96.8961,0.0228,0.7648,0.0,1800.0,0.0,6.3021
661.0,2026-06-05T18:43:05.305580+00:00,75.6773,-0.0546,96.9202,0.0175,0.7648,0.0,1800.0,0.0,6.301
661.5,2026-06-05T18:43:05.805549+00:00,75.752,-0.042,96.8229,-0.0251,0.7648,0.0,1800.0,0.0,6.3005
662.0,2026-06-05T18:43:06.305571+00:00,75.8094,0.095,96.8639,-0.0193,0.7648,0.0,1800.0,0.0,6.3002
662.5,2026-06-05T18:43:06.811696+00:00,75.7262,0.073,96.7797,-0.0148,0.7648,0.0,1800.0,0.0,6.2489
663.0,2026-06-05T18:43:07.305556+00:00,75.7896,0.0561,96.8307,-0.0114,0.7648,0.0,1800.0,0.0,6.2751
663.5,2026-06-05T18:43:07.805551+00:00,75.9655,0.1068,96.8699,-0.0088,0.7648,0.0,1800.0,0.0,6.2878
664.0,2026-06-05T18:43:08.305699+00:00,75.9735,0.0821,96.9,-0.0067,0.7648,0.0,1800.0,0.0,6.2941
664.5,2026-06-05T18:43:08.805776+00:00,75.9796,0.1267,96.8074,-0.0052,0.7648,0.0,1800.0,0.0,6.2971
665.0,2026-06-05T18:43:09.312193+00:00,76.2389,0.2247,96.852,-0.004,0.7648,0.0,1800.0,0.0,6.2986
665.5,2026-06-05T18:43:09.805560+00:00,76.0563,0.0454,96.8862,0.0355,0.7648,0.0,1800.0,0.0,6.2481
666.0,2026-06-05T18:43:10.306224+00:00,75.7888,-0.0924,96.9126,0.0273,0.7648,0.0,1800.0,0.0,6.2235
666.5,2026-06-05T18:43:10.805553+00:00,75.8376,-0.071,96.8171,-0.0176,0.7648,0.0,1800.0,0.0,6.2115
667.0,2026-06-05T18:43:11.305554+00:00,75.8752,-0.1818,96.8594,-0.0135,0.7648,0.0,1800.0,0.0,6.2056
667.5,2026-06-05T18:43:11.911492+00:00,75.9041,-0.0761,96.7762,-0.0104,0.7648,0.0,1800.0,0.0,6.2027
668.0,2026-06-05T18:43:12.305559+00:00,76.1808,0.196,96.828,-0.008,0.7648,0.0,1800.0,0.0,6.2525
668.5,2026-06-05T18:43:12.805550+00:00,76.0117,0.087,96.8678,-0.0061,0.7648,0.0,1800.0,0.0,6.2768
669.0,2026-06-05T18:43:13.305544+00:00,75.7545,-0.0604,96.7827,-0.0433,0.7648,0.0,1800.0,0.0,6.2887
669.5,2026-06-05T18:43:13.805569+00:00,75.8113,-0.0464,96.7173,-0.0333,0.7648,0.0,1800.0,0.0,6.2945
670.0,2026-06-05T18:43:14.313248+00:00,75.8549,-0.1629,96.8984,0.013,0.7648,0.0,1800.0,0.0,6.2973
670.5,2026-06-05T18:43:14.805537+00:00,75.8885,-0.0616,96.9219,0.0486,0.7648,0.0,1800.0,0.0,6.2987
671.0,2026-06-05T18:43:15.305570+00:00,75.787,0.0163,96.94,0.0373,0.7648,0.0,1800.0,0.0,6.2994
671.5,2026-06-05T18:43:15.805874+00:00,75.9636,0.0762,97.0696,0.0673,0.7648,0.0,1800.0,0.0,6.2997
672.0,2026-06-05T18:43:16.305587+00:00,75.972,0.0585,96.8221,0.0131,0.7648,0.0,1800.0,0.0,6.2998
672.5,2026-06-05T18:43:16.814126+00:00,75.724,-0.0823,96.9789,0.0872,0.7648,0.0,1800.0,0.0,6.2487
673.0,2026-06-05T18:43:17.305543+00:00,75.9151,0.064,96.9838,0.0285,0.7648,0.0,1800.0,0.0,6.275
673.5,2026-06-05T18:43:17.805570+00:00,75.9347,-0.0144,96.9876,0.0219,0.7648,0.0,1800.0,0.0,6.2878
674.0,2026-06-05T18:43:18.305566+00:00,75.8226,-0.0747,96.8747,-0.0217,0.7648,0.0,1800.0,0.0,6.294
674.5,2026-06-05T18:43:18.805873+00:00,75.8636,0.0698,96.788,-0.0938,0.7648,0.0,1800.0,0.0,6.2971
675.0,2026-06-05T18:43:19.312008+00:00,75.8952,-0.01,96.8371,0.005,0.7648,0.0,1800.0,0.0,6.2986
675.5,2026-06-05T18:43:19.805546+00:00,75.9194,-0.0077,96.7591,-0.0733,0.7648,0.0,1800.0,0.0,6.2993
676.0,2026-06-05T18:43:20.305719+00:00,75.9381,0.0578,96.6991,-0.0949,0.7648,0.0,1800.0,0.0,6.2997
676.5,2026-06-05T18:43:20.806943+00:00,76.0797,0.108,96.7687,-0.0729,0.7648,0.0,1800.0,0.0,6.2998
677.0,2026-06-05T18:43:21.305692+00:00,76.0612,0.083,96.7066,-0.0561,0.7648,0.0,1800.0,0.0,6.2999
677.5,2026-06-05T18:43:21.810791+00:00,76.1743,0.1274,96.6588,-0.0431,0.7648,0.0,1800.0,0.0,6.2488
678.0,2026-06-05T18:43:22.305822+00:00,75.8795,-0.0293,96.7377,-0.0331,0.7648,0.0,1800.0,0.0,6.275
678.5,2026-06-05T18:43:22.805981+00:00,76.0346,-0.0225,96.6827,-0.0255,0.7648,0.0,1800.0,0.0,6.2878
679.0,2026-06-05T18:43:23.305606+00:00,75.8993,-0.081,96.7561,0.019,0.7648,0.0,1800.0,0.0,6.294
679.5,2026-06-05T18:43:23.805566+00:00,75.9226,-0.1259,96.6969,-0.024,0.7648,0.0,1800.0,0.0,6.3483
680.0,2026-06-05T18:43:24.309893+00:00,75.8133,-0.0331,96.6513,-0.0184,0.7648,0.0,1800.0,0.0,6.3748
680.5,2026-06-05T18:43:24.805541+00:00,75.8565,-0.0891,96.6163,-0.0142,0.7648,0.0,1800.0,0.0,6.3877
681.0,2026-06-05T18:43:25.305562+00:00,75.8897,-0.0048,96.5894,-0.0494,0.7648,0.0,1800.0,0.0,6.394
681.5,2026-06-05T18:43:25.805558+00:00,75.9152,-0.0037,96.5456,-0.0457,0.7648,0.0,1800.0,0.0,6.3459
682.0,2026-06-05T18:43:26.305543+00:00,76.0621,0.1244,96.535,-0.0737,0.7648,0.0,1800.0,0.0,6.3224
682.5,2026-06-05T18:43:26.810527+00:00,76.175,0.1593,96.5269,-0.0566,0.7648,0.0,1800.0,0.0,6.3109
683.0,2026-06-05T18:43:27.305591+00:00,76.1345,0.1224,96.6364,-0.005,0.7648,0.0,1800.0,0.0,6.3565
683.5,2026-06-05T18:43:27.805553+00:00,75.8488,-0.0332,96.7205,0.0347,0.7648,0.0,1800.0,0.0,6.3276
684.0,2026-06-05T18:43:28.305875+00:00,75.8838,-0.0891,96.6695,0.0267,0.7648,0.0,1800.0,0.0,6.3135
684.5,2026-06-05T18:43:28.805643+00:00,75.9107,-0.1321,96.5146,-0.0103,0.7648,0.0,1800.0,0.0,6.3066
685.0,2026-06-05T18:43:29.310556+00:00,75.9314,-0.1016,96.3955,-0.0465,0.7648,0.0,1800.0,0.0,6.3032
685.5,2026-06-05T18:43:29.805574+00:00,76.0745,0.1128,96.4197,-0.0357,0.7648,0.0,1800.0,0.0,6.3016
686.0,2026-06-05T18:43:30.305604+00:00,75.93,0.0231,96.3226,-0.1046,0.7648,0.0,1800.0,0.0,6.3008
686.5,2026-06-05T18:43:30.805557+00:00,75.9462,0.0177,96.2479,-0.1575,0.7648,0.0,1800.0,0.0,6.3004
687.0,2026-06-05T18:43:31.305771+00:00,76.0859,0.0773,96.422,-0.0825,0.7648,0.0,1800.0,0.0,6.3002
687.5,2026-06-05T18:43:31.814992+00:00,76.1933,0.0594,96.3243,-0.0634,0.7648,0.0,1800.0,0.0,6.2489
688.0,2026-06-05T18:43:32.305595+00:00,76.1486,0.1093,96.365,-0.0102,0.7648,0.0,1800.0,0.0,6.2751
688.5,2026-06-05T18:43:32.805881+00:00,76.2415,0.1476,96.3962,-0.0078,0.7648,0.0,1800.0,0.0,6.2878
689.0,2026-06-05T18:43:33.305849+00:00,76.3129,0.1135,96.1888,-0.0446,0.7648,0.0,1800.0,0.0,6.2941
689.5,2026-06-05T18:43:33.805584+00:00,76.2405,0.0236,96.3765,0.0429,0.7648,0.0,1800.0,0.0,6.2971
690.0,2026-06-05T18:43:34.309752+00:00,76.3121,0.0818,96.2894,-0.0442,0.7648,0.0,1800.0,0.0,6.2986
690.5,2026-06-05T18:43:34.805569+00:00,76.2399,-0.0008,96.2224,-0.034,0.7648,0.0,1800.0,0.0,6.2993
691.0,2026-06-05T18:43:35.305864+00:00,76.3116,-0.0006,96.2867,-0.0261,0.7648,0.0,1800.0,0.0,6.2997
691.5,2026-06-05T18:43:35.805554+00:00,76.2395,-0.0005,96.336,-0.0201,0.7648,0.0,1800.0,0.0,6.2998
692.0,2026-06-05T18:43:36.305793+00:00,76.0568,-0.1276,96.4897,0.1003,0.7648,0.0,1800.0,0.0,6.2999
692.5,2026-06-05T18:43:36.810108+00:00,76.0437,-0.0981,96.3764,-0.0001,0.7648,0.0,1800.0,0.0,6.3
693.0,2026-06-05T18:43:37.305564+00:00,76.0336,-0.139,96.405,0.0385,0.7648,0.0,1800.0,0.0,6.3
693.5,2026-06-05T18:43:37.805559+00:00,76.1531,-0.0432,96.3113,0.0296,0.7648,0.0,1800.0,0.0,6.3
694.0,2026-06-05T18:43:38.306033+00:00,76.1177,0.0304,96.3549,0.0228,0.7648,0.0,1800.0,0.0,6.3
694.5,2026-06-05T18:43:38.805684+00:00,76.0904,0.0234,96.3885,0.0175,0.7648,0.0,1800.0,0.0,6.3
695.0,2026-06-05T18:43:39.313791+00:00,76.324,0.1452,96.2986,-0.0637,0.7648,0.0,1800.0,0.0,6.3
695.5,2026-06-05T18:43:39.805721+00:00,76.2491,0.048,96.2295,-0.049,0.7648,0.0,1800.0,0.0,6.2488
696.0,2026-06-05T18:43:40.305590+00:00,76.1914,0.0369,96.269,-0.0453,0.7648,0.0,1800.0,0.0,6.2238
696.5,2026-06-05T18:43:40.805878+00:00,76.1471,0.0284,96.2067,-0.0348,0.7648,0.0,1800.0,0.0,6.2116
697.0,2026-06-05T18:43:41.305600+00:00,76.1131,-0.1055,96.3903,0.0118,0.7648,0.0,1800.0,0.0,6.2057
697.501354,2026-06-05T18:43:41.814385+00:00,75.9596,-0.1447,96.1843,-0.0681,0.7648,0.0,1800.0,0.0,6.2028
698.0,2026-06-05T18:43:42.305579+00:00,76.0963,-0.0476,96.2573,-0.0138,0.7648,0.0,1800.0,0.0,6.2526
698.5,2026-06-05T18:43:42.805558+00:00,76.3285,0.0907,96.3135,0.028,0.7648,0.0,1800.0,0.0,6.2768
699.0,2026-06-05T18:43:43.305577+00:00,75.8707,-0.1212,96.2409,-0.0093,0.7648,0.0,1800.0,0.0,6.2887
699.5,2026-06-05T18:43:43.805557+00:00,76.0279,0.0341,96.3009,0.0314,0.7648,0.0,1800.0,0.0,6.2945
700.0,2026-06-05T18:43:44.312390+00:00,76.1487,0.0262,96.4627,0.0241,0.7648,0.0,1800.0,0.0,6.2973
700.5,2026-06-05T18:43:44.805627+00:00,76.1143,-0.1071,96.2399,0.0185,0.7648,0.0,1800.0,0.0,6.2987
701.0,2026-06-05T18:43:45.305565+00:00,76.0878,0.1086,96.3001,0.0143,0.7648,0.0,1800.0,0.0,6.2994
701.5,2026-06-05T18:43:45.805563+00:00,76.0675,0.0198,96.462,0.0495,0.7648,0.0,1800.0,0.0,6.2997
702.0,2026-06-05T18:43:46.305685+00:00,76.0519,-0.0484,96.4708,0.0766,0.7648,0.0,1800.0,0.0,6.2998
702.5,2026-06-05T18:43:46.810055+00:00,76.0399,-0.0372,96.4776,0.0589,0.7648,0.0,1800.0,0.0,6.2487
703.0,2026-06-05T18:43:47.305737+00:00,76.0307,-0.0286,96.4828,0.0067,0.7648,0.0,1800.0,0.0,6.275
703.5,2026-06-05T18:43:47.805718+00:00,76.1508,0.0417,96.6025,0.1209,0.7648,0.0,1800.0,0.0,6.2878
704.0,2026-06-05T18:43:48.305887+00:00,76.2432,0.0957,96.6944,0.1315,0.7648,0.0,1800.0,0.0,6.294
704.5,2026-06-05T18:43:48.805731+00:00,76.1869,0.0735,96.4181,-0.0147,0.7648,0.0,1800.0,0.0,6.2971
705.0,2026-06-05T18:43:49.314540+00:00,76.1437,0.0565,96.2056,-0.0884,0.7648,0.0,1800.0,0.0,6.2986
705.5,2026-06-05T18:43:49.805597+00:00,76.2377,0.0434,96.0423,-0.1451,0.7648,0.0,1800.0,0.0,6.2993
706.0,2026-06-05T18:43:50.305595+00:00,76.31,0.0334,96.1482,-0.1115,0.7648,0.0,1800.0,0.0,6.2997
706.5,2026-06-05T18:43:50.805870+00:00,76.2382,0.0257,96.2296,-0.1243,0.7648,0.0,1800.0,0.0,6.2486
707.0,2026-06-05T18:43:51.305632+00:00,76.3104,0.0834,96.1765,-0.1726,0.7648,0.0,1800.0,0.0,6.2237
707.5,2026-06-05T18:43:51.814415+00:00,76.2386,0.0004,96.2514,-0.0556,0.7648,0.0,1800.0,0.0,6.2628
708.0,2026-06-05T18:43:52.305592+00:00,76.3106,0.0003,96.4246,0.073,0.7648,0.0,1800.0,0.0,6.2818
708.5,2026-06-05T18:43:52.805559+00:00,76.366,0.0639,96.2106,0.0561,0.7648,0.0,1800.0,0.0,6.2911
709.0,2026-06-05T18:43:53.305541+00:00,76.1541,-0.0782,96.2776,0.0431,0.7648,0.0,1800.0,0.0,6.2957
709.5,2026-06-05T18:43:53.805543+00:00,76.3729,0.0672,96.3291,0.0331,0.7648,0.0,1800.0,0.0,6.2979
710.0,2026-06-05T18:43:54.312191+00:00,76.2866,-0.012,96.1372,-0.0131,0.7648,0.0,1800.0,0.0,6.299
710.5,2026-06-05T18:43:54.805620+00:00,76.2203,-0.0729,96.3369,0.0285,0.7648,0.0,1800.0,0.0,6.2995
711.0,2026-06-05T18:43:55.305547+00:00,76.1693,0.0076,96.3746,-0.0167,0.7648,0.0,1800.0,0.0,6.2998
711.5,2026-06-05T18:43:55.805843+00:00,76.2574,-0.0578,96.2879,0.0258,0.7648,0.0,1800.0,0.0,6.2999
712.0,2026-06-05T18:43:56.305546+00:00,76.3251,0.0192,96.2213,-0.0188,0.7648,0.0,1800.0,0.0,6.2999
712.5,2026-06-05T18:43:56.810380+00:00,76.3772,0.0784,96.1701,-0.053,0.7648,0.0,1800.0,0.0,6.2488
713.0,2026-06-05T18:43:57.305539+00:00,76.4172,0.1239,96.1307,-0.0022,0.7648,0.0,1800.0,0.0,6.275
713.5,2026-06-05T18:43:57.805573+00:00,76.3206,0.0316,96.1005,-0.0788,0.7648,0.0,1800.0,0.0,6.339
714.0,2026-06-05T18:43:58.305579+00:00,76.3737,0.0243,96.1929,-0.0606,0.7648,0.0,1800.0,0.0,6.3702
714.5,2026-06-05T18:43:58.805589+00:00,76.2872,-0.045,96.1483,-0.0465,0.7648,0.0,1800.0,0.0,6.3855
715.0,2026-06-05T18:43:59.312110+00:00,76.4753,0.0291,95.9983,-0.0743,0.7648,0.0,1800.0,0.0,6.3929
715.5,2026-06-05T18:43:59.805659+00:00,76.3653,0.0223,95.9987,-0.0571,0.7648,0.0,1800.0,0.0,6.3965
716.0,2026-06-05T18:44:00.305726+00:00,76.4081,0.0172,96.1147,-0.0054,0.7648,0.0,1800.0,0.0,6.3983
716.5,2026-06-05T18:44:00.805845+00:00,76.3136,0.0132,96.3195,0.073,0.7648,0.0,1800.0,0.0,6.3992
717.0,2026-06-05T18:44:01.305709+00:00,76.2411,-0.1171,96.1299,-0.021,0.7648,0.0,1800.0,0.0,6.3996
717.5,2026-06-05T18:44:01.810882+00:00,76.3125,-0.0264,96.0767,-0.0239,0.7648,0.0,1800.0,0.0,6.3486
718.0,2026-06-05T18:44:02.305756+00:00,76.2402,-0.0839,96.059,0.0202,0.7648,0.0,1800.0,0.0,6.3237
718.5,2026-06-05T18:44:02.805566+00:00,76.1846,-0.0645,96.0453,0.0155,0.7648,0.0,1800.0,0.0,6.3116
719.0,2026-06-05T18:44:03.305819+00:00,76.2692,0.0141,96.1505,0.0119,0.7648,0.0,1800.0,0.0,6.3056
719.5,2026-06-05T18:44:03.805671+00:00,76.2069,-0.0528,96.3471,0.0092,0.7648,0.0,1800.0,0.0,6.3028
720.0,2026-06-05T18:44:04.312209+00:00,76.4136,0.0867,96.2668,0.0456,0.7648,0.0,1800.0,0.0,6.3013
720.5,2026-06-05T18:44:04.805702+00:00,76.3179,0.0666,96.3207,0.0813,0.7648,0.0,1800.0,0.0,6.3007
721.0,2026-06-05T18:44:05.305552+00:00,76.2443,-0.0124,96.2465,0.0625,0.7648,0.0,1800.0,0.0,6.3003
721.5,2026-06-05T18:44:05.805557+00:00,76.1878,-0.0096,96.4209,0.1252,0.7648,0.0,1800.0,0.0,6.3002
722.0,2026-06-05T18:44:06.305577+00:00,76.1443,-0.1346,96.5549,0.1348,0.7648,0.0,1800.0,0.0,6.3001
722.5,2026-06-05T18:44:06.810941+00:00,76.2382,-0.0398,96.5422,0.065,0.7648,0.0,1800.0,0.0,6.3
723.0,2026-06-05T18:44:07.305545+00:00,76.1831,-0.0306,96.5324,0.0885,0.7648,0.0,1800.0,0.0,6.3
723.5,2026-06-05T18:44:07.805640+00:00,76.3953,0.1037,96.5249,0.0681,0.7648,0.0,1800.0,0.0,6.3
724.0,2026-06-05T18:44:08.305601+00:00,76.1765,0.0161,96.6349,0.1294,0.7648,0.0,1800.0,0.0,6.3
724.5,2026-06-05T18:44:08.805547+00:00,76.1357,-0.0513,96.6036,0.0609,0.7648,0.0,1800.0,0.0,6.3
725.0,2026-06-05T18:44:09.313807+00:00,75.977,-0.103,96.464,-0.0303,0.7648,0.0,1800.0,0.0,6.3
725.5,2026-06-05T18:44:09.806134+00:00,75.9823,-0.2065,96.588,0.0153,0.7648,0.0,1800.0,0.0,6.2488
726.0,2026-06-05T18:44:10.305812+00:00,76.1137,-0.0314,96.6833,0.0503,0.7648,0.0,1800.0,0.0,6.2238
726.5,2026-06-05T18:44:10.805659+00:00,76.2147,0.0395,96.7566,0.0772,0.7648,0.0,1800.0,0.0,6.2116
727.000022,2026-06-05T18:44:11.306102+00:00,76.165,0.094,96.8129,0.0594,0.7648,0.0,1800.0,0.0,6.2057
727.5,2026-06-05T18:44:11.811588+00:00,76.3813,0.1995,96.7405,0.0456,0.7648,0.0,1800.0,0.0,6.2028
728.0,2026-06-05T18:44:12.305568+00:00,76.2931,0.0897,96.8006,0.1122,0.7648,0.0,1800.0,0.0,6.2526
728.5,2026-06-05T18:44:12.805532+00:00,76.2253,0.0053,96.731,0.0477,0.7648,0.0,1800.0,0.0,6.2768
729.0,2026-06-05T18:44:13.305600+00:00,76.3004,0.0677,96.6544,-0.0096,0.7648,0.0,1800.0,0.0,6.2887
729.5,2026-06-05T18:44:13.805620+00:00,76.2309,-0.0752,96.503,-0.0845,0.7648,0.0,1800.0,0.0,6.2945
730.0,2026-06-05T18:44:14.310502+00:00,76.1775,-0.0578,96.5023,-0.1035,0.7648,0.0,1800.0,0.0,6.2973
730.5,2026-06-05T18:44:14.805856+00:00,76.2637,0.0192,96.5018,-0.0796,0.7648,0.0,1800.0,0.0,6.2987
731.0,2026-06-05T18:44:15.305566+00:00,76.2027,-0.0489,96.27,-0.1769,0.7648,0.0,1800.0,0.0,6.2994
731.5,2026-06-05T18:44:15.805540+00:00,76.4103,0.0897,96.3232,-0.1359,0.7648,0.0,1800.0,0.0,6.2997
732.0,2026-06-05T18:44:16.305550+00:00,76.4426,0.1326,96.3641,-0.0968,0.7648,0.0,1800.0,0.0,6.2998
732.5,2026-06-05T18:44:16.810285+00:00,76.3402,0.0383,96.2798,-0.0744,0.7648,0.0,1800.0,0.0,6.2999
733.0,2026-06-05T18:44:17.305560+00:00,76.3888,0.093,96.3308,-0.0572,0.7648,0.0,1800.0,0.0,6.3
733.5,2026-06-05T18:44:17.805552+00:00,76.4261,0.0079,96.4856,-0.0054,0.7648,0.0,1800.0,0.0,6.3
734.0,2026-06-05T18:44:18.305577+00:00,76.3275,-0.0576,96.489,0.073,0.7648,0.0,1800.0,0.0,6.3
734.5,2026-06-05T18:44:18.805766+00:00,76.5062,0.083,96.4915,0.0561,0.7648,0.0,1800.0,0.0,6.3
735.0,2026-06-05T18:44:19.310462+00:00,76.3891,0.0002,96.4935,0.0431,0.7648,0.0,1800.0,0.0,6.3
735.5,2026-06-05T18:44:19.806148+00:00,76.4263,0.0001,96.495,0.0717,0.7648,0.0,1800.0,0.0,6.3
736.0,2026-06-05T18:44:20.307094+00:00,76.4549,0.0637,96.3805,0.0166,0.7648,0.0,1800.0,0.0,6.3
736.5,2026-06-05T18:44:20.805555+00:00,76.3497,-0.0783,96.1767,-0.103,0.7648,0.0,1800.0,0.0,6.3
737.0,2026-06-05T18:44:21.305683+00:00,76.396,0.0035,96.2515,-0.0791,0.7648,0.0,1800.0,0.0,6.3
737.5,2026-06-05T18:44:21.815508+00:00,76.5589,0.0663,96.1933,-0.0994,0.7648,0.0,1800.0,0.0,6.2488
738.0,2026-06-05T18:44:22.305655+00:00,76.5569,0.051,96.2411,-0.0841,0.7648,0.0,1800.0,0.0,6.275
738.5,2026-06-05T18:44:22.805553+00:00,76.428,0.0392,96.301,-0.0646,0.7648,0.0,1800.0,0.0,6.2878
739.0,2026-06-05T18:44:23.305566+00:00,76.4562,0.0301,96.3471,-0.0111,0.7648,0.0,1800.0,0.0,6.3452
739.5,2026-06-05T18:44:23.805551+00:00,76.3507,-0.1041,96.2668,0.03,0.7648,0.0,1800.0,0.0,6.3221
740.0,2026-06-05T18:44:24.310590+00:00,76.5241,-0.0164,96.4364,0.0616,0.7648,0.0,1800.0,0.0,6.3108
740.5,2026-06-05T18:44:24.805556+00:00,76.5301,0.051,96.4511,0.0859,0.7648,0.0,1800.0,0.0,6.3053
741.0,2026-06-05T18:44:25.305540+00:00,76.5347,0.0392,96.5782,0.1123,0.7648,0.0,1800.0,0.0,6.3026
741.5,2026-06-05T18:44:25.805550+00:00,76.411,0.0301,96.6758,0.1249,0.7648,0.0,1800.0,0.0,6.3013
742.0,2026-06-05T18:44:26.305551+00:00,76.3159,-0.1041,96.7508,0.1346,0.7648,0.0,1800.0,0.0,6.3006
742.5,2026-06-05T18:44:26.810014+00:00,76.2428,-0.1436,96.6928,0.142,0.7648,0.0,1800.0,0.0,6.3003
743.0,2026-06-05T18:44:27.305528+00:00,76.4411,-0.0468,96.6482,0.0706,0.7648,0.0,1800.0,0.0,6.3001
743.5,2026-06-05T18:44:27.805613+00:00,76.2118,-0.0996,96.6139,0.0542,0.7648,0.0,1800.0,0.0,6.3001
744.0,2026-06-05T18:44:28.305629+00:00,76.1628,-0.0765,96.4718,-0.0354,0.7648,0.0,1800.0,0.0,6.3
744.5,2026-06-05T18:44:28.805637+00:00,76.2524,0.0048,96.594,-0.0272,0.7648,0.0,1800.0,0.0,6.3
745.0,2026-06-05T18:44:29.315812+00:00,76.4485,0.0037,96.688,-0.0209,0.7648,0.0,1800.0,0.0,6.3
745.5,2026-06-05T18:44:29.805643+00:00,76.472,0.1301,96.8759,0.061,0.7648,0.0,1800.0,0.0,6.2488
746.0,2026-06-05T18:44:30.305575+00:00,76.4901,0.1636,96.6732,0.0083,0.7648,0.0,1800.0,0.0,6.2238
746.5,2026-06-05T18:44:30.805541+00:00,76.5039,0.1258,96.8645,0.0836,0.7648,0.0,1800.0,0.0,6.2116
747.0,2026-06-05T18:44:31.305577+00:00,76.5146,0.033,96.7802,0.1028,0.7648,0.0,1800.0,0.0,6.2057
747.5,2026-06-05T18:44:31.814616+00:00,76.6501,0.089,96.6922,0.0327,0.7648,0.0,1800.0,0.0,6.2028
748.0,2026-06-05T18:44:32.305556+00:00,76.4996,0.0048,96.532,-0.052,0.7648,0.0,1800.0,0.0,6.2526
748.5,2026-06-05T18:44:32.805557+00:00,76.2567,-0.1236,96.5246,-0.1171,0.7648,0.0,1800.0,0.0,6.2768
749.0,2026-06-05T18:44:33.305612+00:00,76.3246,-0.095,96.6346,-0.0129,0.7648,0.0,1800.0,0.0,6.2887
749.5,2026-06-05T18:44:33.805556+00:00,76.504,-0.073,96.6035,-0.087,0.7648,0.0,1800.0,0.0,6.2945
750.0,2026-06-05T18:44:34.310352+00:00,76.6419,0.0712,96.3481,-0.144,0.7648,0.0,1800.0,0.0,6.2973
750.5,2026-06-05T18:44:34.805548+00:00,76.6207,0.182,96.499,-0.0644,0.7648,0.0,1800.0,0.0,6.2987
751.0,2026-06-05T18:44:35.305881+00:00,76.477,0.0762,96.3835,-0.0495,0.7648,0.0,1800.0,0.0,6.2994
751.5,2026-06-05T18:44:35.805589+00:00,76.6212,0.0586,96.4105,-0.0381,0.7648,0.0,1800.0,0.0,6.2997
752.0,2026-06-05T18:44:36.305700+00:00,76.732,0.045,96.408,-0.0755,0.7648,0.0,1800.0,0.0,6.2998
752.5,2026-06-05T18:44:36.811325+00:00,76.8171,0.0982,96.3136,-0.0966,0.7648,0.0,1800.0,0.0,6.2487
753.0,2026-06-05T18:44:37.305851+00:00,76.7553,0.1391,96.4724,0.0414,0.7648,0.0,1800.0,0.0,6.275
753.5,2026-06-05T18:44:37.805849+00:00,76.5805,-0.0203,96.4788,-0.0067,0.7648,0.0,1800.0,0.0,6.2878
754.0,2026-06-05T18:44:38.306093+00:00,76.4462,-0.1429,96.368,-0.0052,0.7648,0.0,1800.0,0.0,6.294
754.5,2026-06-05T18:44:38.805563+00:00,76.5975,-0.1098,96.3986,-0.004,0.7648,0.0,1800.0,0.0,6.2971
755.0,2026-06-05T18:44:39.311264+00:00,76.5865,-0.0844,96.422,0.0047,0.7648,0.0,1800.0,0.0,6.2986
755.5,2026-06-05T18:44:39.805529+00:00,76.4508,-0.0649,96.5558,0.0807,0.7648,0.0,1800.0,0.0,6.2993
756.0,2026-06-05T18:44:40.305559+00:00,76.4737,0.0138,96.5429,0.0235,0.7648,0.0,1800.0,0.0,6.2997
756.5,2026-06-05T18:44:40.805561+00:00,76.4914,-0.0531,96.6487,0.0566,0.7648,0.0,1800.0,0.0,6.2998
757.0,2026-06-05T18:44:41.305591+00:00,76.6322,0.0229,96.73,0.1206,0.7648,0.0,1800.0,0.0,6.2999
757.5,2026-06-05T18:44:41.813867+00:00,76.4859,0.0176,96.6767,0.0927,0.7648,0.0,1800.0,0.0,6.3
758.0,2026-06-05T18:44:42.305700+00:00,76.3735,-0.0501,96.8672,0.1484,0.7648,0.0,1800.0,0.0,6.3
758.5,2026-06-05T18:44:42.805592+00:00,76.4143,-0.0385,96.898,0.1141,0.7648,0.0,1800.0,0.0,6.3
759.0,2026-06-05T18:44:43.305597+00:00,76.573,-0.0296,96.8059,0.0877,0.7648,0.0,1800.0,0.0,6.3
759.5,2026-06-05T18:44:43.807313+00:00,76.5677,0.0409,96.8508,0.0674,0.7648,0.0,1800.0,0.0,6.3
760.0,2026-06-05T18:44:44.311247+00:00,76.5636,0.0951,96.5382,-0.0639,0.7648,0.0,1800.0,0.0,6.3
760.5,2026-06-05T18:44:44.805581+00:00,76.6877,0.1367,96.5294,-0.0491,0.7648,0.0,1800.0,0.0,6.3
761.0,2026-06-05T18:44:45.305617+00:00,76.6558,0.0414,96.4069,-0.1535,0.7648,0.0,1800.0,0.0,6.3
761.500296,2026-06-05T18:44:45.806701+00:00,76.6314,0.0318,96.3127,-0.1951,0.7648,0.0,1800.0,0.0,6.3
762.0,2026-06-05T18:44:46.305561+00:00,76.6125,0.0245,96.2404,-0.1885,0.7648,0.0,1800.0,0.0,6.3
762.5,2026-06-05T18:44:46.811522+00:00,76.5981,-0.0448,96.1847,-0.222,0.7648,0.0,1800.0,0.0,6.3
763.0,2026-06-05T18:44:47.305567+00:00,76.5869,-0.0345,96.142,-0.1321,0.7648,0.0,1800.0,0.0,6.3
763.5,2026-06-05T18:44:47.805576+00:00,76.4511,-0.0901,95.9934,-0.1786,0.7648,0.0,1800.0,0.0,6.3
764.0,2026-06-05T18:44:48.305554+00:00,76.474,-0.0693,95.995,-0.1373,0.7648,0.0,1800.0,0.0,6.3
764.5,2026-06-05T18:44:48.806021+00:00,76.6189,0.0104,96.1118,-0.067,0.7648,0.0,1800.0,0.0,6.3
765.0,2026-06-05T18:44:49.312002+00:00,76.6029,0.008,96.0859,-0.0515,0.7648,0.0,1800.0,0.0,6.3
765.5,2026-06-05T18:44:49.805591+00:00,76.5907,0.0698,96.1818,-0.001,0.7648,0.0,1800.0,0.0,6.3
766.0,2026-06-05T18:44:50.305552+00:00,76.5813,0.0536,96.1397,-0.0008,0.7648,0.0,1800.0,0.0,6.3
766.5,2026-06-05T18:44:50.805550+00:00,76.574,-0.0224,96.2231,0.0765,0.7648,0.0,1800.0,0.0,6.3
767.0,2026-06-05T18:44:51.305570+00:00,76.5685,-0.0172,96.1715,0.0588,0.7648,0.0,1800.0,0.0,6.3
767.5,2026-06-05T18:44:51.813867+00:00,76.4369,-0.0769,96.2475,0.0452,0.7648,0.0,1800.0,0.0,6.3
768.0,2026-06-05T18:44:52.305745+00:00,76.5904,0.0045,96.1902,0.0348,0.7648,0.0,1800.0,0.0,6.3512
768.5,2026-06-05T18:44:52.805599+00:00,76.581,0.0035,96.3776,0.0653,0.7648,0.0,1800.0,0.0,6.325
769.0,2026-06-05T18:44:53.305556+00:00,76.7011,0.0663,96.5216,0.1273,0.7648,0.0,1800.0,0.0,6.3122
769.5,2026-06-05T18:44:53.805621+00:00,76.6661,0.1146,96.5166,0.0978,0.7648,0.0,1800.0,0.0,6.306
770.0,2026-06-05T18:44:54.311753+00:00,76.7665,0.0881,96.6285,0.1523,0.7648,0.0,1800.0,0.0,6.3029
770.5,2026-06-05T18:44:54.805689+00:00,76.4619,-0.0596,96.7144,0.1557,0.7648,0.0,1800.0,0.0,6.3014
771.0,2026-06-05T18:44:55.305712+00:00,76.2277,-0.2367,96.7805,0.1968,0.7648,0.0,1800.0,0.0,6.3007
771.5,2026-06-05T18:44:55.805854+00:00,76.3023,-0.1819,96.7156,0.1127,0.7648,0.0,1800.0,0.0,6.3003
772.0,2026-06-05T18:44:56.305594+00:00,76.1051,-0.3307,96.55,0.0095,0.7648,0.0,1800.0,0.0,6.3002
772.5,2026-06-05T18:44:56.812034+00:00,76.208,-0.1269,96.5384,0.0073,0.7648,0.0,1800.0,0.0,6.3001
773.0,2026-06-05T18:44:57.305566+00:00,76.2872,0.0297,96.4138,-0.0715,0.7648,0.0,1800.0,0.0,6.3
773.5,2026-06-05T18:44:57.805864+00:00,76.348,0.0228,96.4338,-0.0936,0.7648,0.0,1800.0,0.0,6.3
774.0,2026-06-05T18:44:58.305559+00:00,76.3947,0.1448,96.3334,-0.149,0.7648,0.0,1800.0,0.0,6.3
774.5,2026-06-05T18:44:58.805746+00:00,76.4307,0.1113,96.2563,-0.1531,0.7648,0.0,1800.0,0.0,6.3
775.0,2026-06-05T18:44:59.310384+00:00,76.331,0.0219,96.197,-0.1177,0.7648,0.0,1800.0,0.0,6.3
775.5,2026-06-05T18:44:59.805549+00:00,76.509,0.0805,96.3828,-0.0519,0.7648,0.0,1800.0,0.0,6.2488
776.0,2026-06-05T18:45:00.305635+00:00,76.6457,0.1255,96.4099,-0.0013,0.7648,0.0,1800.0,0.0,6.2238
776.5,2026-06-05T18:45:00.805566+00:00,76.4963,0.0328,96.3151,-0.0396,0.7648,0.0,1800.0,0.0,6.2116
777.0,2026-06-05T18:45:01.305702+00:00,76.636,0.1525,96.4736,0.0467,0.7648,0.0,1800.0,0.0,6.2057
777.5,2026-06-05T18:45:01.810632+00:00,76.4888,-0.0101,96.4797,0.0745,0.7648,0.0,1800.0,0.0,6.2028
778.0,2026-06-05T18:45:02.305663+00:00,76.503,-0.0714,96.3687,0.0572,0.7648,0.0,1800.0,0.0,6.2526
778.5,2026-06-05T18:45:02.805553+00:00,76.5139,0.0088,96.3991,0.0054,0.7648,0.0,1800.0,0.0,6.2768
779.0,2026-06-05T18:45:03.305550+00:00,76.5222,-0.0569,96.3067,-0.0344,0.7648,0.0,1800.0,0.0,6.2887
779.5,2026-06-05T18:45:03.805637+00:00,76.5287,0.0199,96.4671,0.0507,0.7648,0.0,1800.0,0.0,6.2945
780.0,2026-06-05T18:45:04.310322+00:00,76.5336,0.0153,96.4747,0.0004,0.7648,0.0,1800.0,0.0,6.2973
780.5,2026-06-05T18:45:04.805604+00:00,76.4101,-0.0519,96.5963,0.0389,0.7648,0.0,1800.0,0.0,6.2475
781.0,2026-06-05T18:45:05.305647+00:00,76.3152,-0.1035,96.574,0.0684,0.7648,0.0,1800.0,0.0,6.2232
781.5,2026-06-05T18:45:05.805534+00:00,76.2423,-0.1432,96.5337,0.0449,0.7648,0.0,1800.0,0.0,6.2113
782.0,2026-06-05T18:45:06.305572+00:00,76.4408,-0.0464,96.5259,0.0731,0.7648,0.0,1800.0,0.0,6.2055
782.5,2026-06-05T18:45:06.811988+00:00,76.3388,-0.0357,96.4042,-0.021,0.7648,0.0,1800.0,0.0,6.2027
783.0,2026-06-05T18:45:07.305556+00:00,76.5149,0.0998,96.3107,-0.0547,0.7648,0.0,1800.0,0.0,6.2525
783.5,2026-06-05T18:45:07.805810+00:00,76.3958,0.0767,96.2388,-0.1192,0.7648,0.0,1800.0,0.0,6.2768
784.0,2026-06-05T18:45:08.305552+00:00,76.5587,0.059,96.1835,-0.1302,0.7648,0.0,1800.0,0.0,6.2887
784.5,2026-06-05T18:45:08.805585+00:00,76.684,0.1726,96.2568,-0.0923,0.7648,0.0,1800.0,0.0,6.2945
785.0,2026-06-05T18:45:09.310340+00:00,76.653,0.069,96.3131,-0.071,0.7648,0.0,1800.0,0.0,6.2973
785.5,2026-06-05T18:45:09.805577+00:00,76.6291,0.1167,96.2175,-0.0623,0.7648,0.0,1800.0,0.0,6.2987
786.0,2026-06-05T18:45:10.305556+00:00,76.6108,0.0261,96.1671,-0.0478,0.7648,0.0,1800.0,0.0,6.2994
786.5,2026-06-05T18:45:10.805793+00:00,76.5968,-0.0436,96.2442,0.0018,0.7648,0.0,1800.0,0.0,6.2997
787.0,2026-06-05T18:45:11.305668+00:00,76.5859,-0.0335,96.3034,0.0399,0.7648,0.0,1800.0,0.0,6.2998
787.5,2026-06-05T18:45:11.810711+00:00,76.8322,0.1015,96.4646,0.0693,0.7648,0.0,1800.0,0.0,6.2999
788.0,2026-06-05T18:45:12.305647+00:00,76.6396,0.0144,96.4728,0.0532,0.7648,0.0,1800.0,0.0,6.3
788.5,2026-06-05T18:45:12.805592+00:00,76.7461,0.0747,96.3634,0.0486,0.7648,0.0,1800.0,0.0,6.3
789.0,2026-06-05T18:45:13.305557+00:00,76.7007,0.0574,96.2793,0.0374,0.7648,0.0,1800.0,0.0,6.3
789.5,2026-06-05T18:45:13.805572+00:00,76.4113,-0.2104,96.3304,0.0287,0.7648,0.0,1800.0,0.0,6.3
790.0,2026-06-05T18:45:14.310613+00:00,76.5707,-0.0345,96.3696,0.0221,0.7648,0.0,1800.0,0.0,6.3
790.5,2026-06-05T18:45:14.805741+00:00,76.6932,-0.0265,96.3998,-0.0216,0.7648,0.0,1800.0,0.0,6.3
791.0,2026-06-05T18:45:15.305549+00:00,76.66,-0.0204,96.3073,-0.0552,0.7648,0.0,1800.0,0.0,6.3
791.5,2026-06-05T18:45:15.805555+00:00,76.38,-0.0156,96.3519,-0.0038,0.7648,0.0,1800.0,0.0,6.3
792.0,2026-06-05T18:45:16.305702+00:00,76.2921,-0.1393,96.3861,0.0356,0.7648,0.0,1800.0,0.0,6.3512
792.5,2026-06-05T18:45:16.813133+00:00,76.3518,-0.1707,96.2968,-0.0112,0.7648,0.0,1800.0,0.0,6.325
793.0,2026-06-05T18:45:17.306357+00:00,76.3976,-0.1312,96.1124,-0.0857,0.7648,0.0,1800.0,0.0,6.3634
793.5,2026-06-05T18:45:17.805597+00:00,76.5602,0.0901,96.2021,-0.0659,0.7648,0.0,1800.0,0.0,6.3821
794.0,2026-06-05T18:45:18.305545+00:00,76.6851,0.1965,96.2479,-0.0198,0.7648,0.0,1800.0,0.0,6.3913
794.5,2026-06-05T18:45:18.805532+00:00,76.6538,0.151,96.3062,-0.0152,0.7648,0.0,1800.0,0.0,6.3957
795.0,2026-06-05T18:45:19.311838+00:00,76.6298,0.1161,96.3511,-0.0117,0.7648,0.0,1800.0,0.0,6.3979
795.5,2026-06-05T18:45:19.805545+00:00,76.6113,0.0256,96.3855,0.0296,0.7648,0.0,1800.0,0.0,6.3478
796.0,2026-06-05T18:45:20.305544+00:00,76.5971,-0.044,96.5277,0.1384,0.7648,0.0,1800.0,0.0,6.3233
796.5,2026-06-05T18:45:20.805555+00:00,76.5862,-0.0338,96.637,0.145,0.7648,0.0,1800.0,0.0,6.3114
797.0,2026-06-05T18:45:21.305547+00:00,76.5778,-0.026,96.6053,0.1191,0.7648,0.0,1800.0,0.0,6.3056
797.5,2026-06-05T18:45:21.812522+00:00,76.5714,-0.02,96.6966,0.1301,0.7648,0.0,1800.0,0.0,6.3027
798.0,2026-06-05T18:45:22.305619+00:00,76.5665,-0.0153,96.7668,0.1386,0.7648,0.0,1800.0,0.0,6.3525
798.5,2026-06-05T18:45:22.805838+00:00,76.5626,-0.0118,96.8208,0.1451,0.7648,0.0,1800.0,0.0,6.3768
799.0,2026-06-05T18:45:23.305605+00:00,76.4324,-0.0727,96.8623,0.1115,0.7648,0.0,1800.0,0.0,6.3887
799.5,2026-06-05T18:45:23.805603+00:00,76.4597,-0.0559,96.7784,0.0471,0.7648,0.0,1800.0,0.0,6.3433
800.0,2026-06-05T18:45:24.313769+00:00,76.3533,-0.1066,96.8297,0.0748,0.7648,0.0,1800.0,0.0,6.3211
800.5,2026-06-05T18:45:24.805931+00:00,76.2715,-0.1456,96.8691,0.0575,0.7648,0.0,1800.0,0.0,6.3103
801.0,2026-06-05T18:45:25.306048+00:00,76.2087,-0.1119,96.7837,0.0056,0.7648,0.0,1800.0,0.0,6.305
801.5,2026-06-05T18:45:25.805596+00:00,76.4149,-0.0224,96.8337,0.0043,0.7648,0.0,1800.0,0.0,6.3025
802.0,2026-06-05T18:45:26.305631+00:00,76.3189,-0.0172,96.8722,0.0033,0.7648,0.0,1800.0,0.0,6.3012
802.5,2026-06-05T18:45:26.810607+00:00,76.2451,-0.0132,96.9018,0.0411,0.7648,0.0,1800.0,0.0,6.3006
803.0,2026-06-05T18:45:27.305708+00:00,76.1884,-0.0101,96.8088,-0.007,0.7648,0.0,1800.0,0.0,6.3003
803.5,2026-06-05T18:45:27.805551+00:00,76.2721,-0.0714,96.6217,-0.0825,0.7648,0.0,1800.0,0.0,6.3001
804.0,2026-06-05T18:45:28.305718+00:00,76.4637,0.0724,96.5935,-0.0634,0.7648,0.0,1800.0,0.0,6.3001
804.5,2026-06-05T18:45:28.805665+00:00,76.3564,0.0556,96.4562,-0.1259,0.7648,0.0,1800.0,0.0,6.3
805.0,2026-06-05T18:45:29.311402+00:00,76.2739,0.0427,96.582,-0.0967,0.7648,0.0,1800.0,0.0,6.3
805.5,2026-06-05T18:45:29.805754+00:00,76.4651,0.0965,96.4473,-0.1515,0.7648,0.0,1800.0,0.0,6.3
806.0,2026-06-05T18:45:30.305557+00:00,76.612,0.0742,96.3438,-0.155,0.7648,0.0,1800.0,0.0,6.3
806.5,2026-06-05T18:45:30.805618+00:00,76.4704,0.057,96.2643,-0.1191,0.7648,0.0,1800.0,0.0,6.3
807.0,2026-06-05T18:45:31.305591+00:00,76.4888,0.1074,96.2031,-0.1301,0.7648,0.0,1800.0,0.0,6.2488
807.5,2026-06-05T18:45:31.811944+00:00,76.6302,0.0826,96.0404,-0.1386,0.7648,0.0,1800.0,0.0,6.2238
808.0,2026-06-05T18:45:32.305899+00:00,76.8662,0.1271,96.1468,-0.1451,0.7648,0.0,1800.0,0.0,6.2628
808.5,2026-06-05T18:45:32.805560+00:00,76.5385,0.0341,96.1128,-0.1115,0.7648,0.0,1800.0,0.0,6.2819
809.0,2026-06-05T18:45:33.306117+00:00,76.5412,0.0262,96.2024,-0.0471,0.7648,0.0,1800.0,0.0,6.2911
809.5,2026-06-05T18:45:33.805656+00:00,76.6705,0.0201,96.1556,-0.0362,0.7648,0.0,1800.0,0.0,6.2957
810.0,2026-06-05T18:45:34.309955+00:00,76.7699,-0.0482,96.2353,0.0107,0.7648,0.0,1800.0,0.0,6.2979
810.5,2026-06-05T18:45:34.805560+00:00,76.5917,0.0266,96.1808,0.0468,0.7648,0.0,1800.0,0.0,6.299
811.0,2026-06-05T18:45:35.305866+00:00,76.5821,0.0205,96.139,-0.0026,0.7648,0.0,1800.0,0.0,6.2995
811.5,2026-06-05T18:45:35.805771+00:00,76.4474,-0.1115,95.9911,-0.0406,0.7648,0.0,1800.0,0.0,6.2998
812.0,2026-06-05T18:45:36.305569+00:00,76.3439,-0.213,95.8775,-0.1083,0.7648,0.0,1800.0,0.0,6.2999
812.5,2026-06-05T18:45:36.812005+00:00,76.3916,-0.1001,95.9058,-0.0832,0.7648,0.0,1800.0,0.0,6.2999
813.0,2026-06-05T18:45:37.305542+00:00,76.4282,-0.0769,96.0433,-0.064,0.7648,0.0,1800.0,0.0,6.3512
813.5,2026-06-05T18:45:37.805585+00:00,76.5837,0.0681,96.0333,-0.0492,0.7648,0.0,1800.0,0.0,6.3762
814.0,2026-06-05T18:45:38.305562+00:00,76.4486,0.0524,96.257,0.0393,0.7648,0.0,1800.0,0.0,6.3884
814.5,2026-06-05T18:45:38.805837+00:00,76.4721,0.0403,96.3132,0.1074,0.7648,0.0,1800.0,0.0,6.3431
815.0,2026-06-05T18:45:39.309889+00:00,76.4901,0.0309,96.3564,0.1597,0.7648,0.0,1800.0,0.0,6.321
815.5,2026-06-05T18:45:39.805594+00:00,76.6312,0.0238,96.5054,0.1998,0.7648,0.0,1800.0,0.0,6.3103
816.0,2026-06-05T18:45:40.305553+00:00,76.867,0.2092,96.5041,0.1536,0.7648,0.0,1800.0,0.0,6.305
816.5,2026-06-05T18:45:40.805994+00:00,76.6664,0.0971,96.5032,0.1566,0.7648,0.0,1800.0,0.0,6.3024
817.0,2026-06-05T18:45:41.305660+00:00,76.7667,0.1383,96.271,0.0047,0.7648,0.0,1800.0,0.0,6.3012
817.5,2026-06-05T18:45:41.810916+00:00,76.7166,0.0427,96.3009,-0.0041,0.7648,0.0,1800.0,0.0,6.3006
818.0,2026-06-05T18:45:42.305618+00:00,76.5507,-0.1581,96.4627,0.0354,0.7648,0.0,1800.0,0.0,6.3003
818.5,2026-06-05T18:45:42.805734+00:00,76.5506,-0.0579,96.4713,-0.0114,0.7648,0.0,1800.0,0.0,6.3001
819.0,2026-06-05T18:45:43.306034+00:00,76.5504,-0.1081,96.5936,0.0298,0.7648,0.0,1800.0,0.0,6.3001
819.5,2026-06-05T18:45:43.805609+00:00,76.5503,-0.0831,96.572,0.0229,0.7648,0.0,1800.0,0.0,6.3
820.000562,2026-06-05T18:45:44.314382+00:00,76.5503,-0.0002,96.5553,0.0948,0.7648,0.0,1800.0,0.0,6.3
820.5,2026-06-05T18:45:44.805560+00:00,76.5502,-0.0002,96.4268,0.042,0.7648,0.0,1800.0,0.0,6.3
821.0,2026-06-05T18:45:45.305539+00:00,76.6774,0.0635,96.4438,-0.0063,0.7648,0.0,1800.0,0.0,6.3
821.5,2026-06-05T18:45:45.805544+00:00,76.6479,0.0488,96.3411,-0.0434,0.7648,0.0,1800.0,0.0,6.3
822.0,2026-06-05T18:45:46.305743+00:00,76.6253,0.0375,96.2621,-0.1105,0.7648,0.0,1800.0,0.0,6.3
822.5,2026-06-05T18:45:46.811521+00:00,76.7351,0.0925,96.2015,-0.1235,0.7648,0.0,1800.0,0.0,6.3
823.0,2026-06-05T18:45:47.305572+00:00,76.8196,0.0711,96.1549,-0.1335,0.7648,0.0,1800.0,0.0,6.3512
823.5,2026-06-05T18:45:47.805551+00:00,76.8845,0.1183,96.3504,-0.0255,0.7648,0.0,1800.0,0.0,6.325
824.0,2026-06-05T18:45:48.305548+00:00,76.9343,0.1545,96.2693,-0.0581,0.7648,0.0,1800.0,0.0,6.3122
824.5,2026-06-05T18:45:48.805563+00:00,76.8454,0.0551,96.4384,0.0324,0.7648,0.0,1800.0,0.0,6.306
825.0,2026-06-05T18:45:49.313397+00:00,76.777,-0.0213,96.337,0.0249,0.7648,0.0,1800.0,0.0,6.3029
825.5,2026-06-05T18:45:49.805553+00:00,76.8518,-0.0163,96.4904,0.0963,0.7648,0.0,1800.0,0.0,6.3014
826.0,2026-06-05T18:45:50.305701+00:00,76.9092,-0.0126,96.4926,0.1126,0.7648,0.0,1800.0,0.0,6.3007
826.5,2026-06-05T18:45:50.805541+00:00,76.8261,-0.0097,96.4943,0.048,0.7648,0.0,1800.0,0.0,6.3003
827.0,2026-06-05T18:45:51.305818+00:00,76.6349,-0.0711,96.3799,0.0369,0.7648,0.0,1800.0,0.0,6.3002
827.5,2026-06-05T18:45:51.810675+00:00,76.6153,-0.1182,96.4077,-0.0102,0.7648,0.0,1800.0,0.0,6.3001
828.0,2026-06-05T18:45:52.305845+00:00,76.6002,-0.1545,96.4291,0.0307,0.7648,0.0,1800.0,0.0,6.3
828.5,2026-06-05T18:45:52.805556+00:00,76.7158,-0.0551,96.4455,-0.015,0.7648,0.0,1800.0,0.0,6.3
829.0,2026-06-05T18:45:53.307329+00:00,76.8047,0.0849,96.5738,0.0271,0.7648,0.0,1800.0,0.0,6.3
829.500817,2026-06-05T18:45:53.806441+00:00,76.7458,0.0653,96.5567,0.0208,0.7648,0.0,1800.0,0.0,6.3
830.0,2026-06-05T18:45:54.314551+00:00,76.5732,-0.0135,96.5436,0.0546,0.7648,0.0,1800.0,0.0,6.3
830.5,2026-06-05T18:45:54.805640+00:00,76.5678,-0.074,96.7649,0.1191,0.7648,0.0,1800.0,0.0,6.3
831.0,2026-06-05T18:45:55.305574+00:00,76.691,-0.0569,96.5879,0.0529,0.7648,0.0,1800.0,0.0,6.3
831.5,2026-06-05T18:45:55.805796+00:00,76.7856,0.0199,96.6833,0.0793,0.7648,0.0,1800.0,0.0,6.3
832.0,2026-06-05T18:45:56.305534+00:00,76.4766,-0.0483,96.5252,-0.0162,0.7648,0.0,1800.0,0.0,6.3
832.5,2026-06-05T18:45:56.810567+00:00,76.4936,-0.0371,96.635,0.0261,0.7648,0.0,1800.0,0.0,6.3
833.0,2026-06-05T18:45:57.305689+00:00,76.6339,-0.0285,96.6038,0.0201,0.7648,0.0,1800.0,0.0,6.3
833.5,2026-06-05T18:45:57.805552+00:00,76.4872,-0.1492,96.5798,-0.0617,0.7648,0.0,1800.0,0.0,6.3
834.0,2026-06-05T18:45:58.305637+00:00,76.629,0.0762,96.677,0.0297,0.7648,0.0,1800.0,0.0,6.3
834.5,2026-06-05T18:45:58.805525+00:00,76.6107,0.0586,96.6361,-0.0157,0.7648,0.0,1800.0,0.0,6.3
835.0,2026-06-05T18:45:59.310757+00:00,76.7239,0.045,96.4889,-0.0121,0.7648,0.0,1800.0,0.0,6.3
835.5,2026-06-05T18:45:59.805606+00:00,76.811,0.1619,96.6071,-0.0093,0.7648,0.0,1800.0,0.0,6.2488
836.0,2026-06-05T18:46:00.305923+00:00,76.8778,0.1244,96.6981,0.0314,0.7648,0.0,1800.0,0.0,6.2238
836.5,2026-06-05T18:46:00.805923+00:00,76.9293,0.1593,96.6522,0.0242,0.7648,0.0,1800.0,0.0,6.2116
837.0,2026-06-05T18:46:01.305550+00:00,76.8415,0.0588,96.7327,0.0186,0.7648,0.0,1800.0,0.0,6.2057
837.5,2026-06-05T18:46:01.811119+00:00,76.774,-0.0185,96.6789,0.0143,0.7648,0.0,1800.0,0.0,6.2028
838.0,2026-06-05T18:46:02.305569+00:00,76.5949,-0.1415,96.6375,0.0495,0.7648,0.0,1800.0,0.0,6.2526
838.5,2026-06-05T18:46:02.805553+00:00,76.7118,-0.1087,96.49,-0.0391,0.7648,0.0,1800.0,0.0,6.2768
839.0,2026-06-05T18:46:03.305788+00:00,76.5471,-0.1472,96.608,-0.03,0.7648,0.0,1800.0,0.0,6.2887
839.5,2026-06-05T18:46:03.805835+00:00,76.5478,-0.1131,96.4673,-0.0616,0.7648,0.0,1800.0,0.0,6.2945
840.0,2026-06-05T18:46:04.310364+00:00,76.6756,0.0403,96.4749,-0.0859,0.7648,0.0,1800.0,0.0,6.2973
840.5,2026-06-05T18:46:04.805584+00:00,76.6465,-0.0327,96.4807,-0.0661,0.7648,0.0,1800.0,0.0,6.2987
841.0,2026-06-05T18:46:05.305543+00:00,76.7514,0.1022,96.4851,-0.0508,0.7648,0.0,1800.0,0.0,6.2994
841.5,2026-06-05T18:46:05.805629+00:00,76.7048,0.0785,96.4886,-0.0005,0.7648,0.0,1800.0,0.0,6.2997
842.0,2026-06-05T18:46:06.305733+00:00,76.7963,0.0604,96.6069,-0.0004,0.7648,0.0,1800.0,0.0,6.2998
842.5,2026-06-05T18:46:06.810692+00:00,76.7393,0.0464,96.6979,0.0769,0.7648,0.0,1800.0,0.0,6.2999
843.0,2026-06-05T18:46:07.305734+00:00,76.6955,-0.028,96.629,0.0514,0.7648,0.0,1800.0,0.0,6.3
843.5,2026-06-05T18:46:07.805596+00:00,76.6618,-0.0215,96.7148,0.078,0.7648,0.0,1800.0,0.0,6.3
844.000999,2026-06-05T18:46:08.309925+00:00,76.7632,-0.0165,96.6651,0.06,0.7648,0.0,1800.0,0.0,6.3
844.5,2026-06-05T18:46:08.805557+00:00,76.8411,0.0509,96.7426,0.0847,0.7648,0.0,1800.0,0.0,6.3
845.0,2026-06-05T18:46:09.311399+00:00,76.901,0.1028,96.8022,0.0651,0.7648,0.0,1800.0,0.0,6.3
845.5,2026-06-05T18:46:09.805562+00:00,76.8198,0.079,96.8479,0.05,0.7648,0.0,1800.0,0.0,6.3
846.0,2026-06-05T18:46:10.305852+00:00,76.8846,0.0607,96.8831,0.0847,0.7648,0.0,1800.0,0.0,6.3
846.5,2026-06-05T18:46:10.805837+00:00,76.9345,0.0467,96.7945,0.0266,0.7648,0.0,1800.0,0.0,6.3
847.0,2026-06-05T18:46:11.305541+00:00,76.9728,0.0359,96.842,0.059,0.7648,0.0,1800.0,0.0,6.3
847.5,2026-06-05T18:46:11.810209+00:00,76.875,0.0276,96.8786,0.0453,0.7648,0.0,1800.0,0.0,6.3
848.0,2026-06-05T18:46:12.306071+00:00,76.5452,-0.1697,96.791,-0.0037,0.7648,0.0,1800.0,0.0,6.3512
848.5,2026-06-05T18:46:12.805556+00:00,76.5463,-0.1941,96.7236,-0.0414,0.7648,0.0,1800.0,0.0,6.3762
849.0,2026-06-05T18:46:13.305780+00:00,76.5472,-0.2128,96.6719,-0.0704,0.7648,0.0,1800.0,0.0,6.3884
849.5,2026-06-05T18:46:13.805589+00:00,76.6751,-0.0999,96.6321,-0.0541,0.7648,0.0,1800.0,0.0,6.3943
850.0,2026-06-05T18:46:14.312034+00:00,76.6462,0.0505,96.6015,-0.0802,0.7648,0.0,1800.0,0.0,6.3972
850.5,2026-06-05T18:46:14.805990+00:00,76.7512,0.1024,96.578,-0.1002,0.7648,0.0,1800.0,0.0,6.3474
851.0,2026-06-05T18:46:15.305570+00:00,76.5774,0.0151,96.7914,0.0001,0.7648,0.0,1800.0,0.0,6.3232
851.5,2026-06-05T18:46:15.805537+00:00,76.571,-0.052,96.724,0.0001,0.7648,0.0,1800.0,0.0,6.3113
852.0,2026-06-05T18:46:16.305560+00:00,76.6934,0.0236,96.7878,0.0386,0.7648,0.0,1800.0,0.0,6.3055
852.5,2026-06-05T18:46:16.809845+00:00,76.6602,-0.0455,96.8369,0.0683,0.7648,0.0,1800.0,0.0,6.3027
853.0,2026-06-05T18:46:17.305548+00:00,76.762,0.0923,96.759,0.0525,0.7648,0.0,1800.0,0.0,6.3013
853.5,2026-06-05T18:46:17.805598+00:00,76.7129,0.071,96.4676,-0.0368,0.7648,0.0,1800.0,0.0,6.3006
854.0,2026-06-05T18:46:18.305640+00:00,77.057,0.1818,96.4751,-0.1054,0.7648,0.0,1800.0,0.0,6.3003
854.5,2026-06-05T18:46:18.805559+00:00,77.067,0.2034,96.5966,-0.0425,0.7648,0.0,1800.0,0.0,6.3002
855.0,2026-06-05T18:46:19.314799+00:00,76.8201,0.029,96.6899,-0.0326,0.7648,0.0,1800.0,0.0,6.3001
855.5,2026-06-05T18:46:19.805936+00:00,76.7576,0.0223,96.646,-0.0636,0.7648,0.0,1800.0,0.0,6.3
856.0,2026-06-05T18:46:20.305801+00:00,76.7096,-0.1737,96.7279,-0.0104,0.7648,0.0,1800.0,0.0,6.3
856.5,2026-06-05T18:46:20.805676+00:00,76.6726,-0.1972,96.9066,0.1463,0.7648,0.0,1800.0,0.0,6.3
857.0,2026-06-05T18:46:21.305758+00:00,76.6443,-0.0879,96.8125,0.1125,0.7648,0.0,1800.0,0.0,6.3
857.5,2026-06-05T18:46:21.813494+00:00,76.7497,-0.0039,96.7402,0.0479,0.7648,0.0,1800.0,0.0,6.2488
858.0,2026-06-05T18:46:22.305871+00:00,76.7035,-0.003,96.8003,0.0368,0.7648,0.0,1800.0,0.0,6.275
858.5,2026-06-05T18:46:22.805581+00:00,76.7953,0.0613,96.7308,0.0283,0.7648,0.0,1800.0,0.0,6.2878
859.0,2026-06-05T18:46:23.305552+00:00,76.8658,0.1108,96.7931,0.0217,0.7648,0.0,1800.0,0.0,6.2941
859.5,2026-06-05T18:46:23.805698+00:00,76.92,0.0851,96.841,-0.0219,0.7648,0.0,1800.0,0.0,6.2971
860.0,2026-06-05T18:46:24.311666+00:00,76.9616,0.1291,96.8778,0.0218,0.7648,0.0,1800.0,0.0,6.2986
860.5,2026-06-05T18:46:24.806022+00:00,76.9936,0.0992,96.9061,0.0553,0.7648,0.0,1800.0,0.0,6.2993
861.0,2026-06-05T18:46:25.306911+00:00,76.891,0.0126,96.8121,0.0039,0.7648,0.0,1800.0,0.0,6.2997
861.5,2026-06-05T18:46:25.805536+00:00,76.8121,-0.0539,96.8556,0.0416,0.7648,0.0,1800.0,0.0,6.2998
862.0,2026-06-05T18:46:26.305637+00:00,77.006,0.0222,96.7733,-0.0066,0.7648,0.0,1800.0,0.0,6.2999
862.5,2026-06-05T18:46:26.811940+00:00,77.0277,0.017,96.7101,-0.0436,0.7648,0.0,1800.0,0.0,6.3
863.0,2026-06-05T18:46:27.305917+00:00,77.0445,0.0767,96.7771,-0.0335,0.7648,0.0,1800.0,0.0,6.3
863.5,2026-06-05T18:46:27.805697+00:00,77.0573,0.1226,96.4816,-0.1415,0.7648,0.0,1800.0,0.0,6.3
864.0,2026-06-05T18:46:28.305701+00:00,76.9399,-0.033,96.6016,-0.0702,0.7648,0.0,1800.0,0.0,6.3
864.5,2026-06-05T18:46:28.805544+00:00,76.977,-0.0254,96.5781,-0.0925,0.7648,0.0,1800.0,0.0,6.3
865.0,2026-06-05T18:46:29.311646+00:00,76.8782,-0.0831,96.6757,-0.0325,0.7648,0.0,1800.0,0.0,6.3
865.5,2026-06-05T18:46:29.805567+00:00,76.9295,-0.0639,96.635,-0.025,0.7648,0.0,1800.0,0.0,6.3
866.0,2026-06-05T18:46:30.305541+00:00,76.969,0.0145,96.6038,-0.0578,0.7648,0.0,1800.0,0.0,6.3
866.5,2026-06-05T18:46:30.805551+00:00,76.872,-0.0525,96.6955,0.0713,0.7648,0.0,1800.0,0.0,6.3
867.0,2026-06-05T18:46:31.305727+00:00,76.7975,-0.0403,96.6502,0.0162,0.7648,0.0,1800.0,0.0,6.3
867.5,2026-06-05T18:46:31.810459+00:00,76.8675,-0.031,96.7312,0.051,0.7648,0.0,1800.0,0.0,6.3
868.0,2026-06-05T18:46:32.305642+00:00,76.794,-0.0875,96.7934,0.0392,0.7648,0.0,1800.0,0.0,6.3
868.5,2026-06-05T18:46:32.805625+00:00,76.8648,-0.0036,96.8412,0.0687,0.7648,0.0,1800.0,0.0,6.3
869.0,2026-06-05T18:46:33.305786+00:00,76.9192,0.0609,96.8779,0.0914,0.7648,0.0,1800.0,0.0,6.3
869.5,2026-06-05T18:46:33.805798+00:00,76.7065,-0.0805,96.7905,0.0317,0.7648,0.0,1800.0,0.0,6.3
870.0,2026-06-05T18:46:34.314221+00:00,76.7976,0.0018,96.7233,0.0243,0.7648,0.0,1800.0,0.0,6.3
870.5,2026-06-05T18:46:34.805575+00:00,76.8676,0.0014,96.6716,-0.0199,0.7648,0.0,1800.0,0.0,6.3
871.0,2026-06-05T18:46:35.305793+00:00,76.7941,-0.0626,96.6319,-0.0538,0.7648,0.0,1800.0,0.0,6.3
871.5,2026-06-05T18:46:35.805567+00:00,76.4831,-0.1117,96.7171,-0.0414,0.7648,0.0,1800.0,0.0,6.3
872.0,2026-06-05T18:46:36.305888+00:00,76.6258,-0.0859,96.6668,-0.0704,0.7648,0.0,1800.0,0.0,6.3512
872.5,2026-06-05T18:46:36.811977+00:00,76.7355,-0.066,96.6282,-0.0541,0.7648,0.0,1800.0,0.0,6.325
873.0,2026-06-05T18:46:37.305580+00:00,76.8199,0.0129,96.7143,-0.003,0.7648,0.0,1800.0,0.0,6.3634
873.5,2026-06-05T18:46:37.805568+00:00,76.8847,0.2008,96.7804,0.0363,0.7648,0.0,1800.0,0.0,6.3821
874.0,2026-06-05T18:46:38.305543+00:00,76.9345,0.1544,96.7155,0.0279,0.7648,0.0,1800.0,0.0,6.3913
874.5,2026-06-05T18:46:38.805742+00:00,76.8455,0.055,96.7813,0.0214,0.7648,0.0,1800.0,0.0,6.3445
875.0,2026-06-05T18:46:39.312855+00:00,76.9044,0.0423,96.8319,0.055,0.7648,0.0,1800.0,0.0,6.3217
875.5,2026-06-05T18:46:39.805979+00:00,76.9497,0.0325,96.7551,0.0423,0.7648,0.0,1800.0,0.0,6.3106
876.0,2026-06-05T18:46:40.305791+00:00,76.8572,-0.0387,96.6961,-0.0061,0.7648,0.0,1800.0,0.0,6.3052
876.5,2026-06-05T18:46:40.805828+00:00,76.9134,0.0339,96.535,-0.0818,0.7648,0.0,1800.0,0.0,6.3025
877.0,2026-06-05T18:46:41.305764+00:00,76.8293,-0.0376,96.5269,-0.0629,0.7648,0.0,1800.0,0.0,6.3012
877.5,2026-06-05T18:46:41.810394+00:00,76.8919,-0.0289,96.405,-0.1255,0.7648,0.0,1800.0,0.0,6.3006
878.0,2026-06-05T18:46:42.305566+00:00,77.0674,0.1051,96.5427,-0.0964,0.7648,0.0,1800.0,0.0,6.3003
878.5,2026-06-05T18:46:42.806076+00:00,77.0749,0.0808,96.5328,-0.0741,0.7648,0.0,1800.0,0.0,6.3001
879.0,2026-06-05T18:46:43.305695+00:00,76.8262,-0.0016,96.6409,-0.0184,0.7648,0.0,1800.0,0.0,6.3001
879.5,2026-06-05T18:46:43.805930+00:00,76.8895,-0.0012,96.6083,0.0244,0.7648,0.0,1800.0,0.0,6.3
880.0,2026-06-05T18:46:44.311916+00:00,76.6837,-0.1918,96.5832,0.0188,0.7648,0.0,1800.0,0.0,6.3
880.5,2026-06-05T18:46:44.805543+00:00,76.6528,-0.2111,96.4483,0.0144,0.7648,0.0,1800.0,0.0,6.3
881.0,2026-06-05T18:46:45.306308+00:00,76.629,-0.0986,96.3445,-0.066,0.7648,0.0,1800.0,0.0,6.3
881.5,2026-06-05T18:46:45.805589+00:00,76.738,-0.0758,96.1491,-0.1279,0.7648,0.0,1800.0,0.0,6.3
882.0,2026-06-05T18:46:46.305590+00:00,76.6945,0.0054,96.1146,-0.1754,0.7648,0.0,1800.0,0.0,6.3
882.5,2026-06-05T18:46:46.811300+00:00,76.7883,0.0678,96.2038,-0.1348,0.7648,0.0,1800.0,0.0,6.2488
883.0,2026-06-05T18:46:47.305555+00:00,76.8604,0.1157,96.2723,-0.1036,0.7648,0.0,1800.0,0.0,6.275
883.5,2026-06-05T18:46:47.805631+00:00,76.9159,0.0889,96.325,-0.0411,0.7648,0.0,1800.0,0.0,6.2878
884.0,2026-06-05T18:46:48.305556+00:00,76.8312,0.0684,95.9953,-0.1164,0.7648,0.0,1800.0,0.0,6.294
884.5,2026-06-05T18:46:48.805549+00:00,76.8934,0.0525,96.1121,-0.0124,0.7648,0.0,1800.0,0.0,6.2971
885.0,2026-06-05T18:46:49.310837+00:00,76.9412,0.0404,96.2018,0.0291,0.7648,0.0,1800.0,0.0,6.2986
885.5,2026-06-05T18:46:49.805577+00:00,76.978,0.031,96.2708,0.0223,0.7648,0.0,1800.0,0.0,6.2993
886.0,2026-06-05T18:46:50.305528+00:00,77.0062,0.0875,96.3239,0.0172,0.7648,0.0,1800.0,0.0,6.2997
886.5,2026-06-05T18:46:50.805593+00:00,77.0279,0.0672,96.2489,-0.0254,0.7648,0.0,1800.0,0.0,6.2998
887.0,2026-06-05T18:46:51.305562+00:00,76.79,-0.0756,96.307,0.1039,0.7648,0.0,1800.0,0.0,6.2999
887.5,2026-06-05T18:46:51.812569+00:00,76.8618,-0.0581,96.236,0.0413,0.7648,0.0,1800.0,0.0,6.2488
888.0,2026-06-05T18:46:52.306914+00:00,76.9169,-0.0447,96.2971,0.0317,0.7648,0.0,1800.0,0.0,6.275
888.5,2026-06-05T18:46:52.805670+00:00,76.7047,-0.1616,96.2283,-0.0142,0.7648,0.0,1800.0,0.0,6.2878
889.0,2026-06-05T18:46:53.305563+00:00,76.6689,-0.0606,96.1755,-0.0495,0.7648,0.0,1800.0,0.0,6.294
889.5,2026-06-05T18:46:53.805733+00:00,76.6414,-0.1102,96.2506,0.0006,0.7648,0.0,1800.0,0.0,6.2971
890.0,2026-06-05T18:46:54.310486+00:00,76.7475,-0.0847,96.1926,-0.0381,0.7648,0.0,1800.0,0.0,6.2986
890.5,2026-06-05T18:46:54.805826+00:00,76.8291,0.0622,96.2637,0.0093,0.7648,0.0,1800.0,0.0,6.2993
891.0,2026-06-05T18:46:55.305548+00:00,76.8918,0.1114,96.3184,0.0071,0.7648,0.0,1800.0,0.0,6.3509
891.5,2026-06-05T18:46:55.806142+00:00,77.0672,0.2129,96.4761,0.0826,0.7648,0.0,1800.0,0.0,6.376
892.0,2026-06-05T18:46:56.305547+00:00,76.9475,0.1,96.4816,0.1021,0.7648,0.0,1800.0,0.0,6.3883
892.5,2026-06-05T18:46:56.811938+00:00,76.9828,0.0769,96.4859,0.0784,0.7648,0.0,1800.0,0.0,6.3943
893.0,2026-06-05T18:46:57.305537+00:00,77.0099,0.0591,96.4892,0.0989,0.7648,0.0,1800.0,0.0,6.4484
893.5,2026-06-05T18:46:57.805538+00:00,77.158,0.0454,96.4917,0.076,0.7648,0.0,1800.0,0.0,6.4236
894.0,2026-06-05T18:46:58.305534+00:00,77.1446,0.0985,96.2622,-0.0187,0.7648,0.0,1800.0,0.0,6.4115
894.5,2026-06-05T18:46:58.805562+00:00,76.8798,-0.0515,96.3172,-0.053,0.7648,0.0,1800.0,0.0,6.4056
895.0,2026-06-05T18:46:59.310630+00:00,76.8034,-0.1032,96.4752,-0.0021,0.7648,0.0,1800.0,0.0,6.4027
895.500001,2026-06-05T18:46:59.805835+00:00,76.7448,-0.2066,96.481,-0.0016,0.7648,0.0,1800.0,0.0,6.4013
896.0,2026-06-05T18:47:00.305534+00:00,76.827,-0.1588,96.4854,-0.0013,0.7648,0.0,1800.0,0.0,6.4007
896.5,2026-06-05T18:47:00.805656+00:00,76.8902,0.0052,96.4887,-0.001,0.7648,0.0,1800.0,0.0,6.3491
897.0,2026-06-05T18:47:01.305710+00:00,77.066,0.1313,96.6071,0.115,0.7648,0.0,1800.0,0.0,6.324
897.5,2026-06-05T18:47:01.810773+00:00,76.6921,-0.0264,96.698,0.1269,0.7648,0.0,1800.0,0.0,6.3117
898.0,2026-06-05T18:47:02.305547+00:00,76.5319,-0.1475,96.6522,0.059,0.7648,0.0,1800.0,0.0,6.3057
898.5,2026-06-05T18:47:02.805530+00:00,76.6634,-0.1134,96.617,0.0453,0.7648,0.0,1800.0,0.0,6.3028
899.0,2026-06-05T18:47:03.306892+00:00,76.7644,-0.1508,96.7056,0.0734,0.7648,0.0,1800.0,0.0,6.3014
899.5,2026-06-05T18:47:03.806000+00:00,76.7148,0.0114,96.658,0.0564,0.7648,0.0,1800.0,0.0,6.3007
900.0,2026-06-05T18:47:04.312197+00:00,76.8039,0.136,96.5058,-0.0338,0.7648,0.0,1800.0,0.0,6.3003
900.5,2026-06-05T18:47:04.805646+00:00,76.7452,0.0409,96.6201,-0.026,0.7648,0.0,1800.0,0.0,6.3002
901.0,2026-06-05T18:47:05.305608+00:00,76.8273,0.0314,96.5923,-0.0199,0.7648,0.0,1800.0,0.0,6.3001
901.5,2026-06-05T18:47:05.805554+00:00,76.8904,0.0878,96.4553,-0.0539,0.7648,0.0,1800.0,0.0,6.3
902.0,2026-06-05T18:47:06.305582+00:00,76.9389,0.0675,96.4656,-0.08,0.7648,0.0,1800.0,0.0,6.3
902.5,2026-06-05T18:47:06.810686+00:00,76.8489,0.0519,96.5893,-0.0229,0.7648,0.0,1800.0,0.0,6.2488
903.0,2026-06-05T18:47:07.305846+00:00,76.7797,-0.0238,96.5686,0.021,0.7648,0.0,1800.0,0.0,6.275
903.5,2026-06-05T18:47:07.805786+00:00,76.8538,-0.0183,96.6684,0.0161,0.7648,0.0,1800.0,0.0,6.2878
904.0,2026-06-05T18:47:08.305551+00:00,76.7835,-0.0777,96.8609,0.0895,0.7648,0.0,1800.0,0.0,6.2941
904.5,2026-06-05T18:47:08.805558+00:00,76.8568,0.0039,96.6617,0.0688,0.7648,0.0,1800.0,0.0,6.2971
905.0,2026-06-05T18:47:09.310309+00:00,76.913,0.0667,96.8556,0.13,0.7648,0.0,1800.0,0.0,6.2986
905.5,2026-06-05T18:47:09.805639+00:00,76.9563,0.0512,96.8891,0.0999,0.7648,0.0,1800.0,0.0,6.2993
906.0,2026-06-05T18:47:10.306350+00:00,77.1168,0.1666,96.9147,0.1154,0.7648,0.0,1800.0,0.0,6.2997
906.5,2026-06-05T18:47:10.806112+00:00,77.2402,0.1917,96.9345,0.0887,0.7648,0.0,1800.0,0.0,6.2998
907.001148,2026-06-05T18:47:11.306726+00:00,77.2078,0.1474,96.9496,0.0296,0.7648,0.0,1800.0,0.0,6.2999
907.5,2026-06-05T18:47:11.810060+00:00,77.3101,0.1769,96.9613,0.0999,0.7648,0.0,1800.0,0.0,6.2488
908.0,2026-06-05T18:47:12.305591+00:00,77.2615,0.0723,96.9702,0.0382,0.7648,0.0,1800.0,0.0,6.275
908.5,2026-06-05T18:47:12.805565+00:00,76.9696,-0.1353,96.9771,0.0294,0.7648,0.0,1800.0,0.0,6.2878
909.0,2026-06-05T18:47:13.305640+00:00,76.9998,-0.104,96.9824,0.0226,0.7648,0.0,1800.0,0.0,6.294
909.5,2026-06-05T18:47:13.805547+00:00,77.023,-0.1436,96.9865,0.0173,0.7648,0.0,1800.0,0.0,6.2971
910.0,2026-06-05T18:47:14.310135+00:00,76.9135,-0.174,96.9896,0.0133,0.7648,0.0,1800.0,0.0,6.2986
910.5,2026-06-05T18:47:14.806137+00:00,76.8294,-0.0701,96.992,0.0102,0.7648,0.0,1800.0,0.0,6.2993
911.0,2026-06-05T18:47:15.305706+00:00,77.0193,0.0098,96.9939,0.0079,0.7648,0.0,1800.0,0.0,6.2997
911.5,2026-06-05T18:47:15.805832+00:00,77.038,0.0075,96.9953,0.0061,0.7648,0.0,1800.0,0.0,6.2998
912.0,2026-06-05T18:47:16.305674+00:00,77.0523,0.0694,96.8807,-0.0339,0.7648,0.0,1800.0,0.0,6.2999
912.5,2026-06-05T18:47:16.811838+00:00,77.0634,0.117,96.9083,-0.0261,0.7648,0.0,1800.0,0.0,6.2488
913.0,2026-06-05T18:47:17.305580+00:00,77.1991,0.0899,97.0452,0.0185,0.7648,0.0,1800.0,0.0,6.275
913.5,2026-06-05T18:47:17.805542+00:00,77.1762,0.0691,96.919,-0.0243,0.7648,0.0,1800.0,0.0,6.2878
914.0,2026-06-05T18:47:18.305577+00:00,77.2858,0.1167,96.9378,-0.0187,0.7648,0.0,1800.0,0.0,6.294
914.5,2026-06-05T18:47:18.805569+00:00,77.2428,0.0897,96.7208,-0.0915,0.7648,0.0,1800.0,0.0,6.2971
915.0,2026-06-05T18:47:19.313350+00:00,77.0825,-0.0583,96.9011,0.0068,0.7648,0.0,1800.0,0.0,6.2986
915.5,2026-06-05T18:47:19.805573+00:00,76.9593,-0.1084,96.924,0.0052,0.7648,0.0,1800.0,0.0,6.2993
916.0,2026-06-05T18:47:20.305530+00:00,76.8646,-0.2106,96.8259,-0.0731,0.7648,0.0,1800.0,0.0,6.2997
916.5,2026-06-05T18:47:20.805728+00:00,76.7918,-0.2255,96.8662,-0.0176,0.7648,0.0,1800.0,0.0,6.2998
917.0,2026-06-05T18:47:21.305563+00:00,76.9904,-0.0461,96.6889,-0.083,0.7648,0.0,1800.0,0.0,6.2999
917.5,2026-06-05T18:47:21.814678+00:00,76.8885,-0.0354,96.4138,-0.1023,0.7648,0.0,1800.0,0.0,6.3
918.0,2026-06-05T18:47:22.305729+00:00,76.8101,-0.0272,96.318,-0.1944,0.7648,0.0,1800.0,0.0,6.3512
918.5,2026-06-05T18:47:22.805687+00:00,76.8772,0.0427,96.2444,-0.2265,0.7648,0.0,1800.0,0.0,6.3762
919.0,2026-06-05T18:47:23.305629+00:00,76.9288,-0.0308,96.3036,-0.1741,0.7648,0.0,1800.0,0.0,6.3884
919.5,2026-06-05T18:47:23.806093+00:00,76.9684,0.04,96.4647,-0.1338,0.7648,0.0,1800.0,0.0,6.3943
920.0,2026-06-05T18:47:24.311179+00:00,76.9988,0.0943,96.5886,-0.0334,0.7648,0.0,1800.0,0.0,6.3972
920.5,2026-06-05T18:47:24.805621+00:00,77.0223,0.0725,96.4524,0.0129,0.7648,0.0,1800.0,0.0,6.3986
921.0,2026-06-05T18:47:25.305558+00:00,77.1675,0.1194,96.4634,0.0485,0.7648,0.0,1800.0,0.0,6.3993
921.5,2026-06-05T18:47:25.805540+00:00,77.0246,0.0281,96.4719,0.0758,0.7648,0.0,1800.0,0.0,6.3997
922.0,2026-06-05T18:47:26.305587+00:00,76.9148,-0.042,96.4784,0.0583,0.7648,0.0,1800.0,0.0,6.3998
922.5,2026-06-05T18:47:26.811618+00:00,76.9577,-0.0323,96.4834,0.0062,0.7648,0.0,1800.0,0.0,6.3487
923.0,2026-06-05T18:47:27.305556+00:00,76.9906,-0.0885,96.6029,0.0048,0.7648,0.0,1800.0,0.0,6.375
923.5,2026-06-05T18:47:27.805541+00:00,77.0159,-0.0044,96.5791,0.0422,0.7648,0.0,1800.0,0.0,6.3878
924.0,2026-06-05T18:47:28.305631+00:00,77.0354,0.0603,96.4451,-0.0061,0.7648,0.0,1800.0,0.0,6.394
924.5,2026-06-05T18:47:28.805538+00:00,76.9231,-0.0173,96.4578,-0.0047,0.7648,0.0,1800.0,0.0,6.3971
925.0,2026-06-05T18:47:29.311841+00:00,76.8367,-0.0769,96.3519,-0.0422,0.7648,0.0,1800.0,0.0,6.3986
925.5,2026-06-05T18:47:29.805555+00:00,76.7704,-0.1228,96.3861,-0.0324,0.7648,0.0,1800.0,0.0,6.3481
926.0,2026-06-05T18:47:30.305564+00:00,76.7194,-0.158,96.4125,-0.0635,0.7648,0.0,1800.0,0.0,6.3235
926.5,2026-06-05T18:47:30.805558+00:00,76.9347,0.0058,96.2013,-0.1259,0.7648,0.0,1800.0,0.0,6.3115
927.0,2026-06-05T18:47:31.305607+00:00,77.1002,0.1318,96.0391,-0.1354,0.7648,0.0,1800.0,0.0,6.3056
927.5,2026-06-05T18:47:31.810650+00:00,77.1002,0.1649,96.03,-0.1426,0.7648,0.0,1800.0,0.0,6.3027
928.0,2026-06-05T18:47:32.305623+00:00,77.1001,0.1904,95.676,-0.2253,0.7648,0.0,1800.0,0.0,6.3013
928.5,2026-06-05T18:47:32.805562+00:00,77.1001,0.0827,95.8667,-0.1732,0.7648,0.0,1800.0,0.0,6.3006
929.0,2026-06-05T18:47:33.305560+00:00,77.1001,-0.0001,95.8975,-0.1717,0.7648,0.0,1800.0,0.0,6.3003
929.5,2026-06-05T18:47:33.805566+00:00,77.1001,-0.0001,96.0369,-0.0548,0.7648,0.0,1800.0,0.0,6.3002
930.0,2026-06-05T18:47:34.311215+00:00,77.1,-0.0,96.1441,0.035,0.7648,0.0,1800.0,0.0,6.3001
930.5,2026-06-05T18:47:34.805552+00:00,77.2273,0.0636,95.995,-0.0117,0.7648,0.0,1800.0,0.0,6.3
931.0,2026-06-05T18:47:35.305595+00:00,77.1978,0.0489,95.8805,0.0682,0.7648,0.0,1800.0,0.0,6.3
931.5,2026-06-05T18:47:35.805527+00:00,77.1752,0.0376,95.7924,-0.0247,0.7648,0.0,1800.0,0.0,6.3
932.0,2026-06-05T18:47:36.305612+00:00,77.1578,0.0289,95.9562,0.0196,0.7648,0.0,1800.0,0.0,6.3
932.5,2026-06-05T18:47:36.814560+00:00,77.1444,-0.0414,95.9663,-0.0235,0.7648,0.0,1800.0,0.0,6.2488
933.0,2026-06-05T18:47:37.305646+00:00,77.0069,-0.0955,96.3212,0.059,0.7648,0.0,1800.0,0.0,6.275
933.5,2026-06-05T18:47:37.805565+00:00,77.1557,-0.0098,96.0155,0.0068,0.7648,0.0,1800.0,0.0,6.2878
934.0,2026-06-05T18:47:38.306514+00:00,77.1428,-0.0075,96.1276,0.0824,0.7648,0.0,1800.0,0.0,6.2941
934.5,2026-06-05T18:47:38.805575+00:00,77.2602,0.0579,96.2138,0.1404,0.7648,0.0,1800.0,0.0,6.2971
935.0,2026-06-05T18:47:39.311660+00:00,77.0958,0.0445,96.1643,0.0694,0.7648,0.0,1800.0,0.0,6.2986
935.5,2026-06-05T18:47:39.805567+00:00,77.0968,-0.0294,96.242,0.0919,0.7648,0.0,1800.0,0.0,6.2481
936.0,2026-06-05T18:47:40.305533+00:00,76.9703,-0.0863,96.3017,-0.0065,0.7648,0.0,1800.0,0.0,6.2235
936.5,2026-06-05T18:47:40.805587+00:00,77.1276,-0.0663,96.3476,0.1107,0.7648,0.0,1800.0,0.0,6.2115
937.0,2026-06-05T18:47:41.305554+00:00,77.1212,0.0127,96.3828,0.0851,0.7648,0.0,1800.0,0.0,6.2056
937.5,2026-06-05T18:47:41.810481+00:00,77.1163,0.0097,96.2943,0.0268,0.7648,0.0,1800.0,0.0,6.2027
938.0,2026-06-05T18:47:42.305560+00:00,77.1125,0.0711,96.2262,0.0206,0.7648,0.0,1800.0,0.0,6.2525
938.5,2026-06-05T18:47:42.805559+00:00,77.1096,-0.009,96.2895,0.0158,0.7648,0.0,1800.0,0.0,6.2768
939.0,2026-06-05T18:47:43.305593+00:00,76.9801,-0.0705,96.4539,0.0507,0.7648,0.0,1800.0,0.0,6.2887
939.5,2026-06-05T18:47:43.805559+00:00,77.2624,0.0731,96.3489,0.0004,0.7648,0.0,1800.0,0.0,6.2945
940.0,2026-06-05T18:47:44.310385+00:00,77.2248,0.0562,96.3839,0.0003,0.7648,0.0,1800.0,0.0,6.2973
940.5,2026-06-05T18:47:44.805563+00:00,76.9414,-0.0841,96.5264,0.0774,0.7648,0.0,1800.0,0.0,6.2475
941.0,2026-06-05T18:47:45.305809+00:00,76.9781,-0.001,96.636,0.1366,0.7648,0.0,1800.0,0.0,6.2744
941.5,2026-06-05T18:47:45.805752+00:00,77.0063,-0.128,96.6045,0.105,0.7648,0.0,1800.0,0.0,6.2363
942.0,2026-06-05T18:47:46.305643+00:00,77.028,-0.0984,96.4647,0.0036,0.7648,0.0,1800.0,0.0,6.2177
942.5,2026-06-05T18:47:46.814578+00:00,76.9174,-0.012,96.4728,0.0413,0.7648,0.0,1800.0,0.0,6.2086
943.0,2026-06-05T18:47:47.305679+00:00,77.0869,0.0544,96.5948,0.0703,0.7648,0.0,1800.0,0.0,6.2554
943.5,2026-06-05T18:47:47.806090+00:00,77.0899,0.0418,96.5729,0.0155,0.7648,0.0,1800.0,0.0,6.2782
944.0,2026-06-05T18:47:48.305572+00:00,77.0923,0.0321,96.4403,-0.0652,0.7648,0.0,1800.0,0.0,6.2894
944.5,2026-06-05T18:47:48.805551+00:00,77.0941,0.0883,96.4541,-0.0501,0.7648,0.0,1800.0,0.0,6.2948
945.0,2026-06-05T18:47:49.312911+00:00,77.2227,0.0679,96.4647,0.0,0.7648,0.0,1800.0,0.0,6.2975
945.5,2026-06-05T18:47:49.805577+00:00,77.067,-0.0114,96.4729,0.0,0.7648,0.0,1800.0,0.0,6.2988
946.0,2026-06-05T18:47:50.305542+00:00,77.0747,-0.0088,96.5949,0.0,0.7648,0.0,1800.0,0.0,6.2994
946.5,2026-06-05T18:47:50.805553+00:00,77.0805,-0.0068,96.4572,-0.0386,0.7648,0.0,1800.0,0.0,6.2997
947.0,2026-06-05T18:47:51.305612+00:00,77.085,-0.0688,96.4671,0.0089,0.7648,0.0,1800.0,0.0,6.2999
947.5,2026-06-05T18:47:51.810464+00:00,76.9612,-0.0529,96.359,-0.0317,0.7648,0.0,1800.0,0.0,6.2999
948.0,2026-06-05T18:47:52.305813+00:00,76.9933,-0.0407,96.3916,-0.0244,0.7648,0.0,1800.0,0.0,6.3
948.5,2026-06-05T18:47:52.805552+00:00,77.1453,0.0324,96.4167,-0.0187,0.7648,0.0,1800.0,0.0,6.3
949.0,2026-06-05T18:47:53.305565+00:00,77.1348,0.0249,96.5517,-0.0144,0.7648,0.0,1800.0,0.0,6.3
949.5,2026-06-05T18:47:53.805717+00:00,77.1268,0.0828,96.424,-0.0111,0.7648,0.0,1800.0,0.0,6.3
950.0,2026-06-05T18:47:54.310925+00:00,77.1206,0.0636,96.2102,-0.0856,0.7648,0.0,1800.0,0.0,6.3
950.501172,2026-06-05T18:47:54.806754+00:00,77.2431,0.0489,96.1616,-0.0658,0.7648,0.0,1800.0,0.0,6.3
951.0,2026-06-05T18:47:55.306108+00:00,77.21,0.0376,96.1242,-0.0892,0.7648,0.0,1800.0,0.0,6.3
951.5,2026-06-05T18:47:55.805575+00:00,77.0573,-0.0348,96.0954,-0.1071,0.7648,0.0,1800.0,0.0,6.3512
952.0,2026-06-05T18:47:56.305667+00:00,77.0671,-0.0267,96.1891,-0.1209,0.7648,0.0,1800.0,0.0,6.3762
952.5,2026-06-05T18:47:56.810807+00:00,77.0747,-0.0842,96.261,-0.0543,0.7648,0.0,1800.0,0.0,6.3372
953.0,2026-06-05T18:47:57.305653+00:00,77.2079,-0.0011,96.3163,0.0354,0.7648,0.0,1800.0,0.0,6.3693
953.5,2026-06-05T18:47:57.805552+00:00,77.3102,0.1265,96.2431,0.0272,0.7648,0.0,1800.0,0.0,6.385
954.0,2026-06-05T18:47:58.305879+00:00,77.007,-0.0301,96.4183,0.098,0.7648,0.0,1800.0,0.0,6.3927
954.5,2026-06-05T18:47:58.807659+00:00,77.0285,-0.0231,96.2058,0.0368,0.7648,0.0,1800.0,0.0,6.3452
955.0,2026-06-05T18:47:59.310698+00:00,77.1723,-0.0178,96.2739,0.0283,0.7648,0.0,1800.0,0.0,6.3221
955.5,2026-06-05T18:47:59.805553+00:00,77.0283,-0.1409,96.2105,-0.0168,0.7648,0.0,1800.0,0.0,6.3108
956.0,2026-06-05T18:48:00.305546+00:00,77.1722,0.0826,96.3932,0.0256,0.7648,0.0,1800.0,0.0,6.3053
956.5,2026-06-05T18:48:00.805605+00:00,77.0282,-0.0002,96.3022,0.0197,0.7648,0.0,1800.0,0.0,6.3026
957.0,2026-06-05T18:48:01.305572+00:00,77.0448,-0.0638,96.348,-0.0234,0.7648,0.0,1800.0,0.0,6.3013
957.5,2026-06-05T18:48:01.810253+00:00,77.0576,0.0146,96.2674,0.0206,0.7648,0.0,1800.0,0.0,6.3006
958.0,2026-06-05T18:48:02.305645+00:00,77.0674,-0.0524,96.3213,0.0158,0.7648,0.0,1800.0,0.0,6.3003
958.5,2026-06-05T18:48:02.805748+00:00,76.8204,-0.1039,96.594,0.1278,0.7648,0.0,1800.0,0.0,6.3001
959.0,2026-06-05T18:48:03.305975+00:00,77.0124,-0.0162,96.5723,0.0597,0.7648,0.0,1800.0,0.0,6.3001
959.5,2026-06-05T18:48:03.806105+00:00,77.1599,0.0512,96.6712,0.123,0.7648,0.0,1800.0,0.0,6.3
960.0,2026-06-05T18:48:04.310812+00:00,77.1461,0.0393,96.6316,0.0945,0.7648,0.0,1800.0,0.0,6.3
960.5,2026-06-05T18:48:04.805646+00:00,77.0081,0.0939,96.6012,0.1112,0.7648,0.0,1800.0,0.0,6.3
961.0,2026-06-05T18:48:05.305585+00:00,77.1567,0.0721,96.6935,0.1241,0.7648,0.0,1800.0,0.0,6.3
961.5,2026-06-05T18:48:05.805685+00:00,77.1435,-0.0082,96.7644,0.0568,0.7648,0.0,1800.0,0.0,6.3
962.0,2026-06-05T18:48:06.305636+00:00,77.2607,0.0573,96.8189,0.0822,0.7648,0.0,1800.0,0.0,6.3
962.5,2026-06-05T18:48:06.811528+00:00,77.2235,0.1077,96.8608,0.0632,0.7648,0.0,1800.0,0.0,6.2488
963.0,2026-06-05T18:48:07.306063+00:00,77.195,0.0191,97.0087,0.1257,0.7648,0.0,1800.0,0.0,6.275
963.5,2026-06-05T18:48:07.805550+00:00,77.173,0.0147,97.0067,0.1352,0.7648,0.0,1800.0,0.0,6.2878
964.0,2026-06-05T18:48:08.305562+00:00,77.1561,-0.0523,96.8895,0.0653,0.7648,0.0,1800.0,0.0,6.294
964.5,2026-06-05T18:48:08.805715+00:00,76.8886,-0.1675,97.0307,0.0888,0.7648,0.0,1800.0,0.0,6.2971
965.0,2026-06-05T18:48:09.311934+00:00,76.9375,-0.1287,97.0236,0.0682,0.7648,0.0,1800.0,0.0,6.2986
965.5,2026-06-05T18:48:09.805696+00:00,76.8478,-0.1626,96.9025,0.0139,0.7648,0.0,1800.0,0.0,6.2993
966.0,2026-06-05T18:48:10.305891+00:00,76.9062,-0.125,96.925,-0.0279,0.7648,0.0,1800.0,0.0,6.2997
966.5,2026-06-05T18:48:10.805537+00:00,76.951,0.0312,96.8267,-0.06,0.7648,0.0,1800.0,0.0,6.2998
967.0,2026-06-05T18:48:11.305919+00:00,76.9855,0.024,96.8668,-0.0076,0.7648,0.0,1800.0,0.0,6.2999
967.5,2026-06-05T18:48:11.810713+00:00,76.8847,0.0184,96.6662,-0.1215,0.7648,0.0,1800.0,0.0,6.2488
968.0,2026-06-05T18:48:12.305804+00:00,77.0618,0.0778,96.6277,-0.132,0.7648,0.0,1800.0,0.0,6.275
968.501011,2026-06-05T18:48:12.806618+00:00,77.1979,0.1234,96.7139,-0.0629,0.7648,0.0,1800.0,0.0,6.2878
969.0,2026-06-05T18:48:13.305555+00:00,77.1753,0.0949,96.6413,-0.0946,0.7648,0.0,1800.0,0.0,6.294
969.5,2026-06-05T18:48:13.805574+00:00,77.4124,0.2638,96.7243,-0.0341,0.7648,0.0,1800.0,0.0,6.2971
970.0,2026-06-05T18:48:14.310563+00:00,77.3401,0.1391,96.6724,-0.0648,0.7648,0.0,1800.0,0.0,6.2986
970.5,2026-06-05T18:48:14.805537+00:00,77.2845,0.0433,96.7482,0.0273,0.7648,0.0,1800.0,0.0,6.2993
971.0,2026-06-05T18:48:15.305580+00:00,77.3691,0.0969,96.8065,0.0596,0.7648,0.0,1800.0,0.0,6.2997
971.5,2026-06-05T18:48:15.805549+00:00,77.3068,-0.0528,96.8512,0.0458,0.7648,0.0,1800.0,0.0,6.2998
972.0,2026-06-05T18:48:16.305551+00:00,77.3862,0.0231,97.0014,0.12,0.7648,0.0,1800.0,0.0,6.2999
972.5,2026-06-05T18:48:16.812107+00:00,77.1927,-0.0459,96.8853,0.0537,0.7648,0.0,1800.0,0.0,6.2488
973.0,2026-06-05T18:48:17.305786+00:00,77.2985,-0.0353,96.9119,0.0798,0.7648,0.0,1800.0,0.0,6.275
973.5,2026-06-05T18:48:17.805554+00:00,77.2526,-0.0271,96.8166,0.0228,0.7648,0.0,1800.0,0.0,6.2878
974.0,2026-06-05T18:48:18.305654+00:00,77.09,-0.1481,96.7433,-0.021,0.7648,0.0,1800.0,0.0,6.294
974.5,2026-06-05T18:48:18.805812+00:00,76.9651,-0.1138,96.687,-0.0547,0.7648,0.0,1800.0,0.0,6.2971
975.0,2026-06-05T18:48:19.312149+00:00,77.1236,-0.0875,96.6437,-0.1192,0.7648,0.0,1800.0,0.0,6.2986
975.5,2026-06-05T18:48:19.805635+00:00,77.2454,-0.0036,96.5873,-0.0993,0.7648,0.0,1800.0,0.0,6.2993
976.0,2026-06-05T18:48:20.305537+00:00,77.339,0.1245,96.6828,-0.0764,0.7648,0.0,1800.0,0.0,6.2997
976.5,2026-06-05T18:48:20.805554+00:00,77.2837,0.1593,96.6405,-0.0587,0.7648,0.0,1800.0,0.0,6.2998
977.0,2026-06-05T18:48:21.305777+00:00,77.3685,0.1225,96.608,-0.0451,0.7648,0.0,1800.0,0.0,6.2487
977.5,2026-06-05T18:48:21.810666+00:00,77.3063,0.0305,96.6987,0.0039,0.7648,0.0,1800.0,0.0,6.275
978.0,2026-06-05T18:48:22.305578+00:00,77.2586,-0.0402,96.7684,0.0416,0.7648,0.0,1800.0,0.0,6.2878
978.5,2026-06-05T18:48:22.805547+00:00,77.3492,0.0327,96.7063,0.0397,0.7648,0.0,1800.0,0.0,6.294
979.0,2026-06-05T18:48:23.305926+00:00,77.2915,-0.0385,96.7743,0.0305,0.7648,0.0,1800.0,0.0,6.2971
979.5,2026-06-05T18:48:23.805814+00:00,77.3745,0.0341,96.8265,0.062,0.7648,0.0,1800.0,0.0,6.2986
980.0,2026-06-05T18:48:24.313623+00:00,77.311,0.0262,96.9824,0.1248,0.7648,0.0,1800.0,0.0,6.2993
980.5,2026-06-05T18:48:24.805697+00:00,77.2621,-0.0435,96.8707,0.0573,0.7648,0.0,1800.0,0.0,6.2997
981.0,2026-06-05T18:48:25.305871+00:00,77.3519,0.0302,96.7849,0.0055,0.7648,0.0,1800.0,0.0,6.2998
981.5,2026-06-05T18:48:25.805542+00:00,77.4209,0.0232,96.8347,0.0428,0.7648,0.0,1800.0,0.0,6.2999
982.0,2026-06-05T18:48:26.305547+00:00,77.4739,0.0815,96.873,0.0329,0.7648,0.0,1800.0,0.0,6.3
982.5,2026-06-05T18:48:26.811376+00:00,77.5146,0.1263,96.9024,0.0253,0.7648,0.0,1800.0,0.0,6.2488
983.0,2026-06-05T18:48:27.305610+00:00,77.4187,0.0334,96.925,-0.0191,0.7648,0.0,1800.0,0.0,6.275
983.5,2026-06-05T18:48:27.805557+00:00,77.3449,-0.038,96.9423,0.0239,0.7648,0.0,1800.0,0.0,6.2878
984.0,2026-06-05T18:48:28.305557+00:00,77.161,-0.1564,96.9557,0.0569,0.7648,0.0,1800.0,0.0,6.294
984.5,2026-06-05T18:48:28.805911+00:00,77.4014,-0.0566,96.9659,0.0437,0.7648,0.0,1800.0,0.0,6.2971
985.0,2026-06-05T18:48:29.310646+00:00,77.2044,-0.1071,96.9738,0.0336,0.7648,0.0,1800.0,0.0,6.2986
985.5,2026-06-05T18:48:29.805558+00:00,77.1802,-0.0824,96.5171,-0.1284,0.7648,0.0,1800.0,0.0,6.2993
986.0,2026-06-05T18:48:30.305794+00:00,77.0344,-0.0633,96.6288,-0.0987,0.7648,0.0,1800.0,0.0,6.2997
986.5,2026-06-05T18:48:30.805614+00:00,77.0496,-0.1759,96.599,-0.1144,0.7648,0.0,1800.0,0.0,6.2998
987.0,2026-06-05T18:48:31.305646+00:00,77.1885,-0.0079,96.6918,-0.088,0.7648,0.0,1800.0,0.0,6.2999
987.5,2026-06-05T18:48:31.813705+00:00,77.0408,-0.0697,96.7631,-0.0676,0.7648,0.0,1800.0,0.0,6.3
988.0,2026-06-05T18:48:32.305561+00:00,77.0545,0.01,96.8179,-0.052,0.7648,0.0,1800.0,0.0,6.3
988.5,2026-06-05T18:48:32.805539+00:00,77.065,0.0077,96.8601,0.1143,0.7648,0.0,1800.0,0.0,6.3
989.0,2026-06-05T18:48:33.305555+00:00,76.9458,-0.1213,96.7767,0.0493,0.7648,0.0,1800.0,0.0,6.3
989.5,2026-06-05T18:48:33.805542+00:00,76.9815,-0.0296,96.8284,0.0765,0.7648,0.0,1800.0,0.0,6.3
990.0,2026-06-05T18:48:34.310548+00:00,77.1362,0.0409,96.8681,0.0588,0.7648,0.0,1800.0,0.0,6.3
990.5,2026-06-05T18:48:34.805712+00:00,77.1278,0.0314,96.7829,0.0066,0.7648,0.0,1800.0,0.0,6.3
991.0,2026-06-05T18:48:35.305637+00:00,76.9941,0.0241,96.6018,-0.0721,0.7648,0.0,1800.0,0.0,6.3
991.5,2026-06-05T18:48:35.805656+00:00,77.0186,0.0186,96.5782,-0.0939,0.7648,0.0,1800.0,0.0,6.3
992.0,2026-06-05T18:48:36.305709+00:00,77.0374,-0.0494,96.5601,-0.0722,0.7648,0.0,1800.0,0.0,6.3
992.5,2026-06-05T18:48:36.812088+00:00,77.0519,-0.0379,96.5462,-0.0941,0.7648,0.0,1800.0,0.0,6.2488
993.0,2026-06-05T18:48:37.305703+00:00,77.063,0.0345,96.6512,-0.0723,0.7648,0.0,1800.0,0.0,6.275
993.5,2026-06-05T18:48:37.805628+00:00,77.0716,0.0265,96.5005,-0.0941,0.7648,0.0,1800.0,0.0,6.2878
994.0,2026-06-05T18:48:38.305788+00:00,77.0782,0.0204,96.6161,0.0048,0.7648,0.0,1800.0,0.0,6.294
994.5,2026-06-05T18:48:38.806086+00:00,77.0832,0.0156,96.5892,0.0037,0.7648,0.0,1800.0,0.0,6.2971
995.0,2026-06-05T18:48:39.310724+00:00,77.2144,0.0757,96.6843,0.0414,0.7648,0.0,1800.0,0.0,6.2986
995.5,2026-06-05T18:48:39.805927+00:00,77.3152,0.1218,96.5259,-0.0068,0.7648,0.0,1800.0,0.0,6.2481
996.0,2026-06-05T18:48:40.305659+00:00,77.3927,0.1572,96.4042,-0.0823,0.7648,0.0,1800.0,0.0,6.2235
996.5,2026-06-05T18:48:40.805695+00:00,77.3249,0.1209,96.5421,0.0139,0.7648,0.0,1800.0,0.0,6.2627
997.0,2026-06-05T18:48:41.305532+00:00,77.1456,-0.0344,96.5555,-0.0202,0.7648,0.0,1800.0,0.0,6.2818
997.5,2026-06-05T18:48:41.809893+00:00,77.2623,-0.0264,96.6584,0.023,0.7648,0.0,1800.0,0.0,6.2911
998.0,2026-06-05T18:48:42.305550+00:00,77.2248,-0.0839,96.7374,0.0177,0.7648,0.0,1800.0,0.0,6.3469
998.5,2026-06-05T18:48:42.805861+00:00,77.1959,-0.0645,96.6825,0.0522,0.7648,0.0,1800.0,0.0,6.3741
999.0,2026-06-05T18:48:43.305534+00:00,77.0464,-0.0496,96.6402,0.0787,0.7648,0.0,1800.0,0.0,6.3873
999.5,2026-06-05T18:48:43.805753+00:00,77.0588,-0.1017,96.6078,0.0219,0.7648,0.0,1800.0,0.0,6.3938
1000.0,2026-06-05T18:48:44.310457+00:00,77.1956,-0.0146,96.6986,0.0477,0.7648,0.0,1800.0,0.0,6.397
1000.5,2026-06-05T18:48:44.805700+00:00,77.1735,-0.0112,96.7683,0.0367,0.7648,0.0,1800.0,0.0,6.3473
1001.0,2026-06-05T18:48:45.305740+00:00,77.1565,0.055,96.7062,-0.0104,0.7648,0.0,1800.0,0.0,6.3231
1001.5,2026-06-05T18:48:45.805557+00:00,77.1434,0.0423,96.5428,-0.0466,0.7648,0.0,1800.0,0.0,6.3113
1002.0,2026-06-05T18:48:46.305649+00:00,77.1334,-0.0311,96.5329,-0.0358,0.7648,0.0,1800.0,0.0,6.3055
1002.5,2026-06-05T18:48:46.811805+00:00,76.9984,-0.0876,96.4096,-0.0661,0.7648,0.0,1800.0,0.0,6.3027
1003.0,2026-06-05T18:48:47.305851+00:00,77.0219,-0.0673,96.5462,-0.0508,0.7648,0.0,1800.0,0.0,6.3013
1003.5,2026-06-05T18:48:47.805642+00:00,77.04,-0.0517,96.5355,-0.0776,0.7648,0.0,1800.0,0.0,6.3006
1004.0,2026-06-05T18:48:48.306080+00:00,77.0539,-0.0398,96.5273,-0.0596,0.7648,0.0,1800.0,0.0,6.3003
1004.5,2026-06-05T18:48:48.805720+00:00,77.1918,0.0967,96.6367,0.0313,0.7648,0.0,1800.0,0.0,6.3002
1005.0,2026-06-05T18:48:49.313072+00:00,77.1706,0.0743,96.6051,0.0241,0.7648,0.0,1800.0,0.0,6.3001
1005.5,2026-06-05T18:48:49.805542+00:00,76.8997,-0.0701,96.5807,0.0571,0.7648,0.0,1800.0,0.0,6.3
1006.0,2026-06-05T18:48:50.305569+00:00,77.0733,0.0097,96.4464,-0.0333,0.7648,0.0,1800.0,0.0,6.3512
1006.5,2026-06-05T18:48:50.805611+00:00,77.0795,-0.0562,96.4588,-0.0256,0.7648,0.0,1800.0,0.0,6.3762
1007.0,2026-06-05T18:48:51.305538+00:00,76.957,-0.1068,96.6997,0.0575,0.7648,0.0,1800.0,0.0,6.3884
1007.5,2026-06-05T18:48:51.810172+00:00,76.9901,0.0452,96.5378,-0.033,0.7648,0.0,1800.0,0.0,6.3943
1008.0,2026-06-05T18:48:52.305552+00:00,77.0155,-0.0289,96.5291,-0.0253,0.7648,0.0,1800.0,0.0,6.3972
1008.5,2026-06-05T18:48:52.805558+00:00,76.9078,-0.0859,96.5223,-0.0195,0.7648,0.0,1800.0,0.0,6.3986
1009.0,2026-06-05T18:48:53.305544+00:00,76.9523,-0.0024,96.6329,0.0622,0.7648,0.0,1800.0,0.0,6.3993
1009.5,2026-06-05T18:48:53.805538+00:00,76.8592,-0.0654,96.7178,0.0863,0.7648,0.0,1800.0,0.0,6.3485
1010.0,2026-06-05T18:48:54.313568+00:00,76.9149,-0.0503,96.7831,0.0278,0.7648,0.0,1800.0,0.0,6.3237
1010.5,2026-06-05T18:48:54.805698+00:00,76.9577,0.025,96.8333,0.0985,0.7648,0.0,1800.0,0.0,6.3115
1011.0,2026-06-05T18:48:55.306309+00:00,76.7361,-0.1081,96.7562,0.0757,0.7648,0.0,1800.0,0.0,6.3056
1011.5,2026-06-05T18:48:55.805584+00:00,76.8203,-0.0194,96.8126,0.0968,0.7648,0.0,1800.0,0.0,6.3027
1012.0,2026-06-05T18:48:56.305561+00:00,76.6305,-0.1422,96.7403,0.0358,0.7648,0.0,1800.0,0.0,6.3013
1012.5,2026-06-05T18:48:56.812085+00:00,76.6119,-0.1729,96.8004,0.0275,0.7648,0.0,1800.0,0.0,6.3007
1013.0,2026-06-05T18:48:57.305553+00:00,76.7248,-0.0056,96.8466,0.0211,0.7648,0.0,1800.0,0.0,6.3515
1013.5,2026-06-05T18:48:57.805543+00:00,76.6844,-0.068,96.7664,-0.0223,0.7648,0.0,1800.0,0.0,6.3763
1014.0,2026-06-05T18:48:58.305736+00:00,76.7805,0.075,96.8204,0.0214,0.7648,0.0,1800.0,0.0,6.3885
1014.5,2026-06-05T18:48:58.805574+00:00,76.8545,0.1213,96.9777,0.055,0.7648,0.0,1800.0,0.0,6.3944
1015.0,2026-06-05T18:48:59.310985+00:00,76.9113,0.0932,96.9828,0.0809,0.7648,0.0,1800.0,0.0,6.3973
1015.5,2026-06-05T18:48:59.806999+00:00,76.955,0.1353,96.8711,0.0236,0.7648,0.0,1800.0,0.0,6.3475
1016.0,2026-06-05T18:49:00.305723+00:00,76.8612,0.0404,96.9009,0.0181,0.7648,0.0,1800.0,0.0,6.3232
1016.5,2026-06-05T18:49:00.805539+00:00,77.0438,0.0946,96.8082,0.0139,0.7648,0.0,1800.0,0.0,6.3113
1017.0,2026-06-05T18:49:01.306332+00:00,77.0568,0.0727,96.8526,0.0107,0.7648,0.0,1800.0,0.0,6.3055
1017.5,2026-06-05T18:49:01.816570+00:00,77.0668,0.0559,96.771,-0.0689,0.7648,0.0,1800.0,0.0,6.3027
1018.0,2026-06-05T18:49:02.305659+00:00,77.2017,0.1702,96.7083,-0.0915,0.7648,0.0,1800.0,0.0,6.3013
1018.5,2026-06-05T18:49:02.805589+00:00,77.0509,0.0036,96.7758,-0.0318,0.7648,0.0,1800.0,0.0,6.3006
1019.0,2026-06-05T18:49:03.305553+00:00,77.1896,0.0664,96.712,-0.063,0.7648,0.0,1800.0,0.0,6.3003
1019.5,2026-06-05T18:49:03.806372+00:00,77.0416,-0.0126,96.6629,-0.0484,0.7648,0.0,1800.0,0.0,6.3002
1020.0,2026-06-05T18:49:04.310418+00:00,77.0551,-0.0733,96.6252,-0.0758,0.7648,0.0,1800.0,0.0,6.3001
1020.5,2026-06-05T18:49:04.805541+00:00,76.9382,-0.0564,96.5962,-0.0582,0.7648,0.0,1800.0,0.0,6.3
1021.0,2026-06-05T18:49:05.305534+00:00,76.9756,-0.107,96.574,-0.0448,0.7648,0.0,1800.0,0.0,6.3
1021.5,2026-06-05T18:49:05.805806+00:00,76.8772,-0.0822,96.5569,-0.073,0.7648,0.0,1800.0,0.0,6.3
1022.0,2026-06-05T18:49:06.305762+00:00,76.9287,-0.0632,96.6594,-0.0175,0.7648,0.0,1800.0,0.0,6.3
1022.5,2026-06-05T18:49:06.813556+00:00,77.0956,0.0787,96.6225,-0.0135,0.7648,0.0,1800.0,0.0,6.3
1023.0,2026-06-05T18:49:07.306127+00:00,77.0966,0.0605,96.5942,-0.0104,0.7648,0.0,1800.0,0.0,6.3
1023.5,2026-06-05T18:49:07.805699+00:00,76.9701,0.0465,96.6881,0.0306,0.7648,0.0,1800.0,0.0,6.3
1024.0,2026-06-05T18:49:08.305575+00:00,77.1275,0.0994,96.7603,0.0621,0.7648,0.0,1800.0,0.0,6.3
1024.5,2026-06-05T18:49:08.805561+00:00,77.1211,0.0127,96.8157,0.0863,0.7648,0.0,1800.0,0.0,6.3
1025.0,2026-06-05T18:49:09.313197+00:00,77.2435,0.0734,96.7427,0.0278,0.7648,0.0,1800.0,0.0,6.3
1025.5,2026-06-05T18:49:09.805582+00:00,77.2103,0.1201,96.8022,0.0599,0.7648,0.0,1800.0,0.0,6.3
1026.0,2026-06-05T18:49:10.305545+00:00,77.312,0.0923,96.848,0.0846,0.7648,0.0,1800.0,0.0,6.3
1026.5,2026-06-05T18:49:10.805793+00:00,77.3902,0.1346,96.7675,0.0265,0.7648,0.0,1800.0,0.0,6.3
1027.0,2026-06-05T18:49:11.305566+00:00,77.4504,0.1034,96.8213,0.0203,0.7648,0.0,1800.0,0.0,6.3
1027.5,2026-06-05T18:49:11.811431+00:00,77.4965,0.1431,96.6312,-0.0615,0.7648,0.0,1800.0,0.0,6.3
1028.0,2026-06-05T18:49:12.305539+00:00,77.4048,0.0464,96.6009,-0.0473,0.7648,0.0,1800.0,0.0,6.3
1028.5,2026-06-05T18:49:12.805542+00:00,77.207,-0.0916,96.5775,-0.0749,0.7648,0.0,1800.0,0.0,6.3
1029.0,2026-06-05T18:49:13.306013+00:00,77.1822,-0.1341,96.6753,-0.0576,0.7648,0.0,1800.0,0.0,6.3
1029.5,2026-06-05T18:49:13.805548+00:00,77.0359,-0.2303,96.7504,-0.0057,0.7648,0.0,1800.0,0.0,6.3512
1030.0,2026-06-05T18:49:14.310281+00:00,77.0508,-0.177,96.6925,-0.0429,0.7648,0.0,1800.0,0.0,6.3762
1030.5,2026-06-05T18:49:14.805792+00:00,77.0622,-0.0724,96.7636,0.0441,0.7648,0.0,1800.0,0.0,6.3884
1031.0,2026-06-05T18:49:15.305677+00:00,77.1982,0.008,96.5869,-0.0046,0.7648,0.0,1800.0,0.0,6.3943
1031.5,2026-06-05T18:49:15.806923+00:00,77.1755,0.0698,96.6825,0.035,0.7648,0.0,1800.0,0.0,6.3972
1032.0,2026-06-05T18:49:16.306317+00:00,77.2853,0.1173,96.756,0.0269,0.7648,0.0,1800.0,0.0,6.3986
1032.5,2026-06-05T18:49:16.813120+00:00,77.1151,0.0265,96.8124,0.0207,0.7648,0.0,1800.0,0.0,6.3481
1033.000893,2026-06-05T18:49:17.306512+00:00,77.1116,-0.0433,96.6244,-0.0227,0.7648,0.0,1800.0,0.0,6.3747
1033.5,2026-06-05T18:49:17.805563+00:00,77.1089,-0.0333,96.5725,-0.0637,0.7648,0.0,1800.0,0.0,6.3877
1034.0,2026-06-05T18:49:18.305556+00:00,77.3614,0.0381,96.4169,-0.0567,0.7648,0.0,1800.0,0.0,6.394
1034.5,2026-06-05T18:49:18.805585+00:00,77.3009,0.0929,96.4361,-0.0821,0.7648,0.0,1800.0,0.0,6.3971
1035.0,2026-06-05T18:49:19.309796+00:00,77.1272,0.0078,96.4509,-0.1017,0.7648,0.0,1800.0,0.0,6.3986
1035.5,2026-06-05T18:49:19.805568+00:00,76.9936,-0.0577,96.3466,-0.1553,0.7648,0.0,1800.0,0.0,6.3481
1036.0,2026-06-05T18:49:20.305590+00:00,76.891,-0.2352,96.3821,-0.0808,0.7648,0.0,1800.0,0.0,6.3235
1036.5,2026-06-05T18:49:20.805531+00:00,76.5575,-0.3717,96.4094,-0.0544,0.7648,0.0,1800.0,0.0,6.3115
1037.0,2026-06-05T18:49:21.305581+00:00,76.5558,-0.2857,96.3146,-0.0341,0.7648,0.0,1800.0,0.0,6.3056
1037.5,2026-06-05T18:49:21.810227+00:00,76.6817,-0.1559,96.2418,-0.0648,0.7648,0.0,1800.0,0.0,6.3027
1038.0,2026-06-05T18:49:22.305570+00:00,76.9058,0.0074,96.4173,-0.0112,0.7648,0.0,1800.0,0.0,6.3013
1038.5,2026-06-05T18:49:22.805564+00:00,77.078,0.2602,96.4364,0.0299,0.7648,0.0,1800.0,0.0,6.3006
1039.0,2026-06-05T18:49:23.305863+00:00,76.9558,0.2,96.3354,-0.0155,0.7648,0.0,1800.0,0.0,6.3003
1039.5,2026-06-05T18:49:23.805660+00:00,76.9892,0.1537,96.3735,-0.0119,0.7648,0.0,1800.0,0.0,6.3002
1040.0,2026-06-05T18:49:24.310486+00:00,77.2694,0.1818,96.4028,0.0294,0.7648,0.0,1800.0,0.0,6.3001
1040.5,2026-06-05T18:49:24.805768+00:00,77.1029,0.0125,96.3096,0.0226,0.7648,0.0,1800.0,0.0,6.3
1041.0,2026-06-05T18:49:25.305611+00:00,77.2295,0.1368,96.3305,-0.0289,0.7648,0.0,1800.0,0.0,6.3
1041.5,2026-06-05T18:49:25.806464+00:00,77.1995,0.1052,96.3697,-0.0222,0.7648,0.0,1800.0,0.0,6.3
1042.00064,2026-06-05T18:49:26.306581+00:00,77.1765,-0.0464,96.3999,0.0215,0.7648,0.0,1800.0,0.0,6.3
1042.5,2026-06-05T18:49:26.812228+00:00,77.2861,0.0916,96.3073,-0.0221,0.7648,0.0,1800.0,0.0,6.2488
1043.0,2026-06-05T18:49:27.305571+00:00,77.243,0.0068,96.3519,-0.017,0.7648,0.0,1800.0,0.0,6.275
1043.5,2026-06-05T18:49:27.805584+00:00,77.2099,0.0052,96.2705,-0.013,0.7648,0.0,1800.0,0.0,6.2878
1044.0,2026-06-05T18:49:28.305560+00:00,77.1845,0.004,96.3005,-0.01,0.7648,0.0,1800.0,0.0,6.2941
1044.5,2026-06-05T18:49:28.805545+00:00,77.1649,-0.0606,96.2309,-0.0463,0.7648,0.0,1800.0,0.0,6.2971
1045.0,2026-06-05T18:49:29.310249+00:00,77.0226,-0.1102,96.2932,-0.0356,0.7648,0.0,1800.0,0.0,6.2986
1045.5,2026-06-05T18:49:29.805644+00:00,77.1678,-0.0211,96.2253,-0.0273,0.7648,0.0,1800.0,0.0,6.2993
1046.0,2026-06-05T18:49:30.305553+00:00,77.1521,-0.0162,96.1732,-0.0596,0.7648,0.0,1800.0,0.0,6.2997
1046.5,2026-06-05T18:49:30.805560+00:00,77.1401,-0.0124,96.1331,-0.0458,0.7648,0.0,1800.0,0.0,6.2998
1047.0,2026-06-05T18:49:31.305534+00:00,77.3853,0.1813,96.3337,0.0111,0.7648,0.0,1800.0,0.0,6.2999
1047.5,2026-06-05T18:49:31.813372+00:00,77.3193,0.0757,96.2565,0.0085,0.7648,0.0,1800.0,0.0,6.3
1048.0,2026-06-05T18:49:32.305598+00:00,77.1413,-0.0054,96.3128,0.0065,0.7648,0.0,1800.0,0.0,6.3
1048.5,2026-06-05T18:49:32.805655+00:00,77.259,0.0595,96.3562,0.0436,0.7648,0.0,1800.0,0.0,6.3
1049.0,2026-06-05T18:49:33.305583+00:00,77.3495,-0.0179,96.3894,0.0721,0.7648,0.0,1800.0,0.0,6.3
1049.5,2026-06-05T18:49:33.806146+00:00,77.419,0.0499,96.415,0.094,0.7648,0.0,1800.0,0.0,6.3
1050.0,2026-06-05T18:49:34.314900+00:00,77.4725,0.1656,96.319,-0.0049,0.7648,0.0,1800.0,0.0,6.3
1050.5,2026-06-05T18:49:34.805559+00:00,77.3863,0.0636,96.3609,0.0348,0.7648,0.0,1800.0,0.0,6.3
1051.0,2026-06-05T18:49:35.305721+00:00,76.9382,-0.2056,96.2774,-0.0118,0.7648,0.0,1800.0,0.0,6.3
1051.5,2026-06-05T18:49:35.805560+00:00,77.1029,-0.158,96.3289,-0.0091,0.7648,0.0,1800.0,0.0,6.3
1052.0,2026-06-05T18:49:36.306001+00:00,77.1023,-0.1851,96.4842,0.0316,0.7648,0.0,1800.0,0.0,6.3
1052.5,2026-06-05T18:49:36.813607+00:00,76.9745,-0.2059,96.6035,0.0628,0.7648,0.0,1800.0,0.0,6.2488
1053.0,2026-06-05T18:49:37.305612+00:00,77.1308,0.0963,96.6953,0.1254,0.7648,0.0,1800.0,0.0,6.275
1053.5,2026-06-05T18:49:37.805530+00:00,77.1237,0.0104,96.7658,0.135,0.7648,0.0,1800.0,0.0,6.2878
1054.0,2026-06-05T18:49:38.305567+00:00,77.2455,0.0716,96.82,0.1809,0.7648,0.0,1800.0,0.0,6.294
1054.5,2026-06-05T18:49:38.805547+00:00,77.3391,0.1823,96.8616,0.1776,0.7648,0.0,1800.0,0.0,6.2971
1055.0,2026-06-05T18:49:39.310344+00:00,77.1565,0.0128,96.8937,0.1365,0.7648,0.0,1800.0,0.0,6.2986
1055.5,2026-06-05T18:49:39.805838+00:00,77.2707,0.0735,96.6869,0.0278,0.7648,0.0,1800.0,0.0,6.2993
1056.0,2026-06-05T18:49:40.305552+00:00,77.2312,-0.0071,96.7593,0.0213,0.7648,0.0,1800.0,0.0,6.2997
1056.5,2026-06-05T18:49:40.805622+00:00,77.3281,-0.0055,96.815,0.0164,0.7648,0.0,1800.0,0.0,6.2998
1057.0,2026-06-05T18:49:41.305742+00:00,77.2753,0.0594,96.8578,0.0126,0.7648,0.0,1800.0,0.0,6.2999
1057.5,2026-06-05T18:49:41.810109+00:00,77.362,0.0457,96.775,-0.0289,0.7648,0.0,1800.0,0.0,6.3
1058.0,2026-06-05T18:49:42.305677+00:00,77.4287,0.0987,96.7114,-0.0608,0.7648,0.0,1800.0,0.0,6.3512
1058.5,2026-06-05T18:49:42.805580+00:00,77.3526,0.0123,96.7782,0.0304,0.7648,0.0,1800.0,0.0,6.3762
1059.0,2026-06-05T18:49:43.305688+00:00,77.1669,-0.0542,96.5981,-0.0537,0.7648,0.0,1800.0,0.0,6.3884
1059.5,2026-06-05T18:49:43.805630+00:00,77.2787,-0.0417,96.4597,-0.1184,0.7648,0.0,1800.0,0.0,6.3431
1060.0,2026-06-05T18:49:44.310747+00:00,77.2373,-0.0957,96.469,-0.1296,0.7648,0.0,1800.0,0.0,6.321
1060.5,2026-06-05T18:49:44.805589+00:00,77.3328,-0.0099,96.4762,-0.0996,0.7648,0.0,1800.0,0.0,6.3103
1061.0,2026-06-05T18:49:45.305558+00:00,77.4062,0.1197,96.4817,-0.0766,0.7648,0.0,1800.0,0.0,6.305
1061.5,2026-06-05T18:49:45.805547+00:00,77.4626,0.092,96.3702,-0.136,0.7648,0.0,1800.0,0.0,6.3024
1062.0,2026-06-05T18:49:46.305577+00:00,77.3787,0.0707,96.4003,-0.0659,0.7648,0.0,1800.0,0.0,6.3012
1062.5,2026-06-05T18:49:46.810488+00:00,77.4415,0.0543,96.4233,-0.0121,0.7648,0.0,1800.0,0.0,6.3006
1063.0,2026-06-05T18:49:47.305551+00:00,77.3625,-0.0219,96.3254,-0.0479,0.7648,0.0,1800.0,0.0,6.3515
1063.5,2026-06-05T18:49:47.805583+00:00,77.3017,-0.0804,96.1344,-0.1139,0.7648,0.0,1800.0,0.0,6.3251
1064.0,2026-06-05T18:49:48.305548+00:00,77.1278,-0.1255,96.1033,-0.1261,0.7648,0.0,1800.0,0.0,6.3123
1064.5,2026-06-05T18:49:48.805582+00:00,77.1214,-0.1601,96.1719,-0.0661,0.7648,0.0,1800.0,0.0,6.306
1065.0,2026-06-05T18:49:49.312671+00:00,77.1164,-0.123,96.2479,-0.0508,0.7648,0.0,1800.0,0.0,6.3029
1065.5,2026-06-05T18:49:49.805541+00:00,77.1126,-0.0946,96.3062,-0.039,0.7648,0.0,1800.0,0.0,6.3014
1066.0,2026-06-05T18:49:50.305671+00:00,77.1097,-0.009,95.9808,-0.1149,0.7648,0.0,1800.0,0.0,6.3007
1066.5,2026-06-05T18:49:50.805619+00:00,77.1075,-0.007,95.7539,-0.1268,0.7648,0.0,1800.0,0.0,6.3003
1067.0,2026-06-05T18:49:51.305582+00:00,77.233,0.0583,95.8108,-0.0975,0.7648,0.0,1800.0,0.0,6.3002
1067.5,2026-06-05T18:49:51.810734+00:00,77.4568,0.1721,95.8546,-0.1058,0.7648,0.0,1800.0,0.0,6.3001
1068.0,2026-06-05T18:49:52.305717+00:00,77.3742,0.1323,96.0039,-0.0813,0.7648,0.0,1800.0,0.0,6.3
1068.5,2026-06-05T18:49:52.805638+00:00,77.438,0.1653,96.2344,-0.0239,0.7648,0.0,1800.0,0.0,6.3
1069.0,2026-06-05T18:49:53.305565+00:00,77.3598,0.0634,96.2959,0.105,0.7648,0.0,1800.0,0.0,6.3
1069.5,2026-06-05T18:49:53.805721+00:00,77.2997,-0.0785,96.4588,0.235,0.7648,0.0,1800.0,0.0,6.3
1070.0,2026-06-05T18:49:54.314590+00:00,77.1262,-0.124,96.2369,0.142,0.7648,0.0,1800.0,0.0,6.3
1070.5,2026-06-05T18:49:54.805828+00:00,77.2474,-0.0953,96.4135,0.1863,0.7648,0.0,1800.0,0.0,6.3
1071.0,2026-06-05T18:49:55.305642+00:00,77.3406,-0.0096,96.3178,0.1046,0.7648,0.0,1800.0,0.0,6.3
1071.5,2026-06-05T18:49:55.805548+00:00,77.2849,-0.0074,96.36,0.0419,0.7648,0.0,1800.0,0.0,6.3
1072.0,2026-06-05T18:49:56.306035+00:00,77.3694,0.1216,96.3924,0.0322,0.7648,0.0,1800.0,0.0,6.3
1072.5,2026-06-05T18:49:56.812121+00:00,77.3071,0.0298,96.533,0.0247,0.7648,0.0,1800.0,0.0,6.3
1073.0,2026-06-05T18:49:57.305584+00:00,77.3864,0.0229,96.5254,0.0961,0.7648,0.0,1800.0,0.0,6.3
1073.5,2026-06-05T18:49:57.805537+00:00,77.3201,0.0176,96.6352,0.0739,0.7648,0.0,1800.0,0.0,6.3
1074.0,2026-06-05T18:49:58.305553+00:00,77.3965,0.0135,96.7196,0.1339,0.7648,0.0,1800.0,0.0,6.3
1074.5,2026-06-05T18:49:58.805552+00:00,77.3279,0.0104,96.6688,0.1029,0.7648,0.0,1800.0,0.0,6.3
1075.0,2026-06-05T18:49:59.311127+00:00,77.2751,-0.0556,96.7454,0.1177,0.7648,0.0,1800.0,0.0,6.3
1075.5,2026-06-05T18:49:59.805672+00:00,77.1073,-0.1064,96.92,0.129,0.7648,0.0,1800.0,0.0,6.3
1076.0,2026-06-05T18:50:00.305544+00:00,77.2329,-0.0818,96.8228,0.0992,0.7648,0.0,1800.0,0.0,6.3
1076.5,2026-06-05T18:50:00.806037+00:00,77.0749,-0.1265,96.7481,0.0376,0.7648,0.0,1800.0,0.0,6.3
1077.0,2026-06-05T18:50:01.305649+00:00,77.208,-0.0336,96.8064,0.0289,0.7648,0.0,1800.0,0.0,6.3
1077.5,2026-06-05T18:50:01.813278+00:00,77.3103,0.1015,96.7355,0.0222,0.7648,0.0,1800.0,0.0,6.3
1078.0,2026-06-05T18:50:02.306027+00:00,77.1343,-0.0493,96.681,-0.0215,0.7648,0.0,1800.0,0.0,6.3
1078.5,2026-06-05T18:50:02.805602+00:00,77.1264,0.0258,96.6391,-0.0936,0.7648,0.0,1800.0,0.0,6.3
1079.0,2026-06-05T18:50:03.305564+00:00,77.2476,0.0198,96.7226,-0.0334,0.7648,0.0,1800.0,0.0,6.3
1079.5,2026-06-05T18:50:03.805597+00:00,77.3407,0.0152,96.5323,-0.072,0.7648,0.0,1800.0,0.0,6.3
1080.0,2026-06-05T18:50:04.313598+00:00,77.285,0.0753,96.4091,-0.1324,0.7648,0.0,1800.0,0.0,6.3
1080.5,2026-06-05T18:50:04.805540+00:00,77.1149,-0.0057,96.4301,-0.1018,0.7648,0.0,1800.0,0.0,6.3
1081.0,2026-06-05T18:50:05.305538+00:00,77.2387,-0.0044,96.4463,-0.0782,0.7648,0.0,1800.0,0.0,6.3
1081.5,2026-06-05T18:50:05.805556+00:00,77.2066,-0.067,96.4587,-0.0601,0.7648,0.0,1800.0,0.0,6.3
1082.0,2026-06-05T18:50:06.305553+00:00,77.182,-0.0515,96.4683,-0.0848,0.7648,0.0,1800.0,0.0,6.3
1082.5,2026-06-05T18:50:06.814599+00:00,77.2903,0.0877,96.3599,-0.0575,0.7648,0.0,1800.0,0.0,6.2488
1083.0,2026-06-05T18:50:07.305566+00:00,77.2462,0.0038,96.1609,-0.0827,0.7648,0.0,1800.0,0.0,6.275
1083.5,2026-06-05T18:50:07.805574+00:00,77.2124,0.0029,96.3551,-0.025,0.7648,0.0,1800.0,0.0,6.2878
1084.0,2026-06-05T18:50:08.305545+00:00,77.1864,0.0022,96.5043,0.0193,0.7648,0.0,1800.0,0.0,6.294
1084.5,2026-06-05T18:50:08.805566+00:00,77.2937,0.0017,96.5033,0.0149,0.7648,0.0,1800.0,0.0,6.2971
1085.0,2026-06-05T18:50:09.315101+00:00,77.3761,0.0649,96.3869,-0.0271,0.7648,0.0,1800.0,0.0,6.2986
1085.5,2026-06-05T18:50:09.805550+00:00,77.3122,0.0499,96.413,0.0177,0.7648,0.0,1800.0,0.0,6.2481
1086.0,2026-06-05T18:50:10.305655+00:00,77.1358,-0.0253,96.4332,0.0907,0.7648,0.0,1800.0,0.0,6.2235
1086.5,2026-06-05T18:50:10.805534+00:00,77.2548,-0.0194,96.4486,0.0312,0.7648,0.0,1800.0,0.0,6.2115
1087.0,2026-06-05T18:50:11.305703+00:00,77.0917,-0.1422,96.2291,-0.0917,0.7648,0.0,1800.0,0.0,6.2056
1087.5,2026-06-05T18:50:11.810544+00:00,77.0936,-0.1093,96.1761,-0.1091,0.7648,0.0,1800.0,0.0,6.2027
1088.0,2026-06-05T18:50:12.305802+00:00,77.2224,0.0433,96.1353,-0.0838,0.7648,0.0,1800.0,0.0,6.2525
1088.5,2026-06-05T18:50:12.805642+00:00,77.3213,0.0333,95.9883,-0.1416,0.7648,0.0,1800.0,0.0,6.2768
1089.0,2026-06-05T18:50:13.305663+00:00,77.0156,-0.0381,96.1067,-0.1088,0.7648,0.0,1800.0,0.0,6.2887
1089.5,2026-06-05T18:50:13.806097+00:00,77.1624,0.0344,96.1977,-0.0836,0.7648,0.0,1800.0,0.0,6.2945
1090.0,2026-06-05T18:50:14.310406+00:00,77.4025,0.0901,96.2677,0.0129,0.7648,0.0,1800.0,0.0,6.2973
1090.5,2026-06-05T18:50:14.806789+00:00,77.4598,0.0692,96.2057,0.0099,0.7648,0.0,1800.0,0.0,6.2987
1091.0,2026-06-05T18:50:15.305573+00:00,77.3765,0.1805,96.2738,0.0462,0.7648,0.0,1800.0,0.0,6.2994
1091.5,2026-06-05T18:50:15.805576+00:00,77.3125,0.0751,96.4419,0.1512,0.7648,0.0,1800.0,0.0,6.2997
1092.0,2026-06-05T18:50:16.305885+00:00,77.3906,-0.0059,96.4553,0.1162,0.7648,0.0,1800.0,0.0,6.2998
1092.5,2026-06-05T18:50:16.810877+00:00,77.3234,-0.0682,96.5814,0.1279,0.7648,0.0,1800.0,0.0,6.2487
1093.0,2026-06-05T18:50:17.305642+00:00,77.1444,-0.1161,96.6782,0.1369,0.7648,0.0,1800.0,0.0,6.275
1093.5,2026-06-05T18:50:17.805820+00:00,77.3887,0.0381,96.5213,0.1052,0.7648,0.0,1800.0,0.0,6.2878
1094.0,2026-06-05T18:50:18.305731+00:00,77.4491,0.0293,96.4007,0.0423,0.7648,0.0,1800.0,0.0,6.294
1094.5,2026-06-05T18:50:18.805594+00:00,77.3684,0.0225,96.4236,-0.0061,0.7648,0.0,1800.0,0.0,6.2971
1095.0,2026-06-05T18:50:19.313622+00:00,77.4335,0.1446,96.4413,-0.0047,0.7648,0.0,1800.0,0.0,6.2986
1095.5,2026-06-05T18:50:19.805550+00:00,77.3563,-0.0162,96.4549,-0.0422,0.7648,0.0,1800.0,0.0,6.2993
1096.0,2026-06-05T18:50:20.305869+00:00,77.4243,-0.0124,96.4653,-0.071,0.7648,0.0,1800.0,0.0,6.2997
1096.5,2026-06-05T18:50:20.805922+00:00,77.4765,0.0541,96.5891,0.0226,0.7648,0.0,1800.0,0.0,6.2998
1097.0,2026-06-05T18:50:21.305624+00:00,77.5167,0.0416,96.5684,0.0559,0.7648,0.0,1800.0,0.0,6.2999
1097.5,2026-06-05T18:50:21.813342+00:00,77.6748,0.1592,96.6683,0.0816,0.7648,0.0,1800.0,0.0,6.2488
1098.0,2026-06-05T18:50:22.306363+00:00,77.7963,0.186,96.6294,0.0627,0.7648,0.0,1800.0,0.0,6.275
1098.5,2026-06-05T18:50:22.805594+00:00,77.7625,0.143,96.5994,0.0482,0.7648,0.0,1800.0,0.0,6.2878
1099.0,2026-06-05T18:50:23.305557+00:00,77.7364,0.1099,96.4607,-0.0015,0.7648,0.0,1800.0,0.0,6.294
1099.5,2026-06-05T18:50:23.805572+00:00,77.4619,-0.1064,96.4698,-0.0397,0.7648,0.0,1800.0,0.0,6.2971
1100.0,2026-06-05T18:50:24.314218+00:00,77.3782,-0.2091,96.4768,-0.0306,0.7648,0.0,1800.0,0.0,6.2986
1100.5,2026-06-05T18:50:24.805580+00:00,77.3138,-0.2243,96.4822,-0.062,0.7648,0.0,1800.0,0.0,6.2993
1101.0,2026-06-05T18:50:25.305557+00:00,77.3916,-0.1724,96.3706,-0.0863,0.7648,0.0,1800.0,0.0,6.2997
1101.5,2026-06-05T18:50:25.805557+00:00,77.3241,-0.0689,96.5162,-0.0277,0.7648,0.0,1800.0,0.0,6.2998
1102.0,2026-06-05T18:50:26.305534+00:00,77.2723,-0.053,96.5125,0.0173,0.7648,0.0,1800.0,0.0,6.2999
1102.5,2026-06-05T18:50:26.811753+00:00,77.2324,-0.0407,96.3939,-0.0253,0.7648,0.0,1800.0,0.0,6.2488
1103.0,2026-06-05T18:50:27.305531+00:00,77.2018,-0.0949,96.4184,-0.0195,0.7648,0.0,1800.0,0.0,6.275
1103.5,2026-06-05T18:50:27.805598+00:00,77.3055,-0.0093,96.3216,-0.0535,0.7648,0.0,1800.0,0.0,6.2878
1104.0,2026-06-05T18:50:28.305558+00:00,77.3852,0.0565,96.4786,0.036,0.7648,0.0,1800.0,0.0,6.294
1104.5,2026-06-05T18:50:28.805611+00:00,77.4465,0.107,96.4835,-0.0109,0.7648,0.0,1800.0,0.0,6.2971
1105.0,2026-06-05T18:50:29.310474+00:00,77.3663,0.0823,96.6031,0.0302,0.7648,0.0,1800.0,0.0,6.2986
1105.5,2026-06-05T18:50:29.805734+00:00,77.3047,-0.0004,96.6949,0.1003,0.7648,0.0,1800.0,0.0,6.3505
1106.0,2026-06-05T18:50:30.305947+00:00,77.2573,-0.0639,96.7655,0.1157,0.7648,0.0,1800.0,0.0,6.3758
1106.5,2026-06-05T18:50:30.805719+00:00,77.3482,-0.0491,96.7041,0.1275,0.7648,0.0,1800.0,0.0,6.337
1107.0,2026-06-05T18:50:31.305644+00:00,77.2908,-0.0378,96.7725,0.098,0.7648,0.0,1800.0,0.0,6.3181
1107.5,2026-06-05T18:50:31.812189+00:00,77.2466,-0.029,96.7095,0.0753,0.7648,0.0,1800.0,0.0,6.3088
1108.0,2026-06-05T18:50:32.305551+00:00,77.2127,-0.0223,96.661,0.0193,0.7648,0.0,1800.0,0.0,6.3043
1108.5,2026-06-05T18:50:32.805568+00:00,77.4412,0.0465,96.7394,0.0148,0.7648,0.0,1800.0,0.0,6.3021
1109.0,2026-06-05T18:50:33.305551+00:00,77.4895,0.0994,96.684,-0.0272,0.7648,0.0,1800.0,0.0,6.301
1109.5,2026-06-05T18:50:33.805650+00:00,77.5266,0.14,96.7572,0.0177,0.7648,0.0,1800.0,0.0,6.3005
1110.0,2026-06-05T18:50:34.310738+00:00,77.5552,0.1712,96.8133,0.0136,0.7648,0.0,1800.0,0.0,6.3002
1110.5,2026-06-05T18:50:34.805930+00:00,77.4498,0.0043,96.8565,0.049,0.7648,0.0,1800.0,0.0,6.3001
1111.0,2026-06-05T18:50:35.306064+00:00,77.3689,-0.0603,96.8897,0.0762,0.7648,0.0,1800.0,0.0,6.3001
1111.5,2026-06-05T18:50:35.805682+00:00,77.4339,-0.0463,96.7996,0.02,0.7648,0.0,1800.0,0.0,6.3
1112.0,2026-06-05T18:50:36.305788+00:00,77.3567,-0.0993,96.6145,-0.0232,0.7648,0.0,1800.0,0.0,6.3
1112.5,2026-06-05T18:50:36.810306+00:00,77.2973,-0.0763,96.3566,-0.1335,0.7648,0.0,1800.0,0.0,6.3
1113.0,2026-06-05T18:50:37.305564+00:00,77.1244,-0.1223,96.3898,-0.1412,0.7648,0.0,1800.0,0.0,6.3
1113.5,2026-06-05T18:50:37.805663+00:00,77.1187,-0.1576,96.4153,-0.1471,0.7648,0.0,1800.0,0.0,6.3
1114.0,2026-06-05T18:50:38.306985+00:00,77.2417,-0.0575,96.4349,-0.1516,0.7648,0.0,1800.0,0.0,6.3
1114.5,2026-06-05T18:50:38.805578+00:00,77.0816,-0.1078,96.45,-0.1165,0.7648,0.0,1800.0,0.0,6.3
1115.0,2026-06-05T18:50:39.312174+00:00,77.0859,-0.0192,96.3458,-0.0896,0.7648,0.0,1800.0,0.0,6.3
1115.5,2026-06-05T18:50:39.805715+00:00,77.2164,0.0488,96.4972,0.0469,0.7648,0.0,1800.0,0.0,6.3
1116.0,2026-06-05T18:50:40.305568+00:00,77.1895,-0.0261,96.4979,0.036,0.7648,0.0,1800.0,0.0,6.3
1116.5,2026-06-05T18:50:40.805543+00:00,77.1688,0.0436,96.3827,-0.0109,0.7648,0.0,1800.0,0.0,6.3
1117.0,2026-06-05T18:50:41.305582+00:00,77.2801,0.0971,96.4098,-0.0084,0.7648,0.0,1800.0,0.0,6.3
1117.5,2026-06-05T18:50:41.810020+00:00,77.2384,0.011,96.315,-0.045,0.7648,0.0,1800.0,0.0,6.3
1118.0,2026-06-05T18:50:42.305559+00:00,77.3337,0.0721,96.3578,0.004,0.7648,0.0,1800.0,0.0,6.3
1118.5,2026-06-05T18:50:42.805558+00:00,77.2796,0.0554,96.275,-0.0741,0.7648,0.0,1800.0,0.0,6.3
1119.0,2026-06-05T18:50:43.305609+00:00,77.4926,0.1062,96.3271,-0.0569,0.7648,0.0,1800.0,0.0,6.3
1119.5,2026-06-05T18:50:43.805848+00:00,77.529,0.1453,96.2514,-0.0438,0.7648,0.0,1800.0,0.0,6.3
1120.0,2026-06-05T18:50:44.310969+00:00,77.557,0.1117,96.5403,0.0435,0.7648,0.0,1800.0,0.0,6.3
1120.5,2026-06-05T18:50:44.805724+00:00,77.4513,0.0858,96.7624,0.1491,0.7648,0.0,1800.0,0.0,6.3
1121.0,2026-06-05T18:50:45.305667+00:00,77.4972,0.0023,96.8174,0.1532,0.7648,0.0,1800.0,0.0,6.3
1121.5,2026-06-05T18:50:45.805775+00:00,77.5326,0.0018,96.7439,0.1563,0.7648,0.0,1800.0,0.0,6.3
1122.0,2026-06-05T18:50:46.305555+00:00,77.5598,0.0014,96.8032,0.1587,0.7648,0.0,1800.0,0.0,6.3
1122.5,2026-06-05T18:50:46.813076+00:00,77.4534,0.0011,96.6173,0.122,0.7648,0.0,1800.0,0.0,6.2488
1123.0,2026-06-05T18:50:47.306125+00:00,77.3716,-0.0628,96.5902,0.0166,0.7648,0.0,1800.0,0.0,6.275
1123.5,2026-06-05T18:50:47.806740+00:00,77.436,-0.0483,96.3379,-0.1415,0.7648,0.0,1800.0,0.0,6.2878
1124.000803,2026-06-05T18:50:48.306427+00:00,77.3583,-0.1007,96.4911,-0.1088,0.7648,0.0,1800.0,0.0,6.294
1124.5,2026-06-05T18:50:48.805552+00:00,77.044,-0.2047,96.4932,-0.0836,0.7648,0.0,1800.0,0.0,6.2971
1125.0,2026-06-05T18:50:49.311937+00:00,77.0569,-0.1573,96.4948,-0.1028,0.7648,0.0,1800.0,0.0,6.2986
1125.5,2026-06-05T18:50:49.805807+00:00,77.1942,-0.1209,96.4034,-0.0713,0.7648,0.0,1800.0,0.0,6.2993
1126.0,2026-06-05T18:50:50.305554+00:00,77.0451,-0.1566,96.4258,-0.0548,0.7648,0.0,1800.0,0.0,6.2997
1126.5,2026-06-05T18:50:50.805556+00:00,77.1851,0.0706,96.3272,-0.0036,0.7648,0.0,1800.0,0.0,6.2998
1127.0,2026-06-05T18:50:51.305571+00:00,77.4199,0.1815,96.2515,-0.0799,0.7648,0.0,1800.0,0.0,6.2999
1127.5,2026-06-05T18:50:51.813772+00:00,77.4732,0.1395,96.4247,-0.0228,0.7648,0.0,1800.0,0.0,6.3
1128.0,2026-06-05T18:50:52.305564+00:00,77.5141,0.2345,96.3264,-0.0561,0.7648,0.0,1800.0,0.0,6.3
1128.5,2026-06-05T18:50:52.805574+00:00,77.291,0.053,96.3666,-0.0123,0.7648,0.0,1800.0,0.0,6.3
1129.0,2026-06-05T18:50:53.305551+00:00,77.1195,-0.1502,96.3975,-0.0094,0.7648,0.0,1800.0,0.0,6.3
1129.5,2026-06-05T18:50:53.805556+00:00,77.115,-0.1791,96.4212,0.0313,0.7648,0.0,1800.0,0.0,6.3
1130.0,2026-06-05T18:50:54.314621+00:00,77.1115,-0.2013,96.3237,0.0241,0.7648,0.0,1800.0,0.0,6.3
1130.5,2026-06-05T18:50:54.805562+00:00,77.2361,-0.0274,96.2488,-0.0586,0.7648,0.0,1800.0,0.0,6.3
1131.0,2026-06-05T18:50:55.307031+00:00,77.3319,0.1062,96.3069,-0.0065,0.7648,0.0,1800.0,0.0,6.3
1131.5,2026-06-05T18:50:55.805652+00:00,77.2782,0.0816,96.3516,-0.005,0.7648,0.0,1800.0,0.0,6.2488
1132.0,2026-06-05T18:50:56.305661+00:00,77.3643,0.1264,96.2703,-0.0424,0.7648,0.0,1800.0,0.0,6.2238
1132.5,2026-06-05T18:50:56.812239+00:00,77.3031,0.0335,96.3234,-0.0326,0.7648,0.0,1800.0,0.0,6.2116
1133.0,2026-06-05T18:50:57.305537+00:00,77.2561,-0.0379,96.1329,-0.0636,0.7648,0.0,1800.0,0.0,6.2569
1133.5,2026-06-05T18:50:57.805638+00:00,76.9654,-0.1564,96.1021,-0.0489,0.7648,0.0,1800.0,0.0,6.279
1134.0,2026-06-05T18:50:58.305871+00:00,76.9966,-0.1838,96.0785,-0.0761,0.7648,0.0,1800.0,0.0,6.2897
1134.5,2026-06-05T18:50:58.805605+00:00,77.1478,-0.0777,96.0603,-0.0971,0.7648,0.0,1800.0,0.0,6.295
1135.0,2026-06-05T18:50:59.314996+00:00,77.1367,-0.0597,96.1621,-0.0361,0.7648,0.0,1800.0,0.0,6.2976
1135.5,2026-06-05T18:50:59.805946+00:00,77.1282,0.0814,96.1014,-0.074,0.7648,0.0,1800.0,0.0,6.2476
1136.0,2026-06-05T18:51:00.305629+00:00,77.249,0.1262,95.9623,-0.0569,0.7648,0.0,1800.0,0.0,6.2232
1136.5,2026-06-05T18:51:00.806054+00:00,77.3418,0.097,96.0867,-0.0051,0.7648,0.0,1800.0,0.0,6.2113
1137.0,2026-06-05T18:51:01.305576+00:00,77.4131,0.1382,96.0666,-0.004,0.7648,0.0,1800.0,0.0,6.2055
1137.5,2026-06-05T18:51:01.815836+00:00,77.3406,0.1062,96.1669,0.0355,0.7648,0.0,1800.0,0.0,6.2027
1138.0,2026-06-05T18:51:02.305560+00:00,77.285,0.018,96.0126,-0.0498,0.7648,0.0,1800.0,0.0,6.2525
1138.5,2026-06-05T18:51:02.805550+00:00,77.2422,-0.0498,96.0097,-0.0306,0.7648,0.0,1800.0,0.0,6.2768
1139.0,2026-06-05T18:51:03.305538+00:00,77.2093,-0.1019,95.9843,0.0073,0.7648,0.0,1800.0,0.0,6.2887
1139.5,2026-06-05T18:51:03.805578+00:00,77.184,-0.0783,96.1036,0.0056,0.7648,0.0,1800.0,0.0,6.2945
1140.0,2026-06-05T18:51:04.311769+00:00,77.2918,0.0034,96.0797,0.0043,0.7648,0.0,1800.0,0.0,6.2973
1140.5,2026-06-05T18:51:04.805559+00:00,77.3747,0.0663,96.1769,0.0033,0.7648,0.0,1800.0,0.0,6.2987
1141.0,2026-06-05T18:51:05.305541+00:00,77.3111,0.0509,96.3674,0.1183,0.7648,0.0,1800.0,0.0,6.2994
1141.5,2026-06-05T18:51:05.805589+00:00,77.2623,0.0391,96.3981,0.1295,0.7648,0.0,1800.0,0.0,6.2997
1142.0,2026-06-05T18:51:06.305544+00:00,77.352,0.0301,96.4217,0.1458,0.7648,0.0,1800.0,0.0,6.2998
1142.5,2026-06-05T18:51:06.810325+00:00,77.421,0.0231,96.4398,0.1121,0.7648,0.0,1800.0,0.0,6.2487
1143.0,2026-06-05T18:51:07.305611+00:00,77.3467,0.0178,96.4537,0.1247,0.7648,0.0,1800.0,0.0,6.275
1143.5,2026-06-05T18:51:07.805555+00:00,77.1623,-0.05,96.3256,0.0496,0.7648,0.0,1800.0,0.0,6.2878
1144.0,2026-06-05T18:51:08.305551+00:00,77.1479,-0.102,96.1345,-0.0776,0.7648,0.0,1800.0,0.0,6.294
1144.5,2026-06-05T18:51:08.805689+00:00,77.1368,-0.1421,96.2191,-0.0597,0.7648,0.0,1800.0,0.0,6.2971
1145.0,2026-06-05T18:51:09.314023+00:00,77.1283,-0.1092,96.0527,-0.123,0.7648,0.0,1800.0,0.0,6.2986
1145.5,2026-06-05T18:51:09.805829+00:00,77.3763,0.107,96.1562,-0.0945,0.7648,0.0,1800.0,0.0,6.2993
1146.0,2026-06-05T18:51:10.305644+00:00,77.4396,0.1459,96.2358,-0.0727,0.7648,0.0,1800.0,0.0,6.2997
1146.5,2026-06-05T18:51:10.805628+00:00,77.361,0.1121,96.2969,-0.0096,0.7648,0.0,1800.0,0.0,6.2998
1147.0,2026-06-05T18:51:11.305798+00:00,77.3006,0.0862,96.2282,0.0312,0.7648,0.0,1800.0,0.0,6.2999
1147.5,2026-06-05T18:51:11.810723+00:00,77.2542,-0.061,96.4068,0.0626,0.7648,0.0,1800.0,0.0,6.2488
1148.0,2026-06-05T18:51:12.305563+00:00,77.3458,-0.0469,96.197,0.0481,0.7648,0.0,1800.0,0.0,6.275
1148.5,2026-06-05T18:51:12.806100+00:00,77.2889,-0.0361,96.2671,0.037,0.7648,0.0,1800.0,0.0,6.2366
1149.0,2026-06-05T18:51:13.307768+00:00,77.3725,0.0359,96.2053,-0.0102,0.7648,0.0,1800.0,0.0,6.2179
1149.5,2026-06-05T18:51:13.805645+00:00,77.3094,0.0276,96.2735,-0.0078,0.7648,0.0,1800.0,0.0,6.2087
1150.0,2026-06-05T18:51:14.311310+00:00,77.261,-0.0424,96.0945,-0.0446,0.7648,0.0,1800.0,0.0,6.2043
1150.500607,2026-06-05T18:51:14.806243+00:00,77.0964,-0.0962,96.0726,-0.1114,0.7648,0.0,1800.0,0.0,6.2021
1151.0,2026-06-05T18:51:15.305563+00:00,77.2245,-0.074,96.0558,-0.047,0.7648,0.0,1800.0,0.0,6.201
1151.5,2026-06-05T18:51:15.805558+00:00,77.323,0.0068,96.0429,-0.0747,0.7648,0.0,1800.0,0.0,6.2005
1152.0,2026-06-05T18:51:16.305542+00:00,77.3987,0.0688,96.033,-0.0574,0.7648,0.0,1800.0,0.0,6.2002
1152.5,2026-06-05T18:51:16.812012+00:00,77.3295,0.1166,96.141,-0.0441,0.7648,0.0,1800.0,0.0,6.2001
1153.0,2026-06-05T18:51:17.305912+00:00,77.2764,0.0259,95.9927,-0.0339,0.7648,0.0,1800.0,0.0,6.2513
1153.5,2026-06-05T18:51:17.805555+00:00,76.9811,-0.171,96.1101,0.0125,0.7648,0.0,1800.0,0.0,6.2762
1154.0,2026-06-05T18:51:18.305555+00:00,77.0086,-0.195,96.2003,0.0482,0.7648,0.0,1800.0,0.0,6.2884
1154.5,2026-06-05T18:51:18.805557+00:00,77.0297,-0.1499,96.2697,0.0756,0.7648,0.0,1800.0,0.0,6.2943
1155.0,2026-06-05T18:51:19.311004+00:00,76.9187,-0.1789,96.2998,0.0889,0.7648,0.0,1800.0,0.0,6.2972
1155.5,2026-06-05T18:51:19.805781+00:00,77.0879,0.0534,96.2304,0.0298,0.7648,0.0,1800.0,0.0,6.2987
1156.0,2026-06-05T18:51:20.305548+00:00,77.0907,0.0411,96.1771,0.0615,0.7648,0.0,1800.0,0.0,6.2993
1156.5,2026-06-05T18:51:20.805631+00:00,77.0929,0.0316,96.2518,0.0472,0.7648,0.0,1800.0,0.0,6.2997
1157.0,2026-06-05T18:51:21.305829+00:00,77.2218,0.1515,96.1936,-0.0023,0.7648,0.0,1800.0,0.0,6.2998
1157.5,2026-06-05T18:51:21.811612+00:00,77.3209,0.1165,96.2645,-0.0017,0.7648,0.0,1800.0,0.0,6.2999
1158.0,2026-06-05T18:51:22.305557+00:00,77.397,0.1532,96.4347,0.0449,0.7648,0.0,1800.0,0.0,6.3512
1158.5,2026-06-05T18:51:22.805635+00:00,77.3283,0.1177,96.4498,0.0731,0.7648,0.0,1800.0,0.0,6.325
1159.0,2026-06-05T18:51:23.307503+00:00,77.1482,-0.0368,96.6928,0.1719,0.7648,0.0,1800.0,0.0,6.3122
1159.5,2026-06-05T18:51:23.805620+00:00,77.2643,-0.0283,96.6482,0.1321,0.7648,0.0,1800.0,0.0,6.3059
1160.0,2026-06-05T18:51:24.316601+00:00,77.2263,-0.0854,96.4982,0.1015,0.7648,0.0,1800.0,0.0,6.3029
1160.5,2026-06-05T18:51:24.805587+00:00,77.0698,-0.1293,96.6143,0.1166,0.7648,0.0,1800.0,0.0,6.3014
1161.0,2026-06-05T18:51:25.305556+00:00,77.2041,0.0279,96.4722,0.0125,0.7648,0.0,1800.0,0.0,6.3007
1161.5,2026-06-05T18:51:25.805682+00:00,77.0527,-0.1058,96.4786,0.0096,0.7648,0.0,1800.0,0.0,6.3003
1162.0,2026-06-05T18:51:26.305584+00:00,77.1909,-0.0177,96.4836,-0.0698,0.7648,0.0,1800.0,0.0,6.3002
1162.5,2026-06-05T18:51:26.809927+00:00,77.1699,0.05,96.3717,-0.0922,0.7648,0.0,1800.0,0.0,6.2489
1163.0,2026-06-05T18:51:27.305548+00:00,77.281,0.0385,96.5171,0.0063,0.7648,0.0,1800.0,0.0,6.2751
1163.5,2026-06-05T18:51:27.805586+00:00,77.2391,0.0932,96.5131,-0.0337,0.7648,0.0,1800.0,0.0,6.2878
1164.0,2026-06-05T18:51:28.305725+00:00,77.2069,0.008,96.5101,0.0126,0.7648,0.0,1800.0,0.0,6.2941
1164.5,2026-06-05T18:51:28.805589+00:00,77.1822,0.0061,96.5077,0.0097,0.7648,0.0,1800.0,0.0,6.2971
1165.0,2026-06-05T18:51:29.310477+00:00,77.4177,0.0684,96.506,0.0075,0.7648,0.0,1800.0,0.0,6.2986
1165.5,2026-06-05T18:51:29.805635+00:00,77.4715,0.1162,96.6203,0.0829,0.7648,0.0,1800.0,0.0,6.2993
1166.0,2026-06-05T18:51:30.305763+00:00,77.2582,0.0257,96.7081,0.0637,0.7648,0.0,1800.0,0.0,6.2997
1166.5,2026-06-05T18:51:30.805837+00:00,77.3489,0.0834,96.66,0.049,0.7648,0.0,1800.0,0.0,6.2998
1167.0,2026-06-05T18:51:31.305676+00:00,77.4186,0.0004,96.623,0.0376,0.7648,0.0,1800.0,0.0,6.2999
1167.5,2026-06-05T18:51:31.813842+00:00,77.4721,0.0003,96.5945,0.0289,0.7648,0.0,1800.0,0.0,6.2488
1168.0,2026-06-05T18:51:32.305599+00:00,77.386,0.0639,96.5726,0.0222,0.7648,0.0,1800.0,0.0,6.275
1168.500774,2026-06-05T18:51:32.806410+00:00,77.3198,-0.0145,96.4401,-0.06,0.7648,0.0,1800.0,0.0,6.2878
1169.0,2026-06-05T18:51:33.305533+00:00,77.269,-0.0748,96.454,-0.0847,0.7648,0.0,1800.0,0.0,6.294
1169.5,2026-06-05T18:51:33.805555+00:00,77.2299,-0.1211,96.5803,-0.0265,0.7648,0.0,1800.0,0.0,6.2459
1170.0,2026-06-05T18:51:34.312611+00:00,77.3271,-0.0295,96.5617,-0.0204,0.7648,0.0,1800.0,0.0,6.2224
1170.5,2026-06-05T18:51:34.805560+00:00,77.1473,-0.0863,96.6632,0.0229,0.7648,0.0,1800.0,0.0,6.2621
1171.0,2026-06-05T18:51:35.305793+00:00,77.1363,-0.0663,96.6254,0.0176,0.7648,0.0,1800.0,0.0,6.2815
1171.5,2026-06-05T18:51:35.805739+00:00,77.1279,-0.051,96.4807,0.0135,0.7648,0.0,1800.0,0.0,6.291
1172.0,2026-06-05T18:51:36.305562+00:00,77.1215,-0.1028,96.7166,0.0875,0.7648,0.0,1800.0,0.0,6.2956
1172.5,2026-06-05T18:51:36.910558+00:00,77.1165,-0.0154,96.6664,0.0287,0.7648,0.0,1800.0,0.0,6.2467
1173.0,2026-06-05T18:51:37.305550+00:00,77.2399,0.0518,96.6279,0.0221,0.7648,0.0,1800.0,0.0,6.274
1173.5,2026-06-05T18:51:37.807248+00:00,77.2076,0.0398,96.714,0.017,0.7648,0.0,1800.0,0.0,6.2873
1174.0,2026-06-05T18:51:38.305947+00:00,77.3099,0.0942,96.7802,0.0516,0.7648,0.0,1800.0,0.0,6.2938
1174.5,2026-06-05T18:51:38.805599+00:00,77.2614,0.0724,96.7154,0.0782,0.7648,0.0,1800.0,0.0,6.297
1175.000726,2026-06-05T18:51:39.312894+00:00,77.3513,0.0557,96.5498,-0.0556,0.7648,0.0,1800.0,0.0,6.2985
1175.5,2026-06-05T18:51:39.805900+00:00,77.2931,0.0428,96.654,-0.0041,0.7648,0.0,1800.0,0.0,6.2481
1176.0,2026-06-05T18:51:40.305542+00:00,77.2485,-0.0307,96.6184,-0.0032,0.7648,0.0,1800.0,0.0,6.2235
1176.5,2026-06-05T18:51:40.805558+00:00,77.3414,0.04,96.591,-0.041,0.7648,0.0,1800.0,0.0,6.2114
1177.0,2026-06-05T18:51:41.305637+00:00,77.4128,0.0307,96.5699,-0.0701,0.7648,0.0,1800.0,0.0,6.2056
1177.5,2026-06-05T18:51:41.810237+00:00,77.3404,0.0236,96.5306,-0.0616,0.7648,0.0,1800.0,0.0,6.2027
1178.0,2026-06-05T18:51:42.305564+00:00,77.2848,0.0182,96.4078,-0.0473,0.7648,0.0,1800.0,0.0,6.2525
1178.5,2026-06-05T18:51:42.805649+00:00,77.3693,0.014,96.4292,-0.0749,0.7648,0.0,1800.0,0.0,6.2768
1179.0,2026-06-05T18:51:43.305547+00:00,77.4342,0.0107,96.3298,-0.0962,0.7648,0.0,1800.0,0.0,6.3399
1179.5,2026-06-05T18:51:43.805523+00:00,77.2296,-0.0554,96.2535,-0.1125,0.7648,0.0,1800.0,0.0,6.3707
1180.0,2026-06-05T18:51:44.312419+00:00,77.0724,-0.1062,96.1949,-0.125,0.7648,0.0,1800.0,0.0,6.3857
1180.5,2026-06-05T18:51:44.806021+00:00,77.206,-0.0816,96.3812,-0.0498,0.7648,0.0,1800.0,0.0,6.393
1181.0,2026-06-05T18:51:45.305544+00:00,77.3088,-0.0627,96.293,-0.0383,0.7648,0.0,1800.0,0.0,6.3966
1181.5,2026-06-05T18:51:45.806020+00:00,77.1332,-0.0482,96.3409,-0.0294,0.7648,0.0,1800.0,0.0,6.3983
1182.0,2026-06-05T18:51:46.305680+00:00,77.1255,0.0266,96.3777,0.0159,0.7648,0.0,1800.0,0.0,6.3992
1182.5,2026-06-05T18:51:46.814498+00:00,77.1196,-0.0432,96.406,0.0508,0.7648,0.0,1800.0,0.0,6.3484
1183.0,2026-06-05T18:51:47.305610+00:00,77.2423,-0.0332,96.4277,0.0776,0.7648,0.0,1800.0,0.0,6.3748
1183.5,2026-06-05T18:51:47.805697+00:00,77.2094,0.0381,96.3288,-0.0175,0.7648,0.0,1800.0,0.0,6.3365
1184.0,2026-06-05T18:51:48.305945+00:00,77.3114,0.0929,96.3684,0.0251,0.7648,0.0,1800.0,0.0,6.3178
1184.5,2026-06-05T18:51:48.805814+00:00,77.2624,0.0714,96.2831,-0.0192,0.7648,0.0,1800.0,0.0,6.3087
1185.0,2026-06-05T18:51:49.414261+00:00,77.3521,0.0549,96.2176,-0.0534,0.7648,0.0,1800.0,0.0,6.3042
1185.5,2026-06-05T18:51:49.805543+00:00,77.4211,0.1058,96.1441,-0.0873,0.7648,0.0,1800.0,0.0,6.3021
1186.0,2026-06-05T18:51:50.306021+00:00,77.2195,-0.0459,95.9951,-0.1442,0.7648,0.0,1800.0,0.0,6.301
1186.5,2026-06-05T18:51:50.805589+00:00,77.0646,-0.0989,96.1119,-0.0723,0.7648,0.0,1800.0,0.0,6.3005
1187.0,2026-06-05T18:51:51.305564+00:00,77.2,-0.076,96.2017,-0.0556,0.7648,0.0,1800.0,0.0,6.3002
1187.5,2026-06-05T18:51:51.810428+00:00,77.1769,-0.1221,96.2707,-0.0041,0.7648,0.0,1800.0,0.0,6.3001
1188.0,2026-06-05T18:51:52.305564+00:00,77.2864,0.0334,96.4395,0.074,0.7648,0.0,1800.0,0.0,6.3001
1188.5,2026-06-05T18:51:52.805580+00:00,77.2432,0.0893,96.3378,0.0646,0.7648,0.0,1800.0,0.0,6.2488
1189.0,2026-06-05T18:51:53.305567+00:00,77.2101,0.005,96.2596,0.0882,0.7648,0.0,1800.0,0.0,6.2238
1189.5,2026-06-05T18:51:53.805567+00:00,77.1846,0.0039,96.0838,-0.0094,0.7648,0.0,1800.0,0.0,6.2628
1190.0,2026-06-05T18:51:54.311151+00:00,77.165,-0.0607,96.1801,-0.0072,0.7648,0.0,1800.0,0.0,6.2819
1190.5,2026-06-05T18:51:54.805558+00:00,77.0227,-0.1103,96.1385,-0.0441,0.7648,0.0,1800.0,0.0,6.2911
1191.0,2026-06-05T18:51:55.305551+00:00,77.0406,-0.0847,96.1064,-0.111,0.7648,0.0,1800.0,0.0,6.2957
1191.5,2026-06-05T18:51:55.805565+00:00,77.1816,-0.0015,95.9661,-0.1239,0.7648,0.0,1800.0,0.0,6.2467
1192.0,2026-06-05T18:51:56.305638+00:00,77.0355,-0.0648,96.0896,-0.0567,0.7648,0.0,1800.0,0.0,6.2228
1192.5,2026-06-05T18:51:56.810943+00:00,77.1777,0.0775,96.3003,0.0721,0.7648,0.0,1800.0,0.0,6.2111
1193.0,2026-06-05T18:51:57.305556+00:00,77.287,0.1232,96.3465,0.0555,0.7648,0.0,1800.0,0.0,6.2566
1193.5,2026-06-05T18:51:57.806129+00:00,77.1164,-0.0326,96.382,0.0812,0.7648,0.0,1800.0,0.0,6.2788
1194.0,2026-06-05T18:51:58.305845+00:00,76.9854,-0.0251,96.4093,0.101,0.7648,0.0,1800.0,0.0,6.2897
1194.5,2026-06-05T18:51:58.805571+00:00,76.8846,-0.1465,96.546,0.1933,0.7648,0.0,1800.0,0.0,6.295
1195.0,2026-06-05T18:51:59.314294+00:00,77.0617,-0.1126,96.4197,0.11,0.7648,0.0,1800.0,0.0,6.2975
1195.5,2026-06-05T18:51:59.805819+00:00,76.9433,-0.0866,96.554,0.0846,0.7648,0.0,1800.0,0.0,6.2476
1196.0,2026-06-05T18:52:00.305534+00:00,77.1068,0.0607,96.5415,0.065,0.7648,0.0,1800.0,0.0,6.2232
1196.5,2026-06-05T18:52:00.805732+00:00,77.1053,0.1103,96.3005,-0.0272,0.7648,0.0,1800.0,0.0,6.2113
1197.0,2026-06-05T18:52:01.305564+00:00,77.104,0.0212,96.3466,-0.0209,0.7648,0.0,1800.0,0.0,6.2055
1197.5,2026-06-05T18:52:01.913039+00:00,77.1031,0.0799,96.3821,-0.0546,0.7648,0.0,1800.0,0.0,6.2027
1198.0,2026-06-05T18:52:02.305566+00:00,77.1024,-0.0022,96.2937,-0.042,0.7648,0.0,1800.0,0.0,6.2525
1198.5,2026-06-05T18:52:02.805635+00:00,77.2291,0.0619,96.3414,-0.0708,0.7648,0.0,1800.0,0.0,6.2256
1199.0,2026-06-05T18:52:03.305558+00:00,77.3265,0.1112,96.3781,-0.0544,0.7648,0.0,1800.0,0.0,6.2125
1199.5,2026-06-05T18:52:03.805567+00:00,77.2741,0.0855,96.4063,0.0353,0.7648,0.0,1800.0,0.0,6.2061
1200.0,2026-06-05T18:52:04.311031+00:00,77.2338,0.0657,96.428,0.0271,0.7648,0.0,1800.0,0.0,6.2542
1200.5,2026-06-05T18:52:04.805595+00:00,77.2028,-0.0131,96.6761,0.098,0.7648,0.0,1800.0,0.0,6.2264
1201.0,2026-06-05T18:52:05.305625+00:00,77.179,-0.0737,96.6353,0.1139,0.7648,0.0,1800.0,0.0,6.2129
1201.5,2026-06-05T18:52:05.805588+00:00,77.288,0.007,96.7197,0.1261,0.7648,0.0,1800.0,0.0,6.2063
1202.0,2026-06-05T18:52:06.305640+00:00,77.1172,-0.0583,96.6689,0.0969,0.7648,0.0,1800.0,0.0,6.2031
1202.5,2026-06-05T18:52:06.812533+00:00,77.2405,0.0188,96.7455,0.1131,0.7648,0.0,1800.0,0.0,6.2015
1203.0,2026-06-05T18:52:07.305557+00:00,77.208,0.0145,96.8044,0.1255,0.7648,0.0,1800.0,0.0,6.2007
1203.5,2026-06-05T18:52:07.805696+00:00,77.3103,0.0111,96.734,0.0193,0.7648,0.0,1800.0,0.0,6.2516
1204.0,2026-06-05T18:52:08.305949+00:00,77.2616,0.0722,96.4484,-0.0623,0.7648,0.0,1800.0,0.0,6.2764
1204.5,2026-06-05T18:52:08.805566+00:00,77.3515,0.0555,96.5761,-0.0479,0.7648,0.0,1800.0,0.0,6.2885
1205.0,2026-06-05T18:52:09.311707+00:00,77.4206,0.1063,96.4428,-0.0754,0.7648,0.0,1800.0,0.0,6.2944
1205.5,2026-06-05T18:52:09.805573+00:00,77.4737,0.0817,96.3403,-0.1351,0.7648,0.0,1800.0,0.0,6.2973
1206.0,2026-06-05T18:52:10.305540+00:00,77.3872,0.0628,96.3773,-0.1424,0.7648,0.0,1800.0,0.0,6.2987
1206.5,2026-06-05T18:52:10.805575+00:00,77.448,0.0483,96.4057,-0.1094,0.7648,0.0,1800.0,0.0,6.2993
1207.0,2026-06-05T18:52:11.305546+00:00,77.4947,0.0371,96.5432,0.0316,0.7648,0.0,1800.0,0.0,6.2997
1207.5,2026-06-05T18:52:11.810576+00:00,77.5307,0.0285,96.5332,-0.0143,0.7648,0.0,1800.0,0.0,6.2998
1208.0,2026-06-05T18:52:12.305726+00:00,77.5583,0.0855,96.5255,0.0276,0.7648,0.0,1800.0,0.0,6.2999
1208.5,2026-06-05T18:52:12.805592+00:00,77.325,-0.0615,96.5196,0.0598,0.7648,0.0,1800.0,0.0,6.3
1209.0,2026-06-05T18:52:13.305553+00:00,77.4002,-0.0473,96.6308,0.0845,0.7648,0.0,1800.0,0.0,6.3
1209.5,2026-06-05T18:52:13.805576+00:00,77.458,-0.0363,96.7162,0.1035,0.7648,0.0,1800.0,0.0,6.3
1210.0,2026-06-05T18:52:14.311515+00:00,77.5024,-0.0279,96.7819,0.0796,0.7648,0.0,1800.0,0.0,6.3
1210.5,2026-06-05T18:52:14.805819+00:00,77.5366,0.1058,96.7167,0.0612,0.7648,0.0,1800.0,0.0,6.3
1211.0,2026-06-05T18:52:15.305981+00:00,77.4355,0.0177,96.7822,0.0856,0.7648,0.0,1800.0,0.0,6.3
1211.5,2026-06-05T18:52:15.806053+00:00,77.4852,0.0136,96.7169,0.0658,0.7648,0.0,1800.0,0.0,6.3
1212.0,2026-06-05T18:52:16.305695+00:00,77.5233,0.0104,96.6667,0.012,0.7648,0.0,1800.0,0.0,6.3
1212.5,2026-06-05T18:52:16.810270+00:00,77.5526,0.008,96.5124,-0.0679,0.7648,0.0,1800.0,0.0,6.3
1213.0,2026-06-05T18:52:17.305542+00:00,77.3206,-0.0575,96.6253,-0.0522,0.7648,0.0,1800.0,0.0,6.3
1213.5,2026-06-05T18:52:17.805543+00:00,77.2696,-0.1078,96.4806,-0.0787,0.7648,0.0,1800.0,0.0,6.3
1214.0,2026-06-05T18:52:18.305542+00:00,77.2303,-0.1465,96.3694,-0.1376,0.7648,0.0,1800.0,0.0,6.3
1214.5,2026-06-05T18:52:18.805556+00:00,77.2002,-0.1762,96.5153,-0.0672,0.7648,0.0,1800.0,0.0,6.3
1215.0,2026-06-05T18:52:19.311294+00:00,77.177,-0.0718,96.5118,-0.0517,0.7648,0.0,1800.0,0.0,6.3512
1215.5,2026-06-05T18:52:19.805642+00:00,77.4137,0.0721,96.6247,0.0374,0.7648,0.0,1800.0,0.0,6.4274
1216.0,2026-06-05T18:52:20.305624+00:00,77.3411,0.0554,96.5959,-0.0098,0.7648,0.0,1800.0,0.0,6.4646
1216.5,2026-06-05T18:52:20.805609+00:00,77.1581,-0.0211,96.458,-0.0075,0.7648,0.0,1800.0,0.0,6.4315
1217.0,2026-06-05T18:52:21.305610+00:00,77.1446,-0.0162,96.352,-0.0058,0.7648,0.0,1800.0,0.0,6.4154
1217.5,2026-06-05T18:52:21.812135+00:00,77.2616,-0.0761,96.1549,-0.1201,0.7648,0.0,1800.0,0.0,6.4075
1218.0,2026-06-05T18:52:22.305709+00:00,77.2242,-0.0585,96.3504,-0.0538,0.7648,0.0,1800.0,0.0,6.4037
1218.5,2026-06-05T18:52:22.805552+00:00,77.3227,0.0823,96.5007,-0.0413,0.7648,0.0,1800.0,0.0,6.4018
1219.0,2026-06-05T18:52:23.305532+00:00,77.2712,0.0633,96.6163,0.0068,0.7648,0.0,1800.0,0.0,6.4009
1219.5,2026-06-05T18:52:23.805589+00:00,76.977,-0.1423,96.8208,0.1209,0.7648,0.0,1800.0,0.0,6.4004
1220.0,2026-06-05T18:52:24.311986+00:00,77.0055,-0.1093,96.7465,0.1315,0.7648,0.0,1800.0,0.0,6.4002
1220.5,2026-06-05T18:52:24.805665+00:00,77.0274,-0.1477,96.5738,0.1396,0.7648,0.0,1800.0,0.0,6.4001
1221.0,2026-06-05T18:52:25.305603+00:00,77.1714,-0.0499,96.3022,-0.0161,0.7648,0.0,1800.0,0.0,6.4
1221.500673,2026-06-05T18:52:25.807014+00:00,77.0276,0.0253,96.1166,-0.1281,0.7648,0.0,1800.0,0.0,6.4
1222.0,2026-06-05T18:52:26.305570+00:00,77.1717,0.0831,96.0664,-0.1833,0.7648,0.0,1800.0,0.0,6.4
1222.501019,2026-06-05T18:52:26.812346+00:00,77.2823,0.1275,96.0511,-0.2566,0.7648,0.0,1800.0,0.0,6.3488
1223.0,2026-06-05T18:52:27.305574+00:00,77.2401,0.0344,96.0161,-0.2435,0.7648,0.0,1800.0,0.0,6.375
1223.5,2026-06-05T18:52:27.805546+00:00,77.335,0.1537,96.2438,-0.11,0.7648,0.0,1800.0,0.0,6.3878
1224.0,2026-06-05T18:52:28.305574+00:00,77.2806,0.0545,96.3031,0.0003,0.7648,0.0,1800.0,0.0,6.3941
1224.5,2026-06-05T18:52:28.805568+00:00,77.3661,0.0419,96.4643,0.1159,0.7648,0.0,1800.0,0.0,6.3971
1225.0,2026-06-05T18:52:29.313158+00:00,77.3045,0.0322,96.3569,0.0968,0.7648,0.0,1800.0,0.0,6.3986
1225.5,2026-06-05T18:52:29.805569+00:00,77.3845,0.0247,96.2743,0.0744,0.7648,0.0,1800.0,0.0,6.3481
1226.0,2026-06-05T18:52:30.305561+00:00,77.4459,0.0826,96.3265,0.1035,0.7648,0.0,1800.0,0.0,6.3235
1226.5,2026-06-05T18:52:30.805596+00:00,77.3659,-0.0001,96.4824,0.0795,0.7648,0.0,1800.0,0.0,6.3115
1227.0,2026-06-05T18:52:31.305740+00:00,77.1771,-0.0637,96.3708,0.0226,0.7648,0.0,1800.0,0.0,6.3056
1227.5,2026-06-05T18:52:31.810931+00:00,77.1592,-0.1126,96.5164,0.0173,0.7648,0.0,1800.0,0.0,6.3027
1228.0,2026-06-05T18:52:32.305670+00:00,77.1455,-0.1502,96.5126,0.0519,0.7648,0.0,1800.0,0.0,6.3013
1228.5,2026-06-05T18:52:32.805557+00:00,77.135,-0.1154,96.6254,0.117,0.7648,0.0,1800.0,0.0,6.3006
1229.0,2026-06-05T18:52:33.305724+00:00,77.1269,-0.0251,96.5964,0.0899,0.7648,0.0,1800.0,0.0,6.3003
1229.5,2026-06-05T18:52:33.805563+00:00,77.2479,0.0444,96.4584,-0.008,0.7648,0.0,1800.0,0.0,6.3002
1230.0,2026-06-05T18:52:34.314639+00:00,77.2137,0.0341,96.468,0.0324,0.7648,0.0,1800.0,0.0,6.3001
1230.5,2026-06-05T18:52:34.805586+00:00,77.1874,0.0262,96.5911,0.0249,0.7648,0.0,1800.0,0.0,6.3
1231.0,2026-06-05T18:52:35.305956+00:00,77.1672,0.0201,96.57,0.0191,0.7648,0.0,1800.0,0.0,6.3
1231.5,2026-06-05T18:52:35.805567+00:00,77.1516,-0.0482,96.6695,0.0147,0.7648,0.0,1800.0,0.0,6.3
1232.0,2026-06-05T18:52:36.305564+00:00,77.267,0.0266,96.746,0.0499,0.7648,0.0,1800.0,0.0,6.3
1232.5,2026-06-05T18:52:36.810105+00:00,77.3556,0.0841,96.6891,0.0769,0.7648,0.0,1800.0,0.0,6.3
1233.0,2026-06-05T18:52:37.305541+00:00,77.2964,0.0646,96.5065,0.0128,0.7648,0.0,1800.0,0.0,6.3
1233.5,2026-06-05T18:52:37.805782+00:00,77.251,0.0497,96.6207,0.0099,0.7648,0.0,1800.0,0.0,6.3
1234.0,2026-06-05T18:52:38.305558+00:00,77.216,-0.0255,96.5928,0.0076,0.7648,0.0,1800.0,0.0,6.3
1234.5,2026-06-05T18:52:38.805569+00:00,77.1892,-0.0832,96.687,0.0058,0.7648,0.0,1800.0,0.0,6.3
1235.0,2026-06-05T18:52:39.310298+00:00,77.1686,-0.0639,96.6437,-0.0341,0.7648,0.0,1800.0,0.0,6.3
1235.5,2026-06-05T18:52:39.805617+00:00,77.1527,-0.0491,96.6105,-0.0262,0.7648,0.0,1800.0,0.0,6.3
1236.0,2026-06-05T18:52:40.305651+00:00,77.1405,-0.0378,96.5849,0.0261,0.7648,0.0,1800.0,0.0,6.3
1236.5,2026-06-05T18:52:40.805845+00:00,77.2584,0.0346,96.5653,-0.0185,0.7648,0.0,1800.0,0.0,6.3
1237.0,2026-06-05T18:52:41.305531+00:00,77.4763,0.1539,96.4345,-0.0528,0.7648,0.0,1800.0,0.0,6.3
1237.5,2026-06-05T18:52:41.810579+00:00,77.3892,0.1183,96.4496,-0.0791,0.7648,0.0,1800.0,0.0,6.3
1238.0,2026-06-05T18:52:42.305759+00:00,77.0677,-0.0364,96.4613,-0.0608,0.7648,0.0,1800.0,0.0,6.3
1238.5,2026-06-05T18:52:42.805560+00:00,77.0752,-0.0916,96.5859,-0.0082,0.7648,0.0,1800.0,0.0,6.3
1239.0,2026-06-05T18:52:43.306767+00:00,77.0809,-0.1977,96.4504,-0.0448,0.7648,0.0,1800.0,0.0,6.3
1239.5,2026-06-05T18:52:43.805556+00:00,77.0854,-0.1519,96.4618,-0.0345,0.7648,0.0,1800.0,0.0,6.3
1240.0,2026-06-05T18:52:44.310834+00:00,77.216,0.0741,96.4475,0.0044,0.7648,0.0,1800.0,0.0,6.3
1240.5,2026-06-05T18:52:44.805561+00:00,77.3164,0.1206,96.4597,0.0033,0.7648,0.0,1800.0,0.0,6.3
1241.0,2026-06-05T18:52:45.305564+00:00,77.2664,0.0927,96.3533,-0.036,0.7648,0.0,1800.0,0.0,6.3
1241.5,2026-06-05T18:52:45.805589+00:00,77.2279,0.0713,96.2715,-0.1048,0.7648,0.0,1800.0,0.0,6.3
1242.0,2026-06-05T18:52:46.305544+00:00,77.3255,0.0548,96.2087,-0.0805,0.7648,0.0,1800.0,0.0,6.3
1242.5,2026-06-05T18:52:46.812322+00:00,77.1461,-0.0852,96.1604,-0.1005,0.7648,0.0,1800.0,0.0,6.3
1243.0,2026-06-05T18:52:47.305570+00:00,77.2627,-0.0018,96.3547,-0.0309,0.7648,0.0,1800.0,0.0,6.3
1243.5,2026-06-05T18:52:47.805733+00:00,77.3523,0.0622,96.2726,-0.0624,0.7648,0.0,1800.0,0.0,6.3
1244.0,2026-06-05T18:52:48.305557+00:00,77.2939,-0.0158,96.3021,-0.0171,0.7648,0.0,1800.0,0.0,6.3
1244.5,2026-06-05T18:52:48.807049+00:00,77.2491,0.0515,96.3479,0.0254,0.7648,0.0,1800.0,0.0,6.3
1245.0,2026-06-05T18:52:49.311644+00:00,77.0873,-0.0877,96.3831,0.0581,0.7648,0.0,1800.0,0.0,6.3
1245.5,2026-06-05T18:52:49.805574+00:00,77.0902,-0.131,96.1787,0.0061,0.7648,0.0,1800.0,0.0,6.3
1246.0,2026-06-05T18:52:50.305690+00:00,77.2198,-0.0371,96.1374,-0.0724,0.7648,0.0,1800.0,0.0,6.3
1246.5,2026-06-05T18:52:50.805657+00:00,77.192,-0.0285,96.337,0.0215,0.7648,0.0,1800.0,0.0,6.3
1247.0,2026-06-05T18:52:51.305756+00:00,77.1707,0.0417,96.259,-0.0144,0.7648,0.0,1800.0,0.0,6.3
1247.5,2026-06-05T18:52:51.810991+00:00,77.1544,0.0321,96.4305,0.0275,0.7648,0.0,1800.0,0.0,6.3
1248.0,2026-06-05T18:52:52.305659+00:00,77.2691,0.0247,96.4466,0.0212,0.7648,0.0,1800.0,0.0,6.3
1248.5,2026-06-05T18:52:52.805668+00:00,77.3572,0.0826,96.4589,0.0934,0.7648,0.0,1800.0,0.0,6.3
1249.0,2026-06-05T18:52:53.305569+00:00,77.425,0.1271,96.5841,0.1489,0.7648,0.0,1800.0,0.0,6.3
1249.5,2026-06-05T18:52:53.805586+00:00,77.2225,0.0341,96.5647,0.0759,0.7648,0.0,1800.0,0.0,6.3
1250.0,2026-06-05T18:52:54.310104+00:00,77.1942,-0.0375,96.5497,0.0969,0.7648,0.0,1800.0,0.0,6.3
1250.5,2026-06-05T18:52:54.805549+00:00,77.0451,-0.1561,96.5382,0.0359,0.7648,0.0,1800.0,0.0,6.3
1251.0,2026-06-05T18:52:55.305611+00:00,76.9305,-0.2472,96.5294,0.0276,0.7648,0.0,1800.0,0.0,6.3
1251.5,2026-06-05T18:52:55.805642+00:00,76.9697,-0.1264,96.5226,0.0212,0.7648,0.0,1800.0,0.0,6.3
1252.0,2026-06-05T18:52:56.305723+00:00,77.1272,-0.0335,96.4016,-0.0608,0.7648,0.0,1800.0,0.0,6.3
1252.5,2026-06-05T18:52:56.814698+00:00,77.2481,0.1015,96.5401,-0.0082,0.7648,0.0,1800.0,0.0,6.2488
1253.0,2026-06-05T18:52:57.305543+00:00,77.3411,0.2053,96.5308,-0.0063,0.7648,0.0,1800.0,0.0,6.275
1253.5,2026-06-05T18:52:57.805548+00:00,77.2853,0.1578,96.408,-0.0434,0.7648,0.0,1800.0,0.0,6.2878
1254.0,2026-06-05T18:52:58.306922+00:00,77.2424,0.0576,96.3136,-0.0719,0.7648,0.0,1800.0,0.0,6.294
1254.5,2026-06-05T18:52:58.806086+00:00,77.0822,-0.083,96.241,-0.0938,0.7648,0.0,1800.0,0.0,6.2971
1255.0,2026-06-05T18:52:59.312234+00:00,77.2136,-0.0638,96.0695,-0.1107,0.7648,0.0,1800.0,0.0,6.2986
1255.5,2026-06-05T18:52:59.805698+00:00,77.3146,0.0146,96.2849,-0.0851,0.7648,0.0,1800.0,0.0,6.2993
1256.0,2026-06-05T18:53:00.305632+00:00,77.2649,0.0112,96.1032,-0.1425,0.7648,0.0,1800.0,0.0,6.2997
1256.5,2026-06-05T18:53:00.805635+00:00,77.2268,0.0723,96.195,-0.071,0.7648,0.0,1800.0,0.0,6.2998
1257.0,2026-06-05T18:53:01.305871+00:00,77.1974,-0.0081,96.3813,0.0226,0.7648,0.0,1800.0,0.0,6.2999
1257.5,2026-06-05T18:53:01.815500+00:00,77.1749,-0.0698,96.4088,0.0559,0.7648,0.0,1800.0,0.0,6.2488
1258.0,2026-06-05T18:53:02.305577+00:00,77.2848,0.0099,96.6613,0.1972,0.7648,0.0,1800.0,0.0,6.275
1258.5,2026-06-05T18:53:02.805572+00:00,77.3693,0.0713,96.3926,0.0359,0.7648,0.0,1800.0,0.0,6.2878
1259.0,2026-06-05T18:53:03.305909+00:00,77.307,0.0548,96.3017,0.0662,0.7648,0.0,1800.0,0.0,6.294
1259.5,2026-06-05T18:53:03.805565+00:00,77.2591,0.0421,96.2319,0.0123,0.7648,0.0,1800.0,0.0,6.2971
1260.0,2026-06-05T18:53:04.311838+00:00,77.3496,0.0324,96.1782,-0.0677,0.7648,0.0,1800.0,0.0,6.2986
1260.5,2026-06-05T18:53:04.805553+00:00,77.2918,-0.0388,96.137,-0.0906,0.7648,0.0,1800.0,0.0,6.2993
1261.0,2026-06-05T18:53:05.305539+00:00,77.2474,-0.0298,95.9896,-0.2239,0.7648,0.0,1800.0,0.0,6.2997
1261.5,2026-06-05T18:53:05.805536+00:00,77.3406,0.0407,95.8532,-0.1798,0.7648,0.0,1800.0,0.0,6.2998
1262.0,2026-06-05T18:53:06.305563+00:00,77.4122,0.0313,96.0028,-0.0996,0.7648,0.0,1800.0,0.0,6.2999
1262.5,2026-06-05T18:53:06.810981+00:00,77.0854,-0.1032,96.1179,-0.038,0.7648,0.0,1800.0,0.0,6.3
1263.0,2026-06-05T18:53:07.305561+00:00,77.216,-0.0157,96.1832,0.0016,0.7648,0.0,1800.0,0.0,6.4024
1263.5,2026-06-05T18:53:07.805564+00:00,77.1892,-0.0757,96.2565,0.0398,0.7648,0.0,1800.0,0.0,6.4012
1264.0,2026-06-05T18:53:08.305610+00:00,77.0413,-0.1854,96.4285,0.1463,0.7648,0.0,1800.0,0.0,6.4006
1264.5,2026-06-05T18:53:08.805648+00:00,76.9276,-0.0789,96.5608,0.2359,0.7648,0.0,1800.0,0.0,6.4003
1265.0,2026-06-05T18:53:09.310478+00:00,76.9675,-0.1243,96.5467,0.1813,0.7648,0.0,1800.0,0.0,6.4001
1265.5,2026-06-05T18:53:09.805553+00:00,76.8709,-0.1592,96.4202,0.1008,0.7648,0.0,1800.0,0.0,6.4001
1266.0,2026-06-05T18:53:10.305854+00:00,76.7966,-0.1223,96.4387,0.0852,0.7648,0.0,1800.0,0.0,6.4
1266.5,2026-06-05T18:53:10.805563+00:00,76.8668,-0.0304,96.2215,-0.0117,0.7648,0.0,1800.0,0.0,6.4
1267.0,2026-06-05T18:53:11.305565+00:00,77.0481,0.0403,96.1702,-0.0861,0.7648,0.0,1800.0,0.0,6.4
1267.5,2026-06-05T18:53:11.810504+00:00,77.1873,0.1582,96.2234,-0.1125,0.7648,0.0,1800.0,0.0,6.3488
1268.0,2026-06-05T18:53:12.305877+00:00,77.1671,0.1853,95.9403,-0.2021,0.7648,0.0,1800.0,0.0,6.3238
1268.5,2026-06-05T18:53:12.805674+00:00,77.0243,0.0787,95.8384,-0.1939,0.7648,0.0,1800.0,0.0,6.3116
1269.0,2026-06-05T18:53:13.305592+00:00,76.9146,-0.0667,95.8758,-0.1876,0.7648,0.0,1800.0,0.0,6.3057
1269.5,2026-06-05T18:53:13.806048+00:00,76.9575,-0.1149,95.7888,-0.1442,0.7648,0.0,1800.0,0.0,6.3028
1270.0,2026-06-05T18:53:14.310490+00:00,76.9905,-0.0883,95.8377,-0.1108,0.7648,0.0,1800.0,0.0,6.3014
1270.5,2026-06-05T18:53:14.805594+00:00,77.1431,0.0594,95.7596,-0.1546,0.7648,0.0,1800.0,0.0,6.3007
1271.0,2026-06-05T18:53:15.305801+00:00,76.8786,-0.018,95.9309,-0.0031,0.7648,0.0,1800.0,0.0,6.3003
1271.5,2026-06-05T18:53:15.805576+00:00,76.9298,-0.0138,95.8312,-0.0024,0.7648,0.0,1800.0,0.0,6.3002
1272.000001,2026-06-05T18:53:16.305622+00:00,77.0965,0.053,95.986,0.0367,0.7648,0.0,1800.0,0.0,6.3001
1272.5,2026-06-05T18:53:16.810397+00:00,77.0973,-0.0229,96.1049,0.1054,0.7648,0.0,1800.0,0.0,6.3
1273.0,2026-06-05T18:53:17.305616+00:00,77.2252,0.1733,96.0806,0.081,0.7648,0.0,1800.0,0.0,6.3
1273.5,2026-06-05T18:53:17.805765+00:00,77.1962,0.1332,95.9463,0.0622,0.7648,0.0,1800.0,0.0,6.3
1274.0,2026-06-05T18:53:18.305585+00:00,77.1739,0.0387,96.0744,0.0478,0.7648,0.0,1800.0,0.0,6.3
1274.500744,2026-06-05T18:53:18.806359+00:00,77.1568,0.0298,96.0572,0.0753,0.7648,0.0,1800.0,0.0,6.3
1275.0,2026-06-05T18:53:19.311219+00:00,77.0164,-0.1044,96.0208,0.0116,0.7648,0.0,1800.0,0.0,6.3
1275.5,2026-06-05T18:53:19.805881+00:00,77.0358,-0.0802,96.1317,0.0089,0.7648,0.0,1800.0,0.0,6.3
1276.0,2026-06-05T18:53:20.305542+00:00,77.0506,-0.0617,96.2169,0.0454,0.7648,0.0,1800.0,0.0,6.3
1276.5,2026-06-05T18:53:20.805575+00:00,77.062,-0.0474,96.2824,0.1121,0.7648,0.0,1800.0,0.0,6.3
1277.0,2026-06-05T18:53:21.305553+00:00,76.9436,-0.0364,96.2171,0.0476,0.7648,0.0,1800.0,0.0,6.3
1277.5,2026-06-05T18:53:21.810730+00:00,76.9798,-0.028,96.3982,0.1137,0.7648,0.0,1800.0,0.0,6.3
1278.0,2026-06-05T18:53:22.305557+00:00,77.0076,-0.0215,96.2829,0.0874,0.7648,0.0,1800.0,0.0,6.3
1278.5,2026-06-05T18:53:22.805697+00:00,77.1562,0.0471,96.2175,0.0286,0.7648,0.0,1800.0,0.0,6.3
1279.0,2026-06-05T18:53:23.305556+00:00,77.1432,0.0998,96.2829,0.022,0.7648,0.0,1800.0,0.0,6.3
1279.5,2026-06-05T18:53:23.805544+00:00,77.2605,0.1404,96.4488,0.0555,0.7648,0.0,1800.0,0.0,6.3
1280.0,2026-06-05T18:53:24.310949+00:00,77.2234,0.1079,96.3449,0.0426,0.7648,0.0,1800.0,0.0,6.3
1280.5,2026-06-05T18:53:24.805593+00:00,77.4494,0.1466,96.404,0.0019,0.7648,0.0,1800.0,0.0,6.3
1281.0,2026-06-05T18:53:25.305713+00:00,77.3685,0.1126,96.403,0.04,0.7648,0.0,1800.0,0.0,6.3
1281.5,2026-06-05T18:53:25.805737+00:00,77.3064,0.0229,96.4255,0.0693,0.7648,0.0,1800.0,0.0,6.3
1282.0,2026-06-05T18:53:26.305933+00:00,77.2586,0.0176,96.5584,0.0919,0.7648,0.0,1800.0,0.0,6.3
1282.5,2026-06-05T18:53:26.815779+00:00,77.3492,-0.0501,96.4292,-0.0065,0.7648,0.0,1800.0,0.0,6.3
1283.0,2026-06-05T18:53:27.307553+00:00,77.5461,0.0888,96.3299,-0.005,0.7648,0.0,1800.0,0.0,6.2488
1283.5,2026-06-05T18:53:27.805642+00:00,77.5701,0.1319,96.3693,-0.0116,0.7648,0.0,1800.0,0.0,6.2238
1284.000658,2026-06-05T18:53:28.306294+00:00,77.3341,0.0377,96.2838,-0.0397,0.7648,0.0,1800.0,0.0,6.2116
1284.5,2026-06-05T18:53:28.805559+00:00,77.4072,0.029,96.3338,-0.0305,0.7648,0.0,1800.0,0.0,6.2057
1285.0,2026-06-05T18:53:29.310928+00:00,77.3361,-0.105,96.488,-0.0235,0.7648,0.0,1800.0,0.0,6.2028
1285.5,2026-06-05T18:53:29.805559+00:00,77.2815,-0.1443,96.6065,0.0591,0.7648,0.0,1800.0,0.0,6.2526
1286.0,2026-06-05T18:53:30.305851+00:00,77.3667,0.0163,96.6975,0.1225,0.7648,0.0,1800.0,0.0,6.2768
1286.5,2026-06-05T18:53:30.805590+00:00,77.305,-0.0511,96.7675,0.1328,0.7648,0.0,1800.0,0.0,6.2887
1287.0,2026-06-05T18:53:31.305588+00:00,77.2576,-0.0393,96.3585,0.0249,0.7648,0.0,1800.0,0.0,6.2945
1287.5,2026-06-05T18:53:31.815019+00:00,77.2211,-0.0302,96.3913,0.0191,0.7648,0.0,1800.0,0.0,6.3485
1288.0,2026-06-05T18:53:32.305558+00:00,77.1931,-0.0868,96.4164,-0.0239,0.7648,0.0,1800.0,0.0,6.3749
1288.5,2026-06-05T18:53:32.806156+00:00,77.4261,0.0605,96.4358,-0.0569,0.7648,0.0,1800.0,0.0,6.3877
1289.0,2026-06-05T18:53:33.305703+00:00,77.3506,0.0465,96.4506,-0.0823,0.7648,0.0,1800.0,0.0,6.394
1289.5,2026-06-05T18:53:33.805561+00:00,77.4199,0.0994,96.3464,-0.1404,0.7648,0.0,1800.0,0.0,6.3971
1290.0,2026-06-05T18:53:34.312858+00:00,77.4731,0.14,96.2662,-0.0308,0.7648,0.0,1800.0,0.0,6.3986
1290.5,2026-06-05T18:53:34.805991+00:00,77.5141,0.044,95.9501,-0.1471,0.7648,0.0,1800.0,0.0,6.3481
1291.0,2026-06-05T18:53:35.305545+00:00,77.4183,0.0338,96.0773,-0.113,0.7648,0.0,1800.0,0.0,6.3235
1291.5,2026-06-05T18:53:35.805700+00:00,77.3446,-0.0376,96.2908,-0.0483,0.7648,0.0,1800.0,0.0,6.3115
1292.0,2026-06-05T18:53:36.305632+00:00,77.288,-0.0926,96.1078,-0.1143,0.7648,0.0,1800.0,0.0,6.3056
1292.5,2026-06-05T18:53:36.811384+00:00,77.2445,-0.1348,96.3143,-0.0107,0.7648,0.0,1800.0,0.0,6.3027
1293.0,2026-06-05T18:53:37.305655+00:00,77.3383,-0.04,96.3573,0.0303,0.7648,0.0,1800.0,0.0,6.3013
1293.5,2026-06-05T18:53:37.805824+00:00,77.1559,-0.0943,96.2746,0.1082,0.7648,0.0,1800.0,0.0,6.3006
1294.0,2026-06-05T18:53:38.305567+00:00,77.143,-0.0725,96.4424,0.1217,0.7648,0.0,1800.0,0.0,6.3003
1294.50057,2026-06-05T18:53:38.806162+00:00,77.0058,-0.1194,96.2012,-0.0299,0.7648,0.0,1800.0,0.0,6.3514
1295.0,2026-06-05T18:53:39.313801+00:00,77.1548,-0.0917,96.2704,0.0542,0.7648,0.0,1800.0,0.0,6.3763
1295.5,2026-06-05T18:53:39.805543+00:00,77.2694,0.0568,96.2078,-0.0355,0.7648,0.0,1800.0,0.0,6.3884
1296.0,2026-06-05T18:53:40.305570+00:00,77.3575,0.1073,96.2754,-0.0273,0.7648,0.0,1800.0,0.0,6.3943
1296.5,2026-06-05T18:53:40.805548+00:00,77.2979,0.1461,96.3274,0.0176,0.7648,0.0,1800.0,0.0,6.3972
1297.0,2026-06-05T18:53:41.305559+00:00,77.2521,0.0486,96.2516,-0.0636,0.7648,0.0,1800.0,0.0,6.3987
1297.5,2026-06-05T18:53:41.810102+00:00,77.3442,0.0374,96.3091,0.036,0.7648,0.0,1800.0,0.0,6.3481
1298.0,2026-06-05T18:53:42.305650+00:00,77.4149,0.0287,96.3533,0.0276,0.7648,0.0,1800.0,0.0,6.3747
1298.5,2026-06-05T18:53:42.805546+00:00,77.4693,0.0857,96.3872,0.0598,0.7648,0.0,1800.0,0.0,6.3877
1299.0,2026-06-05T18:53:43.305572+00:00,77.3839,0.0659,96.3902,0.0383,0.7648,0.0,1800.0,0.0,6.394
1299.5,2026-06-05T18:53:43.805560+00:00,77.1909,-0.0766,96.4156,0.0294,0.7648,0.0,1800.0,0.0,6.3971
1300.0,2026-06-05T18:53:44.313281+00:00,77.1699,-0.1225,96.4351,0.0612,0.7648,0.0,1800.0,0.0,6.3986
1300.5,2026-06-05T18:53:44.805622+00:00,77.281,-0.0942,96.5658,0.0856,0.7648,0.0,1800.0,0.0,6.3481
1301.0,2026-06-05T18:53:45.305812+00:00,77.2391,-0.0724,96.5506,0.0658,0.7648,0.0,1800.0,0.0,6.3235
1301.5,2026-06-05T18:53:45.805670+00:00,77.2069,0.008,96.5389,0.0506,0.7648,0.0,1800.0,0.0,6.3115
1302.0,2026-06-05T18:53:46.306053+00:00,77.0549,-0.0575,96.6456,0.0851,0.7648,0.0,1800.0,0.0,6.3056
1302.500891,2026-06-05T18:53:46.813100+00:00,77.0653,-0.1078,96.7276,0.104,0.7648,0.0,1800.0,0.0,6.3027
1303.0,2026-06-05T18:53:47.305908+00:00,77.0734,-0.0829,96.6749,0.0799,0.7648,0.0,1800.0,0.0,6.3525
1303.5,2026-06-05T18:53:47.805582+00:00,77.0795,-0.0637,96.7502,0.0614,0.7648,0.0,1800.0,0.0,6.3256
1304.0,2026-06-05T18:53:48.305544+00:00,77.2115,0.0783,96.808,0.0858,0.7648,0.0,1800.0,0.0,6.3125
1304.5,2026-06-05T18:53:48.805617+00:00,77.0585,-0.0034,96.8524,0.1045,0.7648,0.0,1800.0,0.0,6.3061
1305.0,2026-06-05T18:53:49.310048+00:00,77.1953,0.061,96.7709,0.0418,0.7648,0.0,1800.0,0.0,6.303
1305.5,2026-06-05T18:53:49.805779+00:00,77.1733,0.0469,96.8239,0.0321,0.7648,0.0,1800.0,0.0,6.3015
1306.0,2026-06-05T18:53:50.305545+00:00,77.1563,-0.0276,96.7489,0.0247,0.7648,0.0,1800.0,0.0,6.3007
1306.5,2026-06-05T18:53:50.805819+00:00,77.016,-0.0212,96.807,0.019,0.7648,0.0,1800.0,0.0,6.3003
1307.0,2026-06-05T18:53:51.305589+00:00,77.1627,-0.0163,96.736,-0.024,0.7648,0.0,1800.0,0.0,6.3002
1307.5,2026-06-05T18:53:51.812944+00:00,77.1482,-0.0125,96.6814,-0.057,0.7648,0.0,1800.0,0.0,6.2489
1308.0,2026-06-05T18:53:52.305559+00:00,77.2643,0.054,96.7551,-0.0053,0.7648,0.0,1800.0,0.0,6.2751
1308.5,2026-06-05T18:53:52.807281+00:00,77.2263,0.1051,96.5804,-0.0812,0.7648,0.0,1800.0,0.0,6.2878
1309.0,2026-06-05T18:53:53.305586+00:00,77.3243,0.0808,96.5618,-0.0624,0.7648,0.0,1800.0,0.0,6.2941
1309.5,2026-06-05T18:53:53.805557+00:00,77.2724,0.0621,96.5475,-0.0865,0.7648,0.0,1800.0,0.0,6.2971
1310.0,2026-06-05T18:53:54.313008+00:00,77.3598,0.0477,96.6522,-0.0279,0.7648,0.0,1800.0,0.0,6.2986
1310.5,2026-06-05T18:53:54.805585+00:00,77.427,0.1003,96.617,-0.0215,0.7648,0.0,1800.0,0.0,6.2993
1311.0,2026-06-05T18:53:55.305547+00:00,77.3513,0.0135,96.7056,-0.0165,0.7648,0.0,1800.0,0.0,6.2997
1311.5,2026-06-05T18:53:55.805546+00:00,77.5477,0.1376,96.7737,0.0645,0.7648,0.0,1800.0,0.0,6.2998
1312.0,2026-06-05T18:53:56.305744+00:00,77.5714,0.1058,96.8261,0.0881,0.7648,0.0,1800.0,0.0,6.2999
1312.5,2026-06-05T18:53:56.814874+00:00,77.4623,0.0177,96.7506,0.0677,0.7648,0.0,1800.0,0.0,6.2488
1313.0,2026-06-05T18:53:57.305557+00:00,77.3785,0.0136,96.6926,0.0135,0.7648,0.0,1800.0,0.0,6.275
1313.5,2026-06-05T18:53:57.805560+00:00,77.4413,-0.0532,96.7638,0.0489,0.7648,0.0,1800.0,0.0,6.2366
1314.0,2026-06-05T18:53:58.305815+00:00,77.235,-0.1682,96.7027,-0.001,0.7648,0.0,1800.0,0.0,6.2179
1314.5,2026-06-05T18:53:58.805578+00:00,77.2038,-0.1292,96.6558,-0.0393,0.7648,0.0,1800.0,0.0,6.2087
1315.0,2026-06-05T18:53:59.310584+00:00,77.1798,-0.0993,96.6198,-0.0688,0.7648,0.0,1800.0,0.0,6.2043
1315.5,2026-06-05T18:53:59.805688+00:00,77.1613,-0.14,96.7077,-0.0143,0.7648,0.0,1800.0,0.0,6.2533
1316.0,2026-06-05T18:54:00.305577+00:00,77.1471,-0.044,96.6597,-0.011,0.7648,0.0,1800.0,0.0,6.2772
1316.501203,2026-06-05T18:54:00.806849+00:00,77.3908,0.0935,96.6227,-0.047,0.7648,0.0,1800.0,0.0,6.2889
1317.0,2026-06-05T18:54:01.305662+00:00,77.1962,0.0082,96.4555,-0.0824,0.7648,0.0,1800.0,0.0,6.2434
1317.5,2026-06-05T18:54:01.813039+00:00,77.1739,0.0063,96.4658,-0.0633,0.7648,0.0,1800.0,0.0,6.2212
1318.0,2026-06-05T18:54:02.305581+00:00,77.1568,0.0049,96.5894,-0.0101,0.7648,0.0,1800.0,0.0,6.2615
1318.5,2026-06-05T18:54:02.805545+00:00,77.271,-0.0599,96.5687,-0.0463,0.7648,0.0,1800.0,0.0,6.2812
1319.0,2026-06-05T18:54:03.305869+00:00,77.2314,0.0176,96.4371,-0.0742,0.7648,0.0,1800.0,0.0,6.2908
1319.5,2026-06-05T18:54:03.805828+00:00,77.0737,-0.0501,96.5674,-0.0185,0.7648,0.0,1800.0,0.0,6.2955
1320.0,2026-06-05T18:54:04.310036+00:00,77.2071,0.0251,96.4361,-0.0065,0.7648,0.0,1800.0,0.0,6.2978
1320.5,2026-06-05T18:54:04.805593+00:00,76.9278,-0.1716,96.5666,0.0336,0.7648,0.0,1800.0,0.0,6.2477
1321.0,2026-06-05T18:54:05.305562+00:00,76.9676,-0.1319,96.6669,0.0258,0.7648,0.0,1800.0,0.0,6.2745
1321.5,2026-06-05T18:54:05.805594+00:00,76.871,-0.1014,96.6283,0.0198,0.7648,0.0,1800.0,0.0,6.2876
1322.0,2026-06-05T18:54:06.305546+00:00,76.924,-0.1415,96.5986,0.0538,0.7648,0.0,1800.0,0.0,6.2939
1322.5,2026-06-05T18:54:06.811896+00:00,76.9647,0.0185,96.5758,0.0028,0.7648,0.0,1800.0,0.0,6.297
1323.0,2026-06-05T18:54:07.306128+00:00,77.2506,0.1415,96.6739,0.0793,0.7648,0.0,1800.0,0.0,6.2986
1323.5,2026-06-05T18:54:07.805691+00:00,77.343,0.236,96.518,-0.0162,0.7648,0.0,1800.0,0.0,6.2993
1324.0,2026-06-05T18:54:08.305725+00:00,77.414,0.245,96.3981,-0.0896,0.7648,0.0,1800.0,0.0,6.2997
1324.5,2026-06-05T18:54:08.805587+00:00,77.5959,0.3156,96.306,-0.1074,0.7648,0.0,1800.0,0.0,6.2998
1325.0,2026-06-05T18:54:09.311304+00:00,77.7357,0.2426,96.3509,-0.0826,0.7648,0.0,1800.0,0.0,6.2999
1325.5,2026-06-05T18:54:09.805559+00:00,77.3341,-0.0045,96.3854,-0.0635,0.7648,0.0,1800.0,0.0,6.3
1326.0,2026-06-05T18:54:10.305533+00:00,77.2799,-0.0671,96.2962,-0.1259,0.7648,0.0,1800.0,0.0,6.3
1326.5,2026-06-05T18:54:10.805580+00:00,77.2383,-0.1788,96.3434,-0.0582,0.7648,0.0,1800.0,0.0,6.3
1327.0,2026-06-05T18:54:11.305558+00:00,77.2063,-0.2647,96.3796,-0.0062,0.7648,0.0,1800.0,0.0,6.3
1327.5,2026-06-05T18:54:11.810273+00:00,77.3089,-0.0126,96.2918,-0.0047,0.7648,0.0,1800.0,0.0,6.3
1328.0,2026-06-05T18:54:12.305540+00:00,77.3879,0.054,96.4557,0.0349,0.7648,0.0,1800.0,0.0,6.3
1328.5,2026-06-05T18:54:12.805588+00:00,77.3213,0.0415,96.3502,-0.0117,0.7648,0.0,1800.0,0.0,6.3
1329.0,2026-06-05T18:54:13.305601+00:00,77.2701,0.0319,96.5006,0.0681,0.7648,0.0,1800.0,0.0,6.3
1329.5,2026-06-05T18:54:13.805968+00:00,77.2307,-0.0391,96.5004,0.0524,0.7648,0.0,1800.0,0.0,6.3
1330.0,2026-06-05T18:54:14.315112+00:00,77.2005,-0.0937,96.3846,0.0017,0.7648,0.0,1800.0,0.0,6.3
1330.5,2026-06-05T18:54:14.806082+00:00,77.3045,-0.0084,96.527,0.0784,0.7648,0.0,1800.0,0.0,6.3
1331.0,2026-06-05T18:54:15.305869+00:00,77.1299,-0.0701,96.4051,-0.0169,0.7648,0.0,1800.0,0.0,6.3
1331.5,2026-06-05T18:54:15.805709+00:00,77.123,-0.0539,96.5427,0.0642,0.7648,0.0,1800.0,0.0,6.3
1332.0,2026-06-05T18:54:16.305951+00:00,77.2449,0.0222,96.6486,0.0493,0.7648,0.0,1800.0,0.0,6.3
1332.5,2026-06-05T18:54:16.814406+00:00,77.4659,0.0807,96.6142,0.0379,0.7648,0.0,1800.0,0.0,6.3
1333.0,2026-06-05T18:54:17.305592+00:00,77.3813,0.1257,96.7035,0.1063,0.7648,0.0,1800.0,0.0,6.3
1333.5,2026-06-05T18:54:17.805568+00:00,77.4434,0.1602,96.7721,0.0817,0.7648,0.0,1800.0,0.0,6.3
1334.0,2026-06-05T18:54:18.305552+00:00,77.364,0.0595,96.4777,0.0242,0.7648,0.0,1800.0,0.0,6.3
1334.5,2026-06-05T18:54:18.805531+00:00,77.4302,-0.0179,96.5986,0.0186,0.7648,0.0,1800.0,0.0,6.3
1335.0,2026-06-05T18:54:19.310025+00:00,77.3538,-0.0137,96.5758,-0.0243,0.7648,0.0,1800.0,0.0,6.3
1335.5,2026-06-05T18:54:19.805552+00:00,77.295,-0.0742,96.6739,0.0199,0.7648,0.0,1800.0,0.0,6.3
1336.0,2026-06-05T18:54:20.305566+00:00,77.2499,-0.057,96.6337,-0.0233,0.7648,0.0,1800.0,0.0,6.3
1336.5,2026-06-05T18:54:20.805681+00:00,77.2152,-0.1075,96.7184,-0.0179,0.7648,0.0,1800.0,0.0,6.3
1337.0,2026-06-05T18:54:21.305552+00:00,77.3158,-0.019,96.7836,0.102,0.7648,0.0,1800.0,0.0,6.3
1337.5,2026-06-05T18:54:21.811988+00:00,77.2659,-0.0146,96.8337,0.0784,0.7648,0.0,1800.0,0.0,6.3
1338.0,2026-06-05T18:54:22.305575+00:00,77.3548,0.0524,96.7565,0.0602,0.7648,0.0,1800.0,0.0,6.3
1338.5,2026-06-05T18:54:22.805623+00:00,77.4231,0.1039,96.6971,0.0077,0.7648,0.0,1800.0,0.0,6.3
1339.0,2026-06-05T18:54:23.305726+00:00,77.4756,0.0799,96.7672,0.0445,0.7648,0.0,1800.0,0.0,6.3
1339.5,2026-06-05T18:54:23.806005+00:00,77.516,0.125,96.6822,-0.0121,0.7648,0.0,1800.0,0.0,6.3
1340.0,2026-06-05T18:54:24.319202+00:00,77.4197,0.0325,96.6401,-0.0478,0.7648,0.0,1800.0,0.0,6.3
1340.5,2026-06-05T18:54:24.805665+00:00,77.3457,-0.0387,96.7234,-0.0368,0.7648,0.0,1800.0,0.0,6.2488
1341.0,2026-06-05T18:54:25.305561+00:00,77.4161,-0.0297,96.6717,-0.0283,0.7648,0.0,1800.0,0.0,6.2238
1341.5,2026-06-05T18:54:25.805641+00:00,77.343,-0.0865,96.5162,-0.0603,0.7648,0.0,1800.0,0.0,6.2116
1342.0,2026-06-05T18:54:26.305541+00:00,77.1595,-0.1301,96.5125,-0.0849,0.7648,0.0,1800.0,0.0,6.2569
1342.5,2026-06-05T18:54:26.810087+00:00,76.8912,-0.2273,96.5096,-0.0575,0.7648,0.0,1800.0,0.0,6.279
1343.0,2026-06-05T18:54:27.305551+00:00,77.0668,-0.1747,96.6231,-0.0057,0.7648,0.0,1800.0,0.0,6.3409
1343.5,2026-06-05T18:54:27.805551+00:00,77.2017,-0.0706,96.7103,-0.0044,0.7648,0.0,1800.0,0.0,6.3712
1344.0,2026-06-05T18:54:28.305583+00:00,77.3055,0.073,96.893,0.0738,0.7648,0.0,1800.0,0.0,6.3859
1344.5,2026-06-05T18:54:28.805554+00:00,77.5125,0.3106,96.9178,0.1338,0.7648,0.0,1800.0,0.0,6.3419
1345.0,2026-06-05T18:54:29.310451+00:00,77.5443,0.2388,96.9368,0.1414,0.7648,0.0,1800.0,0.0,6.3205
1345.5,2026-06-05T18:54:29.805537+00:00,77.5687,0.1835,96.9514,0.1473,0.7648,0.0,1800.0,0.0,6.31
1346.0,2026-06-05T18:54:30.305623+00:00,77.5875,0.141,96.847,0.0746,0.7648,0.0,1800.0,0.0,6.3049
1346.5,2026-06-05T18:54:30.806118+00:00,77.4747,-0.0189,96.651,-0.0198,0.7648,0.0,1800.0,0.0,6.3024
1347.0,2026-06-05T18:54:31.305990+00:00,77.388,-0.0781,96.616,-0.0923,0.7648,0.0,1800.0,0.0,6.3012
1347.5,2026-06-05T18:54:31.812439+00:00,77.3214,-0.1237,96.7049,-0.071,0.7648,0.0,1800.0,0.0,6.3006
1348.000889,2026-06-05T18:54:32.306519+00:00,77.1429,-0.2223,96.6575,-0.0931,0.7648,0.0,1800.0,0.0,6.3515
1348.5,2026-06-05T18:54:32.805553+00:00,77.133,-0.1709,96.5979,-0.1178,0.7648,0.0,1800.0,0.0,6.3763
1349.0,2026-06-05T18:54:33.305563+00:00,77.1253,-0.1313,96.5521,-0.0983,0.7648,0.0,1800.0,0.0,6.3884
1349.5,2026-06-05T18:54:33.805544+00:00,77.2467,-0.0373,96.54,-0.037,0.7648,0.0,1800.0,0.0,6.3432
1350.0,2026-06-05T18:54:34.310231+00:00,77.3401,0.0986,96.6465,0.0101,0.7648,0.0,1800.0,0.0,6.3211
1350.5,2026-06-05T18:54:34.805540+00:00,77.2845,0.0758,96.6126,-0.0308,0.7648,0.0,1800.0,0.0,6.3103
1351.0,2026-06-05T18:54:35.305541+00:00,77.3691,0.1219,96.7022,0.0149,0.7648,0.0,1800.0,0.0,6.305
1351.5,2026-06-05T18:54:35.805561+00:00,77.4341,0.0937,96.6554,0.0192,0.7648,0.0,1800.0,0.0,6.3024
1352.0,2026-06-05T18:54:36.305675+00:00,77.484,0.072,96.7352,0.061,0.7648,0.0,1800.0,0.0,6.3012
1352.5,2026-06-05T18:54:36.812095+00:00,77.5224,0.119,96.6808,0.0469,0.7648,0.0,1800.0,0.0,6.3006
1353.0,2026-06-05T18:54:37.305572+00:00,77.4247,0.0278,96.6389,-0.0025,0.7648,0.0,1800.0,0.0,6.3515
1353.5,2026-06-05T18:54:37.806150+00:00,77.3496,-0.0423,96.6068,-0.0019,0.7648,0.0,1800.0,0.0,6.3251
1354.0,2026-06-05T18:54:38.305769+00:00,77.2918,-0.0961,96.6978,-0.0015,0.7648,0.0,1800.0,0.0,6.3123
1354.500923,2026-06-05T18:54:38.806543+00:00,77.3747,-0.0739,96.6751,0.0066,0.7648,0.0,1800.0,0.0,6.306
1355.0,2026-06-05T18:54:39.310676+00:00,77.5657,0.0705,96.7503,0.005,0.7648,0.0,1800.0,0.0,6.3029
1355.5,2026-06-05T18:54:39.806154+00:00,77.5852,0.1178,96.8081,0.0424,0.7648,0.0,1800.0,0.0,6.3014
1356.0,2026-06-05T18:54:40.305585+00:00,77.3456,0.0269,96.7368,0.0326,0.7648,0.0,1800.0,0.0,6.3007
1356.5,2026-06-05T18:54:40.805548+00:00,77.2888,-0.0429,96.7977,0.0636,0.7648,0.0,1800.0,0.0,6.3003
1357.0,2026-06-05T18:54:41.305784+00:00,77.3724,-0.0966,96.8445,0.0489,0.7648,0.0,1800.0,0.0,6.3002
1357.5,2026-06-05T18:54:41.811614+00:00,77.3094,-0.1379,96.8805,0.0684,0.7648,0.0,1800.0,0.0,6.3001
1358.0,2026-06-05T18:54:42.305990+00:00,77.1336,-0.106,96.7924,0.014,0.7648,0.0,1800.0,0.0,6.3
1358.5,2026-06-05T18:54:42.805565+00:00,77.1259,-0.0815,96.7248,-0.0278,0.7648,0.0,1800.0,0.0,6.3
1359.0,2026-06-05T18:54:43.305764+00:00,77.1199,-0.1263,96.6728,-0.0213,0.7648,0.0,1800.0,0.0,6.3
1359.5,2026-06-05T18:54:43.805640+00:00,76.988,-0.1607,96.6328,-0.055,0.7648,0.0,1800.0,0.0,6.3
1360.0,2026-06-05T18:54:44.310534+00:00,77.1412,0.0038,96.6021,-0.0808,0.7648,0.0,1800.0,0.0,6.3
1360.501448,2026-06-05T18:54:44.807710+00:00,77.2589,0.0665,96.7173,-0.0544,0.7648,0.0,1800.0,0.0,6.3
1361.000336,2026-06-05T18:54:45.305907+00:00,77.3494,0.1148,96.8753,0.0276,0.7648,0.0,1800.0,0.0,6.3
1361.5,2026-06-05T18:54:45.805557+00:00,77.2917,0.1519,96.7884,0.0212,0.7648,0.0,1800.0,0.0,6.2488
1362.0,2026-06-05T18:54:46.305621+00:00,77.2473,0.0531,96.7217,0.0163,0.7648,0.0,1800.0,0.0,6.275
1362.5,2026-06-05T18:54:46.810676+00:00,77.086,-0.0865,96.7861,0.0511,0.7648,0.0,1800.0,0.0,6.2878
1363.0,2026-06-05T18:54:47.305540+00:00,77.2165,-0.0665,96.7199,0.0393,0.7648,0.0,1800.0,0.0,6.294
1363.5,2026-06-05T18:54:47.805575+00:00,77.0623,-0.1147,96.5533,-0.0547,0.7648,0.0,1800.0,0.0,6.2971
1364.0,2026-06-05T18:54:48.305777+00:00,77.1983,-0.0245,96.6567,-0.0729,0.7648,0.0,1800.0,0.0,6.2986
1364.5,2026-06-05T18:54:48.805543+00:00,77.0483,-0.0189,96.6204,-0.056,0.7648,0.0,1800.0,0.0,6.2993
1365.0,2026-06-05T18:54:49.313045+00:00,77.1875,-0.0145,96.7083,-0.0045,0.7648,0.0,1800.0,0.0,6.2997
1365.5,2026-06-05T18:54:49.805836+00:00,77.1673,0.0525,96.6601,-0.042,0.7648,0.0,1800.0,0.0,6.2998
1366.0,2026-06-05T18:54:50.305684+00:00,77.279,0.0403,96.7387,0.0063,0.7648,0.0,1800.0,0.0,6.2999
1366.5,2026-06-05T18:54:50.806361+00:00,77.2375,0.0946,96.7992,0.082,0.7648,0.0,1800.0,0.0,6.3
1367.0,2026-06-05T18:54:51.305596+00:00,77.2057,0.0091,96.73,0.0244,0.7648,0.0,1800.0,0.0,6.3
1367.5,2026-06-05T18:54:51.813036+00:00,77.3085,0.0706,96.6767,0.0188,0.7648,0.0,1800.0,0.0,6.3
1368.0,2026-06-05T18:54:52.305538+00:00,77.2603,-0.0093,96.7515,0.0144,0.7648,0.0,1800.0,0.0,6.3512
1368.5,2026-06-05T18:54:52.805565+00:00,77.2232,-0.0072,96.809,0.0497,0.7648,0.0,1800.0,0.0,6.3762
1369.0,2026-06-05T18:54:53.305543+00:00,77.322,0.0581,96.8532,0.0382,0.7648,0.0,1800.0,0.0,6.3884
1369.5,2026-06-05T18:54:53.805695+00:00,77.0161,-0.1462,97.0029,0.0679,0.7648,0.0,1800.0,0.0,6.3431
1370.0,2026-06-05T18:54:54.310272+00:00,76.9082,-0.176,97.0022,0.0908,0.7648,0.0,1800.0,0.0,6.321
1370.5,2026-06-05T18:54:54.806368+00:00,76.9526,-0.1353,97.0017,0.1083,0.7648,0.0,1800.0,0.0,6.3103
1371.0,2026-06-05T18:54:55.305753+00:00,77.2412,-0.0404,96.8856,0.0447,0.7648,0.0,1800.0,0.0,6.305
1371.5,2026-06-05T18:54:55.805666+00:00,77.0813,0.0326,96.9121,0.0343,0.7648,0.0,1800.0,0.0,6.3024
1372.0,2026-06-05T18:54:56.305704+00:00,77.0856,0.0887,96.9324,0.0264,0.7648,0.0,1800.0,0.0,6.3524
1372.5,2026-06-05T18:54:56.814426+00:00,77.0889,0.0682,96.7167,-0.0954,0.7648,0.0,1800.0,0.0,6.3256
1373.0,2026-06-05T18:54:57.305548+00:00,77.2188,-0.0112,96.6665,-0.1119,0.7648,0.0,1800.0,0.0,6.3637
1373.5,2026-06-05T18:54:57.805595+00:00,77.3186,0.1186,96.628,-0.1246,0.7648,0.0,1800.0,0.0,6.3823
1374.0,2026-06-05T18:54:58.305584+00:00,77.3953,0.1548,96.4827,-0.1343,0.7648,0.0,1800.0,0.0,6.3401
1374.5,2026-06-05T18:54:58.805540+00:00,77.3269,0.119,96.371,-0.1804,0.7648,0.0,1800.0,0.0,6.3196
1375.0,2026-06-05T18:54:59.312418+00:00,77.4017,0.0915,96.4008,-0.1772,0.7648,0.0,1800.0,0.0,6.3096
1375.5,2026-06-05T18:54:59.805590+00:00,77.3319,0.0067,96.3081,-0.1362,0.7648,0.0,1800.0,0.0,6.3559
1376.0,2026-06-05T18:55:00.305570+00:00,77.151,-0.1222,96.3525,-0.1047,0.7648,0.0,1800.0,0.0,6.3785
1376.5,2026-06-05T18:55:00.805567+00:00,77.2664,-0.0303,96.2709,-0.119,0.7648,0.0,1800.0,0.0,6.3895
1377.0,2026-06-05T18:55:01.305569+00:00,77.2279,-0.0869,96.2082,-0.0915,0.7648,0.0,1800.0,0.0,6.3949
1377.5,2026-06-05T18:55:01.810478+00:00,77.071,-0.1304,96.2757,-0.0317,0.7648,0.0,1800.0,0.0,6.3463
1378.0,2026-06-05T18:55:02.305540+00:00,76.9505,-0.1002,96.3276,-0.0244,0.7648,0.0,1800.0,0.0,6.3226
1378.5,2026-06-05T18:55:02.805544+00:00,76.9851,-0.1407,96.1361,-0.0573,0.7648,0.0,1800.0,0.0,6.311
1379.0,2026-06-05T18:55:03.305526+00:00,77.1389,-0.0445,96.1278,-0.0749,0.7648,0.0,1800.0,0.0,6.3054
1379.5,2026-06-05T18:55:03.805595+00:00,77.0027,-0.0342,96.2139,-0.019,0.7648,0.0,1800.0,0.0,6.3026
1380.0,2026-06-05T18:55:04.314855+00:00,77.0252,0.0374,96.2801,0.024,0.7648,0.0,1800.0,0.0,6.3013
1380.5,2026-06-05T18:55:04.805554+00:00,77.1698,0.0923,96.2153,-0.0202,0.7648,0.0,1800.0,0.0,6.3006
1381.0,2026-06-05T18:55:05.306005+00:00,77.2809,0.071,96.3969,0.0231,0.7648,0.0,1800.0,0.0,6.3003
1381.5,2026-06-05T18:55:05.805865+00:00,77.3663,0.1818,96.305,0.0563,0.7648,0.0,1800.0,0.0,6.3001
1382.0,2026-06-05T18:55:06.305586+00:00,77.432,0.2034,96.2344,0.0356,0.7648,0.0,1800.0,0.0,6.3001
1382.5,2026-06-05T18:55:06.810772+00:00,77.4824,0.1563,96.2959,0.0273,0.7648,0.0,1800.0,0.0,6.3
1383.0,2026-06-05T18:55:07.305850+00:00,77.3939,0.0565,96.3431,0.021,0.7648,0.0,1800.0,0.0,6.3
1383.5,2026-06-05T18:55:07.805593+00:00,77.3259,-0.0202,96.4951,0.0933,0.7648,0.0,1800.0,0.0,6.3
1384.0,2026-06-05T18:55:08.306123+00:00,77.2736,-0.0792,96.4963,0.0331,0.7648,0.0,1800.0,0.0,6.3
1384.5,2026-06-05T18:55:08.805647+00:00,77.488,0.0028,96.3583,0.0177,0.7648,0.0,1800.0,0.0,6.3
1385.0,2026-06-05T18:55:09.311244+00:00,77.3982,0.0021,96.3911,0.0522,0.7648,0.0,1800.0,0.0,6.3
1385.5,2026-06-05T18:55:09.805575+00:00,77.4565,0.0653,96.4163,0.0401,0.7648,0.0,1800.0,0.0,6.3
1386.0,2026-06-05T18:55:10.305535+00:00,77.5013,0.1138,96.32,-0.0077,0.7648,0.0,1800.0,0.0,6.3
1386.5,2026-06-05T18:55:10.805573+00:00,77.4084,-0.0398,96.3616,-0.0445,0.7648,0.0,1800.0,0.0,6.3
1387.0,2026-06-05T18:55:11.305561+00:00,77.4643,0.033,96.3936,-0.0342,0.7648,0.0,1800.0,0.0,6.3
1387.5,2026-06-05T18:55:11.810118+00:00,77.5073,0.0254,96.4183,0.02,0.7648,0.0,1800.0,0.0,6.3
1388.0,2026-06-05T18:55:12.305547+00:00,77.5403,0.0195,96.3215,-0.0232,0.7648,0.0,1800.0,0.0,6.3
1388.5,2026-06-05T18:55:12.805559+00:00,77.8202,0.2059,96.2471,-0.0564,0.7648,0.0,1800.0,0.0,6.3
1389.0,2026-06-05T18:55:13.305794+00:00,77.399,-0.0326,96.3056,-0.0048,0.7648,0.0,1800.0,0.0,6.3
1389.5,2026-06-05T18:55:13.805561+00:00,77.2026,-0.1524,96.3506,-0.0037,0.7648,0.0,1800.0,0.0,6.3
1390.0,2026-06-05T18:55:14.311783+00:00,77.3061,-0.1171,96.3852,-0.0028,0.7648,0.0,1800.0,0.0,6.3
1390.5,2026-06-05T18:55:14.805553+00:00,77.3857,-0.2173,96.4117,-0.0022,0.7648,0.0,1800.0,0.0,6.2488
1391.0,2026-06-05T18:55:15.305558+00:00,77.1923,-0.1034,96.3165,-0.0017,0.7648,0.0,1800.0,0.0,6.2238
1391.5,2026-06-05T18:55:15.805552+00:00,77.2982,0.0478,96.3589,0.0373,0.7648,0.0,1800.0,0.0,6.2116
1392.0,2026-06-05T18:55:16.305630+00:00,77.3796,0.0368,96.5073,0.0672,0.7648,0.0,1800.0,0.0,6.2057
1392.5,2026-06-05T18:55:16.810995+00:00,77.4422,0.0283,96.5056,0.0517,0.7648,0.0,1800.0,0.0,6.2028
1393.0,2026-06-05T18:55:17.305839+00:00,77.363,0.0854,96.7357,0.1168,0.7648,0.0,1800.0,0.0,6.2526
1393.500291,2026-06-05T18:55:17.806447+00:00,77.3021,0.002,96.5655,0.0512,0.7648,0.0,1800.0,0.0,6.2768
1394.0,2026-06-05T18:55:18.305610+00:00,77.2554,-0.0621,96.5503,0.078,0.7648,0.0,1800.0,0.0,6.2887
1394.5,2026-06-05T18:55:18.805554+00:00,77.3467,-0.0477,96.5387,0.0599,0.7648,0.0,1800.0,0.0,6.2945
1395.0,2026-06-05T18:55:19.311867+00:00,77.2896,-0.0367,96.5297,0.0075,0.7648,0.0,1800.0,0.0,6.2973
1395.5,2026-06-05T18:55:19.805612+00:00,77.2457,-0.0282,96.6385,0.0443,0.7648,0.0,1800.0,0.0,6.2987
1396.0,2026-06-05T18:55:20.305551+00:00,77.0847,-0.0853,96.6065,-0.0431,0.7648,0.0,1800.0,0.0,6.2994
1396.5,2026-06-05T18:55:20.805805+00:00,77.2155,-0.0656,96.8132,0.0826,0.7648,0.0,1800.0,0.0,6.2997
1397.0,2026-06-05T18:55:21.305578+00:00,77.3161,0.0132,96.8565,0.102,0.7648,0.0,1800.0,0.0,6.2998
1397.5,2026-06-05T18:55:21.810456+00:00,77.2661,0.0102,96.774,0.0784,0.7648,0.0,1800.0,0.0,6.2999
1398.0,2026-06-05T18:55:22.305564+00:00,77.3549,0.1351,96.7106,0.0603,0.7648,0.0,1800.0,0.0,6.3
1398.5,2026-06-05T18:55:22.805562+00:00,77.5505,0.1675,96.5461,-0.0308,0.7648,0.0,1800.0,0.0,6.3
1399.0,2026-06-05T18:55:23.305894+00:00,77.5735,0.1287,96.6512,0.0149,0.7648,0.0,1800.0,0.0,6.3
1399.5,2026-06-05T18:55:23.805722+00:00,77.5912,0.1626,96.6162,-0.0657,0.7648,0.0,1800.0,0.0,6.3
1400.0,2026-06-05T18:55:24.312405+00:00,77.4775,0.0613,96.5893,-0.0891,0.7648,0.0,1800.0,0.0,6.3
1400.5,2026-06-05T18:55:24.805538+00:00,77.5174,-0.0165,96.3372,-0.1456,0.7648,0.0,1800.0,0.0,6.3
1401.0,2026-06-05T18:55:25.305659+00:00,77.5481,-0.0127,96.3749,-0.1119,0.7648,0.0,1800.0,0.0,6.3
1401.5,2026-06-05T18:55:25.805566+00:00,77.5717,-0.0098,96.4038,-0.0474,0.7648,0.0,1800.0,0.0,6.3
1402.0,2026-06-05T18:55:26.306028+00:00,77.5898,0.0561,96.4261,-0.075,0.7648,0.0,1800.0,0.0,6.3
1402.5,2026-06-05T18:55:26.811855+00:00,77.6037,0.0431,96.3275,-0.0962,0.7648,0.0,1800.0,0.0,6.3
1403.000047,2026-06-05T18:55:27.305641+00:00,77.7417,0.0968,96.4831,-0.0354,0.7648,0.0,1800.0,0.0,6.3512
1403.5,2026-06-05T18:55:27.805559+00:00,77.7205,0.0744,96.3482,0.0036,0.7648,0.0,1800.0,0.0,6.3762
1404.0,2026-06-05T18:55:28.306101+00:00,77.8315,0.1208,96.3833,0.0028,0.7648,0.0,1800.0,0.0,6.3884
1404.5,2026-06-05T18:55:28.805579+00:00,77.6622,0.0292,96.4103,0.0022,0.7648,0.0,1800.0,0.0,6.3943
1405.0,2026-06-05T18:55:29.311727+00:00,77.7866,0.0225,96.4311,0.0017,0.7648,0.0,1800.0,0.0,6.3972
1405.5,2026-06-05T18:55:29.805552+00:00,77.6278,-0.0464,96.2156,-0.0373,0.7648,0.0,1800.0,0.0,6.3986
1406.0,2026-06-05T18:55:30.305860+00:00,77.3784,-0.2265,96.2814,-0.0672,0.7648,0.0,1800.0,0.0,6.3993
1406.5,2026-06-05T18:55:30.805575+00:00,77.3139,-0.1741,96.1006,-0.0825,0.7648,0.0,1800.0,0.0,6.3997
1407.0,2026-06-05T18:55:31.305568+00:00,77.3917,-0.1975,96.193,-0.0634,0.7648,0.0,1800.0,0.0,6.3998
1407.5,2026-06-05T18:55:31.811748+00:00,77.3242,-0.1518,96.1484,-0.0873,0.7648,0.0,1800.0,0.0,6.3487
1408.0,2026-06-05T18:55:32.305552+00:00,77.5269,0.0743,96.114,-0.1057,0.7648,0.0,1800.0,0.0,6.3238
1408.5,2026-06-05T18:55:32.805544+00:00,77.5554,0.1207,96.0876,-0.0427,0.7648,0.0,1800.0,0.0,6.3116
1409.0,2026-06-05T18:55:33.306155+00:00,77.5773,0.0928,96.1831,-0.0328,0.7648,0.0,1800.0,0.0,6.3057
1409.5,2026-06-05T18:55:33.805569+00:00,77.5941,0.1349,96.1407,0.0134,0.7648,0.0,1800.0,0.0,6.3028
1410.0,2026-06-05T18:55:34.314426+00:00,77.4798,-0.0236,96.2238,0.0103,0.7648,0.0,1800.0,0.0,6.3013
1410.5,2026-06-05T18:55:34.805564+00:00,77.5192,-0.0181,96.2877,0.0465,0.7648,0.0,1800.0,0.0,6.3007
1411.0,2026-06-05T18:55:35.305734+00:00,77.6767,0.0497,96.3369,0.0743,0.7648,0.0,1800.0,0.0,6.3003
1411.5,2026-06-05T18:55:35.805562+00:00,77.5433,-0.0254,96.3746,0.0957,0.7648,0.0,1800.0,0.0,6.3002
1412.0,2026-06-05T18:55:36.305627+00:00,77.4407,-0.0195,96.2879,0.035,0.7648,0.0,1800.0,0.0,6.3001
1412.5,2026-06-05T18:55:36.810811+00:00,77.4891,-0.015,96.2213,0.0269,0.7648,0.0,1800.0,0.0,6.3
1413.0,2026-06-05T18:55:37.305586+00:00,77.5263,-0.0752,96.2858,0.0206,0.7648,0.0,1800.0,0.0,6.3
1413.5,2026-06-05T18:55:37.805979+00:00,77.555,0.0059,96.2197,-0.0227,0.7648,0.0,1800.0,0.0,6.3
1414.0,2026-06-05T18:55:38.306709+00:00,77.4497,0.0045,96.1688,-0.056,0.7648,0.0,1800.0,0.0,6.3
1414.5,2026-06-05T18:55:38.805653+00:00,77.496,0.0035,96.3612,-0.0045,0.7648,0.0,1800.0,0.0,6.3
1415.0,2026-06-05T18:55:39.310826+00:00,77.4044,-0.061,96.1619,-0.042,0.7648,0.0,1800.0,0.0,6.3
1415.5,2026-06-05T18:55:39.805569+00:00,77.4612,-0.0469,96.1244,-0.0323,0.7648,0.0,1800.0,0.0,6.3
1416.0,2026-06-05T18:55:40.305534+00:00,77.5049,0.0276,96.2113,-0.0248,0.7648,0.0,1800.0,0.0,6.3
1416.5,2026-06-05T18:55:40.805551+00:00,77.4112,-0.0424,96.3938,0.0581,0.7648,0.0,1800.0,0.0,6.3
1417.0,2026-06-05T18:55:41.305549+00:00,77.4665,0.031,96.5341,0.1218,0.7648,0.0,1800.0,0.0,6.3512
1417.5,2026-06-05T18:55:41.810907+00:00,77.5089,0.0239,96.6419,0.0936,0.7648,0.0,1800.0,0.0,6.325
1418.0,2026-06-05T18:55:42.305564+00:00,77.5416,0.0183,96.7248,0.1876,0.7648,0.0,1800.0,0.0,6.3122
1418.5,2026-06-05T18:55:42.805545+00:00,77.4394,0.0141,96.7885,0.2213,0.7648,0.0,1800.0,0.0,6.306
1419.000001,2026-06-05T18:55:43.305657+00:00,77.3609,-0.0528,96.7217,0.1701,0.7648,0.0,1800.0,0.0,6.3029
1419.5,2026-06-05T18:55:43.805629+00:00,77.4278,-0.0406,96.7861,0.1308,0.7648,0.0,1800.0,0.0,6.3014
1420.0,2026-06-05T18:55:44.311747+00:00,77.3519,-0.0948,96.8356,0.1005,0.7648,0.0,1800.0,0.0,6.3007
1420.5,2026-06-05T18:55:44.805582+00:00,77.5482,0.0544,96.8736,0.0772,0.7648,0.0,1800.0,0.0,6.3003
1421.0,2026-06-05T18:55:45.306037+00:00,77.4445,0.0418,96.7872,0.0208,0.7648,0.0,1800.0,0.0,6.3002
1421.5,2026-06-05T18:55:45.805569+00:00,77.2375,-0.0951,96.7207,-0.0226,0.7648,0.0,1800.0,0.0,6.3513
1422.0,2026-06-05T18:55:46.305670+00:00,77.2057,-0.0731,96.554,-0.0559,0.7648,0.0,1800.0,0.0,6.3762
1422.5,2026-06-05T18:55:46.811783+00:00,77.3085,-0.1198,96.5415,-0.0815,0.7648,0.0,1800.0,0.0,6.3884
1423.0,2026-06-05T18:55:47.305538+00:00,77.2602,-0.0921,96.4162,-0.1398,0.7648,0.0,1800.0,0.0,6.3943
1423.5,2026-06-05T18:55:47.805548+00:00,77.3504,0.0565,96.5513,-0.1075,0.7648,0.0,1800.0,0.0,6.3972
1424.0,2026-06-05T18:55:48.305554+00:00,77.2925,0.0434,96.5394,-0.0826,0.7648,0.0,1800.0,0.0,6.3987
1424.5,2026-06-05T18:55:48.805869+00:00,77.2479,-0.0303,96.646,-0.0249,0.7648,0.0,1800.0,0.0,6.3993
1425.0,2026-06-05T18:55:49.314531+00:00,77.341,0.0404,96.7279,0.058,0.7648,0.0,1800.0,0.0,6.3997
1425.5,2026-06-05T18:55:49.805542+00:00,77.4125,0.031,96.7909,0.0831,0.7648,0.0,1800.0,0.0,6.3486
1426.0,2026-06-05T18:55:50.306905+00:00,77.4674,0.0875,96.8393,0.141,0.7648,0.0,1800.0,0.0,6.3237
1426.5,2026-06-05T18:55:50.805598+00:00,77.5097,0.1309,96.8765,0.1084,0.7648,0.0,1800.0,0.0,6.3116
1427.0,2026-06-05T18:55:51.305599+00:00,77.4149,0.037,96.905,0.1219,0.7648,0.0,1800.0,0.0,6.3057
1427.5,2026-06-05T18:55:51.812334+00:00,77.342,-0.0352,96.8113,0.0551,0.7648,0.0,1800.0,0.0,6.3028
1428.0,2026-06-05T18:55:52.305848+00:00,77.286,-0.0907,96.855,0.0424,0.7648,0.0,1800.0,0.0,6.3525
1428.5,2026-06-05T18:55:52.805659+00:00,77.243,-0.1334,96.8885,0.0326,0.7648,0.0,1800.0,0.0,6.3768
1429.0,2026-06-05T18:55:53.305633+00:00,77.4644,0.0248,96.7986,-0.0135,0.7648,0.0,1800.0,0.0,6.3887
1429.5,2026-06-05T18:55:53.806165+00:00,77.3801,0.019,96.8452,-0.0104,0.7648,0.0,1800.0,0.0,6.3945
1430.0,2026-06-05T18:55:54.310238+00:00,77.4426,0.0783,96.881,-0.008,0.7648,0.0,1800.0,0.0,6.3973
1430.5,2026-06-05T18:55:54.805571+00:00,77.4906,0.1238,96.9086,0.0324,0.7648,0.0,1800.0,0.0,6.3987
1431.0,2026-06-05T18:55:55.305542+00:00,77.5275,0.0315,96.9297,0.0249,0.7648,0.0,1800.0,0.0,6.3994
1431.5,2026-06-05T18:55:55.805570+00:00,77.5558,0.0879,96.8303,-0.0194,0.7648,0.0,1800.0,0.0,6.3997
1432.0,2026-06-05T18:55:56.305550+00:00,77.5776,0.0675,96.7539,-0.0149,0.7648,0.0,1800.0,0.0,6.3998
1432.5,2026-06-05T18:55:56.810454+00:00,77.5944,0.0519,96.9265,0.0271,0.7648,0.0,1800.0,0.0,6.3487
1433.0,2026-06-05T18:55:57.305604+00:00,77.7345,0.1035,96.9435,0.0208,0.7648,0.0,1800.0,0.0,6.375
1433.5,2026-06-05T18:55:57.805594+00:00,77.5877,0.0159,96.9566,0.016,0.7648,0.0,1800.0,0.0,6.3366
1434.0,2026-06-05T18:55:58.306034+00:00,77.6021,0.0122,96.9666,0.0123,0.7648,0.0,1800.0,0.0,6.3179
1434.5,2026-06-05T18:55:58.805707+00:00,77.7405,0.073,96.9744,0.048,0.7648,0.0,1800.0,0.0,6.3087
1435.0,2026-06-05T18:55:59.311828+00:00,77.7195,-0.0075,96.9803,0.0755,0.7648,0.0,1800.0,0.0,6.3043
1435.5,2026-06-05T18:55:59.805572+00:00,77.8307,0.1215,96.9849,0.0194,0.7648,0.0,1800.0,0.0,6.3021
1436.0,2026-06-05T18:56:00.305533+00:00,77.6616,0.0298,96.9884,0.0149,0.7648,0.0,1800.0,0.0,6.301
1436.5,2026-06-05T18:56:00.805669+00:00,77.5317,-0.1044,96.9911,0.0115,0.7648,0.0,1800.0,0.0,6.3005
1437.0,2026-06-05T18:56:01.305575+00:00,77.559,-0.0802,96.9931,0.0088,0.7648,0.0,1800.0,0.0,6.3002
1437.5,2026-06-05T18:56:01.811049+00:00,77.5801,-0.1253,96.9947,0.0068,0.7648,0.0,1800.0,0.0,6.3001
1438.0,2026-06-05T18:56:02.306064+00:00,77.5963,-0.0327,96.9959,0.0052,0.7648,0.0,1800.0,0.0,6.3001
1438.5,2026-06-05T18:56:02.805760+00:00,77.6087,0.0385,96.8812,-0.0346,0.7648,0.0,1800.0,0.0,6.3
1439.0,2026-06-05T18:56:03.305735+00:00,77.491,-0.034,96.9087,-0.0266,0.7648,0.0,1800.0,0.0,6.3
1439.5,2026-06-05T18:56:03.805551+00:00,77.5278,-0.0262,96.9298,-0.0204,0.7648,0.0,1800.0,0.0,6.3
1440.0,2026-06-05T18:56:04.314070+00:00,77.4288,-0.0837,96.946,-0.0157,0.7648,0.0,1800.0,0.0,6.3
1440.5,2026-06-05T18:56:04.805568+00:00,77.48,-0.0644,96.9585,-0.0121,0.7648,0.0,1800.0,0.0,6.2488
1441.0,2026-06-05T18:56:05.305539+00:00,77.5193,0.0142,96.9681,-0.0093,0.7648,0.0,1800.0,0.0,6.2238
1441.5,2026-06-05T18:56:05.805579+00:00,77.4223,-0.0527,96.9755,0.0314,0.7648,0.0,1800.0,0.0,6.2116
1442.0,2026-06-05T18:56:06.305552+00:00,77.2204,-0.1042,96.8655,-0.0144,0.7648,0.0,1800.0,0.0,6.2057
1442.5,2026-06-05T18:56:06.810822+00:00,77.3198,-0.0801,96.8966,-0.0111,0.7648,0.0,1800.0,0.0,6.2028
1443.0,2026-06-05T18:56:07.305598+00:00,77.1417,-0.1888,97.0362,0.0301,0.7648,0.0,1800.0,0.0,6.2526
1443.5,2026-06-05T18:56:07.805567+00:00,77.0048,-0.2088,97.0278,0.0231,0.7648,0.0,1800.0,0.0,6.2768
1444.0,2026-06-05T18:56:08.305873+00:00,77.1541,-0.0332,96.9057,-0.0208,0.7648,0.0,1800.0,0.0,6.2887
1444.5,2026-06-05T18:56:08.805803+00:00,77.2688,-0.0255,96.8118,-0.0546,0.7648,0.0,1800.0,0.0,6.2945
1445.0,2026-06-05T18:56:09.311385+00:00,77.357,0.1077,96.7397,-0.0419,0.7648,0.0,1800.0,0.0,6.2973
1445.5,2026-06-05T18:56:09.805986+00:00,77.4248,0.21,96.7999,-0.0322,0.7648,0.0,1800.0,0.0,6.2987
1446.0,2026-06-05T18:56:10.305881+00:00,77.4769,0.1614,96.7305,-0.1019,0.7648,0.0,1800.0,0.0,6.2482
1446.500174,2026-06-05T18:56:10.806123+00:00,77.3897,0.0604,96.654,-0.1246,0.7648,0.0,1800.0,0.0,6.2235
1447.0,2026-06-05T18:56:11.305558+00:00,77.3227,-0.0172,96.6184,-0.0958,0.7648,0.0,1800.0,0.0,6.2115
1447.5,2026-06-05T18:56:11.813642+00:00,77.2711,-0.0768,96.7067,-0.035,0.7648,0.0,1800.0,0.0,6.2056
1448.0,2026-06-05T18:56:12.306329+00:00,77.2315,-0.1227,96.7746,0.0116,0.7648,0.0,1800.0,0.0,6.2539
1448.5,2026-06-05T18:56:12.805555+00:00,77.2011,-0.0943,96.8267,0.0089,0.7648,0.0,1800.0,0.0,6.2263
1449.0,2026-06-05T18:56:13.305839+00:00,77.305,-0.0088,96.7511,0.0069,0.7648,0.0,1800.0,0.0,6.2128
1449.5,2026-06-05T18:56:13.805567+00:00,77.2575,-0.0068,96.5773,-0.0256,0.7648,0.0,1800.0,0.0,6.2063
1450.0,2026-06-05T18:56:14.310153+00:00,76.9666,-0.1325,96.4437,-0.0582,0.7648,0.0,1800.0,0.0,6.2031
1450.5,2026-06-05T18:56:14.805569+00:00,77.1247,-0.0382,96.4567,-0.0833,0.7648,0.0,1800.0,0.0,6.2527
1451.0,2026-06-05T18:56:15.305555+00:00,77.2463,-0.0294,96.5825,-0.064,0.7648,0.0,1800.0,0.0,6.2769
1451.5,2026-06-05T18:56:15.805772+00:00,77.2124,-0.0226,96.332,-0.1649,0.7648,0.0,1800.0,0.0,6.3399
1452.0,2026-06-05T18:56:16.305556+00:00,77.1864,0.1099,96.4866,-0.0882,0.7648,0.0,1800.0,0.0,6.3707
1452.5,2026-06-05T18:56:16.810164+00:00,77.4209,0.1481,96.4897,-0.0292,0.7648,0.0,1800.0,0.0,6.3857
1453.0,2026-06-05T18:56:17.305642+00:00,77.4739,0.1138,96.6078,0.0547,0.7648,0.0,1800.0,0.0,6.393
1453.5,2026-06-05T18:56:17.805695+00:00,77.3874,0.0875,96.5828,0.042,0.7648,0.0,1800.0,0.0,6.3966
1454.0,2026-06-05T18:56:18.305570+00:00,77.3209,0.0673,96.6794,0.0323,0.7648,0.0,1800.0,0.0,6.3983
1454.5,2026-06-05T18:56:18.807459+00:00,77.3971,-0.0119,96.7536,0.1405,0.7648,0.0,1800.0,0.0,6.3992
1455.0,2026-06-05T18:56:19.311754+00:00,77.0738,-0.2001,96.8106,0.108,0.7648,0.0,1800.0,0.0,6.3996
1455.5,2026-06-05T18:56:19.805554+00:00,77.2071,-0.0901,96.8544,0.1216,0.7648,0.0,1800.0,0.0,6.3998
1456.0,2026-06-05T18:56:20.305571+00:00,77.3096,-0.0057,96.7724,0.0549,0.7648,0.0,1800.0,0.0,6.3999
1456.5,2026-06-05T18:56:20.805571+00:00,77.2611,-0.068,96.5937,0.0036,0.7648,0.0,1800.0,0.0,6.4
1457.0,2026-06-05T18:56:21.305543+00:00,77.0966,0.0114,96.6877,0.0028,0.7648,0.0,1800.0,0.0,6.4
1457.5,2026-06-05T18:56:21.810065+00:00,77.0973,-0.0549,96.5286,-0.075,0.7648,0.0,1800.0,0.0,6.3488
1458.0,2026-06-05T18:56:22.305563+00:00,77.2252,-0.0422,96.522,-0.0962,0.7648,0.0,1800.0,0.0,6.375
1458.5,2026-06-05T18:56:22.805596+00:00,77.4508,0.0948,96.4937,-0.1202,0.7648,0.0,1800.0,0.0,6.3878
1459.0,2026-06-05T18:56:23.305555+00:00,77.4969,0.2002,96.6109,-0.0538,0.7648,0.0,1800.0,0.0,6.394
1459.5,2026-06-05T18:56:23.805623+00:00,77.5323,0.2175,96.4695,-0.0414,0.7648,0.0,1800.0,0.0,6.3971
1460.0,2026-06-05T18:56:24.310283+00:00,77.5596,0.1672,96.4534,-0.0781,0.7648,0.0,1800.0,0.0,6.3986
1460.5,2026-06-05T18:56:24.805543+00:00,77.4532,0.0012,96.4642,-0.0214,0.7648,0.0,1800.0,0.0,6.3481
1461.0,2026-06-05T18:56:25.305595+00:00,77.4987,0.0009,96.5882,0.0221,0.7648,0.0,1800.0,0.0,6.3235
1461.5,2026-06-05T18:56:25.805540+00:00,77.5337,0.0007,96.5678,0.0247,0.7648,0.0,1800.0,0.0,6.3115
1462.0,2026-06-05T18:56:26.305625+00:00,77.5606,0.0005,96.4364,-0.0582,0.7648,0.0,1800.0,0.0,6.3056
1462.5,2026-06-05T18:56:26.915287+00:00,77.4541,0.0004,96.3123,-0.0524,0.7648,0.0,1800.0,0.0,6.3027
1463.0,2026-06-05T18:56:27.305553+00:00,77.4994,0.0003,96.3557,-0.0326,0.7648,0.0,1800.0,0.0,6.3013
1463.5,2026-06-05T18:56:27.806583+00:00,77.5342,0.0002,96.3891,-0.025,0.7648,0.0,1800.0,0.0,6.3006
1464.0,2026-06-05T18:56:28.305567+00:00,77.561,0.0002,96.4148,-0.0578,0.7648,0.0,1800.0,0.0,6.3003
1464.5,2026-06-05T18:56:28.805534+00:00,77.5816,0.0638,96.6659,0.0327,0.7648,0.0,1800.0,0.0,6.3002
1465.0,2026-06-05T18:56:29.310324+00:00,77.4702,-0.0146,96.6275,0.0637,0.7648,0.0,1800.0,0.0,6.3001
1465.5,2026-06-05T18:56:29.805606+00:00,77.5118,-0.0112,96.598,0.0952,0.7648,0.0,1800.0,0.0,6.3
1466.0,2026-06-05T18:56:30.305569+00:00,77.5438,-0.0086,96.691,0.1118,0.7648,0.0,1800.0,0.0,6.3
1466.5,2026-06-05T18:56:30.805560+00:00,77.5683,-0.0066,96.6468,0.0859,0.7648,0.0,1800.0,0.0,6.3
1467.0,2026-06-05T18:56:31.305567+00:00,77.46,-0.0051,96.6128,0.066,0.7648,0.0,1800.0,0.0,6.3
1467.5,2026-06-05T18:56:31.813670+00:00,77.3767,-0.0676,96.5867,-0.0264,0.7648,0.0,1800.0,0.0,6.3
1468.0,2026-06-05T18:56:32.305664+00:00,77.3127,-0.1156,96.6824,0.0183,0.7648,0.0,1800.0,0.0,6.3
1468.5,2026-06-05T18:56:32.805730+00:00,77.3907,-0.0888,96.7559,0.0526,0.7648,0.0,1800.0,0.0,6.3
1469.0,2026-06-05T18:56:33.305597+00:00,77.3234,-0.0683,96.8124,0.0404,0.7648,0.0,1800.0,0.0,6.3
1469.5,2026-06-05T18:56:33.805820+00:00,77.2717,-0.0525,96.7401,0.0311,0.7648,0.0,1800.0,0.0,6.3
1470.0,2026-06-05T18:56:34.310780+00:00,77.232,-0.0403,96.6845,0.0239,0.7648,0.0,1800.0,0.0,6.3
1470.500804,2026-06-05T18:56:34.806431+00:00,77.3287,-0.031,96.7575,0.0569,0.7648,0.0,1800.0,0.0,6.3
1471.0,2026-06-05T18:56:35.305564+00:00,77.2758,-0.0238,96.5822,-0.0334,0.7648,0.0,1800.0,0.0,6.3
1471.5,2026-06-05T18:56:35.805897+00:00,77.2351,-0.0183,96.4475,-0.1028,0.7648,0.0,1800.0,0.0,6.3
1472.0,2026-06-05T18:56:36.305572+00:00,77.0766,-0.0777,96.4365,-0.1253,0.7648,0.0,1800.0,0.0,6.3
1472.5,2026-06-05T18:56:36.810973+00:00,77.2093,-0.0597,96.3355,-0.1349,0.7648,0.0,1800.0,0.0,6.3
1473.0,2026-06-05T18:56:37.305576+00:00,77.4385,0.0814,96.3736,-0.1037,0.7648,0.0,1800.0,0.0,6.3512
1473.5,2026-06-05T18:56:37.805827+00:00,77.3602,0.0625,96.4028,-0.1182,0.7648,0.0,1800.0,0.0,6.3762
1474.0,2026-06-05T18:56:38.305562+00:00,77.4273,0.1753,96.1939,-0.1294,0.7648,0.0,1800.0,0.0,6.3884
1474.5,2026-06-05T18:56:38.805551+00:00,77.2243,0.0075,96.149,-0.0995,0.7648,0.0,1800.0,0.0,6.3943
1475.0,2026-06-05T18:56:39.310092+00:00,77.3228,-0.0579,96.1146,-0.1073,0.7648,0.0,1800.0,0.0,6.3972
1475.5,2026-06-05T18:56:39.805536+00:00,77.2712,-0.0445,96.0649,-0.0902,0.7648,0.0,1800.0,0.0,6.3474
1476.0,2026-06-05T18:56:40.305536+00:00,77.3589,-0.0342,96.0499,-0.1079,0.7648,0.0,1800.0,0.0,6.3232
1476.5,2026-06-05T18:56:40.805531+00:00,77.4262,0.101,96.0383,-0.1215,0.7648,0.0,1800.0,0.0,6.3113
1477.0,2026-06-05T18:56:41.305642+00:00,77.478,0.0776,96.0295,-0.0548,0.7648,0.0,1800.0,0.0,6.3055
1477.5,2026-06-05T18:56:41.810120+00:00,77.5178,0.1233,96.0227,-0.0421,0.7648,0.0,1800.0,0.0,6.3027
1478.0,2026-06-05T18:56:42.305590+00:00,77.5484,0.0948,96.2488,0.0448,0.7648,0.0,1800.0,0.0,6.3013
1478.5,2026-06-05T18:56:42.805563+00:00,77.4446,0.0092,96.1912,0.0421,0.7648,0.0,1800.0,0.0,6.3006
1479.0,2026-06-05T18:56:43.305550+00:00,77.4922,0.0071,96.2627,0.0709,0.7648,0.0,1800.0,0.0,6.3003
1479.5,2026-06-05T18:56:43.805673+00:00,77.4014,-0.0582,96.2019,0.0545,0.7648,0.0,1800.0,0.0,6.3002
1480.0,2026-06-05T18:56:44.310661+00:00,77.4589,-0.0447,96.2709,0.0805,0.7648,0.0,1800.0,0.0,6.3001
1480.5,2026-06-05T18:56:44.805651+00:00,77.3759,-0.0344,96.3008,0.0927,0.7648,0.0,1800.0,0.0,6.3
1481.0,2026-06-05T18:56:45.305644+00:00,77.5666,0.0372,96.3469,0.0327,0.7648,0.0,1800.0,0.0,6.3
1481.5,2026-06-05T18:56:45.805680+00:00,77.4586,0.0286,96.498,0.1023,0.7648,0.0,1800.0,0.0,6.3
1482.0,2026-06-05T18:56:46.305672+00:00,77.5029,0.022,96.3828,0.04,0.7648,0.0,1800.0,0.0,6.3
1482.5,2026-06-05T18:56:46.814954+00:00,77.5369,0.0805,96.4099,0.0693,0.7648,0.0,1800.0,0.0,6.3
1483.0,2026-06-05T18:56:47.305565+00:00,77.5631,-0.0017,96.315,0.0147,0.7648,0.0,1800.0,0.0,6.3
1483.5,2026-06-05T18:56:47.805884+00:00,77.3287,-0.065,96.3578,0.019,0.7648,0.0,1800.0,0.0,6.3
1484.0,2026-06-05T18:56:48.305552+00:00,77.403,-0.0499,96.275,-0.0239,0.7648,0.0,1800.0,0.0,6.3
1484.5,2026-06-05T18:56:48.805576+00:00,77.3329,-0.102,96.3271,-0.057,0.7648,0.0,1800.0,0.0,6.3
1485.0,2026-06-05T18:56:49.310682+00:00,77.279,-0.142,96.5985,0.0719,0.7648,0.0,1800.0,0.0,6.3
1485.5,2026-06-05T18:56:49.805542+00:00,77.2376,-0.0455,96.5757,0.0553,0.7648,0.0,1800.0,0.0,6.3
1486.0,2026-06-05T18:56:50.305561+00:00,77.333,-0.035,96.7896,0.1582,0.7648,0.0,1800.0,0.0,6.3
1486.5,2026-06-05T18:56:50.805966+00:00,77.2791,-0.0269,96.6069,0.083,0.7648,0.0,1800.0,0.0,6.3
1487.0,2026-06-05T18:56:51.305666+00:00,77.2377,-0.0207,96.6978,0.1409,0.7648,0.0,1800.0,0.0,6.3
1487.5,2026-06-05T18:56:51.811086+00:00,77.4603,0.1114,96.6521,0.1083,0.7648,0.0,1800.0,0.0,6.3
1488.0,2026-06-05T18:56:52.305765+00:00,77.5042,0.0856,96.6169,0.0061,0.7648,0.0,1800.0,0.0,6.3512
1488.5,2026-06-05T18:56:52.805608+00:00,77.538,0.1294,96.7055,0.0433,0.7648,0.0,1800.0,0.0,6.3762
1489.0,2026-06-05T18:56:53.305784+00:00,77.4366,0.0995,96.658,-0.0439,0.7648,0.0,1800.0,0.0,6.3884
1489.5,2026-06-05T18:56:53.806101+00:00,77.3587,-0.0508,96.5983,-0.0029,0.7648,0.0,1800.0,0.0,6.3431
1490.0,2026-06-05T18:56:54.311977+00:00,77.2989,-0.1027,96.3441,-0.1179,0.7648,0.0,1800.0,0.0,6.321
1490.500973,2026-06-05T18:56:54.806575+00:00,77.3801,-0.0789,96.4959,-0.0521,0.7648,0.0,1800.0,0.0,6.3103
1491.0,2026-06-05T18:56:55.305570+00:00,77.3153,-0.0607,96.358,-0.0863,0.7648,0.0,1800.0,0.0,6.305
1491.500604,2026-06-05T18:56:55.806230+00:00,77.3927,0.017,96.1595,-0.182,0.7648,0.0,1800.0,0.0,6.3024
1492.0,2026-06-05T18:56:56.305546+00:00,77.325,0.0131,96.354,-0.1013,0.7648,0.0,1800.0,0.0,6.3012
1492.5,2026-06-05T18:56:56.813126+00:00,77.4002,0.01,96.3878,-0.0702,0.7648,0.0,1800.0,0.0,6.3006
1493.0,2026-06-05T18:56:57.305561+00:00,77.3307,0.0077,96.5294,0.0618,0.7648,0.0,1800.0,0.0,6.3515
1493.5,2026-06-05T18:56:57.805575+00:00,77.2773,-0.0577,96.5226,0.0089,0.7648,0.0,1800.0,0.0,6.3251
1494.0,2026-06-05T18:56:58.305535+00:00,77.3636,0.0193,96.6331,0.0917,0.7648,0.0,1800.0,0.0,6.3123
1494.5,2026-06-05T18:56:58.805576+00:00,77.4299,0.0148,96.4866,0.109,0.7648,0.0,1800.0,0.0,6.306
1495.0,2026-06-05T18:56:59.310536+00:00,77.4808,0.075,96.6054,0.0838,0.7648,0.0,1800.0,0.0,6.3029
1495.5,2026-06-05T18:56:59.805561+00:00,77.52,0.1213,96.4653,0.0258,0.7648,0.0,1800.0,0.0,6.3014
1496.0,2026-06-05T18:57:00.305679+00:00,77.4228,0.0296,96.589,0.0199,0.7648,0.0,1800.0,0.0,6.3007
1496.5,2026-06-05T18:57:00.805686+00:00,77.6026,0.0864,96.4527,-0.0233,0.7648,0.0,1800.0,0.0,6.3003
1497.0,2026-06-05T18:57:01.305606+00:00,77.6136,0.0664,96.5794,-0.0179,0.7648,0.0,1800.0,0.0,6.3002
1497.500574,2026-06-05T18:57:01.813837+00:00,77.4947,-0.0126,96.6767,0.0634,0.7648,0.0,1800.0,0.0,6.3001
1498.0,2026-06-05T18:57:02.305714+00:00,77.4034,-0.0097,96.6358,0.0101,0.7648,0.0,1800.0,0.0,6.3
1498.5,2026-06-05T18:57:02.805554+00:00,77.5877,-0.0074,96.7201,0.0849,0.7648,0.0,1800.0,0.0,6.3
1499.0,2026-06-05T18:57:03.305892+00:00,77.6021,-0.0057,96.6692,0.0267,0.7648,0.0,1800.0,0.0,6.3
1499.5,2026-06-05T18:57:03.805550+00:00,77.3587,-0.068,96.63,0.0591,0.7648,0.0,1800.0,0.0,6.2488
1500.0,2026-06-05T18:57:04.310347+00:00,77.2988,-0.0523,96.4842,-0.0317,0.7648,0.0,1800.0,0.0,6.2238
1500.5,2026-06-05T18:57:04.805575+00:00,77.2528,-0.1675,96.349,-0.1092,0.7648,0.0,1800.0,0.0,6.2628
1501.0,2026-06-05T18:57:05.305613+00:00,77.3447,-0.1287,96.1526,-0.1611,0.7648,0.0,1800.0,0.0,6.2307
1501.5,2026-06-05T18:57:05.805564+00:00,77.4154,0.0283,96.233,-0.1624,0.7648,0.0,1800.0,0.0,6.215
1502.0,2026-06-05T18:57:06.305553+00:00,77.2151,-0.0419,96.1791,-0.1634,0.7648,0.0,1800.0,0.0,6.2073
1502.5,2026-06-05T18:57:06.810777+00:00,77.3157,0.0315,96.2533,-0.1256,0.7648,0.0,1800.0,0.0,6.2036
1503.0,2026-06-05T18:57:07.305653+00:00,77.1386,-0.1031,96.4261,-0.0194,0.7648,0.0,1800.0,0.0,6.2529
1503.5,2026-06-05T18:57:07.805534+00:00,77.3842,-0.0156,96.3275,-0.0072,0.7648,0.0,1800.0,0.0,6.277
1504.0,2026-06-05T18:57:08.305547+00:00,77.3184,0.0516,96.4831,0.1102,0.7648,0.0,1800.0,0.0,6.2888
1504.5,2026-06-05T18:57:08.805686+00:00,77.2679,-0.0239,96.3713,0.0461,0.7648,0.0,1800.0,0.0,6.2945
1505.0,2026-06-05T18:57:09.312377+00:00,77.229,0.0452,96.4011,0.074,0.7648,0.0,1800.0,0.0,6.2973
1505.5,2026-06-05T18:57:09.805991+00:00,77.1992,-0.0925,96.424,0.0569,0.7648,0.0,1800.0,0.0,6.2987
1506.0,2026-06-05T18:57:10.305558+00:00,77.049,-0.1347,96.3259,-0.0334,0.7648,0.0,1800.0,0.0,6.3506
1506.5,2026-06-05T18:57:10.805644+00:00,77.0608,-0.1036,96.3662,0.0129,0.7648,0.0,1800.0,0.0,6.3247
1507.0,2026-06-05T18:57:11.305822+00:00,77.0698,-0.0796,96.2814,-0.0672,0.7648,0.0,1800.0,0.0,6.312
1507.5,2026-06-05T18:57:11.810276+00:00,77.0768,-0.0612,96.2163,-0.0517,0.7648,0.0,1800.0,0.0,6.3059
1508.0,2026-06-05T18:57:12.305599+00:00,77.2095,0.0803,96.3977,-0.0011,0.7648,0.0,1800.0,0.0,6.3541
1508.5,2026-06-05T18:57:12.805659+00:00,77.1841,0.0617,96.4213,-0.0009,0.7648,0.0,1800.0,0.0,6.3264
1509.0,2026-06-05T18:57:13.305787+00:00,77.2919,0.111,96.3238,-0.0007,0.7648,0.0,1800.0,0.0,6.3129
1509.5,2026-06-05T18:57:13.805877+00:00,76.993,-0.0419,96.1332,-0.0777,0.7648,0.0,1800.0,0.0,6.3063
1510.0,2026-06-05T18:57:14.313259+00:00,77.0177,-0.0959,96.2181,-0.0211,0.7648,0.0,1800.0,0.0,6.3031
1510.5,2026-06-05T18:57:14.805577+00:00,77.0368,-0.0737,96.2833,0.0223,0.7648,0.0,1800.0,0.0,6.3527
1511.0,2026-06-05T18:57:15.305541+00:00,76.9241,-0.1839,96.3335,-0.0214,0.7648,0.0,1800.0,0.0,6.3769
1511.5,2026-06-05T18:57:15.805586+00:00,77.0921,0.0496,96.4877,0.0221,0.7648,0.0,1800.0,0.0,6.3887
1512.0,2026-06-05T18:57:16.305550+00:00,77.2212,0.1017,96.4905,0.0556,0.7648,0.0,1800.0,0.0,6.3945
1512.5,2026-06-05T18:57:16.810452+00:00,77.3204,0.1418,96.377,0.0813,0.7648,0.0,1800.0,0.0,6.3461
1513.0,2026-06-05T18:57:17.305600+00:00,77.2694,0.1726,96.2666,0.0162,0.7648,0.0,1800.0,0.0,6.3225
1513.5,2026-06-05T18:57:17.805655+00:00,77.3575,0.1327,96.3206,0.0124,0.7648,0.0,1800.0,0.0,6.311
1514.0,2026-06-05T18:57:18.305538+00:00,77.4252,0.102,96.3621,0.0096,0.7648,0.0,1800.0,0.0,6.3054
1514.5,2026-06-05T18:57:18.805546+00:00,77.4772,0.0784,96.5097,0.0074,0.7648,0.0,1800.0,0.0,6.3026
1515.0,2026-06-05T18:57:19.314731+00:00,77.2626,-0.0034,96.5075,0.0056,0.7648,0.0,1800.0,0.0,6.3013
1515.5,2026-06-05T18:57:19.805554+00:00,77.225,-0.0662,96.3901,0.0043,0.7648,0.0,1800.0,0.0,6.3006
1516.0,2026-06-05T18:57:20.305550+00:00,77.3234,-0.0509,96.2767,0.0033,0.7648,0.0,1800.0,0.0,6.3003
1516.5,2026-06-05T18:57:20.805783+00:00,77.2717,-0.1028,96.2126,-0.036,0.7648,0.0,1800.0,0.0,6.3001
1517.0,2026-06-05T18:57:21.305641+00:00,77.3592,0.0483,96.0477,-0.1048,0.7648,0.0,1800.0,0.0,6.3001
1517.5,2026-06-05T18:57:21.810448+00:00,77.2992,0.0371,96.0367,-0.1577,0.7648,0.0,1800.0,0.0,6.3
1518.0,2026-06-05T18:57:22.305841+00:00,77.2531,-0.0351,96.2596,-0.0826,0.7648,0.0,1800.0,0.0,6.3
1518.5,2026-06-05T18:57:22.805813+00:00,77.4722,0.1003,96.3152,-0.0249,0.7648,0.0,1800.0,0.0,6.3
1519.0,2026-06-05T18:57:23.305814+00:00,77.3861,0.0134,96.3348,0.0194,0.7648,0.0,1800.0,0.0,6.3
1519.5,2026-06-05T18:57:23.805765+00:00,77.4472,0.074,96.3731,0.0535,0.7648,0.0,1800.0,0.0,6.3
1520.0,2026-06-05T18:57:24.315637+00:00,77.3668,0.0569,96.4024,0.1182,0.7648,0.0,1800.0,0.0,6.3
1520.5,2026-06-05T18:57:24.805590+00:00,77.5596,0.0437,96.425,0.1294,0.7648,0.0,1800.0,0.0,6.3
1521.0,2026-06-05T18:57:25.305555+00:00,77.8351,0.2245,96.5581,0.0995,0.7648,0.0,1800.0,0.0,6.3
1521.5,2026-06-05T18:57:25.805534+00:00,77.5377,0.0453,96.5446,0.0765,0.7648,0.0,1800.0,0.0,6.3
1522.0,2026-06-05T18:57:26.305549+00:00,77.4364,0.0348,96.65,0.1051,0.7648,0.0,1800.0,0.0,6.3
1522.5,2026-06-05T18:57:26.810332+00:00,77.3586,-0.1005,96.6153,0.0807,0.7648,0.0,1800.0,0.0,6.2488
1523.0,2026-06-05T18:57:27.305590+00:00,77.426,-0.2045,96.5886,0.0621,0.7648,0.0,1800.0,0.0,6.275
1523.5,2026-06-05T18:57:27.805541+00:00,77.3506,-0.0936,96.6838,0.0863,0.7648,0.0,1800.0,0.0,6.2878
1524.0,2026-06-05T18:57:28.305532+00:00,77.4199,-0.0083,96.757,0.0663,0.7648,0.0,1800.0,0.0,6.294
1524.5,2026-06-05T18:57:28.805550+00:00,77.4731,0.0573,96.8132,0.0895,0.7648,0.0,1800.0,0.0,6.2971
1525.0,2026-06-05T18:57:29.310821+00:00,77.6413,0.1077,96.7407,0.0302,0.7648,0.0,1800.0,0.0,6.2986
1525.5,2026-06-05T18:57:29.805544+00:00,77.6433,0.1464,96.685,0.0232,0.7648,0.0,1800.0,0.0,6.3505
1526.0,2026-06-05T18:57:30.305588+00:00,77.3903,-0.0148,96.6191,0.0102,0.7648,0.0,1800.0,0.0,6.3758
1526.5,2026-06-05T18:57:30.805673+00:00,77.4504,-0.0113,96.7072,0.0078,0.7648,0.0,1800.0,0.0,6.337
1527.0,2026-06-05T18:57:31.306068+00:00,77.4966,-0.0724,96.6593,-0.0326,0.7648,0.0,1800.0,0.0,6.3181
1527.5,2026-06-05T18:57:31.812161+00:00,77.5321,-0.0556,96.5993,-0.0713,0.7648,0.0,1800.0,0.0,6.3088
1528.0,2026-06-05T18:57:32.305549+00:00,77.4321,0.0209,96.4606,-0.0934,0.7648,0.0,1800.0,0.0,6.3043
1528.5,2026-06-05T18:57:32.805532+00:00,77.3553,-0.0476,96.5854,-0.0332,0.7648,0.0,1800.0,0.0,6.3021
1529.0,2026-06-05T18:57:33.305560+00:00,77.2962,-0.1002,96.5657,-0.0178,0.7648,0.0,1800.0,0.0,6.301
1529.5,2026-06-05T18:57:33.805547+00:00,77.2508,-0.1407,96.6662,-0.0137,0.7648,0.0,1800.0,0.0,6.3005
1530.0,2026-06-05T18:57:34.310957+00:00,77.3432,-0.0445,96.6277,-0.0105,0.7648,0.0,1800.0,0.0,6.3002
1530.5,2026-06-05T18:57:34.805566+00:00,77.4142,0.0295,96.7139,0.0382,0.7648,0.0,1800.0,0.0,6.3001
1531.0,2026-06-05T18:57:35.305558+00:00,77.4687,0.0863,96.6644,0.0679,0.7648,0.0,1800.0,0.0,6.3001
1531.5,2026-06-05T18:57:35.805592+00:00,77.5107,0.1299,96.5106,-0.0249,0.7648,0.0,1800.0,0.0,6.3
1532.0,2026-06-05T18:57:36.305555+00:00,77.4157,0.0362,96.5082,-0.0192,0.7648,0.0,1800.0,0.0,6.3
1532.5,2026-06-05T18:57:36.813593+00:00,77.3426,-0.0358,96.5063,-0.0533,0.7648,0.0,1800.0,0.0,6.3
1533.0,2026-06-05T18:57:37.305672+00:00,77.4137,-0.0275,96.5048,-0.041,0.7648,0.0,1800.0,0.0,6.3
1533.5,2026-06-05T18:57:37.805550+00:00,77.4684,-0.0211,96.5037,-0.07,0.7648,0.0,1800.0,0.0,6.3
1534.0,2026-06-05T18:57:38.305815+00:00,77.3832,-0.0162,96.6186,-0.0153,0.7648,0.0,1800.0,0.0,6.3
1534.5,2026-06-05T18:57:38.805640+00:00,77.4449,0.0511,96.5911,0.0268,0.7648,0.0,1800.0,0.0,6.3
1535.0,2026-06-05T18:57:39.313126+00:00,77.4924,0.0393,96.4543,-0.0179,0.7648,0.0,1800.0,0.0,6.3
1535.5,2026-06-05T18:57:39.805600+00:00,77.4016,-0.0334,96.5806,0.0248,0.7648,0.0,1800.0,0.0,6.3
1536.0,2026-06-05T18:57:40.305555+00:00,77.4591,0.0379,96.6777,0.0576,0.7648,0.0,1800.0,0.0,6.3
1536.5,2026-06-05T18:57:40.805930+00:00,77.5032,0.0292,96.6365,0.0443,0.7648,0.0,1800.0,0.0,6.3
1537.0,2026-06-05T18:57:41.305574+00:00,77.4099,-0.0412,96.7206,0.034,0.7648,0.0,1800.0,0.0,6.3
1537.5,2026-06-05T18:57:41.809993+00:00,77.4655,0.032,96.7853,0.0647,0.7648,0.0,1800.0,0.0,6.3
1538.0,2026-06-05T18:57:42.305833+00:00,77.3809,-0.0391,96.7193,0.0883,0.7648,0.0,1800.0,0.0,6.3
1538.5,2026-06-05T18:57:42.805815+00:00,77.5704,0.0336,96.6685,0.0293,0.7648,0.0,1800.0,0.0,6.3
1539.0,2026-06-05T18:57:43.305556+00:00,77.4616,0.0258,96.7452,0.0225,0.7648,0.0,1800.0,0.0,6.3
1539.5,2026-06-05T18:57:43.805614+00:00,77.2506,-0.1074,96.8042,0.0559,0.7648,0.0,1800.0,0.0,6.3
1540.0,2026-06-05T18:57:44.312096+00:00,77.3431,-0.0189,96.7338,0.0044,0.7648,0.0,1800.0,0.0,6.3
1540.5,2026-06-05T18:57:44.805754+00:00,77.2868,-0.1418,96.7954,0.0034,0.7648,0.0,1800.0,0.0,6.3
1541.0,2026-06-05T18:57:45.305716+00:00,77.2436,-0.109,96.8427,0.0412,0.7648,0.0,1800.0,0.0,6.3
1541.5,2026-06-05T18:57:45.806119+00:00,77.2104,-0.0201,96.7634,0.0316,0.7648,0.0,1800.0,0.0,6.2488
1542.0,2026-06-05T18:57:46.305869+00:00,77.0576,-0.1428,96.7025,-0.0143,0.7648,0.0,1800.0,0.0,6.2238
1542.5,2026-06-05T18:57:46.812225+00:00,77.1946,-0.0461,96.7713,-0.011,0.7648,0.0,1800.0,0.0,6.2116
1543.0,2026-06-05T18:57:47.305561+00:00,77.3,0.0282,96.7085,-0.0084,0.7648,0.0,1800.0,0.0,6.2569
1543.5,2026-06-05T18:57:47.805545+00:00,77.2537,0.0217,96.776,-0.0065,0.7648,0.0,1800.0,0.0,6.279
1544.0,2026-06-05T18:57:48.305587+00:00,77.0909,0.0167,96.7121,-0.0435,0.7648,0.0,1800.0,0.0,6.2897
1544.5,2026-06-05T18:57:48.805557+00:00,77.3475,0.0764,96.663,-0.0335,0.7648,0.0,1800.0,0.0,6.2438
1545.0,2026-06-05T18:57:49.310484+00:00,77.5448,0.1224,96.741,0.0128,0.7648,0.0,1800.0,0.0,6.2214
1545.5,2026-06-05T18:57:49.805547+00:00,77.5691,0.1577,96.6852,-0.0287,0.7648,0.0,1800.0,0.0,6.2104
1546.0,2026-06-05T18:57:50.305593+00:00,77.4606,0.1848,96.6424,-0.0221,0.7648,0.0,1800.0,0.0,6.2051
1546.5,2026-06-05T18:57:50.805545+00:00,77.2499,-0.0488,96.7251,-0.017,0.7648,0.0,1800.0,0.0,6.2025
1547.0,2026-06-05T18:57:51.305686+00:00,77.2152,-0.1648,96.673,-0.013,0.7648,0.0,1800.0,0.0,6.2012
1547.5,2026-06-05T18:57:51.812916+00:00,77.1885,-0.1903,96.633,-0.01,0.7648,0.0,1800.0,0.0,6.2006
1548.0,2026-06-05T18:57:52.305853+00:00,77.2953,-0.0826,96.4865,-0.0848,0.7648,0.0,1800.0,0.0,6.2515
1548.5,2026-06-05T18:57:52.805785+00:00,77.2501,0.0001,96.6053,-0.0266,0.7648,0.0,1800.0,0.0,6.2763
1549.0,2026-06-05T18:57:53.305916+00:00,77.2154,0.0001,96.4653,-0.059,0.7648,0.0,1800.0,0.0,6.2884
1549.5,2026-06-05T18:57:53.805566+00:00,77.1887,0.0001,96.4733,-0.0839,0.7648,0.0,1800.0,0.0,6.2944
1550.0,2026-06-05T18:57:54.314040+00:00,77.2954,0.0001,96.4795,-0.0645,0.7648,0.0,1800.0,0.0,6.2972
1550.5,2026-06-05T18:57:54.807650+00:00,77.2502,0.0,96.2528,-0.1267,0.7648,0.0,1800.0,0.0,6.2987
1551.0,2026-06-05T18:57:55.305635+00:00,77.0882,-0.0636,96.4257,-0.0203,0.7648,0.0,1800.0,0.0,6.2993
1551.5,2026-06-05T18:57:55.805571+00:00,77.0909,-0.0489,96.4429,-0.0541,0.7648,0.0,1800.0,0.0,6.2997
1552.0,2026-06-05T18:57:56.305570+00:00,76.9657,-0.1648,96.2247,-0.0802,0.7648,0.0,1800.0,0.0,6.351
1552.5,2026-06-05T18:57:56.810972+00:00,76.9968,-0.1267,96.2884,-0.0616,0.7648,0.0,1800.0,0.0,6.3761
1553.0,2026-06-05T18:57:57.305548+00:00,77.0207,-0.0337,96.2217,-0.0859,0.7648,0.0,1800.0,0.0,6.3883
1553.5,2026-06-05T18:57:57.805581+00:00,77.039,-0.0259,96.2861,0.0111,0.7648,0.0,1800.0,0.0,6.3943
1554.0,2026-06-05T18:57:58.305571+00:00,77.1804,0.1073,96.3356,-0.03,0.7648,0.0,1800.0,0.0,6.3972
1554.5,2026-06-05T18:57:58.805597+00:00,77.1618,0.0825,96.4893,0.0155,0.7648,0.0,1800.0,0.0,6.3474
1555.0,2026-06-05T18:57:59.310652+00:00,77.2748,0.127,96.3761,0.0505,0.7648,0.0,1800.0,0.0,6.3232
1555.5,2026-06-05T18:57:59.805655+00:00,77.2343,0.0976,96.4048,0.0388,0.7648,0.0,1800.0,0.0,6.3113
1556.0,2026-06-05T18:58:00.305543+00:00,77.3305,0.0751,96.4268,0.0684,0.7648,0.0,1800.0,0.0,6.3055
1556.5,2026-06-05T18:58:00.805710+00:00,77.1499,-0.006,96.4437,0.0526,0.7648,0.0,1800.0,0.0,6.3027
1557.0,2026-06-05T18:58:01.305695+00:00,77.1384,-0.0682,96.2254,-0.0367,0.7648,0.0,1800.0,0.0,6.3013
1557.5,2026-06-05T18:58:01.809759+00:00,77.2568,0.0112,96.2889,-0.0668,0.7648,0.0,1800.0,0.0,6.3006
1558.0,2026-06-05T18:58:02.306079+00:00,77.3477,0.0086,96.3378,-0.0128,0.7648,0.0,1800.0,0.0,6.3003
1558.5,2026-06-05T18:58:02.805726+00:00,77.4177,0.1339,96.3753,-0.0098,0.7648,0.0,1800.0,0.0,6.3002
1559.0,2026-06-05T18:58:03.305961+00:00,77.4714,0.1665,96.2885,-0.0461,0.7648,0.0,1800.0,0.0,6.3001
1559.5,2026-06-05T18:58:03.805674+00:00,77.5128,0.128,96.2217,-0.074,0.7648,0.0,1800.0,0.0,6.3
1560.0,2026-06-05T18:58:04.310503+00:00,77.5445,0.0984,96.2861,0.0202,0.7648,0.0,1800.0,0.0,6.3
1560.5,2026-06-05T18:58:04.805838+00:00,77.4417,0.012,96.3356,0.0156,0.7648,0.0,1800.0,0.0,6.3
1561.0,2026-06-05T18:58:05.305691+00:00,77.3626,-0.0544,96.4893,0.0505,0.7648,0.0,1800.0,0.0,6.3
1561.5,2026-06-05T18:58:05.805699+00:00,77.4291,-0.0418,96.3761,0.0003,0.7648,0.0,1800.0,0.0,6.3512
1562.0,2026-06-05T18:58:06.305998+00:00,77.3529,-0.0958,96.1734,-0.0384,0.7648,0.0,1800.0,0.0,6.3762
1562.5,2026-06-05T18:58:06.813961+00:00,77.4217,-0.01,96.3647,0.0476,0.7648,0.0,1800.0,0.0,6.3372
1563.0,2026-06-05T18:58:07.305570+00:00,77.4745,0.056,96.396,0.0366,0.7648,0.0,1800.0,0.0,6.3693
1563.5,2026-06-05T18:58:07.805551+00:00,77.5151,0.043,96.3043,-0.0104,0.7648,0.0,1800.0,0.0,6.3338
1564.0,2026-06-05T18:58:08.305537+00:00,77.4191,0.0331,96.2339,-0.0851,0.7648,0.0,1800.0,0.0,6.3165
1564.5,2026-06-05T18:58:08.805587+00:00,77.5998,0.089,96.1798,-0.0654,0.7648,0.0,1800.0,0.0,6.3081
1565.0,2026-06-05T18:58:09.310481+00:00,77.7387,0.1321,96.3696,0.0654,0.7648,0.0,1800.0,0.0,6.3039
1565.5,2026-06-05T18:58:09.805551+00:00,77.4636,-0.0258,96.3998,0.0117,0.7648,0.0,1800.0,0.0,6.3019
1566.0,2026-06-05T18:58:10.305536+00:00,77.3795,-0.0198,96.423,0.009,0.7648,0.0,1800.0,0.0,6.3009
1566.5,2026-06-05T18:58:10.805654+00:00,77.3148,-0.1425,96.4408,0.0455,0.7648,0.0,1800.0,0.0,6.3005
1567.0,2026-06-05T18:58:11.305586+00:00,77.5196,-0.1095,96.4545,0.0735,0.7648,0.0,1800.0,0.0,6.3002
1567.5,2026-06-05T18:58:11.813429+00:00,77.6771,0.1067,96.465,0.0951,0.7648,0.0,1800.0,0.0,6.3001
1568.0,2026-06-05T18:58:12.305559+00:00,77.7981,0.2093,96.3574,-0.0041,0.7648,0.0,1800.0,0.0,6.3001
1568.5,2026-06-05T18:58:12.805550+00:00,77.7638,0.2245,96.2747,-0.0417,0.7648,0.0,1800.0,0.0,6.3
1569.0,2026-06-05T18:58:13.305561+00:00,77.6102,0.0453,96.3268,-0.032,0.7648,0.0,1800.0,0.0,6.3
1569.5,2026-06-05T18:58:13.805842+00:00,77.4921,-0.0925,96.2281,-0.0709,0.7648,0.0,1800.0,0.0,6.3
1570.0,2026-06-05T18:58:14.310234+00:00,77.5287,-0.1347,95.9439,-0.1702,0.7648,0.0,1800.0,0.0,6.3
1570.5,2026-06-05T18:58:14.805541+00:00,77.3022,-0.2308,96.0494,-0.1385,0.7648,0.0,1800.0,0.0,6.3
1571.0,2026-06-05T18:58:15.305575+00:00,77.51,-0.0501,96.038,-0.1065,0.7648,0.0,1800.0,0.0,6.3
1571.5,2026-06-05T18:58:15.805557+00:00,77.6696,0.0887,96.0292,-0.0818,0.7648,0.0,1800.0,0.0,6.3
1572.0,2026-06-05T18:58:16.306124+00:00,77.6651,0.0682,96.1381,-0.0629,0.7648,0.0,1800.0,0.0,6.3
1572.5,2026-06-05T18:58:16.811768+00:00,77.5343,0.1161,96.1062,-0.0406,0.7648,0.0,1800.0,0.0,6.2488
1573.0,2026-06-05T18:58:17.305639+00:00,77.4338,-0.0381,96.1973,0.0845,0.7648,0.0,1800.0,0.0,6.275
1573.5,2026-06-05T18:58:17.805569+00:00,77.4838,-0.0929,96.1517,0.0341,0.7648,0.0,1800.0,0.0,6.2878
1574.0,2026-06-05T18:58:18.309723+00:00,77.395,-0.135,96.1166,0.0262,0.7648,0.0,1800.0,0.0,6.294
1574.5,2026-06-05T18:58:18.805576+00:00,77.454,-0.0402,96.2053,0.0587,0.7648,0.0,1800.0,0.0,6.2971
1575.0,2026-06-05T18:58:19.311137+00:00,77.2448,-0.0945,96.1578,0.0065,0.7648,0.0,1800.0,0.0,6.2986
1575.5,2026-06-05T18:58:19.805851+00:00,77.4659,-0.009,96.1213,0.005,0.7648,0.0,1800.0,0.0,6.2993
1576.0,2026-06-05T18:58:20.305542+00:00,77.2539,-0.0705,96.2089,0.0039,0.7648,0.0,1800.0,0.0,6.2997
1576.5,2026-06-05T18:58:20.805565+00:00,77.3456,-0.0542,96.2763,0.0415,0.7648,0.0,1800.0,0.0,6.2998
1577.0,2026-06-05T18:58:21.305572+00:00,77.416,0.0856,96.0966,-0.0066,0.7648,0.0,1800.0,0.0,6.2999
1577.5,2026-06-05T18:58:21.812256+00:00,77.5974,0.0658,96.19,-0.0051,0.7648,0.0,1800.0,0.0,6.3
1578.0,2026-06-05T18:58:22.305552+00:00,77.4823,0.1142,96.2617,0.0346,0.7648,0.0,1800.0,0.0,6.3512
1578.5,2026-06-05T18:58:22.805782+00:00,77.2666,-0.0395,96.3169,0.0652,0.7648,0.0,1800.0,0.0,6.325
1579.0,2026-06-05T18:58:23.305542+00:00,77.228,-0.094,96.3592,0.0501,0.7648,0.0,1800.0,0.0,6.3122
1579.5,2026-06-05T18:58:23.805573+00:00,77.1984,-0.1995,96.6232,0.1156,0.7648,0.0,1800.0,0.0,6.3059
1580.0,2026-06-05T18:58:24.312345+00:00,77.1756,-0.1533,96.5947,0.166,0.7648,0.0,1800.0,0.0,6.3541
1580.5,2026-06-05T18:58:24.806995+00:00,77.2854,0.0094,96.6885,0.1662,0.7648,0.0,1800.0,0.0,6.3776
1581.0,2026-06-05T18:58:25.305527+00:00,77.2425,0.0072,96.6449,0.1277,0.7648,0.0,1800.0,0.0,6.3891
1581.5,2026-06-05T18:58:25.805663+00:00,77.3368,0.0692,96.727,0.1367,0.7648,0.0,1800.0,0.0,6.3947
1582.0,2026-06-05T18:58:26.305632+00:00,77.282,0.0532,96.7902,0.1437,0.7648,0.0,1800.0,0.0,6.3974
1582.5,2026-06-05T18:58:26.815638+00:00,77.2399,-0.0228,96.8388,0.0718,0.7648,0.0,1800.0,0.0,6.3987
1583.0,2026-06-05T18:58:27.305687+00:00,77.3348,0.0461,96.8761,0.0938,0.7648,0.0,1800.0,0.0,6.3994
1583.5,2026-06-05T18:58:27.805541+00:00,77.2805,-0.0282,96.9047,0.0721,0.7648,0.0,1800.0,0.0,6.3997
1584.0,2026-06-05T18:58:28.305573+00:00,77.2387,-0.0217,96.9268,0.094,0.7648,0.0,1800.0,0.0,6.3999
1584.5,2026-06-05T18:58:28.805865+00:00,77.3339,0.047,96.9437,0.0722,0.7648,0.0,1800.0,0.0,6.3999
1585.0,2026-06-05T18:58:29.310455+00:00,77.407,0.0361,96.9567,0.0555,0.7648,0.0,1800.0,0.0,6.4
1585.5,2026-06-05T18:58:29.805753+00:00,77.336,0.0278,96.9668,0.0427,0.7648,0.0,1800.0,0.0,6.3488
1586.0,2026-06-05T18:58:30.305963+00:00,77.4086,0.085,96.8587,-0.0058,0.7648,0.0,1800.0,0.0,6.3238
1586.5,2026-06-05T18:58:30.805550+00:00,77.3372,0.0017,96.7757,-0.043,0.7648,0.0,1800.0,0.0,6.3116
1587.0,2026-06-05T18:58:31.305570+00:00,77.4096,0.0013,96.5962,-0.1102,0.7648,0.0,1800.0,0.0,6.3057
1587.5,2026-06-05T18:58:31.811336+00:00,77.5925,0.1283,96.3426,-0.2004,0.7648,0.0,1800.0,0.0,6.3028
1588.0,2026-06-05T18:58:32.305597+00:00,77.3513,-0.0287,96.379,-0.1926,0.7648,0.0,1800.0,0.0,6.3526
1588.5,2026-06-05T18:58:32.805768+00:00,77.2931,-0.0221,96.2913,-0.2252,0.7648,0.0,1800.0,0.0,6.3256
1589.0,2026-06-05T18:58:33.305561+00:00,77.2484,-0.0806,96.3396,-0.1731,0.7648,0.0,1800.0,0.0,6.3125
1589.5,2026-06-05T18:58:33.805562+00:00,77.2141,-0.1892,96.4924,-0.0944,0.7648,0.0,1800.0,0.0,6.3061
1590.0,2026-06-05T18:58:34.314610+00:00,77.315,-0.0182,96.4942,-0.034,0.7648,0.0,1800.0,0.0,6.303
1590.5,2026-06-05T18:58:34.806023+00:00,77.3925,0.0497,96.3798,0.0124,0.7648,0.0,1800.0,0.0,6.3015
1591.0,2026-06-05T18:58:35.305559+00:00,77.5793,0.1655,96.5233,0.0481,0.7648,0.0,1800.0,0.0,6.3007
1591.5,2026-06-05T18:58:35.805533+00:00,77.5957,0.1908,96.5179,0.0755,0.7648,0.0,1800.0,0.0,6.3003
1592.0,2026-06-05T18:58:36.305580+00:00,77.6083,0.1467,96.5138,0.0581,0.7648,0.0,1800.0,0.0,6.3002
1592.5,2026-06-05T18:58:36.810890+00:00,77.3634,-0.0146,96.5106,0.0061,0.7648,0.0,1800.0,0.0,6.3001
1593.0,2026-06-05T18:58:37.305553+00:00,77.3024,-0.1385,96.2767,-0.0725,0.7648,0.0,1800.0,0.0,6.3
1593.5,2026-06-05T18:58:37.805836+00:00,77.2556,-0.1701,96.3284,-0.0171,0.7648,0.0,1800.0,0.0,6.3
1594.0,2026-06-05T18:58:38.305610+00:00,77.2196,-0.1943,96.2524,-0.0903,0.7648,0.0,1800.0,0.0,6.3
1594.5,2026-06-05T18:58:38.805532+00:00,77.1919,-0.0857,96.2866,-0.0771,0.7648,0.0,1800.0,0.0,6.3
1595.0,2026-06-05T18:58:39.310952+00:00,77.1706,-0.0659,96.1046,-0.1364,0.7648,0.0,1800.0,0.0,6.3
1595.5,2026-06-05T18:58:39.805657+00:00,77.2816,0.013,96.1961,-0.1048,0.7648,0.0,1800.0,0.0,6.3
1596.0,2026-06-05T18:58:40.305586+00:00,77.1123,-0.0537,96.3821,0.0351,0.7648,0.0,1800.0,0.0,6.3
1596.5,2026-06-05T18:58:40.805542+00:00,77.1094,-0.0412,96.5251,0.0656,0.7648,0.0,1800.0,0.0,6.3
1597.0,2026-06-05T18:58:41.305863+00:00,77.2345,0.0319,96.5193,0.089,0.7648,0.0,1800.0,0.0,6.3
1597.5,2026-06-05T18:58:41.811802+00:00,77.0761,-0.1027,96.5148,0.0761,0.7648,0.0,1800.0,0.0,6.3
1598.0,2026-06-05T18:58:42.305575+00:00,77.0817,-0.0153,96.6271,0.1742,0.7648,0.0,1800.0,0.0,6.3
1598.5,2026-06-05T18:58:42.805555+00:00,77.0859,-0.0118,96.5977,0.1339,0.7648,0.0,1800.0,0.0,6.3
1599.0,2026-06-05T18:58:43.306099+00:00,77.2164,-0.009,96.5751,0.0643,0.7648,0.0,1800.0,0.0,6.3
1599.5,2026-06-05T18:58:43.805565+00:00,77.3168,0.1203,96.6734,0.0494,0.7648,0.0,1800.0,0.0,6.3
1600.0,2026-06-05T18:58:44.313190+00:00,77.1393,0.0288,96.749,0.0766,0.7648,0.0,1800.0,0.0,6.3
1600.5,2026-06-05T18:58:44.805558+00:00,77.1302,0.0222,96.6914,0.0589,0.7648,0.0,1800.0,0.0,6.3
1601.0,2026-06-05T18:58:45.305566+00:00,77.2505,0.017,96.7628,0.0452,0.7648,0.0,1800.0,0.0,6.3
1601.5,2026-06-05T18:58:45.805647+00:00,77.3429,0.0131,96.8177,0.0733,0.7648,0.0,1800.0,0.0,6.3
1602.0,2026-06-05T18:58:46.305552+00:00,77.414,0.1373,96.7442,0.0564,0.7648,0.0,1800.0,0.0,6.3
1602.5,2026-06-05T18:58:46.810441+00:00,77.3413,0.1056,96.8034,0.0433,0.7648,0.0,1800.0,0.0,6.3
1603.0,2026-06-05T18:58:47.305553+00:00,77.2855,0.0175,96.8489,0.0333,0.7648,0.0,1800.0,0.0,6.3
1603.5,2026-06-05T18:58:47.805710+00:00,77.4971,0.0771,96.7681,0.0256,0.7648,0.0,1800.0,0.0,6.3
1604.0,2026-06-05T18:58:48.305806+00:00,77.5325,0.0592,96.8218,0.0197,0.7648,0.0,1800.0,0.0,6.3
1604.5,2026-06-05T18:58:48.806022+00:00,77.5597,0.1092,96.863,0.0151,0.7648,0.0,1800.0,0.0,6.3
1605.0,2026-06-05T18:58:49.312934+00:00,77.5806,0.1475,96.5476,-0.0655,0.7648,0.0,1800.0,0.0,6.3
1605.5,2026-06-05T18:58:49.805929+00:00,77.4694,-0.0139,96.5366,-0.0889,0.7648,0.0,1800.0,0.0,6.3
1606.0,2026-06-05T18:58:50.305578+00:00,77.3839,-0.0743,96.6438,-0.0683,0.7648,0.0,1800.0,0.0,6.3
1606.5,2026-06-05T18:58:50.805545+00:00,77.4455,-0.0571,96.6106,-0.0525,0.7648,0.0,1800.0,0.0,6.3
1607.0,2026-06-05T18:58:51.305572+00:00,77.3655,-0.1075,96.3536,-0.1561,0.7648,0.0,1800.0,0.0,6.3
1607.5,2026-06-05T18:58:51.812728+00:00,77.3041,-0.0826,96.2718,-0.1971,0.7648,0.0,1800.0,0.0,6.2488
1608.0,2026-06-05T18:58:52.305556+00:00,77.2569,-0.0635,96.3246,-0.0744,0.7648,0.0,1800.0,0.0,6.275
1608.5,2026-06-05T18:58:52.805547+00:00,77.2206,-0.1125,96.3652,-0.0571,0.7648,0.0,1800.0,0.0,6.2878
1609.0,2026-06-05T18:58:53.305561+00:00,76.9381,-0.2137,96.3964,-0.0825,0.7648,0.0,1800.0,0.0,6.294
1609.5,2026-06-05T18:58:53.805611+00:00,76.9756,-0.1643,96.536,-0.0248,0.7648,0.0,1800.0,0.0,6.2971
1610.0,2026-06-05T18:58:54.310296+00:00,77.1316,-0.0626,96.6434,0.0966,0.7648,0.0,1800.0,0.0,6.2986
1610.5,2026-06-05T18:58:54.805728+00:00,77.1243,-0.0481,96.7259,0.1514,0.7648,0.0,1800.0,0.0,6.2993
1611.0,2026-06-05T18:58:55.305547+00:00,76.8642,-0.037,96.6736,0.1164,0.7648,0.0,1800.0,0.0,6.2997
1611.5,2026-06-05T18:58:55.805634+00:00,77.1733,0.0988,96.6335,0.0894,0.7648,0.0,1800.0,0.0,6.351
1612.0,2026-06-05T18:58:56.305809+00:00,77.1563,0.0123,96.6026,0.0687,0.7648,0.0,1800.0,0.0,6.3249
1612.5,2026-06-05T18:58:56.810503+00:00,77.016,-0.0542,96.6945,0.0528,0.7648,0.0,1800.0,0.0,6.3122
1613.0,2026-06-05T18:58:57.305580+00:00,77.1627,0.1493,96.5338,-0.0365,0.7648,0.0,1800.0,0.0,6.3059
1613.5,2026-06-05T18:58:57.806149+00:00,77.2755,0.0511,96.6417,-0.0281,0.7648,0.0,1800.0,0.0,6.3029
1614.0,2026-06-05T18:58:58.305966+00:00,77.3621,0.1029,96.6089,-0.0216,0.7648,0.0,1800.0,0.0,6.3014
1614.5,2026-06-05T18:58:58.806005+00:00,77.3015,0.1427,96.5837,-0.0166,0.7648,0.0,1800.0,0.0,6.3007
1615.0,2026-06-05T18:58:59.313001+00:00,77.2549,0.0461,96.4486,-0.0513,0.7648,0.0,1800.0,0.0,6.3003
1615.5,2026-06-05T18:58:59.805575+00:00,77.3463,0.0354,96.4605,-0.078,0.7648,0.0,1800.0,0.0,6.3002
1616.0,2026-06-05T18:59:00.305640+00:00,77.4166,0.0272,96.4697,-0.0214,0.7648,0.0,1800.0,0.0,6.3001
1616.5,2026-06-05T18:59:00.805529+00:00,77.216,-0.0427,96.4767,-0.055,0.7648,0.0,1800.0,0.0,6.3
1617.0,2026-06-05T18:59:01.305546+00:00,77.1892,-0.0328,96.2507,-0.1194,0.7648,0.0,1800.0,0.0,6.3
1617.5,2026-06-05T18:59:01.811674+00:00,77.1686,-0.0889,96.1927,-0.1303,0.7648,0.0,1800.0,0.0,6.2488
1618.0,2026-06-05T18:59:02.305562+00:00,77.1527,-0.1319,96.2638,-0.0616,0.7648,0.0,1800.0,0.0,6.275
1618.5,2026-06-05T18:59:02.805549+00:00,77.0132,-0.1014,96.2027,-0.0859,0.7648,0.0,1800.0,0.0,6.2878
1619.0,2026-06-05T18:59:03.305848+00:00,77.1606,-0.0143,96.2715,-0.066,0.7648,0.0,1800.0,0.0,6.2941
1619.5,2026-06-05T18:59:03.805612+00:00,77.1466,-0.011,96.3244,-0.0508,0.7648,0.0,1800.0,0.0,6.2971
1620.0,2026-06-05T18:59:04.312082+00:00,77.2631,0.0552,96.2493,-0.0004,0.7648,0.0,1800.0,0.0,6.2986
1620.5,2026-06-05T18:59:04.805773+00:00,77.3526,0.1697,96.1916,-0.0003,0.7648,0.0,1800.0,0.0,6.2481
1621.0,2026-06-05T18:59:05.305576+00:00,77.2941,0.0668,96.3787,0.0383,0.7648,0.0,1800.0,0.0,6.2235
1621.5,2026-06-05T18:59:05.805556+00:00,77.3765,0.115,96.2911,0.0294,0.7648,0.0,1800.0,0.0,6.2115
1622.0,2026-06-05T18:59:06.305908+00:00,77.3125,0.0247,96.3394,0.0226,0.7648,0.0,1800.0,0.0,6.2056
1622.5,2026-06-05T18:59:06.812015+00:00,77.2633,-0.0446,96.2609,-0.0212,0.7648,0.0,1800.0,0.0,6.2027
1623.0,2026-06-05T18:59:07.305874+00:00,77.3528,0.0293,96.3162,0.0223,0.7648,0.0,1800.0,0.0,6.2013
1623.5,2026-06-05T18:59:07.805656+00:00,77.4216,0.0225,96.3587,0.0557,0.7648,0.0,1800.0,0.0,6.2006
1624.0,2026-06-05T18:59:08.305629+00:00,77.2199,-0.0463,96.5071,0.0428,0.7648,0.0,1800.0,0.0,6.2003
1624.5,2026-06-05T18:59:08.805558+00:00,77.1922,-0.0356,96.5055,0.0715,0.7648,0.0,1800.0,0.0,6.2002
1625.0,2026-06-05T18:59:09.314573+00:00,77.2981,-0.0274,96.5042,0.0549,0.7648,0.0,1800.0,0.0,6.2001
1625.5,2026-06-05T18:59:09.805799+00:00,77.5068,0.0426,96.3875,0.0422,0.7648,0.0,1800.0,0.0,6.2
1626.0,2026-06-05T18:59:10.305575+00:00,77.4127,0.0964,96.4136,0.0325,0.7648,0.0,1800.0,0.0,6.2
1626.5,2026-06-05T18:59:10.805569+00:00,77.4676,0.1377,96.4336,0.0249,0.7648,0.0,1800.0,0.0,6.2
1627.0,2026-06-05T18:59:11.305558+00:00,77.3825,0.0422,96.0787,-0.1428,0.7648,0.0,1800.0,0.0,6.2
1627.5,2026-06-05T18:59:11.812121+00:00,77.3171,-0.0948,96.0605,-0.1483,0.7648,0.0,1800.0,0.0,6.2
1628.0,2026-06-05T18:59:12.305575+00:00,77.5214,0.0544,96.0465,-0.1526,0.7648,0.0,1800.0,0.0,6.2
1628.5,2026-06-05T18:59:12.805537+00:00,77.4239,-0.0218,96.2671,-0.0401,0.7648,0.0,1800.0,0.0,6.2
1629.0,2026-06-05T18:59:13.305566+00:00,77.349,-0.0168,96.321,-0.0308,0.7648,0.0,1800.0,0.0,6.2
1629.5,2026-06-05T18:59:13.805579+00:00,77.2914,-0.0129,96.2467,-0.0623,0.7648,0.0,1800.0,0.0,6.2
1630.0,2026-06-05T18:59:14.309796+00:00,77.3743,-0.0735,96.1896,0.037,0.7648,0.0,1800.0,0.0,6.2
1630.5,2026-06-05T18:59:14.805560+00:00,77.3109,-0.0565,96.2615,0.067,0.7648,0.0,1800.0,0.0,6.2512
1631.0,2026-06-05T18:59:15.305573+00:00,77.2621,-0.0434,96.3167,0.0901,0.7648,0.0,1800.0,0.0,6.2762
1631.5,2026-06-05T18:59:15.805542+00:00,77.0973,-0.097,96.3591,0.0307,0.7648,0.0,1800.0,0.0,6.2884
1632.0,2026-06-05T18:59:16.305808+00:00,77.0979,-0.1382,96.276,-0.015,0.7648,0.0,1800.0,0.0,6.2943
1632.5,2026-06-05T18:59:16.810507+00:00,77.0984,-0.1062,96.4435,0.0656,0.7648,0.0,1800.0,0.0,6.2972
1633.0,2026-06-05T18:59:17.305846+00:00,77.226,-0.018,96.5723,0.1276,0.7648,0.0,1800.0,0.0,6.3498
1633.5,2026-06-05T18:59:17.805862+00:00,77.3241,0.1134,96.5556,0.098,0.7648,0.0,1800.0,0.0,6.3243
1634.0,2026-06-05T18:59:18.306116+00:00,77.145,0.0235,96.5427,0.0754,0.7648,0.0,1800.0,0.0,6.3119
1634.5,2026-06-05T18:59:18.805651+00:00,77.1346,0.0181,96.5328,0.0579,0.7648,0.0,1800.0,0.0,6.3058
1635.0,2026-06-05T18:59:19.314653+00:00,76.9993,-0.1134,96.5252,0.0831,0.7648,0.0,1800.0,0.0,6.3028
1635.5,2026-06-05T18:59:19.805692+00:00,76.8953,-0.2144,96.5194,0.0253,0.7648,0.0,1800.0,0.0,6.3014
1636.0,2026-06-05T18:59:20.307295+00:00,77.07,-0.0375,96.5149,-0.0191,0.7648,0.0,1800.0,0.0,6.3007
1636.5,2026-06-05T18:59:20.805631+00:00,77.0769,-0.0288,96.5115,-0.0147,0.7648,0.0,1800.0,0.0,6.3003
1637.001089,2026-06-05T18:59:21.307463+00:00,76.955,-0.0222,96.5088,-0.0113,0.7648,0.0,1800.0,0.0,6.3002
1637.5,2026-06-05T18:59:21.811666+00:00,77.1158,0.1102,96.6225,0.0299,0.7648,0.0,1800.0,0.0,6.3001
1638.0,2026-06-05T18:59:22.305555+00:00,76.9849,-0.0425,96.5941,0.023,0.7648,0.0,1800.0,0.0,6.3
1638.5,2026-06-05T18:59:22.805549+00:00,76.8843,-0.0963,96.5492,0.0099,0.7648,0.0,1800.0,0.0,6.3
1639.0,2026-06-05T18:59:23.308160+00:00,77.0614,0.0532,96.5378,0.0076,0.7648,0.0,1800.0,0.0,6.3
1639.5,2026-06-05T18:59:23.805619+00:00,77.1976,0.0409,96.5291,0.0059,0.7648,0.0,1800.0,0.0,6.3
1640.0,2026-06-05T18:59:24.312728+00:00,77.3023,0.1587,96.5223,0.0045,0.7648,0.0,1800.0,0.0,6.3
1640.5,2026-06-05T18:59:24.805550+00:00,77.51,0.3129,96.5172,-0.0351,0.7648,0.0,1800.0,0.0,6.3
1641.0,2026-06-05T18:59:25.305578+00:00,77.4152,0.1769,96.5132,-0.027,0.7648,0.0,1800.0,0.0,6.3
1641.5,2026-06-05T18:59:25.805569+00:00,77.0877,-0.055,96.5101,-0.013,0.7648,0.0,1800.0,0.0,6.3
1642.0,2026-06-05T18:59:26.305583+00:00,76.9633,-0.1695,96.6235,0.0286,0.7648,0.0,1800.0,0.0,6.3
1642.5,2026-06-05T18:59:26.812304+00:00,77.2494,-0.1303,96.5949,0.022,0.7648,0.0,1800.0,0.0,6.3
1643.0,2026-06-05T18:59:27.305705+00:00,77.3421,-0.0365,96.6887,0.0554,0.7648,0.0,1800.0,0.0,6.3
1643.5,2026-06-05T18:59:27.805885+00:00,77.1588,0.0356,96.645,0.0426,0.7648,0.0,1800.0,0.0,6.3
1644.0,2026-06-05T18:59:28.305651+00:00,77.1452,0.091,96.4957,-0.0058,0.7648,0.0,1800.0,0.0,6.3
1644.5,2026-06-05T18:59:28.805835+00:00,77.0075,-0.121,96.381,-0.043,0.7648,0.0,1800.0,0.0,6.3
1645.0,2026-06-05T18:59:29.311451+00:00,77.0289,-0.1566,96.2929,-0.1102,0.7648,0.0,1800.0,0.0,6.3
1645.5,2026-06-05T18:59:29.805567+00:00,77.1726,0.0069,96.3408,-0.0847,0.7648,0.0,1800.0,0.0,6.3
1646.0,2026-06-05T18:59:30.305976+00:00,77.1558,0.0053,96.4933,-0.0651,0.7648,0.0,1800.0,0.0,6.3
1646.5,2026-06-05T18:59:30.805599+00:00,77.1429,0.0677,96.4949,-0.05,0.7648,0.0,1800.0,0.0,6.3
1647.0,2026-06-05T18:59:31.306545+00:00,77.133,0.052,96.3804,-0.0385,0.7648,0.0,1800.0,0.0,6.3
1647.5,2026-06-05T18:59:31.814243+00:00,77.2526,0.04,96.408,0.009,0.7648,0.0,1800.0,0.0,6.2488
1648.0,2026-06-05T18:59:32.305550+00:00,77.3446,0.0944,96.4293,0.0455,0.7648,0.0,1800.0,0.0,6.275
1648.5,2026-06-05T18:59:32.805528+00:00,77.288,0.0725,96.5614,0.0735,0.7648,0.0,1800.0,0.0,6.2878
1649.0,2026-06-05T18:59:33.305562+00:00,77.1172,-0.0079,96.5472,0.0179,0.7648,0.0,1800.0,0.0,6.294
1649.5,2026-06-05T18:59:33.805536+00:00,77.2405,-0.0061,96.5363,0.0138,0.7648,0.0,1800.0,0.0,6.2971
1650.0,2026-06-05T18:59:34.312020+00:00,77.0807,-0.1319,96.6436,0.0877,0.7648,0.0,1800.0,0.0,6.2986
1650.5,2026-06-05T18:59:34.805553+00:00,77.3397,0.0259,96.6103,0.0674,0.7648,0.0,1800.0,0.0,6.2481
1651.0,2026-06-05T18:59:35.305538+00:00,77.4115,0.1472,96.7005,0.0904,0.7648,0.0,1800.0,0.0,6.2235
1651.5,2026-06-05T18:59:35.805565+00:00,77.3394,0.0495,96.6541,0.0309,0.7648,0.0,1800.0,0.0,6.2115
1652.0,2026-06-05T18:59:36.305568+00:00,77.4113,0.1653,96.7342,0.0623,0.7648,0.0,1800.0,0.0,6.2056
1652.5,2026-06-05T18:59:36.911796+00:00,77.3393,-0.0002,96.68,0.0479,0.7648,0.0,1800.0,0.0,6.2027
1653.0,2026-06-05T18:59:37.305542+00:00,77.2839,-0.0638,96.6383,-0.0017,0.7648,0.0,1800.0,0.0,6.2525
1653.5,2026-06-05T18:59:37.805832+00:00,77.2413,-0.049,96.5832,-0.0091,0.7648,0.0,1800.0,0.0,6.2256
1654.0,2026-06-05T18:59:38.305668+00:00,77.3359,-0.0377,96.5639,-0.0455,0.7648,0.0,1800.0,0.0,6.2125
1654.5,2026-06-05T18:59:38.806176+00:00,77.154,-0.0926,96.6648,0.0036,0.7648,0.0,1800.0,0.0,6.2061
1655.0,2026-06-05T18:59:39.314814+00:00,77.3961,0.0561,96.6267,-0.0358,0.7648,0.0,1800.0,0.0,6.2542
1655.5,2026-06-05T18:59:39.806049+00:00,77.2003,-0.0205,96.4817,-0.0661,0.7648,0.0,1800.0,0.0,6.2776
1656.0,2026-06-05T18:59:40.305565+00:00,77.1771,-0.0794,96.6016,-0.0122,0.7648,0.0,1800.0,0.0,6.2891
1656.5,2026-06-05T18:59:40.805579+00:00,77.2865,0.0662,96.4624,-0.0403,0.7648,0.0,1800.0,0.0,6.2947
1657.0,2026-06-05T18:59:41.305541+00:00,77.2434,-0.0764,96.5868,0.0076,0.7648,0.0,1800.0,0.0,6.2974
1657.5,2026-06-05T18:59:41.811005+00:00,77.2102,0.0049,96.5667,-0.0327,0.7648,0.0,1800.0,0.0,6.2987
1658.0,2026-06-05T18:59:42.305569+00:00,77.0574,-0.0598,96.5513,-0.0251,0.7648,0.0,1800.0,0.0,6.2994
1658.5,2026-06-05T18:59:42.805541+00:00,76.94,-0.1733,96.5394,0.0192,0.7648,0.0,1800.0,0.0,6.2997
1659.0,2026-06-05T18:59:43.305553+00:00,76.977,-0.1332,96.1832,-0.1395,0.7648,0.0,1800.0,0.0,6.2999
1659.5,2026-06-05T18:59:43.805550+00:00,77.1328,-0.0387,96.1408,-0.1072,0.7648,0.0,1800.0,0.0,6.2999
1660.0,2026-06-05T18:59:44.311345+00:00,77.1252,0.0339,96.2239,-0.121,0.7648,0.0,1800.0,0.0,6.3
1660.5,2026-06-05T18:59:44.805558+00:00,77.1193,0.0897,96.0564,-0.1701,0.7648,0.0,1800.0,0.0,6.3
1661.0,2026-06-05T18:59:45.305552+00:00,77.1149,0.0689,96.1591,-0.1307,0.7648,0.0,1800.0,0.0,6.3
1661.5,2026-06-05T18:59:45.805554+00:00,77.1114,-0.0107,96.2379,-0.1005,0.7648,0.0,1800.0,0.0,6.3
1662.0,2026-06-05T18:59:46.305622+00:00,77.1088,-0.0082,96.4143,0.077,0.7648,0.0,1800.0,0.0,6.3
1662.5,2026-06-05T18:59:46.811049+00:00,77.1068,-0.0063,96.3184,0.0592,0.7648,0.0,1800.0,0.0,6.3
1663.0,2026-06-05T18:59:47.305780+00:00,77.2325,0.0588,96.4761,0.0841,0.7648,0.0,1800.0,0.0,6.3
1663.5,2026-06-05T18:59:47.805567+00:00,76.9473,-0.0821,96.366,0.1032,0.7648,0.0,1800.0,0.0,6.3
1664.0,2026-06-05T18:59:48.305559+00:00,76.9826,-0.0631,96.397,0.0793,0.7648,0.0,1800.0,0.0,6.3
1664.5,2026-06-05T18:59:48.806462+00:00,77.0098,-0.0485,96.3051,0.0224,0.7648,0.0,1800.0,0.0,6.3512
1665.0,2026-06-05T18:59:49.411748+00:00,76.9034,-0.1645,96.2345,-0.0599,0.7648,0.0,1800.0,0.0,6.3762
1665.5,2026-06-05T18:59:49.805570+00:00,76.9489,0.0008,96.2959,-0.0075,0.7648,0.0,1800.0,0.0,6.3884
1666.0,2026-06-05T18:59:50.305542+00:00,76.9838,0.0006,96.3432,-0.0443,0.7648,0.0,1800.0,0.0,6.3943
1666.5,2026-06-05T18:59:50.805783+00:00,77.0107,0.0005,96.3795,0.0045,0.7648,0.0,1800.0,0.0,6.3972
1667.0,2026-06-05T18:59:51.305610+00:00,77.1587,0.1276,96.2916,-0.0351,0.7648,0.0,1800.0,0.0,6.3986
1667.5,2026-06-05T18:59:51.812009+00:00,77.1451,0.0981,96.3399,0.0116,0.7648,0.0,1800.0,0.0,6.3993
1668.0,2026-06-05T18:59:52.306838+00:00,77.2619,0.139,96.3769,0.0475,0.7648,0.0,1800.0,0.0,6.3997
1668.5,2026-06-05T18:59:52.806110+00:00,77.2245,0.1069,96.4054,0.0365,0.7648,0.0,1800.0,0.0,6.3998
1669.0,2026-06-05T18:59:53.305556+00:00,77.0684,-0.0451,96.4273,0.028,0.7648,0.0,1800.0,0.0,6.3999
1669.5,2026-06-05T18:59:53.805547+00:00,77.203,0.0289,96.3284,-0.017,0.7648,0.0,1800.0,0.0,6.4
1670.0,2026-06-05T18:59:54.313029+00:00,76.9246,-0.1687,96.4838,0.0641,0.7648,0.0,1800.0,0.0,6.4
1670.5,2026-06-05T18:59:54.805589+00:00,76.8379,-0.1933,96.4876,0.0492,0.7648,0.0,1800.0,0.0,6.4
1671.0,2026-06-05T18:59:55.305555+00:00,77.0258,-0.0213,96.4904,0.0378,0.7648,0.0,1800.0,0.0,6.4
1671.5,2026-06-05T18:59:55.805541+00:00,76.7885,-0.2073,96.4927,0.0291,0.7648,0.0,1800.0,0.0,6.4
1672.0,2026-06-05T18:59:56.305593+00:00,76.9878,0.0316,96.7258,0.0995,0.7648,0.0,1800.0,0.0,6.4
1672.5,2026-06-05T18:59:56.810259+00:00,77.141,0.1516,96.7892,0.1536,0.7648,0.0,1800.0,0.0,6.3488
1673.0,2026-06-05T18:59:57.306021+00:00,77.1315,0.0529,96.7223,0.0795,0.7648,0.0,1800.0,0.0,6.375
1673.5,2026-06-05T18:59:57.805614+00:00,77.1242,0.1679,96.7866,0.0997,0.7648,0.0,1800.0,0.0,6.3366
1674.0,2026-06-05T18:59:58.305598+00:00,77.3732,0.1927,96.7202,0.0766,0.7648,0.0,1800.0,0.0,6.3179
1674.5,2026-06-05T18:59:58.805619+00:00,77.31,0.0845,96.6693,0.0589,0.7648,0.0,1800.0,0.0,6.3087
1675.0,2026-06-05T18:59:59.310525+00:00,77.3886,0.1285,96.7458,0.0067,0.7648,0.0,1800.0,0.0,6.3043
1675.500011,2026-06-05T18:59:59.806110+00:00,77.4491,0.1624,96.6889,-0.0334,0.7648,0.0,1800.0,0.0,6.3021
1676.0,2026-06-05T19:00:00.305579+00:00,77.3683,-0.0024,96.7609,0.0129,0.7648,0.0,1800.0,0.0,6.301
1676.5,2026-06-05T19:00:00.805570+00:00,77.3062,-0.0019,96.8162,0.0099,0.7648,0.0,1800.0,0.0,6.3005
1677.0,2026-06-05T19:00:01.305542+00:00,77.1312,-0.1287,96.6274,-0.031,0.7648,0.0,1800.0,0.0,6.3002
1677.5,2026-06-05T19:00:01.810210+00:00,77.2513,-0.0989,96.7136,0.0148,0.7648,0.0,1800.0,0.0,6.3001
1678.0,2026-06-05T19:00:02.305557+00:00,77.3436,-0.0124,96.7799,0.0114,0.7648,0.0,1800.0,0.0,6.3001
1678.5,2026-06-05T19:00:02.805545+00:00,77.5417,0.1177,96.8308,0.0473,0.7648,0.0,1800.0,0.0,6.3
1679.0,2026-06-05T19:00:03.305775+00:00,77.5668,0.2178,96.87,0.0363,0.7648,0.0,1800.0,0.0,6.3
1679.5,2026-06-05T19:00:03.805736+00:00,77.586,0.1674,96.7843,-0.0106,0.7648,0.0,1800.0,0.0,6.3
1680.0,2026-06-05T19:00:04.311362+00:00,77.6008,0.1286,96.7185,0.0304,0.7648,0.0,1800.0,0.0,6.3
1680.5,2026-06-05T19:00:04.805558+00:00,77.6122,0.0352,96.7837,0.0234,0.7648,0.0,1800.0,0.0,6.3
1681.0,2026-06-05T19:00:05.305862+00:00,77.7482,0.0907,96.8337,0.018,0.7648,0.0,1800.0,0.0,6.3
1681.5,2026-06-05T19:00:05.805550+00:00,77.5982,0.0061,96.7565,-0.0248,0.7648,0.0,1800.0,0.0,6.3
1682.0,2026-06-05T19:00:06.305753+00:00,77.6102,0.0047,96.9286,0.0195,0.7648,0.0,1800.0,0.0,6.3
1682.5,2026-06-05T19:00:06.812935+00:00,77.6194,0.0036,96.9451,0.0536,0.7648,0.0,1800.0,0.0,6.3
1683.0,2026-06-05T19:00:07.305625+00:00,77.372,-0.1881,96.7264,0.0026,0.7648,0.0,1800.0,0.0,6.3
1683.500856,2026-06-05T19:00:07.806504+00:00,77.4363,-0.081,96.7897,0.002,0.7648,0.0,1800.0,0.0,6.3
1684.0,2026-06-05T19:00:08.305923+00:00,77.3585,-0.1259,96.7227,-0.037,0.7648,0.0,1800.0,0.0,6.3512
1684.5,2026-06-05T19:00:08.805529+00:00,77.2987,-0.1604,96.6711,-0.0285,0.7648,0.0,1800.0,0.0,6.3762
1685.0,2026-06-05T19:00:09.314174+00:00,77.38,0.004,96.7472,-0.0604,0.7648,0.0,1800.0,0.0,6.3884
1685.5,2026-06-05T19:00:09.805545+00:00,77.4424,0.0031,96.8057,-0.0465,0.7648,0.0,1800.0,0.0,6.3943
1686.0,2026-06-05T19:00:10.305534+00:00,77.3632,0.0024,96.8507,0.0414,0.7648,0.0,1800.0,0.0,6.3972
1686.5,2026-06-05T19:00:10.805579+00:00,77.3023,0.0018,96.8852,0.0318,0.7648,0.0,1800.0,0.0,6.3986
1687.0,2026-06-05T19:00:11.305547+00:00,77.3828,0.0014,96.9118,0.063,0.7648,0.0,1800.0,0.0,6.3993
1687.5,2026-06-05T19:00:11.810145+00:00,77.4446,0.0011,96.9322,0.087,0.7648,0.0,1800.0,0.0,6.3485
1688.0,2026-06-05T19:00:12.305656+00:00,77.2376,-0.0628,96.9479,0.0669,0.7648,0.0,1800.0,0.0,6.3237
1688.5,2026-06-05T19:00:12.805627+00:00,77.333,0.0154,96.9599,0.0514,0.7648,0.0,1800.0,0.0,6.3115
1689.0,2026-06-05T19:00:13.305818+00:00,77.4064,0.0118,96.9692,0.0395,0.7648,0.0,1800.0,0.0,6.3056
1689.5,2026-06-05T19:00:13.805545+00:00,77.4627,0.0091,96.8606,-0.0082,0.7648,0.0,1800.0,0.0,6.3027
1690.0,2026-06-05T19:00:14.315846+00:00,77.5061,0.1342,96.8929,-0.0063,0.7648,0.0,1800.0,0.0,6.3013
1690.5,2026-06-05T19:00:14.805571+00:00,77.4121,0.0395,96.9177,-0.0048,0.7648,0.0,1800.0,0.0,6.3007
1691.0,2026-06-05T19:00:15.305657+00:00,77.4672,0.0304,96.821,-0.0423,0.7648,0.0,1800.0,0.0,6.3003
1691.5,2026-06-05T19:00:15.805957+00:00,77.3822,-0.0403,96.8624,-0.0325,0.7648,0.0,1800.0,0.0,6.3002
1692.0,2026-06-05T19:00:16.305548+00:00,77.1896,-0.1582,96.8943,-0.025,0.7648,0.0,1800.0,0.0,6.3001
1692.5,2026-06-05T19:00:16.810343+00:00,77.2962,-0.058,96.9187,0.0194,0.7648,0.0,1800.0,0.0,6.3
1693.0,2026-06-05T19:00:17.305549+00:00,77.2508,-0.1082,96.9375,0.0149,0.7648,0.0,1800.0,0.0,6.3512
1693.5,2026-06-05T19:00:17.805696+00:00,77.3431,-0.0195,96.952,0.0114,0.7648,0.0,1800.0,0.0,6.325
1694.0,2026-06-05T19:00:18.305549+00:00,77.2869,0.0486,96.8474,0.0088,0.7648,0.0,1800.0,0.0,6.3122
1694.5,2026-06-05T19:00:18.805886+00:00,77.2436,-0.0263,96.8827,0.0068,0.7648,0.0,1800.0,0.0,6.306
1695.0,2026-06-05T19:00:19.310662+00:00,77.2104,-0.0202,96.9099,0.0052,0.7648,0.0,1800.0,0.0,6.3029
1695.5,2026-06-05T19:00:19.805647+00:00,77.3121,-0.0155,96.9307,0.004,0.7648,0.0,1800.0,0.0,6.3014
1696.0,2026-06-05T19:00:20.305790+00:00,77.3903,0.0517,96.9467,0.0031,0.7648,0.0,1800.0,0.0,6.3007
1696.5,2026-06-05T19:00:20.806969+00:00,77.3231,0.0397,96.8434,-0.0362,0.7648,0.0,1800.0,0.0,6.3003
1697.0,2026-06-05T19:00:21.305560+00:00,77.526,0.1578,96.8796,0.0107,0.7648,0.0,1800.0,0.0,6.3002
1697.5,2026-06-05T19:00:21.811476+00:00,77.5547,0.1213,96.9075,0.0083,0.7648,0.0,1800.0,0.0,6.3001
1698.0,2026-06-05T19:00:22.305573+00:00,77.4495,0.0296,96.8132,-0.0322,0.7648,0.0,1800.0,0.0,6.3
1698.5,2026-06-05T19:00:22.805622+00:00,77.4959,0.0864,96.8564,-0.0248,0.7648,0.0,1800.0,0.0,6.3
1699.0,2026-06-05T19:00:23.305528+00:00,77.4043,-0.0609,96.8896,-0.019,0.7648,0.0,1800.0,0.0,6.3
1699.5,2026-06-05T19:00:23.805670+00:00,77.3339,-0.1104,96.9152,0.0239,0.7648,0.0,1800.0,0.0,6.3
1700.0,2026-06-05T19:00:24.311530+00:00,77.2798,-0.0849,96.9348,0.0184,0.7648,0.0,1800.0,0.0,6.3
1700.5,2026-06-05T19:00:24.805577+00:00,77.3654,-0.0652,96.9499,0.0141,0.7648,0.0,1800.0,0.0,6.3
1701.0,2026-06-05T19:00:25.305594+00:00,77.5585,0.0771,96.8458,0.0109,0.7648,0.0,1800.0,0.0,6.3
1701.5,2026-06-05T19:00:25.805749+00:00,77.5797,0.1229,96.8815,0.0084,0.7648,0.0,1800.0,0.0,6.3
1702.0,2026-06-05T19:00:26.305550+00:00,77.596,0.1581,96.9089,0.0064,0.7648,0.0,1800.0,0.0,6.3
1702.5,2026-06-05T19:00:26.810837+00:00,77.6085,0.1215,96.93,0.0049,0.7648,0.0,1800.0,0.0,6.3
1703.0,2026-06-05T19:00:27.305581+00:00,77.7454,0.0934,96.8305,-0.0348,0.7648,0.0,1800.0,0.0,6.3
1703.50073,2026-06-05T19:00:27.806374+00:00,77.596,0.0082,96.754,-0.0653,0.7648,0.0,1800.0,0.0,6.3
1704.0,2026-06-05T19:00:28.305534+00:00,77.354,-0.121,96.8109,-0.0116,0.7648,0.0,1800.0,0.0,6.3
1704.5,2026-06-05T19:00:28.805549+00:00,77.4225,-0.093,96.8547,-0.0089,0.7648,0.0,1800.0,0.0,6.3
1705.0,2026-06-05T19:00:29.312777+00:00,77.4751,-0.1351,96.8883,-0.0069,0.7648,0.0,1800.0,0.0,6.3
1705.5,2026-06-05T19:00:29.805892+00:00,77.5156,-0.0402,96.9142,-0.0053,0.7648,0.0,1800.0,0.0,6.3
1706.0,2026-06-05T19:00:30.305799+00:00,77.4194,0.0327,96.8183,-0.0041,0.7648,0.0,1800.0,0.0,6.3
1706.5,2026-06-05T19:00:30.805594+00:00,77.3455,-0.0385,96.8604,0.0355,0.7648,0.0,1800.0,0.0,6.3
1707.0,2026-06-05T19:00:31.306106+00:00,77.416,-0.0296,96.777,-0.0113,0.7648,0.0,1800.0,0.0,6.3
1707.5,2026-06-05T19:00:31.813220+00:00,77.3429,-0.0864,96.8286,-0.0087,0.7648,0.0,1800.0,0.0,6.3
1708.0,2026-06-05T19:00:32.305858+00:00,77.4139,-0.0027,96.8682,-0.0067,0.7648,0.0,1800.0,0.0,6.3
1708.5,2026-06-05T19:00:32.805686+00:00,77.3413,-0.0021,97.0144,0.0334,0.7648,0.0,1800.0,0.0,6.3
1709.0,2026-06-05T19:00:33.305629+00:00,77.4127,-0.0016,97.0111,0.0643,0.7648,0.0,1800.0,0.0,6.3
1709.5,2026-06-05T19:00:33.805722+00:00,77.3404,-0.0012,96.8928,0.0108,0.7648,0.0,1800.0,0.0,6.3
1710.0,2026-06-05T19:00:34.311073+00:00,77.2847,-0.0646,96.8019,0.0083,0.7648,0.0,1800.0,0.0,6.3
1710.5,2026-06-05T19:00:34.805535+00:00,77.242,-0.0496,96.7321,-0.0322,0.7648,0.0,1800.0,0.0,6.3
1711.0,2026-06-05T19:00:35.305548+00:00,77.0819,-0.1654,96.7941,-0.0247,0.7648,0.0,1800.0,0.0,6.3
1711.5,2026-06-05T19:00:35.805554+00:00,77.2133,-0.0635,96.8417,-0.0576,0.7648,0.0,1800.0,0.0,6.3
1712.0,2026-06-05T19:00:36.305537+00:00,77.4416,0.0785,96.7626,-0.0828,0.7648,0.0,1800.0,0.0,6.3
1712.5,2026-06-05T19:00:36.811199+00:00,77.3626,0.0603,96.7019,-0.0637,0.7648,0.0,1800.0,0.0,6.3
1713.0,2026-06-05T19:00:37.305535+00:00,77.1746,0.0463,96.7709,-0.0104,0.7648,0.0,1800.0,0.0,6.3
1713.5,2026-06-05T19:00:37.805540+00:00,77.1573,-0.028,96.7082,-0.008,0.7648,0.0,1800.0,0.0,6.3
1714.0,2026-06-05T19:00:38.305557+00:00,77.2713,-0.0852,96.7757,-0.0061,0.7648,0.0,1800.0,0.0,6.3
1714.5,2026-06-05T19:00:38.805676+00:00,76.8499,-0.2564,96.8276,-0.0047,0.7648,0.0,1800.0,0.0,6.3
1715.0,2026-06-05T19:00:39.311274+00:00,77.035,-0.0698,96.7518,-0.0036,0.7648,0.0,1800.0,0.0,6.3
1715.5,2026-06-05T19:00:39.805650+00:00,77.0501,-0.0536,96.6935,-0.0028,0.7648,0.0,1800.0,0.0,6.3
1716.0,2026-06-05T19:00:40.305554+00:00,76.6798,-0.2958,96.6487,-0.0407,0.7648,0.0,1800.0,0.0,6.3
1716.5,2026-06-05T19:00:40.808212+00:00,76.9043,0.0272,96.6143,-0.0313,0.7648,0.0,1800.0,0.0,6.3
1717.0,2026-06-05T19:00:41.305562+00:00,76.9496,-0.0427,96.5879,-0.0626,0.7648,0.0,1800.0,0.0,6.3
1717.5,2026-06-05T19:00:41.810875+00:00,76.9844,-0.0328,96.4518,-0.1253,0.7648,0.0,1800.0,0.0,6.3
1718.0,2026-06-05T19:00:42.305560+00:00,77.1384,0.2293,96.463,-0.0963,0.7648,0.0,1800.0,0.0,6.3
1718.5,2026-06-05T19:00:42.805544+00:00,77.1295,0.1126,96.5872,-0.0354,0.7648,0.0,1800.0,0.0,6.3
1719.0,2026-06-05T19:00:43.305546+00:00,77.25,0.1502,96.5671,-0.0272,0.7648,0.0,1800.0,0.0,6.3
1719.5,2026-06-05T19:00:43.805556+00:00,77.2153,0.1154,96.5515,-0.0209,0.7648,0.0,1800.0,0.0,6.3
1720.0,2026-06-05T19:00:44.311264+00:00,77.4431,0.1524,96.4239,-0.0547,0.7648,0.0,1800.0,0.0,6.3512
1720.5,2026-06-05T19:00:44.805555+00:00,77.491,0.1807,96.3258,-0.042,0.7648,0.0,1800.0,0.0,6.3762
1721.0,2026-06-05T19:00:45.305560+00:00,77.146,-0.052,96.2504,-0.0709,0.7648,0.0,1800.0,0.0,6.3884
1721.5,2026-06-05T19:00:45.805628+00:00,77.0081,-0.1036,96.3082,-0.093,0.7648,0.0,1800.0,0.0,6.3943
1722.0,2026-06-05T19:00:46.305560+00:00,77.1566,-0.1433,96.2369,-0.1101,0.7648,0.0,1800.0,0.0,6.3972
1722.5,2026-06-05T19:00:46.811581+00:00,77.1435,-0.1737,96.0664,-0.1617,0.7648,0.0,1800.0,0.0,6.3474
1723.0,2026-06-05T19:00:47.305555+00:00,77.2607,0.0574,96.2824,-0.0472,0.7648,0.0,1800.0,0.0,6.3744
1723.5,2026-06-05T19:00:47.805544+00:00,77.3508,0.1714,96.3328,0.0023,0.7648,0.0,1800.0,0.0,6.3875
1724.0,2026-06-05T19:00:48.305563+00:00,77.5473,0.1953,96.4872,0.0789,0.7648,0.0,1800.0,0.0,6.3939
1724.5,2026-06-05T19:00:48.805631+00:00,77.4438,0.1501,96.6058,0.0992,0.7648,0.0,1800.0,0.0,6.3458
1725.0,2026-06-05T19:00:49.314332+00:00,77.4915,0.1154,96.5813,0.1148,0.7648,0.0,1800.0,0.0,6.3224
1725.5,2026-06-05T19:00:49.805655+00:00,77.5282,0.0887,96.6782,0.204,0.7648,0.0,1800.0,0.0,6.3109
1726.0,2026-06-05T19:00:50.306326+00:00,77.6836,0.0682,96.637,0.1182,0.7648,0.0,1800.0,0.0,6.3053
1726.501147,2026-06-05T19:00:50.806748+00:00,77.6759,0.116,96.6053,0.0908,0.7648,0.0,1800.0,0.0,6.3026
1727.0,2026-06-05T19:00:51.305570+00:00,77.6699,0.0892,96.5578,0.0235,0.7648,0.0,1800.0,0.0,6.3013
1727.5,2026-06-05T19:00:51.811818+00:00,77.4107,-0.0587,96.6601,0.0181,0.7648,0.0,1800.0,0.0,6.3006
1728.0,2026-06-05T19:00:52.305587+00:00,77.0843,-0.2997,96.6231,0.0139,0.7648,0.0,1800.0,0.0,6.3003
1728.5,2026-06-05T19:00:52.805835+00:00,77.2152,-0.2303,96.7103,0.0107,0.7648,0.0,1800.0,0.0,6.3001
1729.0,2026-06-05T19:00:53.305737+00:00,77.1885,-0.2407,96.7773,0.0468,0.7648,0.0,1800.0,0.0,6.3001
1729.5,2026-06-05T19:00:53.805587+00:00,77.2953,-0.0577,96.7132,0.036,0.7648,0.0,1800.0,0.0,6.3
1730.0,2026-06-05T19:00:54.313520+00:00,77.2501,0.0829,96.6638,0.0353,0.7648,0.0,1800.0,0.0,6.3
1730.5,2026-06-05T19:00:54.805788+00:00,77.3427,0.0637,96.6259,-0.0114,0.7648,0.0,1800.0,0.0,6.3512
1731.0,2026-06-05T19:00:55.305559+00:00,77.541,0.1763,96.5968,-0.0088,0.7648,0.0,1800.0,0.0,6.3762
1731.5,2026-06-05T19:00:55.805582+00:00,77.439,0.0718,96.6901,-0.0067,0.7648,0.0,1800.0,0.0,6.3372
1732.0,2026-06-05T19:00:56.305598+00:00,77.4878,0.1188,96.7618,-0.0052,0.7648,0.0,1800.0,0.0,6.3181
1732.5,2026-06-05T19:00:56.813192+00:00,77.3981,0.0277,96.7012,-0.004,0.7648,0.0,1800.0,0.0,6.3089
1733.0,2026-06-05T19:00:57.306011+00:00,77.3291,-0.106,96.6547,-0.0031,0.7648,0.0,1800.0,0.0,6.3043
1733.5,2026-06-05T19:00:57.805579+00:00,77.2761,-0.0815,96.7346,0.0362,0.7648,0.0,1800.0,0.0,6.3021
1734.0,2026-06-05T19:00:58.305598+00:00,77.3626,-0.0626,96.5646,-0.0107,0.7648,0.0,1800.0,0.0,6.3522
1734.5,2026-06-05T19:00:58.805548+00:00,77.5564,0.0792,96.5496,-0.0468,0.7648,0.0,1800.0,0.0,6.3255
1735.0,2026-06-05T19:00:59.310026+00:00,77.4508,0.0608,96.6539,-0.036,0.7648,0.0,1800.0,0.0,6.3124
1735.5,2026-06-05T19:00:59.805549+00:00,77.3696,0.0468,96.6183,-0.0277,0.7648,0.0,1800.0,0.0,6.3061
1736.0,2026-06-05T19:01:00.305538+00:00,77.4345,0.0359,96.7066,0.0173,0.7648,0.0,1800.0,0.0,6.303
1736.5,2026-06-05T19:01:00.805700+00:00,77.3571,-0.0996,96.7745,0.0133,0.7648,0.0,1800.0,0.0,6.3014
1737.0,2026-06-05T19:01:01.305539+00:00,77.2976,-0.0766,96.8267,0.0874,0.7648,0.0,1800.0,0.0,6.3007
1737.5,2026-06-05T19:01:01.814125+00:00,77.3791,0.0048,96.8668,0.1057,0.7648,0.0,1800.0,0.0,6.3003
1738.0,2026-06-05T19:01:02.305808+00:00,77.3146,-0.06,96.8976,0.0812,0.7648,0.0,1800.0,0.0,6.3002
1738.5,2026-06-05T19:01:02.805538+00:00,77.2649,-0.0461,96.9213,0.101,0.7648,0.0,1800.0,0.0,6.3513
1739.0,2026-06-05T19:01:03.305894+00:00,77.0995,-0.0991,96.8238,0.0391,0.7648,0.0,1800.0,0.0,6.3762
1739.5,2026-06-05T19:01:03.805560+00:00,77.0996,-0.1398,96.7489,-0.0085,0.7648,0.0,1800.0,0.0,6.3884
1740.0,2026-06-05T19:01:04.313985+00:00,77.227,-0.0438,96.5756,-0.0837,0.7648,0.0,1800.0,0.0,6.3943
1740.5,2026-06-05T19:01:04.807224+00:00,77.1976,-0.0337,96.5581,-0.1029,0.7648,0.0,1800.0,0.0,6.3972
1741.0,2026-06-05T19:01:05.305550+00:00,77.175,0.0378,96.6604,-0.0791,0.7648,0.0,1800.0,0.0,6.3987
1741.5,2026-06-05T19:01:05.805544+00:00,77.1576,0.029,96.7389,-0.0608,0.7648,0.0,1800.0,0.0,6.3993
1742.0,2026-06-05T19:01:06.305552+00:00,77.017,-0.105,96.7994,-0.0082,0.7648,0.0,1800.0,0.0,6.3997
1742.5,2026-06-05T19:01:06.812810+00:00,77.0362,-0.0807,96.8458,0.0323,0.7648,0.0,1800.0,0.0,6.3998
1743.0,2026-06-05T19:01:07.305532+00:00,77.051,-0.062,96.7658,0.0634,0.7648,0.0,1800.0,0.0,6.3999
1743.5,2026-06-05T19:01:07.805692+00:00,77.0623,-0.0477,96.7043,0.0487,0.7648,0.0,1800.0,0.0,6.3488
1744.0,2026-06-05T19:01:08.305563+00:00,77.1983,0.0906,96.657,-0.0011,0.7648,0.0,1800.0,0.0,6.3238
1744.5,2026-06-05T19:01:08.805630+00:00,77.3028,0.1333,96.1579,-0.1937,0.7648,0.0,1800.0,0.0,6.3628
1745.0,2026-06-05T19:01:09.310625+00:00,77.3832,0.1661,96.237,-0.1874,0.7648,0.0,1800.0,0.0,6.3819
1745.5,2026-06-05T19:01:09.805550+00:00,77.1904,0.064,96.1822,-0.2212,0.7648,0.0,1800.0,0.0,6.3911
1746.0,2026-06-05T19:01:10.305702+00:00,77.1695,-0.0144,96.3714,-0.1314,0.7648,0.0,1800.0,0.0,6.3957
1746.5,2026-06-05T19:01:10.805725+00:00,77.1534,-0.0747,96.4012,-0.101,0.7648,0.0,1800.0,0.0,6.3979
1747.0,2026-06-05T19:01:11.306972+00:00,77.141,-0.1211,96.3083,-0.1162,0.7648,0.0,1800.0,0.0,6.399
1747.5,2026-06-05T19:01:11.810242+00:00,77.2588,0.0342,96.3527,0.0649,0.7648,0.0,1800.0,0.0,6.3483
1748.0,2026-06-05T19:01:12.305736+00:00,77.2221,0.0263,96.3868,0.0499,0.7648,0.0,1800.0,0.0,6.3748
1748.5,2026-06-05T19:01:12.805605+00:00,77.3211,0.0838,96.413,0.0769,0.7648,0.0,1800.0,0.0,6.3877
1749.0,2026-06-05T19:01:13.305550+00:00,77.2699,0.0644,96.4331,0.0206,0.7648,0.0,1800.0,0.0,6.394
1749.5,2026-06-05T19:01:13.805710+00:00,77.3579,0.0495,96.3329,-0.0228,0.7648,0.0,1800.0,0.0,6.3971
1750.000286,2026-06-05T19:01:14.314452+00:00,77.4255,0.1017,96.2559,-0.0175,0.7648,0.0,1800.0,0.0,6.3986
1750.5,2026-06-05T19:01:14.805607+00:00,77.4774,0.0782,96.3124,-0.0134,0.7648,0.0,1800.0,0.0,6.3993
1751.0,2026-06-05T19:01:15.305555+00:00,77.2628,-0.0036,96.2401,-0.0489,0.7648,0.0,1800.0,0.0,6.3997
1751.5,2026-06-05T19:01:15.805543+00:00,77.3524,-0.0027,96.3002,-0.0376,0.7648,0.0,1800.0,0.0,6.3998
1752.0,2026-06-05T19:01:16.305585+00:00,77.294,-0.0657,96.3465,-0.0289,0.7648,0.0,1800.0,0.0,6.3999
1752.5,2026-06-05T19:01:16.810955+00:00,76.9946,-0.2414,96.4977,0.0549,0.7648,0.0,1800.0,0.0,6.3488
1753.0,2026-06-05T19:01:17.305598+00:00,77.019,-0.1219,96.4982,0.0808,0.7648,0.0,1800.0,0.0,6.375
1753.5,2026-06-05T19:01:17.805539+00:00,77.165,-0.0937,96.6143,0.1007,0.7648,0.0,1800.0,0.0,6.3366
1754.0,2026-06-05T19:01:18.305653+00:00,77.4045,0.0552,96.5879,0.1159,0.7648,0.0,1800.0,0.0,6.3179
1754.5,2026-06-05T19:01:18.805557+00:00,77.2068,0.1061,96.5675,0.0891,0.7648,0.0,1800.0,0.0,6.3087
1755.0,2026-06-05T19:01:19.311994+00:00,77.3093,0.1452,96.5519,0.0685,0.7648,0.0,1800.0,0.0,6.3043
1755.5,2026-06-05T19:01:19.805819+00:00,77.3882,0.1116,96.6556,0.0526,0.7648,0.0,1800.0,0.0,6.3021
1756.0,2026-06-05T19:01:20.305844+00:00,77.3215,-0.0415,96.5039,0.0019,0.7648,0.0,1800.0,0.0,6.301
1756.5,2026-06-05T19:01:20.805551+00:00,77.2702,0.0317,96.503,-0.0371,0.7648,0.0,1800.0,0.0,6.3005
1757.0,2026-06-05T19:01:21.305837+00:00,77.2308,-0.0392,96.3866,-0.0671,0.7648,0.0,1800.0,0.0,6.3002
1757.5,2026-06-05T19:01:21.810769+00:00,77.2006,-0.0938,96.2971,-0.0901,0.7648,0.0,1800.0,0.0,6.3001
1758.0,2026-06-05T19:01:22.305950+00:00,77.3046,-0.0085,96.4598,-0.0307,0.7648,0.0,1800.0,0.0,6.3001
1758.5,2026-06-05T19:01:22.807357+00:00,77.3845,0.0571,96.4691,-0.0622,0.7648,0.0,1800.0,0.0,6.3
1759.000334,2026-06-05T19:01:23.305920+00:00,77.4459,0.1075,96.4762,-0.0092,0.7648,0.0,1800.0,0.0,6.3
1759.50069,2026-06-05T19:01:23.806311+00:00,77.4932,0.1463,96.2503,-0.0842,0.7648,0.0,1800.0,0.0,6.3
1760.0,2026-06-05T19:01:24.312420+00:00,77.5294,0.1124,96.3081,-0.0262,0.7648,0.0,1800.0,0.0,6.3
1760.5,2026-06-05T19:01:24.805547+00:00,77.3028,-0.0408,96.3525,0.0185,0.7648,0.0,1800.0,0.0,6.3
1761.0,2026-06-05T19:01:25.305538+00:00,77.2559,-0.095,96.1552,-0.1015,0.7648,0.0,1800.0,0.0,6.3
1761.5,2026-06-05T19:01:25.805564+00:00,77.3471,-0.073,96.235,-0.078,0.7648,0.0,1800.0,0.0,6.3
1762.0,2026-06-05T19:01:26.305538+00:00,77.2899,-0.1198,96.1806,-0.0985,0.7648,0.0,1800.0,0.0,6.3
1762.5,2026-06-05T19:01:26.811752+00:00,77.3732,0.0352,96.3702,0.04,0.7648,0.0,1800.0,0.0,6.3
1763.0,2026-06-05T19:01:27.305828+00:00,77.31,0.0271,96.4003,0.0307,0.7648,0.0,1800.0,0.0,6.3512
1763.5,2026-06-05T19:01:27.805547+00:00,77.3887,0.0208,96.3076,-0.015,0.7648,0.0,1800.0,0.0,6.3762
1764.0,2026-06-05T19:01:28.305564+00:00,77.3219,0.016,95.9819,-0.0578,0.7648,0.0,1800.0,0.0,6.3884
1764.5,2026-06-05T19:01:28.805625+00:00,77.2705,-0.0513,96.2175,-0.0058,0.7648,0.0,1800.0,0.0,6.3943
1765.0,2026-06-05T19:01:29.312278+00:00,77.2311,-0.0395,96.3986,0.0726,0.7648,0.0,1800.0,0.0,6.3972
1765.5,2026-06-05T19:01:29.807048+00:00,77.328,-0.0303,96.5377,0.0558,0.7648,0.0,1800.0,0.0,6.3474
1766.0,2026-06-05T19:01:30.305809+00:00,77.148,-0.0869,96.6447,0.0815,0.7648,0.0,1800.0,0.0,6.3232
1766.5,2026-06-05T19:01:30.805605+00:00,77.2641,-0.0032,96.7269,0.1398,0.7648,0.0,1800.0,0.0,6.3113
1767.0,2026-06-05T19:01:31.305627+00:00,77.3534,0.0612,96.6744,0.2308,0.7648,0.0,1800.0,0.0,6.3055
1767.5,2026-06-05T19:01:31.811684+00:00,77.2948,-0.0166,96.7498,0.1774,0.7648,0.0,1800.0,0.0,6.3027
1768.0,2026-06-05T19:01:32.305555+00:00,77.2497,0.0509,96.692,0.0978,0.7648,0.0,1800.0,0.0,6.3013
1768.5,2026-06-05T19:01:32.805533+00:00,77.2151,-0.0245,96.7632,0.0752,0.7648,0.0,1800.0,0.0,6.3518
1769.0,2026-06-05T19:01:33.305554+00:00,77.1884,-0.0825,96.7023,0.0192,0.7648,0.0,1800.0,0.0,6.3253
1769.5,2026-06-05T19:01:33.805562+00:00,77.168,-0.0634,96.7712,0.0148,0.7648,0.0,1800.0,0.0,6.3123
1770.0,2026-06-05T19:01:34.310580+00:00,77.1522,-0.0487,96.7085,0.0113,0.7648,0.0,1800.0,0.0,6.306
1770.5,2026-06-05T19:01:34.805566+00:00,77.1402,-0.0375,96.6602,-0.0298,0.7648,0.0,1800.0,0.0,6.3029
1771.0,2026-06-05T19:01:35.305530+00:00,77.2581,0.0348,96.6231,-0.0229,0.7648,0.0,1800.0,0.0,6.3014
1771.5,2026-06-05T19:01:35.806144+00:00,77.4761,0.1541,96.4789,-0.0948,0.7648,0.0,1800.0,0.0,6.3007
1772.0,2026-06-05T19:01:36.305885+00:00,77.3891,0.1184,96.5995,-0.0343,0.7648,0.0,1800.0,0.0,6.3003
1772.5,2026-06-05T19:01:36.812977+00:00,77.3222,0.091,96.5765,-0.0649,0.7648,0.0,1800.0,0.0,6.3002
1773.0,2026-06-05T19:01:37.305575+00:00,77.5253,0.1336,96.5588,-0.0499,0.7648,0.0,1800.0,0.0,6.3001
1773.5,2026-06-05T19:01:37.805796+00:00,77.2996,-0.0882,96.6609,0.0002,0.7648,0.0,1800.0,0.0,6.3
1774.0,2026-06-05T19:01:38.305634+00:00,77.1262,-0.1315,96.7394,0.0387,0.7648,0.0,1800.0,0.0,6.3
1774.5,2026-06-05T19:01:38.806070+00:00,77.1201,-0.101,96.7997,0.1069,0.7648,0.0,1800.0,0.0,6.3
1775.0,2026-06-05T19:01:39.311106+00:00,77.1155,-0.2049,96.846,0.0822,0.7648,0.0,1800.0,0.0,6.3
1775.5,2026-06-05T19:01:39.805761+00:00,77.2391,-0.0302,96.8817,0.1017,0.7648,0.0,1800.0,0.0,6.3
1776.0,2026-06-05T19:01:40.305663+00:00,77.2069,0.0404,96.7933,0.0782,0.7648,0.0,1800.0,0.0,6.3
1776.5,2026-06-05T19:01:40.805613+00:00,77.0549,-0.0326,96.8412,0.0601,0.7648,0.0,1800.0,0.0,6.3
1777.0,2026-06-05T19:01:41.305551+00:00,77.1926,0.0386,96.8779,0.0462,0.7648,0.0,1800.0,0.0,6.3
1777.5,2026-06-05T19:01:41.810898+00:00,77.1712,-0.034,96.9062,0.0355,0.7648,0.0,1800.0,0.0,6.3
1778.0,2026-06-05T19:01:42.305751+00:00,77.4093,0.1012,96.8122,-0.0113,0.7648,0.0,1800.0,0.0,6.3
1778.5,2026-06-05T19:01:42.807063+00:00,77.3377,0.1414,96.6242,-0.0858,0.7648,0.0,1800.0,0.0,6.3
1779.0,2026-06-05T19:01:43.305537+00:00,77.41,0.1087,96.5955,-0.0659,0.7648,0.0,1800.0,0.0,6.3
1779.5,2026-06-05T19:01:43.806123+00:00,77.3382,0.0835,96.5734,-0.0893,0.7648,0.0,1800.0,0.0,6.3
1780.0,2026-06-05T19:01:44.310329+00:00,77.1558,-0.1267,96.6721,-0.0686,0.7648,0.0,1800.0,0.0,6.3
1780.5,2026-06-05T19:01:44.805853+00:00,77.0156,-0.161,96.748,-0.0527,0.7648,0.0,1800.0,0.0,6.3
1781.0,2026-06-05T19:01:45.305687+00:00,77.0352,-0.1874,96.6906,-0.0405,0.7648,0.0,1800.0,0.0,6.3
1781.5,2026-06-05T19:01:45.805770+00:00,77.1774,-0.0804,96.6465,0.0074,0.7648,0.0,1800.0,0.0,6.3
1782.0,2026-06-05T19:01:46.305554+00:00,77.1595,0.0018,96.7283,0.0443,0.7648,0.0,1800.0,0.0,6.3
1782.5,2026-06-05T19:01:46.811154+00:00,77.273,0.1287,96.6755,0.034,0.7648,0.0,1800.0,0.0,6.2488
1783.0,2026-06-05T19:01:47.305558+00:00,77.233,0.0989,96.6349,-0.0124,0.7648,0.0,1800.0,0.0,6.275
1783.5,2026-06-05T19:01:47.805581+00:00,77.2022,0.0124,96.6037,-0.0481,0.7648,0.0,1800.0,0.0,6.2878
1784.0,2026-06-05T19:01:48.305550+00:00,77.1786,0.0095,96.6954,0.0016,0.7648,0.0,1800.0,0.0,6.294
1784.5,2026-06-05T19:01:48.805649+00:00,76.9058,-0.1836,96.6502,0.0012,0.7648,0.0,1800.0,0.0,6.2971
1785.0,2026-06-05T19:01:49.310281+00:00,76.9508,-0.1411,96.7311,0.0009,0.7648,0.0,1800.0,0.0,6.2986
1785.5,2026-06-05T19:01:49.805756+00:00,76.7308,-0.2357,96.6776,0.0007,0.7648,0.0,1800.0,0.0,6.2993
1786.0,2026-06-05T19:01:50.305747+00:00,76.8162,-0.1812,96.7522,0.0391,0.7648,0.0,1800.0,0.0,6.2997
1786.5,2026-06-05T19:01:50.805868+00:00,77.1364,0.1153,96.6939,0.0301,0.7648,0.0,1800.0,0.0,6.2998
1787.0,2026-06-05T19:01:51.305645+00:00,77.2553,0.1522,96.7647,0.0231,0.7648,0.0,1800.0,0.0,6.2999
1787.5,2026-06-05T19:01:51.811903+00:00,77.3466,0.3079,96.8192,0.0563,0.7648,0.0,1800.0,0.0,6.2488
1788.0,2026-06-05T19:01:52.305880+00:00,77.2895,0.2367,96.861,0.0433,0.7648,0.0,1800.0,0.0,6.275
1788.5,2026-06-05T19:01:52.807568+00:00,77.3729,0.1183,96.7775,0.0333,0.7648,0.0,1800.0,0.0,6.2366
1789.0,2026-06-05T19:01:53.305690+00:00,77.4371,0.0909,96.7133,-0.013,0.7648,0.0,1800.0,0.0,6.2179
1789.5,2026-06-05T19:01:53.805536+00:00,77.2318,-0.0574,96.7796,0.0286,0.7648,0.0,1800.0,0.0,6.2087
1790.0,2026-06-05T19:01:54.310891+00:00,77.2013,-0.0441,96.6918,-0.0243,0.7648,0.0,1800.0,0.0,6.2555
1790.5,2026-06-05T19:01:54.805546+00:00,77.0506,-0.1612,96.6474,-0.0573,0.7648,0.0,1800.0,0.0,6.2783
1791.0,2026-06-05T19:01:55.305534+00:00,77.062,-0.1875,96.6133,-0.0826,0.7648,0.0,1800.0,0.0,6.2894
1791.5,2026-06-05T19:01:55.805578+00:00,77.1981,-0.0169,96.5871,-0.0635,0.7648,0.0,1800.0,0.0,6.2948
1792.0,2026-06-05T19:01:56.305537+00:00,77.1754,-0.013,96.4512,-0.0873,0.7648,0.0,1800.0,0.0,6.2975
1792.5,2026-06-05T19:01:56.810499+00:00,77.1579,0.0537,96.2311,-0.1828,0.7648,0.0,1800.0,0.0,6.2988
1793.0,2026-06-05T19:01:57.305571+00:00,77.1445,0.0413,96.1545,-0.1791,0.7648,0.0,1800.0,0.0,6.2994
1793.5,2026-06-05T19:01:57.805805+00:00,77.1342,-0.0319,96.2344,-0.1377,0.7648,0.0,1800.0,0.0,6.2997
1794.0,2026-06-05T19:01:58.305653+00:00,77.1263,-0.0245,95.9488,-0.2215,0.7648,0.0,1800.0,0.0,6.2999
1794.5,2026-06-05T19:01:58.805782+00:00,77.2475,0.0448,95.9606,-0.2088,0.7648,0.0,1800.0,0.0,6.2999
1795.0,2026-06-05T19:01:59.314632+00:00,77.2134,0.0344,96.2011,-0.0834,0.7648,0.0,1800.0,0.0,6.3
1795.5,2026-06-05T19:01:59.805555+00:00,77.3144,0.0901,96.1546,-0.0255,0.7648,0.0,1800.0,0.0,6.3
1796.0,2026-06-05T19:02:00.305542+00:00,77.2648,0.0692,96.1188,-0.0119,0.7648,0.0,1800.0,0.0,6.3
1796.5,2026-06-05T19:02:00.806063+00:00,77.4812,0.1169,96.3227,0.0294,0.7648,0.0,1800.0,0.0,6.3
1797.0,2026-06-05T19:02:01.305698+00:00,77.393,0.0898,96.2481,0.0998,0.7648,0.0,1800.0,0.0,6.2488
1797.5,2026-06-05T19:02:01.810872+00:00,77.4525,0.069,96.1907,0.0767,0.7648,0.0,1800.0,0.0,6.2238
1798.0,2026-06-05T19:02:02.305561+00:00,77.3709,0.0531,96.2622,0.0204,0.7648,0.0,1800.0,0.0,6.2628
1798.5,2026-06-05T19:02:02.805550+00:00,77.5628,0.0408,96.2016,0.0157,0.7648,0.0,1800.0,0.0,6.2819
1799.0,2026-06-05T19:02:03.306149+00:00,77.4557,0.0313,96.1549,0.012,0.7648,0.0,1800.0,0.0,6.2911
1799.5,2026-06-05T19:02:03.805684+00:00,77.5006,0.0241,96.3505,0.0092,0.7648,0.0,1800.0,0.0,6.2957
