monotonic_offset_s,utc_timestamp,T,T_dot,U,U_dot,V,V_dot,f,f_dot,mem
0.000274,2026-05-06T03:59:11.427384+00:00,46.3,,0.0,,0.8461,,2400.0,,4.9
0.500274,2026-05-06T03:59:12.010697+00:00,46.3,,13.0278,,0.8461,,2400.0,,5.4632
1.000646,2026-05-06T03:59:12.424856+00:00,46.4273,,12.9982,,0.8461,0.0,2400.0,0.0,5.8916
1.5,2026-05-06T03:59:12.925100+00:00,46.9069,,18.2051,,0.8461,0.0,2400.0,0.0,6.7151
2.0,2026-05-06T03:59:13.424298+00:00,47.7846,0.7423,36.2069,,0.8461,0.0,2400.0,0.0,7.117
2.5,2026-05-06T03:59:13.930368+00:00,48.332,1.016,49.6728,,0.8461,0.0,2400.0,0.0,7.3131
3.005806,2026-05-06T03:59:14.430179+00:00,49.0072,1.29,60.1615,20.0538,0.8461,0.0,2400.0,0.0,7.4088
3.5,2026-05-06T03:59:14.924295+00:00,49.6535,1.3733,68.3157,18.4293,0.8461,0.0,2400.0,0.0,7.4555
4.0,2026-05-06T03:59:15.424438+00:00,50.2774,1.2464,74.6987,20.5668,0.8461,0.0,2400.0,0.0,7.4783
4.5,2026-05-06T03:59:15.924267+00:00,50.757,1.2125,79.6278,20.4742,0.8461,0.0,2400.0,0.0,7.4894
5.0,2026-05-06T03:59:16.428857+00:00,51.1256,1.0592,83.532,15.7751,0.8461,0.0,2400.0,0.0,7.4948
5.5,2026-05-06T03:59:16.924310+00:00,51.6635,1.005,86.394,12.2404,0.8461,0.0,2400.0,0.0,7.4975
6.0,2026-05-06T03:59:17.424306+00:00,51.9496,0.8361,88.7094,9.516,0.8461,0.0,2400.0,0.0,7.4988
6.5,2026-05-06T03:59:17.924299+00:00,52.0423,0.6426,90.2807,7.3217,0.8461,0.0,2400.0,0.0,7.4994
7.0,2026-05-06T03:59:18.424264+00:00,52.2407,0.5576,91.6042,5.6352,0.8461,0.0,2400.0,0.0,7.4997
7.5,2026-05-06T03:59:18.932453+00:00,52.7751,0.5558,92.7371,4.3697,0.8461,0.0,2400.0,0.0,7.4487
8.0,2026-05-06T03:59:19.424374+00:00,53.0585,0.5545,93.3764,3.2815,0.8461,0.0,2400.0,0.0,7.4237
8.5,2026-05-06T03:59:19.924845+00:00,53.4037,0.6807,93.729,2.445,0.8461,0.0,2400.0,0.0,7.3604
9.0,2026-05-06T03:59:20.426362+00:00,53.5417,0.6505,94.0231,1.7712,0.8461,0.0,2400.0,0.0,7.3295
9.5,2026-05-06T03:59:20.924262+00:00,54.0295,0.6272,94.4805,1.3999,0.8461,0.0,2400.0,0.0,7.2632
10.0,2026-05-06T03:59:21.428139+00:00,54.0227,0.4821,94.8553,1.0837,0.8461,0.0,2400.0,0.0,7.2308
10.5,2026-05-06T03:59:21.924991+00:00,54.272,0.4342,95.1202,0.7944,0.8461,0.0,2400.0,0.0,7.1638
11.0,2026-05-06T03:59:22.424667+00:00,54.209,0.3337,95.4395,0.6877,0.8461,0.0,2400.0,0.0,7.1312
11.5,2026-05-06T03:59:22.924298+00:00,54.5425,0.2565,95.546,0.6057,0.8461,0.0,2400.0,0.0,7.1152
12.0,2026-05-06T03:59:23.424285+00:00,54.6715,0.3244,95.7899,0.5889,0.8461,0.0,2400.0,0.0,7.1074
12.5,2026-05-06T03:59:23.930957+00:00,55.0252,0.3766,95.8154,0.445,0.8461,0.0,2400.0,0.0,7.0524
13.0,2026-05-06T03:59:24.424376+00:00,55.297,0.544,95.997,0.3806,0.8461,0.0,2400.0,0.0,7.0256
13.5,2026-05-06T03:59:24.924333+00:00,55.3787,0.4181,95.882,0.2539,0.8461,0.0,2400.0,0.0,7.0125
14.0,2026-05-06T03:59:25.424366+00:00,55.187,0.2577,96.0018,0.1875,0.8461,0.0,2400.0,0.0,7.0061
14.5,2026-05-06T03:59:25.924319+00:00,55.2941,0.1345,96.0014,0.1518,0.8461,0.0,2400.0,0.0,6.9518
15.0,2026-05-06T03:59:26.428979+00:00,55.5037,0.1033,96.0936,0.1012,0.8461,0.0,2400.0,0.0,6.9253
15.5,2026-05-06T03:59:26.926755+00:00,55.6648,0.1431,95.9794,0.0547,0.8461,0.0,2400.0,0.0,6.8611
16.0,2026-05-06T03:59:27.424275+00:00,55.7887,0.3009,96.0767,0.0266,0.8461,0.0,2400.0,0.0,6.8298
16.5,2026-05-06T03:59:27.924253+00:00,56.0111,0.3585,96.0358,0.0513,0.8461,0.0,2400.0,0.0,6.8146
17.0,2026-05-06T03:59:28.424355+00:00,56.0548,0.2756,96.0275,0.0086,0.8461,0.0,2400.0,0.0,6.8071
17.5,2026-05-06T03:59:28.930994+00:00,56.0884,0.2118,96.0212,0.0066,0.8461,0.0,2400.0,0.0,6.7523
18.0,2026-05-06T03:59:29.426326+00:00,56.2415,0.2264,95.9006,-0.0644,0.8461,0.0,2400.0,0.0,6.7255
18.5,2026-05-06T03:59:29.924954+00:00,56.2319,0.1104,96.0393,0.02,0.8461,0.0,2400.0,0.0,6.7636
19.0,2026-05-06T03:59:30.426097+00:00,56.3518,0.1485,96.0302,-0.0155,0.8461,0.0,2400.0,0.0,6.7311
19.5,2026-05-06T03:59:30.924806+00:00,56.4439,0.1778,96.1389,0.0344,0.8461,0.0,2400.0,0.0,6.7152
20.0,2026-05-06T03:59:31.428806+00:00,56.642,0.2003,96.1068,0.0264,0.8461,0.0,2400.0,0.0,6.7074
20.5,2026-05-06T03:59:31.924267+00:00,56.7943,0.2812,96.0821,0.0203,0.8461,0.0,2400.0,0.0,6.7036
21.0,2026-05-06T03:59:32.424292+00:00,56.5295,0.0889,96.0631,0.0542,0.8461,0.0,2400.0,0.0,6.7018
21.5,2026-05-06T03:59:32.924633+00:00,56.326,-0.059,96.0253,-0.0046,0.8461,0.0,2400.0,0.0,6.7009
22.0,2026-05-06T03:59:33.426832+00:00,56.5514,-0.0453,96.0195,-0.0036,0.8461,0.0,2400.0,0.0,6.6492
22.5,2026-05-06T03:59:33.927964+00:00,56.4701,-0.1621,95.9918,-0.049,0.8461,0.0,2400.0,0.0,6.624
23.0,2026-05-06T03:59:34.424561+00:00,56.6621,0.0663,95.9937,-0.0377,0.8461,0.0,2400.0,0.0,6.6117
23.5,2026-05-06T03:59:34.924261+00:00,56.8097,0.2419,95.9952,-0.029,0.8461,0.0,2400.0,0.0,6.6057
24.0,2026-05-06T03:59:35.424812+00:00,57.1777,0.3132,96.112,0.0163,0.8461,0.0,2400.0,0.0,6.6028
24.5,2026-05-06T03:59:35.924341+00:00,57.3333,0.4316,96.1786,0.0511,0.8461,0.0,2400.0,0.0,6.6014
25.0,2026-05-06T03:59:36.428575+00:00,57.5801,0.459,96.253,0.0778,0.8461,0.0,2400.0,0.0,6.6007
25.5,2026-05-06T03:59:36.924676+00:00,57.6426,0.4164,96.287,0.0984,0.8461,0.0,2400.0,0.0,6.6003
26.0,2026-05-06T03:59:37.424882+00:00,57.8178,0.3201,96.2437,0.0833,0.8461,0.0,2400.0,0.0,6.549
26.5,2026-05-06T03:59:37.924388+00:00,57.8253,0.246,96.3956,0.1335,0.8461,0.0,2400.0,0.0,6.5239
27.0,2026-05-06T03:59:38.424344+00:00,57.831,0.1254,96.4198,0.1026,0.8461,0.0,2400.0,0.0,6.5117
27.5,2026-05-06T03:59:38.928237+00:00,57.9627,0.16,96.4383,0.0866,0.8461,0.0,2400.0,0.0,6.5057
28.0,2026-05-06T03:59:39.425078+00:00,58.0639,0.123,96.3369,0.028,0.8461,0.0,2400.0,0.0,6.554
28.5,2026-05-06T03:59:39.924270+00:00,58.2689,0.2218,96.2589,-0.0094,0.8461,0.0,2400.0,0.0,6.5263
29.0,2026-05-06T03:59:40.424311+00:00,58.2992,0.2341,96.3379,0.0314,0.8461,0.0,2400.0,0.0,6.5129
29.5,2026-05-06T03:59:40.924286+00:00,58.3226,0.1799,96.3291,-0.0222,0.8461,0.0,2400.0,0.0,6.5575
30.0,2026-05-06T03:59:41.430065+00:00,58.4678,0.2019,96.2529,-0.0556,0.8461,0.0,2400.0,0.0,6.5792
30.5,2026-05-06T03:59:41.924273+00:00,58.5793,0.1552,96.1944,-0.0813,0.8461,0.0,2400.0,0.0,6.5899
31.0,2026-05-06T03:59:42.424453+00:00,58.5378,0.1193,96.2651,-0.0239,0.8461,0.0,2400.0,0.0,6.5951
31.5,2026-05-06T03:59:42.924251+00:00,58.6332,0.1553,96.2038,-0.0184,0.8461,0.0,2400.0,0.0,6.5976
32.0,2026-05-06T03:59:43.426085+00:00,58.7065,0.1194,96.1566,-0.0604,0.8461,0.0,2400.0,0.0,6.5988
32.5,2026-05-06T03:59:43.928774+00:00,58.7629,0.0918,96.0741,-0.085,0.8461,0.0,2400.0,0.0,6.5994
33.0,2026-05-06T03:59:44.424287+00:00,58.8062,0.1342,96.057,-0.0653,0.8461,0.0,2400.0,0.0,6.5997
33.5,2026-05-06T03:59:44.924276+00:00,58.8394,0.1031,96.2752,0.0269,0.8461,0.0,2400.0,0.0,6.5999
34.0,2026-05-06T03:59:45.424364+00:00,58.9923,0.1429,96.2115,-0.0179,0.8461,0.0,2400.0,0.0,6.5999
34.5,2026-05-06T03:59:45.924271+00:00,59.1098,0.1735,96.2783,0.0248,0.8461,0.0,2400.0,0.0,6.6
35.0,2026-05-06T03:59:46.429806+00:00,58.9455,0.0697,96.1676,0.0037,0.8461,0.0,2400.0,0.0,6.5488
35.5,2026-05-06T03:59:46.924308+00:00,59.0738,0.1172,96.1288,0.0182,0.8461,0.0,2400.0,0.0,6.575
36.0,2026-05-06T03:59:47.424305+00:00,59.1725,0.0901,96.1916,0.0449,0.8461,0.0,2400.0,0.0,6.5878
36.5,2026-05-06T03:59:47.924349+00:00,59.121,0.0056,96.1241,-0.0504,0.8461,0.0,2400.0,0.0,6.594
37.0,2026-05-06T03:59:48.424357+00:00,59.4632,0.2588,96.0954,-0.0387,0.8461,0.0,2400.0,0.0,6.5971
37.5,2026-05-06T03:59:48.930015+00:00,59.599,0.2626,95.9576,-0.1069,0.8461,0.0,2400.0,0.0,6.5986
38.0,2026-05-06T03:59:49.424854+00:00,59.4488,0.1382,95.9443,-0.0744,0.8461,0.0,2400.0,0.0,6.7017
38.5,2026-05-06T03:59:49.926303+00:00,59.5879,0.2335,95.8415,-0.0958,0.8461,0.0,2400.0,0.0,6.752
39.0,2026-05-06T03:59:50.424622+00:00,59.6949,0.1158,95.9939,-0.0659,0.8461,0.0,2400.0,0.0,6.7766
39.5,2026-05-06T03:59:50.924336+00:00,59.6498,0.0254,96.0878,-0.0121,0.8461,0.0,2400.0,0.0,6.7374
40.0,2026-05-06T03:59:51.433247+00:00,59.8697,0.2104,96.0907,-0.0016,0.8461,0.0,2400.0,0.0,6.7182
40.5,2026-05-06T03:59:51.924304+00:00,59.9114,0.1617,95.9308,-0.0089,0.8461,0.0,2400.0,0.0,6.7089
41.0,2026-05-06T03:59:52.424261+00:00,60.0707,0.1879,95.9468,0.0009,0.8461,0.0,2400.0,0.0,6.7043
41.5,2026-05-06T03:59:52.924265+00:00,60.1932,0.2717,95.9591,0.0392,0.8461,0.0,2400.0,0.0,6.7021
42.0,2026-05-06T03:59:53.425821+00:00,60.0328,0.0816,96.0843,0.0301,0.8461,0.0,2400.0,0.0,6.701
42.5,2026-05-06T03:59:53.929370+00:00,60.164,0.1263,96.0648,-0.0077,0.8461,0.0,2400.0,0.0,6.6493
43.0,2026-05-06T03:59:54.424254+00:00,60.2649,0.0971,96.0729,-0.0059,0.8461,0.0,2400.0,0.0,6.6753
43.5,2026-05-06T03:59:54.924257+00:00,60.4697,0.1383,96.1718,0.0803,0.8461,0.0,2400.0,0.0,6.6367
44.0,2026-05-06T03:59:55.424262+00:00,60.6271,0.2972,96.0163,0.0232,0.8461,0.0,2400.0,0.0,6.6179
44.5,2026-05-06T03:59:55.924904+00:00,60.7481,0.292,96.0357,0.0255,0.8461,0.0,2400.0,0.0,6.6087
45.0,2026-05-06T03:59:56.439639+00:00,60.8411,0.2881,96.0043,-0.0267,0.8461,0.0,2400.0,0.0,6.6043
45.5,2026-05-06T03:59:56.924270+00:00,60.9126,0.2214,95.8876,-0.0591,0.8461,0.0,2400.0,0.0,6.5509
46.0,2026-05-06T03:59:57.424969+00:00,61.0948,0.2338,96.0293,-0.0145,0.8461,0.0,2400.0,0.0,6.5248
46.5,2026-05-06T03:59:57.924276+00:00,60.853,0.0525,95.9994,-0.0575,0.8461,0.0,2400.0,0.0,6.5121
47.000018,2026-05-06T03:59:58.425127+00:00,60.9218,0.0403,95.745,-0.0904,0.8461,0.0,2400.0,0.0,6.5059
47.5,2026-05-06T03:59:58.929506+00:00,60.8473,-0.0326,95.804,-0.0772,0.8461,0.0,2400.0,0.0,6.5029
48.0,2026-05-06T03:59:59.424298+00:00,60.7901,-0.1524,95.9651,-0.0131,0.8461,0.0,2400.0,0.0,6.5526
48.5,2026-05-06T03:59:59.925083+00:00,60.7461,-0.0535,95.8806,-0.0023,0.8461,0.0,2400.0,0.0,6.5257
49.0,2026-05-06T04:00:00.424777+00:00,60.8396,-0.0411,95.8851,-0.0481,0.8461,0.0,2400.0,0.0,6.5125
49.5,2026-05-06T04:00:00.925802+00:00,60.9114,0.032,95.9117,-0.0292,0.8461,0.0,2400.0,0.0,6.5061
50.0,2026-05-06T04:00:01.428612+00:00,61.2211,0.2155,96.0478,0.1009,0.8461,0.0,2400.0,0.0,6.503
50.5,2026-05-06T04:00:01.925298+00:00,61.2047,0.2293,96.1756,0.1239,0.8461,0.0,2400.0,0.0,6.5015
51.0,2026-05-06T04:00:02.425837+00:00,61.4466,0.3035,96.0424,0.0258,0.8461,0.0,2400.0,0.0,6.5007
51.5,2026-05-06T04:00:02.924293+00:00,61.5052,0.2969,96.1714,0.0969,0.8461,0.0,2400.0,0.0,6.5003
52.0,2026-05-06T04:00:03.424353+00:00,61.6776,0.2282,96.1318,0.0822,0.8461,0.0,2400.0,0.0,6.5002
52.5,2026-05-06T04:00:03.931677+00:00,61.81,0.3027,96.217,0.1018,0.8461,0.0,2400.0,0.0,6.5001
53.0,2026-05-06T04:00:04.424286+00:00,62.0391,0.2963,96.1668,0.0397,0.8461,0.0,2400.0,0.0,6.5
53.5,2026-05-06T04:00:04.924285+00:00,62.0879,0.2913,96.1282,-0.0158,0.8461,0.0,2400.0,0.0,6.5
54.0,2026-05-06T04:00:05.424259+00:00,62.1254,0.2239,95.9597,-0.0276,0.8461,0.0,2400.0,0.0,6.5
54.5,2026-05-06T04:00:05.924636+00:00,62.1542,0.1721,96.1078,-0.0212,0.8461,0.0,2400.0,0.0,6.5
55.0,2026-05-06T04:00:06.428265+00:00,62.1764,0.0686,96.0829,-0.0163,0.8461,0.0,2400.0,0.0,6.5
55.5,2026-05-06T04:00:06.926024+00:00,62.1934,0.0528,96.0637,-0.0511,0.8461,0.0,2400.0,0.0,6.5
56.0,2026-05-06T04:00:07.424327+00:00,62.2065,0.0406,96.1415,-0.0084,0.8461,0.0,2400.0,0.0,6.5
56.5,2026-05-06T04:00:07.924334+00:00,61.962,-0.0961,96.2013,0.0244,0.8461,0.0,2400.0,0.0,6.5
57.0,2026-05-06T04:00:08.425160+00:00,62.1559,-0.0102,96.1316,0.0573,0.8461,0.0,2400.0,0.0,6.5
57.5,2026-05-06T04:00:08.931358+00:00,62.305,0.0558,96.1012,-0.0022,0.8461,0.0,2400.0,0.0,6.5
58.0,2026-05-06T04:00:09.424243+00:00,62.4195,0.1065,96.1009,0.006,0.8461,0.0,2400.0,0.0,6.5
58.5,2026-05-06T04:00:09.924302+00:00,62.6348,0.3364,96.1701,0.0355,0.8461,0.0,2400.0,0.0,6.5
59.0,2026-05-06T04:00:10.424292+00:00,62.8003,0.3222,96.2696,0.0427,0.8461,0.0,2400.0,0.0,6.5
59.5,2026-05-06T04:00:10.924372+00:00,62.9275,0.3113,96.2998,0.0328,0.8461,0.0,2400.0,0.0,6.5
60.0,2026-05-06T04:00:11.428011+00:00,63.0253,0.3029,96.2304,0.0329,0.8461,0.0,2400.0,0.0,6.5
60.5,2026-05-06T04:00:11.924268+00:00,63.1004,0.2328,96.4085,0.1024,0.8461,0.0,2400.0,0.0,6.5
61.0,2026-05-06T04:00:12.424278+00:00,63.2854,0.2426,96.4297,0.1096,0.8461,0.0,2400.0,0.0,6.5
61.5,2026-05-06T04:00:12.924314+00:00,63.3004,0.1864,96.4459,0.0919,0.8461,0.0,2400.0,0.0,6.5
62.0,2026-05-06T04:00:13.424946+00:00,63.4391,0.2069,96.4584,0.063,0.8461,0.0,2400.0,0.0,6.5
62.5,2026-05-06T04:00:13.929790+00:00,63.4185,0.159,96.4681,0.0561,0.8461,0.0,2400.0,0.0,6.5512
63.0,2026-05-06T04:00:14.425492+00:00,63.4027,0.0586,96.2441,0.0046,0.8461,0.0,2400.0,0.0,6.5762
63.5,2026-05-06T04:00:14.924375+00:00,63.3905,0.045,95.9562,-0.1508,0.8461,0.0,2400.0,0.0,6.5884
64.0,2026-05-06T04:00:15.425144+00:00,63.2538,-0.0926,95.8506,-0.193,0.8461,0.0,2400.0,0.0,6.5943
64.5,2026-05-06T04:00:15.924244+00:00,63.5306,0.0561,95.9777,-0.1561,0.8461,0.0,2400.0,0.0,6.5972
65.0,2026-05-06T04:00:16.429822+00:00,63.6161,0.1067,96.0986,-0.12,0.8461,0.0,2400.0,0.0,6.5986
65.5,2026-05-06T04:00:16.924353+00:00,63.5545,0.082,96.0758,-0.1308,0.8461,0.0,2400.0,0.0,6.5993
66.0,2026-05-06T04:00:17.424245+00:00,63.6345,0.1903,95.8037,-0.1468,0.8461,0.0,2400.0,0.0,6.5997
66.5,2026-05-06T04:00:17.924367+00:00,63.6959,0.0826,95.8491,-0.0357,0.8461,0.0,2400.0,0.0,6.5486
67.0,2026-05-06T04:00:18.424266+00:00,63.8704,0.1272,95.9766,0.042,0.8461,0.0,2400.0,0.0,6.5237
67.5,2026-05-06T04:00:18.931399+00:00,64.0045,0.225,96.0977,0.04,0.8461,0.0,2400.0,0.0,6.5116
68.0,2026-05-06T04:00:19.424315+00:00,64.1076,0.2366,96.0751,-0.0078,0.8461,0.0,2400.0,0.0,6.5057
68.5,2026-05-06T04:00:19.924277+00:00,64.1868,0.2455,96.1734,0.0325,0.8461,0.0,2400.0,0.0,6.5028
69.0,2026-05-06T04:00:20.424294+00:00,64.2477,0.1887,96.249,0.1484,0.8461,0.0,2400.0,0.0,6.5013
69.5,2026-05-06T04:00:20.924340+00:00,64.1673,0.0814,96.3071,0.1526,0.8461,0.0,2400.0,0.0,6.5007
70.0,2026-05-06T04:00:21.432353+00:00,64.1054,-0.0011,96.2129,0.0788,0.8461,0.0,2400.0,0.0,6.5003
70.5,2026-05-06T04:00:21.924400+00:00,64.1852,-0.0008,96.2793,0.0605,0.8461,0.0,2400.0,0.0,6.5002
71.0,2026-05-06T04:00:22.424699+00:00,64.2464,-0.0006,96.3304,0.0851,0.8461,0.0,2400.0,0.0,6.5001
71.5,2026-05-06T04:00:22.924323+00:00,64.2935,0.0631,96.2308,0.0191,0.8461,0.0,2400.0,0.0,6.5
72.0,2026-05-06T04:00:23.424358+00:00,64.457,0.1758,96.1542,-0.0316,0.8461,0.0,2400.0,0.0,6.5
72.5,2026-05-06T04:00:23.929956+00:00,64.7099,0.2624,96.2343,-0.0243,0.8461,0.0,2400.0,0.0,6.4488
73.0,2026-05-06T04:00:24.424289+00:00,64.7771,0.2653,96.1569,-0.0187,0.8461,0.0,2400.0,0.0,6.4238
73.5,2026-05-06T04:00:24.924292+00:00,64.8286,0.2675,96.1206,-0.0529,0.8461,0.0,2400.0,0.0,6.4116
74.0,2026-05-06T04:00:25.424274+00:00,64.8683,0.2056,96.2315,-0.033,0.8461,0.0,2400.0,0.0,6.4057
74.5,2026-05-06T04:00:25.924298+00:00,64.8988,0.0944,96.4094,0.0595,0.8461,0.0,2400.0,0.0,6.4028
75.0,2026-05-06T04:00:26.432930+00:00,64.7949,0.0089,96.3378,0.0612,0.8461,0.0,2400.0,0.0,6.4014
75.5,2026-05-06T04:00:26.924251+00:00,64.8424,0.0069,96.2365,0.0007,0.8461,0.0,2400.0,0.0,6.4007
76.0,2026-05-06T04:00:27.424260+00:00,65.0061,0.0689,96.2049,0.016,0.8461,0.0,2400.0,0.0,6.4003
76.5,2026-05-06T04:00:27.924263+00:00,65.0047,0.053,96.2963,0.0586,0.8461,0.0,2400.0,0.0,6.4002
77.0,2026-05-06T04:00:28.424385+00:00,65.1309,0.168,96.2278,-0.0013,0.8461,0.0,2400.0,0.0,6.4001
77.5,2026-05-06T04:00:28.929008+00:00,65.1006,0.1291,96.0593,-0.1167,0.8461,0.0,2400.0,0.0,6.4
78.0,2026-05-06T04:00:29.424968+00:00,64.9501,-0.028,96.0456,-0.0974,0.8461,0.0,2400.0,0.0,6.4
78.5,2026-05-06T04:00:29.925137+00:00,65.0889,0.0421,96.1508,-0.0286,0.8461,0.0,2400.0,0.0,6.4
79.0,2026-05-06T04:00:30.424805+00:00,65.0683,-0.0313,96.0233,-0.0605,0.8461,0.0,2400.0,0.0,6.4
79.5,2026-05-06T04:00:30.924667+00:00,65.1798,0.0396,96.0179,-0.0928,0.8461,0.0,2400.0,0.0,6.4
80.0,2026-05-06T04:00:31.430099+00:00,65.1382,0.0941,96.0138,-0.0713,0.8461,0.0,2400.0,0.0,6.4
80.5,2026-05-06T04:00:31.925995+00:00,65.2335,0.0723,96.1031,0.0146,0.8461,0.0,2400.0,0.0,6.4
81.0,2026-05-06T04:00:32.424281+00:00,65.1794,0.0556,96.0561,0.0035,0.8461,0.0,2400.0,0.0,6.4
81.5,2026-05-06T04:00:32.924322+00:00,65.3925,0.1063,96.0431,-0.0359,0.8461,0.0,2400.0,0.0,6.4
82.0,2026-05-06T04:00:33.424277+00:00,65.5562,0.209,96.1489,0.0418,0.8461,0.0,2400.0,0.0,6.4
82.5,2026-05-06T04:00:33.930380+00:00,65.682,0.2243,96.207,0.063,0.8461,0.0,2400.0,0.0,6.4
83.0,2026-05-06T04:00:34.425166+00:00,65.906,0.3633,96.1591,0.0484,0.8461,0.0,2400.0,0.0,6.4
83.5,2026-05-06T04:00:34.924681+00:00,65.9509,0.2792,96.0991,-0.0013,0.8461,0.0,2400.0,0.0,6.4
84.0,2026-05-06T04:00:35.424374+00:00,65.9854,0.2146,96.1919,0.0453,0.8461,0.0,2400.0,0.0,6.4
84.5,2026-05-06T04:00:35.924655+00:00,66.1392,0.2286,96.2632,0.0733,0.8461,0.0,2400.0,0.0,6.4
85.0,2026-05-06T04:00:36.432397+00:00,66.1301,0.1121,96.2023,0.0178,0.8461,0.0,2400.0,0.0,6.4
85.5,2026-05-06T04:00:36.924268+00:00,66.1232,0.0861,96.1323,-0.0249,0.8461,0.0,2400.0,0.0,6.4
86.0,2026-05-06T04:00:37.424258+00:00,65.9905,0.0026,96.1943,0.0117,0.8461,0.0,2400.0,0.0,6.4
86.5,2026-05-06T04:00:37.924438+00:00,66.0159,-0.0617,96.265,0.0553,0.8461,0.0,2400.0,0.0,6.4
87.001726,2026-05-06T04:00:38.426522+00:00,66.0353,-0.0474,96.088,-0.0346,0.8461,0.0,2400.0,0.0,6.4
87.5,2026-05-06T04:00:38.929177+00:00,65.7958,-0.1637,96.0445,-0.0729,0.8461,0.0,2400.0,0.0,6.3488
88.0,2026-05-06T04:00:39.424259+00:00,65.9934,0.0015,96.1499,-0.0175,0.8461,0.0,2400.0,0.0,6.375
88.5,2026-05-06T04:00:39.924319+00:00,65.8908,-0.0625,95.9995,-0.0443,0.8461,0.0,2400.0,0.0,6.3878
89.0,2026-05-06T04:00:40.424433+00:00,66.321,0.1429,96.0922,-0.034,0.8461,0.0,2400.0,0.0,6.394
89.5,2026-05-06T04:00:40.925811+00:00,66.2699,0.2371,95.9783,-0.0956,0.8461,0.0,2400.0,0.0,6.3971
90.0,2026-05-06T04:00:41.430396+00:00,66.4851,0.2458,95.9833,-0.0349,0.8461,0.0,2400.0,0.0,6.3986
90.5,2026-05-06T04:00:41.924460+00:00,66.6505,0.3799,96.2186,0.058,0.8461,0.0,2400.0,0.0,6.3481
91.0,2026-05-06T04:00:42.424539+00:00,66.905,0.292,96.2837,0.0446,0.8461,0.0,2400.0,0.0,6.3235
91.5,2026-05-06T04:00:42.924268+00:00,66.9732,0.3517,96.1949,0.0651,0.8461,0.0,2400.0,0.0,6.3115
92.0,2026-05-06T04:00:43.424438+00:00,67.0257,0.2703,96.2655,0.0578,0.8461,0.0,2400.0,0.0,6.3056
92.5,2026-05-06T04:00:43.929198+00:00,67.3206,0.335,96.1809,0.0675,0.8461,0.0,2400.0,0.0,6.3027
93.0,2026-05-06T04:00:44.424554+00:00,67.2927,0.1939,96.1159,0.0442,0.8461,0.0,2400.0,0.0,6.3525
93.5,2026-05-06T04:00:44.924266+00:00,67.144,0.0854,95.9734,-0.0817,0.8461,0.0,2400.0,0.0,6.3768
94.0,2026-05-06T04:00:45.424289+00:00,67.1569,0.0656,95.9564,-0.1091,0.8461,0.0,2400.0,0.0,6.3887
94.5,2026-05-06T04:00:45.924276+00:00,67.1669,-0.0768,95.8739,-0.107,0.8461,0.0,2400.0,0.0,6.3945
95.00193,2026-05-06T04:00:46.437082+00:00,67.4291,0.0682,95.9031,-0.1208,0.8461,0.0,2400.0,0.0,6.3461
95.5,2026-05-06T04:00:46.924394+00:00,67.5034,0.1797,95.7636,-0.1391,0.8461,0.0,2400.0,0.0,6.3737
96.0,2026-05-06T04:00:47.424411+00:00,67.3059,0.0745,95.8183,-0.0992,0.8461,0.0,2400.0,0.0,6.3872
96.5,2026-05-06T04:00:47.925048+00:00,67.4087,0.1209,95.8603,-0.0377,0.8461,0.0,2400.0,0.0,6.3937
97.0,2026-05-06T04:00:48.426150+00:00,67.3604,-0.0344,96.0083,0.0173,0.8461,0.0,2400.0,0.0,6.3969
97.5,2026-05-06T04:00:48.932270+00:00,67.3233,-0.09,96.0064,0.0442,0.8461,0.0,2400.0,0.0,6.3473
98.0,2026-05-06T04:00:49.424251+00:00,67.2947,-0.0056,96.0049,0.0339,0.8461,0.0,2400.0,0.0,6.3231
98.5,2026-05-06T04:00:49.924259+00:00,67.4001,-0.0043,96.0038,0.0801,0.8461,0.0,2400.0,0.0,6.3113
99.0,2026-05-06T04:00:50.424634+00:00,67.3538,-0.0033,96.0029,0.0615,0.8461,0.0,2400.0,0.0,6.3055
99.5,2026-05-06T04:00:50.925037+00:00,67.4455,0.0611,95.8865,0.0087,0.8461,0.0,2400.0,0.0,6.3027
100.0,2026-05-06T04:00:51.428069+00:00,67.6432,0.1742,96.0054,-0.001,0.8461,0.0,2400.0,0.0,6.3013
100.5,2026-05-06T04:00:51.924422+00:00,67.6679,0.1339,96.0041,-0.0008,0.8461,0.0,2400.0,0.0,6.3006
101.0,2026-05-06T04:00:52.424257+00:00,67.9415,0.2938,96.0032,-0.0006,0.8461,0.0,2400.0,0.0,6.3003
101.5,2026-05-06T04:00:52.924361+00:00,68.1517,0.3531,95.9793,-0.0082,0.8461,0.0,2400.0,0.0,6.3002
102.0,2026-05-06T04:00:53.424345+00:00,67.9315,0.1441,96.0998,0.0323,0.8461,0.0,2400.0,0.0,6.3001
102.5,2026-05-06T04:00:53.930137+00:00,68.0167,0.1744,95.961,0.0248,0.8461,0.0,2400.0,0.0,6.3
103.0,2026-05-06T04:00:54.424400+00:00,67.955,0.0068,95.97,-0.0118,0.8461,0.0,2400.0,0.0,6.3512
103.5,2026-05-06T04:00:54.924768+00:00,68.1621,0.0052,96.0001,-0.0013,0.8461,0.0,2400.0,0.0,6.3762
104.0,2026-05-06T04:00:55.424271+00:00,68.3213,0.1949,96.1389,0.0453,0.8461,0.0,2400.0,0.0,6.3884
104.5,2026-05-06T04:00:55.924424+00:00,68.5709,0.2771,96.2225,0.0811,0.8461,0.0,2400.0,0.0,6.3431
105.0,2026-05-06T04:00:56.428796+00:00,68.5082,0.2766,96.171,0.0237,0.8461,0.0,2400.0,0.0,6.321
105.5,2026-05-06T04:00:56.924861+00:00,68.46,0.149,95.9926,0.0105,0.8461,0.0,2400.0,0.0,6.3103
106.0,2026-05-06T04:00:57.424268+00:00,68.6775,0.1781,95.8555,-0.0382,0.8461,0.0,2400.0,0.0,6.305
106.5,2026-05-06T04:00:57.924294+00:00,68.8447,0.1369,95.8889,-0.0371,0.8461,0.0,2400.0,0.0,6.3024
107.0,2026-05-06T04:00:58.424309+00:00,68.8459,0.1689,95.9146,-0.0748,0.8461,0.0,2400.0,0.0,6.3012
107.50189,2026-05-06T04:00:58.932769+00:00,68.8469,0.1934,96.0501,-0.0575,0.8461,0.0,2400.0,0.0,6.3006
108.0,2026-05-06T04:00:59.424280+00:00,68.7203,0.0214,96.0153,-0.0519,0.8461,0.0,2400.0,0.0,6.3515
108.5,2026-05-06T04:00:59.924645+00:00,68.8776,0.0164,96.1275,0.045,0.8461,0.0,2400.0,0.0,6.3251
109.0,2026-05-06T04:01:00.424281+00:00,69.1258,0.1399,96.1906,0.1117,0.8461,0.0,2400.0,0.0,6.3123
109.500667,2026-05-06T04:01:00.925765+00:00,69.0619,0.1075,96.1696,0.0936,0.8461,0.0,2400.0,0.0,6.306
110.0,2026-05-06T04:01:01.428872+00:00,68.8856,0.0827,96.1304,0.0719,0.8461,0.0,2400.0,0.0,6.3029
110.5,2026-05-06T04:01:01.924256+00:00,69.0047,0.0635,96.2159,0.0553,0.8461,0.0,2400.0,0.0,6.3014
111.0,2026-05-06T04:01:02.425184+00:00,69.0961,-0.0148,96.2816,0.0888,0.8461,0.0,2400.0,0.0,6.3007
111.5,2026-05-06T04:01:02.924732+00:00,69.0392,-0.0114,96.1008,-0.0089,0.8461,0.0,2400.0,0.0,6.3003
112.0,2026-05-06T04:01:03.424862+00:00,69.1227,0.1185,96.0774,-0.0377,0.8461,0.0,2400.0,0.0,6.3002
112.5,2026-05-06T04:01:03.932537+00:00,69.3141,0.1547,95.9438,-0.0753,0.8461,0.0,2400.0,0.0,6.3001
113.0,2026-05-06T04:01:04.424739+00:00,69.334,0.1189,95.9568,-0.0578,0.8461,0.0,2400.0,0.0,6.3
113.5,2026-05-06T04:01:04.924374+00:00,69.3493,0.155,95.9668,-0.083,0.8461,0.0,2400.0,0.0,6.3
114.0,2026-05-06T04:01:05.424374+00:00,69.361,0.1192,96.0902,-0.0638,0.8461,0.0,2400.0,0.0,6.3
114.5,2026-05-06T04:01:05.924266+00:00,69.37,0.028,96.0693,-0.0105,0.8461,0.0,2400.0,0.0,6.3
115.0,2026-05-06T04:01:06.429240+00:00,69.377,0.0215,96.169,0.0305,0.8461,0.0,2400.0,0.0,6.3
115.5,2026-05-06T04:01:06.925184+00:00,69.5096,0.0801,96.1299,0.062,0.8461,0.0,2400.0,0.0,6.3
116.0,2026-05-06T04:01:07.424413+00:00,69.6115,0.1252,96.0998,0.0477,0.8461,0.0,2400.0,0.0,6.3
116.5,2026-05-06T04:01:07.924271+00:00,69.5625,0.0963,96.1924,0.0752,0.8461,0.0,2400.0,0.0,6.3
117.0,2026-05-06T04:01:08.424281+00:00,69.6522,0.1376,96.0322,-0.0193,0.8461,0.0,2400.0,0.0,6.3
117.5,2026-05-06T04:01:08.930078+00:00,69.7211,0.1058,96.0247,-0.0149,0.8461,0.0,2400.0,0.0,6.3
118.0,2026-05-06T04:01:09.424461+00:00,69.6468,0.0177,96.019,-0.05,0.8461,0.0,2400.0,0.0,6.3512
118.5,2026-05-06T04:01:09.924278+00:00,69.717,0.0772,95.8989,-0.077,0.8461,0.0,2400.0,0.0,6.325
119.0,2026-05-06T04:01:10.424680+00:00,69.7709,0.0593,95.8066,-0.0977,0.8461,0.0,2400.0,0.0,6.3122
119.5,2026-05-06T04:01:10.924834+00:00,69.6851,-0.018,95.8514,-0.1137,0.8461,0.0,2400.0,0.0,6.306
120.0,2026-05-06T04:01:11.433536+00:00,69.8736,0.1134,95.6544,-0.1259,0.8461,0.0,2400.0,0.0,6.3029
120.5,2026-05-06T04:01:11.924310+00:00,69.764,0.0235,95.85,-0.0582,0.8461,0.0,2400.0,0.0,6.3014
121.0,2026-05-06T04:01:12.424305+00:00,69.5525,-0.1092,95.769,-0.0833,0.8461,0.0,2400.0,0.0,6.3007
121.5,2026-05-06T04:01:12.924453+00:00,69.6445,-0.0203,95.8225,-0.0255,0.8461,0.0,2400.0,0.0,6.3003
122.0,2026-05-06T04:01:13.424367+00:00,69.7152,-0.0792,95.9793,0.0576,0.8461,0.0,2400.0,0.0,6.3002
122.5,2026-05-06T04:01:13.930995+00:00,69.7695,0.0027,95.9609,0.0365,0.8461,0.0,2400.0,0.0,6.3001
123.0,2026-05-06T04:01:14.424473+00:00,69.684,0.0657,96.0857,0.1438,0.8461,0.0,2400.0,0.0,6.3
123.5,2026-05-06T04:01:14.924862+00:00,70.0001,0.1778,96.0658,0.0719,0.8461,0.0,2400.0,0.0,6.3
124.0,2026-05-06T04:01:15.424317+00:00,70.1158,0.2003,96.0506,0.0939,0.8461,0.0,2400.0,0.0,6.3
124.5,2026-05-06T04:01:15.924264+00:00,70.2047,0.2176,96.1546,0.1107,0.8461,0.0,2400.0,0.0,6.3
125.0,2026-05-06T04:01:16.428205+00:00,70.273,0.2945,96.1188,0.0465,0.8461,0.0,2400.0,0.0,6.3
125.5,2026-05-06T04:01:16.924270+00:00,70.3255,0.1627,96.207,0.082,0.8461,0.0,2400.0,0.0,6.3
126.0,2026-05-06T04:01:17.424267+00:00,70.3659,0.1251,96.2748,0.0631,0.8461,0.0,2400.0,0.0,6.3
126.5,2026-05-06T04:01:17.924932+00:00,70.2697,0.0325,96.2344,0.0562,0.8461,0.0,2400.0,0.0,6.3
127.0,2026-05-06T04:01:18.424747+00:00,70.323,0.025,96.1801,0.0432,0.8461,0.0,2400.0,0.0,6.3
127.5,2026-05-06T04:01:18.929142+00:00,70.4912,0.0828,96.2542,0.0332,0.8461,0.0,2400.0,0.0,6.3
128.0,2026-05-06T04:01:19.425037+00:00,70.6205,0.1273,96.1953,0.0255,0.8461,0.0,2400.0,0.0,6.3
128.5,2026-05-06T04:01:19.924299+00:00,70.8472,0.2887,96.2658,0.0196,0.8461,0.0,2400.0,0.0,6.3
129.0,2026-05-06T04:01:20.424300+00:00,71.0214,0.3492,96.2043,-0.0235,0.8461,0.0,2400.0,0.0,6.3
129.5,2026-05-06T04:01:20.924806+00:00,70.9007,0.2048,96.157,-0.0258,0.8461,0.0,2400.0,0.0,6.3
130.0,2026-05-06T04:01:21.430863+00:00,70.9353,0.1574,96.0976,-0.0275,0.8461,0.0,2400.0,0.0,6.3
130.5,2026-05-06T04:01:21.924716+00:00,70.8345,-0.0063,96.075,-0.0597,0.8461,0.0,2400.0,0.0,6.3
131.0,2026-05-06T04:01:22.424277+00:00,70.8844,-0.0685,96.1733,-0.0073,0.8461,0.0,2400.0,0.0,6.3
131.5,2026-05-06T04:01:22.924283+00:00,70.9227,0.011,96.2489,-0.0056,0.8461,0.0,2400.0,0.0,6.3
132.0,2026-05-06T04:01:23.424315+00:00,71.0794,0.0721,96.307,0.0342,0.8461,0.0,2400.0,0.0,6.3
132.5,2026-05-06T04:01:23.930589+00:00,71.1999,0.1827,96.3517,0.0649,0.8461,0.0,2400.0,0.0,6.2488
133.0,2026-05-06T04:01:24.426278+00:00,71.2925,0.204,96.2703,0.0576,0.8461,0.0,2400.0,0.0,6.3262
133.5,2026-05-06T04:01:24.924332+00:00,71.1091,0.0932,96.2078,0.0443,0.8461,0.0,2400.0,0.0,6.364
134.0,2026-05-06T04:01:25.424290+00:00,71.2227,0.0716,96.2754,0.034,0.8461,0.0,2400.0,0.0,6.3824
134.5,2026-05-06T04:01:25.924301+00:00,71.31,0.0551,96.3274,0.0261,0.8461,0.0,2400.0,0.0,6.3914
135.0,2026-05-06T04:01:26.430716+00:00,71.5044,0.1059,96.1128,-0.0648,0.8461,0.0,2400.0,0.0,6.3958
135.5,2026-05-06T04:01:26.924320+00:00,71.781,0.336,96.0867,-0.0883,0.8461,0.0,2400.0,0.0,6.398
136.0,2026-05-06T04:01:27.424788+00:00,71.8664,0.3219,96.1823,-0.0293,0.8461,0.0,2400.0,0.0,6.399
136.5,2026-05-06T04:01:27.926188+00:00,71.932,0.311,96.1401,-0.0225,0.8461,0.0,2400.0,0.0,6.3995
137.0,2026-05-06T04:01:28.424270+00:00,71.7279,0.1118,96.2234,-0.0173,0.8461,0.0,2400.0,0.0,6.3998
137.5,2026-05-06T04:01:28.928305+00:00,71.5711,-0.105,96.1717,-0.0519,0.8461,0.0,2400.0,0.0,6.3487
138.0,2026-05-06T04:01:29.424272+00:00,71.4505,-0.208,96.132,0.0064,0.8461,0.0,2400.0,0.0,6.375
138.5,2026-05-06T04:01:29.924339+00:00,71.6124,-0.1598,96.2171,0.0435,0.8461,0.0,2400.0,0.0,6.3878
139.0,2026-05-06T04:01:30.424349+00:00,71.864,0.068,96.2826,0.0334,0.8461,0.0,2400.0,0.0,6.394
139.5,2026-05-06T04:01:30.924459+00:00,72.0575,0.2432,96.2172,0.0257,0.8461,0.0,2400.0,0.0,6.3459
140.0,2026-05-06T04:01:31.430222+00:00,72.0789,0.3142,96.1669,-0.0188,0.8461,0.0,2400.0,0.0,6.3224
140.5,2026-05-06T04:01:31.924323+00:00,71.9681,0.1779,96.244,0.0241,0.8461,0.0,2400.0,0.0,6.3109
141.0,2026-05-06T04:01:32.425161+00:00,71.6284,-0.1178,96.1875,0.0185,0.8461,0.0,2400.0,0.0,6.3053
141.5,2026-05-06T04:01:32.924350+00:00,71.8763,-0.0906,96.1441,-0.0243,0.8461,0.0,2400.0,0.0,6.3026
142.0,2026-05-06T04:01:33.425220+00:00,71.9397,-0.0696,96.2265,-0.0187,0.8461,0.0,2400.0,0.0,6.3013
142.5,2026-05-06T04:01:33.929000+00:00,71.9883,0.0101,96.2898,0.0242,0.8461,0.0,2400.0,0.0,6.3006
143.0,2026-05-06T04:01:34.424404+00:00,71.8985,0.1351,96.2227,0.0186,0.8461,0.0,2400.0,0.0,6.3515
143.5,2026-05-06T04:01:34.924319+00:00,71.9567,0.0402,96.0555,-0.0628,0.8461,0.0,2400.0,0.0,6.3251
144.0,2026-05-06T04:01:35.424283+00:00,72.0014,0.0309,96.1583,-0.0097,0.8461,0.0,2400.0,0.0,6.3123
144.5,2026-05-06T04:01:35.925051+00:00,72.1631,0.0874,96.1217,-0.0075,0.8461,0.0,2400.0,0.0,6.306
145.0,2026-05-06T04:01:36.430889+00:00,72.16,0.1308,96.0935,-0.0443,0.8461,0.0,2400.0,0.0,6.3029
145.5,2026-05-06T04:01:36.924274+00:00,72.285,0.1642,96.1876,-0.0341,0.8461,0.0,2400.0,0.0,6.3014
146.0,2026-05-06T04:01:37.425431+00:00,72.381,0.1898,96.1442,-0.0262,0.8461,0.0,2400.0,0.0,6.3007
146.5,2026-05-06T04:01:37.924920+00:00,72.3276,0.0822,95.9951,-0.0201,0.8461,0.0,2400.0,0.0,6.3003
147.0,2026-05-06T04:01:38.424453+00:00,72.2865,0.0632,95.9963,-0.054,0.8461,0.0,2400.0,0.0,6.3002
147.5,2026-05-06T04:01:38.929272+00:00,72.1276,-0.0787,96.1128,-0.003,0.8461,0.0,2400.0,0.0,6.3001
148.0,2026-05-06T04:01:39.424295+00:00,72.3873,0.0032,96.0867,-0.0023,0.8461,0.0,2400.0,0.0,6.3
148.5,2026-05-06T04:01:39.924654+00:00,72.4597,0.0661,96.0666,-0.0403,0.8461,0.0,2400.0,0.0,6.3
149.0,2026-05-06T04:01:40.424305+00:00,72.6426,0.178,96.1669,0.0076,0.8461,0.0,2400.0,0.0,6.3
149.5,2026-05-06T04:01:40.925334+00:00,72.7831,0.3278,96.1283,0.0444,0.8461,0.0,2400.0,0.0,6.3
150.000457,2026-05-06T04:01:41.431777+00:00,72.7639,0.1883,96.0986,0.0341,0.8461,0.0,2400.0,0.0,6.3
150.5,2026-05-06T04:01:41.924332+00:00,72.7491,0.1447,96.1915,0.0262,0.8461,0.0,2400.0,0.0,6.3
151.0,2026-05-06T04:01:42.424336+00:00,72.9923,0.1749,96.1472,0.0202,0.8461,0.0,2400.0,0.0,6.3
151.5,2026-05-06T04:01:42.924346+00:00,73.1792,0.198,96.2288,0.0541,0.8461,0.0,2400.0,0.0,6.3
152.0,2026-05-06T04:01:43.424638+00:00,72.941,0.0886,96.2916,0.0415,0.8461,0.0,2400.0,0.0,6.3
152.5,2026-05-06T04:01:43.932577+00:00,73.0125,0.1317,96.2241,0.0319,0.8461,0.0,2400.0,0.0,6.2488
153.0,2026-05-06T04:01:44.424462+00:00,73.1948,0.1012,96.2879,0.0631,0.8461,0.0,2400.0,0.0,6.275
153.5,2026-05-06T04:01:44.924283+00:00,73.3348,0.0778,96.1056,-0.0286,0.8461,0.0,2400.0,0.0,6.2878
154.0,2026-05-06T04:01:45.425413+00:00,73.3152,0.1871,96.0812,-0.022,0.8461,0.0,2400.0,0.0,6.294
154.5,2026-05-06T04:01:45.924277+00:00,73.4274,0.2074,95.9467,-0.094,0.8461,0.0,2400.0,0.0,6.2971
155.0,2026-05-06T04:01:46.428075+00:00,73.5136,0.1594,95.959,-0.1108,0.8461,0.0,2400.0,0.0,6.2986
155.5,2026-05-06T04:01:46.924280+00:00,73.4526,0.0589,95.9685,-0.0852,0.8461,0.0,2400.0,0.0,6.2993
156.0,2026-05-06T04:01:47.424296+00:00,73.533,0.1089,96.0915,-0.0655,0.8461,0.0,2400.0,0.0,6.2997
156.5,2026-05-06T04:01:47.925585+00:00,73.5948,0.0837,96.0472,-0.0195,0.8461,0.0,2400.0,0.0,6.2998
157.0,2026-05-06T04:01:48.424739+00:00,73.3877,-0.0629,96.0363,-0.015,0.8461,0.0,2400.0,0.0,6.2999
157.5,2026-05-06T04:01:48.930092+00:00,73.6104,0.0789,96.0279,0.0271,0.8461,0.0,2400.0,0.0,6.3
158.0,2026-05-06T04:01:49.424288+00:00,73.6543,0.0606,96.1371,0.0594,0.8461,0.0,2400.0,0.0,6.3
158.5,2026-05-06T04:01:49.924379+00:00,73.688,0.0466,96.2211,0.0842,0.8461,0.0,2400.0,0.0,6.3
159.0,2026-05-06T04:01:50.424315+00:00,73.7139,0.1631,96.2856,0.0647,0.8461,0.0,2400.0,0.0,6.3
159.5,2026-05-06T04:01:50.924273+00:00,73.8611,0.1254,96.2195,0.0575,0.8461,0.0,2400.0,0.0,6.3
160.0,2026-05-06T04:01:51.429007+00:00,73.847,0.0963,96.1687,0.0442,0.8461,0.0,2400.0,0.0,6.3
160.5,2026-05-06T04:01:51.924688+00:00,73.8361,0.0741,96.014,-0.0046,0.8461,0.0,2400.0,0.0,6.3
161.0,2026-05-06T04:01:52.424712+00:00,73.955,0.1206,96.0108,-0.0421,0.8461,0.0,2400.0,0.0,6.3
161.5,2026-05-06T04:01:52.924274+00:00,74.0464,0.0927,96.0083,-0.0709,0.8461,0.0,2400.0,0.0,6.3
162.0,2026-05-06T04:01:53.424291+00:00,73.9894,0.0712,96.0064,-0.0931,0.8461,0.0,2400.0,0.0,6.3
162.5,2026-05-06T04:01:53.930916+00:00,74.2001,0.182,96.1206,-0.033,0.8461,0.0,2400.0,0.0,6.3
163.0,2026-05-06T04:01:54.424554+00:00,74.3621,0.2035,96.2084,0.0132,0.8461,0.0,2400.0,0.0,6.3
163.5,2026-05-06T04:01:54.924445+00:00,74.3593,0.1564,96.1602,0.0487,0.8461,0.0,2400.0,0.0,6.3
164.0,2026-05-06T04:01:55.424425+00:00,74.4844,0.2475,96.0074,-0.0011,0.8461,0.0,2400.0,0.0,6.3
164.5,2026-05-06T04:01:55.924339+00:00,74.4533,0.1266,96.0057,-0.0009,0.8461,0.0,2400.0,0.0,6.3
165.0,2026-05-06T04:01:56.430779+00:00,74.1749,-0.0936,96.1201,0.0379,0.8461,0.0,2400.0,0.0,6.3
165.5,2026-05-06T04:01:56.924426+00:00,74.2154,-0.0719,96.0923,-0.0094,0.8461,0.0,2400.0,0.0,6.3
166.0,2026-05-06T04:01:57.424955+00:00,74.2465,-0.1189,96.1866,-0.0072,0.8461,0.0,2400.0,0.0,6.3
166.5,2026-05-06T04:01:57.925172+00:00,74.2705,-0.0914,96.2591,0.033,0.8461,0.0,2400.0,0.0,6.3
167.0,2026-05-06T04:01:58.424912+00:00,74.2889,0.057,95.9678,-0.0132,0.8461,0.0,2400.0,0.0,6.3
167.5,2026-05-06T04:01:58.929488+00:00,74.1758,-0.0198,95.9752,-0.0102,0.8461,0.0,2400.0,0.0,6.2488
168.0,2026-05-06T04:01:59.424283+00:00,74.2161,-0.0152,95.981,-0.0464,0.8461,0.0,2400.0,0.0,6.275
168.5,2026-05-06T04:01:59.925137+00:00,74.2471,-0.0117,95.9622,-0.0434,0.8461,0.0,2400.0,0.0,6.2878
169.0,2026-05-06T04:02:00.424298+00:00,74.3982,0.0546,95.971,-0.0719,0.8461,0.0,2400.0,0.0,6.294
169.5,2026-05-06T04:02:00.924825+00:00,74.387,0.1056,96.0934,-0.0553,0.8461,0.0,2400.0,0.0,6.2971
170.0,2026-05-06T04:02:01.432447+00:00,74.5057,0.1448,96.0718,0.0347,0.8461,0.0,2400.0,0.0,6.2986
170.5,2026-05-06T04:02:01.924341+00:00,74.597,0.1749,95.9395,-0.0119,0.8461,0.0,2400.0,0.0,6.2481
171.0,2026-05-06T04:02:02.424303+00:00,74.5398,0.0708,95.9535,-0.0092,0.8461,0.0,2400.0,0.0,6.2235
171.5,2026-05-06T04:02:02.924321+00:00,74.3686,-0.0092,95.8485,-0.0379,0.8461,0.0,2400.0,0.0,6.2115
172.0,2026-05-06T04:02:03.424320+00:00,74.6188,0.0566,95.7679,-0.0677,0.8461,0.0,2400.0,0.0,6.2056
172.5,2026-05-06T04:02:03.929327+00:00,74.8112,0.1071,95.9373,-0.052,0.8461,0.0,2400.0,0.0,6.2027
173.0,2026-05-06T04:02:04.424307+00:00,74.959,0.2096,96.0675,-0.0014,0.8461,0.0,2400.0,0.0,6.2525
173.5,2026-05-06T04:02:04.924959+00:00,75.0726,0.352,96.1676,0.076,0.8461,0.0,2400.0,0.0,6.2768
174.0,2026-05-06T04:02:05.424333+00:00,75.2872,0.3342,96.1288,0.0584,0.8461,0.0,2400.0,0.0,6.2887
174.5,2026-05-06T04:02:05.924290+00:00,75.0703,0.1296,96.099,0.0835,0.8461,0.0,2400.0,0.0,6.2945
175.0,2026-05-06T04:02:06.429746+00:00,74.6491,-0.1549,96.3075,0.1799,0.7974,-0.0487,2045.94,-354.06,6.2973
175.5,2026-05-06T04:02:06.924326+00:00,74.3254,-0.3736,96.352,0.1382,0.7775,-0.0686,1900.8108,-499.1892,6.2987
176.0,2026-05-06T04:02:07.424363+00:00,73.822,-0.7326,96.3863,0.1063,0.7693,-0.0281,1841.3223,-204.6177,6.2994
176.5,2026-05-06T04:02:07.924345+00:00,73.5624,-0.754,96.5283,0.1202,0.7659,-0.0115,1816.938,-83.8728,6.2997
177.0,2026-05-06T04:02:08.424344+00:00,73.2355,-0.7068,96.2903,0.0538,0.7646,-0.0047,1806.9429,-34.3795,6.2998
177.5,2026-05-06T04:02:08.930686+00:00,72.8571,-0.7341,96.4546,0.1185,0.764,-0.0019,1802.8459,-14.0921,6.2999
178.0,2026-05-06T04:02:09.424444+00:00,72.5662,-0.6279,96.3494,0.014,0.7638,-0.0008,1801.1665,-5.7764,6.3
178.5,2026-05-06T04:02:09.924335+00:00,72.3426,-0.6099,96.2685,-0.0278,0.7637,-0.0003,1800.4782,-2.3677,6.3
179.0,2026-05-06T04:02:10.424348+00:00,72.298,-0.4687,96.4378,0.0172,0.7636,-0.0001,1800.196,-0.9705,6.3
179.5,2026-05-06T04:02:10.924539+00:00,72.1365,-0.3603,96.3365,-0.0639,0.7636,-0.0001,1800.0803,-0.3978,6.3
180.0,2026-05-06T04:02:11.430422+00:00,72.0124,-0.2769,96.3743,0.028,0.7636,-0.0,1800.0329,-0.1631,6.3
180.5,2026-05-06T04:02:11.924464+00:00,71.9169,-0.2128,96.2877,-0.0556,0.7636,-0.0,1800.0135,-0.0668,6.3
181.0,2026-05-06T04:02:12.424368+00:00,71.9709,-0.1636,96.2211,-0.0427,0.7636,-0.0,1800.0055,-0.0274,6.3
181.5,2026-05-06T04:02:12.924459+00:00,71.7578,-0.1894,96.2857,0.0057,0.7636,-0.0,1800.0023,-0.0112,6.3
182.0,2026-05-06T04:02:13.424400+00:00,71.594,-0.2092,96.3353,-0.0342,0.7636,-0.0,1800.0009,-0.0046,6.3
182.5,2026-05-06T04:02:13.928835+00:00,71.7227,-0.0971,96.142,-0.0648,0.7636,-0.0,1800.0004,-0.0019,6.2488
183.0,2026-05-06T04:02:14.424933+00:00,71.9488,-0.011,96.3405,-0.0113,0.7636,-0.0,1800.0002,-0.0008,6.275
183.5,2026-05-06T04:02:14.924340+00:00,71.8681,0.0552,96.4931,0.0685,0.7636,-0.0,1800.0001,-0.0003,6.2878
184.0,2026-05-06T04:02:15.424872+00:00,71.8061,0.106,96.6104,0.1298,0.7636,-0.0,1800.0,-0.0001,6.294
184.5,2026-05-06T04:02:15.924346+00:00,71.6311,-0.0458,96.5849,0.0997,0.7636,-0.0,1800.0,-0.0001,6.2971
185.0,2026-05-06T04:02:16.430923+00:00,71.6239,-0.1625,96.5652,0.0767,0.7636,-0.0,1800.0,-0.0,6.2986
185.5,2026-05-06T04:02:16.924918+00:00,71.6184,-0.1249,96.4344,0.0975,0.7636,-0.0,1800.0,-0.0,6.2993
186.0,2026-05-06T04:02:17.424383+00:00,71.6141,-0.096,96.5653,0.0749,0.7636,-0.0,1800.0,-0.0,6.2997
186.5,2026-05-06T04:02:17.924802+00:00,71.4836,-0.0738,96.5502,0.019,0.7636,-0.0,1800.0,-0.0,6.2998
187.0,2026-05-06T04:02:18.424352+00:00,71.3833,-0.1203,96.4229,-0.0625,0.7636,-0.0,1800.0,-0.0,6.2999
187.5,2026-05-06T04:02:18.928892+00:00,71.3061,-0.1561,96.4407,-0.048,0.7636,-0.0,1800.0,-0.0,6.3
188.0,2026-05-06T04:02:19.425015+00:00,71.3741,-0.12,96.3387,-0.0755,0.7636,-0.0,1800.0,-0.0,6.3
188.5,2026-05-06T04:02:19.924374+00:00,71.5537,0.035,96.3761,-0.0195,0.7636,-0.0,1800.0,-0.0,6.3
189.0,2026-05-06T04:02:20.424365+00:00,71.4371,0.0269,96.5204,-0.015,0.7636,-0.0,1800.0,-0.0,6.3
189.5,2026-05-06T04:02:20.924331+00:00,71.3475,0.0207,96.4926,-0.0192,0.7636,-0.0,1800.0,-0.0,6.3
190.0,2026-05-06T04:02:21.431136+00:00,71.2787,-0.0477,96.61,0.0624,0.7636,-0.0,1800.0,-0.0,6.3
190.5,2026-05-06T04:02:21.924648+00:00,70.9712,-0.2912,96.4688,0.0094,0.7636,-0.0,1800.0,-0.0,6.3
191.0,2026-05-06T04:02:22.424350+00:00,70.9895,-0.2238,96.5917,0.0843,0.7636,-0.0,1800.0,-0.0,6.3
191.5,2026-05-06T04:02:22.924345+00:00,71.1307,-0.1084,96.6862,0.1034,0.7636,-0.0,1800.0,-0.0,6.3
192.0,2026-05-06T04:02:23.424433+00:00,71.2393,-0.0197,96.7588,0.0795,0.7636,-0.0,1800.0,-0.0,6.3
192.5,2026-05-06T04:02:23.928998+00:00,71.4501,0.2394,96.9303,0.1459,0.7636,-0.0,1800.0,-0.0,6.3
193.0,2026-05-06T04:02:24.424463+00:00,71.612,0.3113,96.8308,0.0736,0.7636,-0.0,1800.0,-0.0,6.3
193.5,2026-05-06T04:02:24.924324+00:00,71.6092,0.2393,96.8699,0.1337,0.7636,-0.0,1800.0,-0.0,6.3
194.0,2026-05-06T04:02:25.424330+00:00,71.4798,0.1203,96.7843,0.0642,0.7636,-0.0,1800.0,-0.0,6.3
194.5,2026-05-06T04:02:25.924348+00:00,71.5076,0.0288,96.7185,0.0108,0.7636,0.0,1800.0,-0.0,6.3
195.0,2026-05-06T04:02:26.430131+00:00,71.529,-0.0415,96.5523,-0.0689,0.7636,0.0,1800.0,-0.0,6.3
195.5,2026-05-06T04:02:26.924568+00:00,71.5454,-0.0319,96.6559,-0.0915,0.7636,0.0,1800.0,0.0,6.3
196.0,2026-05-06T04:02:27.424417+00:00,71.4308,-0.0245,96.7355,-0.0318,0.7636,0.0,1800.0,0.0,6.3
196.5,2026-05-06T04:02:27.924865+00:00,71.4699,-0.0188,96.7967,-0.0244,0.7636,0.0,1800.0,0.0,6.2488
197.0,2026-05-06T04:02:28.425155+00:00,71.2455,-0.1418,96.728,-0.0188,0.7636,0.0,1800.0,0.0,6.2238
197.5,2026-05-06T04:02:28.932161+00:00,71.2003,-0.1726,96.791,0.0241,0.7636,0.0,1800.0,0.0,6.2116
198.0,2026-05-06T04:02:29.424761+00:00,71.1655,-0.1327,96.8393,0.0957,0.7636,0.0,1800.0,0.0,6.2569
198.5,2026-05-06T04:02:29.924830+00:00,71.266,-0.102,96.8765,0.0736,0.7636,0.0,1800.0,0.0,6.279
199.0,2026-05-06T04:02:30.424343+00:00,71.3433,0.0489,97.0208,0.0951,0.7636,0.0,1800.0,0.0,6.2897
199.5,2026-05-06T04:02:30.924325+00:00,71.2754,0.0376,97.016,0.0731,0.7636,0.0,1800.0,0.0,6.295
200.0,2026-05-06T04:02:31.428750+00:00,71.4778,0.1562,97.128,0.1333,0.7636,0.0,1800.0,0.0,6.2976
200.5,2026-05-06T04:02:31.924368+00:00,71.5061,0.12,97.0984,0.1025,0.7636,0.0,1800.0,0.0,6.2988
201.0,2026-05-06T04:02:32.424341+00:00,71.5278,0.0923,97.1913,0.1173,0.7636,0.0,1800.0,0.0,6.2994
201.5,2026-05-06T04:02:32.924351+00:00,71.5445,0.1345,97.2627,0.1287,0.7636,0.0,1800.0,0.0,6.2485
202.0,2026-05-06T04:02:33.424419+00:00,71.5574,0.0398,97.2019,0.0604,0.7636,0.0,1800.0,0.0,6.2237
202.5,2026-05-06T04:02:33.929350+00:00,71.5672,0.0306,97.1552,0.0464,0.7636,0.0,1800.0,0.0,6.2116
203.0,2026-05-06T04:02:34.424984+00:00,71.4475,-0.0401,97.235,0.0357,0.7636,0.0,1800.0,0.0,6.2568
203.5,2026-05-06T04:02:34.924347+00:00,71.4828,-0.0309,97.1806,0.0274,0.7636,0.0,1800.0,0.0,6.2789
204.0,2026-05-06T04:02:35.426202+00:00,71.5099,-0.0237,97.0231,-0.0561,0.7636,0.0,1800.0,0.0,6.2897
204.5,2026-05-06T04:02:35.924326+00:00,71.4035,-0.0819,97.0178,-0.0817,0.7636,0.0,1800.0,0.0,6.3462
205.0,2026-05-06T04:02:36.429835+00:00,71.449,0.0007,97.0137,-0.0628,0.7636,0.0,1800.0,0.0,6.3737
205.5,2026-05-06T04:02:36.924329+00:00,71.7385,0.1278,97.1262,-0.0097,0.7636,0.0,1800.0,0.0,6.336
206.0,2026-05-06T04:02:37.424343+00:00,71.5792,0.0346,96.9813,-0.0846,0.7636,0.0,1800.0,0.0,6.3176
206.5,2026-05-06T04:02:37.924680+00:00,71.584,0.0902,97.1013,-0.0264,0.7636,0.0,1800.0,0.0,6.3086
207.0,2026-05-06T04:02:38.424316+00:00,71.4604,0.0057,96.8465,-0.0589,0.7636,0.0,1800.0,0.0,6.3042
207.5,2026-05-06T04:02:38.931164+00:00,71.4927,-0.1229,96.9977,-0.0067,0.7636,0.0,1800.0,0.0,6.302
208.0,2026-05-06T04:02:39.425887+00:00,71.5175,-0.0308,96.9982,-0.0051,0.7636,0.0,1800.0,0.0,6.301
208.5,2026-05-06T04:02:39.924460+00:00,71.4094,-0.0873,96.8829,-0.0811,0.7636,0.0,1800.0,0.0,6.3005
209.0,2026-05-06T04:02:40.424585+00:00,71.3262,-0.0671,96.91,-0.0238,0.7636,0.0,1800.0,0.0,6.3002
209.5,2026-05-06T04:02:40.924350+00:00,71.3896,-0.0516,96.9308,-0.0568,0.7636,0.0,1800.0,0.0,6.3001
210.0,2026-05-06T04:02:41.431345+00:00,71.4383,-0.0396,96.8312,-0.0051,0.7636,0.0,1800.0,0.0,6.3001
210.5,2026-05-06T04:02:41.924937+00:00,71.3484,-0.0305,96.8702,-0.0425,0.7636,0.0,1800.0,0.0,6.3
211.0,2026-05-06T04:02:42.425010+00:00,71.4066,0.0402,96.6689,-0.1098,0.7636,0.0,1800.0,0.0,6.3
211.5,2026-05-06T04:02:42.924420+00:00,71.1968,-0.0964,96.8612,-0.0073,0.7636,0.0,1800.0,0.0,6.3
212.0,2026-05-06T04:02:43.424348+00:00,71.2901,-0.0741,96.7776,-0.0441,0.7636,0.0,1800.0,0.0,6.3
212.5,2026-05-06T04:02:43.931275+00:00,71.3618,0.0067,96.8291,-0.0339,0.7636,0.0,1800.0,0.0,6.3
213.0,2026-05-06T04:02:44.424834+00:00,71.4169,0.0052,96.7529,-0.0261,0.7636,0.0,1800.0,0.0,6.3
213.5,2026-05-06T04:02:44.924345+00:00,71.4593,0.1312,96.8101,-0.02,0.7636,0.0,1800.0,0.0,6.3
214.0,2026-05-06T04:02:45.424333+00:00,71.1101,-0.09,96.6226,-0.0154,0.7636,0.0,1800.0,0.0,6.3
214.5,2026-05-06T04:02:45.924338+00:00,71.0962,-0.1328,96.71,-0.0504,0.7636,0.0,1800.0,0.0,6.3
215.0,2026-05-06T04:02:46.428885+00:00,71.0855,-0.1657,96.6614,-0.0387,0.7636,0.0,1800.0,0.0,6.3
215.5,2026-05-06T04:02:46.924330+00:00,71.2045,-0.1274,96.8554,0.0088,0.7636,0.0,1800.0,0.0,6.3
216.0,2026-05-06T04:02:47.424435+00:00,71.4233,0.1566,96.7732,0.0068,0.7636,0.0,1800.0,0.0,6.3
216.5,2026-05-06T04:02:47.924415+00:00,71.3369,0.1204,96.71,-0.0334,0.7636,0.0,1800.0,0.0,6.3
217.0,2026-05-06T04:02:48.424441+00:00,71.2705,0.0925,96.7771,0.0515,0.7636,0.0,1800.0,0.0,6.3
217.5,2026-05-06T04:02:48.932212+00:00,71.2195,0.0075,96.713,0.001,0.7636,0.0,1800.0,0.0,6.2488
218.0,2026-05-06T04:02:49.425938+00:00,71.4348,0.0058,96.7794,0.0393,0.7636,0.0,1800.0,0.0,6.275
218.5,2026-05-06T04:02:49.925129+00:00,71.2185,-0.0592,96.8304,-0.0083,0.7636,0.0,1800.0,0.0,6.2878
219.0,2026-05-06T04:02:50.424830+00:00,71.4341,0.0818,96.8697,0.0322,0.7636,0.0,1800.0,0.0,6.294
219.5,2026-05-06T04:02:50.924361+00:00,71.5997,0.1901,97.0155,0.1019,0.7636,0.0,1800.0,0.0,6.2971
220.0,2026-05-06T04:02:51.431213+00:00,71.4725,0.0188,96.7805,0.0012,0.7636,0.0,1800.0,0.0,6.2986
220.5,2026-05-06T04:02:51.925218+00:00,71.6293,0.2054,96.7156,0.0009,0.7636,0.0,1800.0,0.0,6.2993
221.0,2026-05-06T04:02:52.424374+00:00,71.4952,0.0306,96.7814,0.0007,0.7636,0.0,1800.0,0.0,6.2997
221.5,2026-05-06T04:02:52.924368+00:00,71.3922,-0.1038,96.6006,-0.0766,0.7636,0.0,1800.0,0.0,6.2998
222.0,2026-05-06T04:02:53.426843+00:00,71.5676,0.0475,96.5773,-0.0974,0.7636,0.0,1800.0,0.0,6.2999
222.5,2026-05-06T04:02:53.932081+00:00,71.5751,-0.0271,96.5594,-0.152,0.7636,0.0,1800.0,0.0,6.3
223.0,2026-05-06T04:02:54.424340+00:00,71.5808,0.0428,96.5688,-0.0706,0.7636,0.0,1800.0,0.0,6.3
223.5,2026-05-06T04:02:54.924351+00:00,71.458,0.0329,96.6686,-0.0157,0.7636,0.0,1800.0,0.0,6.3
224.0,2026-05-06T04:02:55.424321+00:00,71.4909,-0.0384,96.375,-0.1355,0.7636,0.0,1800.0,0.0,6.3
224.5,2026-05-06T04:02:55.924311+00:00,71.6434,0.0342,96.404,-0.0655,0.7636,0.0,1800.0,0.0,6.3
225.0,2026-05-06T04:02:56.430174+00:00,71.5061,-0.0374,96.4262,-0.0504,0.7636,0.0,1800.0,0.0,6.3
225.5,2026-05-06T04:02:56.924354+00:00,71.5278,0.0349,96.4433,-0.0387,0.7636,0.0,1800.0,0.0,6.3
226.0,2026-05-06T04:02:57.424338+00:00,71.6718,0.0905,96.4795,-0.0298,0.7636,0.0,1800.0,0.0,6.3
226.5,2026-05-06T04:02:57.924356+00:00,71.7824,0.0695,96.6,-0.0229,0.7636,0.0,1800.0,0.0,6.3
227.0,2026-05-06T04:02:58.424349+00:00,71.8675,0.1807,96.5768,0.0673,0.7636,0.0,1800.0,0.0,6.3
227.5,2026-05-06T04:02:58.930638+00:00,71.9329,0.2025,96.5591,0.0517,0.7636,0.0,1800.0,0.0,6.2488
228.0,2026-05-06T04:02:59.424373+00:00,71.8558,0.092,96.6611,0.0783,0.7636,0.0,1800.0,0.0,6.275
228.5,2026-05-06T04:02:59.924354+00:00,71.9239,0.0707,96.6238,0.0602,0.7636,0.0,1800.0,0.0,6.2878
229.0,2026-05-06T04:03:00.424342+00:00,71.9762,0.0544,96.5952,0.0385,0.7636,0.0,1800.0,0.0,6.294
229.5,2026-05-06T04:03:00.924443+00:00,72.1437,0.1054,96.5731,-0.0089,0.7636,0.0,1800.0,0.0,6.2971
230.0,2026-05-06T04:03:01.428896+00:00,72.2724,0.2083,96.5562,-0.0069,0.7636,0.0,1800.0,0.0,6.2986
230.5,2026-05-06T04:03:01.925175+00:00,72.2441,0.1601,96.4275,-0.0438,0.7636,0.0,1800.0,0.0,6.2993
231.0,2026-05-06T04:03:02.424349+00:00,72.0951,0.0594,96.56,-0.0337,0.7636,0.0,1800.0,0.0,6.2997
231.5,2026-05-06T04:03:02.926213+00:00,72.235,0.0457,96.5461,-0.0259,0.7636,0.0,1800.0,0.0,6.2998
232.0,2026-05-06T04:03:03.425285+00:00,72.2154,-0.0285,96.5354,-0.0199,0.7636,0.0,1800.0,0.0,6.2999
232.5,2026-05-06T04:03:03.930616+00:00,72.2002,-0.0219,96.6429,0.0233,0.7636,0.0,1800.0,0.0,6.3
233.0,2026-05-06T04:03:04.424438+00:00,72.1886,0.0468,96.7256,0.0564,0.7636,0.0,1800.0,0.0,6.3
233.5,2026-05-06T04:03:04.925958+00:00,72.3069,0.036,96.7891,0.1205,0.7636,0.0,1800.0,0.0,6.3
234.0,2026-05-06T04:03:05.424833+00:00,72.1434,-0.036,96.7222,0.0541,0.7636,0.0,1800.0,0.0,6.3
234.5,2026-05-06T04:03:05.924843+00:00,72.1449,-0.0277,96.6708,0.0416,0.7636,0.0,1800.0,0.0,6.3
235.0,2026-05-06T04:03:06.430040+00:00,72.0188,-0.0849,96.6312,0.0319,0.7636,0.0,1800.0,0.0,6.3
235.5,2026-05-06T04:03:06.924342+00:00,71.9219,-0.1925,96.624,-0.0063,0.7636,0.0,1800.0,0.0,6.3
236.0,2026-05-06T04:03:07.424458+00:00,71.9747,-0.0843,96.8267,0.0337,0.7636,0.0,1800.0,0.0,6.3
236.5,2026-05-06T04:03:07.924350+00:00,71.7607,-0.1921,96.8668,0.0259,0.7636,0.0,1800.0,0.0,6.3
237.0,2026-05-06T04:03:08.424363+00:00,71.7235,-0.1476,96.8976,0.0585,0.7636,0.0,1800.0,0.0,6.3
237.5,2026-05-06T04:03:08.933674+00:00,71.9495,0.0138,96.8056,0.045,0.7636,0.0,1800.0,0.0,6.2488
238.0,2026-05-06T04:03:09.424342+00:00,71.9959,0.0106,96.7118,0.0268,0.7636,0.0,1800.0,0.0,6.275
238.500001,2026-05-06T04:03:09.924401+00:00,72.0315,0.1354,96.6628,0.0129,0.7636,0.0,1800.0,0.0,6.2878
239.0,2026-05-06T04:03:10.424454+00:00,71.8044,0.0404,96.6482,-0.0595,0.7636,0.0,1800.0,0.0,6.294
239.5,2026-05-06T04:03:10.924465+00:00,71.8844,-0.0325,96.7296,-0.0457,0.7636,0.0,1800.0,0.0,6.2971
240.0,2026-05-06T04:03:11.430386+00:00,72.0731,0.0386,96.7922,-0.0351,0.7636,0.0,1800.0,0.0,6.2986
240.5,2026-05-06T04:03:11.924355+00:00,72.0909,0.0297,96.8403,0.0116,0.7636,0.0,1800.0,0.0,6.2993
241.0,2026-05-06T04:03:12.424317+00:00,72.1046,0.1501,96.7615,0.0166,0.7636,0.0,1800.0,0.0,6.2997
241.5,2026-05-06T04:03:12.924590+00:00,72.1151,0.1154,96.8167,0.0513,0.7636,0.0,1800.0,0.0,6.2998
242.0,2026-05-06T04:03:13.424609+00:00,72.2504,0.0887,96.512,-0.0454,0.7636,0.0,1800.0,0.0,6.2999
242.5,2026-05-06T04:03:13.930871+00:00,72.0999,0.0045,96.6249,-0.0349,0.7636,0.0,1800.0,0.0,6.3
243.0,2026-05-06T04:03:14.424869+00:00,71.9842,-0.0602,96.596,-0.0654,0.7636,0.0,1800.0,0.0,6.3
243.5,2026-05-06T04:03:14.924475+00:00,72.0226,-0.0462,96.4581,-0.1274,0.7636,0.0,1800.0,0.0,6.3
244.0,2026-05-06T04:03:15.424660+00:00,71.7975,-0.2264,96.3521,-0.1365,0.7636,0.0,1800.0,0.0,6.3
244.5,2026-05-06T04:03:15.924914+00:00,71.8791,-0.1104,96.3863,-0.1435,0.7636,0.0,1800.0,0.0,6.3
245.0,2026-05-06T04:03:16.431479+00:00,71.9418,-0.0212,96.4126,-0.0331,0.7636,0.0,1800.0,0.0,6.3
245.5,2026-05-06T04:03:16.924434+00:00,71.99,-0.0163,96.4328,-0.064,0.7636,0.0,1800.0,0.0,6.3
246.000328,2026-05-06T04:03:17.424740+00:00,72.027,0.1147,96.3558,-0.0801,0.7636,0.0,1800.0,0.0,6.3
246.5,2026-05-06T04:03:17.924319+00:00,71.9282,0.0245,96.3892,-0.023,0.7636,0.0,1800.0,0.0,6.3
247.0,2026-05-06T04:03:18.424358+00:00,71.9795,0.0189,96.5305,0.0595,0.7636,0.0,1800.0,0.0,6.3
247.5,2026-05-06T04:03:18.929721+00:00,72.1462,0.0781,96.7549,0.1228,0.7636,0.0,1800.0,0.0,6.3
248.0,2026-05-06T04:03:19.424441+00:00,72.2744,0.1237,96.9273,0.1716,0.7636,0.0,1800.0,0.0,6.3512
248.5,2026-05-06T04:03:19.924308+00:00,72.2456,0.1587,96.9441,0.1704,0.7636,0.0,1800.0,0.0,6.325
249.0,2026-05-06T04:03:20.424329+00:00,72.2235,0.122,96.957,0.2004,0.7636,0.0,1800.0,0.0,6.3122
249.5,2026-05-06T04:03:20.924323+00:00,72.0792,-0.0335,96.8513,0.154,0.7636,0.0,1800.0,0.0,6.306
250.0,2026-05-06T04:03:21.430986+00:00,72.2229,-0.0258,96.8857,0.1184,0.7636,0.0,1800.0,0.0,6.3029
250.5,2026-05-06T04:03:21.925215+00:00,72.206,-0.0198,96.7964,0.0139,0.7636,0.0,1800.0,0.0,6.3014
251.0,2026-05-06T04:03:22.424436+00:00,72.193,-0.0152,96.7278,-0.0665,0.7636,0.0,1800.0,0.0,6.3007
251.5,2026-05-06T04:03:22.924812+00:00,72.1831,0.0519,96.7908,-0.0511,0.7636,0.0,1800.0,0.0,6.3003
252.0,2026-05-06T04:03:23.424333+00:00,72.1754,-0.0237,96.8392,-0.0393,0.7636,0.0,1800.0,0.0,6.3002
252.5,2026-05-06T04:03:23.931693+00:00,72.2968,0.0454,96.7607,-0.0302,0.7636,0.0,1800.0,0.0,6.2489
253.0,2026-05-06T04:03:24.424365+00:00,72.2628,0.0349,96.7004,-0.0618,0.7636,0.0,1800.0,0.0,6.2751
253.5,2026-05-06T04:03:24.924441+00:00,72.1095,-0.0368,96.654,-0.0475,0.7636,0.0,1800.0,0.0,6.2878
254.000493,2026-05-06T04:03:25.424913+00:00,72.1188,-0.0283,96.5027,-0.0751,0.7636,0.0,1800.0,0.0,6.2941
254.5,2026-05-06T04:03:25.924365+00:00,71.9988,-0.149,96.2707,-0.1734,0.7636,0.0,1800.0,0.0,6.2971
255.0,2026-05-06T04:03:26.428466+00:00,72.161,-0.0509,96.4394,-0.1333,0.7636,0.0,1800.0,0.0,6.2986
255.5,2026-05-06T04:03:26.924332+00:00,72.1585,0.0245,96.5691,-0.0639,0.7636,0.0,1800.0,0.0,6.2993
256.0,2026-05-06T04:03:27.424343+00:00,72.1565,0.0188,96.6688,-0.0105,0.7636,0.0,1800.0,0.0,6.2997
256.5,2026-05-06T04:03:27.924426+00:00,72.155,0.0781,96.7455,0.0305,0.7636,0.0,1800.0,0.0,6.2998
257.0,2026-05-06T04:03:28.424333+00:00,72.2811,0.06,96.6887,0.062,0.7636,0.0,1800.0,0.0,6.2999
257.5,2026-05-06T04:03:28.928947+00:00,72.3781,0.1098,96.7607,0.1634,0.7636,0.0,1800.0,0.0,6.3
258.0,2026-05-06T04:03:29.424335+00:00,72.198,0.0207,96.8161,0.1256,0.7636,0.0,1800.0,0.0,6.3
258.5,2026-05-06T04:03:29.924423+00:00,72.3142,0.0796,96.8586,0.0965,0.7636,0.0,1800.0,0.0,6.3
259.0,2026-05-06T04:03:30.424339+00:00,72.4035,0.0612,96.7757,0.0356,0.7636,0.0,1800.0,0.0,6.3
259.5,2026-05-06T04:03:30.924790+00:00,72.3448,-0.0166,96.6887,-0.0189,0.7636,0.0,1800.0,0.0,6.3
260.0,2026-05-06T04:03:31.429082+00:00,72.2997,0.0509,96.7608,0.024,0.7636,0.0,1800.0,0.0,6.3
260.5,2026-05-06T04:03:31.924446+00:00,72.2651,-0.0245,96.5847,-0.0587,0.7636,0.0,1800.0,0.0,6.3
261.0,2026-05-06T04:03:32.424331+00:00,72.2384,-0.0825,96.6808,-0.0451,0.7636,0.0,1800.0,0.0,6.3
261.5,2026-05-06T04:03:32.925133+00:00,72.3453,0.0002,96.639,-0.0732,0.7636,0.0,1800.0,0.0,6.3
262.0,2026-05-06T04:03:33.424334+00:00,72.4273,0.0638,96.5837,-0.064,0.7636,0.0,1800.0,0.0,6.3
262.5,2026-05-06T04:03:33.933388+00:00,72.4904,0.1127,96.68,-0.0029,0.7636,0.0,1800.0,0.0,6.3
263.0,2026-05-06T04:03:34.424736+00:00,72.4117,0.0866,96.6384,-0.0408,0.7636,0.0,1800.0,0.0,6.3
263.5,2026-05-06T04:03:34.924376+00:00,72.3511,0.0029,96.6295,0.0149,0.7636,0.0,1800.0,0.0,6.3
264.0,2026-05-06T04:03:35.424366+00:00,72.4318,0.0023,96.7152,0.0115,0.7636,0.0,1800.0,0.0,6.3
264.5,2026-05-06T04:03:35.924338+00:00,72.4939,0.0017,96.7811,0.0474,0.7636,0.0,1800.0,0.0,6.3
265.0,2026-05-06T04:03:36.429722+00:00,72.4143,0.0013,96.7161,0.0441,0.7636,0.0,1800.0,0.0,6.3
265.5,2026-05-06T04:03:36.924332+00:00,72.6077,0.1283,96.7818,0.0339,0.7636,0.0,1800.0,0.0,6.3
266.0,2026-05-06T04:03:37.424318+00:00,72.3745,-0.0287,96.8323,0.0646,0.7636,0.0,1800.0,0.0,6.3
266.5,2026-05-06T04:03:37.924330+00:00,72.4498,-0.022,96.8711,0.0805,0.7636,0.0,1800.0,0.0,6.3
267.0,2026-05-06T04:03:38.424455+00:00,72.2532,-0.0806,96.7852,0.0233,0.7636,0.0,1800.0,0.0,6.3
267.5,2026-05-06T04:03:38.930387+00:00,72.3566,-0.1256,96.8349,0.0179,0.7636,0.0,1800.0,0.0,6.2488
268.0,2026-05-06T04:03:39.424420+00:00,72.3088,-0.0329,96.8731,0.0523,0.7636,0.0,1800.0,0.0,6.275
268.5,2026-05-06T04:03:39.924926+00:00,72.5266,0.0384,97.0182,0.0788,0.7636,0.0,1800.0,0.0,6.2878
269.0,2026-05-06T04:03:40.424410+00:00,72.4394,0.0931,97.014,0.0606,0.7636,0.0,1800.0,0.0,6.294
269.5,2026-05-06T04:03:40.924775+00:00,72.627,0.1352,97.1264,0.0851,0.7636,0.0,1800.0,0.0,6.2971
270.0,2026-05-06T04:03:41.430781+00:00,72.5166,0.1039,97.0972,0.104,0.7636,0.0,1800.0,0.0,6.2986
270.5,2026-05-06T04:03:41.924334+00:00,72.4318,-0.0474,96.8433,0.0028,0.7636,0.0,1800.0,0.0,6.2993
271.0,2026-05-06T04:03:42.424719+00:00,72.6211,0.0908,96.7639,-0.0364,0.7636,0.0,1800.0,0.0,6.2997
271.5,2026-05-06T04:03:42.925704+00:00,72.5121,-0.0574,96.8185,-0.0666,0.7636,0.0,1800.0,0.0,6.2998
272.0,2026-05-06T04:03:43.424413+00:00,72.5556,0.0195,96.7448,-0.0897,0.7636,0.0,1800.0,0.0,6.2999
272.5,2026-05-06T04:03:43.931524+00:00,72.589,0.0786,96.8039,-0.1075,0.7636,0.0,1800.0,0.0,6.3
273.0,2026-05-06T04:03:44.424363+00:00,72.4874,-0.0669,96.6178,-0.1598,0.7636,0.0,1800.0,0.0,6.3
273.5,2026-05-06T04:03:44.924340+00:00,72.4093,-0.0514,96.5906,-0.0842,0.7636,0.0,1800.0,0.0,6.3
274.0,2026-05-06T04:03:45.424366+00:00,72.6039,0.0241,96.6853,-0.0262,0.7636,0.0,1800.0,0.0,6.3
274.5,2026-05-06T04:03:45.924331+00:00,72.4988,-0.0451,96.411,-0.1358,0.7636,0.0,1800.0,0.0,6.3
275.0,2026-05-06T04:03:46.429459+00:00,72.5454,0.029,96.5473,-0.0658,0.7636,0.0,1800.0,0.0,6.3
275.5,2026-05-06T04:03:46.924337+00:00,72.5812,0.0859,96.6521,-0.0506,0.7636,0.0,1800.0,0.0,6.3
276.0,2026-05-06T04:03:47.424416+00:00,72.7359,0.066,96.7326,0.0382,0.7636,0.0,1800.0,0.0,6.3
276.5,2026-05-06T04:03:47.924598+00:00,72.6003,0.0508,96.7945,0.068,0.7636,0.0,1800.0,0.0,6.3
277.0,2026-05-06T04:03:48.424326+00:00,72.6234,0.039,96.842,0.0522,0.7636,0.0,1800.0,0.0,6.3
277.5,2026-05-06T04:03:48.929450+00:00,72.5139,-0.0337,96.8786,0.1558,0.7636,0.0,1800.0,0.0,6.3
278.0,2026-05-06T04:03:49.424379+00:00,72.6842,-0.0259,97.0224,0.1584,0.7636,0.0,1800.0,0.0,6.3
278.5,2026-05-06T04:03:49.924551+00:00,72.8151,0.1074,97.0172,0.1217,0.7636,0.0,1800.0,0.0,6.3
279.0,2026-05-06T04:03:50.425101+00:00,72.7885,0.0825,96.8975,0.055,0.7636,0.0,1800.0,0.0,6.3
279.5,2026-05-06T04:03:50.925943+00:00,72.8953,0.1907,96.9212,0.0423,0.7636,0.0,1800.0,0.0,6.3
280.000447,2026-05-06T04:03:51.433334+00:00,72.8501,0.0829,97.0552,0.071,0.7636,0.0,1800.0,0.0,6.3
280.5,2026-05-06T04:03:51.925350+00:00,72.8154,0.0001,96.9036,0.0083,0.7636,0.0,1800.0,0.0,6.3
281.0,2026-05-06T04:03:52.424513+00:00,72.9159,0.0637,97.0416,0.0064,0.7636,0.0,1800.0,0.0,6.3
281.5,2026-05-06T04:03:52.924354+00:00,72.9932,0.049,96.8006,-0.0722,0.7636,0.0,1800.0,0.0,6.3
282.0,2026-05-06T04:03:53.424318+00:00,72.9254,0.0376,96.8467,-0.0169,0.7636,0.0,1800.0,0.0,6.3
282.5,2026-05-06T04:03:53.930528+00:00,72.746,-0.0347,96.7665,-0.0516,0.7636,0.0,1800.0,0.0,6.2488
283.0,2026-05-06T04:03:54.424316+00:00,72.7353,-0.0903,96.7048,-0.1168,0.7636,0.0,1800.0,0.0,6.275
283.5,2026-05-06T04:03:54.924342+00:00,72.8544,-0.0694,96.6574,-0.082,0.7636,0.0,1800.0,0.0,6.2878
284.0,2026-05-06T04:03:55.424325+00:00,72.8187,-0.0533,96.7367,-0.1016,0.7636,0.0,1800.0,0.0,6.294
284.5,2026-05-06T04:03:55.924355+00:00,72.7912,0.0226,96.5662,-0.0781,0.7636,0.0,1800.0,0.0,6.2971
285.0,2026-05-06T04:03:56.428645+00:00,72.7701,0.0174,96.5509,-0.0986,0.7636,0.0,1800.0,0.0,6.2986
285.5,2026-05-06T04:03:56.924321+00:00,72.3721,-0.2412,96.5391,-0.0758,0.7636,0.0,1800.0,0.0,6.2993
286.0,2026-05-06T04:03:57.424352+00:00,72.5752,-0.1217,96.5301,-0.0582,0.7636,0.0,1800.0,0.0,6.2997
286.5,2026-05-06T04:03:57.924329+00:00,72.6041,-0.0936,96.176,-0.1605,0.7636,0.0,1800.0,0.0,6.2998
287.0,2026-05-06T04:03:58.424328+00:00,72.6263,-0.0719,96.3667,-0.1233,0.7636,0.0,1800.0,0.0,6.2999
287.5,2026-05-06T04:03:58.929286+00:00,72.6433,0.1356,96.2818,-0.0948,0.7636,0.0,1800.0,0.0,6.3
288.0,2026-05-06T04:03:59.424347+00:00,72.911,0.1679,96.3323,-0.0729,0.7636,0.0,1800.0,0.0,6.3
288.5,2026-05-06T04:03:59.924474+00:00,72.8622,0.129,96.4868,-0.0174,0.7636,0.0,1800.0,0.0,6.3
289.0,2026-05-06T04:04:00.424358+00:00,72.8246,0.0992,96.6056,0.0252,0.7636,0.0,1800.0,0.0,6.3
289.5,2026-05-06T04:04:00.924842+00:00,72.9231,0.1399,96.5811,0.135,0.7636,0.0,1800.0,0.0,6.3
290.0,2026-05-06T04:04:01.430788+00:00,72.9987,0.0439,96.5624,0.0652,0.7636,0.0,1800.0,0.0,6.3
290.5,2026-05-06T04:04:01.924343+00:00,72.9296,0.0337,96.5479,0.0887,0.7636,0.0,1800.0,0.0,6.3
291.0,2026-05-06T04:04:02.424363+00:00,72.8765,0.0259,96.7682,0.1453,0.7636,0.0,1800.0,0.0,6.3
291.5,2026-05-06T04:04:02.924608+00:00,72.7084,-0.1074,96.5905,0.0346,0.7636,0.0,1800.0,0.0,6.3
292.0,2026-05-06T04:04:03.424593+00:00,72.8337,-0.0825,96.6852,0.0266,0.7636,0.0,1800.0,0.0,6.3
292.5,2026-05-06T04:04:03.931411+00:00,72.93,0.0002,96.7581,0.059,0.7636,0.0,1800.0,0.0,6.3
293.0,2026-05-06T04:04:04.424454+00:00,73.1313,0.1274,96.8141,0.0839,0.7636,0.0,1800.0,0.0,6.3
293.500086,2026-05-06T04:04:04.924980+00:00,73.0315,0.1616,96.7414,0.0645,0.7636,0.0,1800.0,0.0,6.3
294.0,2026-05-06T04:04:05.424663+00:00,72.9548,0.0606,96.4541,-0.1047,0.7636,0.0,1800.0,0.0,6.3
294.5,2026-05-06T04:04:05.924412+00:00,72.7686,-0.0807,96.3259,-0.0882,0.7636,0.0,1800.0,0.0,6.3
295.0,2026-05-06T04:04:06.431237+00:00,73.0073,-0.062,96.3662,-0.1063,0.7636,0.0,1800.0,0.0,6.3
295.5,2026-05-06T04:04:06.924352+00:00,72.9362,-0.0477,96.3972,-0.1203,0.7636,0.0,1800.0,0.0,6.3512
296.0,2026-05-06T04:04:07.424356+00:00,72.8815,-0.0367,96.421,-0.131,0.7636,0.0,1800.0,0.0,6.3762
296.5,2026-05-06T04:04:07.924790+00:00,72.9668,0.0991,96.5549,-0.0621,0.7636,0.0,1800.0,0.0,6.3884
297.0,2026-05-06T04:04:08.424338+00:00,73.0323,0.0125,96.7736,0.1065,0.7636,0.0,1800.0,0.0,6.3943
297.5,2026-05-06T04:04:08.930715+00:00,73.0827,0.0733,96.826,0.1667,0.7636,0.0,1800.0,0.0,6.346
298.0,2026-05-06T04:04:09.424741+00:00,72.9941,0.0563,96.8663,0.1667,0.7636,0.0,1800.0,0.0,6.3737
298.5,2026-05-06T04:04:09.924612+00:00,72.9261,-0.0204,96.8972,0.1667,0.7636,0.0,1800.0,0.0,6.3871
299.0,2026-05-06T04:04:10.425484+00:00,73.001,-0.0156,96.921,0.1667,0.7636,0.0,1800.0,0.0,6.3937
299.5,2026-05-06T04:04:10.924420+00:00,72.8041,-0.1393,97.055,0.1667,0.7636,0.0,1800.0,0.0,6.3969
300.0,2026-05-06T04:04:11.431133+00:00,72.9073,-0.0434,97.0423,0.0895,0.7636,0.0,1800.0,0.0,6.3985
300.5,2026-05-06T04:04:11.924340+00:00,72.8593,-0.0334,97.0325,0.0688,0.7636,0.0,1800.0,0.0,6.3481
301.0,2026-05-06T04:04:12.424320+00:00,72.8225,-0.0893,97.025,0.0529,0.7636,0.0,1800.0,0.0,6.3235
301.5,2026-05-06T04:04:12.924345+00:00,72.7941,-0.005,97.0192,0.0407,0.7636,0.0,1800.0,0.0,6.3114
302.0,2026-05-06T04:04:13.425833+00:00,72.7723,-0.0675,96.899,-0.0073,0.7636,0.0,1800.0,0.0,6.3056
302.5,2026-05-06T04:04:13.935949+00:00,72.6283,-0.1155,96.9224,-0.0442,0.7636,0.0,1800.0,0.0,6.3027
303.0,2026-05-06T04:04:14.424446+00:00,72.7722,-0.0251,96.9404,-0.034,0.7636,0.0,1800.0,0.0,6.3013
303.5,2026-05-06T04:04:14.924353+00:00,72.8827,0.0443,96.9542,-0.0261,0.7636,0.0,1800.0,0.0,6.3006
304.0,2026-05-06T04:04:15.424320+00:00,72.9677,0.0977,96.9648,-0.0201,0.7636,0.0,1800.0,0.0,6.3003
304.5,2026-05-06T04:04:15.924337+00:00,72.9058,0.1387,96.9729,-0.0154,0.7636,0.0,1800.0,0.0,6.3002
305.0,2026-05-06T04:04:16.430376+00:00,72.9854,0.1066,96.9792,0.0267,0.7636,0.0,1800.0,0.0,6.3001
305.5,2026-05-06T04:04:16.924372+00:00,73.1739,0.1456,97.0997,0.0591,0.7636,0.0,1800.0,0.0,6.3
306.0,2026-05-06T04:04:17.424331+00:00,73.3188,0.1755,97.0766,0.0454,0.7636,0.0,1800.0,0.0,6.3
306.5,2026-05-06T04:04:17.925433+00:00,73.4301,0.2622,97.0589,0.0349,0.7636,0.0,1800.0,0.0,6.3
307.0,2026-05-06T04:04:18.424325+00:00,73.3885,0.2015,96.9296,-0.0117,0.7636,0.0,1800.0,0.0,6.3
307.5,2026-05-06T04:04:18.935522+00:00,73.3564,0.0912,96.7145,-0.0862,0.7636,0.0,1800.0,0.0,6.3
308.0,2026-05-06T04:04:19.424328+00:00,73.3318,0.0065,96.6648,-0.1048,0.7636,0.0,1800.0,0.0,6.3
308.5,2026-05-06T04:04:19.924443+00:00,73.4401,0.005,96.7424,-0.1191,0.7636,0.0,1800.0,0.0,6.3
309.0,2026-05-06T04:04:20.424697+00:00,73.3961,0.0038,96.802,-0.0915,0.7636,0.0,1800.0,0.0,6.3
309.5,2026-05-06T04:04:20.924438+00:00,73.3623,0.003,96.8478,-0.0704,0.7636,0.0,1800.0,0.0,6.3
310.0,2026-05-06T04:04:21.431088+00:00,73.2091,-0.0614,96.883,-0.0155,0.7636,0.0,1800.0,0.0,6.3
310.500123,2026-05-06T04:04:21.925047+00:00,73.3458,-0.0472,96.9101,0.0652,0.7636,0.0,1800.0,0.0,6.3
311.0,2026-05-06T04:04:22.424430+00:00,73.1964,-0.0999,96.8152,0.0501,0.7636,0.0,1800.0,0.0,6.3
311.5,2026-05-06T04:04:22.924382+00:00,73.336,-0.0131,96.9737,0.0771,0.7636,0.0,1800.0,0.0,6.3
312.0,2026-05-06T04:04:23.424368+00:00,73.3161,0.0535,96.9798,0.0593,0.7636,0.0,1800.0,0.0,6.3
312.5,2026-05-06T04:04:23.931346+00:00,73.1736,-0.0861,96.8687,0.007,0.7636,0.0,1800.0,0.0,6.3
313.0,2026-05-06T04:04:24.424373+00:00,73.064,-0.0662,96.8991,0.0054,0.7636,0.0,1800.0,0.0,6.3
313.5,2026-05-06T04:04:24.924353+00:00,72.9798,-0.1781,96.9225,0.0041,0.7636,0.0,1800.0,0.0,6.3
314.0,2026-05-06T04:04:25.424401+00:00,73.0423,-0.1369,96.8478,0.0109,0.7636,0.0,1800.0,0.0,6.3
314.5,2026-05-06T04:04:25.925196+00:00,72.9631,-0.1052,96.8831,-0.0302,0.7636,0.0,1800.0,0.0,6.3
315.0,2026-05-06T04:04:26.428807+00:00,72.9022,-0.0809,96.6787,-0.1003,0.7636,0.0,1800.0,0.0,6.3
315.5,2026-05-06T04:04:26.924299+00:00,73.11,0.0651,96.406,-0.1543,0.7636,0.0,1800.0,0.0,6.3
316.00068,2026-05-06T04:04:27.425007+00:00,73.2696,0.1137,96.312,-0.1957,0.7636,0.0,1800.0,0.0,6.3
316.5,2026-05-06T04:04:27.924789+00:00,73.1378,0.0874,96.101,-0.2738,0.7636,0.0,1800.0,0.0,6.3
317.0,2026-05-06T04:04:28.424640+00:00,73.4183,0.2581,96.309,-0.1796,0.7636,0.0,1800.0,0.0,6.3
317.5,2026-05-06T04:04:28.932595+00:00,73.2521,0.0711,96.3532,-0.1766,0.7636,0.0,1800.0,0.0,6.3
318.0,2026-05-06T04:04:29.424843+00:00,73.1243,-0.0726,96.3872,-0.0972,0.7636,0.0,1800.0,0.0,6.3
318.5,2026-05-06T04:04:29.924368+00:00,73.1534,0.0078,96.529,0.041,0.7636,0.0,1800.0,0.0,6.2488
319.0,2026-05-06T04:04:30.424349+00:00,73.0485,-0.1849,96.638,0.1087,0.7636,0.0,1800.0,0.0,6.2238
319.5,2026-05-06T04:04:30.924708+00:00,73.0951,-0.0785,96.8374,0.2455,0.7636,0.0,1800.0,0.0,6.2116
320.0,2026-05-06T04:04:31.430061+00:00,73.131,0.0033,96.7594,0.1501,0.7636,0.0,1800.0,0.0,6.2057
320.5,2026-05-06T04:04:31.924468+00:00,73.2858,0.0662,96.6993,0.1154,0.7636,0.0,1800.0,0.0,6.254
321.0,2026-05-06T04:04:32.424350+00:00,73.2775,0.1145,96.8846,0.1658,0.7636,0.0,1800.0,0.0,6.2775
321.5,2026-05-06T04:04:32.925134+00:00,73.3984,0.1516,96.9113,0.1274,0.7636,0.0,1800.0,0.0,6.289
322.0,2026-05-06T04:04:33.424434+00:00,73.6186,0.2438,96.9318,0.098,0.7636,0.0,1800.0,0.0,6.2947
322.5,2026-05-06T04:04:33.931345+00:00,73.5333,0.1238,96.9476,0.0367,0.7636,0.0,1800.0,0.0,6.2462
323.0,2026-05-06T04:04:34.424388+00:00,73.595,0.1588,96.9597,0.0668,0.7636,0.0,1800.0,0.0,6.2737
323.5,2026-05-06T04:04:34.924341+00:00,73.5152,0.0584,97.0848,0.1285,0.7636,0.0,1800.0,0.0,6.2872
324.0,2026-05-06T04:04:35.424608+00:00,73.5811,-0.0188,97.0651,0.0602,0.7636,0.0,1800.0,0.0,6.2937
324.5,2026-05-06T04:04:35.924423+00:00,73.5045,-0.0144,96.9344,0.0077,0.7636,0.0,1800.0,0.0,6.2969
325.0,2026-05-06T04:04:36.430161+00:00,73.4456,-0.0747,96.7182,-0.0712,0.7636,0.0,1800.0,0.0,6.2985
325.5,2026-05-06T04:04:36.924440+00:00,73.4003,-0.0574,96.552,-0.1319,0.7636,0.0,1800.0,0.0,6.2993
326.0,2026-05-06T04:04:37.425110+00:00,73.111,-0.235,96.6556,-0.1014,0.7636,0.0,1800.0,0.0,6.2996
326.5,2026-05-06T04:04:37.924324+00:00,73.2704,-0.117,96.6196,-0.155,0.7636,0.0,1800.0,0.0,6.2998
327.0,2026-05-06T04:04:38.424350+00:00,73.393,-0.0263,96.7076,-0.1192,0.7636,0.0,1800.0,0.0,6.2999
327.5,2026-05-06T04:04:38.932881+00:00,73.4872,0.0434,96.6596,-0.0916,0.7636,0.0,1800.0,0.0,6.3
328.0,2026-05-06T04:04:39.424351+00:00,73.4323,0.1606,96.6227,-0.0318,0.7636,0.0,1800.0,0.0,6.3
328.5,2026-05-06T04:04:39.924352+00:00,73.3901,0.0598,96.71,0.0527,0.7636,0.0,1800.0,0.0,6.3
329.0,2026-05-06T04:04:40.424409+00:00,73.485,0.046,96.8928,0.079,0.7636,0.0,1800.0,0.0,6.3
329.5,2026-05-06T04:04:40.924768+00:00,73.4306,-0.0283,96.9176,0.0993,0.7636,0.0,1800.0,0.0,6.3
330.0,2026-05-06T04:04:41.431864+00:00,73.3888,-0.0217,96.9367,0.0763,0.7636,0.0,1800.0,0.0,6.3
330.5,2026-05-06T04:04:41.924883+00:00,73.3567,-0.0167,96.9513,0.0972,0.7636,0.0,1800.0,0.0,6.3
331.000663,2026-05-06T04:04:42.425050+00:00,73.332,-0.0765,96.9626,0.1133,0.7636,0.0,1800.0,0.0,6.3
331.5,2026-05-06T04:04:42.926166+00:00,73.4403,0.0049,96.9712,0.0871,0.7636,0.0,1800.0,0.0,6.3
332.0,2026-05-06T04:04:43.424603+00:00,73.6508,0.131,96.9779,0.0284,0.7636,0.0,1800.0,0.0,6.3
332.5,2026-05-06T04:04:43.929400+00:00,73.6853,0.1643,96.983,0.0218,0.7636,0.0,1800.0,0.0,6.3
333.0,2026-05-06T04:04:44.424342+00:00,73.5846,0.1263,96.8712,-0.0218,0.7636,0.0,1800.0,0.0,6.3
333.5,2026-05-06T04:04:44.924356+00:00,73.3799,-0.0302,96.901,-0.0168,0.7636,0.0,1800.0,0.0,6.3
334.0,2026-05-06T04:04:45.424361+00:00,73.4771,-0.0868,96.8082,-0.0514,0.7636,0.0,1800.0,0.0,6.3
334.5,2026-05-06T04:04:45.924346+00:00,73.5518,-0.0667,96.8526,-0.0395,0.7636,0.0,1800.0,0.0,6.3
335.0,2026-05-06T04:04:46.430909+00:00,73.6093,0.0123,96.771,-0.069,0.7636,0.0,1800.0,0.0,6.3
335.5,2026-05-06T04:04:46.924355+00:00,73.5261,0.0731,96.824,-0.053,0.7636,0.0,1800.0,0.0,6.3
336.0,2026-05-06T04:04:47.424337+00:00,73.4622,-0.0074,96.9804,0.0364,0.7636,0.0,1800.0,0.0,6.3
336.5,2026-05-06T04:04:47.924921+00:00,73.2858,-0.133,96.985,0.028,0.7636,0.0,1800.0,0.0,6.3
337.0,2026-05-06T04:04:48.424791+00:00,73.4048,-0.1022,97.1041,0.0986,0.7636,0.0,1800.0,0.0,6.3
337.5,2026-05-06T04:04:48.933153+00:00,73.4963,-0.0149,96.9643,0.0372,0.7636,0.0,1800.0,0.0,6.3
338.0,2026-05-06T04:04:49.424387+00:00,73.5666,0.0522,96.9726,0.0672,0.7636,0.0,1800.0,0.0,6.3
338.5,2026-05-06T04:04:49.924364+00:00,73.7478,0.231,96.9789,0.0516,0.7636,0.0,1800.0,0.0,6.3
339.0,2026-05-06T04:04:50.424323+00:00,73.8872,0.2412,97.0995,0.0397,0.7636,0.0,1800.0,0.0,6.3
339.5,2026-05-06T04:04:50.924353+00:00,73.6125,0.0581,97.0765,0.0305,0.7636,0.0,1800.0,0.0,6.3
340.0,2026-05-06T04:04:51.429146+00:00,73.7831,0.1083,97.1745,0.0234,0.7636,0.0,1800.0,0.0,6.3
340.5,2026-05-06T04:04:51.924327+00:00,73.6598,-0.044,97.1341,0.0566,0.7636,0.0,1800.0,0.0,6.3
341.0,2026-05-06T04:04:52.424319+00:00,73.6922,-0.0975,97.1031,0.0435,0.7636,0.0,1800.0,0.0,6.3
341.5,2026-05-06T04:04:52.924338+00:00,73.5899,-0.0113,97.0792,0.0334,0.7636,0.0,1800.0,0.0,6.3
342.0,2026-05-06T04:04:53.424831+00:00,73.6385,-0.0723,97.1766,0.0257,0.7636,0.0,1800.0,0.0,6.3
342.5,2026-05-06T04:04:53.929280+00:00,73.6759,0.0081,97.1357,0.0197,0.7636,0.0,1800.0,0.0,6.3
343.0,2026-05-06T04:04:54.424393+00:00,73.8319,0.0698,97.1043,-0.0234,0.7636,0.0,1800.0,0.0,6.3
343.5,2026-05-06T04:04:54.924345+00:00,73.8245,0.1173,96.9645,-0.0565,0.7636,0.0,1800.0,0.0,6.3
344.0,2026-05-06T04:04:55.424816+00:00,73.8188,0.0902,96.9727,-0.0435,0.7636,0.0,1800.0,0.0,6.3
344.5,2026-05-06T04:04:55.924359+00:00,73.8145,0.0693,96.8633,-0.072,0.7636,0.0,1800.0,0.0,6.3
345.0,2026-05-06T04:04:56.429687+00:00,73.8111,-0.0104,96.7792,-0.1324,0.7636,0.0,1800.0,0.0,6.3
345.5,2026-05-06T04:04:56.924352+00:00,73.8085,-0.008,96.7146,-0.1404,0.7636,0.0,1800.0,0.0,6.3
346.0,2026-05-06T04:04:57.424327+00:00,73.6793,-0.0698,96.665,-0.1465,0.7636,0.0,1800.0,0.0,6.3
346.5,2026-05-06T04:04:57.924315+00:00,73.7072,-0.0536,96.5111,-0.1511,0.7636,0.0,1800.0,0.0,6.3
347.0,2026-05-06T04:04:58.424324+00:00,73.856,0.0224,96.3928,-0.1933,0.7636,0.0,1800.0,0.0,6.3
347.5,2026-05-06T04:04:58.929829+00:00,73.843,0.0172,96.4176,-0.1486,0.7636,0.0,1800.0,0.0,6.2488
348.0,2026-05-06T04:04:59.424356+00:00,73.9603,0.1405,96.4367,-0.1142,0.7636,0.0,1800.0,0.0,6.275
348.5,2026-05-06T04:04:59.924345+00:00,74.1778,0.2353,96.3356,-0.1263,0.7636,0.0,1800.0,0.0,6.2878
349.0,2026-05-06T04:05:00.424385+00:00,73.9631,0.0536,96.1423,-0.1742,0.7636,0.0,1800.0,0.0,6.294
349.5,2026-05-06T04:05:00.924350+00:00,73.9253,0.0412,96.225,-0.0953,0.7636,0.0,1800.0,0.0,6.2971
350.0,2026-05-06T04:05:01.428706+00:00,73.8963,-0.032,96.4044,0.0038,0.7636,0.0,1800.0,0.0,6.2986
350.5,2026-05-06T04:05:01.924344+00:00,73.6195,-0.2791,96.3108,-0.0356,0.7636,0.0,1800.0,0.0,6.2993
351.0,2026-05-06T04:05:02.424358+00:00,73.6613,-0.1509,96.3546,-0.0274,0.7636,0.0,1800.0,0.0,6.2997
351.5,2026-05-06T04:05:02.924421+00:00,73.6934,-0.116,96.5039,0.0561,0.7636,0.0,1800.0,0.0,6.2998
352.0,2026-05-06T04:05:03.424675+00:00,73.718,-0.0891,96.3873,0.0817,0.7636,0.0,1800.0,0.0,6.2999
352.5,2026-05-06T04:05:03.930295+00:00,73.8643,0.1224,96.2977,0.0242,0.7636,0.0,1800.0,0.0,6.3
353.0,2026-05-06T04:05:04.424454+00:00,73.7221,0.0304,96.3445,-0.02,0.7636,0.0,1800.0,0.0,6.3
353.5,2026-05-06T04:05:04.924350+00:00,73.8674,0.087,96.3805,0.0232,0.7636,0.0,1800.0,0.0,6.3
354.0,2026-05-06T04:05:05.425386+00:00,73.8518,0.0669,96.4081,0.0179,0.7636,0.0,1800.0,0.0,6.3
354.500001,2026-05-06T04:05:05.925537+00:00,73.9671,0.0514,96.1749,-0.1097,0.7636,0.0,1800.0,0.0,6.3
355.0,2026-05-06T04:05:06.432876+00:00,73.8012,0.0395,96.1344,-0.0843,0.7636,0.0,1800.0,0.0,6.3
355.5,2026-05-06T04:05:06.924343+00:00,73.8009,-0.0333,96.219,-0.0262,0.7636,0.0,1800.0,0.0,6.3
356.0,2026-05-06T04:05:07.424337+00:00,73.5461,-0.1528,96.1683,-0.0587,0.7636,0.0,1800.0,0.0,6.3
356.5,2026-05-06T04:05:07.924350+00:00,73.6049,-0.1811,96.2451,-0.0451,0.7636,0.0,1800.0,0.0,6.3
357.0,2026-05-06T04:05:08.424353+00:00,73.65,-0.0756,96.5355,0.0424,0.7636,0.0,1800.0,0.0,6.3
357.5,2026-05-06T04:05:08.931094+00:00,73.6847,-0.0581,96.5273,0.1175,0.7636,0.0,1800.0,0.0,6.3
358.0,2026-05-06T04:05:09.424587+00:00,73.8387,0.1463,96.5209,0.1289,0.7636,0.0,1800.0,0.0,6.3
358.5,2026-05-06T04:05:09.924805+00:00,73.8297,0.1124,96.4004,0.0605,0.7636,0.0,1800.0,0.0,6.3
359.0,2026-05-06T04:05:10.425010+00:00,73.9501,0.15,96.6548,0.1622,0.7636,0.0,1800.0,0.0,6.3
359.5,2026-05-06T04:05:10.924380+00:00,73.9154,0.1153,96.619,0.1246,0.7636,0.0,1800.0,0.0,6.3
360.000484,2026-05-06T04:05:11.432468+00:00,73.8887,0.025,96.5915,0.0187,0.7636,0.0,1800.0,0.0,6.3
360.5,2026-05-06T04:05:11.924474+00:00,73.9954,0.0829,96.3389,-0.0628,0.7636,0.0,1800.0,0.0,6.3
361.0,2026-05-06T04:05:12.424341+00:00,73.9502,0.0,96.3762,-0.0483,0.7636,0.0,1800.0,0.0,6.3
361.5,2026-05-06T04:05:12.924322+00:00,74.0427,0.0637,96.5205,0.04,0.7636,0.0,1800.0,0.0,6.3
362.0,2026-05-06T04:05:13.424371+00:00,74.2411,0.1762,96.6315,-0.0078,0.7636,0.0,1800.0,0.0,6.3
362.5,2026-05-06T04:05:13.929190+00:00,74.2663,0.1354,96.7168,0.0326,0.7636,0.0,1800.0,0.0,6.3
363.0,2026-05-06T04:05:14.424464+00:00,74.0311,0.0405,96.7823,0.0636,0.7636,0.0,1800.0,0.0,6.3
363.5,2026-05-06T04:05:14.924348+00:00,73.9776,-0.0325,96.8327,0.1646,0.7636,0.0,1800.0,0.0,6.3512
364.0,2026-05-06T04:05:15.425345+00:00,74.0638,-0.0886,96.8714,0.1651,0.7636,0.0,1800.0,0.0,6.325
364.5,2026-05-06T04:05:15.924346+00:00,73.8755,-0.1954,96.4384,-0.0274,0.7636,0.0,1800.0,0.0,6.3122
365.0,2026-05-06T04:05:16.429938+00:00,73.858,-0.0866,96.2212,-0.1368,0.7636,0.0,1800.0,0.0,6.306
365.5,2026-05-06T04:05:16.924395+00:00,74.0991,0.0607,96.4014,-0.1051,0.7636,0.0,1800.0,0.0,6.3029
366.0,2026-05-06T04:05:17.424351+00:00,74.0299,-0.0169,96.3085,-0.1579,0.7636,0.0,1800.0,0.0,6.3014
366.5,2026-05-06T04:05:17.924525+00:00,74.104,0.1142,96.2371,-0.1985,0.7636,0.0,1800.0,0.0,6.3007
367.0,2026-05-06T04:05:18.424463+00:00,74.0336,0.0878,96.298,-0.1911,0.7636,0.0,1800.0,0.0,6.3003
367.5,2026-05-06T04:05:18.929330+00:00,73.9796,-0.0598,96.229,-0.0698,0.7636,0.0,1800.0,0.0,6.3002
368.0,2026-05-06T04:05:19.424364+00:00,74.1926,0.0813,96.176,-0.0151,0.7636,0.0,1800.0,0.0,6.3001
368.5,2026-05-06T04:05:19.924762+00:00,74.229,0.0625,96.3667,-0.0116,0.7636,0.0,1800.0,0.0,6.3
369.0,2026-05-06T04:05:20.424353+00:00,73.8752,-0.0792,96.5132,0.0682,0.7636,0.0,1800.0,0.0,6.3
369.5,2026-05-06T04:05:20.924579+00:00,74.1123,0.0664,96.5102,0.091,0.7636,0.0,1800.0,0.0,6.3
370.0,2026-05-06T04:05:21.429481+00:00,74.1673,-0.0126,96.2764,-0.0072,0.7636,0.0,1800.0,0.0,6.3
370.5,2026-05-06T04:05:21.924709+00:00,74.2096,-0.0097,96.2125,-0.0055,0.7636,0.0,1800.0,0.0,6.3
371.0,2026-05-06T04:05:22.424615+00:00,74.1148,0.1198,96.1633,-0.0042,0.7636,0.0,1800.0,0.0,6.3
371.5,2026-05-06T04:05:22.924435+00:00,74.042,-0.0352,96.3569,-0.0033,0.7636,0.0,1800.0,0.0,6.3
372.0,2026-05-06T04:05:23.424424+00:00,73.986,-0.0907,96.39,-0.0411,0.7636,0.0,1800.0,0.0,6.3
372.5,2026-05-06T04:05:23.931116+00:00,74.1975,-0.0061,96.2766,-0.0778,0.7636,0.0,1800.0,0.0,6.3
373.0,2026-05-06T04:05:24.424302+00:00,74.1055,-0.0047,96.0969,-0.0598,0.7636,0.0,1800.0,0.0,6.3
373.5,2026-05-06T04:05:24.924356+00:00,74.1621,0.0601,95.9588,-0.0846,0.7636,0.0,1800.0,0.0,6.3
374.0,2026-05-06T04:05:25.424765+00:00,74.2056,0.1098,96.084,-0.0264,0.7636,0.0,1800.0,0.0,6.3
374.5,2026-05-06T04:05:25.924356+00:00,74.1117,-0.0429,96.0646,-0.0974,0.7636,0.0,1800.0,0.0,6.3
375.0,2026-05-06T04:05:26.431400+00:00,74.1669,0.0307,96.1653,-0.0749,0.7636,0.0,1800.0,0.0,6.3
375.5,2026-05-06T04:05:26.924850+00:00,74.082,-0.0401,96.2428,-0.0113,0.7636,0.0,1800.0,0.0,6.2488
376.0,2026-05-06T04:05:27.424780+00:00,74.144,-0.0308,96.3023,0.0685,0.7636,0.0,1800.0,0.0,6.2238
376.5,2026-05-06T04:05:27.924375+00:00,74.1917,0.04,96.348,0.1298,0.7636,0.0,1800.0,0.0,6.2116
377.0,2026-05-06T04:05:28.424351+00:00,74.101,-0.0329,96.2675,0.0612,0.7636,0.0,1800.0,0.0,6.2057
377.5,2026-05-06T04:05:28.931860+00:00,74.0314,-0.0253,96.3213,0.0856,0.7636,0.0,1800.0,0.0,6.2028
378.0,2026-05-06T04:05:29.424349+00:00,73.9778,-0.0831,96.3627,0.0658,0.7636,0.0,1800.0,0.0,6.2526
378.5,2026-05-06T04:05:29.924369+00:00,73.9367,-0.1275,96.5101,0.0891,0.7636,0.0,1800.0,0.0,6.2768
379.0,2026-05-06T04:05:30.424342+00:00,74.0323,-0.0344,96.6235,0.1071,0.7636,0.0,1800.0,0.0,6.2887
379.5,2026-05-06T04:05:30.924636+00:00,73.9786,-0.0264,96.7106,0.1209,0.7636,0.0,1800.0,0.0,6.2945
380.0,2026-05-06T04:05:31.432535+00:00,74.0645,0.0433,96.8933,0.2086,0.7636,0.0,1800.0,0.0,6.2973
380.5,2026-05-06T04:05:31.925389+00:00,74.0033,0.0333,97.0337,0.2375,0.7636,0.0,1800.0,0.0,6.2987
381.0,2026-05-06T04:05:32.424382+00:00,73.9563,-0.038,96.9102,0.1825,0.7636,0.0,1800.0,0.0,6.2994
381.5,2026-05-06T04:05:32.924861+00:00,73.9201,-0.0292,96.931,0.1403,0.7636,0.0,1800.0,0.0,6.2997
382.0,2026-05-06T04:05:33.424332+00:00,74.0196,-0.0225,96.8312,0.0692,0.7636,0.0,1800.0,0.0,6.2998
382.5,2026-05-06T04:05:33.930473+00:00,74.096,0.0464,96.986,0.0918,0.7636,0.0,1800.0,0.0,6.2999
383.0,2026-05-06T04:05:34.424612+00:00,74.0275,0.0356,96.7578,-0.0451,0.7636,0.0,1800.0,0.0,6.3
383.5,2026-05-06T04:05:34.924361+00:00,73.9749,0.0274,96.8139,-0.0733,0.7636,0.0,1800.0,0.0,6.3
384.0,2026-05-06T04:05:35.424856+00:00,74.0617,0.0211,96.6255,-0.0949,0.7636,0.0,1800.0,0.0,6.3
384.5,2026-05-06T04:05:35.924944+00:00,74.1284,0.0162,96.4577,-0.1578,0.7636,0.0,1800.0,0.0,6.3
385.0,2026-05-06T04:05:36.435216+00:00,74.1797,0.0761,96.5832,-0.0827,0.7636,0.0,1800.0,0.0,6.3
385.5,2026-05-06T04:05:36.924358+00:00,74.3464,0.1857,96.7953,-0.0636,0.7636,0.0,1800.0,0.0,6.3
386.0,2026-05-06T04:05:37.424342+00:00,74.3472,0.1428,96.8427,0.0283,0.7636,0.0,1800.0,0.0,6.3
386.5,2026-05-06T04:05:37.924372+00:00,74.2206,0.0461,96.8791,0.0217,0.7636,0.0,1800.0,0.0,6.3
387.0,2026-05-06T04:05:38.424347+00:00,74.2505,0.0354,96.9071,0.0938,0.7636,0.0,1800.0,0.0,6.3
387.5,2026-05-06T04:05:38.930735+00:00,74.1463,-0.1,97.0443,0.1955,0.7636,0.0,1800.0,0.0,6.2488
388.0,2026-05-06T04:05:39.424334+00:00,74.0661,-0.1405,97.1497,0.1889,0.7636,0.0,1800.0,0.0,6.275
388.5,2026-05-06T04:05:39.924346+00:00,74.1318,-0.0444,97.1151,0.1066,0.7636,0.0,1800.0,0.0,6.2878
389.0,2026-05-06T04:05:40.424352+00:00,74.1823,-0.0341,97.2041,0.1205,0.7636,0.0,1800.0,0.0,6.294
389.5,2026-05-06T04:05:40.924674+00:00,74.2211,0.0374,97.0412,0.054,0.7636,0.0,1800.0,0.0,6.2971
390.0,2026-05-06T04:05:41.429821+00:00,74.2509,0.0924,97.0317,0.0415,0.7636,0.0,1800.0,0.0,6.2986
390.5,2026-05-06T04:05:41.924452+00:00,74.2739,0.071,97.0243,-0.0066,0.7636,0.0,1800.0,0.0,6.2993
391.0,2026-05-06T04:05:42.424339+00:00,74.4188,0.1182,96.903,-0.0822,0.7636,0.0,1800.0,0.0,6.2997
391.5,2026-05-06T04:05:42.925137+00:00,74.4028,0.0909,96.7866,-0.1095,0.7636,0.0,1800.0,0.0,6.2998
392.0,2026-05-06T04:05:43.424434+00:00,74.5179,0.1335,96.7203,-0.1613,0.7636,0.0,1800.0,0.0,6.2999
392.5,2026-05-06T04:05:43.930051+00:00,74.479,0.1026,96.785,-0.0854,0.7636,0.0,1800.0,0.0,6.3
393.0,2026-05-06T04:05:44.424321+00:00,74.5764,0.0788,96.9505,-0.0271,0.7636,0.0,1800.0,0.0,6.3
393.5,2026-05-06T04:05:44.924315+00:00,74.6513,0.1242,96.9619,-0.0208,0.7636,0.0,1800.0,0.0,6.3
394.0,2026-05-06T04:05:45.424331+00:00,74.8361,0.1591,96.9707,0.0226,0.7636,0.0,1800.0,0.0,6.3
394.5,2026-05-06T04:05:45.924332+00:00,74.8509,0.1859,97.0932,0.1022,0.7636,0.0,1800.0,0.0,6.3
395.0,2026-05-06T04:05:46.429260+00:00,74.8623,0.1429,97.1873,0.1557,0.7636,0.0,1800.0,0.0,6.3
395.5,2026-05-06T04:05:46.924332+00:00,74.7437,0.0462,97.2597,0.1582,0.7636,0.0,1800.0,0.0,6.2488
396.0,2026-05-06T04:05:47.424820+00:00,74.6526,-0.0918,97.1996,0.083,0.7636,0.0,1800.0,0.0,6.2238
396.5,2026-05-06T04:05:47.924665+00:00,74.5826,-0.1342,97.1534,0.0638,0.7636,0.0,1800.0,0.0,6.2116
397.0,2026-05-06T04:05:48.424376+00:00,74.656,-0.1031,97.0022,0.0105,0.7636,0.0,1800.0,0.0,6.2057
397.5,2026-05-06T04:05:48.931024+00:00,74.7125,-0.0156,96.886,-0.0691,0.7636,0.0,1800.0,0.0,6.2028
398.0,2026-05-06T04:05:49.424321+00:00,74.7559,0.0516,96.681,-0.1688,0.7636,0.0,1800.0,0.0,6.2526
398.5,2026-05-06T04:05:49.924307+00:00,74.7892,0.1033,96.4077,-0.284,0.7636,0.0,1800.0,0.0,6.2768
399.0,2026-05-06T04:05:50.424324+00:00,74.6876,0.0158,96.3134,-0.2954,0.7636,0.0,1800.0,0.0,6.2887
399.5,2026-05-06T04:05:50.924314+00:00,74.7367,0.0121,96.3565,-0.2656,0.7636,0.0,1800.0,0.0,6.2945
400.0,2026-05-06T04:05:51.432739+00:00,74.6473,-0.0543,96.5054,-0.1656,0.7636,0.0,1800.0,0.0,6.2973
400.5,2026-05-06T04:05:51.924411+00:00,74.3239,-0.2327,96.5042,-0.1273,0.7636,0.0,1800.0,0.0,6.2987
401.0,2026-05-06T04:05:52.424535+00:00,74.2027,-0.2425,96.6189,-0.0207,0.7636,0.0,1800.0,0.0,6.2994
401.5,2026-05-06T04:05:52.924341+00:00,74.1095,-0.3136,96.5914,0.0612,0.7636,0.0,1800.0,0.0,6.2997
402.0,2026-05-06T04:05:53.424317+00:00,74.1652,-0.241,96.6859,0.1242,0.7636,0.0,1800.0,0.0,6.2998
402.5,2026-05-06T04:05:53.930809+00:00,74.2079,-0.058,96.7586,0.134,0.7636,0.0,1800.0,0.0,6.2487
403.0,2026-05-06T04:05:54.424328+00:00,74.3681,0.0827,96.8145,0.103,0.7636,0.0,1800.0,0.0,6.275
403.5,2026-05-06T04:05:54.924327+00:00,74.4912,0.1908,96.7417,0.0792,0.7636,0.0,1800.0,0.0,6.2878
404.0,2026-05-06T04:05:55.424336+00:00,74.5858,0.2103,96.8015,0.0609,0.7636,0.0,1800.0,0.0,6.294
404.5,2026-05-06T04:05:55.924303+00:00,74.6585,0.2253,96.9631,0.1239,0.7636,0.0,1800.0,0.0,6.2459
405.0,2026-05-06T04:05:56.430447+00:00,74.7144,0.1731,96.9716,0.0952,0.7636,0.0,1800.0,0.0,6.2736
405.5,2026-05-06T04:05:56.924321+00:00,74.3755,-0.0578,96.8625,0.0346,0.7636,0.0,1800.0,0.0,6.2871
406.0,2026-05-06T04:05:57.424354+00:00,74.4969,-0.0444,97.01,0.0652,0.7636,0.0,1800.0,0.0,6.2937
406.5,2026-05-06T04:05:57.924353+00:00,74.4629,-0.0978,96.7763,0.0115,0.7636,0.0,1800.0,0.0,6.2969
407.0,2026-05-06T04:05:58.424374+00:00,74.3095,-0.2024,96.8281,0.0089,0.7636,0.0,1800.0,0.0,6.2985
407.5,2026-05-06T04:05:58.932347+00:00,74.4461,0.0353,96.6365,-0.1089,0.7636,0.0,1800.0,0.0,6.2481
408.0,2026-05-06T04:05:59.424835+00:00,74.5512,0.0271,96.7206,-0.0837,0.7636,0.0,1800.0,0.0,6.2747
408.5,2026-05-06T04:05:59.924929+00:00,74.7592,0.1481,96.6695,-0.0643,0.7636,0.0,1800.0,0.0,6.2876
409.0,2026-05-06T04:06:00.424528+00:00,74.919,0.3048,96.746,-0.088,0.7636,0.0,1800.0,0.0,6.294
409.500353,2026-05-06T04:06:00.924764+00:00,74.6601,0.107,96.5734,-0.0676,0.7636,0.0,1800.0,0.0,6.2971
410.0,2026-05-06T04:06:01.429542+00:00,74.8429,0.1459,96.6721,-0.052,0.7636,0.0,1800.0,0.0,6.2986
410.5,2026-05-06T04:06:01.924339+00:00,74.7288,-0.0152,96.6323,-0.0014,0.7636,0.0,1800.0,0.0,6.2993
411.0,2026-05-06T04:06:02.424364+00:00,74.7684,-0.0753,96.7174,-0.0011,0.7636,0.0,1800.0,0.0,6.2997
411.5,2026-05-06T04:06:02.924351+00:00,74.6716,0.0058,96.6671,-0.0008,0.7636,0.0,1800.0,0.0,6.2998
412.0,2026-05-06T04:06:03.424332+00:00,74.5972,-0.1228,96.7441,-0.0006,0.7636,0.0,1800.0,0.0,6.2999
412.5,2026-05-06T04:06:03.930020+00:00,74.4127,-0.158,96.6645,0.0304,0.7636,0.0,1800.0,0.0,6.2488
413.0,2026-05-06T04:06:04.424336+00:00,74.5255,-0.1215,96.7421,0.0233,0.7636,0.0,1800.0,0.0,6.275
413.5,2026-05-06T04:06:04.924377+00:00,74.6121,-0.0297,96.8018,0.0565,0.7636,0.0,1800.0,0.0,6.2878
414.0,2026-05-06T04:06:05.424829+00:00,74.5515,-0.0229,96.8477,0.0434,0.7636,0.0,1800.0,0.0,6.294
414.5,2026-05-06T04:06:05.924355+00:00,74.6321,0.1097,96.8829,0.0719,0.7636,0.0,1800.0,0.0,6.2971
415.0,2026-05-06T04:06:06.430421+00:00,74.6941,0.0843,96.91,0.0553,0.7636,0.0,1800.0,0.0,6.2986
415.5,2026-05-06T04:06:06.924433+00:00,74.7418,0.0648,96.8151,0.0502,0.7636,0.0,1800.0,0.0,6.2993
416.0,2026-05-06T04:06:07.424468+00:00,74.5238,-0.0138,96.8579,0.0386,0.7636,0.0,1800.0,0.0,6.2997
416.5,2026-05-06T04:06:07.924418+00:00,74.6109,-0.0106,96.8908,0.0297,0.7636,0.0,1800.0,0.0,6.2998
417.0,2026-05-06T04:06:08.424426+00:00,74.6778,-0.0082,96.9161,0.0228,0.7636,0.0,1800.0,0.0,6.2999
417.5,2026-05-06T04:06:08.931068+00:00,74.7292,-0.0063,97.0512,0.0561,0.7636,0.0,1800.0,0.0,6.3
418.0,2026-05-06T04:06:09.424361+00:00,74.7687,0.1224,96.9236,0.0045,0.7636,0.0,1800.0,0.0,6.3
418.5,2026-05-06T04:06:09.924326+00:00,74.9264,0.1577,96.8256,0.0035,0.7636,0.0,1800.0,0.0,6.3
419.0,2026-05-06T04:06:10.424327+00:00,74.793,0.0576,96.9817,0.0413,0.7636,0.0,1800.0,0.0,6.3
419.5,2026-05-06T04:06:10.924305+00:00,74.8178,0.0443,97.1016,0.0703,0.7636,0.0,1800.0,0.0,6.3
420.0,2026-05-06T04:06:11.428750+00:00,74.8368,0.034,97.0781,0.054,0.7636,0.0,1800.0,0.0,6.3
420.5,2026-05-06T04:06:11.924341+00:00,74.8514,-0.0375,97.06,0.0029,0.7636,0.0,1800.0,0.0,6.3
421.0,2026-05-06T04:06:12.424351+00:00,74.7354,-0.0288,97.0461,0.0408,0.7636,0.0,1800.0,0.0,6.3
421.5,2026-05-06T04:06:12.924801+00:00,74.6462,-0.0858,97.0355,0.0699,0.7636,0.0,1800.0,0.0,6.3
422.0,2026-05-06T04:06:13.424744+00:00,74.8322,-0.0023,97.143,0.0538,0.7636,0.0,1800.0,0.0,6.3
422.5,2026-05-06T04:06:14.032759+00:00,74.8479,-0.0018,97.1099,0.0028,0.7636,0.0,1800.0,0.0,6.3
423.0,2026-05-06T04:06:14.424740+00:00,74.7327,-0.0014,96.9687,-0.0364,0.7636,0.0,1800.0,0.0,6.3
423.5,2026-05-06T04:06:14.924858+00:00,74.8987,0.1262,96.976,-0.028,0.7636,0.0,1800.0,0.0,6.3
424.0,2026-05-06T04:06:15.424396+00:00,74.7717,-0.0302,96.9815,-0.0215,0.7636,0.0,1800.0,0.0,6.3
424.5,2026-05-06T04:06:15.924378+00:00,74.8014,-0.0233,96.9858,-0.0165,0.7636,0.0,1800.0,0.0,6.3
425.0,2026-05-06T04:06:16.431369+00:00,74.8242,0.0458,96.9891,-0.0513,0.7636,0.0,1800.0,0.0,6.3
425.5,2026-05-06T04:06:16.924375+00:00,74.7145,-0.0921,96.9916,-0.0394,0.7636,0.0,1800.0,0.0,6.3
426.0,2026-05-06T04:06:17.424357+00:00,74.3756,-0.1981,96.9936,0.0083,0.7636,0.0,1800.0,0.0,6.3
426.5,2026-05-06T04:06:17.924329+00:00,74.4969,-0.1522,97.1107,0.0449,0.7636,0.0,1800.0,0.0,6.3
427.0,2026-05-06T04:06:18.424473+00:00,74.7175,-0.0534,96.9694,-0.004,0.7636,0.0,1800.0,0.0,6.3
427.5,2026-05-06T04:06:18.929781+00:00,74.7597,0.0226,96.8608,-0.0417,0.7636,0.0,1800.0,0.0,6.3
428.0,2026-05-06T04:06:19.424443+00:00,74.7922,0.2083,96.7773,-0.0706,0.7636,0.0,1800.0,0.0,6.3
428.5,2026-05-06T04:06:19.924346+00:00,74.8171,0.1601,96.8288,-0.0543,0.7636,0.0,1800.0,0.0,6.3
429.0,2026-05-06T04:06:20.426065+00:00,74.8363,0.0594,96.7527,-0.0803,0.7636,0.0,1800.0,0.0,6.3
429.5,2026-05-06T04:06:20.924348+00:00,74.851,0.0457,96.6943,-0.1388,0.7636,0.0,1800.0,0.0,6.3
430.0,2026-05-06T04:06:21.430628+00:00,74.7351,-0.0285,96.8807,-0.0296,0.7636,0.0,1800.0,0.0,6.3
430.5,2026-05-06T04:06:21.925166+00:00,74.9005,0.0417,96.6769,-0.0613,0.7636,0.0,1800.0,0.0,6.3
431.0,2026-05-06T04:06:22.424411+00:00,75.0277,0.0957,96.7517,-0.0085,0.7636,0.0,1800.0,0.0,6.3
431.5,2026-05-06T04:06:22.924328+00:00,74.8709,0.0099,96.8091,-0.0066,0.7636,0.0,1800.0,0.0,6.3
432.0,2026-05-06T04:06:23.425701+00:00,75.0049,0.1349,96.7376,-0.005,0.7636,0.0,1800.0,0.0,6.3
432.5,2026-05-06T04:06:23.929873+00:00,74.8533,-0.0236,96.914,0.0733,0.7636,0.0,1800.0,0.0,6.3
433.0,2026-05-06T04:06:24.424314+00:00,74.8641,-0.0818,96.9339,0.0177,0.7636,0.0,1800.0,0.0,6.3
433.5,2026-05-06T04:06:24.924377+00:00,74.6179,-0.1265,96.9492,0.0908,0.7636,0.0,1800.0,0.0,6.3
434.0,2026-05-06T04:06:25.424347+00:00,74.6832,-0.1609,96.961,0.0698,0.7636,0.0,1800.0,0.0,6.3
434.5,2026-05-06T04:06:25.925189+00:00,74.7333,-0.06,97.0857,0.0922,0.7636,0.0,1800.0,0.0,6.3
435.0,2026-05-06T04:06:26.531542+00:00,74.8992,0.0175,96.9502,0.0709,0.7636,0.0,1800.0,0.0,6.3
435.5,2026-05-06T04:06:26.924374+00:00,74.7721,0.0771,96.9617,0.0159,0.7636,0.0,1800.0,0.0,6.3
436.0,2026-05-06T04:06:27.424331+00:00,74.6744,-0.0044,96.8549,-0.0264,0.7636,0.0,1800.0,0.0,6.3
436.5,2026-05-06T04:06:27.924342+00:00,74.8539,0.0603,97.0041,0.0183,0.7636,0.0,1800.0,0.0,6.3
437.0,2026-05-06T04:06:28.424370+00:00,74.61,-0.1446,96.8875,-0.0245,0.7636,0.0,1800.0,0.0,6.3
437.5,2026-05-06T04:06:28.932853+00:00,74.6771,-0.0475,97.0292,-0.0188,0.7636,0.0,1800.0,0.0,6.3
438.0,2026-05-06T04:06:29.424348+00:00,74.856,0.0908,97.0225,0.0241,0.7636,0.0,1800.0,0.0,6.3
438.5,2026-05-06T04:06:29.924880+00:00,74.8662,0.0061,96.9016,-0.02,0.7636,0.0,1800.0,0.0,6.3
439.0,2026-05-06T04:06:30.424420+00:00,75.0013,0.1956,97.04,0.0617,0.7636,0.0,1800.0,0.0,6.3
439.5,2026-05-06T04:06:30.924361+00:00,75.1051,0.214,96.7994,-0.0683,0.7636,0.0,1800.0,0.0,6.3
440.0,2026-05-06T04:06:31.429572+00:00,75.0576,0.1008,96.7301,-0.0525,0.7636,0.0,1800.0,0.0,6.3
440.5,2026-05-06T04:06:31.924347+00:00,74.8939,0.0139,96.7926,-0.0789,0.7636,0.0,1800.0,0.0,6.3
441.0,2026-05-06T04:06:32.424335+00:00,74.8953,-0.053,96.9563,-0.0221,0.7636,0.0,1800.0,0.0,6.3
441.5,2026-05-06T04:06:32.924377+00:00,74.7691,-0.168,97.0821,0.0602,0.7636,0.0,1800.0,0.0,6.2488
442.0,2026-05-06T04:06:33.424346+00:00,74.6721,-0.1928,97.0631,0.0077,0.7636,0.0,1800.0,0.0,6.2238
442.5,2026-05-06T04:06:33.930162+00:00,74.4703,-0.2118,97.0485,0.083,0.7636,0.0,1800.0,0.0,6.2116
443.0,2026-05-06T04:06:34.424379+00:00,74.697,-0.0991,97.153,0.141,0.7636,0.0,1800.0,0.0,6.2569
443.5,2026-05-06T04:06:34.926203+00:00,74.744,-0.0126,97.0019,0.0698,0.7636,0.0,1800.0,0.0,6.279
444.0,2026-05-06T04:06:35.424353+00:00,75.0346,0.1812,97.0014,0.0151,0.7636,0.0,1800.0,0.0,6.2897
444.5,2026-05-06T04:06:35.924376+00:00,75.258,0.3938,97.1168,0.0116,0.7636,0.0,1800.0,0.0,6.295
445.0,2026-05-06T04:06:36.430702+00:00,75.0479,0.1754,97.0898,0.0089,0.7636,0.0,1800.0,0.0,6.2976
445.5,2026-05-06T04:06:36.924433+00:00,75.0137,0.1348,96.8376,-0.0703,0.7636,0.0,1800.0,0.0,6.2988
446.0,2026-05-06T04:06:37.425923+00:00,74.9874,-0.0236,96.6438,-0.1697,0.7636,0.0,1800.0,0.0,6.2994
446.5,2026-05-06T04:06:37.924848+00:00,74.9672,-0.1454,96.7262,-0.0919,0.7636,0.0,1800.0,0.0,6.2997
447.0,2026-05-06T04:06:38.424806+00:00,75.0789,0.0155,96.6507,-0.1169,0.7636,0.0,1800.0,0.0,6.2999
447.5,2026-05-06T04:06:38.932933+00:00,75.1648,0.0755,96.7315,-0.1284,0.7636,0.0,1800.0,0.0,6.2999
448.0,2026-05-06T04:06:39.424358+00:00,74.9762,-0.0056,96.5623,-0.1758,0.7636,0.0,1800.0,0.0,6.3
448.5,2026-05-06T04:06:39.924374+00:00,75.0859,0.0594,96.5479,-0.0966,0.7636,0.0,1800.0,0.0,6.3
449.0,2026-05-06T04:06:40.424330+00:00,75.2974,0.1093,96.4211,-0.0742,0.7636,0.0,1800.0,0.0,6.3
449.5,2026-05-06T04:06:40.924359+00:00,75.0782,-0.0433,96.555,-0.0571,0.7636,0.0,1800.0,0.0,6.3
450.0,2026-05-06T04:06:41.428773+00:00,74.9097,-0.0333,96.658,0.0024,0.7636,0.0,1800.0,0.0,6.3
450.5,2026-05-06T04:06:41.924337+00:00,74.9074,-0.0892,96.6214,-0.0367,0.7636,0.0,1800.0,0.0,6.3
451.0,2026-05-06T04:06:42.425090+00:00,74.9057,-0.1958,96.5933,0.0104,0.7636,0.0,1800.0,0.0,6.3
451.5,2026-05-06T04:06:42.924330+00:00,74.9044,-0.0869,96.5717,0.008,0.7636,0.0,1800.0,0.0,6.3
452.0,2026-05-06T04:06:43.424346+00:00,75.0306,0.0605,96.4394,0.0061,0.7636,0.0,1800.0,0.0,6.3
452.5,2026-05-06T04:06:43.929140+00:00,75.1277,0.1101,96.4535,-0.0339,0.7636,0.0,1800.0,0.0,6.3
453.0,2026-05-06T04:06:44.424341+00:00,75.3295,0.2119,96.4642,-0.0646,0.7636,0.0,1800.0,0.0,6.3
453.5,2026-05-06T04:06:44.924449+00:00,75.2301,0.1629,96.5882,-0.0111,0.7636,0.0,1800.0,0.0,6.3
454.0,2026-05-06T04:06:45.424357+00:00,75.0265,-0.0021,96.6835,0.0301,0.7636,0.0,1800.0,0.0,6.3
454.5,2026-05-06T04:06:45.924336+00:00,74.9972,-0.0652,96.7567,0.0617,0.7636,0.0,1800.0,0.0,6.3
455.0,2026-05-06T04:06:46.431441+00:00,75.102,-0.1138,96.6973,0.086,0.7636,0.0,1800.0,0.0,6.3
455.5,2026-05-06T04:06:46.924678+00:00,75.0552,-0.0874,96.7674,0.1046,0.7636,0.0,1800.0,0.0,6.3
456.0,2026-05-06T04:06:47.424875+00:00,74.7648,-0.1308,96.5898,0.0419,0.7636,0.0,1800.0,0.0,6.3
456.5,2026-05-06T04:06:47.924659+00:00,74.7961,-0.1006,96.6847,0.0322,0.7636,0.0,1800.0,0.0,6.3
457.0,2026-05-06T04:06:48.425729+00:00,74.8201,-0.1409,96.7577,0.0247,0.7636,0.0,1800.0,0.0,6.3
457.5,2026-05-06T04:06:48.929192+00:00,74.8386,-0.1083,96.9294,0.0576,0.7636,0.0,1800.0,0.0,6.2488
458.0,2026-05-06T04:06:49.424932+00:00,74.9801,0.1076,96.9458,0.0828,0.7636,0.0,1800.0,0.0,6.275
458.5,2026-05-06T04:06:49.924359+00:00,75.0888,0.1464,96.9583,0.0637,0.7636,0.0,1800.0,0.0,6.2878
459.0,2026-05-06T04:06:50.424329+00:00,75.1724,0.1761,96.6209,0.0104,0.7636,0.0,1800.0,0.0,6.294
459.5,2026-05-06T04:06:50.924348+00:00,75.1094,0.1354,96.7086,0.008,0.7636,0.0,1800.0,0.0,6.2971
460.0,2026-05-06T04:06:51.429671+00:00,75.0609,0.0404,96.8917,0.0447,0.7636,0.0,1800.0,0.0,6.2986
460.5,2026-05-06T04:06:51.924340+00:00,75.151,0.0311,96.9168,-0.0042,0.7636,0.0,1800.0,0.0,6.2993
461.0,2026-05-06T04:06:52.425139+00:00,75.2202,0.0239,97.0517,0.0353,0.7636,0.0,1800.0,0.0,6.2997
461.5,2026-05-06T04:06:52.924349+00:00,75.2733,0.082,97.0398,0.0271,0.7636,0.0,1800.0,0.0,6.2486
462.0,2026-05-06T04:06:53.424345+00:00,75.3142,0.1266,97.1463,0.1751,0.7636,0.0,1800.0,0.0,6.2237
462.5,2026-05-06T04:06:53.928711+00:00,75.2184,0.0337,97.1124,0.1346,0.7636,0.0,1800.0,0.0,6.2116
463.0,2026-05-06T04:06:54.424456+00:00,75.0174,-0.1014,97.0864,0.0649,0.7636,0.0,1800.0,0.0,6.2569
463.5,2026-05-06T04:06:54.924866+00:00,74.9903,-0.1415,97.1821,0.0884,0.7636,0.0,1800.0,0.0,6.2789
464.0,2026-05-06T04:06:55.425105+00:00,74.9694,-0.1724,97.14,0.0294,0.7636,0.0,1800.0,0.0,6.2897
464.5,2026-05-06T04:06:55.924422+00:00,74.9533,-0.1325,97.1076,0.0226,0.7636,0.0,1800.0,0.0,6.295
465.0,2026-05-06T04:06:56.431183+00:00,74.941,-0.0382,96.967,-0.0598,0.7636,0.0,1800.0,0.0,6.2976
465.5,2026-05-06T04:06:56.924371+00:00,75.0588,0.0343,96.7432,-0.1231,0.7636,0.0,1800.0,0.0,6.2988
466.0,2026-05-06T04:06:57.426853+00:00,75.1493,0.09,96.6869,-0.1332,0.7636,0.0,1800.0,0.0,6.2994
466.5,2026-05-06T04:06:57.924326+00:00,75.0916,0.0691,96.6437,-0.1795,0.7636,0.0,1800.0,0.0,6.2997
467.0,2026-05-06T04:06:58.424320+00:00,75.1745,0.1168,96.6104,-0.1765,0.7636,0.0,1800.0,0.0,6.2999
467.5,2026-05-06T04:06:58.929678+00:00,75.2383,0.0898,96.5849,-0.1742,0.7636,0.0,1800.0,0.0,6.2999
468.0,2026-05-06T04:06:59.424361+00:00,75.2873,0.069,96.5652,-0.1339,0.7636,0.0,1800.0,0.0,6.3
468.5,2026-05-06T04:06:59.924329+00:00,75.3249,0.1167,96.3187,-0.1415,0.7636,0.0,1800.0,0.0,6.3
469.0,2026-05-06T04:07:00.424670+00:00,75.2266,0.026,96.245,-0.1473,0.7636,0.0,1800.0,0.0,6.3
469.5,2026-05-06T04:07:00.924376+00:00,75.2783,0.02,96.304,-0.1132,0.7636,0.0,1800.0,0.0,6.3
470.0,2026-05-06T04:07:01.428885+00:00,75.318,0.0154,96.2337,-0.1256,0.7636,0.0,1800.0,0.0,6.3
470.5,2026-05-06T04:07:01.924344+00:00,75.3486,0.0118,96.411,-0.058,0.7636,0.0,1800.0,0.0,6.3
471.0,2026-05-06T04:07:02.424347+00:00,75.1175,-0.0546,96.5473,-0.006,0.7636,0.0,1800.0,0.0,6.3
471.5,2026-05-06T04:07:02.925049+00:00,75.0672,-0.1056,96.4206,0.034,0.7636,0.0,1800.0,0.0,6.3
472.0,2026-05-06T04:07:03.424339+00:00,75.1558,-0.0811,96.439,0.0647,0.7636,0.0,1800.0,0.0,6.3
472.5,2026-05-06T04:07:03.930074+00:00,75.2238,-0.0624,96.3374,0.0111,0.7636,0.0,1800.0,0.0,6.3
473.0,2026-05-06T04:07:04.424331+00:00,75.4034,0.143,96.375,0.0471,0.7636,0.0,1800.0,0.0,6.3
473.5,2026-05-06T04:07:04.925504+00:00,75.4142,0.1735,96.5197,0.0362,0.7636,0.0,1800.0,0.0,6.3
474.0,2026-05-06T04:07:05.425697+00:00,75.4225,0.1334,96.3994,-0.0493,0.7636,0.0,1800.0,0.0,6.3
474.5,2026-05-06T04:07:05.924460+00:00,75.4289,0.1025,96.3995,-0.007,0.7636,0.0,1800.0,0.0,6.3
475.0,2026-05-06T04:07:06.435359+00:00,75.3065,-0.0485,96.5385,0.0332,0.7636,0.0,1800.0,0.0,6.3
475.5,2026-05-06T04:07:06.925828+00:00,75.467,0.0264,96.5296,0.0641,0.7636,0.0,1800.0,0.0,6.3
476.0,2026-05-06T04:07:07.424454+00:00,75.3358,-0.0434,96.6384,0.0878,0.7636,0.0,1800.0,0.0,6.3
476.5,2026-05-06T04:07:07.924361+00:00,75.4895,0.0303,96.6064,0.0289,0.7636,0.0,1800.0,0.0,6.3
477.0,2026-05-06T04:07:08.424361+00:00,75.4803,0.0869,96.6975,0.0994,0.7636,0.0,1800.0,0.0,6.3
477.5,2026-05-06T04:07:08.932371+00:00,75.6006,0.0668,96.6286,0.0764,0.7636,0.0,1800.0,0.0,6.2488
478.0,2026-05-06T04:07:09.424458+00:00,75.5657,0.115,96.7146,0.0587,0.7636,0.0,1800.0,0.0,6.275
478.500123,2026-05-06T04:07:09.925186+00:00,75.4117,-0.0389,96.6649,0.0451,0.7636,0.0,1800.0,0.0,6.2878
479.0,2026-05-06T04:07:10.424356+00:00,75.4206,-0.0299,96.7425,0.0347,0.7636,0.0,1800.0,0.0,6.294
479.5,2026-05-06T04:07:10.924333+00:00,75.4274,-0.0866,96.8021,0.0652,0.7636,0.0,1800.0,0.0,6.2971
480.0,2026-05-06T04:07:11.428888+00:00,75.3053,-0.1302,96.7322,0.0116,0.7636,0.0,1800.0,0.0,6.2986
480.5,2026-05-06T04:07:11.924602+00:00,75.4661,0.0272,96.6784,0.0166,0.7636,0.0,1800.0,0.0,6.2993
481.0,2026-05-06T04:07:12.424337+00:00,75.3351,-0.0427,96.7528,0.0128,0.7636,0.0,1800.0,0.0,6.2997
481.5,2026-05-06T04:07:12.924336+00:00,75.3617,-0.0328,96.81,0.0484,0.7636,0.0,1800.0,0.0,6.2998
482.0,2026-05-06T04:07:13.424379+00:00,75.3821,0.0384,96.7383,-0.0014,0.7636,0.0,1800.0,0.0,6.2999
482.5,2026-05-06T04:07:13.931966+00:00,75.3978,-0.0341,96.5675,-0.0782,0.7636,0.0,1800.0,0.0,6.3
483.0,2026-05-06T04:07:14.424350+00:00,75.4099,0.0374,96.4361,-0.0987,0.7636,0.0,1800.0,0.0,6.3
483.5,2026-05-06T04:07:14.924344+00:00,75.2919,-0.0349,96.4509,-0.0758,0.7636,0.0,1800.0,0.0,6.3
484.0,2026-05-06T04:07:15.424676+00:00,75.3285,-0.0268,96.3466,-0.1354,0.7636,0.0,1800.0,0.0,6.3
484.5,2026-05-06T04:07:15.924454+00:00,75.3566,-0.0206,96.4978,-0.1041,0.7636,0.0,1800.0,0.0,6.3
485.0,2026-05-06T04:07:16.429956+00:00,75.5055,0.0478,96.614,-0.0414,0.7636,0.0,1800.0,0.0,6.3
485.5,2026-05-06T04:07:16.926223+00:00,75.4926,0.1004,96.7033,0.0453,0.7636,0.0,1800.0,0.0,6.3
486.0,2026-05-06T04:07:17.424453+00:00,75.3555,0.0135,96.772,0.1119,0.7636,0.0,1800.0,0.0,6.3
486.5,2026-05-06T04:07:17.924563+00:00,75.5046,0.074,96.8247,0.1246,0.7636,0.0,1800.0,0.0,6.3
487.0,2026-05-06T04:07:18.424721+00:00,75.6193,0.0569,96.7496,0.1343,0.7636,0.0,1800.0,0.0,6.3
487.5,2026-05-06T04:07:18.928998+00:00,75.5801,0.0437,96.8075,0.1033,0.7636,0.0,1800.0,0.0,6.2488
488.0,2026-05-06T04:07:19.424611+00:00,75.6773,0.1609,96.9678,0.1179,0.7636,0.0,1800.0,0.0,6.275
488.5,2026-05-06T04:07:19.924363+00:00,75.4974,-0.0036,96.8595,0.0521,0.7636,0.0,1800.0,0.0,6.2878
489.0,2026-05-06T04:07:20.424328+00:00,75.6137,-0.0028,96.892,0.04,0.7636,0.0,1800.0,0.0,6.294
489.5,2026-05-06T04:07:20.924315+00:00,75.7031,0.0615,96.8013,-0.0078,0.7636,0.0,1800.0,0.0,6.2971
490.0,2026-05-06T04:07:21.430102+00:00,75.6445,-0.0164,96.963,0.0711,0.7636,0.0,1800.0,0.0,6.2986
490.5,2026-05-06T04:07:21.924353+00:00,75.7268,0.1147,96.9716,0.0547,0.7636,0.0,1800.0,0.0,6.2481
491.0,2026-05-06T04:07:22.424353+00:00,75.4082,-0.1028,96.9781,0.0035,0.7636,0.0,1800.0,0.0,6.2235
491.5,2026-05-06T04:07:22.924786+00:00,75.4179,-0.1426,96.9832,0.0412,0.7636,0.0,1800.0,0.0,6.2115
492.0,2026-05-06T04:07:23.424323+00:00,75.4253,-0.1096,96.8714,-0.0069,0.7636,0.0,1800.0,0.0,6.2056
492.5,2026-05-06T04:07:23.929680+00:00,75.3037,-0.2115,96.9011,0.0333,0.7636,0.0,1800.0,0.0,6.2027
493.0,2026-05-06T04:07:24.424323+00:00,75.4649,0.0283,97.0397,0.0256,0.7636,0.0,1800.0,0.0,6.2525
493.5,2026-05-06T04:07:24.925008+00:00,75.716,0.149,97.0305,0.0197,0.7636,0.0,1800.0,0.0,6.2768
494.0,2026-05-06T04:07:25.424315+00:00,75.7817,0.1782,97.0235,0.0151,0.7636,0.0,1800.0,0.0,6.2887
494.5,2026-05-06T04:07:25.924817+00:00,75.9595,0.3279,96.9023,-0.027,0.7636,0.0,1800.0,0.0,6.2945
495.0,2026-05-06T04:07:26.428823+00:00,75.9689,0.252,96.5778,-0.0979,0.7636,0.0,1800.0,0.0,6.2973
495.5,2026-05-06T04:07:26.925198+00:00,75.9761,0.13,96.6755,-0.0752,0.7636,0.0,1800.0,0.0,6.2987
496.0,2026-05-06T04:07:27.424355+00:00,75.9816,0.1,96.7506,-0.0964,0.7636,0.0,1800.0,0.0,6.2994
496.502377,2026-05-06T04:07:27.926936+00:00,75.9859,0.0132,96.6926,-0.1126,0.7636,0.0,1800.0,0.0,6.2997
497.0,2026-05-06T04:07:28.424567+00:00,75.7346,-0.1171,96.4166,-0.2023,0.7636,0.0,1800.0,0.0,6.2998
497.5,2026-05-06T04:07:28.932051+00:00,75.5415,-0.2173,96.5516,-0.1169,0.7636,0.0,1800.0,0.0,6.2487
498.000929,2026-05-06T04:07:29.425375+00:00,75.393,-0.2943,96.424,-0.0513,0.7636,0.0,1800.0,0.0,6.275
498.5,2026-05-06T04:07:29.924363+00:00,75.5335,-0.2262,96.5573,-0.0394,0.7636,0.0,1800.0,0.0,6.2878
499.0,2026-05-06T04:07:30.424362+00:00,75.3869,-0.1738,96.4283,-0.1074,0.7636,0.0,1800.0,0.0,6.294
499.5,2026-05-06T04:07:30.924346+00:00,75.4015,-0.07,96.0978,-0.1983,0.7636,0.0,1800.0,0.0,6.2971
500.0,2026-05-06T04:07:31.430771+00:00,75.54,0.0735,96.0752,-0.1138,0.7636,0.0,1800.0,0.0,6.2986
500.5,2026-05-06T04:07:31.924331+00:00,75.6464,0.0565,96.1735,-0.1261,0.7636,0.0,1800.0,0.0,6.2993
501.0,2026-05-06T04:07:32.424330+00:00,75.601,0.107,96.1333,-0.0969,0.7636,0.0,1800.0,0.0,6.2997
501.5,2026-05-06T04:07:32.926973+00:00,75.566,0.0823,96.1025,-0.1516,0.7636,0.0,1800.0,0.0,6.2998
502.0,2026-05-06T04:07:33.424328+00:00,75.6665,0.0632,96.0788,-0.1165,0.7636,0.0,1800.0,0.0,6.2999
502.5,2026-05-06T04:07:33.930039+00:00,75.6164,-0.015,96.1762,0.0261,0.7636,0.0,1800.0,0.0,6.3
503.0,2026-05-06T04:07:34.424357+00:00,75.7051,0.0521,96.1355,0.0201,0.7636,0.0,1800.0,0.0,6.3
503.5,2026-05-06T04:07:34.924328+00:00,75.5188,-0.0236,96.2198,0.0154,0.7636,0.0,1800.0,0.0,6.3
504.0,2026-05-06T04:07:35.424365+00:00,75.2484,-0.209,96.4003,0.089,0.7636,0.0,1800.0,0.0,6.3
504.5,2026-05-06T04:07:35.924345+00:00,75.4223,-0.097,96.4234,0.107,0.7636,0.0,1800.0,0.0,6.3
505.0,2026-05-06T04:07:36.429946+00:00,75.556,-0.0746,96.4411,0.1208,0.7636,0.0,1800.0,0.0,6.3
505.5,2026-05-06T04:07:36.924342+00:00,75.5315,0.0063,96.4548,0.0928,0.7636,0.0,1800.0,0.0,6.3
506.0,2026-05-06T04:07:37.424337+00:00,75.6399,0.1958,96.4652,0.1099,0.7636,0.0,1800.0,0.0,6.3
506.5,2026-05-06T04:07:37.924380+00:00,75.5959,0.0868,96.4733,0.0845,0.7636,0.0,1800.0,0.0,6.3
507.0,2026-05-06T04:07:38.424809+00:00,75.6894,0.0667,96.4795,0.0264,0.7636,0.0,1800.0,0.0,6.3
507.5,2026-05-06T04:07:38.930447+00:00,75.8886,0.1786,96.7156,0.0974,0.7636,0.0,1800.0,0.0,6.2488
508.0,2026-05-06T04:07:39.424411+00:00,76.1689,0.2645,96.8971,0.152,0.7636,0.0,1800.0,0.0,6.275
508.5,2026-05-06T04:07:39.925357+00:00,76.0025,0.2033,97.0366,0.194,0.7636,0.0,1800.0,0.0,6.2878
509.0,2026-05-06T04:07:40.424427+00:00,76.002,0.1563,97.0281,0.1876,0.7636,0.0,1800.0,0.0,6.294
509.5,2026-05-06T04:07:40.925818+00:00,75.747,-0.0708,97.0216,0.1828,0.7636,0.0,1800.0,0.0,6.2971
510.0,2026-05-06T04:07:41.435777+00:00,75.9328,-0.1181,97.1323,0.2176,0.7636,0.0,1800.0,0.0,6.2986
510.5,2026-05-06T04:07:41.924658+00:00,75.8211,-0.0907,97.1017,0.1287,0.7636,0.0,1800.0,0.0,6.2993
511.0,2026-05-06T04:07:42.424391+00:00,75.8625,-0.0697,96.9625,0.0218,0.7636,0.0,1800.0,0.0,6.2997
511.5,2026-05-06T04:07:42.924398+00:00,76.0216,0.1373,96.7398,-0.099,0.7636,0.0,1800.0,0.0,6.2998
512.00057,2026-05-06T04:07:43.424989+00:00,76.1438,0.1055,96.6843,-0.1146,0.7636,0.0,1800.0,0.0,6.2999
512.5,2026-05-06T04:07:43.929747+00:00,75.9833,0.0811,96.5028,-0.1729,0.7636,0.0,1800.0,0.0,6.3
513.000094,2026-05-06T04:07:44.424471+00:00,75.8599,-0.0013,96.3864,-0.2486,0.7636,0.0,1800.0,0.0,6.3
513.5,2026-05-06T04:07:44.924331+00:00,75.8923,-0.0646,96.1813,-0.3068,0.7636,0.0,1800.0,0.0,6.3
514.0,2026-05-06T04:07:45.424374+00:00,75.79,-0.1769,96.1394,-0.2744,0.7636,0.0,1800.0,0.0,6.3
514.5,2026-05-06T04:07:45.924369+00:00,75.7113,-0.136,96.2228,-0.1723,0.7636,0.0,1800.0,0.0,6.3
515.0,2026-05-06T04:07:46.433299+00:00,75.7781,-0.0409,96.287,-0.1324,0.7636,0.0,1800.0,0.0,6.3
515.5,2026-05-06T04:07:46.924352+00:00,75.8294,-0.0314,96.5677,0.0216,0.7636,0.0,1800.0,0.0,6.3
516.0,2026-05-06T04:07:47.424326+00:00,75.9962,0.1031,96.6677,0.0938,0.7636,0.0,1800.0,0.0,6.3
516.5,2026-05-06T04:07:47.924460+00:00,75.7425,0.0156,96.8603,0.2263,0.7636,0.0,1800.0,0.0,6.3
517.0,2026-05-06T04:07:48.425394+00:00,75.8021,0.012,96.8926,0.2511,0.7636,0.0,1800.0,0.0,6.3
517.5,2026-05-06T04:07:48.931052+00:00,75.8479,0.0092,96.9175,0.2316,0.7636,0.0,1800.0,0.0,6.2488
518.0,2026-05-06T04:07:49.424942+00:00,75.7558,-0.1202,97.0523,0.2551,0.7636,0.0,1800.0,0.0,6.275
518.5,2026-05-06T04:07:49.924344+00:00,75.8123,0.0349,96.9245,0.1189,0.7636,0.0,1800.0,0.0,6.2878
519.0,2026-05-06T04:07:50.424786+00:00,75.8558,0.0268,96.9419,0.0914,0.7636,0.0,1800.0,0.0,6.294
519.5,2026-05-06T04:07:50.924400+00:00,76.0164,0.0843,96.9554,0.0317,0.7636,0.0,1800.0,0.0,6.2971
520.0,2026-05-06T04:07:51.431732+00:00,76.0126,0.1284,96.9657,0.0244,0.7636,0.0,1800.0,0.0,6.2986
520.5,2026-05-06T04:07:51.927516+00:00,76.137,0.1623,96.9736,0.0187,0.7636,0.0,1800.0,0.0,6.2481
521.0,2026-05-06T04:07:52.424357+00:00,76.2325,0.1884,96.9797,-0.0242,0.7636,0.0,1800.0,0.0,6.2235
521.5,2026-05-06T04:07:52.924358+00:00,76.306,0.1448,96.9844,0.02,0.7636,0.0,1800.0,0.0,6.2115
522.0,2026-05-06T04:07:53.424362+00:00,76.4897,0.2386,96.988,0.0154,0.7636,0.0,1800.0,0.0,6.2056
522.5,2026-05-06T04:07:53.929467+00:00,76.3764,0.1197,96.8751,-0.0268,0.7636,0.0,1800.0,0.0,6.2539
523.0,2026-05-06T04:07:54.424347+00:00,76.162,-0.0353,96.7883,-0.0591,0.7636,0.0,1800.0,0.0,6.2775
523.5,2026-05-06T04:07:54.924335+00:00,76.3791,0.0365,96.8373,-0.0455,0.7636,0.0,1800.0,0.0,6.289
524.0,2026-05-06T04:07:55.424710+00:00,76.2914,-0.0992,96.8749,-0.0349,0.7636,0.0,1800.0,0.0,6.2946
524.5,2026-05-06T04:07:55.924453+00:00,76.3512,-0.0126,96.7882,-0.0654,0.7636,0.0,1800.0,0.0,6.2974
525.0,2026-05-06T04:07:56.428699+00:00,76.2699,0.054,96.8372,-0.0503,0.7636,0.0,1800.0,0.0,6.2987
525.5,2026-05-06T04:07:56.924459+00:00,76.3347,-0.0222,96.8749,-0.0001,0.7636,0.0,1800.0,0.0,6.2994
526.0,2026-05-06T04:07:57.424345+00:00,76.13,-0.0807,97.0195,0.0771,0.7636,0.0,1800.0,0.0,6.2997
526.5,2026-05-06T04:07:57.925284+00:00,76.0999,-0.1256,96.8993,0.0207,0.7636,0.0,1800.0,0.0,6.2999
527.0,2026-05-06T04:07:58.424420+00:00,76.2041,-0.0329,96.9226,0.0159,0.7636,0.0,1800.0,0.0,6.2999
527.5,2026-05-06T04:07:58.931327+00:00,76.1569,-0.0889,96.9405,0.0508,0.7636,0.0,1800.0,0.0,6.3
528.0,2026-05-06T04:07:59.425185+00:00,76.1206,-0.0047,96.8386,0.0005,0.7636,0.0,1800.0,0.0,6.3
528.5,2026-05-06T04:07:59.924548+00:00,76.0927,-0.0036,96.8759,0.0004,0.7636,0.0,1800.0,0.0,6.3
529.0,2026-05-06T04:08:00.424393+00:00,76.0712,-0.0664,96.7889,-0.0769,0.7636,0.0,1800.0,0.0,6.3
529.5,2026-05-06T04:08:00.924320+00:00,76.3093,0.0762,96.8378,-0.0205,0.7636,0.0,1800.0,0.0,6.3
530.0,2026-05-06T04:08:01.431279+00:00,76.365,0.1222,96.7596,-0.0543,0.7636,0.0,1800.0,0.0,6.3
530.5,2026-05-06T04:08:01.924344+00:00,76.2805,0.0939,96.8152,-0.0418,0.7636,0.0,1800.0,0.0,6.3
531.0,2026-05-06T04:08:02.424353+00:00,76.3429,0.1358,96.9737,0.045,0.7636,0.0,1800.0,0.0,6.3
531.5,2026-05-06T04:08:02.924338+00:00,76.2635,-0.0229,96.9798,0.0346,0.7636,0.0,1800.0,0.0,6.3
532.0,2026-05-06T04:08:03.424872+00:00,76.3298,-0.0176,96.9845,0.0652,0.7636,0.0,1800.0,0.0,6.3
532.5,2026-05-06T04:08:03.928826+00:00,76.1262,-0.0771,96.9881,0.0501,0.7636,0.0,1800.0,0.0,6.2488
533.0,2026-05-06T04:08:04.425112+00:00,75.9698,-0.1866,96.9908,0.0771,0.7636,0.0,1800.0,0.0,6.275
533.5,2026-05-06T04:08:04.924344+00:00,75.8495,-0.207,96.8541,0.013,0.7636,0.0,1800.0,0.0,6.2366
534.0,2026-05-06T04:08:05.424805+00:00,75.8843,-0.2228,96.8879,-0.0286,0.7636,0.0,1800.0,0.0,6.2179
534.5,2026-05-06T04:08:05.924706+00:00,75.7838,-0.1712,96.9138,-0.022,0.7636,0.0,1800.0,0.0,6.2087
535.0,2026-05-06T04:08:06.430019+00:00,75.8338,-0.068,96.8181,-0.0555,0.7636,0.0,1800.0,0.0,6.2043
535.5,2026-05-06T04:08:06.924612+00:00,75.9996,0.075,96.6288,-0.1198,0.7636,0.0,1800.0,0.0,6.2533
536.0,2026-05-06T04:08:07.424414+00:00,75.9997,0.0577,96.599,-0.1306,0.7636,0.0,1800.0,0.0,6.2772
536.5,2026-05-06T04:08:07.925861+00:00,75.8725,0.0443,96.5529,-0.1004,0.7636,0.0,1800.0,0.0,6.2889
537.0,2026-05-06T04:08:08.424883+00:00,75.7747,-0.0296,96.5407,-0.1157,0.7636,0.0,1800.0,0.0,6.2946
537.5,2026-05-06T04:08:08.934476+00:00,75.9541,-0.0227,96.5313,-0.1275,0.7636,0.0,1800.0,0.0,6.2462
538.0,2026-05-06T04:08:09.424370+00:00,76.2193,0.1098,96.524,-0.098,0.7636,0.0,1800.0,0.0,6.2737
538.5,2026-05-06T04:08:09.924385+00:00,76.1685,0.148,96.6342,0.0018,0.7636,0.0,1800.0,0.0,6.2872
539.0,2026-05-06T04:08:10.424320+00:00,76.1295,0.1774,96.7188,0.04,0.7636,0.0,1800.0,0.0,6.2937
539.5,2026-05-06T04:08:10.924317+00:00,76.2268,0.1364,96.6682,0.0384,0.7636,0.0,1800.0,0.0,6.2969
540.0,2026-05-06T04:08:11.430012+00:00,76.1743,-0.0225,96.6293,0.0295,0.7636,0.0,1800.0,0.0,6.2985
540.5,2026-05-06T04:08:11.924325+00:00,76.0067,-0.0809,96.7151,0.0613,0.7636,0.0,1800.0,0.0,6.2993
541.0,2026-05-06T04:08:12.424328+00:00,76.0052,-0.0622,96.781,0.0857,0.7636,0.0,1800.0,0.0,6.2996
541.5,2026-05-06T04:08:12.924555+00:00,76.004,-0.1114,96.8317,0.0658,0.7636,0.0,1800.0,0.0,6.2998
542.0,2026-05-06T04:08:13.424349+00:00,76.0031,-0.0856,96.9863,0.0892,0.7636,0.0,1800.0,0.0,6.2999
542.5,2026-05-06T04:08:13.929602+00:00,76.1296,0.0614,96.9895,0.1071,0.7636,0.0,1800.0,0.0,6.3
543.0,2026-05-06T04:08:14.424977+00:00,76.0996,0.0472,96.9919,0.1209,0.7636,0.0,1800.0,0.0,6.3
543.5,2026-05-06T04:08:14.924360+00:00,76.2038,0.0999,96.8781,0.0543,0.7636,0.0,1800.0,0.0,6.3
544.0,2026-05-06T04:08:15.424379+00:00,76.1567,0.0768,96.7906,0.0032,0.7636,0.0,1800.0,0.0,6.3
544.5,2026-05-06T04:08:15.924451+00:00,76.2477,0.059,96.8391,0.0025,0.7636,0.0,1800.0,0.0,6.3
545.0,2026-05-06T04:08:16.431107+00:00,76.1904,0.0454,96.7606,-0.0752,0.7636,0.0,1800.0,0.0,6.3
545.5,2026-05-06T04:08:16.925803+00:00,76.2736,0.0349,96.7003,-0.0964,0.7636,0.0,1800.0,0.0,6.3
546.0,2026-05-06T04:08:17.428221+00:00,76.2103,0.0268,96.8853,-0.0355,0.7636,0.0,1800.0,0.0,6.3
546.5,2026-05-06T04:08:17.924379+00:00,76.2889,0.0206,96.9119,0.0113,0.7636,0.0,1800.0,0.0,6.3
547.000663,2026-05-06T04:08:18.425029+00:00,76.3493,0.0795,96.8166,0.0087,0.7636,0.0,1800.0,0.0,6.3
547.5,2026-05-06T04:08:18.932937+00:00,76.2685,-0.0026,96.7433,-0.0319,0.7636,0.0,1800.0,0.0,6.3
548.0,2026-05-06T04:08:19.424376+00:00,76.3336,0.0617,96.5713,-0.0631,0.7636,0.0,1800.0,0.0,6.3
548.5,2026-05-06T04:08:19.924347+00:00,76.3837,0.0474,96.6705,-0.0099,0.7636,0.0,1800.0,0.0,6.3
549.0,2026-05-06T04:08:20.424367+00:00,76.2949,-0.0272,96.7468,-0.0462,0.7636,0.0,1800.0,0.0,6.3
549.5,2026-05-06T04:08:20.924349+00:00,76.2267,-0.0209,96.8054,-0.0355,0.7636,0.0,1800.0,0.0,6.3
550.0,2026-05-06T04:08:21.431424+00:00,76.4288,0.0476,96.7347,-0.0273,0.7636,0.0,1800.0,0.0,6.3
550.5,2026-05-06T04:08:21.924342+00:00,76.2023,-0.0907,96.7961,0.0176,0.7636,0.0,1800.0,0.0,6.3
551.0,2026-05-06T04:08:22.425211+00:00,76.1555,-0.0697,96.8433,0.0907,0.7636,0.0,1800.0,0.0,6.3
551.5,2026-05-06T04:08:22.924352+00:00,76.2468,0.01,96.8795,0.0697,0.7636,0.0,1800.0,0.0,6.3
552.0,2026-05-06T04:08:23.424441+00:00,76.0624,-0.1832,96.7917,0.015,0.7636,0.0,1800.0,0.0,6.3
552.5,2026-05-06T04:08:23.929365+00:00,76.048,-0.0772,96.8399,0.0115,0.7636,0.0,1800.0,0.0,6.3
553.0,2026-05-06T04:08:24.424370+00:00,75.7823,-0.1866,96.7613,0.0089,0.7636,0.0,1800.0,0.0,6.3
553.5,2026-05-06T04:08:24.925734+00:00,75.96,-0.1434,96.8165,0.0068,0.7636,0.0,1800.0,0.0,6.3
554.0,2026-05-06T04:08:25.424341+00:00,75.9692,-0.0466,96.7433,-0.0333,0.7636,0.0,1800.0,0.0,6.3
554.5,2026-05-06T04:08:25.924321+00:00,76.1036,0.0278,96.8027,-0.0256,0.7636,0.0,1800.0,0.0,6.3
555.0,2026-05-06T04:08:26.429012+00:00,76.3342,0.2759,96.964,0.0574,0.7636,0.0,1800.0,0.0,6.3
555.5,2026-05-06T04:08:26.926484+00:00,76.2569,0.1484,96.9724,0.0441,0.7636,0.0,1800.0,0.0,6.3
556.0,2026-05-06T04:08:27.424353+00:00,76.3247,0.1777,96.9788,0.0725,0.7636,0.0,1800.0,0.0,6.3
556.5,2026-05-06T04:08:27.924319+00:00,76.3768,0.1366,96.9837,0.0557,0.7636,0.0,1800.0,0.0,6.3
557.0,2026-05-06T04:08:28.424334+00:00,76.2896,-0.0223,97.1031,0.12,0.7636,0.0,1800.0,0.0,6.3
557.5,2026-05-06T04:08:28.928842+00:00,76.2226,-0.0171,97.0793,0.0922,0.7636,0.0,1800.0,0.0,6.3
558.0,2026-05-06T04:08:29.424408+00:00,76.1711,-0.0768,97.0609,0.0323,0.7636,0.0,1800.0,0.0,6.3
558.5,2026-05-06T04:08:29.924426+00:00,76.2588,-0.059,97.0468,0.0248,0.7636,0.0,1800.0,0.0,6.3
559.0,2026-05-06T04:08:30.424318+00:00,76.1989,-0.0454,97.1517,0.0576,0.7636,0.0,1800.0,0.0,6.3
559.5,2026-05-06T04:08:30.924327+00:00,76.1529,-0.0349,97.1166,0.0443,0.7636,0.0,1800.0,0.0,6.3
560.0,2026-05-06T04:08:31.430758+00:00,76.1175,-0.0268,97.0896,-0.0045,0.7636,0.0,1800.0,0.0,6.3
560.5,2026-05-06T04:08:31.924449+00:00,75.963,-0.1479,97.0689,-0.0035,0.7636,0.0,1800.0,0.0,6.3
561.0,2026-05-06T04:08:32.424474+00:00,75.9716,-0.1137,97.1686,0.0359,0.7636,0.0,1800.0,0.0,6.3
561.5,2026-05-06T04:08:32.924338+00:00,75.8509,-0.151,97.1296,0.0276,0.7636,0.0,1800.0,0.0,6.3
562.0,2026-05-06T04:08:33.424724+00:00,75.8854,-0.116,97.0996,-0.0174,0.7636,0.0,1800.0,0.0,6.3
562.5,2026-05-06T04:08:33.932451+00:00,75.9119,-0.0256,97.0766,-0.0133,0.7636,0.0,1800.0,0.0,6.3
563.0,2026-05-06T04:08:34.424325+00:00,76.0596,0.044,97.0589,-0.0103,0.7636,0.0,1800.0,0.0,6.3
563.5,2026-05-06T04:08:34.924384+00:00,76.1731,0.1611,97.0452,-0.0079,0.7636,0.0,1800.0,0.0,6.3
564.0,2026-05-06T04:08:35.424411+00:00,76.2603,0.1874,97.0348,-0.0446,0.7636,0.0,1800.0,0.0,6.3
564.5,2026-05-06T04:08:35.924338+00:00,76.0728,0.0804,97.0267,-0.0343,0.7636,0.0,1800.0,0.0,6.3
565.0,2026-05-06T04:08:36.428653+00:00,76.1832,0.0618,97.0205,-0.0264,0.7636,0.0,1800.0,0.0,6.3
565.5,2026-05-06T04:08:36.924387+00:00,76.1408,-0.0161,97.0158,-0.0203,0.7636,0.0,1800.0,0.0,6.2488
566.0,2026-05-06T04:08:37.424334+00:00,76.1082,-0.076,97.0121,-0.0156,0.7636,0.0,1800.0,0.0,6.2238
566.5,2026-05-06T04:08:37.924382+00:00,76.2105,0.0688,97.125,0.0266,0.7636,0.0,1800.0,0.0,6.2116
567.0,2026-05-06T04:08:38.424350+00:00,76.1618,-0.0107,97.0961,0.0204,0.7636,0.0,1800.0,0.0,6.2057
567.5,2026-05-06T04:08:38.931333+00:00,76.2516,0.0554,97.0739,0.0157,0.7636,0.0,1800.0,0.0,6.2028
568.0,2026-05-06T04:08:39.424736+00:00,76.1934,0.0426,96.9411,-0.0265,0.7636,0.0,1800.0,0.0,6.2526
568.500289,2026-05-06T04:08:39.925302+00:00,76.2759,0.0327,97.0704,0.0182,0.7636,0.0,1800.0,0.0,6.2768
569.0,2026-05-06T04:08:40.424377+00:00,76.3393,0.0888,96.9384,-0.0246,0.7636,0.0,1800.0,0.0,6.2887
569.5,2026-05-06T04:08:40.924354+00:00,76.5153,0.1319,96.9527,-0.0575,0.7636,0.0,1800.0,0.0,6.2945
570.0,2026-05-06T04:08:41.431991+00:00,76.3961,0.1014,96.9636,-0.0442,0.7636,0.0,1800.0,0.0,6.2973
570.5,2026-05-06T04:08:41.924331+00:00,76.3044,0.0143,96.8563,-0.0725,0.7636,0.0,1800.0,0.0,6.2987
571.0,2026-05-06T04:08:42.424333+00:00,76.3613,0.011,97.0053,0.0214,0.7636,0.0,1800.0,0.0,6.2994
571.5,2026-05-06T04:08:42.924348+00:00,76.2777,-0.1188,96.8884,-0.0607,0.7636,0.0,1800.0,0.0,6.2997
572.0,2026-05-06T04:08:43.424341+00:00,76.3407,-0.0277,96.9142,-0.0081,0.7636,0.0,1800.0,0.0,6.2998
572.5,2026-05-06T04:08:43.929773+00:00,76.2618,-0.0213,96.934,-0.0062,0.7636,0.0,1800.0,0.0,6.2487
573.0,2026-05-06T04:08:44.424348+00:00,76.4558,0.0473,96.9493,-0.0048,0.7636,0.0,1800.0,0.0,6.275
573.5,2026-05-06T04:08:44.924346+00:00,76.3503,0.0363,96.961,0.0349,0.7636,0.0,1800.0,0.0,6.2878
574.0,2026-05-06T04:08:45.424426+00:00,76.2693,-0.0357,96.9701,-0.0117,0.7636,0.0,1800.0,0.0,6.294
574.5,2026-05-06T04:08:45.924370+00:00,76.3342,0.0362,96.977,0.0295,0.7636,0.0,1800.0,0.0,6.2971
575.0,2026-05-06T04:08:46.431709+00:00,76.3842,-0.0358,96.8666,-0.0159,0.7636,0.0,1800.0,0.0,6.2986
575.5,2026-05-06T04:08:46.924859+00:00,76.2953,-0.0275,96.8975,-0.0122,0.7636,0.0,1800.0,0.0,6.2993
576.0,2026-05-06T04:08:47.424322+00:00,76.3542,0.0425,96.7824,-0.0556,0.7636,0.0,1800.0,0.0,6.2997
576.5,2026-05-06T04:08:47.924424+00:00,76.3995,0.0326,96.717,-0.0813,0.7636,0.0,1800.0,0.0,6.2998
577.0,2026-05-06T04:08:48.426918+00:00,76.3071,-0.0385,96.7825,-0.0625,0.7636,0.0,1800.0,0.0,6.2999
577.5,2026-05-06T04:08:48.931999+00:00,76.3633,0.034,96.7171,-0.0866,0.7636,0.0,1800.0,0.0,6.3
578.0,2026-05-06T04:08:49.424327+00:00,76.2792,-0.0375,96.7826,-0.028,0.7636,0.0,1800.0,0.0,6.3
578.5,2026-05-06T04:08:49.924360+00:00,76.2146,-0.0925,96.8329,-0.0215,0.7636,0.0,1800.0,0.0,6.3
579.0,2026-05-06T04:08:50.424368+00:00,76.2922,-0.0074,96.8716,0.0297,0.7636,0.0,1800.0,0.0,6.3
579.5,2026-05-06T04:08:50.924359+00:00,76.2246,-0.0693,96.9013,0.0614,0.7636,0.0,1800.0,0.0,6.3
580.0,2026-05-06T04:08:51.429740+00:00,76.1726,-0.0533,96.8084,0.0086,0.7636,0.0,1800.0,0.0,6.3
580.5,2026-05-06T04:08:51.924469+00:00,76.1327,-0.041,96.7371,0.0066,0.7636,0.0,1800.0,0.0,6.3
581.0,2026-05-06T04:08:52.424331+00:00,76.2292,-0.0315,96.7979,0.0051,0.7636,0.0,1800.0,0.0,6.3
581.5,2026-05-06T04:08:52.926410+00:00,76.1762,-0.0242,96.6133,-0.0732,0.7636,0.0,1800.0,0.0,6.3
582.0,2026-05-06T04:08:53.425846+00:00,76.1354,-0.0186,96.5871,-0.0948,0.7636,0.0,1800.0,0.0,6.3
582.5,2026-05-06T04:08:53.930421+00:00,76.2314,0.0493,96.6826,-0.0729,0.7636,0.0,1800.0,0.0,6.3
583.0,2026-05-06T04:08:54.424395+00:00,76.3051,0.0379,96.5247,-0.0946,0.7636,0.0,1800.0,0.0,6.3
583.5,2026-05-06T04:08:54.925559+00:00,76.2345,0.0291,96.7504,0.0044,0.7636,0.0,1800.0,0.0,6.3
584.0,2026-05-06T04:08:55.424541+00:00,76.3075,0.086,96.8081,0.0034,0.7636,0.0,1800.0,0.0,6.3
584.5,2026-05-06T04:08:55.924446+00:00,76.2363,0.0025,96.8525,0.0798,0.7636,0.0,1800.0,0.0,6.3
585.0,2026-05-06T04:08:56.432572+00:00,76.3089,0.0019,96.8866,0.0999,0.7636,0.0,1800.0,0.0,6.3
585.5,2026-05-06T04:08:56.926869+00:00,76.2374,0.0015,96.7972,0.0382,0.7636,0.0,1800.0,0.0,6.3
586.0,2026-05-06T04:08:57.424325+00:00,76.1825,-0.0625,96.8441,0.1065,0.7636,0.0,1800.0,0.0,6.3
586.5,2026-05-06T04:08:57.924351+00:00,76.1403,-0.048,96.8802,0.0433,0.7636,0.0,1800.0,0.0,6.3
587.0,2026-05-06T04:08:58.424340+00:00,76.1078,-0.1006,96.9079,0.0333,0.7636,0.0,1800.0,0.0,6.3
587.5,2026-05-06T04:08:58.929205+00:00,76.0829,-0.0773,96.8135,-0.013,0.7636,0.0,1800.0,0.0,6.2488
588.0,2026-05-06T04:08:59.424340+00:00,76.191,0.0042,96.741,-0.0486,0.7636,0.0,1800.0,0.0,6.275
588.5,2026-05-06T04:08:59.924542+00:00,76.274,0.0669,96.9166,0.0398,0.7636,0.0,1800.0,0.0,6.2878
589.0,2026-05-06T04:09:00.424347+00:00,76.2106,0.0514,96.9359,0.0306,0.7636,0.0,1800.0,0.0,6.294
589.5,2026-05-06T04:09:00.924341+00:00,76.2892,0.1031,96.9507,0.0235,0.7636,0.0,1800.0,0.0,6.2971
590.0,2026-05-06T04:09:01.428995+00:00,76.095,-0.048,97.0778,0.0566,0.7636,0.0,1800.0,0.0,6.2986
590.5,2026-05-06T04:09:01.924558+00:00,76.073,-0.1005,97.0598,0.0821,0.7636,0.0,1800.0,0.0,6.2993
591.0,2026-05-06T04:09:02.425108+00:00,76.1834,-0.0136,97.046,0.1017,0.7636,0.0,1800.0,0.0,6.2997
591.5,2026-05-06T04:09:02.924446+00:00,76.2682,-0.0105,97.151,0.0781,0.7636,0.0,1800.0,0.0,6.2998
592.0,2026-05-06T04:09:03.426910+00:00,76.3334,0.1192,97.0004,0.0215,0.7636,0.0,1800.0,0.0,6.2999
592.5,2026-05-06T04:09:03.930546+00:00,76.3835,0.1553,97.0003,0.0165,0.7636,0.0,1800.0,0.0,6.3512
593.0,2026-05-06T04:09:04.424819+00:00,76.4221,0.1193,97.1159,0.0127,0.7636,0.0,1800.0,0.0,6.3762
593.5,2026-05-06T04:09:04.925037+00:00,76.4517,0.0917,97.0891,0.0098,0.7636,0.0,1800.0,0.0,6.3884
594.0,2026-05-06T04:09:05.425484+00:00,76.3471,0.0069,96.9528,-0.0311,0.7636,0.0,1800.0,0.0,6.3943
594.5,2026-05-06T04:09:05.924508+00:00,76.2668,-0.0584,97.0794,-0.0239,0.7636,0.0,1800.0,0.0,6.346
595.0,2026-05-06T04:09:06.429008+00:00,76.2051,-0.1085,96.9453,-0.0184,0.7636,0.0,1800.0,0.0,6.3225
595.5,2026-05-06T04:09:06.924319+00:00,76.2849,-0.0834,96.958,-0.0141,0.7636,0.0,1800.0,0.0,6.3622
596.0,2026-05-06T04:09:07.424360+00:00,76.4735,0.0632,96.9677,-0.0494,0.7636,0.0,1800.0,0.0,6.3815
596.5,2026-05-06T04:09:07.924322+00:00,76.4912,0.1122,96.9752,-0.038,0.7636,0.0,1800.0,0.0,6.391
597.0,2026-05-06T04:09:08.425179+00:00,76.3775,0.0862,97.0966,0.0479,0.7636,0.0,1800.0,0.0,6.3956
597.5,2026-05-06T04:09:08.928924+00:00,76.2902,0.0026,97.0743,-0.0017,0.7636,0.0,1800.0,0.0,6.3467
598.0,2026-05-06T04:09:09.424430+00:00,76.0958,-0.1889,97.1728,0.0758,0.7636,0.0,1800.0,0.0,6.3228
598.5,2026-05-06T04:09:09.924342+00:00,76.3281,-0.0815,97.1328,0.0583,0.7636,0.0,1800.0,0.0,6.3111
599.0,2026-05-06T04:09:10.424648+00:00,76.3795,0.001,96.9864,0.0062,0.7636,0.0,1800.0,0.0,6.3054
599.5,2026-05-06T04:09:10.924540+00:00,76.2917,0.0007,96.9895,0.0048,0.7636,0.0,1800.0,0.0,6.3026
600.0,2026-05-06T04:09:11.429618+00:00,76.2242,0.0642,96.9919,-0.0349,0.7636,0.0,1800.0,0.0,6.3013
600.500432,2026-05-06T04:09:11.925440+00:00,76.1723,-0.0779,96.9938,-0.0268,0.7636,0.0,1800.0,0.0,6.3006
601.0,2026-05-06T04:09:12.424366+00:00,76.0052,-0.1872,96.9952,-0.0592,0.7636,0.0,1800.0,0.0,6.3003
601.5,2026-05-06T04:09:12.924372+00:00,76.1312,-0.0802,96.8806,-0.0841,0.7636,0.0,1800.0,0.0,6.3002
602.0,2026-05-06T04:09:13.424328+00:00,76.1009,-0.0617,96.9083,-0.026,0.7636,0.0,1800.0,0.0,6.3513
602.5,2026-05-06T04:09:13.929404+00:00,76.0775,-0.0474,96.9295,-0.02,0.7636,0.0,1800.0,0.0,6.3762
603.0,2026-05-06T04:09:14.424349+00:00,76.0596,0.0272,97.0615,0.0232,0.7636,0.0,1800.0,0.0,6.4396
603.5,2026-05-06T04:09:14.924726+00:00,76.0458,-0.0427,97.0473,0.0178,0.7636,0.0,1800.0,0.0,6.4705
604.0,2026-05-06T04:09:15.424418+00:00,75.7807,-0.1601,96.8049,-0.0634,0.7636,0.0,1800.0,0.0,6.4856
604.5,2026-05-06T04:09:15.924366+00:00,75.9587,-0.0594,96.8501,-0.0102,0.7636,0.0,1800.0,0.0,6.4418
605.0,2026-05-06T04:09:16.433014+00:00,75.841,-0.1093,97.0005,0.0307,0.7636,0.0,1800.0,0.0,6.4204
605.5,2026-05-06T04:09:16.924358+00:00,75.6232,-0.2113,96.8847,-0.0149,0.7636,0.0,1800.0,0.0,6.4099
606.0,2026-05-06T04:09:17.424899+00:00,75.8377,0.0285,96.9113,-0.0501,0.7636,0.0,1800.0,0.0,6.4049
606.5,2026-05-06T04:09:17.924375+00:00,76.0025,0.0219,96.7005,-0.1156,0.7636,0.0,1800.0,0.0,6.4024
607.0,2026-05-06T04:09:18.424384+00:00,76.0019,0.0805,96.7698,-0.0117,0.7636,0.0,1800.0,0.0,6.4012
607.5,2026-05-06T04:09:18.932657+00:00,76.0015,0.1891,96.6842,-0.0553,0.7636,0.0,1800.0,0.0,6.4006
608.0,2026-05-06T04:09:19.424339+00:00,76.0011,0.0817,96.7573,-0.0811,0.7636,0.0,1800.0,0.0,6.4003
608.5,2026-05-06T04:09:19.924312+00:00,76.1281,0.0628,96.6977,-0.0623,0.7636,0.0,1800.0,0.0,6.4001
609.0,2026-05-06T04:09:20.428579+00:00,76.0985,0.0483,96.652,-0.0865,0.7636,0.0,1800.0,0.0,6.4001
609.5,2026-05-06T04:09:20.926079+00:00,76.203,0.1007,96.6168,-0.0279,0.7636,0.0,1800.0,0.0,6.4
610.000319,2026-05-06T04:09:21.430439+00:00,76.2833,0.1411,96.5666,-0.0677,0.7636,0.0,1800.0,0.0,6.4
610.5,2026-05-06T04:09:21.924326+00:00,76.0905,-0.0188,96.5512,-0.0443,0.7636,0.0,1800.0,0.0,6.4
611.0,2026-05-06T04:09:22.424322+00:00,75.9423,-0.0781,96.5394,-0.0726,0.7636,0.0,1800.0,0.0,6.4
611.5,2026-05-06T04:09:22.924308+00:00,76.0829,-0.06,96.646,-0.0173,0.7636,0.0,1800.0,0.0,6.3488
612.0,2026-05-06T04:09:23.424796+00:00,76.0637,-0.1098,96.4965,-0.0518,0.7636,0.0,1800.0,0.0,6.3238
612.5,2026-05-06T04:09:23.928861+00:00,76.3035,0.1065,96.613,-0.0013,0.7636,0.0,1800.0,0.0,6.3116
613.0,2026-05-06T04:09:24.424366+00:00,76.3605,0.2091,96.5869,0.0067,0.7636,0.0,1800.0,0.0,6.3057
613.5,2026-05-06T04:09:24.924360+00:00,76.2771,0.0971,96.6825,0.0437,0.7636,0.0,1800.0,0.0,6.3028
614.0,2026-05-06T04:09:25.424355+00:00,76.3403,0.1383,96.5245,-0.0049,0.7636,0.0,1800.0,0.0,6.3014
614.5,2026-05-06T04:09:25.925213+00:00,76.1343,-0.0846,96.5189,-0.0424,0.7636,0.0,1800.0,0.0,6.3007
615.0,2026-05-06T04:09:26.428921+00:00,76.3577,-0.0014,96.6302,0.0446,0.7636,0.0,1800.0,0.0,6.3003
615.5,2026-05-06T04:09:26.924355+00:00,76.2749,-0.0011,96.7158,0.0343,0.7636,0.0,1800.0,0.0,6.3002
616.0,2026-05-06T04:09:27.424537+00:00,76.4659,0.0628,96.5501,-0.0122,0.7636,0.0,1800.0,0.0,6.3001
616.5,2026-05-06T04:09:27.924364+00:00,76.4853,0.1755,96.6542,-0.0094,0.7636,0.0,1800.0,0.0,6.3
617.000001,2026-05-06T04:09:28.424802+00:00,76.5003,0.0713,96.7342,0.0699,0.7636,0.0,1800.0,0.0,6.3
617.5,2026-05-06T04:09:28.930055+00:00,76.6391,0.1821,96.7957,0.0923,0.7636,0.0,1800.0,0.0,6.3
618.0,2026-05-06T04:09:29.425132+00:00,76.6185,0.0763,96.843,0.0709,0.7636,0.0,1800.0,0.0,6.3
618.5,2026-05-06T04:09:29.925964+00:00,76.4753,-0.005,96.7636,0.016,0.7636,0.0,1800.0,0.0,6.3
619.0,2026-05-06T04:09:30.424428+00:00,76.3654,-0.0675,96.8183,0.0894,0.7636,0.0,1800.0,0.0,6.3
619.5,2026-05-06T04:09:30.926660+00:00,76.4081,-0.1155,96.7447,0.0301,0.7636,0.0,1800.0,0.0,6.3
620.0,2026-05-06T04:09:31.433193+00:00,76.1864,-0.216,96.8038,0.0232,0.7636,0.0,1800.0,0.0,6.3
620.5,2026-05-06T04:09:31.924354+00:00,76.2705,-0.1024,96.8492,0.0178,0.7636,0.0,1800.0,0.0,6.3
621.0,2026-05-06T04:09:32.424340+00:00,76.4625,0.0486,96.8841,0.0137,0.7636,0.0,1800.0,0.0,6.3
621.5,2026-05-06T04:09:32.924385+00:00,76.3554,-0.0263,96.9109,0.0491,0.7636,0.0,1800.0,0.0,6.3
622.0,2026-05-06T04:09:33.424399+00:00,76.5277,0.1707,97.0472,0.0763,0.7636,0.0,1800.0,0.0,6.3
622.5,2026-05-06T04:09:33.929143+00:00,76.6602,0.1948,97.0363,0.0972,0.7636,0.0,1800.0,0.0,6.2488
623.0,2026-05-06T04:09:34.424469+00:00,76.5074,0.0225,96.9122,0.0361,0.7636,0.0,1800.0,0.0,6.275
623.5,2026-05-06T04:09:34.925147+00:00,76.6445,0.1445,96.9325,0.0278,0.7636,0.0,1800.0,0.0,6.2878
624.0,2026-05-06T04:09:35.424344+00:00,76.7499,0.1111,96.9481,0.0214,0.7636,0.0,1800.0,0.0,6.294
624.5,2026-05-06T04:09:35.926372+00:00,76.5764,-0.0419,96.8444,-0.0222,0.7636,0.0,1800.0,0.0,6.2971
625.0,2026-05-06T04:09:36.432538+00:00,76.5703,0.0314,96.973,-0.0247,0.7636,0.0,1800.0,0.0,6.2986
625.5,2026-05-06T04:09:36.924743+00:00,76.6929,0.0242,96.8635,-0.0576,0.7636,0.0,1800.0,0.0,6.2993
626.0,2026-05-06T04:09:37.425386+00:00,76.5325,-0.1087,96.8951,-0.0057,0.7636,0.0,1800.0,0.0,6.2997
626.5,2026-05-06T04:09:37.924345+00:00,76.6638,0.0437,97.0351,0.0342,0.7636,0.0,1800.0,0.0,6.2998
627.0,2026-05-06T04:09:38.425007+00:00,76.6375,0.0336,96.9113,-0.0123,0.7636,0.0,1800.0,0.0,6.2999
627.5,2026-05-06T04:09:38.932570+00:00,76.49,-0.1014,97.0475,0.0677,0.7636,0.0,1800.0,0.0,6.3
628.0,2026-05-06T04:09:39.424368+00:00,76.6311,0.0493,96.9208,-0.0174,0.7636,0.0,1800.0,0.0,6.3
628.5,2026-05-06T04:09:39.924331+00:00,76.7396,0.0379,96.9391,0.0252,0.7636,0.0,1800.0,0.0,6.3
629.0,2026-05-06T04:09:40.424358+00:00,76.6958,0.0291,96.9532,0.0194,0.7636,0.0,1800.0,0.0,6.3
629.5,2026-05-06T04:09:40.924331+00:00,76.662,0.086,97.0797,0.0149,0.7636,0.0,1800.0,0.0,6.3
630.0,2026-05-06T04:09:41.428866+00:00,76.6361,0.0025,97.177,0.0886,0.7636,0.0,1800.0,0.0,6.3
630.5,2026-05-06T04:09:41.924394+00:00,76.2344,-0.2526,97.136,0.0295,0.7636,0.0,1800.0,0.0,6.3
631.0,2026-05-06T04:09:42.424441+00:00,76.1801,-0.2578,97.1046,0.0612,0.7636,0.0,1800.0,0.0,6.3
631.5,2026-05-06T04:09:42.924403+00:00,76.393,-0.1345,96.9647,0.0085,0.7636,0.0,1800.0,0.0,6.3
632.0,2026-05-06T04:09:43.424326+00:00,76.4293,-0.1034,97.0885,0.0451,0.7636,0.0,1800.0,0.0,6.3
632.5,2026-05-06T04:09:43.929187+00:00,76.2027,-0.0158,96.9524,-0.0425,0.7636,0.0,1800.0,0.0,6.2488
633.0,2026-05-06T04:09:44.424684+00:00,76.1558,-0.0122,96.9634,-0.0712,0.7636,0.0,1800.0,0.0,6.275
633.5,2026-05-06T04:09:44.924960+00:00,76.247,-0.073,96.9719,-0.0547,0.7636,0.0,1800.0,0.0,6.2878
634.0,2026-05-06T04:09:45.424319+00:00,76.0626,-0.1834,96.9784,-0.0421,0.7636,0.0,1800.0,0.0,6.294
634.5,2026-05-06T04:09:45.924405+00:00,76.3026,0.05,96.752,-0.0709,0.7636,0.0,1800.0,0.0,6.2971
635.0,2026-05-06T04:09:46.429899+00:00,76.3599,0.102,96.8094,-0.0931,0.7636,0.0,1800.0,0.0,6.2986
635.5,2026-05-06T04:09:46.924372+00:00,76.4039,0.0784,96.7378,-0.0715,0.7636,0.0,1800.0,0.0,6.2993
636.0,2026-05-06T04:09:47.424361+00:00,76.3104,0.1239,96.5671,-0.1321,0.7636,0.0,1800.0,0.0,6.2997
636.5,2026-05-06T04:09:47.924332+00:00,76.3659,0.0316,96.5515,-0.1401,0.7636,0.0,1800.0,0.0,6.2486
637.0,2026-05-06T04:09:48.424345+00:00,76.4085,0.0243,96.6553,-0.1077,0.7636,0.0,1800.0,0.0,6.2237
637.5,2026-05-06T04:09:49.031295+00:00,76.4412,0.0187,96.6194,-0.0442,0.7636,0.0,1800.0,0.0,6.2116
638.0,2026-05-06T04:09:49.424336+00:00,76.5937,0.1416,96.7075,-0.034,0.7636,0.0,1800.0,0.0,6.2569
638.5,2026-05-06T04:09:49.924701+00:00,76.5836,0.1088,96.7751,0.0125,0.7636,0.0,1800.0,0.0,6.2789
639.0,2026-05-06T04:09:50.424347+00:00,76.5758,0.0837,96.8272,0.0867,0.7636,0.0,1800.0,0.0,6.2897
639.5,2026-05-06T04:09:50.924335+00:00,76.6971,0.1279,96.8672,0.1052,0.7636,0.0,1800.0,0.0,6.295
640.0,2026-05-06T04:09:51.429169+00:00,76.6631,0.0347,96.5508,-0.0348,0.7636,0.0,1800.0,0.0,6.2976
640.5,2026-05-06T04:09:51.924475+00:00,76.6369,0.0267,96.6547,0.0118,0.7636,0.0,1800.0,0.0,6.2476
641.0,2026-05-06T04:09:52.424348+00:00,76.3622,-0.1068,96.6189,-0.0295,0.7636,0.0,1800.0,0.0,6.2232
641.5,2026-05-06T04:09:52.925974+00:00,76.2784,-0.2093,96.7071,-0.0227,0.7636,0.0,1800.0,0.0,6.2113
642.0,2026-05-06T04:09:53.424461+00:00,76.4685,-0.0973,96.7749,-0.0174,0.7636,0.0,1800.0,0.0,6.2055
642.5,2026-05-06T04:09:53.929457+00:00,76.6147,-0.0111,96.7113,-0.052,0.7636,0.0,1800.0,0.0,6.2027
643.0,2026-05-06T04:09:54.424355+00:00,76.727,0.1824,96.8938,0.1143,0.7636,0.0,1800.0,0.0,6.2525
643.5,2026-05-06T04:09:54.924444+00:00,76.686,0.2038,96.9184,0.0879,0.7636,0.0,1800.0,0.0,6.2768
644.0,2026-05-06T04:09:55.424380+00:00,76.7818,0.1566,97.053,0.1447,0.7636,0.0,1800.0,0.0,6.2887
644.5,2026-05-06T04:09:55.924349+00:00,76.8554,0.1204,97.0407,0.1112,0.7636,0.0,1800.0,0.0,6.2945
645.0,2026-05-06T04:09:56.431996+00:00,76.912,0.0925,97.0313,0.0855,0.7636,0.0,1800.0,0.0,6.2973
645.5,2026-05-06T04:09:56.924376+00:00,76.8283,0.0711,97.024,0.1043,0.7636,0.0,1800.0,0.0,6.2987
646.0,2026-05-06T04:09:57.424332+00:00,76.7639,-0.009,97.0185,0.0416,0.7636,0.0,1800.0,0.0,6.2994
646.5,2026-05-06T04:09:57.924324+00:00,76.5871,-0.1342,97.0142,0.0319,0.7636,0.0,1800.0,0.0,6.2997
647.0,2026-05-06T04:09:58.424293+00:00,76.7058,-0.1031,97.0109,-0.014,0.7636,0.0,1800.0,0.0,6.2998
647.5,2026-05-06T04:09:58.929459+00:00,76.6697,-0.0793,97.0084,-0.0108,0.7636,0.0,1800.0,0.0,6.2999
648.0,2026-05-06T04:09:59.425424+00:00,76.7693,0.0027,96.8676,-0.0546,0.7636,0.0,1800.0,0.0,6.3512
648.5,2026-05-06T04:09:59.924336+00:00,76.9731,0.193,96.7825,-0.0805,0.7636,0.0,1800.0,0.0,6.325
649.0,2026-05-06T04:10:00.424710+00:00,77.0025,0.1483,96.9486,-0.0233,0.7636,0.0,1800.0,0.0,6.3122
649.5,2026-05-06T04:10:00.924332+00:00,76.8978,0.114,96.9605,-0.0179,0.7636,0.0,1800.0,0.0,6.3059
650.0,2026-05-06T04:10:01.530944+00:00,76.8173,0.024,96.8539,-0.0523,0.7636,0.0,1800.0,0.0,6.3029
650.5,2026-05-06T04:10:01.924744+00:00,76.6282,-0.1725,96.8877,-0.0402,0.7636,0.0,1800.0,0.0,6.3014
651.0,2026-05-06T04:10:02.424354+00:00,76.6101,-0.1962,96.798,-0.0232,0.7636,0.0,1800.0,0.0,6.3007
651.5,2026-05-06T04:10:02.924588+00:00,76.5962,-0.1508,96.8447,0.0207,0.7636,0.0,1800.0,0.0,6.3003
652.0,2026-05-06T04:10:03.424375+00:00,76.7128,-0.0523,96.8807,-0.0226,0.7636,0.0,1800.0,0.0,6.3002
652.5,2026-05-06T04:10:03.931271+00:00,76.8024,0.0871,96.7926,-0.056,0.7636,0.0,1800.0,0.0,6.3001
653.0,2026-05-06T04:10:04.424350+00:00,76.8712,0.1306,96.9563,0.0341,0.7636,0.0,1800.0,0.0,6.3
653.5,2026-05-06T04:10:04.924368+00:00,76.9242,0.164,96.9664,0.0262,0.7636,0.0,1800.0,0.0,6.3
654.0,2026-05-06T04:10:05.424368+00:00,76.7103,-0.0012,96.7428,-0.0184,0.7636,0.0,1800.0,0.0,6.3
654.5,2026-05-06T04:10:05.924345+00:00,76.6732,-0.0646,96.6866,-0.0527,0.7636,0.0,1800.0,0.0,6.3
655.0,2026-05-06T04:10:06.428971+00:00,76.6447,-0.1133,96.7591,-0.0405,0.7636,0.0,1800.0,0.0,6.3
655.5,2026-05-06T04:10:06.924672+00:00,76.7501,-0.0871,96.9306,0.046,0.7636,0.0,1800.0,0.0,6.3
656.0,2026-05-06T04:10:07.424401+00:00,76.7038,-0.0033,96.9466,-0.0032,0.7636,0.0,1800.0,0.0,6.3
656.5,2026-05-06T04:10:07.924344+00:00,76.7955,0.0611,96.959,-0.0025,0.7636,0.0,1800.0,0.0,6.3
657.0,2026-05-06T04:10:08.424784+00:00,76.7387,0.047,96.9685,0.0752,0.7636,0.0,1800.0,0.0,6.3
657.5,2026-05-06T04:10:08.929613+00:00,76.8223,0.0361,96.9758,0.0964,0.7636,0.0,1800.0,0.0,6.3
658.0,2026-05-06T04:10:09.424455+00:00,76.8865,0.0914,96.8657,0.0355,0.7636,0.0,1800.0,0.0,6.3
658.5,2026-05-06T04:10:09.924443+00:00,76.6814,-0.057,96.8968,-0.0113,0.7636,0.0,1800.0,0.0,6.3
659.0,2026-05-06T04:10:10.424930+00:00,76.7783,0.0198,96.8049,-0.0472,0.7636,0.0,1800.0,0.0,6.3
659.5,2026-05-06T04:10:10.924980+00:00,76.7254,-0.0484,96.8501,-0.0363,0.7636,0.0,1800.0,0.0,6.3
660.0,2026-05-06T04:10:11.431370+00:00,76.8121,-0.0372,96.8848,-0.0279,0.7636,0.0,1800.0,0.0,6.3
660.5,2026-05-06T04:10:11.924356+00:00,76.7515,0.035,96.7957,-0.06,0.7636,0.0,1800.0,0.0,6.3
661.0,2026-05-06T04:10:12.424328+00:00,76.5776,-0.1003,96.843,-0.0076,0.7636,0.0,1800.0,0.0,6.3
661.5,2026-05-06T04:10:12.924337+00:00,76.4439,-0.1408,96.6479,-0.0829,0.7636,0.0,1800.0,0.0,6.3
662.0,2026-05-06T04:10:13.424353+00:00,76.4685,-0.1718,96.6137,-0.0637,0.7636,0.0,1800.0,0.0,6.3
662.5,2026-05-06T04:10:14.031106+00:00,76.6146,-0.0684,96.5874,-0.0876,0.7636,0.0,1800.0,0.0,6.2488
663.0,2026-05-06T04:10:14.424336+00:00,76.8542,0.1383,96.6829,-0.0673,0.7636,0.0,1800.0,0.0,6.275
663.5,2026-05-06T04:10:14.924327+00:00,76.7838,0.1699,96.7563,-0.0132,0.7636,0.0,1800.0,0.0,6.2366
664.0,2026-05-06T04:10:15.424329+00:00,76.6024,0.067,96.697,-0.0487,0.7636,0.0,1800.0,0.0,6.2179
664.5,2026-05-06T04:10:15.924427+00:00,76.5903,-0.0122,96.5357,-0.0374,0.7636,0.0,1800.0,0.0,6.2087
665.0,2026-05-06T04:10:16.428823+00:00,76.3264,-0.2639,96.6431,0.0098,0.7636,0.0,1800.0,0.0,6.2043
665.5,2026-05-06T04:10:16.924401+00:00,76.5054,-0.1392,96.61,0.0075,0.7636,0.0,1800.0,0.0,6.2533
666.0,2026-05-06T04:10:17.424439+00:00,76.643,0.0203,96.7002,0.0058,0.7636,0.0,1800.0,0.0,6.2772
666.5,2026-05-06T04:10:17.924770+00:00,76.367,-0.1117,96.6539,-0.0341,0.7636,0.0,1800.0,0.0,6.2889
667.0,2026-05-06T04:10:18.424342+00:00,76.4093,0.0414,96.734,0.0123,0.7636,0.0,1800.0,0.0,6.2946
667.5,2026-05-06T04:10:18.929108+00:00,76.6964,0.0955,96.6798,0.0481,0.7636,0.0,1800.0,0.0,6.2974
668.0,2026-05-06T04:10:19.424678+00:00,76.7898,0.0734,96.6382,-0.0016,0.7636,0.0,1800.0,0.0,6.2987
668.5,2026-05-06T04:10:19.925669+00:00,76.7343,0.1837,96.6062,-0.0013,0.7636,0.0,1800.0,0.0,6.2994
669.0,2026-05-06T04:10:20.424882+00:00,76.6917,0.1412,96.5817,-0.0395,0.7636,0.0,1800.0,0.0,6.2997
669.5,2026-05-06T04:10:20.925115+00:00,76.7861,0.0449,96.5628,-0.0304,0.7636,0.0,1800.0,0.0,6.2998
670.000442,2026-05-06T04:10:21.433863+00:00,76.8588,0.0345,96.5482,-0.0619,0.7636,0.0,1800.0,0.0,6.2999
670.5,2026-05-06T04:10:21.924358+00:00,76.9146,0.0901,96.5371,-0.0476,0.7636,0.0,1800.0,0.0,6.3
671.0,2026-05-06T04:10:22.424350+00:00,76.8302,0.0693,96.3897,-0.0829,0.7636,0.0,1800.0,0.0,6.3
671.5,2026-05-06T04:10:22.926868+00:00,76.7654,-0.0104,96.5309,-0.0251,0.7636,0.0,1800.0,0.0,6.3
672.0,2026-05-06T04:10:23.424367+00:00,76.7155,-0.0716,96.6394,0.0193,0.7636,0.0,1800.0,0.0,6.3
672.5,2026-05-06T04:10:23.929392+00:00,76.8045,-0.055,96.6072,0.0148,0.7636,0.0,1800.0,0.0,6.3
673.0,2026-05-06T04:10:24.424346+00:00,76.7456,-0.0423,96.6981,0.0499,0.7636,0.0,1800.0,0.0,6.3
673.5,2026-05-06T04:10:24.924337+00:00,76.8276,0.0311,96.6522,0.0384,0.7636,0.0,1800.0,0.0,6.3
674.0,2026-05-06T04:10:25.424338+00:00,76.7634,0.0239,96.617,0.0758,0.7636,0.0,1800.0,0.0,6.3
674.5,2026-05-06T04:10:25.924474+00:00,76.8413,0.0184,96.5899,0.0197,0.7636,0.0,1800.0,0.0,6.3
675.0,2026-05-06T04:10:26.431003+00:00,76.9011,0.0778,96.5691,-0.0234,0.7636,0.0,1800.0,0.0,6.3
675.5,2026-05-06T04:10:26.924340+00:00,76.9472,0.0598,96.5531,-0.018,0.7636,0.0,1800.0,0.0,6.3
676.0,2026-05-06T04:10:27.424318+00:00,76.8553,0.0459,96.5408,-0.0524,0.7636,0.0,1800.0,0.0,6.3
676.5,2026-05-06T04:10:27.924338+00:00,76.9119,0.0353,96.6471,-0.0017,0.7636,0.0,1800.0,0.0,6.3
677.0,2026-05-06T04:10:28.424363+00:00,76.9554,0.0271,96.8445,0.0758,0.7636,0.0,1800.0,0.0,6.3
677.5,2026-05-06T04:10:28.929154+00:00,76.9889,0.0209,96.8804,0.0968,0.7636,0.0,1800.0,0.0,6.3
678.0,2026-05-06T04:10:29.424331+00:00,77.0146,0.0797,96.7924,0.0744,0.7636,0.0,1800.0,0.0,6.3
678.5,2026-05-06T04:10:29.924475+00:00,76.9071,-0.0024,96.8404,0.0958,0.7636,0.0,1800.0,0.0,6.3
679.0,2026-05-06T04:10:30.425086+00:00,76.8245,-0.0655,96.646,0.035,0.7636,0.0,1800.0,0.0,6.3
679.5,2026-05-06T04:10:30.924403+00:00,76.8882,-0.0503,96.6122,-0.0116,0.7636,0.0,1800.0,0.0,6.3
680.0,2026-05-06T04:10:31.432322+00:00,76.9372,-0.0387,96.5862,-0.0861,0.7636,0.0,1800.0,0.0,6.3512
680.5,2026-05-06T04:10:31.924527+00:00,76.8476,-0.0297,96.682,-0.0662,0.7636,0.0,1800.0,0.0,6.325
681.0,2026-05-06T04:10:32.424328+00:00,76.906,0.0408,96.5242,-0.0894,0.7636,0.0,1800.0,0.0,6.3122
681.5,2026-05-06T04:10:32.924354+00:00,76.9509,0.0313,96.4029,-0.1459,0.7636,0.0,1800.0,0.0,6.306
682.0,2026-05-06T04:10:33.424361+00:00,76.9854,0.0241,96.3096,-0.1121,0.7636,0.0,1800.0,0.0,6.3029
682.5,2026-05-06T04:10:33.932067+00:00,77.0119,0.0822,96.3537,-0.0862,0.7636,0.0,1800.0,0.0,6.3014
683.0,2026-05-06T04:10:34.424339+00:00,77.0323,0.0631,96.3876,-0.0662,0.7636,0.0,1800.0,0.0,6.3007
683.5,2026-05-06T04:10:34.924746+00:00,76.9207,-0.0151,96.3904,-0.0972,0.7636,0.0,1800.0,0.0,6.3003
684.0,2026-05-06T04:10:35.424354+00:00,76.7076,-0.1389,96.4158,-0.0361,0.7636,0.0,1800.0,0.0,6.3002
684.5,2026-05-06T04:10:35.924338+00:00,76.9257,-0.0431,96.551,0.0494,0.7636,0.0,1800.0,0.0,6.3001
685.0,2026-05-06T04:10:36.429592+00:00,76.8388,-0.0968,96.5392,0.0765,0.7636,0.0,1800.0,0.0,6.3
685.5,2026-05-06T04:10:36.925169+00:00,76.6447,-0.138,96.6458,0.0974,0.7636,0.0,1800.0,0.0,6.3
686.0,2026-05-06T04:10:37.424397+00:00,76.75,0.0212,96.7278,0.1134,0.7636,0.0,1800.0,0.0,6.3
686.5,2026-05-06T04:10:37.924335+00:00,76.831,-0.0473,96.7908,0.1334,0.7636,0.0,1800.0,0.0,6.3
687.0,2026-05-06T04:10:38.424327+00:00,77.0205,0.0909,96.8392,0.1411,0.7636,0.0,1800.0,0.0,6.3
687.5,2026-05-06T04:10:38.930632+00:00,76.9117,0.1335,96.8764,0.1085,0.7636,0.0,1800.0,0.0,6.2488
688.0,2026-05-06T04:10:39.424394+00:00,76.9552,0.1026,96.7662,0.0757,0.7636,0.0,1800.0,0.0,6.275
688.5,2026-05-06T04:10:39.925441+00:00,77.116,0.1425,96.8203,0.0582,0.7636,0.0,1800.0,0.0,6.2878
689.0,2026-05-06T04:10:40.426007+00:00,77.3668,0.1732,96.7462,0.0061,0.7636,0.0,1800.0,0.0,6.294
689.5,2026-05-06T04:10:40.924400+00:00,77.1778,0.1331,96.6892,-0.0339,0.7636,0.0,1800.0,0.0,6.2971
690.0,2026-05-06T04:10:41.430427+00:00,77.2871,0.1659,96.7611,-0.026,0.7636,0.0,1800.0,0.0,6.2986
690.5,2026-05-06T04:10:41.924758+00:00,77.1165,0.0003,96.7007,-0.0586,0.7636,0.0,1800.0,0.0,6.2993
691.0,2026-05-06T04:10:42.424525+00:00,76.8582,-0.2543,96.77,0.0013,0.7636,0.0,1800.0,0.0,6.2997
691.5,2026-05-06T04:10:42.924325+00:00,76.9141,-0.1319,96.9389,0.0395,0.7636,0.0,1800.0,0.0,6.2998
692.0,2026-05-06T04:10:43.424343+00:00,77.0844,-0.1013,96.953,0.069,0.7636,0.0,1800.0,0.0,6.2999
692.5,2026-05-06T04:10:43.930178+00:00,76.8335,-0.1415,97.0796,0.1301,0.7636,0.0,1800.0,0.0,6.3
693.0,2026-05-06T04:10:44.424431+00:00,76.8951,0.0185,97.1769,0.1386,0.7636,0.0,1800.0,0.0,6.3
693.5,2026-05-06T04:10:44.924343+00:00,76.9426,0.0142,97.1359,0.1451,0.7636,0.0,1800.0,0.0,6.3
694.0,2026-05-06T04:10:45.424345+00:00,76.979,-0.0527,96.9888,0.0729,0.7636,0.0,1800.0,0.0,6.3
694.5,2026-05-06T04:10:45.925897+00:00,77.007,0.0868,96.9914,0.0175,0.7636,0.0,1800.0,0.0,6.3
695.0,2026-05-06T04:10:46.429311+00:00,77.0285,0.0667,96.8777,-0.0251,0.7636,0.0,1800.0,0.0,6.3
695.5,2026-05-06T04:10:46.925111+00:00,77.0451,0.0513,96.7903,-0.0964,0.7636,0.0,1800.0,0.0,6.3512
696.0,2026-05-06T04:10:47.424384+00:00,77.0578,0.0394,96.6074,-0.1898,0.7636,0.0,1800.0,0.0,6.3762
696.5,2026-05-06T04:10:47.925084+00:00,77.0675,0.0303,96.6983,-0.1459,0.7636,0.0,1800.0,0.0,6.3884
697.0,2026-05-06T04:10:48.424555+00:00,77.2023,0.0869,96.7681,-0.0736,0.7636,0.0,1800.0,0.0,6.3943
697.5,2026-05-06T04:10:48.935201+00:00,77.3059,0.1304,96.706,-0.0951,0.7636,0.0,1800.0,0.0,6.3972
698.0,2026-05-06T04:10:49.424390+00:00,77.2583,0.1002,96.6584,-0.0731,0.7636,0.0,1800.0,0.0,6.3986
698.5,2026-05-06T04:10:49.924359+00:00,77.2216,0.0771,96.6217,-0.0562,0.7636,0.0,1800.0,0.0,6.3993
699.0,2026-05-06T04:10:50.424337+00:00,77.3208,0.0592,96.4779,-0.0432,0.7636,0.0,1800.0,0.0,6.3997
699.5,2026-05-06T04:10:50.924332+00:00,77.1424,-0.0818,96.5987,-0.0332,0.7636,0.0,1800.0,0.0,6.3998
700.0,2026-05-06T04:10:51.430931+00:00,77.1326,-0.0628,96.5758,-0.0641,0.7636,0.0,1800.0,0.0,6.3999
700.5,2026-05-06T04:10:51.924341+00:00,77.1251,-0.0483,96.4426,-0.0878,0.7636,0.0,1800.0,0.0,6.4
701.0,2026-05-06T04:10:52.424371+00:00,77.2465,-0.0371,96.5716,-0.0289,0.7636,0.0,1800.0,0.0,6.4
701.5,2026-05-06T04:10:52.924374+00:00,77.3399,0.0987,96.3236,-0.0994,0.7636,0.0,1800.0,0.0,6.3488
702.0,2026-05-06T04:10:53.424351+00:00,77.2844,0.0759,96.3644,-0.0378,0.7636,0.0,1800.0,0.0,6.3238
702.5,2026-05-06T04:10:53.929182+00:00,77.2417,0.0583,96.3958,-0.0676,0.7636,0.0,1800.0,0.0,6.3116
703.0,2026-05-06T04:10:54.424355+00:00,77.3362,0.0448,96.3042,-0.0905,0.7636,0.0,1800.0,0.0,6.3569
703.5,2026-05-06T04:10:54.924334+00:00,77.2815,-0.0292,96.3264,-0.0387,0.7636,0.0,1800.0,0.0,6.379
704.0,2026-05-06T04:10:55.424342+00:00,77.2395,-0.0224,96.1352,-0.1455,0.7636,0.0,1800.0,0.0,6.3897
704.5,2026-05-06T04:10:55.924345+00:00,77.3345,0.0464,96.2196,-0.0347,0.7636,0.0,1800.0,0.0,6.3438
705.0,2026-05-06T04:10:56.429034+00:00,77.4075,0.0357,96.1688,-0.0652,0.7636,0.0,1800.0,0.0,6.3214
705.5,2026-05-06T04:10:56.924338+00:00,76.9545,-0.1635,96.1297,-0.0887,0.7636,0.0,1800.0,0.0,6.3104
706.0,2026-05-06T04:10:57.424348+00:00,76.9882,-0.1257,96.2154,-0.0296,0.7636,0.0,1800.0,0.0,6.3051
706.5,2026-05-06T04:10:57.924330+00:00,77.0141,-0.1602,96.5127,0.0621,0.7636,0.0,1800.0,0.0,6.3025
707.0,2026-05-06T04:10:58.424352+00:00,76.9067,-0.2504,96.5097,0.1249,0.7636,0.0,1800.0,0.0,6.3012
707.5,2026-05-06T04:10:58.930444+00:00,77.0787,0.0621,96.5075,0.096,0.7636,0.0,1800.0,0.0,6.3006
708.0,2026-05-06T04:10:59.424343+00:00,77.3382,0.175,96.6214,0.1509,0.7636,0.0,1800.0,0.0,6.3003
708.5,2026-05-06T04:10:59.924360+00:00,77.4103,0.1981,96.709,0.1931,0.7636,0.0,1800.0,0.0,6.3001
709.0,2026-05-06T04:11:00.424802+00:00,77.3385,0.2159,96.6607,0.1484,0.7636,0.0,1800.0,0.0,6.3001
709.5,2026-05-06T04:11:00.924695+00:00,77.2833,0.1023,96.6235,0.0369,0.7636,0.0,1800.0,0.0,6.3
710.0,2026-05-06T04:11:01.428883+00:00,77.1136,-0.1123,96.5949,0.0284,0.7636,0.0,1800.0,0.0,6.3
710.5,2026-05-06T04:11:01.924441+00:00,76.8559,-0.2772,96.573,0.0218,0.7636,0.0,1800.0,0.0,6.3
711.0,2026-05-06T04:11:02.424354+00:00,76.9124,-0.213,96.5561,-0.0218,0.7636,0.0,1800.0,0.0,6.3
711.5,2026-05-06T04:11:02.924458+00:00,76.8286,-0.2274,96.5431,-0.0553,0.7636,0.0,1800.0,0.0,6.3
712.0,2026-05-06T04:11:03.425982+00:00,76.8914,-0.1111,96.5331,-0.0425,0.7636,0.0,1800.0,0.0,6.3
712.5,2026-05-06T04:11:03.931785+00:00,76.6851,-0.0854,96.6412,0.0059,0.7636,0.0,1800.0,0.0,6.3
713.0,2026-05-06T04:11:04.424364+00:00,76.7811,-0.0657,96.7242,0.0431,0.7636,0.0,1800.0,0.0,6.3
713.5,2026-05-06T04:11:04.924360+00:00,76.7276,-0.0505,96.6723,0.0331,0.7636,0.0,1800.0,0.0,6.3
714.0,2026-05-06T04:11:05.424701+00:00,76.9411,0.0249,96.7481,0.064,0.7636,0.0,1800.0,0.0,6.3
714.5,2026-05-06T04:11:05.924348+00:00,76.9778,0.1464,96.6907,0.0492,0.7636,0.0,1800.0,0.0,6.3
715.0,2026-05-06T04:11:06.430717+00:00,77.2607,0.2398,96.7623,0.0764,0.7636,0.0,1800.0,0.0,6.3
715.5,2026-05-06T04:11:06.924360+00:00,77.0962,0.1843,96.8173,0.0587,0.7636,0.0,1800.0,0.0,6.3
716.0,2026-05-06T04:11:07.424459+00:00,77.2244,0.1416,96.9753,0.0837,0.7636,0.0,1800.0,0.0,6.3
716.5,2026-05-06T04:11:07.924351+00:00,77.0683,0.0452,96.8653,0.0643,0.7636,0.0,1800.0,0.0,6.3
717.0,2026-05-06T04:11:08.424416+00:00,77.0756,-0.0925,96.7808,0.0109,0.7636,0.0,1800.0,0.0,6.3
717.5,2026-05-06T04:11:08.931294+00:00,76.954,-0.0711,96.8315,0.0469,0.7636,0.0,1800.0,0.0,6.3
718.0,2026-05-06T04:11:09.424340+00:00,76.9878,-0.1183,96.6391,-0.0411,0.7636,0.0,1800.0,0.0,6.3
718.5,2026-05-06T04:11:09.925498+00:00,77.0138,-0.0273,96.6069,-0.0701,0.7636,0.0,1800.0,0.0,6.3
719.0,2026-05-06T04:11:10.424394+00:00,76.9064,-0.0846,96.5822,-0.131,0.7636,0.0,1800.0,0.0,6.3
719.5,2026-05-06T04:11:10.924605+00:00,77.0785,0.0622,96.7946,-0.0236,0.7636,0.0,1800.0,0.0,6.3
720.0,2026-05-06T04:11:11.430220+00:00,77.0835,0.0478,96.7264,-0.0181,0.7636,0.0,1800.0,0.0,6.3
720.5,2026-05-06T04:11:11.924357+00:00,77.0873,0.0368,96.7897,-0.0139,0.7636,0.0,1800.0,0.0,6.2488
721.0,2026-05-06T04:11:12.424316+00:00,77.0902,0.0919,96.7227,0.0279,0.7636,0.0,1800.0,0.0,6.2238
721.5,2026-05-06T04:11:12.924862+00:00,77.0925,0.007,96.4397,-0.0557,0.7636,0.0,1800.0,0.0,6.2116
722.0,2026-05-06T04:11:13.424307+00:00,76.967,-0.0583,96.338,-0.0814,0.7636,0.0,1800.0,0.0,6.2057
722.5,2026-05-06T04:11:13.930178+00:00,77.125,0.0189,96.4912,-0.1011,0.7636,0.0,1800.0,0.0,6.2028
723.0,2026-05-06T04:11:14.424360+00:00,77.1192,0.0145,96.6089,-0.0392,0.7636,0.0,1800.0,0.0,6.2526
723.5,2026-05-06T04:11:14.924325+00:00,76.733,-0.1798,96.6994,-0.0301,0.7636,0.0,1800.0,0.0,6.2768
724.0,2026-05-06T04:11:15.424377+00:00,76.6906,-0.1382,96.769,0.0154,0.7636,0.0,1800.0,0.0,6.2887
724.5,2026-05-06T04:11:15.924347+00:00,76.7854,-0.1698,96.7067,0.089,0.7636,0.0,1800.0,0.0,6.2945
725.0,2026-05-06T04:11:16.430205+00:00,76.9854,-0.0669,96.6589,0.107,0.7636,0.0,1800.0,0.0,6.2973
725.5,2026-05-06T04:11:16.925157+00:00,77.1392,0.2031,96.6221,0.0436,0.7636,0.0,1800.0,0.0,6.2475
726.0,2026-05-06T04:11:17.424360+00:00,77.1301,0.2198,96.4782,-0.0436,0.7636,0.0,1800.0,0.0,6.2232
726.5,2026-05-06T04:11:17.925118+00:00,77.1232,0.1689,96.5989,-0.0335,0.7636,0.0,1800.0,0.0,6.2113
727.0,2026-05-06T04:11:18.424316+00:00,77.1178,0.0662,96.576,-0.0643,0.7636,0.0,1800.0,0.0,6.2055
727.5,2026-05-06T04:11:18.931925+00:00,77.241,0.0509,96.5584,-0.0494,0.7636,0.0,1800.0,0.0,6.2027
728.0,2026-05-06T04:11:19.424455+00:00,77.2083,0.0391,96.5449,-0.038,0.7636,0.0,1800.0,0.0,6.2525
728.5,2026-05-06T04:11:19.924336+00:00,77.056,-0.0336,96.5345,-0.0292,0.7636,0.0,1800.0,0.0,6.2768
729.0,2026-05-06T04:11:20.424337+00:00,77.0662,-0.0258,96.5265,0.0161,0.7636,0.0,1800.0,0.0,6.2887
729.5,2026-05-06T04:11:20.924357+00:00,76.9467,-0.1471,96.5204,-0.0262,0.7636,0.0,1800.0,0.0,6.2945
730.0,2026-05-06T04:11:21.430608+00:00,76.8549,-0.1767,96.6314,0.0184,0.7636,0.0,1800.0,0.0,6.2973
730.5,2026-05-06T04:11:21.924706+00:00,76.9116,-0.0722,96.601,0.0142,0.7636,0.0,1800.0,0.0,6.2475
731.0,2026-05-06T04:11:22.424553+00:00,77.2098,0.0718,96.3462,-0.0662,0.7636,0.0,1800.0,0.0,6.2232
731.5,2026-05-06T04:11:22.924327+00:00,76.9298,-0.0085,96.3587,-0.0586,0.7636,0.0,1800.0,0.0,6.2113
732.0,2026-05-06T04:11:23.424452+00:00,76.9692,0.0571,96.3914,-0.0451,0.7636,0.0,1800.0,0.0,6.2055
732.5,2026-05-06T04:11:23.931098+00:00,76.9995,0.0439,96.3008,-0.0732,0.7636,0.0,1800.0,0.0,6.2027
733.0,2026-05-06T04:11:24.425121+00:00,77.15,-0.0299,96.3469,-0.0948,0.7636,0.0,1800.0,0.0,6.2525
733.5,2026-05-06T04:11:24.924652+00:00,77.1384,0.1043,96.3823,-0.0729,0.7636,0.0,1800.0,0.0,6.2768
734.0,2026-05-06T04:11:25.424431+00:00,77.1295,0.0802,96.4096,0.0211,0.7636,0.0,1800.0,0.0,6.2887
734.5,2026-05-06T04:11:25.924350+00:00,77.25,0.1253,96.5462,0.0625,0.7636,0.0,1800.0,0.0,6.2945
735.0,2026-05-06T04:11:26.433846+00:00,77.2153,0.0326,96.6512,0.0866,0.7636,0.0,1800.0,0.0,6.2973
735.5,2026-05-06T04:11:26.924323+00:00,77.0613,-0.0386,96.7319,0.1437,0.7636,0.0,1800.0,0.0,6.2475
736.0,2026-05-06T04:11:27.424327+00:00,77.0703,-0.0296,96.7939,0.149,0.7636,0.0,1800.0,0.0,6.2232
736.5,2026-05-06T04:11:27.924323+00:00,76.8226,-0.2137,96.8416,0.1531,0.7636,0.0,1800.0,0.0,6.2113
737.0,2026-05-06T04:11:28.424686+00:00,76.8868,-0.1642,96.8783,0.1562,0.7636,0.0,1800.0,0.0,6.2055
737.5,2026-05-06T04:11:28.928911+00:00,76.9361,-0.0626,96.9064,0.1201,0.7636,0.0,1800.0,0.0,6.2027
738.0,2026-05-06T04:11:29.424456+00:00,76.8468,-0.1117,96.9281,0.0923,0.7636,0.0,1800.0,0.0,6.2525
738.5,2026-05-06T04:11:29.924425+00:00,76.9054,0.0414,96.9447,0.0709,0.7636,0.0,1800.0,0.0,6.2768
739.0,2026-05-06T04:11:30.425881+00:00,76.8231,-0.0318,96.9575,0.0545,0.7636,0.0,1800.0,0.0,6.2887
739.5,2026-05-06T04:11:30.924336+00:00,77.0145,0.0392,96.8516,0.0033,0.7636,0.0,1800.0,0.0,6.2945
740.0,2026-05-06T04:11:31.429855+00:00,77.0343,0.0937,96.886,0.0026,0.7636,0.0,1800.0,0.0,6.2973
740.5,2026-05-06T04:11:31.924549+00:00,76.9222,0.0084,96.7967,-0.0366,0.7636,0.0,1800.0,0.0,6.2475
741.0,2026-05-06T04:11:32.424969+00:00,77.0906,0.1337,96.9594,0.0104,0.7636,0.0,1800.0,0.0,6.2232
741.5,2026-05-06T04:11:32.924354+00:00,77.0928,0.0392,96.9688,0.008,0.7636,0.0,1800.0,0.0,6.2113
742.0,2026-05-06T04:11:33.424331+00:00,77.2217,0.0937,96.976,0.0062,0.7636,0.0,1800.0,0.0,6.2055
742.5,2026-05-06T04:11:33.932596+00:00,77.1936,0.1357,96.9816,0.0433,0.7636,0.0,1800.0,0.0,6.2027
743.0,2026-05-06T04:11:34.424341+00:00,77.2992,0.1043,96.8701,-0.0053,0.7636,0.0,1800.0,0.0,6.2525
743.5,2026-05-06T04:11:34.924364+00:00,77.2531,0.0802,96.9002,0.0345,0.7636,0.0,1800.0,0.0,6.2768
744.0,2026-05-06T04:11:35.424344+00:00,77.2177,-0.002,96.9233,-0.012,0.7636,0.0,1800.0,0.0,6.2887
744.5,2026-05-06T04:11:35.924473+00:00,77.0632,-0.0652,97.0567,0.0293,0.7636,0.0,1800.0,0.0,6.2945
745.0,2026-05-06T04:11:36.429811+00:00,77.3262,0.0135,97.0436,0.0225,0.7636,0.0,1800.0,0.0,6.2973
745.5,2026-05-06T04:11:36.924569+00:00,77.4012,0.074,97.0335,0.0173,0.7636,0.0,1800.0,0.0,6.2987
746.0,2026-05-06T04:11:37.425329+00:00,77.2042,-0.0067,96.7944,-0.0253,0.7636,0.0,1800.0,0.0,6.2994
746.5,2026-05-06T04:11:37.924342+00:00,77.1801,0.0585,96.8419,-0.0194,0.7636,0.0,1800.0,0.0,6.2997
747.0,2026-05-06T04:11:38.424351+00:00,77.2888,-0.0187,96.9942,0.0236,0.7636,0.0,1800.0,0.0,6.2998
747.5,2026-05-06T04:11:38.931071+00:00,77.2451,-0.078,96.7642,-0.0975,0.7636,0.0,1800.0,0.0,6.2999
748.0,2026-05-06T04:11:39.424650+00:00,77.2115,0.0037,96.9344,-0.0364,0.7636,0.0,1800.0,0.0,6.3
748.5,2026-05-06T04:11:39.924354+00:00,77.1857,0.0028,97.0653,0.0106,0.7636,0.0,1800.0,0.0,6.3
749.0,2026-05-06T04:11:40.424984+00:00,77.1659,-0.0615,97.0502,0.0853,0.7636,0.0,1800.0,0.0,6.3
749.5,2026-05-06T04:11:40.924435+00:00,77.1506,-0.0472,97.0386,0.0655,0.7636,0.0,1800.0,0.0,6.3
750.0,2026-05-06T04:11:41.429962+00:00,77.1389,-0.0363,97.0297,0.0118,0.7636,0.0,1800.0,0.0,6.3
750.5,2026-05-06T04:11:41.924352+00:00,77.1299,-0.0279,97.0228,0.0862,0.7636,0.0,1800.0,0.0,6.3
751.0,2026-05-06T04:11:42.424330+00:00,77.123,-0.0214,97.0175,0.0277,0.7636,0.0,1800.0,0.0,6.3
751.5,2026-05-06T04:11:42.924732+00:00,77.1177,-0.0165,97.0135,-0.0173,0.7636,0.0,1800.0,0.0,6.3
752.0,2026-05-06T04:11:43.425135+00:00,76.859,-0.1399,97.0103,-0.0133,0.7636,0.0,1800.0,0.0,6.3
752.5,2026-05-06T04:11:43.930061+00:00,77.0421,-0.0439,96.8923,-0.0488,0.7636,0.0,1800.0,0.0,6.3
753.0,2026-05-06T04:11:44.424405+00:00,77.1827,0.0299,96.9172,-0.0375,0.7636,0.0,1800.0,0.0,6.3
753.5,2026-05-06T04:11:44.925131+00:00,77.2909,0.0866,96.9363,-0.0288,0.7636,0.0,1800.0,0.0,6.3
754.0,2026-05-06T04:11:45.424911+00:00,77.1194,0.1302,96.8354,-0.0607,0.7636,0.0,1800.0,0.0,6.3
754.5,2026-05-06T04:11:45.924394+00:00,77.1149,0.0364,96.7578,-0.0852,0.7636,0.0,1800.0,0.0,6.3
755.0,2026-05-06T04:11:46.429552+00:00,77.2387,0.028,96.6981,-0.1041,0.7636,0.0,1800.0,0.0,6.3
755.5,2026-05-06T04:11:46.925216+00:00,77.3339,0.0215,96.768,-0.0414,0.7636,0.0,1800.0,0.0,6.3
756.0,2026-05-06T04:11:47.424314+00:00,77.4071,0.1438,96.706,-0.0704,0.7636,0.0,1800.0,0.0,6.3
756.5,2026-05-06T04:11:47.925804+00:00,77.336,0.1105,96.6583,-0.0927,0.7636,0.0,1800.0,0.0,6.3
757.0,2026-05-06T04:11:48.424436+00:00,77.5359,0.1486,96.7374,-0.0327,0.7636,0.0,1800.0,0.0,6.3
757.5,2026-05-06T04:11:48.934675+00:00,77.5623,0.1142,96.5667,-0.0637,0.7636,0.0,1800.0,0.0,6.2488
758.0,2026-05-06T04:11:49.424382+00:00,77.5826,0.0878,96.667,-0.0104,0.7636,0.0,1800.0,0.0,6.275
758.5,2026-05-06T04:11:49.924369+00:00,77.3437,0.0038,96.7441,-0.008,0.7636,0.0,1800.0,0.0,6.2878
759.0,2026-05-06T04:11:50.424335+00:00,77.2873,-0.1243,96.5719,-0.0447,0.7636,0.0,1800.0,0.0,6.294
759.5,2026-05-06T04:11:50.924378+00:00,77.2439,-0.1592,96.6709,0.0042,0.7636,0.0,1800.0,0.0,6.2971
760.0,2026-05-06T04:11:51.429265+00:00,77.2106,-0.186,96.6314,-0.0353,0.7636,0.0,1800.0,0.0,6.2986
760.5,2026-05-06T04:11:51.924379+00:00,77.3123,-0.0157,96.4853,-0.0272,0.7636,0.0,1800.0,0.0,6.2993
761.0,2026-05-06T04:11:52.424345+00:00,77.2632,-0.0121,96.4887,-0.0594,0.7636,0.0,1800.0,0.0,6.2997
761.5,2026-05-06T04:11:52.924333+00:00,77.3527,0.0544,96.3756,-0.1228,0.7636,0.0,1800.0,0.0,6.2998
762.0,2026-05-06T04:11:53.424341+00:00,77.2942,0.0418,96.5201,-0.0173,0.7636,0.0,1800.0,0.0,6.2999
762.5,2026-05-06T04:11:53.929091+00:00,77.122,-0.0952,96.6311,-0.0133,0.7636,0.0,1800.0,0.0,6.3
763.0,2026-05-06T04:11:54.424316+00:00,77.2442,-0.0095,96.8322,0.0669,0.7636,0.0,1800.0,0.0,6.3512
763.5,2026-05-06T04:11:54.925354+00:00,77.2108,-0.0709,96.7553,0.09,0.7636,0.0,1800.0,0.0,6.325
764.0,2026-05-06T04:11:55.424330+00:00,77.4397,0.0727,96.8119,0.1078,0.7636,0.0,1800.0,0.0,6.3122
764.5,2026-05-06T04:11:55.926199+00:00,77.3611,0.1196,96.8555,0.16,0.7636,0.0,1800.0,0.0,6.3059
765.0,2026-05-06T04:11:56.429694+00:00,77.3007,0.0283,96.8889,0.1229,0.7636,0.0,1800.0,0.0,6.3029
765.5,2026-05-06T04:11:56.924640+00:00,77.3815,0.0853,97.0303,0.1331,0.7636,0.0,1800.0,0.0,6.3014
766.0,2026-05-06T04:11:57.424448+00:00,77.3164,-0.0617,97.0233,0.0637,0.7636,0.0,1800.0,0.0,6.3007
766.5,2026-05-06T04:11:57.924768+00:00,77.2663,-0.0474,97.1336,0.1261,0.7636,0.0,1800.0,0.0,6.3003
767.0,2026-05-06T04:11:58.424405+00:00,77.3551,0.0272,97.1027,0.0969,0.7636,0.0,1800.0,0.0,6.3002
767.5,2026-05-06T04:11:58.930776+00:00,77.2961,-0.0427,96.9632,0.0359,0.7636,0.0,1800.0,0.0,6.2489
768.0,2026-05-06T04:11:59.424371+00:00,77.2507,-0.0328,96.9717,0.0276,0.7636,0.0,1800.0,0.0,6.2751
768.5,2026-05-06T04:11:59.924383+00:00,77.0886,-0.0889,96.9783,-0.0173,0.7636,0.0,1800.0,0.0,6.2878
769.0,2026-05-06T04:12:00.424341+00:00,76.9639,-0.1956,97.099,0.0252,0.7636,0.0,1800.0,0.0,6.2941
769.5,2026-05-06T04:12:00.924350+00:00,76.9954,-0.1503,97.0761,-0.0192,0.7636,0.0,1800.0,0.0,6.2971
770.0,2026-05-06T04:12:01.429891+00:00,77.0196,-0.1155,97.0585,-0.0147,0.7636,0.0,1800.0,0.0,6.2986
770.5,2026-05-06T04:12:01.924332+00:00,77.1655,0.0385,97.045,0.0272,0.7636,0.0,1800.0,0.0,6.2993
771.0,2026-05-06T04:12:02.424402+00:00,77.1503,0.0932,97.0346,0.0209,0.7636,0.0,1800.0,0.0,6.2997
771.5,2026-05-06T04:12:02.924754+00:00,77.266,0.1353,97.0266,0.0161,0.7636,0.0,1800.0,0.0,6.2998
772.0,2026-05-06T04:12:03.424612+00:00,77.2276,0.104,96.9047,-0.0648,0.7636,0.0,1800.0,0.0,6.2999
772.5,2026-05-06T04:12:03.929656+00:00,77.198,0.0163,96.9268,-0.0498,0.7636,0.0,1800.0,0.0,6.2488
773.0,2026-05-06T04:12:04.424342+00:00,77.3026,0.0761,96.7123,-0.1154,0.7636,0.0,1800.0,0.0,6.275
773.500001,2026-05-06T04:12:04.925360+00:00,77.5103,0.1222,96.7789,-0.0887,0.7636,0.0,1800.0,0.0,6.2878
774.0,2026-05-06T04:12:05.425315+00:00,77.5426,0.1575,96.7143,-0.1067,0.7636,0.0,1800.0,0.0,6.294
774.5,2026-05-06T04:12:05.924807+00:00,77.6947,0.2483,96.549,-0.1592,0.7636,0.0,1800.0,0.0,6.2971
775.0,2026-05-06T04:12:06.433184+00:00,77.5571,0.1272,96.5377,-0.1223,0.7636,0.0,1800.0,0.0,6.2986
775.5,2026-05-06T04:12:06.925747+00:00,77.5786,0.0342,96.5521,-0.1249,0.7636,0.0,1800.0,0.0,6.2993
776.0,2026-05-06T04:12:07.426056+00:00,77.5951,0.0263,96.5169,-0.0651,0.7636,0.0,1800.0,0.0,6.2997
776.5,2026-05-06T04:12:07.924372+00:00,77.3533,-0.1707,96.513,-0.0886,0.7636,0.0,1800.0,0.0,6.2998
777.0,2026-05-06T04:12:08.424340+00:00,77.2947,-0.1312,96.6257,-0.0296,0.7636,0.0,1800.0,0.0,6.2999
777.5,2026-05-06T04:12:08.930546+00:00,76.9951,-0.2918,96.7123,0.0544,0.7636,0.0,1800.0,0.0,6.3
778.0,2026-05-06T04:12:09.424348+00:00,77.1466,-0.2242,96.7789,0.0804,0.7636,0.0,1800.0,0.0,6.3
778.5,2026-05-06T04:12:09.924337+00:00,77.2631,-0.0451,96.5986,0.0155,0.7636,0.0,1800.0,0.0,6.3
779.0,2026-05-06T04:12:10.424330+00:00,77.3526,0.029,96.6915,0.0582,0.7636,0.0,1800.0,0.0,6.3
779.5,2026-05-06T04:12:10.924359+00:00,77.4214,0.2132,96.7629,0.0833,0.7636,0.0,1800.0,0.0,6.3
780.0,2026-05-06T04:12:11.430592+00:00,77.3471,0.1002,96.7021,0.0255,0.7636,0.0,1800.0,0.0,6.3
780.5,2026-05-06T04:12:11.924354+00:00,77.4172,0.077,96.6553,-0.019,0.7636,0.0,1800.0,0.0,6.3
781.0,2026-05-06T04:12:12.424320+00:00,77.3438,-0.0044,96.7351,-0.0146,0.7636,0.0,1800.0,0.0,6.3
781.5,2026-05-06T04:12:12.925881+00:00,77.4146,-0.0034,96.7964,0.0659,0.7636,0.0,1800.0,0.0,6.3
782.0,2026-05-06T04:12:13.424383+00:00,77.4691,0.061,96.7278,0.0121,0.7636,0.0,1800.0,0.0,6.3
782.5,2026-05-06T04:12:13.929576+00:00,77.3837,-0.0167,96.7908,0.0093,0.7636,0.0,1800.0,0.0,6.2488
783.0,2026-05-06T04:12:14.424363+00:00,77.318,-0.0129,96.8392,0.0457,0.7636,0.0,1800.0,0.0,6.275
783.5,2026-05-06T04:12:14.924356+00:00,77.3949,-0.0099,96.8764,0.0737,0.7636,0.0,1800.0,0.0,6.2878
784.0,2026-05-06T04:12:15.427312+00:00,77.3266,-0.0712,97.0207,0.0952,0.7636,0.0,1800.0,0.0,6.294
784.5,2026-05-06T04:12:15.924399+00:00,77.4015,0.0089,96.9002,0.0346,0.7636,0.0,1800.0,0.0,6.2971
785.0,2026-05-06T04:12:16.433558+00:00,77.0772,-0.1204,96.8076,0.0266,0.7636,0.0,1800.0,0.0,6.2986
785.5,2026-05-06T04:12:16.924349+00:00,77.0824,-0.1562,96.7364,-0.0181,0.7636,0.0,1800.0,0.0,6.3505
786.0,2026-05-06T04:12:17.424344+00:00,77.0865,-0.1201,96.6817,-0.0525,0.7636,0.0,1800.0,0.0,6.3758
786.5,2026-05-06T04:12:17.924329+00:00,77.2169,-0.0923,96.6397,-0.0789,0.7636,0.0,1800.0,0.0,6.3882
787.0,2026-05-06T04:12:18.424358+00:00,77.1898,0.0563,96.723,-0.0992,0.7636,0.0,1800.0,0.0,6.3942
787.5,2026-05-06T04:12:18.929499+00:00,77.4236,0.1706,96.6714,-0.0763,0.7636,0.0,1800.0,0.0,6.346
788.0,2026-05-06T04:12:19.424334+00:00,77.3487,0.1311,96.7475,-0.02,0.7636,0.0,1800.0,0.0,6.3736
788.5,2026-05-06T04:12:19.924526+00:00,77.4184,0.1008,96.9216,0.0617,0.7636,0.0,1800.0,0.0,6.3871
789.0,2026-05-06T04:12:20.424388+00:00,77.3447,0.0774,96.824,0.0474,0.7636,0.0,1800.0,0.0,6.3937
789.5,2026-05-06T04:12:20.924393+00:00,77.4154,-0.0041,96.9805,0.1136,0.7636,0.0,1800.0,0.0,6.3969
790.0,2026-05-06T04:12:21.433819+00:00,77.3424,-0.0032,96.985,0.0873,0.7636,0.0,1800.0,0.0,6.3985
790.5,2026-05-06T04:12:21.925106+00:00,77.2863,-0.0661,97.1042,0.1442,0.7636,0.0,1800.0,0.0,6.3481
791.0,2026-05-06T04:12:22.424413+00:00,77.3705,0.0129,97.0801,0.1109,0.7636,0.0,1800.0,0.0,6.3235
791.5,2026-05-06T04:12:22.925092+00:00,77.3079,-0.0538,97.0615,0.0466,0.7636,0.0,1800.0,0.0,6.3114
792.0,2026-05-06T04:12:23.424876+00:00,77.2598,-0.0413,96.9316,0.0358,0.7636,0.0,1800.0,0.0,6.3056
792.5,2026-05-06T04:12:23.931697+00:00,77.3501,0.0319,96.9474,-0.011,0.7636,0.0,1800.0,0.0,6.3027
793.0,2026-05-06T04:12:24.424436+00:00,77.4195,0.0245,96.7282,-0.0856,0.7636,0.0,1800.0,0.0,6.3013
793.50027,2026-05-06T04:12:24.924676+00:00,77.2183,-0.0448,96.6754,-0.1429,0.7636,0.0,1800.0,0.0,6.3006
794.0,2026-05-06T04:12:25.424367+00:00,77.1909,-0.0344,96.5191,-0.187,0.7636,0.0,1800.0,0.0,6.3003
794.5,2026-05-06T04:12:25.924337+00:00,77.0426,-0.1537,96.399,-0.2208,0.7636,0.0,1800.0,0.0,6.3002
795.0,2026-05-06T04:12:26.436861+00:00,77.0559,-0.1818,96.4224,-0.1697,0.7636,0.0,1800.0,0.0,6.3001
795.5,2026-05-06T04:12:26.924326+00:00,76.8116,-0.2034,96.3246,-0.2076,0.7636,0.0,1800.0,0.0,6.3
796.0,2026-05-06T04:12:27.424347+00:00,77.0056,-0.0927,96.4809,-0.0824,0.7636,0.0,1800.0,0.0,6.3
796.5,2026-05-06T04:12:27.924342+00:00,76.9002,-0.0712,96.4853,-0.0634,0.7636,0.0,1800.0,0.0,6.3
797.0,2026-05-06T04:12:28.424353+00:00,77.0737,0.0089,96.4887,-0.0101,0.7636,0.0,1800.0,0.0,6.3
797.5,2026-05-06T04:12:28.930609+00:00,77.0798,0.1341,96.607,0.0693,0.7636,0.0,1800.0,0.0,6.3
798.0,2026-05-06T04:12:29.424370+00:00,77.339,0.1667,96.698,0.0919,0.7636,0.0,1800.0,0.0,6.3
798.5,2026-05-06T04:12:29.924410+00:00,77.5382,0.319,96.7679,0.1477,0.7636,0.0,1800.0,0.0,6.3
799.0,2026-05-06T04:12:30.424472+00:00,77.5641,0.2452,96.7059,0.075,0.7636,0.0,1800.0,0.0,6.3
799.5,2026-05-06T04:12:30.924326+00:00,77.584,0.2521,96.5425,0.0191,0.7636,0.0,1800.0,0.0,6.3
800.0,2026-05-06T04:12:31.431694+00:00,77.472,0.0665,96.5096,0.0069,0.7636,0.0,1800.0,0.0,6.3
800.5,2026-05-06T04:12:31.924346+00:00,77.3859,-0.0762,96.5073,-0.0332,0.7636,0.0,1800.0,0.0,6.3
801.0,2026-05-06T04:12:32.424340+00:00,77.447,-0.0585,96.3899,-0.1027,0.7636,0.0,1800.0,0.0,6.3
801.5,2026-05-06T04:12:32.924355+00:00,77.494,-0.045,96.5311,-0.0789,0.7636,0.0,1800.0,0.0,6.3
802.0,2026-05-06T04:12:33.424330+00:00,77.1483,-0.1619,96.6396,-0.0221,0.7636,0.0,1800.0,0.0,6.3
802.5,2026-05-06T04:12:33.931767+00:00,77.2644,-0.0608,96.8387,0.0987,0.7636,0.0,1800.0,0.0,6.3
803.0,2026-05-06T04:12:34.425420+00:00,77.3536,-0.0467,96.6446,0.045,0.7636,0.0,1800.0,0.0,6.3
803.5,2026-05-06T04:12:34.924397+00:00,77.4222,-0.0359,96.6112,0.0346,0.7636,0.0,1800.0,0.0,6.3
804.0,2026-05-06T04:12:35.424687+00:00,77.2204,0.036,96.4697,0.0266,0.7636,0.0,1800.0,0.0,6.3
804.5,2026-05-06T04:12:35.924766+00:00,77.3198,0.0277,96.361,-0.0567,0.7636,0.0,1800.0,0.0,6.3
805.0,2026-05-06T04:12:36.431404+00:00,77.1417,-0.106,96.5089,-0.0436,0.7636,0.0,1800.0,0.0,6.3
805.5,2026-05-06T04:12:36.924564+00:00,77.0047,-0.2087,96.5068,-0.1106,0.7636,0.0,1800.0,0.0,6.3
806.0,2026-05-06T04:12:37.424366+00:00,76.8995,-0.1604,96.4821,-0.0542,0.7636,0.0,1800.0,0.0,6.3
806.5,2026-05-06T04:12:37.924319+00:00,77.0732,-0.1233,96.4863,-0.0416,0.7636,0.0,1800.0,0.0,6.3
807.0,2026-05-06T04:12:38.424364+00:00,77.2067,0.0325,96.4894,0.0066,0.7636,0.0,1800.0,0.0,6.3
807.5,2026-05-06T04:12:38.928804+00:00,77.182,0.0886,96.4919,0.0436,0.7636,0.0,1800.0,0.0,6.3
808.0,2026-05-06T04:12:39.424869+00:00,77.2903,0.1954,96.2392,-0.0899,0.7636,0.0,1800.0,0.0,6.3
808.5,2026-05-06T04:12:39.924375+00:00,77.2462,0.0865,96.2996,-0.0691,0.7636,0.0,1800.0,0.0,6.3
809.0,2026-05-06T04:12:40.424381+00:00,77.2124,0.0029,96.2302,-0.084,0.7636,0.0,1800.0,0.0,6.3
809.5,2026-05-06T04:12:40.924345+00:00,77.3137,0.0658,96.2927,-0.0645,0.7636,0.0,1800.0,0.0,6.3
810.0,2026-05-06T04:12:41.429026+00:00,77.3915,0.0506,96.3406,-0.0496,0.7636,0.0,1800.0,0.0,6.3
810.5,2026-05-06T04:12:41.924340+00:00,77.1968,-0.0247,96.2618,-0.0767,0.7636,0.0,1800.0,0.0,6.3
811.0,2026-05-06T04:12:42.424308+00:00,77.1744,-0.019,96.4326,0.0645,0.7636,0.0,1800.0,0.0,6.3
811.5,2026-05-06T04:12:42.924355+00:00,77.2844,-0.0146,96.5639,0.0881,0.7636,0.0,1800.0,0.0,6.3
812.0,2026-05-06T04:12:43.424326+00:00,77.369,-0.0112,96.6648,0.1449,0.7636,0.0,1800.0,0.0,6.3
812.5,2026-05-06T04:12:43.929471+00:00,77.0522,-0.0723,96.8581,0.1885,0.7636,0.0,1800.0,0.0,6.2488
813.0,2026-05-06T04:12:44.424317+00:00,77.3178,0.0717,96.7752,0.1449,0.7636,0.0,1800.0,0.0,6.275
813.5,2026-05-06T04:12:44.924330+00:00,77.3947,0.0551,96.7115,0.1499,0.7636,0.0,1800.0,0.0,6.2878
814.0,2026-05-06T04:12:45.424368+00:00,77.4538,0.0424,96.6626,0.0767,0.7636,0.0,1800.0,0.0,6.294
814.5,2026-05-06T04:12:45.924641+00:00,77.4992,0.2235,96.625,0.0203,0.7636,0.0,1800.0,0.0,6.2971
815.0,2026-05-06T04:12:46.430738+00:00,77.4068,0.0445,96.596,-0.0229,0.7636,0.0,1800.0,0.0,6.2986
815.5,2026-05-06T04:12:46.924324+00:00,77.3358,-0.0294,96.6895,-0.0562,0.7636,0.0,1800.0,0.0,6.2481
816.0,2026-05-06T04:12:47.424409+00:00,77.2812,-0.0863,96.53,-0.0818,0.7636,0.0,1800.0,0.0,6.2235
816.5,2026-05-06T04:12:47.924402+00:00,77.2393,-0.1299,96.4073,-0.1014,0.7636,0.0,1800.0,0.0,6.2115
817.0,2026-05-06T04:12:48.424365+00:00,77.4616,0.0274,96.4288,-0.0779,0.7636,0.0,1800.0,0.0,6.2056
817.5,2026-05-06T04:12:48.932632+00:00,77.3779,0.0211,96.1907,-0.1447,0.7636,0.0,1800.0,0.0,6.2027
818.0,2026-05-06T04:12:49.424742+00:00,77.3136,0.0162,96.378,-0.0727,0.7636,0.0,1800.0,0.0,6.2013
818.5,2026-05-06T04:12:49.924344+00:00,77.5187,0.1397,96.4062,-0.0944,0.7636,0.0,1800.0,0.0,6.2006
819.0,2026-05-06T04:12:50.424342+00:00,77.5491,0.0437,96.4048,-0.0417,0.7636,0.0,1800.0,0.0,6.2003
819.5,2026-05-06T04:12:50.924341+00:00,77.5725,0.0973,96.4268,0.0065,0.7636,0.0,1800.0,0.0,6.2002
820.0,2026-05-06T04:12:51.431669+00:00,77.5904,0.1384,96.2123,-0.0721,0.7636,0.0,1800.0,0.0,6.2001
820.5,2026-05-06T04:12:51.924340+00:00,77.7315,0.1064,96.2789,0.0294,0.7636,0.0,1800.0,0.0,6.2512
821.0,2026-05-06T04:12:52.424331+00:00,77.5853,0.0181,96.2144,-0.0545,0.7636,0.0,1800.0,0.0,6.2762
821.5,2026-05-06T04:12:52.924651+00:00,77.6003,0.0139,96.2805,-0.0419,0.7636,0.0,1800.0,0.0,6.2884
822.0,2026-05-06T04:12:53.424362+00:00,77.7391,0.0743,96.3313,-0.0245,0.7636,0.0,1800.0,0.0,6.2943
822.5,2026-05-06T04:12:53.929422+00:00,77.8457,0.0571,96.486,0.0197,0.7636,0.0,1800.0,0.0,6.246
823.0,2026-05-06T04:12:54.424420+00:00,77.6732,0.0439,96.4892,0.0923,0.7636,0.0,1800.0,0.0,6.2737
823.5,2026-05-06T04:12:54.924346+00:00,77.5405,-0.0299,96.6074,0.1095,0.7636,0.0,1800.0,0.0,6.2871
824.0,2026-05-06T04:12:55.424320+00:00,77.5659,-0.0866,96.6983,0.1613,0.7636,0.0,1800.0,0.0,6.2937
824.5,2026-05-06T04:12:55.924457+00:00,77.7126,-0.0666,96.6524,0.124,0.7636,0.0,1800.0,0.0,6.2969
825.0,2026-05-06T04:12:56.430403+00:00,77.5708,-0.0512,96.6403,0.103,0.7636,0.0,1800.0,0.0,6.2985
825.5,2026-05-06T04:12:56.924345+00:00,77.5892,0.0243,96.6078,0.0406,0.7636,0.0,1800.0,0.0,6.2993
826.0,2026-05-06T04:12:57.424769+00:00,77.476,-0.0449,96.5829,0.0312,0.7636,0.0,1800.0,0.0,6.2996
826.5,2026-05-06T04:12:57.925191+00:00,77.5162,-0.0982,96.5637,-0.0146,0.7636,0.0,1800.0,0.0,6.2998
827.0,2026-05-06T04:12:58.424343+00:00,77.1654,-0.2027,96.4333,-0.0883,0.7636,0.0,1800.0,0.0,6.2999
827.5,2026-05-06T04:12:58.930993+00:00,77.1503,-0.2195,96.4487,-0.0679,0.7636,0.0,1800.0,0.0,6.2488
828.0,2026-05-06T04:12:59.424397+00:00,77.1386,-0.1687,96.4606,-0.0599,0.7636,0.0,1800.0,0.0,6.275
828.5,2026-05-06T04:12:59.924849+00:00,77.1297,-0.1933,96.4697,-0.046,0.7636,0.0,1800.0,0.0,6.2878
829.0,2026-05-06T04:13:00.424449+00:00,77.2501,0.0424,96.361,-0.074,0.7636,0.0,1800.0,0.0,6.294
829.5,2026-05-06T04:13:00.924956+00:00,77.3426,0.0962,96.5089,-0.0183,0.7636,0.0,1800.0,0.0,6.2971
830.0,2026-05-06T04:13:01.433851+00:00,77.4138,0.1376,96.5068,0.0245,0.7636,0.0,1800.0,0.0,6.2986
830.5,2026-05-06T04:13:01.924359+00:00,77.2139,0.0421,96.5052,0.0188,0.7636,0.0,1800.0,0.0,6.2993
831.0,2026-05-06T04:13:02.424329+00:00,77.1875,-0.0313,96.504,0.0145,0.7636,0.0,1800.0,0.0,6.2997
831.5,2026-05-06T04:13:02.924316+00:00,77.1673,-0.0877,96.6188,0.0497,0.7636,0.0,1800.0,0.0,6.2998
832.0,2026-05-06T04:13:03.424315+00:00,77.1517,-0.131,96.5913,0.0768,0.7636,0.0,1800.0,0.0,6.2999
832.5,2026-05-06T04:13:03.929943+00:00,77.3943,0.0902,96.6859,0.059,0.7636,0.0,1800.0,0.0,6.3
833.0,2026-05-06T04:13:04.424356+00:00,77.4535,0.133,96.7586,0.0839,0.7636,0.0,1800.0,0.0,6.3
833.5,2026-05-06T04:13:04.924346+00:00,77.4989,0.1658,96.6987,0.0645,0.7636,0.0,1800.0,0.0,6.3
834.0,2026-05-06T04:13:05.424729+00:00,77.4066,0.1275,96.7684,0.0881,0.7636,0.0,1800.0,0.0,6.3
834.5,2026-05-06T04:13:05.924347+00:00,77.5902,0.098,96.822,0.0677,0.7636,0.0,1800.0,0.0,6.3
835.0,2026-05-06T04:13:06.432635+00:00,77.7313,0.1389,96.9789,0.1292,0.7636,0.0,1800.0,0.0,6.3
835.5,2026-05-06T04:13:06.925460+00:00,77.7125,0.1068,96.9838,0.0993,0.7636,0.0,1800.0,0.0,6.3
836.0,2026-05-06T04:13:07.425175+00:00,77.698,0.1457,96.9875,0.0763,0.7636,0.0,1800.0,0.0,6.3
836.5,2026-05-06T04:13:07.924609+00:00,77.6869,0.0484,97.1061,0.1358,0.7636,0.0,1800.0,0.0,6.3
837.0,2026-05-06T04:13:08.424636+00:00,77.5511,-0.0901,97.0816,0.1044,0.7636,0.0,1800.0,0.0,6.3
837.5,2026-05-06T04:13:08.931385+00:00,77.4467,-0.1329,97.0627,0.0802,0.7636,0.0,1800.0,0.0,6.2488
838.0,2026-05-06T04:13:09.424431+00:00,77.3665,-0.1658,97.0482,0.0231,0.7636,0.0,1800.0,0.0,6.275
838.5,2026-05-06T04:13:09.924392+00:00,77.3048,-0.191,97.037,0.0177,0.7636,0.0,1800.0,0.0,6.2878
839.0,2026-05-06T04:13:10.424379+00:00,77.3847,-0.0832,97.0285,0.0136,0.7636,0.0,1800.0,0.0,6.294
839.5,2026-05-06T04:13:10.924372+00:00,77.4461,-0.0003,97.0219,-0.0281,0.7636,0.0,1800.0,0.0,6.2971
840.0,2026-05-06T04:13:11.430664+00:00,77.4933,0.0634,97.0168,-0.0216,0.7636,0.0,1800.0,0.0,6.2986
840.5,2026-05-06T04:13:11.925913+00:00,77.4023,0.0487,96.8972,-0.0552,0.7636,0.0,1800.0,0.0,6.2993
841.0,2026-05-06T04:13:12.424602+00:00,77.3323,-0.0262,96.6896,-0.1195,0.7636,0.0,1800.0,0.0,6.2997
841.5,2026-05-06T04:13:12.924371+00:00,77.2786,-0.0838,96.6457,-0.1304,0.7636,0.0,1800.0,0.0,6.2998
842.0,2026-05-06T04:13:13.424348+00:00,77.3645,-0.0644,96.612,-0.1388,0.7636,0.0,1800.0,0.0,6.2999
842.5,2026-05-06T04:13:13.928703+00:00,77.3033,-0.0495,96.5861,-0.1453,0.7636,0.0,1800.0,0.0,6.3
843.0,2026-05-06T04:13:14.424340+00:00,77.3835,0.0256,96.4505,-0.1888,0.7636,0.0,1800.0,0.0,6.3
843.5,2026-05-06T04:13:14.924335+00:00,77.4452,0.0833,96.5776,-0.1065,0.7636,0.0,1800.0,0.0,6.3
844.0,2026-05-06T04:13:15.424363+00:00,77.4926,0.064,96.444,-0.0819,0.7636,0.0,1800.0,0.0,6.3
844.5,2026-05-06T04:13:15.924354+00:00,77.529,0.1129,96.3412,-0.1015,0.7636,0.0,1800.0,0.0,6.3
845.0,2026-05-06T04:13:16.431907+00:00,77.557,0.0867,96.3548,-0.0857,0.7636,0.0,1800.0,0.0,6.3
845.5,2026-05-06T04:13:16.924347+00:00,77.5785,0.0667,96.3884,-0.0659,0.7636,0.0,1800.0,0.0,6.3
846.0,2026-05-06T04:13:17.424357+00:00,77.7223,0.1149,96.4142,-0.0121,0.7636,0.0,1800.0,0.0,6.3
846.5,2026-05-06T04:13:17.924375+00:00,77.7056,0.0883,96.5498,-0.0093,0.7636,0.0,1800.0,0.0,6.3
847.0,2026-05-06T04:13:18.424347+00:00,77.6927,0.0679,96.5383,0.0314,0.7636,0.0,1800.0,0.0,6.3
847.5,2026-05-06T04:13:18.929619+00:00,77.8101,0.1158,96.6451,0.1013,0.7636,0.0,1800.0,0.0,6.3
848.0,2026-05-06T04:13:19.424352+00:00,77.7731,0.0254,96.7272,0.1241,0.7636,0.0,1800.0,0.0,6.3
848.5,2026-05-06T04:13:19.924318+00:00,77.7446,0.0195,96.559,0.0568,0.7636,0.0,1800.0,0.0,6.3
849.0,2026-05-06T04:13:20.424347+00:00,77.7227,0.015,96.661,0.0823,0.7636,0.0,1800.0,0.0,6.3
849.5,2026-05-06T04:13:20.924682+00:00,77.4513,-0.1794,96.7395,0.0632,0.7636,0.0,1800.0,0.0,6.3
850.0,2026-05-06T04:13:21.428819+00:00,77.37,-0.2015,96.684,0.0486,0.7636,0.0,1800.0,0.0,6.3
850.5,2026-05-06T04:13:21.924339+00:00,77.3076,-0.2185,96.4101,-0.0784,0.7636,0.0,1800.0,0.0,6.3
851.0,2026-05-06T04:13:22.424459+00:00,77.5141,-0.1043,96.4309,-0.0988,0.7636,0.0,1800.0,0.0,6.3
851.5,2026-05-06T04:13:22.924614+00:00,77.5455,0.0471,96.308,-0.0836,0.7636,0.0,1800.0,0.0,6.3
852.0,2026-05-06T04:13:23.424803+00:00,77.5697,0.0998,96.121,-0.18,0.7636,0.0,1800.0,0.0,6.3
852.5,2026-05-06T04:13:23.931597+00:00,77.7155,0.204,96.2087,-0.1769,0.7636,0.0,1800.0,0.0,6.3
853.0,2026-05-06T04:13:24.424469+00:00,77.7004,0.0932,96.3918,-0.0974,0.7636,0.0,1800.0,0.0,6.3
853.5,2026-05-06T04:13:24.924357+00:00,77.6887,0.0716,96.5326,0.0408,0.7636,0.0,1800.0,0.0,6.3
854.0,2026-05-06T04:13:25.425019+00:00,77.6798,0.055,96.525,0.0314,0.7636,0.0,1800.0,0.0,6.3
854.5,2026-05-06T04:13:25.924407+00:00,77.5456,-0.085,96.5192,0.0704,0.7636,0.0,1800.0,0.0,6.3
855.0,2026-05-06T04:13:26.432008+00:00,77.4425,-0.1289,96.6305,0.1698,0.7636,0.0,1800.0,0.0,6.3
855.5,2026-05-06T04:13:26.924338+00:00,77.236,-0.2264,96.716,0.1691,0.7636,0.0,1800.0,0.0,6.3
856.0,2026-05-06T04:13:27.424357+00:00,77.3318,-0.174,96.8974,0.1685,0.7636,0.0,1800.0,0.0,6.3
856.5,2026-05-06T04:13:27.924639+00:00,77.5327,-0.0065,97.0369,0.1681,0.7636,0.0,1800.0,0.0,6.3
857.0,2026-05-06T04:13:28.424368+00:00,77.5598,0.0587,97.144,0.2063,0.7636,0.0,1800.0,0.0,6.3
857.5,2026-05-06T04:13:28.933007+00:00,77.708,0.236,97.1107,0.1972,0.7636,0.0,1800.0,0.0,6.2488
858.0,2026-05-06T04:13:29.425571+00:00,77.8218,0.245,97.2008,0.1901,0.7636,0.0,1800.0,0.0,6.275
858.5,2026-05-06T04:13:29.924942+00:00,77.5275,-0.0026,97.1543,0.1461,0.7636,0.0,1800.0,0.0,6.2878
859.0,2026-05-06T04:13:30.424604+00:00,77.5559,-0.002,97.1186,0.0737,0.7636,0.0,1800.0,0.0,6.294
859.5,2026-05-06T04:13:30.924351+00:00,77.5776,-0.0652,97.2069,0.0567,0.7636,0.0,1800.0,0.0,6.2971
860.0,2026-05-06T04:13:31.431816+00:00,77.4671,-0.1774,97.159,0.005,0.7636,0.0,1800.0,0.0,6.2986
860.5,2026-05-06T04:13:31.924748+00:00,77.5094,-0.009,96.8908,-0.0733,0.7636,0.0,1800.0,0.0,6.2993
861.0,2026-05-06T04:13:32.424453+00:00,77.542,-0.0069,96.8004,-0.1335,0.7636,0.0,1800.0,0.0,6.2997
861.5,2026-05-06T04:13:32.924463+00:00,77.6942,0.0583,96.7309,-0.1412,0.7636,0.0,1800.0,0.0,6.2998
862.0,2026-05-06T04:13:33.424318+00:00,77.8113,0.1721,96.9088,-0.0699,0.7636,0.0,1800.0,0.0,6.2999
862.5,2026-05-06T04:13:33.933244+00:00,77.9012,0.1959,96.9299,-0.0923,0.7636,0.0,1800.0,0.0,6.3
863.0,2026-05-06T04:13:34.424324+00:00,77.9704,0.2142,96.9461,-0.0709,0.7636,0.0,1800.0,0.0,6.3
863.5,2026-05-06T04:13:34.924338+00:00,77.769,0.0374,96.9586,0.0226,0.7636,0.0,1800.0,0.0,6.3
864.0,2026-05-06T04:13:35.424371+00:00,77.7414,-0.0349,97.0839,0.0945,0.7636,0.0,1800.0,0.0,6.3
864.5,2026-05-06T04:13:35.924409+00:00,77.8475,-0.0268,97.0645,0.1112,0.7636,0.0,1800.0,0.0,6.3
865.0,2026-05-06T04:13:36.429568+00:00,77.6746,-0.1479,96.9339,0.0083,0.7636,0.0,1800.0,0.0,6.3
865.5,2026-05-06T04:13:36.924427+00:00,77.7961,0.0136,97.0649,0.045,0.7636,0.0,1800.0,0.0,6.2488
866.0,2026-05-06T04:13:37.424390+00:00,77.8896,0.0741,96.8185,-0.0426,0.7636,0.0,1800.0,0.0,6.2238
866.5,2026-05-06T04:13:37.924351+00:00,77.9614,0.0569,96.8605,-0.0327,0.7636,0.0,1800.0,0.0,6.2116
867.0,2026-05-06T04:13:38.425978+00:00,77.8894,0.1074,97.0085,-0.0251,0.7636,0.0,1800.0,0.0,6.2057
867.5,2026-05-06T04:13:38.929696+00:00,77.7067,-0.0447,97.0065,-0.0193,0.7636,0.0,1800.0,0.0,6.2028
868.0,2026-05-06T04:13:39.424409+00:00,77.6936,-0.098,96.8893,-0.0149,0.7636,0.0,1800.0,0.0,6.2014
868.5,2026-05-06T04:13:39.924375+00:00,77.8108,-0.0753,96.9149,-0.05,0.7636,0.0,1800.0,0.0,6.2007
869.0,2026-05-06T04:13:40.424330+00:00,77.6463,-0.1215,97.0503,0.0773,0.7636,0.0,1800.0,0.0,6.2003
869.5,2026-05-06T04:13:40.924336+00:00,77.6472,-0.0298,96.923,0.0208,0.7636,0.0,1800.0,0.0,6.2002
870.0,2026-05-06T04:13:41.428883+00:00,77.7751,0.0407,96.9408,-0.0226,0.7636,0.0,1800.0,0.0,6.2001
870.5,2026-05-06T04:13:41.924361+00:00,77.7461,-0.0323,97.0702,0.0212,0.7636,0.0,1800.0,0.0,6.2
871.0,2026-05-06T04:13:42.424345+00:00,77.8512,0.1024,96.8225,-0.0222,0.7636,0.0,1800.0,0.0,6.2
871.5,2026-05-06T04:13:42.924316+00:00,77.5501,-0.0485,96.8636,-0.0171,0.7636,0.0,1800.0,0.0,6.2
872.0,2026-05-06T04:13:43.424414+00:00,77.5732,-0.1009,97.0109,-0.0131,0.7636,0.0,1800.0,0.0,6.2
872.5,2026-05-06T04:13:43.932083+00:00,77.4637,-0.1412,97.0084,0.0285,0.7636,0.0,1800.0,0.0,6.2
873.0,2026-05-06T04:13:44.424335+00:00,77.3795,-0.2358,96.8907,-0.0167,0.7636,0.0,1800.0,0.0,6.2512
873.5,2026-05-06T04:13:44.924663+00:00,77.5694,0.0097,96.6846,-0.1285,0.7636,0.0,1800.0,0.0,6.2762
874.0,2026-05-06T04:13:45.424345+00:00,77.588,0.0074,96.6419,-0.0602,0.7636,0.0,1800.0,0.0,6.2884
874.5,2026-05-06T04:13:45.924669+00:00,77.7297,0.133,96.5859,-0.0926,0.7636,0.0,1800.0,0.0,6.2943
875.0,2026-05-06T04:13:46.432775+00:00,77.9658,0.2931,96.6817,-0.1097,0.7636,0.0,1800.0,0.0,6.2972
875.5,2026-05-06T04:13:46.924349+00:00,78.1472,0.2889,96.6397,-0.1229,0.7636,0.0,1800.0,0.0,6.2474
876.0,2026-05-06T04:13:47.424303+00:00,78.1594,0.2857,96.7231,-0.0559,0.7636,0.0,1800.0,0.0,6.2232
876.5,2026-05-06T04:13:47.926986+00:00,78.1688,0.2196,96.6714,-0.0044,0.7636,0.0,1800.0,0.0,6.2113
877.0,2026-05-06T04:13:48.424333+00:00,78.0488,0.0415,96.8632,0.0738,0.7636,0.0,1800.0,0.0,6.2055
877.5,2026-05-06T04:13:49.029756+00:00,77.9565,-0.0954,96.8948,0.103,0.7636,0.0,1800.0,0.0,6.2027
878.0,2026-05-06T04:13:49.424333+00:00,77.8856,-0.1369,96.6878,0.002,0.7636,0.0,1800.0,0.0,6.2525
878.5,2026-05-06T04:13:49.924382+00:00,77.7038,-0.2325,96.76,0.0401,0.7636,0.0,1800.0,0.0,6.2768
879.0,2026-05-06T04:13:50.424353+00:00,77.5641,-0.2423,96.6999,-0.0077,0.7636,0.0,1800.0,0.0,6.2887
879.5,2026-05-06T04:13:50.924323+00:00,77.584,-0.1863,96.6536,-0.0059,0.7636,0.0,1800.0,0.0,6.2945
880.0,2026-05-06T04:13:51.429766+00:00,77.472,-0.2068,96.7338,-0.0431,0.7636,0.0,1800.0,0.0,6.2973
880.5,2026-05-06T04:13:51.924340+00:00,77.5132,-0.0953,96.6797,-0.0717,0.7636,0.0,1800.0,0.0,6.2475
881.0,2026-05-06T04:13:52.424377+00:00,77.5448,-0.0096,96.6381,-0.0166,0.7636,0.0,1800.0,0.0,6.2232
881.5,2026-05-06T04:13:52.924400+00:00,77.4419,-0.071,96.6061,-0.0513,0.7636,0.0,1800.0,0.0,6.2113
882.0,2026-05-06T04:13:53.424418+00:00,77.6173,0.0727,96.6973,-0.0009,0.7636,0.0,1800.0,0.0,6.2055
882.5,2026-05-06T04:13:53.930305+00:00,77.6249,0.0559,96.5359,-0.0392,0.7636,0.0,1800.0,0.0,6.2027
883.0,2026-05-06T04:13:54.424347+00:00,77.6307,0.0429,96.5276,-0.0687,0.7636,0.0,1800.0,0.0,6.2525
883.5,2026-05-06T04:13:54.924356+00:00,77.7624,0.1603,96.6369,-0.0142,0.7636,0.0,1800.0,0.0,6.2768
884.0,2026-05-06T04:13:55.424410+00:00,77.7364,0.0595,96.7209,0.0276,0.7636,0.0,1800.0,0.0,6.2887
884.5,2026-05-06T04:13:55.924403+00:00,77.7164,0.0458,96.5541,-0.0173,0.7636,0.0,1800.0,0.0,6.2945
885.0,2026-05-06T04:13:56.431906+00:00,77.5738,-0.0285,96.5416,-0.0519,0.7636,0.0,1800.0,0.0,6.2973
885.5,2026-05-06T04:13:56.924539+00:00,77.7187,-0.0219,96.4163,-0.0399,0.7636,0.0,1800.0,0.0,6.2475
886.0,2026-05-06T04:13:57.425285+00:00,77.5755,-0.0804,96.5513,0.0079,0.7636,0.0,1800.0,0.0,6.2232
886.5,2026-05-06T04:13:57.924858+00:00,77.72,0.0018,96.5395,-0.0325,0.7636,0.0,1800.0,0.0,6.2113
887.0,2026-05-06T04:13:58.424405+00:00,77.9584,0.1923,96.5303,-0.0635,0.7636,0.0,1800.0,0.0,6.2055
887.5,2026-05-06T04:13:58.930551+00:00,77.7597,0.0205,96.639,0.0283,0.7636,0.0,1800.0,0.0,6.2027
888.0,2026-05-06T04:13:59.424366+00:00,77.7343,0.0794,96.468,-0.0245,0.7636,0.0,1800.0,0.0,6.2525
888.5,2026-05-06T04:13:59.924371+00:00,77.7148,-0.0026,96.4754,0.0197,0.7636,0.0,1800.0,0.0,6.2768
889.0,2026-05-06T04:14:00.424361+00:00,77.8271,-0.0656,96.4811,-0.0234,0.7636,0.0,1800.0,0.0,6.2887
889.5,2026-05-06T04:14:00.924375+00:00,77.7861,0.0132,96.4855,-0.018,0.7636,0.0,1800.0,0.0,6.2945
890.0,2026-05-06T04:14:01.431747+00:00,77.7546,0.0101,96.6045,0.0247,0.7636,0.0,1800.0,0.0,6.2973
890.5,2026-05-06T04:14:01.924343+00:00,77.6031,-0.0558,96.5803,-0.0196,0.7636,0.0,1800.0,0.0,6.2987
891.0,2026-05-06T04:14:02.424331+00:00,77.614,-0.1066,96.5618,0.0312,0.7636,0.0,1800.0,0.0,6.2994
891.5,2026-05-06T04:14:02.924460+00:00,77.7496,-0.0183,96.6632,0.0626,0.7636,0.0,1800.0,0.0,6.2997
892.0,2026-05-06T04:14:03.424474+00:00,77.7265,-0.014,96.5097,0.0095,0.7636,0.0,1800.0,0.0,6.2998
892.5,2026-05-06T04:14:03.929253+00:00,77.7088,0.0528,96.3918,-0.0312,0.7636,0.0,1800.0,0.0,6.2999
893.0,2026-05-06T04:14:04.424357+00:00,77.8225,0.1043,96.5325,-0.024,0.7636,0.0,1800.0,0.0,6.3512
893.5,2026-05-06T04:14:04.924332+00:00,77.9098,0.0801,96.4093,-0.057,0.7636,0.0,1800.0,0.0,6.325
894.0,2026-05-06T04:14:05.424471+00:00,77.7224,-0.002,96.4303,-0.0438,0.7636,0.0,1800.0,0.0,6.3122
894.5,2026-05-06T04:14:05.924414+00:00,77.7057,-0.0016,96.5621,-0.0337,0.7636,0.0,1800.0,0.0,6.3059
895.0,2026-05-06T04:14:06.428872+00:00,77.8201,-0.0012,96.3163,-0.0645,0.7636,0.0,1800.0,0.0,6.3029
895.5,2026-05-06T04:14:06.924321+00:00,77.7807,-0.0646,96.3588,-0.011,0.7636,0.0,1800.0,0.0,6.3014
896.0,2026-05-06T04:14:07.424345+00:00,77.8777,0.0776,96.5072,-0.0084,0.7636,0.0,1800.0,0.0,6.3007
896.5,2026-05-06T04:14:07.924687+00:00,77.9523,0.1233,96.6212,0.0707,0.7636,0.0,1800.0,0.0,6.3003
897.0,2026-05-06T04:14:08.424715+00:00,77.8824,0.0311,96.7089,0.0929,0.7636,0.0,1800.0,0.0,6.3002
897.5,2026-05-06T04:14:08.931058+00:00,78.0831,0.1512,96.7762,0.0714,0.7636,0.0,1800.0,0.0,6.3001
898.0,2026-05-06T04:14:09.424686+00:00,77.9829,0.0526,96.7123,0.132,0.7636,0.0,1800.0,0.0,6.3512
898.5,2026-05-06T04:14:09.924955+00:00,77.9059,-0.0232,96.6632,0.1015,0.7636,0.0,1800.0,0.0,6.325
899.0,2026-05-06T04:14:10.424419+00:00,77.8467,-0.0178,96.6254,0.0394,0.7636,0.0,1800.0,0.0,6.3122
899.5,2026-05-06T04:14:10.924354+00:00,77.8012,-0.141,96.7121,0.0303,0.7636,0.0,1800.0,0.0,6.306
900.0,2026-05-06T04:14:11.431980+00:00,77.8934,-0.0447,96.7787,0.0233,0.7636,0.0,1800.0,0.0,6.3029
900.5,2026-05-06T04:14:11.924320+00:00,77.9644,0.0293,96.8299,0.0179,0.7636,0.0,1800.0,0.0,6.3014
901.0,2026-05-06T04:14:12.424348+00:00,77.8916,0.0225,96.9618,0.0832,0.7636,0.0,1800.0,0.0,6.3007
901.5,2026-05-06T04:14:12.924345+00:00,77.8357,0.0173,96.9707,0.1025,0.7636,0.0,1800.0,0.0,6.3003
902.0,2026-05-06T04:14:13.424322+00:00,77.7927,-0.0504,97.0932,0.1559,0.7636,0.0,1800.0,0.0,6.3002
902.5,2026-05-06T04:14:13.930546+00:00,77.7597,-0.1023,97.0716,0.1198,0.7636,0.0,1800.0,0.0,6.3001
903.0,2026-05-06T04:14:14.425538+00:00,77.6071,-0.1423,96.9393,0.0535,0.7636,0.0,1800.0,0.0,6.3
903.5,2026-05-06T04:14:14.924355+00:00,77.7443,-0.0457,96.9534,0.0411,0.7636,0.0,1800.0,0.0,6.3
904.0,2026-05-06T04:14:15.425385+00:00,77.8497,0.0285,96.8485,-0.0378,0.7636,0.0,1800.0,0.0,6.3
904.5,2026-05-06T04:14:15.924457+00:00,77.8035,0.0219,96.9992,0.0095,0.7636,0.0,1800.0,0.0,6.3
905.0,2026-05-06T04:14:16.430930+00:00,77.768,0.0805,96.9994,-0.0313,0.7636,0.0,1800.0,0.0,6.3
905.5,2026-05-06T04:14:16.924772+00:00,77.7407,-0.0018,97.1152,0.0145,0.7636,0.0,1800.0,0.0,6.3
906.0,2026-05-06T04:14:17.424916+00:00,77.847,-0.0014,96.9729,0.0112,0.7636,0.0,1800.0,0.0,6.3
906.5,2026-05-06T04:14:17.924410+00:00,77.9287,0.0626,96.8635,-0.03,0.7636,0.0,1800.0,0.0,6.3
907.0,2026-05-06T04:14:18.424355+00:00,77.9914,0.1117,96.7793,-0.023,0.7636,0.0,1800.0,0.0,6.3
907.5,2026-05-06T04:14:18.932259+00:00,77.9124,0.0859,96.8304,-0.0563,0.7636,0.0,1800.0,0.0,6.3
908.0,2026-05-06T04:14:19.424353+00:00,77.8517,0.0024,96.754,-0.0818,0.7636,0.0,1800.0,0.0,6.3
908.5,2026-05-06T04:14:19.924331+00:00,77.805,-0.0618,96.8109,-0.1015,0.7636,0.0,1800.0,0.0,6.3
909.0,2026-05-06T04:14:20.424359+00:00,77.8964,-0.0475,96.8546,-0.0394,0.7636,0.0,1800.0,0.0,6.3
909.5,2026-05-06T04:14:20.924338+00:00,77.9667,0.0271,96.7726,-0.0303,0.7636,0.0,1800.0,0.0,6.3
910.0,2026-05-06T04:14:21.431559+00:00,77.8934,0.0208,96.8252,0.0153,0.7636,0.0,1800.0,0.0,6.3
910.5,2026-05-06T04:14:21.924721+00:00,77.8371,0.016,96.8657,0.0117,0.7636,0.0,1800.0,0.0,6.3
911.0,2026-05-06T04:14:22.424328+00:00,77.7938,-0.0513,96.8967,0.0476,0.7636,0.0,1800.0,0.0,6.3
911.5,2026-05-06T04:14:22.924347+00:00,77.7605,-0.1031,96.6892,-0.0406,0.7636,0.0,1800.0,0.0,6.3
912.0,2026-05-06T04:14:23.424336+00:00,77.6077,-0.1429,96.6454,-0.0697,0.7636,0.0,1800.0,0.0,6.3
912.5,2026-05-06T04:14:23.930852+00:00,77.6175,-0.1098,96.7275,-0.015,0.7636,0.0,1800.0,0.0,6.2488
913.000001,2026-05-06T04:14:24.425904+00:00,77.7523,-0.0208,96.7905,-0.0116,0.7636,0.0,1800.0,0.0,6.275
913.5,2026-05-06T04:14:24.924345+00:00,77.8559,0.0477,96.7233,-0.0474,0.7636,0.0,1800.0,0.0,6.2878
914.0,2026-05-06T04:14:25.424897+00:00,78.0628,0.2276,96.7873,-0.0365,0.7636,0.0,1800.0,0.0,6.294
914.5,2026-05-06T04:14:25.925141+00:00,78.0945,0.2385,96.8366,0.0491,0.7636,0.0,1800.0,0.0,6.2971
915.0,2026-05-06T04:14:26.533245+00:00,77.9917,0.1197,96.7587,0.0377,0.7636,0.0,1800.0,0.0,6.2986
915.5,2026-05-06T04:14:26.925269+00:00,77.9126,0.0284,96.8145,0.029,0.7636,0.0,1800.0,0.0,6.2993
916.0,2026-05-06T04:14:27.424683+00:00,77.9791,-0.0418,96.7417,-0.0163,0.7636,0.0,1800.0,0.0,6.2997
916.5,2026-05-06T04:14:27.924784+00:00,77.903,-0.0958,96.6858,-0.0125,0.7636,0.0,1800.0,0.0,6.2998
917.0,2026-05-06T04:14:28.424408+00:00,77.8444,-0.0736,96.7585,-0.0096,0.7636,0.0,1800.0,0.0,6.2999
917.5,2026-05-06T04:14:28.931079+00:00,77.9267,0.007,96.6987,-0.046,0.7636,0.0,1800.0,0.0,6.2488
918.0,2026-05-06T04:14:29.424311+00:00,77.9899,0.0054,96.7684,0.0032,0.7636,0.0,1800.0,0.0,6.275
918.5,2026-05-06T04:14:29.924319+00:00,78.1658,0.1314,96.9377,0.0411,0.7636,0.0,1800.0,0.0,6.2878
919.0,2026-05-06T04:14:30.424315+00:00,78.0465,0.101,96.9521,0.0701,0.7636,0.0,1800.0,0.0,6.294
919.5,2026-05-06T04:14:30.924780+00:00,77.8274,-0.0496,96.8475,0.0539,0.7636,0.0,1800.0,0.0,6.2971
920.0,2026-05-06T04:14:31.428963+00:00,77.6591,-0.1654,96.8828,0.0414,0.7636,0.0,1800.0,0.0,6.2986
920.5,2026-05-06T04:14:31.924325+00:00,77.4025,-0.3817,96.9099,0.0704,0.7636,0.0,1800.0,0.0,6.2993
921.0,2026-05-06T04:14:32.424314+00:00,77.587,-0.2297,96.8151,0.0155,0.7636,0.0,1800.0,0.0,6.2997
921.5,2026-05-06T04:14:32.924342+00:00,77.6016,-0.1129,96.8579,-0.0266,0.7636,0.0,1800.0,0.0,6.2998
922.0,2026-05-06T04:14:33.424340+00:00,77.7401,0.0405,96.8907,-0.0205,0.7636,0.0,1800.0,0.0,6.2999
922.5,2026-05-06T04:14:33.931489+00:00,77.8465,0.222,96.916,0.0228,0.7636,0.0,1800.0,0.0,6.3
923.0,2026-05-06T04:14:34.425002+00:00,77.801,0.107,96.9355,0.0176,0.7636,0.0,1800.0,0.0,6.3
923.5,2026-05-06T04:14:34.924360+00:00,77.8933,0.1459,97.0661,0.0521,0.7636,0.0,1800.0,0.0,6.3
924.0,2026-05-06T04:14:35.429105+00:00,77.837,0.0485,96.9351,0.04,0.7636,0.0,1800.0,0.0,6.3
924.5,2026-05-06T04:14:35.924379+00:00,77.921,0.0373,97.0658,0.0693,0.7636,0.0,1800.0,0.0,6.3
925.000303,2026-05-06T04:14:36.429664+00:00,77.9856,0.0923,96.9349,0.0147,0.7636,0.0,1800.0,0.0,6.3
925.5,2026-05-06T04:14:36.924355+00:00,77.9079,0.0073,96.8343,-0.0273,0.7636,0.0,1800.0,0.0,6.3
926.0,2026-05-06T04:14:37.424333+00:00,77.721,-0.058,96.8726,-0.021,0.7636,0.0,1800.0,0.0,6.3
926.5,2026-05-06T04:14:37.924364+00:00,77.7045,-0.1082,96.7864,-0.0932,0.7636,0.0,1800.0,0.0,6.3
927.0,2026-05-06T04:14:38.424342+00:00,77.6919,-0.1468,96.8358,-0.0331,0.7636,0.0,1800.0,0.0,6.3
927.5,2026-05-06T04:14:38.931330+00:00,77.9368,0.0144,96.7581,-0.1026,0.7636,0.0,1800.0,0.0,6.3
928.0,2026-05-06T04:14:39.424356+00:00,78.1249,0.202,96.6984,-0.0788,0.7636,0.0,1800.0,0.0,6.3
928.5,2026-05-06T04:14:39.924406+00:00,78.015,0.1552,96.7682,-0.022,0.7636,0.0,1800.0,0.0,6.3
929.0,2026-05-06T04:14:40.424350+00:00,77.9306,0.1193,96.7061,-0.0555,0.7636,0.0,1800.0,0.0,6.3
929.5,2026-05-06T04:14:40.924360+00:00,77.9929,0.0281,96.7741,-0.0041,0.7636,0.0,1800.0,0.0,6.3
930.0,2026-05-06T04:14:41.430909+00:00,77.7863,-0.1693,96.7107,-0.0417,0.7636,0.0,1800.0,0.0,6.3
930.5,2026-05-06T04:14:41.924354+00:00,77.7548,-0.1301,96.7776,0.0065,0.7636,0.0,1800.0,0.0,6.3
931.0,2026-05-06T04:14:42.424355+00:00,77.9851,0.0272,96.7134,0.005,0.7636,0.0,1800.0,0.0,6.3
931.5,2026-05-06T04:14:42.924438+00:00,78.0348,0.0209,96.5483,-0.0733,0.7636,0.0,1800.0,0.0,6.3
932.0,2026-05-06T04:14:43.424355+00:00,77.9458,0.0797,96.4214,-0.0949,0.7636,0.0,1800.0,0.0,6.3
932.5,2026-05-06T04:14:43.932939+00:00,78.0046,0.1249,96.4396,-0.1115,0.7636,0.0,1800.0,0.0,6.3
933.0,2026-05-06T04:14:44.424415+00:00,78.0498,0.0324,96.685,-0.0086,0.7636,0.0,1800.0,0.0,6.3512
933.5,2026-05-06T04:14:44.924363+00:00,78.2118,0.0885,96.4108,-0.1223,0.7636,0.0,1800.0,0.0,6.3762
934.0,2026-05-06T04:14:45.424397+00:00,78.2091,0.1317,96.5471,-0.0554,0.7636,0.0,1800.0,0.0,6.3884
934.5,2026-05-06T04:14:45.924456+00:00,78.3343,0.1648,96.5362,-0.004,0.7636,0.0,1800.0,0.0,6.3943
935.0,2026-05-06T04:14:46.429230+00:00,78.1759,0.0631,96.5278,0.0355,0.7636,0.0,1800.0,0.0,6.3972
935.5,2026-05-06T04:14:46.924378+00:00,78.1815,-0.0152,96.6371,0.0658,0.7636,0.0,1800.0,0.0,6.3986
936.0,2026-05-06T04:14:47.425685+00:00,78.1858,-0.0117,96.6054,-0.0265,0.7636,0.0,1800.0,0.0,6.3993
936.5,2026-05-06T04:14:47.924470+00:00,77.9345,-0.1999,96.581,0.0567,0.7636,0.0,1800.0,0.0,6.3997
937.0,2026-05-06T04:14:48.424343+00:00,78.1232,-0.0263,96.6779,0.0436,0.7636,0.0,1800.0,0.0,6.3998
937.5,2026-05-06T04:14:48.931692+00:00,77.7592,-0.2112,96.6368,0.0335,0.7636,0.0,1800.0,0.0,6.3487
938.000657,2026-05-06T04:14:49.424988+00:00,77.8612,-0.1623,96.6051,0.0258,0.7636,0.0,1800.0,0.0,6.375
938.5,2026-05-06T04:14:49.924364+00:00,77.9396,0.0025,96.6734,0.0121,0.7636,0.0,1800.0,0.0,6.3878
939.0,2026-05-06T04:14:50.424330+00:00,77.9998,-0.0617,96.6332,0.0093,0.7636,0.0,1800.0,0.0,6.394
939.5,2026-05-06T04:14:50.924328+00:00,78.0462,0.1435,96.6024,0.0071,0.7636,0.0,1800.0,0.0,6.3971
940.0,2026-05-06T04:14:51.429345+00:00,78.209,0.1739,96.6944,0.0055,0.7636,0.0,1800.0,0.0,6.3986
940.5,2026-05-06T04:14:51.924350+00:00,78.0797,0.07,96.6494,0.0042,0.7636,0.0,1800.0,0.0,6.3481
941.0,2026-05-06T04:14:52.424309+00:00,77.9802,-0.0098,96.6148,0.0032,0.7636,0.0,1800.0,0.0,6.3235
941.5,2026-05-06T04:14:52.924335+00:00,78.1584,0.0561,96.704,0.0102,0.7636,0.0,1800.0,0.0,6.3115
942.0,2026-05-06T04:14:53.426165+00:00,78.0407,-0.0842,96.7725,0.0464,0.7636,0.0,1800.0,0.0,6.3056
942.5,2026-05-06T04:14:53.929205+00:00,78.0776,-0.001,96.8251,0.0742,0.7636,0.0,1800.0,0.0,6.3027
943.0,2026-05-06T04:14:54.424757+00:00,77.9786,-0.0008,96.8656,0.0571,0.7636,0.0,1800.0,0.0,6.3525
943.5,2026-05-06T04:14:54.924464+00:00,78.0299,-0.0643,96.781,0.0439,0.7636,0.0,1800.0,0.0,6.3256
944.0,2026-05-06T04:14:55.424569+00:00,77.942,-0.0494,96.716,0.0337,0.7636,0.0,1800.0,0.0,6.3125
944.5,2026-05-06T04:14:55.924354+00:00,78.0017,-0.038,96.666,-0.0127,0.7636,0.0,1800.0,0.0,6.3061
945.0,2026-05-06T04:14:56.433529+00:00,77.793,-0.0928,96.6276,-0.0483,0.7636,0.0,1800.0,0.0,6.303
945.5,2026-05-06T04:14:56.925987+00:00,78.0145,-0.0077,96.5981,-0.0757,0.7636,0.0,1800.0,0.0,6.3015
946.0,2026-05-06T04:14:57.424375+00:00,77.9301,-0.0059,96.6911,-0.0582,0.7636,0.0,1800.0,0.0,6.3007
946.5,2026-05-06T04:14:57.924365+00:00,77.9926,-0.0045,96.6469,-0.0447,0.7636,0.0,1800.0,0.0,6.3003
947.0,2026-05-06T04:14:58.424355+00:00,77.9133,0.0601,96.3815,-0.1115,0.7636,0.0,1800.0,0.0,6.3002
947.5,2026-05-06T04:14:58.930543+00:00,77.9796,-0.0174,96.4089,-0.0857,0.7636,0.0,1800.0,0.0,6.3001
948.0,2026-05-06T04:14:59.424327+00:00,78.0306,0.0503,96.5457,-0.0273,0.7636,0.0,1800.0,0.0,6.3
948.5,2026-05-06T04:14:59.924421+00:00,78.0698,0.0386,96.5351,-0.021,0.7636,0.0,1800.0,0.0,6.3
949.0,2026-05-06T04:15:00.424358+00:00,78.0999,0.0933,96.4113,-0.0933,0.7636,0.0,1800.0,0.0,6.3
949.5,2026-05-06T04:15:00.924345+00:00,77.9958,0.0081,96.4318,-0.0717,0.7636,0.0,1800.0,0.0,6.3
950.0,2026-05-06T04:15:01.430030+00:00,77.9158,-0.0574,96.1931,-0.0628,0.7636,0.0,1800.0,0.0,6.3
950.5,2026-05-06T04:15:01.924361+00:00,77.9816,-0.0441,95.8938,-0.1717,0.7636,0.0,1800.0,0.0,6.3
951.000087,2026-05-06T04:15:02.424442+00:00,78.0321,-0.0339,95.687,-0.2862,0.7636,0.0,1800.0,0.0,6.3
951.5,2026-05-06T04:15:02.924327+00:00,78.071,0.0376,95.7363,-0.2663,0.7636,0.0,1800.0,0.0,6.3
952.0,2026-05-06T04:15:03.424329+00:00,78.1008,0.0925,95.7973,-0.2047,0.7636,0.0,1800.0,0.0,6.3
952.5,2026-05-06T04:15:03.930979+00:00,77.9965,0.0075,95.9599,-0.1573,0.7636,0.0,1800.0,0.0,6.3
953.0,2026-05-06T04:15:04.424340+00:00,78.0436,0.0057,95.9692,-0.0746,0.7636,0.0,1800.0,0.0,6.3
953.5,2026-05-06T04:15:04.924323+00:00,77.9525,-0.0592,96.092,0.0661,0.7636,0.0,1800.0,0.0,6.3
954.0,2026-05-06T04:15:05.424326+00:00,78.0098,-0.0455,96.0707,0.1279,0.7636,0.0,1800.0,0.0,6.3
954.5,2026-05-06T04:15:05.924408+00:00,78.0538,0.0286,96.2858,0.1832,0.7636,0.0,1800.0,0.0,6.3
955.0,2026-05-06T04:15:06.429972+00:00,77.9604,-0.0416,96.3353,0.1793,0.7636,0.0,1800.0,0.0,6.3
955.5,2026-05-06T04:15:06.924332+00:00,77.8885,-0.032,96.2577,0.0993,0.7636,0.0,1800.0,0.0,6.3
956.0,2026-05-06T04:15:07.424353+00:00,77.8333,-0.0882,96.1981,0.0763,0.7636,0.0,1800.0,0.0,6.3
956.5,2026-05-06T04:15:07.924340+00:00,77.9182,-0.0678,96.3837,0.0972,0.7636,0.0,1800.0,0.0,6.3
957.0,2026-05-06T04:15:08.424353+00:00,77.8561,-0.0521,96.2949,0.0747,0.7636,0.0,1800.0,0.0,6.3
957.5,2026-05-06T04:15:08.930209+00:00,77.8084,-0.0401,96.458,0.0574,0.7636,0.0,1800.0,0.0,6.3
958.0,2026-05-06T04:15:09.424397+00:00,77.899,0.0328,96.5835,0.0827,0.7636,0.0,1800.0,0.0,6.3
958.5,2026-05-06T04:15:09.924310+00:00,77.9687,0.0252,96.4484,0.0636,0.7636,0.0,1800.0,0.0,6.3
959.0,2026-05-06T04:15:10.425294+00:00,77.8949,0.0194,96.4604,0.0874,0.7636,0.0,1800.0,0.0,6.3
959.5,2026-05-06T04:15:10.924328+00:00,77.9655,0.0785,96.4695,0.0286,0.7636,0.0,1800.0,0.0,6.3
960.0,2026-05-06T04:15:11.431387+00:00,78.0198,0.0604,96.5923,0.0991,0.7636,0.0,1800.0,0.0,6.3
960.5,2026-05-06T04:15:11.924570+00:00,78.1888,0.11,96.6866,0.0762,0.7636,0.0,1800.0,0.0,6.3
961.0,2026-05-06T04:15:12.424333+00:00,78.0641,0.0846,96.5277,-0.0186,0.7636,0.0,1800.0,0.0,6.3
961.5,2026-05-06T04:15:12.924892+00:00,77.9683,0.0014,96.637,0.0629,0.7636,0.0,1800.0,0.0,6.3
962.0,2026-05-06T04:15:13.424383+00:00,78.0219,0.0011,96.6053,0.0483,0.7636,0.0,1800.0,0.0,6.3
962.5,2026-05-06T04:15:13.930035+00:00,78.0631,-0.0628,96.5809,0.0371,0.7636,0.0,1800.0,0.0,6.3
963.0,2026-05-06T04:15:14.425875+00:00,77.9675,-0.0483,96.5622,-0.01,0.7636,0.0,1800.0,0.0,6.3
963.5,2026-05-06T04:15:14.924355+00:00,77.7668,-0.1007,96.5478,-0.0463,0.7636,0.0,1800.0,0.0,6.3
964.0,2026-05-06T04:15:15.424326+00:00,77.7397,-0.1411,96.6525,0.0416,0.7636,0.0,1800.0,0.0,6.3
964.5,2026-05-06T04:15:15.924388+00:00,77.8463,-0.1084,96.5015,-0.0452,0.7636,0.0,1800.0,0.0,6.3
965.0,2026-05-06T04:15:16.431284+00:00,77.8008,-0.0833,96.3854,-0.0733,0.7636,0.0,1800.0,0.0,6.3
965.5,2026-05-06T04:15:16.924400+00:00,77.8932,0.0632,96.5276,-0.0178,0.7636,0.0,1800.0,0.0,6.3
966.0,2026-05-06T04:15:17.424378+00:00,77.9642,0.1122,96.5212,-0.0137,0.7636,0.0,1800.0,0.0,6.3
966.5,2026-05-06T04:15:17.924334+00:00,78.0188,0.0863,96.632,0.0281,0.7636,0.0,1800.0,0.0,6.3
967.0,2026-05-06T04:15:18.424347+00:00,78.0607,0.1299,96.7172,0.0216,0.7636,0.0,1800.0,0.0,6.3
967.5,2026-05-06T04:15:18.929118+00:00,78.0929,0.0999,96.8983,0.1323,0.7636,0.0,1800.0,0.0,6.2488
968.0,2026-05-06T04:15:19.424379+00:00,78.245,0.1404,96.9219,0.1788,0.7636,0.0,1800.0,0.0,6.275
968.5,2026-05-06T04:15:19.924360+00:00,78.2346,0.1079,97.0556,0.176,0.7636,0.0,1800.0,0.0,6.2878
969.0,2026-05-06T04:15:20.424405+00:00,78.3538,0.1466,97.0428,0.1738,0.7636,0.0,1800.0,0.0,6.294
969.5,2026-05-06T04:15:20.925272+00:00,78.4455,0.1763,97.0329,0.1336,0.7636,0.0,1800.0,0.0,6.2971
970.0,2026-05-06T04:15:21.430821+00:00,78.2614,0.0082,96.655,-0.0207,0.7636,0.0,1800.0,0.0,6.2986
970.5,2026-05-06T04:15:21.925987+00:00,78.2472,0.0063,96.6191,-0.0931,0.7636,0.0,1800.0,0.0,6.2993
971.0,2026-05-06T04:15:22.425892+00:00,78.109,-0.1224,96.4759,-0.1487,0.7636,0.0,1800.0,0.0,6.2997
971.5,2026-05-06T04:15:22.925878+00:00,78.2573,-0.0941,96.3658,-0.23,0.7636,0.0,1800.0,0.0,6.2998
972.0,2026-05-06T04:15:23.424807+00:00,78.3713,0.055,96.2811,-0.2539,0.7636,0.0,1800.0,0.0,6.2999
972.5,2026-05-06T04:15:23.930700+00:00,78.3317,0.0422,96.4475,-0.1951,0.7636,0.0,1800.0,0.0,6.2488
973.0,2026-05-06T04:15:24.424332+00:00,78.174,0.0325,96.4596,-0.0651,0.7636,0.0,1800.0,0.0,6.275
973.5,2026-05-06T04:15:24.926261+00:00,78.18,-0.0387,96.4458,-0.0578,0.7636,0.0,1800.0,0.0,6.2878
974.0,2026-05-06T04:15:25.424416+00:00,78.0573,-0.157,96.5741,0.0327,0.7636,0.0,1800.0,0.0,6.294
974.5,2026-05-06T04:15:25.924883+00:00,77.8358,-0.2479,96.6726,0.1023,0.7636,0.0,1800.0,0.0,6.2971
975.0,2026-05-06T04:15:26.433946+00:00,77.7928,-0.1906,96.517,0.0786,0.7636,0.0,1800.0,0.0,6.2986
975.5,2026-05-06T04:15:26.924919+00:00,77.7598,-0.2101,96.5131,0.0219,0.7636,0.0,1800.0,0.0,6.2993
976.0,2026-05-06T04:15:27.424428+00:00,77.6071,-0.2251,96.51,0.0168,0.7636,0.0,1800.0,0.0,6.2997
976.5,2026-05-06T04:15:27.924351+00:00,77.617,-0.1094,96.392,-0.0179,0.7636,0.0,1800.0,0.0,6.2998
977.0,2026-05-06T04:15:28.424329+00:00,77.6247,-0.0841,96.5327,-0.0138,0.7636,0.0,1800.0,0.0,6.2999
977.5,2026-05-06T04:15:29.032848+00:00,77.6305,-0.0646,96.6408,-0.0106,0.7636,0.0,1800.0,0.0,6.2488
978.0,2026-05-06T04:15:29.424357+00:00,77.635,0.014,96.6082,0.0304,0.7636,0.0,1800.0,0.0,6.275
978.5,2026-05-06T04:15:29.924329+00:00,77.893,0.138,96.5832,0.0234,0.7636,0.0,1800.0,0.0,6.2878
979.0,2026-05-06T04:15:30.424330+00:00,77.9641,0.1697,96.5639,0.018,0.7636,0.0,1800.0,0.0,6.294
979.5,2026-05-06T04:15:30.924322+00:00,78.1459,0.2577,96.5491,0.0524,0.7636,0.0,1800.0,0.0,6.2971
980.0,2026-05-06T04:15:31.430944+00:00,78.0312,0.1981,96.5378,0.0017,0.7636,0.0,1800.0,0.0,6.2986
980.5,2026-05-06T04:15:31.924350+00:00,78.1975,0.1522,96.4133,-0.0758,0.7636,0.0,1800.0,0.0,6.2993
981.0,2026-05-06T04:15:32.424359+00:00,78.0708,0.0534,96.5491,-0.0197,0.7636,0.0,1800.0,0.0,6.2997
981.5,2026-05-06T04:15:32.924336+00:00,77.8462,-0.1499,96.7691,0.062,0.7636,0.0,1800.0,0.0,6.2998
982.0,2026-05-06T04:15:33.424368+00:00,77.8008,-0.1152,96.8226,0.0862,0.7636,0.0,1800.0,0.0,6.2999
982.5,2026-05-06T04:15:33.930263+00:00,77.7659,-0.2158,96.8636,0.1048,0.7636,0.0,1800.0,0.0,6.3
983.0,2026-05-06T04:15:34.424469+00:00,77.7391,-0.1659,96.5481,0.0034,0.7636,0.0,1800.0,0.0,6.3
983.5,2026-05-06T04:15:34.924439+00:00,77.7185,-0.0639,96.5369,0.0412,0.7636,0.0,1800.0,0.0,6.3
984.0,2026-05-06T04:15:35.424929+00:00,77.9572,0.0782,96.6441,0.0317,0.7636,0.0,1800.0,0.0,6.3
984.5,2026-05-06T04:15:35.924330+00:00,78.0134,0.1237,96.7265,-0.0142,0.7636,0.0,1800.0,0.0,6.3
985.0,2026-05-06T04:15:36.431051+00:00,78.1838,0.2224,96.5584,-0.0881,0.7636,0.0,1800.0,0.0,6.3
985.5,2026-05-06T04:15:36.924371+00:00,78.1876,0.2345,96.3135,-0.1834,0.7636,0.0,1800.0,0.0,6.3
986.0,2026-05-06T04:15:37.424353+00:00,78.1904,0.1166,96.4723,-0.0253,0.7636,0.0,1800.0,0.0,6.3
986.5,2026-05-06T04:15:37.924690+00:00,78.3199,0.1533,96.4787,-0.0194,0.7636,0.0,1800.0,0.0,6.3
987.0,2026-05-06T04:15:38.424389+00:00,78.0376,-0.0731,96.3679,-0.0921,0.7636,0.0,1800.0,0.0,6.3
987.5,2026-05-06T04:15:38.929771+00:00,77.9479,-0.1198,96.2828,-0.1479,0.7636,0.0,1800.0,0.0,6.3
988.0,2026-05-06T04:15:39.424360+00:00,77.879,-0.1557,96.4488,-0.0365,0.7636,0.0,1800.0,0.0,6.3
988.5,2026-05-06T04:15:39.924972+00:00,77.9533,-0.1833,96.5763,0.0876,0.7636,0.0,1800.0,0.0,6.3
989.0,2026-05-06T04:15:40.424381+00:00,78.0104,-0.0136,96.443,-0.0098,0.7636,0.0,1800.0,0.0,6.3
989.5,2026-05-06T04:15:40.925029+00:00,77.7997,-0.0741,96.3405,-0.0461,0.7636,0.0,1800.0,0.0,6.3
990.0,2026-05-06T04:15:41.431869+00:00,77.8923,0.0067,96.146,-0.074,0.7636,0.0,1800.0,0.0,6.3
990.5,2026-05-06T04:15:41.924439+00:00,77.9635,0.0051,96.3436,0.0203,0.7636,0.0,1800.0,0.0,6.3
991.0,2026-05-06T04:15:42.424341+00:00,77.6364,-0.187,96.4955,0.0156,0.7636,0.0,1800.0,0.0,6.3
991.5,2026-05-06T04:15:42.924359+00:00,77.8941,0.0472,96.6122,0.012,0.7636,0.0,1800.0,0.0,6.3
992.0,2026-05-06T04:15:43.424338+00:00,77.9649,0.0363,96.702,0.0863,0.7636,0.0,1800.0,0.0,6.3
992.5,2026-05-06T04:15:43.928891+00:00,78.0193,0.0279,96.4238,0.0278,0.7636,0.0,1800.0,0.0,6.2488
993.0,2026-05-06T04:15:44.424355+00:00,78.0611,0.2123,96.4415,0.0985,0.7636,0.0,1800.0,0.0,6.275
993.5,2026-05-06T04:15:44.924342+00:00,78.0933,0.0996,96.455,0.0371,0.7636,0.0,1800.0,0.0,6.2878
994.0,2026-05-06T04:15:45.424335+00:00,78.118,0.0765,96.4654,-0.01,0.7636,0.0,1800.0,0.0,6.294
994.5,2026-05-06T04:15:45.924330+00:00,78.2642,0.1225,96.5891,-0.0077,0.7636,0.0,1800.0,0.0,6.2971
995.0,2026-05-06T04:15:46.430097+00:00,77.9948,-0.0332,96.4528,-0.0831,0.7636,0.0,1800.0,0.0,6.2986
995.5,2026-05-06T04:15:46.924364+00:00,78.0423,-0.0255,96.4637,0.0133,0.7636,0.0,1800.0,0.0,6.2993
996.0,2026-05-06T04:15:47.424469+00:00,78.0788,-0.0196,96.3564,-0.0283,0.7636,0.0,1800.0,0.0,6.2997
996.5,2026-05-06T04:15:47.924345+00:00,78.2341,-0.0151,96.3896,-0.0218,0.7636,0.0,1800.0,0.0,6.2998
997.0,2026-05-06T04:15:48.424432+00:00,77.9717,-0.0116,96.5309,0.0218,0.7636,0.0,1800.0,0.0,6.2999
997.5,2026-05-06T04:15:48.930376+00:00,77.8972,-0.0725,96.408,-0.0604,0.7636,0.0,1800.0,0.0,6.3
998.0,2026-05-06T04:15:49.424333+00:00,77.9673,-0.0557,96.545,0.0307,0.7636,0.0,1800.0,0.0,6.3
998.5,2026-05-06T04:15:49.924328+00:00,78.0211,-0.1065,96.5346,0.0236,0.7636,0.0,1800.0,0.0,6.3512
999.0,2026-05-06T04:15:50.426059+00:00,78.1898,0.1091,96.4109,0.0182,0.7636,0.0,1800.0,0.0,6.3762
999.5,2026-05-06T04:15:50.924331+00:00,78.3194,0.2111,96.4315,0.014,0.7636,0.0,1800.0,0.0,6.3884
1000.0,2026-05-06T04:15:51.429277+00:00,78.2918,0.1622,96.4474,-0.0278,0.7636,0.0,1800.0,0.0,6.3943
1000.5,2026-05-06T04:15:51.925395+00:00,78.2706,0.1247,96.4595,0.0172,0.7636,0.0,1800.0,0.0,6.346
1001.0,2026-05-06T04:15:52.425017+00:00,77.9997,-0.0951,96.4689,-0.0254,0.7636,0.0,1800.0,0.0,6.3225
1001.5,2026-05-06T04:15:52.924662+00:00,77.9188,-0.2003,96.4761,-0.0195,0.7636,0.0,1800.0,0.0,6.311
1002.0,2026-05-06T04:15:53.424775+00:00,77.9838,-0.154,96.3428,-0.0227,0.7636,0.0,1800.0,0.0,6.3053
1002.5,2026-05-06T04:15:53.930027+00:00,78.0339,-0.1183,96.3792,-0.0174,0.7636,0.0,1800.0,0.0,6.3026
1003.0,2026-05-06T04:15:54.424368+00:00,77.945,-0.0273,96.2914,-0.052,0.7636,0.0,1800.0,0.0,6.3525
1003.5,2026-05-06T04:15:54.925012+00:00,78.004,0.0426,96.3397,-0.0399,0.7636,0.0,1800.0,0.0,6.3256
1004.0,2026-05-06T04:15:55.426837+00:00,78.0494,0.0328,96.2379,-0.077,0.7636,0.0,1800.0,0.0,6.3125
1004.5,2026-05-06T04:15:55.924354+00:00,78.0842,0.0252,96.2986,-0.0592,0.7636,0.0,1800.0,0.0,6.3061
1005.0,2026-05-06T04:15:56.430304+00:00,78.111,0.083,96.2295,-0.0378,0.7636,0.0,1800.0,0.0,6.303
1005.504373,2026-05-06T04:15:56.928756+00:00,78.0043,0.0002,96.1764,-0.0676,0.7636,0.0,1800.0,0.0,6.3015
1006.0,2026-05-06T04:15:57.424385+00:00,78.0496,0.0001,96.1124,-0.0597,0.7636,0.0,1800.0,0.0,6.3007
1006.5,2026-05-06T04:15:57.924351+00:00,78.0844,0.0001,96.0864,-0.0844,0.7636,0.0,1800.0,0.0,6.3003
1007.0,2026-05-06T04:15:58.424338+00:00,77.9839,-0.0636,96.1821,-0.0186,0.7636,0.0,1800.0,0.0,6.3002
1007.5,2026-05-06T04:15:58.930986+00:00,78.1612,0.0784,96.3714,0.0243,0.7636,0.0,1800.0,0.0,6.3001
1008.0,2026-05-06T04:15:59.424343+00:00,78.2974,0.1239,96.2854,0.0186,0.7636,0.0,1800.0,0.0,6.3512
1008.5,2026-05-06T04:15:59.924351+00:00,78.2749,0.0952,96.3351,0.0529,0.7636,0.0,1800.0,0.0,6.325
1009.0,2026-05-06T04:16:00.424343+00:00,78.2576,0.1368,96.4889,0.1255,0.7636,0.0,1800.0,0.0,6.3122
1009.5,2026-05-06T04:16:00.925090+00:00,78.3715,0.1052,96.3758,0.0965,0.7636,0.0,1800.0,0.0,6.306
1010.0,2026-05-06T04:16:01.431321+00:00,78.2045,-0.0464,96.5202,0.1127,0.7636,0.0,1800.0,0.0,6.3029
1010.5,2026-05-06T04:16:01.924320+00:00,78.0762,-0.0993,96.5156,0.0481,0.7636,0.0,1800.0,0.0,6.3014
1011.0,2026-05-06T04:16:02.424372+00:00,77.9776,-0.14,96.7434,0.1526,0.7636,0.0,1800.0,0.0,6.3007
1011.5,2026-05-06T04:16:02.924339+00:00,78.0291,-0.1712,96.687,0.1173,0.7636,0.0,1800.0,0.0,6.3003
1012.0,2026-05-06T04:16:03.424346+00:00,78.0686,-0.068,96.5049,0.0053,0.7636,0.0,1800.0,0.0,6.3002
1012.5,2026-05-06T04:16:03.930571+00:00,78.099,0.0114,96.6195,0.0812,0.7636,0.0,1800.0,0.0,6.3001
1013.0,2026-05-06T04:16:04.426191+00:00,78.2497,0.136,96.4761,-0.0147,0.7636,0.0,1800.0,0.0,6.3
1013.5,2026-05-06T04:16:04.924871+00:00,78.1109,0.0409,96.4817,-0.0113,0.7636,0.0,1800.0,0.0,6.3
1014.0,2026-05-06T04:16:05.424343+00:00,78.1315,0.0314,96.3702,-0.1244,0.7636,0.0,1800.0,0.0,6.3
1014.5,2026-05-06T04:16:05.925050+00:00,78.0201,-0.0395,96.3771,-0.1033,0.7636,0.0,1800.0,0.0,6.3
1015.0,2026-05-06T04:16:06.430747+00:00,78.0617,-0.094,96.4055,-0.0331,0.7636,0.0,1800.0,0.0,6.3
1015.5,2026-05-06T04:16:06.924472+00:00,78.0937,-0.0086,96.4274,-0.064,0.7636,0.0,1800.0,0.0,6.3
1016.0,2026-05-06T04:16:07.424353+00:00,77.991,-0.0702,96.4211,-0.0184,0.7636,0.0,1800.0,0.0,6.3
1016.5,2026-05-06T04:16:07.924330+00:00,77.9121,-0.054,96.3236,-0.0527,0.7636,0.0,1800.0,0.0,6.3
1017.0,2026-05-06T04:16:08.424964+00:00,78.106,0.0221,96.4801,0.0366,0.7636,0.0,1800.0,0.0,6.3
1017.5,2026-05-06T04:16:08.937016+00:00,78.0005,-0.0466,96.7161,0.113,0.7636,0.0,1800.0,0.0,6.3
1018.0,2026-05-06T04:16:09.424462+00:00,78.0467,0.0278,96.7818,0.1254,0.7636,0.0,1800.0,0.0,6.3
1018.5,2026-05-06T04:16:09.924374+00:00,78.0821,0.085,96.8323,0.135,0.7636,0.0,1800.0,0.0,6.3
1019.0,2026-05-06T04:16:10.424330+00:00,78.2367,0.0653,96.8711,0.15,0.7636,0.0,1800.0,0.0,6.3
1019.5,2026-05-06T04:16:10.924377+00:00,78.2282,0.1139,96.9009,0.1924,0.7636,0.0,1800.0,0.0,6.3
1020.0,2026-05-06T04:16:11.430503+00:00,78.2217,0.0875,96.9239,0.1479,0.7636,0.0,1800.0,0.0,6.3
1020.5,2026-05-06T04:16:11.924328+00:00,78.2167,0.0673,96.9415,0.0751,0.7636,0.0,1800.0,0.0,6.3
1021.0,2026-05-06T04:16:12.424333+00:00,78.3401,0.0517,96.955,0.0577,0.7636,0.0,1800.0,0.0,6.3
1021.5,2026-05-06T04:16:12.924322+00:00,78.3077,0.0397,97.0811,0.0829,0.7636,0.0,1800.0,0.0,6.3
1022.0,2026-05-06T04:16:13.424318+00:00,78.2827,0.0305,97.0624,0.0637,0.7636,0.0,1800.0,0.0,6.3
1022.5,2026-05-06T04:16:13.932426+00:00,78.2636,0.0235,97.0479,0.049,0.7636,0.0,1800.0,0.0,6.3
1023.0,2026-05-06T04:16:14.424695+00:00,78.2489,-0.0456,97.0368,0.0377,0.7636,0.0,1800.0,0.0,6.3
1023.5,2026-05-06T04:16:14.924804+00:00,78.3648,0.0286,96.9126,-0.0096,0.7636,0.0,1800.0,0.0,6.3
1024.0,2026-05-06T04:16:15.425415+00:00,78.454,0.0856,97.0485,0.0312,0.7636,0.0,1800.0,0.0,6.3
1024.5,2026-05-06T04:16:15.924344+00:00,78.1407,-0.0615,97.153,0.024,0.7636,0.0,1800.0,0.0,6.3
1025.0,2026-05-06T04:16:16.434125+00:00,78.1544,-0.0472,97.2333,0.057,0.7636,0.0,1800.0,0.0,6.3
1025.5,2026-05-06T04:16:16.924446+00:00,78.0377,-0.1636,97.1793,0.0438,0.7636,0.0,1800.0,0.0,6.3
1026.0,2026-05-06T04:16:17.424353+00:00,77.948,-0.253,97.0221,-0.0049,0.7636,0.0,1800.0,0.0,6.3
1026.5,2026-05-06T04:16:17.924322+00:00,78.1336,-0.0036,97.1327,0.0734,0.7636,0.0,1800.0,0.0,6.3
1027.0,2026-05-06T04:16:18.424354+00:00,78.0217,-0.0664,97.102,0.0178,0.7636,0.0,1800.0,0.0,6.3
1027.5,2026-05-06T04:16:18.928739+00:00,78.0629,0.0126,96.9627,-0.0634,0.7636,0.0,1800.0,0.0,6.2488
1028.0,2026-05-06T04:16:19.424344+00:00,78.0946,0.0733,96.8556,-0.1259,0.7636,0.0,1800.0,0.0,6.275
1028.5,2026-05-06T04:16:19.924417+00:00,78.119,-0.0073,96.889,-0.0968,0.7636,0.0,1800.0,0.0,6.2878
1029.0,2026-05-06T04:16:20.424324+00:00,78.1378,0.0581,96.9147,-0.0358,0.7636,0.0,1800.0,0.0,6.294
1029.5,2026-05-06T04:16:20.924330+00:00,78.0249,-0.019,96.9344,-0.0661,0.7636,0.0,1800.0,0.0,6.2971
1030.0,2026-05-06T04:16:21.430939+00:00,78.1927,0.049,96.8339,-0.0894,0.7636,0.0,1800.0,0.0,6.2986
1030.5,2026-05-06T04:16:21.925108+00:00,78.1944,0.0377,96.988,0.0085,0.7636,0.0,1800.0,0.0,6.2993
1031.0,2026-05-06T04:16:22.424806+00:00,78.3229,0.0926,96.8751,0.0065,0.7636,0.0,1800.0,0.0,6.2997
1031.5,2026-05-06T04:16:22.924362+00:00,78.4218,0.1984,97.0197,0.0436,0.7636,0.0,1800.0,0.0,6.2998
1032.00055,2026-05-06T04:16:23.425215+00:00,78.3705,0.0889,96.9226,0.0026,0.7636,0.0,1800.0,0.0,6.2999
1032.5,2026-05-06T04:16:23.929978+00:00,78.4583,0.132,97.0562,0.0406,0.7636,0.0,1800.0,0.0,6.3
1033.0,2026-05-06T04:16:24.424359+00:00,78.3985,0.0378,97.0432,0.0698,0.7636,0.0,1800.0,0.0,6.3
1033.5,2026-05-06T04:16:24.924357+00:00,78.4798,0.029,97.0332,0.0151,0.7636,0.0,1800.0,0.0,6.3
1034.0,2026-05-06T04:16:25.424315+00:00,78.1606,-0.105,96.9098,0.0116,0.7636,0.0,1800.0,0.0,6.3
1034.5,2026-05-06T04:16:25.924312+00:00,78.1697,-0.1443,96.9307,-0.0297,0.7636,0.0,1800.0,0.0,6.3
1035.0,2026-05-06T04:16:26.429462+00:00,78.304,-0.0473,96.9467,0.008,0.7636,0.0,1800.0,0.0,6.3
1035.5,2026-05-06T04:16:26.924425+00:00,78.1526,-0.1636,96.9591,-0.0324,0.7636,0.0,1800.0,0.0,6.3
1036.0,2026-05-06T04:16:27.424331+00:00,78.2909,0.0652,96.9685,-0.0249,0.7636,0.0,1800.0,0.0,6.3
1036.5,2026-05-06T04:16:27.924337+00:00,78.2698,0.0501,96.9758,-0.0191,0.7636,0.0,1800.0,0.0,6.3
1037.0,2026-05-06T04:16:28.424694+00:00,78.2537,-0.0251,97.0971,0.0624,0.7636,0.0,1800.0,0.0,6.3
1037.5,2026-05-06T04:16:28.932060+00:00,78.2413,0.0443,97.1903,0.0866,0.7636,0.0,1800.0,0.0,6.2488
1038.0,2026-05-06T04:16:29.425966+00:00,78.1044,-0.0932,97.0306,0.028,0.7636,0.0,1800.0,0.0,6.275
1038.5,2026-05-06T04:16:29.924866+00:00,77.872,-0.1989,97.0235,0.0215,0.7636,0.0,1800.0,0.0,6.2878
1039.0,2026-05-06T04:16:30.427071+00:00,77.9479,-0.1529,97.0181,0.0165,0.7636,0.0,1800.0,0.0,6.294
1039.5,2026-05-06T04:16:30.924402+00:00,78.0062,-0.1175,96.8982,-0.0259,0.7636,0.0,1800.0,0.0,6.2971
1040.0,2026-05-06T04:16:31.430194+00:00,78.0511,-0.0267,96.806,-0.097,0.7636,0.0,1800.0,0.0,6.2986
1040.5,2026-05-06T04:16:31.924348+00:00,78.0855,0.1068,96.7352,-0.1517,0.7636,0.0,1800.0,0.0,6.2993
1041.0,2026-05-06T04:16:32.424330+00:00,78.112,0.0821,96.7965,-0.078,0.7636,0.0,1800.0,0.0,6.2997
1041.5,2026-05-06T04:16:32.924335+00:00,78.2597,0.1267,96.8436,-0.06,0.7636,0.0,1800.0,0.0,6.2998
1042.0,2026-05-06T04:16:33.424310+00:00,78.3731,0.161,96.8798,-0.0461,0.7636,0.0,1800.0,0.0,6.2999
1042.5,2026-05-06T04:16:33.931130+00:00,78.4603,0.1874,96.7919,-0.0354,0.7636,0.0,1800.0,0.0,6.3
1043.0,2026-05-06T04:16:34.424714+00:00,78.4001,0.144,96.8401,0.0113,0.7636,0.0,1800.0,0.0,6.3
1043.5,2026-05-06T04:16:34.924303+00:00,78.4811,0.1107,96.7845,0.0164,0.7636,0.0,1800.0,0.0,6.3
1044.0,2026-05-06T04:16:35.425144+00:00,78.5433,0.0851,96.9501,0.0512,0.7636,0.0,1800.0,0.0,6.3
1044.5,2026-05-06T04:16:35.926035+00:00,78.5911,0.0654,96.9616,0.0393,0.7636,0.0,1800.0,0.0,6.3
1045.0,2026-05-06T04:16:36.431349+00:00,78.6279,0.1139,96.7391,-0.0469,0.7636,0.0,1800.0,0.0,6.3
1045.5,2026-05-06T04:16:36.924368+00:00,78.5289,0.0239,96.6838,-0.036,0.7636,0.0,1800.0,0.0,6.3
1046.0,2026-05-06T04:16:37.424343+00:00,78.58,0.0184,96.757,-0.0277,0.7636,0.0,1800.0,0.0,6.3
1046.5,2026-05-06T04:16:37.924644+00:00,78.7466,0.0778,96.8132,0.0096,0.7636,0.0,1800.0,0.0,6.3
1047.0,2026-05-06T04:16:38.424370+00:00,78.7474,0.0598,96.7407,-0.0698,0.7636,0.0,1800.0,0.0,6.3
1047.5,2026-05-06T04:16:38.932732+00:00,78.748,0.1096,96.8007,-0.0536,0.7636,0.0,1800.0,0.0,6.2488
1048.0,2026-05-06T04:16:39.424401+00:00,78.4939,-0.0431,96.7311,-0.0027,0.7636,0.0,1800.0,0.0,6.275
1048.5,2026-05-06T04:16:39.924534+00:00,78.5532,-0.0967,96.6776,-0.002,0.7636,0.0,1800.0,0.0,6.2878
1049.0,2026-05-06T04:16:40.424352+00:00,78.4715,-0.138,96.7522,-0.0016,0.7636,0.0,1800.0,0.0,6.294
1049.5,2026-05-06T04:16:40.924332+00:00,78.5359,-0.1061,96.8096,-0.0012,0.7636,0.0,1800.0,0.0,6.2971
1050.0,2026-05-06T04:16:41.430022+00:00,78.3309,-0.0815,96.8536,0.0376,0.7636,0.0,1800.0,0.0,6.2986
1050.5,2026-05-06T04:16:41.924333+00:00,78.5552,0.001,97.0032,0.0675,0.7636,0.0,1800.0,0.0,6.2993
1051.0,2026-05-06T04:16:42.424345+00:00,78.3457,-0.0629,97.0025,0.0904,0.7636,0.0,1800.0,0.0,6.2997
1051.5,2026-05-06T04:16:42.924340+00:00,78.1847,-0.1756,97.0019,0.1081,0.7636,0.0,1800.0,0.0,6.2998
1052.0,2026-05-06T04:16:43.424390+00:00,78.4428,0.0559,97.0015,0.0831,0.7636,0.0,1800.0,0.0,6.2999
1052.5,2026-05-06T04:16:43.929999+00:00,78.3866,-0.0843,97.0011,0.0638,0.7636,0.0,1800.0,0.0,6.2488
1053.0,2026-05-06T04:16:44.424327+00:00,78.598,0.1261,97.0009,0.0491,0.7636,0.0,1800.0,0.0,6.275
1053.5,2026-05-06T04:16:44.925911+00:00,78.5059,0.1606,96.885,-0.0394,0.7636,0.0,1800.0,0.0,6.2878
1054.0,2026-05-06T04:16:45.424342+00:00,78.5624,0.0598,96.7959,-0.0689,0.7636,0.0,1800.0,0.0,6.294
1054.5,2026-05-06T04:16:45.924365+00:00,78.3512,-0.0177,96.8431,-0.0529,0.7636,0.0,1800.0,0.0,6.2971
1055.0,2026-05-06T04:16:46.430863+00:00,78.4435,-0.0772,96.648,-0.1178,0.7636,0.0,1800.0,0.0,6.2986
1055.5,2026-05-06T04:16:46.924334+00:00,78.2599,-0.123,96.7295,-0.0906,0.7636,0.0,1800.0,0.0,6.2993
1056.0,2026-05-06T04:16:47.426029+00:00,78.246,-0.1582,96.7921,-0.0696,0.7636,0.0,1800.0,0.0,6.2997
1056.5,2026-05-06T04:16:47.924880+00:00,78.3627,0.0057,96.8402,-0.0149,0.7636,0.0,1800.0,0.0,6.2998
1057.0,2026-05-06T04:16:48.424362+00:00,78.4523,0.0044,96.8772,0.0271,0.7636,0.0,1800.0,0.0,6.2999
1057.5,2026-05-06T04:16:48.931672+00:00,78.3939,0.067,96.7899,-0.0177,0.7636,0.0,1800.0,0.0,6.2488
1058.0,2026-05-06T04:16:49.424374+00:00,78.349,0.0515,96.8385,0.0635,0.7636,0.0,1800.0,0.0,6.275
1058.5,2026-05-06T04:16:49.924344+00:00,78.3145,-0.0241,96.7602,0.0102,0.7636,0.0,1800.0,0.0,6.2878
1059.0,2026-05-06T04:16:50.424345+00:00,78.288,-0.0821,96.8157,0.0079,0.7636,0.0,1800.0,0.0,6.294
1059.5,2026-05-06T04:16:50.924341+00:00,78.3949,0.0005,96.8583,0.006,0.7636,0.0,1800.0,0.0,6.2971
1060.0,2026-05-06T04:16:51.429829+00:00,78.2226,-0.0632,96.8911,0.0046,0.7636,0.0,1800.0,0.0,6.2986
1060.5,2026-05-06T04:16:51.924365+00:00,78.2173,-0.0486,96.9163,0.0421,0.7636,0.0,1800.0,0.0,6.2993
1061.0,2026-05-06T04:16:52.424350+00:00,78.2133,-0.0374,96.7043,-0.0447,0.7636,0.0,1800.0,0.0,6.2997
1061.5,2026-05-06T04:16:52.924463+00:00,78.3375,-0.0287,96.657,-0.0344,0.7636,0.0,1800.0,0.0,6.2998
1062.0,2026-05-06T04:16:53.424339+00:00,78.433,0.1052,96.7364,-0.0264,0.7636,0.0,1800.0,0.0,6.2999
1062.5,2026-05-06T04:16:53.931366+00:00,78.3791,0.0809,96.6817,-0.0589,0.7636,0.0,1800.0,0.0,6.2488
1063.0,2026-05-06T04:16:54.425471+00:00,78.3376,0.0621,96.6396,-0.0838,0.7636,0.0,1800.0,0.0,6.275
1063.5,2026-05-06T04:16:54.924328+00:00,78.433,0.0478,96.6073,-0.103,0.7636,0.0,1800.0,0.0,6.2878
1064.0,2026-05-06T04:16:55.424363+00:00,78.5064,0.0367,96.8139,0.0365,0.7636,0.0,1800.0,0.0,6.294
1064.5,2026-05-06T04:16:55.924316+00:00,78.5628,0.0919,96.7413,0.0281,0.7636,0.0,1800.0,0.0,6.2971
1065.0,2026-05-06T04:16:56.430242+00:00,78.4788,0.0706,96.8011,0.0216,0.7636,0.0,1800.0,0.0,6.2986
1065.5,2026-05-06T04:16:56.925838+00:00,78.4143,-0.0094,96.8471,0.0552,0.7636,0.0,1800.0,0.0,6.2993
1066.0,2026-05-06T04:16:57.425262+00:00,78.492,-0.0072,96.7668,0.0424,0.7636,0.0,1800.0,0.0,6.2997
1066.5,2026-05-06T04:16:57.925011+00:00,78.679,0.0581,96.8208,0.0712,0.7636,0.0,1800.0,0.0,6.2998
1067.0,2026-05-06T04:16:58.424410+00:00,78.4409,-0.019,96.8622,0.0161,0.7636,0.0,1800.0,0.0,6.2999
1067.5,2026-05-06T04:16:58.931308+00:00,78.5124,0.049,96.6627,-0.0262,0.7636,0.0,1800.0,0.0,6.2488
1068.0,2026-05-06T04:16:59.424325+00:00,78.1856,-0.1532,96.7408,-0.0201,0.7636,0.0,1800.0,0.0,6.275
1068.5,2026-05-06T04:16:59.924317+00:00,78.0616,-0.3087,96.8008,-0.0155,0.7636,0.0,1800.0,0.0,6.2878
1069.0,2026-05-06T04:17:00.424324+00:00,78.2209,-0.11,96.8469,0.0267,0.7636,0.0,1800.0,0.0,6.294
1069.5,2026-05-06T04:17:00.925173+00:00,78.2161,-0.1482,96.998,0.0591,0.7636,0.0,1800.0,0.0,6.2971
1070.0,2026-05-06T04:17:01.429088+00:00,78.4669,0.1407,96.9985,0.0454,0.7636,0.0,1800.0,0.0,6.2986
1070.5,2026-05-06T04:17:01.924423+00:00,78.5324,0.2354,97.1145,0.1506,0.7636,0.0,1800.0,0.0,6.3505
1071.0,2026-05-06T04:17:02.424333+00:00,78.4555,0.1173,97.088,0.1157,0.7636,0.0,1800.0,0.0,6.3758
1071.5,2026-05-06T04:17:02.925885+00:00,78.3964,0.0901,97.0677,0.089,0.7636,0.0,1800.0,0.0,6.3882
1072.0,2026-05-06T04:17:03.424465+00:00,78.6055,0.0693,97.052,0.0684,0.7636,0.0,1800.0,0.0,6.3942
1072.5,2026-05-06T04:17:03.930343+00:00,78.6389,0.0533,97.1557,0.0526,0.7636,0.0,1800.0,0.0,6.346
1073.0,2026-05-06T04:17:04.425948+00:00,78.5373,0.0409,97.0039,0.0018,0.7636,0.0,1800.0,0.0,6.3224
1073.5,2026-05-06T04:17:04.924577+00:00,78.5866,0.0951,96.5402,-0.1914,0.7636,0.0,1800.0,0.0,6.311
1074.0,2026-05-06T04:17:05.424359+00:00,78.2426,-0.1815,96.6466,-0.1471,0.7636,0.0,1800.0,0.0,6.3053
1074.5,2026-05-06T04:17:05.924991+00:00,78.36,-0.1395,96.6127,-0.1517,0.7636,0.0,1800.0,0.0,6.3026
1075.0,2026-05-06T04:17:06.432943+00:00,78.323,-0.1072,96.7023,-0.1166,0.7636,0.0,1800.0,0.0,6.3013
1075.5,2026-05-06T04:17:06.924389+00:00,78.1672,-0.2097,96.5629,-0.1976,0.7636,0.0,1800.0,0.0,6.3006
1076.0,2026-05-06T04:17:07.424342+00:00,78.1748,-0.0339,96.4327,-0.1904,0.7636,0.0,1800.0,0.0,6.3003
1076.5,2026-05-06T04:17:07.924388+00:00,78.3079,-0.026,96.3326,-0.0692,0.7636,0.0,1800.0,0.0,6.3001
1077.0,2026-05-06T04:17:08.424437+00:00,78.1557,-0.0836,96.2556,-0.1303,0.7636,0.0,1800.0,0.0,6.3001
1077.5,2026-05-06T04:17:08.929818+00:00,78.1659,-0.0007,96.4279,-0.0616,0.7636,0.0,1800.0,0.0,6.2488
1078.0,2026-05-06T04:17:09.424335+00:00,78.0465,-0.0641,96.3288,-0.1245,0.7636,0.0,1800.0,0.0,6.3262
1078.5,2026-05-06T04:17:09.924321+00:00,78.0821,-0.1129,96.3685,-0.0648,0.7636,0.0,1800.0,0.0,6.364
1079.0,2026-05-06T04:17:10.424320+00:00,78.2366,0.0405,96.2832,-0.0498,0.7636,0.0,1800.0,0.0,6.3824
1079.5,2026-05-06T04:17:10.926132+00:00,78.3554,0.0947,96.3334,0.0003,0.7636,0.0,1800.0,0.0,6.3914
1080.0,2026-05-06T04:17:11.429977+00:00,78.1922,0.0728,96.2562,0.0002,0.7636,0.0,1800.0,0.0,6.3958
1080.5,2026-05-06T04:17:11.924374+00:00,78.194,0.056,96.0812,-0.1155,0.7636,0.0,1800.0,0.0,6.3468
1081.0,2026-05-06T04:17:12.424359+00:00,78.1954,-0.0206,96.155,-0.058,0.7636,0.0,1800.0,0.0,6.3228
1081.5,2026-05-06T04:17:12.924605+00:00,78.1964,-0.0795,96.2348,-0.0445,0.7636,0.0,1800.0,0.0,6.3111
1082.0,2026-05-06T04:17:13.424383+00:00,78.3245,0.0662,96.273,-0.0034,0.7636,0.0,1800.0,0.0,6.3054
1082.5,2026-05-06T04:17:13.929762+00:00,78.2957,0.0509,96.4413,0.036,0.7636,0.0,1800.0,0.0,6.3027
1083.0,2026-05-06T04:17:14.424667+00:00,78.1463,-0.0245,96.5706,0.1048,0.7636,0.0,1800.0,0.0,6.3013
1083.5,2026-05-06T04:17:14.924376+00:00,78.286,0.0448,96.6699,0.1962,0.7636,0.0,1800.0,0.0,6.3006
1084.0,2026-05-06T04:17:15.424329+00:00,78.2661,-0.0292,96.6306,0.1585,0.7636,0.0,1800.0,0.0,6.3003
1084.5,2026-05-06T04:17:15.924404+00:00,78.3781,0.0412,96.7161,0.1604,0.7636,0.0,1800.0,0.0,6.3002
1085.0,2026-05-06T04:17:16.430936+00:00,78.3369,0.0953,96.6661,0.131,0.7636,0.0,1800.0,0.0,6.3001
1085.5,2026-05-06T04:17:16.925657+00:00,78.3052,0.0096,96.7434,0.1007,0.7636,0.0,1800.0,0.0,6.3
1086.0,2026-05-06T04:17:17.424344+00:00,78.2809,0.0074,96.687,0.0388,0.7636,0.0,1800.0,0.0,6.3
1086.5,2026-05-06T04:17:17.924398+00:00,78.3894,0.0057,96.6438,-0.0087,0.7636,0.0,1800.0,0.0,6.3
1087.0,2026-05-06T04:17:18.424423+00:00,78.2183,-0.0593,96.7262,0.0319,0.7636,0.0,1800.0,0.0,6.3
1087.5,2026-05-06T04:17:18.931492+00:00,78.3413,0.0181,96.6739,-0.0141,0.7636,0.0,1800.0,0.0,6.3
1088.0,2026-05-06T04:17:19.424704+00:00,78.3086,0.0139,96.6336,-0.0108,0.7636,0.0,1800.0,0.0,6.3
1088.5,2026-05-06T04:17:19.924736+00:00,78.2835,-0.053,96.7184,-0.0083,0.7636,0.0,1800.0,0.0,6.3
1089.0,2026-05-06T04:17:20.424376+00:00,78.2642,0.0229,96.5522,-0.045,0.7636,0.0,1800.0,0.0,6.3
1089.5,2026-05-06T04:17:20.924346+00:00,78.3766,0.0176,96.5401,-0.0346,0.7636,0.0,1800.0,0.0,6.3
1090.0,2026-05-06T04:17:21.429434+00:00,78.463,0.0772,96.6465,-0.0266,0.7636,0.0,1800.0,0.0,6.3
1090.5,2026-05-06T04:17:21.924339+00:00,78.4021,0.0593,96.7283,0.0182,0.7636,0.0,1800.0,0.0,6.3
1091.0,2026-05-06T04:17:22.424358+00:00,78.4826,0.1092,96.6755,0.014,0.7636,0.0,1800.0,0.0,6.3
1091.5,2026-05-06T04:17:22.924344+00:00,78.4172,0.0203,96.5192,-0.0664,0.7636,0.0,1800.0,0.0,6.3
1092.0,2026-05-06T04:17:23.424343+00:00,78.367,-0.048,96.6304,0.0261,0.7636,0.0,1800.0,0.0,6.3
1092.5,2026-05-06T04:17:23.929669+00:00,78.4556,0.0267,96.716,0.0586,0.7636,0.0,1800.0,0.0,6.3
1093.0,2026-05-06T04:17:24.424458+00:00,78.5237,0.0205,96.7817,0.0451,0.7636,0.0,1800.0,0.0,6.3
1093.5,2026-05-06T04:17:24.924321+00:00,78.4488,0.0158,96.8322,0.0346,0.7636,0.0,1800.0,0.0,6.3
1094.0,2026-05-06T04:17:25.424332+00:00,78.3912,0.0121,96.871,0.0652,0.7636,0.0,1800.0,0.0,6.3
1094.5,2026-05-06T04:17:25.924328+00:00,78.2197,-0.1179,96.9009,0.1272,0.7636,0.0,1800.0,0.0,6.3
1095.0,2026-05-06T04:17:26.429415+00:00,78.3424,-0.0907,96.9238,0.0978,0.7636,0.0,1800.0,0.0,6.3
1095.5,2026-05-06T04:17:26.924399+00:00,78.564,0.0576,97.0571,0.1137,0.7636,0.0,1800.0,0.0,6.2488
1096.0,2026-05-06T04:17:27.424718+00:00,78.3525,-0.0194,97.0439,0.0874,0.7636,0.0,1800.0,0.0,6.2238
1096.5,2026-05-06T04:17:27.924756+00:00,78.3172,0.0487,97.0338,0.0672,0.7636,0.0,1800.0,0.0,6.2116
1097.0,2026-05-06T04:17:28.425020+00:00,78.4174,0.0375,96.9102,0.0131,0.7636,0.0,1800.0,0.0,6.2057
1097.5,2026-05-06T04:17:28.933992+00:00,78.2398,-0.1621,96.931,0.01,0.7636,0.0,1800.0,0.0,6.2028
1098.0,2026-05-06T04:17:29.424343+00:00,78.4851,0.0663,96.8313,-0.0308,0.7636,0.0,1800.0,0.0,6.2526
1098.5,2026-05-06T04:17:29.924323+00:00,78.5464,0.1146,96.8703,-0.0623,0.7636,0.0,1800.0,0.0,6.2768
1099.0,2026-05-06T04:17:30.424343+00:00,78.339,-0.0392,97.016,-0.0093,0.7636,0.0,1800.0,0.0,6.2887
1099.5,2026-05-06T04:17:30.924361+00:00,78.3068,0.0335,97.128,0.0314,0.7636,0.0,1800.0,0.0,6.2945
1100.0,2026-05-06T04:17:31.429960+00:00,78.4094,-0.0379,97.0984,0.0627,0.7636,0.0,1800.0,0.0,6.2973
1100.5,2026-05-06T04:17:31.924342+00:00,78.4882,-0.0291,97.0756,0.0482,0.7636,0.0,1800.0,0.0,6.2987
1101.0,2026-05-06T04:17:32.424382+00:00,78.5488,0.1049,97.0581,0.0756,0.7636,0.0,1800.0,0.0,6.2994
1101.5,2026-05-06T04:17:32.924339+00:00,78.5953,0.1443,97.0447,0.0581,0.7636,0.0,1800.0,0.0,6.2997
1102.0,2026-05-06T04:17:33.424347+00:00,78.7584,0.1745,97.0343,0.0061,0.7636,0.0,1800.0,0.0,6.2998
1102.5,2026-05-06T04:17:33.931445+00:00,78.8837,0.1978,97.0264,-0.0339,0.7636,0.0,1800.0,0.0,6.2487
1103.0,2026-05-06T04:17:34.424408+00:00,78.8528,0.152,96.9046,-0.0646,0.7636,0.0,1800.0,0.0,6.275
1103.5,2026-05-06T04:17:34.924623+00:00,78.829,0.1168,96.9267,-0.0497,0.7636,0.0,1800.0,0.0,6.2878
1104.0,2026-05-06T04:17:35.424943+00:00,78.6834,-0.0375,96.9436,-0.0382,0.7636,0.0,1800.0,0.0,6.294
1104.5,2026-05-06T04:17:35.924367+00:00,78.5716,-0.1561,96.841,-0.0679,0.7636,0.0,1800.0,0.0,6.2971
1105.0,2026-05-06T04:17:36.430229+00:00,78.3583,-0.2472,96.7621,-0.0908,0.7636,0.0,1800.0,0.0,6.2986
1105.5,2026-05-06T04:17:36.924351+00:00,78.3217,-0.2537,96.8171,-0.0698,0.7636,0.0,1800.0,0.0,6.2993
1106.0,2026-05-06T04:17:37.424354+00:00,78.2935,-0.195,96.8594,-0.015,0.7636,0.0,1800.0,0.0,6.2997
1106.5,2026-05-06T04:17:37.924339+00:00,78.2719,-0.1498,96.892,-0.0116,0.7636,0.0,1800.0,0.0,6.2998
1107.0,2026-05-06T04:17:38.424685+00:00,78.3825,0.0121,96.917,-0.0089,0.7636,0.0,1800.0,0.0,6.2999
1107.5,2026-05-06T04:17:38.928789+00:00,78.4676,0.0729,96.9362,0.0317,0.7636,0.0,1800.0,0.0,6.2488
1108.0,2026-05-06T04:17:39.424346+00:00,78.5329,0.1197,96.8352,0.0244,0.7636,0.0,1800.0,0.0,6.275
1108.5,2026-05-06T04:17:39.925075+00:00,78.5831,0.1556,96.8734,0.0187,0.7636,0.0,1800.0,0.0,6.2878
1109.0,2026-05-06T04:17:40.424341+00:00,78.6218,0.1196,96.787,-0.0242,0.7636,0.0,1800.0,0.0,6.294
1109.5,2026-05-06T04:17:40.924382+00:00,78.5242,0.0283,96.952,0.02,0.7636,0.0,1800.0,0.0,6.2971
1110.0,2026-05-06T04:17:41.429185+00:00,78.5764,0.0218,96.9631,0.0154,0.7636,0.0,1800.0,0.0,6.2986
1110.5,2026-05-06T04:17:41.924336+00:00,78.7439,0.0804,96.9716,0.0118,0.7636,0.0,1800.0,0.0,6.2993
1111.0,2026-05-06T04:17:42.424349+00:00,78.618,-0.0019,96.9782,0.0476,0.7636,0.0,1800.0,0.0,6.2997
1111.5,2026-05-06T04:17:42.924710+00:00,78.7758,0.1258,96.9832,0.0366,0.7636,0.0,1800.0,0.0,6.2998
1112.0,2026-05-06T04:17:43.425918+00:00,78.6426,0.0331,96.8714,0.0281,0.7636,0.0,1800.0,0.0,6.2999
1112.5,2026-05-06T04:17:43.930470+00:00,78.4129,-0.1655,96.9012,-0.0169,0.7636,0.0,1800.0,0.0,6.2488
1113.0,2026-05-06T04:17:44.424360+00:00,78.4909,-0.0636,96.924,-0.013,0.7636,0.0,1800.0,0.0,6.275
1113.5,2026-05-06T04:17:44.925916+00:00,78.4236,-0.1761,96.9416,-0.01,0.7636,0.0,1800.0,0.0,6.2878
1114.0,2026-05-06T04:17:45.424355+00:00,78.2446,-0.199,96.7237,-0.0848,0.7636,0.0,1800.0,0.0,6.294
1114.5,2026-05-06T04:17:45.924384+00:00,78.3615,-0.0257,96.7877,-0.0652,0.7636,0.0,1800.0,0.0,6.2971
1115.0,2026-05-06T04:17:46.429507+00:00,78.5787,0.0439,96.9525,0.027,0.7636,0.0,1800.0,0.0,6.2986
1115.5,2026-05-06T04:17:46.924380+00:00,78.4911,0.0337,96.9635,0.0208,0.7636,0.0,1800.0,0.0,6.2481
1116.0,2026-05-06T04:17:47.424406+00:00,78.4237,0.0896,96.9719,0.016,0.7636,0.0,1800.0,0.0,6.2235
1116.5,2026-05-06T04:17:47.925015+00:00,78.6265,0.1325,96.9784,0.0123,0.7636,0.0,1800.0,0.0,6.2115
1117.0,2026-05-06T04:17:48.424916+00:00,78.6551,0.0382,96.9834,0.0866,0.7636,0.0,1800.0,0.0,6.2056
1117.5,2026-05-06T04:17:48.929729+00:00,78.677,0.093,96.8716,0.028,0.7636,0.0,1800.0,0.0,6.2027
1118.0,2026-05-06T04:17:49.425326+00:00,78.5666,0.0715,96.9013,-0.0171,0.7636,0.0,1800.0,0.0,6.2525
1118.5,2026-05-06T04:17:49.924419+00:00,78.7363,0.0549,97.0398,0.0254,0.7636,0.0,1800.0,0.0,6.2768
1119.0,2026-05-06T04:17:50.426912+00:00,78.7395,0.0422,96.9149,-0.019,0.7636,0.0,1800.0,0.0,6.2887
1119.5,2026-05-06T04:17:50.924358+00:00,78.7419,0.0324,96.9346,-0.0146,0.7636,0.0,1800.0,0.0,6.2945
1120.0,2026-05-06T04:17:51.430759+00:00,78.7438,0.0886,96.9497,-0.0112,0.7636,0.0,1800.0,0.0,6.2973
1120.5,2026-05-06T04:17:51.924371+00:00,78.7452,0.0044,96.4986,-0.1243,0.7636,0.0,1800.0,0.0,6.3499
1121.0,2026-05-06T04:17:52.424337+00:00,78.7463,0.0034,96.6146,-0.0956,0.7636,0.0,1800.0,0.0,6.3755
1121.5,2026-05-06T04:17:52.924800+00:00,78.7472,0.0026,96.7038,-0.112,0.7636,0.0,1800.0,0.0,6.3881
1122.0,2026-05-06T04:17:53.424324+00:00,78.4933,-0.1253,96.888,-0.009,0.7636,0.0,1800.0,0.0,6.3942
1122.5,2026-05-06T04:17:53.931131+00:00,78.5527,-0.0963,96.9139,-0.0069,0.7636,0.0,1800.0,0.0,6.346
1123.0,2026-05-06T04:17:54.424338+00:00,78.4711,-0.1376,96.795,-0.0516,0.7636,0.0,1800.0,0.0,6.3736
1123.5,2026-05-06T04:17:54.924580+00:00,78.6629,-0.0421,96.8424,0.1146,0.7636,0.0,1800.0,0.0,6.3871
1124.0,2026-05-06T04:17:55.424599+00:00,78.4285,-0.0324,96.8789,0.0881,0.7636,0.0,1800.0,0.0,6.3937
1124.5,2026-05-06T04:17:55.924397+00:00,78.2484,-0.1522,96.7912,0.0291,0.7636,0.0,1800.0,0.0,6.3969
1125.0,2026-05-06T04:17:56.429821+00:00,78.1099,-0.1806,96.8395,-0.0162,0.7636,0.0,1800.0,0.0,6.3985
1125.5,2026-05-06T04:17:56.924420+00:00,78.3853,-0.1388,96.761,-0.051,0.7636,0.0,1800.0,0.0,6.3993
1126.0,2026-05-06T04:17:57.425877+00:00,78.4697,0.0206,96.8163,0.0071,0.7636,0.0,1800.0,0.0,6.3996
1126.5,2026-05-06T04:17:57.924348+00:00,78.5345,0.1431,96.8588,0.0054,0.7636,0.0,1800.0,0.0,6.3998
1127.0,2026-05-06T04:17:58.424660+00:00,78.7117,0.3009,96.7758,-0.0344,0.7636,0.0,1800.0,0.0,6.3999
1127.5,2026-05-06T04:17:58.931965+00:00,78.7205,0.1676,96.8277,0.0121,0.7636,0.0,1800.0,0.0,6.3488
1128.0,2026-05-06T04:17:59.425036+00:00,78.6001,0.0652,96.7518,-0.0292,0.7636,0.0,1800.0,0.0,6.375
1128.5,2026-05-06T04:17:59.925042+00:00,78.6348,0.0501,96.8093,0.0161,0.7636,0.0,1800.0,0.0,6.3366
1129.0,2026-05-06T04:18:00.424391+00:00,78.6614,-0.0251,96.7377,-0.0262,0.7636,0.0,1800.0,0.0,6.3179
1129.5,2026-05-06T04:18:00.924514+00:00,78.6819,-0.0193,96.6827,-0.0587,0.7636,0.0,1800.0,0.0,6.3087
1130.000325,2026-05-06T04:18:01.530971+00:00,78.6977,0.0488,96.5247,-0.0837,0.7636,0.0,1800.0,0.0,6.3043
1130.5,2026-05-06T04:18:01.924335+00:00,78.5825,-0.0261,96.519,-0.1029,0.7636,0.0,1800.0,0.0,6.3021
1131.0,2026-05-06T04:18:02.424358+00:00,78.7485,0.0436,96.3989,-0.1176,0.7636,0.0,1800.0,0.0,6.301
1131.5,2026-05-06T04:18:02.924318+00:00,78.7489,0.0335,96.538,-0.0904,0.7636,0.0,1800.0,0.0,6.3005
1132.0,2026-05-06T04:18:03.424817+00:00,78.6219,-0.0379,96.5292,-0.0695,0.7636,0.0,1800.0,0.0,6.3002
1132.5,2026-05-06T04:18:03.929063+00:00,78.5242,-0.0291,96.4067,-0.092,0.7636,0.0,1800.0,0.0,6.3001
1133.0,2026-05-06T04:18:04.424349+00:00,78.4492,-0.1497,96.544,0.0064,0.7636,0.0,1800.0,0.0,6.3001
1133.5,2026-05-06T04:18:04.924350+00:00,78.5188,-0.115,96.4181,-0.0336,0.7636,0.0,1800.0,0.0,6.3
1134.0,2026-05-06T04:18:05.424339+00:00,78.445,-0.0884,96.5528,0.0513,0.7636,0.0,1800.0,0.0,6.3
1134.5,2026-05-06T04:18:05.924590+00:00,78.6429,0.0593,96.5406,0.0009,0.7636,0.0,1800.0,0.0,6.3
1135.0,2026-05-06T04:18:06.431312+00:00,78.5404,0.0456,96.5312,0.0007,0.7636,0.0,1800.0,0.0,6.3
1135.5,2026-05-06T04:18:06.925883+00:00,78.5889,0.035,96.6397,0.0776,0.7636,0.0,1800.0,0.0,6.3
1136.0,2026-05-06T04:18:07.424391+00:00,78.4989,0.0269,96.6073,0.0211,0.7636,0.0,1800.0,0.0,6.3
1136.5,2026-05-06T04:18:07.924360+00:00,78.557,-0.0429,96.5825,0.0548,0.7636,0.0,1800.0,0.0,6.3
1137.0,2026-05-06T04:18:08.426209+00:00,78.6017,0.0306,96.6791,0.0421,0.7636,0.0,1800.0,0.0,6.3
1137.5,2026-05-06T04:18:08.929560+00:00,78.7633,0.0872,96.6377,0.0324,0.7636,0.0,1800.0,0.0,6.3
1138.0,2026-05-06T04:18:09.424571+00:00,78.7602,0.1306,96.6058,0.0249,0.7636,0.0,1800.0,0.0,6.3
1138.5,2026-05-06T04:18:09.924358+00:00,78.6306,0.0368,96.697,0.0191,0.7636,0.0,1800.0,0.0,6.3
1139.0,2026-05-06T04:18:10.424352+00:00,78.7855,0.0919,96.7671,0.0533,0.7636,0.0,1800.0,0.0,6.3
1139.5,2026-05-06T04:18:10.924350+00:00,78.7773,0.007,96.5896,0.0024,0.7636,0.0,1800.0,0.0,6.3
1140.0,2026-05-06T04:18:11.431571+00:00,78.771,0.0054,96.5689,-0.0367,0.7636,0.0,1800.0,0.0,6.3
1140.5,2026-05-06T04:18:11.928076+00:00,78.7661,0.0678,96.5529,-0.0282,0.7636,0.0,1800.0,0.0,6.3
1141.0,2026-05-06T04:18:12.424448+00:00,78.7624,-0.0115,96.5407,-0.0217,0.7636,0.0,1800.0,0.0,6.3
1141.5,2026-05-06T04:18:12.924355+00:00,78.8868,0.0548,96.647,-0.0167,0.7636,0.0,1800.0,0.0,6.3
1142.0,2026-05-06T04:18:13.424320+00:00,78.8551,0.0421,96.613,-0.0514,0.7636,0.0,1800.0,0.0,6.3
1142.5,2026-05-06T04:18:13.931327+00:00,78.8308,0.0323,96.5868,-0.0009,0.7636,0.0,1800.0,0.0,6.3
1143.0,2026-05-06T04:18:14.424699+00:00,78.8121,0.0249,96.5667,-0.0007,0.7636,0.0,1800.0,0.0,6.3
1143.5,2026-05-06T04:18:14.924361+00:00,78.925,0.0191,96.4356,-0.0391,0.7636,0.0,1800.0,0.0,6.3
1144.0,2026-05-06T04:18:15.424357+00:00,78.8845,0.0147,96.4505,-0.0301,0.7636,0.0,1800.0,0.0,6.3
1144.5,2026-05-06T04:18:15.924332+00:00,78.7261,-0.0523,96.462,-0.0617,0.7636,0.0,1800.0,0.0,6.3
1145.0,2026-05-06T04:18:16.430509+00:00,78.7316,-0.0402,96.3551,-0.086,0.7636,0.0,1800.0,0.0,6.3
1145.5,2026-05-06T04:18:16.924346+00:00,78.6086,-0.1582,96.3886,-0.0661,0.7636,0.0,1800.0,0.0,6.3
1146.0,2026-05-06T04:18:17.424347+00:00,78.5141,-0.1852,96.2987,-0.0894,0.7636,0.0,1800.0,0.0,6.3
1146.5,2026-05-06T04:18:17.924341+00:00,78.4414,-0.1424,96.3453,-0.0301,0.7636,0.0,1800.0,0.0,6.3
1147.00013,2026-05-06T04:18:18.424619+00:00,78.5128,-0.1094,96.3811,-0.0231,0.7636,0.0,1800.0,0.0,6.3
1147.5,2026-05-06T04:18:18.928614+00:00,78.695,0.0432,96.4086,-0.0178,0.7636,0.0,1800.0,0.0,6.3
1148.0,2026-05-06T04:18:19.424318+00:00,78.5804,0.0332,96.314,-0.0137,0.7636,0.0,1800.0,0.0,6.3
1148.5,2026-05-06T04:18:19.925200+00:00,78.7469,0.1528,96.4728,0.0281,0.7636,0.0,1800.0,0.0,6.3
1149.0,2026-05-06T04:18:20.424314+00:00,78.7476,0.1174,96.3634,0.0216,0.7636,0.0,1800.0,0.0,6.3
1149.5,2026-05-06T04:18:20.924367+00:00,78.6209,-0.037,96.395,0.0166,0.7636,0.0,1800.0,0.0,6.3
1150.0,2026-05-06T04:18:21.429667+00:00,78.5235,-0.0285,96.3036,-0.0258,0.7636,0.0,1800.0,0.0,6.3
1150.5,2026-05-06T04:18:21.924317+00:00,78.3214,-0.2128,96.3259,-0.0276,0.7636,0.0,1800.0,0.0,6.3
1151.0,2026-05-06T04:18:22.424331+00:00,78.166,-0.2908,96.4819,0.0559,0.7636,0.0,1800.0,0.0,6.3
1151.5,2026-05-06T04:18:22.925903+00:00,78.3012,-0.1599,96.6018,0.043,0.7636,0.0,1800.0,0.0,6.3
1152.0,2026-05-06T04:18:23.424420+00:00,78.405,-0.0592,96.8096,0.1488,0.7636,0.0,1800.0,0.0,6.3
1152.5,2026-05-06T04:18:23.931827+00:00,78.2303,-0.0455,96.8537,0.1529,0.7636,0.0,1800.0,0.0,6.3
1153.0,2026-05-06T04:18:24.425460+00:00,78.3506,0.0923,96.7718,0.1561,0.7636,0.0,1800.0,0.0,6.3
1153.5,2026-05-06T04:18:24.924419+00:00,78.443,0.0709,96.9403,0.2048,0.7636,0.0,1800.0,0.0,6.3
1154.0,2026-05-06T04:18:25.425567+00:00,78.3868,-0.0091,96.8384,0.1189,0.7636,0.0,1800.0,0.0,6.3
1154.5,2026-05-06T04:18:25.924397+00:00,78.3435,0.0566,96.8758,0.0913,0.7636,0.0,1800.0,0.0,6.3
1155.0,2026-05-06T04:18:26.530547+00:00,78.1831,-0.0838,96.7889,-0.0069,0.7636,0.0,1800.0,0.0,6.3
1155.5,2026-05-06T04:18:26.924311+00:00,78.187,-0.128,96.8377,-0.0053,0.7636,0.0,1800.0,0.0,6.3
1156.0,2026-05-06T04:18:27.424351+00:00,78.19,-0.0984,96.991,0.073,0.7636,0.0,1800.0,0.0,6.3
1156.5,2026-05-06T04:18:27.924317+00:00,78.1923,-0.0756,96.9931,0.0176,0.7636,0.0,1800.0,0.0,6.3
1157.0,2026-05-06T04:18:28.424440+00:00,78.0668,-0.0581,96.9947,0.0521,0.7636,0.0,1800.0,0.0,6.3
1157.5,2026-05-06T04:18:28.928874+00:00,78.0976,-0.0447,97.1116,0.0786,0.7636,0.0,1800.0,0.0,6.2488
1158.0,2026-05-06T04:18:29.424432+00:00,78.1213,-0.0343,97.0858,0.099,0.7636,0.0,1800.0,0.0,6.275
1158.5,2026-05-06T04:18:29.926212+00:00,78.3941,0.1009,97.0659,0.0761,0.7636,0.0,1800.0,0.0,6.2878
1159.0,2026-05-06T04:18:30.425272+00:00,78.3492,0.1412,97.1664,0.0585,0.7636,0.0,1800.0,0.0,6.294
1159.5,2026-05-06T04:18:30.924451+00:00,78.3146,0.1085,97.1279,0.0449,0.7636,0.0,1800.0,0.0,6.2971
1160.0,2026-05-06T04:18:31.429254+00:00,78.1608,0.0198,96.8669,-0.0426,0.7636,0.0,1800.0,0.0,6.2986
1160.5,2026-05-06T04:18:31.924319+00:00,78.1699,-0.1121,96.782,-0.1099,0.7636,0.0,1800.0,0.0,6.2481
1161.0,2026-05-06T04:18:32.425169+00:00,78.3041,-0.0225,96.8324,-0.0844,0.7636,0.0,1800.0,0.0,6.2235
1161.5,2026-05-06T04:18:32.924367+00:00,78.28,-0.0173,96.8712,-0.0649,0.7636,0.0,1800.0,0.0,6.2115
1162.0,2026-05-06T04:18:33.424342+00:00,78.3888,0.114,96.5539,-0.2042,0.7636,0.0,1800.0,0.0,6.2056
1162.5,2026-05-06T04:18:33.932873+00:00,78.5996,0.2149,96.5414,-0.1955,0.7636,0.0,1800.0,0.0,6.2027
1163.0,2026-05-06T04:18:34.425108+00:00,78.3799,0.0379,96.5318,-0.1117,0.7636,0.0,1800.0,0.0,6.2525
1163.5,2026-05-06T04:18:34.924359+00:00,78.3383,0.0291,96.7559,-0.0087,0.7636,0.0,1800.0,0.0,6.2768
1164.0,2026-05-06T04:18:35.424306+00:00,78.3063,-0.0413,96.8124,-0.0067,0.7636,0.0,1800.0,0.0,6.2887
1164.5,2026-05-06T04:18:35.924320+00:00,78.409,-0.0953,96.9715,0.0334,0.7636,0.0,1800.0,0.0,6.2945
1165.0,2026-05-06T04:18:36.432116+00:00,78.3606,-0.0096,96.9781,0.1414,0.7636,0.0,1800.0,0.0,6.2973
1165.5,2026-05-06T04:18:36.924361+00:00,78.3234,-0.0074,96.8675,0.1087,0.7636,0.0,1800.0,0.0,6.2987
1166.0,2026-05-06T04:18:37.424353+00:00,78.2949,-0.0057,96.8981,0.1221,0.7636,0.0,1800.0,0.0,6.2994
1166.5,2026-05-06T04:18:37.924342+00:00,78.4002,-0.0044,96.806,0.0167,0.7636,0.0,1800.0,0.0,6.2997
1167.0,2026-05-06T04:18:38.424353+00:00,78.3539,-0.0034,96.9666,0.0514,0.7636,0.0,1800.0,0.0,6.2998
1167.5,2026-05-06T04:18:38.932933+00:00,78.3183,-0.0026,96.8586,-0.0376,0.7636,0.0,1800.0,0.0,6.2487
1168.0,2026-05-06T04:18:39.424699+00:00,78.4182,0.0616,96.8913,-0.0289,0.7636,0.0,1800.0,0.0,6.275
1168.5,2026-05-06T04:18:39.924358+00:00,78.6222,0.111,96.9165,0.0163,0.7636,0.0,1800.0,0.0,6.2878
1169.0,2026-05-06T04:18:40.425160+00:00,78.5245,0.0853,96.8201,-0.026,0.7636,0.0,1800.0,0.0,6.294
1169.5,2026-05-06T04:18:40.925143+00:00,78.5767,0.1292,96.5146,-0.0971,0.7636,0.0,1800.0,0.0,6.2971
1170.0,2026-05-06T04:18:41.430886+00:00,78.4895,0.0357,96.4881,-0.1595,0.7636,0.0,1800.0,0.0,6.2986
1170.5,2026-05-06T04:18:41.924350+00:00,78.168,-0.2271,96.4909,-0.1226,0.7636,0.0,1800.0,0.0,6.2993
1171.0,2026-05-06T04:18:42.424427+00:00,78.1754,-0.1746,96.493,-0.1328,0.7636,0.0,1800.0,0.0,6.2997
1171.5,2026-05-06T04:18:42.924860+00:00,78.1811,-0.1978,96.4946,-0.1406,0.7636,0.0,1800.0,0.0,6.2998
1172.0,2026-05-06T04:18:43.424359+00:00,78.3127,-0.0884,96.4727,-0.1158,0.7636,0.0,1800.0,0.0,6.2999
1172.5,2026-05-06T04:18:43.930020+00:00,78.5412,0.1866,96.479,-0.0119,0.7636,0.0,1800.0,0.0,6.3
1173.0,2026-05-06T04:18:44.424362+00:00,78.4622,0.1434,96.2525,-0.0785,0.7636,0.0,1800.0,0.0,6.3
1173.5,2026-05-06T04:18:44.924340+00:00,78.5288,0.1739,96.1941,-0.0989,0.7636,0.0,1800.0,0.0,6.3
1174.0,2026-05-06T04:18:45.424339+00:00,78.58,0.1336,96.2649,-0.076,0.7636,0.0,1800.0,0.0,6.3
1174.5,2026-05-06T04:18:45.924310+00:00,78.7466,0.1027,96.2036,-0.097,0.7636,0.0,1800.0,0.0,6.3
1175.0,2026-05-06T04:18:46.429022+00:00,78.6201,0.0789,96.1796,-0.0977,0.7636,0.0,1800.0,0.0,6.3
1175.5,2026-05-06T04:18:46.924372+00:00,78.7774,0.1243,96.2537,-0.0751,0.7636,0.0,1800.0,0.0,6.3
1176.0,2026-05-06T04:18:47.424755+00:00,78.6438,0.0319,96.195,-0.0192,0.7636,0.0,1800.0,0.0,6.3
1176.5,2026-05-06T04:18:47.924345+00:00,78.5411,-0.1027,96.2656,0.0238,0.7636,0.0,1800.0,0.0,6.3
1177.0,2026-05-06T04:18:48.424354+00:00,78.3349,-0.1426,96.2041,-0.0202,0.7636,0.0,1800.0,0.0,6.3
1177.5,2026-05-06T04:18:48.929609+00:00,78.431,-0.1732,96.3883,0.0616,0.7636,0.0,1800.0,0.0,6.3
1178.0,2026-05-06T04:18:49.424339+00:00,78.5048,-0.0695,96.2984,0.0396,0.7636,0.0,1800.0,0.0,6.3
1178.5,2026-05-06T04:18:49.924359+00:00,78.4343,-0.0534,96.3451,0.0304,0.7636,0.0,1800.0,0.0,6.3
1179.0,2026-05-06T04:18:50.424337+00:00,78.6346,0.1498,96.3809,0.062,0.7636,0.0,1800.0,0.0,6.3
1179.5,2026-05-06T04:18:50.924346+00:00,78.534,0.0515,96.4085,0.0476,0.7636,0.0,1800.0,0.0,6.3
1180.0,2026-05-06T04:18:51.430050+00:00,78.584,0.0396,96.314,0.0366,0.7636,0.0,1800.0,0.0,6.3
1180.5,2026-05-06T04:18:51.924423+00:00,78.4951,0.0304,96.357,-0.0104,0.7636,0.0,1800.0,0.0,6.3
1181.0,2026-05-06T04:18:52.424383+00:00,78.5541,-0.0402,96.367,0.0228,0.7636,0.0,1800.0,0.0,6.3
1181.5,2026-05-06T04:18:52.924335+00:00,78.3449,-0.0946,96.5134,0.0561,0.7636,0.0,1800.0,0.0,6.3
1182.0,2026-05-06T04:18:53.424332+00:00,78.4386,-0.0727,96.5103,0.0431,0.7636,0.0,1800.0,0.0,6.3
1182.5,2026-05-06T04:18:53.929344+00:00,78.3834,-0.0559,96.6236,0.0717,0.7636,0.0,1800.0,0.0,6.3
1183.0,2026-05-06T04:18:54.424764+00:00,78.4682,-0.0429,96.595,0.0937,0.7636,0.0,1800.0,0.0,6.3
1183.5,2026-05-06T04:18:54.924447+00:00,78.4062,0.0306,96.573,0.072,0.7636,0.0,1800.0,0.0,6.3
1184.0,2026-05-06T04:18:55.424435+00:00,78.3585,-0.0401,96.3016,-0.0218,0.7636,0.0,1800.0,0.0,6.3
1184.5,2026-05-06T04:18:55.924312+00:00,78.3218,-0.0308,96.3475,-0.0553,0.7636,0.0,1800.0,0.0,6.3
1185.0,2026-05-06T04:18:56.430286+00:00,78.5482,0.04,96.2671,-0.0811,0.7636,0.0,1800.0,0.0,6.3
1185.5,2026-05-06T04:18:56.924940+00:00,78.4676,0.0307,96.321,-0.1009,0.7636,0.0,1800.0,0.0,6.3
1186.0,2026-05-06T04:18:57.424346+00:00,78.1511,-0.1037,96.3624,-0.0775,0.7636,0.0,1800.0,0.0,6.3
1186.5,2026-05-06T04:18:57.925105+00:00,78.1624,-0.0797,96.3943,-0.0596,0.7636,0.0,1800.0,0.0,6.3
1187.0,2026-05-06T04:18:58.424930+00:00,78.4257,-0.0612,96.4187,0.039,0.7636,0.0,1800.0,0.0,6.3
1187.501568,2026-05-06T04:18:58.934704+00:00,78.5007,0.0166,96.3218,-0.0086,0.7636,0.0,1800.0,0.0,6.3
1188.0,2026-05-06T04:18:59.424459+00:00,78.6857,0.2673,96.3399,0.0243,0.7636,0.0,1800.0,0.0,6.3
1188.5,2026-05-06T04:18:59.924388+00:00,78.7006,0.2691,96.4927,0.0572,0.7636,0.0,1800.0,0.0,6.3
1189.0,2026-05-06T04:19:00.424383+00:00,78.5847,0.0795,96.263,-0.0332,0.7636,0.0,1800.0,0.0,6.3
1189.5,2026-05-06T04:19:00.924341+00:00,78.623,0.0611,96.4335,0.0131,0.7636,0.0,1800.0,0.0,6.3
1190.0,2026-05-06T04:19:01.428367+00:00,78.6524,-0.0167,96.4489,0.0101,0.7636,0.0,1800.0,0.0,6.3
1190.5,2026-05-06T04:19:01.924349+00:00,78.8022,0.0508,96.5764,0.0849,0.7636,0.0,1800.0,0.0,6.3
1191.0,2026-05-06T04:19:02.424336+00:00,78.6629,0.0391,96.3273,-0.0042,0.7636,0.0,1800.0,0.0,6.3
1191.5,2026-05-06T04:19:02.924336+00:00,78.683,0.03,96.3673,-0.0418,0.7636,0.0,1800.0,0.0,6.3
1192.0,2026-05-06T04:19:03.424322+00:00,78.444,-0.1042,96.2823,0.0064,0.7636,0.0,1800.0,0.0,6.3
1192.5,2026-05-06T04:19:03.930512+00:00,78.3875,-0.2073,96.4484,0.005,0.7636,0.0,1800.0,0.0,6.3
1193.0,2026-05-06T04:19:04.424364+00:00,78.5987,-0.0321,96.4603,0.0038,0.7636,0.0,1800.0,0.0,6.3
1193.5,2026-05-06T04:19:04.924351+00:00,78.6337,-0.0247,96.5852,0.0029,0.7636,0.0,1800.0,0.0,6.3
1194.0,2026-05-06T04:19:05.424453+00:00,78.7879,0.1719,96.7969,0.1565,0.7636,0.0,1800.0,0.0,6.3
1194.5,2026-05-06T04:19:05.924338+00:00,78.6518,0.1322,96.8439,0.1589,0.7636,0.0,1800.0,0.0,6.3
1195.0,2026-05-06T04:19:06.430977+00:00,78.5473,-0.0257,96.88,0.1992,0.7636,0.0,1800.0,0.0,6.3
1195.5,2026-05-06T04:19:06.924813+00:00,78.5942,-0.0197,96.9078,0.1531,0.7636,0.0,1800.0,0.0,6.3
1196.0,2026-05-06T04:19:07.426941+00:00,78.503,-0.1424,96.8134,0.1177,0.7636,0.0,1800.0,0.0,6.3
1196.5,2026-05-06T04:19:07.925310+00:00,78.5601,-0.0459,96.7178,0.0442,0.7636,0.0,1800.0,0.0,6.3
1197.0,2026-05-06T04:19:08.424998+00:00,78.6041,0.0284,96.5517,-0.0817,0.7636,0.0,1800.0,0.0,6.3
1197.5,2026-05-06T04:19:08.929657+00:00,78.6378,0.0218,96.5397,-0.1014,0.7636,0.0,1800.0,0.0,6.3
1198.0,2026-05-06T04:19:09.424412+00:00,78.4093,-0.0469,96.6462,-0.0779,0.7636,0.0,1800.0,0.0,6.3
1198.5,2026-05-06T04:19:09.924468+00:00,78.4881,-0.036,96.381,-0.1756,0.7636,0.0,1800.0,0.0,6.3
1199.0,2026-05-06T04:19:10.424407+00:00,78.5487,-0.0277,96.5242,-0.0964,0.7636,0.0,1800.0,0.0,6.3
1199.5,2026-05-06T04:19:10.925175+00:00,78.5953,-0.0213,96.5186,-0.0664,0.7636,0.0,1800.0,0.0,6.3
1200.0,2026-05-06T04:19:11.430216+00:00,78.5038,0.0473,96.5143,-0.0125,0.7636,0.0,1800.0,0.0,6.3
1200.5,2026-05-06T04:19:11.924473+00:00,78.6881,0.1,96.6267,0.029,0.7636,0.0,1800.0,0.0,6.3
1201.0,2026-05-06T04:19:12.425077+00:00,78.7024,0.0768,96.5974,-0.0163,0.7636,0.0,1800.0,0.0,6.3
1201.5,2026-05-06T04:19:12.924432+00:00,78.5861,-0.0046,96.6905,0.1032,0.7636,0.0,1800.0,0.0,6.3
1202.0,2026-05-06T04:19:13.424371+00:00,78.6241,0.0601,96.5308,0.0022,0.7636,0.0,1800.0,0.0,6.3
1202.5,2026-05-06T04:19:13.931920+00:00,78.5259,-0.0811,96.4079,-0.0369,0.7636,0.0,1800.0,0.0,6.2488
1203.0,2026-05-06T04:19:14.424419+00:00,78.5778,-0.0623,96.3135,-0.0669,0.7636,0.0,1800.0,0.0,6.275
1203.5,2026-05-06T04:19:14.924361+00:00,78.4904,-0.0479,96.3567,-0.09,0.7636,0.0,1800.0,0.0,6.2878
1204.0,2026-05-06T04:19:15.424364+00:00,78.4232,-0.1004,96.2742,-0.1077,0.7636,0.0,1800.0,0.0,6.294
1204.5,2026-05-06T04:19:15.924381+00:00,78.3715,-0.0772,96.2107,-0.1599,0.7636,0.0,1800.0,0.0,6.2971
1205.0,2026-05-06T04:19:16.432679+00:00,78.4591,-0.0593,96.2777,-0.0844,0.7636,0.0,1800.0,0.0,6.2986
1205.5,2026-05-06T04:19:16.924370+00:00,78.5264,0.018,96.2134,-0.0648,0.7636,0.0,1800.0,0.0,6.2993
1206.0,2026-05-06T04:19:17.426219+00:00,78.5782,0.0775,96.164,-0.0498,0.7636,0.0,1800.0,0.0,6.2997
1206.5,2026-05-06T04:19:17.924339+00:00,78.6179,0.1232,96.1261,-0.0769,0.7636,0.0,1800.0,0.0,6.2998
1207.0,2026-05-06T04:19:18.424329+00:00,78.6485,0.0947,96.2126,-0.0205,0.7636,0.0,1800.0,0.0,6.2999
1207.5,2026-05-06T04:19:18.929235+00:00,78.5447,0.0091,96.3022,0.0305,0.7636,0.0,1800.0,0.0,6.2488
1208.0,2026-05-06T04:19:19.424376+00:00,78.4649,-0.0566,96.3249,0.0157,0.7636,0.0,1800.0,0.0,6.275
1208.5,2026-05-06T04:19:19.924374+00:00,78.5309,-0.0435,96.2497,0.0121,0.7636,0.0,1800.0,0.0,6.2878
1209.0,2026-05-06T04:19:20.424356+00:00,78.5816,-0.0334,96.1919,0.0093,0.7636,0.0,1800.0,0.0,6.294
1209.5,2026-05-06T04:19:20.924356+00:00,78.4933,-0.0257,96.3789,0.0843,0.7636,0.0,1800.0,0.0,6.2971
1210.0,2026-05-06T04:19:21.428788+00:00,78.2982,-0.0834,96.4069,0.0648,0.7636,0.0,1800.0,0.0,6.2986
1210.5,2026-05-06T04:19:21.924413+00:00,78.4027,-0.0641,96.5442,0.0806,0.7636,0.0,1800.0,0.0,6.2481
1211.0,2026-05-06T04:19:22.425043+00:00,78.6103,0.0144,96.4182,0.0311,0.7636,0.0,1800.0,0.0,6.2235
1211.5,2026-05-06T04:19:22.924449+00:00,78.5154,0.011,96.4372,0.0625,0.7636,0.0,1800.0,0.0,6.2115
1212.0,2026-05-06T04:19:23.424374+00:00,78.3151,0.0085,96.5674,0.1252,0.7636,0.0,1800.0,0.0,6.2056
1212.5,2026-05-06T04:19:23.929075+00:00,78.4158,0.0065,96.413,0.0114,0.7636,0.0,1800.0,0.0,6.2027
1213.0,2026-05-06T04:19:24.424320+00:00,78.3658,-0.1223,96.2017,-0.0684,0.7636,0.0,1800.0,0.0,6.2525
1213.5,2026-05-06T04:19:24.924344+00:00,78.4547,-0.0303,96.2707,-0.0911,0.7636,0.0,1800.0,0.0,6.2768
1214.0,2026-05-06T04:19:25.424313+00:00,78.3958,0.0403,96.0924,-0.1086,0.7636,0.0,1800.0,0.0,6.2887
1214.5,2026-05-06T04:19:25.924306+00:00,78.4778,0.031,96.071,-0.1221,0.7636,0.0,1800.0,0.0,6.2945
1215.0,2026-05-06T04:19:26.431317+00:00,78.5408,0.0875,96.1703,-0.1324,0.7636,0.0,1800.0,0.0,6.2973
1215.5,2026-05-06T04:19:26.924335+00:00,78.5892,0.0672,96.3623,-0.0169,0.7636,0.0,1800.0,0.0,6.2987
1216.0,2026-05-06T04:19:27.424463+00:00,78.6264,0.1153,96.5098,0.1027,0.7636,0.0,1800.0,0.0,6.2994
1216.5,2026-05-06T04:19:27.925108+00:00,78.655,0.0886,96.6233,0.1175,0.7636,0.0,1800.0,0.0,6.2997
1217.0,2026-05-06T04:19:28.424381+00:00,78.677,0.0681,96.3633,0.0903,0.7636,0.0,1800.0,0.0,6.2998
1217.5,2026-05-06T04:19:28.930233+00:00,78.8211,0.116,96.2793,0.0694,0.7636,0.0,1800.0,0.0,6.2487
1218.0,2026-05-06T04:19:29.424338+00:00,78.8047,0.0891,96.2146,0.0148,0.7636,0.0,1800.0,0.0,6.275
1218.5,2026-05-06T04:19:29.924415+00:00,78.792,0.0685,96.3964,0.0114,0.7636,0.0,1800.0,0.0,6.2878
1219.0,2026-05-06T04:19:30.425987+00:00,78.9096,0.1163,96.5361,0.0087,0.7636,0.0,1800.0,0.0,6.294
1219.5,2026-05-06T04:19:30.924778+00:00,78.9999,0.0894,96.5277,-0.0319,0.7636,0.0,1800.0,0.0,6.2971
1220.0,2026-05-06T04:19:31.429979+00:00,78.9421,0.0687,96.637,0.0912,0.7636,0.0,1800.0,0.0,6.2986
1220.5,2026-05-06T04:19:31.924320+00:00,78.7704,-0.0108,96.4896,0.0701,0.7636,0.0,1800.0,0.0,6.2993
1221.0,2026-05-06T04:19:32.426877+00:00,78.7657,-0.072,96.492,0.0925,0.7636,0.0,1800.0,0.0,6.2997
1221.5,2026-05-06T04:19:32.924436+00:00,78.6348,-0.1826,96.6096,0.0711,0.7636,0.0,1800.0,0.0,6.2998
1222.0,2026-05-06T04:19:33.424328+00:00,78.5342,-0.204,96.5842,0.0161,0.7636,0.0,1800.0,0.0,6.2999
1222.5,2026-05-06T04:19:33.931625+00:00,78.5841,-0.0931,96.5647,0.0123,0.7636,0.0,1800.0,0.0,6.2488
1223.0,2026-05-06T04:19:34.424331+00:00,78.368,-0.1989,96.3183,-0.1062,0.7636,0.0,1800.0,0.0,6.275
1223.5,2026-05-06T04:19:34.924335+00:00,78.4564,-0.0892,96.3372,-0.0508,0.7636,0.0,1800.0,0.0,6.2878
1224.0,2026-05-06T04:19:35.424360+00:00,78.397,-0.0686,96.4906,-0.0005,0.7636,0.0,1800.0,0.0,6.294
1224.5,2026-05-06T04:19:35.924332+00:00,78.606,0.0109,96.7242,0.0382,0.7636,0.0,1800.0,0.0,6.2971
1225.0,2026-05-06T04:19:36.429556+00:00,78.6393,0.1357,96.788,0.0679,0.7636,0.0,1800.0,0.0,6.2986
1225.5,2026-05-06T04:19:36.924708+00:00,78.6649,0.1043,96.7214,0.0522,0.7636,0.0,1800.0,0.0,6.2993
1226.0,2026-05-06T04:19:37.424339+00:00,78.4301,0.0165,96.5544,0.0787,0.7636,0.0,1800.0,0.0,6.2997
1226.5,2026-05-06T04:19:37.924333+00:00,78.2496,-0.1782,96.6575,0.1068,0.7636,0.0,1800.0,0.0,6.2998
1227.0,2026-05-06T04:19:38.424909+00:00,78.3654,-0.137,96.5054,0.0049,0.7636,0.0,1800.0,0.0,6.2999
1227.5,2026-05-06T04:19:38.930104+00:00,78.4544,-0.1053,96.481,-0.0811,0.7636,0.0,1800.0,0.0,6.2488
1228.0,2026-05-06T04:19:39.424330+00:00,78.5228,0.0464,96.6011,-0.0623,0.7636,0.0,1800.0,0.0,6.275
1228.5,2026-05-06T04:19:39.924446+00:00,78.5754,0.1629,96.462,-0.0865,0.7636,0.0,1800.0,0.0,6.2878
1229.0,2026-05-06T04:19:40.424810+00:00,78.6158,0.1252,96.4708,-0.0279,0.7636,0.0,1800.0,0.0,6.294
1229.5,2026-05-06T04:19:40.924965+00:00,78.6468,0.0962,96.5933,-0.0214,0.7636,0.0,1800.0,0.0,6.2971
1230.0,2026-05-06T04:19:41.429336+00:00,78.6707,0.074,96.456,-0.0165,0.7636,0.0,1800.0,0.0,6.2986
1230.5,2026-05-06T04:19:41.925060+00:00,78.6891,0.0568,96.4662,-0.0049,0.7636,0.0,1800.0,0.0,6.2993
1231.0,2026-05-06T04:19:42.425137+00:00,78.5759,-0.0199,96.5897,-0.0038,0.7636,0.0,1800.0,0.0,6.2997
1231.5,2026-05-06T04:19:42.924713+00:00,78.6162,-0.0153,96.6846,0.0742,0.7636,0.0,1800.0,0.0,6.2998
1232.0,2026-05-06T04:19:43.424983+00:00,78.6471,-0.0118,96.6419,0.057,0.7636,0.0,1800.0,0.0,6.2999
1232.5,2026-05-06T04:19:43.933306+00:00,78.6709,-0.0091,96.7248,0.0438,0.7636,0.0,1800.0,0.0,6.3
1233.0,2026-05-06T04:19:44.424373+00:00,78.6892,0.0567,96.7885,0.1108,0.7636,0.0,1800.0,0.0,6.3
1233.5,2026-05-06T04:19:44.925949+00:00,78.576,-0.0201,96.8374,0.1237,0.7636,0.0,1800.0,0.0,6.3
1234.0,2026-05-06T04:19:45.424326+00:00,78.489,-0.0791,96.875,0.0951,0.7636,0.0,1800.0,0.0,6.3
1234.5,2026-05-06T04:19:45.924327+00:00,78.4221,-0.1244,96.7883,0.0345,0.7636,0.0,1800.0,0.0,6.3
1235.0,2026-05-06T04:19:46.429202+00:00,78.3707,-0.1593,96.7215,0.0265,0.7636,0.0,1800.0,0.0,6.3
1235.5,2026-05-06T04:19:46.924330+00:00,78.3312,-0.1224,96.5546,-0.0567,0.7636,0.0,1800.0,0.0,6.3
1236.0,2026-05-06T04:19:47.424698+00:00,78.3009,-0.0941,96.542,-0.0822,0.7636,0.0,1800.0,0.0,6.3
1236.5,2026-05-06T04:19:47.924356+00:00,78.2775,-0.0723,96.7636,-0.0246,0.7636,0.0,1800.0,0.0,6.3
1237.0,2026-05-06T04:19:48.424353+00:00,78.3869,0.0081,96.8183,-0.0189,0.7636,0.0,1800.0,0.0,6.3
1237.5,2026-05-06T04:19:48.929928+00:00,78.4709,0.0698,96.9761,0.0626,0.7636,0.0,1800.0,0.0,6.3
1238.0,2026-05-06T04:19:49.424686+00:00,78.4082,0.0537,97.0973,0.1253,0.7636,0.0,1800.0,0.0,6.3512
1238.5,2026-05-06T04:19:49.924711+00:00,78.4873,0.1049,97.0748,0.1734,0.7636,0.0,1800.0,0.0,6.3762
1239.0,2026-05-06T04:19:50.424765+00:00,78.5481,0.0806,97.0575,0.1718,0.7636,0.0,1800.0,0.0,6.3884
1239.5,2026-05-06T04:19:50.924429+00:00,78.4675,-0.0017,96.9053,0.0472,0.7636,0.0,1800.0,0.0,6.3943
1240.0,2026-05-06T04:19:51.434268+00:00,78.6602,0.126,96.6958,-0.0408,0.7636,0.0,1800.0,0.0,6.3972
1240.5,2026-05-06T04:19:51.925825+00:00,78.681,0.0968,96.5117,-0.1548,0.7636,0.0,1800.0,0.0,6.3474
1241.0,2026-05-06T04:19:52.424561+00:00,78.6969,0.0744,96.7404,-0.119,0.7636,0.0,1800.0,0.0,6.3232
1241.5,2026-05-06T04:19:52.924359+00:00,78.5819,0.0572,96.6848,-0.13,0.7636,0.0,1800.0,0.0,6.3113
1242.0,2026-05-06T04:19:53.424322+00:00,78.6208,-0.0197,96.7577,-0.0999,0.7636,0.0,1800.0,0.0,6.3055
1242.5,2026-05-06T04:19:53.931103+00:00,78.5235,-0.0788,96.9295,0.008,0.7636,0.0,1800.0,0.0,6.3027
1243.0,2026-05-06T04:19:54.424334+00:00,78.7031,0.0031,96.8301,0.0447,0.7636,0.0,1800.0,0.0,6.3525
1243.5,2026-05-06T04:19:54.924346+00:00,78.8413,0.1297,96.638,0.0421,0.7636,0.0,1800.0,0.0,6.3256
1244.0,2026-05-06T04:19:55.424717+00:00,78.6929,0.036,96.7218,-0.0062,0.7636,0.0,1800.0,0.0,6.3125
1244.5,2026-05-06T04:19:55.924344+00:00,78.7061,0.0913,96.6705,-0.0048,0.7636,0.0,1800.0,0.0,6.3061
1245.0,2026-05-06T04:19:56.429102+00:00,78.589,-0.0571,96.631,-0.0422,0.7636,0.0,1800.0,0.0,6.303
1245.5,2026-05-06T04:19:56.925423+00:00,78.7535,-0.0439,96.7164,-0.071,0.7636,0.0,1800.0,0.0,6.3015
1246.0,2026-05-06T04:19:57.424349+00:00,78.6254,-0.0337,96.6663,-0.0546,0.7636,0.0,1800.0,0.0,6.3007
1246.5,2026-05-06T04:19:57.924334+00:00,78.2724,-0.2168,96.5121,-0.042,0.7636,0.0,1800.0,0.0,6.3003
1247.0,2026-05-06T04:19:58.426035+00:00,78.2557,-0.1667,96.5093,-0.0708,0.7636,0.0,1800.0,0.0,6.3002
1247.5,2026-05-06T04:19:58.929645+00:00,78.3701,-0.1917,96.5072,-0.0544,0.7636,0.0,1800.0,0.0,6.3001
1248.0,2026-05-06T04:19:59.426255+00:00,78.3307,-0.1474,96.5055,-0.0418,0.7636,0.0,1800.0,0.0,6.3
1248.5,2026-05-06T04:19:59.925181+00:00,78.3005,0.014,96.5042,-0.0707,0.7636,0.0,1800.0,0.0,6.3
1249.0,2026-05-06T04:20:00.424394+00:00,78.2772,0.0108,96.3644,-0.1006,0.7636,0.0,1800.0,0.0,6.3
1249.5,2026-05-06T04:20:00.924988+00:00,78.3866,0.0083,96.3958,-0.0388,0.7636,0.0,1800.0,0.0,6.3
1250.0,2026-05-06T04:20:01.429307+00:00,78.598,0.1336,96.3042,-0.0684,0.7636,0.0,1800.0,0.0,6.3
1250.5,2026-05-06T04:20:01.924737+00:00,78.3786,0.0391,96.3264,-0.0603,0.7636,0.0,1800.0,0.0,6.3
1251.0,2026-05-06T04:20:02.424359+00:00,78.3373,0.03,96.3665,-0.0463,0.7636,0.0,1800.0,0.0,6.3
1251.5,2026-05-06T04:20:02.924332+00:00,78.4328,0.0231,96.3743,-0.0433,0.7636,0.0,1800.0,0.0,6.3
1252.0,2026-05-06T04:20:03.424349+00:00,78.5062,-0.0459,96.5191,0.0516,0.7636,0.0,1800.0,0.0,6.3
1252.5,2026-05-06T04:20:03.931715+00:00,78.5626,0.092,96.5147,0.0396,0.7636,0.0,1800.0,0.0,6.2488
1253.0,2026-05-06T04:20:04.424984+00:00,78.606,0.1343,96.3956,0.0305,0.7636,0.0,1800.0,0.0,6.275
1253.5,2026-05-06T04:20:04.924441+00:00,78.512,0.0396,96.4197,0.0311,0.7636,0.0,1800.0,0.0,6.2878
1254.000318,2026-05-06T04:20:05.424732+00:00,78.5671,0.0305,96.3226,-0.0146,0.7636,0.0,1800.0,0.0,6.294
1254.5,2026-05-06T04:20:05.924356+00:00,78.6094,0.0234,96.3637,-0.0035,0.7636,0.0,1800.0,0.0,6.2971
1255.0,2026-05-06T04:20:06.429940+00:00,78.6419,0.018,96.0481,-0.157,0.7636,0.0,1800.0,0.0,6.2986
1255.5,2026-05-06T04:20:06.924371+00:00,78.5397,0.0138,96.0138,-0.1669,0.7636,0.0,1800.0,0.0,6.2993
1256.0,2026-05-06T04:20:07.424341+00:00,78.4611,-0.053,95.8949,-0.1669,0.7636,0.0,1800.0,0.0,6.2997
1256.5,2026-05-06T04:20:07.924331+00:00,78.5279,-0.0407,95.9192,-0.1668,0.7636,0.0,1800.0,0.0,6.2998
1257.0,2026-05-06T04:20:08.424324+00:00,78.5793,-0.0313,96.1693,-0.0511,0.7636,0.0,1800.0,0.0,6.2999
1257.5,2026-05-06T04:20:08.929240+00:00,78.7461,0.1032,96.2458,-0.0393,0.7636,0.0,1800.0,0.0,6.2488
1258.0,2026-05-06T04:20:09.424346+00:00,78.747,0.143,96.4204,0.1241,0.7636,0.0,1800.0,0.0,6.275
1258.5,2026-05-06T04:20:09.924357+00:00,78.7477,0.1099,96.4388,0.1417,0.7636,0.0,1800.0,0.0,6.2878
1259.0,2026-05-06T04:20:10.424333+00:00,78.7482,0.0845,96.6844,0.2631,0.7636,0.0,1800.0,0.0,6.294
1259.5,2026-05-06T04:20:10.924306+00:00,78.8759,0.0649,96.6417,0.2408,0.7636,0.0,1800.0,0.0,6.2971
1260.0,2026-05-06T04:20:11.430128+00:00,78.974,0.1135,96.4932,0.108,0.7636,0.0,1800.0,0.0,6.2986
1260.5,2026-05-06T04:20:11.924319+00:00,78.6677,-0.04,96.2634,0.0058,0.7636,0.0,1800.0,0.0,6.2481
1261.0,2026-05-06T04:20:12.424303+00:00,78.6867,-0.0308,96.2024,-0.0726,0.7636,0.0,1800.0,0.0,6.2235
1261.5,2026-05-06T04:20:12.924456+00:00,78.4468,-0.2145,96.387,-0.0173,0.7636,0.0,1800.0,0.0,6.2115
1262.0,2026-05-06T04:20:13.424327+00:00,78.3897,-0.2922,96.4131,-0.0904,0.7636,0.0,1800.0,0.0,6.2056
1262.5,2026-05-06T04:20:13.931025+00:00,78.3458,-0.1609,96.5489,-0.0309,0.7636,0.0,1800.0,0.0,6.2027
1263.0,2026-05-06T04:20:14.424919+00:00,78.4393,-0.1237,96.5376,0.0148,0.7636,0.0,1800.0,0.0,6.2525
1263.5,2026-05-06T04:20:14.924550+00:00,78.5112,0.0322,96.5289,0.0885,0.7636,0.0,1800.0,0.0,6.2768
1264.0,2026-05-06T04:20:15.424707+00:00,78.5665,0.0884,96.5222,0.1066,0.7636,0.0,1800.0,0.0,6.2887
1264.5,2026-05-06T04:20:15.924668+00:00,78.6089,0.1316,96.5171,0.0434,0.7636,0.0,1800.0,0.0,6.2945
1265.0,2026-05-06T04:20:16.432471+00:00,78.5143,0.0375,96.7445,0.1105,0.7636,0.0,1800.0,0.0,6.2973
1265.5,2026-05-06T04:20:16.925048+00:00,78.5689,0.0288,96.8036,0.0849,0.7636,0.0,1800.0,0.0,6.2987
1266.0,2026-05-06T04:20:17.424365+00:00,78.738,0.0858,96.8491,0.1038,0.7636,0.0,1800.0,0.0,6.2994
1266.5,2026-05-06T04:20:17.927014+00:00,78.7408,0.0659,96.9997,0.1569,0.7636,0.0,1800.0,0.0,6.2997
1267.0,2026-05-06T04:20:18.424367+00:00,78.8702,0.1779,96.9998,0.1592,0.7636,0.0,1800.0,0.0,6.2998
1267.5,2026-05-06T04:20:18.929897+00:00,78.8424,0.1368,97.1155,0.1995,0.7636,0.0,1800.0,0.0,6.2999
1268.0,2026-05-06T04:20:19.424338+00:00,78.6937,-0.0221,96.9731,0.0762,0.7636,0.0,1800.0,0.0,6.3
1268.5,2026-05-06T04:20:19.924358+00:00,78.5795,-0.0807,96.9793,0.0586,0.7636,0.0,1800.0,0.0,6.3
1269.0,2026-05-06T04:20:20.424530+00:00,78.6189,-0.1256,96.8684,0.0064,0.7636,0.0,1800.0,0.0,6.3
1269.5,2026-05-06T04:20:20.924338+00:00,78.6493,-0.0966,96.76,-0.0799,0.7636,0.0,1800.0,0.0,6.3
1270.0,2026-05-06T04:20:21.430697+00:00,78.7998,0.0531,96.5841,-0.1385,0.7636,0.0,1800.0,0.0,6.3
1270.5,2026-05-06T04:20:21.924629+00:00,78.7883,0.1044,96.7961,-0.1065,0.7636,0.0,1800.0,0.0,6.3
1271.0,2026-05-06T04:20:22.424440+00:00,78.6522,0.0166,96.7276,-0.0818,0.7636,0.0,1800.0,0.0,6.3
1271.5,2026-05-06T04:20:22.924780+00:00,78.6748,0.0128,96.5592,-0.14,0.7636,0.0,1800.0,0.0,6.3
1272.0,2026-05-06T04:20:23.424339+00:00,78.8195,0.0098,96.6612,-0.0691,0.7636,0.0,1800.0,0.0,6.3
1272.5,2026-05-06T04:20:23.929080+00:00,79.0579,0.1348,96.6239,-0.0454,0.7636,0.0,1800.0,0.0,6.3
1273.0,2026-05-06T04:20:24.424577+00:00,78.8594,0.1036,96.5952,0.0037,0.7636,0.0,1800.0,0.0,6.3
1273.5,2026-05-06T04:20:24.924310+00:00,78.7068,0.016,96.3418,-0.1514,0.7636,0.0,1800.0,0.0,6.3
1274.0,2026-05-06T04:20:25.424387+00:00,78.7168,-0.0513,96.3784,-0.1164,0.7636,0.0,1800.0,0.0,6.3
1274.5,2026-05-06T04:20:25.924335+00:00,78.7245,-0.1667,96.5222,-0.0123,0.7636,0.0,1800.0,0.0,6.3
1275.0,2026-05-06T04:20:26.431826+00:00,78.8577,-0.0009,96.5171,-0.048,0.7636,0.0,1800.0,0.0,6.3
1275.5,2026-05-06T04:20:26.924533+00:00,78.8328,0.063,96.1429,-0.1603,0.7636,0.0,1800.0,0.0,6.3
1276.0,2026-05-06T04:20:27.425553+00:00,78.9409,0.112,96.2255,-0.1232,0.7636,0.0,1800.0,0.0,6.3
1276.5,2026-05-06T04:20:27.924416+00:00,78.7694,0.0225,96.289,-0.0176,0.7636,0.0,1800.0,0.0,6.3
1277.0,2026-05-06T04:20:28.424354+00:00,78.6377,-0.11,96.4536,0.0251,0.7636,0.0,1800.0,0.0,6.3
1277.5,2026-05-06T04:20:28.931092+00:00,78.6637,-0.0845,96.58,0.0193,0.7636,0.0,1800.0,0.0,6.3
1278.0,2026-05-06T04:20:29.424375+00:00,78.5564,-0.1923,96.6772,0.0534,0.7636,0.0,1800.0,0.0,6.3
1278.5,2026-05-06T04:20:29.924345+00:00,78.7284,-0.0205,96.8676,0.2416,0.7636,0.0,1800.0,0.0,6.3
1279.0,2026-05-06T04:20:30.424363+00:00,78.7334,0.0479,96.8982,0.2242,0.7636,0.0,1800.0,0.0,6.3
1279.5,2026-05-06T04:20:30.924384+00:00,78.61,-0.0268,96.9218,0.2109,0.7636,0.0,1800.0,0.0,6.3
1280.0,2026-05-06T04:20:31.430217+00:00,78.6424,0.043,96.8242,0.1235,0.7636,0.0,1800.0,0.0,6.3
1280.5,2026-05-06T04:20:31.924327+00:00,78.7946,0.0331,96.6335,0.0178,0.7636,0.0,1800.0,0.0,6.3
1281.0,2026-05-06T04:20:32.424421+00:00,78.7843,0.0254,96.7183,0.0137,0.7636,0.0,1800.0,0.0,6.3
1281.5,2026-05-06T04:20:32.924353+00:00,78.6491,0.0195,96.7835,-0.028,0.7636,0.0,1800.0,0.0,6.3
1282.0,2026-05-06T04:20:33.424353+00:00,78.5451,-0.0486,96.7179,-0.0601,0.7636,0.0,1800.0,0.0,6.3
1282.5,2026-05-06T04:20:33.931109+00:00,78.5925,-0.101,96.8989,-0.0076,0.7636,0.0,1800.0,0.0,6.3
1283.0,2026-05-06T04:20:34.424376+00:00,78.629,-0.0776,96.9223,0.0327,0.7636,0.0,1800.0,0.0,6.3
1283.5,2026-05-06T04:20:34.924776+00:00,78.657,0.004,97.056,0.1408,0.7636,0.0,1800.0,0.0,6.3
1284.0,2026-05-06T04:20:35.425130+00:00,78.6785,0.0667,97.043,0.1082,0.7636,0.0,1800.0,0.0,6.3
1284.5,2026-05-06T04:20:35.924779+00:00,78.6951,0.0513,96.8017,0.0061,0.7636,0.0,1800.0,0.0,6.3
1285.0,2026-05-06T04:20:36.433037+00:00,78.7078,0.0394,96.8476,0.0432,0.7636,0.0,1800.0,0.0,6.3
1285.5,2026-05-06T04:20:36.924363+00:00,78.8448,0.0939,96.8828,-0.0053,0.7636,0.0,1800.0,0.0,6.3
1286.0,2026-05-06T04:20:37.424318+00:00,78.8229,0.0722,96.9099,-0.0041,0.7636,0.0,1800.0,0.0,6.3
1286.5,2026-05-06T04:20:37.924350+00:00,78.6787,-0.0082,97.0465,-0.0032,0.7636,0.0,1800.0,0.0,6.3
1287.0,2026-05-06T04:20:38.424341+00:00,78.6952,-0.0063,96.92,-0.041,0.7636,0.0,1800.0,0.0,6.3
1287.5,2026-05-06T04:20:38.929562+00:00,78.8352,-0.0048,96.8228,0.0071,0.7636,0.0,1800.0,0.0,6.2488
1288.0,2026-05-06T04:20:39.424748+00:00,78.5609,-0.131,96.8638,0.0054,0.7636,0.0,1800.0,0.0,6.275
1288.5,2026-05-06T04:20:39.924413+00:00,78.7319,0.0266,96.7796,-0.0344,0.7636,0.0,1800.0,0.0,6.2878
1289.0,2026-05-06T04:20:40.424458+00:00,78.6089,-0.0432,96.8306,-0.0264,0.7636,0.0,1800.0,0.0,6.294
1289.5,2026-05-06T04:20:40.924370+00:00,78.7688,-0.0332,96.8698,-0.0589,0.7636,0.0,1800.0,0.0,6.2971
1290.0,2026-05-06T04:20:41.431024+00:00,78.7644,0.1018,96.7842,-0.0453,0.7636,0.0,1800.0,0.0,6.2986
1290.5,2026-05-06T04:20:41.924384+00:00,78.8884,0.0782,96.8342,0.0038,0.7636,0.0,1800.0,0.0,6.2993
1291.0,2026-05-06T04:20:42.424413+00:00,78.8563,0.1237,96.7568,-0.0357,0.7636,0.0,1800.0,0.0,6.2997
1291.5,2026-05-06T04:20:42.924353+00:00,78.8317,0.0315,96.5817,-0.066,0.7636,0.0,1800.0,0.0,6.2486
1292.0,2026-05-06T04:20:43.424731+00:00,78.9401,0.0878,96.5628,-0.0893,0.7636,0.0,1800.0,0.0,6.2237
1292.5,2026-05-06T04:20:43.932679+00:00,79.0234,0.0675,96.4326,-0.1458,0.7636,0.0,1800.0,0.0,6.2116
1293.0,2026-05-06T04:20:44.424776+00:00,79.0874,0.1155,96.6796,-0.0349,0.7636,0.0,1800.0,0.0,6.2569
1293.5,2026-05-06T04:20:44.924525+00:00,79.1366,0.1524,96.638,-0.0654,0.7636,0.0,1800.0,0.0,6.2789
1294.0,2026-05-06T04:20:45.424431+00:00,78.9199,-0.0101,96.6061,-0.0503,0.7636,0.0,1622.97,-177.03,6.2897
1294.5,2026-05-06T04:20:45.924401+00:00,78.626,-0.1987,96.5815,-0.0001,0.7636,0.0,1550.4054,-249.5946,6.295
1295.0,2026-05-06T04:20:46.433120+00:00,78.4002,-0.3436,96.6784,0.0385,0.7556,-0.008,1520.6612,-102.3088,6.2976
1295.5,2026-05-06T04:20:46.924423+00:00,78.2266,-0.455,96.614,0.0605,0.7523,-0.0113,1508.469,-41.9364,6.2988
1296.0,2026-05-06T04:20:47.424397+00:00,77.9659,-0.477,96.7033,0.0079,0.7509,-0.0046,1503.4714,-17.1897,6.2994
1296.5,2026-05-06T04:20:47.924641+00:00,77.7655,-0.4302,96.7719,0.0446,0.7504,-0.0019,1501.4229,-7.0461,6.2997
1297.0,2026-05-06T04:20:48.424459+00:00,77.7388,-0.3307,96.8016,0.0652,0.7502,-0.0008,1500.5833,-2.8882,6.2999
1297.5,2026-05-06T04:20:48.932047+00:00,77.7182,-0.2542,96.8475,0.0887,0.7501,-0.0003,1500.2391,-1.1839,6.2487
1298.0,2026-05-06T04:20:49.427326+00:00,77.7025,-0.1317,96.7671,0.0296,0.75,-0.0001,1500.098,-0.4853,6.275
1298.5,2026-05-06T04:20:49.924411+00:00,77.563,-0.1012,96.9135,0.0999,0.75,-0.0001,1500.0402,-0.1989,6.2878
1299.0,2026-05-06T04:20:50.425450+00:00,77.5832,-0.0778,96.7947,0.0305,0.75,-0.0,1500.0165,-0.0815,6.294
1299.5,2026-05-06T04:20:50.924410+00:00,77.5986,-0.0598,96.7265,-0.0151,0.75,-0.0,1500.0067,-0.0334,6.2971
1300.0,2026-05-06T04:20:51.429804+00:00,77.7378,0.0177,96.7898,-0.0039,0.75,-0.0,1500.0028,-0.0137,6.2986
1300.5,2026-05-06T04:20:51.924686+00:00,77.7175,0.0772,96.8384,-0.003,0.75,-0.0,1500.0011,-0.0056,6.2993
1301.0,2026-05-06T04:20:52.424406+00:00,77.4473,-0.0679,96.6444,-0.0409,0.75,-0.0,1500.0005,-0.0023,6.2997
1301.5,2026-05-06T04:20:52.924383+00:00,77.6215,0.0114,96.7267,-0.0623,0.75,-0.0,1500.0002,-0.0009,6.2998
1302.0,2026-05-06T04:20:53.424952+00:00,77.6281,-0.0549,96.7899,-0.0016,0.75,-0.0,1500.0001,-0.0004,6.2999
1302.5,2026-05-06T04:20:53.931703+00:00,77.6332,-0.0422,96.746,0.0065,0.75,-0.0,1500.0,-0.0002,6.3
1303.0,2026-05-06T04:20:54.424410+00:00,77.5098,0.0312,96.8973,0.0358,0.75,-0.0,1500.0,-0.0001,6.3
1303.5,2026-05-06T04:20:54.924393+00:00,77.6695,0.024,96.9211,0.0275,0.75,-0.0,1500.0,-0.0,6.3
1304.0,2026-05-06T04:20:55.424685+00:00,77.4104,-0.1088,96.9162,0.0906,0.75,-0.0,1500.0,-0.0,6.3
1304.5,2026-05-06T04:20:55.924396+00:00,77.3386,-0.1473,97.0513,0.1082,0.75,-0.0,1500.0,-0.0,6.3
1305.0,2026-05-06T04:20:56.442319+00:00,77.2834,-0.1132,97.1551,0.1217,0.75,-0.0,1500.0,-0.0,6.3
1305.5,2026-05-06T04:20:56.925327+00:00,77.3682,-0.1506,97.1192,0.1244,0.75,-0.0,1500.0,-0.0,6.2488
1306.0,2026-05-06T04:20:57.424453+00:00,77.4334,0.0115,97.0916,0.0648,0.75,-0.0,1500.0,-0.0,6.2238
1306.5,2026-05-06T04:20:57.924471+00:00,77.3563,0.0088,97.0704,0.0498,0.75,-0.0,1500.0,-0.0,6.2116
1307.0,2026-05-06T04:20:58.424412+00:00,77.297,0.0068,96.9153,-0.0003,0.75,-0.0,1500.0,-0.0,6.2057
1307.5,2026-05-06T04:20:58.931368+00:00,77.3787,0.0052,96.7961,-0.0851,0.75,-0.0,1500.0,-0.0,6.2028
1308.0,2026-05-06T04:20:59.425383+00:00,77.1869,-0.1233,96.7275,-0.1425,0.75,-0.0,1500.0,-0.0,6.2526
1308.5,2026-05-06T04:20:59.924396+00:00,77.2941,-0.0311,96.6749,-0.1481,0.75,-0.0,1500.0,-0.0,6.2768
1309.0,2026-05-06T04:21:00.424400+00:00,77.2492,-0.0239,96.7501,-0.1138,0.75,-0.0,1500.0,-0.0,6.2887
1309.5,2026-05-06T04:21:00.924853+00:00,77.3419,-0.0184,96.6691,-0.1338,0.75,-0.0,1500.0,-0.0,6.2945
1310.0,2026-05-06T04:21:01.432458+00:00,77.2859,0.0495,96.63,-0.0951,0.75,-0.0,1500.0,-0.0,6.2973
1310.5,2026-05-06T04:21:01.924388+00:00,77.2429,-0.0256,96.4842,-0.104,0.75,-0.0,1500.0,-0.0,6.3499
1311.0,2026-05-06T04:21:02.424343+00:00,77.3371,0.044,96.4879,-0.0799,0.75,-0.0,1500.0,-0.0,6.3755
1311.5,2026-05-06T04:21:02.924397+00:00,77.4095,0.0338,96.4675,-0.0691,0.75,-0.0,1500.0,-0.0,6.3881
1312.0,2026-05-06T04:21:03.424398+00:00,77.2106,-0.0377,96.5907,-0.0531,0.75,-0.0,1500.0,-0.0,6.3942
1312.5,2026-05-06T04:21:03.931777+00:00,77.185,-0.0289,96.6623,-0.0023,0.75,-0.0,1500.0,-0.0,6.346
1313.0,2026-05-06T04:21:04.424413+00:00,77.0381,-0.1495,96.6247,-0.0017,0.75,-0.0,1500.0,-0.0,6.3224
1313.5,2026-05-06T04:21:04.924404+00:00,76.9251,-0.2422,96.5727,0.0295,0.75,-0.0,1500.0,-0.0,6.3109
1314.0,2026-05-06T04:21:05.424408+00:00,77.0929,-0.0589,96.6716,0.0613,0.75,0.0,1500.0,-0.0,6.3053
1314.5,2026-05-06T04:21:05.924405+00:00,77.3491,0.082,96.6319,0.0548,0.75,0.0,1500.0,0.0,6.3026
1315.0,2026-05-06T04:21:06.430927+00:00,77.4187,0.1903,96.8328,0.0807,0.75,0.0,1500.0,0.0,6.3013
1315.5,2026-05-06T04:21:06.924404+00:00,77.345,0.2099,96.6632,0.0003,0.75,0.0,1500.0,0.0,6.3006
1316.0,2026-05-06T04:21:07.424435+00:00,77.2883,0.0977,96.718,0.0311,0.75,0.0,1500.0,0.0,6.3003
1316.5,2026-05-06T04:21:07.924467+00:00,77.2447,-0.0522,96.6676,0.0316,0.75,0.0,1500.0,0.0,6.3001
1317.0,2026-05-06T04:21:08.424442+00:00,77.2112,-0.1037,96.5131,-0.0528,0.75,0.0,1500.0,0.0,6.3001
1317.5,2026-05-06T04:21:08.929935+00:00,77.1855,-0.0797,96.5101,-0.0406,0.75,0.0,1500.0,0.0,6.3
1318.0,2026-05-06T04:21:09.424713+00:00,77.1657,-0.0613,96.5077,-0.1083,0.75,0.0,1500.0,0.0,6.3
1318.5,2026-05-06T04:21:09.924443+00:00,77.1505,-0.0471,96.2745,-0.1296,0.75,0.0,1500.0,0.0,6.3
1319.0,2026-05-06T04:21:10.424435+00:00,77.2661,0.0274,96.3267,-0.1304,0.75,0.0,1500.0,0.0,6.3
1319.5,2026-05-06T04:21:10.924423+00:00,76.9731,-0.1062,96.3668,-0.1002,0.75,0.0,1500.0,0.0,6.3
1320.0,2026-05-06T04:21:11.435926+00:00,76.8752,-0.1452,96.1662,-0.1156,0.75,0.0,1500.0,0.0,6.3
1320.5,2026-05-06T04:21:11.924443+00:00,76.9272,-0.1116,96.1278,-0.1274,0.75,0.0,1500.0,0.0,6.3
1321.0,2026-05-06T04:21:12.424426+00:00,76.9672,-0.1494,96.4453,-0.0208,0.75,0.0,1500.0,0.0,6.3
1321.5,2026-05-06T04:21:12.925289+00:00,76.8707,-0.0512,96.2266,-0.016,0.75,0.0,1500.0,0.0,6.3
1322.0,2026-05-06T04:21:13.424435+00:00,76.7965,-0.0394,96.1741,-0.0509,0.75,0.0,1500.0,0.0,6.3
1322.5,2026-05-06T04:21:13.929377+00:00,76.8667,-0.0303,96.2495,-0.0391,0.75,0.0,1500.0,0.0,6.2488
1323.0,2026-05-06T04:21:14.424446+00:00,76.7934,-0.0869,96.4232,0.0857,0.75,0.0,1500.0,0.0,6.275
1323.5,2026-05-06T04:21:14.924449+00:00,76.8644,-0.0032,96.441,0.1044,0.75,0.0,1500.0,0.0,6.2878
1324.0,2026-05-06T04:21:15.424413+00:00,76.7916,-0.0024,96.5703,0.0417,0.75,0.0,1500.0,0.0,6.294
1324.5,2026-05-06T04:21:15.925373+00:00,76.7357,-0.0655,96.5541,0.1092,0.75,0.0,1500.0,0.0,6.2971
1325.0,2026-05-06T04:21:16.429147+00:00,76.6927,-0.0503,96.5415,0.1225,0.75,0.0,1500.0,0.0,6.2986
1325.5,2026-05-06T04:21:16.924393+00:00,76.6597,-0.1023,96.7633,0.1713,0.75,0.0,1500.0,0.0,6.2993
1326.000003,2026-05-06T04:21:17.425091+00:00,76.6343,-0.0786,96.8181,0.1316,0.75,0.0,1500.0,0.0,6.2997
1326.5,2026-05-06T04:21:17.924379+00:00,76.7421,0.0032,96.8602,0.1397,0.75,0.0,1500.0,0.0,6.2998
1327.0,2026-05-06T04:21:18.425036+00:00,76.8249,0.0661,97.1239,0.1845,0.75,0.0,1500.0,0.0,6.2999
1327.5,2026-05-06T04:21:18.931997+00:00,76.7613,0.0508,97.0953,0.1804,0.75,0.0,1500.0,0.0,6.2488
1328.0,2026-05-06T04:21:19.424401+00:00,76.7124,0.039,97.0732,0.1772,0.75,0.0,1500.0,0.0,6.275
1328.5,2026-05-06T04:21:19.924363+00:00,76.8021,0.03,97.0563,0.0976,0.75,0.0,1500.0,0.0,6.2878
1329.0,2026-05-06T04:21:20.424394+00:00,76.7438,-0.0406,96.9276,0.0365,0.75,0.0,1500.0,0.0,6.294
1329.5,2026-05-06T04:21:20.924417+00:00,76.9535,0.0961,96.9443,0.028,0.75,0.0,1500.0,0.0,6.2971
1330.0,2026-05-06T04:21:21.432056+00:00,76.8601,0.0739,97.0729,-0.017,0.75,0.0,1500.0,0.0,6.2986
1330.5,2026-05-06T04:21:21.924411+00:00,76.9156,0.0568,96.9403,-0.0516,0.75,0.0,1500.0,0.0,6.2481
1331.0,2026-05-06T04:21:22.424449+00:00,76.7037,-0.02,96.7227,-0.1168,0.75,0.0,1500.0,0.0,6.2747
1331.5,2026-05-06T04:21:22.924413+00:00,76.6682,-0.1426,96.9026,-0.0512,0.75,0.0,1500.0,0.0,6.2876
1332.0,2026-05-06T04:21:23.424412+00:00,76.6408,-0.1096,96.578,-0.1165,0.75,0.0,1500.0,0.0,6.294
1332.5,2026-05-06T04:21:23.932954+00:00,76.7471,-0.0843,96.6757,-0.0895,0.75,0.0,1500.0,0.0,6.2459
1333.0,2026-05-06T04:21:24.424451+00:00,76.8287,0.0625,96.7276,-0.1151,0.75,0.0,1500.0,0.0,6.2736
1333.5,2026-05-06T04:21:24.924429+00:00,76.7642,0.048,96.5592,-0.127,0.75,0.0,1500.0,0.0,6.2871
1334.0,2026-05-06T04:21:25.424389+00:00,76.7147,0.0369,96.6612,-0.0205,0.75,0.0,1500.0,0.0,6.2937
1334.5,2026-05-06T04:21:25.924416+00:00,76.6766,-0.0353,96.8553,-0.0158,0.75,0.0,1500.0,0.0,6.2969
1335.0,2026-05-06T04:21:26.429100+00:00,76.7745,-0.0271,96.8657,0.0959,0.75,0.0,1500.0,0.0,6.2985
1335.5,2026-05-06T04:21:26.924417+00:00,76.8499,0.0428,96.7579,0.0274,0.75,0.0,1500.0,0.0,6.2993
1336.0,2026-05-06T04:21:27.424461+00:00,76.9077,0.0965,96.8139,0.0288,0.75,0.0,1500.0,0.0,6.2996
1336.5,2026-05-06T04:21:27.924418+00:00,76.825,0.0742,96.857,0.0993,0.75,0.0,1500.0,0.0,6.2998
1337.0,2026-05-06T04:21:28.425731+00:00,76.8886,0.057,96.7512,0.03,0.75,0.0,1500.0,0.0,6.2999
1337.500464,2026-05-06T04:21:28.934555+00:00,76.9375,0.0438,96.5774,-0.0926,0.75,0.0,1500.0,0.0,6.3
1338.0,2026-05-06T04:21:29.424413+00:00,76.9751,0.0337,96.5595,-0.1021,0.75,0.0,1500.0,0.0,6.3
1338.5,2026-05-06T04:21:29.924416+00:00,76.8767,0.0259,96.43,-0.1093,0.75,0.0,1500.0,0.0,6.3
1339.0,2026-05-06T04:21:30.424817+00:00,76.6739,-0.1074,96.6545,-0.0531,0.75,0.0,1500.0,0.0,6.3
1339.5,2026-05-06T04:21:30.924396+00:00,76.6452,-0.1462,96.7344,-0.0409,0.75,0.0,1500.0,0.0,6.3
1340.0,2026-05-06T04:21:31.429751+00:00,76.6232,-0.176,96.7959,0.0149,0.75,0.0,1500.0,0.0,6.3
1340.5,2026-05-06T04:21:31.924446+00:00,76.6062,-0.1353,96.8431,0.0886,0.75,0.0,1500.0,0.0,6.3
1341.0,2026-05-06T04:21:32.424975+00:00,76.7205,0.0233,96.8794,0.1066,0.75,0.0,1500.0,0.0,6.3
1341.5,2026-05-06T04:21:32.924370+00:00,76.5538,-0.0457,96.6759,0.082,0.75,0.0,1500.0,0.0,6.3
1342.0,2026-05-06T04:21:33.424427+00:00,76.6802,0.0285,96.7509,0.0321,0.75,0.0,1500.0,0.0,6.3
1342.5,2026-05-06T04:21:33.930350+00:00,76.65,0.0219,96.8086,0.0247,0.75,0.0,1500.0,0.0,6.3
1343.0,2026-05-06T04:21:34.424466+00:00,76.7542,0.0168,96.9454,0.0498,0.75,0.0,1500.0,0.0,6.3
1343.5,2026-05-06T04:21:34.924387+00:00,76.8342,0.1402,96.958,0.0383,0.75,0.0,1500.0,0.0,6.3
1344.0,2026-05-06T04:21:35.425298+00:00,76.7684,0.0441,97.0835,0.068,0.75,0.0,1500.0,0.0,6.3
1344.5,2026-05-06T04:21:35.925104+00:00,76.7179,0.0339,97.0641,0.1294,0.75,0.0,1500.0,0.0,6.3
1345.0,2026-05-06T04:21:36.430912+00:00,76.8063,0.0261,97.165,0.138,0.75,0.0,1500.0,0.0,6.3
1345.5,2026-05-06T04:21:36.924398+00:00,76.747,-0.0436,97.1037,0.0984,0.75,0.0,1500.0,0.0,6.3
1346.0,2026-05-06T04:21:37.424818+00:00,76.8287,0.0301,96.964,0.0062,0.75,0.0,1500.0,0.0,6.3
1346.5,2026-05-06T04:21:37.924447+00:00,76.8915,0.0868,96.8335,-0.0415,0.75,0.0,1500.0,0.0,6.3
1347.0,2026-05-06T04:21:38.424404+00:00,76.8125,0.0031,96.9877,-0.0319,0.75,0.0,1500.0,0.0,6.3
1347.5,2026-05-06T04:21:38.931533+00:00,76.7517,0.0024,96.9906,-0.0245,0.75,0.0,1500.0,0.0,6.2488
1348.0,2026-05-06T04:21:39.424713+00:00,76.705,-0.0618,96.9927,-0.0574,0.75,0.0,1500.0,0.0,6.275
1348.5,2026-05-06T04:21:39.924445+00:00,76.7964,-0.0475,97.1101,0.0021,0.75,0.0,1500.0,0.0,6.2878
1349.0,2026-05-06T04:21:40.424396+00:00,76.4849,-0.1638,97.0846,0.0402,0.75,0.0,1500.0,0.0,6.294
1349.5,2026-05-06T04:21:40.924471+00:00,76.4999,-0.1259,97.2965,0.1543,0.75,0.0,1500.0,0.0,6.2971
1350.0,2026-05-06T04:21:41.439582+00:00,76.5115,-0.0968,97.3436,0.1186,0.75,0.0,1500.0,0.0,6.2986
1350.5,2026-05-06T04:21:41.924418+00:00,76.5204,-0.138,97.2641,0.0912,0.75,0.0,1500.0,0.0,6.2993
1351.0,2026-05-06T04:21:42.424383+00:00,76.5273,0.0212,97.203,0.0701,0.75,0.0,1500.0,0.0,6.2997
1351.5,2026-05-06T04:21:42.926691+00:00,76.6598,0.0799,97.2717,0.0539,0.75,0.0,1500.0,0.0,6.2998
1352.0,2026-05-06T04:21:43.424388+00:00,76.5071,-0.0022,97.3245,0.08,0.75,0.0,1500.0,0.0,6.2999
1352.5,2026-05-06T04:21:43.931266+00:00,76.3898,-0.0653,97.3651,0.0229,0.75,0.0,1500.0,0.0,6.2488
1353.0,2026-05-06T04:21:44.424390+00:00,76.4269,-0.0502,97.3038,-0.0133,0.75,0.0,1500.0,0.0,6.275
1353.5,2026-05-06T04:21:44.924712+00:00,76.4553,-0.1022,97.3492,0.0284,0.75,0.0,1500.0,0.0,6.2878
1354.0,2026-05-06T04:21:45.425066+00:00,76.4772,-0.0149,97.3841,0.0604,0.75,0.0,1500.0,0.0,6.294
1354.5,2026-05-06T04:21:45.925409+00:00,76.3668,-0.0115,97.2952,0.0078,0.75,0.0,1500.0,0.0,6.2971
1355.0,2026-05-06T04:21:46.431248+00:00,76.4092,-0.0088,97.4583,0.0446,0.75,0.0,1500.0,0.0,6.2986
1355.5,2026-05-06T04:21:46.928471+00:00,76.4418,-0.0068,97.3522,-0.0043,0.75,0.0,1500.0,0.0,6.2993
1356.0,2026-05-06T04:21:47.424404+00:00,76.5941,0.0584,97.2707,-0.011,0.75,0.0,1500.0,0.0,6.2997
1356.5,2026-05-06T04:21:47.924395+00:00,76.5839,0.1085,97.3006,-0.0162,0.75,0.0,1500.0,0.0,6.2998
1357.0,2026-05-06T04:21:48.424446+00:00,76.7033,0.1471,97.2079,-0.0587,0.75,0.0,1500.0,0.0,6.2999
1357.5,2026-05-06T04:21:48.930818+00:00,76.6678,0.113,97.1598,-0.0451,0.75,0.0,1500.0,0.0,6.2488
1358.0,2026-05-06T04:21:49.425337+00:00,76.6406,0.0232,97.1228,-0.1118,0.75,0.0,1500.0,0.0,6.275
1358.5,2026-05-06T04:21:49.924397+00:00,76.7469,0.0815,97.0944,-0.0859,0.75,0.0,1500.0,0.0,6.2878
1359.0,2026-05-06T04:21:50.424536+00:00,76.5741,-0.0646,97.0494,-0.0738,0.75,0.0,1500.0,0.0,6.294
1359.5,2026-05-06T04:21:50.924374+00:00,76.5685,-0.0497,97.1537,-0.049,0.75,0.0,1500.0,0.0,6.2971
1360.0,2026-05-06T04:21:51.428622+00:00,76.6915,0.0255,97.0024,-0.0685,0.75,0.0,1500.0,0.0,6.2986
1360.5,2026-05-06T04:21:51.924414+00:00,76.6587,-0.0441,97.1176,-0.0141,0.75,0.0,1500.0,0.0,6.2993
1361.0,2026-05-06T04:21:52.424624+00:00,76.5063,-0.0339,96.8358,-0.0957,0.75,0.0,1500.0,0.0,6.2997
1361.5,2026-05-06T04:21:52.924395+00:00,76.2619,-0.1533,96.6656,-0.143,0.75,0.0,1500.0,0.0,6.2998
1362.0,2026-05-06T04:21:53.425529+00:00,76.4558,-0.1178,96.6041,-0.1484,0.75,0.0,1500.0,0.0,6.2999
1362.5,2026-05-06T04:21:53.934521+00:00,76.4776,-0.0906,96.4643,-0.2298,0.75,0.0,1500.0,0.0,6.3
1363.000392,2026-05-06T04:21:54.425534+00:00,76.6216,0.0577,96.38,-0.2075,0.75,0.0,1500.0,0.0,6.3
1363.5,2026-05-06T04:21:54.924385+00:00,76.6051,0.1716,96.6392,-0.1595,0.75,0.0,1500.0,0.0,6.3
1364.0,2026-05-06T04:21:55.424841+00:00,76.7196,0.1319,96.4913,-0.1148,0.75,0.0,1500.0,0.0,6.3
1364.5,2026-05-06T04:21:55.925404+00:00,76.6803,0.1014,96.285,-0.1268,0.75,0.0,1500.0,0.0,6.3
1365.0,2026-05-06T04:21:56.430655+00:00,76.6502,0.0143,96.5662,-0.0126,0.75,0.0,1500.0,0.0,6.3
1365.5,2026-05-06T04:21:56.924528+00:00,76.627,0.011,96.7823,0.106,0.75,0.0,1500.0,0.0,6.3
1366.0,2026-05-06T04:21:57.424403+00:00,76.6092,-0.0552,96.6938,0.1046,0.75,0.0,1500.0,0.0,6.3
1366.5,2026-05-06T04:21:57.924369+00:00,76.4682,-0.1061,96.7647,0.0418,0.75,0.0,1500.0,0.0,6.3
1367.0,2026-05-06T04:21:58.424739+00:00,76.4871,-0.0815,96.7266,0.0784,0.75,0.0,1500.0,0.0,6.3
1367.5,2026-05-06T04:21:58.929314+00:00,76.5017,-0.0627,96.6973,0.1374,0.75,0.0,1500.0,0.0,6.3
1368.0,2026-05-06T04:21:59.424367+00:00,76.3856,-0.1118,96.883,0.1056,0.75,0.0,1500.0,0.0,6.3
1368.5,2026-05-06T04:21:59.924437+00:00,76.5509,0.0413,97.1415,0.1197,0.75,0.0,1500.0,0.0,6.3
1369.0,2026-05-06T04:22:00.424371+00:00,76.2962,-0.0955,97.1088,0.1383,0.75,0.0,1500.0,0.0,6.3
1369.5,2026-05-06T04:22:00.926148+00:00,76.2276,-0.137,97.0836,0.1063,0.75,0.0,1500.0,0.0,6.3
1370.0,2026-05-06T04:22:01.431967+00:00,76.175,-0.1053,97.0411,0.1048,0.75,0.0,1500.0,0.0,6.3
1370.5,2026-05-06T04:22:01.924370+00:00,76.2617,-0.1446,96.6845,-0.0043,0.75,0.0,1500.0,0.0,6.3
1371.0,2026-05-06T04:22:02.424880+00:00,76.4557,0.0798,96.6418,-0.0804,0.75,0.0,1500.0,0.0,6.3
1371.5,2026-05-06T04:22:02.925919+00:00,76.4775,0.125,96.4933,-0.2161,0.75,0.0,1500.0,0.0,6.3
1372.0,2026-05-06T04:22:03.424372+00:00,76.2398,0.0324,96.4717,-0.2123,0.75,0.0,1500.0,0.0,6.3
1372.5,2026-05-06T04:22:03.931273+00:00,76.1843,-0.0387,96.3394,-0.2481,0.75,0.0,1500.0,0.0,6.3
1373.0,2026-05-06T04:22:04.424901+00:00,76.1416,-0.157,96.1452,-0.2986,0.75,0.0,1500.0,0.0,6.3
1373.5,2026-05-06T04:22:04.924407+00:00,76.3634,-0.0571,96.1116,-0.191,0.75,0.0,1500.0,0.0,6.3
1374.0,2026-05-06T04:22:05.425056+00:00,76.2793,0.0198,96.294,-0.1159,0.75,0.0,1500.0,0.0,6.3
1374.5,2026-05-06T04:22:05.924406+00:00,76.4692,0.1425,96.4574,-0.012,0.75,0.0,1500.0,0.0,6.3
1375.0,2026-05-06T04:22:06.432103+00:00,76.6152,0.2368,96.3284,-0.0478,0.75,0.0,1500.0,0.0,6.3
1375.5,2026-05-06T04:22:06.924463+00:00,76.7274,0.182,96.345,0.0019,0.75,0.0,1500.0,0.0,6.2488
1376.0,2026-05-06T04:22:07.425631+00:00,76.6863,0.2035,96.4965,0.1171,0.75,0.0,1500.0,0.0,6.2238
1376.5,2026-05-06T04:22:07.925402+00:00,76.6548,0.0928,96.613,0.1672,0.75,0.0,1500.0,0.0,6.2116
1377.0,2026-05-06T04:22:08.424472+00:00,76.5033,-0.056,96.7026,0.1362,0.75,0.0,1500.0,0.0,6.2057
1377.5,2026-05-06T04:22:08.930712+00:00,76.5141,-0.1066,96.7483,0.097,0.75,0.0,1500.0,0.0,6.2028
1378.0,2026-05-06T04:22:09.424680+00:00,76.5224,-0.082,96.4594,0.0437,0.75,0.0,1500.0,0.0,6.2526
1378.5,2026-05-06T04:22:09.924469+00:00,76.4015,-0.1266,96.5845,0.0798,0.75,0.0,1500.0,0.0,6.2768
1379.0,2026-05-06T04:22:10.425404+00:00,76.4359,-0.0337,96.7732,0.0922,0.75,0.0,1500.0,0.0,6.2887
1379.5,2026-05-06T04:22:10.924375+00:00,76.5895,0.0377,96.6869,0.0246,0.75,0.0,1500.0,0.0,6.2945
1380.0,2026-05-06T04:22:11.432959+00:00,76.5804,0.029,96.875,0.0575,0.75,0.0,1500.0,0.0,6.2973
1380.5,2026-05-06T04:22:11.924455+00:00,76.5734,0.0859,97.0196,0.0905,0.75,0.0,1500.0,0.0,6.2987
1381.0,2026-05-06T04:22:12.425266+00:00,76.4407,0.0024,97.0151,0.1852,0.75,0.0,1500.0,0.0,6.2994
1381.5,2026-05-06T04:22:12.925289+00:00,76.2114,-0.1891,97.1042,0.1732,0.75,0.0,1500.0,0.0,6.2997
1382.0,2026-05-06T04:22:13.424424+00:00,76.2898,-0.1453,96.733,-0.0134,0.75,0.0,1500.0,0.0,6.2998
1382.5,2026-05-06T04:22:13.930149+00:00,76.2227,-0.1753,96.7948,0.036,0.75,0.0,1500.0,0.0,6.2487
1383.0,2026-05-06T04:22:14.424419+00:00,76.1712,-0.1347,96.7265,-0.0495,0.75,0.0,1500.0,0.0,6.275
1383.500004,2026-05-06T04:22:14.925184+00:00,76.0043,-0.1036,96.4427,-0.1923,0.75,0.0,1500.0,0.0,6.2878
1384.0,2026-05-06T04:22:15.424416+00:00,76.1306,-0.0796,96.5717,-0.1478,0.75,0.0,1500.0,0.0,6.294
1384.5,2026-05-06T04:22:15.924418+00:00,76.2276,0.0025,96.4163,-0.2293,0.75,0.0,1500.0,0.0,6.2971
1385.0,2026-05-06T04:22:16.433909+00:00,76.175,0.0019,96.4356,-0.0991,0.75,0.0,1500.0,0.0,6.2986
1385.5,2026-05-06T04:22:16.924433+00:00,76.389,0.1924,96.3348,-0.1533,0.75,0.0,1500.0,0.0,6.2481
1386.0,2026-05-06T04:22:17.424376+00:00,76.4263,0.1478,96.2573,-0.1564,0.75,0.0,1500.0,0.0,6.2235
1386.5,2026-05-06T04:22:17.925405+00:00,76.4549,0.1136,96.0821,-0.1202,0.75,0.0,1500.0,0.0,6.2115
1387.0,2026-05-06T04:22:18.424400+00:00,76.3496,0.0873,96.04,-0.1772,0.75,0.0,1500.0,0.0,6.2056
1387.5,2026-05-06T04:22:18.931349+00:00,76.396,0.0035,96.1464,-0.0899,0.75,0.0,1500.0,0.0,6.2027
1388.0,2026-05-06T04:22:19.424539+00:00,76.3044,-0.061,96.2282,-0.0691,0.75,0.0,1500.0,0.0,6.2525
1388.5,2026-05-06T04:22:19.924407+00:00,76.1067,-0.1741,96.268,-0.0223,0.75,0.0,1500.0,0.0,6.2256
1389.0,2026-05-06T04:22:20.424405+00:00,75.9547,-0.1975,96.206,-0.0171,0.75,0.0,1500.0,0.0,6.2125
1389.5,2026-05-06T04:22:20.924435+00:00,76.2197,-0.0881,96.3897,0.1025,0.75,0.0,1500.0,0.0,6.2061
1390.0,2026-05-06T04:22:21.429856+00:00,76.4234,0.0595,96.4152,0.1251,0.75,0.0,1500.0,0.0,6.203
1390.5,2026-05-06T04:22:21.926578+00:00,76.3254,0.1094,96.6662,0.1733,0.75,0.0,1500.0,0.0,6.2015
1391.0,2026-05-06T04:22:22.424458+00:00,76.1229,0.0841,96.8592,0.2103,0.75,0.0,1500.0,0.0,6.2007
1391.5,2026-05-06T04:22:22.924374+00:00,76.2217,0.001,96.5215,0.0845,0.75,0.0,1500.0,0.0,6.2003
1392.0,2026-05-06T04:22:23.424392+00:00,76.2977,-0.0629,96.7479,0.1807,0.75,0.0,1500.0,0.0,6.2002
1392.5,2026-05-06T04:22:23.930149+00:00,76.2288,-0.0483,96.7831,0.1311,0.75,0.0,1500.0,0.0,6.2001
1393.0,2026-05-06T04:22:24.425742+00:00,76.1758,0.0265,96.8102,0.1316,0.75,0.0,1500.0,0.0,6.2512
1393.5,2026-05-06T04:22:24.924409+00:00,76.0079,-0.1069,96.9698,0.1012,0.75,0.0,1500.0,0.0,6.2762
1394.0,2026-05-06T04:22:25.424428+00:00,75.8788,-0.2094,96.9536,0.0315,0.75,0.0,1500.0,0.0,6.2884
1394.5,2026-05-06T04:22:25.926103+00:00,75.7796,-0.2246,97.0801,0.1862,0.75,0.0,1500.0,0.0,6.2943
1395.0,2026-05-06T04:22:26.432249+00:00,75.8306,-0.1726,97.1772,0.1431,0.75,0.0,1500.0,0.0,6.2972
1395.5,2026-05-06T04:22:26.927259+00:00,75.9971,-0.0054,97.1362,0.1177,0.75,0.0,1500.0,0.0,6.2987
1396.0,2026-05-06T04:22:27.424455+00:00,76.125,0.1231,97.1047,0.0982,0.75,0.0,1500.0,0.0,6.2993
1396.5,2026-05-06T04:22:27.924465+00:00,75.9688,0.0946,96.9648,-0.0017,0.75,0.0,1500.0,0.0,6.2997
1397.0,2026-05-06T04:22:28.424391+00:00,75.976,0.0727,96.3713,-0.1941,0.75,0.0,1500.0,0.0,6.2998
1397.5,2026-05-06T04:22:28.929129+00:00,76.1088,0.0559,96.6325,-0.1492,0.75,0.0,1500.0,0.0,6.2487
1398.0,2026-05-06T04:22:29.424697+00:00,76.0837,-0.0207,96.6018,-0.1918,0.75,0.0,1500.0,0.0,6.275
1398.5,2026-05-06T04:22:29.924383+00:00,76.0643,0.0477,96.694,-0.1474,0.75,0.0,1500.0,0.0,6.2878
1399.0,2026-05-06T04:22:30.425034+00:00,75.7949,-0.0906,96.7648,-0.1133,0.75,0.0,1500.0,0.0,6.294
1399.5,2026-05-06T04:22:30.924381+00:00,75.9696,-0.0696,96.9349,-0.01,0.75,0.0,1500.0,0.0,6.2971
1400.0,2026-05-06T04:22:31.430184+00:00,76.1039,0.0101,97.0657,0.2315,0.75,0.0,1500.0,0.0,6.2986
1400.5,2026-05-06T04:22:31.924393+00:00,76.2071,0.0714,97.1662,0.1779,0.75,0.0,1500.0,0.0,6.2481
1401.0,2026-05-06T04:22:32.424422+00:00,76.2865,0.2458,97.1046,0.1676,0.75,0.0,1500.0,0.0,6.2235
1401.5,2026-05-06T04:22:32.925395+00:00,76.4747,0.2526,97.1961,0.1674,0.75,0.0,1500.0,0.0,6.2115
1402.0,2026-05-06T04:22:33.424461+00:00,76.3649,0.1305,97.1507,0.1286,0.75,0.0,1500.0,0.0,6.2056
1402.5,2026-05-06T04:22:33.932781+00:00,76.1532,-0.027,97.1158,0.0603,0.75,0.0,1500.0,0.0,6.2027
1403.0,2026-05-06T04:22:34.424682+00:00,75.9905,-0.148,97.2047,0.0464,0.75,0.0,1500.0,0.0,6.2525
1403.5,2026-05-06T04:22:34.924825+00:00,76.1199,-0.1774,97.2731,0.0356,0.75,0.0,1500.0,0.0,6.2768
1404.0,2026-05-06T04:22:35.424445+00:00,76.2195,-0.0727,97.3256,0.0737,0.75,0.0,1500.0,0.0,6.2887
1404.5,2026-05-06T04:22:35.925276+00:00,76.2959,0.0714,97.2502,0.0181,0.75,0.0,1500.0,0.0,6.2945
1405.0,2026-05-06T04:22:36.433626+00:00,76.2275,0.1185,96.9609,-0.0633,0.75,0.0,1500.0,0.0,6.2973
1405.5,2026-05-06T04:22:36.924428+00:00,76.1748,0.0274,96.7386,-0.1258,0.75,0.0,1500.0,0.0,6.2987
1406.0,2026-05-06T04:22:37.424431+00:00,76.0071,-0.1062,96.7991,-0.1352,0.75,0.0,1500.0,0.0,6.2994
1406.5,2026-05-06T04:22:37.925349+00:00,76.0055,-0.1452,96.8456,-0.1425,0.75,0.0,1500.0,0.0,6.2997
1407.0,2026-05-06T04:22:38.424415+00:00,76.0042,-0.1116,96.5111,-0.2715,0.75,0.0,1500.0,0.0,6.2998
1407.5,2026-05-06T04:22:38.932398+00:00,76.0032,-0.0858,96.4854,-0.255,0.75,0.0,1500.0,0.0,6.2999
1408.0,2026-05-06T04:22:39.424569+00:00,75.8752,-0.0659,96.6044,-0.1188,0.75,0.0,1500.0,0.0,6.3
1408.5,2026-05-06T04:22:39.924423+00:00,75.9041,-0.0507,96.5803,-0.0528,0.75,0.0,1500.0,0.0,6.3
1409.0,2026-05-06T04:22:40.424462+00:00,75.799,-0.1026,96.7931,-0.002,0.75,0.0,1500.0,0.0,6.3
1409.5,2026-05-06T04:22:40.924389+00:00,75.8455,-0.0789,96.6096,-0.0787,0.75,0.0,1500.0,0.0,6.3
1410.0,2026-05-06T04:22:41.430881+00:00,76.0085,0.0667,96.4685,-0.0142,0.75,0.0,1500.0,0.0,6.3
1410.5,2026-05-06T04:22:41.924419+00:00,76.0066,0.0512,96.5915,0.0354,0.75,0.0,1500.0,0.0,6.3
1411.0,2026-05-06T04:22:42.424370+00:00,76.005,0.103,96.5703,-0.0114,0.75,0.0,1500.0,0.0,6.3
1411.5,2026-05-06T04:22:42.924399+00:00,75.8766,0.0155,96.5541,-0.0087,0.75,0.0,1500.0,0.0,6.3
1412.0,2026-05-06T04:22:43.424422+00:00,76.0324,0.0119,96.3101,-0.161,0.75,0.0,1500.0,0.0,6.3
1412.5,2026-05-06T04:22:43.932851+00:00,76.1522,0.0728,96.4466,-0.0543,0.75,0.0,1500.0,0.0,6.3
1413.0,2026-05-06T04:22:44.424463+00:00,75.8624,-0.0713,96.4358,-0.0109,0.75,0.0,1500.0,0.0,6.3
1413.5,2026-05-06T04:22:44.924413+00:00,76.0215,0.0725,96.6821,0.0302,0.75,0.0,1500.0,0.0,6.3
1414.0,2026-05-06T04:22:45.425597+00:00,75.8893,-0.0716,96.64,0.0232,0.75,0.0,1500.0,0.0,6.3
1414.5,2026-05-06T04:22:45.924437+00:00,75.7876,-0.1823,96.4919,-0.0207,0.75,0.0,1500.0,0.0,6.3
1415.0,2026-05-06T04:22:46.432084+00:00,75.8368,-0.0128,96.6095,0.0998,0.75,0.0,1500.0,0.0,6.3
1415.5,2026-05-06T04:22:46.924390+00:00,76.0018,-0.0099,96.6998,0.0844,0.75,0.0,1500.0,0.0,6.3
1416.0,2026-05-06T04:22:47.424391+00:00,76.1287,0.1197,96.6536,0.0726,0.75,0.0,1500.0,0.0,6.3
1416.5,2026-05-06T04:22:47.925425+00:00,75.9716,0.092,96.7337,0.0172,0.75,0.0,1500.0,0.0,6.3
1417.0,2026-05-06T04:22:48.425519+00:00,76.1055,0.1343,96.9111,0.0904,0.75,0.0,1500.0,0.0,6.3
1417.5,2026-05-06T04:22:48.932694+00:00,76.0811,0.0396,96.8159,0.108,0.75,0.0,1500.0,0.0,6.2488
1418.0,2026-05-06T04:22:49.424401+00:00,76.1896,0.0305,96.8585,0.083,0.75,0.0,1500.0,0.0,6.275
1418.5,2026-05-06T04:22:49.924439+00:00,76.1457,0.087,96.8913,0.0638,0.75,0.0,1500.0,0.0,6.2878
1419.0,2026-05-06T04:22:50.424549+00:00,76.112,0.0033,96.685,0.0105,0.75,0.0,1500.0,0.0,6.294
1419.5,2026-05-06T04:22:50.924725+00:00,76.0861,0.0025,96.8736,0.0466,0.75,0.0,1500.0,0.0,6.2971
1420.0,2026-05-06T04:22:51.432885+00:00,75.9389,-0.1253,96.9029,-0.0027,0.75,0.0,1500.0,0.0,6.2986
1420.5,2026-05-06T04:22:51.924385+00:00,76.0803,-0.0327,96.6708,-0.0484,0.75,0.0,1500.0,0.0,6.2993
1421.0,2026-05-06T04:22:52.424394+00:00,75.9344,-0.0888,96.8627,0.0014,0.75,0.0,1500.0,0.0,6.2997
1421.5,2026-05-06T04:22:52.924442+00:00,75.8223,-0.1319,97.0102,0.0396,0.75,0.0,1500.0,0.0,6.2998
1422.0,2026-05-06T04:22:53.424385+00:00,75.7362,-0.1014,96.8921,0.069,0.75,0.0,1500.0,0.0,6.2999
1422.5,2026-05-06T04:22:53.930574+00:00,75.4154,-0.3324,96.9171,0.0145,0.75,0.0,1500.0,0.0,6.3
1423.0,2026-05-06T04:22:54.424628+00:00,75.5507,-0.1919,97.0288,0.042,0.75,0.0,1500.0,0.0,6.3
1423.5,2026-05-06T04:22:54.924395+00:00,75.5274,-0.1475,96.999,0.1094,0.75,0.0,1500.0,0.0,6.3
1424.0,2026-05-06T04:22:55.425350+00:00,75.5095,-0.1134,96.9992,0.0455,0.75,0.0,1500.0,0.0,6.3
1424.5,2026-05-06T04:22:55.924422+00:00,75.623,0.1038,96.7449,-0.0884,0.75,0.0,1500.0,0.0,6.3
1425.0,2026-05-06T04:22:56.433660+00:00,75.4557,-0.0475,96.6882,-0.068,0.75,0.0,1500.0,0.0,6.3
1425.5,2026-05-06T04:22:56.924852+00:00,75.4544,-0.0365,96.6215,-0.0985,0.75,0.0,1500.0,0.0,6.3
1426.0,2026-05-06T04:22:57.424410+00:00,75.7079,0.0992,96.8248,-0.068,0.75,0.0,1500.0,0.0,6.3
1426.5,2026-05-06T04:22:57.924933+00:00,75.6482,0.0126,96.9579,-0.0137,0.75,0.0,1500.0,0.0,6.3
1427.0,2026-05-06T04:22:58.424536+00:00,75.7296,0.137,96.9676,-0.0105,0.75,0.0,1500.0,0.0,6.3
1427.5,2026-05-06T04:22:58.928811+00:00,75.5376,0.0416,96.8826,0.0459,0.75,0.0,1500.0,0.0,6.2488
1428.0,2026-05-06T04:22:59.424394+00:00,75.3901,-0.1589,97.0023,0.1047,0.75,0.0,1500.0,0.0,6.275
1428.5,2026-05-06T04:22:59.924403+00:00,75.404,-0.1221,97.0018,0.1268,0.75,0.0,1500.0,0.0,6.2878
1429.0,2026-05-06T04:23:00.424403+00:00,75.4146,-0.1575,97.0014,0.0589,0.75,0.0,1500.0,0.0,6.294
1429.5,2026-05-06T04:23:00.924673+00:00,75.4228,-0.0574,97.001,0.0144,0.75,0.0,1500.0,0.0,6.2971
1430.0,2026-05-06T04:23:01.438438+00:00,75.4291,0.0195,96.9777,0.0033,0.75,0.0,1500.0,0.0,6.2986
1430.5,2026-05-06T04:23:01.924448+00:00,75.3067,-0.0486,96.9828,0.0334,0.75,0.0,1500.0,0.0,6.2993
1431.0,2026-05-06T04:23:02.425200+00:00,75.3398,-0.0374,97.0794,0.0257,0.75,0.0,1500.0,0.0,6.2997
1431.5,2026-05-06T04:23:02.924442+00:00,75.3653,-0.0287,97.0379,0.012,0.75,0.0,1500.0,0.0,6.2998
1432.0,2026-05-06T04:23:03.425326+00:00,75.2576,-0.0857,97.1448,0.0478,0.75,0.0,1500.0,0.0,6.2999
1432.5,2026-05-06T04:23:04.032871+00:00,75.4294,0.0614,97.1113,0.0367,0.75,0.0,1500.0,0.0,6.2488
1433.0,2026-05-06T04:23:04.424420+00:00,75.3069,-0.0165,96.9467,-0.0103,0.75,0.0,1500.0,0.0,6.275
1433.5,2026-05-06T04:23:04.924366+00:00,75.34,-0.0126,96.959,-0.0079,0.75,0.0,1500.0,0.0,6.2878
1434.0,2026-05-06T04:23:05.424446+00:00,75.3655,0.0539,96.9454,-0.0447,0.75,0.0,1500.0,0.0,6.294
1434.5,2026-05-06T04:23:05.924376+00:00,75.385,-0.0222,96.8192,-0.0729,0.75,0.0,1500.0,0.0,6.2971
1435.0,2026-05-06T04:23:06.430102+00:00,75.2728,-0.0171,96.861,-0.0946,0.75,0.0,1500.0,0.0,6.2986
1435.5,2026-05-06T04:23:06.924531+00:00,75.3138,-0.0131,96.87,-0.0804,0.75,0.0,1500.0,0.0,6.2481
1436.0,2026-05-06T04:23:07.424382+00:00,75.3453,-0.0101,96.9001,-0.0155,0.75,0.0,1500.0,0.0,6.2235
1436.5,2026-05-06T04:23:07.924591+00:00,75.3695,-0.0077,97.0389,0.0266,0.75,0.0,1500.0,0.0,6.2115
1437.0,2026-05-06T04:23:08.425361+00:00,75.3882,0.0577,97.1456,0.0667,0.75,0.0,1500.0,0.0,6.2056
1437.5,2026-05-06T04:23:08.934123+00:00,75.4025,0.0443,96.8805,0.0204,0.75,0.0,1500.0,0.0,6.2027
1438.0,2026-05-06T04:23:09.425177+00:00,75.1589,-0.0932,96.9082,0.0157,0.75,0.0,1500.0,0.0,6.2525
1438.5,2026-05-06T04:23:09.925393+00:00,75.2263,-0.0716,97.0451,0.0584,0.75,0.0,1500.0,0.0,6.2768
1439.0,2026-05-06T04:23:10.424783+00:00,75.1508,-0.1187,96.7801,-0.04,0.75,0.0,1500.0,0.0,6.2887
1439.5,2026-05-06T04:23:10.924397+00:00,75.3473,-0.0276,96.9467,-0.0307,0.75,0.0,1500.0,0.0,6.2945
1440.0,2026-05-06T04:23:11.431088+00:00,75.4983,0.1697,96.959,-0.0622,0.75,0.0,1500.0,0.0,6.2973
1440.5,2026-05-06T04:23:11.924409+00:00,75.6144,0.1941,96.8297,-0.0169,0.75,0.0,1500.0,0.0,6.2987
1441.0,2026-05-06T04:23:12.424443+00:00,75.4491,0.1492,96.846,-0.0207,0.75,0.0,1500.0,0.0,6.2994
1441.5,2026-05-06T04:23:12.928409+00:00,75.4493,0.051,96.8816,-0.0545,0.75,0.0,1500.0,0.0,6.2997
1442.0,2026-05-06T04:23:13.424407+00:00,75.3222,-0.0881,96.909,0.043,0.75,0.0,1500.0,0.0,6.2998
1442.5,2026-05-06T04:23:13.932235+00:00,75.3518,-0.1313,96.9301,-0.0056,0.75,0.0,1500.0,0.0,6.2487
1443.0,2026-05-06T04:23:14.424725+00:00,75.5018,0.0263,96.9462,-0.0043,0.75,0.0,1500.0,0.0,6.275
1443.5,2026-05-06T04:23:14.926116+00:00,75.3625,-0.0434,96.9587,0.043,0.75,0.0,1500.0,0.0,6.2878
1444.0,2026-05-06T04:23:15.424444+00:00,75.51,0.0939,96.9682,0.0408,0.75,0.0,1500.0,0.0,6.294
1444.500793,2026-05-06T04:23:15.925858+00:00,75.3689,0.0086,96.8599,-0.0072,0.75,0.0,1500.0,0.0,6.2971
1445.0,2026-05-06T04:23:16.430417+00:00,75.3876,-0.0571,96.8692,-0.0133,0.75,0.0,1500.0,0.0,6.2986
1445.5,2026-05-06T04:23:16.924414+00:00,75.5293,0.0834,96.668,-0.0873,0.75,0.0,1500.0,0.0,6.2993
1446.0,2026-05-06T04:23:17.424457+00:00,75.511,0.0005,96.7449,-0.0671,0.75,0.0,1500.0,0.0,6.2997
1446.5,2026-05-06T04:23:17.924999+00:00,75.4969,0.064,96.4568,-0.1673,0.75,0.0,1500.0,0.0,6.2998
1447.0,2026-05-06T04:23:18.424720+00:00,75.6133,0.1128,96.4668,-0.1671,0.75,0.0,1500.0,0.0,6.2999
1447.5,2026-05-06T04:23:18.932036+00:00,75.4482,-0.0406,96.5902,-0.0899,0.75,0.0,1500.0,0.0,6.3
1448.0,2026-05-06T04:23:19.425016+00:00,75.4486,-0.0312,96.5693,-0.1,0.75,0.0,1500.0,0.0,6.3
1448.5,2026-05-06T04:23:19.924436+00:00,75.3217,-0.0876,96.7847,0.0389,0.75,0.0,1500.0,0.0,6.3
1449.0,2026-05-06T04:23:20.424409+00:00,75.3514,-0.131,96.8345,0.0299,0.75,0.0,1500.0,0.0,6.3
1449.5,2026-05-06T04:23:20.924999+00:00,75.3742,-0.037,96.8497,0.131,0.75,0.0,1500.0,0.0,6.3
1450.0,2026-05-06T04:23:21.433103+00:00,75.2645,-0.0921,96.8844,0.1392,0.75,0.0,1500.0,0.0,6.3
1450.5,2026-05-06T04:23:21.924453+00:00,75.3074,-0.0071,96.9112,0.107,0.75,0.0,1500.0,0.0,6.2488
1451.0,2026-05-06T04:23:22.424410+00:00,75.3404,-0.0055,96.9317,0.1208,0.75,0.0,1500.0,0.0,6.2238
1451.5,2026-05-06T04:23:22.924440+00:00,75.493,0.0594,96.9475,0.0543,0.75,0.0,1500.0,0.0,6.2116
1452.0,2026-05-06T04:23:23.424876+00:00,75.4831,0.1093,96.9365,0.034,0.75,0.0,1500.0,0.0,6.2057
1452.5,2026-05-06T04:23:23.931333+00:00,75.4754,0.084,96.743,-0.0356,0.75,0.0,1500.0,0.0,6.2028
1453.0,2026-05-06T04:23:24.424403+00:00,75.5968,0.1282,96.895,0.0035,0.75,0.0,1500.0,0.0,6.2526
1453.5,2026-05-06T04:23:24.924631+00:00,75.5628,0.0349,96.8036,-0.0359,0.75,0.0,1500.0,0.0,6.2768
1454.0,2026-05-06T04:23:25.424449+00:00,75.4095,-0.0368,96.849,-0.0276,0.75,0.0,1500.0,0.0,6.2887
1454.5,2026-05-06T04:23:25.924392+00:00,75.4188,-0.0283,96.6526,-0.0983,0.75,0.0,1500.0,0.0,6.2945
1455.0,2026-05-06T04:23:26.431136+00:00,75.426,-0.0854,96.733,-0.0679,0.75,0.0,1500.0,0.0,6.2973
1455.5,2026-05-06T04:23:26.924414+00:00,75.3043,-0.1293,96.5402,-0.0676,0.75,0.0,1500.0,0.0,6.2987
1456.0,2026-05-06T04:23:27.424405+00:00,75.338,-0.0357,96.7623,-0.0442,0.75,0.0,1500.0,0.0,6.2994
1456.5,2026-05-06T04:23:27.924919+00:00,75.3639,-0.0274,96.6785,-0.0417,0.75,0.0,1500.0,0.0,6.2997
1457.0,2026-05-06T04:23:28.424405+00:00,75.2566,-0.0847,96.7529,-0.0321,0.75,0.0,1500.0,0.0,6.2998
1457.5,2026-05-06T04:23:28.931289+00:00,75.3013,-0.0015,96.7869,0.0448,0.75,0.0,1500.0,0.0,6.2999
1458.0,2026-05-06T04:23:29.424433+00:00,75.0812,-0.1284,96.7437,0.0036,0.75,0.0,1500.0,0.0,6.3
1458.5,2026-05-06T04:23:29.924394+00:00,75.1665,-0.0987,96.6873,0.049,0.75,0.0,1500.0,0.0,6.3
1459.0,2026-05-06T04:23:30.424471+00:00,75.2321,-0.0122,96.7596,-0.0009,0.75,0.0,1500.0,0.0,6.3
1459.5,2026-05-06T04:23:30.924534+00:00,75.2825,-0.0094,96.7227,0.0147,0.75,0.0,1500.0,0.0,6.3
1460.0,2026-05-06T04:23:31.429865+00:00,75.194,0.0564,96.9026,0.0499,0.75,0.0,1500.0,0.0,6.3
1460.5,2026-05-06T04:23:31.924439+00:00,75.2533,0.0434,97.0408,0.0846,0.75,0.0,1500.0,0.0,6.3
1461.0,2026-05-06T04:23:32.424402+00:00,75.0442,-0.0939,96.9157,0.0573,0.75,0.0,1500.0,0.0,6.3
1461.5,2026-05-06T04:23:32.924578+00:00,75.1381,-0.0722,96.912,0.0749,0.75,0.0,1500.0,0.0,6.3
1462.0,2026-05-06T04:23:33.424970+00:00,74.9558,-0.1191,96.9324,0.0576,0.75,0.0,1500.0,0.0,6.3
1462.5,2026-05-06T04:23:33.932751+00:00,74.9429,-0.1552,96.8092,0.0288,0.75,0.0,1500.0,0.0,6.2488
1463.0,2026-05-06T04:23:34.424454+00:00,75.1875,0.0716,96.622,-0.0935,0.75,0.0,1500.0,0.0,6.275
1463.5,2026-05-06T04:23:34.924905+00:00,75.121,-0.0086,96.6863,-0.1182,0.75,0.0,1500.0,0.0,6.2878
1464.0,2026-05-06T04:23:35.424454+00:00,74.9426,-0.0066,96.2035,-0.2374,0.75,0.0,1500.0,0.0,6.294
1464.5,2026-05-06T04:23:35.924937+00:00,74.9327,-0.0051,96.3647,-0.1825,0.75,0.0,1500.0,0.0,6.2971
1465.0,2026-05-06T04:23:36.434257+00:00,74.9251,-0.1312,96.6043,-0.1094,0.75,0.0,1500.0,0.0,6.2986
1465.501218,2026-05-06T04:23:36.925657+00:00,74.9193,-0.1008,96.3487,-0.1535,0.75,0.0,1500.0,0.0,6.2993
1466.0,2026-05-06T04:23:37.424387+00:00,74.9149,-0.0139,96.6151,-0.0023,0.75,0.0,1500.0,0.0,6.2997
1466.5,2026-05-06T04:23:37.924455+00:00,75.0387,0.053,96.7042,0.006,0.75,0.0,1500.0,0.0,6.2998
1467.0,2026-05-06T04:23:38.424411+00:00,75.0066,0.0407,96.4255,0.074,0.75,0.0,1500.0,0.0,6.2999
1467.5,2026-05-06T04:23:38.930103+00:00,74.9819,0.0313,96.5353,0.0569,0.75,0.0,1500.0,0.0,6.3
1468.0,2026-05-06T04:23:39.424538+00:00,74.963,0.0241,96.5272,-0.0257,0.75,0.0,1500.0,0.0,6.3
1468.5,2026-05-06T04:23:39.924534+00:00,74.9484,-0.0451,96.4052,0.0188,0.75,0.0,1500.0,0.0,6.3
1469.0,2026-05-06T04:23:40.424622+00:00,75.1917,0.0926,96.4271,-0.0627,0.75,0.0,1500.0,0.0,6.3
1469.5,2026-05-06T04:23:40.924915+00:00,74.997,0.0075,96.6754,-0.0096,0.75,0.0,1500.0,0.0,6.3
1470.0,2026-05-06T04:23:41.432221+00:00,74.8473,-0.0579,96.5191,0.0312,0.75,0.0,1500.0,0.0,6.3
1470.5,2026-05-06T04:23:41.924401+00:00,75.114,0.0828,96.399,-0.0455,0.75,0.0,1500.0,0.0,6.3
1471.0,2026-05-06T04:23:42.424434+00:00,75.0645,-0.0636,96.6538,0.0422,0.75,0.0,1500.0,0.0,6.3
1471.5,2026-05-06T04:23:42.924420+00:00,75.0264,0.0147,96.4793,0.0247,0.75,0.0,1500.0,0.0,6.3
1472.0,2026-05-06T04:23:43.424766+00:00,75.1244,0.1386,96.4841,0.019,0.75,0.0,1500.0,0.0,6.3
1472.5,2026-05-06T04:23:43.929001+00:00,75.0725,-0.0207,96.4878,-0.0625,0.75,0.0,1500.0,0.0,6.3
1473.0,2026-05-06T04:23:44.424450+00:00,75.1599,0.0477,96.2592,-0.0866,0.75,0.0,1500.0,0.0,6.3
1473.5,2026-05-06T04:23:44.924408+00:00,75.0997,0.0367,96.4306,0.0106,0.75,0.0,1500.0,0.0,6.3
1474.0,2026-05-06T04:23:45.424413+00:00,75.1808,0.0282,96.331,-0.1076,0.75,0.0,1500.0,0.0,6.3
1474.5,2026-05-06T04:23:45.924440+00:00,75.1158,0.0217,96.3701,-0.0364,0.75,0.0,1500.0,0.0,6.3
1475.0,2026-05-06T04:23:46.430453+00:00,75.0659,-0.047,96.6316,0.0491,0.75,0.0,1500.0,0.0,6.3
1475.5,2026-05-06T04:23:46.924738+00:00,75.0275,-0.0361,96.6011,0.0378,0.75,0.0,1500.0,0.0,6.3
1476.0,2026-05-06T04:23:47.424422+00:00,75.1253,-0.0278,96.6934,0.1447,0.75,0.0,1500.0,0.0,6.3
1476.5,2026-05-06T04:23:47.924392+00:00,75.2004,0.0423,96.6487,0.0727,0.75,0.0,1500.0,0.0,6.3
1477.0,2026-05-06T04:23:48.424437+00:00,75.0036,-0.0311,96.6143,0.0944,0.75,0.0,1500.0,0.0,6.3
1477.500901,2026-05-06T04:23:48.931021+00:00,75.1069,0.0397,96.4721,0.034,0.75,0.0,1500.0,0.0,6.3
1478.0,2026-05-06T04:23:49.424774+00:00,75.1863,0.0305,96.5711,-0.0201,0.75,0.0,1500.0,0.0,6.3
1478.5,2026-05-06T04:23:49.924727+00:00,75.1201,-0.0402,96.6704,0.0231,0.75,0.0,1500.0,0.0,6.3
1479.0,2026-05-06T04:23:50.424530+00:00,75.0691,0.0328,96.6078,-0.0285,0.75,0.0,1500.0,0.0,6.3
1479.5,2026-05-06T04:23:50.924406+00:00,75.1573,0.0252,96.444,-0.0682,0.75,0.0,1500.0,0.0,6.2488
1480.0,2026-05-06T04:23:51.429491+00:00,75.0977,-0.0443,96.4338,-0.0601,0.75,0.0,1500.0,0.0,6.2238
1480.5,2026-05-06T04:23:51.924424+00:00,75.1792,0.0296,96.5417,0.0232,0.75,0.0,1500.0,0.0,6.2628
1481.0,2026-05-06T04:23:52.424472+00:00,75.2419,0.0864,96.5321,-0.013,0.75,0.0,1500.0,0.0,6.2819
1481.5,2026-05-06T04:23:52.924412+00:00,75.2901,0.0664,96.6403,-0.01,0.75,0.0,1500.0,0.0,6.2399
1482.00068,2026-05-06T04:23:53.425102+00:00,75.3271,0.1147,96.4922,-0.0385,0.75,0.0,1500.0,0.0,6.2195
1482.5,2026-05-06T04:23:53.929200+00:00,75.2282,0.0245,96.5865,0.0475,0.75,0.0,1500.0,0.0,6.2095
1483.0,2026-05-06T04:23:54.424452+00:00,75.2796,0.0188,96.5434,0.0365,0.75,0.0,1500.0,0.0,6.2558
1483.5,2026-05-06T04:23:54.924397+00:00,74.9372,-0.1764,96.4176,-0.0414,0.75,0.0,1500.0,0.0,6.2785
1484.0,2026-05-06T04:23:55.424393+00:00,75.0559,-0.1356,96.5293,-0.0009,0.75,0.0,1500.0,0.0,6.2895
1484.5,2026-05-06T04:23:55.924374+00:00,74.8925,-0.1679,96.5225,-0.0393,0.75,0.0,1500.0,0.0,6.2949
1485.0,2026-05-06T04:23:56.432365+00:00,74.767,-0.2563,96.4941,0.0007,0.75,0.0,1500.0,0.0,6.2975
1485.5,2026-05-06T04:23:56.924383+00:00,75.0523,0.0576,96.2641,-0.1075,0.75,0.0,1500.0,0.0,6.2988
1486.0,2026-05-06T04:23:57.424395+00:00,75.0171,-0.0194,96.5501,0.0022,0.75,0.0,1500.0,0.0,6.2994
1486.5,2026-05-06T04:23:57.924402+00:00,74.99,0.0487,96.3997,-0.006,0.75,0.0,1500.0,0.0,6.2997
1487.0,2026-05-06T04:23:58.425265+00:00,74.9692,0.1011,96.5154,-0.0046,0.75,0.0,1500.0,0.0,6.2999
1487.5,2026-05-06T04:23:58.931335+00:00,74.8259,-0.1132,96.3962,-0.0421,0.75,0.0,1500.0,0.0,6.2999
1488.0,2026-05-06T04:23:59.424440+00:00,74.9703,-0.0234,96.1888,-0.1018,0.75,0.0,1500.0,0.0,6.3
1488.5,2026-05-06T04:23:59.924389+00:00,74.954,-0.018,96.4691,0.0683,0.75,0.0,1500.0,0.0,6.3
1489.0,2026-05-06T04:24:00.424402+00:00,74.9415,-0.0138,96.3374,-0.0709,0.75,0.0,1500.0,0.0,6.3
1489.5,2026-05-06T04:24:00.924407+00:00,74.9319,0.053,96.4676,0.0226,0.75,0.0,1500.0,0.0,6.3
1490.0,2026-05-06T04:24:01.430748+00:00,74.9245,-0.0229,96.7065,0.0637,0.75,0.0,1500.0,0.0,6.3
1490.5,2026-05-06T04:24:01.924373+00:00,75.1734,0.1097,96.6587,0.0875,0.75,0.0,1500.0,0.0,6.3
1491.0,2026-05-06T04:24:02.424406+00:00,75.1101,0.0843,96.5063,0.1058,0.75,0.0,1500.0,0.0,6.3
1491.5,2026-05-06T04:24:02.924553+00:00,75.0615,0.0648,96.4817,0.0042,0.75,0.0,1500.0,0.0,6.3
1492.0,2026-05-06T04:24:03.424466+00:00,74.7696,-0.0775,96.7173,0.1266,0.75,0.0,1500.0,0.0,6.3
1492.5,2026-05-06T04:24:03.931515+00:00,74.7998,-0.1868,96.6439,0.0588,0.75,0.0,1500.0,0.0,6.3
1493.0,2026-05-06T04:24:04.424441+00:00,74.823,-0.1436,96.7263,0.0066,0.75,0.0,1500.0,0.0,6.3
1493.5,2026-05-06T04:24:04.925179+00:00,74.9681,-0.0467,96.7896,0.0436,0.75,0.0,1500.0,0.0,6.3
1494.0,2026-05-06T04:24:05.424397+00:00,75.0796,0.155,96.6995,0.0644,0.75,0.0,1500.0,0.0,6.3
1494.5,2026-05-06T04:24:05.924465+00:00,75.1653,0.1828,96.769,0.0958,0.75,0.0,1500.0,0.0,6.3
1495.0,2026-05-06T04:24:06.430739+00:00,74.9766,0.0768,96.8225,0.035,0.75,0.0,1500.0,0.0,6.3
1495.5,2026-05-06T04:24:06.925431+00:00,74.9589,-0.0046,96.8635,0.0732,0.75,0.0,1500.0,0.0,6.3
1496.0,2026-05-06T04:24:07.424411+00:00,75.0725,-0.0035,97.1265,0.1334,0.75,0.0,1500.0,0.0,6.3
1496.5,2026-05-06T04:24:07.924916+00:00,74.6508,-0.2572,96.9815,0.064,0.75,0.0,1500.0,0.0,6.3
1497.0,2026-05-06T04:24:08.424416+00:00,74.7085,-0.1341,96.9858,0.0954,0.75,0.0,1500.0,0.0,6.3
1497.5,2026-05-06T04:24:08.930904+00:00,74.7528,-0.1031,97.0817,0.1042,0.75,0.0,1500.0,0.0,6.2488
1498.0,2026-05-06T04:24:09.426608+00:00,74.7869,-0.1428,96.9471,0.0415,0.75,0.0,1500.0,0.0,6.275
1498.5,2026-05-06T04:24:09.924387+00:00,74.813,0.0811,96.8436,-0.0066,0.75,0.0,1500.0,0.0,6.2878
1499.0,2026-05-06T04:24:10.424391+00:00,74.7059,-0.0013,96.9955,-0.0437,0.75,0.0,1500.0,0.0,6.294
1499.5,2026-05-06T04:24:10.924401+00:00,74.4963,-0.1283,96.9965,0.005,0.75,0.0,1500.0,0.0,6.2971
1500.0,2026-05-06T04:24:11.429561+00:00,74.717,-0.0349,97.113,0.0424,0.75,0.0,1500.0,0.0,6.2986
1500.5,2026-05-06T04:24:11.924959+00:00,74.632,-0.0905,97.3183,0.0789,0.75,0.0,1500.0,0.0,6.2993
1501.0,2026-05-06T04:24:12.424370+00:00,74.6941,-0.0059,97.2446,0.0992,0.75,0.0,1500.0,0.0,6.2997
1501.5,2026-05-06T04:24:12.925131+00:00,74.6144,0.0591,97.2806,0.1457,0.75,0.0,1500.0,0.0,6.2998
1502.0,2026-05-06T04:24:13.424887+00:00,74.6805,-0.0182,97.1,0.0348,0.75,0.0,1500.0,0.0,6.2999
1502.5,2026-05-06T04:24:13.932698+00:00,74.604,-0.014,96.8454,-0.0504,0.75,0.0,1500.0,0.0,6.2488
1503.0,2026-05-06T04:24:14.424431+00:00,74.5453,-0.0744,96.8812,-0.0773,0.75,0.0,1500.0,0.0,6.275
1503.5,2026-05-06T04:24:14.924452+00:00,74.5001,-0.0572,96.6773,-0.2137,0.75,0.0,1500.0,0.0,6.2878
1504.0,2026-05-06T04:24:15.424399+00:00,74.7199,0.0197,96.4974,-0.2491,0.75,0.0,1500.0,0.0,6.294
1504.5,2026-05-06T04:24:15.924426+00:00,74.7616,0.0788,96.3823,-0.2994,0.75,0.0,1500.0,0.0,6.2971
1505.0,2026-05-06T04:24:16.429979+00:00,74.9209,0.1878,96.2939,-0.2687,0.75,0.0,1500.0,0.0,6.2986
1505.5,2026-05-06T04:24:16.924351+00:00,75.0433,0.2716,96.1102,-0.2451,0.75,0.0,1500.0,0.0,6.2993
1506.0,2026-05-06T04:24:17.424413+00:00,75.0101,0.1451,96.2004,-0.2269,0.75,0.0,1500.0,0.0,6.2997
1506.5,2026-05-06T04:24:17.925298+00:00,75.1119,0.1752,96.478,-0.0664,0.75,0.0,1500.0,0.0,6.2998
1507.0,2026-05-06T04:24:18.424404+00:00,75.3174,0.1983,96.5756,0.0261,0.75,0.0,1500.0,0.0,6.2999
1507.5,2026-05-06T04:24:18.931493+00:00,75.2208,0.0888,96.535,0.0509,0.75,0.0,1500.0,0.0,6.3
1508.0,2026-05-06T04:24:19.424423+00:00,75.1466,0.0682,96.7583,0.1548,0.75,0.0,1500.0,0.0,6.3
1508.5,2026-05-06T04:24:19.924429+00:00,75.0895,-0.0112,96.6754,0.1884,0.75,0.0,1500.0,0.0,6.3
1509.0,2026-05-06T04:24:20.424427+00:00,74.9184,-0.1995,96.6348,0.1448,0.75,0.0,1500.0,0.0,6.3
1509.5,2026-05-06T04:24:20.925618+00:00,75.0414,-0.0897,96.6962,0.0727,0.75,0.0,1500.0,0.0,6.3
1510.0,2026-05-06T04:24:21.431759+00:00,74.7542,-0.1962,96.6276,0.0173,0.75,0.0,1500.0,0.0,6.3
1510.5,2026-05-06T04:24:21.926495+00:00,74.6606,-0.2145,96.7138,0.0596,0.75,0.0,1500.0,0.0,6.3
1511.0,2026-05-06T04:24:22.425931+00:00,74.5888,-0.1648,96.5486,-0.0699,0.75,0.0,1500.0,0.0,6.3
1511.5,2026-05-06T04:24:22.924399+00:00,74.6608,-0.1903,96.4217,-0.0846,0.75,0.0,1500.0,0.0,6.3
1512.0,2026-05-06T04:24:23.424374+00:00,74.5889,-0.0826,96.2084,-0.1421,0.75,0.0,1500.0,0.0,6.3
1512.5,2026-05-06T04:24:23.931005+00:00,74.7881,0.0637,96.2527,-0.1478,0.75,0.0,1500.0,0.0,6.3
1513.0,2026-05-06T04:24:24.424589+00:00,74.9413,0.1763,96.1943,-0.1445,0.75,0.0,1500.0,0.0,6.3
1513.5,2026-05-06T04:24:24.924762+00:00,74.9317,0.1355,96.3576,-0.1187,0.75,0.0,1500.0,0.0,6.3
1514.0,2026-05-06T04:24:25.424380+00:00,74.7971,0.1041,96.2748,-0.0913,0.75,0.0,1500.0,0.0,6.3
1514.5,2026-05-06T04:24:25.924408+00:00,74.9482,0.08,96.3038,-0.0393,0.75,0.0,1500.0,0.0,6.3
1515.0,2026-05-06T04:24:26.429075+00:00,74.937,-0.0021,96.4649,0.0855,0.75,0.0,1500.0,0.0,6.3
1515.5,2026-05-06T04:24:26.924727+00:00,74.9285,-0.0016,96.473,0.0734,0.75,0.0,1500.0,0.0,6.3
1516.0,2026-05-06T04:24:27.424431+00:00,74.7946,-0.0013,96.4793,0.095,0.75,0.0,1500.0,0.0,6.3
1516.5,2026-05-06T04:24:27.924413+00:00,74.819,-0.0646,96.7155,0.1193,0.75,0.0,1500.0,0.0,6.3
1517.0,2026-05-06T04:24:28.424450+00:00,74.7105,-0.1133,96.6656,0.1303,0.75,0.0,1500.0,0.0,6.3
1517.5,2026-05-06T04:24:28.931811+00:00,74.4998,-0.2143,96.6041,0.1001,0.75,0.0,1500.0,0.0,6.2488
1518.0,2026-05-06T04:24:29.424943+00:00,74.5924,-0.1011,96.6957,0.077,0.75,0.0,1500.0,0.0,6.275
1518.5,2026-05-06T04:24:29.925107+00:00,74.6636,-0.0777,96.743,0.09,0.75,0.0,1500.0,0.0,6.2878
1519.0,2026-05-06T04:24:30.424426+00:00,74.591,-0.0597,96.5711,0.0306,0.75,0.0,1500.0,0.0,6.294
1519.5,2026-05-06T04:24:30.924436+00:00,74.7898,0.145,96.6703,-0.015,0.75,0.0,1500.0,0.0,6.2971
1520.0,2026-05-06T04:24:31.435927+00:00,74.9426,0.1751,96.7466,0.027,0.75,0.0,1500.0,0.0,6.2986
1520.5,2026-05-06T04:24:31.924392+00:00,74.9327,0.1346,96.5738,-0.0101,0.75,0.0,1500.0,0.0,6.2481
1521.0,2026-05-06T04:24:32.424403+00:00,75.0524,0.2307,96.6493,-0.0155,0.75,0.0,1500.0,0.0,6.2235
1521.5,2026-05-06T04:24:32.924575+00:00,74.8899,0.05,96.7073,-0.0119,0.75,0.0,1500.0,0.0,6.2115
1522.0,2026-05-06T04:24:33.424404+00:00,74.7649,-0.0888,96.6362,0.0217,0.75,0.0,1500.0,0.0,6.2056
1522.5,2026-05-06T04:24:33.931073+00:00,74.6689,-0.1319,96.7204,0.0167,0.75,0.0,1500.0,0.0,6.2027
1523.0,2026-05-06T04:24:34.424979+00:00,74.8497,-0.1014,96.6463,-0.0335,0.75,0.0,1500.0,0.0,6.2013
1523.5,2026-05-06T04:24:34.924414+00:00,74.9886,0.0494,96.6124,0.0129,0.75,0.0,1500.0,0.0,6.2006
1524.0,2026-05-06T04:24:35.424926+00:00,74.9681,0.1016,96.7021,0.0176,0.75,0.0,1500.0,0.0,6.2003
1524.5,2026-05-06T04:24:35.924664+00:00,74.8251,0.0781,96.5396,-0.0559,0.75,0.0,1500.0,0.0,6.2002
1525.0,2026-05-06T04:24:36.432422+00:00,74.8424,-0.0036,96.5305,-0.0352,0.75,0.0,1500.0,0.0,6.2001
1525.5,2026-05-06T04:24:36.924920+00:00,74.8557,-0.0664,96.616,-0.0348,0.75,0.0,1500.0,0.0,6.2512
1526.0,2026-05-06T04:24:37.424421+00:00,74.7387,-0.1147,96.5891,-0.019,0.75,0.0,1500.0,0.0,6.2762
1526.5,2026-05-06T04:24:37.924397+00:00,74.776,-0.0245,96.4528,-0.0532,0.75,0.0,1500.0,0.0,6.2884
1527.0,2026-05-06T04:24:38.424397+00:00,74.8047,-0.0188,96.5794,-0.0409,0.75,0.0,1500.0,0.0,6.2943
1527.5,2026-05-06T04:24:38.933098+00:00,74.8268,-0.0145,96.6768,0.0457,0.75,0.0,1500.0,0.0,6.246
1528.0,2026-05-06T04:24:39.424548+00:00,74.7164,-0.0111,96.5202,-0.0034,0.75,0.0,1500.0,0.0,6.2737
1528.5,2026-05-06T04:24:39.924388+00:00,74.5044,-0.1358,96.3998,-0.0721,0.75,0.0,1500.0,0.0,6.2871
1529.0,2026-05-06T04:24:40.424673+00:00,74.5959,-0.1044,96.423,-0.0554,0.75,0.0,1500.0,0.0,6.2937
1529.5,2026-05-06T04:24:40.924424+00:00,74.539,-0.1439,96.4408,-0.004,0.75,0.0,1500.0,0.0,6.2969
1530.0,2026-05-06T04:24:41.429214+00:00,74.4953,-0.1106,96.5702,-0.0031,0.75,0.0,1500.0,0.0,6.2985
1530.5,2026-05-06T04:24:41.924915+00:00,74.5889,0.0423,96.9011,0.0748,0.75,0.0,1500.0,0.0,6.2993
1531.0,2026-05-06T04:24:42.424469+00:00,74.4064,-0.0948,96.7851,0.0883,0.75,0.0,1500.0,0.0,6.2996
1531.5,2026-05-06T04:24:42.924809+00:00,74.5206,-0.0092,96.8348,0.145,0.75,0.0,1500.0,0.0,6.2998
1532.0,2026-05-06T04:24:43.424448+00:00,74.6084,0.0566,96.8731,0.15,0.75,0.0,1500.0,0.0,6.2999
1532.5,2026-05-06T04:24:43.931082+00:00,74.5486,-0.0202,96.7867,0.1153,0.75,0.0,1500.0,0.0,6.2488
1533.0,2026-05-06T04:24:44.425806+00:00,74.3754,-0.0155,96.8129,0.0809,0.75,0.0,1500.0,0.0,6.275
1533.5,2026-05-06T04:24:44.924413+00:00,74.4968,-0.0119,96.7405,-0.0535,0.75,0.0,1500.0,0.0,6.2878
1534.0,2026-05-06T04:24:45.424437+00:00,74.5901,-0.0092,96.8006,0.0052,0.75,0.0,1500.0,0.0,6.294
1534.5,2026-05-06T04:24:45.924611+00:00,74.5345,-0.007,96.9393,0.0348,0.75,0.0,1500.0,0.0,6.2971
1535.0,2026-05-06T04:24:46.433112+00:00,74.6191,0.1219,96.9302,0.019,0.75,0.0,1500.0,0.0,6.2986
1535.5,2026-05-06T04:24:46.924401+00:00,74.4296,-0.0336,96.8075,0.0069,0.75,0.0,1500.0,0.0,6.2993
1536.0,2026-05-06T04:24:47.424445+00:00,74.4111,-0.0895,96.9677,0.0516,0.75,0.0,1500.0,0.0,6.2997
1536.5,2026-05-06T04:24:47.924984+00:00,74.5243,-0.0051,96.7438,0.0011,0.75,0.0,1500.0,0.0,6.2998
1537.0,2026-05-06T04:24:48.424410+00:00,74.6112,-0.0039,96.5717,-0.0763,0.75,0.0,1500.0,0.0,6.2999
1537.5,2026-05-06T04:24:48.931293+00:00,74.5508,0.0606,96.7865,-0.0509,0.75,0.0,1500.0,0.0,6.2488
1538.0,2026-05-06T04:24:49.424452+00:00,74.5043,0.0466,96.7202,-0.07,0.75,0.0,1500.0,0.0,6.275
1538.5,2026-05-06T04:24:49.924404+00:00,74.5959,0.0358,96.6461,-0.0538,0.75,0.0,1500.0,0.0,6.2878
1539.0,2026-05-06T04:24:50.425674+00:00,74.6662,0.0275,96.728,-0.0799,0.75,0.0,1500.0,0.0,6.294
1539.5,2026-05-06T04:24:50.924577+00:00,74.4658,-0.0425,96.5595,-0.0614,0.75,0.0,1500.0,0.0,6.2971
1540.0,2026-05-06T04:24:51.431322+00:00,74.3117,-0.0963,96.5458,-0.0086,0.75,0.0,1500.0,0.0,6.2986
1540.5,2026-05-06T04:24:51.925900+00:00,74.4479,-0.074,96.7666,-0.0066,0.75,0.0,1500.0,0.0,6.2481
1541.000001,2026-05-06T04:24:52.426094+00:00,74.4252,-0.1205,96.7049,-0.0051,0.75,0.0,1500.0,0.0,6.2235
1541.5,2026-05-06T04:24:52.924398+00:00,74.4078,-0.029,97.0046,0.1195,0.75,0.0,1500.0,0.0,6.2115
1542.0,2026-05-06T04:24:53.424431+00:00,74.3944,0.0413,97.0035,0.0918,0.75,0.0,1500.0,0.0,6.2056
1542.5,2026-05-06T04:24:53.930529+00:00,74.3842,-0.0319,96.887,0.1092,0.75,0.0,1500.0,0.0,6.2027
1543.0,2026-05-06T04:24:54.424366+00:00,74.6308,0.1028,96.6818,0.0453,0.75,0.0,1500.0,0.0,6.2525
1543.5,2026-05-06T04:24:54.924449+00:00,74.6931,0.1426,96.6166,-0.05,0.75,0.0,1500.0,0.0,6.2768
1544.002657,2026-05-06T04:24:55.427161+00:00,74.741,0.1733,96.4739,-0.077,0.75,0.0,1500.0,0.0,6.2887
1544.5,2026-05-06T04:24:55.926036+00:00,74.5232,0.0695,96.5956,-0.1363,0.75,0.0,1500.0,0.0,6.2945
1545.0,2026-05-06T04:24:56.431096+00:00,74.6104,-0.0102,96.8049,-0.0662,0.75,0.0,1500.0,0.0,6.2973
1545.5,2026-05-06T04:24:56.924396+00:00,74.4229,-0.1351,96.7575,-0.0432,0.75,0.0,1500.0,0.0,6.2987
1546.0,2026-05-06T04:24:57.424727+00:00,74.5333,-0.1038,96.9062,0.0748,0.75,0.0,1500.0,0.0,6.2994
1546.5,2026-05-06T04:24:57.924441+00:00,74.6181,0.0475,96.9047,0.0961,0.75,0.0,1500.0,0.0,6.2997
1547.0,2026-05-06T04:24:58.424633+00:00,74.5561,-0.0272,97.0425,0.1895,0.75,0.0,1500.0,0.0,6.2998
1547.5,2026-05-06T04:24:58.930544+00:00,74.6357,0.1064,97.1484,0.1842,0.75,0.0,1500.0,0.0,6.2999
1548.0,2026-05-06T04:24:59.424951+00:00,74.5696,0.0181,97.114,0.103,0.75,0.0,1500.0,0.0,6.3
1548.5,2026-05-06T04:24:59.924419+00:00,74.3915,-0.1133,97.0876,0.1101,0.75,0.0,1500.0,0.0,6.3
1549.0,2026-05-06T04:25:00.424412+00:00,74.5092,-0.0235,96.836,-0.0234,0.75,0.0,1500.0,0.0,6.3
1549.5,2026-05-06T04:25:00.924469+00:00,74.4723,-0.0817,96.7351,-0.0566,0.75,0.0,1500.0,0.0,6.3
1550.0,2026-05-06T04:25:01.430510+00:00,74.444,-0.0628,96.6807,-0.1206,0.75,0.0,1500.0,0.0,6.3
1550.5,2026-05-06T04:25:01.924381+00:00,74.5495,0.079,96.7546,-0.1313,0.75,0.0,1500.0,0.0,6.3
1551.0,2026-05-06T04:25:02.425961+00:00,74.7579,0.1244,96.5568,-0.1857,0.75,0.0,1500.0,0.0,6.3
1551.5,2026-05-06T04:25:02.924385+00:00,74.5362,0.032,96.5205,-0.189,0.75,0.0,1500.0,0.0,6.3
1552.0,2026-05-06T04:25:03.425738+00:00,74.4931,0.0246,96.6315,-0.0682,0.75,0.0,1500.0,0.0,6.3
1552.5,2026-05-06T04:25:03.931461+00:00,74.2055,-0.172,96.8325,0.0325,0.75,0.0,1500.0,0.0,6.3
1553.0,2026-05-06T04:25:04.425340+00:00,74.2389,-0.2595,96.9869,0.1021,0.75,0.0,1500.0,0.0,6.3
1553.5,2026-05-06T04:25:04.924445+00:00,74.3919,-0.0722,97.1057,0.117,0.75,0.0,1500.0,0.0,6.3
1554.0,2026-05-06T04:25:05.424401+00:00,74.3822,-0.0555,97.1969,0.2134,0.75,0.0,1500.0,0.0,6.3
1554.5,2026-05-06T04:25:05.924358+00:00,74.502,0.1483,97.267,0.2488,0.75,0.0,1500.0,0.0,6.3
1555.0,2026-05-06T04:25:06.431619+00:00,74.3396,0.0503,97.3209,0.2298,0.75,0.0,1500.0,0.0,6.3
1555.5,2026-05-06T04:25:06.924376+00:00,74.0874,-0.1522,97.2467,0.1381,0.75,0.0,1500.0,0.0,6.3
1556.0,2026-05-06T04:25:07.425273+00:00,74.1482,-0.117,97.3053,0.1061,0.75,0.0,1500.0,0.0,6.3
1556.5,2026-05-06T04:25:07.925070+00:00,74.3222,-0.0899,97.2347,0.043,0.75,0.0,1500.0,0.0,6.3
1557.0,2026-05-06T04:25:08.425465+00:00,74.3286,-0.0055,97.0415,-0.0518,0.75,0.0,1500.0,0.0,6.3
1557.5,2026-05-06T04:25:08.930925+00:00,74.2063,0.0594,97.1476,-0.0398,0.75,0.0,1500.0,0.0,6.2488
1558.0,2026-05-06T04:25:09.424430+00:00,74.1123,-0.018,96.9978,-0.1077,0.75,0.0,1500.0,0.0,6.275
1558.5,2026-05-06T04:25:09.924389+00:00,74.4218,0.0498,97.114,-0.0442,0.75,0.0,1500.0,0.0,6.2878
1559.0,2026-05-06T04:25:10.424605+00:00,74.1507,-0.089,97.0876,-0.0726,0.75,0.0,1500.0,0.0,6.294
1559.5,2026-05-06T04:25:10.924368+00:00,74.3241,0.0589,97.0673,-0.0558,0.75,0.0,1500.0,0.0,6.2971
1560.0,2026-05-06T04:25:11.432445+00:00,74.2028,0.0453,97.1674,0.042,0.75,0.0,1500.0,0.0,6.2986
1560.500001,2026-05-06T04:25:11.925921+00:00,74.2369,-0.0925,97.1056,-0.014,0.75,0.0,1500.0,0.0,6.2993
1561.0,2026-05-06T04:25:12.424422+00:00,74.0085,-0.0711,96.8497,-0.0493,0.75,0.0,1500.0,0.0,6.2997
1561.5,2026-05-06T04:25:12.924462+00:00,74.0875,-0.1183,97.0002,-0.0379,0.75,0.0,1500.0,0.0,6.2998
1562.0,2026-05-06T04:25:13.424625+00:00,74.1483,-0.0273,96.7456,-0.114,0.75,0.0,1500.0,0.0,6.2999
1562.5,2026-05-06T04:25:13.932358+00:00,74.3222,0.0427,96.6656,-0.1339,0.75,0.0,1500.0,0.0,6.3
1563.0,2026-05-06T04:25:14.424383+00:00,74.0741,0.0328,96.8587,-0.1029,0.75,0.0,1500.0,0.0,6.3
1563.5,2026-05-06T04:25:14.924382+00:00,74.1379,0.0252,96.8914,-0.0714,0.75,0.0,1500.0,0.0,6.3
1564.0,2026-05-06T04:25:15.424412+00:00,74.187,0.0194,96.662,-0.0626,0.75,0.0,1500.0,0.0,6.3
1564.5,2026-05-06T04:25:15.924411+00:00,74.0975,-0.1124,96.6014,-0.1329,0.75,0.0,1500.0,0.0,6.3
1565.0,2026-05-06T04:25:16.429419+00:00,74.0286,-0.0227,96.5779,-0.0559,0.75,0.0,1500.0,0.0,6.3
1565.5,2026-05-06T04:25:16.924391+00:00,73.9757,-0.0811,96.2128,-0.151,0.75,0.0,1500.0,0.0,6.3
1566.0,2026-05-06T04:25:17.424947+00:00,73.8078,-0.1896,96.2561,-0.2009,0.75,0.0,1500.0,0.0,6.3
1566.5,2026-05-06T04:25:17.924541+00:00,73.9333,-0.0821,96.4282,-0.1544,0.75,0.0,1500.0,0.0,6.3
1567.0,2026-05-06T04:25:18.424432+00:00,74.157,0.0642,96.1903,-0.1572,0.75,0.0,1500.0,0.0,6.3
1567.5,2026-05-06T04:25:18.929295+00:00,74.2016,0.113,96.4934,-0.036,0.75,0.0,1500.0,0.0,6.2488
1568.0,2026-05-06T04:25:19.425082+00:00,74.236,0.2141,96.6106,0.0109,0.75,0.0,1500.0,0.0,6.275
1568.5,2026-05-06T04:25:19.924989+00:00,74.2624,0.1645,96.7007,0.1626,0.75,0.0,1500.0,0.0,6.2878
1569.0,2026-05-06T04:25:20.424429+00:00,74.2826,0.0628,96.8625,0.2021,0.75,0.0,1500.0,0.0,6.294
1569.5,2026-05-06T04:25:20.924408+00:00,74.2982,0.0483,96.6398,0.0705,0.75,0.0,1500.0,0.0,6.2459
1570.0,2026-05-06T04:25:21.435230+00:00,74.3102,0.0371,96.7231,0.1776,0.75,0.0,1500.0,0.0,6.2224
1570.5,2026-05-06T04:25:21.924380+00:00,74.3194,0.0285,96.6715,0.0594,0.75,0.0,1500.0,0.0,6.2621
1571.0,2026-05-06T04:25:22.425903+00:00,74.3265,0.0219,96.7244,0.0379,0.75,0.0,1500.0,0.0,6.2815
1571.5,2026-05-06T04:25:22.925354+00:00,74.4592,0.0805,96.765,0.0214,0.75,0.0,1500.0,0.0,6.291
1572.0,2026-05-06T04:25:23.424428+00:00,74.4339,0.0619,96.7037,-0.0529,0.75,0.0,1500.0,0.0,6.2956
1572.5,2026-05-06T04:25:23.930196+00:00,74.5418,0.1112,96.8648,0.075,0.75,0.0,1500.0,0.0,6.2979
1573.0,2026-05-06T04:25:24.424441+00:00,74.4974,0.0855,96.7573,0.0114,0.75,0.0,1500.0,0.0,6.299
1573.5,2026-05-06T04:25:24.924395+00:00,74.4633,0.002,96.8134,0.0473,0.75,0.0,1500.0,0.0,6.2995
1574.0,2026-05-06T04:25:25.424455+00:00,74.4371,0.0016,96.8566,0.0441,0.75,0.0,1500.0,0.0,6.2998
1574.5,2026-05-06T04:25:25.924377+00:00,74.4169,-0.0624,96.8898,0.0416,0.75,0.0,1500.0,0.0,6.2999
1575.0,2026-05-06T04:25:26.430393+00:00,74.2742,-0.1116,97.031,0.1091,0.75,0.0,1500.0,0.0,6.2999
1575.5,2026-05-06T04:25:26.924394+00:00,74.419,-0.0222,97.1164,0.0839,0.75,0.0,1500.0,0.0,6.3
1576.0,2026-05-06T04:25:27.424415+00:00,74.2758,-0.0807,97.2051,0.1493,0.75,0.0,1500.0,0.0,6.3
1576.5,2026-05-06T04:25:27.924920+00:00,74.4202,0.0016,97.2734,0.1533,0.75,0.0,1500.0,0.0,6.3
1577.0,2026-05-06T04:25:28.425285+00:00,74.404,0.0649,97.2101,0.1178,0.75,0.0,1500.0,0.0,6.3
1577.5,2026-05-06T04:25:28.930653+00:00,74.5187,0.0499,97.3929,0.1677,0.75,0.0,1500.0,0.0,6.3
1578.0,2026-05-06T04:25:29.427270+00:00,74.4797,0.102,97.4177,0.1289,0.75,0.0,1500.0,0.0,6.3
1578.5,2026-05-06T04:25:29.925348+00:00,74.4497,0.0147,97.4367,0.1068,0.75,0.0,1500.0,0.0,6.3
1579.0,2026-05-06T04:25:30.424426+00:00,74.4266,0.0113,97.4514,0.0821,0.75,0.0,1500.0,0.0,6.3
1579.5,2026-05-06T04:25:30.924441+00:00,74.4089,-0.0549,97.3469,0.0245,0.75,0.0,1500.0,0.0,6.3
1580.0,2026-05-06T04:25:31.428971+00:00,74.3953,-0.0422,97.2666,0.0188,0.75,0.0,1500.0,0.0,6.3
1580.5,2026-05-06T04:25:31.924565+00:00,74.3848,-0.0324,97.1818,-0.0704,0.75,0.0,1500.0,0.0,6.3
1581.0,2026-05-06T04:25:32.424405+00:00,74.504,0.0387,97.1397,-0.0926,0.75,0.0,1500.0,0.0,6.3
1581.5,2026-05-06T04:25:32.924418+00:00,74.4684,0.0297,97.2231,-0.0712,0.75,0.0,1500.0,0.0,6.3
1582.0,2026-05-06T04:25:33.424429+00:00,74.5682,0.0865,97.1715,-0.0933,0.75,0.0,1500.0,0.0,6.3
1582.5,2026-05-06T04:25:33.928642+00:00,74.3905,0.0028,97.1318,-0.0717,0.75,0.0,1500.0,0.0,6.3
1583.0,2026-05-06T04:25:34.425103+00:00,74.3811,-0.0614,96.9856,-0.0937,0.75,0.0,1500.0,0.0,6.3
1583.5,2026-05-06T04:25:34.925041+00:00,74.3739,-0.0472,96.9889,-0.0643,0.75,0.0,1500.0,0.0,6.3
1584.0,2026-05-06T04:25:35.424410+00:00,74.3684,-0.0999,96.9915,-0.0494,0.75,0.0,1500.0,0.0,6.3
1584.5,2026-05-06T04:25:35.924603+00:00,74.2369,-0.0768,96.8546,-0.1228,0.75,0.0,1500.0,0.0,6.3
1585.0,2026-05-06T04:25:36.434553+00:00,74.3903,0.0046,96.9808,-0.0636,0.75,0.0,1500.0,0.0,6.3
1585.5,2026-05-06T04:25:36.924424+00:00,74.381,0.0035,97.101,-0.0103,0.75,0.0,1500.0,0.0,6.3
1586.0,2026-05-06T04:25:37.425530+00:00,74.3738,0.0027,96.9619,-0.0079,0.75,0.0,1500.0,0.0,6.3
1586.5,2026-05-06T04:25:37.924551+00:00,74.241,0.0021,96.9707,-0.0061,0.75,0.0,1500.0,0.0,6.3
1587.0,2026-05-06T04:25:38.424386+00:00,74.2662,-0.062,96.9775,-0.0047,0.75,0.0,1500.0,0.0,6.3
1587.5,2026-05-06T04:25:38.936165+00:00,74.2856,-0.0477,96.9827,0.0427,0.75,0.0,1500.0,0.0,6.3
1588.0,2026-05-06T04:25:39.424412+00:00,74.3005,-0.0366,96.871,-0.0366,0.75,0.0,1500.0,0.0,6.3
1588.5,2026-05-06T04:25:39.924431+00:00,74.312,0.0355,96.9009,-0.0667,0.75,0.0,1500.0,0.0,6.3
1589.0,2026-05-06T04:25:40.425073+00:00,74.448,0.0909,96.9238,-0.0127,0.75,0.0,1500.0,0.0,6.3
1589.5,2026-05-06T04:25:40.924384+00:00,74.5526,0.1335,96.3629,-0.2026,0.75,0.0,1500.0,0.0,6.3
1590.0,2026-05-06T04:25:41.428950+00:00,74.5057,0.1026,96.2558,-0.2406,0.75,0.0,1500.0,0.0,6.3
1590.5,2026-05-06T04:25:41.925463+00:00,74.597,0.1425,96.5437,-0.1463,0.75,0.0,1500.0,0.0,6.3
1591.0,2026-05-06T04:25:42.424406+00:00,74.4126,-0.0177,96.4179,-0.151,0.75,0.0,1500.0,0.0,6.3
1591.5,2026-05-06T04:25:42.924360+00:00,74.5253,-0.0136,96.6683,-0.0775,0.75,0.0,1500.0,0.0,6.3
1592.0,2026-05-06T04:25:43.424444+00:00,74.4848,-0.0105,96.7451,-0.0596,0.75,0.0,1500.0,0.0,6.3
1592.5,2026-05-06T04:25:43.932817+00:00,74.3263,-0.1353,96.5726,0.0699,0.75,0.0,1500.0,0.0,6.3
1593.0,2026-05-06T04:25:44.424734+00:00,74.2045,-0.104,96.6715,0.1386,0.75,0.0,1500.0,0.0,6.3
1593.5,2026-05-06T04:25:44.924552+00:00,74.1109,-0.2072,96.7244,0.0602,0.75,0.0,1500.0,0.0,6.3
1594.0,2026-05-06T04:25:45.424395+00:00,74.1662,-0.1593,96.4411,0.0077,0.75,0.0,1500.0,0.0,6.3
1594.5,2026-05-06T04:25:45.924588+00:00,74.2088,-0.0588,96.4547,-0.0712,0.75,0.0,1500.0,0.0,6.3
1595.0,2026-05-06T04:25:46.429621+00:00,74.3687,0.0821,96.5809,-0.0547,0.75,0.0,1500.0,0.0,6.3
1595.5,2026-05-06T04:25:46.924401+00:00,74.2371,0.0631,96.4465,-0.0421,0.75,0.0,1500.0,0.0,6.3
1596.0,2026-05-06T04:25:47.424411+00:00,74.136,-0.0151,96.4357,-0.0786,0.75,0.0,1500.0,0.0,6.3
1596.5,2026-05-06T04:25:47.924385+00:00,74.1855,-0.0116,96.682,-0.0141,0.75,0.0,1500.0,0.0,6.3
1597.0,2026-05-06T04:25:48.424401+00:00,74.2236,-0.0726,96.5242,0.0277,0.75,0.0,1500.0,0.0,6.3
1597.5,2026-05-06T04:25:48.931219+00:00,74.3801,0.0715,96.5186,0.0213,0.75,0.0,1500.0,0.0,6.3
1598.0,2026-05-06T04:25:49.424457+00:00,74.3731,0.1186,96.7457,0.0549,0.75,0.0,1500.0,0.0,6.3
1598.5,2026-05-06T04:25:49.924933+00:00,74.3678,0.0911,96.55,0.0345,0.75,0.0,1500.0,0.0,6.3
1599.0,2026-05-06T04:25:50.424919+00:00,74.4909,0.1337,96.3996,-0.012,0.75,0.0,1500.0,0.0,6.3
1599.5,2026-05-06T04:25:50.924704+00:00,74.4583,0.0391,96.5385,-0.0478,0.75,0.0,1500.0,0.0,6.3
1600.0,2026-05-06T04:25:51.432772+00:00,74.5605,0.0937,96.4139,-0.0368,0.75,0.0,1500.0,0.0,6.3
1600.5,2026-05-06T04:25:51.924405+00:00,74.5118,0.072,96.4338,-0.0283,0.75,0.0,1500.0,0.0,6.3
1601.0,2026-05-06T04:25:52.425094+00:00,74.4744,-0.0083,96.5648,-0.0603,0.75,0.0,1500.0,0.0,6.3
1601.5,2026-05-06T04:25:52.926647+00:00,74.4456,-0.0064,96.4341,-0.0386,0.75,0.0,1500.0,0.0,6.3
1602.0,2026-05-06T04:25:53.424434+00:00,74.4235,-0.0685,96.7965,0.1323,0.75,0.0,1500.0,0.0,6.3
1602.5,2026-05-06T04:25:53.929744+00:00,74.4065,-0.0527,96.8436,0.1017,0.75,0.0,1500.0,0.0,6.3
1603.0,2026-05-06T04:25:54.424383+00:00,74.2661,-0.1041,96.7409,0.109,0.75,0.0,1500.0,0.0,6.3
1603.5,2026-05-06T04:25:54.924441+00:00,74.031,-0.2073,96.8009,0.1223,0.75,0.0,1500.0,0.0,6.3
1604.0,2026-05-06T04:25:55.424851+00:00,74.1048,-0.1593,96.8238,0.0863,0.75,0.0,1500.0,0.0,6.3
1604.5,2026-05-06T04:25:55.924380+00:00,74.0343,-0.1861,96.61,0.0586,0.75,0.0,1500.0,0.0,6.3
1605.0,2026-05-06T04:25:56.431079+00:00,74.1073,-0.0794,96.5846,-0.0706,0.75,0.0,1500.0,0.0,6.3
1605.5,2026-05-06T04:25:56.925298+00:00,74.2908,0.1299,96.7964,-0.0157,0.75,0.0,1500.0,0.0,6.3
1606.0,2026-05-06T04:25:57.426258+00:00,74.1772,0.0362,96.7278,-0.0044,0.75,0.0,1500.0,0.0,6.3
1606.5,2026-05-06T04:25:57.925063+00:00,74.2172,0.0915,96.652,-0.0496,0.75,0.0,1500.0,0.0,6.3
1607.0,2026-05-06T04:25:58.424440+00:00,74.2479,0.0703,96.6168,-0.069,0.75,0.0,1500.0,0.0,6.3
1607.5,2026-05-06T04:25:58.931650+00:00,74.1443,-0.0732,96.4509,-0.053,0.75,0.0,1500.0,0.0,6.3
1608.0,2026-05-06T04:25:59.424438+00:00,74.3191,0.071,96.578,-0.0022,0.75,0.0,1500.0,0.0,6.3
1608.5,2026-05-06T04:25:59.925053+00:00,74.3263,0.0546,96.6756,-0.0403,0.75,0.0,1500.0,0.0,6.3
1609.0,2026-05-06T04:26:00.424378+00:00,74.2045,-0.0217,96.6119,-0.0387,0.75,0.0,1500.0,0.0,6.3
1609.5,2026-05-06T04:26:00.924935+00:00,74.2382,0.047,96.7017,0.0166,0.75,0.0,1500.0,0.0,6.3
1610.0,2026-05-06T04:26:01.533472+00:00,74.3913,0.0361,96.8864,0.0899,0.75,0.0,1500.0,0.0,6.3
1610.5,2026-05-06T04:26:01.924392+00:00,74.1272,-0.0995,96.797,0.1154,0.75,0.0,1500.0,0.0,6.3
1611.0,2026-05-06T04:26:02.424454+00:00,74.0515,-0.0765,96.7283,0.0501,0.75,0.0,1500.0,0.0,6.3
1611.5,2026-05-06T04:26:02.924624+00:00,73.9933,-0.1224,96.9068,0.0771,0.75,0.0,1500.0,0.0,6.3
1612.0,2026-05-06T04:26:03.424468+00:00,74.2031,-0.0941,96.9053,0.0978,0.75,0.0,1500.0,0.0,6.3
1612.5,2026-05-06T04:26:03.931543+00:00,74.1098,-0.0087,96.9272,0.0752,0.75,0.0,1500.0,0.0,6.2488
1613.0,2026-05-06T04:26:04.427517+00:00,74.2927,0.1206,96.944,0.0192,0.75,0.0,1500.0,0.0,6.275
1613.5,2026-05-06T04:26:04.924415+00:00,74.3059,0.1563,96.957,0.0533,0.75,0.0,1500.0,0.0,6.2878
1614.0,2026-05-06T04:26:05.424459+00:00,74.1889,-0.0071,96.9669,0.0796,0.75,0.0,1500.0,0.0,6.294
1614.5,2026-05-06T04:26:05.924427+00:00,74.2262,0.0582,96.8589,-0.016,0.75,0.0,1500.0,0.0,6.2971
1615.0,2026-05-06T04:26:06.432684+00:00,74.3821,0.0447,96.8915,-0.0046,0.75,0.0,1500.0,0.0,6.2474
1615.5,2026-05-06T04:26:06.924397+00:00,74.3747,0.0344,96.9166,-0.0035,0.75,0.0,1500.0,0.0,6.2231
1616.0,2026-05-06T04:26:07.424433+00:00,74.369,0.09,96.8202,-0.0413,0.75,0.0,1500.0,0.0,6.2113
1616.5,2026-05-06T04:26:07.924402+00:00,74.3646,0.0692,96.8618,-0.0317,0.75,0.0,1500.0,0.0,6.2055
1617.0,2026-05-06T04:26:08.424382+00:00,74.3612,-0.0104,97.0095,0.0142,0.75,0.0,1500.0,0.0,6.2027
1617.5,2026-05-06T04:26:08.931099+00:00,74.3586,-0.008,96.7759,-0.0277,0.75,0.0,1500.0,0.0,6.2013
1618.0,2026-05-06T04:26:09.424684+00:00,74.2293,-0.0698,96.9435,0.0173,0.75,0.0,1500.0,0.0,6.2518
1618.5,2026-05-06T04:26:09.924468+00:00,74.3845,0.01,96.8177,-0.033,0.75,0.0,1500.0,0.0,6.2765
1619.0,2026-05-06T04:26:10.424419+00:00,74.3765,0.0077,96.721,-0.0331,0.75,0.0,1500.0,0.0,6.2885
1619.5,2026-05-06T04:26:10.924416+00:00,74.3704,0.0059,96.6699,-0.064,0.75,0.0,1500.0,0.0,6.2432
1620.0,2026-05-06T04:26:11.431932+00:00,74.2384,0.0045,96.7231,-0.0955,0.75,0.0,1500.0,0.0,6.2211
1620.5,2026-05-06T04:26:11.924409+00:00,74.2642,-0.0602,96.5558,-0.0734,0.75,0.0,1500.0,0.0,6.2615
1621.0,2026-05-06T04:26:12.424433+00:00,74.1568,-0.1099,96.5429,-0.1335,0.75,0.0,1500.0,0.0,6.2812
1621.5,2026-05-06T04:26:12.924724+00:00,74.0742,-0.1481,96.533,-0.0949,0.75,0.0,1500.0,0.0,6.2908
1622.0,2026-05-06T04:26:13.424415+00:00,74.1381,-0.0502,96.3865,-0.1115,0.75,0.0,1500.0,0.0,6.2955
1622.5,2026-05-06T04:26:13.931409+00:00,74.1871,-0.0386,96.4128,-0.0857,0.75,0.0,1500.0,0.0,6.2466
1623.0,2026-05-06T04:26:14.424908+00:00,74.3521,0.0976,96.6412,-0.0273,0.75,0.0,1500.0,0.0,6.2739
1623.5,2026-05-06T04:26:14.924409+00:00,74.2243,0.075,96.6085,0.0176,0.75,0.0,1500.0,0.0,6.2873
1624.0,2026-05-06T04:26:15.424388+00:00,74.2534,0.0577,96.5603,0.0058,0.75,0.0,1500.0,0.0,6.2938
1624.5,2026-05-06T04:26:15.924366+00:00,74.1485,-0.0193,96.4075,-0.0418,0.75,0.0,1500.0,0.0,6.297
1625.0,2026-05-06T04:26:16.428874+00:00,74.3224,-0.0148,96.5446,0.0527,0.75,0.0,1500.0,0.0,6.2985
1625.5,2026-05-06T04:26:16.924371+00:00,74.3288,0.0522,96.7657,0.1176,0.75,0.0,1500.0,0.0,6.2481
1626.0,2026-05-06T04:26:17.425888+00:00,74.3337,0.0401,96.7968,0.0518,0.75,0.0,1500.0,0.0,6.2235
1626.5,2026-05-06T04:26:17.925165+00:00,74.2102,0.0309,96.8206,0.0707,0.75,0.0,1500.0,0.0,6.2114
1627.0,2026-05-06T04:26:18.424443+00:00,73.988,-0.1672,96.8622,0.1006,0.75,0.0,1500.0,0.0,6.2056
1627.5,2026-05-06T04:26:18.933244+00:00,73.9445,-0.1921,96.8709,0.1545,0.75,0.0,1500.0,0.0,6.2027
1628.0,2026-05-06T04:26:19.424416+00:00,74.0383,-0.1477,97.0165,0.1573,0.75,0.0,1500.0,0.0,6.2525
1628.5,2026-05-06T04:26:19.924403+00:00,74.1105,-0.0499,97.1052,0.1132,0.75,0.0,1500.0,0.0,6.2256
1629.0,2026-05-06T04:26:20.424414+00:00,74.1659,0.0889,96.942,0.0484,0.75,0.0,1500.0,0.0,6.2125
1629.5,2026-05-06T04:26:20.924585+00:00,73.9539,0.0047,97.0712,0.0835,0.75,0.0,1500.0,0.0,6.2061
1630.0,2026-05-06T04:26:21.429746+00:00,74.0456,0.0036,96.8233,-0.013,0.75,0.0,1500.0,0.0,6.203
1630.5,2026-05-06T04:26:21.924420+00:00,74.2433,0.0664,96.4939,-0.1257,0.75,0.0,1500.0,0.0,6.2527
1631.0,2026-05-06T04:26:22.424387+00:00,74.268,0.0511,96.611,-0.1351,0.75,0.0,1500.0,0.0,6.2769
1631.5,2026-05-06T04:26:22.925027+00:00,74.287,0.1665,96.5853,-0.1733,0.75,0.0,1500.0,0.0,6.2887
1632.0,2026-05-06T04:26:23.424428+00:00,74.3016,0.128,96.5425,-0.1332,0.75,0.0,1500.0,0.0,6.2945
1632.5,2026-05-06T04:26:23.930688+00:00,74.3128,0.0347,96.6483,-0.1409,0.75,0.0,1500.0,0.0,6.2461
1633.0,2026-05-06T04:26:24.424429+00:00,74.1941,-0.0369,96.7297,-0.0312,0.75,0.0,1500.0,0.0,6.2737
1633.5,2026-05-06T04:26:24.924411+00:00,74.1029,-0.092,96.422,-0.024,0.75,0.0,1500.0,0.0,6.2872
1634.0,2026-05-06T04:26:25.424413+00:00,74.2874,-0.0071,96.5558,-0.0184,0.75,0.0,1500.0,0.0,6.2937
1634.5,2026-05-06T04:26:25.924458+00:00,74.1746,-0.0691,96.5429,-0.0142,0.75,0.0,1500.0,0.0,6.2969
1635.0,2026-05-06T04:26:26.433315+00:00,74.2152,0.0105,96.6255,0.0277,0.75,0.0,1500.0,0.0,6.2985
1635.5,2026-05-06T04:26:26.924393+00:00,74.2464,0.0717,96.5965,-0.0173,0.75,0.0,1500.0,0.0,6.3505
1636.0,2026-05-06T04:26:27.424872+00:00,74.2704,-0.0085,96.6667,-0.021,0.75,0.0,1500.0,0.0,6.3758
1636.5,2026-05-06T04:26:27.924410+00:00,74.2888,0.0571,96.5124,0.0301,0.75,0.0,1500.0,0.0,6.3882
1637.0,2026-05-06T04:26:28.424408+00:00,74.3029,0.0439,96.6252,0.0232,0.75,0.0,1500.0,0.0,6.3942
1637.5,2026-05-06T04:26:28.929886+00:00,74.1866,-0.0299,96.712,0.0564,0.75,0.0,1500.0,0.0,6.346
1638.0,2026-05-06T04:26:29.424406+00:00,74.0971,-0.0866,96.5472,-0.0261,0.75,0.0,1500.0,0.0,6.3736
1638.5,2026-05-06T04:26:29.924443+00:00,74.0284,-0.1302,96.6289,0.0108,0.75,0.0,1500.0,0.0,6.3359
1639.0,2026-05-06T04:26:30.424406+00:00,74.1028,-0.1001,96.5759,-0.0303,0.75,0.0,1500.0,0.0,6.3175
1639.5,2026-05-06T04:26:30.924528+00:00,74.16,-0.0133,96.4426,-0.0233,0.75,0.0,1500.0,0.0,6.3086
1640.0,2026-05-06T04:26:31.430187+00:00,74.0767,-0.0102,96.5485,-0.0256,0.75,0.0,1500.0,0.0,6.3042
1640.5,2026-05-06T04:26:31.924417+00:00,74.1399,0.0558,96.6298,-0.0274,0.75,0.0,1500.0,0.0,6.3532
1641.0,2026-05-06T04:26:32.424392+00:00,74.3158,0.1065,96.3684,-0.0596,0.75,0.0,1500.0,0.0,6.326
1641.5,2026-05-06T04:26:32.924997+00:00,74.3237,0.0819,96.3988,-0.0767,0.75,0.0,1500.0,0.0,6.3127
1642.0,2026-05-06T04:26:33.424458+00:00,74.2025,0.0629,96.6536,0.0259,0.75,0.0,1500.0,0.0,6.3062
1642.5,2026-05-06T04:26:33.930804+00:00,74.2367,0.0484,96.4792,0.0122,0.75,0.0,1500.0,0.0,6.303
1643.0,2026-05-06T04:26:34.424579+00:00,74.3902,0.0372,96.5766,0.0094,0.75,0.0,1500.0,0.0,6.3015
1643.5,2026-05-06T04:26:34.924427+00:00,74.5081,0.0922,96.5589,-0.0236,0.75,0.0,1500.0,0.0,6.3007
1644.0,2026-05-06T04:26:35.424411+00:00,74.4715,0.1345,96.5221,0.0512,0.75,0.0,1500.0,0.0,6.3004
1644.5,2026-05-06T04:26:35.925302+00:00,74.3161,0.0397,96.4939,0.0317,0.75,0.0,1500.0,0.0,6.3002
1645.0,2026-05-06T04:26:36.430021+00:00,74.324,-0.0331,96.611,-0.0142,0.75,0.0,1500.0,0.0,6.3001
1645.5,2026-05-06T04:26:36.924418+00:00,74.0755,-0.2163,96.4465,-0.0109,0.75,0.0,1500.0,0.0,6.3
1646.0,2026-05-06T04:26:37.424386+00:00,74.139,-0.1663,96.4588,-0.0393,0.75,0.0,1500.0,0.0,6.3
1646.5,2026-05-06T04:26:37.924461+00:00,74.1878,-0.0642,96.6998,0.047,0.75,0.0,1500.0,0.0,6.3
1647.0,2026-05-06T04:26:38.424407+00:00,74.2253,-0.0493,96.399,-0.041,0.75,0.0,1500.0,0.0,6.3
1647.5,2026-05-06T04:26:38.930525+00:00,73.9997,-0.0379,96.6538,0.0533,0.75,0.0,1500.0,0.0,6.3
1648.0,2026-05-06T04:26:39.424436+00:00,73.9535,-0.0928,96.6182,0.0024,0.75,0.0,1500.0,0.0,6.3
1648.5,2026-05-06T04:26:39.924419+00:00,74.0452,-0.0713,96.7065,0.0867,0.75,0.0,1500.0,0.0,6.3
1649.0,2026-05-06T04:26:40.424938+00:00,73.9885,-0.1184,96.7744,0.1052,0.75,0.0,1500.0,0.0,6.3
1649.5,2026-05-06T04:26:40.925153+00:00,74.0721,0.0362,96.9423,0.0809,0.75,0.0,1500.0,0.0,6.3
1650.0,2026-05-06T04:26:41.433704+00:00,74.0092,0.0279,96.84,0.147,0.75,0.0,1500.0,0.0,6.3
1650.5,2026-05-06T04:26:41.926558+00:00,74.088,0.0214,96.9927,0.113,0.75,0.0,1500.0,0.0,6.3
1651.0,2026-05-06T04:26:42.424408+00:00,74.2759,0.1437,96.9944,0.1254,0.75,0.0,1500.0,0.0,6.3
1651.5,2026-05-06T04:26:42.924414+00:00,74.1658,0.0468,96.9957,0.0964,0.75,0.0,1500.0,0.0,6.3
1652.0,2026-05-06T04:26:43.424846+00:00,74.0811,0.036,97.1124,0.1126,0.75,0.0,1500.0,0.0,6.3
1652.5,2026-05-06T04:26:43.933730+00:00,74.2706,0.0913,97.0864,0.048,0.75,0.0,1500.0,0.0,6.3
1653.0,2026-05-06T04:26:44.425713+00:00,74.1617,-0.0571,97.0664,0.0755,0.75,0.0,1500.0,0.0,6.3
1653.5,2026-05-06T04:26:44.924461+00:00,74.3326,0.0834,97.051,0.0194,0.75,0.0,1500.0,0.0,6.3
1654.0,2026-05-06T04:26:45.424934+00:00,74.2093,0.0641,96.9004,-0.0313,0.75,0.0,1500.0,0.0,6.3
1654.5,2026-05-06T04:26:45.924410+00:00,74.2419,-0.0144,96.9003,-0.0318,0.75,0.0,1500.0,0.0,6.3
1655.0,2026-05-06T04:26:46.432905+00:00,74.1396,-0.011,96.9234,-0.063,0.75,0.0,1500.0,0.0,6.3
1655.5,2026-05-06T04:26:46.924522+00:00,74.1883,-0.0721,96.6866,-0.1333,0.75,0.0,1500.0,0.0,6.2488
1656.0,2026-05-06T04:26:47.424405+00:00,74.2257,0.0082,96.5277,-0.1796,0.75,0.0,1500.0,0.0,6.2238
1656.5,2026-05-06T04:26:47.924739+00:00,74.2545,0.0063,96.6138,-0.1457,0.75,0.0,1500.0,0.0,6.2116
1657.0,2026-05-06T04:26:48.424448+00:00,74.4039,0.1321,96.4718,-0.1429,0.75,0.0,1500.0,0.0,6.2057
1657.5,2026-05-06T04:26:48.929111+00:00,74.5187,0.1652,96.3626,-0.1792,0.75,0.0,1500.0,0.0,6.2028
1658.0,2026-05-06T04:26:49.424407+00:00,74.3524,0.0633,96.6027,-0.1069,0.75,0.0,1500.0,0.0,6.2526
1658.5,2026-05-06T04:26:49.924831+00:00,74.2245,-0.015,96.5789,-0.0359,0.75,0.0,1500.0,0.0,6.2768
1659.0,2026-05-06T04:26:50.424443+00:00,74.1263,-0.1388,96.3061,-0.0739,0.75,0.0,1500.0,0.0,6.2887
1659.5,2026-05-06T04:26:50.924403+00:00,74.0508,-0.2339,96.5824,-0.0105,0.75,0.0,1500.0,0.0,6.2945
1660.0,2026-05-06T04:26:51.430225+00:00,74.2473,-0.0525,96.679,0.0691,0.75,0.0,1500.0,0.0,6.2973
1660.5,2026-05-06T04:26:51.924470+00:00,74.3983,0.0869,96.7302,0.1225,0.75,0.0,1500.0,0.0,6.2475
1661.0,2026-05-06T04:26:52.425975+00:00,74.3872,0.1304,96.6769,0.0247,0.75,0.0,1500.0,0.0,6.2232
1661.5,2026-05-06T04:26:52.924629+00:00,74.2513,0.1002,96.636,0.019,0.75,0.0,1500.0,0.0,6.2113
1662.0,2026-05-06T04:26:53.424463+00:00,74.2741,0.0134,96.6045,0.0995,0.75,0.0,1500.0,0.0,6.2055
1662.5,2026-05-06T04:26:53.931634+00:00,74.1644,-0.117,96.5803,-0.0007,0.75,0.0,1500.0,0.0,6.2027
1663.0,2026-05-06T04:26:54.424742+00:00,74.0801,-0.1535,96.1915,-0.1625,0.75,0.0,1500.0,0.0,6.2525
1663.5,2026-05-06T04:26:54.924388+00:00,74.0153,-0.118,96.3786,-0.1172,0.75,0.0,1500.0,0.0,6.2768
1664.0,2026-05-06T04:26:55.424456+00:00,73.9655,-0.1543,96.5224,-0.0515,0.75,0.0,1500.0,0.0,6.2887
1664.5,2026-05-06T04:26:55.924548+00:00,74.0544,-0.055,96.6329,-0.001,0.75,0.0,1500.0,0.0,6.2945
1665.0,2026-05-06T04:26:56.431588+00:00,73.9956,-0.0423,96.7178,0.0378,0.75,0.0,1500.0,0.0,6.2973
1665.5,2026-05-06T04:26:56.924450+00:00,74.2049,0.0948,96.7831,0.0676,0.75,0.0,1500.0,0.0,6.2987
1666.0,2026-05-06T04:26:57.424728+00:00,74.2384,0.1365,96.6019,0.1368,0.75,0.0,1500.0,0.0,6.2994
1666.5,2026-05-06T04:26:57.924403+00:00,74.2643,0.1049,96.4626,0.028,0.75,0.0,1500.0,0.0,6.2997
1667.0,2026-05-06T04:26:58.425065+00:00,74.2841,0.1443,96.5638,0.0138,0.75,0.0,1500.0,0.0,6.2998
1667.5,2026-05-06T04:26:58.930922+00:00,74.1721,-0.0164,96.5259,-0.0357,0.75,0.0,1500.0,0.0,6.2999
1668.0,2026-05-06T04:26:59.424659+00:00,74.086,-0.0762,96.6356,-0.0274,0.75,0.0,1500.0,0.0,6.3
1668.5,2026-05-06T04:26:59.925069+00:00,74.1471,-0.0586,96.6042,-0.0596,0.75,0.0,1500.0,0.0,6.3
1669.0,2026-05-06T04:27:00.424450+00:00,74.0668,-0.1087,96.6958,0.0313,0.75,0.0,1500.0,0.0,6.3
1669.5,2026-05-06T04:27:00.924405+00:00,73.8778,-0.1472,96.6274,0.0549,0.75,0.0,1500.0,0.0,6.3
1670.0,2026-05-06T04:27:01.433028+00:00,73.8598,-0.1131,96.7136,0.0499,0.75,0.0,1500.0,0.0,6.3
1670.5,2026-05-06T04:27:01.924444+00:00,73.9732,-0.0869,96.6642,0.0461,0.75,0.0,1500.0,0.0,6.3
1671.0,2026-05-06T04:27:02.424416+00:00,74.0604,-0.0032,96.5105,-0.0417,0.75,0.0,1500.0,0.0,6.3
1671.5,2026-05-06T04:27:02.924440+00:00,73.8729,-0.0024,96.4849,-0.0398,0.75,0.0,1500.0,0.0,6.3
1672.0,2026-05-06T04:27:03.425775+00:00,73.856,-0.0019,96.4884,-0.0691,0.75,0.0,1500.0,0.0,6.3
1672.5,2026-05-06T04:27:03.929230+00:00,73.9703,-0.0014,96.4679,-0.0531,0.75,0.0,1500.0,0.0,6.3
1673.0,2026-05-06T04:27:04.424454+00:00,73.9309,-0.0647,96.5679,-0.0486,0.75,0.0,1500.0,0.0,6.3
1673.5,2026-05-06T04:27:04.924405+00:00,73.7733,-0.0498,96.5291,-0.045,0.75,0.0,1500.0,0.0,6.3
1674.0,2026-05-06T04:27:05.426261+00:00,73.6522,-0.1019,96.5223,0.004,0.75,0.0,1500.0,0.0,6.3
1674.5,2026-05-06T04:27:05.924474+00:00,73.6864,-0.1419,96.6329,0.0493,0.75,0.0,1500.0,0.0,6.3
1675.0,2026-05-06T04:27:06.429832+00:00,73.9673,0.0182,96.4864,-0.0007,0.75,0.0,1500.0,0.0,6.3
1675.5,2026-05-06T04:27:06.924386+00:00,74.1831,0.2049,96.3507,-0.0391,0.75,0.0,1500.0,0.0,6.3
1676.0,2026-05-06T04:27:07.425019+00:00,74.2217,0.2847,96.501,-0.0223,0.75,0.0,1500.0,0.0,6.3
1676.5,2026-05-06T04:27:07.924589+00:00,74.1241,0.2188,96.6164,0.0291,0.75,0.0,1500.0,0.0,6.3
1677.0,2026-05-06T04:27:08.424426+00:00,74.0491,0.0409,96.4738,-0.0162,0.75,0.0,1500.0,0.0,6.3
1677.5,2026-05-06T04:27:08.930572+00:00,74.1187,-0.0322,96.7113,0.0261,0.75,0.0,1500.0,0.0,6.2488
1678.002155,2026-05-06T04:27:09.426575+00:00,74.1723,-0.0247,96.7781,0.0972,0.75,0.0,1500.0,0.0,6.275
1678.5,2026-05-06T04:27:09.924381+00:00,74.2134,0.0446,96.7137,0.121,0.75,0.0,1500.0,0.0,6.2878
1679.0,2026-05-06T04:27:10.425342+00:00,74.245,0.0979,96.6643,0.0544,0.75,0.0,1500.0,0.0,6.294
1679.5,2026-05-06T04:27:10.924576+00:00,74.3966,0.1389,96.6031,-0.0044,0.75,0.0,1500.0,0.0,6.2971
1680.0,2026-05-06T04:27:11.429951+00:00,74.2585,0.0431,96.8107,0.1123,0.75,0.0,1500.0,0.0,6.2986
1680.5,2026-05-06T04:27:11.925049+00:00,74.1524,-0.0305,96.8313,0.04,0.75,0.0,1500.0,0.0,6.2993
1681.0,2026-05-06T04:27:12.424405+00:00,74.1981,-0.0234,96.8704,0.0308,0.75,0.0,1500.0,0.0,6.2997
1681.5,2026-05-06T04:27:12.924452+00:00,74.106,-0.1453,97.0161,0.1008,0.75,0.0,1500.0,0.0,6.2998
1682.0,2026-05-06T04:27:13.424527+00:00,74.0352,-0.1117,97.0123,0.116,0.75,0.0,1500.0,0.0,6.2999
1682.5,2026-05-06T04:27:13.932569+00:00,73.9808,-0.0858,97.0095,0.1355,0.75,0.0,1500.0,0.0,6.2488
1683.0,2026-05-06T04:27:14.424578+00:00,73.9389,-0.1296,97.123,0.1041,0.75,0.0,1500.0,0.0,6.275
1683.5,2026-05-06T04:27:14.925864+00:00,74.0341,-0.036,97.0945,0.0877,0.75,0.0,1500.0,0.0,6.2878
1684.0,2026-05-06T04:27:15.424371+00:00,73.8526,-0.0913,96.8413,-0.0097,0.75,0.0,1500.0,0.0,6.294
1684.5,2026-05-06T04:27:15.924709+00:00,73.8405,-0.0702,96.878,-0.046,0.75,0.0,1500.0,0.0,6.2971
1685.0,2026-05-06T04:27:16.431237+00:00,73.9584,0.0097,97.0219,0.0032,0.75,0.0,1500.0,0.0,6.2986
1685.5,2026-05-06T04:27:16.924403+00:00,74.049,0.0075,97.0169,0.0025,0.75,0.0,1500.0,0.0,6.2993
1686.0,2026-05-06T04:27:17.424394+00:00,74.1186,0.133,97.1287,0.0019,0.75,0.0,1500.0,0.0,6.2997
1686.5,2026-05-06T04:27:17.926164+00:00,74.0449,0.1022,97.122,0.0092,0.75,0.0,1500.0,0.0,6.2998
1687.0,2026-05-06T04:27:18.424421+00:00,73.9882,0.0149,97.1863,0.115,0.75,0.0,1500.0,0.0,6.2999
1687.5,2026-05-06T04:27:18.930205+00:00,74.0719,0.0115,97.0275,0.0498,0.75,0.0,1500.0,0.0,6.2488
1688.0,2026-05-06T04:27:19.424951+00:00,74.009,-0.0548,96.9055,-0.0388,0.75,0.0,1500.0,0.0,6.275
1688.5,2026-05-06T04:27:19.926287+00:00,73.9607,-0.0421,96.8116,-0.0684,0.75,0.0,1500.0,0.0,6.2878
1689.0,2026-05-06T04:27:20.424409+00:00,74.0507,0.0313,96.8552,-0.0911,0.75,0.0,1500.0,0.0,6.294
1689.5,2026-05-06T04:27:20.924450+00:00,73.8655,-0.1032,96.773,-0.1163,0.75,0.0,1500.0,0.0,6.2971
1690.0,2026-05-06T04:27:21.429336+00:00,73.9776,-0.0157,96.8024,-0.128,0.75,0.0,1500.0,0.0,6.2986
1690.5,2026-05-06T04:27:21.925067+00:00,73.9365,-0.0121,96.9638,-0.0212,0.75,0.0,1500.0,0.0,6.2993
1691.0,2026-05-06T04:27:22.424401+00:00,73.7776,-0.1366,96.9953,0.03,0.75,0.0,1500.0,0.0,6.2997
1691.5,2026-05-06T04:27:22.924396+00:00,73.7828,-0.0413,97.1121,0.1002,0.75,0.0,1500.0,0.0,6.2998
1692.0,2026-05-06T04:27:23.425091+00:00,73.7868,-0.0954,97.2019,0.1156,0.75,0.0,1500.0,0.0,6.2999
1692.5,2026-05-06T04:27:23.930900+00:00,73.9171,-0.0097,97.0395,0.0888,0.75,0.0,1500.0,0.0,6.2488
1693.0,2026-05-06T04:27:24.425613+00:00,73.7627,-0.0074,97.146,0.1145,0.75,0.0,1500.0,0.0,6.275
1693.5,2026-05-06T04:27:24.924448+00:00,73.8986,0.0579,97.2279,0.088,0.75,0.0,1500.0,0.0,6.2878
1694.0,2026-05-06T04:27:25.424398+00:00,74.1304,0.1718,97.0364,0.0137,0.75,0.0,1500.0,0.0,6.294
1694.5,2026-05-06T04:27:25.924386+00:00,73.9266,0.0048,97.0279,-0.0281,0.75,0.0,1500.0,0.0,6.2971
1695.0,2026-05-06T04:27:26.431092+00:00,73.8973,0.0673,96.9058,-0.0987,0.75,0.0,1500.0,0.0,6.2986
1695.5,2026-05-06T04:27:26.926414+00:00,73.8748,-0.0119,96.6962,-0.1144,0.75,0.0,1500.0,0.0,6.2993
1696.0,2026-05-06T04:27:27.424400+00:00,73.9848,-0.0728,96.8822,-0.0879,0.75,0.0,1500.0,0.0,6.2997
1696.5,2026-05-06T04:27:27.924591+00:00,73.942,0.0077,96.7937,-0.1447,0.75,0.0,1500.0,0.0,6.2998
1697.0,2026-05-06T04:27:28.424409+00:00,74.0364,0.0695,96.7026,-0.1112,0.75,0.0,1500.0,0.0,6.2999
1697.5,2026-05-06T04:27:29.034676+00:00,74.109,0.1171,96.8871,-0.0469,0.75,0.0,1500.0,0.0,6.2488
1698.0,2026-05-06T04:27:29.424435+00:00,74.292,0.1536,97.029,0.0411,0.75,0.0,1500.0,0.0,6.275
1698.5,2026-05-06T04:27:29.924733+00:00,74.3054,0.1817,97.0223,0.1087,0.75,0.0,1500.0,0.0,6.2366
1699.0,2026-05-06T04:27:30.424684+00:00,74.3158,0.1397,97.0171,0.045,0.75,0.0,1500.0,0.0,6.2179
1699.5,2026-05-06T04:27:30.924421+00:00,74.3237,0.1073,96.8974,0.0346,0.75,0.0,1500.0,0.0,6.2087
1700.0,2026-05-06T04:27:31.432181+00:00,74.2025,-0.0448,97.0369,0.1114,0.75,0.0,1500.0,0.0,6.2043
1700.5,2026-05-06T04:27:31.924462+00:00,74.2366,-0.0344,97.2597,0.1242,0.75,0.0,1500.0,0.0,6.2533
1701.0,2026-05-06T04:27:32.424447+00:00,74.2629,-0.0264,97.1996,0.0569,0.75,0.0,1500.0,0.0,6.2772
1701.5,2026-05-06T04:27:32.924419+00:00,74.0285,-0.1476,97.2691,0.0823,0.75,0.0,1500.0,0.0,6.2889
1702.0,2026-05-06T04:27:33.424433+00:00,73.9756,-0.1134,97.2994,0.0941,0.75,0.0,1500.0,0.0,6.2946
1702.5,2026-05-06T04:27:33.929567+00:00,73.935,-0.1508,97.2301,0.1109,0.75,0.0,1500.0,0.0,6.2462
1703.0,2026-05-06T04:27:34.424382+00:00,73.9037,-0.1796,97.2926,0.0852,0.75,0.0,1500.0,0.0,6.2737
1703.5,2026-05-06T04:27:34.924384+00:00,74.007,-0.0107,97.2249,-0.0116,0.75,0.0,1500.0,0.0,6.2872
1704.0,2026-05-06T04:27:35.424376+00:00,74.0864,0.0554,97.1728,-0.0089,0.75,0.0,1500.0,0.0,6.2937
1704.5,2026-05-06T04:27:35.925366+00:00,74.1474,0.1062,97.1328,-0.0454,0.75,0.0,1500.0,0.0,6.2969
1705.0,2026-05-06T04:27:36.431628+00:00,74.1943,0.1453,96.9864,-0.1043,0.75,0.0,1500.0,0.0,6.2985
1705.5,2026-05-06T04:27:36.924371+00:00,74.103,0.048,96.9664,-0.0879,0.75,0.0,1500.0,0.0,6.2993
1706.0,2026-05-06T04:27:37.425307+00:00,74.1602,0.0369,96.8585,-0.1447,0.75,0.0,1500.0,0.0,6.2996
1706.5,2026-05-06T04:27:37.924439+00:00,74.0768,-0.0353,96.7524,-0.1575,0.75,0.0,1500.0,0.0,6.2998
1707.0,2026-05-06T04:27:38.425293+00:00,74.0128,-0.0907,96.9022,-0.0902,0.75,0.0,1500.0,0.0,6.2999
1707.5,2026-05-06T04:27:38.934997+00:00,73.9635,-0.0697,96.8092,-0.1079,0.75,0.0,1500.0,0.0,6.2488
1708.0,2026-05-06T04:27:39.424414+00:00,73.9257,-0.1172,96.969,-0.0058,0.75,0.0,1500.0,0.0,6.2238
1708.5,2026-05-06T04:27:39.925414+00:00,74.0239,-0.0265,96.9762,0.0033,0.75,0.0,1500.0,0.0,6.2116
1709.0,2026-05-06T04:27:40.424438+00:00,74.0993,0.0433,96.9817,0.0411,0.75,0.0,1500.0,0.0,6.2057
1709.5,2026-05-06T04:27:40.924588+00:00,73.9028,-0.0304,96.9859,0.0778,0.75,0.0,1500.0,0.0,6.2028
1710.0,2026-05-06T04:27:41.429125+00:00,74.0063,0.0403,97.1049,0.0675,0.75,0.0,1500.0,0.0,6.2013
1710.5,2026-05-06T04:27:41.924427+00:00,74.0858,0.031,97.0806,0.0905,0.75,0.0,1500.0,0.0,6.2519
1711.0,2026-05-06T04:27:42.424382+00:00,73.8924,-0.1035,97.2934,0.1081,0.75,0.0,1500.0,0.0,6.2765
1711.5,2026-05-06T04:27:42.924882+00:00,73.871,-0.0159,97.2255,0.0831,0.75,0.0,1500.0,0.0,6.2885
1712.0,2026-05-06T04:27:43.424392+00:00,73.7273,-0.1395,97.1733,0.0639,0.75,0.0,1500.0,0.0,6.2944
1712.5,2026-05-06T04:27:43.931559+00:00,73.7441,-0.1708,97.1332,0.0491,0.75,0.0,1500.0,0.0,6.2461
1713.0,2026-05-06T04:27:44.424442+00:00,74.0116,0.0596,97.2181,0.0377,0.75,0.0,1500.0,0.0,6.2737
1713.5,2026-05-06T04:27:44.924407+00:00,74.0899,0.1094,97.2833,0.0676,0.75,0.0,1500.0,0.0,6.2872
1714.0,2026-05-06T04:27:45.424851+00:00,74.1501,0.2114,97.3335,0.0134,0.75,0.0,1500.0,0.0,6.2937
1714.5,2026-05-06T04:27:45.926713+00:00,74.0691,0.1625,97.1637,-0.0206,0.75,0.0,1500.0,0.0,6.2969
1715.0,2026-05-06T04:27:46.430412+00:00,74.2614,0.1249,97.2415,0.0227,0.75,0.0,1500.0,0.0,6.2985
1715.5,2026-05-06T04:27:46.924606+00:00,74.0273,-0.0313,97.3014,0.0561,0.75,0.0,1500.0,0.0,6.2481
1716.0,2026-05-06T04:27:47.424423+00:00,73.9747,-0.0877,97.2316,0.0045,0.75,0.0,1500.0,0.0,6.2235
1716.5,2026-05-06T04:27:47.924378+00:00,74.0616,-0.0038,97.2937,0.0035,0.75,0.0,1500.0,0.0,6.2114
1717.0,2026-05-06T04:27:48.424409+00:00,74.1283,-0.0665,97.3415,0.0027,0.75,0.0,1500.0,0.0,6.2056
1717.5,2026-05-06T04:27:48.931525+00:00,74.1796,0.0761,97.2624,0.0329,0.75,0.0,1500.0,0.0,6.2027
1718.0,2026-05-06T04:27:49.424459+00:00,74.0918,0.0585,97.4331,0.0639,0.75,0.0,1500.0,0.0,6.2525
1718.5,2026-05-06T04:27:49.925167+00:00,74.1515,0.045,97.4486,0.0491,0.75,0.0,1500.0,0.0,6.2768
1719.0,2026-05-06T04:27:50.424380+00:00,74.1974,0.0346,97.3448,0.0377,0.75,0.0,1500.0,0.0,6.2887
1719.5,2026-05-06T04:27:50.925734+00:00,74.1055,-0.0371,97.3807,0.029,0.75,0.0,1500.0,0.0,6.2945
1720.0,2026-05-06T04:27:51.433858+00:00,74.0348,-0.0285,97.4083,0.0223,0.75,0.0,1500.0,0.0,6.2973
1720.5,2026-05-06T04:27:51.924430+00:00,74.1077,-0.0219,97.4295,0.0557,0.75,0.0,1500.0,0.0,6.2987
1721.0,2026-05-06T04:27:52.424754+00:00,74.0365,-0.0805,97.3301,-0.0343,0.75,0.0,1500.0,0.0,6.2994
1721.5,2026-05-06T04:27:52.924399+00:00,74.1091,0.0018,97.2537,-0.065,0.75,0.0,1500.0,0.0,6.2997
1722.0,2026-05-06T04:27:53.424412+00:00,74.2921,0.1286,97.3107,-0.0114,0.75,0.0,1500.0,0.0,6.2998
1722.5,2026-05-06T04:27:53.930052+00:00,74.3055,0.0989,97.3545,-0.0087,0.75,0.0,1500.0,0.0,6.2999
1723.0,2026-05-06T04:27:54.424431+00:00,74.1885,0.076,97.2725,-0.0453,0.75,0.0,1500.0,0.0,6.3
1723.5,2026-05-06T04:27:54.924824+00:00,74.3532,0.122,97.302,-0.0425,0.75,0.0,1500.0,0.0,6.2488
1724.0,2026-05-06T04:27:55.426264+00:00,74.3524,0.0302,97.1164,-0.0712,0.75,0.0,1500.0,0.0,6.2238
1724.5,2026-05-06T04:27:55.924428+00:00,74.3519,0.0232,97.0663,-0.0625,0.75,0.0,1500.0,0.0,6.2116
1725.0,2026-05-06T04:27:56.431919+00:00,74.2242,0.0178,97.051,-0.0866,0.75,0.0,1500.0,0.0,6.2057
1725.5,2026-05-06T04:27:56.927039+00:00,74.126,-0.1136,96.9003,-0.1514,0.75,0.0,1500.0,0.0,6.254
1726.0,2026-05-06T04:27:57.424754+00:00,73.9233,-0.2146,96.9003,-0.1241,0.75,0.0,1500.0,0.0,6.2775
1726.5,2026-05-06T04:27:57.924395+00:00,73.8948,-0.2285,97.0159,-0.0954,0.75,0.0,1500.0,0.0,6.289
1727.0,2026-05-06T04:27:58.424393+00:00,74.1274,-0.0484,96.8965,-0.0733,0.75,0.0,1500.0,0.0,6.2947
1727.5,2026-05-06T04:27:58.930861+00:00,74.0516,-0.0372,96.8048,-0.0872,0.75,0.0,1500.0,0.0,6.2462
1728.0,2026-05-06T04:27:59.424851+00:00,73.9934,0.035,96.8499,-0.067,0.75,0.0,1500.0,0.0,6.2737
1728.5,2026-05-06T04:27:59.924390+00:00,73.8214,-0.0367,96.7921,-0.0361,0.75,0.0,1500.0,0.0,6.2872
1729.0,2026-05-06T04:28:00.424395+00:00,73.6892,-0.2191,96.9328,0.0108,0.75,0.0,1500.0,0.0,6.2937
1729.5,2026-05-06T04:28:00.924423+00:00,73.4603,-0.2957,97.064,0.016,0.75,0.0,1500.0,0.0,6.2969
1730.0,2026-05-06T04:28:01.431056+00:00,73.5389,-0.2273,97.0492,0.0509,0.75,0.0,1500.0,0.0,6.2985
1730.5,2026-05-06T04:28:01.924648+00:00,73.5993,-0.111,97.1535,0.1163,0.75,0.0,1500.0,0.0,6.2993
1731.0,2026-05-06T04:28:02.424941+00:00,73.6457,-0.0217,97.2337,0.1279,0.75,0.0,1500.0,0.0,6.2996
1731.5,2026-05-06T04:28:02.924422+00:00,73.8087,0.1742,97.0639,0.0906,0.75,0.0,1500.0,0.0,6.2998
1732.0,2026-05-06T04:28:03.425438+00:00,73.6794,0.0703,97.1648,0.0774,0.75,0.0,1500.0,0.0,6.2999
1732.5,2026-05-06T04:28:03.934233+00:00,73.8346,0.1176,97.1498,0.0286,0.75,0.0,1500.0,0.0,6.2488
1733.0,2026-05-06T04:28:04.424407+00:00,73.8266,0.0904,97.1152,0.022,0.75,0.0,1500.0,0.0,6.275
1733.5,2026-05-06T04:28:04.924415+00:00,73.8204,0.0059,97.2042,0.0169,0.75,0.0,1500.0,0.0,6.2878
1734.0,2026-05-06T04:28:05.424438+00:00,73.6884,0.0045,97.0644,-0.0564,0.75,0.0,1500.0,0.0,6.294
1734.5,2026-05-06T04:28:05.924408+00:00,73.7143,-0.0602,96.9338,-0.0434,0.75,0.0,1500.0,0.0,6.2971
1735.0,2026-05-06T04:28:06.432877+00:00,73.7341,-0.0462,96.8103,-0.1182,0.75,0.0,1500.0,0.0,6.2986
1735.5,2026-05-06T04:28:06.927279+00:00,73.8766,0.0281,96.7153,-0.1448,0.75,0.0,1500.0,0.0,6.2993
1736.0,2026-05-06T04:28:07.426320+00:00,73.9862,0.1489,96.6655,-0.1499,0.75,0.0,1500.0,0.0,6.2997
1736.5,2026-05-06T04:28:07.925349+00:00,73.9431,0.1144,96.6041,-0.2,0.75,0.0,1500.0,0.0,6.2998
1737.0,2026-05-06T04:28:08.424426+00:00,73.91,0.0879,96.6957,-0.1229,0.75,0.0,1500.0,0.0,6.2999
1737.5,2026-05-06T04:28:08.932826+00:00,73.8845,0.004,96.5347,-0.133,0.75,0.0,1500.0,0.0,6.3
1738.0,2026-05-06T04:28:09.425908+00:00,73.865,-0.0606,96.5267,-0.0945,0.75,0.0,1500.0,0.0,6.3
1738.5,2026-05-06T04:28:09.924429+00:00,73.8499,-0.0466,96.6362,-0.0264,0.75,0.0,1500.0,0.0,6.3
1739.0,2026-05-06T04:28:10.424394+00:00,73.7111,-0.0994,96.3733,-0.0974,0.75,0.0,1500.0,0.0,6.3
1739.5,2026-05-06T04:28:10.925935+00:00,73.7317,-0.0764,96.5183,-0.0286,0.75,0.0,1500.0,0.0,6.3
1740.0,2026-05-06T04:28:11.432983+00:00,73.8748,0.0049,96.5141,-0.0605,0.75,0.0,1500.0,0.0,6.3
1740.5,2026-05-06T04:28:11.924421+00:00,73.9847,0.0674,96.5108,-0.008,0.75,0.0,1500.0,0.0,6.3
1741.0,2026-05-06T04:28:12.424388+00:00,74.0693,0.1791,96.624,0.0324,0.75,0.0,1500.0,0.0,6.3
1741.5,2026-05-06T04:28:12.925176+00:00,74.0069,0.1376,96.6879,0.0172,0.75,0.0,1500.0,0.0,6.3
1742.0,2026-05-06T04:28:13.424386+00:00,73.8318,-0.0215,96.6213,0.0827,0.75,0.0,1500.0,0.0,6.3
1742.5,2026-05-06T04:28:13.932540+00:00,73.8244,-0.0801,96.6858,0.0558,0.75,0.0,1500.0,0.0,6.3
1743.0,2026-05-06T04:28:14.424376+00:00,73.8188,-0.1252,96.7585,0.0815,0.75,0.0,1500.0,0.0,6.3
1743.5,2026-05-06T04:28:14.924470+00:00,73.6872,-0.1599,96.6755,0.0549,0.75,0.0,1500.0,0.0,6.3
1744.0,2026-05-06T04:28:15.424464+00:00,73.7133,-0.0593,96.7506,0.0422,0.75,0.0,1500.0,0.0,6.3
1744.5,2026-05-06T04:28:15.924834+00:00,73.7333,-0.0455,96.4612,-0.0756,0.75,0.0,1500.0,0.0,6.3
1745.0,2026-05-06T04:28:16.430540+00:00,73.876,0.0286,96.7016,0.0268,0.75,0.0,1500.0,0.0,6.3
1745.5,2026-05-06T04:28:16.924836+00:00,73.9857,0.1493,96.7706,0.0283,0.75,0.0,1500.0,0.0,6.3
1746.0,2026-05-06T04:28:17.425057+00:00,74.07,0.1784,96.4766,-0.094,0.75,0.0,1500.0,0.0,6.3
1746.5,2026-05-06T04:28:17.924441+00:00,74.1348,0.2007,96.3432,-0.1108,0.75,0.0,1500.0,0.0,6.3
1747.0,2026-05-06T04:28:18.424410+00:00,73.8028,-0.0366,96.2638,-0.1623,0.75,0.0,1500.0,0.0,6.3
1747.5,2026-05-06T04:28:18.931113+00:00,73.6749,-0.1554,96.3184,-0.0476,0.75,0.0,1500.0,0.0,6.3
1748.0,2026-05-06T04:28:19.424809+00:00,73.5766,-0.2467,96.3605,-0.1137,0.75,0.0,1500.0,0.0,6.3
1748.5,2026-05-06T04:28:19.924409+00:00,73.7555,-0.1896,96.6241,-0.0488,0.75,0.0,1500.0,0.0,6.3
1749.0,2026-05-06T04:28:20.424781+00:00,73.8931,0.0452,96.8268,0.1167,0.75,0.0,1500.0,0.0,6.3
1749.5,2026-05-06T04:28:20.924473+00:00,73.7443,0.0347,96.8669,0.1746,0.75,0.0,1500.0,0.0,6.3
1750.0,2026-05-06T04:28:21.432611+00:00,73.8844,0.1539,96.6663,0.1342,0.75,0.0,1500.0,0.0,6.3
1750.5,2026-05-06T04:28:21.924462+00:00,73.8649,0.0547,96.7435,0.1417,0.75,0.0,1500.0,0.0,6.3
1751.0,2026-05-06T04:28:22.424400+00:00,73.8499,-0.0216,96.7103,0.1166,0.75,0.0,1500.0,0.0,6.3
1751.5,2026-05-06T04:28:22.924408+00:00,73.7111,-0.0166,96.893,0.0896,0.75,0.0,1500.0,0.0,6.3
1752.0,2026-05-06T04:28:23.424954+00:00,73.7316,-0.0764,96.9178,0.0303,0.75,0.0,1500.0,0.0,6.3
1752.5,2026-05-06T04:28:23.932722+00:00,73.8747,0.0049,96.9137,0.0156,0.75,0.0,1500.0,0.0,6.3
1753.0,2026-05-06T04:28:24.425028+00:00,73.8574,0.0038,97.0725,0.1354,0.75,0.0,1500.0,0.0,6.3
1753.5,2026-05-06T04:28:24.925225+00:00,73.7169,0.0029,97.0557,0.1041,0.75,0.0,1500.0,0.0,6.3
1754.0,2026-05-06T04:28:25.424394+00:00,73.7361,0.0022,97.1585,0.1494,0.75,0.0,1500.0,0.0,6.3
1754.5,2026-05-06T04:28:25.924394+00:00,73.6236,-0.1256,97.2375,0.1148,0.75,0.0,1500.0,0.0,6.3
1755.0,2026-05-06T04:28:26.430873+00:00,73.5372,-0.1601,97.0669,0.0497,0.75,0.0,1500.0,0.0,6.3
1755.5,2026-05-06T04:28:26.924378+00:00,73.7253,0.0042,97.2828,0.123,0.75,0.0,1500.0,0.0,6.3
1756.0,2026-05-06T04:28:27.425381+00:00,73.8698,0.0669,97.3331,0.0869,0.75,0.0,1500.0,0.0,6.3
1756.5,2026-05-06T04:28:27.924415+00:00,73.8537,0.115,97.256,0.0668,0.75,0.0,1500.0,0.0,6.3
1757.0,2026-05-06T04:28:28.425899+00:00,73.8412,0.152,97.3125,0.0513,0.75,0.0,1500.0,0.0,6.3
1757.5,2026-05-06T04:28:28.930742+00:00,73.8317,0.0532,97.3559,0.0394,0.75,0.0,1500.0,0.0,6.3
1758.0,2026-05-06T04:28:29.424387+00:00,73.9516,0.0409,97.2504,0.0612,0.75,0.0,1500.0,0.0,6.3
1758.5,2026-05-06T04:28:29.924465+00:00,73.9165,0.0314,97.3081,0.0084,0.75,0.0,1500.0,0.0,6.3
1759.0,2026-05-06T04:28:30.424409+00:00,73.8896,0.0242,97.1211,-0.0706,0.75,0.0,1500.0,0.0,6.3
1759.5,2026-05-06T04:28:30.924435+00:00,73.6143,-0.1087,97.3245,0.0228,0.75,0.0,1500.0,0.0,6.3
1760.0,2026-05-06T04:28:31.430451+00:00,73.7845,-0.0835,97.3651,0.0176,0.75,0.0,1500.0,0.0,6.3
1760.5,2026-05-06T04:28:31.924410+00:00,73.7881,-0.0642,97.2806,-0.0251,0.75,0.0,1500.0,0.0,6.3
1761.0,2026-05-06T04:28:32.424403+00:00,73.7909,-0.0494,97.2157,-0.0116,0.75,0.0,1500.0,0.0,6.3
1761.5,2026-05-06T04:28:32.929123+00:00,73.9203,0.153,97.2815,-0.0089,0.75,0.0,1500.0,0.0,6.3
1762.0,2026-05-06T04:28:33.424422+00:00,73.7652,-0.0097,97.2163,0.0317,0.75,0.0,1500.0,0.0,6.3
1762.5,2026-05-06T04:28:33.930139+00:00,73.5187,-0.1347,97.282,-0.0142,0.75,0.0,1500.0,0.0,6.2488
1763.0,2026-05-06T04:28:34.424419+00:00,73.3292,-0.2308,96.9853,-0.1266,0.75,0.0,1500.0,0.0,6.275
1763.5,2026-05-06T04:28:34.924379+00:00,73.3109,-0.3047,96.9887,-0.0973,0.75,0.0,1500.0,0.0,6.2878
1764.0,2026-05-06T04:28:35.424437+00:00,73.4241,-0.1705,96.8756,-0.1134,0.75,0.0,1500.0,0.0,6.294
1764.5,2026-05-06T04:28:35.924551+00:00,73.5111,-0.0038,96.9044,-0.1257,0.75,0.0,1500.0,0.0,6.2971
1765.0,2026-05-06T04:28:36.430587+00:00,73.7052,0.188,96.9265,-0.0966,0.75,0.0,1500.0,0.0,6.2986
1765.5,2026-05-06T04:28:36.924475+00:00,73.7271,0.2081,97.0361,-0.082,0.75,0.0,1500.0,0.0,6.2481
1766.0,2026-05-06T04:28:37.424375+00:00,73.9985,0.2872,97.0277,0.0141,0.75,0.0,1500.0,0.0,6.2235
1766.5,2026-05-06T04:28:37.924649+00:00,74.0799,0.2844,97.0213,0.0109,0.75,0.0,1500.0,0.0,6.2115
1767.0,2026-05-06T04:28:38.426668+00:00,74.1424,0.2186,97.1321,0.0855,0.75,0.0,1500.0,0.0,6.2056
1767.5,2026-05-06T04:28:38.931420+00:00,74.0631,0.168,96.9627,0.0194,0.75,0.0,1500.0,0.0,6.2027
1768.0,2026-05-06T04:28:39.424461+00:00,74.1295,0.0655,97.087,0.0535,0.75,0.0,1500.0,0.0,6.2525
1768.500246,2026-05-06T04:28:39.924704+00:00,74.0533,-0.0133,97.1826,0.0488,0.75,0.0,1500.0,0.0,6.2768
1769.0,2026-05-06T04:28:40.424395+00:00,74.1219,-0.0102,97.0246,-0.001,0.75,0.0,1500.0,0.0,6.2887
1769.500001,2026-05-06T04:28:40.926122+00:00,74.0474,-0.0079,97.1115,0.0301,0.75,0.0,1500.0,0.0,6.2945
1770.0,2026-05-06T04:28:41.430782+00:00,73.9902,-0.0697,97.0626,-0.0232,0.75,0.0,1500.0,0.0,6.2973
1770.5,2026-05-06T04:28:41.924402+00:00,73.9462,-0.0535,97.1638,0.067,0.75,0.0,1500.0,0.0,6.3499
1771.0,2026-05-06T04:28:42.424581+00:00,73.7851,-0.1684,97.2416,0.0515,0.75,0.0,1500.0,0.0,6.3755
1771.5,2026-05-06T04:28:42.924368+00:00,73.9158,-0.0658,97.07,-0.0375,0.75,0.0,1500.0,0.0,6.3881
1772.0,2026-05-06T04:28:43.424364+00:00,73.6345,-0.1779,96.9381,-0.0288,0.75,0.0,1500.0,0.0,6.3942
1772.5,2026-05-06T04:28:43.930390+00:00,73.9273,-0.0094,96.9524,-0.053,0.75,0.0,1500.0,0.0,6.346
1773.0,2026-05-06T04:28:44.426773+00:00,73.7706,-0.0072,96.732,-0.1102,0.75,0.0,1500.0,0.0,6.3736
1773.5,2026-05-06T04:28:44.924466+00:00,73.6501,-0.1328,96.7709,-0.131,0.75,0.0,1500.0,0.0,6.3359
1774.0,2026-05-06T04:28:45.424932+00:00,73.8121,0.0888,96.9165,-0.1084,0.75,0.0,1500.0,0.0,6.3175
1774.5,2026-05-06T04:28:45.924373+00:00,73.9365,0.0046,96.7275,-0.1141,0.75,0.0,1500.0,0.0,6.3086
1775.0,2026-05-06T04:28:46.431628+00:00,73.905,0.0672,96.8831,-0.0183,0.75,0.0,1500.0,0.0,6.3042
1775.5,2026-05-06T04:28:46.924910+00:00,73.8807,0.1153,96.7945,-0.0526,0.75,0.0,1500.0,0.0,6.302
1776.0,2026-05-06T04:28:47.424385+00:00,73.7347,-0.0387,96.7263,-0.0019,0.75,0.0,1500.0,0.0,6.301
1776.5,2026-05-06T04:28:47.924725+00:00,73.6226,-0.157,96.5351,-0.0786,0.75,0.0,1500.0,0.0,6.3005
1777.0,2026-05-06T04:28:48.424438+00:00,73.6636,-0.1207,96.6427,-0.0913,0.75,0.0,1500.0,0.0,6.3002
1777.5,2026-05-06T04:28:48.928732+00:00,73.5679,-0.1564,96.494,-0.0779,0.75,0.0,1500.0,0.0,6.3001
1778.0,2026-05-06T04:28:49.424555+00:00,73.7489,0.0071,96.7268,-0.0521,0.75,0.0,1500.0,0.0,6.3001
1778.5,2026-05-06T04:28:49.925947+00:00,73.7607,0.0691,96.6743,-0.0401,0.75,0.0,1500.0,0.0,6.3
1779.0,2026-05-06T04:28:50.424393+00:00,73.7698,0.0531,96.3794,-0.1156,0.75,0.0,1500.0,0.0,6.3
1779.5,2026-05-06T04:28:50.924375+00:00,73.6495,0.0408,96.523,-0.004,0.75,0.0,1500.0,0.0,6.3
1780.0,2026-05-06T04:28:51.433035+00:00,73.6843,-0.0323,96.4946,-0.0494,0.75,0.0,1500.0,0.0,6.3
1780.5,2026-05-06T04:28:51.924395+00:00,73.5838,-0.0884,96.4958,0.0006,0.75,0.0,1500.0,0.0,6.3
1781.0,2026-05-06T04:28:52.424412+00:00,73.7611,-0.0043,96.4968,-0.0767,0.75,0.0,1500.0,0.0,6.3
1781.5,2026-05-06T04:28:52.924426+00:00,73.8974,0.1239,96.4975,-0.0589,0.75,0.0,1500.0,0.0,6.3
1782.0,2026-05-06T04:28:53.424461+00:00,74.0021,0.1589,96.5212,0.0473,0.75,0.0,1500.0,0.0,6.3
1782.5,2026-05-06T04:28:53.930413+00:00,73.8281,0.1221,96.632,0.0363,0.75,0.0,1500.0,0.0,6.2488
1783.0,2026-05-06T04:28:54.426038+00:00,73.8216,0.0302,96.7172,0.0742,0.75,0.0,1500.0,0.0,6.275
1783.5,2026-05-06T04:28:54.924394+00:00,73.6893,-0.104,96.6669,0.057,0.75,0.0,1500.0,0.0,6.2878
1784.0,2026-05-06T04:28:55.424393+00:00,73.7149,-0.1436,96.744,0.0824,0.75,0.0,1500.0,0.0,6.294
1784.5,2026-05-06T04:28:55.924953+00:00,73.6073,-0.1104,96.7801,0.0942,0.75,0.0,1500.0,0.0,6.2971
1785.0,2026-05-06T04:28:56.432000+00:00,73.5247,-0.1485,96.6921,0.057,0.75,0.0,1500.0,0.0,6.2986
1785.5,2026-05-06T04:28:56.924400+00:00,73.4611,-0.1141,96.7634,0.0438,0.75,0.0,1500.0,0.0,6.2993
1786.0,2026-05-06T04:28:57.424861+00:00,73.5395,-0.0877,96.9338,0.0722,0.75,0.0,1500.0,0.0,6.2997
1786.5,2026-05-06T04:28:57.924400+00:00,73.7271,0.0599,96.9491,0.0941,0.75,0.0,1500.0,0.0,6.2998
1787.0,2026-05-06T04:28:58.424438+00:00,73.8712,0.1733,97.0535,0.1032,0.75,0.0,1500.0,0.0,6.2999
1787.5,2026-05-06T04:28:58.933707+00:00,73.8547,0.1968,97.0642,0.0947,0.75,0.0,1500.0,0.0,6.2488
1788.0,2026-05-06T04:28:59.425350+00:00,73.7148,0.0876,97.1651,0.1576,0.75,0.0,1500.0,0.0,6.275
1788.5,2026-05-06T04:28:59.924444+00:00,73.8618,0.0674,97.3583,0.1983,0.75,0.0,1500.0,0.0,6.2878
1789.0,2026-05-06T04:29:00.424388+00:00,73.7202,-0.0755,97.2754,0.1138,0.75,0.0,1500.0,0.0,6.294
1789.5,2026-05-06T04:29:00.925411+00:00,73.7387,-0.058,97.2117,0.0875,0.75,0.0,1500.0,0.0,6.2971
1790.0,2026-05-06T04:29:01.432941+00:00,73.7529,0.019,97.2784,0.075,0.75,0.0,1500.0,0.0,6.2986
1790.5,2026-05-06T04:29:01.924430+00:00,73.7638,-0.049,97.0983,0.0113,0.75,0.0,1500.0,0.0,6.2481
1791.0,2026-05-06T04:29:02.424450+00:00,73.7722,0.026,97.0755,-0.0299,0.75,0.0,1500.0,0.0,6.2235
1791.5,2026-05-06T04:29:02.925967+00:00,74.0331,0.1472,96.8035,-0.1849,0.75,0.0,1500.0,0.0,6.2115
1792.0,2026-05-06T04:29:03.425046+00:00,73.7247,-0.0141,96.7101,-0.1884,0.75,0.0,1500.0,0.0,6.2056
1792.5,2026-05-06T04:29:03.930596+00:00,73.7421,-0.0108,96.8929,-0.1062,0.75,0.0,1500.0,0.0,6.2027
1793.0,2026-05-06T04:29:04.425382+00:00,73.8828,0.0553,96.9177,-0.1202,0.75,0.0,1500.0,0.0,6.2525
1793.5,2026-05-06T04:29:04.924470+00:00,73.7363,-0.1484,96.7285,-0.1233,0.75,0.0,1500.0,0.0,6.2768
1794.0,2026-05-06T04:29:05.424402+00:00,73.7511,0.0132,96.7913,-0.0947,0.75,0.0,1500.0,0.0,6.2887
1794.5,2026-05-06T04:29:05.924453+00:00,73.8897,0.0738,96.9322,0.0429,0.75,0.0,1500.0,0.0,6.2945
1795.0,2026-05-06T04:29:06.430861+00:00,73.9962,0.0567,96.8322,0.0407,0.75,0.0,1500.0,0.0,6.2973
1795.5,2026-05-06T04:29:06.924404+00:00,73.8235,0.0436,96.7553,-0.0459,0.75,0.0,1500.0,0.0,6.2987
1796.0,2026-05-06T04:29:07.424441+00:00,73.8181,0.0335,96.9276,0.0033,0.75,0.0,1500.0,0.0,6.2994
1796.5,2026-05-06T04:29:07.924419+00:00,73.8139,-0.0379,96.6898,-0.0129,0.75,0.0,1500.0,0.0,6.2997
1797.0,2026-05-06T04:29:08.425775+00:00,73.8107,-0.0928,96.6459,-0.0485,0.75,0.0,1500.0,0.0,6.2998
1797.5,2026-05-06T04:29:08.930327+00:00,73.5537,-0.1349,96.4964,-0.1452,0.75,0.0,1500.0,0.0,6.2999
1798.0,2026-05-06T04:29:09.424376+00:00,73.6107,-0.1037,96.5204,-0.1039,0.75,0.0,1500.0,0.0,6.3
1798.5,2026-05-06T04:29:09.924381+00:00,73.5272,-0.1433,96.5157,-0.0799,0.75,0.0,1500.0,0.0,6.3
1799.0,2026-05-06T04:29:10.424371+00:00,73.4631,-0.1738,96.3964,-0.1771,0.75,0.0,1500.0,0.0,6.3
1799.5,2026-05-06T04:29:10.924406+00:00,73.6683,0.0573,96.3972,-0.0975,0.75,0.0,1500.0,0.0,6.3
